latitude,longitude,depth,mag,nst,gap,dmin,rms,net,horizontalError,depthError,magError,magNst
50.3159,158.8756,10.0,4.9,195,117.0,2.715,0.61,us,8.62,1.866,0.034,278
51.6098,159.5587,23.56,5.0,39,122.0,1.522,0.66,us,10.06,6.075,0.077,54
51.1954,157.6095,78.998,4.3,35,138.0,1.917,0.6,us,12.31,8.61,0.086,38
27.2004,103.5081,10.0,4.9,125,51.0,2.054,0.62,us,7.16,1.87,0.051,120
9.3115,94.1776,10.0,4.4,31,118.0,5.406,0.65,us,12.39,1.903,0.117,21
-60.227,-61.8465,10.0,4.7,24,136.0,4.677,0.46,us,10.88,1.933,0.118,22
-3.0486,127.255,61.988,4.6,42,31.0,4.552,0.87,us,7.12,7.236,0.085,42
20.2387,96.2024,10.0,4.5,38,151.0,1.541,0.84,us,3.46,1.868,0.106,26
49.7629,159.5459,10.0,4.3,21,138.0,3.313,0.51,us,12.32,1.926,0.153,12
52.1616,160.6216,21.093,4.6,48,75.0,1.48,0.74,us,6.98,4.185,0.091,36
33.7802,-38.1895,10.0,4.6,25,120.0,37.712,0.68,us,15.83,1.927,0.125,19
51.5714,160.3617,10.0,4.4,26,220.0,1.794,0.51,us,9.97,1.962,0.143,14
52.3932,160.147,55.118,4.9,65,143.0,1.108,0.86,us,7.87,11.465,0.056,100
39.7114,143.3391,28.699,4.3,35,157.0,2.047,0.49,us,8.53,5.289,0.122,19
-5.5489,102.247,10.0,4.9,40,93.0,1.376,0.64,us,7.04,1.909,0.096,35
51.8412,159.893,35.0,4.6,32,137.0,1.408,1.03,us,11.95,1.939,0.098,31
-4.3094,136.2139,10.0,4.4,29,119.0,2.29,0.8,us,7.75,1.895,0.134,16
52.8221,160.7552,10.0,4.6,100,119.0,1.29,0.68,us,8.59,1.883,0.057,91
40.957,143.0467,44.77,4.0,23,142.0,1.06,0.48,us,7.06,8.154,0.138,14
-7.8895,117.6906,12.248,4.2,19,80.0,0.936,0.77,us,6.87,4.891,0.167,10
-17.5506,-174.9229,241.073,4.3,25,119.0,4.717,0.53,us,12.01,8.727,0.125,18
51.6429,159.3992,10.0,4.3,33,127.0,1.457,0.65,us,9.7,1.641,0.087,40
-60.1812,-47.4192,10.0,4.6,23,81.0,8.365,0.76,us,9.64,1.907,0.133,21
50.9968,159.2593,10.0,4.5,41,123.0,2.064,0.87,us,10.47,1.924,0.088,38
24.309,124.949,35.0,4.2,21,232.0,0.655,0.91,us,12.98,1.999,0.159,11
-2.9844,130.4213,10.0,4.4,29,50.0,1.612,0.38,us,5.81,1.883,0.12,20
50.7947,158.8605,18.599,4.9,97,130.0,2.236,0.66,us,8.89,4.737,0.04,202
-7.6841,127.8293,116.185,4.6,41,83.0,3.758,0.65,us,6.99,7.674,0.086,41
9.9483,125.767,63.711,4.4,34,120.0,2.866,0.65,us,13.5,4.398,0.107,25
51.1383,159.5376,10.0,4.3,29,138.0,1.966,0.45,us,12.07,1.939,0.126,18
51.4509,159.4171,24.648,4.7,41,128.0,1.644,0.92,us,10.98,5.882,0.096,33
52.1572,160.3757,27.57,4.3,26,178.0,1.364,1.22,us,12.05,7.742,0.111,13
-24.2968,-179.9884,533.552,4.5,124,77.0,5.261,1.16,us,10.97,6.126,0.049,132
29.2721,129.5069,10.0,4.5,43,111.0,2.375,0.99,us,7.16,1.914,0.104,27
-3.4284,143.6869,10.0,4.1,21,92.0,3.115,0.51,us,11.71,1.92,0.145,14
-23.4049,178.8971,565.388,5.1,75,86.0,5.687,0.68,us,11.93,8.69,0.038,228
-3.3888,143.6484,10.0,4.6,17,75.0,3.067,0.37,us,10.67,1.899,0.137,16
7.9787,126.6291,65.066,5.0,77,81.0,1.378,0.8,us,9.79,7.117,0.047,143
52.5445,160.4283,35.0,4.5,30,118.0,1.182,0.8,us,9.49,1.93,0.118,21
51.4402,159.5518,21.448,4.9,66,126.0,1.68,0.57,us,9.03,5.759,0.076,55
7.0273,-46.2267,10.0,4.9,101,113.0,6.66,0.7,us,10.86,1.855,0.054,109
64.5477,-17.5269,10.0,4.4,55,133.0,1.648,0.65,us,8.78,1.912,0.085,40
-24.1662,-66.8788,178.818,4.5,87,70.0,1.698,1.2,us,9.19,7.992,0.055,96
51.5536,159.7544,25.666,4.6,52,127.0,1.621,1.1,us,9.65,5.654,0.074,54
26.3752,124.7013,10.0,4.3,20,86.0,2.032,1.05,us,7.67,1.935,0.238,5
-15.2696,-173.2225,10.0,4.3,15,66.0,1.943,1.0,us,8.04,1.868,0.217,7
-28.9838,-112.3195,10.0,4.6,23,153.0,3.222,0.61,us,7.96,1.923,0.129,18
60.5489,-139.9651,5.0,4.4,43,72.0,0.476,1.17,us,2.08,1.926,0.203,8
51.0869,159.0487,10.0,4.2,29,219.0,1.955,0.72,us,12.97,1.974,0.118,20
53.0295,159.9195,55.946,4.3,44,133.0,0.767,0.47,us,11.25,6.53,0.099,29
9.169,126.2239,67.09,4.8,67,92.0,2.181,0.84,us,10.95,6.746,0.049,127
52.1778,157.7694,96.387,4.6,18,154.0,0.933,1.37,us,11.1,9.086,0.136,16
12.1824,-86.8128,123.057,4.4,86,135.0,0.553,0.56,us,8.36,6.441,0.057,88
48.3624,154.7331,50.021,4.3,31,162.0,5.111,0.66,us,12.47,8.833,0.116,21
52.7715,161.0444,10.0,4.8,55,120.0,1.472,1.38,us,9.54,1.885,0.052,115
42.1183,81.305,10.0,4.6,87,98.0,1.805,0.6,us,6.47,1.89,0.064,72
49.2195,155.9881,31.738,4.6,137,136.0,4.04,0.65,us,11.29,5.758,0.047,132
-31.3288,-70.8823,96.919,4.3,26,114.0,0.161,0.65,us,3.95,5.496,0.307,3
-30.6072,-178.0686,41.31,5.2,68,69.0,1.363,0.83,us,10.02,5.916,0.071,65
-6.096,142.6566,10.0,4.4,21,77.0,3.234,0.73,us,7.91,1.937,0.155,12
-21.7903,-68.5845,120.568,4.6,56,43.0,0.611,1.0,us,5.31,4.289,0.049,126
50.419,159.8194,10.0,4.5,52,170.0,2.708,0.63,us,9.7,1.93,0.054,103
52.8085,160.8139,10.0,4.3,44,119.0,1.328,0.92,us,9.91,1.898,0.093,33
-11.9603,166.1371,70.99,5.0,83,115.0,3.617,0.99,us,10.43,7.066,0.067,71
-23.1571,-177.567,220.922,4.3,76,122.0,6.771,0.51,us,12.41,7.759,0.058,93
48.2169,154.44,49.918,4.1,22,136.0,5.317,0.61,us,10.83,9.2,0.14,14
51.8027,160.2414,10.0,4.5,45,155.0,1.564,0.95,us,9.96,1.94,0.071,59
39.4811,143.4805,10.0,4.9,35,133.0,2.267,0.82,us,10.21,1.907,0.106,28
48.102,156.8116,10.0,4.5,17,149.0,5.044,0.7,us,8.93,1.892,0.144,16
51.0992,158.5497,35.0,4.2,24,128.0,1.928,1.16,us,9.53,1.95,0.146,14
51.4224,159.5498,35.0,4.4,13,212.0,1.696,0.67,us,11.39,2.0,0.162,11
-21.4352,-178.4982,474.219,4.4,36,170.0,4.904,0.32,us,16.06,11.385,0.092,34
-32.675,-178.5886,35.0,4.2,9,220.0,6.937,0.47,us,11.89,2.012,0.214,7
14.0308,-91.8454,41.85,4.7,106,179.0,1.143,0.85,us,10.34,10.862,0.059,88
70.9686,-6.7652,10.0,4.2,83,47.0,0.571,0.61,us,6.14,1.9,0.07,57
34.8172,70.8104,8.988,5.3,87,47.0,1.414,0.64,us,8.52,3.76,0.036,264
40.769,143.1019,39.877,4.1,29,142.0,1.245,1.0,us,6.48,6.801,0.134,15
9.7295,126.1711,57.815,4.8,60,78.0,2.707,0.67,us,10.22,5.946,0.067,70
-22.1056,-68.9843,102.419,4.7,52,48.0,0.39,1.05,us,4.71,4.989,0.05,122
54.4994,-160.164,39.79,3.8,37,186.0,0.471,1.08,us,5.25,9.205,0.18,8
52.9529,161.2282,9.54,4.5,68,114.0,1.56,0.83,us,8.46,1.948,0.07,59
-58.7745,-25.6748,71.668,5.3,77,30.0,7.48,0.62,us,10.95,5.211,0.057,103
49.4212,156.6202,10.0,4.7,66,122.0,3.754,1.15,us,7.59,1.806,0.074,55
-3.2992,129.0835,23.328,4.1,29,61.0,1.465,0.67,us,4.27,5.454,0.12,22
52.3235,160.747,10.0,5.0,145,108.0,1.457,0.64,us,7.35,1.85,0.034,278
-22.3438,171.5008,126.548,4.6,27,114.0,3.759,0.68,us,10.1,8.509,0.125,20
50.3058,159.6425,10.0,4.1,40,135.0,2.791,0.51,us,10.97,1.88,0.101,27
51.5579,159.6469,24.32,4.6,38,137.0,1.96,1.33,us,9.91,5.605,0.076,52
-18.3541,-71.4343,56.74,4.3,23,157.0,1.038,0.69,us,8.6,8.931,0.132,16
-55.2268,-27.8574,10.0,4.4,11,123.0,5.087,0.66,us,8.55,1.942,0.17,10
9.0513,126.2212,10.0,4.3,19,133.0,2.069,0.61,us,10.54,1.916,0.147,13
4.3699,-73.2403,10.0,4.5,59,62.0,1.176,0.7,us,7.65,1.898,0.087,39
52.4876,160.7322,27.944,4.4,19,121.0,1.375,1.11,us,11.14,6.377,0.161,11
54.1583,-161.3362,35.0,3.3,18,205.0,1.222,0.78,us,5.36,1.982,0.183,7
29.314,130.5112,38.92,4.3,32,128.0,2.189,0.99,us,8.3,3.609,0.119,20
42.6752,142.4844,127.539,4.3,37,100.0,0.827,0.59,us,7.38,8.157,0.107,25
54.9209,-161.064,52.377,3.7,32,160.0,0.515,0.48,us,3.58,9.792,0.251,4
-41.2714,-91.1289,10.0,4.5,47,140.0,15.067,0.53,us,13.83,1.901,0.082,44
51.1575,-177.6196,47.552,3.9,38,225.0,0.624,0.6,us,5.97,13.638,0.148,12
-4.688,-12.4335,10.0,5.1,76,48.0,3.749,0.77,us,10.59,1.864,0.06,89
-1.7712,128.6834,10.0,4.4,27,97.0,2.728,0.66,us,8.5,1.931,0.13,17
52.9096,160.3364,35.0,4.4,50,165.0,1.026,0.97,us,9.74,1.956,0.086,39
51.2463,157.8629,58.287,6.0,121,72.0,1.845,0.96,us,11.18,6.932,0.023,692
-19.9065,-177.9182,550.22,4.4,46,122.0,4.275,0.57,us,14.72,9.368,0.084,46
51.3112,160.9169,10.0,4.2,32,130.0,2.211,0.94,us,8.21,1.83,0.11,23
52.3824,160.1635,42.42,4.8,73,122.0,1.123,0.86,us,7.81,5.009,0.047,141
53.1006,161.067,35.963,4.4,21,171.0,1.461,0.94,us,12.93,10.232,0.155,12
-4.6533,125.4787,454.25,4.4,65,39.0,2.739,0.9,us,10.5,8.882,0.086,39
51.9521,159.1268,76.578,4.3,33,137.0,1.112,0.71,us,11.46,8.086,0.109,24
34.3547,104.6723,10.0,4.2,25,96.0,5.761,0.62,us,14.14,1.926,0.132,16
52.8614,160.8778,29.485,4.6,36,119.0,1.358,1.02,us,11.21,6.258,0.109,25
52.8983,160.6814,10.0,4.3,65,172.0,1.235,0.57,us,11.54,1.945,0.068,61
-30.4772,-178.3959,10.0,4.3,12,160.0,1.293,1.03,us,10.97,1.927,0.201,7
52.0221,160.4813,35.0,4.2,24,135.0,1.503,0.6,us,11.62,1.943,0.141,14
47.0041,153.0548,46.818,4.6,45,135.0,7.043,1.23,us,11.41,5.91,0.051,113
-2.1892,139.0948,10.0,4.4,28,75.0,1.063,1.18,us,5.82,1.873,0.11,24
52.129,161.5997,10.0,4.1,19,125.0,2.011,0.36,us,10.75,1.922,0.135,15
15.5984,145.8343,216.491,4.3,14,160.0,0.358,0.77,us,14.32,6.186,0.238,5
-15.4349,67.0469,10.0,4.4,30,60.0,5.545,0.78,us,12.34,1.866,0.115,22
-17.5865,-174.5092,76.461,4.9,68,58.0,4.501,0.85,us,10.28,5.91,0.034,276
73.5227,8.2869,10.0,4.2,23,95.0,5.076,1.02,us,7.33,1.91,0.167,10
18.3838,145.83,188.605,4.3,21,152.0,3.126,0.85,us,13.94,8.65,0.129,17
-17.732,-178.6941,573.74,4.3,97,106.0,2.232,0.67,us,11.47,8.199,0.057,86
-26.3784,-177.9211,215.374,4.7,48,121.0,33.437,0.8,us,13.46,7.253,0.041,180
52.2152,161.0027,10.0,4.4,26,180.0,1.647,1.03,us,11.65,1.928,0.123,19
30.5334,103.2064,10.0,4.9,64,39.0,5.423,0.78,us,4.93,1.886,0.071,62
39.8128,143.098,41.582,4.6,80,122.0,1.836,0.55,us,8.64,7.118,0.067,66
-55.1495,-126.6904,10.0,5.1,119,63.0,30.658,0.55,us,11.04,1.775,0.052,120
52.578,160.2078,35.0,4.5,23,149.0,1.046,0.69,us,7.91,1.878,0.157,12
13.9177,144.7678,186.101,4.3,26,118.0,0.341,0.49,us,11.71,4.611,0.116,21
34.1184,137.7707,10.0,4.8,69,65.0,1.372,0.61,us,4.73,1.838,0.056,100
-6.2642,148.7998,53.627,4.2,20,118.0,3.518,0.63,us,11.08,7.438,0.132,16
50.9944,160.5997,10.0,4.8,86,165.0,2.362,0.75,us,9.92,1.911,0.03,351
-18.0067,-178.3713,596.914,4.1,24,121.0,2.64,0.86,us,13.54,9.629,0.139,14
52.478,160.8769,10.0,4.2,24,122.0,1.46,1.03,us,8.17,1.932,0.136,15
10.6718,57.2026,10.0,4.7,45,61.0,13.09,1.35,us,11.55,1.826,0.091,37
21.0319,-108.889,10.0,4.1,50,224.0,4.999,1.1,us,11.13,1.994,0.056,88
51.7614,158.3786,65.518,4.7,112,108.0,1.275,0.49,us,8.11,6.573,0.028,384
34.7254,70.6555,10.0,4.8,71,99.0,1.272,0.69,us,9.16,1.854,0.043,165
-31.0885,-178.2767,43.562,4.7,17,170.0,1.846,0.8,us,8.0,8.38,0.143,15
52.4,160.6678,10.0,4.0,16,185.0,1.377,0.83,us,9.48,1.841,0.172,12
52.1893,160.4547,10.0,4.5,38,161.0,1.382,0.94,us,9.56,1.949,0.099,30
16.5525,-59.4467,10.0,4.2,18,270.0,1.572,0.47,us,10.26,2.006,0.264,4
52.0733,-169.3973,10.0,4.4,62,141.0,0.742,0.84,us,3.99,1.863,0.08,45
51.5046,160.7771,10.0,4.2,16,138.0,2.006,0.66,us,13.65,1.94,0.167,10
-3.0501,130.262,26.245,4.6,46,47.0,1.505,0.83,us,4.99,5.004,0.084,42
51.2679,179.5187,49.643,5.0,97,135.0,0.175,0.9,us,5.54,6.596,0.025,519
11.1509,124.2865,10.047,4.4,32,127.0,4.251,0.96,us,11.94,4.832,0.117,21
-15.888,-75.4768,10.0,4.7,43,139.0,4.098,1.03,us,10.2,1.899,0.075,54
52.2517,160.6461,31.476,4.3,18,166.0,1.441,1.26,us,14.48,8.417,0.147,13
41.2729,142.3925,53.775,4.6,85,133.0,0.937,0.56,us,5.9,7.048,0.069,63
73.2777,6.7656,10.0,4.3,37,94.0,5.458,0.71,us,7.73,1.906,0.126,20
-20.4833,-178.0259,529.987,4.7,59,99.0,4.6,0.7,us,11.02,8.529,0.078,50
51.4392,159.2978,10.0,4.1,35,167.0,1.636,0.51,us,11.98,1.956,0.102,26
39.6033,143.1196,29.008,4.3,29,143.0,1.97,0.37,us,8.66,6.898,0.133,17
-57.1605,-67.1881,10.0,4.7,30,135.0,16.585,0.57,us,15.85,1.9,0.123,20
39.3193,143.2721,10.0,4.5,56,135.0,2.242,0.77,us,5.75,1.692,0.088,38
-17.6371,-175.1886,272.933,4.3,36,73.0,4.949,0.49,us,12.3,8.458,0.102,27
7.1737,127.2136,10.0,4.7,64,55.0,1.625,0.99,us,6.53,1.858,0.069,65
51.2873,174.8322,10.0,4.5,62,207.0,1.514,0.92,us,8.35,1.953,0.044,151
-37.3862,52.4585,10.0,4.3,31,81.0,9.048,0.39,us,12.51,1.881,0.113,23
9.9307,-70.7656,20.305,4.5,95,79.0,1.047,0.69,us,5.73,4.981,0.048,130
52.911,161.0062,33.15,4.2,23,189.0,1.43,1.22,us,12.74,9.639,0.132,16
50.3895,158.6931,10.0,4.5,47,132.0,2.638,0.66,us,9.75,1.905,0.083,42
-19.7872,-175.8542,260.005,4.4,15,138.0,5.608,1.27,us,9.66,16.106,0.162,11
7.2329,127.01,10.829,4.2,33,63.0,1.429,0.76,us,7.92,4.863,0.11,23
9.1818,93.7574,10.0,4.6,72,94.0,5.043,0.66,us,8.53,1.88,0.076,52
-6.6156,105.2585,62.384,4.9,90,66.0,1.449,0.81,us,7.09,5.876,0.062,81
42.3068,144.1851,49.069,4.2,45,130.0,0.818,0.78,us,8.21,8.446,0.087,37
-0.3219,132.261,10.0,4.3,25,59.0,1.137,0.96,us,6.32,1.892,0.117,21
-31.7387,-179.8403,217.425,4.0,16,89.0,2.973,0.83,us,13.29,5.391,0.138,14
-47.7996,115.9578,10.0,4.6,37,128.0,14.887,0.4,us,13.08,1.914,0.095,33
-40.6224,173.7016,124.27,4.3,39,63.0,0.642,0.69,us,4.76,6.287,0.16,11
38.1856,20.3753,54.417,4.2,38,116.0,1.588,1.2,us,5.37,11.06,0.176,9
34.7095,32.5226,10.0,4.6,75,122.0,0.711,1.08,us,5.42,1.889,0.069,63
-11.4393,165.5204,10.0,5.0,31,137.0,4.307,0.79,us,10.23,1.909,0.107,28
85.2524,96.4465,10.0,4.3,40,75.0,11.217,0.5,us,10.68,1.927,0.097,30
-59.9755,-61.6371,10.0,5.0,23,124.0,4.945,1.11,us,10.09,1.904,0.129,19
52.1872,159.2574,59.053,4.5,59,162.0,0.916,0.49,us,9.41,7.225,0.061,80
53.05,161.502,10.0,4.6,56,104.0,1.722,0.92,us,9.34,1.864,0.042,172
-15.8003,67.2244,10.0,4.7,54,49.0,40.689,0.4,us,12.44,1.865,0.084,43
39.2824,71.8998,10.0,4.1,16,113.0,0.21,0.97,us,3.73,1.918,0.158,11
-57.2423,-67.0049,10.0,4.7,39,144.0,2.342,0.57,us,15.61,1.94,0.096,33
15.6978,-96.7119,10.0,4.3,35,168.0,0.514,0.99,us,6.91,1.92,0.073,53
-20.5024,-177.8381,532.426,4.7,81,69.0,7.582,0.58,us,12.6,7.902,0.061,86
52.8219,160.0439,69.386,4.3,18,137.0,0.868,0.61,us,11.58,8.49,0.188,8
-57.0537,-68.6834,10.0,4.4,14,154.0,2.207,0.58,us,10.49,1.873,0.19,8
33.1373,138.154,306.228,4.2,104,85.0,1.393,0.61,us,9.43,6.904,0.057,85
50.7737,159.8055,10.0,4.5,28,132.0,2.364,0.79,us,5.84,1.847,0.135,16
51.22,159.3297,10.0,4.8,75,134.0,1.854,0.84,us,10.44,1.895,0.061,83
41.2916,142.346,51.965,5.0,124,123.0,0.944,0.47,us,4.64,6.017,0.053,113
-6.2303,151.7778,10.0,4.9,37,154.0,1.927,0.68,us,8.74,1.897,0.101,31
-52.099,14.4853,10.0,5.1,71,65.0,21.099,0.5,us,11.95,1.796,0.087,47
-23.5226,-179.7744,558.917,4.7,103,74.0,5.934,0.75,us,12.51,5.869,0.038,210
36.5653,70.7257,154.345,4.4,66,74.0,2.237,0.91,us,6.49,7.052,0.081,44
10.926,124.133,10.0,4.9,93,79.0,4.089,0.63,us,6.98,1.783,0.054,109
52.1484,160.2623,35.0,4.7,16,164.0,1.835,0.77,us,12.18,1.98,0.195,8
-60.0705,-62.4539,10.0,5.4,68,91.0,4.779,0.83,us,10.32,1.777,0.069,72
-55.2037,-27.9048,10.0,4.3,17,197.0,5.058,0.7,us,15.72,1.956,0.154,12
49.7391,157.562,10.0,4.5,88,134.0,3.359,0.72,us,9.91,1.881,0.055,96
29.3171,129.4347,10.0,4.4,38,86.0,2.355,0.78,us,6.93,1.884,0.11,24
-6.6341,148.3083,61.786,5.2,64,75.0,2.978,0.54,us,7.71,7.393,0.078,54
39.5444,143.5849,31.799,4.7,92,134.0,2.297,0.54,us,7.84,5.577,0.068,66
50.2231,158.9493,10.0,4.7,73,128.0,2.81,0.9,us,8.86,1.853,0.038,210
-6.7174,102.0604,10.0,4.2,31,77.0,2.505,0.54,us,6.5,1.901,0.121,19
52.6653,159.1614,78.282,4.3,28,214.0,0.474,0.95,us,8.55,5.983,0.116,22
50.2829,157.2626,59.736,5.0,194,121.0,2.842,0.62,us,9.74,6.248,0.024,560
52.3144,159.5397,35.0,5.7,39,58.0,0.893,0.98,us,9.24,1.89,0.12,25
3.3383,-82.799,10.0,4.4,19,166.0,4.441,1.15,us,9.89,1.96,0.162,11
41.2125,142.9725,45.06,4.8,70,134.0,0.814,0.79,us,6.58,3.629,0.05,125
8.9885,126.2206,69.615,4.8,62,107.0,2.01,0.76,us,11.11,7.166,0.045,152
5.1722,126.3259,26.556,4.0,14,152.0,0.95,0.65,us,6.17,5.611,0.183,8
54.5569,-160.018,32.193,3.6,118,186.0,0.371,0.89,us,3.11,3.595,0.224,5
2.7147,-31.2289,10.0,4.5,27,80.0,9.683,0.85,us,11.08,1.86,0.118,21
39.1936,28.0382,10.0,4.1,19,71.0,0.889,0.88,us,3.91,1.921,0.234,5
16.3136,40.8407,10.0,4.4,28,105.0,3.838,0.85,us,10.84,1.862,0.117,21
28.5449,83.9408,10.0,4.3,23,197.0,6.392,0.45,us,8.26,1.956,0.125,19
-22.7414,-12.7919,10.0,4.7,27,68.0,14.801,0.41,us,13.2,1.892,0.113,24
49.9132,155.8791,83.59,4.4,35,138.0,3.395,0.58,us,12.3,8.402,0.099,29
36.532,70.3696,194.836,4.0,34,89.0,2.251,0.42,us,4.0,10.51,0.172,10
9.3664,94.0616,10.0,4.9,144,38.0,5.009,0.74,us,6.97,1.54,0.046,151
2.6308,127.2557,84.922,4.3,40,97.0,1.85,0.74,us,9.96,8.768,0.094,32
-30.3532,-69.1484,112.997,4.3,30,61.0,0.9,0.69,us,4.88,5.93,0.237,5
12.9859,40.8964,10.0,4.5,30,110.0,2.393,0.4,us,7.74,1.912,0.118,21
-17.9161,-178.2736,609.741,4.3,63,100.0,2.668,0.93,us,15.2,10.902,0.072,55
0.8882,-29.6473,10.0,4.5,16,98.0,9.137,0.87,us,12.55,1.919,0.15,13
-7.3346,-111.1817,10.0,4.5,61,122.0,37.165,0.49,us,7.4,1.9,0.067,64
14.507,53.6755,10.0,4.4,37,124.0,21.736,0.59,us,14.08,1.907,0.099,29
52.7333,160.9824,10.0,5.7,101,100.0,1.443,0.76,us,8.81,1.858,0.038,250
52.2027,160.2982,33.387,4.9,105,118.0,1.298,0.73,us,7.34,2.908,0.05,124
-25.3265,-175.7686,10.0,4.3,14,321.0,34.323,0.86,us,31.67,2.028,0.168,12
5.0401,126.6349,9.254,4.4,37,72.0,1.192,0.77,us,6.37,4.161,0.098,35
-7.2592,129.3381,154.863,4.5,22,82.0,2.777,0.79,us,13.47,15.109,0.14,15
-6.4454,130.7902,89.641,4.9,78,49.0,3.793,0.74,us,7.66,7.31,0.062,82
-23.3029,-176.97,151.949,4.5,26,165.0,7.233,0.7,us,13.86,8.08,0.124,20
52.4484,160.8817,10.0,4.4,21,207.0,1.474,0.51,us,7.91,2.002,0.139,15
35.8383,111.3104,10.0,4.6,51,98.0,5.672,0.71,us,9.67,1.908,0.069,63
2.9239,128.3278,61.183,4.6,32,72.0,3.363,0.85,us,8.28,9.543,0.107,26
51.4083,160.7803,10.0,4.1,39,120.0,2.082,0.88,us,9.63,1.895,0.103,26
51.3044,159.6645,10.0,4.6,46,86.0,1.832,0.96,us,8.23,1.873,0.084,43
52.6118,161.0468,10.0,4.6,79,121.0,1.512,1.0,us,9.35,1.884,0.044,152
50.2314,88.1222,10.0,5.0,93,46.0,3.508,0.78,us,7.85,1.833,0.03,366
-4.4241,144.3302,133.215,5.1,176,18.0,3.844,0.54,us,6.25,4.679,0.048,143
-55.82,-27.8286,72.921,4.7,19,195.0,5.211,1.02,us,8.52,10.056,0.123,20
-26.6063,-114.6182,10.0,4.6,20,176.0,38.883,0.52,us,12.3,1.88,0.132,17
-59.2511,-26.1519,123.825,4.9,69,65.0,7.548,0.64,us,11.3,5.822,0.076,58
-14.6636,167.3723,239.041,4.8,103,60.0,6.552,0.46,us,6.67,7.384,0.055,101
37.2817,-24.4706,10.0,4.6,71,56.0,0.966,0.83,us,7.78,1.857,0.051,117
54.4191,-160.1152,35.0,3.7,31,198.0,0.514,0.78,us,4.69,1.985,0.178,8
51.4621,159.7297,26.352,4.5,36,126.0,1.699,0.85,us,9.93,5.941,0.106,26
52.8924,161.2734,10.0,4.8,105,119.0,1.592,0.81,us,8.68,1.875,0.034,270
29.3499,129.5296,10.0,4.7,128,82.0,2.295,0.56,us,5.77,1.816,0.04,190
52.1927,159.1702,47.059,4.3,19,159.0,0.89,0.43,us,12.14,9.009,0.133,16
44.3837,149.5287,35.0,5.1,82,98.0,4.989,0.85,us,10.0,1.861,0.075,57
-7.455,128.3425,134.732,4.3,14,107.0,5.952,0.71,us,13.07,4.298,0.187,8
52.0848,160.4567,10.0,4.9,76,122.0,1.449,1.08,us,8.38,1.878,0.037,230
-15.0574,-178.5268,420.677,4.4,17,144.0,2.468,0.69,us,11.66,9.057,0.139,15
7.2614,126.9935,77.33,4.9,51,115.0,1.416,0.78,us,9.66,7.455,0.08,49
1.6383,99.5231,167.031,4.2,24,122.0,1.207,0.58,us,9.58,7.856,0.132,16
52.6281,160.6657,35.978,4.2,17,137.0,1.286,0.74,us,10.58,8.644,0.166,10
6.7096,-72.9637,169.66,4.4,40,125.0,2.292,0.56,us,11.75,8.718,0.095,35
39.1979,28.2599,10.0,4.4,56,37.0,1.061,0.71,us,4.16,1.904,0.127,18
8.9268,93.8553,10.0,4.7,47,77.0,4.786,0.62,us,10.05,1.876,0.085,42
6.1102,127.2399,35.0,5.0,55,51.0,1.905,1.43,us,6.49,1.876,0.06,89
51.6325,159.969,25.971,4.5,35,127.0,2.03,0.8,us,9.91,6.015,0.099,30
-5.8083,154.75,171.592,4.1,21,204.0,3.036,0.77,us,17.32,16.754,0.135,15
-21.7679,-176.6199,199.014,4.2,19,167.0,6.417,0.81,us,14.62,7.568,0.136,15
-59.7567,-26.8249,37.676,5.1,47,78.0,15.325,0.59,us,9.98,4.894,0.067,72
52.7995,160.6735,35.0,4.4,61,119.0,1.246,0.76,us,10.32,1.927,0.067,65
-27.9645,-66.6791,153.343,4.3,38,41.0,3.316,0.46,us,8.55,7.592,0.101,28
53.12,161.0523,37.891,4.2,49,138.0,1.453,0.85,us,6.14,7.57,0.092,35
-21.0992,-68.4202,118.003,4.2,13,83.0,0.998,0.72,us,6.88,9.569,0.176,9
-0.0589,124.2246,99.049,4.3,20,65.0,1.615,1.01,us,4.91,12.576,0.161,11
51.1389,159.7792,10.0,4.3,17,129.0,2.012,1.17,us,9.28,1.933,0.168,10
53.1348,161.5712,10.0,4.4,31,153.0,1.766,0.63,us,10.35,1.922,0.115,22
41.9173,81.9796,10.0,4.5,59,100.0,2.318,0.55,us,7.32,1.901,0.088,38
52.8417,160.7858,10.0,4.0,18,120.0,1.306,0.62,us,9.2,1.881,0.156,11
52.3665,160.578,35.0,4.3,15,136.0,1.902,0.54,us,9.92,1.933,0.187,8
52.2324,160.5178,28.062,4.2,18,124.0,1.387,0.59,us,5.57,6.387,0.146,14
-18.8887,-69.122,127.099,4.2,28,79.0,0.661,0.85,us,4.87,4.205,0.128,17
14.4479,-90.4307,177.934,4.7,35,171.0,0.832,0.65,us,7.55,7.663,0.045,147
-23.5215,-179.9453,537.775,4.6,59,77.0,6.045,0.65,us,12.37,8.645,0.05,122
52.7315,160.8354,10.0,4.2,23,182.0,1.356,0.96,us,13.78,1.977,0.153,12
-54.0502,-58.1972,10.0,5.0,76,137.0,2.38,0.55,us,12.46,1.836,0.069,68
51.6249,159.8114,27.973,4.5,38,126.0,1.572,0.72,us,9.82,5.855,0.096,32
13.4152,-92.4791,10.0,4.2,46,216.0,1.448,0.95,us,8.04,1.991,0.091,34
39.2195,28.0363,10.0,4.7,44,129.0,4.365,0.7,us,10.27,1.925,0.099,31
49.3716,156.3627,34.158,4.5,73,134.0,3.835,0.94,us,10.4,5.639,0.048,127
28.1665,50.0367,10.0,4.4,73,93.0,6.386,0.54,us,10.5,1.903,0.07,60
49.5624,158.5308,10.0,4.6,51,136.0,3.467,0.68,us,6.79,1.852,0.082,44
52.1637,160.6701,21.891,4.6,59,135.0,1.503,1.06,us,11.65,5.948,0.072,58
53.0514,161.5388,10.0,4.5,57,118.0,1.745,0.52,us,9.39,1.853,0.082,43
51.3432,159.6046,10.0,4.4,20,221.0,1.782,0.49,us,7.87,1.926,0.162,11
-25.4251,179.6797,504.783,4.6,64,93.0,4.359,0.77,us,13.46,8.277,0.037,219
50.0412,159.4925,10.0,4.4,38,129.0,3.032,0.92,us,10.38,1.897,0.095,32
-4.5677,102.7394,62.773,4.2,31,145.0,0.298,0.36,us,8.29,5.39,0.121,19
19.1121,96.4997,10.0,4.4,38,113.0,1.398,0.8,us,7.2,1.905,0.11,24
12.1522,-86.4944,162.058,4.3,22,145.0,0.241,0.42,us,9.5,7.237,0.153,12
51.4349,159.0966,48.261,4.4,28,137.0,1.883,1.17,us,11.34,7.809,0.095,32
54.4002,160.6908,10.0,4.3,21,150.0,1.837,1.02,us,6.3,1.918,0.125,19
49.8529,155.9457,80.41,4.1,28,138.0,3.439,0.54,us,12.59,8.736,0.123,18
-24.1092,-175.7845,35.0,4.2,15,131.0,7.4,0.61,us,12.33,1.95,0.147,13
-1.6795,120.842,13.442,4.5,25,64.0,0.913,1.12,us,3.8,5.008,0.163,13
-7.6002,127.5424,160.405,4.3,24,70.0,5.352,0.63,us,7.2,7.787,0.119,20
11.1466,124.1035,10.0,4.5,42,99.0,4.305,0.74,us,5.36,1.872,0.104,30
51.3333,159.1468,35.0,4.5,85,115.0,1.72,0.62,us,8.02,1.884,0.054,102
30.143,103.6923,10.0,4.2,23,146.0,5.797,0.66,us,13.67,1.943,0.131,16
-18.3753,-69.6443,119.906,4.2,18,85.0,0.662,0.75,us,5.95,4.717,0.136,15
-16.2507,-172.8301,10.0,4.7,50,80.0,3.944,1.13,us,13.47,1.875,0.075,54
-20.7196,173.6803,493.66,4.2,27,117.0,5.081,0.69,us,17.67,14.412,0.118,23
42.0242,137.5574,286.491,4.1,81,58.0,2.912,0.96,us,9.0,7.608,0.066,63
-31.0238,-71.9066,31.428,4.2,32,150.0,0.42,0.91,us,3.61,6.081,0.159,11
52.7938,160.8617,10.0,4.3,47,119.0,1.359,0.86,us,9.59,1.897,0.093,33
-20.4167,-177.6757,528.864,4.2,26,112.0,4.818,0.41,us,8.14,10.586,0.121,19
51.4099,159.6206,31.562,4.5,40,88.0,1.723,0.7,us,10.16,5.986,0.093,34
32.3157,76.638,10.0,4.1,47,163.0,6.289,0.94,us,9.93,1.92,0.103,26
-26.2091,178.7099,575.919,4.8,43,131.0,9.703,0.72,us,15.09,7.426,0.069,65
29.2677,129.4653,10.0,4.9,60,57.0,2.391,0.85,us,6.53,1.306,0.041,192
51.3797,159.6732,10.0,4.6,44,128.0,1.763,1.23,us,9.64,1.897,0.079,48
29.3596,129.0923,10.0,4.4,41,104.0,2.443,1.08,us,5.48,1.818,0.085,43
29.5939,129.6537,10.0,4.6,45,84.0,2.03,0.47,us,7.48,1.904,0.098,31
51.9095,161.5172,10.0,4.3,22,227.0,2.079,0.87,us,10.05,1.936,0.161,11
50.173,159.0513,10.0,5.2,122,129.0,2.865,0.97,us,6.54,1.796,0.049,141
50.0007,159.5453,10.0,4.2,16,208.0,3.078,0.27,us,11.38,1.998,0.177,9
-37.5884,51.6101,10.0,4.5,28,137.0,16.747,0.59,us,8.21,1.859,0.115,22
31.2531,130.0771,185.884,4.0,16,122.0,0.41,0.55,us,10.44,3.034,0.231,6
53.4664,-166.8016,74.179,4.3,125,149.0,0.331,0.92,us,4.32,5.426,0.047,126
-6.6663,126.6796,466.147,4.1,32,76.0,3.852,0.56,us,8.66,8.686,0.109,23
53.1058,160.5281,43.154,4.3,24,150.0,1.136,1.0,us,10.82,8.531,0.111,23
9.3716,93.9749,10.0,5.1,93,28.0,5.612,0.99,us,8.72,1.81,0.064,79
52.1855,160.4443,23.316,4.4,32,123.0,1.911,1.13,us,11.08,6.16,0.112,27
49.9927,159.5848,10.0,4.3,31,133.0,3.091,0.55,us,11.74,1.916,0.111,23
-14.6336,-176.063,314.955,4.2,31,128.0,4.767,0.53,us,14.66,6.845,0.1,28
25.1114,126.1506,35.0,4.3,31,88.0,1.888,0.84,us,7.96,1.94,0.129,17
43.2425,87.5389,10.0,4.4,34,102.0,4.621,0.76,us,4.02,1.945,0.112,23
43.2761,-28.9956,10.0,4.7,62,123.0,6.108,0.94,us,10.34,1.893,0.043,164
29.7467,142.159,10.0,4.4,45,129.0,2.641,0.74,us,6.54,1.72,0.096,31
64.6543,-40.2593,10.0,4.2,68,135.0,4.227,0.59,us,8.4,1.938,0.068,60
54.6579,-160.4966,10.081,4.0,40,188.0,0.554,0.75,us,3.51,6.079,0.231,5
-3.554,153.9602,400.002,4.2,15,99.0,1.901,0.57,us,11.8,7.832,0.2,7
0.7107,99.4771,131.094,4.3,53,107.0,1.991,0.7,us,5.85,7.13,0.092,37
37.2812,20.2044,46.918,4.2,33,91.0,1.377,0.7,us,6.76,10.237,0.136,15
-25.349,179.7565,502.35,4.4,36,132.0,7.731,0.78,us,13.9,10.452,0.107,25
-19.2929,-174.5261,60.89,4.6,24,92.0,4.352,1.25,us,11.72,7.134,0.097,32
37.7871,36.1678,12.785,4.3,39,38.0,0.25,0.77,us,2.88,1.348,0.133,16
38.3833,72.3576,10.0,4.4,19,151.0,0.122,0.88,us,6.8,1.988,0.22,6
60.5383,-139.9131,5.867,4.3,48,50.0,0.475,0.93,us,1.82,1.254,0.169,10
6.5559,125.4557,213.272,4.6,57,57.0,0.525,1.12,us,8.45,3.441,0.06,84
54.5463,-160.2427,35.0,3.4,52,184.0,0.475,1.15,us,4.87,1.717,0.219,5
51.0628,159.7329,10.0,4.5,28,130.0,2.074,0.68,us,9.56,1.793,0.131,17
52.6312,160.6671,30.242,4.5,29,137.0,1.285,0.82,us,13.58,6.359,0.135,16
50.9447,158.2915,69.424,5.1,51,137.0,2.094,0.7,us,11.62,7.519,0.083,47
43.5116,147.8876,35.0,4.9,60,135.0,3.79,0.75,us,10.4,1.916,0.056,100
-62.5919,-158.6841,10.0,4.8,19,151.0,18.72,0.61,us,15.63,1.92,0.134,19
-35.4444,-179.769,10.0,4.3,16,259.0,2.621,0.5,us,8.65,1.966,0.188,8
-21.8848,-179.0546,584.91,4.1,23,143.0,4.937,0.36,us,12.09,9.067,0.126,17
51.9253,160.4656,31.152,4.3,26,135.0,1.563,0.63,us,10.26,7.128,0.137,15
31.9149,104.5459,10.0,4.3,32,99.0,4.092,0.66,us,10.37,1.913,0.125,18
64.4923,-17.9921,10.0,4.2,36,136.0,1.46,0.85,us,7.88,1.921,0.113,22
16.8635,120.0268,35.0,5.4,87,46.0,6.005,0.85,us,8.15,1.866,0.04,209
22.8891,123.5793,10.0,4.0,20,238.0,1.6,0.92,us,6.95,1.964,0.196,7
3.364,117.7784,10.0,4.0,16,104.0,1.939,1.09,us,6.27,1.655,0.184,8
52.3535,159.8069,55.322,4.2,56,208.0,0.973,0.63,us,13.25,10.601,0.068,59
-14.7475,66.5518,10.0,4.6,47,57.0,5.834,0.59,us,11.64,1.864,0.088,39
51.7476,160.2983,10.0,4.5,33,126.0,1.629,1.02,us,5.37,1.898,0.104,27
1.1255,96.9883,10.0,4.4,41,180.0,2.483,0.47,us,10.18,1.946,0.098,30
-55.6902,-26.2571,10.0,4.5,22,116.0,6.056,0.62,us,11.21,1.815,0.14,17
-49.4283,-8.074,10.0,4.5,17,81.0,22.446,0.74,us,13.26,1.934,0.132,17
34.8716,23.3565,44.531,4.9,75,83.0,2.578,0.79,us,7.8,7.226,0.04,200
-17.2873,-177.093,383.261,4.6,112,74.0,3.48,0.72,us,10.56,6.773,0.056,95
53.413,159.4168,77.024,4.2,10,137.0,1.076,0.44,us,13.82,8.163,0.199,7
5.3311,124.7375,15.643,4.3,24,98.0,0.948,1.08,us,6.73,2.979,0.137,15
52.0605,161.1599,10.0,4.3,26,125.0,1.811,1.04,us,10.66,1.917,0.142,15
13.5543,-91.0207,35.0,4.2,45,201.0,1.096,0.68,us,8.01,1.563,0.094,32
50.9438,159.9106,10.0,4.1,19,222.0,2.224,1.05,us,11.34,1.98,0.135,15
62.8631,178.671,10.0,4.4,126,146.0,4.436,0.66,us,8.89,1.904,0.046,136
50.883,157.5496,59.041,4.1,29,144.0,2.231,1.23,us,12.86,8.829,0.12,19
-51.5125,138.4991,10.0,4.3,13,92.0,19.753,0.2,us,11.89,1.946,0.168,10
-15.8161,-72.4661,98.716,4.8,63,121.0,3.253,0.8,us,9.12,7.248,0.062,80
24.8414,95.4771,163.794,4.2,41,109.0,3.655,0.55,us,6.95,8.635,0.096,30
-6.6598,148.1933,43.817,4.2,16,134.0,2.913,0.25,us,10.21,14.659,0.176,9
-23.5733,-179.8765,515.761,4.3,49,69.0,5.912,1.01,us,11.97,7.182,0.091,34
12.9753,121.2449,10.0,4.7,76,97.0,7.255,0.75,us,10.44,1.864,0.058,90
6.1045,126.9706,83.176,4.5,45,108.0,1.682,1.04,us,5.63,6.335,0.087,39
-21.2977,-69.0694,105.016,4.3,20,79.0,0.465,0.55,us,4.16,4.645,0.169,10
52.2135,161.644,10.0,4.8,81,126.0,1.997,0.61,us,10.2,1.852,0.042,175
13.238,50.0275,10.0,4.6,84,60.0,5.633,0.62,us,10.97,1.889,0.064,72
-16.8066,-173.0344,36.396,4.4,21,74.0,3.124,0.92,us,9.09,7.606,0.144,15
-4.4037,101.527,36.269,4.4,42,144.0,1.425,0.5,us,9.15,7.493,0.092,34
3.304,-83.0598,10.0,4.6,33,175.0,4.659,0.33,us,10.47,1.954,0.122,20
20.9359,121.0281,10.0,4.9,74,89.0,1.873,0.55,us,8.66,1.891,0.052,118
-58.9971,-23.5339,10.0,4.0,13,93.0,19.325,0.47,us,8.9,1.904,0.183,10
53.1242,159.8913,59.651,4.6,76,133.0,0.756,0.85,us,10.22,6.865,0.071,59
-22.1362,-67.3278,172.672,4.2,58,54.0,1.13,1.18,us,7.31,6.779,0.078,51
-17.6708,-178.9722,546.798,4.4,122,127.0,1.98,0.63,us,13.34,4.568,0.043,158
-23.1723,-66.464,226.98,4.0,24,142.0,1.594,1.19,us,10.66,10.192,0.211,6
7.3775,-78.0484,10.0,4.5,38,104.0,2.509,1.04,us,6.72,1.87,0.104,27
-6.3263,151.9229,10.0,4.3,17,176.0,2.135,0.83,us,13.49,1.97,0.148,13
-30.633,-178.8006,121.021,4.7,34,103.0,1.577,0.79,us,12.66,8.469,0.082,46
2.969,-31.1441,10.0,4.9,44,45.0,18.471,0.75,us,11.84,1.845,0.084,44
49.8183,157.2554,35.0,4.3,60,135.0,3.306,0.8,us,11.13,1.946,0.075,50
53.513,160.8756,35.0,4.1,16,141.0,1.424,0.84,us,8.21,1.982,0.165,10
51.5493,177.8198,93.27,4.0,35,204.0,4.989,0.74,us,17.18,14.053,0.096,29
4.2042,122.7437,10.0,5.0,94,34.0,2.777,0.55,us,6.71,1.831,0.066,73
-23.3053,179.9,595.443,4.5,18,184.0,5.796,0.53,us,26.16,14.176,0.124,19
51.215,159.1854,35.933,4.4,21,128.0,1.841,0.71,us,9.69,8.045,0.162,11
34.7431,32.4664,10.0,4.2,32,147.0,0.744,0.75,us,4.65,1.941,0.136,15
-7.3025,128.9231,150.747,4.1,21,65.0,5.21,0.46,us,8.73,10.997,0.175,9
51.766,159.844,10.0,4.0,37,137.0,1.456,0.83,us,10.87,1.924,0.108,23
-7.3281,126.7221,398.062,4.7,86,24.0,3.422,0.7,us,8.27,7.448,0.051,119
41.8352,140.6532,132.836,4.1,42,128.0,1.09,0.56,us,8.37,10.364,0.1,27
52.1594,160.5927,10.0,4.3,36,124.0,1.467,0.61,us,8.4,1.709,0.089,36
6.626,127.0071,10.0,4.4,21,71.0,1.485,0.93,us,4.25,1.928,0.139,18
50.2202,157.2466,35.0,4.2,32,190.0,2.906,0.92,us,11.06,1.972,0.113,22
-6.543,129.9535,145.145,4.4,23,81.0,2.008,0.9,us,9.65,4.674,0.138,15
-6.5797,104.4407,54.834,4.5,37,170.0,1.76,0.8,us,9.57,8.82,0.092,35
52.6491,161.1977,20.044,4.1,37,151.0,1.59,1.05,us,7.9,6.653,0.114,24
-52.3544,28.0513,10.0,4.5,13,105.0,20.645,0.85,us,12.72,1.666,0.163,12
-56.4232,-26.6999,76.216,4.5,15,130.0,5.98,1.01,us,15.78,10.914,0.144,14
41.1481,141.7657,59.102,4.3,21,162.0,0.64,0.41,us,7.62,8.277,0.153,12
-24.0238,-175.2311,10.0,5.2,78,59.0,6.971,0.94,us,10.55,1.795,0.038,235
48.8986,156.1015,10.0,4.7,117,136.0,4.334,0.76,us,7.39,1.887,0.055,99
2.1406,-95.5696,10.0,4.1,13,207.0,5.272,1.12,us,13.43,1.991,0.198,7
-3.3861,143.6125,10.0,4.4,28,142.0,3.032,1.39,us,7.19,1.808,0.12,20
7.1823,127.0935,59.256,4.4,21,140.0,1.507,1.16,us,9.51,7.385,0.155,12
15.1935,120.0363,65.313,4.5,33,91.0,7.647,0.92,us,5.25,8.414,0.098,31
52.3341,160.7572,10.0,5.2,61,78.0,1.457,0.73,us,10.46,1.882,0.068,72
-8.4152,121.4124,185.872,4.4,13,85.0,1.662,0.81,us,7.63,7.816,0.19,8
-13.6018,173.373,10.0,4.5,30,120.0,6.25,0.63,us,14.06,1.899,0.108,25
52.0083,159.9324,35.0,4.9,53,156.0,1.753,1.15,us,7.25,1.89,0.064,98
53.2472,160.6744,35.0,4.7,62,134.0,1.24,0.96,us,10.82,1.889,0.07,63
13.6224,123.4808,35.0,4.7,44,132.0,9.425,1.15,us,13.0,1.943,0.094,34
52.3429,160.6467,10.0,4.4,39,159.0,1.394,0.8,us,10.52,1.94,0.09,35
52.2569,160.1579,21.714,5.1,111,97.0,1.197,0.79,us,7.75,4.715,0.026,501
52.4376,160.9047,23.423,5.0,158,120.0,1.491,0.64,us,8.59,5.401,0.045,161
-2.2776,138.9354,37.56,4.3,29,77.0,0.898,0.91,us,8.79,1.786,0.109,24
42.2196,144.5656,29.324,4.1,25,173.0,1.068,0.45,us,8.26,7.771,0.134,15
-6.1051,147.7672,10.0,4.3,15,164.0,3.333,0.93,us,10.91,1.964,0.16,11
34.0687,-5.5488,10.0,4.1,19,125.0,1.373,0.8,us,7.46,1.936,0.131,16
51.6882,159.3657,51.442,4.4,26,135.0,1.407,0.83,us,11.7,7.545,0.109,24
-20.6644,-173.6545,10.0,4.3,21,113.0,3.847,0.73,us,12.84,1.919,0.133,18
10.9916,138.592,10.0,4.5,17,146.0,5.446,0.46,us,6.79,1.923,0.15,13
-6.3914,154.5076,10.0,4.4,23,118.0,3.198,0.75,us,12.18,1.903,0.124,19
3.0244,-31.2871,10.0,4.8,40,52.0,20.447,0.81,us,12.59,1.875,0.094,35
-3.7735,139.3546,54.602,4.6,57,48.0,0.515,0.85,us,5.54,6.778,0.071,59
6.1548,95.0779,10.0,4.4,25,138.0,2.075,0.39,us,8.83,1.89,0.155,12
9.9265,-70.8178,10.0,4.6,42,74.0,1.051,1.08,us,7.11,1.828,0.089,37
13.8547,145.2782,91.953,4.1,25,104.0,0.478,0.62,us,7.71,6.724,0.123,18
53.4919,-165.3258,23.065,4.2,49,158.0,0.658,0.81,us,3.8,6.971,0.077,47
52.1062,160.4997,10.0,4.9,63,121.0,1.456,0.82,us,9.21,1.89,0.052,115
49.519,158.4543,10.0,4.4,34,136.0,3.511,0.6,us,12.45,1.912,0.105,26
50.7851,157.6646,41.065,4.6,56,135.0,2.323,1.01,us,11.52,7.353,0.056,95
-54.7445,-26.7115,10.0,4.6,22,67.0,5.714,0.32,us,9.42,1.898,0.119,21
-57.96,157.536,10.0,4.2,17,109.0,3.558,0.71,us,8.07,1.914,0.167,11
1.6029,127.2081,99.575,4.0,35,89.0,3.556,0.78,us,10.0,7.708,0.11,23
-45.8845,95.7899,10.0,4.6,19,98.0,20.945,0.75,us,15.45,1.915,0.137,16
41.7821,143.6015,37.308,4.7,68,76.0,0.405,0.62,us,5.97,5.997,0.044,157
39.5266,143.5987,10.0,4.5,35,135.0,2.316,0.91,us,8.92,1.907,0.108,25
-56.2613,-27.1118,101.546,4.3,20,182.0,5.714,0.93,us,17.99,3.156,0.161,14
-20.9565,-70.5112,29.639,4.3,27,143.0,0.361,1.02,us,5.96,5.757,0.122,19
55.3756,166.5158,10.0,4.7,67,119.0,5.184,0.56,us,11.28,1.911,0.039,200
52.8052,160.0663,35.0,4.2,27,119.0,0.885,1.39,us,6.68,1.908,0.11,23
-20.9296,-173.148,10.0,5.0,69,63.0,3.546,0.77,us,11.37,1.829,0.06,88
-55.6029,-27.7956,35.274,4.4,15,123.0,5.182,0.21,us,14.43,10.277,0.143,14
22.7171,143.8805,35.0,4.4,36,111.0,4.623,0.7,us,8.68,1.927,0.105,28
36.45,71.1195,145.531,4.1,29,169.0,2.154,1.12,us,9.58,15.174,0.185,8
50.1601,157.2531,35.0,4.7,140,132.0,2.965,0.73,us,5.98,1.704,0.049,124
-14.896,66.8835,10.0,4.5,34,139.0,45.783,0.5,us,16.61,1.925,0.099,30
5.7142,125.8067,95.208,4.4,33,113.0,1.028,0.87,us,10.07,6.304,0.098,30
39.162,28.1825,10.0,4.4,26,51.0,0.998,1.08,us,4.27,1.924,0.19,8
52.1002,160.4401,21.997,4.5,45,118.0,1.953,0.86,us,10.03,5.864,0.083,42
12.9136,121.1533,122.525,4.4,55,108.0,7.26,0.69,us,9.23,7.42,0.084,40
31.6267,141.7888,10.0,4.2,32,126.0,2.235,0.76,us,10.01,1.9,0.124,18
50.1491,156.2297,78.017,4.3,51,135.0,3.101,0.41,us,12.38,8.273,0.076,49
-25.3145,179.5981,522.062,4.2,29,92.0,4.491,0.72,us,12.4,6.844,0.136,15
48.7852,156.0314,25.059,4.1,21,135.0,4.455,1.13,us,11.92,6.087,0.151,12
53.3773,161.6507,22.376,4.3,23,165.0,1.84,0.85,us,14.67,7.415,0.142,15
53.1151,160.9712,10.0,4.3,26,145.0,1.404,0.56,us,10.26,1.943,0.133,16
-18.9533,-69.4163,112.094,4.6,55,102.0,0.621,1.13,us,4.89,2.783,0.078,50
-23.3907,-175.4457,36.768,5.0,52,108.0,6.254,0.94,us,9.79,5.818,0.063,80
16.6983,40.9583,10.0,4.3,39,98.0,3.927,1.14,us,8.19,1.905,0.091,34
3.5477,126.7457,46.704,4.5,56,105.0,1.727,0.77,us,6.71,7.496,0.075,52
54.7442,160.2389,10.0,4.2,31,111.0,1.964,0.53,us,9.97,1.868,0.071,56
9.2857,94.2457,10.0,4.3,23,137.0,5.336,0.74,us,8.1,1.87,0.142,14
36.8094,70.3992,204.867,4.4,32,177.0,2.09,0.59,us,10.08,8.309,0.155,12
-32.6793,-178.4099,10.0,4.5,13,171.0,3.432,0.6,us,12.4,1.788,0.171,10
-5.4173,154.1918,130.321,4.6,63,100.0,2.36,1.02,us,9.0,7.362,0.063,75
52.4647,160.4842,10.0,4.4,28,176.0,1.248,0.77,us,11.44,1.958,0.118,25
27.585,56.1308,10.0,4.4,55,130.0,2.63,0.66,us,8.64,1.912,0.072,55
16.9241,-85.5567,10.0,4.6,93,152.0,3.296,0.75,us,8.72,1.947,0.033,271
52.5535,160.5109,31.366,4.5,66,149.0,1.224,0.97,us,10.89,6.661,0.074,54
50.657,158.0758,35.0,4.9,133,95.0,2.396,0.64,us,9.37,1.902,0.025,509
51.8921,161.1957,10.0,4.4,42,127.0,1.926,0.74,us,10.58,1.909,0.098,30
50.2957,157.5735,30.211,4.5,59,187.0,2.813,0.67,us,12.22,7.226,0.07,59
-17.4204,-173.687,38.466,4.4,19,142.0,19.39,0.33,us,15.05,8.305,0.149,15
46.5893,152.6585,51.935,4.2,31,144.0,7.292,0.63,us,12.52,9.212,0.118,20
-55.4726,-26.1917,10.0,4.2,14,120.0,6.062,0.63,us,14.6,1.946,0.146,13
39.672,141.4176,96.177,4.2,27,152.0,1.148,0.65,us,8.37,7.941,0.132,16
43.5316,147.9119,10.0,4.9,102,135.0,3.814,0.82,us,9.86,1.873,0.059,90
-9.0158,123.9117,97.897,4.7,45,91.0,0.814,0.83,us,7.58,7.154,0.085,42
52.1842,160.3934,10.0,4.5,47,121.0,1.355,1.33,us,8.48,1.902,0.094,35
49.405,158.1951,10.0,4.3,16,137.0,3.721,0.47,us,9.1,1.815,0.168,10
50.2744,159.5324,10.0,4.2,21,139.0,2.807,0.55,us,13.69,1.926,0.124,18
51.5468,159.9383,10.0,4.3,83,127.0,1.677,0.8,us,8.11,1.905,0.065,67
52.3978,160.2656,33.181,4.1,25,122.0,1.715,0.57,us,11.0,6.572,0.12,19
25.0088,95.3102,117.957,4.6,94,52.0,3.803,0.52,us,8.09,7.087,0.065,70
-6.1815,152.1657,10.0,4.5,25,115.0,1.868,0.81,us,7.45,1.924,0.116,22
-55.7026,-27.6201,88.876,4.7,19,124.0,5.3,0.68,us,12.83,7.29,0.12,21
-20.875,-66.7739,217.89,4.5,44,66.0,2.347,1.02,us,7.89,8.724,0.048,125
37.9638,141.7045,61.83,4.4,76,124.0,2.865,0.67,us,8.29,6.024,0.066,66
7.0369,-82.1321,10.0,4.5,60,148.0,2.47,0.76,us,12.43,1.928,0.076,51
53.0726,160.707,30.099,4.3,47,144.0,1.243,1.15,us,12.25,7.574,0.086,38
49.2268,156.1364,30.659,4.9,159,75.0,4.009,0.67,us,10.49,5.35,0.046,147
22.283,101.1732,10.0,4.1,22,83.0,1.775,0.93,us,10.91,1.915,0.158,12
36.6356,140.3545,10.0,4.0,13,154.0,1.729,0.8,us,7.21,1.781,0.258,4
-21.0419,175.4969,600.764,4.4,39,136.0,5.837,0.71,us,14.83,10.137,0.094,33
51.436,159.9191,26.47,4.4,26,126.0,1.771,0.9,us,7.87,4.626,0.123,19
51.0445,157.1213,70.239,4.6,89,133.0,2.097,0.62,us,10.96,7.083,0.037,224
54.5442,-159.7054,37.837,3.9,35,207.0,0.295,0.78,us,5.97,10.685,0.209,6
50.238,157.55,35.0,4.6,80,135.0,2.872,0.91,us,9.83,1.883,0.063,75
-7.009,125.1068,549.11,4.1,34,52.0,2.852,0.66,us,13.37,9.598,0.135,15
19.8204,121.3394,41.517,4.7,80,108.0,2.992,0.85,us,7.72,7.847,0.069,64
51.9658,160.6815,10.0,4.1,17,164.0,1.632,0.46,us,5.48,1.974,0.139,15
-22.636,173.3987,10.0,4.5,23,125.0,5.499,1.47,us,9.56,1.922,0.145,14
52.1567,161.4508,10.0,4.3,50,134.0,1.916,0.47,us,5.41,1.908,0.076,50
1.6693,126.5186,40.741,4.5,46,92.0,1.23,0.71,us,3.52,7.854,0.091,35
-6.0612,129.794,211.964,4.4,20,61.0,1.533,0.48,us,5.06,9.616,0.154,12
12.6134,-90.5534,10.0,4.3,48,207.0,1.486,0.92,us,9.06,1.992,0.087,37
-24.2455,-67.0137,217.234,4.1,23,100.0,1.673,0.5,us,10.78,16.008,0.213,6
51.7887,-176.4406,100.28,3.7,21,149.0,0.387,0.28,us,8.43,4.792,0.113,20
-4.4208,35.1184,10.0,4.3,13,93.0,3.566,0.59,us,8.74,1.945,0.201,7
-33.5996,-178.5892,15.196,5.2,70,112.0,4.693,0.89,us,10.76,4.337,0.075,61
9.357,93.9629,10.0,5.0,156,19.0,2.58,0.56,us,6.47,1.739,0.05,137
50.121,157.216,33.212,4.2,39,132.0,3.007,0.47,us,12.47,6.606,0.096,30
-49.2564,125.0308,10.0,4.4,16,89.0,17.32,0.6,us,11.88,1.939,0.149,13
22.5952,96.0249,10.0,4.7,65,70.0,1.724,0.44,us,4.8,1.809,0.08,48
-24.3135,-67.3394,177.294,4.2,31,60.0,1.559,1.03,us,4.46,7.968,0.121,20
50.8157,160.0723,10.0,4.5,115,135.0,2.38,0.52,us,9.7,1.905,0.049,123
51.6647,159.923,10.0,4.4,36,218.0,1.569,0.77,us,10.43,1.961,0.1,29
2.0809,97.0491,10.0,4.2,14,186.0,0.934,0.7,us,7.85,1.978,0.175,9
-29.6361,-71.5313,46.215,4.1,28,189.0,0.38,1.25,us,5.21,10.408,0.233,5
-1.8147,137.3545,27.436,4.5,25,69.0,0.838,0.49,us,5.26,5.36,0.11,24
-1.2913,-80.8907,10.0,4.6,40,170.0,1.602,0.8,us,8.13,1.924,0.07,62
-6.6171,129.6733,138.85,4.7,20,105.0,4.481,0.99,us,5.47,8.96,0.147,14
52.5616,160.7597,10.0,4.5,56,116.0,1.362,0.84,us,9.32,1.895,0.062,78
56.6476,-33.8229,10.0,4.3,14,125.0,8.707,0.43,us,11.55,1.945,0.189,8
22.7272,95.9849,10.0,4.1,17,161.0,3.866,0.64,us,12.9,1.962,0.157,11
31.2753,131.465,52.787,4.3,19,233.0,0.897,0.72,us,9.07,11.117,0.142,14
-31.0509,-72.6317,10.0,4.4,31,146.0,0.936,0.77,us,4.66,1.517,0.203,7
46.591,7.7142,10.0,4.1,34,92.0,0.366,1.21,us,3.56,1.922,0.233,5
40.034,40.7433,14.742,4.2,24,81.0,0.19,0.47,us,4.95,4.61,0.158,11
-13.5312,166.8539,204.077,4.4,17,266.0,1.934,0.79,us,11.15,6.952,0.169,12
-3.802,101.8076,58.101,4.8,90,89.0,1.272,0.56,us,7.31,7.344,0.064,75
50.7723,157.6973,47.321,4.2,37,135.0,2.33,0.62,us,12.81,8.406,0.101,27
-6.3099,151.9589,10.0,4.4,21,130.0,1.991,0.75,us,10.25,1.813,0.138,15
-32.1158,-68.3992,126.63,4.9,201,42.0,0.614,0.6,us,7.1,5.814,0.038,214
-23.1555,170.2002,10.0,4.8,24,162.0,2.596,0.51,us,11.26,1.945,0.128,19
49.9492,156.5751,70.919,4.8,135,132.0,3.24,0.76,us,9.41,6.881,0.05,121
50.157,158.5795,10.0,4.6,40,136.0,2.871,0.61,us,10.39,1.903,0.095,33
52.2522,160.364,10.0,4.2,15,152.0,1.299,0.45,us,11.23,1.973,0.2,7
51.5172,159.2225,55.549,4.2,28,139.0,1.549,0.6,us,11.97,7.872,0.121,19
23.5239,-45.1242,10.0,4.5,98,52.0,16.609,0.61,us,11.02,1.904,0.052,111
42.2766,144.6046,42.195,4.3,127,118.0,1.108,0.68,us,7.19,7.306,0.05,116
-57.9029,157.8923,10.0,5.1,73,44.0,3.463,0.75,us,10.37,1.76,0.083,47
53.104,160.9783,40.665,4.6,138,106.0,1.407,0.82,us,9.23,7.241,0.047,134
43.7625,-28.7597,10.0,4.8,132,54.0,4.748,0.62,us,9.32,1.876,0.05,123
-18.7994,-177.669,621.184,4.2,26,231.0,3.647,0.65,us,23.39,20.576,0.105,25
55.5825,161.7852,97.631,4.2,71,134.0,3.154,0.66,us,13.06,10.346,0.068,60
-2.1982,-80.0324,61.56,4.7,54,142.0,0.477,1.11,us,5.7,6.304,0.038,204
-55.7996,-27.5909,91.138,4.6,24,67.0,5.337,1.21,us,11.79,8.509,0.119,23
39.6252,143.3878,10.0,4.2,34,132.0,2.125,0.85,us,4.84,1.877,0.115,21
52.2331,160.285,35.0,4.4,38,134.0,1.273,0.94,us,8.05,1.948,0.103,27
17.8277,119.7271,10.0,4.6,56,128.0,5.124,0.67,us,10.65,1.918,0.085,41
50.1874,87.5456,10.0,4.1,25,167.0,3.251,0.78,us,9.53,1.932,0.127,17
-6.7302,116.1086,558.862,4.2,48,51.0,2.598,0.65,us,12.64,4.381,0.118,20
-6.3495,151.7823,10.0,4.7,69,83.0,2.044,0.64,us,3.84,1.826,0.068,65
53.4351,161.5246,10.0,4.1,31,137.0,1.777,0.74,us,11.09,1.911,0.107,24
37.2945,36.9665,10.0,4.1,31,69.0,0.229,0.78,us,2.85,1.906,0.174,9
22.9851,63.5117,10.0,4.1,21,146.0,6.962,0.51,us,14.55,1.955,0.135,15
-1.2033,127.155,10.0,4.8,40,88.0,3.503,0.67,us,7.89,1.873,0.097,33
50.6854,156.7445,99.345,4.7,57,135.0,2.497,0.57,us,9.7,7.557,0.031,304
51.4762,179.634,72.5,4.5,134,145.0,0.23,0.66,us,5.58,5.548,0.049,121
14.481,146.9836,10.0,4.6,44,132.0,1.374,0.95,us,9.52,1.909,0.085,41
-31.6489,-71.5992,38.569,4.1,22,176.0,0.661,0.56,us,3.56,10.251,0.214,6
52.4746,160.8807,19.214,4.1,24,122.0,1.463,1.38,us,9.17,3.812,0.109,23
51.9687,159.7249,35.0,4.2,49,234.0,1.244,0.51,us,5.58,2.014,0.075,50
42.5481,88.1162,10.0,4.5,57,105.0,5.427,0.78,us,10.16,1.908,0.081,44
52.1276,161.4042,10.0,4.3,29,124.0,1.905,1.16,us,9.87,1.908,0.126,19
50.1857,156.7908,53.295,4.3,39,135.0,2.981,0.51,us,13.46,8.463,0.104,26
51.2138,159.782,10.0,4.1,16,306.0,1.942,0.83,us,15.63,2.005,0.166,10
50.4351,156.4906,76.983,4.5,127,128.0,2.78,0.63,us,9.87,6.402,0.047,130
41.117,143.0169,49.582,5.0,67,101.0,0.903,0.72,us,6.73,5.863,0.055,107
51.2967,159.4748,40.389,5.0,76,117.0,1.802,0.79,us,9.83,6.819,0.049,134
25.067,125.0297,35.624,4.3,44,105.0,0.996,1.07,us,6.09,8.616,0.111,25
-21.9615,-175.3969,10.0,4.9,70,90.0,5.875,0.82,us,11.64,1.871,0.071,62
6.1123,127.574,10.0,4.4,31,84.0,2.496,0.68,us,9.36,1.889,0.111,23
0.9916,120.5479,596.654,4.6,78,76.0,2.822,0.71,us,10.96,8.136,0.055,100
51.156,159.7907,10.0,4.4,35,129.0,1.998,0.54,us,9.82,1.912,0.108,25
-63.0531,-63.8138,10.0,4.8,20,146.0,1.731,0.78,us,12.63,1.925,0.127,19
2.0781,127.0014,33.991,5.0,66,62.0,1.348,0.67,us,6.79,1.532,0.055,108
-15.1851,-174.8226,274.419,4.2,17,84.0,3.206,0.74,us,12.58,7.938,0.167,10
18.2509,146.4726,93.96,4.2,17,150.0,3.064,0.48,us,8.41,9.553,0.153,12
36.5447,70.3631,198.877,4.4,46,86.0,2.259,0.72,us,4.83,9.046,0.117,21
-58.0205,-25.2757,35.0,4.5,13,132.0,16.51,1.15,us,14.5,1.946,0.15,13
53.0157,161.082,35.0,4.6,70,164.0,1.469,0.73,us,10.08,1.949,0.055,101
4.8929,123.0324,573.765,4.2,48,56.0,2.443,0.72,us,12.41,8.778,0.087,37
52.7985,160.6553,10.0,4.5,73,112.0,1.235,0.85,us,10.08,1.887,0.056,93
27.2767,128.3977,49.94,4.4,30,84.0,0.453,0.86,us,7.88,8.304,0.117,21
-2.7821,102.3375,170.385,4.4,43,151.0,1.685,0.76,us,11.69,8.85,0.092,34
-10.9536,165.5544,10.0,4.1,17,142.0,4.746,1.07,us,8.91,1.681,0.166,11
27.4383,126.6717,171.94,4.6,52,64.0,1.548,0.94,us,8.26,7.572,0.056,97
-36.0151,-73.8568,19.688,4.1,30,200.0,1.995,1.23,us,7.46,8.714,0.198,7
-7.1001,129.3331,171.476,4.3,23,72.0,2.623,0.82,us,9.63,9.758,0.129,17
51.8196,159.2957,46.132,4.3,37,137.0,1.269,0.77,us,9.35,7.58,0.106,25
-5.7179,152.5813,10.0,5.2,104,87.0,1.507,0.93,us,7.29,1.876,0.059,94
-5.9835,151.5836,10.0,4.4,28,125.0,1.872,0.92,us,11.75,1.891,0.106,26
-5.7939,152.6694,10.0,4.4,36,137.0,1.61,0.81,us,6.53,1.826,0.101,30
-5.8149,112.2394,10.0,4.3,18,100.0,2.168,0.9,us,7.88,1.912,0.16,11
-59.9445,-62.0278,10.0,4.7,22,125.0,4.938,1.25,us,10.66,1.922,0.129,18
50.405,156.4777,65.379,4.8,126,131.0,2.812,0.46,us,10.52,7.189,0.031,321
-7.0885,155.8877,133.175,4.5,47,98.0,4.647,0.93,us,9.86,7.643,0.085,41
53.037,-161.8862,10.0,4.2,41,173.0,1.951,0.64,us,6.41,1.951,0.1,28
53.2612,159.6037,61.165,4.4,18,87.0,0.622,0.79,us,11.35,9.698,0.178,9
19.5517,-69.6462,10.0,4.4,50,46.0,0.505,1.25,us,3.05,1.292,0.084,41
30.9563,67.3163,10.0,4.5,27,168.0,3.865,0.35,us,10.45,1.84,0.135,16
52.4521,160.737,10.0,4.6,85,122.0,1.392,0.9,us,9.0,1.884,0.043,162
52.0828,161.7033,10.0,4.1,20,125.0,2.089,0.77,us,10.29,1.918,0.175,9
-59.1535,-26.1201,35.0,4.5,16,177.0,15.687,0.78,us,9.01,1.992,0.14,16
30.3408,69.9587,10.0,4.6,41,96.0,4.22,1.2,us,8.58,1.776,0.099,30
53.3337,160.7986,35.0,4.1,22,195.0,1.33,0.5,us,9.24,1.962,0.12,19
46.7048,20.0077,7.298,4.0,31,47.0,1.217,0.63,us,3.49,4.385,0.164,10
-6.1773,131.1885,65.107,4.6,56,90.0,2.083,0.55,us,7.51,7.54,0.083,43
41.2787,142.398,54.639,4.5,84,141.0,0.93,0.45,us,7.14,7.655,0.067,66
7.0685,127.232,10.0,4.0,13,199.0,1.64,0.82,us,9.65,1.978,0.212,6
49.1729,157.7286,10.0,4.3,36,137.0,3.899,0.61,us,10.39,1.909,0.111,28
51.332,159.1397,35.0,4.4,46,177.0,1.721,1.24,us,8.11,1.757,0.094,35
24.7784,127.8354,10.0,4.2,17,100.0,2.087,1.12,us,5.44,1.931,0.199,7
52.6444,160.7219,10.0,4.5,38,119.0,1.313,0.81,us,9.49,1.9,0.118,21
36.9786,71.2215,126.644,4.3,22,200.0,1.667,0.63,us,8.14,11.206,0.216,6
26.6088,141.9373,10.0,4.4,16,151.0,0.533,0.84,us,6.24,1.948,0.179,11
54.4343,165.77,10.0,4.6,91,103.0,4.458,0.59,us,9.73,1.875,0.052,111
35.8102,32.1868,78.055,4.3,65,119.0,1.262,0.84,us,6.93,9.646,0.099,29
51.4128,159.5325,26.057,4.6,30,138.0,1.702,0.87,us,7.52,6.434,0.122,20
-23.3297,178.8291,553.818,5.1,42,81.0,5.604,0.65,us,15.36,7.2,0.098,39
53.0164,159.8063,67.103,4.2,35,134.0,0.699,0.55,us,11.33,7.299,0.113,26
53.3004,-164.3618,10.0,3.4,34,203.0,1.135,0.42,us,3.6,1.926,0.136,13
-14.1343,167.3171,199.482,4.6,79,125.0,1.31,0.59,us,12.04,5.019,0.055,99
51.6086,160.0359,10.0,4.3,16,137.0,1.653,1.06,us,9.25,1.706,0.148,13
49.7788,157.0846,35.0,4.7,55,128.0,3.356,0.67,us,11.29,1.917,0.041,179
29.3918,129.2546,10.0,4.6,44,106.0,2.35,0.8,us,7.27,1.875,0.068,64
46.2204,153.1124,10.0,5.0,62,126.0,7.507,0.52,us,10.18,1.868,0.056,100
51.0842,158.8473,32.512,4.0,25,129.0,1.946,0.54,us,11.4,6.735,0.134,15
-22.8107,-70.3668,35.0,4.4,20,153.0,0.741,0.36,us,4.52,1.954,0.19,8
18.4417,145.5618,210.383,4.3,73,102.0,3.19,1.05,us,7.24,7.438,0.062,75
39.4846,143.2361,40.066,4.9,61,126.0,2.114,0.91,us,8.71,7.045,0.047,141
31.1703,71.0285,10.0,4.6,56,108.0,3.696,0.73,us,9.93,1.906,0.074,55
51.0974,-179.4144,37.326,3.8,57,218.0,0.592,0.63,us,4.73,4.068,0.154,11
52.8384,160.9578,27.95,5.3,99,132.0,1.409,0.88,us,11.45,5.834,0.032,322
-14.6367,-71.7839,124.435,4.3,13,147.0,3.677,0.32,us,12.23,12.734,0.177,9
29.4748,141.4531,78.012,4.5,50,116.0,2.456,0.4,us,10.31,8.074,0.087,39
-17.4843,-70.2161,134.937,4.4,25,121.0,0.71,1.16,us,8.1,6.779,0.155,12
12.8093,125.0971,23.287,4.5,42,111.0,5.723,0.5,us,12.68,6.182,0.096,32
31.9766,141.0053,10.0,4.5,24,148.0,1.517,1.11,us,9.37,1.937,0.144,14
39.8604,-29.5871,10.0,4.5,24,153.0,3.802,0.84,us,13.91,1.911,0.136,16
39.2805,143.3255,10.0,4.2,29,148.0,2.299,0.7,us,7.93,1.934,0.136,15
-17.5392,-69.3885,151.621,4.4,18,84.0,0.101,0.8,us,5.86,6.211,0.17,11
13.6125,124.8109,34.975,4.5,61,114.0,6.545,0.44,us,10.67,4.949,0.077,49
52.761,160.6984,10.0,4.2,34,133.0,1.269,0.79,us,11.84,1.926,0.095,31
51.3891,159.0767,35.0,4.6,94,109.0,1.658,0.74,us,8.57,1.903,0.045,147
-16.0342,-75.5304,10.0,4.6,24,193.0,4.219,0.91,us,12.11,1.974,0.125,19
-3.5304,137.9967,92.368,3.9,16,91.0,1.105,0.75,us,4.93,7.882,0.182,8
13.8424,39.8353,10.0,4.7,60,64.0,3.73,0.77,us,9.44,1.888,0.073,56
53.0146,160.918,10.0,4.2,39,137.0,1.37,0.51,us,11.9,1.925,0.108,24
52.6742,160.2915,15.627,4.2,61,120.0,1.055,0.66,us,9.15,5.245,0.071,56
52.8692,160.7137,10.0,4.7,30,155.0,1.258,1.09,us,11.39,1.972,0.108,26
52.1538,160.0609,57.838,5.1,82,135.0,1.225,0.93,us,10.34,6.834,0.038,231
-6.1582,147.7152,81.658,4.6,26,110.0,3.272,0.49,us,9.79,10.271,0.113,23
51.5097,159.6275,27.756,4.6,33,127.0,1.631,0.61,us,9.58,5.801,0.107,26
13.9108,144.6955,197.907,4.0,15,113.0,0.361,0.36,us,9.99,5.823,0.195,7
51.1178,-175.9955,10.0,4.0,42,203.0,0.788,0.5,us,4.63,1.918,0.108,23
42.5029,-126.4682,10.0,4.4,49,197.0,1.581,0.59,us,7.53,1.432,0.063,74
-19.2459,-69.0341,115.609,4.2,26,91.0,0.447,0.65,us,5.76,3.608,0.141,14
37.2247,69.6706,10.0,4.5,30,126.0,1.486,0.64,us,3.49,1.888,0.128,18
-24.8259,179.6191,511.254,4.5,39,125.0,7.195,0.75,us,14.83,9.573,0.097,31
48.6614,157.3988,10.0,4.7,139,131.0,4.439,0.55,us,9.43,1.882,0.037,222
52.2692,160.7085,10.0,4.3,23,137.0,1.464,1.07,us,11.92,1.93,0.125,20
15.3791,-104.1673,10.0,4.2,67,204.0,5.087,0.74,us,11.19,1.91,0.071,55
52.0569,-172.2968,56.272,3.5,30,191.0,1.18,1.32,us,10.36,11.635,0.097,26
53.304,161.252,10.0,4.9,98,188.0,1.592,0.53,us,10.11,1.891,0.055,104
51.7865,160.554,10.0,4.4,35,192.0,2.192,0.62,us,11.43,1.956,0.107,25
-12.2556,167.1956,255.664,4.7,66,46.0,3.172,0.64,us,11.22,6.696,0.035,252
-13.0448,166.3041,14.444,4.5,21,156.0,7.191,0.97,us,12.68,5.232,0.15,13
51.2727,158.5086,35.0,4.3,27,171.0,1.756,0.74,us,10.75,1.987,0.122,19
65.8441,-37.7453,10.0,4.7,59,47.0,5.297,0.57,us,7.6,1.869,0.042,177
-17.5279,167.8987,35.0,4.3,18,198.0,2.174,0.65,us,8.3,1.963,0.154,12
51.1809,158.8957,43.213,4.4,33,122.0,1.852,0.94,us,5.58,7.769,0.11,24
52.1061,160.6091,10.0,4.2,11,159.0,1.508,0.4,us,12.12,1.965,0.216,6
49.8397,155.7456,80.711,4.5,63,134.0,3.493,0.42,us,10.79,7.544,0.05,120
52.5972,161.0003,35.0,4.1,16,137.0,1.489,0.66,us,10.86,1.956,0.151,12
38.8235,70.6829,10.0,4.1,38,146.0,1.086,0.96,us,4.65,1.918,0.107,24
-4.1821,34.7605,10.0,4.2,16,107.0,3.744,0.69,us,6.18,1.928,0.186,8
10.5647,-42.6107,10.0,4.9,90,34.0,11.318,0.92,us,10.32,1.859,0.053,114
0.2595,126.0832,44.422,4.5,62,34.0,1.38,0.71,us,5.07,6.004,0.078,53
23.7187,121.5477,22.06,4.3,25,81.0,0.398,1.16,us,2.52,6.895,0.153,12
27.6084,128.7244,39.438,4.5,62,87.0,0.868,0.98,us,5.66,8.319,0.085,41
-34.2051,179.3238,220.519,4.5,30,93.0,3.45,1.01,us,11.33,8.571,0.102,28
9.6602,122.2503,10.0,4.6,35,132.0,5.803,0.88,us,9.99,1.696,0.11,25
51.0432,159.6352,10.0,4.2,20,123.0,2.075,1.15,us,10.27,1.931,0.198,10
-8.8197,124.2686,105.059,4.3,32,91.0,0.93,0.72,us,8.16,6.851,0.116,23
-16.3977,167.3376,10.0,5.0,31,111.0,0.954,0.75,us,9.18,1.874,0.115,24
51.2567,159.4751,10.0,4.3,36,137.0,1.841,0.43,us,11.11,1.926,0.111,23
-23.4295,-66.5844,204.311,4.4,45,51.0,1.542,0.61,us,8.32,7.848,0.111,23
-24.2075,-67.2333,169.312,4.7,39,66.0,1.521,0.94,us,7.98,7.148,0.121,21
-5.465,150.9384,103.873,4.6,34,87.0,1.581,0.71,us,10.25,8.346,0.105,27
-5.7781,153.7053,17.876,4.3,27,120.0,2.201,0.96,us,10.97,5.515,0.116,21
-34.803,-109.2545,10.0,4.7,42,113.0,7.62,0.68,us,12.33,1.886,0.086,41
-33.7505,-179.3787,35.0,4.2,17,189.0,4.244,0.94,us,12.1,1.517,0.152,12
50.8934,158.3331,10.0,4.4,34,165.0,2.142,0.5,us,12.3,1.963,0.112,23
53.0425,161.1586,29.721,4.3,33,135.0,1.515,0.64,us,11.81,6.303,0.113,22
39.991,143.6448,10.0,4.5,25,143.0,2.055,0.51,us,7.25,1.914,0.157,12
1.5145,124.9711,177.068,4.0,22,83.0,0.149,0.85,us,7.82,4.271,0.156,11
30.4466,69.518,37.479,4.4,111,66.0,8.196,0.49,us,10.15,6.977,0.056,99
-63.4005,-167.8857,10.0,4.6,15,164.0,16.492,1.18,us,19.53,1.834,0.157,12
41.3365,142.8344,52.931,4.6,98,134.0,0.72,0.68,us,8.1,5.06,0.054,101
-1.2122,98.5369,10.0,4.4,16,192.0,2.678,1.07,us,7.95,1.843,0.202,7
8.3867,127.5392,10.0,4.6,57,63.0,2.342,0.7,us,7.87,1.866,0.084,45
-39.7842,-75.1812,10.0,4.2,16,191.0,1.355,0.56,us,5.54,1.949,0.304,3
-49.6431,122.0555,10.0,4.4,18,137.0,17.081,0.55,us,15.53,1.94,0.134,16
7.2829,126.7816,69.87,4.6,68,96.0,1.212,0.83,us,9.73,6.141,0.071,59
51.2005,157.2175,87.431,4.1,30,134.0,1.934,0.7,us,11.68,8.125,0.12,19
52.1171,-169.4631,35.0,4.6,94,178.0,0.689,0.98,us,5.23,1.93,0.062,76
16.1256,120.6539,10.0,4.7,66,107.0,6.669,0.81,us,11.17,1.918,0.077,51
52.7766,160.952,26.021,4.3,20,150.0,1.416,0.93,us,12.11,7.948,0.16,11
51.3831,159.6595,10.0,4.9,60,128.0,1.756,0.8,us,7.84,1.818,0.057,98
49.3543,157.6676,10.0,4.4,28,136.0,3.726,0.47,us,11.81,1.922,0.13,17
29.2994,129.3616,10.0,4.6,56,107.0,2.396,0.98,us,7.01,1.882,0.076,52
51.6512,159.7281,35.0,4.1,25,122.0,1.525,1.11,us,6.49,1.8,0.151,14
-19.3168,-69.1207,6.982,4.8,47,118.0,0.357,0.7,us,4.97,4.559,0.09,38
54.5414,-159.9198,20.655,4.1,67,157.0,0.348,1.07,us,4.72,6.144,0.157,11
51.9585,160.4532,42.798,4.2,15,154.0,1.534,0.72,us,12.8,11.21,0.16,11
53.0152,161.7833,10.0,4.7,148,114.0,1.893,0.57,us,10.42,1.882,0.044,155
-16.8994,-172.5286,10.0,4.6,23,166.0,3.059,0.75,us,10.29,2.274,0.122,20
51.4092,160.9922,10.0,4.0,18,129.0,2.166,0.6,us,6.84,1.796,0.232,5
7.3896,127.0323,10.0,5.0,75,53.0,1.476,1.35,us,6.56,1.818,0.05,130
-47.873,116.225,10.0,4.1,14,145.0,14.948,0.68,us,17.37,1.961,0.145,13
18.7959,145.561,227.288,4.3,57,97.0,3.542,1.04,us,9.47,8.604,0.077,48
-2.5868,139.5463,38.597,4.6,20,88.0,1.158,0.55,us,6.59,2.978,0.146,14
3.0448,128.8654,10.0,4.5,29,95.0,3.772,0.62,us,5.62,1.919,0.131,17
30.7267,70.2794,10.0,4.1,20,244.0,3.899,0.7,us,9.43,1.965,0.144,13
27.4107,54.8309,10.0,4.3,52,104.0,2.748,0.78,us,6.47,1.881,0.086,38
52.3124,160.2713,10.0,4.4,72,113.0,1.217,0.8,us,9.09,1.874,0.052,106
-3.3915,145.9476,10.0,4.6,22,71.0,1.95,0.58,us,8.09,1.775,0.141,15
-6.2539,149.149,55.607,4.6,26,131.0,3.635,0.91,us,12.03,8.707,0.122,20
9.1689,126.7853,9.868,4.7,21,101.0,2.403,0.88,us,10.75,4.713,0.147,14
42.6807,141.2242,130.202,4.3,18,74.0,1.58,1.3,us,7.57,4.302,0.169,10
-57.6714,157.9909,10.0,4.2,9,143.0,3.225,0.63,us,8.59,1.988,0.235,5
-41.246,-91.0587,10.0,4.4,27,143.0,14.345,0.64,us,9.74,1.922,0.115,22
-18.5359,-177.3719,392.932,4.5,114,121.0,3.722,0.63,us,12.43,8.049,0.047,136
50.2483,158.8277,10.0,4.6,37,134.0,2.781,0.48,us,9.97,1.911,0.109,25
9.9192,-70.6755,10.0,4.9,61,95.0,1.03,1.11,us,7.28,1.871,0.075,55
15.2256,120.4215,126.217,5.0,84,97.0,7.577,0.82,us,10.55,3.626,0.043,176
52.9192,159.8899,35.0,4.3,11,192.0,0.757,0.27,us,13.09,1.924,0.16,11
50.3823,159.0706,10.0,4.1,29,133.0,2.658,1.08,us,10.59,1.914,0.112,22
23.9344,122.3253,10.0,4.4,41,74.0,0.709,0.67,us,2.77,1.891,0.11,24
53.4639,160.0373,70.746,4.2,28,163.0,0.943,0.7,us,13.62,10.476,0.112,22
11.1307,124.1963,10.0,4.8,41,102.0,10.516,0.58,us,11.98,1.894,0.107,29
-1.0546,122.0296,22.132,4.3,41,52.0,0.742,1.16,us,3.63,5.462,0.103,28
-1.046,-13.0171,10.0,4.9,28,96.0,11.184,1.21,us,12.25,1.877,0.091,38
54.5541,-159.9971,35.16,3.9,45,158.0,0.365,0.73,us,4.6,7.232,0.133,15
10.4853,138.5123,10.0,4.7,32,107.0,5.065,0.54,us,10.59,1.899,0.123,20
-60.0526,-61.9887,10.0,5.0,44,125.0,4.835,0.71,us,6.45,1.727,0.091,38
51.9383,159.4489,35.0,4.2,29,124.0,1.192,0.55,us,9.81,1.951,0.11,23
-22.907,172.9271,10.0,4.6,22,123.0,5.067,0.9,us,6.77,1.853,0.14,15
31.767,50.9071,10.0,4.4,53,123.0,5.495,0.56,us,11.84,1.923,0.077,49
-35.4292,-71.2382,99.625,4.2,45,126.0,0.363,0.7,us,4.69,4.757,0.108,24
39.8676,143.2263,36.699,4.3,26,160.0,1.892,0.58,us,5.77,7.762,0.133,16
-6.2403,151.3994,10.0,4.3,26,113.0,2.02,0.47,us,8.94,1.76,0.106,25
-12.4679,167.1554,241.604,4.6,51,90.0,2.962,0.49,us,11.45,5.613,0.084,42
-20.8078,-178.6829,587.015,4.3,79,133.0,4.335,0.59,us,13.25,7.733,0.066,71
51.3292,159.5839,10.0,4.9,79,205.0,1.792,0.58,us,10.43,1.953,0.062,82
50.1812,158.172,10.0,4.5,73,134.0,2.862,0.55,us,9.86,1.883,0.071,59
18.7597,145.6392,149.037,4.2,14,127.0,3.502,0.77,us,17.21,9.995,0.152,12
5.7465,61.397,10.0,4.4,34,139.0,23.38,0.95,us,13.81,1.936,0.108,25
53.4759,160.134,59.949,4.3,46,114.0,1.0,0.49,us,11.84,8.662,0.08,45
10.8074,-62.9704,122.966,4.0,23,193.0,1.716,0.62,us,11.52,11.617,0.182,8
52.2122,160.634,16.666,4.5,75,150.0,1.457,0.81,us,9.44,5.513,0.071,58
10.8431,123.8854,10.0,4.3,24,161.0,4.106,0.48,us,15.06,1.928,0.129,17
40.2919,143.9546,10.0,4.4,17,147.0,1.824,0.63,us,7.34,1.95,0.169,12
-7.3196,147.8867,58.863,5.1,105,29.0,2.193,0.58,us,8.9,5.169,0.058,96
-55.6133,-26.8773,10.0,5.0,38,67.0,5.697,0.66,us,11.36,1.895,0.098,33
51.5493,160.6557,10.0,4.4,35,138.0,1.923,0.62,us,10.4,1.92,0.102,28
53.4084,160.671,38.728,4.3,30,145.0,1.275,1.22,us,11.22,9.269,0.111,23
52.4346,161.8002,10.0,4.4,27,126.0,2.004,0.91,us,9.15,1.914,0.117,21
51.457,159.4917,28.205,4.7,42,127.0,1.652,0.82,us,8.9,6.023,0.091,37
52.9538,160.7893,10.0,4.5,58,117.0,1.295,0.74,us,9.4,1.88,0.068,63
-7.4475,128.1956,168.092,4.4,28,61.0,4.511,1.18,us,8.86,3.21,0.123,19
-62.0195,-158.5718,10.0,4.7,14,97.0,19.273,0.88,us,16.34,1.885,0.152,13
-2.0984,139.2894,38.388,4.6,38,107.0,1.268,0.77,us,7.45,7.362,0.087,39
50.1168,159.9028,10.0,4.6,277,132.0,3.014,0.66,us,8.97,1.89,0.033,267
-13.3905,167.1888,186.092,4.7,50,68.0,2.044,1.1,us,6.95,5.876,0.053,110
-58.3778,-23.6582,10.0,4.8,37,70.0,15.826,0.69,us,6.18,1.858,0.09,38
-3.0414,135.9861,63.734,4.2,18,104.0,1.495,0.65,us,8.36,10.527,0.142,14
23.1609,123.4658,10.0,4.4,22,129.0,1.365,0.94,us,6.99,1.937,0.19,8
51.3918,159.5156,26.526,4.4,34,137.0,1.719,0.62,us,9.58,4.913,0.11,24
50.3763,157.2986,35.0,4.7,56,121.0,2.747,0.74,us,8.64,1.901,0.061,83
52.4526,160.726,10.0,4.2,17,122.0,1.386,0.99,us,11.03,1.936,0.175,10
-11.9776,166.3038,58.458,4.3,20,145.0,3.558,0.52,us,11.87,9.12,0.142,15
14.8937,146.2361,82.858,4.5,103,102.0,0.547,0.87,us,8.44,6.076,0.057,90
-2.9646,127.3166,46.359,4.1,30,48.0,4.459,0.59,us,7.33,9.652,0.144,13
50.7794,156.963,87.079,4.3,36,138.0,2.376,0.58,us,12.81,7.806,0.107,25
29.9125,80.9401,35.0,4.5,21,165.0,8.854,0.96,us,11.87,1.97,0.144,14
19.71,145.0356,192.863,4.2,29,136.0,4.502,0.41,us,11.96,7.428,0.121,19
51.5009,159.6624,32.366,4.2,39,151.0,1.647,1.0,us,10.36,5.906,0.1,29
52.8658,-168.371,52.18,3.3,21,171.0,0.312,0.68,us,5.04,7.864,0.125,15
36.8549,68.8945,10.0,4.4,54,111.0,1.811,1.04,us,6.42,1.912,0.092,36
-26.4331,-177.421,111.385,4.0,14,205.0,2.852,0.71,us,11.29,10.884,0.143,13
52.5202,162.3847,10.0,4.2,34,122.0,2.324,0.49,us,7.47,1.878,0.112,22
37.3914,141.0693,73.977,4.6,30,109.0,2.443,0.56,us,6.44,8.32,0.119,21
52.2171,-173.6219,10.0,3.6,65,171.0,0.293,0.67,us,5.11,1.397,0.167,9
-5.7723,101.6641,10.0,4.4,22,149.0,1.903,0.59,us,5.39,1.929,0.162,12
-7.1704,129.5056,10.0,4.4,21,95.0,5.03,1.01,us,7.27,1.938,0.19,8
-18.9916,-177.5644,505.168,4.1,29,88.0,3.845,0.8,us,15.92,9.935,0.107,24
1.6999,-84.6589,10.0,4.5,49,157.0,5.824,0.91,us,10.75,1.915,0.092,34
-3.8974,136.8548,138.225,4.3,26,69.0,1.974,0.38,us,3.58,7.382,0.114,22
36.4351,70.9622,121.312,4.3,26,88.0,2.233,1.32,us,7.55,8.818,0.161,11
-21.5882,-66.818,228.303,4.1,19,96.0,2.264,0.69,us,7.98,16.737,0.234,5
13.8349,-92.9186,10.0,4.1,62,162.0,1.505,0.85,us,6.54,1.958,0.08,43
-23.7405,-179.3795,395.029,4.1,28,172.0,5.652,0.49,us,15.96,10.586,0.107,24
-31.2441,-69.0682,115.025,4.1,33,122.0,0.454,0.78,us,4.19,5.251,0.214,6
-5.3708,133.6391,10.0,4.5,24,66.0,2.739,1.03,us,7.41,1.932,0.139,15
51.3849,159.5603,10.0,4.4,30,158.0,1.734,1.2,us,8.55,1.932,0.126,18
-57.5127,157.3086,10.0,5.0,30,136.0,3.158,1.14,us,13.33,1.941,0.107,28
52.686,159.214,62.336,4.5,51,119.0,0.481,1.27,us,8.85,5.812,0.048,128
51.4757,159.519,10.0,5.3,116,77.0,1.64,0.85,us,7.06,1.842,0.022,682
29.3104,129.5515,10.0,4.6,182,103.0,2.326,0.41,us,6.53,1.849,0.043,167
50.3116,157.6571,30.803,4.4,45,134.0,2.785,0.64,us,12.0,6.583,0.068,62
-54.0562,-133.4096,10.0,4.5,12,150.0,29.78,0.75,us,11.9,1.865,0.171,10
27.3882,129.3926,23.212,4.6,64,86.0,1.14,0.9,us,6.0,5.154,0.077,50
1.0681,100.1885,199.351,4.3,51,66.0,2.051,0.73,us,10.28,7.244,0.086,38
34.0726,24.5371,20.968,4.3,23,206.0,2.612,0.72,us,10.1,8.908,0.168,10
29.5759,51.466,10.0,4.6,49,69.0,6.248,0.89,us,8.99,1.871,0.061,81
-30.2772,-179.524,299.918,4.2,27,176.0,7.486,0.73,us,15.77,11.158,0.11,23
53.2613,-168.8849,106.171,4.0,48,103.0,0.29,0.43,us,7.98,6.187,0.092,32
-8.5233,118.3239,133.058,5.0,64,69.0,0.62,0.57,us,7.58,4.725,0.077,54
53.2871,161.6454,10.0,4.7,48,115.0,1.823,1.04,us,6.08,1.881,0.064,73
52.9721,160.6757,35.0,4.5,21,205.0,1.225,0.57,us,12.24,2.003,0.18,9
40.2428,24.0215,10.0,4.3,27,92.0,1.182,0.7,us,5.74,1.915,0.142,14
51.3466,159.5999,10.0,4.1,37,137.0,1.778,0.96,us,9.6,1.907,0.099,33
-5.2626,145.874,117.586,4.4,28,106.0,3.527,0.64,us,7.32,8.761,0.105,26
49.6092,156.5584,35.0,4.7,61,133.0,3.576,0.64,us,9.98,1.932,0.078,50
-22.1525,-67.3866,182.56,4.4,85,69.0,1.081,0.71,us,6.78,6.78,0.056,92
51.1875,159.7868,10.0,4.4,27,125.0,1.968,1.38,us,8.84,1.94,0.13,19
53.0157,160.7567,35.0,4.0,14,133.0,1.273,0.9,us,12.08,1.946,0.196,7
-6.7891,145.1184,10.0,4.3,17,91.0,3.292,0.57,us,9.74,1.882,0.137,15
77.9919,13.7415,10.0,4.6,50,153.0,0.577,0.42,us,7.3,1.903,0.089,38
29.1549,129.0816,10.0,4.3,25,104.0,2.418,1.06,us,5.82,1.799,0.168,10
50.4674,157.669,35.0,4.9,57,123.0,2.631,0.52,us,10.48,1.909,0.028,399
-38.5674,175.6741,151.908,4.1,24,58.0,0.471,0.37,us,4.89,3.03,0.166,10
51.8876,161.0691,10.0,4.8,105,126.0,1.867,0.76,us,9.38,1.892,0.038,219
-28.9279,-176.8872,10.0,4.5,24,108.0,9.502,1.09,us,13.84,1.912,0.115,22
36.1705,34.1984,10.0,4.2,26,107.0,1.399,0.94,us,5.29,1.654,0.2,7
52.0672,159.8494,35.0,4.2,33,113.0,1.206,0.84,us,6.17,1.915,0.105,25
52.7186,160.7976,10.0,4.2,25,120.0,1.337,0.69,us,6.52,1.81,0.121,19
34.9601,104.6772,10.0,4.6,54,92.0,1.277,0.52,us,9.78,1.894,0.083,43
1.5904,123.9628,298.53,4.2,26,77.0,2.873,0.42,us,10.32,9.442,0.132,16
52.2378,160.0571,35.0,4.1,13,175.0,1.164,0.86,us,11.83,1.947,0.234,6
17.5359,-96.8204,56.197,4.1,110,154.0,1.666,0.78,us,9.85,13.138,0.051,104
29.3037,129.4602,10.0,4.7,77,87.0,2.359,0.73,us,6.89,1.856,0.072,58
52.8784,160.3235,35.0,4.3,26,116.0,1.023,0.91,us,9.99,1.923,0.113,22
-36.8899,106.5942,10.0,4.7,30,51.0,9.592,0.58,us,10.26,1.828,0.112,24
51.7576,160.5245,10.0,4.4,22,192.0,1.711,1.06,us,8.19,1.968,0.134,16
29.277,129.5242,10.0,4.3,18,111.0,2.365,0.32,us,5.97,1.916,0.177,10
-1.6228,99.6909,37.364,4.6,13,194.0,3.595,0.66,us,8.92,9.92,0.207,7
-24.96,179.8016,520.296,4.5,67,132.0,7.362,0.88,us,13.56,7.696,0.074,54
79.6091,4.0277,10.0,4.7,98,60.0,1.638,0.49,us,8.38,1.26,0.059,89
52.199,160.5367,10.0,4.4,23,143.0,1.416,1.15,us,10.02,1.928,0.123,19
29.211,129.4627,10.0,4.5,19,135.0,2.445,1.07,us,6.44,1.92,0.157,12
-45.9818,95.6026,10.0,4.4,21,110.0,33.553,0.61,us,8.09,1.909,0.124,19
41.5672,142.1152,59.846,4.3,84,122.0,0.898,0.74,us,6.58,7.974,0.065,67
52.7354,161.0394,10.0,4.2,42,148.0,1.477,0.88,us,10.39,1.931,0.102,27
52.7606,160.7728,10.0,4.3,44,143.0,1.313,0.59,us,9.78,1.954,0.094,32
30.6523,107.094,13.2,4.5,23,117.0,6.005,0.23,us,12.9,3.996,0.145,14
44.605,149.1421,35.0,4.6,73,143.0,4.721,0.66,us,11.54,1.925,0.072,57
42.3005,144.6126,41.853,4.5,74,134.0,1.119,0.7,us,3.15,7.024,0.052,108
52.9126,160.6553,35.0,4.1,25,146.0,1.218,0.65,us,9.96,1.983,0.124,18
9.4054,40.0981,10.0,4.6,46,174.0,1.489,0.72,us,10.28,1.952,0.081,45
-29.9747,-71.1453,86.389,4.2,21,93.0,0.098,0.45,us,2.45,7.163,0.216,6
53.3368,-164.1309,16.555,4.4,74,167.0,1.169,0.84,us,5.1,4.921,0.076,52
-59.7937,-26.2061,13.731,4.4,33,115.0,15.141,1.2,us,14.39,6.361,0.097,31
18.6007,147.7537,10.0,4.0,13,172.0,3.834,0.33,us,14.5,1.962,0.231,6
-39.3222,-75.076,10.0,4.3,15,178.0,1.391,0.8,us,8.83,1.959,0.218,6
51.5614,159.0909,35.0,4.1,45,127.0,1.489,0.9,us,10.33,1.936,0.086,39
-18.1439,-179.3826,647.752,4.6,107,44.0,2.041,0.83,us,10.66,4.657,0.029,352
51.2504,161.0323,10.0,4.1,31,130.0,2.304,0.73,us,4.4,1.91,0.12,19
19.0137,96.264,10.0,4.6,69,58.0,1.634,0.57,us,6.06,1.867,0.074,54
11.6461,-86.4167,87.746,4.5,68,136.0,1.199,0.81,us,8.14,8.288,0.071,57
53.2921,159.9945,49.698,4.2,27,164.0,0.853,0.74,us,13.2,14.446,0.1,28
17.0899,-85.274,10.0,4.7,59,52.0,4.649,1.02,us,8.29,1.929,0.031,311
4.1814,62.7163,10.0,4.9,82,45.0,10.731,0.89,us,6.9,1.875,0.068,68
26.6443,54.1759,15.34,4.5,110,76.0,2.491,0.43,us,8.03,4.336,0.055,102
0.7343,118.5703,13.398,4.5,49,69.0,1.033,0.5,us,4.91,4.689,0.092,35
-59.3685,-25.501,35.0,5.2,108,69.0,18.611,0.42,us,9.33,1.798,0.056,105
-17.758,-176.8844,385.124,4.1,32,91.0,3.801,0.94,us,8.66,7.059,0.114,21
23.9296,122.3211,22.534,4.3,29,84.0,0.707,0.62,us,3.18,5.819,0.154,12
-24.3102,-67.0928,172.477,5.0,89,41.0,1.679,1.35,us,8.61,6.523,0.025,509
18.8501,145.7151,201.514,4.7,96,84.0,3.59,0.82,us,9.99,7.219,0.031,317
28.0958,103.5573,10.0,4.3,24,162.0,7.838,0.59,us,12.88,1.942,0.137,15
2.9959,128.2359,62.029,4.2,21,86.0,2.374,0.71,us,3.8,8.706,0.159,12
52.263,160.126,32.103,4.4,36,123.0,1.179,0.52,us,7.93,5.667,0.097,31
51.7025,159.1251,60.521,5.1,58,127.0,1.355,0.65,us,10.95,7.016,0.071,64
-6.2417,130.006,159.763,4.3,24,117.0,1.711,0.6,us,10.6,8.204,0.129,17
52.2697,160.473,10.0,4.7,60,162.0,1.343,1.0,us,10.09,1.929,0.063,76
-18.1195,168.153,130.623,4.0,15,186.0,4.322,0.67,us,10.31,11.162,0.173,9
-15.9896,-173.4176,10.0,4.8,39,55.0,3.255,0.71,us,8.93,1.872,0.05,123
52.7286,160.5232,10.0,4.8,31,110.0,1.173,1.28,us,5.66,1.839,0.101,30
21.0837,121.9257,10.0,4.8,117,78.0,1.896,0.73,us,2.31,1.839,0.049,127
-10.4808,124.6142,10.0,4.4,12,136.0,0.798,1.24,us,8.72,1.774,0.204,7
-14.943,66.9766,10.0,4.4,25,109.0,5.896,0.94,us,13.35,1.765,0.134,16
-40.9829,-86.9533,10.0,4.6,45,121.0,9.769,1.28,us,11.83,1.928,0.096,32
27.4785,52.6021,10.0,4.5,68,80.0,4.103,0.37,us,8.67,1.86,0.065,69
43.5958,147.717,35.0,5.1,64,135.0,3.708,0.94,us,11.38,1.925,0.057,100
51.3799,159.7982,10.0,4.3,23,129.0,1.791,0.61,us,8.5,1.787,0.148,13
52.5279,158.9657,67.462,4.3,53,212.0,0.532,0.65,us,9.49,6.534,0.087,38
27.0516,-44.3397,10.0,4.5,17,119.0,42.586,0.7,us,15.13,1.912,0.163,11
-23.988,-177.3339,212.569,4.8,29,181.0,7.561,0.71,us,18.04,11.636,0.102,30
-18.2942,-178.3418,577.516,4.4,24,93.0,2.835,0.71,us,16.98,12.092,0.12,20
60.9532,-28.0169,10.0,4.7,91,94.0,4.886,1.0,us,8.74,1.889,0.039,193
39.1454,28.1083,17.179,4.0,28,57.0,0.939,0.99,us,4.23,2.814,0.26,4
16.8258,-93.795,165.948,4.5,117,100.0,0.593,0.8,us,6.83,6.118,0.053,109
-6.7017,129.8172,160.711,4.7,55,31.0,2.167,0.8,us,8.37,7.13,0.079,49
41.0949,43.8586,13.666,4.4,21,89.0,0.176,0.66,us,5.32,3.49,0.13,17
53.2758,160.3532,45.017,4.1,66,130.0,1.057,0.58,us,10.35,6.636,0.075,51
-30.3971,-176.88,10.0,4.4,23,180.0,1.466,0.58,us,7.36,1.725,0.127,18
-54.5264,-135.5028,10.0,4.9,37,63.0,28.586,1.09,us,12.89,1.894,0.096,38
51.4481,161.4189,10.0,4.1,39,122.0,2.321,0.74,us,10.11,1.929,0.101,27
-1.8217,139.2059,17.683,4.8,36,98.0,1.263,0.56,us,4.86,4.666,0.111,25
5.9272,61.3713,10.0,4.3,16,194.0,23.225,0.57,us,11.07,1.94,0.177,9
-15.2332,-174.4557,10.0,4.6,68,125.0,26.112,0.53,us,12.26,1.877,0.067,65
-58.0595,-24.6223,10.0,5.2,108,39.0,7.625,0.69,us,10.26,1.778,0.06,92
-4.6311,104.7303,193.05,4.9,85,63.0,0.743,0.88,us,7.48,1.061,0.064,77
50.5209,158.2162,10.0,4.8,92,124.0,2.521,0.84,us,8.33,1.872,0.034,267
14.4113,-92.8717,45.171,4.3,72,131.0,1.282,1.13,us,8.3,8.944,0.068,62
-5.7989,147.903,161.579,4.2,16,188.0,3.657,0.48,us,13.7,10.08,0.186,9
40.5884,141.9801,56.25,4.1,20,155.0,0.724,1.17,us,5.87,8.462,0.158,11
48.4259,84.2462,10.0,4.5,54,111.0,1.05,0.62,us,6.02,1.914,0.083,42
51.4736,158.4131,48.203,4.3,66,134.0,1.559,0.72,us,4.9,7.584,0.075,50
-19.2671,-177.6451,596.72,4.5,65,82.0,3.972,0.71,us,12.41,7.352,0.032,283
2.5161,126.9979,57.908,4.2,17,136.0,1.771,0.39,us,6.97,8.866,0.16,11
-15.0801,167.6184,127.744,4.7,20,106.0,0.542,0.89,us,12.94,5.72,0.159,12
-6.5375,129.9481,130.852,4.2,20,127.0,2.002,0.6,us,10.05,8.549,0.175,9
-30.785,-178.5347,10.0,4.6,16,253.0,7.248,0.23,us,8.35,1.98,0.157,12
-0.4948,-20.0117,10.0,4.6,25,100.0,9.131,0.73,us,7.6,1.709,0.136,16
-6.4851,153.2283,10.0,4.5,36,149.0,2.473,0.71,us,12.77,1.916,0.101,29
-47.4197,-13.2132,10.0,5.2,56,74.0,10.366,0.6,us,10.28,1.877,0.069,68
-6.801,129.6699,145.454,4.2,12,80.0,4.634,0.59,us,13.56,6.948,0.175,10
-25.5645,179.6055,519.439,4.4,30,136.0,9.044,0.72,us,15.2,11.494,0.109,24
49.3739,119.6641,10.0,4.3,37,78.0,0.116,0.35,us,6.87,1.872,0.113,22
-47.3633,165.4721,10.0,4.3,37,99.0,1.457,0.91,us,8.11,1.922,0.177,9
-4.7483,69.0774,10.0,4.5,25,61.0,4.274,1.03,us,10.01,1.512,0.121,20
53.3968,-163.5758,11.462,3.6,68,189.0,1.254,0.51,us,4.15,6.481,0.157,10
-57.6755,157.4881,10.0,4.3,13,145.0,3.287,0.88,us,10.55,1.948,0.2,7
49.8334,155.8118,64.365,4.7,77,132.0,3.485,0.59,us,3.9,6.798,0.035,251
51.4184,159.3579,34.903,4.3,24,126.0,1.665,0.55,us,12.08,6.561,0.126,18
4.7746,125.0585,10.0,4.6,33,98.0,0.421,1.39,us,5.92,1.876,0.111,24
49.9147,159.3534,10.0,4.7,50,136.0,3.144,0.69,us,9.8,1.884,0.042,173
-5.0562,151.1592,141.886,4.2,34,93.0,1.14,0.72,us,11.26,3.116,0.1,28
52.71,160.0361,38.251,4.3,59,107.0,0.897,0.64,us,9.15,7.49,0.055,94
14.7688,-92.7012,48.571,4.3,23,176.0,0.569,1.04,us,3.93,12.124,0.2,7
-3.7474,-80.9351,25.8,4.4,61,107.0,2.075,0.78,us,7.84,6.341,0.073,55
-19.0942,169.6384,10.0,4.2,26,109.0,4.057,0.81,us,8.52,1.914,0.121,19
15.52,120.0935,59.843,4.7,62,80.0,7.318,0.8,us,9.77,7.196,0.086,41
29.3051,129.4331,10.0,4.9,70,33.0,2.367,1.05,us,5.14,1.866,0.045,158
51.4203,159.505,24.468,4.5,27,127.0,1.69,1.1,us,9.82,5.626,0.115,22
51.6403,159.2254,35.0,5.2,39,120.0,1.43,0.33,us,9.44,1.922,0.144,16
45.1009,149.5681,88.928,4.7,74,127.0,5.076,0.68,us,10.58,7.688,0.07,62
-6.2494,151.3713,10.0,4.5,19,196.0,2.192,1.1,us,12.86,1.972,0.163,11
51.1417,159.6181,10.0,4.4,22,136.0,1.977,0.67,us,10.34,1.918,0.148,13
51.6817,159.1515,35.0,4.5,38,166.0,1.379,0.6,us,11.3,1.969,0.1,29
-11.8875,165.3115,10.0,4.6,32,110.0,3.987,0.82,us,8.94,1.862,0.078,49
36.7989,74.5496,10.0,4.7,77,84.0,2.231,0.73,us,9.58,1.841,0.062,79
51.1478,159.3769,10.0,4.7,18,138.0,1.931,1.35,us,10.87,1.934,0.159,12
1.3857,125.7798,65.736,5.0,102,83.0,3.338,1.16,us,6.8,6.544,0.059,91
65.8944,-37.5295,10.0,4.5,47,131.0,5.365,0.88,us,9.09,1.931,0.052,107
-5.1529,147.9095,10.0,4.4,32,67.0,3.136,0.66,us,5.65,1.608,0.115,22
29.1796,87.0157,10.0,5.0,73,73.0,3.624,0.75,us,7.3,1.476,0.044,165
52.7989,161.1886,10.0,5.3,100,131.0,1.554,0.8,us,9.67,1.88,0.038,227
28.0705,57.4736,10.0,4.4,30,147.0,3.314,0.83,us,10.76,1.909,0.103,27
51.585,159.8996,10.0,5.7,75,60.0,1.632,0.98,us,8.26,1.813,0.047,161
53.2139,160.1316,58.5,4.8,78,134.0,0.913,0.6,us,9.07,6.748,0.054,107
52.1919,160.1743,34.0,4.8,60,137.0,1.248,1.17,us,5.64,5.681,0.08,51
53.1411,160.224,62.626,4.6,83,117.0,1.522,0.61,us,10.07,7.441,0.06,84
52.9218,160.7749,10.0,4.5,30,127.0,1.289,0.91,us,7.65,1.893,0.103,28
-1.9432,139.1006,35.0,4.3,15,124.0,1.122,0.84,us,6.31,1.945,0.177,9
-5.0344,101.7423,10.0,4.4,26,83.0,1.382,0.65,us,4.54,1.909,0.138,15
-24.4318,-67.2982,200.54,4.2,25,75.0,1.68,0.89,us,7.06,11.735,0.147,13
51.694,-170.6741,18.771,4.5,90,138.0,1.193,1.26,us,5.87,5.06,0.037,211
53.063,161.0883,10.0,4.2,24,182.0,1.473,0.65,us,11.12,1.849,0.11,23
53.5814,-164.1676,45.308,3.3,28,209.0,1.022,0.44,us,2.66,12.045,0.241,4
15.0734,-91.2919,192.348,4.5,64,83.0,0.571,1.08,us,5.85,5.225,0.044,152
-33.4325,-71.9363,31.625,4.4,45,146.0,0.35,0.47,us,4.13,5.636,0.098,30
-17.7719,167.7389,10.0,4.7,26,146.0,2.368,0.42,us,6.81,1.847,0.117,22
-20.7635,-177.935,466.672,4.4,58,132.0,4.835,0.68,us,14.82,8.26,0.071,57
12.7999,123.5914,10.0,4.5,45,91.0,8.229,0.61,us,4.92,1.894,0.103,28
50.9799,159.4363,10.0,4.3,15,256.0,2.386,0.49,us,14.04,2.001,0.169,10
-63.458,173.854,10.0,4.3,11,217.0,14.624,1.04,us,11.72,2.011,0.189,8
53.0277,160.7846,35.0,4.7,63,134.0,1.289,0.68,us,8.78,1.922,0.075,54
46.7123,145.0261,369.773,4.3,73,107.0,1.575,0.63,us,10.6,6.407,0.044,146
50.2371,158.41,10.0,4.4,34,216.0,2.794,0.82,us,10.03,1.97,0.105,26
51.3683,159.3155,35.0,4.9,16,197.0,1.708,0.34,us,11.92,1.992,0.155,13
-32.2417,-71.0736,84.337,4.1,31,117.0,0.215,0.34,us,4.29,5.506,0.186,8
52.1637,159.0157,61.099,4.1,36,162.0,0.889,0.59,us,9.4,7.804,0.103,26
-27.8088,-66.3085,143.072,4.7,51,46.0,3.619,0.72,us,7.8,6.782,0.043,162
-10.8013,161.8095,35.0,4.5,24,138.0,2.279,0.65,us,11.99,1.937,0.115,23
-19.9342,-177.8107,554.348,4.1,20,113.0,4.359,0.7,us,15.71,9.132,0.14,14
9.5382,94.0096,10.0,4.5,27,135.0,5.602,0.78,us,11.06,1.94,0.128,18
-31.415,-67.7291,10.0,4.5,35,41.0,0.815,1.1,us,5.35,1.9,0.121,21
-32.0064,-69.265,118.123,4.5,58,41.0,0.683,0.92,us,4.97,5.805,0.056,95
52.4067,160.5803,10.0,4.6,59,122.0,1.327,0.86,us,8.15,1.89,0.07,60
29.4902,129.073,10.0,4.5,37,106.0,2.338,0.76,us,5.12,1.883,0.103,28
17.2366,19.5868,10.0,4.4,24,247.0,14.318,0.39,us,8.41,2.012,0.126,18
36.1436,76.9652,10.0,4.1,32,151.0,4.18,0.61,us,9.53,1.935,0.126,17
-6.2374,151.739,10.0,4.6,28,83.0,5.521,0.59,us,6.77,1.732,0.119,21
53.3099,159.2493,19.149,5.1,22,115.0,0.461,0.82,us,5.62,4.745,0.181,10
-11.0621,-77.9333,48.19,4.6,37,141.0,1.41,0.67,us,5.14,7.733,0.084,44
53.2655,160.1198,59.522,4.4,127,120.0,1.465,0.48,us,8.98,6.127,0.05,117
-15.4825,-174.7845,155.759,4.6,26,68.0,3.299,0.3,us,13.12,7.978,0.137,16
51.6356,159.071,35.0,4.3,26,137.0,1.414,0.63,us,11.74,1.946,0.116,21
-24.2743,-67.2303,168.914,4.2,23,65.0,1.578,0.99,us,11.71,10.609,0.167,10
51.4339,158.7407,35.0,4.8,36,181.0,1.593,0.8,us,11.61,1.971,0.082,46
53.8472,160.0143,81.974,4.6,43,168.0,1.161,0.66,us,11.32,9.072,0.085,45
50.0813,155.8287,75.895,4.8,84,135.0,3.248,0.51,us,9.68,6.932,0.031,316
29.5916,129.679,8.368,4.9,106,70.0,2.025,0.53,us,7.46,4.688,0.052,116
50.8173,157.7211,39.461,5.4,36,184.0,2.295,0.62,us,12.25,8.08,0.121,23
-3.1216,148.4702,10.0,4.9,63,150.0,1.538,0.67,us,9.86,1.872,0.075,56
23.7593,122.4732,10.0,4.4,25,97.0,0.859,0.68,us,3.14,1.818,0.178,9
-57.85,157.672,34.726,4.6,32,100.0,3.434,0.4,us,13.45,2.423,0.112,24
16.4974,146.0926,130.853,4.2,19,155.0,1.283,0.43,us,18.14,9.362,0.137,15
-20.7601,-71.9799,10.0,4.5,36,139.0,1.71,0.77,us,6.79,1.904,0.171,10
50.1343,156.9345,51.578,5.0,93,102.0,3.016,0.54,us,10.22,6.168,0.023,587
-5.6401,152.468,10.0,4.3,22,167.0,1.471,0.73,us,6.54,1.952,0.133,16
11.6266,-86.3268,76.518,4.3,28,132.0,0.525,0.67,us,4.94,6.894,0.091,34
45.0982,150.233,10.0,4.6,52,137.0,5.542,1.15,us,13.18,1.919,0.085,41
-13.6474,167.108,211.272,4.3,30,90.0,7.375,0.82,us,12.3,6.482,0.113,24
43.0011,145.3606,55.608,4.1,16,184.0,1.904,0.61,us,11.43,11.85,0.185,8
-2.9425,136.3261,10.0,4.4,32,47.0,1.817,0.73,us,3.54,1.715,0.112,24
-20.9122,-179.1043,655.017,4.1,39,136.0,4.139,0.63,us,9.12,8.286,0.082,41
50.259,157.0046,35.0,4.5,60,109.0,2.886,0.69,us,11.11,1.91,0.07,59
1.453,126.4287,52.071,4.3,27,98.0,3.393,0.74,us,9.35,8.298,0.138,17
50.4631,158.4999,50.724,4.5,61,135.0,2.566,0.73,us,6.19,6.818,0.073,56
34.6164,70.6351,10.0,4.4,36,144.0,1.242,0.77,us,7.39,1.943,0.118,21
49.1775,156.4662,35.0,4.8,151,116.0,4.012,0.5,us,9.61,1.893,0.032,307
32.1565,140.3549,96.348,4.5,77,114.0,4.221,0.78,us,8.23,5.742,0.066,67
51.9725,160.1045,48.566,4.8,75,163.0,1.378,0.81,us,11.29,7.752,0.071,62
32.3871,105.1519,10.0,4.3,30,96.0,3.759,0.56,us,11.66,1.908,0.117,21
-23.5635,-66.7888,199.067,4.2,24,81.0,1.416,0.67,us,7.65,9.274,0.176,9
51.2528,159.9104,10.0,4.4,27,155.0,1.936,1.05,us,8.58,1.954,0.13,17
52.1862,160.3937,35.0,4.8,53,123.0,1.884,0.85,us,10.08,1.923,0.08,49
55.9258,162.6895,46.586,4.1,23,150.0,3.743,0.39,us,8.15,9.932,0.12,19
51.8198,161.2018,10.0,4.2,35,120.0,1.973,1.02,us,10.62,1.922,0.092,34
2.7115,-31.2577,10.0,4.3,24,84.0,9.667,0.87,us,4.51,1.892,0.119,20
34.5946,140.4511,96.05,4.1,23,137.0,1.568,0.73,us,9.87,8.161,0.139,14
21.4488,96.0769,10.0,4.3,20,112.0,1.108,0.49,us,6.23,1.931,0.201,7
11.3625,139.4032,10.0,4.4,18,152.0,5.778,0.47,us,7.65,1.95,0.149,13
52.6014,160.4716,44.27,4.1,22,137.0,1.184,1.09,us,10.84,7.579,0.165,11
16.5883,41.0434,10.0,4.3,48,125.0,3.8,1.24,us,13.07,1.947,0.078,46
-20.347,-178.4716,600.131,4.8,84,38.0,4.184,0.7,us,11.48,5.876,0.03,349
14.5607,-94.163,10.0,4.2,28,202.0,1.946,0.86,us,7.48,1.978,0.115,21
-6.1547,151.4009,10.0,4.5,20,162.0,2.093,0.78,us,10.63,1.949,0.1,33
-12.5965,-14.8284,10.0,4.5,20,105.0,4.657,0.65,us,7.86,1.914,0.135,16
51.7916,159.2703,66.976,4.6,18,125.0,1.291,0.67,us,10.56,8.163,0.146,14
35.7405,88.5284,10.0,4.3,25,121.0,6.406,0.77,us,12.04,1.934,0.133,16
-30.7593,-177.8487,49.896,4.5,20,114.0,1.494,0.95,us,11.64,9.38,0.135,16
43.2082,148.2215,10.0,4.3,32,137.0,3.923,1.02,us,8.58,1.791,0.116,21
50.1518,158.1682,20.654,4.2,13,176.0,2.891,0.99,us,10.03,7.899,0.186,8
39.9983,142.5154,39.281,4.4,20,144.0,1.361,0.51,us,5.21,10.631,0.203,7
-13.6599,-74.7467,90.914,4.9,119,124.0,2.634,0.63,us,7.96,4.985,0.05,126
51.453,159.6794,10.0,4.4,25,127.0,1.695,0.91,us,9.04,1.908,0.139,15
0.0347,98.1087,10.0,4.2,15,199.0,2.764,0.51,us,12.1,1.975,0.186,8
60.3639,-139.4748,5.0,4.1,34,116.0,0.472,0.8,us,4.89,1.958,0.234,5
-56.2953,-26.8369,76.161,5.2,32,68.0,5.871,0.65,us,11.57,6.885,0.086,44
56.983,-33.5585,10.0,4.6,53,108.0,7.404,0.82,us,9.92,1.914,0.087,39
50.5248,157.8161,28.78,4.7,143,134.0,2.555,0.58,us,9.87,4.512,0.049,127
35.1068,25.3162,10.0,4.3,83,93.0,0.393,0.7,us,3.98,1.806,0.062,73
52.4628,160.6428,10.0,4.3,29,159.0,1.335,1.15,us,9.98,1.966,0.11,23
52.6613,161.6762,10.0,4.3,20,147.0,1.871,0.95,us,10.94,1.953,0.169,10
-2.1019,138.9885,35.0,4.6,41,75.0,0.972,0.48,us,5.64,1.414,0.091,36
51.4008,-174.942,35.0,3.7,41,215.0,0.848,1.02,us,5.34,2.012,0.115,19
-24.31,-67.2445,187.979,4.5,23,67.0,1.601,0.73,us,10.94,10.213,0.128,18
52.3267,160.8481,32.872,4.1,22,88.0,1.509,0.78,us,10.97,6.422,0.131,16
13.6724,92.7915,10.0,4.7,46,68.0,6.925,0.59,us,7.19,1.868,0.093,35
18.2311,146.1409,171.084,4.1,18,122.0,2.993,1.18,us,15.23,7.901,0.165,10
-21.1671,-173.342,10.0,4.6,28,122.0,3.824,0.88,us,9.95,1.89,0.119,21
2.9712,-31.3943,10.0,4.8,157,123.0,9.831,0.64,us,10.65,1.875,0.047,147
-4.5098,-12.5439,10.0,4.5,39,79.0,3.85,0.55,us,11.68,1.886,0.099,30
51.29,159.761,10.0,4.3,18,194.0,1.866,0.3,us,11.65,1.979,0.161,13
41.0148,142.6678,51.628,4.5,64,134.0,1.065,0.67,us,6.32,7.375,0.071,58
-5.7849,154.2729,142.013,4.2,24,128.0,2.631,0.37,us,12.24,7.398,0.121,20
-60.0779,-62.4141,10.0,4.5,34,127.0,4.775,0.76,us,9.11,1.885,0.103,31
15.9993,119.9288,55.586,4.5,43,113.0,6.869,1.01,us,11.38,7.169,0.089,37
42.752,145.9512,35.0,5.2,79,122.0,2.197,0.66,us,8.33,1.866,0.026,486
23.4757,94.7072,102.184,4.4,60,67.0,2.267,0.62,us,10.08,7.216,0.077,49
50.1139,157.3182,60.237,4.2,34,144.0,3.008,0.6,us,11.88,7.926,0.112,22
-41.6242,-83.5423,10.0,4.6,29,139.0,9.837,0.97,us,6.97,1.923,0.105,27
-15.9149,-69.6124,222.783,4.7,67,104.0,1.472,0.87,us,9.5,5.559,0.029,361
29.1109,87.0043,10.0,4.1,36,168.0,3.646,1.26,us,10.55,1.93,0.103,26
-24.2547,-175.9875,10.0,5.4,95,74.0,7.635,0.87,us,11.82,1.798,0.056,109
50.4242,159.7308,10.0,4.4,40,136.0,2.688,0.63,us,10.98,1.918,0.065,69
52.5887,160.8157,35.0,4.5,28,131.0,1.385,0.41,us,13.63,1.942,0.111,24
-6.276,152.7488,10.0,4.4,39,149.0,2.085,0.72,us,10.41,1.91,0.1,29
-9.5367,159.2885,10.726,4.9,65,46.0,0.657,0.62,us,6.73,4.405,0.073,59
52.9244,161.1829,10.0,4.3,20,188.0,1.535,1.13,us,11.05,1.991,0.133,16
51.3285,159.4095,10.0,4.5,33,230.0,1.761,0.81,us,10.03,1.962,0.097,31
37.066,141.966,44.433,4.5,56,116.0,3.06,0.58,us,9.7,5.902,0.083,42
-36.4696,177.3638,10.0,4.5,23,214.0,1.326,0.76,us,6.22,1.959,0.221,6
54.44,-160.098,49.646,3.3,66,196.0,0.491,0.9,us,5.9,11.664,0.218,5
49.4872,156.3144,35.049,4.1,26,230.0,3.729,0.73,us,14.91,10.639,0.131,16
0.383,125.4483,64.101,4.7,93,49.0,1.217,1.02,us,6.25,6.768,0.052,114
50.9192,159.0129,10.0,4.2,24,181.0,2.119,0.82,us,11.79,1.985,0.14,14
30.2332,103.1203,10.0,4.3,35,92.0,5.515,0.69,us,9.03,1.908,0.109,24
52.701,161.0674,17.418,4.9,70,118.0,1.501,0.97,us,5.84,3.685,0.029,373
-20.457,-178.0553,531.75,4.4,52,98.0,4.563,0.97,us,12.23,7.587,0.044,161
10.575,92.8178,58.539,4.5,26,89.0,9.825,0.7,us,13.3,5.629,0.14,16
46.4059,150.043,10.0,4.4,31,134.0,5.042,0.87,us,13.04,1.898,0.109,24
-10.2357,123.8332,10.0,4.1,15,86.0,0.641,0.76,us,5.54,1.949,0.151,12
28.8711,129.9377,10.0,4.5,35,179.0,2.507,0.79,us,7.02,1.917,0.09,36
-22.7921,-65.999,264.991,4.4,63,41.0,2.017,0.77,us,8.46,7.366,0.081,44
53.3411,160.8556,35.0,4.6,43,137.0,1.365,0.59,us,11.58,1.934,0.103,28
24.5928,122.0668,62.593,4.3,61,51.0,0.599,0.57,us,3.59,4.669,0.091,38
51.6023,159.5305,10.0,4.8,78,126.0,1.523,0.69,us,7.63,1.864,0.057,97
52.5879,160.8269,10.0,4.4,27,109.0,1.392,1.2,us,12.27,1.913,0.126,18
-21.8,-68.6279,121.783,4.2,21,54.0,0.571,0.68,us,6.0,5.948,0.186,8
8.9324,-66.8932,8.446,4.3,38,68.0,2.58,0.59,us,7.72,4.189,0.129,17
52.7834,160.6207,21.723,4.1,34,119.0,1.218,1.1,us,9.77,6.502,0.111,23
53.1484,161.3976,10.0,4.2,19,195.0,1.662,0.37,us,15.7,1.983,0.2,8
-52.9829,21.7342,10.0,4.6,20,120.0,20.602,0.84,us,13.39,1.916,0.122,20
2.8461,128.5351,10.0,4.4,36,72.0,2.368,0.73,us,7.27,1.882,0.112,23
-8.1755,108.5767,104.695,4.1,21,106.0,1.16,0.78,us,7.75,7.368,0.151,13
17.6627,60.213,10.0,4.3,46,103.0,8.152,1.2,us,12.4,1.908,0.089,36
7.2661,126.9284,77.954,4.7,76,103.0,1.353,0.55,us,8.27,6.23,0.069,64
-21.8724,179.7395,599.507,4.5,52,58.0,4.402,0.75,us,13.81,10.234,0.082,44
13.21,50.9393,10.0,4.1,18,144.0,8.081,0.35,us,15.88,1.942,0.165,10
31.8975,131.843,42.271,4.5,51,126.0,1.247,0.82,us,7.0,7.79,0.083,43
-22.9512,-66.7768,197.503,4.4,42,89.0,1.292,0.71,us,10.0,7.714,0.095,32
50.9313,158.6765,35.0,4.4,22,137.0,2.095,0.4,us,11.39,1.946,0.13,17
-22.3336,-179.5994,575.055,4.4,43,107.0,5.07,0.57,us,13.51,9.238,0.095,32
-17.5347,-178.4236,530.45,4.4,59,77.0,2.358,0.67,us,13.86,8.549,0.061,76
49.9506,159.0301,10.0,4.3,19,136.0,3.086,0.82,us,10.27,1.919,0.177,9
52.5439,160.992,10.0,4.2,20,203.0,1.501,1.01,us,10.47,1.856,0.167,10
-24.1169,179.1512,545.062,4.7,97,43.0,5.754,0.68,us,11.6,5.99,0.032,299
52.3722,160.6769,26.021,4.9,66,122.0,1.395,1.0,us,8.58,5.452,0.044,165
50.5498,159.2551,10.0,4.4,43,132.0,2.506,0.56,us,6.12,1.891,0.085,40
52.1584,160.4659,10.0,4.5,33,120.0,1.406,1.32,us,5.42,1.904,0.102,28
49.8602,159.4591,10.0,4.3,41,136.0,3.208,0.77,us,10.14,1.915,0.1,33
7.1992,127.0043,37.992,4.4,31,127.0,1.42,0.85,us,5.73,6.259,0.123,23
49.3466,157.3035,20.729,4.4,33,136.0,3.775,0.83,us,14.18,6.649,0.11,24
10.4022,126.5293,10.0,4.5,20,118.0,3.442,0.94,us,10.7,1.902,0.131,17
51.291,-178.4942,35.0,3.7,37,206.0,0.33,0.79,us,3.74,1.864,0.152,11
53.0919,160.5304,41.941,4.1,58,137.0,1.137,0.95,us,12.25,8.059,0.079,43
51.4337,159.5434,10.0,5.1,23,122.0,1.684,0.76,us,10.39,1.602,0.134,18
34.5337,26.0526,45.634,4.8,76,115.0,1.36,0.8,us,7.2,7.181,0.057,96
27.2093,126.5004,158.972,4.6,56,58.0,1.624,0.68,us,8.0,7.397,0.042,173
-17.8736,-178.5413,589.992,4.2,61,80.0,2.432,0.82,us,13.14,8.618,0.049,117
5.2202,125.7988,106.609,4.3,14,165.0,0.58,0.83,us,11.71,8.559,0.188,9
-4.2698,143.1689,85.864,4.3,32,113.0,3.016,0.49,us,8.92,7.715,0.106,25
29.6473,142.1455,22.472,4.9,208,65.0,2.542,0.41,us,7.04,4.435,0.039,219
51.3729,160.9167,10.0,4.2,43,129.0,2.163,0.63,us,8.73,1.906,0.089,35
-57.6915,157.3496,10.0,4.7,26,93.0,3.323,0.85,us,12.85,1.879,0.117,22
-12.5471,166.4468,67.116,4.7,87,68.0,2.975,0.46,us,8.89,5.484,0.054,106
51.098,158.1973,45.839,4.4,36,125.0,1.948,0.58,us,8.74,8.031,0.11,24
36.9448,71.253,194.25,4.2,52,97.0,1.68,0.76,us,7.46,6.771,0.082,41
45.8546,151.4427,35.0,4.6,26,154.0,6.511,1.07,us,11.97,1.968,0.107,26
39.4055,143.8234,10.0,4.3,30,154.0,2.527,0.53,us,8.63,1.94,0.125,18
-55.3861,-129.7475,10.0,4.5,25,54.0,30.722,0.75,us,14.22,1.845,0.127,18
49.286,157.9737,10.0,4.3,31,164.0,3.767,0.85,us,10.63,1.938,0.119,20
46.8926,144.711,382.102,4.2,54,119.0,1.338,0.64,us,12.56,7.46,0.058,83
49.887,155.7814,78.872,4.2,67,137.0,3.441,0.43,us,11.78,7.172,0.073,52
-3.7295,142.0765,26.072,4.6,28,144.0,1.827,0.98,us,7.99,5.621,0.119,21
49.7957,155.8892,88.043,4.4,82,97.0,3.505,0.5,us,10.42,7.231,0.066,69
-29.8167,-71.7071,15.937,4.3,34,145.0,0.42,0.88,us,4.0,1.788,0.16,11
44.0321,142.3158,211.856,4.1,31,96.0,0.218,0.58,us,7.71,5.602,0.117,20
52.5883,160.7176,10.0,4.2,54,149.0,1.329,0.66,us,9.39,1.938,0.083,41
12.6852,125.2951,35.0,4.6,56,122.0,10.846,0.55,us,10.98,1.93,0.08,47
-17.7943,-178.6656,565.087,4.3,82,111.0,2.289,0.71,us,13.08,8.307,0.062,72
-0.2594,-16.1735,10.0,4.7,20,119.0,13.225,0.44,us,16.78,1.925,0.137,16
-6.362,151.5403,10.0,4.3,20,157.0,2.098,0.76,us,6.74,1.937,0.138,16
51.5075,159.8766,11.96,4.3,27,127.0,1.695,1.4,us,10.02,5.6,0.116,21
52.4359,159.9524,74.601,4.6,37,165.0,1.526,1.18,us,6.84,8.095,0.103,28
-13.0398,166.7778,125.525,4.3,26,93.0,2.428,0.89,us,8.34,7.153,0.13,17
50.2153,158.0272,10.0,5.1,77,125.0,2.839,0.92,us,9.43,1.877,0.033,288
9.6107,39.7979,10.0,4.9,58,71.0,1.313,0.95,us,8.8,1.867,0.07,63
14.0807,-93.2214,10.0,4.3,59,196.0,1.499,0.95,us,6.28,1.961,0.059,81
39.7107,70.1945,15.191,4.2,41,90.0,0.596,0.59,us,3.51,4.475,0.104,26
52.9211,160.9548,10.0,4.2,28,188.0,1.398,0.65,us,11.32,1.979,0.106,25
54.5235,-159.6828,30.579,3.9,76,187.0,0.313,0.72,us,6.72,7.492,0.23,5
-6.0409,154.6935,156.736,4.2,22,126.0,3.119,0.54,us,7.52,7.912,0.128,17
-6.5286,147.631,31.25,4.3,20,113.0,2.895,1.01,us,7.32,6.25,0.154,12
1.6522,127.2482,113.578,5.1,73,57.0,4.725,0.86,us,8.11,5.697,0.05,128
-12.5365,167.0174,201.186,4.7,147,66.0,2.899,0.5,us,9.86,5.901,0.038,218
52.1871,160.6277,10.0,4.5,42,123.0,1.468,1.12,us,9.22,1.898,0.096,32
-33.7911,-178.5098,10.0,4.6,21,241.0,4.568,1.03,us,12.86,1.997,0.146,14
-17.8763,168.501,157.959,5.0,81,41.0,2.717,0.96,us,8.34,5.504,0.043,173
29.2121,129.4659,10.0,4.3,25,123.0,2.443,0.91,us,8.51,1.912,0.129,17
51.3825,159.5233,10.0,5.2,100,121.0,1.729,1.3,us,8.86,1.852,0.041,199
-16.5352,-174.7375,292.287,4.1,16,130.0,3.867,0.57,us,10.91,7.351,0.151,14
53.1434,160.2961,43.05,4.5,82,117.0,1.0,1.07,us,8.5,7.387,0.058,87
51.0631,158.8749,35.0,5.2,192,90.0,1.968,0.72,us,8.53,1.83,0.041,192
51.8646,155.998,200.867,4.1,34,137.0,1.623,0.29,us,15.32,8.454,0.107,24
-59.5911,-26.2155,58.179,4.6,19,115.0,15.322,0.76,us,14.76,9.474,0.125,19
52.2503,160.4393,36.48,4.3,20,177.0,1.877,1.09,us,12.62,6.719,0.125,18
-63.3613,-159.6281,10.0,4.4,10,145.0,17.842,0.68,us,15.5,1.934,0.179,9
49.8443,155.9729,68.381,4.6,86,127.0,3.442,0.52,us,10.13,6.961,0.051,115
-4.9105,151.8547,112.283,4.3,36,98.0,0.778,1.09,us,9.53,6.994,0.101,28
52.8522,160.8574,10.0,4.7,25,143.0,1.347,1.14,us,8.78,1.86,0.159,12
37.5599,72.4465,191.888,4.2,39,165.0,0.752,0.76,us,8.66,4.525,0.146,13
43.9745,83.5142,10.0,4.5,82,80.0,2.949,0.61,us,8.36,1.9,0.065,68
14.0437,-89.8349,6.145,4.2,16,128.0,0.151,1.08,us,2.31,7.138,0.263,4
-33.3548,-70.2052,8.845,4.2,32,53.0,0.078,0.76,us,1.82,3.17,0.187,8
14.3289,120.7398,221.545,4.4,74,67.0,8.449,0.91,us,8.53,5.689,0.064,70
34.7852,32.4193,10.0,4.3,17,158.0,0.77,0.7,us,5.71,1.943,0.217,6
51.2532,159.238,28.854,4.5,34,124.0,1.81,0.97,us,9.25,6.153,0.113,23
51.6136,158.4984,73.349,4.6,97,108.0,1.415,0.7,us,8.91,6.64,0.058,90
2.9943,127.6714,97.541,4.5,49,67.0,2.229,0.95,us,7.95,6.871,0.09,36
31.9974,131.8676,47.629,4.3,35,92.0,1.3,0.96,us,5.79,8.272,0.142,16
44.5139,149.9309,10.0,4.4,26,191.0,5.28,0.81,us,13.11,1.962,0.127,18
41.1518,142.5761,42.478,4.4,30,142.0,0.966,0.58,us,4.22,8.328,0.127,18
-6.5885,128.4001,264.724,4.2,18,89.0,5.161,0.58,us,8.33,10.662,0.214,6
-22.7353,-68.5873,123.317,4.4,20,70.0,0.434,0.62,us,5.17,4.211,0.143,14
4.5768,-73.2685,10.0,4.5,12,112.0,1.082,1.0,us,8.19,1.344,0.204,7
51.4578,160.565,10.0,4.1,36,135.0,1.961,0.91,us,11.56,1.912,0.107,24
16.5187,-59.7045,10.0,4.6,61,128.0,1.323,0.52,us,7.13,1.908,0.092,35
60.5438,-140.1009,7.366,4.5,63,59.0,0.456,1.14,us,1.31,4.884,0.106,26
3.45,122.7234,540.502,4.2,74,39.0,2.905,0.64,us,9.88,8.092,0.069,60
-12.9889,166.9255,10.0,4.6,29,118.0,2.458,0.63,us,8.92,1.868,0.114,24
-49.5284,125.495,10.0,4.5,14,134.0,18.487,0.38,us,13.1,1.929,0.163,11
16.9035,146.1767,126.288,4.1,20,169.0,1.695,0.37,us,16.37,10.709,0.13,16
48.5102,155.027,57.12,4.1,19,137.0,4.905,0.45,us,13.07,7.226,0.145,13
51.269,159.6804,10.0,4.4,16,221.0,1.868,0.51,us,6.95,1.969,0.179,9
-34.6811,-73.8003,10.0,4.4,30,139.0,2.08,0.82,us,7.46,1.9,0.139,15
53.1494,160.6917,10.0,4.7,87,141.0,1.238,0.69,us,4.73,1.786,0.029,362
14.0159,145.3686,109.345,4.3,13,110.0,0.645,0.31,us,9.65,9.276,0.188,8
-59.7372,-26.4457,98.872,5.2,65,68.0,18.006,0.5,us,12.01,7.988,0.071,66
51.9332,161.3322,10.0,5.1,49,127.0,2.503,0.84,us,9.1,1.896,0.109,28
-56.0306,-26.7365,38.15,5.2,115,57.0,5.858,0.57,us,10.77,5.004,0.06,91
-6.569,129.0086,263.635,4.1,15,98.0,4.855,0.55,us,10.05,13.088,0.214,6
50.9945,159.2193,10.0,4.5,65,123.0,2.062,0.74,us,8.67,1.89,0.058,88
-4.6612,152.4077,105.784,4.8,60,95.0,0.527,0.75,us,9.4,5.769,0.048,135
52.4238,-169.5357,39.206,3.7,27,176.0,0.688,0.98,us,6.94,8.836,0.126,16
50.9121,-178.9089,10.0,3.9,46,210.0,0.645,1.11,us,4.85,1.456,0.069,55
52.1396,160.3689,26.619,5.0,45,177.0,1.372,0.88,us,11.44,7.295,0.055,106
49.1628,157.4647,10.0,4.4,64,129.0,3.937,0.53,us,8.35,1.891,0.075,53
11.1406,124.1708,10.0,4.2,19,137.0,4.277,1.39,us,17.06,1.917,0.166,13
-58.636,-24.6785,10.0,4.6,31,100.0,7.858,0.44,us,5.5,1.901,0.105,27
-28.2238,-176.6696,35.0,4.6,30,187.0,1.503,0.62,us,12.36,1.923,0.125,20
-26.3577,-177.6499,10.0,4.4,22,125.0,2.887,0.61,us,12.03,1.891,0.13,17
22.58,95.7825,10.0,4.3,28,102.0,1.587,0.73,us,9.39,1.959,0.122,19
52.6161,160.9052,10.0,4.3,14,121.0,1.428,0.83,us,9.08,1.784,0.177,9
65.7734,-37.3474,10.0,4.4,49,119.0,5.475,0.47,us,8.73,1.916,0.07,59
7.159,126.739,79.427,4.3,33,131.0,1.154,1.16,us,11.18,7.694,0.105,26
14.8447,-94.114,10.0,4.7,91,124.0,1.837,0.75,us,6.01,1.888,0.042,177
42.2361,144.3767,45.594,4.2,75,134.0,0.934,0.53,us,8.48,7.749,0.069,58
32.4076,141.7538,10.0,4.6,63,124.0,1.78,0.62,us,8.24,1.881,0.079,48
50.0506,159.5146,10.0,4.7,44,135.0,9.505,1.03,us,13.2,1.918,0.094,34
52.1314,-169.8992,26.216,4.2,75,141.0,0.663,0.98,us,5.57,5.365,0.07,58
53.4336,-165.8828,52.524,3.7,28,189.0,0.554,1.01,us,5.71,15.516,0.122,17
-22.9061,-66.7678,213.249,4.2,20,113.0,1.302,1.06,us,10.3,8.258,0.159,11
36.0682,76.9003,10.0,4.3,27,117.0,4.177,1.15,us,7.98,1.967,0.202,8
48.9429,154.5563,84.354,4.1,19,137.0,4.618,0.71,us,13.16,8.918,0.139,14
1.3278,126.6194,35.485,4.5,69,48.0,0.929,0.96,us,4.94,2.221,0.077,50
-55.5579,-123.8334,10.0,4.3,9,180.0,34.622,0.65,us,10.49,1.93,0.188,8
12.9247,40.2398,10.0,4.2,33,154.0,2.9,0.72,us,9.69,1.943,0.11,23
52.4002,160.8008,31.58,4.2,16,257.0,1.45,1.05,us,11.88,9.058,0.2,7
50.3063,159.2626,10.0,4.4,50,134.0,2.748,0.79,us,9.12,1.896,0.08,45
-24.0946,178.8141,568.857,4.4,32,113.0,6.358,0.8,us,13.22,11.771,0.112,23
50.8282,160.0911,10.0,4.3,31,132.0,2.373,0.51,us,9.8,1.926,0.106,25
-24.2684,179.9153,506.222,4.4,54,101.0,5.318,1.0,us,13.84,2.485,0.075,54
-17.5975,-69.6577,159.302,4.0,16,188.0,0.17,0.74,us,9.24,3.68,0.197,7
-20.9575,-174.997,41.894,4.6,51,102.0,5.121,1.04,us,13.29,6.891,0.094,41
52.9843,161.1643,10.0,4.1,18,165.0,1.52,0.8,us,13.31,1.964,0.123,18
35.7046,140.3113,51.81,4.4,17,125.0,1.896,0.52,us,8.44,10.89,0.18,9
51.4181,159.6997,10.0,5.3,110,80.0,1.733,1.01,us,7.52,1.777,0.026,488
36.4425,71.1909,235.815,4.2,71,79.0,2.133,1.22,us,7.88,7.011,0.079,44
51.9185,159.9547,47.801,4.4,26,167.0,1.364,1.05,us,10.03,4.272,0.135,16
52.2029,160.3558,10.0,5.0,82,122.0,1.326,0.92,us,8.22,1.87,0.041,197
38.736,23.6024,10.0,4.3,26,45.0,1.615,0.89,us,4.6,1.881,0.129,17
51.893,159.2298,68.808,4.4,33,138.0,1.186,0.93,us,11.03,7.676,0.107,25
52.3106,160.543,10.0,4.3,18,147.0,1.906,1.15,us,11.83,1.942,0.137,15
-23.1003,-114.9789,10.0,4.5,23,171.0,40.191,0.56,us,18.19,1.939,0.115,22
-38.0854,-74.0264,10.0,4.3,31,188.0,1.852,0.36,us,8.17,1.953,0.218,6
-11.754,166.0637,35.0,4.1,12,204.0,6.438,0.72,us,12.6,1.957,0.174,9
35.5143,26.5019,10.0,4.0,22,128.0,0.539,1.01,us,4.3,1.888,0.143,13
1.6354,127.1993,128.767,4.7,81,97.0,0.874,0.51,us,6.93,6.348,0.069,64
-5.3549,128.4253,321.083,4.0,37,86.0,4.516,0.87,us,7.91,8.88,0.113,21
-6.3936,130.1817,115.7,4.8,48,94.0,4.02,0.44,us,11.44,7.46,0.066,71
-7.2788,126.5952,330.724,4.1,21,68.0,3.37,0.95,us,12.06,12.294,0.165,10
-3.2928,140.7137,48.87,4.0,12,168.0,0.773,0.53,us,9.26,19.11,0.173,9
50.2127,157.3502,45.368,4.6,22,132.0,2.908,1.11,us,11.53,7.894,0.129,25
23.2627,142.3491,141.752,4.5,48,119.0,3.819,0.84,us,12.65,5.59,0.034,263
25.405,66.512,10.0,4.8,60,78.0,9.348,0.42,us,9.22,1.864,0.069,64
-17.6075,-69.533,155.178,4.2,25,140.0,0.054,1.02,us,9.67,5.77,0.187,8
42.8343,144.5628,63.3,4.1,58,133.0,1.324,0.99,us,7.29,7.046,0.087,36
51.4693,159.424,35.0,4.3,22,169.0,1.628,0.67,us,11.46,1.974,0.133,16
6.8332,126.9556,73.342,5.1,65,121.0,1.387,0.87,us,8.9,8.092,0.064,79
14.8497,145.62,137.181,4.4,33,88.0,0.416,0.63,us,13.11,6.131,0.114,22
37.136,53.8076,10.0,4.4,43,149.0,6.891,0.67,us,8.82,1.934,0.091,35
52.7943,160.4277,10.0,4.2,40,155.0,1.101,0.65,us,6.08,1.971,0.093,32
-29.1431,-68.8739,22.369,4.1,18,74.0,1.349,1.0,us,5.81,6.278,0.302,3
-23.3961,171.1542,10.0,4.4,17,238.0,3.504,0.69,us,6.92,2.006,0.189,11
-17.4643,167.9105,20.208,4.9,27,167.0,2.118,0.66,us,10.13,5.551,0.177,14
51.5235,160.6818,10.0,4.3,55,129.0,2.423,0.8,us,9.38,1.909,0.081,43
3.4403,126.5724,52.284,4.1,34,125.0,1.685,0.73,us,7.76,8.198,0.099,28
7.3532,127.2542,10.0,4.9,80,41.0,1.686,1.05,us,6.67,1.833,0.054,107
42.2593,144.5193,37.375,4.1,36,86.0,1.042,0.63,us,8.23,8.142,0.114,21
-9.1708,123.6698,35.0,4.1,15,118.0,0.827,0.7,us,5.23,1.962,0.233,5
7.1583,127.0591,57.386,4.7,53,77.0,1.471,0.97,us,9.16,7.388,0.084,43
60.4975,-140.1135,5.0,4.5,43,75.0,0.409,0.68,us,3.15,1.861,0.125,19
50.5041,157.9105,35.0,4.4,35,131.0,2.564,0.82,us,10.39,1.94,0.084,41
-3.9323,-80.808,35.0,4.7,64,108.0,2.126,1.03,us,6.85,1.902,0.04,184
51.6184,159.9232,10.0,4.3,20,135.0,1.61,0.87,us,9.7,1.919,0.202,8
-5.9578,150.0082,48.106,4.0,14,99.0,2.594,0.66,us,11.59,5.626,0.165,10
-6.6097,154.7994,25.472,5.0,87,62.0,3.558,0.42,us,8.68,4.448,0.057,100
51.4434,161.1637,10.0,4.3,20,138.0,2.212,0.38,us,10.12,1.871,0.137,15
19.5749,146.5963,35.0,4.3,25,159.0,4.379,0.76,us,11.66,1.949,0.125,18
51.3064,159.3758,37.033,4.8,69,132.0,1.777,0.87,us,10.73,7.082,0.06,86
-4.0563,152.968,10.0,4.6,26,148.0,0.813,0.67,us,6.29,1.945,0.114,23
-16.5308,-177.4235,422.761,4.0,20,114.0,3.076,0.98,us,16.36,9.633,0.129,16
-0.5362,119.6582,10.0,4.2,17,135.0,1.985,1.0,us,9.04,1.942,0.147,13
50.441,158.766,10.0,4.7,104,89.0,2.587,0.57,us,9.2,1.884,0.056,98
43.3626,-126.1887,10.0,3.6,38,254.0,1.279,0.45,us,4.23,2.008,0.139,14
12.214,125.5886,10.0,4.7,28,106.0,5.112,0.58,us,13.73,1.897,0.12,21
-5.0217,149.9816,10.0,4.3,13,151.0,2.158,0.65,us,9.65,1.917,0.169,10
3.9946,124.0914,425.338,4.8,163,20.0,1.566,0.72,us,8.77,6.152,0.044,161
44.368,147.4856,108.046,4.2,34,147.0,3.525,0.75,us,10.43,8.864,0.108,24
54.4797,-160.273,35.005,4.0,61,154.0,0.531,0.61,us,4.84,8.816,0.13,17
44.144,86.7402,10.0,4.2,25,217.0,3.568,1.23,us,4.83,1.985,0.186,8
51.5314,159.6948,10.0,4.8,121,132.0,1.626,0.79,us,9.98,1.894,0.056,98
41.0148,51.8809,53.722,4.2,41,134.0,2.641,0.88,us,10.16,10.756,0.084,39
-23.1971,-175.1895,10.0,5.1,78,128.0,6.397,1.02,us,12.96,1.833,0.06,92
52.5197,161.1593,10.0,4.0,22,191.0,1.606,0.83,us,14.1,1.965,0.144,13
-27.7332,-177.856,10.0,4.4,22,136.0,1.508,0.63,us,10.28,1.948,0.134,17
-18.3391,167.6771,10.0,4.9,41,129.0,2.911,0.69,us,8.98,1.894,0.102,30
42.4932,-28.8979,10.0,4.5,18,81.0,5.385,0.9,us,5.41,1.924,0.145,14
-57.5946,157.9058,38.39,4.5,25,100.0,3.158,0.85,us,11.18,8.813,0.128,18
50.0659,158.467,10.0,4.6,28,111.0,2.964,0.52,us,9.05,1.865,0.126,19
51.727,159.6954,31.565,4.9,56,126.0,1.448,1.04,us,9.69,5.666,0.082,46
-9.6347,113.7339,52.334,4.6,51,64.0,1.229,0.98,us,7.33,7.256,0.086,40
51.5881,159.9865,10.0,4.2,17,138.0,1.655,1.32,us,11.75,1.948,0.16,11
50.4878,156.7733,86.299,4.3,52,101.0,2.686,0.68,us,11.46,7.134,0.081,43
6.3591,127.1905,10.0,4.0,17,130.0,1.749,0.73,us,10.63,1.934,0.143,13
36.1147,70.419,107.879,4.2,77,87.0,1.911,0.88,us,6.67,7.511,0.069,63
-6.7124,155.2234,46.005,4.3,46,87.0,3.943,1.06,us,11.28,6.159,0.09,40
49.4867,159.036,10.0,5.0,99,122.0,3.55,0.45,us,7.72,1.476,0.027,431
-26.3858,-177.7972,196.517,4.4,76,127.0,9.419,0.7,us,13.84,6.193,0.068,62
51.8773,-175.2993,56.148,3.7,27,178.0,0.517,0.71,us,8.89,6.102,0.107,22
34.5711,34.1328,10.0,4.8,79,64.0,0.766,0.81,us,3.38,1.857,0.042,175
-27.6633,-177.8685,192.961,4.5,20,154.0,10.563,0.81,us,10.25,11.697,0.136,16
51.1201,157.8945,68.211,4.9,200,115.0,1.962,0.6,us,5.72,6.27,0.032,301
10.5323,125.0956,209.062,4.5,69,92.0,3.473,0.71,us,10.72,7.584,0.05,117
52.7494,160.644,34.576,4.8,117,123.0,1.239,0.75,us,9.6,5.386,0.031,327
-16.6866,-172.1765,10.0,5.2,65,124.0,8.108,1.02,us,12.11,1.807,0.029,390
49.5168,157.24,10.0,4.5,56,185.0,3.608,0.54,us,12.21,1.949,0.085,41
-55.3495,-27.7061,10.0,4.5,19,102.0,5.19,0.87,us,13.65,1.889,0.15,13
31.9999,97.2145,10.0,4.4,55,104.0,5.712,0.85,us,7.2,1.912,0.077,48
26.8506,58.6347,10.0,4.1,34,182.0,2.897,0.83,us,12.2,1.968,0.095,30
22.2315,143.6738,131.816,4.5,65,74.0,5.028,0.62,us,11.16,7.35,0.072,57
52.0872,160.576,10.0,4.3,28,178.0,1.504,0.92,us,10.61,1.933,0.123,19
-20.0735,-69.1103,108.936,4.8,64,60.0,0.078,0.89,us,4.81,2.907,0.032,302
-15.7533,-72.6556,10.0,4.4,13,124.0,3.416,0.46,us,8.75,1.972,0.17,10
5.8287,61.4716,10.0,5.0,142,44.0,12.664,0.55,us,9.57,1.825,0.049,132
46.0539,152.9109,10.0,4.2,16,234.0,7.714,0.46,us,9.2,1.994,0.166,10
55.4235,160.5198,160.215,4.1,39,124.0,2.644,0.88,us,12.19,9.067,0.099,28
5.7796,126.2159,151.062,4.4,36,113.0,1.273,0.78,us,10.03,7.49,0.091,35
31.4698,69.1386,10.0,4.4,52,176.0,3.037,1.06,us,11.1,1.963,0.082,43
-59.7034,-26.0818,35.0,4.6,24,121.0,15.191,0.81,us,15.79,1.954,0.122,20
27.9136,127.8973,10.0,4.3,23,88.0,1.124,0.65,us,7.02,1.9,0.147,13
51.6656,160.2727,10.0,4.6,31,127.0,1.685,0.69,us,10.27,1.924,0.125,19
-6.1202,146.4662,114.63,4.6,54,96.0,3.335,0.6,us,8.52,7.709,0.082,44
52.4437,159.2362,56.901,4.1,21,157.0,0.681,0.75,us,9.0,9.937,0.185,11
18.8183,-69.6585,104.119,4.4,83,52.0,0.43,1.09,us,6.04,6.941,0.038,199
52.3102,160.6634,10.0,4.8,113,80.0,1.419,0.63,us,8.46,1.858,0.039,208
29.343,129.308,10.0,4.8,47,69.0,2.375,1.15,us,6.56,1.781,0.065,73
48.4937,157.4303,10.0,4.2,39,136.0,4.601,0.74,us,12.54,1.91,0.106,25
-17.1353,-178.6975,532.874,4.2,38,174.0,1.963,1.29,us,16.68,9.994,0.1,28
-41.195,-89.1036,10.0,4.8,89,141.0,12.049,0.47,us,10.77,1.88,0.043,167
52.2528,179.0369,200.49,4.3,49,107.0,0.414,0.94,us,9.3,10.982,0.077,48
51.8258,160.8437,10.0,4.4,19,126.0,1.801,1.16,us,7.08,1.922,0.17,10
-57.2058,-68.3105,10.0,4.3,12,151.0,3.581,1.26,us,10.59,1.965,0.217,6
50.3809,158.3908,10.0,4.4,34,132.0,2.651,0.69,us,10.81,1.919,0.108,25
48.3376,155.4721,10.0,5.1,61,95.0,4.981,1.01,us,10.49,1.824,0.065,76
60.5366,-139.9898,5.0,4.2,39,54.0,0.461,1.11,us,1.96,1.874,0.265,7
0.7895,123.8201,252.173,4.5,30,90.0,3.055,0.8,us,8.54,10.989,0.109,25
53.1144,160.9254,34.176,4.1,28,195.0,1.376,0.64,us,15.58,5.869,0.107,24
52.598,161.0609,10.0,4.7,18,181.0,1.524,0.98,us,14.21,2.0,0.174,11
-17.7597,-178.0375,476.548,4.4,31,121.0,2.787,0.37,us,17.8,15.879,0.112,23
53.6152,-166.9268,98.508,3.8,70,159.0,0.181,0.55,us,7.98,3.928,0.192,7
-21.6473,-68.3281,148.798,4.2,28,51.0,0.862,0.92,us,4.63,7.932,0.199,7
60.5,-139.898,5.0,4.2,57,49.0,0.442,0.76,us,2.97,0.937,0.199,8
8.8689,127.1454,10.0,4.7,43,115.0,2.367,0.67,us,11.57,1.889,0.089,38
52.5353,160.9724,23.612,4.1,15,159.0,1.493,0.71,us,12.99,9.802,0.175,9
-29.6146,-176.6915,10.0,4.6,12,133.0,8.955,0.85,us,13.4,1.902,0.193,8
-21.0542,-178.8917,602.733,4.4,41,89.0,4.377,0.93,us,13.6,9.845,0.098,30
-4.879,145.3954,156.556,4.6,35,129.0,4.825,0.5,us,10.88,8.312,0.063,75
60.39,-139.505,5.0,4.2,30,88.0,0.475,0.73,us,2.91,1.95,0.215,7
51.4268,159.555,28.582,4.4,31,127.0,1.693,0.69,us,9.95,5.95,0.107,25
-61.0159,-38.6218,10.0,4.5,15,71.0,6.847,0.73,us,9.67,1.896,0.15,13
53.3734,159.8422,64.818,4.3,27,137.0,0.798,0.92,us,11.43,7.052,0.1,28
-56.0224,-143.4819,10.0,5.1,30,111.0,28.557,0.52,us,11.92,1.595,0.105,29
51.1541,157.003,93.211,4.5,47,134.0,2.004,0.63,us,12.05,7.583,0.08,46
-21.6104,168.9865,10.0,4.4,31,116.0,1.742,0.56,us,9.5,1.909,0.108,25
53.1014,159.7165,74.396,4.7,72,122.0,1.216,0.63,us,11.42,7.167,0.047,136
-27.1801,-177.7645,10.0,4.2,16,203.0,10.153,0.53,us,9.93,1.984,0.147,15
50.5441,157.3479,35.0,4.3,35,130.0,2.577,0.52,us,11.27,1.944,0.094,32
37.2237,53.1893,10.0,4.1,23,177.0,3.977,0.86,us,5.73,1.985,0.197,7
-9.1139,123.9199,94.87,4.2,24,103.0,0.723,0.64,us,7.71,8.286,0.128,19
13.5675,-91.2791,35.0,4.3,36,130.0,1.023,1.12,us,4.49,1.916,0.061,76
51.8879,160.5654,10.0,4.0,24,155.0,1.633,0.84,us,10.73,1.974,0.133,15
9.452,-40.4419,10.0,4.3,19,77.0,12.847,1.1,us,11.42,1.876,0.148,13
49.8958,157.5715,10.0,5.6,196,79.0,3.204,0.71,us,5.14,1.838,0.019,975
39.9137,143.4343,10.0,4.4,24,143.0,2.011,1.27,us,3.89,1.935,0.149,13
37.5165,71.8936,158.217,4.1,23,258.0,1.959,0.58,us,11.31,12.133,0.233,5
-6.6323,129.939,125.45,4.8,68,25.0,4.348,0.6,us,8.18,6.792,0.059,90
51.5426,160.0946,10.0,4.4,35,182.0,1.728,0.76,us,8.98,1.942,0.101,28
51.4523,160.301,10.0,4.5,14,230.0,1.873,0.63,us,14.94,1.997,0.18,9
-7.378,128.8768,138.247,4.5,38,77.0,5.134,0.7,us,9.59,8.513,0.099,30
50.0326,158.8601,10.0,4.4,35,141.0,2.998,0.62,us,10.1,1.923,0.103,27
-56.4199,-26.4736,75.469,4.5,11,106.0,6.1,0.2,us,15.22,7.999,0.18,9
51.1916,159.5628,10.0,4.6,38,130.0,1.919,0.72,us,7.99,1.907,0.09,37
51.6683,-174.866,35.0,3.7,29,199.0,0.676,0.71,us,2.75,2.016,0.071,51
52.2893,160.5716,10.0,4.3,27,161.0,1.382,1.11,us,12.02,1.947,0.103,27
-23.7095,179.3357,532.483,4.7,84,67.0,6.033,0.85,us,12.9,7.787,0.058,93
52.0447,160.1242,34.473,4.6,77,133.0,1.823,0.68,us,11.9,5.967,0.068,65
-19.4649,-66.7624,253.807,4.3,20,90.0,2.302,0.78,us,7.88,7.086,0.168,10
50.7638,158.0584,35.0,4.7,15,137.0,2.292,0.79,us,13.39,1.948,0.147,14
7.6715,127.1779,35.0,4.4,17,115.0,1.695,0.96,us,9.08,1.854,0.139,15
52.0669,159.1758,55.85,4.1,49,134.0,1.01,0.64,us,10.48,7.647,0.075,49
13.524,144.7135,156.061,3.9,19,99.0,0.164,0.72,us,11.94,4.049,0.154,11
50.6818,157.4806,79.903,4.4,19,135.0,2.434,0.49,us,10.02,7.854,0.19,8
51.6696,159.8556,10.0,4.3,30,138.0,1.544,0.41,us,10.98,1.924,0.122,19
9.4621,94.0031,10.0,4.3,28,181.0,5.12,0.33,us,7.78,1.925,0.119,20
-8.2437,116.7258,10.0,4.5,30,68.0,1.19,1.04,us,3.82,1.776,0.128,18
15.0307,-94.0122,35.0,4.3,45,102.0,1.78,0.8,us,7.22,1.955,0.086,38
51.2127,158.899,32.829,4.3,26,124.0,1.82,0.96,us,10.66,6.506,0.116,24
51.6408,159.672,42.718,4.7,45,137.0,1.52,0.51,us,12.0,7.306,0.085,42
23.9447,121.5836,10.0,5.1,59,69.0,0.228,0.54,us,2.3,1.75,0.044,168
49.0173,157.824,10.0,4.6,125,138.0,4.045,0.9,us,9.42,1.881,0.051,115
-56.5087,-25.5725,29.391,4.4,21,103.0,17.958,0.44,us,14.79,7.582,0.134,21
-56.2848,-27.6462,8.952,4.4,18,79.0,5.436,0.8,us,11.89,3.795,0.131,17
52.2259,160.1627,34.018,4.4,63,166.0,1.22,0.65,us,11.98,6.834,0.079,46
51.1787,157.9073,62.749,4.4,21,138.0,1.903,0.95,us,11.38,8.407,0.155,12
-20.9115,-178.7395,558.535,4.4,30,136.0,4.37,0.62,us,13.22,8.83,0.107,26
7.2409,126.7015,74.077,4.6,35,115.0,1.127,0.95,us,6.32,8.562,0.103,28
-22.1775,-179.6341,596.772,4.0,20,199.0,4.917,0.6,us,20.1,8.377,0.119,19
51.3801,159.8844,10.0,5.0,171,128.0,1.813,0.71,us,8.19,1.868,0.034,272
53.3666,161.2353,10.0,4.3,27,103.0,1.593,0.95,us,6.54,1.907,0.117,21
17.2831,-60.1479,21.47,4.1,40,141.0,1.297,0.73,us,6.39,6.668,0.151,12
35.055,68.6825,10.0,4.1,16,206.0,0.655,0.75,us,6.78,2.011,0.198,7
52.4216,161.1532,10.0,4.2,40,134.0,1.637,0.88,us,7.82,1.902,0.104,26
-37.6588,51.7353,10.0,4.4,21,91.0,8.765,0.83,us,10.27,1.65,0.139,15
43.5793,147.9402,35.0,4.3,22,137.0,3.851,0.53,us,12.26,1.945,0.129,17
42.8324,146.8576,10.0,4.2,13,192.0,2.859,1.17,us,8.77,1.985,0.216,6
52.0062,160.2984,24.575,4.1,25,154.0,1.433,0.77,us,9.52,6.85,0.127,17
29.3696,129.4658,10.0,4.8,39,109.0,2.296,0.72,us,7.62,1.889,0.049,126
52.267,-176.6324,222.591,3.7,32,60.0,0.288,0.61,us,12.28,6.481,0.167,9
51.9389,160.1249,35.0,4.2,16,197.0,1.412,0.62,us,10.4,2.002,0.159,11
13.5341,-91.6326,32.216,4.1,30,240.0,1.022,0.78,us,9.5,9.299,0.107,24
39.5791,143.5643,10.0,4.6,70,125.0,2.265,0.55,us,7.08,1.627,0.077,50
44.0361,-128.4571,10.0,3.9,41,219.0,2.187,0.75,us,9.66,1.99,0.229,5
19.6058,146.7683,10.0,4.5,68,134.0,4.44,0.4,us,5.24,1.895,0.076,51
-56.3874,-27.8692,149.21,4.3,26,145.0,5.352,1.04,us,14.38,9.194,0.104,26
29.922,129.9543,19.286,4.4,31,118.0,1.639,0.98,us,7.31,4.701,0.115,22
52.147,160.3335,29.386,4.5,37,123.0,1.351,0.88,us,11.03,6.362,0.098,31
-27.9657,-176.571,43.29,4.7,39,135.0,1.746,0.73,us,14.42,6.138,0.123,20
43.4728,147.9039,44.501,4.4,41,134.0,3.787,0.54,us,12.98,8.205,0.088,37
10.5421,40.4906,10.0,4.2,20,125.0,2.422,0.42,us,9.71,1.895,0.153,12
-24.7739,179.7681,513.574,4.1,18,147.0,11.115,0.6,us,19.55,18.352,0.135,15
-32.0933,-69.4191,119.797,4.4,36,43.0,0.839,0.88,us,4.97,6.084,0.148,13
-15.7324,-75.1923,19.376,5.1,49,143.0,4.053,0.77,us,9.94,4.923,0.047,148
51.321,161.0129,10.0,4.4,48,138.0,2.241,0.45,us,10.28,1.889,0.063,73
-7.9098,107.6951,67.784,4.6,41,114.0,0.447,0.82,us,9.38,5.871,0.078,49
-24.9262,-176.1399,35.0,4.6,16,216.0,8.962,0.67,us,13.97,1.98,0.151,13
51.8995,178.0364,116.414,4.4,55,98.0,0.298,0.53,us,8.17,4.21,0.052,107
51.1377,159.145,35.0,4.4,20,224.0,1.913,0.9,us,12.69,1.988,0.155,13
21.5117,97.2973,10.0,4.4,37,109.0,2.24,0.71,us,8.56,1.691,0.107,25
4.709,96.1449,10.0,4.5,26,133.0,0.951,0.67,us,7.1,1.876,0.136,18
30.0685,138.7379,415.354,4.3,67,79.0,3.173,0.91,us,10.75,8.029,0.041,173
39.5608,143.2213,10.0,4.8,74,123.0,2.058,0.82,us,7.5,1.872,0.048,135
6.2524,124.2698,500.392,4.3,41,112.0,1.931,0.85,us,15.2,9.973,0.088,37
50.0025,155.9659,75.444,4.5,65,135.0,3.293,0.71,us,10.91,7.486,0.062,77
51.254,160.4877,10.0,4.2,22,150.0,2.103,0.75,us,11.02,1.957,0.146,13
-26.5142,67.7492,10.0,4.5,18,56.0,7.84,0.5,us,13.17,1.897,0.145,14
-5.7806,130.9141,118.123,4.4,38,103.0,1.604,0.77,us,8.14,6.0,0.097,31
52.2369,159.5656,35.0,4.2,14,169.0,0.965,0.48,us,8.34,1.975,0.152,12
-11.7572,116.8905,10.0,4.5,31,72.0,3.039,0.79,us,6.25,1.762,0.116,22
-25.4959,179.7323,496.474,4.2,24,161.0,7.869,0.6,us,15.11,10.789,0.118,20
51.461,159.7026,10.0,4.5,46,163.0,1.693,0.8,us,7.14,1.913,0.087,39
51.4805,159.9432,10.0,4.1,26,135.0,1.738,0.66,us,11.76,1.924,0.131,16
52.915,160.6201,35.0,4.3,15,170.0,1.196,0.81,us,9.34,1.987,0.201,7
35.4394,6.4989,10.0,4.5,38,151.0,2.339,0.99,us,7.76,1.902,0.106,26
36.5373,70.3385,195.636,4.0,30,147.0,2.244,0.59,us,7.86,10.096,0.122,19
48.3308,155.1186,35.0,4.1,15,170.0,5.056,0.86,us,12.66,1.975,0.197,7
36.3077,77.0619,10.0,4.4,37,115.0,3.084,0.89,us,9.14,1.916,0.112,23
24.7847,121.6803,55.785,4.1,24,58.0,0.251,1.04,us,4.21,4.8,0.174,9
12.6319,92.7492,35.0,4.8,46,64.0,6.44,1.07,us,12.1,1.911,0.087,41
16.3742,-59.7104,10.0,4.9,51,129.0,1.303,0.66,us,7.28,1.934,0.04,199
-9.5,119.8345,80.79,4.7,95,87.0,0.487,0.89,us,5.83,5.243,0.059,94
0.3272,122.3923,126.206,4.2,23,84.0,1.412,0.76,us,5.56,6.615,0.166,10
51.9003,160.574,33.637,4.3,45,128.0,1.628,1.27,us,10.65,6.52,0.083,41
41.1488,142.516,60.68,4.6,47,141.0,0.99,0.8,us,7.15,7.157,0.092,35
-18.1459,-178.145,571.372,4.0,25,86.0,2.896,0.82,us,9.71,10.414,0.119,19
-23.2131,-175.4845,35.0,4.4,19,209.0,8.265,1.27,us,10.72,1.985,0.131,17
54.6066,161.7234,35.0,4.3,55,130.0,2.416,0.74,us,7.56,1.87,0.082,42
37.4432,134.8531,365.359,4.0,60,54.0,2.725,0.55,us,9.46,4.586,0.082,40
-8.8381,118.7623,112.873,4.5,35,83.0,0.974,1.11,us,6.13,7.284,0.111,24
52.8466,161.1368,22.918,4.8,38,110.0,7.863,0.61,us,14.01,5.804,0.105,28
50.9505,157.4312,72.557,4.3,36,128.0,2.167,0.77,us,9.87,6.784,0.099,29
33.8177,141.5992,10.0,4.5,27,137.0,1.649,0.38,us,7.94,1.904,0.131,17
-18.5347,-177.8323,618.605,4.2,54,109.0,3.363,0.65,us,13.01,4.73,0.044,143
23.9524,122.6959,20.209,4.4,30,91.0,0.588,0.74,us,4.34,5.849,0.144,14
-57.7406,-25.4492,45.653,4.4,10,109.0,16.803,0.21,us,15.11,5.638,0.169,10
36.661,70.6139,109.922,4.2,25,238.0,2.221,1.05,us,9.59,11.274,0.199,8
32.788,136.9309,408.66,4.2,131,101.0,2.445,0.73,us,8.77,7.757,0.046,133
