latitude,longitude,depth,mag,nst,gap,dmin,rms,net,horizontalError,depthError,magError,magNst
53.0811,161.6233,10.0,4.3,28,117.0,1.796,1.06,us,11.52,1.915,0.116,24
-17.5528,-174.3787,86.762,4.7,51,61.0,4.402,1.22,us,10.46,6.885,0.061,83
-21.635,-68.4076,121.731,4.5,33,90.0,0.792,0.83,us,5.41,6.238,0.113,23
52.1572,160.3757,27.57,4.3,26,178.0,1.364,1.22,us,12.05,7.742,0.111,13
-15.8881,-72.0288,10.0,4.3,18,143.0,2.949,1.11,us,10.42,1.935,0.133,16
52.7784,160.7397,32.417,4.3,96,115.0,1.289,0.45,us,8.9,5.639,0.054,99
52.5771,160.9314,10.0,4.3,20,150.0,1.455,1.13,us,10.96,1.92,0.168,14
-20.7394,-177.7569,477.638,4.4,48,124.0,4.954,0.87,us,14.41,8.027,0.09,36
-6.2539,149.149,55.607,4.6,26,131.0,3.635,0.91,us,12.03,8.707,0.122,20
-1.1202,127.4825,10.0,4.3,11,89.0,1.883,0.74,us,8.37,1.967,0.237,5
13.8667,39.798,10.0,4.3,27,110.0,3.773,0.71,us,9.91,1.927,0.133,16
51.5118,158.9868,63.432,4.1,17,168.0,1.528,0.59,us,12.62,6.295,0.185,10
8.0913,58.7698,10.0,4.5,81,104.0,15.493,0.75,us,11.78,1.886,0.067,69
55.175,-163.2969,189.104,3.8,46,133.0,0.827,0.74,us,5.42,7.825,0.161,10
52.2801,160.3252,43.371,4.7,54,123.0,1.801,1.12,us,10.2,7.073,0.082,45
3.0571,-31.3417,10.0,4.9,63,46.0,9.931,0.6,us,10.53,1.856,0.06,87
54.0444,-159.7746,10.0,3.8,49,175.0,0.796,0.79,us,4.39,1.941,0.179,8
51.3432,159.6046,10.0,4.4,20,221.0,1.782,0.49,us,7.87,1.926,0.162,11
50.4576,157.2437,35.0,4.6,60,135.0,2.67,0.88,us,11.09,1.912,0.036,228
51.4867,16.0497,5.0,4.5,36,35.0,1.151,0.79,us,5.58,1.898,0.128,18
12.0869,-88.1032,42.077,4.4,30,198.0,1.219,0.77,us,6.38,10.62,0.088,39
18.5271,145.5497,216.699,4.0,27,148.0,3.276,1.14,us,14.47,3.864,0.119,19
18.7706,145.3928,186.068,3.6,12,147.0,3.531,1.32,us,10.23,12.07,0.167,9
51.6249,159.8114,27.973,4.5,38,126.0,1.572,0.72,us,9.82,5.855,0.096,32
-32.8133,-178.9014,35.0,4.8,38,111.0,5.26,0.76,us,12.58,1.922,0.089,44
-29.9981,-178.5042,142.344,4.7,18,91.0,0.902,0.93,us,12.39,8.774,0.138,17
51.5432,159.5876,30.162,4.9,49,120.0,1.95,1.37,us,9.47,5.613,0.071,61
-13.0448,166.3041,14.444,4.5,21,156.0,7.191,0.97,us,12.68,5.232,0.15,13
53.1244,160.5038,34.18,4.2,26,136.0,1.123,0.99,us,11.18,4.673,0.112,22
29.0959,129.3667,10.0,4.2,37,108.0,2.45,0.98,us,3.9,1.913,0.11,25
0.2821,130.1837,20.713,4.3,17,124.0,1.565,0.49,us,11.23,5.886,0.153,12
50.5727,159.8847,10.0,4.4,30,128.0,2.571,0.34,us,9.72,1.907,0.117,21
-1.0093,99.6812,57.856,4.2,35,137.0,3.116,1.05,us,9.21,7.675,0.11,24
52.8692,160.7137,10.0,4.7,30,155.0,1.258,1.09,us,11.39,1.972,0.108,26
25.9177,104.4729,10.0,4.1,19,180.0,6.206,1.29,us,13.38,1.984,0.145,13
42.7784,146.1329,30.408,4.8,46,187.0,2.332,0.62,us,10.84,6.915,0.098,32
51.1774,158.5719,46.083,5.1,87,122.0,1.849,0.62,us,10.92,7.437,0.065,78
52.6806,160.6612,10.0,4.4,44,118.0,1.267,0.93,us,9.03,1.903,0.081,45
40.7299,13.6049,404.05,4.1,59,53.0,0.789,0.77,us,7.37,6.317,0.123,18
51.6285,159.9338,10.0,4.8,64,120.0,1.604,1.39,us,8.8,1.885,0.059,88
52.6228,-31.4662,10.0,4.2,25,145.0,11.437,0.95,us,7.76,1.948,0.115,21
35.7227,140.5713,53.007,4.1,15,228.0,0.464,0.55,us,8.31,9.604,0.213,6
4.2042,122.7437,10.0,5.0,94,34.0,2.777,0.55,us,6.71,1.831,0.066,73
14.3348,-91.8126,85.517,4.7,112,40.0,1.961,0.92,us,8.99,5.342,0.033,279
-6.2374,130.3775,121.844,4.5,47,54.0,3.787,0.67,us,7.73,8.461,0.093,34
-47.8048,116.0397,10.0,4.4,15,128.0,14.888,0.75,us,13.84,1.926,0.155,12
13.1434,121.2556,10.0,4.1,24,121.0,7.385,0.83,us,14.51,1.923,0.135,17
52.1637,159.0157,61.099,4.1,36,162.0,0.889,0.59,us,9.4,7.804,0.103,26
49.4264,156.1591,35.0,5.7,86,112.0,3.811,0.53,us,12.22,1.864,0.076,62
13.0045,145.5948,10.0,4.7,66,98.0,0.915,0.64,us,6.03,1.807,0.076,53
53.0932,159.8619,51.355,4.3,63,117.0,0.735,1.12,us,8.64,6.131,0.076,50
49.1492,156.2055,35.0,4.4,41,107.0,4.074,0.48,us,12.41,1.936,0.103,27
32.2389,142.5224,10.0,4.5,24,149.0,2.446,0.55,us,8.87,1.922,0.131,17
11.6636,141.8368,10.0,5.2,93,54.0,3.524,0.91,us,8.23,1.846,0.031,341
53.2897,159.6701,75.086,5.7,133,30.0,0.67,0.68,us,6.32,4.567,0.019,987
14.6936,-94.5322,10.0,4.7,41,194.0,1.859,1.35,us,6.22,1.978,0.102,29
-15.1314,-174.3373,133.876,4.4,45,100.0,2.757,0.52,us,13.01,7.812,0.087,38
18.6007,147.7537,10.0,4.0,13,172.0,3.834,0.33,us,14.5,1.962,0.231,6
51.2698,159.6813,10.0,4.5,54,137.0,1.868,0.98,us,10.75,1.909,0.083,43
34.7251,32.5184,10.0,4.7,56,139.0,0.709,0.93,us,5.23,1.908,0.09,37
-9.5362,113.7626,43.886,4.3,22,137.0,1.127,0.84,us,8.94,9.06,0.138,15
46.7405,151.2916,121.835,4.1,41,135.0,6.658,0.69,us,14.26,8.584,0.084,39
-3.0414,135.9861,63.734,4.2,18,104.0,1.495,0.65,us,8.36,10.527,0.142,14
-7.1603,129.3383,144.716,4.2,15,123.0,5.114,1.27,us,11.71,22.604,0.305,3
52.3482,-169.5832,43.123,3.9,25,187.0,0.766,0.77,us,5.46,10.128,0.105,24
52.886,161.3167,10.0,4.4,13,109.0,1.619,1.06,us,11.52,1.928,0.219,6
2.4909,128.4556,226.675,4.6,89,104.0,3.713,0.49,us,9.14,6.807,0.064,72
-3.2534,142.6252,45.461,4.2,20,67.0,2.055,0.61,us,8.3,7.937,0.141,14
10.3608,-84.4112,117.228,4.8,128,84.0,0.463,1.02,us,4.9,3.699,0.03,342
41.9173,81.9796,10.0,4.5,59,100.0,2.318,0.55,us,7.32,1.901,0.088,38
34.5564,70.7886,10.0,4.7,44,100.0,1.366,0.85,us,9.49,1.892,0.093,35
-52.9951,22.1673,10.0,4.6,16,95.0,20.626,0.87,us,14.95,1.914,0.141,15
-20.6232,-177.9692,515.368,4.4,24,211.0,4.725,0.5,us,24.56,21.212,0.12,21
51.6292,158.6883,46.22,4.0,38,138.0,1.397,1.09,us,9.75,7.668,0.093,37
-19.8378,-172.7577,10.0,4.7,37,81.0,2.776,0.91,us,9.74,1.89,0.086,44
51.4349,159.0966,48.261,4.4,28,137.0,1.883,1.17,us,11.34,7.809,0.095,32
13.5318,-61.2471,139.248,4.8,84,52.0,0.973,0.67,us,6.4,6.376,0.034,263
-14.8495,-70.6926,199.908,4.3,19,138.0,2.853,0.87,us,12.75,8.959,0.13,17
-32.9493,-178.1687,10.0,4.6,26,175.0,3.698,0.86,us,11.22,1.948,0.125,23
24.8581,123.1937,118.701,4.4,63,42.0,0.423,1.03,us,5.44,4.331,0.064,72
52.8908,160.9803,24.304,4.4,64,162.0,1.416,0.48,us,11.74,6.959,0.074,52
-32.3033,-71.1697,81.874,4.1,31,149.0,0.307,0.53,us,3.5,5.939,0.302,3
12.7641,145.5454,10.0,4.3,25,119.0,1.052,0.92,us,7.15,1.926,0.133,16
39.2316,144.806,10.0,4.6,50,135.0,3.05,0.7,us,8.26,1.89,0.073,68
37.4414,72.2841,188.344,4.1,44,94.0,0.884,0.75,us,7.47,6.396,0.14,14
-6.5375,129.9481,130.852,4.2,20,127.0,2.002,0.6,us,10.05,8.549,0.175,9
-4.4676,153.5383,108.916,4.6,44,115.0,1.398,0.69,us,9.54,7.78,0.082,46
0.7377,96.8752,10.0,5.0,85,90.0,2.822,0.84,us,9.28,1.828,0.067,71
-56.9407,-67.1374,10.0,4.6,28,131.0,2.032,0.76,us,6.9,1.926,0.114,25
53.0792,159.5291,78.401,4.4,156,67.0,0.534,0.59,us,9.77,6.293,0.046,145
29.0951,129.3672,11.431,4.4,48,108.0,2.45,0.99,us,6.97,4.721,0.097,31
34.4403,98.9489,10.0,5.1,82,64.0,4.171,0.79,us,4.8,1.738,0.04,200
52.4254,160.6948,34.746,4.6,110,117.0,1.38,0.9,us,8.59,5.315,0.038,209
52.3102,160.6634,10.0,4.8,113,80.0,1.419,0.63,us,8.46,1.858,0.039,208
52.5061,160.862,10.0,4.2,38,145.0,1.441,1.23,us,10.94,1.96,0.112,25
-10.1696,113.9017,10.0,4.7,34,117.0,1.707,1.06,us,8.11,1.916,0.088,39
-18.0416,-178.2107,599.181,4.2,47,79.0,2.786,0.74,us,14.2,9.276,0.086,37
-11.1395,165.0828,10.0,4.4,15,254.0,4.753,0.58,us,12.82,1.941,0.19,11
-58.8794,-25.1343,35.0,4.4,21,131.0,7.774,0.84,us,14.0,1.942,0.134,16
-21.2202,168.6323,10.0,4.6,21,181.0,1.77,0.71,us,7.33,1.858,0.207,10
52.2002,161.3304,10.0,4.3,17,154.0,1.83,0.48,us,8.09,1.835,0.202,7
30.6526,141.6528,11.469,4.9,60,120.0,2.911,0.82,us,8.39,4.9,0.058,97
54.5397,-159.8952,37.57,3.4,75,186.0,0.342,0.91,us,7.28,15.62,0.245,4
39.3658,143.4878,39.126,4.3,23,134.0,2.34,0.85,us,4.24,7.647,0.153,13
-10.7886,162.3617,108.137,4.6,24,113.0,2.729,1.05,us,10.76,7.528,0.132,17
17.3336,-94.2491,170.032,4.7,47,69.0,0.1,1.31,us,6.39,5.965,0.049,124
-35.3341,-105.0972,10.0,4.7,40,79.0,27.622,0.68,us,13.67,1.899,0.056,98
-7.0057,129.5203,159.477,5.4,102,20.0,4.885,0.71,us,4.24,6.665,0.043,188
51.9941,161.2727,10.0,4.2,31,217.0,1.906,1.21,us,11.96,1.993,0.11,23
-11.4393,165.5204,10.0,5.0,31,137.0,4.307,0.79,us,10.23,1.909,0.107,28
51.6136,158.4984,73.349,4.6,97,108.0,1.415,0.7,us,8.91,6.64,0.058,90
-4.4299,35.1133,10.0,4.6,14,145.0,3.576,1.43,us,10.97,1.952,0.206,7
4.1895,126.5775,35.0,4.5,43,108.0,1.221,1.17,us,6.54,1.917,0.101,29
36.2857,70.6103,104.431,4.1,35,96.0,2.139,1.08,us,7.33,9.951,0.114,21
49.8776,155.9521,81.935,4.1,42,167.0,3.414,0.68,us,11.67,9.243,0.094,33
-21.8724,179.7395,599.507,4.5,52,58.0,4.402,0.75,us,13.81,10.234,0.082,44
14.649,-94.2682,10.0,4.6,65,156.0,2.021,0.82,us,7.09,1.923,0.041,177
-0.5857,128.0874,10.0,4.7,35,74.0,1.529,0.92,us,6.81,1.899,0.126,19
-30.8379,-65.4287,189.332,4.8,42,53.0,1.415,0.9,us,8.79,7.168,0.084,44
38.45,73.6981,129.332,4.1,29,137.0,0.344,0.59,us,5.21,8.014,0.175,9
-23.3029,-176.97,151.949,4.5,26,165.0,7.233,0.7,us,13.86,8.08,0.124,20
51.537,161.154,10.0,4.4,46,128.0,2.141,0.89,us,9.37,1.912,0.089,36
36.4224,70.6723,205.522,4.4,105,122.0,2.28,0.67,us,7.37,7.673,0.059,83
51.8128,159.6095,35.0,4.2,23,131.0,1.347,0.73,us,11.69,1.946,0.132,16
43.469,147.5281,41.217,5.1,168,100.0,3.632,0.55,us,9.48,5.582,0.044,168
51.7771,158.3398,80.926,4.2,53,124.0,1.263,0.82,us,8.64,4.618,0.083,42
51.1666,158.2123,64.156,4.3,52,134.0,1.879,0.97,us,9.87,6.911,0.092,37
52.431,160.8827,10.0,5.1,58,144.0,1.482,0.88,us,7.29,1.912,0.033,298
51.5226,157.9347,64.581,4.3,25,125.0,1.566,0.52,us,9.23,8.021,0.125,18
-44.6833,-81.3578,10.0,4.3,11,184.0,8.88,0.62,us,10.0,1.98,0.178,9
50.933,157.3036,101.641,4.3,55,134.0,2.192,0.87,us,10.28,6.753,0.076,49
19.0733,145.477,204.514,4.3,31,125.0,3.823,1.04,us,13.41,9.562,0.109,24
49.5769,155.0091,103.902,4.7,38,96.0,3.917,0.81,us,5.84,7.583,0.108,28
51.5085,159.3931,35.0,4.6,43,132.0,1.585,0.87,us,11.01,1.934,0.091,36
51.3512,159.5502,10.0,4.4,28,128.0,1.764,1.16,us,9.86,1.914,0.107,25
-32.6071,-177.5916,10.0,5.2,89,50.0,5.978,0.65,us,10.72,1.781,0.071,65
50.227,-179.392,10.0,3.6,60,198.0,1.378,0.57,us,5.92,1.962,0.089,32
-0.1668,99.3304,65.856,5.2,167,87.0,4.917,0.8,us,8.28,6.671,0.037,240
-34.9169,-110.9538,10.0,4.4,30,173.0,30.194,0.73,us,11.1,1.838,0.103,27
16.354,-92.8733,208.454,4.4,60,110.0,0.711,0.62,us,8.39,6.205,0.072,55
26.5336,96.7158,109.239,4.3,65,130.0,5.858,0.53,us,12.37,8.844,0.075,51
79.448,4.4962,10.0,4.2,26,177.0,1.503,1.01,us,10.76,1.94,0.121,19
-5.7436,153.0613,10.0,4.7,32,139.0,1.783,0.61,us,9.25,1.914,0.11,25
42.0202,-126.1152,10.0,3.7,63,234.0,1.345,0.71,us,8.09,2.011,0.29,3
51.7553,178.5691,96.582,4.3,78,162.0,0.177,0.55,us,10.33,4.648,0.086,38
-22.0836,-179.6096,606.969,4.3,58,123.0,4.844,0.56,us,15.15,8.237,0.071,56
36.5384,70.516,217.624,4.0,26,151.0,2.312,0.89,us,6.38,10.435,0.211,6
20.1284,122.17,153.872,4.9,156,99.0,2.862,0.81,us,8.48,5.18,0.048,139
52.3973,160.7279,10.0,4.2,28,122.0,1.411,0.87,us,6.86,1.909,0.115,21
-52.603,140.0909,10.0,4.4,14,142.0,15.499,0.61,us,13.55,1.95,0.148,13
-3.952,153.1118,29.558,4.4,26,136.0,0.975,0.76,us,7.88,6.646,0.13,17
-22.7353,-68.5873,123.317,4.4,20,70.0,0.434,0.62,us,5.17,4.211,0.143,14
-19.6551,-178.23,563.264,4.1,13,230.0,3.898,0.98,us,29.6,28.019,0.166,10
36.7152,27.0117,146.758,4.2,31,96.0,1.025,0.67,us,6.41,5.848,0.118,20
-54.9048,-129.2594,10.0,5.1,31,111.0,32.639,0.88,us,13.79,1.88,0.106,29
52.7995,160.6735,35.0,4.4,61,119.0,1.246,0.76,us,10.32,1.927,0.067,65
6.0067,126.146,150.653,4.4,61,45.0,1.197,1.07,us,4.67,6.262,0.073,54
-1.321,-77.8568,177.305,4.2,54,49.0,0.24,0.58,us,6.1,3.637,0.1,28
-7.0125,155.7932,111.864,4.6,111,91.0,4.766,0.57,us,5.51,6.808,0.05,118
51.3919,157.5509,61.529,4.6,34,120.0,1.721,0.67,us,10.26,8.292,0.105,27
-22.9061,-66.7678,213.249,4.2,20,113.0,1.302,1.06,us,10.3,8.258,0.159,11
13.2924,50.0635,10.0,4.2,13,142.0,7.264,0.66,us,9.72,1.945,0.199,7
53.1393,-166.0308,35.0,3.7,29,199.0,0.762,0.27,us,2.94,1.958,0.135,14
51.3088,157.5788,83.882,4.5,83,135.0,1.804,0.43,us,11.16,6.952,0.046,138
52.1538,160.7119,27.022,4.6,27,178.0,1.53,0.56,us,11.59,6.86,0.114,23
34.7852,32.4193,10.0,4.3,17,158.0,0.77,0.7,us,5.71,1.943,0.217,6
-47.4548,97.5199,10.0,4.6,14,126.0,20.085,0.38,us,11.76,1.881,0.158,12
-6.1958,131.2517,62.978,4.3,24,92.0,2.136,0.72,us,5.21,8.289,0.154,15
51.7735,161.5279,10.0,4.2,31,135.0,2.162,0.74,us,10.49,1.875,0.118,20
13.8317,120.7292,200.512,4.4,40,85.0,8.944,0.69,us,12.52,10.672,0.105,26
-4.5433,153.2228,84.163,5.2,65,119.0,1.113,0.84,us,9.72,5.688,0.052,121
33.0369,131.581,83.433,4.4,45,101.0,1.798,0.77,us,6.35,8.009,0.107,25
6.2575,127.4141,10.0,4.4,24,84.0,1.993,0.7,us,4.88,1.913,0.143,17
51.2104,159.0646,10.0,4.3,22,138.0,1.834,0.6,us,11.69,1.937,0.148,13
-6.6166,129.9257,139.142,4.7,32,101.0,4.342,0.26,us,5.65,8.975,0.12,21
-31.6731,76.4956,10.0,4.8,41,92.0,21.292,0.55,us,12.83,1.874,0.095,34
7.065,-34.181,10.0,4.7,70,62.0,12.921,0.61,us,11.29,1.875,0.051,118
52.1774,160.103,32.47,4.5,45,120.0,1.226,0.74,us,9.44,5.956,0.087,39
-13.7044,-72.7506,10.0,4.6,15,112.0,4.34,1.14,us,7.58,1.927,0.173,10
5.7036,61.3767,10.0,4.5,47,54.0,23.4,0.93,us,13.3,1.913,0.089,37
51.7415,158.6828,63.654,4.1,26,102.0,1.284,0.74,us,5.2,7.893,0.127,17
50.9647,160.1123,10.0,4.6,34,138.0,2.251,0.6,us,10.09,1.894,0.116,22
32.8999,88.3856,10.0,4.2,32,143.0,3.957,0.89,us,8.32,1.825,0.096,30
49.8013,155.779,82.136,4.5,59,124.0,3.522,0.65,us,6.24,6.287,0.06,82
-24.0538,-70.8704,24.27,4.2,17,188.0,0.611,0.92,us,3.27,6.542,0.216,6
39.395,143.1701,10.0,4.6,99,134.0,2.133,0.82,us,7.14,1.886,0.062,79
51.5649,159.3577,35.0,5.0,85,134.0,1.524,1.03,us,10.39,1.917,0.036,250
50.2794,156.7642,68.468,4.5,69,132.0,2.892,0.9,us,11.47,7.356,0.056,94
52.6226,160.6475,24.27,4.6,33,123.0,1.277,0.53,us,9.07,5.87,0.111,24
9.1818,93.7574,10.0,4.6,72,94.0,5.043,0.66,us,8.53,1.88,0.076,52
52.7353,160.6301,35.0,4.3,38,174.0,1.234,0.98,us,6.71,1.951,0.093,33
2.8968,95.3365,10.0,5.1,136,39.0,2.74,0.49,us,8.31,1.775,0.052,119
52.6568,-174.3246,236.892,3.8,50,74.0,0.271,0.37,us,10.4,6.601,0.136,14
53.1025,159.9097,65.865,4.8,59,126.0,1.324,0.87,us,10.51,7.069,0.047,142
-8.9158,159.4658,126.627,4.0,15,120.0,0.704,0.54,us,14.18,5.639,0.149,12
37.8141,144.1232,10.0,4.5,44,136.0,3.802,0.86,us,9.7,1.898,0.102,29
50.9219,157.9667,40.798,4.3,91,98.0,2.147,0.61,us,8.41,4.416,0.061,76
52.7146,160.6469,28.497,4.6,120,133.0,1.249,0.74,us,9.79,5.57,0.054,103
33.7183,90.741,10.0,4.5,66,46.0,4.016,0.69,us,8.69,1.876,0.073,55
-23.994,-69.4871,88.807,4.0,19,90.0,1.088,1.26,us,4.62,8.72,0.164,10
-1.1916,147.5797,10.0,4.4,32,91.0,0.872,0.47,us,6.03,1.901,0.105,26
7.4288,127.2696,10.0,4.5,34,116.0,1.715,0.75,us,8.0,1.895,0.107,26
51.138,159.7792,10.0,4.9,39,207.0,2.013,0.91,us,11.05,1.955,0.095,35
51.2099,159.4249,10.0,4.5,18,138.0,1.878,0.71,us,12.22,1.934,0.144,14
-21.113,-68.9959,113.218,4.1,17,81.0,0.464,0.67,us,7.04,7.044,0.234,5
-17.4618,-177.5031,394.174,4.6,104,76.0,3.148,0.87,us,10.83,7.746,0.042,175
-15.0755,-173.558,10.0,5.1,37,101.0,2.074,0.82,us,12.0,1.488,0.041,188
-57.9569,-10.5137,10.0,4.6,23,98.0,14.13,1.12,us,13.78,1.941,0.123,23
15.0734,-91.2919,192.348,4.5,64,83.0,0.571,1.08,us,5.85,5.225,0.044,152
28.3293,64.1317,41.877,4.9,163,76.0,7.502,0.78,us,8.58,6.667,0.043,170
16.5686,-94.3073,110.545,4.3,28,118.0,0.761,0.93,us,4.83,9.871,0.119,20
48.2839,154.3139,53.519,4.7,87,133.0,5.287,0.64,us,9.33,7.152,0.063,76
31.4156,99.7785,10.0,4.3,18,228.0,5.582,0.71,us,8.44,2.008,0.161,11
51.1178,-175.9955,10.0,4.0,42,203.0,0.788,0.5,us,4.63,1.918,0.108,23
51.9639,159.6365,35.0,4.1,22,124.0,1.221,0.59,us,9.99,1.945,0.127,17
52.2925,159.8143,35.0,4.2,11,221.0,1.019,1.28,us,7.5,2.009,0.167,10
52.8786,161.0827,10.0,5.1,18,129.0,1.479,0.53,us,11.16,1.926,0.147,15
14.4479,-90.4307,177.934,4.7,35,171.0,0.832,0.65,us,7.55,7.663,0.045,147
13.3091,-92.6013,10.0,4.4,64,218.0,1.604,0.87,us,5.75,1.978,0.07,59
-7.5437,128.7425,143.323,4.2,20,78.0,3.216,1.01,us,8.9,10.099,0.153,12
-3.5292,135.4626,10.0,3.9,19,97.0,1.216,0.9,us,5.68,1.9,0.194,7
-18.2373,-175.2488,236.646,4.4,32,79.0,5.113,1.1,us,11.01,8.64,0.098,30
2.7113,128.1721,73.75,4.3,35,104.0,3.355,1.18,us,9.42,2.478,0.113,22
50.2127,157.3502,45.368,4.6,22,132.0,2.908,1.11,us,11.53,7.894,0.129,25
-23.7096,-174.4933,10.0,4.7,23,136.0,6.273,1.35,us,15.44,1.904,0.142,20
-3.677,-102.9953,10.0,4.9,70,146.0,13.044,0.83,us,12.83,1.911,0.027,416
51.8781,159.5286,63.249,4.5,72,130.0,1.267,0.93,us,9.64,7.029,0.069,64
-30.3978,60.9107,10.0,4.3,27,63.0,10.299,0.57,us,9.72,1.888,0.133,17
-10.3735,154.122,10.0,4.0,11,163.0,5.814,0.99,us,10.34,1.983,0.195,8
53.0361,160.8224,31.363,4.9,81,129.0,1.312,0.67,us,10.46,5.579,0.043,167
44.4564,149.4049,35.0,4.7,116,137.0,4.902,0.58,us,9.97,1.91,0.057,95
51.5321,159.5113,20.719,4.9,78,127.0,1.585,1.31,us,8.37,5.338,0.043,167
52.0883,160.6467,21.806,4.4,41,108.0,1.537,1.09,us,7.63,4.682,0.095,32
52.7629,160.91,32.003,4.0,26,143.0,1.394,0.44,us,9.09,4.261,0.129,16
19.0599,121.301,10.0,4.2,33,123.0,3.744,0.83,us,12.76,1.926,0.11,23
-4.6573,153.5717,108.393,4.6,58,102.0,1.478,0.76,us,6.99,4.56,0.062,78
7.484,-77.1241,45.11,4.4,49,95.0,1.556,0.69,us,6.88,8.21,0.103,27
54.5304,-160.4077,35.0,4.3,72,157.0,0.563,0.99,us,3.01,1.943,0.133,16
16.4546,-59.8077,10.0,4.5,16,234.0,1.216,0.65,us,6.77,1.952,0.204,7
-8.2761,107.0433,41.036,4.9,44,173.0,1.007,1.09,us,7.98,6.932,0.107,27
-17.9405,-178.3767,606.503,4.4,38,80.0,2.599,0.86,us,15.08,10.032,0.096,31
53.1908,160.549,32.869,4.5,31,134.0,1.157,0.72,us,13.12,6.497,0.131,17
52.566,160.2341,35.0,5.3,33,121.0,1.065,0.62,us,5.38,1.87,0.132,19
-46.2484,-75.5636,10.0,4.5,29,141.0,1.809,0.89,us,6.87,1.913,0.118,21
1.0503,97.1318,10.0,4.8,68,176.0,2.423,0.48,us,6.66,1.877,0.073,58
-22.2884,-67.3096,170.316,4.2,18,73.0,1.04,1.12,us,8.76,7.309,0.159,11
-7.008,130.6568,73.928,4.3,37,50.0,2.58,0.68,us,7.8,7.634,0.116,21
40.7155,51.8267,49.334,5.1,144,76.0,2.431,0.56,us,6.98,6.525,0.048,142
50.8501,157.1112,79.757,5.0,112,84.0,2.29,0.86,us,8.51,5.038,0.022,641
15.3789,-94.5506,50.134,4.2,33,147.0,1.967,0.91,us,7.22,9.301,0.06,78
52.8384,160.9578,27.95,5.3,99,132.0,1.409,0.88,us,11.45,5.834,0.032,322
61.0366,-60.3505,10.0,4.2,25,115.0,4.682,1.32,us,8.43,1.949,0.124,18
26.1352,97.1858,10.0,4.6,81,91.0,5.306,0.52,us,9.87,1.878,0.068,64
52.9004,160.8399,10.0,4.1,40,119.0,1.33,0.91,us,9.09,1.894,0.109,23
49.9927,159.5848,10.0,4.3,31,133.0,3.091,0.55,us,11.74,1.916,0.111,23
-1.6311,-77.6831,172.909,4.2,39,66.0,0.368,0.6,us,7.11,4.974,0.097,32
2.3968,-95.213,10.0,4.3,25,201.0,5.1,0.99,us,11.32,1.961,0.137,18
-30.0116,-177.4892,35.0,4.4,17,243.0,9.722,1.05,us,16.03,2.003,0.155,12
16.5418,-59.5537,10.0,4.2,29,189.0,1.46,0.55,us,4.49,1.968,0.237,5
-12.4359,167.0004,233.458,4.2,51,128.0,3.0,0.66,us,13.6,7.738,0.079,45
-24.2488,-67.2783,179.176,4.4,31,70.0,1.533,1.17,us,8.94,9.026,0.144,14
27.242,140.1716,451.332,4.1,52,93.0,1.799,0.77,us,13.23,9.324,0.063,70
-9.2676,124.3365,32.198,4.4,18,85.0,0.489,1.01,us,5.24,6.72,0.161,11
49.8014,155.6968,70.762,4.5,78,135.0,3.54,0.5,us,9.33,6.44,0.056,95
52.7596,160.6849,10.0,4.1,38,148.0,1.261,0.77,us,9.36,1.938,0.109,24
50.4253,158.9304,10.0,4.3,24,133.0,2.608,0.64,us,8.05,1.702,0.16,11
-52.5538,28.2409,10.0,4.5,16,119.0,20.87,0.46,us,10.57,1.901,0.136,16
53.1972,-167.02,46.312,3.9,46,165.0,0.576,0.8,us,4.49,8.298,0.091,32
-8.6951,110.3162,75.672,4.4,22,118.0,1.64,0.4,us,7.42,7.736,0.143,14
11.0286,-85.1706,218.702,4.5,33,79.0,0.222,0.64,us,9.28,2.886,0.057,90
4.032,122.8975,556.158,4.5,65,37.0,2.666,0.54,us,11.18,9.198,0.077,49
-7.0498,150.2047,10.0,4.4,33,142.0,3.273,0.63,us,5.51,1.848,0.12,20
51.3546,159.589,10.0,4.2,32,168.0,1.768,1.0,us,6.21,1.958,0.118,20
-6.1146,149.0611,10.0,4.3,17,121.0,3.456,1.03,us,8.68,1.774,0.143,14
-20.8541,-178.4008,565.849,4.2,46,124.0,4.559,0.82,us,15.09,8.945,0.051,105
51.5995,160.094,10.0,4.4,20,229.0,2.107,0.55,us,14.4,1.99,0.123,20
49.8183,157.2554,35.0,4.3,60,135.0,3.306,0.8,us,11.13,1.946,0.075,50
9.4556,-40.4801,10.0,4.4,16,111.0,12.813,1.04,us,14.22,1.931,0.162,11
50.2242,158.2649,10.0,4.2,17,161.0,2.813,0.68,us,9.75,1.949,0.175,9
-8.0721,-74.4637,165.292,4.4,66,109.0,1.775,0.62,us,9.89,7.892,0.063,73
40.3302,142.4798,58.501,4.5,49,131.0,1.172,0.6,us,6.78,7.995,0.098,30
6.0445,123.6804,556.761,4.3,71,54.0,2.144,0.82,us,11.09,8.542,0.073,54
35.5794,58.4298,10.0,4.2,39,174.0,8.613,0.57,us,8.34,1.935,0.085,39
2.0049,126.9327,29.138,4.6,50,89.0,1.299,0.85,us,3.13,5.421,0.084,42
-5.0736,153.4977,40.702,4.2,25,102.0,1.593,0.33,us,9.71,7.977,0.132,16
51.3928,159.4716,35.0,4.2,10,207.0,1.71,1.13,us,12.95,1.996,0.199,7
-45.9818,95.6026,10.0,4.4,21,110.0,33.553,0.61,us,8.09,1.909,0.124,19
53.1638,160.0687,43.696,4.2,26,137.0,0.867,0.68,us,11.96,5.222,0.128,17
51.0974,-179.4144,37.326,3.8,57,218.0,0.592,0.63,us,4.73,4.068,0.154,11
6.7096,-72.9637,169.66,4.4,40,125.0,2.292,0.56,us,11.75,8.718,0.095,35
51.373,159.4387,10.0,4.4,33,128.0,1.723,0.6,us,9.68,1.913,0.108,25
5.9983,125.9874,152.424,4.2,23,183.0,1.139,0.53,us,9.87,7.5,0.147,13
52.0434,161.0358,10.0,4.2,19,167.0,1.757,1.19,us,9.18,1.761,0.167,10
51.4159,161.019,10.0,4.3,48,135.0,2.172,0.31,us,11.21,1.904,0.09,35
36.9316,72.806,10.0,4.5,41,106.0,1.402,0.68,us,8.35,1.904,0.07,60
52.557,160.2028,35.0,4.5,37,119.0,1.052,0.9,us,10.18,1.937,0.106,26
34.6164,70.6351,10.0,4.4,36,144.0,1.242,0.77,us,7.39,1.943,0.118,21
50.1987,157.6286,35.0,4.2,20,230.0,2.899,1.27,us,14.32,1.96,0.152,12
23.3943,82.5615,10.0,4.2,28,159.0,9.911,1.15,us,12.41,1.936,0.115,21
-10.8595,165.5733,35.0,4.7,40,113.0,5.716,0.54,us,14.03,1.929,0.087,45
50.3116,157.6571,30.803,4.4,45,134.0,2.785,0.64,us,12.0,6.583,0.068,62
53.6861,160.5009,50.581,4.8,183,115.0,1.293,0.62,us,3.55,6.623,0.043,164
11.0639,93.0478,92.727,4.5,40,69.0,0.659,0.94,us,5.94,6.84,0.106,26
52.328,160.4462,10.0,4.5,36,139.0,1.297,0.73,us,11.72,1.926,0.096,32
50.2982,158.1486,10.0,4.2,35,138.0,2.747,0.62,us,11.99,1.923,0.103,26
51.825,159.6059,40.446,4.4,29,125.0,1.335,0.94,us,8.84,7.758,0.084,41
-6.9532,129.4996,160.292,4.3,19,109.0,4.854,1.24,us,10.6,11.262,0.154,12
19.6058,146.7683,10.0,4.5,68,134.0,4.44,0.4,us,5.24,1.895,0.076,51
51.2485,159.5548,10.0,4.3,26,134.0,1.863,0.64,us,5.42,1.824,0.119,20
52.2398,160.6702,10.0,4.1,17,215.0,1.46,1.09,us,12.21,1.951,0.165,11
-49.4283,-8.074,10.0,4.5,17,81.0,22.446,0.74,us,13.26,1.934,0.132,17
-20.2032,-178.1048,560.186,4.1,23,141.0,4.382,0.53,us,14.47,8.731,0.123,18
-54.7445,-26.7115,10.0,4.6,22,67.0,5.714,0.32,us,9.42,1.898,0.119,21
49.2099,156.3941,35.0,4.4,30,139.0,3.989,0.4,us,10.97,1.912,0.117,21
16.3594,-97.9939,32.37,4.6,92,138.0,0.655,1.31,us,5.85,6.26,0.035,245
52.285,160.5955,10.0,4.9,41,123.0,1.397,1.18,us,9.27,1.896,0.081,48
-58.9949,-25.6535,35.0,4.3,22,88.0,19.205,0.59,us,14.49,1.954,0.114,22
39.3799,143.5504,10.0,4.5,34,143.0,2.37,0.77,us,8.0,1.905,0.115,22
7.2367,-82.35,10.0,4.1,17,170.0,2.199,0.32,us,8.22,1.946,0.233,6
52.8886,160.7292,10.0,4.6,38,133.0,1.265,1.15,us,12.82,1.921,0.077,50
-17.5975,-69.6577,159.302,4.0,16,188.0,0.17,0.74,us,9.24,3.68,0.197,7
52.7734,160.9219,10.0,4.5,60,119.0,1.399,0.63,us,10.45,1.905,0.076,51
34.3547,104.6723,10.0,4.2,25,96.0,5.761,0.62,us,14.14,1.926,0.132,16
40.7407,142.9837,35.0,4.4,27,148.0,1.28,0.32,us,7.07,1.935,0.139,15
-11.2453,118.3198,10.0,4.9,32,105.0,2.461,1.03,us,6.28,1.89,0.101,31
-23.8942,179.6029,568.441,4.5,32,138.0,6.288,0.71,us,14.52,12.74,0.108,25
-7.5559,142.918,10.0,4.6,17,157.0,3.327,1.22,us,9.46,1.963,0.165,11
-33.1994,-179.7336,116.454,4.1,18,248.0,4.638,1.03,us,15.6,11.997,0.139,14
-5.0038,144.2892,91.934,4.3,20,75.0,4.349,1.14,us,7.42,10.056,0.132,16
52.5535,160.6703,10.0,4.8,88,116.0,1.314,0.96,us,8.4,1.876,0.034,269
28.2195,103.9971,10.0,4.7,56,59.0,5.222,0.67,us,8.17,1.864,0.077,51
-7.7947,108.7198,99.247,4.8,86,54.0,1.111,0.66,us,7.79,5.15,0.059,88
50.2829,157.2626,59.736,5.0,194,121.0,2.842,0.62,us,9.74,6.248,0.024,560
50.2744,159.5324,10.0,4.2,21,139.0,2.807,0.55,us,13.69,1.926,0.124,18
37.6763,141.7939,61.973,4.3,15,161.0,3.081,0.36,us,8.64,10.481,0.237,5
36.5389,140.4701,63.208,4.6,59,142.0,1.821,0.77,us,7.61,7.472,0.051,116
50.2942,157.6672,35.0,4.4,31,136.0,2.801,0.78,us,11.19,1.939,0.126,18
27.3722,52.6542,10.0,4.5,36,82.0,4.002,0.75,us,9.4,1.902,0.095,32
51.9185,159.9547,47.801,4.4,26,167.0,1.364,1.05,us,10.03,4.272,0.135,16
0.495,126.5682,52.799,4.5,25,75.0,0.844,0.43,us,6.35,6.594,0.131,17
-5.0387,151.1614,183.341,4.4,24,98.0,1.306,0.55,us,10.57,9.551,0.117,21
51.6086,160.0359,10.0,4.3,16,137.0,1.653,1.06,us,9.25,1.706,0.148,13
-1.1241,-24.2305,10.0,4.5,12,110.0,11.935,0.34,us,9.93,1.942,0.18,10
-15.4825,-174.7845,155.759,4.6,26,68.0,3.299,0.3,us,13.12,7.978,0.137,16
52.3294,160.7829,10.0,4.5,65,123.0,1.473,0.65,us,10.52,1.924,0.064,73
39.932,77.2645,10.0,4.4,31,118.0,1.954,1.39,us,5.75,1.917,0.143,14
-55.4729,-28.2657,51.736,4.8,67,72.0,4.895,0.44,us,10.17,3.875,0.073,57
-30.785,-178.5347,10.0,4.6,16,253.0,7.248,0.23,us,8.35,1.98,0.157,12
18.7352,145.287,212.661,3.9,19,141.0,3.508,0.36,us,15.19,9.664,0.143,13
52.4906,160.6382,39.14,4.3,18,138.0,1.321,0.62,us,13.99,9.038,0.168,10
-6.5557,129.9346,130.532,4.3,25,60.0,4.286,0.86,us,9.39,9.423,0.148,13
2.5068,125.8306,128.173,4.2,26,62.0,2.239,0.49,us,9.92,7.508,0.125,18
6.9211,127.1224,35.0,4.9,51,58.0,1.539,1.16,us,7.07,1.92,0.086,43
9.4054,40.0981,10.0,4.6,46,174.0,1.489,0.72,us,10.28,1.952,0.081,45
38.9802,20.5865,48.657,4.2,33,146.0,1.364,0.66,us,3.43,8.246,0.263,5
50.3549,159.111,10.0,4.9,68,129.0,2.688,0.95,us,7.17,1.861,0.076,55
29.7497,141.2915,121.74,4.3,21,183.0,2.759,0.54,us,12.77,9.82,0.133,16
52.5732,160.7526,10.0,4.5,61,118.0,1.354,0.95,us,6.99,1.586,0.043,161
-4.4241,144.3302,133.215,5.1,176,18.0,3.844,0.54,us,6.25,4.679,0.048,143
-1.046,-13.0171,10.0,4.9,28,96.0,11.184,1.21,us,12.25,1.877,0.091,38
44.605,149.1421,35.0,4.6,73,143.0,4.721,0.66,us,11.54,1.925,0.072,57
51.6919,159.1226,57.526,4.3,19,196.0,1.365,0.58,us,14.12,9.74,0.137,15
54.6425,-160.304,35.0,4.6,45,161.0,0.455,1.15,us,5.8,1.936,0.089,38
-57.7114,157.6615,10.0,4.7,28,103.0,3.3,0.62,us,12.16,1.893,0.113,24
-5.8576,128.3634,355.026,4.3,22,57.0,2.028,0.53,us,10.24,8.929,0.125,18
-6.9291,124.9926,546.063,4.4,36,55.0,2.898,0.94,us,12.17,8.429,0.13,18
52.395,160.1479,44.785,4.3,34,171.0,1.108,0.76,us,12.64,8.727,0.106,25
-3.986,-80.9703,26.134,4.6,53,139.0,2.281,0.86,us,8.28,5.258,0.033,276
-54.6475,158.6203,10.0,4.6,22,128.0,0.239,0.85,us,6.41,1.947,0.141,15
51.2261,160.9503,10.0,4.7,93,123.0,2.291,0.49,us,7.46,1.906,0.058,89
50.0786,157.2271,35.0,4.5,23,138.0,3.048,0.54,us,13.75,1.948,0.15,14
37.5599,72.4465,191.888,4.2,39,165.0,0.752,0.76,us,8.66,4.525,0.146,13
-8.5317,120.5652,165.216,4.6,47,63.0,1.16,1.13,us,6.13,6.421,0.088,39
-30.2266,-177.7746,75.21,4.8,28,198.0,8.008,0.74,us,16.56,4.432,0.119,22
-35.4444,-179.769,10.0,4.3,16,259.0,2.621,0.5,us,8.65,1.966,0.188,8
2.8875,-31.3647,10.0,4.8,52,46.0,9.77,0.84,us,10.87,1.851,0.066,72
21.0542,121.9886,10.0,4.9,113,78.0,1.947,0.75,us,7.74,1.856,0.043,169
41.7707,82.0621,10.0,4.3,30,119.0,2.459,0.78,us,8.25,1.937,0.133,16
52.1648,160.5199,26.845,4.4,14,153.0,1.428,0.6,us,10.93,8.255,0.179,9
2.3985,128.2662,205.772,4.3,12,146.0,1.849,0.63,us,9.17,11.79,0.217,6
39.262,27.9697,10.0,4.6,41,67.0,0.849,0.35,us,5.16,1.504,0.122,20
33.9261,87.7533,10.0,5.1,74,81.0,5.096,0.78,us,7.91,1.803,0.051,125
-11.5648,166.2719,86.02,4.5,31,145.0,3.964,0.63,us,11.01,5.981,0.118,21
51.6325,159.969,25.971,4.5,35,127.0,2.03,0.8,us,9.91,6.015,0.099,30
51.4835,-173.9696,35.0,4.0,34,188.0,0.733,0.93,us,4.85,1.927,0.106,24
9.8202,126.0977,32.396,4.5,13,139.0,2.781,1.27,us,15.3,5.594,0.192,8
52.6408,160.6954,10.0,4.7,23,129.0,1.299,0.79,us,11.34,1.916,0.118,22
37.6612,144.2886,10.0,4.9,110,125.0,4.003,0.86,us,7.52,1.859,0.062,81
14.0569,-89.8169,10.0,4.4,48,119.0,0.158,0.47,us,4.41,1.977,0.088,37
-20.2508,-68.6433,115.696,4.1,31,59.0,0.491,1.12,us,6.9,7.449,0.175,11
-6.4443,129.236,195.258,4.1,21,64.0,4.613,0.79,us,10.33,10.022,0.197,7
41.4754,83.8183,10.0,4.4,32,111.0,3.704,1.01,us,6.25,1.912,0.139,15
52.4163,160.7465,10.0,4.3,14,166.0,1.413,0.86,us,14.09,1.911,0.201,7
51.5651,159.5352,10.0,5.1,113,133.0,1.558,0.82,us,9.72,1.88,0.035,264
-47.8744,116.028,10.0,4.4,24,128.0,14.958,0.65,us,14.57,1.801,0.123,22
37.7797,141.9747,58.699,4.3,24,150.0,3.087,0.46,us,10.49,9.08,0.154,12
-21.0542,-178.8917,602.733,4.4,41,89.0,4.377,0.93,us,13.6,9.845,0.098,30
-24.7421,-173.8807,10.0,4.4,15,138.0,6.727,0.54,us,9.18,1.921,0.154,13
48.8154,157.733,10.0,4.2,38,139.0,4.299,1.0,us,10.42,1.897,0.102,30
-26.1076,-177.7458,207.762,4.3,36,135.0,9.189,0.94,us,16.19,8.298,0.094,32
51.6419,159.7297,10.0,4.9,27,157.0,1.534,0.61,us,10.5,1.937,0.108,27
-57.246,-67.7348,10.0,4.5,19,151.0,2.32,0.52,us,6.31,1.953,0.15,13
-17.9339,-178.1592,583.455,4.1,17,136.0,2.77,0.61,us,23.98,21.853,0.157,13
9.3633,93.9614,40.127,5.0,54,69.0,5.064,0.91,us,10.29,5.366,0.091,38
50.9747,159.6394,10.0,4.5,24,223.0,2.141,0.78,us,7.72,1.937,0.14,15
-0.1008,123.016,82.215,4.2,26,79.0,0.966,0.65,us,7.17,6.962,0.166,11
-24.349,-175.5741,35.0,4.4,17,109.0,7.421,0.83,us,15.76,1.948,0.148,15
53.027,161.1634,25.995,4.7,57,86.0,1.518,0.66,us,8.46,5.457,0.042,173
14.7856,-91.0593,169.27,4.3,28,161.0,1.52,0.75,us,10.97,13.509,0.126,18
52.7231,160.6649,10.0,4.7,112,118.0,1.258,0.89,us,8.22,1.874,0.051,115
-6.1832,151.4614,10.0,4.6,34,149.0,2.099,0.72,us,11.08,1.916,0.068,66
51.3848,159.8739,10.0,4.7,18,183.0,1.806,1.0,us,10.59,1.958,0.158,12
-7.032,155.7382,83.873,4.7,66,80.0,4.541,0.94,us,8.72,7.242,0.051,118
10.7212,123.692,10.0,4.5,28,100.0,4.079,1.05,us,9.63,1.789,0.113,23
52.3215,160.4911,10.0,4.7,40,153.0,1.323,0.75,us,9.17,1.9,0.067,68
49.9421,158.497,27.854,4.5,72,227.0,3.087,0.55,us,12.13,6.99,0.065,70
-20.3859,-177.8699,553.516,4.3,33,98.0,4.666,0.77,us,10.77,8.562,0.122,19
45.6845,42.2956,10.0,4.3,41,55.0,2.675,0.78,us,7.57,1.914,0.085,39
51.814,159.5999,10.0,4.5,27,126.0,1.344,1.13,us,9.38,1.72,0.14,20
44.3465,148.7041,61.848,4.4,82,110.0,4.398,0.59,us,10.55,2.995,0.061,77
-18.0225,-178.2053,557.71,5.0,175,114.0,2.78,0.7,us,11.84,6.347,0.042,178
51.3709,159.5342,35.0,4.3,23,150.0,1.742,0.76,us,11.38,1.957,0.111,23
52.4051,161.6881,10.0,4.1,35,119.0,1.949,0.88,us,11.04,1.924,0.096,30
-20.9423,-177.9097,425.086,4.0,27,108.0,4.964,0.87,us,11.24,14.534,0.106,24
-17.076,-174.1664,120.593,4.6,32,63.0,3.899,0.74,us,10.38,7.818,0.114,23
7.7349,136.7563,10.0,4.6,51,61.0,2.199,0.8,us,9.13,1.887,0.083,44
-21.2977,-69.0694,105.016,4.3,20,79.0,0.465,0.55,us,4.16,4.645,0.169,10
-24.2092,-67.2988,204.747,4.0,19,70.0,1.489,0.48,us,9.37,11.425,0.298,3
56.4972,121.0314,10.0,4.0,32,141.0,5.549,0.64,us,10.36,1.936,0.116,20
-56.9272,-26.5621,96.912,4.4,27,127.0,6.217,0.38,us,9.47,8.263,0.127,18
52.441,160.4984,10.0,4.3,16,209.0,1.266,0.77,us,10.03,1.999,0.147,13
52.8858,160.9343,35.0,4.2,19,155.0,1.389,0.81,us,7.96,1.99,0.136,15
-19.117,168.6541,35.0,4.5,29,115.0,3.595,0.72,us,6.84,1.904,0.128,18
-49.6431,122.0555,10.0,4.4,18,137.0,17.081,0.55,us,15.53,1.94,0.134,16
-15.1824,-177.3107,371.641,4.3,45,74.0,3.444,0.6,us,12.51,7.054,0.099,29
-14.9984,-176.4803,10.0,4.5,20,93.0,4.257,1.23,us,12.89,1.924,0.171,10
6.8018,127.1295,31.637,4.3,32,109.0,1.562,1.2,us,8.01,5.187,0.114,22
-3.8892,131.487,10.0,4.7,52,57.0,1.228,0.69,us,2.79,1.86,0.089,38
42.6807,141.2242,130.202,4.3,18,74.0,1.58,1.3,us,7.57,4.302,0.169,10
-6.3636,150.4086,10.0,4.3,17,118.0,2.602,0.41,us,9.12,1.632,0.154,12
-6.8777,155.4381,35.0,4.3,42,96.0,4.212,0.46,us,9.77,1.921,0.097,31
51.5601,160.2217,10.0,5.0,82,157.0,2.191,0.78,us,9.03,1.924,0.066,72
50.8089,-172.9607,10.0,3.7,33,202.0,1.594,0.62,us,6.34,1.647,0.134,14
-52.3544,28.0513,10.0,4.5,13,105.0,20.645,0.85,us,12.72,1.666,0.163,12
48.7738,156.2107,10.0,4.7,165,119.0,4.441,0.5,us,4.63,1.867,0.034,260
41.2125,142.9725,45.06,4.8,70,134.0,0.814,0.79,us,6.58,3.629,0.05,125
48.8986,156.1015,10.0,4.7,117,136.0,4.334,0.76,us,7.39,1.887,0.055,99
-49.3989,30.5333,10.0,4.3,14,128.0,14.599,0.21,us,11.71,1.854,0.161,11
51.431,-178.7977,28.369,3.7,29,185.0,0.123,0.74,us,5.36,3.804,0.115,19
53.4016,160.4736,55.504,4.4,53,112.0,1.16,0.5,us,11.92,6.95,0.083,42
52.6444,160.7219,10.0,4.5,38,119.0,1.313,0.81,us,9.49,1.9,0.118,21
51.5242,159.3836,33.65,4.5,83,130.0,1.568,0.69,us,10.02,5.801,0.065,70
-24.5531,-70.5644,26.298,4.3,20,178.0,1.073,0.95,us,4.54,7.321,0.16,11
52.8522,160.8574,10.0,4.7,25,143.0,1.347,1.14,us,8.78,1.86,0.159,12
-18.138,-178.3419,547.928,4.2,34,122.0,2.739,0.78,us,14.52,9.173,0.105,25
36.6186,71.4303,112.7,4.3,35,138.0,1.888,0.93,us,7.3,6.338,0.103,27
36.5373,70.3385,195.636,4.0,30,147.0,2.244,0.59,us,7.86,10.096,0.122,19
48.9808,156.1301,35.0,4.3,29,138.0,4.25,0.86,us,6.13,1.937,0.129,18
10.9002,123.9972,10.0,4.3,24,131.0,4.114,0.67,us,15.11,1.923,0.134,16
50.8477,158.6407,10.0,4.5,80,123.0,2.179,0.58,us,8.88,1.888,0.061,79
38.9256,142.0099,65.723,4.2,29,136.0,1.999,0.59,us,9.46,7.89,0.136,15
42.1361,80.6653,10.0,4.5,29,165.0,1.432,1.07,us,5.45,1.9,0.145,14
-9.9202,151.9658,10.0,4.4,20,92.0,4.766,0.9,us,8.96,1.894,0.143,14
51.1809,158.8957,43.213,4.4,33,122.0,1.852,0.94,us,5.58,7.769,0.11,24
50.0872,159.5407,10.0,4.3,22,226.0,2.992,0.67,us,11.24,1.972,0.16,13
52.2912,159.9371,59.125,4.2,22,122.0,1.589,1.23,us,9.97,8.148,0.142,14
12.7999,123.5914,10.0,4.5,45,91.0,8.229,0.61,us,4.92,1.894,0.103,28
-6.0555,151.7754,10.0,4.7,60,52.0,1.892,1.03,us,7.16,1.872,0.076,53
49.9466,157.0641,10.0,4.2,61,134.0,3.191,0.68,us,11.65,1.906,0.078,46
1.553,127.3554,154.92,4.1,37,81.0,0.776,0.78,us,6.97,4.085,0.12,22
-15.1257,-173.7287,126.869,4.2,12,137.0,6.777,0.62,us,11.35,8.028,0.216,7
51.9017,-172.7372,65.37,3.8,30,190.0,0.919,0.57,us,7.1,13.718,0.123,17
52.2758,161.193,10.0,4.2,16,123.0,1.721,0.85,us,6.3,1.911,0.158,11
-27.8953,-72.0907,25.457,4.1,18,193.0,0.95,1.07,us,5.84,8.112,0.26,4
9.5346,-40.5662,10.0,4.4,24,76.0,12.758,0.48,us,10.71,1.569,0.124,19
19.55,-70.7381,32.016,4.0,43,108.0,0.13,1.28,us,4.18,3.909,0.116,20
-37.4434,51.3136,10.0,4.8,44,43.0,18.702,0.37,us,10.47,1.478,0.088,40
51.0769,178.8163,17.521,4.2,69,214.0,0.429,0.59,us,5.04,4.942,0.072,54
52.9284,160.7605,35.714,5.5,123,76.0,1.28,0.68,us,8.97,6.466,0.029,426
51.6012,159.6582,34.798,4.7,35,126.0,1.553,0.75,us,11.22,6.348,0.099,31
52.3708,160.5584,10.0,4.7,70,164.0,1.333,0.87,us,10.25,1.936,0.06,85
2.969,-31.1441,10.0,4.9,44,45.0,18.471,0.75,us,11.84,1.845,0.084,44
49.8296,155.7817,87.635,4.4,120,133.0,3.495,0.44,us,9.99,7.112,0.051,110
51.605,160.6406,10.0,4.2,30,165.0,1.874,0.49,us,7.9,1.9,0.115,21
51.2305,158.5035,43.097,5.1,92,119.0,1.798,0.88,us,8.63,6.636,0.023,613
-2.2446,100.6998,69.668,4.3,19,196.0,3.08,0.52,us,5.04,10.741,0.154,12
10.9219,124.1097,10.0,4.3,25,85.0,16.611,0.88,us,15.03,1.948,0.129,17
-28.9279,-176.8872,10.0,4.5,24,108.0,9.502,1.09,us,13.84,1.912,0.115,22
50.255,159.0845,10.0,4.3,25,134.0,2.786,1.21,us,10.66,1.908,0.148,14
-4.9949,133.5001,10.0,4.3,15,80.0,2.41,0.49,us,7.15,1.919,0.2,7
5.9851,-77.569,10.0,4.3,21,126.0,3.426,1.3,us,8.78,1.939,0.126,18
-4.9392,153.0422,44.851,4.1,20,185.0,1.149,1.14,us,7.51,8.779,0.14,14
-6.3743,104.5726,61.31,4.5,48,51.0,1.602,0.63,us,8.21,7.172,0.099,33
-25.0496,-68.7605,93.553,4.4,30,71.0,0.761,0.7,us,7.64,6.486,0.124,19
32.6188,47.9026,10.0,4.1,17,222.0,3.083,0.75,us,15.0,2.016,0.197,7
-59.8205,-62.1822,10.0,4.7,18,130.0,5.048,0.61,us,13.04,1.913,0.142,15
52.0672,160.318,35.0,4.6,33,135.0,1.398,0.97,us,7.94,1.919,0.093,36
-0.589,-78.3584,10.0,4.6,49,98.0,0.196,1.02,us,6.98,1.878,0.047,137
-36.9459,-73.8111,35.0,4.3,28,152.0,2.264,0.92,us,4.67,1.961,0.178,9
-7.5002,127.8101,165.544,4.3,26,69.0,3.618,0.68,us,10.05,9.725,0.142,16
-10.1947,161.1338,51.588,4.4,26,170.0,1.39,1.09,us,5.12,6.995,0.13,17
15.0507,-94.2826,63.526,4.4,73,151.0,1.98,1.25,us,6.27,7.314,0.039,186
-3.6257,151.5576,10.0,4.4,25,110.0,0.825,0.36,us,8.88,1.895,0.126,18
-60.3121,-62.366,10.0,4.3,10,152.0,4.546,1.23,us,16.52,1.949,0.189,9
-52.9829,21.7342,10.0,4.6,20,120.0,20.602,0.84,us,13.39,1.916,0.122,20
-50.2528,112.7707,10.0,4.4,19,144.0,16.114,0.88,us,7.31,1.93,0.139,17
51.4008,-174.942,35.0,3.7,41,215.0,0.848,1.02,us,5.34,2.012,0.115,19
37.0475,75.4095,10.0,4.7,144,45.0,2.642,0.63,us,7.18,1.808,0.049,129
-55.8687,-27.8024,57.073,5.0,46,72.0,5.237,0.66,us,10.8,5.319,0.084,45
50.1569,157.6475,34.849,4.3,23,138.0,2.938,0.68,us,7.56,6.319,0.137,16
50.3691,157.1711,49.468,4.5,51,134.0,2.763,0.65,us,11.05,7.209,0.087,39
2.5161,126.9979,57.908,4.2,17,136.0,1.771,0.39,us,6.97,8.866,0.16,11
48.968,158.2315,10.0,4.3,24,145.0,4.069,0.79,us,13.21,1.939,0.133,16
19.9514,121.3212,10.0,4.7,54,102.0,2.861,0.79,us,9.63,1.898,0.093,35
51.8781,158.9736,60.423,4.1,17,163.0,1.164,0.96,us,10.88,8.68,0.158,11
1.4483,127.1465,110.645,4.3,27,79.0,2.306,0.4,us,10.13,8.467,0.126,18
42.5231,143.8604,91.316,4.1,18,186.0,0.728,0.62,us,10.76,8.818,0.157,11
42.9656,145.4249,65.812,4.3,50,134.0,1.928,0.61,us,10.1,7.798,0.094,32
49.3239,82.3489,10.0,5.2,199,37.0,2.507,0.61,us,6.75,1.835,0.042,188
52.546,160.9573,10.0,4.4,37,134.0,1.481,0.97,us,8.61,1.814,0.108,25
7.7554,126.7636,64.549,4.9,56,57.0,1.358,0.93,us,6.08,6.091,0.052,115
49.6131,158.6953,10.0,4.5,32,132.0,3.415,0.73,us,5.06,1.918,0.106,26
52.8036,159.2221,71.828,4.6,124,100.0,0.41,0.75,us,8.61,4.531,0.046,139
-20.8101,68.502,10.0,4.3,19,144.0,4.93,0.27,us,14.83,1.936,0.161,11
52.2593,159.0057,68.738,4.3,97,132.0,0.795,0.66,us,5.14,6.524,0.059,85
33.7802,-38.1895,10.0,4.6,25,120.0,37.712,0.68,us,15.83,1.927,0.125,19
25.0545,128.6587,10.0,4.1,20,101.0,1.808,1.21,us,6.17,1.912,0.158,13
50.0285,157.6496,10.0,4.7,76,128.0,3.063,1.21,us,5.4,1.88,0.034,260
52.1663,160.0372,10.0,5.1,42,123.0,1.205,0.84,us,6.25,1.727,0.087,43
50.5498,159.2551,10.0,4.4,43,132.0,2.506,0.56,us,6.12,1.891,0.085,40
15.0832,-96.6016,10.0,4.1,61,154.0,0.832,1.0,us,6.38,1.851,0.074,50
27.9976,-111.9574,10.0,4.7,44,158.0,4.014,0.77,us,8.13,1.901,0.044,157
52.3877,161.6361,10.0,4.5,93,120.0,1.925,0.5,us,6.83,1.87,0.057,91
11.3625,139.4032,10.0,4.4,18,152.0,5.778,0.47,us,7.65,1.95,0.149,13
50.1604,158.8486,10.0,4.3,31,127.0,2.87,1.04,us,9.65,1.899,0.113,22
48.964,156.0534,43.397,5.0,82,129.0,4.278,0.65,us,9.76,7.052,0.063,80
-0.5648,134.7547,21.378,4.3,22,83.0,1.103,0.48,us,8.4,6.214,0.137,15
13.527,120.3513,62.176,4.6,41,93.0,8.495,0.49,us,12.28,8.605,0.091,36
-9.9186,121.7796,35.0,4.7,33,78.0,1.352,0.99,us,5.33,1.901,0.099,31
2.6414,126.6645,35.0,4.4,45,75.0,1.985,0.91,us,4.42,1.91,0.102,28
48.6113,157.4971,10.0,4.4,35,136.0,4.478,0.61,us,10.97,1.905,0.101,28
44.8164,150.2755,10.0,4.7,126,134.0,5.542,0.65,us,10.88,1.887,0.054,105
-20.2638,-178.4018,594.8,4.3,55,97.0,4.187,0.88,us,14.62,7.648,0.066,67
-17.4676,-178.8382,550.038,4.1,22,123.0,1.977,0.56,us,13.54,12.143,0.145,13
35.4105,141.059,34.941,4.5,47,137.0,2.511,0.82,us,7.55,6.425,0.109,25
52.1162,159.7255,65.246,4.3,46,138.0,1.121,0.89,us,11.44,7.875,0.089,36
52.8221,161.1872,21.259,4.4,38,173.0,1.549,1.19,us,12.2,7.432,0.098,32
49.9757,155.9408,69.915,4.8,76,126.0,3.323,0.54,us,10.83,7.241,0.044,159
51.5882,160.6574,10.0,4.3,26,229.0,1.893,0.69,us,13.56,1.983,0.122,19
43.5958,147.717,35.0,5.1,64,135.0,3.708,0.94,us,11.38,1.925,0.057,100
52.2617,160.6691,19.962,4.2,27,124.0,1.448,1.37,us,10.15,2.802,0.108,24
-2.0432,139.0376,30.792,4.9,57,40.0,1.033,0.58,us,5.81,5.153,0.076,55
54.4008,-161.466,35.0,3.7,51,183.0,0.758,0.51,us,3.21,1.994,0.19,7
7.3415,127.3082,10.0,4.6,29,80.0,1.737,0.74,us,4.4,1.901,0.122,20
51.6154,160.1319,10.0,4.5,33,157.0,1.678,0.98,us,8.99,1.957,0.107,26
-9.4616,120.4303,88.092,4.1,15,75.0,0.244,0.85,us,6.4,4.948,0.197,7
45.4527,153.3985,10.0,4.3,18,156.0,7.803,1.07,us,14.97,1.955,0.154,12
51.4786,157.9915,60.004,4.2,26,126.0,1.599,0.73,us,10.77,8.705,0.127,17
51.7781,159.7399,35.0,4.7,36,125.0,1.415,0.64,us,7.1,1.804,0.111,25
11.1466,124.1035,10.0,4.5,42,99.0,4.305,0.74,us,5.36,1.872,0.104,30
51.5761,-168.5438,10.0,3.8,55,185.0,1.411,0.42,us,6.51,1.929,0.089,33
-23.8625,69.8892,10.0,4.4,19,98.0,13.348,1.0,us,12.28,1.759,0.155,12
18.3952,145.3673,483.652,4.2,56,123.0,3.163,0.49,us,12.5,9.5,0.075,50
43.3942,-126.9726,10.0,3.7,92,204.0,1.589,0.9,us,8.74,2.003,0.191,7
51.1,159.3869,25.837,4.3,24,156.0,1.979,0.7,us,13.66,7.658,0.133,16
29.2727,129.4856,10.0,4.5,93,108.0,2.381,0.53,us,3.2,1.859,0.062,81
52.4339,160.2523,37.376,4.9,98,133.0,1.139,0.94,us,9.99,6.857,0.04,194
34.3899,89.4861,10.0,4.2,47,127.0,4.876,0.65,us,11.06,1.897,0.086,38
50.7266,158.0204,25.865,4.6,70,130.0,2.333,1.04,us,7.01,3.665,0.053,108
53.2679,159.797,58.308,4.6,107,104.0,0.733,0.73,us,8.53,6.989,0.046,139
23.9296,122.3211,22.534,4.3,29,84.0,0.707,0.62,us,3.18,5.819,0.154,12
10.5024,126.4064,10.0,4.4,18,145.0,5.805,0.85,us,10.05,1.836,0.17,10
14.6797,-92.4688,66.077,4.0,35,177.0,0.891,0.81,us,8.37,9.214,0.115,20
-7.3356,127.6745,10.0,5.0,63,40.0,3.568,0.6,us,6.94,1.85,0.084,45
51.5538,159.2515,47.371,4.5,116,135.0,1.518,0.6,us,9.85,7.14,0.051,113
52.6611,160.7209,35.549,4.0,20,137.0,1.307,0.83,us,13.37,8.731,0.134,15
51.9644,160.5511,10.0,4.4,19,155.0,1.573,0.94,us,7.16,1.945,0.17,12
-28.2016,-69.3968,89.792,4.2,25,54.0,1.195,1.39,us,4.47,10.19,0.235,5
52.33,162.1056,10.0,4.0,35,135.0,2.216,0.68,us,12.15,1.912,0.113,21
12.7375,-88.5933,53.012,4.1,18,190.0,0.773,1.06,us,8.33,10.46,0.214,6
40.2919,143.9546,10.0,4.4,17,147.0,1.824,0.63,us,7.34,1.95,0.169,12
-63.8354,173.0182,11.159,4.5,9,168.0,14.186,0.98,us,15.27,6.995,0.271,4
52.683,160.5281,32.689,4.0,17,115.0,1.189,0.69,us,10.83,5.958,0.156,11
-4.6213,151.0574,274.943,4.1,25,83.0,1.015,0.52,us,9.67,7.213,0.12,19
14.2339,-93.3683,30.717,4.1,27,196.0,1.497,1.31,us,7.64,9.909,0.12,19
51.2504,161.0323,10.0,4.1,31,130.0,2.304,0.73,us,4.4,1.91,0.12,19
29.2959,129.4315,16.063,4.2,19,110.0,2.376,1.05,us,8.51,5.266,0.167,10
52.8571,160.5243,41.146,4.1,72,134.0,1.147,0.43,us,11.07,7.419,0.073,56
37.4258,21.5552,38.404,4.1,14,136.0,0.385,0.74,us,8.49,12.19,0.151,12
23.2043,120.386,10.0,4.4,36,128.0,0.244,0.71,us,3.17,1.852,0.123,20
52.8686,161.0934,10.0,4.7,72,165.0,1.487,0.92,us,11.34,1.931,0.037,220
16.9945,-94.6973,115.386,4.0,31,99.0,0.618,0.79,us,5.61,5.974,0.156,11
51.22,159.3297,10.0,4.8,75,134.0,1.854,0.84,us,10.44,1.895,0.061,83
52.6742,160.6953,10.0,4.7,59,120.0,1.289,1.12,us,9.74,1.907,0.075,54
53.4072,159.1192,98.093,4.6,34,112.0,0.477,0.84,us,12.3,8.45,0.109,25
-5.281,131.489,51.412,4.1,18,88.0,2.466,1.1,us,6.06,11.197,0.15,12
50.6711,157.8204,35.0,4.9,58,93.0,2.411,0.85,us,4.38,1.891,0.055,104
51.6222,158.2141,50.272,4.4,30,125.0,1.429,1.04,us,9.74,8.261,0.123,19
-11.0719,163.5732,10.0,4.4,20,127.0,3.92,1.2,us,8.88,1.964,0.149,13
22.7425,-45.1214,10.0,4.6,54,53.0,16.327,0.95,us,11.02,1.877,0.079,48
31.9974,131.8676,47.629,4.3,35,92.0,1.3,0.96,us,5.79,8.272,0.142,16
48.9312,155.8898,35.0,4.4,36,144.0,4.335,0.52,us,13.32,1.958,0.108,25
-6.5558,130.4839,89.393,4.4,24,75.0,2.101,0.9,us,8.16,9.247,0.13,17
48.4313,155.512,10.0,4.3,40,135.0,4.884,0.62,us,5.44,1.89,0.089,36
-49.4051,123.6767,10.0,4.5,20,117.0,17.148,1.17,us,14.79,1.918,0.127,18
-37.7257,176.3594,189.552,4.3,26,142.0,0.68,1.02,us,6.52,5.091,0.125,18
50.6089,158.6547,10.0,4.4,32,138.0,2.418,0.75,us,11.81,1.918,0.109,24
54.1583,-161.3362,35.0,3.3,18,205.0,1.222,0.78,us,5.36,1.982,0.183,7
-20.0028,-175.9397,171.181,4.8,46,98.0,5.744,0.65,us,13.44,7.725,0.072,59
12.3507,141.8589,10.0,4.7,44,105.0,3.181,0.78,us,12.01,1.919,0.088,39
7.1303,127.2153,10.0,4.4,43,60.0,1.625,0.96,us,8.14,1.892,0.094,33
52.6369,160.1565,35.0,4.4,28,121.0,0.993,0.91,us,10.71,1.948,0.138,15
52.2097,160.3919,10.0,4.2,55,161.0,1.339,0.73,us,10.11,1.938,0.085,38
51.8385,159.5442,35.0,5.2,43,117.0,1.307,0.51,us,9.52,1.927,0.118,24
41.7698,88.1512,10.0,4.7,69,105.0,6.155,0.52,us,9.9,1.886,0.063,78
-17.9407,-178.5117,538.054,4.3,27,123.0,2.493,0.83,us,15.28,12.377,0.119,23
18.8183,-69.6585,104.119,4.4,83,52.0,0.43,1.09,us,6.04,6.941,0.038,199
-19.75,169.6761,241.798,5.0,69,38.0,3.527,0.73,us,7.4,4.409,0.038,224
0.652,121.5651,80.966,4.5,54,113.0,0.906,0.77,us,8.79,7.143,0.079,47
8.5058,-102.8953,10.0,4.2,36,187.0,9.939,0.69,us,14.47,1.925,0.095,31
-19.9635,-12.372,10.0,5.1,31,211.0,27.203,1.07,us,17.36,1.976,0.101,32
39.5714,143.2128,10.0,4.4,24,152.0,2.047,0.57,us,6.19,1.92,0.143,14
46.2021,106.2514,8.8,4.5,79,69.0,1.604,0.5,us,8.05,4.857,0.067,65
-16.4915,-173.5353,38.097,4.1,28,100.0,3.075,0.64,us,10.15,7.092,0.12,19
-15.6427,-173.8939,64.544,4.3,16,108.0,2.673,0.54,us,4.32,10.346,0.177,9
14.3234,-92.6674,35.0,4.6,81,139.0,0.893,0.72,us,6.14,1.943,0.038,205
12.5899,145.3153,10.0,4.6,51,146.0,1.085,0.58,us,8.64,1.909,0.082,44
-15.5327,-174.5654,174.63,4.0,29,104.0,3.14,0.55,us,11.53,6.047,0.108,23
23.9524,122.6959,20.209,4.4,30,91.0,0.588,0.74,us,4.34,5.849,0.144,14
-3.2855,141.142,24.139,4.5,15,209.0,0.882,0.72,us,7.48,7.315,0.156,12
51.6058,160.5796,10.0,4.4,17,228.0,1.849,0.52,us,15.32,1.978,0.169,11
52.8862,160.8619,10.0,4.9,35,134.0,1.345,0.46,us,12.01,1.914,0.116,23
19.2575,145.4826,216.289,3.8,13,150.0,4.005,0.51,us,18.04,4.719,0.169,9
13.6137,144.8001,122.065,4.3,15,112.0,0.071,1.04,us,14.0,4.462,0.177,9
26.3136,92.7974,35.0,4.3,43,146.0,3.685,0.64,us,9.54,1.94,0.103,27
7.0145,126.7102,67.847,5.6,237,44.0,1.124,0.67,us,7.29,4.943,0.044,184
52.0766,160.0971,35.0,4.5,26,137.0,1.296,0.82,us,10.79,1.942,0.121,20
52.2253,160.7007,10.0,4.5,46,152.0,1.484,0.87,us,9.24,1.929,0.096,32
52.8199,160.5122,11.1,4.3,35,147.0,1.146,0.73,us,9.91,5.807,0.116,21
-2.6593,28.6544,10.0,4.6,59,64.0,2.918,0.67,us,10.66,1.877,0.079,48
-15.0065,-172.984,10.0,4.7,23,109.0,1.596,1.08,us,7.08,1.905,0.142,15
52.7099,160.8882,26.305,4.9,131,151.0,1.393,0.83,us,8.62,6.059,0.041,188
39.5017,143.3113,10.0,5.0,49,147.0,2.149,0.97,us,5.01,1.909,0.058,96
1.7337,-102.3149,10.0,4.3,22,165.0,16.155,0.61,us,8.06,1.959,0.123,19
51.0604,159.7403,10.0,4.3,36,156.0,2.078,0.78,us,9.32,1.937,0.107,25
52.4341,160.8231,29.902,4.2,15,205.0,1.447,0.55,us,13.74,9.798,0.176,9
-4.4037,101.527,36.269,4.4,42,144.0,1.425,0.5,us,9.15,7.493,0.092,34
10.7983,123.9947,10.0,4.4,27,132.0,4.022,0.43,us,9.18,1.921,0.123,19
51.9493,159.4549,40.062,4.5,58,121.0,1.183,0.69,us,9.16,7.466,0.048,128
51.2473,-174.7863,10.0,3.8,24,228.0,1.023,0.89,us,5.34,1.984,0.141,13
52.6973,161.3613,10.0,4.1,15,197.0,1.676,1.02,us,12.04,1.998,0.262,5
28.335,142.823,10.0,4.5,17,158.0,1.358,1.03,us,9.35,1.947,0.191,8
-34.6811,-73.8003,10.0,4.4,30,139.0,2.08,0.82,us,7.46,1.9,0.139,15
-6.4137,131.4916,23.241,4.8,20,96.0,3.552,0.95,us,8.49,6.433,0.144,15
-1.7675,-78.0415,155.618,4.5,73,62.0,0.273,0.84,us,7.48,4.152,0.045,144
50.3444,159.023,10.0,4.4,35,138.0,2.693,0.54,us,12.9,1.931,0.109,24
28.9134,51.4598,10.0,4.2,36,73.0,5.792,1.11,us,6.11,1.794,0.1,28
-5.87,153.0253,10.0,4.4,24,122.0,6.792,0.81,us,9.22,1.901,0.13,17
4.6501,92.2411,10.0,4.5,34,154.0,4.724,0.96,us,10.76,1.922,0.11,24
6.885,-73.1159,147.324,4.5,38,127.0,0.987,0.66,us,8.4,9.579,0.09,36
-12.7461,166.5623,130.729,4.6,76,63.0,7.276,0.66,us,8.97,5.716,0.069,67
51.7423,160.6156,10.0,4.1,17,126.0,1.76,0.75,us,8.34,1.918,0.135,15
49.664,155.3451,95.727,4.4,102,63.0,3.751,0.49,us,10.47,6.994,0.053,103
-32.8357,-178.1414,10.0,4.4,13,176.0,3.567,1.11,us,14.67,1.951,0.161,11
52.2003,161.1264,55.145,4.1,19,124.0,1.72,0.95,us,11.26,9.023,0.165,10
12.387,126.0699,10.0,4.4,31,119.0,22.07,0.83,us,14.01,1.912,0.103,27
-29.6391,-177.4915,35.0,4.1,11,260.0,9.693,0.54,us,12.02,1.989,0.213,6
53.0417,171.9684,38.08,4.3,84,107.0,1.329,0.78,us,10.48,8.008,0.059,82
52.648,160.4299,35.0,4.3,26,205.0,1.143,0.64,us,11.12,1.984,0.129,17
70.9686,-6.7652,10.0,4.2,83,47.0,0.571,0.61,us,6.14,1.9,0.07,57
-24.7739,179.7681,513.574,4.1,18,147.0,11.115,0.6,us,19.55,18.352,0.135,15
50.7714,157.0498,69.999,4.8,74,122.0,2.375,0.73,us,9.44,6.71,0.03,342
34.7289,68.712,10.0,4.2,41,169.0,0.409,0.64,us,6.17,1.959,0.113,22
-2.472,139.582,46.472,4.1,19,73.0,1.121,0.88,us,6.9,8.584,0.166,10
51.5051,161.1757,10.0,4.1,34,121.0,2.173,0.69,us,10.46,1.871,0.107,24
-20.1916,-177.6091,514.705,4.4,15,120.0,4.677,0.61,us,14.91,27.871,0.148,13
30.3408,69.9587,10.0,4.6,41,96.0,4.22,1.2,us,8.58,1.776,0.099,30
-9.3665,158.8815,9.522,4.4,35,86.0,1.054,0.4,us,5.48,4.633,0.107,30
73.2858,6.8643,10.0,4.1,18,169.0,5.44,1.02,us,7.65,1.962,0.213,6
52.2444,160.6286,10.0,4.5,31,118.0,1.436,0.88,us,10.79,1.914,0.111,24
-22.7672,169.973,10.0,4.7,31,126.0,2.338,0.81,us,8.45,1.831,0.126,19
49.2119,155.0136,70.014,4.4,29,127.0,4.251,0.52,us,10.86,8.537,0.143,14
32.1707,140.243,10.0,4.4,20,139.0,1.009,0.46,us,6.19,1.905,0.149,13
60.5383,-139.9131,5.867,4.3,48,50.0,0.475,0.93,us,1.82,1.254,0.169,10
-21.361,-179.4138,600.638,4.4,80,101.0,4.318,0.79,us,12.48,9.196,0.06,80
-8.0884,148.55,44.315,4.9,69,123.0,1.897,0.87,us,7.89,5.964,0.06,88
54.466,-159.8209,22.654,4.4,49,174.0,0.39,0.91,us,5.18,6.661,0.117,21
-8.1338,119.7553,185.305,4.4,38,58.0,1.617,0.68,us,7.25,1.522,0.095,32
21.5934,143.1209,304.108,4.5,171,124.0,5.544,0.58,us,11.4,7.826,0.043,158
-8.1453,118.2472,14.491,4.5,29,71.0,0.822,0.8,us,5.32,2.177,0.14,15
-34.2319,-178.5567,10.0,4.5,17,161.0,4.186,0.63,us,8.18,1.982,0.163,13
41.7821,143.6015,37.308,4.7,68,76.0,0.405,0.62,us,5.97,5.997,0.044,157
-8.0333,115.4914,224.615,4.4,34,73.0,1.395,0.67,us,8.8,6.856,0.105,26
-21.101,-174.3386,10.0,5.0,73,108.0,4.609,0.72,us,12.43,1.857,0.066,73
19.8745,121.273,25.101,4.6,40,105.0,2.934,0.99,us,9.19,6.324,0.111,24
51.418,161.1206,10.0,4.3,73,89.0,2.212,1.03,us,5.43,1.724,0.068,62
50.9503,159.085,28.932,4.0,34,135.0,2.094,0.53,us,8.19,5.832,0.116,20
-6.433,130.4255,114.31,4.1,8,125.0,3.935,0.46,us,14.4,12.734,0.301,3
9.2891,93.8494,10.0,4.4,36,118.0,5.725,0.68,us,12.65,1.9,0.103,28
-4.0329,142.9994,79.643,4.6,47,76.0,2.744,0.65,us,6.88,7.707,0.086,41
10.9351,141.9682,10.0,4.1,20,147.0,3.872,0.57,us,7.15,1.902,0.151,14
-20.3768,-67.9493,156.159,4.1,21,76.0,1.154,0.91,us,7.17,9.154,0.214,6
51.4405,159.828,10.0,4.8,76,121.0,1.743,0.68,us,8.98,1.871,0.056,99
-57.6794,157.7824,35.942,4.4,17,140.0,3.254,0.6,us,12.97,6.918,0.239,5
51.5596,159.7074,29.499,4.6,68,165.0,1.604,0.86,us,10.5,6.616,0.078,49
52.7805,160.2293,35.0,4.5,55,150.0,0.987,0.57,us,5.43,1.935,0.08,46
-8.4015,108.8627,89.559,4.6,49,62.0,1.521,0.68,us,9.77,7.058,0.078,49
50.6407,157.067,69.815,4.4,66,136.0,2.502,0.54,us,11.58,8.292,0.073,54
52.2507,160.6214,10.0,5.1,106,132.0,1.976,0.69,us,8.61,1.877,0.037,239
-20.7641,-177.9521,498.515,4.5,51,136.0,4.823,0.77,us,12.51,6.29,0.087,40
53.0356,160.8122,35.0,4.3,14,171.0,1.306,0.76,us,14.05,1.986,0.238,5
-24.044,178.7717,544.318,4.1,18,175.0,6.303,1.01,us,21.09,13.903,0.14,17
53.3141,153.4003,486.822,4.1,11,122.0,2.593,0.55,us,22.16,16.995,0.262,4
-47.873,116.225,10.0,4.1,14,145.0,14.948,0.68,us,17.37,1.961,0.145,13
37.7578,144.0958,10.0,4.4,66,133.0,3.834,0.57,us,9.44,1.899,0.074,52
37.0238,72.7686,79.311,4.4,40,107.0,1.306,0.47,us,8.52,7.892,0.093,33
9.8723,-70.7667,10.0,4.4,24,105.0,0.991,0.87,us,6.14,1.817,0.219,6
39.6749,143.5114,10.0,4.5,96,132.0,2.179,0.57,us,8.6,1.893,0.061,79
50.7054,156.5478,12.234,4.7,102,128.0,2.51,0.58,us,10.39,4.71,0.055,102
51.7765,160.3005,10.0,4.5,28,110.0,1.607,0.93,us,8.28,1.854,0.131,18
50.3543,157.0791,38.984,4.4,102,163.0,2.785,0.62,us,11.11,8.164,0.054,99
39.3435,73.5168,10.0,4.1,20,112.0,1.167,0.68,us,3.13,1.864,0.261,4
-2.7983,147.9022,10.0,4.4,18,85.0,0.922,0.77,us,6.22,1.909,0.17,10
50.1175,157.3413,35.0,4.3,34,150.0,3.003,0.76,us,13.35,1.967,0.111,23
23.4679,125.3959,10.0,4.3,51,129.0,1.397,0.9,us,7.92,1.782,0.094,32
-15.1264,172.3477,636.785,4.5,67,63.0,4.975,0.79,us,12.61,9.278,0.068,64
51.3451,159.7239,33.793,4.2,20,152.0,1.806,0.69,us,9.57,8.124,0.167,10
51.4695,159.0983,35.0,4.2,21,138.0,1.581,0.72,us,7.77,1.949,0.153,13
49.9207,157.3215,35.0,4.1,25,228.0,3.201,0.92,us,13.04,1.985,0.123,18
-21.9013,-68.5851,140.742,4.0,22,87.0,0.619,0.7,us,6.21,7.4,0.231,6
51.665,160.44,10.0,4.0,20,120.0,1.748,0.49,us,11.69,1.924,0.126,17
36.9307,21.6114,30.643,4.5,67,119.0,0.352,0.41,us,7.28,6.016,0.084,41
51.4935,159.882,32.936,4.3,19,137.0,1.709,0.81,us,9.31,6.917,0.177,11
13.5274,120.7937,196.71,4.4,47,113.0,13.894,0.67,us,11.59,5.297,0.092,41
51.8149,-169.4577,10.0,4.2,63,141.0,0.987,0.95,us,4.26,1.872,0.075,50
-18.0362,-177.9854,582.74,4.1,36,109.0,2.964,0.71,us,14.28,4.77,0.101,27
51.5004,159.6915,10.0,4.9,78,127.0,1.654,0.83,us,8.0,1.86,0.046,146
-23.7427,-179.8927,500.189,4.0,18,142.0,6.269,0.66,us,19.6,13.691,0.138,15
51.5344,159.1375,35.0,4.2,34,143.0,1.521,0.4,us,9.81,1.958,0.121,19
0.0347,98.1087,10.0,4.2,15,199.0,2.764,0.51,us,12.1,1.975,0.186,8
53.2112,159.6603,64.082,4.6,54,116.0,0.637,0.84,us,10.64,7.589,0.054,101
52.2804,160.8335,35.0,4.3,39,123.0,1.524,0.69,us,10.7,1.943,0.097,30
-2.9387,129.4774,19.328,5.1,64,38.0,2.724,0.71,us,7.67,4.528,0.059,95
52.8006,161.064,10.0,4.5,41,173.0,1.479,0.85,us,5.88,1.925,0.067,65
39.3041,143.5875,10.0,5.2,88,97.0,2.439,0.64,us,6.83,1.86,0.044,172
-18.3753,-69.6443,119.906,4.2,18,85.0,0.662,0.75,us,5.95,4.717,0.136,15
52.7938,160.8617,10.0,4.3,47,119.0,1.359,0.86,us,9.59,1.897,0.093,33
42.6752,142.4844,127.539,4.3,37,100.0,0.827,0.59,us,7.38,8.157,0.107,25
7.7691,122.019,10.0,4.6,47,73.0,3.598,0.57,us,7.34,1.362,0.092,35
52.0936,160.6397,10.0,4.3,22,163.0,1.531,1.25,us,10.5,1.918,0.147,13
45.0982,150.233,10.0,4.6,52,137.0,5.542,1.15,us,13.18,1.919,0.085,41
15.5563,-47.1137,10.0,4.5,29,149.0,11.717,0.5,us,14.71,1.943,0.128,18
-33.1375,-73.3056,10.0,4.3,28,173.0,1.397,0.81,us,6.82,1.951,0.201,7
-24.2292,-67.5509,190.456,4.2,13,96.0,1.396,0.38,us,9.33,7.326,0.214,6
-61.0363,-38.7333,10.0,4.2,13,130.0,6.877,0.78,us,8.11,1.879,0.176,11
-54.0502,-58.1972,10.0,5.0,76,137.0,2.38,0.55,us,12.46,1.836,0.069,68
54.4647,-160.0576,23.852,4.3,83,161.0,0.457,0.87,us,4.85,5.897,0.142,14
-7.1616,130.0467,68.662,4.3,37,40.0,4.751,0.72,us,8.31,6.907,0.113,22
10.6872,140.9811,10.0,4.3,17,132.0,4.771,0.65,us,8.57,1.917,0.169,12
52.4912,160.5727,10.0,4.5,58,120.0,1.284,0.89,us,9.42,1.882,0.072,56
34.329,7.478,10.0,4.5,51,94.0,2.076,0.94,us,9.0,1.879,0.071,58
2.0579,127.2379,88.129,4.4,43,97.0,3.185,0.5,us,9.28,7.98,0.1,30
50.779,156.9873,81.555,4.5,76,137.0,2.374,0.44,us,11.75,7.451,0.062,75
51.211,158.8515,35.0,4.6,57,129.0,1.819,0.49,us,9.73,1.921,0.105,27
52.6829,160.0952,43.301,4.3,27,203.0,0.94,0.65,us,8.79,9.345,0.133,16
-20.9432,-178.6525,554.416,4.3,49,126.0,4.449,0.63,us,14.25,10.046,0.082,44
53.2351,161.1971,29.913,4.6,85,161.0,1.549,0.61,us,11.23,6.396,0.065,69
-24.668,179.9121,513.356,4.3,92,47.0,4.949,0.77,us,11.2,7.232,0.058,92
40.5173,142.8907,27.327,4.4,19,151.0,1.416,0.62,us,8.35,7.472,0.178,10
49.5624,158.5308,10.0,4.6,51,136.0,3.467,0.68,us,6.79,1.852,0.082,44
51.4172,159.6107,28.721,4.2,17,244.0,1.714,0.59,us,14.61,10.261,0.146,14
52.4463,160.4617,10.0,4.5,54,121.0,1.244,0.84,us,8.23,1.888,0.081,45
27.9119,-111.9133,10.0,4.0,31,111.0,0.658,0.52,us,4.47,1.968,0.119,20
-26.879,-176.0819,10.0,4.2,18,105.0,9.613,1.04,us,10.47,1.908,0.132,17
31.6492,138.1785,378.015,3.8,34,89.0,2.013,0.72,us,10.35,8.974,0.114,20
-20.2132,-177.9171,514.504,4.0,31,122.0,4.521,0.52,us,16.39,9.993,0.103,25
-20.4466,-177.8582,549.724,4.4,44,99.0,4.708,0.57,us,12.02,5.757,0.09,35
-20.7635,-177.9014,497.256,4.3,59,101.0,4.86,0.6,us,13.15,6.939,0.07,61
-33.5996,-178.5892,15.196,5.2,70,112.0,4.693,0.89,us,10.76,4.337,0.075,61
39.1979,28.2599,10.0,4.4,56,37.0,1.061,0.71,us,4.16,1.904,0.127,18
52.6613,161.6762,10.0,4.3,20,147.0,1.871,0.95,us,10.94,1.953,0.169,10
51.6158,160.3107,10.0,4.5,31,160.0,1.74,0.96,us,10.13,1.96,0.119,21
51.7295,159.3804,35.0,4.3,27,124.0,1.371,1.08,us,8.89,1.292,0.133,16
-8.4152,121.4124,185.872,4.4,13,85.0,1.662,0.81,us,7.63,7.816,0.19,8
-32.682,-179.6924,10.0,4.3,7,250.0,5.137,0.15,us,13.72,2.011,0.188,8
52.2457,160.2142,35.0,4.5,42,123.0,1.231,0.81,us,9.71,1.927,0.096,32
9.3263,93.9061,10.0,4.9,47,149.0,5.066,0.37,us,11.52,1.912,0.092,37
8.3867,127.5392,10.0,4.6,57,63.0,2.342,0.7,us,7.87,1.866,0.084,45
-15.0853,167.4736,144.812,4.6,39,126.0,6.225,0.7,us,12.32,7.431,0.081,46
-5.5096,152.1174,49.848,4.7,39,140.0,1.198,0.82,us,8.3,5.953,0.064,73
1.5998,127.3177,122.004,4.4,40,93.0,3.613,0.83,us,6.54,8.114,0.098,30
3.2829,-31.4821,10.0,4.6,36,99.0,10.068,0.47,us,6.63,1.886,0.103,28
5.2524,126.2661,87.126,4.3,37,88.0,0.939,0.62,us,6.65,6.07,0.122,24
29.3051,129.4331,10.0,4.9,70,33.0,2.367,1.05,us,5.14,1.866,0.045,158
39.4321,143.5073,10.0,4.3,32,135.0,2.312,1.11,us,6.62,1.666,0.129,17
-27.9589,-71.4412,33.268,4.1,27,145.0,0.406,0.97,us,3.84,4.65,0.214,6
-55.4726,-26.1917,10.0,4.2,14,120.0,6.062,0.63,us,14.6,1.946,0.146,13
31.6052,132.103,44.002,4.5,47,88.0,1.412,0.99,us,6.48,6.712,0.099,30
39.7192,142.2656,56.172,4.4,53,134.0,1.41,0.8,us,7.11,5.95,0.095,33
52.4441,160.7128,10.0,4.0,21,150.0,1.382,0.98,us,11.31,1.982,0.195,10
43.1088,146.4001,95.025,4.1,18,192.0,2.633,1.01,us,12.8,11.275,0.185,8
37.1642,141.3804,10.0,4.7,107,95.0,2.618,0.68,us,7.16,1.854,0.061,81
-18.278,-173.8274,169.964,4.5,22,97.0,3.781,0.46,us,10.33,7.704,0.139,15
-14.4123,65.9865,10.0,4.5,31,126.0,5.873,0.81,us,13.08,1.884,0.113,23
13.8974,-92.0185,36.506,4.6,73,142.0,0.796,0.54,us,7.46,9.493,0.035,249
-7.1031,101.9285,10.0,4.4,18,163.0,2.91,0.6,us,12.08,1.936,0.161,11
51.7951,160.6424,10.0,4.6,64,166.0,2.23,1.08,us,9.17,1.928,0.058,88
-4.4101,134.0062,10.0,4.7,16,57.0,1.718,0.63,us,4.61,1.926,0.183,9
50.9977,157.1853,79.916,4.0,16,134.0,2.137,0.39,us,9.72,8.887,0.164,10
1.0681,100.1885,199.351,4.3,51,66.0,2.051,0.73,us,10.28,7.244,0.086,38
43.0205,150.1351,10.0,4.4,21,136.0,5.254,0.67,us,11.28,1.583,0.155,12
36.5615,71.0773,199.491,4.2,57,95.0,2.584,0.58,us,5.17,8.594,0.09,34
-2.7234,139.3183,44.942,5.0,58,31.0,1.346,1.11,us,3.37,5.889,0.073,60
-21.6492,-68.5175,132.928,4.3,21,87.0,0.689,0.48,us,5.98,6.567,0.154,12
-19.1652,-177.1744,335.954,4.4,76,64.0,6.852,0.77,us,13.95,7.948,0.062,75
42.8343,144.5628,63.3,4.1,58,133.0,1.324,0.99,us,7.29,7.046,0.087,36
54.4878,-159.8641,35.0,3.2,25,159.0,0.379,0.84,us,2.73,1.993,0.215,5
37.4632,56.4799,10.0,4.1,19,171.0,1.379,1.05,us,12.17,1.973,0.135,15
52.2135,161.644,10.0,4.8,81,126.0,1.997,0.61,us,10.2,1.852,0.042,175
51.3402,158.9506,34.768,4.4,35,127.0,1.696,1.23,us,9.85,6.148,0.103,31
22.7737,94.534,105.853,4.1,19,148.0,1.6,0.39,us,8.44,11.694,0.174,9
51.8876,161.0691,10.0,4.8,105,126.0,1.867,0.76,us,9.38,1.892,0.038,219
53.0445,161.7109,10.0,5.0,142,102.0,1.849,0.83,us,8.19,1.827,0.026,464
7.2611,126.8583,85.434,4.3,27,113.0,1.283,1.08,us,11.57,8.216,0.114,22
-60.0663,-62.3619,10.0,5.7,54,95.0,7.641,0.64,us,8.88,1.493,0.06,101
-5.0624,149.6006,393.853,4.4,41,55.0,2.697,0.6,us,9.36,7.521,0.071,58
-4.4522,138.4343,167.912,4.1,30,109.0,0.624,0.93,us,7.99,5.832,0.107,24
13.0953,144.6742,52.351,4.5,33,71.0,0.526,0.72,us,11.81,5.67,0.078,48
34.9789,26.0836,10.0,4.1,42,167.0,1.048,1.0,us,7.33,1.941,0.124,18
32.4189,141.7133,10.0,4.5,45,121.0,1.745,0.79,us,7.98,1.879,0.089,41
25.067,125.0297,35.624,4.3,44,105.0,0.996,1.07,us,6.09,8.616,0.111,25
-36.3787,-110.3703,10.0,4.5,39,131.0,32.825,0.77,us,15.57,1.908,0.089,37
42.827,12.4921,10.0,4.2,48,72.0,0.436,1.16,us,5.42,1.919,0.199,7
30.0272,131.2318,35.0,4.5,27,141.0,1.622,0.51,us,4.87,1.938,0.124,19
-19.3442,169.6929,35.0,4.5,21,100.0,3.871,0.77,us,8.41,1.943,0.163,13
52.5492,160.6448,10.0,4.1,25,205.0,1.301,0.38,us,11.49,1.979,0.102,26
-56.9481,-140.8832,10.0,5.2,41,87.0,27.325,1.08,us,14.49,1.869,0.096,36
-47.7996,115.9578,10.0,4.6,37,128.0,14.887,0.4,us,13.08,1.914,0.095,33
-7.3365,128.9356,151.05,4.5,39,70.0,5.205,0.9,us,9.07,5.271,0.104,27
49.8529,157.5905,32.543,4.2,29,134.0,3.243,0.71,us,8.98,5.823,0.108,24
5.1744,123.7663,10.0,4.4,24,68.0,1.762,0.81,us,6.63,1.893,0.138,15
-3.4699,135.347,77.726,4.3,24,68.0,1.09,1.2,us,7.67,6.336,0.132,16
-2.0984,139.2894,38.388,4.6,38,107.0,1.268,0.77,us,7.45,7.362,0.087,39
8.4837,125.9407,10.0,4.5,28,101.0,1.45,1.0,us,10.86,1.912,0.135,22
50.6681,157.8147,35.0,4.7,60,130.0,2.415,0.87,us,9.13,1.922,0.039,201
16.4974,146.0926,130.853,4.2,19,155.0,1.283,0.43,us,18.14,9.362,0.137,15
50.1144,155.7598,98.906,4.4,41,135.0,3.232,0.59,us,10.81,7.747,0.097,31
15.2395,147.0622,22.67,4.6,51,116.0,1.226,0.7,us,4.97,5.709,0.082,44
52.7654,160.6993,10.0,5.1,101,115.0,1.268,0.67,us,3.77,1.864,0.032,320
17.4264,-94.2066,61.01,4.0,44,76.0,0.122,0.97,us,3.71,6.172,0.13,16
-20.634,-176.4927,257.819,4.2,19,103.0,5.699,0.7,us,13.47,13.305,0.132,19
-24.2456,-67.1726,166.888,4.4,49,43.0,1.584,1.15,us,4.46,8.15,0.11,28
53.3004,-164.3618,10.0,3.4,34,203.0,1.135,0.42,us,3.6,1.926,0.136,13
49.2208,157.8044,10.0,5.2,122,61.0,3.845,0.75,us,8.36,1.845,0.021,787
51.4402,159.5518,21.448,4.9,66,126.0,1.68,0.57,us,9.03,5.759,0.076,55
-2.6825,139.7299,35.62,4.5,40,53.0,0.986,0.83,us,3.89,7.98,0.102,28
36.6327,75.4388,10.0,4.5,29,158.0,1.956,0.93,us,5.77,1.932,0.089,37
7.4417,125.6982,66.405,4.9,82,77.0,0.388,0.61,us,9.48,4.277,0.066,72
52.6604,160.6055,48.152,5.6,38,65.0,1.241,0.8,us,10.56,6.868,0.103,33
52.0518,159.8465,54.657,4.3,21,228.0,1.217,0.88,us,8.86,8.923,0.154,12
29.8542,138.7888,420.468,4.1,50,81.0,3.367,0.54,us,9.48,8.079,0.056,87
52.2761,160.6707,22.286,4.4,92,130.0,1.441,0.69,us,9.81,5.785,0.059,83
12.4243,123.6545,10.0,4.4,22,123.0,7.852,0.72,us,7.79,1.9,0.115,22
-17.2084,-174.6589,206.544,4.5,25,117.0,4.295,0.85,us,14.94,13.13,0.111,26
20.1021,145.2197,35.0,4.5,31,121.0,4.865,0.46,us,9.7,1.902,0.106,26
-26.1558,-179.9183,484.859,4.1,31,110.0,3.565,0.76,us,15.65,5.72,0.12,19
14.1402,-89.8738,10.0,4.3,58,125.0,0.254,1.0,us,8.86,1.975,0.083,41
52.0187,160.6424,21.572,4.5,25,176.0,1.579,0.93,us,13.75,6.995,0.107,26
-17.3112,66.2755,10.0,4.9,64,71.0,18.179,0.7,us,13.24,1.851,0.079,50
52.7411,160.8139,35.0,4.1,31,151.0,1.341,0.59,us,10.43,1.701,0.097,29
50.3673,156.5662,81.153,4.1,27,135.0,2.834,0.62,us,13.15,8.484,0.117,20
30.3738,138.5037,433.883,4.8,84,47.0,2.952,0.64,us,8.62,5.588,0.026,441
51.5673,159.2482,35.0,4.4,32,127.0,1.504,0.96,us,8.56,1.849,0.107,25
-11.0904,165.9177,35.0,4.5,23,152.0,4.508,0.7,us,15.11,1.984,0.131,17
65.9909,-37.6514,10.0,4.1,52,136.0,5.289,0.89,us,9.72,1.974,0.079,44
50.8257,159.0104,10.0,4.4,79,102.0,2.212,0.45,us,8.86,1.872,0.067,65
51.2567,159.4751,10.0,4.3,36,137.0,1.841,0.43,us,11.11,1.926,0.111,23
-18.8887,-69.122,127.099,4.2,28,79.0,0.661,0.85,us,4.87,4.205,0.128,17
29.8986,139.0415,415.572,4.0,98,86.0,3.274,0.79,us,9.04,8.332,0.059,78
-8.8757,-75.7111,122.573,4.6,52,119.0,3.286,0.54,us,9.77,7.847,0.055,98
52.9133,160.8431,10.0,4.4,12,189.0,1.331,0.19,us,13.62,1.996,0.203,8
7.4132,126.9917,38.697,4.4,29,62.0,1.442,1.24,us,8.76,6.38,0.12,20
50.3822,157.6686,35.163,4.4,47,136.0,2.715,0.72,us,11.49,7.796,0.062,75
50.8049,158.7836,10.0,5.7,45,131.0,2.223,0.7,us,7.17,1.638,0.113,28
-21.1877,-68.7845,114.015,4.4,25,74.0,0.672,0.84,us,5.25,4.974,0.134,16
-55.3691,-27.4837,22.069,4.9,48,67.0,5.318,0.81,us,11.59,5.742,0.083,47
49.831,157.0212,35.0,4.3,32,135.0,3.309,0.87,us,12.4,1.937,0.109,24
39.414,143.4827,10.0,4.3,20,192.0,2.308,0.74,us,9.81,1.974,0.168,10
53.5623,160.0211,70.255,4.1,56,163.0,0.984,0.64,us,10.02,7.189,0.072,53
-56.3694,-26.6554,71.022,4.3,18,132.0,18.327,0.57,us,13.76,10.396,0.126,18
52.0656,161.6507,10.0,4.1,17,125.0,2.068,0.41,us,9.14,1.911,0.184,9
-8.4443,-75.2197,128.399,4.8,44,110.0,3.866,0.66,us,10.61,7.663,0.056,98
49.96,155.9994,86.744,4.6,65,135.0,3.326,0.72,us,10.39,7.229,0.043,167
54.3666,-159.577,25.392,4.0,56,165.0,0.465,0.73,us,5.19,6.405,0.116,23
51.3484,159.3689,10.0,4.3,19,226.0,1.735,0.24,us,12.23,1.989,0.153,12
-2.2776,138.9354,37.56,4.3,29,77.0,0.898,0.91,us,8.79,1.786,0.109,24
48.7197,156.0922,10.0,4.4,18,216.0,4.51,1.0,us,14.76,1.995,0.189,9
19.102,145.697,145.203,4.1,28,141.0,3.841,0.4,us,9.76,9.129,0.106,24
-18.2615,-177.3269,634.188,4.5,31,179.0,3.619,0.62,us,23.03,17.843,0.108,25
12.3193,142.4637,87.415,4.5,19,111.0,2.662,0.8,us,13.12,10.178,0.204,7
54.4527,-160.1923,38.355,3.7,119,164.0,0.516,1.09,us,5.59,9.153,0.168,9
53.2436,159.9863,57.704,4.7,102,116.0,0.835,0.8,us,9.54,7.032,0.032,301
52.2773,160.4729,10.0,4.9,50,117.0,1.339,1.04,us,8.26,1.879,0.057,96
50.4326,159.5148,10.0,4.2,20,227.0,2.65,0.83,us,10.21,1.926,0.176,10
-5.5903,148.9087,187.15,4.3,81,68.0,3.528,0.72,us,8.68,7.193,0.062,74
4.412,96.5767,10.0,4.6,37,65.0,0.891,1.16,us,5.53,1.706,0.103,29
52.319,160.5494,29.898,4.5,41,122.0,1.355,0.79,us,9.19,3.931,0.108,25
7.274,127.3608,10.0,4.3,23,116.0,1.779,0.49,us,8.41,1.914,0.119,20
49.0296,157.8122,10.0,4.4,22,138.0,4.034,0.66,us,12.87,1.928,0.148,13
14.5065,-94.2808,10.0,4.0,25,131.0,2.07,0.82,us,7.39,1.994,0.164,10
44.4951,150.1575,10.0,4.2,26,207.0,5.442,0.4,us,16.21,2.002,0.124,18
49.5168,157.24,10.0,4.5,56,185.0,3.608,0.54,us,12.21,1.949,0.085,41
12.9684,145.6685,10.0,4.9,49,55.0,0.994,0.8,us,6.89,1.843,0.052,117
54.5973,-159.8086,43.905,5.4,62,122.0,0.266,0.79,us,6.08,5.084,0.087,45
-7.4475,128.1956,168.092,4.4,28,61.0,4.511,1.18,us,8.86,3.21,0.123,19
52.0519,160.2866,10.0,4.5,90,118.0,1.901,0.73,us,9.63,1.896,0.056,93
-2.5975,35.988,10.0,4.4,24,117.0,1.931,1.04,us,7.17,1.925,0.149,13
51.5937,-175.1974,45.284,4.0,57,212.0,0.599,0.92,us,5.67,10.469,0.102,26
49.2104,156.0509,24.768,4.6,50,138.0,4.038,0.71,us,8.14,6.484,0.069,63
50.9034,157.1358,82.018,4.5,64,134.0,2.236,0.68,us,5.17,6.923,0.06,82
52.4386,160.6506,10.0,4.4,33,151.0,1.35,0.62,us,7.06,1.933,0.126,20
6.1721,-82.5237,10.0,4.3,21,158.0,3.152,0.72,us,7.0,1.96,0.266,4
-6.7302,116.1086,558.862,4.2,48,51.0,2.598,0.65,us,12.64,4.381,0.118,20
40.9216,143.11,47.498,4.4,27,152.0,1.093,0.39,us,4.54,8.454,0.134,16
54.4799,-159.9228,35.0,3.4,20,203.0,0.402,0.69,us,6.29,2.007,0.283,3
3.35,-84.1606,10.0,4.6,70,99.0,5.673,0.83,us,9.07,1.948,0.075,52
50.1857,156.7908,53.295,4.3,39,135.0,2.981,0.51,us,13.46,8.463,0.104,26
44.5139,149.9309,10.0,4.4,26,191.0,5.28,0.81,us,13.11,1.962,0.127,18
16.4124,122.1573,67.848,4.1,15,131.0,6.991,0.24,us,10.96,9.38,0.184,8
51.2586,158.1456,49.062,4.1,31,134.0,1.795,0.59,us,13.27,8.417,0.107,24
20.2491,145.2841,10.0,4.6,27,122.0,5.004,0.67,us,10.11,1.874,0.09,37
-6.1334,154.5809,416.609,4.6,57,102.0,3.085,0.81,us,12.8,7.883,0.053,107
-6.4242,128.1732,381.771,4.0,24,68.0,5.09,0.47,us,6.23,10.62,0.173,9
50.7542,158.8384,35.0,4.3,26,166.0,2.276,0.64,us,8.92,1.914,0.126,18
-60.3942,-60.9559,10.0,4.9,23,120.0,4.623,0.88,us,10.04,1.892,0.119,22
27.2767,128.3977,49.94,4.4,30,84.0,0.453,0.86,us,7.88,8.304,0.117,21
-21.0423,-69.6073,62.136,4.4,30,69.0,0.112,0.49,us,3.82,4.109,0.112,23
5.096,125.2731,40.915,4.3,36,116.0,0.415,0.68,us,7.11,4.22,0.109,24
53.5979,160.1821,56.565,4.3,67,133.0,1.085,0.55,us,8.83,7.307,0.072,55
-0.319,125.3309,43.833,4.8,42,66.0,1.819,1.06,us,7.39,7.843,0.088,48
-23.2611,-179.8775,556.261,4.4,44,136.0,5.821,0.5,us,14.35,10.439,0.091,35
-9.5772,125.0843,10.0,4.4,15,71.0,0.825,1.33,us,5.79,1.154,0.19,8
13.9231,145.0081,117.648,3.8,16,102.0,0.359,0.52,us,8.16,6.875,0.161,11
-32.338,-178.4849,35.0,4.4,18,170.0,3.104,0.57,us,15.66,1.984,0.126,19
52.1141,160.2449,22.912,4.3,27,176.0,1.333,1.04,us,14.65,7.944,0.122,19
51.6749,-176.7088,54.591,4.5,132,126.0,0.266,1.07,us,5.11,4.981,0.033,275
-26.5905,178.7837,550.873,4.0,19,76.0,3.948,0.83,us,15.62,11.917,0.139,14
51.2863,159.087,35.0,4.3,22,226.0,1.76,0.92,us,13.02,1.986,0.137,15
-41.2658,-88.2075,10.0,4.6,35,149.0,13.352,0.34,us,14.84,1.688,0.097,32
-6.3772,154.4982,60.089,4.8,46,63.0,3.181,0.54,us,4.48,7.592,0.082,46
52.0083,159.9324,35.0,4.9,53,156.0,1.753,1.15,us,7.25,1.89,0.064,98
-29.3889,-179.0368,341.612,4.9,187,41.0,0.978,0.73,us,9.13,3.772,0.032,301
52.3277,161.5303,10.0,4.4,21,135.0,1.887,0.62,us,13.76,1.941,0.134,16
2.1725,127.7313,186.847,4.2,36,100.0,3.394,0.83,us,9.61,8.636,0.115,22
50.4731,158.818,10.0,4.6,82,132.0,2.556,0.75,us,5.69,1.687,0.041,179
37.8765,144.2519,10.0,4.1,12,201.0,3.817,0.6,us,10.77,1.971,0.234,5
-24.3512,179.9396,521.596,4.5,55,96.0,5.251,0.88,us,8.03,7.841,0.084,41
-58.9567,-26.0934,102.946,4.5,14,96.0,15.856,0.25,us,14.74,6.209,0.156,12
51.4128,159.5325,26.057,4.6,30,138.0,1.702,0.87,us,7.52,6.434,0.122,20
50.3286,158.1706,10.0,4.3,16,135.0,2.715,0.56,us,12.71,1.909,0.138,15
37.692,144.1293,10.0,4.9,107,125.0,3.902,0.67,us,8.93,1.871,0.037,226
-15.3698,167.4686,121.884,4.9,50,84.0,0.267,0.64,us,10.42,4.772,0.087,41
51.588,159.788,44.421,4.6,53,127.0,1.598,0.56,us,8.75,7.026,0.062,77
-15.0574,-178.5268,420.677,4.4,17,144.0,2.468,0.69,us,11.66,9.057,0.139,15
39.2466,28.1006,10.0,4.3,42,39.0,0.946,0.84,us,3.04,1.919,0.111,23
-11.9095,165.8452,10.0,4.5,22,140.0,3.756,1.01,us,10.83,1.912,0.14,15
-4.6824,155.2729,518.468,5.0,162,20.0,3.258,0.68,us,8.63,4.342,0.03,363
-5.8369,147.4191,102.347,4.9,50,59.0,3.554,0.62,us,8.52,6.622,0.083,47
51.4931,158.2431,32.584,4.6,30,126.0,1.553,0.33,us,7.97,6.116,0.103,28
-50.2489,130.0473,10.0,4.5,11,171.0,17.984,0.62,us,14.98,1.982,0.171,10
53.191,159.9222,65.918,4.5,114,127.0,0.785,0.65,us,10.14,6.881,0.055,98
-22.5584,-179.82,577.059,4.3,28,121.0,5.189,0.62,us,14.81,10.035,0.113,22
51.764,160.4337,10.0,4.4,28,192.0,2.148,1.0,us,11.25,1.954,0.117,21
-5.646,151.7832,35.0,4.5,23,118.0,1.352,0.41,us,4.66,1.924,0.144,14
52.7808,159.2192,70.561,4.8,83,133.0,0.422,0.85,us,9.64,6.111,0.034,266
48.8364,156.5514,10.0,4.1,22,137.0,4.338,0.6,us,12.27,1.926,0.15,12
49.7987,156.9021,35.0,4.4,46,137.0,3.352,0.97,us,12.37,1.938,0.082,44
51.7695,160.2913,10.0,5.2,85,107.0,1.609,0.97,us,7.46,1.265,0.023,613
-58.8909,-25.9676,97.36,4.5,32,84.0,7.416,0.5,us,12.98,8.026,0.104,29
-21.4329,-66.814,212.454,4.5,91,55.0,1.971,0.67,us,6.67,7.025,0.049,123
-7.7428,129.0868,82.62,4.3,24,37.0,5.166,0.91,us,8.96,7.702,0.126,18
39.4542,20.6484,22.053,4.1,80,66.0,1.38,1.08,us,5.96,5.361,0.088,35
-21.2803,-68.7253,118.559,4.0,13,92.0,0.704,0.63,us,6.27,8.393,0.258,4
-40.6224,173.7016,124.27,4.3,39,63.0,0.642,0.69,us,4.76,6.287,0.16,11
35.6682,140.1503,73.845,4.4,28,126.0,1.798,0.64,us,4.86,9.245,0.155,12
51.5554,159.1604,62.299,4.1,17,215.0,1.503,0.42,us,8.99,9.836,0.185,8
51.4568,159.8744,10.0,4.3,20,198.0,1.74,0.58,us,11.13,1.984,0.147,13
-35.6119,-179.602,10.0,4.4,20,226.0,2.573,1.25,us,10.39,1.921,0.144,14
12.9323,145.4073,10.0,4.4,43,117.0,0.838,0.42,us,4.7,1.919,0.093,33
-18.0339,-179.2761,632.66,4.1,23,120.0,2.56,0.68,us,17.58,10.638,0.123,18
39.7195,143.2649,36.166,4.7,79,130.0,1.994,0.66,us,7.29,7.009,0.062,80
34.3423,70.8571,10.0,4.7,61,132.0,1.434,1.18,us,7.96,1.886,0.075,53
7.4719,94.371,10.0,4.4,24,92.0,3.394,0.83,us,9.89,1.89,0.135,16
9.126,126.8851,10.0,4.4,19,137.0,2.418,0.88,us,10.07,1.91,0.149,13
50.2564,157.1007,39.866,4.3,38,164.0,2.88,0.75,us,10.34,9.233,0.082,48
52.9716,161.1278,10.0,4.3,19,187.0,1.498,1.32,us,7.9,1.988,0.154,12
27.8552,-111.8102,10.0,4.4,35,117.0,0.656,0.67,us,4.97,1.927,0.076,50
82.1528,88.3516,10.0,4.1,14,75.0,12.03,0.89,us,9.76,1.898,0.151,12
41.1731,142.9607,43.493,4.5,96,125.0,0.854,0.59,us,6.57,7.276,0.06,82
51.6355,-175.1977,35.0,3.5,45,199.0,0.572,0.77,us,4.5,1.991,0.106,22
52.7716,160.2672,35.0,4.7,63,132.0,1.012,0.84,us,9.46,1.92,0.04,193
11.2197,124.411,10.0,4.3,26,134.0,4.282,1.17,us,13.76,1.921,0.133,17
-55.935,-27.1803,35.0,4.3,10,198.0,5.593,0.75,us,12.22,1.997,0.177,9
34.705,70.7777,10.0,4.7,124,79.0,1.368,0.58,us,7.84,1.845,0.053,108
51.36,159.716,10.0,4.9,103,111.0,2.146,0.81,us,8.43,1.848,0.058,94
73.2777,6.7656,10.0,4.3,37,94.0,5.458,0.71,us,7.73,1.906,0.126,20
52.7516,-167.7368,35.0,3.7,19,173.0,0.669,0.91,us,4.31,1.976,0.126,16
51.5999,158.1903,38.568,4.9,65,120.0,1.453,0.59,us,9.27,6.03,0.031,325
50.5238,156.6281,82.242,4.1,12,207.0,2.672,0.31,us,12.12,16.74,0.214,6
57.0469,-33.8463,10.0,4.6,63,119.0,7.242,0.77,us,10.21,1.933,0.075,53
51.4217,16.2483,5.0,4.5,67,47.0,1.074,0.93,us,4.12,1.88,0.091,38
60.493,-139.8571,5.0,4.4,44,89.0,0.444,1.05,us,4.12,1.911,0.269,4
51.8962,158.5115,70.037,4.2,35,137.0,1.132,0.64,us,11.15,7.089,0.103,26
51.6531,159.3432,35.0,5.1,57,126.0,1.437,0.91,us,8.87,1.91,0.081,50
51.602,159.7578,10.0,4.6,59,135.0,1.578,1.09,us,10.32,1.9,0.065,72
51.9508,159.3584,47.65,4.4,24,124.0,1.158,0.32,us,8.15,7.995,0.123,19
6.2464,125.6335,156.375,4.2,20,147.0,0.82,0.97,us,9.18,7.896,0.146,13
4.1563,126.7115,38.154,4.2,31,110.0,1.356,0.85,us,7.6,8.11,0.112,24
51.7965,159.2496,35.0,4.4,70,120.0,1.283,0.69,us,9.14,6.589,0.05,118
52.0258,-171.3369,35.0,3.6,68,190.0,1.156,0.72,us,6.93,1.993,0.064,62
52.1608,174.354,35.0,4.2,51,167.0,0.59,0.75,us,7.03,1.724,0.06,78
53.1343,159.6823,65.679,4.4,48,164.0,0.633,0.84,us,8.92,7.664,0.076,50
51.5272,177.4469,50.409,4.1,44,125.0,0.82,0.8,us,6.6,8.041,0.097,29
65.8944,-37.5295,10.0,4.5,47,131.0,5.365,0.88,us,9.09,1.931,0.052,107
52.5725,172.3886,35.549,3.9,28,206.0,1.054,0.81,us,13.5,10.179,0.11,22
-10.2401,161.3778,84.234,4.3,42,127.0,1.619,0.65,us,10.05,7.075,0.138,15
53.7263,160.3567,17.066,4.3,25,187.0,1.242,0.5,us,14.12,9.006,0.125,18
36.6074,139.3644,12.413,4.6,54,111.0,0.932,0.98,us,6.26,4.455,0.079,49
6.4695,93.6271,47.953,4.1,20,201.0,3.525,1.1,us,8.07,9.763,0.139,14
52.3105,160.8878,10.0,4.4,24,158.0,1.539,0.79,us,10.65,1.946,0.123,19
40.8435,142.9824,35.0,4.6,43,134.0,1.178,1.15,us,7.49,1.932,0.091,36
39.8414,141.656,69.618,4.1,18,134.0,1.049,0.31,us,6.86,4.432,0.174,10
52.1311,158.6807,87.443,4.8,87,143.0,0.894,0.77,us,9.28,6.552,0.064,76
17.2051,19.5011,10.0,4.4,55,79.0,14.257,0.85,us,10.96,1.931,0.076,50
-15.0016,-173.3144,10.0,4.6,22,139.0,1.839,0.22,us,9.93,1.485,0.141,15
49.2161,156.0151,35.0,4.6,106,135.0,4.039,0.64,us,9.19,1.916,0.058,90
54.571,-159.9778,32.484,3.9,85,160.0,0.345,0.94,us,5.13,5.324,0.17,9
0.1473,126.7177,68.024,4.1,27,56.0,0.898,0.57,us,6.45,8.464,0.146,13
49.0812,156.2578,10.0,4.7,91,131.0,4.133,0.97,us,9.58,1.88,0.06,98
55.8662,165.0013,10.0,4.3,36,133.0,4.674,0.68,us,12.41,1.909,0.111,23
2.9239,128.3278,61.183,4.6,32,72.0,3.363,0.85,us,8.28,9.543,0.107,26
-7.3597,120.1887,435.121,4.0,14,128.0,2.37,0.72,us,14.22,11.315,0.211,6
51.4789,159.4455,10.0,4.7,41,122.0,1.622,0.59,us,9.01,1.899,0.096,39
-8.2455,107.3798,35.0,4.6,42,97.0,0.823,0.83,us,5.43,1.905,0.1,31
-30.6114,-71.8627,24.114,4.4,22,157.0,0.206,0.63,us,5.83,2.873,0.178,9
6.9431,-73.1526,151.092,4.3,91,70.0,2.386,0.81,us,6.71,10.212,0.058,84
4.4147,126.7057,58.242,5.0,91,39.0,1.263,0.75,us,6.35,5.538,0.043,169
-14.3466,166.454,10.0,4.3,16,183.0,1.312,1.06,us,10.78,1.967,0.153,12
50.0643,155.9152,88.217,4.2,67,107.0,3.245,0.49,us,7.7,5.21,0.074,54
-5.0568,102.4327,36.765,4.2,17,199.0,0.866,0.24,us,4.07,9.501,0.186,9
50.2456,158.7095,10.0,4.5,73,106.0,18.258,0.62,us,12.54,1.878,0.072,57
19.5291,144.8328,10.0,4.4,15,136.0,4.361,0.94,us,9.74,1.886,0.162,11
-62.0195,-158.5718,10.0,4.7,14,97.0,19.273,0.88,us,16.34,1.885,0.152,13
11.0827,124.3483,10.0,4.6,49,83.0,4.169,0.55,us,5.57,1.904,0.092,37
51.971,160.9009,10.0,4.2,13,244.0,2.263,0.77,us,7.97,2.009,0.152,12
83.2412,-32.7761,10.0,4.3,37,83.0,2.684,1.09,us,8.69,1.902,0.089,39
53.1535,161.2689,25.546,4.2,27,144.0,1.585,0.69,us,10.98,7.027,0.136,15
7.1631,127.1404,54.048,4.4,29,115.0,1.552,1.23,us,9.79,3.463,0.117,21
34.8282,24.4278,49.811,4.4,38,167.0,2.351,0.35,us,8.6,7.277,0.134,16
12.4605,125.7302,10.0,4.6,59,88.0,10.001,0.64,us,10.96,1.878,0.084,48
6.3868,126.5214,10.0,4.3,22,105.0,1.156,1.2,us,7.03,1.914,0.129,17
-60.2434,-62.6393,10.0,4.2,14,143.0,4.595,0.9,us,7.39,1.948,0.167,12
4.5776,125.015,10.0,4.5,20,86.0,0.487,0.65,us,6.3,1.916,0.163,13
39.2303,28.1113,10.0,4.2,29,57.0,0.951,1.24,us,3.14,1.911,0.263,6
-20.7288,-69.1677,103.92,4.3,17,75.0,0.432,0.85,us,4.82,2.847,0.178,9
-24.1169,179.1512,545.062,4.7,97,43.0,5.754,0.68,us,11.6,5.99,0.032,299
52.8179,160.9769,10.0,4.6,74,133.0,1.424,0.82,us,9.72,1.872,0.058,90
52.2449,-169.3578,35.0,3.5,25,206.0,0.79,0.74,us,9.06,2.016,0.148,11
36.7938,141.287,43.945,4.5,67,114.0,1.679,0.73,us,8.35,7.822,0.073,54
51.4883,159.7399,25.11,4.9,79,120.0,2.05,1.15,us,8.66,5.216,0.061,115
-0.0117,123.4351,176.509,4.0,29,103.0,1.219,1.1,us,6.21,7.836,0.13,16
48.8934,154.9143,77.835,4.2,27,135.0,4.571,0.68,us,12.44,8.72,0.131,16
34.8716,23.3565,44.531,4.9,75,83.0,2.578,0.79,us,7.8,7.226,0.04,200
52.0273,161.0265,24.522,4.8,62,121.0,1.762,0.46,us,9.25,5.583,0.054,107
51.4578,160.565,10.0,4.1,36,135.0,1.961,0.91,us,11.56,1.912,0.107,24
4.2511,128.4043,10.0,4.6,79,55.0,2.955,0.73,us,7.11,1.864,0.072,58
79.7576,-17.7992,10.0,4.0,12,82.0,1.868,0.99,us,5.77,1.988,0.173,9
31.705,141.8724,10.0,4.9,105,121.0,2.238,0.66,us,8.93,1.866,0.05,126
43.4164,145.9902,110.62,4.7,110,134.0,2.514,0.63,us,9.19,7.404,0.057,94
-7.2875,39.9414,10.0,4.3,12,106.0,5.248,1.34,us,6.85,1.952,0.266,4
-49.9943,115.9354,10.0,4.2,20,126.0,16.566,0.49,us,16.12,1.92,0.132,18
-10.9112,164.88,10.0,4.6,18,134.0,5.044,1.05,us,10.14,1.916,0.173,10
50.6833,158.1511,27.675,4.7,134,88.0,2.364,0.79,us,8.39,5.359,0.05,121
-8.2789,107.265,35.0,4.5,33,91.0,0.896,0.96,us,3.84,1.881,0.118,21
-2.1892,139.0948,10.0,4.4,28,75.0,1.063,1.18,us,5.82,1.873,0.11,24
-18.0405,-178.2504,518.316,4.2,79,137.0,2.754,0.5,us,14.27,7.27,0.073,55
30.4466,69.518,37.479,4.4,111,66.0,8.196,0.49,us,10.15,6.977,0.056,99
-5.7213,111.3007,511.07,4.1,39,48.0,0.777,0.9,us,12.28,8.381,0.117,23
39.4657,143.38,10.0,4.9,57,126.0,2.213,0.83,us,7.4,1.882,0.05,128
36.0796,21.0918,50.162,4.4,39,114.0,1.285,0.7,us,5.12,7.578,0.131,17
35.4394,6.4989,10.0,4.5,38,151.0,2.339,0.99,us,7.76,1.902,0.106,26
14.841,-94.4289,10.0,4.5,69,144.0,2.139,0.73,us,6.48,1.915,0.055,99
-26.4331,-177.421,111.385,4.0,14,205.0,2.852,0.71,us,11.29,10.884,0.143,13
-22.5252,-68.5918,108.198,4.6,89,34.0,0.571,0.84,us,5.0,4.966,0.064,78
52.8032,160.7971,10.0,4.8,84,110.0,1.319,0.51,us,8.86,1.88,0.064,77
-11.0621,-77.9333,48.19,4.6,37,141.0,1.41,0.67,us,5.14,7.733,0.084,44
-8.88,125.2544,10.0,4.3,12,106.0,1.306,0.96,us,5.04,1.956,0.307,3
51.2783,159.6687,10.0,4.4,21,129.0,1.857,1.32,us,10.4,1.928,0.155,12
-19.9038,-175.434,125.493,4.3,24,95.0,5.259,0.78,us,14.43,8.699,0.125,18
-22.3676,-65.8268,270.762,4.8,95,59.0,2.249,0.97,us,9.02,6.93,0.03,347
-22.6022,-69.0076,110.11,4.3,41,49.0,0.531,1.01,us,5.55,6.253,0.126,18
39.4944,143.4536,30.402,4.1,24,151.0,2.242,0.66,us,8.97,6.864,0.165,10
-8.5603,110.5044,85.376,4.3,17,110.0,1.503,0.65,us,8.13,7.705,0.187,8
85.0316,95.9336,10.0,4.4,41,70.0,14.53,0.83,us,11.98,1.929,0.082,43
-5.3112,103.3402,42.754,4.4,15,150.0,0.813,0.93,us,4.96,9.486,0.203,8
52.7895,159.8438,47.571,4.4,87,149.0,0.76,0.97,us,10.6,8.337,0.056,90
-28.9838,-112.3195,10.0,4.6,23,153.0,3.222,0.61,us,7.96,1.923,0.129,18
51.3246,157.0529,114.719,4.4,74,161.0,1.83,0.44,us,11.13,8.12,0.068,62
36.4762,26.6801,129.996,4.3,70,50.0,1.193,0.69,us,6.43,7.193,0.077,52
50.1261,156.8098,59.048,4.2,21,137.0,3.037,0.32,us,14.51,8.606,0.152,12
51.332,159.1397,35.0,4.4,46,177.0,1.721,1.24,us,8.11,1.757,0.094,35
-19.47,-173.2372,10.0,4.8,38,145.0,5.703,0.96,us,13.37,1.89,0.093,36
-7.1085,129.2665,137.45,4.2,25,66.0,5.113,1.19,us,9.44,6.116,0.187,8
6.9544,-73.1265,147.834,4.2,30,115.0,2.409,0.67,us,7.86,11.659,0.12,19
-24.2524,-67.5035,179.903,4.3,19,113.0,1.435,0.67,us,7.34,7.429,0.177,9
39.8297,72.8797,16.723,4.4,62,68.0,1.545,0.51,us,5.41,2.077,0.076,50
11.6459,144.2293,10.0,4.3,18,167.0,2.03,0.94,us,11.01,1.955,0.148,13
53.2612,159.6037,61.165,4.4,18,87.0,0.622,0.79,us,11.35,9.698,0.178,9
44.0302,86.8984,10.0,4.4,29,109.0,3.715,0.86,us,9.96,1.907,0.13,17
-31.2815,118.021,10.0,4.1,7,119.0,1.77,1.15,us,12.67,1.969,0.213,6
41.0788,142.8297,42.891,4.1,17,153.0,0.967,0.54,us,7.46,9.248,0.174,9
5.9556,94.9697,10.0,4.7,36,84.0,5.291,0.9,us,8.86,1.887,0.114,23
52.1396,160.3689,26.619,5.0,45,177.0,1.372,0.88,us,11.44,7.295,0.055,106
51.3398,159.7075,10.0,4.2,22,128.0,1.807,1.31,us,10.33,1.912,0.141,14
34.5873,70.7146,10.0,4.4,53,142.0,1.306,0.65,us,8.39,1.894,0.082,42
11.1406,124.1708,10.0,4.2,19,137.0,4.277,1.39,us,17.06,1.917,0.166,13
-15.888,-75.4768,10.0,4.7,43,139.0,4.098,1.03,us,10.2,1.899,0.075,54
-2.949,129.4134,10.0,5.0,63,50.0,1.638,0.61,us,7.27,1.855,0.074,58
16.501,-59.5122,10.0,4.9,76,61.0,1.503,0.73,us,8.24,1.867,0.032,309
50.1621,158.8847,10.0,5.1,77,96.0,2.869,0.9,us,8.87,1.816,0.028,408
-55.6133,-26.8773,10.0,5.0,38,67.0,5.697,0.66,us,11.36,1.895,0.098,33
0.5079,123.6649,260.89,4.7,103,62.0,4.537,0.85,us,7.34,7.143,0.048,130
41.1082,142.9076,57.545,4.1,73,130.0,0.925,0.56,us,7.6,7.195,0.071,54
11.1563,123.9487,10.0,4.5,31,130.0,6.559,0.65,us,14.95,1.914,0.106,27
-20.5498,-177.7108,533.717,4.2,32,151.0,4.88,0.85,us,14.67,10.288,0.106,25
2.1738,126.7535,59.612,4.1,15,131.0,1.522,1.2,us,7.72,7.14,0.175,9
52.7943,160.4277,10.0,4.2,40,155.0,1.101,0.65,us,6.08,1.971,0.093,32
-3.5304,137.9967,92.368,3.9,16,91.0,1.105,0.75,us,4.93,7.882,0.182,8
-9.0839,-79.1531,59.583,4.6,52,155.0,3.672,0.93,us,10.24,8.648,0.046,143
51.4111,159.6447,10.0,4.9,34,116.0,1.727,0.96,us,8.92,1.879,0.086,45
-5.4566,153.7616,35.0,4.5,26,122.0,2.029,0.46,us,10.22,1.919,0.113,23
14.0118,39.7718,10.0,4.5,64,62.0,3.883,0.72,us,9.65,1.906,0.078,48
49.8141,155.6833,88.394,4.2,45,116.0,3.531,0.71,us,8.9,8.222,0.094,31
52.9381,159.7145,58.265,4.3,29,118.0,0.649,0.43,us,6.89,6.912,0.126,18
-3.233,101.2736,35.0,5.1,91,50.0,2.018,0.67,us,9.46,1.828,0.054,116
35.1427,23.3629,63.649,4.0,15,249.0,2.341,0.83,us,4.43,9.675,0.183,8
-21.4726,-68.5154,144.143,4.2,20,52.0,1.002,1.14,us,6.68,8.469,0.2,7
5.11,125.2351,10.0,5.1,55,48.0,0.446,1.06,us,5.14,1.878,0.089,41
52.571,160.6326,35.0,4.0,14,121.0,1.286,0.8,us,11.61,1.957,0.163,10
17.0899,-85.274,10.0,4.7,59,52.0,4.649,1.02,us,8.29,1.929,0.031,311
5.0679,125.1958,10.0,4.8,59,70.0,0.436,0.6,us,4.41,1.86,0.083,45
-57.3621,148.6989,10.0,4.7,21,113.0,19.915,0.61,us,16.26,1.925,0.133,17
50.1216,158.8192,10.0,4.0,11,187.0,2.908,0.42,us,8.13,1.878,0.299,3
-6.1749,127.4623,411.927,4.5,45,83.0,2.934,0.59,us,11.97,9.109,0.089,37
68.935,-17.2625,10.0,4.3,97,47.0,2.257,0.61,us,5.64,1.806,0.06,78
-2.6246,129.5177,10.0,4.4,22,50.0,1.924,1.04,us,6.26,1.882,0.127,18
53.0067,160.8847,35.0,5.5,111,105.0,1.35,0.86,us,7.5,1.861,0.02,843
51.6696,159.8556,10.0,4.3,30,138.0,1.544,0.41,us,10.98,1.924,0.122,19
-31.0094,-69.7696,117.329,4.4,43,47.0,0.808,0.63,us,4.62,6.398,0.102,28
-9.8854,116.6311,54.034,4.1,17,104.0,1.544,0.45,us,8.08,5.198,0.174,9
52.766,161.2899,10.0,4.0,13,195.0,1.62,1.18,us,12.55,2.001,0.212,6
-29.7113,-71.3402,41.074,4.5,33,150.0,0.225,0.53,us,4.58,7.569,0.205,7
52.6512,160.3204,10.0,5.0,88,120.0,1.08,1.29,us,7.28,1.862,0.039,211
1.0899,122.0734,55.736,4.2,21,65.0,1.292,0.7,us,4.73,9.915,0.166,10
52.1222,160.3216,27.84,4.3,24,124.0,1.362,0.65,us,10.7,6.161,0.119,22
49.7989,156.4616,36.975,5.4,80,101.0,3.403,0.86,us,7.18,5.039,0.023,641
10.575,92.8178,58.539,4.5,26,89.0,9.825,0.7,us,13.3,5.629,0.14,16
50.1812,158.172,10.0,4.5,73,134.0,2.862,0.55,us,9.86,1.883,0.071,59
50.1236,158.8934,10.0,4.6,69,110.0,2.908,1.06,us,8.91,1.855,0.076,52
52.3235,160.747,10.0,5.0,145,108.0,1.457,0.64,us,7.35,1.85,0.034,278
65.9425,-37.3012,10.0,4.4,114,91.0,5.44,0.64,us,13.73,1.957,0.051,108
4.7394,97.0968,13.532,4.2,16,169.0,0.508,0.68,us,5.84,5.606,0.167,10
34.4314,70.9445,10.0,4.1,17,241.0,1.498,0.27,us,5.78,1.991,0.158,12
52.6078,160.3815,38.482,4.8,99,127.0,1.13,0.75,us,10.83,6.964,0.053,111
65.8577,-37.4704,10.0,4.4,99,128.0,5.4,0.57,us,8.5,1.93,0.058,86
-57.223,-67.0247,10.0,4.6,33,127.0,2.321,0.54,us,7.43,1.92,0.109,25
53.1689,-35.1398,10.0,4.5,79,114.0,18.623,0.62,us,13.11,1.919,0.048,124
-24.1237,-67.0744,188.778,4.2,14,111.0,1.545,0.77,us,7.94,13.711,0.263,4
40.9678,142.0518,54.603,4.3,28,149.0,0.769,0.77,us,6.25,8.291,0.125,18
-6.3099,151.9589,10.0,4.4,21,130.0,1.991,0.75,us,10.25,1.813,0.138,15
7.6469,127.1659,10.0,4.8,98,75.0,1.675,1.1,us,6.35,1.765,0.056,98
-5.932,128.0331,387.735,4.3,53,33.0,2.331,1.03,us,8.16,2.773,0.104,26
-14.6197,167.2913,182.26,4.3,26,71.0,0.827,0.82,us,10.83,5.358,0.122,19
-7.9282,117.6939,8.364,4.1,20,81.0,0.897,0.82,us,3.73,5.23,0.213,7
-7.0179,129.8029,111.775,4.5,38,93.0,2.481,0.61,us,9.17,7.558,0.097,31
-5.1828,35.1436,10.0,4.4,10,154.0,4.03,0.59,us,9.44,1.936,0.22,6
-14.685,167.5855,10.0,4.9,35,54.0,0.843,0.5,us,7.02,1.865,0.098,35
-32.675,-178.5886,35.0,4.2,9,220.0,6.937,0.47,us,11.89,2.012,0.214,7
51.6635,160.0305,10.0,4.8,74,135.0,1.604,0.81,us,10.7,1.899,0.062,80
51.0765,160.8599,10.0,4.1,20,135.0,2.38,0.59,us,6.18,1.911,0.145,13
28.4389,53.1078,10.0,4.0,16,168.0,4.447,1.0,us,9.29,1.971,0.144,13
9.6602,122.2503,10.0,4.6,35,132.0,5.803,0.88,us,9.99,1.696,0.11,25
52.2393,160.8316,10.0,4.1,32,167.0,1.544,0.88,us,6.94,1.961,0.114,21
-35.3543,-179.7076,10.0,4.1,21,152.0,2.724,0.55,us,8.37,1.929,0.198,10
-15.0823,-178.6716,409.791,4.1,19,145.0,2.34,0.79,us,16.13,6.143,0.135,15
-60.7713,-51.9006,10.0,4.7,38,67.0,6.864,0.67,us,5.14,1.812,0.126,19
-7.1165,114.0577,9.264,4.2,23,70.0,1.348,0.81,us,3.19,4.733,0.152,14
51.3153,157.5035,80.982,4.3,46,135.0,1.8,0.68,us,10.72,7.644,0.075,50
51.8158,178.4332,111.145,4.0,40,155.0,0.164,0.75,us,3.83,5.787,0.126,18
6.9117,126.7893,72.923,4.9,54,109.0,1.211,0.96,us,3.77,7.524,0.066,72
-31.2417,-68.2875,109.632,4.5,36,74.0,0.446,1.12,us,2.87,5.422,0.172,10
51.7012,159.1609,42.058,4.9,86,122.0,1.361,1.27,us,2.97,7.427,0.061,85
13.3226,121.0611,10.0,4.6,53,118.0,20.677,0.52,us,14.44,1.908,0.081,45
-32.3472,-71.9528,30.24,4.2,27,185.0,0.721,0.37,us,3.69,7.552,0.263,4
40.9719,142.9348,47.888,4.3,18,135.0,1.055,0.44,us,6.68,9.055,0.169,10
55.2446,162.0878,43.148,4.4,60,101.0,3.007,0.69,us,7.86,7.412,0.064,71
17.5473,120.712,54.122,4.4,44,100.0,5.254,0.63,us,11.41,8.458,0.105,26
50.1168,159.9028,10.0,4.6,277,132.0,3.014,0.66,us,8.97,1.89,0.033,267
-60.9261,-62.1434,10.0,4.2,9,147.0,3.96,0.42,us,12.8,1.962,0.187,8
-25.1872,-179.0818,391.864,4.4,42,123.0,10.436,1.04,us,14.97,8.453,0.088,37
60.3673,-139.4012,5.0,5.2,24,157.0,0.505,0.75,us,2.06,1.978,0.182,10
-9.5515,112.6251,36.169,4.0,14,90.0,1.852,0.81,us,7.13,11.179,0.164,10
-16.403,66.7785,10.0,4.4,12,92.0,11.752,0.7,us,15.07,1.874,0.203,7
-31.6817,-69.3335,121.016,4.7,52,41.0,0.582,0.81,us,5.1,5.376,0.047,137
42.8047,146.6813,29.954,4.6,20,225.0,2.726,0.43,us,11.89,6.514,0.244,8
-5.0344,101.7423,10.0,4.4,26,83.0,1.382,0.65,us,4.54,1.909,0.138,15
52.3332,161.8944,10.0,4.5,53,133.0,2.093,0.68,us,12.1,1.915,0.086,40
48.6505,157.5813,10.0,4.6,89,134.0,4.43,0.82,us,9.06,1.854,0.054,102
51.4871,159.1092,35.0,5.2,56,161.0,1.564,0.64,us,11.65,1.978,0.085,45
51.8308,158.9979,56.964,4.9,92,119.0,1.213,0.54,us,10.6,7.202,0.06,88
52.2,-170.4212,46.445,4.0,52,179.0,0.667,0.97,us,6.35,5.739,0.1,27
16.7087,120.3902,71.961,4.6,49,107.0,6.112,1.05,us,10.38,4.287,0.075,53
6.7996,-46.4776,10.0,4.3,14,227.0,6.359,0.91,us,13.25,1.985,0.143,14
-23.0756,-68.5025,107.649,4.1,19,79.0,0.323,0.54,us,5.84,8.19,0.234,5
14.3997,-92.8346,45.773,4.3,91,166.0,0.92,0.58,us,6.5,10.654,0.055,94
52.9662,160.8942,17.693,4.8,86,119.0,1.358,1.1,us,7.93,4.717,0.05,121
11.1529,124.24,10.0,4.9,108,32.0,4.267,0.66,us,9.25,1.87,0.051,125
51.1493,159.2897,10.0,5.3,211,129.0,1.918,0.72,us,8.87,1.865,0.029,395
-28.4498,-68.9984,94.818,4.5,30,46.0,1.596,0.97,us,6.72,7.73,0.131,17
30.0555,84.3549,10.0,4.4,21,131.0,22.604,0.58,us,9.63,1.864,0.096,31
52.578,160.2078,35.0,4.5,23,149.0,1.046,0.69,us,7.91,1.878,0.157,12
13.6053,-89.9185,73.771,4.4,37,167.0,0.324,0.94,us,6.55,5.271,0.051,113
-3.5845,-79.8973,59.178,4.4,26,118.0,1.282,0.93,us,9.23,11.838,0.179,9
52.5336,160.5765,29.249,4.6,90,134.0,1.269,0.68,us,11.68,5.935,0.062,77
51.6828,160.6606,10.0,4.3,31,127.0,1.823,0.67,us,9.66,1.914,0.106,25
53.112,161.0612,27.877,4.2,32,124.0,1.458,0.67,us,11.16,6.325,0.096,30
23.7674,120.9029,28.892,4.5,55,53.0,0.051,0.63,us,3.98,1.54,0.095,32
52.611,160.5691,10.0,5.0,81,134.0,1.236,0.91,us,10.72,1.887,0.037,235
-38.5674,175.6741,151.908,4.1,24,58.0,0.471,0.37,us,4.89,3.03,0.166,10
-24.0011,-66.9945,167.671,4.3,70,54.0,1.508,1.01,us,7.56,7.071,0.067,63
-2.0359,120.6836,10.0,4.2,16,104.0,0.639,0.59,us,3.81,1.928,0.216,6
-12.4465,166.8701,204.123,4.9,89,48.0,3.0,0.75,us,9.98,6.269,0.04,197
-25.2621,179.197,582.436,4.1,25,120.0,8.742,0.41,us,15.69,10.326,0.12,19
53.0907,161.4103,10.0,4.2,19,167.0,1.667,0.82,us,12.74,1.974,0.147,13
-14.0948,-72.9983,87.557,4.2,15,137.0,4.291,0.55,us,7.09,11.363,0.186,8
-10.5971,120.1706,10.0,4.2,26,83.0,0.931,0.92,us,4.68,1.896,0.136,15
-5.7781,153.7053,17.876,4.3,27,120.0,2.201,0.96,us,10.97,5.515,0.116,21
22.9851,63.5117,10.0,4.1,21,146.0,6.962,0.51,us,14.55,1.955,0.135,15
53.2618,160.9282,35.0,4.2,32,170.0,1.393,0.57,us,8.28,1.819,0.088,36
60.686,-58.6764,10.0,4.3,44,127.0,5.149,0.87,us,9.59,1.886,0.08,44
-15.2903,-177.1887,414.82,4.3,25,104.0,3.515,0.81,us,15.91,11.701,0.111,23
-6.8441,129.37,174.154,4.6,24,67.0,4.84,0.5,us,13.01,9.668,0.119,21
53.8999,-166.6306,5.871,3.7,38,91.0,0.037,0.55,us,4.17,6.038,0.29,3
52.3073,160.3203,28.224,4.9,91,132.0,1.245,0.62,us,10.87,5.725,0.045,156
-57.8235,157.5935,10.0,4.2,16,109.0,3.417,0.38,us,15.27,1.929,0.16,11
53.1798,161.3413,10.0,4.1,30,117.0,1.63,0.4,us,9.38,1.873,0.124,18
39.7114,143.3391,28.699,4.3,35,157.0,2.047,0.49,us,8.53,5.289,0.122,19
-30.3532,-69.1484,112.997,4.3,30,61.0,0.9,0.69,us,4.88,5.93,0.237,5
54.5036,161.1448,49.785,4.5,132,137.0,2.096,0.77,us,10.2,7.455,0.048,128
-1.7416,139.1889,22.712,4.4,31,41.0,1.28,1.07,us,6.89,5.082,0.134,16
52.3892,160.8127,10.0,4.2,21,160.0,1.461,0.8,us,11.14,1.97,0.153,12
27.6641,139.8924,484.318,4.3,81,82.0,2.115,0.64,us,8.42,8.653,0.038,204
-0.3643,-91.5245,10.0,4.7,55,178.0,0.562,0.61,us,7.49,1.9,0.052,113
52.2835,160.6646,23.152,4.0,21,152.0,1.434,0.48,us,9.66,7.068,0.196,9
5.7018,61.5557,10.0,4.4,27,107.0,23.515,0.75,us,14.86,1.93,0.13,19
12.4391,-89.3216,10.0,4.3,56,192.0,1.32,0.62,us,5.7,1.967,0.081,44
52.1872,159.2574,59.053,4.5,59,162.0,0.916,0.49,us,9.41,7.225,0.061,80
-25.349,179.7565,502.35,4.4,36,132.0,7.731,0.78,us,13.9,10.452,0.107,25
-18.9602,-69.4287,116.834,4.4,40,103.0,0.739,1.03,us,5.57,3.922,0.105,28
16.5841,-59.6942,10.0,4.6,60,146.0,1.334,0.65,us,6.69,1.926,0.061,81
51.5778,160.4079,10.0,4.2,32,135.0,1.806,0.51,us,10.08,1.92,0.118,20
52.6102,160.8792,35.0,4.6,37,116.0,1.415,0.73,us,9.36,1.929,0.099,30
41.1559,142.7514,53.76,4.3,37,150.0,0.911,0.9,us,3.15,8.324,0.116,21
0.1693,121.8634,213.526,4.2,38,99.0,1.43,0.81,us,4.85,7.292,0.095,31
-6.1522,131.283,64.093,4.8,61,74.0,2.123,0.76,us,7.77,3.906,0.077,52
50.766,159.0552,10.0,4.6,27,224.0,2.275,0.89,us,11.41,1.983,0.129,18
50.5248,157.8161,28.78,4.7,143,134.0,2.555,0.58,us,9.87,4.512,0.049,127
50.322,159.4558,10.0,4.0,18,229.0,2.751,0.62,us,13.06,1.964,0.164,10
52.3794,160.0307,51.821,4.7,47,134.0,1.059,0.69,us,8.51,6.842,0.085,42
16.5297,-59.6704,10.0,4.2,21,178.0,1.347,0.58,us,5.22,1.893,0.264,4
52.3281,160.2938,17.499,5.1,142,127.0,1.761,0.75,us,9.34,4.334,0.051,126
54.5127,-159.8963,37.645,3.6,22,204.0,0.365,0.46,us,6.95,11.996,0.224,5
52.1002,-172.439,72.624,4.4,67,171.0,1.021,1.1,us,5.05,7.463,0.037,208
51.1091,158.89,35.0,4.2,16,178.0,1.923,0.37,us,10.81,1.826,0.175,9
51.6854,160.0497,34.907,4.6,52,137.0,2.026,0.65,us,10.32,5.481,0.081,45
2.4729,126.9288,57.806,4.2,26,111.0,1.745,0.56,us,7.11,9.811,0.136,15
50.3595,159.4427,10.0,4.6,54,126.0,2.713,0.6,us,9.09,1.884,0.038,207
34.6027,70.7233,10.0,4.2,34,124.0,1.314,0.92,us,8.85,1.911,0.108,24
-0.0171,-17.3605,10.0,4.5,8,118.0,8.413,0.33,us,14.17,1.95,0.312,3
47.3687,152.5664,117.466,4.2,34,132.0,6.62,0.92,us,14.19,10.356,0.108,24
21.2512,94.8814,126.343,4.0,20,79.0,4.526,0.44,us,12.71,8.427,0.144,13
52.9671,160.3815,35.0,4.5,25,167.0,1.048,0.75,us,12.47,1.96,0.145,14
48.8917,154.9013,60.257,5.5,299,48.0,4.767,0.76,us,9.67,4.7,0.035,278
-17.8872,167.1528,10.0,4.2,12,175.0,2.427,0.7,us,7.41,1.923,0.235,6
49.559,158.4613,10.0,4.6,64,136.0,3.471,0.81,us,9.37,1.889,0.056,95
12.214,125.5886,10.0,4.7,28,106.0,5.112,0.58,us,13.73,1.897,0.12,21
-13.6034,-74.7837,83.771,4.1,26,123.0,2.571,0.95,us,10.81,9.088,0.145,13
3.2111,-31.4124,10.0,4.5,43,95.0,13.989,0.82,us,5.73,1.9,0.092,36
-6.9786,127.3578,300.518,4.3,20,85.0,5.03,1.17,us,10.97,8.553,0.189,8
-19.6884,-177.7917,407.626,4.4,52,81.0,4.181,0.62,us,9.77,6.17,0.081,44
-29.9747,-71.1453,86.389,4.2,21,93.0,0.098,0.45,us,2.45,7.163,0.216,6
49.7666,157.604,10.0,4.5,41,134.0,3.326,0.42,us,11.75,1.895,0.093,34
8.9324,39.9242,10.0,4.5,45,91.0,1.23,0.64,us,7.65,1.921,0.093,34
33.1397,131.1214,9.817,4.9,114,69.0,1.721,0.57,us,6.45,4.225,0.059,90
-6.9807,131.352,10.0,4.3,23,65.0,2.835,0.87,us,7.31,1.877,0.169,13
60.4175,-139.6841,5.0,4.5,48,52.0,0.429,1.11,us,4.57,1.919,0.171,12
-36.2016,-73.7556,18.668,4.2,33,199.0,1.946,0.58,us,8.73,6.156,0.186,8
34.7431,32.4664,10.0,4.2,32,147.0,0.744,0.75,us,4.65,1.941,0.136,15
14.1216,147.171,10.0,4.4,30,96.0,1.733,1.08,us,7.86,1.921,0.126,21
51.35,159.6083,11.165,4.5,31,123.0,1.777,1.04,us,8.91,4.836,0.118,21
0.1711,129.64,10.0,4.5,41,76.0,1.917,0.64,us,7.01,1.884,0.11,24
51.2873,157.5447,75.204,4.2,38,134.0,1.826,0.64,us,10.96,8.245,0.117,20
53.0772,160.1087,48.264,4.2,20,117.0,0.882,0.78,us,11.55,7.986,0.118,20
50.2881,159.6747,10.0,4.0,25,134.0,2.813,0.64,us,11.15,1.929,0.134,15
-26.3784,-177.9211,215.374,4.7,48,121.0,33.437,0.8,us,13.46,7.253,0.041,180
51.4509,159.4171,24.648,4.7,41,128.0,1.644,0.92,us,10.98,5.882,0.096,33
-2.9061,147.72,10.0,4.4,19,124.0,0.927,0.7,us,6.76,1.932,0.143,14
59.2235,-30.6684,10.0,4.4,108,80.0,7.07,0.35,us,8.59,1.872,0.058,87
51.8831,160.1375,10.0,5.0,95,122.0,1.461,0.97,us,8.48,1.872,0.043,173
49.9825,156.8591,35.0,4.9,81,120.0,3.174,0.7,us,10.71,1.91,0.045,151
-18.5347,-177.8323,618.605,4.2,54,109.0,3.363,0.65,us,13.01,4.73,0.044,143
-9.8652,151.9153,10.0,4.7,39,83.0,4.711,0.62,us,9.07,1.926,0.102,29
14.3101,120.5221,147.677,4.5,51,89.0,8.478,0.73,us,9.5,5.887,0.081,45
52.3361,160.4705,42.506,4.1,29,119.0,1.305,0.71,us,6.28,8.941,0.127,17
51.7308,160.6197,35.192,4.1,49,136.0,1.77,0.66,us,8.67,8.106,0.08,48
14.4579,146.8575,10.0,4.9,43,123.0,1.287,0.82,us,8.18,1.918,0.086,42
44.3318,147.9332,94.8,4.4,21,122.0,3.844,0.88,us,10.29,6.939,0.149,15
51.5075,159.7317,10.0,4.9,57,128.0,1.657,1.17,us,8.86,1.866,0.065,74
53.5468,161.4989,10.0,4.3,28,134.0,1.789,0.9,us,9.2,1.374,0.103,27
18.8953,39.0729,10.0,4.4,76,80.0,6.669,0.88,us,9.72,1.921,0.069,60
49.3182,155.4996,73.373,4.6,93,169.0,4.039,0.61,us,12.56,8.852,0.051,112
34.5711,34.1328,10.0,4.8,79,64.0,0.766,0.81,us,3.38,1.857,0.042,175
-4.6443,139.2885,10.0,4.3,25,142.0,0.641,1.12,us,4.14,1.922,0.137,15
22.8791,94.4717,99.301,4.8,94,64.0,4.817,0.71,us,9.03,6.922,0.056,100
51.5022,-168.5208,10.0,3.4,41,219.0,1.484,0.61,us,6.6,1.987,0.148,11
18.2509,146.4726,93.96,4.2,17,150.0,3.064,0.48,us,8.41,9.553,0.153,12
51.1533,159.2446,35.0,4.4,35,222.0,1.909,0.65,us,10.44,1.98,0.092,34
50.4259,159.1208,10.0,4.3,43,133.0,2.618,0.8,us,8.19,1.703,0.097,30
-4.3094,136.2139,10.0,4.4,29,119.0,2.29,0.8,us,7.75,1.895,0.134,16
-5.5097,147.1309,207.269,4.3,20,153.0,3.451,0.73,us,14.03,8.068,0.16,13
52.7885,160.5759,38.152,5.1,127,100.0,1.19,0.65,us,10.43,5.304,0.024,586
-17.6307,-69.4268,151.89,4.2,25,79.0,0.065,0.91,us,8.41,4.416,0.132,16
39.4433,26.0125,10.0,4.4,23,69.0,0.786,0.67,us,5.71,1.933,0.178,9
-15.7813,-75.2486,10.0,4.2,13,148.0,4.076,0.57,us,13.26,1.93,0.263,4
4.5768,-73.2685,10.0,4.5,12,112.0,1.082,1.0,us,8.19,1.344,0.204,7
42.9837,146.2363,35.0,4.0,18,156.0,2.474,0.73,us,14.32,1.966,0.157,13
22.7856,141.806,255.551,4.2,106,108.0,4.305,0.58,us,12.44,8.113,0.052,102
82.025,89.1723,10.0,4.5,46,66.0,12.189,1.09,us,9.74,1.901,0.089,37
51.5253,160.2937,10.0,4.4,20,220.0,2.247,0.72,us,7.56,1.899,0.123,19
-24.2137,179.9664,520.375,4.4,25,140.0,6.68,0.5,us,17.54,11.226,0.112,23
48.3308,155.1186,35.0,4.1,15,170.0,5.056,0.86,us,12.66,1.975,0.197,7
54.5416,-159.8941,35.0,3.6,27,161.0,0.34,0.75,us,7.89,1.941,0.144,15
51.3326,160.6663,10.0,4.4,52,122.0,2.1,0.69,us,10.24,1.908,0.074,53
7.0462,126.9375,62.913,5.2,75,104.0,1.348,0.84,us,8.9,7.046,0.068,71
3.7252,127.3883,47.66,4.2,26,107.0,2.151,0.62,us,7.35,8.612,0.124,18
52.4851,-175.2459,219.077,4.1,33,117.0,0.634,0.67,us,11.91,7.136,0.094,31
42.9627,146.0068,32.171,4.5,62,109.0,2.738,1.05,us,7.63,5.536,0.049,121
-19.6435,169.0822,127.736,5.0,47,123.0,3.326,0.61,us,10.62,7.49,0.042,179
9.5752,93.5098,107.569,4.2,32,88.0,5.501,0.73,us,11.31,9.002,0.128,17
51.3378,159.3872,32.999,4.7,110,137.0,1.748,0.6,us,11.19,5.692,0.057,94
52.1637,161.4144,10.0,4.0,41,180.0,1.893,0.46,us,9.91,1.804,0.093,31
52.8774,160.8518,20.767,4.9,166,119.0,1.34,0.72,us,6.68,4.544,0.033,288
-30.0437,-177.8004,35.812,4.4,16,187.0,0.786,0.45,us,8.29,16.977,0.149,15
40.161,142.5495,42.412,4.3,16,135.0,1.295,0.34,us,10.84,9.413,0.161,11
51.4833,159.9705,10.0,5.3,141,98.0,1.743,1.06,us,4.55,1.805,0.028,440
30.4969,140.2547,10.0,4.4,29,101.0,2.637,0.91,us,4.6,1.88,0.098,30
3.3517,126.8606,35.0,4.1,15,131.0,1.945,0.41,us,11.81,1.932,0.165,10
39.9983,142.5154,39.281,4.4,20,144.0,1.361,0.51,us,5.21,10.631,0.203,7
34.4938,139.4817,10.0,4.4,51,108.0,1.402,0.36,us,5.16,1.531,0.091,35
-16.5308,-177.4235,422.761,4.0,20,114.0,3.076,0.98,us,16.36,9.633,0.129,16
51.2138,178.3018,42.317,4.5,66,137.0,0.649,0.69,us,6.38,7.416,0.05,118
51.2388,157.6283,75.506,4.1,60,124.0,1.873,0.67,us,10.82,7.455,0.077,46
34.2735,45.488,10.0,4.6,61,105.0,4.482,0.96,us,10.49,1.901,0.061,80
27.4785,52.6021,10.0,4.5,68,80.0,4.103,0.37,us,8.67,1.86,0.065,69
39.6107,143.4862,32.536,4.0,19,204.0,2.197,0.57,us,10.55,8.744,0.164,10
-24.31,-67.2445,187.979,4.5,23,67.0,1.601,0.73,us,10.94,10.213,0.128,18
51.669,159.8957,21.378,4.6,53,126.0,1.557,0.73,us,8.14,5.717,0.074,57
-17.6655,-69.7319,153.639,4.3,28,128.0,0.252,0.55,us,6.41,5.104,0.142,17
51.3799,159.6621,10.0,4.4,33,123.0,1.76,0.58,us,7.59,1.864,0.127,18
7.4751,127.2201,10.0,4.3,29,68.0,1.677,1.02,us,8.35,1.902,0.119,20
-7.6002,127.5424,160.405,4.3,24,70.0,5.352,0.63,us,7.2,7.787,0.119,20
-21.1079,-174.2828,22.138,4.7,33,161.0,7.546,0.49,us,15.25,6.507,0.104,28
-25.4394,-177.1288,137.709,4.6,65,75.0,8.871,1.09,us,12.9,6.873,0.063,75
51.338,159.159,37.534,4.6,19,92.0,1.717,1.0,us,9.88,9.212,0.141,15
51.5003,160.671,10.0,4.5,37,145.0,1.967,0.65,us,7.62,1.924,0.091,36
29.3871,129.3874,10.0,4.6,87,108.0,2.306,0.59,us,7.08,1.876,0.06,82
-20.1246,-177.6892,503.092,4.2,15,96.0,4.674,0.37,us,15.71,8.41,0.187,11
14.3593,-93.3468,10.0,4.3,67,138.0,1.403,0.63,us,6.88,1.915,0.064,69
54.3946,-158.772,10.0,4.1,55,161.0,0.646,0.71,us,4.16,1.918,0.117,20
-7.8025,118.8538,38.505,5.0,77,33.0,1.474,0.84,us,5.91,4.599,0.074,63
53.6945,160.2765,65.528,4.4,89,156.0,1.184,0.42,us,9.02,7.61,0.038,194
50.8934,158.3331,10.0,4.4,34,165.0,2.142,0.5,us,12.3,1.963,0.112,23
3.9525,126.4004,44.415,4.1,19,122.0,1.202,0.98,us,10.65,8.96,0.139,14
51.4077,159.3025,35.0,4.7,43,124.0,1.968,0.44,us,9.24,1.944,0.117,22
37.7922,144.1409,10.0,4.4,32,136.0,3.828,0.83,us,9.62,1.911,0.149,15
-5.3708,133.6391,10.0,4.5,24,66.0,2.739,1.03,us,7.41,1.932,0.139,15
33.6428,139.4938,10.0,4.7,63,102.0,0.59,0.66,us,5.4,1.888,0.089,38
-19.8854,-178.0543,477.91,4.2,129,72.0,4.181,0.58,us,12.11,6.113,0.048,121
40.9078,35.1689,10.0,4.3,69,33.0,1.109,0.82,us,2.35,1.842,0.103,27
-32.941,179.1459,356.666,4.0,23,80.0,4.661,0.82,us,14.93,9.407,0.119,19
-35.6874,-18.7212,10.0,5.0,47,61.0,22.811,1.21,us,5.19,1.87,0.085,44
49.9923,158.7005,10.0,4.5,25,119.0,3.036,0.41,us,10.47,1.898,0.15,15
49.7576,157.3809,17.955,4.4,66,134.0,3.361,0.55,us,9.69,4.782,0.077,49
1.5747,126.5589,35.0,4.1,14,142.0,1.135,1.02,us,4.22,1.958,0.175,9
-6.6097,154.7994,25.472,5.0,87,62.0,3.558,0.42,us,8.68,4.448,0.057,100
-8.5261,118.3772,134.968,4.6,51,62.0,0.665,0.81,us,7.81,6.515,0.094,36
52.1532,160.3244,29.982,4.4,23,192.0,1.343,0.71,us,14.31,7.647,0.134,16
54.4191,-160.1152,35.0,3.7,31,198.0,0.514,0.78,us,4.69,1.985,0.178,8
51.1557,159.7211,10.0,4.4,10,246.0,1.984,0.36,us,14.42,1.995,0.24,5
52.7572,160.8608,29.462,4.5,38,133.0,1.366,0.56,us,13.5,6.178,0.092,35
64.4923,-17.9921,10.0,4.2,36,136.0,1.46,0.85,us,7.88,1.921,0.113,22
29.8146,98.7907,10.0,4.1,30,138.0,6.663,1.28,us,10.46,1.971,0.117,21
-59.1356,-25.8003,121.82,4.6,42,133.0,7.626,0.69,us,9.5,8.826,0.102,31
51.215,159.1854,35.933,4.4,21,128.0,1.841,0.71,us,9.69,8.045,0.162,11
51.8115,159.312,24.395,4.4,52,134.0,1.28,0.84,us,10.24,5.965,0.056,90
19.8324,-71.0005,18.13,4.2,29,106.0,0.38,0.49,us,2.72,5.9,0.167,10
1.6371,123.0396,10.0,4.6,22,70.0,2.317,0.96,us,8.53,1.907,0.152,13
22.155,144.4477,35.0,4.4,46,138.0,5.332,0.7,us,9.8,1.83,0.094,34
72.4889,3.0994,10.0,4.4,91,62.0,3.95,0.76,us,4.82,1.879,0.061,83
30.0685,138.7379,415.354,4.3,67,79.0,3.173,0.91,us,10.75,8.029,0.041,173
53.179,160.2709,10.0,4.2,14,174.0,0.99,1.23,us,11.07,1.961,0.153,12
52.0569,-172.2968,56.272,3.5,30,191.0,1.18,1.32,us,10.36,11.635,0.097,26
49.6504,159.0291,10.0,4.3,23,136.0,3.386,0.43,us,12.74,1.936,0.142,14
52.6784,160.8552,10.0,4.1,19,174.0,1.381,0.74,us,11.21,1.959,0.158,11
28.2537,-43.7754,10.0,5.1,100,55.0,17.98,0.74,us,10.5,1.861,0.03,355
53.9219,-164.5049,18.727,3.4,32,154.0,0.586,0.39,us,3.96,6.888,0.201,6
51.5799,160.3171,10.0,4.4,11,187.0,2.219,1.08,us,10.85,1.962,0.179,9
-20.4801,-178.1178,550.145,4.4,52,122.0,4.529,0.51,us,15.34,7.689,0.085,40
2.9503,126.4907,72.855,4.2,23,122.0,2.038,0.76,us,8.11,9.909,0.131,16
11.1451,-86.7945,44.034,4.9,80,141.0,1.132,0.63,us,6.3,8.063,0.025,504
51.7614,158.3786,65.518,4.7,112,108.0,1.275,0.49,us,8.11,6.573,0.028,384
53.6214,160.1364,62.434,4.5,122,111.0,1.074,0.61,us,9.53,6.568,0.052,109
-20.429,-178.6419,599.311,4.3,53,121.0,4.111,0.82,us,14.52,7.324,0.07,58
11.8758,-87.1342,50.175,4.2,50,182.0,0.823,0.56,us,5.16,10.114,0.095,31
-57.7953,-25.8527,103.959,4.4,20,94.0,6.918,0.57,us,13.09,2.626,0.134,19
42.971,18.711,10.0,4.1,36,72.0,0.676,0.3,us,5.46,1.971,0.368,2
51.9769,161.8628,10.0,4.2,51,120.0,2.226,0.88,us,8.62,1.904,0.071,60
-15.7027,-177.938,438.779,4.1,66,133.0,2.7,0.58,us,16.33,7.141,0.074,50
10.7584,123.7973,10.0,4.4,38,120.0,14.151,0.72,us,14.56,1.9,0.1,29
-18.235,-178.0515,585.429,4.2,42,133.0,3.019,0.65,us,11.67,8.852,0.099,28
50.3031,156.7174,73.27,4.4,70,133.0,2.875,0.66,us,12.51,7.695,0.07,59
31.1703,71.0285,10.0,4.6,56,108.0,3.696,0.73,us,9.93,1.906,0.074,55
20.7633,96.9288,10.0,4.2,29,122.0,1.931,0.67,us,8.04,1.899,0.124,20
52.3932,160.147,55.118,4.9,65,143.0,1.108,0.86,us,7.87,11.465,0.056,100
48.4259,84.2462,10.0,4.5,54,111.0,1.05,0.62,us,6.02,1.914,0.083,42
40.8805,143.1576,42.571,4.4,35,142.0,1.133,0.49,us,6.96,7.792,0.11,24
-31.7665,-69.0077,106.276,4.5,70,49.0,0.362,0.59,us,5.03,4.958,0.072,57
35.3261,133.2564,10.0,4.4,25,55.0,1.671,0.65,us,6.32,1.889,0.19,8
51.5401,161.1661,10.0,4.3,31,129.0,2.144,0.55,us,10.39,1.926,0.107,25
-18.298,168.066,35.62,4.9,37,158.0,2.953,0.62,us,9.25,7.796,0.108,27
-55.4329,-27.5119,10.0,4.4,14,125.0,5.312,0.45,us,14.33,1.846,0.189,8
-3.8162,128.351,157.936,4.3,20,64.0,3.992,0.56,us,9.77,10.491,0.202,8
54.4422,-159.7016,10.0,3.9,93,164.0,0.395,1.27,us,4.29,1.867,0.182,8
51.6657,159.7874,10.0,5.2,126,98.0,1.528,0.6,us,6.99,1.795,0.035,276
-49.249,125.2247,10.0,4.7,24,134.0,16.559,0.83,us,12.56,1.912,0.117,22
-39.9168,174.391,13.09,4.2,32,74.0,0.841,0.65,us,3.69,4.961,0.2,7
53.7756,-163.949,10.0,4.0,56,156.0,0.792,0.9,us,3.7,1.898,0.1,27
51.2677,158.9288,28.546,4.6,57,112.0,1.767,0.76,us,7.97,4.093,0.057,91
52.3185,160.5619,24.34,4.3,32,122.0,1.362,1.06,us,11.19,6.251,0.096,31
52.2019,-169.411,35.0,3.5,41,180.0,0.616,0.68,us,4.77,1.954,0.101,24
-12.2244,166.753,199.013,4.4,45,68.0,3.233,0.78,us,12.11,7.012,0.098,30
51.5273,161.0624,10.0,4.7,41,191.0,2.108,0.64,us,9.05,1.95,0.036,229
43.2761,-28.9956,10.0,4.7,62,123.0,6.108,0.94,us,10.34,1.893,0.043,164
-16.7684,66.846,10.0,4.6,16,133.0,55.898,0.59,us,12.78,1.909,0.182,10
52.9016,160.8517,10.0,5.0,109,101.0,1.337,0.9,us,8.09,1.827,0.023,605
37.4354,144.662,10.0,4.3,34,153.0,4.364,0.96,us,11.29,1.952,0.109,24
28.0704,139.5489,486.588,4.1,105,55.0,2.533,0.74,us,7.76,7.754,0.058,80
16.4525,-59.6036,10.0,4.7,53,151.0,1.401,0.75,us,6.48,1.917,0.056,95
-6.1773,131.1885,65.107,4.6,56,90.0,2.083,0.55,us,7.51,7.54,0.083,43
-21.5136,-67.3356,202.909,4.3,37,72.0,1.631,0.81,us,7.25,10.475,0.178,9
-11.003,166.1782,129.535,4.4,30,117.0,4.529,0.45,us,8.76,7.623,0.112,23
13.0963,125.6848,10.0,4.2,16,143.0,16.43,0.37,us,9.41,1.926,0.159,11
52.365,160.3621,10.0,5.0,136,131.0,1.782,0.73,us,9.09,1.881,0.031,340
-26.9539,-71.4965,26.241,4.0,13,155.0,0.594,0.44,us,8.24,7.285,0.258,4
49.2109,156.415,35.0,4.1,17,138.0,3.985,0.68,us,8.11,1.894,0.184,10
39.5763,143.4719,10.0,4.5,36,135.0,2.207,0.81,us,4.73,1.902,0.113,23
39.5659,143.0305,34.797,4.1,17,198.0,1.94,0.9,us,9.57,4.962,0.198,8
35.8129,140.3771,50.614,4.3,24,148.0,1.899,0.73,us,8.66,9.664,0.161,11
23.4757,94.7072,102.184,4.4,60,67.0,2.267,0.62,us,10.08,7.216,0.077,49
35.8128,71.1299,88.568,4.3,38,98.0,2.085,1.28,us,6.82,8.151,0.137,15
50.8851,158.0583,31.499,4.4,32,135.0,2.173,1.05,us,13.03,6.551,0.107,25
-15.0234,166.8953,16.728,4.4,21,126.0,0.515,0.57,us,7.27,5.846,0.138,16
-7.3346,-111.1817,10.0,4.5,61,122.0,37.165,0.49,us,7.4,1.9,0.067,64
20.0407,121.4317,35.0,4.4,24,155.0,2.782,1.02,us,10.68,1.945,0.155,12
13.0447,145.6777,10.0,4.4,24,105.0,0.956,0.88,us,7.59,1.914,0.139,15
-20.5334,-178.3095,540.152,4.4,44,124.0,4.418,0.7,us,14.12,7.851,0.097,33
4.1839,96.1333,85.71,4.2,28,138.0,1.317,0.51,us,9.37,6.902,0.124,18
-6.1939,131.5375,27.083,4.6,32,94.0,2.324,0.65,us,7.47,6.41,0.129,21
-5.2351,151.4657,142.336,4.2,28,146.0,1.249,0.94,us,11.52,7.917,0.11,23
10.0457,125.8534,87.356,4.7,60,114.0,2.969,0.68,us,10.6,7.251,0.054,104
53.1244,161.5648,24.129,4.6,92,104.0,1.761,0.84,us,8.71,5.149,0.063,75
9.3592,93.5887,10.0,4.4,32,162.0,5.285,0.67,us,11.88,1.936,0.117,21
-3.6014,151.3586,461.007,4.5,144,57.0,0.966,0.74,us,9.84,6.017,0.038,202
-31.6409,-69.4685,109.83,4.2,22,64.0,0.687,0.98,us,4.21,7.783,0.237,5
51.804,158.9139,35.0,4.5,24,125.0,1.232,0.76,us,9.39,1.952,0.124,19
1.7856,127.0794,74.992,4.6,62,82.0,2.264,0.49,us,7.84,7.45,0.078,49
-6.2417,130.006,159.763,4.3,24,117.0,1.711,0.6,us,10.6,8.204,0.129,17
50.4654,159.93,10.0,4.4,41,134.0,2.682,0.6,us,5.65,1.865,0.086,39
53.0152,161.7833,10.0,4.7,148,114.0,1.893,0.57,us,10.42,1.882,0.044,155
28.2717,-43.944,10.0,4.9,55,113.0,20.891,1.04,us,12.53,1.894,0.058,95
-22.8178,-68.4882,110.59,4.2,42,53.0,0.315,1.23,us,6.52,5.202,0.092,33
49.9351,156.0616,70.767,4.4,79,130.0,3.338,0.67,us,10.8,7.32,0.066,67
52.9373,160.7052,47.898,5.7,88,147.0,1.246,0.77,us,9.41,6.148,0.05,144
-0.4916,100.2171,82.118,4.6,43,173.0,0.184,1.02,us,12.4,5.463,0.082,44
12.1794,-88.1898,35.0,4.4,43,174.0,1.288,0.59,us,9.39,2.002,0.081,44
-6.7457,129.7117,145.274,4.1,13,81.0,4.565,1.22,us,11.76,9.514,0.233,5
52.9133,160.8139,10.0,4.4,31,137.0,1.313,0.51,us,7.33,1.914,0.126,18
49.0365,157.5405,10.0,4.1,17,168.0,4.053,0.42,us,12.04,1.943,0.145,14
7.125,126.912,65.025,4.6,29,64.0,1.324,0.77,us,7.88,9.173,0.151,15
35.5143,26.5019,10.0,4.0,22,128.0,0.539,1.01,us,4.3,1.888,0.143,13
-20.0215,-178.245,595.681,4.4,30,93.0,4.173,0.59,us,17.36,16.484,0.109,24
51.5974,159.1555,35.0,5.2,49,123.0,1.462,0.57,us,5.38,1.926,0.105,30
51.6356,160.2222,10.0,4.5,16,137.0,1.692,0.41,us,13.84,1.944,0.15,13
-28.9215,-67.7263,134.202,4.1,23,94.0,2.317,0.65,us,7.16,5.389,0.234,5
51.276,159.0858,35.0,4.0,15,249.0,1.771,0.78,us,13.81,2.007,0.183,8
37.2716,20.272,36.354,4.1,27,149.0,1.323,1.37,us,6.15,10.799,0.166,10
-6.3978,151.8483,10.0,4.4,30,85.0,2.214,0.86,us,9.24,1.897,0.11,24
-47.8134,116.3947,10.0,4.2,19,144.0,14.883,0.44,us,7.2,1.962,0.132,16
17.6585,146.1456,153.099,4.7,71,129.0,2.428,1.0,us,11.76,7.723,0.043,163
25.4355,123.4903,182.82,4.1,37,61.0,1.058,0.64,us,6.06,7.12,0.12,19
