latitude,longitude,depth,mag,nst,gap,dmin,rms,net,horizontalError,depthError,magError,magNst
14.0398,39.9114,10.0,4.4,22,159.0,3.797,0.49,us,12.25,1.94,0.162,11
36.5032,70.7409,210.52,4.0,36,88.0,2.278,0.57,us,7.87,8.772,0.119,19
25.4355,123.4903,182.82,4.1,37,61.0,1.058,0.64,us,6.06,7.12,0.12,19
-15.5489,-70.5949,205.95,4.2,26,139.0,2.293,1.02,us,6.54,10.124,0.102,27
46.3138,152.7644,30.579,4.4,41,136.0,7.51,0.56,us,11.09,6.226,0.112,23
51.4159,159.8462,10.0,4.3,27,124.0,1.77,0.98,us,8.91,1.896,0.122,19
-21.6058,-179.1001,575.623,4.1,26,104.0,4.685,0.47,us,15.25,11.615,0.116,20
46.6819,152.7237,55.83,4.1,25,136.0,6.843,0.66,us,4.61,8.77,0.12,19
53.1959,160.5831,46.725,4.2,84,116.0,1.178,0.7,us,9.88,7.787,0.062,72
-9.2729,158.7752,10.0,4.5,19,81.0,1.168,0.7,us,10.46,1.888,0.131,17
-16.9047,-172.8988,10.0,4.7,30,124.0,40.225,1.11,us,14.62,1.85,0.115,25
10.4238,121.8659,10.0,4.3,17,136.0,6.188,1.25,us,14.51,1.942,0.187,8
-27.913,-176.985,81.261,4.5,13,245.0,1.565,0.44,us,15.06,10.743,0.14,15
-5.0131,123.0162,10.0,4.5,48,78.0,0.292,0.44,us,3.79,1.859,0.099,30
27.8992,-111.8568,10.0,4.1,41,124.0,0.67,0.95,us,5.94,1.955,0.055,90
27.9847,56.3651,10.0,4.3,29,130.0,3.03,1.09,us,10.44,1.894,0.109,24
-59.0038,149.5291,10.0,4.2,12,118.0,6.865,0.57,us,11.0,1.967,0.166,10
7.9049,126.5621,86.065,4.3,45,115.0,1.28,0.61,us,10.21,8.813,0.095,31
-5.5614,147.2535,182.408,4.5,48,57.0,3.496,0.59,us,8.0,5.573,0.061,80
51.9143,158.3912,77.264,4.5,55,138.0,1.122,0.65,us,8.26,7.038,0.064,73
37.4578,21.7777,10.0,4.3,24,127.0,0.302,0.52,us,4.69,1.904,0.154,12
-54.6475,158.6203,10.0,4.6,22,128.0,0.239,0.85,us,6.41,1.947,0.141,15
51.4199,159.7142,35.0,4.3,32,137.0,1.734,1.23,us,10.36,1.946,0.116,21
50.0802,156.7628,41.912,4.1,25,131.0,3.088,0.67,us,9.86,5.733,0.15,12
52.4099,160.3388,20.568,5.0,97,113.0,1.197,1.11,us,8.53,5.216,0.049,134
51.8807,160.314,10.0,4.4,21,217.0,1.532,0.94,us,11.18,1.985,0.134,16
16.5189,-59.498,10.0,4.6,41,102.0,2.468,0.67,us,7.32,1.902,0.075,53
52.3341,160.7572,10.0,5.2,61,78.0,1.457,0.73,us,10.46,1.882,0.068,72
7.1025,-82.283,10.0,4.8,83,86.0,3.127,0.73,us,6.65,1.885,0.044,160
50.7772,158.3042,38.704,5.0,31,130.0,2.26,0.9,us,5.23,7.656,0.113,25
8.9868,123.9738,545.444,4.1,66,72.0,4.482,0.56,us,11.67,8.984,0.071,54
-24.1993,179.8747,520.698,4.2,41,80.0,6.644,0.79,us,15.14,7.781,0.072,54
-57.9612,-24.9253,39.639,4.9,34,93.0,7.437,1.04,us,7.25,6.952,0.098,33
39.1701,28.1493,10.0,4.2,21,71.0,0.973,0.72,us,5.91,1.959,0.303,3
-21.101,-174.3386,10.0,5.0,73,108.0,4.609,0.72,us,12.43,1.857,0.066,73
-22.7414,-12.7919,10.0,4.7,27,68.0,14.801,0.41,us,13.2,1.892,0.113,24
-6.7124,155.2234,46.005,4.3,46,87.0,3.943,1.06,us,11.28,6.159,0.09,40
50.1406,155.9698,91.91,4.1,29,137.0,3.161,0.52,us,11.0,8.364,0.127,17
-23.9974,-66.5944,194.469,4.5,45,69.0,1.789,1.23,us,9.64,7.639,0.046,141
-59.4712,-61.572,10.0,4.6,31,120.0,5.448,0.92,us,9.81,1.92,0.107,26
-55.8687,-27.8024,57.073,5.0,46,72.0,5.237,0.66,us,10.8,5.319,0.084,45
-24.2567,-66.9839,161.926,4.8,63,38.0,2.536,1.0,us,7.19,7.007,0.032,294
-8.5712,111.0566,117.464,4.1,20,91.0,1.631,0.48,us,5.87,8.559,0.175,10
41.2186,71.9375,15.69,4.2,29,83.0,0.56,0.86,us,2.62,5.022,0.167,10
-23.3961,171.1542,10.0,4.4,17,238.0,3.504,0.69,us,6.92,2.006,0.189,11
52.7758,160.6391,29.606,4.8,43,192.0,1.23,1.07,us,13.64,9.386,0.088,40
52.0569,-172.2968,56.272,3.5,30,191.0,1.18,1.32,us,10.36,11.635,0.097,26
6.5236,-76.2637,10.0,4.9,64,86.0,2.553,1.1,us,7.21,1.883,0.031,319
50.9505,157.4312,72.557,4.3,36,128.0,2.167,0.77,us,9.87,6.784,0.099,29
37.2237,53.1893,10.0,4.1,23,177.0,3.977,0.86,us,5.73,1.985,0.197,7
-20.0028,-175.9397,171.181,4.8,46,98.0,5.744,0.65,us,13.44,7.725,0.072,59
-6.2257,151.6306,10.0,4.7,21,154.0,2.09,0.43,us,6.73,1.736,0.1,35
7.234,127.0011,64.971,5.1,55,115.0,1.42,0.83,us,9.54,7.71,0.079,52
52.1484,160.2623,35.0,4.7,16,164.0,1.835,0.77,us,12.18,1.98,0.195,8
51.1096,159.6483,10.0,4.3,21,164.0,2.013,0.81,us,10.55,1.962,0.153,12
52.5956,160.8653,13.146,5.1,74,121.0,1.411,1.27,us,9.15,4.869,0.046,155
14.9854,-60.2591,50.845,4.4,31,188.0,0.789,0.5,us,8.24,8.874,0.117,21
-6.9807,131.352,10.0,4.3,23,65.0,2.835,0.87,us,7.31,1.877,0.169,13
-62.9489,-162.833,10.0,5.0,28,104.0,17.691,1.02,us,13.23,1.877,0.117,23
51.2461,159.2095,10.0,4.6,17,191.0,1.813,0.27,us,8.67,1.952,0.224,8
51.3069,160.6524,10.0,4.4,33,130.0,2.116,0.76,us,8.91,1.914,0.117,21
-18.1153,169.1022,236.735,4.1,18,169.0,3.217,0.53,us,10.22,7.095,0.166,10
-37.7257,176.3594,189.552,4.3,26,142.0,0.68,1.02,us,6.52,5.091,0.125,18
-22.2626,-179.5415,603.486,4.5,53,73.0,5.031,0.68,us,12.02,8.25,0.076,50
52.3124,160.2713,10.0,4.4,72,113.0,1.217,0.8,us,9.09,1.874,0.052,106
24.7847,121.6803,55.785,4.1,24,58.0,0.251,1.04,us,4.21,4.8,0.174,9
50.5209,158.2162,10.0,4.8,92,124.0,2.521,0.84,us,8.33,1.872,0.034,267
51.5651,159.5352,10.0,5.1,113,133.0,1.558,0.82,us,9.72,1.88,0.035,264
51.8831,159.094,66.013,4.7,44,119.0,1.174,0.68,us,9.99,7.488,0.092,36
-12.0045,166.5348,143.24,4.9,58,63.0,6.957,0.64,us,10.14,4.116,0.072,61
6.5568,126.4848,77.178,4.4,33,116.0,1.034,0.61,us,7.05,9.087,0.117,21
52.8666,161.03,10.0,5.1,92,72.0,1.449,0.77,us,5.57,1.76,0.03,350
-24.1417,179.857,533.267,4.4,51,69.0,6.584,1.05,us,11.13,8.282,0.066,67
-12.4359,167.0004,233.458,4.2,51,128.0,3.0,0.66,us,13.6,7.738,0.079,45
-29.4769,-176.6905,10.0,4.8,26,143.0,1.106,1.19,us,7.58,1.935,0.111,29
-60.0705,-62.4539,10.0,5.4,68,91.0,4.779,0.83,us,10.32,1.777,0.069,72
50.3809,158.3908,10.0,4.4,34,132.0,2.651,0.69,us,10.81,1.919,0.108,25
52.3103,160.586,10.0,4.8,72,123.0,1.93,1.01,us,8.82,1.882,0.061,82
39.5791,143.5643,10.0,4.6,70,125.0,2.265,0.55,us,7.08,1.627,0.077,50
2.9167,66.1387,10.0,4.4,33,201.0,7.263,0.98,us,12.74,1.968,0.12,20
50.3065,156.5865,66.9,5.6,75,71.0,2.89,0.76,us,9.87,5.236,0.021,765
-14.966,-75.9119,10.0,4.3,20,143.0,3.096,1.13,us,10.9,1.913,0.2,7
39.1954,28.2157,10.0,4.8,52,37.0,1.027,0.6,us,4.11,1.889,0.114,24
36.5389,140.4701,63.208,4.6,59,142.0,1.821,0.77,us,7.61,7.472,0.051,116
50.9944,160.5997,10.0,4.8,86,165.0,2.362,0.75,us,9.92,1.911,0.03,351
14.8483,119.8742,42.577,4.8,52,88.0,8.438,0.84,us,9.64,7.73,0.068,67
-24.2383,-67.376,178.794,4.2,23,92.0,1.477,0.65,us,9.19,8.317,0.187,8
52.2064,161.3435,10.0,5.1,116,106.0,1.835,0.84,us,7.77,1.855,0.027,454
25.6156,127.9554,12.838,4.3,15,165.0,1.248,1.12,us,6.98,3.964,0.239,5
9.3928,93.9439,10.0,5.0,101,43.0,5.097,0.56,us,8.1,1.848,0.049,132
29.3391,129.3935,10.0,4.7,62,108.0,2.348,0.41,us,6.97,1.878,0.057,93
52.1385,159.527,52.868,4.4,44,132.0,1.035,0.75,us,10.49,7.51,0.092,34
64.5247,-39.9652,10.0,4.2,50,138.0,4.201,0.62,us,7.38,1.511,0.065,66
49.7002,158.3167,19.776,4.2,45,138.0,3.334,0.65,us,12.63,5.287,0.095,31
-18.5953,-179.2141,524.107,4.2,13,134.0,2.502,1.34,us,20.67,10.94,0.124,20
-7.4534,127.9679,114.718,4.3,17,104.0,6.196,0.48,us,12.37,10.048,0.16,11
53.4343,159.9781,75.887,4.5,161,122.0,1.407,0.65,us,9.72,6.64,0.046,147
49.2022,156.0021,55.741,4.3,24,183.0,4.054,0.78,us,12.6,9.715,0.153,13
10.6179,-62.4411,99.591,4.1,23,137.0,1.691,1.11,us,10.22,9.846,0.233,5
28.9429,76.8282,10.0,4.1,28,279.0,9.568,0.57,us,11.04,1.998,0.139,14
49.9492,157.2242,28.646,4.5,37,133.0,3.177,1.03,us,10.6,4.622,0.1,29
-7.9542,118.9578,10.0,4.4,25,61.0,1.456,0.67,us,5.81,1.896,0.17,11
45.2191,147.2981,10.0,4.3,19,148.0,3.532,0.73,us,11.83,1.923,0.154,12
-19.1369,-177.6793,599.809,4.3,56,133.0,3.859,0.59,us,13.32,7.337,0.072,54
51.4077,159.3025,35.0,4.7,43,124.0,1.968,0.44,us,9.24,1.944,0.117,22
52.6958,160.4507,35.0,4.8,128,78.0,1.14,0.87,us,9.34,1.855,0.031,319
10.2691,126.4581,34.022,4.9,66,111.0,3.296,0.83,us,10.98,5.635,0.067,70
29.4902,129.073,10.0,4.5,37,106.0,2.338,0.76,us,5.12,1.883,0.103,28
1.2937,125.8387,64.581,4.7,64,89.0,1.01,0.9,us,6.67,7.118,0.07,62
-6.2374,130.3775,121.844,4.5,47,54.0,3.787,0.67,us,7.73,8.461,0.093,34
14.3815,-90.5566,188.205,4.6,53,141.0,0.16,1.02,us,8.13,7.398,0.038,206
17.8001,40.1464,10.0,4.6,89,53.0,5.193,0.37,us,7.74,1.804,0.063,75
-30.7154,-71.436,45.905,4.6,36,99.0,0.176,0.79,us,4.57,3.986,0.151,13
31.9149,104.5459,10.0,4.3,32,99.0,4.092,0.66,us,10.37,1.913,0.125,18
-9.5,119.8345,80.79,4.7,95,87.0,0.487,0.89,us,5.83,5.243,0.059,94
12.7304,-88.1166,71.714,4.7,127,168.0,0.761,0.87,us,7.13,8.546,0.05,120
52.1808,160.4261,10.0,4.4,18,166.0,1.373,1.19,us,13.63,1.948,0.127,18
49.2422,157.7258,10.0,4.0,18,150.0,3.831,0.49,us,13.63,1.948,0.164,10
34.4524,62.1148,9.422,4.1,24,131.0,4.742,0.67,us,12.77,7.014,0.119,19
50.6711,157.8204,35.0,4.9,58,93.0,2.411,0.85,us,4.38,1.891,0.055,104
52.9667,161.1939,10.0,4.7,55,118.0,1.539,1.07,us,10.33,1.888,0.042,172
51.971,160.9009,10.0,4.2,13,244.0,2.263,0.77,us,7.97,2.009,0.152,12
-2.1019,138.9885,35.0,4.6,41,75.0,0.972,0.48,us,5.64,1.414,0.091,36
-7.5437,128.7425,143.323,4.2,20,78.0,3.216,1.01,us,8.9,10.099,0.153,12
52.1594,160.5927,10.0,4.3,36,124.0,1.467,0.61,us,8.4,1.709,0.089,36
52.4984,160.5854,10.0,4.6,59,122.0,1.288,0.72,us,8.06,1.881,0.052,110
53.4928,160.6054,53.329,4.3,19,191.0,1.265,0.87,us,14.77,11.872,0.114,22
51.3163,159.8349,26.493,4.1,25,128.0,1.859,1.05,us,9.89,6.041,0.134,15
52.1986,159.5556,48.659,4.2,28,151.0,0.994,0.57,us,10.06,7.84,0.118,20
42.9029,45.2572,10.0,4.2,30,60.0,0.606,0.67,us,6.08,1.954,0.087,37
-60.2489,-62.2307,10.0,5.0,40,100.0,4.62,0.44,us,10.61,1.87,0.092,38
-22.001,-175.6772,73.286,4.9,38,123.0,7.215,0.96,us,15.14,6.469,0.109,29
-5.8135,152.0241,10.0,4.1,13,172.0,1.497,0.46,us,12.03,1.939,0.174,9
51.3999,159.6505,10.0,4.2,22,128.0,1.739,0.77,us,10.19,1.914,0.132,16
49.1392,156.1917,74.573,4.5,22,183.0,4.086,0.59,us,13.27,9.616,0.15,13
-6.2539,149.149,55.607,4.6,26,131.0,3.635,0.91,us,12.03,8.707,0.122,20
-4.1671,140.3994,35.698,4.1,16,157.0,1.447,1.13,us,5.39,6.668,0.15,12
-31.3288,-70.8823,96.919,4.3,26,114.0,0.161,0.65,us,3.95,5.496,0.307,3
47.2336,152.3526,120.88,4.0,47,136.0,6.555,0.6,us,12.72,8.36,0.088,34
-23.3698,-179.9872,548.69,4.5,89,121.0,5.89,0.75,us,12.16,4.585,0.059,85
-21.0754,-68.3246,129.109,4.8,81,54.0,1.086,0.9,us,5.83,6.378,0.048,136
-12.6917,167.4408,10.0,4.7,58,114.0,2.749,0.5,us,9.16,1.878,0.076,54
50.9356,-177.1716,7.86,3.8,64,146.0,0.828,0.62,us,5.01,5.93,0.075,46
30.1914,51.8503,10.0,4.9,86,62.0,6.498,1.14,us,7.93,1.887,0.069,66
50.7248,158.2866,35.0,4.3,27,138.0,2.313,0.74,us,9.79,1.94,0.119,20
6.9544,-73.1265,147.834,4.2,30,115.0,2.409,0.67,us,7.86,11.659,0.12,19
54.529,-159.884,35.0,3.6,39,196.0,0.348,0.66,us,4.88,1.976,0.223,5
-0.0936,123.2974,146.886,4.4,59,69.0,1.079,1.17,us,7.81,7.029,0.077,48
-4.7685,138.1814,10.0,4.3,20,100.0,1.017,1.04,us,4.02,1.915,0.142,14
22.8791,94.4717,99.301,4.8,94,64.0,4.817,0.71,us,9.03,6.922,0.056,100
2.2499,126.7696,44.545,4.5,86,51.0,1.585,0.55,us,5.51,7.38,0.064,77
50.6765,156.3032,103.4,4.8,63,127.0,2.584,0.81,us,8.52,4.218,0.044,159
52.1495,160.2971,49.391,4.3,21,154.0,1.333,0.77,us,10.94,8.566,0.129,17
-54.7666,-130.2807,10.0,4.9,23,182.0,32.545,0.73,us,13.06,1.955,0.123,21
-8.08,108.943,89.236,4.2,22,98.0,1.42,0.57,us,7.42,6.752,0.136,16
51.8128,159.6095,35.0,4.2,23,131.0,1.347,0.73,us,11.69,1.946,0.132,16
50.6536,156.7887,75.01,4.3,75,98.0,2.522,0.69,us,11.22,6.661,0.069,59
-14.9255,166.8102,45.042,4.3,19,145.0,6.089,0.52,us,14.12,8.66,0.177,14
-56.6444,-24.0158,10.0,4.8,30,104.0,7.474,0.81,us,10.8,1.902,0.103,29
52.2293,160.432,35.0,4.2,31,198.0,1.346,0.9,us,5.97,1.986,0.103,26
51.0919,158.7089,35.0,4.3,21,185.0,1.935,0.8,us,12.92,2.002,0.143,14
51.6469,159.8703,10.0,4.4,73,126.0,1.569,0.7,us,7.83,1.884,0.071,63
12.2494,143.6067,35.0,4.4,22,85.0,1.813,0.48,us,11.06,1.954,0.154,12
51.6429,160.2175,10.0,4.2,17,149.0,1.684,0.78,us,10.82,1.975,0.167,13
52.3057,160.4866,34.72,4.0,15,137.0,1.877,0.38,us,11.53,6.72,0.163,10
2.0809,97.0491,10.0,4.2,14,186.0,0.934,0.7,us,7.85,1.978,0.175,9
51.8154,-167.2162,10.0,3.8,43,184.0,1.533,0.72,us,6.7,1.956,0.131,15
26.5336,96.7158,109.239,4.3,65,130.0,5.858,0.53,us,12.37,8.844,0.075,51
-11.7502,163.4071,10.0,4.5,22,113.0,4.104,0.58,us,9.56,1.9,0.132,18
52.8743,160.899,10.0,4.6,76,87.0,1.369,0.94,us,10.03,1.869,0.042,166
53.1649,160.8182,35.0,4.2,18,194.0,1.315,0.82,us,12.17,1.99,0.175,9
-17.6887,168.1436,42.788,4.4,18,188.0,2.404,0.76,us,10.74,7.922,0.155,12
18.5829,-47.3495,10.0,4.6,19,142.0,12.928,0.65,us,13.72,1.94,0.137,16
-6.7457,129.7117,145.274,4.1,13,81.0,4.565,1.22,us,11.76,9.514,0.233,5
50.5238,156.6281,82.242,4.1,12,207.0,2.672,0.31,us,12.12,16.74,0.214,6
52.1414,160.3646,10.0,4.4,26,122.0,1.369,0.93,us,8.87,1.899,0.123,21
-5.3713,131.2815,61.865,5.0,72,33.0,1.611,0.8,us,6.89,5.389,0.068,69
53.1393,-166.0308,35.0,3.7,29,199.0,0.762,0.27,us,2.94,1.958,0.135,14
49.2759,158.6892,10.0,4.4,44,130.0,3.753,0.66,us,10.1,1.915,0.095,32
-49.016,126.6246,10.0,4.2,15,132.0,17.541,0.93,us,13.07,1.918,0.146,14
-53.002,21.956,10.0,4.4,16,96.0,20.627,0.5,us,14.17,1.904,0.144,14
51.1511,159.1691,10.0,4.4,34,137.0,1.902,0.56,us,11.33,1.925,0.107,25
-47.5152,-13.5665,10.0,4.9,31,99.0,24.749,0.81,us,13.56,1.904,0.1,31
-4.7694,140.6062,10.0,4.4,21,86.0,1.782,0.82,us,5.31,1.897,0.123,19
49.6782,157.4864,10.0,4.2,30,228.0,3.428,0.61,us,12.27,1.972,0.121,19
27.8464,128.013,10.0,4.6,46,123.0,1.033,0.51,us,7.71,1.912,0.095,33
4.1014,126.4683,59.115,4.3,42,91.0,1.169,0.77,us,5.73,7.957,0.089,36
-6.3936,130.1817,115.7,4.8,48,94.0,4.02,0.44,us,11.44,7.46,0.066,71
-5.8358,148.5634,175.098,4.3,48,102.0,3.769,0.75,us,10.7,7.276,0.084,40
13.4663,56.9581,10.0,4.6,27,160.0,11.44,0.83,us,13.48,1.943,0.129,18
53.276,-160.0052,10.0,3.8,78,171.0,1.577,1.14,us,6.53,1.978,0.253,4
61.0366,-60.3505,10.0,4.2,25,115.0,4.682,1.32,us,8.43,1.949,0.124,18
31.7458,110.9449,10.389,4.5,45,84.0,1.923,0.64,us,9.44,5.101,0.092,35
38.5812,24.1399,10.0,3.7,16,106.0,1.476,0.96,us,6.06,1.969,0.357,2
51.5167,159.7543,39.234,4.2,18,137.0,1.655,0.57,us,12.33,8.171,0.152,12
52.3476,160.5712,27.555,4.8,82,134.0,1.351,1.02,us,10.37,5.7,0.038,214
36.0774,142.5814,10.0,4.6,65,127.0,1.999,0.69,us,6.98,1.83,0.061,81
-6.6449,129.9538,138.814,4.0,12,85.0,4.351,0.7,us,11.03,11.644,0.231,5
39.5558,143.2703,10.189,4.4,41,143.0,2.091,0.75,us,6.54,4.426,0.106,26
51.1346,158.9957,35.0,4.3,19,129.0,1.904,1.1,us,9.11,1.954,0.153,12
50.6857,157.0186,64.782,4.3,49,135.0,2.463,0.48,us,11.1,7.612,0.094,32
27.2748,140.3101,320.523,4.0,41,57.0,1.679,0.79,us,10.21,8.259,0.089,34
9.9265,-70.8178,10.0,4.6,42,74.0,1.051,1.08,us,7.11,1.828,0.089,37
-23.7427,-179.8927,500.189,4.0,18,142.0,6.269,0.66,us,19.6,13.691,0.138,15
23.2627,142.3491,141.752,4.5,48,119.0,3.819,0.84,us,12.65,5.59,0.034,263
-0.8623,134.0695,26.063,4.4,39,72.0,0.653,0.55,us,5.65,5.23,0.095,35
52.0628,160.4337,35.0,4.3,29,167.0,1.97,1.12,us,5.79,1.971,0.094,32
54.5247,-160.1524,38.47,4.1,83,159.0,0.448,0.55,us,5.99,8.781,0.111,26
2.0682,96.6309,26.827,4.5,43,181.0,1.211,0.54,us,7.44,6.437,0.09,36
52.2259,160.1627,34.018,4.4,63,166.0,1.22,0.65,us,11.98,6.834,0.079,46
52.3619,159.9747,82.347,4.5,49,134.0,1.044,0.7,us,11.28,5.013,0.078,48
-59.7085,-22.5681,15.076,4.6,22,107.0,14.378,0.33,us,15.21,4.708,0.136,16
-5.7989,147.903,161.579,4.2,16,188.0,3.657,0.48,us,13.7,10.08,0.186,9
50.3319,159.625,10.0,4.4,44,134.0,2.763,0.58,us,9.8,1.913,0.073,54
-5.8576,128.3634,355.026,4.3,22,57.0,2.028,0.53,us,10.24,8.929,0.125,18
7.0145,126.7102,67.847,5.6,237,44.0,1.124,0.67,us,7.29,4.943,0.044,184
49.9825,156.8591,35.0,4.9,81,120.0,3.174,0.7,us,10.71,1.91,0.045,151
6.8252,127.2307,10.0,4.3,23,107.0,1.658,0.84,us,8.25,1.931,0.142,19
9.2662,93.8911,10.0,4.9,101,49.0,5.028,0.47,us,8.14,1.847,0.056,102
51.6325,159.969,25.971,4.5,35,127.0,2.03,0.8,us,9.91,6.015,0.099,30
37.1785,72.0365,92.388,4.2,23,170.0,2.303,0.49,us,5.17,15.372,0.176,9
52.3501,160.4936,36.263,4.7,63,122.0,1.309,0.9,us,9.83,7.297,0.07,62
43.4049,155.14,10.0,4.5,33,147.0,8.932,0.74,us,9.82,1.927,0.132,17
12.0869,-88.1032,42.077,4.4,30,198.0,1.219,0.77,us,6.38,10.62,0.088,39
51.6152,159.8164,29.223,5.0,174,118.0,1.582,0.7,us,8.3,5.375,0.04,205
-36.681,177.6464,170.892,4.2,26,148.0,1.026,1.01,us,8.84,7.631,0.159,11
49.8296,155.7817,87.635,4.4,120,133.0,3.495,0.44,us,9.99,7.112,0.051,110
38.2658,134.2568,420.401,4.0,46,59.0,3.581,0.36,us,12.51,10.653,0.1,27
52.12,160.419,35.0,4.8,145,89.0,1.931,0.68,us,8.88,1.912,0.038,221
52.5074,160.7114,10.0,4.5,28,137.0,1.355,0.91,us,10.98,1.925,0.14,15
-2.7821,102.3375,170.385,4.4,43,151.0,1.685,0.76,us,11.69,8.85,0.092,34
-38.8867,175.1505,234.813,4.6,47,49.0,0.387,0.95,us,6.5,2.608,0.097,32
13.6224,123.4808,35.0,4.7,44,132.0,9.425,1.15,us,13.0,1.943,0.094,34
52.5217,160.6052,28.367,4.3,32,134.0,1.29,0.71,us,11.51,6.406,0.107,25
-5.0924,102.4116,34.179,4.6,28,148.0,0.907,0.57,us,6.8,6.053,0.132,17
-20.6824,-178.8023,613.108,4.2,33,168.0,4.167,0.67,us,14.61,8.149,0.105,25
52.3185,160.5619,24.34,4.3,32,122.0,1.362,1.06,us,11.19,6.251,0.096,31
10.9381,124.1069,10.0,4.3,29,117.0,14.503,0.67,us,13.35,1.904,0.116,21
51.3956,157.9937,60.809,4.9,201,123.0,1.68,0.57,us,9.74,6.511,0.042,179
23.4149,94.6684,105.73,4.5,57,64.0,2.211,0.47,us,8.11,6.964,0.088,40
34.9601,27.1226,41.412,4.1,26,149.0,0.586,0.79,us,8.03,8.725,0.131,16
52.4699,160.4484,10.0,4.4,29,162.0,1.226,0.91,us,9.61,1.97,0.12,20
51.2481,159.4835,10.0,4.6,35,221.0,2.163,0.73,us,10.03,1.975,0.092,35
-12.1686,166.5046,93.295,4.6,29,226.0,3.329,0.93,us,15.44,12.597,0.107,26
51.5411,158.814,55.478,4.1,20,126.0,1.488,0.72,us,11.47,8.363,0.145,13
-4.9578,145.1338,76.53,4.2,35,65.0,3.653,0.56,us,8.07,8.348,0.108,24
7.7554,126.7636,64.549,4.9,56,57.0,1.358,0.93,us,6.08,6.091,0.052,115
50.0856,158.6197,17.748,4.4,24,134.0,2.942,0.49,us,11.18,5.021,0.143,14
-6.3591,155.1338,160.898,4.7,48,95.0,3.659,0.51,us,6.62,7.188,0.078,49
11.657,141.975,69.685,5.1,149,46.0,3.415,0.41,us,7.69,4.685,0.05,130
52.9192,159.8899,35.0,4.3,11,192.0,0.757,0.27,us,13.09,1.924,0.16,11
18.6007,147.7537,10.0,4.0,13,172.0,3.834,0.33,us,14.5,1.962,0.231,6
52.8417,160.7858,10.0,4.0,18,120.0,1.306,0.62,us,9.2,1.881,0.156,11
-23.362,-66.787,209.557,4.3,25,68.0,1.344,0.85,us,9.74,8.194,0.16,11
9.0158,126.4141,55.135,4.5,37,119.0,2.103,0.95,us,11.1,9.156,0.108,25
-19.6884,-177.7917,407.626,4.4,52,81.0,4.181,0.62,us,9.77,6.17,0.081,44
-8.7654,-80.3006,10.0,4.4,21,117.0,4.672,0.82,us,9.18,1.935,0.161,11
49.449,160.1193,10.0,4.4,39,139.0,3.696,0.93,us,11.86,1.908,0.101,28
52.0776,172.5779,10.0,4.3,146,118.0,1.138,0.55,us,8.26,1.898,0.046,132
51.6425,159.658,10.0,4.4,50,133.0,1.515,0.92,us,8.9,1.876,0.065,68
51.8363,160.0254,27.55,4.9,212,88.0,1.91,1.1,us,7.09,4.697,0.04,197
50.1777,157.445,27.139,4.7,13,132.0,2.939,1.04,us,13.43,6.102,0.13,18
16.3711,-59.5654,10.0,4.3,43,165.0,1.433,1.05,us,8.93,1.942,0.122,19
52.3338,160.1487,35.0,5.4,37,123.0,1.144,0.9,us,8.56,1.928,0.086,46
-6.0597,148.6128,63.222,4.1,14,140.0,3.622,0.86,us,11.67,9.404,0.158,11
52.1177,160.647,10.0,4.7,18,135.0,1.519,0.66,us,12.18,1.926,0.138,16
52.5031,160.8273,10.0,5.1,117,84.0,1.422,1.31,us,8.16,1.823,0.028,416
-58.0601,-25.9461,79.256,4.2,16,98.0,16.627,0.66,us,13.75,5.418,0.137,15
52.3337,160.2758,30.306,5.1,201,121.0,1.207,0.76,us,8.67,4.921,0.033,296
52.455,160.6895,37.497,4.2,27,150.0,1.364,0.76,us,10.24,9.505,0.136,15
-60.1785,-26.8852,43.133,4.5,17,110.0,14.972,0.81,us,15.26,9.063,0.14,15
-28.6565,-67.5824,122.516,4.1,17,176.0,2.558,0.92,us,5.32,11.846,0.303,3
51.2193,159.4062,40.937,4.6,28,144.0,1.866,0.94,us,11.65,7.057,0.111,24
50.3621,159.2207,10.0,4.4,30,133.0,2.689,0.89,us,4.68,1.895,0.134,16
9.0645,-81.4596,10.0,4.5,48,113.0,1.605,0.85,us,5.88,1.91,0.11,24
52.9373,160.7052,47.898,5.7,88,147.0,1.246,0.77,us,9.41,6.148,0.05,144
-24.9691,-70.0925,74.889,4.3,16,155.0,0.494,0.54,us,5.25,5.022,0.188,8
-20.1781,67.8236,10.0,4.9,54,70.0,4.21,0.28,us,10.46,1.845,0.087,42
39.1389,28.171,10.0,4.1,27,57.0,0.987,1.01,us,3.91,1.937,0.165,10
44.0626,147.506,35.0,4.5,43,148.0,3.54,0.55,us,10.96,1.954,0.101,29
43.146,-126.412,10.0,3.7,29,251.0,1.734,0.77,us,8.05,2.0,0.253,4
52.9166,160.7435,19.179,5.0,154,106.0,1.271,0.72,us,8.21,4.534,0.025,523
28.0958,103.5573,10.0,4.3,24,162.0,7.838,0.59,us,12.88,1.942,0.137,15
-55.2935,-27.9304,10.0,4.4,18,93.0,5.055,0.53,us,9.32,1.656,0.139,16
-50.0502,114.5821,10.0,4.2,13,147.0,16.408,0.18,us,12.63,1.861,0.167,10
-30.3978,60.9107,10.0,4.3,27,63.0,10.299,0.57,us,9.72,1.888,0.133,17
49.3182,155.4996,73.373,4.6,93,169.0,4.039,0.61,us,12.56,8.852,0.051,112
-24.2993,-175.7043,31.869,5.1,71,113.0,5.312,0.64,us,11.14,5.434,0.071,64
51.2027,158.4178,35.0,4.3,15,135.0,1.829,0.69,us,10.77,1.949,0.202,7
28.1067,52.3044,10.0,4.2,43,103.0,4.702,0.71,us,8.28,1.916,0.086,38
-9.3565,114.4401,50.95,4.0,13,149.0,0.926,1.03,us,8.19,10.778,0.212,7
-55.7026,-27.6201,88.876,4.7,19,124.0,5.3,0.68,us,12.83,7.29,0.12,21
51.4984,159.2461,35.0,5.2,55,124.0,1.571,0.7,us,9.49,1.935,0.086,45
52.5285,160.6027,10.0,4.5,34,175.0,1.286,1.22,us,10.93,1.952,0.102,28
51.752,160.1481,10.0,4.2,24,156.0,1.57,0.94,us,10.18,1.971,0.128,17
37.992,22.1357,10.0,4.3,16,99.0,0.829,0.91,us,4.05,1.956,0.217,6
-16.5507,-14.2669,10.0,4.5,35,66.0,8.205,0.89,us,8.38,1.856,0.095,33
-22.1056,-68.9843,102.419,4.7,52,48.0,0.39,1.05,us,4.71,4.989,0.05,122
34.9884,104.7171,10.0,4.4,22,118.0,1.276,0.63,us,11.88,1.922,0.13,17
29.4228,129.5721,10.0,4.2,25,117.0,2.214,1.23,us,7.82,1.917,0.118,20
50.4654,159.93,10.0,4.4,41,134.0,2.682,0.6,us,5.65,1.865,0.086,39
-11.754,166.0637,35.0,4.1,12,204.0,6.438,0.72,us,12.6,1.957,0.174,9
11.2144,125.476,83.937,4.7,101,95.0,6.44,0.92,us,9.89,7.049,0.048,133
46.219,136.3127,420.592,4.6,149,34.0,3.662,0.85,us,9.07,6.585,0.024,499
43.2155,146.4408,61.011,4.5,55,185.0,2.704,0.64,us,10.32,6.583,0.081,44
15.4482,-94.7268,32.337,4.2,65,124.0,1.369,0.79,us,5.68,6.912,0.064,67
53.255,159.8222,66.188,4.4,94,121.0,0.743,0.64,us,9.48,6.328,0.055,95
49.1003,155.3503,93.959,4.1,17,144.0,4.277,0.98,us,13.57,10.274,0.166,10
51.2704,159.3608,29.156,4.3,21,138.0,1.809,0.61,us,12.14,6.5,0.137,15
17.0924,-94.8289,130.741,4.8,52,113.0,0.69,1.05,us,5.17,6.777,0.044,159
51.3709,159.5342,35.0,4.3,23,150.0,1.742,0.76,us,11.38,1.957,0.111,23
53.1746,161.1326,36.105,4.3,13,177.0,1.505,1.06,us,15.62,12.769,0.178,9
53.2008,159.8389,56.502,4.1,16,188.0,0.738,1.03,us,13.76,11.799,0.185,10
-24.8468,-63.4487,574.308,4.3,106,31.0,4.722,0.78,us,10.81,7.067,0.059,81
51.8442,160.1578,10.0,4.6,54,125.0,1.499,1.08,us,8.29,1.887,0.064,74
53.3085,159.6693,71.816,4.5,177,128.0,0.677,0.72,us,9.69,6.384,0.043,163
2.5068,125.8306,128.173,4.2,26,62.0,2.239,0.49,us,9.92,7.508,0.125,18
-20.457,-178.0553,531.75,4.4,52,98.0,4.563,0.97,us,12.23,7.587,0.044,161
-13.6265,167.1364,224.993,4.5,116,107.0,7.405,0.89,us,11.88,5.972,0.05,119
52.241,160.4042,35.0,4.7,87,155.0,1.326,0.56,us,9.9,1.948,0.058,89
9.2266,93.6356,132.895,4.9,102,64.0,2.568,0.83,us,7.85,6.14,0.054,109
-23.9343,-66.7161,195.058,4.5,31,58.0,1.662,0.92,us,4.69,8.338,0.121,20
52.4535,160.961,28.626,4.3,42,122.0,1.517,0.93,us,11.34,6.28,0.08,44
5.7139,123.9966,520.692,4.4,78,35.0,1.769,0.65,us,10.94,7.338,0.072,56
-26.4331,-177.421,111.385,4.0,14,205.0,2.852,0.71,us,11.29,10.884,0.143,13
49.8602,159.4591,10.0,4.3,41,136.0,3.208,0.77,us,10.14,1.915,0.1,33
53.2112,159.6819,79.935,4.4,50,117.0,0.65,0.67,us,10.24,7.035,0.084,41
60.4262,-139.6028,8.44,4.2,44,52.0,0.463,1.05,us,2.02,5.012,0.147,13
-13.2903,167.002,206.545,4.4,27,146.0,2.153,1.06,us,14.48,6.581,0.108,25
53.3261,160.5689,54.316,4.3,38,164.0,1.194,1.06,us,12.76,8.36,0.108,24
39.34,143.6528,10.0,4.5,54,135.0,2.458,0.66,us,8.89,1.89,0.09,36
8.1028,-38.3825,10.0,4.5,14,134.0,14.474,0.36,us,15.63,1.971,0.157,12
51.874,159.7088,35.0,4.4,26,177.0,1.321,1.07,us,12.41,1.974,0.126,18
27.4499,52.605,10.0,4.4,50,80.0,4.083,0.51,us,10.03,1.874,0.081,44
36.2044,-33.775,10.0,4.5,23,128.0,6.785,1.35,us,13.35,1.935,0.121,20
36.8094,70.3992,204.867,4.4,32,177.0,2.09,0.59,us,10.08,8.309,0.155,12
52.2582,160.3396,10.0,5.0,170,117.0,1.283,0.69,us,8.74,1.868,0.043,170
18.2509,146.4726,93.96,4.2,17,150.0,3.064,0.48,us,8.41,9.553,0.153,12
49.1289,154.501,102.912,4.6,68,76.0,8.162,0.56,us,12.49,7.02,0.074,55
52.8658,-168.371,52.18,3.3,21,171.0,0.312,0.68,us,5.04,7.864,0.125,15
-21.1421,-179.0095,638.859,4.7,103,115.0,4.371,0.6,us,12.45,6.658,0.028,373
51.2092,158.9113,10.0,4.0,41,128.0,1.824,0.96,us,9.56,1.904,0.1,27
20.4905,92.3253,10.0,4.1,16,163.0,2.526,0.6,us,9.3,1.984,0.234,5
-38.9603,175.1293,212.235,4.1,32,48.0,0.332,1.02,us,6.91,3.91,0.174,9
-48.8913,-8.8268,10.0,4.6,21,101.0,23.021,0.84,us,14.31,1.939,0.117,22
49.9712,159.7477,10.0,4.6,31,191.0,3.132,0.95,us,9.63,1.943,0.067,66
39.4846,143.2361,40.066,4.9,61,126.0,2.114,0.91,us,8.71,7.045,0.047,141
3.0133,-31.3637,10.0,4.9,46,58.0,9.882,0.51,us,11.21,1.864,0.071,62
-9.5456,107.0754,10.0,4.4,46,67.0,1.635,0.8,us,5.87,1.865,0.092,34
36.8602,72.8741,10.0,5.0,59,98.0,1.483,0.72,us,6.67,1.756,0.048,145
-18.9602,-69.4287,116.834,4.4,40,103.0,0.739,1.03,us,5.57,3.922,0.105,28
50.1143,159.4248,10.0,4.5,61,135.0,2.953,0.6,us,8.54,1.892,0.061,78
16.9945,-94.6973,115.386,4.0,31,99.0,0.618,0.79,us,5.61,5.974,0.156,11
-24.5207,-67.5714,178.807,4.2,23,95.0,1.658,1.25,us,9.43,11.438,0.187,8
52.7103,160.8178,35.0,4.0,26,172.0,1.351,0.59,us,7.49,1.985,0.125,17
-6.3364,125.7979,514.693,4.3,22,69.0,3.355,0.87,us,13.06,9.805,0.16,11
-17.5888,166.9272,10.0,4.5,33,142.0,2.146,0.52,us,8.7,1.838,0.115,23
18.8687,145.8904,229.981,3.9,14,176.0,3.609,0.57,us,18.23,12.105,0.171,9
52.5879,160.8269,10.0,4.4,27,109.0,1.392,1.2,us,12.27,1.913,0.126,18
59.9692,-29.7573,10.0,4.4,22,168.0,6.191,0.62,us,13.11,1.957,0.144,14
-6.8874,116.5213,524.608,4.3,27,59.0,2.294,0.54,us,13.85,12.038,0.161,11
51.1468,159.5447,22.326,4.5,30,122.0,1.959,0.99,us,9.78,5.956,0.113,23
51.5213,159.7993,35.0,4.4,21,138.0,1.662,0.94,us,11.8,1.953,0.143,14
82.025,89.1723,10.0,4.5,46,66.0,12.189,1.09,us,9.74,1.901,0.089,37
50.1717,159.6266,10.0,4.2,26,231.0,2.92,0.59,us,14.29,1.982,0.136,15
2.0495,126.6924,61.506,4.1,24,80.0,2.928,0.82,us,9.77,9.646,0.131,16
2.7147,-31.2289,10.0,4.5,27,80.0,9.683,0.85,us,11.08,1.86,0.118,21
9.4556,-40.4801,10.0,4.4,16,111.0,12.813,1.04,us,14.22,1.931,0.162,11
14.9325,-61.4045,150.42,4.5,112,37.0,0.308,0.68,us,6.25,5.699,0.035,235
9.2376,93.7811,10.0,4.4,18,200.0,5.786,1.07,us,13.87,1.96,0.17,11
54.6224,161.0326,52.833,4.3,34,123.0,2.136,0.73,us,11.42,8.124,0.104,26
-55.3723,-28.0188,10.0,4.3,13,114.0,5.017,0.48,us,15.55,1.922,0.188,8
-18.9305,169.4597,260.054,4.4,48,111.0,4.08,0.67,us,9.02,8.048,0.087,38
18.4849,145.0895,478.314,4.7,122,60.0,3.295,0.82,us,10.82,6.927,0.036,232
52.7716,160.2672,35.0,4.7,63,132.0,1.012,0.84,us,9.46,1.92,0.04,193
-24.1591,-67.1015,183.203,4.1,24,102.0,1.556,0.7,us,9.43,9.832,0.212,6
37.4794,72.3715,210.974,4.2,26,257.0,0.837,0.61,us,11.21,9.06,0.215,6
36.5231,70.6484,197.741,4.0,27,173.0,2.308,0.71,us,7.95,6.028,0.144,13
40.5562,143.4907,36.121,4.3,24,173.0,1.479,0.61,us,4.73,9.277,0.154,12
52.141,160.455,10.0,4.7,54,155.0,1.412,0.99,us,3.28,1.903,0.069,64
20.2491,145.2841,10.0,4.6,27,122.0,5.004,0.67,us,10.11,1.874,0.09,37
52.8786,161.0827,10.0,5.1,18,129.0,1.479,0.53,us,11.16,1.926,0.147,15
12.0158,143.2005,30.97,4.9,49,92.0,4.071,0.44,us,11.9,5.68,0.088,41
52.9133,160.8431,10.0,4.4,12,189.0,1.331,0.19,us,13.62,1.996,0.203,8
9.6436,126.3902,35.0,5.0,165,74.0,2.68,0.65,us,9.95,1.821,0.047,145
34.7852,32.4193,10.0,4.3,17,158.0,0.77,0.7,us,5.71,1.943,0.217,6
50.9532,159.1082,19.859,4.3,37,130.0,2.093,1.13,us,10.34,5.429,0.098,29
-15.1561,-173.9983,60.94,4.4,33,81.0,3.444,0.56,us,12.21,7.716,0.09,38
36.504,70.8658,187.072,4.0,47,82.0,2.219,1.17,us,8.24,8.334,0.144,13
-24.3135,-67.3394,177.294,4.2,31,60.0,1.559,1.03,us,4.46,7.968,0.121,20
-27.6633,-177.8685,192.961,4.5,20,154.0,10.563,0.81,us,10.25,11.697,0.136,16
-3.8546,128.4291,99.876,4.3,20,107.0,3.925,0.61,us,11.91,9.364,0.129,17
51.1478,159.3769,10.0,4.7,18,138.0,1.931,1.35,us,10.87,1.934,0.159,12
53.7263,160.3567,17.066,4.3,25,187.0,1.242,0.5,us,14.12,9.006,0.125,18
-19.4447,168.5539,10.0,4.9,31,115.0,3.318,0.81,us,9.06,1.895,0.116,23
50.2314,88.1222,10.0,5.0,93,46.0,3.508,0.78,us,7.85,1.833,0.03,366
-52.8962,22.0141,10.0,4.4,23,77.0,20.523,0.66,us,10.93,1.87,0.12,21
37.5599,72.4465,191.888,4.2,39,165.0,0.752,0.76,us,8.66,4.525,0.146,13
52.701,161.0674,17.418,4.9,70,118.0,1.501,0.97,us,5.84,3.685,0.029,373
52.3467,160.6799,10.0,4.1,19,166.0,1.409,0.92,us,10.97,1.963,0.174,9
53.0776,161.041,10.0,4.5,45,165.0,1.444,0.76,us,9.9,1.921,0.077,50
51.9196,-169.8577,16.806,4.1,83,171.0,0.872,0.83,us,5.02,4.162,0.05,109
53.8723,159.3999,117.89,4.4,69,128.0,0.962,1.09,us,10.93,8.713,0.052,106
-17.6708,-178.9722,546.798,4.4,122,127.0,1.98,0.63,us,13.34,4.568,0.043,158
12.2333,144.0086,51.16,4.3,38,155.0,1.587,0.89,us,11.68,9.152,0.1,28
-13.6971,122.3503,10.0,4.9,35,53.0,4.344,0.89,us,7.61,1.88,0.099,32
6.6539,116.7771,634.664,4.3,64,72.0,5.341,0.76,us,12.31,6.341,0.072,55
49.8801,157.1114,44.827,4.1,30,193.0,3.253,0.57,us,14.53,9.021,0.126,17
51.3009,158.1844,57.224,4.0,14,231.0,1.749,0.83,us,13.81,10.051,0.164,10
54.5675,160.2387,10.0,4.3,31,133.0,2.098,0.86,us,14.35,1.903,0.066,65
-18.1853,167.9304,25.671,4.5,13,180.0,2.811,0.68,us,9.93,11.044,0.192,8
36.1482,22.7754,64.031,4.3,14,219.0,1.235,0.81,us,9.69,8.97,0.237,5
53.0444,159.9099,63.497,4.0,24,117.0,0.761,0.68,us,8.23,8.004,0.122,18
52.2925,159.8143,35.0,4.2,11,221.0,1.019,1.28,us,7.5,2.009,0.167,10
-57.6684,157.6305,10.0,4.4,24,137.0,3.262,0.73,us,13.26,1.923,0.134,17
-18.2317,-177.9999,577.536,4.2,20,82.0,3.058,0.52,us,14.82,9.349,0.153,14
39.7066,143.0284,31.236,4.1,27,132.0,1.852,0.73,us,6.86,6.305,0.123,18
-8.7829,127.2727,10.0,4.6,24,104.0,4.98,0.62,us,10.12,1.894,0.137,18
-53.4264,24.8953,10.0,4.4,18,105.0,21.24,0.61,us,14.49,1.923,0.134,16
14.3234,-92.6674,35.0,4.6,81,139.0,0.893,0.72,us,6.14,1.943,0.038,205
-60.1812,-47.4192,10.0,4.6,23,81.0,8.365,0.76,us,9.64,1.907,0.133,21
51.6501,159.9621,37.046,4.4,37,138.0,1.594,1.07,us,11.09,7.9,0.1,29
50.9821,159.8999,10.0,4.3,28,126.0,2.186,0.5,us,8.72,1.905,0.122,19
49.4694,158.9068,10.0,4.4,39,133.0,3.562,0.91,us,6.76,1.881,0.103,27
12.977,-88.8024,66.155,4.2,45,165.0,0.676,0.86,us,10.35,9.522,0.089,35
52.7354,161.0394,10.0,4.2,42,148.0,1.477,0.88,us,10.39,1.931,0.102,27
52.0635,160.3256,10.0,4.4,24,167.0,1.404,0.95,us,10.85,1.945,0.127,18
50.238,157.55,35.0,4.6,80,135.0,2.872,0.91,us,9.83,1.883,0.063,75
-28.7248,-178.3498,209.157,4.2,17,227.0,0.636,0.62,us,20.04,8.948,0.128,17
-15.3238,-173.135,10.0,4.5,18,143.0,1.922,0.77,us,9.11,1.961,0.191,9
1.1316,98.9647,102.627,4.9,123,46.0,1.552,0.52,us,7.19,6.395,0.054,108
-25.7683,-176.8847,77.33,4.3,21,132.0,3.599,0.46,us,13.0,9.22,0.133,17
-30.1119,-177.9446,29.892,4.6,19,176.0,0.864,0.5,us,10.12,5.183,0.14,16
-6.5286,147.631,31.25,4.3,20,113.0,2.895,1.01,us,7.32,6.25,0.154,12
52.0422,160.4615,10.0,4.1,50,135.0,1.48,0.62,us,9.95,1.835,0.086,37
-18.2836,-63.0463,10.0,4.0,12,128.0,1.018,0.55,us,5.66,1.976,0.259,4
7.065,-34.181,10.0,4.7,70,62.0,12.921,0.61,us,11.29,1.875,0.051,118
29.8278,139.0592,425.906,4.6,177,58.0,3.34,0.65,us,8.7,5.772,0.034,257
49.7264,155.8592,65.055,4.6,51,132.0,3.577,0.71,us,11.78,8.734,0.089,38
52.4948,161.9899,10.0,4.3,62,116.0,2.098,0.57,us,7.68,1.875,0.079,45
2.188,124.5973,238.48,4.5,32,86.0,2.677,0.69,us,8.72,7.485,0.124,24
-7.2592,129.3381,154.863,4.5,22,82.0,2.777,0.79,us,13.47,15.109,0.14,15
-19.4046,169.6941,35.0,4.5,17,170.0,3.821,1.18,us,4.81,1.981,0.163,11
-6.7181,144.0785,10.0,4.7,39,103.0,4.053,0.68,us,4.05,1.878,0.099,32
14.2339,-93.3683,30.717,4.1,27,196.0,1.497,1.31,us,7.64,9.909,0.12,19
50.4276,159.3625,10.0,4.5,23,135.0,2.637,0.58,us,12.69,1.922,0.131,17
52.1048,159.692,35.0,6.2,113,36.0,1.119,0.97,us,6.67,0.871,0.023,749
50.4763,159.1169,10.0,5.2,51,133.0,2.567,0.79,us,9.13,1.873,0.12,23
2.4909,128.4556,226.675,4.6,89,104.0,3.713,0.49,us,9.14,6.807,0.064,72
52.365,160.3621,10.0,5.0,136,131.0,1.782,0.73,us,9.09,1.881,0.031,340
53.4759,160.134,59.949,4.3,46,114.0,1.0,0.49,us,11.84,8.662,0.08,45
51.9886,-171.3769,41.754,3.5,40,192.0,1.22,0.91,us,8.22,12.619,0.117,18
-56.9882,147.4579,10.0,4.5,32,95.0,6.946,1.01,us,11.82,1.941,0.106,29
43.588,144.7033,123.585,4.3,67,136.0,1.616,0.74,us,8.69,7.465,0.059,80
45.2233,-130.0989,10.0,3.6,30,218.0,0.722,0.88,us,8.85,2.0,0.125,16
51.3058,158.4395,45.709,4.5,36,125.0,1.725,0.99,us,10.93,6.775,0.1,29
51.5554,159.1604,62.299,4.1,17,215.0,1.503,0.42,us,8.99,9.836,0.185,8
1.7337,-102.3149,10.0,4.3,22,165.0,16.155,0.61,us,8.06,1.959,0.123,19
9.1689,126.7853,9.868,4.7,21,101.0,2.403,0.88,us,10.75,4.713,0.147,14
13.8667,39.798,10.0,4.3,27,110.0,3.773,0.71,us,9.91,1.927,0.133,16
51.3064,159.3758,37.033,4.8,69,132.0,1.777,0.87,us,10.73,7.082,0.06,86
39.3443,143.3951,10.0,4.4,34,138.0,2.298,0.86,us,6.75,1.571,0.115,22
-20.2519,-178.5925,628.026,4.6,55,96.0,4.036,0.64,us,13.51,9.233,0.075,54
51.625,159.3136,35.0,4.5,69,137.0,1.459,0.61,us,10.76,1.928,0.064,72
52.2263,160.477,30.846,4.8,74,123.0,1.37,0.88,us,9.22,5.587,0.059,89
52.2152,161.0027,10.0,4.4,26,180.0,1.647,1.03,us,11.65,1.928,0.123,19
37.404,19.7513,10.0,4.3,29,143.0,1.748,1.1,us,6.18,1.942,0.188,8
-51.5125,138.4991,10.0,4.3,13,92.0,19.753,0.2,us,11.89,1.946,0.168,10
51.5368,159.837,10.0,4.4,20,128.0,1.658,0.96,us,9.04,1.926,0.155,12
-27.5263,-176.2467,10.0,4.7,35,61.0,11.064,0.71,us,11.78,1.839,0.095,34
50.0186,159.539,10.0,5.1,111,88.0,3.06,0.87,us,9.17,1.811,0.027,457
36.8634,70.9321,163.091,4.2,26,253.0,1.901,0.92,us,4.82,8.698,0.166,10
7.4201,126.8239,83.054,4.1,12,135.0,1.283,1.02,us,8.49,9.471,0.198,7
-19.3666,-69.2951,10.0,4.1,12,166.0,0.782,0.91,us,6.64,1.95,0.185,8
52.6319,160.3175,35.0,4.0,30,138.0,1.085,0.77,us,11.73,1.954,0.116,20
9.7333,138.4384,10.0,4.5,28,129.0,4.583,1.26,us,10.32,1.913,0.125,19
-22.5647,170.5517,10.0,4.9,45,108.0,2.87,0.56,us,9.99,1.9,0.092,37
-55.3529,-27.4001,15.923,4.8,32,67.0,5.363,0.71,us,8.3,5.154,0.1,31
49.519,158.4543,10.0,4.4,34,136.0,3.511,0.6,us,12.45,1.912,0.105,26
54.4746,-159.6765,24.868,4.1,55,159.0,0.361,0.82,us,5.42,6.146,0.117,21
-5.3434,68.6106,10.0,4.6,20,65.0,4.336,0.71,us,7.84,1.883,0.157,13
16.2529,-59.6978,20.822,4.1,29,237.0,1.307,1.0,us,5.9,6.751,0.214,6
37.6452,72.2002,187.375,4.2,31,185.0,0.703,0.6,us,4.64,6.179,0.131,16
6.7096,-72.9637,169.66,4.4,40,125.0,2.292,0.56,us,11.75,8.718,0.095,35
35.5794,58.4298,10.0,4.2,39,174.0,8.613,0.57,us,8.34,1.935,0.085,39
35.1749,23.2911,44.106,4.3,64,76.0,2.284,0.61,us,7.82,7.556,0.077,48
51.3326,160.6663,10.0,4.4,52,122.0,2.1,0.69,us,10.24,1.908,0.074,53
49.1729,157.7286,10.0,4.3,36,137.0,3.899,0.61,us,10.39,1.909,0.111,28
38.487,142.0393,56.378,4.4,67,133.0,2.419,0.87,us,9.35,7.442,0.077,49
30.2805,66.145,10.0,4.9,56,72.0,4.921,1.01,us,9.79,1.865,0.062,83
13.3825,-89.8144,47.769,4.4,21,232.0,0.518,0.94,us,7.74,11.14,0.139,15
41.0241,142.1743,66.79,4.6,41,133.0,0.873,0.68,us,6.68,7.218,0.107,26
52.7385,159.7381,49.707,4.2,38,161.0,0.719,0.57,us,9.95,7.177,0.1,28
-20.5191,-178.3834,549.345,4.7,112,48.0,4.355,0.64,us,11.28,6.022,0.03,347
-23.4317,178.9877,575.858,4.5,27,171.0,5.725,0.72,us,7.15,8.81,0.132,18
-7.3233,129.2753,123.984,4.2,16,109.0,5.283,0.88,us,10.29,11.001,0.186,8
48.5461,157.5499,10.0,4.6,46,136.0,4.537,0.7,us,6.11,1.908,0.089,38
52.5714,160.6638,35.0,4.3,11,137.0,1.304,0.5,us,15.24,1.96,0.266,4
-10.3735,154.122,10.0,4.0,11,163.0,5.814,0.99,us,10.34,1.983,0.195,8
-17.7301,167.9933,35.0,4.8,49,73.0,2.393,0.91,us,3.55,1.889,0.084,44
53.472,161.7921,28.181,4.3,60,152.0,1.941,0.9,us,8.65,4.646,0.071,56
8.7329,-82.0964,10.0,4.3,18,212.0,1.251,0.72,us,9.36,2.009,0.168,10
54.5475,-160.2015,23.175,4.3,74,170.0,0.455,0.97,us,5.4,7.547,0.217,7
49.9421,158.497,27.854,4.5,72,227.0,3.087,0.55,us,12.13,6.99,0.065,70
52.8163,160.4631,36.527,4.1,22,119.0,1.117,0.47,us,10.72,4.22,0.127,17
6.1102,127.2399,35.0,5.0,55,51.0,1.905,1.43,us,6.49,1.876,0.06,89
51.9486,160.3827,10.0,4.2,18,228.0,2.009,0.58,us,14.92,2.004,0.146,13
53.7866,160.2054,69.829,4.4,129,131.0,1.205,0.46,us,8.15,7.204,0.039,192
-56.9407,-67.1374,10.0,4.6,28,131.0,2.032,0.76,us,6.9,1.926,0.114,25
32.2667,142.0712,10.0,4.5,41,101.0,2.083,0.55,us,8.8,1.887,0.106,29
4.6571,95.3103,63.633,4.5,56,162.0,1.727,0.72,us,8.35,8.127,0.083,42
-59.858,-150.4824,10.0,5.1,39,151.0,22.747,0.54,us,14.28,1.906,0.092,38
-24.3335,69.3889,10.0,4.3,32,74.0,7.205,0.54,us,12.42,1.877,0.113,22
-0.1615,-18.186,10.0,4.3,14,88.0,8.61,0.75,us,12.31,1.939,0.161,11
-7.2144,120.1632,561.41,4.4,30,61.0,2.224,0.82,us,14.17,10.52,0.135,16
51.8158,178.4332,111.145,4.0,40,155.0,0.164,0.75,us,3.83,5.787,0.126,18
51.5604,159.3414,35.0,4.3,24,127.0,1.526,0.62,us,9.47,1.945,0.143,17
14.3872,146.9368,10.0,4.5,25,95.0,2.159,0.41,us,10.49,1.925,0.14,15
-11.5254,166.2545,72.631,4.7,53,92.0,6.54,0.62,us,11.23,7.727,0.085,42
42.0202,-126.1152,10.0,3.7,63,234.0,1.345,0.71,us,8.09,2.011,0.29,3
-49.2564,125.0308,10.0,4.4,16,89.0,17.32,0.6,us,11.88,1.939,0.149,13
43.3963,148.0922,10.0,4.6,46,135.0,3.89,0.87,us,11.29,1.831,0.096,32
4.2738,125.8902,92.607,4.5,53,45.0,0.613,0.96,us,7.34,6.521,0.078,48
16.7051,59.7787,10.0,4.7,94,99.0,8.853,0.85,us,10.27,1.878,0.049,125
-60.161,-62.1152,10.0,4.7,72,100.0,4.717,0.54,us,9.0,1.86,0.069,68
8.4317,126.0015,10.0,4.5,37,115.0,1.417,1.16,us,10.63,1.886,0.108,25
-47.6325,116.1184,10.0,4.6,14,176.0,14.712,0.45,us,10.45,1.96,0.193,8
7.2611,126.8583,85.434,4.3,27,113.0,1.283,1.08,us,11.57,8.216,0.114,22
16.5778,-59.56,10.0,4.8,79,130.0,1.46,0.88,us,7.43,1.899,0.078,51
52.48,160.2774,35.0,4.4,57,163.0,1.129,0.94,us,10.11,1.864,0.07,59
-22.94,173.0802,10.0,4.4,12,137.0,5.209,0.95,us,11.66,1.945,0.19,8
-17.4331,167.6873,10.0,4.9,34,152.0,4.469,0.58,us,11.9,1.92,0.104,29
36.6031,68.0294,10.0,4.3,73,125.0,2.237,0.7,us,6.45,1.902,0.067,64
51.0769,178.8163,17.521,4.2,69,214.0,0.429,0.59,us,5.04,4.942,0.072,54
51.0445,157.1213,70.239,4.6,89,133.0,2.097,0.62,us,10.96,7.083,0.037,224
-51.5777,138.9079,10.0,4.4,12,97.0,19.785,0.67,us,18.51,1.955,0.161,11
-20.6341,-173.7564,10.0,4.4,12,112.0,3.923,0.54,us,9.93,1.926,0.24,6
7.8807,-38.6405,10.0,4.6,43,78.0,13.888,0.88,us,12.31,1.899,0.089,38
51.4041,159.4794,35.0,4.4,20,178.0,1.7,1.12,us,6.07,1.972,0.155,12
-18.0067,-178.3713,596.914,4.1,24,121.0,2.64,0.86,us,13.54,9.629,0.139,14
53.1151,160.9712,10.0,4.3,26,145.0,1.404,0.56,us,10.26,1.943,0.133,16
52.8721,160.8301,10.0,5.2,76,122.0,1.328,0.73,us,10.22,1.872,0.041,199
54.4002,160.6908,10.0,4.3,21,150.0,1.837,1.02,us,6.3,1.918,0.125,19
-27.4168,-175.1232,10.0,5.0,41,121.0,3.071,0.82,us,10.76,1.863,0.059,94
-21.4276,-68.6174,126.387,4.2,22,73.0,0.687,0.81,us,5.27,6.198,0.14,14
22.8891,123.5793,10.0,4.0,20,238.0,1.6,0.92,us,6.95,1.964,0.196,7
2.1264,96.5556,23.377,4.3,26,151.0,2.432,0.88,us,9.47,4.783,0.117,21
31.2753,131.465,52.787,4.3,19,233.0,0.897,0.72,us,9.07,11.117,0.142,14
-23.7033,-66.7788,195.353,4.5,57,60.0,1.488,0.81,us,8.48,6.028,0.108,25
52.1871,160.6277,10.0,4.5,42,123.0,1.468,1.12,us,9.22,1.898,0.096,32
-10.9261,160.9603,10.0,4.4,18,194.0,1.783,0.75,us,11.51,1.919,0.131,17
-6.652,131.1086,54.233,4.3,8,153.0,2.431,0.33,us,15.0,8.996,0.306,3
53.4962,160.2949,10.0,4.6,30,113.0,1.096,1.04,us,8.81,1.89,0.125,19
2.7818,128.5872,222.675,4.3,28,131.0,3.657,0.43,us,14.9,9.552,0.119,20
40.4447,63.1698,10.0,4.5,68,109.0,3.492,0.77,us,7.18,1.898,0.076,50
-20.9406,-67.5152,188.964,4.2,26,61.0,1.729,0.9,us,6.1,10.798,0.235,5
9.3119,93.8715,10.0,4.5,33,131.0,5.706,0.92,us,9.31,1.922,0.11,24
-3.8625,68.2583,10.0,4.5,15,197.0,45.159,0.4,us,14.49,1.975,0.15,13
36.6359,30.7699,104.803,4.4,24,98.0,0.701,0.74,us,5.56,4.328,0.269,4
-20.9109,-178.572,590.807,4.8,63,54.0,4.48,0.84,us,10.36,6.532,0.034,270
-56.86,-68.1108,10.0,4.1,12,136.0,1.951,0.73,us,14.63,1.628,0.213,7
49.8763,157.0729,35.0,4.3,22,231.0,3.26,0.98,us,13.04,1.97,0.168,11
-31.7545,-178.5643,35.0,4.9,47,92.0,2.561,1.0,us,9.45,1.858,0.1,35
45.4331,151.2025,63.292,4.4,24,152.0,6.056,0.78,us,12.16,9.101,0.138,15
-47.2927,-13.4534,10.0,4.5,20,86.0,10.252,1.38,us,12.69,1.622,0.145,18
-22.0583,-68.6663,114.408,4.0,40,115.0,0.594,0.86,us,5.13,6.058,0.104,26
-6.2054,151.528,10.0,5.0,66,59.0,2.099,0.9,us,8.78,1.856,0.048,138
31.2531,130.0771,185.884,4.0,16,122.0,0.41,0.55,us,10.44,3.034,0.231,6
-58.8794,-25.1343,35.0,4.4,21,131.0,7.774,0.84,us,14.0,1.942,0.134,16
25.5285,62.8305,20.059,4.5,35,121.0,6.028,1.16,us,13.87,6.636,0.061,79
5.3113,94.4019,42.621,4.9,62,97.0,2.536,0.8,us,8.84,7.467,0.071,62
7.7792,126.2481,10.0,4.3,14,197.0,0.968,0.94,us,8.42,1.931,0.188,8
43.424,147.9825,38.731,4.3,31,137.0,3.824,0.59,us,10.45,6.394,0.119,20
-21.1444,-68.6911,117.987,4.6,37,71.0,0.75,1.02,us,5.66,5.85,0.071,59
-30.6302,-178.047,47.093,4.9,30,128.0,1.368,0.86,us,12.94,9.031,0.104,29
52.6587,160.8824,10.0,4.2,15,147.0,1.403,1.13,us,8.73,1.955,0.2,7
40.5065,144.9975,10.0,4.5,55,136.0,2.048,0.44,us,7.17,1.893,0.095,34
54.8264,159.9452,10.0,4.3,19,169.0,1.962,0.7,us,14.56,1.934,0.133,16
51.6411,159.5849,38.818,4.6,83,127.0,1.499,1.19,us,9.41,7.234,0.051,116
50.5109,157.7844,35.0,4.7,60,131.0,2.573,0.68,us,9.27,1.924,0.038,209
54.6146,-160.4023,35.0,3.8,64,192.0,0.519,1.13,us,6.44,1.977,0.179,8
51.457,159.7619,10.0,4.6,82,127.0,1.711,0.92,us,4.59,1.881,0.065,71
30.4355,50.1961,10.0,4.3,94,46.0,5.875,0.83,us,8.35,1.86,0.068,62
-20.4455,-177.7273,466.653,4.2,38,97.0,7.47,0.56,us,7.01,9.797,0.096,30
14.6797,-92.4688,66.077,4.0,35,177.0,0.891,0.81,us,8.37,9.214,0.115,20
-9.623,112.8724,49.654,5.0,60,60.0,1.706,0.6,us,6.53,7.491,0.087,42
9.2405,93.7565,10.0,4.3,21,213.0,5.811,0.56,us,9.36,1.93,0.154,12
-57.39,-66.929,10.0,4.6,44,144.0,2.495,0.51,us,13.28,1.92,0.084,42
52.0942,160.3142,28.984,4.6,60,124.0,1.378,0.67,us,10.19,6.19,0.073,56
44.5841,149.4032,54.264,4.5,55,135.0,4.906,0.66,us,11.15,7.865,0.068,63
37.7406,144.1271,10.0,4.5,34,141.0,3.862,0.62,us,9.56,1.922,0.121,20
51.6595,159.753,10.0,4.7,39,135.0,1.524,1.05,us,10.91,1.912,0.078,49
53.1528,161.03,27.56,4.6,105,145.0,1.441,0.56,us,8.91,4.488,0.059,87
-14.6926,166.886,67.082,4.9,35,106.0,0.81,1.01,us,10.29,7.595,0.091,38
16.4171,41.5819,10.0,4.2,35,109.0,5.01,0.92,us,10.41,1.925,0.1,28
51.3206,159.6445,25.82,4.4,26,169.0,1.812,0.79,us,10.02,6.913,0.144,14
-20.9615,-178.7236,583.264,4.5,67,123.0,4.416,0.7,us,12.66,6.538,0.045,148
50.0292,155.6747,79.776,4.1,37,135.0,3.332,0.89,us,11.73,8.616,0.109,23
-49.4283,-8.074,10.0,4.5,17,81.0,22.446,0.74,us,13.26,1.934,0.132,17
7.0629,126.8262,68.937,4.6,57,125.0,1.238,1.19,us,8.56,7.364,0.076,51
-22.7672,169.973,10.0,4.7,31,126.0,2.338,0.81,us,8.45,1.831,0.126,19
-9.0298,125.0407,33.611,4.4,25,72.0,1.05,0.88,us,6.92,7.545,0.179,9
51.0846,158.9278,35.26,4.2,18,138.0,1.949,0.41,us,13.46,8.25,0.128,17
51.5942,159.7,35.0,4.8,34,127.0,1.57,0.95,us,7.03,1.82,0.102,30
-0.4711,-80.281,38.23,4.4,38,111.0,0.453,0.88,us,6.2,8.186,0.114,22
16.1817,146.6665,43.46,4.3,16,171.0,1.261,0.57,us,12.26,11.051,0.189,8
41.2672,142.5146,53.512,4.3,21,175.0,0.889,0.58,us,6.55,8.85,0.147,13
26.3136,92.7974,35.0,4.3,43,146.0,3.685,0.64,us,9.54,1.94,0.103,27
-4.7912,114.7513,10.0,4.2,25,75.0,3.703,1.17,us,7.67,1.949,0.166,10
52.7805,160.2293,35.0,4.5,55,150.0,0.987,0.57,us,5.43,1.935,0.08,46
-8.0333,115.4914,224.615,4.4,34,73.0,1.395,0.67,us,8.8,6.856,0.105,26
52.285,160.5955,10.0,4.9,41,123.0,1.397,1.18,us,9.27,1.896,0.081,48
28.8711,129.9377,10.0,4.5,35,179.0,2.507,0.79,us,7.02,1.917,0.09,36
41.2599,142.4695,33.122,4.1,12,182.0,0.914,0.42,us,9.0,10.923,0.213,6
-15.0574,-178.5268,420.677,4.4,17,144.0,2.468,0.69,us,11.66,9.057,0.139,15
50.2502,-173.2148,10.0,3.8,83,201.0,2.049,1.21,us,9.23,1.984,0.085,36
43.2393,-126.9507,10.0,3.9,22,262.0,1.692,0.36,us,8.07,2.012,0.17,9
-15.5806,-69.1962,260.68,4.5,161,127.0,1.243,0.77,us,9.91,6.451,0.029,351
-18.1893,168.064,45.78,4.7,34,86.0,2.849,0.62,us,8.65,7.565,0.089,38
51.5212,160.458,10.0,4.5,34,128.0,1.87,0.69,us,4.33,1.907,0.111,24
53.4482,161.5765,10.0,4.9,172,85.0,1.81,0.74,us,8.25,1.811,0.046,151
49.906,159.5267,10.0,4.3,93,117.0,3.17,0.59,us,9.25,1.9,0.062,75
-9.8966,160.1145,10.0,4.6,61,76.0,0.484,0.87,us,6.91,1.879,0.069,63
27.9572,105.0687,10.0,4.4,36,154.0,8.06,0.57,us,6.88,1.919,0.098,30
-19.4649,-66.7624,253.807,4.3,20,90.0,2.302,0.78,us,7.88,7.086,0.168,10
22.7731,143.4107,91.2,4.1,17,163.0,4.445,1.1,us,15.73,7.465,0.166,10
52.886,161.3167,10.0,4.4,13,109.0,1.619,1.06,us,11.52,1.928,0.219,6
50.1038,155.7078,100.521,4.7,57,135.0,3.255,0.5,us,8.38,7.224,0.047,136
19.5733,-109.1535,10.0,3.8,32,241.0,4.131,0.69,us,14.42,2.014,0.085,36
-22.901,-68.5169,107.97,4.0,30,56.0,0.316,0.82,us,5.69,5.8,0.232,5
9.4795,-84.2616,10.0,4.0,17,193.0,0.363,0.72,us,3.42,1.972,0.183,8
51.4092,160.9922,10.0,4.0,18,129.0,2.166,0.6,us,6.84,1.796,0.232,5
-17.3978,-70.5794,10.0,4.5,29,135.0,0.994,0.87,us,5.25,1.875,0.121,20
-24.2812,179.795,527.083,4.2,32,114.0,6.704,0.6,us,14.96,7.833,0.095,31
3.5477,126.7457,46.704,4.5,56,105.0,1.727,0.77,us,6.71,7.496,0.075,52
-16.6866,-172.1765,10.0,5.2,65,124.0,8.108,1.02,us,12.11,1.807,0.029,390
11.0827,124.3483,10.0,4.6,49,83.0,4.169,0.55,us,5.57,1.904,0.092,37
-8.1252,123.9131,163.011,4.2,22,92.0,1.657,0.87,us,8.28,5.919,0.124,18
-57.246,-67.7348,10.0,4.5,19,151.0,2.32,0.52,us,6.31,1.953,0.15,13
-17.4241,167.8977,35.0,4.4,13,105.0,2.076,0.78,us,6.22,1.931,0.22,7
52.7317,160.2068,36.513,4.2,36,150.0,0.988,0.81,us,11.91,10.061,0.11,23
51.0631,158.8749,35.0,5.2,192,90.0,1.968,0.72,us,8.53,1.83,0.041,192
-2.1097,139.0313,35.0,4.9,69,71.0,1.012,0.61,us,4.87,1.784,0.058,94
-1.8823,140.7671,10.0,4.7,64,59.0,0.631,0.56,us,5.72,1.864,0.075,54
52.6927,160.608,30.025,4.5,32,143.0,1.233,1.03,us,5.69,5.63,0.121,20
11.9552,143.8021,10.0,4.4,34,112.0,1.929,0.51,us,10.34,1.929,0.109,24
22.2315,143.6738,131.816,4.5,65,74.0,5.028,0.62,us,11.16,7.35,0.072,57
-20.5563,-68.8995,94.341,4.4,29,58.0,0.477,0.88,us,5.4,5.379,0.123,19
9.1818,93.7574,10.0,4.6,72,94.0,5.043,0.66,us,8.53,1.88,0.076,52
50.779,156.9873,81.555,4.5,76,137.0,2.374,0.44,us,11.75,7.451,0.062,75
21.5954,121.8629,10.0,4.4,60,91.0,1.416,0.57,us,7.2,1.904,0.08,53
43.469,147.5281,41.217,5.1,168,100.0,3.632,0.55,us,9.48,5.582,0.044,168
65.7734,-37.3474,10.0,4.4,49,119.0,5.475,0.47,us,8.73,1.916,0.07,59
6.2464,125.6335,156.375,4.2,20,147.0,0.82,0.97,us,9.18,7.896,0.146,13
-7.561,119.4745,270.512,4.1,15,98.0,2.1,0.5,us,9.5,8.169,0.233,6
18.3696,145.55,196.182,4.0,29,123.0,3.12,0.82,us,12.32,7.853,0.113,21
-3.2878,-77.9048,99.569,4.0,28,143.0,1.578,0.85,us,9.66,9.703,0.113,21
29.3161,129.4202,10.0,4.6,34,121.0,2.361,0.72,us,9.33,1.89,0.105,28
18.9279,145.5098,196.688,3.9,18,122.0,3.676,0.51,us,13.89,8.759,0.162,12
-0.9822,134.2512,32.556,4.6,38,81.0,0.53,0.77,us,6.43,5.673,0.107,26
49.2197,156.2966,44.356,4.2,28,183.0,3.992,0.95,us,10.56,9.824,0.136,15
51.3626,160.3989,10.0,4.0,28,168.0,1.981,0.77,us,10.83,1.915,0.123,18
50.2794,156.7642,68.468,4.5,69,132.0,2.892,0.9,us,11.47,7.356,0.056,94
54.4957,-160.1632,35.0,3.5,40,201.0,0.473,0.79,us,4.77,1.97,0.186,9
-13.6474,167.108,211.272,4.3,30,90.0,7.375,0.82,us,12.3,6.482,0.113,24
48.7866,154.5091,80.415,4.4,34,135.0,4.773,1.05,us,9.81,7.185,0.085,40
-21.8007,179.5498,604.428,4.2,26,97.0,4.274,0.64,us,15.66,8.308,0.108,28
-6.0988,130.9364,123.502,4.1,11,131.0,1.873,0.59,us,9.43,4.569,0.302,3
-13.7132,167.0066,58.966,4.7,35,118.0,1.734,0.33,us,13.85,7.014,0.095,34
51.7599,160.1586,10.0,5.6,50,122.0,1.567,0.64,us,9.74,1.886,0.097,37
52.7118,160.9134,10.0,4.4,33,152.0,1.407,0.49,us,9.49,1.94,0.114,22
32.139,49.9742,10.0,4.2,19,156.0,4.627,0.84,us,10.34,1.942,0.112,22
10.9351,141.9682,10.0,4.1,20,147.0,3.872,0.57,us,7.15,1.902,0.151,14
-37.4393,51.6299,10.0,4.4,23,62.0,23.739,0.46,us,13.73,1.408,0.126,18
-55.9734,-27.8435,105.039,4.6,86,67.0,5.241,0.57,us,10.33,5.851,0.068,71
51.4434,161.1637,10.0,4.3,20,138.0,2.212,0.38,us,10.12,1.871,0.137,15
52.4002,160.8008,31.58,4.2,16,257.0,1.45,1.05,us,11.88,9.058,0.2,7
-18.5347,-177.8323,618.605,4.2,54,109.0,3.363,0.65,us,13.01,4.73,0.044,143
36.0353,138.9697,129.454,4.1,41,136.0,0.796,1.11,us,9.61,6.501,0.097,29
-15.2168,-173.3241,10.0,4.5,24,104.0,1.98,0.67,us,11.15,1.88,0.163,13
-34.8108,-108.6124,10.0,4.9,82,155.0,7.685,0.43,us,13.8,1.908,0.055,105
31.3589,140.9594,53.822,4.6,69,113.0,2.002,0.53,us,10.47,7.822,0.074,55
50.3121,159.2264,10.0,4.8,72,121.0,2.739,0.71,us,8.01,1.846,0.036,234
51.5399,159.8402,10.0,5.1,97,112.0,2.04,0.95,us,8.33,1.853,0.048,140
52.9891,161.1981,10.0,4.1,24,185.0,1.54,0.89,us,12.52,1.968,0.117,20
-20.1311,168.4342,10.0,4.8,40,124.0,2.635,0.97,us,9.4,1.885,0.101,31
-14.6133,166.2198,10.0,4.1,10,226.0,6.186,0.3,us,8.26,2.021,0.234,7
51.381,159.7404,10.0,4.4,35,137.0,1.777,1.12,us,9.9,1.856,0.109,24
-59.1111,-25.0092,24.481,4.5,16,131.0,15.464,0.75,us,12.5,6.892,0.135,16
-58.8007,-25.4875,29.994,5.5,63,33.0,7.576,0.86,us,9.88,5.042,0.052,126
50.2957,157.5735,30.211,4.5,59,187.0,2.813,0.67,us,12.22,7.226,0.07,59
48.9429,154.5563,84.354,4.1,19,137.0,4.618,0.71,us,13.16,8.918,0.139,14
43.5116,147.8876,35.0,4.9,60,135.0,3.79,0.75,us,10.4,1.916,0.056,100
-50.3426,112.7229,10.0,4.6,20,141.0,21.396,0.57,us,15.08,1.927,0.133,19
52.6806,160.6612,10.0,4.4,44,118.0,1.267,0.93,us,9.03,1.903,0.081,45
-14.4657,-73.0216,99.819,4.1,16,128.0,4.462,1.24,us,8.34,17.507,0.157,11
-1.1583,129.6805,10.0,4.6,30,55.0,1.605,0.86,us,6.88,1.894,0.117,22
9.3226,93.9973,10.0,4.6,28,89.0,5.584,1.06,us,11.36,1.909,0.12,21
51.4336,159.3761,51.113,4.4,19,137.0,1.969,0.71,us,11.22,7.637,0.144,14
24.8414,95.4771,163.794,4.2,41,109.0,3.655,0.55,us,6.95,8.635,0.096,30
17.4694,-100.2786,35.0,4.4,98,83.0,0.294,1.22,us,5.02,1.837,0.041,169
50.2941,159.6438,10.0,4.3,42,173.0,2.802,0.47,us,10.03,1.947,0.096,32
13.9765,40.0425,10.0,4.3,26,95.0,3.659,1.06,us,8.55,1.823,0.128,17
6.626,127.0071,10.0,4.4,21,71.0,1.485,0.93,us,4.25,1.928,0.139,18
51.0335,159.3382,10.0,4.0,21,185.0,2.038,0.44,us,11.56,1.956,0.184,8
51.0967,159.745,10.0,4.3,20,192.0,2.045,1.01,us,9.96,1.954,0.16,12
50.2881,159.6747,10.0,4.0,25,134.0,2.813,0.64,us,11.15,1.929,0.134,15
-58.3225,-24.8998,24.446,4.5,20,92.0,16.151,0.66,us,11.64,5.559,0.124,19
3.0099,-31.2949,10.0,4.6,62,53.0,9.91,0.57,us,11.1,1.864,0.075,54
-2.949,129.4134,10.0,5.0,63,50.0,1.638,0.61,us,7.27,1.855,0.074,58
51.9929,160.593,10.0,5.4,137,125.0,1.573,0.87,us,7.89,1.871,0.053,122
-52.1341,-61.695,10.0,4.7,37,60.0,2.296,0.71,us,6.86,1.895,0.085,42
49.6406,157.9655,10.0,4.4,20,138.0,3.415,0.43,us,13.58,1.922,0.143,14
-7.619,128.3248,112.911,4.2,13,104.0,4.538,0.91,us,8.7,11.228,0.235,5
18.9243,145.5233,174.649,4.5,52,100.0,3.672,0.67,us,12.55,8.127,0.077,49
-4.7059,145.6568,10.405,4.5,31,52.0,3.147,1.08,us,6.89,4.28,0.106,26
-17.6491,-178.6677,615.931,4.1,30,183.0,2.209,1.01,us,21.83,12.517,0.103,26
-7.5418,127.7279,155.496,4.4,56,52.0,3.699,0.84,us,7.95,7.846,0.082,43
23.8325,121.8625,17.152,4.5,48,66.0,0.419,0.94,us,2.85,0.883,0.075,52
-0.4916,100.2171,82.118,4.6,43,173.0,0.184,1.02,us,12.4,5.463,0.082,44
-9.7631,120.5286,81.43,5.0,86,40.0,0.246,0.67,us,6.59,3.804,0.069,67
44.5994,149.1718,80.443,5.2,111,120.0,4.742,0.78,us,8.94,6.612,0.019,879
31.9766,141.0053,10.0,4.5,24,148.0,1.517,1.11,us,9.37,1.937,0.144,14
40.9216,143.11,47.498,4.4,27,152.0,1.093,0.39,us,4.54,8.454,0.134,16
50.6173,158.4041,32.753,4.2,31,137.0,2.414,0.67,us,12.27,6.394,0.096,30
-19.2671,-177.6451,596.72,4.5,65,82.0,3.972,0.71,us,12.41,7.352,0.032,283
-16.1755,-173.0853,10.0,4.2,29,118.0,2.581,0.84,us,12.73,1.888,0.1,28
-19.3168,-69.1207,6.982,4.8,47,118.0,0.357,0.7,us,4.97,4.559,0.09,38
51.5668,159.5697,35.0,4.8,90,127.0,1.564,0.93,us,4.9,1.89,0.053,111
-5.9225,151.3917,35.0,4.2,18,165.0,1.725,0.76,us,12.15,1.922,0.128,17
29.241,105.395,10.0,4.3,35,147.0,3.711,0.78,us,11.3,1.929,0.111,23
-35.5134,-179.4613,10.0,4.6,28,213.0,2.722,0.5,us,10.64,1.969,0.132,17
36.4699,70.9099,200.933,4.7,76,64.0,2.227,0.93,us,7.68,6.112,0.047,136
47.4456,151.085,197.946,4.2,103,122.0,5.694,0.4,us,11.17,7.61,0.052,107
52.9529,161.2282,9.54,4.5,68,114.0,1.56,0.83,us,8.46,1.948,0.07,59
49.2099,156.3941,35.0,4.4,30,139.0,3.989,0.4,us,10.97,1.912,0.117,21
41.2125,142.9725,45.06,4.8,70,134.0,0.814,0.79,us,6.58,3.629,0.05,125
-3.2157,150.7963,10.0,4.9,87,71.0,1.637,0.83,us,7.6,1.862,0.064,76
19.0733,145.477,204.514,4.3,31,125.0,3.823,1.04,us,13.41,9.562,0.109,24
-15.8003,67.2244,10.0,4.7,54,49.0,40.689,0.4,us,12.44,1.865,0.084,43
-5.7837,-50.5111,9.8,4.3,18,109.0,0.793,1.17,us,7.82,5.032,0.129,17
52.7127,160.8514,10.0,4.3,24,148.0,1.37,0.68,us,9.72,1.932,0.161,11
-49.249,125.2247,10.0,4.7,24,134.0,16.559,0.83,us,12.56,1.912,0.117,22
51.3487,159.6993,21.383,4.6,38,168.0,1.797,0.5,us,9.94,6.838,0.094,34
1.4435,126.3517,47.856,4.4,38,94.0,1.214,1.11,us,5.26,8.02,0.1,29
51.9752,160.3161,10.0,4.4,37,125.0,1.463,0.96,us,9.46,1.904,0.105,26
25.5525,126.5824,25.156,4.4,26,106.0,1.985,0.86,us,8.84,6.742,0.138,15
-15.6427,-173.8939,64.544,4.3,16,108.0,2.673,0.54,us,4.32,10.346,0.177,9
50.0968,159.704,10.0,4.3,23,225.0,3.004,1.05,us,11.56,1.972,0.138,15
-23.4771,178.859,561.941,4.3,24,162.0,5.753,0.83,us,7.69,9.8,0.143,14
-6.9786,127.3578,300.518,4.3,20,85.0,5.03,1.17,us,10.97,8.553,0.189,8
53.0413,161.201,10.0,4.1,20,183.0,1.541,1.08,us,9.89,1.844,0.114,21
-18.1429,168.3484,56.676,4.4,18,150.0,2.896,1.08,us,8.34,9.098,0.169,13
-6.3772,154.4982,60.089,4.8,46,63.0,3.181,0.54,us,4.48,7.592,0.082,46
51.7957,160.9284,10.0,4.2,35,218.0,1.86,1.2,us,10.06,1.975,0.105,25
11.4114,124.4013,10.005,4.4,29,83.0,4.468,0.64,us,10.82,4.911,0.123,19
5.9275,61.4056,10.0,4.6,42,138.0,23.247,0.99,us,15.04,1.95,0.095,33
-28.6039,-70.371,89.38,4.0,25,117.0,0.498,0.61,us,5.7,7.952,0.368,2
1.8386,127.3351,110.16,4.3,31,97.0,1.06,0.66,us,6.83,8.847,0.122,19
-5.63,151.8978,53.45,4.9,33,155.0,1.454,0.79,us,9.7,7.433,0.067,69
4.8731,124.1091,452.335,4.3,48,62.0,1.372,0.66,us,12.04,9.072,0.097,32
34.0687,-5.5488,10.0,4.1,19,125.0,1.373,0.8,us,7.46,1.936,0.131,16
52.1725,160.7874,10.0,5.0,35,124.0,1.558,0.88,us,7.66,1.891,0.08,50
-8.8521,-74.5921,144.588,4.6,136,104.0,2.175,0.74,us,8.83,7.394,0.049,125
49.9918,159.725,10.0,4.4,34,136.0,3.109,0.5,us,9.03,1.911,0.103,27
19.6703,122.4804,171.669,4.1,34,141.0,3.393,0.45,us,12.23,9.169,0.112,22
-35.4292,-71.2382,99.625,4.2,45,126.0,0.363,0.7,us,4.69,4.757,0.108,24
-30.1026,-177.1731,10.0,4.5,21,213.0,1.079,0.89,us,9.5,1.967,0.128,18
-25.6481,-179.7473,476.026,4.1,23,185.0,8.126,0.67,us,12.28,14.581,0.126,18
49.8904,158.7821,10.0,4.5,134,131.0,3.138,0.58,us,9.81,1.902,0.051,123
8.9885,126.2206,69.615,4.8,62,107.0,2.01,0.76,us,11.11,7.166,0.045,152
2.616,95.8441,28.724,4.2,19,198.0,3.077,0.44,us,13.18,5.893,0.167,10
53.0029,161.1671,35.0,4.5,23,201.0,1.521,1.04,us,13.4,1.976,0.145,14
22.5952,96.0249,10.0,4.7,65,70.0,1.724,0.44,us,4.8,1.809,0.08,48
-8.3941,148.9013,66.558,4.9,44,61.0,1.992,0.96,us,10.0,6.829,0.096,35
51.7431,160.2115,10.0,4.4,15,126.0,2.058,1.31,us,11.5,1.93,0.162,11
-8.5317,120.5652,165.216,4.6,47,63.0,1.16,1.13,us,6.13,6.421,0.088,39
36.8773,54.8561,10.0,4.6,59,104.0,2.801,0.92,us,6.48,1.858,0.059,85
51.9912,161.2552,10.0,4.1,17,126.0,1.898,0.93,us,5.97,1.943,0.165,10
-6.7226,130.0323,157.367,4.5,29,44.0,2.189,0.96,us,5.13,8.581,0.102,28
39.5125,143.5374,10.0,4.3,23,174.0,2.284,0.52,us,8.87,1.968,0.178,9
-11.3425,163.0711,10.0,4.2,15,194.0,3.609,0.78,us,7.08,1.978,0.167,10
-11.4393,165.5204,10.0,5.0,31,137.0,4.307,0.79,us,10.23,1.909,0.107,28
8.2613,127.4213,10.0,4.9,132,42.0,2.176,0.66,us,7.11,1.639,0.045,153
10.9489,124.1902,9.929,4.7,57,93.0,20.374,0.47,us,15.07,5.325,0.077,51
13.3906,-90.9805,41.876,4.1,41,192.0,1.227,0.8,us,7.19,10.057,0.066,63
1.1208,97.0034,10.0,4.0,9,220.0,0.6,0.82,us,4.44,1.959,0.259,5
53.2526,161.0474,40.583,4.3,45,134.0,1.462,0.84,us,12.14,8.077,0.083,41
-3.7474,-80.9351,25.8,4.4,61,107.0,2.075,0.78,us,7.84,6.341,0.073,55
-32.7661,-178.1432,10.0,4.4,12,176.0,3.515,0.66,us,13.59,1.954,0.161,11
7.1713,126.8099,81.491,4.9,85,109.0,1.226,1.24,us,8.44,7.102,0.066,72
53.5236,161.5871,30.678,4.4,14,114.0,1.834,1.02,us,8.48,6.661,0.161,11
-24.388,-176.0835,10.0,4.5,21,131.0,5.11,0.98,us,13.02,1.864,0.116,22
51.0322,158.4846,35.0,5.0,57,118.0,1.997,0.68,us,8.65,1.905,0.097,34
-57.9029,157.8923,10.0,5.1,73,44.0,3.463,0.75,us,10.37,1.76,0.083,47
-8.9372,124.2452,72.183,4.2,9,143.0,0.813,0.74,us,12.04,9.687,0.235,5
-15.4259,-173.6035,43.332,4.1,20,103.0,2.32,0.37,us,10.78,5.639,0.14,14
52.3722,160.6769,26.021,4.9,66,122.0,1.395,1.0,us,8.58,5.452,0.044,165
49.7474,157.6091,10.0,4.5,60,136.0,3.345,0.58,us,11.55,1.897,0.077,49
37.5165,71.8936,158.217,4.1,23,258.0,1.959,0.58,us,11.31,12.133,0.233,5
51.9517,160.8726,10.0,4.1,14,217.0,1.732,0.93,us,7.21,1.992,0.213,7
-36.0151,-73.8568,19.688,4.1,30,200.0,1.995,1.23,us,7.46,8.714,0.198,7
12.8969,145.2843,10.0,5.0,110,98.0,0.799,0.58,us,6.84,1.827,0.06,90
-18.5359,-177.3719,392.932,4.5,114,121.0,3.722,0.63,us,12.43,8.049,0.047,136
-25.7895,-69.2628,8.8,4.1,15,140.0,0.691,1.03,us,4.65,5.366,0.301,3
-19.8222,-177.3193,533.934,3.8,18,126.0,4.579,0.55,us,19.16,14.325,0.136,14
49.0127,157.92,10.0,4.2,13,233.0,4.042,0.73,us,12.86,1.91,0.235,5
-7.2808,129.039,148.234,4.5,31,39.0,5.321,0.51,us,8.04,9.396,0.124,19
-60.1804,-62.1222,10.0,4.4,18,138.0,4.697,0.71,us,10.73,1.942,0.139,15
52.8888,160.1938,35.0,4.4,33,137.0,0.944,0.38,us,11.5,1.952,0.123,19
52.7006,159.9161,45.796,4.4,32,216.0,0.834,0.83,us,12.93,9.856,0.117,22
16.6079,-59.4498,10.0,4.2,21,216.0,1.578,0.67,us,10.35,1.966,0.2,7
-14.686,66.5037,10.0,4.7,33,100.0,5.863,0.38,us,13.7,1.895,0.104,28
-21.9013,-68.5851,140.742,4.0,22,87.0,0.619,0.7,us,6.21,7.4,0.231,6
-14.0948,-72.9983,87.557,4.2,15,137.0,4.291,0.55,us,7.09,11.363,0.186,8
51.495,159.8786,29.385,4.5,24,157.0,1.707,0.81,us,10.25,7.673,0.144,14
52.1314,-169.8992,26.216,4.2,75,141.0,0.663,0.98,us,5.57,5.365,0.07,58
51.269,159.6804,10.0,4.4,16,221.0,1.868,0.51,us,6.95,1.969,0.179,9
-56.4232,-26.6999,76.216,4.5,15,130.0,5.98,1.01,us,15.78,10.914,0.144,14
-45.1712,167.0898,40.454,4.3,34,101.0,0.297,0.94,us,3.65,8.661,0.201,7
50.4731,158.818,10.0,4.6,82,132.0,2.556,0.75,us,5.69,1.687,0.041,179
-24.1457,-67.0807,222.72,4.4,24,83.0,1.558,0.64,us,10.57,9.613,0.269,4
-57.9045,157.8263,33.218,5.4,87,44.0,3.471,0.36,us,10.95,3.749,0.072,65
51.8618,158.4508,56.723,4.3,45,124.0,1.17,0.48,us,10.76,7.499,0.078,46
55.8412,162.4201,64.891,4.4,88,96.0,3.58,0.68,us,9.31,6.368,0.056,94
-29.7529,-71.8422,27.059,4.3,32,145.0,0.55,0.82,us,5.35,5.147,0.154,12
52.1893,160.4547,10.0,4.5,38,161.0,1.382,0.94,us,9.56,1.949,0.099,30
-60.3422,-61.6432,10.0,4.8,27,118.0,4.586,0.96,us,11.79,1.854,0.16,19
-9.0256,67.1896,10.0,4.3,21,76.0,5.45,0.67,us,14.15,1.912,0.16,12
39.5763,143.4719,10.0,4.5,36,135.0,2.207,0.81,us,4.73,1.902,0.113,23
45.5011,150.8203,58.787,4.5,50,135.0,5.779,0.59,us,7.57,7.45,0.083,43
-6.1939,131.5375,27.083,4.6,32,94.0,2.324,0.65,us,7.47,6.41,0.129,21
45.7601,153.9428,10.0,4.2,13,138.0,7.75,0.79,us,7.59,1.947,0.263,4
54.5521,160.3007,10.0,4.3,36,145.0,1.818,0.68,us,10.94,1.928,0.064,68
52.9462,161.0707,10.0,4.4,108,132.0,1.466,0.74,us,9.61,1.889,0.055,101
-17.9161,-178.2736,609.741,4.3,63,100.0,2.668,0.93,us,15.2,10.902,0.072,55
5.1535,126.3407,87.097,4.1,20,141.0,0.955,1.04,us,10.54,8.711,0.145,13
2.2496,123.9124,355.442,4.3,47,89.0,2.92,0.79,us,11.4,1.882,0.084,40
51.2808,158.8548,35.0,4.6,57,132.0,1.75,0.76,us,10.48,1.931,0.042,166
-47.8134,116.3947,10.0,4.2,19,144.0,14.883,0.44,us,7.2,1.962,0.132,16
-30.0468,-71.6739,33.23,4.2,31,192.0,0.399,1.3,us,6.65,6.465,0.263,4
-21.6699,-179.4793,611.548,4.0,16,141.0,4.544,0.6,us,20.55,15.948,0.173,11
51.9832,160.3132,10.0,4.4,38,135.0,1.954,0.92,us,11.34,1.927,0.097,31
-0.1668,99.3304,65.856,5.2,167,87.0,4.917,0.8,us,8.28,6.671,0.037,240
50.6548,87.3988,10.0,4.4,43,104.0,3.603,0.62,us,7.14,1.824,0.089,36
27.1872,-44.4207,10.0,4.4,20,143.0,18.335,0.76,us,15.49,1.904,0.17,13
27.9134,51.8213,10.0,4.1,14,175.0,4.917,0.65,us,7.25,1.981,0.214,6
52.8692,160.7137,10.0,4.7,30,155.0,1.258,1.09,us,11.39,1.972,0.108,26
-10.3901,114.1785,10.0,4.4,32,113.0,1.908,0.89,us,8.02,1.891,0.138,15
51.3869,-177.3979,40.118,3.7,78,150.0,0.389,0.67,us,4.21,3.417,0.073,47
36.5174,140.8431,64.774,4.2,16,167.0,2.122,0.64,us,6.19,13.895,0.235,5
52.7541,160.9642,10.0,4.1,22,117.0,1.428,0.44,us,10.73,1.928,0.114,21
-59.6557,-26.3712,63.514,4.5,20,116.0,7.712,0.6,us,15.73,11.328,0.124,20
51.4709,159.8052,10.0,4.3,34,126.0,1.709,0.87,us,8.43,1.899,0.114,22
-23.1647,-68.6869,101.551,4.1,16,107.0,0.514,0.68,us,5.51,5.52,0.197,7
14.9218,-94.5355,10.0,4.4,38,158.0,2.678,0.71,us,9.25,1.928,0.098,30
7.3264,127.3499,15.686,4.5,39,127.0,1.775,1.13,us,8.24,4.561,0.093,34
52.1927,159.1702,47.059,4.3,19,159.0,0.89,0.43,us,12.14,9.009,0.133,16
-31.5118,-179.0856,10.0,4.8,13,148.0,2.47,0.64,us,8.71,1.902,0.16,12
38.2452,75.6079,112.706,4.7,98,168.0,2.458,0.82,us,7.66,7.822,0.064,75
0.495,126.5682,52.799,4.5,25,75.0,0.844,0.43,us,6.35,6.594,0.131,17
52.4386,160.6506,10.0,4.4,33,151.0,1.35,0.62,us,7.06,1.933,0.126,20
52.1106,160.5416,10.0,5.0,103,118.0,1.473,0.82,us,8.19,1.881,0.055,105
49.8206,157.1933,33.543,4.7,123,135.0,3.307,0.51,us,10.1,5.353,0.038,212
44.1945,149.7805,10.0,4.0,16,213.0,5.172,0.82,us,16.19,2.002,0.172,10
5.4512,128.0449,10.0,4.5,52,54.0,2.654,0.95,us,7.27,1.886,0.085,40
51.4871,159.1092,35.0,5.2,56,161.0,1.564,0.64,us,11.65,1.978,0.085,45
51.5991,159.0342,47.395,4.5,36,173.0,1.446,0.98,us,11.32,8.118,0.088,38
-6.5808,129.754,143.866,4.4,12,113.0,2.05,0.49,us,12.56,9.408,0.179,9
52.6118,161.0468,10.0,4.6,79,121.0,1.512,1.0,us,9.35,1.884,0.044,152
-3.824,99.7687,10.0,4.5,23,193.0,3.223,0.76,us,10.29,1.904,0.139,15
35.4105,141.059,34.941,4.5,47,137.0,2.511,0.82,us,7.55,6.425,0.109,25
49.7494,157.5526,10.0,4.9,184,127.0,3.35,1.12,us,8.83,1.864,0.043,174
38.0017,38.4942,10.0,4.2,22,163.0,0.741,0.53,us,7.48,1.942,0.167,10
-4.9685,102.9052,59.367,4.7,54,92.0,0.606,0.72,us,6.0,6.574,0.092,36
52.2457,160.8341,10.0,4.3,22,135.0,1.542,1.23,us,12.01,1.928,0.169,11
-5.5745,147.0821,216.117,4.4,25,145.0,3.519,1.24,us,11.98,10.68,0.126,18
50.0292,157.9027,10.0,4.2,41,133.0,3.034,0.49,us,10.02,1.907,0.095,31
52.2023,160.2228,31.82,4.8,93,123.0,1.263,0.74,us,8.25,4.658,0.055,103
12.8009,-89.2883,48.078,4.2,59,173.0,0.969,0.73,us,8.2,12.61,0.078,46
51.0576,159.9783,10.0,5.0,54,126.0,2.133,1.15,us,9.81,1.912,0.063,96
-13.5455,-76.9197,10.0,4.5,30,137.0,1.55,0.79,us,8.88,1.724,0.07,61
13.3398,-44.6913,10.0,5.0,117,75.0,11.331,0.45,us,8.23,1.897,0.037,233
21.6891,143.5156,272.302,4.4,131,123.0,5.517,0.81,us,10.58,8.649,0.051,112
42.9957,144.5661,121.102,4.1,44,134.0,1.43,0.54,us,9.96,8.186,0.104,27
-22.2808,-176.4127,10.0,4.8,51,116.0,6.857,0.83,us,11.43,1.824,0.072,61
-34.1416,-179.4671,45.862,4.0,15,202.0,3.862,0.31,us,15.49,8.462,0.183,8
-26.7508,-176.2161,10.0,4.6,20,135.0,9.586,0.83,us,11.71,1.842,0.137,16
-23.0538,179.0167,613.245,4.3,23,108.0,5.359,0.96,us,19.41,21.332,0.132,16
45.8993,148.1129,183.581,4.5,90,61.0,3.85,0.85,us,9.37,6.991,0.035,247
52.9154,160.7317,35.0,4.5,64,134.0,1.264,0.55,us,8.6,1.888,0.073,55
53.7897,159.3919,106.921,4.7,98,118.0,1.215,0.78,us,10.48,6.404,0.037,218
43.4104,147.8847,35.0,5.0,64,118.0,3.752,0.96,us,6.01,1.885,0.08,50
28.1494,142.832,10.0,4.5,53,134.0,1.197,0.53,us,8.56,1.896,0.085,43
52.8199,160.5122,11.1,4.3,35,147.0,1.146,0.73,us,9.91,5.807,0.116,21
51.7436,160.0437,24.864,4.5,82,125.0,1.54,0.82,us,9.1,5.684,0.06,82
-31.5715,-69.5068,116.488,4.1,30,83.0,0.714,0.7,us,6.02,9.192,0.234,5
14.3331,145.6178,108.467,4.3,19,91.0,0.911,0.95,us,7.62,7.148,0.153,12
51.098,158.941,34.661,4.8,32,125.0,1.937,1.16,us,8.94,3.802,0.114,24
7.2614,126.9935,77.33,4.9,51,115.0,1.416,0.78,us,9.66,7.455,0.08,49
33.5257,81.8743,10.0,4.7,91,78.0,7.903,0.47,us,8.89,1.843,0.063,77
-8.1311,106.9454,48.815,4.2,13,104.0,0.964,0.7,us,7.01,7.131,0.152,12
51.6249,159.8114,27.973,4.5,38,126.0,1.572,0.72,us,9.82,5.855,0.096,32
8.2335,127.5108,10.0,4.7,71,66.0,2.237,0.63,us,9.17,1.868,0.074,55
50.1129,158.7514,10.0,4.3,39,138.0,2.915,0.6,us,11.9,1.926,0.101,28
21.6234,142.9621,306.734,4.0,59,113.0,5.494,0.87,us,10.97,4.102,0.071,53
14.5607,-94.163,10.0,4.2,28,202.0,1.946,0.86,us,7.48,1.978,0.115,21
51.5671,160.3992,10.0,4.2,29,134.0,1.811,0.75,us,10.59,1.9,0.125,18
51.6214,16.1991,5.0,4.2,48,27.0,1.275,0.56,us,4.74,1.917,0.152,12
51.0313,159.0254,10.0,4.4,37,222.0,2.009,0.79,us,8.85,1.949,0.114,22
23.7187,121.5477,22.06,4.3,25,81.0,0.398,1.16,us,2.52,6.895,0.153,12
73.2029,6.4369,10.0,4.1,14,88.0,5.893,0.35,us,5.5,1.935,0.198,7
3.0448,128.8654,10.0,4.5,29,95.0,3.772,0.62,us,5.62,1.919,0.131,17
52.4459,160.6624,10.0,4.3,30,120.0,1.353,0.61,us,9.52,1.908,0.125,22
12.2665,125.4801,43.118,4.4,42,107.0,5.165,0.78,us,10.56,6.751,0.098,30
51.2338,159.7726,10.0,4.2,7,134.0,2.27,0.31,us,11.16,1.915,0.263,5
-55.935,-27.1803,35.0,4.3,10,198.0,5.593,0.75,us,12.22,1.997,0.177,9
53.0995,160.3259,32.405,5.0,63,126.0,1.014,0.63,us,11.65,6.036,0.083,46
2.624,127.2715,49.74,4.5,51,74.0,1.842,0.88,us,7.01,7.421,0.096,32
-0.6773,97.1344,10.0,4.5,24,125.0,2.017,0.62,us,9.98,1.926,0.156,12
51.415,159.5968,10.0,4.2,29,128.0,1.713,0.82,us,10.23,1.886,0.11,23
7.2969,127.3462,10.0,4.5,39,58.0,1.768,0.81,us,7.4,1.865,0.102,28
54.3731,167.4906,10.0,4.3,43,130.0,4.271,0.81,us,10.62,1.886,0.07,58
-7.36,128.4723,163.277,3.9,16,87.0,4.791,0.82,us,8.25,9.486,0.137,14
51.5321,159.5113,20.719,4.9,78,127.0,1.585,1.31,us,8.37,5.338,0.043,167
50.8173,157.7211,39.461,5.4,36,184.0,2.295,0.62,us,12.25,8.08,0.121,23
-7.3522,128.1259,162.077,4.6,34,93.0,4.501,0.83,us,10.2,1.428,0.099,30
51.6928,160.4683,10.0,4.7,21,205.0,2.211,0.69,us,10.24,1.95,0.129,18
2.9103,-31.5242,10.0,4.5,30,82.0,9.718,1.01,us,12.02,1.89,0.099,30
-20.3151,-70.2925,42.628,4.4,19,174.0,1.045,0.59,us,4.81,10.901,0.309,3
-6.8182,130.4593,122.132,4.4,23,59.0,2.347,1.06,us,8.63,4.73,0.178,10
52.8618,160.2283,29.095,4.0,21,150.0,0.969,0.44,us,11.84,5.776,0.126,17
-23.8735,-179.9338,530.336,4.2,30,69.0,6.382,1.04,us,9.73,10.37,0.115,21
-26.6233,-176.0182,10.0,4.3,10,139.0,9.376,0.54,us,15.57,1.918,0.143,15
-22.6251,-66.3753,247.528,4.2,19,89.0,1.696,0.7,us,9.05,8.417,0.153,12
53.5814,-164.1676,45.308,3.3,28,209.0,1.022,0.44,us,2.66,12.045,0.241,4
-4.5331,152.8455,92.055,4.3,24,126.0,6.003,0.83,us,14.32,9.323,0.125,18
51.6828,160.6606,10.0,4.3,31,127.0,1.823,0.67,us,9.66,1.914,0.106,25
14.6936,-94.5322,10.0,4.7,41,194.0,1.859,1.35,us,6.22,1.978,0.102,29
49.6826,157.3207,10.0,5.4,128,79.0,3.439,0.89,us,8.03,1.832,0.022,705
51.5003,160.671,10.0,4.5,37,145.0,1.967,0.65,us,7.62,1.924,0.091,36
4.5463,125.8157,165.912,4.3,22,128.0,0.383,0.83,us,7.83,6.115,0.154,12
9.2951,126.4547,39.783,4.6,47,131.0,2.375,0.75,us,12.31,7.458,0.076,51
44.692,150.4283,10.0,4.3,21,183.0,5.643,1.26,us,15.16,1.976,0.168,10
51.8676,160.1839,30.71,4.3,19,125.0,1.49,0.42,us,10.86,6.286,0.119,20
52.5331,160.7241,20.89,5.2,94,129.0,1.352,1.02,us,9.57,5.468,0.034,286
52.7673,161.1458,35.0,4.4,22,188.0,1.534,0.85,us,13.79,1.982,0.117,21
52.8141,159.5711,57.941,4.2,18,132.0,0.596,0.73,us,11.37,7.948,0.159,11
51.8192,159.6849,43.904,4.6,93,126.0,1.363,0.58,us,9.05,7.004,0.058,90
40.769,143.1019,39.877,4.1,29,142.0,1.245,1.0,us,6.48,6.801,0.134,15
54.6742,160.0174,10.0,4.3,24,133.0,1.842,0.95,us,13.69,1.909,0.088,37
9.2343,93.9758,10.0,4.3,17,187.0,5.595,0.23,us,12.44,1.949,0.168,10
-10.2136,161.2542,112.951,4.7,64,79.0,1.501,0.62,us,9.56,6.463,0.048,133
4.5212,-73.0907,10.0,4.4,13,185.0,1.268,0.85,us,9.42,1.994,0.31,5
-24.7352,179.6374,528.13,4.3,25,133.0,7.111,0.66,us,18.34,13.127,0.108,24
54.3763,-161.5472,35.359,3.5,39,194.0,0.748,0.96,us,3.7,11.503,0.157,10
52.0621,-171.3436,33.823,3.8,74,180.0,1.135,1.3,us,7.2,8.102,0.09,32
53.0652,159.4891,91.441,4.5,74,152.0,0.508,0.93,us,11.96,7.378,0.067,66
52.6444,160.7219,10.0,4.5,38,119.0,1.313,0.81,us,9.49,1.9,0.118,21
54.5397,-159.8952,37.57,3.4,75,186.0,0.342,0.91,us,7.28,15.62,0.245,4
-46.7553,166.4472,35.0,4.3,13,107.0,0.611,0.92,us,6.78,1.997,0.378,2
49.5253,156.1488,84.873,4.1,29,124.0,3.717,0.57,us,10.67,6.092,0.12,19
-11.7641,165.1128,10.0,4.6,26,53.0,4.187,0.66,us,9.02,1.836,0.132,19
29.3423,129.4711,10.0,4.6,27,129.0,2.32,0.75,us,9.41,1.906,0.132,17
-32.0933,-69.4191,119.797,4.4,36,43.0,0.839,0.88,us,4.97,6.084,0.148,13
-8.7137,123.8975,112.864,4.8,44,91.0,1.097,0.82,us,8.62,7.188,0.087,42
51.0788,159.7821,10.0,4.1,16,253.0,2.069,0.42,us,13.45,1.998,0.165,10
-16.2769,-177.683,10.0,4.3,16,273.0,2.835,0.72,us,8.31,1.998,0.148,13
51.2488,159.2394,18.01,4.5,46,138.0,2.084,0.93,us,13.75,5.854,0.091,36
-11.4339,166.3739,67.553,5.0,85,102.0,4.07,0.56,us,8.63,5.991,0.063,80
51.6484,159.695,35.0,4.3,25,142.0,1.519,1.14,us,11.85,1.963,0.116,21
52.5738,160.755,10.0,4.2,59,130.0,1.355,0.62,us,9.08,1.912,0.075,50
-28.5401,-177.9259,180.46,4.0,21,138.0,9.535,1.11,us,13.66,10.427,0.139,14
-8.6145,129.1101,10.0,4.6,25,90.0,4.141,0.65,us,7.01,1.889,0.128,18
51.3583,158.5449,35.0,4.4,20,144.0,1.669,0.93,us,5.87,1.958,0.149,13
-6.2975,130.4813,125.809,4.6,44,69.0,3.79,0.67,us,10.11,8.041,0.09,37
10.5825,125.6466,10.0,4.4,21,108.0,5.814,0.38,us,8.59,1.906,0.143,14
-20.9565,-70.5112,29.639,4.3,27,143.0,0.361,1.02,us,5.96,5.757,0.122,19
49.8435,157.9922,10.0,4.8,29,128.0,3.211,1.15,us,10.4,1.906,0.122,21
-55.3509,-27.9525,10.0,4.8,44,70.0,5.051,0.73,us,10.81,1.803,0.094,35
7.2661,126.9284,77.954,4.7,76,103.0,1.353,0.55,us,8.27,6.23,0.069,64
-5.2422,151.7219,78.563,5.0,56,86.0,1.133,0.56,us,8.81,5.591,0.07,64
7.2316,127.2814,17.369,4.6,40,64.0,1.697,0.76,us,7.11,4.601,0.1,32
39.4537,143.482,10.0,4.4,22,144.0,2.284,0.66,us,8.96,1.938,0.149,13
-44.136,-82.1174,10.0,4.6,11,199.0,8.461,0.43,us,17.29,1.99,0.182,9
-63.6798,173.3616,10.0,4.6,23,117.0,11.786,0.41,us,13.07,1.91,0.129,18
23.2606,123.0482,10.0,4.6,45,95.0,1.201,1.19,us,5.24,1.9,0.114,24
51.3918,159.5156,26.526,4.4,34,137.0,1.719,0.62,us,9.58,4.913,0.11,24
52.0635,160.5052,10.0,4.4,39,178.0,2.007,1.15,us,10.02,1.955,0.087,38
-7.3438,155.7987,35.0,4.4,58,92.0,4.602,0.59,us,10.58,1.923,0.079,46
31.767,50.9071,10.0,4.4,53,123.0,5.495,0.56,us,11.84,1.923,0.077,49
7.2411,127.0451,16.617,4.3,21,178.0,1.465,0.6,us,8.72,5.662,0.137,15
65.8196,-37.5333,10.0,4.6,55,117.0,5.387,0.83,us,8.41,1.902,0.035,243
2.7456,128.4849,221.602,4.4,33,86.0,3.591,0.78,us,7.06,8.444,0.112,23
52.3398,160.365,10.0,4.2,25,172.0,1.249,0.81,us,8.33,1.874,0.136,15
50.2986,158.1252,17.472,4.6,67,132.0,2.748,1.37,us,9.52,4.746,0.044,154
42.6048,141.9887,123.578,4.5,142,69.0,1.048,0.49,us,6.38,5.656,0.051,111
41.0404,142.932,43.061,4.3,63,134.0,0.988,0.51,us,6.36,7.724,0.085,39
41.1977,142.6177,45.719,4.7,65,133.0,0.911,0.98,us,6.26,7.623,0.06,85
-5.5698,152.3977,10.0,4.2,21,157.0,1.389,0.86,us,7.85,1.602,0.147,16
38.0671,142.0114,59.785,4.3,50,122.0,2.816,0.49,us,3.89,7.627,0.091,38
1.5433,127.1003,117.586,4.5,80,72.0,0.811,0.66,us,6.35,6.185,0.071,59
54.5954,-159.628,35.0,3.6,20,202.0,0.237,0.62,us,5.05,2.012,0.354,2
7.0369,-82.1321,10.0,4.5,60,148.0,2.47,0.76,us,12.43,1.928,0.076,51
27.242,140.1716,451.332,4.1,52,93.0,1.799,0.77,us,13.23,9.324,0.063,70
16.3431,145.9123,556.218,3.7,21,156.0,1.102,0.31,us,40.82,29.242,0.11,21
51.7623,159.4274,35.0,4.0,18,130.0,1.35,0.42,us,9.42,1.843,0.15,12
6.9417,127.0141,33.488,4.3,23,74.0,1.43,0.78,us,7.84,5.518,0.143,14
50.9168,159.419,20.646,4.4,13,130.0,2.163,0.52,us,10.71,6.73,0.218,6
-18.6886,-177.825,472.115,4.5,41,84.0,3.463,0.52,us,9.79,8.408,0.108,25
36.5792,70.8055,217.6,4.4,64,78.0,2.187,0.77,us,7.69,7.1,0.054,101
49.215,156.4101,36.884,4.0,34,136.0,3.982,0.64,us,13.21,7.941,0.096,29
51.5329,160.8796,10.0,4.7,116,133.0,2.026,0.63,us,10.65,1.89,0.053,108
-61.0159,-38.6218,10.0,4.5,15,71.0,6.847,0.73,us,9.67,1.896,0.15,13
11.4966,-87.1129,35.0,4.6,114,175.0,1.066,0.74,us,5.28,1.949,0.045,145
51.6515,159.3701,10.0,4.9,119,115.0,1.443,0.8,us,6.21,1.847,0.039,206
52.4694,160.352,24.799,4.5,29,150.0,1.174,0.85,us,8.57,6.529,0.127,18
-18.3541,-71.4343,56.74,4.3,23,157.0,1.038,0.69,us,8.6,8.931,0.132,16
-6.9672,129.6672,141.95,4.2,17,126.0,4.773,0.8,us,5.54,9.312,0.175,9
52.5539,160.6447,34.626,4.4,33,122.0,1.299,0.62,us,9.25,4.234,0.115,22
52.5582,160.0126,35.0,4.0,11,153.0,0.95,1.12,us,8.35,1.985,0.211,6
-11.6482,-75.8815,109.205,4.5,25,107.0,0.999,0.58,us,13.19,11.882,0.078,48
39.5772,143.2297,10.0,5.5,96,123.0,2.054,0.85,us,7.76,1.867,0.053,122
52.315,160.3324,30.084,4.4,22,122.0,1.246,0.81,us,11.47,6.416,0.12,20
14.0249,-89.8234,10.0,4.2,20,126.0,0.129,0.75,us,3.67,1.967,0.176,9
1.9491,96.4445,10.0,4.1,27,200.0,2.585,0.45,us,10.2,1.946,0.126,17
-16.1435,167.6355,91.846,4.4,22,147.0,5.415,0.6,us,14.95,3.892,0.155,14
-6.7723,121.8347,10.0,4.7,34,78.0,2.058,0.93,us,6.33,1.9,0.111,26
-18.3323,168.4127,39.846,4.3,19,197.0,3.094,1.01,us,8.09,6.816,0.16,13
1.4969,127.0354,124.95,4.6,41,91.0,0.793,0.54,us,7.6,6.612,0.09,37
32.0967,140.2388,95.775,4.7,75,111.0,1.077,0.71,us,8.24,6.701,0.066,69
-9.5772,125.0843,10.0,4.4,15,71.0,0.825,1.33,us,5.79,1.154,0.19,8
34.9571,97.3443,10.0,4.3,41,138.0,5.279,0.66,us,11.96,1.898,0.085,39
52.811,160.611,10.0,5.1,138,70.0,1.206,0.9,us,7.79,1.777,0.021,724
-24.0167,-66.976,210.738,4.4,64,118.0,1.531,1.1,us,9.73,7.017,0.06,81
-60.3909,-27.1703,10.0,4.5,19,68.0,7.924,1.05,us,9.0,1.852,0.139,15
34.6164,70.6351,10.0,4.4,36,144.0,1.242,0.77,us,7.39,1.943,0.118,21
49.9123,89.823,10.0,4.1,41,86.0,4.098,0.91,us,5.9,1.842,0.114,21
14.1924,-91.0356,97.322,4.3,99,129.0,0.621,0.76,us,6.63,5.166,0.037,209
-16.0973,-173.7617,188.553,4.1,23,119.0,2.897,0.78,us,11.19,13.421,0.124,18
2.5853,-79.7833,10.0,4.3,41,161.0,1.589,0.64,us,7.59,1.736,0.104,26
51.7857,159.8227,25.681,5.8,44,60.0,1.433,0.63,us,5.47,4.543,0.131,28
15.8203,-95.1353,49.469,4.1,50,133.0,1.766,0.87,us,3.84,12.88,0.078,45
-13.5898,-75.781,66.695,4.3,32,139.0,1.899,0.82,us,10.13,9.681,0.125,18
51.215,159.1854,35.933,4.4,21,128.0,1.841,0.71,us,9.69,8.045,0.162,11
52.3267,160.8481,32.872,4.1,22,88.0,1.509,0.78,us,10.97,6.422,0.131,16
51.3099,159.8509,10.0,4.1,19,193.0,1.869,0.34,us,11.25,1.99,0.145,13
-18.7103,-69.2268,127.514,4.0,50,78.0,0.459,1.1,us,5.61,5.87,0.084,40
25.0088,95.3102,117.957,4.6,94,52.0,3.803,0.52,us,8.09,7.087,0.065,70
52.2714,158.6845,64.8,4.3,19,164.0,0.753,1.03,us,11.02,8.879,0.168,10
-29.9583,-177.1874,10.0,4.5,15,138.0,8.459,0.74,us,15.25,1.968,0.156,13
51.3743,159.5821,10.0,4.2,22,222.0,1.748,0.53,us,8.91,1.973,0.136,15
39.6279,143.3411,20.53,5.3,74,98.0,2.094,0.8,us,7.45,3.723,0.074,62
30.3969,138.2382,442.091,4.5,71,99.0,3.024,0.35,us,10.89,4.033,0.033,268
-27.9657,-176.571,43.29,4.7,39,135.0,1.746,0.73,us,14.42,6.138,0.123,20
49.5484,155.9545,48.829,4.2,33,135.0,3.729,0.74,us,11.82,8.511,0.11,23
51.6807,159.5082,30.315,4.8,75,134.0,1.444,0.97,us,9.26,5.724,0.051,118
8.5058,-102.8953,10.0,4.2,36,187.0,9.939,0.69,us,14.47,1.925,0.095,31
-13.5482,167.2187,148.835,4.4,17,159.0,23.356,0.57,us,15.33,6.744,0.135,16
34.0534,48.1937,10.0,4.3,32,106.0,2.3,0.63,us,11.41,1.927,0.098,30
-54.9669,-32.4934,10.0,4.9,65,72.0,2.421,0.39,us,11.36,1.881,0.075,58
-5.3309,152.5022,35.0,4.3,31,154.0,1.123,1.06,us,11.1,1.937,0.102,28
48.9933,154.8595,61.429,4.4,31,137.0,4.492,0.78,us,12.58,7.97,0.114,22
52.8221,160.7552,10.0,4.6,100,119.0,1.29,0.68,us,8.59,1.883,0.057,91
41.5328,141.9543,67.208,4.3,39,126.0,1.001,0.5,us,5.88,3.148,0.113,22
-24.5383,-115.9846,10.0,4.6,79,160.0,6.522,0.44,us,13.85,1.922,0.066,74
-30.9936,-178.1587,41.804,4.4,22,140.0,7.175,0.81,us,15.84,9.98,0.13,17
-5.8614,150.091,78.12,4.3,21,128.0,2.649,0.72,us,9.22,8.296,0.142,14
-20.4518,-175.6997,238.9,4.4,53,124.0,5.606,0.71,us,13.65,8.363,0.089,36
-30.4607,-177.7927,35.0,5.0,61,127.0,7.787,0.88,us,11.78,1.874,0.051,124
52.5928,160.9969,24.31,5.0,116,125.0,1.488,0.89,us,8.5,5.263,0.035,266
-4.7965,153.1888,66.556,4.0,28,122.0,6.423,0.81,us,11.03,7.098,0.108,23
35.6962,136.3314,10.0,4.1,27,61.0,0.666,0.76,us,4.1,1.912,0.152,12
52.4405,160.6459,10.0,4.1,34,134.0,1.347,0.52,us,11.53,1.919,0.111,22
-7.2644,129.4537,151.81,4.2,23,104.0,2.761,0.95,us,8.38,8.686,0.128,17
51.2005,157.2175,87.431,4.1,30,134.0,1.934,0.7,us,11.68,8.125,0.12,19
-30.2772,-179.524,299.918,4.2,27,176.0,7.486,0.73,us,15.77,11.158,0.11,23
36.5526,70.919,191.664,4.3,41,77.0,2.154,0.67,us,7.98,7.825,0.116,21
-20.4286,-68.8136,105.865,4.0,15,92.0,0.428,0.39,us,6.92,7.222,0.196,7
-23.207,-67.8723,135.65,4.5,41,83.0,0.38,0.9,us,9.22,4.477,0.053,103
52.2135,161.644,10.0,4.8,81,126.0,1.997,0.61,us,10.2,1.852,0.042,175
-5.4,152.2663,35.0,4.3,36,177.0,1.112,0.6,us,9.16,1.976,0.094,32
52.0431,160.2987,10.0,4.5,30,137.0,1.406,1.16,us,11.06,1.903,0.121,20
27.9119,-111.9133,10.0,4.0,31,111.0,0.658,0.52,us,4.47,1.968,0.119,20
3.0436,-31.2907,10.0,4.6,79,48.0,9.942,0.49,us,11.11,1.86,0.066,71
18.8363,146.39,10.0,4.3,11,167.0,3.621,0.97,us,15.54,1.959,0.177,9
52.1154,160.5132,21.747,4.5,36,118.0,1.456,0.76,us,10.68,6.15,0.092,35
60.3639,-139.4748,5.0,4.1,34,116.0,0.472,0.8,us,4.89,1.958,0.234,5
5.2524,126.2661,87.126,4.3,37,88.0,0.939,0.62,us,6.65,6.07,0.122,24
-22.9595,-68.1893,153.375,4.3,16,78.0,0.012,0.73,us,9.84,7.52,0.201,7
12.9684,145.6685,10.0,4.9,49,55.0,0.994,0.8,us,6.89,1.843,0.052,117
-6.1184,147.6197,68.815,4.2,15,130.0,3.297,0.62,us,5.99,12.188,0.175,9
-55.3691,-27.4837,22.069,4.9,48,67.0,5.318,0.81,us,11.59,5.742,0.083,47
-5.5987,150.9891,60.101,4.4,28,140.0,1.648,0.59,us,11.29,6.294,0.117,21
52.5866,160.5637,31.742,4.5,93,133.0,1.241,0.72,us,11.34,6.065,0.06,81
48.6205,157.4589,10.0,4.5,47,194.0,4.473,0.92,us,13.3,1.952,0.093,34
-16.7089,-177.4388,10.0,5.1,33,127.0,3.068,1.21,us,13.2,1.874,0.092,43
2.193,126.583,64.54,5.1,115,37.0,1.615,0.95,us,4.72,5.474,0.042,182
3.0511,-31.3163,10.0,4.9,36,83.0,9.937,0.69,us,11.48,1.891,0.096,34
18.3051,146.3914,83.562,4.2,19,148.0,3.101,0.49,us,10.85,9.575,0.146,13
6.4695,93.6271,47.953,4.1,20,201.0,3.525,1.1,us,8.07,9.763,0.139,14
-6.7507,130.0274,122.601,4.3,48,76.0,2.217,0.72,us,9.33,2.596,0.091,37
50.5617,158.6172,10.0,4.5,53,131.0,2.465,0.67,us,9.17,1.874,0.09,55
-24.1838,179.8728,512.792,4.2,21,121.0,6.628,0.87,us,14.61,6.49,0.141,14
52.4486,160.7711,29.521,4.0,20,176.0,1.412,0.78,us,13.51,8.352,0.118,19
53.5281,153.7868,469.656,4.3,115,88.0,2.384,0.67,us,10.71,7.198,0.042,164
-5.465,150.9384,103.873,4.6,34,87.0,1.581,0.71,us,10.25,8.346,0.105,27
23.6902,-44.9762,10.0,4.7,38,104.0,16.824,0.76,us,13.47,1.917,0.092,36
29.2619,129.4963,10.0,5.0,91,65.0,2.387,0.85,us,5.53,1.821,0.031,329
48.9237,153.6849,161.796,4.4,47,133.0,4.896,0.43,us,12.24,7.739,0.081,43
-55.7478,-27.1303,35.0,5.3,82,72.0,5.58,0.51,us,10.73,1.898,0.063,83
9.605,126.1838,10.0,4.7,14,122.0,2.589,0.5,us,14.08,1.928,0.208,7
36.1931,140.8548,51.079,4.1,20,135.0,2.164,0.63,us,6.76,12.067,0.214,6
29.3165,129.3433,10.0,4.4,37,89.0,2.386,0.8,us,7.06,1.89,0.12,20
3.35,-84.1606,10.0,4.6,70,99.0,5.673,0.83,us,9.07,1.948,0.075,52
51.5579,159.6469,24.32,4.6,38,137.0,1.96,1.33,us,9.91,5.605,0.076,52
52.5256,160.7834,10.0,4.3,20,121.0,1.389,0.99,us,8.92,1.918,0.168,10
4.032,122.8975,556.158,4.5,65,37.0,2.666,0.54,us,11.18,9.198,0.077,49
51.2305,158.5035,43.097,5.1,92,119.0,1.798,0.88,us,8.63,6.636,0.023,613
29.5916,129.679,8.368,4.9,106,70.0,2.025,0.53,us,7.46,4.688,0.052,116
53.0284,161.3239,22.407,4.0,34,146.0,1.615,1.21,us,10.82,6.37,0.102,26
39.4283,143.3003,43.866,4.5,56,134.0,2.188,0.6,us,9.14,7.483,0.075,52
-17.7332,-178.8178,544.347,4.1,41,93.0,2.136,0.76,us,15.11,9.732,0.1,27
49.1345,156.2091,21.4,4.9,252,42.0,4.088,0.61,us,8.17,4.19,0.032,310
39.5266,143.5987,10.0,4.5,35,135.0,2.316,0.91,us,8.92,1.907,0.108,25
76.8813,17.7424,10.0,4.0,25,118.0,2.382,0.61,us,13.39,1.928,0.116,20
52.1296,160.2566,20.861,4.4,24,164.0,1.328,0.88,us,11.35,7.104,0.13,17
52.846,160.9248,10.0,5.2,31,87.0,1.388,0.69,us,9.85,1.887,0.1,33
52.1637,161.4144,10.0,4.0,41,180.0,1.893,0.46,us,9.91,1.804,0.093,31
51.6346,159.4151,38.24,4.9,74,126.0,1.468,0.91,us,8.23,6.992,0.065,74
-7.0179,129.8029,111.775,4.5,38,93.0,2.481,0.61,us,9.17,7.558,0.097,31
29.3459,129.6897,10.0,4.1,22,114.0,2.255,0.78,us,7.07,1.853,0.14,14
28.0769,139.8114,424.572,4.0,103,57.0,2.322,0.75,us,10.82,7.366,0.058,88
52.3142,159.1879,82.068,4.1,23,137.0,0.782,0.97,us,10.47,7.116,0.131,18
52.3954,160.1722,52.759,4.6,39,176.0,1.119,0.6,us,9.34,8.671,0.086,40
-23.5215,-179.9453,537.775,4.6,59,77.0,6.045,0.65,us,12.37,8.645,0.05,122
50.1719,158.2134,25.912,4.1,15,163.0,2.869,0.76,us,13.71,6.753,0.197,8
27.6675,53.0396,10.0,4.0,23,85.0,3.926,0.71,us,8.24,1.94,0.122,18
51.7587,-166.8579,10.0,3.7,29,193.0,1.725,0.46,us,6.83,1.965,0.11,21
50.3058,159.6425,10.0,4.1,40,135.0,2.791,0.51,us,10.97,1.88,0.101,27
51.5937,159.4887,37.66,4.3,64,137.0,1.522,0.88,us,10.07,7.5,0.072,60
52.1319,160.7323,10.0,4.4,20,229.0,1.553,1.12,us,14.86,1.995,0.162,12
-14.9077,-177.5607,377.943,4.6,118,59.0,3.342,0.86,us,10.47,6.273,0.034,259
51.8867,160.0027,35.0,4.2,24,175.0,1.408,1.29,us,10.41,1.972,0.177,12
-7.6953,128.3631,85.361,4.3,19,75.0,4.537,0.88,us,6.23,10.422,0.154,12
-30.9493,-69.4723,108.987,4.7,61,31.0,0.908,0.63,us,4.74,5.577,0.076,52
-22.752,-179.3842,455.11,4.2,15,206.0,5.532,0.53,us,25.32,23.944,0.158,11
-34.2319,-178.5567,10.0,4.5,17,161.0,4.186,0.63,us,8.18,1.982,0.163,13
48.7852,156.0314,25.059,4.1,21,135.0,4.455,1.13,us,11.92,6.087,0.151,12
-7.3597,120.1887,435.121,4.0,14,128.0,2.37,0.72,us,14.22,11.315,0.211,6
51.4563,159.6767,35.0,4.0,18,137.0,1.692,0.75,us,13.36,1.949,0.144,13
17.6585,146.1456,153.099,4.7,71,129.0,2.428,1.0,us,11.76,7.723,0.043,163
48.3624,154.7331,50.021,4.3,31,162.0,5.111,0.66,us,12.47,8.833,0.116,21
-7.0937,155.6701,70.527,4.8,77,80.0,4.526,0.5,us,9.48,6.14,0.072,59
52.1653,161.4418,10.0,5.0,128,87.0,1.907,0.72,us,7.05,1.351,0.027,419
40.5173,142.8907,27.327,4.4,19,151.0,1.416,0.62,us,8.35,7.472,0.178,10
51.0822,159.6574,25.678,4.3,17,217.0,2.041,0.72,us,10.41,8.544,0.161,11
8.655,58.5807,10.0,4.3,25,141.0,19.376,0.65,us,13.31,1.867,0.129,17
17.0079,96.1659,10.0,3.9,17,124.0,0.143,0.65,us,7.4,1.964,0.171,10
-8.4443,-75.2197,128.399,4.8,44,110.0,3.866,0.66,us,10.61,7.663,0.056,98
49.0858,156.0926,30.416,4.6,56,167.0,4.153,0.61,us,11.93,7.022,0.07,63
53.2398,-168.5916,93.807,3.8,25,130.0,0.312,0.59,us,9.73,5.738,0.096,28
18.49,145.7644,212.268,4.1,12,156.0,3.231,0.89,us,17.41,12.205,0.213,6
29.3051,129.4331,10.0,4.9,70,33.0,2.367,1.05,us,5.14,1.866,0.045,158
53.0295,159.9195,55.946,4.3,44,133.0,0.767,0.47,us,11.25,6.53,0.099,29
-37.6544,176.9334,154.406,4.1,13,81.0,0.96,0.74,us,9.05,8.541,0.213,7
-25.3585,179.5477,537.754,4.1,20,128.0,11.396,0.36,us,14.52,8.65,0.131,16
49.8758,155.9782,68.967,4.3,51,135.0,3.411,0.85,us,9.59,4.82,0.063,72
-7.7519,128.312,89.733,4.5,29,83.0,3.578,1.0,us,6.48,7.903,0.128,18
51.0955,159.4438,10.0,4.2,22,173.0,1.992,0.64,us,7.13,1.966,0.146,15
52.8301,160.7388,34.384,4.6,66,160.0,1.279,0.72,us,12.02,7.138,0.077,50
51.6705,159.0636,35.0,4.3,14,147.0,1.379,0.65,us,12.29,1.962,0.16,11
51.683,159.9053,29.48,4.6,35,127.0,1.548,0.7,us,10.21,5.771,0.085,47
51.6758,159.2119,61.022,4.4,26,153.0,1.393,0.71,us,11.26,8.668,0.107,26
-24.4011,179.9318,532.128,4.1,23,188.0,6.851,0.52,us,21.96,20.975,0.109,23
51.7423,160.6156,10.0,4.1,17,126.0,1.76,0.75,us,8.34,1.918,0.135,15
2.1109,128.2193,157.77,4.4,35,100.0,1.58,0.87,us,6.04,7.507,0.112,23
-52.9705,-45.2026,10.0,4.4,16,110.0,5.351,0.71,us,9.04,1.776,0.155,14
25.8671,106.6062,10.0,4.0,21,126.0,5.079,0.85,us,9.15,1.896,0.173,9
-49.9573,-113.3065,10.0,4.9,55,113.0,27.794,1.07,us,15.54,1.908,0.078,52
51.0085,158.5209,26.694,4.6,46,122.0,2.02,0.89,us,9.34,5.791,0.077,51
49.2429,156.3237,36.446,4.9,66,134.0,3.966,0.94,us,9.88,7.13,0.043,172
-59.5656,-26.0415,35.0,4.9,41,104.0,15.303,0.84,us,13.38,1.944,0.095,41
-16.675,-71.5137,99.305,4.2,27,140.0,2.023,0.69,us,9.88,9.205,0.128,17
-22.8929,-66.869,236.405,4.2,16,90.0,1.209,0.74,us,13.24,12.074,0.175,9
-16.3051,-73.8752,24.142,4.5,48,105.0,3.95,0.63,us,8.74,5.554,0.088,41
50.9121,-178.9089,10.0,3.9,46,210.0,0.645,1.11,us,4.85,1.456,0.069,55
52.0941,160.4904,29.511,4.4,19,229.0,1.459,1.12,us,14.1,8.579,0.161,11
23.7674,120.9029,28.892,4.5,55,53.0,0.051,0.63,us,3.98,1.54,0.095,32
-56.0172,-26.6096,10.0,5.3,74,68.0,5.924,0.94,us,10.73,1.09,0.062,90
43.5958,147.717,35.0,5.1,64,135.0,3.708,0.94,us,11.38,1.925,0.057,100
51.2982,158.7853,40.804,4.3,28,118.0,1.73,1.0,us,9.86,7.749,0.119,20
80.0538,-0.1335,10.0,4.2,44,125.0,2.489,0.95,us,5.77,1.931,0.089,35
52.1915,160.2069,10.0,4.3,21,166.0,1.783,0.64,us,8.88,1.913,0.148,13
46.0539,152.9109,10.0,4.2,16,234.0,7.714,0.46,us,9.2,1.994,0.166,10
-25.2243,179.8714,514.112,4.4,40,90.0,7.632,0.91,us,9.79,8.838,0.105,27
36.9322,136.4174,10.0,4.5,48,57.0,1.486,1.06,us,5.84,1.853,0.083,44
51.0899,159.4185,10.0,4.5,15,138.0,1.994,0.74,us,9.19,1.825,0.18,9
51.4135,161.2335,10.0,4.1,32,130.0,2.264,0.57,us,9.5,1.928,0.105,25
-11.5794,116.6017,10.0,4.3,33,98.0,2.969,0.86,us,6.65,1.746,0.109,24
29.3037,129.4602,10.0,4.7,77,87.0,2.359,0.73,us,6.89,1.856,0.072,58
30.6605,142.7651,10.0,4.4,39,130.0,3.506,0.85,us,8.44,1.891,0.085,40
-49.7175,163.7419,10.0,4.5,24,129.0,4.047,0.49,us,10.39,1.925,0.131,17
-37.9216,51.7886,10.0,4.7,55,83.0,19.251,0.81,us,12.95,1.851,0.084,43
36.5488,76.8831,10.0,4.3,27,157.0,3.918,1.21,us,10.0,1.976,0.16,11
-5.6947,146.1066,81.099,4.3,28,87.0,3.831,0.64,us,9.12,2.208,0.137,15
49.0048,155.8154,35.0,4.4,40,135.0,4.277,1.23,us,11.24,1.937,0.112,23
32.0487,131.8488,51.411,4.8,73,119.0,1.305,1.19,us,6.83,7.434,0.076,54
-8.2579,118.0548,12.067,4.2,23,84.0,0.629,0.71,us,5.02,4.492,0.167,11
-33.0845,179.9225,129.447,4.3,21,129.0,4.235,0.68,us,8.41,7.039,0.168,14
22.304,94.5958,108.963,4.7,90,51.0,4.332,0.72,us,10.34,7.648,0.06,84
50.865,158.7768,34.156,4.6,29,130.0,2.163,0.8,us,11.49,6.228,0.114,23
-55.3495,-27.7061,10.0,4.5,19,102.0,5.19,0.87,us,13.65,1.889,0.15,13
-3.5108,68.4291,10.0,4.6,23,168.0,5.573,0.7,us,12.64,1.935,0.157,12
15.2367,147.3542,10.0,4.5,25,151.0,1.508,0.68,us,8.9,1.932,0.128,18
52.7692,160.8821,10.0,4.9,120,119.0,1.376,1.01,us,8.72,1.879,0.035,252
-6.3636,150.4086,10.0,4.3,17,118.0,2.602,0.41,us,9.12,1.632,0.154,12
32.9882,102.963,10.0,4.5,115,66.0,3.022,0.62,us,6.45,1.64,0.055,100
4.7746,125.0585,10.0,4.6,33,98.0,0.421,1.39,us,5.92,1.876,0.111,24
-35.5682,-179.2947,10.0,4.3,24,228.0,2.773,0.96,us,11.95,1.994,0.147,13
-13.0448,166.3041,14.444,4.5,21,156.0,7.191,0.97,us,12.68,5.232,0.15,13
60.5383,-139.9131,5.867,4.3,48,50.0,0.475,0.93,us,1.82,1.254,0.169,10
34.8011,26.4845,54.9,4.2,28,165.0,0.928,0.68,us,7.03,9.399,0.199,7
8.6216,123.0774,10.0,4.8,40,96.0,2.919,0.82,us,9.58,1.85,0.109,27
-30.6114,-71.8627,24.114,4.4,22,157.0,0.206,0.63,us,5.83,2.873,0.178,9
49.8825,155.9001,76.465,4.3,75,147.0,3.42,0.56,us,11.58,8.418,0.065,67
-2.3293,139.1544,40.0,4.4,27,71.0,1.117,1.12,us,6.6,7.298,0.13,17
50.1114,179.9086,10.0,3.9,76,149.0,1.655,0.6,us,6.64,1.924,0.07,59
-8.0366,117.0017,10.0,4.2,19,82.0,1.098,1.05,us,6.51,1.913,0.176,10
28.4214,104.816,35.0,4.4,41,89.0,4.483,0.45,us,10.78,1.943,0.096,31
9.4054,40.0981,10.0,4.6,46,174.0,1.489,0.72,us,10.28,1.952,0.081,45
10.9009,123.9271,10.0,5.0,62,51.0,4.142,0.82,us,10.52,1.874,0.072,62
-6.1146,149.0611,10.0,4.3,17,121.0,3.456,1.03,us,8.68,1.774,0.143,14
-5.5229,132.1019,10.0,4.3,25,104.0,2.591,0.51,us,8.65,1.886,0.138,18
-23.988,-177.3339,212.569,4.8,29,181.0,7.561,0.71,us,18.04,11.636,0.102,30
50.3222,158.9527,28.158,4.4,67,80.0,2.712,0.88,us,9.97,5.241,0.071,57
85.0316,95.9336,10.0,4.4,41,70.0,14.53,0.83,us,11.98,1.929,0.082,43
13.4243,-92.402,10.0,4.6,44,233.0,1.396,0.98,us,10.16,1.985,0.036,227
40.9883,142.7584,49.285,4.5,53,95.0,1.068,0.5,us,5.36,6.09,0.09,36
49.9488,155.7143,82.536,4.5,80,124.0,3.398,0.42,us,10.17,7.5,0.057,91
-16.3302,167.2356,19.584,4.9,36,143.0,0.879,0.62,us,9.87,5.202,0.096,34
52.5692,160.3292,10.0,4.2,72,121.0,1.117,0.75,us,9.42,1.889,0.066,65
13.9164,40.0215,10.0,4.3,28,104.0,3.636,0.9,us,10.98,1.939,0.122,19
54.4878,-159.8641,35.0,3.2,25,159.0,0.379,0.84,us,2.73,1.993,0.215,5
52.3759,-175.802,222.406,3.9,69,100.0,0.323,0.5,us,12.33,6.293,0.093,31
51.4043,-174.1167,35.0,3.7,39,204.0,0.8,1.04,us,4.91,1.975,0.13,17
50.8759,158.5559,35.0,4.2,21,223.0,2.152,1.11,us,10.44,1.994,0.141,14
2.8455,-31.3401,10.0,4.3,30,79.0,9.745,0.85,us,10.9,1.8,0.109,24
-9.1674,-75.1848,109.6,4.2,17,115.0,3.242,0.48,us,8.72,8.942,0.175,9
-5.8244,152.4463,10.0,4.6,25,155.0,1.565,0.72,us,4.92,1.917,0.136,16
51.2297,159.7776,10.0,4.1,17,168.0,1.926,0.72,us,12.63,1.978,0.175,9
49.0132,158.0894,10.0,4.5,46,138.0,4.031,0.39,us,10.0,1.9,0.092,35
17.4446,145.8761,219.036,4.2,13,151.0,2.193,0.9,us,15.4,10.801,0.186,8
-1.9653,117.4942,10.0,4.6,63,87.0,1.036,0.9,us,5.24,1.86,0.077,51
51.4111,159.6447,10.0,4.9,34,116.0,1.727,0.96,us,8.92,1.879,0.086,45
-11.0683,111.1614,10.0,4.3,21,117.0,3.918,0.74,us,10.76,1.905,0.133,16
39.3511,143.602,10.0,4.7,28,152.0,2.42,0.44,us,7.0,1.79,0.142,15
-19.5757,-68.9497,122.804,4.5,27,63.0,0.248,0.97,us,3.94,4.324,0.14,15
42.2593,144.5193,37.375,4.1,36,86.0,1.042,0.63,us,8.23,8.142,0.114,21
24.7784,127.8354,10.0,4.2,17,100.0,2.087,1.12,us,5.44,1.931,0.199,7
-60.4185,-31.5333,10.0,5.4,93,55.0,6.708,0.38,us,10.79,1.826,0.065,80
52.3837,160.7363,10.0,4.3,32,151.0,1.422,1.16,us,6.12,1.924,0.113,22
0.6359,120.6222,20.408,4.4,24,97.0,2.962,1.25,us,7.4,6.232,0.149,13
52.0022,159.2389,49.491,4.7,119,124.0,1.084,0.79,us,7.32,4.853,0.033,278
-0.8814,132.2985,39.418,4.0,23,57.0,1.039,1.0,us,6.01,7.93,0.13,18
52.3745,160.2524,35.0,4.3,32,143.0,1.172,1.07,us,9.83,1.961,0.113,22
-55.2178,-29.0227,10.0,4.9,36,68.0,4.425,0.87,us,9.09,1.658,0.094,35
44.3465,148.7041,61.848,4.4,82,110.0,4.398,0.59,us,10.55,2.995,0.061,77
50.2127,157.3502,45.368,4.6,22,132.0,2.908,1.11,us,11.53,7.894,0.129,25
39.2223,28.048,10.0,4.2,28,57.0,0.95,0.84,us,4.9,1.872,0.215,6
51.9383,159.4489,35.0,4.2,29,124.0,1.192,0.55,us,9.81,1.951,0.11,23
53.6353,160.3412,61.718,4.8,181,117.0,1.185,0.58,us,8.98,6.579,0.044,160
17.6947,-94.2824,182.557,4.7,82,94.0,0.363,0.92,us,6.58,5.794,0.04,190
-35.6119,-179.602,10.0,4.4,20,226.0,2.573,1.25,us,10.39,1.921,0.144,14
50.0007,159.4509,10.0,5.1,132,36.0,3.068,0.55,us,9.17,1.815,0.027,458
37.7919,144.1058,11.08,4.9,97,88.0,3.811,0.69,us,8.37,4.429,0.046,146
1.1965,96.9156,10.0,4.2,15,205.0,0.668,0.4,us,7.53,1.937,0.216,6
-22.2384,-68.568,142.402,4.3,24,74.0,0.764,0.78,us,6.8,7.482,0.217,6
51.9548,160.3943,33.606,4.4,25,217.0,2.011,0.96,us,14.12,10.227,0.112,23
-7.1648,-73.462,10.0,4.3,38,138.0,5.837,0.61,us,12.49,1.96,0.094,32
51.6032,158.7707,35.0,4.1,35,227.0,1.424,1.12,us,9.05,1.948,0.089,34
55.3756,166.5158,10.0,4.7,67,119.0,5.184,0.56,us,11.28,1.911,0.039,200
39.2158,28.1138,10.0,4.1,28,57.0,0.951,0.87,us,4.06,1.921,0.213,6
-16.7618,-174.0509,130.154,5.1,126,32.0,3.583,0.69,us,8.93,5.302,0.024,588
52.7752,161.1082,10.0,4.5,52,120.0,1.51,0.93,us,7.52,1.882,0.071,60
54.9804,164.8223,10.0,4.1,35,164.0,4.136,0.72,us,14.59,1.952,0.103,26
-24.4861,179.958,519.129,4.4,44,100.0,5.101,0.51,us,15.75,8.107,0.092,34
52.0488,160.2824,35.0,5.2,113,117.0,1.395,0.97,us,8.51,1.902,0.037,239
52.1648,160.5199,26.845,4.4,14,153.0,1.428,0.6,us,10.93,8.255,0.179,9
51.1389,159.7792,10.0,4.3,17,129.0,2.012,1.17,us,9.28,1.933,0.168,10
39.4657,143.38,10.0,4.9,57,126.0,2.213,0.83,us,7.4,1.882,0.05,128
-5.4514,106.309,158.531,4.0,22,106.0,0.791,0.91,us,11.39,7.525,0.15,15
-22.836,171.1579,10.0,4.7,34,126.0,3.434,0.85,us,8.83,1.889,0.106,27
-5.87,153.0253,10.0,4.4,24,122.0,6.792,0.81,us,9.22,1.901,0.13,17
53.112,161.0612,27.877,4.2,32,124.0,1.458,0.67,us,11.16,6.325,0.096,30
50.8553,159.0797,35.0,5.0,47,130.0,2.188,0.69,us,10.18,1.928,0.085,44
39.3832,143.588,10.0,4.5,41,131.0,2.392,0.61,us,5.77,1.904,0.097,31
52.7938,160.8617,10.0,4.3,47,119.0,1.359,0.86,us,9.59,1.897,0.093,33
28.3833,97.3521,10.0,4.5,21,137.0,9.265,0.45,us,7.98,1.913,0.145,14
-22.7312,-174.6101,10.0,4.8,53,121.0,5.691,0.78,us,10.61,1.87,0.083,45
-20.4738,-178.2955,554.869,4.3,21,167.0,4.392,0.39,us,15.65,8.329,0.137,15
-14.566,166.5986,10.0,4.5,13,255.0,6.347,0.44,us,13.82,2.027,0.171,11
-18.2942,-178.3418,577.516,4.4,24,93.0,2.835,0.71,us,16.98,12.092,0.12,20
49.9056,158.961,10.0,4.6,72,131.0,3.128,0.6,us,8.67,1.879,0.067,67
53.582,161.5442,35.0,4.4,31,137.0,1.825,0.66,us,12.22,1.945,0.123,21
-6.3016,128.0976,355.026,4.2,58,41.0,5.114,0.71,us,7.58,8.857,0.093,36
21.6431,95.7576,10.0,4.4,38,89.0,3.587,1.1,us,10.07,1.921,0.11,24
31.2824,111.3398,10.0,4.5,29,146.0,7.896,0.53,us,11.41,1.829,0.088,38
39.7227,41.858,10.0,4.2,50,63.0,1.088,0.41,us,1.5,1.933,0.121,19
-23.1003,-114.9789,10.0,4.5,23,171.0,40.191,0.56,us,18.19,1.939,0.115,22
-57.8131,157.7777,10.0,4.2,19,145.0,3.386,0.59,us,10.01,1.874,0.141,14
51.5134,159.8419,10.0,4.6,17,138.0,1.68,0.49,us,10.2,1.599,0.173,10
51.5051,161.1757,10.0,4.1,34,121.0,2.173,0.69,us,10.46,1.871,0.107,24
52.273,160.0847,35.0,4.2,22,162.0,1.153,0.74,us,9.18,1.956,0.159,11
-29.9747,-71.1453,86.389,4.2,21,93.0,0.098,0.45,us,2.45,7.163,0.216,6
-4.4333,104.0158,116.915,4.3,25,118.0,0.423,0.85,us,7.34,5.639,0.129,17
53.6338,159.9378,56.364,4.2,41,159.0,0.985,1.05,us,11.66,8.279,0.091,33
-17.0648,167.9348,23.559,4.4,22,159.0,1.755,0.58,us,10.27,6.584,0.134,16
51.6393,159.7321,10.0,4.2,16,163.0,1.537,0.91,us,9.53,1.977,0.175,9
11.2328,-61.3736,76.93,4.4,49,131.0,0.935,0.93,us,7.09,8.105,0.117,21
54.6066,161.7234,35.0,4.3,55,130.0,2.416,0.74,us,7.56,1.87,0.082,42
-17.4239,-179.0828,562.052,4.2,45,122.0,1.754,0.59,us,12.99,8.811,0.087,37
0.2561,98.4728,41.103,4.4,29,165.0,1.374,1.08,us,8.58,9.25,0.155,16
51.3274,160.9499,10.0,4.2,22,130.0,2.211,0.97,us,10.21,1.917,0.152,16
-60.1114,-18.6513,10.0,5.2,73,49.0,13.209,0.64,us,11.89,1.601,0.066,77
-21.8729,169.5863,10.0,4.2,11,140.0,2.115,0.8,us,8.88,1.957,0.199,8
-7.914,108.1714,80.713,4.6,43,82.0,0.684,0.67,us,6.72,5.156,0.094,34
-6.1773,131.1885,65.107,4.6,56,90.0,2.083,0.55,us,7.51,7.54,0.083,43
19.6602,146.8132,10.0,4.5,47,125.0,4.502,0.7,us,13.78,1.893,0.073,55
35.9999,140.0476,82.345,4.2,27,148.0,1.581,0.94,us,7.88,8.8,0.137,15
-26.6535,-175.638,10.0,4.5,20,121.0,9.195,0.44,us,7.67,1.895,0.14,15
51.6833,159.3075,35.0,5.3,143,114.0,1.402,0.79,us,7.75,1.894,0.03,375
-5.7849,154.2729,142.013,4.2,24,128.0,2.631,0.37,us,12.24,7.398,0.121,20
-15.3877,67.0483,10.0,4.5,35,171.0,9.531,0.61,us,12.4,1.946,0.106,26
39.5714,143.2128,10.0,4.4,24,152.0,2.047,0.57,us,6.19,1.92,0.143,14
-8.3706,117.8192,21.11,4.5,35,72.0,0.456,0.79,us,4.97,5.267,0.118,24
-11.7076,-90.5634,10.0,4.5,19,156.0,10.965,0.6,us,9.1,1.922,0.097,31
54.5417,114.3827,10.0,4.3,18,155.0,5.235,1.05,us,10.32,1.976,0.11,23
36.2997,69.5334,129.301,4.2,51,103.0,1.81,0.64,us,6.12,9.216,0.105,25
-9.4878,110.4116,10.0,4.0,18,93.0,2.423,0.96,us,4.84,1.946,0.197,7
-15.0924,167.2318,122.646,4.6,29,165.0,0.354,0.76,us,11.61,5.499,0.103,28
-3.2992,129.0835,23.328,4.1,29,61.0,1.465,0.67,us,4.27,5.454,0.12,22
9.149,93.9022,10.0,4.3,25,120.0,4.929,0.81,us,10.31,1.913,0.168,10
50.173,159.0513,10.0,5.2,122,129.0,2.865,0.97,us,6.54,1.796,0.049,141
52.6221,161.0414,10.0,4.8,34,121.0,1.506,0.83,us,10.25,1.913,0.103,29
-25.5691,-179.1711,356.99,4.1,17,198.0,8.202,0.81,us,14.16,9.405,0.109,23
-7.0846,127.8277,305.776,4.2,29,94.0,4.41,0.72,us,7.96,8.818,0.159,13
51.8288,160.4985,10.0,4.6,48,121.0,1.647,0.86,us,10.42,1.905,0.083,44
34.5711,34.1328,10.0,4.8,79,64.0,0.766,0.81,us,3.38,1.857,0.042,175
51.8057,158.3647,66.277,4.2,40,124.0,1.232,0.78,us,8.48,7.596,0.108,25
-9.2516,112.6426,66.245,4.0,17,155.0,1.682,0.97,us,9.91,10.427,0.164,11
51.5942,159.3763,35.0,4.4,25,101.0,1.499,0.58,us,11.52,1.933,0.134,17
49.4262,157.9132,10.0,4.6,73,136.0,3.632,0.72,us,9.8,1.897,0.048,131
52.6084,160.6588,29.872,4.8,132,129.0,1.288,1.18,us,9.02,5.623,0.047,150
-6.5558,130.4839,89.393,4.4,24,75.0,2.101,0.9,us,8.16,9.247,0.13,17
13.9698,-92.848,10.0,4.2,114,194.0,1.382,0.69,us,6.41,1.962,0.055,93
-22.9236,170.9414,10.0,4.2,15,120.0,3.24,0.46,us,7.61,1.793,0.167,11
-59.3645,-25.6066,35.0,4.7,22,174.0,7.841,0.93,us,14.73,1.981,0.126,20
-1.7476,69.1427,10.0,4.5,15,80.0,4.448,1.2,us,7.57,1.889,0.204,7
-60.1288,-62.4106,10.0,4.9,35,83.0,4.724,0.51,us,9.28,1.855,0.101,32
51.929,160.4993,10.0,4.4,18,135.0,1.575,1.04,us,12.0,1.937,0.189,9
-7.09,131.3784,10.0,4.3,14,116.0,2.942,0.67,us,9.58,1.948,0.187,8
-12.5965,-14.8284,10.0,4.5,20,105.0,4.657,0.65,us,7.86,1.914,0.135,16
42.9679,145.383,46.696,4.2,59,166.0,1.902,0.68,us,8.57,8.21,0.086,38
36.2224,-34.0872,10.0,4.8,67,87.0,7.023,0.76,us,9.6,1.824,0.075,55
52.0204,159.5786,71.934,4.4,25,138.0,1.154,0.88,us,10.1,7.042,0.12,20
49.2129,157.8451,10.0,4.3,22,137.0,3.849,0.48,us,12.31,1.919,0.153,12
-2.1137,127.8567,29.507,4.2,16,108.0,2.908,0.8,us,8.48,3.395,0.186,8
52.1916,160.8387,33.507,4.5,35,179.0,1.573,0.91,us,12.16,7.013,0.079,47
33.418,81.685,10.0,4.5,64,112.0,6.398,1.0,us,8.64,1.894,0.075,52
42.1183,81.305,10.0,4.6,87,98.0,1.805,0.6,us,6.47,1.89,0.064,72
-23.9394,-179.8439,532.881,4.2,25,125.0,6.469,0.73,us,21.06,24.442,0.115,21
52.653,160.6257,10.0,5.1,114,72.0,1.255,1.07,us,8.02,1.803,0.022,649
37.4354,144.662,10.0,4.3,34,153.0,4.364,0.96,us,11.29,1.952,0.109,24
-30.2266,-177.7746,75.21,4.8,28,198.0,8.008,0.74,us,16.56,4.432,0.119,22
27.0552,86.7342,10.0,4.1,16,197.0,4.684,0.31,us,11.49,1.916,0.15,14
42.295,144.5442,40.707,4.3,58,170.0,2.315,0.57,us,8.94,9.55,0.079,45
53.0958,161.2612,10.0,4.1,41,145.0,1.578,1.21,us,10.3,1.924,0.094,31
52.2837,160.7069,35.0,4.4,36,123.0,2.008,0.7,us,9.99,1.93,0.094,33
52.3278,161.2628,10.0,4.2,24,220.0,1.737,0.88,us,14.88,1.99,0.159,11
-19.5761,-69.4112,104.739,4.5,31,112.0,0.224,0.64,us,5.48,4.024,0.135,16
3.9623,97.3735,9.98,4.2,25,195.0,1.328,0.59,us,9.18,5.458,0.142,16
52.915,160.6201,35.0,4.3,15,170.0,1.196,0.81,us,9.34,1.987,0.201,7
-57.9569,-10.5137,10.0,4.6,23,98.0,14.13,1.12,us,13.78,1.941,0.123,23
13.8613,39.7802,10.0,4.5,28,175.0,3.784,0.75,us,14.91,1.97,0.096,32
51.3292,159.5839,10.0,4.9,79,205.0,1.792,0.58,us,10.43,1.953,0.062,82
59.2235,-30.6684,10.0,4.4,108,80.0,7.07,0.35,us,8.59,1.872,0.058,87
-22.5857,-179.736,567.806,4.2,15,108.0,5.244,0.66,us,19.56,12.129,0.166,10
50.1047,159.4145,10.0,4.6,106,116.0,2.961,0.54,us,9.59,1.876,0.049,121
52.8687,160.6724,37.555,4.1,38,119.0,1.234,0.54,us,10.32,7.544,0.091,33
12.8638,48.7384,10.0,4.4,10,181.0,4.553,0.31,us,16.49,1.979,0.202,7
27.982,139.8043,426.619,4.4,91,58.0,2.29,0.61,us,11.27,7.316,0.062,76
51.1834,159.3788,34.579,4.1,20,194.0,1.897,0.79,us,12.77,8.729,0.144,13
-11.0621,-77.9333,48.19,4.6,37,141.0,1.41,0.67,us,5.14,7.733,0.084,44
48.1271,154.4595,42.831,4.8,95,125.0,5.396,0.75,us,12.03,7.188,0.057,96
52.5725,172.3886,35.549,3.9,28,206.0,1.054,0.81,us,13.5,10.179,0.11,22
49.286,157.9737,10.0,4.3,31,164.0,3.767,0.85,us,10.63,1.938,0.119,20
-2.8652,147.8944,10.0,4.1,13,140.0,0.972,0.52,us,6.56,1.916,0.198,7
53.0303,-167.5445,81.712,3.7,16,209.0,0.44,1.17,us,8.04,14.265,0.134,14
-27.6087,-177.8981,10.0,4.6,32,224.0,1.63,1.19,us,13.78,1.919,0.1,33
51.5809,160.1036,10.0,4.4,18,152.0,1.698,0.71,us,10.16,1.951,0.138,15
-23.0918,172.3639,10.0,4.4,17,133.0,4.561,1.14,us,12.29,1.898,0.139,15
-24.3121,-67.2017,172.373,4.2,19,115.0,1.624,0.83,us,9.75,8.81,0.159,11
52.7596,160.965,10.0,5.5,119,92.0,1.427,0.69,us,9.02,1.783,0.039,225
11.1935,-87.1054,10.0,4.6,38,190.0,1.267,0.91,us,6.11,1.939,0.041,177
16.4242,-59.6297,10.0,4.4,36,242.0,1.383,0.57,us,7.89,1.976,0.109,24
18.866,145.0601,620.987,4.0,19,147.0,3.672,0.74,us,18.22,15.708,0.125,17
-2.2171,100.373,60.533,4.5,35,176.0,3.344,0.67,us,15.13,9.651,0.096,32
53.2612,159.6037,61.165,4.4,18,87.0,0.622,0.79,us,11.35,9.698,0.178,9
36.6497,141.0197,91.72,4.6,80,121.0,2.264,0.94,us,7.55,7.18,0.065,70
52.1047,160.6536,10.0,4.5,33,121.0,1.53,1.06,us,10.15,1.912,0.118,24
-18.0579,-177.9631,628.268,4.0,38,74.0,2.993,0.41,us,18.44,7.194,0.123,18
52.2207,160.1556,39.277,4.2,31,123.0,1.22,0.69,us,10.63,7.738,0.103,26
-17.4164,-173.1133,35.0,4.6,14,115.0,3.448,0.8,us,9.44,1.938,0.165,11
49.0766,157.7863,10.0,4.3,24,133.0,3.989,0.68,us,9.76,1.917,0.138,15
34.3899,89.4861,10.0,4.2,47,127.0,4.876,0.65,us,11.06,1.897,0.086,38
-3.9128,151.3523,10.0,5.1,63,54.0,0.855,0.76,us,4.55,1.787,0.064,81
-22.9075,-68.7146,98.798,4.2,20,65.0,0.496,0.78,us,4.69,6.047,0.176,9
27.9136,127.8973,10.0,4.3,23,88.0,1.124,0.65,us,7.02,1.9,0.147,13
-28.6186,-70.2984,102.684,4.3,25,78.0,0.527,0.54,us,4.55,6.304,0.161,11
-55.379,-24.7252,10.0,4.7,21,111.0,6.885,0.5,us,13.23,1.936,0.112,25
27.8589,56.9111,10.0,4.1,37,142.0,2.97,0.79,us,11.6,1.884,0.101,27
-2.6383,138.8898,65.572,4.8,102,63.0,0.914,0.65,us,6.73,6.464,0.051,121
-24.194,-67.5143,206.826,4.1,15,179.0,1.379,0.63,us,5.7,10.44,0.235,5
-24.2027,-179.7977,508.257,4.5,51,117.0,6.732,0.72,us,13.07,7.89,0.087,39
-9.5862,124.0061,60.691,4.0,9,129.0,0.307,0.43,us,10.03,6.607,0.211,6
-26.9539,-71.4965,26.241,4.0,13,155.0,0.594,0.44,us,8.24,7.285,0.258,4
15.0734,-91.2919,192.348,4.5,64,83.0,0.571,1.08,us,5.85,5.225,0.044,152
34.3744,16.3847,10.0,4.5,39,113.0,3.5,0.8,us,8.7,1.909,0.11,24
52.8894,160.2288,39.357,4.0,35,137.0,0.965,0.46,us,12.18,8.409,0.129,16
3.0734,-31.2893,10.0,4.8,62,66.0,9.969,0.56,us,9.39,1.829,0.075,55
52.3606,160.4646,35.0,4.4,24,225.0,1.289,0.75,us,13.89,1.98,0.134,16
10.8431,123.8854,10.0,4.3,24,161.0,4.106,0.48,us,15.06,1.928,0.129,17
51.7146,158.6554,35.52,4.4,63,125.0,1.311,0.76,us,8.4,7.625,0.071,57
53.1416,160.1562,53.071,5.0,197,52.0,0.916,0.82,us,8.17,5.43,0.031,332
-2.3416,100.7966,56.414,4.6,33,132.0,2.944,1.06,us,9.77,8.066,0.128,18
51.2477,159.3672,28.624,4.6,25,183.0,1.833,0.72,us,11.08,4.065,0.129,18
-20.1254,-172.8213,10.0,4.2,14,147.0,2.921,0.77,us,5.64,1.941,0.199,7
18.9416,120.8161,31.531,4.4,32,115.0,3.864,0.6,us,13.11,6.941,0.098,30
-4.3385,102.3186,58.597,4.9,47,142.0,0.636,0.75,us,8.05,6.481,0.077,56
-23.3029,-176.97,151.949,4.5,26,165.0,7.233,0.7,us,13.86,8.08,0.124,20
-30.7555,-178.8389,101.387,4.5,16,74.0,1.7,0.67,us,14.43,8.915,0.144,14
41.219,142.4005,50.834,4.5,72,133.0,0.977,0.55,us,3.55,7.351,0.063,73
50.9224,160.5181,10.0,4.5,35,167.0,2.4,1.11,us,7.64,1.952,0.099,30
10.9219,124.1097,10.0,4.3,25,85.0,16.611,0.88,us,15.03,1.948,0.129,17
-22.636,173.3987,10.0,4.5,23,125.0,5.499,1.47,us,9.56,1.922,0.145,14
50.7887,159.5658,10.0,4.2,18,132.0,2.309,0.68,us,8.15,1.948,0.146,14
51.1774,158.5719,46.083,5.1,87,122.0,1.849,0.62,us,10.92,7.437,0.065,78
2.7733,128.3501,237.054,4.0,22,128.0,2.218,0.54,us,11.61,8.951,0.133,18
53.1972,-167.02,46.312,3.9,46,165.0,0.576,0.8,us,4.49,8.298,0.091,32
32.1976,56.449,10.0,4.3,41,82.0,5.88,0.97,us,6.76,1.903,0.111,23
41.0148,142.6678,51.628,4.5,64,134.0,1.065,0.67,us,6.32,7.375,0.071,58
-17.3134,-69.466,177.241,4.2,17,215.0,0.275,1.22,us,10.34,4.643,0.186,8
28.126,129.6949,35.0,4.4,31,114.0,1.802,0.7,us,6.37,1.927,0.12,20
-10.3275,120.4323,54.204,4.6,27,58.0,0.668,0.83,us,6.4,6.378,0.114,23
52.5349,161.0073,10.0,4.4,25,150.0,2.088,0.7,us,9.84,1.928,0.143,14
-25.4394,-177.1288,137.709,4.6,65,75.0,8.871,1.09,us,12.9,6.873,0.063,75
6.1014,94.9925,10.0,4.6,63,65.0,2.13,0.6,us,5.69,1.712,0.077,50
-24.4871,-176.8224,123.427,4.6,52,74.0,4.841,0.63,us,10.98,6.892,0.084,43
50.5344,157.9461,35.0,4.2,17,164.0,2.531,0.99,us,9.98,1.972,0.186,8
-56.135,-68.3922,10.0,4.0,10,145.0,2.584,0.82,us,7.76,1.93,0.259,4
39.5683,143.4346,10.0,4.2,26,142.0,2.187,1.03,us,3.85,1.918,0.141,14
-20.0073,-177.8381,576.483,4.1,37,194.0,4.4,0.75,us,15.98,12.148,0.085,38
-0.3219,132.261,10.0,4.3,25,59.0,1.137,0.96,us,6.32,1.892,0.117,21
51.6204,158.5731,35.0,4.4,72,120.0,1.406,1.1,us,7.76,1.924,0.05,120
34.9601,104.6772,10.0,4.6,54,92.0,1.277,0.52,us,9.78,1.894,0.083,43
52.298,160.5322,10.0,4.9,104,121.0,1.357,0.63,us,7.73,1.854,0.043,170
31.1981,49.525,10.0,4.0,21,239.0,5.045,0.59,us,11.43,2.01,0.149,12
52.2595,160.4218,34.082,4.9,117,130.0,1.323,0.7,us,8.79,4.307,0.042,179
50.3301,159.134,10.0,4.4,21,133.0,2.714,0.71,us,11.28,1.924,0.155,12
52.3058,159.9664,37.434,4.8,60,134.0,1.077,0.61,us,10.49,7.243,0.069,65
-3.8491,-12.0297,10.0,4.7,17,127.0,33.599,0.44,us,16.66,1.905,0.158,14
27.945,140.802,10.0,4.7,51,75.0,1.491,1.03,us,7.4,1.854,0.085,42
-2.421,139.0541,41.582,4.4,28,75.0,1.023,1.17,us,6.26,5.012,0.109,24
-19.0961,169.2714,248.046,4.2,31,110.0,3.893,0.48,us,12.37,9.976,0.105,25
52.3363,159.7504,37.28,4.4,33,120.0,0.96,0.77,us,9.23,4.459,0.095,32
53.0062,161.3204,10.0,4.2,26,118.0,1.613,1.24,us,10.75,1.915,0.107,24
7.3879,126.8149,71.064,4.9,92,91.0,1.266,0.7,us,8.8,2.565,0.069,66
-9.0007,124.2525,96.211,4.4,37,85.0,0.75,0.94,us,7.51,6.295,0.105,26
-6.6831,129.8243,158.697,4.5,54,46.0,4.452,0.76,us,6.14,7.956,0.078,48
-24.7768,-177.3032,152.542,4.4,16,175.0,4.501,0.79,us,12.88,9.646,0.204,10
51.734,159.5148,35.0,5.0,103,119.0,1.396,0.79,us,9.44,1.919,0.058,94
-14.95,-173.3253,35.0,4.4,13,149.0,1.818,0.6,us,14.75,1.969,0.22,8
53.8437,160.997,37.762,4.7,157,100.0,1.627,0.71,us,8.74,6.559,0.045,150
51.8954,178.4163,118.112,4.1,160,87.0,0.079,0.66,us,9.22,4.928,0.04,169
52.745,160.9204,10.0,4.9,71,115.0,1.404,0.72,us,8.03,1.864,0.044,160
-5.8878,105.1606,112.62,4.2,25,129.0,1.527,0.68,us,11.37,5.901,0.118,21
-18.5146,169.0319,229.411,4.3,30,107.0,3.517,0.65,us,10.03,9.38,0.109,24
-37.7097,176.1683,286.641,4.4,73,48.0,0.529,1.03,us,7.0,5.576,0.079,57
-33.6161,-72.6841,10.0,4.3,26,197.0,0.893,0.93,us,4.57,1.772,0.217,6
9.167,94.0027,10.0,4.6,19,177.0,5.562,0.84,us,11.92,1.956,0.165,11
50.0506,159.5146,10.0,4.7,44,135.0,9.505,1.03,us,13.2,1.918,0.094,34
18.1329,145.2906,450.422,4.0,51,117.0,2.915,0.61,us,13.53,9.959,0.081,41
54.4532,161.4173,45.267,4.0,30,132.0,2.18,0.61,us,9.04,10.006,0.119,20
-17.382,-175.6512,381.564,4.2,22,144.0,4.849,0.84,us,15.81,9.264,0.121,19
8.1346,126.1909,10.0,4.7,62,59.0,1.22,0.97,us,7.68,1.854,0.078,50
1.801,127.6136,132.222,4.1,27,106.0,1.052,0.59,us,10.71,9.016,0.117,20
-33.7911,-178.5098,10.0,4.6,21,241.0,4.568,1.03,us,12.86,1.997,0.146,14
-56.7459,-26.9389,138.477,4.9,69,68.0,5.959,0.74,us,11.08,6.153,0.062,82
6.9045,-73.0855,155.58,4.1,94,90.0,2.387,0.78,us,7.14,7.969,0.06,81
-16.3977,167.3376,10.0,5.0,31,111.0,0.954,0.75,us,9.18,1.874,0.115,24
53.0392,159.4689,73.723,4.5,26,118.0,0.495,0.87,us,11.9,7.984,0.11,24
16.9,147.6306,10.0,4.2,22,106.0,2.42,0.46,us,8.69,1.92,0.153,12
41.7698,88.1512,10.0,4.7,69,105.0,6.155,0.52,us,9.9,1.886,0.063,78
-10.8013,161.8095,35.0,4.5,24,138.0,2.279,0.65,us,11.99,1.937,0.115,23
52.1256,160.2687,36.347,4.6,82,109.0,1.336,0.87,us,9.94,6.252,0.07,62
51.4836,159.7335,25.182,4.6,56,157.0,1.68,0.92,us,8.55,5.381,0.077,51
-30.2358,-178.0292,90.423,4.8,29,135.0,7.916,0.76,us,8.14,8.477,0.109,26
52.2343,159.6189,35.374,4.9,25,135.0,0.987,1.08,us,12.6,8.244,0.132,18
-57.223,-67.0247,10.0,4.6,33,127.0,2.321,0.54,us,7.43,1.92,0.109,25
51.7662,160.4217,10.0,5.3,97,126.0,1.663,0.99,us,8.13,1.808,0.022,661
0.9916,120.5479,596.654,4.6,78,76.0,2.822,0.71,us,10.96,8.136,0.055,100
49.1306,157.8965,10.0,5.1,99,77.0,3.985,0.71,us,8.69,1.853,0.029,375
52.2472,160.2458,35.0,5.3,215,91.0,1.774,0.71,us,8.87,1.839,0.042,186
55.175,-163.2969,189.104,3.8,46,133.0,0.827,0.74,us,5.42,7.825,0.161,10
7.3731,127.2483,10.0,4.2,27,83.0,1.683,1.17,us,7.65,1.897,0.132,17
-5.5859,152.3863,10.0,4.3,25,114.0,1.32,0.9,us,6.99,1.617,0.119,20
39.3391,114.4477,10.0,4.6,49,96.0,1.494,0.57,us,9.1,1.89,0.073,56
51.4766,159.5266,41.306,4.2,18,128.0,1.64,1.0,us,11.56,8.502,0.159,11
49.8442,157.0068,50.493,4.4,54,135.0,3.297,0.38,us,13.24,7.826,0.083,42
51.8121,158.8733,63.989,4.6,43,130.0,1.221,0.81,us,9.73,7.587,0.08,46
19.9139,146.6582,10.0,4.3,15,159.0,23.928,0.59,us,15.72,1.773,0.178,9
50.384,159.2589,10.0,4.4,24,137.0,2.67,0.68,us,11.34,1.912,0.126,18
5.0984,123.5765,569.866,4.3,60,39.0,1.93,0.65,us,11.76,8.87,0.083,41
-2.8637,147.6772,10.0,4.3,17,77.0,0.872,0.42,us,8.44,1.922,0.177,9
-54.1547,-1.9643,9.972,4.6,9,109.0,17.587,0.43,us,16.23,4.146,0.183,9
-22.7543,-175.0961,10.0,4.6,28,133.0,6.96,0.78,us,14.06,1.893,0.081,45
52.6228,-31.4662,10.0,4.2,25,145.0,11.437,0.95,us,7.76,1.948,0.115,21
29.2721,129.5069,10.0,4.5,43,111.0,2.375,0.99,us,7.16,1.914,0.104,27
51.6219,159.9736,35.0,4.3,26,127.0,1.622,0.71,us,10.4,1.945,0.098,29
30.3115,140.8922,10.0,4.8,105,30.0,2.942,0.9,us,7.72,1.781,0.041,183
30.5605,141.6086,10.0,4.6,46,119.0,2.97,0.73,us,9.75,1.886,0.098,32
43.4286,148.1529,10.0,4.6,51,135.0,3.942,0.7,us,9.52,1.896,0.09,37
11.0233,123.9682,10.0,5.1,66,43.0,4.238,0.89,us,10.22,1.872,0.073,62
25.0212,122.7764,153.841,4.2,45,46.0,0.591,0.89,us,5.25,6.002,0.1,28
9.9307,-70.7656,20.305,4.5,95,79.0,1.047,0.69,us,5.73,4.981,0.048,130
40.8889,142.4766,35.0,5.5,113,67.0,1.076,0.68,us,7.01,1.822,0.046,165
50.9121,160.1227,10.0,4.4,38,223.0,2.302,0.67,us,11.44,1.981,0.095,32
13.0326,-89.0543,72.181,4.4,47,139.0,0.686,1.19,us,6.55,7.439,0.043,158
-4.6573,153.5717,108.393,4.6,58,102.0,1.478,0.76,us,6.99,4.56,0.062,78
50.835,156.857,89.341,4.2,20,166.0,2.335,0.82,us,8.52,7.529,0.152,12
51.7951,160.6424,10.0,4.6,64,166.0,2.23,1.08,us,9.17,1.928,0.058,88
5.7018,61.5557,10.0,4.4,27,107.0,23.515,0.75,us,14.86,1.93,0.13,19
57.3297,-32.9584,10.0,4.5,25,112.0,9.321,0.58,us,12.6,1.922,0.121,20
13.2104,-90.9184,35.0,4.6,35,156.0,1.303,1.27,us,6.83,1.957,0.038,204
0.5194,125.3184,55.33,4.4,28,60.0,1.035,1.04,us,5.79,8.335,0.143,14
-6.5058,128.9902,214.82,4.4,33,103.0,4.821,0.71,us,10.21,8.365,0.11,24
18.0282,119.8266,10.0,4.9,120,105.0,4.908,0.77,us,9.98,1.87,0.056,102
6.2524,124.2698,500.392,4.3,41,112.0,1.931,0.85,us,15.2,9.973,0.088,37
52.7787,160.924,10.0,4.6,74,119.0,1.399,0.95,us,6.06,1.744,0.063,75
-7.097,129.4564,121.292,4.3,16,94.0,4.996,0.89,us,9.93,7.643,0.201,7
51.9771,159.3433,64.69,4.7,150,131.0,1.13,0.59,us,9.09,6.638,0.038,212
39.8246,143.1895,29.917,4.4,54,153.0,1.889,0.79,us,6.98,6.196,0.087,40
-47.4197,-13.2132,10.0,5.2,56,74.0,10.366,0.6,us,10.28,1.877,0.069,68
-11.5634,166.2988,115.859,4.3,32,145.0,3.959,0.61,us,9.39,8.35,0.113,22
-21.4887,-68.5894,148.938,4.0,21,106.0,0.68,0.49,us,7.37,6.264,0.184,8
51.3318,158.3493,81.115,4.0,28,166.0,1.704,0.82,us,11.56,9.024,0.118,20
-5.9835,151.5836,10.0,4.4,28,125.0,1.872,0.92,us,11.75,1.891,0.106,26
-11.2453,118.3198,10.0,4.9,32,105.0,2.461,1.03,us,6.28,1.89,0.101,31
49.8646,156.0997,52.814,5.1,148,120.0,3.398,0.8,us,6.33,5.399,0.023,625
2.6371,128.554,223.32,4.2,24,91.0,2.2,0.62,us,10.05,9.452,0.121,19
-37.265,177.0706,161.899,4.4,20,123.0,1.028,1.0,us,8.79,7.97,0.178,9
13.5682,-92.4025,10.0,4.7,59,164.0,1.283,0.83,us,7.69,1.925,0.031,305
-18.278,-173.8274,169.964,4.5,22,97.0,3.781,0.46,us,10.33,7.704,0.139,15
-6.9438,127.6592,278.859,4.2,33,66.0,4.366,0.56,us,8.64,10.597,0.132,17
-60.2506,-61.856,10.0,5.1,64,92.0,4.653,0.97,us,8.59,1.787,0.064,79
48.8358,154.8213,63.197,4.1,20,137.0,4.648,0.64,us,11.78,6.832,0.14,14
52.6271,160.8772,10.0,4.1,26,137.0,1.409,0.75,us,11.35,1.919,0.14,15
52.2517,160.6461,31.476,4.3,18,166.0,1.441,1.26,us,14.48,8.417,0.147,13
-17.9551,-177.8607,629.043,4.7,58,80.0,3.027,0.65,us,12.83,9.057,0.054,102
52.2469,160.4026,33.178,4.1,24,152.0,1.321,0.81,us,6.97,6.658,0.139,14
52.3426,160.747,10.0,4.1,27,137.0,1.447,0.74,us,12.12,1.932,0.131,16
39.215,28.0165,12.851,4.1,27,45.0,0.876,0.66,us,2.8,5.525,0.214,6
77.9919,13.7415,10.0,4.6,50,153.0,0.577,0.42,us,7.3,1.903,0.089,38
49.2409,151.5056,303.797,4.0,150,98.0,5.491,0.8,us,10.38,5.75,0.043,144
52.8088,160.9096,10.0,4.2,14,148.0,1.385,0.96,us,11.05,1.946,0.215,7
54.2088,-159.9883,10.0,3.8,46,162.0,0.665,0.98,us,4.07,1.895,0.114,20
-7.3025,128.9231,150.747,4.1,21,65.0,5.21,0.46,us,8.73,10.997,0.175,9
29.2666,129.3392,10.0,4.9,65,85.0,2.433,0.56,us,7.03,1.756,0.048,138
-21.7033,-68.5334,139.269,4.2,18,51.0,0.665,0.45,us,7.93,11.34,0.374,2
50.3316,158.6584,10.0,4.7,87,138.0,2.696,0.74,us,10.14,1.898,0.069,65
-9.0626,124.0975,94.912,4.0,14,87.0,0.708,0.88,us,8.23,7.782,0.183,8
52.6923,160.9851,10.0,4.2,24,198.0,1.454,0.82,us,10.88,1.994,0.117,20
51.9723,160.5938,10.0,4.5,14,148.0,1.588,0.71,us,13.18,1.958,0.156,12
34.461,62.0597,10.0,4.1,24,117.0,7.081,0.88,us,10.02,1.961,0.126,17
-23.9222,-176.2425,66.826,4.9,39,121.0,7.603,0.57,us,14.74,7.799,0.095,35
52.9365,161.177,10.0,4.6,72,118.0,1.53,0.79,us,4.61,1.874,0.044,156
51.914,160.6626,10.0,4.1,26,135.0,1.658,1.08,us,9.51,1.691,0.131,16
51.6356,160.2222,10.0,4.5,16,137.0,1.692,0.41,us,13.84,1.944,0.15,13
51.2058,159.5623,10.0,4.5,24,129.0,1.905,0.89,us,10.03,1.917,0.131,17
51.3663,159.7691,35.0,4.2,17,138.0,1.797,0.37,us,13.38,1.955,0.146,14
28.117,140.6942,184.387,4.3,35,138.0,1.668,0.62,us,12.38,9.856,0.111,23
-21.4489,-66.4781,225.189,4.0,50,67.0,2.173,0.99,us,8.4,8.046,0.126,17
53.1058,160.5281,43.154,4.3,24,150.0,1.136,1.0,us,10.82,8.531,0.111,23
52.4685,160.8317,10.0,4.3,29,219.0,1.438,0.67,us,15.05,2.002,0.119,20
52.425,160.8157,10.0,4.3,14,151.0,1.447,0.83,us,7.59,1.965,0.188,8
51.6326,159.3946,10.0,4.6,28,127.0,1.466,0.53,us,8.86,1.887,0.141,22
20.1284,122.17,153.872,4.9,156,99.0,2.862,0.81,us,8.48,5.18,0.048,139
10.9951,124.0141,10.0,5.0,105,39.0,4.195,0.52,us,9.55,0.3,0.055,110
-55.4329,-27.5119,10.0,4.4,14,125.0,5.312,0.45,us,14.33,1.846,0.189,8
-27.9589,-71.4412,33.268,4.1,27,145.0,0.406,0.97,us,3.84,4.65,0.214,6
52.2855,160.4546,10.0,4.9,105,120.0,1.325,0.78,us,7.69,1.877,0.051,122
13.8543,144.7191,155.49,4.5,39,98.0,1.72,0.52,us,9.23,6.852,0.101,29
52.169,160.3911,10.0,4.3,23,123.0,1.364,1.06,us,6.71,1.912,0.114,22
39.1454,28.1083,17.179,4.0,28,57.0,0.939,0.99,us,4.23,2.814,0.26,4
20.9575,93.7795,59.107,4.6,55,155.0,4.257,0.58,us,5.38,7.183,0.081,45
33.707,139.4568,10.0,4.4,30,109.0,0.661,0.55,us,6.3,1.903,0.155,12
-23.0609,-68.8495,103.357,4.1,22,66.0,0.627,0.72,us,4.91,4.662,0.165,10
51.485,159.7227,35.0,4.5,35,134.0,1.676,0.78,us,11.25,1.902,0.093,34
-19.0071,-69.9601,80.994,4.6,34,140.0,0.729,0.43,us,3.11,6.093,0.117,22
-18.3391,167.6771,10.0,4.9,41,129.0,2.911,0.69,us,8.98,1.894,0.102,30
51.2307,159.2636,10.0,4.8,84,137.0,1.835,0.73,us,9.54,1.901,0.061,82
51.3415,159.0757,10.0,4.3,28,219.0,1.705,0.55,us,5.75,1.97,0.122,19
51.6371,159.4358,35.0,4.2,13,155.0,1.47,1.14,us,9.9,1.984,0.199,7
53.1257,160.914,45.809,4.1,27,147.0,1.37,1.22,us,10.62,7.332,0.139,16
52.3209,160.1882,32.502,4.6,75,91.0,1.707,0.79,us,6.64,3.6,0.066,69
-20.8078,-178.6829,587.015,4.3,79,133.0,4.335,0.59,us,13.25,7.733,0.066,71
53.0063,159.6868,60.755,4.8,100,109.0,0.627,1.07,us,8.01,6.305,0.026,455
51.1875,159.7868,10.0,4.4,27,125.0,1.968,1.38,us,8.84,1.94,0.13,19
-7.1826,128.1258,223.536,4.0,29,60.0,4.593,0.52,us,9.74,8.012,0.15,12
51.1493,159.2897,10.0,5.3,211,129.0,1.918,0.72,us,8.87,1.865,0.029,395
52.0848,160.4567,10.0,4.9,76,122.0,1.449,1.08,us,8.38,1.878,0.037,230
-33.4325,-71.9363,31.625,4.4,45,146.0,0.35,0.47,us,4.13,5.636,0.098,30
-21.7679,-176.6199,199.014,4.2,19,167.0,6.417,0.81,us,14.62,7.568,0.136,15
-7.1734,120.8051,493.13,4.6,166,36.0,2.031,0.53,us,10.08,5.569,0.051,116
54.4877,-160.3001,36.392,3.7,34,158.0,0.537,0.74,us,5.4,7.634,0.191,7
2.1086,128.5542,41.783,4.7,62,74.0,1.781,0.66,us,6.52,6.48,0.064,74
-10.331,161.5065,84.826,4.4,22,159.0,1.774,0.7,us,12.01,6.483,0.108,25
-17.6307,-69.4268,151.89,4.2,25,79.0,0.065,0.91,us,8.41,4.416,0.132,16
50.2464,156.9062,60.442,4.0,28,131.0,2.908,0.58,us,12.26,8.704,0.122,18
45.2558,149.7259,75.248,4.6,21,146.0,5.134,1.44,us,13.71,7.988,0.158,12
1.2621,96.7469,10.0,4.8,42,189.0,2.599,1.21,us,10.58,1.938,0.093,36
-17.9336,-178.4451,502.955,4.2,48,130.0,2.541,0.77,us,11.95,7.037,0.051,107
23.3928,94.3928,93.83,4.6,70,71.0,2.23,0.49,us,9.39,7.061,0.072,58
-14.8571,66.7655,10.0,4.5,30,123.0,45.835,0.33,us,10.3,1.773,0.121,20
-28.0218,-177.4728,66.397,4.4,20,250.0,1.283,0.79,us,12.8,10.135,0.135,16
5.5922,-32.9158,10.0,4.8,43,69.0,11.728,0.75,us,7.99,1.873,0.061,82
-56.2953,-26.8369,76.161,5.2,32,68.0,5.871,0.65,us,11.57,6.885,0.086,44
-18.1013,-178.6083,598.491,4.4,30,165.0,2.517,0.47,us,14.83,10.559,0.103,27
16.5283,41.2595,10.0,4.7,66,64.0,3.593,0.83,us,9.17,1.902,0.069,63
-53.2194,140.1271,10.0,4.6,21,139.0,11.375,0.66,us,10.15,1.932,0.125,20
51.137,159.8127,10.0,4.7,34,129.0,2.021,1.09,us,8.03,1.653,0.104,28
-18.9533,-69.4163,112.094,4.6,55,102.0,0.621,1.13,us,4.89,2.783,0.078,50
-6.8041,125.2238,543.723,4.2,40,74.0,3.081,0.54,us,13.61,5.662,0.104,28
49.7576,157.3809,17.955,4.4,66,134.0,3.361,0.55,us,9.69,4.782,0.077,49
-22.7284,170.9369,10.0,4.4,29,132.0,3.226,0.73,us,10.02,1.878,0.138,15
52.8741,160.8404,29.932,4.0,19,119.0,1.334,0.85,us,7.93,6.486,0.134,15
9.2161,93.7176,10.0,4.6,63,137.0,5.847,1.04,us,11.56,1.908,0.078,49
42.8324,146.8576,10.0,4.2,13,192.0,2.859,1.17,us,8.77,1.985,0.216,6
-1.353,-77.9383,171.311,4.3,54,54.0,0.164,0.88,us,7.99,4.781,0.058,83
-17.5865,-174.5092,76.461,4.9,68,58.0,4.501,0.85,us,10.28,5.91,0.034,276
-20.1773,-177.8674,561.946,4.2,29,136.0,4.519,0.57,us,15.82,12.09,0.106,27
-57.6622,157.525,10.0,4.6,52,50.0,3.269,0.72,us,10.88,1.748,0.114,23
-7.1081,129.8647,150.626,4.6,45,93.0,2.569,0.72,us,9.31,8.425,0.093,34
-24.1014,-67.1654,196.088,4.5,35,64.0,1.475,0.75,us,6.48,8.15,0.145,14
29.3171,129.4347,10.0,4.4,38,86.0,2.355,0.78,us,6.93,1.884,0.11,24
-15.8562,-70.2729,227.492,4.2,22,140.0,1.884,0.89,us,7.91,9.731,0.2,7
-9.1708,123.6698,35.0,4.1,15,118.0,0.827,0.7,us,5.23,1.962,0.233,5
34.3515,22.1086,35.0,4.3,18,247.0,2.825,0.82,us,11.39,2.017,0.178,9
-7.5559,142.918,10.0,4.6,17,157.0,3.327,1.22,us,9.46,1.963,0.165,11
8.3505,-82.7848,13.425,4.5,39,134.0,1.834,0.59,us,9.97,5.728,0.095,32
14.507,53.6755,10.0,4.4,37,124.0,21.736,0.59,us,14.08,1.907,0.099,29
51.4654,159.6286,28.466,5.1,158,116.0,1.672,0.65,us,7.59,4.79,0.037,240
2.5161,126.9979,57.908,4.2,17,136.0,1.771,0.39,us,6.97,8.866,0.16,11
51.0697,158.0192,35.0,4.4,88,134.0,1.995,0.58,us,11.04,1.931,0.053,103
3.0339,128.068,73.673,4.0,24,84.0,2.354,0.69,us,8.54,10.608,0.164,10
15.3791,-104.1673,10.0,4.2,67,204.0,5.087,0.74,us,11.19,1.91,0.071,55
-54.5739,157.0698,10.0,4.5,22,88.0,1.093,1.14,us,5.95,1.767,0.119,21
-24.9262,-176.1399,35.0,4.6,16,216.0,8.962,0.67,us,13.97,1.98,0.151,13
-35.6874,-18.7212,10.0,5.0,47,61.0,22.811,1.21,us,5.19,1.87,0.085,44
54.2648,-159.9258,30.528,3.8,69,157.0,0.6,0.61,us,6.06,6.912,0.14,14
52.3976,160.7673,10.0,5.0,93,119.0,1.433,1.06,us,8.28,1.872,0.028,413
4.0799,97.4974,10.0,4.3,13,155.0,1.266,0.85,us,9.75,1.916,0.2,7
52.2876,160.2673,38.913,4.4,43,166.0,1.766,0.99,us,11.89,8.49,0.091,37
-24.3338,-67.2404,157.946,4.1,28,91.0,1.623,0.96,us,9.78,8.792,0.123,18
53.0668,161.2952,10.0,4.2,22,116.0,1.598,0.99,us,11.23,1.916,0.121,19
4.5081,125.5362,146.401,4.2,29,83.0,0.23,0.91,us,10.92,4.359,0.11,23
-21.6705,-174.3301,10.0,4.5,22,162.0,8.225,1.1,us,12.38,1.695,0.124,19
51.2776,160.4296,10.0,4.3,48,134.0,2.064,0.78,us,9.99,1.909,0.094,32
42.3146,144.4608,35.0,4.4,20,152.0,1.014,0.65,us,5.71,1.952,0.149,13
50.9799,159.4363,10.0,4.3,15,256.0,2.386,0.49,us,14.04,2.001,0.169,10
35.5092,22.589,56.728,4.4,46,134.0,1.75,0.6,us,6.77,6.422,0.084,41
51.9161,159.6644,35.0,4.1,17,154.0,1.271,1.02,us,8.06,1.984,0.151,12
-52.9299,22.0895,10.0,4.6,25,89.0,20.559,0.61,us,10.71,1.839,0.114,23
-19.2459,-69.0341,115.609,4.2,26,91.0,0.447,0.65,us,5.76,3.608,0.141,14
52.2422,160.3207,35.0,4.3,30,123.0,1.284,1.29,us,8.98,1.93,0.116,21
34.6792,70.6092,10.0,4.5,71,104.0,1.227,1.02,us,8.11,1.908,0.068,64
-23.6029,-68.0798,137.382,4.0,22,87.0,0.654,0.58,us,5.43,7.364,0.258,4
52.9209,160.4597,35.0,4.4,27,158.0,1.099,1.23,us,9.61,1.915,0.112,24
15.9993,119.9288,55.586,4.5,43,113.0,6.869,1.01,us,11.38,7.169,0.089,37
14.1216,147.171,10.0,4.4,30,96.0,1.733,1.08,us,7.86,1.921,0.126,21
51.4017,159.6648,19.591,5.0,67,121.0,1.74,0.83,us,9.66,5.108,0.076,56
11.9988,-89.3955,10.0,4.2,20,209.0,1.761,0.88,us,6.94,1.991,0.146,13
-57.8241,157.5828,10.0,5.0,51,44.0,3.419,0.72,us,7.62,1.776,0.105,29
52.5188,160.9003,10.0,5.0,39,125.0,1.458,1.11,us,8.43,1.892,0.109,27
51.4203,159.505,24.468,4.5,27,127.0,1.69,1.1,us,9.82,5.626,0.115,22
16.2496,41.1584,10.0,4.3,29,101.0,3.537,0.64,us,10.33,1.932,0.111,23
-60.227,-61.8465,10.0,4.7,24,136.0,4.677,0.46,us,10.88,1.933,0.118,22
-5.0229,151.5509,142.497,4.6,48,78.0,1.027,0.65,us,6.51,6.72,0.079,47
49.8939,157.6733,22.694,4.3,50,134.0,3.193,0.69,us,10.73,5.939,0.072,55
27.6063,143.1595,10.0,4.8,56,121.0,1.005,0.82,us,7.46,1.865,0.057,96
27.3577,127.3827,132.756,4.5,90,67.0,0.948,0.83,us,8.03,6.987,0.062,76
53.037,-161.8862,10.0,4.2,41,173.0,1.951,0.64,us,6.41,1.951,0.1,28
9.2882,123.1783,10.0,4.2,15,105.0,3.241,0.72,us,8.85,1.919,0.216,6
-6.1749,142.5106,10.0,4.6,23,155.0,3.071,0.9,us,11.23,1.901,0.095,33
51.2831,159.1547,35.801,4.7,92,124.0,1.771,0.56,us,7.82,6.984,0.063,76
50.8995,157.439,48.567,4.3,29,128.0,2.218,0.82,us,9.95,8.421,0.137,15
-35.1947,-179.3481,10.0,4.2,22,235.0,3.027,1.01,us,12.29,1.992,0.147,13
2.9552,-31.3953,10.0,4.5,23,113.0,20.505,0.93,us,12.95,1.871,0.121,20
36.241,142.206,10.0,4.7,36,97.0,3.239,0.98,us,5.48,1.875,0.097,32
33.2677,73.2789,10.0,4.9,76,82.0,3.664,1.04,us,9.18,1.869,0.049,132
51.6955,160.6594,10.0,4.5,47,134.0,1.813,0.38,us,10.91,1.909,0.095,33
41.8776,142.4288,60.248,4.3,37,112.0,0.56,0.54,us,7.69,8.068,0.109,24
50.1972,156.8465,57.122,4.1,39,147.0,2.963,0.48,us,10.81,3.477,0.102,28
-15.6753,166.8908,10.0,4.2,13,101.0,0.377,0.59,us,4.44,1.924,0.216,7
-20.7288,-69.1677,103.92,4.3,17,75.0,0.432,0.85,us,4.82,2.847,0.178,9
52.0084,160.3053,35.0,4.6,59,170.0,1.434,0.65,us,9.31,1.947,0.073,56
-20.4818,134.3234,10.0,4.4,22,82.0,0.537,1.26,us,6.48,1.649,0.155,12
34.7431,32.4664,10.0,4.2,32,147.0,0.744,0.75,us,4.65,1.941,0.136,15
49.405,158.1951,10.0,4.3,16,137.0,3.721,0.47,us,9.1,1.815,0.168,10
-6.3743,149.3391,32.99,5.0,108,29.0,3.366,0.7,us,6.85,5.124,0.049,133
49.9757,155.9408,69.915,4.8,76,126.0,3.323,0.54,us,10.83,7.241,0.044,159
54.3707,-159.8603,10.0,3.9,29,223.0,0.487,0.84,us,4.48,1.977,0.23,5
53.0606,161.3161,10.0,4.3,38,165.0,1.61,0.87,us,11.1,1.959,0.102,29
9.6069,93.9175,10.0,4.4,21,166.0,5.703,1.1,us,12.67,1.923,0.138,15
49.0112,156.1091,25.765,4.9,108,135.0,4.223,0.68,us,11.17,5.665,0.059,89
51.312,159.5531,10.0,4.3,27,168.0,1.802,1.16,us,5.3,1.957,0.114,22
53.1434,160.2961,43.05,4.5,82,117.0,1.0,1.07,us,8.5,7.387,0.058,87
-11.3764,113.0062,10.0,4.6,38,49.0,3.101,1.0,us,7.88,1.776,0.114,26
39.5886,144.0274,10.0,4.4,28,149.0,2.512,0.4,us,8.59,1.937,0.134,16
39.2334,27.9322,10.0,4.1,28,58.0,0.815,0.65,us,3.65,1.957,0.165,10
50.9339,156.2353,141.685,4.8,102,121.0,2.358,0.78,us,9.2,6.741,0.026,461
-7.1165,114.0577,9.264,4.2,23,70.0,1.348,0.81,us,3.19,4.733,0.152,14
42.9627,146.0068,32.171,4.5,62,109.0,2.738,1.05,us,7.63,5.536,0.049,121
51.5665,160.271,10.0,4.5,29,167.0,1.766,0.64,us,8.73,1.938,0.107,26
31.4844,50.1239,10.0,4.2,24,151.0,5.118,1.31,us,9.65,1.963,0.121,19
29.8986,139.0415,415.572,4.0,98,86.0,3.274,0.79,us,9.04,8.332,0.059,78
50.619,157.9071,35.0,4.4,36,163.0,2.452,0.53,us,10.73,1.97,0.102,28
-21.8039,-68.4989,124.019,4.6,102,61.0,0.69,1.18,us,5.99,5.794,0.055,98
50.2401,156.1622,84.877,4.4,42,192.0,3.027,0.56,us,13.51,9.418,0.09,35
25.1664,126.9831,25.228,4.3,31,90.0,2.027,0.71,us,7.15,6.382,0.117,22
-17.9768,-69.8892,115.162,4.4,50,109.0,0.548,0.72,us,6.92,5.416,0.084,42
-23.7281,179.9978,548.993,4.1,18,270.0,11.6,0.3,us,25.05,27.563,0.145,13
53.015,161.1316,10.0,4.1,27,183.0,1.499,0.62,us,11.86,1.962,0.107,24
50.9968,159.2593,10.0,4.5,41,123.0,2.064,0.87,us,10.47,1.924,0.088,38
52.5855,160.6502,29.419,4.3,34,121.0,1.291,0.75,us,7.83,5.069,0.116,21
50.369,158.6245,20.346,4.8,78,134.0,2.658,0.71,us,11.12,5.495,0.04,190
51.9805,160.2649,35.0,4.2,18,217.0,1.437,0.52,us,11.52,1.984,0.153,12
52.7965,160.796,40.813,4.2,21,118.0,1.319,0.82,us,4.84,7.718,0.158,14
12.7547,49.3782,10.0,4.2,31,78.0,5.173,0.53,us,9.73,1.908,0.112,22
51.4287,16.2499,8.405,4.2,32,53.0,1.081,0.59,us,5.07,4.589,0.146,13
-15.6368,167.9734,139.138,4.6,26,255.0,6.014,0.77,us,14.98,9.775,0.129,19
-22.5156,-175.1089,10.0,5.0,49,141.0,17.054,0.44,us,13.71,1.466,0.1,32
10.9868,141.8298,10.0,4.5,24,93.0,3.938,0.99,us,11.07,1.893,0.156,18
8.4092,-103.1554,10.0,4.4,150,203.0,10.136,0.61,us,13.59,1.951,0.045,142
51.853,159.0741,35.0,4.3,48,134.0,1.201,0.72,us,10.68,1.942,0.063,72
-16.0765,-172.1508,10.0,4.7,27,125.0,2.185,0.6,us,10.32,1.899,0.106,27
51.8385,159.1797,35.0,5.5,123,94.0,1.23,0.87,us,7.56,1.833,0.021,774
50.0896,158.8437,10.0,4.1,29,138.0,2.94,0.82,us,9.6,1.694,0.117,20
-54.4615,-55.5637,10.0,4.3,14,136.0,7.011,0.99,us,13.34,1.958,0.154,12
50.766,159.0552,10.0,4.6,27,224.0,2.275,0.89,us,11.41,1.983,0.129,18
34.9271,26.6098,10.0,4.3,51,154.0,0.766,0.91,us,6.25,1.902,0.077,48
-38.5674,175.6741,151.908,4.1,24,58.0,0.471,0.37,us,4.89,3.03,0.166,10
52.9253,160.7012,36.108,4.4,41,161.0,1.244,1.03,us,11.77,9.505,0.098,30
-57.5726,157.7867,32.868,4.8,45,44.0,3.149,0.59,us,11.96,4.488,0.121,22
52.7679,160.2913,29.93,4.3,30,143.0,1.027,0.83,us,10.78,5.345,0.125,19
52.8568,159.5039,61.315,4.1,27,134.0,0.543,0.97,us,10.57,6.339,0.145,13
-24.7777,179.6101,520.95,4.2,36,76.0,7.147,0.68,us,10.58,9.716,0.081,43
-7.4635,106.9863,54.542,4.5,44,50.0,0.658,1.02,us,5.47,6.557,0.088,38
52.3277,161.5303,10.0,4.4,21,135.0,1.887,0.62,us,13.76,1.941,0.134,16
-2.7517,130.2049,10.0,4.5,35,85.0,1.784,0.62,us,5.41,1.876,0.102,28
-12.0871,166.2017,81.535,4.5,35,145.0,3.479,1.27,us,11.48,8.741,0.1,29
51.2935,160.7032,10.0,4.2,51,130.0,2.145,0.52,us,8.95,1.901,0.088,36
49.8334,155.8118,64.365,4.7,77,132.0,3.485,0.59,us,3.9,6.798,0.035,251
22.58,95.7825,10.0,4.3,28,102.0,1.587,0.73,us,9.39,1.959,0.122,19
51.4476,-130.5975,10.0,4.1,71,170.0,0.925,0.61,us,9.39,1.952,0.049,115
51.9812,159.8638,10.0,5.0,63,121.0,1.281,0.74,us,5.58,1.71,0.064,78
50.0259,156.9525,35.0,4.5,59,127.0,3.122,0.56,us,10.2,1.926,0.08,46
51.8275,160.1908,10.0,5.0,24,209.0,1.525,0.53,us,13.52,1.975,0.188,9
54.4797,-160.273,35.005,4.0,61,154.0,0.531,0.61,us,4.84,8.816,0.13,17
50.2445,155.5733,128.202,4.2,31,161.0,3.158,0.45,us,13.32,10.038,0.118,23
79.2928,2.743,10.0,4.4,43,61.0,3.958,0.55,us,9.3,1.821,0.095,32
39.7195,143.2649,36.166,4.7,79,130.0,1.994,0.66,us,7.29,7.009,0.062,80
37.5492,72.2407,205.283,4.1,47,92.0,0.786,0.56,us,7.27,6.293,0.127,17
52.199,160.5367,10.0,4.4,23,143.0,1.416,1.15,us,10.02,1.928,0.123,19
2.8774,-31.3365,10.0,5.0,69,48.0,9.775,0.69,us,10.78,1.849,0.052,119
-2.0432,139.0376,30.792,4.9,57,40.0,1.033,0.58,us,5.81,5.153,0.076,55
21.5117,97.2973,10.0,4.4,37,109.0,2.24,0.71,us,8.56,1.691,0.107,25
50.0196,157.7816,35.0,4.1,24,186.0,3.057,1.22,us,13.45,1.983,0.139,14
14.6384,145.9817,127.319,4.5,22,152.0,0.62,1.0,us,12.85,7.009,0.135,16
25.4001,141.1153,147.669,4.6,36,118.0,1.942,0.63,us,10.43,7.372,0.078,49
-1.8556,139.2105,10.531,4.2,17,85.0,1.255,0.65,us,7.33,5.393,0.16,11
14.8255,54.9805,10.0,4.2,25,172.0,10.133,1.28,us,15.4,1.964,0.128,17
50.0928,157.764,27.83,4.3,28,138.0,2.986,1.23,us,10.79,5.672,0.138,17
43.8615,83.4336,10.0,4.6,68,99.0,2.918,0.45,us,5.77,1.743,0.076,52
3.1092,-31.38,10.0,4.6,54,121.0,9.959,0.47,us,12.96,1.893,0.075,53
14.3997,-92.8346,45.773,4.3,91,166.0,0.92,0.58,us,6.5,10.654,0.055,94
1.9897,-102.1989,10.0,4.8,35,135.0,20.658,0.62,us,8.93,1.932,0.063,77
52.478,160.8769,10.0,4.2,24,122.0,1.46,1.03,us,8.17,1.932,0.136,15
-15.5957,-70.2005,239.927,4.3,17,141.0,2.099,0.7,us,12.81,9.385,0.137,15
-20.1415,66.4213,10.0,4.5,16,133.0,47.502,0.54,us,17.26,1.904,0.181,9
53.3119,160.7704,35.0,5.1,72,95.0,1.309,0.79,us,8.56,1.87,0.039,214
34.7289,68.712,10.0,4.2,41,169.0,0.409,0.64,us,6.17,1.959,0.113,22
4.7975,94.7268,39.583,4.6,81,65.0,2.253,0.57,us,8.64,7.009,0.071,59
28.1609,131.0341,10.0,4.5,69,121.0,2.338,0.65,us,7.08,1.867,0.078,50
50.0134,156.7199,35.0,4.7,88,125.0,3.159,0.95,us,8.75,1.907,0.042,170
-14.1982,-14.3764,10.0,5.0,35,74.0,6.226,0.73,us,6.91,1.859,0.075,57
8.9324,-66.8932,8.446,4.3,38,68.0,2.58,0.59,us,7.72,4.189,0.129,17
-41.8024,85.1846,10.0,4.9,21,53.0,12.908,0.17,us,5.93,1.9,0.136,17
51.0138,157.2677,83.555,4.6,69,127.0,2.115,0.59,us,9.62,7.173,0.039,193
-6.9643,125.0035,562.786,4.4,57,55.0,2.867,0.5,us,10.03,8.109,0.08,45
51.1923,159.1619,6.043,5.0,149,134.0,1.861,0.55,us,10.64,4.932,0.048,139
51.4311,159.3289,35.0,4.4,22,128.0,1.649,0.58,us,10.39,1.944,0.134,16
-27.8687,-71.0579,55.218,4.4,22,138.0,0.335,0.7,us,5.37,6.023,0.219,6
-24.2684,179.9153,506.222,4.4,54,101.0,5.318,1.0,us,13.84,2.485,0.075,54
24.309,124.949,35.0,4.2,21,232.0,0.655,0.91,us,12.98,1.999,0.159,11
28.9134,51.4598,10.0,4.2,36,73.0,5.792,1.11,us,6.11,1.794,0.1,28
10.5647,-42.6107,10.0,4.9,90,34.0,11.318,0.92,us,10.32,1.859,0.053,114
51.6208,160.7572,10.0,4.2,23,138.0,1.909,1.01,us,9.42,1.93,0.128,17
-24.2712,179.736,574.872,4.1,19,99.0,5.375,0.54,us,15.13,11.072,0.145,13
52.9122,161.0131,10.0,4.8,43,119.0,1.434,0.95,us,9.85,1.885,0.089,39
8.448,127.6638,10.0,4.6,47,127.0,2.478,0.73,us,8.31,1.893,0.093,34
41.5522,74.9401,10.0,4.2,35,58.0,0.543,1.36,us,2.7,1.928,0.141,14
53.1542,159.433,70.641,4.2,111,157.0,0.49,0.72,us,11.88,7.423,0.054,99
47.3687,152.5664,117.466,4.2,34,132.0,6.62,0.92,us,14.19,10.356,0.108,24
13.524,144.7135,156.061,3.9,19,99.0,0.164,0.72,us,11.94,4.049,0.154,11
2.2622,-84.5284,10.0,4.3,19,162.0,5.76,0.59,us,13.08,1.949,0.119,20
29.917,99.7797,10.0,4.2,33,128.0,6.862,0.79,us,5.08,1.937,0.112,22
51.8747,-174.2378,83.682,3.4,37,199.0,0.328,0.43,us,9.08,10.456,0.186,7
52.7497,160.9455,45.257,4.2,42,211.0,1.418,0.67,us,15.34,10.548,0.08,46
-22.119,-68.7234,117.133,4.3,30,48.0,0.578,0.59,us,4.89,4.122,0.125,18
14.0602,-89.8196,10.0,4.3,22,120.0,0.162,0.65,us,3.56,1.982,0.169,10
5.6799,125.8014,145.957,4.4,76,106.0,0.994,0.86,us,5.75,4.968,0.065,69
-0.319,125.3309,43.833,4.8,42,66.0,1.819,1.06,us,7.39,7.843,0.088,48
36.6215,71.1398,229.489,4.7,130,77.0,1.999,0.73,us,7.53,6.236,0.053,107
19.71,145.0356,192.863,4.2,29,136.0,4.502,0.41,us,11.96,7.428,0.121,19
39.4338,143.4883,10.0,4.4,38,139.0,2.299,0.81,us,5.47,1.899,0.115,22
10.9745,123.8122,10.0,4.6,42,126.0,4.254,0.97,us,6.0,1.901,0.09,37
36.8387,71.069,213.324,4.0,33,156.0,1.852,0.57,us,5.37,8.411,0.172,9
38.9238,70.8581,10.776,4.5,131,60.0,0.917,0.82,us,3.33,3.845,0.052,112
53.0294,160.8521,28.898,4.3,28,143.0,1.33,1.01,us,13.65,7.025,0.122,19
16.0831,-97.4466,29.321,4.4,58,208.0,0.3,1.11,us,6.26,7.844,0.057,87
13.0447,145.6777,10.0,4.4,24,105.0,0.956,0.88,us,7.59,1.914,0.139,15
-9.3275,159.6151,48.813,4.5,32,120.0,0.346,0.62,us,13.14,6.388,0.102,28
52.4269,160.957,10.0,4.4,29,134.0,1.525,0.8,us,11.86,1.919,0.105,26
71.514,-12.1922,10.0,4.3,30,107.0,3.354,0.8,us,7.17,1.876,0.116,21
3.364,117.7784,10.0,4.0,16,104.0,1.939,1.09,us,6.27,1.655,0.184,8
44.543,145.6776,189.34,4.1,19,142.0,2.254,0.35,us,10.26,4.316,0.165,10
53.0157,160.7567,35.0,4.0,14,133.0,1.273,0.9,us,12.08,1.946,0.196,7
3.1322,-31.4123,10.0,4.6,39,66.0,20.446,0.81,us,12.72,1.882,0.081,45
39.162,28.1825,10.0,4.4,26,51.0,0.998,1.08,us,4.27,1.924,0.19,8
12.939,143.9307,94.758,4.5,33,123.0,1.119,0.6,us,12.54,9.235,0.096,32
-6.4244,103.6124,35.0,4.7,45,159.0,1.607,0.82,us,7.87,1.946,0.098,32
34.6195,24.1625,59.814,4.4,30,210.0,2.627,0.67,us,10.95,10.224,0.092,34
52.8886,160.7292,10.0,4.6,38,133.0,1.265,1.15,us,12.82,1.921,0.077,50
67.6893,143.0535,10.0,4.4,41,113.0,6.324,0.47,us,11.2,1.924,0.098,30
-24.1632,-67.5235,204.399,4.1,19,91.0,1.347,0.95,us,7.22,10.203,0.261,4
32.9099,76.2043,35.0,4.1,26,269.0,5.611,1.33,us,14.03,2.006,0.174,9
-2.0568,138.9706,35.0,4.2,26,78.0,0.965,0.67,us,5.49,1.918,0.121,19
-4.5677,102.7394,62.773,4.2,31,145.0,0.298,0.36,us,8.29,5.39,0.121,19
36.9108,141.6126,35.0,4.2,27,143.0,2.759,1.03,us,8.03,1.952,0.159,11
41.0731,75.1541,10.0,4.5,52,86.0,0.107,1.03,us,4.25,1.894,0.097,31
53.05,161.502,10.0,4.6,56,104.0,1.722,0.92,us,9.34,1.864,0.042,172
52.3028,160.4482,45.228,4.7,42,132.0,1.312,0.92,us,10.51,7.328,0.096,33
34.088,141.1207,37.664,4.1,20,142.0,1.46,0.48,us,7.88,9.124,0.234,7
52.4359,159.9524,74.601,4.6,37,165.0,1.526,1.18,us,6.84,8.095,0.103,28
29.3407,129.3771,10.0,4.5,40,109.0,2.352,0.66,us,7.79,1.901,0.11,24
-8.073,128.7784,35.0,4.5,18,109.0,3.701,0.48,us,7.4,1.906,0.131,17
-23.5484,179.9739,525.631,4.2,56,113.0,6.048,0.66,us,10.76,10.384,0.074,51
0.0511,123.3452,140.121,4.5,57,73.0,1.228,0.75,us,10.85,6.284,0.079,47
15.3789,-94.5506,50.134,4.2,33,147.0,1.967,0.91,us,7.22,9.301,0.06,78
51.8194,159.5352,35.0,4.8,27,122.0,1.322,0.97,us,5.34,1.926,0.127,19
2.5343,126.1039,63.607,4.4,36,115.0,1.664,0.69,us,7.7,7.602,0.095,32
46.8042,152.25,86.344,4.4,24,134.0,6.507,0.33,us,13.36,9.261,0.117,21
-57.2423,-67.0049,10.0,4.7,39,144.0,2.342,0.57,us,15.61,1.94,0.096,33
52.0672,160.318,35.0,4.6,33,135.0,1.398,0.97,us,7.94,1.919,0.093,36
37.2868,72.0551,108.958,4.2,49,165.0,1.079,0.8,us,8.65,6.513,0.105,25
25.5376,95.3851,121.537,4.3,35,112.0,4.333,0.68,us,7.59,7.434,0.108,26
41.6929,142.7123,58.888,4.3,38,143.0,0.463,1.31,us,6.32,7.659,0.111,23
-22.7943,68.3326,10.0,4.4,12,263.0,49.594,0.48,us,13.88,2.013,0.204,7
-7.2875,39.9414,10.0,4.3,12,106.0,5.248,1.34,us,6.85,1.952,0.266,4
-5.9694,149.5578,72.673,5.0,121,55.0,2.954,0.7,us,3.64,5.953,0.04,194
51.3747,142.6435,10.0,4.9,63,104.0,4.421,0.67,us,9.46,1.856,0.06,87
22.8473,121.4521,10.0,4.1,17,142.0,0.345,0.57,us,4.11,1.905,0.165,10
51.9769,161.8628,10.0,4.2,51,120.0,2.226,0.88,us,8.62,1.904,0.071,60
50.4878,156.7733,86.299,4.3,52,101.0,2.686,0.68,us,11.46,7.134,0.081,43
52.474,160.6684,26.903,4.3,15,121.0,1.344,0.51,us,9.65,6.399,0.177,9
-18.6977,-177.9528,627.115,4.4,42,136.0,3.375,0.39,us,11.84,9.888,0.086,39
-2.3082,138.9779,45.4,4.4,46,76.0,0.94,0.66,us,6.15,7.01,0.092,34
52.3117,160.9074,10.0,4.5,66,130.0,1.548,0.68,us,10.82,1.905,0.074,54
37.2072,141.1066,51.068,4.4,29,134.0,2.416,0.62,us,4.33,8.448,0.13,17
-6.8261,146.9044,103.358,4.3,17,110.0,2.574,0.33,us,6.86,9.818,0.137,15
52.0143,160.4604,10.0,4.2,14,216.0,1.498,0.59,us,13.27,1.971,0.214,7
50.9242,159.1394,21.179,4.3,61,65.0,2.124,0.78,us,8.85,4.733,0.075,51
49.4633,155.2257,80.982,4.3,35,133.0,3.966,0.31,us,6.13,8.468,0.114,22
-45.9818,95.6026,10.0,4.4,21,110.0,33.553,0.61,us,8.09,1.909,0.124,19
2.9959,128.2359,62.029,4.2,21,86.0,2.374,0.71,us,3.8,8.706,0.159,12
52.8242,159.4674,60.524,4.1,45,59.0,0.534,0.91,us,9.19,6.128,0.087,36
-52.837,20.1006,10.0,5.1,32,77.0,20.451,0.64,us,13.93,1.827,0.134,19
1.6196,127.2088,142.172,4.1,24,122.0,0.857,1.12,us,7.07,5.794,0.157,13
2.5667,-31.1345,10.0,4.8,52,156.0,20.209,0.71,us,13.76,1.928,0.08,48
-58.7745,-25.6748,71.668,5.3,77,30.0,7.48,0.62,us,10.95,5.211,0.057,103
-17.9312,-178.5335,597.459,4.3,49,122.0,2.47,0.74,us,10.39,7.507,0.043,153
54.6343,160.2809,10.0,4.3,53,114.0,1.881,0.62,us,12.17,1.89,0.061,77
-24.2292,-67.5509,190.456,4.2,13,96.0,1.396,0.38,us,9.33,7.326,0.214,6
-18.0759,-178.2019,565.089,4.3,47,81.0,2.812,0.78,us,11.92,5.816,0.053,100
39.5608,143.2213,10.0,4.8,74,123.0,2.058,0.82,us,7.5,1.872,0.048,135
50.1144,155.7598,98.906,4.4,41,135.0,3.232,0.59,us,10.81,7.747,0.097,31
-14.6197,167.2913,182.26,4.3,26,71.0,0.827,0.82,us,10.83,5.358,0.122,19
50.2248,158.6591,10.0,4.6,66,133.0,2.803,0.41,us,9.19,1.89,0.059,84
-15.7458,-174.5699,139.523,4.4,24,53.0,3.256,0.68,us,12.03,8.853,0.13,17
18.8324,39.0784,10.0,4.1,26,202.0,6.626,0.86,us,15.95,2.004,0.12,19
52.7373,161.549,10.0,4.2,20,173.0,1.78,0.56,us,13.96,1.98,0.146,13
54.6464,160.4206,10.0,4.1,27,142.0,1.935,0.51,us,13.37,1.932,0.087,36
29.2848,129.559,10.0,4.9,59,121.0,2.348,1.2,us,7.03,1.856,0.04,197
1.5466,99.3953,166.311,4.4,40,177.0,1.233,0.39,us,11.98,7.332,0.09,36
52.8858,160.9343,35.0,4.2,19,155.0,1.389,0.81,us,7.96,1.99,0.136,15
2.5521,67.763,10.0,4.3,14,235.0,5.615,1.23,us,10.5,2.008,0.154,14
51.3272,158.5545,40.888,4.6,57,118.0,1.7,0.86,us,9.62,7.098,0.057,94
-57.7724,157.7288,10.0,4.2,8,145.0,3.351,0.52,us,12.29,1.964,0.187,8
51.291,158.7914,35.987,5.3,109,73.0,1.737,0.76,us,7.23,5.474,0.022,659
26.1022,128.4489,10.0,4.5,26,89.0,0.748,0.61,us,4.2,1.834,0.128,18
28.1992,51.7226,10.0,4.3,55,103.0,5.158,0.53,us,8.88,1.9,0.092,34
49.8564,159.3639,10.0,4.5,46,136.0,3.203,0.57,us,11.09,1.911,0.084,41
17.162,59.7289,10.0,4.3,39,180.0,8.413,1.04,us,10.8,1.924,0.099,29
52.1232,160.5376,10.0,5.0,94,134.0,1.463,0.76,us,10.46,1.888,0.051,121
3.391,-31.5063,10.0,4.5,17,94.0,20.581,1.2,us,12.08,1.887,0.15,13
2.952,-31.2752,10.0,4.5,46,64.0,9.869,0.64,us,10.62,1.872,0.088,38
52.5424,160.527,10.0,4.1,19,222.0,1.238,0.51,us,16.19,1.983,0.145,13
-41.214,-91.1994,10.0,4.4,14,192.0,12.391,0.34,us,16.77,1.974,0.162,11
-5.5149,152.9973,10.0,4.3,21,133.0,1.555,0.69,us,12.85,1.909,0.125,18
-6.261,155.0497,132.382,4.6,60,67.0,3.534,0.7,us,9.1,3.903,0.053,105
-15.888,-75.4768,10.0,4.7,43,139.0,4.098,1.03,us,10.2,1.899,0.075,54
49.7989,156.4616,36.975,5.4,80,101.0,3.403,0.86,us,7.18,5.039,0.023,641
-32.4238,-71.4147,41.215,4.2,22,131.0,0.532,0.75,us,3.23,8.84,0.305,3
34.0726,24.5371,20.968,4.3,23,206.0,2.612,0.72,us,10.1,8.908,0.168,10
52.431,160.8827,10.0,5.1,58,144.0,1.482,0.88,us,7.29,1.912,0.033,298
35.7227,140.5713,53.007,4.1,15,228.0,0.464,0.55,us,8.31,9.604,0.213,6
51.7948,159.5325,35.0,4.6,41,163.0,19.064,0.87,us,11.43,1.922,0.095,33
52.9041,-175.0997,227.621,4.0,37,67.0,0.743,0.63,us,11.5,7.533,0.077,45
53.4016,160.4736,55.504,4.4,53,112.0,1.16,0.5,us,11.92,6.95,0.083,42
7.6879,127.2735,10.0,4.5,22,68.0,1.789,0.61,us,5.48,1.869,0.145,15
64.5488,-39.9738,10.0,4.5,77,56.0,4.217,0.63,us,8.67,1.881,0.028,381
36.4807,23.0629,51.123,4.1,49,108.0,1.148,0.81,us,6.77,8.899,0.101,27
13.4191,50.7436,10.0,4.4,43,142.0,6.274,0.79,us,11.89,1.92,0.095,32
51.4568,159.8744,10.0,4.3,20,198.0,1.74,0.58,us,11.13,1.984,0.147,13
50.0861,158.3665,18.535,4.9,50,134.0,2.947,0.87,us,9.77,4.526,0.089,40
6.2706,-82.7069,10.0,4.5,38,172.0,3.68,0.88,us,9.83,1.952,0.102,28
51.5803,160.0888,10.0,4.4,50,127.0,1.694,0.93,us,8.9,1.903,0.081,51
-8.8381,118.7623,112.873,4.5,35,83.0,0.974,1.11,us,6.13,7.284,0.111,24
51.5085,159.3931,35.0,4.6,43,132.0,1.585,0.87,us,11.01,1.934,0.091,36
-48.9031,-8.1979,10.0,4.4,21,101.0,22.976,0.79,us,11.22,1.893,0.12,20
18.3211,145.373,503.917,3.8,20,144.0,3.089,0.38,us,11.83,11.437,0.147,12
-20.6463,-69.019,101.767,4.4,22,79.0,0.518,0.56,us,4.18,5.317,0.139,15
50.121,157.216,33.212,4.2,39,132.0,3.007,0.47,us,12.47,6.606,0.096,30
43.3059,145.2408,51.87,4.3,34,188.0,2.007,0.29,us,11.14,9.166,0.104,26
-4.8537,152.8551,59.019,4.2,21,121.0,0.953,0.52,us,10.21,9.684,0.136,15
50.2101,159.6414,10.0,4.5,62,127.0,2.884,0.58,us,10.1,1.902,0.057,91
-10.7629,165.1071,61.329,5.1,138,33.0,5.084,0.64,us,8.06,4.158,0.035,265
49.9207,157.3215,35.0,4.1,25,228.0,3.201,0.92,us,13.04,1.985,0.123,18
4.7615,126.568,54.349,4.4,56,91.0,1.086,0.91,us,5.71,7.579,0.083,48
-16.3254,167.4168,27.168,4.9,29,170.0,0.897,0.58,us,9.93,6.68,0.116,23
50.1629,159.3224,10.0,4.4,110,136.0,2.895,0.5,us,9.86,1.89,0.054,97
51.8472,159.4575,59.483,5.0,84,133.0,1.278,0.52,us,10.03,7.087,0.053,115
40.5507,-126.1894,10.0,3.8,48,218.0,1.398,0.75,us,6.93,2.008,0.208,6
49.7861,155.8326,74.104,4.1,41,135.0,3.526,0.57,us,12.16,8.072,0.076,47
-24.0538,-70.8704,24.27,4.2,17,188.0,0.611,0.92,us,3.27,6.542,0.216,6
-6.5885,128.4001,264.724,4.2,18,89.0,5.161,0.58,us,8.33,10.662,0.214,6
52.2228,160.6468,23.418,4.3,17,177.0,1.458,1.02,us,12.89,7.875,0.217,8
-17.076,-174.1664,120.593,4.6,32,63.0,3.899,0.74,us,10.38,7.818,0.114,23
-17.2313,-71.9149,72.708,4.2,24,132.0,1.879,0.76,us,8.95,9.815,0.186,8
-18.0088,-177.8749,612.944,4.3,45,124.0,3.041,0.95,us,9.93,6.443,0.063,74
-20.8871,68.3582,10.0,4.5,29,67.0,4.814,0.62,us,11.99,1.882,0.121,20
7.1636,127.2666,10.0,4.3,28,83.0,1.677,1.17,us,8.56,1.903,0.119,20
-18.7756,-177.8364,611.056,4.3,33,122.0,3.51,0.64,us,15.09,10.067,0.102,27
51.764,160.4337,10.0,4.4,28,192.0,2.148,1.0,us,11.25,1.954,0.117,21
-27.8354,-66.9033,147.458,4.7,64,43.0,3.1,0.72,us,7.18,7.309,0.032,304
-11.4195,164.603,10.0,5.0,37,66.0,4.735,0.86,us,10.0,1.87,0.061,86
51.8105,158.4135,73.035,4.4,75,124.0,1.223,0.76,us,8.4,5.067,0.047,133
52.2235,160.4049,35.0,5.0,135,118.0,1.336,0.7,us,8.74,1.909,0.034,281
51.6538,160.1251,26.207,4.0,15,127.0,1.643,0.55,us,7.46,6.66,0.212,7
37.4873,142.0501,45.246,4.4,34,149.0,3.216,1.1,us,4.76,9.275,0.117,21
52.8133,160.6528,35.0,4.2,44,81.0,1.231,0.63,us,10.64,1.866,0.078,46
27.4166,52.5515,10.0,4.4,62,82.0,4.102,0.38,us,4.92,1.895,0.071,57
52.1778,157.7694,96.387,4.6,18,154.0,0.933,1.37,us,11.1,9.086,0.136,16
40.657,73.3118,10.0,4.2,23,101.0,0.717,1.23,us,1.31,1.912,0.167,10
51.6151,159.5085,36.715,4.8,62,123.0,1.506,1.05,us,9.32,7.268,0.06,85
34.8982,23.3599,46.752,4.4,84,95.0,2.555,0.85,us,9.14,7.678,0.064,73
-60.1907,-61.8641,10.0,5.1,46,98.0,4.711,0.67,us,10.42,1.861,0.07,66
51.29,159.761,10.0,4.3,18,194.0,1.866,0.3,us,11.65,1.979,0.161,13
-24.9219,179.7411,526.029,4.2,28,96.0,4.78,0.93,us,15.46,9.537,0.128,21
-17.8095,168.1927,25.311,4.4,18,125.0,2.533,0.76,us,8.78,5.898,0.149,13
51.9725,160.1045,48.566,4.8,75,163.0,1.378,0.81,us,11.29,7.752,0.071,62
45.3442,151.0134,64.766,4.5,107,134.0,5.957,0.54,us,10.84,6.796,0.057,92
35.7618,140.0357,85.358,4.6,56,121.0,1.671,0.82,us,6.34,6.506,0.074,55
45.178,150.1279,63.248,4.4,66,134.0,5.427,0.65,us,10.52,7.586,0.081,44
13.5319,-91.8787,35.0,4.3,33,205.0,1.613,0.99,us,7.82,1.988,0.089,36
-56.1271,-26.9126,44.632,4.4,25,181.0,5.786,0.69,us,13.27,10.206,0.109,24
-17.2597,-71.9561,104.812,4.1,17,182.0,1.894,0.94,us,10.51,12.518,0.185,8
26.8506,58.6347,10.0,4.1,34,182.0,2.897,0.83,us,12.2,1.968,0.095,30
30.7824,96.6483,10.0,4.2,14,116.0,4.896,0.72,us,9.3,1.914,0.176,9
-3.4946,128.7097,33.74,4.1,30,36.0,3.58,0.61,us,7.34,6.823,0.145,14
53.0393,161.2426,10.0,4.1,33,127.0,1.566,0.97,us,8.23,1.898,0.114,22
51.4128,159.5325,26.057,4.6,30,138.0,1.702,0.87,us,7.52,6.434,0.122,20
-6.3252,130.4119,112.551,4.4,21,83.0,3.847,0.39,us,13.33,10.442,0.139,15
-17.4598,167.8046,35.0,4.8,30,158.0,2.083,0.46,us,4.93,1.93,0.107,27
61.1631,-27.8186,10.0,4.3,29,162.0,4.659,0.78,us,11.63,1.95,0.113,22
29.0741,129.6197,10.0,4.5,29,130.0,2.528,0.94,us,7.82,1.907,0.145,14
9.2583,94.0122,10.0,4.3,27,93.0,4.95,1.04,us,10.46,1.895,0.122,19
2.5504,128.1961,136.215,4.7,117,85.0,1.952,0.78,us,5.43,6.717,0.054,104
50.7677,158.3223,29.636,4.2,47,130.0,2.268,0.56,us,7.91,6.422,0.09,34
-4.9555,144.7364,92.655,4.5,24,103.0,3.906,0.95,us,6.96,9.485,0.118,21
1.9802,126.5247,54.48,4.3,40,64.0,2.927,0.96,us,3.26,7.55,0.108,24
13.9177,144.7678,186.101,4.3,26,118.0,0.341,0.49,us,11.71,4.611,0.116,21
51.6417,159.5294,35.0,4.8,36,123.0,1.485,1.23,us,8.35,1.915,0.092,36
-16.0175,-177.2411,429.605,4.4,67,111.0,3.287,0.96,us,14.44,7.336,0.077,49
51.3075,159.2253,52.424,4.5,14,241.0,1.755,1.01,us,12.94,10.18,0.192,8
19.1898,121.2637,29.92,4.9,83,105.0,3.614,1.02,us,9.8,5.475,0.051,119
30.8997,136.0842,10.0,4.2,25,69.0,3.386,0.45,us,8.01,1.917,0.16,11
52.1467,160.2915,24.199,4.6,23,121.0,1.851,1.04,us,9.33,5.441,0.146,14
52.9583,160.9558,35.0,4.6,55,114.0,1.395,0.9,us,10.92,1.932,0.075,53
30.0261,69.8674,10.0,4.3,49,138.0,4.519,1.13,us,10.43,1.928,0.104,26
52.9643,160.9211,10.0,4.8,81,103.0,1.374,0.88,us,7.58,1.844,0.036,243
4.3473,128.528,10.0,4.3,27,89.0,3.064,0.6,us,8.55,1.89,0.133,16
-2.2776,138.9354,37.56,4.3,29,77.0,0.898,0.91,us,8.79,1.786,0.109,24
18.0045,146.5169,79.812,4.4,66,107.0,2.835,0.48,us,11.99,3.084,0.072,56
-5.5332,152.3009,10.0,4.5,29,150.0,1.34,1.01,us,10.3,1.918,0.135,23
-7.5157,127.9273,141.522,4.0,18,71.0,4.248,0.99,us,12.06,11.238,0.164,10
-7.1004,129.3514,147.947,4.5,37,66.0,2.619,0.61,us,8.63,8.333,0.096,32
50.3063,159.2626,10.0,4.4,50,134.0,2.748,0.79,us,9.12,1.896,0.08,45
-14.6336,-176.063,314.955,4.2,31,128.0,4.767,0.53,us,14.66,6.845,0.1,28
-2.1624,139.0509,19.002,4.7,37,66.0,1.023,0.69,us,7.07,4.861,0.095,34
28.1665,50.0367,10.0,4.4,73,93.0,6.386,0.54,us,10.5,1.903,0.07,60
51.7887,-176.4406,100.28,3.7,21,149.0,0.387,0.28,us,8.43,4.792,0.113,20
52.6033,160.3283,34.411,4.4,30,119.0,1.102,0.69,us,9.43,6.426,0.101,28
-58.69,-25.8509,61.44,4.4,17,180.0,16.038,0.71,us,12.6,11.411,0.162,11
52.5768,158.8983,91.289,4.2,24,196.0,0.901,0.79,us,15.38,9.988,0.137,15
52.4217,160.2851,35.0,4.8,60,137.0,1.163,0.92,us,9.2,1.927,0.059,90
-24.2137,179.9664,520.375,4.4,25,140.0,6.68,0.5,us,17.54,11.226,0.112,23
49.8616,158.7017,10.0,4.2,22,135.0,3.166,0.63,us,9.26,1.733,0.147,13
3.5734,127.9185,143.192,4.7,100,53.0,2.692,0.67,us,7.74,7.213,0.051,116
51.133,157.7814,71.682,4.0,34,127.0,1.968,0.68,us,12.16,8.13,0.092,32
6.9385,126.922,71.363,4.6,24,135.0,1.339,0.89,us,9.21,8.056,0.126,19
50.5179,157.9788,29.165,4.3,34,131.0,2.544,0.95,us,10.15,6.188,0.099,29
53.3174,-160.1316,10.0,3.6,9,176.0,2.443,0.52,us,6.11,1.871,0.353,2
-23.5503,-179.7992,549.106,4.4,39,117.0,5.932,0.8,us,13.18,8.384,0.089,36
30.463,140.3523,22.997,4.5,31,122.0,2.684,0.79,us,8.16,5.501,0.156,12
37.6191,72.4796,194.655,4.3,42,91.0,0.693,0.44,us,7.76,7.666,0.142,14
-57.9221,-25.3104,46.851,5.0,74,45.0,7.234,0.47,us,9.67,2.599,0.074,58
54.0915,-159.6859,35.0,3.9,12,210.0,0.743,0.63,us,7.35,2.02,0.256,4
-20.7641,-177.9521,498.515,4.5,51,136.0,4.823,0.77,us,12.51,6.29,0.087,40
39.7525,141.8182,67.302,4.4,53,142.0,1.185,0.75,us,6.67,6.465,0.091,35
11.1509,124.2865,10.047,4.4,32,127.0,4.251,0.96,us,11.94,4.832,0.117,21
52.2192,159.9407,35.0,4.6,84,118.0,1.126,1.14,us,9.81,1.95,0.058,88
-23.1482,-179.9715,559.509,4.2,21,185.0,5.686,0.38,us,24.4,24.923,0.146,19
51.7965,159.2496,35.0,4.4,70,120.0,1.283,0.69,us,9.14,6.589,0.05,118
52.1862,160.3937,35.0,4.8,53,123.0,1.884,0.85,us,10.08,1.923,0.08,49
13.1253,144.6479,64.001,4.8,43,123.0,0.509,0.3,us,11.25,6.153,0.054,105
45.1009,149.5681,88.928,4.7,74,127.0,5.076,0.68,us,10.58,7.688,0.07,62
29.4143,129.3204,10.0,4.3,15,121.0,2.305,0.61,us,7.28,1.842,0.177,9
42.3166,142.9403,59.96,4.5,136,66.0,0.342,0.62,us,6.87,5.196,0.046,136
50.2263,158.6348,10.0,4.3,21,140.0,2.801,0.43,us,12.46,1.9,0.138,15
36.45,71.1195,145.531,4.1,29,169.0,2.154,1.12,us,9.58,15.174,0.185,8
42.5413,142.8743,90.819,4.1,37,109.0,0.566,0.46,us,8.78,8.681,0.106,24
32.0291,131.9436,39.392,4.1,19,126.0,1.372,0.72,us,8.65,10.704,0.174,9
-24.456,-112.0681,10.0,4.7,29,160.0,3.625,0.99,us,14.46,1.921,0.087,40
52.4437,160.8731,10.0,4.1,20,122.0,1.471,1.1,us,5.58,1.927,0.13,16
52.5349,160.6137,10.0,4.4,32,122.0,1.289,0.31,us,7.83,1.896,0.12,20
-2.1892,139.0948,10.0,4.4,28,75.0,1.063,1.18,us,5.82,1.873,0.11,24
34.5873,70.7146,10.0,4.4,53,142.0,1.306,0.65,us,8.39,1.894,0.082,42
27.6084,128.7244,39.438,4.5,62,87.0,0.868,0.98,us,5.66,8.319,0.085,41
51.3451,159.7239,33.793,4.2,20,152.0,1.806,0.69,us,9.57,8.124,0.167,10
51.2975,159.674,10.0,5.0,14,242.0,1.84,0.74,us,9.63,1.999,0.17,15
29.276,129.5229,10.0,4.5,60,91.0,2.366,0.55,us,7.19,1.873,0.084,42
-31.0238,-71.9066,31.428,4.2,32,150.0,0.42,0.91,us,3.61,6.081,0.159,11
29.1179,129.1083,10.0,4.2,25,128.0,2.39,0.67,us,6.87,1.62,0.159,11
53.2233,159.5924,67.161,4.4,123,133.0,0.602,0.77,us,10.15,6.92,0.051,111
18.1793,121.4718,125.483,4.7,78,58.0,4.629,1.07,us,9.92,7.292,0.071,61
18.626,95.0872,78.124,4.4,30,83.0,2.025,0.44,us,9.36,4.994,0.123,19
-54.7445,-26.7115,10.0,4.6,22,67.0,5.714,0.32,us,9.42,1.898,0.119,21
50.1874,87.5456,10.0,4.1,25,167.0,3.251,0.78,us,9.53,1.932,0.127,17
36.7419,73.0538,10.0,4.5,26,110.0,1.632,0.81,us,8.48,1.919,0.113,23
-4.6533,125.4787,454.25,4.4,65,39.0,2.739,0.9,us,10.5,8.882,0.086,39
-6.3575,-11.5605,10.0,4.5,25,70.0,3.188,0.93,us,11.17,1.896,0.118,22
13.009,145.6741,10.0,4.5,27,107.0,0.974,1.08,us,7.32,1.903,0.121,20
-56.1936,-28.0196,118.051,5.0,58,67.0,5.21,0.9,us,11.69,6.518,0.074,61
51.0072,159.2361,20.95,4.5,29,138.0,2.052,0.86,us,9.21,6.506,0.11,24
49.8638,157.991,10.0,4.5,27,135.0,3.191,0.84,us,9.92,1.92,0.124,19
34.505,70.6411,10.0,4.4,43,141.0,1.244,1.32,us,8.01,1.917,0.1,29
52.1426,160.4155,10.0,4.6,33,120.0,1.392,1.07,us,5.88,1.849,0.099,30
-4.4101,134.0062,10.0,4.7,16,57.0,1.718,0.63,us,4.61,1.926,0.183,9
-8.3468,119.7327,174.306,4.8,31,60.0,1.427,0.61,us,6.11,7.53,0.116,23
53.033,160.7813,35.0,4.3,20,192.0,1.287,0.49,us,10.99,1.988,0.142,14
49.085,154.7268,87.088,4.3,47,133.0,4.442,0.74,us,11.02,8.279,0.092,33
49.6131,158.6953,10.0,4.5,32,132.0,3.415,0.73,us,5.06,1.918,0.106,26
-19.9677,-173.2301,10.0,4.6,30,105.0,3.239,0.6,us,9.2,1.902,0.114,29
-0.5362,119.6582,10.0,4.2,17,135.0,1.985,1.0,us,9.04,1.942,0.147,13
39.2293,28.9698,10.0,4.1,27,58.0,1.318,0.75,us,3.54,1.954,0.165,10
12.0036,-86.7517,100.748,4.4,50,138.0,0.513,0.63,us,8.23,8.104,0.079,46
-17.7248,167.3727,10.0,4.4,13,148.0,2.271,1.25,us,8.52,1.934,0.202,7
52.2692,160.7085,10.0,4.3,23,137.0,1.464,1.07,us,11.92,1.93,0.125,20
51.8636,158.5225,72.11,4.1,44,118.0,1.164,0.8,us,9.52,7.547,0.082,43
52.6415,160.5051,35.0,5.1,204,103.0,1.189,0.96,us,7.9,1.886,0.022,642
52.3212,160.5594,10.0,4.9,58,104.0,1.359,0.53,us,6.51,1.852,0.058,94
-19.7872,-175.8542,260.005,4.4,15,138.0,5.608,1.27,us,9.66,16.106,0.162,11
-19.9149,-178.0796,414.689,4.0,27,122.0,4.191,0.55,us,16.84,8.406,0.116,21
-52.8105,21.813,10.0,4.4,19,113.0,20.431,0.37,us,12.75,1.903,0.126,18
-0.8451,121.9119,10.0,4.5,38,57.0,0.881,0.98,us,5.56,1.889,0.112,23
22.9851,63.5117,10.0,4.1,21,146.0,6.962,0.51,us,14.55,1.955,0.135,15
43.4728,147.9039,44.501,4.4,41,134.0,3.787,0.54,us,12.98,8.205,0.088,37
52.5896,159.243,59.739,4.8,87,111.0,0.564,0.81,us,7.58,5.651,0.028,384
-3.8162,128.351,157.936,4.3,20,64.0,3.992,0.56,us,9.77,10.491,0.202,8
-8.0664,117.9992,214.174,4.5,26,98.0,0.788,0.79,us,9.39,6.791,0.14,15
47.3961,152.2406,130.244,4.2,72,134.0,6.478,0.82,us,12.39,8.277,0.07,57
52.4048,160.6361,11.326,4.5,44,117.0,1.358,0.86,us,9.76,5.048,0.053,103
51.3192,159.3399,29.101,4.7,108,121.0,1.759,0.68,us,8.63,5.311,0.056,97
-0.2104,130.6163,10.0,4.9,48,47.0,0.913,0.95,us,6.35,1.887,0.074,57
51.6218,159.2507,35.0,4.2,37,126.0,1.451,1.01,us,10.15,1.93,0.094,32
29.3306,129.4734,10.0,4.4,29,110.0,2.33,1.05,us,7.51,1.936,0.162,11
-17.7769,-69.3728,147.365,4.2,25,87.0,0.212,0.89,us,6.6,4.523,0.127,17
53.2655,160.1198,59.522,4.4,127,120.0,1.465,0.48,us,8.98,6.127,0.05,117
7.2137,127.1816,10.0,4.2,20,125.0,1.597,1.15,us,8.03,1.908,0.159,11
-19.6435,169.0822,127.736,5.0,47,123.0,3.326,0.61,us,10.62,7.49,0.042,179
65.7888,-37.771,10.0,4.8,69,72.0,5.305,0.66,us,9.98,1.904,0.031,316
30.6523,107.094,13.2,4.5,23,117.0,6.005,0.23,us,12.9,3.996,0.145,14
9.3411,93.8007,10.0,4.5,31,118.0,10.344,0.74,us,11.85,1.898,0.115,22
39.9544,143.5608,10.0,4.9,165,119.0,2.081,0.56,us,7.99,1.868,0.04,195
52.7983,160.5959,10.0,4.7,56,119.0,1.2,0.69,us,5.98,1.763,0.06,83
-9.8339,114.1307,36.132,4.2,19,110.0,1.355,1.07,us,4.36,8.398,0.16,11
13.8675,39.9046,10.0,4.3,40,96.0,3.693,0.81,us,9.57,1.921,0.1,28
65.9425,-37.3012,10.0,4.4,114,91.0,5.44,0.64,us,13.73,1.957,0.051,108
-5.8083,154.75,171.592,4.1,21,204.0,3.036,0.77,us,17.32,16.754,0.135,15
43.5793,147.9402,35.0,4.3,22,137.0,3.851,0.53,us,12.26,1.945,0.129,17
53.2957,159.8974,73.63,4.1,22,163.0,1.336,0.71,us,15.18,11.829,0.12,19
-22.1362,-67.3278,172.672,4.2,58,54.0,1.13,1.18,us,7.31,6.779,0.078,51
5.0719,125.6202,43.832,4.4,39,60.0,0.365,0.71,us,7.08,5.891,0.102,28
-17.0538,-174.0498,124.34,4.4,25,122.0,18.258,0.76,us,14.46,7.49,0.114,22
50.7904,156.4799,76.225,4.3,15,158.0,2.441,0.62,us,6.68,13.108,0.217,6
33.8145,25.72,35.0,4.0,42,179.0,2.097,0.94,us,7.82,1.976,0.125,17
50.4326,159.5148,10.0,4.2,20,227.0,2.65,0.83,us,10.21,1.926,0.176,10
47.9545,22.9676,10.0,4.3,19,121.0,1.537,1.18,us,4.89,1.975,0.217,6
39.5326,143.497,10.0,4.3,30,141.0,2.247,1.03,us,8.95,1.905,0.133,16
52.9016,160.8517,10.0,5.0,109,101.0,1.337,0.9,us,8.09,1.827,0.023,605
-57.6504,-8.7007,10.0,4.4,11,118.0,14.287,0.51,us,15.55,1.193,0.17,10
0.1486,121.9721,199.306,4.7,50,60.0,2.855,0.62,us,9.3,7.86,0.075,54
52.2749,159.5159,69.945,4.4,25,179.0,0.917,0.53,us,12.67,9.197,0.103,27
7.5868,-36.6151,10.0,4.4,12,117.0,13.344,0.54,us,15.3,1.951,0.179,9
-60.3049,-62.8163,10.0,4.7,29,130.0,4.522,0.88,us,10.51,1.91,0.102,29
51.6201,160.8177,10.0,4.2,66,135.0,1.935,0.59,us,10.02,1.841,0.069,59
51.8051,160.8378,10.0,5.2,112,92.0,1.812,0.95,us,7.16,1.847,0.025,526
39.7996,23.4607,13.226,4.3,61,61.0,0.806,0.69,us,4.5,4.266,0.097,30
5.9979,126.7703,95.212,4.4,36,108.0,1.592,0.88,us,3.97,6.398,0.098,30
29.3572,129.4546,9.968,4.7,93,112.0,2.312,0.48,us,7.04,4.066,0.062,78
49.5793,157.5322,16.76,4.5,24,136.0,3.519,0.78,us,9.24,4.765,0.145,14
51.8781,159.5286,63.249,4.5,72,130.0,1.267,0.93,us,9.64,7.029,0.069,64
-26.6063,-114.6182,10.0,4.6,20,176.0,38.883,0.52,us,12.3,1.88,0.132,17
-21.1079,-174.2828,22.138,4.7,33,161.0,7.546,0.49,us,15.25,6.507,0.104,28
44.7743,148.4408,78.22,4.2,69,135.0,4.238,0.55,us,9.16,6.66,0.071,58
-17.6827,168.3311,57.969,4.7,47,136.0,2.472,0.56,us,4.98,7.315,0.07,61
52.8095,160.5549,35.0,5.2,112,42.0,1.173,0.78,us,9.14,1.831,0.023,599
2.9711,-31.3085,10.0,4.5,34,90.0,20.039,0.96,us,9.83,1.647,0.099,30
24.0622,121.8513,13.298,4.6,50,51.0,0.259,0.4,us,2.88,3.477,0.096,32
24.6278,94.8742,109.15,4.4,53,126.0,3.406,0.76,us,9.67,8.81,0.085,40
-27.6076,-177.4072,84.728,4.7,31,121.0,1.695,0.61,us,13.22,6.256,0.115,23
18.3838,145.83,188.605,4.3,21,152.0,3.126,0.85,us,13.94,8.65,0.129,17
-24.1663,-115.4342,10.0,4.5,35,164.0,39.546,0.9,us,15.12,1.91,0.094,33
-2.2446,100.6998,69.668,4.3,19,196.0,3.08,0.52,us,5.04,10.741,0.154,12
-24.1555,-66.7645,192.182,4.2,19,92.0,2.759,0.9,us,11.33,11.981,0.152,12
51.8879,160.5654,10.0,4.0,24,155.0,1.633,0.84,us,10.73,1.974,0.133,15
-18.7664,-177.679,620.02,4.3,17,236.0,3.619,0.33,us,27.25,26.394,0.148,13
-5.1828,35.1436,10.0,4.4,10,154.0,4.03,0.59,us,9.44,1.936,0.22,6
36.0959,139.9355,83.632,4.2,26,155.0,1.464,0.59,us,7.62,8.606,0.152,14
-19.3779,-67.9592,190.074,4.3,41,70.0,1.2,0.7,us,7.23,7.06,0.1,28
29.283,129.3546,10.0,4.1,23,108.0,2.413,1.07,us,6.82,1.907,0.157,13
-20.594,-178.6689,614.565,4.6,56,79.0,4.199,0.84,us,12.78,2.508,0.033,270
51.5588,160.0252,10.0,4.4,21,127.0,1.693,0.6,us,5.32,1.914,0.149,13
29.3941,130.4834,35.308,4.4,28,123.0,2.108,0.77,us,8.65,6.781,0.134,16
1.857,127.3892,127.143,4.6,41,95.0,2.581,1.12,us,7.66,7.434,0.093,34
29.283,129.3649,10.0,4.4,39,108.0,2.41,1.17,us,4.32,1.888,0.112,23
52.9244,161.1829,10.0,4.3,20,188.0,1.535,1.13,us,11.05,1.991,0.133,16
10.2097,125.9317,10.0,4.5,48,130.0,3.139,0.72,us,8.11,1.901,0.086,40
26.2732,141.0657,117.054,4.5,35,122.0,1.294,0.65,us,9.64,7.295,0.089,37
-6.2798,-107.0047,10.0,4.4,92,145.0,25.113,0.55,us,16.8,1.928,0.057,92
-28.8637,-71.4331,38.444,4.0,16,156.0,0.659,0.38,us,4.4,10.322,0.3,3
-3.3034,130.3017,10.0,4.8,65,49.0,1.981,0.96,us,7.39,1.862,0.068,68
-46.9887,166.036,15.241,4.5,22,98.0,0.935,1.14,us,6.66,6.319,0.156,13
54.6143,-159.0877,27.123,4.1,60,154.0,0.363,0.69,us,5.3,6.426,0.165,11
-3.8974,136.8548,138.225,4.3,26,69.0,1.974,0.38,us,3.58,7.382,0.114,22
11.7644,143.2277,10.0,4.7,25,128.0,2.419,0.77,us,6.02,1.919,0.091,37
-2.1428,120.7358,10.0,4.6,29,62.0,0.533,0.8,us,6.02,1.93,0.125,22
29.2009,129.0443,10.0,4.2,34,103.0,2.453,1.16,us,6.67,1.904,0.125,18
-6.6917,155.1474,66.911,4.6,38,97.0,3.872,0.73,us,12.17,7.813,0.093,34
-10.1817,160.9105,15.093,4.6,36,78.0,1.203,0.27,us,9.17,2.698,0.093,34
51.0925,159.2291,26.201,4.5,80,127.0,1.967,0.85,us,7.37,5.264,0.055,97
-17.5198,167.8604,49.537,4.3,11,114.0,2.155,0.7,us,10.41,6.571,0.217,6
-19.9329,-69.3401,103.094,4.3,18,133.0,0.271,0.64,us,6.33,3.687,0.238,5
53.3666,161.2353,10.0,4.3,27,103.0,1.593,0.95,us,6.54,1.907,0.117,21
-2.5272,28.9942,10.0,4.4,30,88.0,8.37,0.65,us,9.58,1.825,0.112,23
12.5563,-88.137,50.904,4.3,70,137.0,0.925,0.99,us,3.57,8.217,0.071,56
50.1719,159.0046,10.0,4.1,33,138.0,2.864,0.52,us,12.1,1.93,0.109,23
-57.9207,-24.5323,10.0,4.4,22,104.0,16.434,0.65,us,13.75,1.925,0.115,22
53.0811,159.5427,35.0,4.9,97,115.0,0.542,0.76,us,8.37,1.914,0.042,181
-7.3415,122.5971,554.54,4.5,33,57.0,1.334,0.8,us,14.04,4.214,0.15,13
45.9826,150.8201,129.505,4.3,45,125.0,5.653,0.95,us,10.47,8.194,0.087,37
-10.3795,-78.7742,60.716,4.5,22,149.0,2.479,0.9,us,5.46,8.828,0.163,11
-7.1616,130.0467,68.662,4.3,37,40.0,4.751,0.72,us,8.31,6.907,0.113,22
-33.7941,-71.5126,53.057,4.6,48,144.0,0.161,0.66,us,3.25,3.91,0.111,24
6.3054,127.2913,10.0,4.3,13,90.0,1.862,0.95,us,8.08,1.947,0.238,6
-4.39,153.0537,10.0,4.6,29,119.0,0.909,1.33,us,7.13,1.889,0.129,26
-8.5233,118.3239,133.058,5.0,64,69.0,0.62,0.57,us,7.58,4.725,0.077,54
-30.633,-178.8006,121.021,4.7,34,103.0,1.577,0.79,us,12.66,8.469,0.082,46
51.732,161.0974,10.0,4.1,18,128.0,1.981,0.92,us,10.2,1.936,0.166,10
-60.2485,-25.2422,10.0,4.1,12,205.0,14.509,1.05,us,20.58,2.167,0.175,9
-59.9209,-151.1211,10.0,4.8,22,82.0,22.569,0.73,us,15.11,1.905,0.121,21
-28.4916,-177.4295,10.0,4.6,25,138.0,11.118,1.0,us,14.75,1.863,0.122,20
38.8235,70.6829,10.0,4.1,38,146.0,1.086,0.96,us,4.65,1.918,0.107,24
39.9983,142.5154,39.281,4.4,20,144.0,1.361,0.51,us,5.21,10.631,0.203,7
41.4541,142.1713,60.966,4.3,39,121.0,0.926,0.87,us,6.56,1.986,0.087,38
7.5345,126.8509,52.418,4.4,36,61.0,1.343,0.95,us,9.26,8.365,0.11,24
-22.5694,173.1224,10.0,4.4,11,209.0,5.245,1.37,us,17.57,1.972,0.189,8
53.2543,160.8739,31.802,4.2,27,136.0,1.36,1.19,us,12.3,6.292,0.107,24
-4.617,142.2445,114.529,4.1,14,210.0,2.594,1.23,us,9.72,14.9,0.198,7
-2.9284,136.3199,10.0,4.6,27,57.0,1.809,0.94,us,5.41,1.763,0.105,27
50.6683,157.9862,29.132,5.0,218,98.0,2.394,0.51,us,9.67,4.539,0.041,193
35.4745,140.149,66.626,4.3,37,128.0,1.899,0.74,us,6.92,7.567,0.126,18
12.8114,-89.2547,35.0,4.4,35,186.0,0.948,1.11,us,6.17,1.98,0.1,29
-24.4396,179.2269,545.001,4.4,31,98.0,5.418,0.58,us,13.73,13.468,0.105,26
25.0545,128.6587,10.0,4.1,20,101.0,1.808,1.21,us,6.17,1.912,0.158,13
36.6715,71.2243,119.632,4.4,41,167.0,1.921,0.75,us,7.14,9.879,0.102,28
55.3497,165.3096,10.0,4.3,59,153.0,4.553,0.95,us,13.87,1.928,0.077,48
2.8767,-31.3804,10.0,4.7,30,46.0,9.754,0.77,us,7.86,1.853,0.117,27
-4.2459,123.2959,25.0,4.6,79,34.0,0.861,0.63,us,5.47,4.846,0.073,56
4.9696,95.9887,10.0,4.6,20,131.0,0.989,0.88,us,7.46,1.899,0.182,9
50.2323,159.6843,10.0,4.3,40,135.0,2.868,0.68,us,7.86,1.715,0.098,29
40.7299,13.6049,404.05,4.1,59,53.0,0.789,0.77,us,7.37,6.317,0.123,18
-14.649,-173.2364,10.0,4.4,15,165.0,1.59,0.75,us,14.62,1.918,0.149,13
54.4458,-160.1031,39.1,3.9,134,177.0,0.488,0.87,us,6.24,10.463,0.155,11
49.2208,157.8044,10.0,5.2,122,61.0,3.845,0.75,us,8.36,1.845,0.021,787
-3.7733,127.8626,10.0,4.9,40,46.0,4.458,0.87,us,7.36,1.891,0.11,26
51.5513,-176.2425,33.859,3.5,23,222.0,0.327,1.14,us,4.72,8.111,0.202,6
-26.6899,-176.2602,35.0,4.6,17,176.0,33.693,0.49,us,15.65,1.97,0.129,18
40.292,141.8692,35.0,4.4,25,147.0,0.789,1.13,us,5.85,1.899,0.138,15
-23.4007,170.8321,10.0,4.3,19,246.0,3.216,0.59,us,11.22,1.949,0.16,11
16.9906,-94.3742,118.476,4.5,55,119.0,0.392,1.12,us,7.34,5.344,0.042,165
52.5181,160.1833,35.0,4.0,16,178.0,1.06,1.07,us,11.49,1.991,0.144,13
53.0164,159.8063,67.103,4.2,35,134.0,0.699,0.55,us,11.33,7.299,0.113,26
-22.4878,-67.7596,160.357,4.3,48,49.0,0.603,0.75,us,7.35,6.112,0.094,32
-55.2037,-27.9048,10.0,4.3,17,197.0,5.058,0.7,us,15.72,1.956,0.154,12
-4.9586,106.671,377.131,4.4,81,42.0,1.206,0.75,us,8.62,5.712,0.071,57
41.192,78.5358,10.0,4.8,69,94.0,1.311,0.81,us,6.08,1.864,0.054,104
-60.2434,-61.0851,10.0,5.0,80,64.0,4.75,0.59,us,9.09,1.775,0.073,61
-35.5066,-105.6565,10.0,4.9,157,143.0,8.925,0.56,us,12.63,1.895,0.046,153
12.7855,120.8882,10.0,4.4,29,102.0,15.601,0.8,us,11.38,1.444,0.11,24
53.2613,-168.8849,106.171,4.0,48,103.0,0.29,0.43,us,7.98,6.187,0.092,32
72.7597,4.1031,10.0,4.4,73,60.0,4.32,0.69,us,8.16,1.907,0.069,60
51.9079,158.904,62.834,4.0,24,163.0,1.128,0.48,us,10.4,7.718,0.129,16
2.9239,128.3278,61.183,4.6,32,72.0,3.363,0.85,us,8.28,9.543,0.107,26
19.3811,145.2434,185.986,4.1,17,150.0,4.15,0.65,us,15.32,10.758,0.139,14
39.5869,143.2433,37.562,4.4,35,155.0,2.056,0.41,us,9.07,8.406,0.121,20
-58.767,-24.9017,10.0,4.5,41,83.0,7.82,0.48,us,11.33,1.873,0.091,35
29.5939,129.6537,10.0,4.6,45,84.0,2.03,0.47,us,7.48,1.904,0.098,31
-19.3975,-175.6266,249.435,4.4,36,92.0,5.394,0.92,us,11.52,8.16,0.092,34
-14.5885,-76.5399,10.0,4.2,16,148.0,2.602,0.78,us,10.68,1.933,0.146,13
51.5352,159.8356,10.0,4.6,20,121.0,1.659,0.61,us,6.42,1.932,0.158,12
23.4513,121.4769,30.693,4.1,30,93.0,0.175,1.22,us,3.65,1.792,0.185,9
30.3457,138.3942,427.731,4.3,89,79.0,3.014,0.65,us,10.56,8.014,0.048,122
48.4089,154.165,82.888,4.6,37,116.0,5.212,1.06,us,11.94,7.41,0.072,57
-32.9642,-178.826,33.61,5.0,28,123.0,5.152,1.05,us,12.31,7.178,0.115,24
-5.8843,131.3178,23.781,4.4,15,131.0,1.952,0.88,us,11.26,7.521,0.179,9
-2.1308,138.9934,35.0,4.5,28,76.0,0.971,0.89,us,6.16,1.831,0.116,22
52.8924,161.2734,10.0,4.8,105,119.0,1.592,0.81,us,8.68,1.875,0.034,270
2.0198,99.0703,145.075,4.4,44,106.0,0.685,0.73,us,6.64,4.725,0.086,39
52.6315,160.625,10.0,5.0,94,116.0,1.261,0.93,us,8.54,1.873,0.03,347
9.545,-40.4776,10.0,4.6,26,59.0,12.844,0.69,us,13.05,1.887,0.136,19
-60.3604,-61.9665,10.0,4.9,28,116.0,4.534,0.73,us,11.65,1.098,0.177,12
7.3684,126.6791,70.245,4.9,89,112.0,1.131,0.67,us,9.59,7.476,0.059,90
51.8851,161.2541,10.0,4.3,46,126.0,1.959,0.2,us,9.19,1.899,0.091,34
7.3616,127.4039,10.0,4.3,50,64.0,3.238,0.93,us,7.53,2.432,0.082,42
-47.2934,-13.2903,10.0,4.9,28,85.0,24.943,0.66,us,13.82,1.846,0.122,21
-17.8681,-178.0372,609.239,4.2,17,181.0,2.838,0.67,us,21.61,15.184,0.141,16
-30.5085,-177.1039,10.0,4.2,18,260.0,9.087,0.76,us,14.12,2.004,0.159,11
7.5157,126.9389,20.631,4.4,33,65.0,1.42,0.97,us,8.95,5.74,0.105,26
32.6188,47.9026,10.0,4.1,17,222.0,3.083,0.75,us,15.0,2.016,0.197,7
37.7225,144.546,10.0,4.0,18,156.0,4.084,0.77,us,11.96,1.95,0.144,13
-20.5344,-178.9538,623.051,4.6,127,90.0,3.963,0.6,us,12.26,6.785,0.047,132
51.4757,159.6917,28.297,4.9,74,121.0,1.677,1.02,us,8.2,5.388,0.043,167
52.072,-175.091,74.568,4.1,70,170.0,0.522,0.69,us,8.21,6.565,0.076,48
52.8795,160.7762,10.0,5.0,83,119.0,1.294,0.67,us,9.69,1.893,0.065,76
14.7587,119.7692,10.0,4.5,48,99.0,8.111,0.84,us,9.56,1.89,0.091,36
-20.6284,-177.8146,486.497,4.2,30,132.0,4.845,0.35,us,14.51,9.055,0.099,28
52.6875,160.6998,10.0,4.3,46,134.0,1.288,0.45,us,11.21,1.904,0.088,37
51.4589,159.4537,35.0,4.3,20,135.0,1.643,1.11,us,11.38,1.952,0.143,14
52.2899,159.5543,35.0,4.8,82,120.0,0.918,0.88,us,4.09,1.936,0.053,110
51.1787,157.9073,62.749,4.4,21,138.0,1.903,0.95,us,11.38,8.407,0.155,12
50.3753,159.2399,10.0,4.3,26,126.0,2.677,0.51,us,8.64,1.795,0.129,17
-39.6702,-75.1516,10.0,4.3,24,142.0,1.346,0.66,us,8.88,1.92,0.138,15
30.3408,69.9587,10.0,4.6,41,96.0,4.22,1.2,us,8.58,1.776,0.099,30
60.3945,-139.5724,10.0,4.1,41,84.0,0.453,0.9,us,4.46,1.319,0.261,4
28.0576,142.4236,22.272,4.3,33,137.0,0.981,0.72,us,8.65,5.973,0.116,21
-48.9783,124.8926,10.0,4.4,19,118.0,16.708,1.4,us,10.47,1.932,0.13,17
-4.5323,153.1886,95.17,4.6,36,101.0,1.077,0.81,us,8.56,6.56,0.098,31
23.7742,123.5196,38.659,4.1,23,129.0,0.832,0.93,us,5.06,8.964,0.197,9
-6.1833,142.3374,10.0,5.2,54,60.0,2.906,0.75,us,5.54,1.64,0.061,89
40.161,142.5495,42.412,4.3,16,135.0,1.295,0.34,us,10.84,9.413,0.161,11
52.517,160.6831,10.0,4.4,67,121.0,1.335,0.97,us,4.62,1.89,0.075,52
27.9898,50.4539,10.0,4.1,13,195.0,5.979,1.1,us,9.75,2.004,0.262,4
-10.611,161.4664,34.026,4.2,29,111.0,1.896,0.74,us,9.78,6.141,0.115,21
-5.2164,152.724,35.0,4.5,29,196.0,1.14,0.8,us,12.23,1.97,0.093,34
50.5753,157.4751,35.0,4.7,36,130.0,2.54,0.92,us,9.57,1.927,0.095,34
3.1709,97.3212,59.324,5.0,82,59.0,1.872,1.09,us,9.75,5.826,0.053,114
12.3507,141.8589,10.0,4.7,44,105.0,3.181,0.78,us,12.01,1.919,0.088,39
52.7405,161.1469,10.0,4.1,18,196.0,1.539,0.74,us,7.65,1.994,0.144,14
8.9268,93.8553,10.0,4.7,47,77.0,4.786,0.62,us,10.05,1.876,0.085,42
-31.4822,-178.1921,35.0,4.5,13,166.0,2.241,0.32,us,14.46,1.934,0.181,10
-4.8915,102.9727,65.331,4.7,84,92.0,0.528,0.7,us,7.12,6.113,0.067,75
52.7985,160.6553,10.0,4.5,73,112.0,1.235,0.85,us,10.08,1.887,0.056,93
11.6158,140.7343,47.872,4.7,44,61.0,4.487,0.63,us,8.33,5.485,0.067,68
-22.6022,-69.0076,110.11,4.3,41,49.0,0.531,1.01,us,5.55,6.253,0.126,18
17.4847,-61.2607,22.975,4.3,39,178.0,0.533,0.82,us,5.65,7.212,0.201,8
-33.6622,-178.7327,10.0,4.7,31,76.0,4.457,0.55,us,10.93,1.868,0.106,27
6.2575,127.4141,10.0,4.4,24,84.0,1.993,0.7,us,4.88,1.913,0.143,17
51.081,159.6891,10.0,4.4,18,192.0,2.048,1.12,us,13.1,1.965,0.148,13
52.0683,160.3595,10.0,4.0,12,153.0,1.416,0.68,us,9.26,1.977,0.26,4
-10.3674,161.3064,70.252,4.3,50,112.0,1.626,0.72,us,8.28,5.208,0.094,37
9.5091,94.0036,10.0,4.6,68,88.0,5.603,0.67,us,6.83,1.759,0.072,58
-53.9769,-1.7298,10.0,4.5,13,91.0,17.768,1.0,us,10.92,1.852,0.163,11
6.2369,94.9807,10.0,4.6,52,70.0,2.198,0.84,us,8.17,1.855,0.078,54
39.6117,139.4794,11.854,4.6,83,122.0,1.69,0.58,us,7.55,4.202,0.07,61
-21.1877,-68.7845,114.015,4.4,25,74.0,0.672,0.84,us,5.25,4.974,0.134,16
52.8869,159.7404,76.92,4.0,22,137.0,1.254,0.66,us,13.65,9.043,0.138,14
39.4321,143.5073,10.0,4.3,32,135.0,2.312,1.11,us,6.62,1.666,0.129,17
19.0599,121.301,10.0,4.2,33,123.0,3.744,0.83,us,12.76,1.926,0.11,23
-16.6205,-179.595,544.439,4.1,31,132.0,1.002,1.18,us,15.64,9.774,0.081,41
12.7999,123.5914,10.0,4.5,45,91.0,8.229,0.61,us,4.92,1.894,0.103,28
-6.2374,151.739,10.0,4.6,28,83.0,5.521,0.59,us,6.77,1.732,0.119,21
50.9447,158.2915,69.424,5.1,51,137.0,2.094,0.7,us,11.62,7.519,0.083,47
-52.149,14.7784,10.0,4.3,13,119.0,20.24,0.85,us,15.08,1.957,0.168,12
5.9272,61.3713,10.0,4.3,16,194.0,23.225,0.57,us,11.07,1.94,0.177,9
-29.6146,-176.6915,10.0,4.6,12,133.0,8.955,0.85,us,13.4,1.902,0.193,8
17.3336,-94.2491,170.032,4.7,47,69.0,0.1,1.31,us,6.39,5.965,0.049,124
1.0503,97.1318,10.0,4.8,68,176.0,2.423,0.48,us,6.66,1.877,0.073,58
0.597,119.0077,10.0,4.2,20,132.0,1.846,0.87,us,8.17,1.859,0.141,15
22.4055,143.1202,174.318,4.7,129,113.0,4.746,0.59,us,10.25,7.26,0.051,115
53.4274,160.8714,31.291,4.6,54,84.0,1.396,0.84,us,8.4,3.003,0.084,42
34.7116,70.7627,10.0,4.3,32,209.0,1.357,0.85,us,7.6,1.964,0.104,26
49.7936,155.8633,69.691,4.6,55,135.0,3.512,0.33,us,12.34,7.44,0.05,122
-32.941,179.1459,356.666,4.0,23,80.0,4.661,0.82,us,14.93,9.407,0.119,19
-56.579,146.3353,10.0,4.2,12,180.0,20.558,0.46,us,23.07,1.994,0.16,11
-26.5905,178.7837,550.873,4.0,19,76.0,3.948,0.83,us,15.62,11.917,0.139,14
39.8143,140.3285,10.0,4.3,17,156.0,1.125,0.66,us,6.22,1.928,0.2,7
51.9986,160.378,10.0,4.5,65,124.0,1.473,1.37,us,9.5,1.888,0.069,62
-37.4511,77.985,10.0,4.7,45,60.0,41.588,0.63,us,12.41,1.876,0.086,41
38.2331,103.8304,10.0,4.7,178,74.0,2.275,0.64,us,8.1,1.828,0.04,190
51.4774,160.7726,10.0,4.3,66,128.0,2.025,0.7,us,8.85,1.884,0.08,45
35.31,140.2222,68.858,4.2,25,131.0,2.044,0.82,us,8.13,7.383,0.128,17
25.124,91.7482,10.0,4.2,22,103.0,8.157,0.67,us,15.08,1.915,0.128,17
-24.2946,-67.2128,170.193,4.2,41,55.0,1.604,0.73,us,4.46,8.822,0.147,13
51.0212,-179.8061,35.0,4.5,59,176.0,0.665,0.65,us,4.7,1.928,0.041,177
-14.7822,167.3962,132.752,4.5,31,253.0,0.687,0.46,us,13.07,6.182,0.108,25
52.5972,161.0003,35.0,4.1,16,137.0,1.489,0.66,us,10.86,1.956,0.151,12
-5.339,133.9041,10.0,5.1,71,38.0,2.635,0.65,us,8.3,1.778,0.065,77
-21.2697,171.4801,10.0,4.9,62,75.0,3.976,0.71,us,5.43,1.894,0.072,60
52.1092,160.4426,10.0,4.5,70,124.0,1.427,0.76,us,9.87,1.896,0.071,59
-24.6527,179.9802,532.511,4.5,18,210.0,7.104,0.55,us,19.76,24.815,0.14,15
49.2367,158.5882,10.0,4.5,32,137.0,3.792,0.43,us,9.33,1.898,0.091,35
18.6747,120.637,28.121,4.7,53,118.0,4.143,1.0,us,12.14,5.902,0.077,51
51.6343,160.144,10.0,4.3,31,154.0,1.666,0.81,us,9.17,1.93,0.104,26
-5.2022,151.6993,117.783,4.5,62,70.0,0.947,0.79,us,9.51,7.65,0.079,47
2.0981,96.662,10.0,4.4,41,138.0,1.207,0.86,us,6.6,1.875,0.103,29
50.3229,157.3196,35.0,4.9,273,100.0,2.799,0.6,us,8.38,1.886,0.026,464
12.9374,122.8587,10.0,4.7,53,103.0,6.416,0.62,us,10.79,1.879,0.086,42
-6.5797,104.4407,54.834,4.5,37,170.0,1.76,0.8,us,9.57,8.82,0.092,35
3.1264,-31.3815,10.0,4.7,46,122.0,9.974,0.38,us,12.37,1.809,0.09,37
-3.6493,142.2499,35.0,4.7,39,66.0,1.912,0.75,us,7.23,1.928,0.115,23
16.0222,-96.5721,42.291,4.4,71,148.0,0.512,1.33,us,6.02,9.47,0.038,196
54.5132,-160.2302,35.0,3.9,36,213.0,0.49,1.05,us,5.16,1.935,0.142,13
51.4181,159.6997,10.0,5.3,110,80.0,1.733,1.01,us,7.52,1.777,0.026,488
35.4532,135.6043,352.615,4.2,74,75.0,1.168,0.76,us,7.58,6.217,0.054,99
52.4878,160.8602,30.064,4.1,25,121.0,1.446,0.98,us,11.29,6.854,0.107,24
51.5041,159.3391,38.295,4.5,34,133.0,1.58,1.04,us,11.52,7.919,0.109,25
51.2004,159.1994,35.0,4.8,39,227.0,1.857,0.52,us,12.82,1.974,0.094,35
51.3196,98.354,10.0,4.3,47,56.0,3.325,0.77,us,8.3,1.908,0.081,43
53.1268,161.1155,29.163,4.7,143,62.0,1.491,0.73,us,8.75,5.062,0.044,159
-5.5947,104.3749,10.0,4.6,45,113.0,0.811,1.17,us,5.73,1.863,0.092,35
35.7046,140.3113,51.81,4.4,17,125.0,1.896,0.52,us,8.44,10.89,0.18,9
52.0285,160.4338,11.523,4.8,60,88.0,1.989,0.71,us,9.26,4.902,0.073,57
52.2952,160.6851,24.74,4.4,19,166.0,1.438,0.9,us,13.77,7.561,0.162,11
-24.2456,-67.1726,166.888,4.4,49,43.0,1.584,1.15,us,4.46,8.15,0.11,28
51.4892,159.7334,10.0,4.9,131,81.0,1.675,0.65,us,7.32,1.797,0.052,115
14.649,-94.2682,10.0,4.6,65,156.0,2.021,0.82,us,7.09,1.923,0.041,177
50.9275,160.2274,10.0,4.2,18,155.0,2.315,1.06,us,9.92,1.965,0.147,14
5.7949,126.383,104.85,4.4,37,61.0,1.387,1.0,us,8.74,7.479,0.107,26
-61.1907,-28.1435,10.0,4.6,11,109.0,16.897,0.99,us,15.98,1.936,0.117,22
50.8267,160.273,10.0,4.5,141,133.0,2.418,0.68,us,8.29,1.894,0.035,235
30.6025,141.6522,10.0,4.4,26,123.0,2.953,0.59,us,9.16,1.891,0.149,13
-17.7514,-175.2998,238.697,4.6,48,72.0,5.104,0.61,us,10.2,7.95,0.082,44
20.6086,121.1892,34.688,4.4,37,112.0,2.729,0.71,us,9.96,7.261,0.11,27
50.2942,157.6672,35.0,4.4,31,136.0,2.801,0.78,us,11.19,1.939,0.126,18
50.1261,156.8098,59.048,4.2,21,137.0,3.037,0.32,us,14.51,8.606,0.152,12
52.587,160.5846,32.647,4.3,52,137.0,1.826,0.83,us,12.43,6.265,0.083,41
11.937,140.5547,44.764,4.6,127,36.0,4.517,0.6,us,8.31,6.822,0.052,117
-36.0216,179.8197,17.631,4.6,33,158.0,1.96,0.92,us,12.1,5.121,0.116,22
-4.6174,153.6788,99.665,4.4,41,119.0,1.569,0.57,us,9.87,7.088,0.095,32
31.9102,92.921,10.0,4.8,113,38.0,2.687,0.44,us,7.51,1.859,0.052,117
50.0947,159.2446,10.0,4.4,31,135.0,2.956,0.46,us,10.86,1.924,0.103,27
-51.3994,-75.3811,18.674,4.3,15,177.0,2.766,0.92,us,10.84,6.11,0.177,9
40.847,141.0069,84.239,4.3,43,88.0,0.072,0.99,us,10.12,2.26,0.094,32
51.3993,158.7285,18.834,5.0,93,91.0,1.627,0.74,us,8.29,3.891,0.025,527
52.3877,161.6361,10.0,4.5,93,120.0,1.925,0.5,us,6.83,1.87,0.057,91
49.2119,155.0136,70.014,4.4,29,127.0,4.251,0.52,us,10.86,8.537,0.143,14
-14.6503,167.3741,94.492,4.2,21,154.0,0.809,0.55,us,8.21,6.144,0.128,19
-5.3622,153.4537,35.0,4.4,24,94.0,1.767,0.42,us,5.68,1.918,0.12,20
-11.3415,118.5182,10.0,4.4,17,123.0,2.413,1.1,us,7.0,1.91,0.154,13
-23.8589,-67.7832,152.805,4.5,24,73.0,0.973,1.07,us,7.71,7.8,0.135,16
60.5366,-139.9898,5.0,4.2,39,54.0,0.461,1.11,us,1.96,1.874,0.265,7
12.3753,-87.9581,47.201,4.3,40,196.0,0.969,1.02,us,12.62,9.281,0.094,32
-51.012,162.1062,10.0,4.7,38,93.0,3.986,0.67,us,9.22,1.892,0.123,22
41.8352,140.6532,132.836,4.1,42,128.0,1.09,0.56,us,8.37,10.364,0.1,27
52.1637,159.0157,61.099,4.1,36,162.0,0.889,0.59,us,9.4,7.804,0.103,26
-38.1869,176.1123,196.427,4.4,32,62.0,0.663,0.82,us,7.61,7.239,0.12,20
41.7464,142.7489,57.814,4.2,17,140.0,0.406,0.88,us,8.34,8.822,0.159,11
-53.742,140.0773,10.0,4.5,15,132.0,19.042,0.45,us,15.35,1.96,0.145,14
-9.6123,119.5807,67.743,4.9,81,53.0,0.709,1.16,us,6.03,4.964,0.073,59
-14.9705,-173.5407,10.0,4.3,23,60.0,2.004,1.15,us,10.4,1.879,0.143,14
-20.6685,-178.089,522.112,4.2,59,100.0,4.663,0.8,us,13.89,8.436,0.076,48
52.6756,160.7157,10.0,4.5,118,121.0,1.3,0.58,us,7.86,1.876,0.041,173
-43.7809,-16.2259,10.0,5.0,76,67.0,7.338,0.42,us,10.77,1.851,0.07,69
11.2535,124.1286,10.0,4.6,60,82.0,4.397,0.69,us,11.79,1.882,0.066,69
50.6854,156.7445,99.345,4.7,57,135.0,2.497,0.57,us,9.7,7.557,0.031,304
29.639,81.421,10.0,4.6,76,45.0,8.445,0.76,us,9.45,1.886,0.076,51
51.4612,157.4403,90.499,4.2,74,171.0,1.657,0.48,us,11.53,7.854,0.066,64
-15.5439,166.6985,10.0,4.7,29,95.0,0.496,0.33,us,6.62,1.874,0.133,17
51.3784,160.8103,10.0,4.2,36,128.0,2.117,0.57,us,8.17,1.801,0.118,20
-17.9318,-178.3497,561.357,4.6,109,29.0,2.615,0.87,us,11.05,5.698,0.029,358
51.2967,159.4748,40.389,5.0,76,117.0,1.802,0.79,us,9.83,6.819,0.049,134
3.3758,-82.9263,10.0,4.8,71,146.0,4.571,0.67,us,8.19,1.834,0.074,56
52.338,160.0971,35.0,5.3,104,110.0,1.117,0.81,us,8.84,1.916,0.06,93
42.4544,144.2913,81.265,5.0,116,121.0,0.95,0.63,us,7.96,6.373,0.057,99
6.3761,126.5946,10.0,4.1,13,178.0,1.221,0.87,us,8.43,1.959,0.184,9
51.3891,159.0767,35.0,4.6,94,109.0,1.658,0.74,us,8.57,1.903,0.045,147
51.7915,159.8475,22.905,5.1,69,125.0,1.435,0.97,us,9.48,5.594,0.059,92
14.0807,-93.2214,10.0,4.3,59,196.0,1.499,0.95,us,6.28,1.961,0.059,81
52.0585,178.4925,157.232,3.7,36,131.0,0.114,0.82,us,14.96,10.175,0.097,27
1.8304,122.8927,434.959,4.0,21,61.0,2.228,1.21,us,10.74,9.095,0.182,9
51.404,159.1931,10.0,4.3,37,132.0,1.656,0.36,us,9.33,1.888,0.105,26
31.9675,131.9413,31.361,4.4,44,98.0,1.348,0.81,us,5.9,6.555,0.107,25
54.6313,161.5996,55.4,4.2,31,105.0,2.377,0.74,us,10.84,8.062,0.091,33
52.3174,160.1852,30.832,4.7,47,134.0,1.172,0.92,us,10.45,6.04,0.085,42
-55.527,-26.9868,10.0,4.6,48,102.0,5.622,0.54,us,11.53,1.869,0.09,37
52.2526,160.4386,25.588,4.7,63,163.0,1.336,0.85,us,12.13,6.713,0.073,57
-23.666,-179.6844,508.528,4.3,34,106.0,5.774,0.93,us,13.59,6.141,0.098,29
53.1098,161.4868,10.0,4.5,27,137.0,1.714,1.02,us,7.22,1.912,0.108,25
-10.7646,161.6979,35.0,4.5,24,159.0,2.17,0.53,us,9.33,1.91,0.124,19
56.1746,117.3235,10.0,4.7,60,56.0,6.79,0.86,us,10.02,1.889,0.045,151
50.0326,158.8601,10.0,4.4,35,141.0,2.998,0.62,us,10.1,1.923,0.103,27
-19.081,-177.6101,559.298,4.2,38,88.0,3.87,1.15,us,14.36,8.306,0.096,30
-33.0054,-70.4629,104.373,4.2,29,77.0,0.225,0.4,us,4.21,4.871,0.236,5
40.9601,143.1043,35.0,4.0,16,175.0,1.055,0.74,us,6.25,1.974,0.196,7
52.1842,160.3934,10.0,4.5,47,121.0,1.355,1.33,us,8.48,1.902,0.094,35
20.7633,96.9288,10.0,4.2,29,122.0,1.931,0.67,us,8.04,1.899,0.124,20
-58.9971,-23.5339,10.0,4.0,13,93.0,19.325,0.47,us,8.9,1.904,0.183,10
52.2378,160.0571,35.0,4.1,13,175.0,1.164,0.86,us,11.83,1.947,0.234,6
51.2059,158.6169,41.411,4.2,37,128.0,1.82,0.87,us,11.1,8.594,0.096,30
-22.8648,-68.8907,102.385,4.5,48,68.0,0.662,0.88,us,4.86,6.228,0.063,75
51.5499,159.5243,10.0,4.8,68,127.0,1.57,1.28,us,8.32,1.874,0.053,108
10.8114,123.6127,10.0,4.8,10,166.0,10.039,0.62,us,11.86,1.956,0.226,7
4.0695,126.6845,26.731,4.9,63,70.0,1.371,0.95,us,6.61,5.586,0.082,47
24.8149,-107.3051,10.0,4.2,60,201.0,1.748,1.09,us,6.53,1.972,0.06,78
50.2829,157.2626,59.736,5.0,194,121.0,2.842,0.62,us,9.74,6.248,0.024,560
51.6723,160.6441,10.0,4.4,25,128.0,1.824,0.92,us,9.7,1.93,0.134,16
52.5176,160.7506,27.845,4.1,27,150.0,1.373,1.11,us,9.97,6.294,0.109,23
-32.2113,-13.2885,10.0,5.0,46,68.0,4.911,0.88,us,11.05,1.878,0.08,50
60.5446,-139.8936,5.0,4.4,68,49.0,0.484,1.15,us,1.96,1.884,0.109,24
54.5645,-159.8742,38.316,4.0,83,160.0,0.314,0.62,us,5.11,7.418,0.196,7
36.2217,69.2333,37.263,4.6,40,148.0,2.431,0.81,us,9.89,6.57,0.068,65
52.159,160.2778,44.436,4.5,50,162.0,1.317,0.52,us,10.53,7.134,0.086,40
38.7987,142.1097,52.533,4.5,60,133.0,2.145,0.46,us,9.23,6.565,0.064,71
52.5398,160.7671,10.0,4.5,61,162.0,1.374,0.64,us,10.29,1.937,0.067,66
54.3946,-158.772,10.0,4.1,55,161.0,0.646,0.71,us,4.16,1.918,0.117,20
10.8819,123.8845,10.0,4.6,42,127.0,6.31,0.9,us,13.74,1.892,0.092,35
52.6014,160.4716,44.27,4.1,22,137.0,1.184,1.09,us,10.84,7.579,0.165,11
49.7425,158.6707,10.0,4.6,97,134.0,3.285,0.73,us,5.09,1.893,0.05,119
-57.1362,-67.2125,10.0,4.7,24,146.0,2.222,0.56,us,14.89,1.964,0.127,19
54.3704,-159.9762,33.456,3.8,64,192.0,0.514,0.62,us,6.64,10.75,0.18,8
52.81,161.0671,26.364,4.6,26,120.0,1.479,0.89,us,7.93,4.801,0.132,17
29.1776,129.4011,10.0,4.5,66,56.0,2.495,0.51,us,6.84,1.895,0.08,46
16.5187,-59.7045,10.0,4.6,61,128.0,1.323,0.52,us,7.13,1.908,0.092,35
52.3892,160.8127,10.0,4.2,21,160.0,1.461,0.8,us,11.14,1.97,0.153,12
45.6845,42.2956,10.0,4.3,41,55.0,2.675,0.78,us,7.57,1.914,0.085,39
-22.0863,-68.9743,102.907,4.3,15,144.0,0.381,0.56,us,5.41,4.764,0.216,6
51.5862,159.1579,56.19,4.3,44,137.0,1.473,0.66,us,9.0,5.098,0.09,35
50.9678,157.1172,87.219,4.2,40,134.0,2.174,0.57,us,13.78,8.776,0.088,36
14.3891,-90.7527,10.0,4.0,13,158.0,0.285,0.66,us,2.35,1.982,0.367,2
53.1325,160.4716,35.0,4.0,14,144.0,1.104,0.46,us,10.71,1.986,0.182,8
-6.9829,129.5921,150.547,4.1,22,132.0,4.827,0.78,us,10.27,5.309,0.135,15
23.7187,90.427,10.0,4.1,29,147.0,4.847,0.39,us,9.98,1.763,0.117,20
52.0033,160.6563,10.0,4.1,23,125.0,1.596,1.16,us,5.49,1.88,0.119,19
-58.0595,-24.6223,10.0,5.2,108,39.0,7.625,0.69,us,10.26,1.778,0.06,92
49.0365,157.5405,10.0,4.1,17,168.0,4.053,0.42,us,12.04,1.943,0.145,14
-18.3721,-71.3946,34.616,4.6,32,137.0,1.0,1.24,us,6.81,5.57,0.119,23
-29.9733,-179.395,298.88,4.7,95,100.0,1.466,0.52,us,12.27,7.116,0.058,90
52.3854,160.7731,10.0,4.4,43,134.0,1.441,0.94,us,5.85,1.908,0.098,30
29.689,129.9032,78.512,4.7,62,119.0,1.875,0.85,us,7.87,7.325,0.046,140
-22.8548,-179.492,528.326,4.4,22,111.0,5.581,0.72,us,8.71,12.299,0.154,17
-15.4012,-176.1986,330.0,4.2,32,113.0,4.524,0.68,us,14.64,1.973,0.081,42
51.6356,159.071,35.0,4.3,26,137.0,1.414,0.63,us,11.74,1.946,0.116,21
51.4367,159.4866,31.169,4.5,49,137.0,1.67,0.87,us,9.05,4.591,0.083,43
45.177,78.3673,10.0,4.3,60,75.0,2.016,0.57,us,5.9,1.893,0.093,34
2.4651,126.7563,48.141,4.5,38,104.0,2.588,0.88,us,10.74,7.63,0.107,26
51.4198,158.6045,35.0,4.3,64,127.0,1.606,0.67,us,9.4,1.933,0.074,52
30.4466,69.518,37.479,4.4,111,66.0,8.196,0.49,us,10.15,6.977,0.056,99
-47.3633,165.4721,10.0,4.3,37,99.0,1.457,0.91,us,8.11,1.922,0.177,9
-61.1702,-36.4403,10.0,4.7,28,112.0,6.906,0.8,us,9.14,1.927,0.102,29
-1.7993,139.1109,22.998,4.9,91,82.0,1.185,0.83,us,6.05,5.271,0.067,71
-21.8724,179.7395,599.507,4.5,52,58.0,4.402,0.75,us,13.81,10.234,0.082,44
46.8285,20.1452,13.94,4.1,30,126.0,1.104,0.74,us,6.63,3.136,0.157,11
-6.7174,102.0604,10.0,4.2,31,77.0,2.505,0.54,us,6.5,1.901,0.121,19
52.0221,160.4813,35.0,4.2,24,135.0,1.503,0.6,us,11.62,1.943,0.141,14
-4.5266,152.6067,99.507,4.3,27,153.0,0.553,1.05,us,11.17,6.095,0.133,18
-6.3028,146.7093,107.146,4.3,32,126.0,3.114,0.82,us,7.52,8.634,0.105,26
52.8036,159.2221,71.828,4.6,124,100.0,0.41,0.75,us,8.61,4.531,0.046,139
21.0837,121.9257,10.0,4.8,117,78.0,1.896,0.73,us,2.31,1.839,0.049,127
-31.9653,-66.9423,145.674,4.6,105,51.0,1.53,0.89,us,6.4,5.594,0.034,262
51.7528,159.8686,10.0,4.1,24,167.0,1.476,0.6,us,10.18,1.968,0.131,16
51.6457,159.3114,59.317,4.5,26,137.0,1.438,0.73,us,6.9,7.486,0.103,28
6.6892,126.6242,101.687,4.4,27,127.0,1.104,0.99,us,6.12,7.603,0.123,20
41.2934,140.6781,138.052,4.1,34,81.0,0.582,0.63,us,8.92,6.202,0.114,21
-53.5331,24.905,10.0,4.5,18,105.0,21.346,0.45,us,12.07,1.915,0.132,17
26.3752,124.7013,10.0,4.3,20,86.0,2.032,1.05,us,7.67,1.935,0.238,5
34.6544,70.7618,10.0,4.4,36,149.0,1.35,0.55,us,10.04,1.952,0.1,29
52.2175,160.5871,10.0,4.3,33,123.0,1.43,1.01,us,9.35,1.914,0.098,30
-9.5367,159.2885,10.726,4.9,65,46.0,0.657,0.62,us,6.73,4.405,0.073,59
51.3186,157.5609,75.027,4.1,34,127.0,1.794,0.93,us,9.18,7.743,0.097,29
-20.806,-173.5816,10.0,4.5,17,116.0,3.844,0.77,us,12.82,1.891,0.15,13
29.3086,129.2135,10.0,5.0,50,87.0,2.441,1.07,us,6.84,1.895,0.096,35
21.6881,144.4612,83.446,4.4,36,124.0,5.769,0.62,us,11.67,6.155,0.111,23
19.5749,146.5963,35.0,4.3,25,159.0,4.379,0.76,us,11.66,1.949,0.125,18
49.6341,160.0691,10.0,5.0,134,130.0,3.509,0.6,us,8.91,1.867,0.027,447
51.1533,159.2446,35.0,4.4,35,222.0,1.909,0.65,us,10.44,1.98,0.092,34
-20.8579,-178.7333,548.336,4.5,103,111.0,4.336,0.61,us,12.87,6.836,0.044,157
-22.0927,-68.5618,118.442,4.4,50,106.0,0.697,0.75,us,5.58,5.709,0.081,44
-7.3196,147.8867,58.863,5.1,105,29.0,2.193,0.58,us,8.9,5.169,0.058,96
9.0733,125.7413,10.0,4.4,26,101.0,1.997,0.5,us,6.23,1.886,0.135,17
-18.301,-67.0377,266.728,4.1,27,112.0,2.258,0.54,us,8.93,8.991,0.12,19
0.975,-26.2223,10.0,4.5,25,92.0,11.792,0.63,us,5.1,1.885,0.124,19
50.2768,159.0998,10.0,4.9,71,125.0,2.765,1.03,us,8.39,1.87,0.029,363
51.7686,159.5178,10.0,4.6,36,122.0,1.365,1.33,us,6.5,1.9,0.125,29
23.3843,142.8833,41.105,4.7,36,77.0,3.749,0.77,us,12.02,7.06,0.074,56
52.766,161.2899,10.0,4.0,13,195.0,1.62,1.18,us,12.55,2.001,0.212,6
54.5235,-159.6828,30.579,3.9,76,187.0,0.313,0.72,us,6.72,7.492,0.23,5
-62.5639,-159.07,10.0,4.6,23,106.0,18.679,0.89,us,15.62,1.9,0.152,13
7.3364,127.0845,10.0,4.9,91,55.0,1.517,1.18,us,6.57,1.855,0.056,99
-15.3566,-72.037,118.506,4.3,18,125.0,3.309,1.38,us,8.75,9.624,0.101,28
28.1456,129.1021,59.049,4.3,43,129.0,1.498,0.67,us,9.7,7.86,0.091,34
53.2864,168.4951,10.0,4.5,71,166.0,3.431,0.6,us,11.19,1.928,0.056,93
-10.3814,114.1182,10.0,4.8,48,43.0,1.899,1.28,us,7.21,1.867,0.084,44
52.1616,160.6216,21.093,4.6,48,75.0,1.48,0.74,us,6.98,4.185,0.091,36
51.4172,161.0597,10.0,4.1,35,129.0,2.187,0.51,us,6.68,1.856,0.091,33
51.7771,158.3398,80.926,4.2,53,124.0,1.263,0.82,us,8.64,4.618,0.083,42
50.4915,159.7905,10.0,4.6,24,128.0,2.633,0.65,us,8.36,1.717,0.141,16
30.8371,99.9943,10.0,4.5,46,109.0,5.97,0.64,us,8.93,1.902,0.098,31
52.0807,160.3525,10.0,4.8,101,125.0,8.434,1.28,us,9.27,1.868,0.051,119
51.548,159.5784,10.0,4.6,23,127.0,1.584,0.67,us,9.16,1.85,0.223,6
-17.4145,167.7529,10.0,4.1,11,204.0,4.526,0.36,us,10.64,1.961,0.214,7
51.5538,159.2515,47.371,4.5,116,135.0,1.518,0.6,us,9.85,7.14,0.051,113
32.8985,141.7533,10.0,4.9,91,120.0,1.644,0.61,us,6.57,1.747,0.032,310
49.7621,157.3928,31.214,4.4,44,126.0,3.356,0.8,us,5.55,5.658,0.095,34
52.5134,160.7669,28.866,4.2,49,116.0,1.384,0.74,us,10.59,6.387,0.086,38
51.3867,159.5006,10.0,4.5,40,128.0,1.721,0.61,us,5.37,1.882,0.094,33
21.8711,119.6383,10.0,4.6,42,99.0,1.633,0.65,us,6.75,1.89,0.092,35
53.2248,161.5452,10.0,4.8,70,134.0,1.756,0.78,us,10.16,1.895,0.057,97
-5.8713,152.4003,10.0,4.5,20,154.0,1.598,0.63,us,5.62,1.923,0.145,14
50.4377,157.4172,35.0,4.1,16,137.0,2.68,0.54,us,8.21,1.942,0.145,13
11.1466,124.1035,10.0,4.5,42,99.0,4.305,0.74,us,5.36,1.872,0.104,30
52.3128,175.8138,86.038,4.9,77,105.0,1.128,0.51,us,6.66,7.128,0.034,265
52.9309,160.621,35.0,4.6,20,138.0,1.195,0.46,us,9.46,1.804,0.151,13
54.4357,-160.1583,20.875,5.2,182,57.0,0.516,0.63,us,6.23,4.556,0.034,286
60.4356,-139.5505,2.821,3.7,48,51.0,0.488,1.11,us,1.66,5.341,0.226,5
82.1528,88.3516,10.0,4.1,14,75.0,12.03,0.89,us,9.76,1.898,0.151,12
7.9787,126.6291,65.066,5.0,77,81.0,1.378,0.8,us,9.79,7.117,0.047,143
2.1738,126.7535,59.612,4.1,15,131.0,1.522,1.2,us,7.72,7.14,0.175,9
-15.6389,-177.8836,435.013,4.2,38,58.0,2.768,0.54,us,15.67,7.251,0.11,23
58.6208,-30.981,10.0,4.6,22,179.0,7.663,0.68,us,11.65,1.965,0.147,14
1.4001,126.7621,43.633,4.3,27,103.0,0.869,1.03,us,7.44,8.122,0.125,18
-7.2367,129.594,126.655,4.3,19,118.0,5.038,0.74,us,11.05,9.832,0.133,16
52.0766,160.0971,35.0,4.5,26,137.0,1.296,0.82,us,10.79,1.942,0.121,20
50.7263,157.0367,72.868,4.2,62,170.0,2.42,0.75,us,13.03,8.877,0.072,54
51.22,159.3297,10.0,4.8,75,134.0,1.854,0.84,us,10.44,1.895,0.061,83
-55.9542,-27.8536,111.301,4.2,11,108.0,5.231,0.23,us,14.14,8.135,0.166,10
52.4746,160.8807,19.214,4.1,24,122.0,1.463,1.38,us,9.17,3.812,0.109,23
25.545,122.1869,281.609,4.3,50,67.0,0.845,0.96,us,9.93,6.668,0.09,36
1.1183,97.0085,10.0,4.2,23,182.0,2.472,0.85,us,11.99,1.946,0.152,13
-57.3909,-67.7026,10.0,4.5,28,148.0,2.465,0.62,us,12.68,1.923,0.124,19
9.2891,93.8494,10.0,4.4,36,118.0,5.725,0.68,us,12.65,1.9,0.103,28
-24.0159,-67.3347,217.018,4.2,19,145.0,1.312,0.78,us,11.49,7.035,0.2,7
-5.6574,-11.5415,10.0,4.7,33,71.0,3.597,0.6,us,11.02,1.878,0.114,23
48.2839,154.3139,53.519,4.7,87,133.0,5.287,0.64,us,9.33,7.152,0.063,76
40.0254,143.5212,10.0,4.6,88,104.0,2.007,0.51,us,5.73,1.813,0.067,66
-21.3336,170.8309,177.097,4.3,20,214.0,3.389,0.67,us,15.47,10.412,0.129,18
-52.7853,19.7054,10.0,4.6,14,118.0,20.409,0.61,us,9.98,1.902,0.164,11
-25.2621,179.197,582.436,4.1,25,120.0,8.742,0.41,us,15.69,10.326,0.12,19
13.8894,144.6662,10.0,4.1,9,118.0,0.357,0.3,us,3.3,1.958,0.262,4
52.1441,160.4948,10.0,4.9,60,124.0,1.429,0.83,us,9.38,1.887,0.053,112
42.6752,142.4844,127.539,4.3,37,100.0,0.827,0.59,us,7.38,8.157,0.107,25
34.9173,104.5187,10.0,4.3,26,147.0,1.235,0.84,us,8.01,1.916,0.148,13
29.6521,142.2359,10.0,4.1,27,150.0,2.547,0.67,us,10.38,1.449,0.131,16
7.7293,-37.0934,10.0,4.8,59,109.0,13.519,0.67,us,8.92,1.88,0.061,83
53.6015,-166.5782,75.847,3.7,33,148.0,0.231,0.51,us,9.42,10.892,0.168,9
-17.9405,-178.3767,606.503,4.4,38,80.0,2.599,0.86,us,15.08,10.032,0.096,31
6.9583,-73.1465,149.925,4.1,31,156.0,2.403,0.86,us,9.76,11.607,0.114,21
50.7604,159.9497,10.0,4.2,59,133.0,2.405,0.6,us,9.2,1.902,0.076,48
50.0651,158.4779,10.0,4.3,25,128.0,2.964,0.64,us,9.41,1.829,0.138,16
-7.3399,156.1613,75.991,4.6,32,98.0,4.287,0.63,us,10.51,8.101,0.103,28
20.9654,120.9326,10.0,4.2,32,99.0,1.848,0.79,us,6.46,1.922,0.153,14
7.4907,127.1824,10.0,4.0,12,159.0,1.645,0.89,us,9.11,1.827,0.196,7
51.6455,159.4825,10.0,4.2,23,138.0,1.472,0.59,us,10.8,1.932,0.141,14
52.3704,160.4888,10.0,4.2,19,212.0,1.296,1.33,us,9.24,1.96,0.158,11
-17.3113,-179.4572,566.458,4.1,23,88.0,1.396,0.58,us,12.13,7.864,0.131,16
52.688,160.8695,24.19,5.2,24,136.0,1.387,0.92,us,12.3,4.919,0.139,17
-15.2005,167.4934,156.967,5.0,74,56.0,6.134,0.79,us,10.57,5.532,0.06,89
50.1236,158.8934,10.0,4.6,69,110.0,2.908,1.06,us,8.91,1.855,0.076,52
-59.2055,-17.2326,10.0,4.7,27,188.0,11.645,0.73,us,15.36,1.986,0.113,24
49.7976,159.004,10.0,4.3,26,136.0,3.238,0.39,us,10.27,1.921,0.142,14
45.8924,148.7003,149.425,4.2,33,143.0,4.68,0.79,us,10.16,9.45,0.121,19
-33.1375,-73.3056,10.0,4.3,28,173.0,1.397,0.81,us,6.82,1.951,0.201,7
-4.8112,103.0418,65.038,5.0,93,50.0,0.456,0.99,us,8.37,4.568,0.055,106
51.9821,-171.1032,35.0,3.8,20,207.0,1.086,0.84,us,5.02,1.997,0.16,12
-56.9481,-140.8832,10.0,5.2,41,87.0,27.325,1.08,us,14.49,1.869,0.096,36
52.1658,160.4818,10.0,5.0,62,118.0,1.409,1.38,us,9.05,1.88,0.052,119
52.6478,161.157,10.0,4.1,31,166.0,1.567,0.74,us,12.79,1.957,0.117,20
49.0807,157.7736,10.0,4.9,89,124.0,3.986,0.54,us,10.89,1.879,0.047,140
-44.4413,-80.2321,10.0,4.7,31,84.0,4.835,0.64,us,7.37,1.873,0.112,24
36.3495,75.9757,10.0,4.3,24,210.0,3.403,1.26,us,11.58,1.98,0.129,17
-15.0289,-177.5036,10.0,4.6,31,138.0,3.337,0.96,us,11.94,1.872,0.119,21
36.6145,140.7705,78.872,4.3,56,132.0,2.063,0.54,us,9.65,6.652,0.081,44
51.332,159.1397,35.0,4.4,46,177.0,1.721,1.24,us,8.11,1.757,0.094,35
19.8204,121.3394,41.517,4.7,80,108.0,2.992,0.85,us,7.72,7.847,0.069,64
-7.0156,129.6003,145.768,4.3,27,46.0,4.85,1.07,us,9.72,9.537,0.133,16
-24.3058,-67.1976,166.252,4.5,26,72.0,1.62,1.36,us,9.27,9.105,0.121,20
34.7105,70.6829,10.0,4.3,43,123.0,1.292,0.75,us,7.77,1.909,0.09,35
42.5029,-126.4682,10.0,4.4,49,197.0,1.581,0.59,us,7.53,1.432,0.063,74
52.1891,160.6032,21.473,4.2,30,148.0,1.455,1.09,us,11.4,6.788,0.107,24
21.285,144.4126,127.692,4.1,36,114.0,6.131,0.58,us,9.99,7.866,0.091,34
16.1256,120.6539,10.0,4.7,66,107.0,6.669,0.81,us,11.17,1.918,0.077,51
57.886,146.7923,10.0,4.1,24,159.0,2.678,1.17,us,9.08,1.962,0.127,17
16.3593,120.3454,89.939,4.2,20,191.0,6.462,0.45,us,23.3,13.033,0.176,9
51.4138,159.4919,35.0,4.8,134,127.0,1.693,0.89,us,8.28,1.912,0.049,131
40.4573,52.8519,10.0,4.2,31,70.0,4.806,0.61,us,10.54,1.933,0.106,25
-60.1407,-62.1748,10.0,4.5,17,130.0,4.731,0.68,us,10.12,1.921,0.139,15
3.9256,95.869,55.638,4.9,75,138.0,1.682,0.67,us,6.81,6.286,0.054,107
39.4008,143.2437,28.747,4.7,26,194.0,2.172,1.31,us,8.7,7.782,0.137,16
54.4647,-160.0576,23.852,4.3,83,161.0,0.457,0.87,us,4.85,5.897,0.142,14
-17.7719,167.7389,10.0,4.7,26,146.0,2.368,0.42,us,6.81,1.847,0.117,22
-6.4454,130.7902,89.641,4.9,78,49.0,3.793,0.74,us,7.66,7.31,0.062,82
-30.4077,-177.7535,35.0,4.2,19,222.0,7.849,0.8,us,13.65,1.99,0.132,18
52.4811,160.8098,10.0,4.3,27,206.0,1.421,1.28,us,12.14,1.998,0.122,19
-17.4292,-70.3691,119.172,4.2,22,126.0,0.863,0.91,us,6.91,7.185,0.136,15
51.0086,158.7706,37.597,5.0,35,122.0,2.019,0.7,us,9.13,7.855,0.105,29
-19.9342,-177.8107,554.348,4.1,20,113.0,4.359,0.7,us,15.71,9.132,0.14,14
51.913,159.416,35.146,4.6,28,131.0,1.207,1.29,us,9.23,7.958,0.116,22
11.1406,124.1708,10.0,4.2,19,137.0,4.277,1.39,us,17.06,1.917,0.166,13
-21.4558,169.8375,35.0,4.7,32,119.0,2.499,0.92,us,6.17,1.857,0.106,27
51.2637,-178.4046,47.643,4.4,68,189.0,0.387,0.88,us,5.53,7.138,0.044,154
-2.1059,139.3601,22.544,4.3,39,82.0,1.337,0.65,us,5.79,5.858,0.111,26
51.9682,161.5235,10.0,4.7,64,126.0,2.05,0.99,us,3.2,1.87,0.048,133
7.6197,127.1421,10.0,4.4,18,92.0,1.644,0.63,us,6.18,1.917,0.155,12
39.218,28.2551,10.0,4.9,66,37.0,1.06,1.14,us,5.48,1.876,0.093,36
39.4367,143.4847,10.0,4.3,15,135.0,2.295,0.78,us,9.77,1.937,0.239,5
13.6674,-92.347,10.0,4.6,41,181.0,1.173,0.97,us,8.81,1.955,0.04,188
52.2983,160.3072,38.378,4.8,73,117.0,1.243,0.77,us,8.83,6.907,0.038,217
51.6416,-176.4803,58.164,3.7,33,198.0,0.225,0.4,us,4.87,8.395,0.178,8
-9.4965,-74.8584,10.0,5.1,61,101.0,3.151,0.55,us,9.15,1.806,0.033,298
39.5461,143.3292,31.708,4.9,66,131.0,2.134,0.92,us,7.82,5.35,0.077,54
33.2906,132.2414,50.631,4.5,62,81.0,1.435,0.65,us,5.48,7.525,0.067,67
49.6092,156.5584,35.0,4.7,61,133.0,3.576,0.64,us,9.98,1.932,0.078,50
52.4642,160.713,10.0,4.1,20,207.0,1.374,0.86,us,12.51,2.009,0.127,17
36.5903,70.9303,199.268,4.1,47,90.0,2.118,0.51,us,6.45,8.49,0.109,24
12.8918,-89.2348,52.717,4.1,28,179.0,0.866,1.05,us,4.84,13.442,0.094,31
-11.9095,165.8452,10.0,4.5,22,140.0,3.756,1.01,us,10.83,1.912,0.14,15
37.9075,144.0712,10.0,4.5,28,147.0,3.703,0.85,us,10.69,1.94,0.15,16
3.444,126.4908,75.033,4.4,23,109.0,1.63,0.72,us,8.09,4.402,0.143,14
35.5645,24.8108,71.12,4.7,100,76.0,1.916,0.64,us,6.42,5.723,0.056,96
-3.112,142.9974,10.0,4.5,19,70.0,2.367,0.66,us,8.24,1.907,0.14,15
3.8907,127.1954,42.911,4.5,43,106.0,1.905,0.35,us,4.37,7.538,0.099,30
51.0955,157.0591,81.686,4.3,25,138.0,2.054,0.5,us,10.49,8.117,0.147,13
39.7114,143.3391,28.699,4.3,35,157.0,2.047,0.49,us,8.53,5.289,0.122,19
48.4259,84.2462,10.0,4.5,54,111.0,1.05,0.62,us,6.02,1.914,0.083,42
39.9039,143.0208,42.192,4.6,109,122.0,1.737,0.53,us,7.49,6.373,0.058,88
-58.9567,-26.0934,102.946,4.5,14,96.0,15.856,0.25,us,14.74,6.209,0.156,12
-12.137,67.5774,10.0,4.2,18,230.0,6.717,0.28,us,11.0,1.875,0.152,13
52.5119,160.9786,10.0,4.6,53,173.0,1.505,0.96,us,10.02,1.95,0.043,158
-17.6935,168.1372,28.476,4.4,14,188.0,2.407,0.78,us,9.67,6.77,0.179,9
29.2462,130.5218,35.0,4.4,22,83.0,2.256,0.87,us,5.4,1.938,0.17,10
50.9313,158.6765,35.0,4.4,22,137.0,2.095,0.4,us,11.39,1.946,0.13,17
52.5993,160.9951,21.159,4.4,18,147.0,1.485,1.09,us,13.32,7.155,0.162,11
-49.6431,122.0555,10.0,4.4,18,137.0,17.081,0.55,us,15.53,1.94,0.134,16
48.8917,154.9013,60.257,5.5,299,48.0,4.767,0.76,us,9.67,4.7,0.035,278
49.0812,156.2578,10.0,4.7,91,131.0,4.133,0.97,us,9.58,1.88,0.06,98
52.9538,160.7893,10.0,4.5,58,117.0,1.295,0.74,us,9.4,1.88,0.068,63
-10.7356,41.3686,10.0,4.4,36,52.0,4.308,0.47,us,8.93,1.878,0.108,25
-60.0289,-62.6546,10.0,4.6,16,94.0,4.807,0.67,us,8.02,1.907,0.206,9
52.2025,159.0263,61.666,4.9,186,125.0,0.854,0.53,us,8.5,6.307,0.044,165
40.9678,142.0518,54.603,4.3,28,149.0,0.769,0.77,us,6.25,8.291,0.125,18
50.0553,158.5474,10.0,4.3,28,138.0,2.973,0.58,us,9.61,1.925,0.119,20
-14.0908,167.1696,133.799,4.2,16,127.0,6.989,0.7,us,15.36,6.435,0.167,11
51.572,157.9773,79.269,4.5,52,158.0,1.511,0.46,us,7.72,7.032,0.081,46
-14.8362,-172.7856,10.0,4.9,36,100.0,1.34,0.6,us,7.61,1.803,0.12,22
18.6114,120.5524,14.144,4.9,49,119.0,4.214,0.86,us,11.46,5.144,0.074,57
51.4693,159.424,35.0,4.3,22,169.0,1.628,0.67,us,11.46,1.974,0.133,16
51.8908,160.0848,10.0,4.7,14,222.0,1.434,0.7,us,13.92,1.977,0.159,16
50.6833,158.1511,27.675,4.7,134,88.0,2.364,0.79,us,8.39,5.359,0.05,121
52.2212,160.3199,41.363,4.1,20,137.0,1.827,1.03,us,10.62,6.347,0.127,17
2.6947,128.4941,220.634,4.4,49,89.0,2.218,0.85,us,6.92,8.271,0.095,32
0.1654,121.7758,204.055,4.1,18,153.0,1.368,1.0,us,9.21,7.093,0.145,13
-7.9182,-76.2972,123.598,4.3,37,135.0,4.079,0.49,us,14.01,8.057,0.097,32
-23.3907,-175.4457,36.768,5.0,52,108.0,6.254,0.94,us,9.79,5.818,0.063,80
53.3544,160.9044,36.877,4.6,59,132.0,1.397,0.62,us,13.25,7.841,0.076,52
-60.1622,-61.6308,10.0,4.5,22,124.0,4.763,0.94,us,8.12,1.902,0.145,14
53.1908,160.549,32.869,4.5,31,134.0,1.157,0.72,us,13.12,6.497,0.131,17
-22.8304,-177.7355,390.205,4.1,13,166.0,6.42,0.31,us,19.46,6.731,0.12,21
-41.0706,81.0764,10.0,4.7,20,131.0,28.387,0.91,us,12.25,1.894,0.147,17
18.8533,120.5426,10.0,4.7,108,73.0,3.976,0.48,us,10.1,1.882,0.058,90
50.0476,159.5665,10.0,4.3,42,138.0,3.034,0.66,us,10.91,1.909,0.099,29
14.3101,120.5221,147.677,4.5,51,89.0,8.478,0.73,us,9.5,5.887,0.081,45
-22.2697,-66.1409,238.209,4.2,48,30.0,2.002,1.15,us,8.44,7.98,0.124,18
13.5916,124.9483,10.0,4.4,23,136.0,6.511,0.53,us,13.95,1.941,0.144,14
14.9206,144.7328,17.607,4.1,12,120.0,1.069,0.95,us,11.35,5.422,0.197,7
-59.9445,-62.0278,10.0,4.7,22,125.0,4.938,1.25,us,10.66,1.922,0.129,18
-24.2718,-66.9523,181.723,4.5,34,76.0,1.73,1.02,us,8.73,8.363,0.064,71
48.6572,155.7912,10.0,4.0,29,232.0,4.617,0.56,us,14.44,1.979,0.122,18
-54.9048,-129.2594,10.0,5.1,31,111.0,32.639,0.88,us,13.79,1.88,0.106,29
-4.7483,69.0774,10.0,4.5,25,61.0,4.274,1.03,us,10.01,1.512,0.121,20
-58.2784,148.7591,10.0,4.6,24,111.0,6.802,0.66,us,11.91,1.946,0.12,24
52.4067,160.5803,10.0,4.6,59,122.0,1.327,0.86,us,8.15,1.89,0.07,60
50.2924,158.1625,10.0,5.1,112,78.0,2.752,1.17,us,8.51,1.843,0.023,630
50.5114,156.3963,93.002,4.3,17,138.0,2.723,0.62,us,12.95,9.25,0.189,9
-7.5435,128.2641,152.143,4.3,24,95.0,4.522,1.34,us,9.33,10.377,0.168,10
51.4573,159.5796,26.191,4.1,25,127.0,1.669,0.9,us,8.74,4.942,0.111,22
-4.1792,128.6891,9.651,4.6,54,75.0,1.259,0.52,us,7.27,4.259,0.087,40
-14.4624,-76.4447,10.0,4.5,50,139.0,2.49,0.76,us,9.43,1.908,0.084,41
16.3329,-59.675,10.0,4.4,35,201.0,1.327,0.54,us,7.31,1.964,0.19,8
53.5974,161.4502,35.0,4.2,20,184.0,1.776,0.76,us,8.7,1.983,0.159,12
1.5784,66.8078,10.0,5.0,55,65.0,6.279,0.63,us,10.68,1.848,0.097,38
51.8774,160.1431,43.871,4.8,46,135.0,1.467,1.12,us,9.13,6.752,0.067,69
53.1568,161.0584,10.0,4.2,20,117.0,1.459,1.16,us,8.92,1.746,0.118,20
51.2231,158.3175,35.0,4.9,69,124.0,1.815,0.98,us,8.18,1.91,0.045,153
49.4228,157.9117,10.0,4.4,83,122.0,3.635,0.8,us,8.9,1.885,0.064,71
52.6078,160.3815,38.482,4.8,99,127.0,1.13,0.75,us,10.83,6.964,0.053,111
2.8603,-31.2444,10.0,4.9,51,46.0,14.194,0.44,us,6.17,1.84,0.061,84
-18.957,-174.975,191.174,4.5,22,109.0,4.777,0.73,us,15.33,12.28,0.121,20
-21.9912,-68.7137,117.67,4.3,27,64.0,0.527,0.93,us,5.51,4.761,0.16,11
41.4194,19.5601,10.0,4.2,51,56.0,0.239,0.9,us,2.47,1.888,0.094,32
17.6488,145.3274,339.6,3.7,19,138.0,2.435,0.64,us,13.09,12.685,0.135,14
-16.2507,-172.8301,10.0,4.7,50,80.0,3.944,1.13,us,13.47,1.875,0.075,54
53.0958,159.8413,60.141,4.9,102,132.0,0.723,0.8,us,9.92,6.752,0.06,87
5.1756,123.1806,561.143,4.8,146,20.0,2.332,0.66,us,9.05,8.014,0.046,158
39.4839,143.3279,10.0,4.2,16,203.0,2.17,0.94,us,6.59,1.98,0.2,7
-5.7047,130.9092,81.802,4.2,16,120.0,3.073,0.54,us,10.62,7.329,0.216,6
50.0155,157.339,35.027,4.8,64,133.0,3.105,0.76,us,10.18,7.149,0.046,150
6.4087,127.3969,10.0,4.1,20,125.0,1.921,0.83,us,5.38,1.915,0.158,12
-29.7112,-177.0683,10.0,4.7,19,145.0,12.421,0.44,us,17.22,1.957,0.133,17
9.4361,94.1008,10.0,4.3,22,177.0,5.497,0.63,us,12.43,1.814,0.138,15
52.9969,159.7477,78.138,4.4,58,141.0,1.242,0.72,us,12.37,8.616,0.067,63
52.3002,160.3804,10.0,4.3,29,138.0,1.279,1.14,us,8.11,1.927,0.099,29
6.2254,125.8788,125.466,4.4,44,55.0,0.89,0.44,us,7.7,6.669,0.098,30
51.2367,159.6402,10.0,4.6,25,124.0,1.891,0.45,us,9.11,1.925,0.192,13
38.1456,74.9501,10.0,4.2,17,152.0,0.711,0.96,us,5.55,1.978,0.2,7
51.7695,160.2913,10.0,5.2,85,107.0,1.609,0.97,us,7.46,1.265,0.023,613
-57.7279,157.6139,10.0,4.9,31,106.0,3.322,0.83,us,10.21,1.832,0.108,27
7.3875,127.4028,10.0,4.1,12,99.0,1.837,0.81,us,8.25,1.931,0.214,8
43.4164,145.9902,110.62,4.7,110,134.0,2.514,0.63,us,9.19,7.404,0.057,94
29.296,129.4353,10.0,4.6,61,57.0,2.374,1.0,us,6.83,1.85,0.091,36
52.4437,159.2362,56.901,4.1,21,157.0,0.681,0.75,us,9.0,9.937,0.185,11
18.6559,145.5107,227.258,4.5,46,111.0,3.406,0.55,us,12.09,8.537,0.087,39
-8.052,130.3749,10.0,4.4,17,85.0,4.819,0.95,us,8.13,1.917,0.239,5
50.0516,157.4532,35.0,5.1,82,102.0,3.065,1.01,us,8.77,1.579,0.023,633
53.2618,160.9282,35.0,4.2,32,170.0,1.393,0.57,us,8.28,1.819,0.088,36
-23.7405,-179.3795,395.029,4.1,28,172.0,5.652,0.49,us,15.96,10.586,0.107,24
-25.9624,-177.1884,113.105,4.6,30,133.0,9.293,0.84,us,14.64,7.302,0.098,31
51.7562,158.1845,72.653,4.9,87,121.0,1.301,0.77,us,8.7,5.986,0.028,388
44.3837,149.5287,35.0,5.1,82,98.0,4.989,0.85,us,10.0,1.861,0.075,57
-7.53,127.5634,183.306,4.2,20,71.0,3.938,0.66,us,10.69,10.185,0.142,14
7.4211,126.6735,72.946,4.2,30,130.0,1.141,1.03,us,9.37,8.027,0.115,21
-9.4005,124.2246,42.886,4.2,16,77.0,0.355,1.13,us,9.16,2.507,0.152,12
29.2911,129.2257,10.0,4.6,55,87.0,2.452,1.0,us,6.32,1.865,0.073,56
52.6898,160.7912,10.0,4.3,36,157.0,1.341,0.62,us,10.74,1.943,0.09,35
52.2858,160.5623,11.31,4.8,133,123.0,1.379,0.59,us,9.71,4.969,0.047,140
51.5052,161.2368,10.0,4.2,31,91.0,2.2,0.78,us,9.58,1.907,0.136,15
-4.0009,143.1389,10.0,4.5,30,109.0,2.845,0.87,us,8.01,1.853,0.11,24
29.1121,129.2889,10.0,4.5,16,129.0,2.439,0.74,us,7.85,1.919,0.205,7
-2.9387,129.4774,19.328,5.1,64,38.0,2.724,0.71,us,7.67,4.528,0.059,95
52.4983,160.6494,10.0,4.4,83,121.0,1.324,0.66,us,4.76,1.863,0.058,85
-8.8417,124.1877,98.987,4.4,30,78.0,0.911,1.15,us,9.15,7.637,0.109,24
51.8198,161.2018,10.0,4.2,35,120.0,1.973,1.02,us,10.62,1.922,0.092,34
51.912,159.6371,61.6,4.4,61,138.0,1.266,0.58,us,8.68,5.192,0.077,49
52.4488,160.2141,35.0,4.4,44,137.0,1.112,1.01,us,9.25,1.939,0.077,49
-5.7179,152.5813,10.0,5.2,104,87.0,1.507,0.93,us,7.29,1.876,0.059,94
-24.0238,-175.2311,10.0,5.2,78,59.0,6.971,0.94,us,10.55,1.795,0.038,235
30.1427,-43.2121,10.0,4.4,29,85.0,18.5,0.89,us,12.03,1.918,0.118,21
52.4997,160.6456,35.0,4.2,25,175.0,1.321,0.99,us,9.7,1.905,0.121,19
-19.1257,-174.6439,88.347,4.6,32,89.0,4.46,0.65,us,12.61,9.068,0.095,33
49.6322,155.4731,10.0,4.2,29,186.0,3.75,0.59,us,13.42,1.975,0.118,20
-30.9638,59.2752,10.0,4.2,21,65.0,10.255,0.93,us,13.44,1.894,0.141,14
27.3722,52.6542,10.0,4.5,36,82.0,4.002,0.75,us,9.4,1.902,0.095,32
27.0516,-44.3397,10.0,4.5,17,119.0,42.586,0.7,us,15.13,1.912,0.163,11
9.8027,-70.6325,13.602,4.4,12,140.0,0.913,0.6,us,6.72,4.948,0.269,4
29.3013,129.5496,10.0,4.6,39,92.0,2.335,0.99,us,5.33,1.91,0.151,22
25.1234,124.4404,97.933,4.7,84,70.0,0.764,0.65,us,6.62,6.822,0.068,66
-27.4856,-177.2562,404.6,4.5,39,142.0,10.616,0.9,us,14.71,10.724,0.097,31
-32.2441,-178.0514,10.0,4.7,18,176.0,2.991,0.47,us,12.14,1.958,0.147,14
-24.3467,-179.8166,509.324,4.2,31,114.0,6.863,1.04,us,15.95,11.829,0.098,31
49.3716,156.3627,34.158,4.5,73,134.0,3.835,0.94,us,10.4,5.639,0.048,127
13.8751,120.649,129.637,4.3,34,128.0,8.904,0.86,us,10.39,8.691,0.104,26
9.1609,122.607,10.0,4.5,22,100.0,3.602,0.74,us,7.53,1.912,0.132,17
27.1149,52.9585,10.0,4.0,19,172.0,3.632,0.5,us,12.6,1.967,0.163,10
-9.7528,150.665,10.0,4.3,20,102.0,3.474,0.85,us,7.61,1.828,0.16,11
30.6526,141.6528,11.469,4.9,60,120.0,2.911,0.82,us,8.39,4.9,0.058,97
28.1878,51.7175,10.0,4.4,41,84.0,5.154,0.69,us,8.94,1.91,0.127,18
52.2029,160.3558,10.0,5.0,82,122.0,1.326,0.92,us,8.22,1.87,0.041,197
-20.2605,-178.0524,576.408,4.4,62,123.0,4.454,0.62,us,15.82,9.247,0.068,63
4.0214,127.8009,83.117,4.1,15,126.0,2.421,1.3,us,11.97,10.902,0.145,13
-23.3204,171.4504,10.0,4.5,31,114.0,4.787,1.28,us,9.54,1.87,0.136,16
52.6281,160.6657,35.978,4.2,17,137.0,1.286,0.74,us,10.58,8.644,0.166,10
-4.6213,151.0574,274.943,4.1,25,83.0,1.015,0.52,us,9.67,7.213,0.12,19
32.3157,76.638,10.0,4.1,47,163.0,6.289,0.94,us,9.93,1.92,0.103,26
51.0843,158.2602,35.0,4.3,51,122.0,1.957,0.77,us,9.2,1.926,0.079,50
42.0641,-126.2604,10.0,3.5,36,265.0,1.817,0.96,us,10.23,2.02,0.221,5
-16.543,-174.0424,164.566,4.4,26,116.0,3.409,1.02,us,6.23,10.459,0.117,21
51.8525,160.4306,10.0,4.9,34,137.0,1.601,0.63,us,10.96,1.922,0.125,20
36.4648,141.2847,35.0,4.5,24,138.0,2.479,0.97,us,4.79,1.939,0.156,12
12.214,125.5886,10.0,4.7,28,106.0,5.112,0.58,us,13.73,1.897,0.12,21
-19.3171,-177.6071,568.897,4.1,18,137.0,4.032,0.58,us,20.24,12.671,0.131,16
60.5498,-139.6848,5.0,4.1,47,53.0,0.536,1.17,us,2.09,2.002,0.261,4
51.7295,159.3804,35.0,4.3,27,124.0,1.371,1.08,us,8.89,1.292,0.133,16
51.2543,-174.8171,10.0,4.0,65,190.0,1.007,0.68,us,5.42,1.804,0.076,46
13.7793,120.866,10.0,4.4,29,124.0,20.121,0.57,us,15.53,1.946,0.12,20
50.4351,156.4906,76.983,4.5,127,128.0,2.78,0.63,us,9.87,6.402,0.047,130
-8.7344,147.8776,30.385,4.4,19,157.0,0.973,1.26,us,9.78,5.382,0.148,14
-5.2184,129.7433,236.861,4.1,19,61.0,0.71,0.53,us,9.48,7.394,0.157,12
16.501,-59.5122,10.0,4.9,76,61.0,1.503,0.73,us,8.24,1.867,0.032,309
56.4829,113.4066,10.0,4.3,23,109.0,7.487,0.9,us,9.71,1.932,0.153,12
-20.0941,-69.0459,110.96,4.2,22,64.0,0.111,0.55,us,5.66,4.453,0.167,10
17.9587,146.1439,99.693,4.2,19,156.0,2.724,0.39,us,12.94,11.051,0.141,14
50.8282,160.0911,10.0,4.3,31,132.0,2.373,0.51,us,9.8,1.926,0.106,25
51.6062,159.8053,35.0,5.0,79,123.0,1.587,1.19,us,9.1,1.91,0.042,178
52.5235,159.2249,84.476,4.3,28,163.0,0.61,1.03,us,10.26,6.704,0.116,21
52.7402,158.578,79.127,4.5,26,119.0,0.287,0.65,us,10.53,5.676,0.111,24
-48.751,124.5623,10.0,4.4,27,104.0,16.736,0.77,us,14.84,1.888,0.111,23
-20.8634,-178.7406,598.757,4.3,36,100.0,4.335,0.44,us,15.59,9.411,0.094,32
-60.9717,154.1136,10.0,4.3,18,132.0,16.299,0.64,us,12.3,1.649,0.126,19
-18.0949,-178.4275,633.755,4.3,49,120.0,2.648,0.64,us,14.66,9.41,0.08,44
11.4894,-86.5096,69.57,4.5,155,84.0,0.704,0.64,us,2.36,7.467,0.037,217
42.2717,144.5511,35.46,4.8,80,133.0,1.068,1.03,us,7.51,7.204,0.029,365
51.9318,160.3627,10.0,4.2,29,229.0,1.514,0.59,us,11.61,1.976,0.128,17
52.3665,160.578,35.0,4.3,15,136.0,1.902,0.54,us,9.92,1.933,0.187,8
48.939,156.5067,10.0,4.3,28,136.0,4.242,0.4,us,8.39,1.605,0.123,19
52.3226,160.3259,30.443,4.7,117,122.0,1.239,0.85,us,8.36,4.687,0.053,109
-43.0243,-76.2962,10.0,4.4,16,240.0,2.923,0.95,us,9.31,2.004,0.179,9
9.3808,93.9854,10.0,4.7,55,50.0,5.064,0.9,us,10.31,1.869,0.086,41
40.9028,142.9449,35.0,4.1,17,154.0,1.123,0.87,us,4.05,1.927,0.198,7
23.7607,94.6583,109.653,4.6,22,135.0,2.554,0.56,us,11.58,10.742,0.157,13
50.8443,157.1652,72.792,4.4,39,136.0,2.291,0.47,us,12.13,7.924,0.098,30
51.3829,158.8963,31.504,4.3,24,137.0,1.65,0.91,us,11.46,6.463,0.137,18
-0.0171,-17.3605,10.0,4.5,8,118.0,8.413,0.33,us,14.17,1.95,0.312,3
40.2191,142.6795,38.343,4.3,33,132.0,1.357,1.09,us,7.08,7.976,0.113,22
-48.8025,123.843,10.0,4.7,41,103.0,16.615,0.55,us,11.97,1.901,0.093,38
52.4567,160.7463,10.0,5.4,113,84.0,1.395,0.79,us,8.59,1.851,0.036,262
49.831,157.0212,35.0,4.3,32,135.0,3.309,0.87,us,12.4,1.937,0.109,24
16.9241,-85.5567,10.0,4.6,93,152.0,3.296,0.75,us,8.72,1.947,0.033,271
-17.7597,-178.0375,476.548,4.4,31,121.0,2.787,0.37,us,17.8,15.879,0.112,23
-24.4031,-175.0876,10.0,5.0,34,124.0,5.449,0.89,us,14.44,1.841,0.073,60
-7.7428,129.0868,82.62,4.3,24,37.0,5.166,0.91,us,8.96,7.702,0.126,18
51.6639,159.0734,58.882,4.1,17,137.0,1.674,0.41,us,14.34,6.011,0.13,16
51.991,160.5353,10.0,4.3,22,125.0,1.548,0.54,us,9.9,1.908,0.129,20
52.0455,159.0606,52.131,4.5,46,226.0,1.011,0.7,us,10.0,8.07,0.089,37
53.3142,160.5301,35.0,4.4,29,169.0,1.715,0.93,us,7.96,1.952,0.115,22
43.754,147.8069,10.0,4.2,47,135.0,3.783,0.81,us,9.71,1.91,0.102,30
-9.7982,150.5605,10.0,4.4,23,91.0,3.376,0.54,us,9.72,1.897,0.143,15
50.7851,157.6646,41.065,4.6,56,135.0,2.323,1.01,us,11.52,7.353,0.056,95
51.6796,159.5076,35.0,5.0,78,155.0,1.445,0.74,us,8.47,1.916,0.081,48
39.7797,143.3081,37.034,4.2,26,155.0,1.991,0.73,us,7.5,8.767,0.175,11
27.5908,56.1931,10.0,4.1,16,135.0,2.635,0.82,us,14.37,1.951,0.158,11
1.2912,126.412,41.015,4.4,82,68.0,1.085,0.54,us,5.04,6.961,0.067,72
52.299,160.5772,10.0,4.9,128,117.0,1.38,1.11,us,8.16,1.871,0.038,249
50.6611,156.4043,79.088,4.2,57,129.0,2.579,0.49,us,10.71,6.409,0.077,47
52.5234,160.7272,10.0,4.7,31,121.0,1.358,0.91,us,6.22,1.919,0.101,30
53.1484,161.3976,10.0,4.2,19,195.0,1.662,0.37,us,15.7,1.983,0.2,8
7.0271,127.4559,10.0,4.4,23,72.0,3.01,1.06,us,7.12,1.791,0.138,15
-7.4337,106.715,74.788,4.3,32,100.0,0.928,0.94,us,5.35,6.745,0.09,35
52.7614,160.9525,10.0,4.4,59,154.0,1.419,0.83,us,9.53,1.94,0.058,85
-47.7942,116.0167,10.0,4.8,25,93.0,14.878,0.67,us,12.94,1.909,0.135,22
11.8966,143.8323,10.0,4.3,28,111.0,1.963,1.09,us,10.33,1.909,0.119,20
36.4762,70.2681,200.224,4.0,21,162.0,2.164,0.48,us,10.68,10.671,0.138,14
53.4979,160.0252,70.25,4.3,27,137.0,0.953,0.64,us,11.53,5.433,0.125,18
51.5736,-179.5005,79.37,4.2,83,163.0,0.429,0.55,us,7.07,5.948,0.07,57
-21.2138,-178.8106,583.314,4.4,86,58.0,4.545,0.85,us,12.81,6.656,0.055,96
51.2691,159.4376,10.0,4.3,12,188.0,1.823,0.68,us,11.34,1.993,0.202,7
22.9169,94.4797,100.305,4.6,79,58.0,4.839,0.82,us,9.23,6.922,0.071,59
54.5304,-160.4077,35.0,4.3,72,157.0,0.563,0.99,us,3.01,1.943,0.133,16
52.2569,160.1579,21.714,5.1,111,97.0,1.197,0.79,us,7.75,4.715,0.026,501
35.8128,71.1299,88.568,4.3,38,98.0,2.085,1.28,us,6.82,8.151,0.137,15
34.8742,26.5035,10.0,4.0,22,179.0,0.861,0.97,us,5.21,1.968,0.258,4
39.2068,28.171,10.0,4.0,18,56.0,1.024,0.68,us,4.86,1.953,0.298,3
-19.4061,-66.7365,248.695,4.3,33,54.0,2.332,0.6,us,3.42,9.435,0.116,21
52.0922,161.4827,10.0,4.4,59,125.0,2.522,0.55,us,10.29,1.911,0.078,48
54.3524,58.9495,10.0,3.7,15,89.0,2.066,0.93,us,6.45,1.692,0.251,4
0.337,98.6405,49.768,5.1,158,41.0,2.358,0.6,us,7.34,5.066,0.049,133
3.228,-31.277,10.0,4.5,21,112.0,10.111,1.03,us,9.61,1.908,0.131,17
-4.6005,153.9176,120.306,4.3,17,199.0,1.908,0.69,us,6.65,10.204,0.142,14
38.075,72.8846,139.763,4.2,50,109.0,0.394,0.58,us,5.79,5.216,0.088,36
51.2541,159.0675,35.037,4.0,29,137.0,1.791,0.65,us,9.71,8.122,0.126,17
4.573,-73.3233,10.0,4.2,8,114.0,1.03,1.16,us,8.52,1.983,0.215,6
42.3068,144.1851,49.069,4.2,45,130.0,0.818,0.78,us,8.21,8.446,0.087,37
53.2269,160.3241,63.623,4.5,63,157.0,1.029,0.97,us,11.03,7.011,0.071,62
14.9469,-94.235,10.0,4.2,45,183.0,2.004,0.97,us,7.16,1.768,0.095,31
52.9902,161.0303,10.0,4.5,50,172.0,1.439,0.64,us,10.07,1.881,0.057,89
-33.0595,-13.3452,10.0,5.0,58,59.0,4.087,1.06,us,9.76,0.861,0.072,61
-57.1929,-67.9056,10.0,4.3,25,164.0,2.271,0.53,us,12.28,1.971,0.122,19
-57.5946,157.9058,38.39,4.5,25,100.0,3.158,0.85,us,11.18,8.813,0.128,18
51.7592,159.3382,35.0,4.9,124,120.0,1.335,1.16,us,8.64,1.923,0.042,181
-16.3723,-71.208,134.686,4.8,93,134.0,2.049,0.65,us,9.27,7.388,0.03,339
50.9787,157.5246,67.91,4.8,61,119.0,2.136,0.59,us,11.22,7.252,0.041,187
-22.0836,-179.6096,606.969,4.3,58,123.0,4.844,0.56,us,15.15,8.237,0.071,56
52.8644,160.3704,35.0,4.3,15,138.0,1.053,0.78,us,8.09,1.894,0.153,12
-2.8395,128.2946,10.0,4.3,17,65.0,2.318,0.68,us,8.72,1.915,0.137,15
52.329,161.0584,10.0,4.3,17,164.0,1.623,0.47,us,11.5,1.956,0.202,7
52.3443,160.6409,35.0,4.3,26,134.0,1.39,0.51,us,12.33,1.945,0.147,15
49.6716,157.6478,22.252,4.2,32,135.0,3.415,1.3,us,10.62,5.868,0.113,22
42.0733,142.5545,58.43,4.3,72,91.0,0.453,0.51,us,7.11,7.526,0.072,54
-0.0589,124.2246,99.049,4.3,20,65.0,1.615,1.01,us,4.91,12.576,0.161,11
-37.4977,51.9596,10.0,4.6,22,82.0,16.597,0.98,us,14.43,1.896,0.137,18
52.1061,160.6091,10.0,4.2,11,159.0,1.508,0.4,us,12.12,1.965,0.216,6
-17.4593,-69.7316,174.678,4.2,23,173.0,0.273,0.68,us,6.3,5.078,0.141,14
51.7945,158.4856,55.333,4.6,18,138.0,1.235,0.87,us,11.68,7.851,0.128,18
1.2119,128.7123,11.376,4.2,33,77.0,3.276,0.6,us,7.63,4.926,0.118,20
-55.7996,-27.5909,91.138,4.6,24,67.0,5.337,1.21,us,11.79,8.509,0.119,23
57.5424,-33.1445,10.0,4.5,110,127.0,9.197,0.56,us,10.58,1.924,0.055,97
-27.5046,-179.5827,485.493,4.0,27,169.0,9.955,0.44,us,15.84,12.472,0.119,20
-24.2984,-67.1417,143.356,4.2,42,47.0,1.643,0.84,us,8.26,7.809,0.152,12
-6.8441,129.37,174.154,4.6,24,67.0,4.84,0.5,us,13.01,9.668,0.119,21
54.5973,-159.8086,43.905,5.4,62,122.0,0.266,0.79,us,6.08,5.084,0.087,45
52.8481,160.7097,10.0,4.2,17,117.0,1.259,0.64,us,11.34,1.945,0.152,12
52.286,160.2326,35.0,4.4,66,122.0,1.214,0.79,us,8.67,1.915,0.057,89
51.1084,174.7868,10.0,3.7,69,222.0,1.678,0.6,us,8.54,1.982,0.072,49
3.45,122.7234,540.502,4.2,74,39.0,2.905,0.64,us,9.88,8.092,0.069,60
12.6049,-89.8876,10.0,4.5,96,179.0,1.294,0.6,us,6.06,1.959,0.053,103
51.9237,160.4546,10.0,4.2,24,167.0,1.559,0.45,us,12.7,1.972,0.136,15
-14.145,166.8889,103.904,4.2,24,133.0,6.837,1.2,us,17.49,8.641,0.125,18
13.774,39.9181,10.0,4.1,36,91.0,3.625,0.67,us,8.61,1.911,0.097,30
51.291,-178.4942,35.0,3.7,37,206.0,0.33,0.79,us,3.74,1.864,0.152,11
44.4951,150.1575,10.0,4.2,26,207.0,5.442,0.4,us,16.21,2.002,0.124,18
4.5116,-73.0916,10.0,4.8,53,106.0,1.269,0.86,us,4.54,1.846,0.044,158
52.8863,159.8201,64.213,5.1,94,74.0,0.721,0.76,us,7.55,5.384,0.045,160
7.3874,126.8234,75.105,4.2,16,158.0,1.274,0.65,us,10.24,8.909,0.159,11
52.7146,160.6469,28.497,4.6,120,133.0,1.249,0.74,us,9.79,5.57,0.054,103
42.5231,143.8604,91.316,4.1,18,186.0,0.728,0.62,us,10.76,8.818,0.157,11
6.8682,140.4478,10.0,4.4,19,84.0,5.947,0.88,us,10.17,1.911,0.162,11
23.1373,120.5369,7.035,4.5,29,58.0,0.183,1.2,us,3.96,5.417,0.121,20
50.4224,159.7368,10.0,5.7,244,44.0,2.691,0.89,us,7.12,1.818,0.019,1027
37.4432,134.8531,365.359,4.0,60,54.0,2.725,0.55,us,9.46,4.586,0.082,40
-14.9984,-176.4803,10.0,4.5,20,93.0,4.257,1.23,us,12.89,1.924,0.171,10
49.4078,156.0024,35.787,4.3,26,182.0,10.606,0.56,us,14.78,10.777,0.129,18
-30.1108,-177.9014,32.307,4.7,16,252.0,8.072,1.21,us,15.65,6.962,0.133,18
13.8169,39.7946,10.0,4.3,27,72.0,3.746,0.57,us,9.34,1.907,0.125,18
16.6744,41.2269,10.0,4.2,23,137.0,3.699,0.24,us,7.85,1.933,0.132,16
11.6461,-86.4167,87.746,4.5,68,136.0,1.199,0.81,us,8.14,8.288,0.071,57
23.9869,121.7603,28.431,4.6,119,61.0,0.24,0.52,us,4.03,5.108,0.056,96
1.1255,96.9883,10.0,4.4,41,180.0,2.483,0.47,us,10.18,1.946,0.098,30
-19.2936,-66.8751,245.363,4.5,59,57.0,2.219,0.81,us,8.04,7.016,0.039,190
51.3367,-177.0144,35.397,4.0,142,185.0,0.447,0.76,us,4.12,7.538,0.043,149
-19.2739,-177.5505,559.03,4.3,72,49.0,4.041,1.01,us,13.24,6.758,0.085,39
0.9825,126.6058,58.626,4.4,40,72.0,0.789,0.93,us,5.47,6.903,0.107,25
51.7974,160.3915,10.0,4.4,59,123.0,1.627,0.8,us,10.53,1.921,0.062,74
50.7026,149.9577,520.027,4.1,60,89.0,5.363,0.42,us,9.76,6.841,0.056,88
41.7453,141.3621,122.029,4.2,31,115.0,0.981,0.7,us,9.18,9.19,0.124,18
39.5831,39.7579,10.0,4.4,45,60.0,0.716,0.49,us,2.91,1.909,0.17,11
11.1252,141.6346,10.0,4.1,12,132.0,3.997,0.6,us,7.94,1.913,0.198,7
4.9458,95.9794,10.0,5.1,67,40.0,1.004,0.52,us,4.94,1.482,0.065,76
50.6499,156.9352,68.902,4.2,17,137.0,2.507,0.57,us,11.18,6.788,0.175,9
36.27,77.8646,10.0,4.4,59,130.0,4.749,0.88,us,8.53,1.952,0.098,30
51.3569,159.515,35.0,4.7,42,128.0,1.752,1.08,us,7.39,1.774,0.085,42
30.0712,69.8249,10.0,4.4,28,200.0,8.51,0.68,us,14.33,1.947,0.114,22
5.7796,126.2159,151.062,4.4,36,113.0,1.273,0.78,us,10.03,7.49,0.091,35
1.6522,127.2482,113.578,5.1,73,57.0,4.725,0.86,us,8.11,5.697,0.05,128
33.0968,-39.6624,10.0,4.4,19,98.0,40.949,1.36,us,14.55,1.903,0.162,12
52.4316,160.2105,34.265,4.5,35,121.0,1.119,1.32,us,4.61,6.117,0.096,32
52.6482,159.2248,82.022,4.6,43,169.0,0.513,0.57,us,9.77,6.084,0.075,55
-56.0306,-26.7365,38.15,5.2,115,57.0,5.858,0.57,us,10.77,5.004,0.06,91
18.6615,120.6453,10.0,5.1,76,101.0,4.155,0.68,us,10.75,1.875,0.047,147
-18.1101,167.5363,10.0,4.2,12,258.0,3.913,0.46,us,8.07,1.993,0.2,7
53.2505,161.1095,35.0,4.0,19,165.0,1.499,0.9,us,10.79,1.754,0.138,14
52.6226,160.6475,24.27,4.6,33,123.0,1.277,0.53,us,9.07,5.87,0.111,24
9.745,93.931,10.0,4.1,16,92.0,5.714,0.76,us,11.27,1.93,0.186,8
50.3027,157.364,35.0,5.2,61,125.0,10.03,0.71,us,10.2,1.889,0.087,44
50.8439,159.4199,10.0,4.9,41,143.0,2.234,0.76,us,7.11,1.898,0.1,31
52.5356,160.6832,26.601,4.2,22,121.0,1.328,1.17,us,10.11,3.469,0.132,16
51.8379,159.8056,35.0,4.5,30,135.0,1.382,0.73,us,11.18,1.939,0.127,18
51.4839,159.0275,66.762,4.5,46,137.0,1.559,0.83,us,11.81,7.664,0.087,39
-28.2547,62.7289,10.0,4.6,34,68.0,9.489,0.78,us,5.95,1.818,0.114,23
51.3849,159.5603,10.0,4.4,30,158.0,1.734,1.2,us,8.55,1.932,0.126,18
7.3513,127.4086,10.0,4.9,38,60.0,1.837,0.76,us,7.13,1.88,0.098,33
-10.6787,110.1796,10.0,4.2,27,102.0,3.615,0.72,us,8.41,1.907,0.132,18
12.0854,143.2893,38.326,4.4,37,66.0,2.146,1.21,us,8.56,8.014,0.106,29
-3.3443,129.2759,10.0,4.4,34,58.0,1.328,0.5,us,6.54,1.883,0.107,25
-13.1696,167.1462,207.973,4.6,61,134.0,7.833,0.77,us,9.73,4.758,0.067,66
22.7272,95.9849,10.0,4.1,17,161.0,3.866,0.64,us,12.9,1.962,0.157,11
18.7106,145.5349,210.582,3.8,25,148.0,3.459,0.47,us,11.56,9.547,0.12,18
-47.5585,165.4913,10.0,4.4,26,107.0,1.614,1.0,us,10.05,1.932,0.149,13
-17.2084,-174.6589,206.544,4.5,25,117.0,4.295,0.85,us,14.94,13.13,0.111,26
-15.7213,167.8704,197.755,4.7,40,122.0,0.698,0.73,us,10.52,2.281,0.102,29
53.5526,160.1191,61.365,4.4,56,114.0,1.029,0.57,us,10.05,7.669,0.072,55
14.8139,54.8332,10.0,4.9,72,97.0,10.111,0.63,us,10.55,1.896,0.072,60
11.139,124.3068,10.0,4.4,17,152.0,4.234,0.49,us,13.66,1.954,0.17,10
9.1574,93.9195,10.0,4.6,82,49.0,4.925,0.3,us,8.67,1.842,0.062,79
35.3044,25.4609,53.856,4.2,25,224.0,1.409,0.69,us,7.15,7.845,0.128,17
51.6531,159.3432,35.0,5.1,57,126.0,1.437,0.91,us,8.87,1.91,0.081,50
70.9686,-6.7652,10.0,4.2,83,47.0,0.571,0.61,us,6.14,1.9,0.07,57
53.4639,160.0373,70.746,4.2,28,163.0,0.943,0.7,us,13.62,10.476,0.112,22
51.9173,90.6931,10.0,4.5,58,53.0,4.095,1.26,us,9.4,1.919,0.053,104
52.1643,-171.3565,53.824,4.7,85,143.0,1.086,1.03,us,7.37,6.837,0.041,182
31.1827,49.7002,10.0,4.1,28,146.0,5.046,0.85,us,11.75,1.975,0.114,21
1.063,125.5336,78.756,4.5,48,65.0,0.79,0.86,us,5.83,6.586,0.09,36
49.3741,155.5437,59.187,4.5,25,138.0,3.977,0.76,us,11.29,8.224,0.124,19
-23.1952,-179.7067,582.437,4.0,17,129.0,5.815,0.74,us,18.23,14.213,0.164,10
48.6044,157.4485,10.0,4.1,25,136.0,4.49,0.75,us,5.42,1.9,0.185,11
-23.1238,-179.7017,532.639,4.9,112,74.0,6.3,0.55,us,12.14,6.348,0.045,156
-21.2037,168.5192,10.0,4.9,33,186.0,1.72,0.46,us,4.52,1.909,0.12,22
35.8102,32.1868,78.055,4.3,65,119.0,1.262,0.84,us,6.93,9.646,0.099,29
-2.862,101.1384,62.216,4.5,40,189.0,2.346,0.75,us,9.9,9.426,0.104,27
51.4621,159.733,10.0,4.7,47,127.0,1.7,1.28,us,9.34,1.887,0.072,59
38.7751,70.4663,10.0,4.2,45,72.0,1.03,0.76,us,3.63,1.729,0.102,29
-17.758,-176.8844,385.124,4.1,32,91.0,3.801,0.94,us,8.66,7.059,0.114,21
42.8343,144.5628,63.3,4.1,58,133.0,1.324,0.99,us,7.29,7.046,0.087,36
12.7745,-88.2994,42.488,4.0,15,159.0,0.691,0.86,us,4.65,8.58,0.3,3
-2.9109,128.1972,10.0,4.6,59,40.0,3.675,0.63,us,7.07,1.879,0.085,42
11.6265,42.7636,10.0,4.5,24,96.0,0.125,0.41,us,6.76,1.941,0.144,14
58.3774,-32.1618,10.0,4.5,66,130.0,8.209,0.5,us,11.32,1.931,0.072,57
51.2802,159.4809,10.0,4.4,28,221.0,1.819,1.02,us,8.16,1.965,0.12,20
51.6121,-175.5396,61.044,3.9,25,185.0,0.445,0.35,us,4.9,10.122,0.172,9
23.0801,94.7964,140.77,4.6,51,128.0,4.771,0.71,us,10.95,2.993,0.088,38
79.6091,4.0277,10.0,4.7,98,60.0,1.638,0.49,us,8.38,1.26,0.059,89
8.0905,91.8312,10.0,4.5,40,171.0,5.822,0.94,us,10.74,1.914,0.102,28
40.0203,143.5318,10.0,4.9,125,121.0,2.013,0.62,us,7.15,1.718,0.05,127
-39.9168,174.391,13.09,4.2,32,74.0,0.841,0.65,us,3.69,4.961,0.2,7
9.2948,93.9639,10.0,4.6,84,49.0,5.007,0.53,us,9.67,1.856,0.067,66
-20.8101,68.502,10.0,4.3,19,144.0,4.93,0.27,us,14.83,1.936,0.161,11
50.2267,156.8917,53.233,4.4,55,135.0,2.929,0.69,us,11.52,7.617,0.085,40
-20.3516,-177.8071,524.156,4.4,35,124.0,4.693,0.59,us,14.0,8.009,0.103,28
-45.038,166.1316,13.184,4.6,30,89.0,0.838,0.86,us,4.31,5.13,0.141,15
11.5731,141.6391,10.0,5.1,43,71.0,3.735,1.05,us,11.23,1.888,0.052,120
-58.0205,-25.2757,35.0,4.5,13,132.0,16.51,1.15,us,14.5,1.946,0.15,13
17.6627,60.213,10.0,4.3,46,103.0,8.152,1.2,us,12.4,1.908,0.089,36
52.8563,160.7139,10.0,4.6,35,114.0,1.26,0.5,us,10.15,1.915,0.095,33
29.3104,129.5515,10.0,4.6,182,103.0,2.326,0.41,us,6.53,1.849,0.043,167
-21.1203,-69.2998,86.333,4.1,16,70.0,0.191,0.78,us,3.52,5.569,0.213,6
13.8424,39.8353,10.0,4.7,60,64.0,3.73,0.77,us,9.44,1.888,0.073,56
12.2738,144.4749,10.0,4.7,45,106.0,1.363,0.75,us,6.4,1.808,0.092,36
-10.9721,163.8334,10.0,4.1,11,212.0,4.117,0.98,us,12.51,2.024,0.197,7
-15.5916,-7.1765,10.0,4.4,17,91.0,1.425,1.16,us,11.46,1.905,0.138,15
7.0448,126.811,89.635,4.8,68,109.0,1.223,0.62,us,9.13,6.936,0.073,57
34.5841,93.1476,10.0,4.1,27,127.0,5.159,0.57,us,12.17,1.953,0.131,17
-6.3914,154.5076,10.0,4.4,23,118.0,3.198,0.75,us,12.18,1.903,0.124,19
52.3334,160.7508,10.0,4.2,15,164.0,1.454,1.31,us,10.83,1.928,0.187,8
51.9732,161.5776,10.0,4.3,21,126.0,2.076,0.42,us,10.18,1.917,0.168,10
51.6311,159.6573,31.749,4.9,107,132.0,1.525,0.77,us,10.53,5.33,0.046,151
51.6418,159.8988,10.0,4.4,26,138.0,1.582,1.22,us,10.21,1.936,0.127,18
57.5867,119.7191,10.0,4.6,110,69.0,6.712,0.76,us,8.54,1.863,0.058,91
4.8929,123.0324,573.765,4.2,48,56.0,2.443,0.72,us,12.41,8.778,0.087,37
-9.5022,112.7895,35.0,4.0,25,94.0,1.692,0.79,us,8.59,1.926,0.144,14
52.9609,160.7587,10.0,4.9,101,107.0,1.276,0.97,us,8.07,1.86,0.026,473
19.8566,121.3308,39.251,4.5,34,116.0,2.956,0.69,us,12.27,8.335,0.111,24
4.1883,126.6831,46.327,4.2,12,171.0,1.317,0.76,us,12.66,10.5,0.176,9
52.3289,160.1775,38.776,4.3,20,151.0,1.161,0.59,us,9.19,6.467,0.177,9
52.8438,159.6073,56.032,4.1,14,164.0,0.607,0.39,us,12.42,7.096,0.184,9
-1.1916,147.5797,10.0,4.4,32,91.0,0.872,0.47,us,6.03,1.901,0.105,26
51.4509,159.4171,24.648,4.7,41,128.0,1.644,0.92,us,10.98,5.882,0.096,33
-1.2033,127.155,10.0,4.8,40,88.0,3.503,0.67,us,7.89,1.873,0.097,33
-60.1446,-62.0491,10.0,4.8,25,97.0,4.739,0.83,us,11.59,1.868,0.118,25
52.2848,152.8366,453.612,4.4,97,117.0,3.071,0.49,us,10.3,7.84,0.034,253
18.9676,145.4429,248.09,4.5,130,96.0,3.721,0.76,us,10.35,7.424,0.046,140
50.4997,159.977,10.0,4.1,47,133.0,2.658,0.49,us,10.27,1.917,0.087,36
52.571,160.6326,35.0,4.0,14,121.0,1.286,0.8,us,11.61,1.957,0.163,10
26.7438,139.342,580.248,4.0,63,104.0,2.562,0.64,us,11.87,8.443,0.07,55
5.3311,124.7375,15.643,4.3,24,98.0,0.948,1.08,us,6.73,2.979,0.137,15
31.5172,-115.6079,5.0,4.2,39,86.0,0.477,1.26,us,1.46,1.846,0.091,34
-32.1903,-178.7721,27.978,4.9,30,130.0,5.872,0.45,us,15.31,6.456,0.106,28
-3.8117,131.512,10.0,4.5,77,23.0,1.152,1.06,us,5.84,1.854,0.067,66
52.2171,-173.6219,10.0,3.6,65,171.0,0.293,0.67,us,5.11,1.397,0.167,9
-29.6084,137.5315,10.0,4.1,14,70.0,3.382,0.24,us,4.29,1.972,0.185,11
13.7375,145.1242,130.189,4.2,21,97.0,1.622,0.61,us,13.52,8.304,0.136,15
8.6313,-103.4518,10.0,4.1,34,215.0,10.07,0.56,us,14.26,1.993,0.099,28
-31.5296,-178.1655,35.0,4.3,12,174.0,2.27,1.12,us,11.94,1.982,0.177,9
36.7425,70.7593,156.418,4.2,22,240.0,2.083,0.35,us,10.08,12.669,0.215,6
51.4759,159.745,10.0,4.0,11,258.0,1.69,1.0,us,7.65,1.988,0.212,7
51.3786,159.4343,27.846,4.5,22,135.0,1.717,0.58,us,13.04,6.807,0.125,19
16.5841,-59.6942,10.0,4.6,60,146.0,1.334,0.65,us,6.69,1.926,0.061,81
51.487,159.3122,35.0,4.5,26,161.0,1.902,0.95,us,12.88,1.967,0.121,20
52.779,159.558,80.64,4.0,17,146.0,1.172,0.91,us,12.47,8.457,0.164,10
52.1406,-168.5339,28.671,3.8,21,218.0,0.856,1.0,us,8.44,13.924,0.108,22
-14.5332,167.1765,145.681,4.2,17,279.0,0.909,0.83,us,15.56,7.342,0.159,12
36.7909,71.1696,214.024,4.0,27,160.0,1.844,0.75,us,8.62,9.913,0.231,5
49.0944,154.7395,83.454,4.6,166,114.0,4.43,0.6,us,8.72,6.059,0.037,220
13.967,-92.5853,22.359,4.6,71,157.0,1.158,1.25,us,6.19,7.071,0.03,329
-57.0537,-68.6834,10.0,4.4,14,154.0,2.207,0.58,us,10.49,1.873,0.19,8
7.7672,126.876,82.736,4.8,101,106.0,1.461,1.12,us,9.59,3.326,0.059,90
8.1119,126.2944,10.0,4.6,51,96.0,1.255,0.76,us,9.67,1.888,0.06,84
36.0355,31.122,65.244,4.1,55,139.0,1.21,1.03,us,6.01,9.382,0.095,31
52.3046,159.2205,56.95,4.0,13,253.0,0.799,0.36,us,9.47,9.189,0.196,9
40.7155,51.8267,49.334,5.1,144,76.0,2.431,0.56,us,6.98,6.525,0.048,142
0.6016,122.2017,116.082,4.1,27,74.0,1.729,1.08,us,6.9,7.682,0.127,17
27.037,111.492,10.0,4.6,24,192.0,3.674,0.65,us,7.83,1.964,0.158,13
55.5825,161.7852,97.631,4.2,71,134.0,3.154,0.66,us,13.06,10.346,0.068,60
38.2353,141.89,68.806,4.3,18,160.0,2.629,0.68,us,9.89,9.655,0.187,8
52.3535,159.8069,55.322,4.2,56,208.0,0.973,0.63,us,13.25,10.601,0.068,59
17.941,-95.1842,128.51,4.3,62,99.0,1.168,0.96,us,6.89,8.326,0.054,98
39.4639,142.7562,35.0,4.8,65,128.0,1.853,0.85,us,7.39,1.909,0.051,121
52.7232,-169.4299,51.683,4.1,84,135.0,0.311,0.71,us,7.07,4.902,0.057,83
51.9389,160.1249,35.0,4.2,16,197.0,1.412,0.62,us,10.4,2.002,0.159,11
8.7018,126.9099,35.0,5.2,55,94.0,2.09,1.03,us,10.47,1.874,0.046,166
49.6388,92.7261,10.0,4.3,25,111.0,5.655,0.79,us,8.38,1.885,0.133,16
52.4346,161.8002,10.0,4.4,27,126.0,2.004,0.91,us,9.15,1.914,0.117,21
-6.5238,35.807,10.0,4.2,18,86.0,4.699,0.47,us,10.48,1.941,0.167,10
51.2873,157.5447,75.204,4.2,38,134.0,1.826,0.64,us,10.96,8.245,0.117,20
-1.92,139.1436,25.027,4.7,37,83.0,1.17,0.5,us,7.3,5.61,0.106,27
2.4729,126.9288,57.806,4.2,26,111.0,1.745,0.56,us,7.11,9.811,0.136,15
4.091,125.8929,155.742,4.1,22,184.0,0.76,0.79,us,10.56,7.871,0.145,15
-24.8265,179.8495,529.804,4.2,25,191.0,7.243,0.69,us,14.89,11.892,0.125,19
-22.3676,-65.8268,270.762,4.8,95,59.0,2.249,0.97,us,9.02,6.93,0.03,347
39.1655,28.2881,10.0,4.1,18,70.0,1.08,0.58,us,5.32,1.977,0.302,3
43.0011,145.3606,55.608,4.1,16,184.0,1.904,0.61,us,11.43,11.85,0.185,8
51.2241,159.1106,43.286,4.2,15,221.0,1.824,1.01,us,4.5,8.895,0.216,6
13.0045,145.5948,10.0,4.7,66,98.0,0.915,0.64,us,6.03,1.807,0.076,53
53.1025,159.9097,65.865,4.8,59,126.0,1.324,0.87,us,10.51,7.069,0.047,142
3.5115,126.6778,43.232,4.5,29,93.0,1.704,0.69,us,6.41,8.025,0.095,32
20.7669,95.9487,10.0,4.5,46,117.0,1.059,0.85,us,7.63,1.891,0.095,32
27.5427,139.8854,486.645,4.3,125,47.0,2.093,0.58,us,10.87,7.79,0.052,107
-5.8087,148.8839,123.391,5.0,41,64.0,3.641,0.69,us,6.42,6.92,0.101,31
51.3567,160.5658,10.0,4.3,15,192.0,2.044,0.94,us,13.21,1.995,0.177,9
51.4034,158.6437,49.257,4.2,46,127.0,1.623,0.88,us,11.18,8.342,0.082,41
-41.195,-89.1036,10.0,4.8,89,141.0,12.049,0.47,us,10.77,1.88,0.043,167
27.1766,143.1584,10.0,4.1,14,215.0,0.872,0.46,us,8.96,1.953,0.166,10
52.5145,160.8117,8.71,4.6,120,116.0,1.409,0.61,us,5.67,4.678,0.043,164
-18.0377,-178.5833,624.307,4.1,18,122.0,2.496,0.4,us,9.7,11.079,0.151,13
-24.2183,-67.0475,175.824,4.2,17,93.0,1.633,1.13,us,10.81,11.537,0.2,7
5.2089,-73.6458,146.8,4.4,37,155.0,0.764,0.75,us,9.12,7.733,0.112,23
42.0602,139.5657,190.876,4.6,117,48.0,1.698,0.66,us,7.41,7.002,0.055,98
-28.2451,-67.4359,111.607,4.4,97,37.0,2.732,0.49,us,7.74,7.306,0.06,86
-57.6193,157.9536,39.626,4.3,20,140.0,3.177,0.76,us,7.97,11.422,0.148,13
-5.9761,130.804,122.091,5.0,80,19.0,3.361,0.63,us,7.34,6.805,0.053,115
-20.6372,-178.0282,528.577,4.3,27,129.0,4.689,0.51,us,15.51,6.476,0.116,21
52.7396,160.9397,10.0,4.0,10,120.0,1.416,0.35,us,9.67,1.873,0.164,10
29.2054,128.9807,10.0,4.9,44,84.0,2.442,0.95,us,7.35,1.864,0.059,89
-25.4227,-177.1364,122.376,4.9,118,74.0,3.872,0.71,us,10.15,6.362,0.034,270
12.4391,-89.3216,10.0,4.3,56,192.0,1.32,0.62,us,5.7,1.967,0.081,44
60.4175,-139.6841,5.0,4.5,48,52.0,0.429,1.11,us,4.57,1.919,0.171,12
50.1518,158.1682,20.654,4.2,13,176.0,2.891,0.99,us,10.03,7.899,0.186,8
51.149,158.5587,35.0,5.2,142,60.0,1.878,0.74,us,7.36,1.832,0.023,602
51.3848,159.8739,10.0,4.7,18,183.0,1.806,1.0,us,10.59,1.958,0.158,12
4.5768,-73.2685,10.0,4.5,12,112.0,1.082,1.0,us,8.19,1.344,0.204,7
12.6584,123.3822,10.0,4.7,60,107.0,5.96,0.69,us,9.61,1.477,0.082,45
-34.9148,-111.5823,10.0,4.4,14,91.0,31.625,0.21,us,16.77,1.914,0.17,11
-6.5386,131.4808,10.0,4.9,52,62.0,2.544,0.72,us,8.45,1.901,0.086,42
51.2809,159.6382,24.868,4.7,27,206.0,1.848,0.77,us,11.97,8.132,0.12,21
9.3075,93.7511,10.0,4.2,27,179.0,5.823,0.57,us,13.83,1.943,0.128,18
39.8072,143.6256,10.0,5.0,60,120.0,2.191,0.73,us,7.54,1.871,0.045,156
-5.0328,151.767,82.848,4.7,89,97.0,0.925,0.88,us,10.21,6.282,0.058,93
52.0262,160.4057,10.0,4.3,19,179.0,1.466,0.98,us,9.95,1.949,0.153,12
-6.9573,73.2022,10.0,4.3,14,91.0,0.87,0.65,us,7.67,1.247,0.188,8
51.9818,158.6714,65.925,4.7,28,138.0,1.043,0.58,us,11.97,8.035,0.117,22
52.6348,159.1796,62.543,4.7,173,118.0,0.505,0.72,us,6.67,5.824,0.037,223
-39.0242,175.7827,125.573,4.9,36,63.0,0.041,1.15,us,4.66,6.023,0.129,21
21.8819,142.9768,267.036,4.0,31,130.0,5.24,0.56,us,11.98,8.682,0.113,22
15.52,120.0935,59.843,4.7,62,80.0,7.318,0.8,us,9.77,7.196,0.086,41
-17.9339,-178.1592,583.455,4.1,17,136.0,2.77,0.61,us,23.98,21.853,0.157,13
53.3337,160.7986,35.0,4.1,22,195.0,1.33,0.5,us,9.24,1.962,0.12,19
9.3113,93.9417,10.0,4.3,25,190.0,5.637,0.46,us,14.74,1.958,0.125,18
-23.6168,179.4271,568.898,4.5,33,168.0,5.982,0.42,us,12.27,7.538,0.097,31
-41.3503,-75.3033,10.0,4.4,24,141.0,2.049,0.75,us,9.03,1.922,0.144,14
50.2202,157.2466,35.0,4.2,32,190.0,2.906,0.92,us,11.06,1.972,0.113,22
44.0302,86.8984,10.0,4.4,29,109.0,3.715,0.86,us,9.96,1.907,0.13,17
-15.3698,167.4686,121.884,4.9,50,84.0,0.267,0.64,us,10.42,4.772,0.087,41
-6.8648,128.5397,10.0,4.4,22,105.0,5.111,0.75,us,8.42,1.902,0.13,17
-6.3263,151.9229,10.0,4.3,17,176.0,2.135,0.83,us,13.49,1.97,0.148,13
51.6358,158.1961,59.345,4.1,29,88.0,1.417,1.31,us,10.0,7.763,0.123,18
49.3395,156.1103,59.872,4.5,38,190.0,3.904,0.48,us,12.15,8.112,0.084,42
9.0584,126.4287,46.855,4.5,36,73.0,2.148,0.81,us,8.31,7.67,0.101,29
-14.7622,-72.3745,93.382,4.2,33,124.0,4.083,1.08,us,7.36,13.612,0.122,19
36.7938,141.287,43.945,4.5,67,114.0,1.679,0.73,us,8.35,7.822,0.073,54
51.6277,159.1623,47.227,4.6,91,135.0,1.733,0.44,us,10.48,7.215,0.061,79
44.404,33.2724,9.359,4.1,43,45.0,2.501,0.7,us,6.11,3.74,0.106,25
29.4287,129.3406,10.0,4.4,31,110.0,2.285,0.58,us,6.22,1.874,0.114,26
25.1128,98.1772,10.0,4.6,55,50.0,4.025,0.6,us,6.02,1.694,0.084,43
-17.1634,-174.6802,214.117,4.3,36,66.0,4.274,0.81,us,10.09,8.27,0.094,32
36.4287,70.5978,203.322,4.1,28,174.0,2.252,0.93,us,7.6,10.812,0.198,7
9.1076,93.8628,10.0,4.3,26,199.0,5.694,0.65,us,13.63,1.962,0.133,16
-17.1129,-178.7501,561.183,4.0,25,75.0,1.908,0.91,us,14.68,9.697,0.122,18
51.3345,159.5784,10.0,5.0,64,139.0,1.786,1.27,us,9.34,1.896,0.052,118
-15.9117,-75.5832,10.0,4.5,15,143.0,4.088,1.32,us,8.87,1.833,0.204,7
52.144,160.281,35.0,4.4,21,208.0,1.329,0.55,us,15.28,9.841,0.161,11
-5.5903,148.9087,187.15,4.3,81,68.0,3.528,0.72,us,8.68,7.193,0.062,74
-15.0042,-173.5269,10.0,4.1,10,178.0,2.965,0.45,us,13.94,1.896,0.185,8
-20.0215,-178.245,595.681,4.4,30,93.0,4.173,0.59,us,17.36,16.484,0.109,24
7.3415,127.3826,10.0,4.5,20,135.0,1.81,0.91,us,9.35,1.878,0.128,18
-5.571,129.3156,287.436,4.1,20,100.0,1.195,0.35,us,13.08,8.952,0.13,16
41.1545,71.5545,10.0,4.6,64,88.0,0.431,0.74,us,2.93,1.893,0.077,50
39.6033,143.1196,29.008,4.3,29,143.0,1.97,0.37,us,8.66,6.898,0.133,17
35.6406,140.1532,69.473,4.3,36,130.0,1.813,0.54,us,7.6,8.495,0.122,19
51.4645,159.8388,10.0,4.3,30,124.0,1.724,1.23,us,9.09,1.912,0.132,19
30.2993,67.8799,10.0,4.3,57,99.0,4.335,0.9,us,6.13,1.878,0.093,34
33.5787,141.861,10.0,4.3,23,160.0,1.775,0.94,us,8.88,1.946,0.142,14
1.7192,126.4493,48.937,4.8,55,90.0,3.146,0.62,us,7.78,7.773,0.054,108
-0.3096,131.9054,10.0,4.6,33,90.0,0.848,0.61,us,5.39,0.62,0.114,23
52.8196,161.163,10.0,4.4,56,148.0,1.535,0.68,us,10.18,1.942,0.066,65
51.5809,157.3303,76.79,4.2,50,133.0,1.546,0.68,us,12.04,7.901,0.066,64
39.536,143.4816,34.924,4.3,23,198.0,2.236,0.62,us,5.96,8.047,0.153,12
28.9865,67.1943,10.0,4.4,43,115.0,5.754,0.85,us,5.85,1.857,0.087,38
52.0828,161.7033,10.0,4.1,20,125.0,2.089,0.77,us,10.29,1.918,0.175,9
-45.609,-77.4545,10.0,4.5,29,192.0,2.816,0.65,us,10.06,1.969,0.163,11
-19.2339,-177.465,572.491,4.2,21,170.0,4.074,0.64,us,17.07,8.587,0.125,18
-20.5498,-177.7108,533.717,4.2,32,151.0,4.88,0.85,us,14.67,10.288,0.106,25
52.5535,160.5109,31.366,4.5,66,149.0,1.224,0.97,us,10.89,6.661,0.074,54
51.3303,159.7379,24.0,4.3,18,214.0,1.823,0.78,us,12.82,9.005,0.168,10
51.7976,160.2803,10.0,4.4,35,160.0,1.583,1.08,us,6.16,1.924,0.117,21
-18.2148,168.1202,52.373,4.3,14,157.0,4.147,0.47,us,12.07,9.713,0.178,9
52.319,160.5494,29.898,4.5,41,122.0,1.355,0.79,us,9.19,3.931,0.108,25
51.2537,157.5788,69.781,4.5,79,126.0,1.859,0.49,us,8.92,7.565,0.061,79
52.1431,160.1341,10.0,4.2,24,172.0,1.264,1.15,us,7.86,1.934,0.128,23
46.0522,150.9692,109.304,4.3,39,170.0,6.237,0.63,us,12.97,8.908,0.099,29
44.0449,147.0617,128.652,4.4,64,177.0,3.221,0.65,us,11.78,9.994,0.073,54
-47.9879,116.6016,10.0,4.6,16,96.0,15.051,0.95,us,10.84,1.955,0.146,14
39.6661,143.2604,10.0,4.9,62,129.0,2.021,0.83,us,6.09,1.877,0.054,109
-7.0898,125.6438,517.463,4.8,31,59.0,2.978,0.73,us,14.08,10.018,0.109,26
21.2003,95.7149,141.521,4.1,30,138.0,2.824,1.21,us,12.66,10.766,0.12,19
-24.1662,-66.8788,178.818,4.5,87,70.0,1.698,1.2,us,9.19,7.992,0.055,96
-23.3892,-175.707,35.0,5.0,42,131.0,6.176,0.64,us,11.7,1.549,0.094,36
51.5778,160.4079,10.0,4.2,32,135.0,1.806,0.51,us,10.08,1.92,0.118,20
-5.4704,145.8681,84.532,4.2,14,197.0,4.113,0.79,us,13.05,12.929,0.167,10
-23.7781,179.867,539.321,4.4,21,133.0,6.238,0.72,us,15.68,11.43,0.138,20
52.1303,160.2121,35.0,5.7,38,118.0,1.818,0.81,us,6.78,1.927,0.105,32
1.4567,128.2043,106.214,4.6,48,80.0,3.826,0.5,us,8.34,8.523,0.088,39
21.0567,121.7601,10.0,4.4,24,120.0,1.863,1.14,us,8.8,1.949,0.179,9
53.3547,161.6702,25.139,4.5,31,116.0,1.847,0.82,us,10.16,5.684,0.122,20
51.1442,159.5663,10.0,4.6,76,123.0,1.965,0.96,us,8.74,1.897,0.068,65
2.2866,96.2234,23.205,4.2,19,188.0,1.667,0.38,us,8.78,6.668,0.176,9
53.652,160.237,39.607,4.4,25,113.0,1.141,1.13,us,8.63,4.714,0.13,17
9.7081,126.6996,15.868,4.3,37,130.0,2.846,0.8,us,13.54,4.67,0.095,31
18.2852,145.5755,208.946,4.6,85,95.0,3.034,0.69,us,10.73,7.698,0.063,75
51.3084,159.5687,10.0,4.3,27,138.0,1.808,1.02,us,9.91,1.93,0.122,19
40.9578,14.7014,10.0,4.4,67,59.0,0.125,1.15,us,3.89,1.403,0.127,18
29.2029,129.3592,10.0,4.5,37,108.0,2.485,0.47,us,7.24,1.89,0.108,25
13.7808,120.7068,184.79,4.4,48,102.0,8.995,0.45,us,13.41,8.471,0.083,42
50.1601,157.2531,35.0,4.7,140,132.0,2.965,0.73,us,5.98,1.704,0.049,124
51.5983,178.3582,90.978,4.0,30,184.0,0.382,0.71,us,6.63,4.459,0.15,12
11.5238,144.0401,10.0,4.5,21,199.0,2.206,1.2,us,7.89,1.934,0.163,11
6.4896,126.7054,194.346,5.0,63,57.0,1.258,0.82,us,8.39,6.369,0.041,185
50.8501,157.1112,79.757,5.0,112,84.0,2.29,0.86,us,8.51,5.038,0.022,641
52.5577,160.9675,10.0,4.1,20,152.0,1.483,1.1,us,7.3,1.947,0.235,5
51.4024,159.5171,10.0,4.6,48,128.0,1.709,0.78,us,8.73,1.885,0.085,45
40.987,141.9201,61.123,4.3,29,121.0,0.678,0.57,us,7.16,6.059,0.13,18
13.8852,145.2884,120.493,4.1,23,150.0,0.503,0.44,us,10.88,7.533,0.123,18
52.6072,160.4617,35.0,4.6,55,150.0,1.176,1.06,us,9.64,1.936,0.074,54
7.073,126.8243,72.22,5.5,114,101.0,1.236,0.98,us,4.18,6.465,0.045,171
-6.2658,151.9704,10.0,4.5,41,149.0,1.947,0.53,us,11.72,1.905,0.093,34
-18.8773,-175.5661,197.862,4.6,48,87.0,5.339,0.64,us,13.84,7.527,0.085,41
52.7253,161.0937,35.0,4.5,33,132.0,1.511,0.63,us,12.31,1.934,0.093,34
-19.594,-175.5821,197.786,4.6,18,135.0,5.364,0.3,us,13.46,17.827,0.136,16
-1.9974,-13.1468,10.0,4.2,21,103.0,6.018,0.71,us,11.8,1.916,0.136,15
-21.7616,-68.6791,119.777,4.2,28,49.0,0.524,0.78,us,7.6,3.818,0.125,18
52.2802,160.6657,25.442,4.3,37,118.0,1.436,0.92,us,9.51,5.845,0.108,24
11.972,143.8864,10.0,5.0,140,46.0,1.871,0.48,us,8.35,1.823,0.034,281
52.3906,160.7468,10.0,5.1,78,134.0,1.425,0.99,us,10.72,1.898,0.072,62
29.0846,86.7036,10.0,4.5,26,164.0,3.909,0.71,us,9.68,1.889,0.124,19
52.4526,160.726,10.0,4.2,17,122.0,1.386,0.99,us,11.03,1.936,0.175,10
-20.5334,-178.3095,540.152,4.4,44,124.0,4.418,0.7,us,14.12,7.851,0.097,33
-27.79,-177.6507,126.865,4.0,17,160.0,1.47,0.47,us,14.74,7.748,0.144,17
50.0572,159.4598,10.0,4.6,42,136.0,3.013,0.88,us,10.6,1.9,0.086,40
49.921,156.1567,70.475,4.3,27,126.0,3.334,0.5,us,11.47,7.19,0.119,23
60.366,-58.5403,10.0,4.5,34,139.0,5.15,0.52,us,9.74,1.968,0.101,29
52.2211,158.8922,72.65,4.2,20,165.0,0.817,0.81,us,9.16,7.97,0.176,9
1.7856,127.0794,74.992,4.6,62,82.0,2.264,0.49,us,7.84,7.45,0.078,49
-18.6769,-178.0027,491.982,4.4,32,164.0,3.326,0.29,us,14.42,8.4,0.103,27
6.0067,126.146,150.653,4.4,61,45.0,1.197,1.07,us,4.67,6.262,0.073,54
10.8902,123.9522,10.0,4.6,45,122.0,6.302,0.62,us,12.59,1.9,0.093,34
41.2718,142.6321,43.073,4.8,66,134.0,0.84,0.55,us,6.23,6.431,0.055,102
12.0875,-88.4631,10.0,4.5,60,176.0,1.38,0.69,us,7.21,1.976,0.076,51
-57.7392,157.6493,10.0,5.1,30,94.0,3.328,0.92,us,5.73,1.833,0.122,22
-23.7096,-174.4933,10.0,4.7,23,136.0,6.273,1.35,us,15.44,1.904,0.142,20
-24.0319,-66.6751,190.999,4.4,30,69.0,1.75,0.79,us,9.2,8.135,0.117,21
-6.2888,130.1974,132.01,4.3,12,114.0,3.922,0.31,us,8.15,11.319,0.237,6
-16.2898,66.8529,10.0,4.7,42,57.0,4.781,0.48,us,11.34,1.854,0.093,35
52.7932,160.9504,13.417,4.4,28,119.0,1.412,1.04,us,10.56,5.105,0.11,24
-55.6948,-28.0794,34.514,5.4,118,39.0,5.044,0.7,us,10.25,3.717,0.059,100
48.2687,157.0162,10.0,4.2,12,156.0,4.865,0.48,us,11.97,1.874,0.2,7
12.9323,145.4073,10.0,4.4,43,117.0,0.838,0.42,us,4.7,1.919,0.093,33
52.9096,160.3364,35.0,4.4,50,165.0,1.026,0.97,us,9.74,1.956,0.086,39
50.329,158.7091,10.0,4.1,17,218.0,2.699,0.68,us,13.48,1.998,0.158,11
51.8739,160.7053,10.0,4.2,14,214.0,1.705,0.71,us,8.49,2.003,0.199,7
52.2138,160.3446,10.0,4.9,139,86.0,1.313,0.62,us,5.23,1.857,0.041,188
51.7308,160.6197,35.192,4.1,49,136.0,1.77,0.66,us,8.67,8.106,0.08,48
-6.9147,125.7048,509.074,4.6,86,28.0,3.16,0.61,us,9.95,6.776,0.078,49
39.5017,143.3113,10.0,5.0,49,147.0,2.149,0.97,us,5.01,1.909,0.058,96
53.3773,161.6507,22.376,4.3,23,165.0,1.84,0.85,us,14.67,7.415,0.142,15
42.3653,144.4693,48.568,4.8,85,123.0,1.036,0.64,us,7.54,6.899,0.028,404
52.7451,160.8097,10.0,4.4,23,189.0,1.338,0.54,us,7.29,1.979,0.155,12
6.12,94.8961,10.0,4.6,47,72.0,2.225,0.86,us,9.55,1.878,0.095,33
-41.8819,84.961,10.0,4.6,33,66.0,37.441,0.5,us,10.35,1.875,0.103,28
34.4314,70.9445,10.0,4.1,17,241.0,1.498,0.27,us,5.78,1.991,0.158,12
45.7316,153.756,10.0,4.1,33,138.0,7.708,0.77,us,10.64,1.882,0.12,21
-16.5223,-177.2358,421.006,4.6,61,67.0,3.256,0.89,us,12.1,7.988,0.041,181
-18.9716,167.4547,10.0,4.7,28,80.0,3.226,0.94,us,8.48,1.901,0.117,22
46.4211,149.7086,188.916,4.1,31,104.0,5.524,0.96,us,9.68,7.08,0.135,16
5.8112,125.5447,67.379,4.6,78,86.0,1.073,0.69,us,8.45,5.791,0.067,67
52.3417,161.3744,10.0,4.3,16,208.0,1.794,1.29,us,12.57,1.997,0.201,7
49.9381,157.3568,10.0,4.2,35,138.0,3.182,0.66,us,10.88,1.447,0.104,26
-27.6938,179.4477,514.853,4.7,56,102.0,9.621,0.6,us,12.53,8.127,0.071,64
51.0064,158.5045,35.0,5.3,59,106.0,2.022,0.67,us,8.64,1.842,0.095,37
49.986,156.6867,37.494,5.3,209,68.0,3.19,0.58,us,8.43,5.032,0.021,782
-7.3325,128.8388,135.148,4.3,11,114.0,5.122,0.57,us,11.34,13.874,0.265,4
18.0356,-102.8914,10.0,4.4,131,213.0,2.247,0.93,us,9.92,1.969,0.033,258
-24.2019,-67.1947,199.752,4.3,28,74.0,1.537,1.32,us,11.15,8.032,0.122,19
-15.1851,-174.8226,274.419,4.2,17,84.0,3.206,0.74,us,12.58,7.938,0.167,10
13.4269,53.9278,10.0,4.3,17,192.0,10.984,0.48,us,15.97,1.99,0.16,12
-55.142,-1.3455,10.0,4.4,13,121.0,16.606,0.51,us,7.23,1.919,0.148,13
60.4467,-139.5643,5.0,4.4,46,80.0,0.491,0.85,us,2.7,1.404,0.17,10
-16.0027,-74.7107,39.903,4.3,24,143.0,4.495,0.87,us,10.54,7.664,0.111,23
-6.2671,130.8945,119.258,4.2,19,111.0,1.994,1.15,us,7.46,7.865,0.176,10
52.9605,160.5025,52.675,4.3,23,149.0,1.122,1.09,us,8.53,8.761,0.137,15
29.5796,51.3509,10.0,4.6,78,71.0,6.321,0.57,us,8.36,1.847,0.058,89
51.2404,159.048,10.0,4.4,31,137.0,1.803,0.47,us,10.3,1.919,0.12,20
13.2889,-90.9944,11.649,4.5,128,88.0,1.326,0.96,us,6.99,4.389,0.038,207
51.9347,161.4937,10.0,4.2,27,131.0,2.053,0.95,us,11.81,1.913,0.128,17
-4.2743,152.6823,62.317,4.7,75,90.0,0.524,0.39,us,9.52,6.552,0.065,71
-20.0054,-178.2834,622.929,4.6,76,120.0,4.134,0.63,us,12.74,5.763,0.066,68
51.2824,159.4064,10.0,4.2,31,167.0,1.805,0.88,us,10.92,1.947,0.115,21
-16.5178,-173.8145,53.864,4.4,11,144.0,3.252,0.53,us,12.6,8.869,0.179,22
16.5838,-100.7307,10.0,4.3,69,196.0,0.688,1.18,us,5.57,1.922,0.047,128
32.3875,140.0058,104.545,4.5,35,147.0,0.743,0.94,us,11.14,6.94,0.106,26
40.3877,142.1298,59.993,4.1,19,183.0,0.905,0.53,us,6.84,9.843,0.174,9
35.5524,140.0125,97.369,4.3,32,106.0,1.764,0.69,us,5.73,8.516,0.125,18
4.2511,128.4043,10.0,4.6,79,55.0,2.955,0.73,us,7.11,1.864,0.072,58
3.4593,125.6907,89.265,4.2,20,129.0,1.283,0.62,us,6.91,9.889,0.166,13
52.957,160.5551,35.0,4.1,17,118.0,1.154,0.61,us,10.99,1.944,0.135,15
44.2437,148.7377,10.0,4.2,34,140.0,4.422,0.81,us,11.11,1.929,0.116,21
50.9849,158.6593,35.0,5.4,61,81.0,2.042,0.57,us,6.5,1.634,0.092,40
16.5686,-94.3073,110.545,4.3,28,118.0,0.761,0.93,us,4.83,9.871,0.119,20
49.2029,155.5603,64.406,4.5,53,137.0,4.136,0.65,us,11.64,7.942,0.069,61
49.3942,155.4985,66.436,4.2,30,151.0,3.967,0.69,us,13.27,8.436,0.115,21
51.5061,159.5535,35.0,4.9,65,127.0,1.618,1.14,us,8.18,1.917,0.061,83
13.8547,145.2782,91.953,4.1,25,104.0,0.478,0.62,us,7.71,6.724,0.123,18
51.5214,160.248,10.0,4.4,18,220.0,1.796,0.53,us,10.07,1.966,0.169,10
52.9388,161.4143,10.0,5.0,121,114.0,1.674,0.54,us,10.23,1.888,0.051,121
52.4915,160.9813,10.0,4.3,17,205.0,1.514,1.01,us,11.44,2.004,0.168,11
-22.3515,-179.5451,589.473,4.7,89,69.0,5.109,0.69,us,9.17,6.896,0.034,263
34.7164,70.7355,8.457,5.2,107,39.0,1.336,0.48,us,8.42,3.444,0.042,188
27.6641,139.8924,484.318,4.3,81,82.0,2.115,0.64,us,8.42,8.653,0.038,204
-5.6843,128.8249,294.906,4.1,29,67.0,1.577,0.71,us,9.76,8.098,0.123,18
29.2506,129.5135,10.0,4.3,26,112.0,2.393,0.72,us,8.7,1.9,0.122,19
11.1563,123.9487,10.0,4.5,31,130.0,6.559,0.65,us,14.95,1.914,0.106,27
-6.5676,148.9066,66.477,4.3,19,134.0,3.307,0.76,us,10.68,8.623,0.147,13
52.9883,160.5348,10.0,4.8,59,118.0,1.14,0.67,us,9.47,1.87,0.08,48
52.1576,160.2437,10.0,4.5,49,144.0,1.303,0.61,us,10.98,1.916,0.077,49
-23.6893,179.9095,514.058,4.5,55,103.0,5.862,0.74,us,15.1,9.726,0.037,216
1.5904,123.9628,298.53,4.2,26,77.0,2.873,0.42,us,10.32,9.442,0.132,16
-6.8296,131.5473,10.0,4.6,15,117.0,2.815,0.59,us,7.52,1.893,0.223,6
-2.9423,0.0956,10.0,4.7,33,86.0,10.752,0.74,us,12.21,1.889,0.108,28
51.814,159.5999,10.0,4.5,27,126.0,1.344,1.13,us,9.38,1.72,0.14,20
23.762,121.5524,10.0,4.8,41,72.0,0.412,1.04,us,1.22,1.883,0.095,35
-20.6707,-175.1802,97.824,4.6,17,146.0,5.192,0.39,us,11.85,16.167,0.128,18
51.5583,159.1846,38.813,5.1,33,135.0,1.504,0.9,us,9.4,6.064,0.124,21
-22.8642,-66.5065,208.166,4.4,28,66.0,1.544,0.82,us,7.35,8.485,0.131,17
52.4476,160.8111,10.0,4.4,26,117.0,1.435,1.2,us,4.95,1.902,0.143,19
52.5026,160.1267,56.44,4.2,26,138.0,1.038,0.41,us,12.32,8.64,0.107,27
-2.9038,136.2918,10.0,4.9,26,56.0,1.779,1.1,us,6.94,1.761,0.099,32
51.5714,160.3617,10.0,4.4,26,220.0,1.794,0.51,us,9.97,1.962,0.143,14
36.4893,53.2719,10.0,4.0,23,145.0,4.126,0.94,us,9.2,1.959,0.164,11
51.4805,159.9432,10.0,4.1,26,135.0,1.738,0.66,us,11.76,1.924,0.131,16
7.4423,126.5296,103.392,4.5,24,85.0,1.013,0.75,us,9.62,8.559,0.127,18
41.2822,142.7532,40.195,4.3,32,142.0,0.792,0.91,us,6.2,8.466,0.122,19
14.8298,55.8293,10.0,4.4,41,138.0,10.069,0.74,us,13.89,1.948,0.095,32
-59.6091,-26.2882,104.606,5.1,79,68.0,7.714,0.54,us,11.44,7.09,0.057,100
-0.4941,67.5628,10.0,4.3,16,238.0,5.52,0.39,us,7.42,1.994,0.178,9
11.1638,124.1068,10.0,4.6,52,73.0,4.32,0.58,us,10.47,1.891,0.088,39
-3.0521,126.8497,10.0,4.1,12,128.0,3.833,0.58,us,8.79,1.932,0.165,10
-6.1098,149.8655,35.0,4.3,19,129.0,2.978,0.36,us,10.48,1.956,0.142,14
-37.5884,51.6101,10.0,4.5,28,137.0,16.747,0.59,us,8.21,1.859,0.115,22
-49.547,125.2004,10.0,4.3,15,117.0,18.407,0.77,us,17.19,1.96,0.147,13
-16.1285,-172.9926,10.0,3.9,13,74.0,2.498,0.87,us,4.72,1.942,0.296,3
52.7231,160.6649,10.0,4.7,112,118.0,1.258,0.89,us,8.22,1.874,0.051,115
-7.1723,129.3087,151.324,4.3,29,72.0,2.698,0.53,us,9.78,8.576,0.122,19
64.5477,-17.5269,10.0,4.4,55,133.0,1.648,0.65,us,8.78,1.912,0.085,40
51.4337,159.5434,10.0,5.1,23,122.0,1.684,0.76,us,10.39,1.602,0.134,18
51.5301,160.3694,10.0,4.9,48,182.0,2.277,0.76,us,9.38,1.941,0.061,84
52.2369,159.5656,35.0,4.2,14,169.0,0.965,0.48,us,8.34,1.975,0.152,12
52.9723,160.5872,39.75,4.3,12,118.0,1.172,0.82,us,10.37,8.152,0.217,7
9.825,-70.7393,10.0,4.5,37,123.0,0.939,0.72,us,10.97,1.916,0.099,30
50.0007,159.5453,10.0,4.2,16,208.0,3.078,0.27,us,11.38,1.998,0.177,9
49.2125,157.8883,10.0,4.5,56,126.0,3.846,0.57,us,4.72,1.884,0.086,40
3.0571,-31.3417,10.0,4.9,63,46.0,9.931,0.6,us,10.53,1.856,0.06,87
52.0887,160.897,10.0,4.2,26,144.0,1.661,0.38,us,11.36,1.938,0.128,17
52.5123,160.629,10.0,4.2,29,163.0,1.307,0.94,us,12.31,1.955,0.128,17
-7.3365,128.9356,151.05,4.5,39,70.0,5.205,0.9,us,9.07,5.271,0.104,27
-60.1667,-62.2512,10.0,4.6,21,131.0,4.699,0.58,us,9.14,1.816,0.164,11
52.2735,160.504,29.755,4.3,23,157.0,1.357,1.2,us,7.69,6.527,0.138,15
-15.0016,-173.3144,10.0,4.6,22,139.0,1.839,0.22,us,9.93,1.485,0.141,15
6.4718,126.1976,73.23,4.4,44,61.0,0.854,0.78,us,5.76,7.611,0.087,38
-31.0643,-178.4757,95.468,5.0,51,44.0,1.874,0.56,us,12.79,4.687,0.08,52
38.0915,20.341,42.571,4.1,36,119.0,1.553,0.99,us,6.39,10.659,0.14,14
49.8424,155.9951,74.82,4.5,81,132.0,3.439,0.59,us,6.08,6.8,0.052,110
8.8276,-83.937,10.0,4.4,26,145.0,0.91,0.8,us,8.17,1.907,0.131,17
53.3411,160.8556,35.0,4.6,43,137.0,1.365,0.59,us,11.58,1.934,0.103,28
7.1993,127.1256,17.436,4.4,30,131.0,1.54,0.72,us,10.54,4.894,0.112,23
51.6558,159.9843,10.0,4.9,73,109.0,1.596,0.87,us,8.05,1.862,0.027,472
33.1158,141.9006,10.0,4.3,31,141.0,1.751,0.66,us,7.34,1.908,0.123,19
52.2901,160.3219,35.0,4.4,36,122.0,1.256,1.09,us,9.63,1.918,0.087,38
16.0294,-96.5603,37.287,4.1,45,163.0,0.506,0.78,us,3.71,12.45,0.097,29
-29.8408,-177.7271,81.137,4.4,18,257.0,9.675,0.63,us,20.62,14.532,0.13,18
52.1684,179.5168,171.368,4.3,68,58.0,0.171,0.67,us,8.07,5.104,0.056,89
18.4879,-69.1184,101.967,4.4,82,77.0,0.7,0.72,us,5.18,6.556,0.048,128
-27.8088,-66.3085,143.072,4.7,51,46.0,3.619,0.72,us,7.8,6.782,0.043,162
-15.7293,-177.4972,415.82,4.0,16,110.0,3.101,1.14,us,10.59,10.388,0.156,12
52.2423,160.7205,30.895,4.2,15,142.0,1.485,0.95,us,12.14,6.915,0.147,14
73.5133,7.972,10.0,4.3,42,94.0,5.115,0.81,us,5.74,1.874,0.078,47
13.082,145.7357,10.0,4.6,31,85.0,0.983,0.8,us,5.34,1.906,0.116,22
50.0944,158.4424,19.206,4.5,59,134.0,2.936,0.59,us,9.74,4.805,0.081,45
33.9463,87.78,10.0,4.2,46,142.0,5.099,0.61,us,11.62,1.907,0.1,28
-20.3625,-177.6239,469.676,4.7,51,53.0,7.362,0.83,us,13.12,7.53,0.08,48
49.5636,158.3593,10.0,4.3,13,232.0,3.469,0.81,us,15.0,1.988,0.217,6
50.0408,159.4326,10.0,4.2,34,229.0,3.027,0.81,us,11.78,1.98,0.108,24
54.04,-159.6814,10.0,4.2,27,209.0,0.794,0.46,us,5.76,1.963,0.237,5
40.8514,142.7404,44.206,4.9,68,127.0,1.204,1.11,us,6.74,7.483,0.062,82
-4.7319,102.6005,62.855,4.7,46,160.0,0.511,0.96,us,7.65,5.6,0.096,33
7.0726,126.8975,68.326,5.0,66,103.0,1.308,0.8,us,7.93,4.033,0.048,137
51.414,161.1404,10.0,4.3,33,125.0,2.224,0.78,us,10.56,1.918,0.106,25
28.605,84.1716,10.0,4.3,32,160.0,16.043,1.18,us,12.05,1.661,0.104,26
-1.6311,-77.6831,172.909,4.2,39,66.0,0.368,0.6,us,7.11,4.974,0.097,32
-0.677,123.2858,10.0,4.3,33,66.0,2.618,0.84,us,6.6,1.926,0.109,24
-21.4329,-66.814,212.454,4.5,91,55.0,1.971,0.67,us,6.67,7.025,0.049,123
37.4074,66.2685,10.0,4.3,29,145.0,2.498,0.69,us,9.75,1.976,0.2,7
7.2537,126.7561,83.196,4.5,32,112.0,1.182,0.89,us,7.86,7.768,0.104,27
-27.2389,-63.2084,552.378,5.0,123,45.0,5.201,0.75,us,11.82,8.309,0.042,178
-9.042,124.0259,100.185,4.4,24,97.0,0.748,0.87,us,6.68,2.754,0.126,18
-24.8059,-13.5075,10.0,4.6,15,78.0,33.558,0.92,us,14.64,1.898,0.141,15
52.2686,160.1874,10.0,4.7,61,137.0,1.204,0.88,us,7.74,1.894,0.048,134
50.6641,159.9504,10.0,4.4,61,125.0,2.497,0.64,us,6.78,1.802,0.073,54
-9.2676,124.3365,32.198,4.4,18,85.0,0.489,1.01,us,5.24,6.72,0.161,11
40.1689,-29.7206,10.0,4.3,42,154.0,4.058,0.74,us,13.01,1.924,0.093,33
32.9053,76.1506,10.0,4.2,29,171.0,5.602,0.44,us,8.73,1.94,0.141,14
-61.132,159.5878,10.0,5.1,43,103.0,6.662,0.82,us,10.86,1.886,0.089,41
43.5849,-127.4161,10.0,3.9,70,188.0,2.449,1.03,us,8.68,1.992,0.297,3
-11.5771,166.6781,246.672,4.1,22,152.0,3.88,0.61,us,18.06,13.324,0.117,20
51.2615,157.1294,98.303,4.3,82,132.0,1.883,0.46,us,10.32,6.88,0.062,78
21.6282,142.9336,314.719,4.2,52,71.0,5.486,0.57,us,11.23,7.819,0.05,111
-47.7754,116.1502,10.0,4.1,12,159.0,14.854,0.73,us,12.63,1.9,0.158,11
51.3455,158.9037,42.018,4.0,27,127.0,1.688,0.6,us,11.31,8.195,0.106,24
6.7329,-73.0275,175.46,4.1,31,165.0,2.275,0.82,us,12.11,5.452,0.117,20
0.5086,121.2234,92.951,4.3,25,122.0,0.744,0.95,us,6.16,7.185,0.168,11
-57.7441,158.499,10.0,4.2,14,124.0,3.263,0.79,us,13.53,1.931,0.141,14
50.2826,159.0167,10.0,4.0,34,134.0,2.754,0.6,us,9.79,1.905,0.111,22
23.3055,-44.9733,10.0,4.7,87,132.0,19.929,0.43,us,14.07,1.912,0.063,76
51.4327,158.2852,35.0,5.4,28,122.0,1.609,0.93,us,8.46,1.93,0.162,13
3.1466,125.7941,138.464,4.3,21,111.0,1.607,0.48,us,8.4,8.689,0.147,15
50.4631,158.4999,50.724,4.5,61,135.0,2.566,0.73,us,6.19,6.818,0.073,56
-36.9648,179.0732,10.0,4.4,24,210.0,0.854,1.19,us,5.29,1.931,0.189,10
85.2524,96.4465,10.0,4.3,40,75.0,11.217,0.5,us,10.68,1.927,0.097,30
29.2994,129.3616,10.0,4.6,56,107.0,2.396,0.98,us,7.01,1.882,0.076,52
-59.7567,-26.8249,37.676,5.1,47,78.0,15.325,0.59,us,9.98,4.894,0.067,72
51.5168,160.2277,10.0,4.6,49,138.0,1.794,0.88,us,10.48,1.909,0.078,49
50.1568,157.6586,26.396,4.5,51,144.0,2.936,0.67,us,13.13,6.343,0.083,43
15.0507,-94.2826,63.526,4.4,73,151.0,1.98,1.25,us,6.27,7.314,0.039,186
51.5937,-175.1974,45.284,4.0,57,212.0,0.599,0.92,us,5.67,10.469,0.102,26
-4.5356,127.083,370.597,4.3,28,70.0,4.343,0.57,us,10.92,6.228,0.116,21
-12.1176,166.2266,35.0,4.9,33,88.0,3.443,0.83,us,3.97,1.924,0.11,26
51.7073,158.8994,35.0,4.6,49,154.0,1.327,0.41,us,8.36,1.942,0.099,30
53.1083,159.4014,76.212,4.3,54,132.0,0.461,0.6,us,10.44,6.568,0.067,64
52.1463,160.24,31.385,4.1,22,204.0,1.309,0.86,us,13.31,9.987,0.124,18
-15.173,-175.2777,17.564,4.7,62,52.0,3.61,0.86,us,6.9,11.512,0.063,76
-55.5579,-123.8334,10.0,4.3,9,180.0,34.622,0.65,us,10.49,1.93,0.188,8
51.5995,160.094,10.0,4.4,20,229.0,2.107,0.55,us,14.4,1.99,0.123,20
70.828,-6.5745,10.0,4.1,23,108.0,0.655,0.56,us,7.04,1.94,0.14,14
32.3762,137.2337,421.052,4.0,50,110.0,2.295,0.6,us,6.07,8.433,0.049,110
52.3646,158.8843,64.315,4.6,41,121.0,0.675,0.82,us,8.55,7.413,0.09,37
-7.0057,129.5203,159.477,5.4,102,20.0,4.885,0.71,us,4.24,6.665,0.043,188
-1.9845,139.1742,35.0,4.2,17,80.0,1.18,1.01,us,4.53,1.927,0.146,13
25.9216,126.977,55.306,4.2,26,120.0,1.476,1.11,us,9.51,9.86,0.159,11
46.3314,149.8499,10.0,4.4,41,130.0,4.922,0.65,us,12.74,1.908,0.099,29
53.4336,-165.8828,52.524,3.7,28,189.0,0.554,1.01,us,5.71,15.516,0.122,17
-23.4533,-179.9944,536.206,4.5,38,122.0,5.966,0.84,us,13.89,8.151,0.098,31
-5.5494,147.3749,197.913,5.0,111,30.0,3.483,0.94,us,6.42,4.518,0.039,220
36.6789,71.3884,155.622,4.3,44,165.0,1.85,0.53,us,8.83,9.805,0.09,35
27.2988,52.8065,10.0,4.0,34,115.0,3.85,0.58,us,6.9,1.88,0.113,21
50.3121,158.7994,10.0,4.5,64,134.0,2.717,0.78,us,9.42,1.9,0.074,54
49.4996,159.0815,10.0,4.3,29,132.0,3.539,0.38,us,3.63,1.9,0.148,16
51.2958,159.4283,28.491,4.5,38,137.0,1.796,0.89,us,13.46,6.337,0.101,29
52.3504,160.366,35.0,5.1,112,152.0,1.243,1.0,us,9.15,1.933,0.042,182
-6.357,147.6044,66.178,4.7,49,39.0,3.06,0.68,us,7.92,7.136,0.092,36
-24.2435,-67.0961,206.6,4.1,18,137.0,1.625,0.37,us,11.09,13.019,0.262,4
-14.8999,66.9493,10.0,4.2,18,78.0,5.916,0.65,us,13.74,1.888,0.159,11
35.5543,69.7007,29.449,4.2,17,166.0,1.136,1.11,us,7.19,7.425,0.216,6
12.2024,95.3077,10.0,4.8,46,69.0,4.391,0.84,us,7.47,1.624,0.1,31
60.5489,-139.9651,5.0,4.4,43,72.0,0.476,1.17,us,2.08,1.926,0.203,8
54.4182,-159.91,15.339,3.6,88,188.0,0.454,0.77,us,5.1,6.766,0.224,5
51.6158,160.3107,10.0,4.5,31,160.0,1.74,0.96,us,10.13,1.96,0.119,21
-23.9974,-66.862,199.784,4.5,28,69.0,1.595,0.83,us,10.64,8.5,0.119,21
-17.6985,-175.1059,226.129,4.2,20,88.0,4.943,0.4,us,10.29,13.794,0.128,17
51.1722,160.888,10.0,4.5,41,131.0,2.311,0.39,us,9.36,1.904,0.064,71
-9.183,-71.2911,481.669,5.0,142,37.0,2.01,0.96,us,10.5,6.15,0.019,896
6.7996,-46.4776,10.0,4.3,14,227.0,6.359,0.91,us,13.25,1.985,0.143,14
52.7905,160.529,10.0,4.2,69,150.0,1.162,0.97,us,9.03,1.921,0.064,68
9.3592,93.818,10.0,4.5,36,94.0,5.764,0.95,us,10.49,1.903,0.11,24
51.2698,159.8048,10.0,4.8,52,129.0,1.895,1.08,us,8.9,1.887,0.063,77
16.3594,-97.9939,32.37,4.6,92,138.0,0.655,1.31,us,5.85,6.26,0.035,245
50.3116,157.6571,30.803,4.4,45,134.0,2.785,0.64,us,12.0,6.583,0.068,62
51.9854,160.4228,39.875,4.3,22,138.0,1.502,0.66,us,9.24,8.312,0.133,16
13.1878,-87.852,171.484,4.6,30,145.0,0.537,0.55,us,8.53,8.512,0.048,130
10.7262,125.3714,10.0,4.6,43,108.0,3.639,0.72,us,10.42,1.84,0.096,32
-2.9061,147.72,10.0,4.4,19,124.0,0.927,0.7,us,6.76,1.932,0.143,14
51.7974,160.0327,10.0,4.5,40,165.0,1.94,0.53,us,9.12,1.928,0.093,34
52.6455,160.7598,10.0,4.3,31,174.0,1.335,0.53,us,7.97,1.902,0.102,27
13.8612,144.8151,120.739,4.6,76,59.0,0.275,0.77,us,8.23,4.847,0.068,64
42.7638,146.4289,35.0,4.3,31,188.0,2.536,0.49,us,3.9,1.972,0.125,18
9.8894,-70.9702,10.0,4.5,29,171.0,1.053,0.87,us,10.89,1.935,0.118,21
-5.3127,34.9465,10.0,4.6,42,80.0,4.261,0.5,us,9.92,1.891,0.091,36
51.419,159.7448,10.0,4.9,120,132.0,1.742,0.89,us,9.49,1.879,0.052,116
49.8192,158.423,10.0,4.5,32,135.0,3.212,0.61,us,11.14,1.913,0.11,25
25.6052,124.7524,139.109,4.3,41,85.0,1.308,0.44,us,8.21,8.038,0.101,28
51.6973,159.5179,35.0,4.9,117,123.0,1.431,0.99,us,8.77,1.908,0.054,107
38.8638,142.1082,59.11,4.3,27,139.0,2.084,0.73,us,8.38,8.358,0.161,12
42.0247,72.9254,10.0,4.6,62,46.0,0.698,0.53,us,3.68,1.898,0.087,39
52.5279,158.9657,67.462,4.3,53,212.0,0.532,0.65,us,9.49,6.534,0.087,38
12.8319,145.5557,10.0,4.5,32,117.0,1.007,0.69,us,6.59,1.893,0.116,22
-10.002,160.201,35.0,4.3,14,169.0,0.613,0.63,us,6.32,1.964,0.148,14
30.5385,142.5222,10.0,4.5,23,114.0,3.443,0.25,us,10.09,1.902,0.164,11
53.6202,160.0204,68.065,4.2,51,143.0,1.017,0.41,us,10.9,8.358,0.082,41
40.7407,142.9837,35.0,4.4,27,148.0,1.28,0.32,us,7.07,1.935,0.139,15
58.9715,-31.6029,10.0,4.4,13,181.0,7.554,0.34,us,11.72,1.901,0.178,9
9.0054,-83.9276,25.007,4.7,56,137.0,0.735,0.84,us,8.02,6.142,0.08,47
51.7307,159.8305,35.0,5.2,80,80.0,1.483,1.05,us,9.86,1.872,0.034,286
30.6634,51.3301,10.0,4.1,33,75.0,7.145,0.78,us,8.87,1.934,0.114,21
-2.7983,147.9022,10.0,4.4,18,85.0,0.922,0.77,us,6.22,1.909,0.17,10
13.2869,49.6727,10.0,4.4,22,145.0,5.286,0.88,us,15.54,1.973,0.123,19
26.9287,58.6818,10.0,4.1,21,184.0,2.979,0.85,us,9.69,1.95,0.114,21
-17.96,-178.3769,598.126,4.5,81,80.0,2.609,1.09,us,6.56,7.844,0.031,297
51.6123,160.2771,10.0,4.1,18,218.0,1.731,0.79,us,5.07,1.992,0.14,14
-17.4158,-178.7573,552.972,4.5,31,163.0,2.02,1.05,us,13.92,9.532,0.104,27
53.7879,-165.5072,63.549,3.6,34,170.0,0.342,0.32,us,5.81,11.269,0.125,16
51.6023,159.5305,10.0,4.8,78,126.0,1.523,0.69,us,7.63,1.864,0.057,97
4.5276,-73.1571,10.0,4.3,36,77.0,1.202,0.61,us,7.65,1.911,0.111,23
-19.2929,-174.5261,60.89,4.6,24,92.0,4.352,1.25,us,11.72,7.134,0.097,32
-13.9153,34.6102,10.0,4.6,36,65.0,6.363,0.71,us,9.78,1.9,0.125,19
52.4126,160.4179,10.0,5.0,80,103.0,1.237,0.73,us,8.41,1.829,0.041,195
53.6214,160.1364,62.434,4.5,122,111.0,1.074,0.61,us,9.53,6.568,0.052,109
50.4253,158.9304,10.0,4.3,24,133.0,2.608,0.64,us,8.05,1.702,0.16,11
11.6512,125.5795,55.483,4.2,16,136.0,4.552,0.56,us,13.41,9.367,0.199,8
-17.6567,-71.6652,53.676,4.0,22,133.0,1.446,0.91,us,3.62,11.765,0.212,6
23.9928,49.1093,10.0,4.0,17,243.0,6.533,0.57,us,7.11,2.02,0.172,9
-47.2853,97.2931,10.0,4.6,11,157.0,20.853,0.44,us,11.66,1.954,0.182,9
52.8032,160.7971,10.0,4.8,84,110.0,1.319,0.51,us,8.86,1.88,0.064,77
45.8853,148.546,183.077,4.1,116,93.0,4.143,0.56,us,6.72,6.686,0.055,100
52.5984,160.7032,10.0,4.5,42,130.0,1.317,1.01,us,8.21,1.889,0.075,52
52.3064,160.0833,10.0,4.2,27,122.0,1.13,0.5,us,9.46,1.911,0.118,22
50.9043,157.4601,69.365,4.1,41,134.0,2.212,0.76,us,10.45,7.236,0.101,27
14.8937,146.2361,82.858,4.5,103,102.0,0.547,0.87,us,8.44,6.076,0.057,90
29.0959,129.3667,10.0,4.2,37,108.0,2.45,0.98,us,3.9,1.913,0.11,25
9.1991,126.085,102.632,4.4,38,131.0,2.174,0.88,us,11.08,8.655,0.105,26
51.223,159.4815,10.0,4.5,29,176.0,1.875,0.82,us,9.62,1.942,0.115,22
50.8384,158.7659,10.0,4.5,63,127.0,2.367,0.82,us,8.79,1.902,0.068,68
43.9745,83.5142,10.0,4.5,82,80.0,2.949,0.61,us,8.36,1.9,0.065,68
-1.8217,139.2059,17.683,4.8,36,98.0,1.263,0.56,us,4.86,4.666,0.111,25
52.1233,160.7377,24.586,4.1,17,163.0,1.561,0.48,us,12.23,8.64,0.186,8
52.2323,160.3528,41.044,4.4,22,166.0,1.839,0.69,us,14.39,9.801,0.12,20
52.0518,159.8465,54.657,4.3,21,228.0,1.217,0.88,us,8.86,8.923,0.154,12
50.3203,158.6166,10.0,4.2,35,135.0,2.707,0.65,us,12.44,1.929,0.11,23
-55.4729,-28.2657,51.736,4.8,67,72.0,4.895,0.44,us,10.17,3.875,0.073,57
-58.9814,-25.7406,87.293,4.4,14,234.0,7.565,1.11,us,26.59,19.21,0.143,14
48.6128,157.2859,10.0,4.4,92,134.0,4.5,0.48,us,9.88,1.898,0.057,89
52.3361,160.4705,42.506,4.1,29,119.0,1.305,0.71,us,6.28,8.941,0.127,17
52.2378,160.6673,10.0,4.8,46,123.0,1.46,1.19,us,9.77,1.893,0.075,55
52.9,158.9675,99.322,4.2,18,141.0,0.795,0.74,us,12.45,7.608,0.167,10
30.7244,140.0531,10.0,4.7,85,99.0,2.392,0.97,us,8.81,1.836,0.066,69
2.3958,98.9189,156.671,4.9,49,131.0,0.296,0.86,us,9.67,4.803,0.082,47
51.6683,-174.866,35.0,3.7,29,199.0,0.676,0.71,us,2.75,2.016,0.071,51
51.835,159.4281,35.0,4.2,37,138.0,1.282,0.87,us,9.04,1.933,0.107,24
3.3731,127.3749,35.616,4.7,57,88.0,2.324,0.77,us,6.44,7.242,0.088,39
13.8676,145.119,107.614,4.3,27,104.0,0.369,0.78,us,9.22,6.358,0.126,18
51.6714,159.5939,10.0,4.3,29,120.0,1.473,0.79,us,7.25,1.696,0.109,24
-17.3161,-178.9275,561.876,4.3,27,192.0,1.831,0.81,us,21.06,11.268,0.125,18
39.8236,143.2817,40.083,4.8,58,133.0,1.951,0.58,us,7.04,6.198,0.058,91
52.1694,160.0339,35.0,4.4,25,134.0,1.202,0.91,us,8.71,1.826,0.13,17
50.3618,156.9324,78.939,4.4,61,135.0,2.791,0.41,us,11.22,7.064,0.08,46
-28.5559,-176.8027,35.0,4.6,22,127.0,1.203,0.79,us,10.99,1.936,0.123,20
-23.0889,-66.7635,197.346,4.5,55,52.0,1.311,1.33,us,8.31,6.764,0.079,47
12.9267,-87.415,170.165,4.4,39,127.0,1.036,1.06,us,7.31,7.404,0.065,69
-33.6203,-71.1431,70.839,4.0,26,64.0,0.202,0.37,us,2.31,4.152,0.182,8
49.3882,157.4174,10.0,4.3,22,168.0,3.722,0.74,us,12.61,1.897,0.142,14
60.4388,-139.8522,10.0,4.2,32,136.0,0.398,0.76,us,2.51,1.56,0.2,7
52.2529,159.1501,69.104,4.2,21,229.0,0.83,0.78,us,13.12,8.87,0.152,12
51.7982,157.6924,10.0,4.5,18,200.0,1.312,0.53,us,9.07,1.959,0.14,15
60.6116,-139.8259,5.0,3.7,44,65.0,0.559,1.26,us,2.44,1.33,0.225,5
39.6429,143.5386,10.0,4.3,17,150.0,2.214,0.59,us,8.72,1.948,0.188,8
36.7989,75.6136,10.0,4.4,36,151.0,2.909,1.29,us,9.68,1.915,0.139,18
51.4898,159.6164,28.205,4.9,89,134.0,1.647,0.8,us,11.15,5.865,0.05,127
49.3739,119.6641,10.0,4.3,37,78.0,0.116,0.35,us,6.87,1.872,0.113,22
51.6285,159.9338,10.0,4.8,64,120.0,1.604,1.39,us,8.8,1.885,0.059,88
36.4351,70.9622,121.312,4.3,26,88.0,2.233,1.32,us,7.55,8.818,0.161,11
58.9973,-30.7819,10.0,4.5,76,52.0,7.291,0.46,us,9.14,1.89,0.069,61
44.368,147.4856,108.046,4.2,34,147.0,3.525,0.75,us,10.43,8.864,0.108,24
-38.0854,-74.0264,10.0,4.3,31,188.0,1.852,0.36,us,8.17,1.953,0.218,6
15.6541,-94.0004,70.035,4.3,56,133.0,1.66,0.68,us,6.8,11.851,0.056,90
51.5318,159.9153,10.0,4.3,22,157.0,1.684,0.61,us,6.48,1.885,0.142,14
10.6485,-86.425,10.0,4.3,32,177.0,1.101,0.86,us,7.1,1.942,0.08,44
-41.2745,-86.0338,10.0,4.4,22,110.0,9.927,0.95,us,10.12,1.691,0.12,20
-23.1571,-177.567,220.922,4.3,76,122.0,6.771,0.51,us,12.41,7.759,0.058,93
-27.0266,-176.063,10.0,5.3,70,69.0,9.72,0.82,us,10.45,1.785,0.052,122
-45.2025,-81.6384,10.0,4.4,14,146.0,7.247,0.82,us,14.96,1.464,0.17,10
0.8027,-28.9079,10.0,5.1,71,32.0,9.598,0.93,us,10.52,1.823,0.049,136
-16.4915,-173.5353,38.097,4.1,28,100.0,3.075,0.64,us,10.15,7.092,0.12,19
-59.079,-25.4283,35.0,4.9,48,79.0,7.753,0.47,us,6.44,1.903,0.084,45
-1.4,-80.7338,39.893,4.6,30,164.0,1.365,1.16,us,9.4,8.549,0.105,27
50.0786,157.2271,35.0,4.5,23,138.0,3.048,0.54,us,13.75,1.948,0.15,14
51.5974,159.1555,35.0,5.2,49,123.0,1.462,0.57,us,5.38,1.926,0.105,30
52.4946,160.8156,10.0,4.2,28,206.0,1.419,0.63,us,10.8,1.992,0.115,21
51.4935,159.882,32.936,4.3,19,137.0,1.709,0.81,us,9.31,6.917,0.177,11
49.3466,156.9729,10.0,4.4,34,104.0,3.794,0.58,us,8.94,1.846,0.108,25
13.372,-90.3699,31.573,4.2,26,196.0,0.779,0.76,us,3.8,9.178,0.141,14
29.3263,129.5778,10.0,4.7,45,110.0,2.303,0.6,us,6.85,1.879,0.061,88
49.2104,156.0509,24.768,4.6,50,138.0,4.038,0.71,us,8.14,6.484,0.069,63
52.583,159.8435,35.0,4.6,33,119.0,0.848,1.14,us,8.55,1.738,0.103,28
-15.5218,-175.7339,10.0,4.9,29,112.0,4.146,0.75,us,11.54,1.887,0.11,26
83.8577,113.1236,10.0,4.9,84,68.0,12.637,0.92,us,8.99,1.869,0.037,228
53.0676,160.2664,35.0,4.3,19,152.0,0.977,1.05,us,12.18,1.986,0.138,15
51.394,159.4668,35.0,4.5,27,157.0,1.708,0.65,us,8.69,1.969,0.242,5
3.9968,125.8645,86.404,4.1,17,128.0,0.826,0.77,us,15.07,8.421,0.15,12
50.2982,158.1486,10.0,4.2,35,138.0,2.747,0.62,us,11.99,1.923,0.103,26
51.9758,159.1471,53.766,4.7,64,124.0,1.092,0.92,us,8.42,6.483,0.039,198
13.0649,-59.509,47.429,4.4,39,149.0,0.092,0.83,us,9.73,6.248,0.112,23
52.4876,160.7329,10.0,4.1,20,174.0,1.375,0.55,us,10.8,1.99,0.151,13
52.0443,159.5168,70.899,4.2,13,244.0,1.114,0.4,us,11.99,9.324,0.235,7
36.3432,140.0067,84.053,4.4,59,143.0,1.463,0.71,us,8.6,7.476,0.074,54
-14.801,-174.5932,233.96,4.4,19,179.0,2.865,0.56,us,13.48,10.138,0.13,17
54.7442,160.2389,10.0,4.2,31,111.0,1.964,0.53,us,9.97,1.868,0.071,56
-44.6833,-81.3578,10.0,4.3,11,184.0,8.88,0.62,us,10.0,1.98,0.178,9
50.2231,158.9493,10.0,4.7,73,128.0,2.81,0.9,us,8.86,1.853,0.038,210
-54.3952,5.4974,10.0,5.0,33,97.0,17.714,0.46,us,12.58,1.882,0.115,24
-5.0562,151.1592,141.886,4.2,34,93.0,1.14,0.72,us,11.26,3.116,0.1,28
34.8189,140.1285,51.969,4.4,17,160.0,1.719,0.48,us,7.78,10.103,0.202,7
-62.2292,-154.8408,10.0,4.5,9,176.0,19.74,1.05,us,19.35,1.944,0.191,8
27.1252,140.1384,478.222,4.3,142,40.0,1.824,0.64,us,10.65,6.751,0.049,120
-6.8582,130.15,111.32,4.4,29,58.0,2.333,0.71,us,8.43,8.605,0.108,25
49.9891,157.6864,10.0,4.1,38,163.0,3.098,0.65,us,6.21,1.944,0.096,32
-4.7938,34.9508,10.0,4.2,14,148.0,3.921,0.79,us,10.81,1.968,0.199,7
-57.5127,157.3086,10.0,5.0,30,136.0,3.158,1.14,us,13.33,1.941,0.107,28
-37.7369,-73.9014,19.885,4.1,23,152.0,2.172,1.0,us,8.24,6.222,0.198,7
42.882,144.9575,104.464,4.4,130,133.0,1.589,0.43,us,9.06,6.952,0.045,139
-23.9387,179.9727,510.307,4.3,35,100.0,10.571,0.93,us,13.7,10.047,0.097,30
-20.2638,-178.4018,594.8,4.3,55,97.0,4.187,0.88,us,14.62,7.648,0.066,67
37.7305,141.67,84.827,4.3,27,161.0,3.009,0.74,us,8.81,10.154,0.177,9
51.2383,159.2114,41.447,4.2,24,167.0,1.821,0.88,us,12.24,8.254,0.146,15
-20.7408,-178.6838,598.344,4.4,104,95.0,4.288,0.73,us,11.69,6.507,0.053,108
14.0678,145.6921,60.376,4.0,11,114.0,0.931,1.28,us,6.85,6.718,0.258,4
51.2728,159.4839,23.645,4.3,48,109.0,1.827,1.04,us,10.36,5.75,0.091,34
-9.1045,125.715,10.0,4.4,21,105.0,1.568,1.12,us,7.57,1.912,0.143,15
52.7641,160.7261,10.0,4.2,25,162.0,1.284,1.02,us,10.38,1.855,0.136,15
37.692,144.136,10.0,4.7,139,125.0,3.905,0.7,us,8.65,1.871,0.051,118
2.9189,125.8797,131.199,4.6,58,93.0,1.796,0.88,us,3.64,6.878,0.081,45
53.4673,-165.899,51.702,3.6,44,163.0,0.523,1.19,us,5.26,8.326,0.167,10
-24.32,-67.1008,167.076,4.5,34,62.0,1.683,0.62,us,9.02,8.977,0.135,16
23.8192,113.0399,10.0,4.0,28,73.0,4.927,0.57,us,9.95,1.935,0.164,10
-29.3489,-71.46,38.049,4.0,27,141.0,0.6,1.07,us,4.13,10.869,0.367,2
7.5714,127.3594,10.0,4.6,32,73.0,1.835,1.22,us,7.86,1.892,0.114,26
53.7059,160.6066,43.516,4.2,13,176.0,1.357,0.41,us,12.42,14.876,0.215,6
7.1303,127.2153,10.0,4.4,43,60.0,1.625,0.96,us,8.14,1.892,0.094,33
52.6333,160.856,10.0,4.3,30,165.0,1.394,0.84,us,8.41,1.975,0.116,21
-17.904,-177.4621,640.916,3.9,18,245.0,3.343,0.77,us,25.92,21.748,0.125,17
22.7737,94.534,105.853,4.1,19,148.0,1.6,0.39,us,8.44,11.694,0.174,9
11.2576,-86.8498,35.0,4.4,80,188.0,1.064,0.66,us,7.72,1.98,0.065,67
-31.8526,-68.261,107.368,4.4,35,66.0,0.464,0.72,us,7.25,6.407,0.162,11
29.3581,129.4491,10.0,4.6,53,122.0,2.313,0.62,us,7.49,1.89,0.084,46
-14.675,166.6608,10.0,5.2,110,39.0,0.929,1.11,us,5.29,2.584,0.036,249
52.4512,160.7626,10.0,4.7,35,104.0,1.407,0.69,us,8.75,1.88,0.114,23
50.3895,158.6931,10.0,4.5,47,132.0,2.638,0.66,us,9.75,1.905,0.083,42
-4.0269,129.8665,36.355,4.2,26,98.0,2.62,0.61,us,10.83,8.659,0.121,19
38.3527,74.3233,137.271,4.2,26,120.0,0.231,0.48,us,8.11,9.68,0.159,11
49.9492,156.5751,70.919,4.8,135,132.0,3.24,0.76,us,9.41,6.881,0.05,121
7.4181,127.2014,12.696,4.2,27,132.0,1.646,0.69,us,11.3,4.935,0.11,23
52.3165,161.5162,10.0,4.2,43,164.0,1.883,0.55,us,12.88,1.955,0.092,33
26.1892,127.0127,62.432,4.1,18,110.0,1.3,0.52,us,8.85,9.762,0.174,9
-18.6584,65.2549,10.0,4.5,27,96.0,2.089,0.82,us,13.63,1.889,0.113,24
5.0679,125.1958,10.0,4.8,59,70.0,0.436,0.6,us,4.41,1.86,0.083,45
14.683,-94.2466,10.0,4.7,143,156.0,1.993,1.15,us,6.09,1.899,0.032,301
54.5926,-160.2022,40.705,4.4,69,160.0,0.428,0.85,us,5.4,7.367,0.085,40
6.883,127.2192,10.0,4.7,74,56.0,1.639,1.4,us,6.35,1.861,0.062,79
-18.7255,-71.3066,25.535,4.3,13,236.0,0.981,0.98,us,6.48,8.843,0.237,5
52.7353,160.6301,35.0,4.3,38,174.0,1.234,0.98,us,6.71,1.951,0.093,33
36.603,54.8547,10.0,4.1,40,111.0,7.864,0.75,us,9.85,1.969,0.123,18
36.5122,70.5863,205.298,4.3,35,89.0,2.318,1.04,us,7.27,8.085,0.108,24
-31.7004,-69.6064,123.228,4.2,32,73.0,0.813,1.07,us,4.65,3.664,0.264,4
18.3952,145.3673,483.652,4.2,56,123.0,3.163,0.49,us,12.5,9.5,0.075,50
7.128,126.8718,35.0,4.5,33,130.0,1.284,1.19,us,10.16,1.942,0.104,27
28.4842,105.1015,10.0,4.5,55,68.0,7.544,1.22,us,9.41,1.884,0.07,60
-57.1894,-67.574,10.0,4.1,17,150.0,2.263,0.6,us,10.58,1.899,0.145,13
9.9384,-70.7343,10.0,4.2,8,202.0,1.053,0.51,us,12.44,1.979,0.236,5
52.9217,161.1007,10.0,4.3,21,172.0,1.486,0.73,us,11.35,1.947,0.128,17
49.4797,155.9804,46.212,4.3,36,136.0,3.79,0.65,us,11.12,8.318,0.104,26
51.3153,157.5035,80.982,4.3,46,135.0,1.8,0.68,us,10.72,7.644,0.075,50
13.183,-91.0471,10.0,4.3,31,218.0,1.425,0.92,us,7.96,1.991,0.051,109
-0.2594,-16.1735,10.0,4.7,20,119.0,13.225,0.44,us,16.78,1.925,0.137,16
-21.6177,-68.623,135.912,4.2,16,88.0,0.602,0.7,us,6.78,5.852,0.236,5
18.6925,144.8485,10.0,4.2,23,109.0,3.548,0.94,us,15.1,1.908,0.153,13
-27.6839,-179.7928,475.598,4.3,29,215.0,12.609,0.86,us,15.42,10.261,0.099,29
-2.6246,129.5177,10.0,4.4,22,50.0,1.924,1.04,us,6.26,1.882,0.127,18
-6.1955,155.0083,158.207,4.9,79,69.0,3.463,0.63,us,9.87,7.24,0.067,69
13.4747,-89.9009,77.909,4.2,85,151.0,0.441,0.75,us,5.84,6.752,0.051,106
10.8708,123.8986,10.0,4.4,27,117.0,12.697,0.71,us,14.15,1.913,0.12,22
12.6319,92.7492,35.0,4.8,46,64.0,6.44,1.07,us,12.1,1.911,0.087,41
50.6975,158.3757,26.399,4.3,80,121.0,2.335,0.67,us,8.8,5.427,0.067,65
9.2684,93.9307,10.0,4.5,45,72.0,5.006,0.4,us,10.61,1.866,0.09,36
-34.887,78.6878,10.0,4.9,65,59.0,33.29,0.45,us,12.84,1.825,0.079,51
41.0802,142.8917,54.877,4.2,27,137.0,0.955,0.79,us,7.35,8.011,0.131,16
-5.9669,130.9334,121.359,4.5,62,104.0,1.763,0.5,us,8.24,7.603,0.075,52
51.4587,161.2101,10.0,4.7,25,123.0,2.221,0.62,us,7.54,1.761,0.123,20
50.3789,157.4047,59.9,4.4,57,124.0,2.74,1.02,us,10.79,7.133,0.057,89
0.2823,122.0762,188.972,4.1,21,69.0,1.488,0.54,us,6.59,6.338,0.151,12
-21.9346,-68.5946,122.66,4.2,17,106.0,0.617,0.84,us,6.95,6.206,0.263,4
34.1975,87.7608,10.0,4.2,27,140.0,5.316,0.87,us,12.01,1.931,0.128,17
39.2718,143.6802,10.0,4.2,20,154.0,2.516,1.34,us,8.17,1.945,0.187,8
-15.4104,168.0797,10.0,4.7,33,163.0,0.846,0.77,us,4.19,1.898,0.106,27
-57.7727,158.171,36.909,4.8,15,142.0,3.311,0.35,us,15.86,14.026,0.197,8
-5.8682,146.3753,115.4,4.6,115,29.0,3.598,0.49,us,7.46,7.323,0.049,134
51.0821,158.8894,38.587,4.5,13,231.0,1.95,0.29,us,13.08,9.228,0.204,7
52.5646,160.8915,10.0,4.4,43,158.0,1.437,0.99,us,10.42,1.906,0.086,39
7.2614,126.6133,83.566,4.2,43,90.0,1.044,0.59,us,9.45,8.609,0.102,31
-6.5306,130.0234,165.128,4.5,31,75.0,1.999,0.46,us,9.16,4.297,0.118,21
52.0936,160.6397,10.0,4.3,22,163.0,1.531,1.25,us,10.5,1.918,0.147,13
12.6793,-88.4711,62.909,4.3,34,178.0,0.798,1.01,us,9.68,9.178,0.071,56
9.2217,93.8561,10.0,4.6,85,58.0,5.014,0.69,us,9.36,1.854,0.067,67
46.4059,150.043,10.0,4.4,31,134.0,5.042,0.87,us,13.04,1.898,0.109,24
3.9122,125.921,143.154,4.4,36,103.0,0.927,0.79,us,10.98,7.07,0.101,28
50.9034,157.1358,82.018,4.5,64,134.0,2.236,0.68,us,5.17,6.923,0.06,82
9.4392,-40.5327,10.0,4.6,64,77.0,12.759,0.53,us,12.19,1.909,0.071,60
30.6058,57.7005,10.0,4.1,26,90.0,5.792,0.64,us,15.13,1.917,0.097,29
39.6007,143.2615,31.63,4.5,38,141.0,2.059,0.39,us,5.68,6.532,0.11,24
-55.1456,-26.382,10.0,4.6,31,177.0,5.921,0.73,us,13.96,1.906,0.109,25
51.4349,159.0966,48.261,4.4,28,137.0,1.883,1.17,us,11.34,7.809,0.095,32
41.02,142.8972,41.31,4.4,59,134.0,1.013,0.68,us,7.17,7.342,0.08,49
-57.7704,157.628,10.0,4.6,17,106.0,3.361,0.87,us,13.18,1.914,0.141,15
51.9803,159.1864,59.406,4.0,31,137.0,1.095,0.58,us,9.8,7.566,0.119,19
34.6529,25.7842,10.0,4.2,44,186.0,1.439,0.62,us,6.13,1.881,0.101,27
44.8318,150.3277,10.0,4.5,39,184.0,5.581,0.5,us,14.7,1.968,0.103,28
52.383,160.8139,10.0,4.4,49,151.0,1.465,1.03,us,9.98,1.936,0.088,37
39.4911,143.3098,10.0,4.6,63,142.0,2.155,0.58,us,10.16,1.918,0.068,64
-19.2153,-69.0791,121.532,4.4,64,92.0,0.464,0.92,us,6.32,4.237,0.07,60
24.4824,-46.3563,10.0,4.4,30,142.0,15.908,0.65,us,14.55,1.94,0.114,22
12.6711,120.8885,10.0,4.3,29,124.0,15.703,0.56,us,14.67,1.939,0.119,20
51.6114,159.5838,25.735,4.5,64,115.0,1.526,1.16,us,8.6,5.421,0.067,64
37.5517,-24.7495,10.0,4.4,32,163.0,0.65,0.8,us,8.37,1.938,0.102,28
-63.5582,-163.5379,10.0,5.1,41,121.0,17.006,0.72,us,13.95,1.853,0.094,37
34.6057,70.763,10.0,5.2,168,39.0,1.347,0.88,us,7.59,1.763,0.032,315
3.7982,126.1129,72.496,4.2,17,146.0,1.123,1.18,us,10.21,15.584,0.176,11
7.1153,126.9212,60.928,4.6,61,118.0,1.333,0.82,us,8.86,5.557,0.08,47
2.0301,127.9871,102.214,4.5,19,100.0,1.395,0.62,us,9.31,9.949,0.156,12
-34.1106,179.1058,153.43,4.2,15,105.0,3.505,0.93,us,8.77,8.222,0.175,9
-30.5376,-179.1076,235.117,4.5,45,81.0,1.645,1.34,us,13.89,7.691,0.083,43
43.4404,-126.8241,10.0,4.1,42,211.0,2.04,0.91,us,8.48,1.982,0.185,8
27.4383,126.6717,171.94,4.6,52,64.0,1.548,0.94,us,8.26,7.572,0.056,97
52.4796,160.6182,10.0,4.4,15,137.0,1.314,1.11,us,8.82,1.908,0.219,6
29.2121,129.4659,10.0,4.3,25,123.0,2.443,0.91,us,8.51,1.912,0.129,17
-18.7191,-67.2855,237.965,4.3,29,87.0,2.036,1.22,us,7.95,9.088,0.143,14
-20.5788,-69.0762,86.177,4.2,18,90.0,0.442,0.72,us,4.74,5.24,0.215,6
50.2411,158.8955,27.34,4.8,86,134.0,2.791,0.53,us,9.43,4.544,0.044,160
-7.8025,118.8538,38.505,5.0,77,33.0,1.474,0.84,us,5.91,4.599,0.074,63
-18.0453,-177.8588,620.421,4.4,81,76.0,3.072,0.97,us,12.13,7.419,0.055,96
-56.4211,-26.6734,89.205,4.4,24,105.0,5.994,0.59,us,15.74,7.412,0.18,9
1.453,126.4287,52.071,4.3,27,98.0,3.393,0.74,us,9.35,8.298,0.138,17
53.1144,160.9254,34.176,4.1,28,195.0,1.376,0.64,us,15.58,5.869,0.107,24
-15.9102,-174.1967,131.151,4.7,42,85.0,3.067,0.7,us,11.14,8.355,0.079,52
6.9334,126.7674,70.003,4.3,34,120.0,1.187,0.69,us,8.6,5.97,0.106,25
-26.879,-176.0819,10.0,4.2,18,105.0,9.613,1.04,us,10.47,1.908,0.132,17
28.5449,83.9408,10.0,4.3,23,197.0,6.392,0.45,us,8.26,1.956,0.125,19
12.9499,145.3657,10.0,4.5,13,170.0,0.799,0.82,us,4.32,1.951,0.191,8
11.8758,-87.1342,50.175,4.2,50,182.0,0.823,0.56,us,5.16,10.114,0.095,31
39.1811,28.2136,10.0,4.4,24,56.0,1.023,0.48,us,4.04,1.902,0.19,8
25.5239,141.4344,112.193,4.7,62,116.0,1.704,1.25,us,9.86,5.0,0.06,83
-1.3244,101.6844,223.538,4.2,41,145.0,3.272,0.62,us,8.28,8.532,0.089,35
37.3898,141.8091,47.295,4.3,23,98.0,3.007,1.21,us,8.67,7.403,0.148,13
-6.0852,142.6566,10.0,4.9,63,47.0,3.237,1.01,us,6.93,1.88,0.061,83
5.9851,-77.569,10.0,4.3,21,126.0,3.426,1.3,us,8.78,1.939,0.126,18
20.2387,96.2024,10.0,4.5,38,151.0,1.541,0.84,us,3.46,1.868,0.106,26
-33.2074,-178.8684,35.0,4.2,19,166.0,4.031,1.2,us,11.18,1.976,0.147,13
9.0575,93.7358,10.0,4.3,23,179.0,5.815,1.09,us,9.03,1.868,0.154,13
32.3382,56.224,10.0,4.1,15,127.0,7.366,1.13,us,14.5,1.979,0.114,23
-0.589,-78.3584,10.0,4.6,49,98.0,0.196,1.02,us,6.98,1.878,0.047,137
1.0751,125.0109,122.064,4.7,53,72.0,3.663,0.92,us,7.22,7.434,0.092,36
39.5935,143.3965,10.0,4.6,106,120.0,2.149,0.48,us,7.19,1.872,0.057,91
39.804,143.4948,32.815,4.3,29,142.0,2.103,0.9,us,9.68,6.293,0.137,15
34.7095,32.5226,10.0,4.6,75,122.0,0.711,1.08,us,5.42,1.889,0.069,63
-5.7806,130.9141,118.123,4.4,38,103.0,1.604,0.77,us,8.14,6.0,0.097,31
51.3268,-173.9362,10.0,4.5,71,179.0,0.891,0.73,us,5.22,1.872,0.051,112
54.7679,160.0941,10.0,4.3,67,130.0,1.946,0.66,us,10.4,1.908,0.07,58
48.7535,156.3324,10.504,4.5,53,137.0,4.445,0.81,us,9.18,5.169,0.074,54
56.2164,164.7038,10.0,4.5,18,89.0,4.754,0.61,us,9.26,1.925,0.116,22
51.5614,159.0909,35.0,4.1,45,127.0,1.489,0.9,us,10.33,1.936,0.086,39
50.9774,158.4049,35.0,4.8,194,107.0,2.055,0.6,us,6.15,1.884,0.041,179
51.9177,158.8169,48.192,4.3,55,134.0,1.112,0.53,us,10.0,4.398,0.075,50
39.9137,143.4343,10.0,4.4,24,143.0,2.011,1.27,us,3.89,1.935,0.149,13
32.7003,140.906,64.038,4.4,24,203.0,1.008,0.52,us,11.3,8.243,0.144,15
52.6491,161.1977,20.044,4.1,37,151.0,1.59,1.05,us,7.9,6.653,0.114,24
0.9867,125.647,78.407,4.0,19,105.0,3.725,0.85,us,7.4,9.608,0.183,11
-12.6601,166.4009,70.742,4.6,35,117.0,2.878,0.58,us,11.3,6.135,0.1,30
0.0347,98.1087,10.0,4.2,15,199.0,2.764,0.51,us,12.1,1.975,0.186,8
52.5195,159.7031,16.375,6.3,29,121.0,0.815,0.67,us,9.45,5.247,0.116,29
1.5579,126.9336,105.685,4.5,55,90.0,0.893,0.75,us,7.03,7.67,0.087,39
16.4835,41.2462,10.0,4.4,33,165.0,3.58,0.62,us,6.77,1.919,0.109,24
-20.2787,-177.7342,503.708,4.4,42,97.0,4.674,0.74,us,13.75,8.301,0.048,131
12.2142,-64.7835,10.0,4.5,49,65.0,2.047,0.82,us,6.99,1.914,0.1,33
-9.8142,118.9271,24.538,4.5,28,97.0,1.359,0.89,us,5.47,3.873,0.106,26
-36.5332,-110.6034,10.0,5.0,54,115.0,9.44,0.72,us,12.35,1.88,0.038,218
23.3943,82.5615,10.0,4.2,28,159.0,9.911,1.15,us,12.41,1.936,0.115,21
37.8765,144.2519,10.0,4.1,12,201.0,3.817,0.6,us,10.77,1.971,0.234,5
48.7042,154.5701,69.608,4.3,42,142.0,4.833,0.41,us,12.51,8.334,0.096,33
-36.4696,177.3638,10.0,4.5,23,214.0,1.326,0.76,us,6.22,1.959,0.221,6
51.3493,159.4764,10.0,4.6,22,255.0,1.752,0.72,us,9.76,1.997,0.136,16
13.8938,39.803,10.0,4.3,28,97.0,3.786,0.79,us,6.44,1.945,0.125,18
52.7248,160.5298,35.0,5.0,131,94.0,1.178,0.79,us,6.68,1.856,0.028,396
50.067,156.1445,77.136,4.9,65,135.0,3.196,0.65,us,9.47,7.863,0.075,56
27.4113,52.5321,10.0,4.1,25,84.0,4.113,0.36,us,9.52,1.921,0.127,17
30.9115,77.3908,15.386,4.4,39,119.0,7.829,0.82,us,14.28,4.824,0.108,25
-56.8866,-140.9671,10.0,4.2,10,93.0,33.269,1.04,us,16.58,1.547,0.198,7
-18.0508,-178.2073,623.734,4.2,29,122.0,2.794,0.67,us,14.75,13.397,0.1,29
-31.1823,-178.6234,10.0,4.4,14,251.0,6.851,0.35,us,12.68,1.995,0.149,13
39.932,77.2645,10.0,4.4,31,118.0,1.954,1.39,us,5.75,1.917,0.143,14
9.6343,126.5531,12.436,4.5,13,89.0,2.724,0.29,us,10.62,4.259,0.18,11
-30.785,-178.5347,10.0,4.6,16,253.0,7.248,0.23,us,8.35,1.98,0.157,12
22.4946,144.2377,40.329,4.3,23,115.0,4.946,1.05,us,12.07,5.551,0.133,19
9.7922,-70.8698,10.0,4.4,11,113.0,0.932,1.04,us,8.77,1.969,0.219,6
-36.3787,-110.3703,10.0,4.5,39,131.0,32.825,0.77,us,15.57,1.908,0.089,37
-18.6469,-175.7455,278.959,4.4,29,135.0,5.134,0.51,us,15.27,8.591,0.097,31
12.4011,-55.7232,10.0,4.5,35,129.0,3.814,0.99,us,12.29,1.938,0.115,22
2.7963,-31.1245,10.0,4.4,38,84.0,9.805,1.0,us,12.82,1.894,0.092,34
-6.6663,126.6796,466.147,4.1,32,76.0,3.852,0.56,us,8.66,8.686,0.109,23
-8.7327,118.3244,142.165,3.9,25,86.0,0.55,0.88,us,6.58,5.235,0.195,7
50.1168,159.9028,10.0,4.6,277,132.0,3.014,0.66,us,8.97,1.89,0.033,267
-57.9159,-25.1758,29.662,5.1,75,69.0,16.582,0.56,us,12.08,4.986,0.071,65
53.1058,160.1384,54.452,4.5,112,117.0,0.902,0.75,us,8.44,6.654,0.051,115
-8.8521,123.4845,95.976,4.2,18,111.0,1.184,0.81,us,6.36,8.323,0.136,15
-15.7059,-177.5942,432.635,4.0,57,122.0,3.017,0.49,us,15.2,7.652,0.073,50
6.9005,-46.3014,10.0,4.9,131,41.0,6.554,0.72,us,8.27,1.855,0.039,205
-10.5681,119.2705,16.04,5.1,124,74.0,1.35,0.69,us,4.24,3.132,0.055,112
-6.3743,104.5726,61.31,4.5,48,51.0,1.602,0.63,us,8.21,7.172,0.099,33
29.3393,129.4194,10.0,4.8,39,109.0,2.34,0.85,us,7.37,1.888,0.105,30
18.7861,-46.1404,10.0,4.6,53,113.0,19.914,0.72,us,15.6,1.917,0.082,44
50.685,158.1874,54.949,4.2,21,136.0,2.446,0.74,us,11.52,4.56,0.153,12
52.0654,-169.3422,13.442,4.8,227,122.0,0.759,0.64,us,5.01,4.061,0.035,257
50.6541,157.4441,37.52,5.9,148,74.0,2.461,0.81,us,9.39,6.464,0.021,861
-5.4881,152.1374,55.555,4.5,35,152.0,1.179,0.77,us,10.09,7.165,0.106,26
49.2195,155.9881,31.738,4.6,137,136.0,4.04,0.65,us,11.29,5.758,0.047,132
-59.3519,-24.8794,10.0,4.5,24,192.0,25.209,0.93,us,12.16,1.942,0.108,25
5.1478,126.8482,80.331,4.4,32,70.0,1.425,0.63,us,6.73,8.564,0.109,24
54.5414,-159.9198,20.655,4.1,67,157.0,0.348,1.07,us,4.72,6.144,0.157,11
-7.1735,-13.0571,10.0,5.0,60,59.0,1.496,0.83,us,5.21,1.809,0.07,66
51.7505,-177.8295,83.815,4.0,50,164.0,0.044,0.29,us,7.3,4.752,0.065,63
13.5684,144.8388,111.825,4.8,49,94.0,0.035,0.64,us,6.03,4.25,0.084,44
-24.308,-67.1961,187.741,4.2,29,60.0,1.623,0.91,us,9.52,10.516,0.167,10
52.0273,161.0265,24.522,4.8,62,121.0,1.762,0.46,us,9.25,5.583,0.054,107
51.2363,-179.7611,40.483,4.0,70,201.0,0.605,0.64,us,4.9,8.968,0.075,48
-17.7009,-176.4748,593.912,4.1,21,171.0,4.155,0.79,us,14.28,15.616,0.135,16
52.7333,160.9824,10.0,5.7,101,100.0,1.443,0.76,us,8.81,1.858,0.038,250
51.5116,158.6402,35.0,4.1,15,126.0,1.514,0.66,us,7.22,1.889,0.145,13
11.0283,-87.0723,10.0,4.3,19,195.0,1.376,0.79,us,5.95,1.978,0.188,8
50.3306,156.7503,74.284,4.6,113,130.0,2.844,0.63,us,9.64,7.079,0.037,217
-55.6902,-26.2571,10.0,4.5,22,116.0,6.056,0.62,us,11.21,1.815,0.14,17
52.2019,-169.411,35.0,3.5,41,180.0,0.616,0.68,us,4.77,1.954,0.101,24
51.457,159.4595,35.0,4.8,95,135.0,1.646,0.81,us,9.71,1.91,0.064,75
18.1139,145.4741,297.607,4.0,38,117.0,2.873,0.56,us,14.65,9.972,0.093,31
60.5458,-139.8306,5.0,4.3,68,46.0,0.498,1.08,us,3.3,1.888,0.111,23
49.6504,159.0291,10.0,4.3,23,136.0,3.386,0.43,us,12.74,1.936,0.142,14
63.8212,-22.8441,10.0,4.4,83,103.0,1.141,0.81,us,8.31,1.921,0.065,69
-31.8934,-70.7405,93.273,4.1,32,96.0,0.249,0.43,us,4.74,4.604,0.157,11
53.0157,161.082,35.0,4.6,70,164.0,1.469,0.73,us,10.08,1.949,0.055,101
-3.6726,-104.6839,10.0,4.4,33,162.0,14.07,1.15,us,14.52,1.943,0.106,26
-18.131,-69.5308,129.101,4.4,37,65.0,0.541,0.68,us,4.32,5.352,0.104,27
54.5463,-159.9467,28.692,3.8,62,166.0,0.353,0.76,us,5.59,3.722,0.179,8
57.0401,-33.7465,10.0,4.5,31,142.0,7.288,0.6,us,13.06,1.948,0.118,21
52.5771,160.9314,10.0,4.3,20,150.0,1.455,1.13,us,10.96,1.92,0.168,14
-18.1334,-178.3603,519.086,4.4,46,131.0,2.722,0.83,us,14.93,7.648,0.066,67
49.9279,157.1885,42.769,4.3,23,137.0,3.201,0.66,us,13.19,8.086,0.134,16
52.817,159.7294,62.698,4.0,38,161.0,0.685,0.71,us,9.71,6.814,0.096,29
-24.8401,69.8313,10.0,4.9,55,82.0,7.834,0.93,us,4.47,1.87,0.084,45
60.5438,-140.1009,7.366,4.5,63,59.0,0.456,1.14,us,1.31,4.884,0.106,26
-13.7434,-76.9046,10.0,4.4,32,178.0,1.746,0.7,us,9.87,1.973,0.155,12
-34.4679,-70.387,10.0,4.1,26,91.0,0.459,1.14,us,2.12,1.904,0.185,8
52.3971,160.5343,35.0,4.2,26,121.0,1.307,0.62,us,9.9,1.946,0.095,31
-15.9688,-75.4697,10.0,4.5,22,143.0,4.176,0.58,us,7.65,1.912,0.145,14
50.157,158.5795,10.0,4.6,40,136.0,2.871,0.61,us,10.39,1.903,0.095,33
-20.2047,-177.6115,509.712,4.4,27,97.0,4.686,0.64,us,19.23,16.418,0.12,20
27.1532,-175.1954,10.0,4.5,48,119.0,2.199,0.66,us,12.47,1.93,0.058,89
39.0297,70.638,10.0,4.5,80,79.0,1.007,1.08,us,4.09,1.856,0.07,60
51.4204,158.1481,58.493,4.4,22,119.0,1.635,0.62,us,12.44,4.738,0.155,12
-1.0269,127.335,10.0,4.5,45,72.0,1.787,0.8,us,6.92,1.895,0.105,28
14.0569,-89.8169,10.0,4.4,48,119.0,0.158,0.47,us,4.41,1.977,0.088,37
51.5101,159.3461,31.838,4.7,79,133.0,1.575,0.7,us,11.09,5.737,0.052,114
-7.0498,150.2047,10.0,4.4,33,142.0,3.273,0.63,us,5.51,1.848,0.12,20
50.065,157.7589,19.297,4.3,44,138.0,3.014,1.05,us,11.66,5.547,0.085,39
-13.5346,176.3596,10.0,4.2,22,89.0,4.126,0.66,us,11.07,1.895,0.132,16
51.8609,160.1081,10.0,5.3,180,90.0,1.467,0.88,us,7.95,1.848,0.025,537
51.7021,159.5088,35.0,4.7,47,115.0,1.424,0.91,us,6.2,1.92,0.084,43
50.3122,154.8971,152.68,4.3,28,174.0,3.298,0.77,us,13.31,11.079,0.122,19
15.6626,122.1174,39.471,4.9,72,105.0,7.184,0.63,us,10.3,7.648,0.072,61
36.7393,30.4636,10.0,4.6,60,61.0,0.446,0.51,us,5.16,1.863,0.083,43
-11.8144,166.2909,82.143,4.2,13,147.0,3.718,0.18,us,8.01,8.967,0.215,6
41.2148,142.4853,51.763,4.4,43,135.0,0.945,0.6,us,3.2,7.701,0.108,25
-13.3198,-111.7371,10.0,5.1,94,158.0,13.919,0.58,us,13.96,1.917,0.057,100
-31.2609,-71.4682,22.366,4.3,25,161.0,0.405,0.78,us,3.85,8.5,0.306,3
51.8637,158.4105,67.372,4.3,34,135.0,1.171,0.64,us,9.49,7.452,0.108,24
30.4765,81.1429,19.232,4.2,26,132.0,8.685,0.62,us,12.04,6.089,0.121,19
51.6919,159.1226,57.526,4.3,19,196.0,1.365,0.58,us,14.12,9.74,0.137,15
42.7471,146.4196,35.0,4.0,20,134.0,2.525,1.02,us,7.4,1.662,0.144,13
-4.9392,153.0422,44.851,4.1,20,185.0,1.149,1.14,us,7.51,8.779,0.14,14
-3.1216,148.4702,10.0,4.9,63,150.0,1.538,0.67,us,9.86,1.872,0.075,56
-14.9634,166.5495,10.0,4.5,30,60.0,0.793,1.08,us,7.49,1.905,0.115,22
24.0592,125.9035,10.0,5.1,51,119.0,1.557,0.95,us,8.12,1.858,0.064,78
5.7465,61.397,10.0,4.4,34,139.0,23.38,0.95,us,13.81,1.936,0.108,25
50.2169,156.6535,56.351,4.0,22,137.0,2.968,1.05,us,4.6,8.589,0.139,14
14.9056,-93.3302,75.536,4.5,33,182.0,1.151,0.84,us,7.81,11.99,0.05,118
-6.6097,154.7994,25.472,5.0,87,62.0,3.558,0.42,us,8.68,4.448,0.057,100
40.034,40.7433,14.742,4.2,24,81.0,0.19,0.47,us,4.95,4.61,0.158,11
9.3593,93.9247,10.0,4.9,105,45.0,2.56,0.68,us,7.38,1.853,0.056,99
11.1771,124.0974,10.0,4.9,101,51.0,6.547,0.42,us,10.42,1.856,0.061,93
-30.6608,-71.6774,21.946,4.2,31,148.0,0.039,1.19,us,4.28,3.237,0.187,8
23.7593,122.4732,10.0,4.4,25,97.0,0.859,0.68,us,3.14,1.818,0.178,9
4.937,127.879,10.0,4.3,23,166.0,2.4,0.5,us,10.37,1.952,0.148,13
52.4967,160.8433,10.0,4.4,18,132.0,1.433,1.17,us,11.94,1.928,0.149,13
42.4523,-126.315,8.057,4.9,72,162.0,1.463,1.3,us,7.38,5.166,0.048,135
-32.1642,-70.1888,102.522,4.2,24,93.0,0.671,0.49,us,6.2,2.011,0.186,8
19.5249,-109.1083,10.0,4.2,108,109.0,1.87,0.55,us,8.13,1.922,0.043,154
51.5593,178.4709,76.527,4.0,62,176.0,0.378,0.65,us,6.28,5.556,0.069,56
13.9134,144.6483,148.056,3.8,10,102.0,0.387,1.14,us,13.98,9.878,0.227,6
14.4479,-90.4307,177.934,4.7,35,171.0,0.832,0.65,us,7.55,7.663,0.045,147
50.8559,158.9274,10.0,4.7,42,131.0,2.178,0.86,us,10.05,1.275,0.096,33
49.9094,157.3663,26.722,4.6,110,91.0,3.21,0.74,us,8.89,5.33,0.052,110
25.9378,128.4631,10.0,4.5,21,87.0,0.911,0.61,us,6.55,1.915,0.204,7
-8.2455,107.3798,35.0,4.6,42,97.0,0.823,0.83,us,5.43,1.905,0.1,31
-55.2986,-27.0243,10.0,5.0,36,114.0,5.57,0.68,us,8.19,1.83,0.095,35
52.0656,161.6507,10.0,4.1,17,125.0,2.068,0.41,us,9.14,1.911,0.184,9
29.277,129.5242,10.0,4.3,18,111.0,2.365,0.32,us,5.97,1.916,0.177,10
40.2919,143.9546,10.0,4.4,17,147.0,1.824,0.63,us,7.34,1.95,0.169,12
-56.407,-27.6957,10.0,4.4,16,112.0,5.449,0.91,us,14.01,1.915,0.162,11
-1.046,-13.0171,10.0,4.9,28,96.0,11.184,1.21,us,12.25,1.877,0.091,38
51.8141,-169.7752,10.0,4.7,98,173.0,0.975,0.72,us,4.5,1.868,0.039,198
43.5668,-28.4232,10.0,4.6,52,124.0,6.201,0.63,us,11.85,1.898,0.083,43
9.236,93.841,10.0,4.7,61,70.0,5.034,0.66,us,9.0,1.884,0.069,63
44.4963,146.5691,147.488,4.5,98,132.0,2.879,0.6,us,10.48,7.762,0.059,83
-60.2307,-61.9289,10.0,4.9,45,70.0,4.665,0.67,us,9.89,1.843,0.088,44
3.7923,126.6283,52.392,4.5,42,58.0,1.479,0.67,us,6.27,9.302,0.094,33
-41.0183,-91.0404,10.0,4.6,30,181.0,14.482,1.23,us,11.18,1.94,0.11,25
11.0714,124.0458,10.0,5.0,56,70.0,4.255,0.8,us,11.03,1.885,0.075,59
51.8554,160.3445,10.0,5.2,92,88.0,1.563,0.77,us,8.42,1.876,0.035,265
36.4425,71.1909,235.815,4.2,71,79.0,2.133,1.22,us,7.88,7.011,0.079,44
35.8935,140.1659,77.893,4.5,34,145.0,1.71,0.51,us,5.59,7.923,0.124,19
-6.3677,147.846,64.856,4.7,57,47.0,3.093,0.82,us,7.76,6.126,0.077,51
61.9604,142.1841,10.0,4.2,26,69.0,4.841,0.87,us,9.98,1.946,0.132,16
46.7405,151.2916,121.835,4.1,41,135.0,6.658,0.69,us,14.26,8.584,0.084,39
52.5153,158.3911,10.0,4.1,12,134.0,0.533,0.78,us,7.54,1.849,0.198,7
-9.362,-71.6273,319.416,4.1,22,79.0,1.94,0.79,us,12.4,8.631,0.124,19
-18.0509,-178.4464,629.783,4.8,126,41.0,2.608,0.87,us,11.04,6.221,0.029,373
50.5,157.633,47.958,4.5,57,131.0,2.605,0.89,us,11.47,7.387,0.044,152
43.5911,147.3447,55.299,4.3,16,204.0,3.46,1.01,us,15.23,13.204,0.16,11
51.0239,158.8265,35.0,4.9,103,122.0,2.006,0.74,us,8.16,1.904,0.034,266
53.124,160.3421,56.152,4.4,26,117.0,1.026,0.93,us,5.79,7.582,0.126,18
-36.2016,-73.7556,18.668,4.2,33,199.0,1.946,0.58,us,8.73,6.156,0.186,8
54.6966,160.1413,10.0,4.1,38,131.0,1.895,0.73,us,10.4,1.908,0.086,38
-36.0772,-73.7967,23.172,4.3,40,140.0,1.956,0.65,us,7.6,7.065,0.161,11
-58.7722,-25.3301,33.942,5.1,66,69.0,15.843,1.02,us,10.87,5.665,0.068,69
53.4664,-166.8016,74.179,4.3,125,149.0,0.331,0.92,us,4.32,5.426,0.047,126
17.0899,-85.274,10.0,4.7,59,52.0,4.649,1.02,us,8.29,1.929,0.031,311
50.8157,160.0723,10.0,4.5,115,135.0,2.38,0.52,us,9.7,1.905,0.049,123
10.5024,126.4064,10.0,4.4,18,145.0,5.805,0.85,us,10.05,1.836,0.17,10
52.8728,161.1066,10.0,5.0,92,117.0,1.494,1.2,us,9.54,1.872,0.034,274
51.9094,-169.2983,10.0,3.6,32,191.0,0.916,0.85,us,4.04,1.909,0.138,13
51.6429,159.3992,10.0,4.3,33,127.0,1.457,0.65,us,9.7,1.641,0.087,40
13.9163,144.6209,182.232,3.8,13,108.0,0.404,0.33,us,11.27,7.998,0.207,6
51.7371,159.3009,10.0,5.1,52,138.0,1.349,0.82,us,10.45,1.913,0.076,56
-9.1482,123.9283,96.853,4.3,21,117.0,0.69,0.75,us,9.13,7.58,0.137,15
15.7751,119.3171,10.0,4.6,35,110.0,7.804,1.12,us,13.11,1.905,0.088,38
53.3004,-164.3618,10.0,3.4,34,203.0,1.135,0.42,us,3.6,1.926,0.136,13
-6.44,147.9885,48.657,4.0,16,118.0,3.058,0.58,us,9.93,8.693,0.164,12
1.7437,126.5864,49.919,4.1,21,118.0,1.241,0.44,us,5.87,5.126,0.144,13
39.5908,142.0396,49.54,4.4,26,147.0,1.411,0.81,us,8.4,8.133,0.143,14
50.092,156.2119,66.34,4.5,52,135.0,3.16,0.47,us,10.81,7.612,0.057,90
-22.8719,-179.4342,535.764,4.4,41,93.0,9.65,0.82,us,15.78,10.13,0.086,39
7.1728,126.9407,58.939,4.8,38,96.0,1.355,0.81,us,10.06,6.776,0.116,23
-5.8149,112.2394,10.0,4.3,18,100.0,2.168,0.9,us,7.88,1.912,0.16,11
49.8811,155.8327,93.441,4.0,40,137.0,3.436,0.63,us,11.22,7.933,0.102,26
51.9077,-177.3059,10.0,4.7,28,71.0,0.069,1.07,us,3.07,1.92,0.12,24
7.3003,123.4816,10.0,4.9,55,65.0,2.094,0.45,us,8.88,1.858,0.062,82
-3.7996,118.683,10.0,4.2,25,95.0,1.336,1.01,us,6.89,1.901,0.141,14
45.6032,26.3657,136.431,4.1,42,51.0,0.316,1.22,us,7.38,6.332,0.131,17
36.532,70.3696,194.836,4.0,34,89.0,2.251,0.42,us,4.0,10.51,0.172,10
-11.0486,-106.3259,10.0,5.0,76,86.0,16.242,0.5,us,9.33,1.84,0.036,244
-0.2467,99.7911,100.254,4.3,26,188.0,3.047,1.15,us,13.77,9.898,0.125,19
39.3974,143.4498,10.0,4.4,52,137.0,2.298,0.53,us,4.48,1.899,0.096,35
-57.3384,-67.3971,10.0,4.3,22,151.0,2.416,1.0,us,12.08,1.938,0.13,17
51.0136,158.2839,35.0,4.5,27,167.0,2.026,1.29,us,6.07,1.953,0.124,19
-4.5045,152.2189,104.384,4.2,48,117.0,0.316,1.12,us,10.84,5.553,0.089,35
51.6796,160.5155,10.0,4.3,29,127.0,1.766,0.62,us,9.12,1.918,0.138,15
51.6967,-175.1082,35.0,3.9,31,219.0,0.584,0.99,us,2.91,2.011,0.143,13
52.2122,160.634,16.666,4.5,75,150.0,1.457,0.81,us,9.44,5.513,0.071,58
13.8035,120.8927,10.0,4.4,28,104.0,14.169,1.17,us,13.54,1.925,0.123,19
50.0025,155.9659,75.444,4.5,65,135.0,3.293,0.71,us,10.91,7.486,0.062,77
51.7035,160.3373,10.0,4.9,42,126.0,1.679,0.61,us,9.87,1.909,0.086,42
-29.6391,-177.4915,35.0,4.1,11,260.0,9.693,0.54,us,12.02,1.989,0.213,6
-38.5158,175.6405,204.275,4.0,30,60.0,0.527,1.21,us,6.11,5.176,0.149,12
-8.229,117.9632,10.0,4.4,19,74.0,0.623,0.85,us,5.29,1.921,0.143,14
53.1063,159.8667,60.628,4.9,66,104.0,0.739,0.73,us,8.69,4.985,0.05,124
-5.8117,147.4016,137.448,4.3,20,105.0,3.578,0.42,us,12.12,8.774,0.122,20
52.7393,160.2365,35.0,4.0,19,174.0,1.003,0.67,us,5.44,1.98,0.15,12
-9.6347,113.7339,52.334,4.6,51,64.0,1.229,0.98,us,7.33,7.256,0.086,40
8.9743,93.9458,10.0,4.3,23,94.0,5.603,0.56,us,8.27,5.26,0.138,15
-6.093,145.9206,139.411,4.2,29,133.0,3.512,1.12,us,12.29,7.156,0.128,17
7.0967,126.9094,69.917,4.8,60,109.0,1.321,1.08,us,9.26,7.137,0.059,90
2.7831,95.8988,10.0,4.4,9,133.0,3.023,0.51,us,16.19,1.964,0.269,4
-10.6964,120.0078,18.58,4.2,18,114.0,1.06,0.97,us,5.33,4.948,0.199,8
-7.6794,128.3229,163.55,4.2,20,96.0,4.509,1.22,us,8.28,2.697,0.199,7
50.3444,159.023,10.0,4.4,35,138.0,2.693,0.54,us,12.9,1.931,0.109,24
-47.777,116.2615,10.0,4.5,14,142.0,19.235,0.53,us,14.57,1.924,0.156,12
13.6577,39.7972,10.0,4.4,21,140.0,3.651,0.67,us,11.83,1.871,0.149,13
-21.1102,-68.5409,129.945,4.3,25,82.0,0.886,0.99,us,6.18,7.598,0.147,13
30.2332,103.1203,10.0,4.3,35,92.0,5.515,0.69,us,9.03,1.908,0.109,24
6.2701,127.3451,10.0,4.9,92,39.0,1.926,0.81,us,6.36,1.857,0.059,101
3.0404,-31.3941,10.0,4.9,58,62.0,9.892,0.47,us,4.63,1.85,0.081,47
51.6909,159.2249,55.863,4.2,18,137.0,1.38,0.38,us,11.63,7.248,0.137,15
-56.2003,-26.3886,51.03,5.5,107,68.0,6.088,0.87,us,10.73,6.259,0.057,106
-28.9353,-70.2263,133.648,4.2,26,54.0,0.422,0.84,us,5.67,7.924,0.264,4
-7.371,129.596,62.959,4.3,10,138.0,5.151,0.33,us,14.02,9.078,0.177,9
52.1012,161.1627,10.0,4.4,26,134.0,1.79,0.39,us,13.08,1.923,0.117,21
-10.9378,25.1617,10.0,4.3,23,114.0,5.225,0.84,us,11.46,1.894,0.129,17
51.7899,159.3228,35.0,4.5,35,134.0,1.302,0.48,us,11.54,1.942,0.11,24
13.2631,-90.9953,10.0,4.1,36,200.0,1.342,1.15,us,4.54,1.967,0.117,20
4.9341,126.4562,51.353,4.4,34,103.0,0.994,0.53,us,7.76,1.688,0.108,25
51.7149,159.8915,10.0,4.3,18,137.0,1.516,0.89,us,6.41,1.82,0.16,13
52.0116,161.6483,10.0,4.2,24,134.0,2.094,0.69,us,13.04,1.917,0.147,14
50.2853,159.5098,10.0,4.4,63,135.0,2.794,0.65,us,9.23,1.565,0.071,57
49.338,158.004,10.0,4.5,37,165.0,3.713,0.89,us,10.67,1.922,0.106,27
-3.952,153.1118,29.558,4.4,26,136.0,0.975,0.76,us,7.88,6.646,0.13,17
52.3674,160.3134,35.0,4.1,22,122.0,1.207,0.91,us,10.82,1.947,0.109,23
-23.9969,-66.7009,196.538,4.4,33,63.0,1.71,0.84,us,8.66,8.223,0.107,25
7.0104,126.8277,71.86,4.4,37,86.0,1.241,0.98,us,7.82,7.212,0.11,24
53.6945,160.2765,65.528,4.4,89,156.0,1.184,0.42,us,9.02,7.61,0.038,194
-45.3527,97.3138,10.0,4.4,11,157.0,22.154,0.24,us,9.58,1.933,0.189,8
-18.4639,-178.0883,459.62,4.3,67,33.0,7.563,0.68,us,12.07,6.874,0.041,171
12.1615,-88.2506,35.0,4.4,32,169.0,1.301,0.92,us,8.25,1.969,0.117,21
52.3254,160.6254,10.0,5.4,91,113.0,1.391,0.81,us,8.88,1.868,0.021,767
-24.3097,-67.0909,168.776,4.5,30,66.0,1.68,0.82,us,6.03,9.629,0.144,14
-8.4181,111.0823,108.805,4.3,40,63.0,1.501,0.65,us,11.25,1.755,0.116,24
34.7136,70.8489,10.0,4.3,19,238.0,1.428,0.6,us,14.86,2.009,0.119,20
-15.1691,167.2741,115.887,4.2,21,145.0,0.285,0.66,us,14.5,5.268,0.136,15
3.304,-83.0598,10.0,4.6,33,175.0,4.659,0.33,us,10.47,1.954,0.122,20
7.4663,127.078,10.0,4.2,19,135.0,1.538,0.94,us,6.12,1.927,0.153,12
-18.2373,-175.2488,236.646,4.4,32,79.0,5.113,1.1,us,11.01,8.64,0.098,30
13.8426,144.8408,151.627,4.2,18,91.0,0.253,0.57,us,12.13,4.836,0.159,11
-57.0789,-25.1358,10.0,4.5,29,95.0,7.002,0.67,us,11.44,1.912,0.102,28
51.5301,159.6329,30.82,4.1,23,121.0,1.613,1.03,us,8.84,6.358,0.158,12
-7.5021,127.7856,165.364,4.6,67,33.0,3.633,0.45,us,7.1,7.133,0.067,66
43.7484,147.7571,87.924,4.4,65,137.0,3.748,0.58,us,10.54,7.811,0.067,66
7.2347,126.8781,75.993,4.4,26,113.0,1.299,0.62,us,8.69,4.502,0.112,23
54.4977,-159.8529,35.0,4.7,150,102.0,0.367,0.66,us,4.13,1.696,0.05,126
-18.6787,65.6682,10.0,4.4,27,44.0,2.421,0.46,us,10.18,1.845,0.115,22
-34.0737,-178.5277,10.0,4.4,20,253.0,4.328,0.77,us,9.06,1.968,0.139,15
-19.7558,-177.529,544.161,4.4,30,92.0,7.206,0.29,us,16.0,11.313,0.112,23
-6.1749,127.4623,411.927,4.5,45,83.0,2.934,0.59,us,11.97,9.109,0.089,37
52.2369,160.7992,10.0,4.3,34,122.0,1.529,0.98,us,9.82,1.907,0.081,48
29.2823,129.3891,10.0,4.5,74,108.0,2.402,0.49,us,6.98,1.866,0.074,54
52.3254,160.39,10.0,4.4,26,119.0,1.269,1.19,us,7.64,1.856,0.117,21
-4.2194,69.0708,10.0,4.3,19,217.0,4.623,0.47,us,13.64,1.986,0.177,9
-9.0215,117.0613,10.0,4.2,12,102.0,0.732,0.39,us,6.48,1.932,0.216,7
1.0344,97.1099,10.0,4.7,69,139.0,2.45,0.44,us,7.04,1.888,0.072,59
-6.682,132.4613,10.0,4.5,16,127.0,3.328,1.02,us,9.55,1.335,0.145,14
-22.7353,-66.6143,224.953,4.2,29,49.0,1.459,0.96,us,9.28,8.483,0.152,12
60.3673,-139.4012,5.0,5.2,24,157.0,0.505,0.75,us,2.06,1.978,0.182,10
51.3844,159.5559,35.688,5.1,78,121.0,1.734,1.27,us,8.8,6.512,0.037,237
39.3807,143.4427,10.0,4.7,49,101.0,2.304,1.16,us,8.04,1.884,0.069,63
-24.31,-67.2445,187.979,4.5,23,67.0,1.601,0.73,us,10.94,10.213,0.128,18
17.7236,-61.5323,35.0,4.3,37,108.0,0.247,0.45,us,5.68,1.935,0.161,11
59.8012,-30.1139,10.0,4.3,11,155.0,6.433,0.84,us,10.99,1.991,0.218,6
43.2399,-126.8116,10.0,3.4,21,257.0,1.627,0.7,us,4.02,2.015,0.284,5
-6.569,129.0086,263.635,4.1,15,98.0,4.855,0.55,us,10.05,13.088,0.214,6
13.3577,92.5564,15.163,5.0,89,65.0,4.921,0.85,us,9.59,4.409,0.056,105
19.1121,96.4997,10.0,4.4,38,113.0,1.398,0.8,us,7.2,1.905,0.11,24
27.1297,140.146,501.928,4.1,68,87.0,1.817,0.98,us,12.32,9.288,0.059,79
37.4632,56.4799,10.0,4.1,19,171.0,1.379,1.05,us,12.17,1.973,0.135,15
51.1304,159.147,31.471,5.1,184,59.0,1.921,0.61,us,7.75,4.867,0.029,395
-24.5474,179.7944,549.705,4.5,62,71.0,8.039,0.63,us,10.55,6.748,0.073,59
52.0814,160.3966,10.0,4.9,92,114.0,1.424,0.7,us,8.28,1.814,0.04,200
-41.2714,-91.1289,10.0,4.5,47,140.0,15.067,0.53,us,13.83,1.901,0.082,44
-1.2913,-80.8907,10.0,4.6,40,170.0,1.602,0.8,us,8.13,1.924,0.07,62
52.2528,179.0369,200.49,4.3,49,107.0,0.414,0.94,us,9.3,10.982,0.077,48
-27.8953,-72.0907,25.457,4.1,18,193.0,0.95,1.07,us,5.84,8.112,0.26,4
-3.4409,144.9966,10.0,4.3,13,120.0,2.744,0.49,us,13.1,1.728,0.201,7
25.5434,56.1875,11.485,4.3,31,76.0,0.596,0.82,us,8.41,5.224,0.097,30
-3.6845,68.1975,10.0,4.7,33,98.0,5.625,0.42,us,11.84,1.895,0.117,24
40.5884,141.9801,56.25,4.1,20,155.0,0.724,1.17,us,5.87,8.462,0.158,11
2.7565,127.3287,53.159,5.3,82,75.0,1.972,0.78,us,6.74,7.304,0.038,236
51.5289,159.7602,10.0,5.3,85,120.0,1.645,1.11,us,7.22,1.869,0.037,248
-8.2761,107.0433,41.036,4.9,44,173.0,1.007,1.09,us,7.98,6.932,0.107,27
0.2945,-60.5105,11.668,4.0,19,63.0,6.482,0.34,us,9.1,2.756,0.164,10
1.0899,122.0734,55.736,4.2,21,65.0,1.292,0.7,us,4.73,9.915,0.166,10
-21.6999,-179.5578,604.943,4.2,57,122.0,4.533,0.67,us,15.23,8.546,0.075,50
-17.8315,-177.9729,590.108,4.2,17,122.0,2.875,0.66,us,19.53,13.803,0.146,13
50.1171,158.5604,18.252,4.2,19,134.0,2.911,0.5,us,12.26,5.574,0.159,11
45.0982,150.233,10.0,4.6,52,137.0,5.542,1.15,us,13.18,1.919,0.085,41
51.1954,157.6095,78.998,4.3,35,138.0,1.917,0.6,us,12.31,8.61,0.086,38
-21.2858,-173.7157,10.0,4.6,28,162.0,7.565,0.71,us,14.19,1.915,0.114,23
-6.0506,151.3744,10.0,4.5,19,152.0,1.85,0.86,us,12.52,1.902,0.15,13
52.1417,160.5002,33.827,4.2,21,124.0,1.433,0.61,us,11.06,6.281,0.112,22
-29.2135,-13.6651,10.0,4.9,56,70.0,7.914,0.76,us,10.55,1.872,0.076,54
-17.6156,-178.7872,548.042,4.9,54,78.0,2.095,0.62,us,13.62,9.926,0.076,54
-13.7828,-75.9595,53.102,4.3,20,142.0,1.981,0.82,us,7.96,9.173,0.148,13
52.4701,160.8263,35.0,4.8,29,139.0,1.434,1.11,us,11.99,1.957,0.1,31
-37.1699,-16.9678,10.0,4.5,16,70.0,3.72,0.56,us,12.66,1.893,0.145,14
50.1721,158.6943,24.951,4.4,27,138.0,2.855,0.69,us,11.35,5.649,0.13,17
50.0666,156.7262,129.65,4.2,47,127.0,3.106,0.53,us,11.06,7.191,0.074,51
52.6169,-32.0699,10.0,4.5,71,84.0,11.228,1.13,us,9.72,1.907,0.072,56
-7.3356,127.6745,10.0,5.0,63,40.0,3.568,0.6,us,6.94,1.85,0.084,45
-57.6584,157.6936,10.0,4.3,19,142.0,3.244,0.81,us,13.45,1.941,0.168,10
-21.5882,-66.818,228.303,4.1,19,96.0,2.264,0.69,us,7.98,16.737,0.234,5
-24.1077,-67.082,217.96,4.4,25,92.0,1.529,0.71,us,3.81,8.488,0.189,8
49.5599,156.6463,36.293,4.2,13,229.0,3.614,0.84,us,14.24,9.41,0.236,6
7.3417,126.9152,40.139,4.5,52,71.0,1.353,0.77,us,7.88,6.37,0.084,41
-23.9044,-66.7902,226.072,4.3,25,82.0,1.589,1.1,us,10.33,8.481,0.147,13
12.8093,125.0971,23.287,4.5,42,111.0,5.723,0.5,us,12.68,6.182,0.096,32
49.8529,157.5905,32.543,4.2,29,134.0,3.243,0.71,us,8.98,5.823,0.108,24
-9.5362,113.7626,43.886,4.3,22,137.0,1.127,0.84,us,8.94,9.06,0.138,15
49.6385,158.3545,10.0,4.1,17,138.0,3.395,0.53,us,14.04,1.943,0.166,10
51.1048,159.4435,10.0,4.6,52,174.0,1.983,1.07,us,10.43,1.945,0.085,41
-18.3819,-177.7835,568.771,4.4,37,90.0,3.312,0.64,us,15.2,10.844,0.102,28
55.2758,109.8148,10.0,4.1,19,86.0,4.614,0.56,us,10.55,1.948,0.157,12
51.2127,158.899,32.829,4.3,26,124.0,1.82,0.96,us,10.66,6.506,0.116,24
27.8628,131.2057,10.0,4.7,30,125.0,2.035,0.85,us,7.24,1.887,0.13,18
-56.0224,-143.4819,10.0,5.1,30,111.0,28.557,0.52,us,11.92,1.595,0.105,29
49.8017,157.3539,22.714,5.3,59,134.0,3.318,0.81,us,9.82,5.392,0.056,109
39.3494,71.7208,10.0,4.2,16,131.0,0.142,1.41,us,3.56,1.924,0.187,8
51.0974,-179.4144,37.326,3.8,57,218.0,0.592,0.63,us,4.73,4.068,0.154,11
28.3448,104.6089,10.0,4.4,48,76.0,4.68,0.81,us,9.88,1.902,0.093,33
52.4597,160.7178,10.0,4.3,126,121.0,1.378,0.64,us,7.48,1.865,0.051,115
51.4214,159.4785,35.0,4.2,20,137.0,2.013,0.96,us,12.7,1.92,0.124,18
-33.8803,-70.4707,107.73,4.5,48,68.0,0.206,0.49,us,4.33,4.703,0.08,46
35.2719,23.275,44.596,4.3,77,139.0,2.193,0.76,us,9.02,8.85,0.064,69
-17.6386,-178.6599,561.135,4.4,29,164.0,2.21,0.42,us,16.53,9.568,0.105,26
-16.8994,-172.5286,10.0,4.6,23,166.0,3.059,0.75,us,10.29,2.274,0.122,20
-3.6539,145.6604,10.0,4.1,19,127.0,2.337,0.75,us,13.6,1.824,0.145,13
-7.6963,127.6784,148.708,4.3,45,71.0,3.852,0.89,us,6.7,8.176,0.094,33
8.9149,-82.9581,10.0,4.4,19,209.0,1.32,0.92,us,9.54,1.998,0.143,14
52.9469,160.7987,32.356,5.4,190,119.0,1.301,0.61,us,9.09,5.165,0.03,388
25.1114,126.1506,35.0,4.3,31,88.0,1.888,0.84,us,7.96,1.94,0.129,17
-23.4224,178.8889,545.272,5.0,121,45.0,5.703,0.77,us,10.29,5.663,0.042,180
52.7995,160.6735,35.0,4.4,61,119.0,1.246,0.76,us,10.32,1.927,0.067,65
7.2829,126.7816,69.87,4.6,68,96.0,1.212,0.83,us,9.73,6.141,0.071,59
-10.2863,161.0221,70.115,4.3,20,133.0,1.353,0.5,us,10.45,4.188,0.137,15
30.0057,142.5793,10.0,4.4,38,157.0,2.92,0.96,us,9.82,1.919,0.101,28
-18.8542,65.4124,10.0,4.6,72,63.0,2.127,0.39,us,11.13,1.852,0.071,63
50.3645,158.5326,10.0,4.4,15,138.0,2.664,0.91,us,11.16,1.729,0.203,7
