latitude,longitude,depth,mag,nst,gap,dmin,rms,net,horizontalError,depthError,magError,magNst
13.967,-92.5853,22.359,4.6,71,157.0,1.158,1.25,us,6.19,7.071,0.03,329
11.3373,124.9087,10.0,4.3,19,200.0,4.292,0.49,us,10.6,1.9,0.153,12
52.2517,160.6461,31.476,4.3,18,166.0,1.441,1.26,us,14.48,8.417,0.147,13
-25.0461,179.8571,510.671,4.6,30,135.0,7.457,0.8,us,13.98,10.904,0.082,44
43.588,144.7033,123.585,4.3,67,136.0,1.616,0.74,us,8.69,7.465,0.059,80
52.3103,160.586,10.0,4.8,72,123.0,1.93,1.01,us,8.82,1.882,0.061,82
-24.1838,179.8728,512.792,4.2,21,121.0,6.628,0.87,us,14.61,6.49,0.141,14
52.6365,160.7446,10.0,4.9,120,116.0,1.329,0.92,us,9.45,1.88,0.052,115
53.1343,159.6823,65.679,4.4,48,164.0,0.633,0.84,us,8.92,7.664,0.076,50
-3.8546,128.4291,99.876,4.3,20,107.0,3.925,0.61,us,11.91,9.364,0.129,17
29.051,51.4812,10.0,4.2,81,74.0,5.871,0.49,us,9.01,1.851,0.069,63
48.9933,154.8595,61.429,4.4,31,137.0,4.492,0.78,us,12.58,7.97,0.114,22
22.8131,95.8413,10.0,4.4,26,99.0,1.815,0.72,us,9.32,1.919,0.134,16
52.4871,160.0617,57.62,4.3,21,165.0,1.012,0.45,us,11.07,8.914,0.147,13
52.9538,160.7893,10.0,4.5,58,117.0,1.295,0.74,us,9.4,1.88,0.068,63
44.4963,146.5691,147.488,4.5,98,132.0,2.879,0.6,us,10.48,7.762,0.059,83
-13.7044,-72.7506,10.0,4.6,15,112.0,4.34,1.14,us,7.58,1.927,0.173,10
37.5517,-24.7495,10.0,4.4,32,163.0,0.65,0.8,us,8.37,1.938,0.102,28
-14.6052,166.9762,41.888,4.6,21,143.0,0.865,0.91,us,10.32,6.933,0.116,22
50.9275,160.2274,10.0,4.2,18,155.0,2.315,1.06,us,9.92,1.965,0.147,14
-50.7727,-27.8732,10.0,4.6,17,118.0,6.323,0.52,us,14.26,1.9,0.173,10
51.3607,159.5291,35.0,4.6,44,133.0,2.081,0.86,us,9.3,1.93,0.097,32
39.4037,143.6854,10.0,4.0,23,134.0,2.44,0.66,us,7.08,1.902,0.173,9
-0.1295,99.9834,10.0,4.6,25,167.0,2.797,0.94,us,10.07,1.928,0.137,19
50.737,157.9449,48.699,4.0,54,135.0,2.331,0.38,us,12.12,7.753,0.083,39
52.4067,160.5803,10.0,4.6,59,122.0,1.327,0.86,us,8.15,1.89,0.07,60
51.3709,159.5342,35.0,4.3,23,150.0,1.742,0.76,us,11.38,1.957,0.111,23
49.7307,155.9237,68.412,4.3,44,135.0,3.56,0.68,us,12.09,7.892,0.074,51
51.3918,159.5156,26.526,4.4,34,137.0,1.719,0.62,us,9.58,4.913,0.11,24
-7.6961,127.6235,174.724,4.1,31,52.0,3.884,1.38,us,8.61,6.096,0.12,22
-5.3309,152.5022,35.0,4.3,31,154.0,1.123,1.06,us,11.1,1.937,0.102,28
52.1311,158.6807,87.443,4.8,87,143.0,0.894,0.77,us,9.28,6.552,0.064,76
40.9078,35.1689,10.0,4.3,69,33.0,1.109,0.82,us,2.35,1.842,0.103,27
51.269,159.6804,10.0,4.4,16,221.0,1.868,0.51,us,6.95,1.969,0.179,9
-3.9745,137.4572,10.0,4.1,20,58.0,1.494,0.82,us,6.54,1.901,0.146,13
-55.4329,-27.5119,10.0,4.4,14,125.0,5.312,0.45,us,14.33,1.846,0.189,8
-7.2885,129.1976,134.863,4.3,23,50.0,5.298,1.37,us,7.29,11.19,0.177,9
50.6833,158.1511,27.675,4.7,134,88.0,2.364,0.79,us,8.39,5.359,0.05,121
52.3802,160.636,33.93,4.3,16,131.0,1.369,0.64,us,9.46,6.51,0.202,8
-9.623,112.8724,49.654,5.0,60,60.0,1.706,0.6,us,6.53,7.491,0.087,42
-7.5997,133.4057,10.0,4.5,25,66.0,4.79,1.15,us,7.31,1.907,0.139,15
48.7197,156.0922,10.0,4.4,18,216.0,4.51,1.0,us,14.76,1.995,0.189,9
9.1818,93.7574,10.0,4.6,72,94.0,5.043,0.66,us,8.53,1.88,0.076,52
51.0303,158.1624,52.976,4.9,91,104.0,2.019,0.65,us,9.98,6.136,0.023,582
52.5866,160.5637,31.742,4.5,93,133.0,1.241,0.72,us,11.34,6.065,0.06,81
-18.3541,-71.4343,56.74,4.3,23,157.0,1.038,0.69,us,8.6,8.931,0.132,16
51.5883,-175.28,40.995,4.0,51,150.0,0.565,0.48,us,4.85,8.852,0.074,49
1.5784,66.8078,10.0,5.0,55,65.0,6.279,0.63,us,10.68,1.848,0.097,38
6.1102,127.2399,35.0,5.0,55,51.0,1.905,1.43,us,6.49,1.876,0.06,89
-5.8135,152.0241,10.0,4.1,13,172.0,1.497,0.46,us,12.03,1.939,0.174,9
27.5551,128.5811,41.781,4.4,46,84.0,0.767,0.74,us,4.61,9.106,0.112,27
51.6158,160.3107,10.0,4.5,31,160.0,1.74,0.96,us,10.13,1.96,0.119,21
-17.4204,-173.687,38.466,4.4,19,142.0,19.39,0.33,us,15.05,8.305,0.149,15
-30.6884,-178.1748,44.899,4.7,32,133.0,7.45,1.02,us,13.05,6.019,0.11,25
52.9092,159.3582,73.93,4.7,157,133.0,0.443,0.59,us,9.75,6.422,0.047,137
51.0719,158.3841,35.0,5.1,89,89.0,1.961,0.89,us,9.02,1.85,0.025,534
-15.5943,-173.85,102.244,4.5,18,216.0,2.609,0.46,us,10.99,11.204,0.15,14
-17.518,-178.8212,551.788,4.1,24,168.0,2.016,0.39,us,18.39,11.174,0.117,20
-5.0131,123.0162,10.0,4.5,48,78.0,0.292,0.44,us,3.79,1.859,0.099,30
-18.0759,-178.2019,565.089,4.3,47,81.0,2.812,0.78,us,11.92,5.816,0.053,100
53.0558,161.1184,10.0,4.0,26,146.0,1.491,1.04,us,9.91,1.941,0.108,23
-6.1582,147.7152,81.658,4.6,26,110.0,3.272,0.49,us,9.79,10.271,0.113,23
11.2757,124.1791,10.0,4.3,11,148.0,4.402,0.22,us,14.16,1.952,0.177,9
11.0827,124.3483,10.0,4.6,49,83.0,4.169,0.55,us,5.57,1.904,0.092,37
37.8141,144.1232,10.0,4.5,44,136.0,3.802,0.86,us,9.7,1.898,0.102,29
51.5118,158.9868,63.432,4.1,17,168.0,1.528,0.59,us,12.62,6.295,0.185,10
51.5628,158.7086,35.0,4.8,40,123.0,1.463,1.27,us,9.46,1.932,0.114,38
5.3262,125.9846,100.462,4.3,15,151.0,0.775,0.7,us,9.15,6.49,0.177,9
70.8709,-6.8151,10.0,4.2,37,74.0,0.568,0.86,us,4.02,1.826,0.096,30
52.6315,160.625,10.0,5.0,94,116.0,1.261,0.93,us,8.54,1.873,0.03,347
40.4567,77.3601,10.0,4.4,52,132.0,1.315,0.94,us,4.83,1.872,0.103,27
-23.9298,-179.5432,420.002,4.4,38,107.0,5.487,0.52,us,14.9,5.832,0.087,38
-15.8408,178.5631,10.0,4.5,17,221.0,1.001,0.55,us,7.07,1.97,0.15,13
52.1579,160.5211,10.0,4.2,24,162.0,1.433,1.15,us,10.48,1.964,0.113,22
12.2738,144.4749,10.0,4.7,45,106.0,1.363,0.75,us,6.4,1.808,0.092,36
14.2977,-93.9318,10.0,4.1,32,156.0,2.315,0.78,us,3.85,1.946,0.135,16
42.9957,144.5661,121.102,4.1,44,134.0,1.43,0.54,us,9.96,8.186,0.104,27
39.2293,28.9698,10.0,4.1,27,58.0,1.318,0.75,us,3.54,1.954,0.165,10
-23.9343,-66.7161,195.058,4.5,31,58.0,1.662,0.92,us,4.69,8.338,0.121,20
-20.4455,-177.7273,466.653,4.2,38,97.0,7.47,0.56,us,7.01,9.797,0.096,30
-48.9031,-8.1979,10.0,4.4,21,101.0,22.976,0.79,us,11.22,1.893,0.12,20
14.1676,147.2017,10.0,4.2,16,97.0,1.728,0.66,us,7.09,1.931,0.199,7
12.2024,95.3077,10.0,4.8,46,69.0,4.391,0.84,us,7.47,1.624,0.1,31
50.2465,159.1104,10.0,4.3,28,134.0,2.796,0.81,us,5.9,1.889,0.142,15
44.5139,149.9309,10.0,4.4,26,191.0,5.28,0.81,us,13.11,1.962,0.127,18
52.8415,161.0175,10.0,5.6,57,148.0,1.445,0.96,us,9.89,1.915,0.079,56
-2.9387,129.4774,19.328,5.1,64,38.0,2.724,0.71,us,7.67,4.528,0.059,95
-37.5884,51.6101,10.0,4.5,28,137.0,16.747,0.59,us,8.21,1.859,0.115,22
-20.6372,-178.0282,528.577,4.3,27,129.0,4.689,0.51,us,15.51,6.476,0.116,21
-19.1224,-177.7628,557.75,4.4,17,131.0,3.792,0.37,us,11.96,12.28,0.154,13
52.6784,160.8552,10.0,4.1,19,174.0,1.381,0.74,us,11.21,1.959,0.158,11
51.4736,158.4131,48.203,4.3,66,134.0,1.559,0.72,us,4.9,7.584,0.075,50
52.4136,160.5695,10.0,5.2,76,103.0,1.318,0.8,us,10.41,1.864,0.043,178
49.1548,156.4018,27.618,5.1,76,129.0,4.042,0.53,us,9.68,5.646,0.093,38
-57.6684,157.6305,10.0,4.4,24,137.0,3.262,0.73,us,13.26,1.923,0.134,17
52.3719,159.9605,67.484,4.7,138,134.0,1.03,0.62,us,9.65,6.53,0.05,119
23.9741,90.5388,10.0,4.1,19,188.0,4.894,0.87,us,8.64,1.956,0.173,9
52.2837,160.7069,35.0,4.4,36,123.0,2.008,0.7,us,9.99,1.93,0.094,33
9.3326,93.9986,10.0,4.5,28,178.0,5.584,0.67,us,12.24,1.936,0.118,21
39.5558,143.2703,10.189,4.4,41,143.0,2.091,0.75,us,6.54,4.426,0.106,26
9.3592,93.818,10.0,4.5,36,94.0,5.764,0.95,us,10.49,1.903,0.11,24
51.5426,160.0946,10.0,4.4,35,182.0,1.728,0.76,us,8.98,1.942,0.101,28
51.8747,-174.2378,83.682,3.4,37,199.0,0.328,0.43,us,9.08,10.456,0.186,7
51.6928,160.4683,10.0,4.7,21,205.0,2.211,0.69,us,10.24,1.95,0.129,18
-31.2384,-68.9387,116.914,4.7,40,46.0,0.383,1.19,us,4.46,3.412,0.108,26
51.6214,16.1991,5.0,4.2,48,27.0,1.275,0.56,us,4.74,1.917,0.152,12
-2.1534,139.0528,35.0,4.9,58,76.0,1.026,0.64,us,5.25,1.9,0.079,50
52.0518,159.8465,54.657,4.3,21,228.0,1.217,0.88,us,8.86,8.923,0.154,12
31.4844,50.1239,10.0,4.2,24,151.0,5.118,1.31,us,9.65,1.963,0.121,19
3.9343,126.68,43.357,4.4,43,107.0,1.437,0.78,us,7.32,7.772,0.091,35
37.5486,142.2691,35.0,4.4,50,127.0,3.4,1.24,us,9.28,1.911,0.091,35
51.7562,158.1845,72.653,4.9,87,121.0,1.301,0.77,us,8.7,5.986,0.028,388
61.9604,142.1841,10.0,4.2,26,69.0,4.841,0.87,us,9.98,1.946,0.132,16
52.4701,160.8263,35.0,4.8,29,139.0,1.434,1.11,us,11.99,1.957,0.1,31
39.6231,143.2121,10.0,4.7,39,178.0,2.015,0.59,us,7.13,1.925,0.106,27
51.5075,159.8766,11.96,4.3,27,127.0,1.695,1.4,us,10.02,5.6,0.116,21
36.6145,140.7705,78.872,4.3,56,132.0,2.063,0.54,us,9.65,6.652,0.081,44
50.3653,159.2181,10.0,4.9,160,133.0,2.685,0.55,us,8.81,1.867,0.042,176
50.0968,159.704,10.0,4.3,23,225.0,3.004,1.05,us,11.56,1.972,0.138,15
-10.2357,123.8332,10.0,4.1,15,86.0,0.641,0.76,us,5.54,1.949,0.151,12
37.3274,70.006,10.0,5.0,80,58.0,1.487,0.71,us,5.54,1.82,0.049,134
52.217,160.1147,44.441,4.1,27,229.0,1.204,0.85,us,12.56,9.329,0.127,17
17.5423,-83.2493,10.0,4.2,50,41.0,5.229,1.29,us,8.06,1.923,0.088,38
-21.6202,-68.7253,107.557,4.5,23,70.0,0.511,0.85,us,6.08,5.583,0.15,13
-6.7017,129.8172,160.711,4.7,55,31.0,2.167,0.8,us,8.37,7.13,0.079,49
-20.7641,-177.9521,498.515,4.5,51,136.0,4.823,0.77,us,12.51,6.29,0.087,40
52.5494,160.9169,25.765,4.0,21,119.0,1.456,0.87,us,7.57,4.822,0.123,18
5.7336,126.925,140.346,4.5,72,66.0,1.75,0.71,us,8.14,5.816,0.069,62
-3.824,99.7687,10.0,4.5,23,193.0,3.223,0.76,us,10.29,1.904,0.139,15
29.1121,129.2889,10.0,4.5,16,129.0,2.439,0.74,us,7.85,1.919,0.205,7
29.0344,138.6988,492.848,4.7,213,47.0,3.635,0.6,us,9.39,6.006,0.03,348
29.3301,129.5332,9.343,4.4,32,121.0,2.313,0.83,us,8.41,4.391,0.108,25
50.9075,159.5402,10.0,4.5,19,136.0,2.48,0.55,us,11.54,1.918,0.205,7
-19.5757,-68.9497,122.804,4.5,27,63.0,0.248,0.97,us,3.94,4.324,0.14,15
52.6663,160.7467,30.467,4.7,58,119.0,1.321,0.63,us,10.52,5.787,0.041,183
53.0506,160.4387,45.605,4.2,21,118.0,1.081,0.57,us,10.16,8.434,0.132,16
-4.9578,145.1338,76.53,4.2,35,65.0,3.653,0.56,us,8.07,8.348,0.108,24
-22.3676,-65.8268,270.762,4.8,95,59.0,2.249,0.97,us,9.02,6.93,0.03,347
52.1351,160.371,10.0,4.1,22,138.0,1.376,1.39,us,12.27,1.933,0.14,14
50.3691,157.1711,49.468,4.5,51,134.0,2.763,0.65,us,11.05,7.209,0.087,39
11.1935,-87.1054,10.0,4.6,38,190.0,1.267,0.91,us,6.11,1.939,0.041,177
10.8431,123.8854,10.0,4.3,24,161.0,4.106,0.48,us,15.06,1.928,0.129,17
51.5673,159.2482,35.0,4.4,32,127.0,1.504,0.96,us,8.56,1.849,0.107,25
52.1598,-177.5431,160.04,3.8,35,118.0,0.323,0.38,us,8.58,5.656,0.161,10
49.5385,154.808,105.317,4.0,55,123.0,4.008,0.7,us,12.0,8.266,0.081,44
-36.4696,177.3638,10.0,4.5,23,214.0,1.326,0.76,us,6.22,1.959,0.221,6
-21.085,-68.6888,129.227,4.2,29,61.0,0.747,0.82,us,5.63,4.331,0.14,14
-5.5394,147.0482,187.328,4.2,32,71.0,3.487,0.46,us,9.21,8.524,0.112,24
-49.8823,110.742,10.0,4.4,14,145.0,17.613,1.07,us,14.39,1.9,0.179,11
51.9466,159.7344,45.632,4.1,33,163.0,1.266,0.48,us,9.28,8.52,0.107,24
12.6852,125.2951,35.0,4.6,56,122.0,10.846,0.55,us,10.98,1.93,0.08,47
-19.9329,-69.3401,103.094,4.3,18,133.0,0.271,0.64,us,6.33,3.687,0.238,5
42.9656,145.4249,65.812,4.3,50,134.0,1.928,0.61,us,10.1,7.798,0.094,32
-17.7163,-178.6567,580.268,4.3,51,118.0,2.253,0.72,us,12.71,7.798,0.068,60
50.1902,159.1222,10.0,4.3,22,134.0,2.852,0.8,us,11.14,1.926,0.133,16
52.3431,160.354,28.122,4.4,25,123.0,1.787,0.66,us,10.03,2.85,0.134,16
51.3928,159.4716,35.0,4.2,10,207.0,1.71,1.13,us,12.95,1.996,0.199,7
49.6348,157.3719,35.0,4.4,24,137.0,3.484,0.77,us,13.16,1.951,0.112,23
-32.8357,-178.1414,10.0,4.4,13,176.0,3.567,1.11,us,14.67,1.951,0.161,11
52.886,-164.2333,10.0,3.9,24,180.0,1.583,1.03,us,6.2,1.942,0.125,17
7.2661,126.9284,77.954,4.7,76,103.0,1.353,0.55,us,8.27,6.23,0.069,64
-57.5812,157.5031,30.874,4.3,14,141.0,3.194,0.79,us,10.76,7.86,0.161,11
37.136,53.8076,10.0,4.4,43,149.0,6.891,0.67,us,8.82,1.934,0.091,35
51.9196,-169.8577,16.806,4.1,83,171.0,0.872,0.83,us,5.02,4.162,0.05,109
-20.5523,-178.8698,622.042,4.1,30,115.0,4.032,0.72,us,15.97,8.268,0.095,31
2.9528,-31.3475,10.0,4.9,46,66.0,19.996,1.02,us,12.86,1.882,0.07,73
30.6526,141.6528,11.469,4.9,60,120.0,2.911,0.82,us,8.39,4.9,0.058,97
51.7371,159.3009,10.0,5.1,52,138.0,1.349,0.82,us,10.45,1.913,0.076,56
52.3674,160.3134,35.0,4.1,22,122.0,1.207,0.91,us,10.82,1.947,0.109,23
51.7857,159.8227,25.681,5.8,44,60.0,1.433,0.63,us,5.47,4.543,0.131,28
-34.9148,-111.5823,10.0,4.4,14,91.0,31.625,0.21,us,16.77,1.914,0.17,11
6.8332,126.9556,73.342,5.1,65,121.0,1.387,0.87,us,8.9,8.092,0.064,79
43.1152,149.0145,10.0,4.2,16,156.0,4.464,0.54,us,13.4,1.878,0.167,10
1.8281,125.0723,193.777,4.3,36,97.0,0.447,0.72,us,7.97,5.482,0.106,25
2.4651,126.7563,48.141,4.5,38,104.0,2.588,0.88,us,10.74,7.63,0.107,26
52.8593,160.6252,10.0,4.2,43,147.0,1.207,0.94,us,9.19,1.923,0.107,25
51.9389,160.1249,35.0,4.2,16,197.0,1.412,0.62,us,10.4,2.002,0.159,11
-6.3941,130.8422,60.712,4.3,15,119.0,2.081,0.75,us,6.61,11.434,0.2,7
-20.5367,-178.8275,624.994,4.7,87,69.0,4.051,0.61,us,10.0,6.323,0.028,380
52.1854,160.6773,10.0,4.4,37,153.0,2.036,0.95,us,9.17,1.903,0.095,32
49.9763,158.331,10.0,4.6,107,79.0,3.058,0.48,us,8.51,1.866,0.046,145
-4.6963,153.0005,64.407,4.5,66,117.0,1.046,0.73,us,8.89,6.529,0.073,59
-43.5631,-16.1095,10.0,4.6,17,89.0,17.09,0.73,us,14.25,1.944,0.137,17
52.4467,160.5389,10.0,4.8,58,96.0,1.848,0.97,us,10.13,1.898,0.077,52
50.4602,157.1083,64.293,4.4,29,135.0,2.677,0.37,us,8.73,8.579,0.13,17
50.5238,156.6281,82.242,4.1,12,207.0,2.672,0.31,us,12.12,16.74,0.214,6
-0.0117,123.4351,176.509,4.0,29,103.0,1.219,1.1,us,6.21,7.836,0.13,16
54.4508,-159.7818,35.0,3.8,26,163.0,0.397,0.62,us,4.79,1.885,0.147,12
-21.101,-174.3386,10.0,5.0,73,108.0,4.609,0.72,us,12.43,1.857,0.066,73
52.653,160.6257,10.0,5.1,114,72.0,1.255,1.07,us,8.02,1.803,0.022,649
39.3041,143.5875,10.0,5.2,88,97.0,2.439,0.64,us,6.83,1.86,0.044,172
9.2728,-84.1423,45.043,4.5,79,133.0,0.485,0.58,us,7.99,8.836,0.062,77
53.3566,159.8265,58.721,4.3,96,131.0,0.783,0.54,us,9.33,5.707,0.057,86
1.1555,124.2603,14.576,4.5,27,92.0,0.646,0.73,us,5.81,4.697,0.118,21
-48.9486,123.5658,10.0,4.6,26,119.0,16.692,0.77,us,14.93,1.929,0.116,24
-16.0057,-75.4745,10.0,4.4,35,137.0,4.209,0.74,us,9.99,1.896,0.121,20
54.5516,-159.6211,31.747,4.0,47,158.0,0.281,1.0,us,4.6,6.071,0.126,17
13.0031,-89.7542,39.363,4.3,107,174.0,0.894,1.31,us,5.21,9.338,0.054,95
53.0959,161.4165,10.0,4.5,34,117.0,1.671,1.1,us,10.89,1.905,0.093,34
52.9126,160.6553,35.0,4.1,25,146.0,1.218,0.65,us,9.96,1.983,0.124,18
52.267,-176.6324,222.591,3.7,32,60.0,0.288,0.61,us,12.28,6.481,0.167,9
1.453,126.4287,52.071,4.3,27,98.0,3.393,0.74,us,9.35,8.298,0.138,17
50.657,158.0758,35.0,4.9,133,95.0,2.396,0.64,us,9.37,1.902,0.025,509
-21.2858,-173.7157,10.0,4.6,28,162.0,7.565,0.71,us,14.19,1.915,0.114,23
-36.8604,-74.4156,10.0,4.4,14,211.0,2.657,0.45,us,9.62,2.002,0.202,7
53.4925,160.273,53.438,4.4,55,114.0,1.082,1.0,us,9.14,7.524,0.079,46
50.2045,157.9498,40.542,4.3,30,132.0,2.856,0.63,us,5.71,7.357,0.111,23
52.5439,160.992,10.0,4.2,20,203.0,1.501,1.01,us,10.47,1.856,0.167,10
-23.1003,-114.9789,10.0,4.5,23,171.0,40.191,0.56,us,18.19,1.939,0.115,22
51.0181,158.8,35.0,5.0,129,106.0,2.01,0.56,us,9.85,1.856,0.031,333
53.0294,160.8521,28.898,4.3,28,143.0,1.33,1.01,us,13.65,7.025,0.122,19
7.6469,127.1659,10.0,4.8,98,75.0,1.675,1.1,us,6.35,1.765,0.056,98
12.8009,-89.2883,48.078,4.2,59,173.0,0.969,0.73,us,8.2,12.61,0.078,46
-6.6166,129.9257,139.142,4.7,32,101.0,4.342,0.26,us,5.65,8.975,0.12,21
50.5943,157.6929,35.122,4.3,35,126.0,2.504,1.07,us,10.14,7.962,0.099,29
49.8811,155.8327,93.441,4.0,40,137.0,3.436,0.63,us,11.22,7.933,0.102,26
-23.4771,178.859,561.941,4.3,24,162.0,5.753,0.83,us,7.69,9.8,0.143,14
-34.0135,-178.3875,10.0,4.2,22,253.0,4.445,0.98,us,11.82,1.975,0.132,16
54.5397,-159.8952,37.57,3.4,75,186.0,0.342,0.91,us,7.28,15.62,0.245,4
-3.4284,143.6869,10.0,4.1,21,92.0,3.115,0.51,us,11.71,1.92,0.145,14
52.319,160.5494,29.898,4.5,41,122.0,1.355,0.79,us,9.19,3.931,0.108,25
-7.0505,124.9054,554.175,4.4,84,39.0,2.76,0.55,us,10.9,7.872,0.07,58
44.543,145.6776,189.34,4.1,19,142.0,2.254,0.35,us,10.26,4.316,0.165,10
50.9759,159.2047,35.0,4.6,65,125.0,2.079,1.18,us,9.04,1.928,0.073,56
9.0733,125.7413,10.0,4.4,26,101.0,1.997,0.5,us,6.23,1.886,0.135,17
54.6146,-160.4023,35.0,3.8,64,192.0,0.519,1.13,us,6.44,1.977,0.179,8
-27.0006,-176.2579,35.0,4.4,14,202.0,10.606,0.26,us,6.51,1.999,0.169,10
10.5421,40.4906,10.0,4.2,20,125.0,2.422,0.42,us,9.71,1.895,0.153,12
48.5218,153.455,121.27,4.6,86,128.0,5.321,0.91,us,9.77,7.035,0.031,319
51.137,159.8127,10.0,4.7,34,129.0,2.021,1.09,us,8.03,1.653,0.104,28
34.6164,70.6351,10.0,4.4,36,144.0,1.242,0.77,us,7.39,1.943,0.118,21
-7.966,122.8202,233.285,4.0,22,51.0,0.88,0.53,us,7.8,6.738,0.184,10
51.8867,160.0027,35.0,4.2,24,175.0,1.408,1.29,us,10.41,1.972,0.177,12
49.6954,156.2581,54.764,4.5,63,136.0,3.535,0.84,us,11.17,7.402,0.077,50
13.8894,144.6662,10.0,4.1,9,118.0,0.357,0.3,us,3.3,1.958,0.262,4
31.705,141.8724,10.0,4.9,105,121.0,2.238,0.66,us,8.93,1.866,0.05,126
49.9891,157.6864,10.0,4.1,38,163.0,3.098,0.65,us,6.21,1.944,0.096,32
5.1172,125.3592,46.561,4.8,102,101.0,0.4,0.73,us,6.75,5.42,0.059,88
-26.9572,-176.4619,42.53,4.5,19,199.0,11.123,0.6,us,14.71,10.008,0.131,18
25.7982,125.8179,88.955,4.8,110,90.0,2.014,0.7,us,7.6,7.202,0.06,86
-23.9907,-71.108,10.0,4.4,15,148.0,0.695,0.87,us,3.7,1.681,0.143,14
5.3113,94.4019,42.621,4.9,62,97.0,2.536,0.8,us,8.84,7.467,0.071,62
53.2472,160.6744,35.0,4.7,62,134.0,1.24,0.96,us,10.82,1.889,0.07,63
47.9545,22.9676,10.0,4.3,19,121.0,1.537,1.18,us,4.89,1.975,0.217,6
49.5484,155.9545,48.829,4.2,33,135.0,3.729,0.74,us,11.82,8.511,0.11,23
-17.1634,-174.6802,214.117,4.3,36,66.0,4.274,0.81,us,10.09,8.27,0.094,32
50.3203,158.6166,10.0,4.2,35,135.0,2.707,0.65,us,12.44,1.929,0.11,23
-59.9755,-61.6371,10.0,5.0,23,124.0,4.945,1.11,us,10.09,1.904,0.129,19
17.7259,-100.5754,47.365,4.0,41,126.0,0.528,0.8,us,5.34,8.033,0.08,42
-6.8296,131.5473,10.0,4.6,15,117.0,2.815,0.59,us,7.52,1.893,0.223,6
48.6505,157.5813,10.0,4.6,89,134.0,4.43,0.82,us,9.06,1.854,0.054,102
6.4483,94.1726,78.481,4.3,25,165.0,3.014,0.91,us,14.16,10.099,0.129,17
-8.1453,118.2472,14.491,4.5,29,71.0,0.822,0.8,us,5.32,2.177,0.14,15
9.4768,-40.6669,10.0,4.4,13,101.0,12.646,0.91,us,10.8,1.946,0.169,10
53.0537,159.6058,72.24,4.7,185,118.0,0.578,0.6,us,9.06,5.71,0.035,250
-17.98,-178.3576,605.504,4.5,70,49.0,2.636,0.83,us,13.37,6.838,0.061,89
43.5958,147.717,35.0,5.1,64,135.0,3.708,0.94,us,11.38,1.925,0.057,100
52.1522,160.744,26.096,4.2,12,124.0,1.547,0.62,us,10.57,6.934,0.146,17
21.5934,143.1209,304.108,4.5,171,124.0,5.544,0.58,us,11.4,7.826,0.043,158
50.7517,-173.1818,10.0,3.8,16,233.0,1.585,0.47,us,6.35,1.967,0.228,5
0.2821,130.1837,20.713,4.3,17,124.0,1.565,0.49,us,11.23,5.886,0.153,12
-23.6315,-179.0609,393.102,4.1,29,116.0,6.45,0.81,us,9.17,7.784,0.117,20
-20.6707,-175.1802,97.824,4.6,17,146.0,5.192,0.39,us,11.85,16.167,0.128,18
-7.3415,122.5971,554.54,4.5,33,57.0,1.334,0.8,us,14.04,4.214,0.15,13
-15.4104,168.0797,10.0,4.7,33,163.0,0.846,0.77,us,4.19,1.898,0.106,27
52.5349,161.0073,10.0,4.4,25,150.0,2.088,0.7,us,9.84,1.928,0.143,14
50.9678,157.1172,87.219,4.2,40,134.0,2.174,0.57,us,13.78,8.776,0.088,36
36.6326,67.8986,10.0,4.3,81,96.0,2.254,0.84,us,4.6,1.888,0.062,79
-41.1978,172.5809,6.692,4.3,38,62.0,0.374,0.59,us,4.98,5.568,0.217,6
51.4573,159.5796,26.191,4.1,25,127.0,1.669,0.9,us,8.74,4.942,0.111,22
44.0197,-128.6624,10.0,4.3,52,185.0,3.346,0.99,us,9.33,1.966,0.082,42
-53.4264,24.8953,10.0,4.4,18,105.0,21.24,0.61,us,14.49,1.923,0.134,16
51.2802,159.4809,10.0,4.4,28,221.0,1.819,1.02,us,8.16,1.965,0.12,20
51.0705,159.9538,10.0,4.0,34,223.0,2.115,0.83,us,10.36,1.983,0.088,36
-18.9533,-69.4163,112.094,4.6,55,102.0,0.621,1.13,us,4.89,2.783,0.078,50
5.5626,-72.1709,10.0,4.3,24,60.0,2.257,0.35,us,6.36,1.926,0.142,14
-1.8823,140.7671,10.0,4.7,64,59.0,0.631,0.56,us,5.72,1.864,0.075,54
-31.7938,-177.9239,10.0,4.4,12,257.0,7.626,0.72,us,15.51,1.997,0.179,9
72.0647,0.9333,10.0,4.3,53,97.0,7.278,0.49,us,9.26,1.922,0.084,40
52.6604,160.6055,48.152,5.6,38,65.0,1.241,0.8,us,10.56,6.868,0.103,33
52.71,160.0361,38.251,4.3,59,107.0,0.897,0.64,us,9.15,7.49,0.055,94
36.1018,70.264,130.177,4.0,28,157.0,1.833,1.15,us,9.42,13.864,0.212,6
43.6603,147.8058,47.63,4.9,113,135.0,3.793,0.41,us,9.8,7.362,0.058,95
52.157,160.4571,10.0,4.6,42,123.0,1.403,0.96,us,9.12,1.87,0.082,44
-7.4895,130.0447,79.197,4.3,25,110.0,2.951,1.15,us,9.63,7.739,0.129,17
-41.2658,-88.2075,10.0,4.6,35,149.0,13.352,0.34,us,14.84,1.688,0.097,32
37.3133,69.7399,17.654,4.5,42,75.0,1.418,0.66,us,5.15,3.526,0.113,23
51.5937,159.4887,37.66,4.3,64,137.0,1.522,0.88,us,10.07,7.5,0.072,60
52.2197,160.2154,46.188,4.5,41,123.0,1.248,1.2,us,10.33,6.422,0.09,36
-0.1296,123.1429,125.43,5.0,99,30.0,0.979,0.92,us,6.29,5.244,0.039,209
51.9405,161.1381,10.0,4.5,53,126.0,1.868,0.73,us,9.56,1.881,0.049,122
-60.4174,-62.4535,10.0,4.9,29,128.0,4.435,0.94,us,7.95,1.765,0.116,23
51.3919,157.5509,61.529,4.6,34,120.0,1.721,0.67,us,10.26,8.292,0.105,27
-4.879,145.3954,156.556,4.6,35,129.0,4.825,0.5,us,10.88,8.312,0.063,75
7.2614,126.9935,77.33,4.9,51,115.0,1.416,0.78,us,9.66,7.455,0.08,49
34.9173,104.5187,10.0,4.3,26,147.0,1.235,0.84,us,8.01,1.916,0.148,13
-1.8439,139.1347,25.691,4.4,40,87.0,1.189,0.78,us,5.62,5.456,0.105,26
53.513,160.8756,35.0,4.1,16,141.0,1.424,0.84,us,8.21,1.982,0.165,10
2.8062,92.2105,10.0,4.4,55,70.0,5.302,0.62,us,7.29,1.709,0.079,46
41.2934,140.6781,138.052,4.1,34,81.0,0.582,0.63,us,8.92,6.202,0.114,21
50.7794,156.963,87.079,4.3,36,138.0,2.376,0.58,us,12.81,7.806,0.107,25
-6.4244,103.6124,35.0,4.7,45,159.0,1.607,0.82,us,7.87,1.946,0.098,32
49.8424,155.9951,74.82,4.5,81,132.0,3.439,0.59,us,6.08,6.8,0.052,110
48.9068,154.6652,67.16,4.1,17,168.0,4.622,0.84,us,10.33,10.831,0.197,7
49.2988,156.5191,10.0,5.7,52,86.0,3.886,0.74,us,10.14,1.867,0.104,33
4.148,126.5326,46.152,4.4,33,73.0,1.2,0.86,us,7.78,6.084,0.12,20
-14.0948,-72.9983,87.557,4.2,15,137.0,4.291,0.55,us,7.09,11.363,0.186,8
-15.7059,-177.5942,432.635,4.0,57,122.0,3.017,0.49,us,15.2,7.652,0.073,50
52.334,160.3121,13.422,4.7,60,122.0,1.225,0.97,us,9.99,5.119,0.061,82
-19.2739,-177.5505,559.03,4.3,72,49.0,4.041,1.01,us,13.24,6.758,0.085,39
-7.2941,102.6093,10.0,4.8,48,71.0,2.796,0.77,us,6.41,1.862,0.088,40
-8.8757,-75.7111,122.573,4.6,52,119.0,3.286,0.54,us,9.77,7.847,0.055,98
50.8744,158.6797,10.0,4.2,39,130.0,2.152,0.63,us,6.95,1.886,0.09,34
40.1,36.0262,10.0,4.4,47,35.0,0.412,0.61,us,2.75,1.868,0.117,21
41.4194,19.5601,10.0,4.2,51,56.0,0.239,0.9,us,2.47,1.888,0.094,32
45.7601,153.9428,10.0,4.2,13,138.0,7.75,0.79,us,7.59,1.947,0.263,4
16.5841,-59.6942,10.0,4.6,60,146.0,1.334,0.65,us,6.69,1.926,0.061,81
48.246,154.4603,81.873,4.5,88,133.0,5.285,0.52,us,10.44,7.419,0.059,83
50.2445,155.5733,128.202,4.2,31,161.0,3.158,0.45,us,13.32,10.038,0.118,23
-49.9573,-113.3065,10.0,4.9,55,113.0,27.794,1.07,us,15.54,1.908,0.078,52
31.528,66.9695,10.0,4.4,56,145.0,3.49,0.7,us,10.64,1.933,0.087,38
39.2754,28.8874,10.0,4.1,31,44.0,1.426,0.77,us,4.13,1.937,0.185,8
52.5535,160.5109,31.366,4.5,66,149.0,1.224,0.97,us,10.89,6.661,0.074,54
-44.3418,-82.2968,10.0,4.7,47,137.0,6.309,0.63,us,11.71,1.903,0.078,49
-23.1093,-177.0071,170.159,4.8,20,172.0,7.066,0.91,us,18.14,5.451,0.135,19
51.4327,158.2852,35.0,5.4,28,122.0,1.609,0.93,us,8.46,1.93,0.162,13
46.6819,152.7237,55.83,4.1,25,136.0,6.843,0.66,us,4.61,8.77,0.12,19
-15.7293,-177.4972,415.82,4.0,16,110.0,3.101,1.14,us,10.59,10.388,0.156,12
82.1015,-5.4329,10.0,4.5,21,81.0,1.675,1.13,us,7.14,1.882,0.192,8
52.2514,157.9536,98.201,4.5,20,134.0,0.872,1.11,us,10.54,4.864,0.14,15
51.3415,159.0757,10.0,4.3,28,219.0,1.705,0.55,us,5.75,1.97,0.122,19
48.8986,156.1015,10.0,4.7,117,136.0,4.334,0.76,us,7.39,1.887,0.055,99
14.8139,54.8332,10.0,4.9,72,97.0,10.111,0.63,us,10.55,1.896,0.072,60
-23.6029,-68.0798,137.382,4.0,22,87.0,0.654,0.58,us,5.43,7.364,0.258,4
52.3669,160.7748,10.0,5.1,151,123.0,1.451,0.73,us,8.2,1.864,0.028,410
15.6626,122.1174,39.471,4.9,72,105.0,7.184,0.63,us,10.3,7.648,0.072,61
-18.7103,-69.2268,127.514,4.0,50,78.0,0.459,1.1,us,5.61,5.87,0.084,40
-31.6489,-71.5992,38.569,4.1,22,176.0,0.661,0.56,us,3.56,10.251,0.214,6
-17.7836,168.0866,42.669,4.3,19,134.0,2.473,0.68,us,7.9,6.986,0.148,13
29.6455,141.9378,30.674,4.0,22,198.0,2.55,0.42,us,13.92,8.552,0.15,13
55.9258,162.6895,46.586,4.1,23,150.0,3.743,0.39,us,8.15,9.932,0.12,19
52.2593,159.0057,68.738,4.3,97,132.0,0.795,0.66,us,5.14,6.524,0.059,85
-9.9894,154.1088,10.0,4.2,11,173.0,10.677,0.34,us,13.72,1.96,0.216,8
27.1384,-44.6813,10.0,4.4,18,153.0,18.136,0.94,us,12.35,1.916,0.179,11
51.5649,159.3577,35.0,5.0,85,134.0,1.524,1.03,us,10.39,1.917,0.036,250
42.4523,-126.315,8.057,4.9,72,162.0,1.463,1.3,us,7.38,5.166,0.048,135
35.4745,140.149,66.626,4.3,37,128.0,1.899,0.74,us,6.92,7.567,0.126,18
-22.413,-68.6547,109.114,4.2,30,57.0,0.693,0.69,us,5.45,5.334,0.115,21
52.5607,158.8308,75.31,4.2,31,133.0,0.476,0.77,us,8.91,6.536,0.107,24
49.4418,157.9298,10.0,4.2,33,136.0,3.615,0.67,us,11.59,1.92,0.108,24
41.0148,142.6678,51.628,4.5,64,134.0,1.065,0.67,us,6.32,7.375,0.071,58
52.1276,160.2459,29.823,4.4,27,124.0,1.324,1.15,us,10.35,6.115,0.112,23
50.2005,157.3356,43.805,4.6,55,120.0,2.921,0.91,us,10.13,6.943,0.045,150
11.937,140.5547,44.764,4.6,127,36.0,4.517,0.6,us,8.31,6.822,0.052,117
51.7982,157.6924,10.0,4.5,18,200.0,1.312,0.53,us,9.07,1.959,0.14,15
-20.8078,-178.6829,587.015,4.3,79,133.0,4.335,0.59,us,13.25,7.733,0.066,71
52.8199,160.5122,11.1,4.3,35,147.0,1.146,0.73,us,9.91,5.807,0.116,21
53.1752,171.4114,44.019,4.2,92,143.0,1.686,0.59,us,10.52,10.404,0.061,75
50.0659,158.467,10.0,4.6,28,111.0,2.964,0.52,us,9.05,1.865,0.126,19
42.0641,-126.2604,10.0,3.5,36,265.0,1.817,0.96,us,10.23,2.02,0.221,5
54.6935,160.2488,10.0,4.0,33,85.0,1.923,0.75,us,9.11,1.901,0.111,22
61.1631,-27.8186,10.0,4.3,29,162.0,4.659,0.78,us,11.63,1.95,0.113,22
27.8628,131.2057,10.0,4.7,30,125.0,2.035,0.85,us,7.24,1.887,0.13,18
27.8464,128.013,10.0,4.6,46,123.0,1.033,0.51,us,7.71,1.912,0.095,33
51.3743,159.5821,10.0,4.2,22,222.0,1.748,0.53,us,8.91,1.973,0.136,15
9.1076,93.8628,10.0,4.3,26,199.0,5.694,0.65,us,13.63,1.962,0.133,16
50.3652,159.5367,10.0,4.2,33,135.0,2.719,0.96,us,12.03,1.92,0.116,21
14.9854,-60.2591,50.845,4.4,31,188.0,0.789,0.5,us,8.24,8.874,0.117,21
-37.7257,176.3594,189.552,4.3,26,142.0,0.68,1.02,us,6.52,5.091,0.125,18
9.7922,-70.8698,10.0,4.4,11,113.0,0.932,1.04,us,8.77,1.969,0.219,6
49.7788,157.0846,35.0,4.7,55,128.0,3.356,0.67,us,11.29,1.917,0.041,179
-17.8225,-179.1344,560.052,4.1,57,136.0,1.958,0.49,us,11.85,7.158,0.077,46
30.3359,138.4046,437.673,4.2,56,67.0,3.02,0.73,us,12.01,7.645,0.046,132
-25.9649,179.6835,508.72,4.9,65,85.0,8.319,0.68,us,12.66,7.55,0.075,56
51.5978,159.6614,35.0,4.3,19,154.0,1.557,0.62,us,8.84,1.918,0.133,16
-57.9159,-25.1758,29.662,5.1,75,69.0,16.582,0.56,us,12.08,4.986,0.071,65
49.3583,155.39,75.832,4.5,65,136.0,4.025,0.69,us,7.82,7.594,0.051,111
2.9435,65.1877,10.0,4.2,16,73.0,12.584,0.59,us,12.9,1.919,0.167,10
-18.6977,-177.9528,627.115,4.4,42,136.0,3.375,0.39,us,11.84,9.888,0.086,39
52.7736,159.7536,62.569,4.3,62,60.0,0.714,0.7,us,6.11,7.171,0.073,53
-56.3082,-25.5974,10.0,4.5,25,103.0,6.542,0.5,us,8.97,1.833,0.124,19
51.1972,159.1672,35.0,4.2,20,138.0,1.857,0.49,us,12.63,1.958,0.159,13
11.6672,141.4627,10.0,4.4,18,132.0,3.834,1.33,us,14.64,1.942,0.178,9
52.0881,161.0854,10.0,4.7,12,191.0,2.304,1.37,us,8.24,1.996,0.174,10
-58.7745,-25.6748,71.668,5.3,77,30.0,7.48,0.62,us,10.95,5.211,0.057,103
-6.7507,131.2933,44.811,5.1,56,36.0,2.61,0.94,us,3.62,5.672,0.085,46
51.3138,159.6768,35.0,5.4,26,217.0,1.825,0.69,us,8.68,1.98,0.12,24
14.0678,145.6921,60.376,4.0,11,114.0,0.931,1.28,us,6.85,6.718,0.258,4
-18.6769,-178.0027,491.982,4.4,32,164.0,3.326,0.29,us,14.42,8.4,0.103,27
-4.617,142.2445,114.529,4.1,14,210.0,2.594,1.23,us,9.72,14.9,0.198,7
-18.301,-67.0377,266.728,4.1,27,112.0,2.258,0.54,us,8.93,8.991,0.12,19
3.9256,95.869,55.638,4.9,75,138.0,1.682,0.67,us,6.81,6.286,0.054,107
53.4351,161.5246,10.0,4.1,31,137.0,1.777,0.74,us,11.09,1.911,0.107,24
13.4747,-89.9009,77.909,4.2,85,151.0,0.441,0.75,us,5.84,6.752,0.051,106
50.0516,157.4532,35.0,5.1,82,102.0,3.065,1.01,us,8.77,1.579,0.023,633
-17.3113,-179.4572,566.458,4.1,23,88.0,1.396,0.58,us,12.13,7.864,0.131,16
-0.0171,-17.3605,10.0,4.5,8,118.0,8.413,0.33,us,14.17,1.95,0.312,3
-12.6917,167.4408,10.0,4.7,58,114.0,2.749,0.5,us,9.16,1.878,0.076,54
73.5227,8.2869,10.0,4.2,23,95.0,5.076,1.02,us,7.33,1.91,0.167,10
51.6288,159.6054,10.0,5.4,40,127.0,1.515,0.46,us,5.08,1.88,0.12,24
-23.7427,-179.8927,500.189,4.0,18,142.0,6.269,0.66,us,19.6,13.691,0.138,15
34.6027,70.7233,10.0,4.2,34,124.0,1.314,0.92,us,8.85,1.911,0.108,24
51.845,159.707,24.111,4.4,62,125.0,1.346,0.48,us,7.89,5.702,0.081,44
-5.932,128.0331,387.735,4.3,53,33.0,2.331,1.03,us,8.16,2.773,0.104,26
44.0626,147.506,35.0,4.5,43,148.0,3.54,0.55,us,10.96,1.954,0.101,29
29.3501,129.3552,10.064,4.5,39,110.0,2.351,0.58,us,7.2,4.792,0.102,28
-57.9449,-25.0351,42.871,4.5,17,119.0,7.377,1.37,us,11.45,8.639,0.139,16
52.7715,161.0444,10.0,4.8,55,120.0,1.472,1.38,us,9.54,1.885,0.052,115
-9.7982,150.5605,10.0,4.4,23,91.0,3.376,0.54,us,9.72,1.897,0.143,15
37.5492,72.2407,205.283,4.1,47,92.0,0.786,0.56,us,7.27,6.293,0.127,17
6.6378,125.059,14.506,4.2,11,135.0,0.671,0.71,us,5.81,5.884,0.2,7
-9.4965,-74.8584,10.0,5.1,61,101.0,3.151,0.55,us,9.15,1.806,0.033,298
-56.5699,-25.8427,35.0,4.9,47,87.0,6.478,1.23,us,12.21,1.938,0.077,53
51.211,158.8515,35.0,4.6,57,129.0,1.819,0.49,us,9.73,1.921,0.105,27
30.2167,51.95,10.0,4.5,55,62.0,6.466,0.68,us,9.66,1.881,0.089,37
51.5809,160.1036,10.0,4.4,18,152.0,1.698,0.71,us,10.16,1.951,0.138,15
-22.4878,-67.7596,160.357,4.3,48,49.0,0.603,0.75,us,7.35,6.112,0.094,32
-7.7588,130.8287,10.0,4.2,17,81.0,5.011,0.89,us,8.41,1.944,0.305,3
37.4432,134.8531,365.359,4.0,60,54.0,2.725,0.55,us,9.46,4.586,0.082,40
-3.841,126.8355,9.962,4.3,22,51.0,4.218,0.83,us,7.18,3.812,0.153,14
-26.3577,-177.6499,10.0,4.4,22,125.0,2.887,0.61,us,12.03,1.891,0.13,17
14.0118,39.7718,10.0,4.5,64,62.0,3.883,0.72,us,9.65,1.906,0.078,48
49.7987,156.9021,35.0,4.4,46,137.0,3.352,0.97,us,12.37,1.938,0.082,44
34.711,32.3738,10.0,4.2,22,161.0,0.826,0.98,us,6.03,1.949,0.141,14
52.6444,160.7219,10.0,4.5,38,119.0,1.313,0.81,us,9.49,1.9,0.118,21
19.1365,145.5853,211.942,4.2,34,146.0,3.879,0.95,us,12.96,9.579,0.1,28
2.7831,95.8988,10.0,4.4,9,133.0,3.023,0.51,us,16.19,1.964,0.269,4
50.3453,158.7601,31.077,4.5,31,142.0,2.683,0.53,us,10.67,6.401,0.11,24
-25.1872,-179.0818,391.864,4.4,42,123.0,10.436,1.04,us,14.97,8.453,0.088,37
49.6544,158.047,24.486,4.4,33,135.0,3.395,1.08,us,8.66,5.577,0.117,21
52.5883,160.7176,10.0,4.2,54,149.0,1.329,0.66,us,9.39,1.938,0.083,41
38.3902,119.3497,10.0,4.5,38,111.0,2.956,0.69,us,6.47,1.875,0.089,37
48.9991,155.5059,35.0,4.4,29,135.0,4.341,0.83,us,11.05,1.905,0.127,18
-16.6068,-69.9776,200.742,4.4,22,112.0,1.087,0.52,us,8.96,7.151,0.179,9
13.8035,120.8927,10.0,4.4,28,104.0,14.169,1.17,us,13.54,1.925,0.123,19
50.3702,158.9085,10.0,4.5,124,71.0,2.662,0.47,us,9.53,1.884,0.053,104
-9.1674,-75.1848,109.6,4.2,17,115.0,3.242,0.48,us,8.72,8.942,0.175,9
-6.1896,142.4347,10.0,4.8,41,99.0,2.995,1.02,us,8.09,1.8,0.069,65
6.8252,127.2307,10.0,4.3,23,107.0,1.658,0.84,us,8.25,1.931,0.142,19
35.5794,58.4298,10.0,4.2,39,174.0,8.613,0.57,us,8.34,1.935,0.085,39
-36.0151,-73.8568,19.688,4.1,30,200.0,1.995,1.23,us,7.46,8.714,0.198,7
19.55,-70.7381,32.016,4.0,43,108.0,0.13,1.28,us,4.18,3.909,0.116,20
-16.2132,-176.1639,382.118,4.3,21,117.0,4.295,0.41,us,15.53,11.304,0.128,17
7.4678,127.198,9.23,4.2,28,70.0,1.654,0.49,us,5.47,4.447,0.128,19
51.4749,160.078,10.0,4.5,35,166.0,1.782,0.68,us,8.72,1.93,0.108,25
52.2702,160.4299,27.061,4.5,58,145.0,1.321,0.72,us,9.75,6.1,0.08,45
52.2373,160.1504,35.0,4.8,52,134.0,1.207,1.04,us,10.84,1.924,0.069,65
41.6929,142.7123,58.888,4.3,38,143.0,0.463,1.31,us,6.32,7.659,0.111,23
49.2785,155.3187,67.254,4.5,41,137.0,4.116,0.46,us,4.23,7.897,0.081,44
-6.3028,146.7093,107.146,4.3,32,126.0,3.114,0.82,us,7.52,8.634,0.105,26
50.3549,159.111,10.0,4.9,68,129.0,2.688,0.95,us,7.17,1.861,0.076,55
57.0469,-33.8463,10.0,4.6,63,119.0,7.242,0.77,us,10.21,1.933,0.075,53
5.9983,125.9874,152.424,4.2,23,183.0,1.139,0.53,us,9.87,7.5,0.147,13
13.8303,145.1054,129.93,3.8,7,172.0,0.332,0.74,us,13.72,6.44,0.255,4
-24.2133,-177.1467,149.568,4.9,37,123.0,7.843,0.89,us,13.38,6.821,0.11,26
52.7659,160.6458,29.518,4.4,28,119.0,1.236,0.68,us,10.26,5.932,0.134,16
-11.2453,118.3198,10.0,4.9,32,105.0,2.461,1.03,us,6.28,1.89,0.101,31
50.0196,157.7816,35.0,4.1,24,186.0,3.057,1.22,us,13.45,1.983,0.139,14
-22.0927,-68.5618,118.442,4.4,50,106.0,0.697,0.75,us,5.58,5.709,0.081,44
-17.5267,168.6638,210.852,5.2,219,69.0,2.498,0.59,us,8.71,6.806,0.04,206
46.2204,153.1124,10.0,5.0,62,126.0,7.507,0.52,us,10.18,1.868,0.056,100
49.5133,155.5075,83.016,4.3,88,135.0,3.853,0.59,us,10.9,7.35,0.058,83
49.1392,156.1917,74.573,4.5,22,183.0,4.086,0.59,us,13.27,9.616,0.15,13
7.7288,127.1648,35.0,4.5,47,108.0,1.704,1.39,us,9.67,1.921,0.085,45
52.957,160.5551,35.0,4.1,17,118.0,1.154,0.61,us,10.99,1.944,0.135,15
-7.1031,101.9285,10.0,4.4,18,163.0,2.91,0.6,us,12.08,1.936,0.161,11
51.4051,158.6277,35.0,4.4,31,134.0,1.621,0.46,us,10.36,1.878,0.112,23
52.0317,161.5645,10.0,4.2,37,138.0,2.039,0.53,us,11.95,1.909,0.103,26
-15.191,167.372,164.589,4.2,20,189.0,6.086,0.9,us,15.82,10.449,0.124,18
-19.3442,169.6929,35.0,4.5,21,100.0,3.871,0.77,us,8.41,1.943,0.163,13
51.3039,159.5142,10.0,4.2,19,189.0,1.803,0.56,us,11.08,1.98,0.159,11
52.2582,160.3396,10.0,5.0,170,117.0,1.283,0.69,us,8.74,1.868,0.043,170
-29.6084,137.5315,10.0,4.1,14,70.0,3.382,0.24,us,4.29,1.972,0.185,11
-59.9236,-25.253,10.0,4.6,31,125.0,14.798,0.71,us,15.28,1.896,0.107,26
3.0436,-31.2907,10.0,4.6,79,48.0,9.942,0.49,us,11.11,1.86,0.066,71
-41.295,-91.3504,10.0,4.3,19,134.0,13.565,0.69,us,10.07,1.878,0.153,12
36.4893,53.2719,10.0,4.0,23,145.0,4.126,0.94,us,9.2,1.959,0.164,11
45.8993,148.1129,183.581,4.5,90,61.0,3.85,0.85,us,9.37,6.991,0.035,247
49.0396,155.733,57.976,4.1,23,170.0,4.258,1.07,us,13.39,10.401,0.151,14
4.0355,95.8857,69.373,4.3,24,158.0,1.589,0.68,us,9.63,8.0,0.154,15
-13.6474,167.108,211.272,4.3,30,90.0,7.375,0.82,us,12.3,6.482,0.113,24
12.1794,-88.1898,35.0,4.4,43,174.0,1.288,0.59,us,9.39,2.002,0.081,44
-6.2163,151.8029,10.0,5.3,80,55.0,2.044,0.55,us,10.28,1.854,0.044,170
53.4072,159.1192,98.093,4.6,34,112.0,0.477,0.84,us,12.3,8.45,0.109,25
-58.3364,-23.3069,10.0,5.0,71,51.0,8.374,0.67,us,10.3,1.795,0.078,52
-18.7756,-177.8364,611.056,4.3,33,122.0,3.51,0.64,us,15.09,10.067,0.102,27
53.0947,160.9131,28.999,4.2,40,134.0,1.368,0.61,us,13.34,6.624,0.099,28
52.8725,159.8745,44.167,4.1,28,118.0,0.756,1.27,us,10.42,8.389,0.105,25
53.0106,160.9939,28.799,4.4,41,172.0,1.416,0.65,us,12.25,7.423,0.086,41
-20.9163,-65.1486,314.573,4.1,32,84.0,3.832,0.56,us,11.06,13.118,0.151,12
-7.1165,114.0577,9.264,4.2,23,70.0,1.348,0.81,us,3.19,4.733,0.152,14
51.5321,159.3331,37.596,4.3,21,137.0,1.551,0.8,us,13.49,8.099,0.154,12
50.6793,159.1171,10.0,4.1,24,187.0,2.365,0.87,us,12.3,1.972,0.124,18
-5.5149,152.9973,10.0,4.3,21,133.0,1.555,0.69,us,12.85,1.909,0.125,18
51.5784,178.4737,76.757,4.0,39,184.0,0.359,0.72,us,5.11,4.446,0.15,12
4.7975,94.7268,39.583,4.6,81,65.0,2.253,0.57,us,8.64,7.009,0.071,59
-5.883,149.3334,99.962,4.8,65,86.0,3.106,0.49,us,7.67,7.212,0.078,54
-19.6435,169.0822,127.736,5.0,47,123.0,3.326,0.61,us,10.62,7.49,0.042,179
50.3111,159.0682,10.0,5.2,97,45.0,2.729,0.81,us,9.15,1.772,0.022,692
52.2899,159.5543,35.0,4.8,82,120.0,0.918,0.88,us,4.09,1.936,0.053,110
54.4103,-163.2564,10.0,4.2,64,147.0,0.368,0.7,us,2.66,1.862,0.082,41
23.9881,122.4865,10.0,4.8,87,73.0,0.676,0.63,us,4.52,1.87,0.065,72
52.1855,160.4443,23.316,4.4,32,123.0,1.911,1.13,us,11.08,6.16,0.112,27
54.5132,-160.2302,35.0,3.9,36,213.0,0.49,1.05,us,5.16,1.935,0.142,13
-24.2075,-67.2333,169.312,4.7,39,66.0,1.521,0.94,us,7.98,7.148,0.121,21
18.8933,145.5241,245.626,4.2,56,93.0,3.641,0.66,us,11.36,7.996,0.078,46
-1.7993,139.1109,22.998,4.9,91,82.0,1.185,0.83,us,6.05,5.271,0.067,71
13.7989,144.8952,125.792,4.4,35,81.0,0.21,0.71,us,9.74,4.731,0.106,26
24.6278,94.8742,109.15,4.4,53,126.0,3.406,0.76,us,9.67,8.81,0.085,40
53.3099,159.2493,19.149,5.1,22,115.0,0.461,0.82,us,5.62,4.745,0.181,10
-24.6283,-175.2678,10.0,4.1,10,134.0,7.423,0.65,us,8.83,1.887,0.234,5
52.2495,160.422,25.376,4.3,25,123.0,1.868,0.99,us,10.14,6.38,0.142,14
50.4253,158.9304,10.0,4.3,24,133.0,2.608,0.64,us,8.05,1.702,0.16,11
-36.0216,179.8197,17.631,4.6,33,158.0,1.96,0.92,us,12.1,5.121,0.116,22
52.4512,160.7626,10.0,4.7,35,104.0,1.407,0.69,us,8.75,1.88,0.114,23
43.5148,148.0085,10.0,4.3,26,156.0,3.873,1.2,us,10.52,1.851,0.16,14
-8.3816,111.8241,147.957,4.5,37,83.0,1.906,0.87,us,6.86,7.375,0.121,24
51.6779,160.0257,10.0,4.4,92,113.0,1.59,0.8,us,8.54,1.862,0.064,70
12.977,-88.8024,66.155,4.2,45,165.0,0.676,0.86,us,10.35,9.522,0.089,35
-17.4239,-179.0828,562.052,4.2,45,122.0,1.754,0.59,us,12.99,8.811,0.087,37
-17.1914,-174.0296,126.222,4.0,16,129.0,3.917,1.0,us,9.27,12.502,0.173,9
78.9742,2.7176,10.0,4.4,51,77.0,1.779,0.38,us,10.13,1.893,0.079,47
52.4967,160.8433,10.0,4.4,18,132.0,1.433,1.17,us,11.94,1.928,0.149,13
43.7287,89.0912,10.0,4.5,58,79.0,4.767,0.87,us,9.12,1.94,0.106,26
51.4693,159.424,35.0,4.3,22,169.0,1.628,0.67,us,11.46,1.974,0.133,16
-0.8249,150.5514,10.0,4.3,16,132.0,3.406,0.58,us,9.52,1.862,0.154,12
-22.901,-68.5169,107.97,4.0,30,56.0,0.316,0.82,us,5.69,5.8,0.232,5
49.8259,155.8697,78.996,4.3,40,137.0,3.48,0.42,us,13.67,8.493,0.104,26
23.1609,123.4658,10.0,4.4,22,129.0,1.365,0.94,us,6.99,1.937,0.19,8
36.2039,36.1124,10.0,4.1,26,127.0,0.857,1.19,us,4.97,1.848,0.303,3
51.959,160.8506,10.0,4.2,34,183.0,1.717,0.44,us,12.8,1.984,0.11,23
-53.742,140.0773,10.0,4.5,15,132.0,19.042,0.45,us,15.35,1.96,0.145,14
35.1749,23.2911,44.106,4.3,64,76.0,2.284,0.61,us,7.82,7.556,0.077,48
51.913,159.416,35.146,4.6,28,131.0,1.207,1.29,us,9.23,7.958,0.116,22
52.2207,160.1556,39.277,4.2,31,123.0,1.22,0.69,us,10.63,7.738,0.103,26
-9.0454,123.9238,84.782,4.3,26,112.0,0.782,1.26,us,8.59,7.124,0.122,19
12.813,125.6655,10.0,4.2,18,133.0,11.861,0.52,us,9.44,1.952,0.146,13
-28.0872,-178.1546,10.0,4.9,52,122.0,1.17,0.68,us,10.56,1.883,0.075,56
52.099,-171.166,35.0,3.6,19,211.0,1.661,0.7,us,7.4,2.006,0.151,11
30.463,140.3523,22.997,4.5,31,122.0,2.684,0.79,us,8.16,5.501,0.156,12
51.4654,159.6286,28.466,5.1,158,116.0,1.672,0.65,us,7.59,4.79,0.037,240
39.2466,28.1006,10.0,4.3,42,39.0,0.946,0.84,us,3.04,1.919,0.111,23
23.9447,121.5836,10.0,5.1,59,69.0,0.228,0.54,us,2.3,1.75,0.044,168
3.0935,-31.4434,10.0,4.5,24,75.0,20.396,0.79,us,12.63,1.896,0.124,19
53.7059,160.6066,43.516,4.2,13,176.0,1.357,0.41,us,12.42,14.876,0.215,6
2.1738,126.7535,59.612,4.1,15,131.0,1.522,1.2,us,7.72,7.14,0.175,9
53.049,159.9976,53.076,4.5,111,132.0,0.814,0.84,us,9.54,6.926,0.054,103
52.2923,160.6074,10.0,5.2,54,144.0,1.399,1.15,us,10.92,1.906,0.047,151
-1.1916,147.5797,10.0,4.4,32,91.0,0.872,0.47,us,6.03,1.901,0.105,26
-16.4962,-177.4278,10.0,4.8,23,124.0,3.072,0.63,us,12.34,1.917,0.131,18
54.2915,158.8893,170.685,4.2,52,91.0,1.279,0.67,us,12.71,9.599,0.079,45
54.5783,-160.4067,13.855,3.8,31,162.0,0.538,1.16,us,4.85,6.11,0.208,6
49.8192,158.423,10.0,4.5,32,135.0,3.212,0.61,us,11.14,1.913,0.11,25
51.3999,159.6505,10.0,4.2,22,128.0,1.739,0.77,us,10.19,1.914,0.132,16
-5.1822,151.4686,133.166,4.0,21,162.0,1.032,0.39,us,11.18,4.437,0.133,16
-32.6051,-178.3589,10.0,4.6,17,212.0,5.65,0.55,us,14.56,1.97,0.164,11
-37.265,177.0706,161.899,4.4,20,123.0,1.028,1.0,us,8.79,7.97,0.178,9
41.1224,143.0732,33.402,4.2,31,154.0,0.894,0.95,us,6.75,7.086,0.128,17
-19.0185,-177.4555,627.268,4.3,33,142.0,3.941,0.74,us,18.48,12.142,0.091,38
51.223,159.4815,10.0,4.5,29,176.0,1.875,0.82,us,9.62,1.942,0.115,22
51.5614,159.0909,35.0,4.1,45,127.0,1.489,0.9,us,10.33,1.936,0.086,39
36.6364,36.4572,10.0,4.1,37,93.0,0.681,1.01,us,4.68,1.946,0.174,9
-31.262,-176.8567,10.0,4.6,26,133.0,8.908,0.8,us,14.76,1.941,0.111,24
53.3261,160.5689,54.316,4.3,38,164.0,1.194,1.06,us,12.76,8.36,0.108,24
-26.7074,-175.8669,10.0,4.9,46,107.0,9.36,0.63,us,12.57,1.866,0.083,45
52.5041,158.7499,92.733,4.4,71,130.0,0.879,0.62,us,9.24,6.677,0.066,70
39.5659,143.0305,34.797,4.1,17,198.0,1.94,0.9,us,9.57,4.962,0.198,8
13.0045,145.5948,10.0,4.7,66,98.0,0.915,0.64,us,6.03,1.807,0.076,53
5.6861,-77.8684,10.0,4.2,17,124.0,2.38,1.3,us,6.56,1.789,0.136,15
15.3857,120.1378,64.159,4.9,163,73.0,7.446,0.73,us,9.97,6.392,0.045,155
11.2535,124.1286,10.0,4.6,60,82.0,4.397,0.69,us,11.79,1.882,0.066,69
-47.8453,115.8899,10.0,4.7,35,58.0,14.936,0.73,us,12.1,1.896,0.093,35
16.4815,-59.454,10.0,4.6,31,188.0,1.547,0.77,us,8.01,1.949,0.146,14
0.8435,126.7572,71.965,4.2,14,126.0,0.613,0.89,us,10.64,9.554,0.186,8
52.263,160.126,32.103,4.4,36,123.0,1.179,0.52,us,7.93,5.667,0.097,31
37.4794,72.3715,210.974,4.2,26,257.0,0.837,0.61,us,11.21,9.06,0.215,6
37.6763,141.7939,61.973,4.3,15,161.0,3.081,0.36,us,8.64,10.481,0.237,5
3.1981,127.0838,35.0,4.4,20,105.0,2.211,0.59,us,8.43,1.801,0.154,13
-4.7353,122.6392,10.0,4.3,25,61.0,0.202,1.13,us,6.18,1.804,0.154,12
29.3458,129.4924,12.131,4.6,55,112.0,2.31,0.44,us,8.0,4.459,0.085,41
-5.9522,146.9104,102.019,4.2,18,126.0,3.439,0.75,us,10.07,9.437,0.158,12
53.2307,160.8716,35.0,4.7,76,116.0,1.355,0.63,us,9.73,1.907,0.06,83
2.5068,125.8306,128.173,4.2,26,62.0,2.239,0.49,us,9.92,7.508,0.125,18
-3.4699,135.347,77.726,4.3,24,68.0,1.09,1.2,us,7.67,6.336,0.132,16
0.6359,120.6222,20.408,4.4,24,97.0,2.962,1.25,us,7.4,6.232,0.149,13
53.0707,159.9801,51.152,4.6,49,117.0,0.804,0.94,us,10.08,7.676,0.066,68
13.8229,-90.9285,69.462,4.5,90,107.0,0.819,0.64,us,7.9,6.789,0.047,134
-50.309,134.899,10.0,4.5,19,133.0,14.822,0.48,us,16.13,1.945,0.131,17
39.4639,142.7562,35.0,4.8,65,128.0,1.853,0.85,us,7.39,1.909,0.051,121
50.172,158.1827,10.0,4.3,27,138.0,2.87,0.45,us,8.42,1.82,0.142,14
5.5943,126.3364,57.556,4.3,19,178.0,1.209,0.49,us,11.02,10.491,0.16,12
51.6325,159.969,25.971,4.5,35,127.0,2.03,0.8,us,9.91,6.015,0.099,30
-1.5529,-77.7537,181.434,4.1,40,63.0,0.277,0.65,us,8.87,4.766,0.105,25
39.5935,143.3965,10.0,4.6,106,120.0,2.149,0.48,us,7.19,1.872,0.057,91
51.4638,176.9412,35.0,3.5,23,214.0,1.091,0.72,us,7.51,2.013,0.221,5
33.8177,141.5992,10.0,4.5,27,137.0,1.649,0.38,us,7.94,1.904,0.131,17
51.098,158.1973,45.839,4.4,36,125.0,1.948,0.58,us,8.74,8.031,0.11,24
21.2716,99.6496,12.1,4.4,49,87.0,0.057,0.46,us,6.86,3.725,0.093,37
39.9357,113.5049,10.0,4.3,47,71.0,2.051,0.55,us,8.3,1.851,0.087,37
-24.1137,-66.7998,198.342,4.3,40,62.0,1.714,0.76,us,8.23,6.922,0.148,13
50.4134,159.0824,10.0,4.8,57,133.0,2.628,1.33,us,8.78,1.888,0.087,41
-3.8974,136.8548,138.225,4.3,26,69.0,1.974,0.38,us,3.58,7.382,0.114,22
-20.238,-177.7084,505.13,4.5,55,72.0,4.656,0.65,us,13.48,6.461,0.067,66
51.2005,157.2175,87.431,4.1,30,134.0,1.934,0.7,us,11.68,8.125,0.12,19
-7.8025,118.8538,38.505,5.0,77,33.0,1.474,0.84,us,5.91,4.599,0.074,63
38.2331,103.8304,10.0,4.7,178,74.0,2.275,0.64,us,8.1,1.828,0.04,190
51.0664,157.2636,80.229,4.6,130,135.0,2.063,0.65,us,5.05,6.551,0.05,118
-48.9779,121.8177,10.0,4.1,15,110.0,22.659,0.54,us,12.54,1.928,0.139,14
9.3808,93.9854,10.0,4.7,55,50.0,5.064,0.9,us,10.31,1.869,0.086,41
-58.9949,-25.6535,35.0,4.3,22,88.0,19.205,0.59,us,14.49,1.954,0.114,22
-23.0494,-175.2251,10.0,4.3,17,159.0,6.63,0.51,us,14.27,1.958,0.142,14
37.3791,137.0576,10.329,4.5,30,82.0,1.239,0.54,us,6.34,4.665,0.132,19
53.5914,160.2386,57.417,4.3,21,160.0,1.11,1.03,us,12.6,7.688,0.133,16
38.3638,-26.6536,11.492,4.5,27,102.0,1.074,1.14,us,9.93,4.686,0.131,17
-9.5456,107.0754,10.0,4.4,46,67.0,1.635,0.8,us,5.87,1.865,0.092,34
-22.5416,-68.7556,111.176,4.3,18,68.0,0.671,0.78,us,4.86,6.456,0.238,5
50.3926,158.2487,33.987,4.8,95,132.0,2.646,0.58,us,8.45,5.268,0.045,155
52.1725,160.7874,10.0,5.0,35,124.0,1.558,0.88,us,7.66,1.891,0.08,50
19.4393,-109.1231,10.0,4.2,83,129.0,1.826,0.8,us,8.65,1.944,0.048,123
-11.8328,166.6422,181.077,4.5,21,146.0,3.634,0.77,us,13.83,8.805,0.14,19
2.2866,96.2234,23.205,4.2,19,188.0,1.667,0.38,us,8.78,6.668,0.176,9
51.2911,159.8501,10.0,4.5,27,148.0,1.886,0.65,us,9.59,1.947,0.131,17
16.5838,-100.7307,10.0,4.3,69,196.0,0.688,1.18,us,5.57,1.922,0.047,128
-53.2194,140.1271,10.0,4.6,21,139.0,11.375,0.66,us,10.15,1.932,0.125,20
35.7618,140.0357,85.358,4.6,56,121.0,1.671,0.82,us,6.34,6.506,0.074,55
24.7905,95.4782,191.422,4.8,77,53.0,3.605,0.57,us,8.16,6.283,0.069,65
22.304,94.5958,108.963,4.7,90,51.0,4.332,0.72,us,10.34,7.648,0.06,84
-31.7545,-178.5643,35.0,4.9,47,92.0,2.561,1.0,us,9.45,1.858,0.1,35
38.0069,20.1919,51.068,4.2,24,125.0,1.606,0.88,us,6.34,11.571,0.176,11
48.9678,156.1093,10.0,4.6,59,172.0,4.265,0.55,us,9.74,1.936,0.061,81
-0.8451,121.9119,10.0,4.5,38,57.0,0.881,0.98,us,5.56,1.889,0.112,23
51.2325,158.4987,35.0,4.2,22,125.0,1.796,1.12,us,9.4,1.947,0.167,12
43.469,147.5281,41.217,5.1,168,100.0,3.632,0.55,us,9.48,5.582,0.044,168
3.2525,126.2225,50.714,4.5,30,58.0,1.647,0.57,us,7.18,8.49,0.125,19
52.6221,161.0414,10.0,4.8,34,121.0,1.506,0.83,us,10.25,1.913,0.103,29
52.3484,158.578,51.087,4.3,25,173.0,0.677,0.78,us,10.42,9.54,0.129,17
-23.4451,179.9704,559.83,4.3,52,89.0,5.949,0.44,us,14.18,5.737,0.1,28
-3.1926,146.9392,10.0,4.1,23,77.0,1.219,0.79,us,6.98,1.899,0.14,14
49.4078,156.0024,35.787,4.3,26,182.0,10.606,0.56,us,14.78,10.777,0.129,18
-0.0936,123.2974,146.886,4.4,59,69.0,1.079,1.17,us,7.81,7.029,0.077,48
53.9219,-164.5049,18.727,3.4,32,154.0,0.586,0.39,us,3.96,6.888,0.201,6
52.1947,160.4111,10.0,4.3,41,152.0,1.357,0.88,us,9.81,1.932,0.097,30
27.4166,52.5515,10.0,4.4,62,82.0,4.102,0.38,us,4.92,1.895,0.071,57
-3.3861,143.6125,10.0,4.4,28,142.0,3.032,1.39,us,7.19,1.808,0.12,20
-0.1008,123.016,82.215,4.2,26,79.0,0.966,0.65,us,7.17,6.962,0.166,11
-16.1285,-172.9926,10.0,3.9,13,74.0,2.498,0.87,us,4.72,1.942,0.296,3
-26.2091,178.7099,575.919,4.8,43,131.0,9.703,0.72,us,15.09,7.426,0.069,65
24.6729,94.8973,10.0,4.4,31,124.0,3.451,0.6,us,10.25,1.914,0.12,20
52.1637,159.0157,61.099,4.1,36,162.0,0.889,0.59,us,9.4,7.804,0.103,26
-21.1656,-70.7395,20.585,4.2,23,198.0,0.647,1.09,us,5.19,7.269,0.187,8
-28.4916,-177.4295,10.0,4.6,25,138.0,11.118,1.0,us,14.75,1.863,0.122,20
13.6053,-89.9185,73.771,4.4,37,167.0,0.324,0.94,us,6.55,5.271,0.051,113
34.4855,139.4665,10.0,4.4,25,130.0,1.397,0.72,us,4.43,1.899,0.162,11
-59.3722,-61.7089,10.0,4.4,14,120.0,5.532,0.3,us,8.25,1.907,0.169,10
51.9687,159.7249,35.0,4.2,49,234.0,1.244,0.51,us,5.58,2.014,0.075,50
-9.8482,119.4386,43.699,4.2,24,79.0,0.865,1.08,us,6.79,12.57,0.176,9
52.8311,159.6597,68.279,4.7,131,130.0,0.641,0.64,us,9.91,6.611,0.051,115
-20.1773,-177.8674,561.946,4.2,29,136.0,4.519,0.57,us,15.82,12.09,0.106,27
50.9723,159.3056,10.0,4.4,15,251.0,2.358,0.29,us,14.38,1.991,0.17,10
15.4713,-93.09,106.866,4.2,20,163.0,0.898,0.68,us,6.2,6.754,0.374,2
-58.8007,-25.4875,29.994,5.5,63,33.0,7.576,0.86,us,9.88,5.042,0.052,126
-23.9499,-66.9871,173.069,4.5,21,77.0,1.478,0.94,us,7.69,8.482,0.14,15
49.9908,157.3473,10.0,5.2,222,106.0,3.13,0.6,us,9.99,1.788,0.041,197
34.0534,48.1937,10.0,4.3,32,106.0,2.3,0.63,us,11.41,1.927,0.098,30
7.2686,126.7211,68.117,5.3,34,107.0,1.15,0.82,us,10.38,5.256,0.104,31
-4.9949,133.5001,10.0,4.3,15,80.0,2.41,0.49,us,7.15,1.919,0.2,7
-9.1045,125.715,10.0,4.4,21,105.0,1.568,1.12,us,7.57,1.912,0.143,15
51.4217,16.2483,5.0,4.5,67,47.0,1.074,0.93,us,4.12,1.88,0.091,38
35.4394,6.4989,10.0,4.5,38,151.0,2.339,0.99,us,7.76,1.902,0.106,26
50.1857,156.7908,53.295,4.3,39,135.0,2.981,0.51,us,13.46,8.463,0.104,26
21.0837,121.9257,10.0,4.8,117,78.0,1.896,0.73,us,2.31,1.839,0.049,127
52.8085,160.8139,10.0,4.3,44,119.0,1.328,0.92,us,9.91,1.898,0.093,33
-4.5045,152.2189,104.384,4.2,48,117.0,0.316,1.12,us,10.84,5.553,0.089,35
52.3254,160.6254,10.0,5.4,91,113.0,1.391,0.81,us,8.88,1.868,0.021,767
51.6086,160.0359,10.0,4.3,16,137.0,1.653,1.06,us,9.25,1.706,0.148,13
51.8774,160.1431,43.871,4.8,46,135.0,1.467,1.12,us,9.13,6.752,0.067,69
39.4343,143.4837,10.0,4.5,20,179.0,2.296,1.25,us,9.31,1.953,0.172,10
-24.5497,-68.1048,135.332,4.2,23,78.0,1.481,0.46,us,6.73,7.725,0.153,12
50.5109,157.7844,35.0,4.7,60,131.0,2.573,0.68,us,9.27,1.924,0.038,209
-23.3907,-175.4457,36.768,5.0,52,108.0,6.254,0.94,us,9.79,5.818,0.063,80
-6.5238,35.807,10.0,4.2,18,86.0,4.699,0.47,us,10.48,1.941,0.167,10
52.273,160.0847,35.0,4.2,22,162.0,1.153,0.74,us,9.18,1.956,0.159,11
52.9902,161.0303,10.0,4.5,50,172.0,1.439,0.64,us,10.07,1.881,0.057,89
-10.9536,165.5544,10.0,4.1,17,142.0,4.746,1.07,us,8.91,1.681,0.166,11
52.9716,161.1278,10.0,4.3,19,187.0,1.498,1.32,us,7.9,1.988,0.154,12
-47.7943,115.8814,10.0,4.5,17,128.0,14.885,0.67,us,9.59,1.921,0.144,14
52.7024,160.2014,25.076,4.8,132,119.0,0.994,0.49,us,9.87,5.367,0.036,239
26.9287,58.6818,10.0,4.1,21,184.0,2.979,0.85,us,9.69,1.95,0.114,21
32.25,142.1296,10.0,4.6,53,138.0,2.135,0.82,us,6.83,1.842,0.093,34
28.6735,76.6889,10.0,4.5,75,101.0,7.627,0.77,us,9.86,1.894,0.069,62
29.3883,129.4888,10.0,4.3,36,114.0,6.847,0.78,us,11.37,1.82,0.097,30
50.2502,-173.2148,10.0,3.8,83,201.0,2.049,1.21,us,9.23,1.984,0.085,36
-0.1668,99.3304,65.856,5.2,167,87.0,4.917,0.8,us,8.28,6.671,0.037,240
-47.7754,116.1502,10.0,4.1,12,159.0,14.854,0.73,us,12.63,1.9,0.158,11
51.912,159.6371,61.6,4.4,61,138.0,1.266,0.58,us,8.68,5.192,0.077,49
52.0669,159.1758,55.85,4.1,49,134.0,1.01,0.64,us,10.48,7.647,0.075,49
26.5855,129.5422,10.0,4.1,18,91.0,1.163,0.68,us,4.44,1.784,0.158,11
52.5503,160.7051,10.0,4.4,83,153.0,1.335,0.69,us,9.74,1.924,0.056,92
11.2197,124.411,10.0,4.3,26,134.0,4.282,1.17,us,13.76,1.921,0.133,17
-27.997,-178.0361,10.0,4.5,19,126.0,1.247,0.94,us,11.73,1.93,0.15,15
-9.6243,121.9113,74.7,4.1,24,73.0,1.034,0.61,us,6.18,7.549,0.12,24
30.0712,69.8249,10.0,4.4,28,200.0,8.51,0.68,us,14.33,1.947,0.114,22
9.0575,93.7358,10.0,4.3,23,179.0,5.815,1.09,us,9.03,1.868,0.154,13
51.2399,159.3285,35.0,4.2,20,168.0,2.123,1.0,us,6.12,1.968,0.146,13
49.4228,157.9117,10.0,4.4,83,122.0,3.635,0.8,us,8.9,1.885,0.064,71
-54.6475,158.6203,10.0,4.6,22,128.0,0.239,0.85,us,6.41,1.947,0.141,15
-18.138,-178.3419,547.928,4.2,34,122.0,2.739,0.78,us,14.52,9.173,0.105,25
-51.3994,-75.3811,18.674,4.3,15,177.0,2.766,0.92,us,10.84,6.11,0.177,9
29.2721,129.5069,10.0,4.5,43,111.0,2.375,0.99,us,7.16,1.914,0.104,27
-18.6886,-177.825,472.115,4.5,41,84.0,3.463,0.52,us,9.79,8.408,0.108,25
48.9197,156.3752,10.0,5.1,120,96.0,4.276,0.67,us,6.65,1.73,0.035,263
5.74,126.1967,132.625,4.4,33,107.0,1.23,0.7,us,7.62,7.193,0.094,35
50.9353,158.3634,39.451,4.7,31,137.0,2.099,0.73,us,12.17,7.384,0.104,28
-17.9545,-178.5432,567.976,4.5,24,113.0,2.477,0.59,us,19.7,17.696,0.121,20
-5.2422,151.7219,78.563,5.0,56,86.0,1.133,0.56,us,8.81,5.591,0.07,64
6.3591,127.1905,10.0,4.0,17,130.0,1.749,0.73,us,10.63,1.934,0.143,13
-16.0765,-172.1508,10.0,4.7,27,125.0,2.185,0.6,us,10.32,1.899,0.106,27
5.1217,125.5639,10.0,4.3,21,131.0,0.395,1.14,us,7.16,1.906,0.137,15
49.5224,156.432,35.0,4.7,50,178.0,3.772,0.59,us,10.49,1.959,0.093,35
53.163,161.1998,28.18,4.0,13,177.0,1.544,0.95,us,12.95,4.486,0.195,7
36.5032,70.7409,210.52,4.0,36,88.0,2.278,0.57,us,7.87,8.772,0.119,19
-48.8913,-8.8268,10.0,4.6,21,101.0,23.021,0.84,us,14.31,1.939,0.117,22
6.2537,126.4654,87.411,4.4,52,112.0,1.197,0.59,us,7.62,7.415,0.086,39
-16.3302,167.2356,19.584,4.9,36,143.0,0.879,0.62,us,9.87,5.202,0.096,34
29.9971,131.046,36.263,4.4,24,135.0,1.591,0.53,us,8.23,8.378,0.155,12
49.4716,155.5842,78.223,4.3,51,135.0,3.876,0.55,us,10.85,7.701,0.068,62
51.3829,158.8963,31.504,4.3,24,137.0,1.65,0.91,us,11.46,6.463,0.137,18
-24.2984,-67.1417,143.356,4.2,42,47.0,1.643,0.84,us,8.26,7.809,0.152,12
53.1746,161.1326,36.105,4.3,13,177.0,1.505,1.06,us,15.62,12.769,0.178,9
6.4774,126.1084,84.568,4.5,39,112.0,0.789,0.58,us,9.73,6.592,0.09,36
50.9774,158.4049,35.0,4.8,194,107.0,2.055,0.6,us,6.15,1.884,0.041,179
43.406,147.8202,52.276,4.2,28,206.0,3.707,0.77,us,12.88,11.178,0.124,18
52.2835,160.6646,23.152,4.0,21,152.0,1.434,0.48,us,9.66,7.068,0.196,9
37.992,22.1357,10.0,4.3,16,99.0,0.829,0.91,us,4.05,1.956,0.217,6
51.6744,159.7699,10.0,4.6,34,229.0,1.516,0.69,us,12.59,1.947,0.089,38
13.1257,-91.0028,10.0,4.4,48,194.0,1.418,1.08,us,8.91,1.95,0.038,205
57.3297,-32.9584,10.0,4.5,25,112.0,9.321,0.58,us,12.6,1.922,0.121,20
41.3365,142.8344,52.931,4.6,98,134.0,0.72,0.68,us,8.1,5.06,0.054,101
-18.1853,167.9304,25.671,4.5,13,180.0,2.811,0.68,us,9.93,11.044,0.192,8
-5.0736,153.4977,40.702,4.2,25,102.0,1.593,0.33,us,9.71,7.977,0.132,16
50.1074,158.717,10.0,4.8,43,110.0,2.92,0.85,us,9.44,1.482,0.088,40
52.497,160.7237,10.0,5.4,144,108.0,1.366,0.93,us,7.98,1.832,0.024,611
-9.5362,113.7626,43.886,4.3,22,137.0,1.127,0.84,us,8.94,9.06,0.138,15
50.3392,158.5233,21.723,4.3,33,132.0,2.689,0.32,us,9.27,4.77,0.111,23
30.8371,99.9943,10.0,4.5,46,109.0,5.97,0.64,us,8.93,1.902,0.098,31
-30.7593,-177.8487,49.896,4.5,20,114.0,1.494,0.95,us,11.64,9.38,0.135,16
50.1538,157.9433,10.0,5.2,122,125.0,2.907,0.72,us,8.3,1.878,0.055,111
-8.0721,-74.4637,165.292,4.4,66,109.0,1.775,0.62,us,9.89,7.892,0.063,73
7.3513,127.4086,10.0,4.9,38,60.0,1.837,0.76,us,7.13,1.88,0.098,33
-18.885,-173.018,10.0,4.6,13,103.0,2.931,0.52,us,11.94,1.458,0.164,11
39.395,143.1701,10.0,4.6,99,134.0,2.133,0.82,us,7.14,1.886,0.062,79
-33.6417,-179.3442,35.0,4.6,19,162.0,4.355,0.65,us,9.83,1.967,0.146,14
52.3794,160.0307,51.821,4.7,47,134.0,1.059,0.69,us,8.51,6.842,0.085,42
52.3102,160.6634,10.0,4.8,113,80.0,1.419,0.63,us,8.46,1.858,0.039,208
-20.68,-178.7574,607.093,4.2,25,134.0,4.196,0.46,us,14.66,8.616,0.118,20
73.3425,6.6241,10.0,4.3,31,65.0,5.413,1.02,us,8.6,1.93,0.138,16
52.6478,161.157,10.0,4.1,31,166.0,1.567,0.74,us,12.79,1.957,0.117,20
34.088,141.1207,37.664,4.1,20,142.0,1.46,0.48,us,7.88,9.124,0.234,7
52.7724,160.8405,10.0,4.6,59,172.0,1.351,0.82,us,9.29,1.772,0.077,51
-20.0073,-177.8381,576.483,4.1,37,194.0,4.4,0.75,us,15.98,12.148,0.085,38
-18.7187,-174.7279,87.54,4.7,71,54.0,4.559,0.52,us,11.0,3.383,0.06,85
-2.8309,130.0069,10.0,4.3,14,122.0,1.683,0.67,us,7.44,1.914,0.202,7
51.7948,159.5325,35.0,4.6,41,163.0,19.064,0.87,us,11.43,1.922,0.095,33
51.5465,16.2354,5.0,4.3,54,43.0,1.199,0.81,us,4.37,1.884,0.087,37
50.1171,158.5604,18.252,4.2,19,134.0,2.911,0.5,us,12.26,5.574,0.159,11
-29.2171,-179.1095,345.018,4.1,33,101.0,1.032,0.57,us,13.11,8.304,0.103,26
39.3225,143.975,10.0,4.1,17,152.0,2.671,0.71,us,10.08,1.954,0.197,7
-31.0509,-72.6317,10.0,4.4,31,146.0,0.936,0.77,us,4.66,1.517,0.203,7
51.3484,159.7882,13.223,4.6,82,128.0,2.181,0.88,us,8.86,4.936,0.067,67
36.1931,140.8548,51.079,4.1,20,135.0,2.164,0.63,us,6.76,12.067,0.214,6
51.4898,159.6164,28.205,4.9,89,134.0,1.647,0.8,us,11.15,5.865,0.05,127
-11.9776,166.3038,58.458,4.3,20,145.0,3.558,0.52,us,11.87,9.12,0.142,15
3.4096,-31.4775,10.0,4.5,29,81.0,10.183,0.75,us,12.35,1.815,0.115,24
-32.9642,-178.826,33.61,5.0,28,123.0,5.152,1.05,us,12.31,7.178,0.115,24
-24.2547,-175.9875,10.0,5.4,95,74.0,7.635,0.87,us,11.82,1.798,0.056,109
52.4202,159.9964,35.0,4.4,63,131.0,1.018,0.88,us,10.9,1.934,0.065,69
-6.2751,129.0844,234.262,4.5,67,53.0,4.589,0.55,us,8.57,7.539,0.084,41
41.0788,142.8297,42.891,4.1,17,153.0,0.967,0.54,us,7.46,9.248,0.174,9
51.2241,159.1106,43.286,4.2,15,221.0,1.824,1.01,us,4.5,8.895,0.216,6
49.9781,158.6493,10.0,4.1,22,135.0,3.05,0.56,us,10.36,1.924,0.145,13
49.2129,157.8451,10.0,4.3,22,137.0,3.849,0.48,us,12.31,1.919,0.153,12
51.8742,160.3698,10.0,4.2,16,192.0,1.56,0.88,us,11.08,1.976,0.166,10
-47.7426,115.921,10.0,4.1,18,142.0,14.832,1.01,us,15.5,1.947,0.14,15
49.0208,155.2144,60.603,4.4,46,135.0,4.382,0.66,us,11.51,7.675,0.087,38
-3.802,101.8076,58.101,4.8,90,89.0,1.272,0.56,us,7.31,7.344,0.064,75
28.4389,53.1078,10.0,4.0,16,168.0,4.447,1.0,us,9.29,1.971,0.144,13
26.3136,92.7974,35.0,4.3,43,146.0,3.685,0.64,us,9.54,1.94,0.103,27
8.448,127.6638,10.0,4.6,47,127.0,2.478,0.73,us,8.31,1.893,0.093,34
9.0054,-83.9276,25.007,4.7,56,137.0,0.735,0.84,us,8.02,6.142,0.08,47
-7.2367,129.594,126.655,4.3,19,118.0,5.038,0.74,us,11.05,9.832,0.133,16
36.1881,69.0821,10.0,4.7,97,56.0,1.67,0.97,us,6.63,1.859,0.061,82
53.4673,-165.899,51.702,3.6,44,163.0,0.523,1.19,us,5.26,8.326,0.167,10
-53.5331,24.905,10.0,4.5,18,105.0,21.346,0.45,us,12.07,1.915,0.132,17
50.6711,157.8204,35.0,4.9,58,93.0,2.411,0.85,us,4.38,1.891,0.055,104
-9.8236,109.6451,35.0,4.5,36,90.0,2.867,1.26,us,7.1,1.928,0.103,28
13.7314,-90.3793,78.589,4.6,67,122.0,0.607,0.96,us,8.63,7.475,0.072,58
-31.2502,-178.2403,35.0,4.6,16,180.0,6.912,0.74,us,13.57,1.875,0.137,16
52.8908,160.9803,24.304,4.4,64,162.0,1.416,0.48,us,11.74,6.959,0.074,52
13.0065,123.8456,123.213,4.4,22,128.0,24.561,0.61,us,13.77,7.042,0.13,17
37.133,136.4925,10.0,4.4,28,62.0,1.493,0.91,us,7.33,1.865,0.092,35
-3.8162,128.351,157.936,4.3,20,64.0,3.992,0.56,us,9.77,10.491,0.202,8
13.9504,-91.2257,62.751,4.0,33,192.0,1.281,0.67,us,7.56,11.403,0.111,22
-30.4077,-177.7535,35.0,4.2,19,222.0,7.849,0.8,us,13.65,1.99,0.132,18
61.0366,-60.3505,10.0,4.2,25,115.0,4.682,1.32,us,8.43,1.949,0.124,18
50.3943,158.1563,10.0,4.8,67,127.0,2.651,0.74,us,6.79,1.874,0.053,110
-60.9605,-38.8132,10.0,4.9,32,70.0,6.81,0.96,us,10.43,1.909,0.102,30
-35.6119,-179.602,10.0,4.4,20,226.0,2.573,1.25,us,10.39,1.921,0.144,14
50.1135,159.7547,44.95,4.4,25,153.0,2.994,0.79,us,12.67,9.061,0.084,41
52.4631,160.594,35.0,4.5,32,214.0,1.308,1.15,us,12.35,1.989,0.116,22
-17.6371,-175.1886,272.933,4.3,36,73.0,4.949,0.49,us,12.3,8.458,0.102,27
51.4632,159.3405,35.0,4.2,27,193.0,1.619,0.78,us,11.93,1.989,0.128,17
50.5179,157.9788,29.165,4.3,34,131.0,2.544,0.95,us,10.15,6.188,0.099,29
51.586,159.6857,10.0,4.3,29,127.0,1.574,1.17,us,8.88,1.905,0.134,20
51.6685,160.0534,10.0,4.5,18,161.0,1.607,0.78,us,10.1,1.96,0.144,14
-47.9051,116.1308,10.0,4.5,19,97.0,14.984,0.78,us,13.93,1.874,0.131,17
27.8174,56.7028,10.0,4.4,55,76.0,2.895,0.62,us,9.3,1.89,0.079,46
49.9757,159.476,10.0,4.3,27,137.0,3.095,0.63,us,6.87,1.838,0.119,20
52.7644,160.489,35.0,4.1,25,119.0,1.144,0.34,us,8.14,1.862,0.114,21
52.9388,161.4143,10.0,5.0,121,114.0,1.674,0.54,us,10.23,1.888,0.051,121
-31.0622,-178.6733,117.329,4.6,31,129.0,1.922,0.81,us,13.93,8.706,0.102,29
16.3711,-59.5654,10.0,4.3,43,165.0,1.433,1.05,us,8.93,1.942,0.122,19
23.8578,121.8828,15.621,4.5,40,72.0,0.41,1.16,us,2.71,3.859,0.1,29
-52.9705,-45.2026,10.0,4.4,16,110.0,5.351,0.71,us,9.04,1.776,0.155,14
40.7378,143.859,10.0,4.3,31,134.0,2.123,0.69,us,8.2,1.913,0.138,15
52.5492,160.6448,10.0,4.1,25,205.0,1.301,0.38,us,11.49,1.979,0.102,26
49.472,155.8322,49.228,4.2,29,133.0,3.825,0.76,us,13.7,8.857,0.132,16
2.5713,96.0048,10.0,4.9,57,104.0,2.802,0.87,us,8.6,1.769,0.069,65
51.3461,158.9338,42.251,4.2,20,138.0,1.689,1.36,us,13.86,8.481,0.146,13
52.0922,161.4827,10.0,4.4,59,125.0,2.522,0.55,us,10.29,1.911,0.078,48
-15.9102,167.3193,16.121,4.4,59,112.0,0.474,0.51,us,9.86,5.058,0.078,51
-20.1512,-174.1952,17.325,4.9,54,123.0,6.623,0.82,us,13.54,5.043,0.049,132
-5.669,-11.5504,10.0,4.6,31,96.0,3.583,0.58,us,6.33,1.88,0.103,28
52.3232,158.5801,89.371,4.6,36,122.0,0.703,1.3,us,11.01,7.364,0.099,30
58.9973,-30.7819,10.0,4.5,76,52.0,7.291,0.46,us,9.14,1.89,0.069,61
51.4463,159.9316,10.0,4.3,23,128.0,1.765,0.87,us,9.11,1.94,0.134,16
-35.0456,-178.4819,10.0,4.5,16,222.0,3.61,0.58,us,11.58,1.984,0.192,8
51.3075,159.2253,52.424,4.5,14,241.0,1.755,1.01,us,12.94,10.18,0.192,8
51.4621,159.733,10.0,4.7,47,127.0,1.7,1.28,us,9.34,1.887,0.072,59
-18.1195,168.153,130.623,4.0,15,186.0,4.322,0.67,us,10.31,11.162,0.173,9
-11.3415,118.5182,10.0,4.4,17,123.0,2.413,1.1,us,7.0,1.91,0.154,13
-13.2588,167.1734,206.16,4.8,35,158.0,2.175,0.65,us,15.25,6.997,0.114,24
52.7673,161.1458,35.0,4.4,22,188.0,1.534,0.85,us,13.79,1.982,0.117,21
-12.4485,167.0104,230.059,4.3,49,90.0,2.986,0.82,us,11.87,8.616,0.083,41
52.5616,160.7597,10.0,4.5,56,116.0,1.362,0.84,us,9.32,1.895,0.062,78
53.0907,161.4103,10.0,4.2,19,167.0,1.667,0.82,us,12.74,1.974,0.147,13
42.6961,141.5657,138.104,4.4,12,99.0,1.362,0.65,us,5.63,9.404,0.218,6
16.4789,-59.5812,10.0,5.2,108,58.0,1.425,0.52,us,6.68,1.876,0.044,174
51.1575,-177.6196,47.552,3.9,38,225.0,0.624,0.6,us,5.97,13.638,0.148,12
51.2261,160.9503,10.0,4.7,93,123.0,2.291,0.49,us,7.46,1.906,0.058,89
53.2112,159.6603,64.082,4.6,54,116.0,0.637,0.84,us,10.64,7.589,0.054,101
-31.7004,-69.6064,123.228,4.2,32,73.0,0.813,1.07,us,4.65,3.664,0.264,4
51.1902,159.4949,10.0,5.2,31,125.0,1.909,0.56,us,8.45,1.89,0.089,41
52.2723,160.2989,23.026,4.8,86,133.0,1.79,0.57,us,11.27,5.651,0.066,72
50.4731,158.818,10.0,4.6,82,132.0,2.556,0.75,us,5.69,1.687,0.041,179
-4.5255,125.4461,436.451,4.0,28,63.0,2.722,0.83,us,12.73,9.679,0.149,12
52.9914,161.2738,12.541,4.7,50,118.0,1.586,1.22,us,9.24,5.052,0.09,38
-31.1823,-178.6234,10.0,4.4,14,251.0,6.851,0.35,us,12.68,1.995,0.149,13
50.1567,158.5962,10.0,4.5,53,126.0,2.871,0.87,us,9.63,1.895,0.068,64
14.3815,-90.5566,188.205,4.6,53,141.0,0.16,1.02,us,8.13,7.398,0.038,206
52.5706,160.5659,10.0,5.4,195,114.0,1.249,0.85,us,7.35,1.811,0.045,171
16.3751,-59.6718,10.0,4.4,37,116.0,1.331,0.87,us,6.82,1.855,0.179,9
13.6137,144.8001,122.065,4.3,15,112.0,0.071,1.04,us,14.0,4.462,0.177,9
52.4746,160.8807,19.214,4.1,24,122.0,1.463,1.38,us,9.17,3.812,0.109,23
-18.3872,-177.9354,566.911,4.0,37,122.0,3.197,0.67,us,15.74,10.016,0.096,29
-24.7674,179.9098,525.928,4.3,45,108.0,4.877,0.9,us,14.29,9.54,0.086,39
50.8851,158.0583,31.499,4.4,32,135.0,2.173,1.05,us,13.03,6.551,0.107,25
29.4111,129.1909,10.0,4.5,35,95.0,2.358,1.04,us,7.64,1.893,0.104,27
52.0814,160.3966,10.0,4.9,92,114.0,1.424,0.7,us,8.28,1.814,0.04,200
51.8442,160.1578,10.0,4.6,54,125.0,1.499,1.08,us,8.29,1.887,0.064,74
-53.002,21.956,10.0,4.4,16,96.0,20.627,0.5,us,14.17,1.904,0.144,14
9.3798,93.9613,10.0,4.6,21,81.0,5.626,0.74,us,12.16,1.9,0.151,13
22.9136,93.8678,76.811,4.3,12,149.0,1.958,0.18,us,11.22,9.031,0.238,6
52.0859,158.9701,51.775,4.4,28,151.0,1.284,0.75,us,12.47,9.643,0.114,22
16.5297,-59.6704,10.0,4.2,21,178.0,1.347,0.58,us,5.22,1.893,0.264,4
-22.8127,173.0743,10.0,4.4,13,137.0,5.2,1.12,us,7.51,1.907,0.162,11
5.5018,126.3808,94.639,4.9,95,106.0,1.179,0.63,us,6.96,6.739,0.062,81
-18.2615,-177.3269,634.188,4.5,31,179.0,3.619,0.62,us,23.03,17.843,0.108,25
-20.1095,-178.7629,618.958,4.1,18,122.0,3.823,0.49,us,18.61,9.315,0.158,11
-27.5123,-178.2613,10.0,4.3,14,260.0,1.751,0.71,us,13.59,2.009,0.148,14
-22.2542,-68.4574,112.746,4.4,32,94.0,0.741,0.95,us,5.93,6.441,0.13,17
51.545,159.557,35.0,5.1,177,124.0,1.582,0.53,us,9.25,1.903,0.028,405
40.8805,143.1576,42.571,4.4,35,142.0,1.133,0.49,us,6.96,7.792,0.11,24
54.61,-160.2111,35.0,3.8,26,197.0,0.423,1.0,us,6.01,2.009,0.208,8
33.0369,131.581,83.433,4.4,45,101.0,1.798,0.77,us,6.35,8.009,0.107,25
-3.9109,131.4925,34.826,4.6,78,40.0,1.241,0.75,us,4.96,3.266,0.066,74
-16.8789,-69.7573,183.72,4.2,25,125.0,0.755,1.07,us,9.61,8.563,0.187,8
70.0319,-15.6885,10.0,4.3,25,80.0,2.175,0.84,us,9.72,1.938,0.137,15
51.6515,159.3701,10.0,4.9,119,115.0,1.443,0.8,us,6.21,1.847,0.039,206
51.0789,159.5782,10.0,4.3,15,163.0,2.03,0.84,us,10.81,1.958,0.189,10
51.8479,159.605,34.998,4.8,61,125.0,1.315,0.71,us,9.22,5.793,0.033,288
-9.4642,155.6151,10.0,4.3,14,127.0,6.259,0.59,us,12.27,1.761,0.168,10
16.4971,-59.6557,10.0,4.4,36,126.0,1.366,0.5,us,9.13,1.926,0.138,15
51.1809,159.7617,10.0,4.4,20,222.0,2.311,0.42,us,11.4,1.982,0.154,14
1.6354,127.1993,128.767,4.7,81,97.0,0.874,0.51,us,6.93,6.348,0.069,64
-20.9122,-179.1043,655.017,4.1,39,136.0,4.139,0.63,us,9.12,8.286,0.082,41
53.665,160.4312,42.734,5.9,61,86.0,1.247,0.96,us,8.1,7.084,0.083,54
51.3825,159.5233,10.0,5.2,100,121.0,1.729,1.3,us,8.86,1.852,0.041,199
48.3967,153.3603,143.577,4.0,52,142.0,5.461,0.48,us,13.11,9.236,0.083,39
54.5256,-160.1121,40.786,4.2,102,169.0,0.431,0.92,us,5.69,10.329,0.176,9
27.8992,-111.8568,10.0,4.1,41,124.0,0.67,0.95,us,5.94,1.955,0.055,90
52.7985,160.6553,10.0,4.5,73,112.0,1.235,0.85,us,10.08,1.887,0.056,93
14.6936,-94.5322,10.0,4.7,41,194.0,1.859,1.35,us,6.22,1.978,0.102,29
-7.3281,126.7221,398.062,4.7,86,24.0,3.422,0.7,us,8.27,7.448,0.051,119
-6.0866,147.7569,59.022,4.4,36,72.0,3.349,0.41,us,6.97,5.924,0.098,30
-57.1832,-67.2854,10.0,4.8,36,133.0,2.265,0.58,us,12.78,1.937,0.093,36
14.3289,120.7398,221.545,4.4,74,67.0,8.449,0.91,us,8.53,5.689,0.064,70
29.2751,129.3634,10.0,4.6,88,107.0,2.417,0.49,us,4.53,1.84,0.053,105
49.8668,155.6986,76.128,4.4,53,137.0,3.478,0.44,us,12.19,7.553,0.067,68
-12.8907,143.2963,11.304,4.1,17,102.0,1.067,0.44,us,7.65,6.109,0.197,7
4.5081,125.5362,146.401,4.2,29,83.0,0.23,0.91,us,10.92,4.359,0.11,23
1.9913,126.4277,54.045,5.1,85,55.0,2.883,0.72,us,7.39,7.049,0.054,111
8.6228,126.3529,74.651,4.8,110,41.0,1.723,0.83,us,8.54,4.684,0.047,139
48.4937,157.4303,10.0,4.2,39,136.0,4.601,0.74,us,12.54,1.91,0.106,25
-9.3174,124.0143,92.228,4.0,9,135.0,0.501,0.76,us,14.99,6.038,0.211,6
-11.5794,116.6017,10.0,4.3,33,98.0,2.969,0.86,us,6.65,1.746,0.109,24
-23.8942,179.6029,568.441,4.5,32,138.0,6.288,0.71,us,14.52,12.74,0.108,25
4.091,125.8929,155.742,4.1,22,184.0,0.76,0.79,us,10.56,7.871,0.145,15
-21.3015,-66.6905,227.673,4.7,34,55.0,2.145,0.86,us,8.76,8.289,0.104,28
27.6084,128.7244,39.438,4.5,62,87.0,0.868,0.98,us,5.66,8.319,0.085,41
-4.8372,133.9605,10.0,4.4,30,43.0,2.138,1.01,us,5.58,1.916,0.139,15
21.6881,144.4612,83.446,4.4,36,124.0,5.769,0.62,us,11.67,6.155,0.111,23
28.2788,104.9538,10.0,4.9,125,41.0,7.728,0.65,us,8.33,1.853,0.043,170
51.9585,160.4532,42.798,4.2,15,154.0,1.534,0.72,us,12.8,11.21,0.16,11
-18.5747,-177.7867,607.527,4.3,28,120.0,3.422,0.74,us,14.65,9.821,0.116,21
52.6512,160.3204,10.0,5.0,88,120.0,1.08,1.29,us,7.28,1.862,0.039,211
-7.1183,104.881,37.684,4.2,20,148.0,1.99,1.06,us,8.65,6.95,0.137,16
-57.6969,157.4795,33.873,5.1,69,41.0,3.309,0.54,us,4.74,3.912,0.102,31
7.3874,126.8234,75.105,4.2,16,158.0,1.274,0.65,us,10.24,8.909,0.159,11
50.4224,159.7368,10.0,5.7,244,44.0,2.691,0.89,us,7.12,1.818,0.019,1027
-19.4061,-66.7365,248.695,4.3,33,54.0,2.332,0.6,us,3.42,9.435,0.116,21
-3.2176,143.5499,10.0,4.4,21,101.0,2.928,0.73,us,6.17,1.823,0.134,16
49.1522,155.5654,64.685,4.8,66,134.0,4.183,0.95,us,9.65,6.88,0.03,345
-2.1308,138.9934,35.0,4.5,28,76.0,0.971,0.89,us,6.16,1.831,0.116,22
42.6752,142.4844,127.539,4.3,37,100.0,0.827,0.59,us,7.38,8.157,0.107,25
52.0868,160.4013,10.0,4.3,19,229.0,1.422,0.36,us,14.75,1.992,0.154,12
-6.6339,147.6278,42.999,4.2,15,101.0,2.792,0.69,us,6.81,10.122,0.198,7
-5.9761,130.804,122.091,5.0,80,19.0,3.361,0.63,us,7.34,6.805,0.053,115
56.1841,163.3254,10.0,4.4,41,100.0,4.173,0.7,us,9.01,1.796,0.074,53
-4.2991,133.2509,10.0,4.3,19,102.0,1.697,0.65,us,4.57,1.878,0.123,19
51.2113,159.4212,10.0,4.3,24,211.0,1.876,0.73,us,6.1,1.969,0.129,17
51.3303,159.7379,24.0,4.3,18,214.0,1.823,0.78,us,12.82,9.005,0.168,10
-20.8871,68.3582,10.0,4.5,29,67.0,4.814,0.62,us,11.99,1.882,0.121,20
-3.7735,139.3546,54.602,4.6,57,48.0,0.515,0.85,us,5.54,6.778,0.071,59
39.3494,71.7208,10.0,4.2,16,131.0,0.142,1.41,us,3.56,1.924,0.187,8
-31.2815,118.021,10.0,4.1,7,119.0,1.77,1.15,us,12.67,1.969,0.213,6
52.2964,160.5443,10.0,4.2,35,137.0,1.364,0.34,us,11.02,1.923,0.107,24
-55.4729,-28.2657,51.736,4.8,67,72.0,4.895,0.44,us,10.17,3.875,0.073,57
-24.1237,-67.0744,188.778,4.2,14,111.0,1.545,0.77,us,7.94,13.711,0.263,4
2.0495,126.6924,61.506,4.1,24,80.0,2.928,0.82,us,9.77,9.646,0.131,16
50.2794,156.7642,68.468,4.5,69,132.0,2.892,0.9,us,11.47,7.356,0.056,94
-17.9963,-178.3069,529.956,4.5,133,41.0,2.685,0.68,us,11.67,6.197,0.047,133
52.7641,160.7261,10.0,4.2,25,162.0,1.284,1.02,us,10.38,1.855,0.136,15
-45.9818,95.6026,10.0,4.4,21,110.0,33.553,0.61,us,8.09,1.909,0.124,19
24.2501,125.2549,28.258,4.4,43,80.0,0.939,0.79,us,7.4,6.033,0.112,23
50.322,159.4558,10.0,4.0,18,229.0,2.751,0.62,us,13.06,1.964,0.164,10
-20.6232,-177.9692,515.368,4.4,24,211.0,4.725,0.5,us,24.56,21.212,0.12,21
-3.0521,126.8497,10.0,4.1,12,128.0,3.833,0.58,us,8.79,1.932,0.165,10
-24.2938,-175.6366,37.867,5.0,50,121.0,5.34,1.02,us,10.53,6.824,0.084,46
2.9959,128.2359,62.029,4.2,21,86.0,2.374,0.71,us,3.8,8.706,0.159,12
18.7102,146.2767,207.205,4.0,32,128.0,3.482,1.37,us,13.89,8.348,0.106,24
54.1583,-161.3362,35.0,3.3,18,205.0,1.222,0.78,us,5.36,1.982,0.183,7
-21.6349,-68.4385,120.808,4.3,96,60.0,0.764,0.74,us,5.92,5.977,0.057,86
7.073,126.8243,72.22,5.5,114,101.0,1.236,0.98,us,4.18,6.465,0.045,171
51.2523,159.2584,10.0,4.8,83,122.0,1.813,1.01,us,8.64,1.875,0.036,232
54.8127,-160.6053,43.058,4.2,39,158.0,0.588,0.53,us,4.26,9.283,0.216,6
51.9769,161.8628,10.0,4.2,51,120.0,2.226,0.88,us,8.62,1.904,0.071,60
2.5853,-79.7833,10.0,4.3,41,161.0,1.589,0.64,us,7.59,1.736,0.104,26
15.0832,-96.6016,10.0,4.1,61,154.0,0.832,1.0,us,6.38,1.851,0.074,50
-55.6926,-26.2859,10.0,4.7,26,108.0,6.041,0.6,us,11.47,1.942,0.12,25
-5.9225,151.3917,35.0,4.2,18,165.0,1.725,0.76,us,12.15,1.922,0.128,17
-24.3842,-179.9,522.434,4.3,20,138.0,6.877,0.66,us,14.57,11.045,0.137,15
51.9883,160.3935,10.0,4.3,39,123.0,1.487,0.93,us,9.38,1.914,0.113,24
54.4052,-159.8028,25.199,3.9,34,198.0,0.444,0.38,us,5.67,11.573,0.295,3
52.0852,160.5072,10.0,4.6,84,64.0,1.473,0.72,us,8.35,1.864,0.064,73
6.6539,116.7771,634.664,4.3,64,72.0,5.341,0.76,us,12.31,6.341,0.072,55
51.2404,159.048,10.0,4.4,31,137.0,1.803,0.47,us,10.3,1.919,0.12,20
51.7035,160.3373,10.0,4.9,42,126.0,1.679,0.61,us,9.87,1.909,0.086,42
36.8326,71.0773,220.962,4.0,35,186.0,1.853,0.61,us,11.17,9.463,0.138,15
50.1812,158.172,10.0,4.5,73,134.0,2.862,0.55,us,9.86,1.883,0.071,59
49.9712,159.7477,10.0,4.6,31,191.0,3.132,0.95,us,9.63,1.943,0.067,66
16.4974,146.0926,130.853,4.2,19,155.0,1.283,0.43,us,18.14,9.362,0.137,15
50.9796,158.2957,35.0,4.4,28,122.0,2.059,1.09,us,10.99,1.952,0.112,23
-5.8843,131.3178,23.781,4.4,15,131.0,1.952,0.88,us,11.26,7.521,0.179,9
-17.9318,-178.3497,561.357,4.6,109,29.0,2.615,0.87,us,11.05,5.698,0.029,358
23.9928,49.1093,10.0,4.0,17,243.0,6.533,0.57,us,7.11,2.02,0.172,9
-62.9467,-157.8567,10.0,4.6,13,162.0,18.535,0.81,us,11.85,1.923,0.152,13
51.2461,159.2095,10.0,4.6,17,191.0,1.813,0.27,us,8.67,1.952,0.224,8
51.585,159.8996,10.0,5.7,75,60.0,1.632,0.98,us,8.26,1.813,0.047,161
40.1467,142.8572,38.183,4.2,26,191.0,1.511,0.33,us,5.38,9.066,0.153,12
-17.6163,-178.9715,545.413,4.4,48,79.0,1.949,0.68,us,13.85,9.139,0.084,41
51.4212,161.2622,10.0,4.2,18,130.0,2.271,1.05,us,9.7,1.932,0.128,17
51.8525,160.4306,10.0,4.9,34,137.0,1.601,0.63,us,10.96,1.922,0.125,20
50.0856,158.6197,17.748,4.4,24,134.0,2.942,0.49,us,11.18,5.021,0.143,14
52.0782,160.1514,10.0,4.2,20,124.0,1.817,0.97,us,11.26,1.934,0.141,15
51.9301,159.5625,35.0,5.1,47,125.0,1.229,0.87,us,9.19,1.931,0.119,23
52.1365,159.2386,48.513,4.1,29,138.0,0.958,0.67,us,9.52,8.461,0.127,17
51.5168,159.8108,35.0,4.3,28,161.0,1.669,1.35,us,10.11,1.91,0.142,16
53.0995,160.3259,32.405,5.0,63,126.0,1.014,0.63,us,11.65,6.036,0.083,46
-24.4031,-175.0876,10.0,5.0,34,124.0,5.449,0.89,us,14.44,1.841,0.073,60
50.2314,88.1222,10.0,5.0,93,46.0,3.508,0.78,us,7.85,1.833,0.03,366
52.141,160.455,10.0,4.7,54,155.0,1.412,0.99,us,3.28,1.903,0.069,64
52.7755,160.9359,10.0,4.4,32,156.0,1.407,0.63,us,8.06,1.77,0.105,26
51.9185,159.9547,47.801,4.4,26,167.0,1.364,1.05,us,10.03,4.272,0.135,16
-57.7897,157.7542,10.0,4.7,30,105.0,3.366,0.68,us,9.71,1.906,0.113,25
-14.7869,167.1555,83.232,4.4,24,144.0,0.658,0.55,us,13.06,7.424,0.12,20
14.4579,146.8575,10.0,4.9,43,123.0,1.287,0.82,us,8.18,1.918,0.086,42
44.1466,86.8597,10.0,4.2,37,101.0,3.597,0.63,us,8.81,1.925,0.132,16
-5.5489,102.247,10.0,4.9,40,93.0,1.376,0.64,us,7.04,1.909,0.096,35
4.2042,122.7437,10.0,5.0,94,34.0,2.777,0.55,us,6.71,1.831,0.066,73
37.7578,144.0958,10.0,4.4,66,133.0,3.834,0.57,us,9.44,1.899,0.074,52
-11.9507,166.1349,60.32,4.5,53,153.0,6.573,0.68,us,11.58,7.673,0.078,50
-57.3909,-67.7026,10.0,4.5,28,148.0,2.465,0.62,us,12.68,1.923,0.124,19
39.1155,28.199,10.0,4.0,22,57.0,1.008,0.71,us,4.02,1.974,0.231,5
-20.9432,-178.6525,554.416,4.3,49,126.0,4.449,0.63,us,14.25,10.046,0.082,44
51.9101,159.9668,35.0,4.5,29,130.0,1.833,0.72,us,14.13,1.982,0.115,22
28.8164,128.5836,147.312,4.5,45,66.0,1.992,0.77,us,5.41,8.149,0.077,50
51.8275,160.1908,10.0,5.0,24,209.0,1.525,0.53,us,13.52,1.975,0.188,9
51.752,160.1481,10.0,4.2,24,156.0,1.57,0.94,us,10.18,1.971,0.128,17
23.8325,121.8625,17.152,4.5,48,66.0,0.419,0.94,us,2.85,0.883,0.075,52
29.689,129.9032,78.512,4.7,62,119.0,1.875,0.85,us,7.87,7.325,0.046,140
51.6346,159.4151,38.24,4.9,74,126.0,1.468,0.91,us,8.23,6.992,0.065,74
11.9988,-89.3955,10.0,4.2,20,209.0,1.761,0.88,us,6.94,1.991,0.146,13
-3.8526,-102.6551,10.0,4.6,40,143.0,30.745,0.55,us,14.43,1.764,0.093,35
14.5065,-94.2808,10.0,4.0,25,131.0,2.07,0.82,us,7.39,1.994,0.164,10
37.3275,142.1178,31.374,4.3,39,146.0,3.228,1.04,us,8.16,6.43,0.116,21
52.2902,160.5002,10.0,4.9,34,67.0,1.345,0.62,us,6.96,1.854,0.122,21
52.382,160.1014,10.0,4.7,32,175.0,1.092,0.68,us,8.47,1.955,0.113,24
-30.8453,-71.233,59.005,4.5,53,105.0,0.386,0.77,us,4.26,4.29,0.125,19
-14.7475,66.5518,10.0,4.6,47,57.0,5.834,0.59,us,11.64,1.864,0.088,39
-0.3936,125.2219,40.671,4.6,39,48.0,1.865,0.8,us,6.96,8.342,0.107,26
-24.7352,179.6374,528.13,4.3,25,133.0,7.111,0.66,us,18.34,13.127,0.108,24
-23.7405,-179.3795,395.029,4.1,28,172.0,5.652,0.49,us,15.96,10.586,0.107,24
51.956,178.3034,112.747,3.7,62,155.0,0.166,0.86,us,11.47,8.75,0.077,43
52.4255,163.6086,10.0,4.5,67,135.0,3.074,0.53,us,11.43,1.917,0.057,89
29.472,80.4663,10.0,4.6,72,100.0,4.546,0.99,us,9.19,1.864,0.075,53
43.5394,147.7812,35.0,4.8,74,143.0,3.729,0.89,us,10.84,1.938,0.071,62
-23.8589,-67.7832,152.805,4.5,24,73.0,0.973,1.07,us,7.71,7.8,0.135,16
-2.6512,139.0402,35.912,4.4,25,87.0,1.06,0.55,us,6.35,1.39,0.115,22
-50.2528,112.7707,10.0,4.4,19,144.0,16.114,0.88,us,7.31,1.93,0.139,17
-18.1056,-177.7876,586.04,4.3,42,116.0,3.161,0.68,us,13.8,8.867,0.097,30
-39.0771,78.1647,10.0,4.7,17,97.0,29.818,0.51,us,13.32,1.924,0.143,15
52.1912,160.7387,10.0,4.3,13,124.0,1.522,0.65,us,8.03,1.941,0.168,10
11.657,141.975,69.685,5.1,149,46.0,3.415,0.41,us,7.69,4.685,0.05,130
51.8969,178.568,98.161,3.7,36,150.0,0.059,0.57,us,9.7,9.228,0.119,20
52.2399,160.4176,10.0,4.8,97,117.0,1.333,1.18,us,7.73,1.832,0.046,148
-0.9102,-13.7831,10.0,4.9,23,73.0,6.999,0.95,us,8.28,1.649,0.136,18
50.8443,157.1652,72.792,4.4,39,136.0,2.291,0.47,us,12.13,7.924,0.098,30
42.2457,142.9953,61.849,4.6,21,115.0,0.26,0.81,us,9.11,9.043,0.182,9
31.9974,131.8676,47.629,4.3,35,92.0,1.3,0.96,us,5.79,8.272,0.142,16
51.1022,160.8218,10.0,4.2,37,135.0,2.345,0.83,us,11.49,1.909,0.105,25
51.4159,159.8462,10.0,4.3,27,124.0,1.77,0.98,us,8.91,1.896,0.122,19
19.2441,-104.3128,10.0,4.3,100,109.0,0.454,0.53,us,4.81,1.849,0.052,105
-18.0235,-178.3686,597.909,4.0,35,73.0,2.652,0.42,us,15.34,8.415,0.129,16
49.9233,158.8981,10.0,4.4,39,136.0,3.108,0.86,us,8.53,1.857,0.107,25
14.6323,-93.4552,41.496,4.2,31,174.0,2.075,0.97,us,7.82,14.315,0.186,8
52.6761,160.5156,10.0,4.3,35,174.0,1.184,1.07,us,11.01,1.959,0.104,26
12.6049,-89.8876,10.0,4.5,96,179.0,1.294,0.6,us,6.06,1.959,0.053,103
-7.561,119.4745,270.512,4.1,15,98.0,2.1,0.5,us,9.5,8.169,0.233,6
-58.6457,-24.6974,10.0,4.5,19,181.0,7.854,0.85,us,15.9,1.987,0.127,18
6.4428,126.0354,135.093,4.5,53,112.0,0.77,0.65,us,9.27,6.883,0.078,48
51.734,159.5148,35.0,5.0,103,119.0,1.396,0.79,us,9.44,1.919,0.058,94
51.1493,159.2897,10.0,5.3,211,129.0,1.918,0.72,us,8.87,1.865,0.029,395
50.3387,158.0856,12.187,5.2,187,97.0,2.711,0.6,us,9.47,3.722,0.044,166
52.4254,160.6948,34.746,4.6,110,117.0,1.38,0.9,us,8.59,5.315,0.038,209
51.7945,158.4856,55.333,4.6,18,138.0,1.235,0.87,us,11.68,7.851,0.128,18
51.4024,159.5171,10.0,4.6,48,128.0,1.709,0.78,us,8.73,1.885,0.085,45
-15.8003,67.2244,10.0,4.7,54,49.0,40.689,0.4,us,12.44,1.865,0.084,43
34.7018,70.6667,10.0,4.9,50,82.0,1.277,0.48,us,9.51,1.86,0.047,143
50.1735,88.1714,10.0,4.2,20,135.0,3.483,0.68,us,9.24,1.935,0.141,14
51.6047,159.3253,34.963,4.7,71,135.0,1.48,0.49,us,11.18,5.982,0.053,106
42.7322,143.2454,10.0,4.1,54,127.0,0.72,0.54,us,5.9,1.902,0.089,36
29.2783,129.241,16.37,4.3,32,108.0,2.458,0.33,us,7.26,4.22,0.122,19
-17.7094,-178.6979,569.031,4.2,30,118.0,2.217,0.87,us,14.72,9.208,0.059,80
-19.9038,-175.434,125.493,4.3,24,95.0,5.259,0.78,us,14.43,8.699,0.125,18
-31.2441,-69.0682,115.025,4.1,33,122.0,0.454,0.78,us,4.19,5.251,0.214,6
-9.7209,124.4911,10.0,4.4,18,124.0,0.223,1.21,us,4.33,1.93,0.18,9
-38.5158,175.6405,204.275,4.0,30,60.0,0.527,1.21,us,6.11,5.176,0.149,12
52.9667,161.1939,10.0,4.7,55,118.0,1.539,1.07,us,10.33,1.888,0.042,172
60.5383,-139.9131,5.867,4.3,48,50.0,0.475,0.93,us,1.82,1.254,0.169,10
52.2064,161.3435,10.0,5.1,116,106.0,1.835,0.84,us,7.77,1.855,0.027,454
15.0227,146.2038,89.041,4.1,16,172.0,0.45,0.58,us,11.3,7.037,0.158,11
52.598,161.0609,10.0,4.7,18,181.0,1.524,0.98,us,14.21,2.0,0.174,11
52.648,160.4299,35.0,4.3,26,205.0,1.143,0.64,us,11.12,1.984,0.129,17
-7.6841,127.8293,116.185,4.6,41,83.0,3.758,0.65,us,6.99,7.674,0.086,41
52.4464,160.5575,35.0,4.5,16,138.0,1.296,1.16,us,12.4,1.948,0.181,9
51.7645,160.1686,10.0,4.1,11,230.0,1.567,0.79,us,12.69,1.977,0.234,5
51.5411,158.3911,35.352,4.4,96,126.0,1.493,0.6,us,5.05,7.504,0.057,87
31.8975,131.843,42.271,4.5,51,126.0,1.247,0.82,us,7.0,7.79,0.083,43
52.8563,160.7139,10.0,4.6,35,114.0,1.26,0.5,us,10.15,1.915,0.095,33
30.4969,140.2547,10.0,4.4,29,101.0,2.637,0.91,us,4.6,1.88,0.098,30
31.2753,131.465,52.787,4.3,19,233.0,0.897,0.72,us,9.07,11.117,0.142,14
29.2824,129.3047,10.0,4.6,31,108.0,2.431,1.08,us,7.61,1.918,0.113,24
-22.5857,-179.736,567.806,4.2,15,108.0,5.244,0.66,us,19.56,12.129,0.166,10
52.5224,-32.3083,10.0,4.2,40,97.0,11.223,0.69,us,11.01,1.924,0.099,28
7.0462,126.9375,62.913,5.2,75,104.0,1.348,0.84,us,8.9,7.046,0.068,71
9.7333,138.4384,10.0,4.5,28,129.0,4.583,1.26,us,10.32,1.913,0.125,19
-18.6102,65.3227,10.0,4.5,19,81.0,2.169,0.51,us,13.63,1.886,0.144,14
52.2064,158.6973,10.0,4.4,124,113.0,0.819,0.7,us,4.09,1.84,0.05,116
50.1139,157.3182,60.237,4.2,34,144.0,3.008,0.6,us,11.88,7.926,0.112,22
-24.4861,179.958,519.129,4.4,44,100.0,5.101,0.51,us,15.75,8.107,0.092,34
52.5535,160.6703,10.0,4.8,88,116.0,1.314,0.96,us,8.4,1.876,0.034,269
-17.084,-174.0827,96.721,5.0,136,50.0,3.858,0.65,us,9.58,6.438,0.025,526
50.4631,158.4999,50.724,4.5,61,135.0,2.566,0.73,us,6.19,6.818,0.073,56
41.3637,72.6422,10.0,5.1,237,25.0,0.251,0.71,us,3.4,1.706,0.034,284
51.3583,158.5449,35.0,4.4,20,144.0,1.669,0.93,us,5.87,1.958,0.149,13
50.0666,156.7262,129.65,4.2,47,127.0,3.106,0.53,us,11.06,7.191,0.074,51
40.7155,51.8267,49.334,5.1,144,76.0,2.431,0.56,us,6.98,6.525,0.048,142
51.2027,158.4178,35.0,4.3,15,135.0,1.829,0.69,us,10.77,1.949,0.202,7
52.7107,159.5146,63.772,4.6,36,117.0,0.611,1.36,us,10.13,7.03,0.103,28
7.3003,123.4816,10.0,4.9,55,65.0,2.094,0.45,us,8.88,1.858,0.062,82
-17.1353,-178.6975,532.874,4.2,38,174.0,1.963,1.29,us,16.68,9.994,0.1,28
51.7773,159.4346,35.0,4.2,36,137.0,1.337,1.23,us,8.46,1.909,0.106,26
8.9516,-83.1982,62.114,4.5,58,75.0,1.118,0.97,us,8.13,6.964,0.055,96
12.8318,143.1697,153.802,4.8,107,79.0,3.489,0.53,us,10.01,7.233,0.049,127
27.3659,52.528,10.0,4.2,40,115.0,4.089,0.59,us,9.47,1.949,0.106,25
51.3905,159.4854,10.0,4.6,44,128.0,1.714,0.83,us,7.38,1.836,0.103,30
-7.9182,-76.2972,123.598,4.3,37,135.0,4.079,0.49,us,14.01,8.057,0.097,32
13.9134,144.6483,148.056,3.8,10,102.0,0.387,1.14,us,13.98,9.878,0.227,6
-46.031,-16.2286,10.0,5.0,65,70.0,15.345,0.55,us,11.22,1.837,0.076,56
36.4762,26.6801,129.996,4.3,70,50.0,1.193,0.69,us,6.43,7.193,0.077,52
41.5328,141.9543,67.208,4.3,39,126.0,1.001,0.5,us,5.88,3.148,0.113,22
52.2239,160.8208,10.0,4.3,33,188.0,1.547,0.91,us,10.87,1.973,0.105,26
40.1689,-29.7206,10.0,4.3,42,154.0,4.058,0.74,us,13.01,1.924,0.093,33
50.5285,156.9016,57.476,4.2,20,135.0,2.631,0.71,us,12.39,8.437,0.147,13
13.5675,-91.2791,35.0,4.3,36,130.0,1.023,1.12,us,4.49,1.916,0.061,76
44.5259,149.1564,53.422,4.3,28,143.0,4.727,0.75,us,9.78,8.692,0.111,23
51.2231,158.3175,35.0,4.9,69,124.0,1.815,0.98,us,8.18,1.91,0.045,153
-7.3365,128.9356,151.05,4.5,39,70.0,5.205,0.9,us,9.07,5.271,0.104,27
36.4716,70.6872,196.009,4.0,17,95.0,2.327,0.58,us,6.95,7.082,0.173,9
-23.8486,179.9188,533.147,4.2,36,121.0,6.319,0.59,us,13.57,9.668,0.098,29
50.1987,157.6286,35.0,4.2,20,230.0,2.899,1.27,us,14.32,1.96,0.152,12
52.2371,160.42,10.0,4.3,18,152.0,1.336,1.14,us,6.58,1.945,0.153,12
10.9009,123.9271,10.0,5.0,62,51.0,4.142,0.82,us,10.52,1.874,0.072,62
55.3497,165.3096,10.0,4.3,59,153.0,4.553,0.95,us,13.87,1.928,0.077,48
42.2717,144.5511,35.46,4.8,80,133.0,1.068,1.03,us,7.51,7.204,0.029,365
52.3128,175.8138,86.038,4.9,77,105.0,1.128,0.51,us,6.66,7.128,0.034,265
2.7818,128.5872,222.675,4.3,28,131.0,3.657,0.43,us,14.9,9.552,0.119,20
34.6544,70.7618,10.0,4.4,36,149.0,1.35,0.55,us,10.04,1.952,0.1,29
35.4034,31.1401,49.243,4.0,29,170.0,1.497,1.38,us,6.68,9.943,0.129,16
52.2801,160.3252,43.371,4.7,54,123.0,1.801,1.12,us,10.2,7.073,0.082,45
-14.2239,-72.8924,84.332,4.2,34,119.0,4.444,0.73,us,8.74,7.929,0.097,30
51.9812,159.8638,10.0,5.0,63,121.0,1.281,0.74,us,5.58,1.71,0.064,78
51.5321,159.5113,20.719,4.9,78,127.0,1.585,1.31,us,8.37,5.338,0.043,167
51.5022,-168.5208,10.0,3.4,41,219.0,1.484,0.61,us,6.6,1.987,0.148,11
21.6082,143.0361,314.38,4.1,61,66.0,5.518,0.49,us,11.76,7.781,0.087,39
52.4906,160.6382,39.14,4.3,18,138.0,1.321,0.62,us,13.99,9.038,0.168,10
52.6319,160.3175,35.0,4.0,30,138.0,1.085,0.77,us,11.73,1.954,0.116,20
27.1149,52.9585,10.0,4.0,19,172.0,3.632,0.5,us,12.6,1.967,0.163,10
-2.7764,28.6988,10.0,4.7,53,99.0,2.97,0.69,us,9.74,1.874,0.081,46
43.9746,-128.2335,10.0,4.3,93,115.0,3.034,0.84,us,7.62,1.915,0.062,73
-57.6622,157.525,10.0,4.6,52,50.0,3.269,0.72,us,10.88,1.748,0.114,23
31.2531,130.0771,185.884,4.0,16,122.0,0.41,0.55,us,10.44,3.034,0.231,6
40.847,141.0069,84.239,4.3,43,88.0,0.072,0.99,us,10.12,2.26,0.094,32
50.5716,159.2754,10.0,4.6,63,132.0,2.486,0.76,us,8.86,1.891,0.069,62
11.0538,124.0366,10.0,4.5,42,62.0,4.242,0.74,us,11.59,1.901,0.1,33
25.4627,141.9557,64.321,4.3,13,148.0,1.639,1.31,us,15.02,10.217,0.201,8
53.0548,160.8673,35.0,4.2,23,135.0,1.339,1.11,us,10.98,1.942,0.16,13
50.1937,157.2521,35.0,4.6,59,131.0,2.932,0.53,us,9.94,1.916,0.055,98
51.3533,159.6584,10.0,4.9,130,86.0,1.784,0.9,us,8.14,1.866,0.048,133
-39.7921,-16.4739,10.0,4.5,23,104.0,35.741,1.14,us,15.56,1.882,0.171,10
52.6224,159.6677,48.87,4.3,52,120.0,0.737,0.76,us,8.21,6.077,0.083,41
49.7936,155.8633,69.691,4.6,55,135.0,3.512,0.33,us,12.34,7.44,0.05,122
-49.547,125.2004,10.0,4.3,15,117.0,18.407,0.77,us,17.19,1.96,0.147,13
-9.2192,124.0197,69.888,4.4,25,73.0,1.854,0.56,us,8.7,9.025,0.138,15
39.2718,143.6802,10.0,4.2,20,154.0,2.516,1.34,us,8.17,1.945,0.187,8
49.9123,89.823,10.0,4.1,41,86.0,4.098,0.91,us,5.9,1.842,0.114,21
52.6396,160.7409,10.0,4.4,25,120.0,1.326,1.1,us,10.45,1.919,0.123,19
12.0222,-69.6299,10.0,4.5,61,99.0,3.271,1.14,us,8.36,1.89,0.08,45
14.1686,-93.0234,10.0,4.2,42,134.0,1.473,0.94,us,6.36,1.68,0.102,29
51.7212,159.2214,57.292,4.6,124,124.0,1.351,0.72,us,9.46,6.72,0.049,128
-15.1079,-173.8465,10.0,4.6,29,77.0,2.327,0.58,us,11.28,1.875,0.106,27
48.6205,157.4589,10.0,4.5,47,194.0,4.473,0.92,us,13.3,1.952,0.093,34
54.4957,-160.1632,35.0,3.5,40,201.0,0.473,0.79,us,4.77,1.97,0.186,9
49.8,158.9046,10.0,4.4,41,137.0,3.232,0.65,us,8.46,1.912,0.095,32
11.6459,144.2293,10.0,4.3,18,167.0,2.03,0.94,us,11.01,1.955,0.148,13
-1.1938,99.9771,75.629,4.6,25,132.0,3.453,0.8,us,9.51,7.5,0.193,13
49.2208,157.8044,10.0,5.2,122,61.0,3.845,0.75,us,8.36,1.845,0.021,787
48.8886,154.8832,85.256,4.5,61,135.0,4.584,0.59,us,11.01,7.77,0.053,103
51.8308,161.5487,10.0,4.6,25,217.0,2.139,0.81,us,12.25,1.992,0.125,19
51.9548,160.3943,33.606,4.4,25,217.0,2.011,0.96,us,14.12,10.227,0.112,23
-27.6839,-179.7928,475.598,4.3,29,215.0,12.609,0.86,us,15.42,10.261,0.099,29
52.1047,160.6536,10.0,4.5,33,121.0,1.53,1.06,us,10.15,1.912,0.118,24
38.6269,141.9194,68.104,4.2,30,160.0,2.258,0.66,us,6.8,8.814,0.153,12
13.6213,57.3897,10.0,4.4,25,88.0,11.32,0.72,us,12.82,1.918,0.13,17
52.9664,159.7556,57.486,5.0,116,107.0,0.671,0.96,us,7.9,5.252,0.028,397
11.4966,-87.1129,35.0,4.6,114,175.0,1.066,0.74,us,5.28,1.949,0.045,145
-3.3443,129.2759,10.0,4.4,34,58.0,1.328,0.5,us,6.54,1.883,0.107,25
53.0811,161.6233,10.0,4.3,28,117.0,1.796,1.06,us,11.52,1.915,0.116,24
6.8464,127.1456,28.659,4.6,39,109.0,1.571,1.14,us,7.93,4.958,0.092,35
51.5167,159.7543,39.234,4.2,18,137.0,1.655,0.57,us,12.33,8.171,0.152,12
-20.932,-67.5033,177.033,4.1,26,59.0,1.735,1.24,us,7.4,8.811,0.151,12
49.0858,156.0926,30.416,4.6,56,167.0,4.153,0.61,us,11.93,7.022,0.07,63
53.0303,-167.5445,81.712,3.7,16,209.0,0.44,1.17,us,8.04,14.265,0.134,14
54.7679,160.0941,10.0,4.3,67,130.0,1.946,0.66,us,10.4,1.908,0.07,58
52.4163,160.6915,10.0,5.6,109,102.0,1.383,0.95,us,9.4,1.856,0.038,242
-5.2164,152.724,35.0,4.5,29,196.0,1.14,0.8,us,12.23,1.97,0.093,34
51.7491,159.0146,35.0,5.1,43,125.0,1.296,0.73,us,9.34,1.943,0.11,27
-58.767,-24.9017,10.0,4.5,41,83.0,7.82,0.48,us,11.33,1.873,0.091,35
13.8169,39.7946,10.0,4.3,27,72.0,3.746,0.57,us,9.34,1.907,0.125,18
51.8258,160.8437,10.0,4.4,19,126.0,1.801,1.16,us,7.08,1.922,0.17,10
12.2091,-87.6562,35.0,4.6,192,137.0,1.411,0.82,us,7.17,1.936,0.042,173
51.2698,159.6813,10.0,4.5,54,137.0,1.868,0.98,us,10.75,1.909,0.083,43
50.6741,157.6954,35.0,4.5,109,130.0,2.426,0.69,us,9.62,1.916,0.055,96
50.0643,155.9152,88.217,4.2,67,107.0,3.245,0.49,us,7.7,5.21,0.074,54
52.1613,160.6383,10.0,4.2,31,124.0,1.489,0.92,us,7.2,1.828,0.118,20
53.4022,158.7845,123.012,4.9,227,63.0,0.388,0.53,us,9.41,4.882,0.023,595
34.6057,70.763,10.0,5.2,168,39.0,1.347,0.88,us,7.59,1.763,0.032,315
9.5382,94.0096,10.0,4.5,27,135.0,5.602,0.78,us,11.06,1.94,0.128,18
50.9032,158.2388,35.0,5.1,140,114.0,2.139,1.17,us,8.84,1.886,0.025,520
-7.5418,127.7279,155.496,4.4,56,52.0,3.699,0.84,us,7.95,7.846,0.082,43
46.8042,152.25,86.344,4.4,24,134.0,6.507,0.33,us,13.36,9.261,0.117,21
51.9177,158.8169,48.192,4.3,55,134.0,1.112,0.53,us,10.0,4.398,0.075,50
51.9212,157.8016,85.262,4.4,37,123.0,1.191,0.5,us,10.16,7.47,0.098,30
-35.3341,-105.0972,10.0,4.7,40,79.0,27.622,0.68,us,13.67,1.899,0.056,98
13.788,39.897,10.0,4.4,22,109.0,3.65,1.39,us,10.86,1.949,0.139,15
30.1427,-43.2121,10.0,4.4,29,85.0,18.5,0.89,us,12.03,1.918,0.118,21
-5.8145,151.2915,35.0,4.4,25,119.0,1.832,1.05,us,5.62,1.934,0.124,19
51.2616,159.3019,10.0,4.3,40,134.0,1.81,0.63,us,11.05,1.922,0.104,26
54.6464,160.4206,10.0,4.1,27,142.0,1.935,0.51,us,13.37,1.932,0.087,36
13.207,-87.7745,196.976,4.6,71,135.0,2.069,0.82,us,10.35,10.218,0.064,74
-7.3874,154.4351,10.0,4.9,47,69.0,3.897,0.94,us,10.66,1.883,0.056,102
52.1694,160.0339,35.0,4.4,25,134.0,1.202,0.91,us,8.71,1.826,0.13,17
36.1705,34.1984,10.0,4.2,26,107.0,1.399,0.94,us,5.29,1.654,0.2,7
-16.3254,167.4168,27.168,4.9,29,170.0,0.897,0.58,us,9.93,6.68,0.116,23
-7.2997,129.7215,127.354,4.3,16,110.0,5.027,1.33,us,10.9,5.505,0.178,9
50.3543,157.0791,38.984,4.4,102,163.0,2.785,0.62,us,11.11,8.164,0.054,99
-34.6811,-73.8003,10.0,4.4,30,139.0,2.08,0.82,us,7.46,1.9,0.139,15
-4.372,102.3469,56.753,4.8,56,95.0,0.607,0.91,us,5.97,6.594,0.083,45
-17.0714,-174.113,132.07,4.4,34,99.0,3.865,1.13,us,9.66,6.558,0.105,26
50.9747,159.6394,10.0,4.5,24,223.0,2.141,0.78,us,7.72,1.937,0.14,15
29.4797,51.3579,10.0,4.1,16,159.0,6.245,0.65,us,14.41,1.996,0.186,8
7.7792,126.2481,10.0,4.3,14,197.0,0.968,0.94,us,8.42,1.931,0.188,8
-24.4318,-67.2982,200.54,4.2,25,75.0,1.68,0.89,us,7.06,11.735,0.147,13
1.1316,98.9647,102.627,4.9,123,46.0,1.552,0.52,us,7.19,6.395,0.054,108
51.5995,160.094,10.0,4.4,20,229.0,2.107,0.55,us,14.4,1.99,0.123,20
-22.3919,-68.788,122.433,4.1,20,60.0,0.727,0.61,us,4.39,5.23,0.158,11
47.5684,154.3117,10.0,4.5,52,136.0,5.954,0.67,us,10.44,1.903,0.088,38
32.4076,141.7538,10.0,4.6,63,124.0,1.78,0.62,us,8.24,1.881,0.079,48
49.5624,158.5308,10.0,4.6,51,136.0,3.467,0.68,us,6.79,1.852,0.082,44
52.9076,-170.6502,125.87,3.8,51,148.0,0.38,0.75,us,9.99,5.929,0.114,20
18.3466,145.5573,501.167,3.9,25,146.0,3.096,0.8,us,14.89,12.19,0.142,14
-8.0859,119.191,9.922,4.1,17,59.0,1.582,1.05,us,4.44,5.196,0.184,8
36.7263,25.8016,10.0,4.1,26,133.0,1.611,0.75,us,5.93,1.936,0.175,9
-21.7269,-68.4249,131.822,4.3,18,87.0,0.763,0.74,us,5.88,7.398,0.267,4
-8.8044,123.7428,109.792,5.1,86,50.0,1.077,0.86,us,9.84,4.699,0.062,101
12.5563,-88.137,50.904,4.3,70,137.0,0.925,0.99,us,3.57,8.217,0.071,56
-22.752,-179.3842,455.11,4.2,15,206.0,5.532,0.53,us,25.32,23.944,0.158,11
-6.652,131.1086,54.233,4.3,8,153.0,2.431,0.33,us,15.0,8.996,0.306,3
30.6058,57.7005,10.0,4.1,26,90.0,5.792,0.64,us,15.13,1.917,0.097,29
51.2297,159.7776,10.0,4.1,17,168.0,1.926,0.72,us,12.63,1.978,0.175,9
39.8604,-29.5871,10.0,4.5,24,153.0,3.802,0.84,us,13.91,1.911,0.136,16
51.7073,158.8994,35.0,4.6,49,154.0,1.327,0.41,us,8.36,1.942,0.099,30
-6.7394,150.8719,10.0,4.6,41,124.0,2.676,0.76,us,9.98,1.885,0.103,28
14.4467,-91.1473,98.851,4.2,100,177.0,1.433,0.76,us,9.06,9.079,0.054,102
36.3293,26.8433,130.513,4.7,145,50.0,0.822,0.8,us,6.13,5.613,0.041,176
51.3484,159.3689,10.0,4.3,19,226.0,1.735,0.24,us,12.23,1.989,0.153,12
51.625,159.3136,35.0,4.5,69,137.0,1.459,0.61,us,10.76,1.928,0.064,72
53.3822,-165.0161,39.246,3.6,63,168.0,0.834,1.21,us,5.94,9.854,0.157,10
52.9883,160.5348,10.0,4.8,59,118.0,1.14,0.67,us,9.47,1.87,0.08,48
39.4839,143.3279,10.0,4.2,16,203.0,2.17,0.94,us,6.59,1.98,0.2,7
34.6813,70.7808,10.0,4.3,30,148.0,1.368,1.03,us,7.08,1.737,0.116,21
39.4433,26.0125,10.0,4.4,23,69.0,0.786,0.67,us,5.71,1.933,0.178,9
51.0186,158.6078,35.0,4.3,25,237.0,2.008,1.08,us,13.75,1.992,0.129,17
-58.0205,-25.2757,35.0,4.5,13,132.0,16.51,1.15,us,14.5,1.946,0.15,13
51.4568,159.8744,10.0,4.3,20,198.0,1.74,0.58,us,11.13,1.984,0.147,13
51.5876,160.0455,10.0,4.4,21,216.0,1.674,0.58,us,9.92,1.974,0.123,19
14.507,53.6755,10.0,4.4,37,124.0,21.736,0.59,us,14.08,1.907,0.099,29
51.3402,158.9506,34.768,4.4,35,127.0,1.696,1.23,us,9.85,6.148,0.103,31
51.9929,160.593,10.0,5.4,137,125.0,1.573,0.87,us,7.89,1.871,0.053,122
51.5116,158.6402,35.0,4.1,15,126.0,1.514,0.66,us,7.22,1.889,0.145,13
50.2465,159.1692,10.0,4.3,19,231.0,2.8,0.62,us,7.69,1.965,0.218,7
-17.778,168.2859,63.396,4.6,102,100.0,2.54,0.5,us,8.54,7.159,0.059,86
46.873,152.5884,66.72,4.1,42,136.0,6.733,0.67,us,12.2,8.591,0.107,24
50.227,-179.392,10.0,3.6,60,198.0,1.378,0.57,us,5.92,1.962,0.089,32
53.0652,159.4891,91.441,4.5,74,152.0,0.508,0.93,us,11.96,7.378,0.067,66
35.7227,140.5713,53.007,4.1,15,228.0,0.464,0.55,us,8.31,9.604,0.213,6
52.6084,160.6974,35.0,4.2,31,188.0,1.31,0.76,us,12.06,1.98,0.128,18
46.7048,20.0077,7.298,4.0,31,47.0,1.217,0.63,us,3.49,4.385,0.164,10
42.6048,141.9887,123.578,4.5,142,69.0,1.048,0.49,us,6.38,5.656,0.051,111
-2.6383,138.8898,65.572,4.8,102,63.0,0.914,0.65,us,6.73,6.464,0.051,121
-6.3252,130.4119,112.551,4.4,21,83.0,3.847,0.39,us,13.33,10.442,0.139,15
-12.7832,143.2158,10.0,4.5,12,103.0,1.168,0.75,us,11.06,1.859,0.222,7
16.5462,-59.5533,10.0,4.5,67,164.0,1.461,0.59,us,6.4,1.94,0.089,37
54.4357,-160.1583,20.875,5.2,182,57.0,0.516,0.63,us,6.23,4.556,0.034,286
41.1731,142.9607,43.493,4.5,96,125.0,0.854,0.59,us,6.57,7.276,0.06,82
52.1095,161.5346,10.0,4.3,19,125.0,1.984,0.72,us,10.39,1.932,0.177,9
51.3246,157.0529,114.719,4.4,74,161.0,1.83,0.44,us,11.13,8.12,0.068,62
-13.6034,-74.7837,83.771,4.1,26,123.0,2.571,0.95,us,10.81,9.088,0.145,13
24.7784,127.8354,10.0,4.2,17,100.0,2.087,1.12,us,5.44,1.931,0.199,7
-19.2339,-177.465,572.491,4.2,21,170.0,4.074,0.64,us,17.07,8.587,0.125,18
39.4657,143.38,10.0,4.9,57,126.0,2.213,0.83,us,7.4,1.882,0.05,128
34.7697,141.8354,10.0,5.1,66,123.0,2.355,0.71,us,7.92,1.865,0.037,234
-4.6972,145.0232,179.751,4.3,32,114.0,3.524,0.54,us,9.01,8.127,0.111,23
27.3994,52.6368,10.0,4.5,40,131.0,15.942,0.7,us,13.51,1.92,0.097,31
51.5468,159.9383,10.0,4.3,83,127.0,1.677,0.8,us,8.11,1.905,0.065,67
51.4199,159.7142,35.0,4.3,32,137.0,1.734,1.23,us,10.36,1.946,0.116,21
19.5733,-109.1535,10.0,3.8,32,241.0,4.131,0.69,us,14.42,2.014,0.085,36
52.4435,160.7698,10.0,4.3,53,163.0,1.414,0.68,us,9.38,1.946,0.086,38
51.8277,159.1275,48.446,4.4,63,125.0,1.233,1.08,us,8.75,6.98,0.059,82
50.3159,158.8756,10.0,4.9,195,117.0,2.715,0.61,us,8.62,1.866,0.034,278
50.8083,159.4247,10.0,4.3,39,136.0,2.27,1.0,us,14.43,1.945,0.086,38
43.5603,147.7479,35.0,4.9,32,155.0,3.715,1.04,us,8.3,1.811,0.122,21
-26.8882,-176.4787,56.245,4.4,22,123.0,9.839,0.64,us,14.6,9.962,0.12,20
-18.1522,-178.3264,560.023,4.4,56,86.0,2.759,0.57,us,11.88,6.018,0.086,39
51.4405,159.828,10.0,4.8,76,121.0,1.743,0.68,us,8.98,1.871,0.056,99
49.8564,159.3639,10.0,4.5,46,136.0,3.203,0.57,us,11.09,1.911,0.084,41
50.2853,159.5098,10.0,4.4,63,135.0,2.794,0.65,us,9.23,1.565,0.071,57
41.2672,142.5146,53.512,4.3,21,175.0,0.889,0.58,us,6.55,8.85,0.147,13
-22.9566,-68.5438,115.506,4.4,27,66.0,0.336,0.73,us,6.14,5.432,0.123,19
-6.7302,116.1086,558.862,4.2,48,51.0,2.598,0.65,us,12.64,4.381,0.118,20
-29.6153,-72.058,21.928,4.3,28,145.0,0.774,0.87,us,3.72,6.169,0.307,3
-5.0568,102.4327,36.765,4.2,17,199.0,0.866,0.24,us,4.07,9.501,0.186,9
-47.2353,166.0299,44.558,4.3,28,105.0,1.159,0.85,us,8.16,11.548,0.138,15
-3.1047,139.1156,63.391,4.1,26,103.0,0.998,0.96,us,5.29,5.733,0.131,16
5.7178,61.6827,10.0,4.6,50,76.0,12.427,0.55,us,11.75,1.909,0.086,41
-3.1356,130.671,10.0,4.4,27,61.0,1.59,1.02,us,6.12,1.864,0.127,19
-10.5971,120.1706,10.0,4.2,26,83.0,0.931,0.92,us,4.68,1.896,0.136,15
40.9578,14.7014,10.0,4.4,67,59.0,0.125,1.15,us,3.89,1.403,0.127,18
-31.8604,-72.2391,21.935,4.2,25,200.0,1.09,1.18,us,4.21,6.434,0.236,5
50.4145,160.001,10.0,4.1,18,241.0,2.744,0.43,us,11.83,1.995,0.174,9
53.3411,160.8556,35.0,4.6,43,137.0,1.365,0.59,us,11.58,1.934,0.103,28
-55.4084,-123.4515,10.0,4.2,14,110.0,32.378,0.43,us,12.52,1.901,0.153,13
14.7587,119.7692,10.0,4.5,48,99.0,8.111,0.84,us,9.56,1.89,0.091,36
17.916,147.4196,10.0,4.4,50,128.0,3.086,1.19,us,10.65,1.881,0.077,48
-23.1571,-177.567,220.922,4.3,76,122.0,6.771,0.51,us,12.41,7.759,0.058,93
-17.9316,-178.5544,601.529,4.2,53,124.0,7.644,0.56,us,7.0,9.11,0.067,61
53.1578,159.7994,62.349,4.3,32,117.0,0.706,0.85,us,7.0,7.8,0.119,20
51.2727,158.5086,35.0,4.3,27,171.0,1.756,0.74,us,10.75,1.987,0.122,19
-6.1344,129.9037,155.384,4.6,75,28.0,3.958,0.88,us,8.17,7.083,0.056,95
6.6892,126.6242,101.687,4.4,27,127.0,1.104,0.99,us,6.12,7.603,0.123,20
29.2121,129.4659,10.0,4.3,25,123.0,2.443,0.91,us,8.51,1.912,0.129,17
-23.5226,-179.7744,558.917,4.7,103,74.0,5.934,0.75,us,12.51,5.869,0.038,210
51.5793,161.3969,10.0,4.3,39,129.0,2.222,0.44,us,10.96,1.927,0.058,85
52.9211,160.9548,10.0,4.2,28,188.0,1.398,0.65,us,11.32,1.979,0.106,25
13.9164,40.0215,10.0,4.3,28,104.0,3.636,0.9,us,10.98,1.939,0.122,19
51.3663,159.7691,35.0,4.2,17,138.0,1.797,0.37,us,13.38,1.955,0.146,14
-27.9812,-177.8106,10.0,4.4,18,92.0,10.876,0.74,us,8.36,1.899,0.139,15
51.4759,159.745,10.0,4.0,11,258.0,1.69,1.0,us,7.65,1.988,0.212,7
19.1898,121.2637,29.92,4.9,83,105.0,3.614,1.02,us,9.8,5.475,0.051,119
52.9516,160.6343,35.0,4.2,35,137.0,1.202,0.7,us,10.87,1.948,0.092,33
52.4983,160.6494,10.0,4.4,83,121.0,1.324,0.66,us,4.76,1.863,0.058,85
53.2269,160.3241,63.623,4.5,63,157.0,1.029,0.97,us,11.03,7.011,0.071,62
50.3225,156.9122,54.628,4.4,27,190.0,2.832,0.71,us,13.73,9.676,0.126,18
51.6123,160.2771,10.0,4.1,18,218.0,1.731,0.79,us,5.07,1.992,0.14,14
-9.6707,152.7941,10.0,4.7,37,159.0,5.564,0.59,us,9.54,1.867,0.105,28
52.1052,160.3138,10.0,4.7,73,124.0,1.37,0.97,us,9.18,1.887,0.064,74
1.1183,97.0085,10.0,4.2,23,182.0,2.472,0.85,us,11.99,1.946,0.152,13
51.4032,159.5752,26.928,4.2,14,128.0,1.72,1.16,us,11.08,7.352,0.216,7
13.0953,144.6742,52.351,4.5,33,71.0,0.526,0.72,us,11.81,5.67,0.078,48
-24.4078,-175.5172,10.0,4.7,20,237.0,5.277,0.59,us,14.89,1.991,0.115,23
28.3833,97.3521,10.0,4.5,21,137.0,9.265,0.45,us,7.98,1.913,0.145,14
51.4935,159.882,32.936,4.3,19,137.0,1.709,0.81,us,9.31,6.917,0.177,11
-24.2082,-66.9797,175.427,4.3,19,80.0,1.665,1.0,us,12.59,12.826,0.177,9
-57.7953,-25.8527,103.959,4.4,20,94.0,6.918,0.57,us,13.09,2.626,0.134,19
28.372,139.841,406.266,4.1,26,87.0,2.435,0.83,us,13.19,9.244,0.127,17
-55.1495,-126.6904,10.0,5.1,119,63.0,30.658,0.55,us,11.04,1.775,0.052,120
51.3801,159.8844,10.0,5.0,171,128.0,1.813,0.71,us,8.19,1.868,0.034,272
51.4368,160.8984,10.0,4.4,26,138.0,2.106,0.72,us,6.51,1.907,0.149,13
29.1406,141.7524,10.0,4.3,29,118.0,2.073,0.56,us,8.33,1.888,0.133,16
52.811,160.611,10.0,5.1,138,70.0,1.206,0.9,us,7.79,1.777,0.021,724
-21.2729,-68.6471,115.328,4.1,25,62.0,0.76,0.49,us,5.62,4.527,0.157,12
1.7442,126.4587,57.575,4.8,50,51.0,3.126,0.87,us,7.73,7.94,0.098,32
51.8154,-167.2162,10.0,3.8,43,184.0,1.533,0.72,us,6.7,1.956,0.131,15
53.276,-160.0052,10.0,3.8,78,171.0,1.577,1.14,us,6.53,1.978,0.253,4
52.8319,174.4631,111.26,3.8,23,168.0,0.244,0.4,us,17.38,8.469,0.124,17
43.8486,-128.0755,10.0,4.4,32,210.0,2.032,1.41,us,10.77,2.0,0.064,71
13.8424,39.8353,10.0,4.7,60,64.0,3.73,0.77,us,9.44,1.888,0.073,56
4.4657,-82.747,10.0,4.2,33,159.0,5.01,0.7,us,6.32,1.838,0.115,21
52.2444,160.6286,10.0,4.5,31,118.0,1.436,0.88,us,10.79,1.914,0.111,24
52.0262,160.4057,10.0,4.3,19,179.0,1.466,0.98,us,9.95,1.949,0.153,12
34.756,70.6969,10.0,4.5,39,144.0,1.31,0.78,us,7.94,1.914,0.102,28
0.0511,123.3452,140.121,4.5,57,73.0,1.228,0.75,us,10.85,6.284,0.079,47
-61.1907,-28.1435,10.0,4.6,11,109.0,16.897,0.99,us,15.98,1.936,0.117,22
-20.2605,-178.0524,576.408,4.4,62,123.0,4.454,0.62,us,15.82,9.247,0.068,63
-58.0537,-25.9073,10.0,4.3,9,181.0,16.624,0.96,us,18.57,1.983,0.178,9
12.2494,143.6067,35.0,4.4,22,85.0,1.813,0.48,us,11.06,1.954,0.154,12
51.3797,159.6732,10.0,4.6,44,128.0,1.763,1.23,us,9.64,1.897,0.079,48
50.0075,157.8292,10.0,4.4,36,133.0,3.063,0.7,us,10.17,1.902,0.066,66
-18.9916,-177.5644,505.168,4.1,29,88.0,3.845,0.8,us,15.92,9.935,0.107,24
50.8184,-172.9466,10.0,3.8,28,221.0,1.59,0.55,us,3.43,2.01,0.136,14
-7.4197,128.1947,143.843,4.6,81,66.0,3.343,0.61,us,8.66,7.554,0.067,67
39.6107,143.4862,32.536,4.0,19,204.0,2.197,0.57,us,10.55,8.744,0.164,10
52.7504,160.516,29.234,4.5,117,55.0,1.163,0.69,us,5.08,4.524,0.045,141
-6.8496,125.2921,520.496,4.5,76,37.0,3.06,0.44,us,9.5,7.327,0.064,75
-27.2389,-63.2084,552.378,5.0,123,45.0,5.201,0.75,us,11.82,8.309,0.042,178
23.2217,143.6223,42.436,4.8,59,84.0,4.071,0.7,us,10.11,7.112,0.06,87
4.3115,127.6385,124.434,4.1,19,118.0,2.193,0.46,us,12.65,9.114,0.184,10
9.7251,126.2551,43.253,4.6,44,124.0,2.722,1.23,us,11.07,6.067,0.103,30
-21.0419,175.4969,600.764,4.4,39,136.0,5.837,0.71,us,14.83,10.137,0.094,33
-22.2808,-176.4127,10.0,4.8,51,116.0,6.857,0.83,us,11.43,1.824,0.072,61
-24.2017,-67.3635,180.855,4.2,29,54.0,1.452,0.72,us,9.89,11.895,0.236,5
-29.6146,-176.6915,10.0,4.6,12,133.0,8.955,0.85,us,13.4,1.902,0.193,8
43.5793,147.9402,35.0,4.3,22,137.0,3.851,0.53,us,12.26,1.945,0.129,17
43.754,147.8069,10.0,4.2,47,135.0,3.783,0.81,us,9.71,1.91,0.102,30
-4.5266,152.6067,99.507,4.3,27,153.0,0.553,1.05,us,11.17,6.095,0.133,18
2.8968,95.3365,10.0,5.1,136,39.0,2.74,0.49,us,8.31,1.775,0.052,119
-5.3112,103.3402,42.754,4.4,15,150.0,0.813,0.93,us,4.96,9.486,0.203,8
51.3512,159.5502,10.0,4.4,28,128.0,1.764,1.16,us,9.86,1.914,0.107,25
16.8635,120.0268,35.0,5.4,87,46.0,6.005,0.85,us,8.15,1.866,0.04,209
50.0326,158.8601,10.0,4.4,35,141.0,2.998,0.62,us,10.1,1.923,0.103,27
7.5345,126.8509,52.418,4.4,36,61.0,1.343,0.95,us,9.26,8.365,0.11,24
-23.1723,-66.464,226.98,4.0,24,142.0,1.594,1.19,us,10.66,10.192,0.211,6
10.4238,121.8659,10.0,4.3,17,136.0,6.188,1.25,us,14.51,1.942,0.187,8
51.5078,159.4426,35.0,4.9,109,121.0,1.594,0.7,us,7.47,1.864,0.042,175
52.1241,161.0182,10.0,4.3,35,167.0,1.703,1.11,us,8.7,1.832,0.111,23
52.4138,160.1102,51.517,4.2,25,166.0,1.623,0.63,us,13.34,9.04,0.132,17
28.1665,50.0367,10.0,4.4,73,93.0,6.386,0.54,us,10.5,1.903,0.07,60
-2.186,139.7404,27.907,4.5,46,79.0,1.016,0.89,us,6.19,5.366,0.09,36
50.0735,158.2095,10.0,4.4,29,134.0,2.967,0.67,us,11.06,1.926,0.114,22
51.4481,161.4189,10.0,4.1,39,122.0,2.321,0.74,us,10.11,1.929,0.101,27
52.6228,-31.4662,10.0,4.2,25,145.0,11.437,0.95,us,7.76,1.948,0.115,21
-7.5157,127.9273,141.522,4.0,18,71.0,4.248,0.99,us,12.06,11.238,0.164,10
54.5645,-159.8742,38.316,4.0,83,160.0,0.314,0.62,us,5.11,7.418,0.196,7
51.5091,156.5736,10.0,4.1,45,238.0,1.744,0.33,us,11.11,1.977,0.087,36
51.6484,159.695,35.0,4.3,25,142.0,1.519,1.14,us,11.85,1.963,0.116,21
-22.8107,-70.3668,35.0,4.4,20,153.0,0.741,0.36,us,4.52,1.954,0.19,8
11.0619,124.216,10.0,4.6,47,131.0,4.189,0.77,us,13.46,1.892,0.087,39
51.8821,160.0998,35.0,4.4,23,137.0,1.447,0.81,us,11.12,1.951,0.127,18
33.0968,-39.6624,10.0,4.4,19,98.0,40.949,1.36,us,14.55,1.903,0.162,12
-13.5312,166.8539,204.077,4.4,17,266.0,1.934,0.79,us,11.15,6.952,0.169,12
51.2058,159.5623,10.0,4.5,24,129.0,1.905,0.89,us,10.03,1.917,0.131,17
51.3465,159.4824,36.23,4.5,29,128.0,1.756,0.57,us,9.71,7.607,0.115,22
9.7081,126.6996,15.868,4.3,37,130.0,2.846,0.8,us,13.54,4.67,0.095,31
38.0037,143.8548,10.0,4.5,39,161.0,3.523,0.6,us,9.5,1.934,0.104,27
52.3267,160.8481,32.872,4.1,22,88.0,1.509,0.78,us,10.97,6.422,0.131,16
34.5305,139.5716,10.0,4.2,24,140.0,1.426,0.55,us,5.7,1.907,0.175,9
-5.4566,153.7616,35.0,4.5,26,122.0,2.029,0.46,us,10.22,1.919,0.113,23
33.4962,71.9641,10.0,4.3,27,99.0,4.825,0.91,us,5.12,1.919,0.133,17
52.2876,160.4641,10.0,5.0,61,123.0,1.873,1.03,us,8.62,1.878,0.08,50
-41.3503,-75.3033,10.0,4.4,24,141.0,2.049,0.75,us,9.03,1.922,0.144,14
-7.0885,155.8877,133.175,4.5,47,98.0,4.647,0.93,us,9.86,7.643,0.085,41
16.345,-93.0087,192.594,4.4,46,114.0,0.84,0.83,us,6.82,6.539,0.051,111
7.1631,127.1404,54.048,4.4,29,115.0,1.552,1.23,us,9.79,3.463,0.117,21
-15.8655,-72.0021,10.0,4.2,17,155.0,2.954,0.76,us,11.43,1.939,0.236,5
0.975,-26.2223,10.0,4.5,25,92.0,11.792,0.63,us,5.1,1.885,0.124,19
12.4243,123.6545,10.0,4.4,22,123.0,7.852,0.72,us,7.79,1.9,0.115,22
52.2378,160.0571,35.0,4.1,13,175.0,1.164,0.86,us,11.83,1.947,0.234,6
-17.5347,-178.4236,530.45,4.4,59,77.0,2.358,0.67,us,13.86,8.549,0.061,76
52.2235,160.4049,35.0,5.0,135,118.0,1.336,0.7,us,8.74,1.909,0.034,281
52.4404,160.8249,10.0,4.3,32,122.0,2.013,0.48,us,10.54,1.906,0.109,24
50.685,158.1874,54.949,4.2,21,136.0,2.446,0.74,us,11.52,4.56,0.153,12
18.1211,40.2081,10.0,4.4,36,125.0,5.349,0.7,us,8.15,1.947,0.112,23
-2.862,101.1384,62.216,4.5,40,189.0,2.346,0.75,us,9.9,9.426,0.104,27
52.006,160.318,10.0,4.1,31,125.0,1.441,0.95,us,9.96,1.911,0.1,30
51.9702,160.5809,10.0,4.0,26,137.0,1.583,0.52,us,11.81,1.891,0.13,16
-30.5669,-70.8145,81.833,4.1,27,71.0,0.292,0.76,us,7.97,6.406,0.369,2
-15.0042,-173.5269,10.0,4.1,10,178.0,2.965,0.45,us,13.94,1.896,0.185,8
-6.3016,128.0976,355.026,4.2,58,41.0,5.114,0.71,us,7.58,8.857,0.093,36
6.8587,127.0432,56.7,4.5,57,109.0,1.468,1.07,us,9.77,7.494,0.077,49
-61.0667,-38.1619,10.0,4.2,18,110.0,6.861,0.43,us,11.77,1.936,0.132,16
34.4561,25.0526,49.608,4.2,40,112.0,2.045,0.9,us,9.83,8.25,0.074,51
-20.3877,-177.9154,520.889,4.3,45,128.0,8.709,0.72,us,15.69,11.54,0.085,39
-7.1081,129.8647,150.626,4.6,45,93.0,2.569,0.72,us,9.31,8.425,0.093,34
34.8982,23.3599,46.752,4.4,84,95.0,2.555,0.85,us,9.14,7.678,0.064,73
-17.4718,-172.2452,10.0,5.0,34,75.0,2.72,1.23,us,10.05,1.868,0.056,104
52.4876,160.7329,10.0,4.1,20,174.0,1.375,0.55,us,10.8,1.99,0.151,13
29.241,105.395,10.0,4.3,35,147.0,3.711,0.78,us,11.3,1.929,0.111,23
-3.8892,131.487,10.0,4.7,52,57.0,1.228,0.69,us,2.79,1.86,0.089,38
7.0926,126.901,62.976,5.2,71,108.0,1.312,0.8,us,8.68,7.016,0.045,161
5.9851,-77.569,10.0,4.3,21,126.0,3.426,1.3,us,8.78,1.939,0.126,18
9.6784,126.2416,32.153,4.5,57,102.0,2.673,0.47,us,11.95,4.812,0.078,48
52.7318,160.1886,35.0,4.3,56,134.0,0.977,0.85,us,9.86,1.936,0.078,46
38.8671,70.5452,10.0,4.2,27,150.0,1.104,1.02,us,4.62,1.925,0.159,11
0.495,126.5682,52.799,4.5,25,75.0,0.844,0.43,us,6.35,6.594,0.131,17
-21.3216,-179.1297,579.922,4.3,50,122.0,4.44,0.6,us,11.14,7.621,0.065,68
17.9587,146.1439,99.693,4.2,19,156.0,2.724,0.39,us,12.94,11.051,0.141,14
-6.5702,149.0854,56.726,4.6,56,93.0,3.401,1.36,us,8.23,7.076,0.08,52
-34.539,-73.9152,19.85,4.1,29,192.0,2.102,0.71,us,8.01,6.711,0.233,5
52.3906,160.7468,10.0,5.1,78,134.0,1.425,0.99,us,10.72,1.898,0.072,62
-6.1146,149.0611,10.0,4.3,17,121.0,3.456,1.03,us,8.68,1.774,0.143,14
52.7393,160.2365,35.0,4.0,19,174.0,1.003,0.67,us,5.44,1.98,0.15,12
39.216,143.4481,10.0,5.0,64,135.0,2.413,0.98,us,6.93,1.849,0.081,49
29.9125,80.9401,35.0,4.5,21,165.0,8.854,0.96,us,11.87,1.97,0.144,14
18.2252,145.7732,181.387,4.5,127,71.0,2.968,0.48,us,9.27,7.305,0.045,146
51.4196,159.9867,10.0,4.3,23,128.0,1.804,1.1,us,6.07,1.901,0.138,15
-14.4674,65.7235,10.0,4.4,29,46.0,5.72,1.05,us,10.79,1.881,0.112,23
51.5138,159.7014,25.46,4.9,68,128.0,1.644,1.0,us,9.29,5.436,0.057,97
-14.762,-75.4116,53.337,4.5,20,137.0,3.089,0.47,us,8.63,8.798,0.115,22
-9.5515,112.6251,36.169,4.0,14,90.0,1.852,0.81,us,7.13,11.179,0.164,10
14.9469,-94.235,10.0,4.2,45,183.0,2.004,0.97,us,7.16,1.768,0.095,31
51.6749,-176.7088,54.591,4.5,132,126.0,0.266,1.07,us,5.11,4.981,0.033,275
51.6777,160.4766,35.0,4.4,12,138.0,1.753,0.53,us,11.71,1.95,0.189,8
51.3518,159.7018,13.297,4.6,64,134.0,1.795,0.85,us,10.46,5.474,0.077,50
52.7497,160.9455,45.257,4.2,42,211.0,1.418,0.67,us,15.34,10.548,0.08,46
52.333,160.2423,43.243,4.6,101,143.0,1.191,0.88,us,9.2,7.624,0.051,116
51.0905,159.0182,32.499,4.5,69,132.0,1.949,0.57,us,10.5,5.928,0.073,55
-22.7943,68.3326,10.0,4.4,12,263.0,49.594,0.48,us,13.88,2.013,0.204,7
-30.6357,-71.8316,26.997,4.2,18,191.0,0.174,0.93,us,5.38,4.23,0.216,6
-57.5804,157.5833,10.0,4.2,18,137.0,3.182,0.75,us,9.53,1.925,0.152,12
6.9068,126.7658,71.956,4.2,31,121.0,1.189,1.06,us,8.83,7.71,0.117,21
50.0944,158.4424,19.206,4.5,59,134.0,2.936,0.59,us,9.74,4.805,0.081,45
52.7109,160.4741,10.0,4.2,40,199.0,1.149,0.44,us,8.8,1.884,0.078,46
-18.3413,167.5858,10.0,4.4,14,189.0,2.901,1.09,us,9.18,1.99,0.17,11
34.7251,32.5184,10.0,4.7,56,139.0,0.709,0.93,us,5.23,1.908,0.09,37
18.7706,145.3928,186.068,3.6,12,147.0,3.531,1.32,us,10.23,12.07,0.167,9
53.0705,161.261,10.0,4.9,96,113.0,1.577,0.78,us,7.83,1.863,0.027,446
42.7101,146.6667,10.0,4.2,37,150.0,2.692,1.14,us,10.2,1.936,0.105,25
7.3875,127.4028,10.0,4.1,12,99.0,1.837,0.81,us,8.25,1.931,0.214,8
51.6277,159.1623,47.227,4.6,91,135.0,1.733,0.44,us,10.48,7.215,0.061,79
-21.635,-68.4076,121.731,4.5,33,90.0,0.792,0.83,us,5.41,6.238,0.113,23
52.886,161.3167,10.0,4.4,13,109.0,1.619,1.06,us,11.52,1.928,0.219,6
40.4899,143.6278,28.747,4.2,21,138.0,1.564,0.33,us,8.04,6.896,0.175,9
34.7852,32.4193,10.0,4.3,17,158.0,0.77,0.7,us,5.71,1.943,0.217,6
51.1307,157.653,66.948,4.3,56,134.0,1.981,0.62,us,8.9,6.151,0.071,56
42.3005,144.6126,41.853,4.5,74,134.0,1.119,0.7,us,3.15,7.024,0.052,108
38.3179,20.4551,41.345,4.2,31,162.0,1.628,0.89,us,7.21,9.202,0.125,18
50.1236,158.8934,10.0,4.6,69,110.0,2.908,1.06,us,8.91,1.855,0.076,52
-0.337,99.2406,69.648,4.1,21,73.0,2.33,0.87,us,8.63,6.983,0.139,14
52.745,160.9204,10.0,4.9,71,115.0,1.404,0.72,us,8.03,1.864,0.044,160
-20.5026,-174.28,35.0,5.0,61,131.0,18.16,0.75,us,14.15,1.91,0.073,59
-57.3621,148.6989,10.0,4.7,21,113.0,19.915,0.61,us,16.26,1.925,0.133,17
51.6955,160.6594,10.0,4.5,47,134.0,1.813,0.38,us,10.91,1.909,0.095,33
6.7524,-72.9558,162.717,4.3,36,121.0,2.331,0.84,us,9.04,7.851,0.089,36
39.7192,142.2656,56.172,4.4,53,134.0,1.41,0.8,us,7.11,5.95,0.095,33
37.0156,140.6629,63.551,4.3,19,156.0,2.026,1.06,us,9.0,9.196,0.201,8
1.1255,96.9883,10.0,4.4,41,180.0,2.483,0.47,us,10.18,1.946,0.098,30
3.3383,-82.799,10.0,4.4,19,166.0,4.441,1.15,us,9.89,1.96,0.162,11
-17.275,-69.5359,166.067,4.3,42,109.0,0.317,1.02,us,7.94,2.718,0.084,40
39.2423,28.124,10.0,4.4,35,62.0,0.963,1.19,us,3.95,1.907,0.179,9
14.5607,-94.163,10.0,4.2,28,202.0,1.946,0.86,us,7.48,1.978,0.115,21
50.4763,159.1169,10.0,5.2,51,133.0,2.567,0.79,us,9.13,1.873,0.12,23
51.3472,157.5132,83.04,4.4,111,133.0,1.768,0.58,us,10.38,7.377,0.043,155
4.982,94.6883,60.668,4.5,40,138.0,2.263,0.54,us,8.62,8.02,0.104,27
51.4757,159.519,10.0,5.3,116,77.0,1.64,0.85,us,7.06,1.842,0.022,682
4.9649,126.051,76.493,4.3,41,107.0,0.615,0.74,us,8.03,7.579,0.088,36
9.2521,93.9445,10.0,4.0,15,118.0,5.627,0.53,us,10.59,1.93,0.233,7
49.8704,155.7956,77.137,5.2,203,73.0,3.454,0.56,us,4.38,5.383,0.043,182
1.7337,-102.3149,10.0,4.3,22,165.0,16.155,0.61,us,8.06,1.959,0.123,19
51.8133,161.2857,10.0,4.3,33,214.0,2.018,0.72,us,5.18,1.988,0.116,21
53.5281,153.7868,469.656,4.3,115,88.0,2.384,0.67,us,10.71,7.198,0.042,164
-18.0362,-177.9854,582.74,4.1,36,109.0,2.964,0.71,us,14.28,4.77,0.101,27
-21.7185,-179.4396,598.632,4.4,53,177.0,4.605,0.73,us,15.49,9.31,0.082,43
51.5101,159.3461,31.838,4.7,79,133.0,1.575,0.7,us,11.09,5.737,0.052,114
51.1178,-175.9955,10.0,4.0,42,203.0,0.788,0.5,us,4.63,1.918,0.108,23
-7.0597,129.323,164.396,4.2,12,109.0,5.041,0.57,us,12.1,10.79,0.159,11
53.1318,159.683,51.463,4.4,43,124.0,0.633,0.83,us,10.74,7.354,0.096,31
-15.6389,-177.8836,435.013,4.2,38,58.0,2.768,0.54,us,15.67,7.251,0.11,23
52.9373,160.7052,47.898,5.7,88,147.0,1.246,0.77,us,9.41,6.148,0.05,144
51.3096,159.5462,35.0,4.2,21,158.0,1.803,0.75,us,8.72,1.977,0.152,12
50.1719,158.2134,25.912,4.1,15,163.0,2.869,0.76,us,13.71,6.753,0.197,8
23.1183,120.6686,10.0,5.1,198,50.0,0.185,0.49,us,5.04,1.756,0.038,223
52.9701,159.9484,62.549,4.3,45,130.0,0.787,0.93,us,10.92,6.801,0.076,50
-61.2144,-36.2321,10.0,4.6,24,74.0,6.952,0.53,us,9.71,1.577,0.133,17
6.2369,94.9807,10.0,4.6,52,70.0,2.198,0.84,us,8.17,1.855,0.078,54
-27.5046,-179.5827,485.493,4.0,27,169.0,9.955,0.44,us,15.84,12.472,0.119,20
50.9878,159.374,10.0,4.7,105,125.0,2.087,1.01,us,8.21,1.884,0.054,104
53.1959,160.5831,46.725,4.2,84,116.0,1.178,0.7,us,9.88,7.787,0.062,72
51.564,159.3669,10.0,4.6,66,132.0,1.527,0.74,us,10.36,1.898,0.066,69
29.3846,129.2979,10.0,4.8,29,108.0,2.341,0.69,us,6.2,1.658,0.101,31
-57.1844,-67.8729,10.0,4.5,17,152.0,2.262,0.67,us,11.27,1.965,0.163,11
52.7737,161.1913,10.0,4.3,28,148.0,1.56,0.68,us,9.99,1.94,0.133,16
43.0876,130.9954,561.251,5.2,106,30.0,1.325,0.52,us,10.1,7.57,0.02,805
51.1456,159.442,10.0,4.4,39,129.0,1.943,1.1,us,7.49,1.912,0.095,32
44.9615,149.5849,35.0,4.2,12,195.0,5.069,1.21,us,14.04,2.007,0.186,8
-10.375,161.5426,67.9,4.2,13,113.0,1.826,0.48,us,11.7,7.319,0.16,11
-15.0574,-178.5268,420.677,4.4,17,144.0,2.468,0.69,us,11.66,9.057,0.139,15
-45.8845,95.7899,10.0,4.6,19,98.0,20.945,0.75,us,15.45,1.915,0.137,16
-8.1285,-73.5609,10.0,4.6,43,84.0,5.014,0.8,us,10.22,1.932,0.086,41
37.5165,71.8936,158.217,4.1,23,258.0,1.959,0.58,us,11.31,12.133,0.233,5
-8.0884,148.55,44.315,4.9,69,123.0,1.897,0.87,us,7.89,5.964,0.06,88
39.2087,28.2723,10.0,4.5,35,64.0,1.072,0.41,us,5.01,1.884,0.124,19
-24.9219,179.7411,526.029,4.2,28,96.0,4.78,0.93,us,15.46,9.537,0.128,21
52.6834,160.9778,10.0,4.7,51,125.0,1.452,0.77,us,11.13,1.852,0.048,130
50.7723,157.6973,47.321,4.2,37,135.0,2.33,0.62,us,12.81,8.406,0.101,27
50.3317,158.3979,22.634,4.1,28,228.0,2.7,0.82,us,15.33,7.921,0.127,17
50.9656,158.0824,32.08,4.1,32,128.0,2.091,0.44,us,10.3,6.019,0.123,18
-4.7694,140.6062,10.0,4.4,21,86.0,1.782,0.82,us,5.31,1.897,0.123,19
-14.7622,-72.3745,93.382,4.2,33,124.0,4.083,1.08,us,7.36,13.612,0.122,19
-57.6512,157.7609,10.0,4.7,36,98.0,3.229,1.04,us,10.67,1.913,0.085,42
51.2138,178.3018,42.317,4.5,66,137.0,0.649,0.69,us,6.38,7.416,0.05,118
-3.0498,-80.2418,52.291,4.2,32,123.0,1.099,0.92,us,6.73,11.154,0.118,20
34.8011,26.4845,54.9,4.2,28,165.0,0.928,0.68,us,7.03,9.399,0.199,7
-10.002,160.201,35.0,4.3,14,169.0,0.613,0.63,us,6.32,1.964,0.148,14
53.2526,161.0474,40.583,4.3,45,134.0,1.462,0.84,us,12.14,8.077,0.083,41
2.3958,98.9189,156.671,4.9,49,131.0,0.296,0.86,us,9.67,4.803,0.082,47
51.5831,159.7586,10.0,4.8,74,127.0,1.595,0.95,us,5.26,1.791,0.064,76
-19.7029,-177.3837,375.794,4.0,44,93.0,7.065,1.11,us,7.54,8.915,0.086,36
52.382,160.4702,10.0,4.3,30,166.0,1.28,0.61,us,11.04,1.953,0.122,19
50.0802,156.7628,41.912,4.1,25,131.0,3.088,0.67,us,9.86,5.733,0.15,12
29.3982,129.4199,10.0,4.5,41,108.0,2.285,0.98,us,7.14,1.85,0.09,36
-24.5919,179.8478,521.261,4.3,25,188.0,7.016,0.73,us,15.71,17.366,0.119,20
50.1556,155.8767,90.934,4.5,87,135.0,3.167,0.5,us,9.94,7.397,0.047,132
16.0831,-97.4466,29.321,4.4,58,208.0,0.3,1.11,us,6.26,7.844,0.057,87
52.1648,160.6812,21.154,4.7,49,122.0,1.508,1.34,us,9.65,5.576,0.067,68
-27.8354,-66.9033,147.458,4.7,64,43.0,3.1,0.72,us,7.18,7.309,0.032,304
52.0828,161.7033,10.0,4.1,20,125.0,2.089,0.77,us,10.29,1.918,0.175,9
-0.8814,132.2985,39.418,4.0,23,57.0,1.039,1.0,us,6.01,7.93,0.13,18
38.7566,23.5556,10.0,4.4,40,41.0,1.578,0.85,us,5.46,1.89,0.095,32
-1.0269,127.335,10.0,4.5,45,72.0,1.787,0.8,us,6.92,1.895,0.105,28
50.3119,158.4337,10.0,4.7,57,139.0,2.719,0.64,us,12.35,1.924,0.08,48
50.0928,157.764,27.83,4.3,28,138.0,2.986,1.23,us,10.79,5.672,0.138,17
-4.9392,153.0422,44.851,4.1,20,185.0,1.149,1.14,us,7.51,8.779,0.14,14
13.5341,-91.6326,32.216,4.1,30,240.0,1.022,0.78,us,9.5,9.299,0.107,24
36.0355,31.122,65.244,4.1,55,139.0,1.21,1.03,us,6.01,9.382,0.095,31
53.652,160.237,39.607,4.4,25,113.0,1.141,1.13,us,8.63,4.714,0.13,17
34.1975,87.7608,10.0,4.2,27,140.0,5.316,0.87,us,12.01,1.931,0.128,17
32.0487,131.8488,51.411,4.8,73,119.0,1.305,1.19,us,6.83,7.434,0.076,54
-32.2714,-179.2683,67.311,4.4,13,157.0,3.216,0.64,us,11.92,12.679,0.154,12
17.5228,145.6669,223.677,4.2,38,145.0,2.272,0.68,us,8.12,10.733,0.103,27
15.1323,-94.5367,33.637,4.0,35,172.0,1.642,0.95,us,7.09,10.808,0.134,15
51.602,159.7578,10.0,4.6,59,135.0,1.578,1.09,us,10.32,1.9,0.065,72
51.2477,159.3672,28.624,4.6,25,183.0,1.833,0.72,us,11.08,4.065,0.129,18
71.1097,-7.8105,10.0,4.6,73,61.0,4.709,0.73,us,3.76,1.848,0.061,81
29.2052,129.1951,10.0,4.2,29,94.0,2.497,1.05,us,7.6,1.9,0.141,16
-16.4482,167.2572,10.0,4.2,14,258.0,4.959,0.93,us,15.79,2.008,0.186,8
-21.1203,-69.2998,86.333,4.1,16,70.0,0.191,0.78,us,3.52,5.569,0.213,6
52.8862,160.8619,10.0,4.9,35,134.0,1.345,0.46,us,12.01,1.914,0.116,23
50.9309,158.5442,10.0,4.4,47,129.0,2.097,0.5,us,10.53,1.919,0.084,41
-20.1899,-177.6541,502.591,4.5,29,102.0,4.65,0.75,us,14.74,11.133,0.116,22
51.5411,158.814,55.478,4.1,20,126.0,1.488,0.72,us,11.47,8.363,0.145,13
38.3636,142.4686,28.542,4.1,18,180.0,2.654,0.54,us,9.06,8.002,0.198,7
39.3411,93.4557,10.0,4.5,64,107.0,8.795,0.74,us,10.28,1.886,0.069,61
10.8814,125.9051,35.0,4.4,31,121.0,9.161,0.54,us,13.62,1.93,0.114,22
51.3629,159.5807,10.0,4.4,36,128.0,1.759,0.85,us,7.14,1.895,0.121,21
32.8796,24.4403,10.0,4.5,21,211.0,3.487,0.95,us,7.17,1.961,0.204,7
-6.8976,127.3696,378.31,4.2,19,97.0,4.181,0.86,us,12.1,10.93,0.215,7
-2.5975,35.988,10.0,4.4,24,117.0,1.931,1.04,us,7.17,1.925,0.149,13
49.5992,155.2978,86.286,4.1,15,170.0,3.822,0.48,us,14.54,8.892,0.197,7
53.1568,161.0584,10.0,4.2,20,117.0,1.459,1.16,us,8.92,1.746,0.118,20
17.4847,-61.2607,22.975,4.3,39,178.0,0.533,0.82,us,5.65,7.212,0.201,8
11.2983,123.9672,10.0,4.9,62,102.0,4.493,0.6,us,9.06,1.896,0.084,44
-9.4859,123.5792,83.116,4.2,12,133.0,0.729,1.26,us,8.12,8.723,0.199,7
-47.3633,165.4721,10.0,4.3,37,99.0,1.457,0.91,us,8.11,1.922,0.177,9
14.7633,-92.4118,66.774,4.4,35,135.0,0.852,0.5,us,5.62,7.714,0.138,15
52.6734,160.4363,10.0,4.0,30,151.0,1.139,0.42,us,10.88,1.951,0.113,21
51.914,160.1233,35.0,4.7,42,187.0,1.431,1.0,us,9.38,1.964,0.07,63
53.1972,-167.02,46.312,3.9,46,165.0,0.576,0.8,us,4.49,8.298,0.091,32
30.6605,142.7651,10.0,4.4,39,130.0,3.506,0.85,us,8.44,1.891,0.085,40
31.3221,138.4064,364.323,4.4,138,55.0,2.149,0.65,us,8.3,7.236,0.049,125
-55.6902,-26.2571,10.0,4.5,22,116.0,6.056,0.62,us,11.21,1.815,0.14,17
4.3473,128.528,10.0,4.3,27,89.0,3.064,0.6,us,8.55,1.89,0.133,16
-6.4066,146.528,104.314,4.2,32,77.0,3.044,0.71,us,10.1,8.342,0.136,22
29.2307,129.268,10.0,5.2,80,64.0,2.491,1.1,us,6.4,1.84,0.043,181
50.8196,158.995,11.993,4.6,84,136.0,2.217,0.65,us,8.74,3.985,0.066,68
52.9381,159.7145,58.265,4.3,29,118.0,0.649,0.43,us,6.89,6.912,0.126,18
39.1389,28.171,10.0,4.1,27,57.0,0.987,1.01,us,3.91,1.937,0.165,10
53.4962,160.2949,10.0,4.6,30,113.0,1.096,1.04,us,8.81,1.89,0.125,19
-47.7615,116.0503,10.0,4.3,15,142.0,14.844,0.52,us,12.75,1.86,0.16,11
-6.2671,130.8945,119.258,4.2,19,111.0,1.994,1.15,us,7.46,7.865,0.176,10
4.412,96.5767,10.0,4.6,37,65.0,0.891,1.16,us,5.53,1.706,0.103,29
51.461,159.7026,10.0,4.5,46,163.0,1.693,0.8,us,7.14,1.913,0.087,39
8.6313,-103.4518,10.0,4.1,34,215.0,10.07,0.56,us,14.26,1.993,0.099,28
52.3084,160.3714,31.272,4.9,36,123.0,1.813,0.61,us,8.17,4.88,0.108,27
52.9217,161.1007,10.0,4.3,21,172.0,1.486,0.73,us,11.35,1.947,0.128,17
52.6478,160.2382,35.0,5.4,37,118.0,1.034,0.89,us,9.18,1.903,0.117,25
53.8437,160.997,37.762,4.7,157,100.0,1.627,0.71,us,8.74,6.559,0.045,150
50.3077,159.6189,10.0,4.3,36,126.0,2.786,0.82,us,9.66,1.912,0.116,21
-5.1266,102.6714,38.826,4.1,14,180.0,1.37,0.74,us,10.06,9.509,0.197,7
13.0447,145.6777,10.0,4.4,24,105.0,0.956,0.88,us,7.59,1.914,0.139,15
50.3131,158.2444,10.0,4.5,90,171.0,2.726,0.74,us,10.64,1.924,0.054,100
-59.5973,-26.3589,109.83,5.2,168,26.0,7.679,0.56,us,10.88,4.464,0.05,132
52.0628,160.4337,35.0,4.3,29,167.0,1.97,1.12,us,5.79,1.971,0.094,32
52.4306,159.9097,72.843,4.9,132,96.0,1.505,0.65,us,9.64,6.263,0.052,116
17.6794,122.9543,10.0,4.5,43,129.0,5.406,0.52,us,11.21,1.914,0.108,25
41.4963,143.0188,45.008,4.0,53,134.0,0.528,0.56,us,7.36,8.415,0.092,33
-6.7723,129.6936,167.242,4.2,30,69.0,4.597,0.48,us,8.16,9.417,0.128,20
-24.3772,179.9373,531.152,4.1,16,184.0,6.829,0.69,us,14.45,13.902,0.151,12
7.5868,-36.6151,10.0,4.4,12,117.0,13.344,0.54,us,15.3,1.951,0.179,9
39.0297,70.638,10.0,4.5,80,79.0,1.007,1.08,us,4.09,1.856,0.07,60
-28.2238,-176.6696,35.0,4.6,30,187.0,1.503,0.62,us,12.36,1.923,0.125,20
50.7026,149.9577,520.027,4.1,60,89.0,5.363,0.42,us,9.76,6.841,0.056,88
-5.8244,152.4463,10.0,4.6,25,155.0,1.565,0.72,us,4.92,1.917,0.136,16
52.3793,160.8381,10.0,4.5,16,171.0,1.48,0.59,us,12.19,1.954,0.191,10
40.9443,143.0631,39.127,5.0,94,96.0,1.072,0.64,us,7.61,5.996,0.055,106
52.6878,160.7325,28.431,4.3,24,126.0,1.307,0.45,us,10.46,6.691,0.129,17
50.4554,159.2215,10.0,4.2,35,133.0,2.596,0.57,us,9.53,1.918,0.11,23
53.0886,160.9767,35.0,4.4,56,117.0,1.406,0.61,us,9.31,1.895,0.073,55
3.0339,128.068,73.673,4.0,24,84.0,2.354,0.69,us,8.54,10.608,0.164,10
-28.328,-174.9091,10.0,4.7,42,121.0,2.804,0.53,us,12.39,1.842,0.089,38
51.2307,159.2636,10.0,4.8,84,137.0,1.835,0.73,us,9.54,1.901,0.061,82
-1.0712,119.766,45.354,4.7,62,52.0,1.543,0.76,us,4.6,7.923,0.081,46
32.0486,56.3493,10.0,4.6,73,149.0,6.044,0.65,us,10.58,1.919,0.072,57
52.6868,161.3702,10.0,4.1,26,134.0,1.684,0.94,us,13.48,1.937,0.127,17
53.1566,160.7271,11.328,4.2,33,137.0,1.26,0.74,us,10.98,4.454,0.132,16
-0.2339,125.8821,54.642,4.6,60,40.0,1.789,0.77,us,6.51,5.28,0.067,68
50.6596,160.0355,10.0,4.3,50,136.0,2.518,0.5,us,6.83,1.907,0.063,71
-18.0233,-177.7486,626.135,4.3,41,117.0,3.153,0.82,us,15.92,9.681,0.097,30
51.7281,159.4201,58.703,4.4,32,126.0,1.381,0.87,us,9.95,8.064,0.11,24
50.6319,159.9877,10.0,4.7,75,124.0,2.535,0.61,us,8.33,1.884,0.043,161
50.278,159.5416,10.0,4.5,43,137.0,2.805,0.64,us,9.65,1.81,0.089,37
50.7446,157.1493,50.573,5.2,124,129.0,2.392,0.57,us,9.3,6.398,0.057,102
32.3762,137.2337,421.052,4.0,50,110.0,2.295,0.6,us,6.07,8.433,0.049,110
14.1197,-92.9129,10.0,4.5,67,206.0,1.189,0.81,us,8.57,1.987,0.054,99
51.2873,157.5447,75.204,4.2,38,134.0,1.826,0.64,us,10.96,8.245,0.117,20
-9.4878,110.4116,10.0,4.0,18,93.0,2.423,0.96,us,4.84,1.946,0.197,7
34.4204,140.2268,114.964,4.1,29,135.0,1.347,0.48,us,10.52,8.881,0.127,17
43.4229,-126.7888,10.0,3.9,85,193.0,1.476,0.94,us,7.99,1.99,0.112,21
5.0984,123.5765,569.866,4.3,60,39.0,1.93,0.65,us,11.76,8.87,0.083,41
51.9486,160.3827,10.0,4.2,18,228.0,2.009,0.58,us,14.92,2.004,0.146,13
52.2422,160.3207,35.0,4.3,30,123.0,1.284,1.29,us,8.98,1.93,0.116,21
51.6708,159.9679,10.0,4.3,19,218.0,1.578,0.87,us,7.28,1.97,0.168,10
48.9896,156.1798,10.0,5.2,152,118.0,4.234,0.98,us,10.1,1.867,0.029,391
52.9462,161.0707,10.0,4.4,108,132.0,1.466,0.74,us,9.61,1.889,0.055,101
21.7768,144.1722,137.582,4.7,92,106.0,5.596,0.6,us,11.68,7.457,0.061,82
-21.4617,-179.0454,588.803,4.4,86,69.0,4.599,0.78,us,12.9,6.275,0.036,225
54.8415,160.1378,10.0,4.1,28,135.0,2.023,0.42,us,6.55,1.927,0.085,38
51.5493,177.8198,93.27,4.0,35,204.0,4.989,0.74,us,17.18,14.053,0.096,29
-24.2762,179.9443,511.063,4.3,26,101.0,5.301,0.83,us,15.44,9.718,0.114,23
-6.2552,147.2248,64.997,4.6,46,83.0,3.13,0.48,us,8.44,7.536,0.086,40
-32.3472,-71.9528,30.24,4.2,27,185.0,0.721,0.37,us,3.69,7.552,0.263,4
51.8637,158.4105,67.372,4.3,34,135.0,1.171,0.64,us,9.49,7.452,0.108,24
50.4117,156.5472,80.71,4.4,48,125.0,2.794,0.95,us,10.77,6.217,0.08,45
50.3789,157.4047,59.9,4.4,57,124.0,2.74,1.02,us,10.79,7.133,0.057,89
29.277,129.5242,10.0,4.3,18,111.0,2.365,0.32,us,5.97,1.916,0.177,10
48.964,156.0534,43.397,5.0,82,129.0,4.278,0.65,us,9.76,7.052,0.063,80
-7.032,155.7382,83.873,4.7,66,80.0,4.541,0.94,us,8.72,7.242,0.051,118
-5.0493,131.0181,42.308,4.3,32,70.0,1.227,0.86,us,6.02,6.738,0.129,17
9.0158,126.4141,55.135,4.5,37,119.0,2.103,0.95,us,11.1,9.156,0.108,25
51.4482,158.8543,59.136,4.0,24,167.0,1.583,0.5,us,11.97,9.001,0.13,17
23.4513,121.4769,30.693,4.1,30,93.0,0.175,1.22,us,3.65,1.792,0.185,9
51.8308,158.9979,56.964,4.9,92,119.0,1.213,0.54,us,10.6,7.202,0.06,88
50.3429,159.5699,10.0,4.7,134,71.0,2.745,0.72,us,8.07,1.679,0.033,277
31.6492,138.1785,378.015,3.8,34,89.0,2.013,0.72,us,10.35,8.974,0.114,20
38.4887,142.1333,35.0,4.4,58,134.0,2.441,0.58,us,8.54,1.928,0.084,41
1.1965,96.9156,10.0,4.2,15,205.0,0.668,0.4,us,7.53,1.937,0.216,6
-55.2945,-27.9457,20.422,4.5,18,123.0,5.046,0.48,us,13.23,3.886,0.131,17
-29.4035,-176.5815,10.0,4.8,26,135.0,1.187,0.88,us,7.51,1.923,0.111,29
53.1416,160.1562,53.071,5.0,197,52.0,0.916,0.82,us,8.17,5.43,0.031,332
-7.4124,130.6464,22.162,4.3,20,120.0,2.964,1.14,us,8.84,5.368,0.154,12
32.139,49.9742,10.0,4.2,19,156.0,4.627,0.84,us,10.34,1.942,0.112,22
-57.1605,-67.1881,10.0,4.7,30,135.0,16.585,0.57,us,15.85,1.9,0.123,20
51.4877,159.3543,35.0,4.3,22,155.0,1.598,0.64,us,9.39,1.883,0.142,15
51.6828,160.6606,10.0,4.3,31,127.0,1.823,0.67,us,9.66,1.914,0.106,25
51.0353,158.6013,35.0,4.6,101,129.0,1.991,0.78,us,8.29,1.911,0.053,105
50.4259,159.1208,10.0,4.3,43,133.0,2.618,0.8,us,8.19,1.703,0.097,30
49.9094,157.3663,26.722,4.6,110,91.0,3.21,0.74,us,8.89,5.33,0.052,110
-4.5098,-12.5439,10.0,4.5,39,79.0,3.85,0.55,us,11.68,1.886,0.099,30
52.3318,160.5016,35.0,4.6,36,122.0,1.874,1.01,us,10.91,1.939,0.093,34
-7.7519,128.312,89.733,4.5,29,83.0,3.578,1.0,us,6.48,7.903,0.128,18
73.2204,6.5925,10.0,4.5,68,64.0,5.867,0.67,us,4.08,1.856,0.082,43
-22.7464,-70.6559,52.352,4.1,13,193.0,1.086,0.68,us,5.67,10.63,0.26,4
51.6136,158.4984,73.349,4.6,97,108.0,1.415,0.7,us,8.91,6.64,0.058,90
52.0961,159.2382,35.0,5.0,118,95.0,0.996,0.91,us,8.57,1.841,0.033,302
48.8544,156.0836,10.0,4.9,69,134.0,4.38,0.87,us,11.62,1.893,0.046,150
51.0212,-179.8061,35.0,4.5,59,176.0,0.665,0.65,us,4.7,1.928,0.041,177
51.2698,159.8048,10.0,4.8,52,129.0,1.895,1.08,us,8.9,1.887,0.063,77
33.0193,88.3561,10.0,5.0,81,84.0,4.068,0.84,us,4.94,1.786,0.053,112
17.7821,-94.1975,188.331,5.0,96,94.0,2.472,0.71,us,9.96,6.24,0.024,534
-7.2808,129.039,148.234,4.5,31,39.0,5.321,0.51,us,8.04,9.396,0.124,19
-55.349,-27.98,10.0,4.6,35,67.0,5.035,0.46,us,5.84,1.904,0.095,33
51.5172,159.2225,55.549,4.2,28,139.0,1.549,0.6,us,11.97,7.872,0.121,19
51.8377,160.8717,10.0,4.6,54,126.0,1.806,0.63,us,8.95,1.839,0.054,103
51.098,158.941,34.661,4.8,32,125.0,1.937,1.16,us,8.94,3.802,0.114,24
53.3909,159.9742,61.343,4.5,24,133.0,1.396,0.62,us,12.61,6.546,0.151,13
51.7884,160.0855,10.0,5.3,116,126.0,1.518,1.12,us,8.62,1.869,0.033,305
-17.8948,168.1647,7.066,4.3,18,172.0,2.602,0.93,us,10.16,4.332,0.168,12
42.2959,144.652,35.0,4.5,90,132.0,1.146,0.89,us,7.47,1.485,0.063,74
-24.2524,-67.5035,179.903,4.3,19,113.0,1.435,0.67,us,7.34,7.429,0.177,9
39.1711,28.2092,10.0,4.3,12,81.0,1.019,0.36,us,2.81,1.988,0.238,5
10.5825,125.6466,10.0,4.4,21,108.0,5.814,0.38,us,8.59,1.906,0.143,14
50.0822,157.2741,30.003,4.3,34,132.0,3.042,0.8,us,5.69,5.538,0.104,26
31.3589,140.9594,53.822,4.6,69,113.0,2.002,0.53,us,10.47,7.822,0.074,55
-31.7668,-69.7166,113.316,4.5,46,61.0,0.919,0.95,us,4.59,6.758,0.125,19
50.2101,159.6414,10.0,4.5,62,127.0,2.884,0.58,us,10.1,1.902,0.057,91
52.1276,161.4042,10.0,4.3,29,124.0,1.905,1.16,us,9.87,1.908,0.126,19
60.5498,-139.6848,5.0,4.1,47,53.0,0.536,1.17,us,2.09,2.002,0.261,4
-24.308,-67.1961,187.741,4.2,29,60.0,1.623,0.91,us,9.52,10.516,0.167,10
11.1563,123.9487,10.0,4.5,31,130.0,6.559,0.65,us,14.95,1.914,0.106,27
-5.372,152.9979,10.0,4.4,19,156.0,1.434,1.33,us,6.36,1.926,0.148,13
-57.6755,157.4881,10.0,4.3,13,145.0,3.287,0.88,us,10.55,1.948,0.2,7
52.5577,160.9675,10.0,4.1,20,152.0,1.483,1.1,us,7.3,1.947,0.235,5
-22.7835,-112.3863,10.0,4.5,43,151.0,5.135,0.52,us,7.99,1.919,0.09,36
2.6947,128.4941,220.634,4.4,49,89.0,2.218,0.85,us,6.92,8.271,0.095,32
13.1747,144.567,75.892,4.5,32,128.0,2.366,0.62,us,14.15,8.79,0.078,49
50.9094,159.0052,10.0,4.3,19,225.0,2.129,1.07,us,12.97,1.973,0.148,13
52.0546,160.4213,10.0,4.7,38,122.0,1.453,1.2,us,9.66,1.894,0.07,67
49.7576,157.3809,17.955,4.4,66,134.0,3.361,0.55,us,9.69,4.782,0.077,49
-8.1718,-75.8205,10.0,4.9,65,135.0,3.117,0.75,us,9.33,1.885,0.05,127
-20.6463,-69.019,101.767,4.4,22,79.0,0.518,0.56,us,4.18,5.317,0.139,15
51.4008,-174.942,35.0,3.7,41,215.0,0.848,1.02,us,5.34,2.012,0.115,19
1.9937,126.618,46.143,4.6,60,93.0,1.426,0.89,us,6.66,7.079,0.078,49
51.7751,160.3369,10.0,4.0,16,155.0,1.622,0.98,us,11.98,1.957,0.15,12
51.5494,159.4998,35.0,5.0,15,192.0,1.566,0.53,us,13.03,1.997,0.179,10
34.8282,24.4278,49.811,4.4,38,167.0,2.351,0.35,us,8.6,7.277,0.134,16
-39.3222,-75.076,10.0,4.3,15,178.0,1.391,0.8,us,8.83,1.959,0.218,6
52.2983,160.3072,38.378,4.8,73,117.0,1.243,0.77,us,8.83,6.907,0.038,217
52.0083,159.9324,35.0,4.9,53,156.0,1.753,1.15,us,7.25,1.89,0.064,98
-8.6238,127.3137,35.0,4.4,29,70.0,3.211,0.68,us,7.51,1.934,0.12,20
-12.2556,167.1956,255.664,4.7,66,46.0,3.172,0.64,us,11.22,6.696,0.035,252
42.2361,144.3767,45.594,4.2,75,134.0,0.934,0.53,us,8.48,7.749,0.069,58
52.7315,160.8354,10.0,4.2,23,182.0,1.356,0.96,us,13.78,1.977,0.153,12
52.6933,160.986,10.0,4.4,49,134.0,1.454,0.66,us,11.39,1.911,0.092,34
-14.2592,167.6566,10.029,4.2,23,153.0,1.26,1.35,us,13.28,6.157,0.146,14
49.9492,157.2242,28.646,4.5,37,133.0,3.177,1.03,us,10.6,4.622,0.1,29
49.0173,157.824,10.0,4.6,125,138.0,4.045,0.9,us,9.42,1.881,0.051,115
-22.5584,-179.82,577.059,4.3,28,121.0,5.189,0.62,us,14.81,10.035,0.113,22
-20.0804,-175.514,234.711,4.4,28,99.0,5.361,0.34,us,9.5,9.426,0.105,26
51.7576,160.5245,10.0,4.4,22,192.0,1.711,1.06,us,8.19,1.968,0.134,16
-15.8562,-70.2729,227.492,4.2,22,140.0,1.884,0.89,us,7.91,9.731,0.2,7
7.2744,126.6818,91.737,4.5,30,81.0,1.113,0.88,us,10.56,8.282,0.104,29
40.8435,142.9824,35.0,4.6,43,134.0,1.178,1.15,us,7.49,1.932,0.091,36
51.1476,178.1887,10.0,3.2,19,297.0,0.736,0.96,us,3.76,1.876,0.241,4
51.7806,158.593,35.0,4.0,34,159.0,1.245,0.69,us,8.83,1.91,0.113,21
-29.4769,-176.6905,10.0,4.8,26,143.0,1.106,1.19,us,7.58,1.935,0.111,29
51.4709,159.8052,10.0,4.3,34,126.0,1.709,0.87,us,8.43,1.899,0.114,22
2.616,95.8441,28.724,4.2,19,198.0,3.077,0.44,us,13.18,5.893,0.167,10
51.5273,161.0624,10.0,4.7,41,191.0,2.108,0.64,us,9.05,1.95,0.036,229
-13.2903,167.002,206.545,4.4,27,146.0,2.153,1.06,us,14.48,6.581,0.108,25
54.5414,-159.9198,20.655,4.1,67,157.0,0.348,1.07,us,4.72,6.144,0.157,11
60.4975,-140.1135,5.0,4.5,43,75.0,0.409,0.68,us,3.15,1.861,0.125,19
50.8173,157.7211,39.461,5.4,36,184.0,2.295,0.62,us,12.25,8.08,0.121,23
-2.1059,139.3601,22.544,4.3,39,82.0,1.337,0.65,us,5.79,5.858,0.111,26
-9.1425,125.9261,10.0,4.5,19,129.0,1.746,0.96,us,9.36,1.908,0.135,16
50.121,157.216,33.212,4.2,39,132.0,3.007,0.47,us,12.47,6.606,0.096,30
44.7058,146.4943,156.664,4.2,116,132.0,2.856,0.55,us,10.56,8.238,0.053,101
-16.5353,-173.8476,112.204,4.4,24,129.0,3.285,0.55,us,12.92,12.354,0.149,16
50.5924,157.9873,35.0,4.2,46,135.0,2.469,0.58,us,11.29,1.941,0.072,54
53.0926,159.7756,75.658,4.8,178,137.0,0.683,0.55,us,9.77,5.807,0.036,244
-36.8923,177.6072,104.209,4.3,12,112.0,0.871,1.16,us,13.63,9.816,0.218,6
-56.2384,-27.361,105.506,4.4,26,74.0,5.574,0.91,us,12.48,7.726,0.112,23
52.4248,160.4688,35.0,4.9,24,166.0,1.817,0.95,us,11.53,1.971,0.136,17
50.255,159.0845,10.0,4.3,25,134.0,2.786,1.21,us,10.66,1.908,0.148,14
-14.685,167.5855,10.0,4.9,35,54.0,0.843,0.5,us,7.02,1.865,0.098,35
29.2823,129.3891,10.0,4.5,74,108.0,2.402,0.49,us,6.98,1.866,0.074,54
43.3761,-61.4153,10.0,3.8,10,247.0,2.014,0.82,us,4.04,2.017,0.294,3
42.7471,146.4196,35.0,4.0,20,134.0,2.525,1.02,us,7.4,1.662,0.144,13
17.5185,-94.9116,135.395,4.3,49,124.0,0.693,0.85,us,6.06,6.383,0.087,37
29.9855,131.0793,34.786,4.5,39,135.0,1.612,0.45,us,8.07,6.279,0.121,20
-22.7597,-66.771,219.095,4.8,59,43.0,1.313,0.86,us,10.65,7.314,0.059,90
-4.3346,-12.1798,10.0,4.9,42,97.0,19.181,0.88,us,13.06,1.893,0.07,64
20.4905,92.3253,10.0,4.1,16,163.0,2.526,0.6,us,9.3,1.984,0.234,5
-6.1112,150.3046,46.883,4.3,23,135.0,2.476,0.66,us,11.98,9.31,0.142,14
52.23,160.4298,10.0,4.3,35,123.0,1.345,1.08,us,9.3,1.884,0.099,34
-60.3049,-62.8163,10.0,4.7,29,130.0,4.522,0.88,us,10.51,1.91,0.102,29
38.9238,70.8581,10.776,4.5,131,60.0,0.917,0.82,us,3.33,3.845,0.052,112
51.7131,160.0574,40.182,4.2,26,137.0,1.571,0.68,us,10.04,7.671,0.132,16
52.6033,160.3283,34.411,4.4,30,119.0,1.102,0.69,us,9.43,6.426,0.101,28
52.6829,160.0952,43.301,4.3,27,203.0,0.94,0.65,us,8.79,9.345,0.133,16
-23.3734,179.0041,546.395,4.6,57,58.0,5.67,0.84,us,12.26,8.892,0.031,311
37.2868,72.0551,108.958,4.2,49,165.0,1.079,0.8,us,8.65,6.513,0.105,25
-4.2194,69.0708,10.0,4.3,19,217.0,4.623,0.47,us,13.64,1.986,0.177,9
37.5398,19.8784,35.0,4.0,24,139.0,1.67,1.15,us,7.06,1.968,0.232,5
42.5481,88.1162,10.0,4.5,57,105.0,5.427,0.78,us,10.16,1.908,0.081,44
40.3302,142.4798,58.501,4.5,49,131.0,1.172,0.6,us,6.78,7.995,0.098,30
25.5434,56.1875,11.485,4.3,31,76.0,0.596,0.82,us,8.41,5.224,0.097,30
28.0958,103.5573,10.0,4.3,24,162.0,7.838,0.59,us,12.88,1.942,0.137,15
9.3798,93.87,10.0,4.6,60,123.0,5.13,0.35,us,9.32,1.902,0.084,42
41.02,142.8972,41.31,4.4,59,134.0,1.013,0.68,us,7.17,7.342,0.08,49
-33.1772,-179.8303,96.279,4.6,23,244.0,4.632,0.39,us,15.78,12.282,0.116,22
-22.2024,-179.5728,590.176,4.3,39,133.0,4.965,0.48,us,13.23,8.145,0.102,27
-20.4466,-177.8582,549.724,4.4,44,99.0,4.708,0.57,us,12.02,5.757,0.09,35
39.8128,143.098,41.582,4.6,80,122.0,1.836,0.55,us,8.64,7.118,0.067,66
-6.4242,128.1732,381.771,4.0,24,68.0,5.09,0.47,us,6.23,10.62,0.173,9
49.8443,155.9729,68.381,4.6,86,127.0,3.442,0.52,us,10.13,6.961,0.051,115
27.1532,-175.1954,10.0,4.5,48,119.0,2.199,0.66,us,12.47,1.93,0.058,89
9.6436,126.3902,35.0,5.0,165,74.0,2.68,0.65,us,9.95,1.821,0.047,145
-23.5484,179.9739,525.631,4.2,56,113.0,6.048,0.66,us,10.76,10.384,0.074,51
52.2526,160.4386,25.588,4.7,63,163.0,1.336,0.85,us,12.13,6.713,0.073,57
29.0951,129.3672,11.431,4.4,48,108.0,2.45,0.99,us,6.97,4.721,0.097,31
-16.6205,-179.595,544.439,4.1,31,132.0,1.002,1.18,us,15.64,9.774,0.081,41
27.6641,139.8924,484.318,4.3,81,82.0,2.115,0.64,us,8.42,8.653,0.038,204
39.1807,28.1691,10.0,4.3,42,43.0,0.989,1.03,us,4.18,1.889,0.116,21
-1.0068,125.8137,54.918,4.0,8,118.0,2.352,0.07,us,13.47,11.947,0.26,4
52.3404,160.6815,10.0,4.3,30,149.0,1.413,0.71,us,9.39,1.949,0.122,19
-22.2384,-68.568,142.402,4.3,24,74.0,0.764,0.78,us,6.8,7.482,0.217,6
52.2135,161.644,10.0,4.8,81,126.0,1.997,0.61,us,10.2,1.852,0.042,175
-17.2873,-177.093,383.261,4.6,112,74.0,3.48,0.72,us,10.56,6.773,0.056,95
56.2164,164.7038,10.0,4.5,18,89.0,4.754,0.61,us,9.26,1.925,0.116,22
52.2794,160.2634,35.0,4.3,27,214.0,1.233,1.14,us,9.72,1.978,0.129,17
52.1616,160.6216,21.093,4.6,48,75.0,1.48,0.74,us,6.98,4.185,0.091,36
60.4782,-139.6172,5.0,4.3,60,47.0,0.497,1.01,us,1.96,1.906,0.133,19
16.2496,41.1584,10.0,4.3,29,101.0,3.537,0.64,us,10.33,1.932,0.111,23
51.3626,160.3989,10.0,4.0,28,168.0,1.981,0.77,us,10.83,1.915,0.123,18
52.7231,160.6649,10.0,4.7,112,118.0,1.258,0.89,us,8.22,1.874,0.051,115
27.1252,140.1384,478.222,4.3,142,40.0,1.824,0.64,us,10.65,6.751,0.049,120
5.1744,123.7663,10.0,4.4,24,68.0,1.762,0.81,us,6.63,1.893,0.138,15
27.4383,126.6717,171.94,4.6,52,64.0,1.548,0.94,us,8.26,7.572,0.056,97
52.6613,161.6762,10.0,4.3,20,147.0,1.871,0.95,us,10.94,1.953,0.169,10
53.0514,161.5388,10.0,4.5,57,118.0,1.745,0.52,us,9.39,1.853,0.082,43
36.5384,70.516,217.624,4.0,26,151.0,2.312,0.89,us,6.38,10.435,0.211,6
-7.0257,147.3571,49.747,4.2,17,120.0,2.372,1.14,us,11.33,8.872,0.124,18
51.5579,159.6469,24.32,4.6,38,137.0,1.96,1.33,us,9.91,5.605,0.076,52
49.2029,155.5603,64.406,4.5,53,137.0,4.136,0.65,us,11.64,7.942,0.069,61
-17.3134,-69.466,177.241,4.2,17,215.0,0.275,1.22,us,10.34,4.643,0.186,8
-21.0976,-179.1914,622.15,4.6,41,122.0,4.229,0.55,us,6.79,8.59,0.084,42
-56.135,-68.3922,10.0,4.0,10,145.0,2.584,0.82,us,7.76,1.93,0.259,4
-47.5014,-13.447,10.0,5.3,44,74.0,24.751,0.57,us,12.2,1.846,0.072,65
41.8776,142.4288,60.248,4.3,37,112.0,0.56,0.54,us,7.69,8.068,0.109,24
23.6902,-44.9762,10.0,4.7,38,104.0,16.824,0.76,us,13.47,1.917,0.092,36
-3.112,142.9974,10.0,4.5,19,70.0,2.367,0.66,us,8.24,1.907,0.14,15
6.5814,94.2449,87.227,4.3,33,111.0,3.005,1.0,us,13.49,4.944,0.114,22
21.8926,121.3252,10.0,4.4,37,133.0,0.948,0.99,us,5.44,1.829,0.12,20
28.3448,104.6089,10.0,4.4,48,76.0,4.68,0.81,us,9.88,1.902,0.093,33
50.1081,159.6599,10.0,4.3,26,228.0,2.987,0.66,us,9.79,1.955,0.133,16
16.5243,-59.6954,10.0,4.6,46,146.0,1.323,0.51,us,6.1,1.92,0.063,76
-21.3328,-179.0199,519.975,4.3,50,127.0,4.512,0.58,us,15.84,10.223,0.077,50
-21.9951,-177.9062,359.768,4.3,17,109.0,5.686,1.06,us,15.7,12.812,0.153,12
59.9692,-29.7573,10.0,4.4,22,168.0,6.191,0.62,us,13.11,1.957,0.144,14
-22.8929,-66.869,236.405,4.2,16,90.0,1.209,0.74,us,13.24,12.074,0.175,9
33.1712,-39.6429,10.0,4.7,21,94.0,12.386,0.79,us,11.72,1.806,0.137,16
-4.6174,153.6788,99.665,4.4,41,119.0,1.569,0.57,us,9.87,7.088,0.095,32
50.0134,156.7199,35.0,4.7,88,125.0,3.159,0.95,us,8.75,1.907,0.042,170
-55.7112,-26.8681,35.0,4.4,15,122.0,5.719,0.76,us,6.21,1.933,0.162,11
23.4149,94.6684,105.73,4.5,57,64.0,2.211,0.47,us,8.11,6.964,0.088,40
30.4466,69.518,37.479,4.4,111,66.0,8.196,0.49,us,10.15,6.977,0.056,99
2.188,124.5973,238.48,4.5,32,86.0,2.677,0.69,us,8.72,7.485,0.124,24
-11.8875,165.3115,10.0,4.6,32,110.0,3.987,0.82,us,8.94,1.862,0.078,49
-1.92,139.1436,25.027,4.7,37,83.0,1.17,0.5,us,7.3,5.61,0.106,27
3.0511,-31.3163,10.0,4.9,36,83.0,9.937,0.69,us,11.48,1.891,0.096,34
52.6895,160.303,56.773,4.7,92,120.0,1.057,0.91,us,9.99,7.396,0.06,83
-6.096,142.6566,10.0,4.4,21,77.0,3.234,0.73,us,7.91,1.937,0.155,12
-55.9161,-26.0767,10.0,4.5,16,114.0,6.196,0.5,us,14.74,1.639,0.145,14
0.8821,92.7848,10.0,4.8,42,55.0,4.808,0.78,us,9.92,1.868,0.107,27
52.8522,160.8574,10.0,4.7,25,143.0,1.347,1.14,us,8.78,1.86,0.159,12
23.1373,120.5369,7.035,4.5,29,58.0,0.183,1.2,us,3.96,5.417,0.121,20
52.6654,159.2701,43.981,4.8,19,226.0,0.52,0.79,us,8.62,9.197,0.185,9
52.6952,159.6643,82.85,4.4,17,193.0,0.697,0.64,us,14.85,9.774,0.155,12
-6.4619,147.5559,35.0,4.5,22,119.0,2.95,1.04,us,7.83,1.945,0.124,19
51.6577,158.8083,35.0,5.7,92,109.0,1.371,1.04,us,8.22,1.9,0.028,465
18.8687,145.8904,229.981,3.9,14,176.0,3.609,0.57,us,18.23,12.105,0.171,9
34.6969,70.789,10.0,4.5,28,136.0,1.377,0.67,us,10.65,2.313,0.089,37
51.6326,159.3946,10.0,4.6,28,127.0,1.466,0.53,us,8.86,1.887,0.141,22
-56.0306,-26.7365,38.15,5.2,115,57.0,5.858,0.57,us,10.77,5.004,0.06,91
51.8876,161.0691,10.0,4.8,105,126.0,1.867,0.76,us,9.38,1.892,0.038,219
52.9957,160.9178,31.774,4.5,25,137.0,1.371,0.76,us,9.13,5.242,0.156,12
-27.495,-176.1569,10.0,5.3,58,74.0,11.076,0.66,us,12.11,1.857,0.034,291
-32.8133,-178.9014,35.0,4.8,38,111.0,5.26,0.76,us,12.58,1.922,0.089,44
9.2891,93.8494,10.0,4.4,36,118.0,5.725,0.68,us,12.65,1.9,0.103,28
52.3877,161.6361,10.0,4.5,93,120.0,1.925,0.5,us,6.83,1.87,0.057,91
51.9805,160.2649,35.0,4.2,18,217.0,1.437,0.52,us,11.52,1.984,0.153,12
-32.682,-179.6924,10.0,4.3,7,250.0,5.137,0.15,us,13.72,2.011,0.188,8
-36.2016,-73.7556,18.668,4.2,33,199.0,1.946,0.58,us,8.73,6.156,0.186,8
52.6529,159.7852,73.655,4.1,18,141.0,0.782,0.68,us,12.58,8.445,0.151,12
52.2495,160.1122,46.225,4.9,42,121.0,1.181,0.94,us,9.15,7.379,0.097,40
41.7831,82.422,10.0,4.5,36,87.0,2.477,1.21,us,8.74,1.699,0.115,22
-18.2894,-175.1822,263.819,4.2,26,109.0,5.042,1.05,us,10.97,12.318,0.118,21
50.6548,87.3988,10.0,4.4,43,104.0,3.603,0.62,us,7.14,1.824,0.089,36
-24.2893,-67.1581,174.986,4.5,28,72.0,1.627,0.98,us,9.29,9.924,0.181,13
53.2679,159.797,58.308,4.6,107,104.0,0.733,0.73,us,8.53,6.989,0.046,139
52.3337,160.2758,30.306,5.1,201,121.0,1.207,0.76,us,8.67,4.921,0.033,296
-34.6337,179.9395,78.408,4.5,28,139.0,3.208,1.32,us,13.28,7.951,0.111,24
52.4344,160.5642,10.0,4.8,56,148.0,1.305,0.46,us,7.66,1.915,0.059,89
51.5428,159.6795,35.0,4.5,39,134.0,1.612,0.97,us,11.53,1.934,0.095,32
52.274,160.4942,10.0,4.2,25,123.0,1.351,0.91,us,7.17,1.804,0.128,17
53.7866,160.2054,69.829,4.4,129,131.0,1.205,0.46,us,8.15,7.204,0.039,192
-4.5409,102.379,47.958,4.6,31,70.0,0.602,0.77,us,8.64,7.584,0.114,23
10.8873,93.5681,124.708,4.8,96,64.0,1.112,0.88,us,7.95,6.125,0.046,144
51.0614,159.0547,10.0,5.8,66,68.0,1.981,0.83,us,8.01,1.817,0.101,36
-10.3814,114.1182,10.0,4.8,48,43.0,1.899,1.28,us,7.21,1.867,0.084,44
-20.1401,66.3055,10.0,4.8,61,59.0,2.788,0.46,us,6.85,1.862,0.079,51
50.1652,158.1262,10.0,4.7,35,133.0,2.881,0.54,us,11.01,1.902,0.108,26
-23.4158,170.6464,10.0,4.4,20,245.0,3.054,0.73,us,12.06,1.998,0.156,13
51.5651,159.5352,10.0,5.1,113,133.0,1.558,0.82,us,9.72,1.88,0.035,264
23.3832,121.5782,35.111,4.3,27,95.0,0.258,0.58,us,3.28,6.528,0.178,9
53.3547,161.6702,25.139,4.5,31,116.0,1.847,0.82,us,10.16,5.684,0.122,20
52.4567,160.7463,10.0,5.4,113,84.0,1.395,0.79,us,8.59,1.851,0.036,262
-24.1923,-66.9878,176.971,4.8,99,46.0,1.649,0.73,us,8.19,6.646,0.025,481
50.5721,157.4975,35.0,4.7,37,130.0,2.543,0.76,us,9.98,1.93,0.106,27
52.3978,160.2656,33.181,4.1,25,122.0,1.715,0.57,us,11.0,6.572,0.12,19
37.4873,142.0501,45.246,4.4,34,149.0,3.216,1.1,us,4.76,9.275,0.117,21
-56.2113,-27.0024,95.712,4.8,23,76.0,5.759,0.95,us,12.38,6.796,0.122,21
-19.1418,168.564,62.778,4.3,19,146.0,3.608,0.65,us,10.61,8.923,0.16,14
-23.9394,-179.8439,532.881,4.2,25,125.0,6.469,0.73,us,21.06,24.442,0.115,21
49.7442,159.4915,10.0,4.4,24,136.0,3.326,0.36,us,5.26,1.914,0.138,17
51.0766,159.0676,40.463,4.2,44,163.0,1.967,0.72,us,13.35,9.079,0.096,30
-20.9612,-69.0134,108.208,4.6,47,48.0,0.45,0.79,us,5.07,4.448,0.055,99
49.2862,156.6862,19.898,4.6,78,128.0,3.88,0.7,us,11.54,4.788,0.071,58
51.6021,159.3397,35.0,4.5,72,109.0,1.485,1.0,us,8.69,1.906,0.062,76
-20.4585,-177.8794,536.94,4.5,36,99.0,4.699,0.63,us,15.07,12.165,0.1,29
36.9357,141.2761,53.661,4.3,26,148.0,2.495,1.12,us,8.56,9.437,0.148,13
34.0464,86.4707,10.0,4.6,42,141.0,10.276,0.88,us,10.78,1.918,0.069,62
-3.0478,128.2824,10.0,4.4,17,108.0,3.682,0.45,us,7.67,1.956,0.138,15
52.23,159.9968,55.281,4.6,64,135.0,1.653,0.83,us,8.83,5.193,0.075,54
-23.6893,179.9095,514.058,4.5,55,103.0,5.862,0.74,us,15.1,9.726,0.037,216
-47.3231,-13.5011,10.0,5.1,50,73.0,10.285,0.61,us,10.62,1.886,0.075,58
52.0942,160.3142,28.984,4.6,60,124.0,1.378,0.67,us,10.19,6.19,0.073,56
49.1289,154.501,102.912,4.6,68,76.0,8.162,0.56,us,12.49,7.02,0.074,55
-19.564,-176.4719,308.266,4.6,89,47.0,5.007,0.61,us,11.54,5.504,0.066,69
-4.4522,138.4343,167.912,4.1,30,109.0,0.624,0.93,us,7.99,5.832,0.107,24
51.6355,-175.1977,35.0,3.5,45,199.0,0.572,0.77,us,4.5,1.991,0.106,22
45.6032,26.3657,136.431,4.1,42,51.0,0.316,1.22,us,7.38,6.332,0.131,17
21.6642,99.7826,10.0,4.5,69,68.0,1.531,0.52,us,7.93,1.874,0.077,51
52.6568,-174.3246,236.892,3.8,50,74.0,0.271,0.37,us,10.4,6.601,0.136,14
51.7974,160.0327,10.0,4.5,40,165.0,1.94,0.53,us,9.12,1.928,0.093,34
7.378,126.6698,66.115,4.6,63,106.0,1.125,0.79,us,9.0,4.46,0.065,76
18.3696,145.55,196.182,4.0,29,123.0,3.12,0.82,us,12.32,7.853,0.113,21
52.2071,160.475,27.885,4.9,122,134.0,1.381,0.88,us,9.41,5.536,0.055,105
52.6271,160.8772,10.0,4.1,26,137.0,1.409,0.75,us,11.35,1.919,0.14,15
51.8831,160.1375,10.0,5.0,95,122.0,1.461,0.97,us,8.48,1.872,0.043,173
50.2267,156.8917,53.233,4.4,55,135.0,2.929,0.69,us,11.52,7.617,0.085,40
54.4392,-160.3767,38.202,4.0,48,155.0,0.603,0.91,us,6.58,8.526,0.125,17
7.1416,127.2749,12.944,4.8,50,50.0,1.684,1.03,us,5.29,4.114,0.088,45
72.414,142.0095,10.0,5.1,311,28.0,4.147,0.79,us,8.9,1.861,0.025,540
27.9898,50.4539,10.0,4.1,13,195.0,5.979,1.1,us,9.75,2.004,0.262,4
51.8773,-175.2993,56.148,3.7,27,178.0,0.517,0.71,us,8.89,6.102,0.107,22
-2.8693,147.2599,10.0,4.4,22,80.0,0.827,1.48,us,6.8,1.271,0.139,15
-34.8203,-179.7793,35.0,4.6,37,167.0,3.144,0.58,us,6.84,1.902,0.125,19
42.3068,144.1851,49.069,4.2,45,130.0,0.818,0.78,us,8.21,8.446,0.087,37
51.772,160.5723,10.0,4.4,17,224.0,1.72,0.71,us,8.25,1.987,0.163,11
51.707,160.2022,10.0,4.3,23,137.0,1.626,1.03,us,9.21,1.881,0.129,17
29.0741,129.6197,10.0,4.5,29,130.0,2.528,0.94,us,7.82,1.907,0.145,14
36.5526,70.919,191.664,4.3,41,77.0,2.154,0.67,us,7.98,7.825,0.116,21
36.1482,22.7754,64.031,4.3,14,219.0,1.235,0.81,us,9.69,8.97,0.237,5
-36.8097,-74.0136,21.718,4.1,25,181.0,2.343,0.52,us,9.19,8.723,0.233,5
-1.3244,101.6844,223.538,4.2,41,145.0,3.272,0.62,us,8.28,8.532,0.089,35
-41.195,-89.1036,10.0,4.8,89,141.0,12.049,0.47,us,10.77,1.88,0.043,167
-48.1337,117.5056,10.0,4.3,20,89.0,15.191,1.18,us,12.74,1.915,0.125,18
52.2925,159.8143,35.0,4.2,11,221.0,1.019,1.28,us,7.5,2.009,0.167,10
-7.0156,129.6003,145.768,4.3,27,46.0,4.85,1.07,us,9.72,9.537,0.133,16
51.6882,159.3657,51.442,4.4,26,135.0,1.407,0.83,us,11.7,7.545,0.109,24
51.3567,160.5658,10.0,4.3,15,192.0,2.044,0.94,us,13.21,1.995,0.177,9
51.7563,160.359,10.0,4.4,16,218.0,1.645,1.13,us,6.02,1.982,0.22,7
-8.2455,107.3798,35.0,4.6,42,97.0,0.823,0.83,us,5.43,1.905,0.1,31
30.9563,67.3163,10.0,4.5,27,168.0,3.865,0.35,us,10.45,1.84,0.135,16
-31.086,-179.303,261.252,4.5,20,178.0,6.756,1.11,us,8.19,10.643,0.156,13
2.8162,-101.4942,10.0,4.4,37,154.0,11.01,0.7,us,11.29,1.923,0.096,31
52.3606,160.4646,35.0,4.4,24,225.0,1.289,0.75,us,13.89,1.98,0.134,16
50.3016,159.2088,10.0,4.5,45,137.0,2.748,0.76,us,11.99,1.911,0.082,45
-15.9117,-75.5832,10.0,4.5,15,143.0,4.088,1.32,us,8.87,1.833,0.204,7
-3.7521,146.4766,10.0,4.4,19,165.0,19.807,0.91,us,17.81,1.963,0.143,15
27.4113,52.5321,10.0,4.1,25,84.0,4.113,0.36,us,9.52,1.921,0.127,17
-16.4915,-173.5353,38.097,4.1,28,100.0,3.075,0.64,us,10.15,7.092,0.12,19
-25.4251,179.6797,504.783,4.6,64,93.0,4.359,0.77,us,13.46,8.277,0.037,219
-41.8024,85.1846,10.0,4.9,21,53.0,12.908,0.17,us,5.93,1.9,0.136,17
52.6756,160.7157,10.0,4.5,118,121.0,1.3,0.58,us,7.86,1.876,0.041,173
16.362,-95.1391,53.49,4.5,91,131.0,1.345,1.19,us,6.55,9.322,0.044,153
-22.2178,-175.8971,78.794,5.2,56,132.0,6.404,0.77,us,12.32,9.038,0.061,89
28.6714,51.0691,10.0,4.0,24,92.0,5.901,0.93,us,5.32,1.958,0.143,13
52.1048,159.692,35.0,6.2,113,36.0,1.119,0.97,us,6.67,0.871,0.023,749
66.4805,-17.7544,10.0,4.6,74,58.0,2.286,0.79,us,6.56,1.88,0.049,124
51.3184,159.7347,10.0,4.5,13,137.0,1.834,0.98,us,10.96,1.878,0.191,8
-7.371,129.596,62.959,4.3,10,138.0,5.151,0.33,us,14.02,9.078,0.177,9
51.605,160.6406,10.0,4.2,30,165.0,1.874,0.49,us,7.9,1.9,0.115,21
-24.96,179.8016,520.296,4.5,67,132.0,7.362,0.88,us,13.56,7.696,0.074,54
49.9466,157.0641,10.0,4.2,61,134.0,3.191,0.68,us,11.65,1.906,0.078,46
29.7915,92.3503,10.0,4.5,29,84.0,1.067,0.95,us,8.34,1.877,0.08,46
-30.6114,-71.8627,24.114,4.4,22,157.0,0.206,0.63,us,5.83,2.873,0.178,9
-27.0844,-70.0839,68.743,4.5,48,75.0,0.363,0.8,us,3.94,4.794,0.089,37
-36.529,-73.0687,35.0,4.1,22,188.0,1.539,0.41,us,6.73,1.984,0.234,5
19.3811,145.2434,185.986,4.1,17,150.0,4.15,0.65,us,15.32,10.758,0.139,14
-7.0057,129.5203,159.477,5.4,102,20.0,4.885,0.71,us,4.24,6.665,0.043,188
50.0087,158.1033,63.466,4.4,68,133.0,3.038,0.79,us,11.39,7.376,0.07,59
51.9521,159.1268,76.578,4.3,33,137.0,1.112,0.71,us,11.46,8.086,0.109,24
-49.7175,163.7419,10.0,4.5,24,129.0,4.047,0.49,us,10.39,1.925,0.131,17
14.9359,-94.1828,10.0,4.3,114,147.0,2.383,0.89,us,7.28,1.917,0.043,152
47.7371,152.4835,138.606,4.4,53,134.0,6.324,1.02,us,10.19,7.642,0.06,79
31.352,50.2291,10.0,4.2,37,146.0,5.271,0.45,us,10.71,1.945,0.113,22
24.8414,95.4771,163.794,4.2,41,109.0,3.655,0.55,us,6.95,8.635,0.096,30
37.183,141.0446,60.182,4.4,31,144.0,2.362,0.52,us,8.9,7.237,0.12,20
50.4624,-173.5231,10.0,3.9,45,199.0,1.792,0.86,us,7.18,1.958,0.066,61
39.3819,143.4882,10.0,5.1,80,95.0,2.331,0.58,us,7.52,1.852,0.037,236
50.1614,158.9455,10.0,4.4,39,134.0,2.872,0.79,us,9.87,1.905,0.098,30
51.5195,158.8552,35.0,4.6,33,173.0,1.512,1.32,us,9.53,1.966,0.105,27
36.5389,140.4701,63.208,4.6,59,142.0,1.821,0.77,us,7.61,7.472,0.051,116
36.8332,71.0559,205.599,4.2,30,185.0,1.863,0.44,us,9.35,9.21,0.146,13
51.149,158.5587,35.0,5.2,142,60.0,1.878,0.74,us,7.36,1.832,0.023,602
-23.4484,-68.581,104.829,4.5,61,100.0,0.617,0.92,us,5.56,5.306,0.073,58
27.6536,-102.7715,10.0,4.0,65,60.0,1.163,0.48,us,3.72,1.729,0.087,36
-60.2434,-61.0851,10.0,5.0,80,64.0,4.75,0.59,us,9.09,1.775,0.073,61
49.8183,157.2554,35.0,4.3,60,135.0,3.306,0.8,us,11.13,1.946,0.075,50
-18.9305,169.4597,260.054,4.4,48,111.0,4.08,0.67,us,9.02,8.048,0.087,38
-22.94,173.0802,10.0,4.4,12,137.0,5.209,0.95,us,11.66,1.945,0.19,8
5.7142,125.8067,95.208,4.4,33,113.0,1.028,0.87,us,10.07,6.304,0.098,30
-1.7712,128.6834,10.0,4.4,27,97.0,2.728,0.66,us,8.5,1.931,0.13,17
60.493,-139.8571,5.0,4.4,44,89.0,0.444,1.05,us,4.12,1.911,0.269,4
36.4192,141.5995,35.0,4.7,112,121.0,2.735,0.63,us,7.59,1.867,0.059,90
35.5543,69.7007,29.449,4.2,17,166.0,1.136,1.11,us,7.19,7.425,0.216,6
23.0801,94.7964,140.77,4.6,51,128.0,4.771,0.71,us,10.95,2.993,0.088,38
43.601,147.8963,35.0,5.0,121,134.0,3.83,0.92,us,5.45,1.915,0.055,105
1.0751,125.0109,122.064,4.7,53,72.0,3.663,0.92,us,7.22,7.434,0.092,36
39.262,27.9697,10.0,4.6,41,67.0,0.849,0.35,us,5.16,1.504,0.122,20
52.941,161.2245,35.0,4.4,41,206.0,1.559,0.64,us,12.87,1.948,0.087,38
21.658,143.1069,353.902,3.8,18,130.0,5.478,1.13,us,15.36,11.352,0.135,14
27.1196,140.2645,440.762,4.3,52,97.0,1.711,0.78,us,12.24,7.105,0.051,108
-15.7536,-70.8997,172.506,4.1,12,153.0,2.277,1.07,us,8.46,12.342,0.151,12
-14.9069,167.3469,134.987,4.9,53,124.0,6.325,0.6,us,12.44,7.568,0.058,92
-8.2761,107.0433,41.036,4.9,44,173.0,1.007,1.09,us,7.98,6.932,0.107,27
51.631,159.1432,35.0,5.0,76,100.0,1.427,1.31,us,8.95,1.754,0.024,539
17.6947,-94.2824,182.557,4.7,82,94.0,0.363,0.92,us,6.58,5.794,0.04,190
20.0407,121.4317,35.0,4.4,24,155.0,2.782,1.02,us,10.68,1.945,0.155,12
52.8614,160.8778,29.485,4.6,36,119.0,1.358,1.02,us,11.21,6.258,0.109,25
49.2759,158.6892,10.0,4.4,44,130.0,3.753,0.66,us,10.1,1.915,0.095,32
49.0998,156.215,44.781,4.5,57,136.0,4.121,0.66,us,12.07,7.55,0.083,42
-8.4443,-75.2197,128.399,4.8,44,110.0,3.866,0.66,us,10.61,7.663,0.056,98
1.5341,127.1321,132.062,5.1,70,86.0,3.581,0.75,us,6.36,6.255,0.073,61
-6.8229,129.7353,165.067,4.5,36,91.0,2.292,0.84,us,11.54,8.401,0.102,31
29.3916,104.0487,10.0,4.7,102,64.0,4.813,0.66,us,7.82,1.867,0.057,92
27.2631,53.8535,10.0,4.4,59,71.0,3.129,0.61,us,9.84,1.912,0.074,52
41.0425,83.5209,10.0,4.4,30,110.0,3.255,0.64,us,9.36,1.954,0.149,14
-24.5383,-115.9846,10.0,4.6,79,160.0,6.522,0.44,us,13.85,1.922,0.066,74
37.2862,141.1785,25.551,4.6,55,142.0,2.493,0.67,us,9.0,6.355,0.083,43
51.9566,160.2113,35.0,4.3,17,229.0,1.433,1.05,us,14.36,1.99,0.168,10
17.4264,-94.2066,61.01,4.0,44,76.0,0.122,0.97,us,3.71,6.172,0.13,16
9.7939,-70.7598,10.0,4.4,39,92.0,0.913,0.68,us,7.53,1.91,0.117,21
-7.3325,128.8388,135.148,4.3,11,114.0,5.122,0.57,us,11.34,13.874,0.265,4
-3.7733,127.8626,10.0,4.9,40,46.0,4.458,0.87,us,7.36,1.891,0.11,26
2.5723,95.9909,35.0,4.4,22,201.0,2.806,0.31,us,11.38,1.983,0.148,13
52.6651,160.8154,47.196,4.1,51,134.0,1.362,1.07,us,11.82,7.493,0.084,39
50.5233,156.8009,69.014,4.4,60,135.0,2.649,0.74,us,12.01,8.133,0.075,51
52.2697,160.5661,10.0,4.6,71,131.0,1.39,0.93,us,10.78,1.908,0.072,58
42.1866,91.4236,10.0,4.3,16,235.0,7.038,0.79,us,13.84,1.997,0.154,12
51.9587,161.1084,10.0,4.2,29,180.0,1.843,0.67,us,11.56,1.959,0.112,24
-37.7097,176.1683,286.641,4.4,73,48.0,0.529,1.03,us,7.0,5.576,0.079,57
52.7946,159.266,67.395,4.5,78,134.0,0.438,0.69,us,9.25,6.058,0.044,154
-7.36,128.4723,163.277,3.9,16,87.0,4.791,0.82,us,8.25,9.486,0.137,14
-22.8648,-68.8907,102.385,4.5,48,68.0,0.662,0.88,us,4.86,6.228,0.063,75
50.8553,159.0797,35.0,5.0,47,130.0,2.188,0.69,us,10.18,1.928,0.085,44
51.638,159.5993,10.0,5.2,59,88.0,1.505,0.87,us,9.97,1.896,0.059,94
-3.1216,148.4702,10.0,4.9,63,150.0,1.538,0.67,us,9.86,1.872,0.075,56
49.8776,155.9521,81.935,4.1,42,167.0,3.414,0.68,us,11.67,9.243,0.094,33
-57.246,-67.7348,10.0,4.5,19,151.0,2.32,0.52,us,6.31,1.953,0.15,13
50.9755,157.8615,35.0,5.0,95,110.0,2.108,1.23,us,5.88,1.717,0.034,275
-57.5932,157.6924,10.0,4.2,16,141.0,3.18,0.49,us,11.9,1.726,0.167,10
-1.732,-81.1699,10.0,4.8,75,143.0,1.675,0.96,us,8.15,1.891,0.07,63
49.5769,155.0091,103.902,4.7,38,96.0,3.917,0.81,us,5.84,7.583,0.108,28
51.5401,161.1661,10.0,4.3,31,129.0,2.144,0.55,us,10.39,1.926,0.107,25
-22.6682,171.0096,10.0,4.8,33,127.0,3.292,0.79,us,12.33,1.912,0.087,41
17.941,-95.1842,128.51,4.3,62,99.0,1.168,0.96,us,6.89,8.326,0.054,98
-18.3895,-178.1832,623.109,4.4,49,121.0,3.011,0.75,us,14.57,9.299,0.086,39
24.8882,141.467,506.127,4.3,50,134.0,2.291,0.57,us,13.33,9.416,0.048,123
29.2666,129.3392,10.0,4.9,65,85.0,2.433,0.56,us,7.03,1.756,0.048,138
4.0695,-75.4801,10.0,4.3,35,100.0,1.389,1.24,us,8.34,1.883,0.098,29
32.6923,-16.3337,10.0,4.0,12,206.0,7.518,0.43,us,14.05,1.995,0.299,4
-18.298,168.066,35.62,4.9,37,158.0,2.953,0.62,us,9.25,7.796,0.108,27
50.284,158.3323,10.0,4.8,132,95.0,2.75,0.75,us,8.72,1.852,0.05,123
-57.8606,-25.0114,31.894,4.4,28,80.0,7.353,0.89,us,13.98,5.581,0.117,21
-23.2002,172.4082,10.0,4.6,14,260.0,4.612,0.36,us,15.16,2.014,0.164,11
43.2155,146.4408,61.011,4.5,55,185.0,2.704,0.64,us,10.32,6.583,0.081,44
34.7738,62.1033,10.0,4.6,81,93.0,5.801,0.82,us,7.03,1.853,0.051,116
-8.8521,-74.5921,144.588,4.6,136,104.0,2.175,0.74,us,8.83,7.394,0.049,125
-2.6593,28.6544,10.0,4.6,59,64.0,2.918,0.67,us,10.66,1.877,0.079,48
-6.6972,127.835,316.959,4.4,51,67.0,2.985,0.55,us,8.84,7.966,0.096,31
50.0408,159.4326,10.0,4.2,34,229.0,3.027,0.81,us,11.78,1.98,0.108,24
52.2848,152.8366,453.612,4.4,97,117.0,3.071,0.49,us,10.3,7.84,0.034,253
52.315,160.3324,30.084,4.4,22,122.0,1.246,0.81,us,11.47,6.416,0.12,20
-55.3861,-129.7475,10.0,4.5,25,54.0,30.722,0.75,us,14.22,1.845,0.127,18
52.3284,160.0652,32.112,5.0,69,113.0,1.108,0.54,us,9.45,5.667,0.073,60
50.9168,160.3804,10.0,4.1,22,132.0,2.366,0.38,us,9.4,1.835,0.175,9
-26.9686,26.8444,5.0,4.3,16,81.0,2.16,0.86,us,5.54,1.935,0.265,4
-1.0187,-13.4111,10.0,4.9,42,75.0,44.573,0.47,us,14.62,1.874,0.091,38
-33.632,-70.3934,106.948,4.4,39,87.0,0.143,0.43,us,5.96,4.722,0.127,19
8.2613,127.4213,10.0,4.9,132,42.0,2.176,0.66,us,7.11,1.639,0.045,153
29.2911,129.2257,10.0,4.6,55,87.0,2.452,1.0,us,6.32,1.865,0.073,56
2.9712,-31.3943,10.0,4.8,157,123.0,9.831,0.64,us,10.65,1.875,0.047,147
3.0699,-75.1055,10.0,4.4,43,73.0,1.929,0.7,us,8.56,1.931,0.101,28
15.0143,120.4564,10.0,4.4,40,104.0,14.896,0.89,us,9.46,1.893,0.097,31
21.6279,99.806,10.0,4.2,18,121.0,1.49,0.73,us,6.52,1.846,0.216,6
18.4879,-69.1184,101.967,4.4,82,77.0,0.7,0.72,us,5.18,6.556,0.048,128
52.8784,160.3235,35.0,4.3,26,116.0,1.023,0.91,us,9.99,1.923,0.113,22
-6.2642,148.7998,53.627,4.2,20,118.0,3.518,0.63,us,11.08,7.438,0.132,16
-24.3335,69.3889,10.0,4.3,32,74.0,7.205,0.54,us,12.42,1.877,0.113,22
-39.7842,-75.1812,10.0,4.2,16,191.0,1.355,0.56,us,5.54,1.949,0.304,3
26.2258,142.9997,10.0,4.4,47,138.0,1.133,0.95,us,10.83,1.91,0.089,36
5.9275,61.4056,10.0,4.6,42,138.0,23.247,0.99,us,15.04,1.95,0.095,33
7.5369,126.8287,60.744,4.2,33,62.0,1.324,1.26,us,8.62,8.694,0.136,19
-4.5677,102.7394,62.773,4.2,31,145.0,0.298,0.36,us,8.29,5.39,0.121,19
9.3075,93.7511,10.0,4.2,27,179.0,5.823,0.57,us,13.83,1.943,0.128,18
12.935,121.5079,10.0,4.8,33,125.0,10.403,1.08,us,8.58,1.899,0.109,26
0.4907,67.2876,10.0,4.4,32,206.0,5.707,0.57,us,10.57,1.704,0.112,23
50.3721,158.9448,10.0,4.6,54,128.0,2.661,0.62,us,9.58,1.89,0.077,50
50.6173,158.4041,32.753,4.2,31,137.0,2.414,0.67,us,12.27,6.394,0.096,30
51.5134,159.8419,10.0,4.6,17,138.0,1.68,0.49,us,10.2,1.599,0.173,10
50.9898,158.4075,35.0,4.9,137,98.0,2.042,0.65,us,8.14,1.886,0.048,136
17.2447,147.2647,32.167,4.7,119,133.0,2.445,1.22,us,10.14,3.13,0.048,133
2.0049,126.9327,29.138,4.6,50,89.0,1.299,0.85,us,3.13,5.421,0.084,42
-7.3233,129.2753,123.984,4.2,16,109.0,5.283,0.88,us,10.29,11.001,0.186,8
52.8571,160.5243,41.146,4.1,72,134.0,1.147,0.43,us,11.07,7.419,0.073,56
21.8376,143.4495,193.538,4.0,42,139.0,5.36,0.78,us,13.75,8.407,0.09,33
37.2237,53.1893,10.0,4.1,23,177.0,3.977,0.86,us,5.73,1.985,0.197,7
-59.3012,-60.2417,10.0,4.8,30,113.0,5.776,0.63,us,10.53,1.915,0.095,38
8.6469,58.5561,10.0,4.1,25,128.0,21.744,0.79,us,9.55,1.945,0.135,15
49.8847,159.2155,10.0,4.3,20,269.0,3.163,0.94,us,12.38,2.006,0.147,13
51.5761,-168.5438,10.0,3.8,55,185.0,1.411,0.42,us,6.51,1.929,0.089,33
-1.9653,117.4942,10.0,4.6,63,87.0,1.036,0.9,us,5.24,1.86,0.077,51
-18.2148,168.1202,52.373,4.3,14,157.0,4.147,0.47,us,12.07,9.713,0.178,9
50.3078,158.4395,25.262,5.0,124,92.0,2.723,0.76,us,7.9,4.176,0.029,381
-20.1311,168.4342,10.0,4.8,40,124.0,2.635,0.97,us,9.4,1.885,0.101,31
1.2912,126.412,41.015,4.4,82,68.0,1.085,0.54,us,5.04,6.961,0.067,72
-59.0011,-25.6684,72.555,5.0,46,69.0,7.607,0.55,us,7.35,5.564,0.065,78
9.2662,93.8911,10.0,4.9,101,49.0,5.028,0.47,us,8.14,1.847,0.056,102
-32.5071,-71.4842,70.373,4.3,34,135.0,0.532,0.34,us,3.49,4.918,0.154,12
49.9421,158.1099,10.0,4.1,27,138.0,3.104,0.53,us,11.73,1.919,0.131,16
54.0971,-159.8393,10.0,4.4,57,166.0,0.75,0.75,us,4.69,1.908,0.144,14
-18.0232,-178.3952,595.736,4.4,59,111.0,2.631,0.62,us,13.48,7.35,0.038,196
52.2369,160.7992,10.0,4.3,34,122.0,1.529,0.98,us,9.82,1.907,0.081,48
52.9149,159.3735,58.479,4.0,23,189.0,0.451,0.37,us,13.38,5.973,0.13,16
14.9206,144.7328,17.607,4.1,12,120.0,1.069,0.95,us,11.35,5.422,0.197,7
51.3786,159.4343,27.846,4.5,22,135.0,1.717,0.58,us,13.04,6.807,0.125,19
-27.0295,26.7303,5.0,4.8,27,132.0,2.049,0.86,us,6.7,1.881,0.161,12
9.5201,93.4167,10.0,4.5,31,118.0,6.177,0.53,us,7.82,1.772,0.121,20
45.177,78.3673,10.0,4.3,60,75.0,2.016,0.57,us,5.9,1.893,0.093,34
51.8234,160.0484,28.589,4.4,33,125.0,1.476,0.62,us,10.11,5.956,0.107,25
3.5505,126.7713,49.644,4.5,42,104.0,1.744,1.02,us,5.32,7.138,0.093,34
-17.6935,168.1372,28.476,4.4,14,188.0,2.407,0.78,us,9.67,6.77,0.179,9
51.3202,158.9,35.0,4.8,80,214.0,1.713,0.69,us,9.49,1.965,0.065,73
51.4159,159.3457,10.0,4.9,221,128.0,1.666,0.68,us,8.94,1.878,0.033,284
52.4826,160.693,10.064,4.7,18,152.0,1.355,0.5,us,6.63,6.388,0.194,8
51.8554,160.3445,10.0,5.2,92,88.0,1.563,0.77,us,8.42,1.876,0.035,265
-22.5402,-67.6083,183.726,4.2,22,104.0,0.667,0.69,us,10.09,7.152,0.16,11
-14.1982,-14.3764,10.0,5.0,35,74.0,6.226,0.73,us,6.91,1.859,0.075,57
50.8501,157.1112,79.757,5.0,112,84.0,2.29,0.86,us,8.51,5.038,0.022,641
29.3983,129.3391,10.0,4.5,37,93.0,2.313,0.64,us,8.7,1.864,0.09,39
-24.0319,-66.6751,190.999,4.4,30,69.0,1.75,0.79,us,9.2,8.135,0.117,21
27.2215,64.4073,28.538,4.3,36,156.0,7.715,0.73,us,14.96,8.159,0.096,31
30.8218,50.4361,10.0,5.1,94,46.0,5.752,0.79,us,7.11,1.791,0.038,230
12.6857,144.5652,26.72,4.4,37,214.0,0.945,0.5,us,12.65,9.034,0.101,28
42.0733,142.5545,58.43,4.3,72,91.0,0.453,0.51,us,7.11,7.526,0.072,54
52.5071,160.7335,35.25,4.2,29,121.0,1.368,1.12,us,5.49,8.01,0.115,21
54.4799,-159.9228,35.0,3.4,20,203.0,0.402,0.69,us,6.29,2.007,0.283,3
51.6292,158.6883,46.22,4.0,38,138.0,1.397,1.09,us,9.75,7.668,0.093,37
1.2098,126.1823,58.906,4.1,25,104.0,1.261,0.95,us,5.68,5.557,0.131,18
22.7272,95.9849,10.0,4.1,17,161.0,3.866,0.64,us,12.9,1.962,0.157,11
43.5668,-28.4232,10.0,4.6,52,124.0,6.201,0.63,us,11.85,1.898,0.083,43
-5.5903,148.9087,187.15,4.3,81,68.0,3.528,0.72,us,8.68,7.193,0.062,74
49.3466,157.3035,20.729,4.4,33,136.0,3.775,0.83,us,14.18,6.649,0.11,24
26.5812,93.2884,10.0,4.2,40,94.0,3.649,1.2,us,10.89,1.926,0.1,28
12.9202,144.9144,46.114,4.2,18,102.0,2.452,0.4,us,12.74,9.707,0.166,10
37.2812,20.2044,46.918,4.2,33,91.0,1.377,0.7,us,6.76,10.237,0.136,15
36.441,140.47,68.482,4.2,29,153.0,1.825,0.38,us,10.08,8.922,0.136,16
-4.0203,129.6601,103.71,4.3,24,124.0,0.555,0.75,us,9.51,8.115,0.111,23
-57.223,-67.0247,10.0,4.6,33,127.0,2.321,0.54,us,7.43,1.92,0.109,25
42.5123,-126.3787,10.0,3.5,48,269.0,1.517,0.85,us,9.49,2.018,0.247,4
36.5792,70.8055,217.6,4.4,64,78.0,2.187,0.77,us,7.69,7.1,0.054,101
-60.6184,-19.8862,10.0,5.1,70,81.0,10.946,0.52,us,10.65,1.874,0.066,74
51.0486,159.0881,35.0,4.1,14,138.0,2.234,0.57,us,11.42,1.964,0.185,8
-4.6583,125.1727,521.228,4.3,19,73.0,2.436,0.55,us,14.82,9.922,0.16,11
-60.2284,-61.8747,10.0,4.5,19,124.0,4.673,0.78,us,8.33,1.947,0.145,14
14.0178,145.0371,171.817,4.0,25,88.0,0.456,0.83,us,13.24,6.076,0.122,18
12.8969,145.2843,10.0,5.0,110,98.0,0.799,0.58,us,6.84,1.827,0.06,90
12.387,126.0699,10.0,4.4,31,119.0,22.07,0.83,us,14.01,1.912,0.103,27
-47.8049,115.8517,10.0,4.5,22,128.0,14.897,0.89,us,12.67,1.929,0.132,19
-6.569,129.0086,263.635,4.1,15,98.0,4.855,0.55,us,10.05,13.088,0.214,6
52.5131,160.8858,10.0,4.4,28,175.0,1.451,0.57,us,8.6,1.866,0.105,26
-24.0127,-66.9395,180.802,4.4,36,69.0,1.552,0.69,us,10.03,8.637,0.107,25
-20.8101,68.502,10.0,4.3,19,144.0,4.93,0.27,us,14.83,1.936,0.161,11
50.3095,159.1415,10.0,4.2,32,133.0,2.735,0.85,us,9.66,1.906,0.121,19
-34.0737,-178.5277,10.0,4.4,20,253.0,4.328,0.77,us,9.06,1.968,0.139,15
51.6633,160.7923,10.0,4.5,34,135.0,1.893,0.77,us,10.9,1.916,0.113,23
50.9219,157.9667,40.798,4.3,91,98.0,2.147,0.61,us,8.41,4.416,0.061,76
26.0221,128.3885,10.0,4.3,23,79.0,0.817,1.2,us,5.63,1.259,0.142,14
-53.1933,9.2838,10.0,4.2,15,99.0,19.296,0.57,us,14.8,1.933,0.14,14
-0.4941,67.5628,10.0,4.3,16,238.0,5.52,0.39,us,7.42,1.994,0.178,9
-22.0936,-68.617,121.752,4.0,19,85.0,0.651,0.7,us,4.06,6.374,0.183,8
-20.8957,-68.9598,103.122,4.2,31,51.0,0.514,0.85,us,5.2,6.378,0.132,16
24.4824,-46.3563,10.0,4.4,30,142.0,15.908,0.65,us,14.55,1.94,0.114,22
13.9886,144.7792,194.208,3.9,21,94.0,0.406,0.4,us,11.61,5.518,0.148,12
49.9425,157.5095,10.0,4.6,76,118.0,3.166,0.93,us,9.98,1.878,0.042,167
-20.6499,178.5917,583.949,4.2,19,227.0,2.934,0.43,us,20.85,17.225,0.146,13
-56.4038,-23.9267,10.0,4.3,25,73.0,7.471,0.7,us,13.73,1.86,0.169,13
24.8581,123.1937,118.701,4.4,63,42.0,0.423,1.03,us,5.44,4.331,0.064,72
-18.3122,-177.8989,582.713,4.2,19,144.0,3.182,0.47,us,15.78,10.306,0.14,14
38.2378,22.0706,10.0,4.4,30,115.0,0.809,0.41,us,3.65,1.885,0.154,12
52.4002,160.8008,31.58,4.2,16,257.0,1.45,1.05,us,11.88,9.058,0.2,7
52.7348,-168.3029,35.0,4.4,30,198.0,0.411,0.69,us,4.26,1.93,0.269,4
52.4217,160.2851,35.0,4.8,60,137.0,1.163,0.92,us,9.2,1.927,0.059,90
52.3467,160.6799,10.0,4.1,19,166.0,1.409,0.92,us,10.97,1.963,0.174,9
9.5365,93.7405,10.0,4.6,57,94.0,5.331,0.63,us,9.25,1.892,0.083,43
51.7276,159.6064,35.0,4.4,33,126.0,1.424,0.44,us,7.7,1.899,0.096,31
52.5181,160.1833,35.0,4.0,16,178.0,1.06,1.07,us,11.49,1.991,0.144,13
-57.7004,157.8334,10.0,4.3,15,142.0,3.269,0.81,us,14.07,1.954,0.147,13
49.1492,156.2055,35.0,4.4,41,107.0,4.074,0.48,us,12.41,1.936,0.103,27
33.8145,25.72,35.0,4.0,42,179.0,2.097,0.94,us,7.82,1.976,0.125,17
-6.9786,127.3578,300.518,4.3,20,85.0,5.03,1.17,us,10.97,8.553,0.189,8
-19.9832,-177.9319,558.673,4.4,32,195.0,4.328,0.51,us,18.79,11.352,0.107,25
54.5417,114.3827,10.0,4.3,18,155.0,5.235,1.05,us,10.32,1.976,0.11,23
52.8052,160.0663,35.0,4.2,27,119.0,0.885,1.39,us,6.68,1.908,0.11,23
28.0007,139.6694,503.77,4.1,57,78.0,2.408,0.49,us,12.65,9.554,0.076,47
-5.3847,151.6376,113.89,4.1,27,152.0,1.296,0.73,us,11.92,4.025,0.107,24
7.0967,126.9094,69.917,4.8,60,109.0,1.321,1.08,us,9.26,7.137,0.059,90
27.5908,56.1931,10.0,4.1,16,135.0,2.635,0.82,us,14.37,1.951,0.158,11
51.5214,160.248,10.0,4.4,18,220.0,1.796,0.53,us,10.07,1.966,0.169,10
50.4798,157.7594,45.219,4.5,40,131.0,2.607,0.49,us,4.17,8.206,0.094,33
-20.6824,-178.8023,613.108,4.2,33,168.0,4.167,0.67,us,14.61,8.149,0.105,25
36.6215,71.1398,229.489,4.7,130,77.0,1.999,0.73,us,7.53,6.236,0.053,107
-52.8739,21.8555,10.0,4.4,16,96.0,20.367,0.28,us,14.44,1.911,0.143,14
48.5102,155.027,57.12,4.1,19,137.0,4.905,0.45,us,13.07,7.226,0.145,13
-21.2202,168.6323,10.0,4.6,21,181.0,1.77,0.71,us,7.33,1.858,0.207,10
52.2858,160.5623,11.31,4.8,133,123.0,1.379,0.59,us,9.71,4.969,0.047,140
51.4434,161.1637,10.0,4.3,20,138.0,2.212,0.38,us,10.12,1.871,0.137,15
13.8676,145.119,107.614,4.3,27,104.0,0.369,0.78,us,9.22,6.358,0.126,18
-3.9323,-80.808,35.0,4.7,64,108.0,2.126,1.03,us,6.85,1.902,0.04,184
-52.8105,21.813,10.0,4.4,19,113.0,20.431,0.37,us,12.75,1.903,0.126,18
51.1257,158.7013,35.0,4.9,103,122.0,1.901,0.65,us,7.92,1.91,0.034,270
11.8966,143.8323,10.0,4.3,28,111.0,1.963,1.09,us,10.33,1.909,0.119,20
-57.1047,-66.6962,10.0,4.9,65,106.0,3.904,0.87,us,11.22,1.885,0.075,61
39.5772,143.2297,10.0,5.5,96,123.0,2.054,0.85,us,7.76,1.867,0.053,122
50.0007,159.5453,10.0,4.2,16,208.0,3.078,0.27,us,11.38,1.998,0.177,9
-20.5788,-69.0762,86.177,4.2,18,90.0,0.442,0.72,us,4.74,5.24,0.215,6
34.6529,25.7842,10.0,4.2,44,186.0,1.439,0.62,us,6.13,1.881,0.101,27
52.3552,160.4302,10.0,5.2,88,78.0,1.274,0.69,us,8.43,1.848,0.066,76
2.9164,127.1219,36.612,4.2,30,128.0,2.438,1.11,us,12.88,7.126,0.11,23
1.2937,125.8387,64.581,4.7,64,89.0,1.01,0.9,us,6.67,7.118,0.07,62
59.2235,-30.6684,10.0,4.4,108,80.0,7.07,0.35,us,8.59,1.872,0.058,87
51.5003,160.671,10.0,4.5,37,145.0,1.967,0.65,us,7.62,1.924,0.091,36
-61.1533,-35.4998,10.0,4.7,23,111.0,6.909,0.83,us,12.48,1.924,0.127,22
50.8384,158.7659,10.0,4.5,63,127.0,2.367,0.82,us,8.79,1.902,0.068,68
51.8831,159.094,66.013,4.7,44,119.0,1.174,0.68,us,9.99,7.488,0.092,36
51.9869,161.6613,10.0,4.0,35,122.0,2.113,0.71,us,8.45,1.662,0.103,25
16.4242,-59.6297,10.0,4.4,36,242.0,1.383,0.57,us,7.89,1.976,0.109,24
-16.543,-174.0424,164.566,4.4,26,116.0,3.409,1.02,us,6.23,10.459,0.117,21
-58.9814,-25.7406,87.293,4.4,14,234.0,7.565,1.11,us,26.59,19.21,0.143,14
-7.1995,125.6981,504.307,4.6,36,49.0,2.907,0.68,us,12.46,8.676,0.107,26
5.6924,124.2808,35.0,4.3,30,94.0,1.527,0.85,us,6.97,1.926,0.125,18
52.3278,161.2628,10.0,4.2,24,220.0,1.737,0.88,us,14.88,1.99,0.159,11
8.1476,58.7081,10.0,4.5,63,68.0,16.874,0.83,us,11.3,1.898,0.074,54
-3.8625,68.2583,10.0,4.5,15,197.0,45.159,0.4,us,14.49,1.975,0.15,13
52.147,160.3335,29.386,4.5,37,123.0,1.351,0.88,us,11.03,6.362,0.098,31
-16.814,-177.4186,414.293,4.5,78,122.0,3.096,0.72,us,10.51,6.556,0.05,116
51.2532,159.238,28.854,4.5,34,124.0,1.81,0.97,us,9.25,6.153,0.113,23
-3.6845,68.1975,10.0,4.7,33,98.0,5.625,0.42,us,11.84,1.895,0.117,24
36.8094,70.3992,204.867,4.4,32,177.0,2.09,0.59,us,10.08,8.309,0.155,12
19.9906,145.5086,10.0,4.1,32,148.0,4.731,0.52,us,15.69,1.866,0.114,21
51.7892,160.1862,39.581,4.3,62,162.0,1.554,0.88,us,10.68,7.456,0.076,48
-47.8048,116.0397,10.0,4.4,15,128.0,14.888,0.75,us,13.84,1.926,0.155,12
52.8321,161.3073,32.337,4.5,64,119.0,1.62,0.82,us,10.19,6.056,0.041,176
52.1303,160.2121,35.0,5.7,38,118.0,1.818,0.81,us,6.78,1.927,0.105,32
29.6596,129.7262,10.0,4.5,43,115.0,1.947,0.94,us,7.48,1.898,0.104,27
36.6186,71.4303,112.7,4.3,35,138.0,1.888,0.93,us,7.3,6.338,0.103,27
3.364,117.7784,10.0,4.0,16,104.0,1.939,1.09,us,6.27,1.655,0.184,8
51.8851,161.2541,10.0,4.3,46,126.0,1.959,0.2,us,9.19,1.899,0.091,34
49.0127,157.92,10.0,4.2,13,233.0,4.042,0.73,us,12.86,1.91,0.235,5
73.2412,6.5707,10.0,4.4,38,104.0,7.085,0.58,us,12.57,1.916,0.11,24
-52.808,19.8841,10.0,4.3,11,162.0,20.427,0.51,us,15.61,1.988,0.177,9
-49.154,127.3387,10.0,4.6,33,83.0,17.504,0.38,us,12.85,1.924,0.099,31
-2.518,121.6537,10.0,4.3,30,52.0,1.371,1.04,us,4.55,1.898,0.148,13
53.104,160.9783,40.665,4.6,138,106.0,1.407,0.82,us,9.23,7.241,0.047,134
-37.595,-69.999,212.402,4.9,69,101.0,2.297,0.84,us,8.63,6.993,0.068,68
53.2758,160.3532,45.017,4.1,66,130.0,1.057,0.58,us,10.35,6.636,0.075,51
-17.7979,-70.1269,112.26,4.6,61,120.0,0.605,0.71,us,8.48,5.484,0.067,68
2.3547,127.2403,104.912,4.3,31,144.0,1.577,0.81,us,6.96,7.92,0.094,32
48.8364,156.5514,10.0,4.1,22,137.0,4.338,0.6,us,12.27,1.926,0.15,12
-21.716,-69.086,94.089,4.1,16,65.0,0.165,0.41,us,3.96,8.008,0.213,6
34.329,7.478,10.0,4.5,51,94.0,2.076,0.94,us,9.0,1.879,0.071,58
54.0915,-159.6859,35.0,3.9,12,210.0,0.743,0.63,us,7.35,2.02,0.256,4
52.1154,160.5132,21.747,4.5,36,118.0,1.456,0.76,us,10.68,6.15,0.092,35
42.4544,144.2913,81.265,5.0,116,121.0,0.95,0.63,us,7.96,6.373,0.057,99
-57.7441,158.499,10.0,4.2,14,124.0,3.263,0.79,us,13.53,1.931,0.141,14
51.2637,-178.4046,47.643,4.4,68,189.0,0.387,0.88,us,5.53,7.138,0.044,154
51.914,160.6626,10.0,4.1,26,135.0,1.658,1.08,us,9.51,1.691,0.131,16
7.3616,127.4039,10.0,4.3,50,64.0,3.238,0.93,us,7.53,2.432,0.082,42
6.9645,126.8824,65.492,4.7,77,107.0,1.297,0.86,us,7.96,7.155,0.051,117
49.3538,98.1702,10.0,4.2,35,95.0,4.198,1.01,us,9.27,1.958,0.115,21
51.7989,158.6047,63.105,4.1,31,133.0,1.227,0.62,us,7.22,10.031,0.107,24
-58.8794,-25.1343,35.0,4.4,21,131.0,7.774,0.84,us,14.0,1.942,0.134,16
52.8869,159.7404,76.92,4.0,22,137.0,1.254,0.66,us,13.65,9.043,0.138,14
-23.3053,179.9,595.443,4.5,18,184.0,5.796,0.53,us,26.16,14.176,0.124,19
-58.69,-25.8509,61.44,4.4,17,180.0,16.038,0.71,us,12.6,11.411,0.162,11
51.3832,159.7998,10.0,4.2,21,129.0,1.789,1.33,us,6.06,1.943,0.159,11
51.2679,179.5187,49.643,5.0,97,135.0,0.175,0.9,us,5.54,6.596,0.025,519
51.6184,159.9232,10.0,4.3,20,135.0,1.61,0.87,us,9.7,1.919,0.202,8
34.8189,140.1285,51.969,4.4,17,160.0,1.719,0.48,us,7.78,10.103,0.202,7
52.846,160.9248,10.0,5.2,31,87.0,1.388,0.69,us,9.85,1.887,0.1,33
-57.9612,-24.9253,39.639,4.9,34,93.0,7.437,1.04,us,7.25,6.952,0.098,33
52.9044,160.8382,10.0,4.2,19,190.0,1.329,0.73,us,8.66,1.984,0.152,12
-3.1678,130.7028,22.49,4.8,72,61.0,1.564,0.59,us,5.72,4.73,0.069,68
9.1609,122.607,10.0,4.5,22,100.0,3.602,0.74,us,7.53,1.912,0.132,17
-20.5191,-178.3834,549.345,4.7,112,48.0,4.355,0.64,us,11.28,6.022,0.03,347
-16.3458,-74.3318,37.824,4.0,10,143.0,4.309,0.61,us,15.27,8.126,0.211,6
51.4297,159.7233,20.16,4.4,23,138.0,1.727,1.22,us,11.97,6.97,0.144,14
-11.071,163.6473,10.0,4.5,14,208.0,3.986,0.86,us,14.83,2.002,0.15,13
40.5063,143.5264,35.0,4.1,22,135.0,1.533,1.07,us,6.07,1.952,0.151,12
71.514,-12.1922,10.0,4.3,30,107.0,3.354,0.8,us,7.17,1.876,0.116,21
-27.6076,-177.4072,84.728,4.7,31,121.0,1.695,0.61,us,13.22,6.256,0.115,23
-33.7505,-179.3787,35.0,4.2,17,189.0,4.244,0.94,us,12.1,1.517,0.152,12
52.0519,160.2866,10.0,4.5,90,118.0,1.901,0.73,us,9.63,1.896,0.056,93
-23.5565,69.5042,10.0,4.9,72,53.0,24.144,0.44,us,8.63,1.818,0.078,52
-24.5799,-175.2369,10.0,4.5,17,210.0,9.241,0.84,us,12.62,1.948,0.144,14
52.5009,160.346,35.0,5.2,84,96.0,1.156,1.25,us,8.68,1.86,0.033,294
12.6793,-88.4711,62.909,4.3,34,178.0,0.798,1.01,us,9.68,9.178,0.071,56
53.015,161.1316,10.0,4.1,27,183.0,1.499,0.62,us,11.86,1.962,0.107,24
-20.7731,-174.2402,10.0,4.6,21,141.0,4.395,0.9,us,8.85,1.943,0.122,20
12.0272,-61.0459,77.162,4.3,18,189.0,0.604,1.01,us,7.7,9.01,0.237,5
49.4633,155.2257,80.982,4.3,35,133.0,3.966,0.31,us,6.13,8.468,0.114,22
2.2499,126.7696,44.545,4.5,86,51.0,1.585,0.55,us,5.51,7.38,0.064,77
-6.0279,150.2339,35.0,4.7,24,90.0,2.467,0.5,us,10.35,1.933,0.138,16
36.1436,76.9652,10.0,4.1,32,151.0,4.18,0.61,us,9.53,1.935,0.126,17
-20.4344,-177.9988,496.313,4.5,57,117.0,4.593,0.61,us,14.47,6.241,0.076,51
-21.2697,171.4801,10.0,4.9,62,75.0,3.976,0.71,us,5.43,1.894,0.072,60
51.8051,160.8378,10.0,5.2,112,92.0,1.812,0.95,us,7.16,1.847,0.025,526
49.9008,155.8886,76.286,4.2,51,135.0,3.405,0.51,us,11.11,1.782,0.081,43
-32.6436,-177.9727,10.0,4.4,15,251.0,5.777,0.73,us,9.67,1.99,0.179,9
0.2561,98.4728,41.103,4.4,29,165.0,1.374,1.08,us,8.58,9.25,0.155,16
10.7584,123.7973,10.0,4.4,38,120.0,14.151,0.72,us,14.56,1.9,0.1,29
49.9207,157.3215,35.0,4.1,25,228.0,3.201,0.92,us,13.04,1.985,0.123,18
41.2056,142.5948,62.522,4.3,25,154.0,0.912,0.61,us,5.14,8.348,0.142,14
-16.7684,66.846,10.0,4.6,16,133.0,55.898,0.59,us,12.78,1.909,0.182,10
-36.253,52.4992,10.0,4.5,20,88.0,12.2,0.76,us,13.87,1.906,0.135,16
37.2845,71.166,104.277,4.4,39,91.0,1.465,1.03,us,6.7,7.633,0.077,49
-56.8159,-68.4705,10.0,5.0,66,146.0,1.947,0.52,us,9.49,1.893,0.074,58
42.882,144.9575,104.464,4.4,130,133.0,1.589,0.43,us,9.06,6.952,0.045,139
2.4911,-76.2254,35.053,4.4,51,72.0,2.355,0.68,us,7.8,6.209,0.089,37
42.2766,144.6046,42.195,4.3,127,118.0,1.108,0.68,us,7.19,7.306,0.05,116
52.0277,160.2995,19.736,4.7,76,124.0,1.418,0.51,us,7.65,1.24,0.073,58
41.0913,78.5546,10.0,4.2,24,101.0,0.512,1.04,us,5.24,1.948,0.199,7
13.2889,-90.9944,11.649,4.5,128,88.0,1.326,0.96,us,6.99,4.389,0.038,207
51.0253,159.5001,10.0,4.3,14,229.0,2.069,0.42,us,9.82,1.975,0.188,10
51.3345,159.5784,10.0,5.0,64,139.0,1.786,1.27,us,9.34,1.896,0.052,118
-2.1741,138.8715,35.0,4.8,48,67.0,0.844,0.85,us,6.57,1.903,0.082,46
50.3965,158.8016,10.0,4.4,45,133.0,2.632,0.58,us,6.41,1.879,0.095,32
46.219,136.3127,420.592,4.6,149,34.0,3.662,0.85,us,9.07,6.585,0.024,499
-4.061,-12.0098,10.0,4.5,16,117.0,4.5,0.59,us,13.22,1.542,0.164,11
51.8196,159.2957,46.132,4.3,37,137.0,1.269,0.77,us,9.35,7.58,0.106,25
52.8786,161.0827,10.0,5.1,18,129.0,1.479,0.53,us,11.16,1.926,0.147,15
-4.4037,101.527,36.269,4.4,42,144.0,1.425,0.5,us,9.15,7.493,0.092,34
52.2937,158.6507,10.0,4.5,87,133.0,0.731,0.62,us,7.09,1.867,0.058,87
39.1351,28.0362,14.969,4.2,39,74.0,0.882,0.72,us,2.72,5.398,0.176,9
-54.7666,-130.2807,10.0,4.9,23,182.0,32.545,0.73,us,13.06,1.955,0.123,21
51.5824,-173.8195,40.436,4.2,79,141.0,0.663,0.83,us,5.59,7.389,0.056,87
-5.615,154.3311,181.195,4.0,23,92.0,2.581,0.57,us,14.43,9.25,0.122,18
49.7976,159.004,10.0,4.3,26,136.0,3.238,0.39,us,10.27,1.921,0.142,14
51.5151,157.7795,90.253,4.5,58,131.0,1.596,0.64,us,6.67,7.822,0.057,91
34.9872,104.603,10.0,4.7,63,46.0,1.218,0.75,us,6.86,1.884,0.06,85
-0.1578,122.8574,158.128,4.8,79,22.0,0.882,0.83,us,6.51,5.247,0.064,76
5.9979,126.7703,95.212,4.4,36,108.0,1.592,0.88,us,3.97,6.398,0.098,30
-5.1828,35.1436,10.0,4.4,10,154.0,4.03,0.59,us,9.44,1.936,0.22,6
2.0301,127.9871,102.214,4.5,19,100.0,1.395,0.62,us,9.31,9.949,0.156,12
52.244,160.8543,39.167,4.3,49,123.0,1.554,0.82,us,9.79,7.739,0.08,44
-7.5437,128.7425,143.323,4.2,20,78.0,3.216,1.01,us,8.9,10.099,0.153,12
50.5404,160.2637,10.0,4.3,34,127.0,2.681,0.94,us,9.95,1.909,0.108,24
52.7995,160.6735,35.0,4.4,61,119.0,1.246,0.76,us,10.32,1.927,0.067,65
52.8466,161.1368,22.918,4.8,38,110.0,7.863,0.61,us,14.01,5.804,0.105,28
28.9429,76.8282,10.0,4.1,28,279.0,9.568,0.57,us,11.04,1.998,0.139,14
50.7234,158.5847,27.416,4.2,33,223.0,2.304,0.68,us,12.41,7.593,0.107,24
40.9719,142.9348,47.888,4.3,18,135.0,1.055,0.44,us,6.68,9.055,0.169,10
51.971,160.9009,10.0,4.2,13,244.0,2.263,0.77,us,7.97,2.009,0.152,12
-55.5579,-26.6984,10.0,5.2,57,67.0,5.788,0.84,us,5.36,1.865,0.074,60
-4.7558,152.7685,50.626,4.4,28,154.0,0.824,0.84,us,10.4,7.903,0.118,21
54.44,-160.098,49.646,3.3,66,196.0,0.491,0.9,us,5.9,11.664,0.218,5
0.9867,125.647,78.407,4.0,19,105.0,3.725,0.85,us,7.4,9.608,0.183,11
-18.8542,65.4124,10.0,4.6,72,63.0,2.127,0.39,us,11.13,1.852,0.071,63
39.4944,143.4536,30.402,4.1,24,151.0,2.242,0.66,us,8.97,6.864,0.165,10
14.7315,-94.1948,10.0,4.5,148,155.0,2.115,0.64,us,7.88,1.91,0.047,132
25.6052,124.7524,139.109,4.3,41,85.0,1.308,0.44,us,8.21,8.038,0.101,28
29.3918,129.2546,10.0,4.6,44,106.0,2.35,0.8,us,7.27,1.875,0.068,64
8.5058,-102.8953,10.0,4.2,36,187.0,9.939,0.69,us,14.47,1.925,0.095,31
53.4336,-165.8828,52.524,3.7,28,189.0,0.554,1.01,us,5.71,15.516,0.122,17
32.0967,140.2388,95.775,4.7,75,111.0,1.077,0.71,us,8.24,6.701,0.066,69
53.4876,160.2138,57.832,4.5,27,177.0,1.048,0.87,us,14.9,12.525,0.121,20
-1.1583,129.6805,10.0,4.6,30,55.0,1.605,0.86,us,6.88,1.894,0.117,22
29.8986,139.0415,415.572,4.0,98,86.0,3.274,0.79,us,9.04,8.332,0.059,78
-21.7192,170.8455,184.629,4.6,37,78.0,3.274,0.83,us,8.72,8.537,0.098,31
51.4361,159.5026,35.0,5.0,86,127.0,1.674,0.86,us,9.87,1.911,0.056,102
36.1892,136.9978,260.284,4.3,116,72.0,0.652,0.76,us,7.69,5.221,0.055,96
-7.008,130.6568,73.928,4.3,37,50.0,2.58,0.68,us,7.8,7.634,0.116,21
49.9056,158.961,10.0,4.6,72,131.0,3.128,0.6,us,8.67,1.879,0.067,67
7.6715,127.1779,35.0,4.4,17,115.0,1.695,0.96,us,9.08,1.854,0.139,15
51.5942,159.3763,35.0,4.4,25,101.0,1.499,0.58,us,11.52,1.933,0.134,17
51.8202,158.4768,71.892,4.9,59,127.0,1.21,0.58,us,12.32,6.235,0.077,53
53.413,159.4168,77.024,4.2,10,137.0,1.076,0.44,us,13.82,8.163,0.199,7
49.0944,154.7395,83.454,4.6,166,114.0,4.43,0.6,us,8.72,6.059,0.037,220
-24.0849,-67.0551,230.52,4.3,30,75.0,1.528,0.49,us,10.15,9.766,0.188,8
-7.53,127.5634,183.306,4.2,20,71.0,3.938,0.66,us,10.69,10.185,0.142,14
-8.229,117.9632,10.0,4.4,19,74.0,0.623,0.85,us,5.29,1.921,0.143,14
3.507,122.9115,546.35,4.3,50,50.0,2.813,0.66,us,12.37,8.755,0.083,41
1.9255,-30.7366,10.0,4.5,35,82.0,19.923,0.61,us,13.47,1.904,0.099,30
52.5592,160.812,10.0,5.3,92,118.0,1.393,1.27,us,9.32,1.877,0.062,87
-9.8652,151.9153,10.0,4.7,39,83.0,4.711,0.62,us,9.07,1.926,0.102,29
50.3502,156.6494,76.896,4.3,39,130.0,2.838,0.83,us,11.7,8.082,0.08,44
-26.2598,-175.913,10.0,4.9,22,138.0,9.034,0.4,us,13.26,1.904,0.122,21
27.4499,52.605,10.0,4.4,50,80.0,4.083,0.51,us,10.03,1.874,0.081,44
12.4011,-55.7232,10.0,4.5,35,129.0,3.814,0.99,us,12.29,1.938,0.115,22
-55.142,-1.3455,10.0,4.4,13,121.0,16.606,0.51,us,7.23,1.919,0.148,13
-6.1522,131.283,64.093,4.8,61,74.0,2.123,0.76,us,7.77,3.906,0.077,52
22.7737,94.534,105.853,4.1,19,148.0,1.6,0.39,us,8.44,11.694,0.174,9
51.7695,160.2913,10.0,5.2,85,107.0,1.609,0.97,us,7.46,1.265,0.023,613
49.7545,158.7192,10.0,4.2,22,225.0,3.274,0.47,us,9.39,1.913,0.159,12
44.1613,17.5248,10.0,3.7,22,78.0,0.636,0.53,us,4.62,1.942,0.356,2
18.6114,120.5524,14.144,4.9,49,119.0,4.214,0.86,us,11.46,5.144,0.074,57
-18.7994,-177.669,621.184,4.2,26,231.0,3.647,0.65,us,23.39,20.576,0.105,25
29.3327,129.291,10.0,4.5,42,66.0,2.39,0.72,us,7.23,1.893,0.106,30
49.6991,157.8171,10.0,4.7,36,136.0,3.37,0.54,us,12.38,1.921,0.081,47
52.1774,160.103,32.47,4.5,45,120.0,1.226,0.74,us,9.44,5.956,0.087,39
-24.3058,-67.1976,166.252,4.5,26,72.0,1.62,1.36,us,9.27,9.105,0.121,20
-19.4993,-177.0775,338.454,4.3,31,136.0,4.523,0.73,us,15.59,9.475,0.101,33
5.9556,94.9697,10.0,4.7,36,84.0,5.291,0.9,us,8.86,1.887,0.114,23
52.7716,160.2672,35.0,4.7,63,132.0,1.012,0.84,us,9.46,1.92,0.04,193
-22.8036,-66.1865,250.22,4.5,105,32.0,1.843,0.77,us,7.76,6.202,0.051,113
-19.4817,169.7526,34.312,5.1,56,89.0,3.787,0.94,us,7.82,4.413,0.054,111
-18.5151,-70.6429,41.784,4.1,21,149.0,0.32,1.2,us,7.69,8.384,0.198,8
-29.6475,-177.3256,35.0,4.4,16,260.0,28.876,1.03,us,20.38,2.019,0.139,15
-22.9693,170.5406,10.0,4.3,21,112.0,2.877,0.82,us,8.99,1.942,0.154,15
6.8257,127.1219,58.864,5.2,80,107.0,1.551,0.88,us,8.86,7.268,0.052,124
-7.658,127.974,150.499,4.4,23,68.0,4.215,0.58,us,12.55,13.715,0.155,13
4.8375,126.4906,58.92,4.7,46,126.0,1.014,0.92,us,8.66,8.089,0.086,41
-57.7079,-25.8527,85.363,4.5,16,131.0,6.88,0.84,us,15.41,9.09,0.14,15
-2.7821,102.3375,170.385,4.4,43,151.0,1.685,0.76,us,11.69,8.85,0.092,34
-18.3995,-69.6535,137.579,4.4,32,78.0,0.654,1.17,us,6.15,6.001,0.117,21
39.7107,70.1945,15.191,4.2,41,90.0,0.596,0.59,us,3.51,4.475,0.104,26
51.36,159.716,10.0,4.9,103,111.0,2.146,0.81,us,8.43,1.848,0.058,94
-21.4726,-68.5154,144.143,4.2,20,52.0,1.002,1.14,us,6.68,8.469,0.2,7
38.0017,38.4942,10.0,4.2,22,163.0,0.741,0.53,us,7.48,1.942,0.167,10
49.8707,157.7339,10.0,4.8,106,134.0,3.209,0.75,us,10.52,1.889,0.056,100
52.8322,159.712,61.257,4.1,27,188.0,0.671,1.37,us,11.98,7.454,0.103,26
50.7971,158.7351,28.445,4.4,35,131.0,2.23,0.7,us,10.21,6.011,0.103,27
51.6418,159.8988,10.0,4.4,26,138.0,1.582,1.22,us,10.21,1.936,0.127,18
50.3122,154.8971,152.68,4.3,28,174.0,3.298,0.77,us,13.31,11.079,0.122,19
51.4261,159.6962,10.0,5.0,66,121.0,1.724,0.88,us,8.22,1.869,0.049,135
53.124,160.3421,56.152,4.4,26,117.0,1.026,0.93,us,5.79,7.582,0.126,18
-14.6636,167.3723,239.041,4.8,103,60.0,6.552,0.46,us,6.67,7.384,0.055,101
29.3165,129.3433,10.0,4.4,37,89.0,2.386,0.8,us,7.06,1.89,0.12,20
-58.0595,-24.6223,10.0,5.2,108,39.0,7.625,0.69,us,10.26,1.778,0.06,92
51.8385,159.1797,35.0,5.5,123,94.0,1.23,0.87,us,7.56,1.833,0.021,774
-3.1328,130.8965,10.0,4.5,26,55.0,1.367,1.09,us,5.64,1.892,0.104,27
1.2119,128.7123,11.376,4.2,33,77.0,3.276,0.6,us,7.63,4.926,0.118,20
52.6177,161.5813,10.0,4.2,23,124.0,2.404,0.58,us,10.08,1.916,0.141,14
54.6143,-159.0877,27.123,4.1,60,154.0,0.363,0.69,us,5.3,6.426,0.165,11
31.6052,132.103,44.002,4.5,47,88.0,1.412,0.99,us,6.48,6.712,0.099,30
6.0067,126.146,150.653,4.4,61,45.0,1.197,1.07,us,4.67,6.262,0.073,54
34.9571,97.3443,10.0,4.3,41,138.0,5.279,0.66,us,11.96,1.898,0.085,39
27.2988,52.8065,10.0,4.0,34,115.0,3.85,0.58,us,6.9,1.88,0.113,21
-19.6551,-178.23,563.264,4.1,13,230.0,3.898,0.98,us,29.6,28.019,0.166,10
53.1058,160.1384,54.452,4.5,112,117.0,0.902,0.75,us,8.44,6.654,0.051,115
51.7686,159.5178,10.0,4.6,36,122.0,1.365,1.33,us,6.5,1.9,0.125,29
51.5736,-179.5005,79.37,4.2,83,163.0,0.429,0.55,us,7.07,5.948,0.07,57
5.3874,126.3197,56.09,4.2,30,173.0,1.06,0.47,us,7.2,8.619,0.104,26
52.9122,161.0131,10.0,4.8,43,119.0,1.434,0.95,us,9.85,1.885,0.089,39
6.1123,127.574,10.0,4.4,31,84.0,2.496,0.68,us,9.36,1.889,0.111,23
52.144,160.281,35.0,4.4,21,208.0,1.329,0.55,us,15.28,9.841,0.161,11
54.3763,-161.5472,35.359,3.5,39,194.0,0.748,0.96,us,3.7,11.503,0.157,10
51.2831,159.1547,35.801,4.7,92,124.0,1.771,0.56,us,7.82,6.984,0.063,76
27.6063,143.1595,10.0,4.8,56,121.0,1.005,0.82,us,7.46,1.865,0.057,96
36.5334,70.122,219.942,4.2,65,84.0,2.169,0.79,us,7.71,8.63,0.092,33
8.4799,-103.746,10.0,4.4,36,264.0,10.34,0.52,us,10.28,1.951,0.092,37
52.3417,161.3744,10.0,4.3,16,208.0,1.794,1.29,us,12.57,1.997,0.201,7
4.937,127.879,10.0,4.3,23,166.0,2.4,0.5,us,10.37,1.952,0.148,13
21.285,144.4126,127.692,4.1,36,114.0,6.131,0.58,us,9.99,7.866,0.091,34
-4.0563,152.968,10.0,4.6,26,148.0,0.813,0.67,us,6.29,1.945,0.114,23
51.4786,157.9915,60.004,4.2,26,126.0,1.599,0.73,us,10.77,8.705,0.127,17
34.4403,98.9489,10.0,5.1,82,64.0,4.171,0.79,us,4.8,1.738,0.04,200
51.727,159.6954,31.565,4.9,56,126.0,1.448,1.04,us,9.69,5.666,0.082,46
37.0652,72.3774,10.0,4.4,9,131.0,1.248,1.38,us,11.52,1.908,0.202,7
-24.456,-112.0681,10.0,4.7,29,160.0,3.625,0.99,us,14.46,1.921,0.087,40
-4.6824,155.2729,518.468,5.0,162,20.0,3.258,0.68,us,8.63,4.342,0.03,363
53.2612,159.6037,61.165,4.4,18,87.0,0.622,0.79,us,11.35,9.698,0.178,9
-29.3489,-71.46,38.049,4.0,27,141.0,0.6,1.07,us,4.13,10.869,0.367,2
51.4159,161.019,10.0,4.3,48,135.0,2.172,0.31,us,11.21,1.904,0.09,35
51.0822,159.6574,25.678,4.3,17,217.0,2.041,0.72,us,10.41,8.544,0.161,11
25.4001,141.1153,147.669,4.6,36,118.0,1.942,0.63,us,10.43,7.372,0.078,49
51.3019,159.2558,10.0,4.5,21,180.0,1.764,0.35,us,10.97,1.967,0.156,13
49.5793,157.5322,16.76,4.5,24,136.0,3.519,0.78,us,9.24,4.765,0.145,14
12.7375,-88.5933,53.012,4.1,18,190.0,0.773,1.06,us,8.33,10.46,0.214,6
31.8711,142.0682,10.0,4.3,22,148.0,2.273,0.44,us,4.6,1.916,0.169,10
51.6114,159.5838,25.735,4.5,64,115.0,1.526,1.16,us,8.6,5.421,0.067,64
12.3753,-87.9581,47.201,4.3,40,196.0,0.969,1.02,us,12.62,9.281,0.094,32
52.2152,161.0027,10.0,4.4,26,180.0,1.647,1.03,us,11.65,1.928,0.123,19
51.6408,159.672,42.718,4.7,45,137.0,1.52,0.51,us,12.0,7.306,0.085,42
14.0005,120.6055,182.613,4.1,51,98.0,14.156,0.95,us,13.34,8.368,0.081,42
3.1322,-31.4123,10.0,4.6,39,66.0,20.446,0.81,us,12.72,1.882,0.081,45
52.0654,-169.3422,13.442,4.8,227,122.0,0.759,0.64,us,5.01,4.061,0.035,257
-43.3222,-82.3094,10.0,4.3,18,138.0,8.297,0.62,us,13.9,1.895,0.177,9
5.7949,126.383,104.85,4.4,37,61.0,1.387,1.0,us,8.74,7.479,0.107,26
-31.5715,-69.5068,116.488,4.1,30,83.0,0.714,0.7,us,6.02,9.192,0.234,5
52.4865,160.998,25.289,5.1,162,128.0,1.525,0.77,us,10.64,5.532,0.045,165
5.7139,123.9966,520.692,4.4,78,35.0,1.769,0.65,us,10.94,7.338,0.072,56
53.6258,161.2762,36.294,4.7,68,134.0,1.687,0.61,us,11.37,7.317,0.062,79
29.1409,129.549,10.0,5.0,101,92.0,2.486,1.2,us,5.6,1.792,0.035,260
-19.8405,-175.8004,180.448,4.4,47,94.0,5.593,0.73,us,13.01,7.383,0.065,68
51.3884,160.0065,10.0,4.2,17,134.0,1.838,0.73,us,12.76,1.958,0.152,13
-10.331,161.5065,84.826,4.4,22,159.0,1.774,0.7,us,12.01,6.483,0.108,25
24.828,97.8254,10.0,4.4,33,123.0,3.882,0.87,us,8.12,1.815,0.117,21
52.4476,160.8111,10.0,4.4,26,117.0,1.435,1.2,us,4.95,1.902,0.143,19
50.6544,157.3392,60.903,4.3,30,222.0,2.468,0.6,us,12.72,9.138,0.096,31
7.6037,126.9374,35.0,4.4,35,69.0,1.448,1.16,us,7.97,1.915,0.108,35
51.4883,159.7399,25.11,4.9,79,120.0,2.05,1.15,us,8.66,5.216,0.061,115
52.9244,161.1829,10.0,4.3,20,188.0,1.535,1.13,us,11.05,1.991,0.133,16
51.1916,159.5628,10.0,4.6,38,130.0,1.919,0.72,us,7.99,1.907,0.09,37
60.4388,-139.8522,10.0,4.2,32,136.0,0.398,0.76,us,2.51,1.56,0.2,7
-3.4946,128.7097,33.74,4.1,30,36.0,3.58,0.61,us,7.34,6.823,0.145,14
13.8426,144.8408,151.627,4.2,18,91.0,0.253,0.57,us,12.13,4.836,0.159,11
-5.0229,151.5509,142.497,4.6,48,78.0,1.027,0.65,us,6.51,6.72,0.079,47
-16.8883,-174.2038,84.077,4.9,29,129.0,6.172,1.15,us,15.99,6.616,0.08,50
51.6218,159.2507,35.0,4.2,37,126.0,1.451,1.01,us,10.15,1.93,0.094,32
52.149,160.03,34.614,4.0,37,179.0,1.215,0.64,us,13.47,9.236,0.1,27
33.7183,90.741,10.0,4.5,66,46.0,4.016,0.69,us,8.69,1.876,0.073,55
48.2049,157.1677,10.0,4.6,78,136.0,4.916,0.75,us,8.02,1.886,0.048,128
52.4376,160.9047,23.423,5.0,158,120.0,1.491,0.64,us,8.59,5.401,0.045,161
40.5884,141.9801,56.25,4.1,20,155.0,0.724,1.17,us,5.87,8.462,0.158,11
-2.1261,138.9499,35.0,4.7,49,65.0,0.929,0.48,us,5.79,1.675,0.089,38
-14.2313,167.3094,10.0,4.5,20,208.0,6.915,1.03,us,13.47,1.962,0.14,15
30.4571,50.029,10.0,4.1,52,88.0,5.761,0.63,us,6.11,1.907,0.088,37
19.2575,145.4826,216.289,3.8,13,150.0,4.005,0.51,us,18.04,4.719,0.169,9
34.3515,22.1086,35.0,4.3,18,247.0,2.825,0.82,us,11.39,2.017,0.178,9
19.0218,121.416,45.416,4.6,63,120.0,3.79,0.79,us,11.48,7.815,0.058,87
3.444,126.4908,75.033,4.4,23,109.0,1.63,0.72,us,8.09,4.402,0.143,14
-9.5616,158.4298,10.0,4.7,34,75.0,1.502,0.62,us,9.31,1.875,0.097,32
-20.9999,-174.4345,35.0,4.3,14,169.0,45.323,0.35,us,10.41,1.944,0.154,12
-5.5229,132.1019,10.0,4.3,25,104.0,2.591,0.51,us,8.65,1.886,0.138,18
11.6266,-86.3268,76.518,4.3,28,132.0,0.525,0.67,us,4.94,6.894,0.091,34
-48.991,125.3587,10.0,4.1,11,135.0,17.161,0.5,us,14.86,1.942,0.175,9
7.4201,126.8239,83.054,4.1,12,135.0,1.283,1.02,us,8.49,9.471,0.198,7
-12.5107,166.5385,68.261,4.9,74,106.0,2.989,0.81,us,10.53,7.123,0.044,164
29.3526,129.3488,10.0,4.5,37,89.0,2.351,0.9,us,7.28,1.907,0.089,37
52.2659,160.8305,56.854,4.0,31,164.0,1.53,0.77,us,14.31,10.058,0.116,20
2.8757,128.5329,240.44,4.2,12,205.0,2.393,0.41,us,13.18,9.207,0.187,8
-16.4737,176.8404,10.0,4.7,20,105.0,1.715,0.87,us,8.49,1.886,0.137,16
51.7021,159.5088,35.0,4.7,47,115.0,1.424,0.91,us,6.2,1.92,0.084,43
-23.8618,-179.9581,529.184,4.3,28,177.0,6.364,0.58,us,20.1,17.647,0.111,23
-0.2594,-16.1735,10.0,4.7,20,119.0,13.225,0.44,us,16.78,1.925,0.137,16
-33.6586,-178.7207,10.0,4.4,29,231.0,4.586,0.67,us,13.44,1.864,0.117,21
-32.5307,-71.4171,67.499,4.0,31,152.0,0.528,0.57,us,4.45,5.511,0.195,7
6.9177,-73.1993,159.857,4.1,17,80.0,2.342,0.73,us,7.91,9.042,0.186,8
42.1361,80.6653,10.0,4.5,29,165.0,1.432,1.07,us,5.45,1.9,0.145,14
52.766,161.2899,10.0,4.0,13,195.0,1.62,1.18,us,12.55,2.001,0.212,6
-21.4584,-66.6489,237.347,4.4,24,122.0,2.054,1.1,us,8.97,10.667,0.13,17
-8.8381,118.7623,112.873,4.5,35,83.0,0.974,1.11,us,6.13,7.284,0.111,24
35.31,140.2222,68.858,4.2,25,131.0,2.044,0.82,us,8.13,7.383,0.128,17
29.2844,129.4519,10.0,4.6,45,106.0,2.38,1.04,us,8.27,1.898,0.087,39
51.1054,-176.0765,35.0,3.7,55,194.0,0.785,0.98,us,4.13,1.932,0.105,23
3.0847,-31.4127,10.0,4.6,22,86.0,20.227,0.74,us,13.45,1.898,0.128,21
7.0726,126.8975,68.326,5.0,66,103.0,1.308,0.8,us,7.93,4.033,0.048,137
-10.9261,160.9603,10.0,4.4,18,194.0,1.783,0.75,us,11.51,1.919,0.131,17
51.5588,160.0252,10.0,4.4,21,127.0,1.693,0.6,us,5.32,1.914,0.149,13
41.9173,81.9796,10.0,4.5,59,100.0,2.318,0.55,us,7.32,1.901,0.088,38
4.4747,-73.2145,10.0,4.2,15,68.0,1.163,0.96,us,7.29,1.471,0.264,6
-4.2865,102.4076,69.631,4.4,33,168.0,0.551,0.53,us,10.25,6.158,0.117,24
41.2729,142.3925,53.775,4.6,85,133.0,0.937,0.56,us,5.9,7.048,0.069,63
51.3017,159.834,10.0,4.5,61,128.0,1.872,0.72,us,9.02,1.889,0.075,53
50.4902,159.7887,10.0,4.2,16,136.0,2.634,0.47,us,10.23,1.923,0.186,8
-5.0265,151.3343,144.05,4.5,42,61.0,1.171,0.88,us,8.96,7.422,0.093,34
-5.2595,152.1862,60.841,5.0,70,71.0,0.97,0.47,us,8.22,4.977,0.075,57
50.766,159.0552,10.0,4.6,27,224.0,2.275,0.89,us,11.41,1.983,0.129,18
52.338,160.0971,35.0,5.3,104,110.0,1.117,0.81,us,8.84,1.916,0.06,93
12.6711,120.8885,10.0,4.3,29,124.0,15.703,0.56,us,14.67,1.939,0.119,20
52.2299,160.6111,10.0,5.2,173,107.0,1.435,0.77,us,8.47,1.864,0.026,503
-23.9044,-66.7902,226.072,4.3,25,82.0,1.589,1.1,us,10.33,8.481,0.147,13
-28.925,-71.4305,37.147,4.3,28,159.0,0.645,0.93,us,4.0,9.454,0.201,7
7.0273,-46.2267,10.0,4.9,101,113.0,6.66,0.7,us,10.86,1.855,0.054,109
52.913,160.9005,10.0,5.0,88,142.0,1.366,0.9,us,9.45,1.884,0.065,76
-30.3971,-176.88,10.0,4.4,23,180.0,1.466,0.58,us,7.36,1.725,0.127,18
-6.3495,151.7823,10.0,4.7,69,83.0,2.044,0.64,us,3.84,1.826,0.068,65
9.3982,94.0014,10.0,4.5,69,36.0,5.069,0.65,us,9.39,1.859,0.075,52
-11.4339,166.3739,67.553,5.0,85,102.0,4.07,0.56,us,8.63,5.991,0.063,80
54.4422,-159.7016,10.0,3.9,93,164.0,0.395,1.27,us,4.29,1.867,0.182,8
-4.6005,153.9176,120.306,4.3,17,199.0,1.908,0.69,us,6.65,10.204,0.142,14
-60.3168,-27.968,10.0,4.4,22,111.0,7.602,0.69,us,9.95,1.874,0.12,20
0.6602,67.2383,10.0,4.6,45,83.0,5.758,0.82,us,8.0,1.87,0.087,40
41.2535,142.6957,42.963,4.4,48,172.0,0.836,0.86,us,9.23,8.886,0.086,39
2.59,-31.1585,10.0,4.5,50,60.0,9.609,0.73,us,11.4,1.874,0.082,43
50.0476,159.5665,10.0,4.3,42,138.0,3.034,0.66,us,10.91,1.909,0.099,29
52.7784,160.7397,32.417,4.3,96,115.0,1.289,0.45,us,8.9,5.639,0.054,99
52.5153,158.3911,10.0,4.1,12,134.0,0.533,0.78,us,7.54,1.849,0.198,7
7.3002,127.1685,10.0,4.8,60,66.0,1.594,1.07,us,6.69,1.868,0.078,50
37.6612,144.2886,10.0,4.9,110,125.0,4.003,0.86,us,7.52,1.859,0.062,81
52.611,160.5691,10.0,5.0,81,134.0,1.236,0.91,us,10.72,1.887,0.037,235
2.8177,127.1504,45.667,4.4,33,47.0,2.044,0.9,us,6.37,5.459,0.123,19
12.2142,-64.7835,10.0,4.5,49,65.0,2.047,0.82,us,6.99,1.914,0.1,33
41.0269,14.8167,10.0,4.0,23,85.0,0.189,0.9,us,2.53,1.898,0.365,2
-9.0199,-79.0454,72.731,5.0,66,61.0,3.659,0.57,us,11.54,5.319,0.031,338
26.7466,92.3604,41.698,4.5,41,148.0,3.14,0.66,us,10.6,8.117,0.091,35
-17.9008,-69.3494,150.639,4.3,20,94.0,0.334,0.71,us,5.27,4.51,0.177,9
-12.5471,166.4468,67.116,4.7,87,68.0,2.975,0.46,us,8.89,5.484,0.054,106
52.3702,160.811,6.954,4.9,111,117.0,1.469,0.62,us,8.19,4.748,0.036,244
49.6153,155.5725,80.832,4.2,36,133.0,3.743,0.55,us,13.92,9.977,0.085,39
49.837,157.906,10.0,4.1,18,173.0,3.225,1.27,us,11.56,1.907,0.175,9
29.3167,129.4731,10.0,4.5,49,111.0,2.343,0.9,us,8.0,1.89,0.074,53
-0.2104,130.6163,10.0,4.9,48,47.0,0.913,0.95,us,6.35,1.887,0.074,57
-31.5118,-179.0856,10.0,4.8,13,148.0,2.47,0.64,us,8.71,1.902,0.16,12
-20.889,-173.7415,10.0,4.5,26,83.0,4.015,1.01,us,14.42,1.894,0.127,19
-32.9983,-178.7082,35.0,4.6,17,168.0,3.801,1.04,us,8.69,1.964,0.152,13
-52.603,140.0909,10.0,4.4,14,142.0,15.499,0.61,us,13.55,1.95,0.148,13
-7.0417,150.3444,10.0,4.3,22,147.0,3.361,0.4,us,12.91,1.922,0.137,15
6.0139,127.5901,10.0,4.5,32,61.0,2.257,0.4,us,9.69,1.835,0.113,23
41.0209,138.6895,242.609,4.0,37,88.0,1.815,0.65,us,9.17,10.309,0.125,17
52.5294,160.7131,35.786,4.2,30,120.0,1.347,0.82,us,10.78,7.86,0.121,19
49.0298,158.1144,10.0,4.3,31,124.0,4.013,0.64,us,11.19,1.91,0.119,20
51.6776,158.2914,71.792,4.1,17,134.0,1.366,0.77,us,7.4,9.379,0.175,9
53.5129,160.1176,66.432,4.8,105,126.0,1.009,0.55,us,10.23,6.956,0.056,100
34.9601,104.6772,10.0,4.6,54,92.0,1.277,0.52,us,9.78,1.894,0.083,43
-24.1591,-67.1015,183.203,4.1,24,102.0,1.556,0.7,us,9.43,9.832,0.212,6
44.4079,-129.4365,10.0,4.0,80,194.0,3.937,0.7,us,9.21,1.998,0.122,19
-6.44,147.9885,48.657,4.0,16,118.0,3.058,0.58,us,9.93,8.693,0.164,12
-16.8994,-172.5286,10.0,4.6,23,166.0,3.059,0.75,us,10.29,2.274,0.122,20
52.2812,159.8921,35.0,4.7,31,133.0,1.061,0.96,us,11.43,1.952,0.153,13
51.6601,159.5591,49.554,4.3,40,132.0,1.475,0.75,us,7.79,7.937,0.104,26
-1.3104,133.9928,42.419,4.8,86,70.0,1.53,0.68,us,6.26,7.402,0.064,76
50.238,157.55,35.0,4.6,80,135.0,2.872,0.91,us,9.83,1.883,0.063,75
-6.8582,130.15,111.32,4.4,29,58.0,2.333,0.71,us,8.43,8.605,0.108,25
53.4127,159.9214,60.906,4.2,28,163.0,0.858,1.14,us,12.88,10.963,0.115,21
-19.1369,-177.6793,599.809,4.3,56,133.0,3.859,0.59,us,13.32,7.337,0.072,54
31.4462,140.1365,10.0,4.6,72,132.0,1.686,0.36,us,9.02,1.904,0.071,59
50.9796,158.9758,26.593,4.2,47,129.0,2.057,0.48,us,10.81,6.21,0.079,44
84.7431,5.4117,10.0,4.1,18,103.0,4.063,1.31,us,8.21,1.955,0.151,12
52.7118,160.9134,10.0,4.4,33,152.0,1.407,0.49,us,9.49,1.94,0.114,22
0.5855,121.6312,107.187,4.5,68,46.0,0.997,0.83,us,3.27,6.352,0.075,52
52.4249,152.3759,540.388,4.1,27,119.0,3.305,0.7,us,13.36,9.578,0.114,21
51.5777,159.6258,10.0,5.0,61,135.0,1.567,0.65,us,9.44,1.897,0.077,53
51.7655,160.5687,10.0,4.9,20,120.0,1.723,0.7,us,10.92,1.917,0.117,29
51.3965,159.8057,10.0,4.7,75,128.0,1.778,0.66,us,8.52,1.874,0.081,55
-23.0448,-114.7045,10.0,4.6,38,150.0,6.341,0.64,us,6.18,1.905,0.094,34
-17.063,-174.7695,177.133,4.3,16,134.0,4.258,0.86,us,14.8,13.732,0.169,10
49.3882,157.4174,10.0,4.3,22,168.0,3.722,0.74,us,12.61,1.897,0.142,14
34.5337,26.0526,45.634,4.8,76,115.0,1.36,0.8,us,7.2,7.181,0.057,96
-29.2958,-71.7148,32.778,4.2,23,150.0,0.747,0.65,us,4.37,8.025,0.373,2
30.0753,69.7393,10.0,4.4,32,184.0,8.525,1.05,us,11.03,1.954,0.105,26
-20.1223,-178.8738,623.355,4.1,18,131.0,3.749,0.45,us,19.95,9.082,0.12,19
52.7739,161.1396,10.0,4.5,19,212.0,1.529,1.35,us,14.27,1.996,0.18,9
54.5199,-159.9284,40.907,4.2,83,156.0,0.369,0.95,us,6.72,9.531,0.158,11
53.3085,159.6693,71.816,4.5,177,128.0,0.677,0.72,us,9.69,6.384,0.043,163
2.0198,99.0703,145.075,4.4,44,106.0,0.685,0.73,us,6.64,4.725,0.086,39
-11.312,165.8242,55.485,4.5,42,115.0,4.324,0.58,us,10.12,7.452,0.089,37
-4.5746,-12.581,10.0,4.6,14,97.0,3.776,0.36,us,8.45,1.867,0.182,10
49.7391,157.562,10.0,4.5,88,134.0,3.359,0.72,us,9.91,1.881,0.055,96
-46.9301,-13.7452,10.0,4.8,21,64.0,9.912,1.23,us,11.19,1.713,0.124,20
51.4043,-174.1167,35.0,3.7,39,204.0,0.8,1.04,us,4.91,1.975,0.13,17
52.1516,159.7633,35.0,5.2,42,89.0,8.78,0.64,us,11.11,1.946,0.128,20
29.3512,129.6219,10.0,4.4,49,113.0,2.267,0.81,us,6.82,1.902,0.091,35
13.1253,144.6479,64.001,4.8,43,123.0,0.509,0.3,us,11.25,6.153,0.054,105
6.2254,125.8788,125.466,4.4,44,55.0,0.89,0.44,us,7.7,6.669,0.098,30
13.774,39.9181,10.0,4.1,36,91.0,3.625,0.67,us,8.61,1.911,0.097,30
-34.2117,178.947,237.13,4.9,38,111.0,3.384,1.11,us,9.91,8.436,0.083,45
15.6512,145.9249,112.693,4.5,28,108.0,0.429,0.5,us,12.33,4.683,0.118,21
14.6797,-92.4688,66.077,4.0,35,177.0,0.891,0.81,us,8.37,9.214,0.115,20
52.9096,160.3364,35.0,4.4,50,165.0,1.026,0.97,us,9.74,1.956,0.086,39
23.3928,94.3928,93.83,4.6,70,71.0,2.23,0.49,us,9.39,7.061,0.072,58
51.312,159.5531,10.0,4.3,27,168.0,1.802,1.16,us,5.3,1.957,0.114,22
-17.5279,167.8987,35.0,4.3,18,198.0,2.174,0.65,us,8.3,1.963,0.154,12
2.0506,126.7202,53.748,4.7,86,80.0,1.425,0.78,us,5.89,7.232,0.052,113
52.455,160.6895,37.497,4.2,27,150.0,1.364,0.76,us,10.24,9.505,0.136,15
27.6675,53.0396,10.0,4.0,23,85.0,3.926,0.71,us,8.24,1.94,0.122,18
-21.1132,168.5224,10.0,4.9,40,90.0,1.796,0.84,us,7.55,1.814,0.114,24
12.8458,144.1042,127.623,4.3,21,79.0,1.049,1.34,us,12.68,7.095,0.142,14
-31.7194,-71.7969,32.539,4.4,39,146.0,0.77,0.64,us,5.31,5.877,0.154,12
-27.913,-176.985,81.261,4.5,13,245.0,1.565,0.44,us,15.06,10.743,0.14,15
52.6281,160.6657,35.978,4.2,17,137.0,1.286,0.74,us,10.58,8.644,0.166,10
35.8102,32.1868,78.055,4.3,65,119.0,1.262,0.84,us,6.93,9.646,0.099,29
51.3455,158.9037,42.018,4.0,27,127.0,1.688,0.6,us,11.31,8.195,0.106,24
30.5605,141.6086,10.0,4.6,46,119.0,2.97,0.73,us,9.75,1.886,0.098,32
52.5197,161.1593,10.0,4.0,22,191.0,1.606,0.83,us,14.1,1.965,0.144,13
27.4107,54.8309,10.0,4.3,52,104.0,2.748,0.78,us,6.47,1.881,0.086,38
-22.8674,171.6726,10.0,4.4,13,129.0,3.909,0.93,us,6.98,1.919,0.239,5
52.9094,160.5623,35.0,4.1,24,165.0,1.162,0.8,us,13.12,1.981,0.126,17
0.8,96.8472,10.0,4.1,16,193.0,0.884,0.54,us,7.5,1.114,0.197,7
-20.9406,-67.5152,188.964,4.2,26,61.0,1.729,0.9,us,6.1,10.798,0.235,5
52.8417,160.7858,10.0,4.0,18,120.0,1.306,0.62,us,9.2,1.881,0.156,11
53.0347,161.0127,35.0,4.4,35,199.0,1.427,0.89,us,14.01,1.986,0.112,23
-11.3764,113.0062,10.0,4.6,38,49.0,3.101,1.0,us,7.88,1.776,0.114,26
53.3337,160.7986,35.0,4.1,22,195.0,1.33,0.5,us,9.24,1.962,0.12,19
51.5015,160.4463,10.0,4.1,16,189.0,1.882,1.01,us,12.79,1.989,0.166,11
-17.6307,-69.4268,151.89,4.2,25,79.0,0.065,0.91,us,8.41,4.416,0.132,16
25.4653,-45.3445,10.0,4.2,20,155.0,45.943,0.55,us,17.25,1.938,0.132,16
9.4441,93.9067,10.0,4.2,28,120.0,5.16,0.76,us,11.7,1.911,0.124,21
51.6656,160.2727,10.0,4.6,31,127.0,1.685,0.69,us,10.27,1.924,0.125,19
50.3139,157.1431,35.0,4.1,20,193.0,2.82,0.74,us,13.48,1.978,0.145,13
52.3296,159.8039,56.52,4.6,31,122.0,0.988,0.75,us,7.94,7.911,0.107,26
50.6089,158.6547,10.0,4.4,32,138.0,2.418,0.75,us,11.81,1.918,0.109,24
52.6449,160.052,35.0,4.2,20,143.0,0.931,0.94,us,8.51,1.977,0.146,13
-10.2699,161.4662,87.959,4.2,31,109.0,1.709,0.74,us,10.5,7.893,0.121,20
-0.0886,100.1054,10.0,4.6,38,152.0,2.883,1.0,us,8.43,1.91,0.114,27
-6.9573,73.2022,10.0,4.3,14,91.0,0.87,0.65,us,7.67,1.247,0.188,8
19.5517,-69.6462,10.0,4.4,50,46.0,0.505,1.25,us,3.05,1.292,0.084,41
31.9102,92.921,10.0,4.8,113,38.0,2.687,0.44,us,7.51,1.859,0.052,117
-3.6257,151.5576,10.0,4.4,25,110.0,0.825,0.36,us,8.88,1.895,0.126,18
-17.4578,-174.5935,103.611,4.6,64,69.0,4.448,0.54,us,10.93,7.261,0.071,59
50.7638,158.0584,35.0,4.7,15,137.0,2.292,0.79,us,13.39,1.948,0.147,14
-28.9215,-67.7263,134.202,4.1,23,94.0,2.317,0.65,us,7.16,5.389,0.234,5
27.5281,52.8561,10.0,4.3,21,99.0,3.957,0.96,us,9.61,1.977,0.142,14
50.3531,158.6429,21.896,4.3,22,133.0,2.674,0.83,us,9.09,4.44,0.161,11
52.3111,159.6624,35.0,4.5,71,134.0,1.437,0.73,us,9.28,1.927,0.181,9
51.4757,159.6917,28.297,4.9,74,121.0,1.677,1.02,us,8.2,5.388,0.043,167
-57.6504,-8.7007,10.0,4.4,11,118.0,14.287,0.51,us,15.55,1.193,0.17,10
25.067,125.0297,35.624,4.3,44,105.0,0.996,1.07,us,6.09,8.616,0.111,25
50.6536,156.7887,75.01,4.3,75,98.0,2.522,0.69,us,11.22,6.661,0.069,59
-20.5123,-178.6755,606.608,4.0,20,160.0,4.14,0.85,us,18.48,10.958,0.139,15
51.0453,157.0508,79.483,4.5,60,134.0,2.104,0.61,us,11.78,7.338,0.077,49
39.2592,28.3214,10.0,4.9,77,37.0,1.072,0.94,us,4.51,1.807,0.053,113
-3.22,148.9694,10.0,5.1,26,82.0,1.983,1.03,us,8.05,1.891,0.125,21
7.3146,126.873,50.518,4.5,34,70.0,1.307,0.6,us,6.59,8.138,0.113,25
50.6225,157.161,63.379,4.9,74,111.0,2.512,1.05,us,8.51,6.427,0.03,370
38.3847,-30.232,10.0,4.6,34,157.0,3.766,0.59,us,10.86,1.904,0.104,28
49.6905,155.962,66.239,5.0,102,87.0,3.591,0.83,us,9.0,5.249,0.023,601
5.8722,127.1529,30.258,4.7,45,71.0,1.965,1.05,us,6.47,4.904,0.085,46
-30.4607,-177.7927,35.0,5.0,61,127.0,7.787,0.88,us,11.78,1.874,0.051,124
-19.0745,-179.0467,669.556,4.8,54,87.0,2.991,0.95,us,12.85,8.903,0.083,45
52.3294,160.7829,10.0,4.5,65,123.0,1.473,0.65,us,10.52,1.924,0.064,73
-6.1946,130.5084,115.071,4.3,19,120.0,1.767,0.69,us,10.48,8.774,0.168,10
49.6137,155.2641,86.763,4.3,40,134.0,3.817,0.44,us,11.96,8.368,0.09,35
51.4393,-176.7093,39.566,3.8,34,207.0,0.46,0.34,us,4.41,15.987,0.207,6
2.4029,128.4917,230.487,4.5,82,77.0,1.972,0.78,us,8.45,7.24,0.067,65
30.0057,142.5793,10.0,4.4,38,157.0,2.92,0.96,us,9.82,1.919,0.101,28
-13.6113,170.6978,629.972,4.4,45,93.0,3.845,0.56,us,14.79,9.159,0.081,44
13.7827,144.7929,159.547,4.3,21,97.0,0.206,0.7,us,7.89,2.767,0.142,14
-20.2032,-178.1048,560.186,4.1,23,141.0,4.382,0.53,us,14.47,8.731,0.123,18
5.7018,61.5557,10.0,4.4,27,107.0,23.515,0.75,us,14.86,1.93,0.13,19
-29.4335,-179.1442,334.44,4.6,54,134.0,8.722,0.71,us,14.02,6.866,0.071,60
50.1874,87.5456,10.0,4.1,25,167.0,3.251,0.78,us,9.53,1.932,0.127,17
-2.1436,102.0337,182.45,4.2,26,154.0,2.343,0.74,us,8.7,9.291,0.14,14
0.5086,121.2234,92.951,4.3,25,122.0,0.744,0.95,us,6.16,7.185,0.168,11
38.45,73.6981,129.332,4.1,29,137.0,0.344,0.59,us,5.21,8.014,0.175,9
-23.3297,178.8291,553.818,5.1,42,81.0,5.604,0.65,us,15.36,7.2,0.098,39
38.3833,72.3576,10.0,4.4,19,151.0,0.122,0.88,us,6.8,1.988,0.22,6
54.1633,-166.1839,103.035,4.4,132,84.0,0.075,0.61,us,6.45,1.3,0.044,148
28.1609,131.0341,10.0,4.5,69,121.0,2.338,0.65,us,7.08,1.867,0.078,50
13.4538,144.4261,122.074,4.0,15,110.0,0.451,0.36,us,18.43,10.108,0.211,8
51.3262,161.0457,10.0,3.9,17,130.0,2.251,0.43,us,8.15,1.95,0.121,18
52.955,159.2868,65.128,4.2,65,118.0,0.391,0.73,us,10.76,6.875,0.067,62
52.5353,160.9724,23.612,4.1,15,159.0,1.493,0.71,us,12.99,9.802,0.175,9
35.2301,22.4982,47.819,4.5,87,74.0,1.958,0.63,us,7.09,7.175,0.06,81
51.0671,160.6301,10.0,4.5,117,132.0,2.309,0.61,us,8.6,1.881,0.044,155
32.9767,139.6336,192.741,4.2,24,138.0,0.205,0.75,us,11.49,5.26,0.152,12
51.4095,177.1479,35.0,3.7,26,215.0,1.006,0.73,us,7.24,2.012,0.126,16
52.1484,160.2623,35.0,4.7,16,164.0,1.835,0.77,us,12.18,1.98,0.195,8
7.9186,-78.8977,10.0,4.0,12,160.0,1.549,0.72,us,7.1,1.977,0.212,6
30.2805,66.145,10.0,4.9,56,72.0,4.921,1.01,us,9.79,1.865,0.062,83
41.2148,142.4853,51.763,4.4,43,135.0,0.945,0.6,us,3.2,7.701,0.108,25
-13.8341,166.7523,110.598,4.2,15,151.0,1.662,0.98,us,10.18,6.632,0.167,10
-36.0772,-73.7967,23.172,4.3,40,140.0,1.956,0.65,us,7.6,7.065,0.161,11
23.3055,-44.9733,10.0,4.7,87,132.0,19.929,0.43,us,14.07,1.912,0.063,76
43.4104,147.8847,35.0,5.0,64,118.0,3.752,0.96,us,6.01,1.885,0.08,50
5.9398,94.9203,10.0,4.7,46,138.0,2.137,0.78,us,9.5,1.886,0.094,34
-31.6828,179.8822,409.734,4.2,36,180.0,6.007,1.11,us,15.55,13.757,0.125,20
