latitude,longitude,depth,mag,nst,gap,dmin,rms,net,horizontalError,depthError,magError,magNst
14.8497,145.62,137.181,4.4,33,88.0,0.416,0.63,us,13.11,6.131,0.114,22
2.6102,96.0428,38.295,4.4,28,196.0,2.879,0.45,us,12.41,9.038,0.13,17
-9.0007,124.2525,96.211,4.4,37,85.0,0.75,0.94,us,7.51,6.295,0.105,26
-24.2082,-66.9797,175.427,4.3,19,80.0,1.665,1.0,us,12.59,12.826,0.177,9
20.2491,145.2841,10.0,4.6,27,122.0,5.004,0.67,us,10.11,1.874,0.09,37
51.5314,159.6948,10.0,4.8,121,132.0,1.626,0.79,us,9.98,1.894,0.056,98
31.8711,142.0682,10.0,4.3,22,148.0,2.273,0.44,us,4.6,1.916,0.169,10
-9.3742,150.067,9.184,4.8,30,154.0,2.869,0.78,us,9.19,4.801,0.121,21
-7.5559,142.918,10.0,4.6,17,157.0,3.327,1.22,us,9.46,1.963,0.165,11
59.8337,-30.0607,10.0,4.5,40,104.0,6.391,0.66,us,9.58,1.905,0.101,30
-15.3811,-73.6813,93.848,4.4,34,142.0,4.366,0.61,us,9.43,10.065,0.114,22
52.0942,160.3142,28.984,4.6,60,124.0,1.378,0.67,us,10.19,6.19,0.073,56
13.7375,145.1242,130.189,4.2,21,97.0,1.622,0.61,us,13.52,8.304,0.136,15
-5.6313,148.2276,167.91,4.4,26,69.0,3.666,0.97,us,11.15,7.817,0.126,18
16.9906,-94.3742,118.476,4.5,55,119.0,0.392,1.12,us,7.34,5.344,0.042,165
-54.1547,-1.9643,9.972,4.6,9,109.0,17.587,0.43,us,16.23,4.146,0.183,9
52.605,160.8248,10.0,4.3,17,202.0,1.385,0.93,us,11.33,1.987,0.128,17
-4.2743,152.6823,62.317,4.7,75,90.0,0.524,0.39,us,9.52,6.552,0.065,71
2.2866,96.2234,23.205,4.2,19,188.0,1.667,0.38,us,8.78,6.668,0.176,9
22.7652,95.9256,10.0,4.3,44,79.0,1.813,0.68,us,7.52,1.899,0.096,31
46.7048,20.0077,7.298,4.0,31,47.0,1.217,0.63,us,3.49,4.385,0.164,10
-28.7248,-178.3498,209.157,4.2,17,227.0,0.636,0.62,us,20.04,8.948,0.128,17
52.0766,160.0971,35.0,4.5,26,137.0,1.296,0.82,us,10.79,1.942,0.121,20
-13.2588,167.1734,206.16,4.8,35,158.0,2.175,0.65,us,15.25,6.997,0.114,24
-8.0664,117.9992,214.174,4.5,26,98.0,0.788,0.79,us,9.39,6.791,0.14,15
51.8363,160.0254,27.55,4.9,212,88.0,1.91,1.1,us,7.09,4.697,0.04,197
51.4111,159.6447,10.0,4.9,34,116.0,1.727,0.96,us,8.92,1.879,0.086,45
12.813,125.6655,10.0,4.2,18,133.0,11.861,0.52,us,9.44,1.952,0.146,13
17.8827,120.8943,10.0,4.6,74,101.0,4.913,0.62,us,11.36,1.898,0.067,67
52.0083,159.9324,35.0,4.9,53,156.0,1.753,1.15,us,7.25,1.89,0.064,98
-10.7356,41.3686,10.0,4.4,36,52.0,4.308,0.47,us,8.93,1.878,0.108,25
30.3359,138.4046,437.673,4.2,56,67.0,3.02,0.73,us,12.01,7.645,0.046,132
-15.9574,-174.2593,82.25,4.9,20,112.0,3.143,0.73,us,13.45,3.567,0.177,10
53.1058,160.5281,43.154,4.3,24,150.0,1.136,1.0,us,10.82,8.531,0.111,23
52.2299,160.6111,10.0,5.2,173,107.0,1.435,0.77,us,8.47,1.864,0.026,503
-17.904,-177.4621,640.916,3.9,18,245.0,3.343,0.77,us,25.92,21.748,0.125,17
49.5864,158.9363,10.0,4.4,94,135.0,3.446,0.6,us,9.66,1.884,0.059,84
51.4751,159.0546,57.334,4.5,84,133.0,1.571,0.59,us,9.48,4.977,0.061,79
-31.0885,-178.2767,43.562,4.7,17,170.0,1.846,0.8,us,8.0,8.38,0.143,15
37.0416,28.4821,10.0,4.4,33,57.0,0.783,0.66,us,4.57,1.358,0.178,9
-27.861,-178.2142,10.0,4.6,16,145.0,1.402,0.89,us,6.1,1.916,0.158,13
36.2555,70.3779,94.472,4.3,20,172.0,2.012,1.23,us,5.27,15.738,0.201,7
52.8386,160.7325,35.0,4.2,27,183.0,1.274,0.97,us,7.09,1.99,0.118,20
-32.5071,-71.4842,70.373,4.3,34,135.0,0.532,0.34,us,3.49,4.918,0.154,12
4.9429,127.4143,134.928,4.4,41,75.0,1.94,0.6,us,9.23,6.177,0.098,30
-35.1947,-179.3481,10.0,4.2,22,235.0,3.027,1.01,us,12.29,1.992,0.147,13
54.6146,-160.4023,35.0,3.8,64,192.0,0.519,1.13,us,6.44,1.977,0.179,8
30.0555,84.3549,10.0,4.4,21,131.0,22.604,0.58,us,9.63,1.864,0.096,31
51.1329,159.0694,10.0,4.8,40,129.0,1.911,0.69,us,7.79,1.889,0.087,80
11.1563,123.9487,10.0,4.5,31,130.0,6.559,0.65,us,14.95,1.914,0.106,27
-10.7886,162.3617,108.137,4.6,24,113.0,2.729,1.05,us,10.76,7.528,0.132,17
-7.2499,120.2784,577.946,4.6,52,47.0,2.282,1.07,us,11.14,8.933,0.104,28
-8.3941,148.9013,66.558,4.9,44,61.0,1.992,0.96,us,10.0,6.829,0.096,35
-36.8097,-74.0136,21.718,4.1,25,181.0,2.343,0.52,us,9.19,8.723,0.233,5
14.0921,145.3085,129.456,4.7,23,85.0,0.658,1.11,us,11.31,6.894,0.124,20
41.0731,75.1541,10.0,4.5,52,86.0,0.107,1.03,us,4.25,1.894,0.097,31
49.7005,155.3961,65.747,5.3,71,127.0,3.704,0.55,us,9.71,5.802,0.077,56
-3.2176,143.5499,10.0,4.4,21,101.0,2.928,0.73,us,6.17,1.823,0.134,16
51.3272,158.5545,40.888,4.6,57,118.0,1.7,0.86,us,9.62,7.098,0.057,94
52.5866,160.5637,31.742,4.5,93,133.0,1.241,0.72,us,11.34,6.065,0.06,81
2.8177,127.1504,45.667,4.4,33,47.0,2.044,0.9,us,6.37,5.459,0.123,19
53.0767,161.0744,30.492,4.6,37,181.0,1.465,1.04,us,14.2,8.512,0.098,31
-22.1362,-67.3278,172.672,4.2,58,54.0,1.13,1.18,us,7.31,6.779,0.078,51
7.5369,126.8287,60.744,4.2,33,62.0,1.324,1.26,us,8.62,8.694,0.136,19
52.2138,160.3446,10.0,4.9,139,86.0,1.313,0.62,us,5.23,1.857,0.041,188
47.7371,152.4835,138.606,4.4,53,134.0,6.324,1.02,us,10.19,7.642,0.06,79
-60.3049,-62.8163,10.0,4.7,29,130.0,4.522,0.88,us,10.51,1.91,0.102,29
14.8298,55.8293,10.0,4.4,41,138.0,10.069,0.74,us,13.89,1.948,0.095,32
51.6184,159.9232,10.0,4.3,20,135.0,1.61,0.87,us,9.7,1.919,0.202,8
-20.4455,-177.7273,466.653,4.2,38,97.0,7.47,0.56,us,7.01,9.797,0.096,30
52.4344,160.5642,10.0,4.8,56,148.0,1.305,0.46,us,7.66,1.915,0.059,89
41.9591,142.4791,61.265,4.2,28,95.0,0.508,0.5,us,6.83,8.272,0.128,17
-6.3469,148.469,65.598,4.8,37,59.0,3.303,0.7,us,9.4,8.106,0.094,35
7.1416,127.2749,12.944,4.8,50,50.0,1.684,1.03,us,5.29,4.114,0.088,45
49.8296,155.7817,87.635,4.4,120,133.0,3.495,0.44,us,9.99,7.112,0.051,110
-21.1444,-68.6911,117.987,4.6,37,71.0,0.75,1.02,us,5.66,5.85,0.071,59
35.6406,140.1532,69.473,4.3,36,130.0,1.813,0.54,us,7.6,8.495,0.122,19
10.4022,126.5293,10.0,4.5,20,118.0,3.442,0.94,us,10.7,1.902,0.131,17
12.5899,145.3153,10.0,4.6,51,146.0,1.085,0.58,us,8.64,1.909,0.082,44
-28.6565,-67.5824,122.516,4.1,17,176.0,2.558,0.92,us,5.32,11.846,0.303,3
-18.2615,-177.3269,634.188,4.5,31,179.0,3.619,0.62,us,23.03,17.843,0.108,25
25.5376,95.3851,121.537,4.3,35,112.0,4.333,0.68,us,7.59,7.434,0.108,26
51.9229,161.136,10.0,4.6,10,126.0,1.878,1.14,us,8.8,1.938,0.222,6
51.732,161.0974,10.0,4.1,18,128.0,1.981,0.92,us,10.2,1.936,0.166,10
12.0909,-88.2878,10.0,4.7,48,174.0,1.37,0.94,us,6.3,1.941,0.046,146
52.599,160.8781,35.0,4.1,30,121.0,1.418,0.92,us,10.26,1.934,0.099,28
-4.4179,144.4685,174.214,4.7,62,54.0,3.733,0.79,us,8.28,6.395,0.051,116
51.5178,160.2287,10.0,4.9,16,220.0,2.225,0.79,us,11.74,1.994,0.128,19
53.4356,160.8607,35.0,4.3,50,161.0,1.392,0.85,us,5.07,1.949,0.089,39
51.692,160.1257,10.0,4.1,15,192.0,1.612,1.02,us,13.53,1.979,0.302,3
52.4642,160.713,10.0,4.1,20,207.0,1.374,0.86,us,12.51,2.009,0.127,17
34.5337,26.0526,45.634,4.8,76,115.0,1.36,0.8,us,7.2,7.181,0.057,96
4.937,127.879,10.0,4.3,23,166.0,2.4,0.5,us,10.37,1.952,0.148,13
49.9763,158.331,10.0,4.6,107,79.0,3.058,0.48,us,8.51,1.866,0.046,145
18.7004,145.7389,154.127,4.3,25,120.0,3.441,0.45,us,11.55,9.175,0.116,21
7.4752,126.9216,10.344,4.6,82,73.0,1.391,0.86,us,7.77,4.421,0.057,93
9.6436,126.3902,35.0,5.0,165,74.0,2.68,0.65,us,9.95,1.821,0.047,145
51.6411,159.5849,38.818,4.6,83,127.0,1.499,1.19,us,9.41,7.234,0.051,116
-22.6682,171.0096,10.0,4.8,33,127.0,3.292,0.79,us,12.33,1.912,0.087,41
53.5821,-163.248,35.0,4.6,79,167.0,1.104,0.7,us,3.68,1.899,0.06,82
-2.5868,139.5463,38.597,4.6,20,88.0,1.158,0.55,us,6.59,2.978,0.146,14
52.2116,160.7926,10.0,4.3,26,178.0,1.539,0.77,us,6.19,1.942,0.122,19
-31.0509,-72.6317,10.0,4.4,31,146.0,0.936,0.77,us,4.66,1.517,0.203,7
49.9806,159.4416,10.0,4.6,65,135.0,3.087,0.58,us,9.74,1.913,0.072,57
-20.1223,-178.8738,623.355,4.1,18,131.0,3.749,0.45,us,19.95,9.082,0.12,19
36.0355,31.122,65.244,4.1,55,139.0,1.21,1.03,us,6.01,9.382,0.095,31
-7.7428,129.0868,82.62,4.3,24,37.0,5.166,0.91,us,8.96,7.702,0.126,18
52.9863,160.7735,10.0,5.8,115,80.0,1.284,0.61,us,9.7,1.54,0.041,219
-3.4284,143.6869,10.0,4.1,21,92.0,3.115,0.51,us,11.71,1.92,0.145,14
52.2399,160.4176,10.0,4.8,97,117.0,1.333,1.18,us,7.73,1.832,0.046,148
-24.7674,179.9098,525.928,4.3,45,108.0,4.877,0.9,us,14.29,9.54,0.086,39
-21.2635,-179.2155,618.221,4.9,139,86.0,4.346,0.73,us,13.04,8.505,0.037,223
51.4099,159.6206,31.562,4.5,40,88.0,1.723,0.7,us,10.16,5.986,0.093,34
-7.0521,155.195,10.0,5.1,78,49.0,4.145,0.52,us,8.56,1.793,0.063,82
-14.762,-75.4116,53.337,4.5,20,137.0,3.089,0.47,us,8.63,8.798,0.115,22
36.6819,70.6415,270.252,4.2,40,91.0,2.191,0.73,us,8.87,8.001,0.132,16
-27.1801,-177.7645,10.0,4.2,16,203.0,10.153,0.53,us,9.93,1.984,0.147,15
34.7116,70.7627,10.0,4.3,32,209.0,1.357,0.85,us,7.6,1.964,0.104,26
53.0009,160.6658,35.0,4.6,27,118.0,1.218,0.93,us,10.13,1.919,0.107,26
49.1522,155.5654,64.685,4.8,66,134.0,4.183,0.95,us,9.65,6.88,0.03,345
53.1014,159.7165,74.396,4.7,72,122.0,1.216,0.63,us,11.42,7.167,0.047,136
52.3028,160.4482,45.228,4.7,42,132.0,1.312,0.92,us,10.51,7.328,0.096,33
-5.522,152.2612,58.532,4.5,51,161.0,5.983,0.8,us,12.26,7.295,0.065,70
36.4699,70.9099,200.933,4.7,76,64.0,2.227,0.93,us,7.68,6.112,0.047,136
4.9046,126.1883,89.617,4.4,55,109.0,0.727,0.75,us,7.6,6.736,0.086,39
-18.0983,-173.621,35.0,4.3,12,87.0,3.636,0.38,us,8.25,1.878,0.168,10
-59.858,-150.4824,10.0,5.1,39,151.0,22.747,0.54,us,14.28,1.906,0.092,38
-7.09,131.3784,10.0,4.3,14,116.0,2.942,0.67,us,9.58,1.948,0.187,8
29.4287,129.3406,10.0,4.4,31,110.0,2.285,0.58,us,6.22,1.874,0.114,26
51.1091,158.89,35.0,4.2,16,178.0,1.923,0.37,us,10.81,1.826,0.175,9
51.7783,158.4428,59.378,4.3,71,123.0,1.253,0.61,us,9.22,7.562,0.056,90
46.0482,151.6411,35.0,4.5,45,170.0,6.69,0.43,us,11.58,1.975,0.102,28
54.0971,-159.8393,10.0,4.4,57,166.0,0.75,0.75,us,4.69,1.908,0.144,14
-59.3012,-60.2417,10.0,4.8,30,113.0,5.776,0.63,us,10.53,1.915,0.095,38
-22.836,171.1579,10.0,4.7,34,126.0,3.434,0.85,us,8.83,1.889,0.106,27
51.436,159.5406,35.0,4.7,47,138.0,1.682,1.11,us,6.93,1.796,0.081,46
-1.0068,125.8137,54.918,4.0,8,118.0,2.352,0.07,us,13.47,11.947,0.26,4
-33.0845,179.9225,129.447,4.3,21,129.0,4.235,0.68,us,8.41,7.039,0.168,14
13.1434,121.2556,10.0,4.1,24,121.0,7.385,0.83,us,14.51,1.923,0.135,17
-57.6622,157.525,10.0,4.6,52,50.0,3.269,0.72,us,10.88,1.748,0.114,23
52.3144,159.5397,35.0,5.7,39,58.0,0.893,0.98,us,9.24,1.89,0.12,25
51.0822,159.6574,25.678,4.3,17,217.0,2.041,0.72,us,10.41,8.544,0.161,11
52.9339,159.7283,66.86,4.0,45,167.0,0.658,0.42,us,11.82,6.004,0.09,36
51.4867,16.0497,5.0,4.5,36,35.0,1.151,0.79,us,5.58,1.898,0.128,18
52.5984,160.7032,10.0,4.5,42,130.0,1.317,1.01,us,8.21,1.889,0.075,52
5.8722,127.1529,30.258,4.7,45,71.0,1.965,1.05,us,6.47,4.904,0.085,46
6.3054,127.2913,10.0,4.3,13,90.0,1.862,0.95,us,8.08,1.947,0.238,6
52.6084,160.6588,29.872,4.8,132,129.0,1.288,1.18,us,9.02,5.623,0.047,150
-4.2459,123.2959,25.0,4.6,79,34.0,0.861,0.63,us,5.47,4.846,0.073,56
28.4002,139.5299,429.727,4.2,109,67.0,2.687,0.49,us,8.15,7.557,0.055,94
51.8921,161.1957,10.0,4.4,42,127.0,1.926,0.74,us,10.58,1.909,0.098,30
79.9106,-0.4571,10.0,4.1,37,60.0,2.495,0.79,us,9.19,1.919,0.1,27
50.5549,158.783,10.0,4.7,14,235.0,2.474,0.72,us,10.22,1.949,0.166,11
-39.1601,179.8726,10.0,4.4,23,161.0,2.015,0.85,us,7.73,1.948,0.179,9
-13.7828,-75.9595,53.102,4.3,20,142.0,1.981,0.82,us,7.96,9.173,0.148,13
51.7541,158.2503,35.0,6.0,79,84.0,1.295,0.75,us,8.28,1.824,0.078,62
-36.9648,179.0732,10.0,4.4,24,210.0,0.854,1.19,us,5.29,1.931,0.189,10
52.6896,159.0092,61.378,4.2,22,137.0,0.399,0.95,us,11.51,3.895,0.115,21
-23.3228,-67.9044,156.468,4.3,40,88.0,0.447,0.67,us,5.82,4.997,0.097,30
27.5551,128.5811,41.781,4.4,46,84.0,0.767,0.74,us,4.61,9.106,0.112,27
51.9383,159.4489,35.0,4.2,29,124.0,1.192,0.55,us,9.81,1.951,0.11,23
-55.3509,-27.9525,10.0,4.8,44,70.0,5.051,0.73,us,10.81,1.803,0.094,35
-33.0868,-178.4761,10.0,4.4,24,172.0,3.842,0.8,us,11.55,1.941,0.12,20
3.0571,-31.3417,10.0,4.9,63,46.0,9.931,0.6,us,10.53,1.856,0.06,87
-57.1047,-66.6962,10.0,4.9,65,106.0,3.904,0.87,us,11.22,1.885,0.075,61
-3.677,-102.9953,10.0,4.9,70,146.0,13.044,0.83,us,12.83,1.911,0.027,416
30.4969,140.2547,10.0,4.4,29,101.0,2.637,0.91,us,4.6,1.88,0.098,30
51.5937,159.4887,37.66,4.3,64,137.0,1.522,0.88,us,10.07,7.5,0.072,60
-15.8352,-74.7509,25.018,4.4,28,143.0,4.33,0.94,us,8.17,5.274,0.12,20
39.4055,143.8234,10.0,4.3,30,154.0,2.527,0.53,us,8.63,1.94,0.125,18
49.7264,155.8592,65.055,4.6,51,132.0,3.577,0.71,us,11.78,8.734,0.089,38
42.8324,146.8576,10.0,4.2,13,192.0,2.859,1.17,us,8.77,1.985,0.216,6
51.8666,160.1905,34.132,4.1,21,158.0,1.494,0.58,us,10.19,5.479,0.175,11
-56.0013,-27.6013,105.358,4.5,29,100.0,5.38,0.36,us,13.21,9.396,0.102,28
51.2532,159.238,28.854,4.5,34,124.0,1.81,0.97,us,9.25,6.153,0.113,23
51.7562,158.1845,72.653,4.9,87,121.0,1.301,0.77,us,8.7,5.986,0.028,388
39.2303,28.1113,10.0,4.2,29,57.0,0.951,1.24,us,3.14,1.911,0.263,6
-37.4248,51.5607,10.0,4.6,35,81.0,23.682,0.57,us,15.32,1.86,0.116,22
52.5577,160.9675,10.0,4.1,20,152.0,1.483,1.1,us,7.3,1.947,0.235,5
-24.9219,179.7411,526.029,4.2,28,96.0,4.78,0.93,us,15.46,9.537,0.128,21
52.7818,160.9545,10.0,4.6,39,119.0,1.417,0.62,us,10.4,1.902,0.048,131
39.9544,143.5608,10.0,4.9,165,119.0,2.081,0.56,us,7.99,1.868,0.04,195
51.5301,160.3694,10.0,4.9,48,182.0,2.277,0.76,us,9.38,1.941,0.061,84
52.1608,174.354,35.0,4.2,51,167.0,0.59,0.75,us,7.03,1.724,0.06,78
9.6069,93.9175,10.0,4.4,21,166.0,5.703,1.1,us,12.67,1.923,0.138,15
-11.0904,165.9177,35.0,4.5,23,152.0,4.508,0.7,us,15.11,1.984,0.131,17
52.6537,160.9446,10.0,4.5,51,120.0,1.44,1.35,us,9.88,1.899,0.074,53
47.3961,152.2406,130.244,4.2,72,134.0,6.478,0.82,us,12.39,8.277,0.07,57
-61.2585,-35.6231,10.0,4.5,18,83.0,7.01,0.73,us,12.2,1.924,0.135,19
-17.4843,-70.2161,134.937,4.4,25,121.0,0.71,1.16,us,8.1,6.779,0.155,12
5.2421,125.8164,109.727,4.1,25,112.0,0.607,0.75,us,10.26,6.711,0.117,20
29.1109,87.0043,10.0,4.1,36,168.0,3.646,1.26,us,10.55,1.93,0.103,26
4.9649,126.051,76.493,4.3,41,107.0,0.615,0.74,us,8.03,7.579,0.088,36
29.3167,129.4731,10.0,4.5,49,111.0,2.343,0.9,us,8.0,1.89,0.074,53
18.6262,120.5265,33.849,4.2,37,121.0,4.202,0.72,us,12.7,6.662,0.121,19
-4.6583,125.1727,521.228,4.3,19,73.0,2.436,0.55,us,14.82,9.922,0.16,11
-31.262,-176.8567,10.0,4.6,26,133.0,8.908,0.8,us,14.76,1.941,0.111,24
52.7103,160.8178,35.0,4.0,26,172.0,1.351,0.59,us,7.49,1.985,0.125,17
52.177,160.5133,28.637,4.9,161,123.0,1.418,0.79,us,8.66,5.249,0.037,227
51.6749,-176.7088,54.591,4.5,132,126.0,0.266,1.07,us,5.11,4.981,0.033,275
14.0005,120.6055,182.613,4.1,51,98.0,14.156,0.95,us,13.34,8.368,0.081,42
51.3574,160.716,10.0,4.2,14,167.0,2.098,0.85,us,8.03,1.816,0.175,9
51.0432,159.6352,10.0,4.2,20,123.0,2.075,1.15,us,10.27,1.931,0.198,10
9.9307,-70.7656,20.305,4.5,95,79.0,1.047,0.69,us,5.73,4.981,0.048,130
52.4694,160.352,24.799,4.5,29,150.0,1.174,0.85,us,8.57,6.529,0.127,18
5.1687,126.6937,9.873,4.4,32,62.0,1.285,1.22,us,6.37,4.3,0.102,30
-20.1375,67.2727,10.0,4.5,16,96.0,38.828,0.45,us,15.96,1.912,0.18,9
-5.707,146.2903,42.073,4.2,12,143.0,3.773,0.52,us,9.53,7.212,0.16,11
43.6347,147.8298,10.0,4.8,80,135.0,3.799,0.7,us,8.77,1.895,0.069,65
-17.4241,167.8977,35.0,4.4,13,105.0,2.076,0.78,us,6.22,1.931,0.22,7
-18.2506,168.7726,10.0,4.2,11,278.0,4.474,0.65,us,12.67,2.006,0.216,7
-3.5108,68.4291,10.0,4.6,23,168.0,5.573,0.7,us,12.64,1.935,0.157,12
51.36,159.716,10.0,4.9,103,111.0,2.146,0.81,us,8.43,1.848,0.058,94
5.9275,61.4056,10.0,4.6,42,138.0,23.247,0.99,us,15.04,1.95,0.095,33
18.1246,119.8944,10.0,5.1,67,80.0,4.799,0.94,us,10.22,1.825,0.051,126
39.1259,142.1222,69.898,4.5,59,125.0,1.85,0.79,us,8.61,7.896,0.073,55
-6.4544,131.2977,35.0,4.5,31,93.0,3.637,0.48,us,12.22,1.931,0.11,24
54.5132,-160.2302,35.0,3.9,36,213.0,0.49,1.05,us,5.16,1.935,0.142,13
-59.7372,-26.4457,98.872,5.2,65,68.0,18.006,0.5,us,12.01,7.988,0.071,66
-34.9561,-179.5571,10.0,4.6,27,114.0,3.122,1.1,us,7.47,1.898,0.122,20
32.151,132.099,35.0,4.4,25,140.0,1.54,0.53,us,4.07,1.917,0.123,19
51.5272,177.4469,50.409,4.1,44,125.0,0.82,0.8,us,6.6,8.041,0.097,29
53.3544,160.9044,36.877,4.6,59,132.0,1.397,0.62,us,13.25,7.841,0.076,52
-2.9038,136.2918,10.0,4.9,26,56.0,1.779,1.1,us,6.94,1.761,0.099,32
-41.6242,-83.5423,10.0,4.6,29,139.0,9.837,0.97,us,6.97,1.923,0.105,27
6.6892,126.6242,101.687,4.4,27,127.0,1.104,0.99,us,6.12,7.603,0.123,20
53.0853,160.8313,33.238,4.2,33,162.0,1.318,0.7,us,5.54,7.832,0.11,23
52.4625,160.4409,43.863,4.2,23,160.0,1.225,1.07,us,13.64,9.174,0.131,16
45.3712,149.0886,116.134,4.2,40,133.0,4.674,0.48,us,10.9,8.288,0.103,26
11.203,124.0679,10.0,4.7,46,88.0,4.37,0.81,us,10.83,1.904,0.093,35
4.4911,-73.2066,10.0,4.4,23,76.0,1.165,0.33,us,6.1,1.901,0.134,16
-22.8151,-66.4749,258.607,4.3,24,132.0,1.577,1.4,us,9.81,7.92,0.142,14
49.8279,157.5025,25.716,4.3,27,134.0,3.279,1.06,us,10.5,5.81,0.126,18
-16.2132,-176.1639,382.118,4.3,21,117.0,4.295,0.41,us,15.53,11.304,0.128,17
51.7505,-177.8295,83.815,4.0,50,164.0,0.044,0.29,us,7.3,4.752,0.065,63
-35.6874,-18.7212,10.0,5.0,47,61.0,22.811,1.21,us,5.19,1.87,0.085,44
51.6807,159.5082,30.315,4.8,75,134.0,1.444,0.97,us,9.26,5.724,0.051,118
46.2204,153.1124,10.0,5.0,62,126.0,7.507,0.52,us,10.18,1.868,0.056,100
0.2561,98.4728,41.103,4.4,29,165.0,1.374,1.08,us,8.58,9.25,0.155,16
14.2977,-93.9318,10.0,4.1,32,156.0,2.315,0.78,us,3.85,1.946,0.135,16
-49.8823,110.742,10.0,4.4,14,145.0,17.613,1.07,us,14.39,1.9,0.179,11
50.6818,157.4806,79.903,4.4,19,135.0,2.434,0.49,us,10.02,7.854,0.19,8
52.7385,159.7381,49.707,4.2,38,161.0,0.719,0.57,us,9.95,7.177,0.1,28
-16.675,-71.5137,99.305,4.2,27,140.0,2.023,0.69,us,9.88,9.205,0.128,17
52.3103,160.586,10.0,4.8,72,123.0,1.93,1.01,us,8.82,1.882,0.061,82
-20.673,-178.5956,603.163,4.9,129,38.0,4.303,0.66,us,11.4,6.559,0.044,159
10.5825,125.6466,10.0,4.4,21,108.0,5.814,0.38,us,8.59,1.906,0.143,14
3.364,117.7784,10.0,4.0,16,104.0,1.939,1.09,us,6.27,1.655,0.184,8
10.6718,57.2026,10.0,4.7,45,61.0,13.09,1.35,us,11.55,1.826,0.091,37
18.2852,145.5755,208.946,4.6,85,95.0,3.034,0.69,us,10.73,7.698,0.063,75
31.9102,92.921,10.0,4.8,113,38.0,2.687,0.44,us,7.51,1.859,0.052,117
-5.9843,146.2924,112.408,4.8,77,79.0,3.505,0.82,us,7.36,3.64,0.047,144
51.4077,159.3025,35.0,4.7,43,124.0,1.968,0.44,us,9.24,1.944,0.117,22
-6.7226,130.0323,157.367,4.5,29,44.0,2.189,0.96,us,5.13,8.581,0.102,28
-6.5132,132.4127,10.0,4.5,28,71.0,3.185,0.83,us,5.95,1.642,0.128,18
70.828,-6.5745,10.0,4.1,23,108.0,0.655,0.56,us,7.04,1.94,0.14,14
-55.6029,-27.7956,35.274,4.4,15,123.0,5.182,0.21,us,14.43,10.277,0.143,14
23.9828,122.4187,39.0,4.3,35,87.0,0.725,1.07,us,4.45,8.847,0.133,16
50.3203,158.6166,10.0,4.2,35,135.0,2.707,0.65,us,12.44,1.929,0.11,23
60.5373,-140.0348,5.0,4.4,39,73.0,0.456,0.63,us,6.24,1.94,0.155,12
51.542,159.5575,36.094,4.5,66,120.0,1.585,0.74,us,9.01,6.941,0.074,53
28.2571,52.2639,10.0,3.9,7,101.0,4.829,0.73,us,9.89,1.979,0.296,4
51.3567,160.5658,10.0,4.3,15,192.0,2.044,0.94,us,13.21,1.995,0.177,9
28.335,142.823,10.0,4.5,17,158.0,1.358,1.03,us,9.35,1.947,0.191,8
8.6216,123.0774,10.0,4.8,40,96.0,2.919,0.82,us,9.58,1.85,0.109,27
50.8443,157.1652,72.792,4.4,39,136.0,2.291,0.47,us,12.13,7.924,0.098,30
-55.7298,-27.1808,79.904,5.1,33,57.0,5.549,0.7,us,12.79,2.074,0.138,17
-59.3519,-24.8794,10.0,4.5,24,192.0,25.209,0.93,us,12.16,1.942,0.108,25
51.2479,159.3673,32.603,4.7,40,131.0,1.832,0.8,us,11.88,3.761,0.068,66
9.0575,93.7358,10.0,4.3,23,179.0,5.815,1.09,us,9.03,1.868,0.154,13
50.3851,158.1232,24.934,4.6,60,132.0,2.662,0.6,us,11.37,5.91,0.076,51
52.7333,160.9824,10.0,5.7,101,100.0,1.443,0.76,us,8.81,1.858,0.038,250
50.2431,159.0915,10.0,4.4,36,134.0,2.798,0.45,us,10.11,1.898,0.108,25
50.1152,157.1579,36.368,4.9,86,136.0,3.016,0.59,us,11.47,6.972,0.034,274
49.3466,157.3035,20.729,4.4,33,136.0,3.775,0.83,us,14.18,6.649,0.11,24
52.3535,159.8069,55.322,4.2,56,208.0,0.973,0.63,us,13.25,10.601,0.068,59
-5.7013,130.5273,84.888,4.2,15,96.0,3.253,0.43,us,11.2,8.726,0.186,8
-56.4038,-23.9267,10.0,4.3,25,73.0,7.471,0.7,us,13.73,1.86,0.169,13
40.9719,142.9348,47.888,4.3,18,135.0,1.055,0.44,us,6.68,9.055,0.169,10
54.5816,160.4498,10.0,4.3,35,107.0,1.891,0.74,us,5.81,1.601,0.059,82
51.9466,159.7344,45.632,4.1,33,163.0,1.266,0.48,us,9.28,8.52,0.107,24
19.5733,-109.1535,10.0,3.8,32,241.0,4.131,0.69,us,14.42,2.014,0.085,36
52.3232,158.5801,89.371,4.6,36,122.0,0.703,1.3,us,11.01,7.364,0.099,30
51.3533,159.6584,10.0,4.9,130,86.0,1.784,0.9,us,8.14,1.866,0.048,133
12.8969,145.2843,10.0,5.0,110,98.0,0.799,0.58,us,6.84,1.827,0.06,90
49.7363,155.8618,66.471,4.4,62,132.0,3.567,0.67,us,11.58,7.125,0.046,133
42.756,145.8837,48.86,4.2,45,135.0,2.151,0.6,us,8.64,7.488,0.095,31
50.9034,157.1358,82.018,4.5,64,134.0,2.236,0.68,us,5.17,6.923,0.06,82
20.4905,92.3253,10.0,4.1,16,163.0,2.526,0.6,us,9.3,1.984,0.234,5
8.808,126.6066,55.608,4.5,58,47.0,2.005,0.52,us,9.65,5.488,0.082,44
1.4151,127.641,173.99,4.5,19,149.0,3.94,0.55,us,13.47,9.8,0.15,13
29.3161,129.4202,10.0,4.6,34,121.0,2.361,0.72,us,9.33,1.89,0.105,28
50.4486,157.5188,35.0,5.0,58,140.0,2.666,0.62,us,10.87,1.925,0.091,39
6.7329,-73.0275,175.46,4.1,31,165.0,2.275,0.82,us,12.11,5.452,0.117,20
53.0506,160.4387,45.605,4.2,21,118.0,1.081,0.57,us,10.16,8.434,0.132,16
53.0021,161.2123,26.808,4.3,59,128.0,1.548,0.61,us,11.18,6.066,0.08,44
17.4694,-100.2786,35.0,4.4,98,83.0,0.294,1.22,us,5.02,1.837,0.041,169
51.9391,160.3837,35.0,4.2,15,201.0,1.518,0.4,us,8.22,1.935,0.132,16
53.101,160.7831,29.886,4.1,19,180.0,1.29,1.02,us,10.11,8.345,0.158,14
51.5242,159.3836,33.65,4.5,83,130.0,1.568,0.69,us,10.02,5.801,0.065,70
50.766,159.0552,10.0,4.6,27,224.0,2.275,0.89,us,11.41,1.983,0.129,18
-58.9791,-149.8336,10.0,4.6,23,108.0,23.689,0.66,us,14.75,1.915,0.119,21
-15.5916,-7.1765,10.0,4.4,17,91.0,1.425,1.16,us,11.46,1.905,0.138,15
52.7737,161.1913,10.0,4.3,28,148.0,1.56,0.68,us,9.99,1.94,0.133,16
2.0682,96.6309,26.827,4.5,43,181.0,1.211,0.54,us,7.44,6.437,0.09,36
36.6145,140.7705,78.872,4.3,56,132.0,2.063,0.54,us,9.65,6.652,0.081,44
5.1217,125.5639,10.0,4.3,21,131.0,0.395,1.14,us,7.16,1.906,0.137,15
52.1426,160.4155,10.0,4.6,33,120.0,1.392,1.07,us,5.88,1.849,0.099,30
28.2788,104.9538,10.0,4.9,125,41.0,7.728,0.65,us,8.33,1.853,0.043,170
51.3143,159.0421,37.142,4.3,34,137.0,1.729,0.82,us,10.1,7.891,0.102,27
11.9552,143.8021,10.0,4.4,34,112.0,1.929,0.51,us,10.34,1.929,0.109,24
-23.4295,-66.5844,204.311,4.4,45,51.0,1.542,0.61,us,8.32,7.848,0.111,23
-14.0908,167.1696,133.799,4.2,16,127.0,6.989,0.7,us,15.36,6.435,0.167,11
52.5018,160.6432,10.0,4.2,49,119.0,1.319,0.71,us,9.12,1.899,0.084,40
51.1304,159.147,31.471,5.1,184,59.0,1.921,0.61,us,7.75,4.867,0.029,395
55.62,162.2358,55.334,4.2,43,131.0,3.343,0.55,us,5.57,8.212,0.093,32
51.4984,159.2461,35.0,5.2,55,124.0,1.571,0.7,us,9.49,1.935,0.086,45
44.4939,147.3328,78.971,4.4,24,154.0,3.423,1.13,us,14.32,10.146,0.13,17
19.9758,-70.6098,10.0,4.3,82,58.0,0.547,0.64,us,4.28,1.867,0.053,100
43.4857,147.8117,35.0,4.0,20,187.0,3.73,0.56,us,13.95,1.966,0.156,11
52.6498,159.5787,25.423,6.1,57,67.0,0.676,0.7,us,7.89,5.64,0.088,49
-25.5645,179.6055,519.439,4.4,30,136.0,9.044,0.72,us,15.2,11.494,0.109,24
52.9657,161.0597,10.0,5.9,108,107.0,1.458,0.71,us,8.89,1.857,0.059,105
50.1171,158.5604,18.252,4.2,19,134.0,2.911,0.5,us,12.26,5.574,0.159,11
34.9162,32.494,10.0,4.0,27,108.0,0.689,1.0,us,6.06,1.959,0.119,19
4.8281,127.6918,86.71,4.3,27,68.0,2.207,0.62,us,5.83,6.184,0.137,15
51.0992,158.5497,35.0,4.2,24,128.0,1.928,1.16,us,9.53,1.95,0.146,14
9.7922,-70.8698,10.0,4.4,11,113.0,0.932,1.04,us,8.77,1.969,0.219,6
52.653,160.6257,10.0,5.1,114,72.0,1.255,1.07,us,8.02,1.803,0.022,649
-57.223,-67.0247,10.0,4.6,33,127.0,2.321,0.54,us,7.43,1.92,0.109,25
-15.2883,-172.8333,10.0,4.7,22,134.0,2.427,0.73,us,13.4,1.9,0.117,22
53.0656,160.7984,35.0,4.2,18,173.0,1.298,0.89,us,11.83,1.982,0.199,8
51.9173,90.6931,10.0,4.5,58,53.0,4.095,1.26,us,9.4,1.919,0.053,104
33.0369,131.581,83.433,4.4,45,101.0,1.798,0.77,us,6.35,8.009,0.107,25
36.3432,140.0067,84.053,4.4,59,143.0,1.463,0.71,us,8.6,7.476,0.074,54
-7.3346,-111.1817,10.0,4.5,61,122.0,37.165,0.49,us,7.4,1.9,0.067,64
52.5883,160.7176,10.0,4.2,54,149.0,1.329,0.66,us,9.39,1.938,0.083,41
43.4404,-126.8241,10.0,4.1,42,211.0,2.04,0.91,us,8.48,1.982,0.185,8
-3.0486,127.255,61.988,4.6,42,31.0,4.552,0.87,us,7.12,7.236,0.085,42
-0.1151,122.9046,98.149,4.2,24,73.0,2.447,1.0,us,7.19,9.753,0.136,15
50.9755,157.8615,35.0,5.0,95,110.0,2.108,1.23,us,5.88,1.717,0.034,275
3.5477,126.7457,46.704,4.5,56,105.0,1.727,0.77,us,6.71,7.496,0.075,52
30.6058,57.7005,10.0,4.1,26,90.0,5.792,0.64,us,15.13,1.917,0.097,29
51.2693,159.268,34.426,4.4,30,167.0,1.798,0.83,us,7.56,6.755,0.11,24
-20.7057,-68.7581,128.91,4.5,25,61.0,0.673,0.88,us,6.5,6.241,0.115,22
53.0062,161.3204,10.0,4.2,26,118.0,1.613,1.24,us,10.75,1.915,0.107,24
31.1703,71.0285,10.0,4.6,56,108.0,3.696,0.73,us,9.93,1.906,0.074,55
27.4383,126.6717,171.94,4.6,52,64.0,1.548,0.94,us,8.26,7.572,0.056,97
-18.8939,-177.6713,598.301,4.1,25,87.0,3.705,0.65,us,15.46,4.768,0.126,17
52.8983,160.6814,10.0,4.3,65,172.0,1.235,0.57,us,11.54,1.945,0.068,61
50.8403,158.6814,10.0,4.3,33,149.0,2.186,0.97,us,12.72,1.962,0.095,31
50.1604,158.8486,10.0,4.3,31,127.0,2.87,1.04,us,9.65,1.899,0.113,22
52.0033,160.6563,10.0,4.1,23,125.0,1.596,1.16,us,5.49,1.88,0.119,19
13.082,145.7357,10.0,4.6,31,85.0,0.983,0.8,us,5.34,1.906,0.116,22
6.4483,94.1726,78.481,4.3,25,165.0,3.014,0.91,us,14.16,10.099,0.129,17
-55.8687,-27.8024,57.073,5.0,46,72.0,5.237,0.66,us,10.8,5.319,0.084,45
52.0022,160.335,35.0,4.3,24,124.0,1.451,0.68,us,7.06,1.938,0.137,15
39.5055,143.6563,10.0,4.4,32,140.0,2.364,0.68,us,6.97,1.934,0.118,21
16.9,147.6306,10.0,4.2,22,106.0,2.42,0.46,us,8.69,1.92,0.153,12
52.4138,160.1102,51.517,4.2,25,166.0,1.623,0.63,us,13.34,9.04,0.132,17
12.7745,-88.2994,42.488,4.0,15,159.0,0.691,0.86,us,4.65,8.58,0.3,3
50.0553,158.5474,10.0,4.3,28,138.0,2.973,0.58,us,9.61,1.925,0.119,20
13.0065,123.8456,123.213,4.4,22,128.0,24.561,0.61,us,13.77,7.042,0.13,17
-8.88,125.2544,10.0,4.3,12,106.0,1.306,0.96,us,5.04,1.956,0.307,3
51.7836,-170.3515,10.0,4.3,56,182.0,1.044,1.01,us,5.17,1.647,0.111,23
51.9639,159.6365,35.0,4.1,22,124.0,1.221,0.59,us,9.99,1.945,0.127,17
-0.6074,67.3847,10.0,4.5,45,86.0,5.715,0.48,us,8.61,1.895,0.093,34
51.4574,160.5679,10.0,4.4,17,178.0,1.962,0.49,us,6.04,1.952,0.179,9
9.3705,127.1473,10.0,4.5,17,139.0,2.763,0.55,us,10.97,1.909,0.156,12
51.3084,159.7239,10.0,4.4,21,169.0,1.841,0.6,us,7.78,1.964,0.127,18
16.5462,-59.5533,10.0,4.5,67,164.0,1.461,0.59,us,6.4,1.94,0.089,37
52.0022,177.5731,153.772,4.1,26,170.0,0.583,0.48,us,5.45,7.174,0.14,14
50.065,157.7589,19.297,4.3,44,138.0,3.014,1.05,us,11.66,5.547,0.085,39
51.3799,159.6621,10.0,4.4,33,123.0,1.76,0.58,us,7.59,1.864,0.127,18
52.4386,160.6506,10.0,4.4,33,151.0,1.35,0.62,us,7.06,1.933,0.126,20
30.4571,50.029,10.0,4.1,52,88.0,5.761,0.63,us,6.11,1.907,0.088,37
49.7286,158.5829,10.0,4.2,30,136.0,3.3,0.83,us,10.16,1.705,0.128,18
12.5505,142.3023,146.104,4.7,62,64.0,2.705,0.86,us,10.15,8.434,0.059,87
11.1719,138.5544,10.0,5.0,48,49.0,5.539,0.72,us,4.27,1.868,0.062,84
-16.1945,-75.1677,10.0,4.1,22,143.0,4.486,0.85,us,9.69,1.877,0.112,22
51.4902,159.7095,25.654,4.5,40,118.0,1.668,1.24,us,10.27,6.935,0.1,29
50.3063,159.2626,10.0,4.4,50,134.0,2.748,0.79,us,9.12,1.896,0.08,45
34.1626,73.6281,10.0,4.4,22,153.0,4.243,1.08,us,10.66,1.926,0.143,14
7.1034,126.8568,74.471,4.2,24,133.0,1.268,0.64,us,12.06,8.521,0.132,16
33.1712,-39.6429,10.0,4.7,21,94.0,12.386,0.79,us,11.72,1.806,0.137,16
54.4994,-160.164,39.79,3.8,37,186.0,0.471,1.08,us,5.25,9.205,0.18,8
12.1239,-86.6872,121.963,4.8,139,147.0,0.43,0.82,us,6.03,5.266,0.043,165
-33.2074,-178.8684,35.0,4.2,19,166.0,4.031,1.2,us,11.18,1.976,0.147,13
-8.176,107.481,35.0,4.5,24,66.0,2.87,0.68,us,6.43,1.913,0.102,28
-4.1821,34.7605,10.0,4.2,16,107.0,3.744,0.69,us,6.18,1.928,0.186,8
79.6091,4.0277,10.0,4.7,98,60.0,1.638,0.49,us,8.38,1.26,0.059,89
-5.3847,151.6376,113.89,4.1,27,152.0,1.296,0.73,us,11.92,4.025,0.107,24
20.4797,144.8663,186.772,3.9,20,125.0,5.284,0.62,us,11.75,10.721,0.133,15
-15.7027,-177.938,438.779,4.1,66,133.0,2.7,0.58,us,16.33,7.141,0.074,50
37.8218,144.3154,10.0,4.5,24,158.0,3.891,0.41,us,10.49,1.935,0.157,12
51.4612,157.4403,90.499,4.2,74,171.0,1.657,0.48,us,11.53,7.854,0.066,64
42.0602,142.5913,57.662,4.6,51,83.0,0.424,0.52,us,4.75,7.156,0.046,143
3.1627,124.4304,321.44,4.5,80,87.0,1.756,0.7,us,7.82,6.185,0.061,78
26.8837,58.6841,10.0,4.1,29,171.0,2.952,0.67,us,13.36,1.941,0.091,33
51.5332,159.6339,31.098,4.4,36,136.0,1.61,0.93,us,10.1,6.129,0.096,34
27.3577,127.3827,132.756,4.5,90,67.0,0.948,0.83,us,8.03,6.987,0.062,76
53.1393,-166.0308,35.0,3.7,29,199.0,0.762,0.27,us,2.94,1.958,0.135,14
-16.7684,66.846,10.0,4.6,16,133.0,55.898,0.59,us,12.78,1.909,0.182,10
18.3696,145.55,196.182,4.0,29,123.0,3.12,0.82,us,12.32,7.853,0.113,21
21.2891,101.6636,10.0,4.3,38,67.0,1.603,1.07,us,6.66,1.875,0.126,18
49.9351,156.0616,70.767,4.4,79,130.0,3.338,0.67,us,10.8,7.32,0.066,67
-2.9195,129.5592,10.0,4.7,91,43.0,2.657,0.57,us,3.59,1.836,0.066,69
6.2706,-82.7069,10.0,4.5,38,172.0,3.68,0.88,us,9.83,1.952,0.102,28
-20.9423,-177.9097,425.086,4.0,27,108.0,4.964,0.87,us,11.24,14.534,0.106,24
52.1232,160.5376,10.0,5.0,94,134.0,1.463,0.76,us,10.46,1.888,0.051,121
43.6191,147.136,40.859,5.0,128,85.0,3.323,1.04,us,8.45,5.418,0.023,605
50.6226,159.1987,10.0,4.4,36,132.0,2.428,0.71,us,10.38,1.92,0.105,26
-6.4137,131.4916,23.241,4.8,20,96.0,3.552,0.95,us,8.49,6.433,0.144,15
31.1981,49.525,10.0,4.0,21,239.0,5.045,0.59,us,11.43,2.01,0.149,12
-22.7921,-65.999,264.991,4.4,63,41.0,2.017,0.77,us,8.46,7.366,0.081,44
15.5984,145.8343,216.491,4.3,14,160.0,0.358,0.77,us,14.32,6.186,0.238,5
52.3105,160.8878,10.0,4.4,24,158.0,1.539,0.79,us,10.65,1.946,0.123,19
14.6053,145.7293,120.325,4.6,76,70.0,0.628,0.66,us,8.04,5.963,0.048,130
-30.1715,-177.5487,35.0,4.3,14,243.0,8.136,0.96,us,9.42,2.008,0.169,10
-7.4882,130.6,10.0,4.9,29,116.0,3.026,0.83,us,9.29,1.876,0.096,34
-19.9677,-173.2301,10.0,4.6,30,105.0,3.239,0.6,us,9.2,1.902,0.114,29
-18.0453,-177.8588,620.421,4.4,81,76.0,3.072,0.97,us,12.13,7.419,0.055,96
-22.8127,173.0743,10.0,4.4,13,137.0,5.2,1.12,us,7.51,1.907,0.162,11
50.0861,158.3665,18.535,4.9,50,134.0,2.947,0.87,us,9.77,4.526,0.089,40
-17.4809,-178.7358,544.84,4.2,29,78.0,2.069,0.57,us,17.07,11.143,0.121,23
52.9139,159.0329,83.763,4.1,58,121.0,0.829,0.59,us,10.66,5.779,0.076,47
4.1563,126.7115,38.154,4.2,31,110.0,1.356,0.85,us,7.6,8.11,0.112,24
-6.2494,151.3713,10.0,4.5,19,196.0,2.192,1.1,us,12.86,1.972,0.163,11
50.3809,158.3908,10.0,4.4,34,132.0,2.651,0.69,us,10.81,1.919,0.108,25
41.5328,141.9543,67.208,4.3,39,126.0,1.001,0.5,us,5.88,3.148,0.113,22
40.0254,143.5212,10.0,4.6,88,104.0,2.007,0.51,us,5.73,1.813,0.067,66
49.7634,155.8637,77.256,4.2,30,152.0,3.541,0.51,us,14.26,9.094,0.125,22
51.0961,159.8226,10.0,4.2,23,133.0,2.061,0.93,us,8.35,1.85,0.152,15
51.3069,157.63,64.123,4.7,129,114.0,1.805,0.76,us,8.97,6.859,0.027,417
53.2815,159.6736,63.922,4.0,34,137.0,0.669,0.48,us,8.67,7.706,0.113,21
51.3466,159.5999,10.0,4.1,37,137.0,1.778,0.96,us,9.6,1.907,0.099,33
53.2956,159.9478,60.943,4.3,20,142.0,0.828,0.7,us,12.36,11.465,0.168,10
51.312,159.5531,10.0,4.3,27,168.0,1.802,1.16,us,5.3,1.957,0.114,22
49.1289,154.501,102.912,4.6,68,76.0,8.162,0.56,us,12.49,7.02,0.074,55
28.6735,76.6889,10.0,4.5,75,101.0,7.627,0.77,us,9.86,1.894,0.069,62
-10.2136,161.2542,112.951,4.7,64,79.0,1.501,0.62,us,9.56,6.463,0.048,133
29.8426,130.6165,51.599,4.3,27,129.0,1.667,0.52,us,10.22,8.852,0.137,15
51.3484,159.7882,13.223,4.6,82,128.0,2.181,0.88,us,8.86,4.936,0.067,67
51.6121,-175.5396,61.044,3.9,25,185.0,0.445,0.35,us,4.9,10.122,0.172,9
29.1041,49.7402,10.0,4.1,27,176.0,6.896,0.89,us,12.67,1.962,0.135,16
52.4513,160.8208,10.0,4.4,28,176.0,1.439,0.68,us,11.05,1.958,0.126,18
36.45,71.1195,145.531,4.1,29,169.0,2.154,1.12,us,9.58,15.174,0.185,8
44.8164,150.2755,10.0,4.7,126,134.0,5.542,0.65,us,10.88,1.887,0.054,105
49.753,157.3946,10.0,4.6,40,138.0,3.365,0.58,us,11.71,1.902,0.106,27
-18.2724,-178.1364,559.007,4.2,51,54.0,3.664,0.73,us,14.5,6.137,0.082,42
-7.36,128.4723,163.277,3.9,16,87.0,4.791,0.82,us,8.25,9.486,0.137,14
49.9239,159.3342,10.0,4.6,43,109.0,3.133,0.54,us,9.81,1.866,0.054,103
-8.2166,118.1282,174.854,4.8,30,67.0,0.7,1.18,us,8.22,7.075,0.127,19
-20.7635,-177.935,466.672,4.4,58,132.0,4.835,0.68,us,14.82,8.26,0.071,57
50.0304,159.3884,10.0,4.5,91,135.0,3.032,0.48,us,9.97,1.906,0.06,83
-15.9102,-174.1967,131.151,4.7,42,85.0,3.067,0.7,us,11.14,8.355,0.079,52
51.8472,159.4575,59.483,5.0,84,133.0,1.278,0.52,us,10.03,7.087,0.053,115
7.3364,127.0845,10.0,4.9,91,55.0,1.517,1.18,us,6.57,1.855,0.056,99
51.7178,158.1362,75.248,4.2,24,124.0,1.345,0.87,us,10.77,7.862,0.117,20
-16.7781,-173.4733,10.0,4.8,32,94.0,3.286,1.01,us,10.94,1.856,0.109,26
52.7614,160.9525,10.0,4.4,59,154.0,1.419,0.83,us,9.53,1.94,0.058,85
9.3808,93.9854,10.0,4.7,55,50.0,5.064,0.9,us,10.31,1.869,0.086,41
-28.8637,-71.4331,38.444,4.0,16,156.0,0.659,0.38,us,4.4,10.322,0.3,3
-63.4005,-167.8857,10.0,4.6,15,164.0,16.492,1.18,us,19.53,1.834,0.157,12
19.3196,-109.041,10.0,4.0,112,123.0,1.895,0.74,us,8.06,1.927,0.054,92
14.5607,-94.163,10.0,4.2,28,202.0,1.946,0.86,us,7.48,1.978,0.115,21
12.9052,145.6098,10.0,4.5,32,114.0,0.992,0.59,us,7.57,1.91,0.116,23
-17.3385,-178.7291,560.43,4.2,33,75.0,2.011,0.88,us,15.81,11.855,0.104,26
-32.3033,-71.1697,81.874,4.1,31,149.0,0.307,0.53,us,3.5,5.939,0.302,3
52.9016,160.8517,10.0,5.0,109,101.0,1.337,0.9,us,8.09,1.827,0.023,605
-9.9894,154.1088,10.0,4.2,11,173.0,10.677,0.34,us,13.72,1.96,0.216,8
64.4991,-40.2659,10.0,4.4,59,89.0,4.1,0.57,us,8.05,1.913,0.056,93
48.2809,154.4416,81.201,4.1,16,135.0,5.257,0.36,us,11.78,8.017,0.233,5
41.4264,19.5807,10.0,4.4,49,56.0,0.227,1.24,us,4.51,1.896,0.101,28
38.5547,141.4848,87.939,4.4,40,134.0,2.255,0.99,us,8.72,8.702,0.112,24
52.482,161.5163,10.0,4.4,55,163.0,1.825,0.74,us,11.18,1.952,0.081,44
4.7394,97.0968,13.532,4.2,16,169.0,0.508,0.68,us,5.84,5.606,0.167,10
-26.4331,-177.421,111.385,4.0,14,205.0,2.852,0.71,us,11.29,10.884,0.143,13
52.9192,159.8899,35.0,4.3,11,192.0,0.757,0.27,us,13.09,1.924,0.16,11
51.487,159.3122,35.0,4.5,26,161.0,1.902,0.95,us,12.88,1.967,0.121,20
32.0967,140.2388,95.775,4.7,75,111.0,1.077,0.71,us,8.24,6.701,0.066,69
12.703,144.2187,26.757,4.4,13,119.0,1.085,0.42,us,8.22,7.392,0.219,6
43.3761,-61.4153,10.0,3.8,10,247.0,2.014,0.82,us,4.04,2.017,0.294,3
29.1445,57.9672,10.0,4.4,74,62.0,4.468,0.48,us,9.43,1.862,0.065,67
38.2331,103.8304,10.0,4.7,178,74.0,2.275,0.64,us,8.1,1.828,0.04,190
-24.4011,179.9318,532.128,4.1,23,188.0,6.851,0.52,us,21.96,20.975,0.109,23
51.0664,157.2636,80.229,4.6,130,135.0,2.063,0.65,us,5.05,6.551,0.05,118
11.7781,125.9635,10.0,4.9,68,105.0,4.694,0.7,us,11.11,1.865,0.069,66
-7.0179,129.8029,111.775,4.5,38,93.0,2.481,0.61,us,9.17,7.558,0.097,31
50.0285,157.6496,10.0,4.7,76,128.0,3.063,1.21,us,5.4,1.88,0.034,260
60.4524,-139.5498,5.0,4.1,28,97.0,0.501,1.19,us,2.62,1.944,0.198,8
57.8588,155.7394,10.0,4.9,98,87.0,3.111,0.56,us,8.52,1.854,0.034,270
52.0635,160.5052,10.0,4.4,39,178.0,2.007,1.15,us,10.02,1.955,0.087,38
-19.4544,-70.2198,38.372,4.3,18,170.0,0.816,0.53,us,2.54,13.703,0.237,5
51.4621,159.733,10.0,4.7,47,127.0,1.7,1.28,us,9.34,1.887,0.072,59
12.8359,-88.7226,66.413,4.3,47,151.0,0.74,0.88,us,6.89,9.177,0.063,72
10.3866,121.8794,10.0,4.7,70,98.0,4.923,0.73,us,8.96,1.889,0.059,88
17.2447,147.2647,32.167,4.7,119,133.0,2.445,1.22,us,10.14,3.13,0.048,133
52.2021,160.6757,23.574,4.2,22,167.0,1.484,1.16,us,9.35,8.203,0.152,12
50.3139,157.1431,35.0,4.1,20,193.0,2.82,0.74,us,13.48,1.978,0.145,13
49.8013,155.779,82.136,4.5,59,124.0,3.522,0.65,us,6.24,6.287,0.06,82
-33.9048,-178.86,10.0,5.1,39,84.0,4.316,1.04,us,8.45,1.843,0.096,37
9.2702,94.3342,10.0,4.1,15,183.0,4.779,1.16,us,10.26,1.94,0.185,8
7.0882,127.5859,10.0,4.0,21,96.0,1.992,0.56,us,5.14,1.836,0.164,11
-6.5375,129.9481,130.852,4.2,20,127.0,2.002,0.6,us,10.05,8.549,0.175,9
27.1196,140.2645,440.762,4.3,52,97.0,1.711,0.78,us,12.24,7.105,0.051,108
-5.571,129.3156,287.436,4.1,20,100.0,1.195,0.35,us,13.08,8.952,0.13,16
-58.0191,-25.0111,35.0,4.6,28,55.0,7.42,0.67,us,8.2,1.881,0.128,18
-9.3665,158.8815,9.522,4.4,35,86.0,1.054,0.4,us,5.48,4.633,0.107,30
2.952,-31.2752,10.0,4.5,46,64.0,9.869,0.64,us,10.62,1.872,0.088,38
8.1476,58.7081,10.0,4.5,63,68.0,16.874,0.83,us,11.3,1.898,0.074,54
-2.7821,102.3375,170.385,4.4,43,151.0,1.685,0.76,us,11.69,8.85,0.092,34
-23.9044,-66.7902,226.072,4.3,25,82.0,1.589,1.1,us,10.33,8.481,0.147,13
37.8141,144.1232,10.0,4.5,44,136.0,3.802,0.86,us,9.7,1.898,0.102,29
52.1463,160.24,31.385,4.1,22,204.0,1.309,0.86,us,13.31,9.987,0.124,18
-5.0175,151.6224,129.352,4.4,48,150.0,0.813,0.51,us,10.54,5.416,0.088,37
-59.3685,-25.501,35.0,5.2,108,69.0,18.611,0.42,us,9.33,1.798,0.056,105
41.5422,142.0961,67.15,4.4,67,116.0,0.923,0.54,us,2.79,7.356,0.071,58
53.1484,161.3976,10.0,4.2,19,195.0,1.662,0.37,us,15.7,1.983,0.2,8
49.3239,82.3489,10.0,5.2,199,37.0,2.507,0.61,us,6.75,1.835,0.042,188
-55.4084,-123.4515,10.0,4.2,14,110.0,32.378,0.43,us,12.52,1.901,0.153,13
51.7915,159.8475,22.905,5.1,69,125.0,1.435,0.97,us,9.48,5.594,0.059,92
51.0905,159.0182,32.499,4.5,69,132.0,1.949,0.57,us,10.5,5.928,0.073,55
52.5646,160.8915,10.0,4.4,43,158.0,1.437,0.99,us,10.42,1.906,0.086,39
52.2893,160.5716,10.0,4.3,27,161.0,1.382,1.11,us,12.02,1.947,0.103,27
40.9028,142.9449,35.0,4.1,17,154.0,1.123,0.87,us,4.05,1.927,0.198,7
18.7506,-107.6322,10.0,4.0,32,178.0,3.093,0.55,us,6.54,1.92,0.068,58
51.8192,159.6849,43.904,4.6,93,126.0,1.363,0.58,us,9.05,7.004,0.058,90
50.6225,157.161,63.379,4.9,74,111.0,2.512,1.05,us,8.51,6.427,0.03,370
9.745,93.931,10.0,4.1,16,92.0,5.714,0.76,us,11.27,1.93,0.186,8
23.6208,100.6849,10.0,4.4,28,81.0,2.535,1.02,us,9.13,1.901,0.143,15
-37.4133,178.6202,43.92,5.0,45,131.0,0.29,1.06,us,8.28,4.977,0.092,38
13.2104,-90.9184,35.0,4.6,35,156.0,1.303,1.27,us,6.83,1.957,0.038,204
-21.0992,-68.4202,118.003,4.2,13,83.0,0.998,0.72,us,6.88,9.569,0.176,9
9.7118,93.6542,10.0,4.4,46,121.0,5.522,0.42,us,8.8,1.911,0.102,28
40.9678,142.0518,54.603,4.3,28,149.0,0.769,0.77,us,6.25,8.291,0.125,18
53.8723,159.3999,117.89,4.4,69,128.0,0.962,1.09,us,10.93,8.713,0.052,106
52.9096,160.3364,35.0,4.4,50,165.0,1.026,0.97,us,9.74,1.956,0.086,39
-39.0771,78.1647,10.0,4.7,17,97.0,29.818,0.51,us,13.32,1.924,0.143,15
-47.7942,116.0167,10.0,4.8,25,93.0,14.878,0.67,us,12.94,1.909,0.135,22
-2.421,139.0541,41.582,4.4,28,75.0,1.023,1.17,us,6.26,5.012,0.109,24
40.7155,51.8267,49.334,5.1,144,76.0,2.431,0.56,us,6.98,6.525,0.048,142
51.5134,159.8419,10.0,4.6,17,138.0,1.68,0.49,us,10.2,1.599,0.173,10
10.9219,124.1097,10.0,4.3,25,85.0,16.611,0.88,us,15.03,1.948,0.129,17
52.5972,161.0003,35.0,4.1,16,137.0,1.489,0.66,us,10.86,1.956,0.151,12
22.7049,95.8746,10.0,4.4,63,71.0,3.897,0.63,us,7.4,1.804,0.077,49
39.8128,143.098,41.582,4.6,80,122.0,1.836,0.55,us,8.64,7.118,0.067,66
-17.6656,168.2501,63.474,4.1,21,131.0,2.424,0.6,us,4.98,8.976,0.135,15
14.3209,144.2649,10.0,4.1,15,121.0,0.934,0.32,us,6.43,1.862,0.174,9
42.752,145.9512,35.0,5.2,79,122.0,2.197,0.66,us,8.33,1.866,0.026,486
7.7293,-37.0934,10.0,4.8,59,109.0,13.519,0.67,us,8.92,1.88,0.061,83
38.5812,24.1399,10.0,3.7,16,106.0,1.476,0.96,us,6.06,1.969,0.357,2
-5.7989,147.903,161.579,4.2,16,188.0,3.657,0.48,us,13.7,10.08,0.186,9
-3.3521,140.4121,35.0,4.5,24,77.0,0.881,1.34,us,6.86,1.914,0.095,32
-0.8814,132.2985,39.418,4.0,23,57.0,1.039,1.0,us,6.01,7.93,0.13,18
-21.6274,-179.4628,606.97,4.4,29,169.0,4.516,0.3,us,12.74,10.182,0.114,22
-20.3768,-67.9493,156.159,4.1,21,76.0,1.154,0.91,us,7.17,9.154,0.214,6
-56.5699,-25.8427,35.0,4.9,47,87.0,6.478,1.23,us,12.21,1.938,0.077,53
-7.2296,120.4179,580.056,4.2,66,67.0,2.298,0.84,us,10.4,6.984,0.087,37
11.9988,-89.3955,10.0,4.2,20,209.0,1.761,0.88,us,6.94,1.991,0.146,13
-41.7988,-83.9195,10.0,5.3,59,138.0,10.123,0.93,us,8.17,1.771,0.037,240
-11.0621,-77.9333,48.19,4.6,37,141.0,1.41,0.67,us,5.14,7.733,0.084,44
-52.9951,22.1673,10.0,4.6,16,95.0,20.626,0.87,us,14.95,1.914,0.141,15
1.9802,126.5247,54.48,4.3,40,64.0,2.927,0.96,us,3.26,7.55,0.108,24
-3.1328,130.8965,10.0,4.5,26,55.0,1.367,1.09,us,5.64,1.892,0.104,27
-5.9877,150.798,35.0,4.1,16,149.0,2.244,0.6,us,8.01,1.718,0.175,10
13.2717,123.9352,10.0,4.5,55,127.0,6.372,0.62,us,11.74,1.896,0.069,62
0.5213,-79.9972,12.915,4.3,20,151.0,0.886,1.0,us,5.2,5.134,0.217,6
52.2901,160.3219,35.0,4.4,36,122.0,1.256,1.09,us,9.63,1.918,0.087,38
35.1068,25.3162,10.0,4.3,83,93.0,0.393,0.7,us,3.98,1.806,0.062,73
51.3443,159.8402,10.0,4.7,22,153.0,1.834,0.91,us,11.13,1.968,0.184,9
49.3466,156.9729,10.0,4.4,34,104.0,3.794,0.58,us,8.94,1.846,0.108,25
-6.5702,149.0854,56.726,4.6,56,93.0,3.401,1.36,us,8.23,7.076,0.08,52
52.3289,160.1775,38.776,4.3,20,151.0,1.161,0.59,us,9.19,6.467,0.177,9
51.5593,178.4709,76.527,4.0,62,176.0,0.378,0.65,us,6.28,5.556,0.069,56
52.431,160.8827,10.0,5.1,58,144.0,1.482,0.88,us,7.29,1.912,0.033,298
52.2029,160.3558,10.0,5.0,82,122.0,1.326,0.92,us,8.22,1.87,0.041,197
-31.52,-178.7869,101.526,5.1,36,93.0,6.486,0.87,us,12.51,7.728,0.104,30
52.8692,160.7137,10.0,4.7,30,155.0,1.258,1.09,us,11.39,1.972,0.108,26
-5.883,149.3334,99.962,4.8,65,86.0,3.106,0.49,us,7.67,7.212,0.078,54
-57.9908,158.0373,10.0,4.6,16,147.0,3.537,0.63,us,9.72,1.937,0.136,16
49.7576,157.3809,17.955,4.4,66,134.0,3.361,0.55,us,9.69,4.782,0.077,49
-30.3978,60.9107,10.0,4.3,27,63.0,10.299,0.57,us,9.72,1.888,0.133,17
52.3102,160.6634,10.0,4.8,113,80.0,1.419,0.63,us,8.46,1.858,0.039,208
-29.1478,-71.1183,53.315,4.3,33,132.0,0.39,0.62,us,4.48,6.798,0.154,12
-22.7481,-66.3292,245.534,4.3,19,137.0,1.718,0.4,us,9.75,13.36,0.188,8
52.3794,160.0307,51.821,4.7,47,134.0,1.059,0.69,us,8.51,6.842,0.085,42
52.23,159.9968,55.281,4.6,64,135.0,1.653,0.83,us,8.83,5.193,0.075,54
51.6947,159.1933,30.051,4.3,28,147.0,1.372,0.92,us,9.97,8.63,0.122,19
53.9219,-164.5049,18.727,3.4,32,154.0,0.586,0.39,us,3.96,6.888,0.201,6
-17.3134,-69.466,177.241,4.2,17,215.0,0.275,1.22,us,10.34,4.643,0.186,8
14.0178,145.0371,171.817,4.0,25,88.0,0.456,0.83,us,13.24,6.076,0.122,18
-0.8623,134.0695,26.063,4.4,39,72.0,0.653,0.55,us,5.65,5.23,0.095,35
34.4204,140.2268,114.964,4.1,29,135.0,1.347,0.48,us,10.52,8.881,0.127,17
-4.5589,102.77,65.855,4.8,57,145.0,0.27,0.63,us,8.49,4.77,0.076,54
-15.8408,178.5631,10.0,4.5,17,221.0,1.001,0.55,us,7.07,1.97,0.15,13
51.043,159.0621,18.614,5.1,116,110.0,2.0,0.64,us,8.37,4.432,0.033,294
52.7451,160.8097,10.0,4.4,23,189.0,1.338,0.54,us,7.29,1.979,0.155,12
9.8202,126.0977,32.396,4.5,13,139.0,2.781,1.27,us,15.3,5.594,0.192,8
-33.8323,-72.2216,28.09,4.0,19,189.0,0.535,0.49,us,7.06,9.326,0.231,5
-21.6705,-174.3301,10.0,4.5,22,162.0,8.225,1.1,us,12.38,1.695,0.124,19
14.841,-94.4289,10.0,4.5,69,144.0,2.139,0.73,us,6.48,1.915,0.055,99
54.5715,-160.1116,35.847,4.4,88,159.0,0.399,0.99,us,5.03,7.417,0.075,51
-20.7408,-178.6838,598.344,4.4,104,95.0,4.288,0.73,us,11.69,6.507,0.053,108
51.4578,160.565,10.0,4.1,36,135.0,1.961,0.91,us,11.56,1.912,0.107,24
13.3577,92.5564,15.163,5.0,89,65.0,4.921,0.85,us,9.59,4.409,0.056,105
52.0872,160.576,10.0,4.3,28,178.0,1.504,0.92,us,10.61,1.933,0.123,19
18.3705,-80.1087,10.0,4.2,43,50.0,2.45,0.97,us,6.83,1.855,0.115,22
-27.1652,-175.9607,10.0,4.6,30,164.0,10.884,0.82,us,14.85,1.91,0.11,25
51.1714,159.494,10.0,4.9,105,176.0,1.927,0.59,us,7.34,1.919,0.057,97
52.8481,160.7097,10.0,4.2,17,117.0,1.259,0.64,us,11.34,1.945,0.152,12
52.3002,160.3804,10.0,4.3,29,138.0,1.279,1.14,us,8.11,1.927,0.099,29
41.1731,142.9607,43.493,4.5,96,125.0,0.854,0.59,us,6.57,7.276,0.06,82
51.3111,-169.0059,10.0,4.2,55,185.0,1.543,0.55,us,6.68,1.937,0.085,39
23.0944,94.8608,94.964,4.2,19,129.0,1.88,0.49,us,14.29,10.808,0.146,13
29.3264,131.8035,10.0,4.6,91,67.0,2.469,0.45,us,5.14,1.862,0.067,73
-49.3989,30.5333,10.0,4.3,14,128.0,14.599,0.21,us,11.71,1.854,0.161,11
32.25,142.1296,10.0,4.6,53,138.0,2.135,0.82,us,6.83,1.842,0.093,34
49.8259,158.4045,10.0,4.2,23,136.0,3.206,0.56,us,6.52,1.934,0.146,13
16.5002,-59.5129,10.0,4.6,35,83.0,1.502,0.64,us,6.87,1.766,0.125,19
35.5524,140.0125,97.369,4.3,32,106.0,1.764,0.69,us,5.73,8.516,0.125,18
29.1498,129.696,10.0,4.4,38,124.0,2.441,0.55,us,8.07,1.91,0.114,22
-0.5341,-80.324,34.003,4.9,72,138.0,0.512,0.73,us,6.58,5.687,0.035,256
-7.9182,-76.2972,123.598,4.3,37,135.0,4.079,0.49,us,14.01,8.057,0.097,32
51.8242,159.6653,27.956,4.6,44,124.0,1.352,0.91,us,10.34,6.158,0.078,49
-24.2137,179.9664,520.375,4.4,25,140.0,6.68,0.5,us,17.54,11.226,0.112,23
-30.5376,-179.1076,235.117,4.5,45,81.0,1.645,1.34,us,13.89,7.691,0.083,43
51.1298,159.5285,10.0,4.2,33,135.0,1.972,0.73,us,11.0,1.922,0.106,25
39.3052,143.4619,10.0,5.2,68,98.0,2.363,1.08,us,7.36,1.835,0.049,139
-56.2113,-27.0024,95.712,4.8,23,76.0,5.759,0.95,us,12.38,6.796,0.122,21
23.1609,123.4658,10.0,4.4,22,129.0,1.365,0.94,us,6.99,1.937,0.19,8
-51.5341,138.8301,10.0,4.5,26,94.0,12.46,0.41,us,13.16,1.93,0.112,23
53.6022,160.1487,51.891,4.6,47,103.0,1.07,0.53,us,10.68,7.45,0.056,95
50.7851,157.6646,41.065,4.6,56,135.0,2.323,1.01,us,11.52,7.353,0.056,95
1.8647,128.5913,10.0,4.5,36,84.0,1.636,0.78,us,9.02,1.884,0.088,44
-18.1153,169.1022,236.735,4.1,18,169.0,3.217,0.53,us,10.22,7.095,0.166,10
-58.926,-26.2034,126.3,5.5,121,38.0,7.335,0.56,us,8.83,4.108,0.054,120
52.5518,160.4883,35.0,4.1,12,179.0,1.212,0.8,us,6.68,1.995,0.234,5
52.0687,159.9883,10.0,4.9,13,121.0,1.258,0.82,us,11.15,1.924,0.096,38
-6.5701,155.7736,175.202,4.3,50,103.0,4.301,0.86,us,9.71,5.27,0.084,42
-48.9031,-8.1979,10.0,4.4,21,101.0,22.976,0.79,us,11.22,1.893,0.12,20
51.4833,160.0144,10.0,4.3,19,128.0,1.756,1.01,us,10.62,1.932,0.187,8
-9.8652,151.9153,10.0,4.7,39,83.0,4.711,0.62,us,9.07,1.926,0.102,29
51.5344,159.1375,35.0,4.2,34,143.0,1.521,0.4,us,9.81,1.958,0.121,19
5.74,126.1967,132.625,4.4,33,107.0,1.23,0.7,us,7.62,7.193,0.094,35
7.3775,-78.0484,10.0,4.5,38,104.0,2.509,1.04,us,6.72,1.87,0.104,27
-15.2084,-178.4429,414.974,4.3,65,52.0,2.454,0.89,us,11.74,6.437,0.045,142
37.066,141.966,44.433,4.5,56,116.0,3.06,0.58,us,9.7,5.902,0.083,42
-8.8943,159.8465,78.842,5.0,60,38.0,0.55,1.02,us,10.85,5.427,0.042,183
39.4366,73.9333,10.0,4.3,20,160.0,1.538,0.89,us,5.37,1.932,0.2,7
52.1303,160.2121,35.0,5.7,38,118.0,1.818,0.81,us,6.78,1.927,0.105,32
-57.8235,157.5935,10.0,4.2,16,109.0,3.417,0.38,us,15.27,1.929,0.16,11
11.0827,124.3483,10.0,4.6,49,83.0,4.169,0.55,us,5.57,1.904,0.092,37
40.9934,78.2595,10.0,4.4,42,157.0,0.752,0.93,us,5.57,1.916,0.105,26
5.9272,61.3713,10.0,4.3,16,194.0,23.225,0.57,us,11.07,1.94,0.177,9
28.0007,139.6694,503.77,4.1,57,78.0,2.408,0.49,us,12.65,9.554,0.076,47
-23.666,-179.6844,508.528,4.3,34,106.0,5.774,0.93,us,13.59,6.141,0.098,29
8.9418,-40.5029,10.0,4.6,23,71.0,12.636,0.78,us,6.88,1.883,0.126,19
49.9279,157.1885,42.769,4.3,23,137.0,3.201,0.66,us,13.19,8.086,0.134,16
51.2809,159.6382,24.868,4.7,27,206.0,1.848,0.77,us,11.97,8.132,0.12,21
-16.4461,-175.3776,235.071,4.2,15,156.0,4.291,0.46,us,9.18,14.822,0.153,12
-33.4082,-179.185,35.0,4.4,18,90.0,4.287,0.59,us,7.65,1.944,0.202,7
-63.6835,172.6283,10.0,4.5,22,86.0,14.307,0.55,us,10.72,1.899,0.124,19
52.9588,161.2059,10.0,4.3,18,138.0,1.546,0.95,us,9.67,1.872,0.188,10
52.4163,160.6915,10.0,5.6,109,102.0,1.383,0.95,us,9.4,1.856,0.038,242
54.5381,-160.1758,35.0,3.8,54,158.0,0.449,0.98,us,3.45,1.951,0.147,12
-15.4825,-174.7845,155.759,4.6,26,68.0,3.299,0.3,us,13.12,7.978,0.137,16
-58.9971,-23.5339,10.0,4.0,13,93.0,19.325,0.47,us,8.9,1.904,0.183,10
49.2367,154.7314,84.212,4.1,28,137.0,4.302,0.51,us,12.02,4.06,0.123,18
-29.2171,-179.1095,345.018,4.1,33,101.0,1.032,0.57,us,13.11,8.304,0.103,26
36.5754,70.7776,126.714,4.1,46,91.0,2.203,0.93,us,6.83,8.654,0.135,16
-23.2201,-179.8897,570.435,4.6,32,121.0,5.778,0.66,us,15.43,9.966,0.084,45
-30.3971,-176.88,10.0,4.4,23,180.0,1.466,0.58,us,7.36,1.725,0.127,18
36.6426,115.6142,10.0,4.5,50,72.0,3.399,0.61,us,8.06,0.742,0.1,29
-47.7426,115.921,10.0,4.1,18,142.0,14.832,1.01,us,15.5,1.947,0.14,15
54.5463,-159.9467,28.692,3.8,62,166.0,0.353,0.76,us,5.59,3.722,0.179,8
-52.5538,28.2409,10.0,4.5,16,119.0,20.87,0.46,us,10.57,1.901,0.136,16
-17.076,-174.1664,120.593,4.6,32,63.0,3.899,0.74,us,10.38,7.818,0.114,23
50.6392,158.3678,35.0,4.4,50,131.0,2.394,0.92,us,10.62,1.921,0.065,69
37.4414,72.2841,188.344,4.1,44,94.0,0.884,0.75,us,7.47,6.396,0.14,14
-11.0719,163.5732,10.0,4.4,20,127.0,3.92,1.2,us,8.88,1.964,0.149,13
-58.0537,-25.9073,10.0,4.3,9,181.0,16.624,0.96,us,18.57,1.983,0.178,9
7.3874,126.8234,75.105,4.2,16,158.0,1.274,0.65,us,10.24,8.909,0.159,11
50.2248,158.6591,10.0,4.6,66,133.0,2.803,0.41,us,9.19,1.89,0.059,84
55.5635,-161.7158,163.749,3.5,29,66.0,0.145,0.27,us,6.97,4.552,0.247,4
-7.7947,108.7198,99.247,4.8,86,54.0,1.111,0.66,us,7.79,5.15,0.059,88
-14.566,166.5986,10.0,4.5,13,255.0,6.347,0.44,us,13.82,2.027,0.171,11
-21.3216,-179.1297,579.922,4.3,50,122.0,4.44,0.6,us,11.14,7.621,0.065,68
40.9443,143.0631,39.127,5.0,94,96.0,1.072,0.64,us,7.61,5.996,0.055,106
52.7497,160.9455,45.257,4.2,42,211.0,1.418,0.67,us,15.34,10.548,0.08,46
-18.6406,65.2615,10.0,4.4,21,95.0,2.104,0.7,us,7.55,1.834,0.156,12
52.0273,161.0265,24.522,4.8,62,121.0,1.762,0.46,us,9.25,5.583,0.054,107
-10.3764,161.3898,65.873,4.2,24,113.0,1.699,0.61,us,5.49,7.916,0.118,21
12.567,145.3836,10.0,4.5,28,110.0,1.133,0.78,us,9.01,1.468,0.131,17
52.1422,160.324,35.0,4.6,63,120.0,1.87,0.74,us,9.51,1.927,0.076,51
-3.3915,145.9476,10.0,4.6,22,71.0,1.95,0.58,us,8.09,1.775,0.141,15
-5.9694,149.5578,72.673,5.0,121,55.0,2.954,0.7,us,3.64,5.953,0.04,194
-49.016,126.6246,10.0,4.2,15,132.0,17.541,0.93,us,13.07,1.918,0.146,14
22.9136,93.8678,76.811,4.3,12,149.0,1.958,0.18,us,11.22,9.031,0.238,6
5.3311,124.7375,15.643,4.3,24,98.0,0.948,1.08,us,6.73,2.979,0.137,15
-52.603,140.0909,10.0,4.4,14,142.0,15.499,0.61,us,13.55,1.95,0.148,13
52.3363,158.2404,10.636,4.7,45,161.0,0.84,0.87,us,13.36,6.191,0.159,12
-19.3666,-69.2951,10.0,4.1,12,166.0,0.782,0.91,us,6.64,1.95,0.185,8
-5.7806,130.9141,118.123,4.4,38,103.0,1.604,0.77,us,8.14,6.0,0.097,31
52.7895,159.8438,47.571,4.4,87,149.0,0.76,0.97,us,10.6,8.337,0.056,90
34.5711,34.1328,10.0,4.8,79,64.0,0.766,0.81,us,3.38,1.857,0.042,175
50.4963,159.5782,10.0,4.2,30,136.0,2.596,0.6,us,11.61,1.93,0.118,20
25.8169,-45.3491,10.0,4.4,53,141.0,18.373,0.41,us,15.54,1.93,0.08,45
-22.2542,-68.4574,112.746,4.4,32,94.0,0.741,0.95,us,5.93,6.441,0.13,17
7.3797,126.8108,67.176,4.6,45,122.0,1.26,1.07,us,9.02,7.637,0.091,36
60.5498,-139.6848,5.0,4.1,47,53.0,0.536,1.17,us,2.09,2.002,0.261,4
20.1021,145.2197,35.0,4.5,31,121.0,4.865,0.46,us,9.7,1.902,0.106,26
49.9205,158.6058,10.0,4.7,68,135.0,3.107,0.57,us,8.83,1.88,0.059,86
7.6197,127.1421,10.0,4.4,18,92.0,1.644,0.63,us,6.18,1.917,0.155,12
-24.5383,-115.9846,10.0,4.6,79,160.0,6.522,0.44,us,13.85,1.922,0.066,74
-8.2761,107.0433,41.036,4.9,44,173.0,1.007,1.09,us,7.98,6.932,0.107,27
-15.8562,-70.2729,227.492,4.2,22,140.0,1.884,0.89,us,7.91,9.731,0.2,7
50.1987,157.6286,35.0,4.2,20,230.0,2.899,1.27,us,14.32,1.96,0.152,12
23.3055,-44.9733,10.0,4.7,87,132.0,19.929,0.43,us,14.07,1.912,0.063,76
50.0786,157.2271,35.0,4.5,23,138.0,3.048,0.54,us,13.75,1.948,0.15,14
50.3652,159.5367,10.0,4.2,33,135.0,2.719,0.96,us,12.03,1.92,0.116,21
50.157,158.5795,10.0,4.6,40,136.0,2.871,0.61,us,10.39,1.903,0.095,33
12.9859,40.8964,10.0,4.5,30,110.0,2.393,0.4,us,7.74,1.912,0.118,21
-27.5818,-179.8993,471.278,4.1,13,123.0,9.969,0.33,us,21.34,11.711,0.165,11
51.133,160.2137,10.0,4.9,30,138.0,2.125,0.68,us,11.17,1.916,0.161,12
-6.1112,150.3046,46.883,4.3,23,135.0,2.476,0.66,us,11.98,9.31,0.142,14
-6.0679,150.9753,67.334,4.2,19,145.0,2.039,0.66,us,11.7,2.023,0.141,14
53.3407,-164.0401,35.0,4.7,80,163.0,1.179,0.81,us,3.78,1.911,0.069,64
29.6178,140.6583,127.992,4.6,73,99.0,2.85,0.94,us,9.7,7.785,0.068,64
52.0488,160.2824,35.0,5.2,113,117.0,1.395,0.97,us,8.51,1.902,0.037,239
-17.4331,167.6873,10.0,4.9,34,152.0,4.469,0.58,us,11.9,1.92,0.104,29
-6.1958,131.2517,62.978,4.3,24,92.0,2.136,0.72,us,5.21,8.289,0.154,15
-26.0805,70.4461,10.0,4.4,13,75.0,40.04,1.18,us,15.24,1.898,0.19,8
9.2951,126.4547,39.783,4.6,47,131.0,2.375,0.75,us,12.31,7.458,0.076,51
56.983,-33.5585,10.0,4.6,53,108.0,7.404,0.82,us,9.92,1.914,0.087,39
-19.0185,-177.4555,627.268,4.3,33,142.0,3.941,0.74,us,18.48,12.142,0.091,38
53.0932,159.8619,51.355,4.3,63,117.0,0.735,1.12,us,8.64,6.131,0.076,50
-6.1006,130.5131,142.824,4.5,22,94.0,3.603,0.79,us,8.21,9.375,0.14,15
36.8094,70.3992,204.867,4.4,32,177.0,2.09,0.59,us,10.08,8.309,0.155,12
42.9627,146.0068,32.171,4.5,62,109.0,2.738,1.05,us,7.63,5.536,0.049,121
9.1076,93.8628,10.0,4.3,26,199.0,5.694,0.65,us,13.63,1.962,0.133,16
-3.3009,149.0342,10.0,4.8,50,82.0,2.083,0.65,us,7.64,1.872,0.09,38
2.4909,128.4556,226.675,4.6,89,104.0,3.713,0.49,us,9.14,6.807,0.064,72
29.8986,139.0415,415.572,4.0,98,86.0,3.274,0.79,us,9.04,8.332,0.059,78
2.0449,126.6728,35.0,4.6,57,97.0,1.442,1.05,us,5.35,1.877,0.082,45
52.382,160.4702,10.0,4.3,30,166.0,1.28,0.61,us,11.04,1.953,0.122,19
-31.3288,-70.8823,96.919,4.3,26,114.0,0.161,0.65,us,3.95,5.496,0.307,3
50.8934,158.3331,10.0,4.4,34,165.0,2.142,0.5,us,12.3,1.963,0.112,23
53.5339,159.9458,72.524,4.0,48,134.0,0.931,0.46,us,12.21,7.763,0.077,46
-16.5625,176.9306,10.0,4.7,18,72.0,1.592,0.22,us,4.59,1.894,0.142,15
-8.4232,119.5816,182.437,4.3,34,61.0,1.425,1.29,us,6.83,7.129,0.119,20
-16.4962,-177.4278,10.0,4.8,23,124.0,3.072,0.63,us,12.34,1.917,0.131,18
-21.8,-68.6279,121.783,4.2,21,54.0,0.571,0.68,us,6.0,5.948,0.186,8
-10.611,161.4664,34.026,4.2,29,111.0,1.896,0.74,us,9.78,6.141,0.115,21
18.4417,145.5618,210.383,4.3,73,102.0,3.19,1.05,us,7.24,7.438,0.062,75
52.0852,160.5072,10.0,4.6,84,64.0,1.473,0.72,us,8.35,1.864,0.064,73
23.6498,94.7137,121.439,4.4,29,73.0,2.44,0.34,us,8.35,8.427,0.12,20
45.2233,-130.0989,10.0,3.6,30,218.0,0.722,0.88,us,8.85,2.0,0.125,16
29.3171,129.4347,10.0,4.4,38,86.0,2.355,0.78,us,6.93,1.884,0.11,24
52.3482,-169.5832,43.123,3.9,25,187.0,0.766,0.77,us,5.46,10.128,0.105,24
50.9787,157.5246,67.91,4.8,61,119.0,2.136,0.59,us,11.22,7.252,0.041,187
49.5793,157.5322,16.76,4.5,24,136.0,3.519,0.78,us,9.24,4.765,0.145,14
52.6742,160.6953,10.0,4.7,59,120.0,1.289,1.12,us,9.74,1.907,0.075,54
14.0829,-89.8038,10.0,4.2,34,113.0,0.181,0.85,us,7.04,1.963,0.121,19
-12.137,67.5774,10.0,4.2,18,230.0,6.717,0.28,us,11.0,1.875,0.152,13
51.7128,159.9186,25.934,4.5,22,126.0,1.526,0.71,us,11.27,6.167,0.121,20
27.1252,140.1384,478.222,4.3,142,40.0,1.824,0.64,us,10.65,6.751,0.049,120
67.8907,130.122,10.0,4.2,34,57.0,3.787,0.68,us,9.25,1.944,0.104,27
52.8071,160.4153,35.0,4.2,37,165.0,1.091,0.72,us,12.26,1.969,0.1,28
29.9855,131.0793,34.786,4.5,39,135.0,1.612,0.45,us,8.07,6.279,0.121,20
51.7146,158.6554,35.52,4.4,63,125.0,1.311,0.76,us,8.4,7.625,0.071,57
2.9684,-31.4072,10.0,5.0,33,69.0,9.822,0.78,us,12.41,1.874,0.069,66
54.466,-159.8209,22.654,4.4,49,174.0,0.39,0.91,us,5.18,6.661,0.117,21
-6.0555,151.7754,10.0,4.7,60,52.0,1.892,1.03,us,7.16,1.872,0.076,53
-58.1885,-15.9097,10.0,5.1,84,56.0,12.081,0.51,us,10.7,1.369,0.066,75
16.4974,146.0926,130.853,4.2,19,155.0,1.283,0.43,us,18.14,9.362,0.137,15
-18.7412,168.8691,167.308,4.5,30,116.0,3.643,0.61,us,9.31,8.551,0.109,25
-8.8999,-79.3322,56.381,4.4,34,138.0,3.925,1.16,us,10.16,7.665,0.127,18
-18.0235,-178.3686,597.909,4.0,35,73.0,2.652,0.42,us,15.34,8.415,0.129,16
53.1518,160.3792,56.993,4.2,26,162.0,1.051,1.17,us,13.72,10.608,0.131,16
-24.2292,-67.5509,190.456,4.2,13,96.0,1.396,0.38,us,9.33,7.326,0.214,6
-3.0414,135.9861,63.734,4.2,18,104.0,1.495,0.65,us,8.36,10.527,0.142,14
36.9748,71.381,115.271,4.2,20,159.0,1.598,0.87,us,7.81,10.411,0.166,10
1.3278,126.6194,35.485,4.5,69,48.0,0.929,0.96,us,4.94,2.221,0.077,50
-32.6436,-177.9727,10.0,4.4,15,251.0,5.777,0.73,us,9.67,1.99,0.179,9
52.745,160.9204,10.0,4.9,71,115.0,1.404,0.72,us,8.03,1.864,0.044,160
-59.9209,-151.1211,10.0,4.8,22,82.0,22.569,0.73,us,15.11,1.905,0.121,21
-3.0498,-80.2418,52.291,4.2,32,123.0,1.099,0.92,us,6.73,11.154,0.118,20
51.436,159.9191,26.47,4.4,26,126.0,1.771,0.9,us,7.87,4.626,0.123,19
-23.2349,170.9097,10.0,5.0,55,85.0,3.252,0.84,us,8.62,1.806,0.102,31
51.418,161.1206,10.0,4.3,73,89.0,2.212,1.03,us,5.43,1.724,0.068,62
21.2512,94.8814,126.343,4.0,20,79.0,4.526,0.44,us,12.71,8.427,0.144,13
52.4376,160.9047,23.423,5.0,158,120.0,1.491,0.64,us,8.59,5.401,0.045,161
-23.3053,179.9,595.443,4.5,18,184.0,5.796,0.53,us,26.16,14.176,0.124,19
52.072,-175.091,74.568,4.1,70,170.0,0.522,0.69,us,8.21,6.565,0.076,48
-5.5494,147.3749,197.913,5.0,111,30.0,3.483,0.94,us,6.42,4.518,0.039,220
51.7307,159.8305,35.0,5.2,80,80.0,1.483,1.05,us,9.86,1.872,0.034,286
-1.0546,122.0296,22.132,4.3,41,52.0,0.742,1.16,us,3.63,5.462,0.103,28
52.5755,160.6702,35.613,4.4,16,134.0,1.306,0.67,us,12.19,7.781,0.162,11
-23.9387,179.9727,510.307,4.3,35,100.0,10.571,0.93,us,13.7,10.047,0.097,30
50.2468,158.3374,10.0,4.4,26,133.0,2.787,0.71,us,6.38,1.927,0.12,20
0.8435,126.7572,71.965,4.2,14,126.0,0.613,0.89,us,10.64,9.554,0.186,8
49.4078,156.0024,35.787,4.3,26,182.0,10.606,0.56,us,14.78,10.777,0.129,18
39.1711,28.2092,10.0,4.3,12,81.0,1.019,0.36,us,2.81,1.988,0.238,5
39.0891,21.9981,12.72,4.3,55,61.0,0.272,0.82,us,4.74,4.893,0.116,21
-14.7475,66.5518,10.0,4.6,47,57.0,5.834,0.59,us,11.64,1.864,0.088,39
24.3662,122.205,55.14,4.2,18,124.0,0.589,0.9,us,3.34,8.173,0.216,6
2.8062,92.2105,10.0,4.4,55,70.0,5.302,0.62,us,7.29,1.709,0.079,46
50.8617,158.6144,33.748,4.4,20,171.0,2.165,0.83,us,11.05,7.371,0.155,12
50.5109,157.7844,35.0,4.7,60,131.0,2.573,0.68,us,9.27,1.924,0.038,209
40.5063,143.5264,35.0,4.1,22,135.0,1.533,1.07,us,6.07,1.952,0.151,12
-29.6153,-72.058,21.928,4.3,28,145.0,0.774,0.87,us,3.72,6.169,0.307,3
3.0404,-31.3941,10.0,4.9,58,62.0,9.892,0.47,us,4.63,1.85,0.081,47
-55.7247,-26.3445,10.0,5.0,41,91.0,6.013,0.56,us,11.65,1.79,0.089,41
41.3365,142.8344,52.931,4.6,98,134.0,0.72,0.68,us,8.1,5.06,0.054,101
52.4839,160.8309,10.0,4.2,34,145.0,1.431,0.73,us,10.85,1.941,0.115,21
53.4016,160.4736,55.504,4.4,53,112.0,1.16,0.5,us,11.92,6.95,0.083,42
4.118,126.796,30.662,4.4,39,113.0,1.448,0.99,us,8.99,5.887,0.095,32
52.395,160.1479,44.785,4.3,34,171.0,1.108,0.76,us,12.64,8.727,0.106,25
-12.7832,143.2158,10.0,4.5,12,103.0,1.168,0.75,us,11.06,1.859,0.222,7
50.9747,159.6394,10.0,4.5,24,223.0,2.141,0.78,us,7.72,1.937,0.14,15
51.6429,160.2175,10.0,4.2,17,149.0,1.684,0.78,us,10.82,1.975,0.167,13
40.9483,142.877,35.0,4.6,50,128.0,1.086,0.69,us,7.13,1.927,0.098,31
50.933,157.3036,101.641,4.3,55,134.0,2.192,0.87,us,10.28,6.753,0.076,49
52.686,159.214,62.336,4.5,51,119.0,0.481,1.27,us,8.85,5.812,0.048,128
53.4033,160.4318,55.148,4.1,21,137.0,1.137,1.22,us,9.23,5.072,0.135,15
50.4151,157.2643,53.85,4.2,32,165.0,2.711,0.69,us,8.43,9.5,0.115,21
-11.0787,111.1236,10.0,5.0,58,63.0,3.953,0.7,us,4.46,1.873,0.058,94
48.741,155.0357,64.043,4.5,80,126.0,4.686,0.74,us,10.03,6.903,0.067,66
-4.4077,153.5025,123.265,4.2,13,260.0,1.352,0.34,us,10.93,13.584,0.186,8
-28.3753,-178.8203,10.0,4.4,21,126.0,1.167,0.87,us,10.53,1.851,0.162,14
43.5587,-28.8939,10.0,4.4,15,127.0,6.33,0.21,us,10.83,1.771,0.17,10
4.7746,125.0585,10.0,4.6,33,98.0,0.421,1.39,us,5.92,1.876,0.111,24
52.7315,160.8354,10.0,4.2,23,182.0,1.356,0.96,us,13.78,1.977,0.153,12
29.283,129.3649,10.0,4.4,39,108.0,2.41,1.17,us,4.32,1.888,0.112,23
52.0277,160.2995,19.736,4.7,76,124.0,1.418,0.51,us,7.65,1.24,0.073,58
-20.1587,-177.7123,520.994,4.3,27,165.0,4.591,0.41,us,18.36,11.499,0.109,24
-30.3407,-72.0983,13.175,4.2,26,197.0,0.52,0.47,us,3.55,2.277,0.303,3
52.6348,159.1796,62.543,4.7,173,118.0,0.505,0.72,us,6.67,5.824,0.037,223
7.3003,123.4816,10.0,4.9,55,65.0,2.094,0.45,us,8.88,1.858,0.062,82
-5.7317,148.9108,152.01,4.4,32,80.0,3.411,0.52,us,8.38,8.094,0.112,23
52.8666,161.03,10.0,5.1,92,72.0,1.449,0.77,us,5.57,1.76,0.03,350
51.7436,160.0437,24.864,4.5,82,125.0,1.54,0.82,us,9.1,5.684,0.06,82
52.7127,160.8119,10.0,4.1,17,251.0,1.347,0.89,us,7.55,1.997,0.151,12
52.8006,161.064,10.0,4.5,41,173.0,1.479,0.85,us,5.88,1.925,0.067,65
-56.0161,-26.5191,34.327,4.6,27,123.0,5.974,0.8,us,14.06,7.883,0.107,26
4.4657,-82.747,10.0,4.2,33,159.0,5.01,0.7,us,6.32,1.838,0.115,21
36.4089,142.5801,10.0,4.5,37,135.0,3.525,0.84,us,8.22,1.902,0.116,22
-25.2274,-175.3988,10.0,4.7,21,76.0,9.62,0.57,us,12.44,1.913,0.134,23
49.4797,155.9804,46.212,4.3,36,136.0,3.79,0.65,us,11.12,8.318,0.104,26
-6.6097,154.7994,25.472,5.0,87,62.0,3.558,0.42,us,8.68,4.448,0.057,100
37.2862,141.1785,25.551,4.6,55,142.0,2.493,0.67,us,9.0,6.355,0.083,43
51.3367,160.2931,10.0,4.3,34,136.0,1.969,0.67,us,11.72,1.926,0.111,23
-52.1179,28.2693,10.0,4.2,12,117.0,20.461,0.73,us,16.43,1.94,0.158,11
17.0079,96.1659,10.0,3.9,17,124.0,0.143,0.65,us,7.4,1.964,0.171,10
43.9808,13.3879,10.0,4.9,82,30.0,0.953,0.89,us,4.09,1.88,0.046,147
52.5535,160.6703,10.0,4.8,88,116.0,1.314,0.96,us,8.4,1.876,0.034,269
2.0198,99.0703,145.075,4.4,44,106.0,0.685,0.73,us,6.64,4.725,0.086,39
39.5608,143.2213,10.0,4.8,74,123.0,2.058,0.82,us,7.5,1.872,0.048,135
-53.002,21.956,10.0,4.4,16,96.0,20.627,0.5,us,14.17,1.904,0.144,14
-15.6368,167.9734,139.138,4.6,26,255.0,6.014,0.77,us,14.98,9.775,0.129,19
51.6928,160.4683,10.0,4.7,21,205.0,2.211,0.69,us,10.24,1.95,0.129,18
-23.1971,-175.1895,10.0,5.1,78,128.0,6.397,1.02,us,12.96,1.833,0.06,92
-18.8013,-171.8211,10.0,4.6,18,155.0,1.813,0.76,us,11.55,1.937,0.141,15
54.9209,-161.064,52.377,3.7,32,160.0,0.515,0.48,us,3.58,9.792,0.251,4
13.6658,-91.2943,35.0,4.2,98,181.0,0.925,1.0,us,8.16,1.979,0.052,102
36.9307,21.6114,30.643,4.5,67,119.0,0.352,0.41,us,7.28,6.016,0.084,41
-28.386,-176.6661,10.0,4.3,15,268.0,1.4,0.68,us,8.49,1.947,0.147,13
50.6681,157.8147,35.0,4.7,60,130.0,2.415,0.87,us,9.13,1.922,0.039,201
-6.8229,129.7353,165.067,4.5,36,91.0,2.292,0.84,us,11.54,8.401,0.102,31
34.4938,139.4817,10.0,4.4,51,108.0,1.402,0.36,us,5.16,1.531,0.091,35
31.098,-64.7443,10.0,4.0,31,177.0,1.27,0.88,us,8.06,2.005,0.139,14
50.84,156.4149,123.572,4.1,18,137.0,2.406,0.58,us,12.4,6.058,0.144,13
51.5778,160.4079,10.0,4.2,32,135.0,1.806,0.51,us,10.08,1.92,0.118,20
-7.0597,129.323,164.396,4.2,12,109.0,5.041,0.57,us,12.1,10.79,0.159,11
-6.2303,151.7778,10.0,4.9,37,154.0,1.927,0.68,us,8.74,1.897,0.101,31
-8.6742,112.0918,118.563,4.2,35,64.0,2.048,0.51,us,6.72,6.939,0.104,26
52.2964,160.5443,10.0,4.2,35,137.0,1.364,0.34,us,11.02,1.923,0.107,24
51.4224,159.5498,35.0,4.4,13,212.0,1.696,0.67,us,11.39,2.0,0.162,11
51.4349,159.0966,48.261,4.4,28,137.0,1.883,1.17,us,11.34,7.809,0.095,32
52.3265,160.298,20.77,5.0,83,110.0,1.222,1.07,us,8.67,5.352,0.033,295
50.1081,159.6599,10.0,4.3,26,228.0,2.987,0.66,us,9.79,1.955,0.133,16
52.762,160.1217,41.532,4.1,31,120.0,0.929,0.54,us,11.16,8.685,0.097,29
-17.9963,-178.3069,529.956,4.5,133,41.0,2.685,0.68,us,11.67,6.197,0.047,133
50.5782,160.0052,10.0,4.3,55,125.0,2.589,0.72,us,8.43,1.901,0.081,43
-17.4164,-173.1133,35.0,4.6,14,115.0,3.448,0.8,us,9.44,1.938,0.165,11
-20.7091,168.9793,10.0,4.4,17,165.0,2.371,0.44,us,10.46,1.919,0.179,9
-6.8261,146.9044,103.358,4.3,17,110.0,2.574,0.33,us,6.86,9.818,0.137,15
51.0978,157.1931,92.317,4.5,128,133.0,2.038,0.65,us,9.7,5.116,0.035,247
27.8464,128.013,10.0,4.6,46,123.0,1.033,0.51,us,7.71,1.912,0.095,33
42.0202,-126.1152,10.0,3.7,63,234.0,1.345,0.71,us,8.09,2.011,0.29,3
29.509,130.4384,35.0,4.2,28,131.0,1.994,0.6,us,8.96,1.946,0.124,18
-18.1056,-177.7876,586.04,4.3,42,116.0,3.161,0.68,us,13.8,8.867,0.097,30
-7.371,126.2895,432.992,4.3,36,60.0,3.1,0.45,us,13.44,10.501,0.116,21
-21.5965,-68.5632,134.03,4.1,20,84.0,0.662,0.36,us,6.28,5.908,0.184,8
-57.9396,-24.3082,10.0,4.4,20,100.0,16.368,0.71,us,14.28,1.938,0.123,20
-18.0232,-178.3952,595.736,4.4,59,111.0,2.631,0.62,us,13.48,7.35,0.038,196
-7.5435,128.2641,152.143,4.3,24,95.0,4.522,1.34,us,9.33,10.377,0.168,10
-18.1107,-178.2408,575.904,5.1,89,31.0,2.801,0.64,us,11.51,6.395,0.025,534
-6.6114,129.9699,67.947,4.2,10,171.0,2.076,0.97,us,13.56,9.187,0.264,5
50.6173,158.465,10.0,4.4,17,241.0,2.412,0.5,us,14.0,1.996,0.169,10
-0.3169,125.646,76.161,5.0,64,71.0,5.019,0.66,us,3.32,7.459,0.081,48
-28.1766,-70.8944,48.042,4.2,22,68.0,0.161,0.88,us,6.17,1.994,0.235,5
43.469,147.5281,41.217,5.1,168,100.0,3.632,0.55,us,9.48,5.582,0.044,168
52.1915,159.6795,35.0,4.7,58,123.0,1.043,1.07,us,7.64,1.915,0.059,88
52.5238,161.8006,10.0,4.2,38,176.0,1.978,0.61,us,11.0,1.959,0.087,37
53.0303,-167.5445,81.712,3.7,16,209.0,0.44,1.17,us,8.04,14.265,0.134,14
53.5814,-164.1676,45.308,3.3,28,209.0,1.022,0.44,us,2.66,12.045,0.241,4
8.9868,123.9738,545.444,4.1,66,72.0,4.482,0.56,us,11.67,8.984,0.071,54
-5.0624,149.6006,393.853,4.4,41,55.0,2.697,0.6,us,9.36,7.521,0.071,58
51.8377,160.8717,10.0,4.6,54,126.0,1.806,0.63,us,8.95,1.839,0.054,103
49.5765,157.7946,10.0,4.8,187,84.0,3.493,0.44,us,7.96,1.809,0.036,241
-19.3168,-69.1207,6.982,4.8,47,118.0,0.357,0.7,us,4.97,4.559,0.09,38
50.6173,158.4041,32.753,4.2,31,137.0,2.414,0.67,us,12.27,6.394,0.096,30
-14.9069,167.3469,134.987,4.9,53,124.0,6.325,0.6,us,12.44,7.568,0.058,92
53.3142,160.5301,35.0,4.4,29,169.0,1.715,0.93,us,7.96,1.952,0.115,22
-61.0958,-36.1709,10.0,4.4,22,92.0,6.834,0.43,us,9.03,1.809,0.135,16
3.444,126.4908,75.033,4.4,23,109.0,1.63,0.72,us,8.09,4.402,0.143,14
18.1012,145.8735,113.161,4.5,41,129.0,2.846,0.8,us,13.06,8.106,0.073,55
52.1648,160.5199,26.845,4.4,14,153.0,1.428,0.6,us,10.93,8.255,0.179,9
52.7354,161.0394,10.0,4.2,42,148.0,1.477,0.88,us,10.39,1.931,0.102,27
-24.8036,179.8157,506.506,4.6,61,132.0,7.213,0.75,us,13.43,7.67,0.072,58
15.8014,146.1953,123.377,4.5,38,145.0,0.681,1.12,us,14.72,7.453,0.095,32
52.1616,160.6216,21.093,4.6,48,75.0,1.48,0.74,us,6.98,4.185,0.091,36
52.1725,160.7874,10.0,5.0,35,124.0,1.558,0.88,us,7.66,1.891,0.08,50
16.5897,-93.93,132.014,4.6,70,118.0,0.753,0.74,us,5.92,5.95,0.039,198
52.9507,160.6176,35.806,4.3,25,188.0,1.192,0.73,us,15.3,14.065,0.133,16
-23.0448,-114.7045,10.0,4.6,38,150.0,6.341,0.64,us,6.18,1.905,0.094,34
-7.5438,130.7545,38.42,4.3,13,64.0,3.118,0.55,us,10.24,10.07,0.266,5
51.453,159.6794,10.0,4.4,25,127.0,1.695,0.91,us,9.04,1.908,0.139,15
-5.7179,152.5813,10.0,5.2,104,87.0,1.507,0.93,us,7.29,1.876,0.059,94
54.3524,58.9495,10.0,3.7,15,89.0,2.066,0.93,us,6.45,1.692,0.251,4
34.3203,45.5786,10.0,4.5,72,67.0,0.38,0.73,us,5.68,1.836,0.08,46
2.193,126.583,64.54,5.1,115,37.0,1.615,0.95,us,4.72,5.474,0.042,182
36.7398,71.1247,241.348,4.0,21,86.0,1.907,0.71,us,7.08,10.621,0.212,6
16.0294,-96.5603,37.287,4.1,45,163.0,0.506,0.78,us,3.71,12.45,0.097,29
39.215,28.0165,12.851,4.1,27,45.0,0.876,0.66,us,2.8,5.525,0.214,6
7.2409,126.7015,74.077,4.6,35,115.0,1.127,0.95,us,6.32,8.562,0.103,28
42.6048,141.9887,123.578,4.5,142,69.0,1.048,0.49,us,6.38,5.656,0.051,111
31.1114,140.9223,106.665,4.5,24,134.0,2.208,0.93,us,10.61,8.751,0.139,15
51.6696,159.8556,10.0,4.3,30,138.0,1.544,0.41,us,10.98,1.924,0.122,19
23.7607,94.6583,109.653,4.6,22,135.0,2.554,0.56,us,11.58,10.742,0.157,13
30.3115,140.8922,10.0,4.8,105,30.0,2.942,0.9,us,7.72,1.781,0.041,183
53.0029,161.1671,35.0,4.5,23,201.0,1.521,1.04,us,13.4,1.976,0.145,14
39.2592,28.3214,10.0,4.9,77,37.0,1.072,0.94,us,4.51,1.807,0.053,113
29.1427,66.5577,10.0,4.5,98,87.0,5.787,0.55,us,9.62,1.836,0.066,68
38.0063,72.4454,111.81,4.2,41,140.0,0.308,0.62,us,5.38,4.382,0.122,19
52.8515,160.8605,10.0,4.1,23,165.0,1.349,0.58,us,12.51,1.841,0.14,14
2.3154,-101.5098,10.0,4.3,61,122.0,20.357,0.51,us,14.13,1.929,0.071,56
-52.7147,18.8986,10.0,4.5,13,134.0,20.37,0.77,us,17.7,1.931,0.164,11
51.3721,159.5822,10.0,4.5,14,193.0,1.751,0.92,us,9.23,1.957,0.191,8
-5.0131,123.0162,10.0,4.5,48,78.0,0.292,0.44,us,3.79,1.859,0.099,30
44.3631,149.0615,35.0,4.8,70,135.0,5.122,0.98,us,10.01,1.917,0.043,167
52.6936,159.7926,72.232,4.4,32,168.0,0.767,0.72,us,11.81,6.969,0.1,29
42.7101,146.6667,10.0,4.2,37,150.0,2.692,1.14,us,10.2,1.936,0.105,25
52.8658,160.7459,35.0,4.2,20,165.0,1.278,0.72,us,11.35,1.977,0.146,13
-2.0984,139.2894,38.388,4.6,38,107.0,1.268,0.77,us,7.45,7.362,0.087,39
-4.7558,152.7685,50.626,4.4,28,154.0,0.824,0.84,us,10.4,7.903,0.118,21
-18.2373,-175.2488,236.646,4.4,32,79.0,5.113,1.1,us,11.01,8.64,0.098,30
42.8433,146.3445,35.0,4.2,39,105.0,2.5,0.45,us,9.75,1.939,0.098,29
16.2029,107.3158,10.0,4.3,33,88.0,3.703,0.82,us,8.97,1.89,0.125,18
-2.8693,147.2599,10.0,4.4,22,80.0,0.827,1.48,us,6.8,1.271,0.139,15
50.9212,158.8723,10.0,4.4,51,130.0,2.11,0.79,us,9.61,1.901,0.084,41
-6.445,147.3034,72.135,4.9,47,66.0,2.944,0.77,us,3.46,7.582,0.085,43
52.2516,160.7421,10.0,5.1,97,107.0,1.491,0.67,us,7.86,1.858,0.022,650
19.0612,121.2893,43.638,4.1,26,144.0,3.743,0.85,us,13.43,9.038,0.14,14
40.1689,-29.7206,10.0,4.3,42,154.0,4.058,0.74,us,13.01,1.924,0.093,33
-24.2762,179.9443,511.063,4.3,26,101.0,5.301,0.83,us,15.44,9.718,0.114,23
51.2786,159.6037,10.0,4.3,13,183.0,1.844,0.8,us,9.75,1.994,0.188,8
-1.92,139.1436,25.027,4.7,37,83.0,1.17,0.5,us,7.3,5.61,0.106,27
51.4138,159.4919,35.0,4.8,134,127.0,1.693,0.89,us,8.28,1.912,0.049,131
-31.7668,-69.7166,113.316,4.5,46,61.0,0.919,0.95,us,4.59,6.758,0.125,19
43.1447,146.5868,36.519,4.8,71,132.0,2.773,0.59,us,8.15,7.233,0.051,118
-58.7694,-24.8342,10.0,4.8,66,69.0,7.852,0.48,us,10.59,1.819,0.071,62
51.566,159.6404,10.0,5.1,118,111.0,1.581,1.31,us,4.73,1.842,0.031,339
-25.6481,-179.7473,476.026,4.1,23,185.0,8.126,0.67,us,12.28,14.581,0.126,18
-21.4938,168.8872,10.0,4.3,14,260.0,1.74,0.61,us,11.61,2.004,0.201,9
-20.9301,-67.4047,187.696,4.6,45,51.0,1.817,1.13,us,7.1,7.433,0.093,35
37.7542,144.2039,10.0,4.2,18,148.0,3.888,0.6,us,11.39,1.947,0.186,8
2.1725,127.7313,186.847,4.2,36,100.0,3.394,0.83,us,9.61,8.636,0.115,22
-22.3355,171.5245,114.212,4.6,46,111.0,3.782,0.87,us,4.01,7.411,0.073,57
51.4573,159.5796,26.191,4.1,25,127.0,1.669,0.9,us,8.74,4.942,0.111,22
-2.1741,138.8715,35.0,4.8,48,67.0,0.844,0.85,us,6.57,1.903,0.082,46
53.0393,161.2426,10.0,4.1,33,127.0,1.566,0.97,us,8.23,1.898,0.114,22
-7.0937,155.6701,70.527,4.8,77,80.0,4.526,0.5,us,9.48,6.14,0.072,59
-33.4325,-71.9363,31.625,4.4,45,146.0,0.35,0.47,us,4.13,5.636,0.098,30
-23.7252,-179.435,532.579,4.1,23,156.0,6.397,0.75,us,12.36,11.164,0.131,17
32.6188,47.9026,10.0,4.1,17,222.0,3.083,0.75,us,15.0,2.016,0.197,7
49.9466,157.0641,10.0,4.2,61,134.0,3.191,0.68,us,11.65,1.906,0.078,46
-8.1285,-73.5609,10.0,4.6,43,84.0,5.014,0.8,us,10.22,1.932,0.086,41
52.7596,160.965,10.0,5.5,119,92.0,1.427,0.69,us,9.02,1.783,0.039,225
51.0445,157.1213,70.239,4.6,89,133.0,2.097,0.62,us,10.96,7.083,0.037,224
7.2661,126.9284,77.954,4.7,76,103.0,1.353,0.55,us,8.27,6.23,0.069,64
10.9745,123.8122,10.0,4.6,42,126.0,4.254,0.97,us,6.0,1.901,0.09,37
34.5804,70.7936,10.0,4.5,59,124.0,1.371,1.06,us,8.0,1.89,0.077,50
-23.0918,172.3639,10.0,4.4,17,133.0,4.561,1.14,us,12.29,1.898,0.139,15
-7.2875,39.9414,10.0,4.3,12,106.0,5.248,1.34,us,6.85,1.952,0.266,4
53.218,161.1654,10.0,4.6,54,113.0,1.528,0.62,us,10.15,1.89,0.068,65
-18.0747,-177.9499,583.928,4.2,38,122.0,3.013,0.83,us,15.25,9.431,0.1,28
5.0984,123.5765,569.866,4.3,60,39.0,1.93,0.65,us,11.76,8.87,0.083,41
50.9922,157.1274,60.58,4.3,38,134.0,2.149,0.57,us,11.53,8.078,0.096,31
37.7624,144.1926,10.0,4.3,35,136.0,3.876,1.03,us,10.32,1.915,0.122,19
23.2627,142.3491,141.752,4.5,48,119.0,3.819,0.84,us,12.65,5.59,0.034,263
11.2615,124.0555,10.0,4.5,55,111.0,6.638,0.51,us,13.36,1.911,0.078,48
1.0972,125.5495,73.06,4.9,104,23.0,0.789,1.22,us,6.08,3.746,0.048,186
50.1777,157.445,27.139,4.7,13,132.0,2.939,1.04,us,13.43,6.102,0.13,18
52.3181,160.0639,35.0,4.4,34,122.0,1.114,0.7,us,5.99,1.873,0.103,27
51.0765,160.8599,10.0,4.1,20,135.0,2.38,0.59,us,6.18,1.911,0.145,13
-61.0667,-38.1619,10.0,4.2,18,110.0,6.861,0.43,us,11.77,1.936,0.132,16
52.517,160.6831,10.0,4.4,67,121.0,1.335,0.97,us,4.62,1.89,0.075,52
15.0507,-94.2826,63.526,4.4,73,151.0,1.98,1.25,us,6.27,7.314,0.039,186
15.8203,-95.1353,49.469,4.1,50,133.0,1.766,0.87,us,3.84,12.88,0.078,45
-24.6314,-70.1341,56.42,4.1,17,131.0,0.723,0.62,us,3.77,7.795,0.198,7
23.8578,121.8828,15.621,4.5,40,72.0,0.41,1.16,us,2.71,3.859,0.1,29
10.3876,122.3063,10.0,4.5,27,107.0,4.619,0.54,us,13.92,1.912,0.118,21
51.9304,161.1485,10.0,4.3,32,134.0,1.88,0.78,us,12.83,1.928,0.107,25
51.5015,177.5613,51.715,3.9,23,205.0,0.775,0.82,us,7.32,9.466,0.148,12
17.5228,145.6669,223.677,4.2,38,145.0,2.272,0.68,us,8.12,10.733,0.103,27
12.1794,-88.1898,35.0,4.4,43,174.0,1.288,0.59,us,9.39,2.002,0.081,44
52.919,160.6041,35.0,4.3,33,162.0,1.186,0.66,us,12.66,1.901,0.116,21
52.2749,159.5159,69.945,4.4,25,179.0,0.917,0.53,us,12.67,9.197,0.103,27
1.7035,127.4272,136.91,4.2,23,128.0,0.928,0.48,us,9.6,7.566,0.146,13
31.4698,69.1386,10.0,4.4,52,176.0,3.037,1.06,us,11.1,1.963,0.082,43
52.3363,159.7504,37.28,4.4,33,120.0,0.96,0.77,us,9.23,4.459,0.095,32
-11.9603,166.1371,70.99,5.0,83,115.0,3.617,0.99,us,10.43,7.066,0.067,71
-10.1817,160.9105,15.093,4.6,36,78.0,1.203,0.27,us,9.17,2.698,0.093,34
49.4418,157.9298,10.0,4.2,33,136.0,3.615,0.67,us,11.59,1.92,0.108,24
36.6356,140.3545,10.0,4.0,13,154.0,1.729,0.8,us,7.21,1.781,0.258,4
52.5855,160.6502,29.419,4.3,34,121.0,1.291,0.75,us,7.83,5.069,0.116,21
65.9425,-37.3012,10.0,4.4,114,91.0,5.44,0.64,us,13.73,1.957,0.051,108
-7.008,130.6568,73.928,4.3,37,50.0,2.58,0.68,us,7.8,7.634,0.116,21
52.2661,159.0241,84.976,4.6,45,133.0,0.792,0.74,us,11.36,7.126,0.084,42
-24.2019,-67.1947,199.752,4.3,28,74.0,1.537,1.32,us,11.15,8.032,0.122,19
10.3303,123.3056,10.0,4.5,32,98.0,3.943,0.72,us,11.19,1.904,0.106,27
-7.371,129.596,62.959,4.3,10,138.0,5.151,0.33,us,14.02,9.078,0.177,9
54.5118,-160.318,18.803,4.4,58,155.0,0.53,0.69,us,6.13,5.183,0.101,28
52.7099,160.8882,26.305,4.9,131,151.0,1.393,0.83,us,8.62,6.059,0.041,188
6.9068,126.7658,71.956,4.2,31,121.0,1.189,1.06,us,8.83,7.71,0.117,21
-4.7319,102.6005,62.855,4.7,46,160.0,0.511,0.96,us,7.65,5.6,0.096,33
49.7987,156.9021,35.0,4.4,46,137.0,3.352,0.97,us,12.37,1.938,0.082,44
-21.6058,-179.1001,575.623,4.1,26,104.0,4.685,0.47,us,15.25,11.615,0.116,20
2.9167,66.1387,10.0,4.4,33,201.0,7.263,0.98,us,12.74,1.968,0.12,20
-24.4752,179.7507,541.888,4.1,22,121.0,6.881,0.86,us,10.96,9.79,0.15,15
51.6923,159.1684,10.0,4.7,70,135.0,1.371,0.68,us,10.14,1.908,0.074,55
30.0981,70.1192,10.0,4.7,66,100.0,4.482,0.73,us,7.3,1.884,0.085,42
35.3936,22.9898,60.234,4.4,52,94.0,1.978,0.96,us,3.28,6.661,0.09,37
60.186,-58.3006,10.0,4.8,153,65.0,5.081,0.52,us,7.93,1.868,0.044,157
42.2593,144.5193,37.375,4.1,36,86.0,1.042,0.63,us,8.23,8.142,0.114,21
-20.6824,-178.8023,613.108,4.2,33,168.0,4.167,0.67,us,14.61,8.149,0.105,25
0.3533,122.348,129.767,4.1,26,72.0,3.182,0.69,us,7.87,8.451,0.127,17
52.1276,161.4042,10.0,4.3,29,124.0,1.905,1.16,us,9.87,1.908,0.126,19
53.5766,-163.4498,35.0,3.9,36,164.0,1.186,0.7,us,5.21,1.784,0.107,24
17.7821,-94.1975,188.331,5.0,96,94.0,2.472,0.71,us,9.96,6.24,0.024,534
36.0353,138.9697,129.454,4.1,41,136.0,0.796,1.11,us,9.61,6.501,0.097,29
51.0064,158.5045,35.0,5.3,59,106.0,2.022,0.67,us,8.64,1.842,0.095,37
-18.0293,-178.3832,606.532,4.3,57,81.0,2.644,0.72,us,12.54,8.65,0.056,89
-38.5158,175.6405,204.275,4.0,30,60.0,0.527,1.21,us,6.11,5.176,0.149,12
-23.028,-66.0735,241.227,4.6,52,49.0,1.941,0.9,us,6.49,5.964,0.114,23
52.4685,160.8317,10.0,4.3,29,219.0,1.438,0.67,us,15.05,2.002,0.119,20
-7.2049,125.917,10.0,4.7,31,77.0,3.894,0.9,us,10.51,1.894,0.099,31
50.255,159.0845,10.0,4.3,25,134.0,2.786,1.21,us,10.66,1.908,0.148,14
38.3833,72.3576,10.0,4.4,19,151.0,0.122,0.88,us,6.8,1.988,0.22,6
-19.0339,-177.5908,568.839,4.0,17,131.0,3.854,0.59,us,18.35,14.214,0.15,13
52.1276,160.2459,29.823,4.4,27,124.0,1.324,1.15,us,10.35,6.115,0.112,23
-24.4102,-176.7303,100.485,4.6,26,203.0,8.227,0.66,us,14.76,11.714,0.119,21
29.4045,129.1194,10.0,4.4,31,105.0,2.393,0.74,us,7.7,1.901,0.134,16
-22.8719,-179.4342,535.764,4.4,41,93.0,9.65,0.82,us,15.78,10.13,0.086,39
52.5265,160.8204,31.483,4.6,22,131.0,1.409,1.24,us,13.07,6.266,0.132,17
0.6839,121.5206,100.351,4.4,59,38.0,0.852,0.77,us,5.97,5.583,0.084,41
-17.4911,-178.649,576.188,4.3,19,242.0,2.147,0.53,us,27.05,15.967,0.142,15
-20.5026,-174.28,35.0,5.0,61,131.0,18.16,0.75,us,14.15,1.91,0.073,59
51.8636,158.5225,72.11,4.1,44,118.0,1.164,0.8,us,9.52,7.547,0.082,43
-19.0881,43.7141,10.0,4.6,23,105.0,3.325,0.73,us,9.43,1.924,0.12,21
52.4419,161.2073,39.408,4.4,61,130.0,1.661,1.26,us,10.04,6.974,0.072,56
60.5458,-139.8306,5.0,4.3,68,46.0,0.498,1.08,us,3.3,1.888,0.111,23
51.6635,160.0305,10.0,4.8,74,135.0,1.604,0.81,us,10.7,1.899,0.062,80
-7.3597,120.1887,435.121,4.0,14,128.0,2.37,0.72,us,14.22,11.315,0.211,6
-0.2772,132.4382,10.336,4.5,15,125.0,1.315,0.58,us,8.25,4.061,0.163,12
51.4757,159.6917,28.297,4.9,74,121.0,1.677,1.02,us,8.2,5.388,0.043,167
52.0204,159.5786,71.934,4.4,25,138.0,1.154,0.88,us,10.1,7.042,0.12,20
8.9268,93.8553,10.0,4.7,47,77.0,4.786,0.62,us,10.05,1.876,0.085,42
-15.2575,-73.3321,87.16,4.9,48,133.0,4.217,0.86,us,9.19,7.141,0.039,201
-32.2113,-13.2885,10.0,5.0,46,68.0,4.911,0.88,us,11.05,1.878,0.08,50
52.8908,160.9803,24.304,4.4,64,162.0,1.416,0.48,us,11.74,6.959,0.074,52
-4.2698,143.1689,85.864,4.3,32,113.0,3.016,0.49,us,8.92,7.715,0.106,25
-28.0872,-178.1546,10.0,4.9,52,122.0,1.17,0.68,us,10.56,1.883,0.075,56
13.162,126.5517,10.0,4.3,22,155.0,9.704,0.92,us,13.38,1.941,0.129,17
47.0041,153.0548,46.818,4.6,45,135.0,7.043,1.23,us,11.41,5.91,0.051,113
-4.4299,35.1133,10.0,4.6,14,145.0,3.576,1.43,us,10.97,1.952,0.206,7
-62.5639,-159.07,10.0,4.6,23,106.0,18.679,0.89,us,15.62,1.9,0.152,13
12.1824,-86.8128,123.057,4.4,86,135.0,0.553,0.56,us,8.36,6.441,0.057,88
4.4094,-73.2733,10.0,4.2,18,115.0,1.13,0.98,us,9.61,1.908,0.147,13
-1.2122,98.5369,10.0,4.4,16,192.0,2.678,1.07,us,7.95,1.843,0.202,7
50.737,157.9449,48.699,4.0,54,135.0,2.331,0.38,us,12.12,7.753,0.083,39
6.9177,-73.1993,159.857,4.1,17,80.0,2.342,0.73,us,7.91,9.042,0.186,8
51.3367,-177.0144,35.397,4.0,142,185.0,0.447,0.76,us,4.12,7.538,0.043,149
-10.3275,120.4323,54.204,4.6,27,58.0,0.668,0.83,us,6.4,6.378,0.114,23
-21.101,-174.3386,10.0,5.0,73,108.0,4.609,0.72,us,12.43,1.857,0.066,73
-57.5932,157.6924,10.0,4.2,16,141.0,3.18,0.49,us,11.9,1.726,0.167,10
6.2369,94.9807,10.0,4.6,52,70.0,2.198,0.84,us,8.17,1.855,0.078,54
13.8852,145.2884,120.493,4.1,23,150.0,0.503,0.44,us,10.88,7.533,0.123,18
53.4061,6.6807,5.0,3.8,25,83.0,2.979,1.11,us,6.8,1.985,0.295,3
-47.8535,116.5788,10.0,4.3,13,146.0,27.479,0.34,us,15.95,1.887,0.154,12
-1.6753,123.8813,10.0,4.5,31,57.0,1.275,1.36,us,6.02,1.913,0.14,15
-24.4871,-176.8224,123.427,4.6,52,74.0,4.841,0.63,us,10.98,6.892,0.084,43
50.3789,157.4047,59.9,4.4,57,124.0,2.74,1.02,us,10.79,7.133,0.057,89
52.7157,160.2948,35.0,5.1,17,133.0,1.044,0.93,us,13.42,1.95,0.164,12
7.8807,-38.6405,10.0,4.6,43,78.0,13.888,0.88,us,12.31,1.899,0.089,38
53.0125,160.7785,33.191,4.1,17,183.0,1.286,0.8,us,14.1,9.985,0.185,9
-5.7939,152.6694,10.0,4.4,36,137.0,1.61,0.81,us,6.53,1.826,0.101,30
39.3435,73.5168,10.0,4.1,20,112.0,1.167,0.68,us,3.13,1.864,0.261,4
-2.8637,147.6772,10.0,4.3,17,77.0,0.872,0.42,us,8.44,1.922,0.177,9
51.9802,160.2155,10.0,4.5,39,124.0,1.417,0.71,us,8.78,1.893,0.089,44
2.5584,96.0033,36.198,4.3,14,197.0,2.005,0.39,us,10.76,4.719,0.238,5
-32.8172,-70.8678,78.377,4.1,37,77.0,0.272,0.65,us,5.21,6.214,0.213,6
-10.385,160.8038,13.993,4.9,69,83.0,1.263,0.64,us,7.44,3.729,0.064,78
21.8711,119.6383,10.0,4.6,42,99.0,1.633,0.65,us,6.75,1.89,0.092,35
52.0603,160.0392,10.0,5.2,55,96.0,1.285,0.9,us,8.27,1.386,0.083,48
-23.4224,178.8889,545.272,5.0,121,45.0,5.703,0.77,us,10.29,5.663,0.042,180
27.9572,105.0687,10.0,4.4,36,154.0,8.06,0.57,us,6.88,1.919,0.098,30
7.0926,126.901,62.976,5.2,71,108.0,1.312,0.8,us,8.68,7.016,0.045,161
52.9643,160.9211,10.0,4.8,81,103.0,1.374,0.88,us,7.58,1.844,0.036,243
51.8297,-171.8469,49.484,3.7,47,196.0,1.499,1.0,us,11.52,10.916,0.089,32
51.0136,158.2839,35.0,4.5,27,167.0,2.026,1.29,us,6.07,1.953,0.124,19
51.2058,159.5623,10.0,4.5,24,129.0,1.905,0.89,us,10.03,1.917,0.131,17
-32.4238,-71.4147,41.215,4.2,22,131.0,0.532,0.75,us,3.23,8.84,0.305,3
14.0683,145.0286,125.511,4.6,86,123.0,1.374,0.48,us,11.54,6.508,0.063,76
49.3741,155.5437,59.187,4.5,25,138.0,3.977,0.76,us,11.29,8.224,0.124,19
-22.1056,-68.9843,102.419,4.7,52,48.0,0.39,1.05,us,4.71,4.989,0.05,122
30.3738,138.5037,433.883,4.8,84,47.0,2.952,0.64,us,8.62,5.588,0.026,441
13.5274,120.7937,196.71,4.4,47,113.0,13.894,0.67,us,11.59,5.297,0.092,41
6.4655,62.1701,10.0,4.4,26,112.0,35.679,0.79,us,14.15,1.918,0.12,22
77.9919,13.7415,10.0,4.6,50,153.0,0.577,0.42,us,7.3,1.903,0.089,38
-48.9783,124.8926,10.0,4.4,19,118.0,16.708,1.4,us,10.47,1.932,0.13,17
-33.6203,-71.1431,70.839,4.0,26,64.0,0.202,0.37,us,2.31,4.152,0.182,8
52.8289,160.7038,32.261,4.3,66,119.0,1.259,0.48,us,10.2,6.072,0.072,54
32.0291,131.9436,39.392,4.1,19,126.0,1.372,0.72,us,8.65,10.704,0.174,9
18.1329,145.2906,450.422,4.0,51,117.0,2.915,0.61,us,13.53,9.959,0.081,41
51.5151,157.7795,90.253,4.5,58,131.0,1.596,0.64,us,6.67,7.822,0.057,91
51.3993,158.7285,18.834,5.0,93,91.0,1.627,0.74,us,8.29,3.891,0.025,527
51.8133,161.2857,10.0,4.3,33,214.0,2.018,0.72,us,5.18,1.988,0.116,21
-13.0398,166.7778,125.525,4.3,26,93.0,2.428,0.89,us,8.34,7.153,0.13,17
-24.1077,-67.082,217.96,4.4,25,92.0,1.529,0.71,us,3.81,8.488,0.189,8
-17.9161,-178.2736,609.741,4.3,63,100.0,2.668,0.93,us,15.2,10.902,0.072,55
53.2156,159.8991,56.127,4.4,32,137.0,0.777,0.84,us,12.02,8.456,0.123,19
52.8052,160.0663,35.0,4.2,27,119.0,0.885,1.39,us,6.68,1.908,0.11,23
49.0853,155.4038,79.228,4.7,125,134.0,4.28,0.73,us,10.0,6.926,0.033,286
14.8887,54.9835,10.0,4.8,53,98.0,10.07,0.81,us,7.33,1.896,0.085,43
-6.5808,129.754,143.866,4.4,12,113.0,2.05,0.49,us,12.56,9.408,0.179,9
34.6529,25.7842,10.0,4.2,44,186.0,1.439,0.62,us,6.13,1.881,0.101,27
50.3645,158.5326,10.0,4.4,15,138.0,2.664,0.91,us,11.16,1.729,0.203,7
3.0699,-75.1055,10.0,4.4,43,73.0,1.929,0.7,us,8.56,1.931,0.101,28
51.0671,160.6301,10.0,4.5,117,132.0,2.309,0.61,us,8.6,1.881,0.044,155
52.4958,158.946,86.428,4.3,36,149.0,0.558,0.52,us,10.89,6.937,0.099,29
-19.4012,-176.545,310.539,4.4,69,123.0,4.855,0.37,us,12.74,3.821,0.081,44
49.8334,155.8118,64.365,4.7,77,132.0,3.485,0.59,us,3.9,6.798,0.035,251
11.2576,-86.8498,35.0,4.4,80,188.0,1.064,0.66,us,7.72,1.98,0.065,67
22.7731,143.4107,91.2,4.1,17,163.0,4.445,1.1,us,15.73,7.465,0.166,10
24.2501,125.2549,28.258,4.4,43,80.0,0.939,0.79,us,7.4,6.033,0.112,23
52.2019,-169.411,35.0,3.5,41,180.0,0.616,0.68,us,4.77,1.954,0.101,24
-20.9565,-70.5112,29.639,4.3,27,143.0,0.361,1.02,us,5.96,5.757,0.122,19
52.3527,160.7563,10.0,5.2,110,105.0,1.447,1.06,us,7.41,1.82,0.029,384
50.0292,157.9027,10.0,4.2,41,133.0,3.034,0.49,us,10.02,1.907,0.095,31
50.2966,158.3914,10.0,4.1,29,132.0,2.735,0.9,us,6.18,1.905,0.109,23
39.4846,143.2361,40.066,4.9,61,126.0,2.114,0.91,us,8.71,7.045,0.047,141
-10.1947,161.1338,51.588,4.4,26,170.0,1.39,1.09,us,5.12,6.995,0.13,17
51.9493,159.4549,40.062,4.5,58,121.0,1.183,0.69,us,9.16,7.466,0.048,128
-22.5402,-67.6083,183.726,4.2,22,104.0,0.667,0.69,us,10.09,7.152,0.16,11
-24.2893,-67.1581,174.986,4.5,28,72.0,1.627,0.98,us,9.29,9.924,0.181,13
52.1464,161.3074,10.0,4.1,36,179.0,1.844,1.1,us,10.68,1.963,0.078,46
29.051,51.4812,10.0,4.2,81,74.0,5.871,0.49,us,9.01,1.851,0.069,63
-6.8976,127.3696,378.31,4.2,19,97.0,4.181,0.86,us,12.1,10.93,0.215,7
-7.7533,126.8827,125.745,4.4,26,73.0,6.562,0.66,us,11.57,8.799,0.134,16
-10.2863,161.0221,70.115,4.3,20,133.0,1.353,0.5,us,10.45,4.188,0.137,15
-6.3263,151.9229,10.0,4.3,17,176.0,2.135,0.83,us,13.49,1.97,0.148,13
-0.1295,99.9834,10.0,4.6,25,167.0,2.797,0.94,us,10.07,1.928,0.137,19
2.1264,96.5556,23.377,4.3,26,151.0,2.432,0.88,us,9.47,4.783,0.117,21
49.7119,157.2208,35.0,4.1,37,134.0,3.414,0.68,us,10.39,1.944,0.103,26
51.8057,158.3647,66.277,4.2,40,124.0,1.232,0.78,us,8.48,7.596,0.108,25
-55.9542,-27.8536,111.301,4.2,11,108.0,5.231,0.23,us,14.14,8.135,0.166,10
-10.7646,161.6979,35.0,4.5,24,159.0,2.17,0.53,us,9.33,1.91,0.124,19
-7.914,108.1714,80.713,4.6,43,82.0,0.684,0.67,us,6.72,5.156,0.094,34
52.5176,160.7506,27.845,4.1,27,150.0,1.373,1.11,us,9.97,6.294,0.109,23
36.7754,72.9519,10.0,4.9,68,79.0,1.579,0.98,us,7.46,1.853,0.063,79
52.4,160.6678,10.0,4.0,16,185.0,1.377,0.83,us,9.48,1.841,0.172,12
3.1772,-31.4065,10.0,4.8,57,90.0,24.848,0.89,us,7.59,1.86,0.058,92
52.7715,161.0444,10.0,4.8,55,120.0,1.472,1.38,us,9.54,1.885,0.052,115
51.6408,159.672,42.718,4.7,45,137.0,1.52,0.51,us,12.0,7.306,0.085,42
-7.3399,156.1613,75.991,4.6,32,98.0,4.287,0.63,us,10.51,8.101,0.103,28
52.7596,160.6849,10.0,4.1,38,148.0,1.261,0.77,us,9.36,1.938,0.109,24
-1.8147,137.3545,27.436,4.5,25,69.0,0.838,0.49,us,5.26,5.36,0.11,24
7.7416,59.7774,10.0,4.5,53,171.0,17.445,0.74,us,8.81,1.894,0.079,47
36.2044,-33.775,10.0,4.5,23,128.0,6.785,1.35,us,13.35,1.935,0.121,20
35.6962,136.3314,10.0,4.1,27,61.0,0.666,0.76,us,4.1,1.912,0.152,12
24.0622,121.8513,13.298,4.6,50,51.0,0.259,0.4,us,2.88,3.477,0.096,32
-4.9555,144.7364,92.655,4.5,24,103.0,3.906,0.95,us,6.96,9.485,0.118,21
-22.9075,-68.7146,98.798,4.2,20,65.0,0.496,0.78,us,4.69,6.047,0.176,9
-49.2564,125.0308,10.0,4.4,16,89.0,17.32,0.6,us,11.88,1.939,0.149,13
52.3278,161.2628,10.0,4.2,24,220.0,1.737,0.88,us,14.88,1.99,0.159,11
-9.3174,124.0143,92.228,4.0,9,135.0,0.501,0.76,us,14.99,6.038,0.211,6
-16.9629,168.5344,10.0,4.6,13,147.0,1.977,0.55,us,9.32,1.958,0.173,10
-32.6071,-177.5916,10.0,5.2,89,50.0,5.978,0.65,us,10.72,1.781,0.071,65
39.1701,28.1493,10.0,4.2,21,71.0,0.973,0.72,us,5.91,1.959,0.303,3
52.5535,160.9023,10.0,4.5,46,143.0,1.447,0.86,us,12.12,1.919,0.055,97
39.5714,143.2128,10.0,4.4,24,152.0,2.047,0.57,us,6.19,1.92,0.143,14
-60.9261,-62.1434,10.0,4.2,9,147.0,3.96,0.42,us,12.8,1.962,0.187,8
48.7535,156.3324,10.504,4.5,53,137.0,4.445,0.81,us,9.18,5.169,0.074,54
51.2802,159.4809,10.0,4.4,28,221.0,1.819,1.02,us,8.16,1.965,0.12,20
26.5855,129.5422,10.0,4.1,18,91.0,1.163,0.68,us,4.44,1.784,0.158,11
52.1495,160.2971,49.391,4.3,21,154.0,1.333,0.77,us,10.94,8.566,0.129,17
50.1493,156.6863,65.711,4.3,22,179.0,3.03,0.42,us,12.95,10.502,0.133,16
51.6197,160.3343,10.0,4.8,64,128.0,1.745,1.29,us,8.87,1.898,0.067,73
-4.2991,133.2509,10.0,4.3,19,102.0,1.697,0.65,us,4.57,1.878,0.123,19
29.6473,142.1455,22.472,4.9,208,65.0,2.542,0.41,us,7.04,4.435,0.039,219
-15.3445,167.4272,108.995,4.4,17,262.0,0.239,0.57,us,15.87,5.722,0.162,11
51.6047,159.3253,34.963,4.7,71,135.0,1.48,0.49,us,11.18,5.982,0.053,106
51.0869,159.0487,10.0,4.2,29,219.0,1.955,0.72,us,12.97,1.974,0.118,20
7.3264,127.3499,15.686,4.5,39,127.0,1.775,1.13,us,8.24,4.561,0.093,34
52.5479,-169.6073,35.0,3.6,43,185.0,0.249,1.32,us,4.23,1.977,0.104,23
52.5398,160.7671,10.0,4.5,61,162.0,1.374,0.64,us,10.29,1.937,0.067,66
3.9525,126.4004,44.415,4.1,19,122.0,1.202,0.98,us,10.65,8.96,0.139,14
-7.2885,129.1976,134.863,4.3,23,50.0,5.298,1.37,us,7.29,11.19,0.177,9
-17.9796,-178.1142,625.955,4.3,39,122.0,2.83,0.74,us,15.82,9.578,0.093,33
16.8116,-93.8351,152.347,4.0,42,128.0,0.585,0.68,us,6.66,5.14,0.122,18
5.1276,126.8545,97.64,4.4,39,66.0,1.425,0.81,us,7.0,5.366,0.108,25
52.0628,160.4337,35.0,4.3,29,167.0,1.97,1.12,us,5.79,1.971,0.094,32
54.6579,-160.4966,10.081,4.0,40,188.0,0.554,0.75,us,3.51,6.079,0.231,5
-23.5484,179.9739,525.631,4.2,56,113.0,6.048,0.66,us,10.76,10.384,0.074,51
27.6084,128.7244,39.438,4.5,62,87.0,0.868,0.98,us,5.66,8.319,0.085,41
50.2005,157.3356,43.805,4.6,55,120.0,2.921,0.91,us,10.13,6.943,0.045,150
9.3701,93.9935,10.0,4.3,15,190.0,5.593,0.28,us,6.73,1.966,0.217,7
-22.2016,-68.8202,120.811,4.5,46,45.0,0.562,1.04,us,3.56,4.877,0.096,32
-38.4234,176.2689,128.473,4.4,14,72.0,0.59,0.31,us,3.98,5.74,0.24,5
49.9338,157.562,10.0,4.8,76,116.0,3.168,1.17,us,8.21,1.861,0.026,469
51.5819,159.4999,35.0,4.5,28,126.0,1.535,0.91,us,9.64,1.936,0.104,27
52.0221,160.4813,35.0,4.2,24,135.0,1.503,0.6,us,11.62,1.943,0.141,14
53.0067,160.8847,35.0,5.5,111,105.0,1.35,0.86,us,7.5,1.861,0.02,843
48.8358,154.8213,63.197,4.1,20,137.0,4.648,0.64,us,11.78,6.832,0.14,14
-11.3415,118.5182,10.0,4.4,17,123.0,2.413,1.1,us,7.0,1.91,0.154,13
40.8805,143.1576,42.571,4.4,35,142.0,1.133,0.49,us,6.96,7.792,0.11,24
-35.1571,179.6518,92.006,4.4,16,260.0,2.634,0.94,us,11.9,11.299,0.189,8
49.9123,89.823,10.0,4.1,41,86.0,4.098,0.91,us,5.9,1.842,0.114,21
51.9196,-169.8577,16.806,4.1,83,171.0,0.872,0.83,us,5.02,4.162,0.05,109
40.7657,141.9948,57.69,4.1,16,153.0,0.707,0.39,us,6.74,7.023,0.175,9
-20.5067,-177.5749,528.326,4.2,31,101.0,4.963,0.57,us,15.94,12.534,0.11,23
1.7437,126.5864,49.919,4.1,21,118.0,1.241,0.44,us,5.87,5.126,0.144,13
40.9474,35.1315,10.0,4.5,70,34.0,1.076,0.83,us,4.9,1.867,0.088,38
12.3193,142.4637,87.415,4.5,19,111.0,2.662,0.8,us,13.12,10.178,0.204,7
-4.5098,-12.5439,10.0,4.5,39,79.0,3.85,0.55,us,11.68,1.886,0.099,30
54.5053,-159.8304,35.228,4.2,44,187.0,0.355,0.61,us,6.24,10.294,0.372,2
37.9653,144.0844,10.0,4.6,48,138.0,3.664,0.59,us,9.05,1.908,0.107,26
-5.3111,152.3367,43.703,4.5,54,93.0,1.045,0.92,us,7.17,7.5,0.084,45
51.2177,160.7231,10.0,4.1,25,161.0,2.214,0.71,us,8.38,1.94,0.135,16
-22.8289,-112.3636,10.0,4.5,93,68.0,5.085,0.59,us,10.51,1.857,0.06,88
51.971,160.9009,10.0,4.2,13,244.0,2.263,0.77,us,7.97,2.009,0.152,12
51.545,159.557,35.0,5.1,177,124.0,1.582,0.53,us,9.25,1.903,0.028,405
0.5194,125.3184,55.33,4.4,28,60.0,1.035,1.04,us,5.79,8.335,0.143,14
1.7192,126.4493,48.937,4.8,55,90.0,3.146,0.62,us,7.78,7.773,0.054,108
-5.5489,102.247,10.0,4.9,40,93.0,1.376,0.64,us,7.04,1.909,0.096,35
-18.2894,-175.1822,263.819,4.2,26,109.0,5.042,1.05,us,10.97,12.318,0.118,21
4.6501,92.2411,10.0,4.5,34,154.0,4.724,0.96,us,10.76,1.922,0.11,24
51.4918,159.5325,35.0,4.7,29,128.0,1.627,1.29,us,8.63,1.934,0.123,20
2.4741,-31.1717,10.0,4.5,15,91.0,20.501,1.15,us,12.65,1.871,0.163,11
7.0448,126.811,89.635,4.8,68,109.0,1.223,0.62,us,9.13,6.936,0.073,57
52.1106,160.5416,10.0,5.0,103,118.0,1.473,0.82,us,8.19,1.881,0.055,105
9.6602,122.2503,10.0,4.6,35,132.0,5.803,0.88,us,9.99,1.696,0.11,25
-57.2058,-68.3105,10.0,4.3,12,151.0,3.581,1.26,us,10.59,1.965,0.217,6
18.7597,145.6392,149.037,4.2,14,127.0,3.502,0.77,us,17.21,9.995,0.152,12
49.0365,157.5405,10.0,4.1,17,168.0,4.053,0.42,us,12.04,1.943,0.145,14
2.7147,-31.2289,10.0,4.5,27,80.0,9.683,0.85,us,11.08,1.86,0.118,21
-19.3783,-69.1574,10.0,4.7,58,111.0,0.759,0.51,us,4.67,1.887,0.079,48
50.1947,159.0612,10.0,5.1,116,79.0,2.844,0.7,us,7.53,1.799,0.025,533
52.867,160.9443,10.0,4.4,21,147.0,1.977,0.89,us,9.75,1.948,0.162,11
2.5853,-79.7833,10.0,4.3,41,161.0,1.589,0.64,us,7.59,1.736,0.104,26
-18.3413,167.5858,10.0,4.4,14,189.0,2.901,1.09,us,9.18,1.99,0.17,11
-2.1266,120.6903,10.0,4.2,15,139.0,0.574,1.08,us,5.72,1.934,0.215,6
0.7343,118.5703,13.398,4.5,49,69.0,1.033,0.5,us,4.91,4.689,0.092,35
-21.8724,179.7395,599.507,4.5,52,58.0,4.402,0.75,us,13.81,10.234,0.082,44
-21.55,-67.0122,229.476,4.3,23,47.0,1.765,0.81,us,8.37,7.179,0.116,21
4.5463,125.8157,165.912,4.3,22,128.0,0.383,0.83,us,7.83,6.115,0.154,12
-23.7534,178.8641,550.94,4.5,55,68.0,6.026,0.58,us,13.3,6.923,0.047,136
12.2738,144.4749,10.0,4.7,45,106.0,1.363,0.75,us,6.4,1.808,0.092,36
50.103,157.6078,35.115,4.4,40,125.0,2.996,0.93,us,12.13,6.231,0.095,32
50.1062,159.6717,10.0,4.6,76,128.0,2.99,0.6,us,9.33,1.898,0.043,161
-2.9272,129.4293,10.0,4.2,18,73.0,2.747,0.49,us,7.11,1.916,0.141,14
-15.1824,-177.3107,371.641,4.3,45,74.0,3.444,0.6,us,12.51,7.054,0.099,29
52.6886,160.3365,53.81,4.4,32,142.0,1.076,1.2,us,12.48,7.868,0.126,18
52.6927,160.608,30.025,4.5,32,143.0,1.233,1.03,us,5.69,5.63,0.121,20
-19.2913,168.7825,14.851,4.5,26,143.0,3.533,0.69,us,11.4,5.399,0.121,20
39.5126,143.5392,10.0,4.1,19,203.0,2.285,0.38,us,7.73,1.846,0.185,8
51.3124,160.6289,10.0,4.7,80,122.0,2.103,0.59,us,10.23,1.905,0.047,137
27.2004,103.5081,10.0,4.9,125,51.0,2.054,0.62,us,7.16,1.87,0.051,120
50.8384,158.7659,10.0,4.5,63,127.0,2.367,0.82,us,8.79,1.902,0.068,68
-17.7013,-178.4067,544.845,4.4,36,124.0,2.45,0.82,us,15.23,9.27,0.1,29
52.4684,160.47,10.0,5.0,115,91.0,1.238,1.38,us,8.12,1.795,0.031,335
53.4351,161.5246,10.0,4.1,31,137.0,1.777,0.74,us,11.09,1.911,0.107,24
-9.7217,152.6903,10.0,4.5,37,122.0,5.464,0.85,us,10.84,1.906,0.102,28
36.4351,70.9622,121.312,4.3,26,88.0,2.233,1.32,us,7.55,8.818,0.161,11
49.0298,158.1144,10.0,4.3,31,124.0,4.013,0.64,us,11.19,1.91,0.119,20
50.9466,158.3248,42.979,4.4,38,129.0,2.09,1.02,us,11.02,8.132,0.107,25
49.8847,159.2155,10.0,4.3,20,269.0,3.163,0.94,us,12.38,2.006,0.147,13
54.9804,164.8223,10.0,4.1,35,164.0,4.136,0.72,us,14.59,1.952,0.103,26
-57.7279,157.6139,10.0,4.9,31,106.0,3.322,0.83,us,10.21,1.832,0.108,27
9.3798,93.9613,10.0,4.6,21,81.0,5.626,0.74,us,12.16,1.9,0.151,13
53.0886,160.9767,35.0,4.4,56,117.0,1.406,0.61,us,9.31,1.895,0.073,55
51.7974,160.0327,10.0,4.5,40,165.0,1.94,0.53,us,9.12,1.928,0.093,34
-20.4745,-175.3687,173.019,4.9,26,104.0,5.309,1.35,us,14.9,13.978,0.109,26
42.7277,144.578,61.904,4.3,19,172.0,1.271,0.57,us,9.46,9.806,0.178,10
37.404,19.7513,10.0,4.3,29,143.0,1.748,1.1,us,6.18,1.942,0.188,8
-26.2598,-175.913,10.0,4.9,22,138.0,9.034,0.4,us,13.26,1.904,0.122,21
-8.8197,124.2686,105.059,4.3,32,91.0,0.93,0.72,us,8.16,6.851,0.116,23
51.5085,159.3931,35.0,4.6,43,132.0,1.585,0.87,us,11.01,1.934,0.091,36
51.9017,-172.7372,65.37,3.8,30,190.0,0.919,0.57,us,7.1,13.718,0.123,17
5.7018,61.5557,10.0,4.4,27,107.0,23.515,0.75,us,14.86,1.93,0.13,19
41.9173,81.9796,10.0,4.5,59,100.0,2.318,0.55,us,7.32,1.901,0.088,38
-17.5888,166.9272,10.0,4.5,33,142.0,2.146,0.52,us,8.7,1.838,0.115,23
51.5876,160.0455,10.0,4.4,21,216.0,1.674,0.58,us,9.92,1.974,0.123,19
36.9316,72.806,10.0,4.5,41,106.0,1.402,0.68,us,8.35,1.904,0.07,60
42.7784,146.1329,30.408,4.8,46,187.0,2.332,0.62,us,10.84,6.915,0.098,32
51.0974,-179.4144,37.326,3.8,57,218.0,0.592,0.63,us,4.73,4.068,0.154,11
29.1634,129.4221,10.0,4.3,24,109.0,2.502,0.45,us,7.73,1.906,0.178,9
-60.3604,-61.9665,10.0,4.9,28,116.0,4.534,0.73,us,11.65,1.098,0.177,12
-8.0333,115.4914,224.615,4.4,34,73.0,1.395,0.67,us,8.8,6.856,0.105,26
7.8436,94.6781,10.0,4.3,13,204.0,4.931,0.46,us,14.53,1.989,0.201,7
18.0282,119.8266,10.0,4.9,120,105.0,4.908,0.77,us,9.98,1.87,0.056,102
50.9066,158.972,10.0,4.3,18,130.0,2.129,0.36,us,10.75,1.939,0.16,11
-29.6361,-71.5313,46.215,4.1,28,189.0,0.38,1.25,us,5.21,10.408,0.233,5
-2.6843,121.9242,10.0,4.4,23,92.0,0.876,0.58,us,4.65,1.91,0.169,11
-5.6147,152.3676,10.0,4.7,27,168.0,1.343,0.7,us,10.44,1.957,0.076,52
13.9924,-89.8803,10.0,4.0,23,147.0,0.132,0.77,us,2.93,1.934,0.15,12
28.0704,139.5489,486.588,4.1,105,55.0,2.533,0.74,us,7.76,7.754,0.058,80
49.8776,155.9521,81.935,4.1,42,167.0,3.414,0.68,us,11.67,9.243,0.094,33
52.1821,160.8102,10.0,4.2,12,155.0,1.564,1.25,us,6.9,1.878,0.215,6
-30.1108,-177.9014,32.307,4.7,16,252.0,8.072,1.21,us,15.65,6.962,0.133,18
-59.1008,-25.6874,116.763,4.6,30,104.0,7.654,0.49,us,15.24,4.9,0.122,20
-5.3806,129.721,193.762,4.3,22,95.0,3.512,0.69,us,10.76,3.757,0.125,18
-6.3743,104.5726,61.31,4.5,48,51.0,1.602,0.63,us,8.21,7.172,0.099,33
52.877,160.2527,35.0,4.1,9,219.0,0.981,1.02,us,15.98,2.015,0.234,6
52.546,160.9573,10.0,4.4,37,134.0,1.481,0.97,us,8.61,1.814,0.108,25
52.7677,160.8657,36.205,4.2,46,134.0,1.367,0.94,us,12.14,7.923,0.093,32
1.1085,125.58,79.47,4.3,32,83.0,0.811,0.9,us,5.62,7.97,0.129,17
-7.5021,127.7856,165.364,4.6,67,33.0,3.633,0.45,us,7.1,7.133,0.067,66
-10.375,161.5426,67.9,4.2,13,113.0,1.826,0.48,us,11.7,7.319,0.16,11
-17.5688,-174.21,137.839,4.4,27,76.0,4.325,1.28,us,8.98,9.589,0.115,26
-22.8279,-179.1866,523.472,4.5,57,110.0,5.682,0.91,us,13.68,8.086,0.081,45
-24.2993,-175.7043,31.869,5.1,71,113.0,5.312,0.64,us,11.14,5.434,0.071,64
-57.7617,157.687,10.0,5.1,35,98.0,3.346,0.77,us,12.31,1.894,0.092,39
51.9532,159.9244,44.555,4.5,26,135.0,1.325,0.89,us,8.52,6.4,0.14,15
-47.9879,116.6016,10.0,4.6,16,96.0,15.051,0.95,us,10.84,1.955,0.146,14
-47.808,116.0727,10.0,4.4,22,141.0,14.89,0.63,us,9.06,1.89,0.12,20
50.7266,158.0204,25.865,4.6,70,130.0,2.333,1.04,us,7.01,3.665,0.053,108
51.8121,158.8733,63.989,4.6,43,130.0,1.221,0.81,us,9.73,7.587,0.08,46
-18.278,-173.8274,169.964,4.5,22,97.0,3.781,0.46,us,10.33,7.704,0.139,15
4.5776,125.015,10.0,4.5,20,86.0,0.487,0.65,us,6.3,1.916,0.163,13
17.7113,-83.6415,10.0,4.6,36,161.0,5.04,0.82,us,9.92,1.944,0.068,70
-55.1495,-126.6904,10.0,5.1,119,63.0,30.658,0.55,us,11.04,1.775,0.052,120
50.8173,157.7211,39.461,5.4,36,184.0,2.295,0.62,us,12.25,8.08,0.121,23
-41.2714,-91.1289,10.0,4.5,47,140.0,15.067,0.53,us,13.83,1.901,0.082,44
51.4766,159.5266,41.306,4.2,18,128.0,1.64,1.0,us,11.56,8.502,0.159,11
-24.2547,-175.9875,10.0,5.4,95,74.0,7.635,0.87,us,11.82,1.798,0.056,109
-17.6271,-65.8958,10.0,4.5,28,43.0,1.971,1.2,us,3.59,1.888,0.106,28
-5.835,147.0606,136.791,4.2,20,128.0,3.548,0.72,us,13.42,6.723,0.141,16
-20.594,-178.6689,614.565,4.6,56,79.0,4.199,0.84,us,12.78,2.508,0.033,270
45.0276,149.2607,88.021,4.5,51,143.0,4.85,0.43,us,11.59,8.151,0.081,45
-31.2474,-178.8334,77.894,4.5,20,158.0,2.144,0.77,us,14.04,10.309,0.135,17
-22.9595,-68.1893,153.375,4.3,16,78.0,0.012,0.73,us,9.84,7.52,0.201,7
34.6057,70.763,10.0,5.2,168,39.0,1.347,0.88,us,7.59,1.763,0.032,315
42.8343,144.5628,63.3,4.1,58,133.0,1.324,0.99,us,7.29,7.046,0.087,36
52.9794,161.2571,10.0,4.2,45,119.0,1.576,0.93,us,9.58,1.891,0.086,38
-41.214,-91.1994,10.0,4.4,14,192.0,12.391,0.34,us,16.77,1.974,0.162,11
34.2726,70.6976,10.0,4.4,34,225.0,1.315,0.68,us,8.54,1.966,0.117,21
51.0614,159.0547,10.0,5.8,66,68.0,1.981,0.83,us,8.01,1.817,0.101,36
52.4404,160.8249,10.0,4.3,32,122.0,2.013,0.48,us,10.54,1.906,0.109,24
-21.0645,-177.9776,445.052,4.8,76,125.0,4.994,0.74,us,13.13,7.0,0.052,116
39.4338,143.4883,10.0,4.4,38,139.0,2.299,0.81,us,5.47,1.899,0.115,22
-14.943,66.9766,10.0,4.4,25,109.0,5.896,0.94,us,13.35,1.765,0.134,16
-41.2422,-85.6212,10.0,4.5,22,132.0,9.307,0.64,us,7.44,1.863,0.144,14
51.7751,160.3369,10.0,4.0,16,155.0,1.622,0.98,us,11.98,1.957,0.15,12
9.8027,-70.6325,13.602,4.4,12,140.0,0.913,0.6,us,6.72,4.948,0.269,4
49.9094,157.3663,26.722,4.6,110,91.0,3.21,0.74,us,8.89,5.33,0.052,110
52.1572,160.3757,27.57,4.3,26,178.0,1.364,1.22,us,12.05,7.742,0.111,13
-54.5726,-118.9566,10.0,4.7,36,119.0,30.283,0.81,us,14.26,1.888,0.095,34
-4.7775,104.2855,175.47,4.4,42,55.0,0.276,0.98,us,8.18,3.178,0.107,25
5.2501,125.1041,10.0,4.9,63,60.0,0.635,0.98,us,5.33,1.846,0.048,137
51.0253,159.5001,10.0,4.3,14,229.0,2.069,0.42,us,9.82,1.975,0.188,10
53.6341,159.6268,10.0,4.2,17,131.0,0.847,0.81,us,9.32,1.953,0.167,13
-10.2699,161.4662,87.959,4.2,31,109.0,1.709,0.74,us,10.5,7.893,0.121,20
51.1442,159.5663,10.0,4.6,76,123.0,1.965,0.96,us,8.74,1.897,0.068,65
52.5372,158.9161,72.361,5.2,105,109.0,0.513,0.81,us,8.37,5.849,0.02,811
49.876,155.7349,86.888,4.5,68,135.0,3.462,0.64,us,11.03,7.511,0.042,167
27.1297,140.146,501.928,4.1,68,87.0,1.817,0.98,us,12.32,9.288,0.059,79
52.1648,160.6812,21.154,4.7,49,122.0,1.508,1.34,us,9.65,5.576,0.067,68
35.4405,22.9721,59.444,4.0,35,184.0,1.93,1.17,us,4.4,8.752,0.102,26
-31.4635,-178.2317,41.033,4.6,17,173.0,2.227,0.83,us,13.91,13.42,0.152,15
52.9,158.9675,99.322,4.2,18,141.0,0.795,0.74,us,12.45,7.608,0.167,10
52.8862,160.8619,10.0,4.9,35,134.0,1.345,0.46,us,12.01,1.914,0.116,23
-17.6708,-178.9722,546.798,4.4,122,127.0,1.98,0.63,us,13.34,4.568,0.043,158
-6.7517,146.8788,97.822,4.7,48,79.0,2.65,0.53,us,9.01,6.449,0.092,36
-21.4276,-68.6174,126.387,4.2,22,73.0,0.687,0.81,us,5.27,6.198,0.14,14
36.8737,75.5702,10.0,4.4,26,122.0,2.84,1.28,us,6.95,1.75,0.143,14
-17.7769,-69.3728,147.365,4.2,25,87.0,0.212,0.89,us,6.6,4.523,0.127,17
-46.2484,-75.5636,10.0,4.5,29,141.0,1.809,0.89,us,6.87,1.913,0.118,21
1.7856,127.0794,74.992,4.6,62,82.0,2.264,0.49,us,7.84,7.45,0.078,49
28.3448,104.6089,10.0,4.4,48,76.0,4.68,0.81,us,9.88,1.902,0.093,33
-0.319,125.3309,43.833,4.8,42,66.0,1.819,1.06,us,7.39,7.843,0.088,48
52.006,160.318,10.0,4.1,31,125.0,1.441,0.95,us,9.96,1.911,0.1,30
53.4806,-164.8047,35.0,3.4,39,165.0,1.075,0.6,us,7.68,2.002,0.147,11
-6.8151,155.553,126.41,4.2,15,95.0,4.263,0.36,us,10.21,7.105,0.159,11
35.5645,24.8108,71.12,4.7,100,76.0,1.916,0.64,us,6.42,5.723,0.056,96
-6.1939,131.5375,27.083,4.6,32,94.0,2.324,0.65,us,7.47,6.41,0.129,21
51.7645,160.1686,10.0,4.1,11,230.0,1.567,0.79,us,12.69,1.977,0.234,5
43.1152,149.0145,10.0,4.2,16,156.0,4.464,0.54,us,13.4,1.878,0.167,10
-16.1435,167.6355,91.846,4.4,22,147.0,5.415,0.6,us,14.95,3.892,0.155,14
-0.589,-78.3584,10.0,4.6,49,98.0,0.196,1.02,us,6.98,1.878,0.047,137
-47.8636,116.0066,10.0,4.5,23,93.0,14.948,0.67,us,14.62,1.904,0.135,16
58.9973,-30.7819,10.0,4.5,76,52.0,7.291,0.46,us,9.14,1.89,0.069,61
18.8732,145.3521,372.736,3.9,28,146.0,17.61,0.58,us,14.7,8.4,0.115,20
39.6264,141.9049,65.91,4.2,46,135.0,1.328,0.72,us,6.33,8.008,0.098,29
41.2934,140.6781,138.052,4.1,34,81.0,0.582,0.63,us,8.92,6.202,0.114,21
29.8146,98.7907,10.0,4.1,30,138.0,6.663,1.28,us,10.46,1.971,0.117,21
27.3659,52.528,10.0,4.2,40,115.0,4.089,0.59,us,9.47,1.949,0.106,25
52.1584,160.4659,10.0,4.5,33,120.0,1.406,1.32,us,5.42,1.904,0.102,28
51.23,159.9576,10.0,4.5,12,138.0,2.339,0.85,us,14.6,1.9,0.157,12
13.2103,145.3437,74.39,4.2,18,159.0,0.597,0.6,us,8.81,7.284,0.153,12
54.6161,-159.8739,47.136,4.4,56,160.0,0.271,0.58,us,5.87,7.237,0.086,39
48.6044,157.4485,10.0,4.1,25,136.0,4.49,0.75,us,5.42,1.9,0.185,11
52.6613,161.6762,10.0,4.3,20,147.0,1.871,0.95,us,10.94,1.953,0.169,10
-6.4851,153.2283,10.0,4.5,36,149.0,2.473,0.71,us,12.77,1.916,0.101,29
52.5331,160.7241,20.89,5.2,94,129.0,1.352,1.02,us,9.57,5.468,0.034,286
52.6834,160.9778,10.0,4.7,51,125.0,1.452,0.77,us,11.13,1.852,0.048,130
-24.2743,-67.2303,168.914,4.2,23,65.0,1.578,0.99,us,11.71,10.609,0.167,10
-24.3058,-67.1976,166.252,4.5,26,72.0,1.62,1.36,us,9.27,9.105,0.121,20
37.4873,142.0501,45.246,4.4,34,149.0,3.216,1.1,us,4.76,9.275,0.117,21
53.1046,160.1326,58.789,4.6,44,178.0,0.898,0.56,us,13.15,9.187,0.09,37
-26.1558,-179.9183,484.859,4.1,31,110.0,3.565,0.76,us,15.65,5.72,0.12,19
53.12,161.0523,37.891,4.2,49,138.0,1.453,0.85,us,6.14,7.57,0.092,35
-6.2975,130.4813,125.809,4.6,44,69.0,3.79,0.67,us,10.11,8.041,0.09,37
6.9583,-73.1465,149.925,4.1,31,156.0,2.403,0.86,us,9.76,11.607,0.114,21
54.5475,-160.2015,23.175,4.3,74,170.0,0.455,0.97,us,5.4,7.547,0.217,7
51.0788,159.7821,10.0,4.1,16,253.0,2.069,0.42,us,13.45,1.998,0.165,10
51.8876,161.0691,10.0,4.8,105,126.0,1.867,0.76,us,9.38,1.892,0.038,219
51.2127,158.899,32.829,4.3,26,124.0,1.82,0.96,us,10.66,6.506,0.116,24
18.6719,145.3867,208.086,3.9,20,125.0,3.434,0.45,us,9.97,10.21,0.149,12
52.0965,160.9089,10.0,4.4,22,156.0,1.662,0.63,us,8.85,1.812,0.143,14
-7.1081,129.8647,150.626,4.6,45,93.0,2.569,0.72,us,9.31,8.425,0.093,34
85.2524,96.4465,10.0,4.3,40,75.0,11.217,0.5,us,10.68,1.927,0.097,30
51.2431,179.7669,54.379,3.7,45,221.0,0.322,0.48,us,5.85,9.369,0.103,24
54.6143,-159.0877,27.123,4.1,60,154.0,0.363,0.69,us,5.3,6.426,0.165,11
-10.6787,110.1796,10.0,4.2,27,102.0,3.615,0.72,us,8.41,1.907,0.132,18
-2.1181,139.0391,35.0,4.8,59,56.0,1.018,0.79,us,5.81,1.848,0.097,41
-17.8628,-175.8737,303.998,4.1,13,244.0,4.75,0.65,us,18.77,9.571,0.185,11
12.3665,145.3511,10.0,4.4,31,97.0,1.303,0.53,us,9.3,1.918,0.115,22
-5.8209,150.7281,54.508,4.1,18,138.0,2.16,0.77,us,11.08,6.824,0.146,15
50.227,-179.392,10.0,3.6,60,198.0,1.378,0.57,us,5.92,1.962,0.089,32
43.406,147.8202,52.276,4.2,28,206.0,3.707,0.77,us,12.88,11.178,0.124,18
51.5486,159.3566,34.161,4.6,66,126.0,1.54,1.02,us,8.91,5.796,0.054,102
0.4033,123.5481,243.0,4.4,53,92.0,1.632,0.87,us,7.93,7.036,0.086,40
-39.0242,175.7827,125.573,4.9,36,63.0,0.041,1.15,us,4.66,6.023,0.129,21
-15.3698,167.4686,121.884,4.9,50,84.0,0.267,0.64,us,10.42,4.772,0.087,41
49.9193,158.0693,10.0,4.1,33,138.0,3.13,0.68,us,11.76,1.905,0.117,20
-22.7543,-175.0961,10.0,4.6,28,133.0,6.96,0.78,us,14.06,1.893,0.081,45
8.0913,58.7698,10.0,4.5,81,104.0,15.493,0.75,us,11.78,1.886,0.067,69
20.7067,95.9036,10.0,4.3,26,158.0,3.492,0.53,us,9.84,1.907,0.148,14
52.5285,160.6027,10.0,4.5,34,175.0,1.286,1.22,us,10.93,1.952,0.102,28
50.7054,156.5478,12.234,4.7,102,128.0,2.51,0.58,us,10.39,4.71,0.055,102
49.9923,158.7005,10.0,4.5,25,119.0,3.036,0.41,us,10.47,1.898,0.15,15
41.1518,142.5761,42.478,4.4,30,142.0,0.966,0.58,us,4.22,8.328,0.127,18
51.6343,160.144,10.0,4.3,31,154.0,1.666,0.81,us,9.17,1.93,0.104,26
52.5535,160.5109,31.366,4.5,66,149.0,1.224,0.97,us,10.89,6.661,0.074,54
-28.9838,-112.3195,10.0,4.6,23,153.0,3.222,0.61,us,7.96,1.923,0.129,18
-17.5528,-174.3787,86.762,4.7,51,61.0,4.402,1.22,us,10.46,6.885,0.061,83
-60.6025,-25.8034,10.0,4.3,17,111.0,8.554,1.18,us,15.66,1.97,0.138,15
51.4159,159.8462,10.0,4.3,27,124.0,1.77,0.98,us,8.91,1.896,0.122,19
50.3159,158.8756,10.0,4.9,195,117.0,2.715,0.61,us,8.62,1.866,0.034,278
16.5841,-59.6942,10.0,4.6,60,146.0,1.334,0.65,us,6.69,1.926,0.061,81
-57.5918,157.0671,10.0,4.6,21,154.0,3.274,0.45,us,14.04,1.959,0.122,22
-63.6798,173.3616,10.0,4.6,23,117.0,11.786,0.41,us,13.07,1.91,0.129,18
-48.991,125.3587,10.0,4.1,11,135.0,17.161,0.5,us,14.86,1.942,0.175,9
-5.4317,145.9904,64.308,4.6,53,84.0,3.635,0.54,us,8.05,7.585,0.081,46
34.4314,70.9445,10.0,4.1,17,241.0,1.498,0.27,us,5.78,1.991,0.158,12
51.0012,159.3973,10.0,4.7,43,130.0,2.077,0.84,us,10.11,1.918,0.093,35
53.1257,160.914,45.809,4.1,27,147.0,1.37,1.22,us,10.62,7.332,0.139,16
-6.1832,151.4614,10.0,4.6,34,149.0,2.099,0.72,us,11.08,1.916,0.068,66
-7.0257,147.3571,49.747,4.2,17,120.0,2.372,1.14,us,11.33,8.872,0.124,18
9.3711,127.1373,10.0,4.2,17,105.0,2.758,0.57,us,10.42,1.913,0.152,12
52.8288,160.6844,37.768,4.4,19,149.0,1.247,1.14,us,11.3,10.301,0.169,10
50.8858,157.0731,79.74,5.2,102,77.0,2.259,0.65,us,7.97,5.352,0.022,699
-21.3487,-68.6539,128.742,4.3,24,50.0,0.706,0.68,us,7.2,6.27,0.143,14
54.8415,160.1378,10.0,4.1,28,135.0,2.023,0.42,us,6.55,1.927,0.085,38
-47.9602,116.4118,10.0,4.5,21,124.0,15.029,0.29,us,15.23,1.928,0.124,19
-13.6474,167.108,211.272,4.3,30,90.0,7.375,0.82,us,12.3,6.482,0.113,24
-21.6699,-179.4793,611.548,4.0,16,141.0,4.544,0.6,us,20.55,15.948,0.173,11
52.371,160.8023,10.0,4.1,13,208.0,1.464,1.11,us,5.79,2.008,0.214,6
51.5403,159.858,20.855,4.3,33,127.0,1.661,1.22,us,8.09,5.879,0.107,25
-23.9394,-179.8439,532.881,4.2,25,125.0,6.469,0.73,us,21.06,24.442,0.115,21
35.8102,32.1868,78.055,4.3,65,119.0,1.262,0.84,us,6.93,9.646,0.099,29
49.0998,156.215,44.781,4.5,57,136.0,4.121,0.66,us,12.07,7.55,0.083,42
-20.4518,-175.6997,238.9,4.4,53,124.0,5.606,0.71,us,13.65,8.363,0.089,36
33.9261,87.7533,10.0,5.1,74,81.0,5.096,0.78,us,7.91,1.803,0.051,125
56.1704,163.5397,10.0,4.4,64,127.0,4.574,0.86,us,10.83,1.887,0.068,63
38.0915,20.341,42.571,4.1,36,119.0,1.553,0.99,us,6.39,10.659,0.14,14
-47.851,116.3228,10.0,4.4,18,142.0,14.923,0.51,us,9.1,1.865,0.139,15
54.8264,159.9452,10.0,4.3,19,169.0,1.962,0.7,us,14.56,1.934,0.133,16
31.767,50.9071,10.0,4.4,53,123.0,5.495,0.56,us,11.84,1.923,0.077,49
-23.4158,170.6464,10.0,4.4,20,245.0,3.054,0.73,us,12.06,1.998,0.156,13
52.3318,160.5016,35.0,4.6,36,122.0,1.874,1.01,us,10.91,1.939,0.093,34
-16.3051,-73.8752,24.142,4.5,48,105.0,3.95,0.63,us,8.74,5.554,0.088,41
51.6098,159.5587,23.56,5.0,39,122.0,1.522,0.66,us,10.06,6.075,0.077,54
52.1658,160.4818,10.0,5.0,62,118.0,1.409,1.38,us,9.05,1.88,0.052,119
-9.0298,125.0407,33.611,4.4,25,72.0,1.05,0.88,us,6.92,7.545,0.179,9
-6.2897,151.9767,10.0,4.7,67,68.0,1.971,0.72,us,8.11,1.874,0.074,55
-8.9619,-108.8322,10.0,4.9,60,132.0,19.691,0.9,us,8.72,1.897,0.06,87
49.6092,156.5584,35.0,4.7,61,133.0,3.576,0.64,us,9.98,1.932,0.078,50
2.3697,126.6955,59.068,4.6,43,95.0,2.643,0.53,us,9.03,7.799,0.084,43
36.6789,71.3884,155.622,4.3,44,165.0,1.85,0.53,us,8.83,9.805,0.09,35
52.2507,160.6214,10.0,5.1,106,132.0,1.976,0.69,us,8.61,1.877,0.037,239
51.1013,158.6547,36.964,4.4,49,128.0,1.925,0.71,us,10.42,7.616,0.082,43
51.9587,161.1084,10.0,4.2,29,180.0,1.843,0.67,us,11.56,1.959,0.112,24
53.5404,-163.4145,35.0,4.3,78,167.0,1.123,0.84,us,2.79,1.919,0.088,37
54.4509,-159.787,21.528,4.4,124,155.0,0.398,0.7,us,5.46,7.026,0.162,11
11.657,141.975,69.685,5.1,149,46.0,3.415,0.41,us,7.69,4.685,0.05,130
51.0604,159.7403,10.0,4.3,36,156.0,2.078,0.78,us,9.32,1.937,0.107,25
53.1752,171.4114,44.019,4.2,92,143.0,1.686,0.59,us,10.52,10.404,0.061,75
50.4094,156.5118,77.711,4.5,48,130.0,2.802,0.68,us,11.0,5.422,0.061,80
-6.2751,151.9757,10.0,4.4,36,151.0,1.956,1.0,us,9.99,1.898,0.112,23
-24.0991,179.8054,517.381,4.2,24,100.0,6.531,0.43,us,15.19,15.596,0.128,23
3.3331,-31.2824,10.0,4.3,16,158.0,10.202,1.09,us,15.41,1.89,0.148,16
-17.4292,-70.3691,119.172,4.2,22,126.0,0.863,0.91,us,6.91,7.185,0.136,15
13.6213,57.3897,10.0,4.4,25,88.0,11.32,0.72,us,12.82,1.918,0.13,17
54.5036,161.1448,49.785,4.5,132,137.0,2.096,0.77,us,10.2,7.455,0.048,128
51.6277,159.1623,47.227,4.6,91,135.0,1.733,0.44,us,10.48,7.215,0.061,79
-3.6845,68.1975,10.0,4.7,33,98.0,5.625,0.42,us,11.84,1.895,0.117,24
4.6048,125.008,10.0,4.9,69,45.0,0.486,0.63,us,3.43,1.85,0.07,65
52.1637,161.4144,10.0,4.0,41,180.0,1.893,0.46,us,9.91,1.804,0.093,31
48.5608,157.3583,10.0,4.5,44,136.0,4.543,0.63,us,12.44,1.913,0.074,53
49.3583,155.39,75.832,4.5,65,136.0,4.025,0.69,us,7.82,7.594,0.051,111
52.2469,160.4026,33.178,4.1,24,152.0,1.321,0.81,us,6.97,6.658,0.139,14
-40.3837,-91.5178,10.0,4.7,31,153.0,14.509,0.81,us,14.3,1.911,0.088,39
50.6926,157.4307,52.793,4.9,172,117.0,2.423,0.53,us,8.56,3.79,0.044,164
9.3263,93.9061,10.0,4.9,47,149.0,5.066,0.37,us,11.52,1.912,0.092,37
52.598,161.0609,10.0,4.7,18,181.0,1.524,0.98,us,14.21,2.0,0.174,11
13.7233,40.5146,10.0,4.4,27,111.0,3.847,1.0,us,7.47,1.933,0.096,31
6.7376,-73.0446,166.852,4.3,37,93.0,2.269,0.64,us,7.97,10.378,0.051,108
39.6435,143.5176,10.0,4.6,63,127.0,2.2,0.62,us,7.91,1.893,0.089,37
65.8441,-37.7453,10.0,4.7,59,47.0,5.297,0.57,us,7.6,1.869,0.042,177
32.3193,142.311,10.0,4.4,27,94.0,2.25,0.3,us,9.02,1.904,0.149,13
-18.0405,-178.2504,518.316,4.2,79,137.0,2.754,0.5,us,14.27,7.27,0.073,55
-7.9098,107.6951,67.784,4.6,41,114.0,0.447,0.82,us,9.38,5.871,0.078,49
19.0152,-102.1122,107.464,4.8,42,172.0,1.045,0.48,us,8.91,6.408,0.04,196
26.7568,129.6439,10.0,4.4,14,99.0,1.228,0.57,us,7.26,1.885,0.179,9
51.8396,158.7165,60.623,4.2,49,134.0,1.186,0.72,us,9.17,7.477,0.061,76
51.8231,160.2184,10.0,5.0,36,126.0,1.539,0.53,us,6.69,1.831,0.13,19
54.6117,160.4383,9.949,4.4,37,131.0,1.912,0.65,us,8.53,4.672,0.062,76
28.1494,142.832,10.0,4.5,53,134.0,1.197,0.53,us,8.56,1.896,0.085,43
15.6541,-94.0004,70.035,4.3,56,133.0,1.66,0.68,us,6.8,11.851,0.056,90
51.3415,159.0757,10.0,4.3,28,219.0,1.705,0.55,us,5.75,1.97,0.122,19
-17.9768,-69.8892,115.162,4.4,50,109.0,0.548,0.72,us,6.92,5.416,0.084,42
-31.2347,-73.0604,10.0,4.3,23,146.0,1.765,0.37,us,6.58,1.463,0.237,5
-31.2609,-71.4682,22.366,4.3,25,161.0,0.405,0.78,us,3.85,8.5,0.306,3
50.3119,158.4337,10.0,4.7,57,139.0,2.719,0.64,us,12.35,1.924,0.08,48
-22.001,-175.6772,73.286,4.9,38,123.0,7.215,0.96,us,15.14,6.469,0.109,29
-33.4808,-70.0832,113.693,4.1,23,128.0,0.086,0.3,us,5.9,5.084,0.3,3
-17.9339,-178.1592,583.455,4.1,17,136.0,2.77,0.61,us,23.98,21.853,0.157,13
-8.639,-76.1226,10.0,4.7,58,128.0,3.402,0.7,us,10.23,1.88,0.068,65
36.6715,71.2243,119.632,4.4,41,167.0,1.921,0.75,us,7.14,9.879,0.102,28
48.8687,155.8315,40.029,4.3,33,135.0,4.406,0.32,us,12.12,8.231,0.099,29
51.2039,-173.9997,10.0,3.7,53,190.0,1.007,1.02,us,5.09,1.91,0.091,31
-5.3606,152.0168,40.862,4.7,49,154.0,6.272,0.76,us,14.49,7.708,0.065,72
52.8415,161.0175,10.0,5.6,57,148.0,1.445,0.96,us,9.89,1.915,0.079,56
-45.5349,-76.795,10.0,4.4,24,149.0,2.347,0.71,us,10.85,1.924,0.115,22
2.4992,66.7693,10.0,4.5,19,121.0,6.534,1.03,us,13.51,1.939,0.164,11
52.9381,159.7145,58.265,4.3,29,118.0,0.649,0.43,us,6.89,6.912,0.126,18
51.3262,159.049,10.0,4.4,51,88.0,1.717,0.83,us,9.0,1.88,0.067,63
51.295,160.0075,10.0,4.3,24,176.0,2.306,0.5,us,9.84,1.958,0.119,20
-17.8095,168.1927,25.311,4.4,18,125.0,2.533,0.76,us,8.78,5.898,0.149,13
52.1052,160.3138,10.0,4.7,73,124.0,1.37,0.97,us,9.18,1.887,0.064,74
25.545,122.1869,281.609,4.3,50,67.0,0.845,0.96,us,9.93,6.668,0.09,36
50.0824,158.8327,10.0,4.3,51,135.0,2.947,0.93,us,9.97,1.904,0.09,35
52.2594,158.0752,10.0,5.3,66,119.0,0.842,1.04,us,8.04,1.881,0.076,59
-59.1835,-25.4503,35.0,4.5,31,129.0,15.502,0.68,us,17.92,1.939,0.104,27
52.1711,161.6764,10.0,4.1,17,138.0,2.034,0.71,us,10.16,1.85,0.213,6
12.8612,-90.9307,10.0,4.4,40,244.0,1.525,1.08,us,9.42,1.997,0.078,47
42.8047,146.6813,29.954,4.6,20,225.0,2.726,0.43,us,11.89,6.514,0.244,8
51.4311,159.3289,35.0,4.4,22,128.0,1.649,0.58,us,10.39,1.944,0.134,16
22.4404,94.5319,105.63,4.5,84,52.0,1.28,0.43,us,8.13,6.785,0.066,67
27.4525,53.4395,10.0,4.1,21,75.0,3.522,0.55,us,6.14,1.919,0.151,12
50.3384,177.1824,10.0,3.7,37,254.0,1.699,0.49,us,4.37,2.016,0.19,7
51.6501,159.9621,37.046,4.4,37,138.0,1.594,1.07,us,11.09,7.9,0.1,29
9.3113,93.9417,10.0,4.3,25,190.0,5.637,0.46,us,14.74,1.958,0.125,18
52.9949,160.5429,35.0,4.1,72,164.0,1.144,0.55,us,12.58,1.96,0.074,50
38.7987,142.1097,52.533,4.5,60,133.0,2.145,0.46,us,9.23,6.565,0.064,71
7.2347,126.8781,75.993,4.4,26,113.0,1.299,0.62,us,8.69,4.502,0.112,23
53.0063,159.6868,60.755,4.8,100,109.0,0.627,1.07,us,8.01,6.305,0.026,455
-1.6625,-81.0281,10.0,4.7,53,155.0,1.56,0.67,us,8.89,1.908,0.089,38
50.7026,149.9577,520.027,4.1,60,89.0,5.363,0.42,us,9.76,6.841,0.056,88
1.354,126.2001,59.119,4.9,106,79.0,1.302,0.53,us,5.43,6.773,0.049,135
-16.5507,-14.2669,10.0,4.5,35,66.0,8.205,0.89,us,8.38,1.856,0.095,33
23.9741,90.5388,10.0,4.1,19,188.0,4.894,0.87,us,8.64,1.956,0.173,9
-5.7047,130.9092,81.802,4.2,16,120.0,3.073,0.54,us,10.62,7.329,0.216,6
-16.1467,-72.0309,116.035,4.4,28,126.0,2.738,1.01,us,7.96,9.54,0.139,15
-7.6953,128.3631,85.361,4.3,19,75.0,4.537,0.88,us,6.23,10.422,0.154,12
54.5807,-160.0813,35.0,4.0,36,163.0,0.38,0.96,us,4.88,1.889,0.195,8
12.8502,125.6189,10.0,4.4,38,94.0,5.744,0.62,us,10.57,1.894,0.1,29
49.2785,155.3187,67.254,4.5,41,137.0,4.116,0.46,us,4.23,7.897,0.081,44
52.3792,160.4315,10.0,4.7,70,162.0,1.262,0.73,us,11.16,1.92,0.058,92
51.5974,159.499,35.0,4.8,32,137.0,1.52,0.76,us,11.09,1.908,0.103,29
51.5253,160.2937,10.0,4.4,20,220.0,2.247,0.72,us,7.56,1.899,0.123,19
-57.2527,-67.3642,10.0,5.0,34,159.0,2.331,0.67,us,8.64,1.919,0.082,47
25.5285,62.8305,20.059,4.5,35,121.0,6.028,1.16,us,13.87,6.636,0.061,79
51.7872,159.3719,35.0,4.2,34,125.0,1.315,0.54,us,8.89,1.944,0.108,24
51.3009,158.1844,57.224,4.0,14,231.0,1.749,0.83,us,13.81,10.051,0.164,10
12.6711,120.8885,10.0,4.3,29,124.0,15.703,0.56,us,14.67,1.939,0.119,20
34.624,70.7561,10.0,4.7,75,87.0,1.342,0.53,us,8.45,2.536,0.064,75
-29.4769,-176.6905,10.0,4.8,26,143.0,1.106,1.19,us,7.58,1.935,0.111,29
52.3669,160.3972,28.123,4.6,55,122.0,1.25,1.22,us,8.34,5.632,0.076,53
51.2104,159.6003,10.0,4.6,32,155.0,1.908,0.99,us,7.65,1.938,0.114,26
35.2157,-34.7911,10.0,4.6,27,67.0,7.884,0.88,us,12.46,1.901,0.128,19
54.4191,-160.1152,35.0,3.7,31,198.0,0.514,0.78,us,4.69,1.985,0.178,8
53.1798,161.3413,10.0,4.1,30,117.0,1.63,0.4,us,9.38,1.873,0.124,18
51.4133,159.6257,10.0,4.3,20,137.0,2.07,1.23,us,12.54,1.923,0.133,16
51.5504,159.5788,27.718,5.3,109,113.0,1.94,0.83,us,7.87,3.528,0.031,348
50.2169,156.6535,56.351,4.0,22,137.0,2.968,1.05,us,4.6,8.589,0.139,14
24.998,122.8429,10.0,4.2,19,145.0,0.55,0.64,us,4.46,1.931,0.2,7
-25.3145,179.5981,522.062,4.2,29,92.0,4.491,0.72,us,12.4,6.844,0.136,15
49.0849,158.0317,10.0,4.5,43,138.0,3.963,1.12,us,11.81,1.883,0.089,37
28.2414,65.5886,10.0,4.2,34,177.0,9.017,0.64,us,7.54,1.955,0.105,25
50.6833,158.1511,27.675,4.7,134,88.0,2.364,0.79,us,8.39,5.359,0.05,121
52.7629,160.91,32.003,4.0,26,143.0,1.394,0.44,us,9.09,4.261,0.129,16
52.1396,160.3689,26.619,5.0,45,177.0,1.372,0.88,us,11.44,7.295,0.055,106
51.3729,160.9167,10.0,4.2,43,129.0,2.163,0.63,us,8.73,1.906,0.089,35
-40.9652,174.5345,55.434,4.4,41,55.0,0.366,0.79,us,3.45,8.298,0.241,5
51.4217,16.2483,5.0,4.5,67,47.0,1.074,0.93,us,4.12,1.88,0.091,38
8.8689,127.1454,10.0,4.7,43,115.0,2.367,0.67,us,11.57,1.889,0.089,38
52.3722,160.6769,26.021,4.9,66,122.0,1.395,1.0,us,8.58,5.452,0.044,165
7.4455,127.2613,10.0,4.3,31,108.0,1.71,1.09,us,8.47,1.908,0.109,24
29.2716,129.1199,10.0,4.9,44,127.0,2.51,1.08,us,9.35,1.85,0.041,187
52.5395,160.7864,10.0,5.3,207,88.0,1.385,0.61,us,7.35,1.799,0.036,258
40.944,143.0009,38.881,4.7,43,134.0,1.076,0.91,us,4.67,7.592,0.106,27
52.4392,160.915,28.76,4.4,45,112.0,1.496,0.59,us,9.28,5.817,0.101,28
41.1224,143.0732,33.402,4.2,31,154.0,0.894,0.95,us,6.75,7.086,0.128,17
23.7593,122.4732,10.0,4.4,25,97.0,0.859,0.68,us,3.14,1.818,0.178,9
51.8525,158.5231,88.695,4.5,57,133.0,1.175,0.46,us,11.25,7.364,0.074,53
-22.893,-66.3295,226.514,4.7,54,72.0,1.706,0.96,us,8.35,7.063,0.033,276
51.4089,-177.2178,38.479,3.8,82,185.0,0.353,0.56,us,4.06,2.715,0.064,63
53.0989,160.7333,29.64,4.7,71,58.0,1.26,0.97,us,8.4,5.103,0.049,128
42.9837,146.2363,35.0,4.0,18,156.0,2.474,0.73,us,14.32,1.966,0.157,13
-7.3325,128.8388,135.148,4.3,11,114.0,5.122,0.57,us,11.34,13.874,0.265,4
51.6403,159.2254,35.0,5.2,39,120.0,1.43,0.33,us,9.44,1.922,0.144,16
52.3476,160.5712,27.555,4.8,82,134.0,1.351,1.02,us,10.37,5.7,0.038,214
-3.1356,130.671,10.0,4.4,27,61.0,1.59,1.02,us,6.12,1.864,0.127,19
1.0681,100.1885,199.351,4.3,51,66.0,2.051,0.73,us,10.28,7.244,0.086,38
51.7149,159.8915,10.0,4.3,18,137.0,1.516,0.89,us,6.41,1.82,0.16,13
-19.7726,-177.4102,360.864,4.4,51,122.0,4.485,1.01,us,9.49,6.105,0.093,33
-5.2545,152.2946,51.498,5.1,66,124.0,0.979,0.47,us,8.48,6.902,0.056,104
49.7936,155.8633,69.691,4.6,55,135.0,3.512,0.33,us,12.34,7.44,0.05,122
-21.1239,-68.6028,130.609,4.1,16,101.0,0.83,0.61,us,5.72,6.844,0.261,4
54.4719,-159.8452,36.302,3.9,36,208.0,0.39,0.75,us,5.36,5.008,0.148,12
-24.1137,-66.7998,198.342,4.3,40,62.0,1.714,0.76,us,8.23,6.922,0.148,13
53.1318,159.683,51.463,4.4,43,124.0,0.633,0.83,us,10.74,7.354,0.096,31
-54.6475,158.6203,10.0,4.6,22,128.0,0.239,0.85,us,6.41,1.947,0.141,15
-6.6149,129.9367,145.501,4.5,59,59.0,2.079,0.63,us,8.69,7.264,0.073,55
-21.2202,168.6323,10.0,4.6,21,181.0,1.77,0.71,us,7.33,1.858,0.207,10
-60.3942,-60.9559,10.0,4.9,23,120.0,4.623,0.88,us,10.04,1.892,0.119,22
54.5532,-160.1187,35.0,4.0,58,162.0,0.415,0.8,us,2.56,1.93,0.108,25
-41.0706,81.0764,10.0,4.7,20,131.0,28.387,0.91,us,12.25,1.894,0.147,17
-23.8735,-179.9338,530.336,4.2,30,69.0,6.382,1.04,us,9.73,10.37,0.115,21
-3.9733,140.7437,63.278,4.1,11,132.0,1.45,0.75,us,4.69,15.771,0.174,9
-8.1311,106.9454,48.815,4.2,13,104.0,0.964,0.7,us,7.01,7.131,0.152,12
48.255,154.3649,72.511,4.1,28,154.0,5.3,0.44,us,13.56,10.554,0.131,16
-7.4704,128.2213,144.482,4.5,27,62.0,4.521,0.83,us,9.57,7.854,0.113,23
-20.2152,-69.1538,96.072,4.1,20,80.0,0.074,0.78,us,4.87,3.376,0.175,9
18.3051,146.3914,83.562,4.2,19,148.0,3.101,0.49,us,10.85,9.575,0.146,13
11.139,124.3068,10.0,4.4,17,152.0,4.234,0.49,us,13.66,1.954,0.17,10
-20.9605,169.0179,10.0,4.5,18,181.0,2.199,0.85,us,9.59,1.94,0.205,11
19.2965,145.452,172.446,4.3,52,144.0,4.046,0.52,us,14.8,10.424,0.08,44
-24.7514,-176.3688,35.0,4.7,22,131.0,4.687,0.7,us,8.01,1.931,0.108,26
51.4088,158.3431,18.877,4.3,26,126.0,1.628,0.86,us,10.35,5.734,0.129,17
-7.0417,150.3444,10.0,4.3,22,147.0,3.361,0.4,us,12.91,1.922,0.137,15
51.2149,157.4583,18.481,4.5,23,121.0,1.902,0.84,us,8.17,6.283,0.125,26
-3.2855,141.142,24.139,4.5,15,209.0,0.882,0.72,us,7.48,7.315,0.156,12
51.8209,161.125,10.0,4.4,29,136.0,1.936,0.74,us,10.66,1.922,0.134,16
39.5908,142.0396,49.54,4.4,26,147.0,1.411,0.81,us,8.4,8.133,0.143,14
-6.1582,147.7152,81.658,4.6,26,110.0,3.272,0.49,us,9.79,10.271,0.113,23
-29.9981,-178.5042,142.344,4.7,18,91.0,0.902,0.93,us,12.39,8.774,0.138,17
52.3892,160.8127,10.0,4.2,21,160.0,1.461,0.8,us,11.14,1.97,0.153,12
-31.2441,-69.0682,115.025,4.1,33,122.0,0.454,0.78,us,4.19,5.251,0.214,6
2.6308,127.2557,84.922,4.3,40,97.0,1.85,0.74,us,9.96,8.768,0.094,32
2.5657,95.7595,24.561,4.4,26,198.0,2.206,0.43,us,7.53,6.191,0.13,17
5.3113,94.4019,42.621,4.9,62,97.0,2.536,0.8,us,8.84,7.467,0.071,62
9.3592,93.5887,10.0,4.4,32,162.0,5.285,0.67,us,11.88,1.936,0.117,21
-56.6444,-24.0158,10.0,4.8,30,104.0,7.474,0.81,us,10.8,1.902,0.103,29
52.5004,159.003,45.918,4.9,26,181.0,0.566,0.58,us,10.32,8.379,0.323,3
-24.5799,-175.2369,10.0,4.5,17,210.0,9.241,0.84,us,12.62,1.948,0.144,14
52.622,160.711,39.84,4.1,25,120.0,1.314,0.72,us,11.35,8.053,0.114,21
34.5564,70.7886,10.0,4.7,44,100.0,1.366,0.85,us,9.49,1.892,0.093,35
53.0776,161.041,10.0,4.5,45,165.0,1.444,0.76,us,9.9,1.921,0.077,50
52.4316,160.2105,34.265,4.5,35,121.0,1.119,1.32,us,4.61,6.117,0.096,32
-46.9887,166.036,15.241,4.5,22,98.0,0.935,1.14,us,6.66,6.319,0.156,13
29.5916,129.679,8.368,4.9,106,70.0,2.025,0.53,us,7.46,4.688,0.052,116
23.8325,121.8625,17.152,4.5,48,66.0,0.419,0.94,us,2.85,0.883,0.075,52
53.1411,160.224,62.626,4.6,83,117.0,1.522,0.61,us,10.07,7.441,0.06,84
52.568,160.714,10.0,4.5,38,121.0,1.334,0.74,us,10.12,1.909,0.091,35
35.7896,21.752,32.234,4.6,74,61.0,1.393,0.94,us,7.57,5.658,0.067,67
-57.8241,157.5828,10.0,5.0,51,44.0,3.419,0.72,us,7.62,1.776,0.105,29
60.4388,-139.8522,10.0,4.2,32,136.0,0.398,0.76,us,2.51,1.56,0.2,7
13.7632,-92.0983,35.0,4.4,45,161.0,2.504,0.46,us,9.32,1.97,0.059,83
51.6594,159.5166,47.461,4.2,25,138.0,1.466,0.82,us,11.11,8.033,0.124,18
51.3626,160.3989,10.0,4.0,28,168.0,1.981,0.77,us,10.83,1.915,0.123,18
54.5417,114.3827,10.0,4.3,18,155.0,5.235,1.05,us,10.32,1.976,0.11,23
51.6633,160.7923,10.0,4.5,34,135.0,1.893,0.77,us,10.9,1.916,0.113,23
3.5734,127.9185,143.192,4.7,100,53.0,2.692,0.67,us,7.74,7.213,0.051,116
-5.2422,151.7219,78.563,5.0,56,86.0,1.133,0.56,us,8.81,5.591,0.07,64
54.1252,-159.5944,10.0,3.3,88,195.0,0.707,0.56,us,5.69,1.968,0.217,5
48.9582,156.4981,10.0,4.4,29,139.0,4.224,1.1,us,9.29,1.524,0.114,22
-60.5345,-26.9609,10.0,4.6,36,84.0,14.683,0.77,us,11.49,1.898,0.091,36
-3.9676,143.0805,86.307,4.0,19,122.0,2.778,0.82,us,10.65,6.979,0.144,16
6.626,127.0071,10.0,4.4,21,71.0,1.485,0.93,us,4.25,1.928,0.139,18
16.1907,121.985,73.046,4.4,37,113.0,7.187,0.83,us,14.25,8.579,0.112,23
50.8644,156.5251,138.441,4.0,20,165.0,2.361,1.08,us,8.45,9.919,0.156,11
34.8716,23.3565,44.531,4.9,75,83.0,2.578,0.79,us,7.8,7.226,0.04,200
12.7385,-88.6758,42.113,4.1,35,171.0,0.803,0.8,us,4.99,10.498,0.105,25
-24.668,179.9121,513.356,4.3,92,47.0,4.949,0.77,us,11.2,7.232,0.058,92
49.8985,157.532,35.0,5.3,136,122.0,3.206,0.79,us,8.71,1.897,0.026,489
39.6007,143.2615,31.63,4.5,38,141.0,2.059,0.39,us,5.68,6.532,0.11,24
14.0785,-91.3783,86.886,4.6,78,94.0,0.509,0.79,us,7.63,6.925,0.044,151
48.5106,155.3889,10.0,4.9,79,106.0,4.83,0.85,us,10.45,1.836,0.051,124
-23.7095,179.3357,532.483,4.7,84,67.0,6.033,0.85,us,12.9,7.787,0.058,93
-1.1583,129.6805,10.0,4.6,30,55.0,1.605,0.86,us,6.88,1.894,0.117,22
-17.5516,-178.8583,525.942,4.4,37,117.0,2.003,0.81,us,16.13,8.753,0.106,27
46.3138,152.7644,30.579,4.4,41,136.0,7.51,0.56,us,11.09,6.226,0.112,23
-24.2635,-67.0219,186.192,4.5,37,70.0,1.682,0.54,us,8.72,8.333,0.094,33
-7.4607,127.884,175.024,4.5,19,92.0,4.241,0.81,us,11.95,9.104,0.139,15
33.0968,-39.6624,10.0,4.4,19,98.0,40.949,1.36,us,14.55,1.903,0.162,12
52.895,160.2544,35.0,4.2,25,211.0,0.979,0.58,us,13.43,2.006,0.136,15
-24.2092,-67.2988,204.747,4.0,19,70.0,1.489,0.48,us,9.37,11.425,0.298,3
-47.2853,97.2931,10.0,4.6,11,157.0,20.853,0.44,us,11.66,1.954,0.182,9
22.9851,63.5117,10.0,4.1,21,146.0,6.962,0.51,us,14.55,1.955,0.135,15
12.0854,143.2893,38.326,4.4,37,66.0,2.146,1.21,us,8.56,8.014,0.106,29
-22.1525,-67.3866,182.56,4.4,85,69.0,1.081,0.71,us,6.78,6.78,0.056,92
50.4101,157.5478,69.115,4.7,28,173.0,2.704,1.15,us,12.76,9.329,0.12,21
-15.6033,-179.7463,10.0,4.4,15,109.0,1.215,0.38,us,9.53,1.911,0.19,8
51.8027,160.2414,10.0,4.5,45,155.0,1.564,0.95,us,9.96,1.94,0.071,59
53.413,159.4168,77.024,4.2,10,137.0,1.076,0.44,us,13.82,8.163,0.199,7
52.3404,160.6815,10.0,4.3,30,149.0,1.413,0.71,us,9.39,1.949,0.122,19
-24.733,-175.8026,35.0,4.7,26,214.0,4.878,0.53,us,10.49,1.979,0.126,21
44.0449,147.0617,128.652,4.4,64,177.0,3.221,0.65,us,11.78,9.994,0.073,54
51.7195,159.3697,35.0,4.6,84,126.0,1.378,0.47,us,9.72,1.93,0.043,164
3.0511,-31.3163,10.0,4.9,36,83.0,9.937,0.69,us,11.48,1.891,0.096,34
-57.2322,-25.4016,35.0,4.3,17,194.0,17.256,0.54,us,8.33,1.956,0.168,10
52.147,160.3335,29.386,4.5,37,123.0,1.351,0.88,us,11.03,6.362,0.098,31
52.1943,159.7124,38.581,4.9,83,131.0,1.053,0.75,us,9.05,7.057,0.065,73
52.6333,160.856,10.0,4.3,30,165.0,1.394,0.84,us,8.41,1.975,0.116,21
-30.2358,-178.0292,90.423,4.8,29,135.0,7.916,0.76,us,8.14,8.477,0.109,26
-32.8357,-178.1414,10.0,4.4,13,176.0,3.567,1.11,us,14.67,1.951,0.161,11
-38.3677,178.6045,10.0,4.9,24,196.0,0.838,0.74,us,6.57,1.943,0.169,13
52.7006,159.9161,45.796,4.4,32,216.0,0.834,0.83,us,12.93,9.856,0.117,22
-25.9649,179.6835,508.72,4.9,65,85.0,8.319,0.68,us,12.66,7.55,0.075,56
-20.1095,-178.7629,618.958,4.1,18,122.0,3.823,0.49,us,18.61,9.315,0.158,11
-29.2033,-69.7012,133.436,4.1,34,67.0,0.844,0.88,us,7.01,7.344,0.213,6
-59.9236,-25.253,10.0,4.6,31,125.0,14.798,0.71,us,15.28,1.896,0.107,26
7.5868,-36.6151,10.0,4.4,12,117.0,13.344,0.54,us,15.3,1.951,0.179,9
14.6323,-93.4552,41.496,4.2,31,174.0,2.075,0.97,us,7.82,14.315,0.186,8
-55.5579,-123.8334,10.0,4.3,9,180.0,34.622,0.65,us,10.49,1.93,0.188,8
-6.3099,151.9589,10.0,4.4,21,130.0,1.991,0.75,us,10.25,1.813,0.138,15
36.4716,70.6872,196.009,4.0,17,95.0,2.327,0.58,us,6.95,7.082,0.173,9
24.0837,121.8314,14.989,4.5,31,45.0,0.234,0.41,us,2.88,3.812,0.124,19
39.9983,142.5154,39.281,4.4,20,144.0,1.361,0.51,us,5.21,10.631,0.203,7
0.597,119.0077,10.0,4.2,20,132.0,1.846,0.87,us,8.17,1.859,0.141,15
9.1991,126.085,102.632,4.4,38,131.0,2.174,0.88,us,11.08,8.655,0.105,26
-18.6617,65.2233,10.0,4.2,16,95.0,2.062,0.75,us,6.43,1.884,0.176,9
-2.8116,129.494,10.0,4.3,19,124.0,1.748,0.63,us,7.28,1.908,0.169,10
52.3719,159.9605,67.484,4.7,138,134.0,1.03,0.62,us,9.65,6.53,0.05,119
2.3547,127.2403,104.912,4.3,31,144.0,1.577,0.81,us,6.96,7.92,0.094,32
52.5217,160.6052,28.367,4.3,32,134.0,1.29,0.71,us,11.51,6.406,0.107,25
52.578,160.2078,35.0,4.5,23,149.0,1.046,0.69,us,7.91,1.878,0.157,12
-16.8234,-173.6765,41.284,4.5,26,122.0,3.426,0.68,us,12.14,5.052,0.131,17
-8.7137,123.8975,112.864,4.8,44,91.0,1.097,0.82,us,8.62,7.188,0.087,42
-20.0198,66.1558,10.0,4.3,13,95.0,2.635,0.49,us,9.16,1.88,0.2,8
52.6679,160.536,35.0,4.2,31,174.0,1.198,0.77,us,11.47,1.967,0.113,22
52.2135,161.644,10.0,4.8,81,126.0,1.997,0.61,us,10.2,1.852,0.042,175
-5.5876,147.4581,186.251,4.1,14,250.0,3.804,0.4,us,19.14,20.81,0.166,10
50.0383,157.0695,35.0,4.2,56,169.0,3.099,0.77,us,11.63,1.961,0.079,45
51.4159,161.019,10.0,4.3,48,135.0,2.172,0.31,us,11.21,1.904,0.09,35
-30.633,-178.8006,121.021,4.7,34,103.0,1.577,0.79,us,12.66,8.469,0.082,46
-6.1344,129.9037,155.384,4.6,75,28.0,3.958,0.88,us,8.17,7.083,0.056,95
-6.7457,129.7117,145.274,4.1,13,81.0,4.565,1.22,us,11.76,9.514,0.233,5
52.5473,160.8152,10.0,4.1,14,220.0,1.399,0.68,us,7.12,2.005,0.174,9
51.4368,160.8984,10.0,4.4,26,138.0,2.106,0.72,us,6.51,1.907,0.149,13
4.1814,62.7163,10.0,4.9,82,45.0,10.731,0.89,us,6.9,1.875,0.068,68
52.4876,160.7322,27.944,4.4,19,121.0,1.375,1.11,us,11.14,6.377,0.161,11
-11.0965,113.3877,10.0,4.3,28,101.0,2.716,0.85,us,7.53,1.942,0.169,10
-6.3254,-79.9277,67.657,5.0,75,130.0,3.892,0.79,us,10.97,5.918,0.029,387
-55.3038,-26.8856,10.0,5.0,40,106.0,5.649,0.51,us,12.93,1.867,0.1,32
51.3779,159.975,35.0,4.5,19,254.0,1.839,0.61,us,11.52,2.01,0.145,15
29.6173,129.5385,10.0,4.4,32,112.0,2.044,0.53,us,6.41,1.916,0.12,20
-52.1341,-61.695,10.0,4.7,37,60.0,2.296,0.71,us,6.86,1.895,0.085,42
51.0186,158.6078,35.0,4.3,25,237.0,2.008,1.08,us,13.75,1.992,0.129,17
36.7938,141.287,43.945,4.5,67,114.0,1.679,0.73,us,8.35,7.822,0.073,54
52.683,160.5281,32.689,4.0,17,115.0,1.189,0.69,us,10.83,5.958,0.156,11
16.8422,145.6771,187.601,4.2,29,113.0,1.596,0.81,us,14.87,9.021,0.115,21
48.8934,154.9143,77.835,4.2,27,135.0,4.571,0.68,us,12.44,8.72,0.131,16
24.2883,94.3996,35.0,4.2,25,149.0,3.105,0.68,us,14.81,1.975,0.121,20
-4.2865,102.4076,69.631,4.4,33,168.0,0.551,0.53,us,10.25,6.158,0.117,24
52.2812,159.8921,35.0,4.7,31,133.0,1.061,0.96,us,11.43,1.952,0.153,13
-53.5331,24.905,10.0,4.5,18,105.0,21.346,0.45,us,12.07,1.915,0.132,17
-58.8909,-25.9676,97.36,4.5,32,84.0,7.416,0.5,us,12.98,8.026,0.104,29
51.5092,159.126,35.0,6.0,83,53.0,1.545,0.83,us,7.47,1.863,0.078,62
54.2018,-163.1092,28.982,3.5,62,194.0,0.578,0.86,us,2.75,10.185,0.222,5
51.098,158.1973,45.839,4.4,36,125.0,1.948,0.58,us,8.74,8.031,0.11,24
14.8937,146.2361,82.858,4.5,103,102.0,0.547,0.87,us,8.44,6.076,0.057,90
-29.6391,-177.4915,35.0,4.1,11,260.0,9.693,0.54,us,12.02,1.989,0.213,6
-21.5935,170.3771,103.078,4.4,23,208.0,2.901,0.84,us,5.34,9.505,0.126,19
35.6952,140.036,76.733,4.6,50,132.0,1.703,0.58,us,9.09,7.446,0.088,38
51.3871,160.6396,10.0,4.6,76,125.0,2.046,0.9,us,8.0,1.892,0.044,153
51.7306,159.9049,10.0,4.3,15,160.0,1.506,0.55,us,13.09,1.947,0.154,12
65.8944,-37.5295,10.0,4.5,47,131.0,5.365,0.88,us,9.09,1.931,0.052,107
-32.3699,179.3824,399.005,4.1,22,100.0,5.255,0.73,us,15.46,8.941,0.175,9
-26.5494,-176.1108,10.0,4.3,15,141.0,9.37,0.72,us,14.55,1.927,0.161,12
13.2924,50.0635,10.0,4.2,13,142.0,7.264,0.66,us,9.72,1.945,0.199,7
1.5433,127.1003,117.586,4.5,80,72.0,0.811,0.66,us,6.35,6.185,0.071,59
-6.4048,128.4207,352.561,4.8,103,16.0,5.152,0.68,us,7.9,2.284,0.054,105
-56.9741,156.667,10.0,4.4,13,138.0,2.795,1.09,us,10.21,1.916,0.179,9
52.5706,160.5659,10.0,5.4,195,114.0,1.249,0.85,us,7.35,1.811,0.045,171
9.357,93.9629,10.0,5.0,156,19.0,2.58,0.56,us,6.47,1.739,0.05,137
53.0947,160.9131,28.999,4.2,40,134.0,1.368,0.61,us,13.34,6.624,0.099,28
14.3815,-90.5566,188.205,4.6,53,141.0,0.16,1.02,us,8.13,7.398,0.038,206
-57.85,157.672,34.726,4.6,32,100.0,3.434,0.4,us,13.45,2.423,0.112,24
50.0802,156.7628,41.912,4.1,25,131.0,3.088,0.67,us,9.86,5.733,0.15,12
52.2714,158.6845,64.8,4.3,19,164.0,0.753,1.03,us,11.02,8.879,0.168,10
14.0678,145.6921,60.376,4.0,11,114.0,0.931,1.28,us,6.85,6.718,0.258,4
39.4386,143.6861,10.0,4.3,36,127.0,2.421,0.74,us,4.21,1.917,0.119,20
51.2967,159.4748,40.389,5.0,76,117.0,1.802,0.79,us,9.83,6.819,0.049,134
49.6174,155.5281,50.359,4.6,95,170.0,3.751,1.21,us,10.88,8.32,0.051,117
51.5583,159.1846,38.813,5.1,33,135.0,1.504,0.9,us,9.4,6.064,0.124,21
-20.6685,-178.089,522.112,4.2,59,100.0,4.663,0.8,us,13.89,8.436,0.076,48
-30.7555,-178.8389,101.387,4.5,16,74.0,1.7,0.67,us,14.43,8.915,0.144,14
51.6973,159.5179,35.0,4.9,117,123.0,1.431,0.99,us,8.77,1.908,0.054,107
46.0522,150.9692,109.304,4.3,39,170.0,6.237,0.63,us,12.97,8.908,0.099,29
-10.5475,91.5157,10.0,4.6,21,129.0,5.465,0.78,us,12.55,1.927,0.172,10
40.9601,143.1043,35.0,4.0,16,175.0,1.055,0.74,us,6.25,1.974,0.196,7
28.0769,139.8114,424.572,4.0,103,57.0,2.322,0.75,us,10.82,7.366,0.058,88
53.4402,-166.8007,79.606,3.4,59,163.0,0.357,0.65,us,8.04,9.242,0.126,15
9.3132,93.8317,10.0,4.9,72,107.0,5.745,1.35,us,8.03,1.87,0.077,53
2.9919,95.9195,35.0,4.7,57,132.0,2.356,0.75,us,6.03,1.921,0.088,39
-3.4075,143.5057,10.0,4.2,18,78.0,2.936,0.94,us,6.44,1.783,0.175,12
52.2757,160.5521,10.0,4.3,38,155.0,1.38,1.11,us,9.63,1.939,0.099,29
44.5994,149.1718,80.443,5.2,111,120.0,4.742,0.78,us,8.94,6.612,0.019,879
51.3138,159.6768,35.0,5.4,26,217.0,1.825,0.69,us,8.68,1.98,0.12,24
52.9454,160.7222,38.568,4.6,34,117.0,1.255,1.29,us,10.99,7.638,0.116,22
-5.4812,152.5427,10.0,4.1,20,155.0,1.336,0.78,us,8.98,1.832,0.134,15
49.9828,158.2756,10.0,5.0,167,102.0,3.054,0.52,us,5.62,1.823,0.047,146
-26.9364,179.1625,540.765,4.3,33,129.0,10.619,0.37,us,15.96,11.09,0.102,27
51.2337,-177.6055,43.339,3.8,34,224.0,0.66,0.82,us,9.41,19.73,0.088,33
-54.0502,-58.1972,10.0,5.0,76,137.0,2.38,0.55,us,12.46,1.836,0.069,68
53.6015,-166.5782,75.847,3.7,33,148.0,0.231,0.51,us,9.42,10.892,0.168,9
50.8282,160.0911,10.0,4.3,31,132.0,2.373,0.51,us,9.8,1.926,0.106,25
42.6752,142.4844,127.539,4.3,37,100.0,0.827,0.59,us,7.38,8.157,0.107,25
53.4429,160.7084,47.29,4.3,24,161.0,1.307,1.03,us,14.06,8.53,0.129,17
39.3807,143.4427,10.0,4.7,49,101.0,2.304,1.16,us,8.04,1.884,0.069,63
51.0486,159.0881,35.0,4.1,14,138.0,2.234,0.57,us,11.42,1.964,0.185,8
19.3217,119.6961,10.0,4.5,61,122.0,3.711,0.53,us,11.03,1.904,0.077,49
8.9743,93.9458,10.0,4.3,23,94.0,5.603,0.56,us,8.27,5.26,0.138,15
53.1209,160.1547,54.757,4.6,55,133.0,0.913,0.92,us,11.24,7.632,0.066,69
2.6414,126.6645,35.0,4.4,45,75.0,1.985,0.91,us,4.42,1.91,0.102,28
48.9933,154.8595,61.429,4.4,31,137.0,4.492,0.78,us,12.58,7.97,0.114,22
51.3285,159.4095,10.0,4.5,33,230.0,1.761,0.81,us,10.03,1.962,0.097,31
30.7816,103.4528,10.0,4.5,65,137.0,5.165,0.79,us,10.4,1.896,0.065,70
51.8397,160.3231,36.34,4.7,39,154.0,1.567,1.02,us,9.61,7.834,0.065,71
42.2361,144.3767,45.594,4.2,75,134.0,0.934,0.53,us,8.48,7.749,0.069,58
11.1529,124.24,10.0,4.9,108,32.0,4.267,0.66,us,9.25,1.87,0.051,125
7.1788,127.0606,28.985,4.6,49,92.0,1.474,0.89,us,6.39,5.37,0.081,49
-19.3975,-175.6266,249.435,4.4,36,92.0,5.394,0.92,us,11.52,8.16,0.092,34
-18.159,168.024,35.0,4.7,28,99.0,2.809,0.95,us,5.87,1.766,0.126,19
25.2576,126.5237,35.0,4.2,25,102.0,2.224,1.27,us,7.71,1.959,0.146,13
36.4991,70.7453,232.514,4.2,65,80.0,2.279,1.32,us,7.86,7.316,0.079,47
51.0628,159.7329,10.0,4.5,28,130.0,2.074,0.68,us,9.56,1.793,0.131,17
52.9244,161.1829,10.0,4.3,20,188.0,1.535,1.13,us,11.05,1.991,0.133,16
50.2371,158.41,10.0,4.4,34,216.0,2.794,0.82,us,10.03,1.97,0.105,26
-23.4951,171.78,10.0,4.7,19,116.0,4.087,0.71,us,9.53,1.852,0.134,17
-56.407,-27.6957,10.0,4.4,16,112.0,5.449,0.91,us,14.01,1.915,0.162,11
51.5974,159.1555,35.0,5.2,49,123.0,1.462,0.57,us,5.38,1.926,0.105,30
50.0643,155.9152,88.217,4.2,67,107.0,3.245,0.49,us,7.7,5.21,0.074,54
-20.4286,-68.8136,105.865,4.0,15,92.0,0.428,0.39,us,6.92,7.222,0.196,7
-7.6963,127.6784,148.708,4.3,45,71.0,3.852,0.89,us,6.7,8.176,0.094,33
-10.9721,163.8334,10.0,4.1,11,212.0,4.117,0.98,us,12.51,2.024,0.197,7
-2.1097,139.0313,35.0,4.9,69,71.0,1.012,0.61,us,4.87,1.784,0.058,94
-4.8372,133.9605,10.0,4.4,30,43.0,2.138,1.01,us,5.58,1.916,0.139,15
62.8631,178.671,10.0,4.4,126,146.0,4.436,0.66,us,8.89,1.904,0.046,136
52.5738,160.755,10.0,4.2,59,130.0,1.355,0.62,us,9.08,1.912,0.075,50
-22.5477,170.9152,35.0,4.7,30,107.0,3.206,0.61,us,7.44,1.945,0.115,23
53.2139,160.1316,58.5,4.8,78,134.0,0.913,0.6,us,9.07,6.748,0.054,107
3.0762,-31.3443,10.0,4.6,26,113.0,20.448,0.83,us,5.77,1.895,0.119,21
54.4964,-160.053,32.25,3.8,70,164.0,0.43,0.98,us,6.59,9.309,0.227,5
29.2054,128.9807,10.0,4.9,44,84.0,2.442,0.95,us,7.35,1.864,0.059,89
4.6571,95.3103,63.633,4.5,56,162.0,1.727,0.72,us,8.35,8.127,0.083,42
49.871,157.4706,43.871,5.5,147,58.0,3.242,0.93,us,8.28,6.198,0.021,818
-23.8661,-67.9349,117.756,4.5,23,54.0,0.937,1.43,us,6.9,6.511,0.131,17
-17.8315,-177.9729,590.108,4.2,17,122.0,2.875,0.66,us,19.53,13.803,0.146,13
42.9684,18.6709,10.0,4.4,47,37.0,0.692,0.79,us,4.11,1.932,0.13,17
-23.3574,171.4649,10.0,4.5,16,201.0,3.776,0.9,us,8.69,1.929,0.171,10
41.2148,142.4853,51.763,4.4,43,135.0,0.945,0.6,us,3.2,7.701,0.108,25
50.3317,158.3979,22.634,4.1,28,228.0,2.7,0.82,us,15.33,7.921,0.127,17
-21.0347,-11.6613,10.0,4.6,18,85.0,7.548,0.47,us,8.12,1.894,0.141,15
5.2202,125.7988,106.609,4.3,14,165.0,0.58,0.83,us,11.71,8.559,0.188,9
7.124,127.1868,13.591,4.5,25,64.0,1.596,1.25,us,6.42,4.603,0.118,21
-17.5047,-178.7743,544.388,4.5,50,55.0,2.048,0.8,us,13.31,5.185,0.091,39
73.2858,6.8643,10.0,4.1,18,169.0,5.44,1.02,us,7.65,1.962,0.213,6
-0.5737,121.8989,10.0,4.7,28,68.0,0.989,0.76,us,6.12,1.922,0.12,21
14.2339,-93.3683,30.717,4.1,27,196.0,1.497,1.31,us,7.64,9.909,0.12,19
-9.8966,160.1145,10.0,4.6,61,76.0,0.484,0.87,us,6.91,1.879,0.069,63
51.4602,159.6865,10.0,4.8,154,121.0,1.69,0.98,us,8.43,1.869,0.042,178
11.2131,124.1111,10.0,5.2,81,47.0,4.365,0.58,us,10.02,1.863,0.068,71
38.3179,20.4551,41.345,4.2,31,162.0,1.628,0.89,us,7.21,9.202,0.125,18
51.8021,158.8091,26.956,4.5,34,124.0,1.227,1.19,us,10.44,6.25,0.103,28
-18.4243,-173.7855,49.919,4.2,17,119.0,3.713,0.39,us,12.39,12.344,0.132,16
-60.3182,-61.6911,10.0,4.6,20,127.0,4.604,0.74,us,11.43,1.926,0.141,15
-8.9565,124.1623,108.412,4.6,20,125.0,0.8,1.05,us,6.33,7.94,0.145,14
-12.6601,166.4009,70.742,4.6,35,117.0,2.878,0.58,us,11.3,6.135,0.1,30
49.1003,155.3503,93.959,4.1,17,144.0,4.277,0.98,us,13.57,10.274,0.166,10
53.7756,-163.949,10.0,4.0,56,156.0,0.792,0.9,us,3.7,1.898,0.1,27
35.8935,140.1659,77.893,4.5,34,145.0,1.71,0.51,us,5.59,7.923,0.124,19
54.5235,-159.6828,30.579,3.9,76,187.0,0.313,0.72,us,6.72,7.492,0.23,5
50.8257,159.0104,10.0,4.4,79,102.0,2.212,0.45,us,8.86,1.872,0.067,65
-22.6175,-174.8829,10.0,5.1,71,96.0,8.163,0.49,us,11.77,1.827,0.059,95
-9.5515,112.6251,36.169,4.0,14,90.0,1.852,0.81,us,7.13,11.179,0.164,10
37.5492,72.2407,205.283,4.1,47,92.0,0.786,0.56,us,7.27,6.293,0.127,17
-55.0686,-128.6729,10.0,4.8,23,77.0,32.354,0.48,us,15.21,1.854,0.127,19
-6.8296,131.5473,10.0,4.6,15,117.0,2.815,0.59,us,7.52,1.893,0.223,6
-32.6288,-70.0705,115.751,4.5,33,87.0,0.427,0.6,us,5.51,4.767,0.164,11
36.5231,70.6484,197.741,4.0,27,173.0,2.308,0.71,us,7.95,6.028,0.144,13
-51.466,-71.8477,10.0,4.1,20,147.0,1.404,0.69,us,9.8,1.937,0.131,16
52.3708,160.5584,10.0,4.7,70,164.0,1.333,0.87,us,10.25,1.936,0.06,85
55.0413,163.3843,26.848,4.1,46,159.0,3.447,0.91,us,13.55,6.66,0.086,37
-49.154,127.3387,10.0,4.6,33,83.0,17.504,0.38,us,12.85,1.924,0.099,31
42.539,130.6594,575.724,4.4,191,83.0,1.922,0.62,us,10.26,7.249,0.036,226
53.0772,160.1087,48.264,4.2,20,117.0,0.882,0.78,us,11.55,7.986,0.118,20
-24.5207,-67.5714,178.807,4.2,23,95.0,1.658,1.25,us,9.43,11.438,0.187,8
-33.7505,-179.3787,35.0,4.2,17,189.0,4.244,0.94,us,12.1,1.517,0.152,12
16.5982,41.1068,10.0,4.3,46,124.0,3.754,1.07,us,9.17,1.902,0.08,45
-9.6123,119.5807,67.743,4.9,81,53.0,0.709,1.16,us,6.03,4.964,0.073,59
73.5227,8.2869,10.0,4.2,23,95.0,5.076,1.02,us,7.33,1.91,0.167,10
51.2808,158.8548,35.0,4.6,57,132.0,1.75,0.76,us,10.48,1.931,0.042,166
-14.8081,167.9903,10.0,4.6,25,118.0,6.713,0.92,us,13.26,1.912,0.119,21
54.2088,-159.9883,10.0,3.8,46,162.0,0.665,0.98,us,4.07,1.895,0.114,20
-33.5949,-71.6632,40.721,4.4,42,146.0,0.074,0.65,us,3.2,5.431,0.101,28
7.9186,-78.8977,10.0,4.0,12,160.0,1.549,0.72,us,7.1,1.977,0.212,6
9.3928,93.9439,10.0,5.0,101,43.0,5.097,0.56,us,8.1,1.848,0.049,132
51.6105,158.4606,51.492,4.3,48,125.0,1.42,0.96,us,9.43,7.449,0.079,45
2.8603,-31.2444,10.0,4.9,51,46.0,14.194,0.44,us,6.17,1.84,0.061,84
-6.2417,130.006,159.763,4.3,24,117.0,1.711,0.6,us,10.6,8.204,0.129,17
-6.4539,150.2984,10.0,4.2,12,137.0,2.916,1.02,us,9.98,1.883,0.153,12
-20.9296,-173.148,10.0,5.0,69,63.0,3.546,0.77,us,11.37,1.829,0.06,88
51.2473,-174.7863,10.0,3.8,24,228.0,1.023,0.89,us,5.34,1.984,0.141,13
-57.534,157.4797,10.0,4.2,11,139.0,3.152,1.07,us,11.93,1.858,0.2,7
45.6434,151.3687,44.634,4.5,54,139.0,6.108,0.61,us,11.37,8.138,0.078,48
52.6933,160.986,10.0,4.4,49,134.0,1.454,0.66,us,11.39,1.911,0.092,34
-4.5677,102.7394,62.773,4.2,31,145.0,0.298,0.36,us,8.29,5.39,0.121,19
34.7289,68.712,10.0,4.2,41,169.0,0.409,0.64,us,6.17,1.959,0.113,22
-9.623,112.8724,49.654,5.0,60,60.0,1.706,0.6,us,6.53,7.491,0.087,42
24.8581,123.1937,118.701,4.4,63,42.0,0.423,1.03,us,5.44,4.331,0.064,72
-27.6633,-177.8685,192.961,4.5,20,154.0,10.563,0.81,us,10.25,11.697,0.136,16
0.8224,100.0189,195.677,4.3,61,114.0,1.324,0.9,us,8.02,6.074,0.083,41
32.8985,141.7533,10.0,4.9,91,120.0,1.644,0.61,us,6.57,1.747,0.032,310
43.7595,147.7755,55.342,4.1,19,183.0,3.76,0.57,us,15.65,7.606,0.139,14
51.6758,159.2119,61.022,4.4,26,153.0,1.393,0.71,us,11.26,8.668,0.107,26
-8.6145,129.1101,10.0,4.6,25,90.0,4.141,0.65,us,7.01,1.889,0.128,18
50.15,158.3772,10.0,4.2,15,165.0,2.883,0.71,us,10.73,1.962,0.199,9
51.8962,158.5115,70.037,4.2,35,137.0,1.132,0.64,us,11.15,7.089,0.103,26
-7.619,128.3248,112.911,4.2,13,104.0,4.538,0.91,us,8.7,11.228,0.235,5
-17.4206,-69.4571,168.518,4.7,66,97.0,0.169,0.79,us,7.37,4.112,0.031,311
-57.1832,-67.2854,10.0,4.8,36,133.0,2.265,0.58,us,12.78,1.937,0.093,36
5.4512,128.0449,10.0,4.5,52,54.0,2.654,0.95,us,7.27,1.886,0.085,40
-7.1001,129.3331,171.476,4.3,23,72.0,2.623,0.82,us,9.63,9.758,0.129,17
52.501,160.244,33.703,4.4,57,175.0,1.101,0.5,us,11.3,7.772,0.046,136
52.5234,160.7272,10.0,4.7,31,121.0,1.358,0.91,us,6.22,1.919,0.101,30
52.0062,160.2984,24.575,4.1,25,154.0,1.433,0.77,us,9.52,6.85,0.127,17
-23.8942,179.6029,568.441,4.5,32,138.0,6.288,0.71,us,14.52,12.74,0.108,25
1.5466,99.3953,166.311,4.4,40,177.0,1.233,0.39,us,11.98,7.332,0.09,36
51.4835,-173.9696,35.0,4.0,34,188.0,0.733,0.93,us,4.85,1.927,0.106,24
-16.4737,176.8404,10.0,4.7,20,105.0,1.715,0.87,us,8.49,1.886,0.137,16
51.4476,-130.5975,10.0,4.1,71,170.0,0.925,0.61,us,9.39,1.952,0.049,115
25.5239,141.4344,112.193,4.7,62,116.0,1.704,1.25,us,9.86,5.0,0.06,83
52.3646,158.8843,64.315,4.6,41,121.0,0.675,0.82,us,8.55,7.413,0.09,37
16.3711,-59.5654,10.0,4.3,43,165.0,1.433,1.05,us,8.93,1.942,0.122,19
29.2136,129.5771,10.0,4.9,118,85.0,2.41,0.42,us,5.69,1.864,0.054,109
39.3819,143.4882,10.0,5.1,80,95.0,2.331,0.58,us,7.52,1.852,0.037,236
40.974,142.9453,54.199,4.9,93,109.0,1.052,0.84,us,7.39,6.648,0.064,77
2.951,-31.4191,10.0,4.6,29,116.0,9.801,0.39,us,8.65,1.756,0.111,24
49.1206,155.6578,35.0,4.7,93,137.0,4.195,0.52,us,11.34,1.92,0.061,82
-20.9615,-178.7236,583.264,4.5,67,123.0,4.416,0.7,us,12.66,6.538,0.045,148
-24.0127,-66.9395,180.802,4.4,36,69.0,1.552,0.69,us,10.03,8.637,0.107,25
51.4481,161.4189,10.0,4.1,39,122.0,2.321,0.74,us,10.11,1.929,0.101,27
56.533,115.1997,10.0,4.3,35,198.0,3.456,0.71,us,13.15,1.978,0.099,29
51.7623,159.4274,35.0,4.0,18,130.0,1.35,0.42,us,9.42,1.843,0.15,12
-60.2284,-61.8747,10.0,4.5,19,124.0,4.673,0.78,us,8.33,1.947,0.145,14
52.1916,160.8387,33.507,4.5,35,179.0,1.573,0.91,us,12.16,7.013,0.079,47
58.3774,-32.1618,10.0,4.5,66,130.0,8.209,0.5,us,11.32,1.931,0.072,57
-55.2945,-27.9457,20.422,4.5,18,123.0,5.046,0.48,us,13.23,3.886,0.131,17
65.8577,-37.4704,10.0,4.4,99,128.0,5.4,0.57,us,8.5,1.93,0.058,86
-7.2685,114.1349,10.0,4.4,32,45.0,1.194,0.82,us,4.35,1.882,0.131,19
14.8034,108.2447,10.0,4.2,28,136.0,4.472,0.37,us,10.42,1.901,0.116,21
18.5209,-69.6478,101.815,3.9,35,76.0,0.262,1.16,us,6.53,8.678,0.154,11
-6.8041,125.2238,543.723,4.2,40,74.0,3.081,0.54,us,13.61,5.662,0.104,28
52.7348,158.8849,80.957,5.3,142,108.0,0.322,0.71,us,9.49,5.414,0.041,202
52.8614,160.8778,29.485,4.6,36,119.0,1.358,1.02,us,11.21,6.258,0.109,25
-33.1772,-179.8303,96.279,4.6,23,244.0,4.632,0.39,us,15.78,12.282,0.116,22
43.2761,-28.9956,10.0,4.7,62,123.0,6.108,0.94,us,10.34,1.893,0.043,164
13.7827,144.7929,159.547,4.3,21,97.0,0.206,0.7,us,7.89,2.767,0.142,14
-8.8055,123.6584,106.656,4.3,18,154.0,1.119,1.08,us,8.3,8.066,0.132,16
1.3857,125.7798,65.736,5.0,102,83.0,3.338,1.16,us,6.8,6.544,0.059,91
53.6353,160.3412,61.718,4.8,181,117.0,1.185,0.58,us,8.98,6.579,0.044,160
50.3453,158.7601,31.077,4.5,31,142.0,2.683,0.53,us,10.67,6.401,0.11,24
-5.281,131.489,51.412,4.1,18,88.0,2.466,1.1,us,6.06,11.197,0.15,12
-55.3555,-27.9244,10.0,4.4,19,98.0,5.067,0.62,us,13.34,1.937,0.127,18
43.601,147.8963,35.0,5.0,121,134.0,3.83,0.92,us,5.45,1.915,0.055,105
50.1261,156.8098,59.048,4.2,21,137.0,3.037,0.32,us,14.51,8.606,0.152,12
-17.8062,-178.7594,564.786,4.3,59,120.0,2.223,0.73,us,14.34,8.272,0.044,145
43.4984,-127.4214,10.0,3.5,78,212.0,1.772,0.78,us,10.01,2.002,0.201,6
1.8304,122.8927,434.959,4.0,21,61.0,2.228,1.21,us,10.74,9.095,0.182,9
37.2845,71.166,104.277,4.4,39,91.0,1.465,1.03,us,6.7,7.633,0.077,49
18.4923,94.6762,47.453,4.9,134,63.0,2.145,0.51,us,7.52,6.572,0.052,118
61.0366,-60.3505,10.0,4.2,25,115.0,4.682,1.32,us,8.43,1.949,0.124,18
13.1747,144.567,75.892,4.5,32,128.0,2.366,0.62,us,14.15,8.79,0.078,49
51.5411,158.3911,35.352,4.4,96,126.0,1.493,0.6,us,5.05,7.504,0.057,87
-56.9272,-26.5621,96.912,4.4,27,127.0,6.217,0.38,us,9.47,8.263,0.127,18
51.4709,159.8052,10.0,4.3,34,126.0,1.709,0.87,us,8.43,1.899,0.114,22
21.9585,119.7862,10.0,4.9,65,93.0,1.471,0.73,us,6.93,1.881,0.046,149
-19.0745,-179.0467,669.556,4.8,54,87.0,2.991,0.95,us,12.85,8.903,0.083,45
52.1778,157.7694,96.387,4.6,18,154.0,0.933,1.37,us,11.1,9.086,0.136,16
51.9886,-171.3769,41.754,3.5,40,192.0,1.22,0.91,us,8.22,12.619,0.117,18
52.9672,161.0749,32.558,4.0,21,186.0,1.467,0.67,us,15.4,4.508,0.15,12
-13.6971,122.3503,10.0,4.9,35,53.0,4.344,0.89,us,7.61,1.88,0.099,32
-41.2658,-88.2075,10.0,4.6,35,149.0,13.352,0.34,us,14.84,1.688,0.097,32
49.4867,159.036,10.0,5.0,99,122.0,3.55,0.45,us,7.72,1.476,0.027,431
51.4546,159.6703,21.068,4.3,19,137.0,1.692,0.92,us,12.57,6.549,0.119,22
3.1264,-31.3815,10.0,4.7,46,122.0,9.974,0.38,us,12.37,1.809,0.09,37
51.7431,160.2115,10.0,4.4,15,126.0,2.058,1.31,us,11.5,1.93,0.162,11
25.0212,122.7764,153.841,4.2,45,46.0,0.591,0.89,us,5.25,6.002,0.1,28
52.4339,160.2523,37.376,4.9,98,133.0,1.139,0.94,us,9.99,6.857,0.04,194
-8.2437,116.7258,10.0,4.5,30,68.0,1.19,1.04,us,3.82,1.776,0.128,18
61.9604,142.1841,10.0,4.2,26,69.0,4.841,0.87,us,9.98,1.946,0.132,16
51.3528,157.5778,69.897,4.5,30,126.0,1.76,1.15,us,12.0,8.292,0.113,23
52.8952,161.3822,10.0,4.8,86,119.0,1.658,0.64,us,8.65,1.87,0.045,150
53.4249,-161.7561,21.608,4.4,66,153.0,1.585,0.76,us,5.05,4.985,0.072,56
42.3146,144.4608,35.0,4.4,20,152.0,1.014,0.65,us,5.71,1.952,0.149,13
51.5969,158.5236,35.0,4.1,47,125.0,1.431,0.9,us,5.34,1.932,0.079,44
39.7195,143.2649,36.166,4.7,79,130.0,1.994,0.66,us,7.29,7.009,0.062,80
13.6434,145.4782,38.77,4.9,45,88.0,0.595,0.57,us,5.52,7.634,0.086,42
51.2541,159.0675,35.037,4.0,29,137.0,1.791,0.65,us,9.71,8.122,0.126,17
-47.3633,165.4721,10.0,4.3,37,99.0,1.457,0.91,us,8.11,1.922,0.177,9
6.12,94.8961,10.0,4.6,47,72.0,2.225,0.86,us,9.55,1.878,0.095,33
51.6417,159.5294,35.0,4.8,36,123.0,1.485,1.23,us,8.35,1.915,0.092,36
49.0807,157.7736,10.0,4.9,89,124.0,3.986,0.54,us,10.89,1.879,0.047,140
49.6322,155.4731,10.0,4.2,29,186.0,3.75,0.59,us,13.42,1.975,0.118,20
40.0327,113.4545,10.0,4.5,48,68.0,2.086,0.29,us,8.47,1.896,0.084,42
-15.1079,-173.8465,10.0,4.6,29,77.0,2.327,0.58,us,11.28,1.875,0.106,27
7.5619,127.1136,10.0,4.4,24,125.0,1.599,0.76,us,7.56,1.946,0.134,16
-20.6499,178.5917,583.949,4.2,19,227.0,2.934,0.43,us,20.85,17.225,0.146,13
52.9609,160.7587,10.0,4.9,101,107.0,1.276,0.97,us,8.07,1.86,0.026,473
-8.9108,124.0705,106.559,4.4,19,134.0,0.861,0.71,us,7.32,7.173,0.134,16
-5.5385,150.8981,121.97,4.2,28,107.0,1.839,0.64,us,8.39,3.483,0.124,18
51.5235,160.6818,10.0,4.3,55,129.0,2.423,0.8,us,9.38,1.909,0.081,43
43.4097,147.835,35.0,5.0,58,150.0,3.718,0.59,us,10.26,1.904,0.051,127
34.6827,70.6043,65.43,4.3,52,142.0,3.927,0.66,us,11.15,8.308,0.092,36
-55.2037,-27.9048,10.0,4.3,17,197.0,5.058,0.7,us,15.72,1.956,0.154,12
13.4046,51.2208,10.0,4.2,14,180.0,8.388,1.03,us,8.47,1.963,0.237,5
9.3633,93.9614,40.127,5.0,54,69.0,5.064,0.91,us,10.29,5.366,0.091,38
-20.5523,-178.8698,622.042,4.1,30,115.0,4.032,0.72,us,15.97,8.268,0.095,31
-24.044,178.7717,544.318,4.1,18,175.0,6.303,1.01,us,21.09,13.903,0.14,17
50.6175,158.0024,33.576,4.5,70,130.0,2.443,0.7,us,10.96,6.088,0.06,82
50.9591,-176.9036,10.0,3.8,26,228.0,0.83,0.31,us,4.13,2.003,0.207,6
52.1293,160.4161,10.0,4.5,41,124.0,1.401,0.63,us,6.21,1.73,0.115,22
-27.8687,-71.0579,55.218,4.4,22,138.0,0.335,0.7,us,5.37,6.023,0.219,6
51.2399,159.3285,35.0,4.2,20,168.0,2.123,1.0,us,6.12,1.968,0.146,13
-20.5367,-178.8275,624.994,4.7,87,69.0,4.051,0.61,us,10.0,6.323,0.028,380
-2.9061,147.72,10.0,4.4,19,124.0,0.927,0.7,us,6.76,1.932,0.143,14
51.4375,159.3951,10.0,5.0,84,123.0,1.653,0.86,us,8.82,1.888,0.064,78
51.874,159.7088,35.0,4.4,26,177.0,1.321,1.07,us,12.41,1.974,0.126,18
-4.4037,101.527,36.269,4.4,42,144.0,1.425,0.5,us,9.15,7.493,0.092,34
50.1568,157.6586,26.396,4.5,51,144.0,2.936,0.67,us,13.13,6.343,0.083,43
52.8319,174.4631,111.26,3.8,23,168.0,0.244,0.4,us,17.38,8.469,0.124,17
42.0569,142.3812,66.098,4.1,53,94.0,0.579,0.87,us,6.39,7.155,0.089,35
52.8786,161.0827,10.0,5.1,18,129.0,1.479,0.53,us,11.16,1.926,0.147,15
-40.6224,173.7016,124.27,4.3,39,63.0,0.642,0.69,us,4.76,6.287,0.16,11
-5.9875,147.4084,10.0,4.6,29,70.0,3.404,0.9,us,10.73,1.866,0.123,20
-6.9907,125.3891,503.495,4.4,17,88.0,2.962,0.71,us,12.73,11.552,0.155,12
13.5319,-91.8787,35.0,4.3,33,205.0,1.613,0.99,us,7.82,1.988,0.089,36
-3.2534,142.6252,45.461,4.2,20,67.0,2.055,0.61,us,8.3,7.937,0.141,14
50.9121,160.1227,10.0,4.4,38,223.0,2.302,0.67,us,11.44,1.981,0.095,32
53.3691,159.9343,60.515,4.1,20,157.0,0.847,0.87,us,11.86,14.199,0.151,12
53.2783,160.9008,35.0,4.3,33,134.0,1.379,0.96,us,10.92,1.919,0.126,19
11.0714,124.0458,10.0,5.0,56,70.0,4.255,0.8,us,11.03,1.885,0.075,59
15.7827,-94.799,10.0,4.1,42,184.0,2.146,0.77,us,9.93,1.976,0.073,52
45.5011,150.8203,58.787,4.5,50,135.0,5.779,0.59,us,7.57,7.45,0.083,43
52.1406,-168.5339,28.671,3.8,21,218.0,0.856,1.0,us,8.44,13.924,0.108,22
34.5873,70.7146,10.0,4.4,53,142.0,1.306,0.65,us,8.39,1.894,0.082,42
52.2175,160.5871,10.0,4.3,33,123.0,1.43,1.01,us,9.35,1.914,0.098,30
-18.0949,-178.4275,633.755,4.3,49,120.0,2.648,0.64,us,14.66,9.41,0.08,44
0.975,-26.2223,10.0,4.5,25,92.0,11.792,0.63,us,5.1,1.885,0.124,19
39.6429,143.5386,10.0,4.3,17,150.0,2.214,0.59,us,8.72,1.948,0.188,8
-7.5997,133.4057,10.0,4.5,25,66.0,4.79,1.15,us,7.31,1.907,0.139,15
-35.5931,-104.0645,10.0,4.9,51,96.0,9.564,0.78,us,8.92,1.812,0.058,93
-0.9676,-21.9632,10.0,4.3,13,116.0,10.26,0.96,us,13.35,1.858,0.169,11
-27.495,-176.1569,10.0,5.3,58,74.0,11.076,0.66,us,12.11,1.857,0.034,291
48.4112,157.2249,10.0,5.0,93,106.0,4.706,0.58,us,11.33,1.862,0.034,268
41.3728,144.3514,24.496,4.0,31,146.0,1.101,0.66,us,8.75,6.949,0.138,14
11.9549,143.5187,10.0,4.4,39,78.0,2.091,0.61,us,9.44,1.9,0.103,27
39.1968,28.1279,10.0,4.4,34,44.0,0.959,0.75,us,4.1,1.93,0.189,8
41.5522,74.9401,10.0,4.2,35,58.0,0.543,1.36,us,2.7,1.928,0.141,14
37.6699,144.22,10.0,4.8,52,123.0,3.963,0.73,us,8.68,1.882,0.048,136
25.124,91.7482,10.0,4.2,22,103.0,8.157,0.67,us,15.08,1.915,0.128,17
43.5958,147.717,35.0,5.1,64,135.0,3.708,0.94,us,11.38,1.925,0.057,100
24.8149,-107.3051,10.0,4.2,60,201.0,1.748,1.09,us,6.53,1.972,0.06,78
-23.4334,-179.2182,512.0,4.0,17,270.0,15.477,0.47,us,25.62,23.136,0.13,16
50.3547,156.5142,74.738,4.4,143,83.0,2.854,0.78,us,11.24,5.419,0.045,141
3.4593,125.6907,89.265,4.2,20,129.0,1.283,0.62,us,6.91,9.889,0.166,13
12.7304,-88.1166,71.714,4.7,127,168.0,0.761,0.87,us,7.13,8.546,0.05,120
7.147,126.8402,64.234,5.0,89,77.0,1.254,0.8,us,7.96,4.986,0.047,142
-7.0885,155.8877,133.175,4.5,47,98.0,4.647,0.93,us,9.86,7.643,0.085,41
53.1638,160.0687,43.696,4.2,26,137.0,0.867,0.68,us,11.96,5.222,0.128,17
51.2004,159.1994,35.0,4.8,39,227.0,1.857,0.52,us,12.82,1.974,0.094,35
52.3124,160.2713,10.0,4.4,72,113.0,1.217,0.8,us,9.09,1.874,0.052,106
51.4392,159.2978,10.0,4.1,35,167.0,1.636,0.51,us,11.98,1.956,0.102,26
-2.0432,139.0376,30.792,4.9,57,40.0,1.033,0.58,us,5.81,5.153,0.076,55
52.3331,160.0237,37.905,4.7,27,68.0,1.613,0.63,us,10.17,8.038,0.112,24
44.6235,149.4554,35.0,4.2,43,144.0,4.946,0.8,us,11.62,1.947,0.093,32
39.4977,143.3376,10.0,4.5,31,97.0,2.168,0.86,us,7.7,1.894,0.131,17
51.2849,160.1205,10.0,4.8,23,154.0,1.963,0.55,us,12.57,1.961,0.125,24
6.9246,-73.0776,154.788,4.4,46,89.0,2.408,1.08,us,4.0,9.356,0.038,198
-6.5286,147.631,31.25,4.3,20,113.0,2.895,1.01,us,7.32,6.25,0.154,12
-1.0187,-13.4111,10.0,4.9,42,75.0,44.573,0.47,us,14.62,1.874,0.091,38
4.1839,96.1333,85.71,4.2,28,138.0,1.317,0.51,us,9.37,6.902,0.124,18
52.334,160.3121,13.422,4.7,60,122.0,1.225,0.97,us,9.99,5.119,0.061,82
85.0316,95.9336,10.0,4.4,41,70.0,14.53,0.83,us,11.98,1.929,0.082,43
-22.907,172.9271,10.0,4.6,22,123.0,5.067,0.9,us,6.77,1.853,0.14,15
84.9707,96.1307,10.0,4.8,126,26.0,11.403,0.48,us,9.99,1.884,0.054,105
5.9851,-77.569,10.0,4.3,21,126.0,3.426,1.3,us,8.78,1.939,0.126,18
52.1154,160.5132,21.747,4.5,36,118.0,1.456,0.76,us,10.68,6.15,0.092,35
51.2867,159.4698,10.0,4.3,20,162.0,1.811,1.13,us,8.21,1.952,0.154,12
38.487,142.0393,56.378,4.4,67,133.0,2.419,0.87,us,9.35,7.442,0.077,49
7.378,126.6698,66.115,4.6,63,106.0,1.125,0.79,us,9.0,4.46,0.065,76
5.8593,126.4704,118.35,4.8,105,49.0,1.492,0.7,us,7.18,6.368,0.037,227
-57.1894,-67.574,10.0,4.1,17,150.0,2.263,0.6,us,10.58,1.899,0.145,13
11.1252,141.6346,10.0,4.1,12,132.0,3.997,0.6,us,7.94,1.913,0.198,7
-27.5263,-176.2467,10.0,4.7,35,61.0,11.064,0.71,us,11.78,1.839,0.095,34
-6.1146,149.0611,10.0,4.3,17,121.0,3.456,1.03,us,8.68,1.774,0.143,14
51.2483,159.3828,10.0,4.1,22,142.0,1.834,1.05,us,11.88,1.944,0.127,17
11.2983,123.9672,10.0,4.9,62,102.0,4.493,0.6,us,9.06,1.896,0.084,44
-33.7938,-179.6406,10.0,4.7,32,160.0,4.115,0.89,us,10.54,1.943,0.133,27
52.2901,160.6074,10.0,4.3,27,123.0,1.4,1.35,us,8.08,1.8,0.101,28
-1.8217,139.2059,17.683,4.8,36,98.0,1.263,0.56,us,4.86,4.666,0.111,25
-18.2148,168.1202,52.373,4.3,14,157.0,4.147,0.47,us,12.07,9.713,0.178,9
31.9149,104.5459,10.0,4.3,32,99.0,4.092,0.66,us,10.37,1.913,0.125,18
-12.8907,143.2963,11.304,4.1,17,102.0,1.067,0.44,us,7.65,6.109,0.197,7
51.0594,160.7981,10.0,4.3,45,135.0,2.372,0.53,us,6.72,1.913,0.092,33
-35.5682,-179.2947,10.0,4.3,24,228.0,2.773,0.96,us,11.95,1.994,0.147,13
12.3753,-87.9581,47.201,4.3,40,196.0,0.969,1.02,us,12.62,9.281,0.094,32
-6.1773,131.1885,65.107,4.6,56,90.0,2.083,0.55,us,7.51,7.54,0.083,43
53.1535,161.2689,25.546,4.2,27,144.0,1.585,0.69,us,10.98,7.027,0.136,15
55.9698,163.9536,38.997,4.2,16,144.0,4.635,0.85,us,10.07,8.889,0.152,12
37.0156,140.6629,63.551,4.3,19,156.0,2.026,1.06,us,9.0,9.196,0.201,8
-20.3247,-178.2265,550.634,4.4,64,97.0,4.356,0.76,us,13.83,7.85,0.069,65
51.7367,158.7037,54.838,4.5,23,166.0,1.289,0.85,us,11.64,9.683,0.124,19
8.5987,126.4932,90.97,4.1,15,136.0,1.769,0.92,us,13.16,6.533,0.197,9
28.126,129.6949,35.0,4.4,31,114.0,1.802,0.7,us,6.37,1.927,0.12,20
39.4367,143.4847,10.0,4.3,15,135.0,2.295,0.78,us,9.77,1.937,0.239,5
12.9374,122.8587,10.0,4.7,53,103.0,6.416,0.62,us,10.79,1.879,0.086,42
49.97,157.0665,35.0,4.4,38,136.0,3.167,0.58,us,6.37,1.942,0.102,28
52.086,-30.5858,10.0,4.3,26,162.0,14.719,1.11,us,14.8,1.966,0.125,18
28.1878,51.7175,10.0,4.4,41,84.0,5.154,0.69,us,8.94,1.91,0.127,18
-10.7956,164.4449,10.0,4.6,32,129.0,4.629,0.48,us,5.92,1.898,0.105,27
50.9977,157.1853,79.916,4.0,16,134.0,2.137,0.39,us,9.72,8.887,0.164,10
50.5716,159.2754,10.0,4.6,63,132.0,2.486,0.76,us,8.86,1.891,0.069,62
28.1957,57.4037,10.0,4.4,96,104.0,3.411,1.05,us,10.28,1.888,0.06,79
51.0967,159.745,10.0,4.3,20,192.0,2.045,1.01,us,9.96,1.954,0.16,12
13.3869,50.9032,10.0,4.3,29,163.0,6.432,1.33,us,13.91,1.981,0.116,21
54.4977,-159.8529,35.0,4.7,150,102.0,0.367,0.66,us,4.13,1.696,0.05,126
-24.3842,-179.9,522.434,4.3,20,138.0,6.877,0.66,us,14.57,11.045,0.137,15
50.3965,158.8016,10.0,4.4,45,133.0,2.632,0.58,us,6.41,1.879,0.095,32
73.2204,6.5925,10.0,4.5,68,64.0,5.867,0.67,us,4.08,1.856,0.082,43
-34.1416,-179.4671,45.862,4.0,15,202.0,3.862,0.31,us,15.49,8.462,0.183,8
50.9371,157.3459,92.599,4.7,63,128.0,2.185,1.21,us,9.84,7.311,0.074,56
51.5468,159.6746,44.532,4.3,29,127.0,1.607,0.77,us,4.19,7.609,0.114,24
30.0057,142.5793,10.0,4.4,38,157.0,2.92,0.96,us,9.82,1.919,0.101,28
-18.3904,-177.9348,542.938,4.2,70,77.0,3.199,0.67,us,9.63,7.597,0.072,53
53.1098,161.4868,10.0,4.5,27,137.0,1.714,1.02,us,7.22,1.912,0.108,25
39.2627,143.8722,35.0,4.9,26,185.0,2.64,1.08,us,5.85,1.958,0.112,25
51.7773,159.4346,35.0,4.2,36,137.0,1.337,1.23,us,8.46,1.909,0.106,26
53.179,160.3616,43.591,4.5,97,137.0,1.044,0.59,us,10.44,7.261,0.061,79
37.0417,58.3061,10.0,4.5,52,106.0,0.899,0.95,us,5.87,1.896,0.082,44
-54.0562,-133.4096,10.0,4.5,12,150.0,29.78,0.75,us,11.9,1.865,0.171,10
52.7641,160.7261,10.0,4.2,25,162.0,1.284,1.02,us,10.38,1.855,0.136,15
51.1744,159.7163,20.71,4.3,17,125.0,1.965,0.93,us,9.73,5.765,0.201,7
-47.2927,-13.4534,10.0,4.5,20,86.0,10.252,1.38,us,12.69,1.622,0.145,18
9.9192,-70.6755,10.0,4.9,61,95.0,1.03,1.11,us,7.28,1.871,0.075,55
-3.986,-80.9703,26.134,4.6,53,139.0,2.281,0.86,us,8.28,5.258,0.033,276
-20.3133,-178.4532,609.395,4.4,30,97.0,4.177,0.86,us,13.91,10.231,0.112,23
14.4467,-91.1473,98.851,4.2,100,177.0,1.433,0.76,us,9.06,9.079,0.054,102
-18.6584,65.2549,10.0,4.5,27,96.0,2.089,0.82,us,13.63,1.889,0.113,24
38.3847,-30.232,10.0,4.6,34,157.0,3.766,0.59,us,10.86,1.904,0.104,28
-9.4859,123.5792,83.116,4.2,12,133.0,0.729,1.26,us,8.12,8.723,0.199,7
51.0335,159.3382,10.0,4.0,21,185.0,2.038,0.44,us,11.56,1.956,0.184,8
9.1609,122.607,10.0,4.5,22,100.0,3.602,0.74,us,7.53,1.912,0.132,17
-9.2192,124.0197,69.888,4.4,25,73.0,1.854,0.56,us,8.7,9.025,0.138,15
30.3408,69.9587,10.0,4.6,41,96.0,4.22,1.2,us,8.58,1.776,0.099,30
-4.3094,136.2139,10.0,4.4,29,119.0,2.29,0.8,us,7.75,1.895,0.134,16
52.3554,-171.4945,50.41,4.3,33,174.0,1.04,0.93,us,8.28,6.504,0.188,9
54.3707,-159.8603,10.0,3.9,29,223.0,0.487,0.84,us,4.48,1.977,0.23,5
-5.4216,34.9942,10.0,4.3,10,108.0,4.302,0.64,us,12.52,1.904,0.178,9
50.8995,157.439,48.567,4.3,29,128.0,2.218,0.82,us,9.95,8.421,0.137,15
50.5727,159.8847,10.0,4.4,30,128.0,2.571,0.34,us,9.72,1.907,0.117,21
12.2665,125.4801,43.118,4.4,42,107.0,5.165,0.78,us,10.56,6.751,0.098,30
2.8616,95.4683,22.783,4.4,39,204.0,2.613,0.66,us,10.42,7.101,0.103,27
36.3656,77.0742,10.0,4.3,19,236.0,4.141,1.33,us,11.64,1.985,0.177,9
-5.5149,152.9973,10.0,4.3,21,133.0,1.555,0.69,us,12.85,1.909,0.125,18
51.0576,159.9783,10.0,5.0,54,126.0,2.133,1.15,us,9.81,1.912,0.063,96
51.2528,159.9104,10.0,4.4,27,155.0,1.936,1.05,us,8.58,1.954,0.13,17
-8.9372,124.2452,72.183,4.2,9,143.0,0.813,0.74,us,12.04,9.687,0.235,5
11.0423,123.8836,10.0,4.5,53,73.0,4.288,0.53,us,8.89,1.839,0.088,38
29.689,129.9032,78.512,4.7,62,119.0,1.875,0.85,us,7.87,7.325,0.046,140
-20.2047,-177.6115,509.712,4.4,27,97.0,4.686,0.64,us,19.23,16.418,0.12,20
-9.0158,123.9117,97.897,4.7,45,91.0,0.814,0.83,us,7.58,7.154,0.085,42
52.8756,160.8815,24.949,5.5,61,107.0,8.015,0.79,us,10.25,5.103,0.066,80
51.353,161.004,10.0,4.2,43,122.0,2.213,0.64,us,9.68,1.911,0.097,29
-2.7764,28.6988,10.0,4.7,53,99.0,2.97,0.69,us,9.74,1.874,0.081,46
36.5712,16.9247,10.0,4.2,36,170.0,2.245,0.86,us,6.71,1.945,0.187,9
-22.1152,-179.5665,611.176,4.3,54,121.0,4.89,0.63,us,15.21,7.672,0.094,37
51.9079,158.904,62.834,4.0,24,163.0,1.128,0.48,us,10.4,7.718,0.129,16
14.3963,-94.0127,10.0,4.4,42,152.0,1.864,0.79,us,7.72,1.922,0.062,77
-13.3912,167.9925,622.667,4.2,101,45.0,2.182,0.69,us,10.74,7.166,0.053,99
39.2805,143.3255,10.0,4.2,29,148.0,2.299,0.7,us,7.93,1.934,0.136,15
18.8183,-69.6585,104.119,4.4,83,52.0,0.43,1.09,us,6.04,6.941,0.038,199
-20.5072,169.7026,97.56,4.3,15,205.0,2.966,0.45,us,10.94,10.27,0.161,11
4.9341,126.4562,51.353,4.4,34,103.0,0.994,0.53,us,7.76,1.688,0.108,25
50.8089,-172.9607,10.0,3.7,33,202.0,1.594,0.62,us,6.34,1.647,0.134,14
51.7899,159.3228,35.0,4.5,35,134.0,1.302,0.48,us,11.54,1.942,0.11,24
52.0262,160.4057,10.0,4.3,19,179.0,1.466,0.98,us,9.95,1.949,0.153,12
13.7808,120.7068,184.79,4.4,48,102.0,8.995,0.45,us,13.41,8.471,0.083,42
-12.0976,166.8112,341.269,4.2,24,159.0,8.747,0.39,us,18.28,8.54,0.118,20
51.1557,159.7211,10.0,4.4,10,246.0,1.984,0.36,us,14.42,1.995,0.24,5
5.0679,125.1958,10.0,4.8,59,70.0,0.436,0.6,us,4.41,1.86,0.083,45
-31.4822,-178.1921,35.0,4.5,13,166.0,2.241,0.32,us,14.46,1.934,0.181,10
-49.9573,-113.3065,10.0,4.9,55,113.0,27.794,1.07,us,15.54,1.908,0.078,52
23.5263,94.2235,10.0,4.2,33,150.0,2.397,0.88,us,12.14,1.905,0.115,21
35.8383,111.3104,10.0,4.6,51,98.0,5.672,0.71,us,9.67,1.908,0.069,63
49.8432,155.9557,68.479,4.2,45,132.0,3.446,1.14,us,10.52,6.508,0.1,32
51.6573,159.1871,35.776,4.6,65,134.0,1.407,0.74,us,10.68,7.214,0.067,67
41.3422,142.9552,49.785,4.4,50,142.0,0.689,0.7,us,6.57,6.005,0.092,34
80.0538,-0.1335,10.0,4.2,44,125.0,2.489,0.95,us,5.77,1.931,0.089,35
-17.7719,167.7389,10.0,4.7,26,146.0,2.368,0.42,us,6.81,1.847,0.117,22
-4.5255,125.4461,436.451,4.0,28,63.0,2.722,0.83,us,12.73,9.679,0.149,12
52.1947,160.4111,10.0,4.3,41,152.0,1.357,0.88,us,9.81,1.932,0.097,30
52.8619,161.9184,10.0,4.4,30,105.0,1.984,1.13,us,10.47,1.915,0.12,22
-46.9301,-13.7452,10.0,4.8,21,64.0,9.912,1.23,us,11.19,1.713,0.124,20
28.8711,129.9377,10.0,4.5,35,179.0,2.507,0.79,us,7.02,1.917,0.09,36
-0.5822,128.0835,10.0,4.8,46,61.0,1.524,1.15,us,5.43,1.882,0.1,31
39.162,28.1825,10.0,4.4,26,51.0,0.998,1.08,us,4.27,1.924,0.19,8
34.5308,7.4845,10.0,4.3,19,195.0,1.94,0.5,us,9.42,1.964,0.2,7
52.4507,160.9395,10.0,5.1,61,136.0,1.506,0.87,us,4.61,1.887,0.027,428
34.7164,70.7355,8.457,5.2,107,39.0,1.336,0.48,us,8.42,3.444,0.042,188
23.7187,90.427,10.0,4.1,29,147.0,4.847,0.39,us,9.98,1.763,0.117,20
53.05,161.502,10.0,4.6,56,104.0,1.722,0.92,us,9.34,1.864,0.042,172
79.1448,3.5506,10.0,4.2,24,125.0,1.622,1.11,us,9.42,1.862,0.128,17
-10.7121,166.0714,167.65,4.4,33,139.0,4.834,0.77,us,13.47,8.461,0.105,26
1.3424,128.5157,10.0,4.6,36,84.0,3.51,0.83,us,7.46,1.846,0.107,26
52.3226,160.3259,30.443,4.7,117,122.0,1.239,0.85,us,8.36,4.687,0.053,109
29.7915,92.3503,10.0,4.5,29,84.0,1.067,0.95,us,8.34,1.877,0.08,46
-33.6417,-179.3442,35.0,4.6,19,162.0,4.355,0.65,us,9.83,1.967,0.146,14
52.2528,179.0369,200.49,4.3,49,107.0,0.414,0.94,us,9.3,10.982,0.077,48
52.3277,161.5303,10.0,4.4,21,135.0,1.887,0.62,us,13.76,1.941,0.134,16
-23.0756,-68.5025,107.649,4.1,19,79.0,0.323,0.54,us,5.84,8.19,0.234,5
-29.6084,137.5315,10.0,4.1,14,70.0,3.382,0.24,us,4.29,1.972,0.185,11
27.6675,53.0396,10.0,4.0,23,85.0,3.926,0.71,us,8.24,1.94,0.122,18
53.2897,159.6701,75.086,5.7,133,30.0,0.67,0.68,us,6.32,4.567,0.019,987
41.7464,142.7489,57.814,4.2,17,140.0,0.406,0.88,us,8.34,8.822,0.159,11
25.0849,141.6249,10.714,4.2,12,168.0,2.065,0.86,us,15.61,5.808,0.167,10
-27.3275,-176.8501,35.0,4.5,13,198.0,10.634,0.88,us,15.9,1.96,0.18,9
-56.2489,-24.5863,10.0,4.2,13,130.0,7.08,0.87,us,13.51,1.965,0.147,13
52.4633,160.7493,10.0,4.4,91,163.0,1.394,0.58,us,11.17,1.912,0.061,78
53.4523,161.6778,26.164,4.5,81,78.0,1.87,0.77,us,8.3,5.157,0.059,84
36.5488,76.8831,10.0,4.3,27,157.0,3.918,1.21,us,10.0,1.976,0.16,11
50.6536,156.7887,75.01,4.3,75,98.0,2.522,0.69,us,11.22,6.661,0.069,59
-47.2566,165.9072,10.0,4.2,33,115.0,1.214,1.07,us,4.38,1.879,0.2,7
52.7024,160.2014,25.076,4.8,132,119.0,0.994,0.49,us,9.87,5.367,0.036,239
52.8085,160.9717,28.604,4.1,21,119.0,1.422,1.26,us,10.78,6.228,0.158,11
-3.7105,101.6678,49.471,4.9,75,64.0,1.438,0.86,us,7.16,6.871,0.062,82
52.3073,160.3203,28.224,4.9,91,132.0,1.245,0.62,us,10.87,5.725,0.045,156
29.241,105.395,10.0,4.3,35,147.0,3.711,0.78,us,11.3,1.929,0.111,23
34.5739,70.653,10.0,4.4,49,141.0,1.255,0.67,us,8.69,2.428,0.08,45
-7.3062,-13.2136,10.0,4.4,25,71.0,1.296,0.73,us,5.76,1.863,0.118,21
52.1093,160.947,10.0,4.6,50,124.0,1.674,1.16,us,8.06,1.693,0.05,144
-20.5834,-177.8937,487.173,4.2,28,99.0,4.759,0.99,us,14.92,12.752,0.113,22
52.322,161.9981,10.0,4.5,62,206.0,2.156,0.74,us,11.03,1.982,0.069,61
-7.9744,130.3851,10.0,4.6,32,115.0,3.462,0.87,us,8.48,1.806,0.105,27
52.9277,160.0982,35.0,4.4,48,146.0,0.881,0.82,us,8.94,1.945,0.063,72
54.5204,-159.8354,35.0,4.4,52,151.0,1.333,0.78,us,6.25,1.949,0.075,52
52.7405,161.1469,10.0,4.1,18,196.0,1.539,0.74,us,7.65,1.994,0.144,14
83.2412,-32.7761,10.0,4.3,37,83.0,2.684,1.09,us,8.69,1.902,0.089,39
48.9991,155.5059,35.0,4.4,29,135.0,4.341,0.83,us,11.05,1.905,0.127,18
14.0639,-89.9381,10.0,4.8,62,60.0,0.222,0.39,us,4.3,1.818,0.045,155
37.7922,144.1409,10.0,4.4,32,136.0,3.828,0.83,us,9.62,1.911,0.149,15
36.7861,25.7763,10.0,4.0,30,97.0,1.669,0.64,us,5.05,1.91,0.13,16
64.6543,-40.2593,10.0,4.2,68,135.0,4.227,0.59,us,8.4,1.938,0.068,60
52.4521,160.737,10.0,4.6,85,122.0,1.392,0.9,us,9.0,1.884,0.043,162
49.5484,155.9545,48.829,4.2,33,135.0,3.729,0.74,us,11.82,8.511,0.11,23
6.5814,94.2449,87.227,4.3,33,111.0,3.005,1.0,us,13.49,4.944,0.114,22
-23.6016,-179.4998,534.399,4.4,16,188.0,6.261,0.38,us,15.12,21.066,0.17,12
-57.1605,-67.1881,10.0,4.7,30,135.0,16.585,0.57,us,15.85,1.9,0.123,20
23.9296,122.3211,22.534,4.3,29,84.0,0.707,0.62,us,3.18,5.819,0.154,12
52.817,159.7294,62.698,4.0,38,161.0,0.685,0.71,us,9.71,6.814,0.096,29
42.5231,143.8604,91.316,4.1,18,186.0,0.728,0.62,us,10.76,8.818,0.157,11
35.4073,20.488,38.482,4.0,16,235.0,2.115,0.95,us,10.0,11.945,0.183,8
-4.8558,153.3277,52.137,4.3,33,121.0,1.335,0.81,us,9.31,7.394,0.113,22
51.3786,159.4343,27.846,4.5,22,135.0,1.717,0.58,us,13.04,6.807,0.125,19
-6.4454,130.7902,89.641,4.9,78,49.0,3.793,0.74,us,7.66,7.31,0.062,82
52.372,159.9301,37.852,4.2,37,122.0,1.016,1.14,us,9.57,8.159,0.087,37
11.0009,124.0083,10.0,4.5,34,124.0,12.079,0.62,us,15.28,1.926,0.11,24
6.8464,127.1456,28.659,4.6,39,109.0,1.571,1.14,us,7.93,4.958,0.092,35
38.0017,38.4942,10.0,4.2,22,163.0,0.741,0.53,us,7.48,1.942,0.167,10
41.0271,143.0895,44.935,4.8,72,134.0,0.988,0.89,us,6.45,7.13,0.059,89
36.5008,70.2911,211.153,4.1,31,147.0,2.195,0.97,us,9.29,10.75,0.165,10
53.3337,160.7986,35.0,4.1,22,195.0,1.33,0.5,us,9.24,1.962,0.12,19
49.9757,159.476,10.0,4.3,27,137.0,3.095,0.63,us,6.87,1.838,0.119,20
31.705,141.8724,10.0,4.9,105,121.0,2.238,0.66,us,8.93,1.866,0.05,126
51.2831,159.1547,35.801,4.7,92,124.0,1.771,0.56,us,7.82,6.984,0.063,76
36.9357,141.2761,53.661,4.3,26,148.0,2.495,1.12,us,8.56,9.437,0.148,13
52.9662,160.8942,17.693,4.8,86,119.0,1.358,1.1,us,7.93,4.717,0.05,121
51.3292,159.5839,10.0,4.9,79,205.0,1.792,0.58,us,10.43,1.953,0.062,82
58.6644,126.4766,10.0,4.4,28,120.0,3.734,0.77,us,9.76,1.894,0.13,17
-4.8915,102.9727,65.331,4.7,84,92.0,0.528,0.7,us,7.12,6.113,0.067,75
52.6727,160.731,12.573,4.3,28,157.0,1.31,0.87,us,12.98,7.824,0.108,24
-57.9029,157.8923,10.0,5.1,73,44.0,3.463,0.75,us,10.37,1.76,0.083,47
-50.3426,112.7229,10.0,4.6,20,141.0,21.396,0.57,us,15.08,1.927,0.133,19
-24.2567,-66.9839,161.926,4.8,63,38.0,2.536,1.0,us,7.19,7.007,0.032,294
52.9657,161.1399,26.48,4.9,83,134.0,1.506,0.61,us,9.55,3.485,0.032,309
-8.6693,127.3718,10.0,4.3,16,177.0,3.249,1.0,us,8.82,1.939,0.147,13
51.572,157.9773,79.269,4.5,52,158.0,1.511,0.46,us,7.72,7.032,0.081,46
-17.9614,-178.9021,544.976,4.5,35,131.0,2.214,0.69,us,15.46,7.447,0.124,20
-24.0167,-66.976,210.738,4.4,64,118.0,1.531,1.1,us,9.73,7.017,0.06,81
-17.7597,-178.0375,476.548,4.4,31,121.0,2.787,0.37,us,17.8,15.879,0.112,23
-6.6339,147.6278,42.999,4.2,15,101.0,2.792,0.69,us,6.81,10.122,0.198,7
37.9542,20.9645,66.039,4.2,29,163.0,1.087,0.7,us,6.54,6.204,0.167,10
52.9886,161.1133,10.0,4.3,49,120.0,1.489,0.68,us,9.86,1.899,0.079,45
-6.0187,127.7589,394.419,4.4,49,23.0,5.074,0.67,us,8.9,10.0,0.115,23
13.6429,-91.3666,35.0,4.5,185,154.0,0.93,1.17,us,9.07,1.942,0.027,393
51.5311,160.4117,10.0,4.4,23,137.0,1.845,0.96,us,13.1,1.933,0.134,17
51.5015,160.4463,10.0,4.1,16,189.0,1.882,1.01,us,12.79,1.989,0.166,11
-27.997,-178.0361,10.0,4.5,19,126.0,1.247,0.94,us,11.73,1.93,0.15,15
-7.0084,155.5506,113.056,4.0,29,96.0,4.381,0.62,us,10.16,7.735,0.106,26
-31.6731,76.4956,10.0,4.8,41,92.0,21.292,0.55,us,12.83,1.874,0.095,34
52.3296,159.8039,56.52,4.6,31,122.0,0.988,0.75,us,7.94,7.911,0.107,26
-22.7943,68.3326,10.0,4.4,12,263.0,49.594,0.48,us,13.88,2.013,0.204,7
-8.5603,110.5044,85.376,4.3,17,110.0,1.503,0.65,us,8.13,7.705,0.187,8
51.4789,159.4455,10.0,4.7,41,122.0,1.622,0.59,us,9.01,1.899,0.096,39
52.2214,158.6541,73.695,4.8,61,115.0,0.803,0.78,us,8.09,6.434,0.039,207
-22.8548,-179.492,528.326,4.4,22,111.0,5.581,0.72,us,8.71,12.299,0.154,17
-26.6899,-176.2602,35.0,4.6,17,176.0,33.693,0.49,us,15.65,1.97,0.129,18
25.8597,59.9821,10.0,4.1,28,219.0,3.536,0.54,us,9.72,1.893,0.114,21
26.9293,91.7415,41.144,4.3,60,155.0,2.816,0.76,us,8.76,6.43,0.075,50
51.8308,158.9979,56.964,4.9,92,119.0,1.213,0.54,us,10.6,7.202,0.06,88
-22.7597,-66.771,219.095,4.8,59,43.0,1.313,0.86,us,10.65,7.314,0.059,90
-0.1931,125.2772,49.367,4.7,49,68.0,4.678,0.79,us,6.98,8.427,0.095,34
51.5167,159.7543,39.234,4.2,18,137.0,1.655,0.57,us,12.33,8.171,0.152,12
51.0899,159.4185,10.0,4.5,15,138.0,1.994,0.74,us,9.19,1.825,0.18,9
-30.9679,-179.3514,199.19,4.6,24,139.0,6.857,1.12,us,11.89,8.801,0.109,25
24.0687,126.2927,10.0,4.8,47,136.0,1.904,0.81,us,8.44,1.91,0.071,63
8.8826,126.3296,85.642,4.3,25,120.0,1.949,0.57,us,15.72,6.969,0.129,17
-2.346,-77.4063,6.582,4.2,38,86.0,1.049,1.04,us,3.98,4.103,0.118,23
-16.0687,-173.7091,90.747,4.4,19,134.0,2.842,1.16,us,10.53,9.232,0.17,10
52.8784,160.3235,35.0,4.3,26,116.0,1.023,0.91,us,9.99,1.923,0.113,22
-4.5746,-12.581,10.0,4.6,14,97.0,3.776,0.36,us,8.45,1.867,0.182,10
29.2506,129.5135,10.0,4.3,26,112.0,2.393,0.72,us,8.7,1.9,0.122,19
-2.9325,136.8978,49.295,4.3,20,55.0,1.297,0.81,us,7.2,8.709,0.125,18
51.4051,158.6277,35.0,4.4,31,134.0,1.621,0.46,us,10.36,1.878,0.112,23
7.2137,127.1816,10.0,4.2,20,125.0,1.597,1.15,us,8.03,1.908,0.159,11
-14.3466,166.454,10.0,4.3,16,183.0,1.312,1.06,us,10.78,1.967,0.153,12
53.0106,160.9939,28.799,4.4,41,172.0,1.416,0.65,us,12.25,7.423,0.086,41
-17.7152,-178.2546,594.174,4.3,37,79.0,2.583,0.48,us,10.88,8.569,0.101,28
-15.2696,-173.2225,10.0,4.3,15,66.0,1.943,1.0,us,8.04,1.868,0.217,7
40.8514,142.7404,44.206,4.9,68,127.0,1.204,1.11,us,6.74,7.483,0.062,82
54.6464,160.4206,10.0,4.1,27,142.0,1.935,0.51,us,13.37,1.932,0.087,36
51.9212,157.8016,85.262,4.4,37,123.0,1.191,0.5,us,10.16,7.47,0.098,30
12.9753,121.2449,10.0,4.7,76,97.0,7.255,0.75,us,10.44,1.864,0.058,90
1.427,127.3958,82.03,4.3,30,131.0,3.801,0.72,us,14.91,6.423,0.102,27
51.1722,160.888,10.0,4.5,41,131.0,2.311,0.39,us,9.36,1.904,0.064,71
-17.0648,167.9348,23.559,4.4,22,159.0,1.755,0.58,us,10.27,6.584,0.134,16
9.9384,-70.7343,10.0,4.2,8,202.0,1.053,0.51,us,12.44,1.979,0.236,5
16.5189,-59.498,10.0,4.6,41,102.0,2.468,0.67,us,7.32,1.902,0.075,53
52.4388,160.9549,10.0,4.5,45,120.0,2.088,0.57,us,9.15,1.893,0.091,35
-17.9396,168.104,35.0,4.2,24,89.0,2.625,0.99,us,5.12,1.847,0.137,15
-6.3028,146.7093,107.146,4.3,32,126.0,3.114,0.82,us,7.52,8.634,0.105,26
52.2855,160.4546,10.0,4.9,105,120.0,1.325,0.78,us,7.69,1.877,0.051,122
-18.5151,-70.6429,41.784,4.1,21,149.0,0.32,1.2,us,7.69,8.384,0.198,8
36.2397,71.2672,113.684,4.9,90,81.0,2.286,0.76,us,7.23,6.798,0.054,105
50.0075,157.8292,10.0,4.4,36,133.0,3.063,0.7,us,10.17,1.902,0.066,66
51.7785,158.683,61.473,4.2,46,124.0,1.247,0.66,us,8.78,7.63,0.095,31
52.7977,161.4392,10.0,5.5,194,56.0,1.704,0.77,us,7.41,1.713,0.02,848
51.4769,159.1385,45.09,4.3,31,127.0,1.578,0.63,us,9.59,6.819,0.129,17
53.4759,160.134,59.949,4.3,46,114.0,1.0,0.49,us,11.84,8.662,0.08,45
-9.5616,158.4298,10.0,4.7,34,75.0,1.502,0.62,us,9.31,1.875,0.097,32
51.2586,158.1456,49.062,4.1,31,134.0,1.795,0.59,us,13.27,8.417,0.107,24
6.9431,-73.1526,151.092,4.3,91,70.0,2.386,0.81,us,6.71,10.212,0.058,84
16.4189,-62.0859,172.223,4.3,50,75.0,0.53,0.49,us,6.37,5.49,0.084,42
40.2919,143.9546,10.0,4.4,17,147.0,1.824,0.63,us,7.34,1.95,0.169,12
42.0242,137.5574,286.491,4.1,81,58.0,2.912,0.96,us,9.0,7.608,0.066,63
-17.8401,167.764,35.0,4.6,20,142.0,4.251,0.59,us,9.9,1.966,0.152,13
-3.1168,136.2347,10.0,4.0,18,53.0,1.753,0.55,us,4.65,1.921,0.183,8
11.6158,140.7343,47.872,4.7,44,61.0,4.487,0.63,us,8.33,5.485,0.067,68
19.1898,121.2637,29.92,4.9,83,105.0,3.614,1.02,us,9.8,5.475,0.051,119
52.2899,159.5543,35.0,4.8,82,120.0,0.918,0.88,us,4.09,1.936,0.053,110
-13.423,167.4922,10.0,4.4,33,161.0,2.031,0.81,us,9.43,1.894,0.112,23
-5.5947,104.3749,10.0,4.6,45,113.0,0.811,1.17,us,5.73,1.863,0.092,35
49.8183,157.2554,35.0,4.3,60,135.0,3.306,0.8,us,11.13,1.946,0.075,50
51.7473,159.3619,34.855,4.4,73,125.0,1.35,0.68,us,8.92,4.752,0.059,84
16.7087,120.3902,71.961,4.6,49,107.0,6.112,1.05,us,10.38,4.287,0.075,53
-17.2084,-174.6589,206.544,4.5,25,117.0,4.295,0.85,us,14.94,13.13,0.111,26
-3.8526,-102.6551,10.0,4.6,40,143.0,30.745,0.55,us,14.43,1.764,0.093,35
-21.5986,-68.3806,145.16,4.4,37,87.0,0.825,0.75,us,6.27,6.361,0.117,21
7.1713,126.8099,81.491,4.9,85,109.0,1.226,1.24,us,8.44,7.102,0.066,72
9.3982,94.0014,10.0,4.5,69,36.0,5.069,0.65,us,9.39,1.859,0.075,52
5.9556,94.9697,10.0,4.7,36,84.0,5.291,0.9,us,8.86,1.887,0.114,23
28.3293,64.1317,41.877,4.9,163,76.0,7.502,0.78,us,8.58,6.667,0.043,170
13.2707,-91.2878,10.0,4.0,44,202.0,1.308,1.2,us,8.18,1.97,0.08,42
45.177,78.3673,10.0,4.3,60,75.0,2.016,0.57,us,5.9,1.893,0.093,34
-18.5359,-177.3719,392.932,4.5,114,121.0,3.722,0.63,us,12.43,8.049,0.047,136
29.3918,129.2546,10.0,4.6,44,106.0,2.35,0.8,us,7.27,1.875,0.068,64
31.528,66.9695,10.0,4.4,56,145.0,3.49,0.7,us,10.64,1.933,0.087,38
-4.7912,114.7513,10.0,4.2,25,75.0,3.703,1.17,us,7.67,1.949,0.166,10
16.354,-92.8733,208.454,4.4,60,110.0,0.711,0.62,us,8.39,6.205,0.072,55
-24.32,-67.1008,167.076,4.5,34,62.0,1.683,0.62,us,9.02,8.977,0.135,16
49.8443,155.9729,68.381,4.6,86,127.0,3.442,0.52,us,10.13,6.961,0.051,115
30.2993,67.8799,10.0,4.3,57,99.0,4.335,0.9,us,6.13,1.878,0.093,34
50.7164,159.6289,10.0,4.6,20,145.0,2.389,0.85,us,12.05,1.938,0.119,21
-27.9657,-176.571,43.29,4.7,39,135.0,1.746,0.73,us,14.42,6.138,0.123,20
25.1114,126.1506,35.0,4.3,31,88.0,1.888,0.84,us,7.96,1.94,0.129,17
-17.5198,167.8604,49.537,4.3,11,114.0,2.155,0.7,us,10.41,6.571,0.217,6
48.2687,157.0162,10.0,4.2,12,156.0,4.865,0.48,us,11.97,1.874,0.2,7
51.2896,158.5078,40.968,4.2,57,132.0,1.739,0.48,us,12.04,7.949,0.077,47
54.5599,-159.8372,34.724,3.6,29,206.0,0.307,0.95,us,7.32,6.1,0.249,4
52.6177,161.5813,10.0,4.2,23,124.0,2.404,0.58,us,10.08,1.916,0.141,14
5.0719,125.6202,43.832,4.4,39,60.0,0.365,0.71,us,7.08,5.891,0.102,28
-5.8611,110.8421,516.001,4.1,25,55.0,1.246,0.66,us,8.87,8.488,0.14,14
51.5233,159.93,10.0,4.3,23,167.0,1.696,0.84,us,7.72,1.957,0.129,17
3.1322,-31.4123,10.0,4.6,39,66.0,20.446,0.81,us,12.72,1.882,0.081,45
-13.0353,-74.503,76.246,4.6,45,114.0,2.51,0.68,us,8.96,7.691,0.064,73
-20.3625,-177.6239,469.676,4.7,51,53.0,7.362,0.83,us,13.12,7.53,0.08,48
50.2826,159.0167,10.0,4.0,34,134.0,2.754,0.6,us,9.79,1.905,0.111,22
51.1,159.3869,25.837,4.3,24,156.0,1.979,0.7,us,13.66,7.658,0.133,16
-19.8195,169.8249,10.0,4.6,21,127.0,3.556,0.47,us,6.94,1.802,0.157,12
4.4323,-73.328,10.0,4.9,102,69.0,1.071,0.71,us,8.59,1.868,0.025,485
30.7267,70.2794,10.0,4.1,20,244.0,3.899,0.7,us,9.43,1.965,0.144,13
34.8374,32.4318,10.0,4.4,28,124.0,0.749,0.68,us,4.75,1.867,0.144,14
-5.1711,152.7504,35.0,4.6,55,149.0,1.136,0.83,us,8.87,1.919,0.081,45
-18.9684,167.5432,10.0,4.9,44,124.0,3.255,1.21,us,7.95,1.892,0.095,35
51.1059,159.6807,10.0,4.9,34,170.0,2.023,0.76,us,11.95,1.955,0.104,29
7.7288,127.1648,35.0,4.5,47,108.0,1.704,1.39,us,9.67,1.921,0.085,45
36.2597,69.7281,158.58,4.1,26,149.0,1.807,1.09,us,6.58,14.377,0.233,5
18.2311,146.1409,171.084,4.1,18,122.0,2.993,1.18,us,15.23,7.901,0.165,10
-8.8381,118.7623,112.873,4.5,35,83.0,0.974,1.11,us,6.13,7.284,0.111,24
51.6136,158.4984,73.349,4.6,97,108.0,1.415,0.7,us,8.91,6.64,0.058,90
41.0404,142.932,43.061,4.3,63,134.0,0.988,0.51,us,6.36,7.724,0.085,39
-22.2024,-179.5728,590.176,4.3,39,133.0,4.965,0.48,us,13.23,8.145,0.102,27
-58.8145,-26.4439,132.969,4.7,48,68.0,16.066,0.6,us,12.96,5.059,0.085,42
52.0887,160.897,10.0,4.2,26,144.0,1.661,0.38,us,11.36,1.938,0.128,17
49.8442,157.0068,50.493,4.4,54,135.0,3.297,0.38,us,13.24,7.826,0.083,42
7.1771,127.1755,10.0,4.9,68,54.0,1.588,1.07,us,7.21,1.831,0.053,111
50.5441,157.3479,35.0,4.3,35,130.0,2.577,0.52,us,11.27,1.944,0.094,32
32.1694,87.9985,10.0,4.4,63,92.0,3.643,0.42,us,11.82,1.877,0.071,57
12.1522,-86.4944,162.058,4.3,22,145.0,0.241,0.42,us,9.5,7.237,0.153,12
-29.2831,-177.8099,10.0,4.7,30,129.0,8.87,0.77,us,13.84,1.922,0.11,25
16.1249,96.5679,10.0,4.6,61,128.0,3.005,0.81,us,6.56,1.894,0.082,44
30.0261,69.8674,10.0,4.3,49,138.0,4.519,1.13,us,10.43,1.928,0.104,26
53.0164,159.8063,67.103,4.2,35,134.0,0.699,0.55,us,11.33,7.299,0.113,26
52.3932,160.147,55.118,4.9,65,143.0,1.108,0.86,us,7.87,11.465,0.056,100
-5.8713,152.4003,10.0,4.5,20,154.0,1.598,0.63,us,5.62,1.923,0.145,14
-6.3978,151.8483,10.0,4.4,30,85.0,2.214,0.86,us,9.24,1.897,0.11,24
-4.061,-12.0098,10.0,4.5,16,117.0,4.5,0.59,us,13.22,1.542,0.164,11
52.6952,159.6643,82.85,4.4,17,193.0,0.697,0.64,us,14.85,9.774,0.155,12
-49.0079,124.7052,10.0,4.1,17,136.0,16.835,0.55,us,13.8,1.842,0.145,13
13.0958,124.9327,35.0,4.4,18,135.0,10.806,0.86,us,10.62,1.966,0.139,15
-57.9144,-25.4478,68.264,5.0,64,55.0,7.165,0.65,us,9.09,5.222,0.081,49
2.8968,95.3365,10.0,5.1,136,39.0,2.74,0.49,us,8.31,1.775,0.052,119
52.0258,-171.3369,35.0,3.6,68,190.0,1.156,0.72,us,6.93,1.993,0.064,62
23.2074,120.4011,10.0,4.4,48,49.0,0.23,0.8,us,2.14,1.836,0.094,33
-20.875,-66.7739,217.89,4.5,44,66.0,2.347,1.02,us,7.89,8.724,0.048,125
53.1025,159.9097,65.865,4.8,59,126.0,1.324,0.87,us,10.51,7.069,0.047,142
34.7251,32.5184,10.0,4.7,56,139.0,0.709,0.93,us,5.23,1.908,0.09,37
51.7974,160.3915,10.0,4.4,59,123.0,1.627,0.8,us,10.53,1.921,0.062,74
-23.0609,-68.8495,103.357,4.1,22,66.0,0.627,0.72,us,4.91,4.662,0.165,10
51.0453,157.0508,79.483,4.5,60,134.0,2.104,0.61,us,11.78,7.338,0.077,49
5.8234,61.5165,10.0,4.7,54,67.0,23.397,1.07,us,9.92,1.817,0.074,55
52.4441,160.7128,10.0,4.0,21,150.0,1.382,0.98,us,11.31,1.982,0.195,10
-19.4817,169.7526,34.312,5.1,56,89.0,3.787,0.94,us,7.82,4.413,0.054,111
52.1494,160.0293,35.0,4.4,23,124.0,1.214,0.51,us,8.31,1.961,0.107,25
-21.2729,-68.6471,115.328,4.1,25,62.0,0.76,0.49,us,5.62,4.527,0.157,12
9.6582,126.1559,17.182,4.5,18,111.0,2.634,0.62,us,12.76,4.874,0.163,11
-17.6307,-69.4268,151.89,4.2,25,79.0,0.065,0.91,us,8.41,4.416,0.132,16
-23.6383,179.9884,544.334,4.6,53,126.0,6.137,0.8,us,13.16,7.03,0.043,162
52.8627,159.4762,58.953,4.0,24,119.0,0.525,0.63,us,11.04,7.12,0.129,16
7.073,126.8243,72.22,5.5,114,101.0,1.236,0.98,us,4.18,6.465,0.045,171
-20.3151,-70.2925,42.628,4.4,19,174.0,1.045,0.59,us,4.81,10.901,0.309,3
-1.9974,-13.1468,10.0,4.2,21,103.0,6.018,0.71,us,11.8,1.916,0.136,15
51.9517,160.8726,10.0,4.1,14,217.0,1.732,0.93,us,7.21,1.992,0.213,7
-4.7694,140.6062,10.0,4.4,21,86.0,1.782,0.82,us,5.31,1.897,0.123,19
34.7136,70.8489,10.0,4.3,19,238.0,1.428,0.6,us,14.86,2.009,0.119,20
-22.4798,173.5484,10.0,4.3,14,136.0,5.642,0.69,us,11.49,1.896,0.168,10
52.9462,161.0707,10.0,4.4,108,132.0,1.466,0.74,us,9.61,1.889,0.055,101
3.45,122.7234,540.502,4.2,74,39.0,2.905,0.64,us,9.88,8.092,0.069,60
43.6603,147.8058,47.63,4.9,113,135.0,3.793,0.41,us,9.8,7.362,0.058,95
6.9321,127.2205,19.781,4.4,24,133.0,1.635,0.77,us,9.83,4.335,0.135,16
21.0542,121.9886,10.0,4.9,113,78.0,1.947,0.75,us,7.74,1.856,0.043,169
-1.444,-77.8727,164.528,4.4,88,77.0,0.16,0.7,us,9.99,5.04,0.061,77
-18.132,168.3039,18.282,4.5,23,76.0,2.87,1.11,us,8.42,4.506,0.136,16
21.6642,99.7826,10.0,4.5,69,68.0,1.531,0.52,us,7.93,1.874,0.077,51
50.1629,159.3224,10.0,4.4,110,136.0,2.895,0.5,us,9.86,1.89,0.054,97
52.7938,160.8617,10.0,4.3,47,119.0,1.359,0.86,us,9.59,1.897,0.093,33
52.761,160.6984,10.0,4.2,34,133.0,1.269,0.79,us,11.84,1.926,0.095,31
52.2723,160.2989,23.026,4.8,86,133.0,1.79,0.57,us,11.27,5.651,0.066,72
52.4459,160.6624,10.0,4.3,30,120.0,1.353,0.61,us,9.52,1.908,0.125,22
-2.1389,139.5936,40.498,4.7,29,79.0,1.17,1.28,us,6.51,7.438,0.112,24
-10.9112,164.88,10.0,4.6,18,134.0,5.044,1.05,us,10.14,1.916,0.173,10
49.7391,157.562,10.0,4.5,88,134.0,3.359,0.72,us,9.91,1.881,0.055,96
3.0244,-31.2871,10.0,4.8,40,52.0,20.447,0.81,us,12.59,1.875,0.094,35
-55.527,-26.9868,10.0,4.6,48,102.0,5.622,0.54,us,11.53,1.869,0.09,37
-35.5189,-178.9917,10.0,4.2,10,260.0,2.982,0.41,us,14.88,2.002,0.216,6
19.0733,145.477,204.514,4.3,31,125.0,3.823,1.04,us,13.41,9.562,0.109,24
60.9532,-28.0169,10.0,4.7,91,94.0,4.886,1.0,us,8.74,1.889,0.039,193
36.3077,77.0619,10.0,4.4,37,115.0,3.084,0.89,us,9.14,1.916,0.112,23
51.5803,160.0888,10.0,4.4,50,127.0,1.694,0.93,us,8.9,1.903,0.081,51
-5.7436,153.0613,10.0,4.7,32,139.0,1.783,0.61,us,9.25,1.914,0.11,25
48.7738,156.2107,10.0,4.7,165,119.0,4.441,0.5,us,4.63,1.867,0.034,260
27.3931,52.5727,10.0,4.2,47,83.0,4.073,0.78,us,8.93,1.894,0.089,35
-21.4726,-68.5154,144.143,4.2,20,52.0,1.002,1.14,us,6.68,8.469,0.2,7
-20.6232,-177.9692,515.368,4.4,24,211.0,4.725,0.5,us,24.56,21.212,0.12,21
52.6557,160.9638,40.708,4.5,35,149.0,1.451,0.9,us,10.82,8.574,0.106,26
-55.3861,-129.7475,10.0,4.5,25,54.0,30.722,0.75,us,14.22,1.845,0.127,18
43.7287,89.0912,10.0,4.5,58,79.0,4.767,0.87,us,9.12,1.94,0.106,26
8.7329,-82.0964,10.0,4.3,18,212.0,1.251,0.72,us,9.36,2.009,0.168,10
52.4486,160.7711,29.521,4.0,20,176.0,1.412,0.78,us,13.51,8.352,0.118,19
-18.235,-178.0515,585.429,4.2,42,133.0,3.019,0.65,us,11.67,8.852,0.099,28
29.2823,129.3891,10.0,4.5,74,108.0,2.402,0.49,us,6.98,1.866,0.074,54
-12.7461,166.5623,130.729,4.6,76,63.0,7.276,0.66,us,8.97,5.716,0.069,67
57.3297,-32.9584,10.0,4.5,25,112.0,9.321,0.58,us,12.6,1.922,0.121,20
50.6857,157.0186,64.782,4.3,49,135.0,2.463,0.48,us,11.1,7.612,0.094,32
-29.2558,-112.2399,10.0,5.2,171,114.0,3.328,0.63,us,12.21,1.888,0.034,281
52.5294,160.7131,35.786,4.2,30,120.0,1.347,0.82,us,10.78,7.86,0.121,19
13.3807,145.5516,74.932,4.4,57,170.0,0.696,0.54,us,8.56,7.22,0.081,47
51.959,160.8506,10.0,4.2,34,183.0,1.717,0.44,us,12.8,1.984,0.11,23
-20.1512,-174.1952,17.325,4.9,54,123.0,6.623,0.82,us,13.54,5.043,0.049,132
3.0098,-31.4978,10.0,5.0,58,154.0,20.298,1.02,us,13.69,1.925,0.056,102
11.4894,-86.5096,69.57,4.5,155,84.0,0.704,0.64,us,2.36,7.467,0.037,217
-10.9716,165.9331,71.837,4.6,28,144.0,6.085,0.45,us,13.27,8.761,0.116,22
-6.6166,129.9257,139.142,4.7,32,101.0,4.342,0.26,us,5.65,8.975,0.12,21
-36.2734,-101.3359,10.0,4.4,11,152.0,35.556,0.39,us,20.19,1.935,0.18,9
22.8936,143.7755,40.888,4.6,33,99.0,4.426,0.6,us,11.55,7.39,0.111,24
52.3704,160.4888,10.0,4.2,19,212.0,1.296,1.33,us,9.24,1.96,0.158,11
52.8181,161.0695,10.0,4.6,39,119.0,1.479,1.18,us,10.39,1.898,0.085,41
51.3358,159.2549,35.0,4.3,16,230.0,1.731,0.68,us,12.29,1.987,0.188,8
13.6478,120.8577,208.633,4.3,74,74.0,8.018,0.79,us,10.19,8.568,0.07,58
50.5746,157.7638,10.0,4.9,118,113.0,2.513,0.94,us,8.28,1.873,0.054,107
52.2192,159.9407,35.0,4.6,84,118.0,1.126,1.14,us,9.81,1.95,0.058,88
-21.7111,170.7311,113.377,4.1,15,120.0,3.174,0.86,us,11.36,9.817,0.185,8
10.8902,123.9522,10.0,4.6,45,122.0,6.302,0.62,us,12.59,1.9,0.093,34
-31.6796,-71.7415,33.286,4.3,34,141.0,0.746,0.63,us,4.3,5.315,0.168,10
33.7183,90.741,10.0,4.5,66,46.0,4.016,0.69,us,8.69,1.876,0.073,55
50.6188,156.9493,74.025,4.2,65,135.0,2.536,0.54,us,4.48,8.024,0.073,52
-10.2779,161.2594,88.908,4.5,24,132.0,1.538,0.53,us,12.63,8.602,0.116,22
51.4903,160.8763,10.0,4.3,50,128.0,2.057,0.75,us,7.83,1.794,0.086,38
7.0104,126.8277,71.86,4.4,37,86.0,1.241,0.98,us,7.82,7.212,0.11,24
-13.6034,-74.7837,83.771,4.1,26,123.0,2.571,0.95,us,10.81,9.088,0.145,13
29.7497,141.2915,121.74,4.3,21,183.0,2.759,0.54,us,12.77,9.82,0.133,16
51.4638,176.9412,35.0,3.5,23,214.0,1.091,0.72,us,7.51,2.013,0.221,5
-14.2313,167.3094,10.0,4.5,20,208.0,6.915,1.03,us,13.47,1.962,0.14,15
-23.5503,-179.7992,549.106,4.4,39,117.0,5.932,0.8,us,13.18,8.384,0.089,36
-58.9539,-25.7335,96.92,4.9,84,67.0,7.552,0.59,us,10.77,5.595,0.064,79
41.7698,88.1512,10.0,4.7,69,105.0,6.155,0.52,us,9.9,1.886,0.063,78
51.3831,159.6595,10.0,4.9,60,128.0,1.756,0.8,us,7.84,1.818,0.057,98
51.1532,160.7605,10.0,4.3,20,138.0,2.281,0.64,us,13.03,1.921,0.142,14
-33.0054,-70.4629,104.373,4.2,29,77.0,0.225,0.4,us,4.21,4.871,0.236,5
-30.2388,-177.4398,35.0,4.7,21,201.0,1.059,1.16,us,9.81,1.983,0.134,18
-7.5953,127.6016,163.157,4.3,40,55.0,3.816,0.94,us,8.29,8.045,0.09,35
-60.4174,-62.4535,10.0,4.9,29,128.0,4.435,0.94,us,7.95,1.765,0.116,23
27.9119,-111.9133,10.0,4.0,31,111.0,0.658,0.52,us,4.47,1.968,0.119,20
52.201,160.6464,10.0,4.2,20,123.0,2.012,1.25,us,10.64,1.92,0.141,14
5.6799,125.8014,145.957,4.4,76,106.0,0.994,0.86,us,5.75,4.968,0.065,69
25.0545,128.6587,10.0,4.1,20,101.0,1.808,1.21,us,6.17,1.912,0.158,13
32.2551,142.023,10.0,4.4,39,130.0,2.051,0.52,us,8.97,1.895,0.117,21
51.211,158.8515,35.0,4.6,57,129.0,1.819,0.49,us,9.73,1.921,0.105,27
-60.0526,-61.9887,10.0,5.0,44,125.0,4.835,0.71,us,6.45,1.727,0.091,38
10.6872,140.9811,10.0,4.3,17,132.0,4.771,0.65,us,8.57,1.917,0.169,12
-2.0333,138.9557,35.0,4.9,31,73.0,0.957,0.59,us,4.68,1.889,0.104,29
49.405,158.1951,10.0,4.3,16,137.0,3.721,0.47,us,9.1,1.815,0.168,10
49.6905,155.962,66.239,5.0,102,87.0,3.591,0.83,us,9.0,5.249,0.023,601
52.9424,161.0077,10.0,4.1,18,170.0,1.428,0.67,us,11.62,1.962,0.165,10
-15.5576,-172.8108,10.0,4.7,49,72.0,1.918,0.78,us,10.1,1.87,0.08,47
52.0883,160.6467,21.806,4.4,41,108.0,1.537,1.09,us,7.63,4.682,0.095,32
-60.3848,-62.2424,10.0,4.9,25,98.0,4.485,0.71,us,6.3,1.873,0.162,15
51.5556,159.4736,35.0,4.6,35,127.0,1.555,0.73,us,8.36,1.89,0.101,29
12.9664,145.5158,10.0,4.5,39,149.0,0.884,0.84,us,8.18,1.906,0.104,27
40.6139,78.8172,10.0,4.9,92,50.0,1.351,0.79,us,6.5,1.128,0.051,122
48.6211,157.4251,10.0,5.0,66,136.0,4.476,0.62,us,8.85,1.876,0.028,416
52.5842,160.9213,10.0,4.4,43,115.0,1.447,0.52,us,8.94,1.903,0.09,36
51.9687,159.7249,35.0,4.2,49,234.0,1.244,0.51,us,5.58,2.014,0.075,50
9.2761,126.7381,35.0,4.4,37,111.0,2.474,0.37,us,13.32,1.938,0.096,31
-6.2118,151.8342,10.0,4.9,45,65.0,2.034,0.79,us,7.95,1.865,0.061,85
-30.4772,-178.3959,10.0,4.3,12,160.0,1.293,1.03,us,10.97,1.927,0.201,7
52.7396,160.9397,10.0,4.0,10,120.0,1.416,0.35,us,9.67,1.873,0.164,10
-4.6443,139.2885,10.0,4.3,25,142.0,0.641,1.12,us,4.14,1.922,0.137,15
50.0851,158.3609,26.091,4.0,24,134.0,2.948,0.79,us,12.05,6.181,0.134,15
51.4759,159.745,10.0,4.0,11,258.0,1.69,1.0,us,7.65,1.988,0.212,7
-58.9567,-26.0934,102.946,4.5,14,96.0,15.856,0.25,us,14.74,6.209,0.156,12
51.4402,159.5518,21.448,4.9,66,126.0,1.68,0.57,us,9.03,5.759,0.076,55
43.5911,147.3447,55.299,4.3,16,204.0,3.46,1.01,us,15.23,13.204,0.16,11
49.9782,158.4247,10.0,4.6,114,135.0,3.053,0.6,us,8.29,1.882,0.055,101
16.4815,-59.454,10.0,4.6,31,188.0,1.547,0.77,us,8.01,1.949,0.146,14
-49.8036,116.2712,10.0,4.3,18,141.0,16.785,0.73,us,13.69,1.93,0.138,15
-60.1288,-62.4106,10.0,4.9,35,83.0,4.724,0.51,us,9.28,1.855,0.101,32
17.0899,-85.274,10.0,4.7,59,52.0,4.649,1.02,us,8.29,1.929,0.031,311
-0.3219,132.261,10.0,4.3,25,59.0,1.137,0.96,us,6.32,1.892,0.117,21
-0.3096,131.9054,10.0,4.6,33,90.0,0.848,0.61,us,5.39,0.62,0.114,23
68.935,-17.2625,10.0,4.3,97,47.0,2.257,0.61,us,5.64,1.806,0.06,78
-7.2976,129.3387,149.435,4.3,18,68.0,2.814,1.19,us,9.34,10.326,0.178,9
34.8982,23.3599,46.752,4.4,84,95.0,2.555,0.85,us,9.14,7.678,0.064,73
51.683,159.9053,29.48,4.6,35,127.0,1.548,0.7,us,10.21,5.771,0.085,47
-1.046,-13.0171,10.0,4.9,28,96.0,11.184,1.21,us,12.25,1.877,0.091,38
0.6359,120.6222,20.408,4.4,24,97.0,2.962,1.25,us,7.4,6.232,0.149,13
50.1047,159.4145,10.0,4.6,106,116.0,2.961,0.54,us,9.59,1.876,0.049,121
52.8088,160.9096,10.0,4.2,14,148.0,1.385,0.96,us,11.05,1.946,0.215,7
52.6958,160.4507,35.0,4.8,128,78.0,1.14,0.87,us,9.34,1.855,0.031,319
49.3395,156.1103,59.872,4.5,38,190.0,3.904,0.48,us,12.15,8.112,0.084,42
29.3306,129.4734,10.0,4.4,29,110.0,2.33,1.05,us,7.51,1.936,0.162,11
-12.1176,166.2266,35.0,4.9,33,88.0,3.443,0.83,us,3.97,1.924,0.11,26
18.5829,-47.3495,10.0,4.6,19,142.0,12.928,0.65,us,13.72,1.94,0.137,16
50.369,158.6245,20.346,4.8,78,134.0,2.658,0.71,us,11.12,5.495,0.04,190
51.2507,158.9781,35.0,4.4,39,128.0,1.787,0.9,us,9.97,1.929,0.086,44
9.6784,126.2416,32.153,4.5,57,102.0,2.673,0.47,us,11.95,4.812,0.078,48
51.6714,159.5939,10.0,4.3,29,120.0,1.473,0.79,us,7.25,1.696,0.109,24
52.4984,160.5854,10.0,4.6,59,122.0,1.288,0.72,us,8.06,1.881,0.052,110
-27.5046,-179.5827,485.493,4.0,27,169.0,9.955,0.44,us,15.84,12.472,0.119,20
12.4439,-88.7541,35.0,4.8,50,166.0,1.102,0.95,us,6.74,1.604,0.03,341
