latitude,longitude,depth,mag,nst,gap,dmin,rms,net,horizontalError,depthError,magError,magNst
26.7568,129.6439,10.0,4.4,14,99.0,1.228,0.57,us,7.26,1.885,0.179,9
4.2141,126.6853,50.309,4.5,28,113.0,1.309,0.56,us,7.11,8.872,0.121,20
51.7695,160.2913,10.0,5.2,85,107.0,1.609,0.97,us,7.46,1.265,0.023,613
-14.145,166.8889,103.904,4.2,24,133.0,6.837,1.2,us,17.49,8.641,0.125,18
29.6691,81.7981,10.0,4.2,33,114.0,3.579,1.0,us,7.27,1.924,0.125,18
-10.8681,161.3367,10.0,4.3,21,109.0,1.972,0.95,us,4.92,1.912,0.142,15
52.5224,-32.3083,10.0,4.2,40,97.0,11.223,0.69,us,11.01,1.924,0.099,28
54.4878,-159.8641,35.0,3.2,25,159.0,0.379,0.84,us,2.73,1.993,0.215,5
41.0404,142.932,43.061,4.3,63,134.0,0.988,0.51,us,6.36,7.724,0.085,39
1.0344,97.1099,10.0,4.7,69,139.0,2.45,0.44,us,7.04,1.888,0.072,59
51.5787,159.7664,10.0,4.8,91,120.0,1.601,0.7,us,8.06,1.884,0.06,84
-6.5885,128.4001,264.724,4.2,18,89.0,5.161,0.58,us,8.33,10.662,0.214,6
-15.5943,-173.85,102.244,4.5,18,216.0,2.609,0.46,us,10.99,11.204,0.15,14
46.3138,152.7644,30.579,4.4,41,136.0,7.51,0.56,us,11.09,6.226,0.112,23
-16.0559,168.0852,262.614,4.1,21,148.0,1.043,0.72,us,14.32,11.443,0.135,15
52.5131,160.8858,10.0,4.4,28,175.0,1.451,0.57,us,8.6,1.866,0.105,26
52.7253,161.0937,35.0,4.5,33,132.0,1.511,0.63,us,12.31,1.934,0.093,34
51.0353,158.6013,35.0,4.6,101,129.0,1.991,0.78,us,8.29,1.911,0.053,105
-22.5347,-174.6256,10.0,4.9,60,121.0,5.581,1.27,us,12.82,1.862,0.077,53
-23.3474,170.7457,10.0,5.0,45,208.0,3.127,0.78,us,11.3,1.92,0.085,44
51.6635,160.0305,10.0,4.8,74,135.0,1.604,0.81,us,10.7,1.899,0.062,80
52.7118,160.9134,10.0,4.4,33,152.0,1.407,0.49,us,9.49,1.94,0.114,22
-11.5794,116.6017,10.0,4.3,33,98.0,2.969,0.86,us,6.65,1.746,0.109,24
72.4889,3.0994,10.0,4.4,91,62.0,3.95,0.76,us,4.82,1.879,0.061,83
-29.3547,-68.2498,24.5,4.3,27,148.0,1.721,0.63,us,5.75,6.438,0.267,4
51.3272,158.5545,40.888,4.6,57,118.0,1.7,0.86,us,9.62,7.098,0.057,94
51.6656,160.2727,10.0,4.6,31,127.0,1.685,0.69,us,10.27,1.924,0.125,19
58.8008,-31.4532,10.0,4.9,74,85.0,7.649,0.8,us,10.4,1.844,0.053,112
52.406,161.0786,18.497,4.2,14,172.0,1.602,0.41,us,15.24,7.619,0.2,7
51.1203,158.2101,46.91,4.9,40,122.0,1.925,0.89,us,9.98,7.196,0.055,104
-60.2192,-61.5746,10.0,4.6,26,134.0,4.713,0.67,us,5.42,1.917,0.116,22
6.9544,-73.1265,147.834,4.2,30,115.0,2.409,0.67,us,7.86,11.659,0.12,19
-30.785,-178.5347,10.0,4.6,16,253.0,7.248,0.23,us,8.35,1.98,0.157,12
50.6975,158.3757,26.399,4.3,80,121.0,2.335,0.67,us,8.8,5.427,0.067,65
52.8882,161.1933,10.0,4.2,34,162.0,1.545,0.98,us,12.81,1.961,0.107,24
51.6968,160.3565,10.0,4.3,27,165.0,1.691,0.76,us,12.28,1.967,0.129,17
52.4658,161.0192,10.0,4.4,84,122.0,1.545,0.98,us,8.58,1.887,0.063,73
-61.2585,-35.6231,10.0,4.5,18,83.0,7.01,0.73,us,12.2,1.924,0.135,19
51.7541,158.2503,35.0,6.0,79,84.0,1.295,0.75,us,8.28,1.824,0.078,62
49.5864,158.9363,10.0,4.4,94,135.0,3.446,0.6,us,9.66,1.884,0.059,84
53.4806,-164.8047,35.0,3.4,39,165.0,1.075,0.6,us,7.68,2.002,0.147,11
52.0987,161.5807,10.0,4.4,57,125.0,2.014,0.67,us,9.88,1.896,0.06,82
52.0656,161.6507,10.0,4.1,17,125.0,2.068,0.41,us,9.14,1.911,0.184,9
52.031,160.4215,10.0,4.3,20,125.0,1.469,1.25,us,9.24,1.923,0.133,16
41.8774,87.9952,10.0,4.5,50,112.0,6.012,1.01,us,11.25,1.909,0.095,32
52.6169,-32.0699,10.0,4.5,71,84.0,11.228,1.13,us,9.72,1.907,0.072,56
6.4896,126.7054,194.346,5.0,63,57.0,1.258,0.82,us,8.39,6.369,0.041,185
-6.1107,153.6281,10.0,4.6,19,150.0,2.401,0.38,us,8.32,1.914,0.132,17
-9.0199,-79.0454,72.731,5.0,66,61.0,3.659,0.57,us,11.54,5.319,0.031,338
50.8617,158.6144,33.748,4.4,20,171.0,2.165,0.83,us,11.05,7.371,0.155,12
19.5733,-109.1535,10.0,3.8,32,241.0,4.131,0.69,us,14.42,2.014,0.085,36
52.4419,161.2073,39.408,4.4,61,130.0,1.661,1.26,us,10.04,6.974,0.072,56
52.4597,160.7178,10.0,4.3,126,121.0,1.378,0.64,us,7.48,1.865,0.051,115
50.3822,157.6686,35.163,4.4,47,136.0,2.715,0.72,us,11.49,7.796,0.062,75
51.7281,159.4201,58.703,4.4,32,126.0,1.381,0.87,us,9.95,8.064,0.11,24
54.459,-159.6977,33.217,4.1,112,163.0,0.378,0.58,us,5.69,6.304,0.14,14
40.9474,35.1315,10.0,4.5,70,34.0,1.076,0.83,us,4.9,1.867,0.088,38
3.7982,126.1129,72.496,4.2,17,146.0,1.123,1.18,us,10.21,15.584,0.176,11
6.3466,127.3576,10.0,4.6,38,62.0,1.907,0.47,us,10.04,1.911,0.101,31
36.739,54.7048,10.0,4.6,58,104.0,2.968,1.2,us,6.77,1.876,0.058,88
-1.7476,69.1427,10.0,4.5,15,80.0,4.448,1.2,us,7.57,1.889,0.204,7
-47.2353,166.0299,44.558,4.3,28,105.0,1.159,0.85,us,8.16,11.548,0.138,15
51.3119,160.5287,10.0,4.2,25,138.0,2.068,1.03,us,6.66,1.796,0.118,20
49.0807,157.7736,10.0,4.9,89,124.0,3.986,0.54,us,10.89,1.879,0.047,140
2.5539,95.6971,10.0,4.5,38,178.0,2.251,0.94,us,9.44,1.926,0.108,27
51.0064,158.5045,35.0,5.3,59,106.0,2.022,0.67,us,8.64,1.842,0.095,37
-26.3068,71.787,10.0,4.5,33,64.0,41.153,0.49,us,14.13,1.883,0.113,23
52.2594,158.0752,10.0,5.3,66,119.0,0.842,1.04,us,8.04,1.881,0.076,59
29.3983,129.3391,10.0,4.5,37,93.0,2.313,0.64,us,8.7,1.864,0.09,39
-22.8929,-66.869,236.405,4.2,16,90.0,1.209,0.74,us,13.24,12.074,0.175,9
13.7848,120.7204,148.78,4.9,78,65.0,8.206,0.94,us,9.19,6.046,0.038,217
42.3166,142.9403,59.96,4.5,136,66.0,0.342,0.62,us,6.87,5.196,0.046,136
52.2281,160.8165,34.499,4.2,27,214.0,1.542,1.24,us,14.4,9.644,0.115,21
14.3234,-92.6674,35.0,4.6,81,139.0,0.893,0.72,us,6.14,1.943,0.038,205
-54.6925,-0.8853,10.0,4.5,10,146.0,17.065,0.62,us,17.0,1.937,0.18,10
49.8927,158.5678,10.0,4.6,60,135.0,3.135,0.5,us,8.7,1.887,0.076,52
22.1306,143.7965,107.584,4.4,47,114.0,5.156,0.6,us,13.3,8.331,0.088,43
18.2852,145.5755,208.946,4.6,85,95.0,3.034,0.69,us,10.73,7.698,0.063,75
51.4089,159.303,10.0,4.5,48,135.0,1.666,0.58,us,10.46,1.889,0.085,41
52.4404,160.8249,10.0,4.3,32,122.0,2.013,0.48,us,10.54,1.906,0.109,24
-7.2642,129.088,133.453,4.4,13,107.0,5.342,0.77,us,10.3,7.989,0.267,5
30.2332,103.1203,10.0,4.3,35,92.0,5.515,0.69,us,9.03,1.908,0.109,24
5.7018,61.5557,10.0,4.4,27,107.0,23.515,0.75,us,14.86,1.93,0.13,19
12.9664,145.5158,10.0,4.5,39,149.0,0.884,0.84,us,8.18,1.906,0.104,27
-2.9195,129.5592,10.0,4.7,91,43.0,2.657,0.57,us,3.59,1.836,0.066,69
41.7831,82.422,10.0,4.5,36,87.0,2.477,1.21,us,8.74,1.699,0.115,22
53.0668,161.2952,10.0,4.2,22,116.0,1.598,0.99,us,11.23,1.916,0.121,19
49.6322,155.4731,10.0,4.2,29,186.0,3.75,0.59,us,13.42,1.975,0.118,20
52.3277,161.5303,10.0,4.4,21,135.0,1.887,0.62,us,13.76,1.941,0.134,16
50.8257,159.0104,10.0,4.4,79,102.0,2.212,0.45,us,8.86,1.872,0.067,65
27.338,52.482,10.0,4.2,41,115.0,4.107,0.84,us,8.62,1.928,0.098,29
51.5649,159.3577,35.0,5.0,85,134.0,1.524,1.03,us,10.39,1.917,0.036,250
-7.2941,102.6093,10.0,4.8,48,71.0,2.796,0.77,us,6.41,1.862,0.088,40
53.1223,159.6289,64.147,4.2,29,137.0,0.599,0.58,us,12.63,7.788,0.128,17
51.9703,158.1461,83.176,4.5,73,133.0,1.099,0.5,us,14.64,7.143,0.062,75
51.4184,159.3579,34.903,4.3,24,126.0,1.665,0.55,us,12.08,6.561,0.126,18
52.6613,161.6762,10.0,4.3,20,147.0,1.871,0.95,us,10.94,1.953,0.169,10
52.6221,161.0414,10.0,4.8,34,121.0,1.506,0.83,us,10.25,1.913,0.103,29
52.4951,160.8899,10.0,5.4,99,109.0,1.46,1.35,us,7.04,1.728,0.029,390
-6.2118,151.8342,10.0,4.9,45,65.0,2.034,0.79,us,7.95,1.865,0.061,85
11.2303,-85.6205,184.702,4.5,71,134.0,0.463,0.81,us,7.85,6.014,0.05,118
34.6356,70.6623,10.0,4.6,91,80.0,1.266,0.65,us,7.5,1.853,0.057,90
-21.1033,-176.7044,253.53,4.8,37,215.0,5.915,0.59,us,12.11,10.826,0.075,55
50.1139,157.3182,60.237,4.2,34,144.0,3.008,0.6,us,11.88,7.926,0.112,22
20.2387,96.2024,10.0,4.5,38,151.0,1.541,0.84,us,3.46,1.868,0.106,26
7.0882,127.5859,10.0,4.0,21,96.0,1.992,0.56,us,5.14,1.836,0.164,11
17.2051,19.5011,10.0,4.4,55,79.0,14.257,0.85,us,10.96,1.931,0.076,50
-4.8537,152.8551,59.019,4.2,21,121.0,0.953,0.52,us,10.21,9.684,0.136,15
35.0254,32.4592,10.0,4.6,22,97.0,0.719,0.63,us,6.24,1.92,0.158,12
52.8847,160.7586,10.0,5.3,89,106.0,1.283,0.65,us,8.32,1.859,0.04,209
-25.5645,179.6055,519.439,4.4,30,136.0,9.044,0.72,us,15.2,11.494,0.109,24
-32.7193,-178.7437,35.0,4.4,14,218.0,5.402,0.62,us,8.46,1.991,0.169,10
52.0116,161.6483,10.0,4.2,24,134.0,2.094,0.69,us,13.04,1.917,0.147,14
34.7697,141.8354,10.0,5.1,66,123.0,2.355,0.71,us,7.92,1.865,0.037,234
51.4749,160.078,10.0,4.5,35,166.0,1.782,0.68,us,8.72,1.93,0.108,25
37.8913,144.1022,10.0,4.3,29,156.0,3.731,0.48,us,10.23,1.935,0.142,14
-61.0667,-38.1619,10.0,4.2,18,110.0,6.861,0.43,us,11.77,1.936,0.132,16
-56.2489,-24.5863,10.0,4.2,13,130.0,7.08,0.87,us,13.51,1.965,0.147,13
-58.1885,-15.9097,10.0,5.1,84,56.0,12.081,0.51,us,10.7,1.369,0.066,75
37.837,69.8187,10.0,4.2,25,214.0,0.97,0.64,us,5.48,1.553,0.198,7
52.8741,160.8404,29.932,4.0,19,119.0,1.334,0.85,us,7.93,6.486,0.134,15
2.4029,128.4917,230.487,4.5,82,77.0,1.972,0.78,us,8.45,7.24,0.067,65
-21.7213,-68.8386,122.143,4.5,27,38.0,0.382,0.63,us,6.03,4.825,0.118,21
51.0628,159.7329,10.0,4.5,28,130.0,2.074,0.68,us,9.56,1.793,0.131,17
49.9763,158.331,10.0,4.6,107,79.0,3.058,0.48,us,8.51,1.866,0.046,145
40.2852,24.1773,14.279,4.1,38,68.0,1.306,0.93,us,5.67,5.716,0.233,5
53.0356,160.8122,35.0,4.3,14,171.0,1.306,0.76,us,14.05,1.986,0.238,5
-5.465,150.9384,103.873,4.6,34,87.0,1.581,0.71,us,10.25,8.346,0.105,27
52.2029,160.3558,10.0,5.0,82,122.0,1.326,0.92,us,8.22,1.87,0.041,197
-15.4802,-178.7575,427.738,4.6,89,122.0,2.055,0.38,us,14.81,8.074,0.033,278
51.3021,158.7695,50.95,4.2,18,167.0,1.726,0.39,us,12.56,9.128,0.146,14
50.1735,88.1714,10.0,4.2,20,135.0,3.483,0.68,us,9.24,1.935,0.141,14
18.6223,120.4538,23.166,4.4,41,105.0,4.215,0.46,us,10.21,5.762,0.098,32
12.7304,-88.1166,71.714,4.7,127,168.0,0.761,0.87,us,7.13,8.546,0.05,120
40.9578,14.7014,10.0,4.4,67,59.0,0.125,1.15,us,3.89,1.403,0.127,18
54.7858,160.1692,10.0,4.2,33,109.0,1.982,0.41,us,12.18,1.936,0.075,50
52.7294,160.2751,28.675,4.6,75,128.0,1.028,0.96,us,10.39,6.116,0.045,145
49.4797,155.9804,46.212,4.3,36,136.0,3.79,0.65,us,11.12,8.318,0.104,26
-57.1894,-67.574,10.0,4.1,17,150.0,2.263,0.6,us,10.58,1.899,0.145,13
-17.6656,168.2501,63.474,4.1,21,131.0,2.424,0.6,us,4.98,8.976,0.135,15
36.8634,70.9321,163.091,4.2,26,253.0,1.901,0.92,us,4.82,8.698,0.166,10
-14.8999,66.9493,10.0,4.2,18,78.0,5.916,0.65,us,13.74,1.888,0.159,11
51.7826,-173.525,14.738,3.8,37,141.0,0.591,1.06,us,5.06,5.912,0.127,16
49.9353,158.107,10.0,4.3,55,135.0,3.111,0.7,us,10.27,1.911,0.08,44
45.6845,42.2956,10.0,4.3,41,55.0,2.675,0.78,us,7.57,1.914,0.085,39
34.1815,137.2194,333.697,4.1,53,67.0,1.176,0.79,us,9.22,6.629,0.063,69
-6.2374,130.3775,121.844,4.5,47,54.0,3.787,0.67,us,7.73,8.461,0.093,34
1.8573,122.4646,16.403,4.1,16,105.0,1.838,1.37,us,9.26,6.899,0.185,9
53.1209,160.1547,54.757,4.6,55,133.0,0.913,0.92,us,11.24,7.632,0.066,69
-1.2913,-80.8907,10.0,4.6,40,170.0,1.602,0.8,us,8.13,1.924,0.07,62
51.6512,159.7281,35.0,4.1,25,122.0,1.525,1.11,us,6.49,1.8,0.151,14
50.8403,158.6814,10.0,4.3,33,149.0,2.186,0.97,us,12.72,1.962,0.095,31
9.4441,93.9067,10.0,4.2,28,120.0,5.16,0.76,us,11.7,1.911,0.124,21
-6.7891,145.1184,10.0,4.3,17,91.0,3.292,0.57,us,9.74,1.882,0.137,15
-3.0498,-80.2418,52.291,4.2,32,123.0,1.099,0.92,us,6.73,11.154,0.118,20
-57.3909,-67.7026,10.0,4.5,28,148.0,2.465,0.62,us,12.68,1.923,0.124,19
5.7949,126.383,104.85,4.4,37,61.0,1.387,1.0,us,8.74,7.479,0.107,26
52.1048,159.692,35.0,6.2,113,36.0,1.119,0.97,us,6.67,0.871,0.023,749
18.4923,94.6762,47.453,4.9,134,63.0,2.145,0.51,us,7.52,6.572,0.052,118
50.1114,179.9086,10.0,3.9,76,149.0,1.655,0.6,us,6.64,1.924,0.07,59
51.5593,178.4709,76.527,4.0,62,176.0,0.378,0.65,us,6.28,5.556,0.069,56
-4.4208,35.1184,10.0,4.3,13,93.0,3.566,0.59,us,8.74,1.945,0.201,7
-10.9721,163.8334,10.0,4.1,11,212.0,4.117,0.98,us,12.51,2.024,0.197,7
14.0178,145.0371,171.817,4.0,25,88.0,0.456,0.83,us,13.24,6.076,0.122,18
44.4079,-129.4365,10.0,4.0,80,194.0,3.937,0.7,us,9.21,1.998,0.122,19
52.7716,160.2672,35.0,4.7,63,132.0,1.012,0.84,us,9.46,1.92,0.04,193
27.1149,52.9585,10.0,4.0,19,172.0,3.632,0.5,us,12.6,1.967,0.163,10
39.4433,26.0125,10.0,4.4,23,69.0,0.786,0.67,us,5.71,1.933,0.178,9
77.9919,13.7415,10.0,4.6,50,153.0,0.577,0.42,us,7.3,1.903,0.089,38
-33.1772,-179.8303,96.279,4.6,23,244.0,4.632,0.39,us,15.78,12.282,0.116,22
-20.2633,169.4674,123.44,4.3,17,163.0,3.001,0.47,us,8.76,8.185,0.16,11
53.0707,159.9801,51.152,4.6,49,117.0,0.804,0.94,us,10.08,7.676,0.066,68
-23.8625,69.8892,10.0,4.4,19,98.0,13.348,1.0,us,12.28,1.759,0.155,12
60.6064,-140.0927,5.0,4.2,23,86.0,0.499,0.95,us,2.1,1.472,0.177,9
51.5279,159.7667,10.0,4.7,76,127.0,1.648,1.0,us,8.37,1.888,0.062,79
12.813,125.6655,10.0,4.2,18,133.0,11.861,0.52,us,9.44,1.952,0.146,13
16.0999,96.4474,9.447,4.5,29,88.0,3.088,0.6,us,6.94,4.787,0.128,18
-5.7179,152.5813,10.0,5.2,104,87.0,1.507,0.93,us,7.29,1.876,0.059,94
51.0594,160.7981,10.0,4.3,45,135.0,2.372,0.53,us,6.72,1.913,0.092,33
52.2923,160.6074,10.0,5.2,54,144.0,1.399,1.15,us,10.92,1.906,0.047,151
47.7371,152.4835,138.606,4.4,53,134.0,6.324,1.02,us,10.19,7.642,0.06,79
52.9076,-170.6502,125.87,3.8,51,148.0,0.38,0.75,us,9.99,5.929,0.114,20
-30.3899,-72.1556,16.765,4.4,34,142.0,0.531,0.72,us,4.39,4.955,0.19,8
60.9532,-28.0169,10.0,4.7,91,94.0,4.886,1.0,us,8.74,1.889,0.039,193
41.1224,143.0732,33.402,4.2,31,154.0,0.894,0.95,us,6.75,7.086,0.128,17
-5.7939,152.6694,10.0,4.4,36,137.0,1.61,0.81,us,6.53,1.826,0.101,30
-43.7903,-16.0949,10.0,4.6,26,144.0,7.306,0.71,us,10.57,1.855,0.111,25
51.485,159.7227,35.0,4.5,35,134.0,1.676,0.78,us,11.25,1.902,0.093,34
51.381,159.7404,10.0,4.4,35,137.0,1.777,1.12,us,9.9,1.856,0.109,24
39.6661,143.2604,10.0,4.9,62,129.0,2.021,0.83,us,6.09,1.877,0.054,109
51.5242,159.3836,33.65,4.5,83,130.0,1.568,0.69,us,10.02,5.801,0.065,70
64.5477,-17.5269,10.0,4.4,55,133.0,1.648,0.65,us,8.78,1.912,0.085,40
50.3463,156.9091,54.086,4.2,23,131.0,2.809,0.67,us,7.89,8.465,0.167,10
9.3592,93.5887,10.0,4.4,32,162.0,5.285,0.67,us,11.88,1.936,0.117,21
51.8166,160.287,35.698,4.3,18,169.0,1.57,0.42,us,14.04,9.938,0.161,11
-19.4395,-69.5259,96.593,4.2,15,128.0,0.387,0.52,us,5.56,4.763,0.176,9
-18.9716,167.4547,10.0,4.7,28,80.0,3.226,0.94,us,8.48,1.901,0.117,22
73.2412,6.5707,10.0,4.4,38,104.0,7.085,0.58,us,12.57,1.916,0.11,24
31.3589,140.9594,53.822,4.6,69,113.0,2.002,0.53,us,10.47,7.822,0.074,55
41.5422,142.0961,67.15,4.4,67,116.0,0.923,0.54,us,2.79,7.356,0.071,58
22.8473,121.4521,10.0,4.1,17,142.0,0.345,0.57,us,4.11,1.905,0.165,10
3.1767,65.3473,10.0,4.3,16,209.0,15.977,0.56,us,10.13,1.953,0.188,8
52.5367,161.0945,10.0,4.3,23,159.0,1.563,0.72,us,10.65,1.972,0.129,17
41.3728,144.3514,24.496,4.0,31,146.0,1.101,0.66,us,8.75,6.949,0.138,14
50.3286,158.1706,10.0,4.3,16,135.0,2.715,0.56,us,12.71,1.909,0.138,15
53.1535,161.2689,25.546,4.2,27,144.0,1.585,0.69,us,10.98,7.027,0.136,15
52.7063,160.7391,29.44,4.2,39,120.0,1.306,0.96,us,10.18,6.137,0.088,36
40.4899,143.6278,28.747,4.2,21,138.0,1.564,0.33,us,8.04,6.896,0.175,9
51.8995,178.0364,116.414,4.4,55,98.0,0.298,0.53,us,8.17,4.21,0.052,107
18.8319,146.0976,116.375,4.2,28,99.0,3.583,0.46,us,12.25,7.263,0.11,23
51.3799,159.7982,10.0,4.3,23,129.0,1.791,0.61,us,8.5,1.787,0.148,13
-27.6087,-177.8981,10.0,4.6,32,224.0,1.63,1.19,us,13.78,1.919,0.1,33
-31.4635,-178.2317,41.033,4.6,17,173.0,2.227,0.83,us,13.91,13.42,0.152,15
52.2097,160.3919,10.0,4.2,55,161.0,1.339,0.73,us,10.11,1.938,0.085,38
29.3994,129.1855,10.0,4.4,23,140.0,2.37,1.21,us,9.93,1.92,0.127,18
-20.9423,-177.9097,425.086,4.0,27,108.0,4.964,0.87,us,11.24,14.534,0.106,24
6.9034,126.9331,71.575,4.4,49,133.0,1.354,0.79,us,9.32,7.417,0.087,38
-7.4197,128.1947,143.843,4.6,81,66.0,3.343,0.61,us,8.66,7.554,0.067,67
52.2749,159.5159,69.945,4.4,25,179.0,0.917,0.53,us,12.67,9.197,0.103,27
42.7101,146.6667,10.0,4.2,37,150.0,2.692,1.14,us,10.2,1.936,0.105,25
52.0906,160.7429,35.0,5.1,57,123.0,2.118,1.09,us,12.27,1.932,0.076,55
0.2561,98.4728,41.103,4.4,29,165.0,1.374,1.08,us,8.58,9.25,0.155,16
52.9322,158.8783,100.073,4.8,101,107.0,0.165,0.65,us,9.12,5.537,0.029,370
51.9682,161.5235,10.0,4.7,64,126.0,2.05,0.99,us,3.2,1.87,0.048,133
52.2472,160.2458,35.0,5.3,215,91.0,1.774,0.71,us,8.87,1.839,0.042,186
-21.3487,-68.6539,128.742,4.3,24,50.0,0.706,0.68,us,7.2,6.27,0.143,14
9.8027,-70.6325,13.602,4.4,12,140.0,0.913,0.6,us,6.72,4.948,0.269,4
51.683,159.9053,29.48,4.6,35,127.0,1.548,0.7,us,10.21,5.771,0.085,47
-10.2357,123.8332,10.0,4.1,15,86.0,0.641,0.76,us,5.54,1.949,0.151,12
29.3501,129.3552,10.064,4.5,39,110.0,2.351,0.58,us,7.2,4.792,0.102,28
52.6478,160.2382,35.0,5.4,37,118.0,1.034,0.89,us,9.18,1.903,0.117,25
51.9405,161.1381,10.0,4.5,53,126.0,1.868,0.73,us,9.56,1.881,0.049,122
-3.2815,140.9983,10.0,4.1,14,200.0,0.817,0.71,us,6.32,1.859,0.151,12
51.1233,158.738,29.535,4.2,59,135.0,1.904,0.76,us,11.72,6.318,0.066,65
51.7073,158.8994,35.0,4.6,49,154.0,1.327,0.41,us,8.36,1.942,0.099,30
14.6053,145.7293,120.325,4.6,76,70.0,0.628,0.66,us,8.04,5.963,0.048,130
36.8602,72.8741,10.0,5.0,59,98.0,1.483,0.72,us,6.67,1.756,0.048,145
-40.6351,176.1337,22.908,4.0,21,89.0,0.096,0.91,us,3.23,6.671,0.258,4
39.8297,72.8797,16.723,4.4,62,68.0,1.545,0.51,us,5.41,2.077,0.076,50
0.4033,123.5481,243.0,4.4,53,92.0,1.632,0.87,us,7.93,7.036,0.086,40
52.9671,160.3815,35.0,4.5,25,167.0,1.048,0.75,us,12.47,1.96,0.145,14
14.3891,-90.7527,10.0,4.0,13,158.0,0.285,0.66,us,2.35,1.982,0.367,2
-18.1893,168.064,45.78,4.7,34,86.0,2.849,0.62,us,8.65,7.565,0.089,38
51.253,-174.8606,10.0,3.7,28,226.0,0.99,0.81,us,3.16,1.974,0.168,9
-21.2037,168.5192,10.0,4.9,33,186.0,1.72,0.46,us,4.52,1.909,0.12,22
-57.3384,-67.3971,10.0,4.3,22,151.0,2.416,1.0,us,12.08,1.938,0.13,17
-23.7252,-179.435,532.579,4.1,23,156.0,6.397,0.75,us,12.36,11.164,0.131,17
14.4503,-90.7496,5.39,4.8,59,97.0,0.257,0.52,us,5.46,5.045,0.05,125
50.6225,157.161,63.379,4.9,74,111.0,2.512,1.05,us,8.51,6.427,0.03,370
13.6213,57.3897,10.0,4.4,25,88.0,11.32,0.72,us,12.82,1.918,0.13,17
51.3084,159.5687,10.0,4.3,27,138.0,1.808,1.02,us,9.91,1.93,0.122,19
52.3385,159.7178,35.0,4.3,42,134.0,0.945,0.98,us,11.3,1.945,0.098,29
4.4094,-73.2733,10.0,4.2,18,115.0,1.13,0.98,us,9.61,1.908,0.147,13
52.3426,160.747,10.0,4.1,27,137.0,1.447,0.74,us,12.12,1.932,0.131,16
2.7019,127.1005,81.019,4.5,52,79.0,1.936,0.61,us,6.48,7.224,0.085,40
52.9133,160.8139,10.0,4.4,31,137.0,1.313,0.51,us,7.33,1.914,0.126,18
-59.5656,-26.0415,35.0,4.9,41,104.0,15.303,0.84,us,13.38,1.944,0.095,41
51.3075,159.2253,52.424,4.5,14,241.0,1.755,1.01,us,12.94,10.18,0.192,8
-17.9008,-69.3494,150.639,4.3,20,94.0,0.334,0.71,us,5.27,4.51,0.177,9
49.3741,155.5437,59.187,4.5,25,138.0,3.977,0.76,us,11.29,8.224,0.124,19
19.037,145.8981,149.951,4.0,21,109.0,3.777,1.15,us,15.36,8.749,0.143,13
-36.9195,-74.1943,10.0,4.0,26,212.0,2.521,0.37,us,5.16,1.988,0.366,2
-5.7849,154.2729,142.013,4.2,24,128.0,2.631,0.37,us,12.24,7.398,0.121,20
-9.7631,120.5286,81.43,5.0,86,40.0,0.246,0.67,us,6.59,3.804,0.069,67
7.3532,127.2542,10.0,4.9,80,41.0,1.686,1.05,us,6.67,1.833,0.054,107
-7.0774,155.8402,89.869,4.9,64,96.0,4.648,0.87,us,8.66,6.244,0.052,114
-9.362,-71.6273,319.416,4.1,22,79.0,1.94,0.79,us,12.4,8.631,0.124,19
-2.346,-77.4063,6.582,4.2,38,86.0,1.049,1.04,us,3.98,4.103,0.118,23
-2.1389,139.5936,40.498,4.7,29,79.0,1.17,1.28,us,6.51,7.438,0.112,24
-2.6246,129.5177,10.0,4.4,22,50.0,1.924,1.04,us,6.26,1.882,0.127,18
0.1654,121.7758,204.055,4.1,18,153.0,1.368,1.0,us,9.21,7.093,0.145,13
50.8559,158.9274,10.0,4.7,42,131.0,2.178,0.86,us,10.05,1.275,0.096,33
0.2823,122.0762,188.972,4.1,21,69.0,1.488,0.54,us,6.59,6.338,0.151,12
51.9941,161.2727,10.0,4.2,31,217.0,1.906,1.21,us,11.96,1.993,0.11,23
11.6266,-86.3268,76.518,4.3,28,132.0,0.525,0.67,us,4.94,6.894,0.091,34
-34.8714,-110.997,10.0,4.7,38,156.0,31.641,0.56,us,15.94,1.916,0.049,128
15.3791,-104.1673,10.0,4.2,67,204.0,5.087,0.74,us,11.19,1.91,0.071,55
52.5119,160.9786,10.0,4.6,53,173.0,1.505,0.96,us,10.02,1.95,0.043,158
-7.9854,108.8452,100.223,4.3,25,96.0,1.293,0.41,us,5.58,7.07,0.122,19
70.0319,-15.6885,10.0,4.3,25,80.0,2.175,0.84,us,9.72,1.938,0.137,15
52.7177,-34.7979,10.0,4.3,37,119.0,12.548,1.06,us,8.74,1.902,0.103,29
42.7471,146.4196,35.0,4.0,20,134.0,2.525,1.02,us,7.4,1.662,0.144,13
36.5008,70.2911,211.153,4.1,31,147.0,2.195,0.97,us,9.29,10.75,0.165,10
-7.36,128.4723,163.277,3.9,16,87.0,4.791,0.82,us,8.25,9.486,0.137,14
52.2207,160.4644,10.0,4.8,93,118.0,1.367,0.96,us,8.89,1.725,0.049,131
50.8062,157.5224,58.241,4.1,28,126.0,2.308,0.78,us,9.89,6.657,0.14,15
51.6342,159.609,30.238,4.7,114,126.0,1.511,0.74,us,8.55,3.654,0.05,123
33.8145,25.72,35.0,4.0,42,179.0,2.097,0.94,us,7.82,1.976,0.125,17
53.7897,159.3919,106.921,4.7,98,118.0,1.215,0.78,us,10.48,6.404,0.037,218
6.7077,126.7647,167.281,4.2,52,75.0,1.231,0.9,us,9.0,4.86,0.085,40
36.0682,76.9003,10.0,4.3,27,117.0,4.177,1.15,us,7.98,1.967,0.202,8
-18.4104,167.9108,10.0,4.9,40,74.0,3.894,1.05,us,8.02,1.889,0.104,29
48.8364,156.5514,10.0,4.1,22,137.0,4.338,0.6,us,12.27,1.926,0.15,12
-7.9184,123.5927,224.048,4.0,18,76.0,1.519,0.73,us,9.11,6.5,0.21,6
37.7797,141.9747,58.699,4.3,24,150.0,3.087,0.46,us,10.49,9.08,0.154,12
49.4264,156.1591,35.0,5.7,86,112.0,3.811,0.53,us,12.22,1.864,0.076,62
-37.595,-69.999,212.402,4.9,69,101.0,2.297,0.84,us,8.63,6.993,0.068,68
52.1495,160.2971,49.391,4.3,21,154.0,1.333,0.77,us,10.94,8.566,0.129,17
1.7192,126.4493,48.937,4.8,55,90.0,3.146,0.62,us,7.78,7.773,0.054,108
50.1143,159.4248,10.0,4.5,61,135.0,2.953,0.6,us,8.54,1.892,0.061,78
11.2399,140.0978,10.0,4.7,100,110.0,5.212,0.7,us,8.79,1.862,0.06,85
-57.2058,-68.3105,10.0,4.3,12,151.0,3.581,1.26,us,10.59,1.965,0.217,6
28.605,84.1716,10.0,4.3,32,160.0,16.043,1.18,us,12.05,1.661,0.104,26
-20.4801,-178.1178,550.145,4.4,52,122.0,4.529,0.51,us,15.34,7.689,0.085,40
50.4496,159.0006,10.0,4.7,47,133.0,2.587,0.89,us,10.27,1.916,0.089,38
50.9309,158.5442,10.0,4.4,47,129.0,2.097,0.5,us,10.53,1.919,0.084,41
52.0672,159.8494,35.0,4.2,33,113.0,1.206,0.84,us,6.17,1.915,0.105,25
26.1958,125.128,185.198,4.6,58,53.0,1.981,0.83,us,7.94,7.904,0.069,71
51.2363,-179.7611,40.483,4.0,70,201.0,0.605,0.64,us,4.9,8.968,0.075,48
-7.2759,130.1164,38.596,4.3,19,124.0,4.821,0.77,us,13.46,8.036,0.161,11
52.2876,160.2673,38.913,4.4,43,166.0,1.766,0.99,us,11.89,8.49,0.091,37
-17.9551,-177.8607,629.043,4.7,58,80.0,3.027,0.65,us,12.83,9.057,0.054,102
-5.3806,129.721,193.762,4.3,22,95.0,3.512,0.69,us,10.76,3.757,0.125,18
-9.1139,123.9199,94.87,4.2,24,103.0,0.723,0.64,us,7.71,8.286,0.128,19
-23.1003,-114.9789,10.0,4.5,23,171.0,40.191,0.56,us,18.19,1.939,0.115,22
-22.586,69.2985,10.0,5.0,134,52.0,6.207,0.61,us,10.12,1.776,0.054,108
-55.692,-4.1508,10.0,4.2,11,88.0,16.052,0.45,us,15.12,1.956,0.159,11
-33.4082,-179.185,35.0,4.4,18,90.0,4.287,0.59,us,7.65,1.944,0.202,7
12.3507,141.8589,10.0,4.7,44,105.0,3.181,0.78,us,12.01,1.919,0.088,39
-32.2113,-13.2885,10.0,5.0,46,68.0,4.911,0.88,us,11.05,1.878,0.08,50
43.0295,88.2292,10.0,4.9,111,39.0,5.028,0.75,us,8.13,1.775,0.043,169
6.9417,127.0141,33.488,4.3,23,74.0,1.43,0.78,us,7.84,5.518,0.143,14
6.3591,127.1905,10.0,4.0,17,130.0,1.749,0.73,us,10.63,1.934,0.143,13
52.7402,158.578,79.127,4.5,26,119.0,0.287,0.65,us,10.53,5.676,0.111,24
-8.1453,118.2472,14.491,4.5,29,71.0,0.822,0.8,us,5.32,2.177,0.14,15
14.683,-94.2466,10.0,4.7,143,156.0,1.993,1.15,us,6.09,1.899,0.032,301
55.9698,163.9536,38.997,4.2,16,144.0,4.635,0.85,us,10.07,8.889,0.152,12
60.3639,-139.4748,5.0,4.1,34,116.0,0.472,0.8,us,4.89,1.958,0.234,5
-24.2938,-175.6366,37.867,5.0,50,121.0,5.34,1.02,us,10.53,6.824,0.084,46
49.3278,155.3228,64.897,4.6,74,134.0,4.069,0.6,us,10.09,7.285,0.045,148
50.5041,157.9105,35.0,4.4,35,131.0,2.564,0.82,us,10.39,1.94,0.084,41
-6.1681,149.9136,54.478,4.7,119,32.0,2.98,0.65,us,6.33,3.418,0.057,97
55.9258,162.6895,46.586,4.1,23,150.0,3.743,0.39,us,8.15,9.932,0.12,19
-11.9603,166.1371,70.99,5.0,83,115.0,3.617,0.99,us,10.43,7.066,0.067,71
-23.8389,69.7545,10.0,4.0,12,123.0,7.189,0.71,us,11.16,1.909,0.211,7
52.3063,160.2059,56.385,4.5,35,166.0,1.724,1.0,us,12.71,8.879,0.096,32
52.886,161.3167,10.0,4.4,13,109.0,1.619,1.06,us,11.52,1.928,0.219,6
52.9209,160.4597,35.0,4.4,27,158.0,1.099,1.23,us,9.61,1.915,0.112,24
53.652,160.237,39.607,4.4,25,113.0,1.141,1.13,us,8.63,4.714,0.13,17
52.6084,160.6588,29.872,4.8,132,129.0,1.288,1.18,us,9.02,5.623,0.047,150
15.8846,146.8056,48.577,4.4,59,131.0,1.17,0.74,us,11.83,6.835,0.077,49
51.8308,161.5487,10.0,4.6,25,217.0,2.139,0.81,us,12.25,1.992,0.125,19
-4.5323,153.1886,95.17,4.6,36,101.0,1.077,0.81,us,8.56,6.56,0.098,31
52.6519,161.2474,10.0,4.2,26,180.0,1.619,1.01,us,11.39,1.964,0.115,21
-56.0161,-26.5191,34.327,4.6,27,123.0,5.974,0.8,us,14.06,7.883,0.107,26
51.6708,159.9679,10.0,4.3,19,218.0,1.578,0.87,us,7.28,1.97,0.168,10
48.9933,154.8595,61.429,4.4,31,137.0,4.492,0.78,us,12.58,7.97,0.114,22
31.2824,111.3398,10.0,4.5,29,146.0,7.896,0.53,us,11.41,1.829,0.088,38
-21.1079,-174.2828,22.138,4.7,33,161.0,7.546,0.49,us,15.25,6.507,0.104,28
18.8286,145.2538,199.55,4.0,20,145.0,3.604,0.34,us,15.84,11.111,0.134,15
51.7951,159.2957,35.0,4.6,60,137.0,1.292,0.88,us,10.81,1.919,0.071,59
-23.3734,179.0041,546.395,4.6,57,58.0,5.67,0.84,us,12.26,8.892,0.031,311
-30.5376,-179.1076,235.117,4.5,45,81.0,1.645,1.34,us,13.89,7.691,0.083,43
17.7236,-61.5323,35.0,4.3,37,108.0,0.247,0.45,us,5.68,1.935,0.161,11
-19.47,-173.2372,10.0,4.8,38,145.0,5.703,0.96,us,13.37,1.89,0.093,36
39.2592,28.3214,10.0,4.9,77,37.0,1.072,0.94,us,4.51,1.807,0.053,113
-17.6692,-69.6126,165.68,4.3,20,117.0,0.149,0.85,us,9.5,8.202,0.153,12
14.0005,120.6055,182.613,4.1,51,98.0,14.156,0.95,us,13.34,8.368,0.081,42
36.0959,139.9355,83.632,4.2,26,155.0,1.464,0.59,us,7.62,8.606,0.152,14
52.5855,160.6502,29.419,4.3,34,121.0,1.291,0.75,us,7.83,5.069,0.116,21
49.1253,158.0587,10.0,4.1,20,139.0,3.995,0.34,us,12.22,1.94,0.151,12
0.8882,-29.6473,10.0,4.5,16,98.0,9.137,0.87,us,12.55,1.919,0.15,13
10.9351,141.9682,10.0,4.1,20,147.0,3.872,0.57,us,7.15,1.902,0.151,14
15.0057,-94.3952,10.0,4.1,34,151.0,1.818,1.02,us,6.27,1.712,0.091,33
22.8891,123.5793,10.0,4.0,20,238.0,1.6,0.92,us,6.95,1.964,0.196,7
-17.96,-178.3769,598.126,4.5,81,80.0,2.609,1.09,us,6.56,7.844,0.031,297
-10.3795,-78.7742,60.716,4.5,22,149.0,2.479,0.9,us,5.46,8.828,0.163,11
40.8255,142.7591,47.786,5.6,108,67.0,1.225,0.47,us,6.44,4.675,0.031,355
-36.8604,-74.4156,10.0,4.4,14,211.0,2.657,0.45,us,9.62,2.002,0.202,7
49.9008,155.8886,76.286,4.2,51,135.0,3.405,0.51,us,11.11,1.782,0.081,43
42.5413,142.8743,90.819,4.1,37,109.0,0.566,0.46,us,8.78,8.681,0.106,24
-4.4299,35.1133,10.0,4.6,14,145.0,3.576,1.43,us,10.97,1.952,0.206,7
51.2958,159.4283,28.491,4.5,38,137.0,1.796,0.89,us,13.46,6.337,0.101,29
26.6404,126.1932,142.521,4.3,56,56.0,1.87,1.07,us,8.46,7.689,0.084,40
39.6007,143.2615,31.63,4.5,38,141.0,2.059,0.39,us,5.68,6.532,0.11,24
60.5373,-140.0348,5.0,4.4,39,73.0,0.456,0.63,us,6.24,1.94,0.155,12
34.316,26.5407,65.095,4.0,36,191.0,2.293,1.02,us,9.54,11.751,0.093,31
1.5122,124.8959,10.0,3.8,16,132.0,3.252,0.46,us,8.26,1.627,0.162,10
-2.809,101.0948,75.477,5.3,116,57.0,2.413,0.76,us,8.77,5.059,0.045,163
-24.0849,-67.0551,230.52,4.3,30,75.0,1.528,0.49,us,10.15,9.766,0.188,8
-0.3169,125.646,76.161,5.0,64,71.0,5.019,0.66,us,3.32,7.459,0.081,48
51.3274,160.9499,10.0,4.2,22,130.0,2.211,0.97,us,10.21,1.917,0.152,16
52.9657,161.1399,26.48,4.9,83,134.0,1.506,0.61,us,9.55,3.485,0.032,309
-47.851,116.3228,10.0,4.4,18,142.0,14.923,0.51,us,9.1,1.865,0.139,15
10.6257,-86.065,42.685,4.4,79,196.0,0.765,1.06,us,9.19,10.886,0.068,62
-5.0765,102.1558,35.0,4.5,25,202.0,1.068,0.5,us,9.94,1.972,0.135,16
-2.2499,139.1874,25.657,4.4,54,69.0,1.537,0.72,us,6.51,5.411,0.082,49
40.4447,63.1698,10.0,4.5,68,109.0,3.492,0.77,us,7.18,1.898,0.076,50
52.5031,160.8273,10.0,5.1,117,84.0,1.422,1.31,us,8.16,1.823,0.028,416
-20.5563,-68.8995,94.341,4.4,29,58.0,0.477,0.88,us,5.4,5.379,0.123,19
37.1381,69.1917,10.0,4.5,26,108.0,1.516,1.13,us,5.06,1.933,0.135,16
42.5355,-126.3243,10.0,3.3,25,188.0,1.48,0.67,us,6.52,1.993,0.243,6
53.0985,159.3084,88.054,4.5,68,117.0,0.404,0.74,us,9.69,6.73,0.051,111
29.2949,129.4832,10.0,4.2,28,125.0,2.36,0.84,us,8.47,1.916,0.118,20
48.9497,155.8422,35.0,4.2,27,142.0,4.326,0.43,us,6.0,1.951,0.132,16
-16.2717,-172.9556,10.0,4.5,20,75.0,3.062,0.68,us,8.47,1.86,0.163,11
-20.3877,-177.9154,520.889,4.3,45,128.0,8.709,0.72,us,15.69,11.54,0.085,39
-7.2997,129.7215,127.354,4.3,16,110.0,5.027,1.33,us,10.9,5.505,0.178,9
50.0206,159.3567,10.0,4.4,45,129.0,3.039,0.65,us,9.43,1.884,0.1,29
49.906,159.5267,10.0,4.3,93,117.0,3.17,0.59,us,9.25,1.9,0.062,75
39.6876,143.0464,10.0,4.4,24,190.0,1.874,1.1,us,5.48,1.964,0.143,14
13.0045,145.5948,10.0,4.7,66,98.0,0.915,0.64,us,6.03,1.807,0.076,53
-37.6544,176.9334,154.406,4.1,13,81.0,0.96,0.74,us,9.05,8.541,0.213,7
6.3054,127.2913,10.0,4.3,13,90.0,1.862,0.95,us,8.08,1.947,0.238,6
-5.4514,106.309,158.531,4.0,22,106.0,0.791,0.91,us,11.39,7.525,0.15,15
-0.6616,123.2397,18.91,4.5,41,53.0,0.601,0.7,us,5.01,4.612,0.106,27
-8.392,119.4927,171.656,4.3,34,67.0,1.497,0.5,us,7.24,7.11,0.137,15
11.7318,-87.459,39.674,4.9,71,141.0,1.05,0.83,us,6.61,8.372,0.031,325
50.7026,149.9577,520.027,4.1,60,89.0,5.363,0.42,us,9.76,6.841,0.056,88
58.9706,-30.6676,10.0,4.5,69,81.0,7.28,0.49,us,9.39,1.882,0.073,55
51.4462,159.6896,10.0,4.8,67,74.0,1.704,0.75,us,6.42,1.833,0.066,71
52.2025,159.0263,61.666,4.9,186,125.0,0.854,0.53,us,8.5,6.307,0.044,165
-45.609,-77.4545,10.0,4.5,29,192.0,2.816,0.65,us,10.06,1.969,0.163,11
-47.7996,115.9578,10.0,4.6,37,128.0,14.887,0.4,us,13.08,1.914,0.095,33
24.3662,122.205,55.14,4.2,18,124.0,0.589,0.9,us,3.34,8.173,0.216,6
-28.4498,-68.9984,94.818,4.5,30,46.0,1.596,0.97,us,6.72,7.73,0.131,17
18.1828,-105.685,10.0,4.3,41,176.0,1.403,0.82,us,5.45,1.951,0.036,222
50.5441,157.3479,35.0,4.3,35,130.0,2.577,0.52,us,11.27,1.944,0.094,32
-39.1404,-91.5718,10.0,4.3,17,219.0,14.874,0.31,us,18.13,1.994,0.134,16
55.5635,-161.7158,163.749,3.5,29,66.0,0.145,0.27,us,6.97,4.552,0.247,4
48.6044,157.4485,10.0,4.1,25,136.0,4.49,0.75,us,5.42,1.9,0.185,11
-5.6183,147.2206,146.48,4.4,24,106.0,3.762,0.69,us,9.87,7.569,0.135,16
39.2316,144.806,10.0,4.6,50,135.0,3.05,0.7,us,8.26,1.89,0.073,68
52.4486,160.7711,29.521,4.0,20,176.0,1.412,0.78,us,13.51,8.352,0.118,19
52.9094,160.5623,35.0,4.1,24,165.0,1.162,0.8,us,13.12,1.981,0.126,17
13.4243,-92.402,10.0,4.6,44,233.0,1.396,0.98,us,10.16,1.985,0.036,227
52.2595,160.4218,34.082,4.9,117,130.0,1.323,0.7,us,8.79,4.307,0.042,179
-34.0737,-178.5277,10.0,4.4,20,253.0,4.328,0.77,us,9.06,1.968,0.139,15
-49.8036,116.2712,10.0,4.3,18,141.0,16.785,0.73,us,13.69,1.93,0.138,15
37.6612,144.2886,10.0,4.9,110,125.0,4.003,0.86,us,7.52,1.859,0.062,81
51.6776,158.2914,71.792,4.1,17,134.0,1.366,0.77,us,7.4,9.379,0.175,9
30.7824,96.6483,10.0,4.2,14,116.0,4.896,0.72,us,9.3,1.914,0.176,9
18.6497,145.6157,10.0,4.2,23,135.0,3.394,0.63,us,12.21,1.912,0.131,16
51.7562,158.1845,72.653,4.9,87,121.0,1.301,0.77,us,8.7,5.986,0.028,388
44.144,86.7402,10.0,4.2,25,217.0,3.568,1.23,us,4.83,1.985,0.186,8
-28.6596,-67.9831,10.0,4.3,15,165.0,2.263,0.38,us,4.41,1.901,0.376,2
49.3466,157.3035,20.729,4.4,33,136.0,3.775,0.83,us,14.18,6.649,0.11,24
1.7035,127.4272,136.91,4.2,23,128.0,0.928,0.48,us,9.6,7.566,0.146,13
-23.3892,-175.707,35.0,5.0,42,131.0,6.176,0.64,us,11.7,1.549,0.094,36
37.3274,70.006,10.0,5.0,80,58.0,1.487,0.71,us,5.54,1.82,0.049,134
0.5194,125.3184,55.33,4.4,28,60.0,1.035,1.04,us,5.79,8.335,0.143,14
37.4258,21.5552,38.404,4.1,14,136.0,0.385,0.74,us,8.49,12.19,0.151,12
49.2429,156.3237,36.446,4.9,66,134.0,3.966,0.94,us,9.88,7.13,0.043,172
50.5956,157.9756,35.0,4.8,76,130.0,2.467,0.55,us,9.98,1.919,0.07,62
-34.0135,-178.3875,10.0,4.2,22,253.0,4.445,0.98,us,11.82,1.975,0.132,16
-5.3112,103.3402,42.754,4.4,15,150.0,0.813,0.93,us,4.96,9.486,0.203,8
-22.9693,170.5406,10.0,4.3,21,112.0,2.877,0.82,us,8.99,1.942,0.154,15
13.4673,-92.4823,10.0,4.2,39,189.0,1.409,0.6,us,8.66,1.971,0.11,23
6.2369,94.9807,10.0,4.6,52,70.0,2.198,0.84,us,8.17,1.855,0.078,54
51.4,159.3712,35.0,4.5,28,240.0,1.685,0.83,us,10.85,1.975,0.124,21
-13.0353,-74.503,76.246,4.6,45,114.0,2.51,0.68,us,8.96,7.691,0.064,73
-21.1246,-68.5008,136.078,4.7,35,67.0,0.925,0.82,us,6.53,5.712,0.087,40
7.1737,127.2136,10.0,4.7,64,55.0,1.625,0.99,us,6.53,1.858,0.069,65
31.8975,131.843,42.271,4.5,51,126.0,1.247,0.82,us,7.0,7.79,0.083,43
-17.7009,-176.4748,593.912,4.1,21,171.0,4.155,0.79,us,14.28,15.616,0.135,16
52.8983,160.6814,10.0,4.3,65,172.0,1.235,0.57,us,11.54,1.945,0.068,61
50.7263,157.0367,72.868,4.2,62,170.0,2.42,0.75,us,13.03,8.877,0.072,54
-19.4649,-66.7624,253.807,4.3,20,90.0,2.302,0.78,us,7.88,7.086,0.168,10
-16.0687,-173.7091,90.747,4.4,19,134.0,2.842,1.16,us,10.53,9.232,0.17,10
-3.8162,128.351,157.936,4.3,20,64.0,3.992,0.56,us,9.77,10.491,0.202,8
-22.5252,-68.5918,108.198,4.6,89,34.0,0.571,0.84,us,5.0,4.966,0.064,78
50.1168,159.9028,10.0,4.6,277,132.0,3.014,0.66,us,8.97,1.89,0.033,267
35.8757,135.555,352.502,4.1,130,29.0,1.311,0.77,us,7.35,6.281,0.044,142
-4.4037,101.527,36.269,4.4,42,144.0,1.425,0.5,us,9.15,7.493,0.092,34
-24.3058,-67.1976,166.252,4.5,26,72.0,1.62,1.36,us,9.27,9.105,0.121,20
-10.2623,161.4872,74.127,4.4,19,144.0,1.724,0.89,us,11.83,9.546,0.144,17
-15.1925,-176.8391,10.0,4.7,13,96.0,1.52,0.51,us,6.97,1.834,0.195,8
11.6636,141.8368,10.0,5.2,93,54.0,3.524,0.91,us,8.23,1.846,0.031,341
51.8969,178.568,98.161,3.7,36,150.0,0.059,0.57,us,9.7,9.228,0.119,20
42.0247,72.9254,10.0,4.6,62,46.0,0.698,0.53,us,3.68,1.898,0.087,39
-6.5347,92.0678,10.0,4.5,19,82.0,17.795,0.61,us,14.79,1.898,0.156,12
49.8668,155.6986,76.128,4.4,53,137.0,3.478,0.44,us,12.19,7.553,0.067,68
-22.7353,-66.6143,224.953,4.2,29,49.0,1.459,0.96,us,9.28,8.483,0.152,12
1.5747,126.5589,35.0,4.1,14,142.0,1.135,1.02,us,4.22,1.958,0.175,9
51.8491,160.4163,19.954,4.5,43,124.0,1.598,0.9,us,9.05,4.965,0.086,40
27.4432,102.9337,10.0,4.2,41,94.0,6.408,0.36,us,10.6,1.91,0.096,32
35.0114,141.3563,41.956,4.1,16,155.0,2.284,0.97,us,10.73,2.745,0.213,6
51.4337,159.5434,10.0,5.1,23,122.0,1.684,0.76,us,10.39,1.602,0.134,18
49.0365,157.5405,10.0,4.1,17,168.0,4.053,0.42,us,12.04,1.943,0.145,14
5.9979,126.7703,95.212,4.4,36,108.0,1.592,0.88,us,3.97,6.398,0.098,30
0.9388,126.2358,35.0,4.6,49,66.0,1.143,0.52,us,3.55,1.653,0.099,30
51.4441,159.7871,10.0,4.9,81,124.0,1.729,0.97,us,8.36,1.873,0.047,143
-31.1514,-178.6343,60.457,4.6,18,160.0,1.982,0.54,us,10.39,9.156,0.146,14
52.3091,160.0054,35.0,4.2,38,122.0,1.092,0.88,us,9.24,1.93,0.107,24
-5.9483,147.8223,109.755,4.1,33,78.0,3.496,0.81,us,8.46,3.306,0.106,25
52.0883,160.6467,21.806,4.4,41,108.0,1.537,1.09,us,7.63,4.682,0.095,32
54.4463,-159.9997,10.0,4.0,56,203.0,0.453,0.78,us,5.36,1.941,0.183,8
51.2543,-174.8171,10.0,4.0,65,190.0,1.007,0.68,us,5.42,1.804,0.076,46
52.3181,160.0639,35.0,4.4,34,122.0,1.114,0.7,us,5.99,1.873,0.103,27
51.0899,159.4185,10.0,4.5,15,138.0,1.994,0.74,us,9.19,1.825,0.18,9
-21.0976,-179.1914,622.15,4.6,41,122.0,4.229,0.55,us,6.79,8.59,0.084,42
-27.6076,-177.4072,84.728,4.7,31,121.0,1.695,0.61,us,13.22,6.256,0.115,23
18.8501,145.7151,201.514,4.7,96,84.0,3.59,0.82,us,9.99,7.219,0.031,317
-6.9532,129.4996,160.292,4.3,19,109.0,4.854,1.24,us,10.6,11.262,0.154,12
52.3284,160.0652,32.112,5.0,69,113.0,1.108,0.54,us,9.45,5.667,0.073,60
25.1234,124.4404,97.933,4.7,84,70.0,0.764,0.65,us,6.62,6.822,0.068,66
30.9115,77.3908,15.386,4.4,39,119.0,7.829,0.82,us,14.28,4.824,0.108,25
15.6726,122.2526,21.521,4.6,38,158.0,7.193,0.64,us,12.34,5.681,0.111,24
-17.6985,-175.1059,226.129,4.2,20,88.0,4.943,0.4,us,10.29,13.794,0.128,17
51.6325,159.969,25.971,4.5,35,127.0,2.03,0.8,us,9.91,6.015,0.099,30
7.0273,-46.2267,10.0,4.9,101,113.0,6.66,0.7,us,10.86,1.855,0.054,109
-8.229,117.9632,10.0,4.4,19,74.0,0.623,0.85,us,5.29,1.921,0.143,14
18.2699,145.4569,493.731,4.0,29,98.0,3.029,0.52,us,17.63,11.59,0.106,24
35.8383,111.3104,10.0,4.6,51,98.0,5.672,0.71,us,9.67,1.908,0.069,63
-9.2192,124.0197,69.888,4.4,25,73.0,1.854,0.56,us,8.7,9.025,0.138,15
12.8114,-89.2547,35.0,4.4,35,186.0,0.948,1.11,us,6.17,1.98,0.1,29
7.1966,126.6411,96.18,4.4,26,127.0,1.061,0.96,us,10.27,7.864,0.12,20
49.8529,157.5905,32.543,4.2,29,134.0,3.243,0.71,us,8.98,5.823,0.108,24
7.4181,127.2014,12.696,4.2,27,132.0,1.646,0.69,us,11.3,4.935,0.11,23
51.638,159.5993,10.0,5.2,59,88.0,1.505,0.87,us,9.97,1.896,0.059,94
29.9855,131.0793,34.786,4.5,39,135.0,1.612,0.45,us,8.07,6.279,0.121,20
-23.7261,179.9473,522.823,4.6,58,65.0,5.816,1.09,us,12.31,6.544,0.038,218
52.322,161.9981,10.0,4.5,62,206.0,2.156,0.74,us,11.03,1.982,0.069,61
51.5614,159.0909,35.0,4.1,45,127.0,1.489,0.9,us,10.33,1.936,0.086,39
-9.5772,125.0843,10.0,4.4,15,71.0,0.825,1.33,us,5.79,1.154,0.19,8
26.0146,126.0921,89.971,4.9,60,88.0,2.119,0.87,us,7.43,4.405,0.055,102
50.2323,159.6843,10.0,4.3,40,135.0,2.868,0.68,us,7.86,1.715,0.098,29
-48.751,124.5623,10.0,4.4,27,104.0,16.736,0.77,us,14.84,1.888,0.111,23
-63.458,173.854,10.0,4.3,11,217.0,14.624,1.04,us,11.72,2.011,0.189,8
52.7186,160.7976,10.0,4.2,25,120.0,1.337,0.69,us,6.52,1.81,0.121,19
-8.4152,121.4124,185.872,4.4,13,85.0,1.662,0.81,us,7.63,7.816,0.19,8
-55.2488,-27.4874,10.0,4.6,29,109.0,5.301,0.86,us,11.17,1.867,0.114,23
36.6327,75.4388,10.0,4.5,29,158.0,1.956,0.93,us,5.77,1.932,0.089,37
40.902,143.2141,31.27,5.1,96,134.0,1.113,1.06,us,4.25,5.57,0.065,78
51.156,159.7907,10.0,4.4,35,129.0,1.998,0.54,us,9.82,1.912,0.108,25
-32.2714,-179.2683,67.311,4.4,13,157.0,3.216,0.64,us,11.92,12.679,0.154,12
50.2153,158.0272,10.0,5.1,77,125.0,2.839,0.92,us,9.43,1.877,0.033,288
37.6443,20.8097,10.0,4.3,43,134.0,1.002,1.01,us,6.44,1.942,0.107,25
52.2859,160.5821,35.0,4.1,16,214.0,1.39,0.96,us,11.0,1.991,0.185,8
37.2812,20.2044,46.918,4.2,33,91.0,1.377,0.7,us,6.76,10.237,0.136,15
-5.1711,152.7504,35.0,4.6,55,149.0,1.136,0.83,us,8.87,1.919,0.081,45
-6.2374,151.739,10.0,4.6,28,83.0,5.521,0.59,us,6.77,1.732,0.119,21
6.1721,-82.5237,10.0,4.3,21,158.0,3.152,0.72,us,7.0,1.96,0.266,4
53.567,159.7568,69.142,4.2,28,159.0,0.859,0.92,us,13.52,9.645,0.124,18
-13.6034,-74.7837,83.771,4.1,26,123.0,2.571,0.95,us,10.81,9.088,0.145,13
49.7264,155.8592,65.055,4.6,51,132.0,3.577,0.71,us,11.78,8.734,0.089,38
52.9588,160.564,46.047,4.2,35,135.0,1.159,0.51,us,10.81,7.718,0.11,23
27.5898,53.0266,10.0,4.3,38,91.0,3.882,0.78,us,7.91,1.91,0.079,45
22.2315,143.6738,131.816,4.5,65,74.0,5.028,0.62,us,11.16,7.35,0.072,57
52.072,-175.091,74.568,4.1,70,170.0,0.522,0.69,us,8.21,6.565,0.076,48
-52.149,14.7784,10.0,4.3,13,119.0,20.24,0.85,us,15.08,1.957,0.168,12
-23.4796,-70.3068,40.94,3.9,21,174.0,1.025,1.04,us,5.07,10.767,0.23,5
-1.6795,120.842,13.442,4.5,25,64.0,0.913,1.12,us,3.8,5.008,0.163,13
-13.2588,167.1734,206.16,4.8,35,158.0,2.175,0.65,us,15.25,6.997,0.114,24
51.6086,160.0359,10.0,4.3,16,137.0,1.653,1.06,us,9.25,1.706,0.148,13
-23.8696,170.2865,10.0,4.6,22,188.0,2.896,1.02,us,10.32,1.706,0.129,18
-18.8013,-171.8211,10.0,4.6,18,155.0,1.813,0.76,us,11.55,1.937,0.141,15
-20.2032,-178.1048,560.186,4.1,23,141.0,4.382,0.53,us,14.47,8.731,0.123,18
51.2006,159.1127,35.228,4.4,18,137.0,1.848,0.76,us,8.79,7.966,0.161,11
-17.9312,-178.5335,597.459,4.3,49,122.0,2.47,0.74,us,10.39,7.507,0.043,153
52.1637,161.4144,10.0,4.0,41,180.0,1.893,0.46,us,9.91,1.804,0.093,31
52.3554,-171.4945,50.41,4.3,33,174.0,1.04,0.93,us,8.28,6.504,0.188,9
51.0169,158.3088,35.0,5.6,158,76.0,2.021,0.78,us,8.94,1.885,0.029,420
54.551,-160.1022,35.174,3.5,65,194.0,0.409,0.9,us,4.33,18.875,0.174,9
-24.31,-67.2445,187.979,4.5,23,67.0,1.601,0.73,us,10.94,10.213,0.128,18
51.3069,157.63,64.123,4.7,129,114.0,1.805,0.76,us,8.97,6.859,0.027,417
1.1965,96.9156,10.0,4.2,15,205.0,0.668,0.4,us,7.53,1.937,0.216,6
52.5477,160.979,10.0,4.0,22,121.0,1.493,0.86,us,9.61,1.924,0.149,14
49.9056,158.961,10.0,4.6,72,131.0,3.128,0.6,us,8.67,1.879,0.067,67
7.2829,126.7816,69.87,4.6,68,96.0,1.212,0.83,us,9.73,6.141,0.071,59
51.8158,178.4332,111.145,4.0,40,155.0,0.164,0.75,us,3.83,5.787,0.126,18
29.0344,138.6988,492.848,4.7,213,47.0,3.635,0.6,us,9.39,6.006,0.03,348
6.4718,126.1976,73.23,4.4,44,61.0,0.854,0.78,us,5.76,7.611,0.087,38
-34.8203,-179.7793,35.0,4.6,37,167.0,3.144,0.58,us,6.84,1.902,0.125,19
3.9623,97.3735,9.98,4.2,25,195.0,1.328,0.59,us,9.18,5.458,0.142,16
-7.0417,150.3444,10.0,4.3,22,147.0,3.361,0.4,us,12.91,1.922,0.137,15
52.2064,158.6973,10.0,4.4,124,113.0,0.819,0.7,us,4.09,1.84,0.05,116
51.2383,159.2114,41.447,4.2,24,167.0,1.821,0.88,us,12.24,8.254,0.146,15
-0.1578,122.8574,158.128,4.8,79,22.0,0.882,0.83,us,6.51,5.247,0.064,76
54.4532,161.4173,45.267,4.0,30,132.0,2.18,0.61,us,9.04,10.006,0.119,20
50.6857,157.0186,64.782,4.3,49,135.0,2.463,0.48,us,11.1,7.612,0.094,32
2.0682,96.6309,26.827,4.5,43,181.0,1.211,0.54,us,7.44,6.437,0.09,36
-27.4168,-175.1232,10.0,5.0,41,121.0,3.071,0.82,us,10.76,1.863,0.059,94
49.4373,158.4165,10.0,4.4,17,232.0,3.594,0.98,us,9.48,1.95,0.163,11
25.4627,141.9557,64.321,4.3,13,148.0,1.639,1.31,us,15.02,10.217,0.201,8
-18.9916,-177.5644,505.168,4.1,29,88.0,3.845,0.8,us,15.92,9.935,0.107,24
-57.8059,157.7149,34.854,5.3,55,47.0,3.386,0.62,us,12.17,4.106,0.093,39
-34.802,-108.325,10.0,4.7,48,82.0,7.677,0.43,us,11.46,1.874,0.083,44
-6.5736,146.8916,65.778,4.4,29,151.0,2.825,1.05,us,14.59,8.341,0.114,22
36.2217,69.2333,37.263,4.6,40,148.0,2.431,0.81,us,9.89,6.57,0.068,65
49.4791,158.7243,10.0,4.2,15,138.0,3.549,0.68,us,13.71,1.937,0.215,6
52.6444,160.4965,35.0,4.3,27,147.0,1.183,0.82,us,9.55,1.956,0.133,16
36.6359,30.7699,104.803,4.4,24,98.0,0.701,0.74,us,5.56,4.328,0.269,4
36.6326,67.8986,10.0,4.3,81,96.0,2.254,0.84,us,4.6,1.888,0.062,79
52.5183,159.2832,78.18,4.5,43,162.0,0.636,0.77,us,11.48,7.47,0.091,35
52.2207,160.1556,39.277,4.2,31,123.0,1.22,0.69,us,10.63,7.738,0.103,26
-4.9685,102.9052,59.367,4.7,54,92.0,0.606,0.72,us,6.0,6.574,0.092,36
49.8646,156.0997,52.814,5.1,148,120.0,3.398,0.8,us,6.33,5.399,0.023,625
53.1257,160.914,45.809,4.1,27,147.0,1.37,1.22,us,10.62,7.332,0.139,16
-59.8205,-62.1822,10.0,4.7,18,130.0,5.048,0.61,us,13.04,1.913,0.142,15
43.4286,148.1529,10.0,4.6,51,135.0,3.942,0.7,us,9.52,1.896,0.09,37
-27.9645,-66.6791,153.343,4.3,38,41.0,3.316,0.46,us,8.55,7.592,0.101,28
51.825,159.6059,40.446,4.4,29,125.0,1.335,0.94,us,8.84,7.758,0.084,41
52.8555,160.7567,10.0,4.5,40,119.0,1.286,0.72,us,10.27,1.905,0.091,35
51.0843,158.2602,35.0,4.3,51,122.0,1.957,0.77,us,9.2,1.926,0.079,50
52.7818,160.9545,10.0,4.6,39,119.0,1.417,0.62,us,10.4,1.902,0.048,131
50.6683,157.9862,29.132,5.0,218,98.0,2.394,0.51,us,9.67,4.539,0.041,193
-10.1177,123.3333,75.872,4.0,13,83.0,0.988,0.86,us,9.03,7.386,0.164,10
51.6779,160.0257,10.0,4.4,92,113.0,1.59,0.8,us,8.54,1.862,0.064,70
-57.611,-10.5505,10.0,4.8,21,89.0,14.868,0.78,us,14.2,1.896,0.131,18
-18.2894,-175.1822,263.819,4.2,26,109.0,5.042,1.05,us,10.97,12.318,0.118,21
2.5723,95.9909,35.0,4.4,22,201.0,2.806,0.31,us,11.38,1.983,0.148,13
52.622,160.711,39.84,4.1,25,120.0,1.314,0.72,us,11.35,8.053,0.114,21
29.296,129.4353,10.0,4.6,61,57.0,2.374,1.0,us,6.83,1.85,0.091,36
-60.4174,-62.4535,10.0,4.9,29,128.0,4.435,0.94,us,7.95,1.765,0.116,23
14.0785,-91.3783,86.886,4.6,78,94.0,0.509,0.79,us,7.63,6.925,0.044,151
-31.2815,118.021,10.0,4.1,7,119.0,1.77,1.15,us,12.67,1.969,0.213,6
-18.8558,169.376,257.339,4.2,84,85.0,4.151,0.7,us,10.45,7.75,0.064,68
-1.2122,98.5369,10.0,4.4,16,192.0,2.678,1.07,us,7.95,1.843,0.202,7
19.8566,121.3308,39.251,4.5,34,116.0,2.956,0.69,us,12.27,8.335,0.111,24
52.3482,-169.5832,43.123,3.9,25,187.0,0.766,0.77,us,5.46,10.128,0.105,24
16.3807,-59.5794,10.0,4.9,139,47.0,1.42,0.7,us,6.25,1.866,0.03,342
51.3518,159.7018,13.297,4.6,64,134.0,1.795,0.85,us,10.46,5.474,0.077,50
30.5605,141.6086,10.0,4.6,46,119.0,2.97,0.73,us,9.75,1.886,0.098,32
50.9224,160.5181,10.0,4.5,35,167.0,2.4,1.11,us,7.64,1.952,0.099,30
52.4048,160.6361,11.326,4.5,44,117.0,1.358,0.86,us,9.76,5.048,0.053,103
-8.3553,116.017,10.0,4.5,48,50.0,1.802,0.72,us,6.58,1.806,0.108,25
-6.1749,142.5106,10.0,4.6,23,155.0,3.071,0.9,us,11.23,1.901,0.095,33
51.605,160.6406,10.0,4.2,30,165.0,1.874,0.49,us,7.9,1.9,0.115,21
-61.1332,-36.3328,10.0,5.0,60,62.0,13.067,0.52,us,11.86,1.838,0.076,56
54.5526,-160.1044,38.786,3.8,55,203.0,0.409,0.73,us,6.08,11.35,0.36,2
-4.688,-12.4335,10.0,5.1,76,48.0,3.749,0.77,us,10.59,1.864,0.06,89
11.7781,125.9635,10.0,4.9,68,105.0,4.694,0.7,us,11.11,1.865,0.069,66
42.0602,142.5913,57.662,4.6,51,83.0,0.424,0.52,us,4.75,7.156,0.046,143
52.5195,159.7031,16.375,6.3,29,121.0,0.815,0.67,us,9.45,5.247,0.116,29
41.02,142.8972,41.31,4.4,59,134.0,1.013,0.68,us,7.17,7.342,0.08,49
7.0621,126.8812,66.09,4.5,35,112.0,1.292,1.13,us,8.9,8.155,0.094,33
-7.1081,129.8647,150.626,4.6,45,93.0,2.569,0.72,us,9.31,8.425,0.093,34
-8.1718,-75.8205,10.0,4.9,65,135.0,3.117,0.75,us,9.33,1.885,0.05,127
-28.0218,-177.4728,66.397,4.4,20,250.0,1.283,0.79,us,12.8,10.135,0.135,16
19.8145,121.392,67.151,4.0,24,129.0,3.002,0.63,us,12.95,10.114,0.138,14
41.4541,142.1713,60.966,4.3,39,121.0,0.926,0.87,us,6.56,1.986,0.087,38
32.5027,142.4884,10.0,4.4,22,129.0,2.334,1.24,us,8.94,1.9,0.155,12
-5.2813,68.5664,10.0,4.6,28,85.0,4.404,0.92,us,11.42,1.895,0.132,17
-10.7082,113.9842,10.0,4.5,28,116.0,2.23,0.56,us,7.65,1.911,0.124,19
-23.3029,-176.97,151.949,4.5,26,165.0,7.233,0.7,us,13.86,8.08,0.124,20
51.0788,159.7821,10.0,4.1,16,253.0,2.069,0.42,us,13.45,1.998,0.165,10
-25.7952,-176.9375,101.106,4.8,37,100.0,9.263,0.89,us,12.33,8.958,0.107,27
54.3946,-158.772,10.0,4.1,55,161.0,0.646,0.71,us,4.16,1.918,0.117,20
6.9385,126.922,71.363,4.6,24,135.0,1.339,0.89,us,9.21,8.056,0.126,19
52.3334,160.7508,10.0,4.2,15,164.0,1.454,1.31,us,10.83,1.928,0.187,8
50.0802,156.7628,41.912,4.1,25,131.0,3.088,0.67,us,9.86,5.733,0.15,12
50.7515,156.9587,65.988,4.3,31,133.0,2.404,0.44,us,10.64,7.58,0.129,17
49.9381,157.3568,10.0,4.2,35,138.0,3.182,0.66,us,10.88,1.447,0.104,26
-6.7723,129.6936,167.242,4.2,30,69.0,4.597,0.48,us,8.16,9.417,0.128,20
44.4951,150.1575,10.0,4.2,26,207.0,5.442,0.4,us,16.21,2.002,0.124,18
-30.6075,-71.801,28.474,4.4,33,189.0,0.158,0.67,us,4.27,6.221,0.162,11
-17.4423,-71.2192,86.241,4.1,21,141.0,1.245,0.48,us,9.39,8.282,0.15,12
-8.073,128.7784,35.0,4.5,18,109.0,3.701,0.48,us,7.4,1.906,0.131,17
51.5301,160.3694,10.0,4.9,48,182.0,2.277,0.76,us,9.38,1.941,0.061,84
49.2029,155.5603,64.406,4.5,53,137.0,4.136,0.65,us,11.64,7.942,0.069,61
12.4391,-89.3216,10.0,4.3,56,192.0,1.32,0.62,us,5.7,1.967,0.081,44
7.4663,127.078,10.0,4.2,19,135.0,1.538,0.94,us,6.12,1.927,0.153,12
51.6647,159.923,10.0,4.4,36,218.0,1.569,0.77,us,10.43,1.961,0.1,29
19.1885,146.2372,91.59,4.5,36,152.0,3.949,0.74,us,15.67,9.777,0.101,29
35.1436,23.325,61.077,4.5,95,63.0,2.325,0.96,us,8.34,7.619,0.057,90
-4.9105,151.8547,112.283,4.3,36,98.0,0.778,1.09,us,9.53,6.994,0.101,28
-18.132,168.3039,18.282,4.5,23,76.0,2.87,1.11,us,8.42,4.506,0.136,16
39.7352,143.4931,10.0,4.6,57,132.0,2.136,0.67,us,8.37,1.901,0.088,38
-5.4317,145.9904,64.308,4.6,53,84.0,3.635,0.54,us,8.05,7.585,0.081,46
52.2516,160.7421,10.0,5.1,97,107.0,1.491,0.67,us,7.86,1.858,0.022,650
-29.6391,-177.4915,35.0,4.1,11,260.0,9.693,0.54,us,12.02,1.989,0.213,6
49.3466,156.9729,10.0,4.4,34,104.0,3.794,0.58,us,8.94,1.846,0.108,25
49.8661,156.912,35.572,4.0,26,133.0,3.284,1.04,us,11.31,6.652,0.119,19
1.2119,128.7123,11.376,4.2,33,77.0,3.276,0.6,us,7.63,4.926,0.118,20
50.9895,159.1153,10.0,4.6,32,135.0,2.295,0.64,us,10.55,1.919,0.113,23
51.7295,159.3804,35.0,4.3,27,124.0,1.371,1.08,us,8.89,1.292,0.133,16
52.5018,160.6432,10.0,4.2,49,119.0,1.319,0.71,us,9.12,1.899,0.084,40
51.6119,159.8887,10.0,4.6,33,156.0,1.605,0.75,us,8.08,1.923,0.099,30
-12.0976,166.8112,341.269,4.2,24,159.0,8.747,0.39,us,18.28,8.54,0.118,20
43.2393,-126.9507,10.0,3.9,22,262.0,1.692,0.36,us,8.07,2.012,0.17,9
36.6356,140.3545,10.0,4.0,13,154.0,1.729,0.8,us,7.21,1.781,0.258,4
40.8581,78.066,10.0,4.2,27,102.0,0.935,0.53,us,5.95,1.941,0.127,20
-22.0936,-68.617,121.752,4.0,19,85.0,0.651,0.7,us,4.06,6.374,0.183,8
52.7965,160.796,40.813,4.2,21,118.0,1.319,0.82,us,4.84,7.718,0.158,14
12.939,143.9307,94.758,4.5,33,123.0,1.119,0.6,us,12.54,9.235,0.096,32
26.1352,97.1858,10.0,4.6,81,91.0,5.306,0.52,us,9.87,1.878,0.068,64
8.655,58.5807,10.0,4.3,25,141.0,19.376,0.65,us,13.31,1.867,0.129,17
51.8554,160.3445,10.0,5.2,92,88.0,1.563,0.77,us,8.42,1.876,0.035,265
29.3423,129.4711,10.0,4.6,27,129.0,2.32,0.75,us,9.41,1.906,0.132,17
54.4797,-160.273,35.005,4.0,61,154.0,0.531,0.61,us,4.84,8.816,0.13,17
5.3311,124.7375,15.643,4.3,24,98.0,0.948,1.08,us,6.73,2.979,0.137,15
-44.4413,-80.2321,10.0,4.7,31,84.0,4.835,0.64,us,7.37,1.873,0.112,24
52.501,160.244,33.703,4.4,57,175.0,1.101,0.5,us,11.3,7.772,0.046,136
53.6152,-166.9268,98.508,3.8,70,159.0,0.181,0.55,us,7.98,3.928,0.192,7
-58.0191,-25.0111,35.0,4.6,28,55.0,7.42,0.67,us,8.2,1.881,0.128,18
37.6449,144.2525,10.0,4.5,50,136.0,3.998,0.52,us,11.35,1.922,0.092,35
-21.635,-68.4076,121.731,4.5,33,90.0,0.792,0.83,us,5.41,6.238,0.113,23
-17.5279,167.8987,35.0,4.3,18,198.0,2.174,0.65,us,8.3,1.963,0.154,12
51.1478,159.3957,10.0,4.5,18,104.0,2.225,0.72,us,12.66,1.903,0.144,14
-20.6232,-177.9692,515.368,4.4,24,211.0,4.725,0.5,us,24.56,21.212,0.12,21
50.533,159.5682,10.0,4.4,24,138.0,2.558,0.54,us,8.17,1.875,0.155,12
51.5493,160.6557,10.0,4.4,35,138.0,1.923,0.62,us,10.4,1.92,0.102,28
1.5579,126.9336,105.685,4.5,55,90.0,0.893,0.75,us,7.03,7.67,0.087,39
-17.6567,-71.6652,53.676,4.0,22,133.0,1.446,0.91,us,3.62,11.765,0.212,6
41.0304,143.2638,33.371,4.3,37,136.0,0.987,0.77,us,5.0,3.741,0.1,28
7.8807,-38.6405,10.0,4.6,43,78.0,13.888,0.88,us,12.31,1.899,0.089,38
34.088,141.1207,37.664,4.1,20,142.0,1.46,0.48,us,7.88,9.124,0.234,7
51.3015,161.2126,10.0,4.1,44,167.0,2.338,0.84,us,12.22,1.962,0.097,29
-3.9128,151.3523,10.0,5.1,63,54.0,0.855,0.76,us,4.55,1.787,0.064,81
51.5824,-173.8195,40.436,4.2,79,141.0,0.663,0.83,us,5.59,7.389,0.056,87
53.0558,161.1184,10.0,4.0,26,146.0,1.491,1.04,us,9.91,1.941,0.108,23
10.8128,-86.6771,10.0,4.6,47,178.0,1.328,1.01,us,7.23,1.931,0.039,196
50.255,158.4461,18.756,4.7,64,133.0,2.775,0.68,us,8.74,4.082,0.072,59
32.4189,141.7133,10.0,4.5,45,121.0,1.745,0.79,us,7.98,1.879,0.089,41
51.1468,159.5447,22.326,4.5,30,122.0,1.959,0.99,us,9.78,5.956,0.113,23
17.2831,-60.1479,21.47,4.1,40,141.0,1.297,0.73,us,6.39,6.668,0.151,12
29.241,105.395,10.0,4.3,35,147.0,3.711,0.78,us,11.3,1.929,0.111,23
7.4678,127.198,9.23,4.2,28,70.0,1.654,0.49,us,5.47,4.447,0.128,19
34.9872,104.603,10.0,4.7,63,46.0,1.218,0.75,us,6.86,1.884,0.06,85
-27.997,-178.0361,10.0,4.5,19,126.0,1.247,0.94,us,11.73,1.93,0.15,15
39.2068,28.171,10.0,4.0,18,56.0,1.024,0.68,us,4.86,1.953,0.298,3
6.1548,95.0779,10.0,4.4,25,138.0,2.075,0.39,us,8.83,1.89,0.155,12
-19.3171,-177.6071,568.897,4.1,18,137.0,4.032,0.58,us,20.24,12.671,0.131,16
51.6197,160.3343,10.0,4.8,64,128.0,1.745,1.29,us,8.87,1.898,0.067,73
-24.7352,179.6374,528.13,4.3,25,133.0,7.111,0.66,us,18.34,13.127,0.108,24
36.0705,28.4808,44.648,4.2,40,61.0,0.324,0.79,us,5.11,6.057,0.096,30
50.0516,157.4532,35.0,5.1,82,102.0,3.065,1.01,us,8.77,1.579,0.023,633
50.9944,160.5997,10.0,4.8,86,165.0,2.362,0.75,us,9.92,1.911,0.03,351
-22.0257,-179.6045,606.847,4.4,27,200.0,4.795,0.65,us,12.91,15.674,0.107,25
52.9244,161.1829,10.0,4.3,20,188.0,1.535,1.13,us,11.05,1.991,0.133,16
52.4512,160.7626,10.0,4.7,35,104.0,1.407,0.69,us,8.75,1.88,0.114,23
-23.1525,-114.2437,10.0,4.5,27,154.0,43.799,0.51,us,19.82,1.92,0.106,27
30.143,103.6923,10.0,4.2,23,146.0,5.797,0.66,us,13.67,1.943,0.131,16
51.8288,160.4985,10.0,4.6,48,121.0,1.647,0.86,us,10.42,1.905,0.083,44
-6.3254,-79.9277,67.657,5.0,75,130.0,3.892,0.79,us,10.97,5.918,0.029,387
52.059,179.6384,133.018,3.7,86,125.0,0.07,0.78,us,9.33,8.77,0.063,65
24.5928,122.0668,62.593,4.3,61,51.0,0.599,0.57,us,3.59,4.669,0.091,38
-8.1311,106.9454,48.815,4.2,13,104.0,0.964,0.7,us,7.01,7.131,0.152,12
34.9428,104.6648,10.0,4.9,50,143.0,1.284,0.65,us,5.21,1.891,0.099,32
51.295,160.0075,10.0,4.3,24,176.0,2.306,0.5,us,9.84,1.958,0.119,20
49.9205,158.6058,10.0,4.7,68,135.0,3.107,0.57,us,8.83,1.88,0.059,86
52.7107,159.5146,63.772,4.6,36,117.0,0.611,1.36,us,10.13,7.03,0.103,28
37.1785,72.0365,92.388,4.2,23,170.0,2.303,0.49,us,5.17,15.372,0.176,9
52.0659,160.8269,10.0,4.2,19,257.0,1.639,0.91,us,9.45,1.916,0.167,11
34.8895,25.8818,10.0,3.9,35,113.0,0.905,0.65,us,6.42,1.908,0.121,18
52.5372,158.9161,72.361,5.2,105,109.0,0.513,0.81,us,8.37,5.849,0.02,811
34.6544,70.7618,10.0,4.4,36,149.0,1.35,0.55,us,10.04,1.952,0.1,29
52.3028,160.4482,45.228,4.7,42,132.0,1.312,0.92,us,10.51,7.328,0.096,33
52.2323,160.3528,41.044,4.4,22,166.0,1.839,0.69,us,14.39,9.801,0.12,20
23.9524,122.6959,20.209,4.4,30,91.0,0.588,0.74,us,4.34,5.849,0.144,14
50.4745,157.713,40.941,4.5,60,126.0,2.618,0.75,us,7.52,6.941,0.051,114
46.7905,151.6907,97.242,4.4,25,137.0,6.933,0.72,us,11.68,5.877,0.134,16
52.8627,159.4762,58.953,4.0,24,119.0,0.525,0.63,us,11.04,7.12,0.129,16
3.2829,-31.4821,10.0,4.6,36,99.0,10.068,0.47,us,6.63,1.886,0.103,28
54.5063,-160.1562,36.195,3.6,71,164.0,0.463,0.97,us,5.41,10.56,0.188,7
54.1633,-166.1839,103.035,4.4,132,84.0,0.075,0.61,us,6.45,1.3,0.044,148
18.2509,146.4726,93.96,4.2,17,150.0,3.064,0.48,us,8.41,9.553,0.153,12
51.2404,157.6078,84.239,4.5,76,115.0,1.872,0.75,us,8.99,6.64,0.038,206
13.9886,144.7792,194.208,3.9,21,94.0,0.406,0.4,us,11.61,5.518,0.148,12
4.1839,96.1333,85.71,4.2,28,138.0,1.317,0.51,us,9.37,6.902,0.124,18
15.5435,145.8247,122.582,4.2,21,102.0,0.303,0.61,us,14.08,5.691,0.159,11
16.4546,-59.8077,10.0,4.5,16,234.0,1.216,0.65,us,6.77,1.952,0.204,7
-23.4007,170.8321,10.0,4.3,19,246.0,3.216,0.59,us,11.22,1.949,0.16,11
13.5682,-92.4025,10.0,4.7,59,164.0,1.283,0.83,us,7.69,1.925,0.031,305
52.33,162.1056,10.0,4.0,35,135.0,2.216,0.68,us,12.15,1.912,0.113,21
52.9373,160.7052,47.898,5.7,88,147.0,1.246,0.77,us,9.41,6.148,0.05,144
0.2945,-60.5105,11.668,4.0,19,63.0,6.482,0.34,us,9.1,2.756,0.164,10
6.2701,127.3451,10.0,4.9,92,39.0,1.926,0.81,us,6.36,1.857,0.059,101
50.6188,156.9493,74.025,4.2,65,135.0,2.536,0.54,us,4.48,8.024,0.073,52
52.429,160.7348,10.0,5.3,197,51.0,1.401,0.5,us,7.56,1.765,0.04,213
53.1046,160.1326,58.789,4.6,44,178.0,0.898,0.56,us,13.15,9.187,0.09,37
50.9799,159.4363,10.0,4.3,15,256.0,2.386,0.49,us,14.04,2.001,0.169,10
51.3825,159.5233,10.0,5.2,100,121.0,1.729,1.3,us,8.86,1.852,0.041,199
52.2925,159.8143,35.0,4.2,11,221.0,1.019,1.28,us,7.5,2.009,0.167,10
50.4631,158.4999,50.724,4.5,61,135.0,2.566,0.73,us,6.19,6.818,0.073,56
-31.9653,-66.9423,145.674,4.6,105,51.0,1.53,0.89,us,6.4,5.594,0.034,262
0.8093,-27.9489,10.0,4.7,143,90.0,16.093,0.63,us,11.14,1.901,0.047,145
42.8433,146.3445,35.0,4.2,39,105.0,2.5,0.45,us,9.75,1.939,0.098,29
49.7861,155.8326,74.104,4.1,41,135.0,3.526,0.57,us,12.16,8.072,0.076,47
34.3515,22.1086,35.0,4.3,18,247.0,2.825,0.82,us,11.39,2.017,0.178,9
-24.1092,-175.7845,35.0,4.2,15,131.0,7.4,0.61,us,12.33,1.95,0.147,13
56.0972,117.4659,10.0,4.2,30,86.0,6.697,1.23,us,9.68,1.922,0.107,24
49.1287,154.6678,93.079,4.3,33,125.0,4.418,0.42,us,7.93,8.578,0.116,21
-18.0377,-178.5833,624.307,4.1,18,122.0,2.496,0.4,us,9.7,11.079,0.151,13
-32.0933,-69.4191,119.797,4.4,36,43.0,0.839,0.88,us,4.97,6.084,0.148,13
-32.9948,-72.8305,10.0,4.4,24,146.0,0.994,0.95,us,5.52,1.903,0.268,4
49.8776,155.9521,81.935,4.1,42,167.0,3.414,0.68,us,11.67,9.243,0.094,33
2.7836,-31.3642,10.0,4.6,33,90.0,9.679,1.13,us,6.76,1.872,0.094,34
52.0961,159.2382,35.0,5.0,118,95.0,0.996,0.91,us,8.57,1.841,0.033,302
-27.9812,-177.8106,10.0,4.4,18,92.0,10.876,0.74,us,8.36,1.899,0.139,15
52.4684,160.47,10.0,5.0,115,91.0,1.238,1.38,us,8.12,1.795,0.031,335
52.2338,160.3119,38.415,4.5,30,123.0,1.285,1.27,us,12.1,7.831,0.108,25
-5.5512,146.6973,142.13,4.3,29,96.0,3.856,0.69,us,10.32,8.361,0.116,21
51.5301,159.6329,30.82,4.1,23,121.0,1.613,1.03,us,8.84,6.358,0.158,12
-23.9974,-66.5944,194.469,4.5,45,69.0,1.789,1.23,us,9.64,7.639,0.046,141
9.3928,93.9439,10.0,5.0,101,43.0,5.097,0.56,us,8.1,1.848,0.049,132
52.587,160.5846,32.647,4.3,52,137.0,1.826,0.83,us,12.43,6.265,0.083,41
-23.666,-179.6844,508.528,4.3,34,106.0,5.774,0.93,us,13.59,6.141,0.098,29
52.1616,160.6216,21.093,4.6,48,75.0,1.48,0.74,us,6.98,4.185,0.091,36
-24.7777,179.6101,520.95,4.2,36,76.0,7.147,0.68,us,10.58,9.716,0.081,43
39.2365,28.1235,10.0,4.3,30,63.0,0.961,0.7,us,4.43,1.892,0.129,17
50.7737,159.8055,10.0,4.5,28,132.0,2.364,0.79,us,5.84,1.847,0.135,16
51.6531,159.3432,35.0,5.1,57,126.0,1.437,0.91,us,8.87,1.91,0.081,50
-6.8493,130.5204,105.965,4.8,51,48.0,2.391,0.62,us,8.22,7.424,0.075,55
9.3075,93.7511,10.0,4.2,27,179.0,5.823,0.57,us,13.83,1.943,0.128,18
-21.6177,-68.623,135.912,4.2,16,88.0,0.602,0.7,us,6.78,5.852,0.236,5
3.0571,-31.3417,10.0,4.9,63,46.0,9.931,0.6,us,10.53,1.856,0.06,87
9.7865,-70.7547,10.0,4.1,21,93.0,0.905,0.97,us,8.36,1.926,0.166,10
-18.0998,-178.5097,593.531,4.1,67,115.0,2.589,0.88,us,14.76,7.389,0.076,51
-52.3732,-71.8054,10.0,4.2,11,176.0,0.506,0.62,us,6.56,1.942,0.216,6
3.0943,-31.2122,10.0,4.7,40,66.0,20.188,0.38,us,13.07,1.882,0.094,34
37.0238,72.7686,79.311,4.4,40,107.0,1.306,0.47,us,8.52,7.892,0.093,33
-14.1982,-14.3764,10.0,5.0,35,74.0,6.226,0.73,us,6.91,1.859,0.075,57
-19.0339,-177.5908,568.839,4.0,17,131.0,3.854,0.59,us,18.35,14.214,0.15,13
50.384,159.2589,10.0,4.4,24,137.0,2.67,0.68,us,11.34,1.912,0.126,18
0.7107,99.4771,131.094,4.3,53,107.0,1.991,0.7,us,5.85,7.13,0.092,37
51.8851,161.2541,10.0,4.3,46,126.0,1.959,0.2,us,9.19,1.899,0.091,34
49.2244,156.3117,41.381,4.5,112,131.0,3.986,0.54,us,9.1,7.054,0.055,98
51.5777,159.6258,10.0,5.0,61,135.0,1.567,0.65,us,9.44,1.897,0.077,53
-31.1823,-178.6234,10.0,4.4,14,251.0,6.851,0.35,us,12.68,1.995,0.149,13
-15.284,-179.1933,431.748,4.3,34,65.0,1.821,0.66,us,12.49,5.102,0.119,21
50.3214,159.1062,10.0,4.3,33,134.0,2.721,0.31,us,7.03,1.912,0.116,21
51.4124,157.6145,84.758,4.1,35,126.0,1.699,0.58,us,11.7,7.868,0.104,25
-1.9946,138.9596,28.217,4.5,48,80.0,0.972,0.92,us,6.06,5.284,0.087,39
52.8408,160.0032,46.784,4.8,84,127.0,0.839,0.8,us,9.52,6.872,0.034,265
-6.8441,129.37,174.154,4.6,24,67.0,4.84,0.5,us,13.01,9.668,0.119,21
-33.6161,-72.6841,10.0,4.3,26,197.0,0.893,0.93,us,4.57,1.772,0.217,6
16.1817,146.6665,43.46,4.3,16,171.0,1.261,0.57,us,12.26,11.051,0.189,8
1.0484,127.0165,42.602,4.9,109,59.0,0.445,0.62,us,5.71,5.626,0.06,88
-47.8647,116.0413,10.0,4.4,21,141.0,14.948,0.74,us,15.26,1.92,0.13,17
-7.0955,111.1172,241.038,4.4,49,74.0,0.673,0.72,us,8.02,4.395,0.093,33
52.6927,160.608,30.025,4.5,32,143.0,1.233,1.03,us,5.69,5.63,0.121,20
35.3651,57.3311,10.0,4.5,60,165.0,7.579,0.76,us,9.54,1.937,0.078,49
51.5468,159.6746,44.532,4.3,29,127.0,1.607,0.77,us,4.19,7.609,0.114,24
52.6618,159.9063,39.226,4.3,32,120.0,0.844,0.76,us,10.89,8.515,0.099,29
-6.4631,107.2303,9.635,4.9,65,37.0,0.648,0.91,us,5.82,4.146,0.073,59
51.4135,161.2335,10.0,4.1,32,130.0,2.264,0.57,us,9.5,1.928,0.105,25
52.5009,160.346,35.0,5.2,84,96.0,1.156,1.25,us,8.68,1.86,0.033,294
13.1747,144.567,75.892,4.5,32,128.0,2.366,0.62,us,14.15,8.79,0.078,49
52.9605,160.5025,52.675,4.3,23,149.0,1.122,1.09,us,8.53,8.761,0.137,15
51.7505,-177.8295,83.815,4.0,50,164.0,0.044,0.29,us,7.3,4.752,0.065,63
7.1025,-82.283,10.0,4.8,83,86.0,3.127,0.73,us,6.65,1.885,0.044,160
2.5581,95.8302,33.799,4.2,22,204.0,2.143,0.36,us,9.92,7.626,0.136,15
-60.2506,-61.856,10.0,5.1,64,92.0,4.653,0.97,us,8.59,1.787,0.064,79
52.2593,159.0057,68.738,4.3,97,132.0,0.795,0.66,us,5.14,6.524,0.059,85
51.8688,159.2945,35.0,4.9,133,121.0,1.222,0.58,us,8.97,1.869,0.027,418
-23.1971,-175.1895,10.0,5.1,78,128.0,6.397,1.02,us,12.96,1.833,0.06,92
14.0249,-89.8234,10.0,4.2,20,126.0,0.129,0.75,us,3.67,1.967,0.176,9
50.4486,157.5188,35.0,5.0,58,140.0,2.666,0.62,us,10.87,1.925,0.091,39
-62.0195,-158.5718,10.0,4.7,14,97.0,19.273,0.88,us,16.34,1.885,0.152,13
0.9508,126.1289,39.214,4.6,59,65.0,3.812,0.84,us,4.92,6.237,0.088,39
49.1481,157.5807,10.0,4.5,28,138.0,3.938,0.76,us,11.46,1.93,0.131,17
29.7534,129.6362,10.0,4.6,35,113.0,1.886,0.62,us,6.77,1.883,0.119,21
50.9787,157.5246,67.91,4.8,61,119.0,2.136,0.59,us,11.22,7.252,0.041,187
-6.8296,131.5473,10.0,4.6,15,117.0,2.815,0.59,us,7.52,1.893,0.223,6
17.2807,146.0672,123.471,4.4,104,76.0,2.046,0.71,us,11.05,7.86,0.055,96
39.6107,143.4862,32.536,4.0,19,204.0,2.197,0.57,us,10.55,8.744,0.164,10
-20.6644,-173.6545,10.0,4.3,21,113.0,3.847,0.73,us,12.84,1.919,0.133,18
53.4066,-163.5687,25.866,3.6,61,166.0,1.245,0.5,us,5.94,7.359,0.158,11
52.319,160.5494,29.898,4.5,41,122.0,1.355,0.79,us,9.19,3.931,0.108,25
51.3561,-176.6699,35.0,3.9,59,187.0,0.533,0.92,us,5.57,1.952,0.079,44
52.5306,160.5399,42.644,4.1,16,121.0,1.25,0.4,us,9.6,7.565,0.185,8
29.7915,92.3503,10.0,4.5,29,84.0,1.067,0.95,us,8.34,1.877,0.08,46
43.6191,147.136,40.859,5.0,128,85.0,3.323,1.04,us,8.45,5.418,0.023,605
13.4568,-87.9805,230.595,4.2,31,126.0,0.334,0.62,us,14.23,11.766,0.11,23
-6.5058,128.9902,214.82,4.4,33,103.0,4.821,0.71,us,10.21,8.365,0.11,24
-24.0946,178.8141,568.857,4.4,32,113.0,6.358,0.8,us,13.22,11.771,0.112,23
33.0832,90.0677,10.0,4.5,45,131.0,3.489,1.14,us,10.37,1.89,0.065,70
49.1377,156.1835,70.426,4.5,36,124.0,4.089,0.69,us,8.13,8.094,0.087,39
-18.2633,-178.7306,544.99,4.1,8,239.0,2.538,1.09,us,23.46,18.787,0.197,8
-6.0832,102.9046,10.0,4.5,26,102.0,1.647,0.53,us,9.28,1.906,0.124,19
-6.8749,125.3117,520.733,4.5,91,39.0,3.043,0.45,us,10.46,8.24,0.07,61
-21.363,-67.6842,211.606,4.3,30,60.0,1.512,0.62,us,5.89,8.642,0.142,14
-11.312,165.8242,55.485,4.5,42,115.0,4.324,0.58,us,10.12,7.452,0.089,37
22.283,101.1732,10.0,4.1,22,83.0,1.775,0.93,us,10.91,1.915,0.158,12
-23.3999,-67.1219,213.09,4.1,21,90.0,1.07,1.22,us,10.1,5.405,0.145,13
28.1878,51.7175,10.0,4.4,41,84.0,5.154,0.69,us,8.94,1.91,0.127,18
-6.4851,153.2283,10.0,4.5,36,149.0,2.473,0.71,us,12.77,1.916,0.101,29
39.2223,28.048,10.0,4.2,28,57.0,0.95,0.84,us,4.9,1.872,0.215,6
45.7316,153.756,10.0,4.1,33,138.0,7.708,0.77,us,10.64,1.882,0.12,21
54.5475,-160.2015,23.175,4.3,74,170.0,0.455,0.97,us,5.4,7.547,0.217,7
-6.4137,131.4916,23.241,4.8,20,96.0,3.552,0.95,us,8.49,6.433,0.144,15
2.4729,126.9288,57.806,4.2,26,111.0,1.745,0.56,us,7.11,9.811,0.136,15
39.6555,143.4472,10.0,4.5,64,130.0,2.147,1.14,us,7.14,1.901,0.079,47
52.328,160.4462,10.0,4.5,36,139.0,1.297,0.73,us,11.72,1.926,0.096,32
41.9173,81.9796,10.0,4.5,59,100.0,2.318,0.55,us,7.32,1.901,0.088,38
-9.5515,112.6251,36.169,4.0,14,90.0,1.852,0.81,us,7.13,11.179,0.164,10
28.1928,51.5983,10.0,4.1,30,163.0,5.241,0.69,us,12.3,1.971,0.112,22
51.23,159.9576,10.0,4.5,12,138.0,2.339,0.85,us,14.6,1.9,0.157,12
53.0959,161.4165,10.0,4.5,34,117.0,1.671,1.1,us,10.89,1.905,0.093,34
51.3318,158.3493,81.115,4.0,28,166.0,1.704,0.82,us,11.56,9.024,0.118,20
-18.5806,-71.3245,28.67,4.0,19,233.0,0.956,0.71,us,7.28,5.454,0.259,4
50.3111,159.0682,10.0,5.2,97,45.0,2.729,0.81,us,9.15,1.772,0.022,692
43.406,147.8202,52.276,4.2,28,206.0,3.707,0.77,us,12.88,11.178,0.124,18
-41.2041,81.0679,10.0,4.4,21,147.0,28.256,1.24,us,16.14,1.924,0.126,18
-37.3862,52.4585,10.0,4.3,31,81.0,9.048,0.39,us,12.51,1.881,0.113,23
0.8463,126.0635,35.0,4.6,67,38.0,1.305,0.64,us,4.76,1.882,0.086,42
14.3484,-93.1752,35.0,4.6,22,197.0,1.28,1.22,us,7.11,1.983,0.092,35
-21.1742,-175.5954,125.013,4.5,33,115.0,6.674,0.82,us,13.53,6.894,0.107,26
-5.1529,147.9095,10.0,4.4,32,67.0,3.136,0.66,us,5.65,1.608,0.115,22
-6.2658,151.9704,10.0,4.5,41,149.0,1.947,0.53,us,11.72,1.905,0.093,34
51.3358,159.2549,35.0,4.3,16,230.0,1.731,0.68,us,12.29,1.987,0.188,8
45.4798,151.4646,38.589,5.1,98,91.0,6.94,0.71,us,9.34,5.039,0.035,265
-13.9845,-72.5574,101.337,4.3,23,104.0,4.624,0.77,us,9.66,5.67,0.133,16
-49.3328,124.9223,10.0,4.2,15,139.0,17.364,0.32,us,14.38,1.95,0.141,14
54.2915,158.8893,170.685,4.2,52,91.0,1.279,0.67,us,12.71,9.599,0.079,45
-22.4554,-113.227,10.0,4.6,42,161.0,36.187,0.43,us,9.4,1.887,0.088,39
51.5579,159.6469,24.32,4.6,38,137.0,1.96,1.33,us,9.91,5.605,0.076,52
-6.6972,127.835,316.959,4.4,51,67.0,2.985,0.55,us,8.84,7.966,0.096,31
-19.1224,-177.7628,557.75,4.4,17,131.0,3.792,0.37,us,11.96,12.28,0.154,13
52.2723,160.2989,23.026,4.8,86,133.0,1.79,0.57,us,11.27,5.651,0.066,72
53.0767,161.0744,30.492,4.6,37,181.0,1.465,1.04,us,14.2,8.512,0.098,31
52.7639,160.8662,10.0,4.5,15,158.0,1.368,0.58,us,9.33,1.959,0.151,13
-16.0765,-172.1508,10.0,4.7,27,125.0,2.185,0.6,us,10.32,1.899,0.106,27
-12.1686,166.5046,93.295,4.6,29,226.0,3.329,0.93,us,15.44,12.597,0.107,26
53.6945,160.2765,65.528,4.4,89,156.0,1.184,0.42,us,9.02,7.61,0.038,194
52.0935,160.3531,26.123,4.2,26,216.0,1.911,0.76,us,8.98,6.012,0.136,16
-15.3566,-72.037,118.506,4.3,18,125.0,3.309,1.38,us,8.75,9.624,0.101,28
46.8285,20.1452,13.94,4.1,30,126.0,1.104,0.74,us,6.63,3.136,0.157,11
-7.4314,128.4287,158.044,4.1,18,107.0,4.718,0.52,us,8.82,7.172,0.158,11
34.059,23.3056,35.0,4.0,46,186.0,3.309,0.79,us,9.47,1.991,0.111,22
-59.079,-25.4283,35.0,4.9,48,79.0,7.753,0.47,us,6.44,1.903,0.084,45
-24.308,-67.1961,187.741,4.2,29,60.0,1.623,0.91,us,9.52,10.516,0.167,10
51.3725,158.9547,42.945,4.4,78,127.0,1.664,0.76,us,8.65,7.141,0.058,87
-65.6088,-176.4487,10.0,4.6,17,158.0,13.276,0.84,us,14.87,1.963,0.146,14
-7.4231,128.1041,188.647,4.5,30,93.0,3.393,0.41,us,5.58,7.87,0.109,25
36.7393,30.4636,10.0,4.6,60,61.0,0.446,0.51,us,5.16,1.863,0.083,43
-29.2033,-69.7012,133.436,4.1,34,67.0,0.844,0.88,us,7.01,7.344,0.213,6
37.2837,69.6738,10.0,5.1,119,66.0,1.43,0.59,us,7.64,1.807,0.046,156
-24.0319,-66.6751,190.999,4.4,30,69.0,1.75,0.79,us,9.2,8.135,0.117,21
51.6909,159.2249,55.863,4.2,18,137.0,1.38,0.38,us,11.63,7.248,0.137,15
-7.6478,123.9499,336.237,4.1,42,59.0,1.959,0.94,us,6.35,6.407,0.131,16
49.968,159.4667,10.0,4.4,24,136.0,3.333,0.8,us,9.89,1.904,0.138,15
-14.801,-174.5932,233.96,4.4,19,179.0,2.865,0.56,us,13.48,10.138,0.13,17
52.5265,160.8204,31.483,4.6,22,131.0,1.409,1.24,us,13.07,6.266,0.132,17
-2.9038,136.2918,10.0,4.9,26,56.0,1.779,1.1,us,6.94,1.761,0.099,32
2.0049,126.9327,29.138,4.6,50,89.0,1.299,0.85,us,3.13,5.421,0.084,42
-45.9818,95.6026,10.0,4.4,21,110.0,33.553,0.61,us,8.09,1.909,0.124,19
16.5778,-59.56,10.0,4.8,79,130.0,1.46,0.88,us,7.43,1.899,0.078,51
-49.547,125.2004,10.0,4.3,15,117.0,18.407,0.77,us,17.19,1.96,0.147,13
-31.5118,-179.0856,10.0,4.8,13,148.0,2.47,0.64,us,8.71,1.902,0.16,12
-31.7485,-66.5592,146.008,4.4,25,163.0,1.388,0.96,us,8.35,14.932,0.24,5
53.2871,161.6454,10.0,4.7,48,115.0,1.823,1.04,us,6.08,1.881,0.064,73
52.7614,160.9525,10.0,4.4,59,154.0,1.419,0.83,us,9.53,1.94,0.058,85
51.7965,159.2496,35.0,4.4,70,120.0,1.283,0.69,us,9.14,6.589,0.05,118
12.4439,-88.7541,35.0,4.8,50,166.0,1.102,0.95,us,6.74,1.604,0.03,341
65.8944,-37.5295,10.0,4.5,47,131.0,5.365,0.88,us,9.09,1.931,0.052,107
54.2018,-163.1092,28.982,3.5,62,194.0,0.578,0.86,us,2.75,10.185,0.222,5
-4.0269,129.8665,36.355,4.2,26,98.0,2.62,0.61,us,10.83,8.659,0.121,19
36.504,70.8658,187.072,4.0,47,82.0,2.219,1.17,us,8.24,8.334,0.144,13
49.2759,158.6892,10.0,4.4,44,130.0,3.753,0.66,us,10.1,1.915,0.095,32
30.3748,138.6788,416.072,4.3,88,85.0,2.898,0.73,us,10.62,7.41,0.068,62
-15.9102,167.3193,16.121,4.4,59,112.0,0.474,0.51,us,9.86,5.058,0.078,51
60.4446,-139.5603,5.0,4.1,73,50.0,0.491,0.63,us,1.91,1.906,0.198,7
18.2319,39.9666,10.0,4.1,20,284.0,7.381,0.62,us,17.78,2.008,0.139,14
29.4748,141.4531,78.012,4.5,50,116.0,2.456,0.4,us,10.31,8.074,0.087,39
51.2461,159.2095,10.0,4.6,17,191.0,1.813,0.27,us,8.67,1.952,0.224,8
-22.7414,-12.7919,10.0,4.7,27,68.0,14.801,0.41,us,13.2,1.892,0.113,24
52.2175,160.5871,10.0,4.3,33,123.0,1.43,1.01,us,9.35,1.914,0.098,30
51.4368,160.8984,10.0,4.4,26,138.0,2.106,0.72,us,6.51,1.907,0.149,13
60.4262,-139.6028,8.44,4.2,44,52.0,0.463,1.05,us,2.02,5.012,0.147,13
44.404,33.2724,9.359,4.1,43,45.0,2.501,0.7,us,6.11,3.74,0.106,25
-23.3228,-67.9044,156.468,4.3,40,88.0,0.447,0.67,us,5.82,4.997,0.097,30
29.211,129.4627,10.0,4.5,19,135.0,2.445,1.07,us,6.44,1.92,0.157,12
51.5534,160.641,10.0,4.4,32,138.0,1.914,0.85,us,9.04,1.626,0.114,22
54.5585,-159.7533,40.785,4.8,91,158.0,0.289,0.71,us,5.79,6.14,0.073,58
45.5092,150.7402,64.387,4.4,25,174.0,5.723,0.94,us,14.41,8.265,0.143,14
-23.9907,-71.108,10.0,4.4,15,148.0,0.695,0.87,us,3.7,1.681,0.143,14
52.3002,160.3804,10.0,4.3,29,138.0,1.279,1.14,us,8.11,1.927,0.099,29
52.2875,158.0763,47.365,4.2,45,121.0,0.816,0.49,us,10.26,6.488,0.085,39
50.3673,156.5662,81.153,4.1,27,135.0,2.834,0.62,us,13.15,8.484,0.117,20
50.0968,159.704,10.0,4.3,23,225.0,3.004,1.05,us,11.56,1.972,0.138,15
-29.1478,-71.1183,53.315,4.3,33,132.0,0.39,0.62,us,4.48,6.798,0.154,12
19.3196,-109.041,10.0,4.0,112,123.0,1.895,0.74,us,8.06,1.927,0.054,92
-30.1119,-177.9446,29.892,4.6,19,176.0,0.864,0.5,us,10.12,5.183,0.14,16
9.0733,125.7413,10.0,4.4,26,101.0,1.997,0.5,us,6.23,1.886,0.135,17
51.3784,160.8103,10.0,4.2,36,128.0,2.117,0.57,us,8.17,1.801,0.118,20
51.5921,16.148,5.0,4.5,127,35.0,1.989,0.68,us,5.46,1.862,0.05,122
-3.4009,146.2897,10.0,4.5,19,104.0,1.725,0.67,us,10.92,1.819,0.131,17
-19.6284,-177.6558,420.039,4.0,25,98.0,4.222,0.81,us,17.83,16.226,0.122,18
-18.3819,-177.7835,568.771,4.4,37,90.0,3.312,0.64,us,15.2,10.844,0.102,28
4.4747,-73.2145,10.0,4.2,15,68.0,1.163,0.96,us,7.29,1.471,0.264,6
-2.3293,139.1544,40.0,4.4,27,71.0,1.117,1.12,us,6.6,7.298,0.13,17
50.0643,155.9152,88.217,4.2,67,107.0,3.245,0.49,us,7.7,5.21,0.074,54
1.4001,126.7621,43.633,4.3,27,103.0,0.869,1.03,us,7.44,8.122,0.125,18
52.4238,-169.5357,39.206,3.7,27,176.0,0.688,0.98,us,6.94,8.836,0.126,16
5.1744,123.7663,10.0,4.4,24,68.0,1.762,0.81,us,6.63,1.893,0.138,15
18.0319,145.5628,278.888,4.9,157,54.0,2.784,0.61,us,8.51,6.879,0.029,368
0.0302,123.2062,159.926,4.9,120,45.0,2.154,0.72,us,6.73,6.704,0.05,125
-14.1033,-76.0927,10.0,4.4,16,147.0,2.226,0.94,us,13.26,1.905,0.179,9
28.4842,105.1015,10.0,4.5,55,68.0,7.544,1.22,us,9.41,1.884,0.07,60
-22.9512,-66.7768,197.503,4.4,42,89.0,1.292,0.71,us,10.0,7.714,0.095,32
-0.677,123.2858,10.0,4.3,33,66.0,2.618,0.84,us,6.6,1.926,0.109,24
40.6629,72.0828,10.0,4.5,28,95.0,0.528,0.53,us,2.82,1.928,0.145,14
-16.3723,-71.208,134.686,4.8,93,134.0,2.049,0.65,us,9.27,7.388,0.03,339
49.7002,158.3167,19.776,4.2,45,138.0,3.334,0.65,us,12.63,5.287,0.095,31
53.1325,160.4716,35.0,4.0,14,144.0,1.104,0.46,us,10.71,1.986,0.182,8
-14.4629,167.3649,103.223,4.3,17,162.0,0.991,0.32,us,12.95,7.254,0.177,9
52.3338,160.1487,35.0,5.4,37,123.0,1.144,0.9,us,8.56,1.928,0.086,46
-60.1667,-62.2512,10.0,4.6,21,131.0,4.699,0.58,us,9.14,1.816,0.164,11
-20.806,-173.5816,10.0,4.5,17,116.0,3.844,0.77,us,12.82,1.891,0.15,13
51.7915,159.8475,22.905,5.1,69,125.0,1.435,0.97,us,9.48,5.594,0.059,92
-31.0622,-178.6733,117.329,4.6,31,129.0,1.922,0.81,us,13.93,8.706,0.102,29
52.0133,159.2436,35.0,4.6,46,152.0,1.075,0.53,us,7.65,1.945,0.078,49
-0.4948,-20.0117,10.0,4.6,25,100.0,9.131,0.73,us,7.6,1.709,0.136,16
50.2297,158.3352,29.28,4.1,14,232.0,2.805,0.61,us,10.21,8.114,0.213,6
52.7766,160.952,26.021,4.3,20,150.0,1.416,0.93,us,12.11,7.948,0.16,11
29.9125,80.9401,35.0,4.5,21,165.0,8.854,0.96,us,11.87,1.97,0.144,14
-29.6809,-177.2747,35.0,4.7,18,125.0,18.146,0.67,us,10.54,1.941,0.117,22
52.5731,160.2333,10.0,4.6,48,162.0,1.062,0.77,us,12.43,1.962,0.094,34
-13.6775,-76.4345,47.252,5.0,103,137.0,1.726,0.7,us,6.85,7.287,0.03,367
49.7307,155.9237,68.412,4.3,44,135.0,3.56,0.68,us,12.09,7.892,0.074,51
52.2369,159.5656,35.0,4.2,14,169.0,0.965,0.48,us,8.34,1.975,0.152,12
-17.5975,-69.6577,159.302,4.0,16,188.0,0.17,0.74,us,9.24,3.68,0.197,7
9.1818,93.7574,10.0,4.6,72,94.0,5.043,0.66,us,8.53,1.88,0.076,52
37.3914,141.0693,73.977,4.6,30,109.0,2.443,0.56,us,6.44,8.32,0.119,21
-29.3889,-179.0368,341.612,4.9,187,41.0,0.978,0.73,us,9.13,3.772,0.032,301
8.0041,126.9915,35.0,4.4,26,99.0,1.68,0.79,us,8.11,1.934,0.123,19
7.1992,127.0043,37.992,4.4,31,127.0,1.42,0.85,us,5.73,6.259,0.123,23
-18.4243,-173.7855,49.919,4.2,17,119.0,3.713,0.39,us,12.39,12.344,0.132,16
52.149,160.03,34.614,4.0,37,179.0,1.215,0.64,us,13.47,9.236,0.1,27
53.3004,-164.3618,10.0,3.4,34,203.0,1.135,0.42,us,3.6,1.926,0.136,13
27.3931,52.5727,10.0,4.2,47,83.0,4.073,0.78,us,8.93,1.894,0.089,35
-5.3713,131.2815,61.865,5.0,72,33.0,1.611,0.8,us,6.89,5.389,0.068,69
53.0303,-167.5445,81.712,3.7,16,209.0,0.44,1.17,us,8.04,14.265,0.134,14
8.1119,126.2944,10.0,4.6,51,96.0,1.255,0.76,us,9.67,1.888,0.06,84
52.7103,160.8178,35.0,4.0,26,172.0,1.351,0.59,us,7.49,1.985,0.125,17
-47.8478,115.9885,10.0,4.9,38,75.0,14.933,0.55,us,6.18,1.858,0.096,34
49.0766,157.7863,10.0,4.3,24,133.0,3.989,0.68,us,9.76,1.917,0.138,15
-13.0928,168.5147,592.201,4.0,10,136.0,2.663,0.45,us,18.07,10.542,0.212,6
11.1509,124.2865,10.047,4.4,32,127.0,4.251,0.96,us,11.94,4.832,0.117,21
51.8879,160.5654,10.0,4.0,24,155.0,1.633,0.84,us,10.73,1.974,0.133,15
9.3664,94.0616,10.0,4.9,144,38.0,5.009,0.74,us,6.97,1.54,0.046,151
-33.8138,-178.3053,10.0,4.2,18,248.0,4.646,1.02,us,13.44,1.996,0.159,11
14.8034,108.2447,10.0,4.2,28,136.0,4.472,0.37,us,10.42,1.901,0.116,21
-24.2019,-67.1947,199.752,4.3,28,74.0,1.537,1.32,us,11.15,8.032,0.122,19
-6.8496,125.2921,520.496,4.5,76,37.0,3.06,0.44,us,9.5,7.327,0.064,75
37.4578,21.7777,10.0,4.3,24,127.0,0.302,0.52,us,4.69,1.904,0.154,12
53.1343,159.6823,65.679,4.4,48,164.0,0.633,0.84,us,8.92,7.664,0.076,50
6.8592,-73.1237,147.138,4.0,55,117.0,0.961,0.58,us,8.42,5.662,0.08,42
34.7289,68.712,10.0,4.2,41,169.0,0.409,0.64,us,6.17,1.959,0.113,22
51.6796,159.5076,35.0,5.0,78,155.0,1.445,0.74,us,8.47,1.916,0.081,48
-17.2597,-71.9561,104.812,4.1,17,182.0,1.894,0.94,us,10.51,12.518,0.185,8
-6.9918,127.8055,294.111,4.3,19,68.0,4.449,0.67,us,9.31,11.471,0.237,5
-38.3871,178.776,20.424,4.4,20,244.0,0.903,0.57,us,8.12,7.065,0.203,7
50.1257,159.4975,10.0,5.0,94,135.0,2.95,0.6,us,10.1,1.853,0.026,465
-5.707,146.2903,42.073,4.2,12,143.0,3.773,0.52,us,9.53,7.212,0.16,11
-34.9999,179.4743,132.368,4.7,55,86.0,2.726,1.29,us,10.19,7.663,0.078,50
21.8819,142.9768,267.036,4.0,31,130.0,5.24,0.56,us,11.98,8.682,0.113,22
3.5477,126.7457,46.704,4.5,56,105.0,1.727,0.77,us,6.71,7.496,0.075,52
34.6092,70.8142,10.0,4.1,13,213.0,1.389,0.67,us,7.08,1.982,0.145,13
54.6146,-160.4023,35.0,3.8,64,192.0,0.519,1.13,us,6.44,1.977,0.179,8
52.5592,160.812,10.0,5.3,92,118.0,1.393,1.27,us,9.32,1.877,0.062,87
-15.9102,-174.1967,131.151,4.7,42,85.0,3.067,0.7,us,11.14,8.355,0.079,52
52.7231,160.6649,10.0,4.7,112,118.0,1.258,0.89,us,8.22,1.874,0.051,115
83.8577,113.1236,10.0,4.9,84,68.0,12.637,0.92,us,8.99,1.869,0.037,228
49.8758,155.9782,68.967,4.3,51,135.0,3.411,0.85,us,9.59,4.82,0.063,72
-58.9971,-23.5339,10.0,4.0,13,93.0,19.325,0.47,us,8.9,1.904,0.183,10
52.5123,160.629,10.0,4.2,29,163.0,1.307,0.94,us,12.31,1.955,0.128,17
54.4799,-159.9228,35.0,3.4,20,203.0,0.402,0.69,us,6.29,2.007,0.283,3
-17.5528,-174.3787,86.762,4.7,51,61.0,4.402,1.22,us,10.46,6.885,0.061,83
51.1565,178.5551,18.812,4.7,145,140.0,0.519,0.64,us,4.86,4.585,0.05,124
6.9005,-46.3014,10.0,4.9,131,41.0,6.554,0.72,us,8.27,1.855,0.039,205
12.1739,-87.9686,38.535,4.4,26,190.0,1.062,0.92,us,4.57,10.363,0.074,52
29.4228,129.5721,10.0,4.2,25,117.0,2.214,1.23,us,7.82,1.917,0.118,20
38.8671,70.5452,10.0,4.2,27,150.0,1.104,1.02,us,4.62,1.925,0.159,11
-4.605,144.8992,205.996,4.2,26,105.0,4.674,0.42,us,8.49,7.49,0.12,19
-7.0057,129.5203,159.477,5.4,102,20.0,4.885,0.71,us,4.24,6.665,0.043,188
51.133,157.7814,71.682,4.0,34,127.0,1.968,0.68,us,12.16,8.13,0.092,32
1.6196,127.2088,142.172,4.1,24,122.0,0.857,1.12,us,7.07,5.794,0.157,13
53.0744,160.8581,10.0,4.7,59,113.0,1.334,1.24,us,8.43,1.872,0.042,174
-26.7074,-175.8669,10.0,4.9,46,107.0,9.36,0.63,us,12.57,1.866,0.083,45
-14.9705,-173.5407,10.0,4.3,23,60.0,2.004,1.15,us,10.4,1.879,0.143,14
-60.2607,-62.2314,10.0,4.3,16,139.0,4.608,0.59,us,10.13,1.861,0.148,13
50.8059,158.8419,19.732,4.3,39,130.0,2.224,1.1,us,10.12,5.294,0.095,31
-6.7302,116.1086,558.862,4.2,48,51.0,2.598,0.65,us,12.64,4.381,0.118,20
-61.0363,-38.7333,10.0,4.2,13,130.0,6.877,0.78,us,8.11,1.879,0.176,11
-60.1804,-62.1222,10.0,4.4,18,138.0,4.697,0.71,us,10.73,1.942,0.139,15
50.3119,158.4337,10.0,4.7,57,139.0,2.719,0.64,us,12.35,1.924,0.08,48
52.8834,160.4775,10.0,4.2,29,162.0,1.115,0.78,us,12.11,1.903,0.124,18
60.5366,-139.9898,5.0,4.2,39,54.0,0.461,1.11,us,1.96,1.874,0.265,7
52.4701,160.8263,35.0,4.8,29,139.0,1.434,1.11,us,11.99,1.957,0.1,31
52.9662,160.8942,17.693,4.8,86,119.0,1.358,1.1,us,7.93,4.717,0.05,121
-24.7674,179.9098,525.928,4.3,45,108.0,4.877,0.9,us,14.29,9.54,0.086,39
25.8739,128.9672,10.0,4.6,47,68.0,1.143,0.88,us,4.79,1.899,0.091,36
51.1875,159.7868,10.0,4.4,27,125.0,1.968,1.38,us,8.84,1.94,0.13,19
-16.6068,-69.9776,200.742,4.4,22,112.0,1.087,0.52,us,8.96,7.151,0.179,9
34.7018,70.6667,10.0,4.9,50,82.0,1.277,0.48,us,9.51,1.86,0.047,143
36.6426,115.6142,10.0,4.5,50,72.0,3.399,0.61,us,8.06,0.742,0.1,29
52.4912,160.5727,10.0,4.5,58,120.0,1.284,0.89,us,9.42,1.882,0.072,56
51.4902,159.7095,25.654,4.5,40,118.0,1.668,1.24,us,10.27,6.935,0.1,29
10.3608,-84.4112,117.228,4.8,128,84.0,0.463,1.02,us,4.9,3.699,0.03,342
-20.9575,-174.997,41.894,4.6,51,102.0,5.121,1.04,us,13.29,6.891,0.094,41
-62.9467,-157.8567,10.0,4.6,13,162.0,18.535,0.81,us,11.85,1.923,0.152,13
30.561,70.2875,10.0,4.0,37,241.0,4.061,1.18,us,12.41,2.008,0.149,12
37.5398,19.8784,35.0,4.0,24,139.0,1.67,1.15,us,7.06,1.968,0.232,5
-6.026,151.0446,30.92,4.3,23,148.0,2.137,0.68,us,13.31,7.611,0.119,20
51.4393,-176.7093,39.566,3.8,34,207.0,0.46,0.34,us,4.41,15.987,0.207,6
4.6501,92.2411,10.0,4.5,34,154.0,4.724,0.96,us,10.76,1.922,0.11,24
42.279,144.4235,50.648,4.2,29,134.0,0.978,0.61,us,9.2,8.108,0.124,18
20.9127,121.0522,26.785,5.1,131,77.0,1.896,0.62,us,8.65,5.363,0.052,121
51.3679,159.5568,10.0,4.4,32,137.0,1.749,1.16,us,12.33,1.925,0.101,28
36.5122,70.5863,205.298,4.3,35,89.0,2.318,1.04,us,7.27,8.085,0.108,24
52.3016,-169.4338,35.0,3.8,52,175.0,0.517,0.9,us,4.68,1.884,0.075,46
1.0681,100.1885,199.351,4.3,51,66.0,2.051,0.73,us,10.28,7.244,0.086,38
51.8159,160.1211,29.241,4.9,48,119.0,1.508,1.11,us,10.31,6.107,0.051,123
-30.2388,-177.4398,35.0,4.7,21,201.0,1.059,1.16,us,9.81,1.983,0.134,18
-24.2812,179.795,527.083,4.2,32,114.0,6.704,0.6,us,14.96,7.833,0.095,31
20.0387,121.4161,45.644,4.4,79,85.0,2.783,0.69,us,8.83,7.022,0.068,62
-27.8354,-66.9033,147.458,4.7,64,43.0,3.1,0.72,us,7.18,7.309,0.032,304
52.2848,152.8366,453.612,4.4,97,117.0,3.071,0.49,us,10.3,7.84,0.034,253
18.5209,-69.6478,101.815,3.9,35,76.0,0.262,1.16,us,6.53,8.678,0.154,11
40.8936,142.7446,46.719,4.1,38,153.0,1.162,0.7,us,6.49,8.998,0.12,19
64.4991,-40.2659,10.0,4.4,59,89.0,4.1,0.57,us,8.05,1.913,0.056,93
11.6193,141.6188,10.0,4.8,76,62.0,3.728,0.61,us,7.99,1.888,0.069,64
54.3731,167.4906,10.0,4.3,43,130.0,4.271,0.81,us,10.62,1.886,0.07,58
13.0056,143.3197,212.328,4.3,26,101.0,1.615,0.66,us,14.13,9.603,0.125,18
6.7329,-73.0275,175.46,4.1,31,165.0,2.275,0.82,us,12.11,5.452,0.117,20
53.513,160.8756,35.0,4.1,16,141.0,1.424,0.84,us,8.21,1.982,0.165,10
41.0425,83.5209,10.0,4.4,30,110.0,3.255,0.64,us,9.36,1.954,0.149,14
-32.8133,-178.9014,35.0,4.8,38,111.0,5.26,0.76,us,12.58,1.922,0.089,44
-3.9676,143.0805,86.307,4.0,19,122.0,2.778,0.82,us,10.65,6.979,0.144,16
52.8321,161.3073,32.337,4.5,64,119.0,1.62,0.82,us,10.19,6.056,0.041,176
2.1265,126.699,50.669,4.7,149,42.0,1.502,0.64,us,3.69,6.55,0.046,143
52.3686,160.7066,10.0,4.4,14,166.0,1.413,0.86,us,14.04,1.962,0.22,7
13.3869,50.9032,10.0,4.3,29,163.0,6.432,1.33,us,13.91,1.981,0.116,21
51.8377,160.8717,10.0,4.6,54,126.0,1.806,0.63,us,8.95,1.839,0.054,103
-5.4881,152.1374,55.555,4.5,35,152.0,1.179,0.77,us,10.09,7.165,0.106,26
-57.7727,158.171,36.909,4.8,15,142.0,3.311,0.35,us,15.86,14.026,0.197,8
52.1532,160.3244,29.982,4.4,23,192.0,1.343,0.71,us,14.31,7.647,0.134,16
52.298,160.5322,10.0,4.9,104,121.0,1.357,0.63,us,7.73,1.854,0.043,170
-24.2946,-67.2128,170.193,4.2,41,55.0,1.604,0.73,us,4.46,8.822,0.147,13
1.6693,126.5186,40.741,4.5,46,92.0,1.23,0.71,us,3.52,7.854,0.091,35
-24.4396,179.2269,545.001,4.4,31,98.0,5.418,0.58,us,13.73,13.468,0.105,26
50.4902,159.7887,10.0,4.2,16,136.0,2.634,0.47,us,10.23,1.923,0.186,8
49.8638,157.991,10.0,4.5,27,135.0,3.191,0.84,us,9.92,1.92,0.124,19
35.3044,25.4609,53.856,4.2,25,224.0,1.409,0.69,us,7.15,7.845,0.128,17
-17.7769,-69.3728,147.365,4.2,25,87.0,0.212,0.89,us,6.6,4.523,0.127,17
49.0208,155.2144,60.603,4.4,46,135.0,4.382,0.66,us,11.51,7.675,0.087,38
43.0293,146.4534,35.0,4.6,119,134.0,2.639,0.45,us,8.98,1.914,0.054,103
50.0803,156.8723,35.0,4.5,58,135.0,3.076,0.61,us,12.02,1.932,0.082,44
7.3146,126.873,50.518,4.5,34,70.0,1.307,0.6,us,6.59,8.138,0.113,25
54.781,162.2474,44.143,4.3,51,159.0,3.167,0.34,us,9.14,8.478,0.08,44
54.466,-159.8209,22.654,4.4,49,174.0,0.39,0.91,us,5.18,6.661,0.117,21
52.8343,160.6277,35.0,4.7,72,134.0,1.212,0.73,us,10.77,1.917,0.065,72
-30.9301,-69.0523,115.172,4.1,23,127.0,0.695,0.57,us,4.97,6.054,0.52,1
51.9186,159.2403,17.275,4.5,41,125.0,1.164,1.12,us,9.46,5.238,0.09,39
-19.0163,-174.7653,93.302,4.8,63,85.0,4.576,0.88,us,11.59,7.239,0.033,287
-7.9098,107.6951,67.784,4.6,41,114.0,0.447,0.82,us,9.38,5.871,0.078,49
51.2463,157.8629,58.287,6.0,121,72.0,1.845,0.96,us,11.18,6.932,0.023,692
38.1856,20.3753,54.417,4.2,38,116.0,1.588,1.2,us,5.37,11.06,0.176,9
-6.801,129.6699,145.454,4.2,12,80.0,4.634,0.59,us,13.56,6.948,0.175,10
51.7582,159.5458,60.563,4.6,36,138.0,1.381,1.04,us,10.36,5.503,0.111,24
6.8682,140.4478,10.0,4.4,19,84.0,5.947,0.88,us,10.17,1.911,0.162,11
53.1798,161.3413,10.0,4.1,30,117.0,1.63,0.4,us,9.38,1.873,0.124,18
39.536,143.4816,34.924,4.3,23,198.0,2.236,0.62,us,5.96,8.047,0.153,12
-16.5353,-173.8476,112.204,4.4,24,129.0,3.285,0.55,us,12.92,12.354,0.149,16
36.7425,70.7593,156.418,4.2,22,240.0,2.083,0.35,us,10.08,12.669,0.215,6
53.1908,160.549,32.869,4.5,31,134.0,1.157,0.72,us,13.12,6.497,0.131,17
12.0137,143.6238,10.0,4.4,26,161.0,3.836,0.62,us,6.48,1.851,0.12,20
52.299,160.5772,10.0,4.9,128,117.0,1.38,1.11,us,8.16,1.871,0.038,249
49.9721,158.4205,10.0,4.2,29,138.0,3.059,0.64,us,12.62,1.92,0.115,21
12.7745,-88.2994,42.488,4.0,15,159.0,0.691,0.86,us,4.65,8.58,0.3,3
7.2661,126.9284,77.954,4.7,76,103.0,1.353,0.55,us,8.27,6.23,0.069,64
50.9407,158.5441,35.0,4.2,15,137.0,2.087,1.15,us,10.3,1.93,0.175,10
-6.6171,129.6733,138.85,4.7,20,105.0,4.481,0.99,us,5.47,8.96,0.147,14
-7.1648,-73.462,10.0,4.3,38,138.0,5.837,0.61,us,12.49,1.96,0.094,32
18.8183,-69.6585,104.119,4.4,83,52.0,0.43,1.09,us,6.04,6.941,0.038,199
15.9807,-55.7288,10.0,4.9,61,96.0,4.659,0.68,us,9.49,1.888,0.029,358
51.2058,159.5623,10.0,4.5,24,129.0,1.905,0.89,us,10.03,1.917,0.131,17
36.3432,140.0067,84.053,4.4,59,143.0,1.463,0.71,us,8.6,7.476,0.074,54
51.2528,159.9104,10.0,4.4,27,155.0,1.936,1.05,us,8.58,1.954,0.13,17
-31.4451,78.9003,10.0,5.0,49,76.0,18.187,0.82,us,11.51,1.794,0.072,62
51.7431,160.2115,10.0,4.4,15,126.0,2.058,1.31,us,11.5,1.93,0.162,11
53.1318,159.683,51.463,4.4,43,124.0,0.633,0.83,us,10.74,7.354,0.096,31
51.4204,158.1481,58.493,4.4,22,119.0,1.635,0.62,us,12.44,4.738,0.155,12
49.1761,157.5701,10.0,4.5,39,138.0,3.912,0.73,us,9.04,1.816,0.099,30
51.5092,159.4718,10.0,4.4,29,123.0,1.598,1.01,us,9.4,1.908,0.115,22
16.9906,-94.3742,118.476,4.5,55,119.0,0.392,1.12,us,7.34,5.344,0.042,165
-1.0093,99.6812,57.856,4.2,35,137.0,3.116,1.05,us,9.21,7.675,0.11,24
-31.6474,-177.8278,10.0,4.7,19,238.0,6.705,1.29,us,14.68,1.98,0.142,16
52.2865,160.7756,10.0,5.0,174,74.0,1.49,0.79,us,7.53,1.803,0.028,407
51.3118,159.4683,28.881,4.3,22,121.0,2.103,0.72,us,10.81,5.881,0.126,18
51.3443,159.8402,10.0,4.7,22,153.0,1.834,0.91,us,11.13,1.968,0.184,9
10.2691,126.4581,34.022,4.9,66,111.0,3.296,0.83,us,10.98,5.635,0.067,70
-0.2772,132.4382,10.336,4.5,15,125.0,1.315,0.58,us,8.25,4.061,0.163,12
28.8711,129.9377,10.0,4.5,35,179.0,2.507,0.79,us,7.02,1.917,0.09,36
31.352,50.2291,10.0,4.2,37,146.0,5.271,0.45,us,10.71,1.945,0.113,22
48.7197,156.0922,10.0,4.4,18,216.0,4.51,1.0,us,14.76,1.995,0.189,9
49.9151,155.9576,64.163,4.3,29,135.0,3.378,0.73,us,10.94,8.37,0.113,22
53.0468,159.5216,73.927,4.7,163,125.0,0.527,0.71,us,9.3,6.013,0.033,272
42.3146,144.4608,35.0,4.4,20,152.0,1.014,0.65,us,5.71,1.952,0.149,13
35.2159,46.7802,10.0,4.0,32,63.0,0.874,0.54,us,6.1,1.922,0.163,13
53.101,160.7831,29.886,4.1,19,180.0,1.29,1.02,us,10.11,8.345,0.158,14
52.2027,160.2982,33.387,4.9,105,118.0,1.298,0.73,us,7.34,2.908,0.05,124
-16.5223,-177.2358,421.006,4.6,61,67.0,3.256,0.89,us,12.1,7.988,0.041,181
14.8937,146.2361,82.858,4.5,103,102.0,0.547,0.87,us,8.44,6.076,0.057,90
52.5866,160.5637,31.742,4.5,93,133.0,1.241,0.72,us,11.34,6.065,0.06,81
-6.3743,149.3391,32.99,5.0,108,29.0,3.366,0.7,us,6.85,5.124,0.049,133
54.5516,-159.6211,31.747,4.0,47,158.0,0.281,1.0,us,4.6,6.071,0.126,17
33.0193,88.3561,10.0,5.0,81,84.0,4.068,0.84,us,4.94,1.786,0.053,112
51.8876,161.0691,10.0,4.8,105,126.0,1.867,0.76,us,9.38,1.892,0.038,219
14.9056,-93.3302,75.536,4.5,33,182.0,1.151,0.84,us,7.81,11.99,0.05,118
28.0769,139.8114,424.572,4.0,103,57.0,2.322,0.75,us,10.82,7.366,0.058,88
51.8609,160.1081,10.0,5.3,180,90.0,1.467,0.88,us,7.95,1.848,0.025,537
49.085,154.7268,87.088,4.3,47,133.0,4.442,0.74,us,11.02,8.279,0.092,33
49.2109,156.415,35.0,4.1,17,138.0,3.985,0.68,us,8.11,1.894,0.184,10
29.3405,129.3615,10.0,4.4,40,89.0,2.358,0.79,us,7.71,1.86,0.095,33
-22.7481,-66.3292,245.534,4.3,19,137.0,1.718,0.4,us,9.75,13.36,0.188,8
49.8415,157.7129,25.1,4.3,26,138.0,3.24,0.4,us,11.96,6.111,0.129,17
19.9758,-70.6098,10.0,4.3,82,58.0,0.547,0.64,us,4.28,1.867,0.053,100
11.7644,143.2277,10.0,4.7,25,128.0,2.419,0.77,us,6.02,1.919,0.091,37
51.4043,-174.1167,35.0,3.7,39,204.0,0.8,1.04,us,4.91,1.975,0.13,17
13.774,39.9181,10.0,4.1,36,91.0,3.625,0.67,us,8.61,1.911,0.097,30
12.2738,144.4749,10.0,4.7,45,106.0,1.363,0.75,us,6.4,1.808,0.092,36
-11.5254,166.2545,72.631,4.7,53,92.0,6.54,0.62,us,11.23,7.727,0.085,42
6.12,94.8961,10.0,4.6,47,72.0,2.225,0.86,us,9.55,1.878,0.095,33
50.0721,158.9488,10.0,4.4,25,129.0,2.961,0.39,us,8.8,1.899,0.161,11
43.2425,87.5389,10.0,4.4,34,102.0,4.621,0.76,us,4.02,1.945,0.112,23
-23.9044,-66.7902,226.072,4.3,25,82.0,1.589,1.1,us,10.33,8.481,0.147,13
-17.1129,-178.7501,561.183,4.0,25,75.0,1.908,0.91,us,14.68,9.697,0.122,18
51.3064,159.3758,37.033,4.8,69,132.0,1.777,0.87,us,10.73,7.082,0.06,86
36.7152,27.0117,146.758,4.2,31,96.0,1.025,0.67,us,6.41,5.848,0.118,20
-6.4066,146.528,104.314,4.2,32,77.0,3.044,0.71,us,10.1,8.342,0.136,22
51.4523,160.301,10.0,4.5,14,230.0,1.873,0.63,us,14.94,1.997,0.18,9
7.5345,126.8509,52.418,4.4,36,61.0,1.343,0.95,us,9.26,8.365,0.11,24
-1.4,-80.7338,39.893,4.6,30,164.0,1.365,1.16,us,9.4,8.549,0.105,27
-10.8967,116.7495,10.0,4.2,13,159.0,2.291,0.87,us,8.14,1.942,0.264,4
34.3899,89.4861,10.0,4.2,47,127.0,4.876,0.65,us,11.06,1.897,0.086,38
-8.4232,119.5816,182.437,4.3,34,61.0,1.425,1.29,us,6.83,7.129,0.119,20
52.5213,160.7646,10.0,4.7,41,187.0,1.38,1.11,us,12.83,1.958,0.063,77
-29.4035,-176.5815,10.0,4.8,26,135.0,1.187,0.88,us,7.51,1.923,0.111,29
-29.2958,-71.7148,32.778,4.2,23,150.0,0.747,0.65,us,4.37,8.025,0.373,2
54.5304,-160.4077,35.0,4.3,72,157.0,0.563,0.99,us,3.01,1.943,0.133,16
-19.8222,-177.3193,533.934,3.8,18,126.0,4.579,0.55,us,19.16,14.325,0.136,14
51.7803,160.3074,10.0,4.5,91,129.0,1.607,0.61,us,9.97,1.906,0.057,90
-60.2434,-61.0851,10.0,5.0,80,64.0,4.75,0.59,us,9.09,1.775,0.073,61
51.5046,160.7771,10.0,4.2,16,138.0,2.006,0.66,us,13.65,1.94,0.167,10
29.2911,129.2257,10.0,4.6,55,87.0,2.452,1.0,us,6.32,1.865,0.073,56
-57.534,157.4797,10.0,4.2,11,139.0,3.152,1.07,us,11.93,1.858,0.2,7
-24.3154,-175.5641,30.322,4.6,25,98.0,8.845,0.5,us,10.75,5.594,0.157,17
-52.9739,22.0891,10.0,4.6,15,114.0,20.603,0.75,us,13.45,1.522,0.151,14
-17.952,168.0955,35.0,4.4,17,165.0,4.383,0.36,us,9.53,1.894,0.162,12
50.2853,159.5098,10.0,4.4,63,135.0,2.794,0.65,us,9.23,1.565,0.071,57
-7.4159,128.3368,171.764,4.3,25,68.0,3.27,0.56,us,9.36,7.592,0.122,19
55.4235,160.5198,160.215,4.1,39,124.0,2.644,0.88,us,12.19,9.067,0.099,28
-32.682,-179.6924,10.0,4.3,7,250.0,5.137,0.15,us,13.72,2.011,0.188,8
-13.5455,-76.9197,10.0,4.5,30,137.0,1.55,0.79,us,8.88,1.724,0.07,61
49.9576,157.2624,10.0,4.3,48,166.0,3.167,0.6,us,12.09,1.95,0.078,47
52.8477,161.1145,10.0,4.9,84,133.0,1.502,1.02,us,10.63,1.79,0.034,263
24.8149,-107.3051,10.0,4.2,60,201.0,1.748,1.09,us,6.53,1.972,0.06,78
13.0447,145.6777,10.0,4.4,24,105.0,0.956,0.88,us,7.59,1.914,0.139,15
14.9325,-61.4045,150.42,4.5,112,37.0,0.308,0.68,us,6.25,5.699,0.035,235
49.7119,157.2208,35.0,4.1,37,134.0,3.414,0.68,us,10.39,1.944,0.103,26
-2.472,139.582,46.472,4.1,19,73.0,1.121,0.88,us,6.9,8.584,0.166,10
54.4964,-160.053,32.25,3.8,70,164.0,0.43,0.98,us,6.59,9.309,0.227,5
51.8356,159.3006,35.0,4.3,55,119.0,1.255,0.63,us,9.02,1.923,0.057,86
39.1743,142.0205,50.711,4.1,34,154.0,1.772,0.36,us,8.59,9.309,0.127,18
39.4338,143.4883,10.0,4.4,38,139.0,2.299,0.81,us,5.47,1.899,0.115,22
-17.518,-178.8212,551.788,4.1,24,168.0,2.016,0.39,us,18.39,11.174,0.117,20
-29.7113,-71.3402,41.074,4.5,33,150.0,0.225,0.53,us,4.58,7.569,0.205,7
-31.6796,-71.7415,33.286,4.3,34,141.0,0.746,0.63,us,4.3,5.315,0.168,10
-57.783,157.9936,10.0,4.4,16,144.0,3.335,0.3,us,12.96,1.942,0.143,14
52.7989,161.1886,10.0,5.3,100,131.0,1.554,0.8,us,9.67,1.88,0.038,227
29.0719,129.0919,10.0,4.6,31,122.0,2.342,1.09,us,6.55,1.68,0.12,27
60.5077,-139.9452,5.0,4.1,56,63.0,0.441,1.09,us,3.61,1.884,0.127,18
-21.4938,168.8872,10.0,4.3,14,260.0,1.74,0.61,us,11.61,2.004,0.201,9
51.5253,160.2937,10.0,4.4,20,220.0,2.247,0.72,us,7.56,1.899,0.123,19
32.2551,142.023,10.0,4.4,39,130.0,2.051,0.52,us,8.97,1.895,0.117,21
10.6485,-86.425,10.0,4.3,32,177.0,1.101,0.86,us,7.1,1.942,0.08,44
-48.6862,-10.1852,10.0,4.7,19,73.0,17.255,0.21,us,13.94,1.931,0.13,18
-52.603,140.0909,10.0,4.4,14,142.0,15.499,0.61,us,13.55,1.95,0.148,13
-19.4447,168.5539,10.0,4.9,31,115.0,3.318,0.81,us,9.06,1.895,0.116,23
-8.3816,111.8241,147.957,4.5,37,83.0,1.906,0.87,us,6.86,7.375,0.121,24
1.4435,126.3517,47.856,4.4,38,94.0,1.214,1.11,us,5.26,8.02,0.1,29
-12.7461,166.5623,130.729,4.6,76,63.0,7.276,0.66,us,8.97,5.716,0.069,67
-4.4101,134.0062,10.0,4.7,16,57.0,1.718,0.63,us,4.61,1.926,0.183,9
50.9313,158.6765,35.0,4.4,22,137.0,2.095,0.4,us,11.39,1.946,0.13,17
46.0539,152.9109,10.0,4.2,16,234.0,7.714,0.46,us,9.2,1.994,0.166,10
-32.8568,-69.3216,121.245,4.5,51,40.0,0.873,0.76,us,5.53,5.222,0.067,65
54.61,-160.2111,35.0,3.8,26,197.0,0.423,1.0,us,6.01,2.009,0.208,8
49.1392,156.1917,74.573,4.5,22,183.0,4.086,0.59,us,13.27,9.616,0.15,13
30.3408,69.9587,10.0,4.6,41,96.0,4.22,1.2,us,8.58,1.776,0.099,30
-60.3141,-61.7339,10.0,4.3,18,131.0,4.603,0.59,us,13.74,1.926,0.154,16
50.3116,157.6571,30.803,4.4,45,134.0,2.785,0.64,us,12.0,6.583,0.068,62
53.5526,160.1191,61.365,4.4,56,114.0,1.029,0.57,us,10.05,7.669,0.072,55
1.4151,127.641,173.99,4.5,19,149.0,3.94,0.55,us,13.47,9.8,0.15,13
52.1987,-169.4842,10.0,4.4,24,181.0,0.865,1.08,us,2.95,1.913,0.149,13
36.3656,77.0742,10.0,4.3,19,236.0,4.141,1.33,us,11.64,1.985,0.177,9
-26.6233,-176.0182,10.0,4.3,10,139.0,9.376,0.54,us,15.57,1.918,0.143,15
51.4017,159.6648,19.591,5.0,67,121.0,1.74,0.83,us,9.66,5.108,0.076,56
42.5041,18.3603,10.0,4.0,33,42.0,0.67,0.82,us,2.14,1.927,0.123,18
52.0605,161.1599,10.0,4.3,26,125.0,1.811,1.04,us,10.66,1.917,0.142,15
42.2948,144.4065,35.0,4.1,23,144.0,0.97,0.83,us,8.84,1.95,0.174,9
7.0627,127.1014,10.0,5.1,63,51.0,1.511,1.22,us,6.53,1.792,0.046,153
30.7244,140.0531,10.0,4.7,85,99.0,2.392,0.97,us,8.81,1.836,0.066,69
52.3794,160.2225,35.0,4.8,69,117.0,1.154,0.93,us,8.18,1.914,0.067,69
14.0308,-91.8454,41.85,4.7,106,179.0,1.143,0.85,us,10.34,10.862,0.059,88
-60.1114,-18.6513,10.0,5.2,73,49.0,13.209,0.64,us,11.89,1.601,0.066,77
51.5015,177.5613,51.715,3.9,23,205.0,0.775,0.82,us,7.32,9.466,0.148,12
-17.4578,-174.5935,103.611,4.6,64,69.0,4.448,0.54,us,10.93,7.261,0.071,59
-5.1828,35.1436,10.0,4.4,10,154.0,4.03,0.59,us,9.44,1.936,0.22,6
-6.6825,132.2214,10.0,4.6,29,100.0,3.739,0.75,us,8.44,1.882,0.119,21
50.4326,159.5148,10.0,4.2,20,227.0,2.65,0.83,us,10.21,1.926,0.176,10
18.49,145.7644,212.268,4.1,12,156.0,3.231,0.89,us,17.41,12.205,0.213,6
37.0518,136.6567,7.591,4.9,74,57.0,1.341,0.75,us,5.15,4.075,0.035,256
-23.2087,179.9994,552.122,4.2,34,122.0,5.734,0.59,us,15.97,10.106,0.098,29
-18.278,-173.8274,169.964,4.5,22,97.0,3.781,0.46,us,10.33,7.704,0.139,15
14.8244,-94.1944,35.789,4.5,46,133.0,1.917,0.92,us,6.59,7.995,0.039,196
52.7572,160.8608,29.462,4.5,38,133.0,1.366,0.56,us,13.5,6.178,0.092,35
38.7987,142.1097,52.533,4.5,60,133.0,2.145,0.46,us,9.23,6.565,0.064,71
51.0846,158.9278,35.26,4.2,18,138.0,1.949,0.41,us,13.46,8.25,0.128,17
53.2217,161.2928,10.0,4.3,41,116.0,1.605,1.38,us,8.31,1.864,0.092,34
-20.1939,-67.2311,209.797,4.4,24,65.0,1.806,0.8,us,8.71,2.868,0.134,16
21.6234,142.9621,306.734,4.0,59,113.0,5.494,0.87,us,10.97,4.102,0.071,53
51.3455,158.9037,42.018,4.0,27,127.0,1.688,0.6,us,11.31,8.195,0.106,24
7.073,126.8243,72.22,5.5,114,101.0,1.236,0.98,us,4.18,6.465,0.045,171
2.0052,127.1018,49.412,4.4,25,142.0,1.253,0.66,us,6.12,10.127,0.139,15
51.4833,159.9705,10.0,5.3,141,98.0,1.743,1.06,us,4.55,1.805,0.028,440
66.4805,-17.7544,10.0,4.6,74,58.0,2.286,0.79,us,6.56,1.88,0.049,124
14.3815,-90.5566,188.205,4.6,53,141.0,0.16,1.02,us,8.13,7.398,0.038,206
-48.1337,117.5056,10.0,4.3,20,89.0,15.191,1.18,us,12.74,1.915,0.125,18
50.1902,159.1222,10.0,4.3,22,134.0,2.852,0.8,us,11.14,1.926,0.133,16
37.5599,72.4465,191.888,4.2,39,165.0,0.752,0.76,us,8.66,4.525,0.146,13
52.3906,160.7468,10.0,5.1,78,134.0,1.425,0.99,us,10.72,1.898,0.072,62
53.2613,-168.8849,106.171,4.0,48,103.0,0.29,0.43,us,7.98,6.187,0.092,32
52.877,160.2527,35.0,4.1,9,219.0,0.981,1.02,us,15.98,2.015,0.234,6
39.7996,23.4607,13.226,4.3,61,61.0,0.806,0.69,us,4.5,4.266,0.097,30
40.674,145.1876,10.0,4.5,73,135.0,2.033,0.67,us,5.44,1.887,0.076,51
45.3442,151.0134,64.766,4.5,107,134.0,5.957,0.54,us,10.84,6.796,0.057,92
47.3687,152.5664,117.466,4.2,34,132.0,6.62,0.92,us,14.19,10.356,0.108,24
6.2706,-82.7069,10.0,4.5,38,172.0,3.68,0.88,us,9.83,1.952,0.102,28
-16.9629,168.5344,10.0,4.6,13,147.0,1.977,0.55,us,9.32,1.958,0.173,10
-1.8288,-81.0175,10.0,4.4,35,155.0,1.503,0.92,us,7.95,1.938,0.11,24
37.4414,72.2841,188.344,4.1,44,94.0,0.884,0.75,us,7.47,6.396,0.14,14
40.3695,143.8063,10.0,4.1,12,149.0,1.715,0.63,us,4.45,1.96,0.262,4
-3.6464,144.1254,10.0,4.4,22,116.0,3.597,0.81,us,5.74,1.913,0.127,18
-22.4855,-175.0684,10.0,4.8,51,116.0,7.207,0.74,us,11.54,1.842,0.081,47
-60.2485,-25.2422,10.0,4.1,12,205.0,14.509,1.05,us,20.58,2.167,0.175,9
51.9912,161.2552,10.0,4.1,17,126.0,1.898,0.93,us,5.97,1.943,0.165,10
12.7641,145.5454,10.0,4.3,25,119.0,1.052,0.92,us,7.15,1.926,0.133,16
37.512,72.1995,197.088,4.0,40,157.0,0.831,0.6,us,7.53,6.34,0.155,11
51.2307,159.2636,10.0,4.8,84,137.0,1.835,0.73,us,9.54,1.901,0.061,82
-7.8084,106.5239,41.991,4.2,18,116.0,1.168,1.21,us,7.09,8.187,0.166,12
-6.793,125.5299,460.078,4.1,19,132.0,7.721,0.97,us,15.87,11.46,0.145,13
54.5463,-160.2427,35.0,3.4,52,184.0,0.475,1.15,us,4.87,1.717,0.219,5
-55.7112,-26.8681,35.0,4.4,15,122.0,5.719,0.76,us,6.21,1.933,0.162,11
-11.8328,166.6422,181.077,4.5,21,146.0,3.634,0.77,us,13.83,8.805,0.14,19
3.1981,127.0838,35.0,4.4,20,105.0,2.211,0.59,us,8.43,1.801,0.154,13
-17.8401,167.764,35.0,4.6,20,142.0,4.251,0.59,us,9.9,1.966,0.152,13
51.2935,160.7032,10.0,4.2,51,130.0,2.145,0.52,us,8.95,1.901,0.088,36
51.457,159.4595,35.0,4.8,95,135.0,1.646,0.81,us,9.71,1.91,0.064,75
50.1874,87.5456,10.0,4.1,25,167.0,3.251,0.78,us,9.53,1.932,0.127,17
52.5385,-170.074,63.471,3.7,23,175.0,0.859,0.83,us,11.19,6.31,0.19,8
-4.1381,128.7192,10.0,4.5,44,54.0,1.242,0.4,us,7.3,1.116,0.093,34
-5.9613,154.6314,118.548,4.3,22,127.0,8.156,0.45,us,6.71,8.204,0.122,19
49.4262,157.9132,10.0,4.6,73,136.0,3.632,0.72,us,9.8,1.897,0.048,131
51.9756,161.0779,10.0,4.5,59,173.0,1.818,0.96,us,11.03,1.939,0.057,91
17.941,-95.1842,128.51,4.3,62,99.0,1.168,0.96,us,6.89,8.326,0.054,98
-60.0788,-61.5983,10.0,4.8,23,97.0,4.848,0.66,us,11.14,1.898,0.13,20
-5.5096,152.1174,49.848,4.7,39,140.0,1.198,0.82,us,8.3,5.953,0.064,73
52.6444,160.7219,10.0,4.5,38,119.0,1.313,0.81,us,9.49,1.9,0.118,21
-20.6685,-178.089,522.112,4.2,59,100.0,4.663,0.8,us,13.89,8.436,0.076,48
-6.3406,154.3283,76.796,4.9,37,61.0,3.034,0.79,us,4.07,7.713,0.076,54
37.0357,69.1355,10.0,4.3,19,255.0,1.618,0.52,us,7.91,1.992,0.188,8
27.4185,52.3957,10.0,4.1,59,83.0,4.216,0.64,us,7.83,1.843,0.078,45
-55.4726,-26.1917,10.0,4.2,14,120.0,6.062,0.63,us,14.6,1.946,0.146,13
18.1793,121.4718,125.483,4.7,78,58.0,4.629,1.07,us,9.92,7.292,0.071,61
-5.5347,152.4522,10.0,4.4,21,197.0,1.292,0.57,us,12.37,1.265,0.098,30
51.7528,159.8686,10.0,4.1,24,167.0,1.476,0.6,us,10.18,1.968,0.131,16
-16.1755,-173.0853,10.0,4.2,29,118.0,2.581,0.84,us,12.73,1.888,0.1,28
47.1469,152.3326,105.689,4.0,32,132.0,6.891,0.43,us,14.25,8.81,0.11,22
52.8497,159.8919,60.353,4.1,21,169.0,0.772,0.92,us,12.63,7.638,0.184,9
51.4077,159.3025,35.0,4.7,43,124.0,1.968,0.44,us,9.24,1.944,0.117,22
51.3493,159.4764,10.0,4.6,22,255.0,1.752,0.72,us,9.76,1.997,0.136,16
-7.5021,127.7856,165.364,4.6,67,33.0,3.633,0.45,us,7.1,7.133,0.067,66
38.3839,40.2941,11.981,4.2,43,78.0,0.777,0.75,us,3.58,5.551,0.235,5
-29.1133,-178.5798,240.851,4.9,45,78.0,8.818,1.06,us,13.52,6.625,0.091,38
-6.1522,131.283,64.093,4.8,61,74.0,2.123,0.76,us,7.77,3.906,0.077,52
54.6313,161.5996,55.4,4.2,31,105.0,2.377,0.74,us,10.84,8.062,0.091,33
-8.113,115.3605,203.42,4.0,17,77.0,1.248,0.69,us,8.14,8.529,0.156,12
51.1532,160.7605,10.0,4.3,20,138.0,2.281,0.64,us,13.03,1.921,0.142,14
43.1088,146.4001,95.025,4.1,18,192.0,2.633,1.01,us,12.8,11.275,0.185,8
16.4815,-59.454,10.0,4.6,31,188.0,1.547,0.77,us,8.01,1.949,0.146,14
50.0861,158.3665,18.535,4.9,50,134.0,2.947,0.87,us,9.77,4.526,0.089,40
51.5321,159.3331,37.596,4.3,21,137.0,1.551,0.8,us,13.49,8.099,0.154,12
-19.3168,-69.1207,6.982,4.8,47,118.0,0.357,0.7,us,4.97,4.559,0.09,38
9.2566,93.9113,10.0,4.1,19,198.0,5.661,0.33,us,6.25,1.954,0.151,13
-22.1362,-67.3278,172.672,4.2,58,54.0,1.13,1.18,us,7.31,6.779,0.078,51
56.1117,163.392,41.521,4.1,20,115.0,4.146,0.47,us,12.44,9.854,0.145,13
51.0821,158.8894,38.587,4.5,13,231.0,1.95,0.29,us,13.08,9.228,0.204,7
49.5558,156.7439,43.16,5.2,109,44.0,3.607,1.27,us,8.7,5.09,0.024,600
-9.3174,124.0143,92.228,4.0,9,135.0,0.501,0.76,us,14.99,6.038,0.211,6
-24.2567,-66.9839,161.926,4.8,63,38.0,2.536,1.0,us,7.19,7.007,0.032,294
-7.5424,105.3797,20.53,4.5,36,164.0,1.854,0.6,us,6.24,6.58,0.1,32
0.2069,123.3796,201.173,4.4,19,107.0,3.61,1.07,us,13.52,10.089,0.123,19
-56.2848,-27.6462,8.952,4.4,18,79.0,5.436,0.8,us,11.89,3.795,0.131,17
52.6611,160.7209,35.549,4.0,20,137.0,1.307,0.83,us,13.37,8.731,0.134,15
14.7856,-91.0593,169.27,4.3,28,161.0,1.52,0.75,us,10.97,13.509,0.126,18
36.1436,76.9652,10.0,4.1,32,151.0,4.18,0.61,us,9.53,1.935,0.126,17
51.2177,160.7231,10.0,4.1,25,161.0,2.214,0.71,us,8.38,1.94,0.135,16
-5.7013,130.5273,84.888,4.2,15,96.0,3.253,0.43,us,11.2,8.726,0.186,8
-6.6768,129.8122,164.936,4.2,35,86.0,4.453,0.63,us,9.7,8.422,0.11,23
52.4,160.6678,10.0,4.0,16,185.0,1.377,0.83,us,9.48,1.841,0.172,12
55.6669,164.9884,10.0,5.0,136,119.0,4.557,0.59,us,9.53,1.884,0.023,597
16.9945,-94.6973,115.386,4.0,31,99.0,0.618,0.79,us,5.61,5.974,0.156,11
34.8011,26.4845,54.9,4.2,28,165.0,0.928,0.68,us,7.03,9.399,0.199,7
25.6052,124.7524,139.109,4.3,41,85.0,1.308,0.44,us,8.21,8.038,0.101,28
53.4045,160.2181,50.097,4.1,17,181.0,1.017,0.6,us,14.54,14.826,0.174,10
52.4249,152.3759,540.388,4.1,27,119.0,3.305,0.7,us,13.36,9.578,0.114,21
53.276,-160.0052,10.0,3.8,78,171.0,1.577,1.14,us,6.53,1.978,0.253,4
-2.2776,138.9354,37.56,4.3,29,77.0,0.898,0.91,us,8.79,1.786,0.109,24
52.7758,160.6391,29.606,4.8,43,192.0,1.23,1.07,us,13.64,9.386,0.088,40
-2.2387,139.5946,35.0,4.4,25,118.0,1.141,0.75,us,5.32,1.912,0.115,22
48.9429,154.5563,84.354,4.1,19,137.0,4.618,0.71,us,13.16,8.918,0.139,14
53.4673,-165.899,51.702,3.6,44,163.0,0.523,1.19,us,5.26,8.326,0.167,10
50.2564,157.1007,39.866,4.3,38,164.0,2.88,0.75,us,10.34,9.233,0.082,48
6.2254,125.8788,125.466,4.4,44,55.0,0.89,0.44,us,7.7,6.669,0.098,30
49.472,155.8322,49.228,4.2,29,133.0,3.825,0.76,us,13.7,8.857,0.132,16
51.3112,160.9169,10.0,4.2,32,130.0,2.211,0.94,us,8.21,1.83,0.11,23
-17.4016,-171.9308,10.0,4.5,39,76.0,2.53,0.61,us,13.06,1.809,0.077,50
-24.2082,-66.9797,175.427,4.3,19,80.0,1.665,1.0,us,12.59,12.826,0.177,9
-20.429,-178.6419,599.311,4.3,53,121.0,4.111,0.82,us,14.52,7.324,0.07,58
43.601,147.8963,35.0,5.0,121,134.0,3.83,0.92,us,5.45,1.915,0.055,105
52.9365,161.177,10.0,4.6,72,118.0,1.53,0.79,us,4.61,1.874,0.044,156
54.7831,160.2415,10.0,4.2,23,137.0,1.999,0.34,us,7.13,1.917,0.105,25
-62.5919,-158.6841,10.0,4.8,19,151.0,18.72,0.61,us,15.63,1.92,0.134,19
17.5228,145.6669,223.677,4.2,38,145.0,2.272,0.68,us,8.12,10.733,0.103,27
-18.7742,-177.5931,622.495,4.7,91,86.0,3.688,0.69,us,12.41,6.67,0.07,63
9.0645,-81.4596,10.0,4.5,48,113.0,1.605,0.85,us,5.88,1.91,0.11,24
4.148,126.5326,46.152,4.4,33,73.0,1.2,0.86,us,7.78,6.084,0.12,20
52.3084,160.3714,31.272,4.9,36,123.0,1.813,0.61,us,8.17,4.88,0.108,27
52.6499,-34.8396,10.0,4.9,65,40.0,12.504,0.73,us,10.63,1.858,0.062,83
49.9744,157.327,35.0,4.3,27,133.0,3.147,0.98,us,11.4,1.921,0.143,14
14.4103,147.169,10.0,4.4,17,160.0,1.564,0.78,us,3.73,1.94,0.17,11
51.7662,160.4217,10.0,5.3,97,126.0,1.663,0.99,us,8.13,1.808,0.022,661
52.6587,160.8824,10.0,4.2,15,147.0,1.403,1.13,us,8.73,1.955,0.2,7
-22.0583,-68.6663,114.408,4.0,40,115.0,0.594,0.86,us,5.13,6.058,0.104,26
34.5711,34.1328,10.0,4.8,79,64.0,0.766,0.81,us,3.38,1.857,0.042,175
49.1206,155.6578,35.0,4.7,93,137.0,4.195,0.52,us,11.34,1.92,0.061,82
-3.7917,136.6549,122.169,4.1,19,79.0,2.021,0.77,us,8.35,11.928,0.198,8
14.8887,54.9835,10.0,4.8,53,98.0,10.07,0.81,us,7.33,1.896,0.085,43
-14.9634,166.5495,10.0,4.5,30,60.0,0.793,1.08,us,7.49,1.905,0.115,22
52.0033,160.6563,10.0,4.1,23,125.0,1.596,1.16,us,5.49,1.88,0.119,19
-10.2765,161.1285,71.424,5.2,95,96.0,1.431,0.42,us,10.36,6.01,0.049,138
52.953,160.9277,10.0,5.3,38,118.0,1.379,0.63,us,9.37,1.889,0.118,24
52.1847,160.2739,33.969,4.9,121,123.0,1.299,0.59,us,8.59,5.411,0.052,117
4.0355,95.8857,69.373,4.3,24,158.0,1.589,0.68,us,9.63,8.0,0.154,15
72.414,142.0095,10.0,5.1,311,28.0,4.147,0.79,us,8.9,1.861,0.025,540
-22.6022,-69.0076,110.11,4.3,41,49.0,0.531,1.01,us,5.55,6.253,0.126,18
-18.5347,-177.8323,618.605,4.2,54,109.0,3.363,0.65,us,13.01,4.73,0.044,143
57.886,146.7923,10.0,4.1,24,159.0,2.678,1.17,us,9.08,1.962,0.127,17
-28.9215,-67.7263,134.202,4.1,23,94.0,2.317,0.65,us,7.16,5.389,0.234,5
10.9489,124.1902,9.929,4.7,57,93.0,20.374,0.47,us,15.07,5.325,0.077,51
53.0919,160.5304,41.941,4.1,58,137.0,1.137,0.95,us,12.25,8.059,0.079,43
50.4253,158.9304,10.0,4.3,24,133.0,2.608,0.64,us,8.05,1.702,0.16,11
54.4746,-159.6765,24.868,4.1,55,159.0,0.361,0.82,us,5.42,6.146,0.117,21
-9.2676,124.3365,32.198,4.4,18,85.0,0.489,1.01,us,5.24,6.72,0.161,11
12.1824,-86.8128,123.057,4.4,86,135.0,0.553,0.56,us,8.36,6.441,0.057,88
-55.9161,-26.0767,10.0,4.5,16,114.0,6.196,0.5,us,14.74,1.639,0.145,14
2.9528,-31.3475,10.0,4.9,46,66.0,19.996,1.02,us,12.86,1.882,0.07,73
54.4191,-160.1152,35.0,3.7,31,198.0,0.514,0.78,us,4.69,1.985,0.178,8
51.0138,157.2677,83.555,4.6,69,127.0,2.115,0.59,us,9.62,7.173,0.039,193
51.5465,16.2354,5.0,4.3,54,43.0,1.199,0.81,us,4.37,1.884,0.087,37
2.9108,95.4296,22.095,4.3,26,135.0,2.673,0.54,us,7.3,6.227,0.117,21
76.8813,17.7424,10.0,4.0,25,118.0,2.382,0.61,us,13.39,1.928,0.116,20
-23.1238,-179.7017,532.639,4.9,112,74.0,6.3,0.55,us,12.14,6.348,0.045,156
51.1568,157.7994,66.119,4.2,53,127.0,1.942,0.81,us,9.63,7.195,0.086,38
43.3963,148.0922,10.0,4.6,46,135.0,3.89,0.87,us,11.29,1.831,0.096,32
-46.7553,166.4472,35.0,4.3,13,107.0,0.611,0.92,us,6.78,1.997,0.378,2
16.5347,-59.5172,10.0,4.5,43,217.0,1.493,0.79,us,7.99,1.958,0.109,25
51.3138,159.6768,35.0,5.4,26,217.0,1.825,0.69,us,8.68,1.98,0.12,24
29.1121,129.2889,10.0,4.5,16,129.0,2.439,0.74,us,7.85,1.919,0.205,7
-24.2762,179.9443,511.063,4.3,26,101.0,5.301,0.83,us,15.44,9.718,0.114,23
10.6259,-86.0467,10.0,4.3,34,203.0,1.127,0.93,us,8.6,1.982,0.113,22
-17.4643,167.9105,20.208,4.9,27,167.0,2.118,0.66,us,10.13,5.551,0.177,14
51.3017,159.834,10.0,4.5,61,128.0,1.872,0.72,us,9.02,1.889,0.075,53
-20.8541,-178.4008,565.849,4.2,46,124.0,4.559,0.82,us,15.09,8.945,0.051,105
36.0355,31.122,65.244,4.1,55,139.0,1.21,1.03,us,6.01,9.382,0.095,31
24.828,97.8254,10.0,4.4,33,123.0,3.882,0.87,us,8.12,1.815,0.117,21
7.2465,-73.3228,127.636,4.1,19,84.0,2.584,0.86,us,6.31,12.337,0.184,8
-17.667,-178.5919,546.446,4.4,43,79.0,2.28,0.79,us,9.84,6.331,0.093,33
-5.0344,101.7423,10.0,4.4,26,83.0,1.382,0.65,us,4.54,1.909,0.138,15
-19.1257,-174.6439,88.347,4.6,32,89.0,4.46,0.65,us,12.61,9.068,0.095,33
4.1014,126.4683,59.115,4.3,42,91.0,1.169,0.77,us,5.73,7.957,0.089,36
-6.3575,-11.5605,10.0,4.5,25,70.0,3.188,0.93,us,11.17,1.896,0.118,22
52.8926,161.048,10.0,4.7,55,134.0,1.457,0.69,us,10.84,1.895,0.083,44
51.6685,160.0534,10.0,4.5,18,161.0,1.607,0.78,us,10.1,1.96,0.144,14
52.571,160.6326,35.0,4.0,14,121.0,1.286,0.8,us,11.61,1.957,0.163,10
-17.778,168.2859,63.396,4.6,102,100.0,2.54,0.5,us,8.54,7.159,0.059,86
53.177,161.0048,10.0,4.1,55,162.0,1.428,0.55,us,10.65,1.93,0.083,42
53.5281,153.7868,469.656,4.3,115,88.0,2.384,0.67,us,10.71,7.198,0.042,164
52.1276,161.4042,10.0,4.3,29,124.0,1.905,1.16,us,9.87,1.908,0.126,19
12.0036,-86.7517,100.748,4.4,50,138.0,0.513,0.63,us,8.23,8.104,0.079,46
-57.2423,-67.0049,10.0,4.7,39,144.0,2.342,0.57,us,15.61,1.94,0.096,33
51.7149,159.8915,10.0,4.3,18,137.0,1.516,0.89,us,6.41,1.82,0.16,13
7.9186,-78.8977,10.0,4.0,12,160.0,1.549,0.72,us,7.1,1.977,0.212,6
51.2783,159.6687,10.0,4.4,21,129.0,1.857,1.32,us,10.4,1.928,0.155,12
54.4422,-159.7016,10.0,3.9,93,164.0,0.395,1.27,us,4.29,1.867,0.182,8
50.1972,156.8465,57.122,4.1,39,147.0,2.963,0.48,us,10.81,3.477,0.102,28
53.5708,160.0185,75.701,4.0,18,163.0,1.466,0.35,us,14.07,10.262,0.156,11
-15.6389,-177.8836,435.013,4.2,38,58.0,2.768,0.54,us,15.67,7.251,0.11,23
-19.9149,-178.0796,414.689,4.0,27,122.0,4.191,0.55,us,16.84,8.406,0.116,21
-52.8962,22.0141,10.0,4.4,23,77.0,20.523,0.66,us,10.93,1.87,0.12,21
52.1854,160.6773,10.0,4.4,37,153.0,2.036,0.95,us,9.17,1.903,0.095,32
-3.6726,-104.6839,10.0,4.4,33,162.0,14.07,1.15,us,14.52,1.943,0.106,26
52.82,161.0889,37.253,4.5,45,156.0,1.491,1.17,us,12.71,9.593,0.082,44
39.1968,28.1279,10.0,4.4,34,44.0,0.959,0.75,us,4.1,1.93,0.189,8
52.1891,160.6032,21.473,4.2,30,148.0,1.455,1.09,us,11.4,6.788,0.107,24
-57.9144,-25.4478,68.264,5.0,64,55.0,7.165,0.65,us,9.09,5.222,0.081,49
45.587,26.4287,130.66,4.2,48,51.0,0.353,0.87,us,7.41,5.219,0.104,26
53.3734,159.8422,64.818,4.3,27,137.0,0.798,0.92,us,11.43,7.052,0.1,28
49.5636,158.3593,10.0,4.3,13,232.0,3.469,0.81,us,15.0,1.988,0.217,6
43.4229,-126.7888,10.0,3.9,85,193.0,1.476,0.94,us,7.99,1.99,0.112,21
-20.9232,-179.0811,637.794,4.4,43,98.0,4.162,0.66,us,14.55,7.475,0.099,29
-18.9241,169.2973,237.812,4.6,39,96.0,4.058,0.8,us,8.17,7.604,0.059,84
-49.0645,108.8182,10.0,4.9,22,95.0,17.285,0.8,us,15.21,1.866,0.187,11
53.5979,160.1821,56.565,4.3,67,133.0,1.085,0.55,us,8.83,7.307,0.072,55
-23.0244,171.6051,10.0,4.4,16,130.0,3.858,0.88,us,8.09,1.891,0.189,10
3.444,126.4908,75.033,4.4,23,109.0,1.63,0.72,us,8.09,4.402,0.143,14
-33.8511,179.4121,138.898,4.0,17,183.0,3.811,0.3,us,11.71,10.928,0.149,12
7.125,126.912,65.025,4.6,29,64.0,1.324,0.77,us,7.88,9.173,0.151,15
51.8397,160.3231,36.34,4.7,39,154.0,1.567,1.02,us,9.61,7.834,0.065,71
13.9164,40.0215,10.0,4.3,28,104.0,3.636,0.9,us,10.98,1.939,0.122,19
53.0355,160.7442,26.86,4.1,27,171.0,1.265,0.68,us,13.09,7.753,0.117,20
48.7738,156.2107,10.0,4.7,165,119.0,4.441,0.5,us,4.63,1.867,0.034,260
-6.5701,155.7736,175.202,4.3,50,103.0,4.301,0.86,us,9.71,5.27,0.084,42
51.4769,159.1385,45.09,4.3,31,127.0,1.578,0.63,us,9.59,6.819,0.129,17
3.1264,-31.3815,10.0,4.7,46,122.0,9.974,0.38,us,12.37,1.809,0.09,37
38.9238,70.8581,10.776,4.5,131,60.0,0.917,0.82,us,3.33,3.845,0.052,112
55.8412,162.4201,64.891,4.4,88,96.0,3.58,0.68,us,9.31,6.368,0.056,94
-26.879,-176.0819,10.0,4.2,18,105.0,9.613,1.04,us,10.47,1.908,0.132,17
2.8062,92.2105,10.0,4.4,55,70.0,5.302,0.62,us,7.29,1.709,0.079,46
46.8042,152.25,86.344,4.4,24,134.0,6.507,0.33,us,13.36,9.261,0.117,21
-12.5471,166.4468,67.116,4.7,87,68.0,2.975,0.46,us,8.89,5.484,0.054,106
52.0872,160.576,10.0,4.3,28,178.0,1.504,0.92,us,10.61,1.933,0.123,19
51.6277,159.1623,47.227,4.6,91,135.0,1.733,0.44,us,10.48,7.215,0.061,79
-20.2605,-178.0524,576.408,4.4,62,123.0,4.454,0.62,us,15.82,9.247,0.068,63
32.9472,88.6555,10.0,5.1,92,79.0,3.864,0.94,us,8.75,1.789,0.049,138
39.2158,28.1138,10.0,4.1,28,57.0,0.951,0.87,us,4.06,1.921,0.213,6
12.977,-88.8024,66.155,4.2,45,165.0,0.676,0.86,us,10.35,9.522,0.089,35
11.0283,-87.0723,10.0,4.3,19,195.0,1.376,0.79,us,5.95,1.978,0.188,8
1.6522,127.2482,113.578,5.1,73,57.0,4.725,0.86,us,8.11,5.697,0.05,128
12.6857,144.5652,26.72,4.4,37,214.0,0.945,0.5,us,12.65,9.034,0.101,28
21.9235,95.9869,10.0,4.8,38,75.0,1.226,0.44,us,8.07,1.898,0.105,28
-10.2779,161.2594,88.908,4.5,24,132.0,1.538,0.53,us,12.63,8.602,0.116,22
49.5624,158.5308,10.0,4.6,51,136.0,3.467,0.68,us,6.79,1.852,0.082,44
-7.5002,127.8101,165.544,4.3,26,69.0,3.618,0.68,us,10.05,9.725,0.142,16
22.8791,94.4717,99.301,4.8,94,64.0,4.817,0.71,us,9.03,6.922,0.056,100
51.8605,161.6829,10.0,4.1,22,167.0,2.191,0.45,us,6.91,1.976,0.157,11
53.7772,160.4941,58.333,4.3,17,168.0,1.338,0.59,us,15.39,12.626,0.177,9
52.3443,160.6409,35.0,4.3,26,134.0,1.39,0.51,us,12.33,1.945,0.147,15
54.6066,161.7234,35.0,4.3,55,130.0,2.416,0.74,us,7.56,1.87,0.082,42
53.282,160.9343,35.0,4.1,14,171.0,1.4,1.26,us,12.63,1.999,0.174,9
52.8163,160.4631,36.527,4.1,22,119.0,1.117,0.47,us,10.72,4.22,0.127,17
-15.7345,-174.3801,187.627,4.3,30,125.0,6.052,0.79,us,13.16,7.664,0.106,25
-21.0347,-11.6613,10.0,4.6,18,85.0,7.548,0.47,us,8.12,1.894,0.141,15
7.3797,126.8108,67.176,4.6,45,122.0,1.26,1.07,us,9.02,7.637,0.091,36
-13.661,122.3247,10.0,4.3,10,118.0,4.323,0.67,us,9.03,1.993,0.237,6
35.2719,23.275,44.596,4.3,77,139.0,2.193,0.76,us,9.02,8.85,0.064,69
52.1494,160.0293,35.0,4.4,23,124.0,1.214,0.51,us,8.31,1.961,0.107,25
39.5886,144.0274,10.0,4.4,28,149.0,2.512,0.4,us,8.59,1.937,0.134,16
-30.5085,-177.1039,10.0,4.2,18,260.0,9.087,0.76,us,14.12,2.004,0.159,11
28.3448,104.6089,10.0,4.4,48,76.0,4.68,0.81,us,9.88,1.902,0.093,33
28.9134,51.4598,10.0,4.2,36,73.0,5.792,1.11,us,6.11,1.794,0.1,28
50.3645,158.5326,10.0,4.4,15,138.0,2.664,0.91,us,11.16,1.729,0.203,7
3.7252,127.3883,47.66,4.2,26,107.0,2.151,0.62,us,7.35,8.612,0.124,18
39.1271,142.8068,35.0,4.5,55,134.0,2.133,0.77,us,8.17,1.927,0.065,69
51.6012,159.7895,10.0,4.4,52,120.0,1.587,1.44,us,9.0,1.896,0.082,43
49.7976,159.004,10.0,4.3,26,136.0,3.238,0.39,us,10.27,1.921,0.142,14
-28.4916,-177.4295,10.0,4.6,25,138.0,11.118,1.0,us,14.75,1.863,0.122,20
52.7006,159.9161,45.796,4.4,32,216.0,0.834,0.83,us,12.93,9.856,0.117,22
52.957,160.5551,35.0,4.1,17,118.0,1.154,0.61,us,10.99,1.944,0.135,15
-9.7217,152.6903,10.0,4.5,37,122.0,5.464,0.85,us,10.84,1.906,0.102,28
10.0457,125.8534,87.356,4.7,60,114.0,2.969,0.68,us,10.6,7.251,0.054,104
6.2029,126.8673,81.185,4.3,31,130.0,1.542,0.78,us,9.96,6.562,0.113,25
-6.0306,151.6185,10.0,4.9,65,112.0,1.76,0.88,us,8.39,1.891,0.071,63
39.216,143.4481,10.0,5.0,64,135.0,2.413,0.98,us,6.93,1.849,0.081,49
29.2758,129.5665,10.0,4.3,39,112.0,2.354,0.64,us,5.37,1.916,0.104,26
51.2113,159.4212,10.0,4.3,24,211.0,1.876,0.73,us,6.1,1.969,0.129,17
53.2245,160.3688,45.096,5.2,154,108.0,1.055,0.68,us,9.38,6.757,0.029,396
-1.2716,-77.6039,186.918,4.5,75,62.0,0.475,0.74,us,8.05,2.115,0.054,103
52.8593,160.6252,10.0,4.2,43,147.0,1.207,0.94,us,9.19,1.923,0.107,25
-57.2527,-67.3642,10.0,5.0,34,159.0,2.331,0.67,us,8.64,1.919,0.082,47
2.8757,128.5329,240.44,4.2,12,205.0,2.393,0.41,us,13.18,9.207,0.187,8
52.482,161.5163,10.0,4.4,55,163.0,1.825,0.74,us,11.18,1.952,0.081,44
54.6579,-160.4966,10.081,4.0,40,188.0,0.554,0.75,us,3.51,6.079,0.231,5
51.548,159.5784,10.0,4.6,23,127.0,1.584,0.67,us,9.16,1.85,0.223,6
-13.5346,176.3596,10.0,4.2,22,89.0,4.126,0.66,us,11.07,1.895,0.132,16
3.1095,-31.3631,10.0,4.9,43,66.0,9.967,0.53,us,7.9,1.848,0.083,45
53.3263,159.4113,77.507,4.2,23,163.0,0.55,0.89,us,15.22,10.214,0.128,17
-22.5933,-68.0144,153.524,4.4,29,89.0,0.388,0.87,us,7.46,5.557,0.138,15
54.8264,159.9452,10.0,4.3,19,169.0,1.962,0.7,us,14.56,1.934,0.133,16
12.9162,143.2532,201.838,4.4,65,115.0,1.709,0.43,us,12.85,8.212,0.062,74
-58.9791,-149.8336,10.0,4.6,23,108.0,23.689,0.66,us,14.75,1.915,0.119,21
-15.8374,166.9705,10.0,4.1,8,146.0,0.448,0.17,us,6.38,1.892,0.369,2
51.5116,158.6402,35.0,4.1,15,126.0,1.514,0.66,us,7.22,1.889,0.145,13
45.5011,150.8203,58.787,4.5,50,135.0,5.779,0.59,us,7.57,7.45,0.083,43
36.4425,71.1909,235.815,4.2,71,79.0,2.133,1.22,us,7.88,7.011,0.079,44
18.0045,146.5169,79.812,4.4,66,107.0,2.835,0.48,us,11.99,3.084,0.072,56
-15.3811,-73.6813,93.848,4.4,34,142.0,4.366,0.61,us,9.43,10.065,0.114,22
40.1,36.0262,10.0,4.4,47,35.0,0.412,0.61,us,2.75,1.868,0.117,21
-29.8654,-71.6231,38.429,4.2,29,148.0,0.338,0.61,us,5.18,8.352,0.175,9
-10.9716,165.9331,71.837,4.6,28,144.0,6.085,0.45,us,13.27,8.761,0.116,22
52.0635,160.3256,10.0,4.4,24,167.0,1.404,0.95,us,10.85,1.945,0.127,18
28.1609,131.0341,10.0,4.5,69,121.0,2.338,0.65,us,7.08,1.867,0.078,50
50.255,159.0845,10.0,4.3,25,134.0,2.786,1.21,us,10.66,1.908,0.148,14
7.4288,127.2696,10.0,4.5,34,116.0,1.715,0.75,us,8.0,1.895,0.107,26
49.913,156.0453,69.78,4.2,67,135.0,3.362,0.57,us,11.73,7.994,0.075,49
52.6663,160.7467,30.467,4.7,58,119.0,1.321,0.63,us,10.52,5.787,0.041,183
-22.907,172.9271,10.0,4.6,22,123.0,5.067,0.9,us,6.77,1.853,0.14,15
2.0449,126.6728,35.0,4.6,57,97.0,1.442,1.05,us,5.35,1.877,0.082,45
-30.6072,-178.0686,41.31,5.2,68,69.0,1.363,0.83,us,10.02,5.916,0.071,65
52.6231,160.6758,10.0,4.3,37,120.0,1.293,1.03,us,9.2,1.904,0.103,27
51.1556,158.7331,58.64,4.3,16,192.0,1.871,0.55,us,12.95,9.067,0.188,8
-6.546,130.1043,157.368,4.2,20,82.0,4.189,0.74,us,10.44,4.778,0.136,15
51.1304,159.147,31.471,5.1,184,59.0,1.921,0.61,us,7.75,4.867,0.029,395
32.3157,76.638,10.0,4.1,47,163.0,6.289,0.94,us,9.93,1.92,0.103,26
52.5725,172.3886,35.549,3.9,28,206.0,1.054,0.81,us,13.5,10.179,0.11,22
49.0189,154.9365,80.244,4.1,44,135.0,4.449,0.65,us,10.32,7.915,0.09,37
-9.053,124.8217,35.0,4.3,16,113.0,0.887,0.59,us,8.9,1.882,0.143,14
27.4107,54.8309,10.0,4.3,52,104.0,2.748,0.78,us,6.47,1.881,0.086,38
15.2099,55.7074,10.0,4.4,26,100.0,12.686,0.87,us,10.78,1.875,0.099,29
51.2261,160.9503,10.0,4.7,93,123.0,2.291,0.49,us,7.46,1.906,0.058,89
34.1246,26.3661,10.0,4.3,39,203.0,2.532,0.74,us,8.83,1.942,0.137,17
28.4953,87.3902,10.0,4.3,43,115.0,1.989,0.44,us,9.81,1.901,0.083,41
18.1211,40.2081,10.0,4.4,36,125.0,5.349,0.7,us,8.15,1.947,0.112,23
16.3329,-59.675,10.0,4.4,35,201.0,1.327,0.54,us,7.31,1.964,0.19,8
51.7751,160.3369,10.0,4.0,16,155.0,1.622,0.98,us,11.98,1.957,0.15,12
-8.6693,127.3718,10.0,4.3,16,177.0,3.249,1.0,us,8.82,1.939,0.147,13
51.1541,157.003,93.211,4.5,47,134.0,2.004,0.63,us,12.05,7.583,0.08,46
34.6576,70.6806,10.0,4.1,14,227.0,1.283,1.16,us,13.72,2.199,0.184,8
49.405,158.1951,10.0,4.3,16,137.0,3.721,0.47,us,9.1,1.815,0.168,10
54.5463,-159.9467,28.692,3.8,62,166.0,0.353,0.76,us,5.59,3.722,0.179,8
-5.63,151.8978,53.45,4.9,33,155.0,1.454,0.79,us,9.7,7.433,0.067,69
53.4336,-165.8828,52.524,3.7,28,189.0,0.554,1.01,us,5.71,15.516,0.122,17
39.3799,143.5504,10.0,4.5,34,143.0,2.37,0.77,us,8.0,1.905,0.115,22
-5.7781,153.7053,17.876,4.3,27,120.0,2.201,0.96,us,10.97,5.515,0.116,21
-29.4335,-179.1442,334.44,4.6,54,134.0,8.722,0.71,us,14.02,6.866,0.071,60
5.1722,126.3259,26.556,4.0,14,152.0,0.95,0.65,us,6.17,5.611,0.183,8
50.1538,157.9433,10.0,5.2,122,125.0,2.907,0.72,us,8.3,1.878,0.055,111
51.0671,160.6301,10.0,4.5,117,132.0,2.309,0.61,us,8.6,1.881,0.044,155
-55.8687,-27.8024,57.073,5.0,46,72.0,5.237,0.66,us,10.8,5.319,0.084,45
14.4467,-91.1473,98.851,4.2,100,177.0,1.433,0.76,us,9.06,9.079,0.054,102
52.4535,160.961,28.626,4.3,42,122.0,1.517,0.93,us,11.34,6.28,0.08,44
46.5893,152.6585,51.935,4.2,31,144.0,7.292,0.63,us,12.52,9.212,0.118,20
51.3683,159.3155,35.0,4.9,16,197.0,1.708,0.34,us,11.92,1.992,0.155,13
-4.5677,102.7394,62.773,4.2,31,145.0,0.298,0.36,us,8.29,5.39,0.121,19
9.7939,-70.7598,10.0,4.4,39,92.0,0.913,0.68,us,7.53,1.91,0.117,21
-24.4871,-176.8224,123.427,4.6,52,74.0,4.841,0.63,us,10.98,6.892,0.084,43
54.4643,-159.8395,36.259,4.2,128,193.0,0.395,0.64,us,5.97,10.062,0.166,10
-18.3872,-177.9354,566.911,4.0,37,122.0,3.197,0.67,us,15.74,10.016,0.096,29
-55.7298,-27.1808,79.904,5.1,33,57.0,5.549,0.7,us,12.79,2.074,0.138,17
54.9804,164.8223,10.0,4.1,35,164.0,4.136,0.72,us,14.59,1.952,0.103,26
6.9072,92.3559,10.0,4.1,46,100.0,4.86,0.62,us,9.35,1.899,0.091,37
16.44,-59.6951,10.0,4.5,42,160.0,1.322,0.82,us,7.53,1.937,0.099,30
-15.5576,-172.8108,10.0,4.7,49,72.0,1.918,0.78,us,10.1,1.87,0.08,47
61.0366,-60.3505,10.0,4.2,25,115.0,4.682,1.32,us,8.43,1.949,0.124,18
8.6096,126.9329,64.042,4.4,38,82.0,2.035,0.64,us,10.96,6.326,0.095,32
34.9228,104.6734,10.0,4.6,45,48.0,1.304,0.66,us,7.56,1.877,0.086,40
51.2443,157.5855,78.229,4.5,61,126.0,1.868,0.68,us,9.66,7.218,0.041,172
51.31,159.6357,10.0,4.2,25,154.0,1.82,1.34,us,9.3,1.811,0.118,20
51.2975,159.674,10.0,5.0,14,242.0,1.84,0.74,us,9.63,1.999,0.17,15
-21.8848,-179.0546,584.91,4.1,23,143.0,4.937,0.36,us,12.09,9.067,0.126,17
51.4529,159.5911,35.0,4.7,100,81.0,1.676,0.51,us,8.69,1.903,0.055,100
50.1048,157.3272,44.54,4.9,63,120.0,3.017,0.79,us,10.09,6.872,0.047,143
37.4761,140.3752,113.547,4.0,36,134.0,1.969,0.71,us,8.72,6.321,0.111,22
50.0822,157.2741,30.003,4.3,34,132.0,3.042,0.8,us,5.69,5.538,0.104,26
-54.7666,-130.2807,10.0,4.9,23,182.0,32.545,0.73,us,13.06,1.955,0.123,21
-54.0562,-133.4096,10.0,4.5,12,150.0,29.78,0.75,us,11.9,1.865,0.171,10
44.461,148.0664,78.483,4.6,79,134.0,3.945,0.74,us,8.91,2.745,0.051,114
-31.6828,179.8822,409.734,4.2,36,180.0,6.007,1.11,us,15.55,13.757,0.125,20
54.5247,-160.1524,38.47,4.1,83,159.0,0.448,0.55,us,5.99,8.781,0.111,26
-6.1946,130.5084,115.071,4.3,19,120.0,1.767,0.69,us,10.48,8.774,0.168,10
52.5625,160.7212,10.0,4.3,17,134.0,1.34,0.76,us,8.21,1.91,0.169,10
52.404,160.49,10.0,5.2,82,141.0,1.28,0.92,us,10.6,1.869,0.027,453
52.7895,159.8438,47.571,4.4,87,149.0,0.76,0.97,us,10.6,8.337,0.056,90
37.8218,144.3154,10.0,4.5,24,158.0,3.891,0.41,us,10.49,1.935,0.157,12
0.5931,98.5165,66.916,4.5,42,117.0,2.126,0.88,us,9.02,6.446,0.089,42
49.8013,155.779,82.136,4.5,59,124.0,3.522,0.65,us,6.24,6.287,0.06,82
2.7733,128.3501,237.054,4.0,22,128.0,2.218,0.54,us,11.61,8.951,0.133,18
-22.413,-68.6547,109.114,4.2,30,57.0,0.693,0.69,us,5.45,5.334,0.115,21
52.5061,160.862,10.0,4.2,38,145.0,1.441,1.23,us,10.94,1.96,0.112,25
51.3411,159.6707,10.0,4.2,32,129.0,1.798,0.73,us,9.18,1.813,0.115,21
53.6533,160.0321,65.865,4.3,41,159.0,1.042,0.62,us,11.46,7.472,0.096,31
-25.349,179.7565,502.35,4.4,36,132.0,7.731,0.78,us,13.9,10.452,0.107,25
52.701,161.0674,17.418,4.9,70,118.0,1.501,0.97,us,5.84,3.685,0.029,373
50.9755,157.8615,35.0,5.0,95,110.0,2.108,1.23,us,5.88,1.717,0.034,275
-20.2638,-178.4018,594.8,4.3,55,97.0,4.187,0.88,us,14.62,7.648,0.066,67
-17.9396,168.104,35.0,4.2,24,89.0,2.625,0.99,us,5.12,1.847,0.137,15
39.2805,143.3255,10.0,4.2,29,148.0,2.299,0.7,us,7.93,1.934,0.136,15
-17.6163,-178.9715,545.413,4.4,48,79.0,1.949,0.68,us,13.85,9.139,0.084,41
-24.1014,-67.1654,196.088,4.5,35,64.0,1.475,0.75,us,6.48,8.15,0.145,14
53.3337,160.7986,35.0,4.1,22,195.0,1.33,0.5,us,9.24,1.962,0.12,19
43.2761,-28.9956,10.0,4.7,62,123.0,6.108,0.94,us,10.34,1.893,0.043,164
50.3122,154.8971,152.68,4.3,28,174.0,3.298,0.77,us,13.31,11.079,0.122,19
50.3121,159.2264,10.0,4.8,72,121.0,2.739,0.71,us,8.01,1.846,0.036,234
-19.1644,-177.4381,571.812,4.3,28,89.0,4.047,1.25,us,15.96,10.942,0.133,17
54.4008,-161.466,35.0,3.7,51,183.0,0.758,0.51,us,3.21,1.994,0.19,7
42.3739,-126.7325,10.0,4.3,107,159.0,1.768,0.8,us,7.41,1.932,0.07,58
16.5002,-59.5129,10.0,4.6,35,83.0,1.502,0.64,us,6.87,1.766,0.125,19
-57.6772,157.9203,16.773,4.9,28,109.0,3.238,0.52,us,7.18,5.232,0.114,24
-6.5101,128.422,304.486,4.4,17,93.0,5.222,0.75,us,11.94,12.883,0.239,5
51.9517,160.8726,10.0,4.1,14,217.0,1.732,0.93,us,7.21,1.992,0.213,7
-20.8579,-178.7333,548.336,4.5,103,111.0,4.336,0.61,us,12.87,6.836,0.044,157
11.137,123.9683,10.0,4.7,69,109.0,4.343,0.99,us,12.02,1.886,0.066,70
47.3961,152.2406,130.244,4.2,72,134.0,6.478,0.82,us,12.39,8.277,0.07,57
81.2206,118.5921,10.0,4.9,97,77.0,9.907,0.57,us,10.5,1.889,0.03,345
52.3404,160.6815,10.0,4.3,30,149.0,1.413,0.71,us,9.39,1.949,0.122,19
13.3577,92.5564,15.163,5.0,89,65.0,4.921,0.85,us,9.59,4.409,0.056,105
6.6699,-72.9808,173.442,4.3,59,65.0,2.251,0.69,us,9.2,8.324,0.08,44
-22.8304,-177.7355,390.205,4.1,13,166.0,6.42,0.31,us,19.46,6.731,0.12,21
24.7847,121.6803,55.785,4.1,24,58.0,0.251,1.04,us,4.21,4.8,0.174,9
51.3829,158.8963,31.504,4.3,24,137.0,1.65,0.91,us,11.46,6.463,0.137,18
50.4731,158.818,10.0,4.6,82,132.0,2.556,0.75,us,5.69,1.687,0.041,179
50.2127,157.3502,45.368,4.6,22,132.0,2.908,1.11,us,11.53,7.894,0.129,25
44.6235,149.4554,35.0,4.2,43,144.0,4.946,0.8,us,11.62,1.947,0.093,32
52.2293,160.432,35.0,4.2,31,198.0,1.346,0.9,us,5.97,1.986,0.103,26
35.5143,26.5019,10.0,4.0,22,128.0,0.539,1.01,us,4.3,1.888,0.143,13
50.8553,159.0797,35.0,5.0,47,130.0,2.188,0.69,us,10.18,1.928,0.085,44
-17.3134,-69.466,177.241,4.2,17,215.0,0.275,1.22,us,10.34,4.643,0.186,8
51.0486,159.0881,35.0,4.1,14,138.0,2.234,0.57,us,11.42,1.964,0.185,8
52.3226,160.3259,30.443,4.7,117,122.0,1.239,0.85,us,8.36,4.687,0.053,109
51.5671,160.3992,10.0,4.2,29,134.0,1.811,0.75,us,10.59,1.9,0.125,18
51.4693,159.424,35.0,4.3,22,169.0,1.628,0.67,us,11.46,1.974,0.133,16
29.276,129.5229,10.0,4.5,60,91.0,2.366,0.55,us,7.19,1.873,0.084,42
52.3398,160.365,10.0,4.2,25,172.0,1.249,0.81,us,8.33,1.874,0.136,15
34.9601,27.1226,41.412,4.1,26,149.0,0.586,0.79,us,8.03,8.725,0.131,16
13.8543,144.7191,155.49,4.5,39,98.0,1.72,0.52,us,9.23,6.852,0.101,29
9.3593,93.9247,10.0,4.9,105,45.0,2.56,0.68,us,7.38,1.853,0.056,99
-2.1428,120.7358,10.0,4.6,29,62.0,0.533,0.8,us,6.02,1.93,0.125,22
52.0097,161.0573,10.0,4.7,65,125.0,1.787,0.59,us,10.45,1.914,0.044,154
-9.6243,121.9113,74.7,4.1,24,73.0,1.034,0.61,us,6.18,7.549,0.12,24
49.6716,157.6478,22.252,4.2,32,135.0,3.415,1.3,us,10.62,5.868,0.113,22
12.9214,145.6851,10.0,4.4,27,110.0,1.036,0.82,us,8.9,1.904,0.134,16
-12.5795,167.6399,10.0,4.8,24,129.0,2.882,0.7,us,12.92,1.934,0.124,20
84.9707,96.1307,10.0,4.8,126,26.0,11.403,0.48,us,9.99,1.884,0.054,105
-56.2113,-27.0024,95.712,4.8,23,76.0,5.759,0.95,us,12.38,6.796,0.122,21
-7.4124,130.6464,22.162,4.3,20,120.0,2.964,1.14,us,8.84,5.368,0.154,12
-60.0289,-62.6546,10.0,4.6,16,94.0,4.807,0.67,us,8.02,1.907,0.206,9
28.5267,87.3673,10.0,4.7,64,79.0,3.493,0.77,us,9.64,1.872,0.058,89
53.7756,-163.949,10.0,4.0,56,156.0,0.792,0.9,us,3.7,1.898,0.1,27
50.4992,156.6548,81.998,4.0,21,137.0,2.692,0.7,us,10.2,8.283,0.156,11
-56.7236,-23.9957,10.0,5.1,28,189.0,7.503,0.91,us,15.03,1.965,0.112,26
51.228,179.1883,41.151,4.0,54,193.0,0.166,0.96,us,6.67,9.62,0.081,43
-57.96,157.536,10.0,4.2,17,109.0,3.558,0.71,us,8.07,1.914,0.167,11
39.5608,143.2213,10.0,4.8,74,123.0,2.058,0.82,us,7.5,1.872,0.048,135
51.1329,159.0694,10.0,4.8,40,129.0,1.911,0.69,us,7.79,1.889,0.087,80
52.6952,159.6643,82.85,4.4,17,193.0,0.697,0.64,us,14.85,9.774,0.155,12
50.2438,156.695,67.392,4.0,26,225.0,2.936,0.61,us,13.22,10.393,0.123,18
17.2447,147.2647,32.167,4.7,119,133.0,2.445,1.22,us,10.14,3.13,0.048,133
52.6281,160.6657,35.978,4.2,17,137.0,1.286,0.74,us,10.58,8.644,0.166,10
35.4532,135.6043,352.615,4.2,74,75.0,1.168,0.76,us,7.58,6.217,0.054,99
52.4419,160.6186,26.448,4.5,97,132.0,1.331,0.65,us,9.16,5.702,0.054,102
13.4135,144.6427,84.047,4.4,39,118.0,0.28,0.5,us,12.63,6.167,0.102,28
52.7737,161.1913,10.0,4.3,28,148.0,1.56,0.68,us,9.99,1.94,0.133,16
14.4479,-90.4307,177.934,4.7,35,171.0,0.832,0.65,us,7.55,7.663,0.045,147
-1.8556,139.2105,10.531,4.2,17,85.0,1.255,0.65,us,7.33,5.393,0.16,11
-23.8733,-68.3455,122.55,4.4,32,57.0,0.93,0.63,us,6.78,8.066,0.127,18
37.0613,71.863,164.169,4.4,27,166.0,1.343,0.81,us,6.12,8.02,0.19,8
12.3193,142.4637,87.415,4.5,19,111.0,2.662,0.8,us,13.12,10.178,0.204,7
16.3948,40.97,10.0,4.4,35,104.0,3.765,0.38,us,10.22,1.937,0.105,26
-24.2488,-67.0065,168.832,4.2,42,62.0,1.68,0.89,us,8.75,8.543,0.124,18
23.9928,49.1093,10.0,4.0,17,243.0,6.533,0.57,us,7.11,2.02,0.172,9
51.2637,-178.4046,47.643,4.4,68,189.0,0.387,0.88,us,5.53,7.138,0.044,154
50.5,157.633,47.958,4.5,57,131.0,2.605,0.89,us,11.47,7.387,0.044,152
24.0837,121.8314,14.989,4.5,31,45.0,0.234,0.41,us,2.88,3.812,0.124,19
-33.1994,-179.7336,116.454,4.1,18,248.0,4.638,1.03,us,15.6,11.997,0.139,14
-17.4206,-69.4571,168.518,4.7,66,97.0,0.169,0.79,us,7.37,4.112,0.031,311
34.9162,32.494,10.0,4.0,27,108.0,0.689,1.0,us,6.06,1.959,0.119,19
-59.7085,-22.5681,15.076,4.6,22,107.0,14.378,0.33,us,15.21,4.708,0.136,16
-49.0671,124.9643,10.0,4.4,25,86.0,17.129,0.53,us,14.65,1.867,0.127,18
35.7405,88.5284,10.0,4.3,25,121.0,6.406,0.77,us,12.04,1.934,0.133,16
51.4392,159.2978,10.0,4.1,35,167.0,1.636,0.51,us,11.98,1.956,0.102,26
-5.2351,151.4657,142.336,4.2,28,146.0,1.249,0.94,us,11.52,7.917,0.11,23
51.4032,159.5752,26.928,4.2,14,128.0,1.72,1.16,us,11.08,7.352,0.216,7
-4.4241,144.3302,133.215,5.1,176,18.0,3.844,0.54,us,6.25,4.679,0.048,143
51.6416,-176.4803,58.164,3.7,33,198.0,0.225,0.4,us,4.87,8.395,0.178,8
51.4757,159.519,10.0,5.3,116,77.0,1.64,0.85,us,7.06,1.842,0.022,682
-4.2459,123.2959,25.0,4.6,79,34.0,0.861,0.63,us,5.47,4.846,0.073,56
52.3776,160.505,10.0,4.4,23,134.0,1.301,0.85,us,12.65,1.918,0.124,19
50.3652,159.5367,10.0,4.2,33,135.0,2.719,0.96,us,12.03,1.92,0.116,21
-15.1824,-177.3107,371.641,4.3,45,74.0,3.444,0.6,us,12.51,7.054,0.099,29
0.7377,96.8752,10.0,5.0,85,90.0,2.822,0.84,us,9.28,1.828,0.067,71
-25.6184,179.5508,523.711,4.2,28,120.0,7.958,1.09,us,14.84,10.838,0.087,37
51.9177,158.8169,48.192,4.3,55,134.0,1.112,0.53,us,10.0,4.398,0.075,50
52.224,158.1292,77.898,4.5,42,127.0,0.861,0.89,us,7.15,6.352,0.095,33
7.7792,126.2481,10.0,4.3,14,197.0,0.968,0.94,us,8.42,1.931,0.188,8
28.2717,-43.944,10.0,4.9,55,113.0,20.891,1.04,us,12.53,1.894,0.058,95
31.6492,138.1785,378.015,3.8,34,89.0,2.013,0.72,us,10.35,8.974,0.114,20
-2.6825,139.7299,35.62,4.5,40,53.0,0.986,0.83,us,3.89,7.98,0.102,28
-14.9069,167.3469,134.987,4.9,53,124.0,6.325,0.6,us,12.44,7.568,0.058,92
51.3084,159.7239,10.0,4.4,21,169.0,1.841,0.6,us,7.78,1.964,0.127,18
50.1435,157.2331,35.0,4.3,39,132.0,2.983,0.92,us,4.53,1.928,0.101,31
36.9357,141.2761,53.661,4.3,26,148.0,2.495,1.12,us,8.56,9.437,0.148,13
12.7375,-88.5933,53.012,4.1,18,190.0,0.773,1.06,us,8.33,10.46,0.214,6
48.6984,155.0267,51.713,4.1,33,137.0,4.728,0.48,us,11.36,8.954,0.101,27
70.8709,-6.8151,10.0,4.2,37,74.0,0.568,0.86,us,4.02,1.826,0.096,30
49.921,156.1567,70.475,4.3,27,126.0,3.334,0.5,us,11.47,7.19,0.119,23
49.215,156.4101,36.884,4.0,34,136.0,3.982,0.64,us,13.21,7.941,0.096,29
53.0932,159.8619,51.355,4.3,63,117.0,0.735,1.12,us,8.64,6.131,0.076,50
-12.7832,143.2158,10.0,4.5,12,103.0,1.168,0.75,us,11.06,1.859,0.222,7
-58.3364,-23.3069,10.0,5.0,71,51.0,8.374,0.67,us,10.3,1.795,0.078,52
-24.2137,179.9664,520.375,4.4,25,140.0,6.68,0.5,us,17.54,11.226,0.112,23
51.1538,159.6239,10.0,5.0,75,125.0,1.966,0.74,us,8.36,1.867,0.043,174
50.2942,157.6672,35.0,4.4,31,136.0,2.801,0.78,us,11.19,1.939,0.126,18
52.6898,160.7912,10.0,4.3,36,157.0,1.341,0.62,us,10.74,1.943,0.09,35
-52.099,14.4853,10.0,5.1,71,65.0,21.099,0.5,us,11.95,1.796,0.087,47
-20.68,-178.7574,607.093,4.2,25,134.0,4.196,0.46,us,14.66,8.616,0.118,20
3.1322,-31.4123,10.0,4.6,39,66.0,20.446,0.81,us,12.72,1.882,0.081,45
-60.075,-62.4621,10.0,4.8,22,133.0,4.774,0.85,us,9.47,1.862,0.131,19
51.5799,160.3171,10.0,4.4,11,187.0,2.219,1.08,us,10.85,1.962,0.179,9
15.1922,-94.5793,10.0,4.5,64,129.0,1.582,1.18,us,5.68,1.856,0.053,103
39.5694,143.4222,10.0,4.2,19,200.0,2.179,0.53,us,9.43,1.98,0.159,11
9.3798,93.87,10.0,4.6,60,123.0,5.13,0.35,us,9.32,1.902,0.084,42
-14.906,167.2372,112.225,4.6,71,64.0,0.539,0.62,us,5.27,5.422,0.05,121
12.0948,-88.0283,35.0,4.2,19,202.0,1.152,0.76,us,7.39,1.979,0.152,12
50.6765,156.3032,103.4,4.8,63,127.0,2.584,0.81,us,8.52,4.218,0.044,159
36.4699,70.9099,200.933,4.7,76,64.0,2.227,0.93,us,7.68,6.112,0.047,136
-21.0164,-176.9619,330.208,4.2,13,105.0,5.697,0.85,us,12.85,8.05,0.175,9
-17.903,-175.044,182.146,4.3,27,77.0,4.994,0.91,us,14.25,11.534,0.116,21
29.2788,129.5414,10.0,4.4,18,142.0,2.358,0.95,us,5.11,1.835,0.155,12
10.8708,123.8986,10.0,4.4,27,117.0,12.697,0.71,us,14.15,1.913,0.12,22
-6.569,129.0086,263.635,4.1,15,98.0,4.855,0.55,us,10.05,13.088,0.214,6
-19.3783,-69.1574,10.0,4.7,58,111.0,0.759,0.51,us,4.67,1.887,0.079,48
-31.8714,-178.6489,39.236,4.6,25,240.0,6.205,0.7,us,14.6,7.685,0.11,25
34.8716,23.3565,44.531,4.9,75,83.0,2.578,0.79,us,7.8,7.226,0.04,200
19.5517,-69.6462,10.0,4.4,50,46.0,0.505,1.25,us,3.05,1.292,0.084,41
-7.9926,126.6309,10.0,4.5,20,76.0,2.919,0.97,us,3.59,1.925,0.164,11
-10.6964,120.0078,18.58,4.2,18,114.0,1.06,0.97,us,5.33,4.948,0.199,8
4.5776,125.015,10.0,4.5,20,86.0,0.487,0.65,us,6.3,1.916,0.163,13
39.8024,141.7717,65.308,4.3,48,133.0,1.124,0.49,us,7.04,7.568,0.102,28
16.6492,119.729,10.0,4.6,67,104.0,6.267,0.7,us,9.58,1.881,0.082,47
-16.0175,-177.2411,429.605,4.4,67,111.0,3.287,0.96,us,14.44,7.336,0.077,49
37.665,19.9335,25.569,4.1,22,142.0,1.658,0.93,us,6.89,5.208,0.158,11
-6.1184,147.6197,68.815,4.2,15,130.0,3.297,0.62,us,5.99,12.188,0.175,9
51.7307,159.8305,35.0,5.2,80,80.0,1.483,1.05,us,9.86,1.872,0.034,286
-6.5286,147.631,31.25,4.3,20,113.0,2.895,1.01,us,7.32,6.25,0.154,12
26.7466,92.3604,41.698,4.5,41,148.0,3.14,0.66,us,10.6,8.117,0.091,35
52.7317,160.2068,36.513,4.2,36,150.0,0.988,0.81,us,11.91,10.061,0.11,23
-32.9493,-178.1687,10.0,4.6,26,175.0,3.698,0.86,us,11.22,1.948,0.125,23
-1.6228,99.6909,37.364,4.6,13,194.0,3.595,0.66,us,8.92,9.92,0.207,7
52.5726,160.2884,34.87,4.5,91,121.0,1.092,1.26,us,9.17,5.813,0.054,103
49.0112,156.1091,25.765,4.9,108,135.0,4.223,0.68,us,11.17,5.665,0.059,89
-10.2699,161.4662,87.959,4.2,31,109.0,1.709,0.74,us,10.5,7.893,0.121,20
51.8141,-169.7752,10.0,4.7,98,173.0,0.975,0.72,us,4.5,1.868,0.039,198
23.7537,122.5237,10.0,4.8,85,74.0,0.838,0.74,us,1.94,1.842,0.05,123
-50.0502,114.5821,10.0,4.2,13,147.0,16.408,0.18,us,12.63,1.861,0.167,10
52.7752,161.1082,10.0,4.5,52,120.0,1.51,0.93,us,7.52,1.882,0.071,60
51.2404,159.048,10.0,4.4,31,137.0,1.803,0.47,us,10.3,1.919,0.12,20
-0.9676,-21.9632,10.0,4.3,13,116.0,10.26,0.96,us,13.35,1.858,0.169,11
49.9094,157.3663,26.722,4.6,110,91.0,3.21,0.74,us,8.89,5.33,0.052,110
-27.7332,-177.856,10.0,4.4,22,136.0,1.508,0.63,us,10.28,1.948,0.134,17
0.3533,122.348,129.767,4.1,26,72.0,3.182,0.69,us,7.87,8.451,0.127,17
51.2873,157.5447,75.204,4.2,38,134.0,1.826,0.64,us,10.96,8.245,0.117,20
15.6541,-94.0004,70.035,4.3,56,133.0,1.66,0.68,us,6.8,11.851,0.056,90
0.8821,92.7848,10.0,4.8,42,55.0,4.808,0.78,us,9.92,1.868,0.107,27
38.0017,38.4942,10.0,4.2,22,163.0,0.741,0.53,us,7.48,1.942,0.167,10
35.055,68.6825,10.0,4.1,16,206.0,0.655,0.75,us,6.78,2.011,0.198,7
-23.558,179.9433,535.308,4.5,56,57.0,6.048,0.46,us,5.67,7.629,0.082,44
44.7743,148.4408,78.22,4.2,69,135.0,4.238,0.55,us,9.16,6.66,0.071,58
-9.1136,125.8382,10.0,4.4,10,162.0,1.676,0.81,us,9.05,1.996,0.24,5
-23.0918,172.3639,10.0,4.4,17,133.0,4.561,1.14,us,12.29,1.898,0.139,15
9.4274,126.5176,35.0,4.4,36,102.0,2.52,0.47,us,10.22,1.934,0.086,39
52.598,161.0609,10.0,4.7,18,181.0,1.524,0.98,us,14.21,2.0,0.174,11
-20.7601,-71.9799,10.0,4.5,36,139.0,1.71,0.77,us,6.79,1.904,0.171,10
53.1416,160.1562,53.071,5.0,197,52.0,0.916,0.82,us,8.17,5.43,0.031,332
-47.2927,-13.4534,10.0,4.5,20,86.0,10.252,1.38,us,12.69,1.622,0.145,18
-37.7257,176.3594,189.552,4.3,26,142.0,0.68,1.02,us,6.52,5.091,0.125,18
17.7113,-83.6415,10.0,4.6,36,161.0,5.04,0.82,us,9.92,1.944,0.068,70
21.8926,121.3252,10.0,4.4,37,133.0,0.948,0.99,us,5.44,1.829,0.12,20
7.3537,127.0636,48.251,4.8,81,104.0,1.5,0.9,us,9.78,5.613,0.061,83
51.542,159.5575,36.094,4.5,66,120.0,1.585,0.74,us,9.01,6.941,0.074,53
49.2126,156.3492,39.072,4.9,55,135.0,3.992,0.67,us,11.69,3.957,0.033,288
29.922,129.9543,19.286,4.4,31,118.0,1.639,0.98,us,7.31,4.701,0.115,22
48.246,154.4603,81.873,4.5,88,133.0,5.285,0.52,us,10.44,7.419,0.059,83
36.6215,71.1398,229.489,4.7,130,77.0,1.999,0.73,us,7.53,6.236,0.053,107
-33.632,-70.3934,106.948,4.4,39,87.0,0.143,0.43,us,5.96,4.722,0.127,19
27.3577,127.3827,132.756,4.5,90,67.0,0.948,0.83,us,8.03,6.987,0.062,76
-44.6833,-81.3578,10.0,4.3,11,184.0,8.88,0.62,us,10.0,1.98,0.178,9
-36.4735,177.2808,10.0,4.2,17,106.0,1.362,0.79,us,5.59,1.922,0.167,10
51.6058,160.5796,10.0,4.4,17,228.0,1.849,0.52,us,15.32,1.978,0.169,11
2.59,-31.1585,10.0,4.5,50,60.0,9.609,0.73,us,11.4,1.874,0.082,43
-31.4862,179.8098,432.135,4.3,24,140.0,6.187,0.9,us,13.34,9.986,0.119,20
51.1954,157.6095,78.998,4.3,35,138.0,1.917,0.6,us,12.31,8.61,0.086,38
4.7975,94.7268,39.583,4.6,81,65.0,2.253,0.57,us,8.64,7.009,0.071,59
51.3292,159.5839,10.0,4.9,79,205.0,1.792,0.58,us,10.43,1.953,0.062,82
49.7576,157.3809,17.955,4.4,66,134.0,3.361,0.55,us,9.69,4.782,0.077,49
36.5792,70.8055,217.6,4.4,64,78.0,2.187,0.77,us,7.69,7.1,0.054,101
-25.7895,-69.2628,8.8,4.1,15,140.0,0.691,1.03,us,4.65,5.366,0.301,3
16.5468,-59.651,13.05,4.5,30,162.0,1.368,0.79,us,8.11,5.645,0.242,5
39.4537,143.482,10.0,4.4,22,144.0,2.284,0.66,us,8.96,1.938,0.149,13
52.6319,160.3175,35.0,4.0,30,138.0,1.085,0.77,us,11.73,1.954,0.116,20
53.2921,159.9945,49.698,4.2,27,164.0,0.853,0.74,us,13.2,14.446,0.1,28
39.5908,142.0396,49.54,4.4,26,147.0,1.411,0.81,us,8.4,8.133,0.143,14
-7.1995,125.6981,504.307,4.6,36,49.0,2.907,0.68,us,12.46,8.676,0.107,26
-61.8937,-64.6163,10.0,5.2,87,68.0,2.903,0.71,us,11.23,1.75,0.063,83
8.6216,123.0774,10.0,4.8,40,96.0,2.919,0.82,us,9.58,1.85,0.109,27
50.4624,-173.5231,10.0,3.9,45,199.0,1.792,0.86,us,7.18,1.958,0.066,61
51.9332,161.3322,10.0,5.1,49,127.0,2.503,0.84,us,9.1,1.896,0.109,28
51.394,159.4668,35.0,4.5,27,157.0,1.708,0.65,us,8.69,1.969,0.242,5
29.6473,142.1455,22.472,4.9,208,65.0,2.542,0.41,us,7.04,4.435,0.039,219
23.403,94.2596,10.0,5.3,107,54.0,2.27,1.1,us,6.97,1.766,0.04,208
-17.6386,-178.6599,561.135,4.4,29,164.0,2.21,0.42,us,16.53,9.568,0.105,26
7.0236,126.7129,86.703,4.5,36,128.0,1.126,0.85,us,9.55,8.396,0.099,30
33.7183,90.741,10.0,4.5,66,46.0,4.016,0.69,us,8.69,1.876,0.073,55
45.4331,151.2025,63.292,4.4,24,152.0,6.056,0.78,us,12.16,9.101,0.138,15
13.238,50.0275,10.0,4.6,84,60.0,5.633,0.62,us,10.97,1.889,0.064,72
51.1809,159.7617,10.0,4.4,20,222.0,2.311,0.42,us,11.4,1.982,0.154,14
52.1981,160.5016,25.366,5.1,162,127.0,1.399,0.61,us,10.53,5.375,0.047,150
23.7585,90.4588,10.0,4.3,31,172.0,4.842,0.81,us,12.37,1.936,0.122,19
-9.4544,118.9671,89.97,4.3,23,82.0,1.329,0.98,us,3.14,9.898,0.218,6
42.9656,145.4249,65.812,4.3,50,134.0,1.928,0.61,us,10.1,7.798,0.094,32
34.505,70.6411,10.0,4.4,43,141.0,1.244,1.32,us,8.01,1.917,0.1,29
34.8742,26.5035,10.0,4.0,22,179.0,0.861,0.97,us,5.21,1.968,0.258,4
-9.5135,120.05,84.061,4.1,24,76.0,2.346,1.17,us,7.63,12.425,0.198,10
51.5601,160.2217,10.0,5.0,82,157.0,2.191,0.78,us,9.03,1.924,0.066,72
-1.7675,-78.0415,155.618,4.5,73,62.0,0.273,0.84,us,7.48,4.152,0.045,144
42.827,12.4921,10.0,4.2,48,72.0,0.436,1.16,us,5.42,1.919,0.199,7
51.692,160.1257,10.0,4.1,15,192.0,1.612,1.02,us,13.53,1.979,0.302,3
-23.6241,179.7862,531.391,4.3,31,98.0,6.07,0.62,us,10.41,11.244,0.111,23
19.55,-70.7381,32.016,4.0,43,108.0,0.13,1.28,us,4.18,3.909,0.116,20
39.3193,143.2721,10.0,4.5,56,135.0,2.242,0.77,us,5.75,1.692,0.088,38
49.0097,156.1011,30.299,4.5,44,136.0,4.329,0.93,us,9.88,5.332,0.098,41
29.2136,129.5771,10.0,4.9,118,85.0,2.41,0.42,us,5.69,1.864,0.054,109
52.5351,159.2508,57.268,5.3,59,92.0,0.61,0.71,us,7.63,5.082,0.075,60
8.4486,126.9203,35.0,4.4,15,233.0,1.909,0.4,us,10.99,2.013,0.148,13
52.7151,160.8644,10.0,5.3,113,160.0,1.377,0.73,us,11.32,1.928,0.056,105
-16.8565,-173.4989,39.87,4.3,43,56.0,3.838,0.57,us,5.1,7.514,0.094,32
50.3319,159.625,10.0,4.4,44,134.0,2.763,0.58,us,9.8,1.913,0.073,54
45.178,150.1279,63.248,4.4,66,134.0,5.427,0.65,us,10.52,7.586,0.081,44
-17.8596,-178.6221,607.156,4.3,44,182.0,2.36,0.53,us,20.74,10.27,0.075,55
14.0602,-89.8196,10.0,4.3,22,120.0,0.162,0.65,us,3.56,1.982,0.169,10
-23.7029,-174.4809,10.0,4.4,10,162.0,6.26,1.1,us,14.83,1.971,0.203,8
52.6224,159.6677,48.87,4.3,52,120.0,0.737,0.76,us,8.21,6.077,0.083,41
13.8424,39.8353,10.0,4.7,60,64.0,3.73,0.77,us,9.44,1.888,0.073,56
51.4833,160.0144,10.0,4.3,19,128.0,1.756,1.01,us,10.62,1.932,0.187,8
52.3552,160.4302,10.0,5.2,88,78.0,1.274,0.69,us,8.43,1.848,0.066,76
13.5836,122.9062,10.0,4.5,53,117.0,22.084,0.78,us,13.78,1.902,0.083,43
-7.6794,128.3229,163.55,4.2,20,96.0,4.509,1.22,us,8.28,2.697,0.199,7
41.4963,143.0188,45.008,4.0,53,134.0,0.528,0.56,us,7.36,8.415,0.092,33
41.7707,82.0621,10.0,4.3,30,119.0,2.459,0.78,us,8.25,1.937,0.133,16
-20.6634,-177.6645,548.856,4.2,22,164.0,4.98,0.48,us,21.52,16.966,0.131,16
4.982,94.6883,60.668,4.5,40,138.0,2.263,0.54,us,8.62,8.02,0.104,27
49.8,158.9046,10.0,4.4,41,137.0,3.232,0.65,us,8.46,1.912,0.095,32
52.0447,160.1242,34.473,4.6,77,133.0,1.823,0.68,us,11.9,5.967,0.068,65
-14.7622,-72.3745,93.382,4.2,33,124.0,4.083,1.08,us,7.36,13.612,0.122,19
8.4799,-103.746,10.0,4.4,36,264.0,10.34,0.52,us,10.28,1.951,0.092,37
-24.1457,-67.0807,222.72,4.4,24,83.0,1.558,0.64,us,10.57,9.613,0.269,4
-16.1351,178.5482,10.0,4.6,45,104.0,0.86,0.51,us,8.87,1.91,0.082,44
53.0294,160.8521,28.898,4.3,28,143.0,1.33,1.01,us,13.65,7.025,0.122,19
7.0685,127.232,10.0,4.0,13,199.0,1.64,0.82,us,9.65,1.978,0.212,6
28.0704,139.5489,486.588,4.1,105,55.0,2.533,0.74,us,7.76,7.754,0.058,80
-24.4078,-175.5172,10.0,4.7,20,237.0,5.277,0.59,us,14.89,1.991,0.115,23
50.3429,159.5699,10.0,4.7,134,71.0,2.745,0.72,us,8.07,1.679,0.033,277
52.3106,160.543,10.0,4.3,18,147.0,1.906,1.15,us,11.83,1.942,0.137,15
-3.8491,-12.0297,10.0,4.7,17,127.0,33.599,0.44,us,16.66,1.905,0.158,14
-5.339,133.9041,10.0,5.1,71,38.0,2.635,0.65,us,8.3,1.778,0.065,77
51.24,157.3795,53.658,4.0,17,223.0,1.882,0.55,us,15.8,12.061,0.156,11
53.3109,159.8017,32.94,4.1,26,115.0,0.751,0.68,us,10.29,5.989,0.117,20
-41.246,-91.0587,10.0,4.4,27,143.0,14.345,0.64,us,9.74,1.922,0.115,22
51.7947,158.3571,63.946,4.5,94,124.0,1.244,0.63,us,9.93,6.916,0.049,122
-20.0054,-178.2834,622.929,4.6,76,120.0,4.134,0.63,us,12.74,5.763,0.066,68
52.3792,160.4315,10.0,4.7,70,162.0,1.262,0.73,us,11.16,1.92,0.058,92
-39.9168,174.391,13.09,4.2,32,74.0,0.841,0.65,us,3.69,4.961,0.2,7
8.8689,127.1454,10.0,4.7,43,115.0,2.367,0.67,us,11.57,1.889,0.089,38
25.0545,128.6587,10.0,4.1,20,101.0,1.808,1.21,us,6.17,1.912,0.158,13
19.2351,145.578,165.243,4.5,69,122.0,3.977,0.69,us,12.42,8.049,0.068,64
16.7087,120.3902,71.961,4.6,49,107.0,6.112,1.05,us,10.38,4.287,0.075,53
6.3252,125.8064,130.338,4.2,19,102.0,0.773,1.04,us,10.74,6.994,0.152,12
-54.6475,158.6203,10.0,4.6,22,128.0,0.239,0.85,us,6.41,1.947,0.141,15
-6.7457,129.7117,145.274,4.1,13,81.0,4.565,1.22,us,11.76,9.514,0.233,5
49.876,155.7349,86.888,4.5,68,135.0,3.462,0.64,us,11.03,7.511,0.042,167
-7.7519,128.312,89.733,4.5,29,83.0,3.578,1.0,us,6.48,7.903,0.128,18
49.9492,157.2242,28.646,4.5,37,133.0,3.177,1.03,us,10.6,4.622,0.1,29
11.8994,-61.2054,68.69,4.3,22,123.0,0.496,0.78,us,2.37,6.151,0.168,10
-9.0007,124.2525,96.211,4.4,37,85.0,0.75,0.94,us,7.51,6.295,0.105,26
2.4992,66.7693,10.0,4.5,19,121.0,6.534,1.03,us,13.51,1.939,0.164,11
-59.7567,-26.8249,37.676,5.1,47,78.0,15.325,0.59,us,9.98,4.894,0.067,72
37.5117,139.5985,130.891,4.2,103,94.0,1.474,0.8,us,7.34,6.293,0.056,88
-14.95,-173.3253,35.0,4.4,13,149.0,1.818,0.6,us,14.75,1.969,0.22,8
36.2857,70.6103,104.431,4.1,35,96.0,2.139,1.08,us,7.33,9.951,0.114,21
-17.7163,-178.6567,580.268,4.3,51,118.0,2.253,0.72,us,12.71,7.798,0.068,60
39.7195,143.2649,36.166,4.7,79,130.0,1.994,0.66,us,7.29,7.009,0.062,80
-9.0215,117.0613,10.0,4.2,12,102.0,0.732,0.39,us,6.48,1.932,0.216,7
-5.6802,129.0318,10.0,4.4,23,68.0,4.22,1.0,us,8.96,1.909,0.13,17
52.4484,160.8817,10.0,4.4,21,207.0,1.474,0.51,us,7.91,2.002,0.139,15
14.8447,-94.114,10.0,4.7,91,124.0,1.837,0.75,us,6.01,1.888,0.042,177
-31.3288,-70.8823,96.919,4.3,26,114.0,0.161,0.65,us,3.95,5.496,0.307,3
7.088,126.5977,91.061,4.6,42,126.0,1.011,0.95,us,9.82,7.936,0.098,31
8.448,127.6638,10.0,4.6,47,127.0,2.478,0.73,us,8.31,1.893,0.093,34
51.3884,160.0065,10.0,4.2,17,134.0,1.838,0.73,us,12.76,1.958,0.152,13
51.8347,159.175,56.386,4.3,25,166.0,1.233,0.89,us,9.54,9.193,0.119,20
-5.5149,152.9973,10.0,4.3,21,133.0,1.555,0.69,us,12.85,1.909,0.125,18
41.219,142.4005,50.834,4.5,72,133.0,0.977,0.55,us,3.55,7.351,0.063,73
29.5796,51.3509,10.0,4.6,78,71.0,6.321,0.57,us,8.36,1.847,0.058,89
52.4346,161.8002,10.0,4.4,27,126.0,2.004,0.91,us,9.15,1.914,0.117,21
4.9874,124.3648,10.0,4.8,55,72.0,1.139,0.69,us,4.43,1.879,0.086,42
52.9584,161.0863,10.0,5.8,91,106.0,1.474,1.06,us,4.06,1.84,0.06,102
52.7983,160.5959,10.0,4.7,56,119.0,1.2,0.69,us,5.98,1.763,0.06,83
16.476,40.9347,10.0,4.5,49,127.0,3.834,1.31,us,13.05,1.946,0.08,46
-49.1395,124.9343,10.0,4.5,20,67.0,16.718,0.8,us,13.54,1.899,0.131,19
50.4763,159.1169,10.0,5.2,51,133.0,2.567,0.79,us,9.13,1.873,0.12,23
52.4202,159.9964,35.0,4.4,63,131.0,1.018,0.88,us,10.9,1.934,0.065,69
36.8449,70.7042,189.553,4.1,35,148.0,2.037,0.41,us,7.9,9.586,0.135,15
29.4797,51.3579,10.0,4.1,16,159.0,6.245,0.65,us,14.41,1.996,0.186,8
3.391,-31.5063,10.0,4.5,17,94.0,20.581,1.2,us,12.08,1.887,0.15,13
-58.3778,-23.6582,10.0,4.8,37,70.0,15.826,0.69,us,6.18,1.858,0.09,38
-5.9843,146.2924,112.408,4.8,77,79.0,3.505,0.82,us,7.36,3.64,0.047,144
12.9684,145.6685,10.0,4.9,49,55.0,0.994,0.8,us,6.89,1.843,0.052,117
-58.636,-24.6785,10.0,4.6,31,100.0,7.858,0.44,us,5.5,1.901,0.105,27
-32.6071,-177.5916,10.0,5.2,89,50.0,5.978,0.65,us,10.72,1.781,0.071,65
54.8127,-160.6053,43.058,4.2,39,158.0,0.588,0.53,us,4.26,9.283,0.216,6
16.6744,41.2269,10.0,4.2,23,137.0,3.699,0.24,us,7.85,1.933,0.132,16
50.766,159.0552,10.0,4.6,27,224.0,2.275,0.89,us,11.41,1.983,0.129,18
49.0866,157.9168,10.0,4.5,39,138.0,10.376,0.41,us,14.57,1.92,0.075,52
12.9247,40.2398,10.0,4.2,33,154.0,2.9,0.72,us,9.69,1.943,0.11,23
-0.0589,124.2246,99.049,4.3,20,65.0,1.615,1.01,us,4.91,12.576,0.161,11
51.6714,159.5939,10.0,4.3,29,120.0,1.473,0.79,us,7.25,1.696,0.109,24
29.343,129.308,10.0,4.8,47,69.0,2.375,1.15,us,6.56,1.781,0.065,73
52.8002,160.6336,31.954,4.5,42,119.0,1.222,1.05,us,10.21,5.964,0.1,29
-4.372,102.3469,56.753,4.8,56,95.0,0.607,0.91,us,5.97,6.594,0.083,45
53.5766,-163.4498,35.0,3.9,36,164.0,1.186,0.7,us,5.21,1.784,0.107,24
-18.6471,65.3925,10.0,4.7,55,73.0,2.206,0.69,us,11.95,1.874,0.082,45
52.1522,160.744,26.096,4.2,12,124.0,1.547,0.62,us,10.57,6.934,0.146,17
53.0652,159.4891,91.441,4.5,74,152.0,0.508,0.93,us,11.96,7.378,0.067,66
52.9516,160.6343,35.0,4.2,35,137.0,1.202,0.7,us,10.87,1.948,0.092,33
29.7497,141.2915,121.74,4.3,21,183.0,2.759,0.54,us,12.77,9.82,0.133,16
-12.5965,-14.8284,10.0,4.5,20,105.0,4.657,0.65,us,7.86,1.914,0.135,16
16.0294,-96.5603,37.287,4.1,45,163.0,0.506,0.78,us,3.71,12.45,0.097,29
44.5139,149.9309,10.0,4.4,26,191.0,5.28,0.81,us,13.11,1.962,0.127,18
52.2116,160.7926,10.0,4.3,26,178.0,1.539,0.77,us,6.19,1.942,0.122,19
29.6178,140.6583,127.992,4.6,73,99.0,2.85,0.94,us,9.7,7.785,0.068,64
-15.7357,167.1841,31.682,4.5,20,146.0,0.288,0.88,us,8.99,6.504,0.15,13
52.1369,-176.4124,126.265,4.0,136,55.0,0.151,0.65,us,8.45,4.118,0.044,136
5.1535,126.3407,87.097,4.1,20,141.0,0.955,1.04,us,10.54,8.711,0.145,13
12.4605,125.7302,10.0,4.6,59,88.0,10.001,0.64,us,10.96,1.878,0.084,48
50.6519,157.2101,35.0,4.2,10,130.0,2.479,1.06,us,8.5,1.924,0.176,9
52.9469,160.7987,32.356,5.4,190,119.0,1.301,0.61,us,9.09,5.165,0.03,388
-20.9605,169.0179,10.0,4.5,18,181.0,2.199,0.85,us,9.59,1.94,0.205,11
3.0952,-31.3618,10.0,4.5,20,112.0,20.069,0.43,us,8.15,1.913,0.135,16
-9.4878,110.4116,10.0,4.0,18,93.0,2.423,0.96,us,4.84,1.946,0.197,7
4.8731,124.1091,452.335,4.3,48,62.0,1.372,0.66,us,12.04,9.072,0.097,32
48.5069,157.2886,10.0,4.2,20,196.0,4.604,0.68,us,7.94,1.926,0.167,10
49.8206,157.1933,33.543,4.7,123,135.0,3.307,0.51,us,10.1,5.353,0.038,212
51.4261,159.6962,10.0,5.0,66,121.0,1.724,0.88,us,8.22,1.869,0.049,135
-0.5857,128.0874,10.0,4.7,35,74.0,1.529,0.92,us,6.81,1.899,0.126,19
-20.6824,-178.8023,613.108,4.2,33,168.0,4.167,0.67,us,14.61,8.149,0.105,25
-24.9262,-176.1399,35.0,4.6,16,216.0,8.962,0.67,us,13.97,1.98,0.151,13
10.8677,-62.8177,164.958,4.1,37,164.0,4.17,0.89,us,6.8,10.796,0.095,30
-59.0011,-25.6684,72.555,5.0,46,69.0,7.607,0.55,us,7.35,5.564,0.065,78
-7.3415,122.5971,554.54,4.5,33,57.0,1.334,0.8,us,14.04,4.214,0.15,13
54.5397,-159.8952,37.57,3.4,75,186.0,0.342,0.91,us,7.28,15.62,0.245,4
53.3085,159.6693,71.816,4.5,177,128.0,0.677,0.72,us,9.69,6.384,0.043,163
-36.681,177.6464,170.892,4.2,26,148.0,1.026,1.01,us,8.84,7.631,0.159,11
-52.9299,22.0895,10.0,4.6,25,89.0,20.559,0.61,us,10.71,1.839,0.114,23
16.5243,-59.6954,10.0,4.6,46,146.0,1.323,0.51,us,6.1,1.92,0.063,76
-47.873,116.225,10.0,4.1,14,145.0,14.948,0.68,us,17.37,1.961,0.145,13
51.9212,157.8016,85.262,4.4,37,123.0,1.191,0.5,us,10.16,7.47,0.098,30
50.7367,157.8674,35.0,4.5,27,138.0,2.341,0.63,us,10.62,1.723,0.113,23
10.5647,-42.6107,10.0,4.9,90,34.0,11.318,0.92,us,10.32,1.859,0.053,114
-3.0811,101.266,61.92,5.1,111,107.0,2.111,0.8,us,8.61,5.702,0.055,107
-19.2739,-177.5505,559.03,4.3,72,49.0,4.041,1.01,us,13.24,6.758,0.085,39
30.6526,141.6528,11.469,4.9,60,120.0,2.911,0.82,us,8.39,4.9,0.058,97
14.6384,145.9817,127.319,4.5,22,152.0,0.62,1.0,us,12.85,7.009,0.135,16
-17.8948,168.1647,7.066,4.3,18,172.0,2.602,0.93,us,10.16,4.332,0.168,12
52.7755,160.9359,10.0,4.4,32,156.0,1.407,0.63,us,8.06,1.77,0.105,26
-22.5416,-68.7556,111.176,4.3,18,68.0,0.671,0.78,us,4.86,6.456,0.238,5
52.8687,160.6724,37.555,4.1,38,119.0,1.234,0.54,us,10.32,7.544,0.091,33
6.1102,127.2399,35.0,5.0,55,51.0,1.905,1.43,us,6.49,1.876,0.06,89
51.2727,158.5086,35.0,4.3,27,171.0,1.756,0.74,us,10.75,1.987,0.122,19
50.1888,157.7444,35.0,4.7,72,132.0,2.894,0.82,us,10.44,1.914,0.035,243
-0.4941,67.5628,10.0,4.3,16,238.0,5.52,0.39,us,7.42,1.994,0.178,9
-27.6839,-179.7928,475.598,4.3,29,215.0,12.609,0.86,us,15.42,10.261,0.099,29
1.2912,126.412,41.015,4.4,82,68.0,1.085,0.54,us,5.04,6.961,0.067,72
50.2986,158.1252,17.472,4.6,67,132.0,2.748,1.37,us,9.52,4.746,0.044,154
51.1744,159.7163,20.71,4.3,17,125.0,1.965,0.93,us,9.73,5.765,0.201,7
14.9359,-94.1828,10.0,4.3,114,147.0,2.383,0.89,us,7.28,1.917,0.043,152
-20.1311,168.4342,10.0,4.8,40,124.0,2.635,0.97,us,9.4,1.885,0.101,31
-5.571,129.3156,287.436,4.1,20,100.0,1.195,0.35,us,13.08,8.952,0.13,16
52.182,160.3766,10.0,4.2,43,146.0,1.349,0.83,us,9.51,1.914,0.093,32
44.8318,150.3277,10.0,4.5,39,184.0,5.581,0.5,us,14.7,1.968,0.103,28
50.3541,157.2101,35.0,4.4,35,131.0,2.775,1.34,us,9.36,1.936,0.13,17
-23.3574,171.4649,10.0,4.5,16,201.0,3.776,0.9,us,8.69,1.929,0.171,10
51.7688,160.4012,10.0,4.6,53,122.0,1.652,0.64,us,7.31,1.57,0.084,42
-31.5296,-178.1655,35.0,4.3,12,174.0,2.27,1.12,us,11.94,1.982,0.177,9
38.3833,72.3576,10.0,4.4,19,151.0,0.122,0.88,us,6.8,1.988,0.22,6
14.1788,-91.6176,71.989,4.2,29,217.0,0.383,1.39,us,7.6,5.412,0.107,24
-60.0663,-62.3619,10.0,5.7,54,95.0,7.641,0.64,us,8.88,1.493,0.06,101
42.6048,141.9887,123.578,4.5,142,69.0,1.048,0.49,us,6.38,5.656,0.051,111
51.5784,178.4737,76.757,4.0,39,184.0,0.359,0.72,us,5.11,4.446,0.15,12
53.3544,160.9044,36.877,4.6,59,132.0,1.397,0.62,us,13.25,7.841,0.076,52
52.1463,160.24,31.385,4.1,22,204.0,1.309,0.86,us,13.31,9.987,0.124,18
-17.6156,-178.7872,548.042,4.9,54,78.0,2.095,0.62,us,13.62,9.926,0.076,54
42.756,145.8837,48.86,4.2,45,135.0,2.151,0.6,us,8.64,7.488,0.095,31
51.9143,158.3912,77.264,4.5,55,138.0,1.122,0.65,us,8.26,7.038,0.064,73
52.9122,161.0131,10.0,4.8,43,119.0,1.434,0.95,us,9.85,1.885,0.089,39
6.09,94.9211,10.0,4.5,40,107.0,2.19,0.72,us,8.14,1.851,0.106,27
-61.1907,-28.1435,10.0,4.6,11,109.0,16.897,0.99,us,15.98,1.936,0.117,22
-33.1049,-178.567,10.0,4.9,31,133.0,5.129,1.03,us,13.84,1.936,0.105,28
11.0639,93.0478,92.727,4.5,40,69.0,0.659,0.94,us,5.94,6.84,0.106,26
10.8263,124.139,10.0,4.4,20,132.0,3.994,1.19,us,13.74,1.908,0.155,12
-58.2784,148.7591,10.0,4.6,24,111.0,6.802,0.66,us,11.91,1.946,0.12,24
-17.5865,-174.5092,76.461,4.9,68,58.0,4.501,0.85,us,10.28,5.91,0.034,276
50.9466,158.3248,42.979,4.4,38,129.0,2.09,1.02,us,11.02,8.132,0.107,25
18.9279,145.5098,196.688,3.9,18,122.0,3.676,0.51,us,13.89,8.759,0.162,12
21.4488,96.0769,10.0,4.3,20,112.0,1.108,0.49,us,6.23,1.931,0.201,7
-19.9065,-177.9182,550.22,4.4,46,122.0,4.275,0.57,us,14.72,9.368,0.084,46
50.1062,159.6717,10.0,4.6,76,128.0,2.99,0.6,us,9.33,1.898,0.043,161
-24.1923,-66.9878,176.971,4.8,99,46.0,1.649,0.73,us,8.19,6.646,0.025,481
43.7031,147.7791,35.0,4.4,40,137.0,3.77,0.69,us,11.02,1.947,0.088,37
51.6484,159.695,35.0,4.3,25,142.0,1.519,1.14,us,11.85,1.963,0.116,21
52.2203,160.4333,31.78,4.7,102,149.0,1.352,0.77,us,9.67,5.969,0.046,144
-23.8486,179.9188,533.147,4.2,36,121.0,6.319,0.59,us,13.57,9.668,0.098,29
52.6046,161.1152,10.0,4.2,49,147.0,1.554,0.76,us,9.34,1.935,0.091,34
51.5401,161.1661,10.0,4.3,31,129.0,2.144,0.55,us,10.39,1.926,0.107,25
53.0676,160.2664,35.0,4.3,19,152.0,0.977,1.05,us,12.18,1.986,0.138,15
39.9357,113.5049,10.0,4.3,47,71.0,2.051,0.55,us,8.3,1.851,0.087,37
-1.4361,97.9096,10.0,4.3,20,91.0,2.742,0.73,us,10.16,1.904,0.168,10
52.5359,159.3513,41.561,4.3,18,175.0,0.648,1.05,us,7.76,8.605,0.154,12
-31.4822,-178.1921,35.0,4.5,13,166.0,2.241,0.32,us,14.46,1.934,0.181,10
23.5239,-45.1242,10.0,4.5,98,52.0,16.609,0.61,us,11.02,1.904,0.052,111
9.3119,93.8715,10.0,4.5,33,131.0,5.706,0.92,us,9.31,1.922,0.11,24
-22.1056,-68.9843,102.419,4.7,52,48.0,0.39,1.05,us,4.71,4.989,0.05,122
37.3898,141.8091,47.295,4.3,23,98.0,3.007,1.21,us,8.67,7.403,0.148,13
-38.9301,-75.175,10.0,4.5,13,154.0,1.654,0.42,us,6.19,1.918,0.27,4
51.2808,158.8548,35.0,4.6,57,132.0,1.75,0.76,us,10.48,1.931,0.042,166
-57.6969,157.4795,33.873,5.1,69,41.0,3.309,0.54,us,4.74,3.912,0.102,31
-4.0009,143.1389,10.0,4.5,30,109.0,2.845,0.87,us,8.01,1.853,0.11,24
52.3117,160.9074,10.0,4.5,66,130.0,1.548,0.68,us,10.82,1.905,0.074,54
52.578,160.2078,35.0,4.5,23,149.0,1.046,0.69,us,7.91,1.878,0.157,12
23.8578,121.8828,15.621,4.5,40,72.0,0.41,1.16,us,2.71,3.859,0.1,29
-57.5918,157.0671,10.0,4.6,21,154.0,3.274,0.45,us,14.04,1.959,0.122,22
39.7797,143.3081,37.034,4.2,26,155.0,1.991,0.73,us,7.5,8.767,0.175,11
-40.5083,175.7816,35.0,4.3,34,64.0,0.217,0.95,us,3.43,1.931,0.153,12
-23.2655,-179.9577,538.189,4.1,28,122.0,5.8,0.88,us,15.81,10.885,0.107,24
-9.2516,112.6426,66.245,4.0,17,155.0,1.682,0.97,us,9.91,10.427,0.164,11
-55.349,-27.98,10.0,4.6,35,67.0,5.035,0.46,us,5.84,1.904,0.095,33
50.6322,160.3551,10.0,4.1,23,134.0,2.618,0.92,us,11.15,1.927,0.158,11
-3.6257,151.5576,10.0,4.4,25,110.0,0.825,0.36,us,8.88,1.895,0.126,18
1.1328,123.344,10.0,4.5,57,83.0,4.163,0.72,us,6.16,1.885,0.082,44
52.4441,160.7128,10.0,4.0,21,150.0,1.382,0.98,us,11.31,1.982,0.195,10
51.2982,158.7853,40.804,4.3,28,118.0,1.73,1.0,us,9.86,7.749,0.119,20
-4.6972,145.0232,179.751,4.3,32,114.0,3.524,0.54,us,9.01,8.127,0.111,23
50.737,157.9449,48.699,4.0,54,135.0,2.331,0.38,us,12.12,7.753,0.083,39
-46.6351,102.4668,10.0,4.2,13,131.0,20.157,0.6,us,11.97,1.886,0.159,11
51.5145,160.0144,10.0,4.6,32,124.0,1.728,1.15,us,7.83,1.882,0.096,32
19.8745,121.273,25.101,4.6,40,105.0,2.934,0.99,us,9.19,6.324,0.111,24
39.3052,143.4619,10.0,5.2,68,98.0,2.363,1.08,us,7.36,1.835,0.049,139
-34.8108,-108.6124,10.0,4.9,82,155.0,7.685,0.43,us,13.8,1.908,0.055,105
-7.0179,129.8029,111.775,4.5,38,93.0,2.481,0.61,us,9.17,7.558,0.097,31
52.3174,160.1852,30.832,4.7,47,134.0,1.172,0.92,us,10.45,6.04,0.085,42
52.3536,159.8729,35.0,4.8,47,122.0,1.523,0.55,us,7.8,1.848,0.064,75
-8.9108,124.0705,106.559,4.4,19,134.0,0.861,0.71,us,7.32,7.173,0.134,16
-22.7312,-174.6101,10.0,4.8,53,121.0,5.691,0.78,us,10.61,1.87,0.083,45
-57.8131,157.7777,10.0,4.2,19,145.0,3.386,0.59,us,10.01,1.874,0.141,14
2.5521,67.763,10.0,4.3,14,235.0,5.615,1.23,us,10.5,2.008,0.154,14
-8.4001,112.9424,140.342,4.3,34,101.0,1.199,0.78,us,9.71,7.662,0.103,27
29.3294,129.3861,10.0,4.4,41,56.0,2.36,0.91,us,7.36,1.9,0.105,26
-31.7545,-178.5643,35.0,4.9,47,92.0,2.561,1.0,us,9.45,1.858,0.1,35
-4.6005,153.9176,120.306,4.3,17,199.0,1.908,0.69,us,6.65,10.204,0.142,14
5.3262,125.9846,100.462,4.3,15,151.0,0.775,0.7,us,9.15,6.49,0.177,9
-14.6503,167.3741,94.492,4.2,21,154.0,0.809,0.55,us,8.21,6.144,0.128,19
-22.8674,171.6726,10.0,4.4,13,129.0,3.909,0.93,us,6.98,1.919,0.239,5
-43.0243,-76.2962,10.0,4.4,16,240.0,2.923,0.95,us,9.31,2.004,0.179,9
14.0118,39.7718,10.0,4.5,64,62.0,3.883,0.72,us,9.65,1.906,0.078,48
22.8936,143.7755,40.888,4.6,33,99.0,4.426,0.6,us,11.55,7.39,0.111,24
-22.2962,171.4179,76.922,4.2,19,190.0,3.687,0.68,us,13.96,9.807,0.137,15
11.9988,-89.3955,10.0,4.2,20,209.0,1.761,0.88,us,6.94,1.991,0.146,13
-2.1059,139.3601,22.544,4.3,39,82.0,1.337,0.65,us,5.79,5.858,0.111,26
-18.5747,-177.7867,607.527,4.3,28,120.0,3.422,0.74,us,14.65,9.821,0.116,21
52.6854,160.265,39.38,4.2,18,156.0,1.036,0.98,us,12.7,12.386,0.136,15
-58.8007,-25.4875,29.994,5.5,63,33.0,7.576,0.86,us,9.88,5.042,0.052,126
48.3308,155.1186,35.0,4.1,15,170.0,5.056,0.86,us,12.66,1.975,0.197,7
-0.2467,99.7911,100.254,4.3,26,188.0,3.047,1.15,us,13.77,9.898,0.125,19
-7.3062,-13.2136,10.0,4.4,25,71.0,1.296,0.73,us,5.76,1.863,0.118,21
34.705,70.7777,10.0,4.7,124,79.0,1.368,0.58,us,7.84,1.845,0.053,108
-3.7733,127.8626,10.0,4.9,40,46.0,4.458,0.87,us,7.36,1.891,0.11,26
53.4979,160.0252,70.25,4.3,27,137.0,0.953,0.64,us,11.53,5.433,0.125,18
-3.3452,130.2644,10.0,4.9,65,23.0,2.026,0.88,us,6.34,1.824,0.056,100
40.8435,142.9824,35.0,4.6,43,134.0,1.178,1.15,us,7.49,1.932,0.091,36
53.2436,159.9863,57.704,4.7,102,116.0,0.835,0.8,us,9.54,7.032,0.032,301
53.2783,160.9008,35.0,4.3,33,134.0,1.379,0.96,us,10.92,1.919,0.126,19
51.3869,-177.3979,40.118,3.7,78,150.0,0.389,0.67,us,4.21,3.417,0.073,47
51.7131,160.0574,40.182,4.2,26,137.0,1.571,0.68,us,10.04,7.671,0.132,16
52.1303,160.2121,35.0,5.7,38,118.0,1.818,0.81,us,6.78,1.927,0.105,32
20.0407,121.4317,35.0,4.4,24,155.0,2.782,1.02,us,10.68,1.945,0.155,12
-18.6178,-177.9971,530.181,4.9,158,30.0,3.292,0.69,us,9.13,4.181,0.027,427
51.3042,157.9211,68.817,4.8,70,114.0,1.779,0.81,us,8.65,6.967,0.037,229
-6.2751,129.0844,234.262,4.5,67,53.0,4.589,0.55,us,8.57,7.539,0.084,41
-3.952,153.1118,29.558,4.4,26,136.0,0.975,0.76,us,7.88,6.646,0.13,17
39.1454,28.1083,17.179,4.0,28,57.0,0.939,0.99,us,4.23,2.814,0.26,4
52.9016,160.8517,10.0,5.0,109,101.0,1.337,0.9,us,8.09,1.827,0.023,605
50.0408,159.4326,10.0,4.2,34,229.0,3.027,0.81,us,11.78,1.98,0.108,24
12.8318,143.1697,153.802,4.8,107,79.0,3.489,0.53,us,10.01,7.233,0.049,127
-29.6146,-176.6915,10.0,4.6,12,133.0,8.955,0.85,us,13.4,1.902,0.193,8
-17.7013,-178.4067,544.845,4.4,36,124.0,2.45,0.82,us,15.23,9.27,0.1,29
21.0542,121.9886,10.0,4.9,113,78.0,1.947,0.75,us,7.74,1.856,0.043,169
0.6359,120.6222,20.408,4.4,24,97.0,2.962,1.25,us,7.4,6.232,0.149,13
48.6572,155.7912,10.0,4.0,29,232.0,4.617,0.56,us,14.44,1.979,0.122,18
52.7692,160.8821,10.0,4.9,120,119.0,1.376,1.01,us,8.72,1.879,0.035,252
48.2809,154.4416,81.201,4.1,16,135.0,5.257,0.36,us,11.78,8.017,0.233,5
52.1855,160.4443,23.316,4.4,32,123.0,1.911,1.13,us,11.08,6.16,0.112,27
51.312,159.5531,10.0,4.3,27,168.0,1.802,1.16,us,5.3,1.957,0.114,22
-21.2202,168.6323,10.0,4.6,21,181.0,1.77,0.71,us,7.33,1.858,0.207,10
-24.2712,179.736,574.872,4.1,19,99.0,5.375,0.54,us,15.13,11.072,0.145,13
7.1993,127.1256,17.436,4.4,30,131.0,1.54,0.72,us,10.54,4.894,0.112,23
27.4102,129.0743,38.417,4.2,25,95.0,0.915,1.19,us,6.83,6.757,0.132,16
-60.3182,-61.6911,10.0,4.6,20,127.0,4.604,0.74,us,11.43,1.926,0.141,15
36.8094,70.3992,204.867,4.4,32,177.0,2.09,0.59,us,10.08,8.309,0.155,12
44.2437,148.7377,10.0,4.2,34,140.0,4.422,0.81,us,11.11,1.929,0.116,21
-11.6482,-75.8815,109.205,4.5,25,107.0,0.999,0.58,us,13.19,11.882,0.078,48
-2.5089,139.8282,35.0,4.6,33,62.0,0.874,1.0,us,7.63,1.886,0.088,38
30.5618,130.9918,45.075,4.7,71,138.0,1.052,0.69,us,10.93,5.62,0.057,95
35.5524,140.0125,97.369,4.3,32,106.0,1.764,0.69,us,5.73,8.516,0.125,18
50.5943,157.6929,35.122,4.3,35,126.0,2.504,1.07,us,10.14,7.962,0.099,29
52.8692,160.7137,10.0,4.7,30,155.0,1.258,1.09,us,11.39,1.972,0.108,26
51.6356,160.2222,10.0,4.5,16,137.0,1.692,0.41,us,13.84,1.944,0.15,13
-56.2953,-26.8369,76.161,5.2,32,68.0,5.871,0.65,us,11.57,6.885,0.086,44
-26.1076,-177.7458,207.762,4.3,36,135.0,9.189,0.94,us,16.19,8.298,0.094,32
51.3186,157.5609,75.027,4.1,34,127.0,1.794,0.93,us,9.18,7.743,0.097,29
52.2394,160.4024,10.0,5.1,67,122.0,1.326,0.83,us,8.09,1.795,0.044,170
-4.3346,-12.1798,10.0,4.9,42,97.0,19.181,0.88,us,13.06,1.893,0.07,64
50.2492,159.4324,10.0,4.5,61,121.0,2.821,0.58,us,9.44,1.858,0.052,108
34.4938,139.4817,10.0,4.4,51,108.0,1.402,0.36,us,5.16,1.531,0.091,35
45.8853,148.546,183.077,4.1,116,93.0,4.143,0.56,us,6.72,6.686,0.055,100
14.497,146.9481,10.0,4.4,18,101.0,1.337,1.01,us,7.13,1.909,0.179,11
51.4405,159.828,10.0,4.8,76,121.0,1.743,0.68,us,8.98,1.871,0.056,99
9.4541,93.9272,10.0,4.6,47,110.0,5.67,0.69,us,10.86,1.9,0.081,45
-8.0884,148.55,44.315,4.9,69,123.0,1.897,0.87,us,7.89,5.964,0.06,88
50.9219,157.9667,40.798,4.3,91,98.0,2.147,0.61,us,8.41,4.416,0.061,76
39.4265,21.7743,10.0,4.5,85,46.0,0.595,0.69,us,3.87,1.881,0.068,64
38.45,73.6981,129.332,4.1,29,137.0,0.344,0.59,us,5.21,8.014,0.175,9
-25.2243,179.8714,514.112,4.4,40,90.0,7.632,0.91,us,9.79,8.838,0.105,27
-5.8576,128.3634,355.026,4.3,22,57.0,2.028,0.53,us,10.24,8.929,0.125,18
54.3763,-161.5472,35.359,3.5,39,194.0,0.748,0.96,us,3.7,11.503,0.157,10
51.8676,160.1839,30.71,4.3,19,125.0,1.49,0.42,us,10.86,6.286,0.119,20
7.9787,126.6291,65.066,5.0,77,81.0,1.378,0.8,us,9.79,7.117,0.047,143
39.4542,20.6484,22.053,4.1,80,66.0,1.38,1.08,us,5.96,5.361,0.088,35
27.1384,-44.6813,10.0,4.4,18,153.0,18.136,0.94,us,12.35,1.916,0.179,11
-47.8636,116.0066,10.0,4.5,23,93.0,14.948,0.67,us,14.62,1.904,0.135,16
-56.3242,-25.8462,10.0,4.4,23,180.0,6.412,0.87,us,14.86,1.972,0.131,23
-12.9889,166.9255,10.0,4.6,29,118.0,2.458,0.63,us,8.92,1.868,0.114,24
-20.5551,-178.0853,516.789,4.0,25,99.0,4.598,0.55,us,9.13,9.974,0.125,18
42.5029,-126.4682,10.0,4.4,49,197.0,1.581,0.59,us,7.53,1.432,0.063,74
52.2794,160.2634,35.0,4.3,27,214.0,1.233,1.14,us,9.72,1.978,0.129,17
-26.7347,-176.0959,10.0,5.0,53,86.0,9.507,0.84,us,11.38,1.815,0.079,51
-58.9567,-26.0934,102.946,4.5,14,96.0,15.856,0.25,us,14.74,6.209,0.156,12
9.6582,126.1559,17.182,4.5,18,111.0,2.634,0.62,us,12.76,4.874,0.163,11
52.9126,160.6553,35.0,4.1,25,146.0,1.218,0.65,us,9.96,1.983,0.124,18
9.2684,93.9307,10.0,4.5,45,72.0,5.006,0.4,us,10.61,1.866,0.09,36
-20.4833,-178.0259,529.987,4.7,59,99.0,4.6,0.7,us,11.02,8.529,0.078,50
-18.0225,-178.2053,557.71,5.0,175,114.0,2.78,0.7,us,11.84,6.347,0.042,178
52.0922,161.4827,10.0,4.4,59,125.0,2.522,0.55,us,10.29,1.911,0.078,48
52.2013,160.9796,10.0,4.4,11,192.0,1.642,0.46,us,9.58,1.995,0.219,6
-63.6835,172.6283,10.0,4.5,22,86.0,14.307,0.55,us,10.72,1.899,0.124,19
-30.0468,-71.6739,33.23,4.2,31,192.0,0.399,1.3,us,6.65,6.465,0.263,4
52.7541,160.9642,10.0,4.1,22,117.0,1.428,0.44,us,10.73,1.928,0.114,21
51.332,159.7044,24.879,4.2,26,128.0,1.814,1.23,us,9.95,6.105,0.124,18
51.7178,158.1362,75.248,4.2,24,124.0,1.345,0.87,us,10.77,7.862,0.117,20
11.4114,124.4013,10.005,4.4,29,83.0,4.468,0.64,us,10.82,4.911,0.123,19
53.1649,160.8182,35.0,4.2,18,194.0,1.315,0.82,us,12.17,1.99,0.175,9
51.564,159.3669,10.0,4.6,66,132.0,1.527,0.74,us,10.36,1.898,0.066,69
-32.3033,-71.1697,81.874,4.1,31,149.0,0.307,0.53,us,3.5,5.939,0.302,3
11.2328,-61.3736,76.93,4.4,49,131.0,0.935,0.93,us,7.09,8.105,0.117,21
38.1018,72.9591,10.0,4.6,22,162.0,0.429,0.72,us,7.59,1.968,0.122,20
0.652,121.5651,80.966,4.5,54,113.0,0.906,0.77,us,8.79,7.143,0.079,47
49.0858,156.0926,30.416,4.6,56,167.0,4.153,0.61,us,11.93,7.022,0.07,63
49.7494,157.5526,10.0,4.9,184,127.0,3.35,1.12,us,8.83,1.864,0.043,174
6.8181,-73.0894,160.462,4.1,14,162.0,2.312,0.37,us,13.39,18.3,0.262,4
3.304,-83.0598,10.0,4.6,33,175.0,4.659,0.33,us,10.47,1.954,0.122,20
-10.9536,165.5544,10.0,4.1,17,142.0,4.746,1.07,us,8.91,1.681,0.166,11
52.2573,160.3981,10.0,4.4,44,152.0,1.313,0.78,us,9.33,1.897,0.095,32
-32.8357,-178.1414,10.0,4.4,13,176.0,3.567,1.11,us,14.67,1.951,0.161,11
-7.1031,101.9285,10.0,4.4,18,163.0,2.91,0.6,us,12.08,1.936,0.161,11
51.5596,159.7074,29.499,4.6,68,165.0,1.604,0.86,us,10.5,6.616,0.078,49
12.214,125.5886,10.0,4.7,28,106.0,5.112,0.58,us,13.73,1.897,0.12,21
-2.2171,100.373,60.533,4.5,35,176.0,3.344,0.67,us,15.13,9.651,0.096,32
13.5341,-91.6326,32.216,4.1,30,240.0,1.022,0.78,us,9.5,9.299,0.107,24
50.167,156.291,74.396,4.0,39,130.0,3.073,0.91,us,10.6,8.175,0.104,25
35.0562,27.4227,36.739,4.2,30,143.0,0.534,0.67,us,6.26,10.822,0.186,8
12.9437,145.7441,10.0,4.5,28,63.0,1.067,0.97,us,7.52,1.905,0.132,17
44.9615,149.5849,35.0,4.2,12,195.0,5.069,1.21,us,14.04,2.007,0.186,8
51.6042,159.9212,10.0,4.0,15,127.0,1.622,0.72,us,8.57,1.89,0.164,10
4.5116,-73.0916,10.0,4.8,53,106.0,1.269,0.86,us,4.54,1.846,0.044,158
-22.4878,-67.7596,160.357,4.3,48,49.0,0.603,0.75,us,7.35,6.112,0.094,32
-23.9387,179.9727,510.307,4.3,35,100.0,10.571,0.93,us,13.7,10.047,0.097,30
50.1569,157.6475,34.849,4.3,23,138.0,2.938,0.68,us,7.56,6.319,0.137,16
42.9684,18.6709,10.0,4.4,47,37.0,0.692,0.79,us,4.11,1.932,0.13,17
42.9837,146.2363,35.0,4.0,18,156.0,2.474,0.73,us,14.32,1.966,0.157,13
-3.6014,151.3586,461.007,4.5,144,57.0,0.966,0.74,us,9.84,6.017,0.038,202
37.5517,-24.7495,10.0,4.4,32,163.0,0.65,0.8,us,8.37,1.938,0.102,28
-18.1429,168.3484,56.676,4.4,18,150.0,2.896,1.08,us,8.34,9.098,0.169,13
53.3261,160.5689,54.316,4.3,38,164.0,1.194,1.06,us,12.76,8.36,0.108,24
4.2421,126.6452,46.838,4.2,22,76.0,1.261,0.72,us,6.63,9.993,0.132,17
42.7785,146.4886,23.236,4.4,43,136.0,3.137,0.56,us,5.49,5.715,0.101,28
13.372,-90.3699,31.573,4.2,26,196.0,0.779,0.76,us,3.8,9.178,0.141,14
54.5675,160.2387,10.0,4.3,31,133.0,2.098,0.86,us,14.35,1.903,0.066,65
34.7095,32.5226,10.0,4.6,75,122.0,0.711,1.08,us,5.42,1.889,0.069,63
51.1038,159.5442,10.0,4.2,19,175.0,2.0,0.58,us,8.18,1.969,0.159,11
53.0811,159.5427,35.0,4.9,97,115.0,0.542,0.76,us,8.37,1.914,0.042,181
51.2149,157.4583,18.481,4.5,23,121.0,1.902,0.84,us,8.17,6.283,0.125,26
52.3165,161.5162,10.0,4.2,43,164.0,1.883,0.55,us,12.88,1.955,0.092,33
10.8074,-62.9704,122.966,4.0,23,193.0,1.716,0.62,us,11.52,11.617,0.182,8
51.5628,158.7086,35.0,4.8,40,123.0,1.463,1.27,us,9.46,1.932,0.114,38
-49.4051,123.6767,10.0,4.5,20,117.0,17.148,1.17,us,14.79,1.918,0.127,18
-35.4508,53.763,10.0,4.5,12,127.0,11.97,0.68,us,16.14,1.74,0.242,7
50.6173,158.4041,32.753,4.2,31,137.0,2.414,0.67,us,12.27,6.394,0.096,30
56.5393,-4.3366,10.0,3.9,13,203.0,1.381,0.74,us,6.34,1.993,0.513,1
51.7672,159.3162,69.789,4.3,26,138.0,1.669,0.96,us,12.4,7.842,0.129,17
2.1264,96.5556,23.377,4.3,26,151.0,2.432,0.88,us,9.47,4.783,0.117,21
-7.4074,129.21,104.245,4.2,14,94.0,5.388,0.82,us,8.66,10.438,0.159,11
2.952,-31.2752,10.0,4.5,46,64.0,9.869,0.64,us,10.62,1.872,0.088,38
-21.7192,170.8455,184.629,4.6,37,78.0,3.274,0.83,us,8.72,8.537,0.098,31
-6.2884,130.3473,113.112,4.6,25,82.0,1.809,0.64,us,9.53,8.03,0.122,20
51.5504,159.5788,27.718,5.3,109,113.0,1.94,0.83,us,7.87,3.528,0.031,348
-19.2736,-69.0855,2.139,4.3,17,173.0,0.406,0.86,us,2.74,5.255,0.189,8
4.1814,62.7163,10.0,4.9,82,45.0,10.731,0.89,us,6.9,1.875,0.068,68
51.7035,160.3373,10.0,4.9,42,126.0,1.679,0.61,us,9.87,1.909,0.086,42
-52.8739,21.8555,10.0,4.4,16,96.0,20.367,0.28,us,14.44,1.911,0.143,14
-9.7669,160.6953,116.724,4.5,35,178.0,0.806,1.04,us,11.75,5.685,0.085,41
-3.0042,129.5823,10.0,4.0,25,71.0,2.664,0.88,us,7.81,1.899,0.144,14
3.9122,125.921,143.154,4.4,36,103.0,0.927,0.79,us,10.98,7.07,0.101,28
53.665,160.4312,42.734,5.9,61,86.0,1.247,0.96,us,8.1,7.084,0.083,54
-6.3677,147.846,64.856,4.7,57,47.0,3.093,0.82,us,7.76,6.126,0.077,51
50.8443,157.1652,72.792,4.4,39,136.0,2.291,0.47,us,12.13,7.924,0.098,30
50.1857,156.7908,53.295,4.3,39,135.0,2.981,0.51,us,13.46,8.463,0.104,26
-6.2494,151.3713,10.0,4.5,19,196.0,2.192,1.1,us,12.86,1.972,0.163,11
36.1631,139.9632,77.977,4.1,27,142.0,1.466,0.79,us,9.06,8.1,0.123,18
-2.8637,147.6772,10.0,4.3,17,77.0,0.872,0.42,us,8.44,1.922,0.177,9
54.1281,-159.7374,10.0,3.6,108,166.0,0.71,0.82,us,4.94,1.943,0.151,11
49.8141,155.6833,88.394,4.2,45,116.0,3.531,0.71,us,8.9,8.222,0.094,31
51.2698,159.6813,10.0,4.5,54,137.0,1.868,0.98,us,10.75,1.909,0.083,43
50.6942,157.0754,81.328,4.2,22,161.0,2.448,0.59,us,13.64,9.49,0.132,16
-3.4937,140.5688,35.0,4.4,23,145.0,0.982,0.96,us,6.46,1.842,0.138,15
51.0719,158.3841,35.0,5.1,89,89.0,1.961,0.89,us,9.02,1.85,0.025,534
36.103,77.9344,102.619,4.2,42,131.0,3.767,0.69,us,6.29,9.105,0.118,20
52.3973,160.7279,10.0,4.2,28,122.0,1.411,0.87,us,6.86,1.909,0.115,21
15.5984,145.8343,216.491,4.3,14,160.0,0.358,0.77,us,14.32,6.186,0.238,5
-24.0127,-66.9395,180.802,4.4,36,69.0,1.552,0.69,us,10.03,8.637,0.107,25
52.0109,-171.3717,35.0,3.8,27,175.0,1.182,0.74,us,6.75,1.987,0.169,10
-33.7911,-178.5098,10.0,4.6,21,241.0,4.568,1.03,us,12.86,1.997,0.146,14
14.8497,145.62,137.181,4.4,33,88.0,0.416,0.63,us,13.11,6.131,0.114,22
53.3119,160.7704,35.0,5.1,72,95.0,1.309,0.79,us,8.56,1.87,0.039,214
12.668,143.3583,8.717,4.2,15,124.0,1.733,0.56,us,11.4,1.024,0.216,8
49.986,156.6867,37.494,5.3,209,68.0,3.19,0.58,us,8.43,5.032,0.021,782
-6.4242,128.1732,381.771,4.0,24,68.0,5.09,0.47,us,6.23,10.62,0.173,9
51.7541,159.2102,35.0,4.2,25,120.0,1.317,0.49,us,10.18,1.915,0.124,18
-21.2138,-178.8106,583.314,4.4,86,58.0,4.545,0.85,us,12.81,6.656,0.055,96
-17.6827,168.3311,57.969,4.7,47,136.0,2.472,0.56,us,4.98,7.315,0.07,61
-5.5489,102.247,10.0,4.9,40,93.0,1.376,0.64,us,7.04,1.909,0.096,35
41.2125,142.9725,45.06,4.8,70,134.0,0.814,0.79,us,6.58,3.629,0.05,125
53.4274,160.8714,31.291,4.6,54,84.0,1.396,0.84,us,8.4,3.003,0.084,42
-8.1755,108.5767,104.695,4.1,21,106.0,1.16,0.78,us,7.75,7.368,0.151,13
7.4127,127.0704,35.0,4.6,74,96.0,1.518,1.19,us,7.63,1.922,0.068,65
44.0361,-128.4571,10.0,3.9,41,219.0,2.187,0.75,us,9.66,1.99,0.229,5
36.1168,139.8707,66.087,4.0,23,155.0,1.407,0.74,us,5.75,9.141,0.144,13
53.0173,159.5249,73.11,4.3,24,173.0,0.529,0.63,us,10.78,8.829,0.129,17
2.0474,125.3293,135.403,4.0,27,97.0,0.774,0.89,us,6.52,7.035,0.144,14
-17.3385,-178.7291,560.43,4.2,33,75.0,2.011,0.88,us,15.81,11.855,0.104,26
-21.7111,170.7311,113.377,4.1,15,120.0,3.174,0.86,us,11.36,9.817,0.185,8
-45.1712,167.0898,40.454,4.3,34,101.0,0.297,0.94,us,3.65,8.661,0.201,7
36.1931,140.8548,51.079,4.1,20,135.0,2.164,0.63,us,6.76,12.067,0.214,6
51.9095,161.5172,10.0,4.3,22,227.0,2.079,0.87,us,10.05,1.936,0.161,11
-21.2803,-68.7253,118.559,4.0,13,92.0,0.704,0.63,us,6.27,8.393,0.258,4
41.8075,82.0929,10.0,4.7,61,98.0,2.453,0.66,us,8.18,1.891,0.086,41
2.1086,128.5542,41.783,4.7,62,74.0,1.781,0.66,us,6.52,6.48,0.064,74
15.6978,-96.7119,10.0,4.3,35,168.0,0.514,0.99,us,6.91,1.92,0.073,53
-5.4,152.2663,35.0,4.3,36,177.0,1.112,0.6,us,9.16,1.976,0.094,32
39.1259,142.1222,69.898,4.5,59,125.0,1.85,0.79,us,8.61,7.896,0.073,55
16.5686,-94.3073,110.545,4.3,28,118.0,0.761,0.93,us,4.83,9.871,0.119,20
37.2817,-24.4706,10.0,4.6,71,56.0,0.966,0.83,us,7.78,1.857,0.051,117
40.3439,24.0525,10.0,4.4,22,67.0,1.221,1.24,us,5.26,1.934,0.239,5
-3.1423,127.5118,35.484,4.7,36,54.0,2.753,1.08,us,8.22,8.615,0.108,26
29.2666,129.3392,10.0,4.9,65,85.0,2.433,0.56,us,7.03,1.756,0.048,138
-3.9323,-80.808,35.0,4.7,64,108.0,2.126,1.03,us,6.85,1.902,0.04,184
32.2389,142.5224,10.0,4.5,24,149.0,2.446,0.55,us,8.87,1.922,0.131,17
-8.0859,119.191,9.922,4.1,17,59.0,1.582,1.05,us,4.44,5.196,0.184,8
50.1627,158.7531,10.0,4.4,40,134.0,2.865,1.03,us,6.82,1.898,0.103,27
-3.3861,143.6125,10.0,4.4,28,142.0,3.032,1.39,us,7.19,1.808,0.12,20
5.7142,125.8067,95.208,4.4,33,113.0,1.028,0.87,us,10.07,6.304,0.098,30
36.3665,71.0806,115.516,4.1,38,166.0,2.242,1.1,us,8.39,11.704,0.145,13
17.4847,-61.2607,22.975,4.3,39,178.0,0.533,0.82,us,5.65,7.212,0.201,8
53.4016,160.4736,55.504,4.4,53,112.0,1.16,0.5,us,11.92,6.95,0.083,42
52.0713,-170.7175,41.31,3.8,33,181.0,0.87,0.89,us,6.51,9.54,0.17,9
51.9986,160.378,10.0,4.5,65,124.0,1.473,1.37,us,9.5,1.888,0.069,62
51.707,160.2022,10.0,4.3,23,137.0,1.626,1.03,us,9.21,1.881,0.129,17
21.2512,94.8814,126.343,4.0,20,79.0,4.526,0.44,us,12.71,8.427,0.144,13
-26.4374,-175.6566,10.0,4.5,23,115.0,3.445,0.56,us,11.1,1.553,0.127,20
13.7451,-90.3911,94.68,4.3,55,160.0,3.034,0.65,us,9.24,4.667,0.08,44
53.4033,160.4318,55.148,4.1,21,137.0,1.137,1.22,us,9.23,5.072,0.135,15
41.0209,138.6895,242.609,4.0,37,88.0,1.815,0.65,us,9.17,10.309,0.125,17
-24.8259,179.6191,511.254,4.5,39,125.0,7.195,0.75,us,14.83,9.573,0.097,31
-15.0451,167.7254,121.813,4.1,18,219.0,0.643,0.81,us,12.94,6.988,0.158,11
-60.9682,-38.5297,10.0,5.1,57,56.0,6.792,0.6,us,7.13,1.831,0.082,48
-56.1601,-25.0535,10.0,4.9,46,69.0,6.807,0.9,us,11.1,1.901,0.083,45
50.1684,158.5559,10.0,4.4,20,128.0,2.86,0.92,us,8.4,1.87,0.121,22
39.1821,28.2514,10.0,4.2,34,41.0,1.053,0.72,us,3.9,1.916,0.125,18
51.5494,159.4998,35.0,5.0,15,192.0,1.566,0.53,us,13.03,1.997,0.179,10
49.7666,157.604,10.0,4.5,41,134.0,3.326,0.42,us,11.75,1.895,0.093,34
1.0503,97.1318,10.0,4.8,68,176.0,2.423,0.48,us,6.66,1.877,0.073,58
41.2718,142.6321,43.073,4.8,66,134.0,0.84,0.55,us,6.23,6.431,0.055,102
-8.5607,-79.5675,41.559,4.8,64,139.0,4.334,1.0,us,11.12,8.117,0.043,166
52.7679,160.2913,29.93,4.3,30,143.0,1.027,0.83,us,10.78,5.345,0.125,19
-11.7572,116.8905,10.0,4.5,31,72.0,3.039,0.79,us,6.25,1.762,0.116,22
-24.1838,179.8728,512.792,4.2,21,121.0,6.628,0.87,us,14.61,6.49,0.141,14
-39.0771,78.1647,10.0,4.7,17,97.0,29.818,0.51,us,13.32,1.924,0.143,15
51.1177,159.7668,10.0,4.4,19,167.0,2.029,0.49,us,13.11,1.962,0.155,12
52.3971,160.5343,35.0,4.2,26,121.0,1.307,0.62,us,9.9,1.946,0.095,31
14.8139,54.8332,10.0,4.9,72,97.0,10.111,0.63,us,10.55,1.896,0.072,60
52.4946,160.8156,10.0,4.2,28,206.0,1.419,0.63,us,10.8,1.992,0.115,21
52.1871,160.6277,10.0,4.5,42,123.0,1.468,1.12,us,9.22,1.898,0.096,32
-51.5777,138.9079,10.0,4.4,12,97.0,19.785,0.67,us,18.51,1.955,0.161,11
4.573,-73.3233,10.0,4.2,8,114.0,1.03,1.16,us,8.52,1.983,0.215,6
-20.9434,-178.7453,594.66,4.2,36,122.0,4.389,0.41,us,16.33,8.047,0.136,15
-19.75,169.6761,241.798,5.0,69,38.0,3.527,0.73,us,7.4,4.409,0.038,224
28.0705,57.4736,10.0,4.4,30,147.0,3.314,0.83,us,10.76,1.909,0.103,27
52.8133,160.6528,35.0,4.2,44,81.0,1.231,0.63,us,10.64,1.866,0.078,46
3.0847,-31.4127,10.0,4.6,22,86.0,20.227,0.74,us,13.45,1.898,0.128,21
51.9929,161.3522,10.0,4.6,121,119.0,1.947,0.54,us,9.63,1.886,0.052,113
-16.4962,-177.4278,10.0,4.8,23,124.0,3.072,0.63,us,12.34,1.917,0.131,18
32.25,142.1296,10.0,4.6,53,138.0,2.135,0.82,us,6.83,1.842,0.093,34
50.8267,160.273,10.0,4.5,141,133.0,2.418,0.68,us,8.29,1.894,0.035,235
51.0432,159.6352,10.0,4.2,20,123.0,2.075,1.15,us,10.27,1.931,0.198,10
4.6571,95.3103,63.633,4.5,56,162.0,1.727,0.72,us,8.35,8.127,0.083,42
46.219,136.3127,420.592,4.6,149,34.0,3.662,0.85,us,9.07,6.585,0.024,499
-34.2051,179.3238,220.519,4.5,30,93.0,3.45,1.01,us,11.33,8.571,0.102,28
53.4664,-166.8016,74.179,4.3,125,149.0,0.331,0.92,us,4.32,5.426,0.047,126
79.2928,2.743,10.0,4.4,43,61.0,3.958,0.55,us,9.3,1.821,0.095,32
50.3763,157.2986,35.0,4.7,56,121.0,2.747,0.74,us,8.64,1.901,0.061,83
50.3077,159.6189,10.0,4.3,36,126.0,2.786,0.82,us,9.66,1.912,0.116,21
51.1084,174.7868,10.0,3.7,69,222.0,1.678,0.6,us,8.54,1.982,0.072,49
34.2042,26.18,49.351,4.0,38,162.0,1.564,1.35,us,9.05,9.978,0.138,15
50.2445,155.5733,128.202,4.2,31,161.0,3.158,0.45,us,13.32,10.038,0.118,23
-8.0721,-74.4637,165.292,4.4,66,109.0,1.775,0.62,us,9.89,7.892,0.063,73
-6.5306,130.0234,165.128,4.5,31,75.0,1.999,0.46,us,9.16,4.297,0.118,21
43.5793,147.9402,35.0,4.3,22,137.0,3.851,0.53,us,12.26,1.945,0.129,17
50.3595,159.4427,10.0,4.6,54,126.0,2.713,0.6,us,9.09,1.884,0.038,207
50.9596,-179.1076,12.722,4.2,105,212.0,0.623,1.01,us,5.97,8.279,0.064,67
-37.7097,176.1683,286.641,4.4,73,48.0,0.529,1.03,us,7.0,5.576,0.079,57
51.4327,158.2852,35.0,5.4,28,122.0,1.609,0.93,us,8.46,1.93,0.162,13
-25.2274,-175.3988,10.0,4.7,21,76.0,9.62,0.57,us,12.44,1.913,0.134,23
-21.7269,-68.4249,131.822,4.3,18,87.0,0.763,0.74,us,5.88,7.398,0.267,4
51.3574,160.716,10.0,4.2,14,167.0,2.098,0.85,us,8.03,1.816,0.175,9
3.292,64.986,10.0,4.2,15,146.0,8.473,0.77,us,15.75,1.958,0.167,10
3.2525,126.2225,50.714,4.5,30,58.0,1.647,0.57,us,7.18,8.49,0.125,19
51.3192,159.3399,29.101,4.7,108,121.0,1.759,0.68,us,8.63,5.311,0.056,97
30.7267,70.2794,10.0,4.1,20,244.0,3.899,0.7,us,9.43,1.965,0.144,13
51.5937,159.4887,37.66,4.3,64,137.0,1.522,0.88,us,10.07,7.5,0.072,60
49.7593,157.2811,10.0,4.4,40,138.0,3.364,0.44,us,10.55,1.901,0.1,29
-31.6489,-71.5992,38.569,4.1,22,176.0,0.661,0.56,us,3.56,10.251,0.214,6
54.6496,160.6447,89.559,4.7,117,79.0,2.013,0.77,us,6.72,5.256,0.034,260
51.7645,160.1686,10.0,4.1,11,230.0,1.567,0.79,us,12.69,1.977,0.234,5
-19.3638,-69.1928,10.0,4.5,43,113.0,0.774,0.69,us,4.85,1.894,0.093,34
52.7451,160.8097,10.0,4.4,23,189.0,1.338,0.54,us,7.29,1.979,0.155,12
51.956,178.3034,112.747,3.7,62,155.0,0.166,0.86,us,11.47,8.75,0.077,43
48.4313,155.512,10.0,4.3,40,135.0,4.884,0.62,us,5.44,1.89,0.089,36
-18.1195,168.153,130.623,4.0,15,186.0,4.322,0.67,us,10.31,11.162,0.173,9
-56.2003,-26.3886,51.03,5.5,107,68.0,6.088,0.87,us,10.73,6.259,0.057,106
12.8133,-89.3185,40.952,4.0,31,183.0,0.968,0.76,us,7.31,14.919,0.134,15
13.009,145.6741,10.0,4.5,27,107.0,0.974,1.08,us,7.32,1.903,0.121,20
48.939,156.5067,10.0,4.3,28,136.0,4.242,0.4,us,8.39,1.605,0.123,19
52.3073,-169.6386,35.0,4.4,33,177.0,1.523,1.14,us,8.44,1.942,0.108,25
54.5569,-160.018,32.193,3.6,118,186.0,0.371,0.89,us,3.11,3.595,0.224,5
2.0301,127.9871,102.214,4.5,19,100.0,1.395,0.62,us,9.31,9.949,0.156,12
27.3994,52.6368,10.0,4.5,40,131.0,15.942,0.7,us,13.51,1.92,0.097,31
-13.8341,166.7523,110.598,4.2,15,151.0,1.662,0.98,us,10.18,6.632,0.167,10
52.5041,158.7499,92.733,4.4,71,130.0,0.879,0.62,us,9.24,6.677,0.066,70
7.2329,127.01,10.829,4.2,33,63.0,1.429,0.76,us,7.92,4.863,0.11,23
-8.7654,-80.3006,10.0,4.4,21,117.0,4.672,0.82,us,9.18,1.935,0.161,11
52.1538,159.7305,38.226,5.0,238,35.0,1.092,0.59,us,7.07,5.009,0.032,313
39.4037,143.6854,10.0,4.0,23,134.0,2.44,0.66,us,7.08,1.902,0.173,9
40.4573,52.8519,10.0,4.2,31,70.0,4.806,0.61,us,10.54,1.933,0.106,25
16.8422,145.6771,187.601,4.2,29,113.0,1.596,0.81,us,14.87,9.021,0.115,21
7.3345,126.9573,80.329,4.5,61,54.0,1.392,0.68,us,8.63,7.062,0.076,51
-26.3458,-178.7719,350.591,4.5,45,108.0,2.983,0.96,us,15.47,8.853,0.085,40
-11.9776,166.3038,58.458,4.3,20,145.0,3.558,0.52,us,11.87,9.12,0.142,15
-2.3844,-79.0147,94.391,4.8,61,71.0,0.256,1.21,us,9.51,6.583,0.06,86
-6.1302,151.4819,10.0,4.7,56,149.0,1.891,0.4,us,8.98,1.878,0.073,58
-23.5484,179.9739,525.631,4.2,56,113.0,6.048,0.66,us,10.76,10.384,0.074,51
-9.686,159.5362,11.297,4.2,20,121.0,0.474,0.67,us,8.23,5.398,0.118,20
23.7096,70.4196,10.0,4.6,61,75.0,13.02,0.69,us,7.38,1.854,0.063,74
13.6224,123.4808,35.0,4.7,44,132.0,9.425,1.15,us,13.0,1.943,0.094,34
51.9101,159.9668,35.0,4.5,29,130.0,1.833,0.72,us,14.13,1.982,0.115,22
13.4046,95.7949,10.0,4.2,21,173.0,4.006,0.33,us,12.52,1.946,0.159,11
37.9653,144.0844,10.0,4.6,48,138.0,3.664,0.59,us,9.05,1.908,0.107,26
-6.5211,154.6133,10.0,4.1,20,97.0,6.025,0.84,us,9.75,1.791,0.14,15
58.9715,-31.6029,10.0,4.4,13,181.0,7.554,0.34,us,11.72,1.901,0.178,9
52.8619,161.9184,10.0,4.4,30,105.0,1.984,1.13,us,10.47,1.915,0.12,22
-57.7302,157.6717,33.485,4.2,19,141.0,3.317,0.47,us,14.11,5.157,0.147,13
-0.5822,128.0835,10.0,4.8,46,61.0,1.524,1.15,us,5.43,1.882,0.1,31
-57.6584,157.6936,10.0,4.3,19,142.0,3.244,0.81,us,13.45,1.941,0.168,10
49.1978,156.007,35.0,4.2,30,137.0,4.058,0.4,us,7.71,1.848,0.125,18
-29.7222,-176.6496,10.0,4.6,18,208.0,8.876,1.18,us,15.04,1.964,0.141,16
52.1154,160.5132,21.747,4.5,36,118.0,1.456,0.76,us,10.68,6.15,0.092,35
52.7734,160.9219,10.0,4.5,60,119.0,1.399,0.63,us,10.45,1.905,0.076,51
-17.7943,-178.6656,565.087,4.3,82,111.0,2.289,0.71,us,13.08,8.307,0.062,72
21.285,144.4126,127.692,4.1,36,114.0,6.131,0.58,us,9.99,7.866,0.091,34
51.4151,158.9348,55.299,4.3,22,210.0,1.62,0.45,us,11.58,10.001,0.126,19
50.6226,159.1987,10.0,4.4,36,132.0,2.428,0.71,us,10.38,1.92,0.105,26
1.0359,125.5375,81.362,4.4,40,63.0,0.807,0.75,us,5.52,5.873,0.104,28
52.7232,-169.4299,51.683,4.1,84,135.0,0.311,0.71,us,7.07,4.902,0.057,83
-57.7724,157.7288,10.0,4.2,8,145.0,3.351,0.52,us,12.29,1.964,0.187,8
23.9869,121.7603,28.431,4.6,119,61.0,0.24,0.52,us,4.03,5.108,0.056,96
42.0344,142.3408,70.553,4.5,43,96.0,0.608,0.6,us,5.96,3.376,0.078,48
29.472,80.4663,10.0,4.6,72,100.0,4.546,0.99,us,9.19,1.864,0.075,53
48.5461,157.5499,10.0,4.6,46,136.0,4.537,0.7,us,6.11,1.908,0.089,38
14.3348,-91.8126,85.517,4.7,112,40.0,1.961,0.92,us,8.99,5.342,0.033,279
1.5008,97.052,26.722,4.9,110,127.0,0.559,0.68,us,8.57,5.391,0.055,107
10.9219,124.1097,10.0,4.3,25,85.0,16.611,0.88,us,15.03,1.948,0.129,17
-56.9481,-140.8832,10.0,5.2,41,87.0,27.325,1.08,us,14.49,1.869,0.096,36
52.4694,160.352,24.799,4.5,29,150.0,1.174,0.85,us,8.57,6.529,0.127,18
52.274,160.4942,10.0,4.2,25,123.0,1.351,0.91,us,7.17,1.804,0.128,17
-23.2611,-179.8775,556.261,4.4,44,136.0,5.821,0.5,us,14.35,10.439,0.091,35
52.2858,160.291,27.676,4.5,33,122.0,1.243,1.01,us,10.55,6.494,0.099,30
52.2214,158.6541,73.695,4.8,61,115.0,0.803,0.78,us,8.09,6.434,0.039,207
3.0275,126.9067,10.0,4.2,23,125.0,2.213,0.46,us,6.82,1.91,0.132,16
-21.7185,-179.4396,598.632,4.4,53,177.0,4.605,0.73,us,15.49,9.31,0.082,43
52.6654,159.2701,43.981,4.8,19,226.0,0.52,0.79,us,8.62,9.197,0.185,9
37.136,53.8076,10.0,4.4,43,149.0,6.891,0.67,us,8.82,1.934,0.091,35
48.4937,157.4303,10.0,4.2,39,136.0,4.601,0.74,us,12.54,1.91,0.106,25
-25.5691,-179.1711,356.99,4.1,17,198.0,8.202,0.81,us,14.16,9.405,0.109,23
42.3597,-126.5322,10.0,4.4,42,173.0,1.62,0.8,us,8.1,1.944,0.134,16
-20.5024,-177.8381,532.426,4.7,81,69.0,7.582,0.58,us,12.6,7.902,0.061,86
50.9447,158.2915,69.424,5.1,51,137.0,2.094,0.7,us,11.62,7.519,0.083,47
52.0941,160.4904,29.511,4.4,19,229.0,1.459,1.12,us,14.1,8.579,0.161,11
51.7128,159.9186,25.934,4.5,22,126.0,1.526,0.71,us,11.27,6.167,0.121,20
-13.3198,-111.7371,10.0,5.1,94,158.0,13.919,0.58,us,13.96,1.917,0.057,100
52.9026,161.18,23.261,4.9,164,55.0,1.535,0.7,us,8.31,4.853,0.032,307
40.3877,142.1298,59.993,4.1,19,183.0,0.905,0.53,us,6.84,9.843,0.174,9
52.2002,161.3304,10.0,4.3,17,154.0,1.83,0.48,us,8.09,1.835,0.202,7
79.9106,-0.4571,10.0,4.1,37,60.0,2.495,0.79,us,9.19,1.919,0.1,27
-37.6986,51.5081,10.0,4.4,25,82.0,18.984,1.17,us,14.03,1.895,0.117,21
42.3604,81.1837,10.0,4.2,10,168.0,1.58,0.67,us,6.27,1.931,0.236,5
2.5185,128.1702,197.71,4.8,110,86.0,1.912,0.85,us,6.67,6.012,0.058,92
-55.3555,-27.9244,10.0,4.4,19,98.0,5.067,0.62,us,13.34,1.937,0.127,18
-52.8105,21.813,10.0,4.4,19,113.0,20.431,0.37,us,12.75,1.903,0.126,18
-35.5682,-179.2947,10.0,4.3,24,228.0,2.773,0.96,us,11.95,1.994,0.147,13
-5.4704,145.8681,84.532,4.2,14,197.0,4.113,0.79,us,13.05,12.929,0.167,10
52.9891,161.1981,10.0,4.1,24,185.0,1.54,0.89,us,12.52,1.968,0.117,20
-8.799,120.5048,120.656,4.2,25,74.0,0.888,0.67,us,7.01,2.796,0.147,14
-59.9209,-151.1211,10.0,4.8,22,82.0,22.569,0.73,us,15.11,1.905,0.121,21
-14.9848,167.6284,121.432,4.2,12,262.0,0.616,0.79,us,15.82,6.986,0.199,7
9.1229,126.9743,10.0,4.3,19,108.0,2.464,0.98,us,10.31,1.918,0.142,14
37.642,77.8563,10.0,4.4,46,96.0,3.706,0.77,us,8.03,1.9,0.112,23
9.0119,127.5474,10.0,4.3,17,135.0,4.721,0.46,us,8.41,1.9,0.178,10
-22.0863,-68.9743,102.907,4.3,15,144.0,0.381,0.56,us,5.41,4.764,0.216,6
41.5672,142.1152,59.846,4.3,84,122.0,0.898,0.74,us,6.58,7.974,0.065,67
53.0146,160.918,10.0,4.2,39,137.0,1.37,0.51,us,11.9,1.925,0.108,24
20.291,146.1406,35.0,4.4,25,198.0,5.034,1.08,us,13.86,1.98,0.103,27
-18.0077,-177.975,625.129,4.4,46,123.0,2.958,0.65,us,14.42,10.109,0.078,48
12.0272,-61.0459,77.162,4.3,18,189.0,0.604,1.01,us,7.7,9.01,0.237,5
52.4796,160.6182,10.0,4.4,15,137.0,1.314,1.11,us,8.82,1.908,0.219,6
-11.4339,166.3739,67.553,5.0,85,102.0,4.07,0.56,us,8.63,5.991,0.063,80
-6.1939,131.5375,27.083,4.6,32,94.0,2.324,0.65,us,7.47,6.41,0.129,21
-24.1417,179.857,533.267,4.4,51,69.0,6.584,1.05,us,11.13,8.282,0.066,67
-4.7685,138.1814,10.0,4.3,20,100.0,1.017,1.04,us,4.02,1.915,0.142,14
53.9478,108.6337,10.0,4.2,32,83.0,3.784,0.62,us,6.87,1.904,0.132,16
60.6116,-139.8259,5.0,3.7,44,65.0,0.559,1.26,us,2.44,1.33,0.225,5
6.5559,125.4557,213.272,4.6,57,57.0,0.525,1.12,us,8.45,3.441,0.06,84
28.2537,-43.7754,10.0,5.1,100,55.0,17.98,0.74,us,10.5,1.861,0.03,355
52.2207,159.9272,35.0,4.6,22,126.0,1.119,0.8,us,10.5,1.942,0.125,19
52.3516,160.0326,41.261,4.7,70,143.0,1.078,0.96,us,10.47,7.166,0.064,73
40.5562,143.4907,36.121,4.3,24,173.0,1.479,0.61,us,4.73,9.277,0.154,12
-20.871,-177.9501,475.294,4.4,26,209.0,4.89,0.64,us,11.79,9.907,0.123,19
-21.5935,170.3771,103.078,4.4,23,208.0,2.901,0.84,us,5.34,9.505,0.126,19
48.741,155.0357,64.043,4.5,80,126.0,4.686,0.74,us,10.03,6.903,0.067,66
34.9789,26.0836,10.0,4.1,42,167.0,1.048,1.0,us,7.33,1.941,0.124,18
2.6829,96.0411,35.0,4.4,13,209.0,2.879,0.52,us,15.94,1.989,0.19,8
5.5716,61.3128,10.0,4.4,27,139.0,23.462,0.78,us,15.29,1.944,0.123,19
10.5436,-84.9311,10.0,4.7,41,82.0,0.252,0.77,us,5.97,1.923,0.072,58
5.7178,61.6827,10.0,4.6,50,76.0,12.427,0.55,us,11.75,1.909,0.086,41
51.338,159.159,37.534,4.6,19,92.0,1.717,1.0,us,9.88,9.212,0.141,15
-57.7441,158.499,10.0,4.2,14,124.0,3.263,0.79,us,13.53,1.931,0.141,14
42.2532,144.5659,35.0,4.4,84,132.0,1.075,0.65,us,6.8,1.922,0.067,69
2.9189,125.8797,131.199,4.6,58,93.0,1.796,0.88,us,3.64,6.878,0.081,45
54.394,-158.7009,10.0,4.3,56,183.0,0.677,0.51,us,2.07,1.906,0.142,14
29.1409,129.549,10.0,5.0,101,92.0,2.486,1.2,us,5.6,1.792,0.035,260
51.7149,159.7649,10.0,4.3,23,135.0,1.478,0.72,us,5.55,1.935,0.111,23
-44.136,-82.1174,10.0,4.6,11,199.0,8.461,0.43,us,17.29,1.99,0.182,9
-14.9984,-176.4803,10.0,4.5,20,93.0,4.257,1.23,us,12.89,1.924,0.171,10
-37.4511,77.985,10.0,4.7,45,60.0,41.588,0.63,us,12.41,1.876,0.086,41
-35.4444,-179.769,10.0,4.3,16,259.0,2.621,0.5,us,8.65,1.966,0.188,8
-7.097,129.4564,121.292,4.3,16,94.0,4.996,0.89,us,9.93,7.643,0.201,7
-8.5261,118.3772,134.968,4.6,51,62.0,0.665,0.81,us,7.81,6.515,0.094,36
37.404,19.7513,10.0,4.3,29,143.0,1.748,1.1,us,6.18,1.942,0.188,8
50.2169,156.6535,56.351,4.0,22,137.0,2.968,1.05,us,4.6,8.589,0.139,14
52.1915,159.6795,35.0,4.7,58,123.0,1.043,1.07,us,7.64,1.915,0.059,88
-2.842,139.3141,38.481,5.0,54,88.0,1.297,0.8,us,6.26,0.841,0.077,54
52.1232,160.5376,10.0,5.0,94,134.0,1.463,0.76,us,10.46,1.888,0.051,121
51.9548,160.3943,33.606,4.4,25,217.0,2.011,0.96,us,14.12,10.227,0.112,23
36.5056,140.5946,62.943,4.4,48,148.0,1.926,0.74,us,3.21,8.268,0.093,33
53.4022,158.7845,123.012,4.9,227,63.0,0.388,0.53,us,9.41,4.882,0.023,595
50.4088,157.936,10.0,4.5,37,134.0,2.656,1.01,us,12.58,1.907,0.057,92
12.0869,-88.1032,42.077,4.4,30,198.0,1.219,0.77,us,6.38,10.62,0.088,39
51.6609,159.3338,37.457,4.4,21,137.0,1.428,0.75,us,12.44,8.145,0.154,12
50.419,159.8194,10.0,4.5,52,170.0,2.708,0.63,us,9.7,1.93,0.054,103
-6.4454,130.7902,89.641,4.9,78,49.0,3.793,0.74,us,7.66,7.31,0.062,82
51.4447,160.8939,10.0,4.5,40,129.0,2.098,0.72,us,9.04,1.91,0.081,44
-5.5761,150.4587,99.49,4.1,22,96.0,2.007,0.38,us,9.33,7.381,0.131,16
-20.7091,168.9793,10.0,4.4,17,165.0,2.371,0.44,us,10.46,1.919,0.179,9
52.0828,161.7033,10.0,4.1,20,125.0,2.089,0.77,us,10.29,1.918,0.175,9
-20.2508,-68.6433,115.696,4.1,31,59.0,0.491,1.12,us,6.9,7.449,0.175,11
41.008,142.7964,41.46,4.2,41,134.0,1.042,0.55,us,7.56,8.283,0.102,27
-3.4576,129.2547,53.948,4.3,26,65.0,1.24,0.69,us,9.53,7.641,0.119,20
12.6584,123.3822,10.0,4.7,60,107.0,5.96,0.69,us,9.61,1.477,0.082,45
16.5283,41.2595,10.0,4.7,66,64.0,3.593,0.83,us,9.17,1.902,0.069,63
3.0679,-31.4528,10.0,4.9,174,53.0,9.89,0.55,us,10.64,1.822,0.042,177
52.8862,160.8619,10.0,4.9,35,134.0,1.345,0.46,us,12.01,1.914,0.116,23
-24.2247,-179.5338,506.038,4.4,25,143.0,6.83,0.58,us,15.11,12.832,0.112,23
51.3466,159.5999,10.0,4.1,37,137.0,1.778,0.96,us,9.6,1.907,0.099,33
-18.2373,-175.2488,236.646,4.4,32,79.0,5.113,1.1,us,11.01,8.64,0.098,30
-57.7406,-25.4492,45.653,4.4,10,109.0,16.803,0.21,us,15.11,5.638,0.169,10
51.4695,159.0983,35.0,4.2,21,138.0,1.581,0.72,us,7.77,1.949,0.153,13
-6.7948,129.4781,162.132,4.5,42,112.0,4.737,0.58,us,8.32,5.02,0.085,40
52.8006,161.064,10.0,4.5,41,173.0,1.479,0.85,us,5.88,1.925,0.067,65
-23.2561,-179.7899,545.564,4.6,32,111.0,6.79,0.97,us,13.49,5.504,0.103,28
34.0534,48.1937,10.0,4.3,32,106.0,2.3,0.63,us,11.41,1.927,0.098,30
-5.7047,130.9092,81.802,4.2,16,120.0,3.073,0.54,us,10.62,7.329,0.216,6
30.8371,99.9943,10.0,4.5,46,109.0,5.97,0.64,us,8.93,1.902,0.098,31
53.4351,161.5246,10.0,4.1,31,137.0,1.777,0.74,us,11.09,1.911,0.107,24
35.5543,69.7007,29.449,4.2,17,166.0,1.136,1.11,us,7.19,7.425,0.216,6
15.9993,119.9288,55.586,4.5,43,113.0,6.869,1.01,us,11.38,7.169,0.089,37
52.6875,160.6998,10.0,4.3,46,134.0,1.288,0.45,us,11.21,1.904,0.088,37
13.9576,-92.3821,39.858,4.1,32,184.0,0.999,0.96,us,2.29,11.396,0.117,20
53.3099,159.2493,19.149,5.1,22,115.0,0.461,0.82,us,5.62,4.745,0.181,10
44.0197,-128.6624,10.0,4.3,52,185.0,3.346,0.99,us,9.33,1.966,0.082,42
51.0303,158.1624,52.976,4.9,91,104.0,2.019,0.65,us,9.98,6.136,0.023,582
36.5754,70.7776,126.714,4.1,46,91.0,2.203,0.93,us,6.83,8.654,0.135,16
-8.8417,124.1877,98.987,4.4,30,78.0,0.911,1.15,us,9.15,7.637,0.109,24
3.5734,127.9185,143.192,4.7,100,53.0,2.692,0.67,us,7.74,7.213,0.051,116
-49.7175,163.7419,10.0,4.5,24,129.0,4.047,0.49,us,10.39,1.925,0.131,17
41.5353,141.981,66.838,4.3,42,127.0,1.002,0.84,us,5.19,8.431,0.102,27
40.944,143.0009,38.881,4.7,43,134.0,1.076,0.91,us,4.67,7.592,0.106,27
-7.371,129.596,62.959,4.3,10,138.0,5.151,0.33,us,14.02,9.078,0.177,9
14.4811,144.1856,10.0,4.5,37,79.0,1.107,0.46,us,6.21,1.89,0.106,26
-14.9242,-75.7626,35.0,5.1,100,131.0,3.102,0.69,us,8.75,1.909,0.038,221
50.1987,157.6286,35.0,4.2,20,230.0,2.899,1.27,us,14.32,1.96,0.152,12
53.4759,160.134,59.949,4.3,46,114.0,1.0,0.49,us,11.84,8.662,0.08,45
-10.5475,91.5157,10.0,4.6,21,129.0,5.465,0.78,us,12.55,1.927,0.172,10
9.3115,94.1776,10.0,4.4,31,118.0,5.406,0.65,us,12.39,1.903,0.117,21
-19.7029,-177.3837,375.794,4.0,44,93.0,7.065,1.11,us,7.54,8.915,0.086,36
52.3046,159.2205,56.95,4.0,13,253.0,0.799,0.36,us,9.47,9.189,0.196,9
20.4905,92.3253,10.0,4.1,16,163.0,2.526,0.6,us,9.3,1.984,0.234,5
52.9388,161.4143,10.0,5.0,121,114.0,1.674,0.54,us,10.23,1.888,0.051,121
50.103,157.6078,35.115,4.4,40,125.0,2.996,0.93,us,12.13,6.231,0.095,32
-24.3338,-67.2404,157.946,4.1,28,91.0,1.623,0.96,us,9.78,8.792,0.123,18
40.7155,51.8267,49.334,5.1,144,76.0,2.431,0.56,us,6.98,6.525,0.048,142
53.0506,160.4387,45.605,4.2,21,118.0,1.081,0.57,us,10.16,8.434,0.132,16
29.236,129.314,10.0,4.4,43,113.0,2.47,1.01,us,6.92,1.79,0.097,31
23.7674,120.9029,28.892,4.5,55,53.0,0.051,0.63,us,3.98,1.54,0.095,32
50.3547,156.5142,74.738,4.4,143,83.0,2.854,0.78,us,11.24,5.419,0.045,141
67.8907,130.122,10.0,4.2,34,57.0,3.787,0.68,us,9.25,1.944,0.104,27
53.1348,161.5712,10.0,4.4,31,153.0,1.766,0.63,us,10.35,1.922,0.115,22
51.6411,159.5849,38.818,4.6,83,127.0,1.499,1.19,us,9.41,7.234,0.051,116
13.5691,-90.893,35.0,4.1,83,167.0,1.031,0.68,us,8.77,1.973,0.061,73
12.8009,-89.2883,48.078,4.2,59,173.0,0.969,0.73,us,8.2,12.61,0.078,46
38.8378,70.6248,10.0,4.8,55,84.0,1.114,0.9,us,5.4,1.878,0.079,50
-24.2684,179.9153,506.222,4.4,54,101.0,5.318,1.0,us,13.84,2.485,0.075,54
51.5449,159.4431,10.0,4.4,41,137.0,1.559,0.71,us,10.17,1.912,0.101,28
80.0538,-0.1335,10.0,4.2,44,125.0,2.489,0.95,us,5.77,1.931,0.089,35
52.9721,160.6757,35.0,4.5,21,205.0,1.225,0.57,us,12.24,2.003,0.18,9
51.5588,160.0252,10.0,4.4,21,127.0,1.693,0.6,us,5.32,1.914,0.149,13
51.9413,-173.6963,40.976,3.8,50,113.0,0.404,1.02,us,6.29,6.605,0.111,21
-16.914,-174.5186,186.623,4.4,27,63.0,3.986,0.61,us,11.14,8.435,0.12,20
-8.2166,118.1282,174.854,4.8,30,67.0,0.7,1.18,us,8.22,7.075,0.127,19
52.6806,160.6612,10.0,4.4,44,118.0,1.267,0.93,us,9.03,1.903,0.081,45
52.244,160.8543,39.167,4.3,49,123.0,1.554,0.82,us,9.79,7.739,0.08,44
4.8929,123.0324,573.765,4.2,48,56.0,2.443,0.72,us,12.41,8.778,0.087,37
-26.6535,-175.638,10.0,4.5,20,121.0,9.195,0.44,us,7.67,1.895,0.14,15
-30.9936,-178.1587,41.804,4.4,22,140.0,7.175,0.81,us,15.84,9.98,0.13,17
52.7173,-173.0902,217.735,3.4,34,150.0,0.76,0.56,us,15.39,11.3,0.136,13
48.3967,153.3603,143.577,4.0,52,142.0,5.461,0.48,us,13.11,9.236,0.083,39
30.0948,-135.9731,10.0,4.3,199,57.0,13.167,0.93,us,11.21,1.833,0.033,263
-1.7712,128.6834,10.0,4.4,27,97.0,2.728,0.66,us,8.5,1.931,0.13,17
-10.5971,120.1706,10.0,4.2,26,83.0,0.931,0.92,us,4.68,1.896,0.136,15
-20.347,-178.4716,600.131,4.8,84,38.0,4.184,0.7,us,11.48,5.876,0.03,349
50.2941,159.6438,10.0,4.3,42,173.0,2.802,0.47,us,10.03,1.947,0.096,32
50.1277,158.5947,10.0,4.4,57,134.0,2.9,0.58,us,10.66,1.905,0.076,49
2.8616,95.4683,22.783,4.4,39,204.0,2.613,0.66,us,10.42,7.101,0.103,27
52.6846,160.8776,17.341,4.3,29,120.0,1.393,1.15,us,8.91,3.593,0.116,21
-5.0131,123.0162,10.0,4.5,48,78.0,0.292,0.44,us,3.79,1.859,0.099,30
-30.9638,59.2752,10.0,4.2,21,65.0,10.255,0.93,us,13.44,1.894,0.141,14
39.2965,143.4035,17.733,4.8,91,97.0,2.334,0.44,us,7.14,4.804,0.06,86
-3.1424,130.6649,38.4,4.5,48,37.0,1.567,0.51,us,7.46,6.406,0.091,35
49.449,160.1193,10.0,4.4,39,139.0,3.696,0.93,us,11.86,1.908,0.101,28
7.1034,126.8568,74.471,4.2,24,133.0,1.268,0.64,us,12.06,8.521,0.132,16
35.8128,71.1299,88.568,4.3,38,98.0,2.085,1.28,us,6.82,8.151,0.137,15
-7.5559,142.918,10.0,4.6,17,157.0,3.327,1.22,us,9.46,1.963,0.165,11
42.5231,143.8604,91.316,4.1,18,186.0,0.728,0.62,us,10.76,8.818,0.157,11
-22.0927,-68.5618,118.442,4.4,50,106.0,0.697,0.75,us,5.58,5.709,0.081,44
52.7805,160.2293,35.0,4.5,55,150.0,0.987,0.57,us,5.43,1.935,0.08,46
51.4935,159.882,32.936,4.3,19,137.0,1.709,0.81,us,9.31,6.917,0.177,11
-19.2913,168.7825,14.851,4.5,26,143.0,3.533,0.69,us,11.4,5.399,0.121,20
-4.8068,134.1588,10.0,4.5,18,156.0,2.066,0.43,us,8.82,1.62,0.15,13
37.7871,36.1678,12.785,4.3,39,38.0,0.25,0.77,us,2.88,1.348,0.133,16
42.5536,146.7106,10.0,4.5,43,154.0,2.691,1.2,us,11.59,1.945,0.096,32
27.6348,55.1537,10.0,4.1,20,144.0,2.84,0.81,us,12.44,1.914,0.158,11
42.539,130.6594,575.724,4.4,191,83.0,1.922,0.62,us,10.26,7.249,0.036,226
50.2794,156.7642,68.468,4.5,69,132.0,2.892,0.9,us,11.47,7.356,0.056,94
14.6789,121.4548,10.0,4.8,131,103.0,8.103,0.61,us,8.3,1.861,0.055,109
35.1996,139.0416,10.0,4.3,28,127.0,1.436,0.49,us,6.03,1.909,0.148,13
49.6341,160.0691,10.0,5.0,134,130.0,3.509,0.6,us,8.91,1.867,0.027,447
-10.7121,166.0714,167.65,4.4,33,139.0,4.834,0.77,us,13.47,8.461,0.105,26
-21.1217,-175.7362,138.594,4.5,40,129.0,16.728,0.69,us,15.49,7.162,0.1,34
51.22,159.3297,10.0,4.8,75,134.0,1.854,0.84,us,10.44,1.895,0.061,83
-7.1704,129.5056,10.0,4.4,21,95.0,5.03,1.01,us,7.27,1.938,0.19,8
50.6392,158.3678,35.0,4.4,50,131.0,2.394,0.92,us,10.62,1.921,0.065,69
50.9168,159.419,20.646,4.4,13,130.0,2.163,0.52,us,10.71,6.73,0.218,6
12.5946,144.281,35.0,4.5,21,165.0,1.142,0.84,us,11.87,1.983,0.15,13
63.8212,-22.8441,10.0,4.4,83,103.0,1.141,0.81,us,8.31,1.921,0.065,69
53.5404,-163.4145,35.0,4.3,78,167.0,1.123,0.84,us,2.79,1.919,0.088,37
39.2176,28.0863,10.0,4.2,34,57.0,0.93,0.89,us,4.69,1.909,0.152,12
49.0396,155.733,57.976,4.1,23,170.0,4.258,1.07,us,13.39,10.401,0.151,14
52.6408,160.6954,10.0,4.7,23,129.0,1.299,0.79,us,11.34,1.916,0.118,22
42.8127,146.4565,35.0,4.2,18,209.0,2.57,1.07,us,11.23,1.99,0.2,7
30.9563,99.0742,10.0,4.4,57,81.0,6.981,0.36,us,5.85,1.871,0.084,41
2.2866,96.2234,23.205,4.2,19,188.0,1.667,0.38,us,8.78,6.668,0.176,9
-17.8471,-178.1231,505.502,4.2,14,160.0,2.756,0.71,us,26.78,27.23,0.158,11
47.1643,146.8176,359.923,4.4,91,133.0,2.781,0.7,us,10.89,7.497,0.064,71
51.4687,159.8714,10.0,4.3,10,182.0,2.116,0.95,us,8.61,1.979,0.237,5
-18.138,-178.3419,547.928,4.2,34,122.0,2.739,0.78,us,14.52,9.173,0.105,25
-60.9903,-38.9367,10.0,4.8,39,53.0,6.852,0.59,us,11.39,1.825,0.119,22
49.7696,156.6007,35.0,4.5,37,133.0,3.413,0.79,us,6.94,1.764,0.101,29
11.8039,141.3984,35.0,4.5,29,109.0,3.823,0.48,us,10.23,1.938,0.125,20
51.1666,158.2123,64.156,4.3,52,134.0,1.879,0.97,us,9.87,6.911,0.092,37
53.1014,159.7165,74.396,4.7,72,122.0,1.216,0.63,us,11.42,7.167,0.047,136
-63.6798,173.3616,10.0,4.6,23,117.0,11.786,0.41,us,13.07,1.91,0.129,18
53.2112,159.6603,64.082,4.6,54,116.0,0.637,0.84,us,10.64,7.589,0.054,101
51.5289,159.7602,10.0,5.3,85,120.0,1.645,1.11,us,7.22,1.869,0.037,248
25.7982,125.8179,88.955,4.8,110,90.0,2.014,0.7,us,7.6,7.202,0.06,86
44.1537,146.5987,102.72,4.4,53,133.0,2.884,0.62,us,10.51,8.051,0.08,46
-1.9653,117.4942,10.0,4.6,63,87.0,1.036,0.9,us,5.24,1.86,0.077,51
53.0164,159.8063,67.103,4.2,35,134.0,0.699,0.55,us,11.33,7.299,0.113,26
49.2905,157.7345,10.0,4.5,52,138.0,3.782,0.52,us,9.15,1.744,0.088,38
50.9809,158.1246,35.0,4.3,37,122.0,2.071,0.81,us,10.77,1.942,0.096,31
51.6218,159.2507,35.0,4.2,37,126.0,1.451,1.01,us,10.15,1.93,0.094,32
51.8821,160.0998,35.0,4.4,23,137.0,1.447,0.81,us,11.12,1.951,0.127,18
-14.5097,-73.6093,88.454,4.5,31,123.0,4.024,0.7,us,8.29,7.818,0.11,24
-3.2878,-77.9048,99.569,4.0,28,143.0,1.578,0.85,us,9.66,9.703,0.113,21
50.6544,157.3392,60.903,4.3,30,222.0,2.468,0.6,us,12.72,9.138,0.096,31
6.8464,127.1456,28.659,4.6,39,109.0,1.571,1.14,us,7.93,4.958,0.092,35
39.3443,143.3951,10.0,4.4,34,138.0,2.298,0.86,us,6.75,1.571,0.115,22
-33.0868,-178.4761,10.0,4.4,24,172.0,3.842,0.8,us,11.55,1.941,0.12,20
-60.9605,-38.8132,10.0,4.9,32,70.0,6.81,0.96,us,10.43,1.909,0.102,30
39.792,83.0569,10.0,4.2,18,230.0,3.249,0.81,us,9.39,2.005,0.159,11
-10.7956,164.4449,10.0,4.6,32,129.0,4.629,0.48,us,5.92,1.898,0.105,27
50.3387,158.0856,12.187,5.2,187,97.0,2.711,0.6,us,9.47,3.722,0.044,166
13.082,145.7357,10.0,4.6,31,85.0,0.983,0.8,us,5.34,1.906,0.116,22
52.1436,160.4931,26.649,4.7,118,122.0,1.429,0.64,us,8.45,5.192,0.054,105
34.0687,-5.5488,10.0,4.1,19,125.0,1.373,0.8,us,7.46,1.936,0.131,16
-7.2367,129.594,126.655,4.3,19,118.0,5.038,0.74,us,11.05,9.832,0.133,16
-4.1671,140.3994,35.698,4.1,16,157.0,1.447,1.13,us,5.39,6.668,0.15,12
43.5911,147.3447,55.299,4.3,16,204.0,3.46,1.01,us,15.23,13.204,0.16,11
-18.1056,-177.7876,586.04,4.3,42,116.0,3.161,0.68,us,13.8,8.867,0.097,30
52.71,160.0361,38.251,4.3,59,107.0,0.897,0.64,us,9.15,7.49,0.055,94
11.6461,-86.4167,87.746,4.5,68,136.0,1.199,0.81,us,8.14,8.288,0.071,57
49.4418,157.9298,10.0,4.2,33,136.0,3.615,0.67,us,11.59,1.92,0.108,24
16.4618,-59.737,10.0,4.2,27,234.0,1.275,0.53,us,7.43,1.973,0.304,3
52.2803,160.8851,10.0,4.4,27,188.0,1.552,0.89,us,11.85,1.977,0.13,17
7.0271,127.4559,10.0,4.4,23,72.0,3.01,1.06,us,7.12,1.791,0.138,15
50.4604,157.8554,30.288,4.8,38,131.0,2.614,1.04,us,11.44,6.421,0.097,33
41.143,143.0842,41.623,4.3,46,142.0,0.873,0.74,us,7.31,5.408,0.092,33
-52.7853,19.7054,10.0,4.6,14,118.0,20.409,0.61,us,9.98,1.902,0.164,11
-29.2135,-13.6651,10.0,4.9,56,70.0,7.914,0.76,us,10.55,1.872,0.076,54
16.3751,-59.6718,10.0,4.4,37,116.0,1.331,0.87,us,6.82,1.855,0.179,9
18.762,145.3384,236.346,4.1,17,128.0,3.528,0.27,us,18.81,13.401,0.165,10
-57.7279,157.6139,10.0,4.9,31,106.0,3.322,0.83,us,10.21,1.832,0.108,27
-23.9298,-179.5432,420.002,4.4,38,107.0,5.487,0.52,us,14.9,5.832,0.087,38
-22.3336,-179.5994,575.055,4.4,43,107.0,5.07,0.57,us,13.51,9.238,0.095,32
51.7836,-170.3515,10.0,4.3,56,182.0,1.044,1.01,us,5.17,1.647,0.111,23
-57.9159,-25.1758,29.662,5.1,75,69.0,16.582,0.56,us,12.08,4.986,0.071,65
36.4893,53.2719,10.0,4.0,23,145.0,4.126,0.94,us,9.2,1.959,0.164,11
7.2411,127.0451,16.617,4.3,21,178.0,1.465,0.6,us,8.72,5.662,0.137,15
49.5765,157.7946,10.0,4.8,187,84.0,3.493,0.44,us,7.96,1.809,0.036,241
38.8057,141.7486,94.269,4.5,51,123.0,2.05,0.98,us,8.08,7.43,0.094,33
10.6993,-85.2721,16.868,4.3,13,113.0,0.174,0.75,us,3.31,3.708,0.064,70
-5.6392,154.3387,135.478,5.0,82,89.0,2.601,0.56,us,8.36,5.941,0.064,77
16.4755,-59.5154,10.0,4.2,49,148.0,1.488,0.65,us,6.37,1.916,0.108,24
49.5385,154.808,105.317,4.0,55,123.0,4.008,0.7,us,12.0,8.266,0.081,44
-6.6156,105.2585,62.384,4.9,90,66.0,1.449,0.81,us,7.09,5.876,0.062,81
-28.8158,-178.8556,309.828,4.4,20,130.0,9.04,1.02,us,13.85,9.008,0.134,17
-57.1362,-67.2125,10.0,4.7,24,146.0,2.222,0.56,us,14.89,1.964,0.127,19
4.032,122.8975,556.158,4.5,65,37.0,2.666,0.54,us,11.18,9.198,0.077,49
51.772,160.5723,10.0,4.4,17,224.0,1.72,0.71,us,8.25,1.987,0.163,11
-21.2635,-179.2155,618.221,4.9,139,86.0,4.346,0.73,us,13.04,8.505,0.037,223
51.4645,159.8388,10.0,4.3,30,124.0,1.724,1.23,us,9.09,1.912,0.132,19
-49.3989,30.5333,10.0,4.3,14,128.0,14.599,0.21,us,11.71,1.854,0.161,11
52.3541,160.9316,10.0,5.0,164,87.0,1.542,0.86,us,8.97,1.875,0.036,252
52.4435,160.7698,10.0,4.3,53,163.0,1.414,0.68,us,9.38,1.946,0.086,38
52.2212,160.3199,41.363,4.1,20,137.0,1.827,1.03,us,10.62,6.347,0.127,17
41.0006,141.958,67.663,4.2,50,141.0,0.709,0.39,us,6.38,5.448,0.097,30
-0.9822,134.2512,32.556,4.6,38,81.0,0.53,0.77,us,6.43,5.673,0.107,26
5.096,125.2731,40.915,4.3,36,116.0,0.415,0.68,us,7.11,4.22,0.109,24
-22.988,172.8212,10.0,4.5,13,135.0,4.973,0.61,us,7.43,1.953,0.18,9
0.0096,123.5546,137.497,4.3,57,76.0,3.582,1.1,us,8.54,8.563,0.089,36
-23.0756,-68.5025,107.649,4.1,19,79.0,0.323,0.54,us,5.84,8.19,0.234,5
53.6258,161.2762,36.294,4.7,68,134.0,1.687,0.61,us,11.37,7.317,0.062,79
-24.8059,-13.5075,10.0,4.6,15,78.0,33.558,0.92,us,14.64,1.898,0.141,15
52.1467,160.2915,24.199,4.6,23,121.0,1.851,1.04,us,9.33,5.441,0.146,14
51.5118,158.9868,63.432,4.1,17,168.0,1.528,0.59,us,12.62,6.295,0.185,10
12.0854,143.2893,38.326,4.4,37,66.0,2.146,1.21,us,8.56,8.014,0.106,29
-22.3919,-68.788,122.433,4.1,20,60.0,0.727,0.61,us,4.39,5.23,0.158,11
49.5402,-28.3373,10.0,4.5,24,119.0,15.098,0.41,us,9.76,1.767,0.124,19
53.4214,170.5529,35.0,4.3,59,159.0,2.249,1.03,us,10.59,1.863,0.059,83
-38.1828,176.317,176.613,4.4,25,64.0,0.63,0.45,us,4.32,6.191,0.169,10
51.1476,178.1887,10.0,3.2,19,297.0,0.736,0.96,us,3.76,1.876,0.241,4
51.8747,-174.2378,83.682,3.4,37,199.0,0.328,0.43,us,9.08,10.456,0.186,7
1.6354,127.1993,128.767,4.7,81,97.0,0.874,0.51,us,6.93,6.348,0.069,64
-24.1632,-67.5235,204.399,4.1,19,91.0,1.347,0.95,us,7.22,10.203,0.261,4
-36.0772,-73.7967,23.172,4.3,40,140.0,1.956,0.65,us,7.6,7.065,0.161,11
51.6417,159.5294,35.0,4.8,36,123.0,1.485,1.23,us,8.35,1.915,0.092,36
-31.5715,-69.5068,116.488,4.1,30,83.0,0.714,0.7,us,6.02,9.192,0.234,5
-10.6655,-74.9361,35.0,4.6,84,63.0,2.285,0.82,us,6.32,1.843,0.069,66
52.2925,160.7737,32.138,4.6,28,134.0,1.486,1.09,us,12.52,6.786,0.116,22
52.6084,160.6974,35.0,4.2,31,188.0,1.31,0.76,us,12.06,1.98,0.128,18
22.7272,95.9849,10.0,4.1,17,161.0,3.866,0.64,us,12.9,1.962,0.157,11
52.2566,160.7098,10.0,4.0,15,155.0,1.472,0.65,us,11.43,1.956,0.183,8
-41.8819,84.961,10.0,4.6,33,66.0,37.441,0.5,us,10.35,1.875,0.103,28
22.9169,94.4797,100.305,4.6,79,58.0,4.839,0.82,us,9.23,6.922,0.071,59
52.1162,159.7255,65.246,4.3,46,138.0,1.121,0.89,us,11.44,7.875,0.089,36
52.3361,160.4705,42.506,4.1,29,119.0,1.305,0.71,us,6.28,8.941,0.127,17
-55.7521,-26.1327,10.0,4.5,21,109.0,6.136,0.53,us,7.43,1.92,0.121,20
2.8455,-31.3401,10.0,4.3,30,79.0,9.745,0.85,us,10.9,1.8,0.109,24
29.3581,129.4375,10.0,4.5,47,112.0,2.316,0.58,us,7.96,1.891,0.076,54
52.611,160.5691,10.0,5.0,81,134.0,1.236,0.91,us,10.72,1.887,0.037,235
51.7655,160.5687,10.0,4.9,20,120.0,1.723,0.7,us,10.92,1.917,0.117,29
9.6158,140.9692,35.368,4.4,20,80.0,5.494,0.8,us,9.64,8.502,0.17,10
52.8384,160.9578,27.95,5.3,99,132.0,1.409,0.88,us,11.45,5.834,0.032,322
-6.682,132.4613,10.0,4.5,16,127.0,3.328,1.02,us,9.55,1.335,0.145,14
7.1713,126.8099,81.491,4.9,85,109.0,1.226,1.24,us,8.44,7.102,0.066,72
12.9323,145.4073,10.0,4.4,43,117.0,0.838,0.42,us,4.7,1.919,0.093,33
-32.8172,-70.8678,78.377,4.1,37,77.0,0.272,0.65,us,5.21,6.214,0.213,6
52.3235,160.747,10.0,5.0,145,108.0,1.457,0.64,us,7.35,1.85,0.034,278
7.234,127.0011,64.971,5.1,55,115.0,1.42,0.83,us,9.54,7.71,0.079,52
-56.8866,-140.9671,10.0,4.2,10,93.0,33.269,1.04,us,16.58,1.547,0.198,7
51.5757,-177.3094,59.129,3.8,50,183.0,0.192,0.65,us,5.4,7.752,0.086,35
51.6311,159.6573,31.749,4.9,107,132.0,1.525,0.77,us,10.53,5.33,0.046,151
30.7816,103.4528,10.0,4.5,65,137.0,5.165,0.79,us,10.4,1.896,0.065,70
25.5376,95.3851,121.537,4.3,35,112.0,4.333,0.68,us,7.59,7.434,0.108,26
29.1406,141.7524,10.0,4.3,29,118.0,2.073,0.56,us,8.33,1.888,0.133,16
3.1067,127.6806,114.445,4.4,35,120.0,2.726,0.8,us,9.64,3.673,0.1,29
14.5854,-91.5632,127.024,4.0,52,128.0,0.026,0.56,us,8.27,10.675,0.076,47
51.5167,159.7543,39.234,4.2,18,137.0,1.655,0.57,us,12.33,8.171,0.152,12
41.5522,74.9401,10.0,4.2,35,58.0,0.543,1.36,us,2.7,1.928,0.141,14
52.3296,159.8039,56.52,4.6,31,122.0,0.988,0.75,us,7.94,7.911,0.107,26
13.4046,51.2208,10.0,4.2,14,180.0,8.388,1.03,us,8.47,1.963,0.237,5
10.8114,123.6127,10.0,4.8,10,166.0,10.039,0.62,us,11.86,1.956,0.226,7
51.4839,159.0275,66.762,4.5,46,137.0,1.559,0.83,us,11.81,7.664,0.087,39
-2.1137,127.8567,29.507,4.2,16,108.0,2.908,0.8,us,8.48,3.395,0.186,8
-5.8135,152.0241,10.0,4.1,13,172.0,1.497,0.46,us,12.03,1.939,0.174,9
12.0909,-88.2878,10.0,4.7,48,174.0,1.37,0.94,us,6.3,1.941,0.046,146
52.3824,160.1635,42.42,4.8,73,122.0,1.123,0.86,us,7.81,5.009,0.047,141
36.4648,141.2847,35.0,4.5,24,138.0,2.479,0.97,us,4.79,1.939,0.156,12
7.147,126.8402,64.234,5.0,89,77.0,1.254,0.8,us,7.96,4.986,0.047,142
42.2758,143.1513,65.468,4.2,28,143.0,0.261,0.38,us,9.35,6.392,0.132,16
-36.0216,179.8197,17.631,4.6,33,158.0,1.96,0.92,us,12.1,5.121,0.116,22
36.5447,70.3631,198.877,4.4,46,86.0,2.259,0.72,us,4.83,9.046,0.117,21
7.2137,127.1816,10.0,4.2,20,125.0,1.597,1.15,us,8.03,1.908,0.159,11
51.4867,159.6201,25.756,4.4,29,128.0,1.651,0.99,us,9.68,6.136,0.117,21
32.8796,24.4403,10.0,4.5,21,211.0,3.487,0.95,us,7.17,1.961,0.204,7
-29.3489,-71.46,38.049,4.0,27,141.0,0.6,1.07,us,4.13,10.869,0.367,2
51.9389,160.1249,35.0,4.2,16,197.0,1.412,0.62,us,10.4,2.002,0.159,11
-3.802,101.8076,58.101,4.8,90,89.0,1.272,0.56,us,7.31,7.344,0.064,75
39.6279,143.3411,20.53,5.3,74,98.0,2.094,0.8,us,7.45,3.723,0.074,62
53.4925,160.273,53.438,4.4,55,114.0,1.082,1.0,us,9.14,7.524,0.079,46
49.0173,157.824,10.0,4.6,125,138.0,4.045,0.9,us,9.42,1.881,0.051,115
-15.3877,67.0483,10.0,4.5,35,171.0,9.531,0.61,us,12.4,1.946,0.106,26
51.6034,160.0568,35.0,4.6,17,226.0,1.664,0.58,us,14.11,1.989,0.193,8
-23.3907,-175.4457,36.768,5.0,52,108.0,6.254,0.94,us,9.79,5.818,0.063,80
30.0555,84.3549,10.0,4.4,21,131.0,22.604,0.58,us,9.63,1.864,0.096,31
51.8774,160.1431,43.871,4.8,46,135.0,1.467,1.12,us,9.13,6.752,0.067,69
17.6627,60.213,10.0,4.3,46,103.0,8.152,1.2,us,12.4,1.908,0.089,36
9.2702,94.3342,10.0,4.1,15,183.0,4.779,1.16,us,10.26,1.94,0.185,8
-6.8874,116.5213,524.608,4.3,27,59.0,2.294,0.54,us,13.85,12.038,0.161,11
3.4403,126.5724,52.284,4.1,34,125.0,1.685,0.73,us,7.76,8.198,0.099,28
-21.0279,169.7037,116.658,4.5,35,111.0,2.624,0.49,us,10.08,6.978,0.096,32
51.1493,159.2897,10.0,5.3,211,129.0,1.918,0.72,us,8.87,1.865,0.029,395
-0.8783,-78.1101,4.899,4.2,18,87.0,0.289,0.71,us,1.58,6.31,0.198,7
65.8196,-37.5333,10.0,4.6,55,117.0,5.387,0.83,us,8.41,1.902,0.035,243
6.2537,126.4654,87.411,4.4,52,112.0,1.197,0.59,us,7.62,7.415,0.086,39
50.259,157.0046,35.0,4.5,60,109.0,2.886,0.69,us,11.11,1.91,0.07,59
51.4654,159.6286,28.466,5.1,158,116.0,1.672,0.65,us,7.59,4.79,0.037,240
52.1927,159.1702,47.059,4.3,19,159.0,0.89,0.43,us,12.14,9.009,0.133,16
-15.0924,167.2318,122.646,4.6,29,165.0,0.354,0.76,us,11.61,5.499,0.103,28
-30.2772,-179.524,299.918,4.2,27,176.0,7.486,0.73,us,15.77,11.158,0.11,23
-4.6036,104.5146,170.303,4.6,115,33.0,0.554,1.05,us,7.35,4.422,0.057,91
-10.9261,160.9603,10.0,4.4,18,194.0,1.783,0.75,us,11.51,1.919,0.131,17
49.97,157.0665,35.0,4.4,38,136.0,3.167,0.58,us,6.37,1.942,0.102,28
-4.9555,144.7364,92.655,4.5,24,103.0,3.906,0.95,us,6.96,9.485,0.118,21
53.3023,160.5235,49.202,4.2,23,179.0,1.162,0.62,us,15.81,11.856,0.132,16
53.4482,161.5765,10.0,4.9,172,85.0,1.81,0.74,us,8.25,1.811,0.046,151
52.6895,160.303,56.773,4.7,92,120.0,1.057,0.91,us,9.99,7.396,0.06,83
-6.0612,129.794,211.964,4.4,20,61.0,1.533,0.48,us,5.06,9.616,0.154,12
51.254,160.4877,10.0,4.2,22,150.0,2.103,0.75,us,11.02,1.957,0.146,13
-22.9061,-66.7678,213.249,4.2,20,113.0,1.302,1.06,us,10.3,8.258,0.159,11
49.8616,158.7017,10.0,4.2,22,135.0,3.166,0.63,us,9.26,1.733,0.147,13
54.5199,-159.9284,40.907,4.2,83,156.0,0.369,0.95,us,6.72,9.531,0.158,11
13.4747,-89.9009,77.909,4.2,85,151.0,0.441,0.75,us,5.84,6.752,0.051,106
34.5893,70.7443,10.0,4.3,29,87.0,1.331,0.99,us,8.15,1.894,0.122,19
29.7666,143.1416,10.0,4.3,21,162.0,2.791,0.7,us,10.76,1.519,0.148,13
50.0075,157.8292,10.0,4.4,36,133.0,3.063,0.7,us,10.17,1.902,0.066,66
14.1216,147.171,10.0,4.4,30,96.0,1.733,1.08,us,7.86,1.921,0.126,21
48.7852,156.0314,25.059,4.1,21,135.0,4.455,1.13,us,11.92,6.087,0.151,12
50.84,156.4149,123.572,4.1,18,137.0,2.406,0.58,us,12.4,6.058,0.144,13
84.7431,5.4117,10.0,4.1,18,103.0,4.063,1.31,us,8.21,1.955,0.151,12
-6.3743,104.5726,61.31,4.5,48,51.0,1.602,0.63,us,8.21,7.172,0.099,33
-28.386,-176.6661,10.0,4.3,15,268.0,1.4,0.68,us,8.49,1.947,0.147,13
48.5106,155.3889,10.0,4.9,79,106.0,4.83,0.85,us,10.45,1.836,0.051,124
4.4323,-73.328,10.0,4.9,102,69.0,1.071,0.71,us,8.59,1.868,0.025,485
28.997,86.6568,10.0,4.3,26,163.0,3.966,0.85,us,12.53,1.939,0.119,21
-20.5834,-177.8937,487.173,4.2,28,99.0,4.759,0.99,us,14.92,12.752,0.113,22
51.9306,-167.2686,10.0,3.5,28,227.0,1.425,0.84,us,6.59,2.009,0.221,5
-36.9459,-73.8111,35.0,4.3,28,152.0,2.264,0.92,us,4.67,1.961,0.178,9
16.8258,-93.795,165.948,4.5,117,100.0,0.593,0.8,us,6.83,6.118,0.053,109
-18.1331,-177.961,566.77,4.4,28,124.0,3.035,0.57,us,19.22,12.786,0.123,21
-18.1013,-178.6083,598.491,4.4,30,165.0,2.517,0.47,us,14.83,10.559,0.103,27
41.7454,88.5827,10.0,4.9,105,81.0,6.3,0.58,us,8.19,1.779,0.07,64
-8.1559,108.9349,75.908,4.5,29,47.0,1.447,1.23,us,6.98,7.6,0.102,28
51.3965,159.8057,10.0,4.7,75,128.0,1.778,0.66,us,8.52,1.874,0.081,55
-23.4533,-179.9944,536.206,4.5,38,122.0,5.966,0.84,us,13.89,8.151,0.098,31
-5.7989,147.903,161.579,4.2,16,188.0,3.657,0.48,us,13.7,10.08,0.186,9
-14.5885,-76.5399,10.0,4.2,16,148.0,2.602,0.78,us,10.68,1.933,0.146,13
51.2388,157.6283,75.506,4.1,60,124.0,1.873,0.67,us,10.82,7.455,0.077,46
-21.1203,-69.2998,86.333,4.1,16,70.0,0.191,0.78,us,3.52,5.569,0.213,6
43.3283,-128.1845,10.0,4.0,40,219.0,3.036,0.61,us,12.18,2.012,0.195,7
-8.9619,-108.8322,10.0,4.9,60,132.0,19.691,0.9,us,8.72,1.897,0.06,87
-26.2598,-175.913,10.0,4.9,22,138.0,9.034,0.4,us,13.26,1.904,0.122,21
9.0584,126.4287,46.855,4.5,36,73.0,2.148,0.81,us,8.31,7.67,0.101,29
53.3822,-165.0161,39.246,3.6,63,168.0,0.834,1.21,us,5.94,9.854,0.157,10
-27.0266,-176.063,10.0,5.3,70,69.0,9.72,0.82,us,10.45,1.785,0.052,122
29.4224,129.2133,10.0,4.5,49,54.0,2.339,0.71,us,6.01,1.299,0.115,22
21.2716,99.6496,12.1,4.4,49,87.0,0.057,0.46,us,6.86,3.725,0.093,37
-34.2319,-178.5567,10.0,4.5,17,161.0,4.186,0.63,us,8.18,1.982,0.163,13
51.1533,159.2446,35.0,4.4,35,222.0,1.909,0.65,us,10.44,1.98,0.092,34
-18.7994,-177.669,621.184,4.2,26,231.0,3.647,0.65,us,23.39,20.576,0.105,25
9.9984,125.3254,10.0,4.3,29,84.0,2.921,0.46,us,10.47,1.89,0.113,22
9.3132,93.8317,10.0,4.9,72,107.0,5.745,1.35,us,8.03,1.87,0.077,53
52.2589,160.7648,10.0,5.0,114,147.0,1.499,0.91,us,8.54,1.891,0.047,142
2.0781,127.0014,33.991,5.0,66,62.0,1.348,0.67,us,6.79,1.532,0.055,108
-55.1928,-129.4491,10.0,4.6,16,67.0,30.758,0.75,us,17.7,1.877,0.165,11
-2.0984,139.2894,38.388,4.6,38,107.0,1.268,0.77,us,7.45,7.362,0.087,39
-4.9578,145.1338,76.53,4.2,35,65.0,3.653,0.56,us,8.07,8.348,0.108,24
36.2597,69.7281,158.58,4.1,26,149.0,1.807,1.09,us,6.58,14.377,0.233,5
-40.9829,-86.9533,10.0,4.6,45,121.0,9.769,1.28,us,11.83,1.928,0.096,32
-55.7008,-29.2896,76.67,4.5,20,117.0,4.382,0.7,us,12.32,10.024,0.121,20
13.09,-88.6169,78.191,4.6,70,142.0,0.473,0.7,us,7.59,6.649,0.05,122
51.5736,-179.5005,79.37,4.2,83,163.0,0.429,0.55,us,7.07,5.948,0.07,57
9.7922,-70.8698,10.0,4.4,11,113.0,0.932,1.04,us,8.77,1.969,0.219,6
52.4359,159.9524,74.601,4.6,37,165.0,1.526,1.18,us,6.84,8.095,0.103,28
-8.5317,120.5652,165.216,4.6,47,63.0,1.16,1.13,us,6.13,6.421,0.088,39
-14.762,-75.4116,53.337,4.5,20,137.0,3.089,0.47,us,8.63,8.798,0.115,22
-14.8571,66.7655,10.0,4.5,30,123.0,45.835,0.33,us,10.3,1.773,0.121,20
41.7769,88.5098,10.0,4.5,36,129.0,6.25,0.67,us,10.89,1.931,0.121,20
15.9531,-96.6817,35.0,4.4,101,167.0,0.45,0.91,us,5.64,1.936,0.047,130
-8.2761,107.0433,41.036,4.9,44,173.0,1.007,1.09,us,7.98,6.932,0.107,27
-15.1314,-174.3373,133.876,4.4,45,100.0,2.757,0.52,us,13.01,7.812,0.087,38
51.5668,159.5697,35.0,4.8,90,127.0,1.564,0.93,us,4.9,1.89,0.053,111
54.5521,160.3007,10.0,4.3,36,145.0,1.818,0.68,us,10.94,1.928,0.064,68
-14.5868,166.8485,45.676,4.4,21,138.0,0.921,0.67,us,11.35,8.393,0.139,15
-22.2808,-176.4127,10.0,4.8,51,116.0,6.857,0.83,us,11.43,1.824,0.072,61
-24.8269,-175.6649,35.0,5.2,176,121.0,9.16,0.52,us,12.62,1.858,0.046,158
42.5123,-126.3787,10.0,3.5,48,269.0,1.517,0.85,us,9.49,2.018,0.247,4
-19.9635,-12.372,10.0,5.1,31,211.0,27.203,1.07,us,17.36,1.976,0.101,32
54.3524,58.9495,10.0,3.7,15,89.0,2.066,0.93,us,6.45,1.692,0.251,4
7.4201,126.8239,83.054,4.1,12,135.0,1.283,1.02,us,8.49,9.471,0.198,7
53.4402,-166.8007,79.606,3.4,59,163.0,0.357,0.65,us,8.04,9.242,0.126,15
6.8257,127.1219,58.864,5.2,80,107.0,1.551,0.88,us,8.86,7.268,0.052,124
2.7147,-31.2289,10.0,4.5,27,80.0,9.683,0.85,us,11.08,1.86,0.118,21
36.5526,70.919,191.664,4.3,41,77.0,2.154,0.67,us,7.98,7.825,0.116,21
52.6639,160.9064,10.0,4.6,63,149.0,1.415,0.57,us,9.26,1.916,0.058,89
-19.5181,-173.0066,10.0,4.5,18,161.0,2.941,0.49,us,11.43,1.931,0.14,18
-52.5538,28.2409,10.0,4.5,16,119.0,20.87,0.46,us,10.57,1.901,0.136,16
11.0653,-69.1312,10.0,4.2,12,212.0,1.666,1.42,us,8.79,1.982,0.2,7
7.3879,126.8149,71.064,4.9,92,91.0,1.266,0.7,us,8.8,2.565,0.069,66
19.71,145.0356,192.863,4.2,29,136.0,4.502,0.41,us,11.96,7.428,0.121,19
52.2804,160.8335,35.0,4.3,39,123.0,1.524,0.69,us,10.7,1.943,0.097,30
-57.0789,-25.1358,10.0,4.5,29,95.0,7.002,0.67,us,11.44,1.912,0.102,28
18.6114,120.5524,14.144,4.9,49,119.0,4.214,0.86,us,11.46,5.144,0.074,57
49.562,92.4647,10.0,5.4,94,83.0,5.469,0.87,us,8.22,1.856,0.029,408
53.4343,159.9781,75.887,4.5,161,122.0,1.407,0.65,us,9.72,6.64,0.046,147
8.8225,-84.0746,10.0,4.3,21,145.0,0.916,0.44,us,6.43,1.914,0.178,9
52.395,160.1479,44.785,4.3,34,171.0,1.108,0.76,us,12.64,8.727,0.106,25
36.6789,71.3884,155.622,4.3,44,165.0,1.85,0.53,us,8.83,9.805,0.09,35
-2.8309,130.0069,10.0,4.3,14,122.0,1.683,0.67,us,7.44,1.914,0.202,7
10.9009,123.9271,10.0,5.0,62,51.0,4.142,0.82,us,10.52,1.874,0.072,62
-15.9149,-69.6124,222.783,4.7,67,104.0,1.472,0.87,us,9.5,5.559,0.029,361
-29.9474,-177.8534,64.187,4.8,28,128.0,0.703,1.1,us,10.62,8.165,0.097,33
42.2959,144.652,35.0,4.5,90,132.0,1.146,0.89,us,7.47,1.485,0.063,74
52.4513,160.8208,10.0,4.4,28,176.0,1.439,0.68,us,11.05,1.958,0.126,18
18.3838,145.83,188.605,4.3,21,152.0,3.126,0.85,us,13.94,8.65,0.129,17
3.9525,126.4004,44.415,4.1,19,122.0,1.202,0.98,us,10.65,8.96,0.139,14
1.5145,124.9711,177.068,4.0,22,83.0,0.149,0.85,us,7.82,4.271,0.156,11
50.0176,159.243,10.0,4.3,67,136.0,3.033,0.63,us,9.84,1.924,0.074,52
-1.3104,133.9928,42.419,4.8,86,70.0,1.53,0.68,us,6.26,7.402,0.064,76
52.0317,161.5645,10.0,4.2,37,138.0,2.039,0.53,us,11.95,1.909,0.103,26
-10.4725,123.827,10.0,4.1,17,82.0,0.834,0.33,us,7.11,1.941,0.214,6
52.334,160.3121,13.422,4.7,60,122.0,1.225,0.97,us,9.99,5.119,0.061,82
52.4051,161.6881,10.0,4.1,35,119.0,1.949,0.88,us,11.04,1.924,0.096,30
65.8441,-37.7453,10.0,4.7,59,47.0,5.297,0.57,us,7.6,1.869,0.042,177
6.626,127.0071,10.0,4.4,21,71.0,1.485,0.93,us,4.25,1.928,0.139,18
-6.2398,151.8498,10.0,4.7,43,82.0,1.928,0.49,us,9.5,1.905,0.088,39
50.1143,157.001,37.985,4.6,85,127.0,3.03,0.69,us,10.69,6.683,0.064,74
9.2948,93.9639,10.0,4.6,84,49.0,5.007,0.53,us,9.67,1.856,0.067,66
27.0929,103.5002,10.0,5.2,70,46.0,1.952,0.8,us,8.03,1.842,0.052,123
14.2504,145.3742,107.108,4.4,44,72.0,1.058,0.64,us,10.64,7.304,0.095,32
1.8304,122.8927,434.959,4.0,21,61.0,2.228,1.21,us,10.74,9.095,0.182,9
-6.1939,147.8366,49.905,4.3,25,118.0,3.26,0.62,us,9.15,8.591,0.119,20
65.9215,-37.4413,10.0,4.3,37,127.0,5.392,0.69,us,8.24,1.942,0.091,34
18.7959,145.561,227.288,4.3,57,97.0,3.542,1.04,us,9.47,8.604,0.077,48
52.9004,160.8399,10.0,4.1,40,119.0,1.33,0.91,us,9.09,1.894,0.109,23
52.3212,160.5594,10.0,4.9,58,104.0,1.359,0.53,us,6.51,1.852,0.058,94
34.4314,70.9445,10.0,4.1,17,241.0,1.498,0.27,us,5.78,1.991,0.158,12
-10.3901,114.1785,10.0,4.4,32,113.0,1.908,0.89,us,8.02,1.891,0.138,15
-47.9051,116.1308,10.0,4.5,19,97.0,14.984,0.78,us,13.93,1.874,0.131,17
51.3583,158.5449,35.0,4.4,20,144.0,1.669,0.93,us,5.87,1.958,0.149,13
51.5937,-175.1974,45.284,4.0,57,212.0,0.599,0.92,us,5.67,10.469,0.102,26
-33.9256,-178.3594,10.0,4.5,17,248.0,4.529,0.41,us,14.83,2.001,0.157,12
52.599,160.8781,35.0,4.1,30,121.0,1.418,0.92,us,10.26,1.934,0.099,28
51.4088,158.3431,18.877,4.3,26,126.0,1.628,0.86,us,10.35,5.734,0.129,17
-59.1008,-25.6874,116.763,4.6,30,104.0,7.654,0.49,us,15.24,4.9,0.122,20
-30.3407,-72.0983,13.175,4.2,26,197.0,0.52,0.47,us,3.55,2.277,0.303,3
52.4642,160.713,10.0,4.1,20,207.0,1.374,0.86,us,12.51,2.009,0.127,17
-55.6954,-123.2959,10.0,4.4,14,100.0,28.08,0.67,us,12.81,1.75,0.144,14
-3.5148,140.67,35.0,4.7,37,65.0,0.994,1.05,us,3.89,1.892,0.096,33
50.1042,157.3901,35.0,4.2,69,132.0,3.014,0.62,us,9.4,1.918,0.071,55
51.6973,159.5179,35.0,4.9,117,123.0,1.431,0.99,us,8.77,1.908,0.054,107
51.9732,161.5776,10.0,4.3,21,126.0,2.076,0.42,us,10.18,1.917,0.168,10
51.4268,159.555,28.582,4.4,31,127.0,1.693,0.69,us,9.95,5.95,0.107,25
-17.9166,-178.544,578.78,4.3,31,87.0,2.454,1.17,us,16.54,10.195,0.119,20
16.0167,147.1132,35.0,4.4,41,96.0,1.491,0.93,us,9.42,1.919,0.094,33
32.8569,76.0845,18.813,4.0,21,295.0,6.183,0.77,us,15.87,9.083,0.155,12
51.6259,159.5998,10.0,4.9,91,98.0,1.516,0.59,us,7.63,1.837,0.047,141
-37.99,78.3647,10.0,4.3,27,150.0,40.316,0.75,us,11.43,1.926,0.114,22
25.1128,98.1772,10.0,4.6,55,50.0,4.025,0.6,us,6.02,1.694,0.084,43
-31.2502,-178.2403,35.0,4.6,16,180.0,6.912,0.74,us,13.57,1.875,0.137,16
31.4156,99.7785,10.0,4.3,18,228.0,5.582,0.71,us,8.44,2.008,0.161,11
-27.7912,-178.3832,10.0,4.5,21,222.0,1.503,0.81,us,10.04,1.984,0.132,17
16.8875,-94.4426,112.745,4.1,57,112.0,0.514,0.84,us,4.92,7.248,0.059,78
51.6457,159.3114,59.317,4.5,26,137.0,1.438,0.73,us,6.9,7.486,0.103,28
-34.9561,-179.5571,10.0,4.6,27,114.0,3.122,1.1,us,7.47,1.898,0.122,20
22.9464,96.0654,10.0,4.0,25,110.0,3.662,0.85,us,11.75,1.9,0.144,13
-8.7829,127.2727,10.0,4.6,24,104.0,4.98,0.62,us,10.12,1.894,0.137,18
49.4127,156.648,10.0,4.4,25,138.0,3.759,1.24,us,10.69,1.912,0.12,20
51.6023,159.5305,10.0,4.8,78,126.0,1.523,0.69,us,7.63,1.864,0.057,97
52.895,160.2544,35.0,4.2,25,211.0,0.979,0.58,us,13.43,2.006,0.136,15
34.5739,70.653,10.0,4.4,49,141.0,1.255,0.67,us,8.69,2.428,0.08,45
-18.3721,-71.3946,34.616,4.6,32,137.0,1.0,1.24,us,6.81,5.57,0.119,23
53.063,161.0883,10.0,4.2,24,182.0,1.473,0.65,us,11.12,1.849,0.11,23
-5.8149,112.2394,10.0,4.3,18,100.0,2.168,0.9,us,7.88,1.912,0.16,11
52.4792,160.7599,10.0,4.7,37,165.0,1.393,0.95,us,9.91,1.73,0.108,26
19.5249,-109.1083,10.0,4.2,108,109.0,1.87,0.55,us,8.13,1.922,0.043,154
17.8001,40.1464,10.0,4.6,89,53.0,5.193,0.37,us,7.74,1.804,0.063,75
52.2526,160.4386,25.588,4.7,63,163.0,1.336,0.85,us,12.13,6.713,0.073,57
23.6498,94.7137,121.439,4.4,29,73.0,2.44,0.34,us,8.35,8.427,0.12,20
51.8196,159.2957,46.132,4.3,37,137.0,1.269,0.77,us,9.35,7.58,0.106,25
48.5218,153.455,121.27,4.6,86,128.0,5.321,0.91,us,9.77,7.035,0.031,319
52.3294,160.7829,10.0,4.5,65,123.0,1.473,0.65,us,10.52,1.924,0.064,73
16.7792,41.0783,10.0,4.1,25,138.0,3.875,0.47,us,8.39,1.951,0.145,13
52.2138,160.3446,10.0,4.9,139,86.0,1.313,0.62,us,5.23,1.857,0.041,188
50.5285,156.9016,57.476,4.2,20,135.0,2.631,0.71,us,12.39,8.437,0.147,13
36.1892,136.9978,260.284,4.3,116,72.0,0.652,0.76,us,7.69,5.221,0.055,96
52.3111,159.6624,35.0,4.5,71,134.0,1.437,0.73,us,9.28,1.927,0.181,9
39.3391,114.4477,10.0,4.6,49,96.0,1.494,0.57,us,9.1,1.89,0.073,56
-1.1938,99.9771,75.629,4.6,25,132.0,3.453,0.8,us,9.51,7.5,0.193,13
-24.0951,-66.7639,192.487,4.7,90,58.0,1.727,1.1,us,9.25,6.916,0.033,275
12.9136,121.1533,122.525,4.4,55,108.0,7.26,0.69,us,9.23,7.42,0.084,40
-13.3912,167.9925,622.667,4.2,101,45.0,2.182,0.69,us,10.74,7.166,0.053,99
42.9029,45.2572,10.0,4.2,30,60.0,0.606,0.67,us,6.08,1.954,0.087,37
65.8577,-37.4704,10.0,4.4,99,128.0,5.4,0.57,us,8.5,1.93,0.058,86
-56.2613,-27.1118,101.546,4.3,20,182.0,5.714,0.93,us,17.99,3.156,0.161,14
-1.9247,139.1336,35.0,4.1,17,125.0,1.159,0.99,us,4.75,1.785,0.157,11
29.0741,129.6197,10.0,4.5,29,130.0,2.528,0.94,us,7.82,1.907,0.145,14
51.4736,158.4131,48.203,4.3,66,134.0,1.559,0.72,us,4.9,7.584,0.075,50
52.2522,160.364,10.0,4.2,15,152.0,1.299,0.45,us,11.23,1.973,0.2,7
51.6114,159.5838,25.735,4.5,64,115.0,1.526,1.16,us,8.6,5.421,0.067,64
-20.4167,-177.6757,528.864,4.2,26,112.0,4.818,0.41,us,8.14,10.586,0.121,19
50.5716,159.2754,10.0,4.6,63,132.0,2.486,0.76,us,8.86,1.891,0.069,62
51.3157,160.1429,10.0,4.6,15,167.0,1.942,0.77,us,8.12,1.959,0.137,21
-6.5081,143.433,10.0,4.2,38,99.0,3.878,0.79,us,9.16,1.885,0.102,27
-29.8167,-71.7071,15.937,4.3,34,145.0,0.42,0.88,us,4.0,1.788,0.16,11
-7.0898,125.6438,517.463,4.8,31,59.0,2.978,0.73,us,14.08,10.018,0.109,26
51.6639,159.0734,58.882,4.1,17,137.0,1.674,0.41,us,14.34,6.011,0.13,16
52.2331,160.285,35.0,4.4,38,134.0,1.273,0.94,us,8.05,1.948,0.103,27
-7.1861,128.9031,152.02,4.3,14,77.0,5.248,1.0,us,8.27,9.954,0.153,12
-3.5108,101.305,43.266,4.3,43,146.0,1.85,0.85,us,9.87,8.262,0.106,29
51.5321,159.5113,20.719,4.9,78,127.0,1.585,1.31,us,8.37,5.338,0.043,167
53.0191,159.7545,59.686,4.6,100,88.0,0.667,1.03,us,8.32,6.012,0.039,197
51.912,159.6371,61.6,4.4,61,138.0,1.266,0.58,us,8.68,5.192,0.077,49
37.7305,141.67,84.827,4.3,27,161.0,3.009,0.74,us,8.81,10.154,0.177,9
36.7212,25.7026,10.0,4.4,52,50.0,1.663,0.63,us,4.03,1.883,0.089,36
52.4216,161.1532,10.0,4.2,40,134.0,1.637,0.88,us,7.82,1.902,0.104,26
-29.8408,-177.7271,81.137,4.4,18,257.0,9.675,0.63,us,20.62,14.532,0.13,18
52.4138,160.1102,51.517,4.2,25,166.0,1.623,0.63,us,13.34,9.04,0.132,17
14.6594,-94.3057,10.0,4.1,21,203.0,2.06,0.75,us,5.47,1.966,0.175,9
51.3099,159.8509,10.0,4.1,19,193.0,1.869,0.34,us,11.25,1.99,0.145,13
51.4401,160.6108,10.0,4.1,28,128.0,1.992,0.69,us,10.53,1.92,0.117,23
48.2169,154.44,49.918,4.1,22,136.0,5.317,0.61,us,10.83,9.2,0.14,14
57.3297,-32.9584,10.0,4.5,25,112.0,9.321,0.58,us,12.6,1.922,0.121,20
-23.9944,-66.8068,220.986,4.3,21,135.0,1.632,0.33,us,5.88,16.324,0.168,10
-2.7944,137.0708,47.324,4.6,18,63.0,1.081,0.41,us,7.18,9.332,0.141,15
52.0936,160.6397,10.0,4.3,22,163.0,1.531,1.25,us,10.5,1.918,0.147,13
-8.135,-74.4482,156.869,4.4,60,107.0,1.773,0.82,us,8.04,7.37,0.07,62
52.1862,160.3937,35.0,4.8,53,123.0,1.884,0.85,us,10.08,1.923,0.08,49
51.5942,159.7,35.0,4.8,34,127.0,1.57,0.95,us,7.03,1.82,0.102,30
-15.5916,-7.1765,10.0,4.4,17,91.0,1.425,1.16,us,11.46,1.905,0.138,15
12.7547,49.3782,10.0,4.2,31,78.0,5.173,0.53,us,9.73,1.908,0.112,22
-18.6469,-175.7455,278.959,4.4,29,135.0,5.134,0.51,us,15.27,8.591,0.097,31
-4.2717,102.1788,52.473,4.9,62,89.0,0.78,0.83,us,7.03,6.819,0.082,46
-16.726,-173.5381,77.373,4.2,16,129.0,3.273,0.39,us,15.32,9.299,0.152,12
19.1898,121.2637,29.92,4.9,83,105.0,3.614,1.02,us,9.8,5.475,0.051,119
-6.3636,150.4086,10.0,4.3,17,118.0,2.602,0.41,us,9.12,1.632,0.154,12
51.4181,159.6997,10.0,5.3,110,80.0,1.733,1.01,us,7.52,1.777,0.026,488
22.7731,143.4107,91.2,4.1,17,163.0,4.445,1.1,us,15.73,7.465,0.166,10
-6.2897,151.9767,10.0,4.7,67,68.0,1.971,0.72,us,8.11,1.874,0.074,55
50.883,157.5496,59.041,4.1,29,144.0,2.231,1.23,us,12.86,8.829,0.12,19
54.539,-160.0858,35.0,3.7,66,158.0,0.411,0.82,us,4.92,1.918,0.159,10
53.2956,159.9478,60.943,4.3,20,142.0,0.828,0.7,us,12.36,11.465,0.168,10
52.2228,160.6468,23.418,4.3,17,177.0,1.458,1.02,us,12.89,7.875,0.217,8
51.4217,16.2483,5.0,4.5,67,47.0,1.074,0.93,us,4.12,1.88,0.091,38
1.6029,127.2081,99.575,4.0,35,89.0,3.556,0.78,us,10.0,7.708,0.11,23
52.7905,160.529,10.0,4.2,69,150.0,1.162,0.97,us,9.03,1.921,0.064,68
33.9463,87.78,10.0,4.2,46,142.0,5.099,0.61,us,11.62,1.907,0.1,28
-41.3503,-75.3033,10.0,4.4,24,141.0,2.049,0.75,us,9.03,1.922,0.144,14
23.9296,122.3211,22.534,4.3,29,84.0,0.707,0.62,us,3.18,5.819,0.154,12
52.9211,160.9548,10.0,4.2,28,188.0,1.398,0.65,us,11.32,1.979,0.106,25
-43.0653,-82.4902,10.0,4.6,27,152.0,7.513,1.33,us,8.08,1.88,0.107,26
-30.4607,-177.7927,35.0,5.0,61,127.0,7.787,0.88,us,11.78,1.874,0.051,124
51.7783,158.4428,59.378,4.3,71,123.0,1.253,0.61,us,9.22,7.562,0.056,90
-6.7124,155.2234,46.005,4.3,46,87.0,3.943,1.06,us,11.28,6.159,0.09,40
51.6371,159.4358,35.0,4.2,13,155.0,1.47,1.14,us,9.9,1.984,0.199,7
45.1009,149.5681,88.928,4.7,74,127.0,5.076,0.68,us,10.58,7.688,0.07,62
4.118,126.796,30.662,4.4,39,113.0,1.448,0.99,us,8.99,5.887,0.095,32
52.5349,160.6137,10.0,4.4,32,122.0,1.289,0.31,us,7.83,1.896,0.12,20
37.992,22.1357,10.0,4.3,16,99.0,0.829,0.91,us,4.05,1.956,0.217,6
41.0148,51.8809,53.722,4.2,41,134.0,2.641,0.88,us,10.16,10.756,0.084,39
-36.3787,-110.3703,10.0,4.5,39,131.0,32.825,0.77,us,15.57,1.908,0.089,37
13.1425,-91.0373,10.0,4.4,55,183.0,1.437,1.31,us,4.14,1.955,0.042,166
-20.4455,-177.7273,466.653,4.2,38,97.0,7.47,0.56,us,7.01,9.797,0.096,30
50.2371,158.41,10.0,4.4,34,216.0,2.794,0.82,us,10.03,1.97,0.105,26
50.2411,158.8955,27.34,4.8,86,134.0,2.791,0.53,us,9.43,4.544,0.044,160
51.5092,160.9855,10.0,4.4,94,113.0,2.088,0.7,us,9.03,1.869,0.061,77
-31.9718,-178.4477,35.0,4.7,25,135.0,2.754,1.1,us,9.34,1.898,0.12,23
56.6476,-33.8229,10.0,4.3,14,125.0,8.707,0.43,us,11.55,1.945,0.189,8
52.544,160.7502,10.0,4.5,25,152.0,1.363,0.84,us,10.26,1.952,0.127,18
51.137,159.8127,10.0,4.7,34,129.0,2.021,1.09,us,8.03,1.653,0.104,28
-27.7472,-177.7778,10.0,4.8,17,136.0,1.498,0.73,us,7.37,1.93,0.16,13
-41.7988,-83.9195,10.0,5.3,59,138.0,10.123,0.93,us,8.17,1.771,0.037,240
2.9959,128.2359,62.029,4.2,21,86.0,2.374,0.71,us,3.8,8.706,0.159,12
-7.5618,-79.9607,53.72,4.5,60,122.0,5.11,0.44,us,10.66,9.006,0.069,63
10.9734,-62.3724,93.251,4.5,83,84.0,1.35,0.63,us,6.84,5.437,0.056,93
50.3895,158.6931,10.0,4.5,47,132.0,2.638,0.66,us,9.75,1.905,0.083,42
50.4323,160.0336,10.0,4.4,38,134.0,2.734,0.53,us,10.87,1.925,0.099,29
4.9649,126.051,76.493,4.3,41,107.0,0.615,0.74,us,8.03,7.579,0.088,36
-28.9838,-112.3195,10.0,4.6,23,153.0,3.222,0.61,us,7.96,1.923,0.129,18
51.4632,159.3405,35.0,4.2,27,193.0,1.619,0.78,us,11.93,1.989,0.128,17
10.6179,-62.4411,99.591,4.1,23,137.0,1.691,1.11,us,10.22,9.846,0.233,5
6.9709,126.7077,81.914,5.3,25,112.0,1.125,0.7,us,10.2,8.07,0.133,19
-5.8209,150.7281,54.508,4.1,18,138.0,2.16,0.77,us,11.08,6.824,0.146,15
51.8385,159.1797,35.0,5.5,123,94.0,1.23,0.87,us,7.56,1.833,0.021,774
-22.0283,-68.5443,117.636,4.0,22,84.0,0.688,0.77,us,4.84,7.517,0.149,12
-8.826,33.3228,10.0,4.7,36,108.0,7.957,0.99,us,10.95,1.888,0.096,33
-5.7636,-80.7809,55.95,4.4,48,134.0,3.611,0.51,us,10.98,4.792,0.082,43
15.8014,146.1953,123.377,4.5,38,145.0,0.681,1.12,us,14.72,7.453,0.095,32
51.9812,160.3504,28.392,4.5,32,137.0,1.473,1.22,us,12.51,6.108,0.118,21
51.8057,158.3647,66.277,4.2,40,124.0,1.232,0.78,us,8.48,7.596,0.108,25
52.3363,159.7504,37.28,4.4,33,120.0,0.96,0.77,us,9.23,4.459,0.095,32
34.4855,139.4665,10.0,4.4,25,130.0,1.397,0.72,us,4.43,1.899,0.162,11
53.8472,160.0143,81.974,4.6,43,168.0,1.161,0.66,us,11.32,9.072,0.085,45
0.7895,123.8201,252.173,4.5,30,90.0,3.055,0.8,us,8.54,10.989,0.109,25
51.5332,159.6339,31.098,4.4,36,136.0,1.61,0.93,us,10.1,6.129,0.096,34
52.2109,160.841,10.0,4.7,37,123.0,1.564,0.6,us,9.68,1.891,0.103,29
-31.9385,-69.9338,108.723,4.2,40,63.0,0.891,0.69,us,5.44,6.489,0.128,18
52.8415,161.0175,10.0,5.6,57,148.0,1.445,0.96,us,9.89,1.915,0.079,56
42.3287,144.4751,35.019,4.1,33,175.0,1.029,1.07,us,7.64,8.98,0.111,22
-44.2974,-82.1364,10.0,4.1,7,200.0,9.266,0.12,us,13.23,1.994,0.213,6
50.9661,158.7269,38.109,4.5,51,129.0,2.061,0.94,us,9.45,7.362,0.054,101
-62.5639,-159.07,10.0,4.6,23,106.0,18.679,0.89,us,15.62,1.9,0.152,13
49.2104,156.0509,24.768,4.6,50,138.0,4.038,0.71,us,8.14,6.484,0.069,63
51.7945,158.4856,55.333,4.6,18,138.0,1.235,0.87,us,11.68,7.851,0.128,18
15.52,120.0935,59.843,4.7,62,80.0,7.318,0.8,us,9.77,7.196,0.086,41
-24.2133,-177.1467,149.568,4.9,37,123.0,7.843,0.89,us,13.38,6.821,0.11,26
21.5879,95.5933,10.0,4.5,37,179.0,3.17,1.34,us,9.81,1.951,0.108,25
17.3779,145.4727,323.484,4.1,25,121.0,2.147,0.65,us,8.31,10.703,0.12,19
51.1136,159.1374,10.0,4.2,22,129.0,1.936,0.81,us,10.39,1.925,0.125,18
17.8827,120.8943,10.0,4.6,74,101.0,4.913,0.62,us,11.36,1.898,0.067,67
9.6107,39.7979,10.0,4.9,58,71.0,1.313,0.95,us,8.8,1.867,0.07,63
-9.4187,152.758,10.0,4.3,22,111.0,5.524,0.45,us,8.36,1.913,0.138,15
-21.4352,-178.4982,474.219,4.4,36,170.0,4.904,0.32,us,16.06,11.385,0.092,34
-6.6339,147.6278,42.999,4.2,15,101.0,2.792,0.69,us,6.81,10.122,0.198,7
-16.2898,66.8529,10.0,4.7,42,57.0,4.781,0.48,us,11.34,1.854,0.093,35
-0.2104,130.6163,10.0,4.9,48,47.0,0.913,0.95,us,6.35,1.887,0.074,57
19.3729,-109.0451,10.0,4.3,20,123.0,1.873,0.81,us,9.31,1.94,0.096,31
-54.1579,-136.4096,10.0,4.8,27,105.0,36.01,0.63,us,15.71,1.867,0.124,23
52.8568,159.5039,61.315,4.1,27,134.0,0.543,0.97,us,10.57,6.339,0.145,13
27.5908,56.1931,10.0,4.1,16,135.0,2.635,0.82,us,14.37,1.951,0.158,11
44.3837,149.5287,35.0,5.1,82,98.0,4.989,0.85,us,10.0,1.861,0.075,57
-6.8648,128.5397,10.0,4.4,22,105.0,5.111,0.75,us,8.42,1.902,0.13,17
52.2529,159.1501,69.104,4.2,21,229.0,0.83,0.78,us,13.12,8.87,0.152,12
43.5148,148.0085,10.0,4.3,26,156.0,3.873,1.2,us,10.52,1.851,0.16,14
53.5129,160.1176,66.432,4.8,105,126.0,1.009,0.55,us,10.23,6.956,0.056,100
13.3398,-44.6913,10.0,5.0,117,75.0,11.331,0.45,us,8.23,1.897,0.037,233
49.4111,154.816,106.074,4.4,65,134.0,4.121,0.47,us,11.5,8.083,0.054,100
-17.5392,-69.3885,151.621,4.4,18,84.0,0.101,0.8,us,5.86,6.211,0.17,11
49.9739,159.5534,10.0,4.3,36,170.0,3.106,0.73,us,10.24,1.946,0.114,22
9.1574,93.9195,10.0,4.6,82,49.0,4.925,0.3,us,8.67,1.842,0.062,79
53.139,160.6926,31.171,4.2,16,172.0,1.238,1.3,us,14.05,9.317,0.166,10
-18.9602,-69.4287,116.834,4.4,40,103.0,0.739,1.03,us,5.57,3.922,0.105,28
51.5604,159.3414,35.0,4.3,24,127.0,1.526,0.62,us,9.47,1.945,0.143,17
-21.6104,168.9865,10.0,4.4,31,116.0,1.742,0.56,us,9.5,1.909,0.108,25
52.7353,160.6301,35.0,4.3,38,174.0,1.234,0.98,us,6.71,1.951,0.093,33
49.8497,157.0971,24.164,4.3,21,133.0,3.285,0.58,us,8.46,5.086,0.188,8
51.2802,159.4809,10.0,4.4,28,221.0,1.819,1.02,us,8.16,1.965,0.12,20
1.9802,126.5247,54.48,4.3,40,64.0,2.927,0.96,us,3.26,7.55,0.108,24
7.6895,126.9736,35.0,4.9,56,46.0,1.514,1.02,us,7.27,1.874,0.071,62
29.3013,129.5496,10.0,4.6,39,92.0,2.335,0.99,us,5.33,1.91,0.151,22
7.669,136.9808,10.0,4.6,41,100.0,2.506,0.68,us,9.85,1.879,0.082,44
51.6098,159.5587,23.56,5.0,39,122.0,1.522,0.66,us,10.06,6.075,0.077,54
52.1653,161.4418,10.0,5.0,128,87.0,1.907,0.72,us,7.05,1.351,0.027,419
37.9542,20.9645,66.039,4.2,29,163.0,1.087,0.7,us,6.54,6.204,0.167,10
-49.4283,-8.074,10.0,4.5,17,81.0,22.446,0.74,us,13.26,1.934,0.132,17
52.1837,160.4573,25.466,4.9,166,96.0,1.386,0.52,us,9.1,5.656,0.04,191
54.4392,-160.3767,38.202,4.0,48,155.0,0.603,0.91,us,6.58,8.526,0.125,17
-6.9829,129.5921,150.547,4.1,22,132.0,4.827,0.78,us,10.27,5.309,0.135,15
51.4836,159.7335,25.182,4.6,56,157.0,1.68,0.92,us,8.55,5.381,0.077,51
-4.8916,152.2379,58.116,4.6,34,126.0,0.618,0.6,us,9.16,7.439,0.109,25
-20.6853,-174.1519,10.0,4.6,22,135.0,7.109,0.47,us,13.65,1.659,0.141,15
-17.5898,-171.6865,10.0,4.1,11,99.0,2.231,0.92,us,10.43,1.945,0.261,4
37.6199,21.6277,10.0,4.3,40,88.0,0.5,0.8,us,5.43,1.908,0.129,17
-57.3621,148.6989,10.0,4.7,21,113.0,19.915,0.61,us,16.26,1.925,0.133,17
51.8105,158.4135,73.035,4.4,75,124.0,1.223,0.76,us,8.4,5.067,0.047,133
51.1723,159.6536,10.0,4.2,19,231.0,1.955,1.05,us,11.36,1.957,0.147,13
-31.2347,-73.0604,10.0,4.3,23,146.0,1.765,0.37,us,6.58,1.463,0.237,5
50.0651,158.4779,10.0,4.3,25,128.0,2.964,0.64,us,9.41,1.829,0.138,16
39.3435,73.5168,10.0,4.1,20,112.0,1.167,0.68,us,3.13,1.864,0.261,4
-55.4729,-28.2657,51.736,4.8,67,72.0,4.895,0.44,us,10.17,3.875,0.073,57
56.4829,113.4066,10.0,4.3,23,109.0,7.487,0.9,us,9.71,1.932,0.153,12
-47.7943,115.8814,10.0,4.5,17,128.0,14.885,0.67,us,9.59,1.921,0.144,14
6.4655,62.1701,10.0,4.4,26,112.0,35.679,0.79,us,14.15,1.918,0.12,22
51.5426,160.0946,10.0,4.4,35,182.0,1.728,0.76,us,8.98,1.942,0.101,28
31.9149,104.5459,10.0,4.3,32,99.0,4.092,0.66,us,10.37,1.913,0.125,18
33.1397,131.1214,9.817,4.9,114,69.0,1.721,0.57,us,6.45,4.225,0.059,90
27.982,139.8043,426.619,4.4,91,58.0,2.29,0.61,us,11.27,7.316,0.062,76
49.8432,155.9557,68.479,4.2,45,132.0,3.446,1.14,us,10.52,6.508,0.1,32
52.6078,160.3815,38.482,4.8,99,127.0,1.13,0.75,us,10.83,6.964,0.053,111
52.7943,160.4277,10.0,4.2,40,155.0,1.101,0.65,us,6.08,1.971,0.093,32
51.6429,160.2175,10.0,4.2,17,149.0,1.684,0.78,us,10.82,1.975,0.167,13
-20.594,-178.6689,614.565,4.6,56,79.0,4.199,0.84,us,12.78,2.508,0.033,270
52.5993,160.9951,21.159,4.4,18,147.0,1.485,1.09,us,13.32,7.155,0.162,11
52.8614,160.8778,29.485,4.6,36,119.0,1.358,1.02,us,11.21,6.258,0.109,25
50.0368,157.5188,33.667,5.3,106,136.0,3.073,0.69,us,11.45,5.589,0.059,96
-17.8872,167.1528,10.0,4.2,12,175.0,2.427,0.7,us,7.41,1.923,0.235,6
14.5403,-90.7044,7.442,4.2,28,128.0,0.2,0.47,us,5.31,6.004,0.128,17
52.0881,161.0854,10.0,4.7,12,191.0,2.304,1.37,us,8.24,1.996,0.174,10
-16.0973,-173.7617,188.553,4.1,23,119.0,2.897,0.78,us,11.19,13.421,0.124,18
-52.9705,-45.2026,10.0,4.4,16,110.0,5.351,0.71,us,9.04,1.776,0.155,14
50.1719,158.2134,25.912,4.1,15,163.0,2.869,0.76,us,13.71,6.753,0.197,8
49.8252,159.7464,10.0,4.4,72,137.0,3.275,0.8,us,8.43,1.469,0.072,56
-5.0493,131.0181,42.308,4.3,32,70.0,1.227,0.86,us,6.02,6.738,0.129,17
51.5711,159.8421,10.0,4.2,29,127.0,1.628,1.04,us,9.34,1.904,0.121,22
-23.1952,-179.7067,582.437,4.0,17,129.0,5.815,0.74,us,18.23,14.213,0.164,10
-15.4349,67.0469,10.0,4.4,30,60.0,5.545,0.78,us,12.34,1.866,0.115,22
31.9675,131.9413,31.361,4.4,44,98.0,1.348,0.81,us,5.9,6.555,0.107,25
15.6519,-97.5171,10.0,4.3,52,222.0,0.495,0.95,us,5.38,1.941,0.078,47
-16.5308,-177.4235,422.761,4.0,20,114.0,3.076,0.98,us,16.36,9.633,0.129,16
-18.4639,-178.0883,459.62,4.3,67,33.0,7.563,0.68,us,12.07,6.874,0.041,171
9.1076,93.8628,10.0,4.3,26,199.0,5.694,0.65,us,13.63,1.962,0.133,16
52.3535,159.8069,55.322,4.2,56,208.0,0.973,0.63,us,13.25,10.601,0.068,59
-5.5229,132.1019,10.0,4.3,25,104.0,2.591,0.51,us,8.65,1.886,0.138,18
27.1196,140.2645,440.762,4.3,52,97.0,1.711,0.78,us,12.24,7.105,0.051,108
-27.0844,-70.0839,68.743,4.5,48,75.0,0.363,0.8,us,3.94,4.794,0.089,37
21.9585,119.7862,10.0,4.9,65,93.0,1.471,0.73,us,6.93,1.881,0.046,149
-35.5154,179.0807,10.0,4.1,13,245.0,2.136,0.61,us,12.65,2.004,0.214,6
-19.081,-177.6101,559.298,4.2,38,88.0,3.87,1.15,us,14.36,8.306,0.096,30
36.7263,25.8016,10.0,4.1,26,133.0,1.611,0.75,us,5.93,1.936,0.175,9
-15.8409,168.1644,187.857,4.4,22,232.0,1.005,0.86,us,12.8,7.768,0.127,18
14.9218,-94.5355,10.0,4.4,38,158.0,2.678,0.71,us,9.25,1.928,0.098,30
51.2698,159.8048,10.0,4.8,52,129.0,1.895,1.08,us,8.9,1.887,0.063,77
6.9583,-73.1465,149.925,4.1,31,156.0,2.403,0.86,us,9.76,11.607,0.114,21
53.1244,161.5648,24.129,4.6,92,104.0,1.761,0.84,us,8.71,5.149,0.063,75
25.9012,128.4819,10.0,4.3,25,80.0,0.95,1.14,us,5.84,1.92,0.178,9
-15.9547,-73.6683,63.994,4.9,77,137.0,5.004,0.54,us,10.44,6.167,0.052,114
-17.9896,-179.863,573.704,4.1,22,150.0,2.0,0.5,us,19.69,14.253,0.123,18
49.1808,156.0573,35.0,4.8,125,135.0,4.066,0.54,us,9.23,1.914,0.052,114
34.6969,70.789,10.0,4.5,28,136.0,1.377,0.67,us,10.65,2.313,0.089,37
-21.1435,-11.4638,10.0,4.6,15,90.0,27.317,0.87,us,15.86,1.918,0.146,14
52.1916,160.8387,33.507,4.5,35,179.0,1.573,0.91,us,12.16,7.013,0.079,47
-33.6042,-178.6284,10.0,4.4,15,172.0,4.387,0.87,us,11.98,1.967,0.22,6
7.4719,94.371,10.0,4.4,24,92.0,3.394,0.83,us,9.89,1.89,0.135,16
-0.1615,-18.186,10.0,4.3,14,88.0,8.61,0.75,us,12.31,1.939,0.161,11
50.7851,157.6646,41.065,4.6,56,135.0,2.323,1.01,us,11.52,7.353,0.056,95
-57.2637,-66.5438,10.0,4.5,18,129.0,2.415,0.73,us,13.66,1.952,0.144,14
54.5816,160.4498,10.0,4.3,35,107.0,1.891,0.74,us,5.81,1.601,0.059,82
-55.7918,-26.7357,10.0,4.3,14,119.0,5.808,0.4,us,11.99,1.914,0.154,13
41.192,78.5358,10.0,4.8,69,94.0,1.311,0.81,us,6.08,1.864,0.054,104
51.4402,159.5518,21.448,4.9,66,126.0,1.68,0.57,us,9.03,5.759,0.076,55
50.1038,155.7078,100.521,4.7,57,135.0,3.255,0.5,us,8.38,7.224,0.047,136
-7.7428,129.0868,82.62,4.3,24,37.0,5.166,0.91,us,8.96,7.702,0.126,18
51.0974,-179.4144,37.326,3.8,57,218.0,0.592,0.63,us,4.73,4.068,0.154,11
29.4276,129.1139,10.0,4.5,25,109.0,2.375,0.71,us,5.61,1.852,0.144,14
27.4676,52.5955,10.0,4.9,67,80.0,4.101,0.62,us,7.36,1.852,0.046,145
-33.8345,-179.1911,49.256,4.3,15,254.0,4.24,0.73,us,11.5,12.707,0.177,9
52.8794,160.8061,10.0,4.5,39,173.0,1.312,1.33,us,6.3,1.946,0.099,30
51.7133,159.8842,10.0,4.6,105,127.0,1.515,0.8,us,7.92,1.892,0.051,115
51.7021,159.5088,35.0,4.7,47,115.0,1.424,0.91,us,6.2,1.92,0.084,43
50.5179,157.9788,29.165,4.3,34,131.0,2.544,0.95,us,10.15,6.188,0.099,29
52.8071,160.4153,35.0,4.2,37,165.0,1.091,0.72,us,12.26,1.969,0.1,28
51.4903,160.8763,10.0,4.3,50,128.0,2.057,0.75,us,7.83,1.794,0.086,38
2.6102,96.0428,38.295,4.4,28,196.0,2.879,0.45,us,12.41,9.038,0.13,17
53.5383,160.2462,53.034,4.1,23,163.0,1.089,0.55,us,12.95,11.564,0.12,19
44.0448,-28.3804,10.0,4.5,59,121.0,6.637,0.42,us,11.25,1.898,0.064,72
-23.6168,179.4271,568.898,4.5,33,168.0,5.982,0.42,us,12.27,7.538,0.097,31
29.8426,130.6165,51.599,4.3,27,129.0,1.667,0.52,us,10.22,8.852,0.137,15
-18.6102,65.3227,10.0,4.5,19,81.0,2.169,0.51,us,13.63,1.886,0.144,14
52.6933,160.986,10.0,4.4,49,134.0,1.454,0.66,us,11.39,1.911,0.092,34
25.8597,59.9821,10.0,4.1,28,219.0,3.536,0.54,us,9.72,1.893,0.114,21
9.3798,93.9613,10.0,4.6,21,81.0,5.626,0.74,us,12.16,1.9,0.151,13
18.866,145.0601,620.987,4.0,19,147.0,3.672,0.74,us,18.22,15.708,0.125,17
60.3727,-139.3832,8.723,4.3,47,57.0,0.515,0.7,us,2.12,5.034,0.239,5
-15.9896,-173.4176,10.0,4.8,39,55.0,3.255,0.71,us,8.93,1.872,0.05,123
14.1197,-92.9129,10.0,4.5,67,206.0,1.189,0.81,us,8.57,1.987,0.054,99
0.2595,126.0832,44.422,4.5,62,34.0,1.38,0.71,us,5.07,6.004,0.078,53
11.2757,124.1791,10.0,4.3,11,148.0,4.402,0.22,us,14.16,1.952,0.177,9
-60.1407,-62.1748,10.0,4.5,17,130.0,4.731,0.68,us,10.12,1.921,0.139,15
54.4231,-159.7891,24.221,4.2,93,168.0,0.425,0.73,us,3.85,5.893,0.152,12
52.2977,160.7498,10.0,4.3,29,152.0,1.471,1.14,us,9.71,1.962,0.122,19
-3.3941,149.0769,10.0,4.3,23,120.0,2.173,0.59,us,6.02,1.836,0.143,14
-23.8747,-179.8676,503.624,4.3,41,140.0,6.401,0.58,us,14.86,8.899,0.109,24
1.2621,96.7469,10.0,4.8,42,189.0,2.599,1.21,us,10.58,1.938,0.093,36
52.6369,160.1565,35.0,4.4,28,121.0,0.993,0.91,us,10.71,1.948,0.138,15
51.7739,160.9882,10.0,4.3,13,155.0,1.902,0.9,us,12.16,1.952,0.238,7
-16.2769,-177.683,10.0,4.3,16,273.0,2.835,0.72,us,8.31,1.998,0.148,13
-3.2368,101.3683,58.687,5.2,84,125.0,1.938,0.77,us,6.98,7.137,0.069,70
48.5464,157.2603,10.0,4.8,93,122.0,4.568,0.71,us,11.67,1.864,0.046,144
-47.9879,116.6016,10.0,4.6,16,96.0,15.051,0.95,us,10.84,1.955,0.146,14
51.4367,159.4866,31.169,4.5,49,137.0,1.67,0.87,us,9.05,4.591,0.083,43
-7.2885,129.1976,134.863,4.3,23,50.0,5.298,1.37,us,7.29,11.19,0.177,9
51.4892,159.7334,10.0,4.9,131,81.0,1.675,0.65,us,7.32,1.797,0.052,115
-17.9541,-178.8655,575.622,4.3,27,195.0,2.236,0.92,us,20.82,13.982,0.113,22
52.2444,160.6286,10.0,4.5,31,118.0,1.436,0.88,us,10.79,1.914,0.111,24
-20.9109,-178.572,590.807,4.8,63,54.0,4.48,0.84,us,10.36,6.532,0.034,270
-17.7132,168.0571,37.638,4.6,32,181.0,2.397,0.43,us,8.3,4.952,0.105,27
4.1563,126.7115,38.154,4.2,31,110.0,1.356,0.85,us,7.6,8.11,0.112,24
50.2881,159.6747,10.0,4.0,25,134.0,2.813,0.64,us,11.15,1.929,0.134,15
7.159,126.739,79.427,4.3,33,131.0,1.154,1.16,us,11.18,7.694,0.105,26
-23.9974,-66.862,199.784,4.5,28,69.0,1.595,0.83,us,10.64,8.5,0.119,21
-21.6349,-68.4385,120.808,4.3,96,60.0,0.764,0.74,us,5.92,5.977,0.057,86
52.2324,160.5178,28.062,4.2,18,124.0,1.387,0.59,us,5.57,6.387,0.146,14
-41.223,80.6611,10.0,4.5,22,115.0,25.978,0.76,us,13.48,1.911,0.132,19
-14.896,66.8835,10.0,4.5,34,139.0,45.783,0.5,us,16.61,1.925,0.099,30
-31.0238,-71.9066,31.428,4.2,32,150.0,0.42,0.91,us,3.61,6.081,0.159,11
51.4159,161.019,10.0,4.3,48,135.0,2.172,0.31,us,11.21,1.904,0.09,35
39.4008,143.2437,28.747,4.7,26,194.0,2.172,1.31,us,8.7,7.782,0.137,16
51.9173,90.6931,10.0,4.5,58,53.0,4.095,1.26,us,9.4,1.919,0.053,104
41.2096,142.1449,54.88,4.9,62,112.0,0.919,0.63,us,5.69,5.625,0.063,79
50.8851,158.0583,31.499,4.4,32,135.0,2.173,1.05,us,13.03,6.551,0.107,25
-5.3724,68.6478,10.0,4.6,31,154.0,4.29,0.5,us,7.75,1.799,0.129,18
49.1386,157.7232,10.0,4.1,19,139.0,3.934,0.55,us,8.89,1.938,0.158,12
52.2235,160.4049,35.0,5.0,135,118.0,1.336,0.7,us,8.74,1.909,0.034,281
-31.0885,-178.2767,43.562,4.7,17,170.0,1.846,0.8,us,8.0,8.38,0.143,15
35.6682,140.1503,73.845,4.4,28,126.0,1.798,0.64,us,4.86,9.245,0.155,12
53.543,-163.5715,18.535,4.3,62,175.0,1.108,0.69,us,2.82,4.634,0.1,28
-17.7322,-178.7735,551.011,4.4,80,76.0,2.17,0.79,us,11.52,6.709,0.032,276
16.3742,-59.7104,10.0,4.9,51,129.0,1.303,0.66,us,7.28,1.934,0.04,199
52.8664,160.9121,30.509,4.1,16,165.0,1.378,1.26,us,14.47,9.006,0.157,11
37.0973,140.4289,98.472,4.8,154,123.0,1.866,0.59,us,7.74,6.691,0.049,130
39.414,143.4827,10.0,4.3,20,192.0,2.308,0.74,us,9.81,1.974,0.168,10
51.914,160.1233,35.0,4.7,42,187.0,1.431,1.0,us,9.38,1.964,0.07,63
34.7116,70.7627,10.0,4.3,32,209.0,1.357,0.85,us,7.6,1.964,0.104,26
42.8324,146.8576,10.0,4.2,13,192.0,2.859,1.17,us,8.77,1.985,0.216,6
-16.5534,177.0266,10.0,4.7,12,79.0,1.538,0.86,us,7.79,1.914,0.194,8
-0.5362,119.6582,10.0,4.2,17,135.0,1.985,1.0,us,9.04,1.942,0.147,13
51.1178,-175.9955,10.0,4.0,42,203.0,0.788,0.5,us,4.63,1.918,0.108,23
28.4689,53.207,10.0,4.3,36,65.0,4.416,0.6,us,7.74,1.901,0.122,19
49.6348,157.3719,35.0,4.4,24,137.0,3.484,0.77,us,13.16,1.951,0.112,23
12.8559,145.4504,10.0,4.6,50,102.0,0.923,0.53,us,8.61,1.896,0.082,44
52.022,160.3219,10.0,4.1,14,124.0,1.432,0.93,us,11.01,1.942,0.234,8
-14.9255,166.8102,45.042,4.3,19,145.0,6.089,0.52,us,14.12,8.66,0.177,14
49.6283,158.5194,10.0,4.3,33,136.0,3.401,0.75,us,11.06,1.894,0.116,21
6.4087,127.3969,10.0,4.1,20,125.0,1.921,0.83,us,5.38,1.915,0.158,12
-22.5402,-67.6083,183.726,4.2,22,104.0,0.667,0.69,us,10.09,7.152,0.16,11
30.2993,67.8799,10.0,4.3,57,99.0,4.335,0.9,us,6.13,1.878,0.093,34
51.1575,-177.6196,47.552,3.9,38,225.0,0.624,0.6,us,5.97,13.638,0.148,12
42.882,144.9575,104.464,4.4,130,133.0,1.589,0.43,us,9.06,6.952,0.045,139
36.661,70.6139,109.922,4.2,25,238.0,2.221,1.05,us,9.59,11.274,0.199,8
54.6742,160.0174,10.0,4.3,24,133.0,1.842,0.95,us,13.69,1.909,0.088,37
28.1487,99.8704,10.0,4.2,29,127.0,7.817,0.61,us,10.57,1.942,0.121,19
51.7773,159.4346,35.0,4.2,36,137.0,1.337,1.23,us,8.46,1.909,0.106,26
27.9847,56.3651,10.0,4.3,29,130.0,3.03,1.09,us,10.44,1.894,0.109,24
-17.8989,-172.9236,10.0,4.5,49,59.0,3.075,1.01,us,9.03,1.861,0.081,51
38.3179,20.4551,41.345,4.2,31,162.0,1.628,0.89,us,7.21,9.202,0.125,18
37.692,144.136,10.0,4.7,139,125.0,3.905,0.7,us,8.65,1.871,0.051,118
-1.0068,125.8137,54.918,4.0,8,118.0,2.352,0.07,us,13.47,11.947,0.26,4
51.5168,159.8108,35.0,4.3,28,161.0,1.669,1.35,us,10.11,1.91,0.142,16
-36.8097,-74.0136,21.718,4.1,25,181.0,2.343,0.52,us,9.19,8.723,0.233,5
15.6626,122.1174,39.471,4.9,72,105.0,7.184,0.63,us,10.3,7.648,0.072,61
10.5024,126.4064,10.0,4.4,18,145.0,5.805,0.85,us,10.05,1.836,0.17,10
-23.2021,-175.2174,10.0,4.9,55,115.0,6.421,0.68,us,11.65,1.866,0.078,51
44.3631,149.0615,35.0,4.8,70,135.0,5.122,0.98,us,10.01,1.917,0.043,167
-57.0537,-68.6834,10.0,4.4,14,154.0,2.207,0.58,us,10.49,1.873,0.19,8
50.442,158.1906,10.0,4.7,104,131.0,2.601,0.55,us,8.93,1.878,0.055,99
9.236,93.841,10.0,4.7,61,70.0,5.034,0.66,us,9.0,1.884,0.069,63
-9.5362,113.7626,43.886,4.3,22,137.0,1.127,0.84,us,8.94,9.06,0.138,15
29.3051,129.4331,10.0,4.9,70,33.0,2.367,1.05,us,5.14,1.866,0.045,158
52.1092,160.4426,10.0,4.5,70,124.0,1.427,0.76,us,9.87,1.896,0.071,59
-4.6583,125.1727,521.228,4.3,19,73.0,2.436,0.55,us,14.82,9.922,0.16,11
-6.261,155.0497,132.382,4.6,60,67.0,3.534,0.7,us,9.1,3.903,0.053,105
40.0254,143.5212,10.0,4.6,88,104.0,2.007,0.51,us,5.73,1.813,0.067,66
-24.9691,-70.0925,74.889,4.3,16,155.0,0.494,0.54,us,5.25,5.022,0.188,8
2.4651,126.7563,48.141,4.5,38,104.0,2.588,0.88,us,10.74,7.63,0.107,26
49.846,156.0705,64.658,4.5,65,132.0,3.422,0.7,us,7.7,7.244,0.052,110
44.0302,86.8984,10.0,4.4,29,109.0,3.715,0.86,us,9.96,1.907,0.13,17
42.0641,-126.2604,10.0,3.5,36,265.0,1.817,0.96,us,10.23,2.02,0.221,5
52.3128,175.8138,86.038,4.9,77,105.0,1.128,0.51,us,6.66,7.128,0.034,265
-33.1967,-70.1194,104.314,4.2,38,79.0,0.208,0.56,us,5.46,3.631,0.136,15
-22.8542,-112.5302,10.0,4.5,23,74.0,39.641,0.91,us,12.65,1.846,0.144,15
51.3849,159.5603,10.0,4.4,30,158.0,1.734,1.2,us,8.55,1.932,0.126,18
52.1241,161.0182,10.0,4.3,35,167.0,1.703,1.11,us,8.7,1.832,0.111,23
13.961,39.7515,10.0,4.8,136,46.0,3.867,0.63,us,7.96,1.851,0.05,124
4.5212,-73.0907,10.0,4.4,13,185.0,1.268,0.85,us,9.42,1.994,0.31,5
43.6603,147.8058,47.63,4.9,113,135.0,3.793,0.41,us,9.8,7.362,0.058,95
-33.1375,-73.3056,10.0,4.3,28,173.0,1.397,0.81,us,6.82,1.951,0.201,7
-7.4882,130.6,10.0,4.9,29,116.0,3.026,0.83,us,9.29,1.876,0.096,34
-5.883,149.3334,99.962,4.8,65,86.0,3.106,0.49,us,7.67,7.212,0.078,54
9.169,126.2239,67.09,4.8,67,92.0,2.181,0.84,us,10.95,6.746,0.049,127
-6.7226,130.0323,157.367,4.5,29,44.0,2.189,0.96,us,5.13,8.581,0.102,28
-0.8989,120.3595,10.0,4.5,40,78.0,1.628,0.98,us,5.23,1.87,0.111,24
-21.4887,-68.5894,148.938,4.0,21,106.0,0.68,0.49,us,7.37,6.264,0.184,8
-21.0632,-68.3817,141.939,4.1,17,74.0,1.033,0.81,us,7.3,8.665,0.185,9
83.4353,115.4628,10.0,4.0,30,105.0,13.778,0.82,us,14.15,1.948,0.11,22
53.2248,161.5452,10.0,4.8,70,134.0,1.756,0.78,us,10.16,1.895,0.057,97
52.5274,157.9077,10.0,4.8,35,121.0,0.595,0.47,us,3.5,1.893,0.175,10
34.6248,70.6489,10.0,4.9,91,61.0,1.254,0.48,us,7.87,1.842,0.044,160
50.5109,157.7844,35.0,4.7,60,131.0,2.573,0.68,us,9.27,1.924,0.038,209
-26.9364,179.1625,540.765,4.3,33,129.0,10.619,0.37,us,15.96,11.09,0.102,27
3.5107,126.9742,42.802,4.3,18,130.0,1.923,1.14,us,13.85,8.098,0.133,16
50.9878,159.374,10.0,4.7,105,125.0,2.087,1.01,us,8.21,1.884,0.054,104
82.1528,88.3516,10.0,4.1,14,75.0,12.03,0.89,us,9.76,1.898,0.151,12
52.2549,160.8089,10.0,4.4,25,117.0,1.524,0.49,us,5.51,1.866,0.112,23
4.5925,125.929,87.44,4.3,23,106.0,0.47,1.11,us,12.8,8.333,0.129,17
52.9267,-168.3886,55.764,4.0,40,170.0,0.286,0.88,us,6.38,6.231,0.102,26
-28.0872,-178.1546,10.0,4.9,52,122.0,1.17,0.68,us,10.56,1.883,0.075,56
36.8387,71.069,213.324,4.0,33,156.0,1.852,0.57,us,5.37,8.411,0.172,9
27.9898,50.4539,10.0,4.1,13,195.0,5.979,1.1,us,9.75,2.004,0.262,4
52.8088,160.9096,10.0,4.2,14,148.0,1.385,0.96,us,11.05,1.946,0.215,7
52.4997,160.6456,35.0,4.2,25,175.0,1.321,0.99,us,9.7,1.905,0.121,19
-0.1362,123.7299,131.251,4.1,33,72.0,1.314,1.09,us,7.65,7.878,0.103,27
1.7442,126.4587,57.575,4.8,50,51.0,3.126,0.87,us,7.73,7.94,0.098,32
39.262,27.9697,10.0,4.6,41,67.0,0.849,0.35,us,5.16,1.504,0.122,20
12.9753,121.2449,10.0,4.7,76,97.0,7.255,0.75,us,10.44,1.864,0.058,90
4.6976,96.901,10.182,4.6,48,59.0,0.53,0.67,us,5.47,4.255,0.085,41
52.9309,161.1923,14.496,5.2,239,51.0,1.54,0.66,us,7.41,3.656,0.025,553
51.2704,159.3608,29.156,4.3,21,138.0,1.809,0.61,us,12.14,6.5,0.137,15
54.6425,-160.304,35.0,4.6,45,161.0,0.455,1.15,us,5.8,1.936,0.089,38
-26.6917,-176.0101,10.0,4.9,52,131.0,9.426,0.53,us,12.75,1.872,0.083,46
51.5061,159.5535,35.0,4.9,65,127.0,1.618,1.14,us,8.18,1.917,0.061,83
52.8924,161.2734,10.0,4.8,105,119.0,1.592,0.81,us,8.68,1.875,0.034,270
39.1541,33.1999,10.0,4.7,58,49.0,0.664,0.53,us,4.28,1.837,0.118,22
60.5458,-139.8306,5.0,4.3,68,46.0,0.498,1.08,us,3.3,1.888,0.111,23
51.4051,158.6277,35.0,4.4,31,134.0,1.621,0.46,us,10.36,1.878,0.112,23
53.472,161.7921,28.181,4.3,60,152.0,1.941,0.9,us,8.65,4.646,0.071,56
36.388,70.3088,209.879,4.1,46,118.0,2.1,1.13,us,7.38,9.358,0.117,20
-2.421,139.0541,41.582,4.4,28,75.0,1.023,1.17,us,6.26,5.012,0.109,24
51.2728,159.4839,23.645,4.3,48,109.0,1.827,1.04,us,10.36,5.75,0.091,34
53.191,159.9222,65.918,4.5,114,127.0,0.785,0.65,us,10.14,6.881,0.055,98
50.6089,158.6547,10.0,4.4,32,138.0,2.418,0.75,us,11.81,1.918,0.109,24
39.1358,41.0169,10.0,4.3,27,99.0,0.968,0.52,us,4.94,1.939,0.265,4
52.5883,160.7176,10.0,4.2,54,149.0,1.329,0.66,us,9.39,1.938,0.083,41
37.183,141.0446,60.182,4.4,31,144.0,2.362,0.52,us,8.9,7.237,0.12,20
-17.6935,168.1372,28.476,4.4,14,188.0,2.407,0.78,us,9.67,6.77,0.179,9
-15.6427,-173.8939,64.544,4.3,16,108.0,2.673,0.54,us,4.32,10.346,0.177,9
-23.5733,-179.8765,515.761,4.3,49,69.0,5.912,1.01,us,11.97,7.182,0.091,34
51.8051,160.8378,10.0,5.2,112,92.0,1.812,0.95,us,7.16,1.847,0.025,526
49.7363,155.8618,66.471,4.4,62,132.0,3.567,0.67,us,11.58,7.125,0.046,133
2.1725,127.7313,186.847,4.2,36,100.0,3.394,0.83,us,9.61,8.636,0.115,22
13.4269,53.9278,10.0,4.3,17,192.0,10.984,0.48,us,15.97,1.99,0.16,12
51.8921,161.1957,10.0,4.4,42,127.0,1.926,0.74,us,10.58,1.909,0.098,30
40.9719,142.9348,47.888,4.3,18,135.0,1.055,0.44,us,6.68,9.055,0.169,10
5.4211,126.0271,83.491,4.9,85,41.0,0.875,1.02,us,6.72,6.576,0.045,159
-6.6663,126.6796,466.147,4.1,32,76.0,3.852,0.56,us,8.66,8.686,0.109,23
64.5247,-39.9652,10.0,4.2,50,138.0,4.201,0.62,us,7.38,1.511,0.065,66
52.6705,160.6648,51.875,4.5,32,188.0,1.272,0.83,us,14.92,9.486,0.091,35
51.8149,-169.4577,10.0,4.2,63,141.0,0.987,0.95,us,4.26,1.872,0.075,50
53.4486,161.446,26.986,4.8,106,115.0,1.734,0.81,us,8.46,5.303,0.035,252
-7.619,128.3248,112.911,4.2,13,104.0,4.538,0.91,us,8.7,11.228,0.235,5
33.2906,132.2414,50.631,4.5,62,81.0,1.435,0.65,us,5.48,7.525,0.067,67
-20.6499,178.5917,583.949,4.2,19,227.0,2.934,0.43,us,20.85,17.225,0.146,13
52.5234,160.7272,10.0,4.7,31,121.0,1.358,0.91,us,6.22,1.919,0.101,30
11.1719,138.5544,10.0,5.0,48,49.0,5.539,0.72,us,4.27,1.868,0.062,84
51.5134,159.8419,10.0,4.6,17,138.0,1.68,0.49,us,10.2,1.599,0.173,10
-5.6843,128.8249,294.906,4.1,29,67.0,1.577,0.71,us,9.76,8.098,0.123,18
51.1298,159.5285,10.0,4.2,33,135.0,1.972,0.73,us,11.0,1.922,0.106,25
52.8952,161.3822,10.0,4.8,86,119.0,1.658,0.64,us,8.65,1.87,0.045,150
52.6161,160.9052,10.0,4.3,14,121.0,1.428,0.83,us,9.08,1.784,0.177,9
-12.5107,166.5385,68.261,4.9,74,106.0,2.989,0.81,us,10.53,7.123,0.044,164
-6.5386,131.4808,10.0,4.9,52,62.0,2.544,0.72,us,8.45,1.901,0.086,42
-59.8786,-27.8994,182.868,4.3,29,86.0,7.3,0.69,us,13.62,9.251,0.097,30
18.7597,145.6392,149.037,4.2,14,127.0,3.502,0.77,us,17.21,9.995,0.152,12
49.1628,157.4647,10.0,4.4,64,129.0,3.937,0.53,us,8.35,1.891,0.075,53
35.31,140.2222,68.858,4.2,25,131.0,2.044,0.82,us,8.13,7.383,0.128,17
-59.3645,-25.6066,35.0,4.7,22,174.0,7.841,0.93,us,14.73,1.981,0.126,20
9.4768,-40.6669,10.0,4.4,13,101.0,12.646,0.91,us,10.8,1.946,0.169,10
44.3465,148.7041,61.848,4.4,82,110.0,4.398,0.59,us,10.55,2.995,0.061,77
-16.1435,167.6355,91.846,4.4,22,147.0,5.415,0.6,us,14.95,3.892,0.155,14
12.8993,-91.144,10.0,4.2,48,121.0,1.66,0.58,us,7.75,1.846,0.08,44
51.652,-173.4891,35.0,4.2,106,134.0,0.704,0.58,us,5.53,1.929,0.045,136
-15.7861,-174.2249,135.094,4.7,146,50.0,3.01,0.68,us,7.97,5.981,0.043,165
2.3958,98.9189,156.671,4.9,49,131.0,0.296,0.86,us,9.67,4.803,0.082,47
-23.4303,179.0358,559.959,4.6,54,132.0,5.731,0.95,us,13.78,9.717,0.057,93
50.4145,160.001,10.0,4.1,18,241.0,2.744,0.43,us,11.83,1.995,0.174,9
49.3882,157.4174,10.0,4.3,22,168.0,3.722,0.74,us,12.61,1.897,0.142,14
-6.9438,127.6592,278.859,4.2,33,66.0,4.366,0.56,us,8.64,10.597,0.132,17
49.717,158.4175,10.0,4.4,27,136.0,3.314,0.69,us,10.56,1.921,0.127,18
-4.1792,128.6891,9.651,4.6,54,75.0,1.259,0.52,us,7.27,4.259,0.087,40
-57.7114,157.6615,10.0,4.7,28,103.0,3.3,0.62,us,12.16,1.893,0.113,24
2.6561,128.3261,196.285,4.1,30,114.0,3.511,1.25,us,11.58,8.601,0.117,20
-23.6315,-179.0609,393.102,4.1,29,116.0,6.45,0.81,us,9.17,7.784,0.117,20
-59.1087,-25.5829,84.863,5.2,58,75.0,7.704,1.11,us,12.39,6.426,0.071,65
13.9163,144.6209,182.232,3.8,13,108.0,0.404,0.33,us,11.27,7.998,0.207,6
52.0358,160.2686,27.232,4.6,57,111.0,1.399,0.58,us,9.48,5.641,0.08,47
53.4599,-163.7209,10.0,4.5,142,97.0,1.192,0.65,us,4.39,1.888,0.032,282
-7.3233,129.2753,123.984,4.2,16,109.0,5.283,0.88,us,10.29,11.001,0.186,8
40.9861,142.7521,42.016,4.2,22,114.0,1.072,1.03,us,6.66,8.654,0.16,11
39.2303,28.1113,10.0,4.2,29,57.0,0.951,1.24,us,3.14,1.911,0.263,6
51.5665,160.271,10.0,4.5,29,167.0,1.766,0.64,us,8.73,1.938,0.107,26
-4.3094,136.2139,10.0,4.4,29,119.0,2.29,0.8,us,7.75,1.895,0.134,16
8.2335,127.5108,10.0,4.7,71,66.0,2.237,0.63,us,9.17,1.868,0.074,55
28.4214,104.816,35.0,4.4,41,89.0,4.483,0.45,us,10.78,1.943,0.096,31
52.3333,160.5665,31.584,4.8,106,143.0,1.909,0.82,us,10.1,5.79,0.048,133
-23.4864,-179.9512,535.212,4.6,47,69.0,6.01,1.07,us,13.65,7.48,0.086,40
-20.3247,-178.2265,550.634,4.4,64,97.0,4.356,0.76,us,13.83,7.85,0.069,65
-17.7869,-70.015,109.604,4.9,48,111.0,0.546,0.51,us,5.68,5.215,0.04,194
23.9741,90.5388,10.0,4.1,19,188.0,4.894,0.87,us,8.64,1.956,0.173,9
-24.2984,-67.1417,143.356,4.2,42,47.0,1.643,0.84,us,8.26,7.809,0.152,12
-4.6533,125.4787,454.25,4.4,65,39.0,2.739,0.9,us,10.5,8.882,0.086,39
-17.4241,167.8977,35.0,4.4,13,105.0,2.076,0.78,us,6.22,1.931,0.22,7
27.6084,128.7244,39.438,4.5,62,87.0,0.868,0.98,us,5.66,8.319,0.085,41
44.6606,150.2677,35.0,4.5,95,87.0,5.527,0.47,us,10.32,1.916,0.064,77
52.0637,160.6763,10.0,4.3,16,137.0,1.567,1.3,us,10.34,1.927,0.178,9
-20.7978,168.4491,10.0,4.8,21,118.0,2.033,0.5,us,8.37,1.894,0.128,26
19.9514,121.3212,10.0,4.7,54,102.0,2.861,0.79,us,9.63,1.898,0.093,35
51.5352,159.8356,10.0,4.6,20,121.0,1.659,0.61,us,6.42,1.932,0.158,12
-37.4977,51.9596,10.0,4.6,22,82.0,16.597,0.98,us,14.43,1.896,0.137,18
49.6153,155.5725,80.832,4.2,36,133.0,3.743,0.55,us,13.92,9.977,0.085,39
-18.9684,167.5432,10.0,4.9,44,124.0,3.255,1.21,us,7.95,1.892,0.095,35
51.4311,159.3289,35.0,4.4,22,128.0,1.649,0.58,us,10.39,1.944,0.134,16
9.7295,126.1711,57.815,4.8,60,78.0,2.707,0.67,us,10.22,5.946,0.067,70
-9.2487,119.8291,52.805,4.8,30,97.0,0.623,1.25,us,7.49,7.425,0.098,32
13.9328,144.7317,163.462,4.1,29,94.0,0.366,0.4,us,10.16,4.771,0.119,19
37.403,75.7878,10.0,4.5,38,160.0,2.767,0.77,us,9.4,1.912,0.115,22
49.9068,157.5077,10.0,4.3,15,172.0,3.202,0.47,us,8.71,1.957,0.201,7
3.012,-31.3323,10.0,4.9,61,66.0,9.895,0.82,us,9.09,1.726,0.059,92
-57.6794,157.7824,35.942,4.4,17,140.0,3.254,0.6,us,12.97,6.918,0.239,5
-2.9076,137.0852,42.607,4.3,22,67.0,1.124,0.97,us,7.1,10.167,0.188,8
52.3014,160.3121,10.0,4.7,67,134.0,1.244,0.74,us,10.63,1.9,0.06,85
-56.5699,-25.8427,35.0,4.9,47,87.0,6.478,1.23,us,12.21,1.938,0.077,53
50.3065,156.5865,66.9,5.6,75,71.0,2.89,0.76,us,9.87,5.236,0.021,765
9.2161,93.7176,10.0,4.6,63,137.0,5.847,1.04,us,11.56,1.908,0.078,49
38.2506,142.1285,47.522,4.4,24,144.0,2.666,1.01,us,8.8,9.316,0.219,8
35.7267,76.9374,10.0,4.5,64,96.0,4.399,0.49,us,9.04,1.905,0.078,49
52.9716,161.1278,10.0,4.3,19,187.0,1.498,1.32,us,7.9,1.988,0.154,12
-9.6347,113.7339,52.334,4.6,51,64.0,1.229,0.98,us,7.33,7.256,0.086,40
-56.9741,156.667,10.0,4.4,13,138.0,2.795,1.09,us,10.21,1.916,0.179,9
6.1045,126.9706,83.176,4.5,45,108.0,1.682,1.04,us,5.63,6.335,0.087,39
-7.9282,117.6939,8.364,4.1,20,81.0,0.897,0.82,us,3.73,5.23,0.213,7
51.588,159.788,44.421,4.6,53,127.0,1.598,0.56,us,8.75,7.026,0.062,77
51.8592,158.1767,75.026,4.1,25,159.0,1.201,0.83,us,11.56,9.228,0.131,16
-17.1571,-178.826,549.856,4.1,16,134.0,1.855,1.13,us,16.26,17.337,0.174,9
7.4839,127.4446,10.0,4.3,20,134.0,1.896,0.67,us,10.01,1.805,0.137,15
-24.1022,-66.8069,208.368,4.2,24,91.0,1.702,0.75,us,10.87,10.805,0.263,5
41.7464,142.7489,57.814,4.2,17,140.0,0.406,0.88,us,8.34,8.822,0.159,11
31.2772,-116.1453,9.456,3.7,41,196.0,0.101,0.76,us,1.85,4.216,0.355,2
-7.3874,154.4351,10.0,4.9,47,69.0,3.897,0.94,us,10.66,1.883,0.056,102
51.461,159.7026,10.0,4.5,46,163.0,1.693,0.8,us,7.14,1.913,0.087,39
-0.3096,131.9054,10.0,4.6,33,90.0,0.848,0.61,us,5.39,0.62,0.114,23
4.3699,-73.2403,10.0,4.5,59,62.0,1.176,0.7,us,7.65,1.898,0.087,39
52.5492,160.6448,10.0,4.1,25,205.0,1.301,0.38,us,11.49,1.979,0.102,26
29.8278,139.0592,425.906,4.6,177,58.0,3.34,0.65,us,8.7,5.772,0.034,257
52.4822,160.2399,49.312,4.7,14,153.0,1.665,0.82,us,12.59,8.143,0.183,9
-11.0486,-106.3259,10.0,5.0,76,86.0,16.242,0.5,us,9.33,1.84,0.036,244
-61.0159,-38.6218,10.0,4.5,15,71.0,6.847,0.73,us,9.67,1.896,0.15,13
52.2614,160.3235,10.0,4.8,78,123.0,1.274,0.86,us,9.17,1.892,0.05,125
-57.9045,157.8263,33.218,5.4,87,44.0,3.471,0.36,us,10.95,3.749,0.072,65
50.8934,158.3331,10.0,4.4,34,165.0,2.142,0.5,us,12.3,1.963,0.112,23
49.4228,157.9117,10.0,4.4,83,122.0,3.635,0.8,us,8.9,1.885,0.064,71
-4.0111,142.9279,68.88,4.8,55,76.0,2.673,1.09,us,8.17,7.783,0.071,62
36.4089,142.5801,10.0,4.5,37,135.0,3.525,0.84,us,8.22,1.902,0.116,22
13.2804,-90.9409,35.0,4.3,56,175.0,1.287,0.73,us,5.28,1.899,0.058,84
14.1924,-91.0356,97.322,4.3,99,129.0,0.621,0.76,us,6.63,5.166,0.037,209
23.3055,-44.9733,10.0,4.7,87,132.0,19.929,0.43,us,14.07,1.912,0.063,76
-31.6817,-69.3335,121.016,4.7,52,41.0,0.582,0.81,us,5.1,5.376,0.047,137
13.3226,121.0611,10.0,4.6,53,118.0,20.677,0.52,us,14.44,1.908,0.081,45
-20.8101,68.502,10.0,4.3,19,144.0,4.93,0.27,us,14.83,1.936,0.161,11
36.1881,69.0821,10.0,4.7,97,56.0,1.67,0.97,us,6.63,1.859,0.061,82
52.683,160.5281,32.689,4.0,17,115.0,1.189,0.69,us,10.83,5.958,0.156,11
53.027,161.1634,25.995,4.7,57,86.0,1.518,0.66,us,8.46,5.457,0.042,173
-24.3492,179.7803,526.061,4.4,35,121.0,6.766,0.78,us,15.18,10.172,0.092,34
52.0519,160.2866,10.0,4.5,90,118.0,1.901,0.73,us,9.63,1.896,0.056,93
-18.3571,-177.8011,636.988,4.4,38,94.0,3.284,0.68,us,11.28,10.139,0.088,37
-17.5462,-178.9401,541.874,4.4,47,108.0,1.935,0.62,us,13.41,8.184,0.083,42
-61.1533,-35.4998,10.0,4.7,23,111.0,6.909,0.83,us,12.48,1.924,0.127,22
16.9035,146.1767,126.288,4.1,20,169.0,1.695,0.37,us,16.37,10.709,0.13,16
-8.8331,-74.659,129.228,4.4,41,109.0,2.223,1.09,us,9.12,10.724,0.095,32
54.5036,161.1448,49.785,4.5,132,137.0,2.096,0.77,us,10.2,7.455,0.048,128
-17.4598,167.8046,35.0,4.8,30,158.0,2.083,0.46,us,4.93,1.93,0.107,27
30.0712,69.8249,10.0,4.4,28,200.0,8.51,0.68,us,14.33,1.947,0.114,22
14.8483,119.8742,42.577,4.8,52,88.0,8.438,0.84,us,9.64,7.73,0.068,67
50.0896,158.8437,10.0,4.1,29,138.0,2.94,0.82,us,9.6,1.694,0.117,20
52.7396,160.9397,10.0,4.0,10,120.0,1.416,0.35,us,9.67,1.873,0.164,10
