latitude,longitude,depth,mag,nst,gap,dmin,rms,net,horizontalError,depthError,magError,magNst
4.9341,126.4562,51.353,4.4,34,103.0,0.994,0.53,us,7.76,1.688,0.108,25
-24.2684,179.9153,506.222,4.4,54,101.0,5.318,1.0,us,13.84,2.485,0.075,54
9.1574,93.9195,10.0,4.6,82,49.0,4.925,0.3,us,8.67,1.842,0.062,79
-9.6123,119.5807,67.743,4.9,81,53.0,0.709,1.16,us,6.03,4.964,0.073,59
-27.3,-175.678,10.0,4.4,10,190.0,11.132,0.98,us,18.67,1.991,0.178,9
3.7264,128.5381,60.52,4.5,88,48.0,3.16,0.74,us,6.39,6.994,0.061,81
-8.9108,124.0705,106.559,4.4,19,134.0,0.861,0.71,us,7.32,7.173,0.134,16
13.7959,56.963,10.0,4.3,30,103.0,11.114,0.47,us,14.02,1.948,0.109,24
-15.7533,-72.6556,10.0,4.4,13,124.0,3.416,0.46,us,8.75,1.972,0.17,10
25.1664,126.9831,25.228,4.3,31,90.0,2.027,0.71,us,7.15,6.382,0.117,22
35.8383,111.3104,10.0,4.6,51,98.0,5.672,0.71,us,9.67,1.908,0.069,63
-11.4393,165.5204,10.0,5.0,31,137.0,4.307,0.79,us,10.23,1.909,0.107,28
-8.8381,118.7623,112.873,4.5,35,83.0,0.974,1.11,us,6.13,7.284,0.111,24
-4.5297,102.6053,59.001,4.8,64,94.0,0.388,0.9,us,7.56,4.619,0.075,55
12.8318,143.1697,153.802,4.8,107,79.0,3.489,0.53,us,10.01,7.233,0.049,127
-23.9222,-176.2425,66.826,4.9,39,121.0,7.603,0.57,us,14.74,7.799,0.095,35
-21.3328,-179.0199,519.975,4.3,50,127.0,4.512,0.58,us,15.84,10.223,0.077,50
-16.9336,-178.345,455.142,4.0,35,66.0,2.236,0.68,us,14.53,8.544,0.095,34
-47.5014,-13.447,10.0,5.3,44,74.0,24.751,0.57,us,12.2,1.846,0.072,65
51.5426,160.0946,10.0,4.4,35,182.0,1.728,0.76,us,8.98,1.942,0.101,28
3.43,126.0536,69.487,4.4,26,127.0,1.415,0.61,us,6.81,9.027,0.126,18
51.959,160.8506,10.0,4.2,34,183.0,1.717,0.44,us,12.8,1.984,0.11,23
51.2138,159.782,10.0,4.1,16,306.0,1.942,0.83,us,15.63,2.005,0.166,10
51.5809,160.1036,10.0,4.4,18,152.0,1.698,0.71,us,10.16,1.951,0.138,15
-21.9023,-68.6363,121.478,4.2,18,113.0,0.572,0.49,us,4.44,5.711,0.146,14
-20.4738,-178.2955,554.869,4.3,21,167.0,4.392,0.39,us,15.65,8.329,0.137,15
51.3333,159.1468,35.0,4.5,85,115.0,1.72,0.62,us,8.02,1.884,0.054,102
51.6777,160.4766,35.0,4.4,12,138.0,1.753,0.53,us,11.71,1.95,0.189,8
-49.6431,122.0555,10.0,4.4,18,137.0,17.081,0.55,us,15.53,1.94,0.134,16
42.882,144.9575,104.464,4.4,130,133.0,1.589,0.43,us,9.06,6.952,0.045,139
50.1047,159.4145,10.0,4.6,106,116.0,2.961,0.54,us,9.59,1.876,0.049,121
52.0813,159.8409,47.97,4.2,24,124.0,1.191,0.81,us,10.62,7.661,0.113,22
51.6021,159.3397,35.0,4.5,72,109.0,1.485,1.0,us,8.69,1.906,0.062,76
29.509,130.4384,35.0,4.2,28,131.0,1.994,0.6,us,8.96,1.946,0.124,18
52.8983,160.6814,10.0,4.3,65,172.0,1.235,0.57,us,11.54,1.945,0.068,61
46.062,143.7424,342.028,4.4,63,129.0,1.124,0.64,us,6.56,5.887,0.027,385
-24.4969,-67.9147,130.0,4.2,27,85.0,1.557,0.64,us,2.8,2.0,0.199,7
53.3023,160.5235,49.202,4.2,23,179.0,1.162,0.62,us,15.81,11.856,0.132,16
42.0641,-126.2604,10.0,3.5,36,265.0,1.817,0.96,us,10.23,2.02,0.221,5
-15.5576,-172.8108,10.0,4.7,49,72.0,1.918,0.78,us,10.1,1.87,0.08,47
51.8643,159.4794,58.392,4.4,48,137.0,1.267,0.58,us,7.07,6.722,0.082,48
-24.1169,179.1512,545.062,4.7,97,43.0,5.754,0.68,us,11.6,5.99,0.032,299
49.9488,155.7143,82.536,4.5,80,124.0,3.398,0.42,us,10.17,7.5,0.057,91
42.2457,142.9953,61.849,4.6,21,115.0,0.26,0.81,us,9.11,9.043,0.182,9
-15.732,-171.3705,10.0,4.6,21,67.0,1.669,0.93,us,6.74,1.889,0.137,16
36.7989,75.6136,10.0,4.4,36,151.0,2.909,1.29,us,9.68,1.915,0.139,18
52.0859,158.9701,51.775,4.4,28,151.0,1.284,0.75,us,12.47,9.643,0.114,22
25.8739,128.9672,10.0,4.6,47,68.0,1.143,0.88,us,4.79,1.899,0.091,36
26.2258,142.9997,10.0,4.4,47,138.0,1.133,0.95,us,10.83,1.91,0.089,36
-3.841,126.8355,9.962,4.3,22,51.0,4.218,0.83,us,7.18,3.812,0.153,14
51.5538,159.2515,47.371,4.5,116,135.0,1.518,0.6,us,9.85,7.14,0.051,113
-23.1093,-177.0071,170.159,4.8,20,172.0,7.066,0.91,us,18.14,5.451,0.135,19
53.0853,160.8313,33.238,4.2,33,162.0,1.318,0.7,us,5.54,7.832,0.11,23
3.0571,-31.3417,10.0,4.9,63,46.0,9.931,0.6,us,10.53,1.856,0.06,87
52.1658,160.4818,10.0,5.0,62,118.0,1.409,1.38,us,9.05,1.88,0.052,119
12.668,143.3583,8.717,4.2,15,124.0,1.733,0.56,us,11.4,1.024,0.216,8
50.191,-179.3977,10.0,3.7,52,243.0,1.413,0.55,us,6.66,1.978,0.115,19
-2.2387,139.5946,35.0,4.4,25,118.0,1.141,0.75,us,5.32,1.912,0.115,22
13.58,-89.1021,141.256,4.3,55,161.0,0.208,0.5,us,13.68,8.258,0.072,54
17.6627,60.213,10.0,4.3,46,103.0,8.152,1.2,us,12.4,1.908,0.089,36
50.2202,157.2466,35.0,4.2,32,190.0,2.906,0.92,us,11.06,1.972,0.113,22
54.5521,160.3007,10.0,4.3,36,145.0,1.818,0.68,us,10.94,1.928,0.064,68
-21.9912,-68.7137,117.67,4.3,27,64.0,0.527,0.93,us,5.51,4.761,0.16,11
34.4403,98.9489,10.0,5.1,82,64.0,4.171,0.79,us,4.8,1.738,0.04,200
52.5766,160.7138,38.894,4.3,21,149.0,1.331,0.58,us,11.31,9.93,0.133,16
52.3802,160.636,33.93,4.3,16,131.0,1.369,0.64,us,9.46,6.51,0.202,8
31.7458,110.9449,10.389,4.5,45,84.0,1.923,0.64,us,9.44,5.101,0.092,35
49.7363,155.8618,66.471,4.4,62,132.0,3.567,0.67,us,11.58,7.125,0.046,133
41.1488,142.516,60.68,4.6,47,141.0,0.99,0.8,us,7.15,7.157,0.092,35
-21.2037,168.5192,10.0,4.9,33,186.0,1.72,0.46,us,4.52,1.909,0.12,22
51.3663,159.7691,35.0,4.2,17,138.0,1.797,0.37,us,13.38,1.955,0.146,14
6.4655,62.1701,10.0,4.4,26,112.0,35.679,0.79,us,14.15,1.918,0.12,22
52.6417,160.7034,35.0,4.0,13,120.0,1.303,1.0,us,8.07,1.778,0.139,14
-6.0679,150.9753,67.334,4.2,19,145.0,2.039,0.66,us,11.7,2.023,0.141,14
-17.2597,-71.9561,104.812,4.1,17,182.0,1.894,0.94,us,10.51,12.518,0.185,8
-21.7213,-68.8386,122.143,4.5,27,38.0,0.382,0.63,us,6.03,4.825,0.118,21
51.2027,158.4178,35.0,4.3,15,135.0,1.829,0.69,us,10.77,1.949,0.202,7
51.8879,160.5654,10.0,4.0,24,155.0,1.633,0.84,us,10.73,1.974,0.133,15
9.7922,-70.8698,10.0,4.4,11,113.0,0.932,1.04,us,8.77,1.969,0.219,6
51.3918,159.5156,26.526,4.4,34,137.0,1.719,0.62,us,9.58,4.913,0.11,24
-15.191,167.372,164.589,4.2,20,189.0,6.086,0.9,us,15.82,10.449,0.124,18
-23.8589,-67.7832,152.805,4.5,24,73.0,0.973,1.07,us,7.71,7.8,0.135,16
49.8013,155.779,82.136,4.5,59,124.0,3.522,0.65,us,6.24,6.287,0.06,82
34.4206,21.9705,35.0,4.2,18,146.0,2.752,0.83,us,9.56,1.968,0.199,7
50.9066,158.972,10.0,4.3,18,130.0,2.129,0.36,us,10.75,1.939,0.16,11
7.6715,127.1779,35.0,4.4,17,115.0,1.695,0.96,us,9.08,1.854,0.139,15
51.5818,159.4382,35.0,4.7,31,127.0,1.523,0.56,us,8.91,1.94,0.117,23
0.6016,122.2017,116.082,4.1,27,74.0,1.729,1.08,us,6.9,7.682,0.127,17
2.9959,128.2359,62.029,4.2,21,86.0,2.374,0.71,us,3.8,8.706,0.159,12
49.519,158.4543,10.0,4.4,34,136.0,3.511,0.6,us,12.45,1.912,0.105,26
53.4084,160.671,38.728,4.3,30,145.0,1.275,1.22,us,11.22,9.269,0.111,23
7.1849,126.7605,82.936,4.3,30,131.0,1.178,0.58,us,11.01,3.278,0.119,20
50.0802,156.7628,41.912,4.1,25,131.0,3.088,0.67,us,9.86,5.733,0.15,12
52.6224,159.6677,48.87,4.3,52,120.0,0.737,0.76,us,8.21,6.077,0.083,41
6.2483,126.4764,83.347,4.6,70,105.0,1.208,0.73,us,7.84,5.844,0.056,96
55.9698,163.9536,38.997,4.2,16,144.0,4.635,0.85,us,10.07,8.889,0.152,12
49.7593,157.2811,10.0,4.4,40,138.0,3.364,0.44,us,10.55,1.901,0.1,29
51.8242,159.6653,27.956,4.6,44,124.0,1.352,0.91,us,10.34,6.158,0.078,49
52.6973,161.3613,10.0,4.1,15,197.0,1.676,1.02,us,12.04,1.998,0.262,5
-24.8232,179.6377,550.834,4.3,48,72.0,11.243,0.75,us,4.6,9.822,0.081,44
52.3837,160.7363,10.0,4.3,32,151.0,1.422,1.16,us,6.12,1.924,0.113,22
52.6479,161.0718,10.0,4.3,18,166.0,1.517,1.01,us,11.34,1.939,0.154,12
-24.3058,-67.1976,166.252,4.5,26,72.0,1.62,1.36,us,9.27,9.105,0.121,20
2.0474,125.3293,135.403,4.0,27,97.0,0.774,0.89,us,6.52,7.035,0.144,14
39.1454,28.1083,17.179,4.0,28,57.0,0.939,0.99,us,4.23,2.814,0.26,4
51.9185,159.9547,47.801,4.4,26,167.0,1.364,1.05,us,10.03,4.272,0.135,16
6.3683,126.3743,95.618,4.5,50,112.0,1.053,0.94,us,6.28,6.793,0.081,44
1.1208,97.0034,10.0,4.0,9,220.0,0.6,0.82,us,4.44,1.959,0.259,5
52.7673,161.1458,35.0,4.4,22,188.0,1.534,0.85,us,13.79,1.982,0.117,21
39.2592,28.3214,10.0,4.9,77,37.0,1.072,0.94,us,4.51,1.807,0.053,113
6.7996,-46.4776,10.0,4.3,14,227.0,6.359,0.91,us,13.25,1.985,0.143,14
50.4224,159.7368,10.0,5.7,244,44.0,2.691,0.89,us,7.12,1.818,0.019,1027
30.4969,140.2547,10.0,4.4,29,101.0,2.637,0.91,us,4.6,1.88,0.098,30
29.922,129.9543,19.286,4.4,31,118.0,1.639,0.98,us,7.31,4.701,0.115,22
52.0507,160.4649,35.0,4.7,96,85.0,1.476,0.66,us,9.18,1.863,0.042,175
50.8403,158.6814,10.0,4.3,33,149.0,2.186,0.97,us,12.72,1.962,0.095,31
-14.3947,167.2219,185.544,4.7,48,98.0,1.046,0.77,us,10.68,7.668,0.087,40
49.9828,158.2756,10.0,5.0,167,102.0,3.054,0.52,us,5.62,1.823,0.047,146
50.1038,155.7078,100.521,4.7,57,135.0,3.255,0.5,us,8.38,7.224,0.047,136
13.238,50.0275,10.0,4.6,84,60.0,5.633,0.62,us,10.97,1.889,0.064,72
42.7277,144.578,61.904,4.3,19,172.0,1.271,0.57,us,9.46,9.806,0.178,10
37.9341,20.6151,10.0,4.2,21,184.0,1.285,0.99,us,6.86,1.971,0.264,4
14.8887,54.9835,10.0,4.8,53,98.0,10.07,0.81,us,7.33,1.896,0.085,43
-7.53,127.5634,183.306,4.2,20,71.0,3.938,0.66,us,10.69,10.185,0.142,14
0.4033,123.5481,243.0,4.4,53,92.0,1.632,0.87,us,7.93,7.036,0.086,40
-16.914,-174.5186,186.623,4.4,27,63.0,3.986,0.61,us,11.14,8.435,0.12,20
11.0233,123.9682,10.0,5.1,66,43.0,4.238,0.89,us,10.22,1.872,0.073,62
51.5041,159.3391,38.295,4.5,34,133.0,1.58,1.04,us,11.52,7.919,0.109,25
-28.0872,-178.1546,10.0,4.9,52,122.0,1.17,0.68,us,10.56,1.883,0.075,56
38.7751,70.4663,10.0,4.2,45,72.0,1.03,0.76,us,3.63,1.729,0.102,29
-9.4187,152.758,10.0,4.3,22,111.0,5.524,0.45,us,8.36,1.913,0.138,15
-32.2441,-178.0514,10.0,4.7,18,176.0,2.991,0.47,us,12.14,1.958,0.147,14
39.2423,28.124,10.0,4.4,35,62.0,0.963,1.19,us,3.95,1.907,0.179,9
52.3058,159.9664,37.434,4.8,60,134.0,1.077,0.61,us,10.49,7.243,0.069,65
51.3192,159.3399,29.101,4.7,108,121.0,1.759,0.68,us,8.63,5.311,0.056,97
-47.7426,115.921,10.0,4.1,18,142.0,14.832,1.01,us,15.5,1.947,0.14,15
51.6515,159.3701,10.0,4.9,119,115.0,1.443,0.8,us,6.21,1.847,0.039,206
39.9983,142.5154,39.281,4.4,20,144.0,1.361,0.51,us,5.21,10.631,0.203,7
-6.1051,147.7672,10.0,4.3,15,164.0,3.333,0.93,us,10.91,1.964,0.16,11
-24.3102,-67.0928,172.477,5.0,89,41.0,1.679,1.35,us,8.61,6.523,0.025,509
-23.0609,-68.8495,103.357,4.1,22,66.0,0.627,0.72,us,4.91,4.662,0.165,10
11.6672,141.4627,10.0,4.4,18,132.0,3.834,1.33,us,14.64,1.942,0.178,9
-59.4233,-25.5308,34.612,4.5,26,172.0,15.307,1.01,us,12.54,7.449,0.104,27
34.3502,23.2366,35.237,4.0,29,183.0,3.017,1.02,us,10.85,10.407,0.116,20
51.1389,159.7792,10.0,4.3,17,129.0,2.012,1.17,us,9.28,1.933,0.168,10
49.664,155.3451,95.727,4.4,102,63.0,3.751,0.49,us,10.47,6.994,0.053,103
49.7002,158.3167,19.776,4.2,45,138.0,3.334,0.65,us,12.63,5.287,0.095,31
51.6594,159.5166,47.461,4.2,25,138.0,1.466,0.82,us,11.11,8.033,0.124,18
-18.6281,-177.721,624.188,4.4,42,166.0,3.503,0.58,us,16.6,9.549,0.09,35
37.0652,72.3774,10.0,4.4,9,131.0,1.248,1.38,us,11.52,1.908,0.202,7
51.4203,159.505,24.468,4.5,27,127.0,1.69,1.1,us,9.82,5.626,0.115,22
2.1834,126.7417,46.517,4.6,76,67.0,1.535,0.68,us,6.52,6.837,0.064,74
-47.808,116.0727,10.0,4.4,22,141.0,14.89,0.63,us,9.06,1.89,0.12,20
50.5617,158.6172,10.0,4.5,53,131.0,2.465,0.67,us,9.17,1.874,0.09,55
14.8298,55.8293,10.0,4.4,41,138.0,10.069,0.74,us,13.89,1.948,0.095,32
52.4405,160.6459,10.0,4.1,34,134.0,1.347,0.52,us,11.53,1.919,0.111,22
-17.8681,-178.0372,609.239,4.2,17,181.0,2.838,0.67,us,21.61,15.184,0.141,16
-31.1835,-179.285,183.317,4.3,15,200.0,6.667,0.75,us,10.41,10.026,0.168,10
-26.6561,-178.3552,287.32,4.4,43,111.0,10.347,0.62,us,13.41,7.295,0.089,36
-47.3288,97.6416,10.0,4.4,12,157.0,20.688,0.62,us,11.14,1.946,0.17,10
29.0741,129.6197,10.0,4.5,29,130.0,2.528,0.94,us,7.82,1.907,0.145,14
51.7371,159.3009,10.0,5.1,52,138.0,1.349,0.82,us,10.45,1.913,0.076,56
13.9108,144.6955,197.907,4.0,15,113.0,0.361,0.36,us,9.99,5.823,0.195,7
29.2911,129.2257,10.0,4.6,55,87.0,2.452,1.0,us,6.32,1.865,0.073,56
52.6886,160.3365,53.81,4.4,32,142.0,1.076,1.2,us,12.48,7.868,0.126,18
-23.4655,-66.409,207.267,4.3,34,61.0,1.707,1.01,us,8.64,7.523,0.147,13
50.369,158.6245,20.346,4.8,78,134.0,2.658,0.71,us,11.12,5.495,0.04,190
-22.0863,-68.9743,102.907,4.3,15,144.0,0.381,0.56,us,5.41,4.764,0.216,6
-35.9912,-179.9542,10.0,4.3,13,245.0,2.1,0.79,us,15.6,2.002,0.169,10
51.2485,159.5548,10.0,4.3,26,134.0,1.863,0.64,us,5.42,1.824,0.119,20
-34.2319,-178.5567,10.0,4.5,17,161.0,4.186,0.63,us,8.18,1.982,0.163,13
51.8277,159.1275,48.446,4.4,63,125.0,1.233,1.08,us,8.75,6.98,0.059,82
-32.5307,-71.4171,67.499,4.0,31,152.0,0.528,0.57,us,4.45,5.511,0.195,7
-5.8878,105.1606,112.62,4.2,25,129.0,1.527,0.68,us,11.37,5.901,0.118,21
10.8814,125.9051,35.0,4.4,31,121.0,9.161,0.54,us,13.62,1.93,0.114,22
51.7592,159.3382,35.0,4.9,124,120.0,1.335,1.16,us,8.64,1.923,0.042,181
2.4911,-76.2254,35.053,4.4,51,72.0,2.355,0.68,us,7.8,6.209,0.089,37
-6.2671,130.8945,119.258,4.2,19,111.0,1.994,1.15,us,7.46,7.865,0.176,10
7.3532,127.2542,10.0,4.9,80,41.0,1.686,1.05,us,6.67,1.833,0.054,107
-3.554,153.9602,400.002,4.2,15,99.0,1.901,0.57,us,11.8,7.832,0.2,7
-55.6902,-26.2571,10.0,4.5,22,116.0,6.056,0.62,us,11.21,1.815,0.14,17
-6.2403,151.3994,10.0,4.3,26,113.0,2.02,0.47,us,8.94,1.76,0.106,25
30.5618,130.9918,45.075,4.7,71,138.0,1.052,0.69,us,10.93,5.62,0.057,95
2.5581,95.8302,33.799,4.2,22,204.0,2.143,0.36,us,9.92,7.626,0.136,15
36.3098,71.4477,117.474,4.4,52,75.0,2.164,0.57,us,7.3,7.613,0.082,43
9.3716,93.9749,10.0,5.1,93,28.0,5.612,0.99,us,8.72,1.81,0.064,79
22.58,95.7825,10.0,4.3,28,102.0,1.587,0.73,us,9.39,1.959,0.122,19
8.9656,126.3025,56.431,4.5,44,131.0,2.015,0.7,us,12.55,6.327,0.093,34
17.4694,-100.2786,35.0,4.4,98,83.0,0.294,1.22,us,5.02,1.837,0.041,169
52.3363,158.2404,10.636,4.7,45,161.0,0.84,0.87,us,13.36,6.191,0.159,12
49.1492,156.2055,35.0,4.4,41,107.0,4.074,0.48,us,12.41,1.936,0.103,27
51.1809,158.8957,43.213,4.4,33,122.0,1.852,0.94,us,5.58,7.769,0.11,24
-7.4074,129.21,104.245,4.2,14,94.0,5.388,0.82,us,8.66,10.438,0.159,11
-61.1332,-36.3328,10.0,5.0,60,62.0,13.067,0.52,us,11.86,1.838,0.076,56
51.625,159.3136,35.0,4.5,69,137.0,1.459,0.61,us,10.76,1.928,0.064,72
-21.4938,168.8872,10.0,4.3,14,260.0,1.74,0.61,us,11.61,2.004,0.201,9
-29.7141,-13.6047,10.0,4.6,27,79.0,27.369,0.96,us,5.83,1.869,0.114,23
-21.101,-174.3386,10.0,5.0,73,108.0,4.609,0.72,us,12.43,1.857,0.066,73
-6.9786,127.3578,300.518,4.3,20,85.0,5.03,1.17,us,10.97,8.553,0.189,8
51.5671,160.3992,10.0,4.2,29,134.0,1.811,0.75,us,10.59,1.9,0.125,18
-24.7421,-173.8807,10.0,4.4,15,138.0,6.727,0.54,us,9.18,1.921,0.154,13
13.4243,-92.402,10.0,4.6,44,233.0,1.396,0.98,us,10.16,1.985,0.036,227
-22.9061,-66.7678,213.249,4.2,20,113.0,1.302,1.06,us,10.3,8.258,0.159,11
-57.5918,157.0671,10.0,4.6,21,154.0,3.274,0.45,us,14.04,1.959,0.122,22
2.8461,128.5351,10.0,4.4,36,72.0,2.368,0.73,us,7.27,1.882,0.112,23
51.3867,159.5006,10.0,4.5,40,128.0,1.721,0.61,us,5.37,1.882,0.094,33
-9.0215,117.0613,10.0,4.2,12,102.0,0.732,0.39,us,6.48,1.932,0.216,7
-21.1246,-68.5008,136.078,4.7,35,67.0,0.925,0.82,us,6.53,5.712,0.087,40
-37.1842,52.411,10.0,4.8,62,51.0,13.025,0.63,us,8.39,1.785,0.074,57
52.0062,160.2984,24.575,4.1,25,154.0,1.433,0.77,us,9.52,6.85,0.127,17
-6.1652,151.4946,10.0,4.6,36,86.0,5.367,0.74,us,13.16,1.93,0.094,45
51.4159,159.8462,10.0,4.3,27,124.0,1.77,0.98,us,8.91,1.896,0.122,19
51.7165,159.5101,10.0,4.4,53,126.0,1.411,0.76,us,8.8,1.896,0.087,41
1.5904,123.9628,298.53,4.2,26,77.0,2.873,0.42,us,10.32,9.442,0.132,16
52.2664,160.2345,35.0,4.7,36,140.0,1.228,1.37,us,11.06,1.939,0.093,35
-20.7641,-177.9521,498.515,4.5,51,136.0,4.823,0.77,us,12.51,6.29,0.087,40
-33.6161,-72.6841,10.0,4.3,26,197.0,0.893,0.93,us,4.57,1.772,0.217,6
9.6143,126.1051,94.532,4.3,16,135.0,2.581,1.2,us,13.99,7.17,0.161,11
12.0948,-88.0283,35.0,4.2,19,202.0,1.152,0.76,us,7.39,1.979,0.152,12
52.6169,-32.0699,10.0,4.5,71,84.0,11.228,1.13,us,9.72,1.907,0.072,56
17.3336,-94.2491,170.032,4.7,47,69.0,0.1,1.31,us,6.39,5.965,0.049,124
51.3099,159.8509,10.0,4.1,19,193.0,1.869,0.34,us,11.25,1.99,0.145,13
51.485,159.7227,35.0,4.5,35,134.0,1.676,0.78,us,11.25,1.902,0.093,34
54.4719,-159.8452,36.302,3.9,36,208.0,0.39,0.75,us,5.36,5.008,0.148,12
4.8731,96.6217,10.0,4.5,32,135.0,3.156,0.97,us,9.38,1.909,0.108,25
49.3741,155.5437,59.187,4.5,25,138.0,3.977,0.76,us,11.29,8.224,0.124,19
-37.595,-69.999,212.402,4.9,69,101.0,2.297,0.84,us,8.63,6.993,0.068,68
-19.989,-177.8639,430.41,4.4,39,164.0,4.371,0.5,us,16.46,10.15,0.089,36
50.4294,158.3403,10.0,4.6,90,132.0,2.605,0.6,us,9.85,1.893,0.059,85
51.4032,159.5752,26.928,4.2,14,128.0,1.72,1.16,us,11.08,7.352,0.216,7
-20.3859,-177.8699,553.516,4.3,33,98.0,4.666,0.77,us,10.77,8.562,0.122,19
50.6188,156.9493,74.025,4.2,65,135.0,2.536,0.54,us,4.48,8.024,0.073,52
19.0137,96.264,10.0,4.6,69,58.0,1.634,0.57,us,6.06,1.867,0.074,54
2.0301,127.9871,102.214,4.5,19,100.0,1.395,0.62,us,9.31,9.949,0.156,12
52.5731,160.2333,10.0,4.6,48,162.0,1.062,0.77,us,12.43,1.962,0.094,34
-19.6435,169.0822,127.736,5.0,47,123.0,3.326,0.61,us,10.62,7.49,0.042,179
-33.0595,-13.3452,10.0,5.0,58,59.0,4.087,1.06,us,9.76,0.861,0.072,61
-5.7303,-75.1936,117.465,4.2,33,113.0,3.171,0.78,us,9.68,10.736,0.118,20
36.1482,22.7754,64.031,4.3,14,219.0,1.235,0.81,us,9.69,8.97,0.237,5
-24.5207,-67.5714,178.807,4.2,23,95.0,1.658,1.25,us,9.43,11.438,0.187,8
52.0561,160.3545,22.19,4.2,29,188.0,1.422,0.83,us,12.37,7.27,0.124,18
-10.3764,161.3898,65.873,4.2,24,113.0,1.699,0.61,us,5.49,7.916,0.118,21
52.3274,161.0499,10.0,4.5,14,232.0,1.619,0.87,us,9.79,1.971,0.163,11
51.3725,158.9547,42.945,4.4,78,127.0,1.664,0.76,us,8.65,7.141,0.058,87
-5.339,133.9041,10.0,5.1,71,38.0,2.635,0.65,us,8.3,1.778,0.065,77
41.5672,142.1152,59.846,4.3,84,122.0,0.898,0.74,us,6.58,7.974,0.065,67
-11.9507,166.1349,60.32,4.5,53,153.0,6.573,0.68,us,11.58,7.673,0.078,50
39.1954,28.2157,10.0,4.8,52,37.0,1.027,0.6,us,4.11,1.889,0.114,24
4.091,125.8929,155.742,4.1,22,184.0,0.76,0.79,us,10.56,7.871,0.145,15
3.1466,125.7941,138.464,4.3,21,111.0,1.607,0.48,us,8.4,8.689,0.147,15
30.561,70.2875,10.0,4.0,37,241.0,4.061,1.18,us,12.41,2.008,0.149,12
51.5279,159.7667,10.0,4.7,76,127.0,1.648,1.0,us,8.37,1.888,0.062,79
31.4462,140.1365,10.0,4.6,72,132.0,1.686,0.36,us,9.02,1.904,0.071,59
-4.8558,153.3277,52.137,4.3,33,121.0,1.335,0.81,us,9.31,7.394,0.113,22
-8.5317,120.5652,165.216,4.6,47,63.0,1.16,1.13,us,6.13,6.421,0.088,39
-14.9242,-75.7626,35.0,5.1,100,131.0,3.102,0.69,us,8.75,1.909,0.038,221
-21.7111,170.7311,113.377,4.1,15,120.0,3.174,0.86,us,11.36,9.817,0.185,8
12.0871,143.284,35.0,4.2,21,148.0,2.149,0.79,us,12.19,1.964,0.131,16
51.353,161.004,10.0,4.2,43,122.0,2.213,0.64,us,9.68,1.911,0.097,29
49.8183,157.2554,35.0,4.3,60,135.0,3.306,0.8,us,11.13,1.946,0.075,50
52.5535,160.9023,10.0,4.5,46,143.0,1.447,0.86,us,12.12,1.919,0.055,97
-25.9649,179.6835,508.72,4.9,65,85.0,8.319,0.68,us,12.66,7.55,0.075,56
-40.6351,176.1337,22.908,4.0,21,89.0,0.096,0.91,us,3.23,6.671,0.258,4
52.9044,160.8382,10.0,4.2,19,190.0,1.329,0.73,us,8.66,1.984,0.152,12
12.6857,144.5652,26.72,4.4,37,214.0,0.945,0.5,us,12.65,9.034,0.101,28
34.6827,70.6043,65.43,4.3,52,142.0,3.927,0.66,us,11.15,8.308,0.092,36
51.1383,159.5376,10.0,4.3,29,138.0,1.966,0.45,us,12.07,1.939,0.126,18
51.8646,155.998,200.867,4.1,34,137.0,1.623,0.29,us,15.32,8.454,0.107,24
17.2051,19.5011,10.0,4.4,55,79.0,14.257,0.85,us,10.96,1.931,0.076,50
27.1766,143.1584,10.0,4.1,14,215.0,0.872,0.46,us,8.96,1.953,0.166,10
51.9413,-173.6963,40.976,3.8,50,113.0,0.404,1.02,us,6.29,6.605,0.111,21
-19.4447,168.5539,10.0,4.9,31,115.0,3.318,0.81,us,9.06,1.895,0.116,23
42.7638,146.4289,35.0,4.3,31,188.0,2.536,0.49,us,3.9,1.972,0.125,18
-19.2153,-69.0791,121.532,4.4,64,92.0,0.464,0.92,us,6.32,4.237,0.07,60
50.6499,156.9352,68.902,4.2,17,137.0,2.507,0.57,us,11.18,6.788,0.175,9
44.368,147.4856,108.046,4.2,34,147.0,3.525,0.75,us,10.43,8.864,0.108,24
49.2129,157.8451,10.0,4.3,22,137.0,3.849,0.48,us,12.31,1.919,0.153,12
51.7308,160.6197,35.192,4.1,49,136.0,1.77,0.66,us,8.67,8.106,0.08,48
51.4918,159.5325,35.0,4.7,29,128.0,1.627,1.29,us,8.63,1.934,0.123,20
51.3044,159.6645,10.0,4.6,46,86.0,1.832,0.96,us,8.23,1.873,0.084,43
12.0222,-69.6299,10.0,4.5,61,99.0,3.271,1.14,us,8.36,1.89,0.08,45
21.8711,119.6383,10.0,4.6,42,99.0,1.633,0.65,us,6.75,1.89,0.092,35
42.3287,144.4751,35.019,4.1,33,175.0,1.029,1.07,us,7.64,8.98,0.111,22
-17.7009,-176.4748,593.912,4.1,21,171.0,4.155,0.79,us,14.28,15.616,0.135,16
25.8169,-45.3491,10.0,4.4,53,141.0,18.373,0.41,us,15.54,1.93,0.08,45
53.037,-161.8862,10.0,4.2,41,173.0,1.951,0.64,us,6.41,1.951,0.1,28
12.7547,49.3782,10.0,4.2,31,78.0,5.173,0.53,us,9.73,1.908,0.112,22
51.419,159.7448,10.0,4.9,120,132.0,1.742,0.89,us,9.49,1.879,0.052,116
1.9937,126.618,46.143,4.6,60,93.0,1.426,0.89,us,6.66,7.079,0.078,49
52.1319,160.7323,10.0,4.4,20,229.0,1.553,1.12,us,14.86,1.995,0.162,12
-59.2055,-17.2326,10.0,4.7,27,188.0,11.645,0.73,us,15.36,1.986,0.113,24
-15.5218,-175.7339,10.0,4.9,29,112.0,4.146,0.75,us,11.54,1.887,0.11,26
6.1123,127.574,10.0,4.4,31,84.0,2.496,0.68,us,9.36,1.889,0.111,23
-8.8521,123.4845,95.976,4.2,18,111.0,1.184,0.81,us,6.36,8.323,0.136,15
72.4889,3.0994,10.0,4.4,91,62.0,3.95,0.76,us,4.82,1.879,0.061,83
52.2661,159.0241,84.976,4.6,45,133.0,0.792,0.74,us,11.36,7.126,0.084,42
8.9324,-66.8932,8.446,4.3,38,68.0,2.58,0.59,us,7.72,4.189,0.129,17
50.7446,157.1493,50.573,5.2,124,129.0,2.392,0.57,us,9.3,6.398,0.057,102
-22.5584,-179.82,577.059,4.3,28,121.0,5.189,0.62,us,14.81,10.035,0.113,22
-3.1216,148.4702,10.0,4.9,63,150.0,1.538,0.67,us,9.86,1.872,0.075,56
44.144,86.7402,10.0,4.2,25,217.0,3.568,1.23,us,4.83,1.985,0.186,8
21.0544,121.9087,10.0,4.7,83,68.0,1.916,0.57,us,7.83,1.871,0.067,68
19.0218,121.416,45.416,4.6,63,120.0,3.79,0.79,us,11.48,7.815,0.058,87
29.2009,129.0443,10.0,4.2,34,103.0,2.453,1.16,us,6.67,1.904,0.125,18
7.3415,127.3082,10.0,4.6,29,80.0,1.737,0.74,us,4.4,1.901,0.122,20
36.2224,-34.0872,10.0,4.8,67,87.0,7.023,0.76,us,9.6,1.824,0.075,55
13.7314,-90.3793,78.589,4.6,67,122.0,0.607,0.96,us,8.63,7.475,0.072,58
-4.415,139.4276,9.028,3.9,18,124.0,0.572,0.46,us,4.25,5.083,0.155,13
51.5504,159.5788,27.718,5.3,109,113.0,1.94,0.83,us,7.87,3.528,0.031,348
52.0672,159.8494,35.0,4.2,33,113.0,1.206,0.84,us,6.17,1.915,0.105,25
14.4467,-91.1473,98.851,4.2,100,177.0,1.433,0.76,us,9.06,9.079,0.054,102
-1.0093,99.6812,57.856,4.2,35,137.0,3.116,1.05,us,9.21,7.675,0.11,24
50.1518,158.1682,20.654,4.2,13,176.0,2.891,0.99,us,10.03,7.899,0.186,8
39.6107,143.4862,32.536,4.0,19,204.0,2.197,0.57,us,10.55,8.744,0.164,10
15.0832,-96.6016,10.0,4.1,61,154.0,0.832,1.0,us,6.38,1.851,0.074,50
25.8294,66.5927,10.0,4.1,25,95.0,9.435,0.74,us,7.12,1.868,0.119,19
-24.96,179.8016,520.296,4.5,67,132.0,7.362,0.88,us,13.56,7.696,0.074,54
54.5247,-160.1524,38.47,4.1,83,159.0,0.448,0.55,us,5.99,8.781,0.111,26
52.141,160.455,10.0,4.7,54,155.0,1.412,0.99,us,3.28,1.903,0.069,64
53.1649,160.8182,35.0,4.2,18,194.0,1.315,0.82,us,12.17,1.99,0.175,9
-52.3658,14.5581,10.0,4.6,11,108.0,20.484,0.85,us,15.4,1.636,0.172,10
-17.9522,-178.1792,557.575,4.1,22,83.0,2.763,0.37,us,15.44,10.668,0.127,17
39.578,143.3881,10.0,4.3,32,137.0,2.152,0.57,us,7.52,1.916,0.126,18
-20.4833,-178.0259,529.987,4.7,59,99.0,4.6,0.7,us,11.02,8.529,0.078,50
-14.7475,66.5518,10.0,4.6,47,57.0,5.834,0.59,us,11.64,1.864,0.088,39
2.3697,126.6955,59.068,4.6,43,95.0,2.643,0.53,us,9.03,7.799,0.084,43
21.0567,121.7601,10.0,4.4,24,120.0,1.863,1.14,us,8.8,1.949,0.179,9
-22.7353,-66.6143,224.953,4.2,29,49.0,1.459,0.96,us,9.28,8.483,0.152,12
-2.1389,139.5936,40.498,4.7,29,79.0,1.17,1.28,us,6.51,7.438,0.112,24
16.5187,-59.7045,10.0,4.6,61,128.0,1.323,0.52,us,7.13,1.908,0.092,35
11.6636,141.8368,10.0,5.2,93,54.0,3.524,0.91,us,8.23,1.846,0.031,341
2.9049,-31.3588,10.0,4.7,88,58.0,9.789,0.43,us,9.88,1.86,0.054,104
18.7959,145.561,227.288,4.3,57,97.0,3.542,1.04,us,9.47,8.604,0.077,48
51.8507,160.4148,10.0,4.4,29,185.0,1.596,0.81,us,13.11,1.956,0.12,20
-31.9385,-69.9338,108.723,4.2,40,63.0,0.891,0.69,us,5.44,6.489,0.128,18
7.2233,127.4282,10.0,4.5,27,126.0,1.841,0.96,us,6.09,1.907,0.121,20
50.39,156.228,74.459,4.1,38,138.0,2.872,0.51,us,6.36,7.974,0.099,28
52.0258,-171.3369,35.0,3.6,68,190.0,1.156,0.72,us,6.93,1.993,0.064,62
9.0158,126.4141,55.135,4.5,37,119.0,2.103,0.95,us,11.1,9.156,0.108,25
52.5535,160.5109,31.366,4.5,66,149.0,1.224,0.97,us,10.89,6.661,0.074,54
-30.6357,-71.8316,26.997,4.2,18,191.0,0.174,0.93,us,5.38,4.23,0.216,6
49.1483,156.5494,35.0,4.2,14,194.0,4.031,0.59,us,13.37,1.96,0.236,6
-8.6742,112.0918,118.563,4.2,35,64.0,2.048,0.51,us,6.72,6.939,0.104,26
35.1436,23.325,61.077,4.5,95,63.0,2.325,0.96,us,8.34,7.619,0.057,90
40.2191,142.6795,38.343,4.3,33,132.0,1.357,1.09,us,7.08,7.976,0.113,22
14.4103,147.169,10.0,4.4,17,160.0,1.564,0.78,us,3.73,1.94,0.17,11
-13.6474,167.108,211.272,4.3,30,90.0,7.375,0.82,us,12.3,6.482,0.113,24
-7.3346,-111.1817,10.0,4.5,61,122.0,37.165,0.49,us,7.4,1.9,0.067,64
-9.5,119.8345,80.79,4.7,95,87.0,0.487,0.89,us,5.83,5.243,0.059,94
29.2758,129.5665,10.0,4.3,39,112.0,2.354,0.64,us,5.37,1.916,0.104,26
52.1872,159.2574,59.053,4.5,59,162.0,0.916,0.49,us,9.41,7.225,0.061,80
29.3994,129.1855,10.0,4.4,23,140.0,2.37,1.21,us,9.93,1.92,0.127,18
-18.9602,-69.4287,116.834,4.4,40,103.0,0.739,1.03,us,5.57,3.922,0.105,28
53.9219,-164.5049,18.727,3.4,32,154.0,0.586,0.39,us,3.96,6.888,0.201,6
4.9095,94.7943,59.204,4.4,35,96.0,2.168,0.55,us,7.93,8.226,0.114,22
51.2058,159.5623,10.0,4.5,24,129.0,1.905,0.89,us,10.03,1.917,0.131,17
7.3731,127.2483,10.0,4.2,27,83.0,1.683,1.17,us,7.65,1.897,0.132,17
-0.9822,134.2512,32.556,4.6,38,81.0,0.53,0.77,us,6.43,5.673,0.107,26
52.274,160.4942,10.0,4.2,25,123.0,1.351,0.91,us,7.17,1.804,0.128,17
15.0734,-91.2919,192.348,4.5,64,83.0,0.571,1.08,us,5.85,5.225,0.044,152
13.967,-92.5853,22.359,4.6,71,157.0,1.158,1.25,us,6.19,7.071,0.03,329
-17.6491,-178.6677,615.931,4.1,30,183.0,2.209,1.01,us,21.83,12.517,0.103,26
10.9381,124.1069,10.0,4.3,29,117.0,14.503,0.67,us,13.35,1.904,0.116,21
26.8866,55.2525,10.0,4.1,20,136.0,2.115,1.0,us,11.68,1.913,0.174,9
19.0599,121.301,10.0,4.2,33,123.0,3.744,0.83,us,12.76,1.926,0.11,23
51.2193,159.4062,40.937,4.6,28,144.0,1.866,0.94,us,11.65,7.057,0.111,24
52.3016,-169.4338,35.0,3.8,52,175.0,0.517,0.9,us,4.68,1.884,0.075,46
52.0116,161.6483,10.0,4.2,24,134.0,2.094,0.69,us,13.04,1.917,0.147,14
-10.466,161.2937,72.158,4.7,109,99.0,1.674,0.63,us,10.72,6.742,0.053,113
-6.2374,130.3775,121.844,4.5,47,54.0,3.787,0.67,us,7.73,8.461,0.093,34
50.278,159.5416,10.0,4.5,43,137.0,2.805,0.64,us,9.65,1.81,0.089,37
-15.2883,-172.8333,10.0,4.7,22,134.0,2.427,0.73,us,13.4,1.9,0.117,22
-3.1678,130.7028,22.49,4.8,72,61.0,1.564,0.59,us,5.72,4.73,0.069,68
50.9438,159.9106,10.0,4.1,19,222.0,2.224,1.05,us,11.34,1.98,0.135,15
-9.042,124.0259,100.185,4.4,24,97.0,0.748,0.87,us,6.68,2.754,0.126,18
52.8182,160.7089,35.0,4.2,31,119.0,1.263,0.87,us,6.24,1.924,0.101,27
-37.99,78.3647,10.0,4.3,27,150.0,40.316,0.75,us,11.43,1.926,0.114,22
-11.7641,165.1128,10.0,4.6,26,53.0,4.187,0.66,us,9.02,1.836,0.132,19
51.3993,158.7285,18.834,5.0,93,91.0,1.627,0.74,us,8.29,3.891,0.025,527
57.0469,-33.8463,10.0,4.6,63,119.0,7.242,0.77,us,10.21,1.933,0.075,53
28.3833,97.3521,10.0,4.5,21,137.0,9.265,0.45,us,7.98,1.913,0.145,14
13.5341,-91.6326,32.216,4.1,30,240.0,1.022,0.78,us,9.5,9.299,0.107,24
-47.8647,116.0413,10.0,4.4,21,141.0,14.948,0.74,us,15.26,1.92,0.13,17
52.5398,160.7671,10.0,4.5,61,162.0,1.374,0.64,us,10.29,1.937,0.067,66
-24.044,178.7717,544.318,4.1,18,175.0,6.303,1.01,us,21.09,13.903,0.14,17
17.162,59.7289,10.0,4.3,39,180.0,8.413,1.04,us,10.8,1.924,0.099,29
-55.2936,-28.1682,29.119,4.0,13,198.0,4.92,0.24,us,19.14,8.307,0.197,7
53.0125,160.7785,33.191,4.1,17,183.0,1.286,0.8,us,14.1,9.985,0.185,9
3.2525,126.2225,50.714,4.5,30,58.0,1.647,0.57,us,7.18,8.49,0.125,19
14.0398,39.9114,10.0,4.4,22,159.0,3.797,0.49,us,12.25,1.94,0.162,11
50.9043,157.4601,69.365,4.1,41,134.0,2.212,0.76,us,10.45,7.236,0.101,27
34.329,7.478,10.0,4.5,51,94.0,2.076,0.94,us,9.0,1.879,0.071,58
46.8042,152.25,86.344,4.4,24,134.0,6.507,0.33,us,13.36,9.261,0.117,21
51.418,161.1206,10.0,4.3,73,89.0,2.212,1.03,us,5.43,1.724,0.068,62
9.5201,93.4167,10.0,4.5,31,118.0,6.177,0.53,us,7.82,1.772,0.121,20
53.2613,-168.8849,106.171,4.0,48,103.0,0.29,0.43,us,7.98,6.187,0.092,32
-16.0602,-69.2375,245.242,4.0,20,135.0,1.087,1.1,us,12.48,8.863,0.144,13
-17.7849,-178.7413,552.073,4.6,72,79.0,2.225,0.77,us,12.28,7.388,0.072,57
-26.9539,-71.4965,26.241,4.0,13,155.0,0.594,0.44,us,8.24,7.285,0.258,4
51.8618,158.4508,56.723,4.3,45,124.0,1.17,0.48,us,10.76,7.499,0.078,46
51.2567,159.4751,10.0,4.3,36,137.0,1.841,0.43,us,11.11,1.926,0.111,23
60.5498,-139.6848,5.0,4.1,47,53.0,0.536,1.17,us,2.09,2.002,0.261,4
50.0176,159.243,10.0,4.3,67,136.0,3.033,0.63,us,9.84,1.924,0.074,52
34.5429,7.6272,10.0,4.2,38,128.0,1.841,0.82,us,9.92,1.931,0.099,31
50.4094,156.5118,77.711,4.5,48,130.0,2.802,0.68,us,11.0,5.422,0.061,80
7.8181,127.0853,25.599,4.4,23,115.0,1.669,0.46,us,10.18,4.973,0.13,17
52.71,160.0361,38.251,4.3,59,107.0,0.897,0.64,us,9.15,7.49,0.055,94
38.262,73.0607,104.769,4.3,33,183.0,0.456,0.61,us,3.67,6.16,0.142,14
-4.2194,69.0708,10.0,4.3,19,217.0,4.623,0.47,us,13.64,1.986,0.177,9
49.3395,156.1103,59.872,4.5,38,190.0,3.904,0.48,us,12.15,8.112,0.084,42
52.0477,158.9287,10.0,4.7,10,192.0,0.992,0.56,us,10.65,1.952,0.183,12
51.6923,159.1684,10.0,4.7,70,135.0,1.371,0.68,us,10.14,1.908,0.074,55
23.5263,94.2235,10.0,4.2,33,150.0,2.397,0.88,us,12.14,1.905,0.115,21
7.1025,-82.283,10.0,4.8,83,86.0,3.127,0.73,us,6.65,1.885,0.044,160
50.9855,159.8418,10.0,4.1,14,254.0,2.17,0.59,us,14.7,2.016,0.184,8
-30.5376,-179.1076,235.117,4.5,45,81.0,1.645,1.34,us,13.89,7.691,0.083,43
52.0887,160.897,10.0,4.2,26,144.0,1.661,0.38,us,11.36,1.938,0.128,17
-3.3452,130.2644,10.0,4.9,65,23.0,2.026,0.88,us,6.34,1.824,0.056,100
17.5473,120.712,54.122,4.4,44,100.0,5.254,0.63,us,11.41,8.458,0.105,26
53.4249,-161.7561,21.608,4.4,66,153.0,1.585,0.76,us,5.05,4.985,0.072,56
50.2483,159.6183,10.0,4.4,25,136.0,2.844,0.59,us,11.61,1.932,0.112,23
35.8102,32.1868,78.055,4.3,65,119.0,1.262,0.84,us,6.93,9.646,0.099,29
10.0457,125.8534,87.356,4.7,60,114.0,2.969,0.68,us,10.6,7.251,0.054,104
0.0347,98.1087,10.0,4.2,15,199.0,2.764,0.51,us,12.1,1.975,0.186,8
29.3983,129.3391,10.0,4.5,37,93.0,2.313,0.64,us,8.7,1.864,0.09,39
50.5285,156.9016,57.476,4.2,20,135.0,2.631,0.71,us,12.39,8.437,0.147,13
-7.8025,118.8538,38.505,5.0,77,33.0,1.474,0.84,us,5.91,4.599,0.074,63
-41.8819,84.961,10.0,4.6,33,66.0,37.441,0.5,us,10.35,1.875,0.103,28
1.6354,127.1993,128.767,4.7,81,97.0,0.874,0.51,us,6.93,6.348,0.069,64
9.4795,-84.2616,10.0,4.0,17,193.0,0.363,0.72,us,3.42,1.972,0.183,8
-23.4224,178.8889,545.272,5.0,121,45.0,5.703,0.77,us,10.29,5.663,0.042,180
52.1594,160.5927,10.0,4.3,36,124.0,1.467,0.61,us,8.4,1.709,0.089,36
52.8725,159.8745,44.167,4.1,28,118.0,0.756,1.27,us,10.42,8.389,0.105,25
52.3128,175.8138,86.038,4.9,77,105.0,1.128,0.51,us,6.66,7.128,0.034,265
7.4316,127.1295,10.0,4.9,98,53.0,1.58,0.49,us,6.67,1.847,0.06,87
37.6449,144.2525,10.0,4.5,50,136.0,3.998,0.52,us,11.35,1.922,0.092,35
39.4367,143.4847,10.0,4.3,15,135.0,2.295,0.78,us,9.77,1.937,0.239,5
18.8732,145.3521,372.736,3.9,28,146.0,17.61,0.58,us,14.7,8.4,0.115,20
54.4103,-163.2564,10.0,4.2,64,147.0,0.368,0.7,us,2.66,1.862,0.082,41
9.2882,123.1783,10.0,4.2,15,105.0,3.241,0.72,us,8.85,1.919,0.216,6
-56.2384,-27.361,105.506,4.4,26,74.0,5.574,0.91,us,12.48,7.726,0.112,23
-24.3154,-175.5641,30.322,4.6,25,98.0,8.845,0.5,us,10.75,5.594,0.157,17
6.8332,126.9556,73.342,5.1,65,121.0,1.387,0.87,us,8.9,8.092,0.064,79
52.4048,160.6361,11.326,4.5,44,117.0,1.358,0.86,us,9.76,5.048,0.053,103
-22.8127,173.0743,10.0,4.4,13,137.0,5.2,1.12,us,7.51,1.907,0.162,11
50.3203,158.6166,10.0,4.2,35,135.0,2.707,0.65,us,12.44,1.929,0.11,23
43.754,147.8069,10.0,4.2,47,135.0,3.783,0.81,us,9.71,1.91,0.102,30
44.6235,149.4554,35.0,4.2,43,144.0,4.946,0.8,us,11.62,1.947,0.093,32
4.982,94.6883,60.668,4.5,40,138.0,2.263,0.54,us,8.62,8.02,0.104,27
34.088,141.1207,37.664,4.1,20,142.0,1.46,0.48,us,7.88,9.124,0.234,7
50.3762,158.8164,10.0,5.3,98,93.0,2.653,1.1,us,7.99,1.801,0.066,82
50.6173,158.4041,32.753,4.2,31,137.0,2.414,0.67,us,12.27,6.394,0.096,30
-57.7114,157.6615,10.0,4.7,28,103.0,3.3,0.62,us,12.16,1.893,0.113,24
-27.1801,-177.7645,10.0,4.2,16,203.0,10.153,0.53,us,9.93,1.984,0.147,15
5.3272,127.1472,129.531,4.8,70,66.0,1.764,0.56,us,8.41,7.353,0.067,69
44.5841,149.4032,54.264,4.5,55,135.0,4.906,0.66,us,11.15,7.865,0.068,63
36.4893,53.2719,10.0,4.0,23,145.0,4.126,0.94,us,9.2,1.959,0.164,11
-59.3722,-61.7089,10.0,4.4,14,120.0,5.532,0.3,us,8.25,1.907,0.169,10
51.3119,160.5287,10.0,4.2,25,138.0,2.068,1.03,us,6.66,1.796,0.118,20
52.1847,160.2739,33.969,4.9,121,123.0,1.299,0.59,us,8.59,5.411,0.052,117
-20.3768,-67.9493,156.159,4.1,21,76.0,1.154,0.91,us,7.17,9.154,0.214,6
52.1154,160.5132,21.747,4.5,36,118.0,1.456,0.76,us,10.68,6.15,0.092,35
29.3616,129.3346,10.0,4.4,50,108.0,2.348,0.6,us,7.27,1.834,0.095,32
49.8252,159.7464,10.0,4.4,72,137.0,3.275,0.8,us,8.43,1.469,0.072,56
-12.4119,166.4326,35.0,4.9,39,90.0,3.108,1.0,us,9.8,1.869,0.112,28
48.4937,157.4303,10.0,4.2,39,136.0,4.601,0.74,us,12.54,1.91,0.106,25
-23.1571,-177.567,220.922,4.3,76,122.0,6.771,0.51,us,12.41,7.759,0.058,93
-0.6773,97.1344,10.0,4.5,24,125.0,2.017,0.62,us,9.98,1.926,0.156,12
43.5148,148.0085,10.0,4.3,26,156.0,3.873,1.2,us,10.52,1.851,0.16,14
9.4441,93.9067,10.0,4.2,28,120.0,5.16,0.76,us,11.7,1.911,0.124,21
52.2812,159.8921,35.0,4.7,31,133.0,1.061,0.96,us,11.43,1.952,0.153,13
37.403,75.7878,10.0,4.5,38,160.0,2.767,0.77,us,9.4,1.912,0.115,22
9.4274,126.5176,35.0,4.4,36,102.0,2.52,0.47,us,10.22,1.934,0.086,39
29.2812,129.4483,10.0,4.3,30,110.0,2.384,0.62,us,7.82,1.917,0.125,18
-0.1295,99.9834,10.0,4.6,25,167.0,2.797,0.94,us,10.07,1.928,0.137,19
-6.5222,147.7812,67.214,3.8,13,186.0,2.929,0.88,us,13.89,9.472,0.18,9
51.853,159.0741,35.0,4.3,48,134.0,1.201,0.72,us,10.68,1.942,0.063,72
0.3695,122.0085,182.34,4.6,73,60.0,1.431,0.71,us,6.31,6.33,0.069,67
54.04,-159.6814,10.0,4.2,27,209.0,0.794,0.46,us,5.76,1.963,0.237,5
54.4008,-161.466,35.0,3.7,51,183.0,0.758,0.51,us,3.21,1.994,0.19,7
-17.4649,-70.8409,97.077,4.5,35,128.0,1.018,0.76,us,7.29,6.943,0.082,44
54.5442,-159.7054,37.837,3.9,35,207.0,0.295,0.78,us,5.97,10.685,0.209,6
41.192,78.5358,10.0,4.8,69,94.0,1.311,0.81,us,6.08,1.864,0.054,104
7.1332,127.5707,10.0,4.1,23,115.0,1.977,0.93,us,10.85,1.919,0.124,18
10.4853,138.5123,10.0,4.7,32,107.0,5.065,0.54,us,10.59,1.899,0.123,20
-55.379,-24.7252,10.0,4.7,21,111.0,6.885,0.5,us,13.23,1.936,0.112,25
39.1701,28.1493,10.0,4.2,21,71.0,0.973,0.72,us,5.91,1.959,0.303,3
3.35,-84.1606,10.0,4.6,70,99.0,5.673,0.83,us,9.07,1.948,0.075,52
52.2502,160.619,35.0,4.3,18,199.0,1.428,0.61,us,11.3,1.996,0.148,13
51.5311,160.4117,10.0,4.4,23,137.0,1.845,0.96,us,13.1,1.933,0.134,17
-0.1931,125.2772,49.367,4.7,49,68.0,4.678,0.79,us,6.98,8.427,0.095,34
34.8189,140.1285,51.969,4.4,17,160.0,1.719,0.48,us,7.78,10.103,0.202,7
3.4593,125.6907,89.265,4.2,20,129.0,1.283,0.62,us,6.91,9.889,0.166,13
50.4253,158.9304,10.0,4.3,24,133.0,2.608,0.64,us,8.05,1.702,0.16,11
56.1841,163.3254,10.0,4.4,41,100.0,4.173,0.7,us,9.01,1.796,0.074,53
52.1232,160.5376,10.0,5.0,94,134.0,1.463,0.76,us,10.46,1.888,0.051,121
52.1377,159.7096,35.0,4.9,81,123.0,1.098,0.99,us,7.04,1.791,0.047,141
54.4527,-160.1923,38.355,3.7,119,164.0,0.516,1.09,us,5.59,9.153,0.168,9
-4.5045,152.2189,104.384,4.2,48,117.0,0.316,1.12,us,10.84,5.553,0.089,35
-35.3341,-105.0972,10.0,4.7,40,79.0,27.622,0.68,us,13.67,1.899,0.056,98
22.7425,-45.1214,10.0,4.6,54,53.0,16.327,0.95,us,11.02,1.877,0.079,48
42.0602,139.5657,190.876,4.6,117,48.0,1.698,0.66,us,7.41,7.002,0.055,98
36.4749,70.3066,196.984,4.3,33,96.0,2.177,0.6,us,7.8,6.646,0.129,17
53.1006,161.067,35.963,4.4,21,171.0,1.461,0.94,us,12.93,10.232,0.155,12
-1.609,-77.9864,171.439,4.1,22,96.0,0.121,1.0,us,8.83,4.561,0.146,13
51.906,160.1529,32.298,4.6,64,135.0,1.448,0.84,us,11.82,5.984,0.07,61
29.3581,129.4491,10.0,4.6,53,122.0,2.313,0.62,us,7.49,1.89,0.084,46
-5.3708,133.6391,10.0,4.5,24,66.0,2.739,1.03,us,7.41,1.932,0.139,15
51.2578,159.6254,10.0,4.5,44,124.0,1.868,1.11,us,7.14,1.891,0.116,26
43.4997,147.4291,35.0,4.4,38,184.0,3.478,0.92,us,14.28,1.99,0.09,35
14.8034,108.2447,10.0,4.2,28,136.0,4.472,0.37,us,10.42,1.901,0.116,21
50.9601,159.2523,10.0,4.4,45,130.0,2.1,0.99,us,9.71,1.909,0.068,62
50.1175,157.3413,35.0,4.3,34,150.0,3.003,0.76,us,13.35,1.967,0.111,23
58.9973,-30.7819,10.0,4.5,76,52.0,7.291,0.46,us,9.14,1.89,0.069,61
41.1559,142.7514,53.76,4.3,37,150.0,0.911,0.9,us,3.15,8.324,0.116,21
9.6343,126.5531,12.436,4.5,13,89.0,2.724,0.29,us,10.62,4.259,0.18,11
-58.0146,-23.2715,10.0,4.4,11,103.0,16.075,0.67,us,9.84,1.901,0.161,11
-14.9255,166.8102,45.042,4.3,19,145.0,6.089,0.52,us,14.12,8.66,0.177,14
-5.8503,153.7487,10.0,4.9,32,128.0,2.282,0.71,us,6.74,1.818,0.112,25
11.2131,124.1111,10.0,5.2,81,47.0,4.365,0.58,us,10.02,1.863,0.068,71
-18.0225,-178.2053,557.71,5.0,175,114.0,2.78,0.7,us,11.84,6.347,0.042,178
39.6117,139.4794,11.854,4.6,83,122.0,1.69,0.58,us,7.55,4.202,0.07,61
51.6145,159.7614,10.0,5.0,77,106.0,1.567,0.58,us,7.26,1.808,0.042,182
-16.1945,-75.1677,10.0,4.1,22,143.0,4.486,0.85,us,9.69,1.877,0.112,22
-28.3435,-69.177,102.507,4.6,94,42.0,1.433,0.64,us,6.68,6.161,0.046,141
5.1156,125.3731,181.628,4.3,41,85.0,0.395,0.49,us,8.41,5.33,0.097,30
-5.6183,147.2206,146.48,4.4,24,106.0,3.762,0.69,us,9.87,7.569,0.135,16
5.9398,94.9203,10.0,4.7,46,138.0,2.137,0.78,us,9.5,1.886,0.094,34
-49.8823,110.742,10.0,4.4,14,145.0,17.613,1.07,us,14.39,1.9,0.179,11
-16.0679,-171.4995,10.0,4.4,16,133.0,2.023,0.35,us,5.46,1.91,0.179,9
3.7501,126.8317,35.171,4.8,37,71.0,1.665,1.24,us,5.83,8.732,0.109,27
6.8587,127.0432,56.7,4.5,57,109.0,1.468,1.07,us,9.77,7.494,0.077,49
52.9605,160.5025,52.675,4.3,23,149.0,1.122,1.09,us,8.53,8.761,0.137,15
-19.9038,-175.434,125.493,4.3,24,95.0,5.259,0.78,us,14.43,8.699,0.125,18
2.3958,98.9189,156.671,4.9,49,131.0,0.296,0.86,us,9.67,4.803,0.082,47
-18.0373,-178.4419,584.462,4.3,46,130.0,2.603,0.43,us,16.21,9.42,0.081,43
34.7289,68.712,10.0,4.2,41,169.0,0.409,0.64,us,6.17,1.959,0.113,22
52.9166,160.7435,19.179,5.0,154,106.0,1.271,0.72,us,8.21,4.534,0.025,523
56.6476,-33.8229,10.0,4.3,14,125.0,8.707,0.43,us,11.55,1.945,0.189,8
-22.586,69.2985,10.0,5.0,134,52.0,6.207,0.61,us,10.12,1.776,0.054,108
51.4645,157.5154,65.98,4.4,23,248.0,1.65,1.29,us,10.22,12.048,0.117,21
60.4092,-139.5694,5.0,4.9,42,84.0,0.463,1.13,us,4.38,1.907,0.187,9
38.8235,70.6829,10.0,4.1,38,146.0,1.086,0.96,us,4.65,1.918,0.107,24
28.117,140.6942,184.387,4.3,35,138.0,1.668,0.62,us,12.38,9.856,0.111,23
30.8874,142.5736,10.0,4.4,33,145.0,3.229,0.8,us,10.87,1.906,0.118,21
52.8728,161.1066,10.0,5.0,92,117.0,1.494,1.2,us,9.54,1.872,0.034,274
53.5437,161.963,10.0,4.8,135,111.0,2.056,0.46,us,8.82,1.862,0.045,162
53.0417,171.9684,38.08,4.3,84,107.0,1.329,0.78,us,10.48,8.008,0.059,82
51.3629,159.5807,10.0,4.4,36,128.0,1.759,0.85,us,7.14,1.895,0.121,21
51.7974,160.3915,10.0,4.4,59,123.0,1.627,0.8,us,10.53,1.921,0.062,74
-24.0167,-66.976,210.738,4.4,64,118.0,1.531,1.1,us,9.73,7.017,0.06,81
46.6819,152.7237,55.83,4.1,25,136.0,6.843,0.66,us,4.61,8.77,0.12,19
50.1652,158.1262,10.0,4.7,35,133.0,2.881,0.54,us,11.01,1.902,0.108,26
-20.875,-66.7739,217.89,4.5,44,66.0,2.347,1.02,us,7.89,8.724,0.048,125
39.4846,143.2361,40.066,4.9,61,126.0,2.114,0.91,us,8.71,7.045,0.047,141
50.5924,157.9873,35.0,4.2,46,135.0,2.469,0.58,us,11.29,1.941,0.072,54
-11.9882,167.8248,332.414,4.2,25,126.0,3.491,0.56,us,15.19,10.048,0.124,18
1.0484,127.0165,42.602,4.9,109,59.0,0.445,0.62,us,5.71,5.626,0.06,88
-7.8895,117.6906,12.248,4.2,19,80.0,0.936,0.77,us,6.87,4.891,0.167,10
49.9421,158.1099,10.0,4.1,27,138.0,3.104,0.53,us,11.73,1.919,0.131,16
-12.8599,167.3238,10.0,4.7,27,157.0,2.574,0.49,us,13.2,1.947,0.117,24
-3.5845,-79.8973,59.178,4.4,26,118.0,1.282,0.93,us,9.23,11.838,0.179,9
49.902,156.1812,80.935,4.4,51,137.0,3.348,0.49,us,12.88,8.622,0.081,44
50.932,157.0759,73.182,4.9,125,125.0,2.213,0.72,us,9.98,6.62,0.03,345
44.0547,83.4228,10.0,4.6,53,93.0,2.853,0.74,us,7.8,1.883,0.087,40
-14.145,166.8889,103.904,4.2,24,133.0,6.837,1.2,us,17.49,8.641,0.125,18
51.6635,160.0305,10.0,4.8,74,135.0,1.604,0.81,us,10.7,1.899,0.062,80
50.2986,158.1252,17.472,4.6,67,132.0,2.748,1.37,us,9.52,4.746,0.044,154
14.8139,54.8332,10.0,4.9,72,97.0,10.111,0.63,us,10.55,1.896,0.072,60
51.3831,159.6595,10.0,4.9,60,128.0,1.756,0.8,us,7.84,1.818,0.057,98
41.1545,71.5545,10.0,4.6,64,88.0,0.431,0.74,us,2.93,1.893,0.077,50
-17.8062,-178.7594,564.786,4.3,59,120.0,2.223,0.73,us,14.34,8.272,0.044,145
-19.4817,169.7526,34.312,5.1,56,89.0,3.787,0.94,us,7.82,4.413,0.054,111
-15.9833,-175.2045,271.983,4.4,40,57.0,3.898,0.7,us,11.82,7.767,0.085,40
31.4156,99.7785,10.0,4.3,18,228.0,5.582,0.71,us,8.44,2.008,0.161,11
-3.2815,140.9983,10.0,4.1,14,200.0,0.817,0.71,us,6.32,1.859,0.151,12
2.5539,95.6971,10.0,4.5,38,178.0,2.251,0.94,us,9.44,1.926,0.108,27
-23.4268,170.8657,10.0,4.6,17,194.0,3.252,0.79,us,12.11,1.981,0.157,12
-22.8279,-179.1866,523.472,4.5,57,110.0,5.682,0.91,us,13.68,8.086,0.081,45
2.6102,96.0428,38.295,4.4,28,196.0,2.879,0.45,us,12.41,9.038,0.13,17
6.6892,126.6242,101.687,4.4,27,127.0,1.104,0.99,us,6.12,7.603,0.123,20
51.9644,160.5511,10.0,4.4,19,155.0,1.573,0.94,us,7.16,1.945,0.17,12
52.4912,160.5727,10.0,4.5,58,120.0,1.284,0.89,us,9.42,1.882,0.072,56
-32.8172,-70.8678,78.377,4.1,37,77.0,0.272,0.65,us,5.21,6.214,0.213,6
5.9272,61.3713,10.0,4.3,16,194.0,23.225,0.57,us,11.07,1.94,0.177,9
4.4147,126.7057,58.242,5.0,91,39.0,1.263,0.75,us,6.35,5.538,0.043,169
-10.2062,162.5802,46.547,4.7,49,81.0,2.704,0.86,us,9.22,7.207,0.086,45
51.5481,161.2063,10.0,4.2,22,129.0,2.156,0.6,us,9.17,1.883,0.166,10
53.276,-160.0052,10.0,3.8,78,171.0,1.577,1.14,us,6.53,1.978,0.253,4
-49.4051,123.6767,10.0,4.5,20,117.0,17.148,1.17,us,14.79,1.918,0.127,18
39.6429,143.5386,10.0,4.3,17,150.0,2.214,0.59,us,8.72,1.948,0.188,8
52.3091,160.0054,35.0,4.2,38,122.0,1.092,0.88,us,9.24,1.93,0.107,24
-38.1869,176.1123,196.427,4.4,32,62.0,0.663,0.82,us,7.61,7.239,0.12,20
52.2317,160.1337,35.0,4.2,18,117.0,1.203,0.74,us,10.93,1.966,0.152,12
36.9108,141.6126,35.0,4.2,27,143.0,2.759,1.03,us,8.03,1.952,0.159,11
39.1821,28.2514,10.0,4.2,34,41.0,1.053,0.72,us,3.9,1.916,0.125,18
53.1098,161.4868,10.0,4.5,27,137.0,1.714,1.02,us,7.22,1.912,0.108,25
52.7318,160.1886,35.0,4.3,56,134.0,0.977,0.85,us,9.86,1.936,0.078,46
-21.3487,-68.6539,128.742,4.3,24,50.0,0.706,0.68,us,7.2,6.27,0.143,14
52.6651,160.8154,47.196,4.1,51,134.0,1.362,1.07,us,11.82,7.493,0.084,39
-0.9102,-13.7831,10.0,4.9,23,73.0,6.999,0.95,us,8.28,1.649,0.136,18
51.6311,159.6573,31.749,4.9,107,132.0,1.525,0.77,us,10.53,5.33,0.046,151
48.741,155.0357,64.043,4.5,80,126.0,4.686,0.74,us,10.03,6.903,0.067,66
50.2438,156.695,67.392,4.0,26,225.0,2.936,0.61,us,13.22,10.393,0.123,18
27.6536,-102.7715,10.0,4.0,65,60.0,1.163,0.48,us,3.72,1.729,0.087,36
15.1364,-91.9166,169.648,4.3,45,142.0,0.67,0.93,us,8.32,6.963,0.104,26
58.6644,126.4766,10.0,4.4,28,120.0,3.734,0.77,us,9.76,1.894,0.13,17
49.7576,157.3809,17.955,4.4,66,134.0,3.361,0.55,us,9.69,4.782,0.077,49
-19.5346,168.3765,10.0,4.7,29,67.0,3.105,1.11,us,6.72,1.918,0.121,21
52.7232,-169.4299,51.683,4.1,84,135.0,0.311,0.71,us,7.07,4.902,0.057,83
41.6929,142.7123,58.888,4.3,38,143.0,0.463,1.31,us,6.32,7.659,0.111,23
6.0141,126.0262,150.76,4.2,24,112.0,1.139,1.16,us,9.06,6.266,0.132,16
44.6618,149.3501,35.0,4.2,23,179.0,4.873,1.15,us,11.86,1.971,0.137,15
-23.8486,179.9188,533.147,4.2,36,121.0,6.319,0.59,us,13.57,9.668,0.098,29
50.1885,156.7396,70.95,4.2,29,144.0,2.984,0.48,us,12.76,8.826,0.11,23
-23.9499,-66.9871,173.069,4.5,21,77.0,1.478,0.94,us,7.69,8.482,0.14,15
51.8908,160.0848,10.0,4.7,14,222.0,1.434,0.7,us,13.92,1.977,0.159,16
-21.2803,-68.7253,118.559,4.0,13,92.0,0.704,0.63,us,6.27,8.393,0.258,4
36.1436,76.9652,10.0,4.1,32,151.0,4.18,0.61,us,9.53,1.935,0.126,17
17.941,-95.1842,128.51,4.3,62,99.0,1.168,0.96,us,6.89,8.326,0.054,98
52.2983,160.3072,38.378,4.8,73,117.0,1.243,0.77,us,8.83,6.907,0.038,217
40.7299,13.6049,404.05,4.1,59,53.0,0.789,0.77,us,7.37,6.317,0.123,18
52.1106,160.5416,10.0,5.0,103,118.0,1.473,0.82,us,8.19,1.881,0.055,105
41.2599,142.4695,33.122,4.1,12,182.0,0.914,0.42,us,9.0,10.923,0.213,6
51.1575,-177.6196,47.552,3.9,38,225.0,0.624,0.6,us,5.97,13.638,0.148,12
54.781,162.2474,44.143,4.3,51,159.0,3.167,0.34,us,9.14,8.478,0.08,44
18.1246,119.8944,10.0,5.1,67,80.0,4.799,0.94,us,10.22,1.825,0.051,126
41.4264,19.5807,10.0,4.4,49,56.0,0.227,1.24,us,4.51,1.896,0.101,28
31.528,66.9695,10.0,4.4,56,145.0,3.49,0.7,us,10.64,1.933,0.087,38
51.5628,158.7086,35.0,4.8,40,123.0,1.463,1.27,us,9.46,1.932,0.114,38
51.9508,159.3584,47.65,4.4,24,124.0,1.158,0.32,us,8.15,7.995,0.123,19
23.9664,94.4815,53.099,4.3,31,112.0,2.777,1.02,us,12.43,8.304,0.116,21
54.459,-159.6977,33.217,4.1,112,163.0,0.378,0.58,us,5.69,6.304,0.14,14
29.3167,129.4731,10.0,4.5,49,111.0,2.343,0.9,us,8.0,1.89,0.074,53
38.3833,72.3576,10.0,4.4,19,151.0,0.122,0.88,us,6.8,1.988,0.22,6
42.6807,141.2242,130.202,4.3,18,74.0,1.58,1.3,us,7.57,4.302,0.169,10
10.1964,126.1748,10.0,4.5,36,108.0,3.162,0.69,us,11.45,1.898,0.106,26
51.6531,159.3432,35.0,5.1,57,126.0,1.437,0.91,us,8.87,1.91,0.081,50
52.334,160.3121,13.422,4.7,60,122.0,1.225,0.97,us,9.99,5.119,0.061,82
39.1994,28.2216,10.0,4.2,27,69.0,1.032,0.79,us,3.4,1.897,0.141,14
39.8128,143.098,41.582,4.6,80,122.0,1.836,0.55,us,8.64,7.118,0.067,66
4.5463,125.8157,165.912,4.3,22,128.0,0.383,0.83,us,7.83,6.115,0.154,12
-4.8372,133.9605,10.0,4.4,30,43.0,2.138,1.01,us,5.58,1.916,0.139,15
52.9052,160.3313,39.81,4.1,36,137.0,1.024,0.79,us,9.21,6.295,0.103,26
-54.7666,-130.2807,10.0,4.9,23,182.0,32.545,0.73,us,13.06,1.955,0.123,21
-6.5238,35.807,10.0,4.2,18,86.0,4.699,0.47,us,10.48,1.941,0.167,10
-5.7806,130.9141,118.123,4.4,38,103.0,1.604,0.77,us,8.14,6.0,0.097,31
27.1149,52.9585,10.0,4.0,19,172.0,3.632,0.5,us,12.6,1.967,0.163,10
52.2331,160.285,35.0,4.4,38,134.0,1.273,0.94,us,8.05,1.948,0.103,27
52.3174,160.1852,30.832,4.7,47,134.0,1.172,0.92,us,10.45,6.04,0.085,42
17.4847,-61.2607,22.975,4.3,39,178.0,0.533,0.82,us,5.65,7.212,0.201,8
50.442,158.1906,10.0,4.7,104,131.0,2.601,0.55,us,8.93,1.878,0.055,99
79.9106,-0.4571,10.0,4.1,37,60.0,2.495,0.79,us,9.19,1.919,0.1,27
-20.9612,-69.0134,108.208,4.6,47,48.0,0.45,0.79,us,5.07,4.448,0.055,99
16.4171,41.5819,10.0,4.2,35,109.0,5.01,0.92,us,10.41,1.925,0.1,28
16.4618,-59.737,10.0,4.2,27,234.0,1.275,0.53,us,7.43,1.973,0.304,3
-20.9999,-174.4345,35.0,4.3,14,169.0,45.323,0.35,us,10.41,1.944,0.154,12
-6.9147,125.7048,509.074,4.6,86,28.0,3.16,0.61,us,9.95,6.776,0.078,49
49.5277,157.461,10.0,4.7,105,134.0,3.579,0.66,us,9.33,1.881,0.041,177
29.4902,129.073,10.0,4.5,37,106.0,2.338,0.76,us,5.12,1.883,0.103,28
53.7879,-165.5072,63.549,3.6,34,170.0,0.342,0.32,us,5.81,11.269,0.125,16
-33.7938,-179.6406,10.0,4.7,32,160.0,4.115,0.89,us,10.54,1.943,0.133,27
-4.7414,122.6823,10.0,4.4,15,164.0,0.178,0.58,us,3.99,1.888,0.19,8
9.6436,126.3902,35.0,5.0,165,74.0,2.68,0.65,us,9.95,1.821,0.047,145
27.9976,-111.9574,10.0,4.7,44,158.0,4.014,0.77,us,8.13,1.901,0.044,157
-61.0667,-38.1619,10.0,4.2,18,110.0,6.861,0.43,us,11.77,1.936,0.132,16
-6.9291,124.9926,546.063,4.4,36,55.0,2.898,0.94,us,12.17,8.429,0.13,18
51.7887,-176.4406,100.28,3.7,21,149.0,0.387,0.28,us,8.43,4.792,0.113,20
50.9075,159.5402,10.0,4.5,19,136.0,2.48,0.55,us,11.54,1.918,0.205,7
35.4034,31.1401,49.243,4.0,29,170.0,1.497,1.38,us,6.68,9.943,0.129,16
52.4967,160.8433,10.0,4.4,18,132.0,1.433,1.17,us,11.94,1.928,0.149,13
41.0658,83.2521,10.0,4.5,40,107.0,3.051,0.61,us,9.13,1.905,0.127,18
52.3278,161.2628,10.0,4.2,24,220.0,1.737,0.88,us,14.88,1.99,0.159,11
37.2812,20.2044,46.918,4.2,33,91.0,1.377,0.7,us,6.76,10.237,0.136,15
49.7442,159.4915,10.0,4.4,24,136.0,3.326,0.36,us,5.26,1.914,0.138,17
-2.8309,130.0069,10.0,4.3,14,122.0,1.683,0.67,us,7.44,1.914,0.202,7
51.2325,158.4987,35.0,4.2,22,125.0,1.796,1.12,us,9.4,1.947,0.167,12
39.5622,143.5313,10.0,4.3,41,123.0,2.253,0.88,us,8.81,1.898,0.104,26
-20.2152,-69.1538,96.072,4.1,20,80.0,0.074,0.78,us,4.87,3.376,0.175,9
50.0944,158.4424,19.206,4.5,59,134.0,2.936,0.59,us,9.74,4.805,0.081,45
1.6554,127.3893,133.097,4.3,51,106.0,0.878,0.77,us,6.72,7.238,0.086,38
-1.5529,-77.7537,181.434,4.1,40,63.0,0.277,0.65,us,8.87,4.766,0.105,25
52.8181,161.0695,10.0,4.6,39,119.0,1.479,1.18,us,10.39,1.898,0.085,41
23.8707,122.6608,10.0,4.5,40,79.0,0.674,1.15,us,2.89,1.889,0.115,22
-18.39,-177.7431,591.078,4.1,30,127.0,7.256,0.74,us,15.65,6.358,0.109,25
51.9156,158.0088,85.977,4.2,38,137.0,1.177,0.83,us,10.2,7.514,0.105,25
8.8684,126.7666,46.24,4.5,44,73.0,2.139,0.67,us,8.47,6.267,0.078,49
52.0961,159.2382,35.0,5.0,118,95.0,0.996,0.91,us,8.57,1.841,0.033,302
-32.1158,-68.3992,126.63,4.9,201,42.0,0.614,0.6,us,7.1,5.814,0.038,214
52.3084,160.3714,31.272,4.9,36,123.0,1.813,0.61,us,8.17,4.88,0.108,27
52.1927,159.1702,47.059,4.3,19,159.0,0.89,0.43,us,12.14,9.009,0.133,16
51.5273,161.0624,10.0,4.7,41,191.0,2.108,0.64,us,9.05,1.95,0.036,229
13.6125,124.8109,34.975,4.5,61,114.0,6.545,0.44,us,10.67,4.949,0.077,49
49.7005,155.3961,65.747,5.3,71,127.0,3.704,0.55,us,9.71,5.802,0.077,56
40.7407,142.9837,35.0,4.4,27,148.0,1.28,0.32,us,7.07,1.935,0.139,15
51.3075,159.2253,52.424,4.5,14,241.0,1.755,1.01,us,12.94,10.18,0.192,8
40.9474,35.1315,10.0,4.5,70,34.0,1.076,0.83,us,4.9,1.867,0.088,38
52.2589,160.7648,10.0,5.0,114,147.0,1.499,0.91,us,8.54,1.891,0.047,142
-23.4451,179.9704,559.83,4.3,52,89.0,5.949,0.44,us,14.18,5.737,0.1,28
53.2679,159.797,58.308,4.6,107,104.0,0.733,0.73,us,8.53,6.989,0.046,139
17.2184,-101.3678,10.0,4.2,37,210.0,1.512,1.0,us,6.42,1.631,0.093,33
1.1255,96.9883,10.0,4.4,41,180.0,2.483,0.47,us,10.18,1.946,0.098,30
-7.7533,126.8827,125.745,4.4,26,73.0,6.562,0.66,us,11.57,8.799,0.134,16
23.1552,94.7931,114.219,4.3,46,123.0,1.944,0.49,us,12.37,8.878,0.09,35
-14.6052,166.9762,41.888,4.6,21,143.0,0.865,0.91,us,10.32,6.933,0.116,22
52.1506,160.1533,28.342,4.4,43,106.0,1.267,0.92,us,9.75,5.661,0.095,32
-7.9098,107.6951,67.784,4.6,41,114.0,0.447,0.82,us,9.38,5.871,0.078,49
-6.6114,129.9699,67.947,4.2,10,171.0,2.076,0.97,us,13.56,9.187,0.264,5
-22.2645,-68.5286,114.878,4.1,23,47.0,0.757,0.7,us,4.01,6.09,0.151,12
51.3274,160.9499,10.0,4.2,22,130.0,2.211,0.97,us,10.21,1.917,0.152,16
12.4389,-89.4065,10.0,4.4,53,152.0,1.346,0.7,us,5.42,1.916,0.072,56
52.1406,-168.5339,28.671,3.8,21,218.0,0.856,1.0,us,8.44,13.924,0.108,22
16.5297,-59.6704,10.0,4.2,21,178.0,1.347,0.58,us,5.22,1.893,0.264,4
27.1196,140.2645,440.762,4.3,52,97.0,1.711,0.78,us,12.24,7.105,0.051,108
36.646,71.1433,88.954,4.0,21,96.0,1.977,0.55,us,7.47,10.213,0.138,15
28.2336,-43.682,10.0,4.3,28,178.0,31.529,0.54,us,18.24,1.972,0.109,24
58.3774,-32.1618,10.0,4.5,66,130.0,8.209,0.5,us,11.32,1.931,0.072,57
-4.6924,152.0988,109.663,4.3,24,134.0,0.502,0.62,us,13.49,8.913,0.116,21
52.7766,160.952,26.021,4.3,20,150.0,1.416,0.93,us,12.11,7.948,0.16,11
46.0539,152.9109,10.0,4.2,16,234.0,7.714,0.46,us,9.2,1.994,0.166,10
42.3005,144.6126,41.853,4.5,74,134.0,1.119,0.7,us,3.15,7.024,0.052,108
-3.9745,137.4572,10.0,4.1,20,58.0,1.494,0.82,us,6.54,1.901,0.146,13
28.2086,130.9833,10.0,4.6,50,130.0,2.389,0.45,us,4.8,1.871,0.093,35
29.3327,129.291,10.0,4.5,42,66.0,2.39,0.72,us,7.23,1.893,0.106,30
14.8244,-94.1944,35.789,4.5,46,133.0,1.917,0.92,us,6.59,7.995,0.039,196
52.3669,160.7748,10.0,5.1,151,123.0,1.451,0.73,us,8.2,1.864,0.028,410
30.3092,50.2483,10.0,4.0,30,103.0,5.998,0.76,us,7.8,1.844,0.164,13
51.7133,159.8842,10.0,4.6,105,127.0,1.515,0.8,us,7.92,1.892,0.051,115
7.1303,127.2153,10.0,4.4,43,60.0,1.625,0.96,us,8.14,1.892,0.094,33
45.4798,151.4646,38.589,5.1,98,91.0,6.94,0.71,us,9.34,5.039,0.035,265
51.6346,159.4151,38.24,4.9,74,126.0,1.468,0.91,us,8.23,6.992,0.065,74
-24.1575,-67.1577,176.206,4.3,30,69.0,1.522,0.93,us,8.25,8.517,0.153,13
52.1047,160.6536,10.0,4.5,33,121.0,1.53,1.06,us,10.15,1.912,0.118,24
-47.3231,-13.5011,10.0,5.1,50,73.0,10.285,0.61,us,10.62,1.886,0.075,58
-55.9161,-26.0767,10.0,4.5,16,114.0,6.196,0.5,us,14.74,1.639,0.145,14
16.3594,-97.9939,32.37,4.6,92,138.0,0.655,1.31,us,5.85,6.26,0.035,245
-17.4676,-178.8382,550.038,4.1,22,123.0,1.977,0.56,us,13.54,12.143,0.145,13
20.1284,122.17,153.872,4.9,156,99.0,2.862,0.81,us,8.48,5.18,0.048,139
37.0475,75.4095,10.0,4.7,144,45.0,2.642,0.63,us,7.18,1.808,0.049,129
51.4367,159.4866,31.169,4.5,49,137.0,1.67,0.87,us,9.05,4.591,0.083,43
44.0321,142.3158,211.856,4.1,31,96.0,0.218,0.58,us,7.71,5.602,0.117,20
-15.5425,-176.6647,396.722,4.1,26,150.0,3.924,0.95,us,15.4,12.223,0.117,20
52.7644,160.489,35.0,4.1,25,119.0,1.144,0.34,us,8.14,1.862,0.114,21
-33.6417,-179.3442,35.0,4.6,19,162.0,4.355,0.65,us,9.83,1.967,0.146,14
12.8458,144.1042,127.623,4.3,21,79.0,1.049,1.34,us,12.68,7.095,0.142,14
-15.3238,-173.135,10.0,4.5,18,143.0,1.922,0.77,us,9.11,1.961,0.191,9
45.5011,150.8203,58.787,4.5,50,135.0,5.779,0.59,us,7.57,7.45,0.083,43
15.5984,145.8343,216.491,4.3,14,160.0,0.358,0.77,us,14.32,6.186,0.238,5
11.3373,124.9087,10.0,4.3,19,200.0,4.292,0.49,us,10.6,1.9,0.153,12
-17.5274,-16.221,10.0,5.0,57,51.0,9.707,0.72,us,9.41,0.926,0.065,76
41.2616,142.4348,56.471,4.6,39,133.0,1.139,0.75,us,9.3,7.925,0.091,36
22.4404,94.5319,105.63,4.5,84,52.0,1.28,0.43,us,8.13,6.785,0.066,67
-26.9572,-176.4619,42.53,4.5,19,199.0,11.123,0.6,us,14.71,10.008,0.131,18
52.9244,161.1829,10.0,4.3,20,188.0,1.535,1.13,us,11.05,1.991,0.133,16
53.0668,161.2952,10.0,4.2,22,116.0,1.598,0.99,us,11.23,1.916,0.121,19
3.0606,-31.3674,10.0,4.6,47,99.0,9.922,0.76,us,10.3,1.87,0.085,42
34.4855,139.4665,10.0,4.4,25,130.0,1.397,0.72,us,4.43,1.899,0.162,11
-4.9685,102.9052,59.367,4.7,54,92.0,0.606,0.72,us,6.0,6.574,0.092,36
13.1747,144.567,75.892,4.5,32,128.0,2.366,0.62,us,14.15,8.79,0.078,49
51.5862,159.1579,56.19,4.3,44,137.0,1.473,0.66,us,9.0,5.098,0.09,35
8.7329,-82.0964,10.0,4.3,18,212.0,1.251,0.72,us,9.36,2.009,0.168,10
-1.9492,139.624,35.0,4.5,31,111.0,1.216,0.95,us,5.72,1.927,0.106,28
54.4509,-159.787,21.528,4.4,124,155.0,0.398,0.7,us,5.46,7.026,0.162,11
-6.6341,148.3083,61.786,5.2,64,75.0,2.978,0.54,us,7.71,7.393,0.078,54
28.8164,128.5836,147.312,4.5,45,66.0,1.992,0.77,us,5.41,8.149,0.077,50
5.4538,126.0067,93.582,4.7,72,50.0,0.888,1.07,us,6.62,6.883,0.064,74
31.1703,71.0285,10.0,4.6,56,108.0,3.696,0.73,us,9.93,1.906,0.074,55
-9.0839,-79.1531,59.583,4.6,52,155.0,3.672,0.93,us,10.24,8.648,0.046,143
-7.5424,105.3797,20.53,4.5,36,164.0,1.854,0.6,us,6.24,6.58,0.1,32
54.6496,160.6447,89.559,4.7,117,79.0,2.013,0.77,us,6.72,5.256,0.034,260
-17.952,168.0955,35.0,4.4,17,165.0,4.383,0.36,us,9.53,1.894,0.162,12
54.4463,-159.9997,10.0,4.0,56,203.0,0.453,0.78,us,5.36,1.941,0.183,8
51.3965,159.8057,10.0,4.7,75,128.0,1.778,0.66,us,8.52,1.874,0.081,55
49.4802,157.8111,10.0,4.5,70,167.0,3.587,0.64,us,10.23,1.923,0.076,51
0.383,125.4483,64.101,4.7,93,49.0,1.217,1.02,us,6.25,6.768,0.052,114
-22.907,172.9271,10.0,4.6,22,123.0,5.067,0.9,us,6.77,1.853,0.14,15
52.5009,160.346,35.0,5.2,84,96.0,1.156,1.25,us,8.68,1.86,0.033,294
-56.7605,-25.6669,35.0,5.2,117,27.0,17.748,0.76,us,11.99,1.787,0.054,115
-25.2243,179.8714,514.112,4.4,40,90.0,7.632,0.91,us,9.79,8.838,0.105,27
18.49,145.7644,212.268,4.1,12,156.0,3.231,0.89,us,17.41,12.205,0.213,6
2.9712,-31.3943,10.0,4.8,157,123.0,9.831,0.64,us,10.65,1.875,0.047,147
51.0843,158.2602,35.0,4.3,51,122.0,1.957,0.77,us,9.2,1.926,0.079,50
-2.095,120.684,10.0,4.6,40,61.0,0.594,1.15,us,2.48,1.872,0.109,26
39.4944,143.4536,30.402,4.1,24,151.0,2.242,0.66,us,8.97,6.864,0.165,10
10.6179,-62.4411,99.591,4.1,23,137.0,1.691,1.11,us,10.22,9.846,0.233,5
52.9253,160.7012,36.108,4.4,41,161.0,1.244,1.03,us,11.77,9.505,0.098,30
43.3059,145.2408,51.87,4.3,34,188.0,2.007,0.29,us,11.14,9.166,0.104,26
-11.9721,165.4685,10.0,4.6,27,132.0,3.843,0.79,us,9.97,1.464,0.084,42
-38.5158,175.6405,204.275,4.0,30,60.0,0.527,1.21,us,6.11,5.176,0.149,12
-7.5571,125.8132,337.207,4.0,18,82.0,2.666,0.84,us,13.22,3.098,0.173,12
-22.8542,-112.5302,10.0,4.5,23,74.0,39.641,0.91,us,12.65,1.846,0.144,15
30.9563,99.0742,10.0,4.4,57,81.0,6.981,0.36,us,5.85,1.871,0.084,41
29.4143,129.3204,10.0,4.3,15,121.0,2.305,0.61,us,7.28,1.842,0.177,9
52.0455,159.0606,52.131,4.5,46,226.0,1.011,0.7,us,10.0,8.07,0.089,37
52.1092,160.4426,10.0,4.5,70,124.0,1.427,0.76,us,9.87,1.896,0.071,59
-32.0933,-69.4191,119.797,4.4,36,43.0,0.839,0.88,us,4.97,6.084,0.148,13
50.8173,157.7211,39.461,5.4,36,184.0,2.295,0.62,us,12.25,8.08,0.121,23
5.3262,125.9846,100.462,4.3,15,151.0,0.775,0.7,us,9.15,6.49,0.177,9
52.7385,159.7381,49.707,4.2,38,161.0,0.719,0.57,us,9.95,7.177,0.1,28
52.2152,161.0027,10.0,4.4,26,180.0,1.647,1.03,us,11.65,1.928,0.123,19
50.1719,158.2134,25.912,4.1,15,163.0,2.869,0.76,us,13.71,6.753,0.197,8
50.2881,159.6747,10.0,4.0,25,134.0,2.813,0.64,us,11.15,1.929,0.134,15
-20.4344,-177.9988,496.313,4.5,57,117.0,4.593,0.61,us,14.47,6.241,0.076,51
1.7035,127.4272,136.91,4.2,23,128.0,0.928,0.48,us,9.6,7.566,0.146,13
-19.4649,-66.7624,253.807,4.3,20,90.0,2.302,0.78,us,7.88,7.086,0.168,10
51.6197,160.3343,10.0,4.8,64,128.0,1.745,1.29,us,8.87,1.898,0.067,73
51.2138,178.3018,42.317,4.5,66,137.0,0.649,0.69,us,6.38,7.416,0.05,118
51.471,-179.5967,63.121,4.3,144,180.0,0.496,0.77,us,6.68,5.812,0.053,100
50.0186,159.539,10.0,5.1,111,88.0,3.06,0.87,us,9.17,1.811,0.027,457
-6.6323,129.939,125.45,4.8,68,25.0,4.348,0.6,us,8.18,6.792,0.059,90
39.5461,143.3292,31.708,4.9,66,131.0,2.134,0.92,us,7.82,5.35,0.077,54
-56.0306,-26.7365,38.15,5.2,115,57.0,5.858,0.57,us,10.77,5.004,0.06,91
52.8908,160.9803,24.304,4.4,64,162.0,1.416,0.48,us,11.74,6.959,0.074,52
17.5334,145.7199,519.858,3.8,22,125.0,2.281,0.57,us,14.33,10.009,0.132,15
12.6793,-88.4711,62.909,4.3,34,178.0,0.798,1.01,us,9.68,9.178,0.071,56
50.2468,158.3374,10.0,4.4,26,133.0,2.787,0.71,us,6.38,1.927,0.12,20
50.0735,156.3061,56.934,4.4,51,131.0,11.076,0.56,us,13.39,8.188,0.088,37
-19.0745,-67.225,237.87,4.0,26,98.0,1.951,0.68,us,9.99,8.921,0.212,6
51.0967,159.745,10.0,4.3,20,192.0,2.045,1.01,us,9.96,1.954,0.16,12
-4.7938,34.9508,10.0,4.2,14,148.0,3.921,0.79,us,10.81,1.968,0.199,7
-33.3548,-70.2052,8.845,4.2,32,53.0,0.078,0.76,us,1.82,3.17,0.187,8
31.0108,143.0862,10.0,4.5,40,129.0,3.481,0.91,us,9.45,1.883,0.096,32
3.0448,128.8654,10.0,4.5,29,95.0,3.772,0.62,us,5.62,1.919,0.131,17
7.1631,127.1404,54.048,4.4,29,115.0,1.552,1.23,us,9.79,3.463,0.117,21
41.7707,82.0621,10.0,4.3,30,119.0,2.459,0.78,us,8.25,1.937,0.133,16
37.7812,72.0809,133.289,4.3,24,128.0,0.619,0.83,us,8.25,6.79,0.16,11
-5.5697,147.1227,181.98,4.7,49,51.0,3.511,0.81,us,4.99,7.634,0.043,167
58.9715,-31.6029,10.0,4.4,13,181.0,7.554,0.34,us,11.72,1.901,0.178,9
52.8756,160.8815,24.949,5.5,61,107.0,8.015,0.79,us,10.25,5.103,0.066,80
-60.3049,-62.8163,10.0,4.7,29,130.0,4.522,0.88,us,10.51,1.91,0.102,29
51.3157,160.1429,10.0,4.6,15,167.0,1.942,0.77,us,8.12,1.959,0.137,21
51.7136,160.1103,24.263,4.3,41,127.0,1.588,0.86,us,8.14,5.494,0.089,39
25.405,66.512,10.0,4.8,60,78.0,9.348,0.42,us,9.22,1.864,0.069,64
-16.3174,-74.3872,39.37,4.4,20,150.0,4.37,0.66,us,10.04,9.968,0.19,8
51.2383,159.2114,41.447,4.2,24,167.0,1.821,0.88,us,12.24,8.254,0.146,15
53.2864,168.4951,10.0,4.5,71,166.0,3.431,0.6,us,11.19,1.928,0.056,93
51.8378,159.4512,52.802,5.0,74,134.0,1.285,0.81,us,9.36,5.952,0.058,95
13.7848,120.7204,148.78,4.9,78,65.0,8.206,0.94,us,9.19,6.046,0.038,217
9.545,-40.4776,10.0,4.6,26,59.0,12.844,0.69,us,13.05,1.887,0.136,19
47.4456,151.085,197.946,4.2,103,122.0,5.694,0.4,us,11.17,7.61,0.052,107
51.5983,178.3582,90.978,4.0,30,184.0,0.382,0.71,us,6.63,4.459,0.15,12
-6.6917,155.1474,66.911,4.6,38,97.0,3.872,0.73,us,12.17,7.813,0.093,34
13.4152,-92.4791,10.0,4.2,46,216.0,1.448,0.95,us,8.04,1.991,0.091,34
52.3232,158.5801,89.371,4.6,36,122.0,0.703,1.3,us,11.01,7.364,0.099,30
50.7367,157.8674,35.0,4.5,27,138.0,2.341,0.63,us,10.62,1.723,0.113,23
-20.8957,-68.9598,103.122,4.2,31,51.0,0.514,0.85,us,5.2,6.378,0.132,16
36.0796,21.0918,50.162,4.4,39,114.0,1.285,0.7,us,5.12,7.578,0.131,17
49.0127,157.92,10.0,4.2,13,233.0,4.042,0.73,us,12.86,1.91,0.235,5
52.2876,160.4641,10.0,5.0,61,123.0,1.873,1.03,us,8.62,1.878,0.08,50
-5.3847,151.6376,113.89,4.1,27,152.0,1.296,0.73,us,11.92,4.025,0.107,24
0.4907,67.2876,10.0,4.4,32,206.0,5.707,0.57,us,10.57,1.704,0.112,23
39.7114,143.3391,28.699,4.3,35,157.0,2.047,0.49,us,8.53,5.289,0.122,19
-17.6827,168.3311,57.969,4.7,47,136.0,2.472,0.56,us,4.98,7.315,0.07,61
53.4486,161.446,26.986,4.8,106,115.0,1.734,0.81,us,8.46,5.303,0.035,252
52.4865,160.998,25.289,5.1,162,128.0,1.525,0.77,us,10.64,5.532,0.045,165
-5.372,152.9979,10.0,4.4,19,156.0,1.434,1.33,us,6.36,1.926,0.148,13
50.9339,156.2353,141.685,4.8,102,121.0,2.358,0.78,us,9.2,6.741,0.026,461
55.4235,160.5198,160.215,4.1,39,124.0,2.644,0.88,us,12.19,9.067,0.099,28
34.3423,70.8571,10.0,4.7,61,132.0,1.434,1.18,us,7.96,1.886,0.075,53
36.4155,74.3137,47.367,4.3,46,165.0,2.389,0.77,us,10.31,9.496,0.094,32
2.8968,95.3365,10.0,5.1,136,39.0,2.74,0.49,us,8.31,1.775,0.052,119
-20.1916,-177.6091,514.705,4.4,15,120.0,4.677,0.61,us,14.91,27.871,0.148,13
52.9284,160.7605,35.714,5.5,123,76.0,1.28,0.68,us,8.97,6.466,0.029,426
-7.4124,130.6464,22.162,4.3,20,120.0,2.964,1.14,us,8.84,5.368,0.154,12
-24.0159,-67.3347,217.018,4.2,19,145.0,1.312,0.78,us,11.49,7.035,0.2,7
53.1494,160.6917,10.0,4.7,87,141.0,1.238,0.69,us,4.73,1.786,0.029,362
12.2494,143.6067,35.0,4.4,22,85.0,1.813,0.48,us,11.06,1.954,0.154,12
-26.6899,-176.2602,35.0,4.6,17,176.0,33.693,0.49,us,15.65,1.97,0.129,18
20.0468,145.7856,89.676,4.5,68,81.0,4.78,0.68,us,3.86,8.032,0.071,59
51.4243,-174.3873,15.999,4.5,35,208.0,0.787,0.77,us,5.63,13.33,0.052,109
-30.654,-71.2748,56.106,4.6,53,78.0,0.311,0.64,us,4.95,5.684,0.107,26
43.8615,83.4336,10.0,4.6,68,99.0,2.918,0.45,us,5.77,1.743,0.076,52
5.0719,125.6202,43.832,4.4,39,60.0,0.365,0.71,us,7.08,5.891,0.102,28
12.9753,121.2449,10.0,4.7,76,97.0,7.255,0.75,us,10.44,1.864,0.058,90
49.6954,156.2581,54.764,4.5,63,136.0,3.535,0.84,us,11.17,7.402,0.077,50
20.6086,121.1892,34.688,4.4,37,112.0,2.729,0.71,us,9.96,7.261,0.11,27
52.7354,161.0394,10.0,4.2,42,148.0,1.477,0.88,us,10.39,1.931,0.102,27
37.3316,56.3277,10.0,4.1,22,154.0,5.936,0.29,us,9.86,1.809,0.135,15
36.5653,70.7257,154.345,4.4,66,74.0,2.237,0.91,us,6.49,7.052,0.081,44
-5.3112,103.3402,42.754,4.4,15,150.0,0.813,0.93,us,4.96,9.486,0.203,8
52.8287,159.8657,35.0,4.0,24,140.0,0.761,1.17,us,10.91,1.968,0.122,18
3.2111,-31.4124,10.0,4.5,43,95.0,13.989,0.82,us,5.73,1.9,0.092,36
-21.1435,-11.4638,10.0,4.6,15,90.0,27.317,0.87,us,15.86,1.918,0.146,14
38.3847,-30.232,10.0,4.6,34,157.0,3.766,0.59,us,10.86,1.904,0.104,28
48.9582,156.4981,10.0,4.4,29,139.0,4.224,1.1,us,9.29,1.524,0.114,22
53.2112,159.6603,64.082,4.6,54,116.0,0.637,0.84,us,10.64,7.589,0.054,101
-60.1812,-47.4192,10.0,4.6,23,81.0,8.365,0.76,us,9.64,1.907,0.133,21
36.103,77.9344,102.619,4.2,42,131.0,3.767,0.69,us,6.29,9.105,0.118,20
52.7715,161.0444,10.0,4.8,55,120.0,1.472,1.38,us,9.54,1.885,0.052,115
52.5855,160.6502,29.419,4.3,34,121.0,1.291,0.75,us,7.83,5.069,0.116,21
-6.3636,150.4086,10.0,4.3,17,118.0,2.602,0.41,us,9.12,1.632,0.154,12
52.3165,161.5162,10.0,4.2,43,164.0,1.883,0.55,us,12.88,1.955,0.092,33
14.649,-94.2682,10.0,4.6,65,156.0,2.021,0.82,us,7.09,1.923,0.041,177
50.9094,159.0052,10.0,4.3,19,225.0,2.129,1.07,us,12.97,1.973,0.148,13
54.4732,-159.6897,18.124,3.5,64,157.0,0.363,0.71,us,4.45,3.138,0.188,7
9.6602,122.2503,10.0,4.6,35,132.0,5.803,0.88,us,9.99,1.696,0.11,25
-5.5761,150.4587,99.49,4.1,22,96.0,2.007,0.38,us,9.33,7.381,0.131,16
35.998,137.4035,10.0,4.3,31,133.0,0.395,0.68,us,3.03,1.914,0.143,14
9.1369,-83.7868,50.232,4.3,36,128.0,0.638,0.62,us,7.57,8.797,0.111,23
24.8149,-107.3051,10.0,4.2,60,201.0,1.748,1.09,us,6.53,1.972,0.06,78
-57.9086,-9.2322,10.0,4.9,44,81.0,14.07,0.63,us,9.74,1.622,0.091,40
52.8515,160.8605,10.0,4.1,23,165.0,1.349,0.58,us,12.51,1.841,0.14,14
42.1257,144.7242,35.0,4.2,16,183.0,1.172,1.07,us,8.16,1.981,0.215,6
50.2248,158.6591,10.0,4.6,66,133.0,2.803,0.41,us,9.19,1.89,0.059,84
52.2659,160.8305,56.854,4.0,31,164.0,1.53,0.77,us,14.31,10.058,0.116,20
52.7896,-169.6989,45.95,3.8,34,170.0,0.543,0.83,us,9.74,7.099,0.104,24
-47.873,116.225,10.0,4.1,14,145.0,14.948,0.68,us,17.37,1.961,0.145,13
-47.8412,116.1315,10.0,5.2,59,39.0,14.92,0.75,us,11.3,1.794,0.083,49
40.674,145.1876,10.0,4.5,73,135.0,2.033,0.67,us,5.44,1.887,0.076,51
8.8276,-83.937,10.0,4.4,26,145.0,0.91,0.8,us,8.17,1.907,0.131,17
52.2802,160.6657,25.442,4.3,37,118.0,1.436,0.92,us,9.51,5.845,0.108,24
16.9906,-94.3742,118.476,4.5,55,119.0,0.392,1.12,us,7.34,5.344,0.042,165
54.5715,-160.1116,35.847,4.4,88,159.0,0.399,0.99,us,5.03,7.417,0.075,51
13.2804,-90.9409,35.0,4.3,56,175.0,1.287,0.73,us,5.28,1.899,0.058,84
2.7886,95.5441,29.868,4.6,62,155.0,2.509,0.66,us,7.87,6.03,0.079,48
-57.1605,-67.1881,10.0,4.7,30,135.0,16.585,0.57,us,15.85,1.9,0.123,20
51.1744,159.7163,20.71,4.3,17,125.0,1.965,0.93,us,9.73,5.765,0.201,7
52.7985,160.6553,10.0,4.5,73,112.0,1.235,0.85,us,10.08,1.887,0.056,93
49.908,156.3518,41.138,4.7,53,134.0,3.313,0.57,us,11.49,8.534,0.066,70
34.7105,70.6829,10.0,4.3,43,123.0,1.292,0.75,us,7.77,1.909,0.09,35
51.3378,159.3872,32.999,4.7,110,137.0,1.748,0.6,us,11.19,5.692,0.057,94
50.2492,159.4324,10.0,4.5,61,121.0,2.821,0.58,us,9.44,1.858,0.052,108
41.2186,71.9375,15.69,4.2,29,83.0,0.56,0.86,us,2.62,5.022,0.167,10
-19.0339,-177.5908,568.839,4.0,17,131.0,3.854,0.59,us,18.35,14.214,0.15,13
50.1851,177.445,10.0,3.6,40,256.0,1.678,0.56,us,7.04,2.006,0.114,19
52.8721,160.8301,10.0,5.2,76,122.0,1.328,0.73,us,10.22,1.872,0.041,199
54.5926,-160.2022,40.705,4.4,69,160.0,0.428,0.85,us,5.4,7.367,0.085,40
51.0705,159.9538,10.0,4.0,34,223.0,2.115,0.83,us,10.36,1.983,0.088,36
52.6829,160.0952,43.301,4.3,27,203.0,0.94,0.65,us,8.79,9.345,0.133,16
-5.7581,146.3851,115.982,4.4,35,142.0,3.703,0.47,us,9.84,7.855,0.081,44
-4.6036,104.5146,170.303,4.6,115,33.0,0.554,1.05,us,7.35,4.422,0.057,91
4.1883,126.6831,46.327,4.2,12,171.0,1.317,0.76,us,12.66,10.5,0.176,9
1.5008,97.052,26.722,4.9,110,127.0,0.559,0.68,us,8.57,5.391,0.055,107
52.5202,162.3847,10.0,4.2,34,122.0,2.324,0.49,us,7.47,1.878,0.112,22
-5.5624,150.9183,94.546,4.9,82,67.0,1.666,0.77,us,7.78,5.678,0.069,67
50.6519,157.2101,35.0,4.2,10,130.0,2.479,1.06,us,8.5,1.924,0.176,9
50.1152,157.1579,36.368,4.9,86,136.0,3.016,0.59,us,11.47,6.972,0.034,274
60.5438,-140.1009,7.366,4.5,63,59.0,0.456,1.14,us,1.31,4.884,0.106,26
64.5125,-40.0663,10.0,4.2,30,90.0,4.164,0.65,us,6.93,1.762,0.124,18
46.8285,20.1452,13.94,4.1,30,126.0,1.104,0.74,us,6.63,3.136,0.157,11
19.2908,39.2095,10.0,4.5,32,74.0,6.831,0.91,us,11.04,1.916,0.082,43
34.9571,97.3443,10.0,4.3,41,138.0,5.279,0.66,us,11.96,1.898,0.085,39
7.9787,126.6291,65.066,5.0,77,81.0,1.378,0.8,us,9.79,7.117,0.047,143
32.8985,141.7533,10.0,4.9,91,120.0,1.644,0.61,us,6.57,1.747,0.032,310
12.7745,-88.2994,42.488,4.0,15,159.0,0.691,0.86,us,4.65,8.58,0.3,3
10.9002,123.9972,10.0,4.3,24,131.0,4.114,0.67,us,15.11,1.923,0.134,16
52.6895,160.303,56.773,4.7,92,120.0,1.057,0.91,us,9.99,7.396,0.06,83
51.0769,178.8163,17.521,4.2,69,214.0,0.429,0.59,us,5.04,4.942,0.072,54
-33.8345,-179.1911,49.256,4.3,15,254.0,4.24,0.73,us,11.5,12.707,0.177,9
51.6325,159.969,25.971,4.5,35,127.0,2.03,0.8,us,9.91,6.015,0.099,30
12.0158,143.2005,30.97,4.9,49,92.0,4.071,0.44,us,11.9,5.68,0.088,41
41.2835,142.4972,48.346,4.3,24,207.0,0.882,0.96,us,8.06,10.636,0.133,16
54.6425,-160.304,35.0,4.6,45,161.0,0.455,1.15,us,5.8,1.936,0.089,38
51.8921,161.1957,10.0,4.4,42,127.0,1.926,0.74,us,10.58,1.909,0.098,30
29.211,129.4627,10.0,4.5,19,135.0,2.445,1.07,us,6.44,1.92,0.157,12
42.9029,45.2572,10.0,4.2,30,60.0,0.606,0.67,us,6.08,1.954,0.087,37
-4.7685,138.1814,10.0,4.3,20,100.0,1.017,1.04,us,4.02,1.915,0.142,14
-22.3438,171.5008,126.548,4.6,27,114.0,3.759,0.68,us,10.1,8.509,0.125,20
54.4343,165.77,10.0,4.6,91,103.0,4.458,0.59,us,9.73,1.875,0.052,111
52.5539,160.6447,34.626,4.4,33,122.0,1.299,0.62,us,9.25,4.234,0.115,22
51.338,159.159,37.534,4.6,19,92.0,1.717,1.0,us,9.88,9.212,0.141,15
52.1916,160.8387,33.507,4.5,35,179.0,1.573,0.91,us,12.16,7.013,0.079,47
-20.6853,-174.1519,10.0,4.6,22,135.0,7.109,0.47,us,13.65,1.659,0.141,15
52.5477,160.5014,40.23,4.3,53,134.0,1.221,0.57,us,11.24,7.723,0.081,43
-15.6368,167.9734,139.138,4.6,26,255.0,6.014,0.77,us,14.98,9.775,0.129,19
-4.3852,35.1531,10.0,4.6,18,132.0,3.518,0.66,us,7.14,1.954,0.165,11
46.5109,155.5768,10.0,4.4,22,97.0,6.745,0.85,us,12.72,1.913,0.144,14
-32.5658,-66.8056,162.116,4.4,55,81.0,1.551,0.92,us,7.04,6.304,0.112,23
0.8821,92.7848,10.0,4.8,42,55.0,4.808,0.78,us,9.92,1.868,0.107,27
52.3337,160.2758,30.306,5.1,201,121.0,1.207,0.76,us,8.67,4.921,0.033,296
41.7698,88.1512,10.0,4.7,69,105.0,6.155,0.52,us,9.9,1.886,0.063,78
29.917,99.7797,10.0,4.2,33,128.0,6.862,0.79,us,5.08,1.937,0.112,22
21.2512,94.8814,126.343,4.0,20,79.0,4.526,0.44,us,12.71,8.427,0.144,13
60.366,-58.5403,10.0,4.5,34,139.0,5.15,0.52,us,9.74,1.968,0.101,29
-1.7993,139.1109,22.998,4.9,91,82.0,1.185,0.83,us,6.05,5.271,0.067,71
4.2421,126.6452,46.838,4.2,22,76.0,1.261,0.72,us,6.63,9.993,0.132,17
13.1322,50.1725,10.0,4.4,21,147.0,7.333,0.87,us,12.7,1.886,0.143,14
-3.2176,143.5499,10.0,4.4,21,101.0,2.928,0.73,us,6.17,1.823,0.134,16
13.6674,-92.347,10.0,4.6,41,181.0,1.173,0.97,us,8.81,1.955,0.04,188
-57.7004,157.8334,10.0,4.3,15,142.0,3.269,0.81,us,14.07,1.954,0.147,13
2.5504,128.1961,136.215,4.7,117,85.0,1.952,0.78,us,5.43,6.717,0.054,104
53.2307,160.8716,35.0,4.7,76,116.0,1.355,0.63,us,9.73,1.907,0.06,83
19.0733,145.477,204.514,4.3,31,125.0,3.823,1.04,us,13.41,9.562,0.109,24
-22.8719,-179.4342,535.764,4.4,41,93.0,9.65,0.82,us,15.78,10.13,0.086,39
52.8158,159.8236,54.694,4.1,26,119.0,0.74,0.59,us,11.27,6.16,0.112,22
-10.2765,161.1285,71.424,5.2,95,96.0,1.431,0.42,us,10.36,6.01,0.049,138
51.138,159.7792,10.0,4.9,39,207.0,2.013,0.91,us,11.05,1.955,0.095,35
50.0659,158.467,10.0,4.6,28,111.0,2.964,0.52,us,9.05,1.865,0.126,19
52.3341,160.7572,10.0,5.2,61,78.0,1.457,0.73,us,10.46,1.882,0.068,72
-23.0953,-67.9696,155.337,4.6,29,46.0,0.24,0.93,us,7.05,3.17,0.123,20
28.4842,105.1015,10.0,4.5,55,68.0,7.544,1.22,us,9.41,1.884,0.07,60
28.3293,64.1317,41.877,4.9,163,76.0,7.502,0.78,us,8.58,6.667,0.043,170
34.9162,32.494,10.0,4.0,27,108.0,0.689,1.0,us,6.06,1.959,0.119,19
-15.4349,67.0469,10.0,4.4,30,60.0,5.545,0.78,us,12.34,1.866,0.115,22
-60.2284,-61.8747,10.0,4.5,19,124.0,4.673,0.78,us,8.33,1.947,0.145,14
-46.031,-16.2286,10.0,5.0,65,70.0,15.345,0.55,us,11.22,1.837,0.076,56
-30.8379,-65.4287,189.332,4.8,42,53.0,1.415,0.9,us,8.79,7.168,0.084,44
48.6044,157.4485,10.0,4.1,25,136.0,4.49,0.75,us,5.42,1.9,0.185,11
51.4077,159.3025,35.0,4.7,43,124.0,1.968,0.44,us,9.24,1.944,0.117,22
52.3776,160.505,10.0,4.4,23,134.0,1.301,0.85,us,12.65,1.918,0.124,19
42.0242,137.5574,286.491,4.1,81,58.0,2.912,0.96,us,9.0,7.608,0.066,63
51.1255,157.1559,87.453,4.6,69,127.0,2.014,0.8,us,9.51,6.159,0.036,235
50.4134,159.0824,10.0,4.8,57,133.0,2.628,1.33,us,8.78,1.888,0.087,41
27.8552,-111.8102,10.0,4.4,35,117.0,0.656,0.67,us,4.97,1.927,0.076,50
-21.085,-68.6888,129.227,4.2,29,61.0,0.747,0.82,us,5.63,4.331,0.14,14
50.3463,156.9091,54.086,4.2,23,131.0,2.809,0.67,us,7.89,8.465,0.167,10
51.7045,160.0823,8.983,4.7,78,163.0,1.586,0.95,us,9.82,5.72,0.068,66
49.8497,157.0971,24.164,4.3,21,133.0,3.285,0.58,us,8.46,5.086,0.188,8
-17.6708,-178.9722,546.798,4.4,122,127.0,1.98,0.63,us,13.34,4.568,0.043,158
49.9071,155.8421,68.284,4.4,113,131.0,3.409,0.53,us,9.31,7.071,0.054,99
49.3297,156.5319,35.0,5.6,168,74.0,3.854,0.9,us,8.11,1.832,0.019,977
53.1325,160.4716,35.0,4.0,14,144.0,1.104,0.46,us,10.71,1.986,0.182,8
51.3096,159.5462,35.0,4.2,21,158.0,1.803,0.75,us,8.72,1.977,0.152,12
-63.6798,173.3616,10.0,4.6,23,117.0,11.786,0.41,us,13.07,1.91,0.129,18
43.4409,131.3792,541.192,4.0,58,73.0,0.877,0.64,us,12.62,9.406,0.077,46
52.0258,160.555,10.0,4.3,22,124.0,1.534,0.8,us,9.33,1.917,0.133,16
-33.5032,-72.1028,37.971,4.1,26,183.0,0.612,0.97,us,4.3,10.328,0.235,5
-34.0135,-178.3875,10.0,4.2,22,253.0,4.445,0.98,us,11.82,1.975,0.132,16
52.1052,160.3138,10.0,4.7,73,124.0,1.37,0.97,us,9.18,1.887,0.064,74
8.1346,126.1909,10.0,4.7,62,59.0,1.22,0.97,us,7.68,1.854,0.078,50
36.603,54.8547,10.0,4.1,40,111.0,7.864,0.75,us,9.85,1.969,0.123,18
50.7666,157.0087,66.596,5.0,106,122.0,2.384,0.71,us,9.0,5.992,0.023,612
26.6088,141.9373,10.0,4.4,16,151.0,0.533,0.84,us,6.24,1.948,0.179,11
2.9167,66.1387,10.0,4.4,33,201.0,7.263,0.98,us,12.74,1.968,0.12,20
-20.9122,-179.1043,655.017,4.1,39,136.0,4.139,0.63,us,9.12,8.286,0.082,41
52.2723,160.2989,23.026,4.8,86,133.0,1.79,0.57,us,11.27,5.651,0.066,72
34.9271,26.6098,10.0,4.3,51,154.0,0.766,0.91,us,6.25,1.902,0.077,48
13.2819,95.8494,20.36,4.3,18,103.0,3.365,0.3,us,10.01,5.877,0.169,11
54.1281,-159.7374,10.0,3.6,108,166.0,0.71,0.82,us,4.94,1.943,0.151,11
-56.2114,-143.8027,10.0,5.1,29,127.0,27.438,0.83,us,14.87,1.892,0.108,28
12.9247,40.2398,10.0,4.2,33,154.0,2.9,0.72,us,9.69,1.943,0.11,23
-25.3585,179.5477,537.754,4.1,20,128.0,11.396,0.36,us,14.52,8.65,0.131,16
-18.2506,168.7726,10.0,4.2,11,278.0,4.474,0.65,us,12.67,2.006,0.216,7
38.2353,141.89,68.806,4.3,18,160.0,2.629,0.68,us,9.89,9.655,0.187,8
-24.4011,179.9318,532.128,4.1,23,188.0,6.851,0.52,us,21.96,20.975,0.109,23
-23.3297,178.8291,553.818,5.1,42,81.0,5.604,0.65,us,15.36,7.2,0.098,39
52.2573,160.3981,10.0,4.4,44,152.0,1.313,0.78,us,9.33,1.897,0.095,32
-14.7934,167.8871,10.0,4.8,85,130.0,0.927,0.99,us,7.16,1.835,0.065,74
-22.8178,-68.4882,110.59,4.2,42,53.0,0.315,1.23,us,6.52,5.202,0.092,33
6.1102,127.2399,35.0,5.0,55,51.0,1.905,1.43,us,6.49,1.876,0.06,89
16.4242,-59.6297,10.0,4.4,36,242.0,1.383,0.57,us,7.89,1.976,0.109,24
34.7738,62.1033,10.0,4.6,81,93.0,5.801,0.82,us,7.03,1.853,0.051,116
3.7252,127.3883,47.66,4.2,26,107.0,2.151,0.62,us,7.35,8.612,0.124,18
40.987,141.9201,61.123,4.3,29,121.0,0.678,0.57,us,7.16,6.059,0.13,18
50.7026,149.9577,520.027,4.1,60,89.0,5.363,0.42,us,9.76,6.841,0.056,88
11.5957,-87.3782,44.982,4.4,79,150.0,2.078,0.63,us,9.19,8.755,0.066,69
-55.7247,-26.3445,10.0,5.0,41,91.0,6.013,0.56,us,11.65,1.79,0.089,41
51.4268,159.555,28.582,4.4,31,127.0,1.693,0.69,us,9.95,5.95,0.107,25
-5.4173,154.1918,130.321,4.6,63,100.0,2.36,1.02,us,9.0,7.362,0.063,75
25.8597,59.9821,10.0,4.1,28,219.0,3.536,0.54,us,9.72,1.893,0.114,21
51.3186,157.5609,75.027,4.1,34,127.0,1.794,0.93,us,9.18,7.743,0.097,29
32.9472,88.6555,10.0,5.1,92,79.0,3.864,0.94,us,8.75,1.789,0.049,138
49.1761,157.5701,10.0,4.5,39,138.0,3.912,0.73,us,9.04,1.816,0.099,30
54.5235,-159.6828,30.579,3.9,76,187.0,0.313,0.72,us,6.72,7.492,0.23,5
5.9979,126.7703,95.212,4.4,36,108.0,1.592,0.88,us,3.97,6.398,0.098,30
51.9941,161.2727,10.0,4.2,31,217.0,1.906,1.21,us,11.96,1.993,0.11,23
-18.0747,-177.9499,583.928,4.2,38,122.0,3.013,0.83,us,15.25,9.431,0.1,28
13.788,39.897,10.0,4.4,22,109.0,3.65,1.39,us,10.86,1.949,0.139,15
-24.9691,-70.0925,74.889,4.3,16,155.0,0.494,0.54,us,5.25,5.022,0.188,8
30.0555,84.3549,10.0,4.4,21,131.0,22.604,0.58,us,9.63,1.864,0.096,31
42.6048,141.9887,123.578,4.5,142,69.0,1.048,0.49,us,6.38,5.656,0.051,111
-56.407,-27.6957,10.0,4.4,16,112.0,5.449,0.91,us,14.01,1.915,0.162,11
50.2101,159.6414,10.0,4.5,62,127.0,2.884,0.58,us,10.1,1.902,0.057,91
50.7426,160.2086,10.0,4.2,41,133.0,2.833,0.72,us,6.53,1.757,0.102,27
9.6069,93.9175,10.0,4.4,21,166.0,5.703,1.1,us,12.67,1.923,0.138,15
52.1755,-171.4797,52.053,3.9,71,171.0,1.133,0.86,us,7.28,9.203,0.063,67
52.7891,159.0738,104.367,5.1,41,150.0,0.891,0.91,us,11.44,6.374,0.101,32
36.6497,141.0197,91.72,4.6,80,121.0,2.264,0.94,us,7.55,7.18,0.065,70
37.7023,144.0108,10.0,4.6,80,134.0,3.838,0.5,us,9.62,1.892,0.07,62
51.6683,-174.866,35.0,3.7,29,199.0,0.676,0.71,us,2.75,2.016,0.071,51
51.1304,159.147,31.471,5.1,184,59.0,1.921,0.61,us,7.75,4.867,0.029,395
50.1604,158.8486,10.0,4.3,31,127.0,2.87,1.04,us,9.65,1.899,0.113,22
7.1636,127.2666,10.0,4.3,28,83.0,1.677,1.17,us,8.56,1.903,0.119,20
52.8133,160.6528,35.0,4.2,44,81.0,1.231,0.63,us,10.64,1.866,0.078,46
24.0592,125.9035,10.0,5.1,51,119.0,1.557,0.95,us,8.12,1.858,0.064,78
-7.987,130.1395,10.0,4.6,36,96.0,3.45,0.83,us,8.8,0.625,0.1,30
-22.4091,-69.6874,70.56,4.0,19,161.0,0.364,0.49,us,7.13,4.491,0.231,5
51.9532,159.9244,44.555,4.5,26,135.0,1.325,0.89,us,8.52,6.4,0.14,15
13.6577,39.7972,10.0,4.4,21,140.0,3.651,0.67,us,11.83,1.871,0.149,13
51.8781,159.5286,63.249,4.5,72,130.0,1.267,0.93,us,9.64,7.029,0.069,64
54.4877,-160.3001,36.392,3.7,34,158.0,0.537,0.74,us,5.4,7.634,0.191,7
-23.5226,-179.7744,558.917,4.7,103,74.0,5.934,0.75,us,12.51,5.869,0.038,210
53.4214,170.5529,35.0,4.3,59,159.0,2.249,1.03,us,10.59,1.863,0.059,83
7.4181,127.2014,12.696,4.2,27,132.0,1.646,0.69,us,11.3,4.935,0.11,23
80.0538,-0.1335,10.0,4.2,44,125.0,2.489,0.95,us,5.77,1.931,0.089,35
-2.6512,139.0402,35.912,4.4,25,87.0,1.06,0.55,us,6.35,1.39,0.115,22
-21.3434,-175.2534,10.0,4.5,35,113.0,5.486,0.7,us,15.13,1.892,0.072,57
-8.1559,108.9349,75.908,4.5,29,47.0,1.447,1.23,us,6.98,7.6,0.102,28
50.2231,158.9493,10.0,4.7,73,128.0,2.81,0.9,us,8.86,1.853,0.038,210
51.1787,157.9073,62.749,4.4,21,138.0,1.903,0.95,us,11.38,8.407,0.155,12
1.8647,128.5913,10.0,4.5,36,84.0,1.636,0.78,us,9.02,1.884,0.088,44
51.5455,158.3152,62.264,4.7,14,137.0,1.494,0.88,us,12.02,6.486,0.147,14
-10.3009,161.2431,53.02,4.1,26,112.0,1.538,0.49,us,8.56,6.023,0.127,17
51.6343,160.144,10.0,4.3,31,154.0,1.666,0.81,us,9.17,1.93,0.104,26
52.7965,160.796,40.813,4.2,21,118.0,1.319,0.82,us,4.84,7.718,0.158,14
-25.0496,-68.7605,93.553,4.4,30,71.0,0.761,0.7,us,7.64,6.486,0.124,19
52.299,160.5772,10.0,4.9,128,117.0,1.38,1.11,us,8.16,1.871,0.038,249
23.6902,-44.9762,10.0,4.7,38,104.0,16.824,0.76,us,13.47,1.917,0.092,36
-33.8138,-178.3053,10.0,4.2,18,248.0,4.646,1.02,us,13.44,1.996,0.159,11
-29.2135,-13.6651,10.0,4.9,56,70.0,7.914,0.76,us,10.55,1.872,0.076,54
-56.8866,-140.9671,10.0,4.2,10,93.0,33.269,1.04,us,16.58,1.547,0.198,7
50.173,159.0513,10.0,5.2,122,129.0,2.865,0.97,us,6.54,1.796,0.049,141
30.1377,51.6974,10.0,4.2,25,155.0,6.538,0.71,us,10.3,1.967,0.147,13
-47.7615,116.0503,10.0,4.3,15,142.0,14.844,0.52,us,12.75,1.86,0.16,11
52.1142,160.4031,39.866,4.3,36,167.0,1.926,0.77,us,5.62,8.82,0.096,31
-17.9667,-178.5633,611.607,4.0,27,122.0,2.468,0.56,us,15.24,8.692,0.116,20
53.5708,160.0185,75.701,4.0,18,163.0,1.466,0.35,us,14.07,10.262,0.156,11
51.254,160.4877,10.0,4.2,22,150.0,2.103,0.75,us,11.02,1.957,0.146,13
53.1528,161.03,27.56,4.6,105,145.0,1.441,0.56,us,8.91,4.488,0.059,87
13.3812,146.3363,10.0,4.5,21,111.0,1.443,0.54,us,9.28,1.914,0.15,13
3.3731,127.3749,35.616,4.7,57,88.0,2.324,0.77,us,6.44,7.242,0.088,39
52.8794,160.8061,10.0,4.5,39,173.0,1.312,1.33,us,6.3,1.946,0.099,30
53.112,161.0612,27.877,4.2,32,124.0,1.458,0.67,us,11.16,6.325,0.096,30
-60.3422,-61.6432,10.0,4.8,27,118.0,4.586,0.96,us,11.79,1.854,0.16,19
51.3721,159.5822,10.0,4.5,14,193.0,1.751,0.92,us,9.23,1.957,0.191,8
-39.6702,-75.1516,10.0,4.3,24,142.0,1.346,0.66,us,8.88,1.92,0.138,15
12.977,-88.8024,66.155,4.2,45,165.0,0.676,0.86,us,10.35,9.522,0.089,35
34.1246,26.3661,10.0,4.3,39,203.0,2.532,0.74,us,8.83,1.942,0.137,17
52.4269,160.957,10.0,4.4,29,134.0,1.525,0.8,us,11.86,1.919,0.105,26
-1.0712,119.766,45.354,4.7,62,52.0,1.543,0.76,us,4.6,7.923,0.081,46
-4.879,145.3954,156.556,4.6,35,129.0,4.825,0.5,us,10.88,8.312,0.063,75
37.0417,58.3061,10.0,4.5,52,106.0,0.899,0.95,us,5.87,1.896,0.082,44
51.9883,160.3935,10.0,4.3,39,123.0,1.487,0.93,us,9.38,1.914,0.113,24
-58.8794,-25.1343,35.0,4.4,21,131.0,7.774,0.84,us,14.0,1.942,0.134,16
-57.5127,157.3086,10.0,5.0,30,136.0,3.158,1.14,us,13.33,1.941,0.107,28
13.527,120.3513,62.176,4.6,41,93.0,8.495,0.49,us,12.28,8.605,0.091,36
39.8414,141.656,69.618,4.1,18,134.0,1.049,0.31,us,6.86,4.432,0.174,10
40.9578,14.7014,10.0,4.4,67,59.0,0.125,1.15,us,3.89,1.403,0.127,18
-21.6492,-68.5175,132.928,4.3,21,87.0,0.689,0.48,us,5.98,6.567,0.154,12
51.5711,159.8421,10.0,4.2,29,127.0,1.628,1.04,us,9.34,1.904,0.121,22
52.5351,159.2508,57.268,5.3,59,92.0,0.61,0.71,us,7.63,5.082,0.075,60
49.0858,156.0926,30.416,4.6,56,167.0,4.153,0.61,us,11.93,7.022,0.07,63
33.3671,141.0696,35.0,4.5,25,125.0,1.082,0.75,us,6.68,1.943,0.156,12
-20.7978,168.4491,10.0,4.8,21,118.0,2.033,0.5,us,8.37,1.894,0.128,26
-5.9225,151.3917,35.0,4.2,18,165.0,1.725,0.76,us,12.15,1.922,0.128,17
52.9406,160.7209,10.0,4.9,78,125.0,1.255,0.78,us,10.43,1.878,0.026,459
-21.3015,-66.6905,227.673,4.7,34,55.0,2.145,0.86,us,8.76,8.289,0.104,28
49.9506,159.0301,10.0,4.3,19,136.0,3.086,0.82,us,10.27,1.919,0.177,9
49.8646,156.0997,52.814,5.1,148,120.0,3.398,0.8,us,6.33,5.399,0.023,625
8.7007,126.5777,44.182,4.2,37,125.0,1.899,0.49,us,11.25,6.608,0.108,25
37.0357,69.1355,10.0,4.3,19,255.0,1.618,0.52,us,7.91,1.992,0.188,8
45.0276,149.2607,88.021,4.5,51,143.0,4.85,0.43,us,11.59,8.151,0.081,45
79.448,4.4962,10.0,4.2,26,177.0,1.503,1.01,us,10.76,1.94,0.121,19
-30.1108,-177.9014,32.307,4.7,16,252.0,8.072,1.21,us,15.65,6.962,0.133,18
54.5127,-159.8963,37.645,3.6,22,204.0,0.365,0.46,us,6.95,11.996,0.224,5
54.5816,160.4498,10.0,4.3,35,107.0,1.891,0.74,us,5.81,1.601,0.059,82
-21.0565,-68.7168,128.037,4.3,40,58.0,0.72,0.97,us,6.03,6.222,0.103,27
53.7756,-163.949,10.0,4.0,56,156.0,0.792,0.9,us,3.7,1.898,0.1,27
53.1383,161.0665,35.0,4.3,18,178.0,1.462,0.75,us,11.81,1.997,0.168,10
52.4647,160.4842,10.0,4.4,28,176.0,1.248,0.77,us,11.44,1.958,0.118,25
49.8591,159.5088,10.0,4.2,37,136.0,3.214,0.54,us,8.27,1.849,0.11,23
-60.6025,-25.8034,10.0,4.3,17,111.0,8.554,1.18,us,15.66,1.97,0.138,15
2.4651,126.7563,48.141,4.5,38,104.0,2.588,0.88,us,10.74,7.63,0.107,26
53.0295,159.9195,55.946,4.3,44,133.0,0.767,0.47,us,11.25,6.53,0.099,29
36.4762,70.2681,200.224,4.0,21,162.0,2.164,0.48,us,10.68,10.671,0.138,14
50.0896,158.8437,10.0,4.1,29,138.0,2.94,0.82,us,9.6,1.694,0.117,20
52.0733,-169.3973,10.0,4.4,62,141.0,0.742,0.84,us,3.99,1.863,0.08,45
51.6218,159.2507,35.0,4.2,37,126.0,1.451,1.01,us,10.15,1.93,0.094,32
48.2169,154.44,49.918,4.1,22,136.0,5.317,0.61,us,10.83,9.2,0.14,14
48.9678,156.1093,10.0,4.6,59,172.0,4.265,0.55,us,9.74,1.936,0.061,81
53.1223,159.6289,64.147,4.2,29,137.0,0.599,0.58,us,12.63,7.788,0.128,17
51.4621,159.7297,26.352,4.5,36,126.0,1.699,0.85,us,9.93,5.941,0.106,26
52.7805,160.2293,35.0,4.5,55,150.0,0.987,0.57,us,5.43,1.935,0.08,46
2.9552,-31.3953,10.0,4.5,23,113.0,20.505,0.93,us,12.95,1.871,0.121,20
52.0585,178.4925,157.232,3.7,36,131.0,0.114,0.82,us,14.96,10.175,0.097,27
-55.6948,-28.0794,34.514,5.4,118,39.0,5.044,0.7,us,10.25,3.717,0.059,100
53.2233,159.5924,67.161,4.4,123,133.0,0.602,0.77,us,10.15,6.92,0.051,111
6.3761,126.5946,10.0,4.1,13,178.0,1.221,0.87,us,8.43,1.959,0.184,9
52.5602,159.2722,50.646,4.7,228,127.0,0.598,0.78,us,8.5,6.517,0.031,307
51.5085,159.3931,35.0,4.6,43,132.0,1.585,0.87,us,11.01,1.934,0.091,36
41.7821,143.6015,37.308,4.7,68,76.0,0.405,0.62,us,5.97,5.997,0.044,157
-6.8874,116.5213,524.608,4.3,27,59.0,2.294,0.54,us,13.85,12.038,0.161,11
-6.9573,73.2022,10.0,4.3,14,91.0,0.87,0.65,us,7.67,1.247,0.188,8
52.1572,160.3757,27.57,4.3,26,178.0,1.364,1.22,us,12.05,7.742,0.111,13
-6.362,151.5403,10.0,4.3,20,157.0,2.098,0.76,us,6.74,1.937,0.138,16
30.0272,131.2318,35.0,4.5,27,141.0,1.622,0.51,us,4.87,1.938,0.124,19
51.1178,-175.9955,10.0,4.0,42,203.0,0.788,0.5,us,4.63,1.918,0.108,23
-17.9407,-178.5117,538.054,4.3,27,123.0,2.493,0.83,us,15.28,12.377,0.119,23
-7.7428,129.0868,82.62,4.3,24,37.0,5.166,0.91,us,8.96,7.702,0.126,18
49.8442,157.0068,50.493,4.4,54,135.0,3.297,0.38,us,13.24,7.826,0.083,42
46.3138,152.7644,30.579,4.4,41,136.0,7.51,0.56,us,11.09,6.226,0.112,23
51.4695,159.0983,35.0,4.2,21,138.0,1.581,0.72,us,7.77,1.949,0.153,13
79.1448,3.5506,10.0,4.2,24,125.0,1.622,1.11,us,9.42,1.862,0.128,17
51.3569,159.515,35.0,4.7,42,128.0,1.752,1.08,us,7.39,1.774,0.085,42
26.1892,127.0127,62.432,4.1,18,110.0,1.3,0.52,us,8.85,9.762,0.174,9
-47.8744,116.028,10.0,4.4,24,128.0,14.958,0.65,us,14.57,1.801,0.123,22
49.8334,155.8118,64.365,4.7,77,132.0,3.485,0.59,us,3.9,6.798,0.035,251
-2.9038,136.2918,10.0,4.9,26,56.0,1.779,1.1,us,6.94,1.761,0.099,32
51.9196,-169.8577,16.806,4.1,83,171.0,0.872,0.83,us,5.02,4.162,0.05,109
-22.581,171.0902,62.341,4.6,25,118.0,3.367,1.2,us,12.49,9.128,0.114,23
53.5526,160.1191,61.365,4.4,56,114.0,1.029,0.57,us,10.05,7.669,0.072,55
42.3604,81.1837,10.0,4.2,10,168.0,1.58,0.67,us,6.27,1.931,0.236,5
39.8024,141.7717,65.308,4.3,48,133.0,1.124,0.49,us,7.04,7.568,0.102,28
-5.2813,68.5664,10.0,4.6,28,85.0,4.404,0.92,us,11.42,1.895,0.132,17
-18.6545,169.1891,249.57,4.0,30,94.0,3.712,0.73,us,9.14,4.769,0.113,21
-20.7601,-71.9799,10.0,4.5,36,139.0,1.71,0.77,us,6.79,1.904,0.171,10
39.2824,71.8998,10.0,4.1,16,113.0,0.21,0.97,us,3.73,1.918,0.158,11
13.5319,-91.8787,35.0,4.3,33,205.0,1.613,0.99,us,7.82,1.988,0.089,36
52.4811,160.8098,10.0,4.3,27,206.0,1.421,1.28,us,12.14,1.998,0.122,19
28.126,129.6949,35.0,4.4,31,114.0,1.802,0.7,us,6.37,1.927,0.12,20
52.9672,161.0749,32.558,4.0,21,186.0,1.467,0.67,us,15.4,4.508,0.15,12
18.5802,145.6828,214.977,4.2,35,115.0,3.322,0.54,us,11.75,8.781,0.108,24
50.1159,155.2219,35.0,4.5,47,137.0,3.371,0.88,us,8.43,1.88,0.082,43
-24.6314,-70.1341,56.42,4.1,17,131.0,0.723,0.62,us,3.77,7.795,0.198,7
23.9928,49.1093,10.0,4.0,17,243.0,6.533,0.57,us,7.11,2.02,0.172,9
-17.9405,-178.3767,606.503,4.4,38,80.0,2.599,0.86,us,15.08,10.032,0.096,31
-24.2984,-67.1417,143.356,4.2,42,47.0,1.643,0.84,us,8.26,7.809,0.152,12
30.6058,57.7005,10.0,4.1,26,90.0,5.792,0.64,us,15.13,1.917,0.097,29
46.7048,20.0077,7.298,4.0,31,47.0,1.217,0.63,us,3.49,4.385,0.164,10
42.4627,72.3418,10.0,4.2,17,119.0,0.739,1.0,us,3.26,1.484,0.215,6
63.8894,-22.9589,10.0,4.3,42,112.0,1.117,0.94,us,8.89,1.931,0.095,31
-8.4443,-75.2197,128.399,4.8,44,110.0,3.866,0.66,us,10.61,7.663,0.056,98
-18.4639,-178.0883,459.62,4.3,67,33.0,7.563,0.68,us,12.07,6.874,0.041,171
50.7604,159.9497,10.0,4.2,59,133.0,2.405,0.6,us,9.2,1.902,0.076,48
13.7451,-90.3911,94.68,4.3,55,160.0,3.034,0.65,us,9.24,4.667,0.08,44
-23.8661,-67.9349,117.756,4.5,23,54.0,0.937,1.43,us,6.9,6.511,0.131,17
51.8196,159.2957,46.132,4.3,37,137.0,1.269,0.77,us,9.35,7.58,0.106,25
34.5739,70.653,10.0,4.4,49,141.0,1.255,0.67,us,8.69,2.428,0.08,45
-9.1482,123.9283,96.853,4.3,21,117.0,0.69,0.75,us,9.13,7.58,0.137,15
54.539,-160.0858,35.0,3.7,66,158.0,0.411,0.82,us,4.92,1.918,0.159,10
51.2873,174.8322,10.0,4.5,62,207.0,1.514,0.92,us,8.35,1.953,0.044,151
53.4045,160.2181,50.097,4.1,17,181.0,1.017,0.6,us,14.54,14.826,0.174,10
52.8088,160.9096,10.0,4.2,14,148.0,1.385,0.96,us,11.05,1.946,0.215,7
50.3384,177.1824,10.0,3.7,37,254.0,1.699,0.49,us,4.37,2.016,0.19,7
12.9323,145.4073,10.0,4.4,43,117.0,0.838,0.42,us,4.7,1.919,0.093,33
52.6221,161.0414,10.0,4.8,34,121.0,1.506,0.83,us,10.25,1.913,0.103,29
16.5778,-59.56,10.0,4.8,79,130.0,1.46,0.88,us,7.43,1.899,0.078,51
-33.9256,-178.3594,10.0,4.5,17,248.0,4.529,0.41,us,14.83,2.001,0.157,12
25.9378,128.4631,10.0,4.5,21,87.0,0.911,0.61,us,6.55,1.915,0.204,7
-10.1696,113.9017,10.0,4.7,34,117.0,1.707,1.06,us,8.11,1.916,0.088,39
-44.3879,-81.819,10.0,4.7,33,142.0,7.007,0.98,us,12.77,1.916,0.095,34
51.9131,159.255,35.0,5.7,68,92.0,1.172,0.68,us,7.25,1.843,0.045,177
52.9092,160.8801,35.0,4.5,47,204.0,1.354,0.61,us,11.19,1.994,0.061,77
2.6308,127.2557,84.922,4.3,40,97.0,1.85,0.74,us,9.96,8.768,0.094,32
36.5373,70.3385,195.636,4.0,30,147.0,2.244,0.59,us,7.86,10.096,0.122,19
50.3225,156.9122,54.628,4.4,27,190.0,2.832,0.71,us,13.73,9.676,0.126,18
34.3547,104.6723,10.0,4.2,25,96.0,5.761,0.62,us,14.14,1.926,0.132,16
6.3466,127.3576,10.0,4.6,38,62.0,1.907,0.47,us,10.04,1.911,0.101,31
50.8995,157.439,48.567,4.3,29,128.0,2.218,0.82,us,9.95,8.421,0.137,15
52.1774,160.103,32.47,4.5,45,120.0,1.226,0.74,us,9.44,5.956,0.087,39
-59.6557,-26.3712,63.514,4.5,20,116.0,7.712,0.6,us,15.73,11.328,0.124,20
-33.4082,-179.185,35.0,4.4,18,90.0,4.287,0.59,us,7.65,1.944,0.202,7
-1.7352,136.3565,17.655,4.6,71,71.0,1.772,0.68,us,5.85,4.618,0.067,68
52.1495,160.2971,49.391,4.3,21,154.0,1.333,0.77,us,10.94,8.566,0.129,17
51.1054,-176.0765,35.0,3.7,55,194.0,0.785,0.98,us,4.13,1.932,0.105,23
-57.7279,157.6139,10.0,4.9,31,106.0,3.322,0.83,us,10.21,1.832,0.108,27
19.8145,121.392,67.151,4.0,24,129.0,3.002,0.63,us,12.95,10.114,0.138,14
52.7734,160.9219,10.0,4.5,60,119.0,1.399,0.63,us,10.45,1.905,0.076,51
39.7195,143.2649,36.166,4.7,79,130.0,1.994,0.66,us,7.29,7.009,0.062,80
-31.9718,-178.4477,35.0,4.7,25,135.0,2.754,1.1,us,9.34,1.898,0.12,23
28.4953,87.3902,10.0,4.3,43,115.0,1.989,0.44,us,9.81,1.901,0.083,41
-22.7481,-66.3292,245.534,4.3,19,137.0,1.718,0.4,us,9.75,13.36,0.188,8
6.1014,94.9925,10.0,4.6,63,65.0,2.13,0.6,us,5.69,1.712,0.077,50
3.0133,-31.3637,10.0,4.9,46,58.0,9.882,0.51,us,11.21,1.864,0.071,62
50.767,158.5127,37.511,4.1,31,126.0,2.261,1.21,us,8.99,7.957,0.114,21
50.9371,157.3459,92.599,4.7,63,128.0,2.185,1.21,us,9.84,7.311,0.074,56
51.1346,158.9957,35.0,4.3,19,129.0,1.904,1.1,us,9.11,1.954,0.153,12
51.3202,158.9,35.0,4.8,80,214.0,1.713,0.69,us,9.49,1.965,0.065,73
-20.5563,-68.8995,94.341,4.4,29,58.0,0.477,0.88,us,5.4,5.379,0.123,19
51.7915,159.8475,22.905,5.1,69,125.0,1.435,0.97,us,9.48,5.594,0.059,92
51.8821,160.0998,35.0,4.4,23,137.0,1.447,0.81,us,11.12,1.951,0.127,18
36.5109,-2.8188,10.0,4.3,35,123.0,3.285,0.63,us,6.27,1.848,0.111,23
40.7378,143.859,10.0,4.3,31,134.0,2.123,0.69,us,8.2,1.913,0.138,15
7.1583,127.0591,57.386,4.7,53,77.0,1.471,0.97,us,9.16,7.388,0.084,43
51.9521,159.1268,76.578,4.3,33,137.0,1.112,0.71,us,11.46,8.086,0.109,24
50.6765,156.3032,103.4,4.8,63,127.0,2.584,0.81,us,8.52,4.218,0.044,159
52.1576,160.2437,10.0,4.5,49,144.0,1.303,0.61,us,10.98,1.916,0.077,49
51.5883,-175.28,40.995,4.0,51,150.0,0.565,0.48,us,4.85,8.852,0.074,49
8.6228,126.3529,74.651,4.8,110,41.0,1.723,0.83,us,8.54,4.684,0.047,139
-36.4696,177.3638,10.0,4.5,23,214.0,1.326,0.76,us,6.22,1.959,0.221,6
52.683,160.5281,32.689,4.0,17,115.0,1.189,0.69,us,10.83,5.958,0.156,11
52.3722,160.6769,26.021,4.9,66,122.0,1.395,1.0,us,8.58,5.452,0.044,165
50.8439,159.4199,10.0,4.9,41,143.0,2.234,0.76,us,7.11,1.898,0.1,31
-24.1663,-115.4342,10.0,4.5,35,164.0,39.546,0.9,us,15.12,1.91,0.094,33
6.0455,127.1669,89.782,4.7,32,117.0,1.877,0.5,us,6.57,5.652,0.13,20
-20.7408,-178.6838,598.344,4.4,104,95.0,4.288,0.73,us,11.69,6.507,0.053,108
-29.7113,-71.3402,41.074,4.5,33,150.0,0.225,0.53,us,4.58,7.569,0.205,7
39.5125,143.5374,10.0,4.3,23,174.0,2.284,0.52,us,8.87,1.968,0.178,9
52.2259,160.1627,34.018,4.4,63,166.0,1.22,0.65,us,11.98,6.834,0.079,46
37.6443,20.8097,10.0,4.3,43,134.0,1.002,1.01,us,6.44,1.942,0.107,25
53.0284,161.3239,22.407,4.0,34,146.0,1.615,1.21,us,10.82,6.37,0.102,26
52.6742,160.2915,15.627,4.2,61,120.0,1.055,0.66,us,9.15,5.245,0.071,56
52.9373,160.7052,47.898,5.7,88,147.0,1.246,0.77,us,9.41,6.148,0.05,144
84.9908,97.9913,10.0,4.4,44,39.0,11.499,0.95,us,10.07,1.908,0.094,33
-41.0706,81.0764,10.0,4.7,20,131.0,28.387,0.91,us,12.25,1.894,0.147,17
54.0971,-159.8393,10.0,4.4,57,166.0,0.75,0.75,us,4.69,1.908,0.144,14
-6.4544,131.2977,35.0,4.5,31,93.0,3.637,0.48,us,12.22,1.931,0.11,24
29.1549,129.0816,10.0,4.3,25,104.0,2.418,1.06,us,5.82,1.799,0.168,10
52.587,160.5846,32.647,4.3,52,137.0,1.826,0.83,us,12.43,6.265,0.083,41
52.1417,160.5002,33.827,4.2,21,124.0,1.433,0.61,us,11.06,6.281,0.112,22
-1.3104,133.9928,42.419,4.8,86,70.0,1.53,0.68,us,6.26,7.402,0.064,76
42.6961,141.5657,138.104,4.4,12,99.0,1.362,0.65,us,5.63,9.404,0.218,6
53.6341,159.6268,10.0,4.2,17,131.0,0.847,0.81,us,9.32,1.953,0.167,13
-18.0453,-177.8588,620.421,4.4,81,76.0,3.072,0.97,us,12.13,7.419,0.055,96
22.7101,95.897,10.0,4.6,92,78.0,3.891,0.72,us,9.52,1.895,0.063,79
-13.661,122.3247,10.0,4.3,10,118.0,4.323,0.67,us,9.03,1.993,0.237,6
-5.6392,154.3387,135.478,5.0,82,89.0,2.601,0.56,us,8.36,5.941,0.064,77
51.772,160.5723,10.0,4.4,17,224.0,1.72,0.71,us,8.25,1.987,0.163,11
12.8612,-90.9307,10.0,4.4,40,244.0,1.525,1.08,us,9.42,1.997,0.078,47
40.1467,142.8572,38.183,4.2,26,191.0,1.511,0.33,us,5.38,9.066,0.153,12
-7.1995,125.6981,504.307,4.6,36,49.0,2.907,0.68,us,12.46,8.676,0.107,26
53.5814,-164.1676,45.308,3.3,28,209.0,1.022,0.44,us,2.66,12.045,0.241,4
52.2749,160.9115,10.0,4.2,32,164.0,1.569,0.8,us,11.84,1.954,0.112,22
51.5046,160.7771,10.0,4.2,16,138.0,2.006,0.66,us,13.65,1.94,0.167,10
13.21,50.9393,10.0,4.1,18,144.0,8.081,0.35,us,15.88,1.942,0.165,10
-2.6843,121.9242,10.0,4.4,23,92.0,0.876,0.58,us,4.65,1.91,0.169,11
51.2802,159.4809,10.0,4.4,28,221.0,1.819,1.02,us,8.16,1.965,0.12,20
53.0652,159.4891,91.441,4.5,74,152.0,0.508,0.93,us,11.96,7.378,0.067,66
-11.1036,165.5075,10.0,4.5,14,143.0,4.622,0.92,us,9.51,1.966,0.181,9
4.9609,125.3608,25.018,4.8,73,95.0,0.255,0.55,us,4.3,4.81,0.072,60
53.3691,159.9343,60.515,4.1,20,157.0,0.847,0.87,us,11.86,14.199,0.151,12
-7.1085,129.2665,137.45,4.2,25,66.0,5.113,1.19,us,9.44,6.116,0.187,8
-5.7179,152.5813,10.0,5.2,104,87.0,1.507,0.93,us,7.29,1.876,0.059,94
49.9381,157.3568,10.0,4.2,35,138.0,3.182,0.66,us,10.88,1.447,0.104,26
52.3794,160.0307,51.821,4.7,47,134.0,1.059,0.69,us,8.51,6.842,0.085,42
14.3593,-93.3468,10.0,4.3,67,138.0,1.403,0.63,us,6.88,1.915,0.064,69
-30.4772,-178.3959,10.0,4.3,12,160.0,1.293,1.03,us,10.97,1.927,0.201,7
53.2815,159.6736,63.922,4.0,34,137.0,0.669,0.48,us,8.67,7.706,0.113,21
52.1932,160.7425,10.0,4.0,19,214.0,1.523,0.65,us,12.18,1.975,0.164,10
46.8926,144.711,382.102,4.2,54,119.0,1.338,0.64,us,12.56,7.46,0.058,83
-4.6573,153.5717,108.393,4.6,58,102.0,1.478,0.76,us,6.99,4.56,0.062,78
37.8141,144.1232,10.0,4.5,44,136.0,3.802,0.86,us,9.7,1.898,0.102,29
-24.456,-112.0681,10.0,4.7,29,160.0,3.625,0.99,us,14.46,1.921,0.087,40
40.9028,142.9449,35.0,4.1,17,154.0,1.123,0.87,us,4.05,1.927,0.198,7
53.0445,161.7109,10.0,5.0,142,102.0,1.849,0.83,us,8.19,1.827,0.026,464
52.3674,160.3134,35.0,4.1,22,122.0,1.207,0.91,us,10.82,1.947,0.109,23
-57.9903,157.741,10.0,4.5,16,99.0,3.564,0.89,us,13.09,1.924,0.125,19
51.4392,159.2978,10.0,4.1,35,167.0,1.636,0.51,us,11.98,1.956,0.102,26
-3.9128,151.3523,10.0,5.1,63,54.0,0.855,0.76,us,4.55,1.787,0.064,81
51.3829,158.8963,31.504,4.3,24,137.0,1.65,0.91,us,11.46,6.463,0.137,18
-6.7731,129.4486,165.352,4.6,67,46.0,2.281,0.8,us,9.44,6.158,0.075,53
-20.4818,134.3234,10.0,4.4,22,82.0,0.537,1.26,us,6.48,1.649,0.155,12
52.3906,160.7468,10.0,5.1,78,134.0,1.425,0.99,us,10.72,1.898,0.072,62
-40.3837,-91.5178,10.0,4.7,31,153.0,14.509,0.81,us,14.3,1.911,0.088,39
50.322,159.4558,10.0,4.0,18,229.0,2.751,0.62,us,13.06,1.964,0.164,10
52.4626,160.6514,34.887,4.4,21,122.0,1.34,0.66,us,10.26,6.108,0.143,14
4.9874,124.3648,10.0,4.8,55,72.0,1.139,0.69,us,4.43,1.879,0.086,42
51.0846,158.9278,35.26,4.2,18,138.0,1.949,0.41,us,13.46,8.25,0.128,17
7.3684,126.6791,70.245,4.9,89,112.0,1.131,0.67,us,9.59,7.476,0.059,90
51.564,159.3669,10.0,4.6,66,132.0,1.527,0.74,us,10.36,1.898,0.066,69
-20.0054,-178.2834,622.929,4.6,76,120.0,4.134,0.63,us,12.74,5.763,0.066,68
-14.966,-75.9119,10.0,4.3,20,143.0,3.096,1.13,us,10.9,1.913,0.2,7
-56.7749,-67.6093,10.0,4.6,27,184.0,1.847,0.37,us,13.67,1.95,0.122,20
-2.9109,128.1972,10.0,4.6,59,40.0,3.675,0.63,us,7.07,1.879,0.085,42
-54.5739,157.0698,10.0,4.5,22,88.0,1.093,1.14,us,5.95,1.767,0.119,21
-23.9576,-179.6961,487.707,4.7,59,170.0,6.53,0.54,us,11.71,7.862,0.09,37
6.9117,126.7893,72.923,4.9,54,109.0,1.211,0.96,us,3.77,7.524,0.066,72
-21.4352,-178.4982,474.219,4.4,36,170.0,4.904,0.32,us,16.06,11.385,0.092,34
-6.1773,131.1885,65.107,4.6,56,90.0,2.083,0.55,us,7.51,7.54,0.083,43
49.9425,157.5095,10.0,4.6,76,118.0,3.166,0.93,us,9.98,1.878,0.042,167
52.2673,160.1483,35.0,4.4,43,109.0,1.712,0.78,us,12.12,1.908,0.087,38
-38.4234,176.2689,128.473,4.4,14,72.0,0.59,0.31,us,3.98,5.74,0.24,5
51.1493,159.2897,10.0,5.3,211,129.0,1.918,0.72,us,8.87,1.865,0.029,395
50.9789,160.8626,10.0,4.4,24,132.0,2.462,0.74,us,7.09,1.898,0.123,19
-4.2459,123.2959,25.0,4.6,79,34.0,0.861,0.63,us,5.47,4.846,0.073,56
51.3919,157.5509,61.529,4.6,34,120.0,1.721,0.67,us,10.26,8.292,0.105,27
-35.3543,-179.7076,10.0,4.1,21,152.0,2.724,0.55,us,8.37,1.929,0.198,10
-7.009,125.1068,549.11,4.1,34,52.0,2.852,0.66,us,13.37,9.598,0.135,15
51.3084,159.5687,10.0,4.3,27,138.0,1.808,1.02,us,9.91,1.93,0.122,19
52.3467,160.6799,10.0,4.1,19,166.0,1.409,0.92,us,10.97,1.963,0.174,9
-8.88,125.2544,10.0,4.3,12,106.0,1.306,0.96,us,5.04,1.956,0.307,3
2.8616,95.4683,22.783,4.4,39,204.0,2.613,0.66,us,10.42,7.101,0.103,27
52.4163,160.6915,10.0,5.6,109,102.0,1.383,0.95,us,9.4,1.856,0.038,242
52.2239,160.8208,10.0,4.3,33,188.0,1.547,0.91,us,10.87,1.973,0.105,26
52.8692,160.7137,10.0,4.7,30,155.0,1.258,1.09,us,11.39,1.972,0.108,26
17.6488,145.3274,339.6,3.7,19,138.0,2.435,0.64,us,13.09,12.685,0.135,14
-7.1704,129.5056,10.0,4.4,21,95.0,5.03,1.01,us,7.27,1.938,0.19,8
51.0486,159.0881,35.0,4.1,14,138.0,2.234,0.57,us,11.42,1.964,0.185,8
50.6926,157.4307,52.793,4.9,172,117.0,2.423,0.53,us,8.56,3.79,0.044,164
7.1963,127.0669,42.593,4.3,35,113.0,1.482,1.08,us,7.88,6.658,0.104,26
-18.3122,-177.8989,582.713,4.2,19,144.0,3.182,0.47,us,15.78,10.306,0.14,14
40.5884,141.9801,56.25,4.1,20,155.0,0.724,1.17,us,5.87,8.462,0.158,11
-52.3544,28.0513,10.0,4.5,13,105.0,20.645,0.85,us,12.72,1.666,0.163,12
51.5942,159.3763,35.0,4.4,25,101.0,1.499,0.58,us,11.52,1.933,0.134,17
9.825,-70.7393,10.0,4.5,37,123.0,0.939,0.72,us,10.97,1.916,0.099,30
-18.138,-178.3419,547.928,4.2,34,122.0,2.739,0.78,us,14.52,9.173,0.105,25
51.5116,158.6402,35.0,4.1,15,126.0,1.514,0.66,us,7.22,1.889,0.145,13
5.2524,126.2661,87.126,4.3,37,88.0,0.939,0.62,us,6.65,6.07,0.122,24
-27.3275,-176.8501,35.0,4.5,13,198.0,10.634,0.88,us,15.9,1.96,0.18,9
4.573,-73.3233,10.0,4.2,8,114.0,1.03,1.16,us,8.52,1.983,0.215,6
-5.9354,128.6419,347.386,4.2,18,98.0,1.884,0.75,us,11.37,10.634,0.2,7
52.4067,160.5803,10.0,4.6,59,122.0,1.327,0.86,us,8.15,1.89,0.07,60
-22.001,-175.6772,73.286,4.9,38,123.0,7.215,0.96,us,15.14,6.469,0.109,29
44.6606,150.2677,35.0,4.5,95,87.0,5.527,0.47,us,10.32,1.916,0.064,77
-3.3547,144.9897,10.0,5.3,56,86.0,2.708,0.48,us,5.64,1.85,0.081,52
-21.6699,-179.4793,611.548,4.0,16,141.0,4.544,0.6,us,20.55,15.948,0.173,11
40.5846,143.6757,31.769,4.5,58,132.0,1.481,0.79,us,6.86,5.514,0.082,46
-4.8112,103.0418,65.038,5.0,93,50.0,0.456,0.99,us,8.37,4.568,0.055,106
41.4963,143.0188,45.008,4.0,53,134.0,0.528,0.56,us,7.36,8.415,0.092,33
55.6669,164.9884,10.0,5.0,136,119.0,4.557,0.59,us,9.53,1.884,0.023,597
-7.3233,129.2753,123.984,4.2,16,109.0,5.283,0.88,us,10.29,11.001,0.186,8
-30.9936,-178.1587,41.804,4.4,22,140.0,7.175,0.81,us,15.84,9.98,0.13,17
29.7467,142.159,10.0,4.4,45,129.0,2.641,0.74,us,6.54,1.72,0.096,31
-19.6551,-178.23,563.264,4.1,13,230.0,3.898,0.98,us,29.6,28.019,0.166,10
13.4673,-92.4823,10.0,4.2,39,189.0,1.409,0.6,us,8.66,1.971,0.11,23
-47.9602,116.4118,10.0,4.5,21,124.0,15.029,0.29,us,15.23,1.928,0.124,19
41.143,143.0842,41.623,4.3,46,142.0,0.873,0.74,us,7.31,5.408,0.092,33
51.9812,159.8638,10.0,5.0,63,121.0,1.281,0.74,us,5.58,1.71,0.064,78
52.4631,160.594,35.0,4.5,32,214.0,1.308,1.15,us,12.35,1.989,0.116,22
49.3895,155.3101,78.282,4.4,37,133.0,4.014,0.7,us,11.13,8.156,0.088,37
-2.1534,139.0528,35.0,4.9,58,76.0,1.026,0.64,us,5.25,1.9,0.079,50
15.9807,-55.7288,10.0,4.9,61,96.0,4.659,0.68,us,9.49,1.888,0.029,358
51.2537,157.5788,69.781,4.5,79,126.0,1.859,0.49,us,8.92,7.565,0.061,79
51.8363,160.0254,27.55,4.9,212,88.0,1.91,1.1,us,7.09,4.697,0.04,197
-60.2434,-62.6393,10.0,4.2,14,143.0,4.595,0.9,us,7.39,1.948,0.167,12
51.5784,178.4737,76.757,4.0,39,184.0,0.359,0.72,us,5.11,4.446,0.15,12
-52.9739,22.0891,10.0,4.6,15,114.0,20.603,0.75,us,13.45,1.522,0.151,14
54.6935,160.2488,10.0,4.0,33,85.0,1.923,0.75,us,9.11,1.901,0.111,22
53.5974,161.4502,35.0,4.2,20,184.0,1.776,0.76,us,8.7,1.983,0.159,12
11.2248,124.0851,10.0,4.7,62,55.0,4.384,1.25,us,9.86,1.899,0.071,60
51.0784,159.4534,25.917,4.1,13,245.0,2.01,0.77,us,14.43,9.333,0.185,8
22.7745,142.4843,128.123,4.1,40,153.0,4.311,0.72,us,5.69,8.302,0.109,23
16.6079,-59.4498,10.0,4.2,21,216.0,1.578,0.67,us,10.35,1.966,0.2,7
50.7456,157.8728,62.716,4.2,22,176.0,2.369,0.38,us,12.17,8.682,0.158,13
54.5036,161.1448,49.785,4.5,132,137.0,2.096,0.77,us,10.2,7.455,0.048,128
7.8807,-38.6405,10.0,4.6,43,78.0,13.888,0.88,us,12.31,1.899,0.089,38
-47.2353,166.0299,44.558,4.3,28,105.0,1.159,0.85,us,8.16,11.548,0.138,15
-45.609,-77.4545,10.0,4.5,29,192.0,2.816,0.65,us,10.06,1.969,0.163,11
-18.7255,-71.3066,25.535,4.3,13,236.0,0.981,0.98,us,6.48,8.843,0.237,5
51.7872,159.3719,35.0,4.2,34,125.0,1.315,0.54,us,8.89,1.944,0.108,24
-57.1832,-67.2854,10.0,4.8,36,133.0,2.265,0.58,us,12.78,1.937,0.093,36
-24.2893,-67.1581,174.986,4.5,28,72.0,1.627,0.98,us,9.29,9.924,0.181,13
36.5754,70.7776,126.714,4.1,46,91.0,2.203,0.93,us,6.83,8.654,0.135,16
39.2223,28.048,10.0,4.2,28,57.0,0.95,0.84,us,4.9,1.872,0.215,6
52.9701,159.9484,62.549,4.3,45,130.0,0.787,0.93,us,10.92,6.801,0.076,50
1.0344,97.1099,10.0,4.7,69,139.0,2.45,0.44,us,7.04,1.888,0.072,59
-31.5118,-179.0856,10.0,4.8,13,148.0,2.47,0.64,us,8.71,1.902,0.16,12
-2.0229,139.1473,10.0,4.5,39,77.0,1.144,0.56,us,4.64,1.834,0.107,26
52.5839,160.5147,35.0,4.4,30,157.0,1.215,1.22,us,11.63,1.953,0.092,34
-2.1435,139.3604,52.887,4.8,40,78.0,1.332,0.73,us,4.87,7.087,0.097,38
12.9664,145.5158,10.0,4.5,39,149.0,0.884,0.84,us,8.18,1.906,0.104,27
51.5314,159.6948,10.0,4.8,121,132.0,1.626,0.79,us,9.98,1.894,0.056,98
-58.3364,-23.3069,10.0,5.0,71,51.0,8.374,0.67,us,10.3,1.795,0.078,52
50.7772,158.3042,38.704,5.0,31,130.0,2.26,0.9,us,5.23,7.656,0.113,25
-8.2455,107.3798,35.0,4.6,42,97.0,0.823,0.83,us,5.43,1.905,0.1,31
51.2305,158.5035,43.097,5.1,92,119.0,1.798,0.88,us,8.63,6.636,0.023,613
29.2506,129.5135,10.0,4.3,26,112.0,2.393,0.72,us,8.7,1.9,0.122,19
52.9538,160.7893,10.0,4.5,58,117.0,1.295,0.74,us,9.4,1.88,0.068,63
-18.8013,-171.8211,10.0,4.6,18,155.0,1.813,0.76,us,11.55,1.937,0.141,15
-19.9677,-173.2301,10.0,4.6,30,105.0,3.239,0.6,us,9.2,1.902,0.114,29
-13.2216,167.0856,216.896,4.1,25,158.0,2.215,0.62,us,14.25,4.449,0.111,22
-11.4339,166.3739,67.553,5.0,85,102.0,4.07,0.56,us,8.63,5.991,0.063,80
27.4525,53.4395,10.0,4.1,21,75.0,3.522,0.55,us,6.14,1.919,0.151,12
53.2612,159.6037,61.165,4.4,18,87.0,0.622,0.79,us,11.35,9.698,0.178,9
52.3921,160.8318,10.0,4.1,37,151.0,1.47,0.92,us,8.48,1.817,0.107,24
51.9566,160.2113,35.0,4.3,17,229.0,1.433,1.05,us,14.36,1.99,0.168,10
50.1257,159.4975,10.0,5.0,94,135.0,2.95,0.6,us,10.1,1.853,0.026,465
13.0289,145.1814,37.03,4.5,34,165.0,0.635,0.56,us,8.71,8.281,0.11,24
24.998,122.8429,10.0,4.2,19,145.0,0.55,0.64,us,4.46,1.931,0.2,7
51.2691,159.4376,10.0,4.3,12,188.0,1.823,0.68,us,11.34,1.993,0.202,7
-23.6315,-179.0609,393.102,4.1,29,116.0,6.45,0.81,us,9.17,7.784,0.117,20
39.395,143.1701,10.0,4.6,99,134.0,2.133,0.82,us,7.14,1.886,0.062,79
-41.5763,84.8486,10.0,4.8,23,116.0,27.063,0.35,us,14.76,1.906,0.124,20
36.9357,141.2761,53.661,4.3,26,148.0,2.495,1.12,us,8.56,9.437,0.148,13
35.3044,25.4609,53.856,4.2,25,224.0,1.409,0.69,us,7.15,7.845,0.128,17
-21.2635,-179.2155,618.221,4.9,139,86.0,4.346,0.73,us,13.04,8.505,0.037,223
52.2588,160.5209,24.102,4.1,17,137.0,1.917,1.08,us,11.37,6.73,0.145,13
-22.5694,173.1224,10.0,4.4,11,209.0,5.245,1.37,us,17.57,1.972,0.189,8
51.2851,159.4375,20.422,4.5,42,138.0,1.807,1.03,us,11.04,4.364,0.097,31
14.841,-94.4289,10.0,4.5,69,144.0,2.139,0.73,us,6.48,1.915,0.055,99
-20.9615,-178.7236,583.264,4.5,67,123.0,4.416,0.7,us,12.66,6.538,0.045,148
12.703,144.2187,26.757,4.4,13,119.0,1.085,0.42,us,8.22,7.392,0.219,6
-46.7553,166.4472,35.0,4.3,13,107.0,0.611,0.92,us,6.78,1.997,0.378,2
52.6468,160.5315,10.0,4.6,66,137.0,1.202,0.83,us,11.27,1.903,0.063,74
35.8935,140.1659,77.893,4.5,34,145.0,1.71,0.51,us,5.59,7.923,0.124,19
-7.6539,147.3831,105.648,4.1,40,125.0,1.754,0.7,us,7.06,7.978,0.103,27
10.3866,121.8794,10.0,4.7,70,98.0,4.923,0.73,us,8.96,1.889,0.059,88
52.2875,158.0763,47.365,4.2,45,121.0,0.816,0.49,us,10.26,6.488,0.085,39
50.0326,158.8601,10.0,4.4,35,141.0,2.998,0.62,us,10.1,1.923,0.103,27
-5.8149,112.2394,10.0,4.3,18,100.0,2.168,0.9,us,7.88,1.912,0.16,11
-21.4887,-68.5894,148.938,4.0,21,106.0,0.68,0.49,us,7.37,6.264,0.184,8
52.3042,160.6669,10.0,4.4,40,144.0,1.424,1.0,us,9.0,1.921,0.118,21
52.6651,160.8439,10.0,4.7,41,120.0,1.378,0.9,us,10.37,1.902,0.098,32
-24.2993,-175.7043,31.869,5.1,71,113.0,5.312,0.64,us,11.14,5.434,0.071,64
-20.9423,-177.9097,425.086,4.0,27,108.0,4.964,0.87,us,11.24,14.534,0.106,24
29.3037,129.4602,10.0,4.7,77,87.0,2.359,0.73,us,6.89,1.856,0.072,58
-15.9193,-70.5505,192.569,4.2,25,142.0,1.952,1.1,us,9.3,7.956,0.128,17
0.4719,-79.3622,57.913,4.4,32,116.0,0.954,0.38,us,3.75,9.028,0.134,16
52.3978,160.2656,33.181,4.1,25,122.0,1.715,0.57,us,11.0,6.572,0.12,19
36.4425,71.1909,235.815,4.2,71,79.0,2.133,1.22,us,7.88,7.011,0.079,44
52.6854,160.265,39.38,4.2,18,156.0,1.036,0.98,us,12.7,12.386,0.136,15
-31.2815,118.021,10.0,4.1,7,119.0,1.77,1.15,us,12.67,1.969,0.213,6
52.913,160.9005,10.0,5.0,88,142.0,1.366,0.9,us,9.45,1.884,0.065,76
39.4321,143.5073,10.0,4.3,32,135.0,2.312,1.11,us,6.62,1.666,0.129,17
-31.5476,-178.4085,10.0,5.0,24,245.0,6.583,0.72,us,10.11,1.981,0.129,19
51.8928,160.4765,10.0,4.4,45,165.0,1.591,0.84,us,8.9,1.936,0.092,34
35.1996,139.0416,10.0,4.3,28,127.0,1.436,0.49,us,6.03,1.909,0.148,13
7.0145,126.7102,67.847,5.6,237,44.0,1.124,0.67,us,7.29,4.943,0.044,184
52.4766,160.9448,10.0,4.3,21,206.0,1.498,0.96,us,11.27,1.982,0.161,12
21.9235,95.9869,10.0,4.8,38,75.0,1.226,0.44,us,8.07,1.898,0.105,28
-23.6271,-66.6297,214.992,4.5,81,46.0,1.575,0.99,us,9.86,7.277,0.062,76
51.3292,159.5839,10.0,4.9,79,205.0,1.792,0.58,us,10.43,1.953,0.062,82
-6.261,155.0497,132.382,4.6,60,67.0,3.534,0.7,us,9.1,3.903,0.053,105
-4.39,153.0537,10.0,4.6,29,119.0,0.909,1.33,us,7.13,1.889,0.129,26
39.1968,28.1279,10.0,4.4,34,44.0,0.959,0.75,us,4.1,1.93,0.189,8
51.4375,159.3951,10.0,5.0,84,123.0,1.653,0.86,us,8.82,1.888,0.064,78
-11.0719,163.5732,10.0,4.4,20,127.0,3.92,1.2,us,8.88,1.964,0.149,13
51.5331,159.9652,10.0,4.5,27,127.0,1.697,0.91,us,10.25,1.925,0.109,25
56.0972,117.4659,10.0,4.2,30,86.0,6.697,1.23,us,9.68,1.922,0.107,24
53.5979,160.1821,56.565,4.3,67,133.0,1.085,0.55,us,8.83,7.307,0.072,55
43.3761,-61.4153,10.0,3.8,10,247.0,2.014,0.82,us,4.04,2.017,0.294,3
51.5004,159.6915,10.0,4.9,78,127.0,1.654,0.83,us,8.0,1.86,0.046,146
51.553,159.4942,42.741,4.5,40,164.0,1.561,0.56,us,10.55,8.064,0.09,36
52.3117,160.9074,10.0,4.5,66,130.0,1.548,0.68,us,10.82,1.905,0.074,54
-24.5531,-70.5644,26.298,4.3,20,178.0,1.073,0.95,us,4.54,7.321,0.16,11
7.0104,126.8277,71.86,4.4,37,86.0,1.241,0.98,us,7.82,7.212,0.11,24
-47.851,116.3228,10.0,4.4,18,142.0,14.923,0.51,us,9.1,1.865,0.139,15
-14.7869,167.1555,83.232,4.4,24,144.0,0.658,0.55,us,13.06,7.424,0.12,20
52.4983,160.6494,10.0,4.4,83,121.0,1.324,0.66,us,4.76,1.863,0.058,85
52.3646,158.8843,64.315,4.6,41,121.0,0.675,0.82,us,8.55,7.413,0.09,37
10.1544,126.4282,42.521,4.9,109,96.0,3.178,0.56,us,10.42,5.264,0.057,96
41.2934,140.6781,138.052,4.1,34,81.0,0.582,0.63,us,8.92,6.202,0.114,21
-17.4148,-178.7876,537.244,4.5,63,43.0,1.994,0.64,us,10.23,7.573,0.073,55
50.3159,158.8756,10.0,4.9,195,117.0,2.715,0.61,us,8.62,1.866,0.034,278
52.2369,160.7992,10.0,4.3,34,122.0,1.529,0.98,us,9.82,1.907,0.081,48
11.937,140.5547,44.764,4.6,127,36.0,4.517,0.6,us,8.31,6.822,0.052,117
52.4248,160.4688,35.0,4.9,24,166.0,1.817,0.95,us,11.53,1.971,0.136,17
52.8614,160.8778,29.485,4.6,36,119.0,1.358,1.02,us,11.21,6.258,0.109,25
-14.8992,167.4234,115.729,4.3,23,160.0,0.585,0.63,us,15.41,5.02,0.137,15
52.9886,161.1133,10.0,4.3,49,120.0,1.489,0.68,us,9.86,1.899,0.079,45
-7.7947,108.7198,99.247,4.8,86,54.0,1.111,0.66,us,7.79,5.15,0.059,88
50.3453,158.7601,31.077,4.5,31,142.0,2.683,0.53,us,10.67,6.401,0.11,24
5.3735,125.2204,59.025,4.4,47,100.0,0.686,0.92,us,6.35,7.146,0.107,28
39.4698,143.2567,35.0,4.3,22,137.0,2.136,0.73,us,7.98,1.966,0.168,10
70.9686,-6.7652,10.0,4.2,83,47.0,0.571,0.61,us,6.14,1.9,0.07,57
40.3877,142.1298,59.993,4.1,19,183.0,0.905,0.53,us,6.84,9.843,0.174,9
49.5798,156.166,60.602,4.3,29,178.0,3.662,0.69,us,13.02,3.992,0.123,19
50.1601,157.2531,35.0,4.7,140,132.0,2.965,0.73,us,5.98,1.704,0.049,124
51.4759,159.745,10.0,4.0,11,258.0,1.69,1.0,us,7.65,1.988,0.212,7
13.0031,-89.7542,39.363,4.3,107,174.0,0.894,1.31,us,5.21,9.338,0.054,95
52.6868,161.3702,10.0,4.1,26,134.0,1.684,0.94,us,13.48,1.937,0.127,17
27.945,140.802,10.0,4.7,51,75.0,1.491,1.03,us,7.4,1.854,0.085,42
-19.3779,-67.9592,190.074,4.3,41,70.0,1.2,0.7,us,7.23,7.06,0.1,28
42.7101,146.6667,10.0,4.2,37,150.0,2.692,1.14,us,10.2,1.936,0.105,25
53.177,161.0048,10.0,4.1,55,162.0,1.428,0.55,us,10.65,1.93,0.083,42
-35.4292,-71.2382,99.625,4.2,45,126.0,0.363,0.7,us,4.69,4.757,0.108,24
-6.1202,146.4662,114.63,4.6,54,96.0,3.335,0.6,us,8.52,7.709,0.082,44
-21.0773,-69.0136,108.812,4.1,25,60.0,0.444,1.07,us,5.9,5.937,0.174,9
51.6796,160.5155,10.0,4.3,29,127.0,1.766,0.62,us,9.12,1.918,0.138,15
37.2323,20.4701,37.579,4.7,58,48.0,1.163,0.76,us,6.54,7.66,0.062,79
13.1257,-91.0028,10.0,4.4,48,194.0,1.418,1.08,us,8.91,1.95,0.038,205
-9.686,159.5362,11.297,4.2,20,121.0,0.474,0.67,us,8.23,5.398,0.118,20
-2.0568,138.9706,35.0,4.2,26,78.0,0.965,0.67,us,5.49,1.918,0.121,19
-21.3216,-179.1297,579.922,4.3,50,122.0,4.44,0.6,us,11.14,7.621,0.065,68
2.59,-31.1585,10.0,4.5,50,60.0,9.609,0.73,us,11.4,1.874,0.082,43
13.9177,144.7678,186.101,4.3,26,118.0,0.341,0.49,us,11.71,4.611,0.116,21
51.5052,161.2368,10.0,4.2,31,91.0,2.2,0.78,us,9.58,1.907,0.136,15
-55.4329,-27.5119,10.0,4.4,14,125.0,5.312,0.45,us,14.33,1.846,0.189,8
-5.6147,152.3676,10.0,4.7,27,168.0,1.343,0.7,us,10.44,1.957,0.076,52
32.5027,142.4884,10.0,4.4,22,129.0,2.334,1.24,us,8.94,1.9,0.155,12
52.4839,160.8309,10.0,4.2,34,145.0,1.431,0.73,us,10.85,1.941,0.115,21
52.2721,160.5301,10.0,4.4,25,214.0,1.371,0.53,us,10.69,1.98,0.127,18
-16.0973,-173.7617,188.553,4.1,23,119.0,2.897,0.78,us,11.19,13.421,0.124,18
52.9462,161.0707,10.0,4.4,108,132.0,1.466,0.74,us,9.61,1.889,0.055,101
7.7288,127.1648,35.0,4.5,47,108.0,1.704,1.39,us,9.67,1.921,0.085,45
49.6385,158.3545,10.0,4.1,17,138.0,3.395,0.53,us,14.04,1.943,0.166,10
-2.5089,139.8282,35.0,4.6,33,62.0,0.874,1.0,us,7.63,1.886,0.088,38
33.7183,90.741,10.0,4.5,66,46.0,4.016,0.69,us,8.69,1.876,0.073,55
36.1931,140.8548,51.079,4.1,20,135.0,2.164,0.63,us,6.76,12.067,0.214,6
37.94,141.7557,69.722,4.4,26,151.0,2.895,0.52,us,7.18,8.607,0.162,11
51.6238,159.3358,38.135,4.1,45,138.0,1.464,0.62,us,10.94,8.027,0.086,37
1.8386,127.3351,110.16,4.3,31,97.0,1.06,0.66,us,6.83,8.847,0.122,19
51.6418,159.8988,10.0,4.4,26,138.0,1.582,1.22,us,10.21,1.936,0.127,18
13.8938,39.803,10.0,4.3,28,97.0,3.786,0.79,us,6.44,1.945,0.125,18
35.1749,23.2911,44.106,4.3,64,76.0,2.284,0.61,us,7.82,7.556,0.077,48
53.567,159.7568,69.142,4.2,28,159.0,0.859,0.92,us,13.52,9.645,0.124,18
10.8677,-62.8177,164.958,4.1,37,164.0,4.17,0.89,us,6.8,10.796,0.095,30
25.8671,106.6062,10.0,4.0,21,126.0,5.079,0.85,us,9.15,1.896,0.173,9
21.9867,93.6089,47.028,4.6,78,84.0,1.444,0.84,us,9.36,7.026,0.069,63
50.0643,155.9152,88.217,4.2,67,107.0,3.245,0.49,us,7.7,5.21,0.074,54
-2.9425,136.3261,10.0,4.4,32,47.0,1.817,0.73,us,3.54,1.715,0.112,24
35.5092,22.589,56.728,4.4,46,134.0,1.75,0.6,us,6.77,6.422,0.084,41
-47.8535,116.5788,10.0,4.3,13,146.0,27.479,0.34,us,15.95,1.887,0.154,12
8.7018,126.9099,35.0,5.2,55,94.0,2.09,1.03,us,10.47,1.874,0.046,166
13.7956,144.6687,156.309,4.2,17,99.0,0.282,0.73,us,14.81,6.201,0.16,11
25.5376,95.3851,121.537,4.3,35,112.0,4.333,0.68,us,7.59,7.434,0.108,26
27.1872,-44.4207,10.0,4.4,20,143.0,18.335,0.76,us,15.49,1.904,0.17,13
53.2655,160.1198,59.522,4.4,127,120.0,1.465,0.48,us,8.98,6.127,0.05,117
54.5195,-160.086,35.0,4.4,57,158.0,0.425,0.56,us,4.93,1.947,0.13,17
51.5253,160.2937,10.0,4.4,20,220.0,2.247,0.72,us,7.56,1.899,0.123,19
42.6986,148.5185,10.0,4.0,41,212.0,4.031,0.9,us,12.39,1.988,0.087,36
40.3302,142.4798,58.501,4.5,49,131.0,1.172,0.6,us,6.78,7.995,0.098,30
38.2689,134.2584,408.78,4.0,98,36.0,3.581,0.72,us,9.33,7.719,0.059,86
73.2858,6.8643,10.0,4.1,18,169.0,5.44,1.02,us,7.65,1.962,0.213,6
40.8435,142.9824,35.0,4.6,43,134.0,1.178,1.15,us,7.49,1.932,0.091,36
39.1738,28.2562,10.0,4.1,50,56.0,1.056,0.88,us,4.88,1.943,0.151,12
4.2511,128.4043,10.0,4.6,79,55.0,2.955,0.73,us,7.11,1.864,0.072,58
-9.183,-71.2911,481.669,5.0,142,37.0,2.01,0.96,us,10.5,6.15,0.019,896
52.3527,160.7563,10.0,5.2,110,105.0,1.447,1.06,us,7.41,1.82,0.029,384
-14.6748,166.828,10.0,4.4,23,139.0,0.849,0.76,us,9.23,1.926,0.126,18
16.4124,122.1573,67.848,4.1,15,131.0,6.991,0.24,us,10.96,9.38,0.184,8
53.4523,161.6778,26.164,4.5,81,78.0,1.87,0.77,us,8.3,5.157,0.059,84
54.5397,-159.8952,37.57,3.4,75,186.0,0.342,0.91,us,7.28,15.62,0.245,4
52.3793,160.8381,10.0,4.5,16,171.0,1.48,0.59,us,12.19,1.954,0.191,10
50.3943,158.1563,10.0,4.8,67,127.0,2.651,0.74,us,6.79,1.874,0.053,110
5.7336,126.925,140.346,4.5,72,66.0,1.75,0.71,us,8.14,5.816,0.069,62
52.4254,160.6948,34.746,4.6,110,117.0,1.38,0.9,us,8.59,5.315,0.038,209
52.8386,160.7325,35.0,4.2,27,183.0,1.274,0.97,us,7.09,1.99,0.118,20
51.1538,159.6239,10.0,5.0,75,125.0,1.966,0.74,us,8.36,1.867,0.043,174
-3.8526,-102.6551,10.0,4.6,40,143.0,30.745,0.55,us,14.43,1.764,0.093,35
13.6258,-88.4988,189.415,4.4,54,148.0,0.231,0.87,us,12.1,4.766,0.06,81
1.2912,126.412,41.015,4.4,82,68.0,1.085,0.54,us,5.04,6.961,0.067,72
-57.9396,-24.3082,10.0,4.4,20,100.0,16.368,0.71,us,14.28,1.938,0.123,20
-14.906,167.2372,112.225,4.6,71,64.0,0.539,0.62,us,5.27,5.422,0.05,121
16.6492,119.729,10.0,4.6,67,104.0,6.267,0.7,us,9.58,1.881,0.082,47
49.8259,158.4045,10.0,4.2,23,136.0,3.206,0.56,us,6.52,1.934,0.146,13
37.7305,141.67,84.827,4.3,27,161.0,3.009,0.74,us,8.81,10.154,0.177,9
39.2265,28.1034,10.0,4.2,34,69.0,0.944,0.47,us,3.91,1.932,0.159,11
28.2707,64.1769,40.876,4.5,115,79.0,7.866,0.61,us,9.66,6.913,0.053,103
29.3409,128.9619,10.0,4.3,37,107.0,2.516,0.47,us,7.94,1.904,0.101,28
51.6012,159.6582,34.798,4.7,35,126.0,1.553,0.75,us,11.22,6.348,0.099,31
37.3275,142.1178,31.374,4.3,39,146.0,3.228,1.04,us,8.16,6.43,0.116,21
18.2311,146.1409,171.084,4.1,18,122.0,2.993,1.18,us,15.23,7.901,0.165,10
37.5117,139.5985,130.891,4.2,103,94.0,1.474,0.8,us,7.34,6.293,0.056,88
-19.2929,-174.5261,60.89,4.6,24,92.0,4.352,1.25,us,11.72,7.134,0.097,32
52.7739,161.1396,10.0,4.5,19,212.0,1.529,1.35,us,14.27,1.996,0.18,9
49.8904,158.7821,10.0,4.5,134,131.0,3.138,0.58,us,9.81,1.902,0.051,123
52.7207,160.7473,10.0,4.2,36,148.0,1.307,0.89,us,9.83,1.937,0.11,23
-23.8747,-179.8676,503.624,4.3,41,140.0,6.401,0.58,us,14.86,8.899,0.109,24
51.7149,159.8915,10.0,4.3,18,137.0,1.516,0.89,us,6.41,1.82,0.16,13
51.5708,159.3325,30.8,4.5,38,127.0,1.514,0.73,us,10.49,6.316,0.097,31
5.9556,94.9697,10.0,4.7,36,84.0,5.291,0.9,us,8.86,1.887,0.114,23
-29.8654,-71.6231,38.429,4.2,29,148.0,0.338,0.61,us,5.18,8.352,0.175,9
-33.8851,-179.2063,41.327,4.2,14,263.0,4.19,0.33,us,17.27,12.589,0.186,8
2.1086,128.5542,41.783,4.7,62,74.0,1.781,0.66,us,6.52,6.48,0.064,74
-56.9882,147.4579,10.0,4.5,32,95.0,6.946,1.01,us,11.82,1.941,0.106,29
-16.6568,175.7747,10.0,4.4,23,100.0,2.431,0.82,us,11.99,1.911,0.131,19
14.5484,-90.6664,6.714,4.0,16,144.0,0.164,0.58,us,4.05,3.79,0.212,6
-15.4802,-178.7575,427.738,4.6,89,122.0,2.055,0.38,us,14.81,8.074,0.033,278
27.2631,53.8535,10.0,4.4,59,71.0,3.129,0.61,us,9.84,1.912,0.074,52
-55.3555,-27.9244,10.0,4.4,19,98.0,5.067,0.62,us,13.34,1.937,0.127,18
13.2717,123.9352,10.0,4.5,55,127.0,6.372,0.62,us,11.74,1.896,0.069,62
-12.137,67.5774,10.0,4.2,18,230.0,6.717,0.28,us,11.0,1.875,0.152,13
28.372,139.841,406.266,4.1,26,87.0,2.435,0.83,us,13.19,9.244,0.127,17
10.8263,124.139,10.0,4.4,20,132.0,3.994,1.19,us,13.74,1.908,0.155,12
52.395,160.1479,44.785,4.3,34,171.0,1.108,0.76,us,12.64,8.727,0.106,25
0.6839,121.5206,100.351,4.4,59,38.0,0.852,0.77,us,5.97,5.583,0.084,41
24.7784,127.8354,10.0,4.2,17,100.0,2.087,1.12,us,5.44,1.931,0.199,7
11.8324,-88.1576,10.0,4.3,60,206.0,1.404,0.62,us,6.29,1.957,0.078,48
52.6444,160.7219,10.0,4.5,38,119.0,1.313,0.81,us,9.49,1.9,0.118,21
2.4082,127.1374,88.741,4.5,39,100.0,1.642,0.55,us,6.15,8.072,0.11,25
5.2202,125.7988,106.609,4.3,14,165.0,0.58,0.83,us,11.71,8.559,0.188,9
22.5952,96.0249,10.0,4.7,65,70.0,1.724,0.44,us,4.8,1.809,0.08,48
52.2135,161.644,10.0,4.8,81,126.0,1.997,0.61,us,10.2,1.852,0.042,175
-23.7029,-174.4809,10.0,4.4,10,162.0,6.26,1.1,us,14.83,1.971,0.203,8
6.9045,-73.0855,155.58,4.1,94,90.0,2.387,0.78,us,7.14,7.969,0.06,81
52.0356,158.6557,67.853,4.3,38,138.0,0.989,0.64,us,11.02,8.187,0.086,38
6.9417,127.0141,33.488,4.3,23,74.0,1.43,0.78,us,7.84,5.518,0.143,14
51.545,159.557,35.0,5.1,177,124.0,1.582,0.53,us,9.25,1.903,0.028,405
31.0285,141.8237,10.0,4.4,25,140.0,2.691,0.27,us,7.58,1.912,0.148,13
-16.3231,-174.1109,119.116,4.7,56,54.0,3.289,0.77,us,10.32,7.059,0.071,61
51.8166,160.287,35.698,4.3,18,169.0,1.57,0.42,us,14.04,9.938,0.161,11
-15.9102,-174.1967,131.151,4.7,42,85.0,3.067,0.7,us,11.14,8.355,0.079,52
-47.9879,116.6016,10.0,4.6,16,96.0,15.051,0.95,us,10.84,1.955,0.146,14
-6.5736,146.8916,65.778,4.4,29,151.0,2.825,1.05,us,14.59,8.341,0.114,22
-5.0038,144.2892,91.934,4.3,20,75.0,4.349,1.14,us,7.42,10.056,0.132,16
50.2169,156.6535,56.351,4.0,22,137.0,2.968,1.05,us,4.6,8.589,0.139,14
8.5987,126.4932,90.97,4.1,15,136.0,1.769,0.92,us,13.16,6.533,0.197,9
-1.9653,117.4942,10.0,4.6,63,87.0,1.036,0.9,us,5.24,1.86,0.077,51
48.5218,153.455,121.27,4.6,86,128.0,5.321,0.91,us,9.77,7.035,0.031,319
51.2292,158.1545,69.552,4.5,86,111.0,1.823,0.74,us,9.43,6.659,0.066,68
3.0125,-31.2702,10.0,4.7,54,153.0,9.924,0.52,us,14.35,1.922,0.078,50
21.2003,95.7149,141.521,4.1,30,138.0,2.824,1.21,us,12.66,10.766,0.12,19
52.8571,160.5243,41.146,4.1,72,134.0,1.147,0.43,us,11.07,7.419,0.073,56
52.48,160.2774,35.0,4.4,57,163.0,1.129,0.94,us,10.11,1.864,0.07,59
41.0664,75.2448,10.0,4.1,26,149.0,0.175,0.77,us,2.1,1.9,0.174,9
-20.3877,-177.9154,520.889,4.3,45,128.0,8.709,0.72,us,15.69,11.54,0.085,39
11.6459,144.2293,10.0,4.3,18,167.0,2.03,0.94,us,11.01,1.955,0.148,13
51.0492,-178.8602,33.167,4.3,179,139.0,0.506,0.72,us,4.2,2.884,0.038,193
51.9303,156.1036,207.607,4.1,52,146.0,1.53,0.41,us,11.24,7.889,0.088,35
8.448,127.6638,10.0,4.6,47,127.0,2.478,0.73,us,8.31,1.893,0.093,34
52.8181,-168.2594,44.326,3.4,30,210.0,0.392,0.89,us,5.77,10.383,0.109,20
52.1276,160.2459,29.823,4.4,27,124.0,1.324,1.15,us,10.35,6.115,0.112,23
14.8483,119.8742,42.577,4.8,52,88.0,8.438,0.84,us,9.64,7.73,0.068,67
-5.8369,147.4191,102.347,4.9,50,59.0,3.554,0.62,us,8.52,6.622,0.083,47
35.8757,135.555,352.502,4.1,130,29.0,1.311,0.77,us,7.35,6.281,0.044,142
-16.726,-173.5381,77.373,4.2,16,129.0,3.273,0.39,us,15.32,9.299,0.152,12
50.4992,156.6548,81.998,4.0,21,137.0,2.692,0.7,us,10.2,8.283,0.156,11
54.7937,164.1397,10.0,4.5,81,102.0,4.163,0.77,us,6.23,1.791,0.057,91
-17.275,-69.5359,166.067,4.3,42,109.0,0.317,1.02,us,7.94,2.718,0.084,40
52.9813,161.0013,10.0,4.9,59,145.0,1.422,1.08,us,9.87,1.913,0.084,45
32.3193,142.311,10.0,4.4,27,94.0,2.25,0.3,us,9.02,1.904,0.149,13
15.8846,146.8056,48.577,4.4,59,131.0,1.17,0.74,us,11.83,6.835,0.077,49
52.817,159.7294,62.698,4.0,38,161.0,0.685,0.71,us,9.71,6.814,0.096,29
50.2464,156.9062,60.442,4.0,28,131.0,2.908,0.58,us,12.26,8.704,0.122,18
50.0476,159.5665,10.0,4.3,42,138.0,3.034,0.66,us,10.91,1.909,0.099,29
52.3759,-175.802,222.406,3.9,69,100.0,0.323,0.5,us,12.33,6.293,0.093,31
51.638,159.5993,10.0,5.2,59,88.0,1.505,0.87,us,9.97,1.896,0.059,94
16.3742,-59.7104,10.0,4.9,51,129.0,1.303,0.66,us,7.28,1.934,0.04,199
51.9802,160.2155,10.0,4.5,39,124.0,1.417,0.71,us,8.78,1.893,0.089,44
1.5122,124.8959,10.0,3.8,16,132.0,3.252,0.46,us,8.26,1.627,0.162,10
49.6174,155.5281,50.359,4.6,95,170.0,3.751,1.21,us,10.88,8.32,0.051,117
52.6102,160.8792,35.0,4.6,37,116.0,1.415,0.73,us,9.36,1.929,0.099,30
52.1522,160.744,26.096,4.2,12,124.0,1.547,0.62,us,10.57,6.934,0.146,17
51.5583,159.1846,38.813,5.1,33,135.0,1.504,0.9,us,9.4,6.064,0.124,21
12.4391,-89.3216,10.0,4.3,56,192.0,1.32,0.62,us,5.7,1.967,0.081,44
-16.4482,167.2572,10.0,4.2,14,258.0,4.959,0.93,us,15.79,2.008,0.186,8
-5.8278,-50.5412,10.0,4.6,29,70.0,0.799,1.03,us,4.13,1.902,0.078,49
40.7832,142.2579,54.203,4.2,56,135.0,0.906,0.71,us,7.13,7.576,0.088,36
38.9786,141.3484,66.321,4.1,22,149.0,1.822,0.88,us,9.08,9.548,0.214,8
38.4427,142.1787,28.908,4.7,145,112.0,2.497,0.64,us,7.94,4.458,0.051,118
50.7737,159.8055,10.0,4.5,28,132.0,2.364,0.79,us,5.84,1.847,0.135,16
4.3115,127.6385,124.434,4.1,19,118.0,2.193,0.46,us,12.65,9.114,0.184,10
-24.1022,-66.8069,208.368,4.2,24,91.0,1.702,0.75,us,10.87,10.805,0.263,5
49.8927,158.5678,10.0,4.6,60,135.0,3.135,0.5,us,8.7,1.887,0.076,52
-51.3702,-72.0163,16.445,4.1,9,165.0,1.515,0.59,us,8.26,5.973,0.234,5
2.0682,96.6309,26.827,4.5,43,181.0,1.211,0.54,us,7.44,6.437,0.09,36
55.2584,110.3102,10.0,4.3,23,88.0,4.556,0.94,us,5.64,1.929,0.129,17
52.534,-172.5469,111.524,3.6,31,163.0,1.065,0.82,us,12.58,10.187,0.166,10
52.9381,159.7145,58.265,4.3,29,118.0,0.649,0.43,us,6.89,6.912,0.126,18
50.5441,157.3479,35.0,4.3,35,130.0,2.577,0.52,us,11.27,1.944,0.094,32
51.9929,160.593,10.0,5.4,137,125.0,1.573,0.87,us,7.89,1.871,0.053,122
50.9168,159.419,20.646,4.4,13,130.0,2.163,0.52,us,10.71,6.73,0.218,6
4.351,-73.197,10.0,4.2,13,116.0,1.223,0.78,us,10.89,1.946,0.263,7
7.2329,127.01,10.829,4.2,33,63.0,1.429,0.76,us,7.92,4.863,0.11,23
50.7542,158.8384,35.0,4.3,26,166.0,2.276,0.64,us,8.92,1.914,0.126,18
52.0603,160.0392,10.0,5.2,55,96.0,1.285,0.9,us,8.27,1.386,0.083,48
36.1631,139.9632,77.977,4.1,27,142.0,1.466,0.79,us,9.06,8.1,0.123,18
34.7355,140.7115,49.896,4.4,21,156.0,1.78,0.78,us,7.54,9.481,0.18,9
41.7733,81.885,20.414,4.3,32,118.0,2.085,0.66,us,6.27,5.557,0.126,18
39.6555,143.4472,10.0,4.5,64,130.0,2.147,1.14,us,7.14,1.901,0.079,47
20.9575,93.7795,59.107,4.6,55,155.0,4.257,0.58,us,5.38,7.183,0.081,45
31.4219,139.9912,124.394,4.3,54,116.0,1.695,0.95,us,9.68,8.761,0.084,40
40.0496,145.275,10.0,4.3,23,135.0,2.534,0.72,us,8.95,1.926,0.137,15
36.4351,70.9622,121.312,4.3,26,88.0,2.233,1.32,us,7.55,8.818,0.161,11
-5.2164,152.724,35.0,4.5,29,196.0,1.14,0.8,us,12.23,1.97,0.093,34
49.9065,156.4773,41.836,4.3,36,135.0,3.296,0.93,us,9.83,7.562,0.113,22
-29.2171,-179.1095,345.018,4.1,33,101.0,1.032,0.57,us,13.11,8.304,0.103,26
55.2758,109.8148,10.0,4.1,19,86.0,4.614,0.56,us,10.55,1.948,0.157,12
-10.2623,161.4872,74.127,4.4,19,144.0,1.724,0.89,us,11.83,9.546,0.144,17
-5.8971,149.5868,134.441,4.1,31,79.0,2.898,0.78,us,7.13,8.194,0.114,21
-55.3509,-27.9525,10.0,4.8,44,70.0,5.051,0.73,us,10.81,1.803,0.094,35
2.7115,-31.2577,10.0,4.3,24,84.0,9.667,0.87,us,4.51,1.892,0.119,20
-45.0047,-77.8715,10.0,4.1,14,171.0,3.092,0.58,us,10.99,1.957,0.184,8
49.1481,157.5807,10.0,4.5,28,138.0,3.938,0.76,us,11.46,1.93,0.131,17
43.9746,-128.2335,10.0,4.3,93,115.0,3.034,0.84,us,7.62,1.915,0.062,73
-22.9595,-68.1893,153.375,4.3,16,78.0,0.012,0.73,us,9.84,7.52,0.201,7
10.6259,-86.0467,10.0,4.3,34,203.0,1.127,0.93,us,8.6,1.982,0.113,22
-1.8981,-77.8274,156.913,4.2,62,114.0,0.448,0.53,us,10.37,7.417,0.073,52
-59.9445,-62.0278,10.0,4.7,22,125.0,4.938,1.25,us,10.66,1.922,0.129,18
52.2373,160.1504,35.0,4.8,52,134.0,1.207,1.04,us,10.84,1.924,0.069,65
-6.7394,150.8719,10.0,4.6,41,124.0,2.676,0.76,us,9.98,1.885,0.103,28
-56.6444,-24.0158,10.0,4.8,30,104.0,7.474,0.81,us,10.8,1.902,0.103,29
51.8609,160.1081,10.0,5.3,180,90.0,1.467,0.88,us,7.95,1.848,0.025,537
32.2551,142.023,10.0,4.4,39,130.0,2.051,0.52,us,8.97,1.895,0.117,21
51.403,160.751,10.0,4.4,49,154.0,2.075,0.59,us,10.52,1.923,0.079,46
-5.5813,146.9977,206.732,4.3,22,69.0,3.534,0.77,us,9.22,7.669,0.142,14
-31.7668,-69.7166,113.316,4.5,46,61.0,0.919,0.95,us,4.59,6.758,0.125,19
-57.7122,157.7679,10.0,5.0,53,51.0,3.288,0.68,us,12.21,1.802,0.085,44
15.7251,147.3424,10.0,4.3,33,167.0,1.573,0.7,us,11.46,1.934,0.109,24
-14.649,-173.2364,10.0,4.4,15,165.0,1.59,0.75,us,14.62,1.918,0.149,13
-24.4752,179.7507,541.888,4.1,22,121.0,6.881,0.86,us,10.96,9.79,0.15,15
-4.6896,153.3977,106.6,4.0,19,160.0,1.326,1.12,us,11.26,7.003,0.144,14
13.9316,145.5175,109.946,4.3,28,106.0,0.717,0.72,us,6.45,8.302,0.148,19
9.2728,-84.1423,45.043,4.5,79,133.0,0.485,0.58,us,7.99,8.836,0.062,77
51.3246,157.0529,114.719,4.4,74,161.0,1.83,0.44,us,11.13,8.12,0.068,62
-15.173,-175.2777,17.564,4.7,62,52.0,3.61,0.86,us,6.9,11.512,0.063,76
-60.1622,-61.6308,10.0,4.5,22,124.0,4.763,0.94,us,8.12,1.902,0.145,14
51.8308,158.9979,56.964,4.9,92,119.0,1.213,0.54,us,10.6,7.202,0.06,88
51.9947,160.701,10.0,4.0,14,137.0,1.623,0.75,us,11.38,1.931,0.231,7
-6.1321,105.834,161.069,4.3,32,121.0,0.809,1.12,us,8.91,4.987,0.16,14
50.0903,157.3962,10.0,5.3,141,71.0,3.028,1.04,us,7.8,1.736,0.023,632
-22.1152,-179.5665,611.176,4.3,54,121.0,4.89,0.63,us,15.21,7.672,0.094,37
-32.9493,-178.1687,10.0,4.6,26,175.0,3.698,0.86,us,11.22,1.948,0.125,23
51.295,160.0075,10.0,4.3,24,176.0,2.306,0.5,us,9.84,1.958,0.119,20
52.1311,160.5927,17.191,5.1,98,112.0,1.485,0.7,us,8.93,4.604,0.031,345
-9.1074,111.8512,64.643,4.9,61,58.0,2.361,0.72,us,6.38,5.462,0.065,73
0.1711,129.64,10.0,4.5,41,76.0,1.917,0.64,us,7.01,1.884,0.11,24
51.2543,-174.8171,10.0,4.0,65,190.0,1.007,0.68,us,5.42,1.804,0.076,46
-10.1817,160.9105,15.093,4.6,36,78.0,1.203,0.27,us,9.17,2.698,0.093,34
-26.7347,-176.0959,10.0,5.0,53,86.0,9.507,0.84,us,11.38,1.815,0.079,51
-4.6533,125.4787,454.25,4.4,65,39.0,2.739,0.9,us,10.5,8.882,0.086,39
36.6558,54.8533,10.0,4.5,56,102.0,2.896,0.71,us,6.41,1.75,0.076,51
30.7267,70.2794,10.0,4.1,20,244.0,3.899,0.7,us,9.43,1.965,0.144,13
53.0656,160.7984,35.0,4.2,18,173.0,1.298,0.89,us,11.83,1.982,0.199,8
53.0792,159.5291,78.401,4.4,156,67.0,0.534,0.59,us,9.77,6.293,0.046,145
-10.3674,161.3064,70.252,4.3,50,112.0,1.626,0.72,us,8.28,5.208,0.094,37
-57.6684,157.6305,10.0,4.4,24,137.0,3.262,0.73,us,13.26,1.923,0.134,17
-20.1095,-178.7629,618.958,4.1,18,122.0,3.823,0.49,us,18.61,9.315,0.158,11
52.2097,160.3919,10.0,4.2,55,161.0,1.339,0.73,us,10.11,1.938,0.085,38
-6.5557,129.9346,130.532,4.3,25,60.0,4.286,0.86,us,9.39,9.423,0.148,13
-33.9276,179.1735,248.268,4.2,22,171.0,3.695,0.99,us,7.43,9.384,0.128,17
-6.2054,151.528,10.0,5.0,66,59.0,2.099,0.9,us,8.78,1.856,0.048,138
-1.2122,98.5369,10.0,4.4,16,192.0,2.678,1.07,us,7.95,1.843,0.202,7
37.8913,144.1022,10.0,4.3,29,156.0,3.731,0.48,us,10.23,1.935,0.142,14
9.3592,93.5887,10.0,4.4,32,162.0,5.285,0.67,us,11.88,1.936,0.117,21
5.3311,124.7375,15.643,4.3,24,98.0,0.948,1.08,us,6.73,2.979,0.137,15
50.441,158.766,10.0,4.7,104,89.0,2.587,0.57,us,9.2,1.884,0.056,98
-29.7682,-71.3894,68.03,4.3,22,176.0,0.199,0.34,us,5.08,6.304,0.266,4
6.2537,126.4654,87.411,4.4,52,112.0,1.197,0.59,us,7.62,7.415,0.086,39
18.1793,121.4718,125.483,4.7,78,58.0,4.629,1.07,us,9.92,7.292,0.071,61
51.4339,158.7407,35.0,4.8,36,181.0,1.593,0.8,us,11.61,1.971,0.082,46
51.0353,158.6013,35.0,4.6,101,129.0,1.991,0.78,us,8.29,1.911,0.053,105
50.3222,158.9527,28.158,4.4,67,80.0,2.712,0.88,us,9.97,5.241,0.071,57
-30.3532,-69.1484,112.997,4.3,30,61.0,0.9,0.69,us,4.88,5.93,0.237,5
-7.2296,120.4179,580.056,4.2,66,67.0,2.298,0.84,us,10.4,6.984,0.087,37
50.3851,158.1232,24.934,4.6,60,132.0,2.662,0.6,us,11.37,5.91,0.076,51
52.955,159.2868,65.128,4.2,65,118.0,0.391,0.73,us,10.76,6.875,0.067,62
7.0926,126.901,62.976,5.2,71,108.0,1.312,0.8,us,8.68,7.016,0.045,161
21.0837,121.9257,10.0,4.8,117,78.0,1.896,0.73,us,2.31,1.839,0.049,127
-4.5266,152.6067,99.507,4.3,27,153.0,0.553,1.05,us,11.17,6.095,0.133,18
52.2203,160.4333,31.78,4.7,102,149.0,1.352,0.77,us,9.67,5.969,0.046,144
19.6703,122.4804,171.669,4.1,34,141.0,3.393,0.45,us,12.23,9.169,0.112,22
42.3739,-126.7325,10.0,4.3,107,159.0,1.768,0.8,us,7.41,1.932,0.07,58
48.5608,157.3583,10.0,4.5,44,136.0,4.543,0.63,us,12.44,1.913,0.074,53
11.1307,124.1963,10.0,4.8,41,102.0,10.516,0.58,us,11.98,1.894,0.107,29
2.0809,97.0491,10.0,4.2,14,186.0,0.934,0.7,us,7.85,1.978,0.175,9
-4.061,-12.0098,10.0,4.5,16,117.0,4.5,0.59,us,13.22,1.542,0.164,11
12.4011,-55.7232,10.0,4.5,35,129.0,3.814,0.99,us,12.29,1.938,0.115,22
24.2883,94.3996,35.0,4.2,25,149.0,3.105,0.68,us,14.81,1.975,0.121,20
9.2161,93.7176,10.0,4.6,63,137.0,5.847,1.04,us,11.56,1.908,0.078,49
-17.076,-174.1664,120.593,4.6,32,63.0,3.899,0.74,us,10.38,7.818,0.114,23
-17.746,-178.6377,548.026,4.4,52,103.0,2.285,0.73,us,13.05,3.339,0.095,32
12.0869,-88.1032,42.077,4.4,30,198.0,1.219,0.77,us,6.38,10.62,0.088,39
18.0282,119.8266,10.0,4.9,120,105.0,4.908,0.77,us,9.98,1.87,0.056,102
-55.7478,-27.1303,35.0,5.3,82,72.0,5.58,0.51,us,10.73,1.898,0.063,83
-7.8586,114.0251,10.0,4.3,16,123.0,0.62,1.38,us,5.96,1.921,0.154,12
46.0482,151.6411,35.0,4.5,45,170.0,6.69,0.43,us,11.58,1.975,0.102,28
-3.8546,128.4291,99.876,4.3,20,107.0,3.925,0.61,us,11.91,9.364,0.129,17
52.1441,160.4948,10.0,4.9,60,124.0,1.429,0.83,us,9.38,1.887,0.053,112
8.8913,-84.0748,10.148,4.4,26,129.0,0.847,1.14,us,5.4,5.532,0.13,17
-33.6622,-178.7327,10.0,4.7,31,76.0,4.457,0.55,us,10.93,1.868,0.106,27
29.2651,143.456,10.0,4.6,40,153.0,2.435,0.75,us,8.96,1.917,0.095,33
31.705,141.8724,10.0,4.9,105,121.0,2.238,0.66,us,8.93,1.866,0.05,126
51.9391,160.3837,35.0,4.2,15,201.0,1.518,0.4,us,8.22,1.935,0.132,16
-59.8786,-27.8994,182.868,4.3,29,86.0,7.3,0.69,us,13.62,9.251,0.097,30
0.7343,118.5703,13.398,4.5,49,69.0,1.033,0.5,us,4.91,4.689,0.092,35
-2.8637,147.6772,10.0,4.3,17,77.0,0.872,0.42,us,8.44,1.922,0.177,9
-8.0664,117.9992,214.174,4.5,26,98.0,0.788,0.79,us,9.39,6.791,0.14,15
36.9515,30.8279,105.95,4.1,34,112.0,0.765,0.74,us,5.92,5.32,0.135,16
-38.8867,175.1505,234.813,4.6,47,49.0,0.387,0.95,us,6.5,2.608,0.097,32
2.7019,127.1005,81.019,4.5,52,79.0,1.936,0.61,us,6.48,7.224,0.085,40
-17.7132,168.0571,37.638,4.6,32,181.0,2.397,0.43,us,8.3,4.952,0.105,27
-22.7943,68.3326,10.0,4.4,12,263.0,49.594,0.48,us,13.88,2.013,0.204,7
51.4736,158.4131,48.203,4.3,66,134.0,1.559,0.72,us,4.9,7.584,0.075,50
51.6023,159.5305,10.0,4.8,78,126.0,1.523,0.69,us,7.63,1.864,0.057,97
21.8819,142.9768,267.036,4.0,31,130.0,5.24,0.56,us,11.98,8.682,0.113,22
-59.9755,-61.6371,10.0,5.0,23,124.0,4.945,1.11,us,10.09,1.904,0.129,19
53.2436,159.9863,57.704,4.7,102,116.0,0.835,0.8,us,9.54,7.032,0.032,301
-29.9474,-177.8534,64.187,4.8,28,128.0,0.703,1.1,us,10.62,8.165,0.097,33
5.0401,126.6349,9.254,4.4,37,72.0,1.192,0.77,us,6.37,4.161,0.098,35
52.6596,160.7951,28.257,4.3,53,155.0,1.351,0.66,us,10.41,6.569,0.083,41
36.9739,72.7259,10.0,4.2,19,153.0,1.35,0.79,us,11.18,1.975,0.128,17
25.4001,141.1153,147.669,4.6,36,118.0,1.942,0.63,us,10.43,7.372,0.078,49
-22.7414,-12.7919,10.0,4.7,27,68.0,14.801,0.41,us,13.2,1.892,0.113,24
52.686,159.214,62.336,4.5,51,119.0,0.481,1.27,us,8.85,5.812,0.048,128
-15.9574,-174.2593,82.25,4.9,20,112.0,3.143,0.73,us,13.45,3.567,0.177,10
52.3606,160.4646,35.0,4.4,24,225.0,1.289,0.75,us,13.89,1.98,0.134,16
52.7026,-169.7423,51.668,3.7,18,198.0,0.602,0.57,us,9.63,10.705,0.19,8
51.2099,159.4249,10.0,4.5,18,138.0,1.878,0.71,us,12.22,1.934,0.144,14
7.2402,126.7416,77.805,4.2,28,111.0,1.166,0.83,us,10.82,8.107,0.124,18
-36.0151,-73.8568,19.688,4.1,30,200.0,1.995,1.23,us,7.46,8.714,0.198,7
-2.346,-77.4063,6.582,4.2,38,86.0,1.049,1.04,us,3.98,4.103,0.118,23
54.5063,-160.1562,36.195,3.6,71,164.0,0.463,0.97,us,5.41,10.56,0.188,7
51.5468,159.6746,44.532,4.3,29,127.0,1.607,0.77,us,4.19,7.609,0.114,24
-13.9153,34.6102,10.0,4.6,36,65.0,6.363,0.71,us,9.78,1.9,0.125,19
14.0921,145.3085,129.456,4.7,23,85.0,0.658,1.11,us,11.31,6.894,0.124,20
45.8853,148.546,183.077,4.1,116,93.0,4.143,0.56,us,6.72,6.686,0.055,100
53.0707,159.9801,51.152,4.6,49,117.0,0.804,0.94,us,10.08,7.676,0.066,68
9.3115,94.1776,10.0,4.4,31,118.0,5.406,0.65,us,12.39,1.903,0.117,21
50.1143,159.4248,10.0,4.5,61,135.0,2.953,0.6,us,8.54,1.892,0.061,78
1.4483,127.1465,110.645,4.3,27,79.0,2.306,0.4,us,10.13,8.467,0.126,18
53.5623,160.0211,70.255,4.1,56,163.0,0.984,0.64,us,10.02,7.189,0.072,53
-11.5794,116.6017,10.0,4.3,33,98.0,2.969,0.86,us,6.65,1.746,0.109,24
51.415,159.5968,10.0,4.2,29,128.0,1.713,0.82,us,10.23,1.886,0.11,23
-57.7617,157.687,10.0,5.1,35,98.0,3.346,0.77,us,12.31,1.894,0.092,39
-14.0948,-72.9983,87.557,4.2,15,137.0,4.291,0.55,us,7.09,11.363,0.186,8
52.9133,160.8139,10.0,4.4,31,137.0,1.313,0.51,us,7.33,1.914,0.126,18
-23.9343,-66.7161,195.058,4.5,31,58.0,1.662,0.92,us,4.69,8.338,0.121,20
-21.5838,-68.242,131.104,4.2,21,69.0,0.954,0.42,us,6.96,8.051,0.141,14
2.5161,126.9979,57.908,4.2,17,136.0,1.771,0.39,us,6.97,8.866,0.16,11
7.0685,127.232,10.0,4.0,13,199.0,1.64,0.82,us,9.65,1.978,0.212,6
-9.4616,120.4303,88.092,4.1,15,75.0,0.244,0.85,us,6.4,4.948,0.197,7
7.2986,126.6409,92.329,4.0,13,187.0,1.078,0.28,us,7.61,11.035,0.231,9
-6.0832,102.9046,10.0,4.5,26,102.0,1.647,0.53,us,9.28,1.906,0.124,19
7.2614,126.9935,77.33,4.9,51,115.0,1.416,0.78,us,9.66,7.455,0.08,49
-16.4962,-177.4278,10.0,4.8,23,124.0,3.072,0.63,us,12.34,1.917,0.131,18
-7.09,131.3784,10.0,4.3,14,116.0,2.942,0.67,us,9.58,1.948,0.187,8
49.8206,157.1933,33.543,4.7,123,135.0,3.307,0.51,us,10.1,5.353,0.038,212
-20.673,-178.5956,603.163,4.9,129,38.0,4.303,0.66,us,11.4,6.559,0.044,159
34.1848,23.9131,35.0,4.2,39,116.0,2.996,0.6,us,8.57,1.948,0.121,19
12.9437,145.7441,10.0,4.5,28,63.0,1.067,0.97,us,7.52,1.905,0.132,17
54.8127,-160.6053,43.058,4.2,39,158.0,0.588,0.53,us,4.26,9.283,0.216,6
52.4419,161.2073,39.408,4.4,61,130.0,1.661,1.26,us,10.04,6.974,0.072,56
14.3289,120.7398,221.545,4.4,74,67.0,8.449,0.91,us,8.53,5.689,0.064,70
19.55,-70.7381,32.016,4.0,43,108.0,0.13,1.28,us,4.18,3.909,0.116,20
-16.8883,-174.2038,84.077,4.9,29,129.0,6.172,1.15,us,15.99,6.616,0.08,50
6.3868,126.5214,10.0,4.3,22,105.0,1.156,1.2,us,7.03,1.914,0.129,17
-60.2192,-61.5746,10.0,4.6,26,134.0,4.713,0.67,us,5.42,1.917,0.116,22
2.1738,126.7535,59.612,4.1,15,131.0,1.522,1.2,us,7.72,7.14,0.175,9
-6.9532,129.4996,160.292,4.3,19,109.0,4.854,1.24,us,10.6,11.262,0.154,12
-19.0071,-69.9601,80.994,4.6,34,140.0,0.729,0.43,us,3.11,6.093,0.117,22
36.4287,70.5978,203.322,4.1,28,174.0,2.252,0.93,us,7.6,10.812,0.198,7
-3.6539,145.6604,10.0,4.1,19,127.0,2.337,0.75,us,13.6,1.824,0.145,13
49.3278,155.3228,64.897,4.6,74,134.0,4.069,0.6,us,10.09,7.285,0.045,148
18.6672,-46.5158,10.0,4.4,21,90.0,14.077,1.25,us,12.88,1.92,0.149,13
29.0247,86.7789,10.0,4.3,18,163.0,3.855,0.75,us,10.65,1.932,0.153,12
42.7785,146.4886,23.236,4.4,43,136.0,3.137,0.56,us,5.49,5.715,0.101,28
-8.5233,118.3239,133.058,5.0,64,69.0,0.62,0.57,us,7.58,4.725,0.077,54
9.4941,-40.9517,10.0,4.4,27,148.0,12.386,0.6,us,14.24,1.943,0.112,23
51.9587,161.1084,10.0,4.2,29,180.0,1.843,0.67,us,11.56,1.959,0.112,24
-4.8915,102.9727,65.331,4.7,84,92.0,0.528,0.7,us,7.12,6.113,0.067,75
52.2876,160.2673,38.913,4.4,43,166.0,1.766,0.99,us,11.89,8.49,0.091,37
-9.2366,124.0695,76.421,4.2,17,119.0,0.551,0.7,us,6.98,4.79,0.147,13
5.9983,125.9874,152.424,4.2,23,183.0,1.139,0.53,us,9.87,7.5,0.147,13
64.5488,-39.9738,10.0,4.5,77,56.0,4.217,0.63,us,8.67,1.881,0.028,381
4.6571,95.3103,63.633,4.5,56,162.0,1.727,0.72,us,8.35,8.127,0.083,42
50.4486,157.5188,35.0,5.0,58,140.0,2.666,0.62,us,10.87,1.925,0.091,39
49.6853,158.6128,10.0,4.2,14,232.0,3.343,0.28,us,8.23,1.974,0.2,7
13.2781,145.1362,59.489,4.1,15,118.0,2.045,0.65,us,9.45,9.258,0.184,8
8.6216,123.0774,10.0,4.8,40,96.0,2.919,0.82,us,9.58,1.85,0.109,27
-3.3034,130.3017,10.0,4.8,65,49.0,1.981,0.96,us,7.39,1.862,0.068,68
-5.465,150.9384,103.873,4.6,34,87.0,1.581,0.71,us,10.25,8.346,0.105,27
65.9909,-37.6514,10.0,4.1,52,136.0,5.289,0.89,us,9.72,1.974,0.079,44
44.0395,147.4985,35.0,4.3,26,137.0,3.536,0.68,us,11.63,1.948,0.143,14
51.4835,-173.9696,35.0,4.0,34,188.0,0.733,0.93,us,4.85,1.927,0.106,24
0.5086,121.2234,92.951,4.3,25,122.0,0.744,0.95,us,6.16,7.185,0.168,11
5.7139,123.9966,520.692,4.4,78,35.0,1.769,0.65,us,10.94,7.338,0.072,56
-20.6685,-178.089,522.112,4.2,59,100.0,4.663,0.8,us,13.89,8.436,0.076,48
43.2431,-126.7952,10.0,4.2,72,182.0,2.027,1.01,us,9.18,1.954,0.065,67
