latitude,longitude,depth,mag,nst,gap,dmin,rms,net,horizontalError,depthError,magError,magNst
35.7618,140.0357,85.358,4.6,56,121.0,1.671,0.82,us,6.34,6.506,0.074,55
52.2859,160.5821,35.0,4.1,16,214.0,1.39,0.96,us,11.0,1.991,0.185,8
51.6601,159.5591,49.554,4.3,40,132.0,1.475,0.75,us,7.79,7.937,0.104,26
-20.3516,-177.8071,524.156,4.4,35,124.0,4.693,0.59,us,14.0,8.009,0.103,28
19.9758,-70.6098,10.0,4.3,82,58.0,0.547,0.64,us,4.28,1.867,0.053,100
39.6117,139.4794,11.854,4.6,83,122.0,1.69,0.58,us,7.55,4.202,0.07,61
27.1872,-44.4207,10.0,4.4,20,143.0,18.335,0.76,us,15.49,1.904,0.17,13
-2.1019,138.9885,35.0,4.6,41,75.0,0.972,0.48,us,5.64,1.414,0.091,36
-58.8794,-25.1343,35.0,4.4,21,131.0,7.774,0.84,us,14.0,1.942,0.134,16
51.6515,160.1221,10.0,4.7,79,125.0,1.644,0.83,us,7.62,1.833,0.045,150
42.7785,146.4886,23.236,4.4,43,136.0,3.137,0.56,us,5.49,5.715,0.101,28
18.7706,145.3928,186.068,3.6,12,147.0,3.531,1.32,us,10.23,12.07,0.167,9
-33.1772,-179.8303,96.279,4.6,23,244.0,4.632,0.39,us,15.78,12.282,0.116,22
-34.802,-108.325,10.0,4.7,48,82.0,7.677,0.43,us,11.46,1.874,0.083,44
-24.5497,-68.1048,135.332,4.2,23,78.0,1.481,0.46,us,6.73,7.725,0.153,12
52.5131,160.8858,10.0,4.4,28,175.0,1.451,0.57,us,8.6,1.866,0.105,26
44.4598,149.0076,58.296,4.4,32,143.0,4.618,0.44,us,10.66,8.684,0.118,21
71.1097,-7.8105,10.0,4.6,73,61.0,4.709,0.73,us,3.76,1.848,0.061,81
29.6596,129.7262,10.0,4.5,43,115.0,1.947,0.94,us,7.48,1.898,0.104,27
-15.1264,172.3477,636.785,4.5,67,63.0,4.975,0.79,us,12.61,9.278,0.068,64
41.8075,82.0929,10.0,4.7,61,98.0,2.453,0.66,us,8.18,1.891,0.086,41
51.043,159.0621,18.614,5.1,116,110.0,2.0,0.64,us,8.37,4.432,0.033,294
43.5908,147.6524,35.0,4.7,66,137.0,3.663,1.11,us,11.59,1.929,0.062,79
-42.7116,172.0928,18.856,4.1,40,63.0,0.149,1.01,us,4.36,6.747,0.233,5
40.3302,142.4798,58.501,4.5,49,131.0,1.172,0.6,us,6.78,7.995,0.098,30
12.8918,-89.2348,52.717,4.1,28,179.0,0.866,1.05,us,4.84,13.442,0.094,31
-52.7683,22.3101,10.0,4.4,14,76.0,20.081,0.74,us,11.83,1.929,0.155,12
-6.0409,154.6935,156.736,4.2,22,126.0,3.119,0.54,us,7.52,7.912,0.128,17
53.7263,160.3567,17.066,4.3,25,187.0,1.242,0.5,us,14.12,9.006,0.125,18
40.161,142.5495,42.412,4.3,16,135.0,1.295,0.34,us,10.84,9.413,0.161,11
-24.2984,-67.1417,143.356,4.2,42,47.0,1.643,0.84,us,8.26,7.809,0.152,12
42.0344,142.3408,70.553,4.5,43,96.0,0.608,0.6,us,5.96,3.376,0.078,48
-20.1415,66.4213,10.0,4.5,16,133.0,47.502,0.54,us,17.26,1.904,0.181,9
33.5257,81.8743,10.0,4.7,91,78.0,7.903,0.47,us,8.89,1.843,0.063,77
51.4159,159.8462,10.0,4.3,27,124.0,1.77,0.98,us,8.91,1.896,0.122,19
52.8221,161.1872,21.259,4.4,38,173.0,1.549,1.19,us,12.2,7.432,0.098,32
-9.7631,120.5286,81.43,5.0,86,40.0,0.246,0.67,us,6.59,3.804,0.069,67
53.5814,-164.1676,45.308,3.3,28,209.0,1.022,0.44,us,2.66,12.045,0.241,4
-6.4499,147.907,62.453,4.5,37,122.0,3.027,0.7,us,4.61,7.714,0.118,21
53.4033,160.4318,55.148,4.1,21,137.0,1.137,1.22,us,9.23,5.072,0.135,15
-38.0854,-74.0264,10.0,4.3,31,188.0,1.852,0.36,us,8.17,1.953,0.218,6
-15.7345,-174.3801,187.627,4.3,30,125.0,6.052,0.79,us,13.16,7.664,0.106,25
-31.6817,-69.3335,121.016,4.7,52,41.0,0.582,0.81,us,5.1,5.376,0.047,137
6.9117,126.7893,72.923,4.9,54,109.0,1.211,0.96,us,3.77,7.524,0.066,72
12.8114,-89.2547,35.0,4.4,35,186.0,0.948,1.11,us,6.17,1.98,0.1,29
36.1436,76.9652,10.0,4.1,32,151.0,4.18,0.61,us,9.53,1.935,0.126,17
25.9216,126.977,55.306,4.2,26,120.0,1.476,1.11,us,9.51,9.86,0.159,11
52.5445,160.4283,35.0,4.5,30,118.0,1.182,0.8,us,9.49,1.93,0.118,21
39.9039,143.0208,42.192,4.6,109,122.0,1.737,0.53,us,7.49,6.373,0.058,88
52.7755,160.9359,10.0,4.4,32,156.0,1.407,0.63,us,8.06,1.77,0.105,26
58.9715,-31.6029,10.0,4.4,13,181.0,7.554,0.34,us,11.72,1.901,0.178,9
52.0859,158.9701,51.775,4.4,28,151.0,1.284,0.75,us,12.47,9.643,0.114,22
8.7018,126.9099,35.0,5.2,55,94.0,2.09,1.03,us,10.47,1.874,0.046,166
34.8374,32.4318,10.0,4.4,28,124.0,0.749,0.68,us,4.75,1.867,0.144,14
23.3832,121.5782,35.111,4.3,27,95.0,0.258,0.58,us,3.28,6.528,0.178,9
28.2622,101.9056,10.0,4.4,46,110.0,7.82,0.9,us,7.77,1.594,0.092,35
-20.8101,68.502,10.0,4.3,19,144.0,4.93,0.27,us,14.83,1.936,0.161,11
51.4638,176.9412,35.0,3.5,23,214.0,1.091,0.72,us,7.51,2.013,0.221,5
51.3084,159.7239,10.0,4.4,21,169.0,1.841,0.6,us,7.78,1.964,0.127,18
51.133,160.2137,10.0,4.9,30,138.0,2.125,0.68,us,11.17,1.916,0.161,12
-20.3233,-178.0497,525.651,4.5,38,97.0,4.491,0.9,us,13.97,9.016,0.075,52
29.2619,129.4963,10.0,5.0,91,65.0,2.387,0.85,us,5.53,1.821,0.031,329
-56.8826,-67.4457,10.0,4.3,13,135.0,1.958,1.19,us,10.96,1.941,0.154,12
3.5505,126.7713,49.644,4.5,42,104.0,1.744,1.02,us,5.32,7.138,0.093,34
53.0089,159.5631,65.965,4.2,50,117.0,0.552,1.09,us,10.52,7.756,0.068,60
53.8437,160.997,37.762,4.7,157,100.0,1.627,0.71,us,8.74,6.559,0.045,150
10.5436,-84.9311,10.0,4.7,41,82.0,0.252,0.77,us,5.97,1.923,0.072,58
7.3537,127.0636,48.251,4.8,81,104.0,1.5,0.9,us,9.78,5.613,0.061,83
52.1311,158.6807,87.443,4.8,87,143.0,0.894,0.77,us,9.28,6.552,0.064,76
51.4867,16.0497,5.0,4.5,36,35.0,1.151,0.79,us,5.58,1.898,0.128,18
54.5463,-160.2427,35.0,3.4,52,184.0,0.475,1.15,us,4.87,1.717,0.219,5
-23.4451,179.9704,559.83,4.3,52,89.0,5.949,0.44,us,14.18,5.737,0.1,28
51.4509,159.4171,24.648,4.7,41,128.0,1.644,0.92,us,10.98,5.882,0.096,33
-33.4082,-179.185,35.0,4.4,18,90.0,4.287,0.59,us,7.65,1.944,0.202,7
32.8999,88.3856,10.0,4.2,32,143.0,3.957,0.89,us,8.32,1.825,0.096,30
5.3874,126.3197,56.09,4.2,30,173.0,1.06,0.47,us,7.2,8.619,0.104,26
18.3211,145.373,503.917,3.8,20,144.0,3.089,0.38,us,11.83,11.437,0.147,12
51.0784,159.4534,25.917,4.1,13,245.0,2.01,0.77,us,14.43,9.333,0.185,8
-8.3941,148.9013,66.558,4.9,44,61.0,1.992,0.96,us,10.0,6.829,0.096,35
50.2456,158.7095,10.0,4.5,73,106.0,18.258,0.62,us,12.54,1.878,0.072,57
-20.1441,-177.7104,531.004,4.2,18,96.0,4.581,0.49,us,20.13,19.358,0.153,12
52.2423,160.7205,30.895,4.2,15,142.0,1.485,0.95,us,12.14,6.915,0.147,14
12.7304,-88.1166,71.714,4.7,127,168.0,0.761,0.87,us,7.13,8.546,0.05,120
51.5172,159.2225,55.549,4.2,28,139.0,1.549,0.6,us,11.97,7.872,0.121,19
41.2822,142.7532,40.195,4.3,32,142.0,0.792,0.91,us,6.2,8.466,0.122,19
31.098,-64.7443,10.0,4.0,31,177.0,1.27,0.88,us,8.06,2.005,0.139,14
24.8581,123.1937,118.701,4.4,63,42.0,0.423,1.03,us,5.44,4.331,0.064,72
7.4132,126.9917,38.697,4.4,29,62.0,1.442,1.24,us,8.76,6.38,0.12,20
-34.8108,-108.6124,10.0,4.9,82,155.0,7.685,0.43,us,13.8,1.908,0.055,105
-14.3933,167.1544,171.538,4.2,26,111.0,1.049,1.08,us,13.05,7.801,0.125,19
54.5301,-159.8566,35.116,4.2,72,153.0,0.339,0.93,us,5.94,8.155,0.086,37
-22.3438,171.5008,126.548,4.6,27,114.0,3.759,0.68,us,10.1,8.509,0.125,20
21.5117,97.2973,10.0,4.4,37,109.0,2.24,0.71,us,8.56,1.691,0.107,25
-14.6197,167.2913,182.26,4.3,26,71.0,0.827,0.82,us,10.83,5.358,0.122,19
34.5564,70.7886,10.0,4.7,44,100.0,1.366,0.85,us,9.49,1.892,0.093,35
49.4935,157.1299,10.0,4.2,16,138.0,3.637,0.41,us,12.99,1.938,0.159,11
-58.0537,-25.9073,10.0,4.3,9,181.0,16.624,0.96,us,18.57,1.983,0.178,9
51.8676,160.1839,30.71,4.3,19,125.0,1.49,0.42,us,10.86,6.286,0.119,20
51.31,159.6357,10.0,4.2,25,154.0,1.82,1.34,us,9.3,1.811,0.118,20
49.9123,89.823,10.0,4.1,41,86.0,4.098,0.91,us,5.9,1.842,0.114,21
28.9865,67.1943,10.0,4.4,43,115.0,5.754,0.85,us,5.85,1.857,0.087,38
35.4105,141.059,34.941,4.5,47,137.0,2.511,0.82,us,7.55,6.425,0.109,25
-1.1583,129.6805,10.0,4.6,30,55.0,1.605,0.86,us,6.88,1.894,0.117,22
50.9596,-179.1076,12.722,4.2,105,212.0,0.623,1.01,us,5.97,8.279,0.064,67
28.9134,51.4598,10.0,4.2,36,73.0,5.792,1.11,us,6.11,1.794,0.1,28
-31.9438,-71.342,49.072,4.5,80,128.0,0.327,0.65,us,4.35,6.369,0.072,57
-57.7983,157.68,10.0,4.4,34,102.0,3.383,1.01,us,12.02,1.927,0.104,27
14.6649,56.4839,10.0,4.3,40,101.0,22.551,0.6,us,14.73,1.939,0.089,36
52.5592,160.812,10.0,5.3,92,118.0,1.393,1.27,us,9.32,1.877,0.062,87
37.7868,19.8367,25.471,4.5,128,62.0,1.769,0.69,us,5.38,5.365,0.067,65
32.8985,141.7533,10.0,4.9,91,120.0,1.644,0.61,us,6.57,1.747,0.032,310
43.5911,147.3447,55.299,4.3,16,204.0,3.46,1.01,us,15.23,13.204,0.16,11
52.2336,160.0326,52.276,4.3,29,138.0,1.669,0.94,us,11.18,7.893,0.108,24
-17.6827,168.3311,57.969,4.7,47,136.0,2.472,0.56,us,4.98,7.315,0.07,61
51.4177,159.5689,39.035,5.2,184,110.0,1.705,0.55,us,7.22,5.598,0.027,441
8.0677,58.8411,10.0,4.4,69,104.0,16.971,0.44,us,11.23,1.881,0.075,56
50.7666,157.0087,66.596,5.0,106,122.0,2.384,0.71,us,9.0,5.992,0.023,612
-1.6753,123.8813,10.0,4.5,31,57.0,1.275,1.36,us,6.02,1.913,0.14,15
50.7887,159.5658,10.0,4.2,18,132.0,2.309,0.68,us,8.15,1.948,0.146,14
37.1642,141.3804,10.0,4.7,107,95.0,2.618,0.68,us,7.16,1.854,0.061,81
22.8891,123.5793,10.0,4.0,20,238.0,1.6,0.92,us,6.95,1.964,0.196,7
37.0416,28.4821,10.0,4.4,33,57.0,0.783,0.66,us,4.57,1.358,0.178,9
-22.7353,-66.6143,224.953,4.2,29,49.0,1.459,0.96,us,9.28,8.483,0.152,12
33.071,131.4406,102.665,4.5,76,76.0,1.768,0.94,us,6.36,7.63,0.064,72
-8.3816,111.8241,147.957,4.5,37,83.0,1.906,0.87,us,6.86,7.375,0.121,24
7.2409,126.7015,74.077,4.6,35,115.0,1.127,0.95,us,6.32,8.562,0.103,28
-60.3609,-19.386,10.0,4.4,20,86.0,13.12,0.79,us,8.91,1.911,0.126,18
49.8763,157.0729,35.0,4.3,22,231.0,3.26,0.98,us,13.04,1.97,0.168,11
-60.3491,-61.8384,10.0,4.5,32,125.0,4.558,0.65,us,11.1,1.891,0.111,24
20.4797,144.8663,186.772,3.9,20,125.0,5.284,0.62,us,11.75,10.721,0.133,15
37.3316,56.3277,10.0,4.1,22,154.0,5.936,0.29,us,9.86,1.809,0.135,15
52.2259,160.1627,34.018,4.4,63,166.0,1.22,0.65,us,11.98,6.834,0.079,46
-37.4511,77.985,10.0,4.7,45,60.0,41.588,0.63,us,12.41,1.876,0.086,41
-5.2422,151.7219,78.563,5.0,56,86.0,1.133,0.56,us,8.81,5.591,0.07,64
-23.5484,179.9739,525.631,4.2,56,113.0,6.048,0.66,us,10.76,10.384,0.074,51
53.0021,161.2123,26.808,4.3,59,128.0,1.548,0.61,us,11.18,6.066,0.08,44
52.6104,160.9417,22.815,4.9,184,116.0,1.451,0.63,us,8.36,5.283,0.035,258
51.5272,177.4469,50.409,4.1,44,125.0,0.82,0.8,us,6.6,8.041,0.097,29
-17.9768,-69.8892,115.162,4.4,50,109.0,0.548,0.72,us,6.92,5.416,0.084,42
13.8751,120.649,129.637,4.3,34,128.0,8.904,0.86,us,10.39,8.691,0.104,26
2.0301,127.9871,102.214,4.5,19,100.0,1.395,0.62,us,9.31,9.949,0.156,12
51.6891,-173.4391,35.0,3.9,29,177.0,0.695,0.55,us,4.94,1.888,0.091,32
-8.1453,118.2472,14.491,4.5,29,71.0,0.822,0.8,us,5.32,2.177,0.14,15
-8.5317,120.5652,165.216,4.6,47,63.0,1.16,1.13,us,6.13,6.421,0.088,39
-5.7047,130.9092,81.802,4.2,16,120.0,3.073,0.54,us,10.62,7.329,0.216,6
-18.6617,65.2233,10.0,4.2,16,95.0,2.062,0.75,us,6.43,1.884,0.176,9
-18.1893,168.064,45.78,4.7,34,86.0,2.849,0.62,us,8.65,7.565,0.089,38
39.6007,143.2615,31.63,4.5,38,141.0,2.059,0.39,us,5.68,6.532,0.11,24
-24.2229,-67.0357,184.514,4.3,23,71.0,1.643,0.76,us,10.73,9.674,0.138,15
50.3095,159.1415,10.0,4.2,32,133.0,2.735,0.85,us,9.66,1.906,0.121,19
39.5608,143.2213,10.0,4.8,74,123.0,2.058,0.82,us,7.5,1.872,0.048,135
-20.6341,-173.7564,10.0,4.4,12,112.0,3.923,0.54,us,9.93,1.926,0.24,6
-26.0805,70.4461,10.0,4.4,13,75.0,40.04,1.18,us,15.24,1.898,0.19,8
51.5039,159.5283,35.0,4.7,52,124.0,1.615,1.09,us,8.77,1.914,0.071,60
-56.4038,-23.9267,10.0,4.3,25,73.0,7.471,0.7,us,13.73,1.86,0.169,13
49.2367,154.7314,84.212,4.1,28,137.0,4.302,0.51,us,12.02,4.06,0.123,18
54.5954,-159.628,35.0,3.6,20,202.0,0.237,0.62,us,5.05,2.012,0.354,2
36.4762,70.2681,200.224,4.0,21,162.0,2.164,0.48,us,10.68,10.671,0.138,14
-8.7829,127.2727,10.0,4.6,24,104.0,4.98,0.62,us,10.12,1.894,0.137,18
32.4703,84.6414,10.0,4.2,37,156.0,6.209,1.23,us,10.3,1.924,0.11,23
-12.137,67.5774,10.0,4.2,18,230.0,6.717,0.28,us,11.0,1.875,0.152,13
0.7107,99.4771,131.094,4.3,53,107.0,1.991,0.7,us,5.85,7.13,0.092,37
52.4202,159.9964,35.0,4.4,63,131.0,1.018,0.88,us,10.9,1.934,0.065,69
-57.3621,148.6989,10.0,4.7,21,113.0,19.915,0.61,us,16.26,1.925,0.133,17
-6.8648,128.5397,10.0,4.4,22,105.0,5.111,0.75,us,8.42,1.902,0.13,17
7.4211,126.6735,72.946,4.2,30,130.0,1.141,1.03,us,9.37,8.027,0.115,21
52.1915,159.6795,35.0,4.7,58,123.0,1.043,1.07,us,7.64,1.915,0.059,88
52.9076,-170.6502,125.87,3.8,51,148.0,0.38,0.75,us,9.99,5.929,0.114,20
50.2101,159.6414,10.0,4.5,62,127.0,2.884,0.58,us,10.1,1.902,0.057,91
-5.5761,150.4587,99.49,4.1,22,96.0,2.007,0.38,us,9.33,7.381,0.131,16
-22.5156,-175.1089,10.0,5.0,49,141.0,17.054,0.44,us,13.71,1.466,0.1,32
43.0205,150.1351,10.0,4.4,21,136.0,5.254,0.67,us,11.28,1.583,0.155,12
51.5061,159.5535,35.0,4.9,65,127.0,1.618,1.14,us,8.18,1.917,0.061,83
37.4632,56.4799,10.0,4.1,19,171.0,1.379,1.05,us,12.17,1.973,0.135,15
-5.522,152.2612,58.532,4.5,51,161.0,5.983,0.8,us,12.26,7.295,0.065,70
-7.5571,125.8132,337.207,4.0,18,82.0,2.666,0.84,us,13.22,3.098,0.173,12
51.5714,160.3617,10.0,4.4,26,220.0,1.794,0.51,us,9.97,1.962,0.143,14
-6.2966,131.3162,66.161,4.3,21,111.0,2.254,0.9,us,5.38,9.215,0.142,14
26.9904,-44.3588,10.0,4.5,36,131.0,21.984,0.49,us,13.18,1.914,0.102,28
13.1434,121.2556,10.0,4.1,24,121.0,7.385,0.83,us,14.51,1.923,0.135,17
52.198,160.0414,33.306,4.1,27,134.0,1.185,0.46,us,12.18,6.347,0.117,24
52.9139,159.0329,83.763,4.1,58,121.0,0.829,0.59,us,10.66,5.779,0.076,47
30.143,103.6923,10.0,4.2,23,146.0,5.797,0.66,us,13.67,1.943,0.131,16
5.1535,126.3407,87.097,4.1,20,141.0,0.955,1.04,us,10.54,8.711,0.145,13
52.4984,160.5854,10.0,4.6,59,122.0,1.288,0.72,us,8.06,1.881,0.052,110
45.178,150.1279,63.248,4.4,66,134.0,5.427,0.65,us,10.52,7.586,0.081,44
36.6327,75.4388,10.0,4.5,29,158.0,1.956,0.93,us,5.77,1.932,0.089,37
51.4151,158.9348,55.299,4.3,22,210.0,1.62,0.45,us,11.58,10.001,0.126,19
30.7816,103.4528,10.0,4.5,65,137.0,5.165,0.79,us,10.4,1.896,0.065,70
-10.3009,161.2431,53.02,4.1,26,112.0,1.538,0.49,us,8.56,6.023,0.127,17
-57.8131,157.7777,10.0,4.2,19,145.0,3.386,0.59,us,10.01,1.874,0.141,14
29.314,130.5112,38.92,4.3,32,128.0,2.189,0.99,us,8.3,3.609,0.119,20
53.0277,160.7846,35.0,4.7,63,134.0,1.289,0.68,us,8.78,1.922,0.075,54
49.9488,155.7143,82.536,4.5,80,124.0,3.398,0.42,us,10.17,7.5,0.057,91
9.9192,-70.6755,10.0,4.9,61,95.0,1.03,1.11,us,7.28,1.871,0.075,55
47.0041,153.0548,46.818,4.6,45,135.0,7.043,1.23,us,11.41,5.91,0.051,113
-47.8636,116.0066,10.0,4.5,23,93.0,14.948,0.67,us,14.62,1.904,0.135,16
50.4242,159.7308,10.0,4.4,40,136.0,2.688,0.63,us,10.98,1.918,0.065,69
52.2925,159.8143,35.0,4.2,11,221.0,1.019,1.28,us,7.5,2.009,0.167,10
25.4627,141.9557,64.321,4.3,13,148.0,1.639,1.31,us,15.02,10.217,0.201,8
33.9463,87.78,10.0,4.2,46,142.0,5.099,0.61,us,11.62,1.907,0.1,28
49.1581,156.213,26.728,4.8,164,50.0,4.065,0.56,us,7.69,4.226,0.043,169
16.2905,145.6009,535.74,4.8,142,39.0,1.059,0.69,us,8.2,5.636,0.026,463
-4.5356,127.083,370.597,4.3,28,70.0,4.343,0.57,us,10.92,6.228,0.116,21
-6.3495,151.7823,10.0,4.7,69,83.0,2.044,0.64,us,3.84,1.826,0.068,65
-3.0521,126.8497,10.0,4.1,12,128.0,3.833,0.58,us,8.79,1.932,0.165,10
2.1265,126.699,50.669,4.7,149,42.0,1.502,0.64,us,3.69,6.55,0.046,143
16.5187,-59.7045,10.0,4.6,61,128.0,1.323,0.52,us,7.13,1.908,0.092,35
52.7896,-169.6989,45.95,3.8,34,170.0,0.543,0.83,us,9.74,7.099,0.104,24
49.6853,158.6128,10.0,4.2,14,232.0,3.343,0.28,us,8.23,1.974,0.2,7
-4.2698,143.1689,85.864,4.3,32,113.0,3.016,0.49,us,8.92,7.715,0.106,25
14.6744,-93.3167,35.0,4.7,77,140.0,1.962,0.74,us,7.22,1.941,0.051,118
-31.52,-178.7869,101.526,5.1,36,93.0,6.486,0.87,us,12.51,7.728,0.104,30
40.1689,-29.7206,10.0,4.3,42,154.0,4.058,0.74,us,13.01,1.924,0.093,33
15.0227,146.2038,89.041,4.1,16,172.0,0.45,0.58,us,11.3,7.037,0.158,11
44.5994,149.1718,80.443,5.2,111,120.0,4.742,0.78,us,8.94,6.612,0.019,879
42.7322,143.2454,10.0,4.1,54,127.0,0.72,0.54,us,5.9,1.902,0.089,36
37.4414,72.2841,188.344,4.1,44,94.0,0.884,0.75,us,7.47,6.396,0.14,14
53.304,161.252,10.0,4.9,98,188.0,1.592,0.53,us,10.11,1.891,0.055,104
10.926,124.133,10.0,4.9,93,79.0,4.089,0.63,us,6.98,1.783,0.054,109
-30.6884,-178.1748,44.899,4.7,32,133.0,7.45,1.02,us,13.05,6.019,0.11,25
21.9867,93.6089,47.028,4.6,78,84.0,1.444,0.84,us,9.36,7.026,0.069,63
41.5672,142.1152,59.846,4.3,84,122.0,0.898,0.74,us,6.58,7.974,0.065,67
6.4087,127.3969,10.0,4.1,20,125.0,1.921,0.83,us,5.38,1.915,0.158,12
51.7281,159.4201,58.703,4.4,32,126.0,1.381,0.87,us,9.95,8.064,0.11,24
36.1931,140.8548,51.079,4.1,20,135.0,2.164,0.63,us,6.76,12.067,0.214,6
36.6359,30.7699,104.803,4.4,24,98.0,0.701,0.74,us,5.56,4.328,0.269,4
49.9086,157.5936,24.879,4.2,17,134.0,3.188,0.38,us,9.92,6.729,0.176,9
22.7171,143.8805,35.0,4.4,36,111.0,4.623,0.7,us,8.68,1.927,0.105,28
-24.2946,-67.2128,170.193,4.2,41,55.0,1.604,0.73,us,4.46,8.822,0.147,13
52.7186,160.7976,10.0,4.2,25,120.0,1.337,0.69,us,6.52,1.81,0.121,19
39.1358,41.0169,10.0,4.3,27,99.0,0.968,0.52,us,4.94,1.939,0.265,4
36.5384,70.516,217.624,4.0,26,151.0,2.312,0.89,us,6.38,10.435,0.211,6
-57.6714,157.9909,10.0,4.2,9,143.0,3.225,0.63,us,8.59,1.988,0.235,5
36.5389,140.4701,63.208,4.6,59,142.0,1.821,0.77,us,7.61,7.472,0.051,116
52.2369,159.5656,35.0,4.2,14,169.0,0.965,0.48,us,8.34,1.975,0.152,12
38.0671,142.0114,59.785,4.3,50,122.0,2.816,0.49,us,3.89,7.627,0.091,38
52.2661,159.0241,84.976,4.6,45,133.0,0.792,0.74,us,11.36,7.126,0.084,42
-14.6335,168.3573,10.0,4.4,17,141.0,7.049,0.74,us,16.23,1.978,0.149,13
39.4657,143.38,10.0,4.9,57,126.0,2.213,0.83,us,7.4,1.882,0.05,128
52.7989,161.1886,10.0,5.3,100,131.0,1.554,0.8,us,9.67,1.88,0.038,227
34.6185,23.485,55.866,4.5,45,95.0,2.851,0.75,us,7.54,8.673,0.085,41
-0.2104,130.6163,10.0,4.9,48,47.0,0.913,0.95,us,6.35,1.887,0.074,57
-25.7895,-69.2628,8.8,4.1,15,140.0,0.691,1.03,us,4.65,5.366,0.301,3
-7.5424,105.3797,20.53,4.5,36,164.0,1.854,0.6,us,6.24,6.58,0.1,32
52.8552,159.6834,58.048,4.3,22,207.0,0.648,1.09,us,13.03,6.106,0.142,14
39.34,143.6528,10.0,4.5,54,135.0,2.458,0.66,us,8.89,1.89,0.09,36
-24.1417,179.857,533.267,4.4,51,69.0,6.584,1.05,us,11.13,8.282,0.066,67
6.0971,126.1802,145.952,4.4,24,115.0,1.136,0.51,us,9.36,4.408,0.139,15
51.6633,160.7923,10.0,4.5,34,135.0,1.893,0.77,us,10.9,1.916,0.113,23
-6.5675,107.0797,126.439,4.3,22,137.0,0.583,1.06,us,11.46,6.505,0.137,16
51.0789,159.5782,10.0,4.3,15,163.0,2.03,0.84,us,10.81,1.958,0.189,10
-27.7912,-178.3832,10.0,4.5,21,222.0,1.503,0.81,us,10.04,1.984,0.132,17
52.9166,160.7435,19.179,5.0,154,106.0,1.271,0.72,us,8.21,4.534,0.025,523
52.199,160.5367,10.0,4.4,23,143.0,1.416,1.15,us,10.02,1.928,0.123,19
51.8821,160.0998,35.0,4.4,23,137.0,1.447,0.81,us,11.12,1.951,0.127,18
32.3193,142.311,10.0,4.4,27,94.0,2.25,0.3,us,9.02,1.904,0.149,13
36.5653,70.7257,154.345,4.4,66,74.0,2.237,0.91,us,6.49,7.052,0.081,44
-6.5286,147.631,31.25,4.3,20,113.0,2.895,1.01,us,7.32,6.25,0.154,12
17.4847,-61.2607,22.975,4.3,39,178.0,0.533,0.82,us,5.65,7.212,0.201,8
9.2566,93.9113,10.0,4.1,19,198.0,5.661,0.33,us,6.25,1.954,0.151,13
51.605,160.6406,10.0,4.2,30,165.0,1.874,0.49,us,7.9,1.9,0.115,21
-7.9542,118.9578,10.0,4.4,25,61.0,1.456,0.67,us,5.81,1.896,0.17,11
-5.9354,128.6419,347.386,4.2,18,98.0,1.884,0.75,us,11.37,10.634,0.2,7
7.0629,126.8262,68.937,4.6,57,125.0,1.238,1.19,us,8.56,7.364,0.076,51
51.5942,159.7,35.0,4.8,34,127.0,1.57,0.95,us,7.03,1.82,0.102,30
29.1857,86.802,10.0,4.4,36,93.0,1.924,0.76,us,8.44,1.894,0.091,35
2.3958,98.9189,156.671,4.9,49,131.0,0.296,0.86,us,9.67,4.803,0.082,47
51.7184,160.9987,10.0,4.1,38,138.0,1.945,0.73,us,10.91,1.921,0.099,28
52.0033,160.6563,10.0,4.1,23,125.0,1.596,1.16,us,5.49,1.88,0.119,19
51.1507,159.343,10.0,4.3,34,185.0,1.924,1.39,us,11.62,1.983,0.107,25
-60.9021,-23.7013,10.0,4.7,64,96.0,9.533,0.63,us,10.85,1.78,0.08,48
-54.0562,-133.4096,10.0,4.5,12,150.0,29.78,0.75,us,11.9,1.865,0.171,10
49.9071,155.8421,68.284,4.4,113,131.0,3.409,0.53,us,9.31,7.071,0.054,99
39.5683,143.4346,10.0,4.2,26,142.0,2.187,1.03,us,3.85,1.918,0.141,14
49.1386,157.7232,10.0,4.1,19,139.0,3.934,0.55,us,8.89,1.938,0.158,12
-8.8417,124.1877,98.987,4.4,30,78.0,0.911,1.15,us,9.15,7.637,0.109,24
31.9675,131.9413,31.361,4.4,44,98.0,1.348,0.81,us,5.9,6.555,0.107,25
4.9341,126.4562,51.353,4.4,34,103.0,0.994,0.53,us,7.76,1.688,0.108,25
-13.423,167.4922,10.0,4.4,33,161.0,2.031,0.81,us,9.43,1.894,0.112,23
54.9365,142.3856,10.0,4.2,32,96.0,6.502,0.79,us,7.91,1.869,0.113,22
50.6611,156.4043,79.088,4.2,57,129.0,2.579,0.49,us,10.71,6.409,0.077,47
30.4355,50.1961,10.0,4.3,94,46.0,5.875,0.83,us,8.35,1.86,0.068,62
51.2104,159.0646,10.0,4.3,22,138.0,1.834,0.6,us,11.69,1.937,0.148,13
-24.0271,179.8944,517.08,4.1,31,121.0,6.483,0.63,us,15.38,11.608,0.104,25
-16.3977,167.3376,10.0,5.0,31,111.0,0.954,0.75,us,9.18,1.874,0.115,24
6.9235,-73.1814,151.558,4.1,54,156.0,2.356,0.6,us,12.72,15.614,0.077,46
33.0832,90.0677,10.0,4.5,45,131.0,3.489,1.14,us,10.37,1.89,0.065,70
-4.6311,104.7303,193.05,4.9,85,63.0,0.743,0.88,us,7.48,1.061,0.064,77
36.8827,71.2557,107.854,4.7,140,63.0,1.73,0.63,us,6.32,6.74,0.052,113
41.5572,81.4829,10.0,4.5,78,67.0,1.742,0.62,us,6.56,1.893,0.07,63
12.6134,-90.5534,10.0,4.3,48,207.0,1.486,0.92,us,9.06,1.992,0.087,37
52.1821,160.8102,10.0,4.2,12,155.0,1.564,1.25,us,6.9,1.878,0.215,6
-15.0042,-173.5269,10.0,4.1,10,178.0,2.965,0.45,us,13.94,1.896,0.185,8
-52.7853,19.7054,10.0,4.6,14,118.0,20.409,0.61,us,9.98,1.902,0.164,11
14.9359,-94.1828,10.0,4.3,114,147.0,2.383,0.89,us,7.28,1.917,0.043,152
14.0767,147.0095,10.0,4.4,26,155.0,1.647,0.59,us,8.22,1.932,0.134,16
54.5532,-160.1187,35.0,4.0,58,162.0,0.415,0.8,us,2.56,1.93,0.108,25
-22.893,-66.3295,226.514,4.7,54,72.0,1.706,0.96,us,8.35,7.063,0.033,276
52.9902,161.0303,10.0,4.5,50,172.0,1.439,0.64,us,10.07,1.881,0.057,89
10.5728,125.5362,10.0,4.6,41,109.0,5.802,0.57,us,6.54,1.873,0.088,38
52.1579,160.5211,10.0,4.2,24,162.0,1.433,1.15,us,10.48,1.964,0.113,22
51.7951,160.6424,10.0,4.6,64,166.0,2.23,1.08,us,9.17,1.928,0.058,88
22.2315,143.6738,131.816,4.5,65,74.0,5.028,0.62,us,11.16,7.35,0.072,57
-18.39,-177.7431,591.078,4.1,30,127.0,7.256,0.74,us,15.65,6.358,0.109,25
-37.8822,178.718,23.183,4.3,15,207.0,0.457,1.07,us,6.77,7.125,0.142,14
51.2149,157.4583,18.481,4.5,23,121.0,1.902,0.84,us,8.17,6.283,0.125,26
50.259,157.0046,35.0,4.5,60,109.0,2.886,0.69,us,11.11,1.91,0.07,59
-47.7615,116.0503,10.0,4.3,15,142.0,14.844,0.52,us,12.75,1.86,0.16,11
26.0392,97.0716,10.0,4.2,28,117.0,5.201,0.98,us,6.96,1.92,0.147,13
-5.9225,151.3917,35.0,4.2,18,165.0,1.725,0.76,us,12.15,1.922,0.128,17
12.1522,-86.4944,162.058,4.3,22,145.0,0.241,0.42,us,9.5,7.237,0.153,12
-5.7213,111.3007,511.07,4.1,39,48.0,0.777,0.9,us,12.28,8.381,0.117,23
52.4484,160.8817,10.0,4.4,21,207.0,1.474,0.51,us,7.91,2.002,0.139,15
5.2089,-73.6458,146.8,4.4,37,155.0,0.764,0.75,us,9.12,7.733,0.112,23
53.0036,160.4457,58.963,4.7,25,224.0,1.085,0.72,us,5.93,7.63,0.126,19
52.4811,160.8098,10.0,4.3,27,206.0,1.421,1.28,us,12.14,1.998,0.122,19
28.5267,87.3673,10.0,4.7,64,79.0,3.493,0.77,us,9.64,1.872,0.058,89
52.0569,-172.2968,56.272,3.5,30,191.0,1.18,1.32,us,10.36,11.635,0.097,26
51.24,157.3795,53.658,4.0,17,223.0,1.882,0.55,us,15.8,12.061,0.156,11
-19.4817,169.7526,34.312,5.1,56,89.0,3.787,0.94,us,7.82,4.413,0.054,111
52.8095,160.5549,35.0,5.2,112,42.0,1.173,0.78,us,9.14,1.831,0.023,599
28.2707,64.1769,40.876,4.5,115,79.0,7.866,0.61,us,9.66,6.913,0.053,103
-5.615,154.3311,181.195,4.0,23,92.0,2.581,0.57,us,14.43,9.25,0.122,18
-3.8546,128.4291,99.876,4.3,20,107.0,3.925,0.61,us,11.91,9.364,0.129,17
52.0733,-169.3973,10.0,4.4,62,141.0,0.742,0.84,us,3.99,1.863,0.08,45
8.0071,126.5838,89.75,4.2,22,128.0,1.364,1.0,us,13.46,6.479,0.112,22
-19.4993,-177.0775,338.454,4.3,31,136.0,4.523,0.73,us,15.59,9.475,0.101,33
29.4748,141.4531,78.012,4.5,50,116.0,2.456,0.4,us,10.31,8.074,0.087,39
-47.5014,-13.447,10.0,5.3,44,74.0,24.751,0.57,us,12.2,1.846,0.072,65
45.6845,42.2956,10.0,4.3,41,55.0,2.675,0.78,us,7.57,1.914,0.085,39
50.1769,155.9291,91.642,4.4,62,135.0,3.136,0.7,us,11.99,7.771,0.066,66
52.7107,159.5146,63.772,4.6,36,117.0,0.611,1.36,us,10.13,7.03,0.103,28
51.1478,159.3957,10.0,4.5,18,104.0,2.225,0.72,us,12.66,1.903,0.144,14
-21.1117,-69.0007,110.591,4.1,22,56.0,0.459,0.62,us,4.03,5.327,0.157,11
51.3017,159.834,10.0,4.5,61,128.0,1.872,0.72,us,9.02,1.889,0.075,53
14.0921,145.3085,129.456,4.7,23,85.0,0.658,1.11,us,11.31,6.894,0.124,20
12.7999,123.5914,10.0,4.5,45,91.0,8.229,0.61,us,4.92,1.894,0.103,28
-7.6539,147.3831,105.648,4.1,40,125.0,1.754,0.7,us,7.06,7.978,0.103,27
50.4405,156.5578,55.409,4.2,33,138.0,2.764,0.98,us,14.22,9.217,0.106,25
1.3077,98.8548,105.636,4.1,17,134.0,1.279,0.7,us,6.96,3.365,0.213,8
-55.5579,-123.8334,10.0,4.3,9,180.0,34.622,0.65,us,10.49,1.93,0.188,8
-15.0592,168.0246,10.0,4.7,25,216.0,0.882,1.04,us,8.21,1.92,0.133,19
51.8911,160.372,10.0,4.5,18,160.0,1.548,0.78,us,11.43,1.955,0.15,16
-57.3559,-67.9582,10.0,4.4,23,167.0,3.415,1.37,us,8.25,1.912,0.134,16
-24.2712,179.736,574.872,4.1,19,99.0,5.375,0.54,us,15.13,11.072,0.145,13
20.2491,145.2841,10.0,4.6,27,122.0,5.004,0.67,us,10.11,1.874,0.09,37
-5.0493,131.0181,42.308,4.3,32,70.0,1.227,0.86,us,6.02,6.738,0.129,17
51.814,159.5999,10.0,4.5,27,126.0,1.344,1.13,us,9.38,1.72,0.14,20
27.6063,143.1595,10.0,4.8,56,121.0,1.005,0.82,us,7.46,1.865,0.057,96
2.1406,-95.5696,10.0,4.1,13,207.0,5.272,1.12,us,13.43,1.991,0.198,7
2.4911,-76.2254,35.053,4.4,51,72.0,2.355,0.68,us,7.8,6.209,0.089,37
27.5427,139.8854,486.645,4.3,125,47.0,2.093,0.58,us,10.87,7.79,0.052,107
-46.2484,-75.5636,10.0,4.5,29,141.0,1.809,0.89,us,6.87,1.913,0.118,21
36.1168,139.8707,66.087,4.0,23,155.0,1.407,0.74,us,5.75,9.141,0.144,13
6.9645,126.8824,65.492,4.7,77,107.0,1.297,0.86,us,7.96,7.155,0.051,117
-22.4855,-175.0684,10.0,4.8,51,116.0,7.207,0.74,us,11.54,1.842,0.081,47
10.5825,125.6466,10.0,4.4,21,108.0,5.814,0.38,us,8.59,1.906,0.143,14
-22.0257,-179.6045,606.847,4.4,27,200.0,4.795,0.65,us,12.91,15.674,0.107,25
37.665,19.9335,25.569,4.1,22,142.0,1.658,0.93,us,6.89,5.208,0.158,11
2.0809,97.0491,10.0,4.2,14,186.0,0.934,0.7,us,7.85,1.978,0.175,9
52.9883,160.5348,10.0,4.8,59,118.0,1.14,0.67,us,9.47,1.87,0.08,48
-16.0342,-75.5304,10.0,4.6,24,193.0,4.219,0.91,us,12.11,1.974,0.125,19
51.929,160.4993,10.0,4.4,18,135.0,1.575,1.04,us,12.0,1.937,0.189,9
12.6159,40.3662,10.0,4.3,21,198.0,2.655,0.61,us,11.17,1.962,0.142,14
32.2551,142.023,10.0,4.4,39,130.0,2.051,0.52,us,8.97,1.895,0.117,21
49.4694,158.9068,10.0,4.4,39,133.0,3.562,0.91,us,6.76,1.881,0.103,27
-16.6205,-179.595,544.439,4.1,31,132.0,1.002,1.18,us,15.64,9.774,0.081,41
50.2685,158.5438,10.0,4.7,39,133.0,2.76,0.81,us,6.78,1.708,0.072,67
-55.3509,-27.9525,10.0,4.8,44,70.0,5.051,0.73,us,10.81,1.803,0.094,35
49.1003,155.3503,93.959,4.1,17,144.0,4.277,0.98,us,13.57,10.274,0.166,10
49.1628,157.4647,10.0,4.4,64,129.0,3.937,0.53,us,8.35,1.891,0.075,53
14.6384,145.9817,127.319,4.5,22,152.0,0.62,1.0,us,12.85,7.009,0.135,16
-17.1006,168.4113,215.635,4.2,19,83.0,2.012,0.82,us,11.25,11.331,0.146,13
-16.403,66.7785,10.0,4.4,12,92.0,11.752,0.7,us,15.07,1.874,0.203,7
49.1978,156.007,35.0,4.2,30,137.0,4.058,0.4,us,7.71,1.848,0.125,18
-59.5656,-26.0415,35.0,4.9,41,104.0,15.303,0.84,us,13.38,1.944,0.095,41
52.0262,160.4057,10.0,4.3,19,179.0,1.466,0.98,us,9.95,1.949,0.153,12
0.6602,67.2383,10.0,4.6,45,83.0,5.758,0.82,us,8.0,1.87,0.087,40
-22.3336,-179.5994,575.055,4.4,43,107.0,5.07,0.57,us,13.51,9.238,0.095,32
-10.7121,166.0714,167.65,4.4,33,139.0,4.834,0.77,us,13.47,8.461,0.105,26
52.4876,160.7322,27.944,4.4,19,121.0,1.375,1.11,us,11.14,6.377,0.161,11
51.4749,160.078,10.0,4.5,35,166.0,1.782,0.68,us,8.72,1.93,0.108,25
37.8111,72.1989,187.016,4.2,33,168.0,0.549,1.39,us,4.99,6.05,0.176,11
39.3443,143.3951,10.0,4.4,34,138.0,2.298,0.86,us,6.75,1.571,0.115,22
79.6091,4.0277,10.0,4.7,98,60.0,1.638,0.49,us,8.38,1.26,0.059,89
-20.0073,-177.8381,576.483,4.1,37,194.0,4.4,0.75,us,15.98,12.148,0.085,38
-32.9983,-178.7082,35.0,4.6,17,168.0,3.801,1.04,us,8.69,1.964,0.152,13
50.8089,-172.9607,10.0,3.7,33,202.0,1.594,0.62,us,6.34,1.647,0.134,14
52.8242,159.4674,60.524,4.1,45,59.0,0.534,0.91,us,9.19,6.128,0.087,36
-15.1257,-173.7287,126.869,4.2,12,137.0,6.777,0.62,us,11.35,8.028,0.216,7
4.1814,62.7163,10.0,4.9,82,45.0,10.731,0.89,us,6.9,1.875,0.068,68
7.2233,127.4282,10.0,4.5,27,126.0,1.841,0.96,us,6.09,1.907,0.121,20
36.4192,141.5995,35.0,4.7,112,121.0,2.735,0.63,us,7.59,1.867,0.059,90
-9.9186,121.7796,35.0,4.7,33,78.0,1.352,0.99,us,5.33,1.901,0.099,31
-7.0417,150.3444,10.0,4.3,22,147.0,3.361,0.4,us,12.91,1.922,0.137,15
29.7534,129.6362,10.0,4.6,35,113.0,1.886,0.62,us,6.77,1.883,0.119,21
51.9108,159.2399,35.0,5.2,45,124.0,1.171,1.25,us,7.4,1.909,0.091,40
-11.3764,113.0062,10.0,4.6,38,49.0,3.101,1.0,us,7.88,1.776,0.114,26
53.1568,161.0584,10.0,4.2,20,117.0,1.459,1.16,us,8.92,1.746,0.118,20
50.2438,156.695,67.392,4.0,26,225.0,2.936,0.61,us,13.22,10.393,0.123,18
2.5723,95.9909,35.0,4.4,22,201.0,2.806,0.31,us,11.38,1.983,0.148,13
-24.3492,179.7803,526.061,4.4,35,121.0,6.766,0.78,us,15.18,10.172,0.092,34
50.7456,157.8728,62.716,4.2,22,176.0,2.369,0.38,us,12.17,8.682,0.158,13
2.2862,126.7398,51.257,4.4,42,123.0,1.63,0.62,us,5.63,7.284,0.095,32
-5.3622,153.4537,35.0,4.4,24,94.0,1.767,0.42,us,5.68,1.918,0.12,20
-23.5565,69.5042,10.0,4.9,72,53.0,24.144,0.44,us,8.63,1.818,0.078,52
-31.5476,-178.4085,10.0,5.0,24,245.0,6.583,0.72,us,10.11,1.981,0.129,19
11.0538,124.0366,10.0,4.5,42,62.0,4.242,0.74,us,11.59,1.901,0.1,33
2.1264,96.5556,23.377,4.3,26,151.0,2.432,0.88,us,9.47,4.783,0.117,21
-11.3047,165.0563,10.0,4.5,51,106.0,4.617,0.68,us,6.2,1.837,0.086,40
-20.5788,-69.0762,86.177,4.2,18,90.0,0.442,0.72,us,4.74,5.24,0.215,6
52.1837,160.4573,25.466,4.9,166,96.0,1.386,0.52,us,9.1,5.656,0.04,191
18.5245,93.682,10.0,4.8,77,63.0,2.876,0.84,us,6.84,1.85,0.064,76
-17.5528,-174.3787,86.762,4.7,51,61.0,4.402,1.22,us,10.46,6.885,0.061,83
-19.2153,-69.0791,121.532,4.4,64,92.0,0.464,0.92,us,6.32,4.237,0.07,60
21.6372,143.6131,169.918,4.0,27,158.0,5.588,0.85,us,13.82,10.03,0.125,18
-14.4674,65.7235,10.0,4.4,29,46.0,5.72,1.05,us,10.79,1.881,0.112,23
-32.6051,-178.3589,10.0,4.6,17,212.0,5.65,0.55,us,14.56,1.97,0.164,11
51.0769,178.8163,17.521,4.2,69,214.0,0.429,0.59,us,5.04,4.942,0.072,54
51.6749,-176.7088,54.591,4.5,132,126.0,0.266,1.07,us,5.11,4.981,0.033,275
53.3734,159.8422,64.818,4.3,27,137.0,0.798,0.92,us,11.43,7.052,0.1,28
-22.9061,-66.7678,213.249,4.2,20,113.0,1.302,1.06,us,10.3,8.258,0.159,11
-3.6464,144.1254,10.0,4.4,22,116.0,3.597,0.81,us,5.74,1.913,0.127,18
51.3084,159.5687,10.0,4.3,27,138.0,1.808,1.02,us,9.91,1.93,0.122,19
50.9809,158.1246,35.0,4.3,37,122.0,2.071,0.81,us,10.77,1.942,0.096,31
-27.5123,-178.2613,10.0,4.3,14,260.0,1.751,0.71,us,13.59,2.009,0.148,14
10.9381,124.1069,10.0,4.3,29,117.0,14.503,0.67,us,13.35,1.904,0.116,21
50.7234,158.5847,27.416,4.2,33,223.0,2.304,0.68,us,12.41,7.593,0.107,24
12.9437,145.7441,10.0,4.5,28,63.0,1.067,0.97,us,7.52,1.905,0.132,17
51.7423,160.6156,10.0,4.1,17,126.0,1.76,0.75,us,8.34,1.918,0.135,15
-24.3118,-67.0526,170.546,4.3,81,43.0,1.703,0.74,us,6.68,6.491,0.073,53
51.5009,159.6624,32.366,4.2,39,151.0,1.647,1.0,us,10.36,5.906,0.1,29
52.2616,160.5939,27.805,4.5,67,110.0,1.409,0.58,us,10.49,5.546,0.056,93
54.3704,-159.9762,33.456,3.8,64,192.0,0.514,0.62,us,6.64,10.75,0.18,8
50.3316,158.6584,10.0,4.7,87,138.0,2.696,0.74,us,10.14,1.898,0.069,65
39.1461,28.1491,10.0,4.5,35,57.0,0.97,0.61,us,4.11,1.915,0.192,8
51.0504,158.6292,35.0,4.1,21,137.0,1.976,1.11,us,8.93,1.654,0.157,11
41.192,78.5358,10.0,4.8,69,94.0,1.311,0.81,us,6.08,1.864,0.054,104
51.457,159.4917,28.205,4.7,42,127.0,1.652,0.82,us,8.9,6.023,0.091,37
-5.0229,151.5509,142.497,4.6,48,78.0,1.027,0.65,us,6.51,6.72,0.079,47
51.8442,160.1578,10.0,4.6,54,125.0,1.499,1.08,us,8.29,1.887,0.064,74
52.0814,160.3966,10.0,4.9,92,114.0,1.424,0.7,us,8.28,1.814,0.04,200
-19.8222,-177.3193,533.934,3.8,18,126.0,4.579,0.55,us,19.16,14.325,0.136,14
-20.9163,-65.1486,314.573,4.1,32,84.0,3.832,0.56,us,11.06,13.118,0.151,12
49.1481,157.5807,10.0,4.5,28,138.0,3.938,0.76,us,11.46,1.93,0.131,17
50.5974,158.2288,29.411,4.4,27,124.0,2.444,0.93,us,9.05,4.751,0.112,23
50.0134,156.7199,35.0,4.7,88,125.0,3.159,0.95,us,8.75,1.907,0.042,170
-34.2051,179.3238,220.519,4.5,30,93.0,3.45,1.01,us,11.33,8.571,0.102,28
30.3092,50.2483,10.0,4.0,30,103.0,5.998,0.76,us,7.8,1.844,0.164,13
51.6469,159.8703,10.0,4.4,73,126.0,1.569,0.7,us,7.83,1.884,0.071,63
-23.4951,171.78,10.0,4.7,19,116.0,4.087,0.71,us,9.53,1.852,0.134,17
2.7831,95.8988,10.0,4.4,9,133.0,3.023,0.51,us,16.19,1.964,0.269,4
-49.3989,30.5333,10.0,4.3,14,128.0,14.599,0.21,us,11.71,1.854,0.161,11
27.3994,52.6368,10.0,4.5,40,131.0,15.942,0.7,us,13.51,1.92,0.097,31
51.3487,159.6993,21.383,4.6,38,168.0,1.797,0.5,us,9.94,6.838,0.094,34
-17.778,167.9642,35.0,4.2,19,179.0,2.43,0.66,us,10.66,1.969,0.147,13
37.2072,141.1066,51.068,4.4,29,134.0,2.416,0.62,us,4.33,8.448,0.13,17
-13.1696,167.1462,207.973,4.6,61,134.0,7.833,0.77,us,9.73,4.758,0.067,66
-9.9894,154.1088,10.0,4.2,11,173.0,10.677,0.34,us,13.72,1.96,0.216,8
13.9163,144.6209,182.232,3.8,13,108.0,0.404,0.33,us,11.27,7.998,0.207,6
52.7157,160.2948,35.0,5.1,17,133.0,1.044,0.93,us,13.42,1.95,0.164,12
-23.8618,-179.9581,529.184,4.3,28,177.0,6.364,0.58,us,20.1,17.647,0.111,23
10.9916,138.592,10.0,4.5,17,146.0,5.446,0.46,us,6.79,1.923,0.15,13
51.8592,158.1767,75.026,4.1,25,159.0,1.201,0.83,us,11.56,9.228,0.131,16
-56.0224,-143.4819,10.0,5.1,30,111.0,28.557,0.52,us,11.92,1.595,0.105,29
53.0926,159.7756,75.658,4.8,178,137.0,0.683,0.55,us,9.77,5.807,0.036,244
-0.1615,-18.186,10.0,4.3,14,88.0,8.61,0.75,us,12.31,1.939,0.161,11
52.501,160.244,33.703,4.4,57,175.0,1.101,0.5,us,11.3,7.772,0.046,136
53.4127,159.9214,60.906,4.2,28,163.0,0.858,1.14,us,12.88,10.963,0.115,21
-22.8127,173.0743,10.0,4.4,13,137.0,5.2,1.12,us,7.51,1.907,0.162,11
51.5455,158.3152,62.264,4.7,14,137.0,1.494,0.88,us,12.02,6.486,0.147,14
52.2211,158.8922,72.65,4.2,20,165.0,0.817,0.81,us,9.16,7.97,0.176,9
52.1276,160.2459,29.823,4.4,27,124.0,1.324,1.15,us,10.35,6.115,0.112,23
51.3472,157.5132,83.04,4.4,111,133.0,1.768,0.58,us,10.38,7.377,0.043,155
-33.8803,-70.4707,107.73,4.5,48,68.0,0.206,0.49,us,4.33,4.703,0.08,46
16.4525,-59.6036,10.0,4.7,53,151.0,1.401,0.75,us,6.48,1.917,0.056,95
41.4194,19.5601,10.0,4.2,51,56.0,0.239,0.9,us,2.47,1.888,0.094,32
-52.149,14.7784,10.0,4.3,13,119.0,20.24,0.85,us,15.08,1.957,0.168,12
-24.388,-176.0835,10.0,4.5,21,131.0,5.11,0.98,us,13.02,1.864,0.116,22
17.2807,146.0672,123.471,4.4,104,76.0,2.046,0.71,us,11.05,7.86,0.055,96
-2.9393,137.2052,60.199,4.1,28,70.0,1.043,0.53,us,5.78,7.974,0.13,16
49.5798,156.166,60.602,4.3,29,178.0,3.662,0.69,us,13.02,3.992,0.123,19
51.5882,160.6574,10.0,4.3,26,229.0,1.893,0.69,us,13.56,1.983,0.122,19
-23.0918,172.3639,10.0,4.4,17,133.0,4.561,1.14,us,12.29,1.898,0.139,15
9.2521,93.9445,10.0,4.0,15,118.0,5.627,0.53,us,10.59,1.93,0.233,7
51.9413,-173.6963,40.976,3.8,50,113.0,0.404,1.02,us,6.29,6.605,0.111,21
49.1729,157.7286,10.0,4.3,36,137.0,3.899,0.61,us,10.39,1.909,0.111,28
-8.9619,-108.8322,10.0,4.9,60,132.0,19.691,0.9,us,8.72,1.897,0.06,87
49.6991,157.8171,10.0,4.7,36,136.0,3.37,0.54,us,12.38,1.921,0.081,47
52.7758,160.6391,29.606,4.8,43,192.0,1.23,1.07,us,13.64,9.386,0.088,40
52.1012,161.1627,10.0,4.4,26,134.0,1.79,0.39,us,13.08,1.923,0.117,21
-1.2033,127.155,10.0,4.8,40,88.0,3.503,0.67,us,7.89,1.873,0.097,33
7.4455,127.2613,10.0,4.3,31,108.0,1.71,1.09,us,8.47,1.908,0.109,24
-57.7406,-25.4492,45.653,4.4,10,109.0,16.803,0.21,us,15.11,5.638,0.169,10
50.7266,158.0204,25.865,4.6,70,130.0,2.333,1.04,us,7.01,3.665,0.053,108
-6.4242,128.1732,381.771,4.0,24,68.0,5.09,0.47,us,6.23,10.62,0.173,9
-10.9716,165.9331,71.837,4.6,28,144.0,6.085,0.45,us,13.27,8.761,0.116,22
50.089,155.7823,93.707,4.4,74,135.0,3.251,0.64,us,11.23,7.249,0.069,61
22.8791,94.4717,99.301,4.8,94,64.0,4.817,0.71,us,9.03,6.922,0.056,100
-17.7301,167.9933,35.0,4.8,49,73.0,2.393,0.91,us,3.55,1.889,0.084,44
6.3761,126.5946,10.0,4.1,13,178.0,1.221,0.87,us,8.43,1.959,0.184,9
9.4621,94.0031,10.0,4.3,28,181.0,5.12,0.33,us,7.78,1.925,0.119,20
13.7827,144.7929,159.547,4.3,21,97.0,0.206,0.7,us,7.89,2.767,0.142,14
-10.6964,120.0078,18.58,4.2,18,114.0,1.06,0.97,us,5.33,4.948,0.199,8
51.2138,178.3018,42.317,4.5,66,137.0,0.649,0.69,us,6.38,7.416,0.05,118
-26.7347,-176.0959,10.0,5.0,53,86.0,9.507,0.84,us,11.38,1.815,0.079,51
10.7262,125.3714,10.0,4.6,43,108.0,3.639,0.72,us,10.42,1.84,0.096,32
-17.7719,167.7389,10.0,4.7,26,146.0,2.368,0.42,us,6.81,1.847,0.117,22
41.7225,143.4689,40.341,4.5,76,133.0,0.374,0.75,us,6.42,6.036,0.053,103
25.545,122.1869,281.609,4.3,50,67.0,0.845,0.96,us,9.93,6.668,0.09,36
51.3367,-177.0144,35.397,4.0,142,185.0,0.447,0.76,us,4.12,7.538,0.043,149
49.8811,155.8327,93.441,4.0,40,137.0,3.436,0.63,us,11.22,7.933,0.102,26
51.914,160.6626,10.0,4.1,26,135.0,1.658,1.08,us,9.51,1.691,0.131,16
-29.2135,-13.6651,10.0,4.9,56,70.0,7.914,0.76,us,10.55,1.872,0.076,54
49.8668,155.6986,76.128,4.4,53,137.0,3.478,0.44,us,12.19,7.553,0.067,68
43.7595,147.7755,55.342,4.1,19,183.0,3.76,0.57,us,15.65,7.606,0.139,14
51.2353,159.9008,10.0,4.5,35,138.0,1.95,0.98,us,10.49,1.909,0.108,25
40.4899,143.6278,28.747,4.2,21,138.0,1.564,0.33,us,8.04,6.896,0.175,9
27.5551,128.5811,41.781,4.4,46,84.0,0.767,0.74,us,4.61,9.106,0.112,27
52.1854,160.6773,10.0,4.4,37,153.0,2.036,0.95,us,9.17,1.903,0.095,32
40.9474,35.1315,10.0,4.5,70,34.0,1.076,0.83,us,4.9,1.867,0.088,38
14.9915,108.0607,10.0,4.3,19,118.0,4.362,0.49,us,6.03,1.921,0.218,7
-16.814,-177.4186,414.293,4.5,78,122.0,3.096,0.72,us,10.51,6.556,0.05,116
41.0497,49.066,65.45,4.0,24,73.0,1.716,0.74,us,8.27,10.063,0.102,26
51.7781,159.7399,35.0,4.7,36,125.0,1.415,0.64,us,7.1,1.804,0.111,25
51.8194,159.5352,35.0,4.8,27,122.0,1.322,0.97,us,5.34,1.926,0.127,19
-58.3364,-23.3069,10.0,5.0,71,51.0,8.374,0.67,us,10.3,1.795,0.078,52
49.2429,156.3237,36.446,4.9,66,134.0,3.966,0.94,us,9.88,7.13,0.043,172
51.3869,-177.3979,40.118,3.7,78,150.0,0.389,0.67,us,4.21,3.417,0.073,47
50.737,157.9449,48.699,4.0,54,135.0,2.331,0.38,us,12.12,7.753,0.083,39
52.7596,160.965,10.0,5.5,119,92.0,1.427,0.69,us,9.02,1.783,0.039,225
41.1559,142.7514,53.76,4.3,37,150.0,0.911,0.9,us,3.15,8.324,0.116,21
-20.7394,-177.7569,477.638,4.4,48,124.0,4.954,0.87,us,14.41,8.027,0.09,36
-20.2519,-178.5925,628.026,4.6,55,96.0,4.036,0.64,us,13.51,9.233,0.075,54
39.4433,26.0125,10.0,4.4,23,69.0,0.786,0.67,us,5.71,1.933,0.178,9
-6.7457,129.7117,145.274,4.1,13,81.0,4.565,1.22,us,11.76,9.514,0.233,5
-23.9298,-179.5432,420.002,4.4,38,107.0,5.487,0.52,us,14.9,5.832,0.087,38
13.7848,120.7204,148.78,4.9,78,65.0,8.206,0.94,us,9.19,6.046,0.038,217
25.5376,95.3851,121.537,4.3,35,112.0,4.333,0.68,us,7.59,7.434,0.108,26
-3.97,126.3719,10.0,5.0,44,45.0,3.565,0.93,us,6.93,1.881,0.098,33
-60.2506,-61.856,10.0,5.1,64,92.0,4.653,0.97,us,8.59,1.787,0.064,79
48.3967,153.3603,143.577,4.0,52,142.0,5.461,0.48,us,13.11,9.236,0.083,39
5.7142,125.8067,95.208,4.4,33,113.0,1.028,0.87,us,10.07,6.304,0.098,30
-8.2166,118.1282,174.854,4.8,30,67.0,0.7,1.18,us,8.22,7.075,0.127,19
48.9312,155.8898,35.0,4.4,36,144.0,4.335,0.52,us,13.32,1.958,0.108,25
36.45,71.1195,145.531,4.1,29,169.0,2.154,1.12,us,9.58,15.174,0.185,8
51.0073,159.7714,10.0,4.2,26,129.0,2.135,0.73,us,8.95,1.917,0.125,18
10.1544,126.4282,42.521,4.9,109,96.0,3.178,0.56,us,10.42,5.264,0.057,96
8.1476,58.7081,10.0,4.5,63,68.0,16.874,0.83,us,11.3,1.898,0.074,54
36.3098,71.4477,117.474,4.4,52,75.0,2.164,0.57,us,7.3,7.613,0.082,43
-11.7076,-90.5634,10.0,4.5,19,156.0,10.965,0.6,us,9.1,1.922,0.097,31
-17.0714,-174.113,132.07,4.4,34,99.0,3.865,1.13,us,9.66,6.558,0.105,26
53.1058,160.5281,43.154,4.3,24,150.0,1.136,1.0,us,10.82,8.531,0.111,23
28.2336,-43.682,10.0,4.3,28,178.0,31.529,0.54,us,18.24,1.972,0.109,24
9.745,93.931,10.0,4.1,16,92.0,5.714,0.76,us,11.27,1.93,0.186,8
0.1473,126.7177,68.024,4.1,27,56.0,0.898,0.57,us,6.45,8.464,0.146,13
8.9268,93.8553,10.0,4.7,47,77.0,4.786,0.62,us,10.05,1.876,0.085,42
-2.3449,138.9645,40.796,4.5,44,68.0,0.928,0.96,us,5.79,7.025,0.101,29
49.1483,156.5494,35.0,4.2,14,194.0,4.031,0.59,us,13.37,1.96,0.236,6
-31.7485,-66.5592,146.008,4.4,25,163.0,1.388,0.96,us,8.35,14.932,0.24,5
51.6721,160.7083,10.0,4.2,43,160.0,1.851,0.66,us,9.26,1.94,0.086,37
-33.2074,-178.8684,35.0,4.2,19,166.0,4.031,1.2,us,11.18,1.976,0.147,13
-20.4818,134.3234,10.0,4.4,22,82.0,0.537,1.26,us,6.48,1.649,0.155,12
-5.2351,151.4657,142.336,4.2,28,146.0,1.249,0.94,us,11.52,7.917,0.11,23
13.2804,-90.9409,35.0,4.3,56,175.0,1.287,0.73,us,5.28,1.899,0.058,84
28.126,129.6949,35.0,4.4,31,114.0,1.802,0.7,us,6.37,1.927,0.12,20
1.427,127.3958,82.03,4.3,30,131.0,3.801,0.72,us,14.91,6.423,0.102,27
52.1227,160.9727,10.0,4.4,40,167.0,1.68,0.91,us,11.85,1.947,0.102,28
52.7891,159.0738,104.367,5.1,41,150.0,0.891,0.91,us,11.44,6.374,0.101,32
18.9015,-106.5316,10.0,4.3,32,179.0,2.173,0.71,us,9.46,1.878,0.072,55
50.2202,157.2466,35.0,4.2,32,190.0,2.906,0.92,us,11.06,1.972,0.113,22
52.9949,160.5429,35.0,4.1,72,164.0,1.144,0.55,us,12.58,1.96,0.074,50
-8.6145,129.1101,10.0,4.6,25,90.0,4.141,0.65,us,7.01,1.889,0.128,18
-3.7521,146.4766,10.0,4.4,19,165.0,19.807,0.91,us,17.81,1.963,0.143,15
52.2797,160.7404,38.454,4.8,85,123.0,1.475,1.23,us,8.79,5.559,0.036,238
-4.8112,103.0418,65.038,5.0,93,50.0,0.456,0.99,us,8.37,4.568,0.055,106
-17.3161,-178.9275,561.876,4.3,27,192.0,1.831,0.81,us,21.06,11.268,0.125,18
-33.2603,77.945,10.0,4.4,12,111.0,47.188,0.37,us,11.17,1.842,0.17,10
-23.4007,170.8321,10.0,4.3,19,246.0,3.216,0.59,us,11.22,1.949,0.16,11
52.6478,160.2382,35.0,5.4,37,118.0,1.034,0.89,us,9.18,1.903,0.117,25
-60.2284,-61.8747,10.0,4.5,19,124.0,4.673,0.78,us,8.33,1.947,0.145,14
62.8631,178.671,10.0,4.4,126,146.0,4.436,0.66,us,8.89,1.904,0.046,136
9.0645,-81.4596,10.0,4.5,48,113.0,1.605,0.85,us,5.88,1.91,0.11,24
-7.1995,125.6981,504.307,4.6,36,49.0,2.907,0.68,us,12.46,8.676,0.107,26
51.3119,160.5287,10.0,4.2,25,138.0,2.068,1.03,us,6.66,1.796,0.118,20
-60.3909,-27.1703,10.0,4.5,19,68.0,7.924,1.05,us,9.0,1.852,0.139,15
-2.472,139.582,46.472,4.1,19,73.0,1.121,0.88,us,6.9,8.584,0.166,10
16.8875,-94.4426,112.745,4.1,57,112.0,0.514,0.84,us,4.92,7.248,0.059,78
54.5247,-160.1524,38.47,4.1,83,159.0,0.448,0.55,us,5.99,8.781,0.111,26
-24.2383,-67.376,178.794,4.2,23,92.0,1.477,0.65,us,9.19,8.317,0.187,8
-5.3512,153.1661,35.425,4.4,31,121.0,1.539,0.95,us,10.98,7.135,0.117,21
-22.1362,-67.3278,172.672,4.2,58,54.0,1.13,1.18,us,7.31,6.779,0.078,51
14.4103,147.169,10.0,4.4,17,160.0,1.564,0.78,us,3.73,1.94,0.17,11
-4.5589,102.77,65.855,4.8,57,145.0,0.27,0.63,us,8.49,4.77,0.076,54
43.5603,147.7479,35.0,4.9,32,155.0,3.715,1.04,us,8.3,1.811,0.122,21
-24.3512,179.9396,521.596,4.5,55,96.0,5.251,0.88,us,8.03,7.841,0.084,41
-16.0027,-74.7107,39.903,4.3,24,143.0,4.495,0.87,us,10.54,7.664,0.111,23
56.6476,-33.8229,10.0,4.3,14,125.0,8.707,0.43,us,11.55,1.945,0.189,8
-2.3082,138.9779,45.4,4.4,46,76.0,0.94,0.66,us,6.15,7.01,0.092,34
52.9092,160.8801,35.0,4.5,47,204.0,1.354,0.61,us,11.19,1.994,0.061,77
-21.0645,-177.9776,445.052,4.8,76,125.0,4.994,0.74,us,13.13,7.0,0.052,116
-6.5058,128.9902,214.82,4.4,33,103.0,4.821,0.71,us,10.21,8.365,0.11,24
52.605,160.8248,10.0,4.3,17,202.0,1.385,0.93,us,11.33,1.987,0.128,17
-6.9532,129.4996,160.292,4.3,19,109.0,4.854,1.24,us,10.6,11.262,0.154,12
34.088,141.1207,37.664,4.1,20,142.0,1.46,0.48,us,7.88,9.124,0.234,7
16.5347,-59.5172,10.0,4.5,43,217.0,1.493,0.79,us,7.99,1.958,0.109,25
54.1252,-159.5944,10.0,3.3,88,195.0,0.707,0.56,us,5.69,1.968,0.217,5
-21.3434,-175.2534,10.0,4.5,35,113.0,5.486,0.7,us,15.13,1.892,0.072,57
50.3159,158.8756,10.0,4.9,195,117.0,2.715,0.61,us,8.62,1.866,0.034,278
3.0734,-31.2893,10.0,4.8,62,66.0,9.969,0.56,us,9.39,1.829,0.075,55
48.6205,157.4589,10.0,4.5,47,194.0,4.473,0.92,us,13.3,1.952,0.093,34
52.3073,-169.6386,35.0,4.4,33,177.0,1.523,1.14,us,8.44,1.942,0.108,25
-3.3034,130.3017,10.0,4.8,65,49.0,1.981,0.96,us,7.39,1.862,0.068,68
-22.0099,-68.7948,108.243,4.2,23,66.0,0.466,0.55,us,5.29,5.739,0.167,10
-15.7357,167.1841,31.682,4.5,20,146.0,0.288,0.88,us,8.99,6.504,0.15,13
52.915,160.6201,35.0,4.3,15,170.0,1.196,0.81,us,9.34,1.987,0.201,7
51.3044,159.6645,10.0,4.6,46,86.0,1.832,0.96,us,8.23,1.873,0.084,43
49.0097,156.1011,30.299,4.5,44,136.0,4.329,0.93,us,9.88,5.332,0.098,41
-55.4729,-28.2657,51.736,4.8,67,72.0,4.895,0.44,us,10.17,3.875,0.073,57
-55.5579,-26.6984,10.0,5.2,57,67.0,5.788,0.84,us,5.36,1.865,0.074,60
27.1532,-175.1954,10.0,4.5,48,119.0,2.199,0.66,us,12.47,1.93,0.058,89
-15.8409,168.1644,187.857,4.4,22,232.0,1.005,0.86,us,12.8,7.768,0.127,18
13.5109,120.8686,186.285,4.6,42,89.0,12.32,0.44,us,13.1,8.29,0.093,34
3.1981,127.0838,35.0,4.4,20,105.0,2.211,0.59,us,8.43,1.801,0.154,13
85.0316,95.9336,10.0,4.4,41,70.0,14.53,0.83,us,11.98,1.929,0.082,43
-17.7152,-178.2546,594.174,4.3,37,79.0,2.583,0.48,us,10.88,8.569,0.101,28
9.1134,93.8217,10.0,4.1,27,126.0,4.951,0.78,us,9.96,1.902,0.166,12
3.8376,-76.5812,136.419,4.3,20,95.0,2.466,0.74,us,8.46,3.87,0.202,7
51.7436,160.0437,24.864,4.5,82,125.0,1.54,0.82,us,9.1,5.684,0.06,82
-11.754,166.0637,35.0,4.1,12,204.0,6.438,0.72,us,12.6,1.957,0.174,9
-19.0961,169.2714,248.046,4.2,31,110.0,3.893,0.48,us,12.37,9.976,0.105,25
79.7576,-17.7992,10.0,4.0,12,82.0,1.868,0.99,us,5.77,1.988,0.173,9
-3.5845,-79.8973,59.178,4.4,26,118.0,1.282,0.93,us,9.23,11.838,0.179,9
37.7173,19.8743,10.0,4.1,54,140.0,1.718,1.06,us,5.91,1.496,0.102,27
-17.5279,167.8987,35.0,4.3,18,198.0,2.174,0.65,us,8.3,1.963,0.154,12
-20.3859,-177.8699,553.516,4.3,33,98.0,4.666,0.77,us,10.77,8.562,0.122,19
-18.0508,-178.2073,623.734,4.2,29,122.0,2.794,0.67,us,14.75,13.397,0.1,29
54.4877,-160.3001,36.392,3.7,34,158.0,0.537,0.74,us,5.4,7.634,0.191,7
51.4198,158.6045,35.0,4.3,64,127.0,1.606,0.67,us,9.4,1.933,0.074,52
29.296,129.2675,10.0,4.4,35,78.0,2.432,0.73,us,6.01,1.602,0.114,22
-8.5603,110.5044,85.376,4.3,17,110.0,1.503,0.65,us,8.13,7.705,0.187,8
11.4966,-87.1129,35.0,4.6,114,175.0,1.066,0.74,us,5.28,1.949,0.045,145
50.9353,158.3634,39.451,4.7,31,137.0,2.099,0.73,us,12.17,7.384,0.104,28
-18.0405,-178.2504,518.316,4.2,79,137.0,2.754,0.5,us,14.27,7.27,0.073,55
1.7337,-102.3149,10.0,4.3,22,165.0,16.155,0.61,us,8.06,1.959,0.123,19
-47.1298,97.264,10.0,4.4,10,157.0,36.385,0.74,us,10.51,1.947,0.203,7
49.5864,158.9363,10.0,4.4,94,135.0,3.446,0.6,us,9.66,1.884,0.059,84
65.9215,-37.4413,10.0,4.3,37,127.0,5.392,0.69,us,8.24,1.942,0.091,34
65.9909,-37.6514,10.0,4.1,52,136.0,5.289,0.89,us,9.72,1.974,0.079,44
51.4463,159.9316,10.0,4.3,23,128.0,1.765,0.87,us,9.11,1.94,0.134,16
-20.7635,-177.9014,497.256,4.3,59,101.0,4.86,0.6,us,13.15,6.939,0.07,61
51.4757,159.519,10.0,5.3,116,77.0,1.64,0.85,us,7.06,1.842,0.022,682
51.6296,159.8964,35.211,4.2,20,152.0,1.592,0.73,us,10.52,8.099,0.166,13
50.5956,157.9756,35.0,4.8,76,130.0,2.467,0.55,us,9.98,1.919,0.07,62
-43.0243,-76.2962,10.0,4.4,16,240.0,2.923,0.95,us,9.31,2.004,0.179,9
52.0699,160.165,27.4,4.4,36,134.0,1.33,0.57,us,11.02,5.624,0.094,33
50.9787,157.5246,67.91,4.8,61,119.0,2.136,0.59,us,11.22,7.252,0.041,187
41.7831,82.422,10.0,4.5,36,87.0,2.477,1.21,us,8.74,1.699,0.115,22
-16.544,-71.6485,91.267,4.3,30,137.0,2.204,1.05,us,10.47,8.236,0.102,27
-55.7112,-26.8681,35.0,4.4,15,122.0,5.719,0.76,us,6.21,1.933,0.162,11
29.0959,129.3667,10.0,4.2,37,108.0,2.45,0.98,us,3.9,1.913,0.11,25
52.3429,160.6467,10.0,4.4,39,159.0,1.394,0.8,us,10.52,1.94,0.09,35
31.3103,103.9332,10.0,4.4,26,94.0,4.638,0.77,us,5.94,1.884,0.149,15
-59.1356,-25.8003,121.82,4.6,42,133.0,7.626,0.69,us,9.5,8.826,0.102,31
13.09,-88.6169,78.191,4.6,70,142.0,0.473,0.7,us,7.59,6.649,0.05,122
0.0096,123.5546,137.497,4.3,57,76.0,3.582,1.1,us,8.54,8.563,0.089,36
29.2783,129.241,16.37,4.3,32,108.0,2.458,0.33,us,7.26,4.22,0.122,19
32.7003,140.906,64.038,4.4,24,203.0,1.008,0.52,us,11.3,8.243,0.144,15
-10.3674,161.3064,70.252,4.3,50,112.0,1.626,0.72,us,8.28,5.208,0.094,37
52.099,-171.166,35.0,3.6,19,211.0,1.661,0.7,us,7.4,2.006,0.151,11
-19.2736,-69.0855,2.139,4.3,17,173.0,0.406,0.86,us,2.74,5.255,0.189,8
54.459,-159.6977,33.217,4.1,112,163.0,0.378,0.58,us,5.69,6.304,0.14,14
26.7466,92.3604,41.698,4.5,41,148.0,3.14,0.66,us,10.6,8.117,0.091,35
40.6716,47.9972,10.0,4.4,27,79.0,1.63,0.58,us,4.92,1.921,0.112,23
52.1241,161.0182,10.0,4.3,35,167.0,1.703,1.11,us,8.7,1.832,0.111,23
21.0351,121.9685,10.0,4.5,72,108.0,1.956,0.39,us,8.34,1.894,0.079,47
52.2013,160.9796,10.0,4.4,11,192.0,1.642,0.46,us,9.58,1.995,0.219,6
37.793,142.0056,58.649,4.3,23,133.0,3.08,0.5,us,8.08,7.705,0.2,8
-35.243,-105.9731,10.0,5.1,77,40.0,8.584,0.57,us,11.01,1.758,0.04,206
-34.1565,-178.9411,10.0,4.9,32,221.0,4.067,0.92,us,12.77,1.991,0.169,19
-36.2734,-101.3359,10.0,4.4,11,152.0,35.556,0.39,us,20.19,1.935,0.18,9
50.2465,159.1104,10.0,4.3,28,134.0,2.796,0.81,us,5.9,1.889,0.142,15
-5.5857,150.1914,147.84,4.8,69,66.0,2.226,0.81,us,8.05,6.838,0.051,117
-22.9566,-68.5438,115.506,4.4,27,66.0,0.336,0.73,us,6.14,5.432,0.123,19
83.2412,-32.7761,10.0,4.3,37,83.0,2.684,1.09,us,8.69,1.902,0.089,39
-60.9261,-62.1434,10.0,4.2,9,147.0,3.96,0.42,us,12.8,1.962,0.187,8
53.0995,160.3259,32.405,5.0,63,126.0,1.014,0.63,us,11.65,6.036,0.083,46
51.6012,159.6582,34.798,4.7,35,126.0,1.553,0.75,us,11.22,6.348,0.099,31
52.1396,160.3689,26.619,5.0,45,177.0,1.372,0.88,us,11.44,7.295,0.055,106
11.0827,124.3483,10.0,4.6,49,83.0,4.169,0.55,us,5.57,1.904,0.092,37
52.3518,160.2752,33.344,4.4,26,117.0,1.196,0.8,us,8.79,5.688,0.123,24
53.472,161.7921,28.181,4.3,60,152.0,1.941,0.9,us,8.65,4.646,0.071,56
-32.2714,-179.2683,67.311,4.4,13,157.0,3.216,0.64,us,11.92,12.679,0.154,12
-14.9266,166.7213,33.262,4.9,39,48.0,0.696,1.12,us,5.53,5.021,0.084,44
54.5442,-159.7054,37.837,3.9,35,207.0,0.295,0.78,us,5.97,10.685,0.209,6
-16.5353,-173.8476,112.204,4.4,24,129.0,3.285,0.55,us,12.92,12.354,0.149,16
40.7155,51.8267,49.334,5.1,144,76.0,2.431,0.56,us,6.98,6.525,0.048,142
54.1281,-159.7374,10.0,3.6,108,166.0,0.71,0.82,us,4.94,1.943,0.151,11
52.5195,159.7031,16.375,6.3,29,121.0,0.815,0.67,us,9.45,5.247,0.116,29
40.8201,143.3748,35.0,4.3,26,135.0,1.205,0.44,us,6.17,1.937,0.133,16
34.5599,70.526,10.0,4.1,20,231.0,1.149,1.22,us,8.49,1.98,0.166,10
52.7014,158.8451,10.0,4.5,50,167.0,13.767,0.75,us,13.68,1.961,0.081,45
38.9489,141.9613,67.609,4.1,16,201.0,1.964,0.56,us,9.12,8.361,0.214,6
-14.6052,166.9762,41.888,4.6,21,143.0,0.865,0.91,us,10.32,6.933,0.116,22
7.805,126.5145,93.398,4.4,35,134.0,1.181,0.64,us,11.01,7.784,0.105,26
7.0448,126.811,89.635,4.8,68,109.0,1.223,0.62,us,9.13,6.936,0.073,57
7.0621,126.8812,66.09,4.5,35,112.0,1.292,1.13,us,8.9,8.155,0.094,33
52.5477,160.5014,40.23,4.3,53,134.0,1.221,0.57,us,11.24,7.723,0.081,43
-5.0568,102.4327,36.765,4.2,17,199.0,0.866,0.24,us,4.07,9.501,0.186,9
-12.1176,166.2266,35.0,4.9,33,88.0,3.443,0.83,us,3.97,1.924,0.11,26
29.3883,129.4888,10.0,4.3,36,114.0,6.847,0.78,us,11.37,1.82,0.097,30
54.529,-159.884,35.0,3.6,39,196.0,0.348,0.66,us,4.88,1.976,0.223,5
51.6828,160.6606,10.0,4.3,31,127.0,1.823,0.67,us,9.66,1.914,0.106,25
-6.8582,130.15,111.32,4.4,29,58.0,2.333,0.71,us,8.43,8.605,0.108,25
-22.2962,171.4179,76.922,4.2,19,190.0,3.687,0.68,us,13.96,9.807,0.137,15
54.5127,-159.8963,37.645,3.6,22,204.0,0.365,0.46,us,6.95,11.996,0.224,5
51.6326,159.3946,10.0,4.6,28,127.0,1.466,0.53,us,8.86,1.887,0.141,22
55.5825,161.7852,97.631,4.2,71,134.0,3.154,0.66,us,13.06,10.346,0.068,60
-43.3222,-82.3094,10.0,4.3,18,138.0,8.297,0.62,us,13.9,1.895,0.177,9
-10.2357,123.8332,10.0,4.1,15,86.0,0.641,0.76,us,5.54,1.949,0.151,12
12.7745,-88.2994,42.488,4.0,15,159.0,0.691,0.86,us,4.65,8.58,0.3,3
52.3281,160.2938,17.499,5.1,142,127.0,1.761,0.75,us,9.34,4.334,0.051,126
-18.0293,-178.3832,606.532,4.3,57,81.0,2.644,0.72,us,12.54,8.65,0.056,89
39.6231,143.2121,10.0,4.7,39,178.0,2.015,0.59,us,7.13,1.925,0.106,27
-19.0339,-177.5908,568.839,4.0,17,131.0,3.854,0.59,us,18.35,14.214,0.15,13
-21.1742,-175.5954,125.013,4.5,33,115.0,6.674,0.82,us,13.53,6.894,0.107,26
50.9168,159.419,20.646,4.4,13,130.0,2.163,0.52,us,10.71,6.73,0.218,6
-24.2075,-67.2333,169.312,4.7,39,66.0,1.521,0.94,us,7.98,7.148,0.121,21
54.4964,-160.053,32.25,3.8,70,164.0,0.43,0.98,us,6.59,9.309,0.227,5
42.6048,141.9887,123.578,4.5,142,69.0,1.048,0.49,us,6.38,5.656,0.051,111
-60.2981,-62.0072,10.0,4.6,21,126.0,4.591,0.58,us,9.02,1.89,0.129,19
51.1565,178.5551,18.812,4.7,145,140.0,0.519,0.64,us,4.86,4.585,0.05,124
-57.5812,157.5031,30.874,4.3,14,141.0,3.194,0.79,us,10.76,7.86,0.161,11
5.7139,123.9966,520.692,4.4,78,35.0,1.769,0.65,us,10.94,7.338,0.072,56
-14.4657,-73.0216,99.819,4.1,16,128.0,4.462,1.24,us,8.34,17.507,0.157,11
12.9267,-87.415,170.165,4.4,39,127.0,1.036,1.06,us,7.31,7.404,0.065,69
-6.0612,129.794,211.964,4.4,20,61.0,1.533,0.48,us,5.06,9.616,0.154,12
-63.5582,-163.5379,10.0,5.1,41,121.0,17.006,0.72,us,13.95,1.853,0.094,37
7.124,127.1868,13.591,4.5,25,64.0,1.596,1.25,us,6.42,4.603,0.118,21
-48.751,124.5623,10.0,4.4,27,104.0,16.736,0.77,us,14.84,1.888,0.111,23
51.8196,159.2957,46.132,4.3,37,137.0,1.269,0.77,us,9.35,7.58,0.106,25
53.5766,-163.4498,35.0,3.9,36,164.0,1.186,0.7,us,5.21,1.784,0.107,24
51.4034,158.6437,49.257,4.2,46,127.0,1.623,0.88,us,11.18,8.342,0.082,41
-7.5549,128.4844,144.105,4.2,17,114.0,4.708,0.56,us,6.65,8.71,0.159,11
-10.7629,165.1071,61.329,5.1,138,33.0,5.084,0.64,us,8.06,4.158,0.035,265
39.4129,68.9418,10.0,4.3,23,138.0,0.774,0.6,us,3.29,1.842,0.202,7
51.2404,159.048,10.0,4.4,31,137.0,1.803,0.47,us,10.3,1.919,0.12,20
21.2512,94.8814,126.343,4.0,20,79.0,4.526,0.44,us,12.71,8.427,0.144,13
-19.9677,-173.2301,10.0,4.6,30,105.0,3.239,0.6,us,9.2,1.902,0.114,29
52.3535,159.8069,55.322,4.2,56,208.0,0.973,0.63,us,13.25,10.601,0.068,59
-58.7537,-25.1169,35.0,4.8,56,69.0,15.81,0.49,us,8.77,1.882,0.075,55
-2.1982,-80.0324,61.56,4.7,54,142.0,0.477,1.11,us,5.7,6.304,0.038,204
-21.702,-68.3037,117.885,4.5,73,75.0,0.877,0.94,us,7.02,7.011,0.069,62
-16.5539,-70.9301,116.429,4.9,154,128.0,1.728,0.72,us,9.49,7.171,0.039,208
42.2361,144.3767,45.594,4.2,75,134.0,0.934,0.53,us,8.48,7.749,0.069,58
53.0606,161.3161,10.0,4.3,38,165.0,1.61,0.87,us,11.1,1.959,0.102,29
15.8846,146.8056,48.577,4.4,59,131.0,1.17,0.74,us,11.83,6.835,0.077,49
46.3314,149.8499,10.0,4.4,41,130.0,4.922,0.65,us,12.74,1.908,0.099,29
49.9809,157.2667,35.066,5.1,95,123.0,3.143,0.74,us,10.62,7.317,0.064,78
6.1123,127.574,10.0,4.4,31,84.0,2.496,0.68,us,9.36,1.889,0.111,23
51.1882,158.9964,45.774,4.5,37,117.0,1.85,1.07,us,8.64,7.335,0.089,37
-21.4617,-179.0454,588.803,4.4,86,69.0,4.599,0.78,us,12.9,6.275,0.036,225
10.6485,-86.425,10.0,4.3,32,177.0,1.101,0.86,us,7.1,1.942,0.08,44
51.8593,159.121,35.0,5.9,87,66.0,1.201,0.57,us,9.04,1.848,0.075,65
51.4587,161.2101,10.0,4.7,25,123.0,2.221,0.62,us,7.54,1.761,0.123,20
27.6842,-102.815,10.0,4.0,59,74.0,1.195,0.58,us,5.09,1.898,0.1,27
-7.2759,130.1164,38.596,4.3,19,124.0,4.821,0.77,us,13.46,8.036,0.161,11
16.4171,41.5819,10.0,4.2,35,109.0,5.01,0.92,us,10.41,1.925,0.1,28
51.2388,157.6283,75.506,4.1,60,124.0,1.873,0.67,us,10.82,7.455,0.077,46
-39.0771,78.1647,10.0,4.7,17,97.0,29.818,0.51,us,13.32,1.924,0.143,15
6.0445,123.6804,556.761,4.3,71,54.0,2.144,0.82,us,11.09,8.542,0.073,54
-20.1254,-172.8213,10.0,4.2,14,147.0,2.921,0.77,us,5.64,1.941,0.199,7
50.5727,159.8847,10.0,4.4,30,128.0,2.571,0.34,us,9.72,1.907,0.117,21
52.1572,160.3489,25.964,4.5,52,134.0,1.352,0.89,us,11.46,6.1,0.088,38
-6.8296,131.5473,10.0,4.6,15,117.0,2.815,0.59,us,7.52,1.893,0.223,6
51.1916,159.5628,10.0,4.6,38,130.0,1.919,0.72,us,7.99,1.907,0.09,37
50.39,156.228,74.459,4.1,38,138.0,2.872,0.51,us,6.36,7.974,0.099,28
-17.4843,-70.2161,134.937,4.4,25,121.0,0.71,1.16,us,8.1,6.779,0.155,12
7.4914,127.2912,10.0,4.9,65,56.0,1.749,0.69,us,4.86,1.866,0.078,52
37.9542,20.9645,66.039,4.2,29,163.0,1.087,0.7,us,6.54,6.204,0.167,10
-20.5834,-177.8937,487.173,4.2,28,99.0,4.759,0.99,us,14.92,12.752,0.113,22
52.8882,161.1933,10.0,4.2,34,162.0,1.545,0.98,us,12.81,1.961,0.107,24
-55.9542,-27.8536,111.301,4.2,11,108.0,5.231,0.23,us,14.14,8.135,0.166,10
-6.2847,130.3955,142.364,4.4,51,45.0,3.82,0.75,us,8.24,7.812,0.089,37
52.6315,160.625,10.0,5.0,94,116.0,1.261,0.93,us,8.54,1.873,0.03,347
-47.777,116.2615,10.0,4.5,14,142.0,19.235,0.53,us,14.57,1.924,0.156,12
49.1548,156.4018,27.618,5.1,76,129.0,4.042,0.53,us,9.68,5.646,0.093,38
14.3963,-94.0127,10.0,4.4,42,152.0,1.864,0.79,us,7.72,1.922,0.062,77
8.744,126.0078,35.0,4.2,40,109.0,1.717,0.83,us,3.11,1.918,0.101,27
-33.1375,-73.3056,10.0,4.3,28,173.0,1.397,0.81,us,6.82,1.951,0.201,7
-20.347,-178.4716,600.131,4.8,84,38.0,4.184,0.7,us,11.48,5.876,0.03,349
-18.6281,-177.721,624.188,4.4,42,166.0,3.503,0.58,us,16.6,9.549,0.09,35
-6.3016,128.0976,355.026,4.2,58,41.0,5.114,0.71,us,7.58,8.857,0.093,36
52.2394,160.4024,10.0,5.1,67,122.0,1.326,0.83,us,8.09,1.795,0.044,170
-6.433,130.4255,114.31,4.1,8,125.0,3.935,0.46,us,14.4,12.734,0.301,3
51.0212,-179.8061,35.0,4.5,59,176.0,0.665,0.65,us,4.7,1.928,0.041,177
7.5619,127.1136,10.0,4.4,24,125.0,1.599,0.76,us,7.56,1.946,0.134,16
51.6248,159.0013,10.0,4.2,28,166.0,1.417,0.58,us,11.25,1.965,0.128,17
50.3522,159.1485,10.0,4.9,178,134.0,2.693,0.74,us,8.43,1.884,0.044,160
52.4346,161.8002,10.0,4.4,27,126.0,2.004,0.91,us,9.15,1.914,0.117,21
52.9581,161.1012,10.0,4.4,22,212.0,1.483,1.12,us,9.68,2.0,0.115,22
-5.7939,152.6694,10.0,4.4,36,137.0,1.61,0.81,us,6.53,1.826,0.101,30
1.0972,125.5495,73.06,4.9,104,23.0,0.789,1.22,us,6.08,3.746,0.048,186
-52.9299,22.0895,10.0,4.6,25,89.0,20.559,0.61,us,10.71,1.839,0.114,23
51.7957,160.9284,10.0,4.2,35,218.0,1.86,1.2,us,10.06,1.975,0.105,25
51.9986,160.378,10.0,4.5,65,124.0,1.473,1.37,us,9.5,1.888,0.069,62
-16.5507,-14.2669,10.0,4.5,35,66.0,8.205,0.89,us,8.38,1.856,0.095,33
36.5526,70.919,191.664,4.3,41,77.0,2.154,0.67,us,7.98,7.825,0.116,21
27.4525,53.4395,10.0,4.1,21,75.0,3.522,0.55,us,6.14,1.919,0.151,12
44.0547,83.4228,10.0,4.6,53,93.0,2.853,0.74,us,7.8,1.883,0.087,40
15.9201,146.5834,48.275,4.1,15,186.0,1.021,0.86,us,15.25,11.634,0.198,7
29.1271,129.6342,10.0,4.2,29,113.0,2.477,0.39,us,7.86,1.913,0.136,15
28.3448,104.6089,10.0,4.4,48,76.0,4.68,0.81,us,9.88,1.902,0.093,33
-5.5697,147.1227,181.98,4.7,49,51.0,3.511,0.81,us,4.99,7.634,0.043,167
51.5824,-173.8195,40.436,4.2,79,141.0,0.663,0.83,us,5.59,7.389,0.056,87
11.6392,142.3449,10.0,4.9,61,76.0,3.134,0.62,us,9.31,1.883,0.048,135
-10.7646,161.6979,35.0,4.5,24,159.0,2.17,0.53,us,9.33,1.91,0.124,19
51.9929,161.3522,10.0,4.6,121,119.0,1.947,0.54,us,9.63,1.886,0.052,113
52.8141,159.5711,57.941,4.2,18,132.0,0.596,0.73,us,11.37,7.948,0.159,11
50.3065,156.5865,66.9,5.6,75,71.0,2.89,0.76,us,9.87,5.236,0.021,765
12.8502,125.6189,10.0,4.4,38,94.0,5.744,0.62,us,10.57,1.894,0.1,29
18.7861,-46.1404,10.0,4.6,53,113.0,19.914,0.72,us,15.6,1.917,0.082,44
39.7066,143.0284,31.236,4.1,27,132.0,1.852,0.73,us,6.86,6.305,0.123,18
-15.5024,-177.3614,10.0,4.9,82,122.0,1.396,0.46,us,9.45,1.826,0.069,65
7.1823,127.0935,59.256,4.4,21,140.0,1.507,1.16,us,9.51,7.385,0.155,12
-17.903,-175.044,182.146,4.3,27,77.0,4.994,0.91,us,14.25,11.534,0.116,21
51.5097,159.6275,27.756,4.6,33,127.0,1.631,0.61,us,9.58,5.801,0.107,26
-10.5475,91.5157,10.0,4.6,21,129.0,5.465,0.78,us,12.55,1.927,0.172,10
52.4,160.6678,10.0,4.0,16,185.0,1.377,0.83,us,9.48,1.841,0.172,12
49.9024,156.2146,55.955,4.2,27,138.0,3.342,0.71,us,12.84,8.429,0.128,17
10.4022,126.5293,10.0,4.5,20,118.0,3.442,0.94,us,10.7,1.902,0.131,17
-10.9261,160.9603,10.0,4.4,18,194.0,1.783,0.75,us,11.51,1.919,0.131,17
-41.7988,-83.9195,10.0,5.3,59,138.0,10.123,0.93,us,8.17,1.771,0.037,240
-24.0849,-67.0551,230.52,4.3,30,75.0,1.528,0.49,us,10.15,9.766,0.188,8
51.7308,160.6197,35.192,4.1,49,136.0,1.77,0.66,us,8.67,8.106,0.08,48
7.1963,127.0669,42.593,4.3,35,113.0,1.482,1.08,us,7.88,6.658,0.104,26
52.5879,161.1466,26.043,4.3,14,148.0,1.577,1.25,us,11.9,3.386,0.265,5
32.2389,142.5224,10.0,4.5,24,149.0,2.446,0.55,us,8.87,1.922,0.131,17
49.5765,157.7946,10.0,4.8,187,84.0,3.493,0.44,us,7.96,1.809,0.036,241
5.0719,125.6202,43.832,4.4,39,60.0,0.365,0.71,us,7.08,5.891,0.102,28
53.0191,159.7545,59.686,4.6,100,88.0,0.667,1.03,us,8.32,6.012,0.039,197
-17.8596,-178.6221,607.156,4.3,44,182.0,2.36,0.53,us,20.74,10.27,0.075,55
-56.0013,-27.6013,105.358,4.5,29,100.0,5.38,0.36,us,13.21,9.396,0.102,28
13.4568,-87.9805,230.595,4.2,31,126.0,0.334,0.62,us,14.23,11.766,0.11,23
-13.9153,34.6102,10.0,4.6,36,65.0,6.363,0.71,us,9.78,1.9,0.125,19
-7.1031,101.9285,10.0,4.4,18,163.0,2.91,0.6,us,12.08,1.936,0.161,11
43.4229,-126.7888,10.0,3.9,85,193.0,1.476,0.94,us,7.99,1.99,0.112,21
50.6975,158.3757,26.399,4.3,80,121.0,2.335,0.67,us,8.8,5.427,0.067,65
-8.2613,107.1413,35.0,4.7,55,68.0,0.94,0.65,us,7.38,1.886,0.087,40
25.8671,106.6062,10.0,4.0,21,126.0,5.079,0.85,us,9.15,1.896,0.173,9
2.8455,-31.3401,10.0,4.3,30,79.0,9.745,0.85,us,10.9,1.8,0.109,24
39.3494,71.7208,10.0,4.2,16,131.0,0.142,1.41,us,3.56,1.924,0.187,8
-32.2441,-178.0514,10.0,4.7,18,176.0,2.991,0.47,us,12.14,1.958,0.147,14
53.652,160.237,39.607,4.4,25,113.0,1.141,1.13,us,8.63,4.714,0.13,17
52.8924,161.2734,10.0,4.8,105,119.0,1.592,0.81,us,8.68,1.875,0.034,270
13.0326,-89.0543,72.181,4.4,47,139.0,0.686,1.19,us,6.55,7.439,0.043,158
-5.6734,68.47,10.0,4.6,78,73.0,4.317,0.47,us,9.14,1.857,0.069,67
-17.4239,-179.0828,562.052,4.2,45,122.0,1.754,0.59,us,12.99,8.811,0.087,37
-47.7943,115.8814,10.0,4.5,17,128.0,14.885,0.67,us,9.59,1.921,0.144,14
51.2004,159.1994,35.0,4.8,39,227.0,1.857,0.52,us,12.82,1.974,0.094,35
38.9238,70.8581,10.776,4.5,131,60.0,0.917,0.82,us,3.33,3.845,0.052,112
51.9929,160.593,10.0,5.4,137,125.0,1.573,0.87,us,7.89,1.871,0.053,122
-55.692,-4.1508,10.0,4.2,11,88.0,16.052,0.45,us,15.12,1.956,0.159,11
-10.1113,160.6988,35.0,4.7,63,103.0,0.998,0.72,us,8.38,1.905,0.078,50
-61.132,159.5878,10.0,5.1,43,103.0,6.662,0.82,us,10.86,1.886,0.089,41
6.2575,127.4141,10.0,4.4,24,84.0,1.993,0.7,us,4.88,1.913,0.143,17
37.692,144.136,10.0,4.7,139,125.0,3.905,0.7,us,8.65,1.871,0.051,118
51.6151,159.5085,36.715,4.8,62,123.0,1.506,1.05,us,9.32,7.268,0.06,85
51.6105,158.4606,51.492,4.3,48,125.0,1.42,0.96,us,9.43,7.449,0.079,45
28.0848,87.571,10.0,4.1,12,100.0,3.511,1.29,us,10.64,1.918,0.139,14
-8.4181,111.0823,108.805,4.3,40,63.0,1.501,0.65,us,11.25,1.755,0.116,24
51.2543,-174.8171,10.0,4.0,65,190.0,1.007,0.68,us,5.42,1.804,0.076,46
8.3505,-82.7848,13.425,4.5,39,134.0,1.834,0.59,us,9.97,5.728,0.095,32
49.8776,155.9521,81.935,4.1,42,167.0,3.414,0.68,us,11.67,9.243,0.094,33
-19.117,168.6541,35.0,4.5,29,115.0,3.595,0.72,us,6.84,1.904,0.128,18
-55.82,-27.8286,72.921,4.7,19,195.0,5.211,1.02,us,8.52,10.056,0.123,20
-1.8288,-81.0175,10.0,4.4,35,155.0,1.503,0.92,us,7.95,1.938,0.11,24
51.4204,158.1481,58.493,4.4,22,119.0,1.635,0.62,us,12.44,4.738,0.155,12
52.3212,160.5594,10.0,4.9,58,104.0,1.359,0.53,us,6.51,1.852,0.058,94
54.5569,-160.018,32.193,3.6,118,186.0,0.371,0.89,us,3.11,3.595,0.224,5
4.5925,125.929,87.44,4.3,23,106.0,0.47,1.11,us,12.8,8.333,0.129,17
51.4621,159.733,10.0,4.7,47,127.0,1.7,1.28,us,9.34,1.887,0.072,59
51.3075,159.2253,52.424,4.5,14,241.0,1.755,1.01,us,12.94,10.18,0.192,8
52.6012,160.941,10.0,4.3,43,121.0,1.453,0.97,us,3.92,1.895,0.085,39
-24.7768,-177.3032,152.542,4.4,16,175.0,4.501,0.79,us,12.88,9.646,0.204,10
50.7772,158.3042,38.704,5.0,31,130.0,2.26,0.9,us,5.23,7.656,0.113,25
-54.5264,-135.5028,10.0,4.9,37,63.0,28.586,1.09,us,12.89,1.894,0.096,38
-6.1652,151.4946,10.0,4.6,36,86.0,5.367,0.74,us,13.16,1.93,0.094,45
9.8894,-70.9702,10.0,4.5,29,171.0,1.053,0.87,us,10.89,1.935,0.118,21
2.7113,128.1721,73.75,4.3,35,104.0,3.355,1.18,us,9.42,2.478,0.113,22
18.8363,146.39,10.0,4.3,11,167.0,3.621,0.97,us,15.54,1.959,0.177,9
-19.7872,-175.8542,260.005,4.4,15,138.0,5.608,1.27,us,9.66,16.106,0.162,11
51.5831,159.7586,10.0,4.8,74,127.0,1.595,0.95,us,5.26,1.791,0.064,76
25.5434,56.1875,11.485,4.3,31,76.0,0.596,0.82,us,8.41,5.224,0.097,30
52.877,160.2527,35.0,4.1,9,219.0,0.981,1.02,us,15.98,2.015,0.234,6
42.971,18.711,10.0,4.1,36,72.0,0.676,0.3,us,5.46,1.971,0.368,2
38.3839,40.2941,11.981,4.2,43,78.0,0.777,0.75,us,3.58,5.551,0.235,5
51.1666,158.2123,64.156,4.3,52,134.0,1.879,0.97,us,9.87,6.911,0.092,37
35.3266,57.2005,10.0,4.3,34,165.0,7.512,0.92,us,7.59,1.928,0.116,21
34.5525,70.6837,10.0,5.2,165,20.0,1.279,0.97,us,3.97,2.766,0.035,264
29.7497,141.2915,121.74,4.3,21,183.0,2.759,0.54,us,12.77,9.82,0.133,16
18.0045,146.5169,79.812,4.4,66,107.0,2.835,0.48,us,11.99,3.084,0.072,56
43.2155,146.4408,61.011,4.5,55,185.0,2.704,0.64,us,10.32,6.583,0.081,44
30.0753,69.7393,10.0,4.4,32,184.0,8.525,1.05,us,11.03,1.954,0.105,26
53.3517,-163.5343,18.904,3.4,32,209.0,1.301,0.87,us,5.65,10.453,0.219,5
-37.6986,51.5081,10.0,4.4,25,82.0,18.984,1.17,us,14.03,1.895,0.117,21
51.1255,157.1559,87.453,4.6,69,127.0,2.014,0.8,us,9.51,6.159,0.036,235
-15.2575,-73.3321,87.16,4.9,48,133.0,4.217,0.86,us,9.19,7.141,0.039,201
-24.5799,-175.2369,10.0,4.5,17,210.0,9.241,0.84,us,12.62,1.948,0.144,14
51.6411,159.5849,38.818,4.6,83,127.0,1.499,1.19,us,9.41,7.234,0.051,116
52.1943,159.7124,38.581,4.9,83,131.0,1.053,0.75,us,9.05,7.057,0.065,73
-31.0643,-178.4757,95.468,5.0,51,44.0,1.874,0.56,us,12.79,4.687,0.08,52
52.6761,160.5156,10.0,4.3,35,174.0,1.184,1.07,us,11.01,1.959,0.104,26
29.2911,129.2257,10.0,4.6,55,87.0,2.452,1.0,us,6.32,1.865,0.073,56
-7.008,130.6568,73.928,4.3,37,50.0,2.58,0.68,us,7.8,7.634,0.116,21
-20.5191,-178.3834,549.345,4.7,112,48.0,4.355,0.64,us,11.28,6.022,0.03,347
-20.7057,-68.7581,128.91,4.5,25,61.0,0.673,0.88,us,6.5,6.241,0.115,22
-60.075,-62.4621,10.0,4.8,22,133.0,4.774,0.85,us,9.47,1.862,0.131,19
54.6496,160.6447,89.559,4.7,117,79.0,2.013,0.77,us,6.72,5.256,0.034,260
-6.9807,131.352,10.0,4.3,23,65.0,2.835,0.87,us,7.31,1.877,0.169,13
51.5493,160.6557,10.0,4.4,35,138.0,1.923,0.62,us,10.4,1.92,0.102,28
51.5078,159.4426,35.0,4.9,109,121.0,1.594,0.7,us,7.47,1.864,0.042,175
-24.8269,-175.6649,35.0,5.2,176,121.0,9.16,0.52,us,12.62,1.858,0.046,158
50.9759,159.2047,35.0,4.6,65,125.0,2.079,1.18,us,9.04,1.928,0.073,56
37.4873,142.0501,45.246,4.4,34,149.0,3.216,1.1,us,4.76,9.275,0.117,21
-22.5769,-67.6422,176.17,4.2,36,65.0,0.62,0.9,us,6.71,10.492,0.175,9
39.6047,82.9153,10.0,4.5,32,65.0,3.243,0.89,us,10.89,1.895,0.125,19
51.1377,159.145,35.0,4.4,20,224.0,1.913,0.9,us,12.69,1.988,0.155,13
14.1197,-92.9129,10.0,4.5,67,206.0,1.189,0.81,us,8.57,1.987,0.054,99
29.2619,129.3421,10.0,4.6,62,55.0,2.437,0.81,us,6.59,1.89,0.074,55
28.7363,130.171,35.0,4.3,43,122.0,2.532,0.49,us,3.32,1.928,0.109,24
-15.173,-175.2777,17.564,4.7,62,52.0,3.61,0.86,us,6.9,11.512,0.063,76
51.3717,156.4834,10.0,5.0,63,125.0,1.893,0.74,us,8.23,1.851,0.03,346
51.3638,159.2868,31.654,4.5,28,135.0,2.002,0.47,us,12.83,6.443,0.116,22
-22.5477,170.9152,35.0,4.7,30,107.0,3.206,0.61,us,7.44,1.945,0.115,23
10.6259,-86.0467,10.0,4.3,34,203.0,1.127,0.93,us,8.6,1.982,0.113,22
-3.3547,144.9897,10.0,5.3,56,86.0,2.708,0.48,us,5.64,1.85,0.081,52
-18.5806,-71.3245,28.67,4.0,19,233.0,0.956,0.71,us,7.28,5.454,0.259,4
37.855,144.1509,10.0,4.7,60,130.0,3.783,0.98,us,9.48,1.904,0.064,74
40.5884,141.9801,56.25,4.1,20,155.0,0.724,1.17,us,5.87,8.462,0.158,11
51.8159,160.1211,29.241,4.9,48,119.0,1.508,1.11,us,10.31,6.107,0.051,123
51.6121,-175.5396,61.044,3.9,25,185.0,0.445,0.35,us,4.9,10.122,0.172,9
40.8139,143.0055,44.87,4.0,29,142.0,1.205,1.22,us,6.32,8.366,0.125,17
50.865,158.7768,34.156,4.6,29,130.0,2.163,0.8,us,11.49,6.228,0.114,23
51.0705,159.9538,10.0,4.0,34,223.0,2.115,0.83,us,10.36,1.983,0.088,36
5.2907,94.8423,75.831,4.9,63,137.0,2.097,0.64,us,9.25,8.043,0.083,46
1.5904,123.9628,298.53,4.2,26,77.0,2.873,0.42,us,10.32,9.442,0.132,16
6.5814,94.2449,87.227,4.3,33,111.0,3.005,1.0,us,13.49,4.944,0.114,22
51.3663,159.7691,35.0,4.2,17,138.0,1.797,0.37,us,13.38,1.955,0.146,14
-33.5949,-71.6632,40.721,4.4,42,146.0,0.074,0.65,us,3.2,5.431,0.101,28
49.1761,157.5701,10.0,4.5,39,138.0,3.912,0.73,us,9.04,1.816,0.099,30
6.8587,127.0432,56.7,4.5,57,109.0,1.468,1.07,us,9.77,7.494,0.077,49
51.9608,158.3358,78.836,4.3,56,129.0,1.081,0.77,us,7.75,6.234,0.067,64
52.2758,161.193,10.0,4.2,16,123.0,1.721,0.85,us,6.3,1.911,0.158,11
50.4377,157.4172,35.0,4.1,16,137.0,2.68,0.54,us,8.21,1.942,0.145,13
2.188,124.5973,238.48,4.5,32,86.0,2.677,0.69,us,8.72,7.485,0.124,24
0.3272,122.3923,126.206,4.2,23,84.0,1.412,0.76,us,5.56,6.615,0.166,10
44.3318,147.9332,94.8,4.4,21,122.0,3.844,0.88,us,10.29,6.939,0.149,15
-59.0596,-25.1373,35.0,4.9,51,67.0,15.54,0.57,us,7.56,1.758,0.083,46
-17.275,-69.5359,166.067,4.3,42,109.0,0.317,1.02,us,7.94,2.718,0.084,40
41.0269,14.8167,10.0,4.0,23,85.0,0.189,0.9,us,2.53,1.898,0.365,2
53.049,159.9976,53.076,4.5,111,132.0,0.814,0.84,us,9.54,6.926,0.054,103
37.4794,72.3715,210.974,4.2,26,257.0,0.837,0.61,us,11.21,9.06,0.215,6
13.5155,-92.4205,10.0,4.5,44,177.0,1.334,0.88,us,7.71,1.958,0.041,178
0.337,98.6405,49.768,5.1,158,41.0,2.358,0.6,us,7.34,5.066,0.049,133
43.5316,147.9119,10.0,4.9,102,135.0,3.814,0.82,us,9.86,1.873,0.059,90
49.2099,156.3941,35.0,4.4,30,139.0,3.989,0.4,us,10.97,1.912,0.117,21
52.8408,160.0032,46.784,4.8,84,127.0,0.839,0.8,us,9.52,6.872,0.034,265
51.4892,159.7334,10.0,4.9,131,81.0,1.675,0.65,us,7.32,1.797,0.052,115
-24.31,-67.2445,187.979,4.5,23,67.0,1.601,0.73,us,10.94,10.213,0.128,18
43.4857,147.8117,35.0,4.0,20,187.0,3.73,0.56,us,13.95,1.966,0.156,11
-19.3638,-69.1928,10.0,4.5,43,113.0,0.774,0.69,us,4.85,1.894,0.093,34
-26.9364,179.1625,540.765,4.3,33,129.0,10.619,0.37,us,15.96,11.09,0.102,27
7.065,-34.181,10.0,4.7,70,62.0,12.921,0.61,us,11.29,1.875,0.051,118
28.4842,105.1015,10.0,4.5,55,68.0,7.544,1.22,us,9.41,1.884,0.07,60
52.6886,160.3365,53.81,4.4,32,142.0,1.076,1.2,us,12.48,7.868,0.126,18
50.1315,157.763,26.355,4.6,41,132.0,2.948,0.76,us,7.77,4.722,0.141,24
3.0935,-31.4434,10.0,4.5,24,75.0,20.396,0.79,us,12.63,1.896,0.124,19
20.7067,95.9036,10.0,4.3,26,158.0,3.492,0.53,us,9.84,1.907,0.148,14
13.6658,-91.2943,35.0,4.2,98,181.0,0.925,1.0,us,8.16,1.979,0.052,102
51.4375,159.3951,10.0,5.0,84,123.0,1.653,0.86,us,8.82,1.888,0.064,78
51.0353,158.6013,35.0,4.6,101,129.0,1.991,0.78,us,8.29,1.911,0.053,105
49.9629,157.1438,40.505,5.1,82,121.0,3.169,0.62,us,11.26,6.148,0.024,582
-60.9717,154.1136,10.0,4.3,18,132.0,16.299,0.64,us,12.3,1.649,0.126,19
-57.7441,158.499,10.0,4.2,14,124.0,3.263,0.79,us,13.53,1.931,0.141,14
51.7049,-173.5296,55.873,3.8,29,183.0,1.615,0.62,us,3.67,11.622,0.147,12
50.9821,159.8999,10.0,4.3,28,126.0,2.186,0.5,us,8.72,1.905,0.122,19
10.5323,125.0956,209.062,4.5,69,92.0,3.473,0.71,us,10.72,7.584,0.05,117
-17.1571,-178.826,549.856,4.1,16,134.0,1.855,1.13,us,16.26,17.337,0.174,9
52.0443,159.5168,70.899,4.2,13,244.0,1.114,0.4,us,11.99,9.324,0.235,7
73.3425,6.6241,10.0,4.3,31,65.0,5.413,1.02,us,8.6,1.93,0.138,16
53.1244,160.5038,34.18,4.2,26,136.0,1.123,0.99,us,11.18,4.673,0.112,22
50.6407,157.067,69.815,4.4,66,136.0,2.502,0.54,us,11.58,8.292,0.073,54
46.2204,153.1124,10.0,5.0,62,126.0,7.507,0.52,us,10.18,1.868,0.056,100
49.1775,156.4662,35.0,4.8,151,116.0,4.012,0.5,us,9.61,1.893,0.032,307
-18.0339,-179.2761,632.66,4.1,23,120.0,2.56,0.68,us,17.58,10.638,0.123,18
-9.5616,158.4298,10.0,4.7,34,75.0,1.502,0.62,us,9.31,1.875,0.097,32
50.2445,155.5733,128.202,4.2,31,161.0,3.158,0.45,us,13.32,10.038,0.118,23
52.299,160.5772,10.0,4.9,128,117.0,1.38,1.11,us,8.16,1.871,0.038,249
39.7797,143.3081,37.034,4.2,26,155.0,1.991,0.73,us,7.5,8.767,0.175,11
16.5468,-59.651,13.05,4.5,30,162.0,1.368,0.79,us,8.11,5.645,0.242,5
-15.5489,-70.5949,205.95,4.2,26,139.0,2.293,1.02,us,6.54,10.124,0.102,27
13.8613,39.7802,10.0,4.5,28,175.0,3.784,0.75,us,14.91,1.97,0.096,32
16.6492,119.729,10.0,4.6,67,104.0,6.267,0.7,us,9.58,1.881,0.082,47
-5.6147,152.3676,10.0,4.7,27,168.0,1.343,0.7,us,10.44,1.957,0.076,52
-15.0016,-173.3144,10.0,4.6,22,139.0,1.839,0.22,us,9.93,1.485,0.141,15
-55.3315,-27.9668,26.371,4.6,45,58.0,5.04,0.92,us,11.84,4.892,0.099,35
51.1556,158.7331,58.64,4.3,16,192.0,1.871,0.55,us,12.95,9.067,0.188,8
52.8525,159.1009,77.125,4.9,111,106.0,0.322,0.67,us,8.96,5.365,0.034,278
53.5236,161.5871,30.678,4.4,14,114.0,1.834,1.02,us,8.48,6.661,0.161,11
11.7318,-87.459,39.674,4.9,71,141.0,1.05,0.83,us,6.61,8.372,0.031,325
49.8927,158.5678,10.0,4.6,60,135.0,3.135,0.5,us,8.7,1.887,0.076,52
49.5636,158.3593,10.0,4.3,13,232.0,3.469,0.81,us,15.0,1.988,0.217,6
7.5369,126.8287,60.744,4.2,33,62.0,1.324,1.26,us,8.62,8.694,0.136,19
32.6923,-16.3337,10.0,4.0,12,206.0,7.518,0.43,us,14.05,1.995,0.299,4
53.582,161.5442,35.0,4.4,31,137.0,1.825,0.66,us,12.22,1.945,0.123,21
51.4757,159.6917,28.297,4.9,74,121.0,1.677,1.02,us,8.2,5.388,0.043,167
-5.5876,147.4581,186.251,4.1,14,250.0,3.804,0.4,us,19.14,20.81,0.166,10
52.6177,161.5813,10.0,4.2,23,124.0,2.404,0.58,us,10.08,1.916,0.141,14
48.8182,156.1932,10.0,4.4,21,136.0,4.4,0.67,us,10.98,1.834,0.162,11
52.5336,160.5765,29.249,4.6,90,134.0,1.269,0.68,us,11.68,5.935,0.062,77
32.5133,137.4909,379.239,4.3,103,69.0,2.046,0.74,us,8.97,8.022,0.06,78
-60.1407,-62.1748,10.0,4.5,17,130.0,4.731,0.68,us,10.12,1.921,0.139,15
-7.1603,129.3383,144.716,4.2,15,123.0,5.114,1.27,us,11.71,22.604,0.305,3
-18.3122,-177.8989,582.713,4.2,19,144.0,3.182,0.47,us,15.78,10.306,0.14,14
-5.5624,150.9183,94.546,4.9,82,67.0,1.666,0.77,us,7.78,5.678,0.069,67
-10.3795,-78.7742,60.716,4.5,22,149.0,2.479,0.9,us,5.46,8.828,0.163,11
-44.4413,-80.2321,10.0,4.7,31,84.0,4.835,0.64,us,7.37,1.873,0.112,24
51.4839,159.0275,66.762,4.5,46,137.0,1.559,0.83,us,11.81,7.664,0.087,39
56.1746,117.3235,10.0,4.7,60,56.0,6.79,0.86,us,10.02,1.889,0.045,151
-3.2157,150.7963,10.0,4.9,87,71.0,1.637,0.83,us,7.6,1.862,0.064,76
-32.5071,-71.4842,70.373,4.3,34,135.0,0.532,0.34,us,3.49,4.918,0.154,12
7.3513,127.4086,10.0,4.9,38,60.0,1.837,0.76,us,7.13,1.88,0.098,33
-3.2878,-77.9048,99.569,4.0,28,143.0,1.578,0.85,us,9.66,9.703,0.113,21
7.1636,127.2666,10.0,4.3,28,83.0,1.677,1.17,us,8.56,1.903,0.119,20
83.339,-32.3826,10.0,4.0,24,67.0,2.695,1.2,us,7.71,1.913,0.163,11
51.6796,159.5076,35.0,5.0,78,155.0,1.445,0.74,us,8.47,1.916,0.081,48
53.2612,159.6037,61.165,4.4,18,87.0,0.622,0.79,us,11.35,9.698,0.178,9
29.6521,142.2359,10.0,4.1,27,150.0,2.547,0.67,us,10.38,1.449,0.131,16
50.9137,157.0616,65.35,4.3,86,127.0,2.233,0.61,us,10.84,7.329,0.061,76
31.6492,138.1785,378.015,3.8,34,89.0,2.013,0.72,us,10.35,8.974,0.114,20
-18.0453,-177.8588,620.421,4.4,81,76.0,3.072,0.97,us,12.13,7.419,0.055,96
52.2917,160.6075,10.0,4.2,35,164.0,1.4,0.77,us,11.76,1.855,0.113,22
52.6959,161.0926,23.229,4.6,105,119.0,1.517,0.53,us,8.57,5.775,0.055,107
43.7834,138.3116,253.814,4.0,37,93.0,3.11,0.67,us,8.33,7.335,0.111,22
-18.8887,-69.122,127.099,4.2,28,79.0,0.661,0.85,us,4.87,4.205,0.128,17
51.6421,160.0768,10.0,4.7,118,73.0,1.637,0.7,us,7.67,1.866,0.053,106
7.1583,127.0591,57.386,4.7,53,77.0,1.471,0.97,us,9.16,7.388,0.084,43
30.6605,142.7651,10.0,4.4,39,130.0,3.506,0.85,us,8.44,1.891,0.085,40
51.6947,159.1933,30.051,4.3,28,147.0,1.372,0.92,us,9.97,8.63,0.122,19
-26.9686,26.8444,5.0,4.3,16,81.0,2.16,0.86,us,5.54,1.935,0.265,4
51.7832,161.3132,10.0,4.3,39,124.0,2.05,0.85,us,11.37,1.928,0.079,45
39.6252,143.3878,10.0,4.2,34,132.0,2.125,0.85,us,4.84,1.877,0.115,21
50.172,158.1827,10.0,4.3,27,138.0,2.87,0.45,us,8.42,1.82,0.142,14
51.3484,159.3689,10.0,4.3,19,226.0,1.735,0.24,us,12.23,1.989,0.153,12
52.1232,160.5376,10.0,5.0,94,134.0,1.463,0.76,us,10.46,1.888,0.051,121
52.3385,159.7178,35.0,4.3,42,134.0,0.945,0.98,us,11.3,1.945,0.098,29
51.3829,158.8963,31.504,4.3,24,137.0,1.65,0.91,us,11.46,6.463,0.137,18
7.6113,-73.956,102.374,4.3,37,88.0,2.772,0.64,us,8.13,10.137,0.104,26
-22.9512,-66.7768,197.503,4.4,42,89.0,1.292,0.71,us,10.0,7.714,0.095,32
40.5507,-126.1894,10.0,3.8,48,218.0,1.398,0.75,us,6.93,2.008,0.208,6
-14.3947,167.2219,185.544,4.7,48,98.0,1.046,0.77,us,10.68,7.668,0.087,40
6.883,127.2192,10.0,4.7,74,56.0,1.639,1.4,us,6.35,1.861,0.062,79
36.7419,73.0538,10.0,4.5,26,110.0,1.632,0.81,us,8.48,1.919,0.113,23
-21.4912,-179.2237,599.274,5.2,87,61.0,4.525,0.96,us,11.26,3.653,0.068,71
52.4507,160.9395,10.0,5.1,61,136.0,1.506,0.87,us,4.61,1.887,0.027,428
-21.2646,169.4783,10.0,4.3,23,112.0,2.315,1.04,us,9.32,1.598,0.129,17
51.3378,159.3872,32.999,4.7,110,137.0,1.748,0.6,us,11.19,5.692,0.057,94
-16.2769,-177.683,10.0,4.3,16,273.0,2.835,0.72,us,8.31,1.998,0.148,13
10.8819,123.8845,10.0,4.6,42,127.0,6.31,0.9,us,13.74,1.892,0.092,35
54.6464,160.4206,10.0,4.1,27,142.0,1.935,0.51,us,13.37,1.932,0.087,36
39.5908,142.0396,49.54,4.4,26,147.0,1.411,0.81,us,8.4,8.133,0.143,14
-25.384,179.6597,520.876,4.2,17,160.0,7.747,0.67,us,24.14,22.745,0.132,16
2.1086,128.5542,41.783,4.7,62,74.0,1.781,0.66,us,6.52,6.48,0.064,74
39.1705,145.3626,10.0,4.4,20,153.0,3.3,0.62,us,8.15,1.835,0.203,7
49.8014,155.6968,70.762,4.5,78,135.0,3.54,0.5,us,9.33,6.44,0.056,95
-9.1074,111.8512,64.643,4.9,61,58.0,2.361,0.72,us,6.38,5.462,0.065,73
51.7035,160.3373,10.0,4.9,42,126.0,1.679,0.61,us,9.87,1.909,0.086,42
51.727,159.6954,31.565,4.9,56,126.0,1.448,1.04,us,9.69,5.666,0.082,46
39.8414,141.656,69.618,4.1,18,134.0,1.049,0.31,us,6.86,4.432,0.174,10
-16.6692,-173.4988,35.0,4.2,24,133.0,3.206,0.8,us,10.51,1.934,0.146,13
53.2921,159.9945,49.698,4.2,27,164.0,0.853,0.74,us,13.2,14.446,0.1,28
52.587,160.5846,32.647,4.3,52,137.0,1.826,0.83,us,12.43,6.265,0.083,41
-57.6193,157.9536,39.626,4.3,20,140.0,3.177,0.76,us,7.97,11.422,0.148,13
65.9425,-37.3012,10.0,4.4,114,91.0,5.44,0.64,us,13.73,1.957,0.051,108
-17.1052,-174.5981,124.338,4.3,55,119.0,4.813,0.61,us,15.44,7.685,0.078,46
51.6683,-174.866,35.0,3.7,29,199.0,0.676,0.71,us,2.75,2.016,0.071,51
-24.6527,179.9802,532.511,4.5,18,210.0,7.104,0.55,us,19.76,24.815,0.14,15
51.2679,179.5187,49.643,5.0,97,135.0,0.175,0.9,us,5.54,6.596,0.025,519
51.6708,159.9679,10.0,4.3,19,218.0,1.578,0.87,us,7.28,1.97,0.168,10
17.162,59.7289,10.0,4.3,39,180.0,8.413,1.04,us,10.8,1.924,0.099,29
51.6249,159.8114,27.973,4.5,38,126.0,1.572,0.72,us,9.82,5.855,0.096,32
52.9011,161.111,10.0,4.8,58,119.0,1.494,0.65,us,9.84,1.88,0.034,273
52.4464,160.5575,35.0,4.5,16,138.0,1.296,1.16,us,12.4,1.948,0.181,9
30.0057,142.5793,10.0,4.4,38,157.0,2.92,0.96,us,9.82,1.919,0.101,28
51.1417,159.6181,10.0,4.4,22,136.0,1.977,0.67,us,10.34,1.918,0.148,13
5.3031,127.0477,126.766,4.8,96,93.0,1.662,0.78,us,7.14,6.47,0.043,169
-2.5868,139.5463,38.597,4.6,20,88.0,1.158,0.55,us,6.59,2.978,0.146,14
-18.6406,65.2615,10.0,4.4,21,95.0,2.104,0.7,us,7.55,1.834,0.156,12
-6.5101,128.422,304.486,4.4,17,93.0,5.222,0.75,us,11.94,12.883,0.239,5
1.453,126.4287,52.071,4.3,27,98.0,3.393,0.74,us,9.35,8.298,0.138,17
50.0292,155.6747,79.776,4.1,37,135.0,3.332,0.89,us,11.73,8.616,0.109,23
51.3157,160.1429,10.0,4.6,15,167.0,1.942,0.77,us,8.12,1.959,0.137,21
49.3182,155.4996,73.373,4.6,93,169.0,4.039,0.61,us,12.56,8.852,0.051,112
52.3165,161.5162,10.0,4.2,43,164.0,1.883,0.55,us,12.88,1.955,0.092,33
-59.7954,-61.7163,10.0,4.6,17,122.0,5.114,1.35,us,7.49,1.914,0.146,14
53.4045,160.2181,50.097,4.1,17,181.0,1.017,0.6,us,14.54,14.826,0.174,10
9.2951,126.4547,39.783,4.6,47,131.0,2.375,0.75,us,12.31,7.458,0.076,51
-34.1416,-179.4671,45.862,4.0,15,202.0,3.862,0.31,us,15.49,8.462,0.183,8
52.5004,159.003,45.918,4.9,26,181.0,0.566,0.58,us,10.32,8.379,0.323,3
-9.8236,109.6451,35.0,4.5,36,90.0,2.867,1.26,us,7.1,1.928,0.103,28
52.1256,160.2687,36.347,4.6,82,109.0,1.336,0.87,us,9.94,6.252,0.07,62
52.3892,160.8127,10.0,4.2,21,160.0,1.461,0.8,us,11.14,1.97,0.153,12
-12.4485,167.0104,230.059,4.3,49,90.0,2.986,0.82,us,11.87,8.616,0.083,41
24.828,97.8254,10.0,4.4,33,123.0,3.882,0.87,us,8.12,1.815,0.117,21
52.9462,161.0707,10.0,4.4,108,132.0,1.466,0.74,us,9.61,1.889,0.055,101
51.6928,160.4683,10.0,4.7,21,205.0,2.211,0.69,us,10.24,1.95,0.129,18
-3.0414,135.9861,63.734,4.2,18,104.0,1.495,0.65,us,8.36,10.527,0.142,14
-18.0235,-178.3686,597.909,4.0,35,73.0,2.652,0.42,us,15.34,8.415,0.129,16
51.754,159.4027,35.0,4.7,130,95.0,1.352,0.74,us,6.96,1.826,0.047,134
-23.8942,179.6029,568.441,4.5,32,138.0,6.288,0.71,us,14.52,12.74,0.108,25
-47.865,116.1043,10.0,4.7,22,92.0,14.945,0.62,us,13.1,1.854,0.138,19
49.7425,158.6707,10.0,4.6,97,134.0,3.285,0.73,us,5.09,1.893,0.05,119
45.2558,149.7259,75.248,4.6,21,146.0,5.134,1.44,us,13.71,7.988,0.158,12
43.5849,-127.4161,10.0,3.9,70,188.0,2.449,1.03,us,8.68,1.992,0.297,3
44.4593,149.4381,35.0,4.6,51,137.0,4.926,1.02,us,10.07,1.932,0.068,64
11.2252,124.1322,10.0,4.6,46,87.0,4.369,0.57,us,11.42,0.955,0.073,57
-24.6283,-175.2678,10.0,4.1,10,134.0,7.423,0.65,us,8.83,1.887,0.234,5
28.0007,139.6694,503.77,4.1,57,78.0,2.408,0.49,us,12.65,9.554,0.076,47
52.4486,160.7711,29.521,4.0,20,176.0,1.412,0.78,us,13.51,8.352,0.118,19
13.0578,-89.0383,71.926,4.6,69,129.0,0.659,0.96,us,5.6,6.733,0.041,178
-29.8344,-178.0029,106.906,4.5,25,186.0,12.28,0.56,us,15.83,8.284,0.139,17
-5.7013,130.5273,84.888,4.2,15,96.0,3.253,0.43,us,11.2,8.726,0.186,8
1.6554,127.3893,133.097,4.3,51,106.0,0.878,0.77,us,6.72,7.238,0.086,38
54.3731,167.4906,10.0,4.3,43,130.0,4.271,0.81,us,10.62,1.886,0.07,58
52.6611,160.7209,35.549,4.0,20,137.0,1.307,0.83,us,13.37,8.731,0.134,15
54.1633,-166.1839,103.035,4.4,132,84.0,0.075,0.61,us,6.45,1.3,0.044,148
51.1772,159.7684,10.0,4.6,45,135.0,1.973,0.93,us,8.15,1.756,0.082,44
34.6529,25.7842,10.0,4.2,44,186.0,1.439,0.62,us,6.13,1.881,0.101,27
36.6715,71.2243,119.632,4.4,41,167.0,1.921,0.75,us,7.14,9.879,0.102,28
-59.8786,-27.8994,182.868,4.3,29,86.0,7.3,0.69,us,13.62,9.251,0.097,30
13.6724,92.7915,10.0,4.7,46,68.0,6.925,0.59,us,7.19,1.868,0.093,35
47.1469,152.3326,105.689,4.0,32,132.0,6.891,0.43,us,14.25,8.81,0.11,22
-4.2991,133.2509,10.0,4.3,19,102.0,1.697,0.65,us,4.57,1.878,0.123,19
30.9515,140.0817,10.041,4.6,66,102.0,2.169,0.45,us,6.19,3.423,0.079,48
-23.4771,178.859,561.941,4.3,24,162.0,5.753,0.83,us,7.69,9.8,0.143,14
51.5273,161.0624,10.0,4.7,41,191.0,2.108,0.64,us,9.05,1.95,0.036,229
8.4317,126.0015,10.0,4.5,37,115.0,1.417,1.16,us,10.63,1.886,0.108,25
51.1022,160.8218,10.0,4.2,37,135.0,2.345,0.83,us,11.49,1.909,0.105,25
52.3978,160.2656,33.181,4.1,25,122.0,1.715,0.57,us,11.0,6.572,0.12,19
-8.1252,123.9131,163.011,4.2,22,92.0,1.657,0.87,us,8.28,5.919,0.124,18
-56.8896,-142.2559,10.0,4.5,12,154.0,28.009,0.37,us,13.91,1.932,0.163,14
52.0221,160.4813,35.0,4.2,24,135.0,1.503,0.6,us,11.62,1.943,0.141,14
54.2722,-161.3654,35.0,3.8,70,193.0,1.017,0.88,us,4.61,1.973,0.169,9
14.8175,147.1967,10.0,4.3,24,151.0,1.419,0.51,us,11.83,1.932,0.126,18
-24.1092,-175.7845,35.0,4.2,15,131.0,7.4,0.61,us,12.33,1.95,0.147,13
50.5721,157.4975,35.0,4.7,37,130.0,2.543,0.76,us,9.98,1.93,0.106,27
11.9549,143.5187,10.0,4.4,39,78.0,2.091,0.61,us,9.44,1.9,0.103,27
50.8173,157.7211,39.461,5.4,36,184.0,2.295,0.62,us,12.25,8.08,0.121,23
53.7756,-163.949,10.0,4.0,56,156.0,0.792,0.9,us,3.7,1.898,0.1,27
-5.4317,145.9904,64.308,4.6,53,84.0,3.635,0.54,us,8.05,7.585,0.081,46
-22.9693,170.5406,10.0,4.3,21,112.0,2.877,0.82,us,8.99,1.942,0.154,15
34.3423,70.8571,10.0,4.7,61,132.0,1.434,1.18,us,7.96,1.886,0.075,53
29.3138,129.4862,10.0,4.2,22,116.0,2.342,0.83,us,7.54,1.909,0.152,12
38.8378,70.6248,10.0,4.8,55,84.0,1.114,0.9,us,5.4,1.878,0.079,50
34.7254,70.6555,10.0,4.8,71,99.0,1.272,0.69,us,9.16,1.854,0.043,165
19.2575,145.4826,216.289,3.8,13,150.0,4.005,0.51,us,18.04,4.719,0.169,9
-8.0884,148.55,44.315,4.9,69,123.0,1.897,0.87,us,7.89,5.964,0.06,88
-23.7029,-174.4809,10.0,4.4,10,162.0,6.26,1.1,us,14.83,1.971,0.203,8
39.4081,143.4448,10.0,4.6,87,123.0,2.288,1.01,us,7.79,1.88,0.063,74
-12.5107,166.5385,68.261,4.9,74,106.0,2.989,0.81,us,10.53,7.123,0.044,164
14.5854,-91.5632,127.024,4.0,52,128.0,0.026,0.56,us,8.27,10.675,0.076,47
-22.7014,171.0287,10.0,4.0,8,262.0,3.31,0.57,us,13.06,2.017,0.3,3
52.5726,160.2884,34.87,4.5,91,121.0,1.092,1.26,us,9.17,5.813,0.054,103
29.2462,130.5218,35.0,4.4,22,83.0,2.256,0.87,us,5.4,1.938,0.17,10
50.9761,158.9383,10.0,4.4,26,125.0,2.058,0.95,us,9.13,1.905,0.134,16
52.2207,160.1556,39.277,4.2,31,123.0,1.22,0.69,us,10.63,7.738,0.103,26
-21.1217,-175.7362,138.594,4.5,40,129.0,16.728,0.69,us,15.49,7.162,0.1,34
-5.7636,-80.7809,55.95,4.4,48,134.0,3.611,0.51,us,10.98,4.792,0.082,43
27.982,139.8043,426.619,4.4,91,58.0,2.29,0.61,us,11.27,7.316,0.062,76
51.2698,159.6813,10.0,4.5,54,137.0,1.868,0.98,us,10.75,1.909,0.083,43
50.9032,158.2388,35.0,5.1,140,114.0,2.139,1.17,us,8.84,1.886,0.025,520
31.4462,140.1365,10.0,4.6,72,132.0,1.686,0.36,us,9.02,1.904,0.071,59
27.4384,52.5615,10.0,4.2,43,82.0,4.108,0.64,us,7.95,1.917,0.099,28
51.3786,159.4343,27.846,4.5,22,135.0,1.717,0.58,us,13.04,6.807,0.125,19
-53.002,21.956,10.0,4.4,16,96.0,20.627,0.5,us,14.17,1.904,0.144,14
-31.2474,-178.8334,77.894,4.5,20,158.0,2.144,0.77,us,14.04,10.309,0.135,17
-9.3742,150.067,9.184,4.8,30,154.0,2.869,0.78,us,9.19,4.801,0.121,21
36.7398,71.1247,241.348,4.0,21,86.0,1.907,0.71,us,7.08,10.621,0.212,6
-11.2453,118.3198,10.0,4.9,32,105.0,2.461,1.03,us,6.28,1.89,0.101,31
-14.2313,167.3094,10.0,4.5,20,208.0,6.915,1.03,us,13.47,1.962,0.14,15
38.9256,142.0099,65.723,4.2,29,136.0,1.999,0.59,us,9.46,7.89,0.136,15
-47.4548,97.5199,10.0,4.6,14,126.0,20.085,0.38,us,11.76,1.881,0.158,12
7.3896,127.0323,10.0,5.0,75,53.0,1.476,1.35,us,6.56,1.818,0.05,130
-21.0976,-179.1914,622.15,4.6,41,122.0,4.229,0.55,us,6.79,8.59,0.084,42
53.2956,159.9478,60.943,4.3,20,142.0,0.828,0.7,us,12.36,11.465,0.168,10
-5.2022,151.6993,117.783,4.5,62,70.0,0.947,0.79,us,9.51,7.65,0.079,47
-2.2776,138.9354,37.56,4.3,29,77.0,0.898,0.91,us,8.79,1.786,0.109,24
52.2983,160.3072,38.378,4.8,73,117.0,1.243,0.77,us,8.83,6.907,0.038,217
22.7691,143.5336,73.846,4.6,32,99.0,4.478,0.62,us,10.49,7.053,0.119,21
-24.308,-67.1961,187.741,4.2,29,60.0,1.623,0.91,us,9.52,10.516,0.167,10
49.9239,159.3342,10.0,4.6,43,109.0,3.133,0.54,us,9.81,1.866,0.054,103
-6.276,152.7488,10.0,4.4,39,149.0,2.085,0.72,us,10.41,1.91,0.1,29
14.3234,-92.6674,35.0,4.6,81,139.0,0.893,0.72,us,6.14,1.943,0.038,205
-17.4164,-173.1133,35.0,4.6,14,115.0,3.448,0.8,us,9.44,1.938,0.165,11
-16.5437,-178.6879,501.047,4.0,15,282.0,1.864,0.57,us,28.03,15.966,0.172,10
53.0067,160.8847,35.0,5.5,111,105.0,1.35,0.86,us,7.5,1.861,0.02,843
-6.1112,150.3046,46.883,4.3,23,135.0,2.476,0.66,us,11.98,9.31,0.142,14
51.6973,159.5179,35.0,4.9,117,123.0,1.431,0.99,us,8.77,1.908,0.054,107
-50.2528,112.7707,10.0,4.4,19,144.0,16.114,0.88,us,7.31,1.93,0.139,17
-3.4221,140.2569,10.0,4.2,20,118.0,1.005,1.02,us,3.17,1.892,0.152,12
-20.5523,-178.8698,622.042,4.1,30,115.0,4.032,0.72,us,15.97,8.268,0.095,31
21.8819,142.9768,267.036,4.0,31,130.0,5.24,0.56,us,11.98,8.682,0.113,22
-6.9829,129.5921,150.547,4.1,22,132.0,4.827,0.78,us,10.27,5.309,0.135,15
-21.0771,168.6603,10.0,4.9,43,92.0,1.899,0.74,us,7.82,1.893,0.095,35
29.1427,66.5577,10.0,4.5,98,87.0,5.787,0.55,us,9.62,1.836,0.066,68
51.6705,159.0636,35.0,4.3,14,147.0,1.379,0.65,us,12.29,1.962,0.16,11
37.3274,70.006,10.0,5.0,80,58.0,1.487,0.71,us,5.54,1.82,0.049,134
51.2982,158.7853,40.804,4.3,28,118.0,1.73,1.0,us,9.86,7.749,0.119,20
36.1945,140.8465,38.872,4.6,67,124.0,2.157,0.67,us,6.7,7.021,0.076,52
16.1817,146.6665,43.46,4.3,16,171.0,1.261,0.57,us,12.26,11.051,0.189,8
-57.7302,157.6717,33.485,4.2,19,141.0,3.317,0.47,us,14.11,5.157,0.147,13
-29.6475,-177.3256,35.0,4.4,16,260.0,28.876,1.03,us,20.38,2.019,0.139,15
52.7736,159.7536,62.569,4.3,62,60.0,0.714,0.7,us,6.11,7.171,0.073,53
52.9218,160.7749,10.0,4.5,30,127.0,1.289,0.91,us,7.65,1.893,0.103,28
5.3272,127.1472,129.531,4.8,70,66.0,1.764,0.56,us,8.41,7.353,0.067,69
52.1351,160.371,10.0,4.1,22,138.0,1.376,1.39,us,12.27,1.933,0.14,14
-17.9545,-178.5432,567.976,4.5,24,113.0,2.477,0.59,us,19.7,17.696,0.121,20
19.3811,145.2434,185.986,4.1,17,150.0,4.15,0.65,us,15.32,10.758,0.139,14
27.3722,52.6542,10.0,4.5,36,82.0,4.002,0.75,us,9.4,1.902,0.095,32
17.8208,-61.5209,26.46,4.3,38,129.0,0.294,0.79,us,5.67,5.534,0.133,16
-17.4643,167.9105,20.208,4.9,27,167.0,2.118,0.66,us,10.13,5.551,0.177,14
51.1383,159.5376,10.0,4.3,29,138.0,1.966,0.45,us,12.07,1.939,0.126,18
-6.3252,130.4119,112.551,4.4,21,83.0,3.847,0.39,us,13.33,10.442,0.139,15
-57.9045,157.8263,33.218,5.4,87,44.0,3.471,0.36,us,10.95,3.749,0.072,65
-32.6288,-70.0705,115.751,4.5,33,87.0,0.427,0.6,us,5.51,4.767,0.164,11
27.2988,52.8065,10.0,4.0,34,115.0,3.85,0.58,us,6.9,1.88,0.113,21
52.5439,160.992,10.0,4.2,20,203.0,1.501,1.01,us,10.47,1.856,0.167,10
50.657,158.0758,35.0,4.9,133,95.0,2.396,0.64,us,9.37,1.902,0.025,509
52.2098,161.1151,10.0,4.5,28,162.0,1.71,0.89,us,10.96,1.954,0.104,29
30.3457,138.3942,427.731,4.3,89,79.0,3.014,0.65,us,10.56,8.014,0.048,122
5.2202,125.7988,106.609,4.3,14,165.0,0.58,0.83,us,11.71,8.559,0.188,9
-6.2374,130.3775,121.844,4.5,47,54.0,3.787,0.67,us,7.73,8.461,0.093,34
54.61,-160.2111,35.0,3.8,26,197.0,0.423,1.0,us,6.01,2.009,0.208,8
-3.8526,-102.6551,10.0,4.6,40,143.0,30.745,0.55,us,14.43,1.764,0.093,35
50.2045,157.9498,40.542,4.3,30,132.0,2.856,0.63,us,5.71,7.357,0.111,23
9.5091,94.0036,10.0,4.6,68,88.0,5.603,0.67,us,6.83,1.759,0.072,58
-5.5813,146.9977,206.732,4.3,22,69.0,3.534,0.77,us,9.22,7.669,0.142,14
51.7915,159.8475,22.905,5.1,69,125.0,1.435,0.97,us,9.48,5.594,0.059,92
51.2824,159.4064,10.0,4.2,31,167.0,1.805,0.88,us,10.92,1.947,0.115,21
34.9162,32.494,10.0,4.0,27,108.0,0.689,1.0,us,6.06,1.959,0.119,19
11.1252,141.6346,10.0,4.1,12,132.0,3.997,0.6,us,7.94,1.913,0.198,7
-55.7465,-26.7427,18.704,5.1,102,67.0,5.795,0.68,us,10.61,3.785,0.061,88
50.6319,159.9877,10.0,4.7,75,124.0,2.535,0.61,us,8.33,1.884,0.043,161
52.2582,160.3396,10.0,5.0,170,117.0,1.283,0.69,us,8.74,1.868,0.043,170
52.4359,159.9524,74.601,4.6,37,165.0,1.526,1.18,us,6.84,8.095,0.103,28
2.6561,128.3261,196.285,4.1,30,114.0,3.511,1.25,us,11.58,8.601,0.117,20
52.6875,160.6998,10.0,4.3,46,134.0,1.288,0.45,us,11.21,1.904,0.088,37
-49.8823,110.742,10.0,4.4,14,145.0,17.613,1.07,us,14.39,1.9,0.179,11
13.3812,146.3363,10.0,4.5,21,111.0,1.443,0.54,us,9.28,1.914,0.15,13
9.1818,93.7574,10.0,4.6,72,94.0,5.043,0.66,us,8.53,1.88,0.076,52
-55.2178,-29.0227,10.0,4.9,36,68.0,4.425,0.87,us,9.09,1.658,0.094,35
51.6429,160.2175,10.0,4.2,17,149.0,1.684,0.78,us,10.82,1.975,0.167,13
51.4566,158.0741,79.5,4.4,52,126.0,1.609,0.86,us,10.04,7.092,0.064,69
51.9521,159.1268,76.578,4.3,33,137.0,1.112,0.71,us,11.46,8.086,0.109,24
52.4958,158.946,86.428,4.3,36,149.0,0.558,0.52,us,10.89,6.937,0.099,29
51.2261,160.9503,10.0,4.7,93,123.0,2.291,0.49,us,7.46,1.906,0.058,89
8.4799,-103.746,10.0,4.4,36,264.0,10.34,0.52,us,10.28,1.951,0.092,37
49.7119,157.2208,35.0,4.1,37,134.0,3.414,0.68,us,10.39,1.944,0.103,26
-20.0717,-69.273,92.922,4.1,36,101.0,0.132,1.24,us,6.95,9.107,0.145,13
52.8182,160.7089,35.0,4.2,31,119.0,1.263,0.87,us,6.24,1.924,0.101,27
52.1406,-168.5339,28.671,3.8,21,218.0,0.856,1.0,us,8.44,13.924,0.108,22
-6.1773,131.1885,65.107,4.6,56,90.0,2.083,0.55,us,7.51,7.54,0.083,43
-56.7749,-67.6093,10.0,4.6,27,184.0,1.847,0.37,us,13.67,1.95,0.122,20
37.6199,21.6277,10.0,4.3,40,88.0,0.5,0.8,us,5.43,1.908,0.129,17
64.5488,-39.9738,10.0,4.5,77,56.0,4.217,0.63,us,8.67,1.881,0.028,381
-20.6284,-177.8146,486.497,4.2,30,132.0,4.845,0.35,us,14.51,9.055,0.099,28
7.1788,127.0606,28.985,4.6,49,92.0,1.474,0.89,us,6.39,5.37,0.081,49
12.4391,-89.3216,10.0,4.3,56,192.0,1.32,0.62,us,5.7,1.967,0.081,44
53.0254,161.2413,35.0,4.4,23,118.0,1.565,0.51,us,7.7,1.876,0.114,22
46.8692,150.7246,185.141,4.1,32,151.0,6.342,0.85,us,14.04,10.227,0.117,22
-0.8989,120.3595,10.0,4.5,40,78.0,1.628,0.98,us,5.23,1.87,0.111,24
51.2867,159.4698,10.0,4.3,20,162.0,1.811,1.13,us,8.21,1.952,0.154,12
53.0294,160.8521,28.898,4.3,28,143.0,1.33,1.01,us,13.65,7.025,0.122,19
-17.0648,167.9348,23.559,4.4,22,159.0,1.755,0.58,us,10.27,6.584,0.134,16
50.4602,157.1083,64.293,4.4,29,135.0,2.677,0.37,us,8.73,8.579,0.13,17
9.6159,138.2209,10.0,4.6,27,96.0,4.34,0.73,us,9.88,1.902,0.107,26
51.8021,158.8091,26.956,4.5,34,124.0,1.227,1.19,us,10.44,6.25,0.103,28
43.0295,88.2292,10.0,4.9,111,39.0,5.028,0.75,us,8.13,1.775,0.043,169
52.5653,160.8644,10.0,4.1,18,203.0,1.421,0.85,us,9.0,1.996,0.117,20
51.135,159.0378,35.0,4.8,30,129.0,1.906,0.94,us,10.63,1.942,0.093,36
51.2567,159.4751,10.0,4.3,36,137.0,1.841,0.43,us,11.11,1.926,0.111,23
0.5079,123.6649,260.89,4.7,103,62.0,4.537,0.85,us,7.34,7.143,0.048,130
52.2664,160.2345,35.0,4.7,36,140.0,1.228,1.37,us,11.06,1.939,0.093,35
3.7252,127.3883,47.66,4.2,26,107.0,2.151,0.62,us,7.35,8.612,0.124,18
-9.6313,125.0453,10.0,4.1,11,131.0,0.777,0.98,us,7.37,1.938,0.213,6
-13.661,122.3247,10.0,4.3,10,118.0,4.323,0.67,us,9.03,1.993,0.237,6
50.0851,158.3609,26.091,4.0,24,134.0,2.948,0.79,us,12.05,6.181,0.134,15
9.9384,-70.7343,10.0,4.2,8,202.0,1.053,0.51,us,12.44,1.979,0.236,5
52.5041,158.7499,92.733,4.4,71,130.0,0.879,0.62,us,9.24,6.677,0.066,70
-9.6951,122.1727,66.901,4.2,22,74.0,1.055,0.76,us,6.15,8.55,0.146,13
-5.439,153.1298,10.0,4.4,33,83.0,1.57,0.76,us,9.07,1.893,0.114,24
49.0866,157.9168,10.0,4.5,39,138.0,10.376,0.41,us,14.57,1.92,0.075,52
-5.9875,147.4084,10.0,4.6,29,70.0,3.404,0.9,us,10.73,1.866,0.123,20
44.4963,146.5691,147.488,4.5,98,132.0,2.879,0.6,us,10.48,7.762,0.059,83
1.2119,128.7123,11.376,4.2,33,77.0,3.276,0.6,us,7.63,4.926,0.118,20
50.3301,159.134,10.0,4.4,21,133.0,2.714,0.71,us,11.28,1.924,0.155,12
-5.9578,150.0082,48.106,4.0,14,99.0,2.594,0.66,us,11.59,5.626,0.165,10
52.546,160.9573,10.0,4.4,37,134.0,1.481,0.97,us,8.61,1.814,0.108,25
13.0031,-89.7542,39.363,4.3,107,174.0,0.894,1.31,us,5.21,9.338,0.054,95
51.2975,159.674,10.0,5.0,14,242.0,1.84,0.74,us,9.63,1.999,0.17,15
1.8386,127.3351,110.16,4.3,31,97.0,1.06,0.66,us,6.83,8.847,0.122,19
12.567,145.3836,10.0,4.5,28,110.0,1.133,0.78,us,9.01,1.468,0.131,17
-21.3336,170.8309,177.097,4.3,20,214.0,3.389,0.67,us,15.47,10.412,0.129,18
-37.1699,-16.9678,10.0,4.5,16,70.0,3.72,0.56,us,12.66,1.893,0.145,14
49.4127,156.648,10.0,4.4,25,138.0,3.759,1.24,us,10.69,1.912,0.12,20
51.3574,160.716,10.0,4.2,14,167.0,2.098,0.85,us,8.03,1.816,0.175,9
-14.3466,166.454,10.0,4.3,16,183.0,1.312,1.06,us,10.78,1.967,0.153,12
-9.5515,112.6251,36.169,4.0,14,90.0,1.852,0.81,us,7.13,11.179,0.164,10
52.4535,160.961,28.626,4.3,42,122.0,1.517,0.93,us,11.34,6.28,0.08,44
-19.0881,43.7141,10.0,4.6,23,105.0,3.325,0.73,us,9.43,1.924,0.12,21
51.0955,157.0591,81.686,4.3,25,138.0,2.054,0.5,us,10.49,8.117,0.147,13
51.4563,159.6767,35.0,4.0,18,137.0,1.692,0.75,us,13.36,1.949,0.144,13
52.2422,160.3207,35.0,4.3,30,123.0,1.284,1.29,us,8.98,1.93,0.116,21
16.6079,-59.4498,10.0,4.2,21,216.0,1.578,0.67,us,10.35,1.966,0.2,7
-13.2903,167.002,206.545,4.4,27,146.0,2.153,1.06,us,14.48,6.581,0.108,25
39.6661,143.2604,10.0,4.9,62,129.0,2.021,0.83,us,6.09,1.877,0.054,109
51.6538,160.1251,26.207,4.0,15,127.0,1.643,0.55,us,7.46,6.66,0.212,7
2.5581,95.8302,33.799,4.2,22,204.0,2.143,0.36,us,9.92,7.626,0.136,15
2.4992,66.7693,10.0,4.5,19,121.0,6.534,1.03,us,13.51,1.939,0.164,11
-18.2148,168.1202,52.373,4.3,14,157.0,4.147,0.47,us,12.07,9.713,0.178,9
53.1494,160.6917,10.0,4.7,87,141.0,1.238,0.69,us,4.73,1.786,0.029,362
9.1689,126.7853,9.868,4.7,21,101.0,2.403,0.88,us,10.75,4.713,0.147,14
41.2125,142.9725,45.06,4.8,70,134.0,0.814,0.79,us,6.58,3.629,0.05,125
17.5423,-83.2493,10.0,4.2,50,41.0,5.229,1.29,us,8.06,1.923,0.088,38
-17.7144,-178.8302,526.44,4.1,59,68.0,2.115,0.75,us,14.38,8.032,0.084,43
49.7864,156.7986,35.0,4.1,23,133.0,3.374,1.13,us,10.35,1.937,0.158,11
49.913,156.0453,69.78,4.2,67,135.0,3.362,0.57,us,11.73,7.994,0.075,49
51.5601,160.2217,10.0,5.0,82,157.0,2.191,0.78,us,9.03,1.924,0.066,72
-8.9372,124.2452,72.183,4.2,9,143.0,0.813,0.74,us,12.04,9.687,0.235,5
-55.6902,-26.2571,10.0,4.5,22,116.0,6.056,0.62,us,11.21,1.815,0.14,17
-4.0563,152.968,10.0,4.6,26,148.0,0.813,0.67,us,6.29,1.945,0.114,23
23.2043,120.386,10.0,4.4,36,128.0,0.244,0.71,us,3.17,1.852,0.123,20
56.4829,113.4066,10.0,4.3,23,109.0,7.487,0.9,us,9.71,1.932,0.153,12
51.8763,152.8394,413.902,4.3,87,121.0,3.216,0.68,us,11.64,7.985,0.036,217
-32.682,-179.6924,10.0,4.3,7,250.0,5.137,0.15,us,13.72,2.011,0.188,8
17.9665,145.2986,311.505,3.9,24,135.0,2.751,0.66,us,16.14,11.579,0.128,16
52.7357,160.7206,35.0,4.3,20,148.0,1.288,0.8,us,5.54,1.952,0.178,9
13.238,50.0275,10.0,4.6,84,60.0,5.633,0.62,us,10.97,1.889,0.064,72
-31.6474,-177.8278,10.0,4.7,19,238.0,6.705,1.29,us,14.68,1.98,0.142,16
40.9883,142.7584,49.285,4.5,53,95.0,1.068,0.5,us,5.36,6.09,0.09,36
4.6501,92.2411,10.0,4.5,34,154.0,4.724,0.96,us,10.76,1.922,0.11,24
6.7107,126.8745,85.27,4.7,30,133.0,1.335,0.66,us,10.51,3.87,0.106,27
51.8121,158.8733,63.989,4.6,43,130.0,1.221,0.81,us,9.73,7.587,0.08,46
13.8426,144.8408,151.627,4.2,18,91.0,0.253,0.57,us,12.13,4.836,0.159,11
14.9854,-60.2591,50.845,4.4,31,188.0,0.789,0.5,us,8.24,8.874,0.117,21
-6.1939,131.5375,27.083,4.6,32,94.0,2.324,0.65,us,7.47,6.41,0.129,21
51.2851,159.4375,20.422,4.5,42,138.0,1.807,1.03,us,11.04,4.364,0.097,31
7.18,126.9502,66.934,4.9,51,72.0,1.365,0.83,us,8.18,7.643,0.087,41
16.8635,120.0268,35.0,5.4,87,46.0,6.005,0.85,us,8.15,1.866,0.04,209
-8.5607,-79.5675,41.559,4.8,64,139.0,4.334,1.0,us,11.12,8.117,0.043,166
4.3473,128.528,10.0,4.3,27,89.0,3.064,0.6,us,8.55,1.89,0.133,16
51.5411,158.3911,35.352,4.4,96,126.0,1.493,0.6,us,5.05,7.504,0.057,87
-17.5516,-178.8583,525.942,4.4,37,117.0,2.003,0.81,us,16.13,8.753,0.106,27
13.967,-92.5853,22.359,4.6,71,157.0,1.158,1.25,us,6.19,7.071,0.03,329
19.1885,146.2372,91.59,4.5,36,152.0,3.949,0.74,us,15.67,9.777,0.101,29
0.8093,-27.9489,10.0,4.7,143,90.0,16.093,0.63,us,11.14,1.901,0.047,145
-55.1928,-129.4491,10.0,4.6,16,67.0,30.758,0.75,us,17.7,1.877,0.165,11
9.4361,94.1008,10.0,4.3,22,177.0,5.497,0.63,us,12.43,1.814,0.138,15
-15.8562,-70.2729,227.492,4.2,22,140.0,1.884,0.89,us,7.91,9.731,0.2,7
-21.9013,-68.5851,140.742,4.0,22,87.0,0.619,0.7,us,6.21,7.4,0.231,6
36.0794,28.0912,10.0,4.1,25,150.0,0.136,0.61,us,4.27,1.86,0.114,21
-14.896,66.8835,10.0,4.5,34,139.0,45.783,0.5,us,16.61,1.925,0.099,30
49.0189,154.9365,80.244,4.1,44,135.0,4.449,0.65,us,10.32,7.915,0.09,37
17.941,-95.1842,128.51,4.3,62,99.0,1.168,0.96,us,6.89,8.326,0.054,98
13.9164,40.0215,10.0,4.3,28,104.0,3.636,0.9,us,10.98,1.939,0.122,19
-1.9782,120.6432,10.0,4.3,32,92.0,0.661,0.9,us,5.61,1.829,0.126,18
52.8322,159.712,61.257,4.1,27,188.0,0.671,1.37,us,11.98,7.454,0.103,26
-41.0183,-91.0404,10.0,4.6,30,181.0,14.482,1.23,us,11.18,1.94,0.11,25
-17.6708,-178.9722,546.798,4.4,122,127.0,1.98,0.63,us,13.34,4.568,0.043,158
-23.3999,-67.1219,213.09,4.1,21,90.0,1.07,1.22,us,10.1,5.405,0.145,13
7.4288,127.2696,10.0,4.5,34,116.0,1.715,0.75,us,8.0,1.895,0.107,26
51.8474,160.5503,10.0,4.5,13,218.0,1.655,0.56,us,7.78,1.982,0.313,4
-19.5757,-68.9497,122.804,4.5,27,63.0,0.248,0.97,us,3.94,4.324,0.14,15
51.2728,159.4839,23.645,4.3,48,109.0,1.827,1.04,us,10.36,5.75,0.091,34
50.3926,158.2487,33.987,4.8,95,132.0,2.646,0.58,us,8.45,5.268,0.045,155
-43.7903,-16.0949,10.0,4.6,26,144.0,7.306,0.71,us,10.57,1.855,0.111,25
-9.1045,125.715,10.0,4.4,21,105.0,1.568,1.12,us,7.57,1.912,0.143,15
-30.7111,-71.4192,45.361,4.0,24,183.0,0.609,0.96,us,4.2,10.422,0.259,4
6.9431,-73.1526,151.092,4.3,91,70.0,2.386,0.81,us,6.71,10.212,0.058,84
13.0953,144.6742,52.351,4.5,33,71.0,0.526,0.72,us,11.81,5.67,0.078,48
39.991,143.6448,10.0,4.5,25,143.0,2.055,0.51,us,7.25,1.914,0.157,12
-7.4124,130.6464,22.162,4.3,20,120.0,2.964,1.14,us,8.84,5.368,0.154,12
14.9056,-93.3302,75.536,4.5,33,182.0,1.151,0.84,us,7.81,11.99,0.05,118
-0.2339,125.8821,54.642,4.6,60,40.0,1.789,0.77,us,6.51,5.28,0.067,68
35.4394,6.4989,10.0,4.5,38,151.0,2.339,0.99,us,7.76,1.902,0.106,26
-20.9434,-178.7453,594.66,4.2,36,122.0,4.389,0.41,us,16.33,8.047,0.136,15
43.2425,87.5389,10.0,4.4,34,102.0,4.621,0.76,us,4.02,1.945,0.112,23
-47.3288,97.6416,10.0,4.4,12,157.0,20.688,0.62,us,11.14,1.946,0.17,10
3.0511,-31.3163,10.0,4.9,36,83.0,9.937,0.69,us,11.48,1.891,0.096,34
28.8164,128.5836,147.312,4.5,45,66.0,1.992,0.77,us,5.41,8.149,0.077,50
51.3561,-176.6699,35.0,3.9,59,187.0,0.533,0.92,us,5.57,1.952,0.079,44
18.6497,145.6157,10.0,4.2,23,135.0,3.394,0.63,us,12.21,1.912,0.131,16
52.886,161.3167,10.0,4.4,13,109.0,1.619,1.06,us,11.52,1.928,0.219,6
-30.1715,-177.5487,35.0,4.3,14,243.0,8.136,0.96,us,9.42,2.008,0.169,10
-17.9965,-178.482,587.926,4.3,56,82.0,2.548,0.48,us,12.59,8.297,0.048,124
15.2311,146.0652,62.592,4.5,31,95.0,0.264,0.53,us,9.09,5.682,0.113,23
34.7095,32.5226,10.0,4.6,75,122.0,0.711,1.08,us,5.42,1.889,0.069,63
-24.8059,-13.5075,10.0,4.6,15,78.0,33.558,0.92,us,14.64,1.898,0.141,15
-8.8044,123.7428,109.792,5.1,86,50.0,1.077,0.86,us,9.84,4.699,0.062,101
-14.6963,167.3546,120.692,4.5,33,142.0,6.515,0.74,us,13.74,8.701,0.118,26
-20.8541,-178.4008,565.849,4.2,46,124.0,4.559,0.82,us,15.09,8.945,0.051,105
-23.6241,179.7862,531.391,4.3,31,98.0,6.07,0.62,us,10.41,11.244,0.111,23
-4.8372,133.9605,10.0,4.4,30,43.0,2.138,1.01,us,5.58,1.916,0.139,15
50.9532,159.1082,19.859,4.3,37,130.0,2.093,1.13,us,10.34,5.429,0.098,29
-15.9833,-175.2045,271.983,4.4,40,57.0,3.898,0.7,us,11.82,7.767,0.085,40
-41.5763,84.8486,10.0,4.8,23,116.0,27.063,0.35,us,14.76,1.906,0.124,20
-33.9276,179.1735,248.268,4.2,22,171.0,3.695,0.99,us,7.43,9.384,0.128,17
11.6266,-86.3268,76.518,4.3,28,132.0,0.525,0.67,us,4.94,6.894,0.091,34
-2.1181,139.0391,35.0,4.8,59,56.0,1.018,0.79,us,5.81,1.848,0.097,41
-22.0936,-68.617,121.752,4.0,19,85.0,0.651,0.7,us,4.06,6.374,0.183,8
43.6603,147.8058,47.63,4.9,113,135.0,3.793,0.41,us,9.8,7.362,0.058,95
12.9162,143.2532,201.838,4.4,65,115.0,1.709,0.43,us,12.85,8.212,0.062,74
52.5928,160.9969,24.31,5.0,116,125.0,1.488,0.89,us,8.5,5.263,0.035,266
51.7785,158.683,61.473,4.2,46,124.0,1.247,0.66,us,8.78,7.63,0.095,31
51.4133,159.6257,10.0,4.3,20,137.0,2.07,1.23,us,12.54,1.923,0.133,16
-56.2489,-24.5863,10.0,4.2,13,130.0,7.08,0.87,us,13.51,1.965,0.147,13
52.3552,160.4302,10.0,5.2,88,78.0,1.274,0.69,us,8.43,1.848,0.066,76
-17.778,168.2859,63.396,4.6,102,100.0,2.54,0.5,us,8.54,7.159,0.059,86
41.0404,142.932,43.061,4.3,63,134.0,0.988,0.51,us,6.36,7.724,0.085,39
-12.7434,169.7165,656.29,4.3,43,63.0,9.344,0.74,us,12.37,9.739,0.087,37
49.2268,156.1364,30.659,4.9,159,75.0,4.009,0.67,us,10.49,5.35,0.046,147
1.1085,125.58,79.47,4.3,32,83.0,0.811,0.9,us,5.62,7.97,0.129,17
43.9036,147.5989,59.817,4.1,21,190.0,3.618,0.78,us,6.47,10.772,0.145,13
-6.0866,147.7569,59.022,4.4,36,72.0,3.349,0.41,us,6.97,5.924,0.098,30
22.9851,63.5117,10.0,4.1,21,146.0,6.962,0.51,us,14.55,1.955,0.135,15
-17.7597,-178.0375,476.548,4.4,31,121.0,2.787,0.37,us,17.8,15.879,0.112,23
13.1425,-91.0373,10.0,4.4,55,183.0,1.437,1.31,us,4.14,1.955,0.042,166
-5.0344,101.7423,10.0,4.4,26,83.0,1.382,0.65,us,4.54,1.909,0.138,15
4.7394,97.0968,13.532,4.2,16,169.0,0.508,0.68,us,5.84,5.606,0.167,10
12.1739,-87.9686,38.535,4.4,26,190.0,1.062,0.92,us,4.57,10.363,0.074,52
52.5327,160.8379,10.0,4.2,25,150.0,1.417,0.4,us,7.31,1.931,0.141,14
-4.7965,153.1888,66.556,4.0,28,122.0,6.423,0.81,us,11.03,7.098,0.108,23
-47.9051,116.1308,10.0,4.5,19,97.0,14.984,0.78,us,13.93,1.874,0.131,17
-5.4514,106.309,158.531,4.0,22,106.0,0.791,0.91,us,11.39,7.525,0.15,15
-22.1756,-179.7187,610.483,4.1,19,204.0,4.881,0.57,us,20.29,23.898,0.14,14
-19.8378,-172.7577,10.0,4.7,37,81.0,2.776,0.91,us,9.74,1.89,0.086,44
54.466,-159.8209,22.654,4.4,49,174.0,0.39,0.91,us,5.18,6.661,0.117,21
34.9173,104.5187,10.0,4.3,26,147.0,1.235,0.84,us,8.01,1.916,0.148,13
51.8128,159.6095,35.0,4.2,23,131.0,1.347,0.73,us,11.69,1.946,0.132,16
-5.8614,150.091,78.12,4.3,21,128.0,2.649,0.72,us,9.22,8.296,0.142,14
51.9529,160.3445,36.582,4.5,79,159.0,1.491,0.74,us,9.9,8.076,0.05,116
50.3111,159.0682,10.0,5.2,97,45.0,2.729,0.81,us,9.15,1.772,0.022,692
66.5111,-17.8354,10.0,4.2,45,60.0,2.288,0.84,us,5.75,1.724,0.1,28
49.2129,157.8451,10.0,4.3,22,137.0,3.849,0.48,us,12.31,1.919,0.153,12
-33.461,78.0184,10.0,4.5,21,86.0,28.297,0.35,us,13.41,1.918,0.125,19
51.5051,161.1757,10.0,4.1,34,121.0,2.173,0.69,us,10.46,1.871,0.107,24
-19.0745,-179.0467,669.556,4.8,54,87.0,2.991,0.95,us,12.85,8.903,0.083,45
-7.1091,150.497,10.0,4.5,61,74.0,3.172,0.84,us,7.15,1.858,0.086,48
52.1365,159.2386,48.513,4.1,29,138.0,0.958,0.67,us,9.52,8.461,0.127,17
19.3217,119.6961,10.0,4.5,61,122.0,3.711,0.53,us,11.03,1.904,0.077,49
52.3064,160.0833,10.0,4.2,27,122.0,1.13,0.5,us,9.46,1.911,0.118,22
-57.6295,157.2052,10.0,4.2,9,144.0,3.286,0.88,us,10.35,1.92,0.215,6
49.0812,156.2578,10.0,4.7,91,131.0,4.133,0.97,us,9.58,1.88,0.06,98
36.2857,70.6103,104.431,4.1,35,96.0,2.139,1.08,us,7.33,9.951,0.114,21
-55.2488,-27.4874,10.0,4.6,29,109.0,5.301,0.86,us,11.17,1.867,0.114,23
-52.3544,28.0513,10.0,4.5,13,105.0,20.645,0.85,us,12.72,1.666,0.163,12
-1.2716,-77.6039,186.918,4.5,75,62.0,0.475,0.74,us,8.05,2.115,0.054,103
10.7212,123.692,10.0,4.5,28,100.0,4.079,1.05,us,9.63,1.789,0.113,23
50.84,156.4149,123.572,4.1,18,137.0,2.406,0.58,us,12.4,6.058,0.144,13
18.2891,120.7619,55.616,4.4,41,125.0,4.515,0.68,us,12.12,9.05,0.088,37
-18.1334,-178.3603,519.086,4.4,46,131.0,2.722,0.83,us,14.93,7.648,0.066,67
49.8424,155.9951,74.82,4.5,81,132.0,3.439,0.59,us,6.08,6.8,0.052,110
13.7493,144.6709,162.675,4.1,15,131.0,0.249,0.41,us,14.67,5.728,0.174,10
26.0221,128.3885,10.0,4.3,23,79.0,0.817,1.2,us,5.63,1.259,0.142,14
51.9391,160.3837,35.0,4.2,15,201.0,1.518,0.4,us,8.22,1.935,0.132,16
52.598,161.0609,10.0,4.7,18,181.0,1.524,0.98,us,14.21,2.0,0.174,11
4.3802,-73.1981,10.0,4.7,65,63.0,1.211,1.15,us,8.19,0.579,0.072,59
-7.9282,117.6939,8.364,4.1,20,81.0,0.897,0.82,us,3.73,5.23,0.213,7
52.4694,160.352,24.799,4.5,29,150.0,1.174,0.85,us,8.57,6.529,0.127,18
52.1912,160.7387,10.0,4.3,13,124.0,1.522,0.65,us,8.03,1.941,0.168,10
52.263,160.126,32.103,4.4,36,123.0,1.179,0.52,us,7.93,5.667,0.097,31
-7.0091,150.2701,10.0,4.8,40,143.0,3.375,1.08,us,9.71,1.886,0.088,40
49.8601,155.7493,73.855,4.5,67,135.0,3.473,0.45,us,12.21,7.576,0.055,99
51.5151,157.7795,90.253,4.5,58,131.0,1.596,0.64,us,6.67,7.822,0.057,91
29.2121,129.4659,10.0,4.3,25,123.0,2.443,0.91,us,8.51,1.912,0.129,17
29.2823,129.3891,10.0,4.5,74,108.0,2.402,0.49,us,6.98,1.866,0.074,54
6.6378,125.059,14.506,4.2,11,135.0,0.671,0.71,us,5.81,5.884,0.2,7
5.5626,-72.1709,10.0,4.3,24,60.0,2.257,0.35,us,6.36,1.926,0.142,14
7.073,126.8243,72.22,5.5,114,101.0,1.236,0.98,us,4.18,6.465,0.045,171
-24.4396,179.2269,545.001,4.4,31,98.0,5.418,0.58,us,13.73,13.468,0.105,26
53.4084,160.671,38.728,4.3,30,145.0,1.275,1.22,us,11.22,9.269,0.111,23
38.0017,38.4942,10.0,4.2,22,163.0,0.741,0.53,us,7.48,1.942,0.167,10
26.3136,92.7974,35.0,4.3,43,146.0,3.685,0.64,us,9.54,1.94,0.103,27
-13.3912,167.9925,622.667,4.2,101,45.0,2.182,0.69,us,10.74,7.166,0.053,99
51.5651,159.5352,10.0,5.1,113,133.0,1.558,0.82,us,9.72,1.88,0.035,264
38.2645,142.1075,70.56,4.2,25,121.0,2.647,0.72,us,9.02,5.258,0.146,13
-18.6469,-175.7455,278.959,4.4,29,135.0,5.134,0.51,us,15.27,8.591,0.097,31
-8.8757,-75.7111,122.573,4.6,52,119.0,3.286,0.54,us,9.77,7.847,0.055,98
52.6444,160.4965,35.0,4.3,27,147.0,1.183,0.82,us,9.55,1.956,0.133,16
-57.6772,157.9203,16.773,4.9,28,109.0,3.238,0.52,us,7.18,5.232,0.114,24
60.4782,-139.6172,5.0,4.3,60,47.0,0.497,1.01,us,1.96,1.906,0.133,19
24.0592,125.9035,10.0,5.1,51,119.0,1.557,0.95,us,8.12,1.858,0.064,78
-15.1851,-174.8226,274.419,4.2,17,84.0,3.206,0.74,us,12.58,7.938,0.167,10
9.236,93.841,10.0,4.7,61,70.0,5.034,0.66,us,9.0,1.884,0.069,63
-21.1877,-68.7845,114.015,4.4,25,74.0,0.672,0.84,us,5.25,4.974,0.134,16
43.5793,147.9402,35.0,4.3,22,137.0,3.851,0.53,us,12.26,1.945,0.129,17
49.986,156.6867,37.494,5.3,209,68.0,3.19,0.58,us,8.43,5.032,0.021,782
51.6647,159.923,10.0,4.4,36,218.0,1.569,0.77,us,10.43,1.961,0.1,29
-22.988,172.8212,10.0,4.5,13,135.0,4.973,0.61,us,7.43,1.953,0.18,9
-27.2389,-63.2084,552.378,5.0,123,45.0,5.201,0.75,us,11.82,8.309,0.042,178
31.8975,131.843,42.271,4.5,51,126.0,1.247,0.82,us,7.0,7.79,0.083,43
51.2688,159.7006,10.0,4.1,24,129.0,1.873,1.09,us,8.47,1.907,0.158,14
7.3616,127.4039,10.0,4.3,50,64.0,3.238,0.93,us,7.53,2.432,0.082,42
52.0258,160.555,10.0,4.3,22,124.0,1.534,0.8,us,9.33,1.917,0.133,16
-57.611,-10.5505,10.0,4.8,21,89.0,14.868,0.78,us,14.2,1.896,0.131,18
51.566,159.6404,10.0,5.1,118,111.0,1.581,1.31,us,4.73,1.842,0.031,339
50.3549,159.111,10.0,4.9,68,129.0,2.688,0.95,us,7.17,1.861,0.076,55
51.5091,156.5736,10.0,4.1,45,238.0,1.744,0.33,us,11.11,1.977,0.087,36
7.3775,-78.0484,10.0,4.5,38,104.0,2.509,1.04,us,6.72,1.87,0.104,27
-2.862,101.1384,62.216,4.5,40,189.0,2.346,0.75,us,9.9,9.426,0.104,27
-6.093,145.9206,139.411,4.2,29,133.0,3.512,1.12,us,12.29,7.156,0.128,17
-31.7194,-71.7969,32.539,4.4,39,146.0,0.77,0.64,us,5.31,5.877,0.154,12
51.2523,159.2584,10.0,4.8,83,122.0,1.813,1.01,us,8.64,1.875,0.036,232
-57.9207,-24.5323,10.0,4.4,22,104.0,16.434,0.65,us,13.75,1.925,0.115,22
50.2941,159.6438,10.0,4.3,42,173.0,2.802,0.47,us,10.03,1.947,0.096,32
52.4386,160.6506,10.0,4.4,33,151.0,1.35,0.62,us,7.06,1.933,0.126,20
-0.5648,134.7547,21.378,4.3,22,83.0,1.103,0.48,us,8.4,6.214,0.137,15
49.9132,155.8791,83.59,4.4,35,138.0,3.395,0.58,us,12.3,8.402,0.099,29
51.4196,159.9867,10.0,4.3,23,128.0,1.804,1.1,us,6.07,1.901,0.138,15
52.6618,159.9063,39.226,4.3,32,120.0,0.844,0.76,us,10.89,8.515,0.099,29
5.1217,125.5639,10.0,4.3,21,131.0,0.395,1.14,us,7.16,1.906,0.137,15
-5.0175,151.6224,129.352,4.4,48,150.0,0.813,0.51,us,10.54,5.416,0.088,37
52.786,160.6767,19.526,4.3,61,119.0,1.25,0.93,us,10.13,5.283,0.064,68
-5.646,151.7832,35.0,4.5,23,118.0,1.352,0.41,us,4.66,1.924,0.144,14
39.5659,143.0305,34.797,4.1,17,198.0,1.94,0.9,us,9.57,4.962,0.198,8
29.2307,129.268,10.0,5.2,80,64.0,2.491,1.1,us,6.4,1.84,0.043,181
-17.7485,-178.3923,558.289,4.7,171,72.0,2.485,0.79,us,12.04,6.167,0.035,252
-7.0057,129.5203,159.477,5.4,102,20.0,4.885,0.71,us,4.24,6.665,0.043,188
39.6876,143.0464,10.0,4.4,24,190.0,1.874,1.1,us,5.48,1.964,0.143,14
50.9212,158.8723,10.0,4.4,51,130.0,2.11,0.79,us,9.61,1.901,0.084,41
-20.3805,-177.4393,501.504,4.4,35,131.0,4.923,0.78,us,15.15,10.717,0.101,28
54.5036,161.1448,49.785,4.5,132,137.0,2.096,0.77,us,10.2,7.455,0.048,128
41.8774,87.9952,10.0,4.5,50,112.0,6.012,1.01,us,11.25,1.909,0.095,32
27.4432,102.9337,10.0,4.2,41,94.0,6.408,0.36,us,10.6,1.91,0.096,32
2.952,-31.2752,10.0,4.5,46,64.0,9.869,0.64,us,10.62,1.872,0.088,38
17.2051,19.5011,10.0,4.4,55,79.0,14.257,0.85,us,10.96,1.931,0.076,50
-29.3489,-71.46,38.049,4.0,27,141.0,0.6,1.07,us,4.13,10.869,0.367,2
-7.0885,155.8877,133.175,4.5,47,98.0,4.647,0.93,us,9.86,7.643,0.085,41
34.059,23.3056,35.0,4.0,46,186.0,3.309,0.79,us,9.47,1.991,0.111,22
53.6015,-166.5782,75.847,3.7,33,148.0,0.231,0.51,us,9.42,10.892,0.168,9
52.2876,160.2673,38.913,4.4,43,166.0,1.766,0.99,us,11.89,8.49,0.091,37
37.9638,141.7045,61.83,4.4,76,124.0,2.865,0.67,us,8.29,6.024,0.066,66
-29.7175,-71.2545,50.446,4.8,50,123.0,0.201,0.7,us,3.34,5.935,0.032,296
-17.4204,-173.687,38.466,4.4,19,142.0,19.39,0.33,us,15.05,8.305,0.149,15
51.4769,159.1385,45.09,4.3,31,127.0,1.578,0.63,us,9.59,6.819,0.129,17
-10.7956,164.4449,10.0,4.6,32,129.0,4.629,0.48,us,5.92,1.898,0.105,27
12.9684,145.6685,10.0,4.9,49,55.0,0.994,0.8,us,6.89,1.843,0.052,117
51.3274,160.9499,10.0,4.2,22,130.0,2.211,0.97,us,10.21,1.917,0.152,16
50.4404,156.3974,79.264,5.6,184,43.0,2.791,0.64,us,8.6,6.891,0.029,417
7.4907,127.1824,10.0,4.0,12,159.0,1.645,0.89,us,9.11,1.827,0.196,7
40.9028,142.9449,35.0,4.1,17,154.0,1.123,0.87,us,4.05,1.927,0.198,7
34.461,62.0597,10.0,4.1,24,117.0,7.081,0.88,us,10.02,1.961,0.126,17
53.2233,159.5924,67.161,4.4,123,133.0,0.602,0.77,us,10.15,6.92,0.051,111
52.9588,161.2059,10.0,4.3,18,138.0,1.546,0.95,us,9.67,1.872,0.188,10
-19.4012,-176.545,310.539,4.4,69,123.0,4.855,0.37,us,12.74,3.821,0.081,44
38.0915,20.341,42.571,4.1,36,119.0,1.553,0.99,us,6.39,10.659,0.14,14
54.4231,-159.7891,24.221,4.2,93,168.0,0.425,0.73,us,3.85,5.893,0.152,12
49.7987,156.9021,35.0,4.4,46,137.0,3.352,0.97,us,12.37,1.938,0.082,44
39.2334,27.9322,10.0,4.1,28,58.0,0.815,0.65,us,3.65,1.957,0.165,10
51.3303,159.7379,24.0,4.3,18,214.0,1.823,0.78,us,12.82,9.005,0.168,10
52.4951,160.8899,10.0,5.4,99,109.0,1.46,1.35,us,7.04,1.728,0.029,390
-5.9843,146.2924,112.408,4.8,77,79.0,3.505,0.82,us,7.36,3.64,0.047,144
-24.2743,-67.2303,168.914,4.2,23,65.0,1.578,0.99,us,11.71,10.609,0.167,10
50.6327,158.4899,10.0,4.3,29,127.0,2.396,0.87,us,8.56,1.876,0.133,16
2.4651,126.7563,48.141,4.5,38,104.0,2.588,0.88,us,10.74,7.63,0.107,26
52.0546,160.4213,10.0,4.7,38,122.0,1.453,1.2,us,9.66,1.894,0.07,67
8.8276,-83.937,10.0,4.4,26,145.0,0.91,0.8,us,8.17,1.907,0.131,17
54.4719,-159.8452,36.302,3.9,36,208.0,0.39,0.75,us,5.36,5.008,0.148,12
-8.4001,112.9424,140.342,4.3,34,101.0,1.199,0.78,us,9.71,7.662,0.103,27
54.551,-160.1022,35.174,3.5,65,194.0,0.409,0.9,us,4.33,18.875,0.174,9
51.4361,159.5026,35.0,5.0,86,127.0,1.674,0.86,us,9.87,1.911,0.056,102
-27.79,-177.6507,126.865,4.0,17,160.0,1.47,0.47,us,14.74,7.748,0.144,17
-35.6119,-179.602,10.0,4.4,20,226.0,2.573,1.25,us,10.39,1.921,0.144,14
51.3528,157.5778,69.897,4.5,30,126.0,1.76,1.15,us,12.0,8.292,0.113,23
52.221,159.6112,52.772,4.6,99,119.0,0.995,0.61,us,9.42,6.823,0.059,84
-7.2875,39.9414,10.0,4.3,12,106.0,5.248,1.34,us,6.85,1.952,0.266,4
16.0167,147.1132,35.0,4.4,41,96.0,1.491,0.93,us,9.42,1.919,0.094,33
52.0447,160.1242,34.473,4.6,77,133.0,1.823,0.68,us,11.9,5.967,0.068,65
24.3662,122.205,55.14,4.2,18,124.0,0.589,0.9,us,3.34,8.173,0.216,6
52.4631,160.594,35.0,4.5,32,214.0,1.308,1.15,us,12.35,1.989,0.116,22
-15.3566,-72.037,118.506,4.3,18,125.0,3.309,1.38,us,8.75,9.624,0.101,28
48.8812,155.9025,35.0,4.6,40,137.0,4.382,0.85,us,12.46,1.937,0.095,33
-23.1093,-177.0071,170.159,4.8,20,172.0,7.066,0.91,us,18.14,5.451,0.135,19
-24.4318,-67.2982,200.54,4.2,25,75.0,1.68,0.89,us,7.06,11.735,0.147,13
46.6326,153.0254,35.0,4.5,52,144.0,7.055,0.56,us,10.31,1.906,0.094,33
5.096,125.2731,40.915,4.3,36,116.0,0.415,0.68,us,7.11,4.22,0.109,24
49.5336,155.2825,85.549,4.1,49,138.0,3.887,0.55,us,12.97,8.156,0.067,62
5.9851,-77.569,10.0,4.3,21,126.0,3.426,1.3,us,8.78,1.939,0.126,18
48.9068,154.6652,67.16,4.1,17,168.0,4.622,0.84,us,10.33,10.831,0.197,7
52.274,160.4942,10.0,4.2,25,123.0,1.351,0.91,us,7.17,1.804,0.128,17
-49.1395,124.9343,10.0,4.5,20,67.0,16.718,0.8,us,13.54,1.899,0.131,19
-24.4969,-67.9147,130.0,4.2,27,85.0,1.557,0.64,us,2.8,2.0,0.199,7
52.7885,160.5759,38.152,5.1,127,100.0,1.19,0.65,us,10.43,5.304,0.024,586
49.2988,156.5191,10.0,5.7,52,86.0,3.886,0.74,us,10.14,1.867,0.104,33
30.2671,69.8789,10.0,4.6,25,172.0,4.282,0.9,us,12.27,1.954,0.133,17
-4.9685,102.9052,59.367,4.7,54,92.0,0.606,0.72,us,6.0,6.574,0.092,36
1.2621,96.7469,10.0,4.8,42,189.0,2.599,1.21,us,10.58,1.938,0.093,36
51.2022,159.3423,10.0,4.3,25,187.0,1.873,1.03,us,10.46,1.964,0.138,17
52.0231,160.4865,10.0,4.4,21,179.0,1.504,1.02,us,11.51,1.957,0.162,11
7.3345,126.9573,80.329,4.5,61,54.0,1.392,0.68,us,8.63,7.062,0.076,51
53.2217,161.2928,10.0,4.3,41,116.0,1.605,1.38,us,8.31,1.864,0.092,34
51.9682,161.5235,10.0,4.7,64,126.0,2.05,0.99,us,3.2,1.87,0.048,133
53.1238,161.6525,10.0,4.5,70,133.0,1.814,0.69,us,9.57,1.887,0.068,64
0.6839,121.5206,100.351,4.4,59,38.0,0.852,0.77,us,5.97,5.583,0.084,41
-57.223,-67.0247,10.0,4.6,33,127.0,2.321,0.54,us,7.43,1.92,0.109,25
-18.7187,-174.7279,87.54,4.7,71,54.0,4.559,0.52,us,11.0,3.383,0.06,85
22.8936,143.7755,40.888,4.6,33,99.0,4.426,0.6,us,11.55,7.39,0.111,24
3.9256,95.869,55.638,4.9,75,138.0,1.682,0.67,us,6.81,6.286,0.054,107
-32.4238,-71.4147,41.215,4.2,22,131.0,0.532,0.75,us,3.23,8.84,0.305,3
-6.2536,131.5376,88.657,4.4,24,56.0,2.367,0.85,us,8.75,10.024,0.12,20
29.2292,129.1858,10.0,5.2,97,87.0,2.517,0.99,us,2.92,1.817,0.038,231
-6.5375,129.9481,130.852,4.2,20,127.0,2.002,0.6,us,10.05,8.549,0.175,9
52.5479,-169.6073,35.0,3.6,43,185.0,0.249,1.32,us,4.23,1.977,0.104,23
51.4935,159.882,32.936,4.3,19,137.0,1.709,0.81,us,9.31,6.917,0.177,11
7.6715,127.1779,35.0,4.4,17,115.0,1.695,0.96,us,9.08,1.854,0.139,15
9.0575,93.7358,10.0,4.3,23,179.0,5.815,1.09,us,9.03,1.868,0.154,13
47.1643,146.8176,359.923,4.4,91,133.0,2.781,0.7,us,10.89,7.497,0.064,71
34.7678,24.068,47.995,4.3,33,111.0,2.651,1.03,us,9.82,9.469,0.109,24
-25.4227,-177.1364,122.376,4.9,118,74.0,3.872,0.71,us,10.15,6.362,0.034,270
52.285,160.5955,10.0,4.9,41,123.0,1.397,1.18,us,9.27,1.896,0.081,48
1.6196,127.2088,142.172,4.1,24,122.0,0.857,1.12,us,7.07,5.794,0.157,13
52.7294,160.2751,28.675,4.6,75,128.0,1.028,0.96,us,10.39,6.116,0.045,145
-15.4825,-174.7845,155.759,4.6,26,68.0,3.299,0.3,us,13.12,7.978,0.137,16
-19.8008,-177.8295,572.2,4.3,21,122.0,4.244,0.46,us,14.23,10.808,0.129,17
54.6117,160.4383,9.949,4.4,37,131.0,1.912,0.65,us,8.53,4.672,0.062,76
-15.5806,-69.1962,260.68,4.5,161,127.0,1.243,0.77,us,9.91,6.451,0.029,351
32.8796,24.4403,10.0,4.5,21,211.0,3.487,0.95,us,7.17,1.961,0.204,7
29.2677,129.4653,10.0,4.9,60,57.0,2.391,0.85,us,6.53,1.306,0.041,192
21.6082,143.0361,314.38,4.1,61,66.0,5.518,0.49,us,11.76,7.781,0.087,39
51.1378,159.3287,27.863,4.0,9,222.0,1.934,0.53,us,9.34,10.103,0.258,5
25.067,125.0297,35.624,4.3,44,105.0,0.996,1.07,us,6.09,8.616,0.111,25
-47.5585,165.4913,10.0,4.4,26,107.0,1.614,1.0,us,10.05,1.932,0.149,13
-18.1853,167.9304,25.671,4.5,13,180.0,2.811,0.68,us,9.93,11.044,0.192,8
-2.2304,139.1037,35.0,5.0,53,60.0,1.068,0.74,us,6.5,1.88,0.071,63
52.5714,160.6638,35.0,4.3,11,137.0,1.304,0.5,us,15.24,1.96,0.266,4
11.6636,141.8368,10.0,5.2,93,54.0,3.524,0.91,us,8.23,1.846,0.031,341
25.0545,128.6587,10.0,4.1,20,101.0,1.808,1.21,us,6.17,1.912,0.158,13
51.6074,158.6189,35.0,4.6,25,208.0,1.418,0.82,us,11.29,1.976,0.107,26
0.2945,-60.5105,11.668,4.0,19,63.0,6.482,0.34,us,9.1,2.756,0.164,10
50.1987,157.6286,35.0,4.2,20,230.0,2.899,1.27,us,14.32,1.96,0.152,12
46.0482,151.6411,35.0,4.5,45,170.0,6.69,0.43,us,11.58,1.975,0.102,28
34.0534,48.1937,10.0,4.3,32,106.0,2.3,0.63,us,11.41,1.927,0.098,30
-24.3135,-67.3394,177.294,4.2,31,60.0,1.559,1.03,us,4.46,7.968,0.121,20
32.3875,140.0058,104.545,4.5,35,147.0,0.743,0.94,us,11.14,6.94,0.106,26
50.7446,157.1493,50.573,5.2,124,129.0,2.392,0.57,us,9.3,6.398,0.057,102
51.4199,159.6794,37.108,4.4,21,153.0,1.726,0.72,us,11.12,8.499,0.149,13
51.3367,160.2931,10.0,4.3,34,136.0,1.969,0.67,us,11.72,1.926,0.111,23
52.8311,159.6597,68.279,4.7,131,130.0,0.641,0.64,us,9.91,6.611,0.051,115
53.4356,160.8607,35.0,4.3,50,161.0,1.392,0.85,us,5.07,1.949,0.089,39
30.9115,77.3908,15.386,4.4,39,119.0,7.829,0.82,us,14.28,4.824,0.108,25
-8.8943,159.8465,78.842,5.0,60,38.0,0.55,1.02,us,10.85,5.427,0.042,183
52.9381,159.7145,58.265,4.3,29,118.0,0.649,0.43,us,6.89,6.912,0.126,18
3.2525,126.2225,50.714,4.5,30,58.0,1.647,0.57,us,7.18,8.49,0.125,19
-31.4451,78.9003,10.0,5.0,49,76.0,18.187,0.82,us,11.51,1.794,0.072,62
-21.7269,-68.4249,131.822,4.3,18,87.0,0.763,0.74,us,5.88,7.398,0.267,4
-19.9635,-12.372,10.0,5.1,31,211.0,27.203,1.07,us,17.36,1.976,0.101,32
52.2721,160.5301,10.0,4.4,25,214.0,1.371,0.53,us,10.69,1.98,0.127,18
44.5259,149.1564,53.422,4.3,28,143.0,4.727,0.75,us,9.78,8.692,0.111,23
53.2389,161.4336,25.407,4.2,34,116.0,1.691,0.76,us,10.14,5.871,0.104,29
32.25,142.1296,10.0,4.6,53,138.0,2.135,0.82,us,6.83,1.842,0.093,34
5.8112,125.5447,67.379,4.6,78,86.0,1.073,0.69,us,8.45,5.791,0.067,67
-7.0179,129.8029,111.775,4.5,38,93.0,2.481,0.61,us,9.17,7.558,0.097,31
-20.932,-67.5033,177.033,4.1,26,59.0,1.735,1.24,us,7.4,8.811,0.151,12
43.2082,148.2215,10.0,4.3,32,137.0,3.923,1.02,us,8.58,1.791,0.116,21
10.9734,-62.3724,93.251,4.5,83,84.0,1.35,0.63,us,6.84,5.437,0.056,93
-47.8647,116.0413,10.0,4.4,21,141.0,14.948,0.74,us,15.26,1.92,0.13,17
53.1002,159.8687,59.138,4.2,38,159.0,0.74,0.87,us,11.26,9.077,0.095,31
-48.8483,123.8442,10.0,4.9,19,79.0,16.658,0.73,us,13.16,1.871,0.144,15
-57.9072,157.6187,10.0,5.8,45,100.0,3.496,0.37,us,9.93,1.878,0.092,43
52.9258,160.7153,35.0,4.3,24,124.0,1.253,0.77,us,5.49,1.947,0.122,19
52.3504,160.366,35.0,5.1,112,152.0,1.243,1.0,us,9.15,1.933,0.042,182
51.1442,159.5663,10.0,4.6,76,123.0,1.965,0.96,us,8.74,1.897,0.068,65
51.253,-174.8606,10.0,3.7,28,226.0,0.99,0.81,us,3.16,1.974,0.168,9
3.9343,126.68,43.357,4.4,43,107.0,1.437,0.78,us,7.32,7.772,0.091,35
53.2472,159.8401,68.333,4.6,119,96.0,0.751,0.51,us,10.26,6.918,0.046,139
-45.1712,167.0898,40.454,4.3,34,101.0,0.297,0.94,us,3.65,8.661,0.201,7
-35.0456,-178.4819,10.0,4.5,16,222.0,3.61,0.58,us,11.58,1.984,0.192,8
39.8246,143.1895,29.917,4.4,54,153.0,1.889,0.79,us,6.98,6.196,0.087,40
52.1594,160.5927,10.0,4.3,36,124.0,1.467,0.61,us,8.4,1.709,0.089,36
9.2882,123.1783,10.0,4.2,15,105.0,3.241,0.72,us,8.85,1.919,0.216,6
-15.4349,67.0469,10.0,4.4,30,60.0,5.545,0.78,us,12.34,1.866,0.115,22
-10.5971,120.1706,10.0,4.2,26,83.0,0.931,0.92,us,4.68,1.896,0.136,15
51.1834,159.3788,34.579,4.1,20,194.0,1.897,0.79,us,12.77,8.729,0.144,13
-57.0537,-68.6834,10.0,4.4,14,154.0,2.207,0.58,us,10.49,1.873,0.19,8
-4.39,153.0537,10.0,4.6,29,119.0,0.909,1.33,us,7.13,1.889,0.129,26
25.9177,104.4729,10.0,4.1,19,180.0,6.206,1.29,us,13.38,1.984,0.145,13
-16.7684,66.846,10.0,4.6,16,133.0,55.898,0.59,us,12.78,1.909,0.182,10
45.8993,148.1129,183.581,4.5,90,61.0,3.85,0.85,us,9.37,6.991,0.035,247
52.298,160.5322,10.0,4.9,104,121.0,1.357,0.63,us,7.73,1.854,0.043,170
3.7923,126.6283,52.392,4.5,42,58.0,1.479,0.67,us,6.27,9.302,0.094,33
-21.2803,-68.7253,118.559,4.0,13,92.0,0.704,0.63,us,6.27,8.393,0.258,4
-24.044,178.7717,544.318,4.1,18,175.0,6.303,1.01,us,21.09,13.903,0.14,17
2.9552,-31.3953,10.0,4.5,23,113.0,20.505,0.93,us,12.95,1.871,0.121,20
-36.8604,-74.4156,10.0,4.4,14,211.0,2.657,0.45,us,9.62,2.002,0.202,7
30.4466,69.518,37.479,4.4,111,66.0,8.196,0.49,us,10.15,6.977,0.056,99
-19.9329,-69.3401,103.094,4.3,18,133.0,0.271,0.64,us,6.33,3.687,0.238,5
9.167,94.0027,10.0,4.6,19,177.0,5.562,0.84,us,11.92,1.956,0.165,11
-0.0936,123.2974,146.886,4.4,59,69.0,1.079,1.17,us,7.81,7.029,0.077,48
51.5368,159.837,10.0,4.4,20,128.0,1.658,0.96,us,9.04,1.926,0.155,12
-36.5332,-110.6034,10.0,5.0,54,115.0,9.44,0.72,us,12.35,1.88,0.038,218
-27.1652,-175.9607,10.0,4.6,30,164.0,10.884,0.82,us,14.85,1.91,0.11,25
-52.5538,28.2409,10.0,4.5,16,119.0,20.87,0.46,us,10.57,1.901,0.136,16
37.4761,140.3752,113.547,4.0,36,134.0,1.969,0.71,us,8.72,6.321,0.111,22
56.1704,163.5397,10.0,4.4,64,127.0,4.574,0.86,us,10.83,1.887,0.068,63
52.1414,160.3646,10.0,4.4,26,122.0,1.369,0.93,us,8.87,1.899,0.123,21
60.3945,-139.5724,10.0,4.1,41,84.0,0.453,0.9,us,4.46,1.319,0.261,4
23.0925,143.4046,35.0,4.4,20,121.0,4.136,0.79,us,15.21,1.941,0.144,14
52.8686,161.0934,10.0,4.7,72,165.0,1.487,0.92,us,11.34,1.931,0.037,220
30.3408,69.9587,10.0,4.6,41,96.0,4.22,1.2,us,8.58,1.776,0.099,30
48.8544,156.0836,10.0,4.9,69,134.0,4.38,0.87,us,11.62,1.893,0.046,150
-7.0084,155.5506,113.056,4.0,29,96.0,4.381,0.62,us,10.16,7.735,0.106,26
30.5334,103.2064,10.0,4.9,64,39.0,5.423,0.78,us,4.93,1.886,0.071,62
50.0196,157.7816,35.0,4.1,24,186.0,3.057,1.22,us,13.45,1.983,0.139,14
-17.9522,-178.1792,557.575,4.1,22,83.0,2.763,0.37,us,15.44,10.668,0.127,17
-3.0498,-80.2418,52.291,4.2,32,123.0,1.099,0.92,us,6.73,11.154,0.118,20
24.8149,-107.3051,10.0,4.2,60,201.0,1.748,1.09,us,6.53,1.972,0.06,78
-28.3753,-178.8203,10.0,4.4,21,126.0,1.167,0.87,us,10.53,1.851,0.162,14
51.2483,159.3828,10.0,4.1,22,142.0,1.834,1.05,us,11.88,1.944,0.127,17
53.0284,161.3239,22.407,4.0,34,146.0,1.615,1.21,us,10.82,6.37,0.102,26
52.9209,160.4597,35.0,4.4,27,158.0,1.099,1.23,us,9.61,1.915,0.112,24
2.8493,-101.4716,10.0,4.4,46,207.0,10.998,0.56,us,12.52,1.957,0.085,40
28.2943,56.8932,10.0,4.3,25,83.0,3.392,0.85,us,11.77,1.867,0.125,18
54.6313,161.5996,55.4,4.2,31,105.0,2.377,0.74,us,10.84,8.062,0.091,33
51.6371,159.4358,35.0,4.2,13,155.0,1.47,1.14,us,9.9,1.984,0.199,7
19.3828,39.3851,10.0,4.3,39,135.0,6.773,1.19,us,10.93,1.956,0.089,36
35.2286,76.6052,10.0,4.2,21,171.0,4.518,0.69,us,8.87,1.974,0.159,11
52.1062,160.4997,10.0,4.9,63,121.0,1.456,0.82,us,9.21,1.89,0.052,115
51.5799,160.3171,10.0,4.4,11,187.0,2.219,1.08,us,10.85,1.962,0.179,9
23.9447,121.5836,10.0,5.1,59,69.0,0.228,0.54,us,2.3,1.75,0.044,168
9.6143,126.1051,94.532,4.3,16,135.0,2.581,1.2,us,13.99,7.17,0.161,11
51.7882,159.5901,33.285,4.1,22,218.0,1.365,0.58,us,13.46,9.094,0.14,14
48.3865,153.5989,98.514,4.0,20,139.0,5.395,0.98,us,13.08,9.065,0.126,17
-31.1774,-178.5947,64.353,4.6,22,116.0,2.01,0.67,us,9.77,7.448,0.132,17
3.5734,127.9185,143.192,4.7,100,53.0,2.692,0.67,us,7.74,7.213,0.051,116
-7.3365,128.9356,151.05,4.5,39,70.0,5.205,0.9,us,9.07,5.271,0.104,27
11.9552,143.8021,10.0,4.4,34,112.0,1.929,0.51,us,10.34,1.929,0.109,24
-14.6926,166.886,67.082,4.9,35,106.0,0.81,1.01,us,10.29,7.595,0.091,38
50.6548,87.3988,10.0,4.4,43,104.0,3.603,0.62,us,7.14,1.824,0.089,36
51.7412,159.1298,50.729,4.3,88,138.0,1.317,0.6,us,8.25,7.007,0.061,76
51.6058,160.5796,10.0,4.4,17,228.0,1.849,0.52,us,15.32,1.978,0.169,11
42.2758,143.1513,65.468,4.2,28,143.0,0.261,0.38,us,9.35,6.392,0.132,16
18.3051,146.3914,83.562,4.2,19,148.0,3.101,0.49,us,10.85,9.575,0.146,13
30.2332,103.1203,10.0,4.3,35,92.0,5.515,0.69,us,9.03,1.908,0.109,24
52.766,161.2899,10.0,4.0,13,195.0,1.62,1.18,us,12.55,2.001,0.212,6
49.6295,156.7144,38.78,5.0,187,54.0,3.538,0.51,us,8.15,6.31,0.029,365
52.9932,160.8329,35.0,4.9,84,114.0,1.319,1.01,us,9.27,1.891,0.046,151
51.6457,159.3114,59.317,4.5,26,137.0,1.438,0.73,us,6.9,7.486,0.103,28
29.3935,129.4081,10.0,5.0,56,90.0,2.738,1.13,us,7.36,1.841,0.044,166
-18.0077,-177.975,625.129,4.4,46,123.0,2.958,0.65,us,14.42,10.109,0.078,48
-60.227,-61.8465,10.0,4.7,24,136.0,4.677,0.46,us,10.88,1.933,0.118,22
-58.9567,-26.0934,102.946,4.5,14,96.0,15.856,0.25,us,14.74,6.209,0.156,12
-23.8061,179.0328,544.666,4.4,45,142.0,6.1,0.64,us,14.88,9.05,0.086,39
-6.2398,151.8498,10.0,4.7,43,82.0,1.928,0.49,us,9.5,1.905,0.088,39
53.2463,160.8246,35.0,4.2,21,193.0,1.329,0.89,us,8.86,1.99,0.141,14
-6.768,106.6358,7.376,4.1,19,84.0,0.592,0.73,us,4.93,5.067,0.186,10
42.9679,145.383,46.696,4.2,59,166.0,1.902,0.68,us,8.57,8.21,0.086,38
-16.4461,-175.3776,235.071,4.2,15,156.0,4.291,0.46,us,9.18,14.822,0.153,12
9.8057,126.1921,37.473,4.5,22,129.0,2.785,0.68,us,6.19,6.356,0.145,14
51.6219,159.8177,10.0,4.5,48,164.0,1.576,0.99,us,10.93,1.942,0.093,34
37.6191,72.4796,194.655,4.3,42,91.0,0.693,0.44,us,7.76,7.666,0.142,14
9.9483,125.767,63.711,4.4,34,120.0,2.866,0.65,us,13.5,4.398,0.107,25
54.4977,-159.8529,35.0,4.7,150,102.0,0.367,0.66,us,4.13,1.696,0.05,126
41.2787,142.398,54.639,4.5,84,141.0,0.93,0.45,us,7.14,7.655,0.067,66
50.9855,159.8418,10.0,4.1,14,254.0,2.17,0.59,us,14.7,2.016,0.184,8
-6.1823,130.3395,167.981,4.5,47,45.0,3.759,0.8,us,6.17,7.35,0.07,60
54.4509,-159.787,21.528,4.4,124,155.0,0.398,0.7,us,5.46,7.026,0.162,11
-21.8848,-179.0546,584.91,4.1,23,143.0,4.937,0.36,us,12.09,9.067,0.126,17
26.1892,127.0127,62.432,4.1,18,110.0,1.3,0.52,us,8.85,9.762,0.174,9
-18.2317,-177.9999,577.536,4.2,20,82.0,3.058,0.52,us,14.82,9.349,0.153,14
-3.0811,101.266,61.92,5.1,111,107.0,2.111,0.8,us,8.61,5.702,0.055,107
38.8671,70.5452,10.0,4.2,27,150.0,1.104,1.02,us,4.62,1.925,0.159,11
-4.7319,102.6005,62.855,4.7,46,160.0,0.511,0.96,us,7.65,5.6,0.096,33
50.0007,159.5453,10.0,4.2,16,208.0,3.078,0.27,us,11.38,1.998,0.177,9
50.1114,179.9086,10.0,3.9,76,149.0,1.655,0.6,us,6.64,1.924,0.07,59
52.3669,160.3972,28.123,4.6,55,122.0,1.25,1.22,us,8.34,5.632,0.076,53
-7.1001,129.3331,171.476,4.3,23,72.0,2.623,0.82,us,9.63,9.758,0.129,17
44.4939,147.3328,78.971,4.4,24,154.0,3.423,1.13,us,14.32,10.146,0.13,17
-17.7248,167.3727,10.0,4.4,13,148.0,2.271,1.25,us,8.52,1.934,0.202,7
-6.2374,151.739,10.0,4.6,28,83.0,5.521,0.59,us,6.77,1.732,0.119,21
51.5331,159.9652,10.0,4.5,27,127.0,1.697,0.91,us,10.25,1.925,0.109,25
-12.1351,167.293,288.191,4.8,57,104.0,3.293,0.65,us,11.36,7.871,0.043,170
-53.742,140.0773,10.0,4.5,15,132.0,19.042,0.45,us,15.35,1.96,0.145,14
52.1532,160.3244,29.982,4.4,23,192.0,1.343,0.71,us,14.31,7.647,0.134,16
51.2231,158.3175,35.0,4.9,69,124.0,1.815,0.98,us,8.18,1.91,0.045,153
51.8379,159.8056,35.0,4.5,30,135.0,1.382,0.73,us,11.18,1.939,0.127,18
-23.2611,-179.8775,556.261,4.4,44,136.0,5.821,0.5,us,14.35,10.439,0.091,35
51.2338,159.7726,10.0,4.2,7,134.0,2.27,0.31,us,11.16,1.915,0.263,5
53.0767,161.0744,30.492,4.6,37,181.0,1.465,1.04,us,14.2,8.512,0.098,31
13.9886,144.7792,194.208,3.9,21,94.0,0.406,0.4,us,11.61,5.518,0.148,12
23.1183,120.6686,10.0,5.1,198,50.0,0.185,0.49,us,5.04,1.756,0.038,223
50.1874,87.5456,10.0,4.1,25,167.0,3.251,0.78,us,9.53,1.932,0.127,17
52.2692,160.7085,10.0,4.3,23,137.0,1.464,1.07,us,11.92,1.93,0.125,20
50.2314,88.1222,10.0,5.0,93,46.0,3.508,0.78,us,7.85,1.833,0.03,366
48.9944,158.2069,10.0,4.4,16,139.0,4.044,0.82,us,11.63,1.928,0.219,7
-22.119,-68.7234,117.133,4.3,30,48.0,0.578,0.59,us,4.89,4.122,0.125,18
53.1689,-35.1398,10.0,4.5,79,114.0,18.623,0.62,us,13.11,1.919,0.048,124
52.1431,160.1341,10.0,4.2,24,172.0,1.264,1.15,us,7.86,1.934,0.128,23
-9.0158,123.9117,97.897,4.7,45,91.0,0.814,0.83,us,7.58,7.154,0.085,42
52.3755,160.6875,10.0,4.8,12,174.0,1.399,0.67,us,11.25,1.967,0.175,10
-21.0279,169.7037,116.658,4.5,35,111.0,2.624,0.49,us,10.08,6.978,0.096,32
50.2468,158.3374,10.0,4.4,26,133.0,2.787,0.71,us,6.38,1.927,0.12,20
37.94,141.7557,69.722,4.4,26,151.0,2.895,0.52,us,7.18,8.607,0.162,11
51.3402,158.9506,34.768,4.4,35,127.0,1.696,1.23,us,9.85,6.148,0.103,31
49.6137,155.2641,86.763,4.3,40,134.0,3.817,0.44,us,11.96,8.368,0.09,35
36.6074,139.3644,12.413,4.6,54,111.0,0.932,0.98,us,6.26,4.455,0.079,49
-6.8703,147.4801,64.363,4.7,54,61.0,2.538,0.96,us,8.55,7.31,0.073,58
51.6356,160.2222,10.0,4.5,16,137.0,1.692,0.41,us,13.84,1.944,0.15,13
39.2087,28.2723,10.0,4.5,35,64.0,1.072,0.41,us,5.01,1.884,0.124,19
-6.3904,154.8914,87.791,5.1,150,57.0,3.486,0.63,us,8.31,6.756,0.038,219
-41.8819,84.961,10.0,4.6,33,66.0,37.441,0.5,us,10.35,1.875,0.103,28
52.3909,160.496,10.0,4.1,30,151.0,1.29,0.95,us,7.99,1.894,0.123,18
54.5414,-159.9198,20.655,4.1,67,157.0,0.348,1.07,us,4.72,6.144,0.157,11
38.9786,141.3484,66.321,4.1,22,149.0,1.822,0.88,us,9.08,9.548,0.214,8
50.6322,160.3551,10.0,4.1,23,134.0,2.618,0.92,us,11.15,1.927,0.158,11
46.6819,152.7237,55.83,4.1,25,136.0,6.843,0.66,us,4.61,8.77,0.12,19
-31.4635,-178.2317,41.033,4.6,17,173.0,2.227,0.83,us,13.91,13.42,0.152,15
52.2444,160.6286,10.0,4.5,31,118.0,1.436,0.88,us,10.79,1.914,0.111,24
51.2698,159.8048,10.0,4.8,52,129.0,1.895,1.08,us,8.9,1.887,0.063,77
14.5403,-90.7044,7.442,4.2,28,128.0,0.2,0.47,us,5.31,6.004,0.128,17
51.8666,160.1905,34.132,4.1,21,158.0,1.494,0.58,us,10.19,5.479,0.175,11
52.4163,160.6915,10.0,5.6,109,102.0,1.383,0.95,us,9.4,1.856,0.038,242
52.3028,160.4482,45.228,4.7,42,132.0,1.312,0.92,us,10.51,7.328,0.096,33
3.1772,-31.4065,10.0,4.8,57,90.0,24.848,0.89,us,7.59,1.86,0.058,92
-22.7543,-175.0961,10.0,4.6,28,133.0,6.96,0.78,us,14.06,1.893,0.081,45
-7.6194,148.3235,35.0,4.1,23,127.0,2.115,0.83,us,10.49,1.906,0.135,15
43.4997,147.4291,35.0,4.4,38,184.0,3.478,0.92,us,14.28,1.99,0.09,35
3.0244,-31.2871,10.0,4.8,40,52.0,20.447,0.81,us,12.59,1.875,0.094,35
7.3415,127.3826,10.0,4.5,20,135.0,1.81,0.91,us,9.35,1.878,0.128,18
-6.1681,149.9136,54.478,4.7,119,32.0,2.98,0.65,us,6.33,3.418,0.057,97
-6.5222,147.7812,67.214,3.8,13,186.0,2.929,0.88,us,13.89,9.472,0.18,9
-26.1076,-177.7458,207.762,4.3,36,135.0,9.189,0.94,us,16.19,8.298,0.094,32
51.0253,159.5001,10.0,4.3,14,229.0,2.069,0.42,us,9.82,1.975,0.188,10
24.5928,122.0668,62.593,4.3,61,51.0,0.599,0.57,us,3.59,4.669,0.091,38
49.7621,157.3928,31.214,4.4,44,126.0,3.356,0.8,us,5.55,5.658,0.095,34
-3.623,68.4902,10.0,4.6,45,141.0,5.451,0.8,us,14.91,1.903,0.088,38
-60.6025,-25.8034,10.0,4.3,17,111.0,8.554,1.18,us,15.66,1.97,0.138,15
-4.0269,129.8665,36.355,4.2,26,98.0,2.62,0.61,us,10.83,8.659,0.121,19
4.2042,122.7437,10.0,5.0,94,34.0,2.777,0.55,us,6.71,1.831,0.066,73
29.0247,86.7789,10.0,4.3,18,163.0,3.855,0.75,us,10.65,1.932,0.153,12
-6.1202,146.4662,114.63,4.6,54,96.0,3.335,0.6,us,8.52,7.709,0.082,44
-19.594,-175.5821,197.786,4.6,18,135.0,5.364,0.3,us,13.46,17.827,0.136,16
53.4061,6.6807,5.0,3.8,25,83.0,2.979,1.11,us,6.8,1.985,0.295,3
52.8885,160.3588,35.0,4.3,23,137.0,1.043,1.04,us,11.4,1.946,0.148,13
29.2848,129.559,10.0,4.9,59,121.0,2.348,1.2,us,7.03,1.856,0.04,197
50.9678,157.1172,87.219,4.2,40,134.0,2.174,0.57,us,13.78,8.776,0.088,36
-36.0772,-73.7967,23.172,4.3,40,140.0,1.956,0.65,us,7.6,7.065,0.161,11
12.4605,125.7302,10.0,4.6,59,88.0,10.001,0.64,us,10.96,1.878,0.084,48
19.2351,145.578,165.243,4.5,69,122.0,3.977,0.69,us,12.42,8.049,0.068,64
51.6576,160.11,35.0,4.3,34,127.0,1.635,0.77,us,5.7,1.887,0.105,26
51.2873,174.8322,10.0,4.5,62,207.0,1.514,0.92,us,8.35,1.953,0.044,151
-6.8777,155.4381,35.0,4.3,42,96.0,4.212,0.46,us,9.77,1.921,0.097,31
3.9851,125.0875,8.304,4.5,20,116.0,0.839,0.51,us,6.59,3.78,0.163,11
12.8969,145.2843,10.0,5.0,110,98.0,0.799,0.58,us,6.84,1.827,0.06,90
52.7451,160.8097,10.0,4.4,23,189.0,1.338,0.54,us,7.29,1.979,0.155,12
9.5367,94.1242,10.0,4.2,12,184.0,5.49,0.76,us,14.34,1.957,0.216,6
-10.8681,161.3367,10.0,4.3,21,109.0,1.972,0.95,us,4.92,1.912,0.142,15
52.6936,159.7926,72.232,4.4,32,168.0,0.767,0.72,us,11.81,6.969,0.1,29
32.788,136.9309,408.66,4.2,131,101.0,2.445,0.73,us,8.77,7.757,0.046,133
-32.8568,-69.3216,121.245,4.5,51,40.0,0.873,0.76,us,5.53,5.222,0.067,65
49.9421,158.497,27.854,4.5,72,227.0,3.087,0.55,us,12.13,6.99,0.065,70
49.7391,157.562,10.0,4.5,88,134.0,3.359,0.72,us,9.91,1.881,0.055,96
-60.1288,-62.4106,10.0,4.9,35,83.0,4.724,0.51,us,9.28,1.855,0.101,32
12.1239,-86.6872,121.963,4.8,139,147.0,0.43,0.82,us,6.03,5.266,0.043,165
58.9973,-30.7819,10.0,4.5,76,52.0,7.291,0.46,us,9.14,1.89,0.069,61
7.7288,127.1648,35.0,4.5,47,108.0,1.704,1.39,us,9.67,1.921,0.085,45
52.062,159.6171,35.0,5.0,15,194.0,1.13,1.24,us,9.82,1.988,0.137,17
51.1478,159.3769,10.0,4.7,18,138.0,1.931,1.35,us,10.87,1.934,0.159,12
-21.3487,-68.6539,128.742,4.3,24,50.0,0.706,0.68,us,7.2,6.27,0.143,14
29.3264,131.8035,10.0,4.6,91,67.0,2.469,0.45,us,5.14,1.862,0.067,73
-14.7934,167.8871,10.0,4.8,85,130.0,0.927,0.99,us,7.16,1.835,0.065,74
-21.3026,-67.7526,171.479,4.2,23,108.0,1.471,1.02,us,7.02,8.458,0.152,12
17.4264,-94.2066,61.01,4.0,44,76.0,0.122,0.97,us,3.71,6.172,0.13,16
-6.5702,149.0854,56.726,4.6,56,93.0,3.401,1.36,us,8.23,7.076,0.08,52
52.5755,160.6702,35.613,4.4,16,134.0,1.306,0.67,us,12.19,7.781,0.162,11
12.9052,145.6098,10.0,4.5,32,114.0,0.992,0.59,us,7.57,1.91,0.116,23
10.2097,125.9317,10.0,4.5,48,130.0,3.139,0.72,us,8.11,1.901,0.086,40
52.1059,159.4838,35.0,4.3,29,123.0,1.05,0.74,us,8.19,1.927,0.122,19
-7.6841,127.8293,116.185,4.6,41,83.0,3.758,0.65,us,6.99,7.674,0.086,41
52.8965,160.1036,50.853,4.3,49,134.0,0.888,0.76,us,11.51,3.472,0.082,42
-9.0839,-79.1531,59.583,4.6,52,155.0,3.672,0.93,us,10.24,8.648,0.046,143
-23.3053,179.9,595.443,4.5,18,184.0,5.796,0.53,us,26.16,14.176,0.124,19
-1.0546,122.0296,22.132,4.3,41,52.0,0.742,1.16,us,3.63,5.462,0.103,28
52.5018,160.6432,10.0,4.2,49,119.0,1.319,0.71,us,9.12,1.899,0.084,40
32.4189,141.7133,10.0,4.5,45,121.0,1.745,0.79,us,7.98,1.879,0.089,41
7.0726,126.8975,68.326,5.0,66,103.0,1.308,0.8,us,7.93,4.033,0.048,137
49.9908,157.3473,10.0,5.2,222,106.0,3.13,0.6,us,9.99,1.788,0.041,197
50.3256,159.0676,10.0,4.4,32,134.0,2.714,0.74,us,8.03,1.566,0.117,21
6.3533,94.2208,59.396,4.6,24,128.0,2.933,0.85,us,10.07,8.786,0.157,12
34.6813,70.7808,10.0,4.3,30,148.0,1.368,1.03,us,7.08,1.737,0.116,21
-5.5347,152.4522,10.0,4.4,21,197.0,1.292,0.57,us,12.37,1.265,0.098,30
-22.2808,-176.4127,10.0,4.8,51,116.0,6.857,0.83,us,11.43,1.824,0.072,61
27.9572,105.0687,10.0,4.4,36,154.0,8.06,0.57,us,6.88,1.919,0.098,30
-6.7174,102.0604,10.0,4.2,31,77.0,2.505,0.54,us,6.5,1.901,0.121,19
7.0967,126.9094,69.917,4.8,60,109.0,1.321,1.08,us,9.26,7.137,0.059,90
-23.4037,-179.9567,548.13,4.1,15,198.0,5.931,0.37,us,21.51,15.777,0.127,17
51.5101,159.3461,31.838,4.7,79,133.0,1.575,0.7,us,11.09,5.737,0.052,114
31.4844,50.1239,10.0,4.2,24,151.0,5.118,1.31,us,9.65,1.963,0.121,19
-33.8138,-178.3053,10.0,4.2,18,248.0,4.646,1.02,us,13.44,1.996,0.159,11
29.3846,129.2979,10.0,4.8,29,108.0,2.341,0.69,us,6.2,1.658,0.101,31
-32.6819,-71.8419,27.573,4.1,27,181.0,0.972,1.0,us,3.68,7.513,0.262,4
54.44,-160.098,49.646,3.3,66,196.0,0.491,0.9,us,5.9,11.664,0.218,5
8.1377,126.552,70.852,4.4,42,95.0,1.434,1.03,us,10.7,6.358,0.099,29
24.0622,121.8513,13.298,4.6,50,51.0,0.259,0.4,us,2.88,3.477,0.096,32
28.1878,51.7175,10.0,4.4,41,84.0,5.154,0.69,us,8.94,1.91,0.127,18
53.0146,160.918,10.0,4.2,39,137.0,1.37,0.51,us,11.9,1.925,0.108,24
-7.2049,125.917,10.0,4.7,31,77.0,3.894,0.9,us,10.51,1.894,0.099,31
13.3226,121.0611,10.0,4.6,53,118.0,20.677,0.52,us,14.44,1.908,0.081,45
52.5646,160.8915,10.0,4.4,43,158.0,1.437,0.99,us,10.42,1.906,0.086,39
-7.6002,127.5424,160.405,4.3,24,70.0,5.352,0.63,us,7.2,7.787,0.119,20
52.7985,160.6553,10.0,4.5,73,112.0,1.235,0.85,us,10.08,1.887,0.056,93
49.8939,157.6733,22.694,4.3,50,134.0,3.193,0.69,us,10.73,5.939,0.072,55
52.0672,159.8494,35.0,4.2,33,113.0,1.206,0.84,us,6.17,1.915,0.105,25
51.0766,159.0676,40.463,4.2,44,163.0,1.967,0.72,us,13.35,9.079,0.096,30
-0.9033,100.8527,10.0,4.9,52,72.0,3.943,0.87,us,8.51,1.861,0.086,42
30.5618,130.9918,45.075,4.7,71,138.0,1.052,0.69,us,10.93,5.62,0.057,95
-12.7832,143.2158,10.0,4.5,12,103.0,1.168,0.75,us,11.06,1.859,0.222,7
43.4097,147.835,35.0,5.0,58,150.0,3.718,0.59,us,10.26,1.904,0.051,127
51.6577,159.4811,44.85,4.4,32,138.0,1.46,0.83,us,12.65,8.012,0.098,30
-55.9869,-123.8004,10.0,4.5,19,88.0,32.823,1.13,us,17.84,1.869,0.145,14
40.9821,78.1345,10.0,4.3,25,159.0,0.786,1.04,us,3.13,1.919,0.153,12
52.2697,160.5661,10.0,4.6,71,131.0,1.39,0.93,us,10.78,1.908,0.072,58
28.5449,83.9408,10.0,4.3,23,197.0,6.392,0.45,us,8.26,1.956,0.125,19
-15.0065,-172.984,10.0,4.7,23,109.0,1.596,1.08,us,7.08,1.905,0.142,15
-6.6768,129.8122,164.936,4.2,35,86.0,4.453,0.63,us,9.7,8.422,0.11,23
50.0803,156.8723,35.0,4.5,58,135.0,3.076,0.61,us,12.02,1.932,0.082,44
36.6789,71.3884,155.622,4.3,44,165.0,1.85,0.53,us,8.83,9.805,0.09,35
3.2111,-31.4124,10.0,4.5,43,95.0,13.989,0.82,us,5.73,1.9,0.092,36
-8.3905,-75.191,128.482,4.1,27,110.0,3.926,0.88,us,11.58,9.076,0.131,16
-4.6573,153.5717,108.393,4.6,58,102.0,1.478,0.76,us,6.99,4.56,0.062,78
-20.8579,-178.7333,548.336,4.5,103,111.0,4.336,0.61,us,12.87,6.836,0.044,157
26.9293,91.7415,41.144,4.3,60,155.0,2.816,0.76,us,8.76,6.43,0.075,50
53.513,160.8756,35.0,4.1,16,141.0,1.424,0.84,us,8.21,1.982,0.165,10
7.2611,126.8583,85.434,4.3,27,113.0,1.283,1.08,us,11.57,8.216,0.114,22
51.156,159.7907,10.0,4.4,35,129.0,1.998,0.54,us,9.82,1.912,0.108,25
50.6811,157.532,35.0,4.1,35,170.0,2.433,0.39,us,9.23,1.934,0.107,24
-15.7213,167.8704,197.755,4.7,40,122.0,0.698,0.73,us,10.52,2.281,0.102,29
52.2865,160.7756,10.0,5.0,174,74.0,1.49,0.79,us,7.53,1.803,0.028,407
-22.3355,171.5245,114.212,4.6,46,111.0,3.782,0.87,us,4.01,7.411,0.073,57
12.0158,143.2005,30.97,4.9,49,92.0,4.071,0.44,us,11.9,5.68,0.088,41
50.0813,155.8287,75.895,4.8,84,135.0,3.248,0.51,us,9.68,6.932,0.031,316
52.9529,161.2282,9.54,4.5,68,114.0,1.56,0.83,us,8.46,1.948,0.07,59
-21.1102,-68.5409,129.945,4.3,25,82.0,0.886,0.99,us,6.18,7.598,0.147,13
52.2856,160.185,35.0,4.4,31,151.0,1.192,0.79,us,6.45,1.929,0.13,17
51.6012,159.7895,10.0,4.4,52,120.0,1.587,1.44,us,9.0,1.896,0.082,43
51.6531,159.3432,35.0,5.1,57,126.0,1.437,0.91,us,8.87,1.91,0.081,50
51.6393,159.7321,10.0,4.2,16,163.0,1.537,0.91,us,9.53,1.977,0.175,9
52.7541,160.9642,10.0,4.1,22,117.0,1.428,0.44,us,10.73,1.928,0.114,21
-22.9993,-69.2189,108.282,4.3,28,78.0,0.96,0.93,us,6.09,5.891,0.143,14
4.4657,-82.747,10.0,4.2,33,159.0,5.01,0.7,us,6.32,1.838,0.115,21
51.8397,160.3231,36.34,4.7,39,154.0,1.567,1.02,us,9.61,7.834,0.065,71
-5.8117,147.4016,137.448,4.3,20,105.0,3.578,0.42,us,12.12,8.774,0.122,20
42.1183,81.305,10.0,4.6,87,98.0,1.805,0.6,us,6.47,1.89,0.064,72
-31.7665,-69.0077,106.276,4.5,70,49.0,0.362,0.59,us,5.03,4.958,0.072,57
-1.923,128.9011,10.0,4.7,55,41.0,2.582,1.06,us,8.75,1.874,0.085,42
-26.6561,-178.3552,287.32,4.4,43,111.0,10.347,0.62,us,13.41,7.295,0.089,36
11.0043,124.0449,10.0,5.2,50,86.0,4.193,0.47,us,12.3,1.879,0.092,39
-31.8604,-72.2391,21.935,4.2,25,200.0,1.09,1.18,us,4.21,6.434,0.236,5
-4.5409,102.379,47.958,4.6,31,70.0,0.602,0.77,us,8.64,7.584,0.114,23
6.3591,127.1905,10.0,4.0,17,130.0,1.749,0.73,us,10.63,1.934,0.143,13
4.412,96.5767,10.0,4.6,37,65.0,0.891,1.16,us,5.53,1.706,0.103,29
51.9805,160.2649,35.0,4.2,18,217.0,1.437,0.52,us,11.52,1.984,0.153,12
-37.1842,52.411,10.0,4.8,62,51.0,13.025,0.63,us,8.39,1.785,0.074,57
52.919,160.6041,35.0,4.3,33,162.0,1.186,0.66,us,12.66,1.901,0.116,21
49.2161,156.0151,35.0,4.6,106,135.0,4.039,0.64,us,9.19,1.916,0.058,90
-23.1238,-179.7017,532.639,4.9,112,74.0,6.3,0.55,us,12.14,6.348,0.045,156
52.1637,161.4144,10.0,4.0,41,180.0,1.893,0.46,us,9.91,1.804,0.093,31
12.0948,-88.0283,35.0,4.2,19,202.0,1.152,0.76,us,7.39,1.979,0.152,12
-4.6174,153.6788,99.665,4.4,41,119.0,1.569,0.57,us,9.87,7.088,0.095,32
-23.9387,179.9727,510.307,4.3,35,100.0,10.571,0.93,us,13.7,10.047,0.097,30
72.414,142.0095,10.0,5.1,311,28.0,4.147,0.79,us,8.9,1.861,0.025,540
39.8297,72.8797,16.723,4.4,62,68.0,1.545,0.51,us,5.41,2.077,0.076,50
14.1686,-93.0234,10.0,4.2,42,134.0,1.473,0.94,us,6.36,1.68,0.102,29
-22.2884,-67.3096,170.316,4.2,18,73.0,1.04,1.12,us,8.76,7.309,0.159,11
-6.8151,155.553,126.41,4.2,15,95.0,4.263,0.36,us,10.21,7.105,0.159,11
13.2707,-91.2878,10.0,4.0,44,202.0,1.308,1.2,us,8.18,1.97,0.08,42
-34.8714,-110.997,10.0,4.7,38,156.0,31.641,0.56,us,15.94,1.916,0.049,128
51.7258,159.9022,10.0,4.4,27,144.0,1.509,0.51,us,11.97,1.942,0.13,17
-5.8369,147.4191,102.347,4.9,50,59.0,3.554,0.62,us,8.52,6.622,0.083,47
10.4853,138.5123,10.0,4.7,32,107.0,5.065,0.54,us,10.59,1.899,0.123,20
14.0639,-89.9381,10.0,4.8,62,60.0,0.222,0.39,us,4.3,1.818,0.045,155
7.2614,126.6133,83.566,4.2,43,90.0,1.044,0.59,us,9.45,8.609,0.102,31
51.3844,159.5559,35.688,5.1,78,121.0,1.734,1.27,us,8.8,6.512,0.037,237
38.1018,72.9591,10.0,4.6,22,162.0,0.429,0.72,us,7.59,1.968,0.122,20
-63.8354,173.0182,11.159,4.5,9,168.0,14.186,0.98,us,15.27,6.995,0.271,4
0.9916,120.5479,596.654,4.6,78,76.0,2.822,0.71,us,10.96,8.136,0.055,100
29.277,129.5242,10.0,4.3,18,111.0,2.365,0.32,us,5.97,1.916,0.177,10
51.7131,160.0574,40.182,4.2,26,137.0,1.571,0.68,us,10.04,7.671,0.132,16
-3.9323,-80.808,35.0,4.7,64,108.0,2.126,1.03,us,6.85,1.902,0.04,184
39.2824,71.8998,10.0,4.1,16,113.0,0.21,0.97,us,3.73,1.918,0.158,11
-33.0241,179.731,107.383,4.6,17,151.0,4.256,0.6,us,15.86,13.427,0.141,15
-32.7193,-178.7437,35.0,4.4,14,218.0,5.402,0.62,us,8.46,1.991,0.169,10
-6.682,132.4613,10.0,4.5,16,127.0,3.328,1.02,us,9.55,1.335,0.145,14
67.6893,143.0535,10.0,4.4,41,113.0,6.324,0.47,us,11.2,1.924,0.098,30
-14.8999,66.9493,10.0,4.2,18,78.0,5.916,0.65,us,13.74,1.888,0.159,11
50.3621,159.2207,10.0,4.4,30,133.0,2.689,0.89,us,4.68,1.895,0.134,16
-19.5181,-173.0066,10.0,4.5,18,161.0,2.941,0.49,us,11.43,1.931,0.14,18
-24.1555,-66.7645,192.182,4.2,19,92.0,2.759,0.9,us,11.33,11.981,0.152,12
-14.0908,167.1696,133.799,4.2,16,127.0,6.989,0.7,us,15.36,6.435,0.167,11
21.6431,95.7576,10.0,4.4,38,89.0,3.587,1.1,us,10.07,1.921,0.11,24
52.9141,160.666,10.0,4.7,53,154.0,1.224,0.87,us,9.66,1.918,0.059,87
-20.4466,-177.8582,549.724,4.4,44,99.0,4.708,0.57,us,12.02,5.757,0.09,35
51.4786,157.9915,60.004,4.2,26,126.0,1.599,0.73,us,10.77,8.705,0.127,17
-6.7181,144.0785,10.0,4.7,39,103.0,4.053,0.68,us,4.05,1.878,0.099,32
52.0184,158.7075,63.28,4.2,18,123.0,1.007,0.74,us,11.29,4.098,0.128,17
51.913,159.416,35.146,4.6,28,131.0,1.207,1.29,us,9.23,7.958,0.116,22
53.027,161.1634,25.995,4.7,57,86.0,1.518,0.66,us,8.46,5.457,0.042,173
52.2858,160.291,27.676,4.5,33,122.0,1.243,1.01,us,10.55,6.494,0.099,30
49.8334,155.8118,64.365,4.7,77,132.0,3.485,0.59,us,3.9,6.798,0.035,251
52.2122,160.634,16.666,4.5,75,150.0,1.457,0.81,us,9.44,5.513,0.071,58
41.2148,142.4853,51.763,4.4,43,135.0,0.945,0.6,us,3.2,7.701,0.108,25
51.5003,160.671,10.0,4.5,37,145.0,1.967,0.65,us,7.62,1.924,0.091,36
-7.097,129.4564,121.292,4.3,16,94.0,4.996,0.89,us,9.93,7.643,0.201,7
52.1584,160.4659,10.0,4.5,33,120.0,1.406,1.32,us,5.42,1.904,0.102,28
-49.3328,124.9223,10.0,4.2,15,139.0,17.364,0.32,us,14.38,1.95,0.141,14
34.5893,70.7443,10.0,4.3,29,87.0,1.331,0.99,us,8.15,1.894,0.122,19
-2.3293,139.1544,40.0,4.4,27,71.0,1.117,1.12,us,6.6,7.298,0.13,17
38.3833,72.3576,10.0,4.4,19,151.0,0.122,0.88,us,6.8,1.988,0.22,6
16.9241,-85.5567,10.0,4.6,93,152.0,3.296,0.75,us,8.72,1.947,0.033,271
43.3059,145.2408,51.87,4.3,34,188.0,2.007,0.29,us,11.14,9.166,0.104,26
52.6415,160.5051,35.0,5.1,204,103.0,1.189,0.96,us,7.9,1.886,0.022,642
41.0802,142.8917,54.877,4.2,27,137.0,0.955,0.79,us,7.35,8.011,0.131,16
-60.9605,-38.8132,10.0,4.9,32,70.0,6.81,0.96,us,10.43,1.909,0.102,30
16.4618,-59.737,10.0,4.2,27,234.0,1.275,0.53,us,7.43,1.973,0.304,3
50.4624,-173.5231,10.0,3.9,45,199.0,1.792,0.86,us,7.18,1.958,0.066,61
50.8282,160.0911,10.0,4.3,31,132.0,2.373,0.51,us,9.8,1.926,0.106,25
-0.4941,67.5628,10.0,4.3,16,238.0,5.52,0.39,us,7.42,1.994,0.178,9
38.3527,74.3233,137.271,4.2,26,120.0,0.231,0.48,us,8.11,9.68,0.159,11
53.6152,-166.9268,98.508,3.8,70,159.0,0.181,0.55,us,7.98,3.928,0.192,7
52.6829,160.0952,43.301,4.3,27,203.0,0.94,0.65,us,8.79,9.345,0.133,16
2.6102,96.0428,38.295,4.4,28,196.0,2.879,0.45,us,12.41,9.038,0.13,17
-3.4265,129.2662,10.0,4.7,70,77.0,1.261,0.93,us,3.83,1.777,0.074,61
21.7768,144.1722,137.582,4.7,92,106.0,5.596,0.6,us,11.68,7.457,0.061,82
34.6248,70.6489,10.0,4.9,91,61.0,1.254,0.48,us,7.87,1.842,0.044,160
-56.7459,-26.9389,138.477,4.9,69,68.0,5.959,0.74,us,11.08,6.153,0.062,82
52.2113,160.5807,10.0,4.4,18,124.0,1.431,1.13,us,9.73,1.864,0.12,20
4.5776,125.015,10.0,4.5,20,86.0,0.487,0.65,us,6.3,1.916,0.163,13
51.9828,159.7939,59.76,4.3,56,134.0,1.255,0.8,us,11.09,7.324,0.078,47
19.0152,-102.1122,107.464,4.8,42,172.0,1.045,0.48,us,8.91,6.408,0.04,196
30.5605,141.6086,10.0,4.6,46,119.0,2.97,0.73,us,9.75,1.886,0.098,32
14.0178,145.0371,171.817,4.0,25,88.0,0.456,0.83,us,13.24,6.076,0.122,18
52.4831,160.728,10.0,5.0,182,87.0,1.374,0.65,us,7.46,1.684,0.025,533
-20.8634,-178.7406,598.757,4.3,36,100.0,4.335,0.44,us,15.59,9.411,0.094,32
52.7441,160.782,10.0,4.3,31,152.0,1.322,0.96,us,9.26,1.934,0.107,25
49.0298,158.1144,10.0,4.3,31,124.0,4.013,0.64,us,11.19,1.91,0.119,20
-23.8486,179.9188,533.147,4.2,36,121.0,6.319,0.59,us,13.57,9.668,0.098,29
52.9667,161.1939,10.0,4.7,55,118.0,1.539,1.07,us,10.33,1.888,0.042,172
-40.3837,-91.5178,10.0,4.7,31,153.0,14.509,0.81,us,14.3,1.911,0.088,39
-7.312,128.9147,113.359,4.0,23,106.0,5.198,0.49,us,8.11,7.468,0.122,18
37.0238,72.7686,79.311,4.4,40,107.0,1.306,0.47,us,8.52,7.892,0.093,33
49.6782,157.4864,10.0,4.2,30,228.0,3.428,0.61,us,12.27,1.972,0.121,19
52.5238,161.8006,10.0,4.2,38,176.0,1.978,0.61,us,11.0,1.959,0.087,37
60.4175,-139.6841,5.0,4.5,48,52.0,0.429,1.11,us,4.57,1.919,0.171,12
52.3174,160.1852,30.832,4.7,47,134.0,1.172,0.92,us,10.45,6.04,0.085,42
51.3387,159.8203,10.0,4.4,23,129.0,1.835,1.01,us,10.04,1.9,0.156,12
52.3417,161.3744,10.0,4.3,16,208.0,1.794,1.29,us,12.57,1.997,0.201,7
51.7614,158.3786,65.518,4.7,112,108.0,1.275,0.49,us,8.11,6.573,0.028,384
-12.4359,167.0004,233.458,4.2,51,128.0,3.0,0.66,us,13.6,7.738,0.079,45
51.3745,175.213,10.0,4.1,57,183.0,1.521,0.59,us,6.83,1.937,0.087,36
52.8085,160.9717,28.604,4.1,21,119.0,1.422,1.26,us,10.78,6.228,0.158,11
49.9506,159.0301,10.0,4.3,19,136.0,3.086,0.82,us,10.27,1.919,0.177,9
51.1809,158.8957,43.213,4.4,33,122.0,1.852,0.94,us,5.58,7.769,0.11,24
-27.9657,-176.571,43.29,4.7,39,135.0,1.746,0.73,us,14.42,6.138,0.123,20
51.2809,159.6382,24.868,4.7,27,206.0,1.848,0.77,us,11.97,8.132,0.12,21
52.2019,-169.411,35.0,3.5,41,180.0,0.616,0.68,us,4.77,1.954,0.101,24
50.7851,157.6646,41.065,4.6,56,135.0,2.323,1.01,us,11.52,7.353,0.056,95
28.3641,141.9716,36.792,4.2,34,134.0,1.278,0.74,us,8.58,7.356,0.105,25
7.4498,126.5118,143.421,4.8,60,54.0,0.999,0.54,us,9.19,6.56,0.045,154
44.5841,149.4032,54.264,4.5,55,135.0,4.906,0.66,us,11.15,7.865,0.068,63
-2.2499,139.1874,25.657,4.4,54,69.0,1.537,0.72,us,6.51,5.411,0.082,49
60.5674,-140.1995,5.0,4.2,45,90.0,0.472,0.91,us,4.18,1.91,0.236,5
-43.7809,-16.2259,10.0,5.0,76,67.0,7.338,0.42,us,10.77,1.851,0.07,69
-53.2194,140.1271,10.0,4.6,21,139.0,11.375,0.66,us,10.15,1.932,0.125,20
52.497,160.7237,10.0,5.4,144,108.0,1.366,0.93,us,7.98,1.832,0.024,611
-57.1894,-67.574,10.0,4.1,17,150.0,2.263,0.6,us,10.58,1.899,0.145,13
51.6804,159.8877,33.748,4.3,39,91.0,1.544,0.89,us,10.29,6.15,0.097,30
-6.4048,128.4207,352.561,4.8,103,16.0,5.152,0.68,us,7.9,2.284,0.054,105
-59.1087,-25.5829,84.863,5.2,58,75.0,7.704,1.11,us,12.39,6.426,0.071,65
39.7525,141.8182,67.302,4.4,53,142.0,1.185,0.75,us,6.67,6.465,0.091,35
52.8319,174.4631,111.26,3.8,23,168.0,0.244,0.4,us,17.38,8.469,0.124,17
48.3624,154.7331,50.021,4.3,31,162.0,5.111,0.66,us,12.47,8.833,0.116,21
-8.568,112.9143,136.963,4.5,63,46.0,1.228,1.17,us,7.75,6.692,0.076,51
50.4223,156.4143,80.433,4.0,34,137.0,2.806,0.73,us,10.78,7.586,0.086,36
50.9121,-178.9089,10.0,3.9,46,210.0,0.645,1.11,us,4.85,1.456,0.069,55
-20.1916,-177.6091,514.705,4.4,15,120.0,4.677,0.61,us,14.91,27.871,0.148,13
52.4294,160.5283,35.0,4.1,12,225.0,1.288,0.63,us,12.81,1.959,0.197,7
-21.7192,170.8455,184.629,4.6,37,78.0,3.274,0.83,us,8.72,8.537,0.098,31
21.8926,121.3252,10.0,4.4,37,133.0,0.948,0.99,us,5.44,1.829,0.12,20
50.4902,159.7887,10.0,4.2,16,136.0,2.634,0.47,us,10.23,1.923,0.186,8
49.7936,155.8633,69.691,4.6,55,135.0,3.512,0.33,us,12.34,7.44,0.05,122
6.8359,127.192,12.258,4.8,38,66.0,1.618,1.2,us,4.43,4.667,0.098,33
17.4446,145.8761,219.036,4.2,13,151.0,2.193,0.9,us,15.4,10.801,0.186,8
41.463,140.7428,155.513,4.2,31,87.0,0.715,0.31,us,9.62,8.483,0.12,19
-24.4752,179.7507,541.888,4.1,22,121.0,6.881,0.86,us,10.96,9.79,0.15,15
-56.0306,-26.7365,38.15,5.2,115,57.0,5.858,0.57,us,10.77,5.004,0.06,91
52.8032,160.7971,10.0,4.8,84,110.0,1.319,0.51,us,8.86,1.88,0.064,77
27.2767,128.3977,49.94,4.4,30,84.0,0.453,0.86,us,7.88,8.304,0.117,21
51.8491,160.4163,19.954,4.5,43,124.0,1.598,0.9,us,9.05,4.965,0.086,40
-8.2789,107.265,35.0,4.5,33,91.0,0.896,0.96,us,3.84,1.881,0.118,21
51.485,159.7227,35.0,4.5,35,134.0,1.676,0.78,us,11.25,1.902,0.093,34
52.1008,160.2641,10.0,4.9,61,111.0,1.351,1.14,us,8.52,1.869,0.065,74
-2.949,129.4134,10.0,5.0,63,50.0,1.638,0.61,us,7.27,1.855,0.074,58
36.9062,72.866,10.0,4.3,31,251.0,1.436,0.55,us,8.74,1.98,0.111,23
52.0062,160.2984,24.575,4.1,25,154.0,1.433,0.77,us,9.52,6.85,0.127,17
-24.1632,-67.5235,204.399,4.1,19,91.0,1.347,0.95,us,7.22,10.203,0.261,4
-17.3134,-69.466,177.241,4.2,17,215.0,0.275,1.22,us,10.34,4.643,0.186,8
-13.6474,167.108,211.272,4.3,30,90.0,7.375,0.82,us,12.3,6.482,0.113,24
-17.1914,-174.0296,126.222,4.0,16,129.0,3.917,1.0,us,9.27,12.502,0.173,9
51.4898,159.6164,28.205,4.9,89,134.0,1.647,0.8,us,11.15,5.865,0.05,127
52.6537,160.9446,10.0,4.5,51,120.0,1.44,1.35,us,9.88,1.899,0.074,53
54.5078,-159.6655,33.73,3.6,29,206.0,0.327,0.4,us,7.04,10.345,0.352,2
38.4887,142.1333,35.0,4.4,58,134.0,2.441,0.58,us,8.54,1.928,0.084,41
-4.6612,152.4077,105.784,4.8,60,95.0,0.527,0.75,us,9.4,5.769,0.048,135
51.7916,159.2703,66.976,4.6,18,125.0,1.291,0.67,us,10.56,8.163,0.146,14
-18.3721,-71.3946,34.616,4.6,32,137.0,1.0,1.24,us,6.81,5.57,0.119,23
-22.2697,-66.1409,238.209,4.2,48,30.0,2.002,1.15,us,8.44,7.98,0.124,18
10.9166,93.7806,167.634,4.2,21,80.0,9.006,0.57,us,15.46,9.262,0.137,15
-19.1494,-175.715,269.444,4.2,19,134.0,5.383,1.1,us,16.35,11.348,0.141,14
52.8515,160.8605,10.0,4.1,23,165.0,1.349,0.58,us,12.51,1.841,0.14,14
50.9313,158.6765,35.0,4.4,22,137.0,2.095,0.4,us,11.39,1.946,0.13,17
3.1322,-31.4123,10.0,4.6,39,66.0,20.446,0.81,us,12.72,1.882,0.081,45
54.5304,-160.4077,35.0,4.3,72,157.0,0.563,0.99,us,3.01,1.943,0.133,16
-51.5777,138.9079,10.0,4.4,12,97.0,19.785,0.67,us,18.51,1.955,0.161,11
41.0148,51.8809,53.722,4.2,41,134.0,2.641,0.88,us,10.16,10.756,0.084,39
-29.6084,137.5315,10.0,4.1,14,70.0,3.382,0.24,us,4.29,1.972,0.185,11
33.2677,73.2789,10.0,4.9,76,82.0,3.664,1.04,us,9.18,1.869,0.049,132
7.2661,126.9284,77.954,4.7,76,103.0,1.353,0.55,us,8.27,6.23,0.069,64
-23.0609,-68.8495,103.357,4.1,22,66.0,0.627,0.72,us,4.91,4.662,0.165,10
-5.8142,152.5266,10.0,4.7,74,110.0,1.578,0.64,us,4.29,1.888,0.068,65
-47.3633,165.4721,10.0,4.3,37,99.0,1.457,0.91,us,8.11,1.922,0.177,9
-5.5149,152.9973,10.0,4.3,21,133.0,1.555,0.69,us,12.85,1.909,0.125,18
-13.1848,167.1172,239.261,4.4,38,157.0,7.809,0.5,us,11.17,6.171,0.087,38
53.8745,-163.1818,35.206,3.9,93,158.0,0.839,0.63,us,4.4,8.432,0.096,29
39.4839,143.3279,10.0,4.2,16,203.0,2.17,0.94,us,6.59,1.98,0.2,7
51.6208,160.7572,10.0,4.2,23,138.0,1.909,1.01,us,9.42,1.93,0.128,17
-28.5401,-177.9259,180.46,4.0,21,138.0,9.535,1.11,us,13.66,10.427,0.139,14
50.2248,158.6591,10.0,4.6,66,133.0,2.803,0.41,us,9.19,1.89,0.059,84
11.2989,124.4745,10.0,4.5,23,137.0,4.341,0.55,us,10.79,1.828,0.131,17
-17.1129,-178.7501,561.183,4.0,25,75.0,1.908,0.91,us,14.68,9.697,0.122,18
-4.1381,128.7192,10.0,4.5,44,54.0,1.242,0.4,us,7.3,1.116,0.093,34
15.0832,-96.6016,10.0,4.1,61,154.0,0.832,1.0,us,6.38,1.851,0.074,50
15.6519,-97.5171,10.0,4.3,52,222.0,0.495,0.95,us,5.38,1.941,0.078,47
-19.0942,169.6384,10.0,4.2,26,109.0,4.057,0.81,us,8.52,1.914,0.121,19
34.4362,16.5344,10.0,4.4,33,91.0,2.16,0.9,us,8.25,1.918,0.094,33
22.58,95.7825,10.0,4.3,28,102.0,1.587,0.73,us,9.39,1.959,0.122,19
17.5087,-95.2491,138.852,4.3,35,140.0,0.945,0.67,us,8.46,8.819,0.099,29
54.6935,160.2488,10.0,4.0,33,85.0,1.923,0.75,us,9.11,1.901,0.111,22
-9.2516,112.6426,66.245,4.0,17,155.0,1.682,0.97,us,9.91,10.427,0.164,11
27.1927,140.1665,457.226,4.5,95,53.0,1.801,0.68,us,10.72,6.82,0.03,327
34.7018,70.6667,10.0,4.9,50,82.0,1.277,0.48,us,9.51,1.86,0.047,143
9.605,126.1838,10.0,4.7,14,122.0,2.589,0.5,us,14.08,1.928,0.208,7
-18.7291,65.5576,10.0,4.6,25,86.0,2.305,0.72,us,12.06,1.882,0.119,21
-60.0375,-26.5563,10.0,4.5,28,112.0,7.894,0.62,us,15.34,1.522,0.118,21
49.8801,157.1114,44.827,4.1,30,193.0,3.253,0.57,us,14.53,9.021,0.126,17
6.7494,-72.9982,166.636,4.5,56,80.0,2.305,0.7,us,8.82,8.457,0.048,128
-10.6594,162.4336,77.213,4.5,23,135.0,2.732,0.86,us,12.64,9.362,0.118,21
-23.4049,178.8971,565.388,5.1,75,86.0,5.687,0.68,us,11.93,8.69,0.038,228
45.5011,150.8203,58.787,4.5,50,135.0,5.779,0.59,us,7.57,7.45,0.083,43
52.1154,160.5132,21.747,4.5,36,118.0,1.456,0.76,us,10.68,6.15,0.092,35
53.0772,160.1087,48.264,4.2,20,117.0,0.882,0.78,us,11.55,7.986,0.118,20
1.1328,123.344,10.0,4.5,57,83.0,4.163,0.72,us,6.16,1.885,0.082,44
29.3393,129.4194,10.0,4.8,39,109.0,2.34,0.85,us,7.37,1.888,0.105,30
-10.2699,161.4662,87.959,4.2,31,109.0,1.709,0.74,us,10.5,7.893,0.121,20
0.1486,121.9721,199.306,4.7,50,60.0,2.855,0.62,us,9.3,7.86,0.075,54
-56.5087,-25.5725,29.391,4.4,21,103.0,17.958,0.44,us,14.79,7.582,0.134,21
50.2483,159.6183,10.0,4.4,25,136.0,2.844,0.59,us,11.61,1.932,0.112,23
33.3671,141.0696,35.0,4.5,25,125.0,1.082,0.75,us,6.68,1.943,0.156,12
-16.0765,-172.1508,10.0,4.7,27,125.0,2.185,0.6,us,10.32,1.899,0.106,27
-7.3597,120.1887,435.121,4.0,14,128.0,2.37,0.72,us,14.22,11.315,0.211,6
-15.1691,167.2741,115.887,4.2,21,145.0,0.285,0.66,us,14.5,5.268,0.136,15
36.504,70.8658,187.072,4.0,47,82.0,2.219,1.17,us,8.24,8.334,0.144,13
50.3463,156.9091,54.086,4.2,23,131.0,2.809,0.67,us,7.89,8.465,0.167,10
12.8638,48.7384,10.0,4.4,10,181.0,4.553,0.31,us,16.49,1.979,0.202,7
41.02,142.8972,41.31,4.4,59,134.0,1.013,0.68,us,7.17,7.342,0.08,49
37.6266,144.1385,10.0,4.4,26,135.0,3.959,0.67,us,6.66,1.856,0.134,16
51.3569,159.515,35.0,4.7,42,128.0,1.752,1.08,us,7.39,1.774,0.085,42
14.0807,-93.2214,10.0,4.3,59,196.0,1.499,0.95,us,6.28,1.961,0.059,81
-18.2506,168.7726,10.0,4.2,11,278.0,4.474,0.65,us,12.67,2.006,0.216,7
50.9895,159.1153,10.0,4.6,32,135.0,2.295,0.64,us,10.55,1.919,0.113,23
-13.7132,167.0066,58.966,4.7,35,118.0,1.734,0.33,us,13.85,7.014,0.095,34
53.4928,160.6054,53.329,4.3,19,191.0,1.265,0.87,us,14.77,11.872,0.114,22
50.1261,156.8098,59.048,4.2,21,137.0,3.037,0.32,us,14.51,8.606,0.152,12
41.0731,75.1541,10.0,4.5,52,86.0,0.107,1.03,us,4.25,1.894,0.097,31
54.9209,-161.064,52.377,3.7,32,160.0,0.515,0.48,us,3.58,9.792,0.251,4
-5.5707,131.691,35.0,4.9,57,74.0,2.692,0.94,us,8.12,1.905,0.084,51
-14.145,166.8889,103.904,4.2,24,133.0,6.837,1.2,us,17.49,8.641,0.125,18
20.8614,96.0989,10.0,4.5,60,72.0,2.332,0.37,us,7.65,1.672,0.08,46
-13.6775,-76.4345,47.252,5.0,103,137.0,1.726,0.7,us,6.85,7.287,0.03,367
51.1203,158.2101,46.91,4.9,40,122.0,1.925,0.89,us,9.98,7.196,0.055,104
51.0086,158.7706,37.597,5.0,35,122.0,2.019,0.7,us,9.13,7.855,0.105,29
36.9448,71.253,194.25,4.2,52,97.0,1.68,0.76,us,7.46,6.771,0.082,41
30.1914,51.8503,10.0,4.9,86,62.0,6.498,1.14,us,7.93,1.887,0.069,66
52.9,158.9675,99.322,4.2,18,141.0,0.795,0.74,us,12.45,7.608,0.167,10
-1.585,96.5286,10.0,4.7,67,67.0,3.054,0.82,us,9.11,1.872,0.076,56
-18.0579,-177.9631,628.268,4.0,38,74.0,2.993,0.41,us,18.44,7.194,0.123,18
-52.9705,-45.2026,10.0,4.4,16,110.0,5.351,0.71,us,9.04,1.776,0.155,14
3.292,64.986,10.0,4.2,15,146.0,8.473,0.77,us,15.75,1.958,0.167,10
-2.1389,139.5936,40.498,4.7,29,79.0,1.17,1.28,us,6.51,7.438,0.112,24
37.3133,69.7399,17.654,4.5,42,75.0,1.418,0.66,us,5.15,3.526,0.113,23
-17.6888,167.7796,10.0,4.7,24,88.0,2.297,0.71,us,6.89,1.897,0.137,19
-59.858,-150.4824,10.0,5.1,39,151.0,22.747,0.54,us,14.28,1.906,0.092,38
50.3031,156.7174,73.27,4.4,70,133.0,2.875,0.66,us,12.51,7.695,0.07,59
-49.1975,125.0948,10.0,4.4,14,138.0,16.629,0.49,us,15.74,1.986,0.149,13
53.5526,160.1191,61.365,4.4,56,114.0,1.029,0.57,us,10.05,7.669,0.072,55
52.6033,160.3283,34.411,4.4,30,119.0,1.102,0.69,us,9.43,6.426,0.101,28
-55.3038,-26.8856,10.0,5.0,40,106.0,5.649,0.51,us,12.93,1.867,0.1,32
-9.4544,118.9671,89.97,4.3,23,82.0,1.329,0.98,us,3.14,9.898,0.218,6
-44.9441,167.4099,105.786,4.3,21,90.0,0.457,0.51,us,5.27,5.314,0.188,8
13.8349,-92.9186,10.0,4.1,62,162.0,1.505,0.85,us,6.54,1.958,0.08,43
13.5319,-91.8787,35.0,4.3,33,205.0,1.613,0.99,us,7.82,1.988,0.089,36
38.7303,141.8769,69.795,4.4,41,142.0,2.15,0.62,us,6.56,7.742,0.112,23
5.1687,126.6937,9.873,4.4,32,62.0,1.285,1.22,us,6.37,4.3,0.102,30
49.771,158.8063,10.0,4.6,20,229.0,3.258,0.42,us,7.12,1.931,0.151,13
36.2597,69.7281,158.58,4.1,26,149.0,1.807,1.09,us,6.58,14.377,0.233,5
-5.5614,147.2535,182.408,4.5,48,57.0,3.496,0.59,us,8.0,5.573,0.061,80
34.5635,136.8457,337.168,4.8,98,65.0,0.799,0.64,us,7.34,3.531,0.024,530
52.1106,160.5416,10.0,5.0,103,118.0,1.473,0.82,us,8.19,1.881,0.055,105
52.0881,161.0854,10.0,4.7,12,191.0,2.304,1.37,us,8.24,1.996,0.174,10
-9.2192,124.0197,69.888,4.4,25,73.0,1.854,0.56,us,8.7,9.025,0.138,15
51.835,159.4281,35.0,4.2,37,138.0,1.282,0.87,us,9.04,1.933,0.107,24
-7.8828,115.5396,215.017,4.4,28,88.0,1.492,0.99,us,9.69,8.164,0.118,21
-17.3113,-179.4572,566.458,4.1,23,88.0,1.396,0.58,us,12.13,7.864,0.131,16
52.6927,160.608,30.025,4.5,32,143.0,1.233,1.03,us,5.69,5.63,0.121,20
30.8874,142.5736,10.0,4.4,33,145.0,3.229,0.8,us,10.87,1.906,0.118,21
-19.9436,173.4619,10.0,4.9,85,110.0,4.866,0.4,us,9.13,1.82,0.069,66
51.3825,159.5233,10.0,5.2,100,121.0,1.729,1.3,us,8.86,1.852,0.041,199
41.04,142.8684,44.744,4.3,52,131.0,0.998,0.55,us,5.23,8.075,0.089,36
16.4971,-59.6557,10.0,4.4,36,126.0,1.366,0.5,us,9.13,1.926,0.138,15
36.5903,70.9303,199.268,4.1,47,90.0,2.118,0.51,us,6.45,8.49,0.109,24
-18.0949,-178.4275,633.755,4.3,49,120.0,2.648,0.64,us,14.66,9.41,0.08,44
29.2009,129.0443,10.0,4.2,34,103.0,2.453,1.16,us,6.67,1.904,0.125,18
40.2919,143.9546,10.0,4.4,17,147.0,1.824,0.63,us,7.34,1.95,0.169,12
15.8203,-95.1353,49.469,4.1,50,133.0,1.766,0.87,us,3.84,12.88,0.078,45
51.5576,159.5842,22.818,4.7,44,127.0,1.576,1.34,us,8.97,5.894,0.091,36
39.2068,28.171,10.0,4.0,18,56.0,1.024,0.68,us,4.86,1.953,0.298,3
52.7248,160.5298,35.0,5.0,131,94.0,1.178,0.79,us,6.68,1.856,0.028,396
-24.9219,179.7411,526.029,4.2,28,96.0,4.78,0.93,us,15.46,9.537,0.128,21
53.3368,-164.1309,16.555,4.4,74,167.0,1.169,0.84,us,5.1,4.921,0.076,52
-60.1812,-47.4192,10.0,4.6,23,81.0,8.365,0.76,us,9.64,1.907,0.133,21
52.6973,161.3613,10.0,4.1,15,197.0,1.676,1.02,us,12.04,1.998,0.262,5
29.3037,129.4602,10.0,4.7,77,87.0,2.359,0.73,us,6.89,1.856,0.072,58
51.545,159.557,35.0,5.1,177,124.0,1.582,0.53,us,9.25,1.903,0.028,405
51.436,159.9191,26.47,4.4,26,126.0,1.771,0.9,us,7.87,4.626,0.123,19
51.3884,160.0065,10.0,4.2,17,134.0,1.838,0.73,us,12.76,1.958,0.152,13
19.0323,145.9364,145.324,4.3,22,114.0,3.773,1.02,us,15.52,1.401,0.126,18
52.1142,160.4031,39.866,4.3,36,167.0,1.926,0.77,us,5.62,8.82,0.096,31
50.3721,158.9448,10.0,4.6,54,128.0,2.661,0.62,us,9.58,1.89,0.077,50
-5.7436,153.0613,10.0,4.7,32,139.0,1.783,0.61,us,9.25,1.914,0.11,25
49.6905,155.962,66.239,5.0,102,87.0,3.591,0.83,us,9.0,5.249,0.023,601
53.6533,160.0321,65.865,4.3,41,159.0,1.042,0.62,us,11.46,7.472,0.096,31
8.8913,-84.0748,10.148,4.4,26,129.0,0.847,1.14,us,5.4,5.532,0.13,17
51.291,-178.4942,35.0,3.7,37,206.0,0.33,0.79,us,3.74,1.864,0.152,11
0.9388,126.2358,35.0,4.6,49,66.0,1.143,0.52,us,3.55,1.653,0.099,30
52.2235,160.4049,35.0,5.0,135,118.0,1.336,0.7,us,8.74,1.909,0.034,281
54.4191,-160.1152,35.0,3.7,31,198.0,0.514,0.78,us,4.69,1.985,0.178,8
-5.5947,104.3749,10.0,4.6,45,113.0,0.811,1.17,us,5.73,1.863,0.092,35
51.6455,159.4825,10.0,4.2,23,138.0,1.472,0.59,us,10.8,1.932,0.141,14
51.5593,178.4709,76.527,4.0,62,176.0,0.378,0.65,us,6.28,5.556,0.069,56
14.1676,147.2017,10.0,4.2,16,97.0,1.728,0.66,us,7.09,1.931,0.199,7
-23.5749,178.8762,558.428,4.4,25,100.0,5.851,1.2,us,13.65,6.32,0.117,21
13.2104,-90.9184,35.0,4.6,35,156.0,1.303,1.27,us,6.83,1.957,0.038,204
0.2595,126.0832,44.422,4.5,62,34.0,1.38,0.71,us,5.07,6.004,0.078,53
51.5437,159.2549,35.0,4.7,86,134.0,1.528,0.83,us,8.58,1.899,0.047,138
29.4228,129.5721,10.0,4.2,25,117.0,2.214,1.23,us,7.82,1.917,0.118,20
44.4951,150.1575,10.0,4.2,26,207.0,5.442,0.4,us,16.21,2.002,0.124,18
52.1887,160.7792,10.0,4.5,18,162.0,1.544,1.17,us,9.72,1.87,0.171,10
40.769,143.1019,39.877,4.1,29,142.0,1.245,1.0,us,6.48,6.801,0.134,15
-16.1031,67.4002,10.0,4.5,17,93.0,5.283,1.09,us,13.81,1.9,0.181,9
-55.3555,-27.9244,10.0,4.4,19,98.0,5.067,0.62,us,13.34,1.937,0.127,18
51.8275,160.1908,10.0,5.0,24,209.0,1.525,0.53,us,13.52,1.975,0.188,9
-22.8036,-66.1865,250.22,4.5,105,32.0,1.843,0.77,us,7.76,6.202,0.051,113
-34.4679,-70.387,10.0,4.1,26,91.0,0.459,1.14,us,2.12,1.904,0.185,8
24.309,124.949,35.0,4.2,21,232.0,0.655,0.91,us,12.98,1.999,0.159,11
51.6184,159.9232,10.0,4.3,20,135.0,1.61,0.87,us,9.7,1.919,0.202,8
-44.136,-82.1174,10.0,4.6,11,199.0,8.461,0.43,us,17.29,1.99,0.182,9
52.571,160.6326,35.0,4.0,14,121.0,1.286,0.8,us,11.61,1.957,0.163,10
49.1124,156.1915,35.0,4.3,21,138.0,4.112,1.08,us,7.8,1.949,0.125,18
-6.6972,127.835,316.959,4.4,51,67.0,2.985,0.55,us,8.84,7.966,0.096,31
52.544,160.7502,10.0,4.5,25,152.0,1.363,0.84,us,10.26,1.952,0.127,18
-15.8161,-72.4661,98.716,4.8,63,121.0,3.253,0.8,us,9.12,7.248,0.062,80
-3.5108,101.305,43.266,4.3,43,146.0,1.85,0.85,us,9.87,8.262,0.106,29
33.5787,141.861,10.0,4.3,23,160.0,1.775,0.94,us,8.88,1.946,0.142,14
10.5421,40.4906,10.0,4.2,20,125.0,2.422,0.42,us,9.71,1.895,0.153,12
51.4963,159.6233,30.883,4.3,18,220.0,1.642,1.03,us,5.8,6.541,0.202,7
12.6584,123.3822,10.0,4.7,60,107.0,5.96,0.69,us,9.61,1.477,0.082,45
51.3292,159.5839,10.0,4.9,79,205.0,1.792,0.58,us,10.43,1.953,0.062,82
-20.3151,-70.2925,42.628,4.4,19,174.0,1.045,0.59,us,4.81,10.901,0.309,3
2.9452,-31.1905,10.0,4.7,39,76.0,9.903,0.56,us,10.9,1.897,0.091,37
29.3581,129.4491,10.0,4.6,53,122.0,2.313,0.62,us,7.49,1.89,0.084,46
50.2464,156.9062,60.442,4.0,28,131.0,2.908,0.58,us,12.26,8.704,0.122,18
-30.5669,-70.8145,81.833,4.1,27,71.0,0.292,0.76,us,7.97,6.406,0.369,2
1.8304,122.8927,434.959,4.0,21,61.0,2.228,1.21,us,10.74,9.095,0.182,9
16.1249,96.5679,10.0,4.6,61,128.0,3.005,0.81,us,6.56,1.894,0.082,44
51.4709,159.8052,10.0,4.3,34,126.0,1.709,0.87,us,8.43,1.899,0.114,22
42.2673,144.4403,46.002,4.3,39,165.0,0.987,0.58,us,6.6,7.142,0.113,22
38.075,72.8846,139.763,4.2,50,109.0,0.394,0.58,us,5.79,5.216,0.088,36
14.4113,-92.8717,45.171,4.3,72,131.0,1.282,1.13,us,8.3,8.944,0.068,62
-25.9649,179.6835,508.72,4.9,65,85.0,8.319,0.68,us,12.66,7.55,0.075,56
39.5791,143.5643,10.0,4.6,70,125.0,2.265,0.55,us,7.08,1.627,0.077,50
-9.2994,123.793,102.266,4.5,34,100.0,0.651,0.81,us,9.35,7.949,0.11,24
-24.8265,179.8495,529.804,4.2,25,191.0,7.243,0.69,us,14.89,11.892,0.125,19
44.1785,87.0464,10.0,4.4,21,109.0,3.62,0.59,us,6.5,1.881,0.189,8
51.3039,159.5142,10.0,4.2,19,189.0,1.803,0.56,us,11.08,1.98,0.159,11
49.3543,157.6676,10.0,4.4,28,136.0,3.726,0.47,us,11.81,1.922,0.13,17
11.3373,124.9087,10.0,4.3,19,200.0,4.292,0.49,us,10.6,1.9,0.153,12
43.1088,146.4001,95.025,4.1,18,192.0,2.633,1.01,us,12.8,11.275,0.185,8
52.6498,159.5787,25.423,6.1,57,67.0,0.676,0.7,us,7.89,5.64,0.088,49
49.4262,157.9132,10.0,4.6,73,136.0,3.632,0.72,us,9.8,1.897,0.048,131
36.5599,71.2843,222.085,4.0,46,96.0,1.994,0.95,us,7.23,7.794,0.134,15
-4.2194,69.0708,10.0,4.3,19,217.0,4.623,0.47,us,13.64,1.986,0.177,9
4.9458,95.9794,10.0,5.1,67,40.0,1.004,0.52,us,4.94,1.482,0.065,76
8.7007,126.5777,44.182,4.2,37,125.0,1.899,0.49,us,11.25,6.608,0.108,25
52.2588,160.5209,24.102,4.1,17,137.0,1.917,1.08,us,11.37,6.73,0.145,13
-24.7674,179.9098,525.928,4.3,45,108.0,4.877,0.9,us,14.29,9.54,0.086,39
60.5498,-139.6848,5.0,4.1,47,53.0,0.536,1.17,us,2.09,2.002,0.261,4
-18.1477,-178.3075,536.568,4.5,57,86.0,2.771,0.54,us,12.73,7.83,0.078,48
14.2514,-92.9837,10.0,4.2,41,178.0,1.125,1.07,us,5.75,1.921,0.057,86
36.6326,67.8986,10.0,4.3,81,96.0,2.254,0.84,us,4.6,1.888,0.062,79
-37.4248,51.5607,10.0,4.6,35,81.0,23.682,0.57,us,15.32,1.86,0.116,22
52.23,160.4298,10.0,4.3,35,123.0,1.345,1.08,us,9.3,1.884,0.099,34
48.7042,154.5701,69.608,4.3,42,142.0,4.833,0.41,us,12.51,8.334,0.096,33
52.9716,161.1278,10.0,4.3,19,187.0,1.498,1.32,us,7.9,1.988,0.154,12
29.1041,49.7402,10.0,4.1,27,176.0,6.896,0.89,us,12.67,1.962,0.135,16
-59.3722,-61.7089,10.0,4.4,14,120.0,5.532,0.3,us,8.25,1.907,0.169,10
41.0148,142.6678,51.628,4.5,64,134.0,1.065,0.67,us,6.32,7.375,0.071,58
5.3262,125.9846,100.462,4.3,15,151.0,0.775,0.7,us,9.15,6.49,0.177,9
-57.6622,157.525,10.0,4.6,52,50.0,3.269,0.72,us,10.88,1.748,0.114,23
16.4974,146.0926,130.853,4.2,19,155.0,1.283,0.43,us,18.14,9.362,0.137,15
14.4556,-92.6827,58.503,4.1,79,169.0,1.095,0.94,us,2.55,10.721,0.062,70
-7.5559,142.918,10.0,4.6,17,157.0,3.327,1.22,us,9.46,1.963,0.165,11
51.5426,160.0946,10.0,4.4,35,182.0,1.728,0.76,us,8.98,1.942,0.101,28
40.7657,141.9948,57.69,4.1,16,153.0,0.707,0.39,us,6.74,7.023,0.175,9
51.431,-178.7977,28.369,3.7,29,185.0,0.123,0.74,us,5.36,3.804,0.115,19
39.3052,143.4619,10.0,5.2,68,98.0,2.363,1.08,us,7.36,1.835,0.049,139
12.7385,-88.6758,42.113,4.1,35,171.0,0.803,0.8,us,4.99,10.498,0.105,25
21.658,143.1069,353.902,3.8,18,130.0,5.478,1.13,us,15.36,11.352,0.135,14
-18.132,168.3039,18.282,4.5,23,76.0,2.87,1.11,us,8.42,4.506,0.136,16
51.1557,159.7211,10.0,4.4,10,246.0,1.984,0.36,us,14.42,1.995,0.24,5
-58.7745,-25.6748,71.668,5.3,77,30.0,7.48,0.62,us,10.95,5.211,0.057,103
53.1383,161.0665,35.0,4.3,18,178.0,1.462,0.75,us,11.81,1.997,0.168,10
53.2436,159.9863,57.704,4.7,102,116.0,0.835,0.8,us,9.54,7.032,0.032,301
43.601,147.8963,35.0,5.0,121,134.0,3.83,0.92,us,5.45,1.915,0.055,105
53.567,159.7568,69.142,4.2,28,159.0,0.859,0.92,us,13.52,9.645,0.124,18
-27.9645,-66.6791,153.343,4.3,38,41.0,3.316,0.46,us,8.55,7.592,0.101,28
48.5608,157.3583,10.0,4.5,44,136.0,4.543,0.63,us,12.44,1.913,0.074,53
50.9224,160.5181,10.0,4.5,35,167.0,2.4,1.11,us,7.64,1.952,0.099,30
51.0303,158.1624,52.976,4.9,91,104.0,2.019,0.65,us,9.98,6.136,0.023,582
51.3574,158.7471,27.701,4.2,40,132.0,1.67,0.61,us,11.44,6.704,0.1,28
53.2628,159.8955,61.396,4.2,23,116.0,0.788,1.16,us,10.14,7.889,0.146,13
-32.1962,-178.7431,35.0,4.8,25,151.0,5.876,0.86,us,5.46,1.942,0.098,32
-30.2358,-178.0292,90.423,4.8,29,135.0,7.916,0.76,us,8.14,8.477,0.109,26
50.2853,159.5098,10.0,4.4,63,135.0,2.794,0.65,us,9.23,1.565,0.071,57
-57.3909,-67.7026,10.0,4.5,28,148.0,2.465,0.62,us,12.68,1.923,0.124,19
51.3905,159.4854,10.0,4.6,44,128.0,1.714,0.83,us,7.38,1.836,0.103,30
52.1538,159.7305,38.226,5.0,238,35.0,1.092,0.59,us,7.07,5.009,0.032,313
11.0423,123.8836,10.0,4.5,53,73.0,4.288,0.53,us,8.89,1.839,0.088,38
26.8506,58.6347,10.0,4.1,34,182.0,2.897,0.83,us,12.2,1.968,0.095,30
19.3068,-109.146,10.0,4.0,39,193.0,1.763,1.34,us,10.86,1.98,0.101,26
-21.6349,-68.4385,120.808,4.3,96,60.0,0.764,0.74,us,5.92,5.977,0.057,86
-60.2434,-61.0851,10.0,5.0,80,64.0,4.75,0.59,us,9.09,1.775,0.073,61
-61.0667,-38.1619,10.0,4.2,18,110.0,6.861,0.43,us,11.77,1.936,0.132,16
12.8458,144.1042,127.623,4.3,21,79.0,1.049,1.34,us,12.68,7.095,0.142,14
51.3202,158.9,35.0,4.8,80,214.0,1.713,0.69,us,9.49,1.965,0.065,73
-57.1047,-66.6962,10.0,4.9,65,106.0,3.904,0.87,us,11.22,1.885,0.075,61
-20.457,-178.0553,531.75,4.4,52,98.0,4.563,0.97,us,12.23,7.587,0.044,161
11.2328,-61.3736,76.93,4.4,49,131.0,0.935,0.93,us,7.09,8.105,0.117,21
54.4746,-159.6765,24.868,4.1,55,159.0,0.361,0.82,us,5.42,6.146,0.117,21
39.3041,143.5875,10.0,5.2,88,97.0,2.439,0.64,us,6.83,1.86,0.044,172
50.2744,159.5324,10.0,4.2,21,139.0,2.807,0.55,us,13.69,1.926,0.124,18
42.3146,144.4608,35.0,4.4,20,152.0,1.014,0.65,us,5.71,1.952,0.149,13
30.48,141.2892,38.204,4.4,20,111.0,2.912,0.82,us,8.51,7.055,0.155,12
26.0146,126.0921,89.971,4.9,60,88.0,2.119,0.87,us,7.43,4.405,0.055,102
49.9056,158.961,10.0,4.6,72,131.0,3.128,0.6,us,8.67,1.879,0.067,67
-2.5272,28.9942,10.0,4.4,30,88.0,8.37,0.65,us,9.58,1.825,0.112,23
19.71,145.0356,192.863,4.2,29,136.0,4.502,0.41,us,11.96,7.428,0.121,19
50.6188,156.9493,74.025,4.2,65,135.0,2.536,0.54,us,4.48,8.024,0.073,52
7.1416,127.2749,12.944,4.8,50,50.0,1.684,1.03,us,5.29,4.114,0.088,45
-14.7622,-72.3745,93.382,4.2,33,124.0,4.083,1.08,us,7.36,13.612,0.122,19
51.9896,-178.5877,168.359,3.8,63,103.0,0.209,0.59,us,6.41,4.634,0.074,48
51.5933,159.6433,49.853,4.6,59,137.0,1.557,0.91,us,11.01,7.247,0.069,63
-30.785,-178.5347,10.0,4.6,16,253.0,7.248,0.23,us,8.35,1.98,0.157,12
-24.2488,-67.0065,168.832,4.2,42,62.0,1.68,0.89,us,8.75,8.543,0.124,18
-21.4329,-66.814,212.454,4.5,91,55.0,1.971,0.67,us,6.67,7.025,0.049,123
64.5247,-39.9652,10.0,4.2,50,138.0,4.201,0.62,us,7.38,1.511,0.065,66
-0.3643,-91.5245,10.0,4.7,55,178.0,0.562,0.61,us,7.49,1.9,0.052,113
-6.3373,148.7999,53.067,4.1,25,119.0,3.454,0.46,us,7.26,5.517,0.14,18
-6.4693,142.7868,10.0,4.6,39,98.0,3.256,1.14,us,4.97,1.885,0.107,26
45.1009,149.5681,88.928,4.7,74,127.0,5.076,0.68,us,10.58,7.688,0.07,62
-28.9353,-70.2263,133.648,4.2,26,54.0,0.422,0.84,us,5.67,7.924,0.264,4
-5.5138,152.4194,10.0,4.1,29,155.0,1.262,0.67,us,8.55,1.931,0.117,20
52.8288,160.6844,37.768,4.4,19,149.0,1.247,1.14,us,11.3,10.301,0.169,10
-38.691,177.2285,47.612,4.4,32,142.0,0.208,0.83,us,4.85,4.317,0.12,20
-15.9193,-70.5505,192.569,4.2,25,142.0,1.952,1.1,us,9.3,7.956,0.128,17
1.6191,126.4763,44.813,4.7,82,72.0,3.249,0.93,us,7.36,5.781,0.073,56
-27.6076,-177.4072,84.728,4.7,31,121.0,1.695,0.61,us,13.22,6.256,0.115,23
29.8986,139.0415,415.572,4.0,98,86.0,3.274,0.79,us,9.04,8.332,0.059,78
-57.7279,157.6139,10.0,4.9,31,106.0,3.322,0.83,us,10.21,1.832,0.108,27
11.0714,124.0458,10.0,5.0,56,70.0,4.255,0.8,us,11.03,1.885,0.075,59
12.1615,-88.2506,35.0,4.4,32,169.0,1.301,0.92,us,8.25,1.969,0.117,21
-5.9835,151.5836,10.0,4.4,28,125.0,1.872,0.92,us,11.75,1.891,0.106,26
49.1447,156.1278,35.0,4.2,27,167.0,4.09,1.31,us,11.89,1.956,0.128,17
22.7049,95.8746,10.0,4.4,63,71.0,3.897,0.63,us,7.4,1.804,0.077,49
53.1782,159.9229,50.727,4.2,31,164.0,0.783,1.26,us,11.82,9.096,0.11,23
-17.5047,-178.7743,544.388,4.5,50,55.0,2.048,0.8,us,13.31,5.185,0.091,39
52.8221,160.7552,10.0,4.6,100,119.0,1.29,0.68,us,8.59,1.883,0.057,91
31.2772,-116.1453,9.456,3.7,41,196.0,0.101,0.76,us,1.85,4.216,0.355,2
-26.8882,-176.4787,56.245,4.4,22,123.0,9.839,0.64,us,14.6,9.962,0.12,20
11.8935,-70.6363,76.14,4.4,26,69.0,0.869,1.04,us,8.75,7.17,0.139,15
-6.0187,127.7589,394.419,4.4,49,23.0,5.074,0.67,us,8.9,10.0,0.115,23
34.505,70.6411,10.0,4.4,43,141.0,1.244,1.32,us,8.01,1.917,0.1,29
-59.079,-25.4283,35.0,4.9,48,79.0,7.753,0.47,us,6.44,1.903,0.084,45
-0.0589,124.2246,99.049,4.3,20,65.0,1.615,1.01,us,4.91,12.576,0.161,11
44.9615,149.5849,35.0,4.2,12,195.0,5.069,1.21,us,14.04,2.007,0.186,8
14.0612,-92.7258,10.0,4.4,32,244.0,1.152,0.93,us,12.78,2.0,0.072,56
-25.349,179.7565,502.35,4.4,36,132.0,7.731,0.78,us,13.9,10.452,0.107,25
-24.3335,69.3889,10.0,4.3,32,74.0,7.205,0.54,us,12.42,1.877,0.113,22
28.8809,49.8132,10.0,4.1,24,212.0,6.921,0.75,us,12.33,2.003,0.157,11
-0.1668,99.3304,65.856,5.2,167,87.0,4.917,0.8,us,8.28,6.671,0.037,240
53.2429,159.8177,51.794,4.6,39,116.0,0.737,0.97,us,7.53,6.104,0.096,32
-11.0965,113.3877,10.0,4.3,28,101.0,2.716,0.85,us,7.53,1.942,0.169,10
-20.5026,-174.28,35.0,5.0,61,131.0,18.16,0.75,us,14.15,1.91,0.073,59
13.1958,49.8329,10.0,4.3,18,180.0,5.46,0.92,us,14.01,1.985,0.154,12
23.7585,90.4588,10.0,4.3,31,172.0,4.842,0.81,us,12.37,1.936,0.122,19
-58.7694,-24.8342,10.0,4.8,66,69.0,7.852,0.48,us,10.59,1.819,0.071,62
7.5157,126.9389,20.631,4.4,33,65.0,1.42,0.97,us,8.95,5.74,0.105,26
29.2614,99.6697,25.117,4.9,70,66.0,7.459,0.57,us,8.12,5.022,0.065,74
-23.0448,-114.7045,10.0,4.6,38,150.0,6.341,0.64,us,6.18,1.905,0.094,34
51.9186,159.2403,17.275,4.5,41,125.0,1.164,1.12,us,9.46,5.238,0.09,39
-21.1239,-68.6028,130.609,4.1,16,101.0,0.83,0.61,us,5.72,6.844,0.261,4
-6.9147,125.7048,509.074,4.6,86,28.0,3.16,0.61,us,9.95,6.776,0.078,49
52.9253,160.7012,36.108,4.4,41,161.0,1.244,1.03,us,11.77,9.505,0.098,30
50.0155,157.339,35.027,4.8,64,133.0,3.105,0.76,us,10.18,7.149,0.046,150
40.2852,24.1773,14.279,4.1,38,68.0,1.306,0.93,us,5.67,5.716,0.233,5
7.3364,127.0845,10.0,4.9,91,55.0,1.517,1.18,us,6.57,1.855,0.056,99
50.1972,156.8465,57.122,4.1,39,147.0,2.963,0.48,us,10.81,3.477,0.102,28
52.0936,160.6397,10.0,4.3,22,163.0,1.531,1.25,us,10.5,1.918,0.147,13
9.1076,93.8628,10.0,4.3,26,199.0,5.694,0.65,us,13.63,1.962,0.133,16
42.1998,80.6965,10.0,4.4,19,191.0,1.437,1.21,us,4.85,1.945,0.169,10
53.101,160.7831,29.886,4.1,19,180.0,1.29,1.02,us,10.11,8.345,0.158,14
54.6509,168.1775,10.0,4.2,40,141.0,4.012,0.93,us,13.23,1.948,0.081,42
53.0907,161.4103,10.0,4.2,19,167.0,1.667,0.82,us,12.74,1.974,0.147,13
-5.3898,146.4069,148.03,4.1,29,106.0,4.058,0.98,us,13.51,7.598,0.105,26
-38.7016,175.8897,109.434,4.3,17,77.0,0.322,0.35,us,4.39,4.729,0.237,5
-20.8557,170.1036,149.342,4.3,18,208.0,3.026,0.67,us,15.11,14.136,0.154,12
-20.4286,-68.8136,105.865,4.0,15,92.0,0.428,0.39,us,6.92,7.222,0.196,7
-53.5242,24.796,10.0,4.7,27,116.0,21.327,0.93,us,15.51,1.883,0.133,17
-22.907,172.9271,10.0,4.6,22,123.0,5.067,0.9,us,6.77,1.853,0.14,15
-59.2511,-26.1519,123.825,4.9,69,65.0,7.548,0.64,us,11.3,5.822,0.076,58
-1.7712,128.6834,10.0,4.4,27,97.0,2.728,0.66,us,8.5,1.931,0.13,17
51.3607,159.5291,35.0,4.6,44,133.0,2.081,0.86,us,9.3,1.93,0.097,32
39.1807,28.1691,10.0,4.3,42,43.0,0.989,1.03,us,4.18,1.889,0.116,21
-4.061,-12.0098,10.0,4.5,16,117.0,4.5,0.59,us,13.22,1.542,0.164,11
53.2871,161.6454,10.0,4.7,48,115.0,1.823,1.04,us,6.08,1.881,0.064,73
-15.6368,167.9734,139.138,4.6,26,255.0,6.014,0.77,us,14.98,9.775,0.129,19
-63.0531,-63.8138,10.0,4.8,20,146.0,1.731,0.78,us,12.63,1.925,0.127,19
-29.8167,-71.7071,15.937,4.3,34,145.0,0.42,0.88,us,4.0,1.788,0.16,11
28.1494,142.832,10.0,4.5,53,134.0,1.197,0.53,us,8.56,1.896,0.085,43
51.6328,159.5252,10.0,4.5,33,126.0,1.493,0.45,us,6.26,1.902,0.089,40
53.1542,159.433,70.641,4.2,111,157.0,0.49,0.72,us,11.88,7.423,0.054,99
-5.8878,105.1606,112.62,4.2,25,129.0,1.527,0.68,us,11.37,5.901,0.118,21
11.2615,124.0555,10.0,4.5,55,111.0,6.638,0.51,us,13.36,1.911,0.078,48
5.7796,126.2159,151.062,4.4,36,113.0,1.273,0.78,us,10.03,7.49,0.091,35
52.8626,161.297,36.601,4.3,20,119.0,1.61,0.92,us,6.46,8.46,0.138,15
51.1744,159.7163,20.71,4.3,17,125.0,1.965,0.93,us,9.73,5.765,0.201,7
-6.2371,151.4888,10.0,4.7,20,154.0,2.141,0.52,us,13.4,1.909,0.091,40
50.8553,159.0797,35.0,5.0,47,130.0,2.188,0.69,us,10.18,1.928,0.085,44
27.3659,52.528,10.0,4.2,40,115.0,4.089,0.59,us,9.47,1.949,0.106,25
-6.9643,125.0035,562.786,4.4,57,55.0,2.867,0.5,us,10.03,8.109,0.08,45
51.5465,16.2354,5.0,4.3,54,43.0,1.199,0.81,us,4.37,1.884,0.087,37
51.3262,161.0457,10.0,3.9,17,130.0,2.251,0.43,us,8.15,1.95,0.121,18
-18.7255,-71.3066,25.535,4.3,13,236.0,0.981,0.98,us,6.48,8.843,0.237,5
53.5404,-163.4145,35.0,4.3,78,167.0,1.123,0.84,us,2.79,1.919,0.088,37
-13.5312,166.8539,204.077,4.4,17,266.0,1.934,0.79,us,11.15,6.952,0.169,12
52.7006,159.9161,45.796,4.4,32,216.0,0.834,0.83,us,12.93,9.856,0.117,22
51.8057,158.3647,66.277,4.2,40,124.0,1.232,0.78,us,8.48,7.596,0.108,25
41.2672,142.5146,53.512,4.3,21,175.0,0.889,0.58,us,6.55,8.85,0.147,13
0.8027,-28.9079,10.0,5.1,71,32.0,9.598,0.93,us,10.52,1.823,0.049,136
51.1177,159.7668,10.0,4.4,19,167.0,2.029,0.49,us,13.11,1.962,0.155,12
-16.2717,-172.9556,10.0,4.5,20,75.0,3.062,0.68,us,8.47,1.86,0.163,11
35.8128,71.1299,88.568,4.3,38,98.0,2.085,1.28,us,6.82,8.151,0.137,15
9.2702,94.3342,10.0,4.1,15,183.0,4.779,1.16,us,10.26,1.94,0.185,8
-47.851,116.3228,10.0,4.4,18,142.0,14.923,0.51,us,9.1,1.865,0.139,15
34.6827,70.6043,65.43,4.3,52,142.0,3.927,0.66,us,11.15,8.308,0.092,36
-48.6862,-10.1852,10.0,4.7,19,73.0,17.255,0.21,us,13.94,1.931,0.13,18
51.4736,158.4131,48.203,4.3,66,134.0,1.559,0.72,us,4.9,7.584,0.075,50
23.9416,121.4788,28.412,4.4,22,83.0,0.254,1.22,us,3.33,0.969,0.203,7
4.1895,126.5775,35.0,4.5,43,108.0,1.221,1.17,us,6.54,1.917,0.101,29
-21.7903,-68.5845,120.568,4.6,56,43.0,0.611,1.0,us,5.31,4.289,0.049,126
-14.7719,167.6181,158.433,4.0,11,280.0,6.566,0.61,us,8.64,14.502,0.183,8
-57.246,-67.7348,10.0,4.5,19,151.0,2.32,0.52,us,6.31,1.953,0.15,13
-14.4624,-76.4447,10.0,4.5,50,139.0,2.49,0.76,us,9.43,1.908,0.084,41
50.3592,158.7342,10.0,4.3,57,133.0,2.669,0.39,us,9.32,1.906,0.085,39
18.3838,145.83,188.605,4.3,21,152.0,3.126,0.85,us,13.94,8.65,0.129,17
-55.349,-27.98,10.0,4.6,35,67.0,5.035,0.46,us,5.84,1.904,0.095,33
50.7604,159.9497,10.0,4.2,59,133.0,2.405,0.6,us,9.2,1.902,0.076,48
51.7136,160.1103,24.263,4.3,41,127.0,1.588,0.86,us,8.14,5.494,0.089,39
-10.8013,161.8095,35.0,4.5,24,138.0,2.279,0.65,us,11.99,1.937,0.115,23
52.7654,160.6993,10.0,5.1,101,115.0,1.268,0.67,us,3.77,1.864,0.032,320
28.8711,129.9377,10.0,4.5,35,179.0,2.507,0.79,us,7.02,1.917,0.09,36
38.3638,-26.6536,11.492,4.5,27,102.0,1.074,1.14,us,9.93,4.686,0.131,17
19.55,-70.7381,32.016,4.0,43,108.0,0.13,1.28,us,4.18,3.909,0.116,20
-23.4317,178.9877,575.858,4.5,27,171.0,5.725,0.72,us,7.15,8.81,0.132,18
41.197,142.5052,49.256,4.0,17,159.0,0.952,0.76,us,7.23,11.783,0.231,5
51.3629,160.977,10.0,4.2,35,177.0,2.195,0.86,us,11.32,1.933,0.115,21
52.4625,160.4409,43.863,4.2,23,160.0,1.225,1.07,us,13.64,9.174,0.131,16
52.5887,160.8157,35.0,4.5,28,131.0,1.385,0.41,us,13.63,1.942,0.111,24
53.3345,159.6504,67.676,4.0,20,163.0,0.678,0.79,us,12.51,9.463,0.15,12
-18.1013,-178.6083,598.491,4.4,30,165.0,2.517,0.47,us,14.83,10.559,0.103,27
-4.4522,138.4343,167.912,4.1,30,109.0,0.624,0.93,us,7.99,5.832,0.107,24
52.383,160.8139,10.0,4.4,49,151.0,1.465,1.03,us,9.98,1.936,0.088,37
52.2109,160.841,10.0,4.7,37,123.0,1.564,0.6,us,9.68,1.891,0.103,29
51.3512,159.5502,10.0,4.4,28,128.0,1.764,1.16,us,9.86,1.914,0.107,25
7.6899,127.7952,10.0,4.4,21,128.0,2.283,0.87,us,6.75,1.877,0.134,17
36.0959,139.9355,83.632,4.2,26,155.0,1.464,0.59,us,7.62,8.606,0.152,14
51.2637,-178.4046,47.643,4.4,68,189.0,0.387,0.88,us,5.53,7.138,0.044,154
53.9478,108.6337,10.0,4.2,32,83.0,3.784,0.62,us,6.87,1.904,0.132,16
31.7458,110.9449,10.389,4.5,45,84.0,1.923,0.64,us,9.44,5.101,0.092,35
50.8267,160.273,10.0,4.5,141,133.0,2.418,0.68,us,8.29,1.894,0.035,235
52.2686,160.1874,10.0,4.7,61,137.0,1.204,0.88,us,7.74,1.894,0.048,134
53.6202,160.0204,68.065,4.2,51,143.0,1.017,0.41,us,10.9,8.358,0.082,41
-27.5046,-179.5827,485.493,4.0,27,169.0,9.955,0.44,us,15.84,12.472,0.119,20
51.9886,-171.3769,41.754,3.5,40,192.0,1.22,0.91,us,8.22,12.619,0.117,18
-6.8976,127.3696,378.31,4.2,19,97.0,4.181,0.86,us,12.1,10.93,0.215,7
49.4373,158.4165,10.0,4.4,17,232.0,3.594,0.98,us,9.48,1.95,0.163,11
-19.9342,-177.8107,554.348,4.1,20,113.0,4.359,0.7,us,15.71,9.132,0.14,14
51.3318,158.3493,81.115,4.0,28,166.0,1.704,0.82,us,11.56,9.024,0.118,20
-24.2635,-67.0219,186.192,4.5,37,70.0,1.682,0.54,us,8.72,8.333,0.094,33
-6.9438,127.6592,278.859,4.2,33,66.0,4.366,0.56,us,8.64,10.597,0.132,17
-61.2585,-35.6231,10.0,4.5,18,83.0,7.01,0.73,us,12.2,1.924,0.135,19
50.0075,157.8292,10.0,4.4,36,133.0,3.063,0.7,us,10.17,1.902,0.066,66
53.4523,161.6778,26.164,4.5,81,78.0,1.87,0.77,us,8.3,5.157,0.059,84
51.3983,159.6883,10.0,5.3,116,98.0,1.748,0.68,us,7.27,1.817,0.035,283
51.5332,159.6339,31.098,4.4,36,136.0,1.61,0.93,us,10.1,6.129,0.096,34
34.5711,34.1328,10.0,4.8,79,64.0,0.766,0.81,us,3.38,1.857,0.042,175
51.5283,159.4974,35.0,4.2,20,127.0,1.585,0.76,us,10.68,1.945,0.141,14
6.9005,-46.3014,10.0,4.9,131,41.0,6.554,0.72,us,8.27,1.855,0.039,205
37.6452,72.2002,187.375,4.2,31,185.0,0.703,0.6,us,4.64,6.179,0.131,16
49.0853,155.4038,79.228,4.7,125,134.0,4.28,0.73,us,10.0,6.926,0.033,286
-14.8344,168.2071,10.0,4.5,14,223.0,1.145,0.95,us,11.46,1.98,0.204,8
31.8711,142.0682,10.0,4.3,22,148.0,2.273,0.44,us,4.6,1.916,0.169,10
35.1749,23.2911,44.106,4.3,64,76.0,2.284,0.61,us,7.82,7.556,0.077,48
52.3665,160.578,35.0,4.3,15,136.0,1.902,0.54,us,9.92,1.933,0.187,8
3.43,126.0536,69.487,4.4,26,127.0,1.415,0.61,us,6.81,9.027,0.126,18
6.8018,127.1295,31.637,4.3,32,109.0,1.562,1.2,us,8.01,5.187,0.114,22
15.0507,-94.2826,63.526,4.4,73,151.0,1.98,1.25,us,6.27,7.314,0.039,186
29.2736,129.5654,10.0,4.8,56,113.0,2.356,0.63,us,7.41,1.833,0.058,91
51.6758,159.1818,42.864,4.6,28,125.0,1.698,0.55,us,10.58,3.857,0.103,28
12.8009,-89.2883,48.078,4.2,59,173.0,0.969,0.73,us,8.2,12.61,0.078,46
50.1493,156.6863,65.711,4.3,22,179.0,3.03,0.42,us,12.95,10.502,0.133,16
9.4941,-40.9517,10.0,4.4,27,148.0,12.386,0.6,us,14.24,1.943,0.112,23
-7.5435,128.2641,152.143,4.3,24,95.0,4.522,1.34,us,9.33,10.377,0.168,10
42.7784,146.1329,30.408,4.8,46,187.0,2.332,0.62,us,10.84,6.915,0.098,32
-7.1648,-73.462,10.0,4.3,38,138.0,5.837,0.61,us,12.49,1.96,0.094,32
6.0139,127.5901,10.0,4.5,32,61.0,2.257,0.4,us,9.69,1.835,0.113,23
22.2312,143.4406,151.178,4.3,61,118.0,4.976,0.57,us,11.6,7.32,0.074,51
54.6742,160.0174,10.0,4.3,24,133.0,1.842,0.95,us,13.69,1.909,0.088,37
51.825,159.6059,40.446,4.4,29,125.0,1.335,0.94,us,8.84,7.758,0.084,41
53.2655,160.1198,59.522,4.4,127,120.0,1.465,0.48,us,8.98,6.127,0.05,117
-9.5362,113.7626,43.886,4.3,22,137.0,1.127,0.84,us,8.94,9.06,0.138,15
50.6926,157.4307,52.793,4.9,172,117.0,2.423,0.53,us,8.56,3.79,0.044,164
24.8414,95.4771,163.794,4.2,41,109.0,3.655,0.55,us,6.95,8.635,0.096,30
9.4541,93.9272,10.0,4.6,47,110.0,5.67,0.69,us,10.86,1.9,0.081,45
52.7673,161.1458,35.0,4.4,22,188.0,1.534,0.85,us,13.79,1.982,0.117,21
-15.4104,168.0797,10.0,4.7,33,163.0,0.846,0.77,us,4.19,1.898,0.106,27
42.3597,-126.5322,10.0,4.4,42,173.0,1.62,0.8,us,8.1,1.944,0.134,16
35.6962,136.3314,10.0,4.1,27,61.0,0.666,0.76,us,4.1,1.912,0.152,12
51.8851,161.2541,10.0,4.3,46,126.0,1.959,0.2,us,9.19,1.899,0.091,34
-17.5198,167.8604,49.537,4.3,11,114.0,2.155,0.7,us,10.41,6.571,0.217,6
-17.382,-175.6512,381.564,4.2,22,144.0,4.849,0.84,us,15.81,9.264,0.121,19
29.1796,87.0157,10.0,5.0,73,73.0,3.624,0.75,us,7.3,1.476,0.044,165
-51.012,162.1062,10.0,4.7,38,93.0,3.986,0.67,us,9.22,1.892,0.123,22
18.7102,146.2767,207.205,4.0,32,128.0,3.482,1.37,us,13.89,8.348,0.106,24
5.1478,126.8482,80.331,4.4,32,70.0,1.425,0.63,us,6.73,8.564,0.109,24
42.9656,145.4249,65.812,4.3,50,134.0,1.928,0.61,us,10.1,7.798,0.094,32
35.6406,140.1532,69.473,4.3,36,130.0,1.813,0.54,us,7.6,8.495,0.122,19
34.9271,26.6098,10.0,4.3,51,154.0,0.766,0.91,us,6.25,1.902,0.077,48
32.4181,140.0522,145.105,4.7,150,105.0,0.724,0.54,us,8.07,5.604,0.036,231
50.8117,159.9977,10.0,4.5,69,132.0,2.367,0.65,us,8.29,1.886,0.074,54
48.4112,157.2249,10.0,5.0,93,106.0,4.706,0.58,us,11.33,1.862,0.034,268
52.6281,160.6657,35.978,4.2,17,137.0,1.286,0.74,us,10.58,8.644,0.166,10
-8.6742,112.0918,118.563,4.2,35,64.0,2.048,0.51,us,6.72,6.939,0.104,26
27.8174,56.7028,10.0,4.4,55,76.0,2.895,0.62,us,9.3,1.89,0.079,46
52.2323,160.3528,41.044,4.4,22,166.0,1.839,0.69,us,14.39,9.801,0.12,20
-38.9603,175.1293,212.235,4.1,32,48.0,0.332,1.02,us,6.91,3.91,0.174,9
-7.4231,128.1041,188.647,4.5,30,93.0,3.393,0.41,us,5.58,7.87,0.109,25
-16.6568,175.7747,10.0,4.4,23,100.0,2.431,0.82,us,11.99,1.911,0.131,19
52.1778,157.7694,96.387,4.6,18,154.0,0.933,1.37,us,11.1,9.086,0.136,16
-31.2441,-69.0682,115.025,4.1,33,122.0,0.454,0.78,us,4.19,5.251,0.214,6
-24.2017,-67.3635,180.855,4.2,29,54.0,1.452,0.72,us,9.89,11.895,0.236,5
29.3407,129.3771,10.0,4.5,40,109.0,2.352,0.66,us,7.79,1.901,0.11,24
-5.702,-81.2004,10.0,5.1,142,62.0,3.753,0.52,us,11.13,4.23,0.048,140
26.7568,129.6439,10.0,4.4,14,99.0,1.228,0.57,us,7.26,1.885,0.179,9
-22.5416,-68.7556,111.176,4.3,18,68.0,0.671,0.78,us,4.86,6.456,0.238,5
51.3345,159.5784,10.0,5.0,64,139.0,1.786,1.27,us,9.34,1.896,0.052,118
19.3729,-109.0451,10.0,4.3,20,123.0,1.873,0.81,us,9.31,1.94,0.096,31
-26.2725,178.4833,606.122,4.4,35,123.0,8.496,0.69,us,12.93,5.194,0.096,54
-57.7617,157.687,10.0,5.1,35,98.0,3.346,0.77,us,12.31,1.894,0.092,39
36.4762,26.6801,129.996,4.3,70,50.0,1.193,0.69,us,6.43,7.193,0.077,52
52.5385,-170.074,63.471,3.7,23,175.0,0.859,0.83,us,11.19,6.31,0.19,8
53.5281,153.7868,469.656,4.3,115,88.0,2.384,0.67,us,10.71,7.198,0.042,164
34.0687,-5.5488,10.0,4.1,19,125.0,1.373,0.8,us,7.46,1.936,0.131,16
51.1178,-175.9955,10.0,4.0,42,203.0,0.788,0.5,us,4.63,1.918,0.108,23
52.6874,160.6056,23.958,4.3,45,118.0,1.233,1.11,us,10.35,6.149,0.084,40
10.8074,-62.9704,122.966,4.0,23,193.0,1.716,0.62,us,11.52,11.617,0.182,8
-23.1723,-66.464,226.98,4.0,24,142.0,1.594,1.19,us,10.66,10.192,0.211,6
5.6924,124.2808,35.0,4.3,30,94.0,1.527,0.85,us,6.97,1.926,0.125,18
-6.546,130.1043,157.368,4.2,20,82.0,4.189,0.74,us,10.44,4.778,0.136,15
51.1304,159.147,31.471,5.1,184,59.0,1.921,0.61,us,7.75,4.867,0.029,395
1.8647,128.5913,10.0,4.5,36,84.0,1.636,0.78,us,9.02,1.884,0.088,44
-8.8055,123.6584,106.656,4.3,18,154.0,1.119,1.08,us,8.3,8.066,0.132,16
-18.6178,-177.9971,530.181,4.9,158,30.0,3.292,0.69,us,9.13,4.181,0.027,427
-18.1101,167.5363,10.0,4.2,12,258.0,3.913,0.46,us,8.07,1.993,0.2,7
51.7582,159.5458,60.563,4.6,36,138.0,1.381,1.04,us,10.36,5.503,0.111,24
48.9102,155.8496,35.0,4.1,36,135.0,4.363,0.9,us,10.81,1.94,0.112,22
52.3341,160.7572,10.0,5.2,61,78.0,1.457,0.73,us,10.46,1.882,0.068,72
47.9545,22.9676,10.0,4.3,19,121.0,1.537,1.18,us,4.89,1.975,0.217,6
52.9277,160.0982,35.0,4.4,48,146.0,0.881,0.82,us,8.94,1.945,0.063,72
-31.9653,-66.9423,145.674,4.6,105,51.0,1.53,0.89,us,6.4,5.594,0.034,262
52.0887,160.897,10.0,4.2,26,144.0,1.661,0.38,us,11.36,1.938,0.128,17
49.3297,156.5319,35.0,5.6,168,74.0,3.854,0.9,us,8.11,1.832,0.019,977
37.2845,71.166,104.277,4.4,39,91.0,1.465,1.03,us,6.7,7.633,0.077,49
52.6784,160.8552,10.0,4.1,19,174.0,1.381,0.74,us,11.21,1.959,0.158,11
54.3524,58.9495,10.0,3.7,15,89.0,2.066,0.93,us,6.45,1.692,0.251,4
52.2175,160.5871,10.0,4.3,33,123.0,1.43,1.01,us,9.35,1.914,0.098,30
-19.2671,-177.6451,596.72,4.5,65,82.0,3.972,0.71,us,12.41,7.352,0.032,283
51.5138,159.7014,25.46,4.9,68,128.0,1.644,1.0,us,9.29,5.436,0.057,97
-7.7428,129.0868,82.62,4.3,24,37.0,5.166,0.91,us,8.96,7.702,0.126,18
-3.3521,140.4121,35.0,4.5,24,77.0,0.881,1.34,us,6.86,1.914,0.095,32
-58.767,-24.9017,10.0,4.5,41,83.0,7.82,0.48,us,11.33,1.873,0.091,35
-3.9745,137.4572,10.0,4.1,20,58.0,1.494,0.82,us,6.54,1.901,0.146,13
-20.7091,168.9793,10.0,4.4,17,165.0,2.371,0.44,us,10.46,1.919,0.179,9
51.3443,159.8402,10.0,4.7,22,153.0,1.834,0.91,us,11.13,1.968,0.184,9
3.2052,-31.2178,10.0,4.6,16,165.0,20.249,0.36,us,11.27,1.908,0.152,13
12.6793,-88.4711,62.909,4.3,34,178.0,0.798,1.01,us,9.68,9.178,0.071,56
-25.5645,179.6055,519.439,4.4,30,136.0,9.044,0.72,us,15.2,11.494,0.109,24
-39.0242,175.7827,125.573,4.9,36,63.0,0.041,1.15,us,4.66,6.023,0.129,21
-19.6435,169.0822,127.736,5.0,47,123.0,3.326,0.61,us,10.62,7.49,0.042,179
39.5869,143.2433,37.562,4.4,35,155.0,2.056,0.41,us,9.07,8.406,0.121,20
-33.1994,-179.7336,116.454,4.1,18,248.0,4.638,1.03,us,15.6,11.997,0.139,14
-30.6608,-71.6774,21.946,4.2,31,148.0,0.039,1.19,us,4.28,3.237,0.187,8
13.524,144.7135,156.061,3.9,19,99.0,0.164,0.72,us,11.94,4.049,0.154,11
51.2199,158.4085,35.0,4.6,33,127.0,1.812,0.96,us,7.09,1.871,0.094,34
52.1987,-169.4842,10.0,4.4,24,181.0,0.865,1.08,us,2.95,1.913,0.149,13
-1.732,-81.1699,10.0,4.8,75,143.0,1.675,0.96,us,8.15,1.891,0.07,63
-24.733,-175.8026,35.0,4.7,26,214.0,4.878,0.53,us,10.49,1.979,0.126,21
51.586,159.6857,10.0,4.3,29,127.0,1.574,1.17,us,8.88,1.905,0.134,20
-21.4938,168.8872,10.0,4.3,14,260.0,1.74,0.61,us,11.61,2.004,0.201,9
50.4094,156.5118,77.711,4.5,48,130.0,2.802,0.68,us,11.0,5.422,0.061,80
-2.6843,121.9242,10.0,4.4,23,92.0,0.876,0.58,us,4.65,1.91,0.169,11
41.7733,81.885,20.414,4.3,32,118.0,2.085,0.66,us,6.27,5.557,0.126,18
-58.6457,-24.6974,10.0,4.5,19,181.0,7.854,0.85,us,15.9,1.987,0.127,18
16.345,-93.0087,192.594,4.4,46,114.0,0.84,0.83,us,6.82,6.539,0.051,111
53.0919,160.5304,41.941,4.1,58,137.0,1.137,0.95,us,12.25,8.059,0.079,43
-6.1896,142.4347,10.0,4.8,41,99.0,2.995,1.02,us,8.09,1.8,0.069,65
44.0395,147.4985,35.0,4.3,26,137.0,3.536,0.68,us,11.63,1.948,0.143,14
-17.6386,-178.6599,561.135,4.4,29,164.0,2.21,0.42,us,16.53,9.568,0.105,26
-18.885,-173.018,10.0,4.6,13,103.0,2.931,0.52,us,11.94,1.458,0.164,11
-54.5739,157.0698,10.0,4.5,22,88.0,1.093,1.14,us,5.95,1.767,0.119,21
-9.6505,152.7467,10.0,4.9,61,108.0,5.357,0.76,us,8.77,1.882,0.078,52
-18.8013,-171.8211,10.0,4.6,18,155.0,1.813,0.76,us,11.55,1.937,0.141,15
-9.0199,-79.0454,72.731,5.0,66,61.0,3.659,0.57,us,11.54,5.319,0.031,338
52.1429,179.7058,173.056,3.8,14,132.0,0.163,0.71,us,10.03,10.91,0.127,16
6.0141,126.0262,150.76,4.2,24,112.0,1.139,1.16,us,9.06,6.266,0.132,16
36.4749,70.3066,196.984,4.3,33,96.0,2.177,0.6,us,7.8,6.646,0.129,17
-14.686,66.5037,10.0,4.7,33,100.0,5.863,0.38,us,13.7,1.895,0.104,28
17.534,145.3159,351.737,4.1,29,133.0,2.325,0.47,us,22.41,18.355,0.116,20
-6.3941,130.8422,60.712,4.3,15,119.0,2.081,0.75,us,6.61,11.434,0.2,7
51.6796,160.5155,10.0,4.3,29,127.0,1.766,0.62,us,9.12,1.918,0.138,15
-52.3732,-71.8054,10.0,4.2,11,176.0,0.506,0.62,us,6.56,1.942,0.216,6
51.0514,159.2082,10.0,4.6,41,129.0,2.005,1.28,us,9.82,1.906,0.07,61
-19.6884,-177.7917,407.626,4.4,52,81.0,4.181,0.62,us,9.77,6.17,0.081,44
-17.8948,168.1647,7.066,4.3,18,172.0,2.602,0.93,us,10.16,4.332,0.168,12
-35.4292,-71.2382,99.625,4.2,45,126.0,0.363,0.7,us,4.69,4.757,0.108,24
-56.2114,-143.8027,10.0,5.1,29,127.0,27.438,0.83,us,14.87,1.892,0.108,28
37.7919,144.1058,11.08,4.9,97,88.0,3.811,0.69,us,8.37,4.429,0.046,146
49.4264,156.1591,35.0,5.7,86,112.0,3.811,0.53,us,12.22,1.864,0.076,62
52.5869,160.6429,10.0,4.9,69,118.0,1.286,0.64,us,7.53,1.483,0.056,99
-23.6315,-179.0609,393.102,4.1,29,116.0,6.45,0.81,us,9.17,7.784,0.117,20
36.1482,22.7754,64.031,4.3,14,219.0,1.235,0.81,us,9.69,8.97,0.237,5
-29.6153,-72.058,21.928,4.3,28,145.0,0.774,0.87,us,3.72,6.169,0.307,3
-22.8304,-177.7355,390.205,4.1,13,166.0,6.42,0.31,us,19.46,6.731,0.12,21
4.8929,123.0324,573.765,4.2,48,56.0,2.443,0.72,us,12.41,8.778,0.087,37
-5.8578,152.5154,10.0,4.1,18,194.0,1.692,0.44,us,7.97,1.743,0.145,13
52.3431,160.354,28.122,4.4,25,123.0,1.787,0.66,us,10.03,2.85,0.134,16
52.6046,161.1152,10.0,4.2,49,147.0,1.554,0.76,us,9.34,1.935,0.091,34
6.1102,127.2399,35.0,5.0,55,51.0,1.905,1.43,us,6.49,1.876,0.06,89
52.2884,160.9574,10.0,4.8,37,192.0,1.587,0.89,us,12.65,1.96,0.06,85
-57.1362,-67.2125,10.0,4.7,24,146.0,2.222,0.56,us,14.89,1.964,0.127,19
19.6703,122.4804,171.669,4.1,34,141.0,3.393,0.45,us,12.23,9.169,0.112,22
52.0935,160.3531,26.123,4.2,26,216.0,1.911,0.76,us,8.98,6.012,0.136,16
42.5536,146.7106,10.0,4.5,43,154.0,2.691,1.2,us,11.59,1.945,0.096,32
52.7752,161.1082,10.0,4.5,52,120.0,1.51,0.93,us,7.52,1.882,0.071,60
52.8862,160.8619,10.0,4.9,35,134.0,1.345,0.46,us,12.01,1.914,0.116,23
-21.0423,-69.6073,62.136,4.4,30,69.0,0.112,0.49,us,3.82,4.109,0.112,23
50.7794,156.963,87.079,4.3,36,138.0,2.376,0.58,us,12.81,7.806,0.107,25
49.3583,155.39,75.832,4.5,65,136.0,4.025,0.69,us,7.82,7.594,0.051,111
-5.2545,152.2946,51.498,5.1,66,124.0,0.979,0.47,us,8.48,6.902,0.056,104
52.568,160.714,10.0,4.5,38,121.0,1.334,0.74,us,10.12,1.909,0.091,35
30.3748,138.6788,416.072,4.3,88,85.0,2.898,0.73,us,10.62,7.41,0.068,62
-12.8907,143.2963,11.304,4.1,17,102.0,1.067,0.44,us,7.65,6.109,0.197,7
-19.0127,169.8267,250.631,4.1,23,161.0,4.217,0.75,us,12.09,10.216,0.12,19
49.9381,157.3568,10.0,4.2,35,138.0,3.182,0.66,us,10.88,1.447,0.104,26
53.4214,170.5529,35.0,4.3,59,159.0,2.249,1.03,us,10.59,1.863,0.059,83
-58.8007,-25.4875,29.994,5.5,63,33.0,7.576,0.86,us,9.88,5.042,0.052,126
21.2891,101.6636,10.0,4.3,38,67.0,1.603,1.07,us,6.66,1.875,0.126,18
18.8286,145.2538,199.55,4.0,20,145.0,3.604,0.34,us,15.84,11.111,0.134,15
52.3337,160.2758,30.306,5.1,201,121.0,1.207,0.76,us,8.67,4.921,0.033,296
11.6459,144.2293,10.0,4.3,18,167.0,2.03,0.94,us,11.01,1.955,0.148,13
32.5027,142.4884,10.0,4.4,22,129.0,2.334,1.24,us,8.94,1.9,0.155,12
37.404,19.7513,10.0,4.3,29,143.0,1.748,1.1,us,6.18,1.942,0.188,8
-56.8866,-140.9671,10.0,4.2,10,93.0,33.269,1.04,us,16.58,1.547,0.198,7
44.605,149.1421,35.0,4.6,73,143.0,4.721,0.66,us,11.54,1.925,0.072,57
37.7305,141.67,84.827,4.3,27,161.0,3.009,0.74,us,8.81,10.154,0.177,9
45.7091,26.5334,127.609,4.2,29,70.0,0.467,0.74,us,8.12,6.673,0.152,12
48.7852,156.0314,25.059,4.1,21,135.0,4.455,1.13,us,11.92,6.087,0.151,12
-6.5701,155.7736,175.202,4.3,50,103.0,4.301,0.86,us,9.71,5.27,0.084,42
-7.1861,128.9031,152.02,4.3,14,77.0,5.248,1.0,us,8.27,9.954,0.153,12
-16.0175,-177.2411,429.605,4.4,67,111.0,3.287,0.96,us,14.44,7.336,0.077,49
-29.9747,-71.1453,86.389,4.2,21,93.0,0.098,0.45,us,2.45,7.163,0.216,6
51.9803,159.1864,59.406,4.0,31,137.0,1.095,0.58,us,9.8,7.566,0.119,19
4.0355,95.8857,69.373,4.3,24,158.0,1.589,0.68,us,9.63,8.0,0.154,15
50.8858,157.0731,79.74,5.2,102,77.0,2.259,0.65,us,7.97,5.352,0.022,699
-17.6371,-175.1886,272.933,4.3,36,73.0,4.949,0.49,us,12.3,8.458,0.102,27
-8.1311,106.9454,48.815,4.2,13,104.0,0.964,0.7,us,7.01,7.131,0.152,12
-7.3843,154.8795,88.502,4.9,41,60.0,4.167,0.7,us,9.51,7.478,0.057,97
19.0599,121.301,10.0,4.2,33,123.0,3.744,0.83,us,12.76,1.926,0.11,23
7.2986,126.6409,92.329,4.0,13,187.0,1.078,0.28,us,7.61,11.035,0.231,9
-14.7822,167.3962,132.752,4.5,31,253.0,0.687,0.46,us,13.07,6.182,0.108,25
-17.2848,-179.214,549.393,4.2,13,239.0,1.575,0.25,us,32.37,26.39,0.158,11
-20.3002,-177.8617,523.293,4.2,35,97.0,4.622,0.63,us,13.8,8.704,0.107,24
-1.8217,139.2059,17.683,4.8,36,98.0,1.263,0.56,us,4.86,4.666,0.111,25
-20.6463,-69.019,101.767,4.4,22,79.0,0.518,0.56,us,4.18,5.317,0.139,15
-3.1047,139.1156,63.391,4.1,26,103.0,0.998,0.96,us,5.29,5.733,0.131,16
-54.5726,-118.9566,10.0,4.7,36,119.0,30.283,0.81,us,14.26,1.888,0.095,34
51.389,157.9912,68.062,4.2,38,131.0,1.686,0.73,us,10.54,8.544,0.102,27
23.2627,142.3491,141.752,4.5,48,119.0,3.819,0.84,us,12.65,5.59,0.034,263
52.2021,160.6757,23.574,4.2,22,167.0,1.484,1.16,us,9.35,8.203,0.152,12
-21.085,-68.6888,129.227,4.2,29,61.0,0.747,0.82,us,5.63,4.331,0.14,14
52.3144,160.15,31.091,4.5,46,134.0,1.157,0.63,us,11.51,6.198,0.098,31
29.0741,129.6197,10.0,4.5,29,130.0,2.528,0.94,us,7.82,1.907,0.145,14
52.3722,160.6769,26.021,4.9,66,122.0,1.395,1.0,us,8.58,5.452,0.044,165
-10.7082,113.9842,10.0,4.5,28,116.0,2.23,0.56,us,7.65,1.911,0.124,19
-2.9646,127.3166,46.359,4.1,30,48.0,4.459,0.59,us,7.33,9.652,0.144,13
51.9161,159.6644,35.0,4.1,17,154.0,1.271,1.02,us,8.06,1.984,0.151,12
54.5973,-159.8086,43.905,5.4,62,122.0,0.266,0.79,us,6.08,5.084,0.087,45
43.2431,-126.7952,10.0,4.2,72,182.0,2.027,1.01,us,9.18,1.954,0.065,67
-59.9755,-61.6371,10.0,5.0,23,124.0,4.945,1.11,us,10.09,1.904,0.129,19
38.3161,142.0482,57.554,4.4,38,148.0,2.584,0.43,us,9.05,8.524,0.12,20
-58.636,-24.6785,10.0,4.6,31,100.0,7.858,0.44,us,5.5,1.901,0.105,27
5.1276,126.8545,97.64,4.4,39,66.0,1.425,0.81,us,7.0,5.366,0.108,25
34.4206,21.9705,35.0,4.2,18,146.0,2.752,0.83,us,9.56,1.968,0.199,7
42.4544,144.2913,81.265,5.0,116,121.0,0.95,0.63,us,7.96,6.373,0.057,99
-18.5347,-177.8323,618.605,4.2,54,109.0,3.363,0.65,us,13.01,4.73,0.044,143
52.2464,160.6859,37.754,4.0,17,161.0,1.465,1.0,us,12.65,8.828,0.164,12
50.2986,158.1252,17.472,4.6,67,132.0,2.748,1.37,us,9.52,4.746,0.044,154
-60.3049,-62.8163,10.0,4.7,29,130.0,4.522,0.88,us,10.51,1.91,0.102,29
-6.2539,149.149,55.607,4.6,26,131.0,3.635,0.91,us,12.03,8.707,0.122,20
57.3297,-32.9584,10.0,4.5,25,112.0,9.321,0.58,us,12.6,1.922,0.121,20
-17.9339,-178.1592,583.455,4.1,17,136.0,2.77,0.61,us,23.98,21.853,0.157,13
49.876,155.7349,86.888,4.5,68,135.0,3.462,0.64,us,11.03,7.511,0.042,167
50.9922,157.1274,60.58,4.3,38,134.0,2.149,0.57,us,11.53,8.078,0.096,31
41.7453,141.3621,122.029,4.2,31,115.0,0.981,0.7,us,9.18,9.19,0.124,18
15.2099,55.7074,10.0,4.4,26,100.0,12.686,0.87,us,10.78,1.875,0.099,29
-59.8205,-62.1822,10.0,4.7,18,130.0,5.048,0.61,us,13.04,1.913,0.142,15
52.4983,160.6494,10.0,4.4,83,121.0,1.324,0.66,us,4.76,1.863,0.058,85
26.2258,142.9997,10.0,4.4,47,138.0,1.133,0.95,us,10.83,1.91,0.089,36
51.7149,159.7649,10.0,4.3,23,135.0,1.478,0.72,us,5.55,1.935,0.111,23
-6.6323,129.939,125.45,4.8,68,25.0,4.348,0.6,us,8.18,6.792,0.059,90
-56.2953,-26.8369,76.161,5.2,32,68.0,5.871,0.65,us,11.57,6.885,0.086,44
-21.4584,-66.6489,237.347,4.4,24,122.0,2.054,1.1,us,8.97,10.667,0.13,17
54.6579,-160.4966,10.081,4.0,40,188.0,0.554,0.75,us,3.51,6.079,0.231,5
48.9991,155.5059,35.0,4.4,29,135.0,4.341,0.83,us,11.05,1.905,0.127,18
50.5117,-173.3151,10.0,3.8,76,198.0,1.78,0.46,us,6.54,1.959,0.104,24
-7.2941,102.6093,10.0,4.8,48,71.0,2.796,0.77,us,6.41,1.862,0.088,40
40.987,141.9201,61.123,4.3,29,121.0,0.678,0.57,us,7.16,6.059,0.13,18
51.0085,158.5209,26.694,4.6,46,122.0,2.02,0.89,us,9.34,5.791,0.077,51
-18.301,-67.0377,266.728,4.1,27,112.0,2.258,0.54,us,8.93,8.991,0.12,19
52.5351,159.2508,57.268,5.3,59,92.0,0.61,0.71,us,7.63,5.082,0.075,60
54.4975,-159.6856,35.0,4.1,36,199.0,0.339,0.59,us,4.07,2.006,0.185,11
52.0672,160.318,35.0,4.6,33,135.0,1.398,0.97,us,7.94,1.919,0.093,36
51.2127,158.899,32.829,4.3,26,124.0,1.82,0.96,us,10.66,6.506,0.116,24
-10.2765,161.1285,71.424,5.2,95,96.0,1.431,0.42,us,10.36,6.01,0.049,138
-24.0946,178.8141,568.857,4.4,32,113.0,6.358,0.8,us,13.22,11.771,0.112,23
-30.4772,-178.3959,10.0,4.3,12,160.0,1.293,1.03,us,10.97,1.927,0.201,7
13.3091,-92.6013,10.0,4.4,64,218.0,1.604,0.87,us,5.75,1.978,0.07,59
-57.2058,-68.3105,10.0,4.3,12,151.0,3.581,1.26,us,10.59,1.965,0.217,6
50.0856,158.6197,17.748,4.4,24,134.0,2.942,0.49,us,11.18,5.021,0.143,14
-19.8405,-175.8004,180.448,4.4,47,94.0,5.593,0.73,us,13.01,7.383,0.065,68
-6.44,147.9885,48.657,4.0,16,118.0,3.058,0.58,us,9.93,8.693,0.164,12
49.215,156.4101,36.884,4.0,34,136.0,3.982,0.64,us,13.21,7.941,0.096,29
-17.9403,-179.1514,595.793,4.2,27,86.0,2.67,0.55,us,15.7,10.072,0.107,24
12.2333,144.0086,51.16,4.3,38,155.0,1.587,0.89,us,11.68,9.152,0.1,28
-17.6156,-178.7872,548.042,4.9,54,78.0,2.095,0.62,us,13.62,9.926,0.076,54
-6.8978,129.9973,108.8,4.3,10,121.0,4.544,0.45,us,8.17,10.504,0.377,2
10.1964,126.1748,10.0,4.5,36,108.0,3.162,0.69,us,11.45,1.898,0.106,26
-10.4808,124.6142,10.0,4.4,12,136.0,0.798,1.24,us,8.72,1.774,0.204,7
-33.5996,-178.5892,15.196,5.2,70,112.0,4.693,0.89,us,10.76,4.337,0.075,61
44.144,86.7402,10.0,4.2,25,217.0,3.568,1.23,us,4.83,1.985,0.186,8
44.543,145.6776,189.34,4.1,19,142.0,2.254,0.35,us,10.26,4.316,0.165,10
52.8756,160.8815,24.949,5.5,61,107.0,8.015,0.79,us,10.25,5.103,0.066,80
-22.0863,-68.9743,102.907,4.3,15,144.0,0.381,0.56,us,5.41,4.764,0.216,6
51.6123,160.2771,10.0,4.1,18,218.0,1.731,0.79,us,5.07,1.992,0.14,14
-8.6951,110.3162,75.672,4.4,22,118.0,1.64,0.4,us,7.42,7.736,0.143,14
-7.0937,155.6701,70.527,4.8,77,80.0,4.526,0.5,us,9.48,6.14,0.072,59
50.8501,157.1112,79.757,5.0,112,84.0,2.29,0.86,us,8.51,5.038,0.022,641
-22.7943,68.3326,10.0,4.4,12,263.0,49.594,0.48,us,13.88,2.013,0.204,7
79.4721,-17.4967,10.0,4.9,99,34.0,2.15,0.8,us,6.27,1.879,0.031,324
22.7731,143.4107,91.2,4.1,17,163.0,4.445,1.1,us,15.73,7.465,0.166,10
-8.8381,118.7623,112.873,4.5,35,83.0,0.974,1.11,us,6.13,7.284,0.111,24
-4.5255,125.4461,436.451,4.0,28,63.0,2.722,0.83,us,12.73,9.679,0.149,12
9.3326,93.9986,10.0,4.5,28,178.0,5.584,0.67,us,12.24,1.936,0.118,21
27.3931,52.5727,10.0,4.2,47,83.0,4.073,0.78,us,8.93,1.894,0.089,35
29.3294,129.3861,10.0,4.4,41,56.0,2.36,0.91,us,7.36,1.9,0.105,26
54.0915,-159.6859,35.0,3.9,12,210.0,0.743,0.63,us,7.35,2.02,0.256,4
-49.4051,123.6767,10.0,4.5,20,117.0,17.148,1.17,us,14.79,1.918,0.127,18
-23.6271,-66.6297,214.992,4.5,81,46.0,1.575,0.99,us,9.86,7.277,0.062,76
50.9219,157.9667,40.798,4.3,91,98.0,2.147,0.61,us,8.41,4.416,0.061,76
-6.1344,129.9037,155.384,4.6,75,28.0,3.958,0.88,us,8.17,7.083,0.056,95
52.147,160.3335,29.386,4.5,37,123.0,1.351,0.88,us,11.03,6.362,0.098,31
51.5289,159.7602,10.0,5.3,85,120.0,1.645,1.11,us,7.22,1.869,0.037,248
52.338,160.0971,35.0,5.3,104,110.0,1.117,0.81,us,8.84,1.916,0.06,93
50.4294,158.3403,10.0,4.6,90,132.0,2.605,0.6,us,9.85,1.893,0.059,85
1.2364,128.4832,10.0,4.0,23,145.0,1.208,0.75,us,7.3,1.61,0.157,13
39.5772,143.2297,10.0,5.5,96,123.0,2.054,0.85,us,7.76,1.867,0.053,122
6.2464,125.6335,156.375,4.2,20,147.0,0.82,0.97,us,9.18,7.896,0.146,13
52.1516,159.7633,35.0,5.2,42,89.0,8.78,0.64,us,11.11,1.946,0.128,20
52.3294,160.7829,10.0,4.5,65,123.0,1.473,0.65,us,10.52,1.924,0.064,73
-5.5736,152.7499,10.0,4.4,30,152.0,1.492,0.47,us,9.51,1.702,0.103,27
15.7411,-98.2903,10.0,4.2,92,225.0,0.667,1.4,us,2.89,1.977,0.055,93
39.2466,28.1006,10.0,4.3,42,39.0,0.946,0.84,us,3.04,1.919,0.111,23
7.1976,127.2703,10.0,4.4,27,109.0,1.683,1.17,us,8.32,1.623,0.115,22
-19.0185,-177.4555,627.268,4.3,33,142.0,3.941,0.74,us,18.48,12.142,0.091,38
27.8992,-111.8568,10.0,4.1,41,124.0,0.67,0.95,us,5.94,1.955,0.055,90
52.1377,159.7096,35.0,4.9,81,123.0,1.098,0.99,us,7.04,1.791,0.047,141
16.3751,-59.6718,10.0,4.4,37,116.0,1.331,0.87,us,6.82,1.855,0.179,9
16.9,147.6306,10.0,4.2,22,106.0,2.42,0.46,us,8.69,1.92,0.153,12
14.7856,-91.0593,169.27,4.3,28,161.0,1.52,0.75,us,10.97,13.509,0.126,18
-5.1529,147.9095,10.0,4.4,32,67.0,3.136,0.66,us,5.65,1.608,0.115,22
52.8668,161.0865,10.0,4.9,59,133.0,1.483,1.05,us,10.55,1.903,0.073,59
-23.9044,-66.7902,226.072,4.3,25,82.0,1.589,1.1,us,10.33,8.481,0.147,13
-6.6917,155.1474,66.911,4.6,38,97.0,3.872,0.73,us,12.17,7.813,0.093,34
-11.3425,163.0711,10.0,4.2,15,194.0,3.609,0.78,us,7.08,1.978,0.167,10
-20.1781,67.8236,10.0,4.9,54,70.0,4.21,0.28,us,10.46,1.845,0.087,42
-4.7059,145.6568,10.405,4.5,31,52.0,3.147,1.08,us,6.89,4.28,0.106,26
7.3731,127.2483,10.0,4.2,27,83.0,1.683,1.17,us,7.65,1.897,0.132,17
52.9154,160.7317,35.0,4.5,64,134.0,1.264,0.55,us,8.6,1.888,0.073,55
12.2142,-64.7835,10.0,4.5,49,65.0,2.047,0.82,us,6.99,1.914,0.1,33
40.974,142.9453,54.199,4.9,93,109.0,1.052,0.84,us,7.39,6.648,0.064,77
-7.9744,130.3851,10.0,4.6,32,115.0,3.462,0.87,us,8.48,1.806,0.105,27
51.1875,159.7868,10.0,4.4,27,125.0,1.968,1.38,us,8.84,1.94,0.13,19
50.6541,157.4441,37.52,5.9,148,74.0,2.461,0.81,us,9.39,6.464,0.021,861
53.2245,160.3688,45.096,5.2,154,108.0,1.055,0.68,us,9.38,6.757,0.029,396
51.0628,159.7329,10.0,4.5,28,130.0,2.074,0.68,us,9.56,1.793,0.131,17
-9.1708,123.6698,35.0,4.1,15,118.0,0.827,0.7,us,5.23,1.962,0.233,5
-24.8468,-63.4487,574.308,4.3,106,31.0,4.722,0.78,us,10.81,7.067,0.059,81
50.121,157.216,33.212,4.2,39,132.0,3.007,0.47,us,12.47,6.606,0.096,30
-3.8117,131.512,10.0,4.5,77,23.0,1.152,1.06,us,5.84,1.854,0.067,66
29.5916,129.679,8.368,4.9,106,70.0,2.025,0.53,us,7.46,4.688,0.052,116
51.3015,161.2126,10.0,4.1,44,167.0,2.338,0.84,us,12.22,1.962,0.097,29
13.1316,124.1919,85.683,4.9,93,55.0,6.176,0.8,us,8.92,6.554,0.045,152
51.1774,158.5719,46.083,5.1,87,122.0,1.849,0.62,us,10.92,7.437,0.065,78
-15.2005,167.4934,156.967,5.0,74,56.0,6.134,0.79,us,10.57,5.532,0.06,89
-22.8243,-175.3111,10.0,4.7,23,156.0,6.813,0.35,us,11.42,1.691,0.126,19
50.0824,158.8327,10.0,4.3,51,135.0,2.947,0.93,us,9.97,1.904,0.09,35
39.414,143.4827,10.0,4.3,20,192.0,2.308,0.74,us,9.81,1.974,0.168,10
18.5828,145.6426,209.662,4.2,33,134.0,3.326,1.06,us,12.68,8.98,0.1,28
52.3232,158.5801,89.371,4.6,36,122.0,0.703,1.3,us,11.01,7.364,0.099,30
51.276,159.0858,35.0,4.0,15,249.0,1.771,0.78,us,13.81,2.007,0.183,8
55.3497,165.3096,10.0,4.3,59,153.0,4.553,0.95,us,13.87,1.928,0.077,48
-5.0038,144.2892,91.934,4.3,20,75.0,4.349,1.14,us,7.42,10.056,0.132,16
4.8281,127.6918,86.71,4.3,27,68.0,2.207,0.62,us,5.83,6.184,0.137,15
51.9301,159.5625,35.0,5.1,47,125.0,1.229,0.87,us,9.19,1.931,0.119,23
-31.8201,-71.4676,43.266,4.4,27,142.0,0.474,0.48,us,4.05,8.544,0.268,4
4.5116,-73.0916,10.0,4.8,53,106.0,1.269,0.86,us,4.54,1.846,0.044,158
14.0785,-91.3783,86.886,4.6,78,94.0,0.509,0.79,us,7.63,6.925,0.044,151
-16.2776,-73.1591,56.23,4.3,23,145.0,3.402,1.13,us,12.42,9.796,0.106,25
50.3058,159.6425,10.0,4.1,40,135.0,2.791,0.51,us,10.97,1.88,0.101,27
43.2399,-126.8116,10.0,3.4,21,257.0,1.627,0.7,us,4.02,2.015,0.284,5
13.9698,-92.848,10.0,4.2,114,194.0,1.382,0.69,us,6.41,1.962,0.055,93
-20.7248,-68.9776,100.041,4.1,18,87.0,0.572,0.62,us,4.23,5.79,0.174,9
-6.6825,132.2214,10.0,4.6,29,100.0,3.739,0.75,us,8.44,1.882,0.119,21
-9.2676,124.3365,32.198,4.4,18,85.0,0.489,1.01,us,5.24,6.72,0.161,11
-7.378,128.8768,138.247,4.5,38,77.0,5.134,0.7,us,9.59,8.513,0.099,30
-33.7505,-179.3787,35.0,4.2,17,189.0,4.244,0.94,us,12.1,1.517,0.152,12
52.0776,172.5779,10.0,4.3,146,118.0,1.138,0.55,us,8.26,1.898,0.046,132
52.5168,160.6683,10.0,4.4,70,121.0,1.327,0.79,us,11.07,1.92,0.062,74
52.333,160.2423,43.243,4.6,101,143.0,1.191,0.88,us,9.2,7.624,0.051,116
51.9812,159.8638,10.0,5.0,63,121.0,1.281,0.74,us,5.58,1.71,0.064,78
-55.7008,-29.2896,76.67,4.5,20,117.0,4.382,0.7,us,12.32,10.024,0.121,20
-47.8049,115.8517,10.0,4.5,22,128.0,14.897,0.89,us,12.67,1.929,0.132,19
-7.1723,129.3087,151.324,4.3,29,72.0,2.698,0.53,us,9.78,8.576,0.122,19
0.0672,97.2173,10.0,4.2,18,219.0,3.117,0.73,us,11.23,1.976,0.176,9
-47.8453,115.8899,10.0,4.7,35,58.0,14.936,0.73,us,12.1,1.896,0.093,35
0.8882,-29.6473,10.0,4.5,16,98.0,9.137,0.87,us,12.55,1.919,0.15,13
23.9741,90.5388,10.0,4.1,19,188.0,4.894,0.87,us,8.64,1.956,0.173,9
23.9828,122.4187,39.0,4.3,35,87.0,0.725,1.07,us,4.45,8.847,0.133,16
-60.3942,-60.9559,10.0,4.9,23,120.0,4.623,0.88,us,10.04,1.892,0.119,22
-22.1436,-179.7559,606.114,4.4,50,135.0,4.837,0.81,us,13.69,8.541,0.084,42
-6.241,151.6536,10.0,4.6,71,124.0,1.957,0.6,us,8.88,1.874,0.07,63
-49.5284,125.495,10.0,4.5,14,134.0,18.487,0.38,us,13.1,1.929,0.163,11
52.3309,160.2762,35.0,4.5,30,122.0,1.209,1.1,us,9.78,1.901,0.106,26
49.8704,155.7956,77.137,5.2,203,73.0,3.454,0.56,us,4.38,5.383,0.043,182
60.5458,-139.8306,5.0,4.3,68,46.0,0.498,1.08,us,3.3,1.888,0.111,23
-38.3871,178.776,20.424,4.4,20,244.0,0.903,0.57,us,8.12,7.065,0.203,7
51.4567,159.451,33.883,4.5,37,167.0,1.645,0.72,us,10.4,7.074,0.089,37
52.8908,160.9803,24.304,4.4,64,162.0,1.416,0.48,us,11.74,6.959,0.074,52
-3.9676,143.0805,86.307,4.0,19,122.0,2.778,0.82,us,10.65,6.979,0.144,16
5.7949,126.383,104.85,4.4,37,61.0,1.387,1.0,us,8.74,7.479,0.107,26
52.9217,161.1007,10.0,4.3,21,172.0,1.486,0.73,us,11.35,1.947,0.128,17
-3.4284,143.6869,10.0,4.1,21,92.0,3.115,0.51,us,11.71,1.92,0.145,14
49.8726,156.0011,83.27,4.4,35,138.0,9.276,0.38,us,13.51,7.866,0.102,28
-57.8606,-25.0114,31.894,4.4,28,80.0,7.353,0.89,us,13.98,5.581,0.117,21
51.8525,160.4306,10.0,4.9,34,137.0,1.601,0.63,us,10.96,1.922,0.125,20
52.1233,160.7377,24.586,4.1,17,163.0,1.561,0.48,us,12.23,8.64,0.186,8
16.3329,-59.675,10.0,4.4,35,201.0,1.327,0.54,us,7.31,1.964,0.19,8
52.4512,160.7626,10.0,4.7,35,104.0,1.407,0.69,us,8.75,1.88,0.114,23
50.3541,157.2101,35.0,4.4,35,131.0,2.775,1.34,us,9.36,1.936,0.13,17
-0.4711,-80.281,38.23,4.4,38,111.0,0.453,0.88,us,6.2,8.186,0.114,22
12.7855,120.8882,10.0,4.4,29,102.0,15.601,0.8,us,11.38,1.444,0.11,24
34.5682,32.4728,10.0,4.2,81,107.0,0.808,0.75,us,5.43,1.867,0.07,63
53.4429,160.7084,47.29,4.3,24,161.0,1.307,1.03,us,14.06,8.53,0.129,17
54.5204,-159.8354,35.0,4.4,52,151.0,1.333,0.78,us,6.25,1.949,0.075,52
13.0065,123.8456,123.213,4.4,22,128.0,24.561,0.61,us,13.77,7.042,0.13,17
53.6945,160.2765,65.528,4.4,89,156.0,1.184,0.42,us,9.02,7.61,0.038,194
49.9891,157.6864,10.0,4.1,38,163.0,3.098,0.65,us,6.21,1.944,0.096,32
53.0811,161.6233,10.0,4.3,28,117.0,1.796,1.06,us,11.52,1.915,0.116,24
-60.4748,-36.9911,10.0,4.5,13,109.0,6.214,0.76,us,11.27,1.931,0.156,13
-16.1959,177.7655,10.0,4.6,101,111.0,1.565,0.44,us,13.29,1.881,0.056,99
-41.0706,81.0764,10.0,4.7,20,131.0,28.387,0.91,us,12.25,1.894,0.147,17
52.1808,160.4261,10.0,4.4,18,166.0,1.373,1.19,us,13.63,1.948,0.127,18
49.4791,158.7243,10.0,4.2,15,138.0,3.549,0.68,us,13.71,1.937,0.215,6
-12.9889,166.9255,10.0,4.6,29,118.0,2.458,0.63,us,8.92,1.868,0.114,24
-19.9832,-177.9319,558.673,4.4,32,195.0,4.328,0.51,us,18.79,11.352,0.107,25
52.5539,160.6447,34.626,4.4,33,122.0,1.299,0.62,us,9.25,4.234,0.115,22
53.2543,160.8739,31.802,4.2,27,136.0,1.36,1.19,us,12.3,6.292,0.107,24
23.7096,70.4196,10.0,4.6,61,75.0,13.02,0.69,us,7.38,1.854,0.063,74
-24.4011,179.9318,532.128,4.1,23,188.0,6.851,0.52,us,21.96,20.975,0.109,23
-33.7203,-178.7744,10.0,4.7,28,87.0,4.51,1.04,us,7.73,1.897,0.11,25
50.1538,157.9433,10.0,5.2,122,125.0,2.907,0.72,us,8.3,1.878,0.055,111
2.8875,-31.3647,10.0,4.8,52,46.0,9.77,0.84,us,10.87,1.851,0.066,72
-24.7352,179.6374,528.13,4.3,25,133.0,7.111,0.66,us,18.34,13.127,0.108,24
53.4351,161.5246,10.0,4.1,31,137.0,1.777,0.74,us,11.09,1.911,0.107,24
41.7821,143.6015,37.308,4.7,68,76.0,0.405,0.62,us,5.97,5.997,0.044,157
50.6711,157.8204,35.0,4.9,58,93.0,2.411,0.85,us,4.38,1.891,0.055,104
-13.5346,176.3596,10.0,4.2,22,89.0,4.126,0.66,us,11.07,1.895,0.132,16
40.2428,24.0215,10.0,4.3,27,92.0,1.182,0.7,us,5.74,1.915,0.142,14
-14.566,166.5986,10.0,4.5,13,255.0,6.347,0.44,us,13.82,2.027,0.171,11
10.3866,121.8794,10.0,4.7,70,98.0,4.923,0.73,us,8.96,1.889,0.059,88
7.3532,127.2542,10.0,4.9,80,41.0,1.686,1.05,us,6.67,1.833,0.054,107
45.5092,150.7402,64.387,4.4,25,174.0,5.723,0.94,us,14.41,8.265,0.143,14
5.1756,123.1806,561.143,4.8,146,20.0,2.332,0.66,us,9.05,8.014,0.046,158
51.9812,160.3504,28.392,4.5,32,137.0,1.473,1.22,us,12.51,6.108,0.118,21
6.3234,126.8352,114.979,4.4,47,55.0,1.451,0.54,us,6.76,6.092,0.087,38
-60.161,-62.1152,10.0,4.7,72,100.0,4.717,0.54,us,9.0,1.86,0.069,68
-6.2054,151.528,10.0,5.0,66,59.0,2.099,0.9,us,8.78,1.856,0.048,138
-29.8654,-71.6231,38.429,4.2,29,148.0,0.338,0.61,us,5.18,8.352,0.175,9
-47.7996,115.9578,10.0,4.6,37,128.0,14.887,0.4,us,13.08,1.914,0.095,33
26.9287,58.6818,10.0,4.1,21,184.0,2.979,0.85,us,9.69,1.95,0.114,21
51.8198,161.2018,10.0,4.2,35,120.0,1.973,1.02,us,10.62,1.922,0.092,34
50.4496,159.0006,10.0,4.7,47,133.0,2.587,0.89,us,10.27,1.916,0.089,38
-8.1559,108.9349,75.908,4.5,29,47.0,1.447,1.23,us,6.98,7.6,0.102,28
-20.9115,-178.7395,558.535,4.4,30,136.0,4.37,0.62,us,13.22,8.83,0.107,26
51.404,159.1931,10.0,4.3,37,132.0,1.656,0.36,us,9.33,1.888,0.105,26
-60.1785,-26.8852,43.133,4.5,17,110.0,14.972,0.81,us,15.26,9.063,0.14,15
-9.8339,114.1307,36.132,4.2,19,110.0,1.355,1.07,us,4.36,8.398,0.16,11
-21.3156,-67.2314,177.186,4.4,102,45.0,1.85,1.13,us,6.67,6.661,0.059,90
52.2912,159.9371,59.125,4.2,22,122.0,1.589,1.23,us,9.97,8.148,0.142,14
51.3683,159.3155,35.0,4.9,16,197.0,1.708,0.34,us,11.92,1.992,0.155,13
-17.3053,-174.4254,155.524,4.5,57,88.0,4.23,0.71,us,8.86,7.339,0.072,56
52.6705,160.6648,51.875,4.5,32,188.0,1.272,0.83,us,14.92,9.486,0.091,35
2.5667,-31.1345,10.0,4.8,52,156.0,20.209,0.71,us,13.76,1.928,0.08,48
51.2039,-173.9997,10.0,3.7,53,190.0,1.007,1.02,us,5.09,1.91,0.091,31
39.3511,143.602,10.0,4.7,28,152.0,2.42,0.44,us,7.0,1.79,0.142,15
-21.7185,-179.4396,598.632,4.4,53,177.0,4.605,0.73,us,15.49,9.31,0.082,43
14.6323,-93.4552,41.496,4.2,31,174.0,2.075,0.97,us,7.82,14.315,0.186,8
51.1136,159.1374,10.0,4.2,22,129.0,1.936,0.81,us,10.39,1.925,0.125,18
50.9945,159.2193,10.0,4.5,65,123.0,2.062,0.74,us,8.67,1.89,0.058,88
17.8382,-103.0383,19.667,4.3,49,116.0,1.729,1.06,us,9.62,5.771,0.063,71
-1.0187,-13.4111,10.0,4.9,42,75.0,44.573,0.47,us,14.62,1.874,0.091,38
50.7517,-173.1818,10.0,3.8,16,233.0,1.585,0.47,us,6.35,1.967,0.228,5
52.5771,160.9314,10.0,4.3,20,150.0,1.455,1.13,us,10.96,1.92,0.168,14
17.7259,-100.5754,47.365,4.0,41,126.0,0.528,0.8,us,5.34,8.033,0.08,42
11.9582,142.1961,35.0,5.1,163,27.0,3.07,0.5,us,8.56,1.843,0.048,140
36.3495,75.9757,10.0,4.3,24,210.0,3.403,1.26,us,11.58,1.98,0.129,17
11.8324,-88.1576,10.0,4.3,60,206.0,1.404,0.62,us,6.29,1.957,0.078,48
-20.673,-178.5956,603.163,4.9,129,38.0,4.303,0.66,us,11.4,6.559,0.044,159
-57.1832,-67.2854,10.0,4.8,36,133.0,2.265,0.58,us,12.78,1.937,0.093,36
48.478,157.5844,10.0,4.6,72,136.0,4.601,1.12,us,10.32,1.897,0.072,58
12.6049,-89.8876,10.0,4.5,96,179.0,1.294,0.6,us,6.06,1.959,0.053,103
49.2422,157.7258,10.0,4.0,18,150.0,3.831,0.49,us,13.63,1.948,0.164,10
10.8902,123.9522,10.0,4.6,45,122.0,6.302,0.62,us,12.59,1.9,0.093,34
-20.871,-177.9501,475.294,4.4,26,209.0,4.89,0.64,us,11.79,9.907,0.123,19
52.5026,160.1267,56.44,4.2,26,138.0,1.038,0.41,us,12.32,8.64,0.107,27
50.1048,157.3272,44.54,4.9,63,120.0,3.017,0.79,us,10.09,6.872,0.047,143
51.4089,159.303,10.0,4.5,48,135.0,1.666,0.58,us,10.46,1.889,0.085,41
-33.7911,-178.5098,10.0,4.6,21,241.0,4.568,1.03,us,12.86,1.997,0.146,14
52.6014,160.4716,44.27,4.1,22,137.0,1.184,1.09,us,10.84,7.579,0.165,11
52.1608,174.354,35.0,4.2,51,167.0,0.59,0.75,us,7.03,1.724,0.06,78
51.5505,160.3305,10.0,4.2,34,193.0,1.8,0.94,us,13.35,1.979,0.107,24
12.0587,125.4691,34.385,4.3,35,131.0,4.959,0.57,us,14.18,6.195,0.104,26
29.1634,129.4221,10.0,4.3,24,109.0,2.502,0.45,us,7.73,1.906,0.178,9
51.4043,-174.1167,35.0,3.7,39,204.0,0.8,1.04,us,4.91,1.975,0.13,17
-21.6058,-179.1001,575.623,4.1,26,104.0,4.685,0.47,us,15.25,11.615,0.116,20
18.3696,145.55,196.182,4.0,29,123.0,3.12,0.82,us,12.32,7.853,0.113,21
-24.4031,-175.0876,10.0,5.0,34,124.0,5.449,0.89,us,14.44,1.841,0.073,60
49.8646,156.0997,52.814,5.1,148,120.0,3.398,0.8,us,6.33,5.399,0.023,625
39.1968,28.1279,10.0,4.4,34,44.0,0.959,0.75,us,4.1,1.93,0.189,8
-24.7421,-173.8807,10.0,4.4,15,138.0,6.727,0.54,us,9.18,1.921,0.154,13
5.3311,124.7375,15.643,4.3,24,98.0,0.948,1.08,us,6.73,2.979,0.137,15
51.4574,160.5679,10.0,4.4,17,178.0,1.962,0.49,us,6.04,1.952,0.179,9
-5.8713,152.4003,10.0,4.5,20,154.0,1.598,0.63,us,5.62,1.923,0.145,14
-41.1294,-91.2628,10.0,4.8,59,142.0,13.568,0.66,us,13.2,1.898,0.077,52
9.5346,-40.5662,10.0,4.4,24,76.0,12.758,0.48,us,10.71,1.569,0.124,19
52.5235,159.2249,84.476,4.3,28,163.0,0.61,1.03,us,10.26,6.704,0.116,21
-15.191,167.372,164.589,4.2,20,189.0,6.086,0.9,us,15.82,10.449,0.124,18
51.7783,158.4428,59.378,4.3,71,123.0,1.253,0.61,us,9.22,7.562,0.056,90
49.286,157.9737,10.0,4.3,31,164.0,3.767,0.85,us,10.63,1.938,0.119,20
38.7751,70.4663,10.0,4.2,45,72.0,1.03,0.76,us,3.63,1.729,0.102,29
21.76,103.0866,10.0,4.5,52,57.0,2.958,1.04,us,5.21,1.879,0.087,39
52.5372,158.9161,72.361,5.2,105,109.0,0.513,0.81,us,8.37,5.849,0.02,811
52.5766,160.7138,38.894,4.3,21,149.0,1.331,0.58,us,11.31,9.93,0.133,16
52.2589,160.7648,10.0,5.0,114,147.0,1.499,0.91,us,8.54,1.891,0.047,142
19.8034,121.1294,31.607,4.4,56,112.0,3.0,0.58,us,9.65,6.221,0.091,35
49.3583,157.3698,10.0,4.0,31,187.0,3.757,0.41,us,13.46,1.968,0.116,20
0.8665,-79.7091,42.703,4.6,119,57.0,0.96,0.85,us,6.84,2.698,0.058,89
-5.553,152.0161,35.0,4.5,28,152.0,1.361,1.25,us,9.51,1.916,0.108,25
43.2537,146.2984,75.477,4.7,71,125.0,2.628,0.94,us,8.13,6.64,0.046,145
52.688,160.8695,24.19,5.2,24,136.0,1.387,0.92,us,12.3,4.919,0.139,17
42.5413,142.8743,90.819,4.1,37,109.0,0.566,0.46,us,8.78,8.681,0.106,24
52.6639,160.9064,10.0,4.6,63,149.0,1.415,0.57,us,9.26,1.916,0.058,89
8.8684,126.7666,46.24,4.5,44,73.0,2.139,0.67,us,8.47,6.267,0.078,49
-19.8195,169.8249,10.0,4.6,21,127.0,3.556,0.47,us,6.94,1.802,0.157,12
52.7127,160.8119,10.0,4.1,17,251.0,1.347,0.89,us,7.55,1.997,0.151,12
51.5486,159.3566,34.161,4.6,66,126.0,1.54,1.02,us,8.91,5.796,0.054,102
-29.7141,-13.6047,10.0,4.6,27,79.0,27.369,0.96,us,5.83,1.869,0.114,23
40.8581,78.066,10.0,4.2,27,102.0,0.935,0.53,us,5.95,1.941,0.127,20
51.6238,159.3358,38.135,4.1,45,138.0,1.464,0.62,us,10.94,8.027,0.086,37
52.2837,160.7069,35.0,4.4,36,123.0,2.008,0.7,us,9.99,1.93,0.094,33
4.4094,-73.2733,10.0,4.2,18,115.0,1.13,0.98,us,9.61,1.908,0.147,13
52.3361,160.4705,42.506,4.1,29,119.0,1.305,0.71,us,6.28,8.941,0.127,17
51.7493,16.2011,5.0,3.8,28,87.0,2.046,0.64,us,6.32,1.966,0.254,4
49.3395,156.1103,59.872,4.5,38,190.0,3.904,0.48,us,12.15,8.112,0.084,42
39.4008,143.2437,28.747,4.7,26,194.0,2.172,1.31,us,8.7,7.782,0.137,16
52.9373,160.7052,47.898,5.7,88,147.0,1.246,0.77,us,9.41,6.148,0.05,144
-20.238,-177.7084,505.13,4.5,55,72.0,4.656,0.65,us,13.48,6.461,0.067,66
3.9946,124.0914,425.338,4.8,163,20.0,1.566,0.72,us,8.77,6.152,0.044,161
-10.8967,116.7495,10.0,4.2,13,159.0,2.291,0.87,us,8.14,1.942,0.264,4
3.0448,128.8654,10.0,4.5,29,95.0,3.772,0.62,us,5.62,1.919,0.131,17
47.7371,152.4835,138.606,4.4,53,134.0,6.324,1.02,us,10.19,7.642,0.06,79
-3.802,101.8076,58.101,4.8,90,89.0,1.272,0.56,us,7.31,7.344,0.064,75
51.381,159.7404,10.0,4.4,35,137.0,1.777,1.12,us,9.9,1.856,0.109,24
-36.9459,-73.8111,35.0,4.3,28,152.0,2.264,0.92,us,4.67,1.961,0.178,9
51.1972,159.1672,35.0,4.2,20,138.0,1.857,0.49,us,12.63,1.958,0.159,13
52.0022,177.5731,153.772,4.1,26,170.0,0.583,0.48,us,5.45,7.174,0.14,14
52.1495,160.2971,49.391,4.3,21,154.0,1.333,0.77,us,10.94,8.566,0.129,17
-57.9612,-24.9253,39.639,4.9,34,93.0,7.437,1.04,us,7.25,6.952,0.098,33
52.7083,161.1113,19.308,4.7,71,120.0,1.525,0.91,us,7.12,3.983,0.053,107
-16.8994,-172.5286,10.0,4.6,23,166.0,3.059,0.75,us,10.29,2.274,0.122,20
51.5075,159.7317,10.0,4.9,57,128.0,1.657,1.17,us,8.86,1.866,0.065,74
42.8343,144.5628,63.3,4.1,58,133.0,1.324,0.99,us,7.29,7.046,0.087,36
25.8739,128.9672,10.0,4.6,47,68.0,1.143,0.88,us,4.79,1.899,0.091,36
52.23,159.9968,55.281,4.6,64,135.0,1.653,0.83,us,8.83,5.193,0.075,54
27.3577,127.3827,132.756,4.5,90,67.0,0.948,0.83,us,8.03,6.987,0.062,76
-30.154,-177.7973,10.0,5.0,82,69.0,8.067,0.93,us,12.33,1.806,0.059,93
50.2185,156.1358,64.462,4.0,41,154.0,3.053,0.63,us,10.0,8.666,0.104,25
-57.1605,-67.1881,10.0,4.7,30,135.0,16.585,0.57,us,15.85,1.9,0.123,20
49.4117,157.8748,10.0,4.4,19,136.0,3.649,0.57,us,6.27,1.92,0.22,8
15.9531,-96.6817,35.0,4.4,101,167.0,0.45,0.91,us,5.64,1.936,0.047,130
52.5331,160.7241,20.89,5.2,94,129.0,1.352,1.02,us,9.57,5.468,0.034,286
-5.3309,152.5022,35.0,4.3,31,154.0,1.123,1.06,us,11.1,1.937,0.102,28
51.0898,159.345,10.0,4.9,40,201.0,1.984,1.33,us,10.68,1.95,0.091,38
12.0869,-88.1032,42.077,4.4,30,198.0,1.219,0.77,us,6.38,10.62,0.088,39
7.484,-77.1241,45.11,4.4,49,95.0,1.556,0.69,us,6.88,8.21,0.103,27
51.3205,157.7731,74.263,4.6,90,126.0,1.789,1.03,us,9.94,6.972,0.061,80
-6.3364,125.7979,514.693,4.3,22,69.0,3.355,0.87,us,13.06,9.805,0.16,11
52.2749,160.9115,10.0,4.2,32,164.0,1.569,0.8,us,11.84,1.954,0.112,22
52.6568,-174.3246,236.892,3.8,50,74.0,0.271,0.37,us,10.4,6.601,0.136,14
-7.0257,147.3571,49.747,4.2,17,120.0,2.372,1.14,us,11.33,8.872,0.124,18
52.3646,158.8843,64.315,4.6,41,121.0,0.675,0.82,us,8.55,7.413,0.09,37
52.7306,160.5708,34.522,5.0,163,92.0,1.201,0.63,us,8.27,4.131,0.024,535
51.0438,158.446,43.261,4.8,39,122.0,1.987,1.18,us,9.81,7.508,0.093,46
-38.9228,-91.3771,10.0,4.5,44,80.0,11.411,0.54,us,13.11,1.889,0.084,42
34.1246,26.3661,10.0,4.3,39,203.0,2.532,0.74,us,8.83,1.942,0.137,17
-12.2244,166.753,199.013,4.4,45,68.0,3.233,0.78,us,12.11,7.012,0.098,30
12.9136,121.1533,122.525,4.4,55,108.0,7.26,0.69,us,9.23,7.42,0.084,40
-20.9122,-179.1043,655.017,4.1,39,136.0,4.139,0.63,us,9.12,8.286,0.082,41
-0.1295,99.9834,10.0,4.6,25,167.0,2.797,0.94,us,10.07,1.928,0.137,19
-8.7137,123.8975,112.864,4.8,44,91.0,1.097,0.82,us,8.62,7.188,0.087,42
22.7272,95.9849,10.0,4.1,17,161.0,3.866,0.64,us,12.9,1.962,0.157,11
9.3593,93.9247,10.0,4.9,105,45.0,2.56,0.68,us,7.38,1.853,0.056,99
-10.2401,161.3778,84.234,4.3,42,127.0,1.619,0.65,us,10.05,7.075,0.138,15
-4.4676,153.5383,108.916,4.6,44,115.0,1.398,0.69,us,9.54,7.78,0.082,46
54.6408,165.7863,10.0,4.2,45,151.0,4.527,0.55,us,8.94,1.936,0.091,36
52.8614,160.8778,29.485,4.6,36,119.0,1.358,1.02,us,11.21,6.258,0.109,25
50.3131,158.2444,10.0,4.5,90,171.0,2.726,0.74,us,10.64,1.924,0.054,100
53.0157,161.082,35.0,4.6,70,164.0,1.469,0.73,us,10.08,1.949,0.055,101
-13.6971,122.3503,10.0,4.9,35,53.0,4.344,0.89,us,7.61,1.88,0.099,32
27.9136,127.8973,10.0,4.3,23,88.0,1.124,0.65,us,7.02,1.9,0.147,13
50.3691,157.1711,49.468,4.5,51,134.0,2.763,0.65,us,11.05,7.209,0.087,39
30.9563,67.3163,10.0,4.5,27,168.0,3.865,0.35,us,10.45,1.84,0.135,16
49.9425,157.5095,10.0,4.6,76,118.0,3.166,0.93,us,9.98,1.878,0.042,167
51.9658,160.6815,10.0,4.1,17,164.0,1.632,0.46,us,5.48,1.974,0.139,15
-17.6558,-178.7958,540.547,4.1,26,139.0,14.691,0.71,us,14.25,8.975,0.109,23
29.3256,129.5979,10.0,4.5,50,112.0,2.298,0.37,us,5.49,1.886,0.089,37
51.3979,159.6205,35.0,4.7,43,128.0,2.081,0.86,us,10.06,1.931,0.099,31
52.4633,160.7965,10.0,4.2,43,166.0,1.42,0.75,us,12.56,1.969,0.086,38
52.7211,160.2515,34.908,4.0,22,120.0,1.017,0.78,us,10.34,6.328,0.119,19
52.811,160.611,10.0,5.1,138,70.0,1.206,0.9,us,7.79,1.777,0.021,724
6.2254,125.8788,125.466,4.4,44,55.0,0.89,0.44,us,7.7,6.669,0.098,30
16.5283,41.2595,10.0,4.7,66,64.0,3.593,0.83,us,9.17,1.902,0.069,63
39.2754,28.8874,10.0,4.1,31,44.0,1.426,0.77,us,4.13,1.937,0.185,8
-30.4077,-177.7535,35.0,4.2,19,222.0,7.849,0.8,us,13.65,1.99,0.132,18
-55.142,-1.3455,10.0,4.4,13,121.0,16.606,0.51,us,7.23,1.919,0.148,13
16.476,40.9347,10.0,4.5,49,127.0,3.834,1.31,us,13.05,1.946,0.08,46
39.4343,143.4837,10.0,4.5,20,179.0,2.296,1.25,us,9.31,1.953,0.172,10
-17.0538,-174.0498,124.34,4.4,25,122.0,18.258,0.76,us,14.46,7.49,0.114,22
43.8615,83.4336,10.0,4.6,68,99.0,2.918,0.45,us,5.77,1.743,0.076,52
16.3807,-59.5794,10.0,4.9,139,47.0,1.42,0.7,us,6.25,1.866,0.03,342
39.6435,143.5176,10.0,4.6,63,127.0,2.2,0.62,us,7.91,1.893,0.089,37
52.8627,159.4762,58.953,4.0,24,119.0,0.525,0.63,us,11.04,7.12,0.129,16
59.8337,-30.0607,10.0,4.5,40,104.0,6.391,0.66,us,9.58,1.905,0.101,30
9.4392,-40.5327,10.0,4.6,64,77.0,12.759,0.53,us,12.19,1.909,0.071,60
53.4639,160.0373,70.746,4.2,28,163.0,0.943,0.7,us,13.62,10.476,0.112,22
-7.0125,155.7932,111.864,4.6,111,91.0,4.766,0.57,us,5.51,6.808,0.05,118
-21.1079,-174.2828,22.138,4.7,33,161.0,7.546,0.49,us,15.25,6.507,0.104,28
14.9218,-94.5355,10.0,4.4,38,158.0,2.678,0.71,us,9.25,1.928,0.098,30
51.906,160.1529,32.298,4.6,64,135.0,1.448,0.84,us,11.82,5.984,0.07,61
4.9352,126.1089,97.282,4.3,23,115.0,0.659,0.81,us,8.85,7.784,0.148,15
53.0726,160.707,30.099,4.3,47,144.0,1.243,1.15,us,12.25,7.574,0.086,38
-5.7989,147.903,161.579,4.2,16,188.0,3.657,0.48,us,13.7,10.08,0.186,9
-20.6062,-66.723,231.896,4.6,54,43.0,2.326,1.04,us,7.84,7.393,0.057,92
16.9035,146.1767,126.288,4.1,20,169.0,1.695,0.37,us,16.37,10.709,0.13,16
52.2253,160.7007,10.0,4.5,46,152.0,1.484,0.87,us,9.24,1.929,0.096,32
52.6312,160.6671,30.242,4.5,29,137.0,1.285,0.82,us,13.58,6.359,0.135,16
23.4757,94.7072,102.184,4.4,60,67.0,2.267,0.62,us,10.08,7.216,0.077,49
43.6347,147.8298,10.0,4.8,80,135.0,3.799,0.7,us,8.77,1.895,0.069,65
-22.4091,-69.6874,70.56,4.0,19,161.0,0.364,0.49,us,7.13,4.491,0.231,5
31.9231,131.9155,43.979,4.4,31,127.0,1.313,1.23,us,7.8,8.035,0.107,25
60.186,-58.3006,10.0,4.8,153,65.0,5.081,0.52,us,7.93,1.868,0.044,157
-2.1137,127.8567,29.507,4.2,16,108.0,2.908,0.8,us,8.48,3.395,0.186,8
-4.7353,122.6392,10.0,4.3,25,61.0,0.202,1.13,us,6.18,1.804,0.154,12
51.6696,159.8556,10.0,4.3,30,138.0,1.544,0.41,us,10.98,1.924,0.122,19
51.6656,160.2727,10.0,4.6,31,127.0,1.685,0.69,us,10.27,1.924,0.125,19
51.611,178.6772,74.68,4.2,47,172.0,0.329,0.34,us,5.1,5.106,0.136,15
-7.3522,128.1259,162.077,4.6,34,93.0,4.501,0.83,us,10.2,1.428,0.099,30
-24.32,-67.3769,176.819,4.6,15,182.0,1.548,0.81,us,13.19,11.728,0.151,13
51.7771,158.3398,80.926,4.2,53,124.0,1.263,0.82,us,8.64,4.618,0.083,42
-59.1008,-25.6874,116.763,4.6,30,104.0,7.654,0.49,us,15.24,4.9,0.122,20
53.292,159.8184,68.213,4.4,75,116.0,0.753,0.58,us,9.59,6.918,0.06,80
52.6169,-32.0699,10.0,4.5,71,84.0,11.228,1.13,us,9.72,1.907,0.072,56
51.5178,160.2287,10.0,4.9,16,220.0,2.225,0.79,us,11.74,1.994,0.128,19
29.5796,51.3509,10.0,4.6,78,71.0,6.321,0.57,us,8.36,1.847,0.058,89
-0.337,99.2406,69.648,4.1,21,73.0,2.33,0.87,us,8.63,6.983,0.139,14
65.8441,-37.7453,10.0,4.7,59,47.0,5.297,0.57,us,7.6,1.869,0.042,177
-20.4745,-175.3687,173.019,4.9,26,104.0,5.309,1.35,us,14.9,13.978,0.109,26
51.3206,159.6445,25.82,4.4,26,169.0,1.812,0.79,us,10.02,6.913,0.144,14
60.366,-58.5403,10.0,4.5,34,139.0,5.15,0.52,us,9.74,1.968,0.101,29
3.5477,126.7457,46.704,4.5,56,105.0,1.727,0.77,us,6.71,7.496,0.075,52
-10.002,160.201,35.0,4.3,14,169.0,0.613,0.63,us,6.32,1.964,0.148,14
-24.4102,-176.7303,100.485,4.6,26,203.0,8.227,0.66,us,14.76,11.714,0.119,21
-14.5332,167.1765,145.681,4.2,17,279.0,0.909,0.83,us,15.56,7.342,0.159,12
7.5714,127.3594,10.0,4.6,32,73.0,1.835,1.22,us,7.86,1.892,0.114,26
52.022,160.3219,10.0,4.1,14,124.0,1.432,0.93,us,11.01,1.942,0.234,8
30.4571,50.029,10.0,4.1,52,88.0,5.761,0.63,us,6.11,1.907,0.088,37
41.5353,141.981,66.838,4.3,42,127.0,1.002,0.84,us,5.19,8.431,0.102,27
-21.8902,-176.2243,196.38,4.2,20,132.0,6.533,0.66,us,18.75,14.5,0.166,11
15.7751,119.3171,10.0,4.6,35,110.0,7.804,1.12,us,13.11,1.905,0.088,38
-22.7835,-112.3863,10.0,4.5,43,151.0,5.135,0.52,us,7.99,1.919,0.09,36
-23.2021,-175.2174,10.0,4.9,55,115.0,6.421,0.68,us,11.65,1.866,0.078,51
44.368,147.4856,108.046,4.2,34,147.0,3.525,0.75,us,10.43,8.864,0.108,24
-6.7124,155.2234,46.005,4.3,46,87.0,3.943,1.06,us,11.28,6.159,0.09,40
-20.875,-66.7739,217.89,4.5,44,66.0,2.347,1.02,us,7.89,8.724,0.048,125
-16.1686,178.2546,10.0,4.2,12,124.0,1.114,0.46,us,7.27,1.454,0.2,9
35.9999,140.0476,82.345,4.2,27,148.0,1.581,0.94,us,7.88,8.8,0.137,15
-58.8145,-26.4439,132.969,4.7,48,68.0,16.066,0.6,us,12.96,5.059,0.085,42
49.0944,154.7395,83.454,4.6,166,114.0,4.43,0.6,us,8.72,6.059,0.037,220
7.3797,126.8108,67.176,4.6,45,122.0,1.26,1.07,us,9.02,7.637,0.091,36
-12.5365,167.0174,201.186,4.7,147,66.0,2.899,0.5,us,9.86,5.901,0.038,218
-33.7941,-71.5126,53.057,4.6,48,144.0,0.161,0.66,us,3.25,3.91,0.111,24
51.4032,159.5752,26.928,4.2,14,128.0,1.72,1.16,us,11.08,7.352,0.216,7
9.7333,138.4384,10.0,4.5,28,129.0,4.583,1.26,us,10.32,1.913,0.125,19
50.9275,160.2274,10.0,4.2,18,155.0,2.315,1.06,us,9.92,1.965,0.147,14
34.9571,97.3443,10.0,4.3,41,138.0,5.279,0.66,us,11.96,1.898,0.085,39
51.8231,160.2184,10.0,5.0,36,126.0,1.539,0.53,us,6.69,1.831,0.13,19
36.1364,141.1767,46.686,4.3,24,161.0,2.43,0.93,us,9.0,9.216,0.161,11
-6.1946,130.5084,115.071,4.3,19,120.0,1.767,0.69,us,10.48,8.774,0.168,10
-15.7458,-174.5699,139.523,4.4,24,53.0,3.256,0.68,us,12.03,8.853,0.13,17
42.0202,-126.1152,10.0,3.7,63,234.0,1.345,0.71,us,8.09,2.011,0.29,3
-6.0506,151.3744,10.0,4.5,19,152.0,1.85,0.86,us,12.52,1.902,0.15,13
49.8591,159.5088,10.0,4.2,37,136.0,3.214,0.54,us,8.27,1.849,0.11,23
18.6615,120.6453,10.0,5.1,76,101.0,4.155,0.68,us,10.75,1.875,0.047,147
-24.3338,-67.2404,157.946,4.1,28,91.0,1.623,0.96,us,9.78,8.792,0.123,18
37.5398,19.8784,35.0,4.0,24,139.0,1.67,1.15,us,7.06,1.968,0.232,5
-56.1271,-26.9126,44.632,4.4,25,181.0,5.786,0.69,us,13.27,10.206,0.109,24
52.9554,160.8155,36.066,4.4,56,146.0,1.311,0.95,us,8.93,8.239,0.081,46
13.5274,120.7937,196.71,4.4,47,113.0,13.894,0.67,us,11.59,5.297,0.092,41
49.8259,155.8697,78.996,4.3,40,137.0,3.48,0.42,us,13.67,8.493,0.104,26
54.4643,-159.8395,36.259,4.2,128,193.0,0.395,0.64,us,5.97,10.062,0.166,10
-35.5682,-179.2947,10.0,4.3,24,228.0,2.773,0.96,us,11.95,1.994,0.147,13
-18.9684,167.5432,10.0,4.9,44,124.0,3.255,1.21,us,7.95,1.892,0.095,35
52.1598,-177.5431,160.04,3.8,35,118.0,0.323,0.38,us,8.58,5.656,0.161,10
42.2959,144.652,35.0,4.5,90,132.0,1.146,0.89,us,7.47,1.485,0.063,74
-4.8916,152.2379,58.116,4.6,34,126.0,0.618,0.6,us,9.16,7.439,0.109,25
-6.1134,151.271,10.0,4.5,28,170.0,2.106,0.69,us,7.72,1.929,0.113,23
5.747,125.9377,162.82,4.6,90,64.0,1.106,0.93,us,7.08,6.149,0.047,134
8.9516,-83.1982,62.114,4.5,58,75.0,1.118,0.97,us,8.13,6.964,0.055,96
2.951,-31.4191,10.0,4.6,29,116.0,9.801,0.39,us,8.65,1.756,0.111,24
-38.5158,175.6405,204.275,4.0,30,60.0,0.527,1.21,us,6.11,5.176,0.149,12
-3.7733,127.8626,10.0,4.9,40,46.0,4.458,0.87,us,7.36,1.891,0.11,26
0.3533,122.348,129.767,4.1,26,72.0,3.182,0.69,us,7.87,8.451,0.127,17
53.2957,159.8974,73.63,4.1,22,163.0,1.336,0.71,us,15.18,11.829,0.12,19
37.7406,144.1271,10.0,4.5,34,141.0,3.862,0.62,us,9.56,1.922,0.121,20
-3.1678,130.7028,22.49,4.8,72,61.0,1.564,0.59,us,5.72,4.73,0.069,68
7.8181,127.0853,25.599,4.4,23,115.0,1.669,0.46,us,10.18,4.973,0.13,17
49.1306,157.8965,10.0,5.1,99,77.0,3.985,0.71,us,8.69,1.853,0.029,375
51.6685,160.0534,10.0,4.5,18,161.0,1.607,0.78,us,10.1,1.96,0.144,14
50.1719,159.0046,10.0,4.1,33,138.0,2.864,0.52,us,12.1,1.93,0.109,23
-2.1428,120.7358,10.0,4.6,29,62.0,0.533,0.8,us,6.02,1.93,0.125,22
34.0035,89.9339,10.0,4.4,11,158.0,4.406,0.56,us,11.64,1.941,0.169,11
51.3006,159.7661,10.0,4.3,17,221.0,1.857,1.36,us,5.96,1.985,0.161,11
9.1369,-83.7868,50.232,4.3,36,128.0,0.638,0.62,us,7.57,8.797,0.111,23
49.7307,155.9237,68.412,4.3,44,135.0,3.56,0.68,us,12.09,7.892,0.074,51
49.902,156.1812,80.935,4.4,51,137.0,3.348,0.49,us,12.88,8.622,0.081,44
50.766,159.0552,10.0,4.6,27,224.0,2.275,0.89,us,11.41,1.983,0.129,18
-17.758,-176.8844,385.124,4.1,32,91.0,3.801,0.94,us,8.66,7.059,0.114,21
-60.2135,-61.8745,10.0,5.1,50,94.0,4.687,0.77,us,11.11,1.804,0.09,40
37.9653,144.0844,10.0,4.6,48,138.0,3.664,0.59,us,9.05,1.908,0.107,26
51.4476,-130.5975,10.0,4.1,71,170.0,0.925,0.61,us,9.39,1.952,0.049,115
35.1436,23.325,61.077,4.5,95,63.0,2.325,0.96,us,8.34,7.619,0.057,90
39.8236,143.2817,40.083,4.8,58,133.0,1.951,0.58,us,7.04,6.198,0.058,91
-16.5534,177.0266,10.0,4.7,12,79.0,1.538,0.86,us,7.79,1.914,0.194,8
51.0846,158.9278,35.26,4.2,18,138.0,1.949,0.41,us,13.46,8.25,0.128,17
53.2679,159.797,58.308,4.6,107,104.0,0.733,0.73,us,8.53,6.989,0.046,139
-58.9814,-25.7406,87.293,4.4,14,234.0,7.565,1.11,us,26.59,19.21,0.143,14
51.5233,159.93,10.0,4.3,23,167.0,1.696,0.84,us,7.72,1.957,0.129,17
42.2549,81.3974,10.0,4.6,61,81.0,1.769,0.81,us,5.67,1.888,0.089,38
-24.1493,-179.7945,514.138,4.3,31,133.0,10.473,0.6,us,9.92,14.995,0.106,25
-40.6224,173.7016,124.27,4.3,39,63.0,0.642,0.69,us,4.76,6.287,0.16,11
50.6681,157.8147,35.0,4.7,60,130.0,2.415,0.87,us,9.13,1.922,0.039,201
5.9272,61.3713,10.0,4.3,16,194.0,23.225,0.57,us,11.07,1.94,0.177,9
54.4192,-160.3098,36.651,3.3,114,194.0,0.588,0.63,us,4.84,12.812,0.199,6
-29.4061,-178.7471,210.988,4.8,76,51.0,0.732,0.67,us,13.06,6.152,0.067,69
51.8158,178.4332,111.145,4.0,40,155.0,0.164,0.75,us,3.83,5.787,0.126,18
52.6102,160.8792,35.0,4.6,37,116.0,1.415,0.73,us,9.36,1.929,0.099,30
-54.6475,158.6203,10.0,4.6,22,128.0,0.239,0.85,us,6.41,1.947,0.141,15
2.9943,127.6714,97.541,4.5,49,67.0,2.229,0.95,us,7.95,6.871,0.09,36
2.5161,126.9979,57.908,4.2,17,136.0,1.771,0.39,us,6.97,8.866,0.16,11
53.8472,160.0143,81.974,4.6,43,168.0,1.161,0.66,us,11.32,9.072,0.085,45
49.1922,156.1935,91.356,4.4,22,158.0,4.034,1.09,us,9.37,9.778,0.131,19
51.332,159.1397,35.0,4.4,46,177.0,1.721,1.24,us,8.11,1.757,0.094,35
54.4532,161.4173,45.267,4.0,30,132.0,2.18,0.61,us,9.04,10.006,0.119,20
29.3758,129.4362,10.0,4.5,36,110.0,2.3,0.96,us,2.86,1.902,0.115,22
29.2029,129.3592,10.0,4.5,37,108.0,2.485,0.47,us,7.24,1.89,0.108,25
-13.6034,-74.7837,83.771,4.1,26,123.0,2.571,0.95,us,10.81,9.088,0.145,13
52.7639,160.8662,10.0,4.5,15,158.0,1.368,0.58,us,9.33,1.959,0.151,13
-16.3254,167.4168,27.168,4.9,29,170.0,0.897,0.58,us,9.93,6.68,0.116,23
15.2591,147.6616,10.0,4.5,19,100.0,1.805,0.92,us,11.63,1.916,0.15,13
-21.5965,-68.5632,134.03,4.1,20,84.0,0.662,0.36,us,6.28,5.908,0.184,8
-24.3467,-179.8166,509.324,4.2,31,114.0,6.863,1.04,us,15.95,11.829,0.098,31
52.5071,160.7335,35.25,4.2,29,121.0,1.368,1.12,us,5.49,8.01,0.115,21
-6.8496,125.2921,520.496,4.5,76,37.0,3.06,0.44,us,9.5,7.327,0.064,75
-49.0053,164.4197,35.0,4.4,27,116.0,3.226,0.79,us,9.4,1.973,0.179,9
19.9139,146.6582,10.0,4.3,15,159.0,23.928,0.59,us,15.72,1.773,0.178,9
-6.5211,154.6133,10.0,4.1,20,97.0,6.025,0.84,us,9.75,1.791,0.14,15
50.1684,158.5559,10.0,4.4,20,128.0,2.86,0.92,us,8.4,1.87,0.121,22
12.2091,-87.6562,35.0,4.6,192,137.0,1.411,0.82,us,7.17,1.936,0.042,173
52.2352,160.3469,35.0,4.5,41,120.0,1.301,1.01,us,9.55,1.937,0.091,35
51.9743,159.0236,64.883,4.4,12,213.0,1.075,0.62,us,11.7,7.515,0.179,9
-1.2913,-80.8907,10.0,4.6,40,170.0,1.602,0.8,us,8.13,1.924,0.07,62
-44.1935,38.2596,10.0,4.6,24,127.0,9.841,0.51,us,13.02,1.899,0.119,21
17.3336,-94.2491,170.032,4.7,47,69.0,0.1,1.31,us,6.39,5.965,0.049,124
-25.4251,179.6797,504.783,4.6,64,93.0,4.359,0.77,us,13.46,8.277,0.037,219
-56.0172,-26.6096,10.0,5.3,74,68.0,5.924,0.94,us,10.73,1.09,0.062,90
38.487,142.0393,56.378,4.4,67,133.0,2.419,0.87,us,9.35,7.442,0.077,49
52.3837,160.7363,10.0,4.3,32,151.0,1.422,1.16,us,6.12,1.924,0.113,22
-3.677,-102.9953,10.0,4.9,70,146.0,13.044,0.83,us,12.83,1.911,0.027,416
52.983,159.8563,59.222,4.3,28,167.0,0.73,0.7,us,12.13,8.503,0.101,28
50.4554,159.2215,10.0,4.2,35,133.0,2.596,0.57,us,9.53,1.918,0.11,23
41.1545,71.5545,10.0,4.6,64,88.0,0.431,0.74,us,2.93,1.893,0.077,50
-18.5146,169.0319,229.411,4.3,30,107.0,3.517,0.65,us,10.03,9.38,0.109,24
53.5821,-163.248,35.0,4.6,79,167.0,1.104,0.7,us,3.68,1.899,0.06,82
-7.5026,128.2246,158.743,4.3,31,73.0,4.508,0.58,us,8.13,8.002,0.107,25
52.395,160.1479,44.785,4.3,34,171.0,1.108,0.76,us,12.64,8.727,0.106,25
51.669,159.8957,21.378,4.6,53,126.0,1.557,0.73,us,8.14,5.717,0.074,57
50.9898,158.4075,35.0,4.9,137,98.0,2.042,0.65,us,8.14,1.886,0.048,136
-8.2791,158.4812,103.688,4.3,29,111.0,1.851,0.73,us,11.27,8.173,0.114,27
41.2096,142.1449,54.88,4.9,62,112.0,0.919,0.63,us,5.69,5.625,0.063,79
50.5248,157.8161,28.78,4.7,143,134.0,2.555,0.58,us,9.87,4.512,0.049,127
52.5778,160.9712,10.0,4.4,20,150.0,1.478,1.19,us,10.32,1.885,0.149,13
23.9664,94.4815,53.099,4.3,31,112.0,2.777,1.02,us,12.43,8.304,0.116,21
-15.3445,167.4272,108.995,4.4,17,262.0,0.239,0.57,us,15.87,5.722,0.162,11
-14.1343,167.3171,199.482,4.6,79,125.0,1.31,0.59,us,12.04,5.019,0.055,99
52.4051,161.6881,10.0,4.1,35,119.0,1.949,0.88,us,11.04,1.924,0.096,30
50.2153,158.0272,10.0,5.1,77,125.0,2.839,0.92,us,9.43,1.877,0.033,288
51.1809,159.7617,10.0,4.4,20,222.0,2.311,0.42,us,11.4,1.982,0.154,14
-7.36,128.4723,163.277,3.9,16,87.0,4.791,0.82,us,8.25,9.486,0.137,14
49.9265,156.5318,69.127,4.9,144,96.0,3.269,0.79,us,10.1,6.215,0.044,165
-20.5367,-178.8275,624.994,4.7,87,69.0,4.051,0.61,us,10.0,6.323,0.028,380
37.2288,71.7385,154.359,4.1,24,98.0,1.233,0.77,us,7.21,6.128,0.198,7
52.8687,160.6724,37.555,4.1,38,119.0,1.234,0.54,us,10.32,7.544,0.091,33
-31.5118,-179.0856,10.0,4.8,13,148.0,2.47,0.64,us,8.71,1.902,0.16,12
-16.6068,-69.9776,200.742,4.4,22,112.0,1.087,0.52,us,8.96,7.151,0.179,9
29.472,80.4663,10.0,4.6,72,100.0,4.546,0.99,us,9.19,1.864,0.075,53
4.5212,-73.0907,10.0,4.4,13,185.0,1.268,0.85,us,9.42,1.994,0.31,5
51.0925,159.2291,26.201,4.5,80,127.0,1.967,0.85,us,7.37,5.264,0.055,97
55.3756,166.5158,10.0,4.7,67,119.0,5.184,0.56,us,11.28,1.911,0.039,200
44.3631,149.0615,35.0,4.8,70,135.0,5.122,0.98,us,10.01,1.917,0.043,167
50.4576,157.2437,35.0,4.6,60,135.0,2.67,0.88,us,11.09,1.912,0.036,228
12.3507,141.8589,10.0,4.7,44,105.0,3.181,0.78,us,12.01,1.919,0.088,39
51.3112,160.9169,10.0,4.2,32,130.0,2.211,0.94,us,8.21,1.83,0.11,23
7.2316,127.2814,17.369,4.6,40,64.0,1.697,0.76,us,7.11,4.601,0.1,32
-18.3895,-178.1832,623.109,4.4,49,121.0,3.011,0.75,us,14.57,9.299,0.086,39
34.1815,137.2194,333.697,4.1,53,67.0,1.176,0.79,us,9.22,6.629,0.063,69
-16.9629,168.5344,10.0,4.6,13,147.0,1.977,0.55,us,9.32,1.958,0.173,10
-21.6274,-179.4628,606.97,4.4,29,169.0,4.516,0.3,us,12.74,10.182,0.114,22
53.4486,161.446,26.986,4.8,106,115.0,1.734,0.81,us,8.46,5.303,0.035,252
9.357,93.9629,10.0,5.0,156,19.0,2.58,0.56,us,6.47,1.739,0.05,137
-15.5218,-175.7339,10.0,4.9,29,112.0,4.146,0.75,us,11.54,1.887,0.11,26
-9.623,112.8724,49.654,5.0,60,60.0,1.706,0.6,us,6.53,7.491,0.087,42
39.7127,143.2251,29.58,4.7,95,92.0,1.972,0.53,us,6.29,5.308,0.064,81
49.837,157.906,10.0,4.1,18,173.0,3.225,1.27,us,11.56,1.907,0.175,9
45.6362,150.0882,103.994,4.3,99,135.0,5.248,0.54,us,10.45,7.643,0.061,81
45.801,151.8721,35.0,4.4,72,135.0,6.409,0.63,us,9.97,1.922,0.069,61
-17.4718,-172.2452,10.0,5.0,34,75.0,2.72,1.23,us,10.05,1.868,0.056,104
50.1888,157.7444,35.0,4.7,72,132.0,2.894,0.82,us,10.44,1.914,0.035,243
53.2351,161.1971,29.913,4.6,85,161.0,1.549,0.61,us,11.23,6.396,0.065,69
-3.5108,68.4291,10.0,4.6,23,168.0,5.573,0.7,us,12.64,1.935,0.157,12
-35.1571,179.6518,92.006,4.4,16,260.0,2.634,0.94,us,11.9,11.299,0.189,8
50.0304,159.3884,10.0,4.5,91,135.0,3.032,0.48,us,9.97,1.906,0.06,83
52.0455,159.0606,52.131,4.5,46,226.0,1.011,0.7,us,10.0,8.07,0.089,37
-55.3691,-27.4837,22.069,4.9,48,67.0,5.318,0.81,us,11.59,5.742,0.083,47
13.4135,144.6427,84.047,4.4,39,118.0,0.28,0.5,us,12.63,6.167,0.102,28
38.2506,142.1285,47.522,4.4,24,144.0,2.666,1.01,us,8.8,9.316,0.219,8
50.1142,157.2083,35.0,4.6,80,115.0,3.014,0.61,us,9.03,1.88,0.056,94
-8.2761,107.0433,41.036,4.9,44,173.0,1.007,1.09,us,7.98,6.932,0.107,27
52.3185,160.5619,24.34,4.3,32,122.0,1.362,1.06,us,11.19,6.251,0.096,31
52.2239,160.8208,10.0,4.3,33,188.0,1.547,0.91,us,10.87,1.973,0.105,26
-56.2613,-27.1118,101.546,4.3,20,182.0,5.714,0.93,us,17.99,3.156,0.161,14
5.8593,126.4704,118.35,4.8,105,49.0,1.492,0.7,us,7.18,6.368,0.037,227
39.1454,28.1083,17.179,4.0,28,57.0,0.939,0.99,us,4.23,2.814,0.26,4
52.7207,160.7473,10.0,4.2,36,148.0,1.307,0.89,us,9.83,1.937,0.11,23
1.0359,125.5375,81.362,4.4,40,63.0,0.807,0.75,us,5.52,5.873,0.104,28
27.8464,128.013,10.0,4.6,46,123.0,1.033,0.51,us,7.71,1.912,0.095,33
53.5339,159.9458,72.524,4.0,48,134.0,0.931,0.46,us,12.21,7.763,0.077,46
-21.0773,-69.0136,108.812,4.1,25,60.0,0.444,1.07,us,5.9,5.937,0.174,9
49.8529,157.5905,32.543,4.2,29,134.0,3.243,0.71,us,8.98,5.823,0.108,24
26.5336,96.7158,109.239,4.3,65,130.0,5.858,0.53,us,12.37,8.844,0.075,51
23.151,121.6227,34.496,4.4,47,50.0,0.384,0.72,us,3.59,4.743,0.1,29
1.5008,97.052,26.722,4.9,110,127.0,0.559,0.68,us,8.57,5.391,0.055,107
51.2504,161.0323,10.0,4.1,31,130.0,2.304,0.73,us,4.4,1.91,0.12,19
51.8396,158.7165,60.623,4.2,49,134.0,1.186,0.72,us,9.17,7.477,0.061,76
-17.5392,-69.3885,151.621,4.4,18,84.0,0.101,0.8,us,5.86,6.211,0.17,11
2.5713,96.0048,10.0,4.9,57,104.0,2.802,0.87,us,8.6,1.769,0.069,65
14.841,-94.4289,10.0,4.5,69,144.0,2.139,0.73,us,6.48,1.915,0.055,99
9.9265,-70.8178,10.0,4.6,42,74.0,1.051,1.08,us,7.11,1.828,0.089,37
-21.2977,-69.0694,105.016,4.3,20,79.0,0.465,0.55,us,4.16,4.645,0.169,10
54.394,-158.7009,10.0,4.3,56,183.0,0.677,0.51,us,2.07,1.906,0.142,14
52.8952,161.3822,10.0,4.8,86,119.0,1.658,0.64,us,8.65,1.87,0.045,150
-17.7836,168.0866,42.669,4.3,19,134.0,2.473,0.68,us,7.9,6.986,0.148,13
2.7226,-76.7369,10.0,4.4,47,155.0,2.253,0.55,us,8.29,1.956,0.093,33
-20.4518,-175.6997,238.9,4.4,53,124.0,5.606,0.71,us,13.65,8.363,0.089,36
37.8913,144.1022,10.0,4.3,29,156.0,3.731,0.48,us,10.23,1.935,0.142,14
22.0738,96.1641,10.0,4.9,104,68.0,1.447,0.54,us,7.09,1.856,0.062,82
-21.7213,-68.8386,122.143,4.5,27,38.0,0.382,0.63,us,6.03,4.825,0.118,21
49.8847,159.2155,10.0,4.3,20,269.0,3.163,0.94,us,12.38,2.006,0.147,13
-9.5862,124.0061,60.691,4.0,9,129.0,0.307,0.43,us,10.03,6.607,0.211,6
50.9121,160.1227,10.0,4.4,38,223.0,2.302,0.67,us,11.44,1.981,0.095,32
13.8303,145.1054,129.93,3.8,7,172.0,0.332,0.74,us,13.72,6.44,0.255,4
42.1361,80.6653,10.0,4.5,29,165.0,1.432,1.07,us,5.45,1.9,0.145,14
-17.0277,-174.6747,165.546,4.3,15,116.0,4.17,0.64,us,7.29,10.704,0.201,9
-9.2487,119.8291,52.805,4.8,30,97.0,0.623,1.25,us,7.49,7.425,0.098,32
53.191,159.9222,65.918,4.5,114,127.0,0.785,0.65,us,10.14,6.881,0.055,98
18.0282,119.8266,10.0,4.9,120,105.0,4.908,0.77,us,9.98,1.87,0.056,102
-8.5712,111.0566,117.464,4.1,20,91.0,1.631,0.48,us,5.87,8.559,0.175,10
54.2088,-159.9883,10.0,3.8,46,162.0,0.665,0.98,us,4.07,1.895,0.114,20
35.0254,32.4592,10.0,4.6,22,97.0,0.719,0.63,us,6.24,1.92,0.158,12
-6.2956,145.7287,133.674,4.4,46,118.0,3.399,0.69,us,9.01,7.648,0.095,32
51.6355,-175.1977,35.0,3.5,45,199.0,0.572,0.77,us,4.5,1.991,0.106,22
-16.0057,-75.4745,10.0,4.4,35,137.0,4.209,0.74,us,9.99,1.896,0.121,20
-52.8962,22.0141,10.0,4.4,23,77.0,20.523,0.66,us,10.93,1.87,0.12,21
38.5547,141.4848,87.939,4.4,40,134.0,2.255,0.99,us,8.72,8.702,0.112,24
57.5867,119.7191,10.0,4.6,110,69.0,6.712,0.76,us,8.54,1.863,0.058,91
50.2399,156.8558,57.734,4.5,36,138.0,2.92,0.56,us,10.06,8.25,0.106,26
53.3411,160.8556,35.0,4.6,43,137.0,1.365,0.59,us,11.58,1.934,0.103,28
-14.2239,-72.8924,84.332,4.2,34,119.0,4.444,0.73,us,8.74,7.929,0.097,30
2.7836,-31.3642,10.0,4.6,33,90.0,9.679,1.13,us,6.76,1.872,0.094,34
28.7236,67.1787,10.0,4.3,34,137.0,10.043,0.83,us,7.41,1.914,0.106,25
37.7572,144.3239,10.0,4.3,17,159.0,3.945,0.39,us,5.16,1.952,0.169,10
-8.3553,116.017,10.0,4.5,48,50.0,1.802,0.72,us,6.58,1.806,0.108,25
39.5461,143.3292,31.708,4.9,66,131.0,2.134,0.92,us,7.82,5.35,0.077,54
13.2819,95.8494,20.36,4.3,18,103.0,3.365,0.3,us,10.01,5.877,0.169,11
51.457,159.7619,10.0,4.6,82,127.0,1.711,0.92,us,4.59,1.881,0.065,71
39.5266,143.5987,10.0,4.5,35,135.0,2.316,0.91,us,8.92,1.907,0.108,25
5.7732,125.7873,106.324,4.4,25,115.0,1.078,0.65,us,5.91,6.102,0.126,18
53.0537,159.6058,72.24,4.7,185,118.0,0.578,0.6,us,9.06,5.71,0.035,250
28.1928,51.5983,10.0,4.1,30,163.0,5.241,0.69,us,12.3,1.971,0.112,22
0.2401,98.4269,35.0,4.2,19,172.0,1.357,1.36,us,7.68,1.957,0.2,7
12.7079,143.8915,77.889,4.5,78,55.0,1.293,0.79,us,8.51,7.1,0.069,62
13.1747,144.567,75.892,4.5,32,128.0,2.366,0.62,us,14.15,8.79,0.078,49
22.9136,93.8678,76.811,4.3,12,149.0,1.958,0.18,us,11.22,9.031,0.238,6
13.6674,-92.347,10.0,4.6,41,181.0,1.173,0.97,us,8.81,1.955,0.04,188
-6.9672,129.6672,141.95,4.2,17,126.0,4.773,0.8,us,5.54,9.312,0.175,9
46.7905,151.6907,97.242,4.4,25,137.0,6.933,0.72,us,11.68,5.877,0.134,16
52.1919,160.1743,34.0,4.8,60,137.0,1.248,1.17,us,5.64,5.681,0.08,51
18.0289,120.8263,10.0,4.5,97,75.0,4.77,0.62,us,10.01,1.801,0.06,94
-55.5656,-28.7976,87.043,4.4,17,186.0,4.618,0.91,us,14.61,9.131,0.143,14
-28.2016,-69.3968,89.792,4.2,25,54.0,1.195,1.39,us,4.47,10.19,0.235,5
54.5669,-159.7324,35.0,4.1,28,202.0,0.277,0.75,us,5.35,1.957,0.197,7
-7.009,125.1068,549.11,4.1,34,52.0,2.852,0.66,us,13.37,9.598,0.135,15
53.9219,-164.5049,18.727,3.4,32,154.0,0.586,0.39,us,3.96,6.888,0.201,6
50.7671,157.9673,33.271,4.3,54,129.0,2.299,0.6,us,10.39,5.812,0.09,37
9.0054,-83.9276,25.007,4.7,56,137.0,0.735,0.84,us,8.02,6.142,0.08,47
-55.7918,-26.7357,10.0,4.3,14,119.0,5.808,0.4,us,11.99,1.914,0.154,13
47.2336,152.3526,120.88,4.0,47,136.0,6.555,0.6,us,12.72,8.36,0.088,34
29.2813,129.4995,10.0,4.5,47,110.0,2.368,0.98,us,7.21,1.879,0.09,39
-23.9369,-179.8111,529.302,4.1,24,244.0,14.516,0.59,us,13.69,14.241,0.127,20
49.5253,156.1488,84.873,4.1,29,124.0,3.717,0.57,us,10.67,6.092,0.12,19
-15.3877,67.0483,10.0,4.5,35,171.0,9.531,0.61,us,12.4,1.946,0.106,26
50.0292,157.9027,10.0,4.2,41,133.0,3.034,0.49,us,10.02,1.907,0.095,31
3.0952,-31.3618,10.0,4.5,20,112.0,20.069,0.43,us,8.15,1.913,0.135,16
51.6021,159.3397,35.0,4.5,72,109.0,1.485,1.0,us,8.69,1.906,0.062,76
52.6353,161.1811,10.0,5.0,54,110.0,2.163,0.85,us,9.34,1.866,0.032,308
36.6356,140.3545,10.0,4.0,13,154.0,1.729,0.8,us,7.21,1.781,0.258,4
0.7377,96.8752,10.0,5.0,85,90.0,2.822,0.84,us,9.28,1.828,0.067,71
51.6098,159.5587,23.56,5.0,39,122.0,1.522,0.66,us,10.06,6.075,0.077,54
-2.1326,139.0342,35.0,5.0,42,56.0,1.011,0.63,us,5.4,1.866,0.06,88
52.6221,161.0414,10.0,4.8,34,121.0,1.506,0.83,us,10.25,1.913,0.103,29
-31.9385,-69.9338,108.723,4.2,40,63.0,0.891,0.69,us,5.44,6.489,0.128,18
52.71,160.0361,38.251,4.3,59,107.0,0.897,0.64,us,9.15,7.49,0.055,94
52.1891,160.6032,21.473,4.2,30,148.0,1.455,1.09,us,11.4,6.788,0.107,24
50.9466,158.3248,42.979,4.4,38,129.0,2.09,1.02,us,11.02,8.132,0.107,25
52.3084,160.3714,31.272,4.9,36,123.0,1.813,0.61,us,8.17,4.88,0.108,27
52.2378,160.0571,35.0,4.1,13,175.0,1.164,0.86,us,11.83,1.947,0.234,6
17.4805,122.2981,10.0,4.7,89,58.0,5.431,0.71,us,10.25,1.897,0.062,80
52.7678,159.9575,51.899,4.1,59,119.0,0.832,0.7,us,10.74,8.347,0.074,50
-27.0266,-176.063,10.0,5.3,70,69.0,9.72,0.82,us,10.45,1.785,0.052,122
-5.4,152.2663,35.0,4.3,36,177.0,1.112,0.6,us,9.16,1.976,0.094,32
-57.0609,-67.3268,10.0,4.4,28,144.0,2.141,0.76,us,10.26,1.943,0.118,22
-11.7572,116.8905,10.0,4.5,31,72.0,3.039,0.79,us,6.25,1.762,0.116,22
49.8062,155.7417,72.97,4.5,78,135.0,3.526,0.55,us,12.24,7.356,0.057,90
4.3115,127.6385,124.434,4.1,19,118.0,2.193,0.46,us,12.65,9.114,0.184,10
37.1785,72.0365,92.388,4.2,23,170.0,2.303,0.49,us,5.17,15.372,0.176,9
19.0733,145.477,204.514,4.3,31,125.0,3.823,1.04,us,13.41,9.562,0.109,24
-9.6038,120.647,91.563,4.2,24,79.0,0.35,0.58,us,7.21,3.018,0.147,13
30.2518,79.4611,25.331,4.3,22,177.0,9.893,0.78,us,12.89,6.51,0.138,15
-6.8182,130.4593,122.132,4.4,23,59.0,2.347,1.06,us,8.63,4.73,0.178,10
28.2414,65.5886,10.0,4.2,34,177.0,9.017,0.64,us,7.54,1.955,0.105,25
49.4078,156.0024,35.787,4.3,26,182.0,10.606,0.56,us,14.78,10.777,0.129,18
-6.7226,130.0323,157.367,4.5,29,44.0,2.189,0.96,us,5.13,8.581,0.102,28
29.3266,129.2927,8.12,4.5,70,108.0,2.395,0.36,us,7.48,4.534,0.075,52
-20.0941,-69.0459,110.96,4.2,22,64.0,0.111,0.55,us,5.66,4.453,0.167,10
-21.6492,-68.5175,132.928,4.3,21,87.0,0.689,0.48,us,5.98,6.567,0.154,12
8.9656,126.3025,56.431,4.5,44,131.0,2.015,0.7,us,12.55,6.327,0.093,34
9.0513,126.2212,10.0,4.3,19,133.0,2.069,0.61,us,10.54,1.916,0.147,13
51.4214,159.4785,35.0,4.2,20,137.0,2.013,0.96,us,12.7,1.92,0.124,18
52.3124,160.2713,10.0,4.4,72,113.0,1.217,0.8,us,9.09,1.874,0.052,106
-1.444,-77.8727,164.528,4.4,88,77.0,0.16,0.7,us,9.99,5.04,0.061,77
9.2343,93.9758,10.0,4.3,17,187.0,5.595,0.23,us,12.44,1.949,0.168,10
-5.3606,152.0168,40.862,4.7,49,154.0,6.272,0.76,us,14.49,7.708,0.065,72
-33.7938,-179.6406,10.0,4.7,32,160.0,4.115,0.89,us,10.54,1.943,0.133,27
-7.4882,130.6,10.0,4.9,29,116.0,3.026,0.83,us,9.29,1.876,0.096,34
52.8774,160.8518,20.767,4.9,166,119.0,1.34,0.72,us,6.68,4.544,0.033,288
-55.3495,-27.7061,10.0,4.5,19,102.0,5.19,0.87,us,13.65,1.889,0.15,13
-34.1106,179.1058,153.43,4.2,15,105.0,3.505,0.93,us,8.77,8.222,0.175,9
1.857,127.3892,127.143,4.6,41,95.0,2.581,1.12,us,7.66,7.434,0.093,34
49.2125,157.8883,10.0,4.5,56,126.0,3.846,0.57,us,4.72,1.884,0.086,40
35.1068,25.3162,10.0,4.3,83,93.0,0.393,0.7,us,3.98,1.806,0.062,73
34.7431,32.4664,10.0,4.2,32,147.0,0.744,0.75,us,4.65,1.941,0.136,15
52.9244,161.1829,10.0,4.3,20,188.0,1.535,1.13,us,11.05,1.991,0.133,16
29.8542,138.7888,420.468,4.1,50,81.0,3.367,0.54,us,9.48,8.079,0.056,87
51.6955,160.6594,10.0,4.5,47,134.0,1.813,0.38,us,10.91,1.909,0.095,33
4.6048,125.008,10.0,4.9,69,45.0,0.486,0.63,us,3.43,1.85,0.07,65
51.8344,-175.1966,60.492,3.6,36,189.0,0.594,0.59,us,9.65,9.117,0.092,30
50.4253,158.9304,10.0,4.3,24,133.0,2.608,0.64,us,8.05,1.702,0.16,11
-16.3723,-71.208,134.686,4.8,93,134.0,2.049,0.65,us,9.27,7.388,0.03,339
-9.1425,125.9261,10.0,4.5,19,129.0,1.746,0.96,us,9.36,1.908,0.135,16
16.5418,-59.5537,10.0,4.2,29,189.0,1.46,0.55,us,4.49,1.968,0.237,5
52.7895,159.8438,47.571,4.4,87,149.0,0.76,0.97,us,10.6,8.337,0.056,90
2.2499,126.7696,44.545,4.5,86,51.0,1.585,0.55,us,5.51,7.38,0.064,77
48.8687,155.8315,40.029,4.3,33,135.0,4.406,0.32,us,12.12,8.231,0.099,29
49.9782,158.4247,10.0,4.6,114,135.0,3.053,0.6,us,8.29,1.882,0.055,101
-7.0898,125.6438,517.463,4.8,31,59.0,2.978,0.73,us,14.08,10.018,0.109,26
51.7476,160.2983,10.0,4.5,33,126.0,1.629,1.02,us,5.37,1.898,0.104,27
14.3891,-90.7527,10.0,4.0,13,158.0,0.285,0.66,us,2.35,1.982,0.367,2
38.0037,143.8548,10.0,4.5,39,161.0,3.523,0.6,us,9.5,1.934,0.104,27
37.136,53.8076,10.0,4.4,43,149.0,6.891,0.67,us,8.82,1.934,0.091,35
51.6807,159.5082,30.315,4.8,75,134.0,1.444,0.97,us,9.26,5.724,0.051,118
-27.6633,-177.8685,192.961,4.5,20,154.0,10.563,0.81,us,10.25,11.697,0.136,16
-7.5997,133.4057,10.0,4.5,25,66.0,4.79,1.15,us,7.31,1.907,0.139,15
44.0448,-28.3804,10.0,4.5,59,121.0,6.637,0.42,us,11.25,1.898,0.064,72
52.2071,160.475,27.885,4.9,122,134.0,1.381,0.88,us,9.41,5.536,0.055,105
-7.0442,129.6041,128.234,4.3,20,60.0,2.523,0.8,us,9.51,8.494,0.147,13
-5.1828,35.1436,10.0,4.4,10,154.0,4.03,0.59,us,9.44,1.936,0.22,6
-24.3058,-67.1976,166.252,4.5,26,72.0,1.62,1.36,us,9.27,9.105,0.121,20
-6.9036,155.6917,35.0,4.6,49,93.0,4.426,1.01,us,9.57,1.918,0.084,46
11.1466,124.1035,10.0,4.5,42,99.0,4.305,0.74,us,5.36,1.872,0.104,30
51.3848,159.8739,10.0,4.7,18,183.0,1.806,1.0,us,10.59,1.958,0.158,12
63.6746,-23.2381,10.0,4.3,55,100.0,1.363,0.79,us,8.72,1.927,0.071,56
-2.1266,120.6903,10.0,4.2,15,139.0,0.574,1.08,us,5.72,1.934,0.215,6
-19.2563,-177.6303,570.339,4.2,22,208.0,3.974,0.55,us,21.55,13.505,0.132,16
52.5395,160.7864,10.0,5.3,207,88.0,1.385,0.61,us,7.35,1.799,0.036,258
-23.3698,-179.9872,548.69,4.5,89,121.0,5.89,0.75,us,12.16,4.585,0.059,85
53.0811,159.5427,35.0,4.9,97,115.0,0.542,0.76,us,8.37,1.914,0.042,181
15.5984,145.8343,216.491,4.3,14,160.0,0.358,0.77,us,14.32,6.186,0.238,5
-0.1008,123.016,82.215,4.2,26,79.0,0.966,0.65,us,7.17,6.962,0.166,11
14.9447,147.0388,37.539,4.6,94,102.0,1.238,0.7,us,7.91,6.952,0.061,86
-61.7352,161.6393,10.0,4.4,14,159.0,7.396,0.24,us,10.16,1.958,0.144,16
30.1377,51.6974,10.0,4.2,25,155.0,6.538,0.71,us,10.3,1.967,0.147,13
52.4002,160.8008,31.58,4.2,16,257.0,1.45,1.05,us,11.88,9.058,0.2,7
52.6084,160.6588,29.872,4.8,132,129.0,1.288,1.18,us,9.02,5.623,0.047,150
22.468,94.3264,88.314,4.2,28,113.0,1.371,0.86,us,9.87,4.638,0.132,17
-1.7416,139.1889,22.712,4.4,31,41.0,1.28,1.07,us,6.89,5.082,0.134,16
36.183,69.4733,140.188,4.0,28,106.0,1.687,1.05,us,8.13,11.665,0.15,12
40.7746,28.3086,10.0,3.8,19,60.0,1.145,0.61,us,3.83,1.934,0.228,5
51.5022,-168.5208,10.0,3.4,41,219.0,1.484,0.61,us,6.6,1.987,0.148,11
-7.8586,114.0251,10.0,4.3,16,123.0,0.62,1.38,us,5.96,1.921,0.154,12
-52.1341,-61.695,10.0,4.7,37,60.0,2.296,0.71,us,6.86,1.895,0.085,42
51.7025,159.1251,60.521,5.1,58,127.0,1.355,0.65,us,10.95,7.016,0.071,64
-4.6583,125.1727,521.228,4.3,19,73.0,2.436,0.55,us,14.82,9.922,0.16,11
-20.8078,-178.6829,587.015,4.3,79,133.0,4.335,0.59,us,13.25,7.733,0.066,71
54.5783,-160.4067,13.855,3.8,31,162.0,0.538,1.16,us,4.85,6.11,0.208,6
-56.2066,-24.8489,10.0,4.5,16,122.0,6.928,0.74,us,9.73,1.824,0.139,15
51.8378,159.4512,52.802,5.0,74,134.0,1.285,0.81,us,9.36,5.952,0.058,95
-57.1783,-26.6615,128.522,4.9,50,81.0,6.262,0.71,us,11.91,5.847,0.071,61
0.7147,-26.0178,10.0,4.9,87,93.0,11.815,0.49,us,9.41,1.328,0.063,80
41.7642,142.9023,61.935,4.0,29,134.0,0.315,0.78,us,7.57,5.845,0.184,9
49.717,158.4175,10.0,4.4,27,136.0,3.314,0.69,us,10.56,1.921,0.127,18
36.8737,75.5702,10.0,4.4,26,122.0,2.84,1.28,us,6.95,1.75,0.143,14
-23.1952,-179.7067,582.437,4.0,17,129.0,5.815,0.74,us,18.23,14.213,0.164,10
-56.1936,-28.0196,118.051,5.0,58,67.0,5.21,0.9,us,11.69,6.518,0.074,61
-19.306,-177.6744,420.052,4.3,26,88.0,7.325,0.86,us,13.35,11.427,0.116,21
50.3387,158.0856,12.187,5.2,187,97.0,2.711,0.6,us,9.47,3.722,0.044,166
52.8085,160.8139,10.0,4.3,44,119.0,1.328,0.92,us,9.91,1.898,0.093,33
51.5995,160.094,10.0,4.4,20,229.0,2.107,0.55,us,14.4,1.99,0.123,20
-23.1971,-175.1895,10.0,5.1,78,128.0,6.397,1.02,us,12.96,1.833,0.06,92
24.2501,125.2549,28.258,4.4,43,80.0,0.939,0.79,us,7.4,6.033,0.112,23
14.9325,-61.4045,150.42,4.5,112,37.0,0.308,0.68,us,6.25,5.699,0.035,235
17.6585,146.1456,153.099,4.7,71,129.0,2.428,1.0,us,11.76,7.723,0.043,163
22.4404,94.5319,105.63,4.5,84,52.0,1.28,0.43,us,8.13,6.785,0.066,67
8.9868,123.9738,545.444,4.1,66,72.0,4.482,0.56,us,11.67,8.984,0.071,54
51.5837,16.0414,5.0,4.1,36,69.0,1.248,0.68,us,4.84,1.887,0.131,18
-3.1423,127.5118,35.484,4.7,36,54.0,2.753,1.08,us,8.22,8.615,0.108,26
29.2994,129.3616,10.0,4.6,56,107.0,2.396,0.98,us,7.01,1.882,0.076,52
52.557,160.2028,35.0,4.5,37,119.0,1.052,0.9,us,10.18,1.937,0.106,26
-22.7481,-66.3292,245.534,4.3,19,137.0,1.718,0.4,us,9.75,13.36,0.188,8
-59.9209,-151.1211,10.0,4.8,22,82.0,22.569,0.73,us,15.11,1.905,0.121,21
51.7562,158.1845,72.653,4.9,87,121.0,1.301,0.77,us,8.7,5.986,0.028,388
-57.5726,157.7867,32.868,4.8,45,44.0,3.149,0.59,us,11.96,4.488,0.121,22
40.3877,142.1298,59.993,4.1,19,183.0,0.905,0.53,us,6.84,9.843,0.174,9
38.262,73.0607,104.769,4.3,33,183.0,0.456,0.61,us,3.67,6.16,0.142,14
51.9303,156.1036,207.607,4.1,52,146.0,1.53,0.41,us,11.24,7.889,0.088,35
-58.6924,-22.8409,10.0,4.4,17,105.0,15.362,0.72,us,12.96,1.837,0.143,14
53.3023,160.5235,49.202,4.2,23,179.0,1.162,0.62,us,15.81,11.856,0.132,16
51.5449,159.4431,10.0,4.4,41,137.0,1.559,0.71,us,10.17,1.912,0.101,28
54.2915,158.8893,170.685,4.2,52,91.0,1.279,0.67,us,12.71,9.599,0.079,45
-23.3297,178.8291,553.818,5.1,42,81.0,5.604,0.65,us,15.36,7.2,0.098,39
-8.826,33.3228,10.0,4.7,36,108.0,7.957,0.99,us,10.95,1.888,0.096,33
51.8969,178.568,98.161,3.7,36,150.0,0.059,0.57,us,9.7,9.228,0.119,20
50.8851,158.0583,31.499,4.4,32,135.0,2.173,1.05,us,13.03,6.551,0.107,25
39.4846,143.2361,40.066,4.9,61,126.0,2.114,0.91,us,8.71,7.045,0.047,141
-23.1745,-67.8161,142.253,4.3,32,46.0,0.401,1.06,us,6.47,3.752,0.109,24
-21.7111,170.7311,113.377,4.1,15,120.0,3.174,0.86,us,11.36,9.817,0.185,8
52.5265,160.8204,31.483,4.6,22,131.0,1.409,1.24,us,13.07,6.266,0.132,17
-60.3141,-61.7339,10.0,4.3,18,131.0,4.603,0.59,us,13.74,1.926,0.154,16
-37.7369,-73.9014,19.885,4.1,23,152.0,2.172,1.0,us,8.24,6.222,0.198,7
83.4353,115.4628,10.0,4.0,30,105.0,13.778,0.82,us,14.15,1.948,0.11,22
-34.9561,-179.5571,10.0,4.6,27,114.0,3.122,1.1,us,7.47,1.898,0.122,20
54.6224,161.0326,52.833,4.3,34,123.0,2.136,0.73,us,11.42,8.124,0.104,26
49.8442,157.0068,50.493,4.4,54,135.0,3.297,0.38,us,13.24,7.826,0.083,42
7.6895,126.9736,35.0,4.9,56,46.0,1.514,1.02,us,7.27,1.874,0.071,62
52.1293,160.4161,10.0,4.5,41,124.0,1.401,0.63,us,6.21,1.73,0.115,22
39.3799,143.5504,10.0,4.5,34,143.0,2.37,0.77,us,8.0,1.905,0.115,22
-24.1077,-67.082,217.96,4.4,25,92.0,1.529,0.71,us,3.81,8.488,0.189,8
43.3283,-128.1845,10.0,4.0,40,219.0,3.036,0.61,us,12.18,2.012,0.195,7
29.9125,80.9401,35.0,4.5,21,165.0,8.854,0.96,us,11.87,1.97,0.144,14
51.7587,-166.8579,10.0,3.7,29,193.0,1.725,0.46,us,6.83,1.965,0.11,21
17.2447,147.2647,32.167,4.7,119,133.0,2.445,1.22,us,10.14,3.13,0.048,133
-12.7592,-73.9049,84.212,4.5,64,93.0,2.97,0.71,us,4.66,7.533,0.071,58
-22.901,-68.5169,107.97,4.0,30,56.0,0.316,0.82,us,5.69,5.8,0.232,5
50.6123,157.1581,51.563,4.4,91,98.0,2.522,0.74,us,9.79,6.88,0.06,81
23.9572,122.5406,10.0,4.5,53,89.0,0.665,0.56,us,3.18,1.886,0.096,32
50.3319,159.625,10.0,4.4,44,134.0,2.763,0.58,us,9.8,1.913,0.073,54
18.8319,146.0976,116.375,4.2,28,99.0,3.583,0.46,us,12.25,7.263,0.11,23
-49.016,126.6246,10.0,4.2,15,132.0,17.541,0.93,us,13.07,1.918,0.146,14
30.6058,57.7005,10.0,4.1,26,90.0,5.792,0.64,us,15.13,1.917,0.097,29
-7.8125,128.7035,68.843,4.2,15,100.0,4.791,0.46,us,9.21,8.954,0.167,10
-24.668,179.9121,513.356,4.3,92,47.0,4.949,0.77,us,11.2,7.232,0.058,92
7.088,126.5977,91.061,4.6,42,126.0,1.011,0.95,us,9.82,7.936,0.098,31
-20.0652,-70.2102,58.421,4.1,26,140.0,0.996,0.88,us,5.17,9.736,0.14,14
28.1067,52.3044,10.0,4.2,43,103.0,4.702,0.71,us,8.28,1.916,0.086,38
12.387,126.0699,10.0,4.4,31,119.0,22.07,0.83,us,14.01,1.912,0.103,27
16.5189,-59.498,10.0,4.6,41,102.0,2.468,0.67,us,7.32,1.902,0.075,53
52.7026,-169.7423,51.668,3.7,18,198.0,0.602,0.57,us,9.63,10.705,0.19,8
52.1476,159.7059,36.363,4.7,49,159.0,1.088,0.88,us,11.5,8.564,0.078,49
48.9429,154.5563,84.354,4.1,19,137.0,4.618,0.71,us,13.16,8.918,0.139,14
51.883,160.538,10.0,4.9,99,122.0,1.625,0.87,us,8.88,1.874,0.049,129
27.4383,126.6717,171.94,4.6,52,64.0,1.548,0.94,us,8.26,7.572,0.056,97
29.3572,129.4546,9.968,4.7,93,112.0,2.312,0.48,us,7.04,4.066,0.062,78
-21.6473,-68.3281,148.798,4.2,28,51.0,0.862,0.92,us,4.63,7.932,0.199,7
41.3365,142.8344,52.931,4.6,98,134.0,0.72,0.68,us,8.1,5.06,0.054,101
50.9043,157.4601,69.365,4.1,41,134.0,2.212,0.76,us,10.45,7.236,0.101,27
-17.2084,-174.6589,206.544,4.5,25,117.0,4.295,0.85,us,14.94,13.13,0.111,26
7.3875,127.4028,10.0,4.1,12,99.0,1.837,0.81,us,8.25,1.931,0.214,8
-7.6609,129.0993,87.297,4.4,25,100.0,5.21,1.05,us,9.67,8.523,0.12,20
51.2005,157.2175,87.431,4.1,30,134.0,1.934,0.7,us,11.68,8.125,0.12,19
52.7024,160.2014,25.076,4.8,132,119.0,0.994,0.49,us,9.87,5.367,0.036,239
-16.1755,-173.0853,10.0,4.2,29,118.0,2.581,0.84,us,12.73,1.888,0.1,28
-17.2837,-178.5077,550.557,4.3,31,130.0,14.227,0.55,us,15.73,9.888,0.101,28
-18.5359,-177.3719,392.932,4.5,114,121.0,3.722,0.63,us,12.43,8.049,0.047,136
51.2234,159.5467,10.0,4.1,23,135.0,1.886,0.82,us,11.67,1.932,0.117,20
42.0602,-29.2053,10.0,4.3,39,138.0,5.14,0.71,us,12.92,1.929,0.096,32
50.2267,156.8917,53.233,4.4,55,135.0,2.929,0.69,us,11.52,7.617,0.085,40
5.0984,123.5765,569.866,4.3,60,39.0,1.93,0.65,us,11.76,8.87,0.083,41
52.1494,160.0293,35.0,4.4,23,124.0,1.214,0.51,us,8.31,1.961,0.107,25
52.2135,161.644,10.0,4.8,81,126.0,1.997,0.61,us,10.2,1.852,0.042,175
-23.1259,-68.5298,113.005,4.1,24,66.0,0.367,0.77,us,3.97,4.269,0.131,16
2.7565,127.3287,53.159,5.3,82,75.0,1.972,0.78,us,6.74,7.304,0.038,236
51.3099,159.8509,10.0,4.1,19,193.0,1.869,0.34,us,11.25,1.99,0.145,13
-41.1978,172.5809,6.692,4.3,38,62.0,0.374,0.59,us,4.98,5.568,0.217,6
51.6744,159.7699,10.0,4.6,34,229.0,1.516,0.69,us,12.59,1.947,0.089,38
-29.3547,-68.2498,24.5,4.3,27,148.0,1.721,0.63,us,5.75,6.438,0.267,4
26.1352,97.1858,10.0,4.6,81,91.0,5.306,0.52,us,9.87,1.878,0.068,64
52.1503,161.3615,10.0,4.3,18,189.0,1.871,0.54,us,13.07,1.967,0.142,14
52.129,161.5997,10.0,4.1,19,125.0,2.011,0.36,us,10.75,1.922,0.135,15
52.6226,160.6475,24.27,4.6,33,123.0,1.277,0.53,us,9.07,5.87,0.111,24
-4.3094,136.2139,10.0,4.4,29,119.0,2.29,0.8,us,7.75,1.895,0.134,16
52.0078,159.3186,35.0,4.2,20,222.0,1.096,0.8,us,5.7,1.991,0.147,13
52.8692,160.7137,10.0,4.7,30,155.0,1.258,1.09,us,11.39,1.972,0.108,26
52.9781,160.5487,35.0,4.1,18,119.0,1.148,0.77,us,5.36,1.942,0.174,9
51.1511,159.1691,10.0,4.4,34,137.0,1.902,0.56,us,11.33,1.925,0.107,25
52.4876,160.7329,10.0,4.1,20,174.0,1.375,0.55,us,10.8,1.99,0.151,13
53.0078,161.1149,10.0,4.3,49,146.0,1.489,0.58,us,10.32,1.945,0.076,49
51.7276,159.6064,35.0,4.4,33,126.0,1.424,0.44,us,7.7,1.899,0.096,31
1.4567,128.2043,106.214,4.6,48,80.0,3.826,0.5,us,8.34,8.523,0.088,39
-16.2898,66.8529,10.0,4.7,42,57.0,4.781,0.48,us,11.34,1.854,0.093,35
52.8834,160.4775,10.0,4.2,29,162.0,1.115,0.78,us,12.11,1.903,0.124,18
29.4143,129.3204,10.0,4.3,15,121.0,2.305,0.61,us,7.28,1.842,0.177,9
50.1435,157.2331,35.0,4.3,39,132.0,2.983,0.92,us,4.53,1.928,0.101,31
-23.9974,-66.862,199.784,4.5,28,69.0,1.595,0.83,us,10.64,8.5,0.119,21
54.5715,-160.1116,35.847,4.4,88,159.0,0.399,0.99,us,5.03,7.417,0.075,51
6.9709,126.7077,81.914,5.3,25,112.0,1.125,0.7,us,10.2,8.07,0.133,19
-18.9305,169.4597,260.054,4.4,48,111.0,4.08,0.67,us,9.02,8.048,0.087,38
43.588,144.7033,123.585,4.3,67,136.0,1.616,0.74,us,8.69,7.465,0.059,80
-35.1947,-179.3481,10.0,4.2,22,235.0,3.027,1.01,us,12.29,1.992,0.147,13
51.4984,159.2461,35.0,5.2,55,124.0,1.571,0.7,us,9.49,1.935,0.086,45
-2.8637,147.6772,10.0,4.3,17,77.0,0.872,0.42,us,8.44,1.922,0.177,9
-47.7754,116.1502,10.0,4.1,12,159.0,14.854,0.73,us,12.63,1.9,0.158,11
-5.5745,147.0821,216.117,4.4,25,145.0,3.519,1.24,us,11.98,10.68,0.126,18
-55.4726,-26.1917,10.0,4.2,14,120.0,6.062,0.63,us,14.6,1.946,0.146,13
51.4325,159.4207,35.0,4.1,16,127.0,1.662,0.77,us,10.01,1.925,0.145,13
52.5616,160.7597,10.0,4.5,56,116.0,1.362,0.84,us,9.32,1.895,0.062,78
51.7473,159.3619,34.855,4.4,73,125.0,1.35,0.68,us,8.92,4.752,0.059,84
51.4835,-173.9696,35.0,4.0,34,188.0,0.733,0.93,us,4.85,1.927,0.106,24
50.8083,159.4247,10.0,4.3,39,136.0,2.27,1.0,us,14.43,1.945,0.086,38
52.8219,160.0439,69.386,4.3,18,137.0,0.868,0.61,us,11.58,8.49,0.188,8
17.6488,145.3274,339.6,3.7,19,138.0,2.435,0.64,us,13.09,12.685,0.135,14
5.6485,61.4693,10.0,4.2,21,243.0,23.501,0.85,us,18.48,2.011,0.141,14
52.319,160.5494,29.898,4.5,41,122.0,1.355,0.79,us,9.19,3.931,0.108,25
32.0487,131.8488,51.411,4.8,73,119.0,1.305,1.19,us,6.83,7.434,0.076,54
-62.5639,-159.07,10.0,4.6,23,106.0,18.679,0.89,us,15.62,1.9,0.152,13
-14.9705,-173.5407,10.0,4.3,23,60.0,2.004,1.15,us,10.4,1.879,0.143,14
-17.8584,-178.3006,617.737,4.3,37,155.0,2.616,0.55,us,15.97,7.869,0.103,27
51.4774,160.7726,10.0,4.3,66,128.0,2.025,0.7,us,8.85,1.884,0.08,45
-20.9423,-177.9097,425.086,4.0,27,108.0,4.964,0.87,us,11.24,14.534,0.106,24
52.8795,160.7762,10.0,5.0,83,119.0,1.294,0.67,us,9.69,1.893,0.065,76
-2.1393,138.4607,10.0,4.7,40,71.0,0.454,0.75,us,4.51,1.832,0.102,29
51.5075,159.8766,11.96,4.3,27,127.0,1.695,1.4,us,10.02,5.6,0.116,21
49.97,157.0665,35.0,4.4,38,136.0,3.167,0.58,us,6.37,1.942,0.102,28
-17.5347,-178.4236,530.45,4.4,59,77.0,2.358,0.67,us,13.86,8.549,0.061,76
52.4856,160.6764,37.912,4.3,30,150.0,1.344,0.78,us,10.81,7.225,0.116,21
52.5306,160.5399,42.644,4.1,16,121.0,1.25,0.4,us,9.6,7.565,0.185,8
36.103,77.9344,102.619,4.2,42,131.0,3.767,0.69,us,6.29,9.105,0.118,20
-10.6787,110.1796,10.0,4.2,27,102.0,3.615,0.72,us,8.41,1.907,0.132,18
-22.2016,-68.8202,120.811,4.5,46,45.0,0.562,1.04,us,3.56,4.877,0.096,32
50.442,158.1906,10.0,4.7,104,131.0,2.601,0.55,us,8.93,1.878,0.055,99
-28.1766,-70.8944,48.042,4.2,22,68.0,0.161,0.88,us,6.17,1.994,0.235,5
52.6742,160.2915,15.627,4.2,61,120.0,1.055,0.66,us,9.15,5.245,0.071,56
26.8602,55.0341,10.0,4.2,28,156.0,2.179,0.62,us,14.15,1.949,0.121,19
11.2303,-85.6205,184.702,4.5,71,134.0,0.463,0.81,us,7.85,6.014,0.05,118
51.4041,159.4794,35.0,4.4,20,178.0,1.7,1.12,us,6.07,1.972,0.155,12
36.0796,21.0918,50.162,4.4,39,114.0,1.285,0.7,us,5.12,7.578,0.131,17
39.932,77.2645,10.0,4.4,31,118.0,1.954,1.39,us,5.75,1.917,0.143,14
50.9447,158.2915,69.424,5.1,51,137.0,2.094,0.7,us,11.62,7.519,0.083,47
52.1141,160.2449,22.912,4.3,27,176.0,1.333,1.04,us,14.65,7.944,0.122,19
-6.5238,35.807,10.0,4.2,18,86.0,4.699,0.47,us,10.48,1.941,0.167,10
-17.9008,-69.3494,150.639,4.3,20,94.0,0.334,0.71,us,5.27,4.51,0.177,9
50.7377,157.8617,61.759,5.6,119,119.0,2.341,0.68,us,10.43,6.556,0.019,1004
44.4564,149.4049,35.0,4.7,116,137.0,4.902,0.58,us,9.97,1.91,0.057,95
54.5645,-159.8742,38.316,4.0,83,160.0,0.314,0.62,us,5.11,7.418,0.196,7
51.5671,160.3992,10.0,4.2,29,134.0,1.811,0.75,us,10.59,1.9,0.125,18
51.149,158.5587,35.0,5.2,142,60.0,1.878,0.74,us,7.36,1.832,0.023,602
29.3117,129.4362,10.0,4.3,31,110.0,2.36,0.73,us,4.87,1.835,0.133,16
8.846,-39.9278,10.0,4.6,19,71.0,13.155,0.77,us,11.66,1.899,0.132,17
49.0296,157.8122,10.0,4.4,22,138.0,4.034,0.66,us,12.87,1.928,0.148,13
7.4719,94.371,10.0,4.4,24,92.0,3.394,0.83,us,9.89,1.89,0.135,16
52.2457,160.2142,35.0,4.5,42,123.0,1.231,0.81,us,9.71,1.927,0.096,32
-13.2588,167.1734,206.16,4.8,35,158.0,2.175,0.65,us,15.25,6.997,0.114,24
41.2835,142.4972,48.346,4.3,24,207.0,0.882,0.96,us,8.06,10.636,0.133,16
49.7593,157.2811,10.0,4.4,40,138.0,3.364,0.44,us,10.55,1.901,0.1,29
48.7535,156.3324,10.504,4.5,53,137.0,4.445,0.81,us,9.18,5.169,0.074,54
51.6609,159.3338,37.457,4.4,21,137.0,1.428,0.75,us,12.44,8.145,0.154,12
10.6718,57.2026,10.0,4.7,45,61.0,13.09,1.35,us,11.55,1.826,0.091,37
51.991,160.5353,10.0,4.3,22,125.0,1.548,0.54,us,9.9,1.908,0.129,20
-23.9499,-66.9871,173.069,4.5,21,77.0,1.478,0.94,us,7.69,8.482,0.14,15
51.5368,16.0467,5.0,4.1,41,67.0,1.201,0.43,us,3.11,1.922,0.214,6
50.8431,157.2385,88.96,4.2,34,122.0,2.286,0.97,us,4.91,8.02,0.112,23
52.0683,160.3595,10.0,4.0,12,153.0,1.416,0.68,us,9.26,1.977,0.26,4
54.5397,-159.8952,37.57,3.4,75,186.0,0.342,0.91,us,7.28,15.62,0.245,4
36.8773,54.8561,10.0,4.6,59,104.0,2.801,0.92,us,6.48,1.858,0.059,85
-10.1817,160.9105,15.093,4.6,36,78.0,1.203,0.27,us,9.17,2.698,0.093,34
-58.3778,-23.6582,10.0,4.8,37,70.0,15.826,0.69,us,6.18,1.858,0.09,38
-1.3104,133.9928,42.419,4.8,86,70.0,1.53,0.68,us,6.26,7.402,0.064,76
52.0766,160.0971,35.0,4.5,26,137.0,1.296,0.82,us,10.79,1.942,0.121,20
4.0799,97.4974,10.0,4.3,13,155.0,1.266,0.85,us,9.75,1.916,0.2,7
51.7826,-173.525,14.738,3.8,37,141.0,0.591,1.06,us,5.06,5.912,0.127,16
-33.8851,-179.2063,41.327,4.2,14,263.0,4.19,0.33,us,17.27,12.589,0.186,8
52.5424,160.527,10.0,4.1,19,222.0,1.238,0.51,us,16.19,1.983,0.145,13
1.7437,126.5864,49.919,4.1,21,118.0,1.241,0.44,us,5.87,5.126,0.144,13
52.6854,160.265,39.38,4.2,18,156.0,1.036,0.98,us,12.7,12.386,0.136,15
50.9242,159.1394,21.179,4.3,61,65.0,2.124,0.78,us,8.85,4.733,0.075,51
34.4855,139.4665,10.0,4.4,25,130.0,1.397,0.72,us,4.43,1.899,0.162,11
-20.7288,-69.1677,103.92,4.3,17,75.0,0.432,0.85,us,4.82,2.847,0.178,9
-3.0478,128.2824,10.0,4.4,17,108.0,3.682,0.45,us,7.67,1.956,0.138,15
37.5165,71.8936,158.217,4.1,23,258.0,1.959,0.58,us,11.31,12.133,0.233,5
29.5759,51.466,10.0,4.6,49,69.0,6.248,0.89,us,8.99,1.871,0.061,81
-17.7013,-178.4067,544.845,4.4,36,124.0,2.45,0.82,us,15.23,9.27,0.1,29
32.3871,105.1519,10.0,4.3,30,96.0,3.759,0.56,us,11.66,1.908,0.117,21
51.2958,159.4283,28.491,4.5,38,137.0,1.796,0.89,us,13.46,6.337,0.101,29
39.2303,28.1113,10.0,4.2,29,57.0,0.951,1.24,us,3.14,1.911,0.263,6
51.35,159.6083,11.165,4.5,31,123.0,1.777,1.04,us,8.91,4.836,0.118,21
-58.924,-26.18,104.768,4.2,17,110.0,15.906,0.35,us,13.65,7.927,0.128,17
51.5604,159.3414,35.0,4.3,24,127.0,1.526,0.62,us,9.47,1.945,0.143,17
42.8074,-2.8772,10.0,4.0,25,155.0,3.052,0.43,us,8.32,1.97,0.231,5
4.0695,-75.4801,10.0,4.3,35,100.0,1.389,1.24,us,8.34,1.883,0.098,29
-58.926,-26.2034,126.3,5.5,121,38.0,7.335,0.56,us,8.83,4.108,0.054,120
31.528,66.9695,10.0,4.4,56,145.0,3.49,0.7,us,10.64,1.933,0.087,38
1.6383,99.5231,167.031,4.2,24,122.0,1.207,0.58,us,9.58,7.856,0.132,16
51.6777,160.4766,35.0,4.4,12,138.0,1.753,0.53,us,11.71,1.95,0.189,8
52.273,160.0847,35.0,4.2,22,162.0,1.153,0.74,us,9.18,1.956,0.159,11
52.0116,161.6483,10.0,4.2,24,134.0,2.094,0.69,us,13.04,1.917,0.147,14
-32.1463,-71.879,32.307,4.0,27,141.0,0.774,0.68,us,5.25,5.755,0.299,3
-7.3932,128.8747,168.354,4.1,17,65.0,5.125,1.25,us,7.34,10.71,0.303,3
-25.3145,179.5981,522.062,4.2,29,92.0,4.491,0.72,us,12.4,6.844,0.136,15
35.6952,140.036,76.733,4.6,50,132.0,1.703,0.58,us,9.09,7.446,0.088,38
-30.4607,-177.7927,35.0,5.0,61,127.0,7.787,0.88,us,11.78,1.874,0.051,124
52.9133,160.8431,10.0,4.4,12,189.0,1.331,0.19,us,13.62,1.996,0.203,8
6.9211,127.1224,35.0,4.9,51,58.0,1.539,1.16,us,7.07,1.92,0.086,43
-7.0498,150.2047,10.0,4.4,33,142.0,3.273,0.63,us,5.51,1.848,0.12,20
49.8856,157.4616,36.287,4.5,19,153.0,3.231,0.56,us,11.67,9.699,0.163,11
5.2339,126.8677,92.61,4.3,34,112.0,1.47,0.78,us,7.57,7.749,0.103,27
52.9133,160.8139,10.0,4.4,31,137.0,1.313,0.51,us,7.33,1.914,0.126,18
52.141,160.455,10.0,4.7,54,155.0,1.412,0.99,us,3.28,1.903,0.069,64
-28.6596,-67.9831,10.0,4.3,15,165.0,2.263,0.38,us,4.41,1.901,0.376,2
-21.1033,-176.7044,253.53,4.8,37,215.0,5.915,0.59,us,12.11,10.826,0.075,55
43.406,147.8202,52.276,4.2,28,206.0,3.707,0.77,us,12.88,11.178,0.124,18
-6.801,129.6699,145.454,4.2,12,80.0,4.634,0.59,us,13.56,6.948,0.175,10
-59.2055,-17.2326,10.0,4.7,27,188.0,11.645,0.73,us,15.36,1.986,0.113,24
1.1316,98.9647,102.627,4.9,123,46.0,1.552,0.52,us,7.19,6.395,0.054,108
47.4515,-128.8479,10.0,3.4,24,215.0,0.504,0.82,us,3.41,2.008,0.489,1
12.2494,143.6067,35.0,4.4,22,85.0,1.813,0.48,us,11.06,1.954,0.154,12
-17.746,-178.6377,548.026,4.4,52,103.0,2.285,0.73,us,13.05,3.339,0.095,32
51.4434,161.1637,10.0,4.3,20,138.0,2.212,0.38,us,10.12,1.871,0.137,15
-23.9343,-66.7161,195.058,4.5,31,58.0,1.662,0.92,us,4.69,8.338,0.121,20
64.4991,-40.2659,10.0,4.4,59,89.0,4.1,0.57,us,8.05,1.913,0.056,93
52.4938,160.524,35.0,4.4,36,134.0,1.256,0.52,us,12.6,1.939,0.098,31
38.8235,70.6829,10.0,4.1,38,146.0,1.086,0.96,us,4.65,1.918,0.107,24
-4.0203,129.6601,103.71,4.3,24,124.0,0.555,0.75,us,9.51,8.115,0.111,23
12.7375,-88.5933,53.012,4.1,18,190.0,0.773,1.06,us,8.33,10.46,0.214,6
49.0208,155.2144,60.603,4.4,46,135.0,4.382,0.66,us,11.51,7.675,0.087,38
51.2586,158.1456,49.062,4.1,31,134.0,1.795,0.59,us,13.27,8.417,0.107,24
-17.8056,167.9699,30.735,4.4,16,165.0,2.458,0.61,us,10.26,7.187,0.162,11
6.4896,126.7054,194.346,5.0,63,57.0,1.258,0.82,us,8.39,6.369,0.041,185
-17.6329,-178.9422,540.001,4.3,36,132.0,1.981,0.72,us,17.02,8.061,0.097,33
78.9742,2.7176,10.0,4.4,51,77.0,1.779,0.38,us,10.13,1.893,0.079,47
52.2029,160.3558,10.0,5.0,82,122.0,1.326,0.92,us,8.22,1.87,0.041,197
53.1798,161.3413,10.0,4.1,30,117.0,1.63,0.4,us,9.38,1.873,0.124,18
-18.7103,-69.2268,127.514,4.0,50,78.0,0.459,1.1,us,5.61,5.87,0.084,40
51.9587,161.1084,10.0,4.2,29,180.0,1.843,0.67,us,11.56,1.959,0.112,24
-61.2144,-36.2321,10.0,4.6,24,74.0,6.952,0.53,us,9.71,1.577,0.133,17
52.315,160.3324,30.084,4.4,22,122.0,1.246,0.81,us,11.47,6.416,0.12,20
51.6219,159.9736,35.0,4.3,26,127.0,1.622,0.71,us,10.4,1.945,0.098,29
49.5385,154.808,105.317,4.0,55,123.0,4.008,0.7,us,12.0,8.266,0.081,44
39.8128,143.098,41.582,4.6,80,122.0,1.836,0.55,us,8.64,7.118,0.067,66
54.5416,-159.8941,35.0,3.6,27,161.0,0.34,0.75,us,7.89,1.941,0.144,15
53.1014,159.7165,74.396,4.7,72,122.0,1.216,0.63,us,11.42,7.167,0.047,136
14.7633,-92.4118,66.774,4.4,35,135.0,0.852,0.5,us,5.62,7.714,0.138,15
-8.4015,108.8627,89.559,4.6,49,62.0,1.521,0.68,us,9.77,7.058,0.078,49
-28.4328,-176.7597,35.0,4.9,28,69.0,1.307,0.87,us,8.56,1.686,0.11,26
-29.9981,-178.5042,142.344,4.7,18,91.0,0.902,0.93,us,12.39,8.774,0.138,17
4.573,-73.3233,10.0,4.2,8,114.0,1.03,1.16,us,8.52,1.983,0.215,6
-21.0164,-176.9619,330.208,4.2,13,105.0,5.697,0.85,us,12.85,8.05,0.175,9
-5.465,150.9384,103.873,4.6,34,87.0,1.581,0.71,us,10.25,8.346,0.105,27
52.1916,160.8387,33.507,4.5,35,179.0,1.573,0.91,us,12.16,7.013,0.079,47
52.244,160.8543,39.167,4.3,49,123.0,1.554,0.82,us,9.79,7.739,0.08,44
52.8619,161.9184,10.0,4.4,30,105.0,1.984,1.13,us,10.47,1.915,0.12,22
48.8934,154.9143,77.835,4.2,27,135.0,4.571,0.68,us,12.44,8.72,0.131,16
52.7932,160.9504,13.417,4.4,28,119.0,1.412,1.04,us,10.56,5.105,0.11,24
39.3391,114.4477,10.0,4.6,49,96.0,1.494,0.57,us,9.1,1.89,0.073,56
52.2451,160.4508,27.795,4.5,102,123.0,1.885,1.04,us,9.05,5.462,0.056,97
39.4811,143.4805,10.0,4.9,35,133.0,2.267,0.82,us,10.21,1.907,0.106,28
54.8127,-160.6053,43.058,4.2,39,158.0,0.588,0.53,us,4.26,9.283,0.216,6
51.5628,158.7086,35.0,4.8,40,123.0,1.463,1.27,us,9.46,1.932,0.114,38
-8.2455,107.3798,35.0,4.6,42,97.0,0.823,0.83,us,5.43,1.905,0.1,31
-0.9102,-13.7831,10.0,4.9,23,73.0,6.999,0.95,us,8.28,1.649,0.136,18
0.2614,122.0062,164.366,4.6,78,41.0,1.487,0.64,us,5.17,6.087,0.073,57
-60.3848,-62.2424,10.0,4.9,25,98.0,4.485,0.71,us,6.3,1.873,0.162,15
29.1109,87.0043,10.0,4.1,36,168.0,3.646,1.26,us,10.55,1.93,0.103,26
12.9499,145.3657,10.0,4.5,13,170.0,0.799,0.82,us,4.32,1.951,0.191,8
51.9912,161.2552,10.0,4.1,17,126.0,1.898,0.93,us,5.97,1.943,0.165,10
-12.8599,167.3238,10.0,4.7,27,157.0,2.574,0.49,us,13.2,1.947,0.117,24
-21.635,-68.4076,121.731,4.5,33,90.0,0.792,0.83,us,5.41,6.238,0.113,23
1.1208,97.0034,10.0,4.0,9,220.0,0.6,0.82,us,4.44,1.959,0.259,5
50.0872,159.5407,10.0,4.3,22,226.0,2.992,0.67,us,11.24,1.972,0.16,13
-16.543,-174.0424,164.566,4.4,26,116.0,3.409,1.02,us,6.23,10.459,0.117,21
-1.321,-77.8568,177.305,4.2,54,49.0,0.24,0.58,us,6.1,3.637,0.1,28
50.619,157.9071,35.0,4.4,36,163.0,2.452,0.53,us,10.73,1.97,0.102,28
36.6031,68.0294,10.0,4.3,73,125.0,2.237,0.7,us,6.45,1.902,0.067,64
-24.2968,-179.9884,533.552,4.5,124,77.0,5.261,1.16,us,10.97,6.126,0.049,132
-60.0063,-62.7255,10.0,4.5,12,150.0,4.825,1.19,us,14.83,1.959,0.163,11
36.4807,23.0629,51.123,4.1,49,108.0,1.148,0.81,us,6.77,8.899,0.101,27
52.1613,160.6383,10.0,4.2,31,124.0,1.489,0.92,us,7.2,1.828,0.118,20
51.4621,159.7297,26.352,4.5,36,126.0,1.699,0.85,us,9.93,5.941,0.106,26
-6.6449,129.9538,138.814,4.0,12,85.0,4.351,0.7,us,11.03,11.644,0.231,5
54.4422,-159.7016,10.0,3.9,93,164.0,0.395,1.27,us,4.29,1.867,0.182,8
39.8024,141.7717,65.308,4.3,48,133.0,1.124,0.49,us,7.04,7.568,0.102,28
13.8894,144.6662,10.0,4.1,9,118.0,0.357,0.3,us,3.3,1.958,0.262,4
52.1171,-169.4631,35.0,4.6,94,178.0,0.689,0.98,us,5.23,1.93,0.062,76
51.694,-170.6741,18.771,4.5,90,138.0,1.193,1.26,us,5.87,5.06,0.037,211
49.8497,157.0971,24.164,4.3,21,133.0,3.285,0.58,us,8.46,5.086,0.188,8
52.6742,160.6953,10.0,4.7,59,120.0,1.289,1.12,us,9.74,1.907,0.075,54
-17.5888,166.9272,10.0,4.5,33,142.0,2.146,0.52,us,8.7,1.838,0.115,23
41.0006,141.958,67.663,4.2,50,141.0,0.709,0.39,us,6.38,5.448,0.097,30
52.0519,160.2866,10.0,4.5,90,118.0,1.901,0.73,us,9.63,1.896,0.056,93
14.3872,146.9368,10.0,4.5,25,95.0,2.159,0.41,us,10.49,1.925,0.14,15
51.3262,159.049,10.0,4.4,51,88.0,1.717,0.83,us,9.0,1.88,0.067,63
27.4785,52.6021,10.0,4.5,68,80.0,4.103,0.37,us,8.67,1.86,0.065,69
0.9825,126.6058,58.626,4.4,40,72.0,0.789,0.93,us,5.47,6.903,0.107,25
51.2786,159.6037,10.0,4.3,13,183.0,1.844,0.8,us,9.75,1.994,0.188,8
52.1276,161.4042,10.0,4.3,29,124.0,1.905,1.16,us,9.87,1.908,0.126,19
53.4946,160.285,54.068,4.3,35,141.0,1.09,0.72,us,10.69,10.439,0.113,22
52.328,160.4462,10.0,4.5,36,139.0,1.297,0.73,us,11.72,1.926,0.096,32
51.0664,157.2636,80.229,4.6,130,135.0,2.063,0.65,us,5.05,6.551,0.05,118
49.753,157.3946,10.0,4.6,40,138.0,3.365,0.58,us,11.71,1.902,0.106,27
-15.7536,-70.8997,172.506,4.1,12,153.0,2.277,1.07,us,8.46,12.342,0.151,12
-61.1895,-36.1611,10.0,4.4,14,118.0,6.928,0.93,us,11.55,1.812,0.162,11
50.6793,159.1171,10.0,4.1,24,187.0,2.365,0.87,us,12.3,1.972,0.124,18
-17.4145,167.7529,10.0,4.1,11,204.0,4.526,0.36,us,10.64,1.961,0.214,7
36.7989,75.6136,10.0,4.4,36,151.0,2.909,1.29,us,9.68,1.915,0.139,18
51.3153,157.5035,80.982,4.3,46,135.0,1.8,0.68,us,10.72,7.644,0.075,50
37.3275,142.1178,31.374,4.3,39,146.0,3.228,1.04,us,8.16,6.43,0.116,21
7.4127,127.0704,35.0,4.6,74,96.0,1.518,1.19,us,7.63,1.922,0.068,65
-36.4696,177.3638,10.0,4.5,23,214.0,1.326,0.76,us,6.22,1.959,0.221,6
52.0477,158.9287,10.0,4.7,10,192.0,0.992,0.56,us,10.65,1.952,0.183,12
51.7672,159.3162,69.789,4.3,26,138.0,1.669,0.96,us,12.4,7.842,0.129,17
9.6602,122.2503,10.0,4.6,35,132.0,5.803,0.88,us,9.99,1.696,0.11,25
23.9524,122.6959,20.209,4.4,30,91.0,0.588,0.74,us,4.34,5.849,0.144,14
-4.0111,142.9279,68.88,4.8,55,76.0,2.673,1.09,us,8.17,7.783,0.071,62
55.0413,163.3843,26.848,4.1,46,159.0,3.447,0.91,us,13.55,6.66,0.086,37
-20.4801,-178.1178,550.145,4.4,52,122.0,4.529,0.51,us,15.34,7.689,0.085,40
28.3293,64.1317,41.877,4.9,163,76.0,7.502,0.78,us,8.58,6.667,0.043,170
42.4339,-126.5642,10.0,3.3,53,243.0,1.646,0.76,us,8.56,2.009,0.345,2
11.0009,124.0083,10.0,4.5,34,124.0,12.079,0.62,us,15.28,1.926,0.11,24
37.0652,72.3774,10.0,4.4,9,131.0,1.248,1.38,us,11.52,1.908,0.202,7
-15.9688,-75.4697,10.0,4.5,22,143.0,4.176,0.58,us,7.65,1.912,0.145,14
-17.3978,-70.5794,10.0,4.5,29,135.0,0.994,0.87,us,5.25,1.875,0.121,20
52.8644,160.3704,35.0,4.3,15,138.0,1.053,0.78,us,8.09,1.894,0.153,12
52.4249,152.3759,540.388,4.1,27,119.0,3.305,0.7,us,13.36,9.578,0.114,21
10.4238,121.8659,10.0,4.3,17,136.0,6.188,1.25,us,14.51,1.942,0.187,8
51.7958,-169.8227,10.0,4.1,53,190.0,0.994,1.1,us,5.24,1.917,0.065,65
51.9687,159.7249,35.0,4.2,49,234.0,1.244,0.51,us,5.58,2.014,0.075,50
51.4504,159.2023,49.264,4.2,19,138.0,1.612,0.55,us,11.4,5.592,0.152,12
53.0129,161.0528,10.0,4.4,18,184.0,1.452,0.83,us,11.83,1.977,0.138,15
-23.3029,-176.97,151.949,4.5,26,165.0,7.233,0.7,us,13.86,8.08,0.124,20
35.7267,76.9374,10.0,4.5,64,96.0,4.399,0.49,us,9.04,1.905,0.078,49
42.4932,-28.8979,10.0,4.5,18,81.0,5.385,0.9,us,5.41,1.924,0.145,14
17.0079,96.1659,10.0,3.9,17,124.0,0.143,0.65,us,7.4,1.964,0.171,10
49.9781,158.6493,10.0,4.1,22,135.0,3.05,0.56,us,10.36,1.924,0.145,13
19.102,145.697,145.203,4.1,28,141.0,3.841,0.4,us,9.76,9.129,0.106,24
-17.7849,-178.7413,552.073,4.6,72,79.0,2.225,0.77,us,12.28,7.388,0.072,57
38.6003,40.2583,10.0,4.2,29,126.0,0.78,0.7,us,5.0,1.953,0.186,8
-24.4566,-179.4699,478.47,4.6,18,144.0,7.067,0.47,us,12.06,12.502,0.105,27
52.4216,161.1532,10.0,4.2,40,134.0,1.637,0.88,us,7.82,1.902,0.104,26
-21.2176,-68.4558,136.441,4.2,14,237.0,4.89,0.45,us,12.46,14.943,0.136,15
-8.8521,-74.5921,144.588,4.6,136,104.0,2.175,0.74,us,8.83,7.394,0.049,125
51.9306,-167.2686,10.0,3.5,28,227.0,1.425,0.84,us,6.59,2.009,0.221,5
52.5188,160.9003,10.0,5.0,39,125.0,1.458,1.11,us,8.43,1.892,0.109,27
52.0848,160.4567,10.0,4.9,76,122.0,1.449,1.08,us,8.38,1.878,0.037,230
2.0449,126.6728,35.0,4.6,57,97.0,1.442,1.05,us,5.35,1.877,0.082,45
-63.4005,-167.8857,10.0,4.6,15,164.0,16.492,1.18,us,19.53,1.834,0.157,12
29.3466,129.611,10.0,4.5,53,120.0,2.275,0.77,us,8.09,1.86,0.084,41
-24.2092,-67.2988,204.747,4.0,19,70.0,1.489,0.48,us,9.37,11.425,0.298,3
52.9643,160.9211,10.0,4.8,81,103.0,1.374,0.88,us,7.58,1.844,0.036,243
50.3203,158.6166,10.0,4.2,35,135.0,2.707,0.65,us,12.44,1.929,0.11,23
-7.1616,130.0467,68.662,4.3,37,40.0,4.751,0.72,us,8.31,6.907,0.113,22
27.2348,127.639,94.251,4.1,41,72.0,0.691,0.66,us,8.29,5.871,0.109,23
19.2995,-109.1759,10.0,4.1,40,221.0,7.072,0.5,us,13.71,1.996,0.064,67
42.0602,142.5913,57.662,4.6,51,83.0,0.424,0.52,us,4.75,7.156,0.046,143
73.2412,6.5707,10.0,4.4,38,104.0,7.085,0.58,us,12.57,1.916,0.11,24
-3.8974,136.8548,138.225,4.3,26,69.0,1.974,0.38,us,3.58,7.382,0.114,22
49.955,158.7114,10.0,4.0,23,138.0,3.073,0.74,us,13.44,1.942,0.139,14
-49.4283,-8.074,10.0,4.5,17,81.0,22.446,0.74,us,13.26,1.934,0.132,17
51.9558,159.3282,67.252,4.0,11,166.0,1.147,0.24,us,14.51,6.424,0.197,7
-4.7558,152.7685,50.626,4.4,28,154.0,0.824,0.84,us,10.4,7.903,0.118,21
-58.1669,-25.5017,35.0,4.4,37,80.0,7.253,0.38,us,9.86,1.72,0.148,15
6.6699,-72.9808,173.442,4.3,59,65.0,2.251,0.69,us,9.2,8.324,0.08,44
54.4508,-159.7818,35.0,3.8,26,163.0,0.397,0.62,us,4.79,1.885,0.147,12
28.1487,99.8704,10.0,4.2,29,127.0,7.817,0.61,us,10.57,1.942,0.121,19
30.0272,131.2318,35.0,4.5,27,141.0,1.622,0.51,us,4.87,1.938,0.124,19
-19.0071,-69.9601,80.994,4.6,34,140.0,0.729,0.43,us,3.11,6.093,0.117,22
-0.0171,-17.3605,10.0,4.5,8,118.0,8.413,0.33,us,14.17,1.95,0.312,3
36.3665,71.0806,115.516,4.1,38,166.0,2.242,1.1,us,8.39,11.704,0.145,13
6.2483,126.4764,83.347,4.6,70,105.0,1.208,0.73,us,7.84,5.844,0.056,96
37.6763,141.7939,61.973,4.3,15,161.0,3.081,0.36,us,8.64,10.481,0.237,5
13.6137,144.8001,122.065,4.3,15,112.0,0.071,1.04,us,14.0,4.462,0.177,9
9.2266,93.6356,132.895,4.9,102,64.0,2.568,0.83,us,7.85,6.14,0.054,109
-62.0195,-158.5718,10.0,4.7,14,97.0,19.273,0.88,us,16.34,1.885,0.152,13
-15.3106,167.5238,144.522,4.8,45,117.0,6.054,0.92,us,11.86,3.508,0.091,37
36.8328,54.9529,10.0,4.5,130,86.0,5.168,0.82,us,7.99,1.881,0.056,94
-21.4887,-68.5894,148.938,4.0,21,106.0,0.68,0.49,us,7.37,6.264,0.184,8
49.6921,159.6208,10.0,4.4,40,136.0,3.391,1.1,us,10.2,1.914,0.101,28
45.587,26.4287,130.66,4.2,48,51.0,0.353,0.87,us,7.41,5.219,0.104,26
52.2453,-168.4568,10.0,3.6,39,188.0,0.767,0.7,us,3.63,1.954,0.158,11
6.0455,127.1669,89.782,4.7,32,117.0,1.877,0.5,us,6.57,5.652,0.13,20
51.8141,-169.7752,10.0,4.7,98,173.0,0.975,0.72,us,4.5,1.868,0.039,198
52.4642,160.713,10.0,4.1,20,207.0,1.374,0.86,us,12.51,2.009,0.127,17
28.0958,103.5573,10.0,4.3,24,162.0,7.838,0.59,us,12.88,1.942,0.137,15
-15.9547,-73.6683,63.994,4.9,77,137.0,5.004,0.54,us,10.44,6.167,0.052,114
-5.669,-11.5504,10.0,4.6,31,96.0,3.583,0.58,us,6.33,1.88,0.103,28
53.4919,-165.3258,23.065,4.2,49,158.0,0.658,0.81,us,3.8,6.971,0.077,47
-24.3448,179.9654,529.15,4.2,37,113.0,5.249,0.8,us,14.0,7.509,0.084,40
-26.4374,-175.6566,10.0,4.5,23,115.0,3.445,0.56,us,11.1,1.553,0.127,20
52.911,161.0062,33.15,4.2,23,189.0,1.43,1.22,us,12.74,9.639,0.132,16
-2.9425,136.3261,10.0,4.4,32,47.0,1.817,0.73,us,3.54,1.715,0.112,24
51.0322,158.4846,35.0,5.0,57,118.0,1.997,0.68,us,8.65,1.905,0.097,34
1.0344,97.1099,10.0,4.7,69,139.0,2.45,0.44,us,7.04,1.888,0.072,59
29.2052,129.1951,10.0,4.2,29,94.0,2.497,1.05,us,7.6,1.9,0.141,16
-17.8681,-178.0372,609.239,4.2,17,181.0,2.838,0.67,us,21.61,15.184,0.141,16
50.8477,158.6407,10.0,4.5,80,123.0,2.179,0.58,us,8.88,1.888,0.061,79
-5.8576,128.3634,355.026,4.3,22,57.0,2.028,0.53,us,10.24,8.929,0.125,18
15.2367,147.3542,10.0,4.5,25,151.0,1.508,0.68,us,8.9,1.932,0.128,18
8.8826,126.3296,85.642,4.3,25,120.0,1.949,0.57,us,15.72,6.969,0.129,17
52.8163,160.4631,36.527,4.1,22,119.0,1.117,0.47,us,10.72,4.22,0.127,17
51.9003,160.574,33.637,4.3,45,128.0,1.628,1.27,us,10.65,6.52,0.083,41
52.6319,160.3175,35.0,4.0,30,138.0,1.085,0.77,us,11.73,1.954,0.116,20
50.067,156.1445,77.136,4.9,65,135.0,3.196,0.65,us,9.47,7.863,0.075,56
-17.9396,168.104,35.0,4.2,24,89.0,2.625,0.99,us,5.12,1.847,0.137,15
49.9207,157.3215,35.0,4.1,25,228.0,3.201,0.92,us,13.04,1.985,0.123,18
14.1924,-91.0356,97.322,4.3,99,129.0,0.621,0.76,us,6.63,5.166,0.037,209
-18.6102,65.3227,10.0,4.5,19,81.0,2.169,0.51,us,13.63,1.886,0.144,14
52.1927,159.1702,47.059,4.3,19,159.0,0.89,0.43,us,12.14,9.009,0.133,16
-7.0955,111.1172,241.038,4.4,49,74.0,0.673,0.72,us,8.02,4.395,0.093,33
-28.2238,-176.6696,35.0,4.6,30,187.0,1.503,0.62,us,12.36,1.923,0.125,20
-9.8482,119.4386,43.699,4.2,24,79.0,0.865,1.08,us,6.79,12.57,0.176,9
7.2137,127.1816,10.0,4.2,20,125.0,1.597,1.15,us,8.03,1.908,0.159,11
34.6969,70.789,10.0,4.5,28,136.0,1.377,0.67,us,10.65,2.313,0.089,37
51.9821,-171.1032,35.0,3.8,20,207.0,1.086,0.84,us,5.02,1.997,0.16,12
-6.543,129.9535,145.145,4.4,23,81.0,2.008,0.9,us,9.65,4.674,0.138,15
11.2576,-86.8498,35.0,4.4,80,188.0,1.064,0.66,us,7.72,1.98,0.065,67
-0.2772,132.4382,10.336,4.5,15,125.0,1.315,0.58,us,8.25,4.061,0.163,12
50.2794,156.7642,68.468,4.5,69,132.0,2.892,0.9,us,11.47,7.356,0.056,94
0.495,126.5682,52.799,4.5,25,75.0,0.844,0.43,us,6.35,6.594,0.131,17
51.4184,159.3579,34.903,4.3,24,126.0,1.665,0.55,us,12.08,6.561,0.126,18
-6.2671,130.8945,119.258,4.2,19,111.0,1.994,1.15,us,7.46,7.865,0.176,10
-2.9284,136.3199,10.0,4.6,27,57.0,1.809,0.94,us,5.41,1.763,0.105,27
51.7751,160.3369,10.0,4.0,16,155.0,1.622,0.98,us,11.98,1.957,0.15,12
6.5928,127.2854,10.0,4.5,34,127.0,1.759,1.18,us,7.07,1.885,0.095,33
53.6861,160.5009,50.581,4.8,183,115.0,1.293,0.62,us,3.55,6.623,0.043,164
20.9359,121.0281,10.0,4.9,74,89.0,1.873,0.55,us,8.66,1.891,0.052,118
49.8145,158.3596,10.0,4.3,47,80.0,3.218,0.55,us,6.91,1.874,0.093,33
52.3443,160.6409,35.0,4.3,26,134.0,1.39,0.51,us,12.33,1.945,0.147,15
-5.3713,131.2815,61.865,5.0,72,33.0,1.611,0.8,us,6.89,5.389,0.068,69
-26.4331,-177.421,111.385,4.0,14,205.0,2.852,0.71,us,11.29,10.884,0.143,13
-19.2913,168.7825,14.851,4.5,26,143.0,3.533,0.69,us,11.4,5.399,0.121,20
5.9983,125.9874,152.424,4.2,23,183.0,1.139,0.53,us,9.87,7.5,0.147,13
6.3868,126.5214,10.0,4.3,22,105.0,1.156,1.2,us,7.03,1.914,0.129,17
53.0958,159.8413,60.141,4.9,102,132.0,0.723,0.8,us,9.92,6.752,0.06,87
51.8643,159.4794,58.392,4.4,48,137.0,1.267,0.58,us,7.07,6.722,0.082,48
5.0679,125.1958,10.0,4.8,59,70.0,0.436,0.6,us,4.41,1.86,0.083,45
-32.6436,-177.9727,10.0,4.4,15,251.0,5.777,0.73,us,9.67,1.99,0.179,9
53.5129,160.1176,66.432,4.8,105,126.0,1.009,0.55,us,10.23,6.956,0.056,100
51.9943,161.5636,10.0,4.0,22,126.0,2.057,0.6,us,6.24,1.919,0.164,10
-4.0329,142.9994,79.643,4.6,47,76.0,2.744,0.65,us,6.88,7.707,0.086,41
-22.1525,-67.3866,182.56,4.4,85,69.0,1.081,0.71,us,6.78,6.78,0.056,92
14.7132,147.2185,10.0,4.8,55,141.0,1.473,0.65,us,6.61,1.72,0.087,41
12.3438,-88.0676,64.979,4.4,39,190.0,1.081,1.23,us,8.41,11.295,0.082,43
50.1216,158.8192,10.0,4.0,11,187.0,2.908,0.42,us,8.13,1.878,0.299,3
13.7632,-92.0983,35.0,4.4,45,161.0,2.504,0.46,us,9.32,1.97,0.059,83
-17.7943,-178.6656,565.087,4.3,82,111.0,2.289,0.71,us,13.08,8.307,0.062,72
-26.9539,-71.4965,26.241,4.0,13,155.0,0.594,0.44,us,8.24,7.285,0.258,4
-27.3275,-176.8501,35.0,4.5,13,198.0,10.634,0.88,us,15.9,1.96,0.18,9
52.2507,160.6214,10.0,5.1,106,132.0,1.976,0.69,us,8.61,1.877,0.037,239
51.2802,159.4809,10.0,4.4,28,221.0,1.819,1.02,us,8.16,1.965,0.12,20
-17.6567,-71.6652,53.676,4.0,22,133.0,1.446,0.91,us,3.62,11.765,0.212,6
34.9601,104.6772,10.0,4.6,54,92.0,1.277,0.52,us,9.78,1.894,0.083,43
5.257,125.8825,106.753,4.5,38,76.0,0.658,0.72,us,6.5,6.616,0.099,30
-28.147,63.0684,10.0,4.5,21,78.0,14.74,0.74,us,13.31,1.876,0.156,13
-21.3216,-179.1297,579.922,4.3,50,122.0,4.44,0.6,us,11.14,7.621,0.065,68
52.9756,159.4859,63.864,4.2,35,161.0,0.507,0.71,us,12.54,8.063,0.105,25
27.4202,52.5046,10.0,4.2,64,81.0,4.138,0.63,us,8.56,1.897,0.076,48
-17.9312,-178.5335,597.459,4.3,49,122.0,2.47,0.74,us,10.39,7.507,0.043,153
49.9744,157.327,35.0,4.3,27,133.0,3.147,0.98,us,11.4,1.921,0.143,14
53.4022,158.7845,123.012,4.9,227,63.0,0.388,0.53,us,9.41,4.882,0.023,595
52.9192,159.8899,35.0,4.3,11,192.0,0.757,0.27,us,13.09,1.924,0.16,11
32.9472,88.6555,10.0,5.1,92,79.0,3.864,0.94,us,8.75,1.789,0.049,138
51.6119,159.8887,10.0,4.6,33,156.0,1.605,0.75,us,8.08,1.923,0.099,30
51.9095,161.5172,10.0,4.3,22,227.0,2.079,0.87,us,10.05,1.936,0.161,11
53.1419,160.5207,32.874,4.0,14,176.0,1.135,0.84,us,13.9,9.221,0.149,12
13.8938,39.803,10.0,4.3,28,97.0,3.786,0.79,us,6.44,1.945,0.125,18
51.732,161.0974,10.0,4.1,18,128.0,1.981,0.92,us,10.2,1.936,0.166,10
-43.6591,-16.3214,10.0,5.1,112,76.0,16.914,0.68,us,10.39,1.809,0.059,96
50.0607,157.0884,36.54,4.1,24,134.0,3.076,0.79,us,8.68,5.116,0.139,14
39.7996,23.4607,13.226,4.3,61,61.0,0.806,0.69,us,4.5,4.266,0.097,30
23.403,94.2596,10.0,5.3,107,54.0,2.27,1.1,us,6.97,1.766,0.04,208
14.507,53.6755,10.0,4.4,37,124.0,21.736,0.59,us,14.08,1.907,0.099,29
42.0733,142.5545,58.43,4.3,72,91.0,0.453,0.51,us,7.11,7.526,0.072,54
2.8461,128.5351,10.0,4.4,36,72.0,2.368,0.73,us,7.27,1.882,0.112,23
7.6879,127.2735,10.0,4.5,22,68.0,1.789,0.61,us,5.48,1.869,0.145,15
51.0358,174.6866,10.0,3.9,27,206.0,1.735,0.91,us,7.74,1.794,0.148,12
9.3411,93.8007,10.0,4.5,31,118.0,10.344,0.74,us,11.85,1.898,0.115,22
-3.824,99.7687,10.0,4.5,23,193.0,3.223,0.76,us,10.29,1.904,0.139,15
13.5684,144.8388,111.825,4.8,49,94.0,0.035,0.64,us,6.03,4.25,0.084,44
51.5803,160.0888,10.0,4.4,50,127.0,1.694,0.93,us,8.9,1.903,0.081,51
-7.8025,118.8538,38.505,5.0,77,33.0,1.474,0.84,us,5.91,4.599,0.074,63
37.1337,71.4437,113.609,4.7,151,76.0,1.438,0.62,us,5.76,4.595,0.043,170
49.5769,155.0091,103.902,4.7,38,96.0,3.917,0.81,us,5.84,7.583,0.108,28
48.9237,153.6849,161.796,4.4,47,133.0,4.896,0.43,us,12.24,7.739,0.081,43
-23.0872,-114.409,10.0,4.4,20,81.0,6.109,0.2,us,18.66,1.891,0.162,11
2.5853,-79.7833,10.0,4.3,41,161.0,1.589,0.64,us,7.59,1.736,0.104,26
51.2454,-173.9464,13.369,4.7,122,182.0,0.97,0.59,us,5.57,4.739,0.052,113
50.5498,159.2551,10.0,4.4,43,132.0,2.506,0.56,us,6.12,1.891,0.085,40
-2.9387,129.4774,19.328,5.1,64,38.0,2.724,0.71,us,7.67,4.528,0.059,95
-7.4074,129.21,104.245,4.2,14,94.0,5.388,0.82,us,8.66,10.438,0.159,11
52.1981,160.5016,25.366,5.1,162,127.0,1.399,0.61,us,10.53,5.375,0.047,150
18.2905,146.2495,87.63,4.8,51,98.0,3.065,0.84,us,10.38,8.493,0.082,46
51.3019,159.2558,10.0,4.5,21,180.0,1.764,0.35,us,10.97,1.967,0.156,13
-59.1835,-25.4503,35.0,4.5,31,129.0,15.502,0.68,us,17.92,1.939,0.104,27
13.6053,-89.9185,73.771,4.4,37,167.0,0.324,0.94,us,6.55,5.271,0.051,113
-20.9232,-179.0811,637.794,4.4,43,98.0,4.162,0.66,us,14.55,7.475,0.099,29
51.9804,160.4872,35.0,4.7,44,178.0,2.043,0.55,us,9.87,1.956,0.078,50
42.2717,144.5511,35.46,4.8,80,133.0,1.068,1.03,us,7.51,7.204,0.029,365
5.0021,125.1803,10.0,4.7,50,91.0,0.4,0.71,us,5.0,1.537,0.083,44
-18.2836,-63.0463,10.0,4.0,12,128.0,1.018,0.55,us,5.66,1.976,0.259,4
-24.3772,179.9373,531.152,4.1,16,184.0,6.829,0.69,us,14.45,13.902,0.151,12
51.8308,161.5487,10.0,4.6,25,217.0,2.139,0.81,us,12.25,1.992,0.125,19
-5.7642,68.3192,10.0,4.4,21,65.0,4.42,0.51,us,10.57,1.789,0.138,15
-45.3527,97.3138,10.0,4.4,11,157.0,22.154,0.24,us,9.58,1.933,0.189,8
-56.86,-68.1108,10.0,4.1,12,136.0,1.951,0.73,us,14.63,1.628,0.213,7
-18.0983,-173.621,35.0,4.3,12,87.0,3.636,0.38,us,8.25,1.878,0.168,10
-57.6969,157.4795,33.873,5.1,69,41.0,3.309,0.54,us,4.74,3.912,0.102,31
51.6779,160.0257,10.0,4.4,92,113.0,1.59,0.8,us,8.54,1.862,0.064,70
-20.0735,-69.1103,108.936,4.8,64,60.0,0.078,0.89,us,4.81,2.907,0.032,302
50.8617,158.6144,33.748,4.4,20,171.0,2.165,0.83,us,11.05,7.371,0.155,12
27.0516,-44.3397,10.0,4.5,17,119.0,42.586,0.7,us,15.13,1.912,0.163,11
-5.7849,154.2729,142.013,4.2,24,128.0,2.631,0.37,us,12.24,7.398,0.121,20
52.8477,161.1145,10.0,4.9,84,133.0,1.502,1.02,us,10.63,1.79,0.034,263
-2.0229,139.1473,10.0,4.5,39,77.0,1.144,0.56,us,4.64,1.834,0.107,26
-8.2437,116.7258,10.0,4.5,30,68.0,1.19,1.04,us,3.82,1.776,0.128,18
51.6152,159.8164,29.223,5.0,174,118.0,1.582,0.7,us,8.3,5.375,0.04,205
28.2086,130.9833,10.0,4.6,50,130.0,2.389,0.45,us,4.8,1.871,0.093,35
-20.6853,-174.1519,10.0,4.6,22,135.0,7.109,0.47,us,13.65,1.659,0.141,15
-0.1296,123.1429,125.43,5.0,99,30.0,0.979,0.92,us,6.29,5.244,0.039,209
-52.9951,22.1673,10.0,4.6,16,95.0,20.626,0.87,us,14.95,1.914,0.141,15
-34.9169,-110.9538,10.0,4.4,30,173.0,30.194,0.73,us,11.1,1.838,0.103,27
35.4745,140.149,66.626,4.3,37,128.0,1.899,0.74,us,6.92,7.567,0.126,18
51.3386,160.6475,10.0,4.5,73,134.0,2.088,0.5,us,8.74,1.872,0.069,61
-6.0852,142.6566,10.0,4.9,63,47.0,3.237,1.01,us,6.93,1.88,0.061,83
-59.6091,-26.2882,104.606,5.1,79,68.0,7.714,0.54,us,11.44,7.09,0.057,100
51.3871,160.6396,10.0,4.6,76,125.0,2.046,0.9,us,8.0,1.892,0.044,153
9.6107,39.7979,10.0,4.9,58,71.0,1.313,0.95,us,8.8,1.867,0.07,63
-18.9916,-177.5644,505.168,4.1,29,88.0,3.845,0.8,us,15.92,9.935,0.107,24
52.3277,161.5303,10.0,4.4,21,135.0,1.887,0.62,us,13.76,1.941,0.134,16
50.5109,157.7844,35.0,4.7,60,131.0,2.573,0.68,us,9.27,1.924,0.038,209
-21.2635,-179.2155,618.221,4.9,139,86.0,4.346,0.73,us,13.04,8.505,0.037,223
-6.5132,132.4127,10.0,4.5,28,71.0,3.185,0.83,us,5.95,1.642,0.128,18
60.5462,-139.9158,5.0,4.4,55,50.0,0.482,0.87,us,1.81,1.887,0.17,10
1.3857,125.7798,65.736,5.0,102,83.0,3.338,1.16,us,6.8,6.544,0.059,91
7.1332,127.5707,10.0,4.1,23,115.0,1.977,0.93,us,10.85,1.919,0.124,18
-29.1431,-68.8739,22.369,4.1,18,74.0,1.349,1.0,us,5.81,6.278,0.302,3
-5.1266,102.6714,38.826,4.1,14,180.0,1.37,0.74,us,10.06,9.509,0.197,7
48.2839,154.3139,53.519,4.7,87,133.0,5.287,0.64,us,9.33,7.152,0.063,76
-5.9613,154.6314,118.548,4.3,22,127.0,8.156,0.45,us,6.71,8.204,0.122,19
21.0837,121.9257,10.0,4.8,117,78.0,1.896,0.73,us,2.31,1.839,0.049,127
52.9424,161.0077,10.0,4.1,18,170.0,1.428,0.67,us,11.62,1.962,0.165,10
69.734,-15.8382,10.0,4.5,37,58.0,2.223,0.89,us,7.84,1.734,0.1,29
13.6434,145.4782,38.77,4.9,45,88.0,0.595,0.57,us,5.52,7.634,0.086,42
29.3013,129.5496,10.0,4.6,39,92.0,2.335,0.99,us,5.33,1.91,0.151,22
50.4351,156.4906,76.983,4.5,127,128.0,2.78,0.63,us,9.87,6.402,0.047,130
-19.1644,-177.4381,571.812,4.3,28,89.0,4.047,1.25,us,15.96,10.942,0.133,17
53.276,-160.0052,10.0,3.8,78,171.0,1.577,1.14,us,6.53,1.978,0.253,4
48.4313,155.512,10.0,4.3,40,135.0,4.884,0.62,us,5.44,1.89,0.089,36
37.4258,21.5552,38.404,4.1,14,136.0,0.385,0.74,us,8.49,12.19,0.151,12
-5.9341,147.6485,92.875,4.6,63,47.0,3.482,0.74,us,7.6,7.686,0.066,69
50.2492,159.4324,10.0,4.5,61,121.0,2.821,0.58,us,9.44,1.858,0.052,108
4.5081,125.5362,146.401,4.2,29,83.0,0.23,0.91,us,10.92,4.359,0.11,23
27.9608,142.7311,10.0,4.4,31,156.0,0.989,0.61,us,7.2,1.52,0.131,17
51.4008,-174.942,35.0,3.7,41,215.0,0.848,1.02,us,5.34,2.012,0.115,19
52.2228,160.6468,23.418,4.3,17,177.0,1.458,1.02,us,12.89,7.875,0.217,8
48.8248,155.9886,10.0,4.5,28,138.0,4.423,0.8,us,12.93,1.91,0.122,20
43.1049,144.8522,78.177,4.3,49,134.0,1.66,0.42,us,4.12,7.633,0.098,29
52.2569,160.1579,21.714,5.1,111,97.0,1.197,0.79,us,7.75,4.715,0.026,501
-19.3779,-67.9592,190.074,4.3,41,70.0,1.2,0.7,us,7.23,7.06,0.1,28
14.8887,54.9835,10.0,4.8,53,98.0,10.07,0.81,us,7.33,1.896,0.085,43
-24.96,179.8016,520.296,4.5,67,132.0,7.362,0.88,us,13.56,7.696,0.074,54
33.8262,79.4981,10.0,4.3,47,124.0,6.24,0.94,us,10.96,1.928,0.103,27
2.3154,-101.5098,10.0,4.3,61,122.0,20.357,0.51,us,14.13,1.929,0.071,56
36.7861,25.7763,10.0,4.0,30,97.0,1.669,0.64,us,5.05,1.91,0.13,16
10.3876,122.3063,10.0,4.5,27,107.0,4.619,0.54,us,13.92,1.912,0.118,21
-56.9741,156.667,10.0,4.4,13,138.0,2.795,1.09,us,10.21,1.916,0.179,9
-31.6342,-69.3297,123.671,4.4,30,77.0,0.569,0.84,us,7.37,9.345,0.24,5
7.1301,127.4999,56.38,4.1,11,154.0,1.907,0.46,us,10.18,7.622,0.185,8
-15.8171,-176.8504,414.209,4.3,51,102.0,3.691,0.45,us,8.19,7.521,0.089,36
30.3115,140.8922,10.0,4.8,105,30.0,2.942,0.9,us,7.72,1.781,0.041,183
50.1777,157.445,27.139,4.7,13,132.0,2.939,1.04,us,13.43,6.102,0.13,18
49.8,158.9046,10.0,4.4,41,137.0,3.232,0.65,us,8.46,1.912,0.095,32
52.7075,160.8468,10.0,4.5,63,120.0,1.369,0.56,us,5.5,1.715,0.069,62
-17.6935,168.1372,28.476,4.4,14,188.0,2.407,0.78,us,9.67,6.77,0.179,9
52.8726,159.4911,65.869,4.3,60,116.0,0.531,0.62,us,6.65,6.154,0.078,46
52.6365,160.7446,10.0,4.9,120,116.0,1.329,0.92,us,9.45,1.88,0.052,115
49.0858,156.0926,30.416,4.6,56,167.0,4.153,0.61,us,11.93,7.022,0.07,63
-19.3666,-69.2951,10.0,4.1,12,166.0,0.782,0.91,us,6.64,1.95,0.185,8
51.5778,160.4079,10.0,4.2,32,135.0,1.806,0.51,us,10.08,1.92,0.118,20
1.7192,126.4493,48.937,4.8,55,90.0,3.146,0.62,us,7.78,7.773,0.054,108
54.4527,-160.1923,38.355,3.7,119,164.0,0.516,1.09,us,5.59,9.153,0.168,9
52.867,160.9443,10.0,4.4,21,147.0,1.977,0.89,us,9.75,1.948,0.162,11
-30.0116,-177.4892,35.0,4.4,17,243.0,9.722,1.05,us,16.03,2.003,0.155,12
34.6092,70.8142,10.0,4.1,13,213.0,1.389,0.67,us,7.08,1.982,0.145,13
-6.2751,129.0844,234.262,4.5,67,53.0,4.589,0.55,us,8.57,7.539,0.084,41
55.533,163.3714,10.0,4.0,22,120.0,3.739,0.82,us,10.9,1.873,0.111,25
15.3857,120.1378,64.159,4.9,163,73.0,7.446,0.73,us,9.97,6.392,0.045,155
-7.0774,155.8402,89.869,4.9,64,96.0,4.648,0.87,us,8.66,6.244,0.052,114
52.6834,160.9778,10.0,4.7,51,125.0,1.452,0.77,us,11.13,1.852,0.048,130
52.5603,161.0525,10.0,4.4,33,135.0,1.531,0.85,us,11.99,1.921,0.123,20
-8.135,-74.4482,156.869,4.4,60,107.0,1.773,0.82,us,8.04,7.37,0.07,62
-20.6685,-178.089,522.112,4.2,59,100.0,4.663,0.8,us,13.89,8.436,0.076,48
40.5173,142.8907,27.327,4.4,19,151.0,1.416,0.62,us,8.35,7.472,0.178,10
-3.5292,135.4626,10.0,3.9,19,97.0,1.216,0.9,us,5.68,1.9,0.194,7
39.5206,143.2839,28.385,4.2,15,163.0,2.121,0.82,us,7.41,7.756,0.235,5
2.6428,126.6652,50.466,4.3,18,98.0,1.986,0.97,us,7.91,9.121,0.238,7
52.953,160.9277,10.0,5.3,38,118.0,1.379,0.63,us,9.37,1.889,0.118,24
84.9908,97.9913,10.0,4.4,44,39.0,11.499,0.95,us,10.07,1.908,0.094,33
50.4992,156.6548,81.998,4.0,21,137.0,2.692,0.7,us,10.2,8.283,0.156,11
39.2176,28.0863,10.0,4.2,34,57.0,0.93,0.89,us,4.69,1.909,0.152,12
51.1468,159.5447,22.326,4.5,30,122.0,1.959,0.99,us,9.78,5.956,0.113,23
52.2338,160.3119,38.415,4.5,30,123.0,1.285,1.27,us,12.1,7.831,0.108,25
-55.6926,-26.2859,10.0,4.7,26,108.0,6.041,0.6,us,11.47,1.942,0.12,25
35.7896,21.752,32.234,4.6,74,61.0,1.393,0.94,us,7.57,5.658,0.067,67
12.9202,144.9144,46.114,4.2,18,102.0,2.452,0.4,us,12.74,9.707,0.166,10
51.5344,159.1375,35.0,4.2,34,143.0,1.521,0.4,us,9.81,1.958,0.121,19
33.6298,140.5591,57.142,4.5,62,114.0,0.808,0.74,us,7.34,5.828,0.081,45
-25.7683,-176.8847,77.33,4.3,21,132.0,3.599,0.46,us,13.0,9.22,0.133,17
-2.1059,139.3601,22.544,4.3,39,82.0,1.337,0.65,us,5.79,5.858,0.111,26
50.5285,156.9016,57.476,4.2,20,135.0,2.631,0.71,us,12.39,8.437,0.147,13
34.1585,80.2244,10.0,4.4,27,113.0,6.445,0.77,us,11.53,1.916,0.095,32
48.6128,157.2859,10.0,4.4,92,134.0,4.5,0.48,us,9.88,1.898,0.057,89
39.2365,28.1235,10.0,4.3,30,63.0,0.961,0.7,us,4.43,1.892,0.129,17
51.5809,160.1036,10.0,4.4,18,152.0,1.698,0.71,us,10.16,1.951,0.138,15
1.1183,97.0085,10.0,4.2,23,182.0,2.472,0.85,us,11.99,1.946,0.152,13
54.7831,160.2415,10.0,4.2,23,137.0,1.999,0.34,us,7.13,1.917,0.105,25
-6.0321,106.3069,169.249,4.2,17,159.0,1.949,0.86,us,9.02,8.86,0.176,10
50.4878,156.7733,86.299,4.3,52,101.0,2.686,0.68,us,11.46,7.134,0.081,43
53.1325,160.4716,35.0,4.0,14,144.0,1.104,0.46,us,10.71,1.986,0.182,8
60.5438,-140.1009,7.366,4.5,63,59.0,0.456,1.14,us,1.31,4.884,0.106,26
45.7316,153.756,10.0,4.1,33,138.0,7.708,0.77,us,10.64,1.882,0.12,21
46.4059,150.043,10.0,4.4,31,134.0,5.042,0.87,us,13.04,1.898,0.109,24
29.509,130.4384,35.0,4.2,28,131.0,1.994,0.6,us,8.96,1.946,0.124,18
52.1426,160.4155,10.0,4.6,33,120.0,1.392,1.07,us,5.88,1.849,0.099,30
-58.0205,-25.2757,35.0,4.5,13,132.0,16.51,1.15,us,14.5,1.946,0.15,13
-55.6133,-26.8773,10.0,5.0,38,67.0,5.697,0.66,us,11.36,1.895,0.098,33
13.4046,51.2208,10.0,4.2,14,180.0,8.388,1.03,us,8.47,1.963,0.237,5
61.9604,142.1841,10.0,4.2,26,69.0,4.841,0.87,us,9.98,1.946,0.132,16
13.8675,39.9046,10.0,4.3,40,96.0,3.693,0.81,us,9.57,1.921,0.1,28
51.5708,159.3325,30.8,4.5,38,127.0,1.514,0.73,us,10.49,6.316,0.097,31
11.8994,-61.2054,68.69,4.3,22,123.0,0.496,0.78,us,2.37,6.151,0.168,10
44.0317,146.4922,85.846,4.3,19,149.0,2.811,0.67,us,9.87,8.477,0.116,21
52.7306,160.6623,10.0,5.1,51,165.0,1.254,1.19,us,11.88,1.933,0.05,130
52.9672,161.0749,32.558,4.0,21,186.0,1.467,0.67,us,15.4,4.508,0.15,12
-5.5494,147.3749,197.913,5.0,111,30.0,3.483,0.94,us,6.42,4.518,0.039,220
54.4103,-163.2564,10.0,4.2,64,147.0,0.368,0.7,us,2.66,1.862,0.082,41
-0.5026,135.7253,10.0,4.6,32,80.0,1.843,0.43,us,4.36,1.875,0.105,27
-55.9421,-27.8538,106.301,5.1,57,69.0,5.227,1.16,us,10.7,5.996,0.071,64
12.5505,142.3023,146.104,4.7,62,64.0,2.705,0.86,us,10.15,8.434,0.059,87
14.3484,-93.1752,35.0,4.6,22,197.0,1.28,1.22,us,7.11,1.983,0.092,35
-9.053,124.8217,35.0,4.3,16,113.0,0.887,0.59,us,8.9,1.882,0.143,14
-31.7545,-178.5643,35.0,4.9,47,92.0,2.561,1.0,us,9.45,1.858,0.1,35
52.2578,159.4085,55.346,4.5,52,150.0,0.895,0.88,us,7.68,7.384,0.093,34
-11.1395,165.0828,10.0,4.4,15,254.0,4.753,0.58,us,12.82,1.941,0.19,11
39.6279,143.3411,20.53,5.3,74,98.0,2.094,0.8,us,7.45,3.723,0.074,62
52.2902,160.5002,10.0,4.9,34,67.0,1.345,0.62,us,6.96,1.854,0.122,21
-6.7507,131.2933,44.811,5.1,56,36.0,2.61,0.94,us,3.62,5.672,0.085,46
-18.6977,-177.9528,627.115,4.4,42,136.0,3.375,0.39,us,11.84,9.888,0.086,39
7.7792,126.2481,10.0,4.3,14,197.0,0.968,0.94,us,8.42,1.931,0.188,8
51.4172,161.0597,10.0,4.1,35,129.0,2.187,0.51,us,6.68,1.856,0.091,33
51.5301,160.3694,10.0,4.9,48,182.0,2.277,0.76,us,9.38,1.941,0.061,84
8.7329,-82.0964,10.0,4.3,18,212.0,1.251,0.72,us,9.36,2.009,0.168,10
-14.138,167.2447,196.569,4.4,31,161.0,1.302,0.92,us,14.67,7.759,0.106,27
-35.3341,-105.0972,10.0,4.7,40,79.0,27.622,0.68,us,13.67,1.899,0.056,98
52.0204,159.5786,71.934,4.4,25,138.0,1.154,0.88,us,10.1,7.042,0.12,20
49.9147,159.3534,10.0,4.7,50,136.0,3.144,0.69,us,9.8,1.884,0.042,173
50.9789,160.8626,10.0,4.4,24,132.0,2.462,0.74,us,7.09,1.898,0.123,19
41.1731,142.9607,43.493,4.5,96,125.0,0.854,0.59,us,6.57,7.276,0.06,82
54.6812,160.2454,10.0,4.3,38,131.0,1.911,0.59,us,11.7,1.902,0.078,46
52.441,160.4984,10.0,4.3,16,209.0,1.266,0.77,us,10.03,1.999,0.147,13
-15.7861,-174.2249,135.094,4.7,146,50.0,3.01,0.68,us,7.97,5.981,0.043,165
50.3543,157.0791,38.984,4.4,102,163.0,2.785,0.62,us,11.11,8.164,0.054,99
4.0476,127.8816,122.899,5.1,101,92.0,2.49,0.63,us,9.53,6.742,0.059,93
18.6262,120.5265,33.849,4.2,37,121.0,4.202,0.72,us,12.7,6.662,0.121,19
-3.3452,130.2644,10.0,4.9,65,23.0,2.026,0.88,us,6.34,1.824,0.056,100
-5.571,129.3156,287.436,4.1,20,100.0,1.195,0.35,us,13.08,8.952,0.13,16
50.4763,159.1169,10.0,5.2,51,133.0,2.567,0.79,us,9.13,1.873,0.12,23
30.7244,140.0531,10.0,4.7,85,99.0,2.392,0.97,us,8.81,1.836,0.066,69
6.8252,127.2307,10.0,4.3,23,107.0,1.658,0.84,us,8.25,1.931,0.142,19
50.9505,157.4312,72.557,4.3,36,128.0,2.167,0.77,us,9.87,6.784,0.099,29
41.0416,142.4748,51.926,4.2,19,155.0,1.098,0.6,us,6.22,6.272,0.2,7
-13.5367,167.5465,10.0,4.5,26,134.0,1.928,1.17,us,9.79,1.898,0.118,21
-65.6088,-176.4487,10.0,4.6,17,158.0,13.276,0.84,us,14.87,1.963,0.146,14
6.8682,140.4478,10.0,4.4,19,84.0,5.947,0.88,us,10.17,1.911,0.162,11
52.7677,160.8657,36.205,4.2,46,134.0,1.367,0.94,us,12.14,7.923,0.093,32
41.0241,142.1743,66.79,4.6,41,133.0,0.873,0.68,us,6.68,7.218,0.107,26
14.497,146.9481,10.0,4.4,18,101.0,1.337,1.01,us,7.13,1.909,0.179,11
52.4238,-169.5357,39.206,3.7,27,176.0,0.688,0.98,us,6.94,8.836,0.126,16
49.5484,155.9545,48.829,4.2,33,135.0,3.729,0.74,us,11.82,8.511,0.11,23
3.35,-84.1606,10.0,4.6,70,99.0,5.673,0.83,us,9.07,1.948,0.075,52
-57.9903,157.741,10.0,4.5,16,99.0,3.564,0.89,us,13.09,1.924,0.125,19
52.9578,161.2303,10.0,4.4,71,117.0,1.561,0.8,us,6.25,1.861,0.073,59
33.5309,81.8601,10.0,4.2,25,155.0,7.891,0.85,us,11.57,1.936,0.166,10
-1.0093,99.6812,57.856,4.2,35,137.0,3.116,1.05,us,9.21,7.675,0.11,24
45.7601,153.9428,10.0,4.2,13,138.0,7.75,0.79,us,7.59,1.947,0.263,4
50.2323,159.6843,10.0,4.3,40,135.0,2.868,0.68,us,7.86,1.715,0.098,29
-55.7026,-27.6201,88.876,4.7,19,124.0,5.3,0.68,us,12.83,7.29,0.12,21
-4.9005,150.9605,251.285,4.7,89,53.0,1.391,0.7,us,8.29,6.478,0.034,257
-25.0496,-68.7605,93.553,4.4,30,71.0,0.761,0.7,us,7.64,6.486,0.124,19
50.1175,157.3413,35.0,4.3,34,150.0,3.003,0.76,us,13.35,1.967,0.111,23
-59.0038,149.5291,10.0,4.2,12,118.0,6.865,0.57,us,11.0,1.967,0.166,10
-18.8773,-175.5661,197.862,4.6,48,87.0,5.339,0.64,us,13.84,7.527,0.085,41
21.5954,121.8629,10.0,4.4,60,91.0,1.416,0.57,us,7.2,1.904,0.08,53
49.3882,157.4174,10.0,4.3,22,168.0,3.722,0.74,us,12.61,1.897,0.142,14
-1.92,139.1436,25.027,4.7,37,83.0,1.17,0.5,us,7.3,5.61,0.106,27
50.3214,159.1062,10.0,4.3,33,134.0,2.721,0.31,us,7.03,1.912,0.116,21
42.3031,144.5453,37.615,4.6,123,134.0,1.072,0.56,us,8.55,7.318,0.055,99
-33.1967,-70.1194,104.314,4.2,38,79.0,0.208,0.56,us,5.46,3.631,0.136,15
21.9235,95.9869,10.0,4.8,38,75.0,1.226,0.44,us,8.07,1.898,0.105,28
16.5897,-93.93,132.014,4.6,70,118.0,0.753,0.74,us,5.92,5.95,0.039,198
52.0304,159.1178,85.696,4.4,21,191.0,1.035,1.29,us,13.09,8.975,0.149,13
49.7264,155.8592,65.055,4.6,51,132.0,3.577,0.71,us,11.78,8.734,0.089,38
-16.415,178.3725,10.0,4.6,16,66.0,0.96,0.45,us,5.24,1.794,0.173,11
51.7803,160.3074,10.0,4.5,91,129.0,1.607,0.61,us,9.97,1.906,0.057,90
37.133,136.4925,10.0,4.4,28,62.0,1.493,0.91,us,7.33,1.865,0.092,35
53.0152,161.7833,10.0,4.7,148,114.0,1.893,0.57,us,10.42,1.882,0.044,155
52.5224,-32.3083,10.0,4.2,40,97.0,11.223,0.69,us,11.01,1.924,0.099,28
3.0275,126.9067,10.0,4.2,23,125.0,2.213,0.46,us,6.82,1.91,0.132,16
12.939,143.9307,94.758,4.5,33,123.0,1.119,0.6,us,12.54,9.235,0.096,32
-11.5634,166.2988,115.859,4.3,32,145.0,3.959,0.61,us,9.39,8.35,0.113,22
-19.4176,-67.2761,227.844,4.1,14,95.0,2.371,0.73,us,10.93,21.769,0.262,4
-31.1823,-178.6234,10.0,4.4,14,251.0,6.851,0.35,us,12.68,1.995,0.149,13
51.6515,159.3701,10.0,4.9,119,115.0,1.443,0.8,us,6.21,1.847,0.039,206
-25.7952,-176.9375,101.106,4.8,37,100.0,9.263,0.89,us,12.33,8.958,0.107,27
51.7645,160.1686,10.0,4.1,11,230.0,1.567,0.79,us,12.69,1.977,0.234,5
-4.5677,102.7394,62.773,4.2,31,145.0,0.298,0.36,us,8.29,5.39,0.121,19
50.2924,158.1625,10.0,5.1,112,78.0,2.752,1.17,us,8.51,1.843,0.023,630
-8.9108,124.0705,106.559,4.4,19,134.0,0.861,0.71,us,7.32,7.173,0.134,16
50.103,157.6078,35.115,4.4,40,125.0,2.996,0.93,us,12.13,6.231,0.095,32
-29.3889,-179.0368,341.612,4.9,187,41.0,0.978,0.73,us,9.13,3.772,0.032,301
29.3501,129.3552,10.064,4.5,39,110.0,2.351,0.58,us,7.2,4.792,0.102,28
12.9374,122.8587,10.0,4.7,53,103.0,6.416,0.62,us,10.79,1.879,0.086,42
51.9869,161.6613,10.0,4.0,35,122.0,2.113,0.71,us,8.45,1.662,0.103,25
53.1272,161.2429,10.0,4.3,36,117.0,1.568,0.97,us,8.8,1.893,0.129,17
29.3916,104.0487,10.0,4.7,102,64.0,4.813,0.66,us,7.82,1.867,0.057,92
52.6499,-34.8396,10.0,4.9,65,40.0,12.504,0.73,us,10.63,1.858,0.062,83
10.8431,123.8854,10.0,4.3,24,161.0,4.106,0.48,us,15.06,1.928,0.129,17
37.6711,144.2268,10.0,4.3,24,144.0,3.965,0.93,us,12.26,1.94,0.142,14
51.0604,159.7403,10.0,4.3,36,156.0,2.078,0.78,us,9.32,1.937,0.107,25
-5.9523,122.5618,10.0,4.4,22,113.0,1.05,0.49,us,3.69,1.918,0.127,18
12.0871,143.284,35.0,4.2,21,148.0,2.149,0.79,us,12.19,1.964,0.131,16
14.6594,-94.3057,10.0,4.1,21,203.0,2.06,0.75,us,5.47,1.966,0.175,9
7.371,126.8364,42.3,4.3,29,145.0,1.283,0.91,us,5.98,6.459,0.133,20
49.906,159.5267,10.0,4.3,93,117.0,3.17,0.59,us,9.25,1.9,0.062,75
38.3902,119.3497,10.0,4.5,38,111.0,2.956,0.69,us,6.47,1.875,0.089,37
38.3636,142.4686,28.542,4.1,18,180.0,2.654,0.54,us,9.06,8.002,0.198,7
52.474,160.6684,26.903,4.3,15,121.0,1.344,0.51,us,9.65,6.399,0.177,9
21.2716,99.6496,12.1,4.4,49,87.0,0.057,0.46,us,6.86,3.725,0.093,37
49.846,156.0705,64.658,4.5,65,132.0,3.422,0.7,us,7.7,7.244,0.052,110
41.0788,142.8297,42.891,4.1,17,153.0,0.967,0.54,us,7.46,9.248,0.174,9
-23.2881,-179.5441,510.492,4.3,19,113.0,5.957,0.76,us,15.91,15.151,0.113,23
17.2184,-101.3678,10.0,4.2,37,210.0,1.512,1.0,us,6.42,1.631,0.093,33
-4.5374,153.2974,11.332,4.4,32,102.0,1.182,0.65,us,6.47,4.632,0.112,23
12.5946,144.281,35.0,4.5,21,165.0,1.142,0.84,us,11.87,1.983,0.15,13
41.0014,143.0109,47.677,4.3,27,189.0,1.019,0.55,us,8.58,10.04,0.125,18
27.037,111.492,10.0,4.6,24,192.0,3.674,0.65,us,7.83,1.964,0.158,13
-57.2322,-25.4016,35.0,4.3,17,194.0,17.256,0.54,us,8.33,1.956,0.168,10
-25.3585,179.5477,537.754,4.1,20,128.0,11.396,0.36,us,14.52,8.65,0.131,16
-10.7886,162.3617,108.137,4.6,24,113.0,2.729,1.05,us,10.76,7.528,0.132,17
39.7192,142.2656,56.172,4.4,53,134.0,1.41,0.8,us,7.11,5.95,0.095,33
-4.4978,154.2852,10.0,4.7,47,94.0,2.137,0.81,us,9.51,1.876,0.09,37
1.9802,126.5247,54.48,4.3,40,64.0,2.927,0.96,us,3.26,7.55,0.108,24
51.5235,160.6818,10.0,4.3,55,129.0,2.423,0.8,us,9.38,1.909,0.081,43
-16.8883,-174.2038,84.077,4.9,29,129.0,6.172,1.15,us,15.99,6.616,0.08,50
-18.2615,-177.3269,634.188,4.5,31,179.0,3.619,0.62,us,23.03,17.843,0.108,25
16.3431,145.9123,556.218,3.7,21,156.0,1.102,0.31,us,40.82,29.242,0.11,21
42.3068,144.1851,49.069,4.2,45,130.0,0.818,0.78,us,8.21,8.446,0.087,37
-56.9272,-26.5621,96.912,4.4,27,127.0,6.217,0.38,us,9.47,8.263,0.127,18
52.6231,160.6758,10.0,4.3,37,120.0,1.293,1.03,us,9.2,1.904,0.103,27
7.033,126.8861,59.313,4.7,97,81.0,1.298,1.1,us,8.1,7.122,0.048,135
50.5767,158.9402,10.0,4.8,26,132.0,2.457,1.14,us,10.77,1.903,0.143,15
-22.2645,-68.5286,114.878,4.1,23,47.0,0.757,0.7,us,4.01,6.09,0.151,12
-16.0544,-71.3476,157.298,4.2,12,264.0,2.351,0.62,us,10.89,12.465,0.159,11
53.0776,161.041,10.0,4.5,45,165.0,1.444,0.76,us,9.9,1.921,0.077,50
-24.5984,-175.9865,35.0,5.0,36,127.0,4.955,0.74,us,10.55,1.868,0.054,115
-20.4628,-178.2959,561.719,4.8,77,42.0,4.385,0.7,us,12.06,6.464,0.055,104
51.5761,-168.5438,10.0,3.8,55,185.0,1.411,0.42,us,6.51,1.929,0.089,33
