latitude,longitude,depth,mag,nst,gap,dmin,rms,net,horizontalError,depthError,magError,magNst
49.908,156.3518,41.138,4.7,53,134.0,3.313,0.57,us,11.49,8.534,0.066,70
52.7231,160.6649,10.0,4.7,112,118.0,1.258,0.89,us,8.22,1.874,0.051,115
50.172,158.1827,10.0,4.3,27,138.0,2.87,0.45,us,8.42,1.82,0.142,14
43.0205,150.1351,10.0,4.4,21,136.0,5.254,0.67,us,11.28,1.583,0.155,12
-26.6899,-176.2602,35.0,4.6,17,176.0,33.693,0.49,us,15.65,1.97,0.129,18
29.0344,138.6988,492.848,4.7,213,47.0,3.635,0.6,us,9.39,6.006,0.03,348
-6.7017,129.8172,160.711,4.7,55,31.0,2.167,0.8,us,8.37,7.13,0.079,49
52.2901,160.6074,10.0,4.3,27,123.0,1.4,1.35,us,8.08,1.8,0.101,28
-20.7601,-71.9799,10.0,4.5,36,139.0,1.71,0.77,us,6.79,1.904,0.171,10
-12.1351,167.293,288.191,4.8,57,104.0,3.293,0.65,us,11.36,7.871,0.043,170
1.6522,127.2482,113.578,5.1,73,57.0,4.725,0.86,us,8.11,5.697,0.05,128
60.5438,-140.1009,7.366,4.5,63,59.0,0.456,1.14,us,1.31,4.884,0.106,26
51.7295,159.3804,35.0,4.3,27,124.0,1.371,1.08,us,8.89,1.292,0.133,16
51.7765,160.3005,10.0,4.5,28,110.0,1.607,0.93,us,8.28,1.854,0.131,18
-47.808,116.0727,10.0,4.4,22,141.0,14.89,0.63,us,9.06,1.89,0.12,20
54.1583,-161.3362,35.0,3.3,18,205.0,1.222,0.78,us,5.36,1.982,0.183,7
35.5223,139.9827,106.374,4.5,52,136.0,1.761,0.61,us,7.57,7.065,0.076,51
-8.8757,-75.7111,122.573,4.6,52,119.0,3.286,0.54,us,9.77,7.847,0.055,98
-5.8611,110.8421,516.001,4.1,25,55.0,1.246,0.66,us,8.87,8.488,0.14,14
4.1839,96.1333,85.71,4.2,28,138.0,1.317,0.51,us,9.37,6.902,0.124,18
51.7872,159.3719,35.0,4.2,34,125.0,1.315,0.54,us,8.89,1.944,0.108,24
52.6228,-31.4662,10.0,4.2,25,145.0,11.437,0.95,us,7.76,1.948,0.115,21
7.3415,127.3826,10.0,4.5,20,135.0,1.81,0.91,us,9.35,1.878,0.128,18
51.5499,159.5243,10.0,4.8,68,127.0,1.57,1.28,us,8.32,1.874,0.053,108
30.3408,69.9587,10.0,4.6,41,96.0,4.22,1.2,us,8.58,1.776,0.099,30
7.3616,127.4039,10.0,4.3,50,64.0,3.238,0.93,us,7.53,2.432,0.082,42
-3.4265,129.2662,10.0,4.7,70,77.0,1.261,0.93,us,3.83,1.777,0.074,61
-18.8887,-69.122,127.099,4.2,28,79.0,0.661,0.85,us,4.87,4.205,0.128,17
-5.7642,68.3192,10.0,4.4,21,65.0,4.42,0.51,us,10.57,1.789,0.138,15
50.2465,159.1692,10.0,4.3,19,231.0,2.8,0.62,us,7.69,1.965,0.218,7
52.1154,160.5132,21.747,4.5,36,118.0,1.456,0.76,us,10.68,6.15,0.092,35
52.6046,161.1152,10.0,4.2,49,147.0,1.554,0.76,us,9.34,1.935,0.091,34
17.5228,145.6669,223.677,4.2,38,145.0,2.272,0.68,us,8.12,10.733,0.103,27
-57.6684,157.6305,10.0,4.4,24,137.0,3.262,0.73,us,13.26,1.923,0.134,17
52.406,161.0786,18.497,4.2,14,172.0,1.602,0.41,us,15.24,7.619,0.2,7
51.3021,158.7695,50.95,4.2,18,167.0,1.726,0.39,us,12.56,9.128,0.146,14
34.5525,70.6837,10.0,5.2,165,20.0,1.279,0.97,us,3.97,2.766,0.035,264
51.8762,160.9509,10.0,4.5,71,126.0,1.817,0.54,us,9.37,1.898,0.062,78
-14.9848,167.6284,121.432,4.2,12,262.0,0.616,0.79,us,15.82,6.986,0.199,7
3.0099,-31.2949,10.0,4.6,62,53.0,9.91,0.57,us,11.1,1.864,0.075,54
56.2164,164.7038,10.0,4.5,18,89.0,4.754,0.61,us,9.26,1.925,0.116,22
13.1253,144.6479,64.001,4.8,43,123.0,0.509,0.3,us,11.25,6.153,0.054,105
-6.7124,155.2234,46.005,4.3,46,87.0,3.943,1.06,us,11.28,6.159,0.09,40
29.2677,129.4653,10.0,4.9,60,57.0,2.391,0.85,us,6.53,1.306,0.041,192
50.84,156.4149,123.572,4.1,18,137.0,2.406,0.58,us,12.4,6.058,0.144,13
52.6568,-174.3246,236.892,3.8,50,74.0,0.271,0.37,us,10.4,6.601,0.136,14
8.9324,39.9242,10.0,4.5,45,91.0,1.23,0.64,us,7.65,1.921,0.093,34
52.4099,160.3388,20.568,5.0,97,113.0,1.197,1.11,us,8.53,5.216,0.049,134
53.4919,-165.3258,23.065,4.2,49,158.0,0.658,0.81,us,3.8,6.971,0.077,47
52.8036,159.2221,71.828,4.6,124,100.0,0.41,0.75,us,8.61,4.531,0.046,139
-4.0329,142.9994,79.643,4.6,47,76.0,2.744,0.65,us,6.88,7.707,0.086,41
5.2202,125.7988,106.609,4.3,14,165.0,0.58,0.83,us,11.71,8.559,0.188,9
39.7195,143.2649,36.166,4.7,79,130.0,1.994,0.66,us,7.29,7.009,0.062,80
50.0176,159.243,10.0,4.3,67,136.0,3.033,0.63,us,9.84,1.924,0.074,52
52.1385,159.527,52.868,4.4,44,132.0,1.035,0.75,us,10.49,7.51,0.092,34
42.2593,144.5193,37.375,4.1,36,86.0,1.042,0.63,us,8.23,8.142,0.114,21
51.1442,159.5663,10.0,4.6,76,123.0,1.965,0.96,us,8.74,1.897,0.068,65
3.2829,-31.4821,10.0,4.6,36,99.0,10.068,0.47,us,6.63,1.886,0.103,28
36.5008,70.2911,211.153,4.1,31,147.0,2.195,0.97,us,9.29,10.75,0.165,10
-20.3027,-177.7037,508.462,4.4,35,96.0,4.711,0.55,us,13.01,9.064,0.095,32
-34.539,-73.9152,19.85,4.1,29,192.0,2.102,0.71,us,8.01,6.711,0.233,5
52.4249,152.3759,540.388,4.1,27,119.0,3.305,0.7,us,13.36,9.578,0.114,21
-21.0164,-176.9619,330.208,4.2,13,105.0,5.697,0.85,us,12.85,8.05,0.175,9
49.6544,158.047,24.486,4.4,33,135.0,3.395,1.08,us,8.66,5.577,0.117,21
12.2494,143.6067,35.0,4.4,22,85.0,1.813,0.48,us,11.06,1.954,0.154,12
37.9638,141.7045,61.83,4.4,76,124.0,2.865,0.67,us,8.29,6.024,0.066,66
3.0339,128.068,73.673,4.0,24,84.0,2.354,0.69,us,8.54,10.608,0.164,10
52.6756,160.7157,10.0,4.5,118,121.0,1.3,0.58,us,7.86,1.876,0.041,173
50.4963,159.5782,10.0,4.2,30,136.0,2.596,0.6,us,11.61,1.93,0.118,20
39.5869,143.2433,37.562,4.4,35,155.0,2.056,0.41,us,9.07,8.406,0.121,20
52.7895,159.8438,47.571,4.4,87,149.0,0.76,0.97,us,10.6,8.337,0.056,90
-65.6088,-176.4487,10.0,4.6,17,158.0,13.276,0.84,us,14.87,1.963,0.146,14
1.4953,127.242,123.663,4.3,60,79.0,0.729,0.69,us,6.94,6.9,0.077,48
7.8181,127.0853,25.599,4.4,23,115.0,1.669,0.46,us,10.18,4.973,0.13,17
29.3138,129.4862,10.0,4.2,22,116.0,2.342,0.83,us,7.54,1.909,0.152,12
1.2814,126.4633,49.04,4.7,33,90.0,1.035,0.7,us,5.37,7.636,0.117,22
50.2942,157.6672,35.0,4.4,31,136.0,2.801,0.78,us,11.19,1.939,0.126,18
-31.6474,-177.8278,10.0,4.7,19,238.0,6.705,1.29,us,14.68,1.98,0.142,16
39.4265,21.7743,10.0,4.5,85,46.0,0.595,0.69,us,3.87,1.881,0.068,64
-57.9045,157.8263,33.218,5.4,87,44.0,3.471,0.36,us,10.95,3.749,0.072,65
20.0387,121.4161,45.644,4.4,79,85.0,2.783,0.69,us,8.83,7.022,0.068,62
34.9228,104.6734,10.0,4.6,45,48.0,1.304,0.66,us,7.56,1.877,0.086,40
50.1614,158.9455,10.0,4.4,39,134.0,2.872,0.79,us,9.87,1.905,0.098,30
28.605,84.1716,10.0,4.3,32,160.0,16.043,1.18,us,12.05,1.661,0.104,26
-29.2135,-13.6651,10.0,4.9,56,70.0,7.914,0.76,us,10.55,1.872,0.076,54
-19.1257,-174.6439,88.347,4.6,32,89.0,4.46,0.65,us,12.61,9.068,0.095,33
16.5778,-59.56,10.0,4.8,79,130.0,1.46,0.88,us,7.43,1.899,0.078,51
44.7743,148.4408,78.22,4.2,69,135.0,4.238,0.55,us,9.16,6.66,0.071,58
27.8628,131.2057,10.0,4.7,30,125.0,2.035,0.85,us,7.24,1.887,0.13,18
-19.3638,-69.1928,10.0,4.5,43,113.0,0.774,0.69,us,4.85,1.894,0.093,34
52.5071,160.7335,35.25,4.2,29,121.0,1.368,1.12,us,5.49,8.01,0.115,21
-37.7097,176.1683,286.641,4.4,73,48.0,0.529,1.03,us,7.0,5.576,0.079,57
37.6763,141.7939,61.973,4.3,15,161.0,3.081,0.36,us,8.64,10.481,0.237,5
-3.0486,127.255,61.988,4.6,42,31.0,4.552,0.87,us,7.12,7.236,0.085,42
7.6895,126.9736,35.0,4.9,56,46.0,1.514,1.02,us,7.27,1.874,0.071,62
52.129,161.5997,10.0,4.1,19,125.0,2.011,0.36,us,10.75,1.922,0.135,15
27.3882,129.3926,23.212,4.6,64,86.0,1.14,0.9,us,6.0,5.154,0.077,50
-6.543,129.9535,145.145,4.4,23,81.0,2.008,0.9,us,9.65,4.674,0.138,15
-2.0333,138.9557,35.0,4.9,31,73.0,0.957,0.59,us,4.68,1.889,0.104,29
53.2864,168.4951,10.0,4.5,71,166.0,3.431,0.6,us,11.19,1.928,0.056,93
50.6143,159.0116,10.0,4.1,35,167.0,2.423,0.86,us,9.0,1.932,0.109,23
49.8346,156.5585,35.0,4.5,53,133.0,3.355,0.74,us,7.86,1.663,0.064,72
-16.3458,-74.3318,37.824,4.0,10,143.0,4.309,0.61,us,15.27,8.126,0.211,6
-6.1815,152.1657,10.0,4.5,25,115.0,1.868,0.81,us,7.45,1.924,0.116,22
54.2648,-159.9258,30.528,3.8,69,157.0,0.6,0.61,us,6.06,6.912,0.14,14
84.7431,5.4117,10.0,4.1,18,103.0,4.063,1.31,us,8.21,1.955,0.151,12
35.5794,58.4298,10.0,4.2,39,174.0,8.613,0.57,us,8.34,1.935,0.085,39
51.4017,159.6648,19.591,5.0,67,121.0,1.74,0.83,us,9.66,5.108,0.076,56
52.3665,160.578,35.0,4.3,15,136.0,1.902,0.54,us,9.92,1.933,0.187,8
51.7049,-173.5296,55.873,3.8,29,183.0,1.615,0.62,us,3.67,11.622,0.147,12
-9.1674,-75.1848,109.6,4.2,17,115.0,3.242,0.48,us,8.72,8.942,0.175,9
20.9127,121.0522,26.785,5.1,131,77.0,1.896,0.62,us,8.65,5.363,0.052,121
51.5041,159.3391,38.295,4.5,34,133.0,1.58,1.04,us,11.52,7.919,0.109,25
51.1022,160.8218,10.0,4.2,37,135.0,2.345,0.83,us,11.49,1.909,0.105,25
53.0537,159.6058,72.24,4.7,185,118.0,0.578,0.6,us,9.06,5.71,0.035,250
34.4855,139.4665,10.0,4.4,25,130.0,1.397,0.72,us,4.43,1.899,0.162,11
23.4757,94.7072,102.184,4.4,60,67.0,2.267,0.62,us,10.08,7.216,0.077,49
-17.6985,-175.1059,226.129,4.2,20,88.0,4.943,0.4,us,10.29,13.794,0.128,17
54.5463,-159.9467,28.692,3.8,62,166.0,0.353,0.76,us,5.59,3.722,0.179,8
51.7576,160.5245,10.0,4.4,22,192.0,1.711,1.06,us,8.19,1.968,0.134,16
52.0868,160.4013,10.0,4.3,19,229.0,1.422,0.36,us,14.75,1.992,0.154,12
13.9177,144.7678,186.101,4.3,26,118.0,0.341,0.49,us,11.71,4.611,0.116,21
52.9957,160.9178,31.774,4.5,25,137.0,1.371,0.76,us,9.13,5.242,0.156,12
51.7733,159.4237,10.0,5.2,84,56.0,1.339,1.14,us,7.88,1.802,0.023,629
58.8008,-31.4532,10.0,4.9,74,85.0,7.649,0.8,us,10.4,1.844,0.053,112
-6.7731,129.4486,165.352,4.6,67,46.0,2.281,0.8,us,9.44,6.158,0.075,53
-6.0409,154.6935,156.736,4.2,22,126.0,3.119,0.54,us,7.52,7.912,0.128,17
12.9664,145.5158,10.0,4.5,39,149.0,0.884,0.84,us,8.18,1.906,0.104,27
27.9608,142.7311,10.0,4.4,31,156.0,0.989,0.61,us,7.2,1.52,0.131,17
-17.5462,-178.9401,541.874,4.4,47,108.0,1.935,0.62,us,13.41,8.184,0.083,42
-4.0111,142.9279,68.88,4.8,55,76.0,2.673,1.09,us,8.17,7.783,0.071,62
9.6582,126.1559,17.182,4.5,18,111.0,2.634,0.62,us,12.76,4.874,0.163,11
31.2753,131.465,52.787,4.3,19,233.0,0.897,0.72,us,9.07,11.117,0.142,14
16.4189,-62.0859,172.223,4.3,50,75.0,0.53,0.49,us,6.37,5.49,0.084,42
52.9636,161.0608,10.0,4.2,38,113.0,1.458,0.89,us,10.43,1.922,0.096,30
-32.6819,-71.8419,27.573,4.1,27,181.0,0.972,1.0,us,3.68,7.513,0.262,4
33.2906,132.2414,50.631,4.5,62,81.0,1.435,0.65,us,5.48,7.525,0.067,67
-25.1872,-179.0818,391.864,4.4,42,123.0,10.436,1.04,us,14.97,8.453,0.088,37
52.5274,157.9077,10.0,4.8,35,121.0,0.595,0.47,us,3.5,1.893,0.175,10
27.4102,129.0743,38.417,4.2,25,95.0,0.915,1.19,us,6.83,6.757,0.132,16
-5.9694,149.5578,72.673,5.0,121,55.0,2.954,0.7,us,3.64,5.953,0.04,194
31.8711,142.0682,10.0,4.3,22,148.0,2.273,0.44,us,4.6,1.916,0.169,10
-19.3445,169.4247,255.669,4.7,136,85.0,3.74,0.66,us,8.78,7.175,0.047,144
-58.9567,-26.0934,102.946,4.5,14,96.0,15.856,0.25,us,14.74,6.209,0.156,12
50.6173,158.4041,32.753,4.2,31,137.0,2.414,0.67,us,12.27,6.394,0.096,30
54.4422,-159.7016,10.0,3.9,93,164.0,0.395,1.27,us,4.29,1.867,0.182,8
13.6053,-89.9185,73.771,4.4,37,167.0,0.324,0.94,us,6.55,5.271,0.051,113
42.9684,18.6709,10.0,4.4,47,37.0,0.692,0.79,us,4.11,1.932,0.13,17
-57.2322,-25.4016,35.0,4.3,17,194.0,17.256,0.54,us,8.33,1.956,0.168,10
-20.8957,-68.9598,103.122,4.2,31,51.0,0.514,0.85,us,5.2,6.378,0.132,16
50.7604,159.9497,10.0,4.2,59,133.0,2.405,0.6,us,9.2,1.902,0.076,48
52.2502,160.619,35.0,4.3,18,199.0,1.428,0.61,us,11.3,1.996,0.148,13
13.0045,145.5948,10.0,4.7,66,98.0,0.915,0.64,us,6.03,1.807,0.076,53
54.6742,160.0174,10.0,4.3,24,133.0,1.842,0.95,us,13.69,1.909,0.088,37
-15.5576,-172.8108,10.0,4.7,49,72.0,1.918,0.78,us,10.1,1.87,0.08,47
-0.3169,125.646,76.161,5.0,64,71.0,5.019,0.66,us,3.32,7.459,0.081,48
27.1297,140.146,501.928,4.1,68,87.0,1.817,0.98,us,12.32,9.288,0.059,79
13.9342,92.3481,10.0,4.2,14,214.0,6.585,0.53,us,8.19,1.963,0.215,6
43.9036,147.5989,59.817,4.1,21,190.0,3.618,0.78,us,6.47,10.772,0.145,13
0.8882,-29.6473,10.0,4.5,16,98.0,9.137,0.87,us,12.55,1.919,0.15,13
50.39,156.228,74.459,4.1,38,138.0,2.872,0.51,us,6.36,7.974,0.099,28
52.48,160.2774,35.0,4.4,57,163.0,1.129,0.94,us,10.11,1.864,0.07,59
53.1025,159.9097,65.865,4.8,59,126.0,1.324,0.87,us,10.51,7.069,0.047,142
-17.9336,-178.4451,502.955,4.2,48,130.0,2.541,0.77,us,11.95,7.037,0.051,107
51.7412,159.1298,50.729,4.3,88,138.0,1.317,0.6,us,8.25,7.007,0.061,76
52.8858,160.9343,35.0,4.2,19,155.0,1.389,0.81,us,7.96,1.99,0.136,15
51.4447,160.8939,10.0,4.5,40,129.0,2.098,0.72,us,9.04,1.91,0.081,44
42.6048,141.9887,123.578,4.5,142,69.0,1.048,0.49,us,6.38,5.656,0.051,111
52.3527,160.7563,10.0,5.2,110,105.0,1.447,1.06,us,7.41,1.82,0.029,384
6.4428,126.0354,135.093,4.5,53,112.0,0.77,0.65,us,9.27,6.883,0.078,48
54.7937,164.1397,10.0,4.5,81,102.0,4.163,0.77,us,6.23,1.791,0.057,91
52.4346,161.8002,10.0,4.4,27,126.0,2.004,0.91,us,9.15,1.914,0.117,21
-20.9301,-67.4047,187.696,4.6,45,51.0,1.817,1.13,us,7.1,7.433,0.093,35
-4.6573,153.5717,108.393,4.6,58,102.0,1.478,0.76,us,6.99,4.56,0.062,78
-14.9984,-176.4803,10.0,4.5,20,93.0,4.257,1.23,us,12.89,1.924,0.171,10
42.971,18.711,10.0,4.1,36,72.0,0.676,0.3,us,5.46,1.971,0.368,2
50.1538,157.9433,10.0,5.2,122,125.0,2.907,0.72,us,8.3,1.878,0.055,111
49.7391,157.562,10.0,4.5,88,134.0,3.359,0.72,us,9.91,1.881,0.055,96
-6.3252,130.4119,112.551,4.4,21,83.0,3.847,0.39,us,13.33,10.442,0.139,15
52.8793,160.1896,35.0,4.2,26,103.0,0.943,0.69,us,10.1,1.93,0.115,21
41.8774,87.9952,10.0,4.5,50,112.0,6.012,1.01,us,11.25,1.909,0.095,32
1.3561,126.9119,62.513,4.2,22,120.0,0.737,0.42,us,5.57,10.781,0.16,11
51.7562,158.1845,72.653,4.9,87,121.0,1.301,0.77,us,8.7,5.986,0.028,388
50.173,159.0513,10.0,5.2,122,129.0,2.865,0.97,us,6.54,1.796,0.049,141
6.9544,-73.1265,147.834,4.2,30,115.0,2.409,0.67,us,7.86,11.659,0.12,19
51.4208,159.4621,34.596,4.5,26,180.0,1.681,0.78,us,12.43,6.786,0.127,19
52.8386,160.7325,35.0,4.2,27,183.0,1.274,0.97,us,7.09,1.99,0.118,20
51.564,159.3669,10.0,4.6,66,132.0,1.527,0.74,us,10.36,1.898,0.066,69
55.2758,109.8148,10.0,4.1,19,86.0,4.614,0.56,us,10.55,1.948,0.157,12
51.6197,160.3343,10.0,4.8,64,128.0,1.745,1.29,us,8.87,1.898,0.067,73
15.2311,146.0652,62.592,4.5,31,95.0,0.264,0.53,us,9.09,5.682,0.113,23
51.8928,160.4765,10.0,4.4,45,165.0,1.591,0.84,us,8.9,1.936,0.092,34
39.3494,71.7208,10.0,4.2,16,131.0,0.142,1.41,us,3.56,1.924,0.187,8
52.0033,160.6563,10.0,4.1,23,125.0,1.596,1.16,us,5.49,1.88,0.119,19
51.9924,159.7692,35.0,4.5,34,146.0,1.239,0.8,us,9.46,1.888,0.108,25
29.1776,129.4011,10.0,4.5,66,56.0,2.495,0.51,us,6.84,1.895,0.08,46
52.9275,160.2956,43.666,4.1,21,166.0,1.0,0.67,us,14.01,11.329,0.131,17
13.2631,-90.9953,10.0,4.1,36,200.0,1.342,1.15,us,4.54,1.967,0.117,20
51.6512,159.7281,35.0,4.1,25,122.0,1.525,1.11,us,6.49,1.8,0.151,14
51.1923,159.1619,6.043,5.0,149,134.0,1.861,0.55,us,10.64,4.932,0.048,139
48.8986,156.1015,10.0,4.7,117,136.0,4.334,0.76,us,7.39,1.887,0.055,99
34.6529,25.7842,10.0,4.2,44,186.0,1.439,0.62,us,6.13,1.881,0.101,27
0.5855,121.6312,107.187,4.5,68,46.0,0.997,0.83,us,3.27,6.352,0.075,52
49.9151,155.9576,64.163,4.3,29,135.0,3.378,0.73,us,10.94,8.37,0.113,22
25.5376,95.3851,121.537,4.3,35,112.0,4.333,0.68,us,7.59,7.434,0.108,26
29.3572,129.4546,9.968,4.7,93,112.0,2.312,0.48,us,7.04,4.066,0.062,78
51.2688,159.7006,10.0,4.1,24,129.0,1.873,1.09,us,8.47,1.907,0.158,14
18.8324,39.0784,10.0,4.1,26,202.0,6.626,0.86,us,15.95,2.004,0.12,19
-8.5607,-79.5675,41.559,4.8,64,139.0,4.334,1.0,us,11.12,8.117,0.043,166
39.4657,143.38,10.0,4.9,57,126.0,2.213,0.83,us,7.4,1.882,0.05,128
9.6343,126.5531,12.436,4.5,13,89.0,2.724,0.29,us,10.62,4.259,0.18,11
-0.2104,130.6163,10.0,4.9,48,47.0,0.913,0.95,us,6.35,1.887,0.074,57
40.292,141.8692,35.0,4.4,25,147.0,0.789,1.13,us,5.85,1.899,0.138,15
-6.1833,142.3374,10.0,5.2,54,60.0,2.906,0.75,us,5.54,1.64,0.061,89
50.1947,159.0612,10.0,5.1,116,79.0,2.844,0.7,us,7.53,1.799,0.025,533
39.4037,143.6854,10.0,4.0,23,134.0,2.44,0.66,us,7.08,1.902,0.173,9
-3.0811,101.266,61.92,5.1,111,107.0,2.111,0.8,us,8.61,5.702,0.055,107
-7.987,130.1395,10.0,4.6,36,96.0,3.45,0.83,us,8.8,0.625,0.1,30
-60.2284,-61.8747,10.0,4.5,19,124.0,4.673,0.78,us,8.33,1.947,0.145,14
65.9425,-37.3012,10.0,4.4,114,91.0,5.44,0.64,us,13.73,1.957,0.051,108
52.2228,160.6468,23.418,4.3,17,177.0,1.458,1.02,us,12.89,7.875,0.217,8
-3.3888,143.6484,10.0,4.6,17,75.0,3.067,0.37,us,10.67,1.899,0.137,16
-57.6584,157.6936,10.0,4.3,19,142.0,3.244,0.81,us,13.45,1.941,0.168,10
-3.7521,146.4766,10.0,4.4,19,165.0,19.807,0.91,us,17.81,1.963,0.143,15
-5.4881,152.1374,55.555,4.5,35,152.0,1.179,0.77,us,10.09,7.165,0.106,26
2.4651,126.7563,48.141,4.5,38,104.0,2.588,0.88,us,10.74,7.63,0.107,26
52.2423,160.7205,30.895,4.2,15,142.0,1.485,0.95,us,12.14,6.915,0.147,14
28.2462,51.7119,10.0,4.2,31,137.0,5.194,0.66,us,5.07,1.941,0.101,27
52.9554,160.8155,36.066,4.4,56,146.0,1.311,0.95,us,8.93,8.239,0.081,46
2.1265,126.699,50.669,4.7,149,42.0,1.502,0.64,us,3.69,6.55,0.046,143
51.1203,158.2101,46.91,4.9,40,122.0,1.925,0.89,us,9.98,7.196,0.055,104
51.6723,160.6441,10.0,4.4,25,128.0,1.824,0.92,us,9.7,1.93,0.134,16
-7.8188,154.4747,10.0,4.0,17,174.0,4.274,0.83,us,13.7,1.961,0.144,13
2.9167,66.1387,10.0,4.4,33,201.0,7.263,0.98,us,12.74,1.968,0.12,20
18.8533,120.5426,10.0,4.7,108,73.0,3.976,0.48,us,10.1,1.882,0.058,90
36.4648,141.2847,35.0,4.5,24,138.0,2.479,0.97,us,4.79,1.939,0.156,12
10.5421,40.4906,10.0,4.2,20,125.0,2.422,0.42,us,9.71,1.895,0.153,12
-21.9912,-68.7137,117.67,4.3,27,64.0,0.527,0.93,us,5.51,4.761,0.16,11
51.4261,159.6962,10.0,5.0,66,121.0,1.724,0.88,us,8.22,1.869,0.049,135
52.6271,160.8772,10.0,4.1,26,137.0,1.409,0.75,us,11.35,1.919,0.14,15
52.7965,160.796,40.813,4.2,21,118.0,1.319,0.82,us,4.84,7.718,0.158,14
-5.9835,151.5836,10.0,4.4,28,125.0,1.872,0.92,us,11.75,1.891,0.106,26
50.766,159.0552,10.0,4.6,27,224.0,2.275,0.89,us,11.41,1.983,0.129,18
-19.2153,-69.0791,121.532,4.4,64,92.0,0.464,0.92,us,6.32,4.237,0.07,60
34.9162,32.494,10.0,4.0,27,108.0,0.689,1.0,us,6.06,1.959,0.119,19
-16.1285,-172.9926,10.0,3.9,13,74.0,2.498,0.87,us,4.72,1.942,0.296,3
52.3932,160.5513,28.933,4.4,39,122.0,1.318,0.77,us,9.49,5.88,0.109,24
52.3884,160.6799,10.0,4.2,37,121.0,1.389,0.72,us,9.67,1.908,0.101,27
39.6749,143.5114,10.0,4.5,96,132.0,2.179,0.57,us,8.6,1.893,0.061,79
52.2925,160.7737,32.138,4.6,28,134.0,1.486,1.09,us,12.52,6.786,0.116,22
-6.5675,107.0797,126.439,4.3,22,137.0,0.583,1.06,us,11.46,6.505,0.137,16
-17.6307,-69.4268,151.89,4.2,25,79.0,0.065,0.91,us,8.41,4.416,0.132,16
-59.0596,-25.1373,35.0,4.9,51,67.0,15.54,0.57,us,7.56,1.758,0.083,46
51.4578,160.565,10.0,4.1,36,135.0,1.961,0.91,us,11.56,1.912,0.107,24
8.4317,126.0015,10.0,4.5,37,115.0,1.417,1.16,us,10.63,1.886,0.108,25
51.8396,158.7165,60.623,4.2,49,134.0,1.186,0.72,us,9.17,7.477,0.061,76
-60.2981,-62.0072,10.0,4.6,21,126.0,4.591,0.58,us,9.02,1.89,0.129,19
-19.2459,-69.0341,115.609,4.2,26,91.0,0.447,0.65,us,5.76,3.608,0.141,14
51.5673,159.2482,35.0,4.4,32,127.0,1.504,0.96,us,8.56,1.849,0.107,25
50.9407,158.5441,35.0,4.2,15,137.0,2.087,1.15,us,10.3,1.93,0.175,10
-7.371,129.596,62.959,4.3,10,138.0,5.151,0.33,us,14.02,9.078,0.177,9
33.8177,141.5992,10.0,4.5,27,137.0,1.649,0.38,us,7.94,1.904,0.131,17
29.2054,128.9807,10.0,4.9,44,84.0,2.442,0.95,us,7.35,1.864,0.059,89
7.2411,127.0451,16.617,4.3,21,178.0,1.465,0.6,us,8.72,5.662,0.137,15
52.5235,159.2249,84.476,4.3,28,163.0,0.61,1.03,us,10.26,6.704,0.116,21
23.7607,94.6583,109.653,4.6,22,135.0,2.554,0.56,us,11.58,10.742,0.157,13
33.2997,13.8032,10.0,4.2,49,104.0,2.6,0.76,us,8.22,1.909,0.087,39
18.1139,145.4741,297.607,4.0,38,117.0,2.873,0.56,us,14.65,9.972,0.093,31
51.1916,159.5628,10.0,4.6,38,130.0,1.919,0.72,us,7.99,1.907,0.09,37
28.0769,139.8114,424.572,4.0,103,57.0,2.322,0.75,us,10.82,7.366,0.058,88
13.8303,145.1054,129.93,3.8,7,172.0,0.332,0.74,us,13.72,6.44,0.255,4
-0.3096,131.9054,10.0,4.6,33,90.0,0.848,0.61,us,5.39,0.62,0.114,23
37.692,144.1293,10.0,4.9,107,125.0,3.902,0.67,us,8.93,1.871,0.037,226
38.0017,38.4942,10.0,4.2,22,163.0,0.741,0.53,us,7.48,1.942,0.167,10
-14.5868,166.8485,45.676,4.4,21,138.0,0.921,0.67,us,11.35,8.393,0.139,15
-28.2238,-176.6696,35.0,4.6,30,187.0,1.503,0.62,us,12.36,1.923,0.125,20
43.4404,-126.8241,10.0,4.1,42,211.0,2.04,0.91,us,8.48,1.982,0.185,8
49.4262,157.9132,10.0,4.6,73,136.0,3.632,0.72,us,9.8,1.897,0.048,131
18.5166,145.6365,192.659,4.3,24,142.0,3.261,0.88,us,13.08,9.496,0.122,19
-23.6383,179.9884,544.334,4.6,53,126.0,6.137,0.8,us,13.16,7.03,0.043,162
51.5078,159.4426,35.0,4.9,109,121.0,1.594,0.7,us,7.47,1.864,0.042,175
37.0518,136.6567,7.591,4.9,74,57.0,1.341,0.75,us,5.15,4.075,0.035,256
29.6455,141.9378,30.674,4.0,22,198.0,2.55,0.42,us,13.92,8.552,0.15,13
49.1289,154.501,102.912,4.6,68,76.0,8.162,0.56,us,12.49,7.02,0.074,55
-24.3772,179.9373,531.152,4.1,16,184.0,6.829,0.69,us,14.45,13.902,0.151,12
22.7691,143.5336,73.846,4.6,32,99.0,4.478,0.62,us,10.49,7.053,0.119,21
-23.5215,-179.9453,537.775,4.6,59,77.0,6.045,0.65,us,12.37,8.645,0.05,122
-60.0788,-61.5983,10.0,4.8,23,97.0,4.848,0.66,us,11.14,1.898,0.13,20
34.088,141.1207,37.664,4.1,20,142.0,1.46,0.48,us,7.88,9.124,0.234,7
-35.0762,-107.1542,10.0,5.0,99,151.0,8.141,0.37,us,12.82,1.891,0.045,161
52.8497,159.8919,60.353,4.1,21,169.0,0.772,0.92,us,12.63,7.638,0.184,9
39.6435,143.5176,10.0,4.6,63,127.0,2.2,0.62,us,7.91,1.893,0.089,37
52.7151,160.8644,10.0,5.3,113,160.0,1.377,0.73,us,11.32,1.928,0.056,105
50.5924,157.9873,35.0,4.2,46,135.0,2.469,0.58,us,11.29,1.941,0.072,54
20.0468,145.7856,89.676,4.5,68,81.0,4.78,0.68,us,3.86,8.032,0.071,59
53.2472,160.6744,35.0,4.7,62,134.0,1.24,0.96,us,10.82,1.889,0.07,63
52.5398,160.7671,10.0,4.5,61,162.0,1.374,0.64,us,10.29,1.937,0.067,66
52.605,160.8248,10.0,4.3,17,202.0,1.385,0.93,us,11.33,1.987,0.128,17
-20.3625,-177.6239,469.676,4.7,51,53.0,7.362,0.83,us,13.12,7.53,0.08,48
-44.2974,-82.1364,10.0,4.1,7,200.0,9.266,0.12,us,13.23,1.994,0.213,6
-12.8599,167.3238,10.0,4.7,27,157.0,2.574,0.49,us,13.2,1.947,0.117,24
50.4992,156.6548,81.998,4.0,21,137.0,2.692,0.7,us,10.2,8.283,0.156,11
-4.6896,153.3977,106.6,4.0,19,160.0,1.326,1.12,us,11.26,7.003,0.144,14
-58.3778,-23.6582,10.0,4.8,37,70.0,15.826,0.69,us,6.18,1.858,0.09,38
3.0935,-31.4434,10.0,4.5,24,75.0,20.396,0.79,us,12.63,1.896,0.124,19
19.0152,-102.1122,107.464,4.8,42,172.0,1.045,0.48,us,8.91,6.408,0.04,196
64.6543,-40.2593,10.0,4.2,68,135.0,4.227,0.59,us,8.4,1.938,0.068,60
-5.0765,102.1558,35.0,4.5,25,202.0,1.068,0.5,us,9.94,1.972,0.135,16
16.8116,-93.8351,152.347,4.0,42,128.0,0.585,0.68,us,6.66,5.14,0.122,18
-6.8493,130.5204,105.965,4.8,51,48.0,2.391,0.62,us,8.22,7.424,0.075,55
51.4159,161.019,10.0,4.3,48,135.0,2.172,0.31,us,11.21,1.904,0.09,35
51.6777,160.4766,35.0,4.4,12,138.0,1.753,0.53,us,11.71,1.95,0.189,8
-7.4607,127.884,175.024,4.5,19,92.0,4.241,0.81,us,11.95,9.104,0.139,15
-24.0778,179.7929,535.224,4.1,47,121.0,6.507,0.92,us,13.83,8.768,0.086,40
50.9898,158.4075,35.0,4.9,137,98.0,2.042,0.65,us,8.14,1.886,0.048,136
52.0477,158.9287,10.0,4.7,10,192.0,0.992,0.56,us,10.65,1.952,0.183,12
12.0272,-61.0459,77.162,4.3,18,189.0,0.604,1.01,us,7.7,9.01,0.237,5
52.8221,160.7552,10.0,4.6,100,119.0,1.29,0.68,us,8.59,1.883,0.057,91
33.5787,141.861,10.0,4.3,23,160.0,1.775,0.94,us,8.88,1.946,0.142,14
17.5648,145.5746,176.024,4.3,16,103.0,2.32,0.67,us,10.44,9.292,0.153,13
51.4763,159.8618,41.581,4.3,19,144.0,1.719,0.54,us,10.99,6.85,0.119,20
-7.4124,130.6464,22.162,4.3,20,120.0,2.964,1.14,us,8.84,5.368,0.154,12
51.8308,158.9979,56.964,4.9,92,119.0,1.213,0.54,us,10.6,7.202,0.06,88
2.8177,127.1504,45.667,4.4,33,47.0,2.044,0.9,us,6.37,5.459,0.123,19
49.921,156.1567,70.475,4.3,27,126.0,3.334,0.5,us,11.47,7.19,0.119,23
-6.357,147.6044,66.178,4.7,49,39.0,3.06,0.68,us,7.92,7.136,0.092,36
36.7938,141.287,43.945,4.5,67,114.0,1.679,0.73,us,8.35,7.822,0.073,54
-7.8084,106.5239,41.991,4.2,18,116.0,1.168,1.21,us,7.09,8.187,0.166,12
-16.1031,67.4002,10.0,4.5,17,93.0,5.283,1.09,us,13.81,1.9,0.181,9
54.4975,-159.6856,35.0,4.1,36,199.0,0.339,0.59,us,4.07,2.006,0.185,11
52.322,161.9981,10.0,4.5,62,206.0,2.156,0.74,us,11.03,1.982,0.069,61
-15.4104,168.0797,10.0,4.7,33,163.0,0.846,0.77,us,4.19,1.898,0.106,27
51.3246,157.0529,114.719,4.4,74,161.0,1.83,0.44,us,11.13,8.12,0.068,62
-38.6796,-74.9114,10.0,4.5,29,148.0,1.663,0.73,us,9.64,1.921,0.139,15
-30.2388,-177.4398,35.0,4.7,21,201.0,1.059,1.16,us,9.81,1.983,0.134,18
-13.3905,167.1888,186.092,4.7,50,68.0,2.044,1.1,us,6.95,5.876,0.053,110
-23.3698,-179.9872,548.69,4.5,89,121.0,5.89,0.75,us,12.16,4.585,0.059,85
-18.0405,-178.2504,518.316,4.2,79,137.0,2.754,0.5,us,14.27,7.27,0.073,55
39.7797,143.3081,37.034,4.2,26,155.0,1.991,0.73,us,7.5,8.767,0.175,11
49.8529,155.9457,80.41,4.1,28,138.0,3.439,0.54,us,12.59,8.736,0.123,18
36.6789,71.3884,155.622,4.3,44,165.0,1.85,0.53,us,8.83,9.805,0.09,35
25.8671,106.6062,10.0,4.0,21,126.0,5.079,0.85,us,9.15,1.896,0.173,9
51.0594,160.7981,10.0,4.3,45,135.0,2.372,0.53,us,6.72,1.913,0.092,33
19.5291,144.8328,10.0,4.4,15,136.0,4.361,0.94,us,9.74,1.886,0.162,11
-55.6926,-26.2859,10.0,4.7,26,108.0,6.041,0.6,us,11.47,1.942,0.12,25
-3.8526,-102.6551,10.0,4.6,40,143.0,30.745,0.55,us,14.43,1.764,0.093,35
20.1021,145.2197,35.0,4.5,31,121.0,4.865,0.46,us,9.7,1.902,0.106,26
35.3011,22.9066,63.309,4.1,20,205.0,2.035,0.65,us,10.5,13.321,0.185,8
52.1134,162.0791,10.0,5.7,107,106.0,2.283,0.55,us,7.94,1.758,0.021,835
51.2851,159.4375,20.422,4.5,42,138.0,1.807,1.03,us,11.04,4.364,0.097,31
-21.2635,-179.2155,618.221,4.9,139,86.0,4.346,0.73,us,13.04,8.505,0.037,223
52.2964,160.5443,10.0,4.2,35,137.0,1.364,0.34,us,11.02,1.923,0.107,24
-24.456,-112.0681,10.0,4.7,29,160.0,3.625,0.99,us,14.46,1.921,0.087,40
52.3267,160.8481,32.872,4.1,22,88.0,1.509,0.78,us,10.97,6.422,0.131,16
12.0036,-86.7517,100.748,4.4,50,138.0,0.513,0.63,us,8.23,8.104,0.079,46
49.8014,155.6968,70.762,4.5,78,135.0,3.54,0.5,us,9.33,6.44,0.056,95
52.5424,160.527,10.0,4.1,19,222.0,1.238,0.51,us,16.19,1.983,0.145,13
50.2966,158.3914,10.0,4.1,29,132.0,2.735,0.9,us,6.18,1.905,0.109,23
53.4356,160.8607,35.0,4.3,50,161.0,1.392,0.85,us,5.07,1.949,0.089,39
51.9703,158.1461,83.176,4.5,73,133.0,1.099,0.5,us,14.64,7.143,0.062,75
51.9752,160.3161,10.0,4.4,37,125.0,1.463,0.96,us,9.46,1.904,0.105,26
51.8525,158.5231,88.695,4.5,57,133.0,1.175,0.46,us,11.25,7.364,0.074,53
51.5015,160.4463,10.0,4.1,16,189.0,1.882,1.01,us,12.79,1.989,0.166,11
-26.6233,-176.0182,10.0,4.3,10,139.0,9.376,0.54,us,15.57,1.918,0.143,15
-57.1844,-67.8729,10.0,4.5,17,152.0,2.262,0.67,us,11.27,1.965,0.163,11
-24.8401,69.8313,10.0,4.9,55,82.0,7.834,0.93,us,4.47,1.87,0.084,45
43.2425,87.5389,10.0,4.4,34,102.0,4.621,0.76,us,4.02,1.945,0.112,23
38.3636,142.4686,28.542,4.1,18,180.0,2.654,0.54,us,9.06,8.002,0.198,7
-50.3426,112.7229,10.0,4.6,20,141.0,21.396,0.57,us,15.08,1.927,0.133,19
52.0204,159.5786,71.934,4.4,25,138.0,1.154,0.88,us,10.1,7.042,0.12,20
51.4751,159.0546,57.334,4.5,84,133.0,1.571,0.59,us,9.48,4.977,0.061,79
39.3391,114.4477,10.0,4.6,49,96.0,1.494,0.57,us,9.1,1.89,0.073,56
-0.0936,123.2974,146.886,4.4,59,69.0,1.079,1.17,us,7.81,7.029,0.077,48
-19.594,-175.5821,197.786,4.6,18,135.0,5.364,0.3,us,13.46,17.827,0.136,16
-5.7213,111.3007,511.07,4.1,39,48.0,0.777,0.9,us,12.28,8.381,0.117,23
-3.7962,144.6459,10.0,4.2,16,98.0,3.227,0.62,us,9.27,1.932,0.167,10
52.2794,160.2634,35.0,4.3,27,214.0,1.233,1.14,us,9.72,1.978,0.129,17
-36.4696,177.3638,10.0,4.5,23,214.0,1.326,0.76,us,6.22,1.959,0.221,6
49.6504,159.0291,10.0,4.3,23,136.0,3.386,0.43,us,12.74,1.936,0.142,14
5.0021,125.1803,10.0,4.7,50,91.0,0.4,0.71,us,5.0,1.537,0.083,44
51.5101,159.3461,31.838,4.7,79,133.0,1.575,0.7,us,11.09,5.737,0.052,114
-58.69,-25.8509,61.44,4.4,17,180.0,16.038,0.71,us,12.6,11.411,0.162,11
-60.2346,-62.0414,10.0,5.1,58,117.0,4.651,0.78,us,11.21,1.871,0.075,57
50.1261,156.8098,59.048,4.2,21,137.0,3.037,0.32,us,14.51,8.606,0.152,12
43.0876,130.9954,561.251,5.2,106,30.0,1.325,0.52,us,10.1,7.57,0.02,805
52.4269,160.957,10.0,4.4,29,134.0,1.525,0.8,us,11.86,1.919,0.105,26
-16.7781,-173.4733,10.0,4.8,32,94.0,3.286,1.01,us,10.94,1.856,0.109,26
15.9201,146.5834,48.275,4.1,15,186.0,1.021,0.86,us,15.25,11.634,0.198,7
-61.0159,-38.6218,10.0,4.5,15,71.0,6.847,0.73,us,9.67,1.896,0.15,13
52.1506,160.1533,28.342,4.4,43,106.0,1.267,0.92,us,9.75,5.661,0.095,32
-15.4349,67.0469,10.0,4.4,30,60.0,5.545,0.78,us,12.34,1.866,0.115,22
-0.6773,97.1344,10.0,4.5,24,125.0,2.017,0.62,us,9.98,1.926,0.156,12
12.5505,142.3023,146.104,4.7,62,64.0,2.705,0.86,us,10.15,8.434,0.059,87
-37.6544,176.9334,154.406,4.1,13,81.0,0.96,0.74,us,9.05,8.541,0.213,7
19.8034,121.1294,31.607,4.4,56,112.0,3.0,0.58,us,9.65,6.221,0.091,35
-18.5359,-177.3719,392.932,4.5,114,121.0,3.722,0.63,us,12.43,8.049,0.047,136
51.5808,160.6947,10.0,4.1,39,135.0,1.914,0.73,us,12.16,1.926,0.103,26
-15.7059,-177.5942,432.635,4.0,57,122.0,3.017,0.49,us,15.2,7.652,0.073,50
49.902,156.1812,80.935,4.4,51,137.0,3.348,0.49,us,12.88,8.622,0.081,44
3.0606,-31.3674,10.0,4.6,47,99.0,9.922,0.76,us,10.3,1.87,0.085,42
-7.1704,129.5056,10.0,4.4,21,95.0,5.03,1.01,us,7.27,1.938,0.19,8
30.0282,131.1112,35.0,4.6,73,136.0,1.581,0.84,us,7.27,1.918,0.071,59
-9.6292,151.2083,10.0,4.6,32,106.0,4.0,0.42,us,8.84,1.901,0.116,22
49.8279,157.5025,25.716,4.3,27,134.0,3.279,1.06,us,10.5,5.81,0.126,18
-18.0232,-178.3952,595.736,4.4,59,111.0,2.631,0.62,us,13.48,7.35,0.038,196
7.4455,127.2613,10.0,4.3,31,108.0,1.71,1.09,us,8.47,1.908,0.109,24
36.103,77.9344,102.619,4.2,42,131.0,3.767,0.69,us,6.29,9.105,0.118,20
37.403,75.7878,10.0,4.5,38,160.0,2.767,0.77,us,9.4,1.912,0.115,22
-16.8565,-173.4989,39.87,4.3,43,56.0,3.838,0.57,us,5.1,7.514,0.094,32
53.3934,160.7094,35.0,4.9,74,154.0,1.293,0.8,us,9.71,1.862,0.051,121
36.9739,72.7259,10.0,4.2,19,153.0,1.35,0.79,us,11.18,1.975,0.128,17
13.6125,124.8109,34.975,4.5,61,114.0,6.545,0.44,us,10.67,4.949,0.077,49
-16.6946,-173.5112,38.319,4.8,35,88.0,3.233,0.97,us,6.9,8.072,0.104,29
51.2005,157.2175,87.431,4.1,30,134.0,1.934,0.7,us,11.68,8.125,0.12,19
10.2691,126.4581,34.022,4.9,66,111.0,3.296,0.83,us,10.98,5.635,0.067,70
18.2699,145.4569,493.731,4.0,29,98.0,3.029,0.52,us,17.63,11.59,0.106,24
50.1257,159.4975,10.0,5.0,94,135.0,2.95,0.6,us,10.1,1.853,0.026,465
7.1339,127.3887,10.0,4.2,22,137.0,1.797,0.46,us,11.0,1.914,0.136,15
-6.0306,151.6185,10.0,4.9,65,112.0,1.76,0.88,us,8.39,1.891,0.071,63
15.2395,147.0622,22.67,4.6,51,116.0,1.226,0.7,us,4.97,5.709,0.082,44
-6.1832,151.4614,10.0,4.6,34,149.0,2.099,0.72,us,11.08,1.916,0.068,66
53.4979,160.0252,70.25,4.3,27,137.0,0.953,0.64,us,11.53,5.433,0.125,18
-6.8923,125.3166,539.225,4.4,27,104.0,3.028,0.78,us,14.16,11.178,0.12,20
52.6084,160.6588,29.872,4.8,132,129.0,1.288,1.18,us,9.02,5.623,0.047,150
16.4835,41.2462,10.0,4.4,33,165.0,3.58,0.62,us,6.77,1.919,0.109,24
-58.926,-26.2034,126.3,5.5,121,38.0,7.335,0.56,us,8.83,4.108,0.054,120
1.063,125.5336,78.756,4.5,48,65.0,0.79,0.86,us,5.83,6.586,0.09,36
-0.677,123.2858,10.0,4.3,33,66.0,2.618,0.84,us,6.6,1.926,0.109,24
-23.4317,178.9877,575.858,4.5,27,171.0,5.725,0.72,us,7.15,8.81,0.132,18
-55.1928,-129.4491,10.0,4.6,16,67.0,30.758,0.75,us,17.7,1.877,0.165,11
-6.2494,151.3713,10.0,4.5,19,196.0,2.192,1.1,us,12.86,1.972,0.163,11
48.9312,155.8898,35.0,4.4,36,144.0,4.335,0.52,us,13.32,1.958,0.108,25
52.3954,160.1722,52.759,4.6,39,176.0,1.119,0.6,us,9.34,8.671,0.086,40
6.3659,123.9582,529.927,4.0,57,50.0,1.755,0.71,us,12.36,7.89,0.078,45
-24.2017,179.9504,495.051,4.3,31,116.0,6.664,0.83,us,14.53,10.424,0.096,31
30.4466,69.518,37.479,4.4,111,66.0,8.196,0.49,us,10.15,6.977,0.056,99
-37.7257,176.3594,189.552,4.3,26,142.0,0.68,1.02,us,6.52,5.091,0.125,18
-16.3223,-173.9493,113.303,4.8,51,45.0,6.413,1.14,us,10.99,6.554,0.03,350
39.4285,143.3346,10.0,4.2,43,133.0,2.209,0.78,us,8.67,1.877,0.101,27
-5.8117,147.4016,137.448,4.3,20,105.0,3.578,0.42,us,12.12,8.774,0.122,20
42.6752,142.4844,127.539,4.3,37,100.0,0.827,0.59,us,7.38,8.157,0.107,25
52.5479,-169.6073,35.0,3.6,43,185.0,0.249,1.32,us,4.23,1.977,0.104,23
53.2436,159.9863,57.704,4.7,102,116.0,0.835,0.8,us,9.54,7.032,0.032,301
51.1533,159.2446,35.0,4.4,35,222.0,1.909,0.65,us,10.44,1.98,0.092,34
51.9486,160.3827,10.0,4.2,18,228.0,2.009,0.58,us,14.92,2.004,0.146,13
35.7618,140.0357,85.358,4.6,56,121.0,1.671,0.82,us,6.34,6.506,0.074,55
-60.6025,-25.8034,10.0,4.3,17,111.0,8.554,1.18,us,15.66,1.97,0.138,15
-43.5631,-16.1095,10.0,4.6,17,89.0,17.09,0.73,us,14.25,1.944,0.137,17
-20.0164,-177.8375,597.013,4.1,20,208.0,13.955,0.64,us,18.37,12.156,0.131,16
52.3794,160.0307,51.821,4.7,47,134.0,1.059,0.69,us,8.51,6.842,0.085,42
-23.666,-179.6844,508.528,4.3,34,106.0,5.774,0.93,us,13.59,6.141,0.098,29
52.086,-30.5858,10.0,4.3,26,162.0,14.719,1.11,us,14.8,1.966,0.125,18
-57.611,-10.5505,10.0,4.8,21,89.0,14.868,0.78,us,14.2,1.896,0.131,18
-6.5558,130.4839,89.393,4.4,24,75.0,2.101,0.9,us,8.16,9.247,0.13,17
-22.9061,-66.7678,213.249,4.2,20,113.0,1.302,1.06,us,10.3,8.258,0.159,11
52.1579,160.5211,10.0,4.2,24,162.0,1.433,1.15,us,10.48,1.964,0.113,22
49.811,155.8168,78.348,4.1,39,138.0,3.505,0.64,us,13.8,8.406,0.101,27
42.399,-127.0574,10.0,3.5,23,203.0,2.009,0.47,us,8.56,2.014,0.284,3
50.9339,156.2353,141.685,4.8,102,121.0,2.358,0.78,us,9.2,6.741,0.026,461
22.7101,95.897,10.0,4.6,92,78.0,3.891,0.72,us,9.52,1.895,0.063,79
-31.7194,-71.7969,32.539,4.4,39,146.0,0.77,0.64,us,5.31,5.877,0.154,12
19.9139,146.6582,10.0,4.3,15,159.0,23.928,0.59,us,15.72,1.773,0.178,9
-21.1132,168.5224,10.0,4.9,40,90.0,1.796,0.84,us,7.55,1.814,0.114,24
52.3084,160.3714,31.272,4.9,36,123.0,1.813,0.61,us,8.17,4.88,0.108,27
-17.9403,-179.1514,595.793,4.2,27,86.0,2.67,0.55,us,15.7,10.072,0.107,24
57.0401,-33.7465,10.0,4.5,31,142.0,7.288,0.6,us,13.06,1.948,0.118,21
37.5492,72.2407,205.283,4.1,47,92.0,0.786,0.56,us,7.27,6.293,0.127,17
-61.7352,161.6393,10.0,4.4,14,159.0,7.396,0.24,us,10.16,1.958,0.144,16
50.7234,158.5847,27.416,4.2,33,223.0,2.304,0.68,us,12.41,7.593,0.107,24
52.7248,160.5298,35.0,5.0,131,94.0,1.178,0.79,us,6.68,1.856,0.028,396
-24.2718,-66.9523,181.723,4.5,34,76.0,1.73,1.02,us,8.73,8.363,0.064,71
50.3256,159.0676,10.0,4.4,32,134.0,2.714,0.74,us,8.03,1.566,0.117,21
-24.1662,-66.8788,178.818,4.5,87,70.0,1.698,1.2,us,9.19,7.992,0.055,96
12.3767,-87.8466,41.257,4.4,24,183.0,0.867,0.87,us,4.96,15.012,0.077,48
31.9675,131.9413,31.361,4.4,44,98.0,1.348,0.81,us,5.9,6.555,0.107,25
-11.0621,-77.9333,48.19,4.6,37,141.0,1.41,0.67,us,5.14,7.733,0.084,44
52.8869,159.7404,76.92,4.0,22,137.0,1.254,0.66,us,13.65,9.043,0.138,14
52.6734,160.4363,10.0,4.0,30,151.0,1.139,0.42,us,10.88,1.951,0.113,21
-5.5813,146.9977,206.732,4.3,22,69.0,3.534,0.77,us,9.22,7.669,0.142,14
10.9009,123.9271,10.0,5.0,62,51.0,4.142,0.82,us,10.52,1.874,0.072,62
52.2749,160.9115,10.0,4.2,32,164.0,1.569,0.8,us,11.84,1.954,0.112,22
51.8643,159.4794,58.392,4.4,48,137.0,1.267,0.58,us,7.07,6.722,0.082,48
38.0069,20.1919,51.068,4.2,24,125.0,1.606,0.88,us,6.34,11.571,0.176,11
-21.8007,179.5498,604.428,4.2,26,97.0,4.274,0.64,us,15.66,8.308,0.108,28
9.7865,-70.7547,10.0,4.1,21,93.0,0.905,0.97,us,8.36,1.926,0.166,10
36.7754,72.9519,10.0,4.9,68,79.0,1.579,0.98,us,7.46,1.853,0.063,79
41.0148,142.6678,51.628,4.5,64,134.0,1.065,0.67,us,6.32,7.375,0.071,58
-6.546,130.1043,157.368,4.2,20,82.0,4.189,0.74,us,10.44,4.778,0.136,15
54.4643,-159.8395,36.259,4.2,128,193.0,0.395,0.64,us,5.97,10.062,0.166,10
-14.8571,66.7655,10.0,4.5,30,123.0,45.835,0.33,us,10.3,1.773,0.121,20
52.7752,161.1082,10.0,4.5,52,120.0,1.51,0.93,us,7.52,1.882,0.071,60
52.4507,160.9395,10.0,5.1,61,136.0,1.506,0.87,us,4.61,1.887,0.027,428
-2.6825,139.7299,35.62,4.5,40,53.0,0.986,0.83,us,3.89,7.98,0.102,28
13.5682,-92.4025,10.0,4.7,59,164.0,1.283,0.83,us,7.69,1.925,0.031,305
-7.6194,148.3235,35.0,4.1,23,127.0,2.115,0.83,us,10.49,1.906,0.135,15
-60.0063,-62.7255,10.0,4.5,12,150.0,4.825,1.19,us,14.83,1.959,0.163,11
49.3882,157.4174,10.0,4.3,22,168.0,3.722,0.74,us,12.61,1.897,0.142,14
40.4567,77.3601,10.0,4.4,52,132.0,1.315,0.94,us,4.83,1.872,0.103,27
7.4132,126.9917,38.697,4.4,29,62.0,1.442,1.24,us,8.76,6.38,0.12,20
2.8162,-101.4942,10.0,4.4,37,154.0,11.01,0.7,us,11.29,1.923,0.096,31
52.8077,160.0515,47.331,4.4,33,119.0,0.876,1.04,us,6.89,7.201,0.093,33
49.9207,157.3215,35.0,4.1,25,228.0,3.201,0.92,us,13.04,1.985,0.123,18
-4.0563,152.968,10.0,4.6,26,148.0,0.813,0.67,us,6.29,1.945,0.114,23
36.2312,139.3515,116.03,4.4,60,127.0,0.973,0.84,us,6.53,4.906,0.072,55
4.3699,-73.2403,10.0,4.5,59,62.0,1.176,0.7,us,7.65,1.898,0.087,39
9.1229,126.9743,10.0,4.3,19,108.0,2.464,0.98,us,10.31,1.918,0.142,14
51.652,-173.4891,35.0,4.2,106,134.0,0.704,0.58,us,5.53,1.929,0.045,136
-8.2579,118.0548,12.067,4.2,23,84.0,0.629,0.71,us,5.02,4.492,0.167,11
-20.3233,-178.0497,525.651,4.5,38,97.0,4.491,0.9,us,13.97,9.016,0.075,52
-7.1648,-73.462,10.0,4.3,38,138.0,5.837,0.61,us,12.49,1.96,0.094,32
40.5507,-126.1894,10.0,3.8,48,218.0,1.398,0.75,us,6.93,2.008,0.208,6
50.1972,156.8465,57.122,4.1,39,147.0,2.963,0.48,us,10.81,3.477,0.102,28
24.8882,141.467,506.127,4.3,50,134.0,2.291,0.57,us,13.33,9.416,0.048,123
43.7625,-28.7597,10.0,4.8,132,54.0,4.748,0.62,us,9.32,1.876,0.05,123
-9.5362,113.7626,43.886,4.3,22,137.0,1.127,0.84,us,8.94,9.06,0.138,15
-7.5435,128.2641,152.143,4.3,24,95.0,4.522,1.34,us,9.33,10.377,0.168,10
71.1097,-7.8105,10.0,4.6,73,61.0,4.709,0.73,us,3.76,1.848,0.061,81
51.135,159.0378,35.0,4.8,30,129.0,1.906,0.94,us,10.63,1.942,0.093,36
14.0807,-93.2214,10.0,4.3,59,196.0,1.499,0.95,us,6.28,1.961,0.059,81
10.926,124.133,10.0,4.9,93,79.0,4.089,0.63,us,6.98,1.783,0.054,109
51.4462,159.6896,10.0,4.8,67,74.0,1.704,0.75,us,6.42,1.833,0.066,71
-7.0653,155.6407,51.82,5.0,77,81.0,4.486,0.49,us,8.69,7.231,0.053,113
52.5041,158.7499,92.733,4.4,71,130.0,0.879,0.62,us,9.24,6.677,0.066,70
51.3747,158.4227,53.255,4.7,213,57.0,1.657,0.67,us,9.1,6.678,0.031,308
52.2594,158.0752,10.0,5.3,66,119.0,0.842,1.04,us,8.04,1.881,0.076,59
-19.8742,-173.5566,10.0,4.4,14,102.0,3.515,0.73,us,10.88,1.917,0.17,10
1.9913,126.4277,54.045,5.1,85,55.0,2.883,0.72,us,7.39,7.049,0.054,111
-9.4544,118.9671,89.97,4.3,23,82.0,1.329,0.98,us,3.14,9.898,0.218,6
4.1814,62.7163,10.0,4.9,82,45.0,10.731,0.89,us,6.9,1.875,0.068,68
52.4766,160.9448,10.0,4.3,21,206.0,1.498,0.96,us,11.27,1.982,0.161,12
12.9684,145.6685,10.0,4.9,49,55.0,0.994,0.8,us,6.89,1.843,0.052,117
42.5603,141.8573,124.639,4.3,56,93.0,1.108,0.9,us,6.64,7.837,0.082,42
4.091,125.8929,155.742,4.1,22,184.0,0.76,0.79,us,10.56,7.871,0.145,15
26.1022,128.4489,10.0,4.5,26,89.0,0.748,0.61,us,4.2,1.834,0.128,18
-5.3111,152.3367,43.703,4.5,54,93.0,1.045,0.92,us,7.17,7.5,0.084,45
51.5583,159.1846,38.813,5.1,33,135.0,1.504,0.9,us,9.4,6.064,0.124,21
50.9944,160.5997,10.0,4.8,86,165.0,2.362,0.75,us,9.92,1.911,0.03,351
53.0606,161.3161,10.0,4.3,38,165.0,1.61,0.87,us,11.1,1.959,0.102,29
42.756,145.8837,48.86,4.2,45,135.0,2.151,0.6,us,8.64,7.488,0.095,31
51.9332,161.3322,10.0,5.1,49,127.0,2.503,0.84,us,9.1,1.896,0.109,28
-15.9547,-73.6683,63.994,4.9,77,137.0,5.004,0.54,us,10.44,6.167,0.052,114
18.6925,144.8485,10.0,4.2,23,109.0,3.548,0.94,us,15.1,1.908,0.153,13
52.6084,160.6974,35.0,4.2,31,188.0,1.31,0.76,us,12.06,1.98,0.128,18
52.2394,160.4024,10.0,5.1,67,122.0,1.326,0.83,us,8.09,1.795,0.044,170
49.4633,155.2257,80.982,4.3,35,133.0,3.966,0.31,us,6.13,8.468,0.114,22
7.1993,127.1256,17.436,4.4,30,131.0,1.54,0.72,us,10.54,4.894,0.112,23
49.9205,158.6058,10.0,4.7,68,135.0,3.107,0.57,us,8.83,1.88,0.059,86
50.0651,158.4779,10.0,4.3,25,128.0,2.964,0.64,us,9.41,1.829,0.138,16
49.9233,158.8981,10.0,4.4,39,136.0,3.108,0.86,us,8.53,1.857,0.107,25
36.9322,136.4174,10.0,4.5,48,57.0,1.486,1.06,us,5.84,1.853,0.083,44
-48.8025,123.843,10.0,4.7,41,103.0,16.615,0.55,us,11.97,1.901,0.093,38
-2.6512,139.0402,35.912,4.4,25,87.0,1.06,0.55,us,6.35,1.39,0.115,22
52.9891,161.1981,10.0,4.1,24,185.0,1.54,0.89,us,12.52,1.968,0.117,20
50.7515,156.9587,65.988,4.3,31,133.0,2.404,0.44,us,10.64,7.58,0.129,17
-17.5888,166.9272,10.0,4.5,33,142.0,2.146,0.52,us,8.7,1.838,0.115,23
-6.9338,148.4706,27.434,4.9,65,123.0,2.777,0.62,us,7.98,5.251,0.071,62
52.6444,160.7219,10.0,4.5,38,119.0,1.313,0.81,us,9.49,1.9,0.118,21
-5.7781,153.7053,17.876,4.3,27,120.0,2.201,0.96,us,10.97,5.515,0.116,21
49.1386,157.7232,10.0,4.1,19,139.0,3.934,0.55,us,8.89,1.938,0.158,12
-18.0355,-178.6211,553.638,4.2,21,225.0,2.466,0.63,us,22.77,15.348,0.128,17
-5.3309,152.5022,35.0,4.3,31,154.0,1.123,1.06,us,11.1,1.937,0.102,28
-21.9615,-175.3969,10.0,4.9,70,90.0,5.875,0.82,us,11.64,1.871,0.071,62
18.2307,-102.2938,56.13,4.2,64,203.0,1.733,1.23,us,8.25,9.022,0.039,184
51.4476,-130.5975,10.0,4.1,71,170.0,0.925,0.61,us,9.39,1.952,0.049,115
40.657,73.3118,10.0,4.2,23,101.0,0.717,1.23,us,1.31,1.912,0.167,10
-19.7872,-175.8542,260.005,4.4,15,138.0,5.608,1.27,us,9.66,16.106,0.162,11
33.1712,-39.6429,10.0,4.7,21,94.0,12.386,0.79,us,11.72,1.806,0.137,16
52.3417,161.3744,10.0,4.3,16,208.0,1.794,1.29,us,12.57,1.997,0.201,7
52.4876,160.7329,10.0,4.1,20,174.0,1.375,0.55,us,10.8,1.99,0.151,13
51.4349,159.0966,48.261,4.4,28,137.0,1.883,1.17,us,11.34,7.809,0.095,32
52.5047,160.5991,24.004,4.6,54,131.0,1.293,0.61,us,10.63,6.104,0.084,43
-5.0562,151.1592,141.886,4.2,34,93.0,1.14,0.72,us,11.26,3.116,0.1,28
-41.214,-91.1994,10.0,4.4,14,192.0,12.391,0.34,us,16.77,1.974,0.162,11
51.2404,159.048,10.0,4.4,31,137.0,1.803,0.47,us,10.3,1.919,0.12,20
6.3533,94.2208,59.396,4.6,24,128.0,2.933,0.85,us,10.07,8.786,0.157,12
-6.7723,129.6936,167.242,4.2,30,69.0,4.597,0.48,us,8.16,9.417,0.128,20
13.8649,39.8597,10.0,4.5,37,97.0,3.725,0.62,us,10.55,1.934,0.102,28
25.6156,127.9554,12.838,4.3,15,165.0,1.248,1.12,us,6.98,3.964,0.239,5
42.295,144.5442,40.707,4.3,58,170.0,2.315,0.57,us,8.94,9.55,0.079,45
-14.4218,167.1653,124.522,4.3,20,157.0,1.02,1.08,us,15.98,8.143,0.143,14
29.1406,141.7524,10.0,4.3,29,118.0,2.073,0.56,us,8.33,1.888,0.133,16
14.8244,-94.1944,35.789,4.5,46,133.0,1.917,0.92,us,6.59,7.995,0.039,196
51.3044,159.6645,10.0,4.6,46,86.0,1.832,0.96,us,8.23,1.873,0.084,43
38.9256,142.0099,65.723,4.2,29,136.0,1.999,0.59,us,9.46,7.89,0.136,15
50.7666,157.0087,66.596,5.0,106,122.0,2.384,0.71,us,9.0,5.992,0.023,612
-55.8687,-27.8024,57.073,5.0,46,72.0,5.237,0.66,us,10.8,5.319,0.084,45
52.8287,159.8657,35.0,4.0,24,140.0,0.761,1.17,us,10.91,1.968,0.122,18
-38.9228,-91.3771,10.0,4.5,44,80.0,11.411,0.54,us,13.11,1.889,0.084,42
39.4008,143.2437,28.747,4.7,26,194.0,2.172,1.31,us,8.7,7.782,0.137,16
46.3138,152.7644,30.579,4.4,41,136.0,7.51,0.56,us,11.09,6.226,0.112,23
28.335,142.823,10.0,4.5,17,158.0,1.358,1.03,us,9.35,1.947,0.191,8
44.404,33.2724,9.359,4.1,43,45.0,2.501,0.7,us,6.11,3.74,0.106,25
-9.6707,152.7941,10.0,4.7,37,159.0,5.564,0.59,us,9.54,1.867,0.105,28
9.2343,93.9758,10.0,4.3,17,187.0,5.595,0.23,us,12.44,1.949,0.168,10
49.6988,158.8076,10.0,5.1,86,88.0,3.331,1.25,us,8.62,1.81,0.049,138
-7.3325,128.8388,135.148,4.3,11,114.0,5.122,0.57,us,11.34,13.874,0.265,4
-47.7426,115.921,10.0,4.1,18,142.0,14.832,1.01,us,15.5,1.947,0.14,15
49.4872,156.3144,35.049,4.1,26,230.0,3.729,0.73,us,14.91,10.639,0.131,16
7.128,126.8718,35.0,4.5,33,130.0,1.284,1.19,us,10.16,1.942,0.104,27
12.977,-88.8024,66.155,4.2,45,165.0,0.676,0.86,us,10.35,9.522,0.089,35
-52.9739,22.0891,10.0,4.6,15,114.0,20.603,0.75,us,13.45,1.522,0.151,14
52.7109,160.4741,10.0,4.2,40,199.0,1.149,0.44,us,8.8,1.884,0.078,46
51.1493,159.2897,10.0,5.3,211,129.0,1.918,0.72,us,8.87,1.865,0.029,395
37.1913,96.3388,10.0,4.6,51,68.0,6.047,1.02,us,6.72,1.89,0.073,57
51.6269,159.5529,24.776,4.6,53,69.0,1.504,1.14,us,7.74,5.587,0.082,47
52.5327,160.8379,10.0,4.2,25,150.0,1.417,0.4,us,7.31,1.931,0.141,14
9.6107,39.7979,10.0,4.9,58,71.0,1.313,0.95,us,8.8,1.867,0.07,63
52.4344,160.5642,10.0,4.8,56,148.0,1.305,0.46,us,7.66,1.915,0.059,89
51.8637,158.4105,67.372,4.3,34,135.0,1.171,0.64,us,9.49,7.452,0.108,24
40.4899,143.6278,28.747,4.2,21,138.0,1.564,0.33,us,8.04,6.896,0.175,9
29.3983,129.3391,10.0,4.5,37,93.0,2.313,0.64,us,8.7,1.864,0.09,39
10.8128,-86.6771,10.0,4.6,47,178.0,1.328,1.01,us,7.23,1.931,0.039,196
51.5331,159.9652,10.0,4.5,27,127.0,1.697,0.91,us,10.25,1.925,0.109,25
24.4824,-46.3563,10.0,4.4,30,142.0,15.908,0.65,us,14.55,1.94,0.114,22
44.0361,-128.4571,10.0,3.9,41,219.0,2.187,0.75,us,9.66,1.99,0.229,5
49.2759,158.6892,10.0,4.4,44,130.0,3.753,0.66,us,10.1,1.915,0.095,32
52.7109,159.7378,45.227,4.2,33,107.0,0.73,0.8,us,5.31,7.139,0.107,24
-46.9887,166.036,15.241,4.5,22,98.0,0.935,1.14,us,6.66,6.319,0.156,13
1.0503,97.1318,10.0,4.8,68,176.0,2.423,0.48,us,6.66,1.877,0.073,58
52.5714,160.6638,35.0,4.3,11,137.0,1.304,0.5,us,15.24,1.96,0.266,4
50.1652,158.1262,10.0,4.7,35,133.0,2.881,0.54,us,11.01,1.902,0.108,26
52.2614,160.3235,10.0,4.8,78,123.0,1.274,0.86,us,9.17,1.892,0.05,125
6.0139,127.5901,10.0,4.5,32,61.0,2.257,0.4,us,9.69,1.835,0.113,23
43.3943,147.7436,45.258,4.2,27,192.0,3.65,0.7,us,11.88,10.461,0.121,19
49.2126,156.3492,39.072,4.9,55,135.0,3.992,0.67,us,11.69,3.957,0.033,288
-18.7255,-71.3066,25.535,4.3,13,236.0,0.981,0.98,us,6.48,8.843,0.237,5
27.5281,52.8561,10.0,4.3,21,99.0,3.957,0.96,us,9.61,1.977,0.142,14
-15.6389,-177.8836,435.013,4.2,38,58.0,2.768,0.54,us,15.67,7.251,0.11,23
49.9338,157.562,10.0,4.8,76,116.0,3.168,1.17,us,8.21,1.861,0.026,469
52.0669,159.1758,55.85,4.1,49,134.0,1.01,0.64,us,10.48,7.647,0.075,49
43.469,147.5281,41.217,5.1,168,100.0,3.632,0.55,us,9.48,5.582,0.044,168
-10.6964,120.0078,18.58,4.2,18,114.0,1.06,0.97,us,5.33,4.948,0.199,8
54.4343,165.77,10.0,4.6,91,103.0,4.458,0.59,us,9.73,1.875,0.052,111
-25.0461,179.8571,510.671,4.6,30,135.0,7.457,0.8,us,13.98,10.904,0.082,44
17.848,40.1509,10.0,4.4,29,164.0,6.8,0.67,us,11.73,1.908,0.12,20
52.4254,160.6948,34.746,4.6,110,117.0,1.38,0.9,us,8.59,5.315,0.038,209
51.4051,158.6277,35.0,4.4,31,134.0,1.621,0.46,us,10.36,1.878,0.112,23
51.3683,159.3155,35.0,4.9,16,197.0,1.708,0.34,us,11.92,1.992,0.155,13
-6.4137,131.4916,23.241,4.8,20,96.0,3.552,0.95,us,8.49,6.433,0.144,15
53.2463,160.8246,35.0,4.2,21,193.0,1.329,0.89,us,8.86,1.99,0.141,14
52.2952,160.6851,24.74,4.4,19,166.0,1.438,0.9,us,13.77,7.561,0.162,11
22.7425,-45.1214,10.0,4.6,54,53.0,16.327,0.95,us,11.02,1.877,0.079,48
52.6973,161.3613,10.0,4.1,15,197.0,1.676,1.02,us,12.04,1.998,0.262,5
-16.9042,-173.874,10.0,4.6,28,81.0,3.597,0.67,us,11.24,1.596,0.128,18
16.7051,59.7787,10.0,4.7,94,99.0,8.853,0.85,us,10.27,1.878,0.049,125
52.1894,160.2939,30.891,4.5,46,123.0,1.829,1.25,us,9.28,5.796,0.09,48
-55.349,-27.98,10.0,4.6,35,67.0,5.035,0.46,us,5.84,1.904,0.095,33
43.4997,147.4291,35.0,4.4,38,184.0,3.478,0.92,us,14.28,1.99,0.09,35
49.9809,157.2667,35.066,5.1,95,123.0,3.143,0.74,us,10.62,7.317,0.064,78
50.0822,157.2741,30.003,4.3,34,132.0,3.042,0.8,us,5.69,5.538,0.104,26
51.5974,159.1555,35.0,5.2,49,123.0,1.462,0.57,us,5.38,1.926,0.105,30
50.3954,159.7703,10.0,4.1,41,134.0,2.722,0.64,us,9.06,1.849,0.079,45
51.4749,160.078,10.0,4.5,35,166.0,1.782,0.68,us,8.72,1.93,0.108,25
52.3254,160.6254,10.0,5.4,91,113.0,1.391,0.81,us,8.88,1.868,0.021,767
-7.2875,39.9414,10.0,4.3,12,106.0,5.248,1.34,us,6.85,1.952,0.266,4
29.5916,129.679,8.368,4.9,106,70.0,2.025,0.53,us,7.46,4.688,0.052,116
51.4172,161.0597,10.0,4.1,35,129.0,2.187,0.51,us,6.68,1.856,0.091,33
-4.9105,151.8547,112.283,4.3,36,98.0,0.778,1.09,us,9.53,6.994,0.101,28
-10.3814,114.1182,10.0,4.8,48,43.0,1.899,1.28,us,7.21,1.867,0.084,44
51.5593,178.4709,76.527,4.0,62,176.0,0.378,0.65,us,6.28,5.556,0.069,56
52.0358,160.2686,27.232,4.6,57,111.0,1.399,0.58,us,9.48,5.641,0.08,47
51.4214,159.4785,35.0,4.2,20,137.0,2.013,0.96,us,12.7,1.92,0.124,18
38.3638,-26.6536,11.492,4.5,27,102.0,1.074,1.14,us,9.93,4.686,0.131,17
8.9743,93.9458,10.0,4.3,23,94.0,5.603,0.56,us,8.27,5.26,0.138,15
50.6225,157.161,63.379,4.9,74,111.0,2.512,1.05,us,8.51,6.427,0.03,370
-10.2765,161.1285,71.424,5.2,95,96.0,1.431,0.42,us,10.36,6.01,0.049,138
36.9448,71.253,194.25,4.2,52,97.0,1.68,0.76,us,7.46,6.771,0.082,41
49.8529,157.5905,32.543,4.2,29,134.0,3.243,0.71,us,8.98,5.823,0.108,24
14.3209,144.2649,10.0,4.1,15,121.0,0.934,0.32,us,6.43,1.862,0.174,9
7.1303,127.2153,10.0,4.4,43,60.0,1.625,0.96,us,8.14,1.892,0.094,33
51.6123,160.2771,10.0,4.1,18,218.0,1.731,0.79,us,5.07,1.992,0.14,14
34.6185,23.485,55.866,4.5,45,95.0,2.851,0.75,us,7.54,8.673,0.085,41
50.685,158.1874,54.949,4.2,21,136.0,2.446,0.74,us,11.52,4.56,0.153,12
-8.2791,158.4812,103.688,4.3,29,111.0,1.851,0.73,us,11.27,8.173,0.114,27
-14.6748,166.828,10.0,4.4,23,139.0,0.849,0.76,us,9.23,1.926,0.126,18
51.4871,159.1092,35.0,5.2,56,161.0,1.564,0.64,us,11.65,1.978,0.085,45
20.8614,96.0989,10.0,4.5,60,72.0,2.332,0.37,us,7.65,1.672,0.08,46
65.8577,-37.4704,10.0,4.4,99,128.0,5.4,0.57,us,8.5,1.93,0.058,86
-13.1696,167.1462,207.973,4.6,61,134.0,7.833,0.77,us,9.73,4.758,0.067,66
52.8408,160.0032,46.784,4.8,84,127.0,0.839,0.8,us,9.52,6.872,0.034,265
50.384,159.2589,10.0,4.4,24,137.0,2.67,0.68,us,11.34,1.912,0.126,18
-33.8323,-72.2216,28.09,4.0,19,189.0,0.535,0.49,us,7.06,9.326,0.231,5
3.1067,127.6806,114.445,4.4,35,120.0,2.726,0.8,us,9.64,3.673,0.1,29
3.0679,-31.4528,10.0,4.9,174,53.0,9.89,0.55,us,10.64,1.822,0.042,177
52.339,160.7464,19.625,4.3,36,122.0,1.449,0.35,us,10.43,5.472,0.083,41
50.3851,158.1232,24.934,4.6,60,132.0,2.662,0.6,us,11.37,5.91,0.076,51
52.286,160.2326,35.0,4.4,66,122.0,1.214,0.79,us,8.67,1.915,0.057,89
50.1874,87.5456,10.0,4.1,25,167.0,3.251,0.78,us,9.53,1.932,0.127,17
49.8458,155.3023,100.54,4.5,34,135.0,3.594,0.58,us,11.58,7.938,0.075,52
49.9147,159.3534,10.0,4.7,50,136.0,3.144,0.69,us,9.8,1.884,0.042,173
-8.2437,116.7258,10.0,4.5,30,68.0,1.19,1.04,us,3.82,1.776,0.128,18
51.3465,159.4824,36.23,4.5,29,128.0,1.756,0.57,us,9.71,7.607,0.115,22
54.4192,-160.3098,36.651,3.3,114,194.0,0.588,0.63,us,4.84,12.812,0.199,6
-15.9193,-70.5505,192.569,4.2,25,142.0,1.952,1.1,us,9.3,7.956,0.128,17
53.0036,160.4457,58.963,4.7,25,224.0,1.085,0.72,us,5.93,7.63,0.126,19
52.9424,161.0077,10.0,4.1,18,170.0,1.428,0.67,us,11.62,1.962,0.165,10
-20.7641,-177.9521,498.515,4.5,51,136.0,4.823,0.77,us,12.51,6.29,0.087,40
29.3501,129.3552,10.064,4.5,39,110.0,2.351,0.58,us,7.2,4.792,0.102,28
35.0562,27.4227,36.739,4.2,30,143.0,0.534,0.67,us,6.26,10.822,0.186,8
-57.2637,-66.5438,10.0,4.5,18,129.0,2.415,0.73,us,13.66,1.952,0.144,14
51.1858,159.1465,35.761,4.3,16,128.0,1.866,0.51,us,9.74,7.618,0.202,7
-4.2194,69.0708,10.0,4.3,19,217.0,4.623,0.47,us,13.64,1.986,0.177,9
51.956,178.3034,112.747,3.7,62,155.0,0.166,0.86,us,11.47,8.75,0.077,43
49.9086,157.5936,24.879,4.2,17,134.0,3.188,0.38,us,9.92,6.729,0.176,9
20.9654,120.9326,10.0,4.2,32,99.0,1.848,0.79,us,6.46,1.922,0.153,14
53.3263,159.4113,77.507,4.2,23,163.0,0.55,0.89,us,15.22,10.214,0.128,17
50.6857,157.0186,64.782,4.3,49,135.0,2.463,0.48,us,11.1,7.612,0.094,32
-19.0163,-174.7653,93.302,4.8,63,85.0,4.576,0.88,us,11.59,7.239,0.033,287
-26.7074,-175.8669,10.0,4.9,46,107.0,9.36,0.63,us,12.57,1.866,0.083,45
-5.4174,129.2534,258.344,4.0,26,59.0,1.101,0.62,us,10.16,8.331,0.165,10
49.8301,155.9703,54.332,4.1,54,233.0,3.456,0.48,us,14.95,10.694,0.08,43
-23.7252,-179.435,532.579,4.1,23,156.0,6.397,0.75,us,12.36,11.164,0.131,17
-0.1295,99.9834,10.0,4.6,25,167.0,2.797,0.94,us,10.07,1.928,0.137,19
39.2718,143.6802,10.0,4.2,20,154.0,2.516,1.34,us,8.17,1.945,0.187,8
51.5882,160.6574,10.0,4.3,26,229.0,1.893,0.69,us,13.56,1.983,0.122,19
-17.8225,-179.1344,560.052,4.1,57,136.0,1.958,0.49,us,11.85,7.158,0.077,46
-7.2627,129.6257,117.014,4.1,16,98.0,5.044,0.63,us,6.01,12.69,0.165,12
-32.0064,-69.265,118.123,4.5,58,41.0,0.683,0.92,us,4.97,5.805,0.056,95
18.1329,145.2906,450.422,4.0,51,117.0,2.915,0.61,us,13.53,9.959,0.081,41
-28.4498,-68.9984,94.818,4.5,30,46.0,1.596,0.97,us,6.72,7.73,0.131,17
29.2506,129.5135,10.0,4.3,26,112.0,2.393,0.72,us,8.7,1.9,0.122,19
51.9306,-167.2686,10.0,3.5,28,227.0,1.425,0.84,us,6.59,2.009,0.221,5
49.1092,155.9927,46.79,4.4,22,129.0,4.146,0.69,us,11.63,8.854,0.149,13
35.8935,140.1659,77.893,4.5,34,145.0,1.71,0.51,us,5.59,7.923,0.124,19
51.8397,160.3231,36.34,4.7,39,154.0,1.567,1.02,us,9.61,7.834,0.065,71
5.2363,125.3653,30.268,5.0,67,48.0,0.513,0.83,us,6.4,4.43,0.046,150
49.3538,98.1702,10.0,4.2,35,95.0,4.198,1.01,us,9.27,1.958,0.115,21
-10.5971,120.1706,10.0,4.2,26,83.0,0.931,0.92,us,4.68,1.896,0.136,15
-57.1929,-67.9056,10.0,4.3,25,164.0,2.271,0.53,us,12.28,1.971,0.122,19
37.2072,141.1066,51.068,4.4,29,134.0,2.416,0.62,us,4.33,8.448,0.13,17
51.4095,177.1479,35.0,3.7,26,215.0,1.006,0.73,us,7.24,2.012,0.126,16
50.2297,158.3352,29.28,4.1,14,232.0,2.805,0.61,us,10.21,8.114,0.213,6
30.7267,70.2794,10.0,4.1,20,244.0,3.899,0.7,us,9.43,1.965,0.144,13
-5.7939,152.6694,10.0,4.4,36,137.0,1.61,0.81,us,6.53,1.826,0.101,30
49.9371,159.3518,10.0,4.6,74,128.0,3.122,0.72,us,8.77,1.889,0.038,211
50.3502,156.6494,76.896,4.3,39,130.0,2.838,0.83,us,11.7,8.082,0.08,44
52.546,160.9573,10.0,4.4,37,134.0,1.481,0.97,us,8.61,1.814,0.108,25
-21.2697,171.4801,10.0,4.9,62,75.0,3.976,0.71,us,5.43,1.894,0.072,60
-6.5058,128.9902,214.82,4.4,33,103.0,4.821,0.71,us,10.21,8.365,0.11,24
-18.235,-178.0515,585.429,4.2,42,133.0,3.019,0.65,us,11.67,8.852,0.099,28
39.6,143.1874,36.537,4.5,111,103.0,2.014,0.57,us,6.9,5.973,0.054,100
35.7896,21.752,32.234,4.6,74,61.0,1.393,0.94,us,7.57,5.658,0.067,67
31.1981,49.525,10.0,4.0,21,239.0,5.045,0.59,us,11.43,2.01,0.149,12
52.3793,160.8381,10.0,4.5,16,171.0,1.48,0.59,us,12.19,1.954,0.191,10
29.3263,129.5778,10.0,4.7,45,110.0,2.303,0.6,us,6.85,1.879,0.061,88
14.0294,-92.7623,10.0,4.2,27,200.0,1.196,0.84,us,7.52,1.981,0.186,8
51.4128,159.5325,26.057,4.6,30,138.0,1.702,0.87,us,7.52,6.434,0.122,20
-6.2751,129.0844,234.262,4.5,67,53.0,4.589,0.55,us,8.57,7.539,0.084,41
9.3705,127.1473,10.0,4.5,17,139.0,2.763,0.55,us,10.97,1.909,0.156,12
-18.8186,-174.6836,102.878,4.6,29,86.0,4.509,0.68,us,13.21,8.366,0.114,23
-5.2595,152.1862,60.841,5.0,70,71.0,0.97,0.47,us,8.22,4.977,0.075,57
51.8277,159.1275,48.446,4.4,63,125.0,1.233,1.08,us,8.75,6.98,0.059,82
-24.1663,-115.4342,10.0,4.5,35,164.0,39.546,0.9,us,15.12,1.91,0.094,33
36.5384,70.516,217.624,4.0,26,151.0,2.312,0.89,us,6.38,10.435,0.211,6
53.5281,153.7868,469.656,4.3,115,88.0,2.384,0.67,us,10.71,7.198,0.042,164
51.0631,158.8749,35.0,5.2,192,90.0,1.968,0.72,us,8.53,1.83,0.041,192
49.5385,154.808,105.317,4.0,55,123.0,4.008,0.7,us,12.0,8.266,0.081,44
51.2443,157.5855,78.229,4.5,61,126.0,1.868,0.68,us,9.66,7.218,0.041,172
-17.8095,168.1927,25.311,4.4,18,125.0,2.533,0.76,us,8.78,5.898,0.149,13
44.1785,87.0464,10.0,4.4,21,109.0,3.62,0.59,us,6.5,1.881,0.189,8
14.3289,120.7398,221.545,4.4,74,67.0,8.449,0.91,us,8.53,5.689,0.064,70
5.9983,125.9874,152.424,4.2,23,183.0,1.139,0.53,us,9.87,7.5,0.147,13
18.8501,145.7151,201.514,4.7,96,84.0,3.59,0.82,us,9.99,7.219,0.031,317
-21.9882,-68.5779,122.452,4.2,20,83.0,0.645,0.71,us,5.46,6.798,0.186,8
11.8758,-87.1342,50.175,4.2,50,182.0,0.823,0.56,us,5.16,10.114,0.095,31
52.4435,160.7698,10.0,4.3,53,163.0,1.414,0.68,us,9.38,1.946,0.086,38
52.4238,-169.5357,39.206,3.7,27,176.0,0.688,0.98,us,6.94,8.836,0.126,16
50.933,157.3036,101.641,4.3,55,134.0,2.192,0.87,us,10.28,6.753,0.076,49
0.7147,-26.0178,10.0,4.9,87,93.0,11.815,0.49,us,9.41,1.328,0.063,80
29.296,129.2675,10.0,4.4,35,78.0,2.432,0.73,us,6.01,1.602,0.114,22
51.4214,159.5896,10.0,4.8,56,128.0,1.705,0.94,us,7.36,1.88,0.086,41
-5.3549,128.4253,321.083,4.0,37,86.0,4.516,0.87,us,7.91,8.88,0.113,21
52.7189,159.245,82.882,4.4,31,170.0,0.472,0.56,us,8.49,6.784,0.109,24
-23.4864,-179.9512,535.212,4.6,47,69.0,6.01,1.07,us,13.65,7.48,0.086,40
16.5418,-59.5537,10.0,4.2,29,189.0,1.46,0.55,us,4.49,1.968,0.237,5
-56.4636,-27.1634,104.503,4.3,26,170.0,5.748,0.66,us,8.81,9.696,0.106,25
30.8997,136.0842,10.0,4.2,25,69.0,3.386,0.45,us,8.01,1.917,0.16,11
51.8688,159.2945,35.0,4.9,133,121.0,1.222,0.58,us,8.97,1.869,0.027,418
50.441,158.766,10.0,4.7,104,89.0,2.587,0.57,us,9.2,1.884,0.056,98
-57.9396,-24.3082,10.0,4.4,20,100.0,16.368,0.71,us,14.28,1.938,0.123,20
13.0116,-88.6876,71.643,4.9,57,146.0,0.577,1.18,us,6.78,5.478,0.028,398
-8.2789,107.265,35.0,4.5,33,91.0,0.896,0.96,us,3.84,1.881,0.118,21
52.9406,160.7209,10.0,4.9,78,125.0,1.255,0.78,us,10.43,1.878,0.026,459
51.9143,158.3912,77.264,4.5,55,138.0,1.122,0.65,us,8.26,7.038,0.064,73
51.8646,155.998,200.867,4.1,34,137.0,1.623,0.29,us,15.32,8.454,0.107,24
-47.9051,116.1308,10.0,4.5,19,97.0,14.984,0.78,us,13.93,1.874,0.131,17
6.5236,-76.2637,10.0,4.9,64,86.0,2.553,1.1,us,7.21,1.883,0.031,319
28.0848,87.571,10.0,4.1,12,100.0,3.511,1.29,us,10.64,1.918,0.139,14
49.0002,155.6825,54.831,4.2,31,75.0,4.305,0.53,us,11.47,6.084,0.098,29
-17.0714,-174.113,132.07,4.4,34,99.0,3.865,1.13,us,9.66,6.558,0.105,26
17.4847,-61.2607,22.975,4.3,39,178.0,0.533,0.82,us,5.65,7.212,0.201,8
51.1568,157.7994,66.119,4.2,53,127.0,1.942,0.81,us,9.63,7.195,0.086,38
-24.7046,-175.8653,35.0,4.4,16,216.0,8.949,0.71,us,15.76,1.995,0.148,13
13.3398,-44.6913,10.0,5.0,117,75.0,11.331,0.45,us,8.23,1.897,0.037,233
52.5183,159.2832,78.18,4.5,43,162.0,0.636,0.77,us,11.48,7.47,0.091,35
51.3487,159.6993,21.383,4.6,38,168.0,1.797,0.5,us,9.94,6.838,0.094,34
52.1106,160.5416,10.0,5.0,103,118.0,1.473,0.82,us,8.19,1.881,0.055,105
51.9821,-171.1032,35.0,3.8,20,207.0,1.086,0.84,us,5.02,1.997,0.16,12
25.0212,122.7764,153.841,4.2,45,46.0,0.591,0.89,us,5.25,6.002,0.1,28
9.5201,93.4167,10.0,4.5,31,118.0,6.177,0.53,us,7.82,1.772,0.121,20
52.2917,160.6075,10.0,4.2,35,164.0,1.4,0.77,us,11.76,1.855,0.113,22
8.8684,126.7666,46.24,4.5,44,73.0,2.139,0.67,us,8.47,6.267,0.078,49
7.2367,-82.35,10.0,4.1,17,170.0,2.199,0.32,us,8.22,1.946,0.233,6
19.1121,96.4997,10.0,4.4,38,113.0,1.398,0.8,us,7.2,1.905,0.11,24
51.4867,16.0497,5.0,4.5,36,35.0,1.151,0.79,us,5.58,1.898,0.128,18
51.4463,159.9316,10.0,4.3,23,128.0,1.765,0.87,us,9.11,1.94,0.134,16
-27.8354,-66.9033,147.458,4.7,64,43.0,3.1,0.72,us,7.18,7.309,0.032,304
11.6459,144.2293,10.0,4.3,18,167.0,2.03,0.94,us,11.01,1.955,0.148,13
18.7706,145.3928,186.068,3.6,12,147.0,3.531,1.32,us,10.23,12.07,0.167,9
43.3963,148.0922,10.0,4.6,46,135.0,3.89,0.87,us,11.29,1.831,0.096,32
49.9193,158.0693,10.0,4.1,33,138.0,3.13,0.68,us,11.76,1.905,0.117,20
-2.2271,101.1577,95.015,4.2,18,156.0,2.777,0.93,us,5.81,9.178,0.176,9
1.9862,126.7697,35.0,4.8,55,90.0,3.017,1.05,us,8.1,1.912,0.076,53
-60.2489,-62.2307,10.0,5.0,40,100.0,4.62,0.44,us,10.61,1.87,0.092,38
0.6602,67.2383,10.0,4.6,45,83.0,5.758,0.82,us,8.0,1.87,0.087,40
50.5109,157.7844,35.0,4.7,60,131.0,2.573,0.68,us,9.27,1.924,0.038,209
52.5331,160.7241,20.89,5.2,94,129.0,1.352,1.02,us,9.57,5.468,0.034,286
37.7305,141.67,84.827,4.3,27,161.0,3.009,0.74,us,8.81,10.154,0.177,9
50.6833,158.1511,27.675,4.7,134,88.0,2.364,0.79,us,8.39,5.359,0.05,121
26.2732,141.0657,117.054,4.5,35,122.0,1.294,0.65,us,9.64,7.295,0.089,37
-20.634,-176.4927,257.819,4.2,19,103.0,5.699,0.7,us,13.47,13.305,0.132,19
-23.2349,170.9097,10.0,5.0,55,85.0,3.252,0.84,us,8.62,1.806,0.102,31
52.4876,160.7322,27.944,4.4,19,121.0,1.375,1.11,us,11.14,6.377,0.161,11
-59.9755,-61.6371,10.0,5.0,23,124.0,4.945,1.11,us,10.09,1.904,0.129,19
37.2323,20.4701,37.579,4.7,58,48.0,1.163,0.76,us,6.54,7.66,0.062,79
-41.2422,-85.6212,10.0,4.5,22,132.0,9.307,0.64,us,7.44,1.863,0.144,14
-17.5392,-69.3885,151.621,4.4,18,84.0,0.101,0.8,us,5.86,6.211,0.17,11
52.5768,158.8983,91.289,4.2,24,196.0,0.901,0.79,us,15.38,9.988,0.137,15
52.8339,160.9304,10.0,4.8,88,128.0,1.393,0.94,us,7.89,1.78,0.04,188
48.7535,156.3324,10.504,4.5,53,137.0,4.445,0.81,us,9.18,5.169,0.074,54
4.2042,122.7437,10.0,5.0,94,34.0,2.777,0.55,us,6.71,1.831,0.066,73
41.2535,142.6957,42.963,4.4,48,172.0,0.836,0.86,us,9.23,8.886,0.086,39
11.0283,-87.0723,10.0,4.3,19,195.0,1.376,0.79,us,5.95,1.978,0.188,8
50.9219,157.9667,40.798,4.3,91,98.0,2.147,0.61,us,8.41,4.416,0.061,76
26.0221,128.3885,10.0,4.3,23,79.0,0.817,1.2,us,5.63,1.259,0.142,14
51.0961,159.8226,10.0,4.2,23,133.0,2.061,0.93,us,8.35,1.85,0.152,15
52.4631,160.594,35.0,4.5,32,214.0,1.308,1.15,us,12.35,1.989,0.116,22
-60.1547,-61.7811,10.0,4.8,20,145.0,4.755,0.58,us,9.14,1.908,0.111,25
49.2905,157.7345,10.0,4.5,52,138.0,3.782,0.52,us,9.15,1.744,0.088,38
37.1337,71.4437,113.609,4.7,151,76.0,1.438,0.62,us,5.76,4.595,0.043,170
52.3142,159.1879,82.068,4.1,23,137.0,0.782,0.97,us,10.47,7.116,0.131,18
22.7737,94.534,105.853,4.1,19,148.0,1.6,0.39,us,8.44,11.694,0.174,9
24.998,122.8429,10.0,4.2,19,145.0,0.55,0.64,us,4.46,1.931,0.2,7
52.8741,160.8404,29.932,4.0,19,119.0,1.334,0.85,us,7.93,6.486,0.134,15
21.0544,121.9087,10.0,4.7,83,68.0,1.916,0.57,us,7.83,1.871,0.067,68
49.913,156.0453,69.78,4.2,67,135.0,3.362,0.57,us,11.73,7.994,0.075,49
-22.2542,-68.4574,112.746,4.4,32,94.0,0.741,0.95,us,5.93,6.441,0.13,17
51.2479,159.3673,32.603,4.7,40,131.0,1.832,0.8,us,11.88,3.761,0.068,66
52.1872,159.2574,59.053,4.5,59,162.0,0.916,0.49,us,9.41,7.225,0.061,80
34.461,62.0597,10.0,4.1,24,117.0,7.081,0.88,us,10.02,1.961,0.126,17
29.2614,99.6697,25.117,4.9,70,66.0,7.459,0.57,us,8.12,5.022,0.065,74
39.1389,28.171,10.0,4.1,27,57.0,0.987,1.01,us,3.91,1.937,0.165,10
53.8999,-166.6306,5.871,3.7,38,91.0,0.037,0.55,us,4.17,6.038,0.29,3
41.0802,142.8917,54.877,4.2,27,137.0,0.955,0.79,us,7.35,8.011,0.131,16
52.5755,160.6702,35.613,4.4,16,134.0,1.306,0.67,us,12.19,7.781,0.162,11
32.5027,142.4884,10.0,4.4,22,129.0,2.334,1.24,us,8.94,1.9,0.155,12
50.2502,-173.2148,10.0,3.8,83,201.0,2.049,1.21,us,9.23,1.984,0.085,36
53.0152,161.7833,10.0,4.7,148,114.0,1.893,0.57,us,10.42,1.882,0.044,155
9.452,-40.4419,10.0,4.3,19,77.0,12.847,1.1,us,11.42,1.876,0.148,13
35.5543,69.7007,29.449,4.2,17,166.0,1.136,1.11,us,7.19,7.425,0.216,6
-52.7572,27.0588,10.0,4.3,9,122.0,20.862,0.39,us,11.74,1.913,0.189,8
3.5889,128.4732,10.0,4.3,17,150.0,3.195,0.53,us,8.71,1.919,0.168,10
52.1778,160.2185,35.0,4.1,20,166.0,1.278,0.66,us,10.05,1.949,0.166,12
51.9517,160.8726,10.0,4.1,14,217.0,1.732,0.93,us,7.21,1.992,0.213,7
49.7474,157.6091,10.0,4.5,60,136.0,3.345,0.58,us,11.55,1.897,0.077,49
52.0585,178.4925,157.232,3.7,36,131.0,0.114,0.82,us,14.96,10.175,0.097,27
-59.1087,-25.5829,84.863,5.2,58,75.0,7.704,1.11,us,12.39,6.426,0.071,65
51.395,161.0675,10.0,4.1,32,130.0,2.207,0.63,us,10.33,1.934,0.103,26
29.343,129.308,10.0,4.8,47,69.0,2.375,1.15,us,6.56,1.781,0.065,73
40.9934,78.2595,10.0,4.4,42,157.0,0.752,0.93,us,5.57,1.916,0.105,26
27.8174,56.7028,10.0,4.4,55,76.0,2.895,0.62,us,9.3,1.89,0.079,46
39.2158,28.1138,10.0,4.1,28,57.0,0.951,0.87,us,4.06,1.921,0.213,6
51.5344,159.1375,35.0,4.2,34,143.0,1.521,0.4,us,9.81,1.958,0.121,19
-3.6464,144.1254,10.0,4.4,22,116.0,3.597,0.81,us,5.74,1.913,0.127,18
-4.7938,34.9508,10.0,4.2,14,148.0,3.921,0.79,us,10.81,1.968,0.199,7
-7.097,129.4564,121.292,4.3,16,94.0,4.996,0.89,us,9.93,7.643,0.201,7
39.1738,28.2562,10.0,4.1,50,56.0,1.056,0.88,us,4.88,1.943,0.151,12
52.6663,160.7467,30.467,4.7,58,119.0,1.321,0.63,us,10.52,5.787,0.041,183
54.459,-159.6977,33.217,4.1,112,163.0,0.378,0.58,us,5.69,6.304,0.14,14
-36.4262,-111.0316,10.0,4.6,12,177.0,33.015,0.5,us,18.85,1.853,0.181,9
13.1322,50.1725,10.0,4.4,21,147.0,7.333,0.87,us,12.7,1.886,0.143,14
-5.8083,154.75,171.592,4.1,21,204.0,3.036,0.77,us,17.32,16.754,0.135,15
29.8986,139.0415,415.572,4.0,98,86.0,3.274,0.79,us,9.04,8.332,0.059,78
44.4079,-129.4365,10.0,4.0,80,194.0,3.937,0.7,us,9.21,1.998,0.122,19
-46.031,-16.2286,10.0,5.0,65,70.0,15.345,0.55,us,11.22,1.837,0.076,56
49.7593,157.2811,10.0,4.4,40,138.0,3.364,0.44,us,10.55,1.901,0.1,29
-20.2638,-178.4018,594.8,4.3,55,97.0,4.187,0.88,us,14.62,7.648,0.066,67
-33.9256,-178.3594,10.0,4.5,17,248.0,4.529,0.41,us,14.83,2.001,0.157,12
51.156,159.7907,10.0,4.4,35,129.0,1.998,0.54,us,9.82,1.912,0.108,25
-9.5515,112.6251,36.169,4.0,14,90.0,1.852,0.81,us,7.13,11.179,0.164,10
49.8415,157.7129,25.1,4.3,26,138.0,3.24,0.4,us,11.96,6.111,0.129,17
0.9508,126.1289,39.214,4.6,59,65.0,3.812,0.84,us,4.92,6.237,0.088,39
-22.0257,-179.6045,606.847,4.4,27,200.0,4.795,0.65,us,12.91,15.674,0.107,25
29.3935,129.4081,10.0,5.0,56,90.0,2.738,1.13,us,7.36,1.841,0.044,166
50.1937,157.2521,35.0,4.6,59,131.0,2.932,0.53,us,9.94,1.916,0.055,98
52.5771,160.9314,10.0,4.3,20,150.0,1.455,1.13,us,10.96,1.92,0.168,14
2.9943,127.6714,97.541,4.5,49,67.0,2.229,0.95,us,7.95,6.871,0.09,36
32.9098,-39.8434,10.0,4.4,40,131.0,20.853,0.92,us,13.59,1.918,0.086,39
53.1798,161.3413,10.0,4.1,30,117.0,1.63,0.4,us,9.38,1.873,0.124,18
52.333,160.2423,43.243,4.6,101,143.0,1.191,0.88,us,9.2,7.624,0.051,116
51.971,160.9009,10.0,4.2,13,244.0,2.263,0.77,us,7.97,2.009,0.152,12
18.3211,145.373,503.917,3.8,20,144.0,3.089,0.38,us,11.83,11.437,0.147,12
-22.8719,-179.4342,535.764,4.4,41,93.0,9.65,0.82,us,15.78,10.13,0.086,39
28.2952,51.6921,10.0,4.1,40,172.0,5.238,0.97,us,10.41,1.97,0.097,29
52.81,161.0671,26.364,4.6,26,120.0,1.479,0.89,us,7.93,4.801,0.132,17
37.6698,138.8388,185.842,4.3,58,146.0,1.231,0.86,us,10.19,7.695,0.08,45
48.8898,156.9026,10.0,4.2,18,171.0,4.254,1.23,us,10.51,1.797,0.152,12
-20.8173,-178.9283,482.157,3.9,18,133.0,4.18,0.7,us,18.53,11.96,0.132,15
-33.8851,-179.2063,41.327,4.2,14,263.0,4.19,0.33,us,17.27,12.589,0.186,8
29.9566,84.4391,10.0,4.6,70,78.0,5.816,0.56,us,9.1,1.794,0.067,66
52.0713,-170.7175,41.31,3.8,33,181.0,0.87,0.89,us,6.51,9.54,0.17,9
-54.1579,-136.4096,10.0,4.8,27,105.0,36.01,0.63,us,15.71,1.867,0.124,23
36.8318,134.788,390.441,4.1,68,47.0,2.341,0.56,us,8.21,8.08,0.074,56
15.8203,-95.1353,49.469,4.1,50,133.0,1.766,0.87,us,3.84,12.88,0.078,45
-12.0871,166.2017,81.535,4.5,35,145.0,3.479,1.27,us,11.48,8.741,0.1,29
-18.131,-69.5308,129.101,4.4,37,65.0,0.541,0.68,us,4.32,5.352,0.104,27
34.1815,137.2194,333.697,4.1,53,67.0,1.176,0.79,us,9.22,6.629,0.063,69
50.9094,159.0052,10.0,4.3,19,225.0,2.129,1.07,us,12.97,1.973,0.148,13
39.4366,73.9333,10.0,4.3,20,160.0,1.538,0.89,us,5.37,1.932,0.2,7
49.6295,156.7144,38.78,5.0,187,54.0,3.538,0.51,us,8.15,6.31,0.029,365
-1.9653,117.4942,10.0,4.6,63,87.0,1.036,0.9,us,5.24,1.86,0.077,51
52.779,159.558,80.64,4.0,17,146.0,1.172,0.91,us,12.47,8.457,0.164,10
52.5359,159.3513,41.561,4.3,18,175.0,0.648,1.05,us,7.76,8.605,0.154,12
-5.5745,147.0821,216.117,4.4,25,145.0,3.519,1.24,us,11.98,10.68,0.126,18
51.4573,159.5796,26.191,4.1,25,127.0,1.669,0.9,us,8.74,4.942,0.111,22
-7.5157,127.9273,141.522,4.0,18,71.0,4.248,0.99,us,12.06,11.238,0.164,10
34.8189,140.1285,51.969,4.4,17,160.0,1.719,0.48,us,7.78,10.103,0.202,7
9.0575,93.7358,10.0,4.3,23,179.0,5.815,1.09,us,9.03,1.868,0.154,13
27.5908,56.1931,10.0,4.1,16,135.0,2.635,0.82,us,14.37,1.951,0.158,11
34.4524,62.1148,9.422,4.1,24,131.0,4.742,0.67,us,12.77,7.014,0.119,19
-37.595,-69.999,212.402,4.9,69,101.0,2.297,0.84,us,8.63,6.993,0.068,68
79.448,4.4962,10.0,4.2,26,177.0,1.503,1.01,us,10.76,1.94,0.121,19
19.2441,-104.3128,10.0,4.3,100,109.0,0.454,0.53,us,4.81,1.849,0.052,105
-49.7175,163.7419,10.0,4.5,24,129.0,4.047,0.49,us,10.39,1.925,0.131,17
51.914,160.6626,10.0,4.1,26,135.0,1.658,1.08,us,9.51,1.691,0.131,16
38.3161,142.0482,57.554,4.4,38,148.0,2.584,0.43,us,9.05,8.524,0.12,20
51.3884,160.0065,10.0,4.2,17,134.0,1.838,0.73,us,12.76,1.958,0.152,13
29.277,129.5242,10.0,4.3,18,111.0,2.365,0.32,us,5.97,1.916,0.177,10
1.0344,97.1099,10.0,4.7,69,139.0,2.45,0.44,us,7.04,1.888,0.072,59
51.4997,159.9862,10.0,4.2,27,128.0,1.733,0.96,us,6.17,1.912,0.132,21
34.1184,137.7707,10.0,4.8,69,65.0,1.372,0.61,us,4.73,1.838,0.056,100
-10.7583,161.8188,41.106,4.7,47,109.0,2.262,0.7,us,9.94,7.771,0.085,42
39.4944,143.4536,30.402,4.1,24,151.0,2.242,0.66,us,8.97,6.864,0.165,10
3.0847,-31.4127,10.0,4.6,22,86.0,20.227,0.74,us,13.45,1.898,0.128,21
51.0705,159.9538,10.0,4.0,34,223.0,2.115,0.83,us,10.36,1.983,0.088,36
37.7812,72.0809,133.289,4.3,24,128.0,0.619,0.83,us,8.25,6.79,0.16,11
-32.9493,-178.1687,10.0,4.6,26,175.0,3.698,0.86,us,11.22,1.948,0.125,23
52.6224,159.6677,48.87,4.3,52,120.0,0.737,0.76,us,8.21,6.077,0.083,41
-21.8729,169.5863,10.0,4.2,11,140.0,2.115,0.8,us,8.88,1.957,0.199,8
54.9538,-161.0595,80.002,3.4,34,152.0,0.503,0.45,us,4.85,6.296,0.245,4
35.7046,140.3113,51.81,4.4,17,125.0,1.896,0.52,us,8.44,10.89,0.18,9
37.0357,69.1355,10.0,4.3,19,255.0,1.618,0.52,us,7.91,1.992,0.188,8
53.2245,160.3688,45.096,5.2,154,108.0,1.055,0.68,us,9.38,6.757,0.029,396
12.8319,145.5557,10.0,4.5,32,117.0,1.007,0.69,us,6.59,1.893,0.116,22
-31.2502,-178.2403,35.0,4.6,16,180.0,6.912,0.74,us,13.57,1.875,0.137,16
53.015,161.1316,10.0,4.1,27,183.0,1.499,0.62,us,11.86,1.962,0.107,24
40.8936,142.7446,46.719,4.1,38,153.0,1.162,0.7,us,6.49,8.998,0.12,19
-5.4812,152.5427,10.0,4.1,20,155.0,1.336,0.78,us,8.98,1.832,0.134,15
52.1476,159.7059,36.363,4.7,49,159.0,1.088,0.88,us,11.5,8.564,0.078,49
38.5547,141.4848,87.939,4.4,40,134.0,2.255,0.99,us,8.72,8.702,0.112,24
52.2378,160.6673,10.0,4.8,46,123.0,1.46,1.19,us,9.77,1.893,0.075,55
51.5097,159.6275,27.756,4.6,33,127.0,1.631,0.61,us,9.58,5.801,0.107,26
45.4527,153.3985,10.0,4.3,18,156.0,7.803,1.07,us,14.97,1.955,0.154,12
2.0301,127.9871,102.214,4.5,19,100.0,1.395,0.62,us,9.31,9.949,0.156,12
-7.9282,117.6939,8.364,4.1,20,81.0,0.897,0.82,us,3.73,5.23,0.213,7
49.831,157.0212,35.0,4.3,32,135.0,3.309,0.87,us,12.4,1.937,0.109,24
39.1968,28.1279,10.0,4.4,34,44.0,0.959,0.75,us,4.1,1.93,0.189,8
16.3206,-59.6292,10.0,4.5,56,101.0,1.38,0.59,us,8.31,1.909,0.099,30
50.9309,158.5442,10.0,4.4,47,129.0,2.097,0.5,us,10.53,1.919,0.084,41
-10.1094,116.1328,52.225,4.9,49,156.0,2.062,0.63,us,9.19,6.732,0.091,43
39.4846,143.2361,40.066,4.9,61,126.0,2.114,0.91,us,8.71,7.045,0.047,141
-23.4158,170.6464,10.0,4.4,20,245.0,3.054,0.73,us,12.06,1.998,0.156,13
-29.3489,-71.46,38.049,4.0,27,141.0,0.6,1.07,us,4.13,10.869,0.367,2
7.0629,126.8262,68.937,4.6,57,125.0,1.238,1.19,us,8.56,7.364,0.076,51
14.693,54.7985,10.0,4.7,59,98.0,10.078,0.73,us,10.89,1.908,0.078,50
-11.4339,166.3739,67.553,5.0,85,102.0,4.07,0.56,us,8.63,5.991,0.063,80
27.5462,52.5287,10.0,4.2,18,111.0,4.195,1.13,us,4.88,1.927,0.136,15
34.4206,21.9705,35.0,4.2,18,146.0,2.752,0.83,us,9.56,1.968,0.199,7
52.4792,160.7599,10.0,4.7,37,165.0,1.393,0.95,us,9.91,1.73,0.108,26
51.1038,159.5442,10.0,4.2,19,175.0,2.0,0.58,us,8.18,1.969,0.159,11
39.4388,143.2757,43.286,4.5,39,135.0,2.167,0.32,us,5.75,7.664,0.104,27
-57.9903,157.741,10.0,4.5,16,99.0,3.564,0.89,us,13.09,1.924,0.125,19
32.4703,84.6414,10.0,4.2,37,156.0,6.209,1.23,us,10.3,1.924,0.11,23
49.1522,155.5654,64.685,4.8,66,134.0,4.183,0.95,us,9.65,6.88,0.03,345
-5.2351,151.4657,142.336,4.2,28,146.0,1.249,0.94,us,11.52,7.917,0.11,23
7.3146,126.873,50.518,4.5,34,70.0,1.307,0.6,us,6.59,8.138,0.113,25
-24.1237,-67.0744,188.778,4.2,14,111.0,1.545,0.77,us,7.94,13.711,0.263,4
-9.1139,123.9199,94.87,4.2,24,103.0,0.723,0.64,us,7.71,8.286,0.128,19
-55.142,-1.3455,10.0,4.4,13,121.0,16.606,0.51,us,7.23,1.919,0.148,13
-26.6063,-114.6182,10.0,4.6,20,176.0,38.883,0.52,us,12.3,1.88,0.132,17
41.1977,142.6177,45.719,4.7,65,133.0,0.911,0.98,us,6.26,7.623,0.06,85
39.4542,20.6484,22.053,4.1,80,66.0,1.38,1.08,us,5.96,5.361,0.088,35
2.0506,126.7202,53.748,4.7,86,80.0,1.425,0.78,us,5.89,7.232,0.052,113
-14.5097,-73.6093,88.454,4.5,31,123.0,4.024,0.7,us,8.29,7.818,0.11,24
-17.6386,-178.6599,561.135,4.4,29,164.0,2.21,0.42,us,16.53,9.568,0.105,26
-1.7712,128.6834,10.0,4.4,27,97.0,2.728,0.66,us,8.5,1.931,0.13,17
52.7286,160.5232,10.0,4.8,31,110.0,1.173,1.28,us,5.66,1.839,0.101,30
52.3331,160.0237,37.905,4.7,27,68.0,1.613,0.63,us,10.17,8.038,0.112,24
-18.0233,-177.7486,626.135,4.3,41,117.0,3.153,0.82,us,15.92,9.681,0.097,30
44.7058,146.4943,156.664,4.2,116,132.0,2.856,0.55,us,10.56,8.238,0.053,101
-22.2626,-179.5415,603.486,4.5,53,73.0,5.031,0.68,us,12.02,8.25,0.076,50
50.157,158.5795,10.0,4.6,40,136.0,2.871,0.61,us,10.39,1.903,0.095,33
51.6457,159.3114,59.317,4.5,26,137.0,1.438,0.73,us,6.9,7.486,0.103,28
51.6891,-173.4391,35.0,3.9,29,177.0,0.695,0.55,us,4.94,1.888,0.091,32
51.332,159.1397,35.0,4.4,46,177.0,1.721,1.24,us,8.11,1.757,0.094,35
51.6947,159.1933,30.051,4.3,28,147.0,1.372,0.92,us,9.97,8.63,0.122,19
49.4797,155.9804,46.212,4.3,36,136.0,3.79,0.65,us,11.12,8.318,0.104,26
-21.361,-179.4138,600.638,4.4,80,101.0,4.318,0.79,us,12.48,9.196,0.06,80
40.0496,145.275,10.0,4.3,23,135.0,2.534,0.72,us,8.95,1.926,0.137,15
7.5157,126.9389,20.631,4.4,33,65.0,1.42,0.97,us,8.95,5.74,0.105,26
-11.7641,165.1128,10.0,4.6,26,53.0,4.187,0.66,us,9.02,1.836,0.132,19
-21.0645,-177.9776,445.052,4.8,76,125.0,4.994,0.74,us,13.13,7.0,0.052,116
83.4353,115.4628,10.0,4.0,30,105.0,13.778,0.82,us,14.15,1.948,0.11,22
-23.7261,179.9473,522.823,4.6,58,65.0,5.816,1.09,us,12.31,6.544,0.038,218
41.5672,142.1152,59.846,4.3,84,122.0,0.898,0.74,us,6.58,7.974,0.065,67
34.505,70.6411,10.0,4.4,43,141.0,1.244,1.32,us,8.01,1.917,0.1,29
-0.4948,-20.0117,10.0,4.6,25,100.0,9.131,0.73,us,7.6,1.709,0.136,16
39.3041,143.5875,10.0,5.2,88,97.0,2.439,0.64,us,6.83,1.86,0.044,172
84.9908,97.9913,10.0,4.4,44,39.0,11.499,0.95,us,10.07,1.908,0.094,33
-6.1582,147.7152,81.658,4.6,26,110.0,3.272,0.49,us,9.79,10.271,0.113,23
29.3051,129.4331,10.0,4.9,70,33.0,2.367,1.05,us,5.14,1.866,0.045,158
-57.5946,157.9058,38.39,4.5,25,100.0,3.158,0.85,us,11.18,8.813,0.128,18
12.8918,-89.2348,52.717,4.1,28,179.0,0.866,1.05,us,4.84,13.442,0.094,31
1.6654,127.3281,139.451,4.6,67,79.0,0.888,0.64,us,7.19,6.272,0.065,71
53.1063,159.8667,60.628,4.9,66,104.0,0.739,0.73,us,8.69,4.985,0.05,124
-60.1804,-62.1222,10.0,4.4,18,138.0,4.697,0.71,us,10.73,1.942,0.139,15
51.0471,159.1274,27.747,4.8,63,123.0,2.001,0.94,us,9.19,5.573,0.073,59
52.9756,159.4859,63.864,4.2,35,161.0,0.507,0.71,us,12.54,8.063,0.105,25
-17.8471,-178.1231,505.502,4.2,14,160.0,2.756,0.71,us,26.78,27.23,0.158,11
14.0683,145.0286,125.511,4.6,86,123.0,1.374,0.48,us,11.54,6.508,0.063,76
-13.7434,-76.9046,10.0,4.4,32,178.0,1.746,0.7,us,9.87,1.973,0.155,12
-38.5674,175.6741,151.908,4.1,24,58.0,0.471,0.37,us,4.89,3.03,0.166,10
-17.904,-177.4621,640.916,3.9,18,245.0,3.343,0.77,us,25.92,21.748,0.125,17
-7.312,128.9147,113.359,4.0,23,106.0,5.198,0.49,us,8.11,7.468,0.122,18
52.3073,160.3203,28.224,4.9,91,132.0,1.245,0.62,us,10.87,5.725,0.045,156
50.0155,157.339,35.027,4.8,64,133.0,3.105,0.76,us,10.18,7.149,0.046,150
-28.5559,-176.8027,35.0,4.6,22,127.0,1.203,0.79,us,10.99,1.936,0.123,20
27.9134,51.8213,10.0,4.1,14,175.0,4.917,0.65,us,7.25,1.981,0.214,6
52.6231,160.6758,10.0,4.3,37,120.0,1.293,1.03,us,9.2,1.904,0.103,27
34.9173,104.5187,10.0,4.3,26,147.0,1.235,0.84,us,8.01,1.916,0.148,13
-16.1351,178.5482,10.0,4.6,45,104.0,0.86,0.51,us,8.87,1.91,0.082,44
-0.8567,-78.1327,10.0,4.4,51,88.0,0.262,1.1,us,1.85,1.867,0.089,36
52.3106,160.543,10.0,4.3,18,147.0,1.906,1.15,us,11.83,1.942,0.137,15
11.8039,141.3984,35.0,4.5,29,109.0,3.823,0.48,us,10.23,1.938,0.125,20
52.1377,159.7096,35.0,4.9,81,123.0,1.098,0.99,us,7.04,1.791,0.047,141
-18.0362,-177.9854,582.74,4.1,36,109.0,2.964,0.71,us,14.28,4.77,0.101,27
49.3741,155.5437,59.187,4.5,25,138.0,3.977,0.76,us,11.29,8.224,0.124,19
52.3892,160.8127,10.0,4.2,21,160.0,1.461,0.8,us,11.14,1.97,0.153,12
-25.349,179.7565,502.35,4.4,36,132.0,7.731,0.78,us,13.9,10.452,0.107,25
-5.7837,-50.5111,9.8,4.3,18,109.0,0.793,1.17,us,7.82,5.032,0.129,17
51.3561,-176.6699,35.0,3.9,59,187.0,0.533,0.92,us,5.57,1.952,0.079,44
2.1725,127.7313,186.847,4.2,36,100.0,3.394,0.83,us,9.61,8.636,0.115,22
27.4166,52.5515,10.0,4.4,62,82.0,4.102,0.38,us,4.92,1.895,0.071,57
11.6636,141.8368,10.0,5.2,93,54.0,3.524,0.91,us,8.23,1.846,0.031,341
43.3283,-128.1845,10.0,4.0,40,219.0,3.036,0.61,us,12.18,2.012,0.195,7
-0.8783,-78.1101,4.899,4.2,18,87.0,0.289,0.71,us,1.58,6.31,0.198,7
3.0945,-31.3985,10.0,4.7,33,66.0,20.426,0.84,us,11.98,1.867,0.096,33
-1.9845,139.1742,35.0,4.2,17,80.0,1.18,1.01,us,4.53,1.927,0.146,13
51.254,160.4877,10.0,4.2,22,150.0,2.103,0.75,us,11.02,1.957,0.146,13
3.9851,125.0875,8.304,4.5,20,116.0,0.839,0.51,us,6.59,3.78,0.163,11
52.1653,161.4418,10.0,5.0,128,87.0,1.907,0.72,us,7.05,1.351,0.027,419
52.7348,158.8849,80.957,5.3,142,108.0,0.322,0.71,us,9.49,5.414,0.041,202
-3.824,99.7687,10.0,4.5,23,193.0,3.223,0.76,us,10.29,1.904,0.139,15
29.9971,131.046,36.263,4.4,24,135.0,1.591,0.53,us,8.23,8.378,0.155,12
51.1511,159.1691,10.0,4.4,34,137.0,1.902,0.56,us,11.33,1.925,0.107,25
-15.9789,-75.4902,10.0,4.6,29,139.0,4.179,0.62,us,11.47,1.906,0.129,18
-62.2292,-154.8408,10.0,4.5,9,176.0,19.74,1.05,us,19.35,1.944,0.191,8
51.5253,160.2937,10.0,4.4,20,220.0,2.247,0.72,us,7.56,1.899,0.123,19
52.3232,158.5801,89.371,4.6,36,122.0,0.703,1.3,us,11.01,7.364,0.099,30
51.4435,159.1498,25.927,4.6,47,137.0,1.612,1.04,us,12.8,6.595,0.068,67
52.3973,160.7279,10.0,4.2,28,122.0,1.411,0.87,us,6.86,1.909,0.115,21
51.0052,157.833,35.0,4.1,23,243.0,2.108,0.64,us,14.3,1.998,0.127,17
-6.5286,147.631,31.25,4.3,20,113.0,2.895,1.01,us,7.32,6.25,0.154,12
-41.2041,81.0679,10.0,4.4,21,147.0,28.256,1.24,us,16.14,1.924,0.126,18
8.6228,126.3529,74.651,4.8,110,41.0,1.723,0.83,us,8.54,4.684,0.047,139
52.2453,-168.4568,10.0,3.6,39,188.0,0.767,0.7,us,3.63,1.954,0.158,11
-55.0686,-128.6729,10.0,4.8,23,77.0,32.354,0.48,us,15.21,1.854,0.127,19
-57.9086,-9.2322,10.0,4.9,44,81.0,14.07,0.63,us,9.74,1.622,0.091,40
50.4259,159.1208,10.0,4.3,43,133.0,2.618,0.8,us,8.19,1.703,0.097,30
12.7385,-88.6758,42.113,4.1,35,171.0,0.803,0.8,us,4.99,10.498,0.105,25
50.9809,158.1246,35.0,4.3,37,122.0,2.071,0.81,us,10.77,1.942,0.096,31
-57.9612,-24.9253,39.639,4.9,34,93.0,7.437,1.04,us,7.25,6.952,0.098,33
50.2127,157.3502,45.368,4.6,22,132.0,2.908,1.11,us,11.53,7.894,0.129,25
52.6498,159.5787,25.423,6.1,57,67.0,0.676,0.7,us,7.89,5.64,0.088,49
52.8834,160.4775,10.0,4.2,29,162.0,1.115,0.78,us,12.11,1.903,0.124,18
-57.3559,-67.9582,10.0,4.4,23,167.0,3.415,1.37,us,8.25,1.912,0.134,16
-44.9441,167.4099,105.786,4.3,21,90.0,0.457,0.51,us,5.27,5.314,0.188,8
-17.4843,-70.2161,134.937,4.4,25,121.0,0.71,1.16,us,8.1,6.779,0.155,12
52.4463,160.4617,10.0,4.5,54,121.0,1.244,0.84,us,8.23,1.888,0.081,45
7.4751,127.2201,10.0,4.3,29,68.0,1.677,1.02,us,8.35,1.902,0.119,20
13.4191,50.7436,10.0,4.4,43,142.0,6.274,0.79,us,11.89,1.92,0.095,32
54.7679,160.0941,10.0,4.3,67,130.0,1.946,0.66,us,10.4,1.908,0.07,58
-56.135,-68.3922,10.0,4.0,10,145.0,2.584,0.82,us,7.76,1.93,0.259,4
8.5987,126.4932,90.97,4.1,15,136.0,1.769,0.92,us,13.16,6.533,0.197,9
34.7136,70.8489,10.0,4.3,19,238.0,1.428,0.6,us,14.86,2.009,0.119,20
19.2995,-109.1759,10.0,4.1,40,221.0,7.072,0.5,us,13.71,1.996,0.064,67
-20.4518,-175.6997,238.9,4.4,53,124.0,5.606,0.71,us,13.65,8.363,0.089,36
50.9878,159.374,10.0,4.7,105,125.0,2.087,1.01,us,8.21,1.884,0.054,104
51.4771,159.7448,26.02,4.5,40,128.0,1.689,1.11,us,9.39,5.782,0.093,34
48.9429,154.5563,84.354,4.1,19,137.0,4.618,0.71,us,13.16,8.918,0.139,14
39.6252,143.3878,10.0,4.2,34,132.0,2.125,0.85,us,4.84,1.877,0.115,21
39.0891,21.9981,12.72,4.3,55,61.0,0.272,0.82,us,4.74,4.893,0.116,21
-33.8138,-178.3053,10.0,4.2,18,248.0,4.646,1.02,us,13.44,1.996,0.159,11
-20.8221,-178.7479,588.62,4.4,29,139.0,4.301,0.57,us,17.17,13.969,0.12,22
2.6829,96.0411,35.0,4.4,13,209.0,2.879,0.52,us,15.94,1.989,0.19,8
-12.5471,166.4468,67.116,4.7,87,68.0,2.975,0.46,us,8.89,5.484,0.054,106
34.7251,32.5184,10.0,4.7,56,139.0,0.709,0.93,us,5.23,1.908,0.09,37
51.1722,160.888,10.0,4.5,41,131.0,2.311,0.39,us,9.36,1.904,0.064,71
60.4474,-139.5567,5.0,4.4,100,53.0,0.495,0.84,us,1.32,1.901,0.143,14
50.7426,160.2086,10.0,4.2,41,133.0,2.833,0.72,us,6.53,1.757,0.102,27
50.9043,157.4601,69.365,4.1,41,134.0,2.212,0.76,us,10.45,7.236,0.101,27
-24.3058,-67.1976,166.252,4.5,26,72.0,1.62,1.36,us,9.27,9.105,0.121,20
51.6151,159.5085,36.715,4.8,62,123.0,1.506,1.05,us,9.32,7.268,0.06,85
35.3936,22.9898,60.234,4.4,52,94.0,1.978,0.96,us,3.28,6.661,0.09,37
53.0707,159.9801,51.152,4.6,49,117.0,0.804,0.94,us,10.08,7.676,0.066,68
-22.0583,-68.6663,114.408,4.0,40,115.0,0.594,0.86,us,5.13,6.058,0.104,26
-54.3952,5.4974,10.0,5.0,33,97.0,17.714,0.46,us,12.58,1.882,0.115,24
13.8035,120.8927,10.0,4.4,28,104.0,14.169,1.17,us,13.54,1.925,0.123,19
-5.7179,152.5813,10.0,5.2,104,87.0,1.507,0.93,us,7.29,1.876,0.059,94
50.1769,155.9291,91.642,4.4,62,135.0,3.136,0.7,us,11.99,7.771,0.066,66
-8.0385,107.9432,45.43,4.4,17,95.0,0.642,0.85,us,7.08,5.34,0.178,10
12.813,125.6655,10.0,4.2,18,133.0,11.861,0.52,us,9.44,1.952,0.146,13
51.3358,159.2549,35.0,4.3,16,230.0,1.731,0.68,us,12.29,1.987,0.188,8
40.5063,143.5264,35.0,4.1,22,135.0,1.533,1.07,us,6.07,1.952,0.151,12
52.7905,160.529,10.0,4.2,69,150.0,1.162,0.97,us,9.03,1.921,0.064,68
52.8983,160.6814,10.0,4.3,65,172.0,1.235,0.57,us,11.54,1.945,0.068,61
51.6515,160.1221,10.0,4.7,79,125.0,1.644,0.83,us,7.62,1.833,0.045,150
13.6724,92.7915,10.0,4.7,46,68.0,6.925,0.59,us,7.19,1.868,0.093,35
51.5818,159.4382,35.0,4.7,31,127.0,1.523,0.56,us,8.91,1.94,0.117,23
-12.4565,125.7407,10.0,4.8,53,84.0,3.049,0.84,us,7.37,1.855,0.078,50
30.3115,140.8922,10.0,4.8,105,30.0,2.942,0.9,us,7.72,1.781,0.041,183
-0.337,99.2406,69.648,4.1,21,73.0,2.33,0.87,us,8.63,6.983,0.139,14
41.7464,142.7489,57.814,4.2,17,140.0,0.406,0.88,us,8.34,8.822,0.159,11
-23.8661,-67.9349,117.756,4.5,23,54.0,0.937,1.43,us,6.9,6.511,0.131,17
-17.9965,-178.482,587.926,4.3,56,82.0,2.548,0.48,us,12.59,8.297,0.048,124
16.4242,-59.6297,10.0,4.4,36,242.0,1.383,0.57,us,7.89,1.976,0.109,24
-22.9993,-69.2189,108.282,4.3,28,78.0,0.96,0.93,us,6.09,5.891,0.143,14
-18.278,-173.8274,169.964,4.5,22,97.0,3.781,0.46,us,10.33,7.704,0.139,15
8.9516,-83.1982,62.114,4.5,58,75.0,1.118,0.97,us,8.13,6.964,0.055,96
-18.159,168.024,35.0,4.7,28,99.0,2.809,0.95,us,5.87,1.766,0.126,19
67.8907,130.122,10.0,4.2,34,57.0,3.787,0.68,us,9.25,1.944,0.104,27
36.6145,140.7705,78.872,4.3,56,132.0,2.063,0.54,us,9.65,6.652,0.081,44
50.9796,158.2957,35.0,4.4,28,122.0,2.059,1.09,us,10.99,1.952,0.112,23
-14.675,166.6608,10.0,5.2,110,39.0,0.929,1.11,us,5.29,2.584,0.036,249
-9.6951,122.1727,66.901,4.2,22,74.0,1.055,0.76,us,6.15,8.55,0.146,13
7.7416,59.7774,10.0,4.5,53,171.0,17.445,0.74,us,8.81,1.894,0.079,47
52.0022,159.2389,49.491,4.7,119,124.0,1.084,0.79,us,7.32,4.853,0.033,278
-8.5603,110.5044,85.376,4.3,17,110.0,1.503,0.65,us,8.13,7.705,0.187,8
-20.0028,-175.9397,171.181,4.8,46,98.0,5.744,0.65,us,13.44,7.725,0.072,59
52.0961,159.2382,35.0,5.0,118,95.0,0.996,0.91,us,8.57,1.841,0.033,302
51.1777,159.3074,35.0,4.5,15,189.0,1.893,0.77,us,12.52,1.999,0.156,12
-9.0256,67.1896,10.0,4.3,21,76.0,5.45,0.67,us,14.15,1.912,0.16,12
28.1367,131.1038,10.0,4.4,31,138.0,2.31,0.93,us,7.13,1.89,0.138,15
34.2735,45.488,10.0,4.6,61,105.0,4.482,0.96,us,10.49,1.901,0.061,80
19.037,145.8981,149.951,4.0,21,109.0,3.777,1.15,us,15.36,8.749,0.143,13
53.2921,159.9945,49.698,4.2,27,164.0,0.853,0.74,us,13.2,14.446,0.1,28
50.8594,157.1081,80.863,4.2,27,137.0,2.282,0.7,us,12.75,8.336,0.124,18
50.932,157.0759,73.182,4.9,125,125.0,2.213,0.72,us,9.98,6.62,0.03,345
4.4657,-82.747,10.0,4.2,33,159.0,5.01,0.7,us,6.32,1.838,0.115,21
27.3994,52.6368,10.0,4.5,40,131.0,15.942,0.7,us,13.51,1.92,0.097,31
54.4231,-159.7891,24.221,4.2,93,168.0,0.425,0.73,us,3.85,5.893,0.152,12
-37.6129,78.51,10.0,4.3,11,116.0,42.874,1.04,us,16.9,1.943,0.168,10
-54.6475,158.6203,10.0,4.6,22,128.0,0.239,0.85,us,6.41,1.947,0.141,15
-3.22,148.9694,10.0,5.1,26,82.0,1.983,1.03,us,8.05,1.891,0.125,21
43.0378,145.9031,39.606,4.0,21,135.0,2.273,0.53,us,12.15,8.466,0.138,14
72.4889,3.0994,10.0,4.4,91,62.0,3.95,0.76,us,4.82,1.879,0.061,83
53.1411,160.224,62.626,4.6,83,117.0,1.522,0.61,us,10.07,7.441,0.06,84
50.0369,159.4184,10.0,4.8,62,135.0,3.029,0.58,us,9.4,1.891,0.034,269
21.4488,96.0769,10.0,4.3,20,112.0,1.108,0.49,us,6.23,1.931,0.201,7
51.8202,158.4768,71.892,4.9,59,127.0,1.21,0.58,us,12.32,6.235,0.077,53
49.3278,155.3228,64.897,4.6,74,134.0,4.069,0.6,us,10.09,7.285,0.045,148
23.1183,120.6686,10.0,5.1,198,50.0,0.185,0.49,us,5.04,1.756,0.038,223
52.7207,160.7473,10.0,4.2,36,148.0,1.307,0.89,us,9.83,1.937,0.11,23
51.8379,159.8056,35.0,4.5,30,135.0,1.382,0.73,us,11.18,1.939,0.127,18
51.3867,159.5006,10.0,4.5,40,128.0,1.721,0.61,us,5.37,1.882,0.094,33
12.9962,145.7424,10.0,4.2,24,104.0,1.035,0.78,us,4.33,1.922,0.166,10
-32.9983,-178.7082,35.0,4.6,17,168.0,3.801,1.04,us,8.69,1.964,0.152,13
-60.2082,-62.0132,10.0,4.7,25,125.0,4.679,0.96,us,5.45,1.92,0.123,20
48.2169,154.44,49.918,4.1,22,136.0,5.317,0.61,us,10.83,9.2,0.14,14
-13.2903,167.002,206.545,4.4,27,146.0,2.153,1.06,us,14.48,6.581,0.108,25
10.9381,124.1069,10.0,4.3,29,117.0,14.503,0.67,us,13.35,1.904,0.116,21
8.0071,126.5838,89.75,4.2,22,128.0,1.364,1.0,us,13.46,6.479,0.112,22
29.4748,141.4531,78.012,4.5,50,116.0,2.456,0.4,us,10.31,8.074,0.087,39
14.4503,-90.7496,5.39,4.8,59,97.0,0.257,0.52,us,5.46,5.045,0.05,125
36.0682,76.9003,10.0,4.3,27,117.0,4.177,1.15,us,7.98,1.967,0.202,8
50.3016,156.639,73.704,4.1,48,131.0,2.887,0.64,us,8.81,7.087,0.078,44
51.9687,159.7249,35.0,4.2,49,234.0,1.244,0.51,us,5.58,2.014,0.075,50
-9.2752,124.6063,35.0,4.6,27,49.0,0.583,1.42,us,6.16,1.946,0.129,18
-23.5749,178.8762,558.428,4.4,25,100.0,5.851,1.2,us,13.65,6.32,0.117,21
7.1963,127.0669,42.593,4.3,35,113.0,1.482,1.08,us,7.88,6.658,0.104,26
16.5982,41.1068,10.0,4.3,46,124.0,3.754,1.07,us,9.17,1.902,0.08,45
1.1965,96.9156,10.0,4.2,15,205.0,0.668,0.4,us,7.53,1.937,0.216,6
52.5131,160.8858,10.0,4.4,28,175.0,1.451,0.57,us,8.6,1.866,0.105,26
53.0811,159.5427,35.0,4.9,97,115.0,0.542,0.76,us,8.37,1.914,0.042,181
51.5213,159.7993,35.0,4.4,21,138.0,1.662,0.94,us,11.8,1.953,0.143,14
49.7666,157.604,10.0,4.5,41,134.0,3.326,0.42,us,11.75,1.895,0.093,34
50.4325,157.9377,26.823,4.2,27,137.0,2.632,0.91,us,13.17,6.358,0.113,22
-4.6005,153.9176,120.306,4.3,17,199.0,1.908,0.69,us,6.65,10.204,0.142,14
11.2399,140.0978,10.0,4.7,100,110.0,5.212,0.7,us,8.79,1.862,0.06,85
2.4082,127.1374,88.741,4.5,39,100.0,1.642,0.55,us,6.15,8.072,0.11,25
8.846,-39.9278,10.0,4.6,19,71.0,13.155,0.77,us,11.66,1.899,0.132,17
30.5605,141.6086,10.0,4.6,46,119.0,2.97,0.73,us,9.75,1.886,0.098,32
41.7454,88.5827,10.0,4.9,105,81.0,6.3,0.58,us,8.19,1.779,0.07,64
-4.9005,150.9605,251.285,4.7,89,53.0,1.391,0.7,us,8.29,6.478,0.034,257
13.2924,50.0635,10.0,4.2,13,142.0,7.264,0.66,us,9.72,1.945,0.199,7
-10.4725,123.827,10.0,4.1,17,82.0,0.834,0.33,us,7.11,1.941,0.214,6
28.4842,105.1015,10.0,4.5,55,68.0,7.544,1.22,us,9.41,1.884,0.07,60
54.398,-159.9352,35.0,4.2,63,162.0,0.478,0.79,us,5.75,1.948,0.095,31
51.4759,159.745,10.0,4.0,11,258.0,1.69,1.0,us,7.65,1.988,0.212,7
50.0572,159.4598,10.0,4.6,42,136.0,3.013,0.88,us,10.6,1.9,0.086,40
-56.0995,-26.3115,72.491,4.7,45,124.0,6.106,0.68,us,11.95,5.941,0.123,22
51.9812,159.8638,10.0,5.0,63,121.0,1.281,0.74,us,5.58,1.71,0.064,78
7.2986,126.6409,92.329,4.0,13,187.0,1.078,0.28,us,7.61,11.035,0.231,9
51.6358,158.1961,59.345,4.1,29,88.0,1.417,1.31,us,10.0,7.763,0.123,18
3.0734,-31.2893,10.0,4.8,62,66.0,9.969,0.56,us,9.39,1.829,0.075,55
11.056,126.1894,10.0,4.5,32,107.0,4.007,0.84,us,8.54,1.901,0.113,23
17.941,-95.1842,128.51,4.3,62,99.0,1.168,0.96,us,6.89,8.326,0.054,98
51.585,159.8996,10.0,5.7,75,60.0,1.632,0.98,us,8.26,1.813,0.047,161
-23.9044,-66.7902,226.072,4.3,25,82.0,1.589,1.1,us,10.33,8.481,0.147,13
-2.0568,138.9706,35.0,4.2,26,78.0,0.965,0.67,us,5.49,1.918,0.121,19
21.8677,93.6071,61.177,4.1,28,135.0,1.386,0.4,us,12.72,9.574,0.127,17
52.3719,159.9605,67.484,4.7,138,134.0,1.03,0.62,us,9.65,6.53,0.05,119
19.2351,145.578,165.243,4.5,69,122.0,3.977,0.69,us,12.42,8.049,0.068,64
18.762,145.3384,236.346,4.1,17,128.0,3.528,0.27,us,18.81,13.401,0.165,10
-6.8441,129.37,174.154,4.6,24,67.0,4.84,0.5,us,13.01,9.668,0.119,21
52.8847,160.7586,10.0,5.3,89,106.0,1.283,0.65,us,8.32,1.859,0.04,209
52.4882,160.6529,26.59,4.1,36,145.0,1.33,0.88,us,10.37,6.932,0.112,22
-2.9076,137.0852,42.607,4.3,22,67.0,1.124,0.97,us,7.1,10.167,0.188,8
52.157,160.4571,10.0,4.6,42,123.0,1.403,0.96,us,9.12,1.87,0.082,44
-55.7026,-27.6201,88.876,4.7,19,124.0,5.3,0.68,us,12.83,7.29,0.12,21
2.2862,126.7398,51.257,4.4,42,123.0,1.63,0.62,us,5.63,7.284,0.095,32
51.276,159.0858,35.0,4.0,15,249.0,1.771,0.78,us,13.81,2.007,0.183,8
-24.4969,-67.9147,130.0,4.2,27,85.0,1.557,0.64,us,2.8,2.0,0.199,7
52.6651,160.8439,10.0,4.7,41,120.0,1.378,0.9,us,10.37,1.902,0.098,32
8.9868,123.9738,545.444,4.1,66,72.0,4.482,0.56,us,11.67,8.984,0.071,54
-6.3591,155.1338,160.898,4.7,48,95.0,3.659,0.51,us,6.62,7.188,0.078,49
-58.7745,-25.6748,71.668,5.3,77,30.0,7.48,0.62,us,10.95,5.211,0.057,103
50.3543,157.0791,38.984,4.4,102,163.0,2.785,0.62,us,11.11,8.164,0.054,99
-18.1153,169.1022,236.735,4.1,18,169.0,3.217,0.53,us,10.22,7.095,0.166,10
52.5653,160.8644,10.0,4.1,18,203.0,1.421,0.85,us,9.0,1.996,0.117,20
-9.1425,125.9261,10.0,4.5,19,129.0,1.746,0.96,us,9.36,1.908,0.135,16
21.6082,143.0361,314.38,4.1,61,66.0,5.518,0.49,us,11.76,7.781,0.087,39
-20.4818,134.3234,10.0,4.4,22,82.0,0.537,1.26,us,6.48,1.649,0.155,12
52.622,160.711,39.84,4.1,25,120.0,1.314,0.72,us,11.35,8.053,0.114,21
52.4997,160.6456,35.0,4.2,25,175.0,1.321,0.99,us,9.7,1.905,0.121,19
-9.8761,151.6696,10.0,4.7,28,55.0,4.472,1.03,us,9.1,1.89,0.097,32
-19.2736,-69.0855,2.139,4.3,17,173.0,0.406,0.86,us,2.74,5.255,0.189,8
40.9719,142.9348,47.888,4.3,18,135.0,1.055,0.44,us,6.68,9.055,0.169,10
49.8141,155.6833,88.394,4.2,45,116.0,3.531,0.71,us,8.9,8.222,0.094,31
52.6784,160.8552,10.0,4.1,19,174.0,1.381,0.74,us,11.21,1.959,0.158,11
22.1306,143.7965,107.584,4.4,47,114.0,5.156,0.6,us,13.3,8.331,0.088,43
49.7005,155.3961,65.747,5.3,71,127.0,3.704,0.55,us,9.71,5.802,0.077,56
-59.7034,-26.0818,35.0,4.6,24,121.0,15.191,0.81,us,15.79,1.954,0.122,20
28.1665,50.0367,10.0,4.4,73,93.0,6.386,0.54,us,10.5,1.903,0.07,60
49.5336,155.2825,85.549,4.1,49,138.0,3.887,0.55,us,12.97,8.156,0.067,62
51.4687,159.8714,10.0,4.3,10,182.0,2.116,0.95,us,8.61,1.979,0.237,5
25.0545,128.6587,10.0,4.1,20,101.0,1.808,1.21,us,6.17,1.912,0.158,13
52.5892,160.78,10.0,4.6,84,174.0,1.364,0.85,us,9.21,1.94,0.064,73
-6.2798,-107.0047,10.0,4.4,92,145.0,25.113,0.55,us,16.8,1.928,0.057,92
29.3581,129.4375,10.0,4.5,47,112.0,2.316,0.58,us,7.96,1.891,0.076,54
14.8937,146.2361,82.858,4.5,103,102.0,0.547,0.87,us,8.44,6.076,0.057,90
-57.0609,-67.3268,10.0,4.4,28,144.0,2.141,0.76,us,10.26,1.943,0.118,22
23.9447,121.5836,10.0,5.1,59,69.0,0.228,0.54,us,2.3,1.75,0.044,168
-11.2453,118.3198,10.0,4.9,32,105.0,2.461,1.03,us,6.28,1.89,0.101,31
51.6042,159.9212,10.0,4.0,15,127.0,1.622,0.72,us,8.57,1.89,0.164,10
28.2788,104.9538,10.0,4.9,125,41.0,7.728,0.65,us,8.33,1.853,0.043,170
19.3729,-109.0451,10.0,4.3,20,123.0,1.873,0.81,us,9.31,1.94,0.096,31
52.0628,160.4337,35.0,4.3,29,167.0,1.97,1.12,us,5.79,1.971,0.094,32
4.1014,126.4683,59.115,4.3,42,91.0,1.169,0.77,us,5.73,7.957,0.089,36
37.5398,19.8784,35.0,4.0,24,139.0,1.67,1.15,us,7.06,1.968,0.232,5
6.9417,127.0141,33.488,4.3,23,74.0,1.43,0.78,us,7.84,5.518,0.143,14
51.3455,158.9037,42.018,4.0,27,127.0,1.688,0.6,us,11.31,8.195,0.106,24
52.1351,160.371,10.0,4.1,22,138.0,1.376,1.39,us,12.27,1.933,0.14,14
7.9787,126.6291,65.066,5.0,77,81.0,1.378,0.8,us,9.79,7.117,0.047,143
-14.2239,-72.8924,84.332,4.2,34,119.0,4.444,0.73,us,8.74,7.929,0.097,30
50.9855,159.8418,10.0,4.1,14,254.0,2.17,0.59,us,14.7,2.016,0.184,8
-20.7408,-178.6838,598.344,4.4,104,95.0,4.288,0.73,us,11.69,6.507,0.053,108
51.7826,-173.525,14.738,3.8,37,141.0,0.591,1.06,us,5.06,5.912,0.127,16
52.2013,160.9796,10.0,4.4,11,192.0,1.642,0.46,us,9.58,1.995,0.219,6
51.8159,160.1211,29.241,4.9,48,119.0,1.508,1.11,us,10.31,6.107,0.051,123
-9.8339,114.1307,36.132,4.2,19,110.0,1.355,1.07,us,4.36,8.398,0.16,11
-29.6084,137.5315,10.0,4.1,14,70.0,3.382,0.24,us,4.29,1.972,0.185,11
-7.0498,150.2047,10.0,4.4,33,142.0,3.273,0.63,us,5.51,1.848,0.12,20
-20.5788,-69.0762,86.177,4.2,18,90.0,0.442,0.72,us,4.74,5.24,0.215,6
-3.2928,140.7137,48.87,4.0,12,168.0,0.773,0.53,us,9.26,19.11,0.173,9
-6.801,129.6699,145.454,4.2,12,80.0,4.634,0.59,us,13.56,6.948,0.175,10
52.3085,159.9557,61.245,4.8,46,137.0,1.59,0.85,us,10.83,6.905,0.092,36
35.8129,140.3771,50.614,4.3,24,148.0,1.899,0.73,us,8.66,9.664,0.161,11
50.9224,160.5181,10.0,4.5,35,167.0,2.4,1.11,us,7.64,1.952,0.099,30
51.8605,161.6829,10.0,4.1,22,167.0,2.191,0.45,us,6.91,1.976,0.157,11
51.5824,-173.8195,40.436,4.2,79,141.0,0.663,0.83,us,5.59,7.389,0.056,87
-57.6969,157.4795,33.873,5.1,69,41.0,3.309,0.54,us,4.74,3.912,0.102,31
-19.2913,168.7825,14.851,4.5,26,143.0,3.533,0.69,us,11.4,5.399,0.121,20
-41.5763,84.8486,10.0,4.8,23,116.0,27.063,0.35,us,14.76,1.906,0.124,20
48.8248,155.9886,10.0,4.5,28,138.0,4.423,0.8,us,12.93,1.91,0.122,20
10.7262,125.3714,10.0,4.6,43,108.0,3.639,0.72,us,10.42,1.84,0.096,32
-17.667,-178.5919,546.446,4.4,43,79.0,2.28,0.79,us,9.84,6.331,0.093,33
-36.0216,179.8197,17.631,4.6,33,158.0,1.96,0.92,us,12.1,5.121,0.116,22
-55.3643,-28.0803,10.0,4.4,15,117.0,4.981,0.65,us,10.45,1.93,0.178,9
5.6924,124.2808,35.0,4.3,30,94.0,1.527,0.85,us,6.97,1.926,0.125,18
4.0695,126.6845,26.731,4.9,63,70.0,1.371,0.95,us,6.61,5.586,0.082,47
51.883,160.538,10.0,4.9,99,122.0,1.625,0.87,us,8.88,1.874,0.049,129
51.0064,158.5045,35.0,5.3,59,106.0,2.022,0.67,us,8.64,1.842,0.095,37
-4.9685,102.9052,59.367,4.7,54,92.0,0.606,0.72,us,6.0,6.574,0.092,36
-5.5707,131.691,35.0,4.9,57,74.0,2.692,0.94,us,8.12,1.905,0.084,51
43.3059,145.2408,51.87,4.3,34,188.0,2.007,0.29,us,11.14,9.166,0.104,26
52.1854,160.6773,10.0,4.4,37,153.0,2.036,0.95,us,9.17,1.903,0.095,32
42.8074,-2.8772,10.0,4.0,25,155.0,3.052,0.43,us,8.32,1.97,0.231,5
-6.7517,146.8788,97.822,4.7,48,79.0,2.65,0.53,us,9.01,6.449,0.092,36
-32.941,179.1459,356.666,4.0,23,80.0,4.661,0.82,us,14.93,9.407,0.119,19
16.476,40.9347,10.0,4.5,49,127.0,3.834,1.31,us,13.05,1.946,0.08,46
21.6282,142.9336,314.719,4.2,52,71.0,5.486,0.57,us,11.23,7.819,0.05,111
13.6258,-88.4988,189.415,4.4,54,148.0,0.231,0.87,us,12.1,4.766,0.06,81
52.1162,159.7255,65.246,4.3,46,138.0,1.121,0.89,us,11.44,7.875,0.089,36
51.5921,16.148,5.0,4.5,127,35.0,1.989,0.68,us,5.46,1.862,0.05,122
-31.5715,-69.5068,116.488,4.1,30,83.0,0.714,0.7,us,6.02,9.192,0.234,5
-3.8491,-12.0297,10.0,4.7,17,127.0,33.599,0.44,us,16.66,1.905,0.158,14
12.9162,143.2532,201.838,4.4,65,115.0,1.709,0.43,us,12.85,8.212,0.062,74
9.149,93.9022,10.0,4.3,25,120.0,4.929,0.81,us,10.31,1.913,0.168,10
52.3215,160.4911,10.0,4.7,40,153.0,1.323,0.75,us,9.17,1.9,0.067,68
18.3051,146.3914,83.562,4.2,19,148.0,3.101,0.49,us,10.85,9.575,0.146,13
50.0555,155.9105,89.467,4.2,33,135.0,3.254,0.56,us,10.53,8.162,0.113,22
51.5399,159.8402,10.0,5.1,97,112.0,2.04,0.95,us,8.33,1.853,0.048,140
30.1914,51.8503,10.0,4.9,86,62.0,6.498,1.14,us,7.93,1.887,0.069,66
-7.032,155.7382,83.873,4.7,66,80.0,4.541,0.94,us,8.72,7.242,0.051,118
-39.1404,-91.5718,10.0,4.3,17,219.0,14.874,0.31,us,18.13,1.994,0.134,16
45.2191,147.2981,10.0,4.3,19,148.0,3.532,0.73,us,11.83,1.923,0.154,12
5.1535,126.3407,87.097,4.1,20,141.0,0.955,1.04,us,10.54,8.711,0.145,13
34.5893,70.7443,10.0,4.3,29,87.0,1.331,0.99,us,8.15,1.894,0.122,19
29.4338,129.3125,10.0,4.5,49,107.0,2.291,0.75,us,5.93,1.518,0.079,48
-6.3406,154.3283,76.796,4.9,37,61.0,3.034,0.79,us,4.07,7.713,0.076,54
34.1848,23.9131,35.0,4.2,39,116.0,2.996,0.6,us,8.57,1.948,0.121,19
-14.138,167.2447,196.569,4.4,31,161.0,1.302,0.92,us,14.67,7.759,0.106,27
52.7357,160.7206,35.0,4.3,20,148.0,1.288,0.8,us,5.54,1.952,0.178,9
7.0273,-46.2267,10.0,4.9,101,113.0,6.66,0.7,us,10.86,1.855,0.054,109
-10.8595,165.5733,35.0,4.7,40,113.0,5.716,0.54,us,14.03,1.929,0.087,45
51.253,-174.8606,10.0,3.7,28,226.0,0.99,0.81,us,3.16,1.974,0.168,9
52.1293,160.4161,10.0,4.5,41,124.0,1.401,0.63,us,6.21,1.73,0.115,22
46.2021,106.2514,8.8,4.5,79,69.0,1.604,0.5,us,8.05,4.857,0.067,65
52.0856,160.2343,35.0,5.2,112,91.0,1.348,1.07,us,8.01,1.839,0.024,575
-3.3034,130.3017,10.0,4.8,65,49.0,1.981,0.96,us,7.39,1.862,0.068,68
54.4994,-160.164,39.79,3.8,37,186.0,0.471,1.08,us,5.25,9.205,0.18,8
14.8139,54.8332,10.0,4.9,72,97.0,10.111,0.63,us,10.55,1.896,0.072,60
2.3985,128.2662,205.772,4.3,12,146.0,1.849,0.63,us,9.17,11.79,0.217,6
51.8192,159.6849,43.904,4.6,93,126.0,1.363,0.58,us,9.05,7.004,0.058,90
51.9161,159.6644,35.0,4.1,17,154.0,1.271,1.02,us,8.06,1.984,0.151,12
44.1945,149.7805,10.0,4.0,16,213.0,5.172,0.82,us,16.19,2.002,0.172,10
-7.3874,154.4351,10.0,4.9,47,69.0,3.897,0.94,us,10.66,1.883,0.056,102
-9.183,-71.2911,481.669,5.0,142,37.0,2.01,0.96,us,10.5,6.15,0.019,896
51.2092,158.9113,10.0,4.0,41,128.0,1.824,0.96,us,9.56,1.904,0.1,27
-2.2304,139.1037,35.0,5.0,53,60.0,1.068,0.74,us,6.5,1.88,0.071,63
51.2149,157.4583,18.481,4.5,23,121.0,1.902,0.84,us,8.17,6.283,0.125,26
52.2171,-173.6219,10.0,3.6,65,171.0,0.293,0.67,us,5.11,1.397,0.167,9
-17.4148,-178.7876,537.244,4.5,63,43.0,1.994,0.64,us,10.23,7.573,0.073,55
-37.99,78.3647,10.0,4.3,27,150.0,40.316,0.75,us,11.43,1.926,0.114,22
29.3941,130.4834,35.308,4.4,28,123.0,2.108,0.77,us,8.65,6.781,0.134,16
-1.609,-77.9864,171.439,4.1,22,96.0,0.121,1.0,us,8.83,4.561,0.146,13
-17.4643,167.9105,20.208,4.9,27,167.0,2.118,0.66,us,10.13,5.551,0.177,14
53.1972,-167.02,46.312,3.9,46,165.0,0.576,0.8,us,4.49,8.298,0.091,32
51.4339,158.7407,35.0,4.8,36,181.0,1.593,0.8,us,11.61,1.971,0.082,46
34.6027,70.7233,10.0,4.2,34,124.0,1.314,0.92,us,8.85,1.911,0.108,24
4.8731,124.1091,452.335,4.3,48,62.0,1.372,0.66,us,12.04,9.072,0.097,32
50.0025,155.9659,75.444,4.5,65,135.0,3.293,0.71,us,10.91,7.486,0.062,77
23.5263,94.2235,10.0,4.2,33,150.0,2.397,0.88,us,12.14,1.905,0.115,21
49.664,155.3451,95.727,4.4,102,63.0,3.751,0.49,us,10.47,6.994,0.053,103
-5.87,153.0253,10.0,4.4,24,122.0,6.792,0.81,us,9.22,1.901,0.13,17
-32.1642,-70.1888,102.522,4.2,24,93.0,0.671,0.49,us,6.2,2.011,0.186,8
49.2367,158.5882,10.0,4.5,32,137.0,3.792,0.43,us,9.33,1.898,0.091,35
49.085,154.7268,87.088,4.3,47,133.0,4.442,0.74,us,11.02,8.279,0.092,33
-17.7485,-178.3923,558.289,4.7,171,72.0,2.485,0.79,us,12.04,6.167,0.035,252
-23.7096,-174.4933,10.0,4.7,23,136.0,6.273,1.35,us,15.44,1.904,0.142,20
12.8318,143.1697,153.802,4.8,107,79.0,3.489,0.53,us,10.01,7.233,0.049,127
-9.7209,124.4911,10.0,4.4,18,124.0,0.223,1.21,us,4.33,1.93,0.18,9
9.6069,93.9175,10.0,4.4,21,166.0,5.703,1.1,us,12.67,1.923,0.138,15
28.4689,53.207,10.0,4.3,36,65.0,4.416,0.6,us,7.74,1.901,0.122,19
33.418,81.685,10.0,4.5,64,112.0,6.398,1.0,us,8.64,1.894,0.075,52
15.2099,55.7074,10.0,4.4,26,100.0,12.686,0.87,us,10.78,1.875,0.099,29
-7.1603,129.3383,144.716,4.2,15,123.0,5.114,1.27,us,11.71,22.604,0.305,3
-59.1008,-25.6874,116.763,4.6,30,104.0,7.654,0.49,us,15.24,4.9,0.122,20
1.5747,126.5589,35.0,4.1,14,142.0,1.135,1.02,us,4.22,1.958,0.175,9
27.982,139.8043,426.619,4.4,91,58.0,2.29,0.61,us,11.27,7.316,0.062,76
10.3303,123.3056,10.0,4.5,32,98.0,3.943,0.72,us,11.19,1.904,0.106,27
51.764,160.4337,10.0,4.4,28,192.0,2.148,1.0,us,11.25,1.954,0.117,21
56.1746,117.3235,10.0,4.7,60,56.0,6.79,0.86,us,10.02,1.889,0.045,151
46.7048,20.0077,7.298,4.0,31,47.0,1.217,0.63,us,3.49,4.385,0.164,10
51.9328,160.4582,10.0,4.4,20,217.0,1.554,0.78,us,7.01,1.976,0.149,13
50.0183,157.3638,10.0,4.4,44,164.0,3.101,0.68,us,7.08,1.867,0.097,31
-21.9662,-179.5547,600.289,4.3,21,208.0,4.765,0.66,us,22.71,15.223,0.138,18
-6.9918,127.8055,294.111,4.3,19,68.0,4.449,0.67,us,9.31,11.471,0.237,5
53.1244,160.5038,34.18,4.2,26,136.0,1.123,0.99,us,11.18,4.673,0.112,22
14.9854,-60.2591,50.845,4.4,31,188.0,0.789,0.5,us,8.24,8.874,0.117,21
51.7965,159.2496,35.0,4.4,70,120.0,1.283,0.69,us,9.14,6.589,0.05,118
-34.2117,178.947,237.13,4.9,38,111.0,3.384,1.11,us,9.91,8.436,0.083,45
51.4336,159.3761,51.113,4.4,19,137.0,1.969,0.71,us,11.22,7.637,0.144,14
39.5683,143.4346,10.0,4.2,26,142.0,2.187,1.03,us,3.85,1.918,0.141,14
5.4538,126.0067,93.582,4.7,72,50.0,0.888,1.07,us,6.62,6.883,0.064,74
10.9351,141.9682,10.0,4.1,20,147.0,3.872,0.57,us,7.15,1.902,0.151,14
4.982,94.6883,60.668,4.5,40,138.0,2.263,0.54,us,8.62,8.02,0.104,27
-11.0904,165.9177,35.0,4.5,23,152.0,4.508,0.7,us,15.11,1.984,0.131,17
-18.6617,65.2233,10.0,4.2,16,95.0,2.062,0.75,us,6.43,1.884,0.176,9
9.605,126.1838,10.0,4.7,14,122.0,2.589,0.5,us,14.08,1.928,0.208,7
-16.3051,-73.8752,24.142,4.5,48,105.0,3.95,0.63,us,8.74,5.554,0.088,41
-18.3753,-69.6443,119.906,4.2,18,85.0,0.662,0.75,us,5.95,4.717,0.136,15
-32.6288,-70.0705,115.751,4.5,33,87.0,0.427,0.6,us,5.51,4.767,0.164,11
35.8128,71.1299,88.568,4.3,38,98.0,2.085,1.28,us,6.82,8.151,0.137,15
-9.0158,123.9117,97.897,4.7,45,91.0,0.814,0.83,us,7.58,7.154,0.085,42
44.368,147.4856,108.046,4.2,34,147.0,3.525,0.75,us,10.43,8.864,0.108,24
51.6428,159.3522,33.276,4.6,109,87.0,1.448,0.69,us,8.57,5.52,0.051,113
-20.746,-178.7006,600.135,4.5,34,134.0,4.623,0.69,us,16.05,11.052,0.096,32
-8.1755,108.5767,104.695,4.1,21,106.0,1.16,0.78,us,7.75,7.368,0.151,13
36.3098,71.4477,117.474,4.4,52,75.0,2.164,0.57,us,7.3,7.613,0.082,43
54.4002,160.6908,10.0,4.3,21,150.0,1.837,1.02,us,6.3,1.918,0.125,19
48.8812,155.9025,35.0,4.6,40,137.0,4.382,0.85,us,12.46,1.937,0.095,33
-11.7572,116.8905,10.0,4.5,31,72.0,3.039,0.79,us,6.25,1.762,0.116,22
2.188,124.5973,238.48,4.5,32,86.0,2.677,0.69,us,8.72,7.485,0.124,24
-7.0505,124.9054,554.175,4.4,84,39.0,2.76,0.55,us,10.9,7.872,0.07,58
50.2853,159.5098,10.0,4.4,63,135.0,2.794,0.65,us,9.23,1.565,0.071,57
37.3914,141.0693,73.977,4.6,30,109.0,2.443,0.56,us,6.44,8.32,0.119,21
-28.8005,-71.5526,32.86,4.4,28,173.0,0.728,0.63,us,4.38,6.355,0.267,4
-17.8989,-172.9236,10.0,4.5,49,59.0,3.075,1.01,us,9.03,1.861,0.081,51
22.9136,93.8678,76.811,4.3,12,149.0,1.958,0.18,us,11.22,9.031,0.238,6
52.2871,160.1785,55.989,4.3,28,134.0,1.719,0.81,us,10.01,7.28,0.114,22
41.2672,142.5146,53.512,4.3,21,175.0,0.889,0.58,us,6.55,8.85,0.147,13
-11.754,166.0637,35.0,4.1,12,204.0,6.438,0.72,us,12.6,1.957,0.174,9
51.2567,159.4751,10.0,4.3,36,137.0,1.841,0.43,us,11.11,1.926,0.111,23
-28.3037,62.7506,10.0,5.0,63,52.0,8.528,0.98,us,9.91,1.861,0.075,57
50.6641,159.9504,10.0,4.4,61,125.0,2.497,0.64,us,6.78,1.802,0.073,54
51.2716,159.3835,10.0,4.4,25,221.0,1.812,0.94,us,9.59,1.963,0.144,14
50.2401,156.1622,84.877,4.4,42,192.0,3.027,0.56,us,13.51,9.418,0.09,35
-9.8236,109.6451,35.0,4.5,36,90.0,2.867,1.26,us,7.1,1.928,0.103,28
35.3266,57.2005,10.0,4.3,34,165.0,7.512,0.92,us,7.59,1.928,0.116,21
3.0404,-31.3941,10.0,4.9,58,62.0,9.892,0.47,us,4.63,1.85,0.081,47
50.3139,157.1431,35.0,4.1,20,193.0,2.82,0.74,us,13.48,1.978,0.145,13
19.0599,121.301,10.0,4.2,33,123.0,3.744,0.83,us,12.76,1.926,0.11,23
0.8027,-28.9079,10.0,5.1,71,32.0,9.598,0.93,us,10.52,1.823,0.049,136
38.2506,142.1285,47.522,4.4,24,144.0,2.666,1.01,us,8.8,9.316,0.219,8
-18.3904,-177.9348,542.938,4.2,70,77.0,3.199,0.67,us,9.63,7.597,0.072,53
52.0887,160.897,10.0,4.2,26,144.0,1.661,0.38,us,11.36,1.938,0.128,17
-36.8899,106.5942,10.0,4.7,30,51.0,9.592,0.58,us,10.26,1.828,0.112,24
53.0157,160.7567,35.0,4.0,14,133.0,1.273,0.9,us,12.08,1.946,0.196,7
11.1509,124.2865,10.047,4.4,32,127.0,4.251,0.96,us,11.94,4.832,0.117,21
-22.5584,-179.82,577.059,4.3,28,121.0,5.189,0.62,us,14.81,10.035,0.113,22
-9.0839,-79.1531,59.583,4.6,52,155.0,3.672,0.93,us,10.24,8.648,0.046,143
9.5346,-40.5662,10.0,4.4,24,76.0,12.758,0.48,us,10.71,1.569,0.124,19
-20.0215,-178.245,595.681,4.4,30,93.0,4.173,0.59,us,17.36,16.484,0.109,24
54.8264,159.9452,10.0,4.3,19,169.0,1.962,0.7,us,14.56,1.934,0.133,16
21.9867,93.6089,47.028,4.6,78,84.0,1.444,0.84,us,9.36,7.026,0.069,63
-23.0723,-114.4821,10.0,4.6,25,159.0,32.053,0.45,us,16.98,1.914,0.125,19
3.5505,126.7713,49.644,4.5,42,104.0,1.744,1.02,us,5.32,7.138,0.093,34
49.8616,158.7017,10.0,4.2,22,135.0,3.166,0.63,us,9.26,1.733,0.147,13
51.7803,160.3074,10.0,4.5,91,129.0,1.607,0.61,us,9.97,1.906,0.057,90
53.027,161.1634,25.995,4.7,57,86.0,1.518,0.66,us,8.46,5.457,0.042,173
0.1473,126.7177,68.024,4.1,27,56.0,0.898,0.57,us,6.45,8.464,0.146,13
-9.0626,124.0975,94.912,4.0,14,87.0,0.708,0.88,us,8.23,7.782,0.183,8
-11.9603,166.1371,70.99,5.0,83,115.0,3.617,0.99,us,10.43,7.066,0.067,71
-20.9406,-67.5152,188.964,4.2,26,61.0,1.729,0.9,us,6.1,10.798,0.235,5
1.8386,127.3351,110.16,4.3,31,97.0,1.06,0.66,us,6.83,8.847,0.122,19
9.3798,93.9613,10.0,4.6,21,81.0,5.626,0.74,us,12.16,1.9,0.151,13
-59.1535,-26.1201,35.0,4.5,16,177.0,15.687,0.78,us,9.01,1.992,0.14,16
51.3567,160.5658,10.0,4.3,15,192.0,2.044,0.94,us,13.21,1.995,0.177,9
14.6323,-93.4552,41.496,4.2,31,174.0,2.075,0.97,us,7.82,14.315,0.186,8
40.0203,143.5318,10.0,4.9,125,121.0,2.013,0.62,us,7.15,1.718,0.05,127
-23.9394,-179.8439,532.881,4.2,25,125.0,6.469,0.73,us,21.06,24.442,0.115,21
-56.5041,-26.4071,57.704,4.4,27,93.0,6.16,0.64,us,13.23,9.39,0.108,25
-14.9639,-177.4117,361.049,4.5,85,84.0,5.553,0.42,us,15.03,9.084,0.061,79
-21.7033,-68.5334,139.269,4.2,18,51.0,0.665,0.45,us,7.93,11.34,0.374,2
9.7939,-70.7598,10.0,4.4,39,92.0,0.913,0.68,us,7.53,1.91,0.117,21
-0.0171,-17.3605,10.0,4.5,8,118.0,8.413,0.33,us,14.17,1.95,0.312,3
-21.101,-174.3386,10.0,5.0,73,108.0,4.609,0.72,us,12.43,1.857,0.066,73
-20.1246,-177.6892,503.092,4.2,15,96.0,4.674,0.37,us,15.71,8.41,0.187,11
27.6063,143.1595,10.0,4.8,56,121.0,1.005,0.82,us,7.46,1.865,0.057,96
-20.3859,-177.8699,553.516,4.3,33,98.0,4.666,0.77,us,10.77,8.562,0.122,19
29.6173,129.5385,10.0,4.4,32,112.0,2.044,0.53,us,6.41,1.916,0.12,20
50.3122,154.8971,152.68,4.3,28,174.0,3.298,0.77,us,13.31,11.079,0.122,19
36.8387,71.069,213.324,4.0,33,156.0,1.852,0.57,us,5.37,8.411,0.172,9
51.5212,160.458,10.0,4.5,34,128.0,1.87,0.69,us,4.33,1.907,0.111,24
-17.7094,-178.6979,569.031,4.2,30,118.0,2.217,0.87,us,14.72,9.208,0.059,80
52.7253,161.0937,35.0,4.5,33,132.0,1.511,0.63,us,12.31,1.934,0.093,34
51.5628,158.7086,35.0,4.8,40,123.0,1.463,1.27,us,9.46,1.932,0.114,38
52.9133,160.8139,10.0,4.4,31,137.0,1.313,0.51,us,7.33,1.914,0.126,18
50.1538,158.3695,15.284,4.9,16,134.0,2.879,0.44,us,12.38,5.678,0.229,6
-23.4007,170.8321,10.0,4.3,19,246.0,3.216,0.59,us,11.22,1.949,0.16,11
34.7355,140.7115,49.896,4.4,21,156.0,1.78,0.78,us,7.54,9.481,0.18,9
36.5754,70.7776,126.714,4.1,46,91.0,2.203,0.93,us,6.83,8.654,0.135,16
-18.7187,-174.7279,87.54,4.7,71,54.0,4.559,0.52,us,11.0,3.383,0.06,85
23.0925,143.4046,35.0,4.4,20,121.0,4.136,0.79,us,15.21,1.941,0.144,14
30.463,140.3523,22.997,4.5,31,122.0,2.684,0.79,us,8.16,5.501,0.156,12
39.7114,143.3391,28.699,4.3,35,157.0,2.047,0.49,us,8.53,5.289,0.122,19
49.7545,158.7192,10.0,4.2,22,225.0,3.274,0.47,us,9.39,1.913,0.159,12
53.543,-163.5715,18.535,4.3,62,175.0,1.108,0.69,us,2.82,4.634,0.1,28
52.2138,160.3446,10.0,4.9,139,86.0,1.313,0.62,us,5.23,1.857,0.041,188
50.933,157.8383,31.271,4.4,14,128.0,2.153,0.34,us,11.52,6.853,0.131,17
-4.3339,153.042,27.36,4.6,24,121.0,0.887,0.7,us,10.93,5.828,0.125,19
-5.8256,152.2571,10.0,4.6,38,153.0,1.526,0.61,us,10.68,1.927,0.094,34
32.0697,131.9259,47.528,4.9,128,48.0,1.373,0.62,us,5.46,6.554,0.047,141
17.4805,122.2981,10.0,4.7,89,58.0,5.431,0.71,us,10.25,1.897,0.062,80
9.3312,94.0146,14.446,4.5,48,64.0,5.568,0.89,us,10.38,4.525,0.09,36
-6.9672,129.6672,141.95,4.2,17,126.0,4.773,0.8,us,5.54,9.312,0.175,9
-15.3877,67.0483,10.0,4.5,35,171.0,9.531,0.61,us,12.4,1.946,0.106,26
50.4277,158.8244,10.0,5.1,99,125.0,2.602,0.74,us,8.09,1.873,0.028,413
51.2387,159.46,10.0,4.4,32,192.0,1.856,0.62,us,12.32,1.967,0.112,23
52.3854,160.7731,10.0,4.4,43,134.0,1.441,0.94,us,5.85,1.908,0.098,30
-17.1134,-179.3885,572.607,4.3,21,173.0,1.347,0.4,us,10.84,9.194,0.129,17
50.9968,159.2593,10.0,4.5,41,123.0,2.064,0.87,us,10.47,1.924,0.088,38
-7.914,108.1714,80.713,4.6,43,82.0,0.684,0.67,us,6.72,5.156,0.094,34
49.6385,158.3545,10.0,4.1,17,138.0,3.395,0.53,us,14.04,1.943,0.166,10
52.431,160.8827,10.0,5.1,58,144.0,1.482,0.88,us,7.29,1.912,0.033,298
40.3498,24.0918,10.0,4.0,23,89.0,1.251,1.19,us,5.63,1.919,0.173,9
36.6715,71.2243,119.632,4.4,41,167.0,1.921,0.75,us,7.14,9.879,0.102,28
-52.9299,22.0895,10.0,4.6,25,89.0,20.559,0.61,us,10.71,1.839,0.114,23
5.5018,126.3808,94.639,4.9,95,106.0,1.179,0.63,us,6.96,6.739,0.062,81
29.3499,129.5296,10.0,4.7,128,82.0,2.295,0.56,us,5.77,1.816,0.04,190
-15.3445,167.4272,108.995,4.4,17,262.0,0.239,0.57,us,15.87,5.722,0.162,11
9.3263,93.9061,10.0,4.9,47,149.0,5.066,0.37,us,11.52,1.912,0.092,37
-17.2313,-71.9149,72.708,4.2,24,132.0,1.879,0.76,us,8.95,9.815,0.186,8
5.2907,94.8423,75.831,4.9,63,137.0,2.097,0.64,us,9.25,8.043,0.083,46
-17.5689,166.9762,10.0,4.1,15,169.0,2.121,0.79,us,6.23,1.936,0.174,10
51.4382,159.1874,42.229,4.4,35,138.0,1.622,0.55,us,10.83,7.692,0.117,21
-18.0579,-177.9631,628.268,4.0,38,74.0,2.993,0.41,us,18.44,7.194,0.123,18
7.088,126.5977,91.061,4.6,42,126.0,1.011,0.95,us,9.82,7.936,0.098,31
-10.9536,165.5544,10.0,4.1,17,142.0,4.746,1.07,us,8.91,1.681,0.166,11
5.1276,126.8545,97.64,4.4,39,66.0,1.425,0.81,us,7.0,5.366,0.108,25
-21.6349,-68.4385,120.808,4.3,96,60.0,0.764,0.74,us,5.92,5.977,0.057,86
52.5018,160.6432,10.0,4.2,49,119.0,1.319,0.71,us,9.12,1.899,0.084,40
6.9436,127.1134,10.0,4.2,24,128.0,1.528,0.97,us,10.61,1.915,0.128,17
51.1178,-175.9955,10.0,4.0,42,203.0,0.788,0.5,us,4.63,1.918,0.108,23
8.2335,127.5108,10.0,4.7,71,66.0,2.237,0.63,us,9.17,1.868,0.074,55
51.5039,159.5283,35.0,4.7,52,124.0,1.615,1.09,us,8.77,1.914,0.071,60
-11.8875,165.3115,10.0,4.6,32,110.0,3.987,0.82,us,8.94,1.862,0.078,49
-20.5551,-178.0853,516.789,4.0,25,99.0,4.598,0.55,us,9.13,9.974,0.125,18
29.3916,104.0487,10.0,4.7,102,64.0,4.813,0.66,us,7.82,1.867,0.057,92
52.6408,160.6954,10.0,4.7,23,129.0,1.299,0.79,us,11.34,1.916,0.118,22
13.9315,120.8166,93.766,4.7,115,99.0,8.842,0.85,us,8.41,7.29,0.043,161
49.1839,157.9858,10.0,5.1,149,129.0,3.867,0.77,us,10.1,1.878,0.033,303
52.6927,160.608,30.025,4.5,32,143.0,1.233,1.03,us,5.69,5.63,0.121,20
-3.3365,68.3758,10.0,4.9,112,61.0,5.732,0.59,us,9.04,1.827,0.059,90
-17.4718,-172.2452,10.0,5.0,34,75.0,2.72,1.23,us,10.05,1.868,0.056,104
52.3277,161.5303,10.0,4.4,21,135.0,1.887,0.62,us,13.76,1.941,0.134,16
27.1252,140.1384,478.222,4.3,142,40.0,1.824,0.64,us,10.65,6.751,0.049,120
7.484,-77.1241,45.11,4.4,49,95.0,1.556,0.69,us,6.88,8.21,0.103,27
39.8728,75.3488,10.0,4.2,31,147.0,1.197,0.81,us,2.3,1.91,0.141,14
-17.1006,168.4113,215.635,4.2,19,83.0,2.012,0.82,us,11.25,11.331,0.146,13
-20.9423,-177.9097,425.086,4.0,27,108.0,4.964,0.87,us,11.24,14.534,0.106,24
12.6134,-90.5534,10.0,4.3,48,207.0,1.486,0.92,us,9.06,1.992,0.087,37
-36.9648,179.0732,10.0,4.4,24,210.0,0.854,1.19,us,5.29,1.931,0.189,10
49.8424,155.9951,74.82,4.5,81,132.0,3.439,0.59,us,6.08,6.8,0.052,110
-4.4037,101.527,36.269,4.4,42,144.0,1.425,0.5,us,9.15,7.493,0.092,34
44.4593,149.4381,35.0,4.6,51,137.0,4.926,1.02,us,10.07,1.932,0.068,64
7.3003,123.4816,10.0,4.9,55,65.0,2.094,0.45,us,8.88,1.858,0.062,82
52.1637,160.6701,21.891,4.6,59,135.0,1.503,1.06,us,11.65,5.948,0.072,58
31.767,50.9071,10.0,4.4,53,123.0,5.495,0.56,us,11.84,1.923,0.077,49
-37.9216,51.7886,10.0,4.7,55,83.0,19.251,0.81,us,12.95,1.851,0.084,43
42.5413,142.8743,90.819,4.1,37,109.0,0.566,0.46,us,8.78,8.681,0.106,24
39.4839,143.3279,10.0,4.2,16,203.0,2.17,0.94,us,6.59,1.98,0.2,7
-59.2511,-26.1519,123.825,4.9,69,65.0,7.548,0.64,us,11.3,5.822,0.076,58
43.588,144.7033,123.585,4.3,67,136.0,1.616,0.74,us,8.69,7.465,0.059,80
2.8767,-31.3804,10.0,4.7,30,46.0,9.754,0.77,us,7.86,1.853,0.117,27
2.0682,96.6309,26.827,4.5,43,181.0,1.211,0.54,us,7.44,6.437,0.09,36
52.3174,160.1852,30.832,4.7,47,134.0,1.172,0.92,us,10.45,6.04,0.085,42
53.282,160.9343,35.0,4.1,14,171.0,1.4,1.26,us,12.63,1.999,0.174,9
35.0114,141.3563,41.956,4.1,16,155.0,2.284,0.97,us,10.73,2.745,0.213,6
-30.1715,-177.5487,35.0,4.3,14,243.0,8.136,0.96,us,9.42,2.008,0.169,10
52.6742,160.6953,10.0,4.7,59,120.0,1.289,1.12,us,9.74,1.907,0.075,54
-60.075,-62.4621,10.0,4.8,22,133.0,4.774,0.85,us,9.47,1.862,0.131,19
31.2772,-116.1453,9.456,3.7,41,196.0,0.101,0.76,us,1.85,4.216,0.355,2
52.0881,161.0854,10.0,4.7,12,191.0,2.304,1.37,us,8.24,1.996,0.174,10
49.97,157.0665,35.0,4.4,38,136.0,3.167,0.58,us,6.37,1.942,0.102,28
-24.9262,-176.1399,35.0,4.6,16,216.0,8.962,0.67,us,13.97,1.98,0.151,13
50.1601,157.2531,35.0,4.7,140,132.0,2.965,0.73,us,5.98,1.704,0.049,124
-58.1885,-15.9097,10.0,5.1,84,56.0,12.081,0.51,us,10.7,1.369,0.066,75
-18.8558,169.376,257.339,4.2,84,85.0,4.151,0.7,us,10.45,7.75,0.064,68
49.8985,157.532,35.0,5.3,136,122.0,3.206,0.79,us,8.71,1.897,0.026,489
25.2576,126.5237,35.0,4.2,25,102.0,2.224,1.27,us,7.71,1.959,0.146,13
22.4404,94.5319,105.63,4.5,84,52.0,1.28,0.43,us,8.13,6.785,0.066,67
-6.7226,130.0323,157.367,4.5,29,44.0,2.189,0.96,us,5.13,8.581,0.102,28
51.6558,159.9843,10.0,4.9,73,109.0,1.596,0.87,us,8.05,1.862,0.027,472
18.626,95.0872,78.124,4.4,30,83.0,2.025,0.44,us,9.36,4.994,0.123,19
52.0687,159.9883,10.0,4.9,13,121.0,1.258,0.82,us,11.15,1.924,0.096,38
-22.1436,-179.7559,606.114,4.4,50,135.0,4.837,0.81,us,13.69,8.541,0.084,42
1.2912,126.412,41.015,4.4,82,68.0,1.085,0.54,us,5.04,6.961,0.067,72
51.5273,161.0624,10.0,4.7,41,191.0,2.108,0.64,us,9.05,1.95,0.036,229
49.8161,156.0027,73.355,4.2,47,137.0,3.463,0.62,us,13.19,8.162,0.082,41
-20.5123,-178.6755,606.608,4.0,20,160.0,4.14,0.85,us,18.48,10.958,0.139,15
-63.6835,172.6283,10.0,4.5,22,86.0,14.307,0.55,us,10.72,1.899,0.124,19
37.183,141.0446,60.182,4.4,31,144.0,2.362,0.52,us,8.9,7.237,0.12,20
50.1777,157.445,27.139,4.7,13,132.0,2.939,1.04,us,13.43,6.102,0.13,18
50.6307,159.9132,10.0,4.0,17,138.0,2.521,0.23,us,8.7,1.845,0.184,8
-63.1395,167.8656,10.0,4.3,17,169.0,14.575,1.39,us,11.92,1.974,0.137,15
51.8593,159.121,35.0,5.9,87,66.0,1.201,0.57,us,9.04,1.848,0.075,65
-16.5534,177.0266,10.0,4.7,12,79.0,1.538,0.86,us,7.79,1.914,0.194,8
36.6031,68.0294,10.0,4.3,73,125.0,2.237,0.7,us,6.45,1.902,0.067,64
39.4386,143.6861,10.0,4.3,36,127.0,2.421,0.74,us,4.21,1.917,0.119,20
52.2595,160.4218,34.082,4.9,117,130.0,1.323,0.7,us,8.79,4.307,0.042,179
14.0639,-89.9381,10.0,4.8,62,60.0,0.222,0.39,us,4.3,1.818,0.045,155
50.5746,157.7638,10.0,4.9,118,113.0,2.513,0.94,us,8.28,1.873,0.054,107
36.241,142.206,10.0,4.7,36,97.0,3.239,0.98,us,5.48,1.875,0.097,32
-7.3281,126.7221,398.062,4.7,86,24.0,3.422,0.7,us,8.27,7.448,0.051,119
51.734,159.5148,35.0,5.0,103,119.0,1.396,0.79,us,9.44,1.919,0.058,94
30.2993,67.8799,10.0,4.3,57,99.0,4.335,0.9,us,6.13,1.878,0.093,34
-23.8696,170.2865,10.0,4.6,22,188.0,2.896,1.02,us,10.32,1.706,0.129,18
