latitude,longitude,depth,mag,nst,gap,dmin,rms,net,horizontalError,depthError,magError,magNst
50.5956,157.9756,35.0,4.8,76,130.0,2.467,0.55,us,9.98,1.919,0.07,62
51.1,159.3869,25.837,4.3,24,156.0,1.979,0.7,us,13.66,7.658,0.133,16
43.6191,147.136,40.859,5.0,128,85.0,3.323,1.04,us,8.45,5.418,0.023,605
35.7896,21.752,32.234,4.6,74,61.0,1.393,0.94,us,7.57,5.658,0.067,67
9.4621,94.0031,10.0,4.3,28,181.0,5.12,0.33,us,7.78,1.925,0.119,20
16.501,-59.5122,10.0,4.9,76,61.0,1.503,0.73,us,8.24,1.867,0.032,309
50.2966,158.3914,10.0,4.1,29,132.0,2.735,0.9,us,6.18,1.905,0.109,23
-35.5154,179.0807,10.0,4.1,13,245.0,2.136,0.61,us,12.65,2.004,0.214,6
-26.2091,178.7099,575.919,4.8,43,131.0,9.703,0.72,us,15.09,7.426,0.069,65
0.3533,122.348,129.767,4.1,26,72.0,3.182,0.69,us,7.87,8.451,0.127,17
-25.4251,179.6797,504.783,4.6,64,93.0,4.359,0.77,us,13.46,8.277,0.037,219
43.5849,-127.4161,10.0,3.9,70,188.0,2.449,1.03,us,8.68,1.992,0.297,3
-16.3302,167.2356,19.584,4.9,36,143.0,0.879,0.62,us,9.87,5.202,0.096,34
-57.39,-66.929,10.0,4.6,44,144.0,2.495,0.51,us,13.28,1.92,0.084,42
-32.1158,-68.3992,126.63,4.9,201,42.0,0.614,0.6,us,7.1,5.814,0.038,214
52.3144,160.15,31.091,4.5,46,134.0,1.157,0.63,us,11.51,6.198,0.098,31
-52.9739,22.0891,10.0,4.6,15,114.0,20.603,0.75,us,13.45,1.522,0.151,14
14.6744,-93.3167,35.0,4.7,77,140.0,1.962,0.74,us,7.22,1.941,0.051,118
52.7616,160.911,10.0,4.3,22,196.0,1.395,0.59,us,6.79,1.994,0.116,21
-34.1565,-178.9411,10.0,4.9,32,221.0,4.067,0.92,us,12.77,1.991,0.169,19
52.8614,160.8778,29.485,4.6,36,119.0,1.358,1.02,us,11.21,6.258,0.109,25
49.0866,157.9168,10.0,4.5,39,138.0,10.376,0.41,us,14.57,1.92,0.075,52
52.3792,160.4315,10.0,4.7,70,162.0,1.262,0.73,us,11.16,1.92,0.058,92
44.461,148.0664,78.483,4.6,79,134.0,3.945,0.74,us,8.91,2.745,0.051,114
52.5815,160.8164,10.0,4.6,18,121.0,1.388,0.61,us,8.48,1.82,0.207,12
19.2441,-104.3128,10.0,4.3,100,109.0,0.454,0.53,us,4.81,1.849,0.052,105
49.8334,155.8118,64.365,4.7,77,132.0,3.485,0.59,us,3.9,6.798,0.035,251
-57.1362,-67.2125,10.0,4.7,24,146.0,2.222,0.56,us,14.89,1.964,0.127,19
54.4532,161.4173,45.267,4.0,30,132.0,2.18,0.61,us,9.04,10.006,0.119,20
53.0413,161.201,10.0,4.1,20,183.0,1.541,1.08,us,9.89,1.844,0.114,21
-35.4444,-179.769,10.0,4.3,16,259.0,2.621,0.5,us,8.65,1.966,0.188,8
39.5831,39.7579,10.0,4.4,45,60.0,0.716,0.49,us,2.91,1.909,0.17,11
51.4032,159.5752,26.928,4.2,14,128.0,1.72,1.16,us,11.08,7.352,0.216,7
54.3707,-159.8603,10.0,3.9,29,223.0,0.487,0.84,us,4.48,1.977,0.23,5
42.2673,144.4403,46.002,4.3,39,165.0,0.987,0.58,us,6.6,7.142,0.113,22
6.6539,116.7771,634.664,4.3,64,72.0,5.341,0.76,us,12.31,6.341,0.072,55
41.0006,141.958,67.663,4.2,50,141.0,0.709,0.39,us,6.38,5.448,0.097,30
29.3171,129.4347,10.0,4.4,38,86.0,2.355,0.78,us,6.93,1.884,0.11,24
36.5903,70.9303,199.268,4.1,47,90.0,2.118,0.51,us,6.45,8.49,0.109,24
-4.3236,136.1024,10.0,4.3,24,84.0,2.219,0.62,us,5.7,1.879,0.142,15
50.1538,157.9433,10.0,5.2,122,125.0,2.907,0.72,us,8.3,1.878,0.055,111
52.5327,160.8379,10.0,4.2,25,150.0,1.417,0.4,us,7.31,1.931,0.141,14
51.8385,159.5442,35.0,5.2,43,117.0,1.307,0.51,us,9.52,1.927,0.118,24
-47.1298,97.264,10.0,4.4,10,157.0,36.385,0.74,us,10.51,1.947,0.203,7
16.0294,-96.5603,37.287,4.1,45,163.0,0.506,0.78,us,3.71,12.45,0.097,29
-9.5135,120.05,84.061,4.1,24,76.0,2.346,1.17,us,7.63,12.425,0.198,10
-59.6091,-26.2882,104.606,5.1,79,68.0,7.714,0.54,us,11.44,7.09,0.057,100
52.2037,160.7029,10.0,4.4,32,190.0,2.042,0.82,us,12.81,1.959,0.103,27
52.4811,160.8098,10.0,4.3,27,206.0,1.421,1.28,us,12.14,1.998,0.122,19
51.7133,159.8842,10.0,4.6,105,127.0,1.515,0.8,us,7.92,1.892,0.051,115
26.4927,140.471,385.072,4.7,111,21.0,1.645,0.79,us,8.63,6.186,0.025,478
38.3902,119.3497,10.0,4.5,38,111.0,2.956,0.69,us,6.47,1.875,0.089,37
-7.0498,150.2047,10.0,4.4,33,142.0,3.273,0.63,us,5.51,1.848,0.12,20
51.2842,158.4725,35.0,4.5,24,127.0,1.745,0.8,us,11.04,1.92,0.156,12
37.2812,20.2044,46.918,4.2,33,91.0,1.377,0.7,us,6.76,10.237,0.136,15
51.825,159.6059,40.446,4.4,29,125.0,1.335,0.94,us,8.84,7.758,0.084,41
-10.9112,164.88,10.0,4.6,18,134.0,5.044,1.05,us,10.14,1.916,0.173,10
-23.7405,-179.3795,395.029,4.1,28,172.0,5.652,0.49,us,15.96,10.586,0.107,24
-8.0859,119.191,9.922,4.1,17,59.0,1.582,1.05,us,4.44,5.196,0.184,8
-13.0398,166.7778,125.525,4.3,26,93.0,2.428,0.89,us,8.34,7.153,0.13,17
0.5086,121.2234,92.951,4.3,25,122.0,0.744,0.95,us,6.16,7.185,0.168,11
2.8767,-31.3804,10.0,4.7,30,46.0,9.754,0.77,us,7.86,1.853,0.117,27
52.4346,161.8002,10.0,4.4,27,126.0,2.004,0.91,us,9.15,1.914,0.117,21
45.5011,150.8203,58.787,4.5,50,135.0,5.779,0.59,us,7.57,7.45,0.083,43
-16.5308,-177.4235,422.761,4.0,20,114.0,3.076,0.98,us,16.36,9.633,0.129,16
-13.1696,167.1462,207.973,4.6,61,134.0,7.833,0.77,us,9.73,4.758,0.067,66
52.7895,159.8438,47.571,4.4,87,149.0,0.76,0.97,us,10.6,8.337,0.056,90
4.4519,-73.1153,10.0,4.5,66,75.0,1.264,0.71,us,7.16,1.897,0.073,54
-4.7965,153.1888,66.556,4.0,28,122.0,6.423,0.81,us,11.03,7.098,0.108,23
-18.1195,168.153,130.623,4.0,15,186.0,4.322,0.67,us,10.31,11.162,0.173,9
51.7915,159.8475,22.905,5.1,69,125.0,1.435,0.97,us,9.48,5.594,0.059,92
52.5353,160.9724,23.612,4.1,15,159.0,1.493,0.71,us,12.99,9.802,0.175,9
50.1601,157.2531,35.0,4.7,140,132.0,2.965,0.73,us,5.98,1.704,0.049,124
52.0603,160.0392,10.0,5.2,55,96.0,1.285,0.9,us,8.27,1.386,0.083,48
3.35,-84.1606,10.0,4.6,70,99.0,5.673,0.83,us,9.07,1.948,0.075,52
52.4126,160.4179,10.0,5.0,80,103.0,1.237,0.73,us,8.41,1.829,0.041,195
50.6538,158.1272,28.102,4.6,61,126.0,2.395,1.15,us,7.36,5.526,0.036,237
7.4907,127.1824,10.0,4.0,12,159.0,1.645,0.89,us,9.11,1.827,0.196,7
-23.3297,178.8291,553.818,5.1,42,81.0,5.604,0.65,us,15.36,7.2,0.098,39
51.7916,159.2703,66.976,4.6,18,125.0,1.291,0.67,us,10.56,8.163,0.146,14
32.3352,141.8054,10.0,4.3,23,145.0,1.85,0.84,us,7.82,1.926,0.178,9
2.0269,126.8751,88.157,4.8,65,58.0,1.34,0.75,us,5.84,6.739,0.068,68
64.4923,-17.9921,10.0,4.2,36,136.0,1.46,0.85,us,7.88,1.921,0.113,22
27.1766,143.1584,10.0,4.1,14,215.0,0.872,0.46,us,8.96,1.953,0.166,10
29.283,129.3649,10.0,4.4,39,108.0,2.41,1.17,us,4.32,1.888,0.112,23
-52.7572,27.0588,10.0,4.3,9,122.0,20.862,0.39,us,11.74,1.913,0.189,8
52.3124,160.2713,10.0,4.4,72,113.0,1.217,0.8,us,9.09,1.874,0.052,106
-20.9122,-179.1043,655.017,4.1,39,136.0,4.139,0.63,us,9.12,8.286,0.082,41
-33.1375,-73.3056,10.0,4.3,28,173.0,1.397,0.81,us,6.82,1.951,0.201,7
-20.4801,-178.1178,550.145,4.4,52,122.0,4.529,0.51,us,15.34,7.689,0.085,40
16.4815,-59.454,10.0,4.6,31,188.0,1.547,0.77,us,8.01,1.949,0.146,14
49.9239,159.3342,10.0,4.6,43,109.0,3.133,0.54,us,9.81,1.866,0.054,103
18.1793,121.4718,125.483,4.7,78,58.0,4.629,1.07,us,9.92,7.292,0.071,61
53.1272,161.2429,10.0,4.3,36,117.0,1.568,0.97,us,8.8,1.893,0.129,17
15.7411,-98.2903,10.0,4.2,92,225.0,0.667,1.4,us,2.89,1.977,0.055,93
-32.5071,-71.4842,70.373,4.3,34,135.0,0.532,0.34,us,3.49,4.918,0.154,12
42.4932,-28.8979,10.0,4.5,18,81.0,5.385,0.9,us,5.41,1.924,0.145,14
51.7563,160.359,10.0,4.4,16,218.0,1.645,1.13,us,6.02,1.982,0.22,7
28.2462,51.7119,10.0,4.2,31,137.0,5.194,0.66,us,5.07,1.941,0.101,27
-19.1257,-174.6439,88.347,4.6,32,89.0,4.46,0.65,us,12.61,9.068,0.095,33
35.3651,57.3311,10.0,4.5,60,165.0,7.579,0.76,us,9.54,1.937,0.078,49
-31.5078,-66.328,147.125,4.9,84,36.0,1.317,0.94,us,6.52,5.514,0.029,383
52.7678,159.9575,51.899,4.1,59,119.0,0.832,0.7,us,10.74,8.347,0.074,50
-60.0779,-62.4141,10.0,4.5,34,127.0,4.775,0.76,us,9.11,1.885,0.103,31
34.9571,97.3443,10.0,4.3,41,138.0,5.279,0.66,us,11.96,1.898,0.085,39
9.0956,93.9539,10.0,4.5,51,120.0,4.855,0.81,us,10.79,1.885,0.089,37
0.7377,96.8752,10.0,5.0,85,90.0,2.822,0.84,us,9.28,1.828,0.067,71
32.3193,142.311,10.0,4.4,27,94.0,2.25,0.3,us,9.02,1.904,0.149,13
-22.94,173.0802,10.0,4.4,12,137.0,5.209,0.95,us,11.66,1.945,0.19,8
50.405,156.4777,65.379,4.8,126,131.0,2.812,0.46,us,10.52,7.189,0.031,321
53.0067,160.8847,35.0,5.5,111,105.0,1.35,0.86,us,7.5,1.861,0.02,843
22.7691,143.5336,73.846,4.6,32,99.0,4.478,0.62,us,10.49,7.053,0.119,21
-23.9387,179.9727,510.307,4.3,35,100.0,10.571,0.93,us,13.7,10.047,0.097,30
-23.1093,-177.0071,170.159,4.8,20,172.0,7.066,0.91,us,18.14,5.451,0.135,19
29.4143,129.3204,10.0,4.3,15,121.0,2.305,0.61,us,7.28,1.842,0.177,9
36.646,71.1433,88.954,4.0,21,96.0,1.977,0.55,us,7.47,10.213,0.138,15
-18.3904,-177.9348,542.938,4.2,70,77.0,3.199,0.67,us,9.63,7.597,0.072,53
51.5085,159.3931,35.0,4.6,43,132.0,1.585,0.87,us,11.01,1.934,0.091,36
13.162,126.5517,10.0,4.3,22,155.0,9.704,0.92,us,13.38,1.941,0.129,17
-49.8823,110.742,10.0,4.4,14,145.0,17.613,1.07,us,14.39,1.9,0.179,11
-0.9676,-21.9632,10.0,4.3,13,116.0,10.26,0.96,us,13.35,1.858,0.169,11
50.2768,159.0998,10.0,4.9,71,125.0,2.765,1.03,us,8.39,1.87,0.029,363
-55.4084,-123.4515,10.0,4.2,14,110.0,32.378,0.43,us,12.52,1.901,0.153,13
-4.5746,-12.581,10.0,4.6,14,97.0,3.776,0.36,us,8.45,1.867,0.182,10
52.4839,160.8309,10.0,4.2,34,145.0,1.431,0.73,us,10.85,1.941,0.115,21
34.5564,70.7886,10.0,4.7,44,100.0,1.366,0.85,us,9.49,1.892,0.093,35
-25.7952,-176.9375,101.106,4.8,37,100.0,9.263,0.89,us,12.33,8.958,0.107,27
-16.8565,-173.4989,39.87,4.3,43,56.0,3.838,0.57,us,5.1,7.514,0.094,32
48.4112,157.2249,10.0,5.0,93,106.0,4.706,0.58,us,11.33,1.862,0.034,268
52.6115,160.9347,10.0,4.2,35,149.0,1.447,0.98,us,10.34,1.956,0.106,25
23.4679,125.3959,10.0,4.3,51,129.0,1.397,0.9,us,7.92,1.782,0.094,32
21.2716,99.6496,12.1,4.4,49,87.0,0.057,0.46,us,6.86,3.725,0.093,37
51.5937,159.4887,37.66,4.3,64,137.0,1.522,0.88,us,10.07,7.5,0.072,60
-56.8159,-68.4705,10.0,5.0,66,146.0,1.947,0.52,us,9.49,1.893,0.074,58
51.5505,160.3305,10.0,4.2,34,193.0,1.8,0.94,us,13.35,1.979,0.107,24
23.4757,94.7072,102.184,4.4,60,67.0,2.267,0.62,us,10.08,7.216,0.077,49
51.5352,159.8356,10.0,4.6,20,121.0,1.659,0.61,us,6.42,1.932,0.158,12
-58.3778,-23.6582,10.0,4.8,37,70.0,15.826,0.69,us,6.18,1.858,0.09,38
-57.1716,-67.3232,10.0,4.7,28,148.0,2.252,0.71,us,11.34,1.963,0.12,23
-5.707,146.2903,42.073,4.2,12,143.0,3.773,0.52,us,9.53,7.212,0.16,11
51.2027,158.4178,35.0,4.3,15,135.0,1.829,0.69,us,10.77,1.949,0.202,7
49.8397,155.7456,80.711,4.5,63,134.0,3.493,0.42,us,10.79,7.544,0.05,120
51.8966,152.8117,420.632,4.2,77,127.0,3.224,0.45,us,12.75,8.112,0.069,59
52.8862,160.8619,10.0,4.9,35,134.0,1.345,0.46,us,12.01,1.914,0.116,23
-12.6917,167.4408,10.0,4.7,58,114.0,2.749,0.5,us,9.16,1.878,0.076,54
50.7904,156.4799,76.225,4.3,15,158.0,2.441,0.62,us,6.68,13.108,0.217,6
11.937,140.5547,44.764,4.6,127,36.0,4.517,0.6,us,8.31,6.822,0.052,117
-15.7357,167.1841,31.682,4.5,20,146.0,0.288,0.88,us,8.99,6.504,0.15,13
49.9123,89.823,10.0,4.1,41,86.0,4.098,0.91,us,5.9,1.842,0.114,21
4.8731,96.6217,10.0,4.5,32,135.0,3.156,0.97,us,9.38,1.909,0.108,25
-18.0508,-178.2073,623.734,4.2,29,122.0,2.794,0.67,us,14.75,13.397,0.1,29
51.2743,159.8264,10.0,4.5,29,126.0,1.896,0.6,us,9.1,1.903,0.115,23
61.1676,-28.0776,10.0,4.3,50,150.0,4.731,0.79,us,11.61,1.932,0.084,40
52.5294,160.7131,35.786,4.2,30,120.0,1.347,0.82,us,10.78,7.86,0.121,19
0.383,125.4483,64.101,4.7,93,49.0,1.217,1.02,us,6.25,6.768,0.052,114
7.1636,127.2666,10.0,4.3,28,83.0,1.677,1.17,us,8.56,1.903,0.119,20
31.352,50.2291,10.0,4.2,37,146.0,5.271,0.45,us,10.71,1.945,0.113,22
-5.6802,129.0318,10.0,4.4,23,68.0,4.22,1.0,us,8.96,1.909,0.13,17
17.7113,-83.6415,10.0,4.6,36,161.0,5.04,0.82,us,9.92,1.944,0.068,70
-5.9241,145.6205,106.473,5.1,112,46.0,3.779,0.75,us,7.65,7.098,0.057,99
-24.1879,-66.7496,182.238,5.0,75,48.0,1.798,1.11,us,8.94,6.031,0.022,663
-56.6444,-24.0158,10.0,4.8,30,104.0,7.474,0.81,us,10.8,1.902,0.103,29
51.4089,159.303,10.0,4.5,48,135.0,1.666,0.58,us,10.46,1.889,0.085,41
13.8974,-92.0185,36.506,4.6,73,142.0,0.796,0.54,us,7.46,9.493,0.035,249
51.1875,159.7868,10.0,4.4,27,125.0,1.968,1.38,us,8.84,1.94,0.13,19
51.0961,159.8226,10.0,4.2,23,133.0,2.061,0.93,us,8.35,1.85,0.152,15
10.8836,-86.7301,10.0,4.4,39,191.0,1.343,0.54,us,7.37,1.913,0.075,52
-55.692,-4.1508,10.0,4.2,11,88.0,16.052,0.45,us,15.12,1.956,0.159,11
50.227,159.1358,10.0,4.7,66,135.0,2.817,1.02,us,10.09,1.894,0.036,239
-2.6246,129.5177,10.0,4.4,22,50.0,1.924,1.04,us,6.26,1.882,0.127,18
2.9452,-31.1905,10.0,4.7,39,76.0,9.903,0.56,us,10.9,1.897,0.091,37
54.8415,160.1378,10.0,4.1,28,135.0,2.023,0.42,us,6.55,1.927,0.085,38
32.3382,56.224,10.0,4.1,15,127.0,7.366,1.13,us,14.5,1.979,0.114,23
39.4846,143.2361,40.066,4.9,61,126.0,2.114,0.91,us,8.71,7.045,0.047,141
30.3748,138.6788,416.072,4.3,88,85.0,2.898,0.73,us,10.62,7.41,0.068,62
15.8014,146.1953,123.377,4.5,38,145.0,0.681,1.12,us,14.72,7.453,0.095,32
-27.8088,-66.3085,143.072,4.7,51,46.0,3.619,0.72,us,7.8,6.782,0.043,162
49.6988,158.8076,10.0,5.1,86,88.0,3.331,1.25,us,8.62,1.81,0.049,138
-9.6123,119.5807,67.743,4.9,81,53.0,0.709,1.16,us,6.03,4.964,0.073,59
47.0627,152.8241,67.469,4.2,58,124.0,6.814,0.86,us,10.73,6.353,0.076,48
23.7674,120.9029,28.892,4.5,55,53.0,0.051,0.63,us,3.98,1.54,0.095,32
-9.9186,121.7796,35.0,4.7,33,78.0,1.352,0.99,us,5.33,1.901,0.099,31
16.2029,107.3158,10.0,4.3,33,88.0,3.703,0.82,us,8.97,1.89,0.125,18
-4.7414,122.6823,10.0,4.4,15,164.0,0.178,0.58,us,3.99,1.888,0.19,8
-17.8948,168.1647,7.066,4.3,18,172.0,2.602,0.93,us,10.16,4.332,0.168,12
-30.9493,-69.4723,108.987,4.7,61,31.0,0.908,0.63,us,4.74,5.577,0.076,52
-15.0451,167.7254,121.813,4.1,18,219.0,0.643,0.81,us,12.94,6.988,0.158,11
5.9005,126.9658,105.097,4.2,11,128.0,1.802,0.4,us,7.24,9.119,0.2,7
51.7415,158.6828,63.654,4.1,26,102.0,1.284,0.74,us,5.2,7.893,0.127,17
-3.4265,129.2662,10.0,4.7,70,77.0,1.261,0.93,us,3.83,1.777,0.074,61
40.0496,145.275,10.0,4.3,23,135.0,2.534,0.72,us,8.95,1.926,0.137,15
50.3753,159.2399,10.0,4.3,26,126.0,2.677,0.51,us,8.64,1.795,0.129,17
51.3009,158.1844,57.224,4.0,14,231.0,1.749,0.83,us,13.81,10.051,0.164,10
-24.96,179.8016,520.296,4.5,67,132.0,7.362,0.88,us,13.56,7.696,0.074,54
-7.0885,155.8877,133.175,4.5,47,98.0,4.647,0.93,us,9.86,7.643,0.085,41
-55.3723,-28.0188,10.0,4.3,13,114.0,5.017,0.48,us,15.55,1.922,0.188,8
-0.677,123.2858,10.0,4.3,33,66.0,2.618,0.84,us,6.6,1.926,0.109,24
-20.7731,-174.2402,10.0,4.6,21,141.0,4.395,0.9,us,8.85,1.943,0.122,20
51.6633,160.7923,10.0,4.5,34,135.0,1.893,0.77,us,10.9,1.916,0.113,23
51.4935,159.882,32.936,4.3,19,137.0,1.709,0.81,us,9.31,6.917,0.177,11
53.4979,160.0252,70.25,4.3,27,137.0,0.953,0.64,us,11.53,5.433,0.125,18
53.4664,-166.8016,74.179,4.3,125,149.0,0.331,0.92,us,4.32,5.426,0.047,126
-57.6193,157.9536,39.626,4.3,20,140.0,3.177,0.76,us,7.97,11.422,0.148,13
52.0917,161.0989,10.0,4.2,14,122.0,1.762,1.16,us,6.0,1.913,0.263,4
16.4835,41.2462,10.0,4.4,33,165.0,3.58,0.62,us,6.77,1.919,0.109,24
49.7002,158.3167,19.776,4.2,45,138.0,3.334,0.65,us,12.63,5.287,0.095,31
-22.2384,-68.568,142.402,4.3,24,74.0,0.764,0.78,us,6.8,7.482,0.217,6
50.7054,156.5478,12.234,4.7,102,128.0,2.51,0.58,us,10.39,4.71,0.055,102
1.1965,96.9156,10.0,4.2,15,205.0,0.668,0.4,us,7.53,1.937,0.216,6
39.1271,142.8068,35.0,4.5,55,134.0,2.133,0.77,us,8.17,1.927,0.065,69
51.0846,158.9278,35.26,4.2,18,138.0,1.949,0.41,us,13.46,8.25,0.128,17
52.4082,160.9779,10.0,4.7,16,138.0,1.544,0.75,us,13.12,1.936,0.159,12
51.0686,91.4009,10.0,4.3,32,144.0,4.947,1.03,us,8.75,1.952,0.113,22
-20.871,-177.9501,475.294,4.4,26,209.0,4.89,0.64,us,11.79,9.907,0.123,19
-55.2488,-27.4874,10.0,4.6,29,109.0,5.301,0.86,us,11.17,1.867,0.114,23
-17.4016,-171.9308,10.0,4.5,39,76.0,2.53,0.61,us,13.06,1.809,0.077,50
51.7367,158.7037,54.838,4.5,23,166.0,1.289,0.85,us,11.64,9.683,0.124,19
-54.7666,-130.2807,10.0,4.9,23,182.0,32.545,0.73,us,13.06,1.955,0.123,21
13.0649,-59.509,47.429,4.4,39,149.0,0.092,0.83,us,9.73,6.248,0.112,23
19.71,145.0356,192.863,4.2,29,136.0,4.502,0.41,us,11.96,7.428,0.121,19
36.5599,71.2843,222.085,4.0,46,96.0,1.994,0.95,us,7.23,7.794,0.134,15
-36.4696,177.3638,10.0,4.5,23,214.0,1.326,0.76,us,6.22,1.959,0.221,6
48.0162,148.2416,389.556,4.3,53,125.0,3.864,0.99,us,12.62,8.216,0.037,207
-7.3438,155.7987,35.0,4.4,58,92.0,4.602,0.59,us,10.58,1.923,0.079,46
-58.1218,-26.0536,89.699,4.4,19,142.0,19.086,0.45,us,12.62,7.842,0.131,17
-7.7094,130.0939,25.913,4.5,33,91.0,5.203,0.6,us,9.64,5.603,0.119,21
36.6819,70.6415,270.252,4.2,40,91.0,2.191,0.73,us,8.87,8.001,0.132,16
18.5829,-47.3495,10.0,4.6,19,142.0,12.928,0.65,us,13.72,1.94,0.137,16
1.5122,124.8959,10.0,3.8,16,132.0,3.252,0.46,us,8.26,1.627,0.162,10
51.4135,161.2335,10.0,4.1,32,130.0,2.264,0.57,us,9.5,1.928,0.105,25
51.4749,160.078,10.0,4.5,35,166.0,1.782,0.68,us,8.72,1.93,0.108,25
50.2465,159.1104,10.0,4.3,28,134.0,2.796,0.81,us,5.9,1.889,0.142,15
-2.2019,140.0112,10.0,4.0,13,122.0,0.758,0.94,us,6.52,1.852,0.163,10
49.0189,154.9365,80.244,4.1,44,135.0,4.449,0.65,us,10.32,7.915,0.09,37
-59.7937,-26.2061,13.731,4.4,33,115.0,15.141,1.2,us,14.39,6.361,0.097,31
19.6195,-108.8654,10.0,4.1,98,202.0,3.856,0.53,us,11.33,1.971,0.052,101
60.4524,-139.5498,5.0,4.1,28,97.0,0.501,1.19,us,2.62,1.944,0.198,8
51.5003,160.671,10.0,4.5,37,145.0,1.967,0.65,us,7.62,1.924,0.091,36
-55.2268,-27.8574,10.0,4.4,11,123.0,5.087,0.66,us,8.55,1.942,0.17,10
53.6533,160.0321,65.865,4.3,41,159.0,1.042,0.62,us,11.46,7.472,0.096,31
-4.3346,-12.1798,10.0,4.9,42,97.0,19.181,0.88,us,13.06,1.893,0.07,64
16.5283,41.2595,10.0,4.7,66,64.0,3.593,0.83,us,9.17,1.902,0.069,63
51.2982,158.7853,40.804,4.3,28,118.0,1.73,1.0,us,9.86,7.749,0.119,20
41.0148,51.8809,53.722,4.2,41,134.0,2.641,0.88,us,10.16,10.756,0.084,39
2.1265,126.699,50.669,4.7,149,42.0,1.502,0.64,us,3.69,6.55,0.046,143
52.0628,160.4337,35.0,4.3,29,167.0,1.97,1.12,us,5.79,1.971,0.094,32
-18.3323,168.4127,39.846,4.3,19,197.0,3.094,1.01,us,8.09,6.816,0.16,13
3.3517,126.8606,35.0,4.1,15,131.0,1.945,0.41,us,11.81,1.932,0.165,10
52.2858,160.291,27.676,4.5,33,122.0,1.243,1.01,us,10.55,6.494,0.099,30
53.4925,160.273,53.438,4.4,55,114.0,1.082,1.0,us,9.14,7.524,0.079,46
-53.9769,-1.7298,10.0,4.5,13,91.0,17.768,1.0,us,10.92,1.852,0.163,11
39.3041,143.5875,10.0,5.2,88,97.0,2.439,0.64,us,6.83,1.86,0.044,172
51.1809,159.7617,10.0,4.4,20,222.0,2.311,0.42,us,11.4,1.982,0.154,14
36.5008,70.2911,211.153,4.1,31,147.0,2.195,0.97,us,9.29,10.75,0.165,10
-33.1967,-70.1194,104.314,4.2,38,79.0,0.208,0.56,us,5.46,3.631,0.136,15
51.6744,159.7699,10.0,4.6,34,229.0,1.516,0.69,us,12.59,1.947,0.089,38
-24.2383,-67.376,178.794,4.2,23,92.0,1.477,0.65,us,9.19,8.317,0.187,8
11.2144,125.476,83.937,4.7,101,95.0,6.44,0.92,us,9.89,7.049,0.048,133
52.1463,160.24,31.385,4.1,22,204.0,1.309,0.86,us,13.31,9.987,0.124,18
50.8501,157.1112,79.757,5.0,112,84.0,2.29,0.86,us,8.51,5.038,0.022,641
-3.2992,129.0835,23.328,4.1,29,61.0,1.465,0.67,us,4.27,5.454,0.12,22
-60.0526,-61.9887,10.0,5.0,44,125.0,4.835,0.71,us,6.45,1.727,0.091,38
2.4729,126.9288,57.806,4.2,26,111.0,1.745,0.56,us,7.11,9.811,0.136,15
40.674,145.1876,10.0,4.5,73,135.0,2.033,0.67,us,5.44,1.887,0.076,51
28.1878,51.7175,10.0,4.4,41,84.0,5.154,0.69,us,8.94,1.91,0.127,18
51.7582,159.5458,60.563,4.6,36,138.0,1.381,1.04,us,10.36,5.503,0.111,24
-17.9403,-179.1514,595.793,4.2,27,86.0,2.67,0.55,us,15.7,10.072,0.107,24
36.9322,136.4174,10.0,4.5,48,57.0,1.486,1.06,us,5.84,1.853,0.083,44
-21.4887,-68.5894,148.938,4.0,21,106.0,0.68,0.49,us,7.37,6.264,0.184,8
31.2772,-116.1453,9.456,3.7,41,196.0,0.101,0.76,us,1.85,4.216,0.355,2
-15.7027,-177.938,438.779,4.1,66,133.0,2.7,0.58,us,16.33,7.141,0.074,50
-19.1652,-177.1744,335.954,4.4,76,64.0,6.852,0.77,us,13.95,7.948,0.062,75
27.0552,86.7342,10.0,4.1,16,197.0,4.684,0.31,us,11.49,1.916,0.15,14
50.7887,159.5658,10.0,4.2,18,132.0,2.309,0.68,us,8.15,1.948,0.146,14
43.2393,-126.9507,10.0,3.9,22,262.0,1.692,0.36,us,8.07,2.012,0.17,9
52.182,160.3766,10.0,4.2,43,146.0,1.349,0.83,us,9.51,1.914,0.093,32
50.3702,158.9085,10.0,4.5,124,71.0,2.662,0.47,us,9.53,1.884,0.053,104
24.309,124.949,35.0,4.2,21,232.0,0.655,0.91,us,12.98,1.999,0.159,11
51.8637,158.4105,67.372,4.3,34,135.0,1.171,0.64,us,9.49,7.452,0.108,24
50.1721,158.6943,24.951,4.4,27,138.0,2.855,0.69,us,11.35,5.649,0.13,17
50.238,157.55,35.0,4.6,80,135.0,2.872,0.91,us,9.83,1.883,0.063,75
-61.1702,-36.4403,10.0,4.7,28,112.0,6.906,0.8,us,9.14,1.927,0.102,29
38.9489,141.9613,67.609,4.1,16,201.0,1.964,0.56,us,9.12,8.361,0.214,6
27.0016,54.9871,10.0,4.3,40,103.0,2.322,0.74,us,9.99,1.922,0.101,28
52.5279,158.9657,67.462,4.3,53,212.0,0.532,0.65,us,9.49,6.534,0.087,38
-25.3585,179.5477,537.754,4.1,20,128.0,11.396,0.36,us,14.52,8.65,0.131,16
60.4782,-139.6172,5.0,4.3,60,47.0,0.497,1.01,us,1.96,1.906,0.133,19
22.468,94.3264,88.314,4.2,28,113.0,1.371,0.86,us,9.87,4.638,0.132,17
50.3823,159.0706,10.0,4.1,29,133.0,2.658,1.08,us,10.59,1.914,0.112,22
-18.0405,-178.2504,518.316,4.2,79,137.0,2.754,0.5,us,14.27,7.27,0.073,55
-27.0006,-176.2579,35.0,4.4,14,202.0,10.606,0.26,us,6.51,1.999,0.169,10
28.1609,131.0341,10.0,4.5,69,121.0,2.338,0.65,us,7.08,1.867,0.078,50
-8.8197,124.2686,105.059,4.3,32,91.0,0.93,0.72,us,8.16,6.851,0.116,23
51.6753,159.1235,35.0,4.2,57,132.0,1.381,0.72,us,10.16,1.943,0.08,43
54.3763,-161.5472,35.359,3.5,39,194.0,0.748,0.96,us,3.7,11.503,0.157,10
53.0361,160.8224,31.363,4.9,81,129.0,1.312,0.67,us,10.46,5.579,0.043,167
19.4279,38.9931,10.0,4.1,29,138.0,8.685,0.82,us,12.0,1.956,0.111,22
40.8139,143.0055,44.87,4.0,29,142.0,1.205,1.22,us,6.32,8.366,0.125,17
-32.6793,-178.4099,10.0,4.5,13,171.0,3.432,0.6,us,12.4,1.788,0.171,10
53.2219,160.4758,38.316,4.4,22,138.0,1.118,0.45,us,7.41,9.024,0.118,21
51.487,159.3122,35.0,4.5,26,161.0,1.902,0.95,us,12.88,1.967,0.121,20
54.6066,161.7234,35.0,4.3,55,130.0,2.416,0.74,us,7.56,1.87,0.082,42
9.7333,138.4384,10.0,4.5,28,129.0,4.583,1.26,us,10.32,1.913,0.125,19
13.9134,144.6483,148.056,3.8,10,102.0,0.387,1.14,us,13.98,9.878,0.227,6
34.2726,70.6976,10.0,4.4,34,225.0,1.315,0.68,us,8.54,1.966,0.117,21
-0.2594,-16.1735,10.0,4.7,20,119.0,13.225,0.44,us,16.78,1.925,0.137,16
50.7851,157.6646,41.065,4.6,56,135.0,2.323,1.01,us,11.52,7.353,0.056,95
50.9339,156.2353,141.685,4.8,102,121.0,2.358,0.78,us,9.2,6.741,0.026,461
81.2206,118.5921,10.0,4.9,97,77.0,9.907,0.57,us,10.5,1.889,0.03,345
49.5484,155.9545,48.829,4.2,33,135.0,3.729,0.74,us,11.82,8.511,0.11,23
-7.1085,129.2665,137.45,4.2,25,66.0,5.113,1.19,us,9.44,6.116,0.187,8
53.1518,160.3792,56.993,4.2,26,162.0,1.051,1.17,us,13.72,10.608,0.131,16
42.9656,145.4249,65.812,4.3,50,134.0,1.928,0.61,us,10.1,7.798,0.094,32
50.3121,158.7994,10.0,4.5,64,134.0,2.717,0.78,us,9.42,1.9,0.074,54
48.9933,154.8595,61.429,4.4,31,137.0,4.492,0.78,us,12.58,7.97,0.114,22
13.5155,-92.4205,10.0,4.5,44,177.0,1.334,0.88,us,7.71,1.958,0.041,178
-30.1026,-177.1731,10.0,4.5,21,213.0,1.079,0.89,us,9.5,1.967,0.128,18
48.8248,155.9886,10.0,4.5,28,138.0,4.423,0.8,us,12.93,1.91,0.122,20
51.9303,156.1036,207.607,4.1,52,146.0,1.53,0.41,us,11.24,7.889,0.088,35
52.8619,161.9184,10.0,4.4,30,105.0,1.984,1.13,us,10.47,1.915,0.12,22
52.2593,159.0057,68.738,4.3,97,132.0,0.795,0.66,us,5.14,6.524,0.059,85
42.7277,144.578,61.904,4.3,19,172.0,1.271,0.57,us,9.46,9.806,0.178,10
36.4699,70.9099,200.933,4.7,76,64.0,2.227,0.93,us,7.68,6.112,0.047,136
53.5623,160.0211,70.255,4.1,56,163.0,0.984,0.64,us,10.02,7.189,0.072,53
52.308,160.8673,10.0,4.3,24,161.0,1.529,0.93,us,10.44,1.944,0.147,14
58.6208,-30.981,10.0,4.6,22,179.0,7.663,0.68,us,11.65,1.965,0.147,14
4.9046,126.1883,89.617,4.4,55,109.0,0.727,0.75,us,7.6,6.736,0.086,39
29.2666,129.3392,10.0,4.9,65,85.0,2.433,0.56,us,7.03,1.756,0.048,138
34.6092,70.8142,10.0,4.1,13,213.0,1.389,0.67,us,7.08,1.982,0.145,13
34.5429,7.6272,10.0,4.2,38,128.0,1.841,0.82,us,9.92,1.931,0.099,31
-20.9115,-178.7395,558.535,4.4,30,136.0,4.37,0.62,us,13.22,8.83,0.107,26
10.4022,126.5293,10.0,4.5,20,118.0,3.442,0.94,us,10.7,1.902,0.131,17
54.5078,-159.6655,33.73,3.6,29,206.0,0.327,0.4,us,7.04,10.345,0.352,2
-18.6617,65.2233,10.0,4.2,16,95.0,2.062,0.75,us,6.43,1.884,0.176,9
18.7506,-107.6322,10.0,4.0,32,178.0,3.093,0.55,us,6.54,1.92,0.068,58
51.9743,159.0236,64.883,4.4,12,213.0,1.075,0.62,us,11.7,7.515,0.179,9
-34.6337,179.9395,78.408,4.5,28,139.0,3.208,1.32,us,13.28,7.951,0.111,24
11.1451,-86.7945,44.034,4.9,80,141.0,1.132,0.63,us,6.3,8.063,0.025,504
17.0899,-85.274,10.0,4.7,59,52.0,4.649,1.02,us,8.29,1.929,0.031,311
-55.82,-27.8286,72.921,4.7,19,195.0,5.211,1.02,us,8.52,10.056,0.123,20
53.2612,159.6037,61.165,4.4,18,87.0,0.622,0.79,us,11.35,9.698,0.178,9
-5.3606,152.0168,40.862,4.7,49,154.0,6.272,0.76,us,14.49,7.708,0.065,72
26.8866,55.2525,10.0,4.1,20,136.0,2.115,1.0,us,11.68,1.913,0.174,9
39.1259,142.1222,69.898,4.5,59,125.0,1.85,0.79,us,8.61,7.896,0.073,55
54.3731,167.4906,10.0,4.3,43,130.0,4.271,0.81,us,10.62,1.886,0.07,58
51.1346,158.9957,35.0,4.3,19,129.0,1.904,1.1,us,9.11,1.954,0.153,12
-12.4485,167.0104,230.059,4.3,49,90.0,2.986,0.82,us,11.87,8.616,0.083,41
2.0579,127.2379,88.129,4.4,43,97.0,3.185,0.5,us,9.28,7.98,0.1,30
-58.69,-25.8509,61.44,4.4,17,180.0,16.038,0.71,us,12.6,11.411,0.162,11
-6.2207,154.8856,135.416,4.0,18,157.0,3.378,0.83,us,14.19,8.406,0.144,13
-2.5975,35.988,10.0,4.4,24,117.0,1.931,1.04,us,7.17,1.925,0.149,13
-18.3819,-177.7835,568.771,4.4,37,90.0,3.312,0.64,us,15.2,10.844,0.102,28
-21.0976,-179.1914,622.15,4.6,41,122.0,4.229,0.55,us,6.79,8.59,0.084,42
4.7615,126.568,54.349,4.4,56,91.0,1.086,0.91,us,5.71,7.579,0.083,48
13.8649,39.8597,10.0,4.5,37,97.0,3.725,0.62,us,10.55,1.934,0.102,28
-17.9457,-178.4226,564.849,4.6,45,95.0,2.565,0.89,us,9.43,9.444,0.092,35
52.4098,160.5068,29.032,4.3,51,151.0,1.844,1.06,us,10.77,7.087,0.083,43
-2.3276,134.1553,5.054,4.6,20,61.0,0.559,0.31,us,5.76,5.258,0.133,17
-6.1006,130.5131,142.824,4.5,22,94.0,3.603,0.79,us,8.21,9.375,0.14,15
50.3058,159.6425,10.0,4.1,40,135.0,2.791,0.51,us,10.97,1.88,0.101,27
-4.9392,153.0422,44.851,4.1,20,185.0,1.149,1.14,us,7.51,8.779,0.14,14
-6.2642,148.7998,53.627,4.2,20,118.0,3.518,0.63,us,11.08,7.438,0.132,16
50.3621,159.2207,10.0,4.4,30,133.0,2.689,0.89,us,4.68,1.895,0.134,16
34.5739,70.653,10.0,4.4,49,141.0,1.255,0.67,us,8.69,2.428,0.08,45
36.1892,136.9978,260.284,4.3,116,72.0,0.652,0.76,us,7.69,5.221,0.055,96
50.3444,159.023,10.0,4.4,35,138.0,2.693,0.54,us,12.9,1.931,0.109,24
-31.415,-67.7291,10.0,4.5,35,41.0,0.815,1.1,us,5.35,1.9,0.121,21
19.8467,144.611,414.877,4.1,51,137.0,4.716,0.54,us,14.1,10.632,0.083,40
51.4041,159.4794,35.0,4.4,20,178.0,1.7,1.12,us,6.07,1.972,0.155,12
-46.2484,-75.5636,10.0,4.5,29,141.0,1.809,0.89,us,6.87,1.913,0.118,21
53.4484,160.0918,66.229,4.4,93,127.0,0.966,0.64,us,9.94,6.806,0.061,81
52.4526,160.726,10.0,4.2,17,122.0,1.386,0.99,us,11.03,1.936,0.175,10
-1.3244,101.6844,223.538,4.2,41,145.0,3.272,0.62,us,8.28,8.532,0.089,35
51.2873,157.5447,75.204,4.2,38,134.0,1.826,0.64,us,10.96,8.245,0.117,20
35.1436,23.325,61.077,4.5,95,63.0,2.325,0.96,us,8.34,7.619,0.057,90
50.5943,157.6929,35.122,4.3,35,126.0,2.504,1.07,us,10.14,7.962,0.099,29
20.291,146.1406,35.0,4.4,25,198.0,5.034,1.08,us,13.86,1.98,0.103,27
43.3942,-126.9726,10.0,3.7,92,204.0,1.589,0.9,us,8.74,2.003,0.191,7
39.4285,143.3346,10.0,4.2,43,133.0,2.209,0.78,us,8.67,1.877,0.101,27
19.0029,39.1078,10.0,4.5,61,85.0,6.713,0.92,us,10.05,1.913,0.074,53
-10.7646,161.6979,35.0,4.5,24,159.0,2.17,0.53,us,9.33,1.91,0.124,19
6.5559,125.4557,213.272,4.6,57,57.0,0.525,1.12,us,8.45,3.441,0.06,84
41.7464,142.7489,57.814,4.2,17,140.0,0.406,0.88,us,8.34,8.822,0.159,11
-47.7996,115.9578,10.0,4.6,37,128.0,14.887,0.4,us,13.08,1.914,0.095,33
-56.0013,-27.6013,105.358,4.5,29,100.0,5.38,0.36,us,13.21,9.396,0.102,28
14.649,-94.2682,10.0,4.6,65,156.0,2.021,0.82,us,7.09,1.923,0.041,177
-18.9684,167.5432,10.0,4.9,44,124.0,3.255,1.21,us,7.95,1.892,0.095,35
-48.6862,-10.1852,10.0,4.7,19,73.0,17.255,0.21,us,13.94,1.931,0.13,18
52.1406,-168.5339,28.671,3.8,21,218.0,0.856,1.0,us,8.44,13.924,0.108,22
-24.2229,-67.0357,184.514,4.3,23,71.0,1.643,0.76,us,10.73,9.674,0.138,15
-54.5726,-118.9566,10.0,4.7,36,119.0,30.283,0.81,us,14.26,1.888,0.095,34
25.7982,125.8179,88.955,4.8,110,90.0,2.014,0.7,us,7.6,7.202,0.06,86
53.163,161.1998,28.18,4.0,13,177.0,1.544,0.95,us,12.95,4.486,0.195,7
-11.9507,166.1349,60.32,4.5,53,153.0,6.573,0.68,us,11.58,7.673,0.078,50
51.8995,178.0364,116.414,4.4,55,98.0,0.298,0.53,us,8.17,4.21,0.052,107
33.707,139.4568,10.0,4.4,30,109.0,0.661,0.55,us,6.3,1.903,0.155,12
52.2925,160.7737,32.138,4.6,28,134.0,1.486,1.09,us,12.52,6.786,0.116,22
51.6749,-176.7088,54.591,4.5,132,126.0,0.266,1.07,us,5.11,4.981,0.033,275
42.7638,146.4289,35.0,4.3,31,188.0,2.536,0.49,us,3.9,1.972,0.125,18
-22.7943,68.3326,10.0,4.4,12,263.0,49.594,0.48,us,13.88,2.013,0.204,7
19.9758,-70.6098,10.0,4.3,82,58.0,0.547,0.64,us,4.28,1.867,0.053,100
-53.002,21.956,10.0,4.4,16,96.0,20.627,0.5,us,14.17,1.904,0.144,14
-14.6133,166.2198,10.0,4.1,10,226.0,6.186,0.3,us,8.26,2.021,0.234,7
49.9828,158.2756,10.0,5.0,167,102.0,3.054,0.52,us,5.62,1.823,0.047,146
-18.7994,-177.669,621.184,4.2,26,231.0,3.647,0.65,us,23.39,20.576,0.105,25
30.0981,70.1192,10.0,4.7,66,100.0,4.482,0.73,us,7.3,1.884,0.085,42
-24.2019,-67.1947,199.752,4.3,28,74.0,1.537,1.32,us,11.15,8.032,0.122,19
-7.2642,129.088,133.453,4.4,13,107.0,5.342,0.77,us,10.3,7.989,0.267,5
-52.5538,28.2409,10.0,4.5,16,119.0,20.87,0.46,us,10.57,1.901,0.136,16
40.8889,142.4766,35.0,5.5,113,67.0,1.076,0.68,us,7.01,1.822,0.046,165
14.6936,-94.5322,10.0,4.7,41,194.0,1.859,1.35,us,6.22,1.978,0.102,29
4.7394,97.0968,13.532,4.2,16,169.0,0.508,0.68,us,5.84,5.606,0.167,10
50.9723,159.3056,10.0,4.4,15,251.0,2.358,0.29,us,14.38,1.991,0.17,10
2.9684,-31.4072,10.0,5.0,33,69.0,9.822,0.78,us,12.41,1.874,0.069,66
52.886,161.3167,10.0,4.4,13,109.0,1.619,1.06,us,11.52,1.928,0.219,6
52.1894,160.2939,30.891,4.5,46,123.0,1.829,1.25,us,9.28,5.796,0.09,48
52.0022,177.5731,153.772,4.1,26,170.0,0.583,0.48,us,5.45,7.174,0.14,14
7.4751,127.2201,10.0,4.3,29,68.0,1.677,1.02,us,8.35,1.902,0.119,20
50.4276,159.3625,10.0,4.5,23,135.0,2.637,0.58,us,12.69,1.922,0.131,17
7.6895,126.9736,35.0,4.9,56,46.0,1.514,1.02,us,7.27,1.874,0.071,62
51.5803,160.0888,10.0,4.4,50,127.0,1.694,0.93,us,8.9,1.903,0.081,51
-0.4711,-80.281,38.23,4.4,38,111.0,0.453,0.88,us,6.2,8.186,0.114,22
29.1109,87.0043,10.0,4.1,36,168.0,3.646,1.26,us,10.55,1.93,0.103,26
12.2091,-87.6562,35.0,4.6,192,137.0,1.411,0.82,us,7.17,1.936,0.042,173
-4.0746,126.6944,262.171,4.3,48,50.0,4.027,0.76,us,8.17,7.711,0.102,27
3.292,64.986,10.0,4.2,15,146.0,8.473,0.77,us,15.75,1.958,0.167,10
27.6842,-102.815,10.0,4.0,59,74.0,1.195,0.58,us,5.09,1.898,0.1,27
52.3181,160.0639,35.0,4.4,34,122.0,1.114,0.7,us,5.99,1.873,0.103,27
52.1154,160.5132,21.747,4.5,36,118.0,1.456,0.76,us,10.68,6.15,0.092,35
49.8939,157.6733,22.694,4.3,50,134.0,3.193,0.69,us,10.73,5.939,0.072,55
51.4203,159.505,24.468,4.5,27,127.0,1.69,1.1,us,9.82,5.626,0.115,22
51.9748,161.0875,10.0,4.2,24,189.0,1.823,0.99,us,11.23,1.962,0.146,14
0.4033,123.5481,243.0,4.4,53,92.0,1.632,0.87,us,7.93,7.036,0.086,40
49.4228,157.9117,10.0,4.4,83,122.0,3.635,0.8,us,8.9,1.885,0.064,71
41.8352,140.6532,132.836,4.1,42,128.0,1.09,0.56,us,8.37,10.364,0.1,27
-56.135,-68.3922,10.0,4.0,10,145.0,2.584,0.82,us,7.76,1.93,0.259,4
1.7337,-102.3149,10.0,4.3,22,165.0,16.155,0.61,us,8.06,1.959,0.123,19
-4.8916,152.2379,58.116,4.6,34,126.0,0.618,0.6,us,9.16,7.439,0.109,25
53.588,-156.2966,10.0,3.9,42,188.0,2.272,0.65,us,7.68,1.958,0.172,9
-10.457,-78.8393,28.861,4.3,26,157.0,2.48,0.58,us,6.09,6.421,0.142,14
51.0486,159.0881,35.0,4.1,14,138.0,2.234,0.57,us,11.42,1.964,0.185,8
-6.1134,151.271,10.0,4.5,28,170.0,2.106,0.69,us,7.72,1.929,0.113,23
41.7769,88.5098,10.0,4.5,36,129.0,6.25,0.67,us,10.89,1.931,0.121,20
52.3527,160.7563,10.0,5.2,110,105.0,1.447,1.06,us,7.41,1.82,0.029,384
50.3645,158.5326,10.0,4.4,15,138.0,2.664,0.91,us,11.16,1.729,0.203,7
1.5904,123.9628,298.53,4.2,26,77.0,2.873,0.42,us,10.32,9.442,0.132,16
-6.4244,103.6124,35.0,4.7,45,159.0,1.607,0.82,us,7.87,1.946,0.098,32
52.328,160.4462,10.0,4.5,36,139.0,1.297,0.73,us,11.72,1.926,0.096,32
49.8801,157.1114,44.827,4.1,30,193.0,3.253,0.57,us,14.53,9.021,0.126,17
6.4655,62.1701,10.0,4.4,26,112.0,35.679,0.79,us,14.15,1.918,0.12,22
-43.0243,-76.2962,10.0,4.4,16,240.0,2.923,0.95,us,9.31,2.004,0.179,9
39.3415,143.3524,10.0,5.0,56,135.0,2.274,1.25,us,7.35,1.9,0.094,36
19.9139,146.6582,10.0,4.3,15,159.0,23.928,0.59,us,15.72,1.773,0.178,9
-33.8851,-179.2063,41.327,4.2,14,263.0,4.19,0.33,us,17.27,12.589,0.186,8
51.2231,158.3175,35.0,4.9,69,124.0,1.815,0.98,us,8.18,1.91,0.045,153
40.5173,142.8907,27.327,4.4,19,151.0,1.416,0.62,us,8.35,7.472,0.178,10
51.8115,159.312,24.395,4.4,52,134.0,1.28,0.84,us,10.24,5.965,0.056,90
52.7186,160.7976,10.0,4.2,25,120.0,1.337,0.69,us,6.52,1.81,0.121,19
-7.3346,-111.1817,10.0,4.5,61,122.0,37.165,0.49,us,7.4,1.9,0.067,64
9.2996,125.3861,10.0,4.5,48,112.0,2.224,0.64,us,11.96,1.875,0.087,45
-24.7514,-176.3688,35.0,4.7,22,131.0,4.687,0.7,us,8.01,1.931,0.108,26
-17.9339,-178.1592,583.455,4.1,17,136.0,2.77,0.61,us,23.98,21.853,0.157,13
34.3899,89.4861,10.0,4.2,47,127.0,4.876,0.65,us,11.06,1.897,0.086,38
-18.5747,-177.7867,607.527,4.3,28,120.0,3.422,0.74,us,14.65,9.821,0.116,21
54.5973,-159.8086,43.905,5.4,62,122.0,0.266,0.79,us,6.08,5.084,0.087,45
53.0558,161.1184,10.0,4.0,26,146.0,1.491,1.04,us,9.91,1.941,0.108,23
51.3743,159.5821,10.0,4.2,22,222.0,1.748,0.53,us,8.91,1.973,0.136,15
19.2351,145.578,165.243,4.5,69,122.0,3.977,0.69,us,12.42,8.049,0.068,64
53.0853,160.8313,33.238,4.2,33,162.0,1.318,0.7,us,5.54,7.832,0.11,23
-21.1132,168.5224,10.0,4.9,40,90.0,1.796,0.84,us,7.55,1.814,0.114,24
52.2239,160.8208,10.0,4.3,33,188.0,1.547,0.91,us,10.87,1.973,0.105,26
49.902,156.1812,80.935,4.4,51,137.0,3.348,0.49,us,12.88,8.622,0.081,44
24.828,97.8254,10.0,4.4,33,123.0,3.882,0.87,us,8.12,1.815,0.117,21
52.7075,160.8468,10.0,4.5,63,120.0,1.369,0.56,us,5.5,1.715,0.069,62
-26.3458,-178.7719,350.591,4.5,45,108.0,2.983,0.96,us,15.47,8.853,0.085,40
52.2797,160.7404,38.454,4.8,85,123.0,1.475,1.23,us,8.79,5.559,0.036,238
39.8604,-29.5871,10.0,4.5,24,153.0,3.802,0.84,us,13.91,1.911,0.136,16
-58.7537,-25.1169,35.0,4.8,56,69.0,15.81,0.49,us,8.77,1.882,0.075,55
52.3289,160.1775,38.776,4.3,20,151.0,1.161,0.59,us,9.19,6.467,0.177,9
51.5799,160.3171,10.0,4.4,11,187.0,2.219,1.08,us,10.85,1.962,0.179,9
-22.8929,-66.869,236.405,4.2,16,90.0,1.209,0.74,us,13.24,12.074,0.175,9
18.1139,145.4741,297.607,4.0,38,117.0,2.873,0.56,us,14.65,9.972,0.093,31
56.1841,163.3254,10.0,4.4,41,100.0,4.173,0.7,us,9.01,1.796,0.074,53
12.0909,-88.2878,10.0,4.7,48,174.0,1.37,0.94,us,6.3,1.941,0.046,146
51.502,159.6566,10.0,5.2,89,93.0,1.645,1.23,us,5.45,1.856,0.04,205
-16.1435,167.6355,91.846,4.4,22,147.0,5.415,0.6,us,14.95,3.892,0.155,14
51.0955,159.4438,10.0,4.2,22,173.0,1.992,0.64,us,7.13,1.966,0.146,15
48.5102,155.027,57.12,4.1,19,137.0,4.905,0.45,us,13.07,7.226,0.145,13
13.3091,-92.6013,10.0,4.4,64,218.0,1.604,0.87,us,5.75,1.978,0.07,59
-4.892,152.3166,56.068,4.9,59,69.0,0.713,0.87,us,7.65,6.802,0.055,103
51.3979,159.6205,35.0,4.7,43,128.0,2.081,0.86,us,10.06,1.931,0.099,31
52.1484,160.2623,35.0,4.7,16,164.0,1.835,0.77,us,12.18,1.98,0.195,8
16.5462,-59.5533,10.0,4.5,67,164.0,1.461,0.59,us,6.4,1.94,0.089,37
41.2835,142.4972,48.346,4.3,24,207.0,0.882,0.96,us,8.06,10.636,0.133,16
-32.8357,-178.1414,10.0,4.4,13,176.0,3.567,1.11,us,14.67,1.951,0.161,11
49.2022,156.0021,55.741,4.3,24,183.0,4.054,0.78,us,12.6,9.715,0.153,13
43.9036,147.5989,59.817,4.1,21,190.0,3.618,0.78,us,6.47,10.772,0.145,13
52.2235,160.4049,35.0,5.0,135,118.0,1.336,0.7,us,8.74,1.909,0.034,281
27.6348,55.1537,10.0,4.1,20,144.0,2.84,0.81,us,12.44,1.914,0.158,11
47.2336,152.3526,120.88,4.0,47,136.0,6.555,0.6,us,12.72,8.36,0.088,34
51.6024,160.128,10.0,4.1,19,170.0,2.12,0.81,us,8.88,1.969,0.14,14
51.2727,158.5086,35.0,4.3,27,171.0,1.756,0.74,us,10.75,1.987,0.122,19
2.3547,127.2403,104.912,4.3,31,144.0,1.577,0.81,us,6.96,7.92,0.094,32
6.8592,-73.1237,147.138,4.0,55,117.0,0.961,0.58,us,8.42,5.662,0.08,42
51.8805,161.7876,10.0,4.2,48,135.0,2.235,0.41,us,5.39,1.919,0.089,35
49.0849,158.0317,10.0,4.5,43,138.0,3.963,1.12,us,11.81,1.883,0.089,37
53.1257,160.914,45.809,4.1,27,147.0,1.37,1.22,us,10.62,7.332,0.139,16
-55.7918,-26.7357,10.0,4.3,14,119.0,5.808,0.4,us,11.99,1.914,0.154,13
51.4867,16.0497,5.0,4.5,36,35.0,1.151,0.79,us,5.58,1.898,0.128,18
28.3448,104.6089,10.0,4.4,48,76.0,4.68,0.81,us,9.88,1.902,0.093,33
13.4191,50.7436,10.0,4.4,43,142.0,6.274,0.79,us,11.89,1.92,0.095,32
51.6023,159.5305,10.0,4.8,78,126.0,1.523,0.69,us,7.63,1.864,0.057,97
-7.312,128.9147,113.359,4.0,23,106.0,5.198,0.49,us,8.11,7.468,0.122,18
51.4463,159.9316,10.0,4.3,23,128.0,1.765,0.87,us,9.11,1.94,0.134,16
31.4462,140.1365,10.0,4.6,72,132.0,1.686,0.36,us,9.02,1.904,0.071,59
3.1767,65.3473,10.0,4.3,16,209.0,15.977,0.56,us,10.13,1.953,0.188,8
51.6145,159.7614,10.0,5.0,77,106.0,1.567,0.58,us,7.26,1.808,0.042,182
-20.1375,67.2727,10.0,4.5,16,96.0,38.828,0.45,us,15.96,1.912,0.18,9
50.8184,-172.9466,10.0,3.8,28,221.0,1.59,0.55,us,3.43,2.01,0.136,14
-24.32,-67.1008,167.076,4.5,34,62.0,1.683,0.62,us,9.02,8.977,0.135,16
36.7989,74.5496,10.0,4.7,77,84.0,2.231,0.73,us,9.58,1.841,0.062,79
52.1429,179.7058,173.056,3.8,14,132.0,0.163,0.71,us,10.03,10.91,0.127,16
85.2524,96.4465,10.0,4.3,40,75.0,11.217,0.5,us,10.68,1.927,0.097,30
49.2985,157.5274,10.0,4.3,37,137.0,3.796,1.05,us,9.27,1.901,0.102,27
50.8934,158.3331,10.0,4.4,34,165.0,2.142,0.5,us,12.3,1.963,0.112,23
13.6577,39.7972,10.0,4.4,21,140.0,3.651,0.67,us,11.83,1.871,0.149,13
49.8424,155.9951,74.82,4.5,81,132.0,3.439,0.59,us,6.08,6.8,0.052,110
-27.7332,-177.856,10.0,4.4,22,136.0,1.508,0.63,us,10.28,1.948,0.134,17
51.5651,159.5352,10.0,5.1,113,133.0,1.558,0.82,us,9.72,1.88,0.035,264
51.2005,157.2175,87.431,4.1,30,134.0,1.934,0.7,us,11.68,8.125,0.12,19
52.4694,160.352,24.799,4.5,29,150.0,1.174,0.85,us,8.57,6.529,0.127,18
18.5271,145.5497,216.699,4.0,27,148.0,3.276,1.14,us,14.47,3.864,0.119,19
50.1812,158.172,10.0,4.5,73,134.0,2.862,0.55,us,9.86,1.883,0.071,59
13.4747,-89.9009,77.909,4.2,85,151.0,0.441,0.75,us,5.84,6.752,0.051,106
-24.2137,179.9664,520.375,4.4,25,140.0,6.68,0.5,us,17.54,11.226,0.112,23
14.0639,-89.9381,10.0,4.8,62,60.0,0.222,0.39,us,4.3,1.818,0.045,155
7.7792,126.2481,10.0,4.3,14,197.0,0.968,0.94,us,8.42,1.931,0.188,8
13.3812,146.3363,10.0,4.5,21,111.0,1.443,0.54,us,9.28,1.914,0.15,13
52.1572,160.3757,27.57,4.3,26,178.0,1.364,1.22,us,12.05,7.742,0.111,13
-19.4012,-176.545,310.539,4.4,69,123.0,4.855,0.37,us,12.74,3.821,0.081,44
52.7107,159.5146,63.772,4.6,36,117.0,0.611,1.36,us,10.13,7.03,0.103,28
-58.9971,-23.5339,10.0,4.0,13,93.0,19.325,0.47,us,8.9,1.904,0.183,10
-17.7597,-178.0375,476.548,4.4,31,121.0,2.787,0.37,us,17.8,15.879,0.112,23
50.5727,159.8847,10.0,4.4,30,128.0,2.571,0.34,us,9.72,1.907,0.117,21
51.5403,159.858,20.855,4.3,33,127.0,1.661,1.22,us,8.09,5.879,0.107,25
51.6219,159.8177,10.0,4.5,48,164.0,1.576,0.99,us,10.93,1.942,0.093,34
50.2297,158.3352,29.28,4.1,14,232.0,2.805,0.61,us,10.21,8.114,0.213,6
51.6218,159.2507,35.0,4.2,37,126.0,1.451,1.01,us,10.15,1.93,0.094,32
50.8117,159.9977,10.0,4.5,69,132.0,2.367,0.65,us,8.29,1.886,0.074,54
52.2837,160.7069,35.0,4.4,36,123.0,2.008,0.7,us,9.99,1.93,0.094,33
49.1729,157.7286,10.0,4.3,36,137.0,3.899,0.61,us,10.39,1.909,0.111,28
-31.5476,-178.4085,10.0,5.0,24,245.0,6.583,0.72,us,10.11,1.981,0.129,19
-25.7683,-176.8847,77.33,4.3,21,132.0,3.599,0.46,us,13.0,9.22,0.133,17
52.0828,161.7033,10.0,4.1,20,125.0,2.089,0.77,us,10.29,1.918,0.175,9
49.0048,155.8154,35.0,4.4,40,135.0,4.277,1.23,us,11.24,1.937,0.112,23
-5.5813,146.9977,206.732,4.3,22,69.0,3.534,0.77,us,9.22,7.669,0.142,14
52.2884,160.9574,10.0,4.8,37,192.0,1.587,0.89,us,12.65,1.96,0.06,85
-58.6924,-22.8409,10.0,4.4,17,105.0,15.362,0.72,us,12.96,1.837,0.143,14
34.7164,70.7355,8.457,5.2,107,39.0,1.336,0.48,us,8.42,3.444,0.042,188
50.1735,88.1714,10.0,4.2,20,135.0,3.483,0.68,us,9.24,1.935,0.141,14
50.1885,156.7396,70.95,4.2,29,144.0,2.984,0.48,us,12.76,8.826,0.11,23
-27.8354,-66.9033,147.458,4.7,64,43.0,3.1,0.72,us,7.18,7.309,0.032,304
16.4789,-59.5812,10.0,5.2,108,58.0,1.425,0.52,us,6.68,1.876,0.044,174
52.3535,159.8069,55.322,4.2,56,208.0,0.973,0.63,us,13.25,10.601,0.068,59
36.2857,70.6103,104.431,4.1,35,96.0,2.139,1.08,us,7.33,9.951,0.114,21
-34.2051,179.3238,220.519,4.5,30,93.0,3.45,1.01,us,11.33,8.571,0.102,28
-21.2202,168.6323,10.0,4.6,21,181.0,1.77,0.71,us,7.33,1.858,0.207,10
2.8461,128.5351,10.0,4.4,36,72.0,2.368,0.73,us,7.27,1.882,0.112,23
3.391,-31.5063,10.0,4.5,17,94.0,20.581,1.2,us,12.08,1.887,0.15,13
51.5534,160.641,10.0,4.4,32,138.0,1.914,0.85,us,9.04,1.626,0.114,22
-15.1079,-173.8465,10.0,4.6,29,77.0,2.327,0.58,us,11.28,1.875,0.106,27
29.3104,129.5515,10.0,4.6,182,103.0,2.326,0.41,us,6.53,1.849,0.043,167
51.4756,158.0179,42.348,4.6,37,109.0,1.598,0.66,us,9.55,7.387,0.111,24
23.9796,121.671,19.975,4.6,47,80.0,0.205,0.6,us,3.81,3.572,0.089,38
-56.1271,-26.9126,44.632,4.4,25,181.0,5.786,0.69,us,13.27,10.206,0.109,24
-30.9936,-178.1587,41.804,4.4,22,140.0,7.175,0.81,us,15.84,9.98,0.13,17
33.1397,131.1214,9.817,4.9,114,69.0,1.721,0.57,us,6.45,4.225,0.059,90
-48.991,125.3587,10.0,4.1,11,135.0,17.161,0.5,us,14.86,1.942,0.175,9
-59.3645,-25.6066,35.0,4.7,22,174.0,7.841,0.93,us,14.73,1.981,0.126,20
52.4248,160.4688,35.0,4.9,24,166.0,1.817,0.95,us,11.53,1.971,0.136,17
7.2611,126.8583,85.434,4.3,27,113.0,1.283,1.08,us,11.57,8.216,0.114,22
19.8145,121.392,67.151,4.0,24,129.0,3.002,0.63,us,12.95,10.114,0.138,14
50.0007,159.5453,10.0,4.2,16,208.0,3.078,0.27,us,11.38,1.998,0.177,9
-8.9406,123.8287,89.48,4.4,35,73.0,0.918,0.81,us,6.53,7.248,0.098,30
-17.6271,-65.8958,10.0,4.5,28,43.0,1.971,1.2,us,3.59,1.888,0.106,28
13.6213,57.3897,10.0,4.4,25,88.0,11.32,0.72,us,12.82,1.918,0.13,17
51.566,159.6404,10.0,5.1,118,111.0,1.581,1.31,us,4.73,1.842,0.031,339
52.1494,160.0293,35.0,4.4,23,124.0,1.214,0.51,us,8.31,1.961,0.107,25
5.3031,127.0477,126.766,4.8,96,93.0,1.662,0.78,us,7.14,6.47,0.043,169
29.3499,129.5296,10.0,4.7,128,82.0,2.295,0.56,us,5.77,1.816,0.04,190
50.0183,157.3638,10.0,4.4,44,164.0,3.101,0.68,us,7.08,1.867,0.097,31
-22.586,69.2985,10.0,5.0,134,52.0,6.207,0.61,us,10.12,1.776,0.054,108
-5.0736,153.4977,40.702,4.2,25,102.0,1.593,0.33,us,9.71,7.977,0.132,16
52.1862,160.3937,35.0,4.8,53,123.0,1.884,0.85,us,10.08,1.923,0.08,49
16.4124,122.1573,67.848,4.1,15,131.0,6.991,0.24,us,10.96,9.38,0.184,8
-17.1353,-178.6975,532.874,4.2,38,174.0,1.963,1.29,us,16.68,9.994,0.1,28
7.3003,123.4816,10.0,4.9,55,65.0,2.094,0.45,us,8.88,1.858,0.062,82
52.2893,160.5716,10.0,4.3,27,161.0,1.382,1.11,us,12.02,1.947,0.103,27
45.4331,151.2025,63.292,4.4,24,152.0,6.056,0.78,us,12.16,9.101,0.138,15
12.8009,-89.2883,48.078,4.2,59,173.0,0.969,0.73,us,8.2,12.61,0.078,46
13.238,50.0275,10.0,4.6,84,60.0,5.633,0.62,us,10.97,1.889,0.064,72
52.5195,159.7031,16.375,6.3,29,121.0,0.815,0.67,us,9.45,5.247,0.116,29
13.3869,50.9032,10.0,4.3,29,163.0,6.432,1.33,us,13.91,1.981,0.116,21
13.9164,40.0215,10.0,4.3,28,104.0,3.636,0.9,us,10.98,1.939,0.122,19
52.4255,163.6086,10.0,4.5,67,135.0,3.074,0.53,us,11.43,1.917,0.057,89
52.0455,159.0606,52.131,4.5,46,226.0,1.011,0.7,us,10.0,8.07,0.089,37
-10.1177,123.3333,75.872,4.0,13,83.0,0.988,0.86,us,9.03,7.386,0.164,10
50.1719,158.2134,25.912,4.1,15,163.0,2.869,0.76,us,13.71,6.753,0.197,8
-15.8374,166.9705,10.0,4.1,8,146.0,0.448,0.17,us,6.38,1.892,0.369,2
-5.9578,150.0082,48.106,4.0,14,99.0,2.594,0.66,us,11.59,5.626,0.165,10
38.1856,20.3753,54.417,4.2,38,116.0,1.588,1.2,us,5.37,11.06,0.176,9
50.4878,156.7733,86.299,4.3,52,101.0,2.686,0.68,us,11.46,7.134,0.081,43
51.8854,-173.9291,50.772,3.7,31,189.0,0.357,1.21,us,7.46,10.171,0.13,15
-23.3734,179.0041,546.395,4.6,57,58.0,5.67,0.84,us,12.26,8.892,0.031,311
-23.0448,-114.7045,10.0,4.6,38,150.0,6.341,0.64,us,6.18,1.905,0.094,34
23.9664,94.4815,53.099,4.3,31,112.0,2.777,1.02,us,12.43,8.304,0.116,21
34.3547,104.6723,10.0,4.2,25,96.0,5.761,0.62,us,14.14,1.926,0.132,16
6.131,126.5569,87.865,4.3,25,115.0,1.347,0.95,us,6.49,7.75,0.147,15
-55.3555,-27.9244,10.0,4.4,19,98.0,5.067,0.62,us,13.34,1.937,0.127,18
53.7772,160.4941,58.333,4.3,17,168.0,1.338,0.59,us,15.39,12.626,0.177,9
32.7003,140.906,64.038,4.4,24,203.0,1.008,0.52,us,11.3,8.243,0.144,15
39.215,28.0165,12.851,4.1,27,45.0,0.876,0.66,us,2.8,5.525,0.214,6
5.764,123.9188,529.228,4.2,51,63.0,1.861,0.67,us,13.18,9.337,0.076,49
-5.0765,102.1558,35.0,4.5,25,202.0,1.068,0.5,us,9.94,1.972,0.135,16
29.8426,130.6165,51.599,4.3,27,129.0,1.667,0.52,us,10.22,8.852,0.137,15
52.3921,160.8318,10.0,4.1,37,151.0,1.47,0.92,us,8.48,1.817,0.107,24
-44.3418,-82.2968,10.0,4.7,47,137.0,6.309,0.63,us,11.71,1.903,0.078,49
51.4751,159.0546,57.334,4.5,84,133.0,1.571,0.59,us,9.48,4.977,0.061,79
53.1689,-35.1398,10.0,4.5,79,114.0,18.623,0.62,us,13.11,1.919,0.048,124
34.1585,80.2244,10.0,4.4,27,113.0,6.445,0.77,us,11.53,1.916,0.095,32
13.6765,144.9615,141.135,3.7,9,167.0,0.125,0.57,us,17.76,5.305,0.205,6
18.626,95.0872,78.124,4.4,30,83.0,2.025,0.44,us,9.36,4.994,0.123,19
54.459,-159.6977,33.217,4.1,112,163.0,0.378,0.58,us,5.69,6.304,0.14,14
52.0941,160.4904,29.511,4.4,19,229.0,1.459,1.12,us,14.1,8.579,0.161,11
21.7768,144.1722,137.582,4.7,92,106.0,5.596,0.6,us,11.68,7.457,0.061,82
50.1343,156.9345,51.578,5.0,93,102.0,3.016,0.54,us,10.22,6.168,0.023,587
52.2582,160.3396,10.0,5.0,170,117.0,1.283,0.69,us,8.74,1.868,0.043,170
9.0513,126.2212,10.0,4.3,19,133.0,2.069,0.61,us,10.54,1.916,0.147,13
13.6224,123.4808,35.0,4.7,44,132.0,9.425,1.15,us,13.0,1.943,0.094,34
51.0169,158.3088,35.0,5.6,158,76.0,2.021,0.78,us,8.94,1.885,0.029,420
51.9219,160.1888,25.716,4.0,31,125.0,1.45,0.82,us,8.63,6.667,0.102,27
3.2829,-31.4821,10.0,4.6,36,99.0,10.068,0.47,us,6.63,1.886,0.103,28
19.037,145.8981,149.951,4.0,21,109.0,3.777,1.15,us,15.36,8.749,0.143,13
52.4983,160.6494,10.0,4.4,83,121.0,1.324,0.66,us,4.76,1.863,0.058,85
-13.2216,167.0856,216.896,4.1,25,158.0,2.215,0.62,us,14.25,4.449,0.111,22
-6.1939,131.5375,27.083,4.6,32,94.0,2.324,0.65,us,7.47,6.41,0.129,21
51.9108,160.235,35.0,4.3,20,151.0,1.477,0.97,us,10.41,1.95,0.129,17
51.5601,160.2217,10.0,5.0,82,157.0,2.191,0.78,us,9.03,1.924,0.066,72
18.3943,-102.3794,10.0,4.3,48,203.0,1.655,1.01,us,8.11,1.951,0.058,84
-5.9341,147.6485,92.875,4.6,63,47.0,3.482,0.74,us,7.6,7.686,0.066,69
34.6969,70.789,10.0,4.5,28,136.0,1.377,0.67,us,10.65,2.313,0.089,37
52.1241,161.0182,10.0,4.3,35,167.0,1.703,1.11,us,8.7,1.832,0.111,23
19.3217,119.6961,10.0,4.5,61,122.0,3.711,0.53,us,11.03,1.904,0.077,49
51.8739,160.7053,10.0,4.2,14,214.0,1.705,0.71,us,8.49,2.003,0.199,7
39.1738,28.2562,10.0,4.1,50,56.0,1.056,0.88,us,4.88,1.943,0.151,12
52.2721,160.5301,10.0,4.4,25,214.0,1.371,0.53,us,10.69,1.98,0.127,18
51.137,157.3056,83.788,4.5,18,168.0,1.989,0.98,us,12.3,9.064,0.171,10
18.2252,145.7732,181.387,4.5,127,71.0,2.968,0.48,us,9.27,7.305,0.045,146
52.6705,160.6648,51.875,4.5,32,188.0,1.272,0.83,us,14.92,9.486,0.091,35
15.3857,120.1378,64.159,4.9,163,73.0,7.446,0.73,us,9.97,6.392,0.045,155
0.8882,-29.6473,10.0,4.5,16,98.0,9.137,0.87,us,12.55,1.919,0.15,13
-54.5739,157.0698,10.0,4.5,22,88.0,1.093,1.14,us,5.95,1.767,0.119,21
-12.5365,167.0174,201.186,4.7,147,66.0,2.899,0.5,us,9.86,5.901,0.038,218
14.7587,119.7692,10.0,4.5,48,99.0,8.111,0.84,us,9.56,1.89,0.091,36
38.2506,142.1285,47.522,4.4,24,144.0,2.666,1.01,us,8.8,9.316,0.219,8
49.5558,156.7439,43.16,5.2,109,44.0,3.607,1.27,us,8.7,5.09,0.024,600
-41.1081,-91.2308,10.0,4.9,35,143.0,15.638,0.69,us,14.64,1.876,0.098,33
44.2724,83.4036,10.0,4.7,61,80.0,2.64,0.7,us,3.48,1.843,0.053,110
39.8072,143.6256,10.0,5.0,60,120.0,2.191,0.73,us,7.54,1.871,0.045,156
25.4627,141.9557,64.321,4.3,13,148.0,1.639,1.31,us,15.02,10.217,0.201,8
52.546,160.9573,10.0,4.4,37,134.0,1.481,0.97,us,8.61,1.814,0.108,25
27.1872,-44.4207,10.0,4.4,20,143.0,18.335,0.76,us,15.49,1.904,0.17,13
52.3932,160.147,55.118,4.9,65,143.0,1.108,0.86,us,7.87,11.465,0.056,100
-10.4725,123.827,10.0,4.1,17,82.0,0.834,0.33,us,7.11,1.941,0.214,6
13.8349,-92.9186,10.0,4.1,62,162.0,1.505,0.85,us,6.54,1.958,0.08,43
28.0958,103.5573,10.0,4.3,24,162.0,7.838,0.59,us,12.88,1.942,0.137,15
35.8102,32.1868,78.055,4.3,65,119.0,1.262,0.84,us,6.93,9.646,0.099,29
7.2614,126.6133,83.566,4.2,43,90.0,1.044,0.59,us,9.45,8.609,0.102,31
19.2995,-109.1759,10.0,4.1,40,221.0,7.072,0.5,us,13.71,1.996,0.064,67
51.8154,-167.2162,10.0,3.8,43,184.0,1.533,0.72,us,6.7,1.956,0.131,15
53.1098,161.4868,10.0,4.5,27,137.0,1.714,1.02,us,7.22,1.912,0.108,25
-2.6383,138.8898,65.572,4.8,102,63.0,0.914,0.65,us,6.73,6.464,0.051,121
51.0765,160.8599,10.0,4.1,20,135.0,2.38,0.59,us,6.18,1.911,0.145,13
54.4182,-159.91,15.339,3.6,88,188.0,0.454,0.77,us,5.1,6.766,0.224,5
-52.149,14.7784,10.0,4.3,13,119.0,20.24,0.85,us,15.08,1.957,0.168,12
13.9315,120.8166,93.766,4.7,115,99.0,8.842,0.85,us,8.41,7.29,0.043,161
-57.7392,157.6493,10.0,5.1,30,94.0,3.328,0.92,us,5.73,1.833,0.122,22
7.9787,126.6291,65.066,5.0,77,81.0,1.378,0.8,us,9.79,7.117,0.047,143
-22.7921,-65.999,264.991,4.4,63,41.0,2.017,0.77,us,8.46,7.366,0.081,44
-19.2153,-69.0791,121.532,4.4,64,92.0,0.464,0.92,us,6.32,4.237,0.07,60
51.9108,159.2399,35.0,5.2,45,124.0,1.171,1.25,us,7.4,1.909,0.091,40
51.553,159.4942,42.741,4.5,40,164.0,1.561,0.56,us,10.55,8.064,0.09,36
-14.675,166.6608,10.0,5.2,110,39.0,0.929,1.11,us,5.29,2.584,0.036,249
28.4439,54.0647,10.0,4.3,29,84.0,3.975,0.49,us,9.24,1.896,0.129,17
6.4428,126.0354,135.093,4.5,53,112.0,0.77,0.65,us,9.27,6.883,0.078,48
33.2906,132.2414,50.631,4.5,62,81.0,1.435,0.65,us,5.48,7.525,0.067,67
41.0304,143.2638,33.371,4.3,37,136.0,0.987,0.77,us,5.0,3.741,0.1,28
6.1102,127.2399,35.0,5.0,55,51.0,1.905,1.43,us,6.49,1.876,0.06,89
51.7149,159.7649,10.0,4.3,23,135.0,1.478,0.72,us,5.55,1.935,0.111,23
14.7132,147.2185,10.0,4.8,55,141.0,1.473,0.65,us,6.61,1.72,0.087,41
51.5167,159.7543,39.234,4.2,18,137.0,1.655,0.57,us,12.33,8.171,0.152,12
51.3268,-173.9362,10.0,4.5,71,179.0,0.891,0.73,us,5.22,1.872,0.051,112
49.3882,157.4174,10.0,4.3,22,168.0,3.722,0.74,us,12.61,1.897,0.142,14
-4.8112,103.0418,65.038,5.0,93,50.0,0.456,0.99,us,8.37,4.568,0.055,106
52.1637,161.4144,10.0,4.0,41,180.0,1.893,0.46,us,9.91,1.804,0.093,31
-50.3426,112.7229,10.0,4.6,20,141.0,21.396,0.57,us,15.08,1.927,0.133,19
-10.8681,161.3367,10.0,4.3,21,109.0,1.972,0.95,us,4.92,1.912,0.142,15
51.9805,160.2649,35.0,4.2,18,217.0,1.437,0.52,us,11.52,1.984,0.153,12
-7.5571,125.8132,337.207,4.0,18,82.0,2.666,0.84,us,13.22,3.098,0.173,12
-22.0936,-68.617,121.752,4.0,19,85.0,0.651,0.7,us,4.06,6.374,0.183,8
-17.4204,-173.687,38.466,4.4,19,142.0,19.39,0.33,us,15.05,8.305,0.149,15
-58.7694,-24.8342,10.0,4.8,66,69.0,7.852,0.48,us,10.59,1.819,0.071,62
-56.2613,-27.1118,101.546,4.3,20,182.0,5.714,0.93,us,17.99,3.156,0.161,14
-6.5347,92.0678,10.0,4.5,19,82.0,17.795,0.61,us,14.79,1.898,0.156,12
29.7497,141.2915,121.74,4.3,21,183.0,2.759,0.54,us,12.77,9.82,0.133,16
10.7262,125.3714,10.0,4.6,43,108.0,3.639,0.72,us,10.42,1.84,0.096,32
-7.5561,127.8939,149.769,4.5,38,53.0,4.199,1.08,us,8.52,6.663,0.094,33
-5.9522,146.9104,102.019,4.2,18,126.0,3.439,0.75,us,10.07,9.437,0.158,12
52.7306,160.5708,34.522,5.0,163,92.0,1.201,0.63,us,8.27,4.131,0.024,535
51.415,159.5968,10.0,4.2,29,128.0,1.713,0.82,us,10.23,1.886,0.11,23
52.8199,160.5122,11.1,4.3,35,147.0,1.146,0.73,us,9.91,5.807,0.116,21
51.8288,160.4985,10.0,4.6,48,121.0,1.647,0.86,us,10.42,1.905,0.083,44
42.4544,144.2913,81.265,5.0,116,121.0,0.95,0.63,us,7.96,6.373,0.057,99
-36.9459,-73.8111,35.0,4.3,28,152.0,2.264,0.92,us,4.67,1.961,0.178,9
51.2404,159.048,10.0,4.4,31,137.0,1.803,0.47,us,10.3,1.919,0.12,20
50.9407,158.5441,35.0,4.2,15,137.0,2.087,1.15,us,10.3,1.93,0.175,10
18.8533,120.5426,10.0,4.7,108,73.0,3.976,0.48,us,10.1,1.882,0.058,90
49.9825,156.8591,35.0,4.9,81,120.0,3.174,0.7,us,10.71,1.91,0.045,151
53.0792,159.5291,78.401,4.4,156,67.0,0.534,0.59,us,9.77,6.293,0.046,145
-3.233,101.2736,35.0,5.1,91,50.0,2.018,0.67,us,9.46,1.828,0.054,116
51.5818,159.4382,35.0,4.7,31,127.0,1.523,0.56,us,8.91,1.94,0.117,23
51.7735,161.5279,10.0,4.2,31,135.0,2.162,0.74,us,10.49,1.875,0.118,20
51.9947,160.701,10.0,4.0,14,137.0,1.623,0.75,us,11.38,1.931,0.231,7
-17.829,-174.6388,10.0,4.7,44,73.0,4.641,0.53,us,12.33,1.847,0.088,39
-22.3515,-179.5451,589.473,4.7,89,69.0,5.109,0.69,us,9.17,6.896,0.034,263
27.0929,103.5002,10.0,5.2,70,46.0,1.952,0.8,us,8.03,1.842,0.052,123
-31.5118,-179.0856,10.0,4.8,13,148.0,2.47,0.64,us,8.71,1.902,0.16,12
24.3662,122.205,55.14,4.2,18,124.0,0.589,0.9,us,3.34,8.173,0.216,6
-7.2499,120.2784,577.946,4.6,52,47.0,2.282,1.07,us,11.14,8.933,0.104,28
41.8774,87.9952,10.0,4.5,50,112.0,6.012,1.01,us,11.25,1.909,0.095,32
29.2788,129.5414,10.0,4.4,18,142.0,2.358,0.95,us,5.11,1.835,0.155,12
52.8687,160.6724,37.555,4.1,38,119.0,1.234,0.54,us,10.32,7.544,0.091,33
-16.4962,-177.4278,10.0,4.8,23,124.0,3.072,0.63,us,12.34,1.917,0.131,18
52.1319,160.7323,10.0,4.4,20,229.0,1.553,1.12,us,14.86,1.995,0.162,12
52.5047,160.5991,24.004,4.6,54,131.0,1.293,0.61,us,10.63,6.104,0.084,43
-6.3677,147.846,64.856,4.7,57,47.0,3.093,0.82,us,7.76,6.126,0.077,51
10.9868,141.8298,10.0,4.5,24,93.0,3.938,0.99,us,11.07,1.893,0.156,18
-5.6843,128.8249,294.906,4.1,29,67.0,1.577,0.71,us,9.76,8.098,0.123,18
-20.7057,-68.7581,128.91,4.5,25,61.0,0.673,0.88,us,6.5,6.241,0.115,22
7.1713,126.8099,81.491,4.9,85,109.0,1.226,1.24,us,8.44,7.102,0.066,72
-24.9691,-70.0925,74.889,4.3,16,155.0,0.494,0.54,us,5.25,5.022,0.188,8
51.9812,160.3504,28.392,4.5,32,137.0,1.473,1.22,us,12.51,6.108,0.118,21
19.3068,-109.146,10.0,4.0,39,193.0,1.763,1.34,us,10.86,1.98,0.101,26
11.9988,-89.3955,10.0,4.2,20,209.0,1.761,0.88,us,6.94,1.991,0.146,13
49.1775,156.4662,35.0,4.8,151,116.0,4.012,0.5,us,9.61,1.893,0.032,307
52.8593,160.6252,10.0,4.2,43,147.0,1.207,0.94,us,9.19,1.923,0.107,25
52.9373,160.7052,47.898,5.7,88,147.0,1.246,0.77,us,9.41,6.148,0.05,144
4.5081,125.5362,146.401,4.2,29,83.0,0.23,0.91,us,10.92,4.359,0.11,23
51.8128,159.6095,35.0,4.2,23,131.0,1.347,0.73,us,11.69,1.946,0.132,16
40.3695,143.8063,10.0,4.1,12,149.0,1.715,0.63,us,4.45,1.96,0.262,4
-13.7044,-72.7506,10.0,4.6,15,112.0,4.34,1.14,us,7.58,1.927,0.173,10
17.916,147.4196,10.0,4.4,50,128.0,3.086,1.19,us,10.65,1.881,0.077,48
9.7865,-70.7547,10.0,4.1,21,93.0,0.905,0.97,us,8.36,1.926,0.166,10
18.3952,145.3673,483.652,4.2,56,123.0,3.163,0.49,us,12.5,9.5,0.075,50
-56.1936,-28.0196,118.051,5.0,58,67.0,5.21,0.9,us,11.69,6.518,0.074,61
52.5031,160.8273,10.0,5.1,117,84.0,1.422,1.31,us,8.16,1.823,0.028,416
42.2035,144.6299,34.552,4.8,77,126.0,1.112,0.91,us,7.79,5.519,0.041,183
27.9608,142.7311,10.0,4.4,31,156.0,0.989,0.61,us,7.2,1.52,0.131,17
-57.7727,158.171,36.909,4.8,15,142.0,3.311,0.35,us,15.86,14.026,0.197,8
50.3256,159.0676,10.0,4.4,32,134.0,2.714,0.74,us,8.03,1.566,0.117,21
52.9267,-168.3886,55.764,4.0,40,170.0,0.286,0.88,us,6.38,6.231,0.102,26
52.7766,160.952,26.021,4.3,20,150.0,1.416,0.93,us,12.11,7.948,0.16,11
-55.2936,-28.1682,29.119,4.0,13,198.0,4.92,0.24,us,19.14,8.307,0.197,7
14.683,-94.2466,10.0,4.7,143,156.0,1.993,1.15,us,6.09,1.899,0.032,301
7.5345,126.8509,52.418,4.4,36,61.0,1.343,0.95,us,9.26,8.365,0.11,24
52.683,160.5281,32.689,4.0,17,115.0,1.189,0.69,us,10.83,5.958,0.156,11
52.5883,160.7176,10.0,4.2,54,149.0,1.329,0.66,us,9.39,1.938,0.083,41
-5.0562,151.1592,141.886,4.2,34,93.0,1.14,0.72,us,11.26,3.116,0.1,28
54.5118,-160.318,18.803,4.4,58,155.0,0.53,0.69,us,6.13,5.183,0.101,28
52.8885,160.3588,35.0,4.3,23,137.0,1.043,1.04,us,11.4,1.946,0.148,13
52.5755,160.6702,35.613,4.4,16,134.0,1.306,0.67,us,12.19,7.781,0.162,11
-18.6769,-178.0027,491.982,4.4,32,164.0,3.326,0.29,us,14.42,8.4,0.103,27
11.8324,-88.1576,10.0,4.3,60,206.0,1.404,0.62,us,6.29,1.957,0.078,48
52.3708,160.5584,10.0,4.7,70,164.0,1.333,0.87,us,10.25,1.936,0.06,85
50.3592,158.7342,10.0,4.3,57,133.0,2.669,0.39,us,9.32,1.906,0.085,39
51.4602,159.6865,10.0,4.8,154,121.0,1.69,0.98,us,8.43,1.869,0.042,178
51.0515,159.4417,10.0,4.3,15,168.0,2.035,0.43,us,12.83,1.98,0.168,10
-17.7301,167.9933,35.0,4.8,49,73.0,2.393,0.91,us,3.55,1.889,0.084,44
50.1406,155.9698,91.91,4.1,29,137.0,3.161,0.52,us,11.0,8.364,0.127,17
41.0788,142.8297,42.891,4.1,17,153.0,0.967,0.54,us,7.46,9.248,0.174,9
3.4403,126.5724,52.284,4.1,34,125.0,1.685,0.73,us,7.76,8.198,0.099,28
51.4392,159.2978,10.0,4.1,35,167.0,1.636,0.51,us,11.98,1.956,0.102,26
52.9365,161.177,10.0,4.6,72,118.0,1.53,0.79,us,4.61,1.874,0.044,156
12.6711,120.8885,10.0,4.3,29,124.0,15.703,0.56,us,14.67,1.939,0.119,20
-11.9721,165.4685,10.0,4.6,27,132.0,3.843,0.79,us,9.97,1.464,0.084,42
41.2822,142.7532,40.195,4.3,32,142.0,0.792,0.91,us,6.2,8.466,0.122,19
49.5168,157.24,10.0,4.5,56,185.0,3.608,0.54,us,12.21,1.949,0.085,41
42.6807,141.2242,130.202,4.3,18,74.0,1.58,1.3,us,7.57,4.302,0.169,10
10.6259,-86.0467,10.0,4.3,34,203.0,1.127,0.93,us,8.6,1.982,0.113,22
53.6338,159.9378,56.364,4.2,41,159.0,0.985,1.05,us,11.66,8.279,0.091,33
-6.5375,129.9481,130.852,4.2,20,127.0,2.002,0.6,us,10.05,8.549,0.175,9
51.7599,160.1586,10.0,5.6,50,122.0,1.567,0.64,us,9.74,1.886,0.097,37
6.0141,126.0262,150.76,4.2,24,112.0,1.139,1.16,us,9.06,6.266,0.132,16
51.3112,160.9169,10.0,4.2,32,130.0,2.211,0.94,us,8.21,1.83,0.11,23
-25.2274,-175.3988,10.0,4.7,21,76.0,9.62,0.57,us,12.44,1.913,0.134,23
22.1306,143.7965,107.584,4.4,47,114.0,5.156,0.6,us,13.3,8.331,0.088,43
4.2738,125.8902,92.607,4.5,53,45.0,0.613,0.96,us,7.34,6.521,0.078,48
33.4962,71.9641,10.0,4.3,27,99.0,4.825,0.91,us,5.12,1.919,0.133,17
53.1343,159.6823,65.679,4.4,48,164.0,0.633,0.84,us,8.92,7.664,0.076,50
-20.2047,-177.6115,509.712,4.4,27,97.0,4.686,0.64,us,19.23,16.418,0.12,20
6.9246,-73.0749,152.487,4.0,37,160.0,2.409,0.71,us,9.66,7.378,0.1,27
51.7258,159.9022,10.0,4.4,27,144.0,1.509,0.51,us,11.97,1.942,0.13,17
-31.6489,-71.5992,38.569,4.1,22,176.0,0.661,0.56,us,3.56,10.251,0.214,6
51.0955,157.0591,81.686,4.3,25,138.0,2.054,0.5,us,10.49,8.117,0.147,13
-34.9169,-110.9538,10.0,4.4,30,173.0,30.194,0.73,us,11.1,1.838,0.103,27
41.0404,142.932,43.061,4.3,63,134.0,0.988,0.51,us,6.36,7.724,0.085,39
41.5353,141.981,66.838,4.3,42,127.0,1.002,0.84,us,5.19,8.431,0.102,27
-4.4522,138.4343,167.912,4.1,30,109.0,0.624,0.93,us,7.99,5.832,0.107,24
-43.0653,-82.4902,10.0,4.6,27,152.0,7.513,1.33,us,8.08,1.88,0.107,26
42.5536,146.7106,10.0,4.5,43,154.0,2.691,1.2,us,11.59,1.945,0.096,32
51.7021,159.5088,35.0,4.7,47,115.0,1.424,0.91,us,6.2,1.92,0.084,43
51.3466,159.5999,10.0,4.1,37,137.0,1.778,0.96,us,9.6,1.907,0.099,33
53.5974,161.4502,35.0,4.2,20,184.0,1.776,0.76,us,8.7,1.983,0.159,12
7.3364,127.0845,10.0,4.9,91,55.0,1.517,1.18,us,6.57,1.855,0.056,99
-6.6149,129.9367,145.501,4.5,59,59.0,2.079,0.63,us,8.69,7.264,0.073,55
49.3466,157.3035,20.729,4.4,33,136.0,3.775,0.83,us,14.18,6.649,0.11,24
39.4537,143.482,10.0,4.4,22,144.0,2.284,0.66,us,8.96,1.938,0.149,13
49.6174,155.5281,50.359,4.6,95,170.0,3.751,1.21,us,10.88,8.32,0.051,117
-29.2135,-13.6651,10.0,4.9,56,70.0,7.914,0.76,us,10.55,1.872,0.076,54
50.933,157.8383,31.271,4.4,14,128.0,2.153,0.34,us,11.52,6.853,0.131,17
49.4117,157.8748,10.0,4.4,19,136.0,3.649,0.57,us,6.27,1.92,0.22,8
-57.9144,-25.4478,68.264,5.0,64,55.0,7.165,0.65,us,9.09,5.222,0.081,49
48.6614,157.3988,10.0,4.7,139,131.0,4.439,0.55,us,9.43,1.882,0.037,222
0.652,121.5651,80.966,4.5,54,113.0,0.906,0.77,us,8.79,7.143,0.079,47
7.3513,127.4086,10.0,4.9,38,60.0,1.837,0.76,us,7.13,1.88,0.098,33
48.5608,157.3583,10.0,4.5,44,136.0,4.543,0.63,us,12.44,1.913,0.074,53
50.4323,160.0336,10.0,4.4,38,134.0,2.734,0.53,us,10.87,1.925,0.099,29
11.6512,125.5795,55.483,4.2,16,136.0,4.552,0.56,us,13.41,9.367,0.199,8
52.6046,161.1152,10.0,4.2,49,147.0,1.554,0.76,us,9.34,1.935,0.091,34
-22.752,-179.3842,455.11,4.2,15,206.0,5.532,0.53,us,25.32,23.944,0.158,11
-2.842,139.3141,38.481,5.0,54,88.0,1.297,0.8,us,6.26,0.841,0.077,54
28.0704,139.5489,486.588,4.1,105,55.0,2.533,0.74,us,7.76,7.754,0.058,80
52.3971,160.5343,35.0,4.2,26,121.0,1.307,0.62,us,9.9,1.946,0.095,31
-15.1314,-174.3373,133.876,4.4,45,100.0,2.757,0.52,us,13.01,7.812,0.087,38
52.3103,160.586,10.0,4.8,72,123.0,1.93,1.01,us,8.82,1.882,0.061,82
51.2401,-178.0482,30.987,3.8,42,202.0,0.524,0.81,us,4.03,7.668,0.098,27
-6.2494,151.3713,10.0,4.5,19,196.0,2.192,1.1,us,12.86,1.972,0.163,11
13.8613,39.7802,10.0,4.5,28,175.0,3.784,0.75,us,14.91,1.97,0.096,32
1.4969,127.0354,124.95,4.6,41,91.0,0.793,0.54,us,7.6,6.612,0.09,37
51.4339,158.7407,35.0,4.8,36,181.0,1.593,0.8,us,11.61,1.971,0.082,46
-3.2855,141.142,24.139,4.5,15,209.0,0.882,0.72,us,7.48,7.315,0.156,12
49.8432,155.9557,68.479,4.2,45,132.0,3.446,1.14,us,10.52,6.508,0.1,32
-14.9069,167.3469,134.987,4.9,53,124.0,6.325,0.6,us,12.44,7.568,0.058,92
50.7542,158.8384,35.0,4.3,26,166.0,2.276,0.64,us,8.92,1.914,0.126,18
-31.9385,-69.9338,108.723,4.2,40,63.0,0.891,0.69,us,5.44,6.489,0.128,18
21.9783,143.4867,206.886,4.2,44,140.0,5.231,0.55,us,12.22,8.251,0.092,33
50.9043,157.4601,69.365,4.1,41,134.0,2.212,0.76,us,10.45,7.236,0.101,27
-57.9903,157.741,10.0,4.5,16,99.0,3.564,0.89,us,13.09,1.924,0.125,19
52.8497,159.8919,60.353,4.1,21,169.0,0.772,0.92,us,12.63,7.638,0.184,9
-15.4104,168.0797,10.0,4.7,33,163.0,0.846,0.77,us,4.19,1.898,0.106,27
-6.0832,102.9046,10.0,4.5,26,102.0,1.647,0.53,us,9.28,1.906,0.124,19
-9.2366,124.0695,76.421,4.2,17,119.0,0.551,0.7,us,6.98,4.79,0.147,13
52.2761,160.6707,22.286,4.4,92,130.0,1.441,0.69,us,9.81,5.785,0.059,83
49.9757,155.9408,69.915,4.8,76,126.0,3.323,0.54,us,10.83,7.241,0.044,159
50.8858,157.0731,79.74,5.2,102,77.0,2.259,0.65,us,7.97,5.352,0.022,699
51.5168,160.2277,10.0,4.6,49,138.0,1.794,0.88,us,10.48,1.909,0.078,49
51.2507,158.9781,35.0,4.4,39,128.0,1.787,0.9,us,9.97,1.929,0.086,44
2.4911,-76.2254,35.053,4.4,51,72.0,2.355,0.68,us,7.8,6.209,0.089,37
14.7856,-91.0593,169.27,4.3,28,161.0,1.52,0.75,us,10.97,13.509,0.126,18
52.762,160.1217,41.532,4.1,31,120.0,0.929,0.54,us,11.16,8.685,0.097,29
17.4847,-61.2607,22.975,4.3,39,178.0,0.533,0.82,us,5.65,7.212,0.201,8
10.9745,123.8122,10.0,4.6,42,126.0,4.254,0.97,us,6.0,1.901,0.09,37
5.5943,126.3364,57.556,4.3,19,178.0,1.209,0.49,us,11.02,10.491,0.16,12
-57.6915,157.3496,10.0,4.7,26,93.0,3.323,0.85,us,12.85,1.879,0.117,22
51.2967,159.4748,40.389,5.0,76,117.0,1.802,0.79,us,9.83,6.819,0.049,134
-25.9649,179.6835,508.72,4.9,65,85.0,8.319,0.68,us,12.66,7.55,0.075,56
13.5274,120.7937,196.71,4.4,47,113.0,13.894,0.67,us,11.59,5.297,0.092,41
2.6947,128.4941,220.634,4.4,49,89.0,2.218,0.85,us,6.92,8.271,0.095,32
8.655,58.5807,10.0,4.3,25,141.0,19.376,0.65,us,13.31,1.867,0.129,17
12.0587,125.4691,34.385,4.3,35,131.0,4.959,0.57,us,14.18,6.195,0.104,26
-2.0359,120.6836,10.0,4.2,16,104.0,0.639,0.59,us,3.81,1.928,0.216,6
-22.2645,-68.5286,114.878,4.1,23,47.0,0.757,0.7,us,4.01,6.09,0.151,12
-21.4617,-179.0454,588.803,4.4,86,69.0,4.599,0.78,us,12.9,6.275,0.036,225
50.2502,-173.2148,10.0,3.8,83,201.0,2.049,1.21,us,9.23,1.984,0.085,36
50.6175,158.0024,33.576,4.5,70,130.0,2.443,0.7,us,10.96,6.088,0.06,82
52.6033,160.3283,34.411,4.4,30,119.0,1.102,0.69,us,9.43,6.426,0.101,28
27.9898,50.4539,10.0,4.1,13,195.0,5.979,1.1,us,9.75,2.004,0.262,4
-17.9405,-178.3767,606.503,4.4,38,80.0,2.599,0.86,us,15.08,10.032,0.096,31
54.5036,161.1448,49.785,4.5,132,137.0,2.096,0.77,us,10.2,7.455,0.048,128
-57.3621,148.6989,10.0,4.7,21,113.0,19.915,0.61,us,16.26,1.925,0.133,17
51.3832,159.7998,10.0,4.2,21,129.0,1.789,1.33,us,6.06,1.943,0.159,11
37.3316,56.3277,10.0,4.1,22,154.0,5.936,0.29,us,9.86,1.809,0.135,15
-14.9848,167.6284,121.432,4.2,12,262.0,0.616,0.79,us,15.82,6.986,0.199,7
49.2409,151.5056,303.797,4.0,150,98.0,5.491,0.8,us,10.38,5.75,0.043,144
52.5319,161.1206,10.0,4.3,31,121.0,1.579,1.35,us,9.84,1.881,0.113,22
10.9951,124.0141,10.0,5.0,105,39.0,4.195,0.52,us,9.55,0.3,0.055,110
49.4078,156.0024,35.787,4.3,26,182.0,10.606,0.56,us,14.78,10.777,0.129,18
-6.0279,150.2339,35.0,4.7,24,90.0,2.467,0.5,us,10.35,1.933,0.138,16
52.6878,160.7325,28.431,4.3,24,126.0,1.307,0.45,us,10.46,6.691,0.129,17
1.0344,97.1099,10.0,4.7,69,139.0,2.45,0.44,us,7.04,1.888,0.072,59
77.9919,13.7415,10.0,4.6,50,153.0,0.577,0.42,us,7.3,1.903,0.089,38
-50.2489,130.0473,10.0,4.5,11,171.0,17.984,0.62,us,14.98,1.982,0.171,10
-6.9786,127.3578,300.518,4.3,20,85.0,5.03,1.17,us,10.97,8.553,0.189,8
15.8203,-95.1353,49.469,4.1,50,133.0,1.766,0.87,us,3.84,12.88,0.078,45
32.8569,76.0845,18.813,4.0,21,295.0,6.183,0.77,us,15.87,9.083,0.155,12
-9.4859,123.5792,83.116,4.2,12,133.0,0.729,1.26,us,8.12,8.723,0.199,7
52.1637,159.0157,61.099,4.1,36,162.0,0.889,0.59,us,9.4,7.804,0.103,26
-27.1652,-175.9607,10.0,4.6,30,164.0,10.884,0.82,us,14.85,1.91,0.11,25
19.6703,122.4804,171.669,4.1,34,141.0,3.393,0.45,us,12.23,9.169,0.112,22
52.7784,160.7397,32.417,4.3,96,115.0,1.289,0.45,us,8.9,5.639,0.054,99
-35.5235,-179.3541,10.0,4.8,29,202.0,2.773,0.47,us,8.89,1.833,0.118,22
54.9209,-161.064,52.377,3.7,32,160.0,0.515,0.48,us,3.58,9.792,0.251,4
53.3968,-163.5758,11.462,3.6,68,189.0,1.254,0.51,us,4.15,6.481,0.157,10
49.1712,157.6072,10.0,4.4,42,90.0,3.913,0.69,us,11.46,1.905,0.089,36
52.3331,160.0237,37.905,4.7,27,68.0,1.613,0.63,us,10.17,8.038,0.112,24
16.8976,-94.9574,100.912,4.3,35,136.0,0.882,0.9,us,5.98,7.441,0.09,35
-57.9207,-24.5323,10.0,4.4,22,104.0,16.434,0.65,us,13.75,1.925,0.115,22
46.0482,151.6411,35.0,4.5,45,170.0,6.69,0.43,us,11.58,1.975,0.102,28
-54.0502,-58.1972,10.0,5.0,76,137.0,2.38,0.55,us,12.46,1.836,0.069,68
-24.3512,179.9396,521.596,4.5,55,96.0,5.251,0.88,us,8.03,7.841,0.084,41
-12.5795,167.6399,10.0,4.8,24,129.0,2.882,0.7,us,12.92,1.934,0.124,20
-29.2831,-177.8099,10.0,4.7,30,129.0,8.87,0.77,us,13.84,1.922,0.11,25
-31.086,-179.303,261.252,4.5,20,178.0,6.756,1.11,us,8.19,10.643,0.156,13
51.5468,159.9383,10.0,4.3,83,127.0,1.677,0.8,us,8.11,1.905,0.065,67
18.8953,39.0729,10.0,4.4,76,80.0,6.669,0.88,us,9.72,1.921,0.069,60
53.2783,160.9008,35.0,4.3,33,134.0,1.379,0.96,us,10.92,1.919,0.126,19
-28.328,-174.9091,10.0,4.7,42,121.0,2.804,0.53,us,12.39,1.842,0.089,38
50.1902,159.1222,10.0,4.3,22,134.0,2.852,0.8,us,11.14,1.926,0.133,16
49.5864,158.9363,10.0,4.4,94,135.0,3.446,0.6,us,9.66,1.884,0.059,84
52.5754,160.3722,39.839,4.3,26,121.0,1.138,1.27,us,10.86,8.172,0.148,16
51.7128,159.9186,25.934,4.5,22,126.0,1.526,0.71,us,11.27,6.167,0.121,20
-30.6072,-178.0686,41.31,5.2,68,69.0,1.363,0.83,us,10.02,5.916,0.071,65
34.4855,139.4665,10.0,4.4,25,130.0,1.397,0.72,us,4.43,1.899,0.162,11
13.8852,145.2884,120.493,4.1,23,150.0,0.503,0.44,us,10.88,7.533,0.123,18
51.572,157.9773,79.269,4.5,52,158.0,1.511,0.46,us,7.72,7.032,0.081,46
41.219,142.4005,50.834,4.5,72,133.0,0.977,0.55,us,3.55,7.351,0.063,73
-10.4067,124.4798,10.0,4.4,26,84.0,0.68,0.83,us,3.95,1.917,0.144,14
11.8039,141.3984,35.0,4.5,29,109.0,3.823,0.48,us,10.23,1.938,0.125,20
16.9906,-94.3742,118.476,4.5,55,119.0,0.392,1.12,us,7.34,5.344,0.042,165
14.9359,-94.1828,10.0,4.3,114,147.0,2.383,0.89,us,7.28,1.917,0.043,152
50.3547,156.5142,74.738,4.4,143,83.0,2.854,0.78,us,11.24,5.419,0.045,141
-22.2884,-67.3096,170.316,4.2,18,73.0,1.04,1.12,us,8.76,7.309,0.159,11
48.6113,157.4971,10.0,4.4,35,136.0,4.478,0.61,us,10.97,1.905,0.101,28
13.0045,145.5948,10.0,4.7,66,98.0,0.915,0.64,us,6.03,1.807,0.076,53
52.7752,161.1082,10.0,4.5,52,120.0,1.51,0.93,us,7.52,1.882,0.071,60
42.8478,146.4327,44.061,4.2,42,155.0,2.564,0.54,us,10.67,7.203,0.1,30
45.7091,26.5334,127.609,4.2,29,70.0,0.467,0.74,us,8.12,6.673,0.152,12
52.4871,160.0617,57.62,4.3,21,165.0,1.012,0.45,us,11.07,8.914,0.147,13
49.7621,157.3928,31.214,4.4,44,126.0,3.356,0.8,us,5.55,5.658,0.095,34
-11.5794,116.6017,10.0,4.3,33,98.0,2.969,0.86,us,6.65,1.746,0.109,24
51.9306,-167.2686,10.0,3.5,28,227.0,1.425,0.84,us,6.59,2.009,0.221,5
51.3663,159.7691,35.0,4.2,17,138.0,1.797,0.37,us,13.38,1.955,0.146,14
-1.8556,139.2105,10.531,4.2,17,85.0,1.255,0.65,us,7.33,5.393,0.16,11
50.3943,158.1563,10.0,4.8,67,127.0,2.651,0.74,us,6.79,1.874,0.053,110
53.3261,160.5689,54.316,4.3,38,164.0,1.194,1.06,us,12.76,8.36,0.108,24
53.4033,160.4318,55.148,4.1,21,137.0,1.137,1.22,us,9.23,5.072,0.135,15
-11.5771,166.6781,246.672,4.1,22,152.0,3.88,0.61,us,18.06,13.324,0.117,20
-5.7179,152.5813,10.0,5.2,104,87.0,1.507,0.93,us,7.29,1.876,0.059,94
51.9186,159.2403,17.275,4.5,41,125.0,1.164,1.12,us,9.46,5.238,0.09,39
51.4645,159.8388,10.0,4.3,30,124.0,1.724,1.23,us,9.09,1.912,0.132,19
-29.9981,-178.5042,142.344,4.7,18,91.0,0.902,0.93,us,12.39,8.774,0.138,17
51.8281,159.8357,35.0,4.2,20,188.0,1.4,1.03,us,10.59,1.988,0.146,13
1.5433,127.1003,117.586,4.5,80,72.0,0.811,0.66,us,6.35,6.185,0.071,59
-41.6242,-83.5423,10.0,4.6,29,139.0,9.837,0.97,us,6.97,1.923,0.105,27
50.7517,-173.1818,10.0,3.8,16,233.0,1.585,0.47,us,6.35,1.967,0.228,5
21.6082,143.0361,314.38,4.1,61,66.0,5.518,0.49,us,11.76,7.781,0.087,39
38.5547,141.4848,87.939,4.4,40,134.0,2.255,0.99,us,8.72,8.702,0.112,24
39.9357,113.5049,10.0,4.3,47,71.0,2.051,0.55,us,8.3,1.851,0.087,37
3.3731,127.3749,35.616,4.7,57,88.0,2.324,0.77,us,6.44,7.242,0.088,39
52.7596,160.965,10.0,5.5,119,92.0,1.427,0.69,us,9.02,1.783,0.039,225
-21.6349,-68.4385,120.808,4.3,96,60.0,0.764,0.74,us,5.92,5.977,0.057,86
-19.5181,-173.0066,10.0,4.5,18,161.0,2.941,0.49,us,11.43,1.931,0.14,18
5.6924,124.2808,35.0,4.3,30,94.0,1.527,0.85,us,6.97,1.926,0.125,18
50.0304,159.3884,10.0,4.5,91,135.0,3.032,0.48,us,9.97,1.906,0.06,83
3.43,126.0536,69.487,4.4,26,127.0,1.415,0.61,us,6.81,9.027,0.126,18
9.3664,94.0616,10.0,4.9,144,38.0,5.009,0.74,us,6.97,1.54,0.046,151
-2.862,101.1384,62.216,4.5,40,189.0,2.346,0.75,us,9.9,9.426,0.104,27
34.6576,70.6806,10.0,4.1,14,227.0,1.283,1.16,us,13.72,2.199,0.184,8
-21.8848,-179.0546,584.91,4.1,23,143.0,4.937,0.36,us,12.09,9.067,0.126,17
-12.7434,169.7165,656.29,4.3,43,63.0,9.344,0.74,us,12.37,9.739,0.087,37
43.6603,147.8058,47.63,4.9,113,135.0,3.793,0.41,us,9.8,7.362,0.058,95
-22.5156,-175.1089,10.0,5.0,49,141.0,17.054,0.44,us,13.71,1.466,0.1,32
51.9703,158.1461,83.176,4.5,73,133.0,1.099,0.5,us,14.64,7.143,0.062,75
-39.6702,-75.1516,10.0,4.3,24,142.0,1.346,0.66,us,8.88,1.92,0.138,15
7.6469,127.1659,10.0,4.8,98,75.0,1.675,1.1,us,6.35,1.765,0.056,98
-30.154,-177.7973,10.0,5.0,82,69.0,8.067,0.93,us,12.33,1.806,0.059,93
8.4486,126.9203,35.0,4.4,15,233.0,1.909,0.4,us,10.99,2.013,0.148,13
-5.5697,147.1227,181.98,4.7,49,51.0,3.511,0.81,us,4.99,7.634,0.043,167
-55.7008,-29.2896,76.67,4.5,20,117.0,4.382,0.7,us,12.32,10.024,0.121,20
13.6434,145.4782,38.77,4.9,45,88.0,0.595,0.57,us,5.52,7.634,0.086,42
50.3159,158.8756,10.0,4.9,195,117.0,2.715,0.61,us,8.62,1.866,0.034,278
37.5398,19.8784,35.0,4.0,24,139.0,1.67,1.15,us,7.06,1.968,0.232,5
5.3262,125.9846,100.462,4.3,15,151.0,0.775,0.7,us,9.15,6.49,0.177,9
23.0925,143.4046,35.0,4.4,20,121.0,4.136,0.79,us,15.21,1.941,0.144,14
4.091,125.8929,155.742,4.1,22,184.0,0.76,0.79,us,10.56,7.871,0.145,15
9.9182,-70.7624,10.0,4.5,89,149.0,1.036,0.53,us,5.68,1.888,0.061,78
52.0022,160.335,35.0,4.3,24,124.0,1.451,0.68,us,7.06,1.938,0.137,15
-55.6029,-27.7956,35.274,4.4,15,123.0,5.182,0.21,us,14.43,10.277,0.143,14
3.0945,-31.3985,10.0,4.7,33,66.0,20.426,0.84,us,11.98,1.867,0.096,33
-1.92,139.1436,25.027,4.7,37,83.0,1.17,0.5,us,7.3,5.61,0.106,27
52.1441,160.4948,10.0,4.9,60,124.0,1.429,0.83,us,9.38,1.887,0.053,112
50.2483,159.6183,10.0,4.4,25,136.0,2.844,0.59,us,11.61,1.932,0.112,23
6.7376,-73.0446,166.852,4.3,37,93.0,2.269,0.64,us,7.97,10.378,0.051,108
-15.2332,-174.4557,10.0,4.6,68,125.0,26.112,0.53,us,12.26,1.877,0.067,65
50.9224,160.5181,10.0,4.5,35,167.0,2.4,1.11,us,7.64,1.952,0.099,30
52.4249,152.3759,540.388,4.1,27,119.0,3.305,0.7,us,13.36,9.578,0.114,21
53.1014,159.7165,74.396,4.7,72,122.0,1.216,0.63,us,11.42,7.167,0.047,136
-24.8036,179.8157,506.506,4.6,61,132.0,7.213,0.75,us,13.43,7.67,0.072,58
-53.2194,140.1271,10.0,4.6,21,139.0,11.375,0.66,us,10.15,1.932,0.125,20
44.4564,149.4049,35.0,4.7,116,137.0,4.902,0.58,us,9.97,1.91,0.057,95
0.4719,-79.3622,57.913,4.4,32,116.0,0.954,0.38,us,3.75,9.028,0.134,16
52.8924,161.2734,10.0,4.8,105,119.0,1.592,0.81,us,8.68,1.875,0.034,270
-50.2528,112.7707,10.0,4.4,19,144.0,16.114,0.88,us,7.31,1.93,0.139,17
52.9516,160.6343,35.0,4.2,35,137.0,1.202,0.7,us,10.87,1.948,0.092,33
48.5464,157.2603,10.0,4.8,93,122.0,4.568,0.71,us,11.67,1.864,0.046,144
10.6257,-86.065,42.685,4.4,79,196.0,0.765,1.06,us,9.19,10.886,0.068,62
-60.227,-61.8465,10.0,4.7,24,136.0,4.677,0.46,us,10.88,1.933,0.118,22
7.4719,94.371,10.0,4.4,24,92.0,3.394,0.83,us,9.89,1.89,0.135,16
9.2857,94.2457,10.0,4.3,23,137.0,5.336,0.74,us,8.1,1.87,0.142,14
-8.2761,107.0433,41.036,4.9,44,173.0,1.007,1.09,us,7.98,6.932,0.107,27
52.7204,-161.3684,10.0,4.1,67,172.0,2.325,0.81,us,7.56,1.971,0.26,4
-24.31,-67.2445,187.979,4.5,23,67.0,1.601,0.73,us,10.94,10.213,0.128,18
16.354,-92.8733,208.454,4.4,60,110.0,0.711,0.62,us,8.39,6.205,0.072,55
30.8218,50.4361,10.0,5.1,94,46.0,5.752,0.79,us,7.11,1.791,0.038,230
50.1047,159.4145,10.0,4.6,106,116.0,2.961,0.54,us,9.59,1.876,0.049,121
-15.1925,-176.8391,10.0,4.7,13,96.0,1.52,0.51,us,6.97,1.834,0.195,8
51.4092,160.9922,10.0,4.0,18,129.0,2.166,0.6,us,6.84,1.796,0.232,5
-5.5859,152.3863,10.0,4.3,25,114.0,1.32,0.9,us,6.99,1.617,0.119,20
52.1598,-177.5431,160.04,3.8,35,118.0,0.323,0.38,us,8.58,5.656,0.161,10
52.8182,160.7089,35.0,4.2,31,119.0,1.263,0.87,us,6.24,1.924,0.101,27
-29.8344,-178.0029,106.906,4.5,25,186.0,12.28,0.56,us,15.83,8.284,0.139,17
51.3192,159.3399,29.101,4.7,108,121.0,1.759,0.68,us,8.63,5.311,0.056,97
23.1183,120.6686,10.0,5.1,198,50.0,0.185,0.49,us,5.04,1.756,0.038,223
52.3755,160.6875,10.0,4.8,12,174.0,1.399,0.67,us,11.25,1.967,0.175,10
-47.8636,116.0066,10.0,4.5,23,93.0,14.948,0.67,us,14.62,1.904,0.135,16
11.8758,-87.1342,50.175,4.2,50,182.0,0.823,0.56,us,5.16,10.114,0.095,31
1.2098,126.1823,58.906,4.1,25,104.0,1.261,0.95,us,5.68,5.557,0.131,18
52.8429,160.4905,35.025,4.4,81,135.0,1.129,0.54,us,12.23,7.109,0.059,84
-6.0885,151.9158,10.0,4.6,44,152.0,1.773,0.94,us,10.91,1.911,0.082,44
19.6058,146.7683,10.0,4.5,68,134.0,4.44,0.4,us,5.24,1.895,0.076,51
-57.7406,-25.4492,45.653,4.4,10,109.0,16.803,0.21,us,15.11,5.638,0.169,10
51.3729,160.9167,10.0,4.2,43,129.0,2.163,0.63,us,8.73,1.906,0.089,35
-23.6383,179.9884,544.334,4.6,53,126.0,6.137,0.8,us,13.16,7.03,0.043,162
48.9068,154.6652,67.16,4.1,17,168.0,4.622,0.84,us,10.33,10.831,0.197,7
-34.887,78.6878,10.0,4.9,65,59.0,33.29,0.45,us,12.84,1.825,0.079,51
50.9596,-179.1076,12.722,4.2,105,212.0,0.623,1.01,us,5.97,8.279,0.064,67
53.2008,159.8389,56.502,4.1,16,188.0,0.738,1.03,us,13.76,11.799,0.185,10
-63.8354,173.0182,11.159,4.5,9,168.0,14.186,0.98,us,15.27,6.995,0.271,4
-6.8976,127.3696,378.31,4.2,19,97.0,4.181,0.86,us,12.1,10.93,0.215,7
-60.2346,-62.0414,10.0,5.1,58,117.0,4.651,0.78,us,11.21,1.871,0.075,57
17.848,40.1509,10.0,4.4,29,164.0,6.8,0.67,us,11.73,1.908,0.12,20
8.8276,-83.937,10.0,4.4,26,145.0,0.91,0.8,us,8.17,1.907,0.131,17
60.5458,-139.8306,5.0,4.3,68,46.0,0.498,1.08,us,3.3,1.888,0.111,23
24.0837,121.8314,14.989,4.5,31,45.0,0.234,0.41,us,2.88,3.812,0.124,19
-7.3874,154.4351,10.0,4.9,47,69.0,3.897,0.94,us,10.66,1.883,0.056,102
29.3994,129.1855,10.0,4.4,23,140.0,2.37,1.21,us,9.93,1.92,0.127,18
-23.666,-179.6844,508.528,4.3,34,106.0,5.774,0.93,us,13.59,6.141,0.098,29
16.3593,120.3454,89.939,4.2,20,191.0,6.462,0.45,us,23.3,13.033,0.176,9
0.5079,123.6649,260.89,4.7,103,62.0,4.537,0.85,us,7.34,7.143,0.048,130
52.2259,160.1627,34.018,4.4,63,166.0,1.22,0.65,us,11.98,6.834,0.079,46
-22.0257,-179.6045,606.847,4.4,27,200.0,4.795,0.65,us,12.91,15.674,0.107,25
50.4963,159.5782,10.0,4.2,30,136.0,2.596,0.6,us,11.61,1.93,0.118,20
-18.8542,65.4124,10.0,4.6,72,63.0,2.127,0.39,us,11.13,1.852,0.071,63
2.6308,127.2557,84.922,4.3,40,97.0,1.85,0.74,us,9.96,8.768,0.094,32
39.7525,141.8182,67.302,4.4,53,142.0,1.185,0.75,us,6.67,6.465,0.091,35
-1.6625,-81.0281,10.0,4.7,53,155.0,1.56,0.67,us,8.89,1.908,0.089,38
26.1958,125.128,185.198,4.6,58,53.0,1.981,0.83,us,7.94,7.904,0.069,71
-56.9272,-26.5621,96.912,4.4,27,127.0,6.217,0.38,us,9.47,8.263,0.127,18
42.3005,144.6126,41.853,4.5,74,134.0,1.119,0.7,us,3.15,7.024,0.052,108
51.5092,159.126,35.0,6.0,83,53.0,1.545,0.83,us,7.47,1.863,0.078,62
34.8742,26.5035,10.0,4.0,22,179.0,0.861,0.97,us,5.21,1.968,0.258,4
51.6973,159.5179,35.0,4.9,117,123.0,1.431,0.99,us,8.77,1.908,0.054,107
8.5987,126.4932,90.97,4.1,15,136.0,1.769,0.92,us,13.16,6.533,0.197,9
-37.1699,-16.9678,10.0,4.5,16,70.0,3.72,0.56,us,12.66,1.893,0.145,14
-18.5806,-71.3245,28.67,4.0,19,233.0,0.956,0.71,us,7.28,5.454,0.259,4
-20.0804,-175.514,234.711,4.4,28,99.0,5.361,0.34,us,9.5,9.426,0.105,26
52.8384,160.9578,27.95,5.3,99,132.0,1.409,0.88,us,11.45,5.834,0.032,322
79.9106,-0.4571,10.0,4.1,37,60.0,2.495,0.79,us,9.19,1.919,0.1,27
31.9999,97.2145,10.0,4.4,55,104.0,5.712,0.85,us,7.2,1.912,0.077,48
52.5153,158.3911,10.0,4.1,12,134.0,0.533,0.78,us,7.54,1.849,0.198,7
-5.5614,147.2535,182.408,4.5,48,57.0,3.496,0.59,us,8.0,5.573,0.061,80
23.0944,94.8608,94.964,4.2,19,129.0,1.88,0.49,us,14.29,10.808,0.146,13
-11.5871,166.1977,79.255,4.2,26,145.0,3.959,0.43,us,10.48,8.107,0.121,19
-34.802,-108.325,10.0,4.7,48,82.0,7.677,0.43,us,11.46,1.874,0.083,44
52.3417,161.3744,10.0,4.3,16,208.0,1.794,1.29,us,12.57,1.997,0.201,7
52.851,160.7257,31.325,4.4,55,135.0,1.268,0.8,us,11.66,6.094,0.076,50
7.2409,126.7015,74.077,4.6,35,115.0,1.127,0.95,us,6.32,8.562,0.103,28
-55.3529,-27.4001,15.923,4.8,32,67.0,5.363,0.71,us,8.3,5.154,0.1,31
52.2197,160.2154,46.188,4.5,41,123.0,1.248,1.2,us,10.33,6.422,0.09,36
-17.1006,168.4113,215.635,4.2,19,83.0,2.012,0.82,us,11.25,11.331,0.146,13
51.2911,159.8501,10.0,4.5,27,148.0,1.886,0.65,us,9.59,1.947,0.131,17
-2.1428,120.7358,10.0,4.6,29,62.0,0.533,0.8,us,6.02,1.93,0.125,22
49.8278,157.4403,10.0,5.3,49,126.0,3.288,1.11,us,9.51,1.864,0.09,41
-5.8209,150.7281,54.508,4.1,18,138.0,2.16,0.77,us,11.08,6.824,0.146,15
23.4513,121.4769,30.693,4.1,30,93.0,0.175,1.22,us,3.65,1.792,0.185,9
-39.0242,175.7827,125.573,4.9,36,63.0,0.041,1.15,us,4.66,6.023,0.129,21
50.2465,159.1692,10.0,4.3,19,231.0,2.8,0.62,us,7.69,1.965,0.218,7
38.6003,40.2583,10.0,4.2,29,126.0,0.78,0.7,us,5.0,1.953,0.186,8
9.8057,126.1921,37.473,4.5,22,129.0,2.785,0.68,us,6.19,6.356,0.145,14
1.059,125.7479,72.046,4.4,32,56.0,0.985,0.57,us,6.59,7.679,0.124,19
37.183,141.0446,60.182,4.4,31,144.0,2.362,0.52,us,8.9,7.237,0.12,20
50.9309,158.5442,10.0,4.4,47,129.0,2.097,0.5,us,10.53,1.919,0.084,41
-30.654,-71.2748,56.106,4.6,53,78.0,0.311,0.64,us,4.95,5.684,0.107,26
-29.7222,-176.6496,10.0,4.6,18,208.0,8.876,1.18,us,15.04,1.964,0.141,16
49.338,158.004,10.0,4.5,37,165.0,3.713,0.89,us,10.67,1.922,0.106,27
50.8403,158.6814,10.0,4.3,33,149.0,2.186,0.97,us,12.72,1.962,0.095,31
13.4663,56.9581,10.0,4.6,27,160.0,11.44,0.83,us,13.48,1.943,0.129,18
23.7593,122.4732,10.0,4.4,25,97.0,0.859,0.68,us,3.14,1.818,0.178,9
13.527,120.3513,62.176,4.6,41,93.0,8.495,0.49,us,12.28,8.605,0.091,36
-7.3281,126.7221,398.062,4.7,86,24.0,3.422,0.7,us,8.27,7.448,0.051,119
53.177,161.0048,10.0,4.1,55,162.0,1.428,0.55,us,10.65,1.93,0.083,42
49.9279,157.1885,42.769,4.3,23,137.0,3.201,0.66,us,13.19,8.086,0.134,16
31.5172,-115.6079,5.0,4.2,39,86.0,0.477,1.26,us,1.46,1.846,0.091,34
1.9802,126.5247,54.48,4.3,40,64.0,2.927,0.96,us,3.26,7.55,0.108,24
24.0687,126.2927,10.0,4.8,47,136.0,1.904,0.81,us,8.44,1.91,0.071,63
-8.7654,-80.3006,10.0,4.4,21,117.0,4.672,0.82,us,9.18,1.935,0.161,11
-47.3231,-13.5011,10.0,5.1,50,73.0,10.285,0.61,us,10.62,1.886,0.075,58
23.5239,-45.1242,10.0,4.5,98,52.0,16.609,0.61,us,11.02,1.904,0.052,111
-5.702,-81.2004,10.0,5.1,142,62.0,3.753,0.52,us,11.13,4.23,0.048,140
34.5308,7.4845,10.0,4.3,19,195.0,1.94,0.5,us,9.42,1.964,0.2,7
52.0672,159.8494,35.0,4.2,33,113.0,1.206,0.84,us,6.17,1.915,0.105,25
-5.6392,154.3387,135.478,5.0,82,89.0,2.601,0.56,us,8.36,5.941,0.064,77
50.3222,158.9527,28.158,4.4,67,80.0,2.712,0.88,us,9.97,5.241,0.071,57
51.0614,159.0547,10.0,5.8,66,68.0,1.981,0.83,us,8.01,1.817,0.101,36
2.624,127.2715,49.74,4.5,51,74.0,1.842,0.88,us,7.01,7.421,0.096,32
52.3482,-169.5832,43.123,3.9,25,187.0,0.766,0.77,us,5.46,10.128,0.105,24
40.1689,-29.7206,10.0,4.3,42,154.0,4.058,0.74,us,13.01,1.924,0.093,33
50.4798,157.7594,45.219,4.5,40,131.0,2.607,0.49,us,4.17,8.206,0.094,33
50.369,158.6245,20.346,4.8,78,134.0,2.658,0.71,us,11.12,5.495,0.04,190
-4.1821,34.7605,10.0,4.2,16,107.0,3.744,0.69,us,6.18,1.928,0.186,8
49.9518,158.397,10.0,4.1,14,155.0,3.08,0.45,us,14.64,1.963,0.185,8
42.0733,142.5545,58.43,4.3,72,91.0,0.453,0.51,us,7.11,7.526,0.072,54
50.1684,158.5559,10.0,4.4,20,128.0,2.86,0.92,us,8.4,1.87,0.121,22
1.801,127.6136,132.222,4.1,27,106.0,1.052,0.59,us,10.71,9.016,0.117,20
52.4865,160.998,25.289,5.1,162,128.0,1.525,0.77,us,10.64,5.532,0.045,165
12.1739,-87.9686,38.535,4.4,26,190.0,1.062,0.92,us,4.57,10.363,0.074,52
-9.183,-71.2911,481.669,5.0,142,37.0,2.01,0.96,us,10.5,6.15,0.019,896
52.6351,160.8157,10.0,4.9,77,121.0,1.37,0.85,us,8.32,1.877,0.034,274
29.6596,129.7262,10.0,4.5,43,115.0,1.947,0.94,us,7.48,1.898,0.104,27
52.48,160.2774,35.0,4.4,57,163.0,1.129,0.94,us,10.11,1.864,0.07,59
40.1467,142.8572,38.183,4.2,26,191.0,1.511,0.33,us,5.38,9.066,0.153,12
52.8288,160.6844,37.768,4.4,19,149.0,1.247,1.14,us,11.3,10.301,0.169,10
52.3619,159.9747,82.347,4.5,49,134.0,1.044,0.7,us,11.28,5.013,0.078,48
16.476,40.9347,10.0,4.5,49,127.0,3.834,1.31,us,13.05,1.946,0.08,46
51.6208,160.7572,10.0,4.2,23,138.0,1.909,1.01,us,9.42,1.93,0.128,17
29.0675,86.7312,10.0,4.2,32,97.0,3.889,0.78,us,5.18,1.9,0.088,36
45.7258,26.7541,116.169,4.4,24,105.0,0.615,0.9,us,6.6,7.126,0.178,9
-18.1331,-177.961,566.77,4.4,28,124.0,3.035,0.57,us,19.22,12.786,0.123,21
2.7456,128.4849,221.602,4.4,33,86.0,3.591,0.78,us,7.06,8.444,0.112,23
5.1687,126.6937,9.873,4.4,32,62.0,1.285,1.22,us,6.37,4.3,0.102,30
-2.7234,139.3183,44.942,5.0,58,31.0,1.346,1.11,us,3.37,5.889,0.073,60
12.1615,-88.2506,35.0,4.4,32,169.0,1.301,0.92,us,8.25,1.969,0.117,21
-5.2184,129.7433,236.861,4.1,19,61.0,0.71,0.53,us,9.48,7.394,0.157,12
10.6993,-85.2721,16.868,4.3,13,113.0,0.174,0.75,us,3.31,3.708,0.064,70
-4.5323,153.1886,95.17,4.6,36,101.0,1.077,0.81,us,8.56,6.56,0.098,31
-7.966,122.8202,233.285,4.0,22,51.0,0.88,0.53,us,7.8,6.738,0.184,10
-31.6828,179.8822,409.734,4.2,36,180.0,6.007,1.11,us,15.55,13.757,0.125,20
50.8439,159.4199,10.0,4.9,41,143.0,2.234,0.76,us,7.11,1.898,0.1,31
-18.5347,-177.8323,618.605,4.2,54,109.0,3.363,0.65,us,13.01,4.73,0.044,143
51.5449,159.4431,10.0,4.4,41,137.0,1.559,0.71,us,10.17,1.912,0.101,28
54.6509,168.1775,10.0,4.2,40,141.0,4.012,0.93,us,13.23,1.948,0.081,42
52.3719,159.9605,67.484,4.7,138,134.0,1.03,0.62,us,9.65,6.53,0.05,119
39.1039,28.1816,10.0,4.4,45,73.0,0.994,1.02,us,4.37,1.893,0.102,28
65.9425,-37.3012,10.0,4.4,114,91.0,5.44,0.64,us,13.73,1.957,0.051,108
26.3752,124.7013,10.0,4.3,20,86.0,2.032,1.05,us,7.67,1.935,0.238,5
52.5607,158.8308,75.31,4.2,31,133.0,0.476,0.77,us,8.91,6.536,0.107,24
-32.6819,-71.8419,27.573,4.1,27,181.0,0.972,1.0,us,3.68,7.513,0.262,4
-6.3392,152.0385,10.0,4.4,28,112.0,2.138,0.49,us,7.87,1.897,0.126,18
50.533,159.5682,10.0,4.4,24,138.0,2.558,0.54,us,8.17,1.875,0.155,12
11.1252,141.6346,10.0,4.1,12,132.0,3.997,0.6,us,7.94,1.913,0.198,7
55.1096,165.6247,10.0,4.2,33,173.0,5.076,0.5,us,17.88,1.958,0.104,26
61.9604,142.1841,10.0,4.2,26,69.0,4.841,0.87,us,9.98,1.946,0.132,16
-20.3768,-67.9493,156.159,4.1,21,76.0,1.154,0.91,us,7.17,9.154,0.214,6
-55.379,-24.7252,10.0,4.7,21,111.0,6.885,0.5,us,13.23,1.936,0.112,25
51.0842,158.8473,32.512,4.0,25,129.0,1.946,0.54,us,11.4,6.735,0.134,15
-36.529,-73.0687,35.0,4.1,22,188.0,1.539,0.41,us,6.73,1.984,0.234,5
52.7024,160.2014,25.076,4.8,132,119.0,0.994,0.49,us,9.87,5.367,0.036,239
40.4693,141.9773,66.932,4.4,17,158.0,0.765,1.01,us,6.93,7.617,0.179,9
49.8497,157.0971,24.164,4.3,21,133.0,3.285,0.58,us,8.46,5.086,0.188,8
52.0653,160.4067,10.0,4.8,75,150.0,1.439,1.06,us,5.83,1.912,0.047,143
40.1561,69.0474,10.0,4.3,31,90.0,0.839,0.91,us,4.2,1.887,0.122,19
51.8908,160.0848,10.0,4.7,14,222.0,1.434,0.7,us,13.92,1.977,0.159,16
-19.0942,169.6384,10.0,4.2,26,109.0,4.057,0.81,us,8.52,1.914,0.121,19
49.0127,157.92,10.0,4.2,13,233.0,4.042,0.73,us,12.86,1.91,0.235,5
52.911,161.0062,33.15,4.2,23,189.0,1.43,1.22,us,12.74,9.639,0.132,16
-34.8108,-108.6124,10.0,4.9,82,155.0,7.685,0.43,us,13.8,1.908,0.055,105
-10.7671,164.4381,10.0,4.4,27,128.0,4.614,0.62,us,10.09,1.92,0.123,19
51.8377,160.8717,10.0,4.6,54,126.0,1.806,0.63,us,8.95,1.839,0.054,103
-18.0362,-177.9854,582.74,4.1,36,109.0,2.964,0.71,us,14.28,4.77,0.101,27
49.909,159.03,10.0,4.6,115,135.0,3.128,0.41,us,9.09,1.877,0.036,237
29.2994,129.3616,10.0,4.6,56,107.0,2.396,0.98,us,7.01,1.882,0.076,52
53.3822,-165.0161,39.246,3.6,63,168.0,0.834,1.21,us,5.94,9.854,0.157,10
51.5301,160.3694,10.0,4.9,48,182.0,2.277,0.76,us,9.38,1.941,0.061,84
51.211,158.8515,35.0,4.6,57,129.0,1.819,0.49,us,9.73,1.921,0.105,27
-24.2456,-67.1726,166.888,4.4,49,43.0,1.584,1.15,us,4.46,8.15,0.11,28
52.9982,159.8814,56.934,4.4,87,130.0,0.745,0.45,us,9.4,6.561,0.051,111
42.4627,72.3418,10.0,4.2,17,119.0,0.739,1.0,us,3.26,1.484,0.215,6
-24.4566,-179.4699,478.47,4.6,18,144.0,7.067,0.47,us,12.06,12.502,0.105,27
-3.1356,130.671,10.0,4.4,27,61.0,1.59,1.02,us,6.12,1.864,0.127,19
-2.518,121.6537,10.0,4.3,30,52.0,1.371,1.04,us,4.55,1.898,0.148,13
-10.2699,161.4662,87.959,4.2,31,109.0,1.709,0.74,us,10.5,7.893,0.121,20
-50.309,134.899,10.0,4.5,19,133.0,14.822,0.48,us,16.13,1.945,0.131,17
-55.7026,-27.6201,88.876,4.7,19,124.0,5.3,0.68,us,12.83,7.29,0.12,21
51.2388,157.6283,75.506,4.1,60,124.0,1.873,0.67,us,10.82,7.455,0.077,46
-17.3161,-178.9275,561.876,4.3,27,192.0,1.831,0.81,us,21.06,11.268,0.125,18
-34.9561,-179.5571,10.0,4.6,27,114.0,3.122,1.1,us,7.47,1.898,0.122,20
52.3665,160.578,35.0,4.3,15,136.0,1.902,0.54,us,9.92,1.933,0.187,8
50.0786,157.2271,35.0,4.5,23,138.0,3.048,0.54,us,13.75,1.948,0.15,14
-7.6478,123.9499,336.237,4.1,42,59.0,1.959,0.94,us,6.35,6.407,0.131,16
50.3203,158.6166,10.0,4.2,35,135.0,2.707,0.65,us,12.44,1.929,0.11,23
-19.306,-177.6744,420.052,4.3,26,88.0,7.325,0.86,us,13.35,11.427,0.116,21
50.9503,159.085,28.932,4.0,34,135.0,2.094,0.53,us,8.19,5.832,0.116,20
51.8479,159.605,34.998,4.8,61,125.0,1.315,0.71,us,9.22,5.793,0.033,288
-26.5905,178.7837,550.873,4.0,19,76.0,3.948,0.83,us,15.62,11.917,0.139,14
-60.3609,-19.386,10.0,4.4,20,86.0,13.12,0.79,us,8.91,1.911,0.126,18
49.4452,157.2969,28.46,4.4,35,136.0,3.677,0.69,us,5.55,5.796,0.109,24
-21.5935,170.3771,103.078,4.4,23,208.0,2.901,0.84,us,5.34,9.505,0.126,19
5.9851,-77.569,10.0,4.3,21,126.0,3.426,1.3,us,8.78,1.939,0.126,18
42.971,18.711,10.0,4.1,36,72.0,0.676,0.3,us,5.46,1.971,0.368,2
52.9863,160.7735,10.0,5.8,115,80.0,1.284,0.61,us,9.7,1.54,0.041,219
53.2364,159.5708,88.527,4.1,30,163.0,1.134,0.48,us,13.24,9.456,0.117,20
-7.008,130.6568,73.928,4.3,37,50.0,2.58,0.68,us,7.8,7.634,0.116,21
50.3301,159.134,10.0,4.4,21,133.0,2.714,0.71,us,11.28,1.924,0.155,12
54.5204,-159.8354,35.0,4.4,52,151.0,1.333,0.78,us,6.25,1.949,0.075,52
36.532,70.3696,194.836,4.0,34,89.0,2.251,0.42,us,4.0,10.51,0.172,10
-14.4218,167.1653,124.522,4.3,20,157.0,1.02,1.08,us,15.98,8.143,0.143,14
16.9241,-85.5567,10.0,4.6,93,152.0,3.296,0.75,us,8.72,1.947,0.033,271
20.2387,96.2024,10.0,4.5,38,151.0,1.541,0.84,us,3.46,1.868,0.106,26
14.841,-94.564,10.0,4.3,39,163.0,1.753,0.95,us,7.33,1.953,0.114,22
7.8807,-38.6405,10.0,4.6,43,78.0,13.888,0.88,us,12.31,1.899,0.089,38
11.2989,124.4745,10.0,4.5,23,137.0,4.341,0.55,us,10.79,1.828,0.131,17
43.9745,83.5142,10.0,4.5,82,80.0,2.949,0.61,us,8.36,1.9,0.065,68
-6.2398,151.8498,10.0,4.7,43,82.0,1.928,0.49,us,9.5,1.905,0.088,39
51.3629,160.977,10.0,4.2,35,177.0,2.195,0.86,us,11.32,1.933,0.115,21
52.395,160.1479,44.785,4.3,34,171.0,1.108,0.76,us,12.64,8.727,0.106,25
36.5231,70.6484,197.741,4.0,27,173.0,2.308,0.71,us,7.95,6.028,0.144,13
39.5125,143.5374,10.0,4.3,23,174.0,2.284,0.52,us,8.87,1.968,0.178,9
34.9428,104.6648,10.0,4.9,50,143.0,1.284,0.65,us,5.21,1.891,0.099,32
46.3314,149.8499,10.0,4.4,41,130.0,4.922,0.65,us,12.74,1.908,0.099,29
39.4388,143.2757,43.286,4.5,39,135.0,2.167,0.32,us,5.75,7.664,0.104,27
-28.2547,62.7289,10.0,4.6,34,68.0,9.489,0.78,us,5.95,1.818,0.114,23
9.5365,93.7405,10.0,4.6,57,94.0,5.331,0.63,us,9.25,1.892,0.083,43
-18.9533,-69.4163,112.094,4.6,55,102.0,0.621,1.13,us,4.89,2.783,0.078,50
-0.8249,150.5514,10.0,4.3,16,132.0,3.406,0.58,us,9.52,1.862,0.154,12
40.9028,142.9449,35.0,4.1,17,154.0,1.123,0.87,us,4.05,1.927,0.198,7
52.3232,158.5801,89.371,4.6,36,122.0,0.703,1.3,us,11.01,7.364,0.099,30
-19.2736,-69.0855,2.139,4.3,17,173.0,0.406,0.86,us,2.74,5.255,0.189,8
-46.7553,166.4472,35.0,4.3,13,107.0,0.611,0.92,us,6.78,1.997,0.378,2
-23.9343,-66.7161,195.058,4.5,31,58.0,1.662,0.92,us,4.69,8.338,0.121,20
51.3163,159.8349,26.493,4.1,25,128.0,1.859,1.05,us,9.89,6.041,0.134,15
-17.6156,-178.7872,548.042,4.9,54,78.0,2.095,0.62,us,13.62,9.926,0.076,54
42.8324,146.8576,10.0,4.2,13,192.0,2.859,1.17,us,8.77,1.985,0.216,6
-13.2903,167.002,206.545,4.4,27,146.0,2.153,1.06,us,14.48,6.581,0.108,25
15.2395,147.0622,22.67,4.6,51,116.0,1.226,0.7,us,4.97,5.709,0.082,44
51.6758,159.1818,42.864,4.6,28,125.0,1.698,0.55,us,10.58,3.857,0.103,28
-17.9667,-178.5633,611.607,4.0,27,122.0,2.468,0.56,us,15.24,8.692,0.116,20
23.2606,123.0482,10.0,4.6,45,95.0,1.201,1.19,us,5.24,1.9,0.114,24
-20.8813,-178.7919,591.294,4.4,22,137.0,4.314,0.72,us,16.02,7.967,0.12,20
52.1658,160.4818,10.0,5.0,62,118.0,1.409,1.38,us,9.05,1.88,0.052,119
-15.2084,-178.4429,414.974,4.3,65,52.0,2.454,0.89,us,11.74,6.437,0.045,142
42.0242,137.5574,286.491,4.1,81,58.0,2.912,0.96,us,9.0,7.608,0.066,63
53.0284,161.3239,22.407,4.0,34,146.0,1.615,1.21,us,10.82,6.37,0.102,26
29.2949,129.4832,10.0,4.2,28,125.0,2.36,0.84,us,8.47,1.916,0.118,20
52.3431,160.354,28.122,4.4,25,123.0,1.787,0.66,us,10.03,2.85,0.134,16
51.2783,159.6687,10.0,4.4,21,129.0,1.857,1.32,us,10.4,1.928,0.155,12
-2.2776,138.9354,37.56,4.3,29,77.0,0.898,0.91,us,8.79,1.786,0.109,24
52.9664,159.7556,57.486,5.0,116,107.0,0.671,0.96,us,7.9,5.252,0.028,397
-29.3889,-179.0368,341.612,4.9,187,41.0,0.978,0.73,us,9.13,3.772,0.032,301
16.6079,-59.4498,10.0,4.2,21,216.0,1.578,0.67,us,10.35,1.966,0.2,7
-17.9614,-178.9021,544.976,4.5,35,131.0,2.214,0.69,us,15.46,7.447,0.124,20
-24.3121,-67.2017,172.373,4.2,19,115.0,1.624,0.83,us,9.75,8.81,0.159,11
36.4749,70.3066,196.984,4.3,33,96.0,2.177,0.6,us,7.8,6.646,0.129,17
32.5027,142.4884,10.0,4.4,22,129.0,2.334,1.24,us,8.94,1.9,0.155,12
-3.677,-102.9953,10.0,4.9,70,146.0,13.044,0.83,us,12.83,1.911,0.027,416
-4.1792,128.6891,9.651,4.6,54,75.0,1.259,0.52,us,7.27,4.259,0.087,40
12.977,-88.8024,66.155,4.2,45,165.0,0.676,0.86,us,10.35,9.522,0.089,35
-5.0328,151.767,82.848,4.7,89,97.0,0.925,0.88,us,10.21,6.282,0.058,93
-23.1003,-114.9789,10.0,4.5,23,171.0,40.191,0.56,us,18.19,1.939,0.115,22
43.3059,145.2408,51.87,4.3,34,188.0,2.007,0.29,us,11.14,9.166,0.104,26
19.3196,-109.041,10.0,4.0,112,123.0,1.895,0.74,us,8.06,1.927,0.054,92
51.3451,158.9883,35.0,4.5,45,121.0,1.694,0.96,us,8.45,1.926,0.06,81
40.2919,143.9546,10.0,4.4,17,147.0,1.824,0.63,us,7.34,1.95,0.169,12
-23.4303,179.0358,559.959,4.6,54,132.0,5.731,0.95,us,13.78,9.717,0.057,93
52.1579,160.5211,10.0,4.2,24,162.0,1.433,1.15,us,10.48,1.964,0.113,22
-17.6386,-178.6599,561.135,4.4,29,164.0,2.21,0.42,us,16.53,9.568,0.105,26
-31.2609,-71.4682,22.366,4.3,25,161.0,0.405,0.78,us,3.85,8.5,0.306,3
50.1538,158.3695,15.284,4.9,16,134.0,2.879,0.44,us,12.38,5.678,0.229,6
6.2483,126.4764,83.347,4.6,70,105.0,1.208,0.73,us,7.84,5.844,0.056,96
50.4151,157.2643,53.85,4.2,32,165.0,2.711,0.69,us,8.43,9.5,0.115,21
3.2052,-31.2178,10.0,4.6,16,165.0,20.249,0.36,us,11.27,1.908,0.152,13
1.6196,127.2088,142.172,4.1,24,122.0,0.857,1.12,us,7.07,5.794,0.157,13
52.3212,160.5594,10.0,4.9,58,104.0,1.359,0.53,us,6.51,1.852,0.058,94
32.9099,76.2043,35.0,4.1,26,269.0,5.611,1.33,us,14.03,2.006,0.174,9
-9.1425,125.9261,10.0,4.5,19,129.0,1.746,0.96,us,9.36,1.908,0.135,16
-17.758,-176.8844,385.124,4.1,32,91.0,3.801,0.94,us,8.66,7.059,0.114,21
50.2456,158.7095,10.0,4.5,73,106.0,18.258,0.62,us,12.54,1.878,0.072,57
30.3115,140.8922,10.0,4.8,105,30.0,2.942,0.9,us,7.72,1.781,0.041,183
26.6107,142.0317,42.683,4.1,23,161.0,0.502,0.54,us,11.46,9.338,0.139,14
11.2399,140.0978,10.0,4.7,100,110.0,5.212,0.7,us,8.79,1.862,0.06,85
-58.636,-24.6785,10.0,4.6,31,100.0,7.858,0.44,us,5.5,1.901,0.105,27
-22.0836,-179.6096,606.969,4.3,58,123.0,4.844,0.56,us,15.15,8.237,0.071,56
34.4314,70.9445,10.0,4.1,17,241.0,1.498,0.27,us,5.78,1.991,0.158,12
-2.9308,129.5978,20.9,4.5,33,86.0,2.641,0.55,us,8.06,5.7,0.106,26
36.6789,71.3884,155.622,4.3,44,165.0,1.85,0.53,us,8.83,9.805,0.09,35
53.0021,161.2123,26.808,4.3,59,128.0,1.548,0.61,us,11.18,6.066,0.08,44
1.6669,97.3284,40.706,4.1,18,186.0,0.437,0.61,us,12.25,9.793,0.14,16
21.5934,143.1209,304.108,4.5,171,124.0,5.544,0.58,us,11.4,7.826,0.043,158
-57.7983,157.68,10.0,4.4,34,102.0,3.383,1.01,us,12.02,1.927,0.104,27
51.6776,158.2914,71.792,4.1,17,134.0,1.366,0.77,us,7.4,9.379,0.175,9
-19.2936,-66.8751,245.363,4.5,59,57.0,2.219,0.81,us,8.04,7.016,0.039,190
-6.5808,129.754,143.866,4.4,12,113.0,2.05,0.49,us,12.56,9.408,0.179,9
52.2723,160.2989,23.026,4.8,86,133.0,1.79,0.57,us,11.27,5.651,0.066,72
51.4375,159.3951,10.0,5.0,84,123.0,1.653,0.86,us,8.82,1.888,0.064,78
-41.3503,-75.3033,10.0,4.4,24,141.0,2.049,0.75,us,9.03,1.922,0.144,14
50.0555,155.9105,89.467,4.2,33,135.0,3.254,0.56,us,10.53,8.162,0.113,22
50.4604,157.8554,30.288,4.8,38,131.0,2.614,1.04,us,11.44,6.421,0.097,33
-15.6083,-177.3831,422.541,4.4,123,63.0,3.239,0.73,us,11.85,6.677,0.044,146
50.9849,158.6593,35.0,5.4,61,81.0,2.042,0.57,us,6.5,1.634,0.092,40
52.4138,160.1102,51.517,4.2,25,166.0,1.623,0.63,us,13.34,9.04,0.132,17
-38.1828,176.317,176.613,4.4,25,64.0,0.63,0.45,us,4.32,6.191,0.169,10
-63.6835,172.6283,10.0,4.5,22,86.0,14.307,0.55,us,10.72,1.899,0.124,19
45.178,150.1279,63.248,4.4,66,134.0,5.427,0.65,us,10.52,7.586,0.081,44
49.746,155.8336,57.438,5.0,93,66.0,3.563,0.81,us,10.59,5.753,0.027,429
52.1476,159.7059,36.363,4.7,49,159.0,1.088,0.88,us,11.5,8.564,0.078,49
-5.4,152.2663,35.0,4.3,36,177.0,1.112,0.6,us,9.16,1.976,0.094,32
52.441,160.4984,10.0,4.3,16,209.0,1.266,0.77,us,10.03,1.999,0.147,13
-33.7505,-179.3787,35.0,4.2,17,189.0,4.244,0.94,us,12.1,1.517,0.152,12
20.9127,121.0522,26.785,5.1,131,77.0,1.896,0.62,us,8.65,5.363,0.052,121
-59.1087,-25.5829,84.863,5.2,58,75.0,7.704,1.11,us,12.39,6.426,0.071,65
50.7947,158.8605,18.599,4.9,97,130.0,2.236,0.66,us,8.89,4.737,0.04,202
-7.1826,128.1258,223.536,4.0,29,60.0,4.593,0.52,us,9.74,8.012,0.15,12
34.9271,26.6098,10.0,4.3,51,154.0,0.766,0.91,us,6.25,1.902,0.077,48
-50.7727,-27.8732,10.0,4.6,17,118.0,6.323,0.52,us,14.26,1.9,0.173,10
-29.6146,-176.6915,10.0,4.6,12,133.0,8.955,0.85,us,13.4,1.902,0.193,8
52.5145,160.8117,8.71,4.6,120,116.0,1.409,0.61,us,5.67,4.678,0.043,164
-3.7962,144.6459,10.0,4.2,16,98.0,3.227,0.62,us,9.27,1.932,0.167,10
-45.2025,-81.6384,10.0,4.4,14,146.0,7.247,0.82,us,14.96,1.464,0.17,10
-7.4337,106.715,74.788,4.3,32,100.0,0.928,0.94,us,5.35,6.745,0.09,35
34.329,7.478,10.0,4.5,51,94.0,2.076,0.94,us,9.0,1.879,0.071,58
-57.7704,157.628,10.0,4.6,17,106.0,3.361,0.87,us,13.18,1.914,0.141,15
-22.8279,-179.1866,523.472,4.5,57,110.0,5.682,0.91,us,13.68,8.086,0.081,45
37.0417,58.3061,10.0,4.5,52,106.0,0.899,0.95,us,5.87,1.896,0.082,44
-6.8749,125.3117,520.733,4.5,91,39.0,3.043,0.45,us,10.46,8.24,0.07,61
-47.3288,97.6416,10.0,4.4,12,157.0,20.688,0.62,us,11.14,1.946,0.17,10
51.316,159.9795,10.0,4.4,16,161.0,1.896,0.86,us,7.47,1.953,0.178,9
49.4791,158.7243,10.0,4.2,15,138.0,3.549,0.68,us,13.71,1.937,0.215,6
52.0231,160.4865,10.0,4.4,21,179.0,1.504,1.02,us,11.51,1.957,0.162,11
52.2812,159.8921,35.0,4.7,31,133.0,1.061,0.96,us,11.43,1.952,0.153,13
51.5092,159.4718,10.0,4.4,29,123.0,1.598,1.01,us,9.4,1.908,0.115,22
-19.75,169.6761,241.798,5.0,69,38.0,3.527,0.73,us,7.4,4.409,0.038,224
-21.0632,-68.3817,141.939,4.1,17,74.0,1.033,0.81,us,7.3,8.665,0.185,9
2.59,-31.1585,10.0,4.5,50,60.0,9.609,0.73,us,11.4,1.874,0.082,43
-23.9969,-66.7009,196.538,4.4,33,63.0,1.71,0.84,us,8.66,8.223,0.107,25
18.4849,145.0895,478.314,4.7,122,60.0,3.295,0.82,us,10.82,6.927,0.036,232
52.5217,160.6052,28.367,4.3,32,134.0,1.29,0.71,us,11.51,6.406,0.107,25
-7.5026,128.2246,158.743,4.3,31,73.0,4.508,0.58,us,8.13,8.002,0.107,25
53.1244,161.5648,24.129,4.6,92,104.0,1.761,0.84,us,8.71,5.149,0.063,75
-10.2715,161.2607,108.087,5.0,82,33.0,1.536,0.72,us,9.51,4.987,0.046,233
54.529,-159.884,35.0,3.6,39,196.0,0.348,0.66,us,4.88,1.976,0.223,5
-21.2037,168.5192,10.0,4.9,33,186.0,1.72,0.46,us,4.52,1.909,0.12,22
-47.7943,115.8814,10.0,4.5,17,128.0,14.885,0.67,us,9.59,1.921,0.144,14
54.5532,-160.1187,35.0,4.0,58,162.0,0.415,0.8,us,2.56,1.93,0.108,25
-57.7279,157.6139,10.0,4.9,31,106.0,3.322,0.83,us,10.21,1.832,0.108,27
-46.9887,166.036,15.241,4.5,22,98.0,0.935,1.14,us,6.66,6.319,0.156,13
9.3326,93.9986,10.0,4.5,28,178.0,5.584,0.67,us,12.24,1.936,0.118,21
49.9712,159.7477,10.0,4.6,31,191.0,3.132,0.95,us,9.63,1.943,0.067,66
-22.2542,-68.4574,112.746,4.4,32,94.0,0.741,0.95,us,5.93,6.441,0.13,17
10.5892,-42.6348,10.0,4.3,21,55.0,11.309,0.68,us,11.32,1.631,0.133,16
12.3665,145.3511,10.0,4.4,31,97.0,1.303,0.53,us,9.3,1.918,0.115,22
50.1493,156.6863,65.711,4.3,22,179.0,3.03,0.42,us,12.95,10.502,0.133,16
54.5574,-160.0239,35.0,4.0,54,193.0,0.373,0.93,us,3.25,1.93,0.298,5
36.9307,21.6114,30.643,4.5,67,119.0,0.352,0.41,us,7.28,6.016,0.084,41
53.7059,160.6066,43.516,4.2,13,176.0,1.357,0.41,us,12.42,14.876,0.215,6
55.0413,163.3843,26.848,4.1,46,159.0,3.447,0.91,us,13.55,6.66,0.086,37
-17.4292,-70.3691,119.172,4.2,22,126.0,0.863,0.91,us,6.91,7.185,0.136,15
-14.6748,166.828,10.0,4.4,23,139.0,0.849,0.76,us,9.23,1.926,0.126,18
39.5838,143.5899,10.0,5.1,178,60.0,2.279,0.49,us,7.34,1.799,0.037,236
52.425,160.8157,10.0,4.3,14,151.0,1.447,0.83,us,7.59,1.965,0.188,8
52.6312,160.6671,30.242,4.5,29,137.0,1.285,0.82,us,13.58,6.359,0.135,16
51.669,159.8957,21.378,4.6,53,126.0,1.557,0.73,us,8.14,5.717,0.074,57
7.2465,-73.3228,127.636,4.1,19,84.0,2.584,0.86,us,6.31,12.337,0.184,8
-60.9605,-38.8132,10.0,4.9,32,70.0,6.81,0.96,us,10.43,1.909,0.102,30
-6.5081,143.433,10.0,4.2,38,99.0,3.878,0.79,us,9.16,1.885,0.102,27
52.2073,160.4286,44.12,4.0,22,123.0,1.358,0.6,us,7.07,7.932,0.125,17
-55.9421,-27.8538,106.301,5.1,57,69.0,5.227,1.16,us,10.7,5.996,0.071,64
30.2167,51.95,10.0,4.5,55,62.0,6.466,0.68,us,9.66,1.881,0.089,37
-58.1885,-15.9097,10.0,5.1,84,56.0,12.081,0.51,us,10.7,1.369,0.066,75
9.357,93.9629,10.0,5.0,156,19.0,2.58,0.56,us,6.47,1.739,0.05,137
-39.7842,-75.1812,10.0,4.2,16,191.0,1.355,0.56,us,5.54,1.949,0.304,3
35.5966,140.1057,70.015,4.5,48,130.0,1.803,0.84,us,7.75,7.222,0.048,126
53.1416,160.1562,53.071,5.0,197,52.0,0.916,0.82,us,8.17,5.43,0.031,332
-59.6557,-26.3712,63.514,4.5,20,116.0,7.712,0.6,us,15.73,11.328,0.124,20
-24.8401,69.8313,10.0,4.9,55,82.0,7.834,0.93,us,4.47,1.87,0.084,45
51.9585,160.4532,42.798,4.2,15,154.0,1.534,0.72,us,12.8,11.21,0.16,11
-9.4642,155.6151,10.0,4.3,14,127.0,6.259,0.59,us,12.27,1.761,0.168,10
50.1152,157.1579,36.368,4.9,86,136.0,3.016,0.59,us,11.47,6.972,0.034,274
52.4628,160.6428,10.0,4.3,29,159.0,1.335,1.15,us,9.98,1.966,0.11,23
18.6925,144.8485,10.0,4.2,23,109.0,3.548,0.94,us,15.1,1.908,0.153,13
4.3115,127.6385,124.434,4.1,19,118.0,2.193,0.46,us,12.65,9.114,0.184,10
-32.3033,-71.1697,81.874,4.1,31,149.0,0.307,0.53,us,3.5,5.939,0.302,3
49.1483,156.5494,35.0,4.2,14,194.0,4.031,0.59,us,13.37,1.96,0.236,6
51.2543,-174.8171,10.0,4.0,65,190.0,1.007,0.68,us,5.42,1.804,0.076,46
12.5505,142.3023,146.104,4.7,62,64.0,2.705,0.86,us,10.15,8.434,0.059,87
4.2511,128.4043,10.0,4.6,79,55.0,2.955,0.73,us,7.11,1.864,0.072,58
51.3993,158.7285,18.834,5.0,93,91.0,1.627,0.74,us,8.29,3.891,0.025,527
-17.952,168.0955,35.0,4.4,17,165.0,4.383,0.36,us,9.53,1.894,0.162,12
-5.2422,151.7219,78.563,5.0,56,86.0,1.133,0.56,us,8.81,5.591,0.07,64
39.2068,28.171,10.0,4.0,18,56.0,1.024,0.68,us,4.86,1.953,0.298,3
-14.9984,-176.4803,10.0,4.5,20,93.0,4.257,1.23,us,12.89,1.924,0.171,10
-7.2759,130.1164,38.596,4.3,19,124.0,4.821,0.77,us,13.46,8.036,0.161,11
43.1447,146.5868,36.519,4.8,71,132.0,2.773,0.59,us,8.15,7.233,0.051,118
28.4389,53.1078,10.0,4.0,16,168.0,4.447,1.0,us,9.29,1.971,0.144,13
7.3874,126.8234,75.105,4.2,16,158.0,1.274,0.65,us,10.24,8.909,0.159,11
49.4996,159.0815,10.0,4.3,29,132.0,3.539,0.38,us,3.63,1.9,0.148,16
-6.2054,151.528,10.0,5.0,66,59.0,2.099,0.9,us,8.78,1.856,0.048,138
-23.0889,-66.7635,197.346,4.5,55,52.0,1.311,1.33,us,8.31,6.764,0.079,47
52.895,159.8513,65.03,5.0,188,77.0,0.738,0.69,us,8.97,5.078,0.024,539
51.8525,158.5231,88.695,4.5,57,133.0,1.175,0.46,us,11.25,7.364,0.074,53
52.955,159.2868,65.128,4.2,65,118.0,0.391,0.73,us,10.76,6.875,0.067,62
39.2805,143.3255,10.0,4.2,29,148.0,2.299,0.7,us,7.93,1.934,0.136,15
-37.7905,50.0346,10.0,4.4,24,72.0,8.739,0.54,us,10.94,1.872,0.12,20
35.998,137.4035,10.0,4.3,31,133.0,0.395,0.68,us,3.03,1.914,0.143,14
46.5109,155.5768,10.0,4.4,22,97.0,6.745,0.85,us,12.72,1.913,0.144,14
39.4367,143.4847,10.0,4.3,15,135.0,2.295,0.78,us,9.77,1.937,0.239,5
-25.0409,-176.5324,35.0,4.4,18,140.0,4.368,0.27,us,9.67,1.915,0.162,11
65.7888,-37.771,10.0,4.8,69,72.0,5.305,0.66,us,9.98,1.904,0.031,316
49.6322,155.4731,10.0,4.2,29,186.0,3.75,0.59,us,13.42,1.975,0.118,20
21.2891,101.6636,10.0,4.3,38,67.0,1.603,1.07,us,6.66,1.875,0.126,18
16.3948,40.97,10.0,4.4,35,104.0,3.765,0.38,us,10.22,1.937,0.105,26
29.3941,130.4834,35.308,4.4,28,123.0,2.108,0.77,us,8.65,6.781,0.134,16
52.0852,160.5072,10.0,4.6,84,64.0,1.473,0.72,us,8.35,1.864,0.064,73
38.2452,75.6079,112.706,4.7,98,168.0,2.458,0.82,us,7.66,7.822,0.064,75
50.1142,157.2083,35.0,4.6,80,115.0,3.014,0.61,us,9.03,1.88,0.056,94
36.1018,70.264,130.177,4.0,28,157.0,1.833,1.15,us,9.42,13.864,0.212,6
-21.4329,-66.814,212.454,4.5,91,55.0,1.971,0.67,us,6.67,7.025,0.049,123
51.3432,159.6046,10.0,4.4,20,221.0,1.782,0.49,us,7.87,1.926,0.162,11
51.9854,160.4228,39.875,4.3,22,138.0,1.502,0.66,us,9.24,8.312,0.133,16
25.0849,141.6249,10.714,4.2,12,168.0,2.065,0.86,us,15.61,5.808,0.167,10
56.4829,113.4066,10.0,4.3,23,109.0,7.487,0.9,us,9.71,1.932,0.153,12
43.4404,-126.8241,10.0,4.1,42,211.0,2.04,0.91,us,8.48,1.982,0.185,8
-22.5252,-68.5918,108.198,4.6,89,34.0,0.571,0.84,us,5.0,4.966,0.064,78
49.4373,158.4165,10.0,4.4,17,232.0,3.594,0.98,us,9.48,1.95,0.163,11
50.7677,158.3223,29.636,4.2,47,130.0,2.268,0.56,us,7.91,6.422,0.09,34
-59.3012,-60.2417,10.0,4.8,30,113.0,5.776,0.63,us,10.53,1.915,0.095,38
-12.5965,-14.8284,10.0,4.5,20,105.0,4.657,0.65,us,7.86,1.914,0.135,16
19.1898,121.2637,29.92,4.9,83,105.0,3.614,1.02,us,9.8,5.475,0.051,119
51.253,-174.8606,10.0,3.7,28,226.0,0.99,0.81,us,3.16,1.974,0.168,9
-18.3721,-71.3946,34.616,4.6,32,137.0,1.0,1.24,us,6.81,5.57,0.119,23
63.8894,-22.9589,10.0,4.3,42,112.0,1.117,0.94,us,8.89,1.931,0.095,31
5.1535,126.3407,87.097,4.1,20,141.0,0.955,1.04,us,10.54,8.711,0.145,13
-31.2441,-69.0682,115.025,4.1,33,122.0,0.454,0.78,us,4.19,5.251,0.214,6
-5.7317,148.9108,152.01,4.4,32,80.0,3.411,0.52,us,8.38,8.094,0.112,23
43.5793,147.9402,35.0,4.3,22,137.0,3.851,0.53,us,12.26,1.945,0.129,17
-41.214,-91.1994,10.0,4.4,14,192.0,12.391,0.34,us,16.77,1.974,0.162,11
-23.4317,178.9877,575.858,4.5,27,171.0,5.725,0.72,us,7.15,8.81,0.132,18
33.1712,-39.6429,10.0,4.7,21,94.0,12.386,0.79,us,11.72,1.806,0.137,16
-24.5919,179.8478,521.261,4.3,25,188.0,7.016,0.73,us,15.71,17.366,0.119,20
51.6647,159.923,10.0,4.4,36,218.0,1.569,0.77,us,10.43,1.961,0.1,29
3.0679,-31.4528,10.0,4.9,174,53.0,9.89,0.55,us,10.64,1.822,0.042,177
12.6595,143.1289,125.891,4.5,45,67.0,1.93,0.52,us,11.66,8.77,0.093,34
-6.1493,124.299,619.672,4.3,71,29.0,1.979,0.93,us,9.44,6.272,0.079,46
-18.1477,-178.3075,536.568,4.5,57,86.0,2.771,0.54,us,12.73,7.83,0.078,48
36.9786,71.2215,126.644,4.3,22,200.0,1.667,0.63,us,8.14,11.206,0.216,6
39.5444,143.5849,31.799,4.7,92,134.0,2.297,0.54,us,7.84,5.577,0.068,66
52.7286,160.5232,10.0,4.8,31,110.0,1.173,1.28,us,5.66,1.839,0.101,30
49.7391,157.562,10.0,4.5,88,134.0,3.359,0.72,us,9.91,1.881,0.055,96
43.4984,-127.4214,10.0,3.5,78,212.0,1.772,0.78,us,10.01,2.002,0.201,6
-20.4784,-177.9309,496.735,4.0,19,171.0,4.732,0.43,us,15.65,11.935,0.138,15
39.1705,145.3626,10.0,4.4,20,153.0,3.3,0.62,us,8.15,1.835,0.203,7
8.6313,-103.4518,10.0,4.1,34,215.0,10.07,0.56,us,14.26,1.993,0.099,28
65.8577,-37.4704,10.0,4.4,99,128.0,5.4,0.57,us,8.5,1.93,0.058,86
-38.0854,-74.0264,10.0,4.3,31,188.0,1.852,0.36,us,8.17,1.953,0.218,6
52.7805,160.2293,35.0,4.5,55,150.0,0.987,0.57,us,5.43,1.935,0.08,46
-58.0595,-24.6223,10.0,5.2,108,39.0,7.625,0.69,us,10.26,1.778,0.06,92
50.3522,159.1485,10.0,4.9,178,134.0,2.693,0.74,us,8.43,1.884,0.044,160
39.1655,28.2881,10.0,4.1,18,70.0,1.08,0.58,us,5.32,1.977,0.302,3
27.5908,56.1931,10.0,4.1,16,135.0,2.635,0.82,us,14.37,1.951,0.158,11
17.5648,145.5746,176.024,4.3,16,103.0,2.32,0.67,us,10.44,9.292,0.153,13
34.7697,141.8354,10.0,5.1,66,123.0,2.355,0.71,us,7.92,1.865,0.037,234
-19.5757,-68.9497,122.804,4.5,27,63.0,0.248,0.97,us,3.94,4.324,0.14,15
18.9676,145.4429,248.09,4.5,130,96.0,3.721,0.76,us,10.35,7.424,0.046,140
-56.8896,-142.2559,10.0,4.5,12,154.0,28.009,0.37,us,13.91,1.932,0.163,14
-23.8735,-179.9338,530.336,4.2,30,69.0,6.382,1.04,us,9.73,10.37,0.115,21
60.686,-58.6764,10.0,4.3,44,127.0,5.149,0.87,us,9.59,1.886,0.08,44
-50.3231,112.5822,10.0,4.5,20,144.0,16.037,0.45,us,11.06,1.891,0.14,17
-60.1812,-47.4192,10.0,4.6,23,81.0,8.365,0.76,us,9.64,1.907,0.133,21
52.6665,160.7739,35.0,4.5,49,120.0,1.337,1.01,us,6.31,1.89,0.084,42
8.448,127.6638,10.0,4.6,47,127.0,2.478,0.73,us,8.31,1.893,0.093,34
-24.7352,179.6374,528.13,4.3,25,133.0,7.111,0.66,us,18.34,13.127,0.108,24
2.5853,-79.7833,10.0,4.3,41,161.0,1.589,0.64,us,7.59,1.736,0.104,26
-56.7236,-23.9957,10.0,5.1,28,189.0,7.503,0.91,us,15.03,1.965,0.112,26
52.7177,-34.7979,10.0,4.3,37,119.0,12.548,1.06,us,8.74,1.902,0.103,29
49.449,160.1193,10.0,4.4,39,139.0,3.696,0.93,us,11.86,1.908,0.101,28
54.5599,-159.8372,34.724,3.6,29,206.0,0.307,0.95,us,7.32,6.1,0.249,4
39.2466,28.1006,10.0,4.3,42,39.0,0.946,0.84,us,3.04,1.919,0.111,23
18.8363,146.39,10.0,4.3,11,167.0,3.621,0.97,us,15.54,1.959,0.177,9
26.9904,-44.3588,10.0,4.5,36,131.0,21.984,0.49,us,13.18,1.914,0.102,28
44.4939,147.3328,78.971,4.4,24,154.0,3.423,1.13,us,14.32,10.146,0.13,17
52.8181,161.0695,10.0,4.6,39,119.0,1.479,1.18,us,10.39,1.898,0.085,41
51.7662,160.4217,10.0,5.3,97,126.0,1.663,0.99,us,8.13,1.808,0.022,661
52.7724,160.8405,10.0,4.6,59,172.0,1.351,0.82,us,9.29,1.772,0.077,51
-21.3096,-67.1753,192.127,4.6,51,62.0,1.881,0.68,us,7.4,6.957,0.052,109
17.6947,-94.2824,182.557,4.7,82,94.0,0.363,0.92,us,6.58,5.794,0.04,190
14.2977,-93.9318,10.0,4.1,32,156.0,2.315,0.78,us,3.85,1.946,0.135,16
-22.1775,-179.6341,596.772,4.0,20,199.0,4.917,0.6,us,20.1,8.377,0.119,19
64.5247,-39.9652,10.0,4.2,50,138.0,4.201,0.62,us,7.38,1.511,0.065,66
50.9945,158.6141,48.463,4.3,50,138.0,2.032,0.68,us,8.77,7.594,0.093,33
-49.7175,163.7419,10.0,4.5,24,129.0,4.047,0.49,us,10.39,1.925,0.131,17
39.5266,143.5987,10.0,4.5,35,135.0,2.316,0.91,us,8.92,1.907,0.108,25
52.9154,160.7317,35.0,4.5,64,134.0,1.264,0.55,us,8.6,1.888,0.073,55
52.0258,-171.3369,35.0,3.6,68,190.0,1.156,0.72,us,6.93,1.993,0.064,62
-22.8151,-66.4749,258.607,4.3,24,132.0,1.577,1.4,us,9.81,7.92,0.142,14
-13.6775,-76.4345,47.252,5.0,103,137.0,1.726,0.7,us,6.85,7.287,0.03,367
7.4423,126.5296,103.392,4.5,24,85.0,1.013,0.75,us,9.62,8.559,0.127,18
6.76,-72.9658,165.882,4.1,13,167.0,2.332,1.09,us,13.58,17.407,0.233,5
-7.5437,128.7425,143.323,4.2,20,78.0,3.216,1.01,us,8.9,10.099,0.153,12
52.3542,160.3992,35.0,4.0,12,137.0,1.258,0.91,us,9.66,1.966,0.26,4
49.2109,156.415,35.0,4.1,17,138.0,3.985,0.68,us,8.11,1.894,0.184,10
52.3722,160.6769,26.021,4.9,66,122.0,1.395,1.0,us,8.58,5.452,0.044,165
-22.3438,171.5008,126.548,4.6,27,114.0,3.759,0.68,us,10.1,8.509,0.125,20
-1.9492,139.624,35.0,4.5,31,111.0,1.216,0.95,us,5.72,1.927,0.106,28
-22.0583,-68.6663,114.408,4.0,40,115.0,0.594,0.86,us,5.13,6.058,0.104,26
-4.7589,129.2347,205.022,4.1,25,55.0,3.519,0.68,us,8.38,10.151,0.185,8
-18.6977,-177.9528,627.115,4.4,42,136.0,3.375,0.39,us,11.84,9.888,0.086,39
-35.1947,-179.3481,10.0,4.2,22,235.0,3.027,1.01,us,12.29,1.992,0.147,13
52.2697,160.5661,10.0,4.6,71,131.0,1.39,0.93,us,10.78,1.908,0.072,58
-8.4443,-75.2197,128.399,4.8,44,110.0,3.866,0.66,us,10.61,7.663,0.056,98
-28.3435,-69.177,102.507,4.6,94,42.0,1.433,0.64,us,6.68,6.161,0.046,141
51.6098,159.5587,23.56,5.0,39,122.0,1.522,0.66,us,10.06,6.075,0.077,54
44.8164,150.2755,10.0,4.7,126,134.0,5.542,0.65,us,10.88,1.887,0.054,105
54.5954,-159.628,35.0,3.6,20,202.0,0.237,0.62,us,5.05,2.012,0.354,2
-17.9551,-177.8607,629.043,4.7,58,80.0,3.027,0.65,us,12.83,9.057,0.054,102
52.3932,160.5513,28.933,4.4,39,122.0,1.318,0.77,us,9.49,5.88,0.109,24
2.5584,96.0033,36.198,4.3,14,197.0,2.005,0.39,us,10.76,4.719,0.238,5
50.157,158.5795,10.0,4.6,40,136.0,2.871,0.61,us,10.39,1.903,0.095,33
29.1271,129.6342,10.0,4.2,29,113.0,2.477,0.39,us,7.86,1.913,0.136,15
51.3387,159.8203,10.0,4.4,23,129.0,1.835,1.01,us,10.04,1.9,0.156,12
42.3563,-126.9405,10.0,4.3,31,274.0,1.922,0.53,us,9.88,2.015,0.126,18
21.0837,121.9257,10.0,4.8,117,78.0,1.896,0.73,us,2.31,1.839,0.049,127
51.5437,159.2549,35.0,4.7,86,134.0,1.528,0.83,us,8.58,1.899,0.047,138
52.099,-171.166,35.0,3.6,19,211.0,1.661,0.7,us,7.4,2.006,0.151,11
53.5339,159.9458,72.524,4.0,48,134.0,0.931,0.46,us,12.21,7.763,0.077,46
52.6651,160.8154,47.196,4.1,51,134.0,1.362,1.07,us,11.82,7.493,0.084,39
30.0282,131.1112,35.0,4.6,73,136.0,1.581,0.84,us,7.27,1.918,0.071,59
29.314,130.5112,38.92,4.3,32,128.0,2.189,0.99,us,8.3,3.609,0.119,20
49.3741,155.5437,59.187,4.5,25,138.0,3.977,0.76,us,11.29,8.224,0.124,19
51.6219,159.9736,35.0,4.3,26,127.0,1.622,0.71,us,10.4,1.945,0.098,29
-3.3452,130.2644,10.0,4.9,65,23.0,2.026,0.88,us,6.34,1.824,0.056,100
13.7375,145.1242,130.189,4.2,21,97.0,1.622,0.61,us,13.52,8.304,0.136,15
-5.6947,146.1066,81.099,4.3,28,87.0,3.831,0.64,us,9.12,2.208,0.137,15
51.3358,159.2549,35.0,4.3,16,230.0,1.731,0.68,us,12.29,1.987,0.188,8
-55.7478,-27.1303,35.0,5.3,82,72.0,5.58,0.51,us,10.73,1.898,0.063,83
52.0477,158.9287,10.0,4.7,10,192.0,0.992,0.56,us,10.65,1.952,0.183,12
-20.6062,-66.723,231.896,4.6,54,43.0,2.326,1.04,us,7.84,7.393,0.057,92
15.9531,-96.6817,35.0,4.4,101,167.0,0.45,0.91,us,5.64,1.936,0.047,130
9.3928,93.9439,10.0,5.0,101,43.0,5.097,0.56,us,8.1,1.848,0.049,132
54.5381,-160.1758,35.0,3.8,54,158.0,0.449,0.98,us,3.45,1.951,0.147,12
51.7146,158.6554,35.52,4.4,63,125.0,1.311,0.76,us,8.4,7.625,0.071,57
54.2018,-163.1092,28.982,3.5,62,194.0,0.578,0.86,us,2.75,10.185,0.222,5
51.7974,160.0327,10.0,4.5,40,165.0,1.94,0.53,us,9.12,1.928,0.093,34
42.882,144.9575,104.464,4.4,130,133.0,1.589,0.43,us,9.06,6.952,0.045,139
-3.4221,140.2569,10.0,4.2,20,118.0,1.005,1.02,us,3.17,1.892,0.152,12
-18.1334,-178.3603,519.086,4.4,46,131.0,2.722,0.83,us,14.93,7.648,0.066,67
29.5759,51.466,10.0,4.6,49,69.0,6.248,0.89,us,8.99,1.871,0.061,81
-16.9023,-71.8889,133.309,4.0,20,283.0,2.076,0.65,us,14.07,12.223,0.232,5
-24.2635,-67.0219,186.192,4.5,37,70.0,1.682,0.54,us,8.72,8.333,0.094,33
52.8417,160.7858,10.0,4.0,18,120.0,1.306,0.62,us,9.2,1.881,0.156,11
51.8133,161.2857,10.0,4.3,33,214.0,2.018,0.72,us,5.18,1.988,0.116,21
-17.778,167.9642,35.0,4.2,19,179.0,2.43,0.66,us,10.66,1.969,0.147,13
-6.652,131.1086,54.233,4.3,8,153.0,2.431,0.33,us,15.0,8.996,0.306,3
35.4405,22.9721,59.444,4.0,35,184.0,1.93,1.17,us,4.4,8.752,0.102,26
27.6084,128.7244,39.438,4.5,62,87.0,0.868,0.98,us,5.66,8.319,0.085,41
43.601,147.8963,35.0,5.0,121,134.0,3.83,0.92,us,5.45,1.915,0.055,105
54.4878,-159.8641,35.0,3.2,25,159.0,0.379,0.84,us,2.73,1.993,0.215,5
23.7585,90.4588,10.0,4.3,31,172.0,4.842,0.81,us,12.37,1.936,0.122,19
-11.0719,163.5732,10.0,4.4,20,127.0,3.92,1.2,us,8.88,1.964,0.149,13
50.625,158.9095,17.599,4.8,136,76.0,2.407,0.56,us,7.69,2.796,0.042,175
52.2464,160.6859,37.754,4.0,17,161.0,1.465,1.0,us,12.65,8.828,0.164,12
-33.5175,-178.8855,39.498,4.0,19,238.0,4.639,1.01,us,13.72,8.697,0.139,14
6.7107,126.8745,85.27,4.7,30,133.0,1.335,0.66,us,10.51,3.87,0.106,27
4.1883,126.6831,46.327,4.2,12,171.0,1.317,0.76,us,12.66,10.5,0.176,9
-17.3112,66.2755,10.0,4.9,64,71.0,18.179,0.7,us,13.24,1.851,0.079,50
18.49,145.7644,212.268,4.1,12,156.0,3.231,0.89,us,17.41,12.205,0.213,6
41.8011,82.01,10.0,4.4,15,222.0,2.409,1.19,us,9.04,1.959,0.17,10
44.0448,-28.3804,10.0,4.5,59,121.0,6.637,0.42,us,11.25,1.898,0.064,72
51.2234,159.5467,10.0,4.1,23,135.0,1.886,0.82,us,11.67,1.932,0.117,20
37.692,144.136,10.0,4.7,139,125.0,3.905,0.7,us,8.65,1.871,0.051,118
13.5341,-91.6326,32.216,4.1,30,240.0,1.022,0.78,us,9.5,9.299,0.107,24
28.117,140.6942,184.387,4.3,35,138.0,1.668,0.62,us,12.38,9.856,0.111,23
-17.275,-69.5359,166.067,4.3,42,109.0,0.317,1.02,us,7.94,2.718,0.084,40
50.9991,159.3177,10.0,4.5,28,130.0,2.069,0.57,us,7.47,1.902,0.109,25
52.877,160.2527,35.0,4.1,9,219.0,0.981,1.02,us,15.98,2.015,0.234,6
-17.6887,168.1436,42.788,4.4,18,188.0,2.404,0.76,us,10.74,7.922,0.155,12
51.0919,158.7089,35.0,4.3,21,185.0,1.935,0.8,us,12.92,2.002,0.143,14
13.7827,144.7929,159.547,4.3,21,97.0,0.206,0.7,us,7.89,2.767,0.142,14
50.6407,157.067,69.815,4.4,66,136.0,2.502,0.54,us,11.58,8.292,0.073,54
7.0967,126.9094,69.917,4.8,60,109.0,1.321,1.08,us,9.26,7.137,0.059,90
-57.1605,-67.1881,10.0,4.7,30,135.0,16.585,0.57,us,15.85,1.9,0.123,20
-17.9591,-178.4971,567.58,4.4,61,80.0,2.515,0.75,us,12.21,6.424,0.067,64
-17.0538,-174.0498,124.34,4.4,25,122.0,18.258,0.76,us,14.46,7.49,0.114,22
51.929,160.4993,10.0,4.4,18,135.0,1.575,1.04,us,12.0,1.937,0.189,9
55.2584,110.3102,10.0,4.3,23,88.0,4.556,0.94,us,5.64,1.929,0.129,17
-44.9441,167.4099,105.786,4.3,21,90.0,0.457,0.51,us,5.27,5.314,0.188,8
14.8937,146.2361,82.858,4.5,103,102.0,0.547,0.87,us,8.44,6.076,0.057,90
51.1476,178.1887,10.0,3.2,19,297.0,0.736,0.96,us,3.76,1.876,0.241,4
53.1752,171.4114,44.019,4.2,92,143.0,1.686,0.59,us,10.52,10.404,0.061,75
51.3484,159.7882,13.223,4.6,82,128.0,2.181,0.88,us,8.86,4.936,0.067,67
10.9916,138.592,10.0,4.5,17,146.0,5.446,0.46,us,6.79,1.923,0.15,13
18.6719,145.3867,208.086,3.9,20,125.0,3.434,0.45,us,9.97,10.21,0.149,12
17.2366,19.5868,10.0,4.4,24,247.0,14.318,0.39,us,8.41,2.012,0.126,18
50.4576,157.2437,35.0,4.6,60,135.0,2.67,0.88,us,11.09,1.912,0.036,228
50.4624,-173.5231,10.0,3.9,45,199.0,1.792,0.86,us,7.18,1.958,0.066,61
25.9012,128.4819,10.0,4.3,25,80.0,0.95,1.14,us,5.84,1.92,0.178,9
54.5463,-160.2427,35.0,3.4,52,184.0,0.475,1.15,us,4.87,1.717,0.219,5
6.09,94.9211,10.0,4.5,40,107.0,2.19,0.72,us,8.14,1.851,0.106,27
-34.6811,-73.8003,10.0,4.4,30,139.0,2.08,0.82,us,7.46,1.9,0.139,15
-8.5712,111.0566,117.464,4.1,20,91.0,1.631,0.48,us,5.87,8.559,0.175,10
39.7797,143.3081,37.034,4.2,26,155.0,1.991,0.73,us,7.5,8.767,0.175,11
-7.619,128.3248,112.911,4.2,13,104.0,4.538,0.91,us,8.7,11.228,0.235,5
41.192,78.5358,10.0,4.8,69,94.0,1.311,0.81,us,6.08,1.864,0.054,104
39.932,77.2645,10.0,4.4,31,118.0,1.954,1.39,us,5.75,1.917,0.143,14
69.734,-15.8382,10.0,4.5,37,58.0,2.223,0.89,us,7.84,1.734,0.1,29
-24.3448,179.9654,529.15,4.2,37,113.0,5.249,0.8,us,14.0,7.509,0.084,40
6.7524,-72.9558,162.717,4.3,36,121.0,2.331,0.84,us,9.04,7.851,0.089,36
51.6779,160.0257,10.0,4.4,92,113.0,1.59,0.8,us,8.54,1.862,0.064,70
52.2495,160.422,25.376,4.3,25,123.0,1.868,0.99,us,10.14,6.38,0.142,14
50.5285,156.9016,57.476,4.2,20,135.0,2.631,0.71,us,12.39,8.437,0.147,13
-61.1895,-36.1611,10.0,4.4,14,118.0,6.928,0.93,us,11.55,1.812,0.162,11
13.7451,-90.3911,94.68,4.3,55,160.0,3.034,0.65,us,9.24,4.667,0.08,44
51.4654,159.6286,28.466,5.1,158,116.0,1.672,0.65,us,7.59,4.79,0.037,240
-58.0191,-25.0111,35.0,4.6,28,55.0,7.42,0.67,us,8.2,1.881,0.128,18
-7.7519,128.312,89.733,4.5,29,83.0,3.578,1.0,us,6.48,7.903,0.128,18
-36.939,-73.7837,20.99,4.4,59,105.0,2.242,0.53,us,6.87,5.61,0.084,47
28.0769,139.8114,424.572,4.0,103,57.0,2.322,0.75,us,10.82,7.366,0.058,88
52.6829,160.0952,43.301,4.3,27,203.0,0.94,0.65,us,8.79,9.345,0.133,16
7.1631,127.1404,54.048,4.4,29,115.0,1.552,1.23,us,9.79,3.463,0.117,21
-4.1671,140.3994,35.698,4.1,16,157.0,1.447,1.13,us,5.39,6.668,0.15,12
-3.554,153.9602,400.002,4.2,15,99.0,1.901,0.57,us,11.8,7.832,0.2,7
-19.9329,-69.3401,103.094,4.3,18,133.0,0.271,0.64,us,6.33,3.687,0.238,5
29.3517,129.4191,10.0,4.5,66,90.0,2.328,0.37,us,6.42,1.837,0.073,55
-24.2712,179.736,574.872,4.1,19,99.0,5.375,0.54,us,15.13,11.072,0.145,13
51.2113,159.4212,10.0,4.3,24,211.0,1.876,0.73,us,6.1,1.969,0.129,17
-5.5903,148.9087,187.15,4.3,81,68.0,3.528,0.72,us,8.68,7.193,0.062,74
19.1428,99.1609,10.0,4.2,15,101.0,0.712,0.59,us,4.33,1.609,0.2,7
-60.7713,-51.9006,10.0,4.7,38,67.0,6.864,0.67,us,5.14,1.812,0.126,19
54.5047,-159.8347,33.397,4.4,59,161.0,0.357,0.82,us,5.05,5.076,0.106,26
1.9255,-30.7366,10.0,4.5,35,82.0,19.923,0.61,us,13.47,1.904,0.099,30
53.2307,160.8716,35.0,4.7,76,116.0,1.355,0.63,us,9.73,1.907,0.06,83
39.4977,143.3376,10.0,4.5,31,97.0,2.168,0.86,us,7.7,1.894,0.131,17
-57.7953,-25.8527,103.959,4.4,20,94.0,6.918,0.57,us,13.09,2.626,0.134,19
19.8745,121.273,25.101,4.6,40,105.0,2.934,0.99,us,9.19,6.324,0.111,24
52.3404,160.6815,10.0,4.3,30,149.0,1.413,0.71,us,9.39,1.949,0.122,19
51.3017,159.834,10.0,4.5,61,128.0,1.872,0.72,us,9.02,1.889,0.075,53
37.9542,20.9645,66.039,4.2,29,163.0,1.087,0.7,us,6.54,6.204,0.167,10
-6.9438,127.6592,278.859,4.2,33,66.0,4.366,0.56,us,8.64,10.597,0.132,17
52.0078,159.3186,35.0,4.2,20,222.0,1.096,0.8,us,5.7,1.991,0.147,13
-60.4174,-62.4535,10.0,4.9,29,128.0,4.435,0.94,us,7.95,1.765,0.116,23
49.8296,155.7817,87.635,4.4,120,133.0,3.495,0.44,us,9.99,7.112,0.051,110
-22.4798,173.5484,10.0,4.3,14,136.0,5.642,0.69,us,11.49,1.896,0.168,10
25.124,91.7482,10.0,4.2,22,103.0,8.157,0.67,us,15.08,1.915,0.128,17
53.2139,160.1316,58.5,4.8,78,134.0,0.913,0.6,us,9.07,6.748,0.054,107
52.7317,160.2068,36.513,4.2,36,150.0,0.988,0.81,us,11.91,10.061,0.11,23
-19.0163,-174.7653,93.302,4.8,63,85.0,4.576,0.88,us,11.59,7.239,0.033,287
54.6425,-160.304,35.0,4.6,45,161.0,0.455,1.15,us,5.8,1.936,0.089,38
51.8197,160.4602,35.0,4.2,23,164.0,1.638,0.79,us,10.8,1.993,0.136,15
50.0822,157.2741,30.003,4.3,34,132.0,3.042,0.8,us,5.69,5.538,0.104,26
29.9855,131.0793,34.786,4.5,39,135.0,1.612,0.45,us,8.07,6.279,0.121,20
49.1345,156.2091,21.4,4.9,252,42.0,4.088,0.61,us,8.17,4.19,0.032,310
54.5247,-160.1524,38.47,4.1,83,159.0,0.448,0.55,us,5.99,8.781,0.111,26
43.7625,-28.7597,10.0,4.8,132,54.0,4.748,0.62,us,9.32,1.876,0.05,123
52.9781,160.5487,35.0,4.1,18,119.0,1.148,0.77,us,5.36,1.942,0.174,9
49.9329,157.3474,27.075,4.6,54,136.0,3.187,0.47,us,10.99,5.716,0.05,122
-4.3852,35.1531,10.0,4.6,18,132.0,3.518,0.66,us,7.14,1.954,0.165,11
51.3019,159.2558,10.0,4.5,21,180.0,1.764,0.35,us,10.97,1.967,0.156,13
51.4793,160.908,10.0,4.2,26,129.0,2.078,0.38,us,6.26,1.883,0.112,22
49.2785,155.3187,67.254,4.5,41,137.0,4.116,0.46,us,4.23,7.897,0.081,44
49.7936,155.8633,69.691,4.6,55,135.0,3.512,0.33,us,12.34,7.44,0.05,122
39.3819,143.4882,10.0,5.1,80,95.0,2.331,0.58,us,7.52,1.852,0.037,236
-15.8161,-72.4661,98.716,4.8,63,121.0,3.253,0.8,us,9.12,7.248,0.062,80
18.2699,145.4569,493.731,4.0,29,98.0,3.029,0.52,us,17.63,11.59,0.106,24
54.6479,-160.2117,23.48,4.2,76,152.0,0.405,0.99,us,5.57,7.681,0.159,11
51.3512,159.5502,10.0,4.4,28,128.0,1.764,1.16,us,9.86,1.914,0.107,25
37.4354,144.662,10.0,4.3,34,153.0,4.364,0.96,us,11.29,1.952,0.109,24
51.1478,159.3957,10.0,4.5,18,104.0,2.225,0.72,us,12.66,1.903,0.144,14
60.5674,-140.1995,5.0,4.2,45,90.0,0.472,0.91,us,4.18,1.91,0.236,5
52.0317,161.5645,10.0,4.2,37,138.0,2.039,0.53,us,11.95,1.909,0.103,26
12.8502,125.6189,10.0,4.4,38,94.0,5.744,0.62,us,10.57,1.894,0.1,29
-19.081,-177.6101,559.298,4.2,38,88.0,3.87,1.15,us,14.36,8.306,0.096,30
53.2655,160.1198,59.522,4.4,127,120.0,1.465,0.48,us,8.98,6.127,0.05,117
-23.0918,172.3639,10.0,4.4,17,133.0,4.561,1.14,us,12.29,1.898,0.139,15
-11.2453,118.3198,10.0,4.9,32,105.0,2.461,1.03,us,6.28,1.89,0.101,31
50.3463,156.9091,54.086,4.2,23,131.0,2.809,0.67,us,7.89,8.465,0.167,10
52.6529,159.7852,73.655,4.1,18,141.0,0.782,0.68,us,12.58,8.445,0.151,12
52.511,160.0678,69.31,4.6,33,175.0,1.003,0.7,us,11.13,7.751,0.083,43
54.1281,-159.7374,10.0,3.6,108,166.0,0.71,0.82,us,4.94,1.943,0.151,11
-37.4434,51.3136,10.0,4.8,44,43.0,18.702,0.37,us,10.47,1.478,0.088,40
-33.1994,-179.7336,116.454,4.1,18,248.0,4.638,1.03,us,15.6,11.997,0.139,14
64.5125,-40.0663,10.0,4.2,30,90.0,4.164,0.65,us,6.93,1.762,0.124,18
43.4857,147.8117,35.0,4.0,20,187.0,3.73,0.56,us,13.95,1.966,0.156,11
-6.5557,129.9346,130.532,4.3,25,60.0,4.286,0.86,us,9.39,9.423,0.148,13
8.1476,58.7081,10.0,4.5,63,68.0,16.874,0.83,us,11.3,1.898,0.074,54
51.5588,160.0252,10.0,4.4,21,127.0,1.693,0.6,us,5.32,1.914,0.149,13
53.0959,161.4165,10.0,4.5,34,117.0,1.671,1.1,us,10.89,1.905,0.093,34
37.6443,20.8097,10.0,4.3,43,134.0,1.002,1.01,us,6.44,1.942,0.107,25
-18.885,-173.018,10.0,4.6,13,103.0,2.931,0.52,us,11.94,1.458,0.164,11
5.0984,123.5765,569.866,4.3,60,39.0,1.93,0.65,us,11.76,8.87,0.083,41
3.9122,125.921,143.154,4.4,36,103.0,0.927,0.79,us,10.98,7.07,0.101,28
52.4341,160.8231,29.902,4.2,15,205.0,1.447,0.55,us,13.74,9.798,0.176,9
-24.8468,-63.4487,574.308,4.3,106,31.0,4.722,0.78,us,10.81,7.067,0.059,81
-56.2848,-27.6462,8.952,4.4,18,79.0,5.436,0.8,us,11.89,3.795,0.131,17
52.2735,160.504,29.755,4.3,23,157.0,1.357,1.2,us,7.69,6.527,0.138,15
51.3206,159.6445,25.82,4.4,26,169.0,1.812,0.79,us,10.02,6.913,0.144,14
52.144,160.281,35.0,4.4,21,208.0,1.329,0.55,us,15.28,9.841,0.161,11
34.3744,16.3847,10.0,4.5,39,113.0,3.5,0.8,us,8.7,1.909,0.11,24
53.0767,161.0744,30.492,4.6,37,181.0,1.465,1.04,us,14.2,8.512,0.098,31
29.3306,129.4734,10.0,4.4,29,110.0,2.33,1.05,us,7.51,1.936,0.162,11
-21.1435,-11.4638,10.0,4.6,15,90.0,27.317,0.87,us,15.86,1.918,0.146,14
17.8001,40.1464,10.0,4.6,89,53.0,5.193,0.37,us,7.74,1.804,0.063,75
-18.9716,167.4547,10.0,4.7,28,80.0,3.226,0.94,us,8.48,1.901,0.117,22
51.3039,159.5142,10.0,4.2,19,189.0,1.803,0.56,us,11.08,1.98,0.159,11
52.1837,160.4573,25.466,4.9,166,96.0,1.386,0.52,us,9.1,5.656,0.04,191
-3.2815,140.9983,10.0,4.1,14,200.0,0.817,0.71,us,6.32,1.859,0.151,12
50.3131,158.2444,10.0,4.5,90,171.0,2.726,0.74,us,10.64,1.924,0.054,100
2.7818,128.5872,222.675,4.3,28,131.0,3.657,0.43,us,14.9,9.552,0.119,20
-5.5494,147.3749,197.913,5.0,111,30.0,3.483,0.94,us,6.42,4.518,0.039,220
42.4339,-126.5642,10.0,3.3,53,243.0,1.646,0.76,us,8.56,2.009,0.345,2
-24.0946,178.8141,568.857,4.4,32,113.0,6.358,0.8,us,13.22,11.771,0.112,23
-17.9316,-178.5544,601.529,4.2,53,124.0,7.644,0.56,us,7.0,9.11,0.067,61
-34.1106,179.1058,153.43,4.2,15,105.0,3.505,0.93,us,8.77,8.222,0.175,9
-58.8145,-26.4439,132.969,4.7,48,68.0,16.066,0.6,us,12.96,5.059,0.085,42
-11.8875,165.3115,10.0,4.6,32,110.0,3.987,0.82,us,8.94,1.862,0.078,49
52.3296,160.2624,35.0,4.4,42,122.0,1.743,0.69,us,8.93,1.914,0.101,28
-1.8217,139.2059,17.683,4.8,36,98.0,1.263,0.56,us,4.86,4.666,0.111,25
-24.4318,-67.2982,200.54,4.2,25,75.0,1.68,0.89,us,7.06,11.735,0.147,13
-27.1801,-177.7645,10.0,4.2,16,203.0,10.153,0.53,us,9.93,1.984,0.147,15
51.6184,159.9232,10.0,4.3,20,135.0,1.61,0.87,us,9.7,1.919,0.202,8
29.2292,129.1858,10.0,5.2,97,87.0,2.517,0.99,us,2.92,1.817,0.038,231
-6.4239,146.8437,47.489,4.6,71,42.0,2.978,0.52,us,7.43,7.24,0.077,50
52.2414,160.5389,10.0,4.4,34,137.0,1.392,0.86,us,8.18,1.658,0.1,29
50.5041,157.9105,35.0,4.4,35,131.0,2.564,0.82,us,10.39,1.94,0.084,41
5.936,125.905,120.417,4.6,81,51.0,1.172,0.99,us,6.01,6.229,0.076,52
-54.1547,-1.9643,9.972,4.6,9,109.0,17.587,0.43,us,16.23,4.146,0.183,9
-56.4232,-26.6999,76.216,4.5,15,130.0,5.98,1.01,us,15.78,10.914,0.144,14
36.8827,71.2557,107.854,4.7,140,63.0,1.73,0.63,us,6.32,6.74,0.052,113
50.0735,158.2095,10.0,4.4,29,134.0,2.967,0.67,us,11.06,1.926,0.114,22
54.3524,58.9495,10.0,3.7,15,89.0,2.066,0.93,us,6.45,1.692,0.251,4
49.5769,155.0091,103.902,4.7,38,96.0,3.917,0.81,us,5.84,7.583,0.108,28
50.4242,159.7308,10.0,4.4,40,136.0,2.688,0.63,us,10.98,1.918,0.065,69
-24.5984,-175.9865,35.0,5.0,36,127.0,4.955,0.74,us,10.55,1.868,0.054,115
53.5526,160.1191,61.365,4.4,56,114.0,1.029,0.57,us,10.05,7.669,0.072,55
18.7959,145.561,227.288,4.3,57,97.0,3.542,1.04,us,9.47,8.604,0.077,48
21.4488,96.0769,10.0,4.3,20,112.0,1.108,0.49,us,6.23,1.931,0.201,7
52.3102,160.6634,10.0,4.8,113,80.0,1.419,0.63,us,8.46,1.858,0.039,208
36.1147,70.419,107.879,4.2,77,87.0,1.911,0.88,us,6.67,7.511,0.069,63
29.2009,129.0443,10.0,4.2,34,103.0,2.453,1.16,us,6.67,1.904,0.125,18
51.766,159.844,10.0,4.0,37,137.0,1.456,0.83,us,10.87,1.924,0.108,23
-35.5931,-104.0645,10.0,4.9,51,96.0,9.564,0.78,us,8.92,1.812,0.058,93
-5.8358,148.5634,175.098,4.3,48,102.0,3.769,0.75,us,10.7,7.276,0.084,40
42.1361,80.6653,10.0,4.5,29,165.0,1.432,1.07,us,5.45,1.9,0.145,14
-16.5547,-69.9025,178.966,4.3,28,123.0,1.105,0.76,us,9.67,7.52,0.129,17
49.6716,157.6478,22.252,4.2,32,135.0,3.415,1.3,us,10.62,5.868,0.113,22
-20.8557,170.1036,149.342,4.3,18,208.0,3.026,0.67,us,15.11,14.136,0.154,12
13.5682,-92.4025,10.0,4.7,59,164.0,1.283,0.83,us,7.69,1.925,0.031,305
-22.5647,170.5517,10.0,4.9,45,108.0,2.87,0.56,us,9.99,1.9,0.092,37
-21.6104,168.9865,10.0,4.4,31,116.0,1.742,0.56,us,9.5,1.909,0.108,25
42.2532,144.5659,35.0,4.4,84,132.0,1.075,0.65,us,6.8,1.922,0.067,69
50.8744,158.6797,10.0,4.2,39,130.0,2.152,0.63,us,6.95,1.886,0.09,34
49.4802,157.8111,10.0,4.5,70,167.0,3.587,0.64,us,10.23,1.923,0.076,51
-23.5733,-179.8765,515.761,4.3,49,69.0,5.912,1.01,us,11.97,7.182,0.091,34
65.9215,-37.4413,10.0,4.3,37,127.0,5.392,0.69,us,8.24,1.942,0.091,34
53.7897,159.3919,106.921,4.7,98,118.0,1.215,0.78,us,10.48,6.404,0.037,218
52.0585,178.4925,157.232,3.7,36,131.0,0.114,0.82,us,14.96,10.175,0.097,27
12.8969,145.2843,10.0,5.0,110,98.0,0.799,0.58,us,6.84,1.827,0.06,90
48.6975,154.8069,71.578,4.2,64,132.0,4.78,0.71,us,11.29,7.888,0.074,51
42.756,145.8837,48.86,4.2,45,135.0,2.151,0.6,us,8.64,7.488,0.095,31
-37.265,177.0706,161.899,4.4,20,123.0,1.028,1.0,us,8.79,7.97,0.178,9
29.2848,129.559,10.0,4.9,59,121.0,2.348,1.2,us,7.03,1.856,0.04,197
-17.5279,167.8987,35.0,4.3,18,198.0,2.174,0.65,us,8.3,1.963,0.154,12
-44.4413,-80.2321,10.0,4.7,31,84.0,4.835,0.64,us,7.37,1.873,0.112,24
-14.9242,-75.7626,35.0,5.1,100,131.0,3.102,0.69,us,8.75,1.909,0.038,221
50.3453,158.7601,31.077,4.5,31,142.0,2.683,0.53,us,10.67,6.401,0.11,24
-24.4011,179.9318,532.128,4.1,23,188.0,6.851,0.52,us,21.96,20.975,0.109,23
52.2495,160.1122,46.225,4.9,42,121.0,1.181,0.94,us,9.15,7.379,0.097,40
9.126,126.8851,10.0,4.4,19,137.0,2.418,0.88,us,10.07,1.91,0.149,13
37.692,144.1293,10.0,4.9,107,125.0,3.902,0.67,us,8.93,1.871,0.037,226
52.1695,160.1852,35.0,4.4,49,186.0,1.268,1.1,us,11.9,1.962,0.082,43
-58.9949,-25.6535,35.0,4.3,22,88.0,19.205,0.59,us,14.49,1.954,0.114,22
-3.9403,99.2707,10.0,4.3,19,158.0,3.699,0.55,us,13.86,1.943,0.153,12
51.2138,159.782,10.0,4.1,16,306.0,1.942,0.83,us,15.63,2.005,0.166,10
49.6826,157.3207,10.0,5.4,128,79.0,3.439,0.89,us,8.03,1.832,0.022,705
3.4096,-31.4775,10.0,4.5,29,81.0,10.183,0.75,us,12.35,1.815,0.115,24
52.9309,160.621,35.0,4.6,20,138.0,1.195,0.46,us,9.46,1.804,0.151,13
-21.8724,179.7395,599.507,4.5,52,58.0,4.402,0.75,us,13.81,10.234,0.082,44
51.6021,159.3397,35.0,4.5,72,109.0,1.485,1.0,us,8.69,1.906,0.062,76
-37.4248,51.5607,10.0,4.6,35,81.0,23.682,0.57,us,15.32,1.86,0.116,22
-19.8008,-177.8295,572.2,4.3,21,122.0,4.244,0.46,us,14.23,10.808,0.129,17
36.241,142.206,10.0,4.7,36,97.0,3.239,0.98,us,5.48,1.875,0.097,32
3.8907,127.1954,42.911,4.5,43,106.0,1.905,0.35,us,4.37,7.538,0.099,30
51.4925,160.144,10.0,4.3,24,120.0,1.787,0.49,us,10.37,1.922,0.129,17
50.9438,159.9106,10.0,4.1,19,222.0,2.224,1.05,us,11.34,1.98,0.135,15
-22.6251,-66.3753,247.528,4.2,19,89.0,1.696,0.7,us,9.05,8.417,0.153,12
-24.7739,179.7681,513.574,4.1,18,147.0,11.115,0.6,us,19.55,18.352,0.135,15
52.8617,160.643,32.683,4.7,113,108.0,1.217,0.69,us,9.0,5.22,0.044,159
18.4277,120.7461,43.148,4.5,56,92.0,4.379,0.42,us,10.48,7.29,0.08,46
-6.1749,127.4623,411.927,4.5,45,83.0,2.934,0.59,us,11.97,9.109,0.089,37
51.5331,159.9652,10.0,4.5,27,127.0,1.697,0.91,us,10.25,1.925,0.109,25
50.4975,158.0582,24.453,4.8,204,97.0,2.624,0.61,us,10.22,4.308,0.041,195
3.364,117.7784,10.0,4.0,16,104.0,1.939,1.09,us,6.27,1.655,0.184,8
36.7419,73.0538,10.0,4.5,26,110.0,1.632,0.81,us,8.48,1.919,0.113,23
1.9862,126.7697,35.0,4.8,55,90.0,3.017,1.05,us,8.1,1.912,0.076,53
-1.6228,99.6909,37.364,4.6,13,194.0,3.595,0.66,us,8.92,9.92,0.207,7
53.4016,160.4736,55.504,4.4,53,112.0,1.16,0.5,us,11.92,6.95,0.083,42
-18.8939,-177.6713,598.301,4.1,25,87.0,3.705,0.65,us,15.46,4.768,0.126,17
-7.8505,114.7684,197.719,4.4,72,35.0,0.867,0.74,us,7.71,5.922,0.07,60
52.6587,160.8824,10.0,4.2,15,147.0,1.403,1.13,us,8.73,1.955,0.2,7
36.3077,77.0619,10.0,4.4,37,115.0,3.084,0.89,us,9.14,1.916,0.112,23
-59.8786,-27.8994,182.868,4.3,29,86.0,7.3,0.69,us,13.62,9.251,0.097,30
7.5619,127.1136,10.0,4.4,24,125.0,1.599,0.76,us,7.56,1.946,0.134,16
52.1609,159.9379,41.142,4.1,13,161.0,1.168,1.04,us,11.67,11.067,0.166,10
50.1825,158.911,10.0,4.9,70,126.0,2.85,1.0,us,8.0,1.873,0.048,138
50.9968,159.2593,10.0,4.5,41,123.0,2.064,0.87,us,10.47,1.924,0.088,38
6.0445,123.6804,556.761,4.3,71,54.0,2.144,0.82,us,11.09,8.542,0.073,54
-14.138,167.2447,196.569,4.4,31,161.0,1.302,0.92,us,14.67,7.759,0.106,27
0.6839,121.5206,100.351,4.4,59,38.0,0.852,0.77,us,5.97,5.583,0.084,41
-17.9312,-178.5335,597.459,4.3,49,122.0,2.47,0.74,us,10.39,7.507,0.043,153
-52.808,19.8841,10.0,4.3,11,162.0,20.427,0.51,us,15.61,1.988,0.177,9
52.6444,-174.7575,209.096,3.9,53,130.0,0.561,0.88,us,15.52,10.032,0.09,33
32.9098,-39.8434,10.0,4.4,40,131.0,20.853,0.92,us,13.59,1.918,0.086,39
-56.7459,-26.9389,138.477,4.9,69,68.0,5.959,0.74,us,11.08,6.153,0.062,82
3.1627,124.4304,321.44,4.5,80,87.0,1.756,0.7,us,7.82,6.185,0.061,78
51.7803,160.3074,10.0,4.5,91,129.0,1.607,0.61,us,9.97,1.906,0.057,90
-24.5497,-68.1048,135.332,4.2,23,78.0,1.481,0.46,us,6.73,7.725,0.153,12
-8.4001,112.9424,140.342,4.3,34,101.0,1.199,0.78,us,9.71,7.662,0.103,27
52.2002,161.3304,10.0,4.3,17,154.0,1.83,0.48,us,8.09,1.835,0.202,7
51.0955,157.9959,55.324,5.1,208,99.0,1.973,0.56,us,8.89,5.084,0.043,173
-32.7661,-178.1432,10.0,4.4,12,176.0,3.515,0.66,us,13.59,1.954,0.161,11
-6.5222,147.7812,67.214,3.8,13,186.0,2.929,0.88,us,13.89,9.472,0.18,9
49.831,157.0212,35.0,4.3,32,135.0,3.309,0.87,us,12.4,1.937,0.109,24
3.0847,-31.4127,10.0,4.6,22,86.0,20.227,0.74,us,13.45,1.898,0.128,21
52.4405,160.6459,10.0,4.1,34,134.0,1.347,0.52,us,11.53,1.919,0.111,22
