latitude,longitude,depth,mag,nst,gap,dmin,rms,net,horizontalError,depthError,magError,magNst
52.915,160.6201,35.0,4.3,15,170.0,1.196,0.81,us,9.34,1.987,0.201,7
40.5507,-126.1894,10.0,3.8,48,218.0,1.398,0.75,us,6.93,2.008,0.208,6
51.2059,157.562,74.273,4.2,53,120.0,1.907,0.75,us,8.94,7.064,0.079,50
18.0045,146.5169,79.812,4.4,66,107.0,2.835,0.48,us,11.99,3.084,0.072,56
-23.6016,-179.4998,534.399,4.4,16,188.0,6.261,0.38,us,15.12,21.066,0.17,12
28.2707,64.1769,40.876,4.5,115,79.0,7.866,0.61,us,9.66,6.913,0.053,103
51.727,159.6954,31.565,4.9,56,126.0,1.448,1.04,us,9.69,5.666,0.082,46
-29.9583,-177.1874,10.0,4.5,15,138.0,8.459,0.74,us,15.25,1.968,0.156,13
30.0261,69.8674,10.0,4.3,49,138.0,4.519,1.13,us,10.43,1.928,0.104,26
36.7419,73.0538,10.0,4.5,26,110.0,1.632,0.81,us,8.48,1.919,0.113,23
6.3761,126.5946,10.0,4.1,13,178.0,1.221,0.87,us,8.43,1.959,0.184,9
-4.9005,150.9605,251.285,4.7,89,53.0,1.391,0.7,us,8.29,6.478,0.034,257
48.8812,155.9025,35.0,4.6,40,137.0,4.382,0.85,us,12.46,1.937,0.095,33
49.7861,155.8326,74.104,4.1,41,135.0,3.526,0.57,us,12.16,8.072,0.076,47
-22.0283,-68.5443,117.636,4.0,22,84.0,0.688,0.77,us,4.84,7.517,0.149,12
37.8111,72.1989,187.016,4.2,33,168.0,0.549,1.39,us,4.99,6.05,0.176,11
48.7535,156.3324,10.504,4.5,53,137.0,4.445,0.81,us,9.18,5.169,0.074,54
-13.0448,166.3041,14.444,4.5,21,156.0,7.191,0.97,us,12.68,5.232,0.15,13
30.6523,107.094,13.2,4.5,23,117.0,6.005,0.23,us,12.9,3.996,0.145,14
51.0253,159.5001,10.0,4.3,14,229.0,2.069,0.42,us,9.82,1.975,0.188,10
-6.1946,130.5084,115.071,4.3,19,120.0,1.767,0.69,us,10.48,8.774,0.168,10
18.2905,146.2495,87.63,4.8,51,98.0,3.065,0.84,us,10.38,8.493,0.082,46
9.7118,93.6542,10.0,4.4,46,121.0,5.522,0.42,us,8.8,1.911,0.102,28
13.372,-90.3699,31.573,4.2,26,196.0,0.779,0.76,us,3.8,9.178,0.141,14
7.2969,127.3462,10.0,4.5,39,58.0,1.768,0.81,us,7.4,1.865,0.102,28
-55.142,-1.3455,10.0,4.4,13,121.0,16.606,0.51,us,7.23,1.919,0.148,13
-46.031,-16.2286,10.0,5.0,65,70.0,15.345,0.55,us,11.22,1.837,0.076,56
29.1549,129.0816,10.0,4.3,25,104.0,2.418,1.06,us,5.82,1.799,0.168,10
55.2446,162.0878,43.148,4.4,60,101.0,3.007,0.69,us,7.86,7.412,0.064,71
52.3724,160.6238,20.581,4.7,38,153.0,1.367,0.75,us,10.39,6.495,0.073,57
9.3716,93.9749,10.0,5.1,93,28.0,5.612,0.99,us,8.72,1.81,0.064,79
-61.1533,-35.4998,10.0,4.7,23,111.0,6.909,0.83,us,12.48,1.924,0.127,22
52.4625,160.4409,43.863,4.2,23,160.0,1.225,1.07,us,13.64,9.174,0.131,16
51.9383,159.4489,35.0,4.2,29,124.0,1.192,0.55,us,9.81,1.951,0.11,23
34.3899,89.4861,10.0,4.2,47,127.0,4.876,0.65,us,11.06,1.897,0.086,38
51.2537,157.5788,69.781,4.5,79,126.0,1.859,0.49,us,8.92,7.565,0.061,79
52.6529,159.7852,73.655,4.1,18,141.0,0.782,0.68,us,12.58,8.445,0.151,12
-27.8088,-66.3085,143.072,4.7,51,46.0,3.619,0.72,us,7.8,6.782,0.043,162
51.5085,159.3931,35.0,4.6,43,132.0,1.585,0.87,us,11.01,1.934,0.091,36
40.0254,143.5212,10.0,4.6,88,104.0,2.007,0.51,us,5.73,1.813,0.067,66
-17.9161,-178.2736,609.741,4.3,63,100.0,2.668,0.93,us,15.2,10.902,0.072,55
-22.5477,170.9152,35.0,4.7,30,107.0,3.206,0.61,us,7.44,1.945,0.115,23
38.45,73.6981,129.332,4.1,29,137.0,0.344,0.59,us,5.21,8.014,0.175,9
49.9891,157.6864,10.0,4.1,38,163.0,3.098,0.65,us,6.21,1.944,0.096,32
-22.7543,-175.0961,10.0,4.6,28,133.0,6.96,0.78,us,14.06,1.893,0.081,45
-7.1183,104.881,37.684,4.2,20,148.0,1.99,1.06,us,8.65,6.95,0.137,16
-24.308,-67.1961,187.741,4.2,29,60.0,1.623,0.91,us,9.52,10.516,0.167,10
42.6752,142.4844,127.539,4.3,37,100.0,0.827,0.59,us,7.38,8.157,0.107,25
40.6716,47.9972,10.0,4.4,27,79.0,1.63,0.58,us,4.92,1.921,0.112,23
50.7714,157.0498,69.999,4.8,74,122.0,2.375,0.73,us,9.44,6.71,0.03,342
52.7736,159.7536,62.569,4.3,62,60.0,0.714,0.7,us,6.11,7.171,0.073,53
-55.3315,-27.9668,26.371,4.6,45,58.0,5.04,0.92,us,11.84,4.892,0.099,35
50.1159,-129.7307,10.0,4.1,56,191.0,1.15,1.03,us,7.48,1.936,0.117,20
51.5091,156.5736,10.0,4.1,45,238.0,1.744,0.33,us,11.11,1.977,0.087,36
2.7818,128.5872,222.675,4.3,28,131.0,3.657,0.43,us,14.9,9.552,0.119,20
51.5604,159.3414,35.0,4.3,24,127.0,1.526,0.62,us,9.47,1.945,0.143,17
0.6016,122.2017,116.082,4.1,27,74.0,1.729,1.08,us,6.9,7.682,0.127,17
-22.9993,-69.2189,108.282,4.3,28,78.0,0.96,0.93,us,6.09,5.891,0.143,14
50.5233,156.8009,69.014,4.4,60,135.0,2.649,0.74,us,12.01,8.133,0.075,51
-0.2104,130.6163,10.0,4.9,48,47.0,0.913,0.95,us,6.35,1.887,0.074,57
51.2099,159.4249,10.0,4.5,18,138.0,1.878,0.71,us,12.22,1.934,0.144,14
52.2073,160.4286,44.12,4.0,22,123.0,1.358,0.6,us,7.07,7.932,0.125,17
7.1131,126.906,22.612,4.3,17,123.0,1.318,1.04,us,8.16,5.746,0.16,11
2.0506,126.7202,53.748,4.7,86,80.0,1.425,0.78,us,5.89,7.232,0.052,113
37.0973,140.4289,98.472,4.8,154,123.0,1.866,0.59,us,7.74,6.691,0.049,130
53.3691,159.9343,60.515,4.1,20,157.0,0.847,0.87,us,11.86,14.199,0.151,12
-57.6512,157.7609,10.0,4.7,36,98.0,3.229,1.04,us,10.67,1.913,0.085,42
49.8707,157.7339,10.0,4.8,106,134.0,3.209,0.75,us,10.52,1.889,0.056,100
53.0347,161.0127,35.0,4.4,35,199.0,1.427,0.89,us,14.01,1.986,0.112,23
39.6876,143.0464,10.0,4.4,24,190.0,1.874,1.1,us,5.48,1.964,0.143,14
0.4033,123.5481,243.0,4.4,53,92.0,1.632,0.87,us,7.93,7.036,0.086,40
83.339,-32.3826,10.0,4.0,24,67.0,2.695,1.2,us,7.71,1.913,0.163,11
9.2217,93.8561,10.0,4.6,85,58.0,5.014,0.69,us,9.36,1.854,0.067,67
-1.8147,137.3545,27.436,4.5,25,69.0,0.838,0.49,us,5.26,5.36,0.11,24
-59.8786,-27.8994,182.868,4.3,29,86.0,7.3,0.69,us,13.62,9.251,0.097,30
-14.6336,-176.063,314.955,4.2,31,128.0,4.767,0.53,us,14.66,6.845,0.1,28
-14.8039,-173.109,10.0,4.4,15,63.0,1.564,0.57,us,7.3,1.807,0.179,9
-55.6029,-27.7956,35.274,4.4,15,123.0,5.182,0.21,us,14.43,10.277,0.143,14
-18.2724,-178.1364,559.007,4.2,51,54.0,3.664,0.73,us,14.5,6.137,0.082,42
29.0719,129.0919,10.0,4.6,31,122.0,2.342,1.09,us,6.55,1.68,0.12,27
52.7983,160.5959,10.0,4.7,56,119.0,1.2,0.69,us,5.98,1.763,0.06,83
50.9944,160.5997,10.0,4.8,86,165.0,2.362,0.75,us,9.92,1.911,0.03,351
52.5732,160.7526,10.0,4.5,61,118.0,1.354,0.95,us,6.99,1.586,0.043,161
51.4883,159.7399,25.11,4.9,79,120.0,2.05,1.15,us,8.66,5.216,0.061,115
7.4455,127.2613,10.0,4.3,31,108.0,1.71,1.09,us,8.47,1.908,0.109,24
52.2516,160.7421,10.0,5.1,97,107.0,1.491,0.67,us,7.86,1.858,0.022,650
-58.8145,-26.4439,132.969,4.7,48,68.0,16.066,0.6,us,12.96,5.059,0.085,42
50.8117,159.9977,10.0,4.5,69,132.0,2.367,0.65,us,8.29,1.886,0.074,54
-21.9346,-68.5946,122.66,4.2,17,106.0,0.617,0.84,us,6.95,6.206,0.263,4
0.597,119.0077,10.0,4.2,20,132.0,1.846,0.87,us,8.17,1.859,0.141,15
52.8793,160.1896,35.0,4.2,26,103.0,0.943,0.69,us,10.1,1.93,0.115,21
49.3278,155.3228,64.897,4.6,74,134.0,4.069,0.6,us,10.09,7.285,0.045,148
-57.2322,-25.4016,35.0,4.3,17,194.0,17.256,0.54,us,8.33,1.956,0.168,10
52.2,-170.4212,46.445,4.0,52,179.0,0.667,0.97,us,6.35,5.739,0.1,27
33.2677,73.2789,10.0,4.9,76,82.0,3.664,1.04,us,9.18,1.869,0.049,132
36.1705,34.1984,10.0,4.2,26,107.0,1.399,0.94,us,5.29,1.654,0.2,7
36.5792,70.8055,217.6,4.4,64,78.0,2.187,0.77,us,7.69,7.1,0.054,101
49.6921,159.6208,10.0,4.4,40,136.0,3.391,1.1,us,10.2,1.914,0.101,28
52.3105,160.8878,10.0,4.4,24,158.0,1.539,0.79,us,10.65,1.946,0.123,19
-12.7592,-73.9049,84.212,4.5,64,93.0,2.97,0.71,us,4.66,7.533,0.071,58
13.8894,144.6662,10.0,4.1,9,118.0,0.357,0.3,us,3.3,1.958,0.262,4
-18.9602,-69.4287,116.834,4.4,40,103.0,0.739,1.03,us,5.57,3.922,0.105,28
43.424,147.9825,38.731,4.3,31,137.0,3.824,0.59,us,10.45,6.394,0.119,20
29.3117,129.4362,10.0,4.3,31,110.0,2.36,0.73,us,4.87,1.835,0.133,16
18.5828,145.6426,209.662,4.2,33,134.0,3.326,1.06,us,12.68,8.98,0.1,28
-18.2942,-178.3418,577.516,4.4,24,93.0,2.835,0.71,us,16.98,12.092,0.12,20
53.3345,159.6504,67.676,4.0,20,163.0,0.678,0.79,us,12.51,9.463,0.15,12
52.2228,160.6468,23.418,4.3,17,177.0,1.458,1.02,us,12.89,7.875,0.217,8
-0.8623,134.0695,26.063,4.4,39,72.0,0.653,0.55,us,5.65,5.23,0.095,35
-20.7601,-71.9799,10.0,4.5,36,139.0,1.71,0.77,us,6.79,1.904,0.171,10
28.1494,142.832,10.0,4.5,53,134.0,1.197,0.53,us,8.56,1.896,0.085,43
-18.0747,-177.9499,583.928,4.2,38,122.0,3.013,0.83,us,15.25,9.431,0.1,28
42.8989,146.573,39.188,5.3,61,135.0,2.677,0.64,us,9.73,7.288,0.085,46
-24.1591,-67.1015,183.203,4.1,24,102.0,1.556,0.7,us,9.43,9.832,0.212,6
9.9984,125.3254,10.0,4.3,29,84.0,2.921,0.46,us,10.47,1.89,0.113,22
8.7007,126.5777,44.182,4.2,37,125.0,1.899,0.49,us,11.25,6.608,0.108,25
-8.5261,118.3772,134.968,4.6,51,62.0,0.665,0.81,us,7.81,6.515,0.094,36
12.9162,143.2532,201.838,4.4,65,115.0,1.709,0.43,us,12.85,8.212,0.062,74
-47.3288,97.6416,10.0,4.4,12,157.0,20.688,0.62,us,11.14,1.946,0.17,10
36.9448,71.253,194.25,4.2,52,97.0,1.68,0.76,us,7.46,6.771,0.082,41
50.2323,159.6843,10.0,4.3,40,135.0,2.868,0.68,us,7.86,1.715,0.098,29
6.6539,116.7771,634.664,4.3,64,72.0,5.341,0.76,us,12.31,6.341,0.072,55
52.7784,160.7397,32.417,4.3,96,115.0,1.289,0.45,us,8.9,5.639,0.054,99
11.9988,-89.3955,10.0,4.2,20,209.0,1.761,0.88,us,6.94,1.991,0.146,13
29.296,129.2675,10.0,4.4,35,78.0,2.432,0.73,us,6.01,1.602,0.114,22
-59.3722,-61.7089,10.0,4.4,14,120.0,5.532,0.3,us,8.25,1.907,0.169,10
45.2233,-130.0989,10.0,3.6,30,218.0,0.722,0.88,us,8.85,2.0,0.125,16
-12.4565,125.7407,10.0,4.8,53,84.0,3.049,0.84,us,7.37,1.855,0.078,50
16.7792,41.0783,10.0,4.1,25,138.0,3.875,0.47,us,8.39,1.951,0.145,13
31.352,50.2291,10.0,4.2,37,146.0,5.271,0.45,us,10.71,1.945,0.113,22
6.2254,125.8788,125.466,4.4,44,55.0,0.89,0.44,us,7.7,6.669,0.098,30
36.0794,28.0912,10.0,4.1,25,150.0,0.136,0.61,us,4.27,1.86,0.114,21
-19.0881,43.7141,10.0,4.6,23,105.0,3.325,0.73,us,9.43,1.924,0.12,21
43.1049,144.8522,78.177,4.3,49,134.0,1.66,0.42,us,4.12,7.633,0.098,29
50.0659,158.467,10.0,4.6,28,111.0,2.964,0.52,us,9.05,1.865,0.126,19
51.7436,160.0437,24.864,4.5,82,125.0,1.54,0.82,us,9.1,5.684,0.06,82
6.0445,123.6804,556.761,4.3,71,54.0,2.144,0.82,us,11.09,8.542,0.073,54
-24.3772,179.9373,531.152,4.1,16,184.0,6.829,0.69,us,14.45,13.902,0.151,12
-27.6871,-176.4475,37.168,4.5,13,125.0,2.027,0.52,us,9.49,10.145,0.172,10
-59.4373,-26.0685,42.938,4.3,20,116.0,15.423,1.04,us,17.9,8.419,0.133,16
48.9102,155.8496,35.0,4.1,36,135.0,4.363,0.9,us,10.81,1.94,0.112,22
49.3882,157.4174,10.0,4.3,22,168.0,3.722,0.74,us,12.61,1.897,0.142,14
-24.6314,-70.1341,56.42,4.1,17,131.0,0.723,0.62,us,3.77,7.795,0.198,7
54.5475,-160.2015,23.175,4.3,74,170.0,0.455,0.97,us,5.4,7.547,0.217,7
51.8344,-175.1966,60.492,3.6,36,189.0,0.594,0.59,us,9.65,9.117,0.092,30
51.6512,159.7281,35.0,4.1,25,122.0,1.525,1.11,us,6.49,1.8,0.151,14
7.4719,94.371,10.0,4.4,24,92.0,3.394,0.83,us,9.89,1.89,0.135,16
13.3906,-90.9805,41.876,4.1,41,192.0,1.227,0.8,us,7.19,10.057,0.066,63
-60.9605,-38.8132,10.0,4.9,32,70.0,6.81,0.96,us,10.43,1.909,0.102,30
-18.0579,-177.9631,628.268,4.0,38,74.0,2.993,0.41,us,18.44,7.194,0.123,18
53.163,161.1998,28.18,4.0,13,177.0,1.544,0.95,us,12.95,4.486,0.195,7
52.983,159.8563,59.222,4.3,28,167.0,0.73,0.7,us,12.13,8.503,0.101,28
52.3103,160.586,10.0,4.8,72,123.0,1.93,1.01,us,8.82,1.882,0.061,82
53.567,159.7568,69.142,4.2,28,159.0,0.859,0.92,us,13.52,9.645,0.124,18
-58.5996,-25.1282,35.0,4.6,45,84.0,15.952,0.65,us,12.61,1.873,0.093,34
-9.6292,151.2083,10.0,4.6,32,106.0,4.0,0.42,us,8.84,1.901,0.116,22
16.4171,41.5819,10.0,4.2,35,109.0,5.01,0.92,us,10.41,1.925,0.1,28
51.1255,157.1559,87.453,4.6,69,127.0,2.014,0.8,us,9.51,6.159,0.036,235
-16.8066,-173.0344,36.396,4.4,21,74.0,3.124,0.92,us,9.09,7.606,0.144,15
5.5943,126.3364,57.556,4.3,19,178.0,1.209,0.49,us,11.02,10.491,0.16,12
-21.8039,-68.4989,124.019,4.6,102,61.0,0.69,1.18,us,5.99,5.794,0.055,98
7.2686,126.7211,68.117,5.3,34,107.0,1.15,0.82,us,10.38,5.256,0.104,31
21.2512,94.8814,126.343,4.0,20,79.0,4.526,0.44,us,12.71,8.427,0.144,13
21.9867,93.6089,47.028,4.6,78,84.0,1.444,0.84,us,9.36,7.026,0.069,63
52.0422,160.4615,10.0,4.1,50,135.0,1.48,0.62,us,9.95,1.835,0.086,37
50.1538,158.3695,15.284,4.9,16,134.0,2.879,0.44,us,12.38,5.678,0.229,6
52.7231,160.6649,10.0,4.7,112,118.0,1.258,0.89,us,8.22,1.874,0.051,115
52.3058,159.9664,37.434,4.8,60,134.0,1.077,0.61,us,10.49,7.243,0.069,65
-24.5576,-179.7019,479.142,4.5,27,167.0,7.095,1.08,us,15.06,13.417,0.095,33
52.7644,160.489,35.0,4.1,25,119.0,1.144,0.34,us,8.14,1.862,0.114,21
-5.883,149.3334,99.962,4.8,65,86.0,3.106,0.49,us,7.67,7.212,0.078,54
40.5884,141.9801,56.25,4.1,20,155.0,0.724,1.17,us,5.87,8.462,0.158,11
51.1096,159.6483,10.0,4.3,21,164.0,2.013,0.81,us,10.55,1.962,0.153,12
-3.841,126.8355,9.962,4.3,22,51.0,4.218,0.83,us,7.18,3.812,0.153,14
-52.5538,28.2409,10.0,4.5,16,119.0,20.87,0.46,us,10.57,1.901,0.136,16
39.5838,143.5899,10.0,5.1,178,60.0,2.279,0.49,us,7.34,1.799,0.037,236
52.8077,160.0515,47.331,4.4,33,119.0,0.876,1.04,us,6.89,7.201,0.093,33
1.7217,127.2828,113.135,4.4,54,67.0,2.457,0.65,us,7.93,7.477,0.088,44
-15.9896,-173.4176,10.0,4.8,39,55.0,3.255,0.71,us,8.93,1.872,0.05,123
43.6603,147.8058,47.63,4.9,113,135.0,3.793,0.41,us,9.8,7.362,0.058,95
-25.384,179.6597,520.876,4.2,17,160.0,7.747,0.67,us,24.14,22.745,0.132,16
52.2398,160.6702,10.0,4.1,17,215.0,1.46,1.09,us,12.21,1.951,0.165,11
-6.6825,132.2214,10.0,4.6,29,100.0,3.739,0.75,us,8.44,1.882,0.119,21
-21.0164,-176.9619,330.208,4.2,13,105.0,5.697,0.85,us,12.85,8.05,0.175,9
16.3329,-59.675,10.0,4.4,35,201.0,1.327,0.54,us,7.31,1.964,0.19,8
-6.5081,143.433,10.0,4.2,38,99.0,3.878,0.79,us,9.16,1.885,0.102,27
52.2239,160.8208,10.0,4.3,33,188.0,1.547,0.91,us,10.87,1.973,0.105,26
34.5893,70.7443,10.0,4.3,29,87.0,1.331,0.99,us,8.15,1.894,0.122,19
37.3113,142.1027,31.662,4.6,92,132.0,3.213,0.92,us,6.84,5.488,0.063,76
49.831,157.0212,35.0,4.3,32,135.0,3.309,0.87,us,12.4,1.937,0.109,24
51.2113,159.4212,10.0,4.3,24,211.0,1.876,0.73,us,6.1,1.969,0.129,17
-15.3106,167.5238,144.522,4.8,45,117.0,6.054,0.92,us,11.86,3.508,0.091,37
0.3254,125.3202,71.478,4.6,62,48.0,1.21,1.02,us,6.32,7.333,0.062,78
51.9079,158.904,62.834,4.0,24,163.0,1.128,0.48,us,10.4,7.718,0.129,16
51.4612,157.4403,90.499,4.2,74,171.0,1.657,0.48,us,11.53,7.854,0.066,64
36.6326,67.8986,10.0,4.3,81,96.0,2.254,0.84,us,4.6,1.888,0.062,79
49.9233,158.8981,10.0,4.4,39,136.0,3.108,0.86,us,8.53,1.857,0.107,25
7.7416,59.7774,10.0,4.5,53,171.0,17.445,0.74,us,8.81,1.894,0.079,47
-56.407,-27.6957,10.0,4.4,16,112.0,5.449,0.91,us,14.01,1.915,0.162,11
53.1649,160.8182,35.0,4.2,18,194.0,1.315,0.82,us,12.17,1.99,0.175,9
-9.6008,148.8851,10.0,4.2,19,188.0,1.713,0.94,us,10.76,1.922,0.152,13
40.9474,35.1315,10.0,4.5,70,34.0,1.076,0.83,us,4.9,1.867,0.088,38
51.7184,160.9987,10.0,4.1,38,138.0,1.945,0.73,us,10.91,1.921,0.099,28
39.1701,28.1493,10.0,4.2,21,71.0,0.973,0.72,us,5.91,1.959,0.303,3
52.6498,159.5787,25.423,6.1,57,67.0,0.676,0.7,us,7.89,5.64,0.088,49
53.3517,-163.5343,18.904,3.4,32,209.0,1.301,0.87,us,5.65,10.453,0.219,5
55.3756,166.5158,10.0,4.7,67,119.0,5.184,0.56,us,11.28,1.911,0.039,200
16.0999,96.4474,9.447,4.5,29,88.0,3.088,0.6,us,6.94,4.787,0.128,18
-17.9312,-178.5335,597.459,4.3,49,122.0,2.47,0.74,us,10.39,7.507,0.043,153
29.1271,129.6342,10.0,4.2,29,113.0,2.477,0.39,us,7.86,1.913,0.136,15
-37.595,-69.999,212.402,4.9,69,101.0,2.297,0.84,us,8.63,6.993,0.068,68
-2.7764,28.6988,10.0,4.7,53,99.0,2.97,0.69,us,9.74,1.874,0.081,46
-5.63,151.8978,53.45,4.9,33,155.0,1.454,0.79,us,9.7,7.433,0.067,69
7.3667,126.8047,78.369,4.4,42,74.0,1.251,0.82,us,5.25,8.182,0.098,30
51.502,159.6566,10.0,5.2,89,93.0,1.645,1.23,us,5.45,1.856,0.04,205
51.3965,159.8057,10.0,4.7,75,128.0,1.778,0.66,us,8.52,1.874,0.081,55
52.4826,160.693,10.064,4.7,18,152.0,1.355,0.5,us,6.63,6.388,0.194,8
15.2256,120.4215,126.217,5.0,84,97.0,7.577,0.82,us,10.55,3.626,0.043,176
1.1255,96.9883,10.0,4.4,41,180.0,2.483,0.47,us,10.18,1.946,0.098,30
-47.808,116.0727,10.0,4.4,22,141.0,14.89,0.63,us,9.06,1.89,0.12,20
-56.8826,-67.4457,10.0,4.3,13,135.0,1.958,1.19,us,10.96,1.941,0.154,12
-6.2166,146.6114,63.989,4.6,36,73.0,3.214,0.94,us,5.16,8.063,0.107,26
51.228,179.1883,41.151,4.0,54,193.0,0.166,0.96,us,6.67,9.62,0.081,43
-4.4676,153.5383,108.916,4.6,44,115.0,1.398,0.69,us,9.54,7.78,0.082,46
-5.2321,102.4614,34.436,4.6,49,123.0,0.996,0.86,us,9.15,5.906,0.081,45
-17.6271,-65.8958,10.0,4.5,28,43.0,1.971,1.2,us,3.59,1.888,0.106,28
42.7784,146.1329,30.408,4.8,46,187.0,2.332,0.62,us,10.84,6.915,0.098,32
-17.4676,-178.8382,550.038,4.1,22,123.0,1.977,0.56,us,13.54,12.143,0.145,13
50.4224,159.7368,10.0,5.7,244,44.0,2.691,0.89,us,7.12,1.818,0.019,1027
52.4766,160.9448,10.0,4.3,21,206.0,1.498,0.96,us,11.27,1.982,0.161,12
30.3408,69.9587,10.0,4.6,41,96.0,4.22,1.2,us,8.58,1.776,0.099,30
51.929,160.4993,10.0,4.4,18,135.0,1.575,1.04,us,12.0,1.937,0.189,9
51.3569,159.515,35.0,4.7,42,128.0,1.752,1.08,us,7.39,1.774,0.085,42
-7.5559,142.918,10.0,4.6,17,157.0,3.327,1.22,us,9.46,1.963,0.165,11
37.9542,20.9645,66.039,4.2,29,163.0,1.087,0.7,us,6.54,6.204,0.167,10
52.441,160.4984,10.0,4.3,16,209.0,1.266,0.77,us,10.03,1.999,0.147,13
52.2773,160.4729,10.0,4.9,50,117.0,1.339,1.04,us,8.26,1.879,0.057,96
1.8573,122.4646,16.403,4.1,16,105.0,1.838,1.37,us,9.26,6.899,0.185,9
25.8169,-45.3491,10.0,4.4,53,141.0,18.373,0.41,us,15.54,1.93,0.08,45
31.705,141.8724,10.0,4.9,105,121.0,2.238,0.66,us,8.93,1.866,0.05,126
51.9156,158.0088,85.977,4.2,38,137.0,1.177,0.83,us,10.2,7.514,0.105,25
8.5987,126.4932,90.97,4.1,15,136.0,1.769,0.92,us,13.16,6.533,0.197,9
7.6113,-73.956,102.374,4.3,37,88.0,2.772,0.64,us,8.13,10.137,0.104,26
52.0887,160.897,10.0,4.2,26,144.0,1.661,0.38,us,11.36,1.938,0.128,17
14.6323,-93.4552,41.496,4.2,31,174.0,2.075,0.97,us,7.82,14.315,0.186,8
54.3704,-159.9762,33.456,3.8,64,192.0,0.514,0.62,us,6.64,10.75,0.18,8
13.4152,-92.4791,10.0,4.2,46,216.0,1.448,0.95,us,8.04,1.991,0.091,34
61.9604,142.1841,10.0,4.2,26,69.0,4.841,0.87,us,9.98,1.946,0.132,16
-20.746,-178.7006,600.135,4.5,34,134.0,4.623,0.69,us,16.05,11.052,0.096,32
-3.8974,136.8548,138.225,4.3,26,69.0,1.974,0.38,us,3.58,7.382,0.114,22
-20.4167,-177.6757,528.864,4.2,26,112.0,4.818,0.41,us,8.14,10.586,0.121,19
-5.8682,146.3753,115.4,4.6,115,29.0,3.598,0.49,us,7.46,7.323,0.049,134
-2.3276,134.1553,5.054,4.6,20,61.0,0.559,0.31,us,5.76,5.258,0.133,17
51.0697,158.0192,35.0,4.4,88,134.0,1.995,0.58,us,11.04,1.931,0.053,103
22.7171,143.8805,35.0,4.4,36,111.0,4.623,0.7,us,8.68,1.927,0.105,28
-20.7091,168.9793,10.0,4.4,17,165.0,2.371,0.44,us,10.46,1.919,0.179,9
51.4774,160.7726,10.0,4.3,66,128.0,2.025,0.7,us,8.85,1.884,0.08,45
51.0842,158.8473,32.512,4.0,25,129.0,1.946,0.54,us,11.4,6.735,0.134,15
-47.8636,116.0066,10.0,4.5,23,93.0,14.948,0.67,us,14.62,1.904,0.135,16
-22.7353,-66.6143,224.953,4.2,29,49.0,1.459,0.96,us,9.28,8.483,0.152,12
-31.9653,-66.9423,145.674,4.6,105,51.0,1.53,0.89,us,6.4,5.594,0.034,262
52.9211,160.9548,10.0,4.2,28,188.0,1.398,0.65,us,11.32,1.979,0.106,25
57.0469,-33.8463,10.0,4.6,63,119.0,7.242,0.77,us,10.21,1.933,0.075,53
-36.4696,177.3638,10.0,4.5,23,214.0,1.326,0.76,us,6.22,1.959,0.221,6
-21.3096,-67.1753,192.127,4.6,51,62.0,1.881,0.68,us,7.4,6.957,0.052,109
52.4002,160.8008,31.58,4.2,16,257.0,1.45,1.05,us,11.88,9.058,0.2,7
52.7938,160.8617,10.0,4.3,47,119.0,1.359,0.86,us,9.59,1.897,0.093,33
-22.4878,-67.7596,160.357,4.3,48,49.0,0.603,0.75,us,7.35,6.112,0.094,32
50.6541,157.4441,37.52,5.9,148,74.0,2.461,0.81,us,9.39,6.464,0.021,861
-13.6599,-74.7467,90.914,4.9,119,124.0,2.634,0.63,us,7.96,4.985,0.05,126
38.2331,103.8304,10.0,4.7,178,74.0,2.275,0.64,us,8.1,1.828,0.04,190
51.4509,159.4171,24.648,4.7,41,128.0,1.644,0.92,us,10.98,5.882,0.096,33
17.2184,-101.3678,10.0,4.2,37,210.0,1.512,1.0,us,6.42,1.631,0.093,33
53.0959,161.4165,10.0,4.5,34,117.0,1.671,1.1,us,10.89,1.905,0.093,34
51.1,159.3869,25.837,4.3,24,156.0,1.979,0.7,us,13.66,7.658,0.133,16
-17.6156,-178.7872,548.042,4.9,54,78.0,2.095,0.62,us,13.62,9.926,0.076,54
9.5382,94.0096,10.0,4.5,27,135.0,5.602,0.78,us,11.06,1.94,0.128,18
48.8364,156.5514,10.0,4.1,22,137.0,4.338,0.6,us,12.27,1.926,0.15,12
34.5804,70.7936,10.0,4.5,59,124.0,1.371,1.06,us,8.0,1.89,0.077,50
-24.4102,-176.7303,100.485,4.6,26,203.0,8.227,0.66,us,14.76,11.714,0.119,21
-23.1571,-177.567,220.922,4.3,76,122.0,6.771,0.51,us,12.41,7.759,0.058,93
53.0548,160.8673,35.0,4.2,23,135.0,1.339,1.11,us,10.98,1.942,0.16,13
52.7099,160.8882,26.305,4.9,131,151.0,1.393,0.83,us,8.62,6.059,0.041,188
34.7136,70.8489,10.0,4.3,19,238.0,1.428,0.6,us,14.86,2.009,0.119,20
51.6328,159.5252,10.0,4.5,33,126.0,1.493,0.45,us,6.26,1.902,0.089,40
6.1123,127.574,10.0,4.4,31,84.0,2.496,0.68,us,9.36,1.889,0.111,23
53.2217,161.2928,10.0,4.3,41,116.0,1.605,1.38,us,8.31,1.864,0.092,34
-41.295,-91.3504,10.0,4.3,19,134.0,13.565,0.69,us,10.07,1.878,0.153,12
37.4794,72.3715,210.974,4.2,26,257.0,0.837,0.61,us,11.21,9.06,0.215,6
51.6948,160.2336,10.0,4.5,17,127.0,1.647,1.05,us,10.39,1.92,0.156,12
52.2692,160.7085,10.0,4.3,23,137.0,1.464,1.07,us,11.92,1.93,0.125,20
51.5831,159.7586,10.0,4.8,74,127.0,1.595,0.95,us,5.26,1.791,0.064,76
50.5746,157.7638,10.0,4.9,118,113.0,2.513,0.94,us,8.28,1.873,0.054,107
9.3982,94.0014,10.0,4.5,69,36.0,5.069,0.65,us,9.39,1.859,0.075,52
50.3214,159.1062,10.0,4.3,33,134.0,2.721,0.31,us,7.03,1.912,0.116,21
-25.4227,-177.1364,122.376,4.9,118,74.0,3.872,0.71,us,10.15,6.362,0.034,270
3.9623,97.3735,9.98,4.2,25,195.0,1.328,0.59,us,9.18,5.458,0.142,16
-4.7491,122.6104,10.0,4.6,29,93.0,0.207,0.67,us,5.79,1.915,0.132,17
51.6758,159.2119,61.022,4.4,26,153.0,1.393,0.71,us,11.26,8.668,0.107,26
28.7551,130.0955,35.0,4.3,27,129.0,2.502,0.68,us,7.42,1.906,0.119,20
-17.275,-69.5359,166.067,4.3,42,109.0,0.317,1.02,us,7.94,2.718,0.084,40
-5.7794,152.5237,10.0,4.1,22,154.0,6.344,0.7,us,6.29,1.921,0.123,18
53.543,-163.5715,18.535,4.3,62,175.0,1.108,0.69,us,2.82,4.634,0.1,28
52.4464,160.5575,35.0,4.5,16,138.0,1.296,1.16,us,12.4,1.948,0.181,9
50.533,159.5682,10.0,4.4,24,138.0,2.558,0.54,us,8.17,1.875,0.155,12
50.2045,157.9498,40.542,4.3,30,132.0,2.856,0.63,us,5.71,7.357,0.111,23
26.3136,92.7974,35.0,4.3,43,146.0,3.685,0.64,us,9.54,1.94,0.103,27
52.482,161.5163,10.0,4.4,55,163.0,1.825,0.74,us,11.18,1.952,0.081,44
-14.6926,166.886,67.082,4.9,35,106.0,0.81,1.01,us,10.29,7.595,0.091,38
1.5904,123.9628,298.53,4.2,26,77.0,2.873,0.42,us,10.32,9.442,0.132,16
-55.349,-27.98,10.0,4.6,35,67.0,5.035,0.46,us,5.84,1.904,0.095,33
-2.842,139.3141,38.481,5.0,54,88.0,1.297,0.8,us,6.26,0.841,0.077,54
-17.4863,-179.0531,550.909,4.2,84,92.0,1.812,0.75,us,14.41,7.773,0.062,77
-17.5506,-174.9229,241.073,4.3,25,119.0,4.717,0.53,us,12.01,8.727,0.125,18
43.2155,146.4408,61.011,4.5,55,185.0,2.704,0.64,us,10.32,6.583,0.081,44
13.4269,53.9278,10.0,4.3,17,192.0,10.984,0.48,us,15.97,1.99,0.16,12
-26.9539,-71.4965,26.241,4.0,13,155.0,0.594,0.44,us,8.24,7.285,0.258,4
-18.885,-173.018,10.0,4.6,13,103.0,2.931,0.52,us,11.94,1.458,0.164,11
28.2336,-43.682,10.0,4.3,28,178.0,31.529,0.54,us,18.24,1.972,0.109,24
26.4733,96.8381,10.0,4.2,27,121.0,5.531,0.85,us,13.62,1.945,0.124,18
11.2576,-86.8498,35.0,4.4,80,188.0,1.064,0.66,us,7.72,1.98,0.065,67
-34.0737,-178.5277,10.0,4.4,20,253.0,4.328,0.77,us,9.06,1.968,0.139,15
-23.9576,-179.6961,487.707,4.7,59,170.0,6.53,0.54,us,11.71,7.862,0.09,37
-24.1417,179.857,533.267,4.4,51,69.0,6.584,1.05,us,11.13,8.282,0.066,67
-8.1338,119.7553,185.305,4.4,38,58.0,1.617,0.68,us,7.25,1.522,0.095,32
53.0146,160.918,10.0,4.2,39,137.0,1.37,0.51,us,11.9,1.925,0.108,24
34.9601,27.1226,41.412,4.1,26,149.0,0.586,0.79,us,8.03,8.725,0.131,16
51.3983,159.5843,21.636,4.7,62,128.0,1.726,1.2,us,8.84,5.503,0.077,51
39.5608,143.2213,10.0,4.8,74,123.0,2.058,0.82,us,7.5,1.872,0.048,135
-5.9354,128.6419,347.386,4.2,18,98.0,1.884,0.75,us,11.37,10.634,0.2,7
52.2299,160.6111,10.0,5.2,173,107.0,1.435,0.77,us,8.47,1.864,0.026,503
-30.2772,-179.524,299.918,4.2,27,176.0,7.486,0.73,us,15.77,11.158,0.11,23
-31.3288,-70.8823,96.919,4.3,26,114.0,0.161,0.65,us,3.95,5.496,0.307,3
-18.7412,168.8691,167.308,4.5,30,116.0,3.643,0.61,us,9.31,8.551,0.109,25
-18.6584,65.2549,10.0,4.5,27,96.0,2.089,0.82,us,13.63,1.889,0.113,24
50.5924,157.9873,35.0,4.2,46,135.0,2.469,0.58,us,11.29,1.941,0.072,54
2.0198,99.0703,145.075,4.4,44,106.0,0.685,0.73,us,6.64,4.725,0.086,39
52.7834,160.6207,21.723,4.1,34,119.0,1.218,1.1,us,9.77,6.502,0.111,23
-1.7815,133.658,10.0,4.3,23,96.0,0.585,0.74,us,4.85,1.928,0.147,13
50.22,159.4483,10.0,4.1,27,135.0,2.851,0.89,us,11.06,1.923,0.112,22
64.5477,-17.5269,10.0,4.4,55,133.0,1.648,0.65,us,8.78,1.912,0.085,40
-5.3708,133.6391,10.0,4.5,24,66.0,2.739,1.03,us,7.41,1.932,0.139,15
-17.9407,-178.5117,538.054,4.3,27,123.0,2.493,0.83,us,15.28,12.377,0.119,23
51.9186,159.2403,17.275,4.5,41,125.0,1.164,1.12,us,9.46,5.238,0.09,39
51.394,159.4668,35.0,4.5,27,157.0,1.708,0.65,us,8.69,1.969,0.242,5
-56.86,-68.1108,10.0,4.1,12,136.0,1.951,0.73,us,14.63,1.628,0.213,7
2.9919,95.9195,35.0,4.7,57,132.0,2.356,0.75,us,6.03,1.921,0.088,39
2.6947,128.4941,220.634,4.4,49,89.0,2.218,0.85,us,6.92,8.271,0.095,32
-41.7988,-83.9195,10.0,5.3,59,138.0,10.123,0.93,us,8.17,1.771,0.037,240
-22.2962,171.4179,76.922,4.2,19,190.0,3.687,0.68,us,13.96,9.807,0.137,15
45.8993,148.1129,183.581,4.5,90,61.0,3.85,0.85,us,9.37,6.991,0.035,247
-6.0187,127.7589,394.419,4.4,49,23.0,5.074,0.67,us,8.9,10.0,0.115,23
52.9149,159.3735,58.479,4.0,23,189.0,0.451,0.37,us,13.38,5.973,0.13,16
12.813,125.6655,10.0,4.2,18,133.0,11.861,0.52,us,9.44,1.952,0.146,13
36.646,71.1433,88.954,4.0,21,96.0,1.977,0.55,us,7.47,10.213,0.138,15
9.0575,93.7358,10.0,4.3,23,179.0,5.815,1.09,us,9.03,1.868,0.154,13
54.0444,-159.7746,10.0,3.8,49,175.0,0.796,0.79,us,4.39,1.941,0.179,8
-52.778,21.8566,10.0,4.3,16,105.0,20.356,0.6,us,13.59,1.93,0.137,15
51.5921,16.148,5.0,4.5,127,35.0,1.989,0.68,us,5.46,1.862,0.05,122
51.4184,159.3579,34.903,4.3,24,126.0,1.665,0.55,us,12.08,6.561,0.126,18
49.7307,155.9237,68.412,4.3,44,135.0,3.56,0.68,us,12.09,7.892,0.074,51
-56.9882,147.4579,10.0,4.5,32,95.0,6.946,1.01,us,11.82,1.941,0.106,29
33.4962,71.9641,10.0,4.3,27,99.0,4.825,0.91,us,5.12,1.919,0.133,17
-1.923,128.9011,10.0,4.7,55,41.0,2.582,1.06,us,8.75,1.874,0.085,42
34.7697,141.8354,10.0,5.1,66,123.0,2.355,0.71,us,7.92,1.865,0.037,234
-3.7962,144.6459,10.0,4.2,16,98.0,3.227,0.62,us,9.27,1.932,0.167,10
12.1522,-86.4944,162.058,4.3,22,145.0,0.241,0.42,us,9.5,7.237,0.153,12
54.6479,-160.2117,23.48,4.2,76,152.0,0.405,0.99,us,5.57,7.681,0.159,11
10.3876,122.3063,10.0,4.5,27,107.0,4.619,0.54,us,13.92,1.912,0.118,21
51.7035,160.3373,10.0,4.9,42,126.0,1.679,0.61,us,9.87,1.909,0.086,42
12.0869,-88.1032,42.077,4.4,30,198.0,1.219,0.77,us,6.38,10.62,0.088,39
3.0125,-31.2702,10.0,4.7,54,153.0,9.924,0.52,us,14.35,1.922,0.078,50
42.9656,145.4249,65.812,4.3,50,134.0,1.928,0.61,us,10.1,7.798,0.094,32
52.2331,160.285,35.0,4.4,38,134.0,1.273,0.94,us,8.05,1.948,0.103,27
-15.0234,166.8953,16.728,4.4,21,126.0,0.515,0.57,us,7.27,5.846,0.138,16
27.982,139.8043,426.619,4.4,91,58.0,2.29,0.61,us,11.27,7.316,0.062,76
-1.9974,-13.1468,10.0,4.2,21,103.0,6.018,0.71,us,11.8,1.916,0.136,15
3.0679,-31.4528,10.0,4.9,174,53.0,9.89,0.55,us,10.64,1.822,0.042,177
51.7371,159.3009,10.0,5.1,52,138.0,1.349,0.82,us,10.45,1.913,0.076,56
-0.3643,-91.5245,10.0,4.7,55,178.0,0.562,0.61,us,7.49,1.9,0.052,113
25.8597,59.9821,10.0,4.1,28,219.0,3.536,0.54,us,9.72,1.893,0.114,21
23.0944,94.8608,94.964,4.2,19,129.0,1.88,0.49,us,14.29,10.808,0.146,13
39.7797,143.3081,37.034,4.2,26,155.0,1.991,0.73,us,7.5,8.767,0.175,11
6.8257,127.1219,58.864,5.2,80,107.0,1.551,0.88,us,8.86,7.268,0.052,124
-26.3858,-177.7972,196.517,4.4,76,127.0,9.419,0.7,us,13.84,6.193,0.068,62
50.15,158.3772,10.0,4.2,15,165.0,2.883,0.71,us,10.73,1.962,0.199,9
49.6295,156.7144,38.78,5.0,187,54.0,3.538,0.51,us,8.15,6.31,0.029,365
13.0045,145.5948,10.0,4.7,66,98.0,0.915,0.64,us,6.03,1.807,0.076,53
52.1774,160.103,32.47,4.5,45,120.0,1.226,0.74,us,9.44,5.956,0.087,39
53.1268,161.1155,29.163,4.7,143,62.0,1.491,0.73,us,8.75,5.062,0.044,159
20.6086,121.1892,34.688,4.4,37,112.0,2.729,0.71,us,9.96,7.261,0.11,27
28.372,139.841,406.266,4.1,26,87.0,2.435,0.83,us,13.19,9.244,0.127,17
29.3423,129.4711,10.0,4.6,27,129.0,2.32,0.75,us,9.41,1.906,0.132,17
-59.3519,-24.8794,10.0,4.5,24,192.0,25.209,0.93,us,12.16,1.942,0.108,25
51.3058,158.4395,45.709,4.5,36,125.0,1.725,0.99,us,10.93,6.775,0.1,29
1.4435,126.3517,47.856,4.4,38,94.0,1.214,1.11,us,5.26,8.02,0.1,29
-1.1241,-24.2305,10.0,4.5,12,110.0,11.935,0.34,us,9.93,1.942,0.18,10
43.2761,-28.9956,10.0,4.7,62,123.0,6.108,0.94,us,10.34,1.893,0.043,164
13.5318,-61.2471,139.248,4.8,84,52.0,0.973,0.67,us,6.4,6.376,0.034,263
52.8163,160.4631,36.527,4.1,22,119.0,1.117,0.47,us,10.72,4.22,0.127,17
-2.186,139.7404,27.907,4.5,46,79.0,1.016,0.89,us,6.19,5.366,0.09,36
39.1979,28.2599,10.0,4.4,56,37.0,1.061,0.71,us,4.16,1.904,0.127,18
52.6604,160.6055,48.152,5.6,38,65.0,1.241,0.8,us,10.56,6.868,0.103,33
-16.0175,-177.2411,429.605,4.4,67,111.0,3.287,0.96,us,14.44,7.336,0.077,49
-14.8571,66.7655,10.0,4.5,30,123.0,45.835,0.33,us,10.3,1.773,0.121,20
30.4571,50.029,10.0,4.1,52,88.0,5.761,0.63,us,6.11,1.907,0.088,37
49.286,157.9737,10.0,4.3,31,164.0,3.767,0.85,us,10.63,1.938,0.119,20
-7.3404,154.754,10.0,4.8,19,93.0,5.545,0.66,us,11.35,1.783,0.105,28
36.0774,142.5814,10.0,4.6,65,127.0,1.999,0.69,us,6.98,1.83,0.061,81
-37.3862,52.4585,10.0,4.3,31,81.0,9.048,0.39,us,12.51,1.881,0.113,23
18.5209,-69.6478,101.815,3.9,35,76.0,0.262,1.16,us,6.53,8.678,0.154,11
52.9284,160.7605,35.714,5.5,123,76.0,1.28,0.68,us,8.97,6.466,0.029,426
52.2859,160.5821,35.0,4.1,16,214.0,1.39,0.96,us,11.0,1.991,0.185,8
18.4417,145.5618,210.383,4.3,73,102.0,3.19,1.05,us,7.24,7.438,0.062,75
51.4138,159.4919,35.0,4.8,134,127.0,1.693,0.89,us,8.28,1.912,0.049,131
-18.7191,-67.2855,237.965,4.3,29,87.0,2.036,1.22,us,7.95,9.088,0.143,14
-19.2739,-177.5505,559.03,4.3,72,49.0,4.041,1.01,us,13.24,6.758,0.085,39
-21.1117,-69.0007,110.591,4.1,22,56.0,0.459,0.62,us,4.03,5.327,0.157,11
52.3063,160.2059,56.385,4.5,35,166.0,1.724,1.0,us,12.71,8.879,0.096,32
52.7639,160.8662,10.0,4.5,15,158.0,1.368,0.58,us,9.33,1.959,0.151,13
7.3684,126.6791,70.245,4.9,89,112.0,1.131,0.67,us,9.59,7.476,0.059,90
-21.7903,-68.5845,120.568,4.6,56,43.0,0.611,1.0,us,5.31,4.289,0.049,126
50.191,-179.3977,10.0,3.7,52,243.0,1.413,0.55,us,6.66,1.978,0.115,19
-41.3503,-75.3033,10.0,4.4,24,141.0,2.049,0.75,us,9.03,1.922,0.144,14
37.0417,58.3061,10.0,4.5,52,106.0,0.899,0.95,us,5.87,1.896,0.082,44
18.0356,-102.8914,10.0,4.4,131,213.0,2.247,0.93,us,9.92,1.969,0.033,258
-20.1773,-177.8674,561.946,4.2,29,136.0,4.519,0.57,us,15.82,12.09,0.106,27
-7.1735,-13.0571,10.0,5.0,60,59.0,1.496,0.83,us,5.21,1.809,0.07,66
52.1711,161.6764,10.0,4.1,17,138.0,2.034,0.71,us,10.16,1.85,0.213,6
51.7957,160.9284,10.0,4.2,35,218.0,1.86,1.2,us,10.06,1.975,0.105,25
-6.5808,129.754,143.866,4.4,12,113.0,2.05,0.49,us,12.56,9.408,0.179,9
50.4404,156.3974,79.264,5.6,184,43.0,2.791,0.64,us,8.6,6.891,0.029,417
-8.9372,124.2452,72.183,4.2,9,143.0,0.813,0.74,us,12.04,9.687,0.235,5
7.3345,126.9573,80.329,4.5,61,54.0,1.392,0.68,us,8.63,7.062,0.076,51
-7.378,128.8768,138.247,4.5,38,77.0,5.134,0.7,us,9.59,8.513,0.099,30
-7.4882,130.6,10.0,4.9,29,116.0,3.026,0.83,us,9.29,1.876,0.096,34
9.9265,-70.8178,10.0,4.6,42,74.0,1.051,1.08,us,7.11,1.828,0.089,37
52.7818,160.9545,10.0,4.6,39,119.0,1.417,0.62,us,10.4,1.902,0.048,131
17.0924,-94.8289,130.741,4.8,52,113.0,0.69,1.05,us,5.17,6.777,0.044,159
51.8379,159.8056,35.0,4.5,30,135.0,1.382,0.73,us,11.18,1.939,0.127,18
49.8346,156.5585,35.0,4.5,53,133.0,3.355,0.74,us,7.86,1.663,0.064,72
-24.4396,179.2269,545.001,4.4,31,98.0,5.418,0.58,us,13.73,13.468,0.105,26
52.5866,160.5637,31.742,4.5,93,133.0,1.241,0.72,us,11.34,6.065,0.06,81
50.3244,159.005,10.0,4.1,17,231.0,2.712,0.55,us,14.56,1.978,0.165,11
53.1908,160.549,32.869,4.5,31,134.0,1.157,0.72,us,13.12,6.497,0.131,17
36.0353,138.9697,129.454,4.1,41,136.0,0.796,1.11,us,9.61,6.501,0.097,29
-15.8881,-72.0288,10.0,4.3,18,143.0,2.949,1.11,us,10.42,1.935,0.133,16
49.1306,157.8965,10.0,5.1,99,77.0,3.985,0.71,us,8.69,1.853,0.029,375
50.3116,157.6571,30.803,4.4,45,134.0,2.785,0.64,us,12.0,6.583,0.068,62
48.2579,155.205,28.891,5.2,111,49.0,5.108,0.85,us,9.82,4.029,0.022,676
51.8308,161.5487,10.0,4.6,25,217.0,2.139,0.81,us,12.25,1.992,0.125,19
52.4851,-175.2459,219.077,4.1,33,117.0,0.634,0.67,us,11.91,7.136,0.094,31
-18.1429,168.3484,56.676,4.4,18,150.0,2.896,1.08,us,8.34,9.098,0.169,13
-9.8854,116.6311,54.034,4.1,17,104.0,1.544,0.45,us,8.08,5.198,0.174,9
-15.9963,-175.9526,10.0,4.5,49,75.0,4.518,0.67,us,10.84,1.883,0.079,47
-23.4037,-179.9567,548.13,4.1,15,198.0,5.931,0.37,us,21.51,15.777,0.127,17
6.6892,126.6242,101.687,4.4,27,127.0,1.104,0.99,us,6.12,7.603,0.123,20
50.6173,158.4041,32.753,4.2,31,137.0,2.414,0.67,us,12.27,6.394,0.096,30
54.4008,-161.466,35.0,3.7,51,183.0,0.758,0.51,us,3.21,1.994,0.19,7
25.0545,128.6587,10.0,4.1,20,101.0,1.808,1.21,us,6.17,1.912,0.158,13
52.3064,160.0833,10.0,4.2,27,122.0,1.13,0.5,us,9.46,1.911,0.118,22
-22.0099,-68.7948,108.243,4.2,23,66.0,0.466,0.55,us,5.29,5.739,0.167,10
51.3367,-177.0144,35.397,4.0,142,185.0,0.447,0.76,us,4.12,7.538,0.043,149
-56.2113,-27.0024,95.712,4.8,23,76.0,5.759,0.95,us,12.38,6.796,0.122,21
-28.9353,-70.2263,133.648,4.2,26,54.0,0.422,0.84,us,5.67,7.924,0.264,4
2.0449,126.6728,35.0,4.6,57,97.0,1.442,1.05,us,5.35,1.877,0.082,45
-5.702,-81.2004,10.0,5.1,142,62.0,3.753,0.52,us,11.13,4.23,0.048,140
-22.4798,173.5484,10.0,4.3,14,136.0,5.642,0.69,us,11.49,1.896,0.168,10
-7.7947,108.7198,99.247,4.8,86,54.0,1.111,0.66,us,7.79,5.15,0.059,88
53.3263,159.4113,77.507,4.2,23,163.0,0.55,0.89,us,15.22,10.214,0.128,17
28.0576,142.4236,22.272,4.3,33,137.0,0.981,0.72,us,8.65,5.973,0.116,21
33.0369,131.581,83.433,4.4,45,101.0,1.798,0.77,us,6.35,8.009,0.107,25
29.3994,129.1855,10.0,4.4,23,140.0,2.37,1.21,us,9.93,1.92,0.127,18
52.2902,160.5002,10.0,4.9,34,67.0,1.345,0.62,us,6.96,1.854,0.122,21
-18.0453,-177.8588,620.421,4.4,81,76.0,3.072,0.97,us,12.13,7.419,0.055,96
79.7576,-17.7992,10.0,4.0,12,82.0,1.868,0.99,us,5.77,1.988,0.173,9
50.4963,159.5782,10.0,4.2,30,136.0,2.596,0.6,us,11.61,1.93,0.118,20
-31.7194,-71.7969,32.539,4.4,39,146.0,0.77,0.64,us,5.31,5.877,0.154,12
-31.4862,179.8098,432.135,4.3,24,140.0,6.187,0.9,us,13.34,9.986,0.119,20
-7.0179,129.8029,111.775,4.5,38,93.0,2.481,0.61,us,9.17,7.558,0.097,31
52.8384,160.9578,27.95,5.3,99,132.0,1.409,0.88,us,11.45,5.834,0.032,322
51.4261,159.6962,10.0,5.0,66,121.0,1.724,0.88,us,8.22,1.869,0.049,135
-14.145,166.8889,103.904,4.2,24,133.0,6.837,1.2,us,17.49,8.641,0.125,18
60.5231,-140.0265,7.439,4.6,67,56.0,0.443,0.85,us,3.61,4.774,0.11,26
49.8801,157.1114,44.827,4.1,30,193.0,3.253,0.57,us,14.53,9.021,0.126,17
-10.0596,66.794,10.0,4.6,36,48.0,6.181,0.87,us,10.52,1.874,0.105,27
49.338,158.004,10.0,4.5,37,165.0,3.713,0.89,us,10.67,1.922,0.106,27
52.1154,160.5132,21.747,4.5,36,118.0,1.456,0.76,us,10.68,6.15,0.092,35
3.1092,-31.38,10.0,4.6,54,121.0,9.959,0.47,us,12.96,1.893,0.075,53
53.8999,-166.6306,5.871,3.7,38,91.0,0.037,0.55,us,4.17,6.038,0.29,3
-16.5534,177.0266,10.0,4.7,12,79.0,1.538,0.86,us,7.79,1.914,0.194,8
72.414,142.0095,10.0,5.1,311,28.0,4.147,0.79,us,8.9,1.861,0.025,540
51.8643,159.4794,58.392,4.4,48,137.0,1.267,0.58,us,7.07,6.722,0.082,48
51.9177,158.8169,48.192,4.3,55,134.0,1.112,0.53,us,10.0,4.398,0.075,50
5.3113,94.4019,42.621,4.9,62,97.0,2.536,0.8,us,8.84,7.467,0.071,62
-21.0632,-68.3817,141.939,4.1,17,74.0,1.033,0.81,us,7.3,8.665,0.185,9
52.5539,160.6447,34.626,4.4,33,122.0,1.299,0.62,us,9.25,4.234,0.115,22
-11.9507,166.1349,60.32,4.5,53,153.0,6.573,0.68,us,11.58,7.673,0.078,50
50.4253,158.9304,10.0,4.3,24,133.0,2.608,0.64,us,8.05,1.702,0.16,11
40.657,73.3118,10.0,4.2,23,101.0,0.717,1.23,us,1.31,1.912,0.167,10
26.7466,92.3604,41.698,4.5,41,148.0,3.14,0.66,us,10.6,8.117,0.091,35
-16.1285,-172.9926,10.0,3.9,13,74.0,2.498,0.87,us,4.72,1.942,0.296,3
-31.7938,-177.9239,10.0,4.4,12,257.0,7.626,0.72,us,15.51,1.997,0.179,9
-28.328,-174.9091,10.0,4.7,42,121.0,2.804,0.53,us,12.39,1.842,0.089,38
-6.3713,130.135,153.574,4.9,90,42.0,1.851,0.77,us,7.55,6.766,0.05,126
-23.9387,179.9727,510.307,4.3,35,100.0,10.571,0.93,us,13.7,10.047,0.097,30
51.9585,160.4532,42.798,4.2,15,154.0,1.534,0.72,us,12.8,11.21,0.16,11
51.5787,159.7664,10.0,4.8,91,120.0,1.601,0.7,us,8.06,1.884,0.06,84
7.3262,126.6329,136.737,4.1,34,56.0,1.076,0.47,us,8.74,4.869,0.104,26
37.5599,72.4465,191.888,4.2,39,165.0,0.752,0.76,us,8.66,4.525,0.146,13
1.5682,122.9767,10.0,4.6,43,55.0,1.867,1.18,us,5.27,1.864,0.092,35
3.2111,-31.4124,10.0,4.5,43,95.0,13.989,0.82,us,5.73,1.9,0.092,36
13.0963,125.6848,10.0,4.2,16,143.0,16.43,0.37,us,9.41,1.926,0.159,11
51.149,158.5587,35.0,5.2,142,60.0,1.878,0.74,us,7.36,1.832,0.023,602
7.5369,126.8287,60.744,4.2,33,62.0,1.324,1.26,us,8.62,8.694,0.136,19
21.5934,143.1209,304.108,4.5,171,124.0,5.544,0.58,us,11.4,7.826,0.043,158
49.902,156.1812,80.935,4.4,51,137.0,3.348,0.49,us,12.88,8.622,0.081,44
-58.9567,-26.0934,102.946,4.5,14,96.0,15.856,0.25,us,14.74,6.209,0.156,12
-32.1962,-178.7431,35.0,4.8,25,151.0,5.876,0.86,us,5.46,1.942,0.098,32
-20.2638,-178.4018,594.8,4.3,55,97.0,4.187,0.88,us,14.62,7.648,0.066,67
7.2137,127.1816,10.0,4.2,20,125.0,1.597,1.15,us,8.03,1.908,0.159,11
-20.2633,169.4674,123.44,4.3,17,163.0,3.001,0.47,us,8.76,8.185,0.16,11
30.3359,138.4046,437.673,4.2,56,67.0,3.02,0.73,us,12.01,7.645,0.046,132
49.9421,158.497,27.854,4.5,72,227.0,3.087,0.55,us,12.13,6.99,0.065,70
51.6223,160.0907,10.0,4.3,38,127.0,1.659,0.88,us,8.13,1.895,0.093,33
51.0471,159.1274,27.747,4.8,63,123.0,2.001,0.94,us,9.19,5.573,0.073,59
51.0821,158.8894,38.587,4.5,13,231.0,1.95,0.29,us,13.08,9.228,0.204,7
50.9275,160.2274,10.0,4.2,18,155.0,2.315,1.06,us,9.92,1.965,0.147,14
-27.7912,-178.3832,10.0,4.5,21,222.0,1.503,0.81,us,10.04,1.984,0.132,17
-21.085,-68.6888,129.227,4.2,29,61.0,0.747,0.82,us,5.63,4.331,0.14,14
35.6952,140.036,76.733,4.6,50,132.0,1.703,0.58,us,9.09,7.446,0.088,38
51.4089,159.303,10.0,4.5,48,135.0,1.666,0.58,us,10.46,1.889,0.085,41
50.1567,158.5962,10.0,4.5,53,126.0,2.871,0.87,us,9.63,1.895,0.068,64
49.8937,158.2996,10.0,5.0,154,52.0,3.241,0.5,us,9.28,1.817,0.048,139
-6.1146,149.0611,10.0,4.3,17,121.0,3.456,1.03,us,8.68,1.774,0.143,14
32.3382,56.224,10.0,4.1,15,127.0,7.366,1.13,us,14.5,1.979,0.114,23
51.4368,160.8984,10.0,4.4,26,138.0,2.106,0.72,us,6.51,1.907,0.149,13
52.2899,159.5543,35.0,4.8,82,120.0,0.918,0.88,us,4.09,1.936,0.053,110
-6.4839,147.3433,35.0,4.2,23,111.0,2.908,0.73,us,9.15,1.942,0.136,15
53.0191,159.7545,59.686,4.6,100,88.0,0.667,1.03,us,8.32,6.012,0.039,197
52.3722,160.6769,26.021,4.9,66,122.0,1.395,1.0,us,8.58,5.452,0.044,165
-7.2642,129.088,133.453,4.4,13,107.0,5.342,0.77,us,10.3,7.989,0.267,5
49.1581,156.213,26.728,4.8,164,50.0,4.065,0.56,us,7.69,4.226,0.043,169
5.5018,126.3808,94.639,4.9,95,106.0,1.179,0.63,us,6.96,6.739,0.062,81
53.5404,-163.4145,35.0,4.3,78,167.0,1.123,0.84,us,2.79,1.919,0.088,37
-20.7248,-68.9776,100.041,4.1,18,87.0,0.572,0.62,us,4.23,5.79,0.174,9
9.169,126.2239,67.09,4.8,67,92.0,2.181,0.84,us,10.95,6.746,0.049,127
41.7453,141.3621,122.029,4.2,31,115.0,0.981,0.7,us,9.18,9.19,0.124,18
13.774,39.9181,10.0,4.1,36,91.0,3.625,0.67,us,8.61,1.911,0.097,30
50.9121,-178.9089,10.0,3.9,46,210.0,0.645,1.11,us,4.85,1.456,0.069,55
-22.1436,-179.7559,606.114,4.4,50,135.0,4.837,0.81,us,13.69,8.541,0.084,42
52.4507,160.9395,10.0,5.1,61,136.0,1.506,0.87,us,4.61,1.887,0.027,428
51.1233,158.738,29.535,4.2,59,135.0,1.904,0.76,us,11.72,6.318,0.066,65
-4.6612,152.4077,105.784,4.8,60,95.0,0.527,0.75,us,9.4,5.769,0.048,135
-16.9629,168.5344,10.0,4.6,13,147.0,1.977,0.55,us,9.32,1.958,0.173,10
54.4964,-159.8493,36.422,3.9,31,184.0,0.368,0.81,us,6.8,10.066,0.209,6
52.953,160.9277,10.0,5.3,38,118.0,1.379,0.63,us,9.37,1.889,0.118,24
35.6406,140.1532,69.473,4.3,36,130.0,1.813,0.54,us,7.6,8.495,0.122,19
52.5265,160.8204,31.483,4.6,22,131.0,1.409,1.24,us,13.07,6.266,0.132,17
-52.8962,22.0141,10.0,4.4,23,77.0,20.523,0.66,us,10.93,1.87,0.12,21
3.7982,126.1129,72.496,4.2,17,146.0,1.123,1.18,us,10.21,15.584,0.176,11
51.5799,160.3171,10.0,4.4,11,187.0,2.219,1.08,us,10.85,1.962,0.179,9
50.1569,157.6475,34.849,4.3,23,138.0,2.938,0.68,us,7.56,6.319,0.137,16
50.4088,157.936,10.0,4.5,37,134.0,2.656,1.01,us,12.58,1.907,0.057,92
50.933,157.8383,31.271,4.4,14,128.0,2.153,0.34,us,11.52,6.853,0.131,17
38.0671,142.0114,59.785,4.3,50,122.0,2.816,0.49,us,3.89,7.627,0.091,38
49.7976,159.004,10.0,4.3,26,136.0,3.238,0.39,us,10.27,1.921,0.142,14
-5.8036,146.2002,115.861,4.1,15,142.0,3.702,0.48,us,10.73,9.872,0.151,12
52.3363,159.7504,37.28,4.4,33,120.0,0.96,0.77,us,9.23,4.459,0.095,32
-6.4544,131.2977,35.0,4.5,31,93.0,3.637,0.48,us,12.22,1.931,0.11,24
-29.6809,-177.2747,35.0,4.7,18,125.0,18.146,0.67,us,10.54,1.941,0.117,22
-28.6596,-67.9831,10.0,4.3,15,165.0,2.263,0.38,us,4.41,1.901,0.376,2
-9.7209,124.4911,10.0,4.4,18,124.0,0.223,1.21,us,4.33,1.93,0.18,9
49.3716,156.3627,34.158,4.5,73,134.0,3.835,0.94,us,10.4,5.639,0.048,127
-16.4915,-173.5353,38.097,4.1,28,100.0,3.075,0.64,us,10.15,7.092,0.12,19
-55.4729,-28.2657,51.736,4.8,67,72.0,4.895,0.44,us,10.17,3.875,0.073,57
60.4356,-139.5505,2.821,3.7,48,51.0,0.488,1.11,us,1.66,5.341,0.226,5
-57.2527,-67.3642,10.0,5.0,34,159.0,2.331,0.67,us,8.64,1.919,0.082,47
45.5092,150.7402,64.387,4.4,25,174.0,5.723,0.94,us,14.41,8.265,0.143,14
52.5061,160.862,10.0,4.2,38,145.0,1.441,1.23,us,10.94,1.96,0.112,25
-48.8913,-8.8268,10.0,4.6,21,101.0,23.021,0.84,us,14.31,1.939,0.117,22
-6.1344,129.9037,155.384,4.6,75,28.0,3.958,0.88,us,8.17,7.083,0.056,95
-60.2485,-25.2422,10.0,4.1,12,205.0,14.509,1.05,us,20.58,2.167,0.175,9
50.9031,157.4111,44.347,4.3,31,129.0,2.216,0.62,us,7.32,8.429,0.108,24
8.846,-39.9278,10.0,4.6,19,71.0,13.155,0.77,us,11.66,1.899,0.132,17
49.9329,157.3474,27.075,4.6,54,136.0,3.187,0.47,us,10.99,5.716,0.05,122
-57.9449,-25.0351,42.871,4.5,17,119.0,7.377,1.37,us,11.45,8.639,0.139,16
0.9916,120.5479,596.654,4.6,78,76.0,2.822,0.71,us,10.96,8.136,0.055,100
52.2422,160.3207,35.0,4.3,30,123.0,1.284,1.29,us,8.98,1.93,0.116,21
2.0809,97.0491,10.0,4.2,14,186.0,0.934,0.7,us,7.85,1.978,0.175,9
51.5468,159.6746,44.532,4.3,29,127.0,1.607,0.77,us,4.19,7.609,0.114,24
-5.0562,151.1592,141.886,4.2,34,93.0,1.14,0.72,us,11.26,3.116,0.1,28
-8.7829,127.2727,10.0,4.6,24,104.0,4.98,0.62,us,10.12,1.894,0.137,18
23.9524,122.6959,20.209,4.4,30,91.0,0.588,0.74,us,4.34,5.849,0.144,14
2.5853,-79.7833,10.0,4.3,41,161.0,1.589,0.64,us,7.59,1.736,0.104,26
30.3969,138.2382,442.091,4.5,71,99.0,3.024,0.35,us,10.89,4.033,0.033,268
53.2326,160.6367,35.0,4.4,14,172.0,1.215,0.7,us,12.85,1.992,0.19,8
32.3157,76.638,10.0,4.1,47,163.0,6.289,0.94,us,9.93,1.92,0.103,26
53.0021,161.2123,26.808,4.3,59,128.0,1.548,0.61,us,11.18,6.066,0.08,44
36.2039,36.1124,10.0,4.1,26,127.0,0.857,1.19,us,4.97,1.848,0.303,3
-5.0344,101.7423,10.0,4.4,26,83.0,1.382,0.65,us,4.54,1.909,0.138,15
-13.2903,167.002,206.545,4.4,27,146.0,2.153,1.06,us,14.48,6.581,0.108,25
1.553,127.3554,154.92,4.1,37,81.0,0.776,0.78,us,6.97,4.085,0.12,22
41.0731,75.1541,10.0,4.5,52,86.0,0.107,1.03,us,4.25,1.894,0.097,31
51.2485,159.5548,10.0,4.3,26,134.0,1.863,0.64,us,5.42,1.824,0.119,20
60.4474,-139.5567,5.0,4.4,100,53.0,0.495,0.84,us,1.32,1.901,0.143,14
7.159,126.739,79.427,4.3,33,131.0,1.154,1.16,us,11.18,7.694,0.105,26
49.2367,154.7314,84.212,4.1,28,137.0,4.302,0.51,us,12.02,4.06,0.123,18
-10.7121,166.0714,167.65,4.4,33,139.0,4.834,0.77,us,13.47,8.461,0.105,26
-56.3438,-26.7254,66.373,4.6,25,172.0,5.944,0.68,us,9.21,9.385,0.112,24
-30.9679,-179.3514,199.19,4.6,24,139.0,6.857,1.12,us,11.89,8.801,0.109,25
51.1575,-177.6196,47.552,3.9,38,225.0,0.624,0.6,us,5.97,13.638,0.148,12
52.0961,159.2382,35.0,5.0,118,95.0,0.996,0.91,us,8.57,1.841,0.033,302
49.8811,155.8327,93.441,4.0,40,137.0,3.436,0.63,us,11.22,7.933,0.102,26
53.4639,160.0373,70.746,4.2,28,163.0,0.943,0.7,us,13.62,10.476,0.112,22
-20.5563,-68.8995,94.341,4.4,29,58.0,0.477,0.88,us,5.4,5.379,0.123,19
52.33,162.1056,10.0,4.0,35,135.0,2.216,0.68,us,12.15,1.912,0.113,21
6.7524,-72.9558,162.717,4.3,36,121.0,2.331,0.84,us,9.04,7.851,0.089,36
-58.7317,-24.4711,10.0,4.5,23,184.0,7.999,0.56,us,15.21,1.984,0.115,22
53.0514,161.5388,10.0,4.5,57,118.0,1.745,0.52,us,9.39,1.853,0.082,43
51.0846,158.9278,35.26,4.2,18,138.0,1.949,0.41,us,13.46,8.25,0.128,17
-11.312,165.8242,55.485,4.5,42,115.0,4.324,0.58,us,10.12,7.452,0.089,37
50.8267,160.273,10.0,4.5,141,133.0,2.418,0.68,us,8.29,1.894,0.035,235
-24.7739,179.7681,513.574,4.1,18,147.0,11.115,0.6,us,19.55,18.352,0.135,15
52.8721,160.8301,10.0,5.2,76,122.0,1.328,0.73,us,10.22,1.872,0.041,199
40.3439,24.0525,10.0,4.4,22,67.0,1.221,1.24,us,5.26,1.934,0.239,5
-9.1674,-75.1848,109.6,4.2,17,115.0,3.242,0.48,us,8.72,8.942,0.175,9
-60.0779,-62.4141,10.0,4.5,34,127.0,4.775,0.76,us,9.11,1.885,0.103,31
51.9682,161.5235,10.0,4.7,64,126.0,2.05,0.99,us,3.2,1.87,0.048,133
-30.1715,-177.5487,35.0,4.3,14,243.0,8.136,0.96,us,9.42,2.008,0.169,10
71.514,-12.1922,10.0,4.3,30,107.0,3.354,0.8,us,7.17,1.876,0.116,21
51.5499,159.5243,10.0,4.8,68,127.0,1.57,1.28,us,8.32,1.874,0.053,108
51.1972,159.1672,35.0,4.2,20,138.0,1.857,0.49,us,12.63,1.958,0.159,13
16.4618,-59.737,10.0,4.2,27,234.0,1.275,0.53,us,7.43,1.973,0.304,3
52.2573,160.3981,10.0,4.4,44,152.0,1.313,0.78,us,9.33,1.897,0.095,32
50.103,157.6078,35.115,4.4,40,125.0,2.996,0.93,us,12.13,6.231,0.095,32
50.1143,159.4248,10.0,4.5,61,135.0,2.953,0.6,us,8.54,1.892,0.061,78
10.0457,125.8534,87.356,4.7,60,114.0,2.969,0.68,us,10.6,7.251,0.054,104
51.5974,159.499,35.0,4.8,32,137.0,1.52,0.76,us,11.09,1.908,0.103,29
51.1022,160.8218,10.0,4.2,37,135.0,2.345,0.83,us,11.49,1.909,0.105,25
-2.1389,139.5936,40.498,4.7,29,79.0,1.17,1.28,us,6.51,7.438,0.112,24
4.4657,-82.747,10.0,4.2,33,159.0,5.01,0.7,us,6.32,1.838,0.115,21
16.3136,40.8407,10.0,4.4,28,105.0,3.838,0.85,us,10.84,1.862,0.117,21
-65.6088,-176.4487,10.0,4.6,17,158.0,13.276,0.84,us,14.87,1.963,0.146,14
51.3721,159.5822,10.0,4.5,14,193.0,1.751,0.92,us,9.23,1.957,0.191,8
37.1388,68.2923,10.0,4.6,34,148.0,1.619,0.57,us,8.29,1.926,0.085,42
-5.481,151.806,47.426,4.5,27,90.0,1.33,0.6,us,6.71,6.916,0.132,21
37.7868,19.8367,25.471,4.5,128,62.0,1.769,0.69,us,5.38,5.365,0.067,65
45.6032,26.3657,136.431,4.1,42,51.0,0.316,1.22,us,7.38,6.332,0.131,17
41.143,143.0842,41.623,4.3,46,142.0,0.873,0.74,us,7.31,5.408,0.092,33
1.5433,127.1003,117.586,4.5,80,72.0,0.811,0.66,us,6.35,6.185,0.071,59
51.8646,155.998,200.867,4.1,34,137.0,1.623,0.29,us,15.32,8.454,0.107,24
53.1383,161.0665,35.0,4.3,18,178.0,1.462,0.75,us,11.81,1.997,0.168,10
29.2666,129.3392,10.0,4.9,65,85.0,2.433,0.56,us,7.03,1.756,0.048,138
0.0511,123.3452,140.121,4.5,57,73.0,1.228,0.75,us,10.85,6.284,0.079,47
51.7599,160.1586,10.0,5.6,50,122.0,1.567,0.64,us,9.74,1.886,0.097,37
29.3263,129.5778,10.0,4.7,45,110.0,2.303,0.6,us,6.85,1.879,0.061,88
51.403,160.751,10.0,4.4,49,154.0,2.075,0.59,us,10.52,1.923,0.079,46
50.9407,158.5441,35.0,4.2,15,137.0,2.087,1.15,us,10.3,1.93,0.175,10
-60.5345,-26.9609,10.0,4.6,36,84.0,14.683,0.77,us,11.49,1.898,0.091,36
50.9799,159.4363,10.0,4.3,15,256.0,2.386,0.49,us,14.04,2.001,0.169,10
49.3182,155.4996,73.373,4.6,93,169.0,4.039,0.61,us,12.56,8.852,0.051,112
-33.4808,-70.0832,113.693,4.1,23,128.0,0.086,0.3,us,5.9,5.084,0.3,3
-52.9951,22.1673,10.0,4.6,16,95.0,20.626,0.87,us,14.95,1.914,0.141,15
-22.7284,170.9369,10.0,4.4,29,132.0,3.226,0.73,us,10.02,1.878,0.138,15
53.3142,160.5301,35.0,4.4,29,169.0,1.715,0.93,us,7.96,1.952,0.115,22
31.6492,138.1785,378.015,3.8,34,89.0,2.013,0.72,us,10.35,8.974,0.114,20
23.8325,121.8625,17.152,4.5,48,66.0,0.419,0.94,us,2.85,0.883,0.075,52
51.3326,160.6663,10.0,4.4,52,122.0,2.1,0.69,us,10.24,1.908,0.074,53
-43.7809,-16.2259,10.0,5.0,76,67.0,7.338,0.42,us,10.77,1.851,0.07,69
51.3484,159.7882,13.223,4.6,82,128.0,2.181,0.88,us,8.86,4.936,0.067,67
48.3624,154.7331,50.021,4.3,31,162.0,5.111,0.66,us,12.47,8.833,0.116,21
52.7173,-173.0902,217.735,3.4,34,150.0,0.76,0.56,us,15.39,11.3,0.136,13
18.6719,145.3867,208.086,3.9,20,125.0,3.434,0.45,us,9.97,10.21,0.149,12
34.4204,140.2268,114.964,4.1,29,135.0,1.347,0.48,us,10.52,8.881,0.127,17
13.6478,120.8577,208.633,4.3,74,74.0,8.018,0.79,us,10.19,8.568,0.07,58
-3.2992,129.0835,23.328,4.1,29,61.0,1.465,0.67,us,4.27,5.454,0.12,22
52.7641,160.7261,10.0,4.2,25,162.0,1.284,1.02,us,10.38,1.855,0.136,15
52.2801,160.3252,43.371,4.7,54,123.0,1.801,1.12,us,10.2,7.073,0.082,45
52.3232,158.5801,89.371,4.6,36,122.0,0.703,1.3,us,11.01,7.364,0.099,30
52.5492,160.6448,10.0,4.1,25,205.0,1.301,0.38,us,11.49,1.979,0.102,26
52.3906,160.7468,10.0,5.1,78,134.0,1.425,0.99,us,10.72,1.898,0.072,62
21.5954,121.8629,10.0,4.4,60,91.0,1.416,0.57,us,7.2,1.904,0.08,53
-7.2049,125.917,10.0,4.7,31,77.0,3.894,0.9,us,10.51,1.894,0.099,31
-31.2474,-178.8334,77.894,4.5,20,158.0,2.144,0.77,us,14.04,10.309,0.135,17
-40.5083,175.7816,35.0,4.3,34,64.0,0.217,0.95,us,3.43,1.931,0.153,12
7.7672,126.876,82.736,4.8,101,106.0,1.461,1.12,us,9.59,3.326,0.059,90
-54.6475,158.6203,10.0,4.6,22,128.0,0.239,0.85,us,6.41,1.947,0.141,15
51.6708,159.9679,10.0,4.3,19,218.0,1.578,0.87,us,7.28,1.97,0.168,10
50.6857,157.0186,64.782,4.3,49,135.0,2.463,0.48,us,11.1,7.612,0.094,32
52.7596,160.6849,10.0,4.1,38,148.0,1.261,0.77,us,9.36,1.938,0.109,24
13.2819,95.8494,20.36,4.3,18,103.0,3.365,0.3,us,10.01,5.877,0.169,11
53.3544,160.9044,36.877,4.6,59,132.0,1.397,0.62,us,13.25,7.841,0.076,52
27.1149,52.9585,10.0,4.0,19,172.0,3.632,0.5,us,12.6,1.967,0.163,10
50.2169,156.6535,56.351,4.0,22,137.0,2.968,1.05,us,4.6,8.589,0.139,14
39.3391,114.4477,10.0,4.6,49,96.0,1.494,0.57,us,9.1,1.89,0.073,56
-7.008,130.6568,73.928,4.3,37,50.0,2.58,0.68,us,7.8,7.634,0.116,21
33.0193,88.3561,10.0,5.0,81,84.0,4.068,0.84,us,4.94,1.786,0.053,112
-36.2734,-101.3359,10.0,4.4,11,152.0,35.556,0.39,us,20.19,1.935,0.18,9
-23.298,-177.1322,185.588,4.5,58,122.0,7.132,0.85,us,14.32,7.956,0.066,67
42.2549,81.3974,10.0,4.6,61,81.0,1.769,0.81,us,5.67,1.888,0.089,38
-26.9686,26.8444,5.0,4.3,16,81.0,2.16,0.86,us,5.54,1.935,0.265,4
51.6158,160.3107,10.0,4.5,31,160.0,1.74,0.96,us,10.13,1.96,0.119,21
19.6195,-108.8654,10.0,4.1,98,202.0,3.856,0.53,us,11.33,1.971,0.052,101
65.8196,-37.5333,10.0,4.6,55,117.0,5.387,0.83,us,8.41,1.902,0.035,243
4.4911,-73.2066,10.0,4.4,23,76.0,1.165,0.33,us,6.1,1.901,0.134,16
12.9962,145.7424,10.0,4.2,24,104.0,1.035,0.78,us,4.33,1.922,0.166,10
-6.5132,132.4127,10.0,4.5,28,71.0,3.185,0.83,us,5.95,1.642,0.128,18
52.9723,160.5872,39.75,4.3,12,118.0,1.172,0.82,us,10.37,8.152,0.217,7
52.4386,160.6506,10.0,4.4,33,151.0,1.35,0.62,us,7.06,1.933,0.126,20
38.2353,141.89,68.806,4.3,18,160.0,2.629,0.68,us,9.89,9.655,0.187,8
51.5576,159.5842,22.818,4.7,44,127.0,1.576,1.34,us,8.97,5.894,0.091,36
-29.8167,-71.7071,15.937,4.3,34,145.0,0.42,0.88,us,4.0,1.788,0.16,11
51.9812,159.8638,10.0,5.0,63,121.0,1.281,0.74,us,5.58,1.71,0.064,78
18.2509,146.4726,93.96,4.2,17,150.0,3.064,0.48,us,8.41,9.553,0.153,12
64.4923,-17.9921,10.0,4.2,36,136.0,1.46,0.85,us,7.88,1.921,0.113,22
-6.2642,148.7998,53.627,4.2,20,118.0,3.518,0.63,us,11.08,7.438,0.132,16
8.9418,-40.5029,10.0,4.6,23,71.0,12.636,0.78,us,6.88,1.883,0.126,19
51.3546,159.589,10.0,4.2,32,168.0,1.768,1.0,us,6.21,1.958,0.118,20
-21.716,-69.086,94.089,4.1,16,65.0,0.165,0.41,us,3.96,8.008,0.213,6
-20.0054,-178.2834,622.929,4.6,76,120.0,4.134,0.63,us,12.74,5.763,0.066,68
52.6348,159.1796,62.543,4.7,173,118.0,0.505,0.72,us,6.67,5.824,0.037,223
35.7618,140.0357,85.358,4.6,56,121.0,1.671,0.82,us,6.34,6.506,0.074,55
-23.4303,179.0358,559.959,4.6,54,132.0,5.731,0.95,us,13.78,9.717,0.057,93
-7.3932,128.8747,168.354,4.1,17,65.0,5.125,1.25,us,7.34,10.71,0.303,3
9.6784,126.2416,32.153,4.5,57,102.0,2.673,0.47,us,11.95,4.812,0.078,48
-25.349,179.7565,502.35,4.4,36,132.0,7.731,0.78,us,13.9,10.452,0.107,25
-53.1933,9.2838,10.0,4.2,15,99.0,19.296,0.57,us,14.8,1.933,0.14,14
-33.9256,-178.3594,10.0,4.5,17,248.0,4.529,0.41,us,14.83,2.001,0.157,12
51.5015,160.4463,10.0,4.1,16,189.0,1.882,1.01,us,12.79,1.989,0.166,11
29.0344,138.6988,492.848,4.7,213,47.0,3.635,0.6,us,9.39,6.006,0.03,348
21.8711,119.6383,10.0,4.6,42,99.0,1.633,0.65,us,6.75,1.89,0.092,35
27.338,52.482,10.0,4.2,41,115.0,4.107,0.84,us,8.62,1.928,0.098,29
51.2935,160.7032,10.0,4.2,51,130.0,2.145,0.52,us,8.95,1.901,0.088,36
51.9161,159.6644,35.0,4.1,17,154.0,1.271,1.02,us,8.06,1.984,0.151,12
51.2808,158.8548,35.0,4.6,57,132.0,1.75,0.76,us,10.48,1.931,0.042,166
39.162,28.1825,10.0,4.4,26,51.0,0.998,1.08,us,4.27,1.924,0.19,8
-51.012,162.1062,10.0,4.7,38,93.0,3.986,0.67,us,9.22,1.892,0.123,22
50.8934,158.3331,10.0,4.4,34,165.0,2.142,0.5,us,12.3,1.963,0.112,23
-58.926,-26.2034,126.3,5.5,121,38.0,7.335,0.56,us,8.83,4.108,0.054,120
-24.2455,-67.0137,217.234,4.1,23,100.0,1.673,0.5,us,10.78,16.008,0.213,6
52.3281,160.2938,17.499,5.1,142,127.0,1.761,0.75,us,9.34,4.334,0.051,126
-5.5096,152.1174,49.848,4.7,39,140.0,1.198,0.82,us,8.3,5.953,0.064,73
-21.1671,-173.342,10.0,4.6,28,122.0,3.824,0.88,us,9.95,1.89,0.119,21
-49.4051,123.6767,10.0,4.5,20,117.0,17.148,1.17,us,14.79,1.918,0.127,18
-52.8739,21.8555,10.0,4.4,16,96.0,20.367,0.28,us,14.44,1.911,0.143,14
-4.4241,144.3302,133.215,5.1,176,18.0,3.844,0.54,us,6.25,4.679,0.048,143
11.1307,124.1963,10.0,4.8,41,102.0,10.516,0.58,us,11.98,1.894,0.107,29
50.4064,158.0205,10.0,4.1,26,132.0,2.65,0.7,us,11.38,1.924,0.131,16
29.0247,86.7789,10.0,4.3,18,163.0,3.855,0.75,us,10.65,1.932,0.153,12
52.3909,160.496,10.0,4.1,30,151.0,1.29,0.95,us,7.99,1.894,0.123,18
29.7666,143.1416,10.0,4.3,21,162.0,2.791,0.7,us,10.76,1.519,0.148,13
16.8635,120.0268,35.0,5.4,87,46.0,6.005,0.85,us,8.15,1.866,0.04,209
44.2437,148.7377,10.0,4.2,34,140.0,4.422,0.81,us,11.11,1.929,0.116,21
30.48,141.2892,38.204,4.4,20,111.0,2.912,0.82,us,8.51,7.055,0.155,12
19.3811,145.2434,185.986,4.1,17,150.0,4.15,0.65,us,15.32,10.758,0.139,14
54.9538,-161.0595,80.002,3.4,34,152.0,0.503,0.45,us,4.85,6.296,0.245,4
51.2863,159.087,35.0,4.3,22,226.0,1.76,0.92,us,13.02,1.986,0.137,15
51.9493,159.4549,40.062,4.5,58,121.0,1.183,0.69,us,9.16,7.466,0.048,128
-8.2613,107.1413,35.0,4.7,55,68.0,0.94,0.65,us,7.38,1.886,0.087,40
28.9429,76.8282,10.0,4.1,28,279.0,9.568,0.57,us,11.04,1.998,0.139,14
-3.1423,127.5118,35.484,4.7,36,54.0,2.753,1.08,us,8.22,8.615,0.108,26
-6.1773,131.1885,65.107,4.6,56,90.0,2.083,0.55,us,7.51,7.54,0.083,43
32.9099,76.2043,35.0,4.1,26,269.0,5.611,1.33,us,14.03,2.006,0.174,9
-29.1478,-71.1183,53.315,4.3,33,132.0,0.39,0.62,us,4.48,6.798,0.154,12
51.376,159.6812,10.0,5.4,90,87.0,1.768,1.16,us,7.27,1.832,0.037,249
50.6793,159.1171,10.0,4.1,24,187.0,2.365,0.87,us,12.3,1.972,0.124,18
-60.3604,-61.9665,10.0,4.9,28,116.0,4.534,0.73,us,11.65,1.098,0.177,12
-9.7982,150.5605,10.0,4.4,23,91.0,3.376,0.54,us,9.72,1.897,0.143,15
52.2064,158.6973,10.0,4.4,124,113.0,0.819,0.7,us,4.09,1.84,0.05,116
52.6351,160.8157,10.0,4.9,77,121.0,1.37,0.85,us,8.32,1.877,0.034,274
52.5071,160.7335,35.25,4.2,29,121.0,1.368,1.12,us,5.49,8.01,0.115,21
55.8412,162.4201,64.891,4.4,88,96.0,3.58,0.68,us,9.31,6.368,0.056,94
10.6718,57.2026,10.0,4.7,45,61.0,13.09,1.35,us,11.55,1.826,0.091,37
37.512,72.1995,197.088,4.0,40,157.0,0.831,0.6,us,7.53,6.34,0.155,11
52.8924,161.2734,10.0,4.8,105,119.0,1.592,0.81,us,8.68,1.875,0.034,270
35.5092,22.589,56.728,4.4,46,134.0,1.75,0.6,us,6.77,6.422,0.084,41
-52.7853,19.7054,10.0,4.6,14,118.0,20.409,0.61,us,9.98,1.902,0.164,11
38.2378,22.0706,10.0,4.4,30,115.0,0.809,0.41,us,3.65,1.885,0.154,12
-55.1495,-126.6904,10.0,5.1,119,63.0,30.658,0.55,us,11.04,1.775,0.052,120
-60.3422,-61.6432,10.0,4.8,27,118.0,4.586,0.96,us,11.79,1.854,0.16,19
20.7633,96.9288,10.0,4.2,29,122.0,1.931,0.67,us,8.04,1.899,0.124,20
70.828,-6.5745,10.0,4.1,23,108.0,0.655,0.56,us,7.04,1.94,0.14,14
-4.5255,125.4461,436.451,4.0,28,63.0,2.722,0.83,us,12.73,9.679,0.149,12
31.767,50.9071,10.0,4.4,53,123.0,5.495,0.56,us,11.84,1.923,0.077,49
13.0523,50.1399,10.0,4.4,35,70.0,5.786,0.75,us,6.78,1.91,0.109,24
-22.5717,-67.6221,164.474,4.5,60,41.0,0.638,0.76,us,6.42,4.954,0.064,71
-20.2519,-178.5925,628.026,4.6,55,96.0,4.036,0.64,us,13.51,9.233,0.075,54
55.4542,166.3641,10.0,4.7,98,91.0,5.138,0.67,us,8.6,1.874,0.034,266
1.3278,126.6194,35.485,4.5,69,48.0,0.929,0.96,us,4.94,2.221,0.077,50
-30.8453,-71.233,59.005,4.5,53,105.0,0.386,0.77,us,4.26,4.29,0.125,19
27.9568,104.8863,10.0,4.5,35,154.0,4.647,0.65,us,11.57,1.925,0.104,27
9.0513,126.2212,10.0,4.3,19,133.0,2.069,0.61,us,10.54,1.916,0.147,13
28.3833,97.3521,10.0,4.5,21,137.0,9.265,0.45,us,7.98,1.913,0.145,14
51.5352,159.8356,10.0,4.6,20,121.0,1.659,0.61,us,6.42,1.932,0.158,12
29.6178,140.6583,127.992,4.6,73,99.0,2.85,0.94,us,9.7,7.785,0.068,64
-2.2387,139.5946,35.0,4.4,25,118.0,1.141,0.75,us,5.32,1.912,0.115,22
51.3779,159.975,35.0,4.5,19,254.0,1.839,0.61,us,11.52,2.01,0.145,15
2.0682,96.6309,26.827,4.5,43,181.0,1.211,0.54,us,7.44,6.437,0.09,36
-10.2863,161.0221,70.115,4.3,20,133.0,1.353,0.5,us,10.45,4.188,0.137,15
-5.2022,151.6993,117.783,4.5,62,70.0,0.947,0.79,us,9.51,7.65,0.079,47
-8.9619,-108.8322,10.0,4.9,60,132.0,19.691,0.9,us,8.72,1.897,0.06,87
52.1232,160.5376,10.0,5.0,94,134.0,1.463,0.76,us,10.46,1.888,0.051,121
-23.2131,-175.4845,35.0,4.4,19,209.0,8.265,1.27,us,10.72,1.985,0.131,17
52.5018,160.6432,10.0,4.2,49,119.0,1.319,0.71,us,9.12,1.899,0.084,40
5.1478,126.8482,80.331,4.4,32,70.0,1.425,0.63,us,6.73,8.564,0.109,24
29.6173,129.5385,10.0,4.4,32,112.0,2.044,0.53,us,6.41,1.916,0.12,20
-17.7719,167.7389,10.0,4.7,26,146.0,2.368,0.42,us,6.81,1.847,0.117,22
49.9781,158.6493,10.0,4.1,22,135.0,3.05,0.56,us,10.36,1.924,0.145,13
19.5291,144.8328,10.0,4.4,15,136.0,4.361,0.94,us,9.74,1.886,0.162,11
52.4694,160.352,24.799,4.5,29,150.0,1.174,0.85,us,8.57,6.529,0.127,18
-14.7934,167.8871,10.0,4.8,85,130.0,0.927,0.99,us,7.16,1.835,0.065,74
28.4842,105.1015,10.0,4.5,55,68.0,7.544,1.22,us,9.41,1.884,0.07,60
-25.4394,-177.1288,137.709,4.6,65,75.0,8.871,1.09,us,12.9,6.873,0.063,75
39.7066,143.0284,31.236,4.1,27,132.0,1.852,0.73,us,6.86,6.305,0.123,18
43.5394,147.7812,35.0,4.8,74,143.0,3.729,0.89,us,10.84,1.938,0.071,62
29.3941,130.4834,35.308,4.4,28,123.0,2.108,0.77,us,8.65,6.781,0.134,16
52.6868,161.3702,10.0,4.1,26,134.0,1.684,0.94,us,13.48,1.937,0.127,17
48.8612,156.301,10.0,5.6,114,54.0,4.343,0.94,us,8.11,1.755,0.021,769
-22.5156,-175.1089,10.0,5.0,49,141.0,17.054,0.44,us,13.71,1.466,0.1,32
47.3687,152.5664,117.466,4.2,34,132.0,6.62,0.92,us,14.19,10.356,0.108,24
42.2532,144.5659,35.0,4.4,84,132.0,1.075,0.65,us,6.8,1.922,0.067,69
3.1767,65.3473,10.0,4.3,16,209.0,15.977,0.56,us,10.13,1.953,0.188,8
-12.5107,166.5385,68.261,4.9,74,106.0,2.989,0.81,us,10.53,7.123,0.044,164
2.59,-31.1585,10.0,4.5,50,60.0,9.609,0.73,us,11.4,1.874,0.082,43
2.7733,128.3501,237.054,4.0,22,128.0,2.218,0.54,us,11.61,8.951,0.133,18
-34.9148,-111.5823,10.0,4.4,14,91.0,31.625,0.21,us,16.77,1.914,0.17,11
42.3287,144.4751,35.019,4.1,33,175.0,1.029,1.07,us,7.64,8.98,0.111,22
4.0476,127.8816,122.899,5.1,101,92.0,2.49,0.63,us,9.53,6.742,0.059,93
-18.132,168.3039,18.282,4.5,23,76.0,2.87,1.11,us,8.42,4.506,0.136,16
6.3252,125.8064,130.338,4.2,19,102.0,0.773,1.04,us,10.74,6.994,0.152,12
18.2307,-102.2938,56.13,4.2,64,203.0,1.733,1.23,us,8.25,9.022,0.039,184
7.4752,126.9216,10.344,4.6,82,73.0,1.391,0.86,us,7.77,4.421,0.057,93
43.5911,147.3447,55.299,4.3,16,204.0,3.46,1.01,us,15.23,13.204,0.16,11
8.8913,-84.0748,10.148,4.4,26,129.0,0.847,1.14,us,5.4,5.532,0.13,17
14.0921,145.3085,129.456,4.7,23,85.0,0.658,1.11,us,11.31,6.894,0.124,20
51.8149,-169.4577,10.0,4.2,63,141.0,0.987,0.95,us,4.26,1.872,0.075,50
-3.1216,148.4702,10.0,4.9,63,150.0,1.538,0.67,us,9.86,1.872,0.075,56
22.4055,143.1202,174.318,4.7,129,113.0,4.746,0.59,us,10.25,7.26,0.051,115
8.9324,-66.8932,8.446,4.3,38,68.0,2.58,0.59,us,7.72,4.189,0.129,17
-11.4339,166.3739,67.553,5.0,85,102.0,4.07,0.56,us,8.63,5.991,0.063,80
-5.4,152.2663,35.0,4.3,36,177.0,1.112,0.6,us,9.16,1.976,0.094,32
-56.135,-68.3922,10.0,4.0,10,145.0,2.584,0.82,us,7.76,1.93,0.259,4
-4.7775,104.2855,175.47,4.4,42,55.0,0.276,0.98,us,8.18,3.178,0.107,25
-18.0339,-179.2761,632.66,4.1,23,120.0,2.56,0.68,us,17.58,10.638,0.123,18
37.0416,28.4821,10.0,4.4,33,57.0,0.783,0.66,us,4.57,1.358,0.178,9
-23.4451,179.9704,559.83,4.3,52,89.0,5.949,0.44,us,14.18,5.737,0.1,28
39.4944,143.4536,30.402,4.1,24,151.0,2.242,0.66,us,8.97,6.864,0.165,10
37.2072,141.1066,51.068,4.4,29,134.0,2.416,0.62,us,4.33,8.448,0.13,17
50.6982,159.5,10.0,5.1,48,112.0,2.387,1.19,us,9.43,1.878,0.051,124
-32.9493,-178.1687,10.0,4.6,26,175.0,3.698,0.86,us,11.22,1.948,0.125,23
-60.2506,-61.856,10.0,5.1,64,92.0,4.653,0.97,us,8.59,1.787,0.064,79
-31.2347,-73.0604,10.0,4.3,23,146.0,1.765,0.37,us,6.58,1.463,0.237,5
52.0941,160.4904,29.511,4.4,19,229.0,1.459,1.12,us,14.1,8.579,0.161,11
-27.0266,-176.063,10.0,5.3,70,69.0,9.72,0.82,us,10.45,1.785,0.052,122
52.919,160.6041,35.0,4.3,33,162.0,1.186,0.66,us,12.66,1.901,0.116,21
51.2776,160.4296,10.0,4.3,48,134.0,2.064,0.78,us,9.99,1.909,0.094,32
-21.7269,-68.4249,131.822,4.3,18,87.0,0.763,0.74,us,5.88,7.398,0.267,4
7.3264,127.3499,15.686,4.5,39,127.0,1.775,1.13,us,8.24,4.561,0.093,34
-23.5749,178.8762,558.428,4.4,25,100.0,5.851,1.2,us,13.65,6.32,0.117,21
-7.0257,147.3571,49.747,4.2,17,120.0,2.372,1.14,us,11.33,8.872,0.124,18
-33.0595,-13.3452,10.0,5.0,58,59.0,4.087,1.06,us,9.76,0.861,0.072,61
51.0358,174.6866,10.0,3.9,27,206.0,1.735,0.91,us,7.74,1.794,0.148,12
-24.1993,179.8747,520.698,4.2,41,80.0,6.644,0.79,us,15.14,7.781,0.072,54
-6.1134,151.271,10.0,4.5,28,170.0,2.106,0.69,us,7.72,1.929,0.113,23
52.4467,160.5389,10.0,4.8,58,96.0,1.848,0.97,us,10.13,1.898,0.077,52
9.3592,93.818,10.0,4.5,36,94.0,5.764,0.95,us,10.49,1.903,0.11,24
25.9678,96.9455,10.0,4.5,23,133.0,5.253,0.74,us,10.86,1.924,0.156,12
-18.3391,167.6771,10.0,4.9,41,129.0,2.911,0.69,us,8.98,1.894,0.102,30
25.2719,123.9569,115.37,4.3,40,117.0,0.924,0.68,us,6.32,8.473,0.097,30
48.5461,157.5499,10.0,4.6,46,136.0,4.537,0.7,us,6.11,1.908,0.089,38
-19.5761,-69.4112,104.739,4.5,31,112.0,0.224,0.64,us,5.48,4.024,0.135,16
51.137,157.3056,83.788,4.5,18,168.0,1.989,0.98,us,12.3,9.064,0.171,10
-22.5769,-67.6422,176.17,4.2,36,65.0,0.62,0.9,us,6.71,10.492,0.175,9
-59.4211,-25.4353,10.0,4.3,22,120.0,7.945,1.36,us,13.06,1.942,0.129,21
-5.0328,151.767,82.848,4.7,89,97.0,0.925,0.88,us,10.21,6.282,0.058,93
-6.1652,151.4946,10.0,4.6,36,86.0,5.367,0.74,us,13.16,1.93,0.094,45
49.2367,158.5882,10.0,4.5,32,137.0,3.792,0.43,us,9.33,1.898,0.091,35
52.4254,160.6948,34.746,4.6,110,117.0,1.38,0.9,us,8.59,5.315,0.038,209
52.2371,160.42,10.0,4.3,18,152.0,1.336,1.14,us,6.58,1.945,0.153,12
52.4484,160.8817,10.0,4.4,21,207.0,1.474,0.51,us,7.91,2.002,0.139,15
6.2706,-82.7069,10.0,4.5,38,172.0,3.68,0.88,us,9.83,1.952,0.102,28
-0.1296,123.1429,125.43,5.0,99,30.0,0.979,0.92,us,6.29,5.244,0.039,209
3.3331,-31.2824,10.0,4.3,16,158.0,10.202,1.09,us,15.41,1.89,0.148,16
53.0989,160.7333,29.64,4.7,71,58.0,1.26,0.97,us,8.4,5.103,0.049,128
53.0302,160.9551,10.0,4.4,27,137.0,1.392,1.05,us,12.18,1.929,0.144,14
-2.1308,138.9934,35.0,4.5,28,76.0,0.971,0.89,us,6.16,1.831,0.116,22
-7.2644,129.4537,151.81,4.2,23,104.0,2.761,0.95,us,8.38,8.686,0.128,17
41.2125,142.9725,45.06,4.8,70,134.0,0.814,0.79,us,6.58,3.629,0.05,125
51.3111,-169.0059,10.0,4.2,55,185.0,1.543,0.55,us,6.68,1.937,0.085,39
19.3828,39.3851,10.0,4.3,39,135.0,6.773,1.19,us,10.93,1.956,0.089,36
-24.4078,-175.5172,10.0,4.7,20,237.0,5.277,0.59,us,14.89,1.991,0.115,23
52.1648,160.6812,21.154,4.7,49,122.0,1.508,1.34,us,9.65,5.576,0.067,68
19.4279,38.9931,10.0,4.1,29,138.0,8.685,0.82,us,12.0,1.956,0.111,22
22.6313,96.128,10.0,4.1,17,165.0,3.481,0.68,us,7.71,1.958,0.166,10
18.7861,-46.1404,10.0,4.6,53,113.0,19.914,0.72,us,15.6,1.917,0.082,44
42.5029,-126.4682,10.0,4.4,49,197.0,1.581,0.59,us,7.53,1.432,0.063,74
-5.7636,-80.7809,55.95,4.4,48,134.0,3.611,0.51,us,10.98,4.792,0.082,43
51.043,159.0621,18.614,5.1,116,110.0,2.0,0.64,us,8.37,4.432,0.033,294
-4.1381,128.7192,10.0,4.5,44,54.0,1.242,0.4,us,7.3,1.116,0.093,34
-57.3559,-67.9582,10.0,4.4,23,167.0,3.415,1.37,us,8.25,1.912,0.134,16
16.4789,-59.5812,10.0,5.2,108,58.0,1.425,0.52,us,6.68,1.876,0.044,174
-59.1356,-25.8003,121.82,4.6,42,133.0,7.626,0.69,us,9.5,8.826,0.102,31
2.4911,-76.2254,35.053,4.4,51,72.0,2.355,0.68,us,7.8,6.209,0.089,37
51.1723,159.6536,10.0,4.2,19,231.0,1.955,1.05,us,11.36,1.957,0.147,13
48.6211,157.4251,10.0,5.0,66,136.0,4.476,0.62,us,8.85,1.876,0.028,416
43.5668,-28.4232,10.0,4.6,52,124.0,6.201,0.63,us,11.85,1.898,0.083,43
1.0561,125.534,72.012,4.6,77,64.0,0.794,0.88,us,5.7,6.28,0.055,101
5.0719,125.6202,43.832,4.4,39,60.0,0.365,0.71,us,7.08,5.891,0.102,28
49.7621,157.3928,31.214,4.4,44,126.0,3.356,0.8,us,5.55,5.658,0.095,34
53.0062,161.3204,10.0,4.2,26,118.0,1.613,1.24,us,10.75,1.915,0.107,24
-2.8693,147.2599,10.0,4.4,22,80.0,0.827,1.48,us,6.8,1.271,0.139,15
-7.5549,128.4844,144.105,4.2,17,114.0,4.708,0.56,us,6.65,8.71,0.159,11
52.81,161.0671,26.364,4.6,26,120.0,1.479,0.89,us,7.93,4.801,0.132,17
36.2857,70.6103,104.431,4.1,35,96.0,2.139,1.08,us,7.33,9.951,0.114,21
31.4844,50.1239,10.0,4.2,24,151.0,5.118,1.31,us,9.65,1.963,0.121,19
36.6789,71.3884,155.622,4.3,44,165.0,1.85,0.53,us,8.83,9.805,0.09,35
5.3874,126.3197,56.09,4.2,30,173.0,1.06,0.47,us,7.2,8.619,0.104,26
28.1878,51.7175,10.0,4.4,41,84.0,5.154,0.69,us,8.94,1.91,0.127,18
0.2945,-60.5105,11.668,4.0,19,63.0,6.482,0.34,us,9.1,2.756,0.164,10
52.5607,158.8308,75.31,4.2,31,133.0,0.476,0.77,us,8.91,6.536,0.107,24
10.5892,-42.6348,10.0,4.3,21,55.0,11.309,0.68,us,11.32,1.631,0.133,16
-5.9341,147.6485,92.875,4.6,63,47.0,3.482,0.74,us,7.6,7.686,0.066,69
52.6369,160.1565,35.0,4.4,28,121.0,0.993,0.91,us,10.71,1.948,0.138,15
53.0425,161.1586,29.721,4.3,33,135.0,1.515,0.64,us,11.81,6.303,0.113,22
-6.0852,142.6566,10.0,4.9,63,47.0,3.237,1.01,us,6.93,1.88,0.061,83
50.2483,159.6183,10.0,4.4,25,136.0,2.844,0.59,us,11.61,1.932,0.112,23
39.3494,71.7208,10.0,4.2,16,131.0,0.142,1.41,us,3.56,1.924,0.187,8
26.1022,128.4489,10.0,4.5,26,89.0,0.748,0.61,us,4.2,1.834,0.128,18
-29.4335,-179.1442,334.44,4.6,54,134.0,8.722,0.71,us,14.02,6.866,0.071,60
49.0002,155.6825,54.831,4.2,31,75.0,4.305,0.53,us,11.47,6.084,0.098,29
13.4243,-92.402,10.0,4.6,44,233.0,1.396,0.98,us,10.16,1.985,0.036,227
52.2578,159.4085,55.346,4.5,52,150.0,0.895,0.88,us,7.68,7.384,0.093,34
14.6384,145.9817,127.319,4.5,22,152.0,0.62,1.0,us,12.85,7.009,0.135,16
7.6469,127.1659,10.0,4.8,98,75.0,1.675,1.1,us,6.35,1.765,0.056,98
13.58,-89.1021,141.256,4.3,55,161.0,0.208,0.5,us,13.68,8.258,0.072,54
51.825,159.6059,40.446,4.4,29,125.0,1.335,0.94,us,8.84,7.758,0.084,41
31.9675,131.9413,31.361,4.4,44,98.0,1.348,0.81,us,5.9,6.555,0.107,25
13.09,-88.6169,78.191,4.6,70,142.0,0.473,0.7,us,7.59,6.649,0.05,122
18.8183,-69.6585,104.119,4.4,83,52.0,0.43,1.09,us,6.04,6.941,0.038,199
37.7572,144.3239,10.0,4.3,17,159.0,3.945,0.39,us,5.16,1.952,0.169,10
3.444,126.4908,75.033,4.4,23,109.0,1.63,0.72,us,8.09,4.402,0.143,14
-3.3547,144.9897,10.0,5.3,56,86.0,2.708,0.48,us,5.64,1.85,0.081,52
51.625,159.3136,35.0,4.5,69,137.0,1.459,0.61,us,10.76,1.928,0.064,72
24.2501,125.2549,28.258,4.4,43,80.0,0.939,0.79,us,7.4,6.033,0.112,23
6.3591,127.1905,10.0,4.0,17,130.0,1.749,0.73,us,10.63,1.934,0.143,13
50.4377,157.4172,35.0,4.1,16,137.0,2.68,0.54,us,8.21,1.942,0.145,13
8.0041,126.9915,35.0,4.4,26,99.0,1.68,0.79,us,8.11,1.934,0.123,19
36.4991,70.7453,232.514,4.2,65,80.0,2.279,1.32,us,7.86,7.316,0.079,47
-15.2575,-73.3321,87.16,4.9,48,133.0,4.217,0.86,us,9.19,7.141,0.039,201
51.4092,160.9922,10.0,4.0,18,129.0,2.166,0.6,us,6.84,1.796,0.232,5
-8.6145,129.1101,10.0,4.6,25,90.0,4.141,0.65,us,7.01,1.889,0.128,18
50.1825,158.911,10.0,4.9,70,126.0,2.85,1.0,us,8.0,1.873,0.048,138
-25.0461,179.8571,510.671,4.6,30,135.0,7.457,0.8,us,13.98,10.904,0.082,44
-7.3874,154.4351,10.0,4.9,47,69.0,3.897,0.94,us,10.66,1.883,0.056,102
52.2025,159.0263,61.666,4.9,186,125.0,0.854,0.53,us,8.5,6.307,0.044,165
-3.9733,140.7437,63.278,4.1,11,132.0,1.45,0.75,us,4.69,15.771,0.174,9
-5.0736,153.4977,40.702,4.2,25,102.0,1.593,0.33,us,9.71,7.977,0.132,16
-62.9467,-157.8567,10.0,4.6,13,162.0,18.535,0.81,us,11.85,1.923,0.152,13
51.1772,159.7684,10.0,4.6,45,135.0,1.973,0.93,us,8.15,1.756,0.082,44
18.9676,145.4429,248.09,4.5,130,96.0,3.721,0.76,us,10.35,7.424,0.046,140
-6.6097,154.7994,25.472,5.0,87,62.0,3.558,0.42,us,8.68,4.448,0.057,100
52.8728,161.1066,10.0,5.0,92,117.0,1.494,1.2,us,9.54,1.872,0.034,274
51.0992,158.5497,35.0,4.2,24,128.0,1.928,1.16,us,9.53,1.95,0.146,14
-24.0011,-66.9945,167.671,4.3,70,54.0,1.508,1.01,us,7.56,7.071,0.067,63
0.2821,130.1837,20.713,4.3,17,124.0,1.565,0.49,us,11.23,5.886,0.153,12
27.585,56.1308,10.0,4.4,55,130.0,2.63,0.66,us,8.64,1.912,0.072,55
33.4409,-6.2869,10.0,3.8,21,84.0,0.953,1.0,us,4.95,1.927,0.208,6
51.6469,159.8703,10.0,4.4,73,126.0,1.569,0.7,us,7.83,1.884,0.071,63
51.1809,158.8957,43.213,4.4,33,122.0,1.852,0.94,us,5.58,7.769,0.11,24
53.1343,159.6823,65.679,4.4,48,164.0,0.633,0.84,us,8.92,7.664,0.076,50
52.9382,159.0322,83.464,4.4,50,160.0,0.246,0.58,us,8.17,4.542,0.087,38
51.8605,161.6829,10.0,4.1,22,167.0,2.191,0.45,us,6.91,1.976,0.157,11
52.0672,159.8494,35.0,4.2,33,113.0,1.206,0.84,us,6.17,1.915,0.105,25
51.3745,175.213,10.0,4.1,57,183.0,1.521,0.59,us,6.83,1.937,0.087,36
50.5248,157.8161,28.78,4.7,143,134.0,2.555,0.58,us,9.87,4.512,0.049,127
-20.1587,-177.7123,520.994,4.3,27,165.0,4.591,0.41,us,18.36,11.499,0.109,24
-20.0941,-69.0459,110.96,4.2,22,64.0,0.111,0.55,us,5.66,4.453,0.167,10
52.1943,159.7124,38.581,4.9,83,131.0,1.053,0.75,us,9.05,7.057,0.065,73
-11.9776,166.3038,58.458,4.3,20,145.0,3.558,0.52,us,11.87,9.12,0.142,15
43.2345,146.029,63.305,4.5,65,133.0,2.445,0.45,us,10.0,7.495,0.075,52
31.5239,50.1367,10.0,4.5,46,82.0,5.102,0.84,us,9.62,1.914,0.086,39
0.1654,121.7758,204.055,4.1,18,153.0,1.368,1.0,us,9.21,7.093,0.145,13
-21.8,-68.6279,121.783,4.2,21,54.0,0.571,0.68,us,6.0,5.948,0.186,8
-12.6601,166.4009,70.742,4.6,35,117.0,2.878,0.58,us,11.3,6.135,0.1,30
-33.6417,-179.3442,35.0,4.6,19,162.0,4.355,0.65,us,9.83,1.967,0.146,14
-23.8942,179.6029,568.441,4.5,32,138.0,6.288,0.71,us,14.52,12.74,0.108,25
28.0705,57.4736,10.0,4.4,30,147.0,3.314,0.83,us,10.76,1.909,0.103,27
51.8507,160.4148,10.0,4.4,29,185.0,1.596,0.81,us,13.11,1.956,0.12,20
-20.8871,68.3582,10.0,4.5,29,67.0,4.814,0.62,us,11.99,1.882,0.121,20
-7.1603,129.3383,144.716,4.2,15,123.0,5.114,1.27,us,11.71,22.604,0.305,3
52.7532,160.5753,35.0,4.5,77,134.0,1.198,0.67,us,9.73,1.916,0.052,111
-39.0771,78.1647,10.0,4.7,17,97.0,29.818,0.51,us,13.32,1.924,0.143,15
65.8887,-37.49,10.0,4.3,51,97.0,5.383,0.7,us,5.08,1.908,0.078,47
37.6266,144.1385,10.0,4.4,26,135.0,3.959,0.67,us,6.66,1.856,0.134,16
-21.1217,-175.7362,138.594,4.5,40,129.0,16.728,0.69,us,15.49,7.162,0.1,34
-28.9215,-67.7263,134.202,4.1,23,94.0,2.317,0.65,us,7.16,5.389,0.234,5
-20.8541,-178.4008,565.849,4.2,46,124.0,4.559,0.82,us,15.09,8.945,0.051,105
52.3091,160.0054,35.0,4.2,38,122.0,1.092,0.88,us,9.24,1.93,0.107,24
39.2176,28.0863,10.0,4.2,34,57.0,0.93,0.89,us,4.69,1.909,0.152,12
-16.8883,-174.2038,84.077,4.9,29,129.0,6.172,1.15,us,15.99,6.616,0.08,50
16.6079,-59.4498,10.0,4.2,21,216.0,1.578,0.67,us,10.35,1.966,0.2,7
51.9077,-177.3059,10.0,4.7,28,71.0,0.069,1.07,us,3.07,1.92,0.12,24
12.0875,-88.4631,10.0,4.5,60,176.0,1.38,0.69,us,7.21,1.976,0.076,51
-54.4615,-55.5637,10.0,4.3,14,136.0,7.011,0.99,us,13.34,1.958,0.154,12
-23.1745,-67.8161,142.253,4.3,32,46.0,0.401,1.06,us,6.47,3.752,0.109,24
52.4792,160.7599,10.0,4.7,37,165.0,1.393,0.95,us,9.91,1.73,0.108,26
15.8388,-96.2319,33.717,4.7,57,149.0,2.818,0.9,us,9.06,5.658,0.028,373
50.9796,158.2957,35.0,4.4,28,122.0,2.059,1.09,us,10.99,1.952,0.112,23
52.3755,160.6875,10.0,4.8,12,174.0,1.399,0.67,us,11.25,1.967,0.175,10
50.6307,159.9132,10.0,4.0,17,138.0,2.521,0.23,us,8.7,1.845,0.184,8
50.5716,159.2754,10.0,4.6,63,132.0,2.486,0.76,us,8.86,1.891,0.069,62
53.6341,159.6268,10.0,4.2,17,131.0,0.847,0.81,us,9.32,1.953,0.167,13
11.203,124.0679,10.0,4.7,46,88.0,4.37,0.81,us,10.83,1.904,0.093,35
11.6672,141.4627,10.0,4.4,18,132.0,3.834,1.33,us,14.64,1.942,0.178,9
1.8647,128.5913,10.0,4.5,36,84.0,1.636,0.78,us,9.02,1.884,0.088,44
-6.3623,148.0242,68.85,4.5,26,78.0,3.142,0.84,us,5.81,9.26,0.131,17
-20.6232,-177.9692,515.368,4.4,24,211.0,4.725,0.5,us,24.56,21.212,0.12,21
-17.9963,-178.3069,529.956,4.5,133,41.0,2.685,0.68,us,11.67,6.197,0.047,133
1.4953,127.242,123.663,4.3,60,79.0,0.729,0.69,us,6.94,6.9,0.077,48
54.5047,-159.8347,33.397,4.4,59,161.0,0.357,0.82,us,5.05,5.076,0.106,26
40.9601,143.1043,35.0,4.0,16,175.0,1.055,0.74,us,6.25,1.974,0.196,7
-7.1091,150.497,10.0,4.5,61,74.0,3.172,0.84,us,7.15,1.858,0.086,48
-8.6693,127.3718,10.0,4.3,16,177.0,3.249,1.0,us,8.82,1.939,0.147,13
-7.619,128.3248,112.911,4.2,13,104.0,4.538,0.91,us,8.7,11.228,0.235,5
-7.8586,114.0251,10.0,4.3,16,123.0,0.62,1.38,us,5.96,1.921,0.154,12
16.6492,119.729,10.0,4.6,67,104.0,6.267,0.7,us,9.58,1.881,0.082,47
46.5109,155.5768,10.0,4.4,22,97.0,6.745,0.85,us,12.72,1.913,0.144,14
-3.6726,-104.6839,10.0,4.4,33,162.0,14.07,1.15,us,14.52,1.943,0.106,26
7.0236,126.7129,86.703,4.5,36,128.0,1.126,0.85,us,9.55,8.396,0.099,30
-24.733,-175.8026,35.0,4.7,26,214.0,4.878,0.53,us,10.49,1.979,0.126,21
51.8773,-175.2993,56.148,3.7,27,178.0,0.517,0.71,us,8.89,6.102,0.107,22
52.8301,160.7388,34.384,4.6,66,160.0,1.279,0.72,us,12.02,7.138,0.077,50
18.2699,145.4569,493.731,4.0,29,98.0,3.029,0.52,us,17.63,11.59,0.106,24
13.0578,-89.0383,71.926,4.6,69,129.0,0.659,0.96,us,5.6,6.733,0.041,178
-38.4234,176.2689,128.473,4.4,14,72.0,0.59,0.31,us,3.98,5.74,0.24,5
51.6259,160.4499,10.0,4.3,21,157.0,1.783,0.62,us,7.61,1.966,0.154,12
-24.1077,-67.082,217.96,4.4,25,92.0,1.529,0.71,us,3.81,8.488,0.189,8
1.3616,128.9236,10.0,4.2,19,90.0,1.663,0.78,us,5.58,1.924,0.199,7
51.8105,158.4135,73.035,4.4,75,124.0,1.223,0.76,us,8.4,5.067,0.047,133
-15.2903,-177.1887,414.82,4.3,25,104.0,3.515,0.81,us,15.91,11.701,0.111,23
-15.1264,172.3477,636.785,4.5,67,63.0,4.975,0.79,us,12.61,9.278,0.068,64
38.3638,-26.6536,11.492,4.5,27,102.0,1.074,1.14,us,9.93,4.686,0.131,17
-19.3256,169.7102,35.0,4.5,18,112.0,3.895,0.63,us,8.74,1.628,0.171,11
40.8435,142.9824,35.0,4.6,43,134.0,1.178,1.15,us,7.49,1.932,0.091,36
49.1124,156.1915,35.0,4.3,21,138.0,4.112,1.08,us,7.8,1.949,0.125,18
2.7226,-76.7369,10.0,4.4,47,155.0,2.253,0.55,us,8.29,1.956,0.093,33
52.2064,161.3435,10.0,5.1,116,106.0,1.835,0.84,us,7.77,1.855,0.027,454
12.9724,40.9803,10.0,4.3,34,123.0,2.32,0.64,us,5.38,1.916,0.116,21
35.8757,135.555,352.502,4.1,130,29.0,1.311,0.77,us,7.35,6.281,0.044,142
-22.8648,-68.8907,102.385,4.5,48,68.0,0.662,0.88,us,4.86,6.228,0.063,75
51.5819,159.4999,35.0,4.5,28,126.0,1.535,0.91,us,9.64,1.936,0.104,27
23.8707,122.6608,10.0,4.5,40,79.0,0.674,1.15,us,2.89,1.889,0.115,22
-22.9083,179.1543,576.789,4.4,21,178.0,5.24,0.46,us,19.39,15.474,0.12,20
18.6223,120.4538,23.166,4.4,41,105.0,4.215,0.46,us,10.21,5.762,0.098,32
42.7638,146.4289,35.0,4.3,31,188.0,2.536,0.49,us,3.9,1.972,0.125,18
50.0259,156.9525,35.0,4.5,59,127.0,3.122,0.56,us,10.2,1.926,0.08,46
11.6148,-85.8245,195.012,4.5,40,134.0,0.674,0.56,us,7.13,6.521,0.087,38
49.3239,82.3489,10.0,5.2,199,37.0,2.507,0.61,us,6.75,1.835,0.042,188
36.8773,54.8561,10.0,4.6,59,104.0,2.801,0.92,us,6.48,1.858,0.059,85
21.658,143.1069,353.902,3.8,18,130.0,5.478,1.13,us,15.36,11.352,0.135,14
44.7058,146.4943,156.664,4.2,116,132.0,2.856,0.55,us,10.56,8.238,0.053,101
-1.7476,69.1427,10.0,4.5,15,80.0,4.448,1.2,us,7.57,1.889,0.204,7
51.5399,159.8402,10.0,5.1,97,112.0,2.04,0.95,us,8.33,1.853,0.048,140
1.6196,127.2088,142.172,4.1,24,122.0,0.857,1.12,us,7.07,5.794,0.157,13
40.5562,143.4907,36.121,4.3,24,173.0,1.479,0.61,us,4.73,9.277,0.154,12
-57.1783,-26.6615,128.522,4.9,50,81.0,6.262,0.71,us,11.91,5.847,0.071,61
48.4089,154.165,82.888,4.6,37,116.0,5.212,1.06,us,11.94,7.41,0.072,57
33.8177,141.5992,10.0,4.5,27,137.0,1.649,0.38,us,7.94,1.904,0.131,17
52.2569,160.1579,21.714,5.1,111,97.0,1.197,0.79,us,7.75,4.715,0.026,501
49.215,156.4101,36.884,4.0,34,136.0,3.982,0.64,us,13.21,7.941,0.096,29
48.5106,155.3889,10.0,4.9,79,106.0,4.83,0.85,us,10.45,1.836,0.051,124
-55.2936,-28.1682,29.119,4.0,13,198.0,4.92,0.24,us,19.14,8.307,0.197,7
48.9429,154.5563,84.354,4.1,19,137.0,4.618,0.71,us,13.16,8.918,0.139,14
0.3533,122.348,129.767,4.1,26,72.0,3.182,0.69,us,7.87,8.451,0.127,17
52.5238,161.8006,10.0,4.2,38,176.0,1.978,0.61,us,11.0,1.959,0.087,37
54.5532,-160.1187,35.0,4.0,58,162.0,0.415,0.8,us,2.56,1.93,0.108,25
-3.9745,137.4572,10.0,4.1,20,58.0,1.494,0.82,us,6.54,1.901,0.146,13
52.5842,160.9213,10.0,4.4,43,115.0,1.447,0.52,us,8.94,1.903,0.09,36
-8.1285,-73.5609,10.0,4.6,43,84.0,5.014,0.8,us,10.22,1.932,0.086,41
-25.0409,-176.5324,35.0,4.4,18,140.0,4.368,0.27,us,9.67,1.915,0.162,11
12.0222,-69.6299,10.0,4.5,61,99.0,3.271,1.14,us,8.36,1.89,0.08,45
28.335,142.823,10.0,4.5,17,158.0,1.358,1.03,us,9.35,1.947,0.191,8
-6.5101,128.422,304.486,4.4,17,93.0,5.222,0.75,us,11.94,12.883,0.239,5
-6.6114,129.9699,67.947,4.2,10,171.0,2.076,0.97,us,13.56,9.187,0.264,5
-56.0013,-27.6013,105.358,4.5,29,100.0,5.38,0.36,us,13.21,9.396,0.102,28
33.2997,13.8032,10.0,4.2,49,104.0,2.6,0.76,us,8.22,1.909,0.087,39
-3.9693,-80.8004,40.959,4.7,64,108.0,2.145,1.1,us,7.06,7.081,0.045,147
52.8477,161.1145,10.0,4.9,84,133.0,1.502,1.02,us,10.63,1.79,0.034,263
18.8324,39.0784,10.0,4.1,26,202.0,6.626,0.86,us,15.95,2.004,0.12,19
16.7051,59.7787,10.0,4.7,94,99.0,8.853,0.85,us,10.27,1.878,0.049,125
-6.7723,129.6936,167.242,4.2,30,69.0,4.597,0.48,us,8.16,9.417,0.128,20
-8.7327,118.3244,142.165,3.9,25,86.0,0.55,0.88,us,6.58,5.235,0.195,7
51.2307,159.2636,10.0,4.8,84,137.0,1.835,0.73,us,9.54,1.901,0.061,82
50.1042,157.3901,35.0,4.2,69,132.0,3.014,0.62,us,9.4,1.918,0.071,55
18.3705,-80.1087,10.0,4.2,43,50.0,2.45,0.97,us,6.83,1.855,0.115,22
-6.1043,127.7211,397.397,4.2,29,63.0,2.682,0.79,us,7.84,11.246,0.141,14
52.4134,160.5197,10.0,4.6,49,176.0,1.291,0.81,us,5.56,1.819,0.069,64
51.6222,158.2141,50.272,4.4,30,125.0,1.429,1.04,us,9.74,8.261,0.123,19
54.4103,-163.2564,10.0,4.2,64,147.0,0.368,0.7,us,2.66,1.862,0.082,41
-17.8315,-177.9729,590.108,4.2,17,122.0,2.875,0.66,us,19.53,13.803,0.146,13
-15.5327,-174.5654,174.63,4.0,29,104.0,3.14,0.55,us,11.53,6.047,0.108,23
51.2688,159.7006,10.0,4.1,24,129.0,1.873,1.09,us,8.47,1.907,0.158,14
14.6744,-93.3167,35.0,4.7,77,140.0,1.962,0.74,us,7.22,1.941,0.051,118
43.4229,-126.7888,10.0,3.9,85,193.0,1.476,0.94,us,7.99,1.99,0.112,21
-2.6246,129.5177,10.0,4.4,22,50.0,1.924,1.04,us,6.26,1.882,0.127,18
60.3945,-139.5724,10.0,4.1,41,84.0,0.453,0.9,us,4.46,1.319,0.261,4
-5.5947,104.3749,10.0,4.6,45,113.0,0.811,1.17,us,5.73,1.863,0.092,35
-33.1375,-73.3056,10.0,4.3,28,173.0,1.397,0.81,us,6.82,1.951,0.201,7
52.6653,159.1614,78.282,4.3,28,214.0,0.474,0.95,us,8.55,5.983,0.116,22
-9.1136,125.8382,10.0,4.4,10,162.0,1.676,0.81,us,9.05,1.996,0.24,5
51.2367,159.6402,10.0,4.6,25,124.0,1.891,0.45,us,9.11,1.925,0.192,13
-6.652,131.1086,54.233,4.3,8,153.0,2.431,0.33,us,15.0,8.996,0.306,3
-60.1288,-62.4106,10.0,4.9,35,83.0,4.724,0.51,us,9.28,1.855,0.101,32
36.6359,30.7699,104.803,4.4,24,98.0,0.701,0.74,us,5.56,4.328,0.269,4
50.3823,159.0706,10.0,4.1,29,133.0,2.658,1.08,us,10.59,1.914,0.112,22
51.1923,159.1619,6.043,5.0,149,134.0,1.861,0.55,us,10.64,4.932,0.048,139
-4.528,35.1204,10.0,5.0,95,42.0,3.627,0.58,us,7.83,1.8,0.064,77
-4.0563,152.968,10.0,4.6,26,148.0,0.813,0.67,us,6.29,1.945,0.114,23
52.6444,160.7219,10.0,4.5,38,119.0,1.313,0.81,us,9.49,1.9,0.118,21
-17.4578,-174.5935,103.611,4.6,64,69.0,4.448,0.54,us,10.93,7.261,0.071,59
-23.0953,-67.9696,155.337,4.6,29,46.0,0.24,0.93,us,7.05,3.17,0.123,20
53.5814,-164.1676,45.308,3.3,28,209.0,1.022,0.44,us,2.66,12.045,0.241,4
-16.1959,177.7655,10.0,4.6,101,111.0,1.565,0.44,us,13.29,1.881,0.056,99
51.471,-179.5967,63.121,4.3,144,180.0,0.496,0.77,us,6.68,5.812,0.053,100
52.3028,160.4482,45.228,4.7,42,132.0,1.312,0.92,us,10.51,7.328,0.096,33
50.255,158.4461,18.756,4.7,64,133.0,2.775,0.68,us,8.74,4.082,0.072,59
49.2161,156.0151,35.0,4.6,106,135.0,4.039,0.64,us,9.19,1.916,0.058,90
52.3982,160.1575,43.492,4.6,48,137.0,1.111,0.81,us,8.57,5.673,0.079,50
17.0899,-85.274,10.0,4.7,59,52.0,4.649,1.02,us,8.29,1.929,0.031,311
-18.5359,-177.3719,392.932,4.5,114,121.0,3.722,0.63,us,12.43,8.049,0.047,136
-11.5634,166.2988,115.859,4.3,32,145.0,3.959,0.61,us,9.39,8.35,0.113,22
51.3848,159.8739,10.0,4.7,18,183.0,1.806,1.0,us,10.59,1.958,0.158,12
8.6228,126.3529,74.651,4.8,110,41.0,1.723,0.83,us,8.54,4.684,0.047,139
52.4404,160.8249,10.0,4.3,32,122.0,2.013,0.48,us,10.54,1.906,0.109,24
-57.3621,148.6989,10.0,4.7,21,113.0,19.915,0.61,us,16.26,1.925,0.133,17
7.1034,126.8568,74.471,4.2,24,133.0,1.268,0.64,us,12.06,8.521,0.132,16
19.0218,121.416,45.416,4.6,63,120.0,3.79,0.79,us,11.48,7.815,0.058,87
37.5165,71.8936,158.217,4.1,23,258.0,1.959,0.58,us,11.31,12.133,0.233,5
48.6505,157.5813,10.0,4.6,89,134.0,4.43,0.82,us,9.06,1.854,0.054,102
7.3002,127.1685,10.0,4.8,60,66.0,1.594,1.07,us,6.69,1.868,0.078,50
50.1038,155.7078,100.521,4.7,57,135.0,3.255,0.5,us,8.38,7.224,0.047,136
17.5359,-96.8204,56.197,4.1,110,154.0,1.666,0.78,us,9.85,13.138,0.051,104
52.1431,160.1341,10.0,4.2,24,172.0,1.264,1.15,us,7.86,1.934,0.128,23
51.9212,157.8016,85.262,4.4,37,123.0,1.191,0.5,us,10.16,7.47,0.098,30
-7.7588,130.8287,10.0,4.2,17,81.0,5.011,0.89,us,8.41,1.944,0.305,3
52.1311,160.5927,17.191,5.1,98,112.0,1.485,0.7,us,8.93,4.604,0.031,345
52.241,160.4042,35.0,4.7,87,155.0,1.326,0.56,us,9.9,1.948,0.058,89
51.588,159.788,44.421,4.6,53,127.0,1.598,0.56,us,8.75,7.026,0.062,77
14.8244,-94.1944,35.789,4.5,46,133.0,1.917,0.92,us,6.59,7.995,0.039,196
48.4112,157.2249,10.0,5.0,93,106.0,4.706,0.58,us,11.33,1.862,0.034,268
52.6875,160.6998,10.0,4.3,46,134.0,1.288,0.45,us,11.21,1.904,0.088,37
7.1963,127.0669,42.593,4.3,35,113.0,1.482,1.08,us,7.88,6.658,0.104,26
-21.5838,-68.242,131.104,4.2,21,69.0,0.954,0.42,us,6.96,8.051,0.141,14
52.8179,160.9769,10.0,4.6,74,133.0,1.424,0.82,us,9.72,1.872,0.058,90
15.6541,-94.0004,70.035,4.3,56,133.0,1.66,0.68,us,6.8,11.851,0.056,90
52.9209,160.4597,35.0,4.4,27,158.0,1.099,1.23,us,9.61,1.915,0.112,24
-13.3198,-111.7371,10.0,5.1,94,158.0,13.919,0.58,us,13.96,1.917,0.057,100
-15.3245,-173.1934,10.0,5.2,62,50.0,1.961,0.68,us,10.03,1.767,0.025,531
7.0462,126.9375,62.913,5.2,75,104.0,1.348,0.84,us,8.9,7.046,0.068,71
-3.1356,130.671,10.0,4.4,27,61.0,1.59,1.02,us,6.12,1.864,0.127,19
-58.69,-25.8509,61.44,4.4,17,180.0,16.038,0.71,us,12.6,11.411,0.162,11
4.1839,96.1333,85.71,4.2,28,138.0,1.317,0.51,us,9.37,6.902,0.124,18
-28.0218,-177.4728,66.397,4.4,20,250.0,1.283,0.79,us,12.8,10.135,0.135,16
51.2567,159.4751,10.0,4.3,36,137.0,1.841,0.43,us,11.11,1.926,0.111,23
49.2109,156.415,35.0,4.1,17,138.0,3.985,0.68,us,8.11,1.894,0.184,10
50.3159,158.8756,10.0,4.9,195,117.0,2.715,0.61,us,8.62,1.866,0.034,278
-49.0645,108.8182,10.0,4.9,22,95.0,17.285,0.8,us,15.21,1.866,0.187,11
51.9389,160.1249,35.0,4.2,16,197.0,1.412,0.62,us,10.4,2.002,0.159,11
-25.7683,-176.8847,77.33,4.3,21,132.0,3.599,0.46,us,13.0,9.22,0.133,17
51.4713,159.968,28.078,4.5,31,223.0,1.753,0.95,us,10.24,10.602,0.115,22
32.6923,-16.3337,10.0,4.0,12,206.0,7.518,0.43,us,14.05,1.995,0.299,4
52.322,161.9981,10.0,4.5,62,206.0,2.156,0.74,us,11.03,1.982,0.069,61
-6.2303,151.7778,10.0,4.9,37,154.0,1.927,0.68,us,8.74,1.897,0.101,31
15.0143,120.4564,10.0,4.4,40,104.0,14.896,0.89,us,9.46,1.893,0.097,31
-37.1842,52.411,10.0,4.8,62,51.0,13.025,0.63,us,8.39,1.785,0.074,57
50.9761,158.9383,10.0,4.4,26,125.0,2.058,0.95,us,9.13,1.905,0.134,16
-20.429,-178.6419,599.311,4.3,53,121.0,4.111,0.82,us,14.52,7.324,0.07,58
52.8386,160.7325,35.0,4.2,27,183.0,1.274,0.97,us,7.09,1.99,0.118,20
29.6946,142.2399,10.0,4.4,40,146.0,2.59,0.86,us,10.53,1.91,0.097,31
-22.0936,-68.617,121.752,4.0,19,85.0,0.651,0.7,us,4.06,6.374,0.183,8
-44.4413,-80.2321,10.0,4.7,31,84.0,4.835,0.64,us,7.37,1.873,0.112,24
51.223,159.4815,10.0,4.5,29,176.0,1.875,0.82,us,9.62,1.942,0.115,22
51.9237,160.4546,10.0,4.2,24,167.0,1.559,0.45,us,12.7,1.972,0.136,15
38.6003,40.2583,10.0,4.2,29,126.0,0.78,0.7,us,5.0,1.953,0.186,8
52.3185,160.5619,24.34,4.3,32,122.0,1.362,1.06,us,11.19,6.251,0.096,31
1.6354,127.1993,128.767,4.7,81,97.0,0.874,0.51,us,6.93,6.348,0.069,64
-58.0601,-25.9461,79.256,4.2,16,98.0,16.627,0.66,us,13.75,5.418,0.137,15
-6.1823,130.3395,167.981,4.5,47,45.0,3.759,0.8,us,6.17,7.35,0.07,60
-20.5067,-177.5749,528.326,4.2,31,101.0,4.963,0.57,us,15.94,12.534,0.11,23
49.7634,155.8637,77.256,4.2,30,152.0,3.541,0.51,us,14.26,9.094,0.125,22
7.3415,127.3082,10.0,4.6,29,80.0,1.737,0.74,us,4.4,1.901,0.122,20
60.4467,-139.5643,5.0,4.4,46,80.0,0.491,0.85,us,2.7,1.404,0.17,10
-56.7459,-26.9389,138.477,4.9,69,68.0,5.959,0.74,us,11.08,6.153,0.062,82
-32.941,179.1459,356.666,4.0,23,80.0,4.661,0.82,us,14.93,9.407,0.119,19
-1.7416,139.1889,22.712,4.4,31,41.0,1.28,1.07,us,6.89,5.082,0.134,16
40.3498,24.0918,10.0,4.0,23,89.0,1.251,1.19,us,5.63,1.919,0.173,9
49.2104,156.0509,24.768,4.6,50,138.0,4.038,0.71,us,8.14,6.484,0.069,63
-22.586,69.2985,10.0,5.0,134,52.0,6.207,0.61,us,10.12,1.776,0.054,108
-33.9048,-178.86,10.0,5.1,39,84.0,4.316,1.04,us,8.45,1.843,0.096,37
29.3264,131.8035,10.0,4.6,91,67.0,2.469,0.45,us,5.14,1.862,0.067,73
9.3592,93.5887,10.0,4.4,32,162.0,5.285,0.67,us,11.88,1.936,0.117,21
12.8502,125.6189,10.0,4.4,38,94.0,5.744,0.62,us,10.57,1.894,0.1,29
39.3435,73.5168,10.0,4.1,20,112.0,1.167,0.68,us,3.13,1.864,0.261,4
29.3051,129.4331,10.0,4.9,70,33.0,2.367,1.05,us,5.14,1.866,0.045,158
42.3563,-126.9405,10.0,4.3,31,274.0,1.922,0.53,us,9.88,2.015,0.126,18
53.2219,160.4758,38.316,4.4,22,138.0,1.118,0.45,us,7.41,9.024,0.118,21
61.1631,-27.8186,10.0,4.3,29,162.0,4.659,0.78,us,11.63,1.95,0.113,22
38.1856,20.3753,54.417,4.2,38,116.0,1.588,1.2,us,5.37,11.06,0.176,9
5.7465,61.397,10.0,4.4,34,139.0,23.38,0.95,us,13.81,1.936,0.108,25
22.7425,-45.1214,10.0,4.6,54,53.0,16.327,0.95,us,11.02,1.877,0.079,48
52.8196,161.163,10.0,4.4,56,148.0,1.535,0.68,us,10.18,1.942,0.066,65
53.0029,161.1671,35.0,4.5,23,201.0,1.521,1.04,us,13.4,1.976,0.145,14
51.2809,159.6382,24.868,4.7,27,206.0,1.848,0.77,us,11.97,8.132,0.12,21
52.6596,160.7951,28.257,4.3,53,155.0,1.351,0.66,us,10.41,6.569,0.083,41
-11.0719,163.5732,10.0,4.4,20,127.0,3.92,1.2,us,8.88,1.964,0.149,13
52.9016,160.8517,10.0,5.0,109,101.0,1.337,0.9,us,8.09,1.827,0.023,605
37.7922,144.1409,10.0,4.4,32,136.0,3.828,0.83,us,9.62,1.911,0.149,15
19.0137,96.264,10.0,4.6,69,58.0,1.634,0.57,us,6.06,1.867,0.074,54
18.3696,145.55,196.182,4.0,29,123.0,3.12,0.82,us,12.32,7.853,0.113,21
1.7856,127.0794,74.992,4.6,62,82.0,2.264,0.49,us,7.84,7.45,0.078,49
-2.8309,130.0069,10.0,4.3,14,122.0,1.683,0.67,us,7.44,1.914,0.202,7
51.6238,159.3358,38.135,4.1,45,138.0,1.464,0.62,us,10.94,8.027,0.086,37
51.7857,159.8227,25.681,5.8,44,60.0,1.433,0.63,us,5.47,4.543,0.131,28
-19.7872,-175.8542,260.005,4.4,15,138.0,5.608,1.27,us,9.66,16.106,0.162,11
-57.0609,-67.3268,10.0,4.4,28,144.0,2.141,0.76,us,10.26,1.943,0.118,22
41.0241,142.1743,66.79,4.6,41,133.0,0.873,0.68,us,6.68,7.218,0.107,26
51.133,157.7814,71.682,4.0,34,127.0,1.968,0.68,us,12.16,8.13,0.092,32
-30.4772,-178.3959,10.0,4.3,12,160.0,1.293,1.03,us,10.97,1.927,0.201,7
-17.7869,-70.015,109.604,4.9,48,111.0,0.546,0.51,us,5.68,5.215,0.04,194
-16.8565,-173.4989,39.87,4.3,43,56.0,3.838,0.57,us,5.1,7.514,0.094,32
49.876,155.7349,86.888,4.5,68,135.0,3.462,0.64,us,11.03,7.511,0.042,167
18.8933,145.5241,245.626,4.2,56,93.0,3.641,0.66,us,11.36,7.996,0.078,46
52.9588,161.2059,10.0,4.3,18,138.0,1.546,0.95,us,9.67,1.872,0.188,10
-6.7723,121.8347,10.0,4.7,34,78.0,2.058,0.93,us,6.33,1.9,0.111,26
51.5661,159.8085,10.0,4.6,33,127.0,1.624,1.34,us,9.89,1.918,0.125,20
51.2975,159.674,10.0,5.0,14,242.0,1.84,0.74,us,9.63,1.999,0.17,15
54.398,-159.9352,35.0,4.2,63,162.0,0.478,0.79,us,5.75,1.948,0.095,31
9.9182,-70.7624,10.0,4.5,89,149.0,1.036,0.53,us,5.68,1.888,0.061,78
51.4133,159.6257,10.0,4.3,20,137.0,2.07,1.23,us,12.54,1.923,0.133,16
-34.9169,-110.9538,10.0,4.4,30,173.0,30.194,0.73,us,11.1,1.838,0.103,27
-5.5385,150.8981,121.97,4.2,28,107.0,1.839,0.64,us,8.39,3.483,0.124,18
-17.9403,-179.1514,595.793,4.2,27,86.0,2.67,0.55,us,15.7,10.072,0.107,24
5.0679,125.1958,10.0,4.8,59,70.0,0.436,0.6,us,4.41,1.86,0.083,45
-23.8733,-68.3455,122.55,4.4,32,57.0,0.93,0.63,us,6.78,8.066,0.127,18
52.0546,160.4213,10.0,4.7,38,122.0,1.453,1.2,us,9.66,1.894,0.07,67
51.8691,161.475,10.0,4.1,31,225.0,2.08,0.49,us,10.08,1.83,0.12,19
-8.4015,108.8627,89.559,4.6,49,62.0,1.521,0.68,us,9.77,7.058,0.078,49
52.4486,160.7711,29.521,4.0,20,176.0,1.412,0.78,us,13.51,8.352,0.118,19
16.5883,41.0434,10.0,4.3,48,125.0,3.8,1.24,us,13.07,1.947,0.078,46
-23.2611,-179.8775,556.261,4.4,44,136.0,5.821,0.5,us,14.35,10.439,0.091,35
-4.8112,103.0418,65.038,5.0,93,50.0,0.456,0.99,us,8.37,4.568,0.055,106
-56.6935,-25.7262,35.0,4.3,15,103.0,6.575,0.84,us,7.63,1.933,0.168,10
42.5231,143.8604,91.316,4.1,18,186.0,0.728,0.62,us,10.76,8.818,0.157,11
12.3438,-88.0676,64.979,4.4,39,190.0,1.081,1.23,us,8.41,11.295,0.082,43
27.6641,139.8924,484.318,4.3,81,82.0,2.115,0.64,us,8.42,8.653,0.038,204
53.4486,161.446,26.986,4.8,106,115.0,1.734,0.81,us,8.46,5.303,0.035,252
52.4699,160.4484,10.0,4.4,29,162.0,1.226,0.91,us,9.61,1.97,0.12,20
-7.0084,155.5506,113.056,4.0,29,96.0,4.381,0.62,us,10.16,7.735,0.106,26
46.2021,106.2514,8.8,4.5,79,69.0,1.604,0.5,us,8.05,4.857,0.067,65
7.0271,127.4559,10.0,4.4,23,72.0,3.01,1.06,us,7.12,1.791,0.138,15
53.0363,161.0657,30.991,4.8,123,170.0,1.459,0.47,us,12.48,6.857,0.037,229
11.6512,125.5795,55.483,4.2,16,136.0,4.552,0.56,us,13.41,9.367,0.199,8
-21.0976,-179.1914,622.15,4.6,41,122.0,4.229,0.55,us,6.79,8.59,0.084,42
53.2628,159.8955,61.396,4.2,23,116.0,0.788,1.16,us,10.14,7.889,0.146,13
-21.702,-68.3037,117.885,4.5,73,75.0,0.877,0.94,us,7.02,7.011,0.069,62
23.9344,122.3253,10.0,4.4,41,74.0,0.709,0.67,us,2.77,1.891,0.11,24
51.7945,158.4856,55.333,4.6,18,138.0,1.235,0.87,us,11.68,7.851,0.128,18
35.2301,22.4982,47.819,4.5,87,74.0,1.958,0.63,us,7.09,7.175,0.06,81
51.2967,159.4748,40.389,5.0,76,117.0,1.802,0.79,us,9.83,6.819,0.049,134
-3.9128,151.3523,10.0,5.1,63,54.0,0.855,0.76,us,4.55,1.787,0.064,81
49.5245,155.7098,87.713,4.8,79,124.0,3.8,0.47,us,9.29,7.221,0.031,320
4.8375,126.4906,58.92,4.7,46,126.0,1.014,0.92,us,8.66,8.089,0.086,41
52.2912,159.9371,59.125,4.2,22,122.0,1.589,1.23,us,9.97,8.148,0.142,14
32.0697,131.9259,47.528,4.9,128,48.0,1.373,0.62,us,5.46,6.554,0.047,141
52.4138,160.1102,51.517,4.2,25,166.0,1.623,0.63,us,13.34,9.04,0.132,17
-10.683,164.1989,10.0,4.4,20,129.0,4.365,1.17,us,11.42,1.922,0.139,16
51.312,159.5531,10.0,4.3,27,168.0,1.802,1.16,us,5.3,1.957,0.114,22
-15.2005,167.4934,156.967,5.0,74,56.0,6.134,0.79,us,10.57,5.532,0.06,89
-8.1453,118.2472,14.491,4.5,29,71.0,0.822,0.8,us,5.32,2.177,0.14,15
51.3268,-173.9362,10.0,4.5,71,179.0,0.891,0.73,us,5.22,1.872,0.051,112
51.4043,-174.1167,35.0,3.7,39,204.0,0.8,1.04,us,4.91,1.975,0.13,17
-15.2084,-178.4429,414.974,4.3,65,52.0,2.454,0.89,us,11.74,6.437,0.045,142
53.1419,160.5207,32.874,4.0,14,176.0,1.135,0.84,us,13.9,9.221,0.149,12
-18.3413,167.5858,10.0,4.4,14,189.0,2.901,1.09,us,9.18,1.99,0.17,11
-16.9023,-71.8889,133.309,4.0,20,283.0,2.076,0.65,us,14.07,12.223,0.232,5
52.478,160.8769,10.0,4.2,24,122.0,1.46,1.03,us,8.17,1.932,0.136,15
52.1658,160.4818,10.0,5.0,62,118.0,1.409,1.38,us,9.05,1.88,0.052,119
-0.0117,123.4351,176.509,4.0,29,103.0,1.219,1.1,us,6.21,7.836,0.13,16
-20.0215,-178.245,595.681,4.4,30,93.0,4.173,0.59,us,17.36,16.484,0.109,24
49.1922,156.1935,91.356,4.4,22,158.0,4.034,1.09,us,9.37,9.778,0.131,19
-24.3467,-179.8166,509.324,4.2,31,114.0,6.863,1.04,us,15.95,11.829,0.098,31
-33.6161,-72.6841,10.0,4.3,26,197.0,0.893,0.93,us,4.57,1.772,0.217,6
9.3701,93.9935,10.0,4.3,15,190.0,5.593,0.28,us,6.73,1.966,0.217,7
52.5625,160.7212,10.0,4.3,17,134.0,1.34,0.76,us,8.21,1.91,0.169,10
-26.0805,70.4461,10.0,4.4,13,75.0,40.04,1.18,us,15.24,1.898,0.19,8
-33.5996,-178.5892,15.196,5.2,70,112.0,4.693,0.89,us,10.76,4.337,0.075,61
14.507,53.6755,10.0,4.4,37,124.0,21.736,0.59,us,14.08,1.907,0.099,29
9.5752,93.5098,107.569,4.2,32,88.0,5.501,0.73,us,11.31,9.002,0.128,17
51.2138,159.782,10.0,4.1,16,306.0,1.942,0.83,us,15.63,2.005,0.166,10
51.5554,159.1604,62.299,4.1,17,215.0,1.503,0.42,us,8.99,9.836,0.185,8
34.9228,104.6734,10.0,4.6,45,48.0,1.304,0.66,us,7.56,1.877,0.086,40
49.1289,154.501,102.912,4.6,68,76.0,8.162,0.56,us,12.49,7.02,0.074,55
51.5505,160.3305,10.0,4.2,34,193.0,1.8,0.94,us,13.35,1.979,0.107,24
49.957,154.5424,140.466,4.1,16,137.0,3.72,0.85,us,13.62,7.456,0.158,11
-23.0448,-114.7045,10.0,4.6,38,150.0,6.341,0.64,us,6.18,1.905,0.094,34
39.9983,142.5154,39.281,4.4,20,144.0,1.361,0.51,us,5.21,10.631,0.203,7
-0.5026,135.7253,10.0,4.6,32,80.0,1.843,0.43,us,4.36,1.875,0.105,27
51.0705,159.9538,10.0,4.0,34,223.0,2.115,0.83,us,10.36,1.983,0.088,36
51.2005,157.2175,87.431,4.1,30,134.0,1.934,0.7,us,11.68,8.125,0.12,19
12.9136,121.1533,122.525,4.4,55,108.0,7.26,0.69,us,9.23,7.42,0.084,40
-49.0053,164.4197,35.0,4.4,27,116.0,3.226,0.79,us,9.4,1.973,0.179,9
1.9255,-30.7366,10.0,4.5,35,82.0,19.923,0.61,us,13.47,1.904,0.099,30
51.7576,160.5245,10.0,4.4,22,192.0,1.711,1.06,us,8.19,1.968,0.134,16
37.6452,72.2002,187.375,4.2,31,185.0,0.703,0.6,us,4.64,6.179,0.131,16
52.4915,160.9813,10.0,4.3,17,205.0,1.514,1.01,us,11.44,2.004,0.168,11
-23.1482,-179.9715,559.509,4.2,21,185.0,5.686,0.38,us,24.4,24.923,0.146,19
52.0394,160.6021,10.0,4.2,30,67.0,1.547,0.67,us,10.19,1.909,0.118,20
64.709,-49.3021,10.0,4.4,78,36.0,2.36,0.58,us,4.38,1.891,0.07,58
1.857,127.3892,127.143,4.6,41,95.0,2.581,1.12,us,7.66,7.434,0.093,34
-2.472,139.582,46.472,4.1,19,73.0,1.121,0.88,us,6.9,8.584,0.166,10
-15.2859,-174.9259,243.231,4.6,118,49.0,3.337,0.78,us,10.47,7.113,0.049,126
0.652,121.5651,80.966,4.5,54,113.0,0.906,0.77,us,8.79,7.143,0.079,47
35.5143,26.5019,10.0,4.0,22,128.0,0.539,1.01,us,4.3,1.888,0.143,13
34.6092,70.8142,10.0,4.1,13,213.0,1.389,0.67,us,7.08,1.982,0.145,13
29.3405,129.3615,10.0,4.4,40,89.0,2.358,0.79,us,7.71,1.86,0.095,33
52.0097,161.0573,10.0,4.7,65,125.0,1.787,0.59,us,10.45,1.914,0.044,154
11.4966,-87.1129,35.0,4.6,114,175.0,1.066,0.74,us,5.28,1.949,0.045,145
-19.564,-176.4719,308.266,4.6,89,47.0,5.007,0.61,us,11.54,5.504,0.066,69
-36.9648,179.0732,10.0,4.4,24,210.0,0.854,1.19,us,5.29,1.931,0.189,10
51.4697,159.677,10.0,4.2,26,128.0,1.679,1.17,us,8.88,1.916,0.136,15
51.3983,159.6883,10.0,5.3,116,98.0,1.748,0.68,us,7.27,1.817,0.035,283
-17.2422,-172.731,10.0,4.5,21,130.0,3.438,0.94,us,13.14,1.907,0.136,16
-6.5211,154.6133,10.0,4.1,20,97.0,6.025,0.84,us,9.75,1.791,0.14,15
6.8181,-73.0894,160.462,4.1,14,162.0,2.312,0.37,us,13.39,18.3,0.262,4
54.4994,-160.164,39.79,3.8,37,186.0,0.471,1.08,us,5.25,9.205,0.18,8
50.3305,156.5299,76.383,4.3,57,137.0,2.875,0.58,us,11.84,7.935,0.078,47
-60.4185,-31.5333,10.0,5.4,93,55.0,6.708,0.38,us,10.79,1.826,0.065,80
49.9576,157.2624,10.0,4.3,48,166.0,3.167,0.6,us,12.09,1.95,0.078,47
50.9878,159.374,10.0,4.7,105,125.0,2.087,1.01,us,8.21,1.884,0.054,104
-18.2633,-178.7306,544.99,4.1,8,239.0,2.538,1.09,us,23.46,18.787,0.197,8
3.364,117.7784,10.0,4.0,16,104.0,1.939,1.09,us,6.27,1.655,0.184,8
-27.2389,-63.2084,552.378,5.0,123,45.0,5.201,0.75,us,11.82,8.309,0.042,178
2.1834,126.7417,46.517,4.6,76,67.0,1.535,0.68,us,6.52,6.837,0.064,74
-17.585,-178.7705,562.712,4.6,47,74.0,2.092,0.64,us,13.98,7.453,0.098,31
51.6356,160.2222,10.0,4.5,16,137.0,1.692,0.41,us,13.84,1.944,0.15,13
-5.9483,147.8223,109.755,4.1,33,78.0,3.496,0.81,us,8.46,3.306,0.106,25
50.9787,157.5246,67.91,4.8,61,119.0,2.136,0.59,us,11.22,7.252,0.041,187
18.6262,120.5265,33.849,4.2,37,121.0,4.202,0.72,us,12.7,6.662,0.121,19
-57.7004,157.8334,10.0,4.3,15,142.0,3.269,0.81,us,14.07,1.954,0.147,13
12.214,125.5886,10.0,4.7,28,106.0,5.112,0.58,us,13.73,1.897,0.12,21
23.9664,94.4815,53.099,4.3,31,112.0,2.777,1.02,us,12.43,8.304,0.116,21
-6.4454,130.7902,89.641,4.9,78,49.0,3.793,0.74,us,7.66,7.31,0.062,82
-6.5885,128.4001,264.724,4.2,18,89.0,5.161,0.58,us,8.33,10.662,0.214,6
51.121,158.7069,35.0,4.7,81,104.0,1.906,0.65,us,8.89,1.91,0.049,125
6.2029,126.8673,81.185,4.3,31,130.0,1.542,0.78,us,9.96,6.562,0.113,25
-23.1093,-177.0071,170.159,4.8,20,172.0,7.066,0.91,us,18.14,5.451,0.135,19
0.0096,123.5546,137.497,4.3,57,76.0,3.582,1.1,us,8.54,8.563,0.089,36
-20.0804,-175.514,234.711,4.4,28,99.0,5.361,0.34,us,9.5,9.426,0.105,26
52.2207,160.4644,10.0,4.8,93,118.0,1.367,0.96,us,8.89,1.725,0.049,131
49.3538,98.1702,10.0,4.2,35,95.0,4.198,1.01,us,9.27,1.958,0.115,21
-47.3231,-13.5011,10.0,5.1,50,73.0,10.285,0.61,us,10.62,1.886,0.075,58
39.2466,28.1006,10.0,4.3,42,39.0,0.946,0.84,us,3.04,1.919,0.111,23
52.022,160.3219,10.0,4.1,14,124.0,1.432,0.93,us,11.01,1.942,0.234,8
39.5326,143.497,10.0,4.3,30,141.0,2.247,1.03,us,8.95,1.905,0.133,16
12.9664,145.5158,10.0,4.5,39,149.0,0.884,0.84,us,8.18,1.906,0.104,27
51.5486,159.3566,34.161,4.6,66,126.0,1.54,1.02,us,8.91,5.796,0.054,102
-16.415,178.3725,10.0,4.6,16,66.0,0.96,0.45,us,5.24,1.794,0.173,11
52.3541,160.9316,10.0,5.0,164,87.0,1.542,0.86,us,8.97,1.875,0.036,252
53.1528,161.03,27.56,4.6,105,145.0,1.441,0.56,us,8.91,4.488,0.059,87
-34.8203,-179.7793,35.0,4.6,37,167.0,3.144,0.58,us,6.84,1.902,0.125,19
28.997,86.6568,10.0,4.3,26,163.0,3.966,0.85,us,12.53,1.939,0.119,21
50.8744,158.6797,10.0,4.2,39,130.0,2.152,0.63,us,6.95,1.886,0.09,34
25.4653,-45.3445,10.0,4.2,20,155.0,45.943,0.55,us,17.25,1.938,0.132,16
1.4483,127.1465,110.645,4.3,27,79.0,2.306,0.4,us,10.13,8.467,0.126,18
-21.3026,-67.7526,171.479,4.2,23,108.0,1.471,1.02,us,7.02,8.458,0.152,12
-51.5125,138.4991,10.0,4.3,13,92.0,19.753,0.2,us,11.89,1.946,0.168,10
53.0026,159.6915,39.905,4.4,25,141.0,1.207,0.65,us,11.48,8.332,0.115,22
-4.6005,153.9176,120.306,4.3,17,199.0,1.908,0.69,us,6.65,10.204,0.142,14
52.5602,159.2722,50.646,4.7,228,127.0,0.598,0.78,us,8.5,6.517,0.031,307
-57.6915,157.3496,10.0,4.7,26,93.0,3.323,0.85,us,12.85,1.879,0.117,22
54.5118,-160.318,18.803,4.4,58,155.0,0.53,0.69,us,6.13,5.183,0.101,28
-9.2487,119.8291,52.805,4.8,30,97.0,0.623,1.25,us,7.49,7.425,0.098,32
16.4971,-59.6557,10.0,4.4,36,126.0,1.366,0.5,us,9.13,1.926,0.138,15
52.4392,160.915,28.76,4.4,45,112.0,1.496,0.59,us,9.28,5.817,0.101,28
52.2595,160.4218,34.082,4.9,117,130.0,1.323,0.7,us,8.79,4.307,0.042,179
51.7635,158.88,35.0,4.2,29,179.0,1.27,1.03,us,10.02,1.966,0.115,21
26.0392,97.0716,10.0,4.2,28,117.0,5.201,0.98,us,6.96,1.92,0.147,13
36.5599,71.2843,222.085,4.0,46,96.0,1.994,0.95,us,7.23,7.794,0.134,15
34.6827,70.6043,65.43,4.3,52,142.0,3.927,0.66,us,11.15,8.308,0.092,36
52.2702,160.4299,27.061,4.5,58,145.0,1.321,0.72,us,9.75,6.1,0.08,45
39.4926,143.3176,10.0,4.4,34,136.0,2.159,0.66,us,8.22,1.915,0.114,22
52.6829,160.0952,43.301,4.3,27,203.0,0.94,0.65,us,8.79,9.345,0.133,16
53.4599,-163.7209,10.0,4.5,142,97.0,1.192,0.65,us,4.39,1.888,0.032,282
46.8285,20.1452,13.94,4.1,30,126.0,1.104,0.74,us,6.63,3.136,0.157,11
30.2671,69.8789,10.0,4.6,25,172.0,4.282,0.9,us,12.27,1.954,0.133,17
-6.6972,127.835,316.959,4.4,51,67.0,2.985,0.55,us,8.84,7.966,0.096,31
-55.7026,-27.6201,88.876,4.7,19,124.0,5.3,0.68,us,12.83,7.29,0.12,21
-3.9109,131.4925,34.826,4.6,78,40.0,1.241,0.75,us,4.96,3.266,0.066,74
-50.3231,112.5822,10.0,4.5,20,144.0,16.037,0.45,us,11.06,1.891,0.14,17
51.4212,161.2622,10.0,4.2,18,130.0,2.271,1.05,us,9.7,1.932,0.128,17
-24.2488,-67.2783,179.176,4.4,31,70.0,1.533,1.17,us,8.94,9.026,0.144,14
50.3618,156.9324,78.939,4.4,61,135.0,2.791,0.41,us,11.22,7.064,0.08,46
18.5166,145.6365,192.659,4.3,24,142.0,3.261,0.88,us,13.08,9.496,0.122,19
-19.8405,-175.8004,180.448,4.4,47,94.0,5.593,0.73,us,13.01,7.383,0.065,68
-7.4534,127.9679,114.718,4.3,17,104.0,6.196,0.48,us,12.37,10.048,0.16,11
-7.024,150.1524,10.0,4.8,45,99.0,3.281,0.78,us,10.47,1.878,0.079,49
-56.0995,-26.3115,72.491,4.7,45,124.0,6.106,0.68,us,11.95,5.941,0.123,22
23.4679,125.3959,10.0,4.3,51,129.0,1.397,0.9,us,7.92,1.782,0.094,32
51.4199,159.6794,37.108,4.4,21,153.0,1.726,0.72,us,11.12,8.499,0.149,13
60.4262,-139.6028,8.44,4.2,44,52.0,0.463,1.05,us,2.02,5.012,0.147,13
53.3023,160.5235,49.202,4.2,23,179.0,1.162,0.62,us,15.81,11.856,0.132,16
51.5212,160.458,10.0,4.5,34,128.0,1.87,0.69,us,4.33,1.907,0.111,24
50.3753,159.2399,10.0,4.3,26,126.0,2.677,0.51,us,8.64,1.795,0.129,17
3.292,64.986,10.0,4.2,15,146.0,8.473,0.77,us,15.75,1.958,0.167,10
-22.8243,-175.3111,10.0,4.7,23,156.0,6.813,0.35,us,11.42,1.691,0.126,19
43.2082,148.2215,10.0,4.3,32,137.0,3.923,1.02,us,8.58,1.791,0.116,21
-29.9981,-178.5042,142.344,4.7,18,91.0,0.902,0.93,us,12.39,8.774,0.138,17
15.2275,-104.0943,10.0,4.0,32,262.0,4.628,0.61,us,13.16,2.022,0.093,32
25.7982,125.8179,88.955,4.8,110,90.0,2.014,0.7,us,7.6,7.202,0.06,86
36.7909,71.1696,214.024,4.0,27,160.0,1.844,0.75,us,8.62,9.913,0.231,5
-57.9903,157.741,10.0,4.5,16,99.0,3.564,0.89,us,13.09,1.924,0.125,19
-0.6773,97.1344,10.0,4.5,24,125.0,2.017,0.62,us,9.98,1.926,0.156,12
51.4918,159.5325,35.0,4.7,29,128.0,1.627,1.29,us,8.63,1.934,0.123,20
45.178,150.1279,63.248,4.4,66,134.0,5.427,0.65,us,10.52,7.586,0.081,44
42.2948,144.4065,35.0,4.1,23,144.0,0.97,0.83,us,8.84,1.95,0.174,9
52.0343,161.4248,10.0,4.0,18,138.0,1.963,0.84,us,7.32,1.91,0.183,8
17.3779,145.4727,323.484,4.1,25,121.0,2.147,0.65,us,8.31,10.703,0.12,19
52.5774,160.7184,29.329,4.4,30,66.0,1.333,0.61,us,9.04,5.805,0.123,19
39.9544,143.5608,10.0,4.9,165,119.0,2.081,0.56,us,7.99,1.868,0.04,195
50.9991,159.3177,10.0,4.5,28,130.0,2.069,0.57,us,7.47,1.902,0.109,25
-61.1702,-36.4403,10.0,4.7,28,112.0,6.906,0.8,us,9.14,1.927,0.102,29
52.1506,160.1533,28.342,4.4,43,106.0,1.267,0.92,us,9.75,5.661,0.095,32
14.8139,54.8332,10.0,4.9,72,97.0,10.111,0.63,us,10.55,1.896,0.072,60
-32.4483,-68.071,144.202,4.6,57,72.0,1.034,0.59,us,6.39,6.884,0.098,31
16.5841,-59.6942,10.0,4.6,60,146.0,1.334,0.65,us,6.69,1.926,0.061,81
-5.2813,68.5664,10.0,4.6,28,85.0,4.404,0.92,us,11.42,1.895,0.132,17
52.9507,160.6176,35.806,4.3,25,188.0,1.192,0.73,us,15.3,14.065,0.133,16
-6.4443,129.236,195.258,4.1,21,64.0,4.613,0.79,us,10.33,10.022,0.197,7
12.8918,-89.2348,52.717,4.1,28,179.0,0.866,1.05,us,4.84,13.442,0.094,31
48.8917,154.9013,60.257,5.5,299,48.0,4.767,0.76,us,9.67,4.7,0.035,278
49.9763,158.331,10.0,4.6,107,79.0,3.058,0.48,us,8.51,1.866,0.046,145
50.8439,159.4199,10.0,4.9,41,143.0,2.234,0.76,us,7.11,1.898,0.1,31
-22.2024,-179.5728,590.176,4.3,39,133.0,4.965,0.48,us,13.23,8.145,0.102,27
14.2977,-93.9318,10.0,4.1,32,156.0,2.315,0.78,us,3.85,1.946,0.135,16
-58.8909,-25.9676,97.36,4.5,32,84.0,7.416,0.5,us,12.98,8.026,0.104,29
52.4626,160.6514,34.887,4.4,21,122.0,1.34,0.66,us,10.26,6.108,0.143,14
52.5356,160.6832,26.601,4.2,22,121.0,1.328,1.17,us,10.11,3.469,0.132,16
41.1977,142.6177,45.719,4.7,65,133.0,0.911,0.98,us,6.26,7.623,0.06,85
36.5488,76.8831,10.0,4.3,27,157.0,3.918,1.21,us,10.0,1.976,0.16,11
-22.8304,-177.7355,390.205,4.1,13,166.0,6.42,0.31,us,19.46,6.731,0.12,21
36.9515,30.8279,105.95,4.1,34,112.0,0.765,0.74,us,5.92,5.32,0.135,16
-26.6917,-176.0101,10.0,4.9,52,131.0,9.426,0.53,us,12.75,1.872,0.083,46
54.5235,-159.6828,30.579,3.9,76,187.0,0.313,0.72,us,6.72,7.492,0.23,5
0.2625,122.0601,180.452,4.8,52,97.0,2.991,0.53,us,8.11,5.829,0.072,61
49.664,155.3451,95.727,4.4,102,63.0,3.751,0.49,us,10.47,6.994,0.053,103
51.2401,-178.0482,30.987,3.8,42,202.0,0.524,0.81,us,4.03,7.668,0.098,27
-33.0241,179.731,107.383,4.6,17,151.0,4.256,0.6,us,15.86,13.427,0.141,15
-13.6474,167.108,211.272,4.3,30,90.0,7.375,0.82,us,12.3,6.482,0.113,24
36.5373,70.3385,195.636,4.0,30,147.0,2.244,0.59,us,7.86,10.096,0.122,19
3.5477,126.7457,46.704,4.5,56,105.0,1.727,0.77,us,6.71,7.496,0.075,52
-26.3784,-177.9211,215.374,4.7,48,121.0,33.437,0.8,us,13.46,7.253,0.041,180
-24.7046,-175.8653,35.0,4.4,16,216.0,8.949,0.71,us,15.76,1.995,0.148,13
29.8986,139.0415,415.572,4.0,98,86.0,3.274,0.79,us,9.04,8.332,0.059,78
51.3124,160.6289,10.0,4.7,80,122.0,2.103,0.59,us,10.23,1.905,0.047,137
50.9922,157.1274,60.58,4.3,38,134.0,2.149,0.57,us,11.53,8.078,0.096,31
29.0951,129.3672,11.431,4.4,48,108.0,2.45,0.99,us,6.97,4.721,0.097,31
51.5379,159.6606,10.0,5.0,74,121.0,1.612,0.86,us,7.94,1.878,0.074,58
-23.9907,-71.108,10.0,4.4,15,148.0,0.695,0.87,us,3.7,1.681,0.143,14
31.4156,99.7785,10.0,4.3,18,228.0,5.582,0.71,us,8.44,2.008,0.161,11
-23.4783,179.7963,554.606,4.2,85,121.0,5.933,0.65,us,12.74,5.103,0.072,54
51.7783,158.4428,59.378,4.3,71,123.0,1.253,0.61,us,9.22,7.562,0.056,90
52.0518,159.8465,54.657,4.3,21,228.0,1.217,0.88,us,8.86,8.923,0.154,12
52.2378,160.0571,35.0,4.1,13,175.0,1.164,0.86,us,11.83,1.947,0.234,6
-34.2117,178.947,237.13,4.9,38,111.0,3.384,1.11,us,9.91,8.436,0.083,45
-8.8521,123.4845,95.976,4.2,18,111.0,1.184,0.81,us,6.36,8.323,0.136,15
-11.7641,165.1128,10.0,4.6,26,53.0,4.187,0.66,us,9.02,1.836,0.132,19
7.9787,126.6291,65.066,5.0,77,81.0,1.378,0.8,us,9.79,7.117,0.047,143
30.0948,-135.9731,10.0,4.3,199,57.0,13.167,0.93,us,11.21,1.833,0.033,263
2.1725,127.7313,186.847,4.2,36,100.0,3.394,0.83,us,9.61,8.636,0.115,22
13.5684,144.8388,111.825,4.8,49,94.0,0.035,0.64,us,6.03,4.25,0.084,44
26.0146,126.0921,89.971,4.9,60,88.0,2.119,0.87,us,7.43,4.405,0.055,102
29.211,129.4627,10.0,4.5,19,135.0,2.445,1.07,us,6.44,1.92,0.157,12
23.4513,121.4769,30.693,4.1,30,93.0,0.175,1.22,us,3.65,1.792,0.185,9
9.0119,127.5474,10.0,4.3,17,135.0,4.721,0.46,us,8.41,1.9,0.178,10
34.5711,34.1328,10.0,4.8,79,64.0,0.766,0.81,us,3.38,1.857,0.042,175
52.2444,160.6286,10.0,4.5,31,118.0,1.436,0.88,us,10.79,1.914,0.111,24
52.3174,160.1852,30.832,4.7,47,134.0,1.172,0.92,us,10.45,6.04,0.085,42
51.6804,159.8877,33.748,4.3,39,91.0,1.544,0.89,us,10.29,6.15,0.097,30
-60.9717,154.1136,10.0,4.3,18,132.0,16.299,0.64,us,12.3,1.649,0.126,19
50.2022,158.6381,10.0,4.6,50,133.0,2.825,1.03,us,9.0,1.889,0.062,77
-13.2216,167.0856,216.896,4.1,25,158.0,2.215,0.62,us,14.25,4.449,0.111,22
-3.4009,146.2897,10.0,4.5,19,104.0,1.725,0.67,us,10.92,1.819,0.131,17
-27.861,-178.2142,10.0,4.6,16,145.0,1.402,0.89,us,6.1,1.916,0.158,13
52.4346,161.8002,10.0,4.4,27,126.0,2.004,0.91,us,9.15,1.914,0.117,21
30.0272,131.2318,35.0,4.5,27,141.0,1.622,0.51,us,4.87,1.938,0.124,19
14.0785,-91.3783,86.886,4.6,78,94.0,0.509,0.79,us,7.63,6.925,0.044,151
41.5328,141.9543,67.208,4.3,39,126.0,1.001,0.5,us,5.88,3.148,0.113,22
52.9716,161.1278,10.0,4.3,19,187.0,1.498,1.32,us,7.9,1.988,0.154,12
34.7116,70.7627,10.0,4.3,32,209.0,1.357,0.85,us,7.6,1.964,0.104,26
49.7629,159.5459,10.0,4.3,21,138.0,3.313,0.51,us,12.32,1.926,0.153,12
-15.8655,-72.0021,10.0,4.2,17,155.0,2.954,0.76,us,11.43,1.939,0.236,5
13.1878,-87.852,171.484,4.6,30,145.0,0.537,0.55,us,8.53,8.512,0.048,130
51.8869,161.3549,10.0,4.3,57,126.0,2.009,0.65,us,10.1,1.907,0.058,85
22.7745,142.4843,128.123,4.1,40,153.0,4.311,0.72,us,5.69,8.302,0.109,23
51.8234,160.0484,28.589,4.4,33,125.0,1.476,0.62,us,10.11,5.956,0.107,25
12.6584,123.3822,10.0,4.7,60,107.0,5.96,0.69,us,9.61,1.477,0.082,45
51.5983,178.3582,90.978,4.0,30,184.0,0.382,0.71,us,6.63,4.459,0.15,12
52.334,160.3121,13.422,4.7,60,122.0,1.225,0.97,us,9.99,5.119,0.061,82
-8.8999,-79.3322,56.381,4.4,34,138.0,3.925,1.16,us,10.16,7.665,0.127,18
2.9103,-31.5242,10.0,4.5,30,82.0,9.718,1.01,us,12.02,1.89,0.099,30
52.299,160.5772,10.0,4.9,128,117.0,1.38,1.11,us,8.16,1.871,0.038,249
51.8445,159.2863,35.0,4.1,33,125.0,1.243,0.77,us,8.03,1.939,0.096,30
50.2456,158.7095,10.0,4.5,73,106.0,18.258,0.62,us,12.54,1.878,0.072,57
9.8723,-70.7667,10.0,4.4,24,105.0,0.991,0.87,us,6.14,1.817,0.219,6
51.3574,160.716,10.0,4.2,14,167.0,2.098,0.85,us,8.03,1.816,0.175,9
-5.3549,128.4253,321.083,4.0,37,86.0,4.516,0.87,us,7.91,8.88,0.113,21
51.4736,158.4131,48.203,4.3,66,134.0,1.559,0.72,us,4.9,7.584,0.075,50
-2.3416,100.7966,56.414,4.6,33,132.0,2.944,1.06,us,9.77,8.066,0.128,18
44.0302,86.8984,10.0,4.4,29,109.0,3.715,0.86,us,9.96,1.907,0.13,17
20.0468,145.7856,89.676,4.5,68,81.0,4.78,0.68,us,3.86,8.032,0.071,59
-17.4911,-178.649,576.188,4.3,19,242.0,2.147,0.53,us,27.05,15.967,0.142,15
-56.4636,-27.1634,104.503,4.3,26,170.0,5.748,0.66,us,8.81,9.696,0.106,25
52.8289,160.7038,32.261,4.3,66,119.0,1.259,0.48,us,10.2,6.072,0.072,54
-7.09,131.3784,10.0,4.3,14,116.0,2.942,0.67,us,9.58,1.948,0.187,8
-22.5252,-68.5918,108.198,4.6,89,34.0,0.571,0.84,us,5.0,4.966,0.064,78
-17.4204,-173.687,38.466,4.4,19,142.0,19.39,0.33,us,15.05,8.305,0.149,15
-59.9755,-61.6371,10.0,5.0,23,124.0,4.945,1.11,us,10.09,1.904,0.129,19
52.9969,159.7477,78.138,4.4,58,141.0,1.242,0.72,us,12.37,8.616,0.067,63
16.4546,-59.8077,10.0,4.5,16,234.0,1.216,0.65,us,6.77,1.952,0.204,7
-20.9565,-70.5112,29.639,4.3,27,143.0,0.361,1.02,us,5.96,5.757,0.122,19
15.0734,-91.2919,192.348,4.5,64,83.0,0.571,1.08,us,5.85,5.225,0.044,152
54.8415,160.1378,10.0,4.1,28,135.0,2.023,0.42,us,6.55,1.927,0.085,38
-20.5026,-174.28,35.0,5.0,61,131.0,18.16,0.75,us,14.15,1.91,0.073,59
52.7103,160.8178,35.0,4.0,26,172.0,1.351,0.59,us,7.49,1.985,0.125,17
-15.6083,-177.3831,422.541,4.4,123,63.0,3.239,0.73,us,11.85,6.677,0.044,146
49.2195,155.9881,31.738,4.6,137,136.0,4.04,0.65,us,11.29,5.758,0.047,132
-57.9144,-25.4478,68.264,5.0,64,55.0,7.165,0.65,us,9.09,5.222,0.081,49
49.1206,155.6578,35.0,4.7,93,137.0,4.195,0.52,us,11.34,1.92,0.061,82
53.2245,160.3688,45.096,5.2,154,108.0,1.055,0.68,us,9.38,6.757,0.029,396
-5.7581,146.3851,115.982,4.4,35,142.0,3.703,0.47,us,9.84,7.855,0.081,44
18.4277,120.7461,43.148,4.5,56,92.0,4.379,0.42,us,10.48,7.29,0.08,46
7.2409,126.7015,74.077,4.6,35,115.0,1.127,0.95,us,6.32,8.562,0.103,28
-1.2913,-80.8907,10.0,4.6,40,170.0,1.602,0.8,us,8.13,1.924,0.07,62
49.0097,156.1011,30.299,4.5,44,136.0,4.329,0.93,us,9.88,5.332,0.098,41
28.9865,67.1943,10.0,4.4,43,115.0,5.754,0.85,us,5.85,1.857,0.087,38
13.9886,144.7792,194.208,3.9,21,94.0,0.406,0.4,us,11.61,5.518,0.148,12
20.2387,96.2024,10.0,4.5,38,151.0,1.541,0.84,us,3.46,1.868,0.106,26
12.8009,-89.2883,48.078,4.2,59,173.0,0.969,0.73,us,8.2,12.61,0.078,46
-15.0451,167.7254,121.813,4.1,18,219.0,0.643,0.81,us,12.94,6.988,0.158,11
21.6082,143.0361,314.38,4.1,61,66.0,5.518,0.49,us,11.76,7.781,0.087,39
-1.7712,128.6834,10.0,4.4,27,97.0,2.728,0.66,us,8.5,1.931,0.13,17
51.0769,178.8163,17.521,4.2,69,214.0,0.429,0.59,us,5.04,4.942,0.072,54
6.7494,-72.9982,166.636,4.5,56,80.0,2.305,0.7,us,8.82,8.457,0.048,128
-26.5905,178.7837,550.873,4.0,19,76.0,3.948,0.83,us,15.62,11.917,0.139,14
42.7277,144.578,61.904,4.3,19,172.0,1.271,0.57,us,9.46,9.806,0.178,10
-34.6337,179.9395,78.408,4.5,28,139.0,3.208,1.32,us,13.28,7.951,0.111,24
-58.8943,-25.6228,35.0,4.5,27,78.0,20.258,0.85,us,14.82,1.952,0.102,28
52.5592,160.812,10.0,5.3,92,118.0,1.393,1.27,us,9.32,1.877,0.062,87
52.6886,160.3365,53.81,4.4,32,142.0,1.076,1.2,us,12.48,7.868,0.126,18
50.3789,157.4047,59.9,4.4,57,124.0,2.74,1.02,us,10.79,7.133,0.057,89
48.8986,156.1015,10.0,4.7,117,136.0,4.334,0.76,us,7.39,1.887,0.055,99
-61.8937,-64.6163,10.0,5.2,87,68.0,2.903,0.71,us,11.23,1.75,0.063,83
27.6084,128.7244,39.438,4.5,62,87.0,0.868,0.98,us,5.66,8.319,0.085,41
-18.131,-69.5308,129.101,4.4,37,65.0,0.541,0.68,us,4.32,5.352,0.104,27
21.9665,143.3306,246.715,4.0,20,143.0,5.212,0.34,us,15.89,10.158,0.13,16
-17.6386,-178.6599,561.135,4.4,29,164.0,2.21,0.42,us,16.53,9.568,0.105,26
52.9074,159.8884,56.008,4.6,81,118.0,0.758,1.1,us,9.15,6.988,0.044,151
43.0205,150.1351,10.0,4.4,21,136.0,5.254,0.67,us,11.28,1.583,0.155,12
39.3052,143.4619,10.0,5.2,68,98.0,2.363,1.08,us,7.36,1.835,0.049,139
39.5831,39.7579,10.0,4.4,45,60.0,0.716,0.49,us,2.91,1.909,0.17,11
53.1782,159.9229,50.727,4.2,31,164.0,0.783,1.26,us,11.82,9.096,0.11,23
7.603,126.9087,35.051,4.1,40,68.0,1.421,0.97,us,3.31,6.694,0.097,29
51.3088,157.5788,83.882,4.5,83,135.0,1.804,0.43,us,11.16,6.952,0.046,138
51.7623,159.4274,35.0,4.0,18,130.0,1.35,0.42,us,9.42,1.843,0.15,12
-3.4207,148.8309,10.0,4.6,27,76.0,2.003,0.84,us,6.96,1.87,0.116,22
58.3774,-32.1618,10.0,4.5,66,130.0,8.209,0.5,us,11.32,1.931,0.072,57
-20.9999,-174.4345,35.0,4.3,14,169.0,45.323,0.35,us,10.41,1.944,0.154,12
17.4446,145.8761,219.036,4.2,13,151.0,2.193,0.9,us,15.4,10.801,0.186,8
52.6923,160.9851,10.0,4.2,24,198.0,1.454,0.82,us,10.88,1.994,0.117,20
-19.3442,169.6929,35.0,4.5,21,100.0,3.871,0.77,us,8.41,1.943,0.163,13
-18.8558,169.376,257.339,4.2,84,85.0,4.151,0.7,us,10.45,7.75,0.064,68
37.0475,75.4095,10.0,4.7,144,45.0,2.642,0.63,us,7.18,1.808,0.049,129
45.2191,147.2981,10.0,4.3,19,148.0,3.532,0.73,us,11.83,1.923,0.154,12
-8.2166,118.1282,174.854,4.8,30,67.0,0.7,1.18,us,8.22,7.075,0.127,19
-22.5402,-67.6083,183.726,4.2,22,104.0,0.667,0.69,us,10.09,7.152,0.16,11
51.8831,159.094,66.013,4.7,44,119.0,1.174,0.68,us,9.99,7.488,0.092,36
52.8894,160.2288,39.357,4.0,35,137.0,0.965,0.46,us,12.18,8.409,0.129,16
52.913,160.9005,10.0,5.0,88,142.0,1.366,0.9,us,9.45,1.884,0.065,76
51.2092,158.9113,10.0,4.0,41,128.0,1.824,0.96,us,9.56,1.904,0.1,27
19.3729,-109.0451,10.0,4.3,20,123.0,1.873,0.81,us,9.31,1.94,0.096,31
50.4763,159.1169,10.0,5.2,51,133.0,2.567,0.79,us,9.13,1.873,0.12,23
50.5727,159.8847,10.0,4.4,30,128.0,2.571,0.34,us,9.72,1.907,0.117,21
51.8609,160.1081,10.0,5.3,180,90.0,1.467,0.88,us,7.95,1.848,0.025,537
53.4356,160.8607,35.0,4.3,50,161.0,1.392,0.85,us,5.07,1.949,0.089,39
52.0776,172.5779,10.0,4.3,146,118.0,1.138,0.55,us,8.26,1.898,0.046,132
-2.1261,138.9499,35.0,4.7,49,65.0,0.929,0.48,us,5.79,1.675,0.089,38
21.7329,95.7478,10.0,4.0,37,108.0,4.431,0.53,us,10.47,1.917,0.106,24
17.4741,-94.6995,147.499,4.2,51,78.0,0.551,0.93,us,5.55,4.938,0.061,76
-23.362,-66.787,209.557,4.3,25,68.0,1.344,0.85,us,9.74,8.194,0.16,11
-53.1062,-47.1594,10.0,4.9,31,116.0,6.448,1.07,us,12.95,1.855,0.125,20
-2.809,101.0948,75.477,5.3,116,57.0,2.413,0.76,us,8.77,5.059,0.045,163
16.5462,-59.5533,10.0,4.5,67,164.0,1.461,0.59,us,6.4,1.94,0.089,37
52.6927,160.608,30.025,4.5,32,143.0,1.233,1.03,us,5.69,5.63,0.121,20
34.4938,139.4817,10.0,4.4,51,108.0,1.402,0.36,us,5.16,1.531,0.091,35
-21.1742,-175.5954,125.013,4.5,33,115.0,6.674,0.82,us,13.53,6.894,0.107,26
51.6292,158.6883,46.22,4.0,38,138.0,1.397,1.09,us,9.75,7.668,0.093,37
54.4964,-160.053,32.25,3.8,70,164.0,0.43,0.98,us,6.59,9.309,0.227,5
-16.3174,-74.3872,39.37,4.4,20,150.0,4.37,0.66,us,10.04,9.968,0.19,8
17.4264,-94.2066,61.01,4.0,44,76.0,0.122,0.97,us,3.71,6.172,0.13,16
49.9123,89.823,10.0,4.1,41,86.0,4.098,0.91,us,5.9,1.842,0.114,21
-24.1271,-179.9117,527.763,4.4,35,138.0,6.629,0.5,us,10.13,9.067,0.098,30
51.5097,159.6275,27.756,4.6,33,127.0,1.631,0.61,us,9.58,5.801,0.107,26
-3.1424,130.6649,38.4,4.5,48,37.0,1.567,0.51,us,7.46,6.406,0.091,35
49.913,156.0453,69.78,4.2,67,135.0,3.362,0.57,us,11.73,7.994,0.075,49
29.3486,129.2917,10.0,4.2,26,107.0,2.375,0.88,us,8.07,1.902,0.137,16
52.9033,160.477,43.072,4.3,23,165.0,1.112,0.94,us,13.0,9.866,0.147,13
2.5185,128.1702,197.71,4.8,110,86.0,1.912,0.85,us,6.67,6.012,0.058,92
39.2303,28.1113,10.0,4.2,29,57.0,0.951,1.24,us,3.14,1.911,0.263,6
10.5436,-84.9311,10.0,4.7,41,82.0,0.252,0.77,us,5.97,1.923,0.072,58
50.0896,158.8437,10.0,4.1,29,138.0,2.94,0.82,us,9.6,1.694,0.117,20
41.2616,142.4348,56.471,4.6,39,133.0,1.139,0.75,us,9.3,7.925,0.091,36
49.7696,156.6007,35.0,4.5,37,133.0,3.413,0.79,us,6.94,1.764,0.101,29
-55.8526,-27.2111,81.45,4.6,44,75.0,5.558,0.58,us,12.41,6.536,0.095,34
27.2004,103.5081,10.0,4.9,125,51.0,2.054,0.62,us,7.16,1.87,0.051,120
29.1796,87.0157,10.0,5.0,73,73.0,3.624,0.75,us,7.3,1.476,0.044,165
-28.7248,-178.3498,209.157,4.2,17,227.0,0.636,0.62,us,20.04,8.948,0.128,17
51.2679,179.5187,49.643,5.0,97,135.0,0.175,0.9,us,5.54,6.596,0.025,519
3.0448,128.8654,10.0,4.5,29,95.0,3.772,0.62,us,5.62,1.919,0.131,17
-6.2371,151.4888,10.0,4.7,20,154.0,2.141,0.52,us,13.4,1.909,0.091,40
-17.6491,-178.6677,615.931,4.1,30,183.0,2.209,1.01,us,21.83,12.517,0.103,26
51.2473,-174.7863,10.0,3.8,24,228.0,1.023,0.89,us,5.34,1.984,0.141,13
-60.2192,-61.5746,10.0,4.6,26,134.0,4.713,0.67,us,5.42,1.917,0.116,22
-20.4784,-177.9309,496.735,4.0,19,171.0,4.732,0.43,us,15.65,11.935,0.138,15
52.2023,160.2228,31.82,4.8,93,123.0,1.263,0.74,us,8.25,4.658,0.055,103
-56.9741,156.667,10.0,4.4,13,138.0,2.795,1.09,us,10.21,1.916,0.179,9
27.9136,127.8973,10.0,4.3,23,88.0,1.124,0.65,us,7.02,1.9,0.147,13
31.2633,130.3235,169.726,4.5,107,113.0,0.269,0.76,us,7.82,6.733,0.049,122
13.2707,-91.2878,10.0,4.0,44,202.0,1.308,1.2,us,8.18,1.97,0.08,42
1.0503,97.1318,10.0,4.8,68,176.0,2.423,0.48,us,6.66,1.877,0.073,58
52.7572,160.8608,29.462,4.5,38,133.0,1.366,0.56,us,13.5,6.178,0.092,35
17.4304,-63.1106,126.347,4.4,61,66.0,0.138,0.55,us,7.0,4.094,0.099,29
51.7884,160.0855,10.0,5.3,116,126.0,1.518,1.12,us,8.62,1.869,0.033,305
16.8116,-93.8351,152.347,4.0,42,128.0,0.585,0.68,us,6.66,5.14,0.122,18
36.9786,71.2215,126.644,4.3,22,200.0,1.667,0.63,us,8.14,11.206,0.216,6
-12.4485,167.0104,230.059,4.3,49,90.0,2.986,0.82,us,11.87,8.616,0.083,41
-17.7013,-178.4067,544.845,4.4,36,124.0,2.45,0.82,us,15.23,9.27,0.1,29
16.9906,-94.3742,118.476,4.5,55,119.0,0.392,1.12,us,7.34,5.344,0.042,165
52.12,160.419,35.0,4.8,145,89.0,1.931,0.68,us,8.88,1.912,0.038,221
52.2837,160.7069,35.0,4.4,36,123.0,2.008,0.7,us,9.99,1.93,0.094,33
-58.6924,-22.8409,10.0,4.4,17,105.0,15.362,0.72,us,12.96,1.837,0.143,14
2.3985,128.2662,205.772,4.3,12,146.0,1.849,0.63,us,9.17,11.79,0.217,6
9.2266,93.6356,132.895,4.9,102,64.0,2.568,0.83,us,7.85,6.14,0.054,109
44.8164,150.2755,10.0,4.7,126,134.0,5.542,0.65,us,10.88,1.887,0.054,105
51.4325,159.4207,35.0,4.1,16,127.0,1.662,0.77,us,10.01,1.925,0.145,13
52.4958,158.946,86.428,4.3,36,149.0,0.558,0.52,us,10.89,6.937,0.099,29
0.8463,126.0635,35.0,4.6,67,38.0,1.305,0.64,us,4.76,1.882,0.086,42
14.3213,-87.1552,10.0,4.3,28,120.0,0.286,0.98,us,4.14,1.742,0.153,12
-58.8794,-25.1343,35.0,4.4,21,131.0,7.774,0.84,us,14.0,1.942,0.134,16
31.4698,69.1386,10.0,4.4,52,176.0,3.037,1.06,us,11.1,1.963,0.082,43
23.1183,120.6686,10.0,5.1,198,50.0,0.185,0.49,us,5.04,1.756,0.038,223
-20.5024,-177.8381,532.426,4.7,81,69.0,7.582,0.58,us,12.6,7.902,0.061,86
51.8472,159.4575,59.483,5.0,84,133.0,1.278,0.52,us,10.03,7.087,0.053,115
51.7803,160.3074,10.0,4.5,91,129.0,1.607,0.61,us,9.97,1.906,0.057,90
51.3891,159.0767,35.0,4.6,94,109.0,1.658,0.74,us,8.57,1.903,0.045,147
-6.252,151.6438,10.0,4.8,82,132.0,1.97,0.56,us,7.4,1.874,0.061,86
52.1842,160.3934,10.0,4.5,47,121.0,1.355,1.33,us,8.48,1.902,0.094,35
52.7248,160.5298,35.0,5.0,131,94.0,1.178,0.79,us,6.68,1.856,0.028,396
52.2203,160.4333,31.78,4.7,102,149.0,1.352,0.77,us,9.67,5.969,0.046,144
-4.8558,153.3277,52.137,4.3,33,121.0,1.335,0.81,us,9.31,7.394,0.113,22
51.3367,160.2931,10.0,4.3,34,136.0,1.969,0.67,us,11.72,1.926,0.111,23
49.6954,156.2581,54.764,4.5,63,136.0,3.535,0.84,us,11.17,7.402,0.077,50
44.9615,149.5849,35.0,4.2,12,195.0,5.069,1.21,us,14.04,2.007,0.186,8
52.9813,161.0013,10.0,4.9,59,145.0,1.422,1.08,us,9.87,1.913,0.084,45
-6.433,130.4255,114.31,4.1,8,125.0,3.935,0.46,us,14.4,12.734,0.301,3
-15.8161,-72.4661,98.716,4.8,63,121.0,3.253,0.8,us,9.12,7.248,0.062,80
51.5628,158.7086,35.0,4.8,40,123.0,1.463,1.27,us,9.46,1.932,0.114,38
41.0664,75.2448,10.0,4.1,26,149.0,0.175,0.77,us,2.1,1.9,0.174,9
51.4578,160.565,10.0,4.1,36,135.0,1.961,0.91,us,11.56,1.912,0.107,24
40.5065,144.9975,10.0,4.5,55,136.0,2.048,0.44,us,7.17,1.893,0.095,34
51.5905,-80.3757,10.838,4.1,37,76.0,3.801,0.76,us,10.47,5.962,0.084,39
-10.331,161.5065,84.826,4.4,22,159.0,1.774,0.7,us,12.01,6.483,0.108,25
51.5942,159.3763,35.0,4.4,25,101.0,1.499,0.58,us,11.52,1.933,0.134,17
52.9781,160.5487,35.0,4.1,18,119.0,1.148,0.77,us,5.36,1.942,0.174,9
-30.785,-178.5347,10.0,4.6,16,253.0,7.248,0.23,us,8.35,1.98,0.157,12
52.3704,160.4888,10.0,4.2,19,212.0,1.296,1.33,us,9.24,1.96,0.158,11
-34.4679,-70.387,10.0,4.1,26,91.0,0.459,1.14,us,2.12,1.904,0.185,8
36.4224,70.6723,205.522,4.4,105,122.0,2.28,0.67,us,7.37,7.673,0.059,83
51.6955,160.6594,10.0,4.5,47,134.0,1.813,0.38,us,10.91,1.909,0.095,33
-29.7113,-71.3402,41.074,4.5,33,150.0,0.225,0.53,us,4.58,7.569,0.205,7
60.4524,-139.5498,5.0,4.1,28,97.0,0.501,1.19,us,2.62,1.944,0.198,8
73.2029,6.4369,10.0,4.1,14,88.0,5.893,0.35,us,5.5,1.935,0.198,7
-13.423,167.4922,10.0,4.4,33,161.0,2.031,0.81,us,9.43,1.894,0.112,23
32.0487,131.8488,51.411,4.8,73,119.0,1.305,1.19,us,6.83,7.434,0.076,54
52.587,160.5846,32.647,4.3,52,137.0,1.826,0.83,us,12.43,6.265,0.083,41
54.5645,-159.8742,38.316,4.0,83,160.0,0.314,0.62,us,5.11,7.418,0.196,7
53.0537,159.6058,72.24,4.7,185,118.0,0.578,0.6,us,9.06,5.71,0.035,250
13.238,50.0275,10.0,4.6,84,60.0,5.633,0.62,us,10.97,1.889,0.064,72
-15.0853,167.4736,144.812,4.6,39,126.0,6.225,0.7,us,12.32,7.431,0.081,46
52.0621,-171.3436,33.823,3.8,74,180.0,1.135,1.3,us,7.2,8.102,0.09,32
51.8805,161.7876,10.0,4.2,48,135.0,2.235,0.41,us,5.39,1.919,0.089,35
-32.5658,-66.8056,162.116,4.4,55,81.0,1.551,0.92,us,7.04,6.304,0.112,23
29.3327,129.291,10.0,4.5,42,66.0,2.39,0.72,us,7.23,1.893,0.106,30
50.4101,157.5478,69.115,4.7,28,173.0,2.704,1.15,us,12.76,9.329,0.12,21
-31.5476,-178.4085,10.0,5.0,24,245.0,6.583,0.72,us,10.11,1.981,0.129,19
5.74,126.9419,103.651,4.7,60,63.0,1.767,0.55,us,6.05,5.935,0.071,61
52.0258,-171.3369,35.0,3.6,68,190.0,1.156,0.72,us,6.93,1.993,0.064,62
-17.3112,66.2755,10.0,4.9,64,71.0,18.179,0.7,us,13.24,1.851,0.079,50
-14.6133,166.2198,10.0,4.1,10,226.0,6.186,0.3,us,8.26,2.021,0.234,7
60.6064,-140.0927,5.0,4.2,23,86.0,0.499,0.95,us,2.1,1.472,0.177,9
54.4052,-159.8028,25.199,3.9,34,198.0,0.444,0.38,us,5.67,11.573,0.295,3
52.4878,160.8602,30.064,4.1,25,121.0,1.446,0.98,us,11.29,6.854,0.107,24
51.8762,160.9509,10.0,4.5,71,126.0,1.817,0.54,us,9.37,1.898,0.062,78
7.4839,127.4446,10.0,4.3,20,134.0,1.896,0.67,us,10.01,1.805,0.137,15
-21.1132,168.5224,10.0,4.9,40,90.0,1.796,0.84,us,7.55,1.814,0.114,24
51.6683,-174.866,35.0,3.7,29,199.0,0.676,0.71,us,2.75,2.016,0.071,51
39.4367,143.4847,10.0,4.3,15,135.0,2.295,0.78,us,9.77,1.937,0.239,5
54.4977,-159.8529,35.0,4.7,150,102.0,0.367,0.66,us,4.13,1.696,0.05,126
49.1548,156.4018,27.618,5.1,76,129.0,4.042,0.53,us,9.68,5.646,0.093,38
4.9341,126.4562,51.353,4.4,34,103.0,0.994,0.53,us,7.76,1.688,0.108,25
-22.4091,-69.6874,70.56,4.0,19,161.0,0.364,0.49,us,7.13,4.491,0.231,5
-8.0366,117.0017,10.0,4.2,19,82.0,1.098,1.05,us,6.51,1.913,0.176,10
-18.8542,65.4124,10.0,4.6,72,63.0,2.127,0.39,us,11.13,1.852,0.071,63
51.6023,159.5305,10.0,4.8,78,126.0,1.523,0.69,us,7.63,1.864,0.057,97
-8.4152,121.4124,185.872,4.4,13,85.0,1.662,0.81,us,7.63,7.816,0.19,8
-20.0652,-70.2102,58.421,4.1,26,140.0,0.996,0.88,us,5.17,9.736,0.14,14
51.5969,158.5236,35.0,4.1,47,125.0,1.431,0.9,us,5.34,1.932,0.079,44
-4.3094,136.2139,10.0,4.4,29,119.0,2.29,0.8,us,7.75,1.895,0.134,16
52.4441,160.7128,10.0,4.0,21,150.0,1.382,0.98,us,11.31,1.982,0.195,10
37.2812,20.2044,46.918,4.2,33,91.0,1.377,0.7,us,6.76,10.237,0.136,15
51.4799,159.4029,45.69,4.3,40,135.0,1.938,0.71,us,7.79,7.144,0.099,29
40.9934,78.2595,10.0,4.4,42,157.0,0.752,0.93,us,5.57,1.916,0.105,26
18.8501,145.7151,201.514,4.7,96,84.0,3.59,0.82,us,9.99,7.219,0.031,317
31.6052,132.103,44.002,4.5,47,88.0,1.412,0.99,us,6.48,6.712,0.099,30
-21.3328,-179.0199,519.975,4.3,50,127.0,4.512,0.58,us,15.84,10.223,0.077,50
-16.6205,-179.595,544.439,4.1,31,132.0,1.002,1.18,us,15.64,9.774,0.081,41
39.3832,143.588,10.0,4.5,41,131.0,2.392,0.61,us,5.77,1.904,0.097,31
29.3294,129.3861,10.0,4.4,41,56.0,2.36,0.91,us,7.36,1.9,0.105,26
54.1281,-159.7374,10.0,3.6,108,166.0,0.71,0.82,us,4.94,1.943,0.151,11
17.5087,-95.2491,138.852,4.3,35,140.0,0.945,0.67,us,8.46,8.819,0.099,29
0.9867,125.647,78.407,4.0,19,105.0,3.725,0.85,us,7.4,9.608,0.183,11
-23.1259,-68.5298,113.005,4.1,24,66.0,0.367,0.77,us,3.97,4.269,0.131,16
39.1271,142.8068,35.0,4.5,55,134.0,2.133,0.77,us,8.17,1.927,0.065,69
-20.7731,-174.2402,10.0,4.6,21,141.0,4.395,0.9,us,8.85,1.943,0.122,20
40.034,40.7433,14.742,4.2,24,81.0,0.19,0.47,us,4.95,4.61,0.158,11
-57.5918,157.0671,10.0,4.6,21,154.0,3.274,0.45,us,14.04,1.959,0.122,22
44.4079,-129.4365,10.0,4.0,80,194.0,3.937,0.7,us,9.21,1.998,0.122,19
-29.4769,-176.6905,10.0,4.8,26,143.0,1.106,1.19,us,7.58,1.935,0.111,29
0.2401,98.4269,35.0,4.2,19,172.0,1.357,1.36,us,7.68,1.957,0.2,7
-48.9031,-8.1979,10.0,4.4,21,101.0,22.976,0.79,us,11.22,1.893,0.12,20
51.0614,159.0547,10.0,5.8,66,68.0,1.981,0.83,us,8.01,1.817,0.101,36
29.3256,129.5979,10.0,4.5,50,112.0,2.298,0.37,us,5.49,1.886,0.089,37
-15.6753,166.8908,10.0,4.2,13,101.0,0.377,0.59,us,4.44,1.924,0.216,7
4.4147,126.7057,58.242,5.0,91,39.0,1.263,0.75,us,6.35,5.538,0.043,169
29.8278,139.0592,425.906,4.6,177,58.0,3.34,0.65,us,8.7,5.772,0.034,257
-9.5135,120.05,84.061,4.1,24,76.0,2.346,1.17,us,7.63,12.425,0.198,10
-60.1188,-61.9218,10.0,4.6,15,146.0,8.389,0.37,us,7.59,1.915,0.146,14
51.1335,159.4919,10.0,4.2,14,263.0,1.963,0.44,us,13.88,2.005,0.199,7
52.8522,160.8574,10.0,4.7,25,143.0,1.347,1.14,us,8.78,1.86,0.159,12
8.8684,126.7666,46.24,4.5,44,73.0,2.139,0.67,us,8.47,6.267,0.078,49
51.3432,159.6046,10.0,4.4,20,221.0,1.782,0.49,us,7.87,1.926,0.162,11
52.2526,160.4386,25.588,4.7,63,163.0,1.336,0.85,us,12.13,6.713,0.073,57
54.4732,-159.6897,18.124,3.5,64,157.0,0.363,0.71,us,4.45,3.138,0.188,7
23.1609,123.4658,10.0,4.4,22,129.0,1.365,0.94,us,6.99,1.937,0.19,8
23.3928,94.3928,93.83,4.6,70,71.0,2.23,0.49,us,9.39,7.061,0.072,58
37.793,142.0056,58.649,4.3,23,133.0,3.08,0.5,us,8.08,7.705,0.2,8
53.1518,160.3792,56.993,4.2,26,162.0,1.051,1.17,us,13.72,10.608,0.131,16
17.848,40.1509,10.0,4.4,29,164.0,6.8,0.67,us,11.73,1.908,0.12,20
-28.3595,-177.6876,10.0,4.2,12,139.0,9.773,0.56,us,9.18,1.952,0.159,11
1.6522,127.2482,113.578,5.1,73,57.0,4.725,0.86,us,8.11,5.697,0.05,128
54.8127,-160.6053,43.058,4.2,39,158.0,0.588,0.53,us,4.26,9.283,0.216,6
30.6025,141.6522,10.0,4.4,26,123.0,2.953,0.59,us,9.16,1.891,0.149,13
23.9572,122.5406,10.0,4.5,53,89.0,0.665,0.56,us,3.18,1.886,0.096,32
53.1098,161.4868,10.0,4.5,27,137.0,1.714,1.02,us,7.22,1.912,0.108,25
-3.824,99.7687,10.0,4.5,23,193.0,3.223,0.76,us,10.29,1.904,0.139,15
49.6153,155.5725,80.832,4.2,36,133.0,3.743,0.55,us,13.92,9.977,0.085,39
51.1013,158.6547,36.964,4.4,49,128.0,1.925,0.71,us,10.42,7.616,0.082,43
7.1728,126.9407,58.939,4.8,38,96.0,1.355,0.81,us,10.06,6.776,0.116,23
-17.5347,-178.4236,530.45,4.4,59,77.0,2.358,0.67,us,13.86,8.549,0.061,76
7.0629,126.8262,68.937,4.6,57,125.0,1.238,1.19,us,8.56,7.364,0.076,51
42.3597,-126.5322,10.0,4.4,42,173.0,1.62,0.8,us,8.1,1.944,0.134,16
-34.1106,179.1058,153.43,4.2,15,105.0,3.505,0.93,us,8.77,8.222,0.175,9
-0.1151,122.9046,98.149,4.2,24,73.0,2.447,1.0,us,7.19,9.753,0.136,15
54.4797,-160.273,35.005,4.0,61,154.0,0.531,0.61,us,4.84,8.816,0.13,17
13.5274,120.7937,196.71,4.4,47,113.0,13.894,0.67,us,11.59,5.297,0.092,41
3.5115,126.6778,43.232,4.5,29,93.0,1.704,0.69,us,6.41,8.025,0.095,32
-5.932,128.0331,387.735,4.3,53,33.0,2.331,1.03,us,8.16,2.773,0.104,26
51.6573,159.1871,35.776,4.6,65,134.0,1.407,0.74,us,10.68,7.214,0.067,67
49.6406,157.9655,10.0,4.4,20,138.0,3.415,0.43,us,13.58,1.922,0.143,14
-61.0958,-36.1709,10.0,4.4,22,92.0,6.834,0.43,us,9.03,1.809,0.135,16
51.9253,160.4656,31.152,4.3,26,135.0,1.563,0.63,us,10.26,7.128,0.137,15
50.9647,160.1123,10.0,4.6,34,138.0,2.251,0.6,us,10.09,1.894,0.116,22
0.3695,122.0085,182.34,4.6,73,60.0,1.431,0.71,us,6.31,6.33,0.069,67
52.3504,160.366,35.0,5.1,112,152.0,1.243,1.0,us,9.15,1.933,0.042,182
51.0604,159.7403,10.0,4.3,36,156.0,2.078,0.78,us,9.32,1.937,0.107,25
49.6988,158.8076,10.0,5.1,86,88.0,3.331,1.25,us,8.62,1.81,0.049,138
60.186,-58.3006,10.0,4.8,153,65.0,5.081,0.52,us,7.93,1.868,0.044,157
53.3085,159.6693,71.816,4.5,177,128.0,0.677,0.72,us,9.69,6.384,0.043,163
-17.9396,168.104,35.0,4.2,24,89.0,2.625,0.99,us,5.12,1.847,0.137,15
52.811,160.611,10.0,5.1,138,70.0,1.206,0.9,us,7.79,1.777,0.021,724
-9.4616,120.4303,88.092,4.1,15,75.0,0.244,0.85,us,6.4,4.948,0.197,7
-23.7281,179.9978,548.993,4.1,18,270.0,11.6,0.3,us,25.05,27.563,0.145,13
9.2662,93.8911,10.0,4.9,101,49.0,5.028,0.47,us,8.14,1.847,0.056,102
-9.4642,155.6151,10.0,4.3,14,127.0,6.259,0.59,us,12.27,1.761,0.168,10
-4.9578,145.1338,76.53,4.2,35,65.0,3.653,0.56,us,8.07,8.348,0.108,24
50.9219,157.9667,40.798,4.3,91,98.0,2.147,0.61,us,8.41,4.416,0.061,76
51.5214,160.248,10.0,4.4,18,220.0,1.796,0.53,us,10.07,1.966,0.169,10
-13.5898,-75.781,66.695,4.3,32,139.0,1.899,0.82,us,10.13,9.681,0.125,18
51.9347,161.4937,10.0,4.2,27,131.0,2.053,0.95,us,11.81,1.913,0.128,17
51.7563,160.359,10.0,4.4,16,218.0,1.645,1.13,us,6.02,1.982,0.22,7
-20.1781,67.8236,10.0,4.9,54,70.0,4.21,0.28,us,10.46,1.845,0.087,42
36.7754,72.9519,10.0,4.9,68,79.0,1.579,0.98,us,7.46,1.853,0.063,79
51.6219,159.9736,35.0,4.3,26,127.0,1.622,0.71,us,10.4,1.945,0.098,29
-23.8486,179.9188,533.147,4.2,36,121.0,6.319,0.59,us,13.57,9.668,0.098,29
52.2457,160.8341,10.0,4.3,22,135.0,1.542,1.23,us,12.01,1.928,0.169,11
5.2363,125.3653,30.268,5.0,67,48.0,0.513,0.83,us,6.4,4.43,0.046,150
33.707,139.4568,10.0,4.4,30,109.0,0.661,0.55,us,6.3,1.903,0.155,12
32.9472,88.6555,10.0,5.1,92,79.0,3.864,0.94,us,8.75,1.789,0.049,138
11.9552,143.8021,10.0,4.4,34,112.0,1.929,0.51,us,10.34,1.929,0.109,24
13.9108,144.6955,197.907,4.0,15,113.0,0.361,0.36,us,9.99,5.823,0.195,7
-5.6327,147.7505,181.355,4.4,15,101.0,3.793,1.14,us,8.72,8.622,0.19,8
73.2204,6.5925,10.0,4.5,68,64.0,5.867,0.67,us,4.08,1.856,0.082,43
-6.2975,130.4813,125.809,4.6,44,69.0,3.79,0.67,us,10.11,8.041,0.09,37
51.611,178.6772,74.68,4.2,47,172.0,0.329,0.34,us,5.1,5.106,0.136,15
-5.9241,145.6205,106.473,5.1,112,46.0,3.779,0.75,us,7.65,7.098,0.057,99
52.6046,161.1152,10.0,4.2,49,147.0,1.554,0.76,us,9.34,1.935,0.091,34
50.2371,158.41,10.0,4.4,34,216.0,2.794,0.82,us,10.03,1.97,0.105,26
6.0971,126.1802,145.952,4.4,24,115.0,1.136,0.51,us,9.36,4.408,0.139,15
7.3513,127.4086,10.0,4.9,38,60.0,1.837,0.76,us,7.13,1.88,0.098,33
-7.2885,129.1976,134.863,4.3,23,50.0,5.298,1.37,us,7.29,11.19,0.177,9
32.25,142.1296,10.0,4.6,53,138.0,2.135,0.82,us,6.83,1.842,0.093,34
7.4316,127.1295,10.0,4.9,98,53.0,1.58,0.49,us,6.67,1.847,0.06,87
29.343,129.308,10.0,4.8,47,69.0,2.375,1.15,us,6.56,1.781,0.065,73
-21.55,-67.0122,229.476,4.3,23,47.0,1.765,0.81,us,8.37,7.179,0.116,21
51.7771,158.3398,80.926,4.2,53,124.0,1.263,0.82,us,8.64,4.618,0.083,42
51.2528,159.9104,10.0,4.4,27,155.0,1.936,1.05,us,8.58,1.954,0.13,17
51.5075,159.8766,11.96,4.3,27,127.0,1.695,1.4,us,10.02,5.6,0.116,21
-9.686,159.5362,11.297,4.2,20,121.0,0.474,0.67,us,8.23,5.398,0.118,20
52.4633,160.7965,10.0,4.2,43,166.0,1.42,0.75,us,12.56,1.969,0.086,38
49.4867,159.036,10.0,5.0,99,122.0,3.55,0.45,us,7.72,1.476,0.027,431
-55.3529,-27.4001,15.923,4.8,32,67.0,5.363,0.71,us,8.3,5.154,0.1,31
-5.8142,152.5266,10.0,4.7,74,110.0,1.578,0.64,us,4.29,1.888,0.068,65
-29.7682,-71.3894,68.03,4.3,22,176.0,0.199,0.34,us,5.08,6.304,0.266,4
-24.044,178.7717,544.318,4.1,18,175.0,6.303,1.01,us,21.09,13.903,0.14,17
-24.1493,-179.7945,514.138,4.3,31,133.0,10.473,0.6,us,9.92,14.995,0.106,25
60.5438,-140.1009,7.366,4.5,63,59.0,0.456,1.14,us,1.31,4.884,0.106,26
-20.5191,-178.3834,549.345,4.7,112,48.0,4.355,0.64,us,11.28,6.022,0.03,347
-30.5376,-179.1076,235.117,4.5,45,81.0,1.645,1.34,us,13.89,7.691,0.083,43
-57.1047,-66.6962,10.0,4.9,65,106.0,3.904,0.87,us,11.22,1.885,0.075,61
53.0772,160.1087,48.264,4.2,20,117.0,0.882,0.78,us,11.55,7.986,0.118,20
34.7018,70.6667,10.0,4.9,50,82.0,1.277,0.48,us,9.51,1.86,0.047,143
49.6782,157.4864,10.0,4.2,30,228.0,3.428,0.61,us,12.27,1.972,0.121,19
-20.9612,-69.0134,108.208,4.6,47,48.0,0.45,0.79,us,5.07,4.448,0.055,99
-22.893,-66.3295,226.514,4.7,54,72.0,1.706,0.96,us,8.35,7.063,0.033,276
41.1731,142.9607,43.493,4.5,96,125.0,0.854,0.59,us,6.57,7.276,0.06,82
40.9078,35.1689,10.0,4.3,69,33.0,1.109,0.82,us,2.35,1.842,0.103,27
52.8221,160.7552,10.0,4.6,100,119.0,1.29,0.68,us,8.59,1.883,0.057,91
15.6726,122.2526,21.521,4.6,38,158.0,7.193,0.64,us,12.34,5.681,0.111,24
49.7593,157.2811,10.0,4.4,40,138.0,3.364,0.44,us,10.55,1.901,0.1,29
52.3084,160.3714,31.272,4.9,36,123.0,1.813,0.61,us,8.17,4.88,0.108,27
49.5636,158.3593,10.0,4.3,13,232.0,3.469,0.81,us,15.0,1.988,0.217,6
-7.2296,120.4179,580.056,4.2,66,67.0,2.298,0.84,us,10.4,6.984,0.087,37
50.1947,159.0612,10.0,5.1,116,79.0,2.844,0.7,us,7.53,1.799,0.025,533
-6.0597,148.6128,63.222,4.1,14,140.0,3.622,0.86,us,11.67,9.404,0.158,11
6.7107,126.8745,85.27,4.7,30,133.0,1.335,0.66,us,10.51,3.87,0.106,27
22.9851,63.5117,10.0,4.1,21,146.0,6.962,0.51,us,14.55,1.955,0.135,15
29.3013,129.5496,10.0,4.6,39,92.0,2.335,0.99,us,5.33,1.91,0.151,22
52.3429,160.6467,10.0,4.4,39,159.0,1.394,0.8,us,10.52,1.94,0.09,35
49.9492,157.2242,28.646,4.5,37,133.0,3.177,1.03,us,10.6,4.622,0.1,29
51.764,160.4337,10.0,4.4,28,192.0,2.148,1.0,us,11.25,1.954,0.117,21
-31.4822,-178.1921,35.0,4.5,13,166.0,2.241,0.32,us,14.46,1.934,0.181,10
-14.649,-173.2364,10.0,4.4,15,165.0,1.59,0.75,us,14.62,1.918,0.149,13
53.2364,159.5708,88.527,4.1,30,163.0,1.134,0.48,us,13.24,9.456,0.117,20
52.0221,160.4813,35.0,4.2,24,135.0,1.503,0.6,us,11.62,1.943,0.141,14
38.6269,141.9194,68.104,4.2,30,160.0,2.258,0.66,us,6.8,8.814,0.153,12
-9.5772,125.0843,10.0,4.4,15,71.0,0.825,1.33,us,5.79,1.154,0.19,8
42.4544,144.2913,81.265,5.0,116,121.0,0.95,0.63,us,7.96,6.373,0.057,99
51.8242,159.6653,27.956,4.6,44,124.0,1.352,0.91,us,10.34,6.158,0.078,49
52.3759,-175.802,222.406,3.9,69,100.0,0.323,0.5,us,12.33,6.293,0.093,31
-33.5032,-72.1028,37.971,4.1,26,183.0,0.612,0.97,us,4.3,10.328,0.235,5
52.5385,-170.074,63.471,3.7,23,175.0,0.859,0.83,us,11.19,6.31,0.19,8
-3.7521,146.4766,10.0,4.4,19,165.0,19.807,0.91,us,17.81,1.963,0.143,15
6.2464,125.6335,156.375,4.2,20,147.0,0.82,0.97,us,9.18,7.896,0.146,13
-16.5625,176.9306,10.0,4.7,18,72.0,1.592,0.22,us,4.59,1.894,0.142,15
16.6983,40.9583,10.0,4.3,39,98.0,3.927,1.14,us,8.19,1.905,0.091,34
2.5581,95.8302,33.799,4.2,22,204.0,2.143,0.36,us,9.92,7.626,0.136,15
49.0189,154.9365,80.244,4.1,44,135.0,4.449,0.65,us,10.32,7.915,0.09,37
-4.0269,129.8665,36.355,4.2,26,98.0,2.62,0.61,us,10.83,8.659,0.121,19
34.6027,70.7233,10.0,4.2,34,124.0,1.314,0.92,us,8.85,1.911,0.108,24
49.7442,159.4915,10.0,4.4,24,136.0,3.326,0.36,us,5.26,1.914,0.138,17
36.661,70.6139,109.922,4.2,25,238.0,2.221,1.05,us,9.59,11.274,0.199,8
-6.0866,147.7569,59.022,4.4,36,72.0,3.349,0.41,us,6.97,5.924,0.098,30
-7.1704,129.5056,10.0,4.4,21,95.0,5.03,1.01,us,7.27,1.938,0.19,8
2.624,127.2715,49.74,4.5,51,74.0,1.842,0.88,us,7.01,7.421,0.096,32
-23.558,179.9433,535.308,4.5,56,57.0,6.048,0.46,us,5.67,7.629,0.082,44
43.7484,147.7571,87.924,4.4,65,137.0,3.748,0.58,us,10.54,7.811,0.067,66
49.8458,155.3023,100.54,4.5,34,135.0,3.594,0.58,us,11.58,7.938,0.075,52
-5.5489,102.247,10.0,4.9,40,93.0,1.376,0.64,us,7.04,1.909,0.096,35
-5.1529,147.9095,10.0,4.4,32,67.0,3.136,0.66,us,5.65,1.608,0.115,22
-39.3222,-75.076,10.0,4.3,15,178.0,1.391,0.8,us,8.83,1.959,0.218,6
51.5051,161.1757,10.0,4.1,34,121.0,2.173,0.69,us,10.46,1.871,0.107,24
51.4405,159.828,10.0,4.8,76,121.0,1.743,0.68,us,8.98,1.871,0.056,99
-2.9425,136.3261,10.0,4.4,32,47.0,1.817,0.73,us,3.54,1.715,0.112,24
49.8313,156.5677,40.609,4.2,20,180.0,3.357,0.71,us,15.66,11.824,0.159,11
26.0221,128.3885,10.0,4.3,23,79.0,0.817,1.2,us,5.63,1.259,0.142,14
52.7752,161.1082,10.0,4.5,52,120.0,1.51,0.93,us,7.52,1.882,0.071,60
30.1427,-43.2121,10.0,4.4,29,85.0,18.5,0.89,us,12.03,1.918,0.118,21
-7.1616,130.0467,68.662,4.3,37,40.0,4.751,0.72,us,8.31,6.907,0.113,22
29.2619,129.3421,10.0,4.6,62,55.0,2.437,0.81,us,6.59,1.89,0.074,55
9.2857,94.2457,10.0,4.3,23,137.0,5.336,0.74,us,8.1,1.87,0.142,14
-28.6039,-70.371,89.38,4.0,25,117.0,0.498,0.61,us,5.7,7.952,0.368,2
51.6577,159.4811,44.85,4.4,32,138.0,1.46,0.83,us,12.65,8.012,0.098,30
51.548,159.5784,10.0,4.6,23,127.0,1.584,0.67,us,9.16,1.85,0.223,6
-2.0568,138.9706,35.0,4.2,26,78.0,0.965,0.67,us,5.49,1.918,0.121,19
52.1436,160.4931,26.649,4.7,118,122.0,1.429,0.64,us,8.45,5.192,0.054,105
50.6852,160.052,10.0,4.3,38,138.0,2.498,0.5,us,6.54,1.93,0.1,28
-17.4593,-69.7316,174.678,4.2,23,173.0,0.273,0.68,us,6.3,5.078,0.141,14
6.1014,94.9925,10.0,4.6,63,65.0,2.13,0.6,us,5.69,1.712,0.077,50
54.1583,-161.3362,35.0,3.3,18,205.0,1.222,0.78,us,5.36,1.982,0.183,7
44.0361,-128.4571,10.0,3.9,41,219.0,2.187,0.75,us,9.66,1.99,0.229,5
-14.3933,167.1544,171.538,4.2,26,111.0,1.049,1.08,us,13.05,7.801,0.125,19
49.6348,157.3719,35.0,4.4,24,137.0,3.484,0.77,us,13.16,1.951,0.112,23
51.7645,160.1686,10.0,4.1,11,230.0,1.567,0.79,us,12.69,1.977,0.234,5
-0.1668,99.3304,65.856,5.2,167,87.0,4.917,0.8,us,8.28,6.671,0.037,240
-14.8992,167.4234,115.729,4.3,23,160.0,0.585,0.63,us,15.41,5.02,0.137,15
7.1583,127.0591,57.386,4.7,53,77.0,1.471,0.97,us,9.16,7.388,0.084,43
50.4902,159.7887,10.0,4.2,16,136.0,2.634,0.47,us,10.23,1.923,0.186,8
-9.0256,67.1896,10.0,4.3,21,76.0,5.45,0.67,us,14.15,1.912,0.16,12
51.9743,159.0236,64.883,4.4,12,213.0,1.075,0.62,us,11.7,7.515,0.179,9
52.4871,160.0617,57.62,4.3,21,165.0,1.012,0.45,us,11.07,8.914,0.147,13
-2.1736,139.1162,35.0,4.8,48,71.0,1.086,0.79,us,5.39,0.311,0.075,54
50.9043,157.4601,69.365,4.1,41,134.0,2.212,0.76,us,10.45,7.236,0.101,27
39.6279,143.3411,20.53,5.3,74,98.0,2.094,0.8,us,7.45,3.723,0.074,62
51.9196,-169.8577,16.806,4.1,83,171.0,0.872,0.83,us,5.02,4.162,0.05,109
27.096,-44.4686,10.0,4.5,45,145.0,21.401,0.53,us,14.89,1.941,0.064,72
50.7671,157.9673,33.271,4.3,54,129.0,2.299,0.6,us,10.39,5.812,0.09,37
-57.2189,-67.2903,10.0,5.1,67,124.0,2.3,1.2,us,8.51,1.882,0.065,76
29.2824,129.3047,10.0,4.6,31,108.0,2.431,1.08,us,7.61,1.918,0.113,24
6.76,-72.9658,165.882,4.1,13,167.0,2.332,1.09,us,13.58,17.407,0.233,5
49.8939,157.6733,22.694,4.3,50,134.0,3.193,0.69,us,10.73,5.939,0.072,55
3.0436,-31.2907,10.0,4.6,79,48.0,9.942,0.49,us,11.11,1.86,0.066,71
50.657,158.0758,35.0,4.9,133,95.0,2.396,0.64,us,9.37,1.902,0.025,509
51.0486,159.0881,35.0,4.1,14,138.0,2.234,0.57,us,11.42,1.964,0.185,8
-60.9682,-38.5297,10.0,5.1,57,56.0,6.792,0.6,us,7.13,1.831,0.082,48
51.7686,159.5178,10.0,4.6,36,122.0,1.365,1.33,us,6.5,1.9,0.125,29
11.4114,124.4013,10.005,4.4,29,83.0,4.468,0.64,us,10.82,4.911,0.123,19
50.0134,156.7199,35.0,4.7,88,125.0,3.159,0.95,us,8.75,1.907,0.042,170
52.2582,159.7259,50.987,4.2,21,166.0,1.009,0.75,us,10.43,8.301,0.152,12
11.1509,124.2865,10.047,4.4,32,127.0,4.251,0.96,us,11.94,4.832,0.117,21
50.0326,158.8601,10.0,4.4,35,141.0,2.998,0.62,us,10.1,1.923,0.103,27
51.4997,159.9862,10.0,4.2,27,128.0,1.733,0.96,us,6.17,1.912,0.132,21
52.9277,160.0982,35.0,4.4,48,146.0,0.881,0.82,us,8.94,1.945,0.063,72
-17.1634,-174.6802,214.117,4.3,36,66.0,4.274,0.81,us,10.09,8.27,0.094,32
-20.2152,-69.1538,96.072,4.1,20,80.0,0.074,0.78,us,4.87,3.376,0.175,9
39.5683,143.4346,10.0,4.2,26,142.0,2.187,1.03,us,3.85,1.918,0.141,14
53.5979,160.1821,56.565,4.3,67,133.0,1.085,0.55,us,8.83,7.307,0.072,55
-21.1102,-68.5409,129.945,4.3,25,82.0,0.886,0.99,us,6.18,7.598,0.147,13
50.3541,157.2101,35.0,4.4,35,131.0,2.775,1.34,us,9.36,1.936,0.13,17
31.0111,-8.2571,9.076,4.5,36,156.0,0.874,0.72,us,6.85,5.4,0.104,27
-9.402,110.3623,35.0,4.1,12,76.0,2.339,1.02,us,8.48,1.956,0.198,7
-56.2114,-143.8027,10.0,5.1,29,127.0,27.438,0.83,us,14.87,1.892,0.108,28
-17.7163,-178.6567,580.268,4.3,51,118.0,2.253,0.72,us,12.71,7.798,0.068,60
51.4867,159.6201,25.756,4.4,29,128.0,1.651,0.99,us,9.68,6.136,0.117,21
52.0109,-171.3717,35.0,3.8,27,175.0,1.182,0.74,us,6.75,1.987,0.169,10
41.3078,142.4867,47.618,4.2,20,182.0,0.867,0.79,us,7.36,9.715,0.16,11
51.8154,-167.2162,10.0,3.8,43,184.0,1.533,0.72,us,6.7,1.956,0.131,15
-49.3328,124.9223,10.0,4.2,15,139.0,17.364,0.32,us,14.38,1.95,0.141,14
52.7891,159.0738,104.367,5.1,41,150.0,0.891,0.91,us,11.44,6.374,0.101,32
48.6205,157.4589,10.0,4.5,47,194.0,4.473,0.92,us,13.3,1.952,0.093,34
52.0656,161.6507,10.0,4.1,17,125.0,2.068,0.41,us,9.14,1.911,0.184,9
51.6411,159.5849,38.818,4.6,83,127.0,1.499,1.19,us,9.41,7.234,0.051,116
-22.2542,-68.4574,112.746,4.4,32,94.0,0.741,0.95,us,5.93,6.441,0.13,17
-1.6311,-77.6831,172.909,4.2,39,66.0,0.368,0.6,us,7.11,4.974,0.097,32
9.6159,138.2209,10.0,4.6,27,96.0,4.34,0.73,us,9.88,1.902,0.107,26
50.7026,149.9577,520.027,4.1,60,89.0,5.363,0.42,us,9.76,6.841,0.056,88
32.2389,142.5224,10.0,4.5,24,149.0,2.446,0.55,us,8.87,1.922,0.131,17
-17.0538,-174.0498,124.34,4.4,25,122.0,18.258,0.76,us,14.46,7.49,0.114,22
0.7377,96.8752,10.0,5.0,85,90.0,2.822,0.84,us,9.28,1.828,0.067,71
52.9122,161.0131,10.0,4.8,43,119.0,1.434,0.95,us,9.85,1.885,0.089,39
-20.9163,-65.1486,314.573,4.1,32,84.0,3.832,0.56,us,11.06,13.118,0.151,12
51.5468,159.9383,10.0,4.3,83,127.0,1.677,0.8,us,8.11,1.905,0.065,67
14.8034,108.2447,10.0,4.2,28,136.0,4.472,0.37,us,10.42,1.901,0.116,21
39.8676,143.2263,36.699,4.3,26,160.0,1.892,0.58,us,5.77,7.762,0.133,16
-15.8171,-176.8504,414.209,4.3,51,102.0,3.691,0.45,us,8.19,7.521,0.089,36
-24.0951,-66.7639,192.487,4.7,90,58.0,1.727,1.1,us,9.25,6.916,0.033,275
0.9825,126.6058,58.626,4.4,40,72.0,0.789,0.93,us,5.47,6.903,0.107,25
-18.1477,-178.3075,536.568,4.5,57,86.0,2.771,0.54,us,12.73,7.83,0.078,48
-7.1826,128.1258,223.536,4.0,29,60.0,4.593,0.52,us,9.74,8.012,0.15,12
2.7113,128.1721,73.75,4.3,35,104.0,3.355,1.18,us,9.42,2.478,0.113,22
-6.2118,151.8342,10.0,4.9,45,65.0,2.034,0.79,us,7.95,1.865,0.061,85
-17.0714,-174.113,132.07,4.4,34,99.0,3.865,1.13,us,9.66,6.558,0.105,26
-22.9354,-174.8459,10.0,4.9,36,121.0,6.867,0.43,us,8.08,1.849,0.106,28
0.1711,129.64,10.0,4.5,41,76.0,1.917,0.64,us,7.01,1.884,0.11,24
51.7541,159.2102,35.0,4.2,25,120.0,1.317,0.49,us,10.18,1.915,0.124,18
-58.9814,-25.7406,87.293,4.4,14,234.0,7.565,1.11,us,26.59,19.21,0.143,14
-20.8957,-68.9598,103.122,4.2,31,51.0,0.514,0.85,us,5.2,6.378,0.132,16
14.6797,-92.4688,66.077,4.0,35,177.0,0.891,0.81,us,8.37,9.214,0.115,20
51.6771,161.082,10.0,4.8,34,123.0,2.011,1.26,us,10.42,1.915,0.103,29
-24.0238,-175.2311,10.0,5.2,78,59.0,6.971,0.94,us,10.55,1.795,0.038,235
-23.2021,-175.2174,10.0,4.9,55,115.0,6.421,0.68,us,11.65,1.866,0.078,51
4.8929,123.0324,573.765,4.2,48,56.0,2.443,0.72,us,12.41,8.778,0.087,37
9.2948,93.9639,10.0,4.6,84,49.0,5.007,0.53,us,9.67,1.856,0.067,66
53.1157,161.4427,18.97,4.7,52,117.0,1.688,1.06,us,8.98,2.897,0.062,78
51.8807,160.314,10.0,4.4,21,217.0,1.532,0.94,us,11.18,1.985,0.134,16
51.8554,160.3445,10.0,5.2,92,88.0,1.563,0.77,us,8.42,1.876,0.035,265
50.835,156.857,89.341,4.2,20,166.0,2.335,0.82,us,8.52,7.529,0.152,12
44.1537,146.5987,102.72,4.4,53,133.0,2.884,0.62,us,10.51,8.051,0.08,46
36.6558,54.8533,10.0,4.5,56,102.0,2.896,0.71,us,6.41,1.75,0.076,51
52.9133,160.8431,10.0,4.4,12,189.0,1.331,0.19,us,13.62,1.996,0.203,8
34.756,70.6969,10.0,4.5,39,144.0,1.31,0.78,us,7.94,1.914,0.102,28
34.1848,23.9131,35.0,4.2,39,116.0,2.996,0.6,us,8.57,1.948,0.121,19
2.2866,96.2234,23.205,4.2,19,188.0,1.667,0.38,us,8.78,6.668,0.176,9
54.7442,160.2389,10.0,4.2,31,111.0,1.964,0.53,us,9.97,1.868,0.071,56
49.9353,158.107,10.0,4.3,55,135.0,3.111,0.7,us,10.27,1.911,0.08,44
51.4523,160.301,10.0,4.5,14,230.0,1.873,0.63,us,14.94,1.997,0.18,9
39.4698,143.2567,35.0,4.3,22,137.0,2.136,0.73,us,7.98,1.966,0.168,10
51.0955,157.0591,81.686,4.3,25,138.0,2.054,0.5,us,10.49,8.117,0.147,13
-23.0538,179.0167,613.245,4.3,23,108.0,5.359,0.96,us,19.41,21.332,0.132,16
51.2851,159.4375,20.422,4.5,42,138.0,1.807,1.03,us,11.04,4.364,0.097,31
-6.4242,128.1732,381.771,4.0,24,68.0,5.09,0.47,us,6.23,10.62,0.173,9
19.6602,146.8132,10.0,4.5,47,125.0,4.502,0.7,us,13.78,1.893,0.073,55
-3.1047,139.1156,63.391,4.1,26,103.0,0.998,0.96,us,5.29,5.733,0.131,16
52.0659,160.8269,10.0,4.2,19,257.0,1.639,0.91,us,9.45,1.916,0.167,11
-15.4349,67.0469,10.0,4.4,30,60.0,5.545,0.78,us,12.34,1.866,0.115,22
-31.1835,-179.285,183.317,4.3,15,200.0,6.667,0.75,us,10.41,10.026,0.168,10
52.072,-175.091,74.568,4.1,70,170.0,0.522,0.69,us,8.21,6.565,0.076,48
36.2217,69.2333,37.263,4.6,40,148.0,2.431,0.81,us,9.89,6.57,0.068,65
52.1522,160.744,26.096,4.2,12,124.0,1.547,0.62,us,10.57,6.934,0.146,17
52.3289,160.1775,38.776,4.3,20,151.0,1.161,0.59,us,9.19,6.467,0.177,9
54.4532,161.4173,45.267,4.0,30,132.0,2.18,0.61,us,9.04,10.006,0.119,20
51.2543,-174.8171,10.0,4.0,65,190.0,1.007,0.68,us,5.42,1.804,0.076,46
84.1055,108.3515,10.0,4.2,19,98.0,13.084,1.14,us,14.02,1.938,0.131,16
52.6078,160.3815,38.482,4.8,99,127.0,1.13,0.75,us,10.83,6.964,0.053,111
51.4638,176.9412,35.0,3.5,23,214.0,1.091,0.72,us,7.51,2.013,0.221,5
52.0507,160.4649,35.0,4.7,96,85.0,1.476,0.66,us,9.18,1.863,0.042,175
-7.1723,129.3087,151.324,4.3,29,72.0,2.698,0.53,us,9.78,8.576,0.122,19
-55.3038,-26.8856,10.0,5.0,40,106.0,5.649,0.51,us,12.93,1.867,0.1,32
-15.9102,167.3193,16.121,4.4,59,112.0,0.474,0.51,us,9.86,5.058,0.078,51
0.4719,-79.3622,57.913,4.4,32,116.0,0.954,0.38,us,3.75,9.028,0.134,16
53.282,160.9343,35.0,4.1,14,171.0,1.4,1.26,us,12.63,1.999,0.174,9
-10.1601,108.494,10.0,4.9,73,58.0,2.776,0.65,us,6.92,1.852,0.072,61
-57.6504,-8.7007,10.0,4.4,11,118.0,14.287,0.51,us,15.55,1.193,0.17,10
51.6154,160.1319,10.0,4.5,33,157.0,1.678,0.98,us,8.99,1.957,0.107,26
11.2989,124.4745,10.0,4.5,23,137.0,4.341,0.55,us,10.79,1.828,0.131,17
-19.7726,-177.4102,360.864,4.4,51,122.0,4.485,1.01,us,9.49,6.105,0.093,33
5.5626,-72.1709,10.0,4.3,24,60.0,2.257,0.35,us,6.36,1.926,0.142,14
4.412,96.5767,10.0,4.6,37,65.0,0.891,1.16,us,5.53,1.706,0.103,29
-13.5455,-76.9197,10.0,4.5,30,137.0,1.55,0.79,us,8.88,1.724,0.07,61
2.1086,128.5542,41.783,4.7,62,74.0,1.781,0.66,us,6.52,6.48,0.064,74
27.5281,52.8561,10.0,4.3,21,99.0,3.957,0.96,us,9.61,1.977,0.142,14
51.0664,157.2636,80.229,4.6,130,135.0,2.063,0.65,us,5.05,6.551,0.05,118
27.9898,50.4539,10.0,4.1,13,195.0,5.979,1.1,us,9.75,2.004,0.262,4
16.354,-92.8733,208.454,4.4,60,110.0,0.711,0.62,us,8.39,6.205,0.072,55
1.4567,128.2043,106.214,4.6,48,80.0,3.826,0.5,us,8.34,8.523,0.088,39
-9.042,124.0259,100.185,4.4,24,97.0,0.748,0.87,us,6.68,2.754,0.126,18
-2.9393,137.2052,60.199,4.1,28,70.0,1.043,0.53,us,5.78,7.974,0.13,16
49.4694,158.9068,10.0,4.4,39,133.0,3.562,0.91,us,6.76,1.881,0.103,27
16.1249,96.5679,10.0,4.6,61,128.0,3.005,0.81,us,6.56,1.894,0.082,44
-6.2494,151.3713,10.0,4.5,19,196.0,2.192,1.1,us,12.86,1.972,0.163,11
52.2784,159.7298,35.0,4.5,71,121.0,0.995,0.95,us,7.57,1.922,0.066,68
51.1383,159.5376,10.0,4.3,29,138.0,1.966,0.45,us,12.07,1.939,0.126,18
14.4503,-90.7496,5.39,4.8,59,97.0,0.257,0.52,us,5.46,5.045,0.05,125
29.9125,80.9401,35.0,4.5,21,165.0,8.854,0.96,us,11.87,1.97,0.144,14
-47.2566,165.9072,10.0,4.2,33,115.0,1.214,1.07,us,4.38,1.879,0.2,7
9.3798,93.87,10.0,4.6,60,123.0,5.13,0.35,us,9.32,1.902,0.084,42
-19.0163,-174.7653,93.302,4.8,63,85.0,4.576,0.88,us,11.59,7.239,0.033,287
3.2052,-31.2178,10.0,4.6,16,165.0,20.249,0.36,us,11.27,1.908,0.152,13
14.8483,119.8742,42.577,4.8,52,88.0,8.438,0.84,us,9.64,7.73,0.068,67
28.7363,130.171,35.0,4.3,43,122.0,2.532,0.49,us,3.32,1.928,0.109,24
50.3702,158.9085,10.0,4.5,124,71.0,2.662,0.47,us,9.53,1.884,0.053,104
-12.7832,143.2158,10.0,4.5,12,103.0,1.168,0.75,us,11.06,1.859,0.222,7
-10.7646,161.6979,35.0,4.5,24,159.0,2.17,0.53,us,9.33,1.91,0.124,19
0.6359,120.6222,20.408,4.4,24,97.0,2.962,1.25,us,7.4,6.232,0.149,13
7.6197,127.1421,10.0,4.4,18,92.0,1.644,0.63,us,6.18,1.917,0.155,12
-56.2066,-24.8489,10.0,4.5,16,122.0,6.928,0.74,us,9.73,1.824,0.139,15
51.8962,158.5115,70.037,4.2,35,137.0,1.132,0.64,us,11.15,7.089,0.103,26
50.2465,159.1104,10.0,4.3,28,134.0,2.796,0.81,us,5.9,1.889,0.142,15
-22.907,172.9271,10.0,4.6,22,123.0,5.067,0.9,us,6.77,1.853,0.14,15
-30.0468,-71.6739,33.23,4.2,31,192.0,0.399,1.3,us,6.65,6.465,0.263,4
52.4642,160.713,10.0,4.1,20,207.0,1.374,0.86,us,12.51,2.009,0.127,17
52.0936,160.6397,10.0,4.3,22,163.0,1.531,1.25,us,10.5,1.918,0.147,13
51.5321,159.5113,20.719,4.9,78,127.0,1.585,1.31,us,8.37,5.338,0.043,167
27.0929,103.5002,10.0,5.2,70,46.0,1.952,0.8,us,8.03,1.842,0.052,123
-30.0437,-177.8004,35.812,4.4,16,187.0,0.786,0.45,us,8.29,16.977,0.149,15
25.1664,126.9831,25.228,4.3,31,90.0,2.027,0.71,us,7.15,6.382,0.117,22
-60.9903,-38.9367,10.0,4.8,39,53.0,6.852,0.59,us,11.39,1.825,0.119,22
-29.8408,-177.7271,81.137,4.4,18,257.0,9.675,0.63,us,20.62,14.532,0.13,18
4.4519,-73.1153,10.0,4.5,66,75.0,1.264,0.71,us,7.16,1.897,0.073,54
-17.1052,-174.5981,124.338,4.3,55,119.0,4.813,0.61,us,15.44,7.685,0.078,46
-6.2424,131.0717,35.0,4.4,51,50.0,3.504,1.01,us,8.68,1.919,0.087,38
25.8294,66.5927,10.0,4.1,25,95.0,9.435,0.74,us,7.12,1.868,0.119,19
49.9421,158.1099,10.0,4.1,27,138.0,3.104,0.53,us,11.73,1.919,0.131,16
9.0054,-83.9276,25.007,4.7,56,137.0,0.735,0.84,us,8.02,6.142,0.08,47
52.4831,160.728,10.0,5.0,182,87.0,1.374,0.65,us,7.46,1.684,0.025,533
52.3592,160.4874,35.0,4.3,18,135.0,1.301,1.12,us,11.56,1.906,0.178,9
52.0637,160.6763,10.0,4.3,16,137.0,1.567,1.3,us,10.34,1.927,0.178,9
42.3031,144.5453,37.615,4.6,123,134.0,1.072,0.56,us,8.55,7.318,0.055,99
3.9256,95.869,55.638,4.9,75,138.0,1.682,0.67,us,6.81,6.286,0.054,107
-5.0387,151.1614,183.341,4.4,24,98.0,1.306,0.55,us,10.57,9.551,0.117,21
52.3794,160.2225,35.0,4.8,69,117.0,1.154,0.93,us,8.18,1.914,0.067,69
52.8339,160.9304,10.0,4.8,88,128.0,1.393,0.94,us,7.89,1.78,0.04,188
-2.862,101.1384,62.216,4.5,40,189.0,2.346,0.75,us,9.9,9.426,0.104,27
50.9661,158.7269,38.109,4.5,51,129.0,2.061,0.94,us,9.45,7.362,0.054,101
39.2068,28.171,10.0,4.0,18,56.0,1.024,0.68,us,4.86,1.953,0.298,3
-20.3233,-178.0497,525.651,4.5,38,97.0,4.491,0.9,us,13.97,9.016,0.075,52
51.3466,159.5999,10.0,4.1,37,137.0,1.778,0.96,us,9.6,1.907,0.099,33
-8.2285,-75.0877,104.348,4.1,22,108.0,4.115,0.98,us,11.15,10.95,0.151,12
-1.92,139.1436,25.027,4.7,37,83.0,1.17,0.5,us,7.3,5.61,0.106,27
51.8412,159.893,35.0,4.6,32,137.0,1.408,1.03,us,11.95,1.939,0.098,31
14.841,-94.564,10.0,4.3,39,163.0,1.753,0.95,us,7.33,1.953,0.114,22
51.5331,159.9652,10.0,4.5,27,127.0,1.697,0.91,us,10.25,1.925,0.109,25
52.0083,159.9324,35.0,4.9,53,156.0,1.753,1.15,us,7.25,1.89,0.064,98
39.4911,143.3098,10.0,4.6,63,142.0,2.155,0.58,us,10.16,1.918,0.068,64
51.6531,159.3432,35.0,5.1,57,126.0,1.437,0.91,us,8.87,1.91,0.081,50
9.6602,122.2503,10.0,4.6,35,132.0,5.803,0.88,us,9.99,1.696,0.11,25
7.4914,127.2912,10.0,4.9,65,56.0,1.749,0.69,us,4.86,1.866,0.078,52
-17.4843,-70.2161,134.937,4.4,25,121.0,0.71,1.16,us,8.1,6.779,0.155,12
-5.1276,133.8264,10.0,4.6,32,102.0,2.452,0.78,us,8.88,1.933,0.109,25
-31.2384,-68.9387,116.914,4.7,40,46.0,0.383,1.19,us,4.46,3.412,0.108,26
10.7983,123.9947,10.0,4.4,27,132.0,4.022,0.43,us,9.18,1.921,0.123,19
-5.5138,152.4194,10.0,4.1,29,155.0,1.262,0.67,us,8.55,1.931,0.117,20
51.5168,160.2277,10.0,4.6,49,138.0,1.794,0.88,us,10.48,1.909,0.078,49
21.6642,99.7826,10.0,4.5,69,68.0,1.531,0.52,us,7.93,1.874,0.077,51
-59.4011,-23.6726,10.0,4.5,28,84.0,8.69,0.56,us,6.41,1.916,0.104,27
10.5421,40.4906,10.0,4.2,20,125.0,2.422,0.42,us,9.71,1.895,0.153,12
60.6578,-139.9672,5.0,4.2,47,48.0,0.536,1.22,us,1.71,1.883,0.16,11
7.4423,126.5296,103.392,4.5,24,85.0,1.013,0.75,us,9.62,8.559,0.127,18
34.3478,23.8015,11.464,4.7,36,237.0,3.008,0.85,us,12.89,8.583,0.11,25
17.8382,-103.0383,19.667,4.3,49,116.0,1.729,1.06,us,9.62,5.771,0.063,71
51.5593,178.4709,76.527,4.0,62,176.0,0.378,0.65,us,6.28,5.556,0.069,56
49.6283,158.5194,10.0,4.3,33,136.0,3.401,0.75,us,11.06,1.894,0.116,21
50.3229,157.3196,35.0,4.9,273,100.0,2.799,0.6,us,8.38,1.886,0.026,464
-29.6146,-176.6915,10.0,4.6,12,133.0,8.955,0.85,us,13.4,1.902,0.193,8
49.9757,159.476,10.0,4.3,27,137.0,3.095,0.63,us,6.87,1.838,0.119,20
53.2526,161.0474,40.583,4.3,45,134.0,1.462,0.84,us,12.14,8.077,0.083,41
52.867,160.9443,10.0,4.4,21,147.0,1.977,0.89,us,9.75,1.948,0.162,11
50.2784,156.7675,35.0,4.6,84,130.0,2.893,1.08,us,9.86,1.928,0.034,255
1.6188,125.9846,73.706,4.4,21,92.0,1.157,0.68,us,5.81,8.571,0.17,10
43.2537,146.2984,75.477,4.7,71,125.0,2.628,0.94,us,8.13,6.64,0.046,145
51.8394,159.4133,35.0,4.5,51,119.0,1.275,0.84,us,9.23,1.934,0.065,75
53.6353,160.3412,61.718,4.8,181,117.0,1.185,0.58,us,8.98,6.579,0.044,160
9.8202,126.0977,32.396,4.5,13,139.0,2.781,1.27,us,15.3,5.594,0.192,8
2.8774,-31.3365,10.0,5.0,69,48.0,9.775,0.69,us,10.78,1.849,0.052,119
-21.4368,-66.7089,226.33,4.7,114,55.0,2.032,1.13,us,7.55,6.974,0.041,178
-39.7921,-16.4739,10.0,4.5,23,104.0,35.741,1.14,us,15.56,1.882,0.171,10
7.3879,126.8149,71.064,4.9,92,91.0,1.266,0.7,us,8.8,2.565,0.069,66
-47.8048,116.0397,10.0,4.4,15,128.0,14.888,0.75,us,13.84,1.926,0.155,12
51.3888,161.0745,10.0,4.5,62,135.0,2.215,0.66,us,11.21,1.903,0.076,51
51.3979,159.6205,35.0,4.7,43,128.0,2.081,0.86,us,10.06,1.931,0.099,31
52.7173,160.8827,39.617,4.2,47,163.0,1.388,0.59,us,13.14,8.857,0.081,43
39.8297,72.8797,16.723,4.4,62,68.0,1.545,0.51,us,5.41,2.077,0.076,50
50.9339,156.2353,141.685,4.8,102,121.0,2.358,0.78,us,9.2,6.741,0.026,461
-2.0359,120.6836,10.0,4.2,16,104.0,0.639,0.59,us,3.81,1.928,0.216,6
-9.3665,158.8815,9.522,4.4,35,86.0,1.054,0.4,us,5.48,4.633,0.107,30
23.7096,70.4196,10.0,4.6,61,75.0,13.02,0.69,us,7.38,1.854,0.063,74
52.8133,160.6528,35.0,4.2,44,81.0,1.231,0.63,us,10.64,1.866,0.078,46
51.8159,160.1211,29.241,4.9,48,119.0,1.508,1.11,us,10.31,6.107,0.051,123
-19.3638,-69.1928,10.0,4.5,43,113.0,0.774,0.69,us,4.85,1.894,0.093,34
-40.9652,174.5345,55.434,4.4,41,55.0,0.366,0.79,us,3.45,8.298,0.241,5
-32.6071,-177.5916,10.0,5.2,89,50.0,5.978,0.65,us,10.72,1.781,0.071,65
30.7824,96.6483,10.0,4.2,14,116.0,4.896,0.72,us,9.3,1.914,0.176,9
42.7322,143.2454,10.0,4.1,54,127.0,0.72,0.54,us,5.9,1.902,0.089,36
34.5337,26.0526,45.634,4.8,76,115.0,1.36,0.8,us,7.2,7.181,0.057,96
15.5984,145.8343,216.491,4.3,14,160.0,0.358,0.77,us,14.32,6.186,0.238,5
2.2622,-84.5284,10.0,4.3,19,162.0,5.76,0.59,us,13.08,1.949,0.119,20
34.3423,70.8571,10.0,4.7,61,132.0,1.434,1.18,us,7.96,1.886,0.075,53
50.7947,158.8605,18.599,4.9,97,130.0,2.236,0.66,us,8.89,4.737,0.04,202
-44.3879,-81.819,10.0,4.7,33,142.0,7.007,0.98,us,12.77,1.916,0.095,34
49.6174,155.5281,50.359,4.6,95,170.0,3.751,1.21,us,10.88,8.32,0.051,117
52.5535,160.6703,10.0,4.8,88,116.0,1.314,0.96,us,8.4,1.876,0.034,269
31.9999,97.2145,10.0,4.4,55,104.0,5.712,0.85,us,7.2,1.912,0.077,48
33.7183,90.741,10.0,4.5,66,46.0,4.016,0.69,us,8.69,1.876,0.073,55
-47.9879,116.6016,10.0,4.6,16,96.0,15.051,0.95,us,10.84,1.955,0.146,14
50.3286,158.1706,10.0,4.3,16,135.0,2.715,0.56,us,12.71,1.909,0.138,15
-15.2883,-172.8333,10.0,4.7,22,134.0,2.427,0.73,us,13.4,1.9,0.117,22
48.6572,155.7912,10.0,4.0,29,232.0,4.617,0.56,us,14.44,1.979,0.122,18
15.3857,120.1378,64.159,4.9,163,73.0,7.446,0.73,us,9.97,6.392,0.045,155
51.1346,158.9957,35.0,4.3,19,129.0,1.904,1.1,us,9.11,1.954,0.153,12
49.746,155.8336,57.438,5.0,93,66.0,3.563,0.81,us,10.59,5.753,0.027,429
-16.3254,167.4168,27.168,4.9,29,170.0,0.897,0.58,us,9.93,6.68,0.116,23
4.4323,-73.328,10.0,4.9,102,69.0,1.071,0.71,us,8.59,1.868,0.025,485
20.9575,93.7795,59.107,4.6,55,155.0,4.257,0.58,us,5.38,7.183,0.081,45
51.5318,159.9153,10.0,4.3,22,157.0,1.684,0.61,us,6.48,1.885,0.142,14
51.4757,159.6917,28.297,4.9,74,121.0,1.677,1.02,us,8.2,5.388,0.043,167
50.4654,159.93,10.0,4.4,41,134.0,2.682,0.6,us,5.65,1.865,0.086,39
60.366,-58.5403,10.0,4.5,34,139.0,5.15,0.52,us,9.74,1.968,0.101,29
50.384,159.2589,10.0,4.4,24,137.0,2.67,0.68,us,11.34,1.912,0.126,18
-22.0836,-179.6096,606.969,4.3,58,123.0,4.844,0.56,us,15.15,8.237,0.071,56
52.1422,160.324,35.0,4.6,63,120.0,1.87,0.74,us,9.51,1.927,0.076,51
51.3747,142.6435,10.0,4.9,63,104.0,4.421,0.67,us,9.46,1.856,0.06,87
34.8895,25.8818,10.0,3.9,35,113.0,0.905,0.65,us,6.42,1.908,0.121,18
55.3497,165.3096,10.0,4.3,59,153.0,4.553,0.95,us,13.87,1.928,0.077,48
3.0339,128.068,73.673,4.0,24,84.0,2.354,0.69,us,8.54,10.608,0.164,10
51.0869,159.0487,10.0,4.2,29,219.0,1.955,0.72,us,12.97,1.974,0.118,20
53.0506,160.4387,45.605,4.2,21,118.0,1.081,0.57,us,10.16,8.434,0.132,16
49.4262,157.9132,10.0,4.6,73,136.0,3.632,0.72,us,9.8,1.897,0.048,131
54.4799,-159.9228,35.0,3.4,20,203.0,0.402,0.69,us,6.29,2.007,0.283,3
41.1082,142.9076,57.545,4.1,73,130.0,0.925,0.56,us,7.6,7.195,0.071,54
49.986,156.6867,37.494,5.3,209,68.0,3.19,0.58,us,8.43,5.032,0.021,782
-21.0829,174.3502,10.0,4.4,9,132.0,4.82,0.6,us,8.1,1.926,0.268,4
-63.0531,-63.8138,10.0,4.8,20,146.0,1.731,0.78,us,12.63,1.925,0.127,19
50.4604,157.8554,30.288,4.8,38,131.0,2.614,1.04,us,11.44,6.421,0.097,33
39.1655,28.2881,10.0,4.1,18,70.0,1.08,0.58,us,5.32,1.977,0.302,3
-55.9161,-26.0767,10.0,4.5,16,114.0,6.196,0.5,us,14.74,1.639,0.145,14
51.6973,159.5179,35.0,4.9,117,123.0,1.431,0.99,us,8.77,1.908,0.054,107
-6.8151,155.553,126.41,4.2,15,95.0,4.263,0.36,us,10.21,7.105,0.159,11
51.3461,158.9338,42.251,4.2,20,138.0,1.689,1.36,us,13.86,8.481,0.146,13
39.1155,28.199,10.0,4.0,22,57.0,1.008,0.71,us,4.02,1.974,0.231,5
51.0905,159.0182,32.499,4.5,69,132.0,1.949,0.57,us,10.5,5.928,0.073,55
5.8112,125.5447,67.379,4.6,78,86.0,1.073,0.69,us,8.45,5.791,0.067,67
28.8711,129.9377,10.0,4.5,35,179.0,2.507,0.79,us,7.02,1.917,0.09,36
52.149,160.03,34.614,4.0,37,179.0,1.215,0.64,us,13.47,9.236,0.1,27
52.3971,160.5343,35.0,4.2,26,121.0,1.307,0.62,us,9.9,1.946,0.095,31
-8.88,125.2544,10.0,4.3,12,106.0,1.306,0.96,us,5.04,1.956,0.307,3
9.3633,93.9614,40.127,5.0,54,69.0,5.064,0.91,us,10.29,5.366,0.091,38
-2.8637,147.6772,10.0,4.3,17,77.0,0.872,0.42,us,8.44,1.922,0.177,9
47.5684,154.3117,10.0,4.5,52,136.0,5.954,0.67,us,10.44,1.903,0.088,38
52.8664,160.9121,30.509,4.1,16,165.0,1.378,1.26,us,14.47,9.006,0.157,11
-6.8229,129.7353,165.067,4.5,36,91.0,2.292,0.84,us,11.54,8.401,0.102,31
27.1872,-44.4207,10.0,4.4,20,143.0,18.335,0.76,us,15.49,1.904,0.17,13
52.1778,157.7694,96.387,4.6,18,154.0,0.933,1.37,us,11.1,9.086,0.136,16
9.0228,93.9177,10.0,4.4,45,152.0,4.821,0.45,us,9.66,1.431,0.091,35
50.7677,158.3223,29.636,4.2,47,130.0,2.268,0.56,us,7.91,6.422,0.09,34
-11.4449,166.0531,35.0,4.4,20,144.0,4.132,0.98,us,13.66,1.94,0.138,15
15.7251,147.3424,10.0,4.3,33,167.0,1.573,0.7,us,11.46,1.934,0.109,24
18.49,145.7644,212.268,4.1,12,156.0,3.231,0.89,us,17.41,12.205,0.213,6
4.4747,-73.2145,10.0,4.2,15,68.0,1.163,0.96,us,7.29,1.471,0.264,6
52.5738,160.755,10.0,4.2,59,130.0,1.355,0.62,us,9.08,1.912,0.075,50
-17.7248,167.3727,10.0,4.4,13,148.0,2.271,1.25,us,8.52,1.934,0.202,7
5.8593,126.4704,118.35,4.8,105,49.0,1.492,0.7,us,7.18,6.368,0.037,227
42.971,18.711,10.0,4.1,36,72.0,0.676,0.3,us,5.46,1.971,0.368,2
51.0136,158.2839,35.0,4.5,27,167.0,2.026,1.29,us,6.07,1.953,0.124,19
-19.1369,-177.6793,599.809,4.3,56,133.0,3.859,0.59,us,13.32,7.337,0.072,54
52.4344,160.5642,10.0,4.8,56,148.0,1.305,0.46,us,7.66,1.915,0.059,89
53.8437,160.997,37.762,4.7,157,100.0,1.627,0.71,us,8.74,6.559,0.045,150
36.0355,31.122,65.244,4.1,55,139.0,1.21,1.03,us,6.01,9.382,0.095,31
-7.2976,129.3387,149.435,4.3,18,68.0,2.814,1.19,us,9.34,10.326,0.178,9
-18.0373,-178.4419,584.462,4.3,46,130.0,2.603,0.43,us,16.21,9.42,0.081,43
51.2404,159.048,10.0,4.4,31,137.0,1.803,0.47,us,10.3,1.919,0.12,20
34.1626,73.6281,10.0,4.4,22,153.0,4.243,1.08,us,10.66,1.926,0.143,14
12.0158,143.2005,30.97,4.9,49,92.0,4.071,0.44,us,11.9,5.68,0.088,41
9.5367,94.1242,10.0,4.2,12,184.0,5.49,0.76,us,14.34,1.957,0.216,6
7.1788,127.0606,28.985,4.6,49,92.0,1.474,0.89,us,6.39,5.37,0.081,49
9.4556,-40.4801,10.0,4.4,16,111.0,12.813,1.04,us,14.22,1.931,0.162,11
-20.3002,-177.8617,523.293,4.2,35,97.0,4.622,0.63,us,13.8,8.704,0.107,24
-24.5919,179.8478,521.261,4.3,25,188.0,7.016,0.73,us,15.71,17.366,0.119,20
-21.5882,-66.818,228.303,4.1,19,96.0,2.264,0.69,us,7.98,16.737,0.234,5
-47.7893,116.1423,10.0,4.2,13,162.0,14.868,0.7,us,10.37,1.914,0.199,8
54.4002,160.6908,10.0,4.3,21,150.0,1.837,1.02,us,6.3,1.918,0.125,19
29.3982,129.4199,10.0,4.5,41,108.0,2.285,0.98,us,7.14,1.85,0.09,36
13.6137,144.8001,122.065,4.3,15,112.0,0.071,1.04,us,14.0,4.462,0.177,9
52.8847,160.7586,10.0,5.3,89,106.0,1.283,0.65,us,8.32,1.859,0.04,209
50.0369,159.4184,10.0,4.8,62,135.0,3.029,0.58,us,9.4,1.891,0.034,269
10.9734,-62.3724,93.251,4.5,83,84.0,1.35,0.63,us,6.84,5.437,0.056,93
50.1114,179.9086,10.0,3.9,76,149.0,1.655,0.6,us,6.64,1.924,0.07,59
7.2986,126.6409,92.329,4.0,13,187.0,1.078,0.28,us,7.61,11.035,0.231,9
78.9742,2.7176,10.0,4.4,51,77.0,1.779,0.38,us,10.13,1.893,0.079,47
6.9145,127.3214,10.0,4.4,32,137.0,1.736,1.13,us,8.53,1.794,0.105,26
-30.9638,59.2752,10.0,4.2,21,65.0,10.255,0.93,us,13.44,1.894,0.141,14
51.4746,159.3602,35.0,4.2,35,135.0,1.611,0.7,us,10.96,1.937,0.106,25
51.698,159.7912,33.141,4.7,66,126.0,1.501,0.86,us,9.48,5.71,0.074,55
50.3621,159.2207,10.0,4.4,30,133.0,2.689,0.89,us,4.68,1.895,0.134,16
-59.079,-25.4283,35.0,4.9,48,79.0,7.753,0.47,us,6.44,1.903,0.084,45
50.9505,157.4312,72.557,4.3,36,128.0,2.167,0.77,us,9.87,6.784,0.099,29
-6.4631,107.2303,9.635,4.9,65,37.0,0.648,0.91,us,5.82,4.146,0.073,59
52.1927,159.1702,47.059,4.3,19,159.0,0.89,0.43,us,12.14,9.009,0.133,16
-16.2507,-172.8301,10.0,4.7,50,80.0,3.944,1.13,us,13.47,1.875,0.075,54
-5.5394,147.0482,187.328,4.2,32,71.0,3.487,0.46,us,9.21,8.524,0.112,24
50.0856,158.6197,17.748,4.4,24,134.0,2.942,0.49,us,11.18,5.021,0.143,14
50.419,159.8194,10.0,4.5,52,170.0,2.708,0.63,us,9.7,1.93,0.054,103
9.2566,93.9113,10.0,4.1,19,198.0,5.661,0.33,us,6.25,1.954,0.151,13
49.2862,156.6862,19.898,4.6,78,128.0,3.88,0.7,us,11.54,4.788,0.071,58
48.5464,157.2603,10.0,4.8,93,122.0,4.568,0.71,us,11.67,1.864,0.046,144
51.7916,159.2703,66.976,4.6,18,125.0,1.291,0.67,us,10.56,8.163,0.146,14
-2.3586,139.0398,34.73,4.1,21,96.0,1.003,0.75,us,7.38,5.756,0.151,14
35.8102,32.1868,78.055,4.3,65,119.0,1.262,0.84,us,6.93,9.646,0.099,29
50.6741,157.6954,35.0,4.5,109,130.0,2.426,0.69,us,9.62,1.916,0.055,96
52.5353,160.9724,23.612,4.1,15,159.0,1.493,0.71,us,12.99,9.802,0.175,9
51.2637,-178.4046,47.643,4.4,68,189.0,0.387,0.88,us,5.53,7.138,0.044,154
-25.2621,179.197,582.436,4.1,25,120.0,8.742,0.41,us,15.69,10.326,0.12,19
39.2365,28.1235,10.0,4.3,30,63.0,0.961,0.7,us,4.43,1.892,0.129,17
51.138,159.7792,10.0,4.9,39,207.0,2.013,0.91,us,11.05,1.955,0.095,35
52.217,160.1147,44.441,4.1,27,229.0,1.204,0.85,us,12.56,9.329,0.127,17
-5.7989,147.903,161.579,4.2,16,188.0,3.657,0.48,us,13.7,10.08,0.186,9
14.2674,-93.5221,10.0,4.2,73,179.0,2.408,0.66,us,8.74,1.9,0.074,51
-57.3384,-67.3971,10.0,4.3,22,151.0,2.416,1.0,us,12.08,1.938,0.13,17
52.8834,160.4775,10.0,4.2,29,162.0,1.115,0.78,us,12.11,1.903,0.124,18
50.6143,159.0116,10.0,4.1,35,167.0,2.423,0.86,us,9.0,1.932,0.109,23
-58.8466,-25.3979,35.0,4.5,23,100.0,31.393,0.43,us,14.68,1.935,0.125,19
13.1958,49.8329,10.0,4.3,18,180.0,5.46,0.92,us,14.01,1.985,0.154,12
52.1893,160.4547,10.0,4.5,38,161.0,1.382,0.94,us,9.56,1.949,0.099,30
50.9789,160.8626,10.0,4.4,24,132.0,2.462,0.74,us,7.09,1.898,0.123,19
-18.0508,-178.2073,623.734,4.2,29,122.0,2.794,0.67,us,14.75,13.397,0.1,29
39.5206,143.2839,28.385,4.2,15,163.0,2.121,0.82,us,7.41,7.756,0.235,5
49.1596,156.5101,28.085,4.9,88,121.0,4.024,0.63,us,10.05,5.386,0.03,352
13.7451,-90.3911,94.68,4.3,55,160.0,3.034,0.65,us,9.24,4.667,0.08,44
40.2191,142.6795,38.343,4.3,33,132.0,1.357,1.09,us,7.08,7.976,0.113,22
29.2336,129.0476,10.0,4.4,25,127.0,2.485,0.82,us,9.25,1.908,0.162,13
41.8011,82.01,10.0,4.4,15,222.0,2.409,1.19,us,9.04,1.959,0.17,10
14.3872,146.9368,10.0,4.5,25,95.0,2.159,0.41,us,10.49,1.925,0.14,15
-47.8412,116.1315,10.0,5.2,59,39.0,14.92,0.75,us,11.3,1.794,0.083,49
51.3993,158.7285,18.834,5.0,93,91.0,1.627,0.74,us,8.29,3.891,0.025,527
52.3338,160.1487,35.0,5.4,37,123.0,1.144,0.9,us,8.56,1.928,0.086,46
51.627,159.3085,54.695,4.2,33,121.0,1.456,0.73,us,9.96,7.695,0.132,18
-6.8703,147.4801,64.363,4.7,54,61.0,2.538,0.96,us,8.55,7.31,0.073,58
28.605,84.1716,10.0,4.3,32,160.0,16.043,1.18,us,12.05,1.661,0.104,26
52.8738,160.414,10.0,4.2,56,146.0,1.078,1.08,us,10.13,1.924,0.081,42
50.2248,158.6591,10.0,4.6,66,133.0,2.803,0.41,us,9.19,1.89,0.059,84
51.8121,158.8733,63.989,4.6,43,130.0,1.221,0.81,us,9.73,7.587,0.08,46
34.8742,26.5035,10.0,4.0,22,179.0,0.861,0.97,us,5.21,1.968,0.258,4
-7.3356,127.6745,10.0,5.0,63,40.0,3.568,0.6,us,6.94,1.85,0.084,45
-38.6054,175.7869,190.931,4.1,26,77.0,0.417,0.76,us,5.27,4.341,0.197,7
42.1183,81.305,10.0,4.6,87,98.0,1.805,0.6,us,6.47,1.89,0.064,72
50.3429,159.5699,10.0,4.7,134,71.0,2.745,0.72,us,8.07,1.679,0.033,277
51.566,159.6404,10.0,5.1,118,111.0,1.581,1.31,us,4.73,1.842,0.031,339
-7.3325,128.8388,135.148,4.3,11,114.0,5.122,0.57,us,11.34,13.874,0.265,4
53.049,159.9976,53.076,4.5,111,132.0,0.814,0.84,us,9.54,6.926,0.054,103
-3.1926,146.9392,10.0,4.1,23,77.0,1.219,0.79,us,6.98,1.899,0.14,14
50.2853,159.5098,10.0,4.4,63,135.0,2.794,0.65,us,9.23,1.565,0.071,57
51.6828,160.6606,10.0,4.3,31,127.0,1.823,0.67,us,9.66,1.914,0.106,25
37.9638,141.7045,61.83,4.4,76,124.0,2.865,0.67,us,8.29,6.024,0.066,66
15.9531,-96.6817,35.0,4.4,101,167.0,0.45,0.91,us,5.64,1.936,0.047,130
51.5614,159.0909,35.0,4.1,45,127.0,1.489,0.9,us,10.33,1.936,0.086,39
51.434,159.3294,33.687,4.3,39,135.0,1.646,0.69,us,5.36,5.53,0.106,25
53.2956,159.9478,60.943,4.3,20,142.0,0.828,0.7,us,12.36,11.465,0.168,10
39.4343,143.4837,10.0,4.5,20,179.0,2.296,1.25,us,9.31,1.953,0.172,10
50.865,158.7768,34.156,4.6,29,130.0,2.163,0.8,us,11.49,6.228,0.114,23
17.7236,-61.5323,35.0,4.3,37,108.0,0.247,0.45,us,5.68,1.935,0.161,11
52.6651,160.8439,10.0,4.7,41,120.0,1.378,0.9,us,10.37,1.902,0.098,32
52.5074,160.7114,10.0,4.5,28,137.0,1.355,0.91,us,10.98,1.925,0.14,15
-31.6731,76.4956,10.0,4.8,41,92.0,21.292,0.55,us,12.83,1.874,0.095,34
53.2612,159.6037,61.165,4.4,18,87.0,0.622,0.79,us,11.35,9.698,0.178,9
21.0567,121.7601,10.0,4.4,24,120.0,1.863,1.14,us,8.8,1.949,0.179,9
-23.4317,178.9877,575.858,4.5,27,171.0,5.725,0.72,us,7.15,8.81,0.132,18
18.7506,-107.6322,10.0,4.0,32,178.0,3.093,0.55,us,6.54,1.92,0.068,58
-10.5971,120.1706,10.0,4.2,26,83.0,0.931,0.92,us,4.68,1.896,0.136,15
51.2578,159.6254,10.0,4.5,44,124.0,1.868,1.11,us,7.14,1.891,0.116,26
-20.3247,-178.2265,550.634,4.4,64,97.0,4.356,0.76,us,13.83,7.85,0.069,65
-61.7352,161.6393,10.0,4.4,14,159.0,7.396,0.24,us,10.16,1.958,0.144,16
-5.7642,68.3192,10.0,4.4,21,65.0,4.42,0.51,us,10.57,1.789,0.138,15
-8.0385,107.9432,45.43,4.4,17,95.0,0.642,0.85,us,7.08,5.34,0.178,10
23.762,121.5524,10.0,4.8,41,72.0,0.412,1.04,us,1.22,1.883,0.095,35
-11.5794,116.6017,10.0,4.3,33,98.0,2.969,0.86,us,6.65,1.746,0.109,24
-20.1512,-174.1952,17.325,4.9,54,123.0,6.623,0.82,us,13.54,5.043,0.049,132
-5.7931,149.2529,125.323,4.8,55,63.0,3.132,0.52,us,9.55,6.798,0.055,104
51.9532,159.9244,44.555,4.5,26,135.0,1.325,0.89,us,8.52,6.4,0.14,15
50.6188,156.9493,74.025,4.2,65,135.0,2.536,0.54,us,4.48,8.024,0.073,52
-55.7521,-26.1327,10.0,4.5,21,109.0,6.136,0.53,us,7.43,1.92,0.121,20
1.1965,96.9156,10.0,4.2,15,205.0,0.668,0.4,us,7.53,1.937,0.216,6
12.8612,-90.9307,10.0,4.4,40,244.0,1.525,1.08,us,9.42,1.997,0.078,47
52.1093,160.947,10.0,4.6,50,124.0,1.674,1.16,us,8.06,1.693,0.05,144
-14.9984,-176.4803,10.0,4.5,20,93.0,4.257,1.23,us,12.89,1.924,0.171,10
30.5385,142.5222,10.0,4.5,23,114.0,3.443,0.25,us,10.09,1.902,0.164,11
-24.2968,-179.9884,533.552,4.5,124,77.0,5.261,1.16,us,10.97,6.126,0.049,132
-3.978,101.4954,34.424,4.3,27,138.0,1.505,0.83,us,4.6,6.587,0.129,17
52.5026,160.1267,56.44,4.2,26,138.0,1.038,0.41,us,12.32,8.64,0.107,27
51.7739,160.9882,10.0,4.3,13,155.0,1.902,0.9,us,12.16,1.952,0.238,7
52.1919,160.1743,34.0,4.8,60,137.0,1.248,1.17,us,5.64,5.681,0.08,51
79.6091,4.0277,10.0,4.7,98,60.0,1.638,0.49,us,8.38,1.26,0.059,89
48.2839,154.3139,53.519,4.7,87,133.0,5.287,0.64,us,9.33,7.152,0.063,76
51.4835,-173.9696,35.0,4.0,34,188.0,0.733,0.93,us,4.85,1.927,0.106,24
14.481,146.9836,10.0,4.6,44,132.0,1.374,0.95,us,9.52,1.909,0.085,41
39.3819,143.4882,10.0,5.1,80,95.0,2.331,0.58,us,7.52,1.852,0.037,236
28.8809,49.8132,10.0,4.1,24,212.0,6.921,0.75,us,12.33,2.003,0.157,11
52.4997,160.6456,35.0,4.2,25,175.0,1.321,0.99,us,9.7,1.905,0.121,19
-6.6663,126.6796,466.147,4.1,32,76.0,3.852,0.56,us,8.66,8.686,0.109,23
51.4573,159.5796,26.191,4.1,25,127.0,1.669,0.9,us,8.74,4.942,0.111,22
12.9684,145.6685,10.0,4.9,49,55.0,0.994,0.8,us,6.89,1.843,0.052,117
53.1945,160.9439,35.0,4.1,40,134.0,1.393,0.98,us,11.9,1.946,0.102,26
51.0504,158.6292,35.0,4.1,21,137.0,1.976,1.11,us,8.93,1.654,0.157,11
52.6958,160.4507,35.0,4.8,128,78.0,1.14,0.87,us,9.34,1.855,0.031,319
-32.8172,-70.8678,78.377,4.1,37,77.0,0.272,0.65,us,5.21,6.214,0.213,6
-5.3112,103.3402,42.754,4.4,15,150.0,0.813,0.93,us,4.96,9.486,0.203,8
-14.686,66.5037,10.0,4.7,33,100.0,5.863,0.38,us,13.7,1.895,0.104,28
53.7772,160.4941,58.333,4.3,17,168.0,1.338,0.59,us,15.39,12.626,0.177,9
13.8169,39.7946,10.0,4.3,27,72.0,3.746,0.57,us,9.34,1.907,0.125,18
-6.6294,131.0539,35.0,5.2,58,75.0,2.385,1.0,us,8.13,1.861,0.072,68
27.8992,-111.8568,10.0,4.1,41,124.0,0.67,0.95,us,5.94,1.955,0.055,90
-22.2178,-175.8971,78.794,5.2,56,132.0,6.404,0.77,us,12.32,9.038,0.061,89
-60.3049,-62.8163,10.0,4.7,29,130.0,4.522,0.88,us,10.51,1.91,0.102,29
51.3603,179.6205,72.561,3.8,81,197.0,0.201,0.46,us,6.79,9.742,0.074,47
33.1712,-39.6429,10.0,4.7,21,94.0,12.386,0.79,us,11.72,1.806,0.137,16
51.4034,158.6437,49.257,4.2,46,127.0,1.623,0.88,us,11.18,8.342,0.082,41
52.7127,160.8514,10.0,4.3,24,148.0,1.37,0.68,us,9.72,1.932,0.161,11
39.3807,143.4427,10.0,4.7,49,101.0,2.304,1.16,us,8.04,1.884,0.069,63
17.4847,-61.2607,22.975,4.3,39,178.0,0.533,0.82,us,5.65,7.212,0.201,8
-59.2708,-25.9853,35.0,4.3,18,177.0,15.551,0.71,us,12.0,1.957,0.133,16
21.2003,95.7149,141.521,4.1,30,138.0,2.824,1.21,us,12.66,10.766,0.12,19
16.4189,-62.0859,172.223,4.3,50,75.0,0.53,0.49,us,6.37,5.49,0.084,42
-25.2243,179.8714,514.112,4.4,40,90.0,7.632,0.91,us,9.79,8.838,0.105,27
-24.0127,-66.9395,180.802,4.4,36,69.0,1.552,0.69,us,10.03,8.637,0.107,25
52.9218,160.7749,10.0,4.5,30,127.0,1.289,0.91,us,7.65,1.893,0.103,28
-3.986,-80.9703,26.134,4.6,53,139.0,2.281,0.86,us,8.28,5.258,0.033,276
-3.8625,68.2583,10.0,4.5,15,197.0,45.159,0.4,us,14.49,1.975,0.15,13
-7.0521,155.195,10.0,5.1,78,49.0,4.145,0.52,us,8.56,1.793,0.063,82
50.0292,157.9027,10.0,4.2,41,133.0,3.034,0.49,us,10.02,1.907,0.095,31
49.0812,156.2578,10.0,4.7,91,131.0,4.133,0.97,us,9.58,1.88,0.06,98
-24.3118,-67.0526,170.546,4.3,81,43.0,1.703,0.74,us,6.68,6.491,0.073,53
42.882,144.9575,104.464,4.4,130,133.0,1.589,0.43,us,9.06,6.952,0.045,139
49.6504,159.0291,10.0,4.3,23,136.0,3.386,0.43,us,12.74,1.936,0.142,14
-20.4801,-178.1178,550.145,4.4,52,122.0,4.529,0.51,us,15.34,7.689,0.085,40
51.7989,158.6047,63.105,4.1,31,133.0,1.227,0.62,us,7.22,10.031,0.107,24
-33.7911,-178.5098,10.0,4.6,21,241.0,4.568,1.03,us,12.86,1.997,0.146,14
45.801,151.8721,35.0,4.4,72,135.0,6.409,0.63,us,9.97,1.922,0.069,61
53.0907,161.4103,10.0,4.2,19,167.0,1.667,0.82,us,12.74,1.974,0.147,13
70.0319,-15.6885,10.0,4.3,25,80.0,2.175,0.84,us,9.72,1.938,0.137,15
52.4882,160.6529,26.59,4.1,36,145.0,1.33,0.88,us,10.37,6.932,0.112,22
52.5234,160.4481,35.0,4.0,38,207.0,1.202,0.72,us,11.16,2.004,0.089,34
11.8758,-87.1342,50.175,4.2,50,182.0,0.823,0.56,us,5.16,10.114,0.095,31
53.4925,160.273,53.438,4.4,55,114.0,1.082,1.0,us,9.14,7.524,0.079,46
-17.8628,-175.8737,303.998,4.1,13,244.0,4.75,0.65,us,18.77,9.571,0.185,11
50.2982,158.1486,10.0,4.2,35,138.0,2.747,0.62,us,11.99,1.923,0.103,26
-6.2888,130.1974,132.01,4.3,12,114.0,3.922,0.31,us,8.15,11.319,0.237,6
-5.5229,132.1019,10.0,4.3,25,104.0,2.591,0.51,us,8.65,1.886,0.138,18
49.1287,154.6678,93.079,4.3,33,125.0,4.418,0.42,us,7.93,8.578,0.116,21
51.9941,161.2727,10.0,4.2,31,217.0,1.906,1.21,us,11.96,1.993,0.11,23
51.0085,158.5209,26.694,4.6,46,122.0,2.02,0.89,us,9.34,5.791,0.077,51
53.1006,161.067,35.963,4.4,21,171.0,1.461,0.94,us,12.93,10.232,0.155,12
39.7114,143.3391,28.699,4.3,35,157.0,2.047,0.49,us,8.53,5.289,0.122,19
-11.4195,164.603,10.0,5.0,37,66.0,4.735,0.86,us,10.0,1.87,0.061,86
52.4359,159.9524,74.601,4.6,37,165.0,1.526,1.18,us,6.84,8.095,0.103,28
-18.6178,-177.9971,530.181,4.9,158,30.0,3.292,0.69,us,9.13,4.181,0.027,427
45.587,26.4287,130.66,4.2,48,51.0,0.353,0.87,us,7.41,5.219,0.104,26
-22.1385,-179.8,606.632,4.1,19,205.0,4.815,0.54,us,23.24,29.791,0.126,18
52.5473,160.8152,10.0,4.1,14,220.0,1.399,0.68,us,7.12,2.005,0.174,9
43.5316,147.9119,10.0,4.9,102,135.0,3.814,0.82,us,9.86,1.873,0.059,90
50.9447,158.2915,69.424,5.1,51,137.0,2.094,0.7,us,11.62,7.519,0.083,47
51.9771,159.3433,64.69,4.7,150,131.0,1.13,0.59,us,9.09,6.638,0.038,212
50.0822,157.2741,30.003,4.3,34,132.0,3.042,0.8,us,5.69,5.538,0.104,26
6.9817,-34.0141,10.0,5.0,51,63.0,12.862,0.89,us,11.07,1.849,0.059,92
50.7446,157.1493,50.573,5.2,124,129.0,2.392,0.57,us,9.3,6.398,0.057,102
52.5168,160.6683,10.0,4.4,70,121.0,1.327,0.79,us,11.07,1.92,0.062,74
53.4022,158.7845,123.012,4.9,227,63.0,0.388,0.53,us,9.41,4.882,0.023,595
51.9608,158.3358,78.836,4.3,56,129.0,1.081,0.77,us,7.75,6.234,0.067,64
54.5669,-159.7324,35.0,4.1,28,202.0,0.277,0.75,us,5.35,1.957,0.197,7
36.5615,71.0773,199.491,4.2,57,95.0,2.584,0.58,us,5.17,8.594,0.09,34
-7.5618,-79.9607,53.72,4.5,60,122.0,5.11,0.44,us,10.66,9.006,0.069,63
-8.639,-76.1226,10.0,4.7,58,128.0,3.402,0.7,us,10.23,1.88,0.068,65
5.6799,125.8014,145.957,4.4,76,106.0,0.994,0.86,us,5.75,4.968,0.065,69
-17.9318,-178.3497,561.357,4.6,109,29.0,2.615,0.87,us,11.05,5.698,0.029,358
51.3512,159.5502,10.0,4.4,28,128.0,1.764,1.16,us,9.86,1.914,0.107,25
-21.9912,-68.7137,117.67,4.3,27,64.0,0.527,0.93,us,5.51,4.761,0.16,11
-35.4444,-179.769,10.0,4.3,16,259.0,2.621,0.5,us,8.65,1.966,0.188,8
53.4072,159.1192,98.093,4.6,34,112.0,0.477,0.84,us,12.3,8.45,0.109,25
50.2941,159.6438,10.0,4.3,42,173.0,2.802,0.47,us,10.03,1.947,0.096,32
43.3963,148.0922,10.0,4.6,46,135.0,3.89,0.87,us,11.29,1.831,0.096,32
54.5463,-159.9467,28.692,3.8,62,166.0,0.353,0.76,us,5.59,3.722,0.179,8
-60.346,-31.3399,10.0,4.7,17,70.0,6.685,0.35,us,11.45,1.916,0.138,16
27.9976,-111.9574,10.0,4.7,44,158.0,4.014,0.77,us,8.13,1.901,0.044,157
-60.6025,-25.8034,10.0,4.3,17,111.0,8.554,1.18,us,15.66,1.97,0.138,15
53.3909,159.9742,61.343,4.5,24,133.0,1.396,0.62,us,12.61,6.546,0.151,13
-20.5367,-178.8275,624.994,4.7,87,69.0,4.051,0.61,us,10.0,6.323,0.028,380
-15.0289,-177.5036,10.0,4.6,31,138.0,3.337,0.96,us,11.94,1.872,0.119,21
9.7251,126.2551,43.253,4.6,44,124.0,2.722,1.23,us,11.07,6.067,0.103,30
28.2462,51.7119,10.0,4.2,31,137.0,5.194,0.66,us,5.07,1.941,0.101,27
-2.9284,136.3199,10.0,4.6,27,57.0,1.809,0.94,us,5.41,1.763,0.105,27
41.7707,82.0621,10.0,4.3,30,119.0,2.459,0.78,us,8.25,1.937,0.133,16
57.886,146.7923,10.0,4.1,24,159.0,2.678,1.17,us,9.08,1.962,0.127,17
-7.7094,130.0939,25.913,4.5,33,91.0,5.203,0.6,us,9.64,5.603,0.119,21
51.341,159.1032,10.0,5.0,123,107.0,1.708,0.52,us,8.89,1.844,0.029,373
52.3702,160.811,6.954,4.9,111,117.0,1.469,0.62,us,8.19,4.748,0.036,244
45.2558,149.7259,75.248,4.6,21,146.0,5.134,1.44,us,13.71,7.988,0.158,12
17.6627,60.213,10.0,4.3,46,103.0,8.152,1.2,us,12.4,1.908,0.089,36
17.5423,-83.2493,10.0,4.2,50,41.0,5.229,1.29,us,8.06,1.923,0.088,38
49.8497,157.0971,24.164,4.3,21,133.0,3.285,0.58,us,8.46,5.086,0.188,8
7.1332,127.5707,10.0,4.1,23,115.0,1.977,0.93,us,10.85,1.919,0.124,18
50.5114,156.3963,93.002,4.3,17,138.0,2.723,0.62,us,12.95,9.25,0.189,9
50.0025,155.9659,75.444,4.5,65,135.0,3.293,0.71,us,10.91,7.486,0.062,77
-15.8374,166.9705,10.0,4.1,8,146.0,0.448,0.17,us,6.38,1.892,0.369,2
52.3333,160.5665,31.584,4.8,106,143.0,1.909,0.82,us,10.1,5.79,0.048,133
51.5538,159.2515,47.371,4.5,116,135.0,1.518,0.6,us,9.85,7.14,0.051,113
10.3866,121.8794,10.0,4.7,70,98.0,4.923,0.73,us,8.96,1.889,0.059,88
-20.3768,-67.9493,156.159,4.1,21,76.0,1.154,0.91,us,7.17,9.154,0.214,6
40.9578,14.7014,10.0,4.4,67,59.0,0.125,1.15,us,3.89,1.403,0.127,18
51.6882,159.3657,51.442,4.4,26,135.0,1.407,0.83,us,11.7,7.545,0.109,24
-31.6817,-69.3335,121.016,4.7,52,41.0,0.582,0.81,us,5.1,5.376,0.047,137
37.7919,144.1058,11.08,4.9,97,88.0,3.811,0.69,us,8.37,4.429,0.046,146
-2.095,120.684,10.0,4.6,40,61.0,0.594,1.15,us,2.48,1.872,0.109,26
-16.3723,-71.208,134.686,4.8,93,134.0,2.049,0.65,us,9.27,7.388,0.03,339
-6.6917,155.1474,66.911,4.6,38,97.0,3.872,0.73,us,12.17,7.813,0.093,34
51.3134,159.5724,10.0,4.4,27,125.0,1.804,1.15,us,9.91,1.922,0.13,17
52.6878,160.4527,10.0,5.2,123,120.0,1.144,0.83,us,8.83,1.846,0.041,191
14.3997,-92.8346,45.773,4.3,91,166.0,0.92,0.58,us,6.5,10.654,0.055,94
40.9028,142.9449,35.0,4.1,17,154.0,1.123,0.87,us,4.05,1.927,0.198,7
52.3802,160.636,33.93,4.3,16,131.0,1.369,0.64,us,9.46,6.51,0.202,8
-11.5871,166.1977,79.255,4.2,26,145.0,3.959,0.43,us,10.48,8.107,0.121,19
13.967,-92.5853,22.359,4.6,71,157.0,1.158,1.25,us,6.19,7.071,0.03,329
-4.5098,-12.5439,10.0,4.5,39,79.0,3.85,0.55,us,11.68,1.886,0.099,30
53.3141,153.4003,486.822,4.1,11,122.0,2.593,0.55,us,22.16,16.995,0.262,4
-8.3905,-75.191,128.482,4.1,27,110.0,3.926,0.88,us,11.58,9.076,0.131,16
38.3847,-30.232,10.0,4.6,34,157.0,3.766,0.59,us,10.86,1.904,0.104,28
52.1653,161.4418,10.0,5.0,128,87.0,1.907,0.72,us,7.05,1.351,0.027,419
-20.4833,-178.0259,529.987,4.7,59,99.0,4.6,0.7,us,11.02,8.529,0.078,50
49.8638,157.991,10.0,4.5,27,135.0,3.191,0.84,us,9.92,1.92,0.124,19
26.5812,93.2884,10.0,4.2,40,94.0,3.649,1.2,us,10.89,1.926,0.1,28
41.0788,142.8297,42.891,4.1,17,153.0,0.967,0.54,us,7.46,9.248,0.174,9
12.8638,48.7384,10.0,4.4,10,181.0,4.553,0.31,us,16.49,1.979,0.202,7
52.5535,160.5109,31.366,4.5,66,149.0,1.224,0.97,us,10.89,6.661,0.074,54
53.0356,160.8122,35.0,4.3,14,171.0,1.306,0.76,us,14.05,1.986,0.238,5
10.8819,123.8845,10.0,4.6,42,127.0,6.31,0.9,us,13.74,1.892,0.092,35
-33.0054,-70.4629,104.373,4.2,29,77.0,0.225,0.4,us,4.21,4.871,0.236,5
-7.6961,127.6235,174.724,4.1,31,52.0,3.884,1.38,us,8.61,6.096,0.12,22
51.2831,159.1547,35.801,4.7,92,124.0,1.771,0.56,us,7.82,6.984,0.063,76
-14.566,166.5986,10.0,4.5,13,255.0,6.347,0.44,us,13.82,2.027,0.171,11
49.9071,155.8421,68.284,4.4,113,131.0,3.409,0.53,us,9.31,7.071,0.054,99
5.764,123.9188,529.228,4.2,51,63.0,1.861,0.67,us,13.18,9.337,0.076,49
51.8666,160.1905,34.132,4.1,21,158.0,1.494,0.58,us,10.19,5.479,0.175,11
50.0572,159.4598,10.0,4.6,42,136.0,3.013,0.88,us,10.6,1.9,0.086,40
21.2716,99.6496,12.1,4.4,49,87.0,0.057,0.46,us,6.86,3.725,0.093,37
54.4647,-160.0576,23.852,4.3,83,161.0,0.457,0.87,us,4.85,5.897,0.142,14
9.2728,-84.1423,45.043,4.5,79,133.0,0.485,0.58,us,7.99,8.836,0.062,77
52.5603,161.0525,10.0,4.4,33,135.0,1.531,0.85,us,11.99,1.921,0.123,20
51.2727,158.5086,35.0,4.3,27,171.0,1.756,0.74,us,10.75,1.987,0.122,19
52.1538,159.7305,38.226,5.0,238,35.0,1.092,0.59,us,7.07,5.009,0.032,313
39.6047,82.9153,10.0,4.5,32,65.0,3.243,0.89,us,10.89,1.895,0.125,19
-56.5041,-26.4071,57.704,4.4,27,93.0,6.16,0.64,us,13.23,9.39,0.108,25
36.1892,136.9978,260.284,4.3,116,72.0,0.652,0.76,us,7.69,5.221,0.055,96
52.6618,159.9063,39.226,4.3,32,120.0,0.844,0.76,us,10.89,8.515,0.099,29
23.7537,122.5237,10.0,4.8,85,74.0,0.838,0.74,us,1.94,1.842,0.05,123
-17.9545,-178.5432,567.976,4.5,24,113.0,2.477,0.59,us,19.7,17.696,0.121,20
35.7227,140.5713,53.007,4.1,15,228.0,0.464,0.55,us,8.31,9.604,0.213,6
51.3451,158.9883,35.0,4.5,45,121.0,1.694,0.96,us,8.45,1.926,0.06,81
51.0239,158.8265,35.0,4.9,103,122.0,2.006,0.74,us,8.16,1.904,0.034,266
29.2994,129.3616,10.0,4.6,56,107.0,2.396,0.98,us,7.01,1.882,0.076,52
-1.9946,138.9596,28.217,4.5,48,80.0,0.972,0.92,us,6.06,5.284,0.087,39
50.1627,158.7531,10.0,4.4,40,134.0,2.865,1.03,us,6.82,1.898,0.103,27
37.9653,144.0844,10.0,4.6,48,138.0,3.664,0.59,us,9.05,1.908,0.107,26
39.5267,143.2022,10.0,4.7,83,134.0,2.067,0.77,us,7.33,1.886,0.069,63
-6.5625,143.6975,10.0,4.3,20,107.0,4.128,0.79,us,7.43,1.904,0.154,14
-22.7014,171.0287,10.0,4.0,8,262.0,3.31,0.57,us,13.06,2.017,0.3,3
71.5454,-64.4146,9.649,4.3,18,57.0,3.568,0.68,us,8.27,6.467,0.188,8
51.9947,160.701,10.0,4.0,14,137.0,1.623,0.75,us,11.38,1.931,0.231,7
52.1663,160.0372,10.0,5.1,42,123.0,1.205,0.84,us,6.25,1.727,0.087,43
22.58,95.7825,10.0,4.3,28,102.0,1.587,0.73,us,9.39,1.959,0.122,19
-6.5386,131.4808,10.0,4.9,52,62.0,2.544,0.72,us,8.45,1.901,0.086,42
-5.0038,144.2892,91.934,4.3,20,75.0,4.349,1.14,us,7.42,10.056,0.132,16
51.3472,157.5132,83.04,4.4,111,133.0,1.768,0.58,us,10.38,7.377,0.043,155
-19.9038,-175.434,125.493,4.3,24,95.0,5.259,0.78,us,14.43,8.699,0.125,18
57.8398,155.8146,10.0,4.5,40,95.0,3.155,0.58,us,9.43,1.889,0.088,38
-55.82,-27.8286,72.921,4.7,19,195.0,5.211,1.02,us,8.52,10.056,0.123,20
52.2457,160.2142,35.0,4.5,42,123.0,1.231,0.81,us,9.71,1.927,0.096,32
51.5368,16.0467,5.0,4.1,41,67.0,1.201,0.43,us,3.11,1.922,0.214,6
51.3729,160.9167,10.0,4.2,43,129.0,2.163,0.63,us,8.73,1.906,0.089,35
29.3086,129.2135,10.0,5.0,50,87.0,2.441,1.07,us,6.84,1.895,0.096,35
42.3166,142.9403,59.96,4.5,136,66.0,0.342,0.62,us,6.87,5.196,0.046,136
-16.914,-174.5186,186.623,4.4,27,63.0,3.986,0.61,us,11.14,8.435,0.12,20
41.3728,144.3514,24.496,4.0,31,146.0,1.101,0.66,us,8.75,6.949,0.138,14
54.4508,-159.7818,35.0,3.8,26,163.0,0.397,0.62,us,4.79,1.885,0.147,12
-37.7257,176.3594,189.552,4.3,26,142.0,0.68,1.02,us,6.52,5.091,0.125,18
-26.6561,-178.3552,287.32,4.4,43,111.0,10.347,0.62,us,13.41,7.295,0.089,36
6.2037,126.8425,80.527,4.5,50,66.0,1.522,0.86,us,8.16,6.013,0.079,47
-49.016,126.6246,10.0,4.2,15,132.0,17.541,0.93,us,13.07,1.918,0.146,14
4.5116,-73.0916,10.0,4.8,53,106.0,1.269,0.86,us,4.54,1.846,0.044,158
-30.2388,-177.4398,35.0,4.7,21,201.0,1.059,1.16,us,9.81,1.983,0.134,18
51.1177,159.7668,10.0,4.4,19,167.0,2.029,0.49,us,13.11,1.962,0.155,12
51.5279,159.7667,10.0,4.7,76,127.0,1.648,1.0,us,8.37,1.888,0.062,79
2.2496,123.9124,355.442,4.3,47,89.0,2.92,0.79,us,11.4,1.882,0.084,40
-18.3571,-177.8011,636.988,4.4,38,94.0,3.284,0.68,us,11.28,10.139,0.088,37
-47.2927,-13.4534,10.0,4.5,20,86.0,10.252,1.38,us,12.69,1.622,0.145,18
52.4488,160.2141,35.0,4.4,44,137.0,1.112,1.01,us,9.25,1.939,0.077,49
50.259,157.0046,35.0,4.5,60,109.0,2.886,0.69,us,11.11,1.91,0.07,59
2.952,-31.2752,10.0,4.5,46,64.0,9.869,0.64,us,10.62,1.872,0.088,38
25.1234,124.4404,97.933,4.7,84,70.0,0.764,0.65,us,6.62,6.822,0.068,66
52.3215,160.4911,10.0,4.7,40,153.0,1.323,0.75,us,9.17,1.9,0.067,68
51.5411,158.814,55.478,4.1,20,126.0,1.488,0.72,us,11.47,8.363,0.145,13
46.4059,150.043,10.0,4.4,31,134.0,5.042,0.87,us,13.04,1.898,0.109,24
85.0643,9.0273,10.0,4.6,46,62.0,4.516,0.89,us,9.66,1.905,0.082,45
31.1981,49.525,10.0,4.0,21,239.0,5.045,0.59,us,11.43,2.01,0.149,12
51.4771,159.7448,26.02,4.5,40,128.0,1.689,1.11,us,9.39,5.782,0.093,34
52.3181,160.0639,35.0,4.4,34,122.0,1.114,0.7,us,5.99,1.873,0.103,27
39.0891,21.9981,12.72,4.3,55,61.0,0.272,0.82,us,4.74,4.893,0.116,21
51.9832,160.3132,10.0,4.4,38,135.0,1.954,0.92,us,11.34,1.927,0.097,31
-16.0027,-74.7107,39.903,4.3,24,143.0,4.495,0.87,us,10.54,7.664,0.111,23
18.7959,145.561,227.288,4.3,57,97.0,3.542,1.04,us,9.47,8.604,0.077,48
-32.2714,-179.2683,67.311,4.4,13,157.0,3.216,0.64,us,11.92,12.679,0.154,12
52.5359,159.3513,41.561,4.3,18,175.0,0.648,1.05,us,7.76,8.605,0.154,12
-18.7742,-177.5931,622.495,4.7,91,86.0,3.688,0.69,us,12.41,6.67,0.07,63
13.9504,-91.2257,62.751,4.0,33,192.0,1.281,0.67,us,7.56,11.403,0.111,22
52.8287,159.8657,35.0,4.0,24,140.0,0.761,1.17,us,10.91,1.968,0.122,18
-13.1848,167.1172,239.261,4.4,38,157.0,7.809,0.5,us,11.17,6.171,0.087,38
-19.2671,-177.6451,596.72,4.5,65,82.0,3.972,0.71,us,12.41,7.352,0.032,283
11.1406,124.1708,10.0,4.2,19,137.0,4.277,1.39,us,17.06,1.917,0.166,13
51.8618,158.4508,56.723,4.3,45,124.0,1.17,0.48,us,10.76,7.499,0.078,46
53.4045,160.2181,50.097,4.1,17,181.0,1.017,0.6,us,14.54,14.826,0.174,10
52.9949,160.5429,35.0,4.1,72,164.0,1.144,0.55,us,12.58,1.96,0.074,50
48.2169,154.44,49.918,4.1,22,136.0,5.317,0.61,us,10.83,9.2,0.14,14
14.649,-94.2682,10.0,4.6,65,156.0,2.021,0.82,us,7.09,1.923,0.041,177
37.2837,69.6738,10.0,5.1,119,66.0,1.43,0.59,us,7.64,1.807,0.046,156
-17.1129,-178.7501,561.183,4.0,25,75.0,1.908,0.91,us,14.68,9.697,0.122,18
-57.5946,157.9058,38.39,4.5,25,100.0,3.158,0.85,us,11.18,8.813,0.128,18
52.688,160.8695,24.19,5.2,24,136.0,1.387,0.92,us,12.3,4.919,0.139,17
52.2263,160.477,30.846,4.8,74,123.0,1.37,0.88,us,9.22,5.587,0.059,89
51.8133,161.2857,10.0,4.3,33,214.0,2.018,0.72,us,5.18,1.988,0.116,21
51.3663,159.7691,35.0,4.2,17,138.0,1.797,0.37,us,13.38,1.955,0.146,14
-0.7281,124.6327,58.426,4.5,39,51.0,1.887,1.06,us,5.96,9.749,0.113,23
-41.0183,-91.0404,10.0,4.6,30,181.0,14.482,1.23,us,11.18,1.94,0.11,25
37.2862,141.1785,25.551,4.6,55,142.0,2.493,0.67,us,9.0,6.355,0.083,43
50.9596,-179.1076,12.722,4.2,105,212.0,0.623,1.01,us,5.97,8.279,0.064,67
-1.7675,-78.0415,155.618,4.5,73,62.0,0.273,0.84,us,7.48,4.152,0.045,144
51.5937,159.4887,37.66,4.3,64,137.0,1.522,0.88,us,10.07,7.5,0.072,60
7.0627,127.1014,10.0,5.1,63,51.0,1.511,1.22,us,6.53,1.792,0.046,153
7.0882,127.5859,10.0,4.0,21,96.0,1.992,0.56,us,5.14,1.836,0.164,11
29.236,129.314,10.0,4.4,43,113.0,2.47,1.01,us,6.92,1.79,0.097,31
-23.2087,179.9994,552.122,4.2,34,122.0,5.734,0.59,us,15.97,10.106,0.098,29
51.631,159.1432,35.0,5.0,76,100.0,1.427,1.31,us,8.95,1.754,0.024,539
-59.5973,-26.3589,109.83,5.2,168,26.0,7.679,0.56,us,10.88,4.464,0.05,132
-54.5726,-118.9566,10.0,4.7,36,119.0,30.283,0.81,us,14.26,1.888,0.095,34
51.0629,158.716,35.0,5.0,44,122.0,1.964,0.69,us,10.74,1.939,0.085,44
-23.7252,-179.435,532.579,4.1,23,156.0,6.397,0.75,us,12.36,11.164,0.131,17
-55.379,-24.7252,10.0,4.7,21,111.0,6.885,0.5,us,13.23,1.936,0.112,25
48.8934,154.9143,77.835,4.2,27,135.0,4.571,0.68,us,12.44,8.72,0.131,16
-6.1749,142.5106,10.0,4.6,23,155.0,3.071,0.9,us,11.23,1.901,0.095,33
50.3645,158.5326,10.0,4.4,15,138.0,2.664,0.91,us,11.16,1.729,0.203,7
38.736,23.6024,10.0,4.3,26,45.0,1.615,0.89,us,4.6,1.881,0.129,17
-23.4951,171.78,10.0,4.7,19,116.0,4.087,0.71,us,9.53,1.852,0.134,17
-6.093,145.9206,139.411,4.2,29,133.0,3.512,1.12,us,12.29,7.156,0.128,17
-5.5859,152.3863,10.0,4.3,25,114.0,1.32,0.9,us,6.99,1.617,0.119,20
-11.3415,118.5182,10.0,4.4,17,123.0,2.413,1.1,us,7.0,1.91,0.154,13
53.177,161.0048,10.0,4.1,55,162.0,1.428,0.55,us,10.65,1.93,0.083,42
4.982,94.6883,60.668,4.5,40,138.0,2.263,0.54,us,8.62,8.02,0.104,27
12.668,143.3583,8.717,4.2,15,124.0,1.733,0.56,us,11.4,1.024,0.216,8
46.2204,153.1124,10.0,5.0,62,126.0,7.507,0.52,us,10.18,1.868,0.056,100
51.8739,160.7053,10.0,4.2,14,214.0,1.705,0.71,us,8.49,2.003,0.199,7
-21.4489,-66.4781,225.189,4.0,50,67.0,2.173,0.99,us,8.4,8.046,0.126,17
36.4089,142.5801,10.0,4.5,37,135.0,3.525,0.84,us,8.22,1.902,0.116,22
52.2952,160.6851,24.74,4.4,19,166.0,1.438,0.9,us,13.77,7.561,0.162,11
-31.6409,-69.4685,109.83,4.2,22,64.0,0.687,0.98,us,4.21,7.783,0.237,5
52.5202,162.3847,10.0,4.2,34,122.0,2.324,0.49,us,7.47,1.878,0.112,22
49.4633,155.2257,80.982,4.3,35,133.0,3.966,0.31,us,6.13,8.468,0.114,22
-7.2808,129.039,148.234,4.5,31,39.0,5.321,0.51,us,8.04,9.396,0.124,19
51.9804,160.4872,35.0,4.7,44,178.0,2.043,0.55,us,9.87,1.956,0.078,50
51.564,159.3669,10.0,4.6,66,132.0,1.527,0.74,us,10.36,1.898,0.066,69
27.0016,54.9871,10.0,4.3,40,103.0,2.322,0.74,us,9.99,1.922,0.101,28
11.056,126.1894,10.0,4.5,32,107.0,4.007,0.84,us,8.54,1.901,0.113,23
10.9951,124.0141,10.0,5.0,105,39.0,4.195,0.52,us,9.55,0.3,0.055,110
56.8252,-33.9224,10.0,4.3,22,125.0,7.354,0.73,us,11.44,1.386,0.16,11
-23.9222,-176.2425,66.826,4.9,39,121.0,7.603,0.57,us,14.74,7.799,0.095,35
-6.0321,106.3069,169.249,4.2,17,159.0,1.949,0.86,us,9.02,8.86,0.176,10
42.1998,80.6965,10.0,4.4,19,191.0,1.437,1.21,us,4.85,1.945,0.169,10
36.7989,75.6136,10.0,4.4,36,151.0,2.909,1.29,us,9.68,1.915,0.139,18
55.533,163.3714,10.0,4.0,22,120.0,3.739,0.82,us,10.9,1.873,0.111,25
-19.3783,-69.1574,10.0,4.7,58,111.0,0.759,0.51,us,4.67,1.887,0.079,48
28.2414,65.5886,10.0,4.2,34,177.0,9.017,0.64,us,7.54,1.955,0.105,25
26.6443,54.1759,15.34,4.5,110,76.0,2.491,0.43,us,8.03,4.336,0.055,102
-0.1931,125.2772,49.367,4.7,49,68.0,4.678,0.79,us,6.98,8.427,0.095,34
52.9902,161.0303,10.0,4.5,50,172.0,1.439,0.64,us,10.07,1.881,0.057,89
-1.444,-77.8727,164.528,4.4,88,77.0,0.16,0.7,us,9.99,5.04,0.061,77
37.2716,20.272,36.354,4.1,27,149.0,1.323,1.37,us,6.15,10.799,0.166,10
-40.3837,-91.5178,10.0,4.7,31,153.0,14.509,0.81,us,14.3,1.911,0.088,39
-3.3941,149.0769,10.0,4.3,23,120.0,2.173,0.59,us,6.02,1.836,0.143,14
49.9413,158.4115,10.0,4.3,18,151.0,3.09,0.67,us,12.57,1.956,0.147,13
-16.5223,-177.2358,421.006,4.6,61,67.0,3.256,0.89,us,12.1,7.988,0.041,181
3.1772,-31.4065,10.0,4.8,57,90.0,24.848,0.89,us,7.59,1.86,0.058,92
28.1609,131.0341,10.0,4.5,69,121.0,2.338,0.65,us,7.08,1.867,0.078,50
52.4459,160.6624,10.0,4.3,30,120.0,1.353,0.61,us,9.52,1.908,0.125,22
-2.1214,101.9667,180.669,4.5,50,127.0,2.433,0.87,us,9.47,8.181,0.087,39
71.2081,-7.832,10.0,4.8,129,58.0,4.705,0.73,us,8.39,1.879,0.037,226
42.6048,141.9887,123.578,4.5,142,69.0,1.048,0.49,us,6.38,5.656,0.051,111
51.1599,159.4698,10.0,4.1,22,216.0,1.934,1.08,us,9.69,1.975,0.157,13
51.7045,178.15,113.077,4.5,92,82.0,0.331,0.51,us,7.9,3.881,0.053,105
-57.6295,157.2052,10.0,4.2,9,144.0,3.286,0.88,us,10.35,1.92,0.215,6
50.2411,158.8955,27.34,4.8,86,134.0,2.791,0.53,us,9.43,4.544,0.044,160
51.1875,159.7868,10.0,4.4,27,125.0,1.968,1.38,us,8.84,1.94,0.13,19
52.4822,160.2399,49.312,4.7,14,153.0,1.665,0.82,us,12.59,8.143,0.183,9
-20.3151,-70.2925,42.628,4.4,19,174.0,1.045,0.59,us,4.81,10.901,0.309,3
13.0953,144.6742,52.351,4.5,33,71.0,0.526,0.72,us,11.81,5.67,0.078,48
-4.7965,153.1888,66.556,4.0,28,122.0,6.423,0.81,us,11.03,7.098,0.108,23
53.2463,160.8246,35.0,4.2,21,193.0,1.329,0.89,us,8.86,1.99,0.141,14
-23.8625,69.8892,10.0,4.4,19,98.0,13.348,1.0,us,12.28,1.759,0.155,12
21.76,103.0866,10.0,4.5,52,57.0,2.958,1.04,us,5.21,1.879,0.087,39
51.5534,160.641,10.0,4.4,32,138.0,1.914,0.85,us,9.04,1.626,0.114,22
14.7587,119.7692,10.0,4.5,48,99.0,8.111,0.84,us,9.56,1.89,0.091,36
51.4793,160.908,10.0,4.2,26,129.0,2.078,0.38,us,6.26,1.883,0.112,22
40.957,143.0467,44.77,4.0,23,142.0,1.06,0.48,us,7.06,8.154,0.138,14
-58.5908,-8.1103,10.0,4.8,24,84.0,13.311,0.91,us,13.1,1.932,0.116,23
50.7737,159.8055,10.0,4.5,28,132.0,2.364,0.79,us,5.84,1.847,0.135,16
50.2829,157.2626,59.736,5.0,194,121.0,2.842,0.62,us,9.74,6.248,0.024,560
-10.3674,161.3064,70.252,4.3,50,112.0,1.626,0.72,us,8.28,5.208,0.094,37
50.5238,156.6281,82.242,4.1,12,207.0,2.672,0.31,us,12.12,16.74,0.214,6
-17.9541,-178.8655,575.622,4.3,27,195.0,2.236,0.92,us,20.82,13.982,0.113,22
8.3867,127.5392,10.0,4.6,57,63.0,2.342,0.7,us,7.87,1.866,0.084,45
9.1818,93.7574,10.0,4.6,72,94.0,5.043,0.66,us,8.53,1.88,0.076,52
51.8231,160.2184,10.0,5.0,36,126.0,1.539,0.53,us,6.69,1.831,0.13,19
36.1168,139.8707,66.087,4.0,23,155.0,1.407,0.74,us,5.75,9.141,0.144,13
51.8718,158.3396,43.391,4.4,38,124.0,1.169,0.76,us,10.16,7.663,0.088,37
52.2664,160.2345,35.0,4.7,36,140.0,1.228,1.37,us,11.06,1.939,0.093,35
52.8658,-168.371,52.18,3.3,21,171.0,0.312,0.68,us,5.04,7.864,0.125,15
-29.4035,-176.5815,10.0,4.8,26,135.0,1.187,0.88,us,7.51,1.923,0.111,29
39.1454,28.1083,17.179,4.0,28,57.0,0.939,0.99,us,4.23,2.814,0.26,4
-24.31,-67.2445,187.979,4.5,23,67.0,1.601,0.73,us,10.94,10.213,0.128,18
34.3203,45.5786,10.0,4.5,72,67.0,0.38,0.73,us,5.68,1.836,0.08,46
29.1121,129.2889,10.0,4.5,16,129.0,2.439,0.74,us,7.85,1.919,0.205,7
-8.073,128.7784,35.0,4.5,18,109.0,3.701,0.48,us,7.4,1.906,0.131,17
-4.5297,102.6053,59.001,4.8,64,94.0,0.388,0.9,us,7.56,4.619,0.075,55
50.9774,158.4049,35.0,4.8,194,107.0,2.055,0.6,us,6.15,1.884,0.041,179
54.5417,114.3827,10.0,4.3,18,155.0,5.235,1.05,us,10.32,1.976,0.11,23
6.883,127.2192,10.0,4.7,74,56.0,1.639,1.4,us,6.35,1.861,0.062,79
51.5711,159.8421,10.0,4.2,29,127.0,1.628,1.04,us,9.34,1.904,0.121,22
43.4409,131.3792,541.192,4.0,58,73.0,0.877,0.64,us,12.62,9.406,0.077,46
-4.2991,133.2509,10.0,4.3,19,102.0,1.697,0.65,us,4.57,1.878,0.123,19
-31.6342,-69.3297,123.671,4.4,30,77.0,0.569,0.84,us,7.37,9.345,0.24,5
27.037,111.492,10.0,4.6,24,192.0,3.674,0.65,us,7.83,1.964,0.158,13
-27.3008,-69.956,97.164,4.2,19,138.0,0.359,0.86,us,3.49,6.199,0.306,3
-20.68,-178.7574,607.093,4.2,25,134.0,4.196,0.46,us,14.66,8.616,0.118,20
-17.6692,-69.6126,165.68,4.3,20,117.0,0.149,0.85,us,9.5,8.202,0.153,12
48.3967,153.3603,143.577,4.0,52,142.0,5.461,0.48,us,13.11,9.236,0.083,39
-47.8049,115.8517,10.0,4.5,22,128.0,14.897,0.89,us,12.67,1.929,0.132,19
49.4111,154.816,106.074,4.4,65,134.0,4.121,0.47,us,11.5,8.083,0.054,100
39.4037,143.6854,10.0,4.0,23,134.0,2.44,0.66,us,7.08,1.902,0.173,9
62.8631,178.671,10.0,4.4,126,146.0,4.436,0.66,us,8.89,1.904,0.046,136
53.6533,160.0321,65.865,4.3,41,159.0,1.042,0.62,us,11.46,7.472,0.096,31
53.1144,160.9254,34.176,4.1,28,195.0,1.376,0.64,us,15.58,5.869,0.107,24
49.9506,159.0301,10.0,4.3,19,136.0,3.086,0.82,us,10.27,1.919,0.177,9
51.3143,159.0421,37.142,4.3,34,137.0,1.729,0.82,us,10.1,7.891,0.102,27
13.6053,-89.9185,73.771,4.4,37,167.0,0.324,0.94,us,6.55,5.271,0.051,113
-21.7192,170.8455,184.629,4.6,37,78.0,3.274,0.83,us,8.72,8.537,0.098,31
52.1916,160.8387,33.507,4.5,35,179.0,1.573,0.91,us,12.16,7.013,0.079,47
27.8628,131.2057,10.0,4.7,30,125.0,2.035,0.85,us,7.24,1.887,0.13,18
43.1088,146.4001,95.025,4.1,18,192.0,2.633,1.01,us,12.8,11.275,0.185,8
52.0358,160.2686,27.232,4.6,57,111.0,1.399,0.58,us,9.48,5.641,0.08,47
7.0563,127.4777,10.0,4.2,30,58.0,1.884,0.46,us,5.66,1.882,0.108,24
60.5498,-139.6848,5.0,4.1,47,53.0,0.536,1.17,us,2.09,2.002,0.261,4
34.1246,26.3661,10.0,4.3,39,203.0,2.532,0.74,us,8.83,1.942,0.137,17
23.7585,90.4588,10.0,4.3,31,172.0,4.842,0.81,us,12.37,1.936,0.122,19
52.2495,160.422,25.376,4.3,25,123.0,1.868,0.99,us,10.14,6.38,0.142,14
1.3857,125.7798,65.736,5.0,102,83.0,3.338,1.16,us,6.8,6.544,0.059,91
-10.9536,165.5544,10.0,4.1,17,142.0,4.746,1.07,us,8.91,1.681,0.166,11
17.2447,147.2647,32.167,4.7,119,133.0,2.445,1.22,us,10.14,3.13,0.048,133
53.0455,160.5656,35.871,4.3,18,117.0,1.157,0.92,us,5.01,8.19,0.168,11
49.5769,155.0091,103.902,4.7,38,96.0,3.917,0.81,us,5.84,7.583,0.108,28
50.6538,158.1272,28.102,4.6,61,126.0,2.395,1.15,us,7.36,5.526,0.036,237
53.6338,159.9378,56.364,4.2,41,159.0,0.985,1.05,us,11.66,8.279,0.091,33
0.0302,123.2062,159.926,4.9,120,45.0,2.154,0.72,us,6.73,6.704,0.05,125
-6.3743,149.3391,32.99,5.0,108,29.0,3.366,0.7,us,6.85,5.124,0.049,133
5.9983,125.9874,152.424,4.2,23,183.0,1.139,0.53,us,9.87,7.5,0.147,13
-16.0765,-172.1508,10.0,4.7,27,125.0,2.185,0.6,us,10.32,1.899,0.106,27
52.7606,160.7728,10.0,4.3,44,143.0,1.313,0.59,us,9.78,1.954,0.094,32
10.8263,124.139,10.0,4.4,20,132.0,3.994,1.19,us,13.74,1.908,0.155,12
-26.7074,-175.8669,10.0,4.9,46,107.0,9.36,0.63,us,12.57,1.866,0.083,45
51.9253,158.2265,78.742,4.4,35,162.0,1.228,0.62,us,11.27,8.726,0.117,21
-21.0565,-68.7168,128.037,4.3,40,58.0,0.72,0.97,us,6.03,6.222,0.103,27
-17.4834,-172.1175,10.0,4.6,27,97.0,2.615,1.12,us,4.66,1.905,0.125,19
34.2042,26.18,49.351,4.0,38,162.0,1.564,1.35,us,9.05,9.978,0.138,15
65.9425,-37.3012,10.0,4.4,114,91.0,5.44,0.64,us,13.73,1.957,0.051,108
-8.4181,111.0823,108.805,4.3,40,63.0,1.501,0.65,us,11.25,1.755,0.116,24
-15.0945,-174.1901,87.858,4.8,38,79.0,2.613,0.51,us,14.4,7.941,0.099,31
-54.1579,-136.4096,10.0,4.8,27,105.0,36.01,0.63,us,15.71,1.867,0.124,23
14.7132,147.2185,10.0,4.8,55,141.0,1.473,0.65,us,6.61,1.72,0.087,41
29.6691,81.7981,10.0,4.2,33,114.0,3.579,1.0,us,7.27,1.924,0.125,18
50.089,155.7823,93.707,4.4,74,135.0,3.251,0.64,us,11.23,7.249,0.069,61
49.4418,157.9298,10.0,4.2,33,136.0,3.615,0.67,us,11.59,1.92,0.108,24
51.4935,159.882,32.936,4.3,19,137.0,1.709,0.81,us,9.31,6.917,0.177,11
54.3666,-159.577,25.392,4.0,56,165.0,0.465,0.73,us,5.19,6.405,0.116,23
-7.3415,122.5971,554.54,4.5,33,57.0,1.334,0.8,us,14.04,4.214,0.15,13
-50.7727,-27.8732,10.0,4.6,17,118.0,6.323,0.52,us,14.26,1.9,0.173,10
-2.8116,129.494,10.0,4.3,19,124.0,1.748,0.63,us,7.28,1.908,0.169,10
50.1129,158.7514,10.0,4.3,39,138.0,2.915,0.6,us,11.9,1.926,0.101,28
13.7375,145.1242,130.189,4.2,21,97.0,1.622,0.61,us,13.52,8.304,0.136,15
50.3531,158.6429,21.896,4.3,22,133.0,2.674,0.83,us,9.09,4.44,0.161,11
-35.4292,-71.2382,99.625,4.2,45,126.0,0.363,0.7,us,4.69,4.757,0.108,24
51.9558,159.3282,67.252,4.0,11,166.0,1.147,0.24,us,14.51,6.424,0.197,7
-59.1835,-25.4503,35.0,4.5,31,129.0,15.502,0.68,us,17.92,1.939,0.104,27
51.6595,159.753,10.0,4.7,39,135.0,1.524,1.05,us,10.91,1.912,0.078,49
51.553,159.4942,42.741,4.5,40,164.0,1.561,0.56,us,10.55,8.064,0.09,36
-11.3827,-74.1875,101.453,4.3,26,96.0,2.669,0.7,us,7.1,9.037,0.147,13
49.1345,156.2091,21.4,4.9,252,42.0,4.088,0.61,us,8.17,4.19,0.032,310
-13.5482,167.2187,148.835,4.4,17,159.0,23.356,0.57,us,15.33,6.744,0.135,16
-27.8687,-71.0579,55.218,4.4,22,138.0,0.335,0.7,us,5.37,6.023,0.219,6
38.9238,70.8581,10.776,4.5,131,60.0,0.917,0.82,us,3.33,3.845,0.052,112
3.228,-31.277,10.0,4.5,21,112.0,10.111,1.03,us,9.61,1.908,0.131,17
16.4755,-59.5154,10.0,4.2,49,148.0,1.488,0.65,us,6.37,1.916,0.108,24
-20.9109,-178.572,590.807,4.8,63,54.0,4.48,0.84,us,10.36,6.532,0.034,270
-7.2875,39.9414,10.0,4.3,12,106.0,5.248,1.34,us,6.85,1.952,0.266,4
-19.2913,168.7825,14.851,4.5,26,143.0,3.533,0.69,us,11.4,5.399,0.121,20
-7.0125,155.7932,111.864,4.6,111,91.0,4.766,0.57,us,5.51,6.808,0.05,118
-7.2499,120.2784,577.946,4.6,52,47.0,2.282,1.07,us,11.14,8.933,0.104,28
-2.346,-77.4063,6.582,4.2,38,86.0,1.049,1.04,us,3.98,4.103,0.118,23
-4.3852,35.1531,10.0,4.6,18,132.0,3.518,0.66,us,7.14,1.954,0.165,11
6.8723,127.3013,10.0,4.1,19,197.0,1.721,0.93,us,9.17,1.939,0.151,14
21.8926,121.3252,10.0,4.4,37,133.0,0.948,0.99,us,5.44,1.829,0.12,20
51.4833,159.9705,10.0,5.3,141,98.0,1.743,1.06,us,4.55,1.805,0.028,440
52.0628,160.4337,35.0,4.3,29,167.0,1.97,1.12,us,5.79,1.971,0.094,32
58.9973,-30.7819,10.0,4.5,76,52.0,7.291,0.46,us,9.14,1.89,0.069,61
51.5043,159.8164,10.0,4.9,124,151.0,1.682,1.02,us,8.17,1.911,0.055,103
-6.9532,129.4996,160.292,4.3,19,109.0,4.854,1.24,us,10.6,11.262,0.154,12
-0.1615,-18.186,10.0,4.3,14,88.0,8.61,0.75,us,12.31,1.939,0.161,11
13.4568,-87.9805,230.595,4.2,31,126.0,0.334,0.62,us,14.23,11.766,0.11,23
51.7021,159.5088,35.0,4.7,47,115.0,1.424,0.91,us,6.2,1.92,0.084,43
-18.6787,65.6682,10.0,4.4,27,44.0,2.421,0.46,us,10.18,1.845,0.115,22
52.6118,161.0468,10.0,4.6,79,121.0,1.512,1.0,us,9.35,1.884,0.044,152
49.6853,158.6128,10.0,4.2,14,232.0,3.343,0.28,us,8.23,1.974,0.2,7
50.3119,158.4337,10.0,4.7,57,139.0,2.719,0.64,us,12.35,1.924,0.08,48
50.2184,157.4213,35.0,4.5,109,135.0,2.899,0.62,us,10.86,1.932,0.055,98
-20.9301,-67.4047,187.696,4.6,45,51.0,1.817,1.13,us,7.1,7.433,0.093,35
50.2314,88.1222,10.0,5.0,93,46.0,3.508,0.78,us,7.85,1.833,0.03,366
51.3799,159.6621,10.0,4.4,33,123.0,1.76,0.58,us,7.59,1.864,0.127,18
-13.7828,-75.9595,53.102,4.3,20,142.0,1.981,0.82,us,7.96,9.173,0.148,13
50.7054,156.5478,12.234,4.7,102,128.0,2.51,0.58,us,10.39,4.71,0.055,102
-7.1001,129.3331,171.476,4.3,23,72.0,2.623,0.82,us,9.63,9.758,0.129,17
25.0088,95.3102,117.957,4.6,94,52.0,3.803,0.52,us,8.09,7.087,0.065,70
18.1793,121.4718,125.483,4.7,78,58.0,4.629,1.07,us,9.92,7.292,0.071,61
53.1568,161.0584,10.0,4.2,20,117.0,1.459,1.16,us,8.92,1.746,0.118,20
4.573,-73.3233,10.0,4.2,8,114.0,1.03,1.16,us,8.52,1.983,0.215,6
46.3138,152.7644,30.579,4.4,41,136.0,7.51,0.56,us,11.09,6.226,0.112,23
-15.7345,-174.3801,187.627,4.3,30,125.0,6.052,0.79,us,13.16,7.664,0.106,25
-27.9657,-176.571,43.29,4.7,39,135.0,1.746,0.73,us,14.42,6.138,0.123,20
-16.4737,176.8404,10.0,4.7,20,105.0,1.715,0.87,us,8.49,1.886,0.137,16
-9.3565,114.4401,50.95,4.0,13,149.0,0.926,1.03,us,8.19,10.778,0.212,7
51.4763,159.8618,41.581,4.3,19,144.0,1.719,0.54,us,10.99,6.85,0.119,20
52.5477,160.979,10.0,4.0,22,121.0,1.493,0.86,us,9.61,1.924,0.149,14
35.9999,140.0476,82.345,4.2,27,148.0,1.581,0.94,us,7.88,8.8,0.137,15
5.2524,126.2661,87.126,4.3,37,88.0,0.939,0.62,us,6.65,6.07,0.122,24
52.2029,160.3558,10.0,5.0,82,122.0,1.326,0.92,us,8.22,1.87,0.041,197
51.7951,159.2957,35.0,4.6,60,137.0,1.292,0.88,us,10.81,1.919,0.071,59
35.3936,22.9898,60.234,4.4,52,94.0,1.978,0.96,us,3.28,6.661,0.09,37
54.3731,167.4906,10.0,4.3,43,130.0,4.271,0.81,us,10.62,1.886,0.07,58
52.5047,160.5991,24.004,4.6,54,131.0,1.293,0.61,us,10.63,6.104,0.084,43
-18.6471,65.3925,10.0,4.7,55,73.0,2.206,0.69,us,11.95,1.874,0.082,45
8.1119,126.2944,10.0,4.6,51,96.0,1.255,0.76,us,9.67,1.888,0.06,84
10.8708,123.8986,10.0,4.4,27,117.0,12.697,0.71,us,14.15,1.913,0.12,22
-3.3861,143.6125,10.0,4.4,28,142.0,3.032,1.39,us,7.19,1.808,0.12,20
-5.8149,112.2394,10.0,4.3,18,100.0,2.168,0.9,us,7.88,1.912,0.16,11
52.1369,-176.4124,126.265,4.0,136,55.0,0.151,0.65,us,8.45,4.118,0.044,136
-30.3971,-176.88,10.0,4.4,23,180.0,1.466,0.58,us,7.36,1.725,0.127,18
13.4191,50.7436,10.0,4.4,43,142.0,6.274,0.79,us,11.89,1.92,0.095,32
51.5226,157.9347,64.581,4.3,25,125.0,1.566,0.52,us,9.23,8.021,0.125,18
-33.461,78.0184,10.0,4.5,21,86.0,28.297,0.35,us,13.41,1.918,0.125,19
51.3303,159.7379,24.0,4.3,18,214.0,1.823,0.78,us,12.82,9.005,0.168,10
3.0133,-31.3637,10.0,4.9,46,58.0,9.882,0.51,us,11.21,1.864,0.071,62
50.6175,158.0024,33.576,4.5,70,130.0,2.443,0.7,us,10.96,6.088,0.06,82
51.7965,159.2496,35.0,4.4,70,120.0,1.283,0.69,us,9.14,6.589,0.05,118
52.1346,161.0574,13.172,4.4,25,119.0,1.718,0.64,us,11.27,5.719,0.135,16
12.3753,-87.9581,47.201,4.3,40,196.0,0.969,1.02,us,12.62,9.281,0.094,32
-58.3364,-23.3069,10.0,5.0,71,51.0,8.374,0.67,us,10.3,1.795,0.078,52
53.2655,160.1198,59.522,4.4,127,120.0,1.465,0.48,us,8.98,6.127,0.05,117
53.2139,160.1316,58.5,4.8,78,134.0,0.913,0.6,us,9.07,6.748,0.054,107
-14.7475,66.5518,10.0,4.6,47,57.0,5.834,0.59,us,11.64,1.864,0.088,39
13.2103,145.3437,74.39,4.2,18,159.0,0.597,0.6,us,8.81,7.284,0.153,12
52.339,160.7464,19.625,4.3,36,122.0,1.449,0.35,us,10.43,5.472,0.083,41
-22.752,-179.3842,455.11,4.2,15,206.0,5.532,0.53,us,25.32,23.944,0.158,11
12.8133,-89.3185,40.952,4.0,31,183.0,0.968,0.76,us,7.31,14.919,0.134,15
36.5174,140.8431,64.774,4.2,16,167.0,2.122,0.64,us,6.19,13.895,0.235,5
1.801,127.6136,132.222,4.1,27,106.0,1.052,0.59,us,10.71,9.016,0.117,20
46.062,143.7424,342.028,4.4,63,129.0,1.124,0.64,us,6.56,5.887,0.027,385
12.2091,-87.6562,35.0,4.6,192,137.0,1.411,0.82,us,7.17,1.936,0.042,173
43.6347,147.8298,10.0,4.8,80,135.0,3.799,0.7,us,8.77,1.895,0.069,65
-63.4005,-167.8857,10.0,4.6,15,164.0,16.492,1.18,us,19.53,1.834,0.157,12
30.2518,79.4611,25.331,4.3,22,177.0,9.893,0.78,us,12.89,6.51,0.138,15
-8.176,107.481,35.0,4.5,24,66.0,2.87,0.68,us,6.43,1.913,0.102,28
52.6271,160.8772,10.0,4.1,26,137.0,1.409,0.75,us,11.35,1.919,0.14,15
-7.5561,127.8939,149.769,4.5,38,53.0,4.199,1.08,us,8.52,6.663,0.094,33
-2.8837,129.3479,19.031,4.6,41,41.0,2.771,0.87,us,6.07,4.652,0.092,35
50.1159,155.2219,35.0,4.5,47,137.0,3.371,0.88,us,8.43,1.88,0.082,43
-10.9112,164.88,10.0,4.6,18,134.0,5.044,1.05,us,10.14,1.916,0.173,10
15.5563,-47.1137,10.0,4.5,29,149.0,11.717,0.5,us,14.71,1.943,0.128,18
51.3867,159.5006,10.0,4.5,40,128.0,1.721,0.61,us,5.37,1.882,0.094,33
-59.0038,149.5291,10.0,4.2,12,118.0,6.865,0.57,us,11.0,1.967,0.166,10
-15.5489,-70.5949,205.95,4.2,26,139.0,2.293,1.02,us,6.54,10.124,0.102,27
47.3961,152.2406,130.244,4.2,72,134.0,6.478,0.82,us,12.39,8.277,0.07,57
51.395,161.0675,10.0,4.1,32,130.0,2.207,0.63,us,10.33,1.934,0.103,26
-12.7434,169.7165,656.29,4.3,43,63.0,9.344,0.74,us,12.37,9.739,0.087,37
39.7227,41.858,10.0,4.2,50,63.0,1.088,0.41,us,1.5,1.933,0.121,19
36.0682,76.9003,10.0,4.3,27,117.0,4.177,1.15,us,7.98,1.967,0.202,8
-33.1967,-70.1194,104.314,4.2,38,79.0,0.208,0.56,us,5.46,3.631,0.136,15
52.221,159.6112,52.772,4.6,99,119.0,0.995,0.61,us,9.42,6.823,0.059,84
-26.6233,-176.0182,10.0,4.3,10,139.0,9.376,0.54,us,15.57,1.918,0.143,15
49.0849,158.0317,10.0,4.5,43,138.0,3.963,1.12,us,11.81,1.883,0.089,37
49.0858,156.0926,30.416,4.6,56,167.0,4.153,0.61,us,11.93,7.022,0.07,63
-47.2934,-13.2903,10.0,4.9,28,85.0,24.943,0.66,us,13.82,1.846,0.122,21
12.9374,122.8587,10.0,4.7,53,103.0,6.416,0.62,us,10.79,1.879,0.086,42
53.2233,159.5924,67.161,4.4,123,133.0,0.602,0.77,us,10.15,6.92,0.051,111
36.9322,136.4174,10.0,4.5,48,57.0,1.486,1.06,us,5.84,1.853,0.083,44
29.2844,129.4519,10.0,4.6,45,106.0,2.38,1.04,us,8.27,1.898,0.087,39
50.9898,158.4075,35.0,4.9,137,98.0,2.042,0.65,us,8.14,1.886,0.048,136
49.3895,155.3101,78.282,4.4,37,133.0,4.014,0.7,us,11.13,8.156,0.088,37
-15.1079,-173.8465,10.0,4.6,29,77.0,2.327,0.58,us,11.28,1.875,0.106,27
54.5127,-159.8963,37.645,3.6,22,204.0,0.365,0.46,us,6.95,11.996,0.224,5
29.504,130.5768,35.0,4.8,119,106.0,2.002,0.67,us,7.13,1.887,0.058,92
-31.8604,-72.2391,21.935,4.2,25,200.0,1.09,1.18,us,4.21,6.434,0.236,5
50.3595,159.4427,10.0,4.6,54,126.0,2.713,0.6,us,9.09,1.884,0.038,207
-6.9643,125.0035,562.786,4.4,57,55.0,2.867,0.5,us,10.03,8.109,0.08,45
51.6042,159.9212,10.0,4.0,15,127.0,1.622,0.72,us,8.57,1.89,0.164,10
-10.611,161.4664,34.026,4.2,29,111.0,1.896,0.74,us,9.78,6.141,0.115,21
-5.5614,147.2535,182.408,4.5,48,57.0,3.496,0.59,us,8.0,5.573,0.061,80
11.2757,124.1791,10.0,4.3,11,148.0,4.402,0.22,us,14.16,1.952,0.177,9
-24.9219,179.7411,526.029,4.2,28,96.0,4.78,0.93,us,15.46,9.537,0.128,21
51.156,159.7907,10.0,4.4,35,129.0,1.998,0.54,us,9.82,1.912,0.108,25
51.9752,160.3161,10.0,4.4,37,125.0,1.463,0.96,us,9.46,1.904,0.105,26
-24.2075,-67.2333,169.312,4.7,39,66.0,1.521,0.94,us,7.98,7.148,0.121,21
-23.8618,-179.9581,529.184,4.3,28,177.0,6.364,0.58,us,20.1,17.647,0.111,23
12.977,-88.8024,66.155,4.2,45,165.0,0.676,0.86,us,10.35,9.522,0.089,35
53.1752,171.4114,44.019,4.2,92,143.0,1.686,0.59,us,10.52,10.404,0.061,75
51.4833,160.0144,10.0,4.3,19,128.0,1.756,1.01,us,10.62,1.932,0.187,8
-13.7132,167.0066,58.966,4.7,35,118.0,1.734,0.33,us,13.85,7.014,0.095,34
16.3807,-59.5794,10.0,4.9,139,47.0,1.42,0.7,us,6.25,1.866,0.03,342
48.8898,156.9026,10.0,4.2,18,171.0,4.254,1.23,us,10.51,1.797,0.152,12
27.4384,52.5615,10.0,4.2,43,82.0,4.108,0.64,us,7.95,1.917,0.099,28
-35.1947,-179.3481,10.0,4.2,22,235.0,3.027,1.01,us,12.29,1.992,0.147,13
30.629,140.1616,10.0,4.5,24,100.0,2.496,0.66,us,10.23,1.894,0.145,15
25.5525,126.5824,25.156,4.4,26,106.0,1.985,0.86,us,8.84,6.742,0.138,15
40.7972,142.1268,58.921,4.3,30,148.0,0.806,0.56,us,5.3,8.019,0.129,17
52.7315,160.8354,10.0,4.2,23,182.0,1.356,0.96,us,13.78,1.977,0.153,12
52.3431,160.354,28.122,4.4,25,123.0,1.787,0.66,us,10.03,2.85,0.134,16
-17.5279,167.8987,35.0,4.3,18,198.0,2.174,0.65,us,8.3,1.963,0.154,12
-57.6193,157.9536,39.626,4.3,20,140.0,3.177,0.76,us,7.97,11.422,0.148,13
-37.4248,51.5607,10.0,4.6,35,81.0,23.682,0.57,us,15.32,1.86,0.116,22
34.6576,70.6806,10.0,4.1,14,227.0,1.283,1.16,us,13.72,2.199,0.184,8
-14.5332,167.1765,145.681,4.2,17,279.0,0.909,0.83,us,15.56,7.342,0.159,12
-20.6463,-69.019,101.767,4.4,22,79.0,0.518,0.56,us,4.18,5.317,0.139,15
-25.9286,-178.7886,351.602,4.4,44,126.0,8.655,1.02,us,13.29,7.664,0.095,34
43.4164,145.9902,110.62,4.7,110,134.0,2.514,0.63,us,9.19,7.404,0.057,94
-23.0872,-114.409,10.0,4.4,20,81.0,6.109,0.2,us,18.66,1.891,0.162,11
38.5012,57.1779,10.0,4.6,114,37.0,8.321,0.82,us,8.01,1.844,0.055,97
52.9309,161.1923,14.496,5.2,239,51.0,1.54,0.66,us,7.41,3.656,0.025,553
29.277,129.5242,10.0,4.3,18,111.0,2.365,0.32,us,5.97,1.916,0.177,10
-3.0501,130.262,26.245,4.6,46,47.0,1.505,0.83,us,4.99,5.004,0.084,42
56.1841,163.3254,10.0,4.4,41,100.0,4.173,0.7,us,9.01,1.796,0.074,53
41.4754,83.8183,10.0,4.4,32,111.0,3.704,1.01,us,6.25,1.912,0.139,15
51.5449,159.4431,10.0,4.4,41,137.0,1.559,0.71,us,10.17,1.912,0.101,28
-6.1961,151.8509,10.0,4.9,72,104.0,1.885,0.5,us,8.44,1.839,0.064,78
11.5957,-87.3782,44.982,4.4,79,150.0,2.078,0.63,us,9.19,8.755,0.066,69
13.4046,51.2208,10.0,4.2,14,180.0,8.388,1.03,us,8.47,1.963,0.237,5
51.9508,159.3584,47.65,4.4,24,124.0,1.158,0.32,us,8.15,7.995,0.123,19
51.2802,159.4809,10.0,4.4,28,221.0,1.819,1.02,us,8.16,1.965,0.12,20
-23.3892,-175.707,35.0,5.0,42,131.0,6.176,0.64,us,11.7,1.549,0.094,36
-20.806,-173.5816,10.0,4.5,17,116.0,3.844,0.77,us,12.82,1.891,0.15,13
-20.9575,-174.997,41.894,4.6,51,102.0,5.121,1.04,us,13.29,6.891,0.094,41
50.7248,158.2866,35.0,4.3,27,138.0,2.313,0.74,us,9.79,1.94,0.119,20
-21.4912,-179.2237,599.274,5.2,87,61.0,4.525,0.96,us,11.26,3.653,0.068,71
-22.4554,-113.227,10.0,4.6,42,161.0,36.187,0.43,us,9.4,1.887,0.088,39
52.653,160.6257,10.0,5.1,114,72.0,1.255,1.07,us,8.02,1.803,0.022,649
0.2614,122.0062,164.366,4.6,78,41.0,1.487,0.64,us,5.17,6.087,0.073,57
-23.9298,-179.5432,420.002,4.4,38,107.0,5.487,0.52,us,14.9,5.832,0.087,38
-58.7581,-24.8316,10.0,4.8,54,69.0,7.848,0.44,us,10.83,1.895,0.076,53
51.8908,160.0848,10.0,4.7,14,222.0,1.434,0.7,us,13.92,1.977,0.159,16
39.1994,28.2216,10.0,4.2,27,69.0,1.032,0.79,us,3.4,1.897,0.141,14
29.5796,51.3509,10.0,4.6,78,71.0,6.321,0.57,us,8.36,1.847,0.058,89
38.0915,20.341,42.571,4.1,36,119.0,1.553,0.99,us,6.39,10.659,0.14,14
60.5462,-139.9158,5.0,4.4,55,50.0,0.482,0.87,us,1.81,1.887,0.17,10
-48.751,124.5623,10.0,4.4,27,104.0,16.736,0.77,us,14.84,1.888,0.111,23
54.8264,159.9452,10.0,4.3,19,169.0,1.962,0.7,us,14.56,1.934,0.133,16
-14.9266,166.7213,33.262,4.9,39,48.0,0.696,1.12,us,5.53,5.021,0.084,44
16.3751,-59.6718,10.0,4.4,37,116.0,1.331,0.87,us,6.82,1.855,0.179,9
43.0292,145.6491,74.29,4.4,44,124.0,2.103,0.62,us,3.81,7.672,0.109,24
-6.1896,142.4347,10.0,4.8,41,99.0,2.995,1.02,us,8.09,1.8,0.069,65
-58.6457,-24.6974,10.0,4.5,19,181.0,7.854,0.85,us,15.9,1.987,0.127,18
-11.0904,165.9177,35.0,4.5,23,152.0,4.508,0.7,us,15.11,1.984,0.131,17
-14.1343,167.3171,199.482,4.6,79,125.0,1.31,0.59,us,12.04,5.019,0.055,99
52.8481,160.7097,10.0,4.2,17,117.0,1.259,0.64,us,11.34,1.945,0.152,12
16.8258,-93.795,165.948,4.5,117,100.0,0.593,0.8,us,6.83,6.118,0.053,109
11.6193,141.6188,10.0,4.8,76,62.0,3.728,0.61,us,7.99,1.888,0.069,64
-6.3575,-11.5605,10.0,4.5,25,70.0,3.188,0.93,us,11.17,1.896,0.118,22
-1.0093,99.6812,57.856,4.2,35,137.0,3.116,1.05,us,9.21,7.675,0.11,24
-19.2563,-177.6303,570.339,4.2,22,208.0,3.974,0.55,us,21.55,13.505,0.132,16
29.4276,129.1139,10.0,4.5,25,109.0,2.375,0.71,us,5.61,1.852,0.144,14
-36.253,52.4992,10.0,4.5,20,88.0,12.2,0.76,us,13.87,1.906,0.135,16
-13.0353,-74.503,76.246,4.6,45,114.0,2.51,0.68,us,8.96,7.691,0.064,73
-23.7534,178.8641,550.94,4.5,55,68.0,6.026,0.58,us,13.3,6.923,0.047,136
52.3124,160.2713,10.0,4.4,72,113.0,1.217,0.8,us,9.09,1.874,0.052,106
51.3358,159.2549,35.0,4.3,16,230.0,1.731,0.68,us,12.29,1.987,0.188,8
-23.5565,69.5042,10.0,4.9,72,53.0,24.144,0.44,us,8.63,1.818,0.078,52
73.2412,6.5707,10.0,4.4,38,104.0,7.085,0.58,us,12.57,1.916,0.11,24
51.7735,161.5279,10.0,4.2,31,135.0,2.162,0.74,us,10.49,1.875,0.118,20
52.6177,161.5813,10.0,4.2,23,124.0,2.404,0.58,us,10.08,1.916,0.141,14
-31.415,-67.7291,10.0,4.5,35,41.0,0.815,1.1,us,5.35,1.9,0.121,21
-18.0235,-178.3686,597.909,4.0,35,73.0,2.652,0.42,us,15.34,8.415,0.129,16
51.7958,-169.8227,10.0,4.1,53,190.0,0.994,1.1,us,5.24,1.917,0.065,65
52.3793,160.8381,10.0,4.5,16,171.0,1.48,0.59,us,12.19,1.954,0.191,10
51.4892,159.7334,10.0,4.9,131,81.0,1.675,0.65,us,7.32,1.797,0.052,115
-20.2032,-178.1048,560.186,4.1,23,141.0,4.382,0.53,us,14.47,8.731,0.123,18
41.1518,142.5761,42.478,4.4,30,142.0,0.966,0.58,us,4.22,8.328,0.127,18
51.5092,159.126,35.0,6.0,83,53.0,1.545,0.83,us,7.47,1.863,0.078,62
60.5446,-139.8936,5.0,4.4,68,49.0,0.484,1.15,us,1.96,1.884,0.109,24
-19.9329,-69.3401,103.094,4.3,18,133.0,0.271,0.64,us,6.33,3.687,0.238,5
39.414,143.4827,10.0,4.3,20,192.0,2.308,0.74,us,9.81,1.974,0.168,10
35.4394,6.4989,10.0,4.5,38,151.0,2.339,0.99,us,7.76,1.902,0.106,26
-19.5346,168.3765,10.0,4.7,29,67.0,3.105,1.11,us,6.72,1.918,0.121,21
51.8385,159.1797,35.0,5.5,123,94.0,1.23,0.87,us,7.56,1.833,0.021,774
-60.3956,-61.8687,10.0,4.7,33,128.0,4.509,0.47,us,9.98,1.835,0.108,26
7.9186,-78.8977,10.0,4.0,12,160.0,1.549,0.72,us,7.1,1.977,0.212,6
52.3554,-171.4945,50.41,4.3,33,174.0,1.04,0.93,us,8.28,6.504,0.188,9
49.887,155.7814,78.872,4.2,67,137.0,3.441,0.43,us,11.78,7.172,0.073,52
9.3075,93.7511,10.0,4.2,27,179.0,5.823,0.57,us,13.83,1.943,0.128,18
7.6899,127.7952,10.0,4.4,21,128.0,2.283,0.87,us,6.75,1.877,0.134,17
34.059,23.3056,35.0,4.0,46,186.0,3.309,0.79,us,9.47,1.991,0.111,22
50.4624,-173.5231,10.0,3.9,45,199.0,1.792,0.86,us,7.18,1.958,0.066,61
-0.8783,-78.1101,4.899,4.2,18,87.0,0.289,0.71,us,1.58,6.31,0.198,7
49.0173,157.824,10.0,4.6,125,138.0,4.045,0.9,us,9.42,1.881,0.051,115
-33.8803,-70.4707,107.73,4.5,48,68.0,0.206,0.49,us,4.33,4.703,0.08,46
-16.7089,-177.4388,10.0,5.1,33,127.0,3.068,1.21,us,13.2,1.874,0.092,43
-7.6841,-74.7589,153.529,4.5,28,113.0,2.036,1.13,us,9.02,9.186,0.106,26
63.8212,-22.8441,10.0,4.4,83,103.0,1.141,0.81,us,8.31,1.921,0.065,69
4.0799,97.4974,10.0,4.3,13,155.0,1.266,0.85,us,9.75,1.916,0.2,7
4.6501,92.2411,10.0,4.5,34,154.0,4.724,0.96,us,10.76,1.922,0.11,24
50.5441,157.3479,35.0,4.3,35,130.0,2.577,0.52,us,11.27,1.944,0.094,32
-13.9845,-72.5574,101.337,4.3,23,104.0,4.624,0.77,us,9.66,5.67,0.133,16
51.683,159.9053,29.48,4.6,35,127.0,1.548,0.7,us,10.21,5.771,0.085,47
56.533,115.1997,10.0,4.3,35,198.0,3.456,0.71,us,13.15,1.978,0.099,29
-6.8648,128.5397,10.0,4.4,22,105.0,5.111,0.75,us,8.42,1.902,0.13,17
2.3547,127.2403,104.912,4.3,31,144.0,1.577,0.81,us,6.96,7.92,0.094,32
-2.1892,139.0948,10.0,4.4,28,75.0,1.063,1.18,us,5.82,1.873,0.11,24
51.2104,159.6003,10.0,4.6,32,155.0,1.908,0.99,us,7.65,1.938,0.114,26
-9.5022,112.7895,35.0,4.0,25,94.0,1.692,0.79,us,8.59,1.926,0.144,14
35.5966,140.1057,70.015,4.5,48,130.0,1.803,0.84,us,7.75,7.222,0.048,126
52.031,160.4215,10.0,4.3,20,125.0,1.469,1.25,us,9.24,1.923,0.133,16
40.2428,24.0215,10.0,4.3,27,92.0,1.182,0.7,us,5.74,1.915,0.142,14
25.5285,62.8305,20.059,4.5,35,121.0,6.028,1.16,us,13.87,6.636,0.061,79
35.1996,139.0416,10.0,4.3,28,127.0,1.436,0.49,us,6.03,1.909,0.148,13
51.9943,161.5636,10.0,4.0,22,126.0,2.057,0.6,us,6.24,1.919,0.164,10
50.8089,-172.9607,10.0,3.7,33,202.0,1.594,0.62,us,6.34,1.647,0.134,14
12.7375,-88.5933,53.012,4.1,18,190.0,0.773,1.06,us,8.33,10.46,0.214,6
36.147,36.1147,39.618,3.6,22,120.0,0.911,1.15,us,5.55,8.919,0.224,5
-28.4916,-177.4295,10.0,4.6,25,138.0,11.118,1.0,us,14.75,1.863,0.122,20
51.8196,159.2957,46.132,4.3,37,137.0,1.269,0.77,us,9.35,7.58,0.106,25
52.5708,160.764,10.0,4.3,25,166.0,1.361,0.75,us,11.37,1.968,0.119,20
9.1076,93.8628,10.0,4.3,26,199.0,5.694,0.65,us,13.63,1.962,0.133,16
19.55,-70.7381,32.016,4.0,43,108.0,0.13,1.28,us,4.18,3.909,0.116,20
-6.1051,147.7672,10.0,4.3,15,164.0,3.333,0.93,us,10.91,1.964,0.16,11
-9.4187,152.758,10.0,4.3,22,111.0,5.524,0.45,us,8.36,1.913,0.138,15
-60.0705,-62.4539,10.0,5.4,68,91.0,4.779,0.83,us,10.32,1.777,0.069,72
52.8415,161.0175,10.0,5.6,57,148.0,1.445,0.96,us,9.89,1.915,0.079,56
-7.4124,130.6464,22.162,4.3,20,120.0,2.964,1.14,us,8.84,5.368,0.154,12
7.5157,126.9389,20.631,4.4,33,65.0,1.42,0.97,us,8.95,5.74,0.105,26
-48.9486,123.5658,10.0,4.6,26,119.0,16.692,0.77,us,14.93,1.929,0.116,24
13.9342,92.3481,10.0,4.2,14,214.0,6.585,0.53,us,8.19,1.963,0.215,6
53.0652,159.4891,91.441,4.5,74,152.0,0.508,0.93,us,11.96,7.378,0.067,66
36.5334,70.122,219.942,4.2,65,84.0,2.169,0.79,us,7.71,8.63,0.092,33
-47.2353,166.0299,44.558,4.3,28,105.0,1.159,0.85,us,8.16,11.548,0.138,15
-28.0872,-178.1546,10.0,4.9,52,122.0,1.17,0.68,us,10.56,1.883,0.075,56
52.2507,160.6214,10.0,5.1,106,132.0,1.976,0.69,us,8.61,1.877,0.037,239
52.5235,159.2249,84.476,4.3,28,163.0,0.61,1.03,us,10.26,6.704,0.116,21
60.4175,-139.6841,5.0,4.5,48,52.0,0.429,1.11,us,4.57,1.919,0.171,12
-30.5669,-70.8145,81.833,4.1,27,71.0,0.292,0.76,us,7.97,6.406,0.369,2
51.2786,159.6037,10.0,4.3,13,183.0,1.844,0.8,us,9.75,1.994,0.188,8
-22.8178,-68.4882,110.59,4.2,42,53.0,0.315,1.23,us,6.52,5.202,0.092,33
35.4073,20.488,38.482,4.0,16,235.0,2.115,0.95,us,10.0,11.945,0.183,8
-18.0225,-178.2053,557.71,5.0,175,114.0,2.78,0.7,us,11.84,6.347,0.042,178
-47.873,116.225,10.0,4.1,14,145.0,14.948,0.68,us,17.37,1.961,0.145,13
-7.5424,105.3797,20.53,4.5,36,164.0,1.854,0.6,us,6.24,6.58,0.1,32
-34.0135,-178.3875,10.0,4.2,22,253.0,4.445,0.98,us,11.82,1.975,0.132,16
27.1384,-44.6813,10.0,4.4,18,153.0,18.136,0.94,us,12.35,1.916,0.179,11
-35.5189,-178.9917,10.0,4.2,10,260.0,2.982,0.41,us,14.88,2.002,0.216,6
-6.5675,107.0797,126.439,4.3,22,137.0,0.583,1.06,us,11.46,6.505,0.137,16
-47.2853,97.2931,10.0,4.6,11,157.0,20.853,0.44,us,11.66,1.954,0.182,9
9.3808,93.9854,10.0,4.7,55,50.0,5.064,0.9,us,10.31,1.869,0.086,41
-14.4657,-73.0216,99.819,4.1,16,128.0,4.462,1.24,us,8.34,17.507,0.157,11
52.4388,160.9549,10.0,4.5,45,120.0,2.088,0.57,us,9.15,1.893,0.091,35
9.0956,93.9539,10.0,4.5,51,120.0,4.855,0.81,us,10.79,1.885,0.089,37
-8.9565,124.1623,108.412,4.6,20,125.0,0.8,1.05,us,6.33,7.94,0.145,14
51.1532,160.7605,10.0,4.3,20,138.0,2.281,0.64,us,13.03,1.921,0.142,14
-52.808,19.8841,10.0,4.3,11,162.0,20.427,0.51,us,15.61,1.988,0.177,9
-55.9869,-123.8004,10.0,4.5,19,88.0,32.823,1.13,us,17.84,1.869,0.145,14
52.1695,160.1852,35.0,4.4,49,186.0,1.268,1.1,us,11.9,1.962,0.082,43
16.3948,40.97,10.0,4.4,35,104.0,3.765,0.38,us,10.22,1.937,0.105,26
49.8389,155.8718,74.632,4.4,94,127.0,3.467,0.52,us,9.68,7.625,0.055,95
-21.3156,-67.2314,177.186,4.4,102,45.0,1.85,1.13,us,6.67,6.661,0.059,90
-38.6796,-74.9114,10.0,4.5,29,148.0,1.663,0.73,us,9.64,1.921,0.139,15
48.8544,156.0836,10.0,4.9,69,134.0,4.38,0.87,us,11.62,1.893,0.046,150
27.4499,52.605,10.0,4.4,50,80.0,4.083,0.51,us,10.03,1.874,0.081,44
50.1047,159.4145,10.0,4.6,106,116.0,2.961,0.54,us,9.59,1.876,0.049,121
43.8555,147.7179,31.247,4.4,30,189.0,3.708,0.7,us,11.65,9.045,0.127,18
18.1012,145.8735,113.161,4.5,41,129.0,2.846,0.8,us,13.06,8.106,0.073,55
23.3943,82.5615,10.0,4.2,28,159.0,9.911,1.15,us,12.41,1.936,0.115,21
51.8363,160.0254,27.55,4.9,212,88.0,1.91,1.1,us,7.09,4.697,0.04,197
16.8422,145.6771,187.601,4.2,29,113.0,1.596,0.81,us,14.87,9.021,0.115,21
60.5383,-139.9131,5.867,4.3,48,50.0,0.475,0.93,us,1.82,1.254,0.169,10
19.0152,-102.1122,107.464,4.8,42,172.0,1.045,0.48,us,8.91,6.408,0.04,196
50.5088,157.8643,35.0,4.4,36,131.0,2.565,0.76,us,10.16,1.941,0.085,40
50.9224,160.5181,10.0,4.5,35,167.0,2.4,1.11,us,7.64,1.952,0.099,30
51.4463,159.9316,10.0,4.3,23,128.0,1.765,0.87,us,9.11,1.94,0.134,16
0.7107,99.4771,131.094,4.3,53,107.0,1.991,0.7,us,5.85,7.13,0.092,37
53.4928,160.6054,53.329,4.3,19,191.0,1.265,0.87,us,14.77,11.872,0.114,22
-17.5047,-178.7743,544.388,4.5,50,55.0,2.048,0.8,us,13.31,5.185,0.091,39
51.0594,160.7981,10.0,4.3,45,135.0,2.372,0.53,us,6.72,1.913,0.092,33
34.3744,16.3847,10.0,4.5,39,113.0,3.5,0.8,us,8.7,1.909,0.11,24
-10.5681,119.2705,16.04,5.1,124,74.0,1.35,0.69,us,4.24,3.132,0.055,112
49.2126,156.3492,39.072,4.9,55,135.0,3.992,0.67,us,11.69,3.957,0.033,288
-59.3645,-25.6066,35.0,4.7,22,174.0,7.841,0.93,us,14.73,1.981,0.126,20
36.3665,71.0806,115.516,4.1,38,166.0,2.242,1.1,us,8.39,11.704,0.145,13
27.9119,-111.9133,10.0,4.0,31,111.0,0.658,0.52,us,4.47,1.968,0.119,20
21.0608,121.0254,12.698,4.4,35,120.0,1.749,1.23,us,9.27,6.001,0.12,20
33.4025,142.3802,10.0,4.5,29,150.0,2.169,0.55,us,6.93,1.759,0.145,14
51.8474,160.5503,10.0,4.5,13,218.0,1.655,0.56,us,7.78,1.982,0.313,4
9.149,93.9022,10.0,4.3,25,120.0,4.929,0.81,us,10.31,1.913,0.168,10
52.7024,160.2014,25.076,4.8,132,119.0,0.994,0.49,us,9.87,5.367,0.036,239
-18.0509,-178.4464,629.783,4.8,126,41.0,2.608,0.87,us,11.04,6.221,0.029,373
-17.3161,-178.9275,561.876,4.3,27,192.0,1.831,0.81,us,21.06,11.268,0.125,18
53.2543,160.8739,31.802,4.2,27,136.0,1.36,1.19,us,12.3,6.292,0.107,24
53.0445,161.7109,10.0,5.0,142,102.0,1.849,0.83,us,8.19,1.827,0.026,464
50.9466,158.3248,42.979,4.4,38,129.0,2.09,1.02,us,11.02,8.132,0.107,25
-33.8323,-72.2216,28.09,4.0,19,189.0,0.535,0.49,us,7.06,9.326,0.231,5
52.8032,160.7971,10.0,4.8,84,110.0,1.319,0.51,us,8.86,1.88,0.064,77
-57.0537,-68.6834,10.0,4.4,14,154.0,2.207,0.58,us,10.49,1.873,0.19,8
52.5879,161.1466,26.043,4.3,14,148.0,1.577,1.25,us,11.9,3.386,0.265,5
-55.2268,-27.8574,10.0,4.4,11,123.0,5.087,0.66,us,8.55,1.942,0.17,10
51.8244,159.2093,42.795,4.0,21,137.0,1.249,0.31,us,13.15,7.971,0.125,17
52.4419,160.6186,26.448,4.5,97,132.0,1.331,0.65,us,9.16,5.702,0.054,102
51.9416,161.6932,10.0,4.1,35,126.0,2.153,0.58,us,11.23,1.917,0.102,28
-5.339,133.9041,10.0,5.1,71,38.0,2.635,0.65,us,8.3,1.778,0.065,77
-20.4466,-177.8582,549.724,4.4,44,99.0,4.708,0.57,us,12.02,5.757,0.09,35
18.7102,146.2767,207.205,4.0,32,128.0,3.482,1.37,us,13.89,8.348,0.106,24
52.2334,160.1285,38.225,4.3,25,123.0,1.199,0.68,us,9.79,7.469,0.125,19
27.3722,52.6542,10.0,4.5,36,82.0,4.002,0.75,us,9.4,1.902,0.095,32
54.9365,142.3856,10.0,4.2,32,96.0,6.502,0.79,us,7.91,1.869,0.113,22
-10.8595,165.5733,35.0,4.7,40,113.0,5.716,0.54,us,14.03,1.929,0.087,45
37.4258,21.5552,38.404,4.1,14,136.0,0.385,0.74,us,8.49,12.19,0.151,12
50.278,159.5416,10.0,4.5,43,137.0,2.805,0.64,us,9.65,1.81,0.089,37
0.8093,-27.9489,10.0,4.7,143,90.0,16.093,0.63,us,11.14,1.901,0.047,145
-20.5072,169.7026,97.56,4.3,15,205.0,2.966,0.45,us,10.94,10.27,0.161,11
17.2807,146.0672,123.471,4.4,104,76.0,2.046,0.71,us,11.05,7.86,0.055,96
-17.076,-174.1664,120.593,4.6,32,63.0,3.899,0.74,us,10.38,7.818,0.114,23
37.8913,144.1022,10.0,4.3,29,156.0,3.731,0.48,us,10.23,1.935,0.142,14
31.2824,111.3398,10.0,4.5,29,146.0,7.896,0.53,us,11.41,1.829,0.088,38
12.6049,-89.8876,10.0,4.5,96,179.0,1.294,0.6,us,6.06,1.959,0.053,103
-20.9615,-178.7236,583.264,4.5,67,123.0,4.416,0.7,us,12.66,6.538,0.045,148
52.886,161.3167,10.0,4.4,13,109.0,1.619,1.06,us,11.52,1.928,0.219,6
-5.8617,-81.0816,32.602,4.2,27,175.0,2.511,0.6,us,12.06,9.088,0.124,18
-32.8357,-178.1414,10.0,4.4,13,176.0,3.567,1.11,us,14.67,1.951,0.161,11
-18.1414,-175.1362,182.375,4.5,41,47.0,5.026,0.41,us,11.64,7.824,0.074,60
-23.1952,-179.7067,582.437,4.0,17,129.0,5.815,0.74,us,18.23,14.213,0.164,10
51.36,159.716,10.0,4.9,103,111.0,2.146,0.81,us,8.43,1.848,0.058,94
51.6685,160.0534,10.0,4.5,18,161.0,1.607,0.78,us,10.1,1.96,0.144,14
-20.1254,-172.8213,10.0,4.2,14,147.0,2.921,0.77,us,5.64,1.941,0.199,7
51.1378,159.3287,27.863,4.0,9,222.0,1.934,0.53,us,9.34,10.103,0.258,5
-0.5822,128.0835,10.0,4.8,46,61.0,1.524,1.15,us,5.43,1.882,0.1,31
-14.9634,166.5495,10.0,4.5,30,60.0,0.793,1.08,us,7.49,1.905,0.115,22
-33.1068,-179.1803,43.184,4.5,17,219.0,4.897,0.59,us,5.72,11.405,0.136,16
2.5667,-31.1345,10.0,4.8,52,156.0,20.209,0.71,us,13.76,1.928,0.08,48
53.0668,161.2952,10.0,4.2,22,116.0,1.598,0.99,us,11.23,1.916,0.121,19
-10.1094,116.1328,52.225,4.9,49,156.0,2.062,0.63,us,9.19,6.732,0.091,43
15.0498,108.1553,10.0,4.5,37,63.0,3.994,0.73,us,8.42,1.916,0.111,24
-47.8744,116.028,10.0,4.4,24,128.0,14.958,0.65,us,14.57,1.801,0.123,22
52.8322,159.712,61.257,4.1,27,188.0,0.671,1.37,us,11.98,7.454,0.103,26
-32.2113,-13.2885,10.0,5.0,46,68.0,4.911,0.88,us,11.05,1.878,0.08,50
52.2253,160.7007,10.0,4.5,46,152.0,1.484,0.87,us,9.24,1.929,0.096,32
-20.9232,-179.0811,637.794,4.4,43,98.0,4.162,0.66,us,14.55,7.475,0.099,29
41.7831,82.422,10.0,4.5,36,87.0,2.477,1.21,us,8.74,1.699,0.115,22
27.2093,126.5004,158.972,4.6,56,58.0,1.624,0.68,us,8.0,7.397,0.042,173
-4.9586,106.671,377.131,4.4,81,42.0,1.206,0.75,us,8.62,5.712,0.071,57
51.0576,159.9783,10.0,5.0,54,126.0,2.133,1.15,us,9.81,1.912,0.063,96
12.9214,145.6851,10.0,4.4,27,110.0,1.036,0.82,us,8.9,1.904,0.134,16
52.8182,160.7089,35.0,4.2,31,119.0,1.263,0.87,us,6.24,1.924,0.101,27
1.0126,125.5724,83.335,4.3,33,75.0,0.848,0.59,us,5.72,7.243,0.133,16
51.7133,159.8842,10.0,4.6,105,127.0,1.515,0.8,us,7.92,1.892,0.051,115
51.1565,178.5551,18.812,4.7,145,140.0,0.519,0.64,us,4.86,4.585,0.05,124
51.3871,160.6396,10.0,4.6,76,125.0,2.046,0.9,us,8.0,1.892,0.044,153
42.1459,142.7626,69.713,4.1,18,99.0,0.321,0.55,us,9.1,11.802,0.166,10
-7.5953,127.6016,163.157,4.3,40,55.0,3.816,0.94,us,8.29,8.045,0.09,35
-16.2776,-73.1591,56.23,4.3,23,145.0,3.402,1.13,us,12.42,9.796,0.106,25
53.5623,160.0211,70.255,4.1,56,163.0,0.984,0.64,us,10.02,7.189,0.072,53
39.6264,141.9049,65.91,4.2,46,135.0,1.328,0.72,us,6.33,8.008,0.098,29
39.2158,28.1138,10.0,4.1,28,57.0,0.951,0.87,us,4.06,1.921,0.213,6
10.7351,-85.9493,46.643,4.2,43,186.0,0.626,0.94,us,8.37,13.026,0.098,29
52.2797,160.7404,38.454,4.8,85,123.0,1.475,1.23,us,8.79,5.559,0.036,238
9.6343,126.5531,12.436,4.5,13,89.0,2.724,0.29,us,10.62,4.259,0.18,11
-56.2489,-24.5863,10.0,4.2,13,130.0,7.08,0.87,us,13.51,1.965,0.147,13
-32.8133,-178.9014,35.0,4.8,38,111.0,5.26,0.76,us,12.58,1.922,0.089,44
-15.888,-75.4768,10.0,4.7,43,139.0,4.098,1.03,us,10.2,1.899,0.075,54
49.9492,156.5751,70.919,4.8,135,132.0,3.24,0.76,us,9.41,6.881,0.05,121
49.2197,156.2966,44.356,4.2,28,183.0,3.992,0.95,us,10.56,9.824,0.136,15
34.9571,97.3443,10.0,4.3,41,138.0,5.279,0.66,us,11.96,1.898,0.085,39
-6.569,129.0086,263.635,4.1,15,98.0,4.855,0.55,us,10.05,13.088,0.214,6
8.9885,126.2206,69.615,4.8,62,107.0,2.01,0.76,us,11.11,7.166,0.045,152
-7.3843,154.8795,88.502,4.9,41,60.0,4.167,0.7,us,9.51,7.478,0.057,97
16.3593,120.3454,89.939,4.2,20,191.0,6.462,0.45,us,23.3,13.033,0.176,9
41.0014,143.0109,47.677,4.3,27,189.0,1.019,0.55,us,8.58,10.04,0.125,18
31.4462,140.1365,10.0,4.6,72,132.0,1.686,0.36,us,9.02,1.904,0.071,59
52.3686,160.7066,10.0,4.4,14,166.0,1.413,0.86,us,14.04,1.962,0.22,7
52.3884,160.6799,10.0,4.2,37,121.0,1.389,0.72,us,9.67,1.908,0.101,27
52.9217,161.1007,10.0,4.3,21,172.0,1.486,0.73,us,11.35,1.947,0.128,17
14.7315,-94.1948,10.0,4.5,148,155.0,2.115,0.64,us,7.88,1.91,0.047,132
15.0227,146.2038,89.041,4.1,16,172.0,0.45,0.58,us,11.3,7.037,0.158,11
65.9909,-37.6514,10.0,4.1,52,136.0,5.289,0.89,us,9.72,1.974,0.079,44
49.897,157.3324,35.0,4.4,44,129.0,3.224,0.64,us,8.89,1.913,0.1,29
51.6854,160.0497,34.907,4.6,52,137.0,2.026,0.65,us,10.32,5.481,0.081,45
34.9162,32.494,10.0,4.0,27,108.0,0.689,1.0,us,6.06,1.959,0.119,19
54.9499,161.8599,55.204,4.3,27,133.0,2.705,0.64,us,12.86,7.952,0.116,21
34.5525,70.6837,10.0,5.2,165,20.0,1.279,0.97,us,3.97,2.766,0.035,264
-24.3135,-67.3394,177.294,4.2,31,60.0,1.559,1.03,us,4.46,7.968,0.121,20
-6.2884,130.3473,113.112,4.6,25,82.0,1.809,0.64,us,9.53,8.03,0.122,20
-17.6708,-178.9722,546.798,4.4,122,127.0,1.98,0.63,us,13.34,4.568,0.043,158
27.3684,96.9813,10.0,4.1,12,164.0,5.65,0.26,us,14.85,1.955,0.198,7
-33.8138,-178.3053,10.0,4.2,18,248.0,4.646,1.02,us,13.44,1.996,0.159,11
-23.9969,-66.7009,196.538,4.4,33,63.0,1.71,0.84,us,8.66,8.223,0.107,25
4.5768,-73.2685,10.0,4.5,12,112.0,1.082,1.0,us,8.19,1.344,0.204,7
39.262,27.9697,10.0,4.6,41,67.0,0.849,0.35,us,5.16,1.504,0.122,20
38.2689,134.2584,408.78,4.0,98,36.0,3.581,0.72,us,9.33,7.719,0.059,86
50.3122,154.8971,152.68,4.3,28,174.0,3.298,0.77,us,13.31,11.079,0.122,19
50.4259,159.1208,10.0,4.3,43,133.0,2.618,0.8,us,8.19,1.703,0.097,30
37.992,22.1357,10.0,4.3,16,99.0,0.829,0.91,us,4.05,1.956,0.217,6
37.0613,71.863,164.169,4.4,27,166.0,1.343,0.81,us,6.12,8.02,0.19,8
-5.3724,68.6478,10.0,4.6,31,154.0,4.29,0.5,us,7.75,1.799,0.129,18
-59.3685,-25.501,35.0,5.2,108,69.0,18.611,0.42,us,9.33,1.798,0.056,105
-31.8526,-68.261,107.368,4.4,35,66.0,0.464,0.72,us,7.25,6.407,0.162,11
29.3483,130.5906,42.233,4.5,43,108.0,2.157,0.64,us,6.79,8.102,0.097,31
-6.7302,116.1086,558.862,4.2,48,51.0,2.598,0.65,us,12.64,4.381,0.118,20
50.9678,157.1172,87.219,4.2,40,134.0,2.174,0.57,us,13.78,8.776,0.088,36
51.5978,159.6614,35.0,4.3,19,154.0,1.557,0.62,us,8.84,1.918,0.133,16
-39.0242,175.7827,125.573,4.9,36,63.0,0.041,1.15,us,4.66,6.023,0.129,21
52.8686,161.0934,10.0,4.7,72,165.0,1.487,0.92,us,11.34,1.931,0.037,220
49.8397,155.7456,80.711,4.5,63,134.0,3.493,0.42,us,10.79,7.544,0.05,120
53.292,159.8184,68.213,4.4,75,116.0,0.753,0.58,us,9.59,6.918,0.06,80
2.9943,127.6714,97.541,4.5,49,67.0,2.229,0.95,us,7.95,6.871,0.09,36
50.8384,158.7659,10.0,4.5,63,127.0,2.367,0.82,us,8.79,1.902,0.068,68
51.6393,159.7321,10.0,4.2,16,163.0,1.537,0.91,us,9.53,1.977,0.175,9
39.6007,143.2615,31.63,4.5,38,141.0,2.059,0.39,us,5.68,6.532,0.11,24
43.3943,147.7436,45.258,4.2,27,192.0,3.65,0.7,us,11.88,10.461,0.121,19
51.6417,159.5294,35.0,4.8,36,123.0,1.485,1.23,us,8.35,1.915,0.092,36
14.1402,-89.8738,10.0,4.3,58,125.0,0.254,1.0,us,8.86,1.975,0.083,41
-24.5474,179.7944,549.705,4.5,62,71.0,8.039,0.63,us,10.55,6.748,0.073,59
40.9883,142.7584,49.285,4.5,53,95.0,1.068,0.5,us,5.36,6.09,0.09,36
52.877,160.775,20.19,4.2,23,171.0,1.294,1.25,us,12.54,6.997,0.137,17
23.9741,90.5388,10.0,4.1,19,188.0,4.894,0.87,us,8.64,1.956,0.173,9
-5.4566,153.7616,35.0,4.5,26,122.0,2.029,0.46,us,10.22,1.919,0.113,23
-45.038,166.1316,13.184,4.6,30,89.0,0.838,0.86,us,4.31,5.13,0.141,15
-11.5648,166.2719,86.02,4.5,31,145.0,3.964,0.63,us,11.01,5.981,0.118,21
-18.0293,-178.3832,606.532,4.3,57,81.0,2.644,0.72,us,12.54,8.65,0.056,89
15.2591,147.6616,10.0,4.5,19,100.0,1.805,0.92,us,11.63,1.916,0.15,13
51.9017,-172.7372,65.37,3.8,30,190.0,0.919,0.57,us,7.1,13.718,0.123,17
51.7131,160.0574,40.182,4.2,26,137.0,1.571,0.68,us,10.04,7.671,0.132,16
-1.9247,139.1336,35.0,4.1,17,125.0,1.159,0.99,us,4.75,1.785,0.157,11
52.3794,160.0307,51.821,4.7,47,134.0,1.059,0.69,us,8.51,6.842,0.085,42
-20.3805,-177.4393,501.504,4.4,35,131.0,4.923,0.78,us,15.15,10.717,0.101,28
-3.677,-102.9953,10.0,4.9,70,146.0,13.044,0.83,us,12.83,1.911,0.027,416
39.2195,28.0363,10.0,4.7,44,129.0,4.365,0.7,us,10.27,1.925,0.099,31
-15.5223,-174.5898,176.346,4.6,58,76.0,3.155,0.71,us,11.3,7.262,0.075,53
-45.9818,95.6026,10.0,4.4,21,110.0,33.553,0.61,us,8.09,1.909,0.124,19
40.1,36.0262,10.0,4.4,47,35.0,0.412,0.61,us,2.75,1.868,0.117,21
0.5855,121.6312,107.187,4.5,68,46.0,0.997,0.83,us,3.27,6.352,0.075,52
-8.9158,159.4658,126.627,4.0,15,120.0,0.704,0.54,us,14.18,5.639,0.149,12
1.1183,97.0085,10.0,4.2,23,182.0,2.472,0.85,us,11.99,1.946,0.152,13
-25.4959,179.7323,496.474,4.2,24,161.0,7.869,0.6,us,15.11,10.789,0.118,20
-6.4066,146.528,104.314,4.2,32,77.0,3.044,0.71,us,10.1,8.342,0.136,22
54.4877,-160.3001,36.392,3.7,34,158.0,0.537,0.74,us,5.4,7.634,0.191,7
51.5504,159.5788,27.718,5.3,109,113.0,1.94,0.83,us,7.87,3.528,0.031,348
-55.3555,-27.9244,10.0,4.4,19,98.0,5.067,0.62,us,13.34,1.937,0.127,18
-8.0859,119.191,9.922,4.1,17,59.0,1.582,1.05,us,4.44,5.196,0.184,8
-55.7247,-26.3445,10.0,5.0,41,91.0,6.013,0.56,us,11.65,1.79,0.089,41
-1.7352,136.3565,17.655,4.6,71,71.0,1.772,0.68,us,5.85,4.618,0.067,68
-37.6446,51.7724,10.0,4.6,35,66.0,16.772,0.92,us,12.78,1.854,0.103,28
22.7101,95.897,10.0,4.6,92,78.0,3.891,0.72,us,9.52,1.895,0.063,79
51.7473,159.3619,34.855,4.4,73,125.0,1.35,0.68,us,8.92,4.752,0.059,84
14.6594,-94.3057,10.0,4.1,21,203.0,2.06,0.75,us,5.47,1.966,0.175,9
-17.5528,-174.3787,86.762,4.7,51,61.0,4.402,1.22,us,10.46,6.885,0.061,83
-33.6586,-178.7207,10.0,4.4,29,231.0,4.586,0.67,us,13.44,1.864,0.117,21
51.1722,160.888,10.0,4.5,41,131.0,2.311,0.39,us,9.36,1.904,0.064,71
32.3762,137.2337,421.052,4.0,50,110.0,2.295,0.6,us,6.07,8.433,0.049,110
54.6408,165.7863,10.0,4.2,45,151.0,4.527,0.55,us,8.94,1.936,0.091,36
52.1002,-172.439,72.624,4.4,67,171.0,1.021,1.1,us,5.05,7.463,0.037,208
36.2597,69.7281,158.58,4.1,26,149.0,1.807,1.09,us,6.58,14.377,0.233,5
22.7731,143.4107,91.2,4.1,17,163.0,4.445,1.1,us,15.73,7.465,0.166,10
53.472,161.7921,28.181,4.3,60,152.0,1.941,0.9,us,8.65,4.646,0.071,56
51.6184,159.9232,10.0,4.3,20,135.0,1.61,0.87,us,9.7,1.919,0.202,8
0.5086,121.2234,92.951,4.3,25,122.0,0.744,0.95,us,6.16,7.185,0.168,11
51.5015,177.5613,51.715,3.9,23,205.0,0.775,0.82,us,7.32,9.466,0.148,12
5.8234,61.5165,10.0,4.7,54,67.0,23.397,1.07,us,9.92,1.817,0.074,55
7.0621,126.8812,66.09,4.5,35,112.0,1.292,1.13,us,8.9,8.155,0.094,33
33.5257,81.8743,10.0,4.7,91,78.0,7.903,0.47,us,8.89,1.843,0.063,77
-2.9844,130.4213,10.0,4.4,29,50.0,1.612,0.38,us,5.81,1.883,0.12,20
29.1445,57.9672,10.0,4.4,74,62.0,4.468,0.48,us,9.43,1.862,0.065,67
-8.2791,158.4812,103.688,4.3,29,111.0,1.851,0.73,us,11.27,8.173,0.114,27
-47.2662,-11.1264,10.0,4.8,30,140.0,24.79,0.47,us,15.77,1.934,0.103,29
-9.1482,123.9283,96.853,4.3,21,117.0,0.69,0.75,us,9.13,7.58,0.137,15
51.0353,158.6013,35.0,4.6,101,129.0,1.991,0.78,us,8.29,1.911,0.053,105
-14.8495,-70.6926,199.908,4.3,19,138.0,2.853,0.87,us,12.75,8.959,0.13,17
-6.6339,147.6278,42.999,4.2,15,101.0,2.792,0.69,us,6.81,10.122,0.198,7
47.0041,153.0548,46.818,4.6,45,135.0,7.043,1.23,us,11.41,5.91,0.051,113
32.151,132.099,35.0,4.4,25,140.0,1.54,0.53,us,4.07,1.917,0.123,19
30.4466,69.518,37.479,4.4,111,66.0,8.196,0.49,us,10.15,6.977,0.056,99
52.886,-164.2333,10.0,3.9,24,180.0,1.583,1.03,us,6.2,1.942,0.125,17
12.8318,143.1697,153.802,4.8,107,79.0,3.489,0.53,us,10.01,7.233,0.049,127
51.436,159.9191,26.47,4.4,26,126.0,1.771,0.9,us,7.87,4.626,0.123,19
-16.8234,-173.6765,41.284,4.5,26,122.0,3.426,0.68,us,12.14,5.052,0.131,17
52.474,160.6684,26.903,4.3,15,121.0,1.344,0.51,us,9.65,6.399,0.177,9
27.4432,102.9337,10.0,4.2,41,94.0,6.408,0.36,us,10.6,1.91,0.096,32
52.1981,160.5016,25.366,5.1,162,127.0,1.399,0.61,us,10.53,5.375,0.047,150
31.8975,131.843,42.271,4.5,51,126.0,1.247,0.82,us,7.0,7.79,0.083,43
-10.6787,110.1796,10.0,4.2,27,102.0,3.615,0.72,us,8.41,1.907,0.132,18
52.0033,160.6563,10.0,4.1,23,125.0,1.596,1.16,us,5.49,1.88,0.119,19
34.5599,70.526,10.0,4.1,20,231.0,1.149,1.22,us,8.49,1.98,0.166,10
53.0129,161.0528,10.0,4.4,18,184.0,1.452,0.83,us,11.83,1.977,0.138,15
29.3459,129.6897,10.0,4.1,22,114.0,2.255,0.78,us,7.07,1.853,0.14,14
4.3802,-73.1981,10.0,4.7,65,63.0,1.211,1.15,us,8.19,0.579,0.072,59
49.8259,155.8697,78.996,4.3,40,137.0,3.48,0.42,us,13.67,8.493,0.104,26
51.3518,159.7018,13.297,4.6,64,134.0,1.795,0.85,us,10.46,5.474,0.077,50
8.8826,126.3296,85.642,4.3,25,120.0,1.949,0.57,us,15.72,6.969,0.129,17
39.9039,143.0208,42.192,4.6,109,122.0,1.737,0.53,us,7.49,6.373,0.058,88
9.236,93.841,10.0,4.7,61,70.0,5.034,0.66,us,9.0,1.884,0.069,63
-60.0375,-26.5563,10.0,4.5,28,112.0,7.894,0.62,us,15.34,1.522,0.118,21
-5.0217,149.9816,10.0,4.3,13,151.0,2.158,0.65,us,9.65,1.917,0.169,10
-6.0409,154.6935,156.736,4.2,22,126.0,3.119,0.54,us,7.52,7.912,0.128,17
50.3965,158.8016,10.0,4.4,45,133.0,2.632,0.58,us,6.41,1.879,0.095,32
36.183,69.4733,140.188,4.0,28,106.0,1.687,1.05,us,8.13,11.665,0.15,12
-20.3451,-177.7382,540.196,4.5,42,150.0,4.725,0.76,us,15.64,10.885,0.088,38
51.5824,-173.8195,40.436,4.2,79,141.0,0.663,0.83,us,5.59,7.389,0.056,87
-7.9744,130.3851,10.0,4.6,32,115.0,3.462,0.87,us,8.48,1.806,0.105,27
-20.8634,-178.7406,598.757,4.3,36,100.0,4.335,0.44,us,15.59,9.411,0.094,32
51.3075,159.2253,52.424,4.5,14,241.0,1.755,1.01,us,12.94,10.18,0.192,8
-18.1195,168.153,130.623,4.0,15,186.0,4.322,0.67,us,10.31,11.162,0.173,9
29.241,105.395,10.0,4.3,35,147.0,3.711,0.78,us,11.3,1.929,0.111,23
39.3799,143.5504,10.0,4.5,34,143.0,2.37,0.77,us,8.0,1.905,0.115,22
-9.6038,120.647,91.563,4.2,24,79.0,0.35,0.58,us,7.21,3.018,0.147,13
-61.0667,-38.1619,10.0,4.2,18,110.0,6.861,0.43,us,11.77,1.936,0.132,16
52.4104,160.2854,35.0,4.4,43,122.0,1.169,1.17,us,8.89,1.938,0.09,35
51.6501,159.9621,37.046,4.4,37,138.0,1.594,1.07,us,11.09,7.9,0.1,29
48.7852,156.0314,25.059,4.1,21,135.0,4.455,1.13,us,11.92,6.087,0.151,12
14.3963,-94.0127,10.0,4.4,42,152.0,1.864,0.79,us,7.72,1.922,0.062,77
5.6861,-77.8684,10.0,4.2,17,124.0,2.38,1.3,us,6.56,1.789,0.136,15
39.8072,143.6256,10.0,5.0,60,120.0,2.191,0.73,us,7.54,1.871,0.045,156
51.8851,161.2541,10.0,4.3,46,126.0,1.959,0.2,us,9.19,1.899,0.091,34
52.431,160.8827,10.0,5.1,58,144.0,1.482,0.88,us,7.29,1.912,0.033,298
12.2665,125.4801,43.118,4.4,42,107.0,5.165,0.78,us,10.56,6.751,0.098,30
2.3659,126.7741,65.091,4.4,39,107.0,2.139,1.1,us,9.67,7.007,0.095,32
-10.002,160.201,35.0,4.3,14,169.0,0.613,0.63,us,6.32,1.964,0.148,14
52.3404,160.6815,10.0,4.3,30,149.0,1.413,0.71,us,9.39,1.949,0.122,19
-11.0486,-106.3259,10.0,5.0,76,86.0,16.242,0.5,us,9.33,1.84,0.036,244
-55.6902,-26.2571,10.0,4.5,22,116.0,6.056,0.62,us,11.21,1.815,0.14,17
-5.0765,102.1558,35.0,4.5,25,202.0,1.068,0.5,us,9.94,1.972,0.135,16
-19.4649,-66.7624,253.807,4.3,20,90.0,2.302,0.78,us,7.88,7.086,0.168,10
52.6895,160.303,56.773,4.7,92,120.0,1.057,0.91,us,9.99,7.396,0.06,83
51.4654,159.6286,28.466,5.1,158,116.0,1.672,0.65,us,7.59,4.79,0.037,240
-60.3121,-62.366,10.0,4.3,10,152.0,4.546,1.23,us,16.52,1.949,0.189,9
51.0515,159.4417,10.0,4.3,15,168.0,2.035,0.43,us,12.83,1.98,0.168,10
52.2517,160.6461,31.476,4.3,18,166.0,1.441,1.26,us,14.48,8.417,0.147,13
-17.9166,-178.544,578.78,4.3,31,87.0,2.454,1.17,us,16.54,10.195,0.119,20
-6.4762,106.6644,166.82,4.4,39,156.0,0.303,0.9,us,9.68,6.347,0.095,32
40.769,143.1019,39.877,4.1,29,142.0,1.245,1.0,us,6.48,6.801,0.134,15
51.2414,-177.0545,35.0,3.6,44,213.0,0.533,0.5,us,4.46,2.009,0.189,7
13.9134,144.6483,148.056,3.8,10,102.0,0.387,1.14,us,13.98,9.878,0.227,6
14.0639,-89.9381,10.0,4.8,62,60.0,0.222,0.39,us,4.3,1.818,0.045,155
-7.2788,126.5952,330.724,4.1,21,68.0,3.37,0.95,us,12.06,12.294,0.165,10
15.4482,-94.7268,32.337,4.2,65,124.0,1.369,0.79,us,5.68,6.912,0.064,67
11.6266,-86.3268,76.518,4.3,28,132.0,0.525,0.67,us,4.94,6.894,0.091,34
50.1049,156.8232,35.0,4.2,26,226.0,3.057,1.23,us,11.3,1.976,0.132,16
37.1381,69.1917,10.0,4.5,26,108.0,1.516,1.13,us,5.06,1.933,0.135,16
47.9545,22.9676,10.0,4.3,19,121.0,1.537,1.18,us,4.89,1.975,0.217,6
41.7464,142.7489,57.814,4.2,17,140.0,0.406,0.88,us,8.34,8.822,0.159,11
12.7869,-89.8868,10.0,4.3,40,224.0,1.113,1.22,us,7.11,1.926,0.087,38
39.5444,143.5849,31.799,4.7,92,134.0,2.297,0.54,us,7.84,5.577,0.068,66
52.4658,161.0192,10.0,4.4,84,122.0,1.545,0.98,us,8.58,1.887,0.063,73
27.0516,-44.3397,10.0,4.5,17,119.0,42.586,0.7,us,15.13,1.912,0.163,11
37.403,75.7878,10.0,4.5,38,160.0,2.767,0.77,us,9.4,1.912,0.115,22
52.1584,160.4659,10.0,4.5,33,120.0,1.406,1.32,us,5.42,1.904,0.102,28
-8.3468,119.7327,174.306,4.8,31,60.0,1.427,0.61,us,6.11,7.53,0.116,23
7.0967,126.9094,69.917,4.8,60,109.0,1.321,1.08,us,9.26,7.137,0.059,90
53.05,161.502,10.0,4.6,56,104.0,1.722,0.92,us,9.34,1.864,0.042,172
51.3163,159.8349,26.493,4.1,25,128.0,1.859,1.05,us,9.89,6.041,0.134,15
39.7192,142.2656,56.172,4.4,53,134.0,1.41,0.8,us,7.11,5.95,0.095,33
51.0514,159.2082,10.0,4.6,41,129.0,2.005,1.28,us,9.82,1.906,0.07,61
2.1406,-95.5696,10.0,4.1,13,207.0,5.272,1.12,us,13.43,1.991,0.198,7
1.3077,98.8548,105.636,4.1,17,134.0,1.279,0.7,us,6.96,3.365,0.213,8
35.8383,111.3104,10.0,4.6,51,98.0,5.672,0.71,us,9.67,1.908,0.069,63
51.4568,159.8744,10.0,4.3,20,198.0,1.74,0.58,us,11.13,1.984,0.147,13
50.167,156.291,74.396,4.0,39,130.0,3.073,0.91,us,10.6,8.175,0.104,25
35.5524,140.0125,97.369,4.3,32,106.0,1.764,0.69,us,5.73,8.516,0.125,18
51.6248,159.0013,10.0,4.2,28,166.0,1.417,0.58,us,11.25,1.965,0.128,17
-18.5747,-177.7867,607.527,4.3,28,120.0,3.422,0.74,us,14.65,9.821,0.116,21
-10.8967,116.7495,10.0,4.2,13,159.0,2.291,0.87,us,8.14,1.942,0.264,4
38.5812,24.1399,10.0,3.7,16,106.0,1.476,0.96,us,6.06,1.969,0.357,2
48.8687,155.8315,40.029,4.3,33,135.0,4.406,0.32,us,12.12,8.231,0.099,29
-20.5344,-178.9538,623.051,4.6,127,90.0,3.963,0.6,us,12.26,6.785,0.047,132
-33.8851,-179.2063,41.327,4.2,14,263.0,4.19,0.33,us,17.27,12.589,0.186,8
52.5869,160.6429,10.0,4.9,69,118.0,1.286,0.64,us,7.53,1.483,0.056,99
-53.5242,24.796,10.0,4.7,27,116.0,21.327,0.93,us,15.51,1.883,0.133,17
-17.98,-178.3576,605.504,4.5,70,49.0,2.636,0.83,us,13.37,6.838,0.061,89
9.1369,-83.7868,50.232,4.3,36,128.0,0.638,0.62,us,7.57,8.797,0.111,23
36.8602,72.8741,10.0,5.0,59,98.0,1.483,0.72,us,6.67,1.756,0.048,145
52.6215,160.791,10.0,4.7,69,120.0,1.36,1.11,us,9.43,1.887,0.066,69
51.1324,159.1921,29.392,4.4,64,125.0,1.923,0.64,us,9.12,5.696,0.081,44
32.9098,-39.8434,10.0,4.4,40,131.0,20.853,0.92,us,13.59,1.918,0.086,39
-7.3233,129.2753,123.984,4.2,16,109.0,5.283,0.88,us,10.29,11.001,0.186,8
52.8288,160.6844,37.768,4.4,19,149.0,1.247,1.14,us,11.3,10.301,0.169,10
7.18,126.9502,66.934,4.9,51,72.0,1.365,0.83,us,8.18,7.643,0.087,41
-24.2265,179.8845,524.107,4.4,32,195.0,6.672,0.67,us,19.08,17.069,0.091,35
45.0982,150.233,10.0,4.6,52,137.0,5.542,1.15,us,13.18,1.919,0.085,41
-58.0205,-25.2757,35.0,4.5,13,132.0,16.51,1.15,us,14.5,1.946,0.15,13
39.218,28.2551,10.0,4.9,66,37.0,1.06,1.14,us,5.48,1.876,0.093,36
10.8114,123.6127,10.0,4.8,10,166.0,10.039,0.62,us,11.86,1.956,0.226,7
42.295,144.5442,40.707,4.3,58,170.0,2.315,0.57,us,8.94,9.55,0.079,45
-33.7505,-179.3787,35.0,4.2,17,189.0,4.244,0.94,us,12.1,1.517,0.152,12
51.6744,159.7699,10.0,4.6,34,229.0,1.516,0.69,us,12.59,1.947,0.089,38
51.6776,158.2914,71.792,4.1,17,134.0,1.366,0.77,us,7.4,9.379,0.175,9
6.1548,95.0779,10.0,4.4,25,138.0,2.075,0.39,us,8.83,1.89,0.155,12
-52.837,20.1006,10.0,5.1,32,77.0,20.451,0.64,us,13.93,1.827,0.134,19
13.21,50.9393,10.0,4.1,18,144.0,8.081,0.35,us,15.88,1.942,0.165,10
51.6249,159.8114,27.973,4.5,38,126.0,1.572,0.72,us,9.82,5.855,0.096,32
51.3493,159.4764,10.0,4.6,22,255.0,1.752,0.72,us,9.76,1.997,0.136,16
-27.416,-177.087,74.662,4.4,22,141.0,1.967,1.12,us,12.57,6.86,0.11,24
-32.6793,-178.4099,10.0,4.5,13,171.0,3.432,0.6,us,12.4,1.788,0.171,10
52.8444,160.797,10.0,4.1,18,137.0,1.312,1.21,us,8.32,1.935,0.198,8
43.4857,147.8117,35.0,4.0,20,187.0,3.73,0.56,us,13.95,1.966,0.156,11
-6.3904,154.8914,87.791,5.1,150,57.0,3.486,0.63,us,8.31,6.756,0.038,219
51.3528,157.5778,69.897,4.5,30,126.0,1.76,1.15,us,12.0,8.292,0.113,23
48.246,154.4603,81.873,4.5,88,133.0,5.285,0.52,us,10.44,7.419,0.059,83
-51.3994,-75.3811,18.674,4.3,15,177.0,2.766,0.92,us,10.84,6.11,0.177,9
42.752,145.9512,35.0,5.2,79,122.0,2.197,0.66,us,8.33,1.866,0.026,486
36.3735,69.8365,147.658,4.1,38,154.0,1.941,1.23,us,6.93,9.241,0.127,17
41.2835,142.4972,48.346,4.3,24,207.0,0.882,0.96,us,8.06,10.636,0.133,16
-3.2878,-77.9048,99.569,4.0,28,143.0,1.578,0.85,us,9.66,9.703,0.113,21
-10.1947,161.1338,51.588,4.4,26,170.0,1.39,1.09,us,5.12,6.995,0.13,17
-9.1074,111.8512,64.643,4.9,61,58.0,2.361,0.72,us,6.38,5.462,0.065,73
36.739,54.7048,10.0,4.6,58,104.0,2.968,1.2,us,6.77,1.876,0.058,88
13.961,39.7515,10.0,4.8,136,46.0,3.867,0.63,us,7.96,1.851,0.05,124
40.6139,78.8172,10.0,4.9,92,50.0,1.351,0.79,us,6.5,1.128,0.051,122
49.9466,157.0641,10.0,4.2,61,134.0,3.191,0.68,us,11.65,1.906,0.078,46
45.3442,151.0134,64.766,4.5,107,134.0,5.957,0.54,us,10.84,6.796,0.057,92
-20.9434,-178.7453,594.66,4.2,36,122.0,4.389,0.41,us,16.33,8.047,0.136,15
52.8618,160.2283,29.095,4.0,21,150.0,0.969,0.44,us,11.84,5.776,0.126,17
52.0062,160.2984,24.575,4.1,25,154.0,1.433,0.77,us,9.52,6.85,0.127,17
14.3289,120.7398,221.545,4.4,74,67.0,8.449,0.91,us,8.53,5.689,0.064,70
-17.7332,-178.8178,544.347,4.1,41,93.0,2.136,0.76,us,15.11,9.732,0.1,27
-63.6835,172.6283,10.0,4.5,22,86.0,14.307,0.55,us,10.72,1.899,0.124,19
49.8278,157.4403,10.0,5.3,49,126.0,3.288,1.11,us,9.51,1.864,0.09,41
-38.7016,175.8897,109.434,4.3,17,77.0,0.322,0.35,us,4.39,4.729,0.237,5
-5.5347,152.4522,10.0,4.4,21,197.0,1.292,0.57,us,12.37,1.265,0.098,30
-7.3522,128.1259,162.077,4.6,34,93.0,4.501,0.83,us,10.2,1.428,0.099,30
7.4498,126.5118,143.421,4.8,60,54.0,0.999,0.54,us,9.19,6.56,0.045,154
52.3296,160.2624,35.0,4.4,42,122.0,1.743,0.69,us,8.93,1.914,0.101,28
52.5892,160.78,10.0,4.6,84,174.0,1.364,0.85,us,9.21,1.94,0.064,73
-59.4712,-61.572,10.0,4.6,31,120.0,5.448,0.92,us,9.81,1.92,0.107,26
6.7319,-72.9212,156.469,4.1,79,145.0,2.335,0.66,us,12.15,7.684,0.064,66
-7.3196,147.8867,58.863,5.1,105,29.0,2.193,0.58,us,8.9,5.169,0.058,96
50.1621,158.8847,10.0,5.1,77,96.0,2.869,0.9,us,8.87,1.816,0.028,408
-4.3385,102.3186,58.597,4.9,47,142.0,0.636,0.75,us,8.05,6.481,0.077,56
50.5041,157.9105,35.0,4.4,35,131.0,2.564,0.82,us,10.39,1.94,0.084,41
-10.2779,161.2594,88.908,4.5,24,132.0,1.538,0.53,us,12.63,8.602,0.116,22
-22.901,-68.5169,107.97,4.0,30,56.0,0.316,0.82,us,5.69,5.8,0.232,5
14.0005,120.6055,182.613,4.1,51,98.0,14.156,0.95,us,13.34,8.368,0.081,42
52.7758,160.6391,29.606,4.8,43,192.0,1.23,1.07,us,13.64,9.386,0.088,40
-4.0329,142.9994,79.643,4.6,47,76.0,2.744,0.65,us,6.88,7.707,0.086,41
-60.2434,-61.0851,10.0,5.0,80,64.0,4.75,0.59,us,9.09,1.775,0.073,61
-15.8876,166.5681,10.0,4.3,12,220.0,5.119,0.3,us,12.25,1.98,0.188,8
7.3731,127.2483,10.0,4.2,27,83.0,1.683,1.17,us,7.65,1.897,0.132,17
10.8836,-86.7301,10.0,4.4,39,191.0,1.343,0.54,us,7.37,1.913,0.075,52
-6.261,155.0497,132.382,4.6,60,67.0,3.534,0.7,us,9.1,3.903,0.053,105
49.5599,156.6463,36.293,4.2,13,229.0,3.614,0.84,us,14.24,9.41,0.236,6
-14.675,166.6608,10.0,5.2,110,39.0,0.929,1.11,us,5.29,2.584,0.036,249
-22.7414,-12.7919,10.0,4.7,27,68.0,14.801,0.41,us,13.2,1.892,0.113,24
-33.1772,-179.8303,96.279,4.6,23,244.0,4.632,0.39,us,15.78,12.282,0.116,22
52.7985,160.6553,10.0,4.5,73,112.0,1.235,0.85,us,10.08,1.887,0.056,93
-17.8095,168.1927,25.311,4.4,18,125.0,2.533,0.76,us,8.78,5.898,0.149,13
-20.4738,-178.2955,554.869,4.3,21,167.0,4.392,0.39,us,15.65,8.329,0.137,15
-6.2897,151.9767,10.0,4.7,67,68.0,1.971,0.72,us,8.11,1.874,0.074,55
4.937,127.879,10.0,4.3,23,166.0,2.4,0.5,us,10.37,1.952,0.148,13
-57.7079,-25.8527,85.363,4.5,16,131.0,6.88,0.84,us,15.41,9.09,0.14,15
51.0052,159.3263,35.0,4.4,28,130.0,2.064,0.51,us,10.27,1.937,0.117,21
23.403,94.2596,10.0,5.3,107,54.0,2.27,1.1,us,6.97,1.766,0.04,208
52.3776,160.505,10.0,4.4,23,134.0,1.301,0.85,us,12.65,1.918,0.124,19
22.7856,141.806,255.551,4.2,106,108.0,4.305,0.58,us,12.44,8.113,0.052,102
-15.7861,-174.2249,135.094,4.7,146,50.0,3.01,0.68,us,7.97,5.981,0.043,165
-2.5818,101.9963,136.268,4.3,37,131.0,2.01,1.12,us,8.23,6.246,0.111,23
-48.8025,123.843,10.0,4.7,41,103.0,16.615,0.55,us,11.97,1.901,0.093,38
-24.7674,179.9098,525.928,4.3,45,108.0,4.877,0.9,us,14.29,9.54,0.086,39
51.5052,161.2368,10.0,4.2,31,91.0,2.2,0.78,us,9.58,1.907,0.136,15
52.6806,160.6612,10.0,4.4,44,118.0,1.267,0.93,us,9.03,1.903,0.081,45
51.7025,159.1251,60.521,5.1,58,127.0,1.355,0.65,us,10.95,7.016,0.071,64
13.3226,121.0611,10.0,4.6,53,118.0,20.677,0.52,us,14.44,1.908,0.081,45
29.5759,51.466,10.0,4.6,49,69.0,6.248,0.89,us,8.99,1.871,0.061,81
-14.762,-75.4116,53.337,4.5,20,137.0,3.089,0.47,us,8.63,8.798,0.115,22
16.4974,146.0926,130.853,4.2,19,155.0,1.283,0.43,us,18.14,9.362,0.137,15
-4.7059,145.6568,10.405,4.5,31,52.0,3.147,1.08,us,6.89,4.28,0.106,26
29.0846,86.7036,10.0,4.5,26,164.0,3.909,0.71,us,9.68,1.889,0.124,19
51.9828,159.7939,59.76,4.3,56,134.0,1.255,0.8,us,11.09,7.324,0.078,47
4.9095,94.7943,59.204,4.4,35,96.0,2.168,0.55,us,7.93,8.226,0.114,22
51.9658,160.6815,10.0,4.1,17,164.0,1.632,0.46,us,5.48,1.974,0.139,15
-17.7301,167.9933,35.0,4.8,49,73.0,2.393,0.91,us,3.55,1.889,0.084,44
-14.2592,167.6566,10.029,4.2,23,153.0,1.26,1.35,us,13.28,6.157,0.146,14
-1.9845,139.1742,35.0,4.2,17,80.0,1.18,1.01,us,4.53,1.927,0.146,13
29.7497,141.2915,121.74,4.3,21,183.0,2.759,0.54,us,12.77,9.82,0.133,16
-3.4245,68.2539,10.0,4.5,34,100.0,5.758,0.5,us,8.04,1.821,0.121,20
-40.6224,173.7016,124.27,4.3,39,63.0,0.642,0.69,us,4.76,6.287,0.16,11
53.4806,-164.8047,35.0,3.4,39,165.0,1.075,0.6,us,7.68,2.002,0.147,11
50.1972,156.8465,57.122,4.1,39,147.0,2.963,0.48,us,10.81,3.477,0.102,28
52.5331,160.7241,20.89,5.2,94,129.0,1.352,1.02,us,9.57,5.468,0.034,286
52.1463,160.24,31.385,4.1,22,204.0,1.309,0.86,us,13.31,9.987,0.124,18
52.5768,158.8983,91.289,4.2,24,196.0,0.901,0.79,us,15.38,9.988,0.137,15
34.8374,32.4318,10.0,4.4,28,124.0,0.749,0.68,us,4.75,1.867,0.144,14
4.7746,125.0585,10.0,4.6,33,98.0,0.421,1.39,us,5.92,1.876,0.111,24
52.5535,160.9023,10.0,4.5,46,143.0,1.447,0.86,us,12.12,1.919,0.055,97
18.7004,145.7389,154.127,4.3,25,120.0,3.441,0.45,us,11.55,9.175,0.116,21
51.2969,159.6096,10.0,4.6,25,138.0,1.827,0.48,us,7.77,1.85,0.157,12
51.7865,160.554,10.0,4.4,35,192.0,2.192,0.62,us,11.43,1.956,0.107,25
51.5432,159.5876,30.162,4.9,49,120.0,1.95,1.37,us,9.47,5.613,0.071,61
27.9608,142.7311,10.0,4.4,31,156.0,0.989,0.61,us,7.2,1.52,0.131,17
50.2685,158.5438,10.0,4.7,39,133.0,2.76,0.81,us,6.78,1.708,0.072,67
32.139,49.9742,10.0,4.2,19,156.0,4.627,0.84,us,10.34,1.942,0.112,22
7.3146,126.873,50.518,4.5,34,70.0,1.307,0.6,us,6.59,8.138,0.113,25
-3.1196,150.4813,10.0,4.6,28,97.0,1.988,0.58,us,8.38,1.884,0.125,19
-16.5547,-69.9025,178.966,4.3,28,123.0,1.105,0.76,us,9.67,7.52,0.129,17
50.3121,159.2264,10.0,4.8,72,121.0,2.739,0.71,us,8.01,1.846,0.036,234
29.5939,129.6537,10.0,4.6,45,84.0,2.03,0.47,us,7.48,1.904,0.098,31
-17.2873,-177.093,383.261,4.6,112,74.0,3.48,0.72,us,10.56,6.773,0.056,95
13.9698,-92.848,10.0,4.2,114,194.0,1.382,0.69,us,6.41,1.962,0.055,93
-7.4074,129.21,104.245,4.2,14,94.0,5.388,0.82,us,8.66,10.438,0.159,11
52.2122,160.634,16.666,4.5,75,150.0,1.457,0.81,us,9.44,5.513,0.071,58
49.9381,157.3568,10.0,4.2,35,138.0,3.182,0.66,us,10.88,1.447,0.104,26
51.5793,161.3969,10.0,4.3,39,129.0,2.222,0.44,us,10.96,1.927,0.058,85
50.932,157.0759,73.182,4.9,125,125.0,2.213,0.72,us,9.98,6.62,0.03,345
51.1468,159.5447,22.326,4.5,30,122.0,1.959,0.99,us,9.78,5.956,0.113,23
53.7756,-163.949,10.0,4.0,56,156.0,0.792,0.9,us,3.7,1.898,0.1,27
51.0086,158.7706,37.597,5.0,35,122.0,2.019,0.7,us,9.13,7.855,0.105,29
-10.6594,162.4336,77.213,4.5,23,135.0,2.732,0.86,us,12.64,9.362,0.118,21
-54.7666,-130.2807,10.0,4.9,23,182.0,32.545,0.73,us,13.06,1.955,0.123,21
51.6796,160.5155,10.0,4.3,29,127.0,1.766,0.62,us,9.12,1.918,0.138,15
52.3274,161.0499,10.0,4.5,14,232.0,1.619,0.87,us,9.79,1.971,0.163,11
49.8017,157.3539,22.714,5.3,59,134.0,3.318,0.81,us,9.82,5.392,0.056,109
-56.3082,-25.5974,10.0,4.5,25,103.0,6.542,0.5,us,8.97,1.833,0.124,19
-17.4598,167.8046,35.0,4.8,30,158.0,2.083,0.46,us,4.93,1.93,0.107,27
51.9306,158.996,73.984,4.6,30,166.0,1.115,0.66,us,11.57,7.445,0.089,38
-14.5868,166.8485,45.676,4.4,21,138.0,0.921,0.67,us,11.35,8.393,0.139,15
41.7642,142.9023,61.935,4.0,29,134.0,0.315,0.78,us,7.57,5.845,0.184,9
-48.8483,123.8442,10.0,4.9,19,79.0,16.658,0.73,us,13.16,1.871,0.144,15
-57.1844,-67.8729,10.0,4.5,17,152.0,2.262,0.67,us,11.27,1.965,0.163,11
27.6675,53.0396,10.0,4.0,23,85.0,3.926,0.71,us,8.24,1.94,0.122,18
52.1873,160.5086,35.0,4.1,18,179.0,1.945,1.28,us,12.0,1.997,0.139,14
52.895,159.8513,65.03,5.0,188,77.0,0.738,0.69,us,8.97,5.078,0.024,539
52.1177,160.647,10.0,4.7,18,135.0,1.519,0.66,us,12.18,1.926,0.138,16
7.3014,126.7542,95.82,4.3,30,148.0,1.188,0.67,us,11.64,7.92,0.109,24
4.5776,125.015,10.0,4.5,20,86.0,0.487,0.65,us,6.3,1.916,0.163,13
25.545,122.1869,281.609,4.3,50,67.0,0.845,0.96,us,9.93,6.668,0.09,36
-15.5218,-175.7339,10.0,4.9,29,112.0,4.146,0.75,us,11.54,1.887,0.11,26
51.0631,158.8749,35.0,5.2,192,90.0,1.968,0.72,us,8.53,1.83,0.041,192
-28.5559,-176.8027,35.0,4.6,22,127.0,1.203,0.79,us,10.99,1.936,0.123,20
35.998,137.4035,10.0,4.3,31,133.0,0.395,0.68,us,3.03,1.914,0.143,14
40.9861,142.7521,42.016,4.2,22,114.0,1.072,1.03,us,6.66,8.654,0.16,11
51.1203,158.2101,46.91,4.9,40,122.0,1.925,0.89,us,9.98,7.196,0.055,104
-27.9812,-177.8106,10.0,4.4,18,92.0,10.876,0.74,us,8.36,1.899,0.139,15
28.1957,57.4037,10.0,4.4,96,104.0,3.411,1.05,us,10.28,1.888,0.06,79
-57.246,-67.7348,10.0,4.5,19,151.0,2.32,0.52,us,6.31,1.953,0.15,13
-37.99,78.3647,10.0,4.3,27,150.0,40.316,0.75,us,11.43,1.926,0.114,22
-34.9561,-179.5571,10.0,4.6,27,114.0,3.122,1.1,us,7.47,1.898,0.122,20
51.9767,160.7987,10.0,4.3,14,167.0,1.681,0.39,us,9.9,1.948,0.147,13
17.2831,-60.1479,21.47,4.1,40,141.0,1.297,0.73,us,6.39,6.668,0.151,12
-5.7303,-75.1936,117.465,4.2,33,113.0,3.171,0.78,us,9.68,10.736,0.118,20
36.8094,70.3992,204.867,4.4,32,177.0,2.09,0.59,us,10.08,8.309,0.155,12
13.2889,-90.9944,11.649,4.5,128,88.0,1.326,0.96,us,6.99,4.389,0.038,207
50.7164,159.6289,10.0,4.6,20,145.0,2.389,0.85,us,12.05,1.938,0.119,21
-7.0653,155.6407,51.82,5.0,77,81.0,4.486,0.49,us,8.69,7.231,0.053,113
52.2923,160.6074,10.0,5.2,54,144.0,1.399,1.15,us,10.92,1.906,0.047,151
-4.061,-12.0098,10.0,4.5,16,117.0,4.5,0.59,us,13.22,1.542,0.164,11
27.3931,52.5727,10.0,4.2,47,83.0,4.073,0.78,us,8.93,1.894,0.089,35
53.0393,161.2426,10.0,4.1,33,127.0,1.566,0.97,us,8.23,1.898,0.114,22
49.7989,156.4616,36.975,5.4,80,101.0,3.403,0.86,us,7.18,5.039,0.023,641
51.3387,159.8203,10.0,4.4,23,129.0,1.835,1.01,us,10.04,1.9,0.156,12
-19.313,-177.5673,574.565,4.3,38,125.0,4.056,0.63,us,15.46,10.474,0.1,29
-9.8142,118.9271,24.538,4.5,28,97.0,1.359,0.89,us,5.47,3.873,0.106,26
-4.0111,142.9279,68.88,4.8,55,76.0,2.673,1.09,us,8.17,7.783,0.071,62
14.9469,-94.235,10.0,4.2,45,183.0,2.004,0.97,us,7.16,1.768,0.095,31
-41.2041,81.0679,10.0,4.4,21,147.0,28.256,1.24,us,16.14,1.924,0.126,18
1.6163,126.5285,32.622,4.6,65,105.0,1.186,1.06,us,6.49,5.583,0.072,58
52.2138,160.3446,10.0,4.9,139,86.0,1.313,0.62,us,5.23,1.857,0.041,188
54.5675,160.2387,10.0,4.3,31,133.0,2.098,0.86,us,14.35,1.903,0.066,65
4.3699,-73.2403,10.0,4.5,59,62.0,1.176,0.7,us,7.65,1.898,0.087,39
-54.9088,-28.6839,10.0,4.3,8,120.0,4.582,0.44,us,14.54,1.903,0.218,6
-23.4771,178.859,561.941,4.3,24,162.0,5.753,0.83,us,7.69,9.8,0.143,14
22.4946,144.2377,40.329,4.3,23,115.0,4.946,1.05,us,12.07,5.551,0.133,19
49.472,155.8322,49.228,4.2,29,133.0,3.825,0.76,us,13.7,8.857,0.132,16
51.0322,158.4846,35.0,5.0,57,118.0,1.997,0.68,us,8.65,1.905,0.097,34
36.3495,75.9757,10.0,4.3,24,210.0,3.403,1.26,us,11.58,1.98,0.129,17
13.7314,-90.3793,78.589,4.6,67,122.0,0.607,0.96,us,8.63,7.475,0.072,58
52.9883,160.5348,10.0,4.8,59,118.0,1.14,0.67,us,9.47,1.87,0.08,48
51.8525,160.4306,10.0,4.9,34,137.0,1.601,0.63,us,10.96,1.922,0.125,20
11.9242,143.6677,10.0,4.4,36,142.0,2.028,0.91,us,10.98,1.92,0.104,27
49.4996,159.0815,10.0,4.3,29,132.0,3.539,0.38,us,3.63,1.9,0.148,16
51.9405,161.1381,10.0,4.5,53,126.0,1.868,0.73,us,9.56,1.881,0.049,122
6.4087,127.3969,10.0,4.1,20,125.0,1.921,0.83,us,5.38,1.915,0.158,12
53.3407,-164.0401,35.0,4.7,80,163.0,1.179,0.81,us,3.78,1.911,0.069,64
28.2537,-43.7754,10.0,5.1,100,55.0,17.98,0.74,us,10.5,1.861,0.03,355
-44.9441,167.4099,105.786,4.3,21,90.0,0.457,0.51,us,5.27,5.314,0.188,8
-56.3242,-25.8462,10.0,4.4,23,180.0,6.412,0.87,us,14.86,1.972,0.131,23
21.6891,143.5156,272.302,4.4,131,123.0,5.517,0.81,us,10.58,8.649,0.051,112
-6.1522,131.283,64.093,4.8,61,74.0,2.123,0.76,us,7.77,3.906,0.077,52
52.6651,160.8154,47.196,4.1,51,134.0,1.362,1.07,us,11.82,7.493,0.084,39
52.6811,160.9531,10.0,4.3,35,164.0,1.438,0.68,us,11.79,1.941,0.094,32
52.6468,160.5315,10.0,4.6,66,137.0,1.202,0.83,us,11.27,1.903,0.063,74
-1.6625,-81.0281,10.0,4.7,53,155.0,1.56,0.67,us,8.89,1.908,0.089,38
39.4081,143.4448,10.0,4.6,87,123.0,2.288,1.01,us,7.79,1.88,0.063,74
51.6694,159.5667,23.546,4.6,133,135.0,1.468,0.56,us,10.39,5.696,0.051,122
7.9049,126.5621,86.065,4.3,45,115.0,1.28,0.61,us,10.21,8.813,0.095,31
-37.7041,178.42,35.0,4.8,37,181.0,0.168,0.77,us,8.98,1.481,0.111,26
-55.2986,-27.0243,10.0,5.0,36,114.0,5.57,0.68,us,8.19,1.83,0.095,35
2.7115,-31.2577,10.0,4.3,24,84.0,9.667,0.87,us,4.51,1.892,0.119,20
34.705,70.7777,10.0,4.7,124,79.0,1.368,0.58,us,7.84,1.845,0.053,108
52.0561,160.3545,22.19,4.2,29,188.0,1.422,0.83,us,12.37,7.27,0.124,18
31.1827,49.7002,10.0,4.1,28,146.0,5.046,0.85,us,11.75,1.975,0.114,21
52.9886,161.1133,10.0,4.3,49,120.0,1.489,0.68,us,9.86,1.899,0.079,45
41.3365,142.8344,52.931,4.6,98,134.0,0.72,0.68,us,8.1,5.06,0.054,101
19.1898,121.2637,29.92,4.9,83,105.0,3.614,1.02,us,9.8,5.475,0.051,119
82.1015,-5.4329,10.0,4.5,21,81.0,1.675,1.13,us,7.14,1.882,0.192,8
-5.8209,150.7281,54.508,4.1,18,138.0,2.16,0.77,us,11.08,6.824,0.146,15
-58.0427,-25.4355,69.412,5.1,91,52.0,7.228,0.69,us,10.33,5.683,0.062,85
52.6834,160.9778,10.0,4.7,51,125.0,1.452,0.77,us,11.13,1.852,0.048,130
5.11,125.2351,10.0,5.1,55,48.0,0.446,1.06,us,5.14,1.878,0.089,41
36.1436,76.9652,10.0,4.1,32,151.0,4.18,0.61,us,9.53,1.935,0.126,17
13.0958,124.9327,35.0,4.4,18,135.0,10.806,0.86,us,10.62,1.966,0.139,15
-24.3512,179.9396,521.596,4.5,55,96.0,5.251,0.88,us,8.03,7.841,0.084,41
-37.9216,51.7886,10.0,4.7,55,83.0,19.251,0.81,us,12.95,1.851,0.084,43
-56.5699,-25.8427,35.0,4.9,47,87.0,6.478,1.23,us,12.21,1.938,0.077,53
51.8277,159.1275,48.446,4.4,63,125.0,1.233,1.08,us,8.75,6.98,0.059,82
-25.3374,179.8969,499.395,4.2,37,121.0,7.747,0.84,us,14.64,9.764,0.104,26
51.9108,159.2399,35.0,5.2,45,124.0,1.171,1.25,us,7.4,1.909,0.091,40
-20.9122,-179.1043,655.017,4.1,39,136.0,4.139,0.63,us,9.12,8.286,0.082,41
-6.6149,129.9367,145.501,4.5,59,59.0,2.079,0.63,us,8.69,7.264,0.073,55
39.5126,143.5392,10.0,4.1,19,203.0,2.285,0.38,us,7.73,1.846,0.185,8
9.2882,123.1783,10.0,4.2,15,105.0,3.241,0.72,us,8.85,1.919,0.216,6
53.2957,159.8974,73.63,4.1,22,163.0,1.336,0.71,us,15.18,11.829,0.12,19
51.2704,159.3608,29.156,4.3,21,138.0,1.809,0.61,us,12.14,6.5,0.137,15
-6.5306,130.0234,165.128,4.5,31,75.0,1.999,0.46,us,9.16,4.297,0.118,21
-19.4447,168.5539,10.0,4.9,31,115.0,3.318,0.81,us,9.06,1.895,0.116,23
-26.4331,-177.421,111.385,4.0,14,205.0,2.852,0.71,us,11.29,10.884,0.143,13
53.2679,159.797,58.308,4.6,107,104.0,0.733,0.73,us,8.53,6.989,0.046,139
5.1172,125.3592,46.561,4.8,102,101.0,0.4,0.73,us,6.75,5.42,0.059,88
46.591,7.7142,10.0,4.1,34,92.0,0.366,1.21,us,3.56,1.922,0.233,5
17.5334,145.7199,519.858,3.8,22,125.0,2.281,0.57,us,14.33,10.009,0.132,15
51.5715,-168.3461,10.0,3.5,39,187.0,1.437,0.8,us,5.94,1.979,0.097,26
35.31,140.2222,68.858,4.2,25,131.0,2.044,0.82,us,8.13,7.383,0.128,17
41.2672,142.5146,53.512,4.3,21,175.0,0.889,0.58,us,6.55,8.85,0.147,13
-5.615,154.3311,181.195,4.0,23,92.0,2.581,0.57,us,14.43,9.25,0.122,18
50.2957,157.5735,30.211,4.5,59,187.0,2.813,0.67,us,12.22,7.226,0.07,59
39.4321,143.5073,10.0,4.3,32,135.0,2.312,1.11,us,6.62,1.666,0.129,17
-56.7605,-25.6669,35.0,5.2,117,27.0,17.748,0.76,us,11.99,1.787,0.054,115
50.405,156.4777,65.379,4.8,126,131.0,2.812,0.46,us,10.52,7.189,0.031,321
51.6418,159.8988,10.0,4.4,26,138.0,1.582,1.22,us,10.21,1.936,0.127,18
51.8051,160.8378,10.0,5.2,112,92.0,1.812,0.95,us,7.16,1.847,0.025,526
-5.8578,152.5154,10.0,4.1,18,194.0,1.692,0.44,us,7.97,1.743,0.145,13
51.913,159.416,35.146,4.6,28,131.0,1.207,1.29,us,9.23,7.958,0.116,22
54.6161,-159.8739,47.136,4.4,56,160.0,0.271,0.58,us,5.87,7.237,0.086,39
53.1798,161.3413,10.0,4.1,30,117.0,1.63,0.4,us,9.38,1.873,0.124,18
1.3956,126.3696,61.264,4.1,19,130.0,1.174,1.3,us,6.56,9.124,0.185,9
-16.0602,-69.2375,245.242,4.0,20,135.0,1.087,1.1,us,12.48,8.863,0.144,13
58.9706,-30.6676,10.0,4.5,69,81.0,7.28,0.49,us,9.39,1.882,0.073,55
16.4242,-59.6297,10.0,4.4,36,242.0,1.383,0.57,us,7.89,1.976,0.109,24
-35.5134,-179.4613,10.0,4.6,28,213.0,2.722,0.5,us,10.64,1.969,0.132,17
-7.4635,106.9863,54.542,4.5,44,50.0,0.658,1.02,us,5.47,6.557,0.088,38
4.0355,95.8857,69.373,4.3,24,158.0,1.589,0.68,us,9.63,8.0,0.154,15
29.1179,129.1083,10.0,4.2,25,128.0,2.39,0.67,us,6.87,1.62,0.159,11
-37.7097,176.1683,286.641,4.4,73,48.0,0.529,1.03,us,7.0,5.576,0.079,57
52.5217,160.6052,28.367,4.3,32,134.0,1.29,0.71,us,11.51,6.406,0.107,25
52.6742,160.2915,15.627,4.2,61,120.0,1.055,0.66,us,9.15,5.245,0.071,56
23.1373,120.5369,7.035,4.5,29,58.0,0.183,1.2,us,3.96,5.417,0.121,20
1.6029,127.2081,99.575,4.0,35,89.0,3.556,0.78,us,10.0,7.708,0.11,23
52.1523,159.813,39.028,4.1,34,120.0,1.125,0.79,us,7.91,7.965,0.087,36
-17.746,-178.6377,548.026,4.4,52,103.0,2.285,0.73,us,13.05,3.339,0.095,32
-57.6794,157.7824,35.942,4.4,17,140.0,3.254,0.6,us,12.97,6.918,0.239,5
51.4336,159.3761,51.113,4.4,19,137.0,1.969,0.71,us,11.22,7.637,0.144,14
-7.4704,128.2213,144.482,4.5,27,62.0,4.521,0.83,us,9.57,7.854,0.113,23
-52.3658,14.5581,10.0,4.6,11,108.0,20.484,0.85,us,15.4,1.636,0.172,10
-28.4498,-68.9984,94.818,4.5,30,46.0,1.596,0.97,us,6.72,7.73,0.131,17
50.5956,157.9756,35.0,4.8,76,130.0,2.467,0.55,us,9.98,1.919,0.07,62
15.1935,120.0363,65.313,4.5,33,91.0,7.647,0.92,us,5.25,8.414,0.098,31
-12.8599,167.3238,10.0,4.7,27,157.0,2.574,0.49,us,13.2,1.947,0.117,24
6.3466,127.3576,10.0,4.6,38,62.0,1.907,0.47,us,10.04,1.911,0.101,31
34.4314,70.9445,10.0,4.1,17,241.0,1.498,0.27,us,5.78,1.991,0.158,12
-15.612,-74.1901,64.55,4.3,25,139.0,4.429,0.48,us,10.07,9.637,0.148,13
52.5725,172.3886,35.549,3.9,28,206.0,1.054,0.81,us,13.5,10.179,0.11,22
44.3837,149.5287,35.0,5.1,82,98.0,4.989,0.85,us,10.0,1.861,0.075,57
-5.5736,152.7499,10.0,4.4,30,152.0,1.492,0.47,us,9.51,1.702,0.103,27
39.1936,28.0382,10.0,4.1,19,71.0,0.889,0.88,us,3.91,1.921,0.234,5
52.6281,160.6657,35.978,4.2,17,137.0,1.286,0.74,us,10.58,8.644,0.166,10
25.2576,126.5237,35.0,4.2,25,102.0,2.224,1.27,us,7.71,1.959,0.146,13
6.4774,126.1084,84.568,4.5,39,112.0,0.789,0.58,us,9.73,6.592,0.09,36
12.9247,40.2398,10.0,4.2,33,154.0,2.9,0.72,us,9.69,1.943,0.11,23
13.1253,144.6479,64.001,4.8,43,123.0,0.509,0.3,us,11.25,6.153,0.054,105
-31.5715,-69.5068,116.488,4.1,30,83.0,0.714,0.7,us,6.02,9.192,0.234,5
52.5197,161.1593,10.0,4.0,22,191.0,1.606,0.83,us,14.1,1.965,0.144,13
52.9863,160.7735,10.0,5.8,115,80.0,1.284,0.61,us,9.7,1.54,0.041,219
42.2457,142.9953,61.849,4.6,21,115.0,0.26,0.81,us,9.11,9.043,0.182,9
50.9353,158.3634,39.451,4.7,31,137.0,2.099,0.73,us,12.17,7.384,0.104,28
52.9094,160.5623,35.0,4.1,24,165.0,1.162,0.8,us,13.12,1.981,0.126,17
-3.2855,141.142,24.139,4.5,15,209.0,0.882,0.72,us,7.48,7.315,0.156,12
43.5958,147.717,35.0,5.1,64,135.0,3.708,0.94,us,11.38,1.925,0.057,100
-44.6833,-81.3578,10.0,4.3,11,184.0,8.88,0.62,us,10.0,1.98,0.178,9
51.4214,159.4785,35.0,4.2,20,137.0,2.013,0.96,us,12.7,1.92,0.124,18
16.4882,-59.5936,10.0,4.6,52,166.0,1.415,0.83,us,6.82,1.922,0.044,155
34.6057,70.763,10.0,5.2,168,39.0,1.347,0.88,us,7.59,1.763,0.032,315
20.4905,92.3253,10.0,4.1,16,163.0,2.526,0.6,us,9.3,1.984,0.234,5
-48.9783,124.8926,10.0,4.4,19,118.0,16.708,1.4,us,10.47,1.932,0.13,17
51.9101,159.9668,35.0,4.5,29,130.0,1.833,0.72,us,14.13,1.982,0.115,22
52.1572,160.3757,27.57,4.3,26,178.0,1.364,1.22,us,12.05,7.742,0.111,13
53.2505,161.1095,35.0,4.0,19,165.0,1.499,0.9,us,10.79,1.754,0.138,14
21.6372,143.6131,169.918,4.0,27,158.0,5.588,0.85,us,13.82,10.03,0.125,18
28.9134,51.4598,10.0,4.2,36,73.0,5.792,1.11,us,6.11,1.794,0.1,28
39.6033,143.1196,29.008,4.3,29,143.0,1.97,0.37,us,8.66,6.898,0.133,17
-14.7869,167.1555,83.232,4.4,24,144.0,0.658,0.55,us,13.06,7.424,0.12,20
13.8676,145.119,107.614,4.3,27,104.0,0.369,0.78,us,9.22,6.358,0.126,18
-21.5471,-69.1139,95.992,4.3,28,58.0,0.275,1.24,us,4.46,3.805,0.16,11
39.5558,143.2703,10.189,4.4,41,143.0,2.091,0.75,us,6.54,4.426,0.106,26
-45.1712,167.0898,40.454,4.3,34,101.0,0.297,0.94,us,3.65,8.661,0.201,7
50.2445,155.5733,128.202,4.2,31,161.0,3.158,0.45,us,13.32,10.038,0.118,23
51.418,161.1206,10.0,4.3,73,89.0,2.212,1.03,us,5.43,1.724,0.068,62
50.4323,160.0336,10.0,4.4,38,134.0,2.734,0.53,us,10.87,1.925,0.099,29
-21.4699,-176.2922,110.0,4.7,39,110.0,6.431,0.96,us,13.48,7.821,0.073,56
53.0164,159.8063,67.103,4.2,35,134.0,0.699,0.55,us,11.33,7.299,0.113,26
53.3099,159.2493,19.149,5.1,22,115.0,0.461,0.82,us,5.62,4.745,0.181,10
49.9721,158.4205,10.0,4.2,29,138.0,3.059,0.64,us,12.62,1.92,0.115,21
51.5714,160.3617,10.0,4.4,26,220.0,1.794,0.51,us,9.97,1.962,0.143,14
-30.8379,-65.4287,189.332,4.8,42,53.0,1.415,0.9,us,8.79,7.168,0.084,44
-20.1441,-177.7104,531.004,4.2,18,96.0,4.581,0.49,us,20.13,19.358,0.153,12
-19.2736,-69.0855,2.139,4.3,17,173.0,0.406,0.86,us,2.74,5.255,0.189,8
36.0379,70.5999,112.628,4.1,19,93.0,1.935,0.78,us,4.83,9.258,0.158,11
52.5984,160.7032,10.0,4.5,42,130.0,1.317,1.01,us,8.21,1.889,0.075,52
34.5564,70.7886,10.0,4.7,44,100.0,1.366,0.85,us,9.49,1.892,0.093,35
-58.9949,-25.6535,35.0,4.3,22,88.0,19.205,0.59,us,14.49,1.954,0.114,22
50.6407,157.067,69.815,4.4,66,136.0,2.502,0.54,us,11.58,8.292,0.073,54
52.1862,160.3937,35.0,4.8,53,123.0,1.884,0.85,us,10.08,1.923,0.08,49
34.5841,93.1476,10.0,4.1,27,127.0,5.159,0.57,us,12.17,1.953,0.131,17
52.4865,160.998,25.289,5.1,162,128.0,1.525,0.77,us,10.64,5.532,0.045,165
38.3161,142.0482,57.554,4.4,38,148.0,2.584,0.43,us,9.05,8.524,0.12,20
-7.253,114.1609,10.0,4.9,63,39.0,1.209,0.75,us,5.36,1.854,0.077,53
52.2019,-169.411,35.0,3.5,41,180.0,0.616,0.68,us,4.77,1.954,0.101,24
40.5846,143.6757,31.769,4.5,58,132.0,1.481,0.79,us,6.86,5.514,0.082,46
20.0387,121.4161,45.644,4.4,79,85.0,2.783,0.69,us,8.83,7.022,0.068,62
52.6491,161.1977,20.044,4.1,37,151.0,1.59,1.05,us,7.9,6.653,0.114,24
38.4887,142.1333,35.0,4.4,58,134.0,2.441,0.58,us,8.54,1.928,0.084,41
52.8756,160.8815,24.949,5.5,61,107.0,8.015,0.79,us,10.25,5.103,0.066,80
-2.1741,138.8715,35.0,4.8,48,67.0,0.844,0.85,us,6.57,1.903,0.082,46
50.0651,158.4779,10.0,4.3,25,128.0,2.964,0.64,us,9.41,1.829,0.138,16
-3.4221,140.2569,10.0,4.2,20,118.0,1.005,1.02,us,3.17,1.892,0.152,12
52.1655,160.4718,29.832,4.4,31,124.0,1.405,1.2,us,8.74,4.406,0.103,30
13.5836,122.9062,10.0,4.5,53,117.0,22.084,0.78,us,13.78,1.902,0.083,43
52.3978,160.2656,33.181,4.1,25,122.0,1.715,0.57,us,11.0,6.572,0.12,19
52.1376,161.1123,10.0,4.1,10,199.0,2.296,0.76,us,13.04,1.999,0.185,9
51.3084,159.7239,10.0,4.4,21,169.0,1.841,0.6,us,7.78,1.964,0.127,18
-5.2545,152.2946,51.498,5.1,66,124.0,0.979,0.47,us,8.48,6.902,0.056,104
51.8308,158.9979,56.964,4.9,92,119.0,1.213,0.54,us,10.6,7.202,0.06,88
36.5109,-2.8188,10.0,4.3,35,123.0,3.285,0.63,us,6.27,1.848,0.111,23
49.2119,155.0136,70.014,4.4,29,127.0,4.251,0.52,us,10.86,8.537,0.143,14
53.1014,159.7165,74.396,4.7,72,122.0,1.216,0.63,us,11.42,7.167,0.047,136
52.0231,160.4865,10.0,4.4,21,179.0,1.504,1.02,us,11.51,1.957,0.162,11
50.625,158.9095,17.599,4.8,136,76.0,2.407,0.56,us,7.69,2.796,0.042,175
-14.5097,-73.6093,88.454,4.5,31,123.0,4.024,0.7,us,8.29,7.818,0.11,24
27.8871,-111.887,10.0,4.9,57,110.0,0.647,0.8,us,4.15,1.895,0.074,57
-17.9405,-178.3767,606.503,4.4,38,80.0,2.599,0.86,us,15.08,10.032,0.096,31
49.7002,158.3167,19.776,4.2,45,138.0,3.334,0.65,us,12.63,5.287,0.095,31
-21.363,-67.6842,211.606,4.3,30,60.0,1.512,0.62,us,5.89,8.642,0.142,14
27.1532,-175.1954,10.0,4.5,48,119.0,2.199,0.66,us,12.47,1.93,0.058,89
1.5122,124.8959,10.0,3.8,16,132.0,3.252,0.46,us,8.26,1.627,0.162,10
-1.6228,99.6909,37.364,4.6,13,194.0,3.595,0.66,us,8.92,9.92,0.207,7
51.8202,158.4768,71.892,4.9,59,127.0,1.21,0.58,us,12.32,6.235,0.077,53
-3.5108,101.305,43.266,4.3,43,146.0,1.85,0.85,us,9.87,8.262,0.106,29
51.9748,161.0875,10.0,4.2,24,189.0,1.823,0.99,us,11.23,1.962,0.146,14
51.9758,159.1471,53.766,4.7,64,124.0,1.092,0.92,us,8.42,6.483,0.039,198
49.2208,157.8044,10.0,5.2,122,61.0,3.845,0.75,us,8.36,1.845,0.021,787
29.3501,129.3552,10.064,4.5,39,110.0,2.351,0.58,us,7.2,4.792,0.102,28
-4.7589,129.2347,205.022,4.1,25,55.0,3.519,0.68,us,8.38,10.151,0.185,8
50.4223,156.4143,80.433,4.0,34,137.0,2.806,0.73,us,10.78,7.586,0.086,36
4.9046,126.1883,89.617,4.4,55,109.0,0.727,0.75,us,7.6,6.736,0.086,39
-57.8606,-25.0114,31.894,4.4,28,80.0,7.353,0.89,us,13.98,5.581,0.117,21
-8.392,119.4927,171.656,4.3,34,67.0,1.497,0.5,us,7.24,7.11,0.137,15
49.9371,159.3518,10.0,4.6,74,128.0,3.122,0.72,us,8.77,1.889,0.038,211
50.1048,157.3272,44.54,4.9,63,120.0,3.017,0.79,us,10.09,6.872,0.047,143
-57.9207,-24.5323,10.0,4.4,22,104.0,16.434,0.65,us,13.75,1.925,0.115,22
42.4627,72.3418,10.0,4.2,17,119.0,0.739,1.0,us,3.26,1.484,0.215,6
7.3417,126.9152,40.139,4.5,52,71.0,1.353,0.77,us,7.88,6.37,0.084,41
-5.3111,152.3367,43.703,4.5,54,93.0,1.045,0.92,us,7.17,7.5,0.084,45
16.5418,-59.5537,10.0,4.2,29,189.0,1.46,0.55,us,4.49,1.968,0.237,5
-5.9694,149.5578,72.673,5.0,121,55.0,2.954,0.7,us,3.64,5.953,0.04,194
-18.5146,169.0319,229.411,4.3,30,107.0,3.517,0.65,us,10.03,9.38,0.109,24
-1.353,-77.9383,171.311,4.3,54,54.0,0.164,0.88,us,7.99,4.781,0.058,83
-17.9008,-69.3494,150.639,4.3,20,94.0,0.334,0.71,us,5.27,4.51,0.177,9
51.5882,160.6574,10.0,4.3,26,229.0,1.893,0.69,us,13.56,1.983,0.122,19
29.3411,129.467,10.0,4.7,55,108.0,2.322,0.65,us,7.49,1.879,0.055,100
52.5131,160.8858,10.0,4.4,28,175.0,1.451,0.57,us,8.6,1.866,0.105,26
49.7788,157.0846,35.0,4.7,55,128.0,3.356,0.67,us,11.29,1.917,0.041,179
51.7367,158.7037,54.838,4.5,23,166.0,1.289,0.85,us,11.64,9.683,0.124,19
51.6047,159.3253,34.963,4.7,71,135.0,1.48,0.49,us,11.18,5.982,0.053,106
52.8882,161.1933,10.0,4.2,34,162.0,1.545,0.98,us,12.81,1.961,0.107,24
50.9168,160.3804,10.0,4.1,22,132.0,2.366,0.38,us,9.4,1.835,0.175,9
-10.4808,124.6142,10.0,4.4,12,136.0,0.798,1.24,us,8.72,1.774,0.204,7
41.197,142.5052,49.256,4.0,17,159.0,0.952,0.76,us,7.23,11.783,0.231,5
50.238,157.55,35.0,4.6,80,135.0,2.872,0.91,us,9.83,1.883,0.063,75
-58.9791,-149.8336,10.0,4.6,23,108.0,23.689,0.66,us,14.75,1.915,0.119,21
60.9532,-28.0169,10.0,4.7,91,94.0,4.886,1.0,us,8.74,1.889,0.039,193
14.0159,145.3686,109.345,4.3,13,110.0,0.645,0.31,us,9.65,9.276,0.188,8
52.941,161.2245,35.0,4.4,41,206.0,1.559,0.64,us,12.87,1.948,0.087,38
29.4748,141.4531,78.012,4.5,50,116.0,2.456,0.4,us,10.31,8.074,0.087,39
52.0022,177.5731,153.772,4.1,26,170.0,0.583,0.48,us,5.45,7.174,0.14,14
-20.7288,-69.1677,103.92,4.3,17,75.0,0.432,0.85,us,4.82,2.847,0.178,9
5.936,125.905,120.417,4.6,81,51.0,1.172,0.99,us,6.01,6.229,0.076,52
-14.9667,-173.5872,31.452,4.3,21,114.0,2.04,0.71,us,11.13,6.163,0.148,14
38.3833,72.3576,10.0,4.4,19,151.0,0.122,0.88,us,6.8,1.988,0.22,6
14.1216,147.171,10.0,4.4,30,96.0,1.733,1.08,us,7.86,1.921,0.126,21
52.9843,161.1643,10.0,4.1,18,165.0,1.52,0.8,us,13.31,1.964,0.123,18
-17.2084,-174.6589,206.544,4.5,25,117.0,4.295,0.85,us,14.94,13.13,0.111,26
52.0917,161.0989,10.0,4.2,14,122.0,1.762,1.16,us,6.0,1.913,0.263,4
-30.342,-178.6068,168.546,4.2,15,259.0,7.644,1.23,us,21.8,15.221,0.146,13
53.1272,161.2429,10.0,4.3,36,117.0,1.568,0.97,us,8.8,1.893,0.129,17
53.665,160.4312,42.734,5.9,61,86.0,1.247,0.96,us,8.1,7.084,0.083,54
-12.0976,166.8112,341.269,4.2,24,159.0,8.747,0.39,us,18.28,8.54,0.118,20
12.4389,-89.4065,10.0,4.4,53,152.0,1.346,0.7,us,5.42,1.916,0.072,56
54.6812,160.2454,10.0,4.3,38,131.0,1.911,0.59,us,11.7,1.902,0.078,46
14.4103,147.169,10.0,4.4,17,160.0,1.564,0.78,us,3.73,1.94,0.17,11
-29.9733,-179.395,298.88,4.7,95,100.0,1.466,0.52,us,12.27,7.116,0.058,90
-1.5529,-77.7537,181.434,4.1,40,63.0,0.277,0.65,us,8.87,4.766,0.105,25
1.8281,125.0723,193.777,4.3,36,97.0,0.447,0.72,us,7.97,5.482,0.106,25
52.0116,161.6483,10.0,4.2,24,134.0,2.094,0.69,us,13.04,1.917,0.147,14
3.1095,-31.3631,10.0,4.9,43,66.0,9.967,0.53,us,7.9,1.848,0.083,45
52.2336,160.0326,52.276,4.3,29,138.0,1.669,0.94,us,11.18,7.893,0.108,24
-45.5349,-76.795,10.0,4.4,24,149.0,2.347,0.71,us,10.85,1.924,0.115,22
6.7319,-72.9942,168.406,4.3,43,86.0,2.293,0.7,us,9.69,7.438,0.075,51
37.136,53.8076,10.0,4.4,43,149.0,6.891,0.67,us,8.82,1.934,0.091,35
37.4632,56.4799,10.0,4.1,19,171.0,1.379,1.05,us,12.17,1.973,0.135,15
37.4354,144.662,10.0,4.3,34,153.0,4.364,0.96,us,11.29,1.952,0.109,24
-23.6383,179.9884,544.334,4.6,53,126.0,6.137,0.8,us,13.16,7.03,0.043,162
-7.9282,117.6939,8.364,4.1,20,81.0,0.897,0.82,us,3.73,5.23,0.213,7
36.6327,75.4388,10.0,4.5,29,158.0,1.956,0.93,us,5.77,1.932,0.089,37
52.8784,160.3235,35.0,4.3,26,116.0,1.023,0.91,us,9.99,1.923,0.113,22
50.9855,159.8418,10.0,4.1,14,254.0,2.17,0.59,us,14.7,2.016,0.184,8
1.0972,125.5495,73.06,4.9,104,23.0,0.789,1.22,us,6.08,3.746,0.048,186
-24.7768,-177.3032,152.542,4.4,16,175.0,4.501,0.79,us,12.88,9.646,0.204,10
-8.9449,127.1168,10.0,4.6,31,94.0,4.832,0.82,us,8.13,1.898,0.114,25
52.2097,160.3919,10.0,4.2,55,161.0,1.339,0.73,us,10.11,1.938,0.085,38
21.0837,121.9257,10.0,4.8,117,78.0,1.896,0.73,us,2.31,1.839,0.049,127
50.7794,156.963,87.079,4.3,36,138.0,2.376,0.58,us,12.81,7.806,0.107,25
51.1478,159.3769,10.0,4.7,18,138.0,1.931,1.35,us,10.87,1.934,0.159,12
51.9883,160.3935,10.0,4.3,39,123.0,1.487,0.93,us,9.38,1.914,0.113,24
52.6315,160.625,10.0,5.0,94,116.0,1.261,0.93,us,8.54,1.873,0.03,347
52.5285,160.6027,10.0,4.5,34,175.0,1.286,1.22,us,10.93,1.952,0.102,28
-19.9914,-177.7172,400.833,4.1,27,134.0,4.458,0.52,us,10.86,8.829,0.109,23
-4.879,145.3954,156.556,4.6,35,129.0,4.825,0.5,us,10.88,8.312,0.063,75
13.9164,40.0215,10.0,4.3,28,104.0,3.636,0.9,us,10.98,1.939,0.122,19
-20.8173,-178.9283,482.157,3.9,18,133.0,4.18,0.7,us,18.53,11.96,0.132,15
17.162,59.7289,10.0,4.3,39,180.0,8.413,1.04,us,10.8,1.924,0.099,29
-16.0559,168.0852,262.614,4.1,21,148.0,1.043,0.72,us,14.32,11.443,0.135,15
-5.669,-11.5504,10.0,4.6,31,96.0,3.583,0.58,us,6.33,1.88,0.103,28
-31.6474,-177.8278,10.0,4.7,19,238.0,6.705,1.29,us,14.68,1.98,0.142,16
49.5484,155.9545,48.829,4.2,33,135.0,3.729,0.74,us,11.82,8.511,0.11,23
-30.6357,-71.8316,26.997,4.2,18,191.0,0.174,0.93,us,5.38,4.23,0.216,6
13.4135,144.6427,84.047,4.4,39,118.0,0.28,0.5,us,12.63,6.167,0.102,28
13.8229,-90.9285,69.462,4.5,90,107.0,0.819,0.64,us,7.9,6.789,0.047,134
5.4211,126.0271,83.491,4.9,85,41.0,0.875,1.02,us,6.72,6.576,0.045,159
17.5228,145.6669,223.677,4.2,38,145.0,2.272,0.68,us,8.12,10.733,0.103,27
51.9756,161.0779,10.0,4.5,59,173.0,1.818,0.96,us,11.03,1.939,0.057,91
39.4811,143.4805,10.0,4.9,35,133.0,2.267,0.82,us,10.21,1.907,0.106,28
32.0291,131.9436,39.392,4.1,19,126.0,1.372,0.72,us,8.65,10.704,0.174,9
51.5665,160.271,10.0,4.5,29,167.0,1.766,0.64,us,8.73,1.938,0.107,26
34.5873,70.7146,10.0,4.4,53,142.0,1.306,0.65,us,8.39,1.894,0.082,42
9.3326,93.9986,10.0,4.5,28,178.0,5.584,0.67,us,12.24,1.936,0.118,21
50.2267,156.8917,53.233,4.4,55,135.0,2.929,0.69,us,11.52,7.617,0.085,40
-8.1755,108.5767,104.695,4.1,21,106.0,1.16,0.78,us,7.75,7.368,0.151,13
