latitude,longitude,depth,mag,nst,gap,dmin,rms,net,horizontalError,depthError,magError,magNst
-56.6444,-24.0158,10.0,4.8,30,104.0,7.474,0.81,us,10.8,1.902,0.103,29
-5.7317,148.9108,152.01,4.4,32,80.0,3.411,0.52,us,8.38,8.094,0.112,23
52.9664,159.7556,57.486,5.0,116,107.0,0.671,0.96,us,7.9,5.252,0.028,397
40.0496,145.275,10.0,4.3,23,135.0,2.534,0.72,us,8.95,1.926,0.137,15
-23.8735,-179.9338,530.336,4.2,30,69.0,6.382,1.04,us,9.73,10.37,0.115,21
-19.1257,-174.6439,88.347,4.6,32,89.0,4.46,0.65,us,12.61,9.068,0.095,33
-56.0013,-27.6013,105.358,4.5,29,100.0,5.38,0.36,us,13.21,9.396,0.102,28
-18.5347,-177.8323,618.605,4.2,54,109.0,3.363,0.65,us,13.01,4.73,0.044,143
-9.2366,124.0695,76.421,4.2,17,119.0,0.551,0.7,us,6.98,4.79,0.147,13
4.4519,-73.1153,10.0,4.5,66,75.0,1.264,0.71,us,7.16,1.897,0.073,54
52.7766,160.952,26.021,4.3,20,150.0,1.416,0.93,us,12.11,7.948,0.16,11
49.0189,154.9365,80.244,4.1,44,135.0,4.449,0.65,us,10.32,7.915,0.09,37
28.1609,131.0341,10.0,4.5,69,121.0,2.338,0.65,us,7.08,1.867,0.078,50
-18.1195,168.153,130.623,4.0,15,186.0,4.322,0.67,us,10.31,11.162,0.173,9
41.0148,51.8809,53.722,4.2,41,134.0,2.641,0.88,us,10.16,10.756,0.084,39
13.8169,39.7946,10.0,4.3,27,72.0,3.746,0.57,us,9.34,1.907,0.125,18
-0.677,123.2858,10.0,4.3,33,66.0,2.618,0.84,us,6.6,1.926,0.109,24
-31.6489,-71.5992,38.569,4.1,22,176.0,0.661,0.56,us,3.56,10.251,0.214,6
-15.4104,168.0797,10.0,4.7,33,163.0,0.846,0.77,us,4.19,1.898,0.106,27
36.6819,70.6415,270.252,4.2,40,91.0,2.191,0.73,us,8.87,8.001,0.132,16
-55.7918,-26.7357,10.0,4.3,14,119.0,5.808,0.4,us,11.99,1.914,0.154,13
-18.9684,167.5432,10.0,4.9,44,124.0,3.255,1.21,us,7.95,1.892,0.095,35
23.4757,94.7072,102.184,4.4,60,67.0,2.267,0.62,us,10.08,7.216,0.077,49
-30.654,-71.2748,56.106,4.6,53,78.0,0.311,0.64,us,4.95,5.684,0.107,26
51.0961,159.8226,10.0,4.2,23,133.0,2.061,0.93,us,8.35,1.85,0.152,15
2.4911,-76.2254,35.053,4.4,51,72.0,2.355,0.68,us,7.8,6.209,0.089,37
54.2018,-163.1092,28.982,3.5,62,194.0,0.578,0.86,us,2.75,10.185,0.222,5
55.1096,165.6247,10.0,4.2,33,173.0,5.076,0.5,us,17.88,1.958,0.104,26
61.1676,-28.0776,10.0,4.3,50,150.0,4.731,0.79,us,11.61,1.932,0.084,40
-18.3721,-71.3946,34.616,4.6,32,137.0,1.0,1.24,us,6.81,5.57,0.119,23
39.3415,143.3524,10.0,5.0,56,135.0,2.274,1.25,us,7.35,1.9,0.094,36
27.9608,142.7311,10.0,4.4,31,156.0,0.989,0.61,us,7.2,1.52,0.131,17
52.6705,160.6648,51.875,4.5,32,188.0,1.272,0.83,us,14.92,9.486,0.091,35
-5.5697,147.1227,181.98,4.7,49,51.0,3.511,0.81,us,4.99,7.634,0.043,167
42.2673,144.4403,46.002,4.3,39,165.0,0.987,0.58,us,6.6,7.142,0.113,22
-5.5494,147.3749,197.913,5.0,111,30.0,3.483,0.94,us,6.42,4.518,0.039,220
51.2234,159.5467,10.0,4.1,23,135.0,1.886,0.82,us,11.67,1.932,0.117,20
39.8604,-29.5871,10.0,4.5,24,153.0,3.802,0.84,us,13.91,1.911,0.136,16
26.4927,140.471,385.072,4.7,111,21.0,1.645,0.79,us,8.63,6.186,0.025,478
-36.4696,177.3638,10.0,4.5,23,214.0,1.326,0.76,us,6.22,1.959,0.221,6
-27.8354,-66.9033,147.458,4.7,64,43.0,3.1,0.72,us,7.18,7.309,0.032,304
-13.1696,167.1462,207.973,4.6,61,134.0,7.833,0.77,us,9.73,4.758,0.067,66
27.0016,54.9871,10.0,4.3,40,103.0,2.322,0.74,us,9.99,1.922,0.101,28
49.4452,157.2969,28.46,4.4,35,136.0,3.677,0.69,us,5.55,5.796,0.109,24
3.35,-84.1606,10.0,4.6,70,99.0,5.673,0.83,us,9.07,1.948,0.075,52
-33.5175,-178.8855,39.498,4.0,19,238.0,4.639,1.01,us,13.72,8.697,0.139,14
50.8439,159.4199,10.0,4.9,41,143.0,2.234,0.76,us,7.11,1.898,0.1,31
50.1735,88.1714,10.0,4.2,20,135.0,3.483,0.68,us,9.24,1.935,0.141,14
7.3513,127.4086,10.0,4.9,38,60.0,1.837,0.76,us,7.13,1.88,0.098,33
16.4789,-59.5812,10.0,5.2,108,58.0,1.425,0.52,us,6.68,1.876,0.044,174
-54.7666,-130.2807,10.0,4.9,23,182.0,32.545,0.73,us,13.06,1.955,0.123,21
-23.1003,-114.9789,10.0,4.5,23,171.0,40.191,0.56,us,18.19,1.939,0.115,22
-18.5747,-177.7867,607.527,4.3,28,120.0,3.422,0.74,us,14.65,9.821,0.116,21
51.502,159.6566,10.0,5.2,89,93.0,1.645,1.23,us,5.45,1.856,0.04,205
-17.4016,-171.9308,10.0,4.5,39,76.0,2.53,0.61,us,13.06,1.809,0.077,50
51.4749,160.078,10.0,4.5,35,166.0,1.782,0.68,us,8.72,1.93,0.108,25
49.8334,155.8118,64.365,4.7,77,132.0,3.485,0.59,us,3.9,6.798,0.035,251
29.3994,129.1855,10.0,4.4,23,140.0,2.37,1.21,us,9.93,1.92,0.127,18
51.8281,159.8357,35.0,4.2,20,188.0,1.4,1.03,us,10.59,1.988,0.146,13
11.8039,141.3984,35.0,4.5,29,109.0,3.823,0.48,us,10.23,1.938,0.125,20
53.588,-156.2966,10.0,3.9,42,188.0,2.272,0.65,us,7.68,1.958,0.172,9
50.9339,156.2353,141.685,4.8,102,121.0,2.358,0.78,us,9.2,6.741,0.026,461
-5.6843,128.8249,294.906,4.1,29,67.0,1.577,0.71,us,9.76,8.098,0.123,18
-7.5561,127.8939,149.769,4.5,38,53.0,4.199,1.08,us,8.52,6.663,0.094,33
-24.2456,-67.1726,166.888,4.4,49,43.0,1.584,1.15,us,4.46,8.15,0.11,28
-28.2547,62.7289,10.0,4.6,34,68.0,9.489,0.78,us,5.95,1.818,0.114,23
39.4285,143.3346,10.0,4.2,43,133.0,2.209,0.78,us,8.67,1.877,0.101,27
50.7904,156.4799,76.225,4.3,15,158.0,2.441,0.62,us,6.68,13.108,0.217,6
51.9585,160.4532,42.798,4.2,15,154.0,1.534,0.72,us,12.8,11.21,0.16,11
-41.1081,-91.2308,10.0,4.9,35,143.0,15.638,0.69,us,14.64,1.876,0.098,33
51.5601,160.2217,10.0,5.0,82,157.0,2.191,0.78,us,9.03,1.924,0.066,72
52.4138,160.1102,51.517,4.2,25,166.0,1.623,0.63,us,13.34,9.04,0.132,17
-17.9614,-178.9021,544.976,4.5,35,131.0,2.214,0.69,us,15.46,7.447,0.124,20
52.7895,159.8438,47.571,4.4,87,149.0,0.76,0.97,us,10.6,8.337,0.056,90
-6.1815,152.1657,10.0,4.5,25,115.0,1.868,0.81,us,7.45,1.924,0.116,22
13.3869,50.9032,10.0,4.3,29,163.0,6.432,1.33,us,13.91,1.981,0.116,21
18.1139,145.4741,297.607,4.0,38,117.0,2.873,0.56,us,14.65,9.972,0.093,31
9.3664,94.0616,10.0,4.9,144,38.0,5.009,0.74,us,6.97,1.54,0.046,151
49.6174,155.5281,50.359,4.6,95,170.0,3.751,1.21,us,10.88,8.32,0.051,117
31.5172,-115.6079,5.0,4.2,39,86.0,0.477,1.26,us,1.46,1.846,0.091,34
-3.4265,129.2662,10.0,4.7,70,77.0,1.261,0.93,us,3.83,1.777,0.074,61
54.6425,-160.304,35.0,4.6,45,161.0,0.455,1.15,us,5.8,1.936,0.089,38
-35.4444,-179.769,10.0,4.3,16,259.0,2.621,0.5,us,8.65,1.966,0.188,8
-7.3438,155.7987,35.0,4.4,58,92.0,4.602,0.59,us,10.58,1.923,0.079,46
-21.0976,-179.1914,622.15,4.6,41,122.0,4.229,0.55,us,6.79,8.59,0.084,42
52.4249,152.3759,540.388,4.1,27,119.0,3.305,0.7,us,13.36,9.578,0.114,21
51.0846,158.9278,35.26,4.2,18,138.0,1.949,0.41,us,13.46,8.25,0.128,17
-23.7405,-179.3795,395.029,4.1,28,172.0,5.652,0.49,us,15.96,10.586,0.107,24
-33.038,179.8029,10.0,4.4,15,219.0,4.677,1.04,us,15.36,1.989,0.162,12
51.4867,16.0497,5.0,4.5,36,35.0,1.151,0.79,us,5.58,1.898,0.128,18
50.8501,157.1112,79.757,5.0,112,84.0,2.29,0.86,us,8.51,5.038,0.022,641
-9.5135,120.05,84.061,4.1,24,76.0,2.346,1.17,us,7.63,12.425,0.198,10
0.5079,123.6649,260.89,4.7,103,62.0,4.537,0.85,us,7.34,7.143,0.048,130
14.6936,-94.5322,10.0,4.7,41,194.0,1.859,1.35,us,6.22,1.978,0.102,29
38.9489,141.9613,67.609,4.1,16,201.0,1.964,0.56,us,9.12,8.361,0.214,6
21.6082,143.0361,314.38,4.1,61,66.0,5.518,0.49,us,11.76,7.781,0.087,39
45.7091,26.5334,127.609,4.2,29,70.0,0.467,0.74,us,8.12,6.673,0.152,12
-57.1716,-67.3232,10.0,4.7,28,148.0,2.252,0.71,us,11.34,1.963,0.12,23
21.7768,144.1722,137.582,4.7,92,106.0,5.596,0.6,us,11.68,7.457,0.061,82
49.4791,158.7243,10.0,4.2,15,138.0,3.549,0.68,us,13.71,1.937,0.215,6
16.5283,41.2595,10.0,4.7,66,64.0,3.593,0.83,us,9.17,1.902,0.069,63
-7.0885,155.8877,133.175,4.5,47,98.0,4.647,0.93,us,9.86,7.643,0.085,41
-55.2268,-27.8574,10.0,4.4,11,123.0,5.087,0.66,us,8.55,1.942,0.17,10
-17.1353,-178.6975,532.874,4.2,38,174.0,1.963,1.29,us,16.68,9.994,0.1,28
51.6145,159.7614,10.0,5.0,77,106.0,1.567,0.58,us,7.26,1.808,0.042,182
27.8464,128.013,10.0,4.6,46,123.0,1.033,0.51,us,7.71,1.912,0.095,33
0.597,119.0077,10.0,4.2,20,132.0,1.846,0.87,us,8.17,1.859,0.141,15
-30.1026,-177.1731,10.0,4.5,21,213.0,1.079,0.89,us,9.5,1.967,0.128,18
-17.7597,-178.0375,476.548,4.4,31,121.0,2.787,0.37,us,17.8,15.879,0.112,23
-24.2137,179.9664,520.375,4.4,25,140.0,6.68,0.5,us,17.54,11.226,0.112,23
50.7054,156.5478,12.234,4.7,102,128.0,2.51,0.58,us,10.39,4.71,0.055,102
-20.2508,-68.6433,115.696,4.1,31,59.0,0.491,1.12,us,6.9,7.449,0.175,11
50.8934,158.3331,10.0,4.4,34,165.0,2.142,0.5,us,12.3,1.963,0.112,23
51.9703,158.1461,83.176,4.5,73,133.0,1.099,0.5,us,14.64,7.143,0.062,75
-4.892,152.3166,56.068,4.9,59,69.0,0.713,0.87,us,7.65,6.802,0.055,103
54.5574,-160.0239,35.0,4.0,54,193.0,0.373,0.93,us,3.25,1.93,0.298,5
-44.3418,-82.2968,10.0,4.7,47,137.0,6.309,0.63,us,11.71,1.903,0.078,49
-11.5771,166.6781,246.672,4.1,22,152.0,3.88,0.61,us,18.06,13.324,0.117,20
-21.8848,-179.0546,584.91,4.1,23,143.0,4.937,0.36,us,12.09,9.067,0.126,17
53.0413,161.201,10.0,4.1,20,183.0,1.541,1.08,us,9.89,1.844,0.114,21
51.2982,158.7853,40.804,4.3,28,118.0,1.73,1.0,us,9.86,7.749,0.119,20
51.4751,159.0546,57.334,4.5,84,133.0,1.571,0.59,us,9.48,4.977,0.061,79
22.7691,143.5336,73.846,4.6,32,99.0,4.478,0.62,us,10.49,7.053,0.119,21
3.9122,125.921,143.154,4.4,36,103.0,0.927,0.79,us,10.98,7.07,0.101,28
-4.5323,153.1886,95.17,4.6,36,101.0,1.077,0.81,us,8.56,6.56,0.098,31
2.0269,126.8751,88.157,4.8,65,58.0,1.34,0.75,us,5.84,6.739,0.068,68
52.0603,160.0392,10.0,5.2,55,96.0,1.285,0.9,us,8.27,1.386,0.083,48
52.5217,160.6052,28.367,4.3,32,134.0,1.29,0.71,us,11.51,6.406,0.107,25
58.6208,-30.981,10.0,4.6,22,179.0,7.663,0.68,us,11.65,1.965,0.147,14
-1.92,139.1436,25.027,4.7,37,83.0,1.17,0.5,us,7.3,5.61,0.106,27
-15.0451,167.7254,121.813,4.1,18,219.0,0.643,0.81,us,12.94,6.988,0.158,11
-4.7414,122.6823,10.0,4.4,15,164.0,0.178,0.58,us,3.99,1.888,0.19,8
-34.8108,-108.6124,10.0,4.9,82,155.0,7.685,0.43,us,13.8,1.908,0.055,105
52.5319,161.1206,10.0,4.3,31,121.0,1.579,1.35,us,9.84,1.881,0.113,22
65.8577,-37.4704,10.0,4.4,99,128.0,5.4,0.57,us,8.5,1.93,0.058,86
-57.6915,157.3496,10.0,4.7,26,93.0,3.323,0.85,us,12.85,1.879,0.117,22
52.3181,160.0639,35.0,4.4,34,122.0,1.114,0.7,us,5.99,1.873,0.103,27
54.4182,-159.91,15.339,3.6,88,188.0,0.454,0.77,us,5.1,6.766,0.224,5
51.6749,-176.7088,54.591,4.5,132,126.0,0.266,1.07,us,5.11,4.981,0.033,275
36.646,71.1433,88.954,4.0,21,96.0,1.977,0.55,us,7.47,10.213,0.138,15
14.9359,-94.1828,10.0,4.3,114,147.0,2.383,0.89,us,7.28,1.917,0.043,152
50.7542,158.8384,35.0,4.3,26,166.0,2.276,0.64,us,8.92,1.914,0.126,18
52.2837,160.7069,35.0,4.4,36,123.0,2.008,0.7,us,9.99,1.93,0.094,33
53.0361,160.8224,31.363,4.9,81,129.0,1.312,0.67,us,10.46,5.579,0.043,167
49.6826,157.3207,10.0,5.4,128,79.0,3.439,0.89,us,8.03,1.832,0.022,705
50.1406,155.9698,91.91,4.1,29,137.0,3.161,0.52,us,11.0,8.364,0.127,17
40.3695,143.8063,10.0,4.1,12,149.0,1.715,0.63,us,4.45,1.96,0.262,4
-55.82,-27.8286,72.921,4.7,19,195.0,5.211,1.02,us,8.52,10.056,0.123,20
22.8791,94.4717,99.301,4.8,94,64.0,4.817,0.71,us,9.03,6.922,0.056,100
10.8836,-86.7301,10.0,4.4,39,191.0,1.343,0.54,us,7.37,1.913,0.075,52
48.6113,157.4971,10.0,4.4,35,136.0,4.478,0.61,us,10.97,1.905,0.101,28
-60.9605,-38.8132,10.0,4.9,32,70.0,6.81,0.96,us,10.43,1.909,0.102,30
52.4082,160.9779,10.0,4.7,16,138.0,1.544,0.75,us,13.12,1.936,0.159,12
52.3708,160.5584,10.0,4.7,70,164.0,1.333,0.87,us,10.25,1.936,0.06,85
52.1463,160.24,31.385,4.1,22,204.0,1.309,0.86,us,13.31,9.987,0.124,18
26.9904,-44.3588,10.0,4.5,36,131.0,21.984,0.49,us,13.18,1.914,0.102,28
48.8248,155.9886,10.0,4.5,28,138.0,4.423,0.8,us,12.93,1.91,0.122,20
6.1102,127.2399,35.0,5.0,55,51.0,1.905,1.43,us,6.49,1.876,0.06,89
49.9757,155.9408,69.915,4.8,76,126.0,3.323,0.54,us,10.83,7.241,0.044,159
28.4389,53.1078,10.0,4.0,16,168.0,4.447,1.0,us,9.29,1.971,0.144,13
53.1272,161.2429,10.0,4.3,36,117.0,1.568,0.97,us,8.8,1.893,0.129,17
5.1535,126.3407,87.097,4.1,20,141.0,0.955,1.04,us,10.54,8.711,0.145,13
49.8432,155.9557,68.479,4.2,45,132.0,3.446,1.14,us,10.52,6.508,0.1,32
36.1892,136.9978,260.284,4.3,116,72.0,0.652,0.76,us,7.69,5.221,0.055,96
51.415,159.5968,10.0,4.2,29,128.0,1.713,0.82,us,10.23,1.886,0.11,23
52.0628,160.4337,35.0,4.3,29,167.0,1.97,1.12,us,5.79,1.971,0.094,32
52.4126,160.4179,10.0,5.0,80,103.0,1.237,0.73,us,8.41,1.829,0.041,195
21.9783,143.4867,206.886,4.2,44,140.0,5.231,0.55,us,12.22,8.251,0.092,33
10.9868,141.8298,10.0,4.5,24,93.0,3.938,0.99,us,11.07,1.893,0.156,18
49.4228,157.9117,10.0,4.4,83,122.0,3.635,0.8,us,8.9,1.885,0.064,71
52.2593,159.0057,68.738,4.3,97,132.0,0.795,0.66,us,5.14,6.524,0.059,85
6.9246,-73.0749,152.487,4.0,37,160.0,2.409,0.71,us,9.66,7.378,0.1,27
16.8976,-94.9574,100.912,4.3,35,136.0,0.882,0.9,us,5.98,7.441,0.09,35
-1.3244,101.6844,223.538,4.2,41,145.0,3.272,0.62,us,8.28,8.532,0.089,35
51.3663,159.7691,35.0,4.2,17,138.0,1.797,0.37,us,13.38,1.955,0.146,14
-23.3297,178.8291,553.818,5.1,42,81.0,5.604,0.65,us,15.36,7.2,0.098,39
1.4969,127.0354,124.95,4.6,41,91.0,0.793,0.54,us,7.6,6.612,0.09,37
49.0866,157.9168,10.0,4.5,39,138.0,10.376,0.41,us,14.57,1.92,0.075,52
52.1579,160.5211,10.0,4.2,24,162.0,1.433,1.15,us,10.48,1.964,0.113,22
51.4041,159.4794,35.0,4.4,20,178.0,1.7,1.12,us,6.07,1.972,0.155,12
-45.2025,-81.6384,10.0,4.4,14,146.0,7.247,0.82,us,14.96,1.464,0.17,10
53.0067,160.8847,35.0,5.5,111,105.0,1.35,0.86,us,7.5,1.861,0.02,843
13.0649,-59.509,47.429,4.4,39,149.0,0.092,0.83,us,9.73,6.248,0.112,23
16.4835,41.2462,10.0,4.4,33,165.0,3.58,0.62,us,6.77,1.919,0.109,24
-24.2229,-67.0357,184.514,4.3,23,71.0,1.643,0.76,us,10.73,9.674,0.138,15
19.8467,144.611,414.877,4.1,51,137.0,4.716,0.54,us,14.1,10.632,0.083,40
-23.0448,-114.7045,10.0,4.6,38,150.0,6.341,0.64,us,6.18,1.905,0.094,34
6.4428,126.0354,135.093,4.5,53,112.0,0.77,0.65,us,9.27,6.883,0.078,48
6.131,126.5569,87.865,4.3,25,115.0,1.347,0.95,us,6.49,7.75,0.147,15
-14.9848,167.6284,121.432,4.2,12,262.0,0.616,0.79,us,15.82,6.986,0.199,7
-57.7983,157.68,10.0,4.4,34,102.0,3.383,1.01,us,12.02,1.927,0.104,27
51.2507,158.9781,35.0,4.4,39,128.0,1.787,0.9,us,9.97,1.929,0.086,44
50.5956,157.9756,35.0,4.8,76,130.0,2.467,0.55,us,9.98,1.919,0.07,62
-6.5808,129.754,143.866,4.4,12,113.0,2.05,0.49,us,12.56,9.408,0.179,9
-35.5235,-179.3541,10.0,4.8,29,202.0,2.773,0.47,us,8.89,1.833,0.118,22
-13.2216,167.0856,216.896,4.1,25,158.0,2.215,0.62,us,14.25,4.449,0.111,22
-4.7965,153.1888,66.556,4.0,28,122.0,6.423,0.81,us,11.03,7.098,0.108,23
39.9357,113.5049,10.0,4.3,47,71.0,2.051,0.55,us,8.3,1.851,0.087,37
64.4923,-17.9921,10.0,4.2,36,136.0,1.46,0.85,us,7.88,1.921,0.113,22
-29.7529,-71.8422,27.059,4.3,32,145.0,0.55,0.82,us,5.35,5.147,0.154,12
9.2996,125.3861,10.0,4.5,48,112.0,2.224,0.64,us,11.96,1.875,0.087,45
7.3874,126.8234,75.105,4.2,16,158.0,1.274,0.65,us,10.24,8.909,0.159,11
-20.9122,-179.1043,655.017,4.1,39,136.0,4.139,0.63,us,9.12,8.286,0.082,41
43.5849,-127.4161,10.0,3.9,70,188.0,2.449,1.03,us,8.68,1.992,0.297,3
0.7343,118.5703,13.398,4.5,49,69.0,1.033,0.5,us,4.91,4.689,0.092,35
-22.5156,-175.1089,10.0,5.0,49,141.0,17.054,0.44,us,13.71,1.466,0.1,32
52.2495,160.422,25.376,4.3,25,123.0,1.868,0.99,us,10.14,6.38,0.142,14
42.3005,144.6126,41.853,4.5,74,134.0,1.119,0.7,us,3.15,7.024,0.052,108
-57.1362,-67.2125,10.0,4.7,24,146.0,2.222,0.56,us,14.89,1.964,0.127,19
52.5353,160.9724,23.612,4.1,15,159.0,1.493,0.71,us,12.99,9.802,0.175,9
51.0765,160.8599,10.0,4.1,20,135.0,2.38,0.59,us,6.18,1.911,0.145,13
41.0788,142.8297,42.891,4.1,17,153.0,0.967,0.54,us,7.46,9.248,0.174,9
52.8687,160.6724,37.555,4.1,38,119.0,1.234,0.54,us,10.32,7.544,0.091,33
16.4815,-59.454,10.0,4.6,31,188.0,1.547,0.77,us,8.01,1.949,0.146,14
-18.3904,-177.9348,542.938,4.2,70,77.0,3.199,0.67,us,9.63,7.597,0.072,53
50.3753,159.2399,10.0,4.3,26,126.0,2.677,0.51,us,8.64,1.795,0.129,17
-3.2992,129.0835,23.328,4.1,29,61.0,1.465,0.67,us,4.27,5.454,0.12,22
49.1712,157.6072,10.0,4.4,42,90.0,3.913,0.69,us,11.46,1.905,0.089,36
43.9745,83.5142,10.0,4.5,82,80.0,2.949,0.61,us,8.36,1.9,0.065,68
29.4143,129.3204,10.0,4.3,15,121.0,2.305,0.61,us,7.28,1.842,0.177,9
50.2502,-173.2148,10.0,3.8,83,201.0,2.049,1.21,us,9.23,1.984,0.085,36
51.0955,157.0591,81.686,4.3,25,138.0,2.054,0.5,us,10.49,8.117,0.147,13
-22.2645,-68.5286,114.878,4.1,23,47.0,0.757,0.7,us,4.01,6.09,0.151,12
0.4033,123.5481,243.0,4.4,53,92.0,1.632,0.87,us,7.93,7.036,0.086,40
-19.306,-177.6744,420.052,4.3,26,88.0,7.325,0.86,us,13.35,11.427,0.116,21
51.7599,160.1586,10.0,5.6,50,122.0,1.567,0.64,us,9.74,1.886,0.097,37
13.6213,57.3897,10.0,4.4,25,88.0,11.32,0.72,us,12.82,1.918,0.13,17
48.9933,154.8595,61.429,4.4,31,137.0,4.492,0.78,us,12.58,7.97,0.114,22
-56.2613,-27.1118,101.546,4.3,20,182.0,5.714,0.93,us,17.99,3.156,0.161,14
34.9571,97.3443,10.0,4.3,41,138.0,5.279,0.66,us,11.96,1.898,0.085,39
36.5903,70.9303,199.268,4.1,47,90.0,2.118,0.51,us,6.45,8.49,0.109,24
51.316,159.9795,10.0,4.4,16,161.0,1.896,0.86,us,7.47,1.953,0.178,9
-50.309,134.899,10.0,4.5,19,133.0,14.822,0.48,us,16.13,1.945,0.131,17
36.5008,70.2911,211.153,4.1,31,147.0,2.195,0.97,us,9.29,10.75,0.165,10
27.6348,55.1537,10.0,4.1,20,144.0,2.84,0.81,us,12.44,1.914,0.158,11
9.8057,126.1921,37.473,4.5,22,129.0,2.785,0.68,us,6.19,6.356,0.145,14
16.501,-59.5122,10.0,4.9,76,61.0,1.503,0.73,us,8.24,1.867,0.032,309
-47.1298,97.264,10.0,4.4,10,157.0,36.385,0.74,us,10.51,1.947,0.203,7
44.4939,147.3328,78.971,4.4,24,154.0,3.423,1.13,us,14.32,10.146,0.13,17
53.2783,160.9008,35.0,4.3,33,134.0,1.379,0.96,us,10.92,1.919,0.126,19
51.1346,158.9957,35.0,4.3,19,129.0,1.904,1.1,us,9.11,1.954,0.153,12
49.5769,155.0091,103.902,4.7,38,96.0,3.917,0.81,us,5.84,7.583,0.108,28
49.338,158.004,10.0,4.5,37,165.0,3.713,0.89,us,10.67,1.922,0.106,27
-24.5497,-68.1048,135.332,4.2,23,78.0,1.481,0.46,us,6.73,7.725,0.153,12
1.5122,124.8959,10.0,3.8,16,132.0,3.252,0.46,us,8.26,1.627,0.162,10
52.9373,160.7052,47.898,5.7,88,147.0,1.246,0.77,us,9.41,6.148,0.05,144
-14.4218,167.1653,124.522,4.3,20,157.0,1.02,1.08,us,15.98,8.143,0.143,14
44.2724,83.4036,10.0,4.7,61,80.0,2.64,0.7,us,3.48,1.843,0.053,110
51.4092,160.9922,10.0,4.0,18,129.0,2.166,0.6,us,6.84,1.796,0.232,5
42.7638,146.4289,35.0,4.3,31,188.0,2.536,0.49,us,3.9,1.972,0.125,18
-1.6625,-81.0281,10.0,4.7,53,155.0,1.56,0.67,us,8.89,1.908,0.089,38
12.8969,145.2843,10.0,5.0,110,98.0,0.799,0.58,us,6.84,1.827,0.06,90
-18.3323,168.4127,39.846,4.3,19,197.0,3.094,1.01,us,8.09,6.816,0.16,13
54.5973,-159.8086,43.905,5.4,62,122.0,0.266,0.79,us,6.08,5.084,0.087,45
7.2611,126.8583,85.434,4.3,27,113.0,1.283,1.08,us,11.57,8.216,0.114,22
-10.1177,123.3333,75.872,4.0,13,83.0,0.988,0.86,us,9.03,7.386,0.164,10
52.8862,160.8619,10.0,4.9,35,134.0,1.345,0.46,us,12.01,1.914,0.116,23
51.6024,160.128,10.0,4.1,19,170.0,2.12,0.81,us,8.88,1.969,0.14,14
-21.4329,-66.814,212.454,4.5,91,55.0,1.971,0.67,us,6.67,7.025,0.049,123
50.1047,159.4145,10.0,4.6,106,116.0,2.961,0.54,us,9.59,1.876,0.049,121
45.5011,150.8203,58.787,4.5,50,135.0,5.779,0.59,us,7.57,7.45,0.083,43
52.7186,160.7976,10.0,4.2,25,120.0,1.337,0.69,us,6.52,1.81,0.121,19
-2.6246,129.5177,10.0,4.4,22,50.0,1.924,1.04,us,6.26,1.882,0.127,18
40.2919,143.9546,10.0,4.4,17,147.0,1.824,0.63,us,7.34,1.95,0.169,12
53.5339,159.9458,72.524,4.0,48,134.0,0.931,0.46,us,12.21,7.763,0.077,46
39.7525,141.8182,67.302,4.4,53,142.0,1.185,0.75,us,6.67,6.465,0.091,35
2.6947,128.4941,220.634,4.4,49,89.0,2.218,0.85,us,6.92,8.271,0.095,32
39.4388,143.2757,43.286,4.5,39,135.0,2.167,0.32,us,5.75,7.664,0.104,27
50.6407,157.067,69.815,4.4,66,136.0,2.502,0.54,us,11.58,8.292,0.073,54
13.8349,-92.9186,10.0,4.1,62,162.0,1.505,0.85,us,6.54,1.958,0.08,43
28.117,140.6942,184.387,4.3,35,138.0,1.668,0.62,us,12.38,9.856,0.111,23
49.8801,157.1114,44.827,4.1,30,193.0,3.253,0.57,us,14.53,9.021,0.126,17
-24.4566,-179.4699,478.47,4.6,18,144.0,7.067,0.47,us,12.06,12.502,0.105,27
-23.0889,-66.7635,197.346,4.5,55,52.0,1.311,1.33,us,8.31,6.764,0.079,47
52.2259,160.1627,34.018,4.4,63,166.0,1.22,0.65,us,11.98,6.834,0.079,46
29.1109,87.0043,10.0,4.1,36,168.0,3.646,1.26,us,10.55,1.93,0.103,26
51.7149,159.7649,10.0,4.3,23,135.0,1.478,0.72,us,5.55,1.935,0.111,23
4.7394,97.0968,13.532,4.2,16,169.0,0.508,0.68,us,5.84,5.606,0.167,10
-6.3392,152.0385,10.0,4.4,28,112.0,2.138,0.49,us,7.87,1.897,0.126,18
60.686,-58.6764,10.0,4.3,44,127.0,5.149,0.87,us,9.59,1.886,0.08,44
41.219,142.4005,50.834,4.5,72,133.0,0.977,0.55,us,3.55,7.351,0.063,73
11.6459,144.2293,10.0,4.3,18,167.0,2.03,0.94,us,11.01,1.955,0.148,13
52.1154,160.5132,21.747,4.5,36,118.0,1.456,0.76,us,10.68,6.15,0.092,35
2.8767,-31.3804,10.0,4.7,30,46.0,9.754,0.77,us,7.86,1.853,0.117,27
52.1862,160.3937,35.0,4.8,53,123.0,1.884,0.85,us,10.08,1.923,0.08,49
81.2206,118.5921,10.0,4.9,97,77.0,9.907,0.57,us,10.5,1.889,0.03,345
33.2906,132.2414,50.631,4.5,62,81.0,1.435,0.65,us,5.48,7.525,0.067,67
52.0231,160.4865,10.0,4.4,21,179.0,1.504,1.02,us,11.51,1.957,0.162,11
52.2239,160.8208,10.0,4.3,33,188.0,1.547,0.91,us,10.87,1.973,0.105,26
51.3268,-173.9362,10.0,4.5,71,179.0,0.891,0.73,us,5.22,1.872,0.051,112
-57.7727,158.171,36.909,4.8,15,142.0,3.311,0.35,us,15.86,14.026,0.197,8
51.3009,158.1844,57.224,4.0,14,231.0,1.749,0.83,us,13.81,10.051,0.164,10
60.5458,-139.8306,5.0,4.3,68,46.0,0.498,1.08,us,3.3,1.888,0.111,23
27.1872,-44.4207,10.0,4.4,20,143.0,18.335,0.76,us,15.49,1.904,0.17,13
52.5195,159.7031,16.375,6.3,29,121.0,0.815,0.67,us,9.45,5.247,0.116,29
-22.3515,-179.5451,589.473,4.7,89,69.0,5.109,0.69,us,9.17,6.896,0.034,263
50.1601,157.2531,35.0,4.7,140,132.0,2.965,0.73,us,5.98,1.704,0.049,124
42.2035,144.6299,34.552,4.8,77,126.0,1.112,0.91,us,7.79,5.519,0.041,183
30.7816,103.4528,10.0,4.5,65,137.0,5.165,0.79,us,10.4,1.896,0.065,70
15.8203,-95.1353,49.469,4.1,50,133.0,1.766,0.87,us,3.84,12.88,0.078,45
51.5818,159.4382,35.0,4.7,31,127.0,1.523,0.56,us,8.91,1.94,0.117,23
-0.4711,-80.281,38.23,4.4,38,111.0,0.453,0.88,us,6.2,8.186,0.114,22
51.1,159.3869,25.837,4.3,24,156.0,1.979,0.7,us,13.66,7.658,0.133,16
1.5904,123.9628,298.53,4.2,26,77.0,2.873,0.42,us,10.32,9.442,0.132,16
47.2336,152.3526,120.88,4.0,47,136.0,6.555,0.6,us,12.72,8.36,0.088,34
54.1281,-159.7374,10.0,3.6,108,166.0,0.71,0.82,us,4.94,1.943,0.151,11
51.2005,157.2175,87.431,4.1,30,134.0,1.934,0.7,us,11.68,8.125,0.12,19
-23.1093,-177.0071,170.159,4.8,20,172.0,7.066,0.91,us,18.14,5.451,0.135,19
50.1538,158.3695,15.284,4.9,16,134.0,2.879,0.44,us,12.38,5.678,0.229,6
5.9851,-77.569,10.0,4.3,21,126.0,3.426,1.3,us,8.78,1.939,0.126,18
51.9108,159.2399,35.0,5.2,45,124.0,1.171,1.25,us,7.4,1.909,0.091,40
0.8882,-29.6473,10.0,4.5,16,98.0,9.137,0.87,us,12.55,1.919,0.15,13
35.7896,21.752,32.234,4.6,74,61.0,1.393,0.94,us,7.57,5.658,0.067,67
13.9315,120.8166,93.766,4.7,115,99.0,8.842,0.85,us,8.41,7.29,0.043,161
52.8593,160.6252,10.0,4.2,43,147.0,1.207,0.94,us,9.19,1.923,0.107,25
52.3289,160.1775,38.776,4.3,20,151.0,1.161,0.59,us,9.19,6.467,0.177,9
-34.802,-108.325,10.0,4.7,48,82.0,7.677,0.43,us,11.46,1.874,0.083,44
-8.4001,112.9424,140.342,4.3,34,101.0,1.199,0.78,us,9.71,7.662,0.103,27
17.0899,-85.274,10.0,4.7,59,52.0,4.649,1.02,us,8.29,1.929,0.031,311
19.037,145.8981,149.951,4.0,21,109.0,3.777,1.15,us,15.36,8.749,0.143,13
13.238,50.0275,10.0,4.6,84,60.0,5.633,0.62,us,10.97,1.889,0.064,72
21.0544,121.9087,10.0,4.7,83,68.0,1.916,0.57,us,7.83,1.871,0.067,68
52.1637,161.4144,10.0,4.0,41,180.0,1.893,0.46,us,9.91,1.804,0.093,31
51.9303,156.1036,207.607,4.1,52,146.0,1.53,0.41,us,11.24,7.889,0.088,35
54.5036,161.1448,49.785,4.5,132,137.0,2.096,0.77,us,10.2,7.455,0.048,128
-30.9936,-178.1587,41.804,4.4,22,140.0,7.175,0.81,us,15.84,9.98,0.13,17
-10.457,-78.8393,28.861,4.3,26,157.0,2.48,0.58,us,6.09,6.421,0.142,14
52.0828,161.7033,10.0,4.1,20,125.0,2.089,0.77,us,10.29,1.918,0.175,9
51.5809,160.1036,10.0,4.4,18,152.0,1.698,0.71,us,10.16,1.951,0.138,15
41.0304,143.2638,33.371,4.3,37,136.0,0.987,0.77,us,5.0,3.741,0.1,28
52.3932,160.147,55.118,4.9,65,143.0,1.108,0.86,us,7.87,11.465,0.056,100
29.2666,129.3392,10.0,4.9,65,85.0,2.433,0.56,us,7.03,1.756,0.048,138
-58.7694,-24.8342,10.0,4.8,66,69.0,7.852,0.48,us,10.59,1.819,0.071,62
52.3144,160.15,31.091,4.5,46,134.0,1.157,0.63,us,11.51,6.198,0.098,31
-31.086,-179.303,261.252,4.5,20,178.0,6.756,1.11,us,8.19,10.643,0.156,13
41.0006,141.958,67.663,4.2,50,141.0,0.709,0.39,us,6.38,5.448,0.097,30
-6.1006,130.5131,142.824,4.5,22,94.0,3.603,0.79,us,8.21,9.375,0.14,15
-7.2759,130.1164,38.596,4.3,19,124.0,4.821,0.77,us,13.46,8.036,0.161,11
-14.675,166.6608,10.0,5.2,110,39.0,0.929,1.11,us,5.29,2.584,0.036,249
-32.8357,-178.1414,10.0,4.4,13,176.0,3.567,1.11,us,14.67,1.951,0.161,11
60.4782,-139.6172,5.0,4.3,60,47.0,0.497,1.01,us,1.96,1.906,0.133,19
52.2235,160.4049,35.0,5.0,135,118.0,1.336,0.7,us,8.74,1.909,0.034,281
11.8324,-88.1576,10.0,4.3,60,206.0,1.404,0.62,us,6.29,1.957,0.078,48
51.9391,160.3837,35.0,4.2,15,201.0,1.518,0.4,us,8.22,1.935,0.132,16
36.7989,74.5496,10.0,4.7,77,84.0,2.231,0.73,us,9.58,1.841,0.062,79
51.4654,159.6286,28.466,5.1,158,116.0,1.672,0.65,us,7.59,4.79,0.037,240
17.848,40.1509,10.0,4.4,29,164.0,6.8,0.67,us,11.73,1.908,0.12,20
-39.0242,175.7827,125.573,4.9,36,63.0,0.041,1.15,us,4.66,6.023,0.129,21
-15.7357,167.1841,31.682,4.5,20,146.0,0.288,0.88,us,8.99,6.504,0.15,13
-57.39,-66.929,10.0,4.6,44,144.0,2.495,0.51,us,13.28,1.92,0.084,42
50.3121,158.7994,10.0,4.5,64,134.0,2.717,0.78,us,9.42,1.9,0.074,54
-26.3458,-178.7719,350.591,4.5,45,108.0,2.983,0.96,us,15.47,8.853,0.085,40
4.7615,126.568,54.349,4.4,56,91.0,1.086,0.91,us,5.71,7.579,0.083,48
50.2465,159.1104,10.0,4.3,28,134.0,2.796,0.81,us,5.9,1.889,0.142,15
-43.0653,-82.4902,10.0,4.6,27,152.0,7.513,1.33,us,8.08,1.88,0.107,26
42.6807,141.2242,130.202,4.3,18,74.0,1.58,1.3,us,7.57,4.302,0.169,10
-18.8939,-177.6713,598.301,4.1,25,87.0,3.705,0.65,us,15.46,4.768,0.126,17
55.0413,163.3843,26.848,4.1,46,159.0,3.447,0.91,us,13.55,6.66,0.086,37
12.6711,120.8885,10.0,4.3,29,124.0,15.703,0.56,us,14.67,1.939,0.119,20
-17.9339,-178.1592,583.455,4.1,17,136.0,2.77,0.61,us,23.98,21.853,0.157,13
52.3665,160.578,35.0,4.3,15,136.0,1.902,0.54,us,9.92,1.933,0.187,8
49.449,160.1193,10.0,4.4,39,139.0,3.696,0.93,us,11.86,1.908,0.101,28
-25.2274,-175.3988,10.0,4.7,21,76.0,9.62,0.57,us,12.44,1.913,0.134,23
27.6842,-102.815,10.0,4.0,59,74.0,1.195,0.58,us,5.09,1.898,0.1,27
4.2738,125.8902,92.607,4.5,53,45.0,0.613,0.96,us,7.34,6.521,0.078,48
51.4602,159.6865,10.0,4.8,154,121.0,1.69,0.98,us,8.43,1.869,0.042,178
-63.8354,173.0182,11.159,4.5,9,168.0,14.186,0.98,us,15.27,6.995,0.271,4
39.1039,28.1816,10.0,4.4,45,73.0,0.994,1.02,us,4.37,1.893,0.102,28
52.5306,160.5399,42.644,4.1,16,121.0,1.25,0.4,us,9.6,7.565,0.185,8
53.2364,159.5708,88.527,4.1,30,163.0,1.134,0.48,us,13.24,9.456,0.117,20
50.1719,158.2134,25.912,4.1,15,163.0,2.869,0.76,us,13.71,6.753,0.197,8
51.6753,159.1235,35.0,4.2,57,132.0,1.381,0.72,us,10.16,1.943,0.08,43
39.7797,143.3081,37.034,4.2,26,155.0,1.991,0.73,us,7.5,8.767,0.175,11
53.4979,160.0252,70.25,4.3,27,137.0,0.953,0.64,us,11.53,5.433,0.125,18
41.5353,141.981,66.838,4.3,42,127.0,1.002,0.84,us,5.19,8.431,0.102,27
-4.4522,138.4343,167.912,4.1,30,109.0,0.624,0.93,us,7.99,5.832,0.107,24
22.1306,143.7965,107.584,4.4,47,114.0,5.156,0.6,us,13.3,8.331,0.088,43
29.283,129.3649,10.0,4.4,39,108.0,2.41,1.17,us,4.32,1.888,0.112,23
-6.0832,102.9046,10.0,4.5,26,102.0,1.647,0.53,us,9.28,1.906,0.124,19
52.7784,160.7397,32.417,4.3,96,115.0,1.289,0.45,us,8.9,5.639,0.054,99
-47.8636,116.0066,10.0,4.5,23,93.0,14.948,0.67,us,14.62,1.904,0.135,16
0.5086,121.2234,92.951,4.3,25,122.0,0.744,0.95,us,6.16,7.185,0.168,11
35.8102,32.1868,78.055,4.3,65,119.0,1.262,0.84,us,6.93,9.646,0.099,29
23.9796,121.671,19.975,4.6,47,80.0,0.205,0.6,us,3.81,3.572,0.089,38
49.9825,156.8591,35.0,4.9,81,120.0,3.174,0.7,us,10.71,1.91,0.045,151
51.0686,91.4009,10.0,4.3,32,144.0,4.947,1.03,us,8.75,1.952,0.113,22
50.9723,159.3056,10.0,4.4,15,251.0,2.358,0.29,us,14.38,1.991,0.17,10
30.8218,50.4361,10.0,5.1,94,46.0,5.752,0.79,us,7.11,1.791,0.038,230
-7.7094,130.0939,25.913,4.5,33,91.0,5.203,0.6,us,9.64,5.603,0.119,21
-34.9561,-179.5571,10.0,4.6,27,114.0,3.122,1.1,us,7.47,1.898,0.122,20
7.4423,126.5296,103.392,4.5,24,85.0,1.013,0.75,us,9.62,8.559,0.127,18
0.652,121.5651,80.966,4.5,54,113.0,0.906,0.77,us,8.79,7.143,0.079,47
-33.8851,-179.2063,41.327,4.2,14,263.0,4.19,0.33,us,17.27,12.589,0.186,8
1.801,127.6136,132.222,4.1,27,106.0,1.052,0.59,us,10.71,9.016,0.117,20
39.5266,143.5987,10.0,4.5,35,135.0,2.316,0.91,us,8.92,1.907,0.108,25
49.6988,158.8076,10.0,5.1,86,88.0,3.331,1.25,us,8.62,1.81,0.049,138
7.6895,126.9736,35.0,4.9,56,46.0,1.514,1.02,us,7.27,1.874,0.071,62
51.4392,159.2978,10.0,4.1,35,167.0,1.636,0.51,us,11.98,1.956,0.102,26
51.7735,161.5279,10.0,4.2,31,135.0,2.162,0.74,us,10.49,1.875,0.118,20
49.0048,155.8154,35.0,4.4,40,135.0,4.277,1.23,us,11.24,1.937,0.112,23
52.9982,159.8814,56.934,4.4,87,130.0,0.745,0.45,us,9.4,6.561,0.051,111
13.3091,-92.6013,10.0,4.4,64,218.0,1.604,0.87,us,5.75,1.978,0.07,59
-24.8036,179.8157,506.506,4.6,61,132.0,7.213,0.75,us,13.43,7.67,0.072,58
50.1812,158.172,10.0,4.5,73,134.0,2.862,0.55,us,9.86,1.883,0.071,59
-6.2494,151.3713,10.0,4.5,19,196.0,2.192,1.1,us,12.86,1.972,0.163,11
50.0007,159.5453,10.0,4.2,16,208.0,3.078,0.27,us,11.38,1.998,0.177,9
50.3621,159.2207,10.0,4.4,30,133.0,2.689,0.89,us,4.68,1.895,0.134,16
9.0513,126.2212,10.0,4.3,19,133.0,2.069,0.61,us,10.54,1.916,0.147,13
-58.7537,-25.1169,35.0,4.8,56,69.0,15.81,0.49,us,8.77,1.882,0.075,55
27.945,140.802,10.0,4.7,51,75.0,1.491,1.03,us,7.4,1.854,0.085,42
-57.6193,157.9536,39.626,4.3,20,140.0,3.177,0.76,us,7.97,11.422,0.148,13
-31.9385,-69.9338,108.723,4.2,40,63.0,0.891,0.69,us,5.44,6.489,0.128,18
27.9898,50.4539,10.0,4.1,13,195.0,5.979,1.1,us,9.75,2.004,0.262,4
-23.9387,179.9727,510.307,4.3,35,100.0,10.571,0.93,us,13.7,10.047,0.097,30
16.5462,-59.5533,10.0,4.5,67,164.0,1.461,0.59,us,6.4,1.94,0.089,37
52.1484,160.2623,35.0,4.7,16,164.0,1.835,0.77,us,12.18,1.98,0.195,8
36.6789,71.3884,155.622,4.3,44,165.0,1.85,0.53,us,8.83,9.805,0.09,35
35.1436,23.325,61.077,4.5,95,63.0,2.325,0.96,us,8.34,7.619,0.057,90
51.4756,158.0179,42.348,4.6,37,109.0,1.598,0.66,us,9.55,7.387,0.111,24
52.9267,-168.3886,55.764,4.0,40,170.0,0.286,0.88,us,6.38,6.231,0.102,26
5.5943,126.3364,57.556,4.3,19,178.0,1.209,0.49,us,11.02,10.491,0.16,12
15.8014,146.1953,123.377,4.5,38,145.0,0.681,1.12,us,14.72,7.453,0.095,32
51.3799,159.7982,10.0,4.3,23,129.0,1.791,0.61,us,8.5,1.787,0.148,13
85.2524,96.4465,10.0,4.3,40,75.0,11.217,0.5,us,10.68,1.927,0.097,30
19.2351,145.578,165.243,4.5,69,122.0,3.977,0.69,us,12.42,8.049,0.068,64
-10.7646,161.6979,35.0,4.5,24,159.0,2.17,0.53,us,9.33,1.91,0.124,19
52.5607,158.8308,75.31,4.2,31,133.0,0.476,0.77,us,8.91,6.536,0.107,24
29.3171,129.4347,10.0,4.4,38,86.0,2.355,0.78,us,6.93,1.884,0.11,24
52.5153,158.3911,10.0,4.1,12,134.0,0.533,0.78,us,7.54,1.849,0.198,7
50.8117,159.9977,10.0,4.5,69,132.0,2.367,0.65,us,8.29,1.886,0.074,54
-6.8976,127.3696,378.31,4.2,19,97.0,4.181,0.86,us,12.1,10.93,0.215,7
50.2297,158.3352,29.28,4.1,14,232.0,2.805,0.61,us,10.21,8.114,0.213,6
-5.5859,152.3863,10.0,4.3,25,114.0,1.32,0.9,us,6.99,1.617,0.119,20
1.7337,-102.3149,10.0,4.3,22,165.0,16.155,0.61,us,8.06,1.959,0.123,19
27.1766,143.1584,10.0,4.1,14,215.0,0.872,0.46,us,8.96,1.953,0.166,10
13.5274,120.7937,196.71,4.4,47,113.0,13.894,0.67,us,11.59,5.297,0.092,41
20.291,146.1406,35.0,4.4,25,198.0,5.034,1.08,us,13.86,1.98,0.103,27
-12.5365,167.0174,201.186,4.7,147,66.0,2.899,0.5,us,9.86,5.901,0.038,218
12.0587,125.4691,34.385,4.3,35,131.0,4.959,0.57,us,14.18,6.195,0.104,26
-22.8279,-179.1866,523.472,4.5,57,110.0,5.682,0.91,us,13.68,8.086,0.081,45
52.4248,160.4688,35.0,4.9,24,166.0,1.817,0.95,us,11.53,1.971,0.136,17
-21.4617,-179.0454,588.803,4.4,86,69.0,4.599,0.78,us,12.9,6.275,0.036,225
3.2829,-31.4821,10.0,4.6,36,99.0,10.068,0.47,us,6.63,1.886,0.103,28
51.6218,159.2507,35.0,4.2,37,126.0,1.451,1.01,us,10.15,1.93,0.094,32
52.7678,159.9575,51.899,4.1,59,119.0,0.832,0.7,us,10.74,8.347,0.074,50
50.8858,157.0731,79.74,5.2,102,77.0,2.259,0.65,us,7.97,5.352,0.022,699
7.4719,94.371,10.0,4.4,24,92.0,3.394,0.83,us,9.89,1.89,0.135,16
-15.8374,166.9705,10.0,4.1,8,146.0,0.448,0.17,us,6.38,1.892,0.369,2
23.7593,122.4732,10.0,4.4,25,97.0,0.859,0.68,us,3.14,1.818,0.178,9
52.8497,159.8919,60.353,4.1,21,169.0,0.772,0.92,us,12.63,7.638,0.184,9
12.7855,120.8882,10.0,4.4,29,102.0,15.601,0.8,us,11.38,1.444,0.11,24
52.4694,160.352,24.799,4.5,29,150.0,1.174,0.85,us,8.57,6.529,0.127,18
51.0169,158.3088,35.0,5.6,158,76.0,2.021,0.78,us,8.94,1.885,0.029,420
23.0925,143.4046,35.0,4.4,20,121.0,4.136,0.79,us,15.21,1.941,0.144,14
50.2465,159.1692,10.0,4.3,19,231.0,2.8,0.62,us,7.69,1.965,0.218,7
49.4078,156.0024,35.787,4.3,26,182.0,10.606,0.56,us,14.78,10.777,0.129,18
50.2768,159.0998,10.0,4.9,71,125.0,2.765,1.03,us,8.39,1.87,0.029,363
51.566,159.6404,10.0,5.1,118,111.0,1.581,1.31,us,4.73,1.842,0.031,339
-10.2699,161.4662,87.959,4.2,31,109.0,1.709,0.74,us,10.5,7.893,0.121,20
51.6219,159.8177,10.0,4.5,48,164.0,1.576,0.99,us,10.93,1.942,0.093,34
52.3921,160.8318,10.0,4.1,37,151.0,1.47,0.92,us,8.48,1.817,0.107,24
51.7258,159.9022,10.0,4.4,27,144.0,1.509,0.51,us,11.97,1.942,0.13,17
0.4719,-79.3622,57.913,4.4,32,116.0,0.954,0.38,us,3.75,9.028,0.134,16
-24.5919,179.8478,521.261,4.3,25,188.0,7.016,0.73,us,15.71,17.366,0.119,20
52.5883,160.7176,10.0,4.2,54,149.0,1.329,0.66,us,9.39,1.938,0.083,41
-56.1936,-28.0196,118.051,5.0,58,67.0,5.21,0.9,us,11.69,6.518,0.074,61
4.9046,126.1883,89.617,4.4,55,109.0,0.727,0.75,us,7.6,6.736,0.086,39
52.7805,160.2293,35.0,4.5,55,150.0,0.987,0.57,us,5.43,1.935,0.08,46
7.3364,127.0845,10.0,4.9,91,55.0,1.517,1.18,us,6.57,1.855,0.056,99
-31.5118,-179.0856,10.0,4.8,13,148.0,2.47,0.64,us,8.71,1.902,0.16,12
-7.966,122.8202,233.285,4.0,22,51.0,0.88,0.53,us,7.8,6.738,0.184,10
52.3431,160.354,28.122,4.4,25,123.0,1.787,0.66,us,10.03,2.85,0.134,16
-22.2542,-68.4574,112.746,4.4,32,94.0,0.741,0.95,us,5.93,6.441,0.13,17
-2.842,139.3141,38.481,5.0,54,88.0,1.297,0.8,us,6.26,0.841,0.077,54
-4.0746,126.6944,262.171,4.3,48,50.0,4.027,0.76,us,8.17,7.711,0.102,27
-6.6149,129.9367,145.501,4.5,59,59.0,2.079,0.63,us,8.69,7.264,0.073,55
52.3527,160.7563,10.0,5.2,110,105.0,1.447,1.06,us,7.41,1.82,0.029,384
17.7113,-83.6415,10.0,4.6,36,161.0,5.04,0.82,us,9.92,1.944,0.068,70
-6.3495,151.7823,10.0,4.7,69,83.0,2.044,0.64,us,3.84,1.826,0.068,65
45.7258,26.7541,116.169,4.4,24,105.0,0.615,0.9,us,6.6,7.126,0.178,9
14.7132,147.2185,10.0,4.8,55,141.0,1.473,0.65,us,6.61,1.72,0.087,41
16.0294,-96.5603,37.287,4.1,45,163.0,0.506,0.78,us,3.71,12.45,0.097,29
50.0304,159.3884,10.0,4.5,91,135.0,3.032,0.48,us,9.97,1.906,0.06,83
-1.8556,139.2105,10.531,4.2,17,85.0,1.255,0.65,us,7.33,5.393,0.16,11
52.587,160.5846,32.647,4.3,52,137.0,1.826,0.83,us,12.43,6.265,0.083,41
28.3448,104.6089,10.0,4.4,48,76.0,4.68,0.81,us,9.88,1.902,0.093,33
51.5167,159.7543,39.234,4.2,18,137.0,1.655,0.57,us,12.33,8.171,0.152,12
1.9255,-30.7366,10.0,4.5,35,82.0,19.923,0.61,us,13.47,1.904,0.099,30
52.5754,160.3722,39.839,4.3,26,121.0,1.138,1.27,us,10.86,8.172,0.148,16
-55.6948,-28.0794,34.514,5.4,118,39.0,5.044,0.7,us,10.25,3.717,0.059,100
-2.7234,139.3183,44.942,5.0,58,31.0,1.346,1.11,us,3.37,5.889,0.073,60
-22.586,69.2985,10.0,5.0,134,52.0,6.207,0.61,us,10.12,1.776,0.054,108
51.7128,159.9186,25.934,4.5,22,126.0,1.526,0.71,us,11.27,6.167,0.121,20
13.8613,39.7802,10.0,4.5,28,175.0,3.784,0.75,us,14.91,1.97,0.096,32
36.5599,71.2843,222.085,4.0,46,96.0,1.994,0.95,us,7.23,7.794,0.134,15
51.8966,152.8117,420.632,4.2,77,127.0,3.224,0.45,us,12.75,8.112,0.069,59
-5.0328,151.767,82.848,4.7,89,97.0,0.925,0.88,us,10.21,6.282,0.058,93
33.707,139.4568,10.0,4.4,30,109.0,0.661,0.55,us,6.3,1.903,0.155,12
52.9516,160.6343,35.0,4.2,35,137.0,1.202,0.7,us,10.87,1.948,0.092,33
-17.1006,168.4113,215.635,4.2,19,83.0,2.012,0.82,us,11.25,11.331,0.146,13
52.7616,160.911,10.0,4.3,22,196.0,1.395,0.59,us,6.79,1.994,0.116,21
-57.7392,157.6493,10.0,5.1,30,94.0,3.328,0.92,us,5.73,1.833,0.122,22
13.0045,145.5948,10.0,4.7,66,98.0,0.915,0.64,us,6.03,1.807,0.076,53
50.3645,158.5326,10.0,4.4,15,138.0,2.664,0.91,us,11.16,1.729,0.203,7
-17.778,167.9642,35.0,4.2,19,179.0,2.43,0.66,us,10.66,1.969,0.147,13
49.2409,151.5056,303.797,4.0,150,98.0,5.491,0.8,us,10.38,5.75,0.043,144
52.4871,160.0617,57.62,4.3,21,165.0,1.012,0.45,us,11.07,8.914,0.147,13
39.8072,143.6256,10.0,5.0,60,120.0,2.191,0.73,us,7.54,1.871,0.045,156
52.7107,159.5146,63.772,4.6,36,117.0,0.611,1.36,us,10.13,7.03,0.103,28
52.9863,160.7735,10.0,5.8,115,80.0,1.284,0.61,us,9.7,1.54,0.041,219
-17.6887,168.1436,42.788,4.4,18,188.0,2.404,0.76,us,10.74,7.922,0.155,12
2.5584,96.0033,36.198,4.3,14,197.0,2.005,0.39,us,10.76,4.719,0.238,5
29.3104,129.5515,10.0,4.6,182,103.0,2.326,0.41,us,6.53,1.849,0.043,167
53.3261,160.5689,54.316,4.3,38,164.0,1.194,1.06,us,12.76,8.36,0.108,24
-18.3819,-177.7835,568.771,4.4,37,90.0,3.312,0.64,us,15.2,10.844,0.102,28
51.4339,158.7407,35.0,4.8,36,181.0,1.593,0.8,us,11.61,1.971,0.082,46
54.6066,161.7234,35.0,4.3,55,130.0,2.416,0.74,us,7.56,1.87,0.082,42
-29.9981,-178.5042,142.344,4.7,18,91.0,0.902,0.93,us,12.39,8.774,0.138,17
1.5433,127.1003,117.586,4.5,80,72.0,0.811,0.66,us,6.35,6.185,0.071,59
50.7517,-173.1818,10.0,3.8,16,233.0,1.585,0.47,us,6.35,1.967,0.228,5
38.5547,141.4848,87.939,4.4,40,134.0,2.255,0.99,us,8.72,8.702,0.112,24
52.0022,177.5731,153.772,4.1,26,170.0,0.583,0.48,us,5.45,7.174,0.14,14
-24.7514,-176.3688,35.0,4.7,22,131.0,4.687,0.7,us,8.01,1.931,0.108,26
-2.862,101.1384,62.216,4.5,40,189.0,2.346,0.75,us,9.9,9.426,0.104,27
52.7204,-161.3684,10.0,4.1,67,172.0,2.325,0.81,us,7.56,1.971,0.26,4
34.705,70.7777,10.0,4.7,124,79.0,1.368,0.58,us,7.84,1.845,0.053,108
-8.0859,119.191,9.922,4.1,17,59.0,1.582,1.05,us,4.44,5.196,0.184,8
50.227,159.1358,10.0,4.7,66,135.0,2.817,1.02,us,10.09,1.894,0.036,239
50.3159,158.8756,10.0,4.9,195,117.0,2.715,0.61,us,8.62,1.866,0.034,278
-4.9392,153.0422,44.851,4.1,20,185.0,1.149,1.14,us,7.51,8.779,0.14,14
-19.5181,-173.0066,10.0,4.5,18,161.0,2.941,0.49,us,11.43,1.931,0.14,18
9.9182,-70.7624,10.0,4.5,89,149.0,1.036,0.53,us,5.68,1.888,0.061,78
-31.5715,-69.5068,116.488,4.1,30,83.0,0.714,0.7,us,6.02,9.192,0.234,5
18.7959,145.561,227.288,4.3,57,97.0,3.542,1.04,us,9.47,8.604,0.077,48
-0.1296,123.1429,125.43,5.0,99,30.0,0.979,0.92,us,6.29,5.244,0.039,209
50.2483,159.6183,10.0,4.4,25,136.0,2.844,0.59,us,11.61,1.932,0.112,23
6.7376,-73.0446,166.852,4.3,37,93.0,2.269,0.64,us,7.97,10.378,0.051,108
50.9224,160.5181,10.0,4.5,35,167.0,2.4,1.11,us,7.64,1.952,0.099,30
44.4564,149.4049,35.0,4.7,116,137.0,4.902,0.58,us,9.97,1.91,0.057,95
-56.7236,-23.9957,10.0,5.1,28,189.0,7.503,0.91,us,15.03,1.965,0.112,26
-55.7008,-29.2896,76.67,4.5,20,117.0,4.382,0.7,us,12.32,10.024,0.121,20
53.7772,160.4941,58.333,4.3,17,168.0,1.338,0.59,us,15.39,12.626,0.177,9
-22.1775,-179.6341,596.772,4.0,20,199.0,4.917,0.6,us,20.1,8.377,0.119,19
-10.4067,124.4798,10.0,4.4,26,84.0,0.68,0.83,us,3.95,1.917,0.144,14
-24.31,-67.2445,187.979,4.5,23,67.0,1.601,0.73,us,10.94,10.213,0.128,18
52.6618,159.9063,39.226,4.3,32,120.0,0.844,0.76,us,10.89,8.515,0.099,29
34.6969,70.789,10.0,4.5,28,136.0,1.377,0.67,us,10.65,2.313,0.089,37
-22.7943,68.3326,10.0,4.4,12,263.0,49.594,0.48,us,13.88,2.013,0.204,7
-33.1375,-73.3056,10.0,4.3,28,173.0,1.397,0.81,us,6.82,1.951,0.201,7
-33.1967,-70.1194,104.314,4.2,38,79.0,0.208,0.56,us,5.46,3.631,0.136,15
49.902,156.1812,80.935,4.4,51,137.0,3.348,0.49,us,12.88,8.622,0.081,44
43.2393,-126.9507,10.0,3.9,22,262.0,1.692,0.36,us,8.07,2.012,0.17,9
-7.3281,126.7221,398.062,4.7,86,24.0,3.422,0.7,us,8.27,7.448,0.051,119
4.8731,96.6217,10.0,4.5,32,135.0,3.156,0.97,us,9.38,1.909,0.108,25
51.9108,160.235,35.0,4.3,20,151.0,1.477,0.97,us,10.41,1.95,0.129,17
49.3466,157.3035,20.729,4.4,33,136.0,3.775,0.83,us,14.18,6.649,0.11,24
40.8889,142.4766,35.0,5.5,113,67.0,1.076,0.68,us,7.01,1.822,0.046,165
52.4839,160.8309,10.0,4.2,34,145.0,1.431,0.73,us,10.85,1.941,0.115,21
23.4513,121.4769,30.693,4.1,30,93.0,0.175,1.22,us,3.65,1.792,0.185,9
40.9821,78.1345,10.0,4.3,25,159.0,0.786,1.04,us,3.13,1.919,0.153,12
23.7674,120.9029,28.892,4.5,55,53.0,0.051,0.63,us,3.98,1.54,0.095,32
-56.9272,-26.5621,96.912,4.4,27,127.0,6.217,0.38,us,9.47,8.263,0.127,18
-6.0885,151.9158,10.0,4.6,44,152.0,1.773,0.94,us,10.91,1.911,0.082,44
19.6058,146.7683,10.0,4.5,68,134.0,4.44,0.4,us,5.24,1.895,0.076,51
10.4022,126.5293,10.0,4.5,20,118.0,3.442,0.94,us,10.7,1.902,0.131,17
49.5168,157.24,10.0,4.5,56,185.0,3.608,0.54,us,12.21,1.949,0.085,41
-50.3426,112.7229,10.0,4.6,20,141.0,21.396,0.57,us,15.08,1.927,0.133,19
-17.9457,-178.4226,564.849,4.6,45,95.0,2.565,0.89,us,9.43,9.444,0.092,35
52.683,160.5281,32.689,4.0,17,115.0,1.189,0.69,us,10.83,5.958,0.156,11
52.4526,160.726,10.0,4.2,17,122.0,1.386,0.99,us,11.03,1.936,0.175,10
-34.887,78.6878,10.0,4.9,65,59.0,33.29,0.45,us,12.84,1.825,0.079,51
50.9596,-179.1076,12.722,4.2,105,212.0,0.623,1.01,us,5.97,8.279,0.064,67
-53.9769,-1.7298,10.0,4.5,13,91.0,17.768,1.0,us,10.92,1.852,0.163,11
-46.9887,166.036,15.241,4.5,22,98.0,0.935,1.14,us,6.66,6.319,0.156,13
34.5308,7.4845,10.0,4.3,19,195.0,1.94,0.5,us,9.42,1.964,0.2,7
50.1343,156.9345,51.578,5.0,93,102.0,3.016,0.54,us,10.22,6.168,0.023,587
24.0837,121.8314,14.989,4.5,31,45.0,0.234,0.41,us,2.88,3.812,0.124,19
-5.8358,148.5634,175.098,4.3,48,102.0,3.769,0.75,us,10.7,7.276,0.084,40
51.8154,-167.2162,10.0,3.8,43,184.0,1.533,0.72,us,6.7,1.956,0.131,15
42.3563,-126.9405,10.0,4.3,31,274.0,1.922,0.53,us,9.88,2.015,0.126,18
50.6538,158.1272,28.102,4.6,61,126.0,2.395,1.15,us,7.36,5.526,0.036,237
50.2966,158.3914,10.0,4.1,29,132.0,2.735,0.9,us,6.18,1.905,0.109,23
-7.3874,154.4351,10.0,4.9,47,69.0,3.897,0.94,us,10.66,1.883,0.056,102
-17.9403,-179.1514,595.793,4.2,27,86.0,2.67,0.55,us,15.7,10.072,0.107,24
-23.3734,179.0041,546.395,4.6,57,58.0,5.67,0.84,us,12.26,8.892,0.031,311
-30.9493,-69.4723,108.987,4.7,61,31.0,0.908,0.63,us,4.74,5.577,0.076,52
5.764,123.9188,529.228,4.2,51,63.0,1.861,0.67,us,13.18,9.337,0.076,49
3.43,126.0536,69.487,4.4,26,127.0,1.415,0.61,us,6.81,9.027,0.126,18
50.4963,159.5782,10.0,4.2,30,136.0,2.596,0.6,us,11.61,1.93,0.118,20
51.9854,160.4228,39.875,4.3,22,138.0,1.502,0.66,us,9.24,8.312,0.133,16
26.1958,125.128,185.198,4.6,58,53.0,1.981,0.83,us,7.94,7.904,0.069,71
-59.6557,-26.3712,63.514,4.5,20,116.0,7.712,0.6,us,15.73,11.328,0.124,20
-37.1699,-16.9678,10.0,4.5,16,70.0,3.72,0.56,us,12.66,1.893,0.145,14
48.9068,154.6652,67.16,4.1,17,168.0,4.622,0.84,us,10.33,10.831,0.197,7
50.1885,156.7396,70.95,4.2,29,144.0,2.984,0.48,us,12.76,8.826,0.11,23
52.5279,158.9657,67.462,4.3,53,212.0,0.532,0.65,us,9.49,6.534,0.087,38
49.746,155.8336,57.438,5.0,93,66.0,3.563,0.81,us,10.59,5.753,0.027,429
3.0945,-31.3985,10.0,4.7,33,66.0,20.426,0.84,us,11.98,1.867,0.096,33
79.9106,-0.4571,10.0,4.1,37,60.0,2.495,0.79,us,9.19,1.919,0.1,27
51.8854,-173.9291,50.772,3.7,31,189.0,0.357,1.21,us,7.46,10.171,0.13,15
-31.2441,-69.0682,115.025,4.1,33,122.0,0.454,0.78,us,4.19,5.251,0.214,6
54.5532,-160.1187,35.0,4.0,58,162.0,0.415,0.8,us,2.56,1.93,0.108,25
52.8666,161.03,10.0,5.1,92,72.0,1.449,0.77,us,5.57,1.76,0.03,350
23.0944,94.8608,94.964,4.2,19,129.0,1.88,0.49,us,14.29,10.808,0.146,13
53.4356,160.8607,35.0,4.3,50,161.0,1.392,0.85,us,5.07,1.949,0.089,39
52.5047,160.5991,24.004,4.6,54,131.0,1.293,0.61,us,10.63,6.104,0.084,43
39.1738,28.2562,10.0,4.1,50,56.0,1.056,0.88,us,4.88,1.943,0.151,12
-56.2848,-27.6462,8.952,4.4,18,79.0,5.436,0.8,us,11.89,3.795,0.131,17
10.5728,125.5362,10.0,4.6,41,109.0,5.802,0.57,us,6.54,1.873,0.088,38
51.7916,159.2703,66.976,4.6,18,125.0,1.291,0.67,us,10.56,8.163,0.146,14
52.4255,163.6086,10.0,4.5,67,135.0,3.074,0.53,us,11.43,1.917,0.057,89
13.5155,-92.4205,10.0,4.5,44,177.0,1.334,0.88,us,7.71,1.958,0.041,178
14.6744,-93.3167,35.0,4.7,77,140.0,1.962,0.74,us,7.22,1.941,0.051,118
-2.1428,120.7358,10.0,4.6,29,62.0,0.533,0.8,us,6.02,1.93,0.125,22
49.8278,157.4403,10.0,5.3,49,126.0,3.288,1.11,us,9.51,1.864,0.09,41
-29.2831,-177.8099,10.0,4.7,30,129.0,8.87,0.77,us,13.84,1.922,0.11,25
51.8128,159.6095,35.0,4.2,23,131.0,1.347,0.73,us,11.69,1.946,0.132,16
-9.1425,125.9261,10.0,4.5,19,129.0,1.746,0.96,us,9.36,1.908,0.135,16
-5.0736,153.4977,40.702,4.2,25,102.0,1.593,0.33,us,9.71,7.977,0.132,16
48.6614,157.3988,10.0,4.7,139,131.0,4.439,0.55,us,9.43,1.882,0.037,222
9.0956,93.9539,10.0,4.5,51,120.0,4.855,0.81,us,10.79,1.885,0.089,37
1.059,125.7479,72.046,4.4,32,56.0,0.985,0.57,us,6.59,7.679,0.124,19
37.183,141.0446,60.182,4.4,31,144.0,2.362,0.52,us,8.9,7.237,0.12,20
53.4664,-166.8016,74.179,4.3,125,149.0,0.331,0.92,us,4.32,5.426,0.047,126
51.5352,159.8356,10.0,4.6,20,121.0,1.659,0.61,us,6.42,1.932,0.158,12
52.8614,160.8778,29.485,4.6,36,119.0,1.358,1.02,us,11.21,6.258,0.109,25
1.2098,126.1823,58.906,4.1,25,104.0,1.261,0.95,us,5.68,5.557,0.131,18
53.5623,160.0211,70.255,4.1,56,163.0,0.984,0.64,us,10.02,7.189,0.072,53
12.1615,-88.2506,35.0,4.4,32,169.0,1.301,0.92,us,8.25,1.969,0.117,21
-59.6091,-26.2882,104.606,5.1,79,68.0,7.714,0.54,us,11.44,7.09,0.057,100
50.5727,159.8847,10.0,4.4,30,128.0,2.571,0.34,us,9.72,1.907,0.117,21
13.4663,56.9581,10.0,4.6,27,160.0,11.44,0.83,us,13.48,1.943,0.129,18
52.6046,161.1152,10.0,4.2,49,147.0,1.554,0.76,us,9.34,1.935,0.091,34
51.2911,159.8501,10.0,4.5,27,148.0,1.886,0.65,us,9.59,1.947,0.131,17
16.3593,120.3454,89.939,4.2,20,191.0,6.462,0.45,us,23.3,13.033,0.176,9
51.7415,158.6828,63.654,4.1,26,102.0,1.284,0.74,us,5.2,7.893,0.127,17
-11.5871,166.1977,79.255,4.2,26,145.0,3.959,0.43,us,10.48,8.107,0.121,19
2.59,-31.1585,10.0,4.5,50,60.0,9.609,0.73,us,11.4,1.874,0.082,43
-18.7994,-177.669,621.184,4.2,26,231.0,3.647,0.65,us,23.39,20.576,0.105,25
25.4627,141.9557,64.321,4.3,13,148.0,1.639,1.31,us,15.02,10.217,0.201,8
6.4655,62.1701,10.0,4.4,26,112.0,35.679,0.79,us,14.15,1.918,0.12,22
13.4191,50.7436,10.0,4.4,43,142.0,6.274,0.79,us,11.89,1.92,0.095,32
-3.7962,144.6459,10.0,4.2,16,98.0,3.227,0.62,us,9.27,1.932,0.167,10
51.6647,159.923,10.0,4.4,36,218.0,1.569,0.77,us,10.43,1.961,0.1,29
0.0672,97.2173,10.0,4.2,18,219.0,3.117,0.73,us,11.23,1.976,0.176,9
-35.5154,179.0807,10.0,4.1,13,245.0,2.136,0.61,us,12.65,2.004,0.214,6
49.2985,157.5274,10.0,4.3,37,137.0,3.796,1.05,us,9.27,1.901,0.102,27
51.7662,160.4217,10.0,5.3,97,126.0,1.663,0.99,us,8.13,1.808,0.022,661
2.7456,128.4849,221.602,4.4,33,86.0,3.591,0.78,us,7.06,8.444,0.112,23
50.6926,157.4307,52.793,4.9,172,117.0,2.423,0.53,us,8.56,3.79,0.044,164
2.624,127.2715,49.74,4.5,51,74.0,1.842,0.88,us,7.01,7.421,0.096,32
-24.8401,69.8313,10.0,4.9,55,82.0,7.834,0.93,us,4.47,1.87,0.084,45
40.1689,-29.7206,10.0,4.3,42,154.0,4.058,0.74,us,13.01,1.924,0.093,33
18.626,95.0872,78.124,4.4,30,83.0,2.025,0.44,us,9.36,4.994,0.123,19
53.4033,160.4318,55.148,4.1,21,137.0,1.137,1.22,us,9.23,5.072,0.135,15
-2.9308,129.5978,20.9,4.5,33,86.0,2.641,0.55,us,8.06,5.7,0.106,26
52.3482,-169.5832,43.123,3.9,25,187.0,0.766,0.77,us,5.46,10.128,0.105,24
52.3971,160.5343,35.0,4.2,26,121.0,1.307,0.62,us,9.9,1.946,0.095,31
52.8885,160.3588,35.0,4.3,23,137.0,1.043,1.04,us,11.4,1.946,0.148,13
49.9518,158.397,10.0,4.1,14,155.0,3.08,0.45,us,14.64,1.963,0.185,8
50.4151,157.2643,53.85,4.2,32,165.0,2.711,0.69,us,8.43,9.5,0.115,21
51.5937,159.4887,37.66,4.3,64,137.0,1.522,0.88,us,10.07,7.5,0.072,60
51.7146,158.6554,35.52,4.4,63,125.0,1.311,0.76,us,8.4,7.625,0.071,57
52.2761,160.6707,22.286,4.4,92,130.0,1.441,0.69,us,9.81,5.785,0.059,83
-54.5726,-118.9566,10.0,4.7,36,119.0,30.283,0.81,us,14.26,1.888,0.095,34
52.6351,160.8157,10.0,4.9,77,121.0,1.37,0.85,us,8.32,1.877,0.034,274
18.7506,-107.6322,10.0,4.0,32,178.0,3.093,0.55,us,6.54,1.92,0.068,58
51.4203,159.505,24.468,4.5,27,127.0,1.69,1.1,us,9.82,5.626,0.115,22
52.0917,161.0989,10.0,4.2,14,122.0,1.762,1.16,us,6.0,1.913,0.263,4
-55.3723,-28.0188,10.0,4.3,13,114.0,5.017,0.48,us,15.55,1.922,0.188,8
-16.8565,-173.4989,39.87,4.3,43,56.0,3.838,0.57,us,5.1,7.514,0.094,32
23.5239,-45.1242,10.0,4.5,98,52.0,16.609,0.61,us,11.02,1.904,0.052,111
29.3499,129.5296,10.0,4.7,128,82.0,2.295,0.56,us,5.77,1.816,0.04,190
51.4135,161.2335,10.0,4.1,32,130.0,2.264,0.57,us,9.5,1.928,0.105,25
-18.1331,-177.961,566.77,4.4,28,124.0,3.035,0.57,us,19.22,12.786,0.123,21
44.461,148.0664,78.483,4.6,79,134.0,3.945,0.74,us,8.91,2.745,0.051,114
52.886,161.3167,10.0,4.4,13,109.0,1.619,1.06,us,11.52,1.928,0.219,6
51.4032,159.5752,26.928,4.2,14,128.0,1.72,1.16,us,11.08,7.352,0.216,7
50.405,156.4777,65.379,4.8,126,131.0,2.812,0.46,us,10.52,7.189,0.031,321
-13.7044,-72.7506,10.0,4.6,15,112.0,4.34,1.14,us,7.58,1.927,0.173,10
5.1687,126.6937,9.873,4.4,32,62.0,1.285,1.22,us,6.37,4.3,0.102,30
19.3217,119.6961,10.0,4.5,61,122.0,3.711,0.53,us,11.03,1.904,0.077,49
-50.2528,112.7707,10.0,4.4,19,144.0,16.114,0.88,us,7.31,1.93,0.139,17
-5.2184,129.7433,236.861,4.1,19,61.0,0.71,0.53,us,9.48,7.394,0.157,12
39.4846,143.2361,40.066,4.9,61,126.0,2.114,0.91,us,8.71,7.045,0.047,141
7.3003,123.4816,10.0,4.9,55,65.0,2.094,0.45,us,8.88,1.858,0.062,82
52.4865,160.998,25.289,5.1,162,128.0,1.525,0.77,us,10.64,5.532,0.045,165
-7.4124,130.6464,22.162,4.3,20,120.0,2.964,1.14,us,8.84,5.368,0.154,12
5.0984,123.5765,569.866,4.3,60,39.0,1.93,0.65,us,11.76,8.87,0.083,41
51.5449,159.4431,10.0,4.4,41,137.0,1.559,0.71,us,10.17,1.912,0.101,28
-20.4801,-178.1178,550.145,4.4,52,122.0,4.529,0.51,us,15.34,7.689,0.085,40
-53.4264,24.8953,10.0,4.4,18,105.0,21.24,0.61,us,14.49,1.923,0.134,16
29.2292,129.1858,10.0,5.2,97,87.0,2.517,0.99,us,2.92,1.817,0.038,231
65.9425,-37.3012,10.0,4.4,114,91.0,5.44,0.64,us,13.73,1.957,0.051,108
-46.2484,-75.5636,10.0,4.5,29,141.0,1.809,0.89,us,6.87,1.913,0.118,21
-14.8039,-173.109,10.0,4.4,15,63.0,1.564,0.57,us,7.3,1.807,0.179,9
29.6596,129.7262,10.0,4.5,43,115.0,1.947,0.94,us,7.48,1.898,0.104,27
-15.1314,-174.3373,133.876,4.4,45,100.0,2.757,0.52,us,13.01,7.812,0.087,38
51.2967,159.4748,40.389,5.0,76,117.0,1.802,0.79,us,9.83,6.819,0.049,134
-22.7921,-65.999,264.991,4.4,63,41.0,2.017,0.77,us,8.46,7.366,0.081,44
13.4747,-89.9009,77.909,4.2,85,151.0,0.441,0.75,us,5.84,6.752,0.051,106
61.9604,142.1841,10.0,4.2,26,69.0,4.841,0.87,us,9.98,1.946,0.132,16
-6.1134,151.271,10.0,4.5,28,170.0,2.106,0.69,us,7.72,1.929,0.113,23
-20.3768,-67.9493,156.159,4.1,21,76.0,1.154,0.91,us,7.17,9.154,0.214,6
11.6512,125.5795,55.483,4.2,16,136.0,4.552,0.56,us,13.41,9.367,0.199,8
-23.6383,179.9884,544.334,4.6,53,126.0,6.137,0.8,us,13.16,7.03,0.043,162
6.76,-72.9658,165.882,4.1,13,167.0,2.332,1.09,us,13.58,17.407,0.233,5
51.5468,159.9383,10.0,4.3,83,127.0,1.677,0.8,us,8.11,1.905,0.065,67
28.2462,51.7119,10.0,4.2,31,137.0,5.194,0.66,us,5.07,1.941,0.101,27
40.4693,141.9773,66.932,4.4,17,158.0,0.765,1.01,us,6.93,7.617,0.179,9
50.4798,157.7594,45.219,4.5,40,131.0,2.607,0.49,us,4.17,8.206,0.094,33
51.5999,158.1903,38.568,4.9,65,120.0,1.453,0.59,us,9.27,6.03,0.031,325
51.8908,160.0848,10.0,4.7,14,222.0,1.434,0.7,us,13.92,1.977,0.159,16
50.9043,157.4601,69.365,4.1,41,134.0,2.212,0.76,us,10.45,7.236,0.101,27
51.3629,160.977,10.0,4.2,35,177.0,2.195,0.86,us,11.32,1.933,0.115,21
13.5682,-92.4025,10.0,4.7,59,164.0,1.283,0.83,us,7.69,1.925,0.031,305
52.8288,160.6844,37.768,4.4,19,149.0,1.247,1.14,us,11.3,10.301,0.169,10
52.7024,160.2014,25.076,4.8,132,119.0,0.994,0.49,us,9.87,5.367,0.036,239
9.2857,94.2457,10.0,4.3,23,137.0,5.336,0.74,us,8.1,1.87,0.142,14
51.9237,160.4546,10.0,4.2,24,167.0,1.559,0.45,us,12.7,1.972,0.136,15
-23.666,-179.6844,508.528,4.3,34,106.0,5.774,0.93,us,13.59,6.141,0.098,29
-55.3555,-27.9244,10.0,4.4,19,98.0,5.067,0.62,us,13.34,1.937,0.127,18
36.532,70.3696,194.836,4.0,34,89.0,2.251,0.42,us,4.0,10.51,0.172,10
-5.0765,102.1558,35.0,4.5,25,202.0,1.068,0.5,us,9.94,1.972,0.135,16
-18.0362,-177.9854,582.74,4.1,36,109.0,2.964,0.71,us,14.28,4.77,0.101,27
-48.991,125.3587,10.0,4.1,11,135.0,17.161,0.5,us,14.86,1.942,0.175,9
29.2994,129.3616,10.0,4.6,56,107.0,2.396,0.98,us,7.01,1.882,0.076,52
31.352,50.2291,10.0,4.2,37,146.0,5.271,0.45,us,10.71,1.945,0.113,22
-27.1652,-175.9607,10.0,4.6,30,164.0,10.884,0.82,us,14.85,1.91,0.11,25
12.6584,123.3822,10.0,4.7,60,107.0,5.96,0.69,us,9.61,1.477,0.082,45
51.5534,160.641,10.0,4.4,32,138.0,1.914,0.85,us,9.04,1.626,0.114,22
-22.2384,-68.568,142.402,4.3,24,74.0,0.764,0.78,us,6.8,7.482,0.217,6
-3.1356,130.671,10.0,4.4,27,61.0,1.59,1.02,us,6.12,1.864,0.127,19
53.0792,159.5291,78.401,4.4,156,67.0,0.534,0.59,us,9.77,6.293,0.046,145
-57.3621,148.6989,10.0,4.7,21,113.0,19.915,0.61,us,16.26,1.925,0.133,17
-20.7057,-68.7581,128.91,4.5,25,61.0,0.673,0.88,us,6.5,6.241,0.115,22
-4.8916,152.2379,58.116,4.6,34,126.0,0.618,0.6,us,9.16,7.439,0.109,25
-2.518,121.6537,10.0,4.3,30,52.0,1.371,1.04,us,4.55,1.898,0.148,13
41.2835,142.4972,48.346,4.3,24,207.0,0.882,0.96,us,8.06,10.636,0.133,16
25.7982,125.8179,88.955,4.8,110,90.0,2.014,0.7,us,7.6,7.202,0.06,86
42.4339,-126.5642,10.0,3.3,53,243.0,1.646,0.76,us,8.56,2.009,0.345,2
-16.4962,-177.4278,10.0,4.8,23,124.0,3.072,0.63,us,12.34,1.917,0.131,18
51.572,157.9773,79.269,4.5,52,158.0,1.511,0.46,us,7.72,7.032,0.081,46
52.2197,160.2154,46.188,4.5,41,123.0,1.248,1.2,us,10.33,6.422,0.09,36
51.3979,159.6205,35.0,4.7,43,128.0,2.081,0.86,us,10.06,1.931,0.099,31
51.1923,159.1619,6.043,5.0,149,134.0,1.861,0.55,us,10.64,4.932,0.048,139
-18.0508,-178.2073,623.734,4.2,29,122.0,2.794,0.67,us,14.75,13.397,0.1,29
-12.4485,167.0104,230.059,4.3,49,90.0,2.986,0.82,us,11.87,8.616,0.083,41
-59.1087,-25.5829,84.863,5.2,58,75.0,7.704,1.11,us,12.39,6.426,0.071,65
53.5974,161.4502,35.0,4.2,20,184.0,1.776,0.76,us,8.7,1.983,0.159,12
51.0955,159.4438,10.0,4.2,22,173.0,1.992,0.64,us,7.13,1.966,0.146,15
52.48,160.2774,35.0,4.4,57,163.0,1.129,0.94,us,10.11,1.864,0.07,59
34.4855,139.4665,10.0,4.4,25,130.0,1.397,0.72,us,4.43,1.899,0.162,11
-7.6478,123.9499,336.237,4.1,42,59.0,1.959,0.94,us,6.35,6.407,0.131,16
52.4983,160.6494,10.0,4.4,83,121.0,1.324,0.66,us,4.76,1.863,0.058,85
-5.9578,150.0082,48.106,4.0,14,99.0,2.594,0.66,us,11.59,5.626,0.165,10
51.8479,159.605,34.998,4.8,61,125.0,1.315,0.71,us,9.22,5.793,0.033,288
50.7851,157.6646,41.065,4.6,56,135.0,2.323,1.01,us,11.52,7.353,0.056,95
-60.3609,-19.386,10.0,4.4,20,86.0,13.12,0.79,us,8.91,1.911,0.126,18
-34.1106,179.1058,153.43,4.2,15,105.0,3.505,0.93,us,8.77,8.222,0.175,9
52.6033,160.3283,34.411,4.4,30,119.0,1.102,0.69,us,9.43,6.426,0.101,28
-22.2884,-67.3096,170.316,4.2,18,73.0,1.04,1.12,us,8.76,7.309,0.159,11
12.8009,-89.2883,48.078,4.2,59,173.0,0.969,0.73,us,8.2,12.61,0.078,46
-5.6392,154.3387,135.478,5.0,82,89.0,2.601,0.56,us,8.36,5.941,0.064,77
-36.9459,-73.8111,35.0,4.3,28,152.0,2.264,0.92,us,4.67,1.961,0.178,9
14.649,-94.2682,10.0,4.6,65,156.0,2.021,0.82,us,7.09,1.923,0.041,177
33.1397,131.1214,9.817,4.9,114,69.0,1.721,0.57,us,6.45,4.225,0.059,90
52.5031,160.8273,10.0,5.1,117,84.0,1.422,1.31,us,8.16,1.823,0.028,416
-7.008,130.6568,73.928,4.3,37,50.0,2.58,0.68,us,7.8,7.634,0.116,21
50.3301,159.134,10.0,4.4,21,133.0,2.714,0.71,us,11.28,1.924,0.155,12
-5.3606,152.0168,40.862,4.7,49,154.0,6.272,0.76,us,14.49,7.708,0.065,72
28.0958,103.5573,10.0,4.3,24,162.0,7.838,0.59,us,12.88,1.942,0.137,15
-19.2736,-69.0855,2.139,4.3,17,173.0,0.406,0.86,us,2.74,5.255,0.189,8
51.8739,160.7053,10.0,4.2,14,214.0,1.705,0.71,us,8.49,2.003,0.199,7
32.3382,56.224,10.0,4.1,15,127.0,7.366,1.13,us,14.5,1.979,0.114,23
54.5078,-159.6655,33.73,3.6,29,206.0,0.327,0.4,us,7.04,10.345,0.352,2
7.7792,126.2481,10.0,4.3,14,197.0,0.968,0.94,us,8.42,1.931,0.188,8
7.8807,-38.6405,10.0,4.6,43,78.0,13.888,0.88,us,12.31,1.899,0.089,38
52.2925,160.7737,32.138,4.6,28,134.0,1.486,1.09,us,12.52,6.786,0.116,22
50.9849,158.6593,35.0,5.4,61,81.0,2.042,0.57,us,6.5,1.634,0.092,40
49.8937,158.2996,10.0,5.0,154,52.0,3.241,0.5,us,9.28,1.817,0.048,139
29.2949,129.4832,10.0,4.2,28,125.0,2.36,0.84,us,8.47,1.916,0.118,20
34.5564,70.7886,10.0,4.7,44,100.0,1.366,0.85,us,9.49,1.892,0.093,35
18.1793,121.4718,125.483,4.7,78,58.0,4.629,1.07,us,9.92,7.292,0.071,61
-4.1821,34.7605,10.0,4.2,16,107.0,3.744,0.69,us,6.18,1.928,0.186,8
52.395,160.1479,44.785,4.3,34,171.0,1.108,0.76,us,12.64,8.727,0.106,25
52.6115,160.9347,10.0,4.2,35,149.0,1.447,0.98,us,10.34,1.956,0.106,25
35.2159,46.7802,10.0,4.0,32,63.0,0.874,0.54,us,6.1,1.922,0.163,13
52.5755,160.6702,35.613,4.4,16,134.0,1.306,0.67,us,12.19,7.781,0.162,11
-8.5712,111.0566,117.464,4.1,20,91.0,1.631,0.48,us,5.87,8.559,0.175,10
29.7497,141.2915,121.74,4.3,21,183.0,2.759,0.54,us,12.77,9.82,0.133,16
50.0786,157.2271,35.0,4.5,23,138.0,3.048,0.54,us,13.75,1.948,0.15,14
53.1098,161.4868,10.0,4.5,27,137.0,1.714,1.02,us,7.22,1.912,0.108,25
-58.1218,-26.0536,89.699,4.4,19,142.0,19.086,0.45,us,12.62,7.842,0.131,17
49.2022,156.0021,55.741,4.3,24,183.0,4.054,0.78,us,12.6,9.715,0.153,13
-5.9522,146.9104,102.019,4.2,18,126.0,3.439,0.75,us,10.07,9.437,0.158,12
39.5444,143.5849,31.799,4.7,92,134.0,2.297,0.54,us,7.84,5.577,0.068,66
9.5365,93.7405,10.0,4.6,57,94.0,5.331,0.63,us,9.25,1.892,0.083,43
3.3517,126.8606,35.0,4.1,15,131.0,1.945,0.41,us,11.81,1.932,0.165,10
-41.3503,-75.3033,10.0,4.4,24,141.0,2.049,0.75,us,9.03,1.922,0.144,14
-0.8249,150.5514,10.0,4.3,16,132.0,3.406,0.58,us,9.52,1.862,0.154,12
40.9028,142.9449,35.0,4.1,17,154.0,1.123,0.87,us,4.05,1.927,0.198,7
52.762,160.1217,41.532,4.1,31,120.0,0.929,0.54,us,11.16,8.685,0.097,29
-20.7731,-174.2402,10.0,4.6,21,141.0,4.395,0.9,us,8.85,1.943,0.122,20
52.1241,161.0182,10.0,4.3,35,167.0,1.703,1.11,us,8.7,1.832,0.111,23
-4.8112,103.0418,65.038,5.0,93,50.0,0.456,0.99,us,8.37,4.568,0.055,106
-19.0942,169.6384,10.0,4.2,26,109.0,4.057,0.81,us,8.52,1.914,0.121,19
-17.6156,-178.7872,548.042,4.9,54,78.0,2.095,0.62,us,13.62,9.926,0.076,54
16.476,40.9347,10.0,4.5,49,127.0,3.834,1.31,us,13.05,1.946,0.08,46
-13.2903,167.002,206.545,4.4,27,146.0,2.153,1.06,us,14.48,6.581,0.108,25
-47.2353,166.0299,44.558,4.3,28,105.0,1.159,0.85,us,8.16,11.548,0.138,15
-21.2037,168.5192,10.0,4.9,33,186.0,1.72,0.46,us,4.52,1.909,0.12,22
34.6092,70.8142,10.0,4.1,13,213.0,1.389,0.67,us,7.08,1.982,0.145,13
27.0552,86.7342,10.0,4.1,16,197.0,4.684,0.31,us,11.49,1.916,0.15,14
54.3707,-159.8603,10.0,3.9,29,223.0,0.487,0.84,us,4.48,1.977,0.23,5
-58.3778,-23.6582,10.0,4.8,37,70.0,15.826,0.69,us,6.18,1.858,0.09,38
-15.1925,-176.8391,10.0,4.7,13,96.0,1.52,0.51,us,6.97,1.834,0.195,8
52.1658,160.4818,10.0,5.0,62,118.0,1.409,1.38,us,9.05,1.88,0.052,119
17.2366,19.5868,10.0,4.4,24,247.0,14.318,0.39,us,8.41,2.012,0.126,18
42.0242,137.5574,286.491,4.1,81,58.0,2.912,0.96,us,9.0,7.608,0.066,63
52.7306,160.5708,34.522,5.0,163,92.0,1.201,0.63,us,8.27,4.131,0.024,535
-31.5476,-178.4085,10.0,5.0,24,245.0,6.583,0.72,us,10.11,1.981,0.129,19
-57.1605,-67.1881,10.0,4.7,30,135.0,16.585,0.57,us,15.85,1.9,0.123,20
51.2783,159.6687,10.0,4.4,21,129.0,1.857,1.32,us,10.4,1.928,0.155,12
-2.2776,138.9354,37.56,4.3,29,77.0,0.898,0.91,us,8.79,1.786,0.109,24
64.5247,-39.9652,10.0,4.2,50,138.0,4.201,0.62,us,7.38,1.511,0.065,66
-29.3889,-179.0368,341.612,4.9,187,41.0,0.978,0.73,us,9.13,3.772,0.032,301
-17.9667,-178.5633,611.607,4.0,27,122.0,2.468,0.56,us,15.24,8.692,0.116,20
52.0906,160.7429,35.0,5.1,57,123.0,2.118,1.09,us,12.27,1.932,0.076,55
51.2231,158.3175,35.0,4.9,69,124.0,1.815,0.98,us,8.18,1.91,0.045,153
2.6308,127.2557,84.922,4.3,40,97.0,1.85,0.74,us,9.96,8.768,0.094,32
34.5739,70.653,10.0,4.4,49,141.0,1.255,0.67,us,8.69,2.428,0.08,45
51.5651,159.5352,10.0,5.1,113,133.0,1.558,0.82,us,9.72,1.88,0.035,264
50.4323,160.0336,10.0,4.4,38,134.0,2.734,0.53,us,10.87,1.925,0.099,29
49.2785,155.3187,67.254,4.5,41,137.0,4.116,0.46,us,4.23,7.897,0.081,44
-3.677,-102.9953,10.0,4.9,70,146.0,13.044,0.83,us,12.83,1.911,0.027,416
-4.1792,128.6891,9.651,4.6,54,75.0,1.259,0.52,us,7.27,4.259,0.087,40
-15.6033,-179.7463,10.0,4.4,15,109.0,1.215,0.38,us,9.53,1.911,0.19,8
12.977,-88.8024,66.155,4.2,45,165.0,0.676,0.86,us,10.35,9.522,0.089,35
24.0687,126.2927,10.0,4.8,47,136.0,1.904,0.81,us,8.44,1.91,0.071,63
52.8199,160.5122,11.1,4.3,35,147.0,1.146,0.73,us,9.91,5.807,0.116,21
20.2387,96.2024,10.0,4.5,38,151.0,1.541,0.84,us,3.46,1.868,0.106,26
-21.4887,-68.5894,148.938,4.0,21,106.0,0.68,0.49,us,7.37,6.264,0.184,8
50.1721,158.6943,24.951,4.4,27,138.0,2.855,0.69,us,11.35,5.649,0.13,17
19.3196,-109.041,10.0,4.0,112,123.0,1.895,0.74,us,8.06,1.927,0.054,92
5.6924,124.2808,35.0,4.3,30,94.0,1.527,0.85,us,6.97,1.926,0.125,18
-23.4303,179.0358,559.959,4.6,54,132.0,5.731,0.95,us,13.78,9.717,0.057,93
52.1695,160.1852,35.0,4.4,49,186.0,1.268,1.1,us,11.9,1.962,0.082,43
-55.379,-24.7252,10.0,4.7,21,111.0,6.885,0.5,us,13.23,1.936,0.112,25
-4.5746,-12.581,10.0,4.6,14,97.0,3.776,0.36,us,8.45,1.867,0.182,10
-19.4012,-176.545,310.539,4.4,69,123.0,4.855,0.37,us,12.74,3.821,0.081,44
5.3262,125.9846,100.462,4.3,15,151.0,0.775,0.7,us,9.15,6.49,0.177,9
50.3222,158.9527,28.158,4.4,67,80.0,2.712,0.88,us,9.97,5.241,0.071,57
-17.6386,-178.6599,561.135,4.4,29,164.0,2.21,0.42,us,16.53,9.568,0.105,26
49.8497,157.0971,24.164,4.3,21,133.0,3.285,0.58,us,8.46,5.086,0.188,8
-31.2609,-71.4682,22.366,4.3,25,161.0,0.405,0.78,us,3.85,8.5,0.306,3
50.369,158.6245,20.346,4.8,78,134.0,2.658,0.71,us,11.12,5.495,0.04,190
6.2483,126.4764,83.347,4.6,70,105.0,1.208,0.73,us,7.84,5.844,0.056,96
50.8403,158.6814,10.0,4.3,33,149.0,2.186,0.97,us,12.72,1.962,0.095,31
-6.2207,154.8856,135.416,4.0,18,157.0,3.378,0.83,us,14.19,8.406,0.144,13
47.0627,152.8241,67.469,4.2,58,124.0,6.814,0.86,us,10.73,6.353,0.076,48
50.8184,-172.9466,10.0,3.8,28,221.0,1.59,0.55,us,3.43,2.01,0.136,14
10.9745,123.8122,10.0,4.6,42,126.0,4.254,0.97,us,6.0,1.901,0.09,37
42.0733,142.5545,58.43,4.3,72,91.0,0.453,0.51,us,7.11,7.526,0.072,54
11.0619,124.216,10.0,4.6,47,131.0,4.189,0.77,us,13.46,1.892,0.087,39
52.1406,-168.5339,28.671,3.8,21,218.0,0.856,1.0,us,8.44,13.924,0.108,22
53.2219,160.4758,38.316,4.4,22,138.0,1.118,0.45,us,7.41,9.024,0.118,21
-53.2194,140.1271,10.0,4.6,21,139.0,11.375,0.66,us,10.15,1.932,0.125,20
52.3212,160.5594,10.0,4.9,58,104.0,1.359,0.53,us,6.51,1.852,0.058,94
-21.2202,168.6323,10.0,4.6,21,181.0,1.77,0.71,us,7.33,1.858,0.207,10
49.9828,158.2756,10.0,5.0,167,102.0,3.054,0.52,us,5.62,1.823,0.047,146
49.1483,156.5494,35.0,4.2,14,194.0,4.031,0.59,us,13.37,1.96,0.236,6
52.3124,160.2713,10.0,4.4,72,113.0,1.217,0.8,us,9.09,1.874,0.052,106
7.1636,127.2666,10.0,4.3,28,83.0,1.677,1.17,us,8.56,1.903,0.119,20
-41.6242,-83.5423,10.0,4.6,29,139.0,9.837,0.97,us,6.97,1.923,0.105,27
-52.149,14.7784,10.0,4.3,13,119.0,20.24,0.85,us,15.08,1.957,0.168,12
26.6107,142.0317,42.683,4.1,23,161.0,0.502,0.54,us,11.46,9.338,0.139,14
8.8276,-83.937,10.0,4.4,26,145.0,0.91,0.8,us,8.17,1.907,0.131,17
56.1841,163.3254,10.0,4.4,41,100.0,4.173,0.7,us,9.01,1.796,0.074,53
1.1965,96.9156,10.0,4.2,15,205.0,0.668,0.4,us,7.53,1.937,0.216,6
50.5943,157.6929,35.122,4.3,35,126.0,2.504,1.07,us,10.14,7.962,0.099,29
51.4836,159.7335,25.182,4.6,56,157.0,1.68,0.92,us,8.55,5.381,0.077,51
7.2409,126.7015,74.077,4.6,35,115.0,1.127,0.95,us,6.32,8.562,0.103,28
52.1429,179.7058,173.056,3.8,14,132.0,0.163,0.71,us,10.03,10.91,0.127,16
-18.5806,-71.3245,28.67,4.0,19,233.0,0.956,0.71,us,7.28,5.454,0.259,4
49.1775,156.4662,35.0,4.8,151,116.0,4.012,0.5,us,9.61,1.893,0.032,307
-27.1801,-177.7645,10.0,4.2,16,203.0,10.153,0.53,us,9.93,1.984,0.147,15
50.625,158.9095,17.599,4.8,136,76.0,2.407,0.56,us,7.69,2.796,0.042,175
-7.3346,-111.1817,10.0,4.5,61,122.0,37.165,0.49,us,7.4,1.9,0.067,64
21.5934,143.1209,304.108,4.5,171,124.0,5.544,0.58,us,11.4,7.826,0.043,158
36.9322,136.4174,10.0,4.5,48,57.0,1.486,1.06,us,5.84,1.853,0.083,44
51.6776,158.2914,71.792,4.1,17,134.0,1.366,0.77,us,7.4,9.379,0.175,9
19.4279,38.9931,10.0,4.1,29,138.0,8.685,0.82,us,12.0,1.956,0.111,22
13.8649,39.8597,10.0,4.5,37,97.0,3.725,0.62,us,10.55,1.934,0.102,28
52.2723,160.2989,23.026,4.8,86,133.0,1.79,0.57,us,11.27,5.651,0.066,72
51.4375,159.3951,10.0,5.0,84,123.0,1.653,0.86,us,8.82,1.888,0.064,78
10.6259,-86.0467,10.0,4.3,34,203.0,1.127,0.93,us,8.6,1.982,0.113,22
51.3192,159.3399,29.101,4.7,108,121.0,1.759,0.68,us,8.63,5.311,0.056,97
-9.9186,121.7796,35.0,4.7,33,78.0,1.352,0.99,us,5.33,1.901,0.099,31
50.4604,157.8554,30.288,4.8,38,131.0,2.614,1.04,us,11.44,6.421,0.097,33
36.5231,70.6484,197.741,4.0,27,173.0,2.308,0.71,us,7.95,6.028,0.144,13
52.0672,159.8494,35.0,4.2,33,113.0,1.206,0.84,us,6.17,1.915,0.105,25
-38.1828,176.317,176.613,4.4,25,64.0,0.63,0.45,us,4.32,6.191,0.169,10
52.1894,160.2939,30.891,4.5,46,123.0,1.829,1.25,us,9.28,5.796,0.09,48
-63.6835,172.6283,10.0,4.5,22,86.0,14.307,0.55,us,10.72,1.899,0.124,19
51.8377,160.8717,10.0,4.6,54,126.0,1.806,0.63,us,8.95,1.839,0.054,103
1.857,127.3892,127.143,4.6,41,95.0,2.581,1.12,us,7.66,7.434,0.093,34
-10.4725,123.827,10.0,4.1,17,82.0,0.834,0.33,us,7.11,1.941,0.214,6
11.8758,-87.1342,50.175,4.2,50,182.0,0.823,0.56,us,5.16,10.114,0.095,31
-18.885,-173.018,10.0,4.6,13,103.0,2.931,0.52,us,11.94,1.458,0.164,11
51.2027,158.4178,35.0,4.3,15,135.0,1.829,0.69,us,10.77,1.949,0.202,7
34.9428,104.6648,10.0,4.9,50,143.0,1.284,0.65,us,5.21,1.891,0.099,32
53.2008,159.8389,56.502,4.1,16,188.0,0.738,1.03,us,13.76,11.799,0.185,10
52.441,160.4984,10.0,4.3,16,209.0,1.266,0.77,us,10.03,1.999,0.147,13
-33.7505,-179.3787,35.0,4.2,17,189.0,4.244,0.94,us,12.1,1.517,0.152,12
-54.5739,157.0698,10.0,4.5,22,88.0,1.093,1.14,us,5.95,1.767,0.119,21
20.9127,121.0522,26.785,5.1,131,77.0,1.896,0.62,us,8.65,5.363,0.052,121
-24.3512,179.9396,521.596,4.5,55,96.0,5.251,0.88,us,8.03,7.841,0.084,41
5.9005,126.9658,105.097,4.2,11,128.0,1.802,0.4,us,7.24,9.119,0.2,7
18.3943,-102.3794,10.0,4.3,48,203.0,1.655,1.01,us,8.11,1.951,0.058,84
50.7947,158.8605,18.599,4.9,97,130.0,2.236,0.66,us,8.89,4.737,0.04,202
28.4439,54.0647,10.0,4.3,29,84.0,3.975,0.49,us,9.24,1.896,0.129,17
20.7067,95.9036,10.0,4.3,26,158.0,3.492,0.53,us,9.84,1.907,0.148,14
-50.7727,-27.8732,10.0,4.6,17,118.0,6.323,0.52,us,14.26,1.9,0.173,10
12.2091,-87.6562,35.0,4.6,192,137.0,1.411,0.82,us,7.17,1.936,0.042,173
13.8852,145.2884,120.493,4.1,23,150.0,0.503,0.44,us,10.88,7.533,0.123,18
51.487,159.3122,35.0,4.5,26,161.0,1.902,0.95,us,12.88,1.967,0.121,20
-25.7683,-176.8847,77.33,4.3,21,132.0,3.599,0.46,us,13.0,9.22,0.133,17
52.1637,159.0157,61.099,4.1,36,162.0,0.889,0.59,us,9.4,7.804,0.103,26
16.4124,122.1573,67.848,4.1,15,131.0,6.991,0.24,us,10.96,9.38,0.184,8
51.5803,160.0888,10.0,4.4,50,127.0,1.694,0.93,us,8.9,1.903,0.081,51
53.0021,161.2123,26.808,4.3,59,128.0,1.548,0.61,us,11.18,6.066,0.08,44
-32.6819,-71.8419,27.573,4.1,27,181.0,0.972,1.0,us,3.68,7.513,0.262,4
-18.0405,-178.2504,518.316,4.2,79,137.0,2.754,0.5,us,14.27,7.27,0.073,55
43.6603,147.8058,47.63,4.9,113,135.0,3.793,0.41,us,9.8,7.362,0.058,95
-57.7704,157.628,10.0,4.6,17,106.0,3.361,0.87,us,13.18,1.914,0.141,15
-9.8482,119.4386,43.699,4.2,24,79.0,0.865,1.08,us,6.79,12.57,0.176,9
50.3444,159.023,10.0,4.4,35,138.0,2.693,0.54,us,12.9,1.931,0.109,24
37.0417,58.3061,10.0,4.5,52,106.0,0.899,0.95,us,5.87,1.896,0.082,44
-55.6029,-27.7956,35.274,4.4,15,123.0,5.182,0.21,us,14.43,10.277,0.143,14
28.0769,139.8114,424.572,4.0,103,57.0,2.322,0.75,us,10.82,7.366,0.058,88
40.674,145.1876,10.0,4.5,73,135.0,2.033,0.67,us,5.44,1.887,0.076,51
23.2606,123.0482,10.0,4.6,45,95.0,1.201,1.19,us,5.24,1.9,0.114,24
-36.529,-73.0687,35.0,4.1,22,188.0,1.539,0.41,us,6.73,1.984,0.234,5
52.2812,159.8921,35.0,4.7,31,133.0,1.061,0.96,us,11.43,1.952,0.153,13
-5.5614,147.2535,182.408,4.5,48,57.0,3.496,0.59,us,8.0,5.573,0.061,80
54.3524,58.9495,10.0,3.7,15,89.0,2.066,0.93,us,6.45,1.692,0.251,4
50.2456,158.7095,10.0,4.5,73,106.0,18.258,0.62,us,12.54,1.878,0.072,57
-57.9207,-24.5323,10.0,4.4,22,104.0,16.434,0.65,us,13.75,1.925,0.115,22
-19.75,169.6761,241.798,5.0,69,38.0,3.527,0.73,us,7.4,4.409,0.038,224
12.6595,143.1289,125.891,4.5,45,67.0,1.93,0.52,us,11.66,8.77,0.093,34
-16.3302,167.2356,19.584,4.9,36,143.0,0.879,0.62,us,9.87,5.202,0.096,34
41.2822,142.7532,40.195,4.3,32,142.0,0.792,0.91,us,6.2,8.466,0.122,19
-7.1826,128.1258,223.536,4.0,29,60.0,4.593,0.52,us,9.74,8.012,0.15,12
-23.9969,-66.7009,196.538,4.4,33,63.0,1.71,0.84,us,8.66,8.223,0.107,25
18.4849,145.0895,478.314,4.7,122,60.0,3.295,0.82,us,10.82,6.927,0.036,232
51.8197,160.4602,35.0,4.2,23,164.0,1.638,0.79,us,10.8,1.993,0.136,15
30.0981,70.1192,10.0,4.7,66,100.0,4.482,0.73,us,7.3,1.884,0.085,42
5.3031,127.0477,126.766,4.8,96,93.0,1.662,0.78,us,7.14,6.47,0.043,169
14.0159,145.3686,109.345,4.3,13,110.0,0.645,0.31,us,9.65,9.276,0.188,8
52.0022,160.335,35.0,4.3,24,124.0,1.451,0.68,us,7.06,1.938,0.137,15
-47.7943,115.8814,10.0,4.5,17,128.0,14.885,0.67,us,9.59,1.921,0.144,14
43.3942,-126.9726,10.0,3.7,92,204.0,1.589,0.9,us,8.74,2.003,0.191,7
8.448,127.6638,10.0,4.6,47,127.0,2.478,0.73,us,8.31,1.893,0.093,34
48.4112,157.2249,10.0,5.0,93,106.0,4.706,0.58,us,11.33,1.862,0.034,268
27.4384,52.5615,10.0,4.2,43,82.0,4.108,0.64,us,7.95,1.917,0.099,28
51.6023,159.5305,10.0,4.8,78,126.0,1.523,0.69,us,7.63,1.864,0.057,97
-58.636,-24.6785,10.0,4.6,31,100.0,7.858,0.44,us,5.5,1.901,0.105,27
-59.3012,-60.2417,10.0,4.8,30,113.0,5.776,0.63,us,10.53,1.915,0.095,38
-5.0562,151.1592,141.886,4.2,34,93.0,1.14,0.72,us,11.26,3.116,0.1,28
54.5118,-160.318,18.803,4.4,58,155.0,0.53,0.69,us,6.13,5.183,0.101,28
54.9209,-161.064,52.377,3.7,32,160.0,0.515,0.48,us,3.58,9.792,0.251,4
10.5892,-42.6348,10.0,4.3,21,55.0,11.309,0.68,us,11.32,1.631,0.133,16
6.5559,125.4557,213.272,4.6,57,57.0,0.525,1.12,us,8.45,3.441,0.06,84
11.0283,-87.0723,10.0,4.3,19,195.0,1.376,0.79,us,5.95,1.978,0.188,8
51.2842,158.4725,35.0,4.5,24,127.0,1.745,0.8,us,11.04,1.92,0.156,12
52.546,160.9573,10.0,4.4,37,134.0,1.481,0.97,us,8.61,1.814,0.108,25
36.9307,21.6114,30.643,4.5,67,119.0,0.352,0.41,us,7.28,6.016,0.084,41
52.3542,160.3992,35.0,4.0,12,137.0,1.258,0.91,us,9.66,1.966,0.26,4
37.5398,19.8784,35.0,4.0,24,139.0,1.67,1.15,us,7.06,1.968,0.232,5
50.9503,159.085,28.932,4.0,34,135.0,2.094,0.53,us,8.19,5.832,0.116,20
-2.3276,134.1553,5.054,4.6,20,61.0,0.559,0.31,us,5.76,5.258,0.133,17
-17.4292,-70.3691,119.172,4.2,22,126.0,0.863,0.91,us,6.91,7.185,0.136,15
-14.6748,166.828,10.0,4.4,23,139.0,0.849,0.76,us,9.23,1.926,0.126,18
-25.7952,-176.9375,101.106,4.8,37,100.0,9.263,0.89,us,12.33,8.958,0.107,27
49.0849,158.0317,10.0,4.5,43,138.0,3.963,1.12,us,11.81,1.883,0.089,37
-7.5026,128.2246,158.743,4.3,31,73.0,4.508,0.58,us,8.13,8.002,0.107,25
52.425,160.8157,10.0,4.3,14,151.0,1.447,0.83,us,7.59,1.965,0.188,8
51.0486,159.0881,35.0,4.1,14,138.0,2.234,0.57,us,11.42,1.964,0.185,8
-25.3585,179.5477,537.754,4.1,20,128.0,11.396,0.36,us,14.52,8.65,0.131,16
-2.6383,138.8898,65.572,4.8,102,63.0,0.914,0.65,us,6.73,6.464,0.051,121
23.4679,125.3959,10.0,4.3,51,129.0,1.397,0.9,us,7.92,1.782,0.094,32
53.0767,161.0744,30.492,4.6,37,181.0,1.465,1.04,us,14.2,8.512,0.098,31
-6.5081,143.433,10.0,4.2,38,99.0,3.878,0.79,us,9.16,1.885,0.102,27
-31.415,-67.7291,10.0,4.5,35,41.0,0.815,1.1,us,5.35,1.9,0.121,21
52.2073,160.4286,44.12,4.0,22,123.0,1.358,0.6,us,7.07,7.932,0.125,17
17.916,147.4196,10.0,4.4,50,128.0,3.086,1.19,us,10.65,1.881,0.077,48
-55.9421,-27.8538,106.301,5.1,57,69.0,5.227,1.16,us,10.7,5.996,0.071,64
51.5085,159.3931,35.0,4.6,43,132.0,1.585,0.87,us,11.01,1.934,0.091,36
30.2167,51.95,10.0,4.5,55,62.0,6.466,0.68,us,9.66,1.881,0.089,37
-58.1885,-15.9097,10.0,5.1,84,56.0,12.081,0.51,us,10.7,1.369,0.066,75
52.3755,160.6875,10.0,4.8,12,174.0,1.399,0.67,us,11.25,1.967,0.175,10
51.1875,159.7868,10.0,4.4,27,125.0,1.968,1.38,us,8.84,1.94,0.13,19
9.357,93.9629,10.0,5.0,156,19.0,2.58,0.56,us,6.47,1.739,0.05,137
54.4532,161.4173,45.267,4.0,30,132.0,2.18,0.61,us,9.04,10.006,0.119,20
24.309,124.949,35.0,4.2,21,232.0,0.655,0.91,us,12.98,1.999,0.159,11
49.0127,157.92,10.0,4.2,13,233.0,4.042,0.73,us,12.86,1.91,0.235,5
51.6779,160.0257,10.0,4.4,92,113.0,1.59,0.8,us,8.54,1.862,0.064,70
54.3731,167.4906,10.0,4.3,43,130.0,4.271,0.81,us,10.62,1.886,0.07,58
-59.3645,-25.6066,35.0,4.7,22,174.0,7.841,0.93,us,14.73,1.981,0.126,20
-22.752,-179.3842,455.11,4.2,15,206.0,5.532,0.53,us,25.32,23.944,0.158,11
2.3547,127.2403,104.912,4.3,31,144.0,1.577,0.81,us,6.96,7.92,0.094,32
-6.0279,150.2339,35.0,4.7,24,90.0,2.467,0.5,us,10.35,1.933,0.138,16
53.177,161.0048,10.0,4.1,55,162.0,1.428,0.55,us,10.65,1.93,0.083,42
52.6312,160.6671,30.242,4.5,29,137.0,1.285,0.82,us,13.58,6.359,0.135,16
52.2858,160.291,27.676,4.5,33,122.0,1.243,1.01,us,10.55,6.494,0.099,30
14.0639,-89.9381,10.0,4.8,62,60.0,0.222,0.39,us,4.3,1.818,0.045,155
65.8196,-37.5333,10.0,4.6,55,117.0,5.387,0.83,us,8.41,1.902,0.035,243
2.0579,127.2379,88.129,4.4,43,97.0,3.185,0.5,us,9.28,7.98,0.1,30
-47.3288,97.6416,10.0,4.4,12,157.0,20.688,0.62,us,11.14,1.946,0.17,10
52.5145,160.8117,8.71,4.6,120,116.0,1.409,0.61,us,5.67,4.678,0.043,164
-27.0844,-70.0839,68.743,4.5,48,75.0,0.363,0.8,us,3.94,4.794,0.089,37
52.6878,160.7325,28.431,4.3,24,126.0,1.307,0.45,us,10.46,6.691,0.129,17
-15.2084,-178.4429,414.974,4.3,65,52.0,2.454,0.89,us,11.74,6.437,0.045,142
14.7856,-91.0593,169.27,4.3,28,161.0,1.52,0.75,us,10.97,13.509,0.126,18
53.0892,160.3148,10.0,4.3,18,194.0,1.007,1.39,us,12.17,1.971,0.129,17
12.5505,142.3023,146.104,4.7,62,64.0,2.705,0.86,us,10.15,8.434,0.059,87
51.3993,158.7285,18.834,5.0,93,91.0,1.627,0.74,us,8.29,3.891,0.025,527
-5.2422,151.7219,78.563,5.0,56,86.0,1.133,0.56,us,8.81,5.591,0.07,64
39.2068,28.171,10.0,4.0,18,56.0,1.024,0.68,us,4.86,1.953,0.298,3
-14.9984,-176.4803,10.0,4.5,20,93.0,4.257,1.23,us,12.89,1.924,0.171,10
52.3103,160.586,10.0,4.8,72,123.0,1.93,1.01,us,8.82,1.882,0.061,82
49.4996,159.0815,10.0,4.3,29,132.0,3.539,0.38,us,3.63,1.9,0.148,16
-6.2054,151.528,10.0,5.0,66,59.0,2.099,0.9,us,8.78,1.856,0.048,138
-5.7179,152.5813,10.0,5.2,104,87.0,1.507,0.93,us,7.29,1.876,0.059,94
51.8525,158.5231,88.695,4.5,57,133.0,1.175,0.46,us,11.25,7.364,0.074,53
52.955,159.2868,65.128,4.2,65,118.0,0.391,0.73,us,10.76,6.875,0.067,62
39.2805,143.3255,10.0,4.2,29,148.0,2.299,0.7,us,7.93,1.934,0.136,15
-9.0626,124.0975,94.912,4.0,14,87.0,0.708,0.88,us,8.23,7.782,0.183,8
35.998,137.4035,10.0,4.3,31,133.0,0.395,0.68,us,3.03,1.914,0.143,14
-25.0409,-176.5324,35.0,4.4,18,140.0,4.368,0.27,us,9.67,1.915,0.162,11
65.7888,-37.771,10.0,4.8,69,72.0,5.305,0.66,us,9.98,1.904,0.031,316
49.6322,155.4731,10.0,4.2,29,186.0,3.75,0.59,us,13.42,1.975,0.118,20
21.2891,101.6636,10.0,4.3,38,67.0,1.603,1.07,us,6.66,1.875,0.126,18
16.3948,40.97,10.0,4.4,35,104.0,3.765,0.38,us,10.22,1.937,0.105,26
29.3941,130.4834,35.308,4.4,28,123.0,2.108,0.77,us,8.65,6.781,0.134,16
53.1689,-35.1398,10.0,4.5,79,114.0,18.623,0.62,us,13.11,1.919,0.048,124
38.2452,75.6079,112.706,4.7,98,168.0,2.458,0.82,us,7.66,7.822,0.064,75
50.1142,157.2083,35.0,4.6,80,115.0,3.014,0.61,us,9.03,1.88,0.056,94
24.3662,122.205,55.14,4.2,18,124.0,0.589,0.9,us,3.34,8.173,0.216,6
51.3432,159.6046,10.0,4.4,20,221.0,1.782,0.49,us,7.87,1.926,0.162,11
25.0849,141.6249,10.714,4.2,12,168.0,2.065,0.86,us,15.61,5.808,0.167,10
50.9137,157.0616,65.35,4.3,86,127.0,2.233,0.61,us,10.84,7.329,0.061,76
43.4404,-126.8241,10.0,4.1,42,211.0,2.04,0.91,us,8.48,1.982,0.185,8
49.4373,158.4165,10.0,4.4,17,232.0,3.594,0.98,us,9.48,1.95,0.163,11
50.7677,158.3223,29.636,4.2,47,130.0,2.268,0.56,us,7.91,6.422,0.09,34
-12.5965,-14.8284,10.0,4.5,20,105.0,4.657,0.65,us,7.86,1.914,0.135,16
-20.8813,-178.7919,591.294,4.4,22,137.0,4.314,0.72,us,16.02,7.967,0.12,20
51.253,-174.8606,10.0,3.7,28,226.0,0.99,0.81,us,3.16,1.974,0.168,9
-10.7671,164.4381,10.0,4.4,27,128.0,4.614,0.62,us,10.09,1.92,0.123,19
2.1265,126.699,50.669,4.7,149,42.0,1.502,0.64,us,3.69,6.55,0.046,143
34.2726,70.6976,10.0,4.4,34,225.0,1.315,0.68,us,8.54,1.966,0.117,21
43.5793,147.9402,35.0,4.3,22,137.0,3.851,0.53,us,12.26,1.945,0.129,17
-41.214,-91.1994,10.0,4.4,14,192.0,12.391,0.34,us,16.77,1.974,0.162,11
33.1712,-39.6429,10.0,4.7,21,94.0,12.386,0.79,us,11.72,1.806,0.137,16
3.0679,-31.4528,10.0,4.9,174,53.0,9.89,0.55,us,10.64,1.822,0.042,177
-6.1493,124.299,619.672,4.3,71,29.0,1.979,0.93,us,9.44,6.272,0.079,46
-25.9649,179.6835,508.72,4.9,65,85.0,8.319,0.68,us,12.66,7.55,0.075,56
36.9786,71.2215,126.644,4.3,22,200.0,1.667,0.63,us,8.14,11.206,0.216,6
52.3619,159.9747,82.347,4.5,49,134.0,1.044,0.7,us,11.28,5.013,0.078,48
52.308,160.8673,10.0,4.3,24,161.0,1.529,0.93,us,10.44,1.944,0.147,14
43.4984,-127.4214,10.0,3.5,78,212.0,1.772,0.78,us,10.01,2.002,0.201,6
-20.4784,-177.9309,496.735,4.0,19,171.0,4.732,0.43,us,15.65,11.935,0.138,15
8.6313,-103.4518,10.0,4.1,34,215.0,10.07,0.56,us,14.26,1.993,0.099,28
39.4367,143.4847,10.0,4.3,15,135.0,2.295,0.78,us,9.77,1.937,0.239,5
-24.349,-175.5741,35.0,4.4,17,109.0,7.421,0.83,us,15.76,1.948,0.148,15
26.3752,124.7013,10.0,4.3,20,86.0,2.032,1.05,us,7.67,1.935,0.238,5
-58.0595,-24.6223,10.0,5.2,108,39.0,7.625,0.69,us,10.26,1.778,0.06,92
52.3535,159.8069,55.322,4.2,56,208.0,0.973,0.63,us,13.25,10.601,0.068,59
39.1655,28.2881,10.0,4.1,18,70.0,1.08,0.58,us,5.32,1.977,0.302,3
27.5908,56.1931,10.0,4.1,16,135.0,2.635,0.82,us,14.37,1.951,0.158,11
17.5648,145.5746,176.024,4.3,16,103.0,2.32,0.67,us,10.44,9.292,0.153,13
-19.5757,-68.9497,122.804,4.5,27,63.0,0.248,0.97,us,3.94,4.324,0.14,15
18.9676,145.4429,248.09,4.5,130,96.0,3.721,0.76,us,10.35,7.424,0.046,140
-32.6793,-178.4099,10.0,4.5,13,171.0,3.432,0.6,us,12.4,1.788,0.171,10
48.0162,148.2416,389.556,4.3,53,125.0,3.864,0.99,us,12.62,8.216,0.037,207
50.933,157.8383,31.271,4.4,14,128.0,2.153,0.34,us,11.52,6.853,0.131,17
-6.8749,125.3117,520.733,4.5,91,39.0,3.043,0.45,us,10.46,8.24,0.07,61
52.6665,160.7739,35.0,4.5,49,120.0,1.337,1.01,us,6.31,1.89,0.084,42
-58.6924,-22.8409,10.0,4.4,17,105.0,15.362,0.72,us,12.96,1.837,0.143,14
-24.7352,179.6374,528.13,4.3,25,133.0,7.111,0.66,us,18.34,13.127,0.108,24
2.5853,-79.7833,10.0,4.3,41,161.0,1.589,0.64,us,7.59,1.736,0.104,26
51.9186,159.2403,17.275,4.5,41,125.0,1.164,1.12,us,9.46,5.238,0.09,39
51.9743,159.0236,64.883,4.4,12,213.0,1.075,0.62,us,11.7,7.515,0.179,9
13.527,120.3513,62.176,4.6,41,93.0,8.495,0.49,us,12.28,8.605,0.091,36
10.7262,125.3714,10.0,4.6,43,108.0,3.639,0.72,us,10.42,1.84,0.096,32
-36.939,-73.7837,20.99,4.4,59,105.0,2.242,0.53,us,6.87,5.61,0.084,47
52.8181,161.0695,10.0,4.6,39,119.0,1.479,1.18,us,10.39,1.898,0.085,41
34.5429,7.6272,10.0,4.2,38,128.0,1.841,0.82,us,9.92,1.931,0.099,31
51.7915,159.8475,22.905,5.1,69,125.0,1.435,0.97,us,9.48,5.594,0.059,92
17.6947,-94.2824,182.557,4.7,82,94.0,0.363,0.92,us,6.58,5.794,0.04,190
19.2995,-109.1759,10.0,4.1,40,221.0,7.072,0.5,us,13.71,1.996,0.064,67
50.9945,158.6141,48.463,4.3,50,138.0,2.032,0.68,us,8.77,7.594,0.093,33
-49.7175,163.7419,10.0,4.5,24,129.0,4.047,0.49,us,10.39,1.925,0.131,17
-22.0257,-179.6045,606.847,4.4,27,200.0,4.795,0.65,us,12.91,15.674,0.107,25
52.0258,-171.3369,35.0,3.6,68,190.0,1.156,0.72,us,6.93,1.993,0.064,62
51.4574,160.5679,10.0,4.4,17,178.0,1.962,0.49,us,6.04,1.952,0.179,9
-21.5935,170.3771,103.078,4.4,23,208.0,2.901,0.84,us,5.34,9.505,0.126,19
-7.5437,128.7425,143.323,4.2,20,78.0,3.216,1.01,us,8.9,10.099,0.153,12
51.9805,160.2649,35.0,4.2,18,217.0,1.437,0.52,us,11.52,1.984,0.153,12
31.4462,140.1365,10.0,4.6,72,132.0,1.686,0.36,us,9.02,1.904,0.071,59
52.2697,160.5661,10.0,4.6,71,131.0,1.39,0.93,us,10.78,1.908,0.072,58
52.8429,160.4905,35.025,4.4,81,135.0,1.129,0.54,us,12.23,7.109,0.059,84
-27.7332,-177.856,10.0,4.4,22,136.0,1.508,0.63,us,10.28,1.948,0.134,17
-35.1947,-179.3481,10.0,4.2,22,235.0,3.027,1.01,us,12.29,1.992,0.147,13
-8.4443,-75.2197,128.399,4.8,44,110.0,3.866,0.66,us,10.61,7.663,0.056,98
-3.2855,141.142,24.139,4.5,15,209.0,0.882,0.72,us,7.48,7.315,0.156,12
52.182,160.3766,10.0,4.2,43,146.0,1.349,0.83,us,9.51,1.914,0.093,32
-17.9551,-177.8607,629.043,4.7,58,80.0,3.027,0.65,us,12.83,9.057,0.054,102
52.3932,160.5513,28.933,4.4,39,122.0,1.318,0.77,us,9.49,5.88,0.109,24
50.157,158.5795,10.0,4.6,40,136.0,2.871,0.61,us,10.39,1.903,0.095,33
29.1271,129.6342,10.0,4.2,29,113.0,2.477,0.39,us,7.86,1.913,0.136,15
8.1476,58.7081,10.0,4.5,63,68.0,16.874,0.83,us,11.3,1.898,0.074,54
49.9123,89.823,10.0,4.1,41,86.0,4.098,0.91,us,5.9,1.842,0.114,21
52.099,-171.166,35.0,3.6,19,211.0,1.661,0.7,us,7.4,2.006,0.151,11
-57.7406,-25.4492,45.653,4.4,10,109.0,16.803,0.21,us,15.11,5.638,0.169,10
-17.952,168.0955,35.0,4.4,17,165.0,4.383,0.36,us,9.53,1.894,0.162,12
29.314,130.5112,38.92,4.3,32,128.0,2.189,0.99,us,8.3,3.609,0.119,20
-3.3452,130.2644,10.0,4.9,65,23.0,2.026,0.88,us,6.34,1.824,0.056,100
13.7375,145.1242,130.189,4.2,21,97.0,1.622,0.61,us,13.52,8.304,0.136,15
-5.6947,146.1066,81.099,4.3,28,87.0,3.831,0.64,us,9.12,2.208,0.137,15
34.329,7.478,10.0,4.5,51,94.0,2.076,0.94,us,9.0,1.879,0.071,58
-55.7478,-27.1303,35.0,5.3,82,72.0,5.58,0.51,us,10.73,1.898,0.063,83
52.0477,158.9287,10.0,4.7,10,192.0,0.992,0.56,us,10.65,1.952,0.183,12
32.3193,142.311,10.0,4.4,27,94.0,2.25,0.3,us,9.02,1.904,0.149,13
9.3928,93.9439,10.0,5.0,101,43.0,5.097,0.56,us,8.1,1.848,0.049,132
52.2582,160.3396,10.0,5.0,170,117.0,1.283,0.69,us,8.74,1.868,0.043,170
0.3533,122.348,129.767,4.1,26,72.0,3.182,0.69,us,7.87,8.451,0.127,17
42.882,144.9575,104.464,4.4,130,133.0,1.589,0.43,us,9.06,6.952,0.045,139
-3.4221,140.2569,10.0,4.2,20,118.0,1.005,1.02,us,3.17,1.892,0.152,12
-18.1334,-178.3603,519.086,4.4,46,131.0,2.722,0.83,us,14.93,7.648,0.066,67
33.4962,71.9641,10.0,4.3,27,99.0,4.825,0.91,us,5.12,1.919,0.133,17
-16.9023,-71.8889,133.309,4.0,20,283.0,2.076,0.65,us,14.07,12.223,0.232,5
-24.2635,-67.0219,186.192,4.5,37,70.0,1.682,0.54,us,8.72,8.333,0.094,33
-12.9889,166.9255,10.0,4.6,29,118.0,2.458,0.63,us,8.92,1.868,0.114,24
-9.183,-71.2911,481.669,5.0,142,37.0,2.01,0.96,us,10.5,6.15,0.019,896
35.4405,22.9721,59.444,4.0,35,184.0,1.93,1.17,us,4.4,8.752,0.102,26
36.4699,70.9099,200.933,4.7,76,64.0,2.227,0.93,us,7.68,6.112,0.047,136
43.601,147.8963,35.0,5.0,121,134.0,3.83,0.92,us,5.45,1.915,0.055,105
54.4878,-159.8641,35.0,3.2,25,159.0,0.379,0.84,us,2.73,1.993,0.215,5
-11.0719,163.5732,10.0,4.4,20,127.0,3.92,1.2,us,8.88,1.964,0.149,13
77.9919,13.7415,10.0,4.6,50,153.0,0.577,0.42,us,7.3,1.903,0.089,38
52.2464,160.6859,37.754,4.0,17,161.0,1.465,1.0,us,12.65,8.828,0.164,12
6.7107,126.8745,85.27,4.7,30,133.0,1.335,0.66,us,10.51,3.87,0.106,27
4.1883,126.6831,46.327,4.2,12,171.0,1.317,0.76,us,12.66,10.5,0.176,9
31.4219,139.9912,124.394,4.3,54,116.0,1.695,0.95,us,9.68,8.761,0.084,40
-55.2936,-28.1682,29.119,4.0,13,198.0,4.92,0.24,us,19.14,8.307,0.197,7
44.0448,-28.3804,10.0,4.5,59,121.0,6.637,0.42,us,11.25,1.898,0.064,72
37.692,144.136,10.0,4.7,139,125.0,3.905,0.7,us,8.65,1.871,0.051,118
51.4645,159.8388,10.0,4.3,30,124.0,1.724,1.23,us,9.09,1.912,0.132,19
-17.275,-69.5359,166.067,4.3,42,109.0,0.317,1.02,us,7.94,2.718,0.084,40
50.9991,159.3177,10.0,4.5,28,130.0,2.069,0.57,us,7.47,1.902,0.109,25
51.0919,158.7089,35.0,4.3,21,185.0,1.935,0.8,us,12.92,2.002,0.143,14
52.1494,160.0293,35.0,4.4,23,124.0,1.214,0.51,us,8.31,1.961,0.107,25
52.6651,160.8154,47.196,4.1,51,134.0,1.362,1.07,us,11.82,7.493,0.084,39
-17.9591,-178.4971,567.58,4.4,61,80.0,2.515,0.75,us,12.21,6.424,0.067,64
-17.0538,-174.0498,124.34,4.4,25,122.0,18.258,0.76,us,14.46,7.49,0.114,22
30.3748,138.6788,416.072,4.3,88,85.0,2.898,0.73,us,10.62,7.41,0.068,62
19.9139,146.6582,10.0,4.3,15,159.0,23.928,0.59,us,15.72,1.773,0.178,9
49.9923,158.7005,10.0,4.5,25,119.0,3.036,0.41,us,10.47,1.898,0.15,15
51.1476,178.1887,10.0,3.2,19,297.0,0.736,0.96,us,3.76,1.876,0.241,4
53.1752,171.4114,44.019,4.2,92,143.0,1.686,0.59,us,10.52,10.404,0.061,75
51.3484,159.7882,13.223,4.6,82,128.0,2.181,0.88,us,8.86,4.936,0.067,67
51.2743,159.8264,10.0,4.5,29,126.0,1.896,0.6,us,9.1,1.903,0.115,23
50.4576,157.2437,35.0,4.6,60,135.0,2.67,0.88,us,11.09,1.912,0.036,228
9.7865,-70.7547,10.0,4.1,21,93.0,0.905,0.97,us,8.36,1.926,0.166,10
25.9012,128.4819,10.0,4.3,25,80.0,0.95,1.14,us,5.84,1.92,0.178,9
54.5463,-160.2427,35.0,3.4,52,184.0,0.475,1.15,us,4.87,1.717,0.219,5
51.9748,161.0875,10.0,4.2,24,189.0,1.823,0.99,us,11.23,1.962,0.146,14
-34.6811,-73.8003,10.0,4.4,30,139.0,2.08,0.82,us,7.46,1.9,0.139,15
-7.619,128.3248,112.911,4.2,13,104.0,4.538,0.91,us,8.7,11.228,0.235,5
41.192,78.5358,10.0,4.8,69,94.0,1.311,0.81,us,6.08,1.864,0.054,104
39.932,77.2645,10.0,4.4,31,118.0,1.954,1.39,us,5.75,1.917,0.143,14
-24.3448,179.9654,529.15,4.2,37,113.0,5.249,0.8,us,14.0,7.509,0.084,40
6.7524,-72.9558,162.717,4.3,36,121.0,2.331,0.84,us,9.04,7.851,0.089,36
52.851,160.7257,31.325,4.4,55,135.0,1.268,0.8,us,11.66,6.094,0.076,50
50.5285,156.9016,57.476,4.2,20,135.0,2.631,0.71,us,12.39,8.437,0.147,13
-16.5308,-177.4235,422.761,4.0,20,114.0,3.076,0.98,us,16.36,9.633,0.129,16
-20.0804,-175.514,234.711,4.4,28,99.0,5.361,0.34,us,9.5,9.426,0.105,26
52.7752,161.1082,10.0,4.5,52,120.0,1.51,0.93,us,7.52,1.882,0.071,60
-58.0191,-25.0111,35.0,4.6,28,55.0,7.42,0.67,us,8.2,1.881,0.128,18
7.4907,127.1824,10.0,4.0,12,159.0,1.645,0.89,us,9.11,1.827,0.196,7
54.8415,160.1378,10.0,4.1,28,135.0,2.023,0.42,us,6.55,1.927,0.085,38
52.6829,160.0952,43.301,4.3,27,203.0,0.94,0.65,us,8.79,9.345,0.133,16
9.3326,93.9986,10.0,4.5,28,178.0,5.584,0.67,us,12.24,1.936,0.118,21
-4.1671,140.3994,35.698,4.1,16,157.0,1.447,1.13,us,5.39,6.668,0.15,12
-3.554,153.9602,400.002,4.2,15,99.0,1.901,0.57,us,11.8,7.832,0.2,7
50.3823,159.0706,10.0,4.1,29,133.0,2.658,1.08,us,10.59,1.914,0.112,22
29.3517,129.4191,10.0,4.5,66,90.0,2.328,0.37,us,6.42,1.837,0.073,55
-18.1477,-178.3075,536.568,4.5,57,86.0,2.771,0.54,us,12.73,7.83,0.078,48
-5.5903,148.9087,187.15,4.3,81,68.0,3.528,0.72,us,8.68,7.193,0.062,74
19.1428,99.1609,10.0,4.2,15,101.0,0.712,0.59,us,4.33,1.609,0.2,7
-60.7713,-51.9006,10.0,4.7,38,67.0,6.864,0.67,us,5.14,1.812,0.126,19
54.5047,-159.8347,33.397,4.4,59,161.0,0.357,0.82,us,5.05,5.076,0.106,26
53.2307,160.8716,35.0,4.7,76,116.0,1.355,0.63,us,9.73,1.907,0.06,83
-5.702,-81.2004,10.0,5.1,142,62.0,3.753,0.52,us,11.13,4.23,0.048,140
-57.7953,-25.8527,103.959,4.4,20,94.0,6.918,0.57,us,13.09,2.626,0.134,19
19.8745,121.273,25.101,4.6,40,105.0,2.934,0.99,us,9.19,6.324,0.111,24
52.3404,160.6815,10.0,4.3,30,149.0,1.413,0.71,us,9.39,1.949,0.122,19
51.3017,159.834,10.0,4.5,61,128.0,1.872,0.72,us,9.02,1.889,0.075,53
43.1447,146.5868,36.519,4.8,71,132.0,2.773,0.59,us,8.15,7.233,0.051,118
51.8288,160.4985,10.0,4.6,48,121.0,1.647,0.86,us,10.42,1.905,0.083,44
49.9712,159.7477,10.0,4.6,31,191.0,3.132,0.95,us,9.63,1.943,0.067,66
-24.7739,179.7681,513.574,4.1,18,147.0,11.115,0.6,us,19.55,18.352,0.135,15
49.8296,155.7817,87.635,4.4,120,133.0,3.495,0.44,us,9.99,7.112,0.051,110
25.124,91.7482,10.0,4.2,22,103.0,8.157,0.67,us,15.08,1.915,0.128,17
53.2139,160.1316,58.5,4.8,78,134.0,0.913,0.6,us,9.07,6.748,0.054,107
53.6338,159.9378,56.364,4.2,41,159.0,0.985,1.05,us,11.66,8.279,0.091,33
-55.692,-4.1508,10.0,4.2,11,88.0,16.052,0.45,us,15.12,1.956,0.159,11
49.7621,157.3928,31.214,4.4,44,126.0,3.356,0.8,us,5.55,5.658,0.095,34
29.9855,131.0793,34.786,4.5,39,135.0,1.612,0.45,us,8.07,6.279,0.121,20
-20.4818,134.3234,10.0,4.4,22,82.0,0.537,1.26,us,6.48,1.649,0.155,12
-7.5571,125.8132,337.207,4.0,18,82.0,2.666,0.84,us,13.22,3.098,0.173,12
43.7625,-28.7597,10.0,4.8,132,54.0,4.748,0.62,us,9.32,1.876,0.05,123
52.9781,160.5487,35.0,4.1,18,119.0,1.148,0.77,us,5.36,1.942,0.174,9
-4.3852,35.1531,10.0,4.6,18,132.0,3.518,0.66,us,7.14,1.954,0.165,11
51.3019,159.2558,10.0,4.5,21,180.0,1.764,0.35,us,10.97,1.967,0.156,13
51.4793,160.908,10.0,4.2,26,129.0,2.078,0.38,us,6.26,1.883,0.112,22
49.7936,155.8633,69.691,4.6,55,135.0,3.512,0.33,us,12.34,7.44,0.05,122
51.5583,159.1846,38.813,5.1,33,135.0,1.504,0.9,us,9.4,6.064,0.124,21
-15.8161,-72.4661,98.716,4.8,63,121.0,3.253,0.8,us,9.12,7.248,0.062,80
18.2699,145.4569,493.731,4.0,29,98.0,3.029,0.52,us,17.63,11.59,0.106,24
-23.9343,-66.7161,195.058,4.5,31,58.0,1.662,0.92,us,4.69,8.338,0.121,20
50.3592,158.7342,10.0,4.3,57,133.0,2.669,0.39,us,9.32,1.906,0.085,39
37.4354,144.662,10.0,4.3,34,153.0,4.364,0.96,us,11.29,1.952,0.109,24
-19.081,-177.6101,559.298,4.2,38,88.0,3.87,1.15,us,14.36,8.306,0.096,30
37.6763,141.7939,61.973,4.3,15,161.0,3.081,0.36,us,8.64,10.481,0.237,5
52.0317,161.5645,10.0,4.2,37,138.0,2.039,0.53,us,11.95,1.909,0.103,26
12.8502,125.6189,10.0,4.4,38,94.0,5.744,0.62,us,10.57,1.894,0.1,29
-23.0918,172.3639,10.0,4.4,17,133.0,4.561,1.14,us,12.29,1.898,0.139,15
53.2655,160.1198,59.522,4.4,127,120.0,1.465,0.48,us,8.98,6.127,0.05,117
49.9466,157.0641,10.0,4.2,61,134.0,3.191,0.68,us,11.65,1.906,0.078,46
50.3463,156.9091,54.086,4.2,23,131.0,2.809,0.67,us,7.89,8.465,0.167,10
52.511,160.0678,69.31,4.6,33,175.0,1.003,0.7,us,11.13,7.751,0.083,43
18.6925,144.8485,10.0,4.2,23,109.0,3.548,0.94,us,15.1,1.908,0.153,13
64.5125,-40.0663,10.0,4.2,30,90.0,4.164,0.65,us,6.93,1.762,0.124,18
-30.6072,-178.0686,41.31,5.2,68,69.0,1.363,0.83,us,10.02,5.916,0.071,65
29.2788,129.5414,10.0,4.4,18,142.0,2.358,0.95,us,5.11,1.835,0.155,12
51.5588,160.0252,10.0,4.4,21,127.0,1.693,0.6,us,5.32,1.914,0.149,13
53.0959,161.4165,10.0,4.5,34,117.0,1.671,1.1,us,10.89,1.905,0.093,34
37.6443,20.8097,10.0,4.3,43,134.0,1.002,1.01,us,6.44,1.942,0.107,25
-27.8088,-66.3085,143.072,4.7,51,46.0,3.619,0.72,us,7.8,6.782,0.043,162
26.8866,55.2525,10.0,4.1,20,136.0,2.115,1.0,us,11.68,1.913,0.174,9
52.4341,160.8231,29.902,4.2,15,205.0,1.447,0.55,us,13.74,9.798,0.176,9
-24.8468,-63.4487,574.308,4.3,106,31.0,4.722,0.78,us,10.81,7.067,0.059,81
52.2735,160.504,29.755,4.3,23,157.0,1.357,1.2,us,7.69,6.527,0.138,15
51.3206,159.6445,25.82,4.4,26,169.0,1.812,0.79,us,10.02,6.913,0.144,14
52.144,160.281,35.0,4.4,21,208.0,1.329,0.55,us,15.28,9.841,0.161,11
34.3744,16.3847,10.0,4.5,39,113.0,3.5,0.8,us,8.7,1.909,0.11,24
50.3943,158.1563,10.0,4.8,67,127.0,2.651,0.74,us,6.79,1.874,0.053,110
-21.1435,-11.4638,10.0,4.6,15,90.0,27.317,0.87,us,15.86,1.918,0.146,14
17.8001,40.1464,10.0,4.6,89,53.0,5.193,0.37,us,7.74,1.804,0.063,75
-18.9716,167.4547,10.0,4.7,28,80.0,3.226,0.94,us,8.48,1.901,0.117,22
51.3039,159.5142,10.0,4.2,19,189.0,1.803,0.56,us,11.08,1.98,0.159,11
52.1837,160.4573,25.466,4.9,166,96.0,1.386,0.52,us,9.1,5.656,0.04,191
-3.2815,140.9983,10.0,4.1,14,200.0,0.817,0.71,us,6.32,1.859,0.151,12
50.3131,158.2444,10.0,4.5,90,171.0,2.726,0.74,us,10.64,1.924,0.054,100
2.7818,128.5872,222.675,4.3,28,131.0,3.657,0.43,us,14.9,9.552,0.119,20
-6.2642,148.7998,53.627,4.2,20,118.0,3.518,0.63,us,11.08,7.438,0.132,16
41.0404,142.932,43.061,4.3,63,134.0,0.988,0.51,us,6.36,7.724,0.085,39
-4.3236,136.1024,10.0,4.3,24,84.0,2.219,0.62,us,5.7,1.879,0.142,15
-24.4318,-67.2982,200.54,4.2,25,75.0,1.68,0.89,us,7.06,11.735,0.147,13
51.6184,159.9232,10.0,4.3,20,135.0,1.61,0.87,us,9.7,1.919,0.202,8
34.8742,26.5035,10.0,4.0,22,179.0,0.861,0.97,us,5.21,1.968,0.258,4
-6.4239,146.8437,47.489,4.6,71,42.0,2.978,0.52,us,7.43,7.24,0.077,50
51.3451,158.9883,35.0,4.5,45,121.0,1.694,0.96,us,8.45,1.926,0.06,81
50.5041,157.9105,35.0,4.4,35,131.0,2.564,0.82,us,10.39,1.94,0.084,41
5.936,125.905,120.417,4.6,81,51.0,1.172,0.99,us,6.01,6.229,0.076,52
51.5403,159.858,20.855,4.3,33,127.0,1.661,1.22,us,8.09,5.879,0.107,25
-4.3346,-12.1798,10.0,4.9,42,97.0,19.181,0.88,us,13.06,1.893,0.07,64
50.0735,158.2095,10.0,4.4,29,134.0,2.967,0.67,us,11.06,1.926,0.114,22
31.2772,-116.1453,9.456,3.7,41,196.0,0.101,0.76,us,1.85,4.216,0.355,2
-24.5984,-175.9865,35.0,5.0,36,127.0,4.955,0.74,us,10.55,1.868,0.054,115
53.5526,160.1191,61.365,4.4,56,114.0,1.029,0.57,us,10.05,7.669,0.072,55
21.4488,96.0769,10.0,4.3,20,112.0,1.108,0.49,us,6.23,1.931,0.201,7
-0.2594,-16.1735,10.0,4.7,20,119.0,13.225,0.44,us,16.78,1.925,0.137,16
12.9247,40.2398,10.0,4.2,33,154.0,2.9,0.72,us,9.69,1.943,0.11,23
29.2009,129.0443,10.0,4.2,34,103.0,2.453,1.16,us,6.67,1.904,0.125,18
51.766,159.844,10.0,4.0,37,137.0,1.456,0.83,us,10.87,1.924,0.108,23
50.9309,158.5442,10.0,4.4,47,129.0,2.097,0.5,us,10.53,1.919,0.084,41
42.1361,80.6653,10.0,4.5,29,165.0,1.432,1.07,us,5.45,1.9,0.145,14
-27.3275,-176.8501,35.0,4.5,13,198.0,10.634,0.88,us,15.9,1.96,0.18,9
49.6716,157.6478,22.252,4.2,32,135.0,3.415,1.3,us,10.62,5.868,0.113,22
49.5484,155.9545,48.829,4.2,33,135.0,3.729,0.74,us,11.82,8.511,0.11,23
14.683,-94.2466,10.0,4.7,143,156.0,1.993,1.15,us,6.09,1.899,0.032,301
16.9241,-85.5567,10.0,4.6,93,152.0,3.296,0.75,us,8.72,1.947,0.033,271
-25.4251,179.6797,504.783,4.6,64,93.0,4.359,0.77,us,13.46,8.277,0.037,219
50.8744,158.6797,10.0,4.2,39,130.0,2.152,0.63,us,6.95,1.886,0.09,34
49.4802,157.8111,10.0,4.5,70,167.0,3.587,0.64,us,10.23,1.923,0.076,51
65.9215,-37.4413,10.0,4.3,37,127.0,5.392,0.69,us,8.24,1.942,0.091,34
52.0585,178.4925,157.232,3.7,36,131.0,0.114,0.82,us,14.96,10.175,0.097,27
42.756,145.8837,48.86,4.2,45,135.0,2.151,0.6,us,8.64,7.488,0.095,31
-37.265,177.0706,161.899,4.4,20,123.0,1.028,1.0,us,8.79,7.97,0.178,9
29.2848,129.559,10.0,4.9,59,121.0,2.348,1.2,us,7.03,1.856,0.04,197
-8.2761,107.0433,41.036,4.9,44,173.0,1.007,1.09,us,7.98,6.932,0.107,27
6.0141,126.0262,150.76,4.2,24,112.0,1.139,1.16,us,9.06,6.266,0.132,16
-14.9242,-75.7626,35.0,5.1,100,131.0,3.102,0.69,us,8.75,1.909,0.038,221
50.3453,158.7601,31.077,4.5,31,142.0,2.683,0.53,us,10.67,6.401,0.11,24
-24.4011,179.9318,532.128,4.1,23,188.0,6.851,0.52,us,21.96,20.975,0.109,23
52.2495,160.1122,46.225,4.9,42,121.0,1.181,0.94,us,9.15,7.379,0.097,40
9.126,126.8851,10.0,4.4,19,137.0,2.418,0.88,us,10.07,1.91,0.149,13
37.692,144.1293,10.0,4.9,107,125.0,3.902,0.67,us,8.93,1.871,0.037,226
54.459,-159.6977,33.217,4.1,112,163.0,0.378,0.58,us,5.69,6.304,0.14,14
52.3296,160.2624,35.0,4.4,42,122.0,1.743,0.69,us,8.93,1.914,0.101,28
51.2138,159.782,10.0,4.1,16,306.0,1.942,0.83,us,15.63,2.005,0.166,10
50.3547,156.5142,74.738,4.4,143,83.0,2.854,0.78,us,11.24,5.419,0.045,141
3.4096,-31.4775,10.0,4.5,29,81.0,10.183,0.75,us,12.35,1.815,0.115,24
60.4524,-139.5498,5.0,4.1,28,97.0,0.501,1.19,us,2.62,1.944,0.198,8
-24.0946,178.8141,568.857,4.4,32,113.0,6.358,0.8,us,13.22,11.771,0.112,23
52.8384,160.9578,27.95,5.3,99,132.0,1.409,0.88,us,11.45,5.834,0.032,322
-37.4248,51.5607,10.0,4.6,35,81.0,23.682,0.57,us,15.32,1.86,0.116,22
-19.8008,-177.8295,572.2,4.3,21,122.0,4.244,0.46,us,14.23,10.808,0.129,17
36.241,142.206,10.0,4.7,36,97.0,3.239,0.98,us,5.48,1.875,0.097,32
49.9279,157.1885,42.769,4.3,23,137.0,3.201,0.66,us,13.19,8.086,0.134,16
51.4925,160.144,10.0,4.3,24,120.0,1.787,0.49,us,10.37,1.922,0.129,17
50.9438,159.9106,10.0,4.1,19,222.0,2.224,1.05,us,11.34,1.98,0.135,15
52.8617,160.643,32.683,4.7,113,108.0,1.217,0.69,us,9.0,5.22,0.044,159
18.4277,120.7461,43.148,4.5,56,92.0,4.379,0.42,us,10.48,7.29,0.08,46
28.0704,139.5489,486.588,4.1,105,55.0,2.533,0.74,us,7.76,7.754,0.058,80
51.5331,159.9652,10.0,4.5,27,127.0,1.697,0.91,us,10.25,1.925,0.109,25
50.4975,158.0582,24.453,4.8,204,97.0,2.624,0.61,us,10.22,4.308,0.041,195
3.364,117.7784,10.0,4.0,16,104.0,1.939,1.09,us,6.27,1.655,0.184,8
-18.8542,65.4124,10.0,4.6,72,63.0,2.127,0.39,us,11.13,1.852,0.071,63
51.9306,-167.2686,10.0,3.5,28,227.0,1.425,0.84,us,6.59,2.009,0.221,5
-1.6228,99.6909,37.364,4.6,13,194.0,3.595,0.66,us,8.92,9.92,0.207,7
53.4016,160.4736,55.504,4.4,53,112.0,1.16,0.5,us,11.92,6.95,0.083,42
-7.8505,114.7684,197.719,4.4,72,35.0,0.867,0.74,us,7.71,5.922,0.07,60
-5.4,152.2663,35.0,4.3,36,177.0,1.112,0.6,us,9.16,1.976,0.094,32
36.3077,77.0619,10.0,4.4,37,115.0,3.084,0.89,us,9.14,1.916,0.112,23
-59.8786,-27.8994,182.868,4.3,29,86.0,7.3,0.69,us,13.62,9.251,0.097,30
7.5619,127.1136,10.0,4.4,24,125.0,1.599,0.76,us,7.56,1.946,0.134,16
52.1609,159.9379,41.142,4.1,13,161.0,1.168,1.04,us,11.67,11.067,0.166,10
50.1825,158.911,10.0,4.9,70,126.0,2.85,1.0,us,8.0,1.873,0.048,138
50.9968,159.2593,10.0,4.5,41,123.0,2.064,0.87,us,10.47,1.924,0.088,38
6.0445,123.6804,556.761,4.3,71,54.0,2.144,0.82,us,11.09,8.542,0.073,54
49.9781,158.6493,10.0,4.1,22,135.0,3.05,0.56,us,10.36,1.924,0.145,13
0.6839,121.5206,100.351,4.4,59,38.0,0.852,0.77,us,5.97,5.583,0.084,41
-17.9312,-178.5335,597.459,4.3,49,122.0,2.47,0.74,us,10.39,7.507,0.043,153
-9.4642,155.6151,10.0,4.3,14,127.0,6.259,0.59,us,12.27,1.761,0.168,10
52.6444,-174.7575,209.096,3.9,53,130.0,0.561,0.88,us,15.52,10.032,0.09,33
-56.7459,-26.9389,138.477,4.9,69,68.0,5.959,0.74,us,11.08,6.153,0.062,82
3.1627,124.4304,321.44,4.5,80,87.0,1.756,0.7,us,7.82,6.185,0.061,78
51.7803,160.3074,10.0,4.5,91,129.0,1.607,0.61,us,9.97,1.906,0.057,90
52.2002,161.3304,10.0,4.3,17,154.0,1.83,0.48,us,8.09,1.835,0.202,7
51.0955,157.9959,55.324,5.1,208,99.0,1.973,0.56,us,8.89,5.084,0.043,173
52.0653,160.4067,10.0,4.8,75,150.0,1.439,1.06,us,5.83,1.912,0.047,143
41.8774,87.9952,10.0,4.5,50,112.0,6.012,1.01,us,11.25,1.909,0.095,32
49.831,157.0212,35.0,4.3,32,135.0,3.309,0.87,us,12.4,1.937,0.109,24
3.0847,-31.4127,10.0,4.6,22,86.0,20.227,0.74,us,13.45,1.898,0.128,21
52.4405,160.6459,10.0,4.1,34,134.0,1.347,0.52,us,11.53,1.919,0.111,22
53.2248,161.5452,10.0,4.8,70,134.0,1.756,0.78,us,10.16,1.895,0.057,97
20.6086,121.1892,34.688,4.4,37,112.0,2.729,0.71,us,9.96,7.261,0.11,27
-3.0498,-80.2418,52.291,4.2,32,123.0,1.099,0.92,us,6.73,11.154,0.118,20
-13.7434,-76.9046,10.0,4.4,32,178.0,1.746,0.7,us,9.87,1.973,0.155,12
49.1729,157.7286,10.0,4.3,36,137.0,3.899,0.61,us,10.39,1.909,0.111,28
-8.6951,110.3162,75.672,4.4,22,118.0,1.64,0.4,us,7.42,7.736,0.143,14
-9.5616,158.4298,10.0,4.7,34,75.0,1.502,0.62,us,9.31,1.875,0.097,32
-13.0928,168.5147,592.201,4.0,10,136.0,2.663,0.45,us,18.07,10.542,0.212,6
43.4857,147.8117,35.0,4.0,20,187.0,3.73,0.56,us,13.95,1.966,0.156,11
55.2584,110.3102,10.0,4.3,23,88.0,4.556,0.94,us,5.64,1.929,0.129,17
23.7585,90.4588,10.0,4.3,31,172.0,4.842,0.81,us,12.37,1.936,0.122,19
53.0776,161.041,10.0,4.5,45,165.0,1.444,0.76,us,9.9,1.921,0.077,50
-8.9813,123.9429,89.944,4.6,44,77.0,0.833,1.18,us,8.96,7.257,0.087,39
49.7629,159.5459,10.0,4.3,21,138.0,3.313,0.51,us,12.32,1.926,0.153,12
13.372,-90.3699,31.573,4.2,26,196.0,0.779,0.76,us,3.8,9.178,0.141,14
52.0078,159.3186,35.0,4.2,20,222.0,1.096,0.8,us,5.7,1.991,0.147,13
48.7535,156.3324,10.504,4.5,53,137.0,4.445,0.81,us,9.18,5.169,0.074,54
50.1038,155.7078,100.521,4.7,57,135.0,3.255,0.5,us,8.38,7.224,0.047,136
52.9092,159.3582,73.93,4.7,157,133.0,0.443,0.59,us,9.75,6.422,0.047,137
52.4104,160.2854,35.0,4.4,43,122.0,1.169,1.17,us,8.89,1.938,0.09,35
22.8891,123.5793,10.0,4.0,20,238.0,1.6,0.92,us,6.95,1.964,0.196,7
3.0404,-31.3941,10.0,4.9,58,62.0,9.892,0.47,us,4.63,1.85,0.081,47
7.1131,126.906,22.612,4.3,17,123.0,1.318,1.04,us,8.16,5.746,0.16,11
52.8882,161.1933,10.0,4.2,34,162.0,1.545,0.98,us,12.81,1.961,0.107,24
51.7295,159.3804,35.0,4.3,27,124.0,1.371,1.08,us,8.89,1.292,0.133,16
51.5432,159.5876,30.162,4.9,49,120.0,1.95,1.37,us,9.47,5.613,0.071,61
-5.2813,68.5664,10.0,4.6,28,85.0,4.404,0.92,us,11.42,1.895,0.132,17
50.3058,159.6425,10.0,4.1,40,135.0,2.791,0.51,us,10.97,1.88,0.101,27
51.0842,158.8473,32.512,4.0,25,129.0,1.946,0.54,us,11.4,6.735,0.134,15
50.9799,159.4363,10.0,4.3,15,256.0,2.386,0.49,us,14.04,2.001,0.169,10
-20.4518,-175.6997,238.9,4.4,53,124.0,5.606,0.71,us,13.65,8.363,0.089,36
51.6633,160.7923,10.0,4.5,34,135.0,1.893,0.77,us,10.9,1.916,0.113,23
-36.3787,-110.3703,10.0,4.5,39,131.0,32.825,0.77,us,15.57,1.908,0.089,37
19.5733,-109.1535,10.0,3.8,32,241.0,4.131,0.69,us,14.42,2.014,0.085,36
-23.7252,-179.435,532.579,4.1,23,156.0,6.397,0.75,us,12.36,11.164,0.131,17
12.6049,-89.8876,10.0,4.5,96,179.0,1.294,0.6,us,6.06,1.959,0.053,103
-59.9445,-62.0278,10.0,4.7,22,125.0,4.938,1.25,us,10.66,1.922,0.129,18
52.583,159.8435,35.0,4.6,33,119.0,0.848,1.14,us,8.55,1.738,0.103,28
51.457,159.4595,35.0,4.8,95,135.0,1.646,0.81,us,9.71,1.91,0.064,75
-22.5252,-68.5918,108.198,4.6,89,34.0,0.571,0.84,us,5.0,4.966,0.064,78
39.7114,143.3391,28.699,4.3,35,157.0,2.047,0.49,us,8.53,5.289,0.122,19
-6.2536,131.5376,88.657,4.4,24,56.0,2.367,0.85,us,8.75,10.024,0.12,20
52.1567,161.4508,10.0,4.3,50,134.0,1.916,0.47,us,5.41,1.908,0.076,50
38.262,73.0607,104.769,4.3,33,183.0,0.456,0.61,us,3.67,6.16,0.142,14
42.8324,146.8576,10.0,4.2,13,192.0,2.859,1.17,us,8.77,1.985,0.216,6
-24.2984,-67.1417,143.356,4.2,42,47.0,1.643,0.84,us,8.26,7.809,0.152,12
53.9219,-164.5049,18.727,3.4,32,154.0,0.586,0.39,us,3.96,6.888,0.201,6
12.8319,145.5557,10.0,4.5,32,117.0,1.007,0.69,us,6.59,1.893,0.116,22
10.1544,126.4282,42.521,4.9,109,96.0,3.178,0.56,us,10.42,5.264,0.057,96
-48.5895,124.7217,10.0,4.5,14,133.0,16.626,0.66,us,9.26,1.91,0.157,12
19.2441,-104.3128,10.0,4.3,100,109.0,0.454,0.53,us,4.81,1.849,0.052,105
-18.1414,-175.1362,182.375,4.5,41,47.0,5.026,0.41,us,11.64,7.824,0.074,60
33.0193,88.3561,10.0,5.0,81,84.0,4.068,0.84,us,4.94,1.786,0.053,112
50.2231,158.9493,10.0,4.7,73,128.0,2.81,0.9,us,8.86,1.853,0.038,210
53.0026,159.6915,39.905,4.4,25,141.0,1.207,0.65,us,11.48,8.332,0.115,22
-7.9098,107.6951,67.784,4.6,41,114.0,0.447,0.82,us,9.38,5.871,0.078,49
52.7943,160.4277,10.0,4.2,40,155.0,1.101,0.65,us,6.08,1.971,0.093,32
-5.7723,101.6641,10.0,4.4,22,149.0,1.903,0.59,us,5.39,1.929,0.162,12
10.5024,126.4064,10.0,4.4,18,145.0,5.805,0.85,us,10.05,1.836,0.17,10
51.2537,157.5788,69.781,4.5,79,126.0,1.859,0.49,us,8.92,7.565,0.061,79
2.8177,127.1504,45.667,4.4,33,47.0,2.044,0.9,us,6.37,5.459,0.123,19
12.935,121.5079,10.0,4.8,33,125.0,10.403,1.08,us,8.58,1.899,0.109,26
-27.9657,-176.571,43.29,4.7,39,135.0,1.746,0.73,us,14.42,6.138,0.123,20
-16.5534,177.0266,10.0,4.7,12,79.0,1.538,0.86,us,7.79,1.914,0.194,8
15.2591,147.6616,10.0,4.5,19,100.0,1.805,0.92,us,11.63,1.916,0.15,13
34.7164,70.7355,8.457,5.2,107,39.0,1.336,0.48,us,8.42,3.444,0.042,188
54.4877,-160.3001,36.392,3.7,34,158.0,0.537,0.74,us,5.4,7.634,0.191,7
51.5273,161.0624,10.0,4.7,41,191.0,2.108,0.64,us,9.05,1.95,0.036,229
42.8478,146.4327,44.061,4.2,42,155.0,2.564,0.54,us,10.67,7.203,0.1,30
-7.0156,129.6003,145.768,4.3,27,46.0,4.85,1.07,us,9.72,9.537,0.133,16
52.0507,160.4649,35.0,4.7,96,85.0,1.476,0.66,us,9.18,1.863,0.042,175
39.8024,141.7717,65.308,4.3,48,133.0,1.124,0.49,us,7.04,7.568,0.102,28
-6.0679,150.9753,67.334,4.2,19,145.0,2.039,0.66,us,11.7,2.023,0.141,14
52.2414,160.5389,10.0,4.4,34,137.0,1.392,0.86,us,8.18,1.658,0.1,29
52.7913,160.6171,35.0,4.4,73,170.0,1.214,0.67,us,12.11,1.965,0.059,82
48.5102,155.027,57.12,4.1,19,137.0,4.905,0.45,us,13.07,7.226,0.145,13
-55.142,-1.3455,10.0,4.4,13,121.0,16.606,0.51,us,7.23,1.919,0.148,13
-17.3978,-70.5794,10.0,4.5,29,135.0,0.994,0.87,us,5.25,1.875,0.121,20
51.8115,159.312,24.395,4.4,52,134.0,1.28,0.84,us,10.24,5.965,0.056,90
1.0344,97.1099,10.0,4.7,69,139.0,2.45,0.44,us,7.04,1.888,0.072,59
51.3797,159.6732,10.0,4.6,44,128.0,1.763,1.23,us,9.64,1.897,0.079,48
52.9883,160.5348,10.0,4.8,59,118.0,1.14,0.67,us,9.47,1.87,0.08,48
34.6185,23.485,55.866,4.5,45,95.0,2.851,0.75,us,7.54,8.673,0.085,41
44.144,86.7402,10.0,4.2,25,217.0,3.568,1.23,us,4.83,1.985,0.186,8
73.2204,6.5925,10.0,4.5,68,64.0,5.867,0.67,us,4.08,1.856,0.082,43
-5.3724,68.6478,10.0,4.6,31,154.0,4.29,0.5,us,7.75,1.799,0.129,18
53.0726,160.707,30.099,4.3,47,144.0,1.243,1.15,us,12.25,7.574,0.086,38
-12.4465,166.8701,204.123,4.9,89,48.0,3.0,0.75,us,9.98,6.269,0.04,197
-4.6443,139.2885,10.0,4.3,25,142.0,0.641,1.12,us,4.14,1.922,0.137,15
16.6492,119.729,10.0,4.6,67,104.0,6.267,0.7,us,9.58,1.881,0.082,47
37.6199,21.6277,10.0,4.3,40,88.0,0.5,0.8,us,5.43,1.908,0.129,17
49.986,156.6867,37.494,5.3,209,68.0,3.19,0.58,us,8.43,5.032,0.021,782
39.5838,143.5899,10.0,5.1,178,60.0,2.279,0.49,us,7.34,1.799,0.037,236
49.3895,155.3101,78.282,4.4,37,133.0,4.014,0.7,us,11.13,8.156,0.088,37
-29.6809,-177.2747,35.0,4.7,18,125.0,18.146,0.67,us,10.54,1.941,0.117,22
50.3926,158.2487,33.987,4.8,95,132.0,2.646,0.58,us,8.45,5.268,0.045,155
53.0537,159.6058,72.24,4.7,185,118.0,0.578,0.6,us,9.06,5.71,0.035,250
37.7624,144.1926,10.0,4.3,35,136.0,3.876,1.03,us,10.32,1.915,0.122,19
-6.2371,151.4888,10.0,4.7,20,154.0,2.141,0.52,us,13.4,1.909,0.091,40
51.7582,159.5458,60.563,4.6,36,138.0,1.381,1.04,us,10.36,5.503,0.111,24
-3.4937,140.5688,35.0,4.4,23,145.0,0.982,0.96,us,6.46,1.842,0.138,15
49.4117,157.8748,10.0,4.4,19,136.0,3.649,0.57,us,6.27,1.92,0.22,8
14.0437,-89.8349,6.145,4.2,16,128.0,0.151,1.08,us,2.31,7.138,0.263,4
5.3113,94.4019,42.621,4.9,62,97.0,2.536,0.8,us,8.84,7.467,0.071,62
-29.2171,-179.1095,345.018,4.1,33,101.0,1.032,0.57,us,13.11,8.304,0.103,26
-34.0737,-178.5277,10.0,4.4,20,253.0,4.328,0.77,us,9.06,1.968,0.139,15
-24.8269,-175.6649,35.0,5.2,176,121.0,9.16,0.52,us,12.62,1.858,0.046,158
60.5247,-139.836,4.192,4.3,59,46.0,0.478,0.64,us,2.43,5.733,0.377,3
11.1771,124.0974,10.0,4.9,101,51.0,6.547,0.42,us,10.42,1.856,0.061,93
13.3812,146.3363,10.0,4.5,21,111.0,1.443,0.54,us,9.28,1.914,0.15,13
-60.0289,-62.6546,10.0,4.6,16,94.0,4.807,0.67,us,8.02,1.907,0.206,9
34.9601,104.6772,10.0,4.6,54,92.0,1.277,0.52,us,9.78,1.894,0.083,43
53.0606,161.3161,10.0,4.3,38,165.0,1.61,0.87,us,11.1,1.959,0.102,29
-9.6123,119.5807,67.743,4.9,81,53.0,0.709,1.16,us,6.03,4.964,0.073,59
-24.2455,-67.0137,217.234,4.1,23,100.0,1.673,0.5,us,10.78,16.008,0.213,6
17.4446,145.8761,219.036,4.2,13,151.0,2.193,0.9,us,15.4,10.801,0.186,8
36.8602,72.8741,10.0,5.0,59,98.0,1.483,0.72,us,6.67,1.756,0.048,145
-8.826,33.3228,10.0,4.7,36,108.0,7.957,0.99,us,10.95,1.888,0.096,33
-60.3141,-61.7339,10.0,4.3,18,131.0,4.603,0.59,us,13.74,1.926,0.154,16
35.4745,140.149,66.626,4.3,37,128.0,1.899,0.74,us,6.92,7.567,0.126,18
50.1719,159.0046,10.0,4.1,33,138.0,2.864,0.52,us,12.1,1.93,0.109,23
13.8516,56.5241,10.0,4.3,22,137.0,11.04,0.88,us,12.13,1.928,0.137,15
-21.1742,-175.5954,125.013,4.5,33,115.0,6.674,0.82,us,13.53,6.894,0.107,26
39.4911,143.3098,10.0,4.6,63,142.0,2.155,0.58,us,10.16,1.918,0.068,64
-19.7726,-177.4102,360.864,4.4,51,122.0,4.485,1.01,us,9.49,6.105,0.093,33
51.5344,159.1375,35.0,4.2,34,143.0,1.521,0.4,us,9.81,1.958,0.121,19
-6.5375,129.9481,130.852,4.2,20,127.0,2.002,0.6,us,10.05,8.549,0.175,9
52.913,160.9005,10.0,5.0,88,142.0,1.366,0.9,us,9.45,1.884,0.065,76
34.9601,27.1226,41.412,4.1,26,149.0,0.586,0.79,us,8.03,8.725,0.131,16
54.5381,-160.1758,35.0,3.8,54,158.0,0.449,0.98,us,3.45,1.951,0.147,12
52.8006,161.064,10.0,4.5,41,173.0,1.479,0.85,us,5.88,1.925,0.067,65
51.6705,159.0636,35.0,4.3,14,147.0,1.379,0.65,us,12.29,1.962,0.16,11
50.7887,159.5658,10.0,4.2,18,132.0,2.309,0.68,us,8.15,1.948,0.146,14
50.1435,157.2331,35.0,4.3,39,132.0,2.983,0.92,us,4.53,1.928,0.101,31
37.7578,144.0958,10.0,4.4,66,133.0,3.834,0.57,us,9.44,1.899,0.074,52
-5.646,151.7832,35.0,4.5,23,118.0,1.352,0.41,us,4.66,1.924,0.144,14
-3.1678,130.7028,22.49,4.8,72,61.0,1.564,0.59,us,5.72,4.73,0.069,68
54.5954,-159.628,35.0,3.6,20,202.0,0.237,0.62,us,5.05,2.012,0.354,2
16.4242,-59.6297,10.0,4.4,36,242.0,1.383,0.57,us,7.89,1.976,0.109,24
-31.4822,-178.1921,35.0,4.5,13,166.0,2.241,0.32,us,14.46,1.934,0.181,10
6.3054,127.2913,10.0,4.3,13,90.0,1.862,0.95,us,8.08,1.947,0.238,6
37.6699,144.22,10.0,4.8,52,123.0,3.963,0.73,us,8.68,1.882,0.048,136
52.7251,161.0944,10.0,4.3,31,120.0,1.511,1.08,us,9.97,1.899,0.107,25
10.8873,93.5681,124.708,4.8,96,64.0,1.112,0.88,us,7.95,6.125,0.046,144
8.5741,58.4158,10.0,4.4,33,174.0,19.337,0.88,us,15.58,1.978,0.105,26
-33.8803,-70.4707,107.73,4.5,48,68.0,0.206,0.49,us,4.33,4.703,0.08,46
52.2952,160.6851,24.74,4.4,19,166.0,1.438,0.9,us,13.77,7.561,0.162,11
52.571,160.6326,35.0,4.0,14,121.0,1.286,0.8,us,11.61,1.957,0.163,10
41.3365,142.8344,52.931,4.6,98,134.0,0.72,0.68,us,8.1,5.06,0.054,101
50.0312,156.4607,75.809,4.7,98,93.0,3.177,0.7,us,10.53,7.009,0.035,239
-4.4241,144.3302,133.215,5.1,176,18.0,3.844,0.54,us,6.25,4.679,0.048,143
-39.6702,-75.1516,10.0,4.3,24,142.0,1.346,0.66,us,8.88,1.92,0.138,15
39.3819,143.4882,10.0,5.1,80,95.0,2.331,0.58,us,7.52,1.852,0.037,236
-17.0277,-174.6747,165.546,4.3,15,116.0,4.17,0.64,us,7.29,10.704,0.201,9
54.5247,-160.1524,38.47,4.1,83,159.0,0.448,0.55,us,5.99,8.781,0.111,26
6.8592,-73.1237,147.138,4.0,55,117.0,0.961,0.58,us,8.42,5.662,0.08,42
47.9545,22.9676,10.0,4.3,19,121.0,1.537,1.18,us,4.89,1.975,0.217,6
27.6084,128.7244,39.438,4.5,62,87.0,0.868,0.98,us,5.66,8.319,0.085,41
18.8363,146.39,10.0,4.3,11,167.0,3.621,0.97,us,15.54,1.959,0.177,9
-6.3623,148.0242,68.85,4.5,26,78.0,3.142,0.84,us,5.81,9.26,0.131,17
