latitude,longitude,depth,mag,nst,gap,dmin,rms,net,horizontalError,depthError,magError,magNst
-26.3858,-177.7972,196.517,4.4,76,127.0,9.419,0.7,us,13.84,6.193,0.068,62
52.0443,159.5168,70.899,4.2,13,244.0,1.114,0.4,us,11.99,9.324,0.235,7
-7.2788,126.5952,330.724,4.1,21,68.0,3.37,0.95,us,12.06,12.294,0.165,10
-5.8087,148.8839,123.391,5.0,41,64.0,3.641,0.69,us,6.42,6.92,0.101,31
40.7407,142.9837,35.0,4.4,27,148.0,1.28,0.32,us,7.07,1.935,0.139,15
-5.5097,147.1309,207.269,4.3,20,153.0,3.451,0.73,us,14.03,8.068,0.16,13
-20.0804,-175.514,234.711,4.4,28,99.0,5.361,0.34,us,9.5,9.426,0.105,26
82.1528,88.3516,10.0,4.1,14,75.0,12.03,0.89,us,9.76,1.898,0.151,12
51.4963,159.6233,30.883,4.3,18,220.0,1.642,1.03,us,5.8,6.541,0.202,7
-18.6787,65.6682,10.0,4.4,27,44.0,2.421,0.46,us,10.18,1.845,0.115,22
1.5433,127.1003,117.586,4.5,80,72.0,0.811,0.66,us,6.35,6.185,0.071,59
52.5327,160.8379,10.0,4.2,25,150.0,1.417,0.4,us,7.31,1.931,0.141,14
52.6396,160.7409,10.0,4.4,25,120.0,1.326,1.1,us,10.45,1.919,0.123,19
24.8149,-107.3051,10.0,4.2,60,201.0,1.748,1.09,us,6.53,1.972,0.06,78
49.8811,155.8327,93.441,4.0,40,137.0,3.436,0.63,us,11.22,7.933,0.102,26
-4.879,145.3954,156.556,4.6,35,129.0,4.825,0.5,us,10.88,8.312,0.063,75
51.8412,159.893,35.0,4.6,32,137.0,1.408,1.03,us,11.95,1.939,0.098,31
14.1221,145.3268,108.641,4.1,20,160.0,0.692,0.85,us,11.73,8.024,0.139,14
51.3487,159.6993,21.383,4.6,38,168.0,1.797,0.5,us,9.94,6.838,0.094,34
50.7263,157.0367,72.868,4.2,62,170.0,2.42,0.75,us,13.03,8.877,0.072,54
51.3891,159.0767,35.0,4.6,94,109.0,1.658,0.74,us,8.57,1.903,0.045,147
51.254,160.4877,10.0,4.2,22,150.0,2.103,0.75,us,11.02,1.957,0.146,13
44.0302,86.8984,10.0,4.4,29,109.0,3.715,0.86,us,9.96,1.907,0.13,17
26.1892,127.0127,62.432,4.1,18,110.0,1.3,0.52,us,8.85,9.762,0.174,9
52.144,160.281,35.0,4.4,21,208.0,1.329,0.55,us,15.28,9.841,0.161,11
-6.3469,148.469,65.598,4.8,37,59.0,3.303,0.7,us,9.4,8.106,0.094,35
-30.4607,-177.7927,35.0,5.0,61,127.0,7.787,0.88,us,11.78,1.874,0.051,124
1.5008,97.052,26.722,4.9,110,127.0,0.559,0.68,us,8.57,5.391,0.055,107
50.6818,157.4806,79.903,4.4,19,135.0,2.434,0.49,us,10.02,7.854,0.19,8
16.6079,-59.4498,10.0,4.2,21,216.0,1.578,0.67,us,10.35,1.966,0.2,7
39.4338,143.4883,10.0,4.4,38,139.0,2.299,0.81,us,5.47,1.899,0.115,22
-36.0216,179.8197,17.631,4.6,33,158.0,1.96,0.92,us,12.1,5.121,0.116,22
-2.2304,139.1037,35.0,5.0,53,60.0,1.068,0.74,us,6.5,1.88,0.071,63
-22.5769,-67.6422,176.17,4.2,36,65.0,0.62,0.9,us,6.71,10.492,0.175,9
9.1609,122.607,10.0,4.5,22,100.0,3.602,0.74,us,7.53,1.912,0.132,17
50.9591,-176.9036,10.0,3.8,26,228.0,0.83,0.31,us,4.13,2.003,0.207,6
41.04,142.8684,44.744,4.3,52,131.0,0.998,0.55,us,5.23,8.075,0.089,36
52.1346,161.0574,13.172,4.4,25,119.0,1.718,0.64,us,11.27,5.719,0.135,16
14.507,53.6755,10.0,4.4,37,124.0,21.736,0.59,us,14.08,1.907,0.099,29
51.9804,160.4872,35.0,4.7,44,178.0,2.043,0.55,us,9.87,1.956,0.078,50
14.1788,-91.6176,71.989,4.2,29,217.0,0.383,1.39,us,7.6,5.412,0.107,24
-15.8409,168.1644,187.857,4.4,22,232.0,1.005,0.86,us,12.8,7.768,0.127,18
50.3673,156.5662,81.153,4.1,27,135.0,2.834,0.62,us,13.15,8.484,0.117,20
-58.767,-24.9017,10.0,4.5,41,83.0,7.82,0.48,us,11.33,1.873,0.091,35
11.6392,142.3449,10.0,4.9,61,76.0,3.134,0.62,us,9.31,1.883,0.048,135
-57.283,-68.045,10.0,4.5,24,139.0,3.706,0.5,us,15.11,1.942,0.124,19
51.7865,160.554,10.0,4.4,35,192.0,2.192,0.62,us,11.43,1.956,0.107,25
12.7855,120.8882,10.0,4.4,29,102.0,15.601,0.8,us,11.38,1.444,0.11,24
-21.1671,-173.342,10.0,4.6,28,122.0,3.824,0.88,us,9.95,1.89,0.119,21
-3.824,99.7687,10.0,4.5,23,193.0,3.223,0.76,us,10.29,1.904,0.139,15
54.4799,-159.9228,35.0,3.4,20,203.0,0.402,0.69,us,6.29,2.007,0.283,3
27.2348,127.639,94.251,4.1,41,72.0,0.691,0.66,us,8.29,5.871,0.109,23
49.9279,157.1885,42.769,4.3,23,137.0,3.201,0.66,us,13.19,8.086,0.134,16
37.6612,144.2886,10.0,4.9,110,125.0,4.003,0.86,us,7.52,1.859,0.062,81
13.09,-88.6169,78.191,4.6,70,142.0,0.473,0.7,us,7.59,6.649,0.05,122
-19.0339,-177.5908,568.839,4.0,17,131.0,3.854,0.59,us,18.35,14.214,0.15,13
-26.9572,-176.4619,42.53,4.5,19,199.0,11.123,0.6,us,14.71,10.008,0.131,18
52.2686,160.1874,10.0,4.7,61,137.0,1.204,0.88,us,7.74,1.894,0.048,134
-24.0778,179.7929,535.224,4.1,47,121.0,6.507,0.92,us,13.83,8.768,0.086,40
52.7024,160.2014,25.076,4.8,132,119.0,0.994,0.49,us,9.87,5.367,0.036,239
27.3931,52.5727,10.0,4.2,47,83.0,4.073,0.78,us,8.93,1.894,0.089,35
-3.112,142.9974,10.0,4.5,19,70.0,2.367,0.66,us,8.24,1.907,0.14,15
15.6541,-94.0004,70.035,4.3,56,133.0,1.66,0.68,us,6.8,11.851,0.056,90
-47.865,116.1043,10.0,4.7,22,92.0,14.945,0.62,us,13.1,1.854,0.138,19
-6.9573,73.2022,10.0,4.3,14,91.0,0.87,0.65,us,7.67,1.247,0.188,8
52.8141,159.5711,57.941,4.2,18,132.0,0.596,0.73,us,11.37,7.948,0.159,11
52.8886,160.7292,10.0,4.6,38,133.0,1.265,1.15,us,12.82,1.921,0.077,50
73.2029,6.4369,10.0,4.1,14,88.0,5.893,0.35,us,5.5,1.935,0.198,7
-21.0423,-69.6073,62.136,4.4,30,69.0,0.112,0.49,us,3.82,4.109,0.112,23
-6.1961,151.8509,10.0,4.9,72,104.0,1.885,0.5,us,8.44,1.839,0.064,78
36.7909,71.1696,214.024,4.0,27,160.0,1.844,0.75,us,8.62,9.913,0.231,5
46.0482,151.6411,35.0,4.5,45,170.0,6.69,0.43,us,11.58,1.975,0.102,28
52.0022,177.5731,153.772,4.1,26,170.0,0.583,0.48,us,5.45,7.174,0.14,14
53.5974,161.4502,35.0,4.2,20,184.0,1.776,0.76,us,8.7,1.983,0.159,12
-10.7121,166.0714,167.65,4.4,33,139.0,4.834,0.77,us,13.47,8.461,0.105,26
-15.0853,167.4736,144.812,4.6,39,126.0,6.225,0.7,us,12.32,7.431,0.081,46
-13.5482,167.2187,148.835,4.4,17,159.0,23.356,0.57,us,15.33,6.744,0.135,16
52.9103,159.892,56.599,4.6,40,118.0,0.76,1.1,us,8.38,6.417,0.079,48
60.5498,-139.6848,5.0,4.1,47,53.0,0.536,1.17,us,2.09,2.002,0.261,4
-24.4871,-176.8224,123.427,4.6,52,74.0,4.841,0.63,us,10.98,6.892,0.084,43
-21.6999,-179.5578,604.943,4.2,57,122.0,4.533,0.67,us,15.23,8.546,0.075,50
36.3432,140.0067,84.053,4.4,59,143.0,1.463,0.71,us,8.6,7.476,0.074,54
1.3561,126.9119,62.513,4.2,22,120.0,0.737,0.42,us,5.57,10.781,0.16,11
51.457,159.4595,35.0,4.8,95,135.0,1.646,0.81,us,9.71,1.91,0.064,75
-59.3012,-60.2417,10.0,4.8,30,113.0,5.776,0.63,us,10.53,1.915,0.095,38
49.0746,156.2686,10.0,4.5,38,138.0,4.138,0.51,us,13.1,1.915,0.09,36
46.8692,150.7246,185.141,4.1,32,151.0,6.342,0.85,us,14.04,10.227,0.117,22
-36.8899,106.5942,10.0,4.7,30,51.0,9.592,0.58,us,10.26,1.828,0.112,24
49.8927,158.5678,10.0,4.6,60,135.0,3.135,0.5,us,8.7,1.887,0.076,52
13.8516,56.5241,10.0,4.3,22,137.0,11.04,0.88,us,12.13,1.928,0.137,15
53.3119,160.7704,35.0,5.1,72,95.0,1.309,0.79,us,8.56,1.87,0.039,214
53.8028,158.2148,10.0,4.3,23,92.0,0.761,0.38,us,7.64,1.889,0.142,14
-17.98,-178.3576,605.504,4.5,70,49.0,2.636,0.83,us,13.37,6.838,0.061,89
-20.7196,173.6803,493.66,4.2,27,117.0,5.081,0.69,us,17.67,14.412,0.118,23
51.419,159.7448,10.0,4.9,120,132.0,1.742,0.89,us,9.49,1.879,0.052,116
-6.3914,154.5076,10.0,4.4,23,118.0,3.198,0.75,us,12.18,1.903,0.124,19
51.3202,158.9,35.0,4.8,80,214.0,1.713,0.69,us,9.49,1.965,0.065,73
11.1638,124.1068,10.0,4.6,52,73.0,4.32,0.58,us,10.47,1.891,0.088,39
52.338,160.0971,35.0,5.3,104,110.0,1.117,0.81,us,8.84,1.916,0.06,93
1.5747,126.5589,35.0,4.1,14,142.0,1.135,1.02,us,4.22,1.958,0.175,9
-11.1036,165.5075,10.0,4.5,14,143.0,4.622,0.92,us,9.51,1.966,0.181,9
-16.2769,-177.683,10.0,4.3,16,273.0,2.835,0.72,us,8.31,1.998,0.148,13
52.2573,160.3981,10.0,4.4,44,152.0,1.313,0.78,us,9.33,1.897,0.095,32
50.255,158.4461,18.756,4.7,64,133.0,2.775,0.68,us,8.74,4.082,0.072,59
-9.1425,125.9261,10.0,4.5,19,129.0,1.746,0.96,us,9.36,1.908,0.135,16
-58.3778,-23.6582,10.0,4.8,37,70.0,15.826,0.69,us,6.18,1.858,0.09,38
28.0958,103.5573,10.0,4.3,24,162.0,7.838,0.59,us,12.88,1.942,0.137,15
-17.746,-178.6377,548.026,4.4,52,103.0,2.285,0.73,us,13.05,3.339,0.095,32
53.2429,159.8177,51.794,4.6,39,116.0,0.737,0.97,us,7.53,6.104,0.096,32
-7.0653,155.6407,51.82,5.0,77,81.0,4.486,0.49,us,8.69,7.231,0.053,113
-29.6153,-72.058,21.928,4.3,28,145.0,0.774,0.87,us,3.72,6.169,0.307,3
51.2504,161.0323,10.0,4.1,31,130.0,2.304,0.73,us,4.4,1.91,0.12,19
-20.6232,-177.9692,515.368,4.4,24,211.0,4.725,0.5,us,24.56,21.212,0.12,21
-6.4048,128.4207,352.561,4.8,103,16.0,5.152,0.68,us,7.9,2.284,0.054,105
2.9528,-31.3475,10.0,4.9,46,66.0,19.996,1.02,us,12.86,1.882,0.07,73
-19.1418,168.564,62.778,4.3,19,146.0,3.608,0.65,us,10.61,8.923,0.16,14
53.4523,161.6778,26.164,4.5,81,78.0,1.87,0.77,us,8.3,5.157,0.059,84
41.2672,142.5146,53.512,4.3,21,175.0,0.889,0.58,us,6.55,8.85,0.147,13
-58.7581,-24.8316,10.0,4.8,54,69.0,7.848,0.44,us,10.83,1.895,0.076,53
-10.7671,164.4381,10.0,4.4,27,128.0,4.614,0.62,us,10.09,1.92,0.123,19
52.0258,160.555,10.0,4.3,22,124.0,1.534,0.8,us,9.33,1.917,0.133,16
6.7319,-72.9942,168.406,4.3,43,86.0,2.293,0.7,us,9.69,7.438,0.075,51
-25.4227,-177.1364,122.376,4.9,118,74.0,3.872,0.71,us,10.15,6.362,0.034,270
2.4651,126.7563,48.141,4.5,38,104.0,2.588,0.88,us,10.74,7.63,0.107,26
3.5107,126.9742,42.802,4.3,18,130.0,1.923,1.14,us,13.85,8.098,0.133,16
53.1006,161.067,35.963,4.4,21,171.0,1.461,0.94,us,12.93,10.232,0.155,12
-3.2992,129.0835,23.328,4.1,29,61.0,1.465,0.67,us,4.27,5.454,0.12,22
-3.3888,128.6923,34.574,4.7,62,57.0,3.582,1.05,us,7.44,5.39,0.081,46
52.6585,160.7935,35.0,4.5,42,151.0,1.351,0.79,us,10.63,1.972,0.091,35
51.6854,160.0497,34.907,4.6,52,137.0,2.026,0.65,us,10.32,5.481,0.081,45
8.4092,-103.1554,10.0,4.4,150,203.0,10.136,0.61,us,13.59,1.951,0.045,142
9.3633,93.9614,40.127,5.0,54,69.0,5.064,0.91,us,10.29,5.366,0.091,38
-32.9269,-178.5052,10.0,4.6,16,148.0,3.688,0.99,us,12.3,1.964,0.165,11
27.4202,52.5046,10.0,4.2,64,81.0,4.138,0.63,us,8.56,1.897,0.076,48
-23.3029,-176.97,151.949,4.5,26,165.0,7.233,0.7,us,13.86,8.08,0.124,20
-56.2003,-26.3886,51.03,5.5,107,68.0,6.088,0.87,us,10.73,6.259,0.057,106
39.5908,142.0396,49.54,4.4,26,147.0,1.411,0.81,us,8.4,8.133,0.143,14
-9.6313,125.0453,10.0,4.1,11,131.0,0.777,0.98,us,7.37,1.938,0.213,6
51.2387,159.46,10.0,4.4,32,192.0,1.856,0.62,us,12.32,1.967,0.112,23
-29.7529,-71.8422,27.059,4.3,32,145.0,0.55,0.82,us,5.35,5.147,0.154,12
-13.9845,-72.5574,101.337,4.3,23,104.0,4.624,0.77,us,9.66,5.67,0.133,16
51.5668,159.5697,35.0,4.8,90,127.0,1.564,0.93,us,4.9,1.89,0.053,111
13.8852,145.2884,120.493,4.1,23,150.0,0.503,0.44,us,10.88,7.533,0.123,18
49.8017,157.3539,22.714,5.3,59,134.0,3.318,0.81,us,9.82,5.392,0.056,109
-36.5407,-110.0689,10.0,4.5,59,156.0,29.797,0.48,us,15.16,1.898,0.071,58
-10.2715,161.2607,108.087,5.0,82,33.0,1.536,0.72,us,9.51,4.987,0.046,233
13.5675,-91.2791,35.0,4.3,36,130.0,1.023,1.12,us,4.49,1.916,0.061,76
12.9962,145.7424,10.0,4.2,24,104.0,1.035,0.78,us,4.33,1.922,0.166,10
14.9447,147.0388,37.539,4.6,94,102.0,1.238,0.7,us,7.91,6.952,0.061,86
-21.0347,-11.6613,10.0,4.6,18,85.0,7.548,0.47,us,8.12,1.894,0.141,15
51.5995,160.094,10.0,4.4,20,229.0,2.107,0.55,us,14.4,1.99,0.123,20
49.7987,156.9021,35.0,4.4,46,137.0,3.352,0.97,us,12.37,1.938,0.082,44
51.8643,159.4794,58.392,4.4,48,137.0,1.267,0.58,us,7.07,6.722,0.082,48
50.2744,159.5324,10.0,4.2,21,139.0,2.807,0.55,us,13.69,1.926,0.124,18
53.1566,160.7271,11.328,4.2,33,137.0,1.26,0.74,us,10.98,4.454,0.132,16
13.9164,40.0215,10.0,4.3,28,104.0,3.636,0.9,us,10.98,1.939,0.122,19
7.3513,127.4086,10.0,4.9,38,60.0,1.837,0.76,us,7.13,1.88,0.098,33
-13.0928,168.5147,592.201,4.0,10,136.0,2.663,0.45,us,18.07,10.542,0.212,6
50.2465,159.1692,10.0,4.3,19,231.0,2.8,0.62,us,7.69,1.965,0.218,7
13.6434,145.4782,38.77,4.9,45,88.0,0.595,0.57,us,5.52,7.634,0.086,42
-28.3435,-69.177,102.507,4.6,94,42.0,1.433,0.64,us,6.68,6.161,0.046,141
71.5454,-64.4146,9.649,4.3,18,57.0,3.568,0.68,us,8.27,6.467,0.188,8
30.7267,70.2794,10.0,4.1,20,244.0,3.899,0.7,us,9.43,1.965,0.144,13
51.6277,159.1623,47.227,4.6,91,135.0,1.733,0.44,us,10.48,7.215,0.061,79
51.0899,159.4185,10.0,4.5,15,138.0,1.994,0.74,us,9.19,1.825,0.18,9
51.5708,159.0956,35.0,4.8,69,181.0,1.48,0.78,us,10.4,1.958,0.061,82
51.3528,157.5778,69.897,4.5,30,126.0,1.76,1.15,us,12.0,8.292,0.113,23
34.2735,45.488,10.0,4.6,61,105.0,4.482,0.96,us,10.49,1.901,0.061,80
-20.0717,-69.273,92.922,4.1,36,101.0,0.132,1.24,us,6.95,9.107,0.145,13
-23.4655,-66.409,207.267,4.3,34,61.0,1.707,1.01,us,8.64,7.523,0.147,13
-18.1107,-178.2408,575.904,5.1,89,31.0,2.801,0.64,us,11.51,6.395,0.025,534
-31.1835,-179.285,183.317,4.3,15,200.0,6.667,0.75,us,10.41,10.026,0.168,10
40.8351,143.0935,35.339,4.1,20,153.0,1.18,0.99,us,5.5,6.447,0.214,7
-61.0363,-38.7333,10.0,4.2,13,130.0,6.877,0.78,us,8.11,1.879,0.176,11
-44.3418,-82.2968,10.0,4.7,47,137.0,6.309,0.63,us,11.71,1.903,0.078,49
32.4703,84.6414,10.0,4.2,37,156.0,6.209,1.23,us,10.3,1.924,0.11,23
0.2821,130.1837,20.713,4.3,17,124.0,1.565,0.49,us,11.23,5.886,0.153,12
50.0555,155.9105,89.467,4.2,33,135.0,3.254,0.56,us,10.53,8.162,0.113,22
51.5736,-179.5005,79.37,4.2,83,163.0,0.429,0.55,us,7.07,5.948,0.07,57
51.1377,159.145,35.0,4.4,20,224.0,1.913,0.9,us,12.69,1.988,0.155,13
2.188,124.5973,238.48,4.5,32,86.0,2.677,0.69,us,8.72,7.485,0.124,24
52.3877,161.6361,10.0,4.5,93,120.0,1.925,0.5,us,6.83,1.87,0.057,91
53.1242,159.8913,59.651,4.6,76,133.0,0.756,0.85,us,10.22,6.865,0.071,59
-9.6243,121.9113,74.7,4.1,24,73.0,1.034,0.61,us,6.18,7.549,0.12,24
52.6784,160.8552,10.0,4.1,19,174.0,1.381,0.74,us,11.21,1.959,0.158,11
-18.0405,-178.2504,518.316,4.2,79,137.0,2.754,0.5,us,14.27,7.27,0.073,55
-19.306,-177.6744,420.052,4.3,26,88.0,7.325,0.86,us,13.35,11.427,0.116,21
53.4327,161.8518,31.27,4.1,30,115.0,1.968,1.15,us,7.38,5.874,0.105,25
9.0956,93.9539,10.0,4.5,51,120.0,4.855,0.81,us,10.79,1.885,0.089,37
50.3119,158.4337,10.0,4.7,57,139.0,2.719,0.64,us,12.35,1.924,0.08,48
39.262,27.9697,10.0,4.6,41,67.0,0.849,0.35,us,5.16,1.504,0.122,20
49.9421,158.497,27.854,4.5,72,227.0,3.087,0.55,us,12.13,6.99,0.065,70
52.7644,160.489,35.0,4.1,25,119.0,1.144,0.34,us,8.14,1.862,0.114,21
13.8974,-92.0185,36.506,4.6,73,142.0,0.796,0.54,us,7.46,9.493,0.035,249
1.801,127.6136,132.222,4.1,27,106.0,1.052,0.59,us,10.71,9.016,0.117,20
2.8472,-31.0716,10.0,4.4,14,141.0,14.116,0.2,us,18.15,1.97,0.156,12
-15.0016,-173.3144,10.0,4.6,22,139.0,1.839,0.22,us,9.93,1.485,0.141,15
54.4964,-159.8493,36.422,3.9,31,184.0,0.368,0.81,us,6.8,10.066,0.209,6
51.6204,158.5731,35.0,4.4,72,120.0,1.406,1.1,us,7.76,1.924,0.05,120
-6.2398,151.8498,10.0,4.7,43,82.0,1.928,0.49,us,9.5,1.905,0.088,39
51.3956,157.9937,60.809,4.9,201,123.0,1.68,0.57,us,9.74,6.511,0.042,179
38.4427,142.1787,28.908,4.7,145,112.0,2.497,0.64,us,7.94,4.458,0.051,118
1.6029,127.2081,99.575,4.0,35,89.0,3.556,0.78,us,10.0,7.708,0.11,23
12.4605,125.7302,10.0,4.6,59,88.0,10.001,0.64,us,10.96,1.878,0.084,48
-47.7942,116.0167,10.0,4.8,25,93.0,14.878,0.67,us,12.94,1.909,0.135,22
-7.7947,108.7198,99.247,4.8,86,54.0,1.111,0.66,us,7.79,5.15,0.059,88
53.0926,159.7756,75.658,4.8,178,137.0,0.683,0.55,us,9.77,5.807,0.036,244
51.321,161.0129,10.0,4.4,48,138.0,2.241,0.45,us,10.28,1.889,0.063,73
49.9094,157.3663,26.722,4.6,110,91.0,3.21,0.74,us,8.89,5.33,0.052,110
-7.2119,129.152,120.049,4.1,14,107.0,5.263,0.73,us,11.18,8.549,0.233,5
11.0538,124.0366,10.0,4.5,42,62.0,4.242,0.74,us,11.59,1.901,0.1,33
49.1287,154.6678,93.079,4.3,33,125.0,4.418,0.42,us,7.93,8.578,0.116,21
-5.8145,151.2915,35.0,4.4,25,119.0,1.832,1.05,us,5.62,1.934,0.124,19
51.9212,157.8016,85.262,4.4,37,123.0,1.191,0.5,us,10.16,7.47,0.098,30
51.2679,179.5187,49.643,5.0,97,135.0,0.175,0.9,us,5.54,6.596,0.025,519
51.2414,-177.0545,35.0,3.6,44,213.0,0.533,0.5,us,4.46,2.009,0.189,7
-55.4726,-26.1917,10.0,4.2,14,120.0,6.062,0.63,us,14.6,1.946,0.146,13
-23.8942,179.6029,568.441,4.5,32,138.0,6.288,0.71,us,14.52,12.74,0.108,25
-2.1436,102.0337,182.45,4.2,26,154.0,2.343,0.74,us,8.7,9.291,0.14,14
50.2101,159.6414,10.0,4.5,62,127.0,2.884,0.58,us,10.1,1.902,0.057,91
34.7018,70.6667,10.0,4.9,50,82.0,1.277,0.48,us,9.51,1.86,0.047,143
-8.073,128.7784,35.0,4.5,18,109.0,3.701,0.48,us,7.4,1.906,0.131,17
34.6813,70.7808,10.0,4.3,30,148.0,1.368,1.03,us,7.08,1.737,0.116,21
51.6647,159.923,10.0,4.4,36,218.0,1.569,0.77,us,10.43,1.961,0.1,29
51.9416,161.6932,10.0,4.1,35,126.0,2.153,0.58,us,11.23,1.917,0.102,28
-0.8068,-91.5237,10.0,4.4,20,245.0,0.655,0.69,us,5.25,1.924,0.139,15
7.204,126.7151,73.404,4.5,52,115.0,1.135,0.69,us,8.41,7.236,0.087,41
-6.8151,155.553,126.41,4.2,15,95.0,4.263,0.36,us,10.21,7.105,0.159,11
12.3507,141.8589,10.0,4.7,44,105.0,3.181,0.78,us,12.01,1.919,0.088,39
36.5599,71.2843,222.085,4.0,46,96.0,1.994,0.95,us,7.23,7.794,0.134,15
-17.5888,166.9272,10.0,4.5,33,142.0,2.146,0.52,us,8.7,1.838,0.115,23
24.6798,94.7389,93.408,4.9,80,49.0,5.602,0.94,us,8.61,5.744,0.054,110
43.5793,147.9402,35.0,4.3,22,137.0,3.851,0.53,us,12.26,1.945,0.129,17
-23.994,-69.4871,88.807,4.0,19,90.0,1.088,1.26,us,4.62,8.72,0.164,10
50.5233,156.8009,69.014,4.4,60,135.0,2.649,0.74,us,12.01,8.133,0.075,51
52.3431,160.354,28.122,4.4,25,123.0,1.787,0.66,us,10.03,2.85,0.134,16
52.5708,160.764,10.0,4.3,25,166.0,1.361,0.75,us,11.37,1.968,0.119,20
52.6231,160.6758,10.0,4.3,37,120.0,1.293,1.03,us,9.2,1.904,0.103,27
38.2331,103.8304,10.0,4.7,178,74.0,2.275,0.64,us,8.1,1.828,0.04,190
-23.3204,171.4504,10.0,4.5,31,114.0,4.787,1.28,us,9.54,1.87,0.136,16
51.2363,-179.7611,40.483,4.0,70,201.0,0.605,0.64,us,4.9,8.968,0.075,48
49.0998,156.215,44.781,4.5,57,136.0,4.121,0.66,us,12.07,7.55,0.083,42
52.5883,160.7176,10.0,4.2,54,149.0,1.329,0.66,us,9.39,1.938,0.083,41
50.3116,157.6571,30.803,4.4,45,134.0,2.785,0.64,us,12.0,6.583,0.068,62
-14.7822,167.3962,132.752,4.5,31,253.0,0.687,0.46,us,13.07,6.182,0.108,25
51.5534,160.641,10.0,4.4,32,138.0,1.914,0.85,us,9.04,1.626,0.114,22
-2.9284,136.3199,10.0,4.6,27,57.0,1.809,0.94,us,5.41,1.763,0.105,27
54.6966,160.1413,10.0,4.1,38,131.0,1.895,0.73,us,10.4,1.908,0.086,38
51.5882,160.6574,10.0,4.3,26,229.0,1.893,0.69,us,13.56,1.983,0.122,19
12.2333,144.0086,51.16,4.3,38,155.0,1.587,0.89,us,11.68,9.152,0.1,28
27.8532,-111.8803,10.0,4.4,38,123.0,0.62,1.29,us,6.04,1.91,0.102,28
-0.8814,132.2985,39.418,4.0,23,57.0,1.039,1.0,us,6.01,7.93,0.13,18
-36.878,51.8744,10.0,4.4,25,90.0,12.583,1.16,us,14.15,1.884,0.135,16
-7.6841,127.8293,116.185,4.6,41,83.0,3.758,0.65,us,6.99,7.674,0.086,41
53.3337,160.7986,35.0,4.1,22,195.0,1.33,0.5,us,9.24,1.962,0.12,19
52.7109,159.7378,45.227,4.2,33,107.0,0.73,0.8,us,5.31,7.139,0.107,24
-13.6018,173.373,10.0,4.5,30,120.0,6.25,0.63,us,14.06,1.899,0.108,25
2.5584,96.0033,36.198,4.3,14,197.0,2.005,0.39,us,10.76,4.719,0.238,5
-23.1555,170.2002,10.0,4.8,24,162.0,2.596,0.51,us,11.26,1.945,0.128,19
2.8603,-31.2444,10.0,4.9,51,46.0,14.194,0.44,us,6.17,1.84,0.061,84
52.0518,159.8465,54.657,4.3,21,228.0,1.217,0.88,us,8.86,8.923,0.154,12
-8.1718,-75.8205,10.0,4.9,65,135.0,3.117,0.75,us,9.33,1.885,0.05,127
49.9147,159.3534,10.0,4.7,50,136.0,3.144,0.69,us,9.8,1.884,0.042,173
50.1129,158.7514,10.0,4.3,39,138.0,2.915,0.6,us,11.9,1.926,0.101,28
-7.7533,126.8827,125.745,4.4,26,73.0,6.562,0.66,us,11.57,8.799,0.134,16
51.5628,158.7086,35.0,4.8,40,123.0,1.463,1.27,us,9.46,1.932,0.114,38
-24.3448,179.9654,529.15,4.2,37,113.0,5.249,0.8,us,14.0,7.509,0.084,40
52.7614,160.9525,10.0,4.4,59,154.0,1.419,0.83,us,9.53,1.94,0.058,85
52.0813,159.8409,47.97,4.2,24,124.0,1.191,0.81,us,10.62,7.661,0.113,22
51.7897,175.7969,49.761,4.4,108,155.0,1.405,0.52,us,8.18,8.484,0.058,84
7.1849,126.7605,82.936,4.3,30,131.0,1.178,0.58,us,11.01,3.278,0.119,20
23.6208,100.6849,10.0,4.4,28,81.0,2.535,1.02,us,9.13,1.901,0.143,15
-55.3529,-27.4001,15.923,4.8,32,67.0,5.363,0.71,us,8.3,5.154,0.1,31
54.6161,-159.8739,47.136,4.4,56,160.0,0.271,0.58,us,5.87,7.237,0.086,39
50.6561,156.7776,69.15,4.0,22,129.0,2.521,0.63,us,13.76,8.801,0.143,13
-2.9325,136.8978,49.295,4.3,20,55.0,1.297,0.81,us,7.2,8.709,0.125,18
30.4765,81.1429,19.232,4.2,26,132.0,8.685,0.62,us,12.04,6.089,0.121,19
-14.5097,-73.6093,88.454,4.5,31,123.0,4.024,0.7,us,8.29,7.818,0.11,24
46.8042,152.25,86.344,4.4,24,134.0,6.507,0.33,us,13.36,9.261,0.117,21
51.4871,159.1092,35.0,5.2,56,161.0,1.564,0.64,us,11.65,1.978,0.085,45
51.502,159.6566,10.0,5.2,89,93.0,1.645,1.23,us,5.45,1.856,0.04,205
-7.1165,114.0577,9.264,4.2,23,70.0,1.348,0.81,us,3.19,4.733,0.152,14
-9.5616,158.4298,10.0,4.7,34,75.0,1.502,0.62,us,9.31,1.875,0.097,32
51.5651,159.5352,10.0,5.1,113,133.0,1.558,0.82,us,9.72,1.88,0.035,264
51.9585,160.4532,42.798,4.2,15,154.0,1.534,0.72,us,12.8,11.21,0.16,11
50.9968,159.2593,10.0,4.5,41,123.0,2.064,0.87,us,10.47,1.924,0.088,38
53.1244,160.5038,34.18,4.2,26,136.0,1.123,0.99,us,11.18,4.673,0.112,22
11.8039,141.3984,35.0,4.5,29,109.0,3.823,0.48,us,10.23,1.938,0.125,20
49.968,159.4667,10.0,4.4,24,136.0,3.333,0.8,us,9.89,1.904,0.138,15
51.0842,158.8473,32.512,4.0,25,129.0,1.946,0.54,us,11.4,6.735,0.134,15
40.0203,143.5318,10.0,4.9,125,121.0,2.013,0.62,us,7.15,1.718,0.05,127
50.625,158.9095,17.599,4.8,136,76.0,2.407,0.56,us,7.69,2.796,0.042,175
-25.1872,-179.0818,391.864,4.4,42,123.0,10.436,1.04,us,14.97,8.453,0.088,37
-18.7103,-69.2268,127.514,4.0,50,78.0,0.459,1.1,us,5.61,5.87,0.084,40
61.1631,-27.8186,10.0,4.3,29,162.0,4.659,0.78,us,11.63,1.95,0.113,22
51.4935,159.882,32.936,4.3,19,137.0,1.709,0.81,us,9.31,6.917,0.177,11
41.2599,142.4695,33.122,4.1,12,182.0,0.914,0.42,us,9.0,10.923,0.213,6
29.3256,129.5979,10.0,4.5,50,112.0,2.298,0.37,us,5.49,1.886,0.089,37
52.1476,159.7059,36.363,4.7,49,159.0,1.088,0.88,us,11.5,8.564,0.078,49
18.7106,145.5349,210.582,3.8,25,148.0,3.459,0.47,us,11.56,9.547,0.12,18
-20.9115,-178.7395,558.535,4.4,30,136.0,4.37,0.62,us,13.22,8.83,0.107,26
50.767,158.5127,37.511,4.1,31,126.0,2.261,1.21,us,8.99,7.957,0.114,21
-18.4639,-178.0883,459.62,4.3,67,33.0,7.563,0.68,us,12.07,6.874,0.041,171
40.8435,142.9824,35.0,4.6,43,134.0,1.178,1.15,us,7.49,1.932,0.091,36
-18.1101,167.5363,10.0,4.2,12,258.0,3.913,0.46,us,8.07,1.993,0.2,7
50.8062,157.5224,58.241,4.1,28,126.0,2.308,0.78,us,9.89,6.657,0.14,15
52.2481,160.418,10.0,4.4,36,121.0,1.328,1.2,us,9.75,1.898,0.1,31
-18.1429,168.3484,56.676,4.4,18,150.0,2.896,1.08,us,8.34,9.098,0.169,13
51.8377,160.8717,10.0,4.6,54,126.0,1.806,0.63,us,8.95,1.839,0.054,103
6.9145,127.3214,10.0,4.4,32,137.0,1.736,1.13,us,8.53,1.794,0.105,26
-31.5795,-178.113,10.0,4.9,25,225.0,6.658,0.99,us,9.51,1.954,0.11,29
-28.2547,62.7289,10.0,4.6,34,68.0,9.489,0.78,us,5.95,1.818,0.114,23
-23.8747,-179.8676,503.624,4.3,41,140.0,6.401,0.58,us,14.86,8.899,0.109,24
53.1782,159.9229,50.727,4.2,31,164.0,0.783,1.26,us,11.82,9.096,0.11,23
51.3533,159.6584,10.0,4.9,130,86.0,1.784,0.9,us,8.14,1.866,0.048,133
-22.1362,-67.3278,172.672,4.2,58,54.0,1.13,1.18,us,7.31,6.779,0.078,51
73.2412,6.5707,10.0,4.4,38,104.0,7.085,0.58,us,12.57,1.916,0.11,24
52.8952,160.5992,28.802,4.0,26,118.0,1.186,0.77,us,7.82,4.227,0.111,22
7.6197,127.1421,10.0,4.4,18,92.0,1.644,0.63,us,6.18,1.917,0.155,12
4.9095,94.7943,59.204,4.4,35,96.0,2.168,0.55,us,7.93,8.226,0.114,22
52.4878,160.8602,30.064,4.1,25,121.0,1.446,0.98,us,11.29,6.854,0.107,24
-4.9392,153.0422,44.851,4.1,20,185.0,1.149,1.14,us,7.51,8.779,0.14,14
31.767,50.9071,10.0,4.4,53,123.0,5.495,0.56,us,11.84,1.923,0.077,49
18.866,145.0601,620.987,4.0,19,147.0,3.672,0.74,us,18.22,15.708,0.125,17
51.8472,160.1105,30.704,4.5,26,167.0,1.479,1.28,us,13.06,7.869,0.124,20
-23.7405,-179.3795,395.029,4.1,28,172.0,5.652,0.49,us,15.96,10.586,0.107,24
50.3691,157.1711,49.468,4.5,51,134.0,2.763,0.65,us,11.05,7.209,0.087,39
21.2891,101.6636,10.0,4.3,38,67.0,1.603,1.07,us,6.66,1.875,0.126,18
52.8181,-168.2594,44.326,3.4,30,210.0,0.392,0.89,us,5.77,10.383,0.109,20
42.8047,146.6813,29.954,4.6,20,225.0,2.726,0.43,us,11.89,6.514,0.244,8
43.1447,146.5868,36.519,4.8,71,132.0,2.773,0.59,us,8.15,7.233,0.051,118
-32.682,-179.6924,10.0,4.3,7,250.0,5.137,0.15,us,13.72,2.011,0.188,8
51.912,159.6371,61.6,4.4,61,138.0,1.266,0.58,us,8.68,5.192,0.077,49
-41.1081,-91.2308,10.0,4.9,35,143.0,15.638,0.69,us,14.64,1.876,0.098,33
52.199,160.5367,10.0,4.4,23,143.0,1.416,1.15,us,10.02,1.928,0.123,19
-2.1736,139.1162,35.0,4.8,48,71.0,1.086,0.79,us,5.39,0.311,0.075,54
-18.2373,-175.2488,236.646,4.4,32,79.0,5.113,1.1,us,11.01,8.64,0.098,30
9.3592,93.5887,10.0,4.4,32,162.0,5.285,0.67,us,11.88,1.936,0.117,21
51.4713,159.968,28.078,4.5,31,223.0,1.753,0.95,us,10.24,10.602,0.115,22
52.5778,160.9712,10.0,4.4,20,150.0,1.478,1.19,us,10.32,1.885,0.149,13
48.2049,157.1677,10.0,4.6,78,136.0,4.916,0.75,us,8.02,1.886,0.048,128
29.504,130.5768,35.0,4.8,119,106.0,2.002,0.67,us,7.13,1.887,0.058,92
-2.949,129.4134,10.0,5.0,63,50.0,1.638,0.61,us,7.27,1.855,0.074,58
-56.0757,-143.8795,10.0,5.0,36,88.0,24.175,0.71,us,15.15,1.876,0.095,35
51.0992,158.5497,35.0,4.2,24,128.0,1.928,1.16,us,9.53,1.95,0.146,14
-9.7631,120.5286,81.43,5.0,86,40.0,0.246,0.67,us,6.59,3.804,0.069,67
-3.1168,136.2347,10.0,4.0,18,53.0,1.753,0.55,us,4.65,1.921,0.183,8
50.1769,155.9291,91.642,4.4,62,135.0,3.136,0.7,us,11.99,7.771,0.066,66
29.6946,142.2399,10.0,4.4,40,146.0,2.59,0.86,us,10.53,1.91,0.097,31
49.9381,157.3568,10.0,4.2,35,138.0,3.182,0.66,us,10.88,1.447,0.104,26
50.244,158.6693,10.0,4.5,70,138.0,2.783,0.66,us,11.56,1.908,0.073,55
-12.8907,143.2963,11.304,4.1,17,102.0,1.067,0.44,us,7.65,6.109,0.197,7
-52.9951,22.1673,10.0,4.6,16,95.0,20.626,0.87,us,14.95,1.914,0.141,15
-25.6184,179.5508,523.711,4.2,28,120.0,7.958,1.09,us,14.84,10.838,0.087,37
-32.3033,-71.1697,81.874,4.1,31,149.0,0.307,0.53,us,3.5,5.939,0.302,3
-7.1031,101.9285,10.0,4.4,18,163.0,2.91,0.6,us,12.08,1.936,0.161,11
58.3774,-32.1618,10.0,4.5,66,130.0,8.209,0.5,us,11.32,1.931,0.072,57
51.5862,159.1579,56.19,4.3,44,137.0,1.473,0.66,us,9.0,5.098,0.09,35
50.3541,157.2101,35.0,4.4,35,131.0,2.775,1.34,us,9.36,1.936,0.13,17
-21.9912,-68.7137,117.67,4.3,27,64.0,0.527,0.93,us,5.51,4.761,0.16,11
39.7797,143.3081,37.034,4.2,26,155.0,1.991,0.73,us,7.5,8.767,0.175,11
53.4919,-165.3258,23.065,4.2,49,158.0,0.658,0.81,us,3.8,6.971,0.077,47
-5.5736,152.7499,10.0,4.4,30,152.0,1.492,0.47,us,9.51,1.702,0.103,27
60.3727,-139.3832,8.723,4.3,47,57.0,0.515,0.7,us,2.12,5.034,0.239,5
49.8529,157.5905,32.543,4.2,29,134.0,3.243,0.71,us,8.98,5.823,0.108,24
53.0284,161.3239,22.407,4.0,34,146.0,1.615,1.21,us,10.82,6.37,0.102,26
18.762,145.3384,236.346,4.1,17,128.0,3.528,0.27,us,18.81,13.401,0.165,10
79.1448,3.5506,10.0,4.2,24,125.0,1.622,1.11,us,9.42,1.862,0.128,17
29.241,105.395,10.0,4.3,35,147.0,3.711,0.78,us,11.3,1.929,0.111,23
-15.4104,168.0797,10.0,4.7,33,163.0,0.846,0.77,us,4.19,1.898,0.106,27
51.7945,158.4856,55.333,4.6,18,138.0,1.235,0.87,us,11.68,7.851,0.128,18
12.9214,145.6851,10.0,4.4,27,110.0,1.036,0.82,us,8.9,1.904,0.134,16
36.3098,71.4477,117.474,4.4,52,75.0,2.164,0.57,us,7.3,7.613,0.082,43
51.1538,159.6239,10.0,5.0,75,125.0,1.966,0.74,us,8.36,1.867,0.043,174
7.6037,126.9374,35.0,4.4,35,69.0,1.448,1.16,us,7.97,1.915,0.108,35
1.2364,128.4832,10.0,4.0,23,145.0,1.208,0.75,us,7.3,1.61,0.157,13
10.7584,123.7973,10.0,4.4,38,120.0,14.151,0.72,us,14.56,1.9,0.1,29
-34.2319,-178.5567,10.0,4.5,17,161.0,4.186,0.63,us,8.18,1.982,0.163,13
18.3466,145.5573,501.167,3.9,25,146.0,3.096,0.8,us,14.89,12.19,0.142,14
4.982,94.6883,60.668,4.5,40,138.0,2.263,0.54,us,8.62,8.02,0.104,27
36.8332,71.0559,205.599,4.2,30,185.0,1.863,0.44,us,9.35,9.21,0.146,13
16.5187,-59.7045,10.0,4.6,61,128.0,1.323,0.52,us,7.13,1.908,0.092,35
51.3905,159.4854,10.0,4.6,44,128.0,1.714,0.83,us,7.38,1.836,0.103,30
-5.4,152.2663,35.0,4.3,36,177.0,1.112,0.6,us,9.16,1.976,0.094,32
76.8813,17.7424,10.0,4.0,25,118.0,2.382,0.61,us,13.39,1.928,0.116,20
16.362,-95.1391,53.49,4.5,91,131.0,1.345,1.19,us,6.55,9.322,0.044,153
14.0249,-89.8234,10.0,4.2,20,126.0,0.129,0.75,us,3.67,1.967,0.176,9
-29.3547,-68.2498,24.5,4.3,27,148.0,1.721,0.63,us,5.75,6.438,0.267,4
48.255,154.3649,72.511,4.1,28,154.0,5.3,0.44,us,13.56,10.554,0.131,16
-30.6884,-178.1748,44.899,4.7,32,133.0,7.45,1.02,us,13.05,6.019,0.11,25
7.7293,-37.0934,10.0,4.8,59,109.0,13.519,0.67,us,8.92,1.88,0.061,83
44.2724,83.4036,10.0,4.7,61,80.0,2.64,0.7,us,3.48,1.843,0.053,110
7.1303,127.2153,10.0,4.4,43,60.0,1.625,0.96,us,8.14,1.892,0.094,33
52.3906,160.7468,10.0,5.1,78,134.0,1.425,0.99,us,10.72,1.898,0.072,62
-63.8354,173.0182,11.159,4.5,9,168.0,14.186,0.98,us,15.27,6.995,0.271,4
52.7766,160.952,26.021,4.3,20,150.0,1.416,0.93,us,12.11,7.948,0.16,11
-17.9551,-177.8607,629.043,4.7,58,80.0,3.027,0.65,us,12.83,9.057,0.054,102
-49.1395,124.9343,10.0,4.5,20,67.0,16.718,0.8,us,13.54,1.899,0.131,19
-23.0538,179.0167,613.245,4.3,23,108.0,5.359,0.96,us,19.41,21.332,0.132,16
54.44,-160.098,49.646,3.3,66,196.0,0.491,0.9,us,5.9,11.664,0.218,5
53.191,159.9222,65.918,4.5,114,127.0,0.785,0.65,us,10.14,6.881,0.055,98
52.8525,159.1009,77.125,4.9,111,106.0,0.322,0.67,us,8.96,5.365,0.034,278
-22.1775,-179.6341,596.772,4.0,20,199.0,4.917,0.6,us,20.1,8.377,0.119,19
29.1634,129.4221,10.0,4.3,24,109.0,2.502,0.45,us,7.73,1.906,0.178,9
50.4117,156.5472,80.71,4.4,48,125.0,2.794,0.95,us,10.77,6.217,0.08,45
52.877,160.775,20.19,4.2,23,171.0,1.294,1.25,us,12.54,6.997,0.137,17
31.4156,99.7785,10.0,4.3,18,228.0,5.582,0.71,us,8.44,2.008,0.161,11
45.801,151.8721,35.0,4.4,72,135.0,6.409,0.63,us,9.97,1.922,0.069,61
51.276,159.0858,35.0,4.0,15,249.0,1.771,0.78,us,13.81,2.007,0.183,8
3.5889,128.4732,10.0,4.3,17,150.0,3.195,0.53,us,8.71,1.919,0.168,10
-18.0232,-178.3952,595.736,4.4,59,111.0,2.631,0.62,us,13.48,7.35,0.038,196
52.5869,160.6429,10.0,4.9,69,118.0,1.286,0.64,us,7.53,1.483,0.056,99
50.8196,158.995,11.993,4.6,84,136.0,2.217,0.65,us,8.74,3.985,0.066,68
-11.0719,163.5732,10.0,4.4,20,127.0,3.92,1.2,us,8.88,1.964,0.149,13
29.4338,129.3125,10.0,4.5,49,107.0,2.291,0.75,us,5.93,1.518,0.079,48
51.5937,159.4887,37.66,4.3,64,137.0,1.522,0.88,us,10.07,7.5,0.072,60
-2.1428,120.7358,10.0,4.6,29,62.0,0.533,0.8,us,6.02,1.93,0.125,22
-16.6205,-179.595,544.439,4.1,31,132.0,1.002,1.18,us,15.64,9.774,0.081,41
27.6675,53.0396,10.0,4.0,23,85.0,3.926,0.71,us,8.24,1.94,0.122,18
28.1878,51.7175,10.0,4.4,41,84.0,5.154,0.69,us,8.94,1.91,0.127,18
51.5437,159.2549,35.0,4.7,86,134.0,1.528,0.83,us,8.58,1.899,0.047,138
-46.7553,166.4472,35.0,4.3,13,107.0,0.611,0.92,us,6.78,1.997,0.378,2
9.3132,93.8317,10.0,4.9,72,107.0,5.745,1.35,us,8.03,1.87,0.077,53
-6.3978,151.8483,10.0,4.4,30,85.0,2.214,0.86,us,9.24,1.897,0.11,24
-6.4137,131.4916,23.241,4.8,20,96.0,3.552,0.95,us,8.49,6.433,0.144,15
36.5615,71.0773,199.491,4.2,57,95.0,2.584,0.58,us,5.17,8.594,0.09,34
51.3729,160.9167,10.0,4.2,43,129.0,2.163,0.63,us,8.73,1.906,0.089,35
60.39,-139.505,5.0,4.2,30,88.0,0.475,0.73,us,2.91,1.95,0.215,7
49.9763,158.331,10.0,4.6,107,79.0,3.058,0.48,us,8.51,1.866,0.046,145
29.7915,92.3503,10.0,4.5,29,84.0,1.067,0.95,us,8.34,1.877,0.08,46
-2.7517,130.2049,10.0,4.5,35,85.0,1.784,0.62,us,5.41,1.876,0.102,28
-6.2417,130.006,159.763,4.3,24,117.0,1.711,0.6,us,10.6,8.204,0.129,17
43.588,144.7033,123.585,4.3,67,136.0,1.616,0.74,us,8.69,7.465,0.059,80
-24.333,179.818,511.166,4.2,30,111.0,5.29,0.56,us,12.52,15.077,0.115,21
51.2935,160.7032,10.0,4.2,51,130.0,2.145,0.52,us,8.95,1.901,0.088,36
-50.0502,114.5821,10.0,4.2,13,147.0,16.408,0.18,us,12.63,1.861,0.167,10
-61.0159,-38.6218,10.0,4.5,15,71.0,6.847,0.73,us,9.67,1.896,0.15,13
49.4117,157.8748,10.0,4.4,19,136.0,3.649,0.57,us,6.27,1.92,0.22,8
50.6173,158.4041,32.753,4.2,31,137.0,2.414,0.67,us,12.27,6.394,0.096,30
-33.8803,-70.4707,107.73,4.5,48,68.0,0.206,0.49,us,4.33,4.703,0.08,46
-23.2924,179.9279,566.601,4.8,69,72.0,5.792,0.65,us,13.46,8.926,0.065,74
7.2409,126.7015,74.077,4.6,35,115.0,1.127,0.95,us,6.32,8.562,0.103,28
-2.186,139.7404,27.907,4.5,46,79.0,1.016,0.89,us,6.19,5.366,0.09,36
50.1435,157.2331,35.0,4.3,39,132.0,2.983,0.92,us,4.53,1.928,0.101,31
-2.1741,138.8715,35.0,4.8,48,67.0,0.844,0.85,us,6.57,1.903,0.082,46
15.3171,146.8515,35.0,4.8,106,134.0,1.026,0.79,us,8.22,1.932,0.049,137
52.1062,160.4997,10.0,4.9,63,121.0,1.456,0.82,us,9.21,1.89,0.052,115
-55.7247,-26.3445,10.0,5.0,41,91.0,6.013,0.56,us,11.65,1.79,0.089,41
51.7982,157.6924,10.0,4.5,18,200.0,1.312,0.53,us,9.07,1.959,0.14,15
11.2252,124.1322,10.0,4.6,46,87.0,4.369,0.57,us,11.42,0.955,0.073,57
-32.1903,-178.7721,27.978,4.9,30,130.0,5.872,0.45,us,15.31,6.456,0.106,28
16.1907,121.985,73.046,4.4,37,113.0,7.187,0.83,us,14.25,8.579,0.112,23
52.3073,160.3203,28.224,4.9,91,132.0,1.245,0.62,us,10.87,5.725,0.045,156
36.4893,53.2719,10.0,4.0,23,145.0,4.126,0.94,us,9.2,1.959,0.164,11
22.8936,143.7755,40.888,4.6,33,99.0,4.426,0.6,us,11.55,7.39,0.111,24
51.6721,160.7083,10.0,4.2,43,160.0,1.851,0.66,us,9.26,1.94,0.086,37
51.4836,159.7335,25.182,4.6,56,157.0,1.68,0.92,us,8.55,5.381,0.077,51
49.1392,156.1917,74.573,4.5,22,183.0,4.086,0.59,us,13.27,9.616,0.15,13
-60.2607,-62.2314,10.0,4.3,16,139.0,4.608,0.59,us,10.13,1.861,0.148,13
-9.3665,158.8815,9.522,4.4,35,86.0,1.054,0.4,us,5.48,4.633,0.107,30
-2.3293,139.1544,40.0,4.4,27,71.0,1.117,1.12,us,6.6,7.298,0.13,17
52.9516,160.6343,35.0,4.2,35,137.0,1.202,0.7,us,10.87,1.948,0.092,33
60.5231,-140.0265,7.439,4.6,67,56.0,0.443,0.85,us,3.61,4.774,0.11,26
-36.9648,179.0732,10.0,4.4,24,210.0,0.854,1.19,us,5.29,1.931,0.189,10
54.5053,-159.8304,35.228,4.2,44,187.0,0.355,0.61,us,6.24,10.294,0.372,2
-23.6383,179.9884,544.334,4.6,53,126.0,6.137,0.8,us,13.16,7.03,0.043,162
51.9413,-173.6963,40.976,3.8,50,113.0,0.404,1.02,us,6.29,6.605,0.111,21
49.1775,156.4662,35.0,4.8,151,116.0,4.012,0.5,us,9.61,1.893,0.032,307
-54.1547,-1.9643,9.972,4.6,9,109.0,17.587,0.43,us,16.23,4.146,0.183,9
29.3458,129.4924,12.131,4.6,55,112.0,2.31,0.44,us,8.0,4.459,0.085,41
-15.2949,167.3503,118.416,4.2,15,218.0,0.207,0.69,us,17.22,8.373,0.186,8
5.0401,126.6349,9.254,4.4,37,72.0,1.192,0.77,us,6.37,4.161,0.098,35
-12.4485,167.0104,230.059,4.3,49,90.0,2.986,0.82,us,11.87,8.616,0.083,41
52.7629,160.91,32.003,4.0,26,143.0,1.394,0.44,us,9.09,4.261,0.129,16
52.2912,159.9371,59.125,4.2,22,122.0,1.589,1.23,us,9.97,8.148,0.142,14
4.3699,-73.2403,10.0,4.5,59,62.0,1.176,0.7,us,7.65,1.898,0.087,39
-15.8374,166.9705,10.0,4.1,8,146.0,0.448,0.17,us,6.38,1.892,0.369,2
-62.9467,-157.8567,10.0,4.6,13,162.0,18.535,0.81,us,11.85,1.923,0.152,13
50.1851,177.445,10.0,3.6,40,256.0,1.678,0.56,us,7.04,2.006,0.114,19
51.5784,178.4737,76.757,4.0,39,184.0,0.359,0.72,us,5.11,4.446,0.15,12
-11.3827,-74.1875,101.453,4.3,26,96.0,2.669,0.7,us,7.1,9.037,0.147,13
-18.135,-178.4305,594.036,4.4,81,82.0,2.67,0.68,us,10.84,3.662,0.034,256
54.571,-159.9778,32.484,3.9,85,160.0,0.345,0.94,us,5.13,5.324,0.17,9
-16.8565,-173.4989,39.87,4.3,43,56.0,3.838,0.57,us,5.1,7.514,0.094,32
51.8774,160.1431,43.871,4.8,46,135.0,1.467,1.12,us,9.13,6.752,0.067,69
7.2411,127.0451,16.617,4.3,21,178.0,1.465,0.6,us,8.72,5.662,0.137,15
-17.7301,167.9933,35.0,4.8,49,73.0,2.393,0.91,us,3.55,1.889,0.084,44
9.0733,125.7413,10.0,4.4,26,101.0,1.997,0.5,us,6.23,1.886,0.135,17
-22.8127,173.0743,10.0,4.4,13,137.0,5.2,1.12,us,7.51,1.907,0.162,11
51.874,159.7088,35.0,4.4,26,177.0,1.321,1.07,us,12.41,1.974,0.126,18
41.5572,81.4829,10.0,4.5,78,67.0,1.742,0.62,us,6.56,1.893,0.07,63
-56.1601,-25.0535,10.0,4.9,46,69.0,6.807,0.9,us,11.1,1.901,0.083,45
42.0602,-29.2053,10.0,4.3,39,138.0,5.14,0.71,us,12.92,1.929,0.096,32
36.8094,70.3992,204.867,4.4,32,177.0,2.09,0.59,us,10.08,8.309,0.155,12
3.5734,127.9185,143.192,4.7,100,53.0,2.692,0.67,us,7.74,7.213,0.051,116
48.8521,-129.174,10.0,4.1,15,161.0,0.93,0.75,us,8.24,1.965,0.099,28
17.0924,-94.8289,130.741,4.8,52,113.0,0.69,1.05,us,5.17,6.777,0.044,159
52.4294,160.5283,35.0,4.1,12,225.0,1.288,0.63,us,12.81,1.959,0.197,7
37.1913,96.3388,10.0,4.6,51,68.0,6.047,1.02,us,6.72,1.89,0.073,57
51.5493,160.6557,10.0,4.4,35,138.0,1.923,0.62,us,10.4,1.92,0.102,28
-20.9301,-67.4047,187.696,4.6,45,51.0,1.817,1.13,us,7.1,7.433,0.093,35
52.182,160.3766,10.0,4.2,43,146.0,1.349,0.83,us,9.51,1.914,0.093,32
50.9192,159.0129,10.0,4.2,24,181.0,2.119,0.82,us,11.79,1.985,0.14,14
-6.6323,129.939,125.45,4.8,68,25.0,4.348,0.6,us,8.18,6.792,0.059,90
15.5563,-47.1137,10.0,4.5,29,149.0,11.717,0.5,us,14.71,1.943,0.128,18
52.9074,159.8884,56.008,4.6,81,118.0,0.758,1.1,us,9.15,6.988,0.044,151
42.0242,137.5574,286.491,4.1,81,58.0,2.912,0.96,us,9.0,7.608,0.066,63
7.1993,127.1256,17.436,4.4,30,131.0,1.54,0.72,us,10.54,4.894,0.112,23
52.9267,-168.3886,55.764,4.0,40,170.0,0.286,0.88,us,6.38,6.231,0.102,26
-14.4674,65.7235,10.0,4.4,29,46.0,5.72,1.05,us,10.79,1.881,0.112,23
50.4242,159.7308,10.0,4.4,40,136.0,2.688,0.63,us,10.98,1.918,0.065,69
-23.0872,-114.409,10.0,4.4,20,81.0,6.109,0.2,us,18.66,1.891,0.162,11
-5.7053,-109.173,10.0,4.3,69,143.0,27.384,0.76,us,9.8,1.925,0.053,99
52.5319,161.1206,10.0,4.3,31,121.0,1.579,1.35,us,9.84,1.881,0.113,22
-23.8589,-67.7832,152.805,4.5,24,73.0,0.973,1.07,us,7.71,7.8,0.135,16
51.457,159.7619,10.0,4.6,82,127.0,1.711,0.92,us,4.59,1.881,0.065,71
-5.5745,147.0821,216.117,4.4,25,145.0,3.519,1.24,us,11.98,10.68,0.126,18
-22.0583,-68.6663,114.408,4.0,40,115.0,0.594,0.86,us,5.13,6.058,0.104,26
54.4977,-159.8529,35.0,4.7,150,102.0,0.367,0.66,us,4.13,1.696,0.05,126
51.9095,161.5172,10.0,4.3,22,227.0,2.079,0.87,us,10.05,1.936,0.161,11
-28.4328,-176.7597,35.0,4.9,28,69.0,1.307,0.87,us,8.56,1.686,0.11,26
47.3961,152.2406,130.244,4.2,72,134.0,6.478,0.82,us,12.39,8.277,0.07,57
-26.7074,-175.8669,10.0,4.9,46,107.0,9.36,0.63,us,12.57,1.866,0.083,45
35.7267,76.9374,10.0,4.5,64,96.0,4.399,0.49,us,9.04,1.905,0.078,49
51.3721,159.5822,10.0,4.5,14,193.0,1.751,0.92,us,9.23,1.957,0.191,8
-33.9256,-178.3594,10.0,4.5,17,248.0,4.529,0.41,us,14.83,2.001,0.157,12
36.2044,-33.775,10.0,4.5,23,128.0,6.785,1.35,us,13.35,1.935,0.121,20
-6.5701,155.7736,175.202,4.3,50,103.0,4.301,0.86,us,9.71,5.27,0.084,42
51.2693,159.268,34.426,4.4,30,167.0,1.798,0.83,us,7.56,6.755,0.11,24
-36.4696,177.3638,10.0,4.5,23,214.0,1.326,0.76,us,6.22,1.959,0.221,6
52.5424,160.527,10.0,4.1,19,222.0,1.238,0.51,us,16.19,1.983,0.145,13
52.1695,160.1852,35.0,4.4,49,186.0,1.268,1.1,us,11.9,1.962,0.082,43
-8.8417,124.1877,98.987,4.4,30,78.0,0.911,1.15,us,9.15,7.637,0.109,24
-31.2502,-178.2403,35.0,4.6,16,180.0,6.912,0.74,us,13.57,1.875,0.137,16
51.4172,161.0597,10.0,4.1,35,129.0,2.187,0.51,us,6.68,1.856,0.091,33
3.0436,-31.2907,10.0,4.6,79,48.0,9.942,0.49,us,11.11,1.86,0.066,71
40.4693,141.9773,66.932,4.4,17,158.0,0.765,1.01,us,6.93,7.617,0.179,9
51.5311,160.4117,10.0,4.4,23,137.0,1.845,0.96,us,13.1,1.933,0.134,17
-16.7781,-173.4733,10.0,4.8,32,94.0,3.286,1.01,us,10.94,1.856,0.109,26
32.8999,88.3856,10.0,4.2,32,143.0,3.957,0.89,us,8.32,1.825,0.096,30
6.9034,126.9331,71.575,4.4,49,133.0,1.354,0.79,us,9.32,7.417,0.087,38
39.1655,28.2881,10.0,4.1,18,70.0,1.08,0.58,us,5.32,1.977,0.302,3
-8.4443,-75.2197,128.399,4.8,44,110.0,3.866,0.66,us,10.61,7.663,0.056,98
51.1346,158.9957,35.0,4.3,19,129.0,1.904,1.1,us,9.11,1.954,0.153,12
-0.5362,119.6582,10.0,4.2,17,135.0,1.985,1.0,us,9.04,1.942,0.147,13
53.0958,159.8413,60.141,4.9,102,132.0,0.723,0.8,us,9.92,6.752,0.06,87
50.1604,158.8486,10.0,4.3,31,127.0,2.87,1.04,us,9.65,1.899,0.113,22
51.2528,159.9104,10.0,4.4,27,155.0,1.936,1.05,us,8.58,1.954,0.13,17
-22.8542,-112.5302,10.0,4.5,23,74.0,39.641,0.91,us,12.65,1.846,0.144,15
-16.6068,-69.9776,200.742,4.4,22,112.0,1.087,0.52,us,8.96,7.151,0.179,9
53.3691,159.9343,60.515,4.1,20,157.0,0.847,0.87,us,11.86,14.199,0.151,12
9.7922,-70.8698,10.0,4.4,11,113.0,0.932,1.04,us,8.77,1.969,0.219,6
43.0295,88.2292,10.0,4.9,111,39.0,5.028,0.75,us,8.13,1.775,0.043,169
9.5382,94.0096,10.0,4.5,27,135.0,5.602,0.78,us,11.06,1.94,0.128,18
-60.4174,-62.4535,10.0,4.9,29,128.0,4.435,0.94,us,7.95,1.765,0.116,23
33.7802,-38.1895,10.0,4.6,25,120.0,37.712,0.68,us,15.83,1.927,0.125,19
51.3583,158.5449,35.0,4.4,20,144.0,1.669,0.93,us,5.87,1.958,0.149,13
11.1719,138.5544,10.0,5.0,48,49.0,5.539,0.72,us,4.27,1.868,0.062,84
52.6653,159.1614,78.282,4.3,28,214.0,0.474,0.95,us,8.55,5.983,0.116,22
-57.7122,157.7679,10.0,5.0,53,51.0,3.288,0.68,us,12.21,1.802,0.085,44
52.8614,160.8778,29.485,4.6,36,119.0,1.358,1.02,us,11.21,6.258,0.109,25
52.5535,160.9023,10.0,4.5,46,143.0,1.447,0.86,us,12.12,1.919,0.055,97
-59.3645,-25.6066,35.0,4.7,22,174.0,7.841,0.93,us,14.73,1.981,0.126,20
8.4837,125.9407,10.0,4.5,28,101.0,1.45,1.0,us,10.86,1.912,0.135,22
8.4799,-103.746,10.0,4.4,36,264.0,10.34,0.52,us,10.28,1.951,0.092,37
50.4763,159.1169,10.0,5.2,51,133.0,2.567,0.79,us,9.13,1.873,0.12,23
51.8921,161.1957,10.0,4.4,42,127.0,1.926,0.74,us,10.58,1.909,0.098,30
54.3524,58.9495,10.0,3.7,15,89.0,2.066,0.93,us,6.45,1.692,0.251,4
15.9531,-96.6817,35.0,4.4,101,167.0,0.45,0.91,us,5.64,1.936,0.047,130
50.3122,154.8971,152.68,4.3,28,174.0,3.298,0.77,us,13.31,11.079,0.122,19
25.2576,126.5237,35.0,4.2,25,102.0,2.224,1.27,us,7.71,1.959,0.146,13
51.5905,-80.3757,10.838,4.1,37,76.0,3.801,0.76,us,10.47,5.962,0.084,39
51.5554,159.1604,62.299,4.1,17,215.0,1.503,0.42,us,8.99,9.836,0.185,8
51.3848,159.8739,10.0,4.7,18,183.0,1.806,1.0,us,10.59,1.958,0.158,12
42.2959,144.652,35.0,4.5,90,132.0,1.146,0.89,us,7.47,1.485,0.063,74
37.2716,20.272,36.354,4.1,27,149.0,1.323,1.37,us,6.15,10.799,0.166,10
52.3028,160.4482,45.228,4.7,42,132.0,1.312,0.92,us,10.51,7.328,0.096,33
51.5235,160.6818,10.0,4.3,55,129.0,2.423,0.8,us,9.38,1.909,0.081,43
42.399,-127.0574,10.0,3.5,23,203.0,2.009,0.47,us,8.56,2.014,0.284,3
52.1947,160.4111,10.0,4.3,41,152.0,1.357,0.88,us,9.81,1.932,0.097,30
53.3566,159.8265,58.721,4.3,96,131.0,0.783,0.54,us,9.33,5.707,0.057,86
5.74,126.1967,132.625,4.4,33,107.0,1.23,0.7,us,7.62,7.193,0.094,35
53.1649,160.8182,35.0,4.2,18,194.0,1.315,0.82,us,12.17,1.99,0.175,9
52.9529,161.2282,9.54,4.5,68,114.0,1.56,0.83,us,8.46,1.948,0.07,59
51.0955,157.0591,81.686,4.3,25,138.0,2.054,0.5,us,10.49,8.117,0.147,13
50.9066,158.972,10.0,4.3,18,130.0,2.129,0.36,us,10.75,1.939,0.16,11
51.4763,159.8618,41.581,4.3,19,144.0,1.719,0.54,us,10.99,6.85,0.119,20
-23.3053,179.9,595.443,4.5,18,184.0,5.796,0.53,us,26.16,14.176,0.124,19
-17.4718,-172.2452,10.0,5.0,34,75.0,2.72,1.23,us,10.05,1.868,0.056,104
5.2524,126.2661,87.126,4.3,37,88.0,0.939,0.62,us,6.65,6.07,0.122,24
49.7593,157.2811,10.0,4.4,40,138.0,3.364,0.44,us,10.55,1.901,0.1,29
-23.4451,179.9704,559.83,4.3,52,89.0,5.949,0.44,us,14.18,5.737,0.1,28
51.8382,160.4373,10.0,4.7,26,148.0,1.615,0.76,us,12.23,1.952,0.133,17
21.5117,97.2973,10.0,4.4,37,109.0,2.24,0.71,us,8.56,1.691,0.107,25
52.1648,160.5199,26.845,4.4,14,153.0,1.428,0.6,us,10.93,8.255,0.179,9
4.118,126.796,30.662,4.4,39,113.0,1.448,0.99,us,8.99,5.887,0.095,32
2.2496,123.9124,355.442,4.3,47,89.0,2.92,0.79,us,11.4,1.882,0.084,40
-44.9441,167.4099,105.786,4.3,21,90.0,0.457,0.51,us,5.27,5.314,0.188,8
13.5684,144.8388,111.825,4.8,49,94.0,0.035,0.64,us,6.03,4.25,0.084,44
49.1581,156.213,26.728,4.8,164,50.0,4.065,0.56,us,7.69,4.226,0.043,169
52.6333,160.856,10.0,4.3,30,165.0,1.394,0.84,us,8.41,1.975,0.116,21
23.3055,-44.9733,10.0,4.7,87,132.0,19.929,0.43,us,14.07,1.912,0.063,76
-56.7236,-23.9957,10.0,5.1,28,189.0,7.503,0.91,us,15.03,1.965,0.112,26
51.4638,176.9412,35.0,3.5,23,214.0,1.091,0.72,us,7.51,2.013,0.221,5
52.8301,160.7388,34.384,4.6,66,160.0,1.279,0.72,us,12.02,7.138,0.077,50
50.9796,158.9758,26.593,4.2,47,129.0,2.057,0.48,us,10.81,6.21,0.079,44
6.4774,126.1084,84.568,4.5,39,112.0,0.789,0.58,us,9.73,6.592,0.09,36
23.1373,120.5369,7.035,4.5,29,58.0,0.183,1.2,us,3.96,5.417,0.121,20
51.2911,159.8501,10.0,4.5,27,148.0,1.886,0.65,us,9.59,1.947,0.131,17
13.8676,145.119,107.614,4.3,27,104.0,0.369,0.78,us,9.22,6.358,0.126,18
36.6497,141.0197,91.72,4.6,80,121.0,2.264,0.94,us,7.55,7.18,0.065,70
52.0917,161.0989,10.0,4.2,14,122.0,1.762,1.16,us,6.0,1.913,0.263,4
6.6539,116.7771,634.664,4.3,64,72.0,5.341,0.76,us,12.31,6.341,0.072,55
17.8827,120.8943,10.0,4.6,74,101.0,4.913,0.62,us,11.36,1.898,0.067,67
39.5126,143.5392,10.0,4.1,19,203.0,2.285,0.38,us,7.73,1.846,0.185,8
32.3157,76.638,10.0,4.1,47,163.0,6.289,0.94,us,9.93,1.92,0.103,26
-19.2929,-174.5261,60.89,4.6,24,92.0,4.352,1.25,us,11.72,7.134,0.097,32
34.316,26.5407,65.095,4.0,36,191.0,2.293,1.02,us,9.54,11.751,0.093,31
60.4356,-139.5505,2.821,3.7,48,51.0,0.488,1.11,us,1.66,5.341,0.226,5
49.876,155.7349,86.888,4.5,68,135.0,3.462,0.64,us,11.03,7.511,0.042,167
13.0953,144.6742,52.351,4.5,33,71.0,0.526,0.72,us,11.81,5.67,0.078,48
42.3068,144.1851,49.069,4.2,45,130.0,0.818,0.78,us,8.21,8.446,0.087,37
50.0607,157.0884,36.54,4.1,24,134.0,3.076,0.79,us,8.68,5.116,0.139,14
8.9868,123.9738,545.444,4.1,66,72.0,4.482,0.56,us,11.67,8.984,0.071,54
49.2988,156.5191,10.0,5.7,52,86.0,3.886,0.74,us,10.14,1.867,0.104,33
2.7565,127.3287,53.159,5.3,82,75.0,1.972,0.78,us,6.74,7.304,0.038,236
52.5131,160.8858,10.0,4.4,28,175.0,1.451,0.57,us,8.6,1.866,0.105,26
-4.415,139.4276,9.028,3.9,18,124.0,0.572,0.46,us,4.25,5.083,0.155,13
-9.4616,120.4303,88.092,4.1,15,75.0,0.244,0.85,us,6.4,4.948,0.197,7
49.3538,98.1702,10.0,4.2,35,95.0,4.198,1.01,us,9.27,1.958,0.115,21
50.619,157.9071,35.0,4.4,36,163.0,2.452,0.53,us,10.73,1.97,0.102,28
-29.4335,-179.1442,334.44,4.6,54,134.0,8.722,0.71,us,14.02,6.866,0.071,60
-48.5895,124.7217,10.0,4.5,14,133.0,16.626,0.66,us,9.26,1.91,0.157,12
49.8397,155.7456,80.711,4.5,63,134.0,3.493,0.42,us,10.79,7.544,0.05,120
39.5763,143.4719,10.0,4.5,36,135.0,2.207,0.81,us,4.73,1.902,0.113,23
-7.0505,124.9054,554.175,4.4,84,39.0,2.76,0.55,us,10.9,7.872,0.07,58
-4.0746,126.6944,262.171,4.3,48,50.0,4.027,0.76,us,8.17,7.711,0.102,27
-23.9394,-179.8439,532.881,4.2,25,125.0,6.469,0.73,us,21.06,24.442,0.115,21
51.3844,159.5559,35.688,5.1,78,121.0,1.734,1.27,us,8.8,6.512,0.037,237
-7.3874,154.4351,10.0,4.9,47,69.0,3.897,0.94,us,10.66,1.883,0.056,102
52.7315,160.8354,10.0,4.2,23,182.0,1.356,0.96,us,13.78,1.977,0.153,12
6.9385,126.922,71.363,4.6,24,135.0,1.339,0.89,us,9.21,8.056,0.126,19
-57.9144,-25.4478,68.264,5.0,64,55.0,7.165,0.65,us,9.09,5.222,0.081,49
21.0567,121.7601,10.0,4.4,24,120.0,1.863,1.14,us,8.8,1.949,0.179,9
52.2197,160.2154,46.188,4.5,41,123.0,1.248,1.2,us,10.33,6.422,0.09,36
-17.7719,167.7389,10.0,4.7,26,146.0,2.368,0.42,us,6.81,1.847,0.117,22
52.7784,160.7397,32.417,4.3,96,115.0,1.289,0.45,us,8.9,5.639,0.054,99
52.648,160.4299,35.0,4.3,26,205.0,1.143,0.64,us,11.12,1.984,0.129,17
10.926,124.133,10.0,4.9,93,79.0,4.089,0.63,us,6.98,1.783,0.054,109
-16.5534,177.0266,10.0,4.7,12,79.0,1.538,0.86,us,7.79,1.914,0.194,8
51.7739,160.9882,10.0,4.3,13,155.0,1.902,0.9,us,12.16,1.952,0.238,7
-4.0796,-76.5241,121.567,4.2,41,96.0,2.974,0.97,us,9.78,9.515,0.105,25
-52.8748,28.1561,10.0,4.3,17,95.0,21.161,0.52,us,15.09,1.915,0.138,15
52.895,160.2544,35.0,4.2,25,211.0,0.979,0.58,us,13.43,2.006,0.136,15
6.2706,-82.7069,10.0,4.5,38,172.0,3.68,0.88,us,9.83,1.952,0.102,28
53.0606,161.3161,10.0,4.3,38,165.0,1.61,0.87,us,11.1,1.959,0.102,29
-32.9642,-178.826,33.61,5.0,28,123.0,5.152,1.05,us,12.31,7.178,0.115,24
50.5721,157.4975,35.0,4.7,37,130.0,2.543,0.76,us,9.98,1.93,0.106,27
-17.5462,-178.9401,541.874,4.4,47,108.0,1.935,0.62,us,13.41,8.184,0.083,42
37.7023,144.0108,10.0,4.6,80,134.0,3.838,0.5,us,9.62,1.892,0.07,62
51.5092,159.4718,10.0,4.4,29,123.0,1.598,1.01,us,9.4,1.908,0.115,22
52.3745,160.2524,35.0,4.3,32,143.0,1.172,1.07,us,9.83,1.961,0.113,22
-27.6633,-177.8685,192.961,4.5,20,154.0,10.563,0.81,us,10.25,11.697,0.136,16
-6.6768,129.8122,164.936,4.2,35,86.0,4.453,0.63,us,9.7,8.422,0.11,23
41.4541,142.1713,60.966,4.3,39,121.0,0.926,0.87,us,6.56,1.986,0.087,38
51.5579,159.6469,24.32,4.6,38,137.0,1.96,1.33,us,9.91,5.605,0.076,52
49.7545,158.7192,10.0,4.2,22,225.0,3.274,0.47,us,9.39,1.913,0.159,12
-43.5631,-16.1095,10.0,4.6,17,89.0,17.09,0.73,us,14.25,1.944,0.137,17
52.5477,160.5014,40.23,4.3,53,134.0,1.221,0.57,us,11.24,7.723,0.081,43
53.6015,-166.5782,75.847,3.7,33,148.0,0.231,0.51,us,9.42,10.892,0.168,9
52.9507,160.6176,35.806,4.3,25,188.0,1.192,0.73,us,15.3,14.065,0.133,16
37.665,19.9335,25.569,4.1,22,142.0,1.658,0.93,us,6.89,5.208,0.158,11
-21.2635,-179.2155,618.221,4.9,139,86.0,4.346,0.73,us,13.04,8.505,0.037,223
51.0843,158.2602,35.0,4.3,51,122.0,1.957,0.77,us,9.2,1.926,0.079,50
42.752,145.9512,35.0,5.2,79,122.0,2.197,0.66,us,8.33,1.866,0.026,486
51.1298,159.5285,10.0,4.2,33,135.0,1.972,0.73,us,11.0,1.922,0.106,25
50.8184,-172.9466,10.0,3.8,28,221.0,1.59,0.55,us,3.43,2.01,0.136,14
-20.6341,-173.7564,10.0,4.4,12,112.0,3.923,0.54,us,9.93,1.926,0.24,6
1.9255,-30.7366,10.0,4.5,35,82.0,19.923,0.61,us,13.47,1.904,0.099,30
-6.1582,147.7152,81.658,4.6,26,110.0,3.272,0.49,us,9.79,10.271,0.113,23
29.1041,49.7402,10.0,4.1,27,176.0,6.896,0.89,us,12.67,1.962,0.135,16
39.536,143.4816,34.924,4.3,23,198.0,2.236,0.62,us,5.96,8.047,0.153,12
48.8917,154.9013,60.257,5.5,299,48.0,4.767,0.76,us,9.67,4.7,0.035,278
54.2088,-159.9883,10.0,3.8,46,162.0,0.665,0.98,us,4.07,1.895,0.114,20
52.1912,160.7387,10.0,4.3,13,124.0,1.522,0.65,us,8.03,1.941,0.168,10
-11.2453,118.3198,10.0,4.9,32,105.0,2.461,1.03,us,6.28,1.89,0.101,31
34.6827,70.6043,65.43,4.3,52,142.0,3.927,0.66,us,11.15,8.308,0.092,36
-41.195,-89.1036,10.0,4.8,89,141.0,12.049,0.47,us,10.77,1.88,0.043,167
51.3157,160.1429,10.0,4.6,15,167.0,1.942,0.77,us,8.12,1.959,0.137,21
25.8597,59.9821,10.0,4.1,28,219.0,3.536,0.54,us,9.72,1.893,0.114,21
52.1567,161.4508,10.0,4.3,50,134.0,1.916,0.47,us,5.41,1.908,0.076,50
50.7026,149.9577,520.027,4.1,60,89.0,5.363,0.42,us,9.76,6.841,0.056,88
52.2021,160.6757,23.574,4.2,22,167.0,1.484,1.16,us,9.35,8.203,0.152,12
-8.9449,127.1168,10.0,4.6,31,94.0,4.832,0.82,us,8.13,1.898,0.114,25
-24.2019,-67.1947,199.752,4.3,28,74.0,1.537,1.32,us,11.15,8.032,0.122,19
11.2197,124.411,10.0,4.3,26,134.0,4.282,1.17,us,13.76,1.921,0.133,17
-6.9672,129.6672,141.95,4.2,17,126.0,4.773,0.8,us,5.54,9.312,0.175,9
41.7225,143.4689,40.341,4.5,76,133.0,0.374,0.75,us,6.42,6.036,0.053,103
-21.2977,-69.0694,105.016,4.3,20,79.0,0.465,0.55,us,4.16,4.645,0.169,10
4.2421,126.6452,46.838,4.2,22,76.0,1.261,0.72,us,6.63,9.993,0.132,17
-11.4509,166.1904,79.012,4.2,19,146.0,4.092,0.48,us,12.23,8.462,0.153,12
54.5414,-159.9198,20.655,4.1,67,157.0,0.348,1.07,us,4.72,6.144,0.157,11
29.7003,138.4539,486.873,4.2,47,139.0,3.597,0.59,us,11.83,7.141,0.095,31
51.6804,159.8877,33.748,4.3,39,91.0,1.544,0.89,us,10.29,6.15,0.097,30
52.786,160.6767,19.526,4.3,61,119.0,1.25,0.93,us,10.13,5.283,0.064,68
5.2363,125.3653,30.268,5.0,67,48.0,0.513,0.83,us,6.4,4.43,0.046,150
51.5974,159.1555,35.0,5.2,49,123.0,1.462,0.57,us,5.38,1.926,0.105,30
27.8871,-111.887,10.0,4.9,57,110.0,0.647,0.8,us,4.15,1.895,0.074,57
49.8726,156.0011,83.27,4.4,35,138.0,9.276,0.38,us,13.51,7.866,0.102,28
-6.7517,146.8788,97.822,4.7,48,79.0,2.65,0.53,us,9.01,6.449,0.092,36
-8.3706,117.8192,21.11,4.5,35,72.0,0.456,0.79,us,4.97,5.267,0.118,24
52.2582,159.7259,50.987,4.2,21,166.0,1.009,0.75,us,10.43,8.301,0.152,12
-52.3732,-71.8054,10.0,4.2,11,176.0,0.506,0.62,us,6.56,1.942,0.216,6
52.4685,160.8317,10.0,4.3,29,219.0,1.438,0.67,us,15.05,2.002,0.119,20
50.2445,155.5733,128.202,4.2,31,161.0,3.158,0.45,us,13.32,10.038,0.118,23
52.4248,160.4688,35.0,4.9,24,166.0,1.817,0.95,us,11.53,1.971,0.136,17
52.4882,160.6529,26.59,4.1,36,145.0,1.33,0.88,us,10.37,6.932,0.112,22
50.5179,157.9788,29.165,4.3,34,131.0,2.544,0.95,us,10.15,6.188,0.099,29
-23.3961,171.1542,10.0,4.4,17,238.0,3.504,0.69,us,6.92,2.006,0.189,11
51.5449,159.4431,10.0,4.4,41,137.0,1.559,0.71,us,10.17,1.912,0.101,28
11.937,140.5547,44.764,4.6,127,36.0,4.517,0.6,us,8.31,6.822,0.052,117
1.9913,126.4277,54.045,5.1,85,55.0,2.883,0.72,us,7.39,7.049,0.054,111
13.2804,-90.9409,35.0,4.3,56,175.0,1.287,0.73,us,5.28,1.899,0.058,84
-22.2384,-68.568,142.402,4.3,24,74.0,0.764,0.78,us,6.8,7.482,0.217,6
50.0476,159.5665,10.0,4.3,42,138.0,3.034,0.66,us,10.91,1.909,0.099,29
46.873,152.5884,66.72,4.1,42,136.0,6.733,0.67,us,12.2,8.591,0.107,24
-3.3861,143.6125,10.0,4.4,28,142.0,3.032,1.39,us,7.19,1.808,0.12,20
27.9568,104.8863,10.0,4.5,35,154.0,4.647,0.65,us,11.57,1.925,0.104,27
12.8133,-89.3185,40.952,4.0,31,183.0,0.968,0.76,us,7.31,14.919,0.134,15
-19.564,-176.4719,308.266,4.6,89,47.0,5.007,0.61,us,11.54,5.504,0.066,69
9.2857,94.2457,10.0,4.3,23,137.0,5.336,0.74,us,8.1,1.87,0.142,14
-55.7478,-27.1303,35.0,5.3,82,72.0,5.58,0.51,us,10.73,1.898,0.063,83
12.4389,-89.4065,10.0,4.4,53,152.0,1.346,0.7,us,5.42,1.916,0.072,56
12.0875,-88.4631,10.0,4.5,60,176.0,1.38,0.69,us,7.21,1.976,0.076,51
29.6473,142.1455,22.472,4.9,208,65.0,2.542,0.41,us,7.04,4.435,0.039,219
49.9488,155.7143,82.536,4.5,80,124.0,3.398,0.42,us,10.17,7.5,0.057,91
-24.3102,-67.0928,172.477,5.0,89,41.0,1.679,1.35,us,8.61,6.523,0.025,509
53.0907,161.4103,10.0,4.2,19,167.0,1.667,0.82,us,12.74,1.974,0.147,13
50.2202,157.2466,35.0,4.2,32,190.0,2.906,0.92,us,11.06,1.972,0.113,22
-19.2153,-69.0791,121.532,4.4,64,92.0,0.464,0.92,us,6.32,4.237,0.07,60
54.4975,-159.6856,35.0,4.1,36,199.0,0.339,0.59,us,4.07,2.006,0.185,11
49.1712,157.6072,10.0,4.4,42,90.0,3.913,0.69,us,11.46,1.905,0.089,36
-19.2736,-69.0855,2.139,4.3,17,173.0,0.406,0.86,us,2.74,5.255,0.189,8
51.7021,159.5088,35.0,4.7,47,115.0,1.424,0.91,us,6.2,1.92,0.084,43
0.495,126.5682,52.799,4.5,25,75.0,0.844,0.43,us,6.35,6.594,0.131,17
29.1549,129.0816,10.0,4.3,25,104.0,2.418,1.06,us,5.82,1.799,0.168,10
27.1297,140.146,501.928,4.1,68,87.0,1.817,0.98,us,12.32,9.288,0.059,79
1.5904,123.9628,298.53,4.2,26,77.0,2.873,0.42,us,10.32,9.442,0.132,16
51.3466,159.5999,10.0,4.1,37,137.0,1.778,0.96,us,9.6,1.907,0.099,33
-7.3415,122.5971,554.54,4.5,33,57.0,1.334,0.8,us,14.04,4.214,0.15,13
-30.2266,-177.7746,75.21,4.8,28,198.0,8.008,0.74,us,16.56,4.432,0.119,22
6.9544,-73.1265,147.834,4.2,30,115.0,2.409,0.67,us,7.86,11.659,0.12,19
-26.6063,-114.6182,10.0,4.6,20,176.0,38.883,0.52,us,12.3,1.88,0.132,17
-13.2216,167.0856,216.896,4.1,25,158.0,2.215,0.62,us,14.25,4.449,0.111,22
29.2619,129.4963,10.0,5.0,91,65.0,2.387,0.85,us,5.53,1.821,0.031,329
-1.9845,139.1742,35.0,4.2,17,80.0,1.18,1.01,us,4.53,1.927,0.146,13
11.2303,-85.6205,184.702,4.5,71,134.0,0.463,0.81,us,7.85,6.014,0.05,118
11.8758,-87.1342,50.175,4.2,50,182.0,0.823,0.56,us,5.16,10.114,0.095,31
36.7263,25.8016,10.0,4.1,26,133.0,1.611,0.75,us,5.93,1.936,0.175,9
27.1252,140.1384,478.222,4.3,142,40.0,1.824,0.64,us,10.65,6.751,0.049,120
2.1264,96.5556,23.377,4.3,26,151.0,2.432,0.88,us,9.47,4.783,0.117,21
-31.2474,-178.8334,77.894,4.5,20,158.0,2.144,0.77,us,14.04,10.309,0.135,17
-10.6964,120.0078,18.58,4.2,18,114.0,1.06,0.97,us,5.33,4.948,0.199,8
26.3136,92.7974,35.0,4.3,43,146.0,3.685,0.64,us,9.54,1.94,0.103,27
4.5768,-73.2685,10.0,4.5,12,112.0,1.082,1.0,us,8.19,1.344,0.204,7
51.9752,160.3161,10.0,4.4,37,125.0,1.463,0.96,us,9.46,1.904,0.105,26
27.5112,52.4805,10.0,4.1,27,112.0,4.209,0.83,us,9.99,1.943,0.111,22
52.3105,160.8878,10.0,4.4,24,158.0,1.539,0.79,us,10.65,1.946,0.123,19
51.5499,159.5243,10.0,4.8,68,127.0,1.57,1.28,us,8.32,1.874,0.053,108
38.8916,70.5585,10.0,4.3,24,147.0,1.119,0.56,us,3.94,1.929,0.142,14
13.5155,-92.4205,10.0,4.5,44,177.0,1.334,0.88,us,7.71,1.958,0.041,178
52.8006,161.064,10.0,4.5,41,173.0,1.479,0.85,us,5.88,1.925,0.067,65
52.1473,160.5472,10.0,4.3,26,191.0,1.453,0.99,us,10.34,1.962,0.126,19
-9.2366,124.0695,76.421,4.2,17,119.0,0.551,0.7,us,6.98,4.79,0.147,13
51.2578,159.6254,10.0,4.5,44,124.0,1.868,1.11,us,7.14,1.891,0.116,26
27.0929,103.5002,10.0,5.2,70,46.0,1.952,0.8,us,8.03,1.842,0.052,123
-50.309,134.899,10.0,4.5,19,133.0,14.822,0.48,us,16.13,1.945,0.131,17
-8.0884,148.55,44.315,4.9,69,123.0,1.897,0.87,us,7.89,5.964,0.06,88
-21.4617,-179.0454,588.803,4.4,86,69.0,4.599,0.78,us,12.9,6.275,0.036,225
51.6098,159.5587,23.56,5.0,39,122.0,1.522,0.66,us,10.06,6.075,0.077,54
53.0157,160.7567,35.0,4.0,14,133.0,1.273,0.9,us,12.08,1.946,0.196,7
34.4314,70.9445,10.0,4.1,17,241.0,1.498,0.27,us,5.78,1.991,0.158,12
52.4876,160.7329,10.0,4.1,20,174.0,1.375,0.55,us,10.8,1.99,0.151,13
-10.385,160.8038,13.993,4.9,69,83.0,1.263,0.64,us,7.44,3.729,0.064,78
-4.7319,102.6005,62.855,4.7,46,160.0,0.511,0.96,us,7.65,5.6,0.096,33
51.3318,158.3493,81.115,4.0,28,166.0,1.704,0.82,us,11.56,9.024,0.118,20
50.9895,159.1153,10.0,4.6,32,135.0,2.295,0.64,us,10.55,1.919,0.113,23
36.0796,21.0918,50.162,4.4,39,114.0,1.285,0.7,us,5.12,7.578,0.131,17
52.2003,161.1264,55.145,4.1,19,124.0,1.72,0.95,us,11.26,9.023,0.165,10
-6.3254,-79.9277,67.657,5.0,75,130.0,3.892,0.79,us,10.97,5.918,0.029,387
8.8225,-84.0746,10.0,4.3,21,145.0,0.916,0.44,us,6.43,1.914,0.178,9
13.524,144.7135,156.061,3.9,19,99.0,0.164,0.72,us,11.94,4.049,0.154,11
-6.9338,148.4706,27.434,4.9,65,123.0,2.777,0.62,us,7.98,5.251,0.071,62
5.7018,61.5557,10.0,4.4,27,107.0,23.515,0.75,us,14.86,1.93,0.13,19
-55.349,-27.98,10.0,4.6,35,67.0,5.035,0.46,us,5.84,1.904,0.095,33
50.3823,159.0706,10.0,4.1,29,133.0,2.658,1.08,us,10.59,1.914,0.112,22
14.6649,56.4839,10.0,4.3,40,101.0,22.551,0.6,us,14.73,1.939,0.089,36
52.3619,159.9747,82.347,4.5,49,134.0,1.044,0.7,us,11.28,5.013,0.078,48
51.121,158.7069,35.0,4.7,81,104.0,1.906,0.65,us,8.89,1.91,0.049,125
-4.7491,122.6104,10.0,4.6,29,93.0,0.207,0.67,us,5.79,1.915,0.132,17
26.5855,129.5422,10.0,4.1,18,91.0,1.163,0.68,us,4.44,1.784,0.158,11
-20.3652,-178.2412,497.672,4.1,13,251.0,23.923,1.23,us,22.8,20.003,0.146,14
52.349,159.785,67.488,4.2,21,119.0,0.966,0.6,us,11.34,7.626,0.146,17
25.2082,-109.508,10.0,4.1,23,179.0,0.576,1.15,us,6.74,1.938,0.12,19
36.6715,71.2243,119.632,4.4,41,167.0,1.921,0.75,us,7.14,9.879,0.102,28
51.2488,159.2394,18.01,4.5,46,138.0,2.084,0.93,us,13.75,5.854,0.091,36
-20.7408,-178.6838,598.344,4.4,104,95.0,4.288,0.73,us,11.69,6.507,0.053,108
7.0448,126.811,89.635,4.8,68,109.0,1.223,0.62,us,9.13,6.936,0.073,57
52.6312,160.6671,30.242,4.5,29,137.0,1.285,0.82,us,13.58,6.359,0.135,16
7.1963,127.0669,42.593,4.3,35,113.0,1.482,1.08,us,7.88,6.658,0.104,26
7.7288,127.1648,35.0,4.5,47,108.0,1.704,1.39,us,9.67,1.921,0.085,45
-6.2424,131.0717,35.0,4.4,51,50.0,3.504,1.01,us,8.68,1.919,0.087,38
16.5982,41.1068,10.0,4.3,46,124.0,3.754,1.07,us,9.17,1.902,0.08,45
-24.2946,-67.2128,170.193,4.2,41,55.0,1.604,0.73,us,4.46,8.822,0.147,13
51.3965,159.8057,10.0,4.7,75,128.0,1.778,0.66,us,8.52,1.874,0.081,55
9.9182,-70.7624,10.0,4.5,89,149.0,1.036,0.53,us,5.68,1.888,0.061,78
29.3167,129.4731,10.0,4.5,49,111.0,2.343,0.9,us,8.0,1.89,0.074,53
-10.8595,165.5733,35.0,4.7,40,113.0,5.716,0.54,us,14.03,1.929,0.087,45
53.0393,161.2426,10.0,4.1,33,127.0,1.566,0.97,us,8.23,1.898,0.114,22
13.2103,145.3437,74.39,4.2,18,159.0,0.597,0.6,us,8.81,7.284,0.153,12
-18.5359,-177.3719,392.932,4.5,114,121.0,3.722,0.63,us,12.43,8.049,0.047,136
6.7107,126.8745,85.27,4.7,30,133.0,1.335,0.66,us,10.51,3.87,0.106,27
-59.7954,-61.7163,10.0,4.6,17,122.0,5.114,1.35,us,7.49,1.914,0.146,14
51.9405,161.1381,10.0,4.5,53,126.0,1.868,0.73,us,9.56,1.881,0.049,122
-6.0306,151.6185,10.0,4.9,65,112.0,1.76,0.88,us,8.39,1.891,0.071,63
50.0176,159.243,10.0,4.3,67,136.0,3.033,0.63,us,9.84,1.924,0.074,52
-32.8133,-178.9014,35.0,4.8,38,111.0,5.26,0.76,us,12.58,1.922,0.089,44
27.4676,52.5955,10.0,4.9,67,80.0,4.101,0.62,us,7.36,1.852,0.046,145
30.4355,50.1961,10.0,4.3,94,46.0,5.875,0.83,us,8.35,1.86,0.068,62
12.8359,-88.7226,66.413,4.3,47,151.0,0.74,0.88,us,6.89,9.177,0.063,72
-24.3135,-67.3394,177.294,4.2,31,60.0,1.559,1.03,us,4.46,7.968,0.121,20
48.9944,158.2069,10.0,4.4,16,139.0,4.044,0.82,us,11.63,1.928,0.219,7
43.1088,146.4001,95.025,4.1,18,192.0,2.633,1.01,us,12.8,11.275,0.185,8
28.4389,53.1078,10.0,4.0,16,168.0,4.447,1.0,us,9.29,1.971,0.144,13
37.0417,58.3061,10.0,4.5,52,106.0,0.899,0.95,us,5.87,1.896,0.082,44
-0.0936,123.2974,146.886,4.4,59,69.0,1.079,1.17,us,7.81,7.029,0.077,48
-28.147,63.0684,10.0,4.5,21,78.0,14.74,0.74,us,13.31,1.876,0.156,13
14.9854,-60.2591,50.845,4.4,31,188.0,0.789,0.5,us,8.24,8.874,0.117,21
51.6469,159.8703,10.0,4.4,73,126.0,1.569,0.7,us,7.83,1.884,0.071,63
21.76,103.0866,10.0,4.5,52,57.0,2.958,1.04,us,5.21,1.879,0.087,39
35.7405,88.5284,10.0,4.3,25,121.0,6.406,0.77,us,12.04,1.934,0.133,16
-60.2434,-61.0851,10.0,5.0,80,64.0,4.75,0.59,us,9.09,1.775,0.073,61
51.0821,158.8894,38.587,4.5,13,231.0,1.95,0.29,us,13.08,9.228,0.204,7
43.3963,148.0922,10.0,4.6,46,135.0,3.89,0.87,us,11.29,1.831,0.096,32
1.3857,125.7798,65.736,5.0,102,83.0,3.338,1.16,us,6.8,6.544,0.059,91
40.5063,143.5264,35.0,4.1,22,135.0,1.533,1.07,us,6.07,1.952,0.151,12
54.4732,-159.6897,18.124,3.5,64,157.0,0.363,0.71,us,4.45,3.138,0.188,7
50.1159,155.2219,35.0,4.5,47,137.0,3.371,0.88,us,8.43,1.88,0.082,43
-11.8328,166.6422,181.077,4.5,21,146.0,3.634,0.77,us,13.83,8.805,0.14,19
36.441,140.47,68.482,4.2,29,153.0,1.825,0.38,us,10.08,8.922,0.136,16
-5.9843,146.2924,112.408,4.8,77,79.0,3.505,0.82,us,7.36,3.64,0.047,144
-15.8881,-72.0288,10.0,4.3,18,143.0,2.949,1.11,us,10.42,1.935,0.133,16
52.1093,160.947,10.0,4.6,50,124.0,1.674,1.16,us,8.06,1.693,0.05,144
7.1583,127.0591,57.386,4.7,53,77.0,1.471,0.97,us,9.16,7.388,0.084,43
52.2281,160.8165,34.499,4.2,27,214.0,1.542,1.24,us,14.4,9.644,0.115,21
-34.887,78.6878,10.0,4.9,65,59.0,33.29,0.45,us,12.84,1.825,0.079,51
51.5969,158.5236,35.0,4.1,47,125.0,1.431,0.9,us,5.34,1.932,0.079,44
36.6327,70.4173,218.761,4.2,48,88.0,2.254,0.53,us,8.67,9.448,0.128,17
-24.5984,-175.9865,35.0,5.0,36,127.0,4.955,0.74,us,10.55,1.868,0.054,115
49.5636,158.3593,10.0,4.3,13,232.0,3.469,0.81,us,15.0,1.988,0.217,6
52.4948,161.9899,10.0,4.3,62,116.0,2.098,0.57,us,7.68,1.875,0.079,45
49.8458,155.3023,100.54,4.5,34,135.0,3.594,0.58,us,11.58,7.938,0.075,52
39.6117,139.4794,11.854,4.6,83,122.0,1.69,0.58,us,7.55,4.202,0.07,61
-12.7832,143.2158,10.0,4.5,12,103.0,1.168,0.75,us,11.06,1.859,0.222,7
51.5061,159.5535,35.0,4.9,65,127.0,1.618,1.14,us,8.18,1.917,0.061,83
1.7035,127.4272,136.91,4.2,23,128.0,0.928,0.48,us,9.6,7.566,0.146,13
53.0254,161.2413,35.0,4.4,23,118.0,1.565,0.51,us,7.7,1.876,0.114,22
51.5974,159.499,35.0,4.8,32,137.0,1.52,0.76,us,11.09,1.908,0.103,29
33.5257,81.8743,10.0,4.7,91,78.0,7.903,0.47,us,8.89,1.843,0.063,77
53.282,160.9343,35.0,4.1,14,171.0,1.4,1.26,us,12.63,1.999,0.174,9
23.3943,82.5615,10.0,4.2,28,159.0,9.911,1.15,us,12.41,1.936,0.115,21
-53.2194,140.1271,10.0,4.6,21,139.0,11.375,0.66,us,10.15,1.932,0.125,20
14.3891,-90.7527,10.0,4.0,13,158.0,0.285,0.66,us,2.35,1.982,0.367,2
-56.1936,-28.0196,118.051,5.0,58,67.0,5.21,0.9,us,11.69,6.518,0.074,61
-0.3219,132.261,10.0,4.3,25,59.0,1.137,0.96,us,6.32,1.892,0.117,21
-43.3222,-82.3094,10.0,4.3,18,138.0,8.297,0.62,us,13.9,1.895,0.177,9
36.45,71.1195,145.531,4.1,29,169.0,2.154,1.12,us,9.58,15.174,0.185,8
54.4964,-160.053,32.25,3.8,70,164.0,0.43,0.98,us,6.59,9.309,0.227,5
2.1406,-95.5696,10.0,4.1,13,207.0,5.272,1.12,us,13.43,1.991,0.198,7
28.2707,64.1769,40.876,4.5,115,79.0,7.866,0.61,us,9.66,6.913,0.053,103
2.8767,-31.3804,10.0,4.7,30,46.0,9.754,0.77,us,7.86,1.853,0.117,27
9.7333,138.4384,10.0,4.5,28,129.0,4.583,1.26,us,10.32,1.913,0.125,19
-4.6924,152.0988,109.663,4.3,24,134.0,0.502,0.62,us,13.49,8.913,0.116,21
50.2297,158.3352,29.28,4.1,14,232.0,2.805,0.61,us,10.21,8.114,0.213,6
7.1702,124.7791,10.0,4.1,9,142.0,0.8,0.82,us,9.78,1.953,0.213,6
52.086,-30.5858,10.0,4.3,26,162.0,14.719,1.11,us,14.8,1.966,0.125,18
51.4612,157.4403,90.499,4.2,74,171.0,1.657,0.48,us,11.53,7.854,0.066,64
-10.1947,161.1338,51.588,4.4,26,170.0,1.39,1.09,us,5.12,6.995,0.13,17
51.6283,158.9044,35.0,4.2,32,123.0,1.406,0.77,us,8.68,1.947,0.118,20
45.8924,148.7003,149.425,4.2,33,143.0,4.68,0.79,us,10.16,9.45,0.121,19
-39.0771,78.1647,10.0,4.7,17,97.0,29.818,0.51,us,13.32,1.924,0.143,15
-22.3515,-179.5451,589.473,4.7,89,69.0,5.109,0.69,us,9.17,6.896,0.034,263
30.4571,50.029,10.0,4.1,52,88.0,5.761,0.63,us,6.11,1.907,0.088,37
-18.5696,65.2,10.0,4.5,21,153.0,2.094,0.65,us,12.66,1.906,0.135,16
-5.3309,152.5022,35.0,4.3,31,154.0,1.123,1.06,us,11.1,1.937,0.102,28
-18.1334,-178.3603,519.086,4.4,46,131.0,2.722,0.83,us,14.93,7.648,0.066,67
50.1947,159.0612,10.0,5.1,116,79.0,2.844,0.7,us,7.53,1.799,0.025,533
51.4961,159.647,24.649,4.8,93,121.0,1.648,0.82,us,9.75,5.218,0.057,101
52.6557,160.9638,40.708,4.5,35,149.0,1.451,0.9,us,10.82,8.574,0.106,26
29.3263,129.5778,10.0,4.7,45,110.0,2.303,0.6,us,6.85,1.879,0.061,88
11.0423,123.8836,10.0,4.5,53,73.0,4.288,0.53,us,8.89,1.839,0.088,38
59.8012,-30.1139,10.0,4.3,11,155.0,6.433,0.84,us,10.99,1.991,0.218,6
-1.6228,99.6909,37.364,4.6,13,194.0,3.595,0.66,us,8.92,9.92,0.207,7
52.4388,160.9549,10.0,4.5,45,120.0,2.088,0.57,us,9.15,1.893,0.091,35
53.5468,161.4989,10.0,4.3,28,134.0,1.789,0.9,us,9.2,1.374,0.103,27
-1.6625,-81.0281,10.0,4.7,53,155.0,1.56,0.67,us,8.89,1.908,0.089,38
7.3417,126.9152,40.139,4.5,52,71.0,1.353,0.77,us,7.88,6.37,0.084,41
50.0721,158.9488,10.0,4.4,25,129.0,2.961,0.39,us,8.8,1.899,0.161,11
-24.0946,178.8141,568.857,4.4,32,113.0,6.358,0.8,us,13.22,11.771,0.112,23
40.4567,77.3601,10.0,4.4,52,132.0,1.315,0.94,us,4.83,1.872,0.103,27
43.754,147.8069,10.0,4.2,47,135.0,3.783,0.81,us,9.71,1.91,0.102,30
51.8911,160.372,10.0,4.5,18,160.0,1.548,0.78,us,11.43,1.955,0.15,16
-55.82,-27.8286,72.921,4.7,19,195.0,5.211,1.02,us,8.52,10.056,0.123,20
11.7318,-87.459,39.674,4.9,71,141.0,1.05,0.83,us,6.61,8.372,0.031,325
34.5893,70.7443,10.0,4.3,29,87.0,1.331,0.99,us,8.15,1.894,0.122,19
-6.2884,130.3473,113.112,4.6,25,82.0,1.809,0.64,us,9.53,8.03,0.122,20
7.3,126.8057,61.538,4.8,64,56.0,1.238,0.99,us,7.35,3.981,0.077,52
52.4435,160.7698,10.0,4.3,53,163.0,1.414,0.68,us,9.38,1.946,0.086,38
-6.5885,128.4001,264.724,4.2,18,89.0,5.161,0.58,us,8.33,10.662,0.214,6
51.4751,159.0546,57.334,4.5,84,133.0,1.571,0.59,us,9.48,4.977,0.061,79
-7.4635,106.9863,54.542,4.5,44,50.0,0.658,1.02,us,5.47,6.557,0.088,38
51.7367,160.0649,25.745,4.2,26,138.0,1.553,0.9,us,10.76,6.744,0.132,16
-47.5014,-13.447,10.0,5.3,44,74.0,24.751,0.57,us,12.2,1.846,0.072,65
-7.4475,128.1956,168.092,4.4,28,61.0,4.511,1.18,us,8.86,3.21,0.123,19
-23.5226,-179.7744,558.917,4.7,103,74.0,5.934,0.75,us,12.51,5.869,0.038,210
44.692,150.4283,10.0,4.3,21,183.0,5.643,1.26,us,15.16,1.976,0.168,10
51.4172,159.6107,28.721,4.2,17,244.0,1.714,0.59,us,14.61,10.261,0.146,14
50.5767,158.9402,10.0,4.8,26,132.0,2.457,1.14,us,10.77,1.903,0.143,15
0.5079,123.6649,260.89,4.7,103,62.0,4.537,0.85,us,7.34,7.143,0.048,130
12.668,143.3583,8.717,4.2,15,124.0,1.733,0.56,us,11.4,1.024,0.216,8
51.5988,159.9383,10.0,4.7,64,174.0,1.631,0.65,us,7.27,1.895,0.064,75
39.6231,143.2121,10.0,4.7,39,178.0,2.015,0.59,us,7.13,1.925,0.106,27
50.6926,157.4307,52.793,4.9,172,117.0,2.423,0.53,us,8.56,3.79,0.044,164
40.7155,51.8267,49.334,5.1,144,76.0,2.431,0.56,us,6.98,6.525,0.048,142
-8.3816,111.8241,147.957,4.5,37,83.0,1.906,0.87,us,6.86,7.375,0.121,24
37.3898,141.8091,47.295,4.3,23,98.0,3.007,1.21,us,8.67,7.403,0.148,13
51.24,157.3795,53.658,4.0,17,223.0,1.882,0.55,us,15.8,12.061,0.156,11
52.8515,160.8605,10.0,4.1,23,165.0,1.349,0.58,us,12.51,1.841,0.14,14
0.9825,126.6058,58.626,4.4,40,72.0,0.789,0.93,us,5.47,6.903,0.107,25
6.7494,-72.9982,166.636,4.5,56,80.0,2.305,0.7,us,8.82,8.457,0.048,128
25.9378,128.4631,10.0,4.5,21,87.0,0.911,0.61,us,6.55,1.915,0.204,7
52.1981,160.5016,25.366,5.1,162,127.0,1.399,0.61,us,10.53,5.375,0.047,150
15.4482,-94.7268,32.337,4.2,65,124.0,1.369,0.79,us,5.68,6.912,0.064,67
51.2842,158.4725,35.0,4.5,24,127.0,1.745,0.8,us,11.04,1.92,0.156,12
52.2507,160.6214,10.0,5.1,106,132.0,1.976,0.69,us,8.61,1.877,0.037,239
34.7697,141.8354,10.0,5.1,66,123.0,2.355,0.71,us,7.92,1.865,0.037,234
36.6426,115.6142,10.0,4.5,50,72.0,3.399,0.61,us,8.06,0.742,0.1,29
40.5507,-126.1894,10.0,3.8,48,218.0,1.398,0.75,us,6.93,2.008,0.208,6
55.3756,166.5158,10.0,4.7,67,119.0,5.184,0.56,us,11.28,1.911,0.039,200
7.128,126.8718,35.0,4.5,33,130.0,1.284,1.19,us,10.16,1.942,0.104,27
51.3979,159.6205,35.0,4.7,43,128.0,2.081,0.86,us,10.06,1.931,0.099,31
-5.3434,68.6106,10.0,4.6,20,65.0,4.336,0.71,us,7.84,1.883,0.157,13
9.9384,-70.7343,10.0,4.2,8,202.0,1.053,0.51,us,12.44,1.979,0.236,5
16.4618,-59.737,10.0,4.2,27,234.0,1.275,0.53,us,7.43,1.973,0.304,3
-4.6972,145.0232,179.751,4.3,32,114.0,3.524,0.54,us,9.01,8.127,0.111,23
-5.9523,122.5618,10.0,4.4,22,113.0,1.05,0.49,us,3.69,1.918,0.127,18
13.0326,-89.0543,72.181,4.4,47,139.0,0.686,1.19,us,6.55,7.439,0.043,158
-20.4784,-177.9309,496.735,4.0,19,171.0,4.732,0.43,us,15.65,11.935,0.138,15
52.6933,160.986,10.0,4.4,49,134.0,1.454,0.66,us,11.39,1.911,0.092,34
51.692,160.1257,10.0,4.1,15,192.0,1.612,1.02,us,13.53,1.979,0.302,3
44.4951,150.1575,10.0,4.2,26,207.0,5.442,0.4,us,16.21,2.002,0.124,18
-51.3994,-75.3811,18.674,4.3,15,177.0,2.766,0.92,us,10.84,6.11,0.177,9
14.6323,-93.4552,41.496,4.2,31,174.0,2.075,0.97,us,7.82,14.315,0.186,8
-23.2087,179.9994,552.122,4.2,34,122.0,5.734,0.59,us,15.97,10.106,0.098,29
50.3222,158.9527,28.158,4.4,67,80.0,2.712,0.88,us,9.97,5.241,0.071,57
52.6084,160.6588,29.872,4.8,132,129.0,1.288,1.18,us,9.02,5.623,0.047,150
22.9169,94.4797,100.305,4.6,79,58.0,4.839,0.82,us,9.23,6.922,0.071,59
50.0383,157.0695,35.0,4.2,56,169.0,3.099,0.77,us,11.63,1.961,0.079,45
-7.4234,127.7139,155.236,4.3,19,125.0,4.121,0.57,us,11.89,8.586,0.188,8
52.8756,160.8815,24.949,5.5,61,107.0,8.015,0.79,us,10.25,5.103,0.066,80
37.6698,138.8388,185.842,4.3,58,146.0,1.231,0.86,us,10.19,7.695,0.08,45
52.129,161.5997,10.0,4.1,19,125.0,2.011,0.36,us,10.75,1.922,0.135,15
14.0921,145.3085,129.456,4.7,23,85.0,0.658,1.11,us,11.31,6.894,0.124,20
-31.7387,-179.8403,217.425,4.0,16,89.0,2.973,0.83,us,13.29,5.391,0.138,14
-53.742,140.0773,10.0,4.5,15,132.0,19.042,0.45,us,15.35,1.96,0.145,14
51.8525,160.4306,10.0,4.9,34,137.0,1.601,0.63,us,10.96,1.922,0.125,20
9.1689,126.7853,9.868,4.7,21,101.0,2.403,0.88,us,10.75,4.713,0.147,14
53.1058,160.5281,43.154,4.3,24,150.0,1.136,1.0,us,10.82,8.531,0.111,23
37.992,22.1357,10.0,4.3,16,99.0,0.829,0.91,us,4.05,1.956,0.217,6
51.9306,158.996,73.984,4.6,30,166.0,1.115,0.66,us,11.57,7.445,0.089,38
5.1756,123.1806,561.143,4.8,146,20.0,2.332,0.66,us,9.05,8.014,0.046,158
52.3892,160.8127,10.0,4.2,21,160.0,1.461,0.8,us,11.14,1.97,0.153,12
-18.6886,-177.825,472.115,4.5,41,84.0,3.463,0.52,us,9.79,8.408,0.108,25
53.2364,159.5708,88.527,4.1,30,163.0,1.134,0.48,us,13.24,9.456,0.117,20
41.7642,142.9023,61.935,4.0,29,134.0,0.315,0.78,us,7.57,5.845,0.184,9
51.566,159.6404,10.0,5.1,118,111.0,1.581,1.31,us,4.73,1.842,0.031,339
29.8986,139.0415,415.572,4.0,98,86.0,3.274,0.79,us,9.04,8.332,0.059,78
52.221,159.6112,52.772,4.6,99,119.0,0.995,0.61,us,9.42,6.823,0.059,84
38.1018,72.9591,10.0,4.6,22,162.0,0.429,0.72,us,7.59,1.968,0.122,20
-3.8546,128.4291,99.876,4.3,20,107.0,3.925,0.61,us,11.91,9.364,0.129,17
-15.0234,166.8953,16.728,4.4,21,126.0,0.515,0.57,us,7.27,5.846,0.138,16
-21.8848,-179.0546,584.91,4.1,23,143.0,4.937,0.36,us,12.09,9.067,0.126,17
45.8546,151.4427,35.0,4.6,26,154.0,6.511,1.07,us,11.97,1.968,0.107,26
36.0959,139.9355,83.632,4.2,26,155.0,1.464,0.59,us,7.62,8.606,0.152,14
5.7336,126.925,140.346,4.5,72,66.0,1.75,0.71,us,8.14,5.816,0.069,62
16.4974,146.0926,130.853,4.2,19,155.0,1.283,0.43,us,18.14,9.362,0.137,15
-5.5813,146.9977,206.732,4.3,22,69.0,3.534,0.77,us,9.22,7.669,0.142,14
14.3815,-90.5566,188.205,4.6,53,141.0,0.16,1.02,us,8.13,7.398,0.038,206
79.448,4.4962,10.0,4.2,26,177.0,1.503,1.01,us,10.76,1.94,0.121,19
51.3262,159.049,10.0,4.4,51,88.0,1.717,0.83,us,9.0,1.88,0.067,63
52.6468,160.5315,10.0,4.6,66,137.0,1.202,0.83,us,11.27,1.903,0.063,74
51.8231,160.2184,10.0,5.0,36,126.0,1.539,0.53,us,6.69,1.831,0.13,19
35.0562,27.4227,36.739,4.2,30,143.0,0.534,0.67,us,6.26,10.822,0.186,8
-32.6284,-70.5432,20.296,3.7,21,81.0,0.135,1.13,us,2.82,5.911,0.356,2
11.5238,144.0401,10.0,4.5,21,199.0,2.206,1.2,us,7.89,1.934,0.163,11
52.2073,160.4286,44.12,4.0,22,123.0,1.358,0.6,us,7.07,7.932,0.125,17
49.6544,158.047,24.486,4.4,33,135.0,3.395,1.08,us,8.66,5.577,0.117,21
-1.1916,147.5797,10.0,4.4,32,91.0,0.872,0.47,us,6.03,1.901,0.105,26
35.3011,22.9066,63.309,4.1,20,205.0,2.035,0.65,us,10.5,13.321,0.185,8
-25.7683,-176.8847,77.33,4.3,21,132.0,3.599,0.46,us,13.0,9.22,0.133,17
1.7437,126.5864,49.919,4.1,21,118.0,1.241,0.44,us,5.87,5.126,0.144,13
18.6615,120.6453,10.0,5.1,76,101.0,4.155,0.68,us,10.75,1.875,0.047,147
-23.3574,171.4649,10.0,4.5,16,201.0,3.776,0.9,us,8.69,1.929,0.171,10
51.215,159.1854,35.933,4.4,21,128.0,1.841,0.71,us,9.69,8.045,0.162,11
50.7266,158.0204,25.865,4.6,70,130.0,2.333,1.04,us,7.01,3.665,0.053,108
7.4132,126.9917,38.697,4.4,29,62.0,1.442,1.24,us,8.76,6.38,0.12,20
-30.6114,-71.8627,24.114,4.4,22,157.0,0.206,0.63,us,5.83,2.873,0.178,9
3.0571,-31.3417,10.0,4.9,63,46.0,9.931,0.6,us,10.53,1.856,0.06,87
52.1322,158.3349,84.63,5.0,75,163.0,0.913,0.82,us,9.44,7.209,0.024,533
54.4527,-160.1923,38.355,3.7,119,164.0,0.516,1.09,us,5.59,9.153,0.168,9
38.487,142.0393,56.378,4.4,67,133.0,2.419,0.87,us,9.35,7.442,0.077,49
52.217,160.1147,44.441,4.1,27,229.0,1.204,0.85,us,12.56,9.329,0.127,17
29.7666,143.1416,10.0,4.3,21,162.0,2.791,0.7,us,10.76,1.519,0.148,13
52.8415,161.0175,10.0,5.6,57,148.0,1.445,0.96,us,9.89,1.915,0.079,56
-60.2192,-61.5746,10.0,4.6,26,134.0,4.713,0.67,us,5.42,1.917,0.116,22
52.5607,158.8308,75.31,4.2,31,133.0,0.476,0.77,us,8.91,6.536,0.107,24
26.7466,92.3604,41.698,4.5,41,148.0,3.14,0.66,us,10.6,8.117,0.091,35
11.1451,-86.7945,44.034,4.9,80,141.0,1.132,0.63,us,6.3,8.063,0.025,504
18.6114,120.5524,14.144,4.9,49,119.0,4.214,0.86,us,11.46,5.144,0.074,57
53.1403,161.3785,35.0,4.4,35,145.0,1.65,0.81,us,9.55,1.953,0.114,22
54.4509,-159.787,21.528,4.4,124,155.0,0.398,0.7,us,5.46,7.026,0.162,11
51.9332,161.3322,10.0,5.1,49,127.0,2.503,0.84,us,9.1,1.896,0.109,28
52.3675,161.2903,10.0,4.1,17,123.0,1.736,1.15,us,5.9,1.879,0.14,14
-22.5717,-67.6221,164.474,4.5,60,41.0,0.638,0.76,us,6.42,4.954,0.064,71
51.7276,159.6064,35.0,4.4,33,126.0,1.424,0.44,us,7.7,1.899,0.096,31
23.9928,49.1093,10.0,4.0,17,243.0,6.533,0.57,us,7.11,2.02,0.172,9
-17.2873,-177.093,383.261,4.6,112,74.0,3.48,0.72,us,10.56,6.773,0.056,95
-9.402,110.3623,35.0,4.1,12,76.0,2.339,1.02,us,8.48,1.956,0.198,7
43.5603,147.7479,35.0,4.9,32,155.0,3.715,1.04,us,8.3,1.811,0.122,21
51.1507,159.343,10.0,4.3,34,185.0,1.924,1.39,us,11.62,1.983,0.107,25
-28.0218,-177.4728,66.397,4.4,20,250.0,1.283,0.79,us,12.8,10.135,0.135,16
42.7638,146.4289,35.0,4.3,31,188.0,2.536,0.49,us,3.9,1.972,0.125,18
18.7706,145.3928,186.068,3.6,12,147.0,3.531,1.32,us,10.23,12.07,0.167,9
-57.1362,-67.2125,10.0,4.7,24,146.0,2.222,0.56,us,14.89,1.964,0.127,19
34.6185,23.485,55.866,4.5,45,95.0,2.851,0.75,us,7.54,8.673,0.085,41
52.2875,158.0763,47.365,4.2,45,121.0,0.816,0.49,us,10.26,6.488,0.085,39
51.3398,159.7075,10.0,4.2,22,128.0,1.807,1.31,us,10.33,1.912,0.141,14
50.1538,157.9433,10.0,5.2,122,125.0,2.907,0.72,us,8.3,1.878,0.055,111
-30.2358,-178.0292,90.423,4.8,29,135.0,7.916,0.76,us,8.14,8.477,0.109,26
36.5124,140.5796,64.073,4.2,28,153.0,1.91,0.67,us,8.17,8.847,0.137,15
50.7456,157.8728,62.716,4.2,22,176.0,2.369,0.38,us,12.17,8.682,0.158,13
-11.7572,116.8905,10.0,4.5,31,72.0,3.039,0.79,us,6.25,1.762,0.116,22
53.0652,159.4891,91.441,4.5,74,152.0,0.508,0.93,us,11.96,7.378,0.067,66
52.2714,158.6845,64.8,4.3,19,164.0,0.753,1.03,us,11.02,8.879,0.168,10
-16.8082,-174.0809,120.117,4.3,62,111.0,4.239,0.68,us,10.23,5.195,0.074,51
37.7919,144.1058,11.08,4.9,97,88.0,3.811,0.69,us,8.37,4.429,0.046,146
51.9101,159.9668,35.0,4.5,29,130.0,1.833,0.72,us,14.13,1.982,0.115,22
60.9532,-28.0169,10.0,4.7,91,94.0,4.886,1.0,us,8.74,1.889,0.039,193
52.8983,160.6814,10.0,4.3,65,172.0,1.235,0.57,us,11.54,1.945,0.068,61
51.2027,158.4178,35.0,4.3,15,135.0,1.829,0.69,us,10.77,1.949,0.202,7
52.1314,-169.8992,26.216,4.2,75,141.0,0.663,0.98,us,5.57,5.365,0.07,58
51.913,159.416,35.146,4.6,28,131.0,1.207,1.29,us,9.23,7.958,0.116,22
50.2371,158.41,10.0,4.4,34,216.0,2.794,0.82,us,10.03,1.97,0.105,26
-22.119,-68.7234,117.133,4.3,30,48.0,0.578,0.59,us,4.89,4.122,0.125,18
29.4902,129.073,10.0,4.5,37,106.0,2.338,0.76,us,5.12,1.883,0.103,28
-3.5292,135.4626,10.0,3.9,19,97.0,1.216,0.9,us,5.68,1.9,0.194,7
54.6343,160.2809,10.0,4.3,53,114.0,1.881,0.62,us,12.17,1.89,0.061,77
52.5492,160.6448,10.0,4.1,25,205.0,1.301,0.38,us,11.49,1.979,0.102,26
-47.8049,115.8517,10.0,4.5,22,128.0,14.897,0.89,us,12.67,1.929,0.132,19
-55.9161,-26.0767,10.0,4.5,16,114.0,6.196,0.5,us,14.74,1.639,0.145,14
51.7415,158.6828,63.654,4.1,26,102.0,1.284,0.74,us,5.2,7.893,0.127,17
52.2784,159.7298,35.0,4.5,71,121.0,0.995,0.95,us,7.57,1.922,0.066,68
-12.1351,167.293,288.191,4.8,57,104.0,3.293,0.65,us,11.36,7.871,0.043,170
-21.1656,-70.7395,20.585,4.2,23,198.0,0.647,1.09,us,5.19,7.269,0.187,8
-8.799,120.5048,120.656,4.2,25,74.0,0.888,0.67,us,7.01,2.796,0.147,14
51.8288,160.4985,10.0,4.6,48,121.0,1.647,0.86,us,10.42,1.905,0.083,44
29.2029,129.3592,10.0,4.5,37,108.0,2.485,0.47,us,7.24,1.89,0.108,25
52.1296,160.2566,20.861,4.4,24,164.0,1.328,0.88,us,11.35,7.104,0.13,17
52.3722,160.6769,26.021,4.9,66,122.0,1.395,1.0,us,8.58,5.452,0.044,165
-24.2247,-179.5338,506.038,4.4,25,143.0,6.83,0.58,us,15.11,12.832,0.112,23
-59.6091,-26.2882,104.606,5.1,79,68.0,7.714,0.54,us,11.44,7.09,0.057,100
52.308,160.8673,10.0,4.3,24,161.0,1.529,0.93,us,10.44,1.944,0.147,14
-18.1331,-177.961,566.77,4.4,28,124.0,3.035,0.57,us,19.22,12.786,0.123,21
51.3019,159.2558,10.0,4.5,21,180.0,1.764,0.35,us,10.97,1.967,0.156,13
50.442,158.1906,10.0,4.7,104,131.0,2.601,0.55,us,8.93,1.878,0.055,99
28.1992,51.7226,10.0,4.3,55,103.0,5.158,0.53,us,8.88,1.9,0.092,34
43.5908,147.6524,35.0,4.7,66,137.0,3.663,1.11,us,11.59,1.929,0.062,79
-24.1237,-67.0744,188.778,4.2,14,111.0,1.545,0.77,us,7.94,13.711,0.263,4
3.4593,125.6907,89.265,4.2,20,129.0,1.283,0.62,us,6.91,9.889,0.166,13
36.1436,76.9652,10.0,4.1,32,151.0,4.18,0.61,us,9.53,1.935,0.126,17
35.1427,23.3629,63.649,4.0,15,249.0,2.341,0.83,us,4.43,9.675,0.183,8
12.813,125.6655,10.0,4.2,18,133.0,11.861,0.52,us,9.44,1.952,0.146,13
-1.7712,128.6834,10.0,4.4,27,97.0,2.728,0.66,us,8.5,1.931,0.13,17
52.2835,160.6646,23.152,4.0,21,152.0,1.434,0.48,us,9.66,7.068,0.196,9
-55.2945,-27.9457,20.422,4.5,18,123.0,5.046,0.48,us,13.23,3.886,0.131,17
34.1184,137.7707,10.0,4.8,69,65.0,1.372,0.61,us,4.73,1.838,0.056,100
-10.5996,161.9082,66.851,4.0,19,158.0,2.25,0.33,us,7.03,7.72,0.126,17
5.2649,126.0,92.709,4.2,31,110.0,0.741,0.51,us,5.57,6.851,0.11,23
51.6145,159.7614,10.0,5.0,77,106.0,1.567,0.58,us,7.26,1.808,0.042,182
-30.633,-178.8006,121.021,4.7,34,103.0,1.577,0.79,us,12.66,8.469,0.082,46
15.4713,-93.09,106.866,4.2,20,163.0,0.898,0.68,us,6.2,6.754,0.374,2
16.5883,41.0434,10.0,4.3,48,125.0,3.8,1.24,us,13.07,1.947,0.078,46
-1.8556,139.2105,10.531,4.2,17,85.0,1.255,0.65,us,7.33,5.393,0.16,11
-16.1467,-72.0309,116.035,4.4,28,126.0,2.738,1.01,us,7.96,9.54,0.139,15
7.3731,127.2483,10.0,4.2,27,83.0,1.683,1.17,us,7.65,1.897,0.132,17
-17.8736,-178.5413,589.992,4.2,61,80.0,2.432,0.82,us,13.14,8.618,0.049,117
52.7989,161.1886,10.0,5.3,100,131.0,1.554,0.8,us,9.67,1.88,0.038,227
-58.636,-24.6785,10.0,4.6,31,100.0,7.858,0.44,us,5.5,1.901,0.105,27
6.1045,126.9706,83.176,4.5,45,108.0,1.682,1.04,us,5.63,6.335,0.087,39
51.5837,16.0414,5.0,4.1,36,69.0,1.248,0.68,us,4.84,1.887,0.131,18
51.6371,159.4358,35.0,4.2,13,155.0,1.47,1.14,us,9.9,1.984,0.199,7
19.1898,121.2637,29.92,4.9,83,105.0,3.614,1.02,us,9.8,5.475,0.051,119
54.4878,-159.8641,35.0,3.2,25,159.0,0.379,0.84,us,2.73,1.993,0.215,5
56.1117,163.392,41.521,4.1,20,115.0,4.146,0.47,us,12.44,9.854,0.145,13
-1.046,-13.0171,10.0,4.9,28,96.0,11.184,1.21,us,12.25,1.877,0.091,38
25.2719,123.9569,115.37,4.3,40,117.0,0.924,0.68,us,6.32,8.473,0.097,30
-7.3597,120.1887,435.121,4.0,14,128.0,2.37,0.72,us,14.22,11.315,0.211,6
5.5716,61.3128,10.0,4.4,27,139.0,23.462,0.78,us,15.29,1.944,0.123,19
51.8646,155.998,200.867,4.1,34,137.0,1.623,0.29,us,15.32,8.454,0.107,24
-16.2776,-73.1591,56.23,4.3,23,145.0,3.402,1.13,us,12.42,9.796,0.106,25
10.4238,121.8659,10.0,4.3,17,136.0,6.188,1.25,us,14.51,1.942,0.187,8
-22.8151,-66.4749,258.607,4.3,24,132.0,1.577,1.4,us,9.81,7.92,0.142,14
-22.7353,-66.6143,224.953,4.2,29,49.0,1.459,0.96,us,9.28,8.483,0.152,12
49.9353,158.107,10.0,4.3,55,135.0,3.111,0.7,us,10.27,1.911,0.08,44
52.546,160.9573,10.0,4.4,37,134.0,1.481,0.97,us,8.61,1.814,0.108,25
49.5245,155.7098,87.713,4.8,79,124.0,3.8,0.47,us,9.29,7.221,0.031,320
52.5774,160.7184,29.329,4.4,30,66.0,1.333,0.61,us,9.04,5.805,0.123,19
39.775,143.3234,10.0,4.4,24,178.0,2.003,0.5,us,3.78,1.951,0.154,12
52.4625,160.4409,43.863,4.2,23,160.0,1.225,1.07,us,13.64,9.174,0.131,16
9.4621,94.0031,10.0,4.3,28,181.0,5.12,0.33,us,7.78,1.925,0.119,20
50.2401,156.1622,84.877,4.4,42,192.0,3.027,0.56,us,13.51,9.418,0.09,35
-22.4855,-175.0684,10.0,4.8,51,116.0,7.207,0.74,us,11.54,1.842,0.081,47
-19.8008,-177.8295,572.2,4.3,21,122.0,4.244,0.46,us,14.23,10.808,0.129,17
-19.117,168.6541,35.0,4.5,29,115.0,3.595,0.72,us,6.84,1.904,0.128,18
35.4394,6.4989,10.0,4.5,38,151.0,2.339,0.99,us,7.76,1.902,0.106,26
52.1293,160.4161,10.0,4.5,41,124.0,1.401,0.63,us,6.21,1.73,0.115,22
52.1684,179.5168,171.368,4.3,68,58.0,0.171,0.67,us,8.07,5.104,0.056,89
49.8704,155.7956,77.137,5.2,203,73.0,3.454,0.56,us,4.38,5.383,0.043,182
31.2772,-116.1453,9.456,3.7,41,196.0,0.101,0.76,us,1.85,4.216,0.355,2
17.1574,-95.3058,67.199,4.2,71,84.0,0.727,0.82,us,4.2,10.215,0.055,92
52.5009,160.346,35.0,5.2,84,96.0,1.156,1.25,us,8.68,1.86,0.033,294
52.0109,-171.3717,35.0,3.8,27,175.0,1.182,0.74,us,6.75,1.987,0.169,10
50.39,156.228,74.459,4.1,38,138.0,2.872,0.51,us,6.36,7.974,0.099,28
14.497,146.9481,10.0,4.4,18,101.0,1.337,1.01,us,7.13,1.909,0.179,11
52.3702,160.811,6.954,4.9,111,117.0,1.469,0.62,us,8.19,4.748,0.036,244
-26.6917,-176.0101,10.0,4.9,52,131.0,9.426,0.53,us,12.75,1.872,0.083,46
-8.9565,124.1623,108.412,4.6,20,125.0,0.8,1.05,us,6.33,7.94,0.145,14
52.2378,160.6673,10.0,4.8,46,123.0,1.46,1.19,us,9.77,1.893,0.075,55
-9.0256,67.1896,10.0,4.3,21,76.0,5.45,0.67,us,14.15,1.912,0.16,12
45.6434,151.3687,44.634,4.5,54,139.0,6.108,0.61,us,11.37,8.138,0.078,48
14.3209,144.2649,10.0,4.1,15,121.0,0.934,0.32,us,6.43,1.862,0.174,9
51.3683,159.3155,35.0,4.9,16,197.0,1.708,0.34,us,11.92,1.992,0.155,13
7.1332,127.5707,10.0,4.1,23,115.0,1.977,0.93,us,10.85,1.919,0.124,18
13.6053,-89.9185,73.771,4.4,37,167.0,0.324,0.94,us,6.55,5.271,0.051,113
-2.9195,129.5592,10.0,4.7,91,43.0,2.657,0.57,us,3.59,1.836,0.066,69
54.398,-159.9352,35.0,4.2,63,162.0,0.478,0.79,us,5.75,1.948,0.095,31
28.9429,76.8282,10.0,4.1,28,279.0,9.568,0.57,us,11.04,1.998,0.139,14
-8.08,108.943,89.236,4.2,22,98.0,1.42,0.57,us,7.42,6.752,0.136,16
2.3659,126.7741,65.091,4.4,39,107.0,2.139,1.1,us,9.67,7.007,0.095,32
11.2989,124.4745,10.0,4.5,23,137.0,4.341,0.55,us,10.79,1.828,0.131,17
-14.8571,66.7655,10.0,4.5,30,123.0,45.835,0.33,us,10.3,1.773,0.121,20
52.1637,161.4144,10.0,4.0,41,180.0,1.893,0.46,us,9.91,1.804,0.093,31
-25.4251,179.6797,504.783,4.6,64,93.0,4.359,0.77,us,13.46,8.277,0.037,219
36.5712,16.9247,10.0,4.2,36,170.0,2.245,0.86,us,6.71,1.945,0.187,9
52.1106,160.5416,10.0,5.0,103,118.0,1.473,0.82,us,8.19,1.881,0.055,105
52.4701,160.8263,35.0,4.8,29,139.0,1.434,1.11,us,11.99,1.957,0.1,31
39.578,143.3881,10.0,4.3,32,137.0,2.152,0.57,us,7.52,1.916,0.126,18
-35.6874,-18.7212,10.0,5.0,47,61.0,22.811,1.21,us,5.19,1.87,0.085,44
-11.7641,165.1128,10.0,4.6,26,53.0,4.187,0.66,us,9.02,1.836,0.132,19
43.5668,-28.4232,10.0,4.6,52,124.0,6.201,0.63,us,11.85,1.898,0.083,43
50.7485,158.7541,25.345,4.2,17,131.0,2.279,0.59,us,11.99,7.686,0.152,12
72.7597,4.1031,10.0,4.4,73,60.0,4.32,0.69,us,8.16,1.907,0.069,60
-52.3658,14.5581,10.0,4.6,11,108.0,20.484,0.85,us,15.4,1.636,0.172,10
-58.9813,-24.917,10.0,4.4,14,111.0,7.924,0.9,us,12.02,1.918,0.161,12
54.1281,-159.7374,10.0,3.6,108,166.0,0.71,0.82,us,4.94,1.943,0.151,11
51.6222,158.2141,50.272,4.4,30,125.0,1.429,1.04,us,9.74,8.261,0.123,19
-9.1136,125.8382,10.0,4.4,10,162.0,1.676,0.81,us,9.05,1.996,0.24,5
51.6455,159.4825,10.0,4.2,23,138.0,1.472,0.59,us,10.8,1.932,0.141,14
50.93,157.9778,42.627,4.2,28,129.0,2.137,0.59,us,8.28,7.508,0.121,19
-36.5703,178.5565,110.659,4.8,36,214.0,1.01,1.42,us,13.2,9.33,0.109,26
52.4527,159.6584,71.679,4.3,15,153.0,0.838,1.17,us,12.22,8.498,0.138,15
53.0277,160.7846,35.0,4.7,63,134.0,1.289,0.68,us,8.78,1.922,0.075,54
-60.7117,-62.1998,10.0,4.4,15,145.0,4.166,1.22,us,14.65,1.941,0.154,12
37.8913,144.1022,10.0,4.3,29,156.0,3.731,0.48,us,10.23,1.935,0.142,14
-3.554,153.9602,400.002,4.2,15,99.0,1.901,0.57,us,11.8,7.832,0.2,7
-24.4078,-175.5172,10.0,4.7,20,237.0,5.277,0.59,us,14.89,1.991,0.115,23
39.1968,28.1279,10.0,4.4,34,44.0,0.959,0.75,us,4.1,1.93,0.189,8
27.6348,55.1537,10.0,4.1,20,144.0,2.84,0.81,us,12.44,1.914,0.158,11
-4.9555,144.7364,92.655,4.5,24,103.0,3.906,0.95,us,6.96,9.485,0.118,21
-17.0277,-174.6747,165.546,4.3,15,116.0,4.17,0.64,us,7.29,10.704,0.201,9
53.4402,-166.8007,79.606,3.4,59,163.0,0.357,0.65,us,8.04,9.242,0.126,15
49.9151,155.9576,64.163,4.3,29,135.0,3.378,0.73,us,10.94,8.37,0.113,22
35.8129,140.3771,50.614,4.3,24,148.0,1.899,0.73,us,8.66,9.664,0.161,11
42.539,130.6594,575.724,4.4,191,83.0,1.922,0.62,us,10.26,7.249,0.036,226
52.6727,160.731,12.573,4.3,28,157.0,1.31,0.87,us,12.98,7.824,0.108,24
-17.4911,-178.649,576.188,4.3,19,242.0,2.147,0.53,us,27.05,15.967,0.142,15
53.1419,160.5207,32.874,4.0,14,176.0,1.135,0.84,us,13.9,9.221,0.149,12
38.0017,38.4942,10.0,4.2,22,163.0,0.741,0.53,us,7.48,1.942,0.167,10
53.7772,160.4941,58.333,4.3,17,168.0,1.338,0.59,us,15.39,12.626,0.177,9
51.5242,159.3836,33.65,4.5,83,130.0,1.568,0.69,us,10.02,5.801,0.065,70
-17.9591,-178.4971,567.58,4.4,61,80.0,2.515,0.75,us,12.21,6.424,0.067,64
-60.3049,-62.8163,10.0,4.7,29,130.0,4.522,0.88,us,10.51,1.91,0.102,29
-59.3519,-24.8794,10.0,4.5,24,192.0,25.209,0.93,us,12.16,1.942,0.108,25
10.4853,138.5123,10.0,4.7,32,107.0,5.065,0.54,us,10.59,1.899,0.123,20
36.1482,22.7754,64.031,4.3,14,219.0,1.235,0.81,us,9.69,8.97,0.237,5
53.0157,161.082,35.0,4.6,70,164.0,1.469,0.73,us,10.08,1.949,0.055,101
-3.1356,130.671,10.0,4.4,27,61.0,1.59,1.02,us,6.12,1.864,0.127,19
52.0672,159.8494,35.0,4.2,33,113.0,1.206,0.84,us,6.17,1.915,0.105,25
14.8483,119.8742,42.577,4.8,52,88.0,8.438,0.84,us,9.64,7.73,0.068,67
49.0853,155.4038,79.228,4.7,125,134.0,4.28,0.73,us,10.0,6.926,0.033,286
-60.1907,-61.8641,10.0,5.1,46,98.0,4.711,0.67,us,10.42,1.861,0.07,66
-6.0679,150.9753,67.334,4.2,19,145.0,2.039,0.66,us,11.7,2.023,0.141,14
41.2535,142.6957,42.963,4.4,48,172.0,0.836,0.86,us,9.23,8.886,0.086,39
-9.9894,154.1088,10.0,4.2,11,173.0,10.677,0.34,us,13.72,1.96,0.216,8
9.4768,-40.6669,10.0,4.4,13,101.0,12.646,0.91,us,10.8,1.946,0.169,10
29.5796,51.3509,10.0,4.6,78,71.0,6.321,0.57,us,8.36,1.847,0.058,89
-32.9493,-178.1687,10.0,4.6,26,175.0,3.698,0.86,us,11.22,1.948,0.125,23
50.883,157.5496,59.041,4.1,29,144.0,2.231,1.23,us,12.86,8.829,0.12,19
-20.5334,-178.3095,540.152,4.4,44,124.0,4.418,0.7,us,14.12,7.851,0.097,33
65.8196,-37.5333,10.0,4.6,55,117.0,5.387,0.83,us,8.41,1.902,0.035,243
54.1583,-161.3362,35.0,3.3,18,205.0,1.222,0.78,us,5.36,1.982,0.183,7
39.8676,143.2263,36.699,4.3,26,160.0,1.892,0.58,us,5.77,7.762,0.133,16
1.4483,127.1465,110.645,4.3,27,79.0,2.306,0.4,us,10.13,8.467,0.126,18
5.9556,94.9697,10.0,4.7,36,84.0,5.291,0.9,us,8.86,1.887,0.114,23
-5.522,152.2612,58.532,4.5,51,161.0,5.983,0.8,us,12.26,7.295,0.065,70
4.4323,-73.328,10.0,4.9,102,69.0,1.071,0.71,us,8.59,1.868,0.025,485
52.4467,160.5389,10.0,4.8,58,96.0,1.848,0.97,us,10.13,1.898,0.077,52
51.9161,159.6644,35.0,4.1,17,154.0,1.271,1.02,us,8.06,1.984,0.151,12
-27.3275,-176.8501,35.0,4.5,13,198.0,10.634,0.88,us,15.9,1.96,0.18,9
52.1232,160.5376,10.0,5.0,94,134.0,1.463,0.76,us,10.46,1.888,0.051,121
12.977,-88.8024,66.155,4.2,45,165.0,0.676,0.86,us,10.35,9.522,0.089,35
7.3415,127.3082,10.0,4.6,29,80.0,1.737,0.74,us,4.4,1.901,0.122,20
22.7049,95.8746,10.0,4.4,63,71.0,3.897,0.63,us,7.4,1.804,0.077,49
-20.1441,-177.7104,531.004,4.2,18,96.0,4.581,0.49,us,20.13,19.358,0.153,12
-21.7185,-179.4396,598.632,4.4,53,177.0,4.605,0.73,us,15.49,9.31,0.082,43
-6.4454,130.7902,89.641,4.9,78,49.0,3.793,0.74,us,7.66,7.31,0.062,82
-3.5304,137.9967,92.368,3.9,16,91.0,1.105,0.75,us,4.93,7.882,0.182,8
52.605,160.8248,10.0,4.3,17,202.0,1.385,0.93,us,11.33,1.987,0.128,17
-17.96,-178.3769,598.126,4.5,81,80.0,2.609,1.09,us,6.56,7.844,0.031,297
-24.4861,179.958,519.129,4.4,44,100.0,5.101,0.51,us,15.75,8.107,0.092,34
40.1561,69.0474,10.0,4.3,31,90.0,0.839,0.91,us,4.2,1.887,0.122,19
30.143,103.6923,10.0,4.2,23,146.0,5.797,0.66,us,13.67,1.943,0.131,16
7.3002,127.1685,10.0,4.8,60,66.0,1.594,1.07,us,6.69,1.868,0.078,50
-44.1935,38.2596,10.0,4.6,24,127.0,9.841,0.51,us,13.02,1.899,0.119,21
17.8382,-103.0383,19.667,4.3,49,116.0,1.729,1.06,us,9.62,5.771,0.063,71
6.9431,-73.1526,151.092,4.3,91,70.0,2.386,0.81,us,6.71,10.212,0.058,84
11.1406,124.1708,10.0,4.2,19,137.0,4.277,1.39,us,17.06,1.917,0.166,13
-8.3905,-75.191,128.482,4.1,27,110.0,3.926,0.88,us,11.58,9.076,0.131,16
44.4564,149.4049,35.0,4.7,116,137.0,4.902,0.58,us,9.97,1.91,0.057,95
51.7563,160.359,10.0,4.4,16,218.0,1.645,1.13,us,6.02,1.982,0.22,7
54.5036,161.1448,49.785,4.5,132,137.0,2.096,0.77,us,10.2,7.455,0.048,128
51.5596,159.7074,29.499,4.6,68,165.0,1.604,0.86,us,10.5,6.616,0.078,49
54.5442,-159.7054,37.837,3.9,35,207.0,0.295,0.78,us,5.97,10.685,0.209,6
10.7493,123.9835,10.0,4.7,118,57.0,3.981,0.6,us,10.0,1.855,0.053,113
3.0098,-31.4978,10.0,5.0,58,154.0,20.298,1.02,us,13.69,1.925,0.056,102
6.2464,125.6335,156.375,4.2,20,147.0,0.82,0.97,us,9.18,7.896,0.146,13
-12.1176,166.2266,35.0,4.9,33,88.0,3.443,0.83,us,3.97,1.924,0.11,26
23.9664,94.4815,53.099,4.3,31,112.0,2.777,1.02,us,12.43,8.304,0.116,21
-57.6378,157.5389,10.0,4.6,25,106.0,3.244,0.4,us,11.1,1.904,0.128,18
52.3646,158.8843,64.315,4.6,41,121.0,0.675,0.82,us,8.55,7.413,0.09,37
-15.4175,67.3036,10.0,4.5,36,40.0,5.716,0.85,us,7.92,1.87,0.102,28
51.4766,159.5266,41.306,4.2,18,128.0,1.64,1.0,us,11.56,8.502,0.159,11
39.5413,143.4151,44.709,4.1,15,179.0,2.19,0.95,us,6.38,9.524,0.213,6
53.0413,161.201,10.0,4.1,20,183.0,1.541,1.08,us,9.89,1.844,0.114,21
-6.8182,130.4593,122.132,4.4,23,59.0,2.347,1.06,us,8.63,4.73,0.178,10
-7.0156,129.6003,145.768,4.3,27,46.0,4.85,1.07,us,9.72,9.537,0.133,16
13.7451,-90.3911,94.68,4.3,55,160.0,3.034,0.65,us,9.24,4.667,0.08,44
9.9984,125.3254,10.0,4.3,29,84.0,2.921,0.46,us,10.47,1.89,0.113,22
50.1143,159.4248,10.0,4.5,61,135.0,2.953,0.6,us,8.54,1.892,0.061,78
-4.7912,114.7513,10.0,4.2,25,75.0,3.703,1.17,us,7.67,1.949,0.166,10
19.8566,121.3308,39.251,4.5,34,116.0,2.956,0.69,us,12.27,8.335,0.111,24
50.1825,158.911,10.0,4.9,70,126.0,2.85,1.0,us,8.0,1.873,0.048,138
52.688,160.8695,24.19,5.2,24,136.0,1.387,0.92,us,12.3,4.919,0.139,17
-54.7666,-130.2807,10.0,4.9,23,182.0,32.545,0.73,us,13.06,1.955,0.123,21
50.9309,158.5442,10.0,4.4,47,129.0,2.097,0.5,us,10.53,1.919,0.084,41
37.2247,69.6706,10.0,4.5,30,126.0,1.486,0.64,us,3.49,1.888,0.128,18
53.1025,159.9097,65.865,4.8,59,126.0,1.324,0.87,us,10.51,7.069,0.047,142
42.5481,88.1162,10.0,4.5,57,105.0,5.427,0.78,us,10.16,1.908,0.081,44
-37.6544,176.9334,154.406,4.1,13,81.0,0.96,0.74,us,9.05,8.541,0.213,7
39.2423,28.124,10.0,4.4,35,62.0,0.963,1.19,us,3.95,1.907,0.179,9
-55.9542,-27.8536,111.301,4.2,11,108.0,5.231,0.23,us,14.14,8.135,0.166,10
34.5946,140.4511,96.05,4.1,23,137.0,1.568,0.73,us,9.87,8.161,0.139,14
-47.6325,116.1184,10.0,4.6,14,176.0,14.712,0.45,us,10.45,1.96,0.193,8
51.2786,159.6037,10.0,4.3,13,183.0,1.844,0.8,us,9.75,1.994,0.188,8
-8.88,125.2544,10.0,4.3,12,106.0,1.306,0.96,us,5.04,1.956,0.307,3
-36.253,52.4992,10.0,4.5,20,88.0,12.2,0.76,us,13.87,1.906,0.135,16
35.1436,23.325,61.077,4.5,95,63.0,2.325,0.96,us,8.34,7.619,0.057,90
4.573,-73.3233,10.0,4.2,8,114.0,1.03,1.16,us,8.52,1.983,0.215,6
-6.3636,150.4086,10.0,4.3,17,118.0,2.602,0.41,us,9.12,1.632,0.154,12
52.6365,160.7446,10.0,4.9,120,116.0,1.329,0.92,us,9.45,1.88,0.052,115
52.2964,160.5443,10.0,4.2,35,137.0,1.364,0.34,us,11.02,1.923,0.107,24
29.1445,57.9672,10.0,4.4,74,62.0,4.468,0.48,us,9.43,1.862,0.065,67
8.2335,127.5108,10.0,4.7,71,66.0,2.237,0.63,us,9.17,1.868,0.074,55
36.2217,69.2333,37.263,4.6,40,148.0,2.431,0.81,us,9.89,6.57,0.068,65
51.376,159.6812,10.0,5.4,90,87.0,1.768,1.16,us,7.27,1.832,0.037,249
8.8826,126.3296,85.642,4.3,25,120.0,1.949,0.57,us,15.72,6.969,0.129,17
51.8319,162.3975,10.0,4.2,19,159.0,2.586,0.47,us,11.3,1.958,0.141,14
-14.9634,166.5495,10.0,4.5,30,60.0,0.793,1.08,us,7.49,1.905,0.115,22
-41.295,-91.3504,10.0,4.3,19,134.0,13.565,0.69,us,10.07,1.878,0.153,12
-27.2389,-63.2084,552.378,5.0,123,45.0,5.201,0.75,us,11.82,8.309,0.042,178
39.1358,41.0169,10.0,4.3,27,99.0,0.968,0.52,us,4.94,1.939,0.265,4
26.3752,124.7013,10.0,4.3,20,86.0,2.032,1.05,us,7.67,1.935,0.238,5
-15.3811,-73.6813,93.848,4.4,34,142.0,4.366,0.61,us,9.43,10.065,0.114,22
36.958,21.8613,22.983,4.8,61,59.0,0.226,1.0,us,5.89,5.444,0.051,117
34.6057,70.763,10.0,5.2,168,39.0,1.347,0.88,us,7.59,1.763,0.032,315
52.745,160.9204,10.0,4.9,71,115.0,1.404,0.72,us,8.03,1.864,0.044,160
-26.9539,-71.4965,26.241,4.0,13,155.0,0.594,0.44,us,8.24,7.285,0.258,4
52.8893,160.8106,10.0,5.2,136,73.0,1.314,1.26,us,8.08,1.786,0.027,464
7.2367,-82.35,10.0,4.1,17,170.0,2.199,0.32,us,8.22,1.946,0.233,6
54.5645,-159.8742,38.316,4.0,83,160.0,0.314,0.62,us,5.11,7.418,0.196,7
52.6455,160.7598,10.0,4.3,31,174.0,1.335,0.53,us,7.97,1.902,0.102,27
-24.1137,-66.7998,198.342,4.3,40,62.0,1.714,0.76,us,8.23,6.922,0.148,13
-57.7279,157.6139,10.0,4.9,31,106.0,3.322,0.83,us,10.21,1.832,0.108,27
-6.1043,127.7211,397.397,4.2,29,63.0,2.682,0.79,us,7.84,11.246,0.141,14
51.6777,160.4766,35.0,4.4,12,138.0,1.753,0.53,us,11.71,1.95,0.189,8
-3.3034,130.3017,10.0,4.8,65,49.0,1.981,0.96,us,7.39,1.862,0.068,68
51.5831,159.7586,10.0,4.8,74,127.0,1.595,0.95,us,5.26,1.791,0.064,76
-27.6871,-176.4475,37.168,4.5,13,125.0,2.027,0.52,us,9.49,10.145,0.172,10
-27.8953,-72.0907,25.457,4.1,18,193.0,0.95,1.07,us,5.84,8.112,0.26,4
-6.1896,142.4347,10.0,4.8,41,99.0,2.995,1.02,us,8.09,1.8,0.069,65
-5.8359,112.4206,10.0,4.2,13,91.0,2.307,0.38,us,7.71,1.798,0.264,4
51.081,159.6891,10.0,4.4,18,192.0,2.048,1.12,us,13.1,1.965,0.148,13
51.8183,159.6808,54.618,4.3,26,167.0,1.362,0.51,us,10.27,7.235,0.125,19
52.2212,160.3199,41.363,4.1,20,137.0,1.827,1.03,us,10.62,6.347,0.127,17
7.4678,127.198,9.23,4.2,28,70.0,1.654,0.49,us,5.47,4.447,0.128,19
60.5211,-140.059,5.0,3.6,42,57.0,0.437,1.2,us,3.15,1.232,0.287,3
51.2481,159.4835,10.0,4.6,35,221.0,2.163,0.73,us,10.03,1.975,0.092,35
52.8743,160.899,10.0,4.6,76,87.0,1.369,0.94,us,10.03,1.869,0.042,166
-11.4195,164.603,10.0,5.0,37,66.0,4.735,0.86,us,10.0,1.87,0.061,86
50.4602,157.1083,64.293,4.4,29,135.0,2.677,0.37,us,8.73,8.579,0.13,17
52.3124,160.2713,10.0,4.4,72,113.0,1.217,0.8,us,9.09,1.874,0.052,106
-1.3452,-24.4427,10.0,4.4,17,104.0,11.988,0.51,us,12.8,1.93,0.149,13
9.2266,93.6356,132.895,4.9,102,64.0,2.568,0.83,us,7.85,6.14,0.054,109
54.5585,-159.7533,40.785,4.8,91,158.0,0.289,0.71,us,5.79,6.14,0.073,58
9.0575,93.7358,10.0,4.3,23,179.0,5.815,1.09,us,9.03,1.868,0.154,13
52.2116,160.7926,10.0,4.3,26,178.0,1.539,0.77,us,6.19,1.942,0.122,19
39.1936,28.0382,10.0,4.1,19,71.0,0.889,0.88,us,3.91,1.921,0.234,5
-4.2865,102.4076,69.631,4.4,33,168.0,0.551,0.53,us,10.25,6.158,0.117,24
-3.7474,-80.9351,25.8,4.4,61,107.0,2.075,0.78,us,7.84,6.341,0.073,55
51.5819,159.4999,35.0,4.5,28,126.0,1.535,0.91,us,9.64,1.936,0.104,27
-57.534,157.4797,10.0,4.2,11,139.0,3.152,1.07,us,11.93,1.858,0.2,7
-33.0241,179.731,107.383,4.6,17,151.0,4.256,0.6,us,15.86,13.427,0.141,15
18.8732,145.3521,372.736,3.9,28,146.0,17.61,0.58,us,14.7,8.4,0.115,20
-19.7558,-177.529,544.161,4.4,30,92.0,7.206,0.29,us,16.0,11.313,0.112,23
15.6512,145.9249,112.693,4.5,28,108.0,0.429,0.5,us,12.33,4.683,0.118,21
42.8497,146.6636,19.538,4.9,153,103.0,2.726,0.69,us,9.14,4.609,0.032,301
-3.1423,127.5118,35.484,4.7,36,54.0,2.753,1.08,us,8.22,8.615,0.108,26
40.0254,143.5212,10.0,4.6,88,104.0,2.007,0.51,us,5.73,1.813,0.067,66
-24.4339,179.8881,531.868,4.4,33,133.0,6.872,0.7,us,14.88,11.563,0.107,25
30.561,70.2875,10.0,4.0,37,241.0,4.061,1.18,us,12.41,2.008,0.149,12
-17.2313,-71.9149,72.708,4.2,24,132.0,1.879,0.76,us,8.95,9.815,0.186,8
52.4254,160.6948,34.746,4.6,110,117.0,1.38,0.9,us,8.59,5.315,0.038,209
23.9344,122.3253,10.0,4.4,41,74.0,0.709,0.67,us,2.77,1.891,0.11,24
52.3426,160.747,10.0,4.1,27,137.0,1.447,0.74,us,12.12,1.932,0.131,16
6.2483,126.4764,83.347,4.6,70,105.0,1.208,0.73,us,7.84,5.844,0.056,96
41.1481,141.7657,59.102,4.3,21,162.0,0.64,0.41,us,7.62,8.277,0.153,12
-6.093,145.9206,139.411,4.2,29,133.0,3.512,1.12,us,12.29,7.156,0.128,17
73.2777,6.7656,10.0,4.3,37,94.0,5.458,0.71,us,7.73,1.906,0.126,20
-5.5624,150.9183,94.546,4.9,82,67.0,1.666,0.77,us,7.78,5.678,0.069,67
-1.0068,125.8137,54.918,4.0,8,118.0,2.352,0.07,us,13.47,11.947,0.26,4
51.6484,159.695,35.0,4.3,25,142.0,1.519,1.14,us,11.85,1.963,0.116,21
3.3731,127.3749,35.616,4.7,57,88.0,2.324,0.77,us,6.44,7.242,0.088,39
51.2306,159.7408,10.0,4.4,20,253.0,1.917,1.15,us,14.8,1.999,0.134,16
23.762,121.5524,10.0,4.8,41,72.0,0.412,1.04,us,1.22,1.883,0.095,35
2.2866,96.2234,23.205,4.2,19,188.0,1.667,0.38,us,8.78,6.668,0.176,9
-60.075,-62.4621,10.0,4.8,22,133.0,4.774,0.85,us,9.47,1.862,0.131,19
51.3358,159.2549,35.0,4.3,16,230.0,1.731,0.68,us,12.29,1.987,0.188,8
16.3206,-59.6292,10.0,4.5,56,101.0,1.38,0.59,us,8.31,1.909,0.099,30
-3.1424,130.6649,38.4,4.5,48,37.0,1.567,0.51,us,7.46,6.406,0.091,35
-24.5576,-179.7019,479.142,4.5,27,167.0,7.095,1.08,us,15.06,13.417,0.095,33
-2.472,139.582,46.472,4.1,19,73.0,1.121,0.88,us,6.9,8.584,0.166,10
-21.1102,-68.5409,129.945,4.3,25,82.0,0.886,0.99,us,6.18,7.598,0.147,13
-6.3743,149.3391,32.99,5.0,108,29.0,3.366,0.7,us,6.85,5.124,0.049,133
51.4434,161.1637,10.0,4.3,20,138.0,2.212,0.38,us,10.12,1.871,0.137,15
49.8415,157.7129,25.1,4.3,26,138.0,3.24,0.4,us,11.96,6.111,0.129,17
53.4925,160.273,53.438,4.4,55,114.0,1.082,1.0,us,9.14,7.524,0.079,46
-4.2717,102.1788,52.473,4.9,62,89.0,0.78,0.83,us,7.03,6.819,0.082,46
16.3594,-97.9939,32.37,4.6,92,138.0,0.655,1.31,us,5.85,6.26,0.035,245
29.2994,129.3616,10.0,4.6,56,107.0,2.396,0.98,us,7.01,1.882,0.076,52
-19.0745,-179.0467,669.556,4.8,54,87.0,2.991,0.95,us,12.85,8.903,0.083,45
49.9265,156.5318,69.127,4.9,144,96.0,3.269,0.79,us,10.1,6.215,0.044,165
54.781,162.2474,44.143,4.3,51,159.0,3.167,0.34,us,9.14,8.478,0.08,44
-2.9646,127.3166,46.359,4.1,30,48.0,4.459,0.59,us,7.33,9.652,0.144,13
-23.988,-177.3339,212.569,4.8,29,181.0,7.561,0.71,us,18.04,11.636,0.102,30
13.4747,-89.9009,77.909,4.2,85,151.0,0.441,0.75,us,5.84,6.752,0.051,106
51.3333,159.1468,35.0,4.5,85,115.0,1.72,0.62,us,8.02,1.884,0.054,102
-60.2082,-62.0132,10.0,4.7,25,125.0,4.679,0.96,us,5.45,1.92,0.123,20
51.4188,158.7366,10.0,5.4,109,60.0,1.608,0.8,us,7.66,1.736,0.02,814
-49.8036,116.2712,10.0,4.3,18,141.0,16.785,0.73,us,13.69,1.93,0.138,15
4.5116,-73.0916,10.0,4.8,53,106.0,1.269,0.86,us,4.54,1.846,0.044,158
-20.5834,-177.8937,487.173,4.2,28,99.0,4.759,0.99,us,14.92,12.752,0.113,22
33.0369,131.581,83.433,4.4,45,101.0,1.798,0.77,us,6.35,8.009,0.107,25
50.0903,157.3962,10.0,5.3,141,71.0,3.028,1.04,us,7.8,1.736,0.023,632
35.7896,21.752,32.234,4.6,74,61.0,1.393,0.94,us,7.57,5.658,0.067,67
-7.8045,123.329,10.0,4.9,49,68.0,2.149,0.7,us,4.67,2.426,0.096,39
-20.238,-177.7084,505.13,4.5,55,72.0,4.656,0.65,us,13.48,6.461,0.067,66
37.6449,144.2525,10.0,4.5,50,136.0,3.998,0.52,us,11.35,1.922,0.092,35
7.234,127.0011,64.971,5.1,55,115.0,1.42,0.83,us,9.54,7.71,0.079,52
52.4459,160.6624,10.0,4.3,30,120.0,1.353,0.61,us,9.52,1.908,0.125,22
18.8687,145.8904,229.981,3.9,14,176.0,3.609,0.57,us,18.23,12.105,0.171,9
-22.4878,-67.7596,160.357,4.3,48,49.0,0.603,0.75,us,7.35,6.112,0.094,32
53.4033,160.4318,55.148,4.1,21,137.0,1.137,1.22,us,9.23,5.072,0.135,15
-22.0099,-68.7948,108.243,4.2,23,66.0,0.466,0.55,us,5.29,5.739,0.167,10
1.5579,126.9336,105.685,4.5,55,90.0,0.893,0.75,us,7.03,7.67,0.087,39
-27.8088,-66.3085,143.072,4.7,51,46.0,3.619,0.72,us,7.8,6.782,0.043,162
-24.96,179.8016,520.296,4.5,67,132.0,7.362,0.88,us,13.56,7.696,0.074,54
30.3457,138.3942,427.731,4.3,89,79.0,3.014,0.65,us,10.56,8.014,0.048,122
9.3226,93.9973,10.0,4.6,28,89.0,5.584,1.06,us,11.36,1.909,0.12,21
52.2673,160.1483,35.0,4.4,43,109.0,1.712,0.78,us,12.12,1.908,0.087,38
50.8934,158.3331,10.0,4.4,34,165.0,2.142,0.5,us,12.3,1.963,0.112,23
-8.3553,116.017,10.0,4.5,48,50.0,1.802,0.72,us,6.58,1.806,0.108,25
49.7005,155.3961,65.747,5.3,71,127.0,3.704,0.55,us,9.71,5.802,0.077,56
29.4748,141.4531,78.012,4.5,50,116.0,2.456,0.4,us,10.31,8.074,0.087,39
51.2967,159.4748,40.389,5.0,76,117.0,1.802,0.79,us,9.83,6.819,0.049,134
12.402,-90.2957,10.0,4.2,23,213.0,1.573,1.04,us,8.53,1.985,0.152,12
26.9293,91.7415,41.144,4.3,60,155.0,2.816,0.76,us,8.76,6.43,0.075,50
50.7671,157.9673,33.271,4.3,54,129.0,2.299,0.6,us,10.39,5.812,0.09,37
52.6353,161.1811,10.0,5.0,54,110.0,2.163,0.85,us,9.34,1.866,0.032,308
29.3407,129.3771,10.0,4.5,40,109.0,2.352,0.66,us,7.79,1.901,0.11,24
27.5281,52.8561,10.0,4.3,21,99.0,3.957,0.96,us,9.61,1.977,0.142,14
50.103,157.6078,35.115,4.4,40,125.0,2.996,0.93,us,12.13,6.231,0.095,32
5.1687,126.6937,9.873,4.4,32,62.0,1.285,1.22,us,6.37,4.3,0.102,30
51.0212,-179.8061,35.0,4.5,59,176.0,0.665,0.65,us,4.7,1.928,0.041,177
16.2905,145.6009,535.74,4.8,142,39.0,1.059,0.69,us,8.2,5.636,0.026,463
29.4111,129.1909,10.0,4.5,35,95.0,2.358,1.04,us,7.64,1.893,0.104,27
49.9739,159.5534,10.0,4.3,36,170.0,3.106,0.73,us,10.24,1.946,0.114,22
51.7781,159.7399,35.0,4.7,36,125.0,1.415,0.64,us,7.1,1.804,0.111,25
37.1642,141.3804,10.0,4.7,107,95.0,2.618,0.68,us,7.16,1.854,0.061,81
42.0602,139.5657,190.876,4.6,117,48.0,1.698,0.66,us,7.41,7.002,0.055,98
-16.1686,178.2546,10.0,4.2,12,124.0,1.114,0.46,us,7.27,1.454,0.2,9
-4.979,153.1751,59.418,4.4,19,152.0,1.276,0.5,us,10.36,8.067,0.149,13
-4.7694,140.6062,10.0,4.4,21,86.0,1.782,0.82,us,5.31,1.897,0.123,19
-15.8876,166.5681,10.0,4.3,12,220.0,5.119,0.3,us,12.25,1.98,0.188,8
52.3284,160.6169,10.0,4.5,41,134.0,1.385,0.66,us,11.59,1.913,0.087,39
-17.4618,-177.5031,394.174,4.6,104,76.0,3.148,0.87,us,10.83,7.746,0.042,175
50.3954,159.7703,10.0,4.1,41,134.0,2.722,0.64,us,9.06,1.849,0.079,45
50.1139,157.3182,60.237,4.2,34,144.0,3.008,0.6,us,11.88,7.926,0.112,22
-54.7445,-26.7115,10.0,4.6,22,67.0,5.714,0.32,us,9.42,1.898,0.119,21
25.0212,122.7764,153.841,4.2,45,46.0,0.591,0.89,us,5.25,6.002,0.1,28
43.3943,147.7436,45.258,4.2,27,192.0,3.65,0.7,us,11.88,10.461,0.121,19
54.5715,-160.1116,35.847,4.4,88,159.0,0.399,0.99,us,5.03,7.417,0.075,51
52.4126,160.4179,10.0,5.0,80,103.0,1.237,0.73,us,8.41,1.829,0.041,195
40.987,141.9201,61.123,4.3,29,121.0,0.678,0.57,us,7.16,6.059,0.13,18
18.6925,144.8485,10.0,4.2,23,109.0,3.548,0.94,us,15.1,1.908,0.153,13
-17.3978,-70.5794,10.0,4.5,29,135.0,0.994,0.87,us,5.25,1.875,0.121,20
50.6711,157.8204,35.0,4.9,58,93.0,2.411,0.85,us,4.38,1.891,0.055,104
-24.1575,-67.1577,176.206,4.3,30,69.0,1.522,0.93,us,8.25,8.517,0.153,13
-55.5579,-123.8334,10.0,4.3,9,180.0,34.622,0.65,us,10.49,1.93,0.188,8
-25.3265,-175.7686,10.0,4.3,14,321.0,34.323,0.86,us,31.67,2.028,0.168,12
51.3825,159.5233,10.0,5.2,100,121.0,1.729,1.3,us,8.86,1.852,0.041,199
-20.6372,-178.0282,528.577,4.3,27,129.0,4.689,0.51,us,15.51,6.476,0.116,21
49.957,154.5424,140.466,4.1,16,137.0,3.72,0.85,us,13.62,7.456,0.158,11
7.033,126.8861,59.313,4.7,97,81.0,1.298,1.1,us,8.1,7.122,0.048,135
52.8221,160.7552,10.0,4.6,100,119.0,1.29,0.68,us,8.59,1.883,0.057,91
9.8723,-70.7667,10.0,4.4,24,105.0,0.991,0.87,us,6.14,1.817,0.219,6
52.4567,160.7463,10.0,5.4,113,84.0,1.395,0.79,us,8.59,1.851,0.036,262
27.8589,56.9111,10.0,4.1,37,142.0,2.97,0.79,us,11.6,1.884,0.101,27
53.4127,159.9214,60.906,4.2,28,163.0,0.858,1.14,us,12.88,10.963,0.115,21
-15.3106,167.5238,144.522,4.8,45,117.0,6.054,0.92,us,11.86,3.508,0.091,37
51.4587,161.2101,10.0,4.7,25,123.0,2.221,0.62,us,7.54,1.761,0.123,20
-14.9984,-176.4803,10.0,4.5,20,93.0,4.257,1.23,us,12.89,1.924,0.171,10
51.4803,161.0963,10.0,4.4,36,129.0,2.156,0.84,us,9.62,1.903,0.071,57
52.2925,159.8143,35.0,4.2,11,221.0,1.019,1.28,us,7.5,2.009,0.167,10
51.3303,159.7379,24.0,4.3,18,214.0,1.823,0.78,us,12.82,9.005,0.168,10
56.533,115.1997,10.0,4.3,35,198.0,3.456,0.71,us,13.15,1.978,0.099,29
53.1393,-166.0308,35.0,3.7,29,199.0,0.762,0.27,us,2.94,1.958,0.135,14
51.9108,159.2399,35.0,5.2,45,124.0,1.171,1.25,us,7.4,1.909,0.091,40
-23.4049,178.8971,565.388,5.1,75,86.0,5.687,0.68,us,11.93,8.69,0.038,228
51.1038,159.5442,10.0,4.2,19,175.0,2.0,0.58,us,8.18,1.969,0.159,11
-24.8036,179.8157,506.506,4.6,61,132.0,7.213,0.75,us,13.43,7.67,0.072,58
13.4046,51.2208,10.0,4.2,14,180.0,8.388,1.03,us,8.47,1.963,0.237,5
38.3638,-26.6536,11.492,4.5,27,102.0,1.074,1.14,us,9.93,4.686,0.131,17
-24.2265,179.8845,524.107,4.4,32,195.0,6.672,0.67,us,19.08,17.069,0.091,35
-19.9677,-173.2301,10.0,4.6,30,105.0,3.239,0.6,us,9.2,1.902,0.114,29
-5.439,153.1298,10.0,4.4,33,83.0,1.57,0.76,us,9.07,1.893,0.114,24
52.7734,160.9219,10.0,4.5,60,119.0,1.399,0.63,us,10.45,1.905,0.076,51
-18.2947,-64.8709,10.0,4.2,14,84.0,0.805,1.01,us,6.12,1.912,0.132,16
52.5503,160.7051,10.0,4.4,83,153.0,1.335,0.69,us,9.74,1.924,0.056,92
52.6878,160.4527,10.0,5.2,123,120.0,1.144,0.83,us,8.83,1.846,0.041,191
13.7808,120.7068,184.79,4.4,48,102.0,8.995,0.45,us,13.41,8.471,0.083,42
48.5069,157.2886,10.0,4.2,20,196.0,4.604,0.68,us,7.94,1.926,0.167,10
63.8894,-22.9589,10.0,4.3,42,112.0,1.117,0.94,us,8.89,1.931,0.095,31
29.3483,130.5906,42.233,4.5,43,108.0,2.157,0.64,us,6.79,8.102,0.097,31
52.8289,160.7038,32.261,4.3,66,119.0,1.259,0.48,us,10.2,6.072,0.072,54
52.0078,159.3186,35.0,4.2,20,222.0,1.096,0.8,us,5.7,1.991,0.147,13
-60.0289,-62.6546,10.0,4.6,16,94.0,4.807,0.67,us,8.02,1.907,0.206,9
-59.4373,-26.0685,42.938,4.3,20,116.0,15.423,1.04,us,17.9,8.419,0.133,16
-31.7485,-66.5592,146.008,4.4,25,163.0,1.388,0.96,us,8.35,14.932,0.24,5
-15.7324,-75.1923,19.376,5.1,49,143.0,4.053,0.77,us,9.94,4.923,0.047,148
53.4336,-165.8828,52.524,3.7,28,189.0,0.554,1.01,us,5.71,15.516,0.122,17
51.9466,159.7344,45.632,4.1,33,163.0,1.266,0.48,us,9.28,8.52,0.107,24
53.8437,160.997,37.762,4.7,157,100.0,1.627,0.71,us,8.74,6.559,0.045,150
-49.0079,124.7052,10.0,4.1,17,136.0,16.835,0.55,us,13.8,1.842,0.145,13
-56.1271,-26.9126,44.632,4.4,25,181.0,5.786,0.69,us,13.27,10.206,0.109,24
-56.4232,-26.6999,76.216,4.5,15,130.0,5.98,1.01,us,15.78,10.914,0.144,14
29.917,99.7797,10.0,4.2,33,128.0,6.862,0.79,us,5.08,1.937,0.112,22
-7.966,122.8202,233.285,4.0,22,51.0,0.88,0.53,us,7.8,6.738,0.184,10
51.2004,159.1994,35.0,4.8,39,227.0,1.857,0.52,us,12.82,1.974,0.094,35
-0.2594,-16.1735,10.0,4.7,20,119.0,13.225,0.44,us,16.78,1.925,0.137,16
-31.0643,-178.4757,95.468,5.0,51,44.0,1.874,0.56,us,12.79,4.687,0.08,52
52.099,-171.166,35.0,3.6,19,211.0,1.661,0.7,us,7.4,2.006,0.151,11
51.2059,158.6169,41.411,4.2,37,128.0,1.82,0.87,us,11.1,8.594,0.096,30
65.7888,-37.771,10.0,4.8,69,72.0,5.305,0.66,us,9.98,1.904,0.031,316
5.7949,126.383,104.85,4.4,37,61.0,1.387,1.0,us,8.74,7.479,0.107,26
30.6279,140.2385,10.0,4.4,41,101.0,2.506,0.61,us,8.71,1.893,0.108,25
38.1456,74.9501,10.0,4.2,17,152.0,0.711,0.96,us,5.55,1.978,0.2,7
22.8791,94.4717,99.301,4.8,94,64.0,4.817,0.71,us,9.03,6.922,0.056,100
-6.3936,130.1817,115.7,4.8,48,94.0,4.02,0.44,us,11.44,7.46,0.066,71
36.4699,70.9099,200.933,4.7,76,64.0,2.227,0.93,us,7.68,6.112,0.047,136
-5.3724,68.6478,10.0,4.6,31,154.0,4.29,0.5,us,7.75,1.799,0.129,18
-18.0225,-178.2053,557.71,5.0,175,114.0,2.78,0.7,us,11.84,6.347,0.042,178
2.9959,128.2359,62.029,4.2,21,86.0,2.374,0.71,us,3.8,8.706,0.159,12
-24.9262,-176.1399,35.0,4.6,16,216.0,8.962,0.67,us,13.97,1.98,0.151,13
13.7314,-90.3793,78.589,4.6,67,122.0,0.607,0.96,us,8.63,7.475,0.072,58
-25.0496,-68.7605,93.553,4.4,30,71.0,0.761,0.7,us,7.64,6.486,0.124,19
51.5116,158.6402,35.0,4.1,15,126.0,1.514,0.66,us,7.22,1.889,0.145,13
35.3651,57.3311,10.0,4.5,60,165.0,7.579,0.76,us,9.54,1.937,0.078,49
53.292,159.8184,68.213,4.4,75,116.0,0.753,0.58,us,9.59,6.918,0.06,80
-3.8899,128.6862,59.38,4.7,66,42.0,1.368,0.54,us,7.18,7.762,0.078,50
51.0576,159.9783,10.0,5.0,54,126.0,2.133,1.15,us,9.81,1.912,0.063,96
4.1895,126.5775,35.0,4.5,43,108.0,1.221,1.17,us,6.54,1.917,0.101,29
-16.1959,177.7655,10.0,4.6,101,111.0,1.565,0.44,us,13.29,1.881,0.056,99
-22.5647,170.5517,10.0,4.9,45,108.0,2.87,0.56,us,9.99,1.9,0.092,37
-22.893,-66.3295,226.514,4.7,54,72.0,1.706,0.96,us,8.35,7.063,0.033,276
49.6504,159.0291,10.0,4.3,23,136.0,3.386,0.43,us,12.74,1.936,0.142,14
51.6968,160.3565,10.0,4.3,27,165.0,1.691,0.76,us,12.28,1.967,0.129,17
29.051,51.4812,10.0,4.2,81,74.0,5.871,0.49,us,9.01,1.851,0.069,63
37.2323,20.4701,37.579,4.7,58,48.0,1.163,0.76,us,6.54,7.66,0.062,79
-6.1006,130.5131,142.824,4.5,22,94.0,3.603,0.79,us,8.21,9.375,0.14,15
-60.1812,-47.4192,10.0,4.6,23,81.0,8.365,0.76,us,9.64,1.907,0.133,21
-16.3223,-173.9493,113.303,4.8,51,45.0,6.413,1.14,us,10.99,6.554,0.03,350
-5.2321,102.4614,34.436,4.6,49,123.0,0.996,0.86,us,9.15,5.906,0.081,45
16.5686,-94.3073,110.545,4.3,28,118.0,0.761,0.93,us,4.83,9.871,0.119,20
53.4664,-166.8016,74.179,4.3,125,149.0,0.331,0.92,us,4.32,5.426,0.047,126
50.4654,159.93,10.0,4.4,41,134.0,2.682,0.6,us,5.65,1.865,0.086,39
-15.8171,-176.8504,414.209,4.3,51,102.0,3.691,0.45,us,8.19,7.521,0.089,36
52.4746,160.8807,19.214,4.1,24,122.0,1.463,1.38,us,9.17,3.812,0.109,23
-25.0461,179.8571,510.671,4.6,30,135.0,7.457,0.8,us,13.98,10.904,0.082,44
9.3928,93.9439,10.0,5.0,101,43.0,5.097,0.56,us,8.1,1.848,0.049,132
37.3791,137.0576,10.329,4.5,30,82.0,1.239,0.54,us,6.34,4.665,0.132,19
11.0043,124.0449,10.0,5.2,50,86.0,4.193,0.47,us,12.3,1.879,0.092,39
52.4563,159.1021,63.052,4.3,29,121.0,0.631,1.04,us,9.28,4.557,0.097,30
42.5413,142.8743,90.819,4.1,37,109.0,0.566,0.46,us,8.78,8.681,0.106,24
54.4392,-160.3767,38.202,4.0,48,155.0,0.603,0.91,us,6.58,8.526,0.125,17
-47.7754,116.1502,10.0,4.1,12,159.0,14.854,0.73,us,12.63,1.9,0.158,11
52.2394,160.4024,10.0,5.1,67,122.0,1.326,0.83,us,8.09,1.795,0.044,170
-6.4839,147.3433,35.0,4.2,23,111.0,2.908,0.73,us,9.15,1.942,0.136,15
-16.543,-174.0424,164.566,4.4,26,116.0,3.409,1.02,us,6.23,10.459,0.117,21
-5.9613,154.6314,118.548,4.3,22,127.0,8.156,0.45,us,6.71,8.204,0.122,19
-24.8468,-63.4487,574.308,4.3,106,31.0,4.722,0.78,us,10.81,7.067,0.059,81
51.683,159.9053,29.48,4.6,35,127.0,1.548,0.7,us,10.21,5.771,0.085,47
41.0788,142.8297,42.891,4.1,17,153.0,0.967,0.54,us,7.46,9.248,0.174,9
-0.1151,122.9046,98.149,4.2,24,73.0,2.447,1.0,us,7.19,9.753,0.136,15
39.3411,93.4557,10.0,4.5,64,107.0,8.795,0.74,us,10.28,1.886,0.069,61
7.2402,126.7416,77.805,4.2,28,111.0,1.166,0.83,us,10.82,8.107,0.124,18
51.098,158.1973,45.839,4.4,36,125.0,1.948,0.58,us,8.74,8.031,0.11,24
40.9443,143.0631,39.127,5.0,94,96.0,1.072,0.64,us,7.61,5.996,0.055,106
-5.0344,101.7423,10.0,4.4,26,83.0,1.382,0.65,us,4.54,1.909,0.138,15
-29.9981,-178.5042,142.344,4.7,18,91.0,0.902,0.93,us,12.39,8.774,0.138,17
-33.6417,-179.3442,35.0,4.6,19,162.0,4.355,0.65,us,9.83,1.967,0.146,14
51.7951,159.2957,35.0,4.6,60,137.0,1.292,0.88,us,10.81,1.919,0.071,59
0.2561,98.4728,41.103,4.4,29,165.0,1.374,1.08,us,8.58,9.25,0.155,16
-27.8687,-71.0579,55.218,4.4,22,138.0,0.335,0.7,us,5.37,6.023,0.219,6
-7.6963,127.6784,148.708,4.3,45,71.0,3.852,0.89,us,6.7,8.176,0.094,33
52.0687,159.9883,10.0,4.9,13,121.0,1.258,0.82,us,11.15,1.924,0.096,38
-6.9643,125.0035,562.786,4.4,57,55.0,2.867,0.5,us,10.03,8.109,0.08,45
49.8847,159.2155,10.0,4.3,20,269.0,3.163,0.94,us,12.38,2.006,0.147,13
36.8602,72.8741,10.0,5.0,59,98.0,1.483,0.72,us,6.67,1.756,0.048,145
53.1638,160.0687,43.696,4.2,26,137.0,0.867,0.68,us,11.96,5.222,0.128,17
7.3146,126.873,50.518,4.5,34,70.0,1.307,0.6,us,6.59,8.138,0.113,25
9.2702,94.3342,10.0,4.1,15,183.0,4.779,1.16,us,10.26,1.94,0.185,8
6.2524,124.2698,500.392,4.3,41,112.0,1.931,0.85,us,15.2,9.973,0.088,37
49.9132,155.8791,83.59,4.4,35,138.0,3.395,0.58,us,12.3,8.402,0.099,29
11.6266,-86.3268,76.518,4.3,28,132.0,0.525,0.67,us,4.94,6.894,0.091,34
50.0856,158.6197,17.748,4.4,24,134.0,2.942,0.49,us,11.18,5.021,0.143,14
23.7187,121.5477,22.06,4.3,25,81.0,0.398,1.16,us,2.52,6.895,0.153,12
51.2353,159.9008,10.0,4.5,35,138.0,1.95,0.98,us,10.49,1.909,0.108,25
14.8139,54.8332,10.0,4.9,72,97.0,10.111,0.63,us,10.55,1.896,0.072,60
50.2242,158.2649,10.0,4.2,17,161.0,2.813,0.68,us,9.75,1.949,0.175,9
12.8918,-89.2348,52.717,4.1,28,179.0,0.866,1.05,us,4.84,13.442,0.094,31
4.7615,126.568,54.349,4.4,56,91.0,1.086,0.91,us,5.71,7.579,0.083,48
-32.338,-178.4849,35.0,4.4,18,170.0,3.104,0.57,us,15.66,1.984,0.126,19
26.9904,-44.3588,10.0,4.5,36,131.0,21.984,0.49,us,13.18,1.914,0.102,28
-20.5551,-178.0853,516.789,4.0,25,99.0,4.598,0.55,us,9.13,9.974,0.125,18
52.847,160.457,10.0,4.5,23,168.0,1.108,0.71,us,7.58,1.956,0.116,22
-24.5207,-67.5714,178.807,4.2,23,95.0,1.658,1.25,us,9.43,11.438,0.187,8
13.4046,95.7949,10.0,4.2,21,173.0,4.006,0.33,us,12.52,1.946,0.159,11
14.8175,147.1967,10.0,4.3,24,151.0,1.419,0.51,us,11.83,1.932,0.126,18
-29.6391,-177.4915,35.0,4.1,11,260.0,9.693,0.54,us,12.02,1.989,0.213,6
15.0832,-96.6016,10.0,4.1,61,154.0,0.832,1.0,us,6.38,1.851,0.074,50
-22.7943,68.3326,10.0,4.4,12,263.0,49.594,0.48,us,13.88,2.013,0.204,7
35.4745,140.149,66.626,4.3,37,128.0,1.899,0.74,us,6.92,7.567,0.126,18
50.6392,158.3678,35.0,4.4,50,131.0,2.394,0.92,us,10.62,1.921,0.065,69
-20.2787,-177.7342,503.708,4.4,42,97.0,4.674,0.74,us,13.75,8.301,0.048,131
9.3705,127.1473,10.0,4.5,17,139.0,2.763,0.55,us,10.97,1.909,0.156,12
-6.6097,154.7994,25.472,5.0,87,62.0,3.558,0.42,us,8.68,4.448,0.057,100
29.0959,129.3667,10.0,4.2,37,108.0,2.45,0.98,us,3.9,1.913,0.11,25
7.1771,127.1755,10.0,4.9,68,54.0,1.588,1.07,us,7.21,1.831,0.053,111
-60.0526,-61.9887,10.0,5.0,44,125.0,4.835,0.71,us,6.45,1.727,0.091,38
34.5689,70.7024,10.0,4.2,25,152.0,1.295,1.2,us,8.26,1.965,0.112,22
34.7251,32.5184,10.0,4.7,56,139.0,0.709,0.93,us,5.23,1.908,0.09,37
-28.4498,-68.9984,94.818,4.5,30,46.0,1.596,0.97,us,6.72,7.73,0.131,17
-41.2714,-91.1289,10.0,4.5,47,140.0,15.067,0.53,us,13.83,1.901,0.082,44
53.2389,161.4336,25.407,4.2,34,116.0,1.691,0.76,us,10.14,5.871,0.104,29
52.1406,-168.5339,28.671,3.8,21,218.0,0.856,1.0,us,8.44,13.924,0.108,22
-8.9372,124.2452,72.183,4.2,9,143.0,0.813,0.74,us,12.04,9.687,0.235,5
-17.7459,-177.0657,363.088,4.3,46,77.0,3.634,0.8,us,11.0,7.715,0.082,45
48.8687,155.8315,40.029,4.3,33,135.0,4.406,0.32,us,12.12,8.231,0.099,29
-26.6561,-178.3552,287.32,4.4,43,111.0,10.347,0.62,us,13.41,7.295,0.089,36
12.8993,-91.144,10.0,4.2,48,121.0,1.66,0.58,us,7.75,1.846,0.08,44
51.7826,-173.525,14.738,3.8,37,141.0,0.591,1.06,us,5.06,5.912,0.127,16
-29.8344,-178.0029,106.906,4.5,25,186.0,12.28,0.56,us,15.83,8.284,0.139,17
13.5109,120.8686,186.285,4.6,42,89.0,12.32,0.44,us,13.1,8.29,0.093,34
-3.8491,-12.0297,10.0,4.7,17,127.0,33.599,0.44,us,16.66,1.905,0.158,14
-6.7896,156.0666,130.714,4.1,20,94.0,4.657,0.71,us,10.42,8.042,0.145,14
46.5893,152.6585,51.935,4.2,31,144.0,7.292,0.63,us,12.52,9.212,0.118,20
50.3429,159.5699,10.0,4.7,134,71.0,2.745,0.72,us,8.07,1.679,0.033,277
9.2521,93.9445,10.0,4.0,15,118.0,5.627,0.53,us,10.59,1.93,0.233,7
-23.9907,-71.108,10.0,4.4,15,148.0,0.695,0.87,us,3.7,1.681,0.143,14
51.8854,-173.9291,50.772,3.7,31,189.0,0.357,1.21,us,7.46,10.171,0.13,15
13.183,-91.0471,10.0,4.3,31,218.0,1.425,0.92,us,7.96,1.991,0.051,109
51.9017,-172.7372,65.37,3.8,30,190.0,0.919,0.57,us,7.1,13.718,0.123,17
65.1483,-130.7498,9.787,4.2,21,86.0,3.186,0.84,us,9.16,5.571,0.199,7
-15.9746,-175.3658,345.758,4.2,31,101.0,4.027,0.94,us,14.69,8.524,0.108,24
-60.7301,-50.4998,10.0,4.4,30,62.0,7.418,1.16,us,6.37,1.854,0.11,24
3.304,-83.0598,10.0,4.6,33,175.0,4.659,0.33,us,10.47,1.954,0.122,20
-5.5149,152.9973,10.0,4.3,21,133.0,1.555,0.69,us,12.85,1.909,0.125,18
-57.1605,-67.1881,10.0,4.7,30,135.0,16.585,0.57,us,15.85,1.9,0.123,20
-21.2037,168.5192,10.0,4.9,33,186.0,1.72,0.46,us,4.52,1.909,0.12,22
52.2399,160.4176,10.0,4.8,97,117.0,1.333,1.18,us,7.73,1.832,0.046,148
13.0045,145.5948,10.0,4.7,66,98.0,0.915,0.64,us,6.03,1.807,0.076,53
8.8689,127.1454,10.0,4.7,43,115.0,2.367,0.67,us,11.57,1.889,0.089,38
73.2858,6.8643,10.0,4.1,18,169.0,5.44,1.02,us,7.65,1.962,0.213,6
-16.5507,-14.2669,10.0,4.5,35,66.0,8.205,0.89,us,8.38,1.856,0.095,33
18.6893,145.5668,220.794,4.1,38,128.0,3.436,0.76,us,14.88,9.399,0.097,29
-52.9739,22.0891,10.0,4.6,15,114.0,20.603,0.75,us,13.45,1.522,0.151,14
37.5517,-24.7495,10.0,4.4,32,163.0,0.65,0.8,us,8.37,1.938,0.102,28
18.6007,147.7537,10.0,4.0,13,172.0,3.834,0.33,us,14.5,1.962,0.231,6
-59.5911,-26.2155,58.179,4.6,19,115.0,15.322,0.76,us,14.76,9.474,0.125,19
43.6603,147.8058,47.63,4.9,113,135.0,3.793,0.41,us,9.8,7.362,0.058,95
51.2849,160.1205,10.0,4.8,23,154.0,1.963,0.55,us,12.57,1.961,0.125,24
-15.0605,166.1438,10.0,4.6,53,60.0,1.092,0.89,us,8.34,1.871,0.082,44
51.3918,159.5156,26.526,4.4,34,137.0,1.719,0.62,us,9.58,4.913,0.11,24
-51.5341,138.8301,10.0,4.5,26,94.0,12.46,0.41,us,13.16,1.93,0.112,23
49.7119,157.2208,35.0,4.1,37,134.0,3.414,0.68,us,10.39,1.944,0.103,26
6.1014,94.9925,10.0,4.6,63,65.0,2.13,0.6,us,5.69,1.712,0.077,50
49.8707,157.7339,10.0,4.8,106,134.0,3.209,0.75,us,10.52,1.889,0.056,100
5.061,96.3786,184.473,4.0,31,107.0,0.59,0.71,us,12.28,6.318,0.104,25
31.6052,132.103,44.002,4.5,47,88.0,1.412,0.99,us,6.48,6.712,0.099,30
-57.9086,-9.2322,10.0,4.9,44,81.0,14.07,0.63,us,9.74,1.622,0.091,40
44.4593,149.4381,35.0,4.6,51,137.0,4.926,1.02,us,10.07,1.932,0.068,64
30.8997,136.0842,10.0,4.2,25,69.0,3.386,0.45,us,8.01,1.917,0.16,11
-15.5576,-172.8108,10.0,4.7,49,72.0,1.918,0.78,us,10.1,1.87,0.08,47
-31.2609,-71.4682,22.366,4.3,25,161.0,0.405,0.78,us,3.85,8.5,0.306,3
30.6634,51.3301,10.0,4.1,33,75.0,7.145,0.78,us,8.87,1.934,0.114,21
-5.0265,151.3343,144.05,4.5,42,61.0,1.171,0.88,us,8.96,7.422,0.093,34
-13.7434,-76.9046,10.0,4.4,32,178.0,1.746,0.7,us,9.87,1.973,0.155,12
14.9056,-93.3302,75.536,4.5,33,182.0,1.151,0.84,us,7.81,11.99,0.05,118
52.3332,161.8944,10.0,4.5,53,133.0,2.093,0.68,us,12.1,1.915,0.086,40
-21.2138,-178.8106,583.314,4.4,86,58.0,4.545,0.85,us,12.81,6.656,0.055,96
48.9342,156.6173,10.0,4.6,61,137.0,4.235,0.76,us,9.8,1.887,0.079,48
52.1012,161.1627,10.0,4.4,26,134.0,1.79,0.39,us,13.08,1.923,0.117,21
-5.3713,131.2815,61.865,5.0,72,33.0,1.611,0.8,us,6.89,5.389,0.068,69
51.1923,159.1619,6.043,5.0,149,134.0,1.861,0.55,us,10.64,4.932,0.048,139
-17.9161,-178.2736,609.741,4.3,63,100.0,2.668,0.93,us,15.2,10.902,0.072,55
-6.5081,143.433,10.0,4.2,38,99.0,3.878,0.79,us,9.16,1.885,0.102,27
6.9583,-73.1465,149.925,4.1,31,156.0,2.403,0.86,us,9.76,11.607,0.114,21
50.533,159.5682,10.0,4.4,24,138.0,2.558,0.54,us,8.17,1.875,0.155,12
50.0312,156.4607,75.809,4.7,98,93.0,3.177,0.7,us,10.53,7.009,0.035,239
52.1002,160.4401,21.997,4.5,45,118.0,1.953,0.86,us,10.03,5.864,0.083,42
52.33,162.1056,10.0,4.0,35,135.0,2.216,0.68,us,12.15,1.912,0.113,21
12.8114,-89.2547,35.0,4.4,35,186.0,0.948,1.11,us,6.17,1.98,0.1,29
-52.1341,-61.695,10.0,4.7,37,60.0,2.296,0.71,us,6.86,1.895,0.085,42
1.4953,127.242,123.663,4.3,60,79.0,0.729,0.69,us,6.94,6.9,0.077,48
7.3537,127.0636,48.251,4.8,81,104.0,1.5,0.9,us,9.78,5.613,0.061,83
52.7405,161.1469,10.0,4.1,18,196.0,1.539,0.74,us,7.65,1.994,0.144,14
-4.0329,142.9994,79.643,4.6,47,76.0,2.744,0.65,us,6.88,7.707,0.086,41
-37.9216,51.7886,10.0,4.7,55,83.0,19.251,0.81,us,12.95,1.851,0.084,43
52.3128,175.8138,86.038,4.9,77,105.0,1.128,0.51,us,6.66,7.128,0.034,265
-20.9999,-174.4345,35.0,4.3,14,169.0,45.323,0.35,us,10.41,1.944,0.154,12
53.3934,160.7094,35.0,4.9,74,154.0,1.293,0.8,us,9.71,1.862,0.051,121
-5.8578,152.5154,10.0,4.1,18,194.0,1.692,0.44,us,7.97,1.743,0.145,13
-8.6238,127.3137,35.0,4.4,29,70.0,3.211,0.68,us,7.51,1.934,0.12,20
39.3052,143.4619,10.0,5.2,68,98.0,2.363,1.08,us,7.36,1.835,0.049,139
16.5468,-59.651,13.05,4.5,30,162.0,1.368,0.79,us,8.11,5.645,0.242,5
52.2336,160.0326,52.276,4.3,29,138.0,1.669,0.94,us,11.18,7.893,0.108,24
-3.6845,68.1975,10.0,4.7,33,98.0,5.625,0.42,us,11.84,1.895,0.117,24
-2.9423,0.0956,10.0,4.7,33,86.0,10.752,0.74,us,12.21,1.889,0.108,28
52.3971,160.5343,35.0,4.2,26,121.0,1.307,0.62,us,9.9,1.946,0.095,31
52.2064,161.3435,10.0,5.1,116,106.0,1.835,0.84,us,7.77,1.855,0.027,454
-31.5296,-178.1655,35.0,4.3,12,174.0,2.27,1.12,us,11.94,1.982,0.177,9
44.7743,148.4408,78.22,4.2,69,135.0,4.238,0.55,us,9.16,6.66,0.071,58
51.7872,159.3719,35.0,4.2,34,125.0,1.315,0.54,us,8.89,1.944,0.108,24
-4.4241,144.3302,133.215,5.1,176,18.0,3.844,0.54,us,6.25,4.679,0.048,143
-0.3169,125.646,76.161,5.0,64,71.0,5.019,0.66,us,3.32,7.459,0.081,48
-16.1031,67.4002,10.0,4.5,17,93.0,5.283,1.09,us,13.81,1.9,0.181,9
52.7063,160.7391,29.44,4.2,39,120.0,1.306,0.96,us,10.18,6.137,0.088,36
51.1565,178.5551,18.812,4.7,145,140.0,0.519,0.64,us,4.86,4.585,0.05,124
54.3946,-158.772,10.0,4.1,55,161.0,0.646,0.71,us,4.16,1.918,0.117,20
50.6741,157.6954,35.0,4.5,109,130.0,2.426,0.69,us,9.62,1.916,0.055,96
23.2606,123.0482,10.0,4.6,45,95.0,1.201,1.19,us,5.24,1.9,0.114,24
51.8742,160.3698,10.0,4.2,16,192.0,1.56,0.88,us,11.08,1.976,0.166,10
-32.2714,-179.2683,67.311,4.4,13,157.0,3.216,0.64,us,11.92,12.679,0.154,12
39.804,143.4948,32.815,4.3,29,142.0,2.103,0.9,us,9.68,6.293,0.137,15
13.6577,39.7972,10.0,4.4,21,140.0,3.651,0.67,us,11.83,1.871,0.149,13
-6.7124,155.2234,46.005,4.3,46,87.0,3.943,1.06,us,11.28,6.159,0.09,40
13.4191,50.7436,10.0,4.4,43,142.0,6.274,0.79,us,11.89,1.92,0.095,32
50.089,155.7823,93.707,4.4,74,135.0,3.251,0.64,us,11.23,7.249,0.069,61
-14.8992,167.4234,115.729,4.3,23,160.0,0.585,0.63,us,15.41,5.02,0.137,15
11.5731,141.6391,10.0,5.1,43,71.0,3.735,1.05,us,11.23,1.888,0.052,120
52.5235,159.2249,84.476,4.3,28,163.0,0.61,1.03,us,10.26,6.704,0.116,21
-18.0355,-178.6211,553.638,4.2,21,225.0,2.466,0.63,us,22.77,15.348,0.128,17
50.1717,159.6266,10.0,4.2,26,231.0,2.92,0.59,us,14.29,1.982,0.136,15
-24.1591,-67.1015,183.203,4.1,24,102.0,1.556,0.7,us,9.43,9.832,0.212,6
38.2658,134.2568,420.401,4.0,46,59.0,3.581,0.36,us,12.51,10.653,0.1,27
7.2686,126.7211,68.117,5.3,34,107.0,1.15,0.82,us,10.38,5.256,0.104,31
41.0209,138.6895,242.609,4.0,37,88.0,1.815,0.65,us,9.17,10.309,0.125,17
41.192,78.5358,10.0,4.8,69,94.0,1.311,0.81,us,6.08,1.864,0.054,104
35.998,137.4035,10.0,4.3,31,133.0,0.395,0.68,us,3.03,1.914,0.143,14
16.2607,-98.1418,10.0,5.2,95,126.0,0.991,0.77,us,3.11,1.794,0.028,429
36.7989,74.5496,10.0,4.7,77,84.0,2.231,0.73,us,9.58,1.841,0.062,79
44.2437,148.7377,10.0,4.2,34,140.0,4.422,0.81,us,11.11,1.929,0.116,21
51.3039,159.5142,10.0,4.2,19,189.0,1.803,0.56,us,11.08,1.98,0.159,11
35.8757,135.555,352.502,4.1,130,29.0,1.311,0.77,us,7.35,6.281,0.044,142
17.2051,19.5011,10.0,4.4,55,79.0,14.257,0.85,us,10.96,1.931,0.076,50
49.2862,156.6862,19.898,4.6,78,128.0,3.88,0.7,us,11.54,4.788,0.071,58
-14.7622,166.8638,10.0,4.6,21,140.0,0.756,0.75,us,5.3,1.927,0.147,14
-20.4818,134.3234,10.0,4.4,22,82.0,0.537,1.26,us,6.48,1.649,0.155,12
-2.518,121.6537,10.0,4.3,30,52.0,1.371,1.04,us,4.55,1.898,0.148,13
-15.9102,-174.1967,131.151,4.7,42,85.0,3.067,0.7,us,11.14,8.355,0.079,52
49.3466,157.3035,20.729,4.4,33,136.0,3.775,0.83,us,14.18,6.649,0.11,24
-35.0762,-107.1542,10.0,5.0,99,151.0,8.141,0.37,us,12.82,1.891,0.045,161
-23.9974,-66.862,199.784,4.5,28,69.0,1.595,0.83,us,10.64,8.5,0.119,21
-22.2645,-68.5286,114.878,4.1,23,47.0,0.757,0.7,us,4.01,6.09,0.151,12
52.201,160.6464,10.0,4.2,20,123.0,2.012,1.25,us,10.64,1.92,0.141,14
-60.1912,-61.8861,10.0,4.6,15,126.0,4.708,0.89,us,12.49,1.941,0.173,10
-53.1062,-47.1594,10.0,4.9,31,116.0,6.448,1.07,us,12.95,1.855,0.125,20
52.7251,161.0944,10.0,4.3,31,120.0,1.511,1.08,us,9.97,1.899,0.107,25
51.8344,-175.1966,60.492,3.6,36,189.0,0.594,0.59,us,9.65,9.117,0.092,30
49.4418,157.9298,10.0,4.2,33,136.0,3.615,0.67,us,11.59,1.92,0.108,24
52.0635,160.3256,10.0,4.4,24,167.0,1.404,0.95,us,10.85,1.945,0.127,18
-18.8773,-175.5661,197.862,4.6,48,87.0,5.339,0.64,us,13.84,7.527,0.085,41
51.5318,159.9153,10.0,4.3,22,157.0,1.684,0.61,us,6.48,1.885,0.142,14
-6.8296,131.5473,10.0,4.6,15,117.0,2.815,0.59,us,7.52,1.893,0.223,6
39.34,143.6528,10.0,4.5,54,135.0,2.458,0.66,us,8.89,1.89,0.09,36
-3.4207,148.8309,10.0,4.6,27,76.0,2.003,0.84,us,6.96,1.87,0.116,22
52.1637,160.6701,21.891,4.6,59,135.0,1.503,1.06,us,11.65,5.948,0.072,58
50.1719,158.2134,25.912,4.1,15,163.0,2.869,0.76,us,13.71,6.753,0.197,8
54.4343,165.77,10.0,4.6,91,103.0,4.458,0.59,us,9.73,1.875,0.052,111
52.395,160.1479,44.785,4.3,34,171.0,1.108,0.76,us,12.64,8.727,0.106,25
-57.0609,-67.3268,10.0,4.4,28,144.0,2.141,0.76,us,10.26,1.943,0.118,22
-7.6539,147.3831,105.648,4.1,40,125.0,1.754,0.7,us,7.06,7.978,0.103,27
38.2506,142.1285,47.522,4.4,24,144.0,2.666,1.01,us,8.8,9.316,0.219,8
50.3851,158.1232,24.934,4.6,60,132.0,2.662,0.6,us,11.37,5.91,0.076,51
52.3385,159.7178,35.0,4.3,42,134.0,0.945,0.98,us,11.3,1.945,0.098,29
-15.1851,-174.8226,274.419,4.2,17,84.0,3.206,0.74,us,12.58,7.938,0.167,10
-1.5529,-77.7537,181.434,4.1,40,63.0,0.277,0.65,us,8.87,4.766,0.105,25
39.4433,26.0125,10.0,4.4,23,69.0,0.786,0.67,us,5.71,1.933,0.178,9
21.7329,95.7478,10.0,4.0,37,108.0,4.431,0.53,us,10.47,1.917,0.106,24
-18.9602,-69.4287,116.834,4.4,40,103.0,0.739,1.03,us,5.57,3.922,0.105,28
33.6298,140.5591,57.142,4.5,62,114.0,0.808,0.74,us,7.34,5.828,0.081,45
52.7983,160.5959,10.0,4.7,56,119.0,1.2,0.69,us,5.98,1.763,0.06,83
41.4264,19.5807,10.0,4.4,49,56.0,0.227,1.24,us,4.51,1.896,0.101,28
51.8158,178.4332,111.145,4.0,40,155.0,0.164,0.75,us,3.83,5.787,0.126,18
-21.5986,-68.3806,145.16,4.4,37,87.0,0.825,0.75,us,6.27,6.361,0.117,21
31.9999,97.2145,10.0,4.4,55,104.0,5.712,0.85,us,7.2,1.912,0.077,48
43.5849,-127.4161,10.0,3.9,70,188.0,2.449,1.03,us,8.68,1.992,0.297,3
-10.7886,162.3617,108.137,4.6,24,113.0,2.729,1.05,us,10.76,7.528,0.132,17
49.6388,92.7261,10.0,4.3,25,111.0,5.655,0.79,us,8.38,1.885,0.133,16
39.0891,21.9981,12.72,4.3,55,61.0,0.272,0.82,us,4.74,4.893,0.116,21
3.9623,97.3735,9.98,4.2,25,195.0,1.328,0.59,us,9.18,5.458,0.142,16
-10.7356,41.3686,10.0,4.4,36,52.0,4.308,0.47,us,8.93,1.878,0.108,25
-31.4822,-178.1921,35.0,4.5,13,166.0,2.241,0.32,us,14.46,1.934,0.181,10
18.7959,145.561,227.288,4.3,57,97.0,3.542,1.04,us,9.47,8.604,0.077,48
-19.5181,-173.0066,10.0,4.5,18,161.0,2.941,0.49,us,11.43,1.931,0.14,18
-56.2953,-26.8369,76.161,5.2,32,68.0,5.871,0.65,us,11.57,6.885,0.086,44
18.9676,145.4429,248.09,4.5,130,96.0,3.721,0.76,us,10.35,7.424,0.046,140
55.175,-163.2969,189.104,3.8,46,133.0,0.827,0.74,us,5.42,7.825,0.161,10
-20.1415,66.4213,10.0,4.5,16,133.0,47.502,0.54,us,17.26,1.904,0.181,9
29.4045,129.1194,10.0,4.4,31,105.0,2.393,0.74,us,7.7,1.901,0.134,16
54.459,-159.6977,33.217,4.1,112,163.0,0.378,0.58,us,5.69,6.304,0.14,14
51.8051,160.8378,10.0,5.2,112,92.0,1.812,0.95,us,7.16,1.847,0.025,526
-30.654,-71.2748,56.106,4.6,53,78.0,0.311,0.64,us,4.95,5.684,0.107,26
-19.0071,-69.9601,80.994,4.6,34,140.0,0.729,0.43,us,3.11,6.093,0.117,22
53.3141,153.4003,486.822,4.1,11,122.0,2.593,0.55,us,22.16,16.995,0.262,4
40.3498,24.0918,10.0,4.0,23,89.0,1.251,1.19,us,5.63,1.919,0.173,9
-10.331,161.5065,84.826,4.4,22,159.0,1.774,0.7,us,12.01,6.483,0.108,25
50.6683,157.9862,29.132,5.0,218,98.0,2.394,0.51,us,9.67,4.539,0.041,193
-20.0941,-69.0459,110.96,4.2,22,64.0,0.111,0.55,us,5.66,4.453,0.167,10
50.3286,158.1706,10.0,4.3,16,135.0,2.715,0.56,us,12.71,1.909,0.138,15
6.12,94.8961,10.0,4.6,47,72.0,2.225,0.86,us,9.55,1.878,0.095,33
2.193,126.583,64.54,5.1,115,37.0,1.615,0.95,us,4.72,5.474,0.042,182
52.3338,160.1487,35.0,5.4,37,123.0,1.144,0.9,us,8.56,1.928,0.086,46
-4.0563,152.968,10.0,4.6,26,148.0,0.813,0.67,us,6.29,1.945,0.114,23
-57.7983,157.68,10.0,4.4,34,102.0,3.383,1.01,us,12.02,1.927,0.104,27
51.4578,160.565,10.0,4.1,36,135.0,1.961,0.91,us,11.56,1.912,0.107,24
-22.6175,-174.8829,10.0,5.1,71,96.0,8.163,0.49,us,11.77,1.827,0.059,95
-58.1885,-15.9097,10.0,5.1,84,56.0,12.081,0.51,us,10.7,1.369,0.066,75
48.2809,154.4416,81.201,4.1,16,135.0,5.257,0.36,us,11.78,8.017,0.233,5
35.6952,140.036,76.733,4.6,50,132.0,1.703,0.58,us,9.09,7.446,0.088,38
35.6962,136.3314,10.0,4.1,27,61.0,0.666,0.76,us,4.1,1.912,0.152,12
-43.0653,-82.4902,10.0,4.6,27,152.0,7.513,1.33,us,8.08,1.88,0.107,26
52.7739,161.1396,10.0,4.5,19,212.0,1.529,1.35,us,14.27,1.996,0.18,9
38.5812,24.1399,10.0,3.7,16,106.0,1.476,0.96,us,6.06,1.969,0.357,2
-18.0759,-178.2019,565.089,4.3,47,81.0,2.812,0.78,us,11.92,5.816,0.053,100
36.6819,70.6415,270.252,4.2,40,91.0,2.191,0.73,us,8.87,8.001,0.132,16
43.2155,146.4408,61.011,4.5,55,185.0,2.704,0.64,us,10.32,6.583,0.081,44
42.3739,-126.7325,10.0,4.3,107,159.0,1.768,0.8,us,7.41,1.932,0.07,58
52.3296,160.2624,35.0,4.4,42,122.0,1.743,0.69,us,8.93,1.914,0.101,28
53.2269,160.3241,63.623,4.5,63,157.0,1.029,0.97,us,11.03,7.011,0.071,62
-20.5563,-68.8995,94.341,4.4,29,58.0,0.477,0.88,us,5.4,5.379,0.123,19
51.3743,159.5821,10.0,4.2,22,222.0,1.748,0.53,us,8.91,1.973,0.136,15
28.4842,105.1015,10.0,4.5,55,68.0,7.544,1.22,us,9.41,1.884,0.07,60
52.4249,152.3759,540.388,4.1,27,119.0,3.305,0.7,us,13.36,9.578,0.114,21
-5.0924,102.4116,34.179,4.6,28,148.0,0.907,0.57,us,6.8,6.053,0.132,17
30.4969,140.2547,10.0,4.4,29,101.0,2.637,0.91,us,4.6,1.88,0.098,30
31.705,141.8724,10.0,4.9,105,121.0,2.238,0.66,us,8.93,1.866,0.05,126
-3.7521,146.4766,10.0,4.4,19,165.0,19.807,0.91,us,17.81,1.963,0.143,15
53.0063,159.6868,60.755,4.8,100,109.0,0.627,1.07,us,8.01,6.305,0.026,455
-6.2494,151.3713,10.0,4.5,19,196.0,2.192,1.1,us,12.86,1.972,0.163,11
54.4746,-159.6765,24.868,4.1,55,159.0,0.361,0.82,us,5.42,6.146,0.117,21
1.6371,123.0396,10.0,4.6,22,70.0,2.317,0.96,us,8.53,1.907,0.152,13
52.4938,160.524,35.0,4.4,36,134.0,1.256,0.52,us,12.6,1.939,0.098,31
10.2691,126.4581,34.022,4.9,66,111.0,3.296,0.83,us,10.98,5.635,0.067,70
-39.9168,174.391,13.09,4.2,32,74.0,0.841,0.65,us,3.69,4.961,0.2,7
-24.456,-112.0681,10.0,4.7,29,160.0,3.625,0.99,us,14.46,1.921,0.087,40
14.0829,-89.8038,10.0,4.2,34,113.0,0.181,0.85,us,7.04,1.963,0.121,19
52.5183,159.2832,78.18,4.5,43,162.0,0.636,0.77,us,11.48,7.47,0.091,35
49.7425,158.6707,10.0,4.6,97,134.0,3.285,0.73,us,5.09,1.893,0.05,119
7.3797,126.8108,67.176,4.6,45,122.0,1.26,1.07,us,9.02,7.637,0.091,36
31.8711,142.0682,10.0,4.3,22,148.0,2.273,0.44,us,4.6,1.916,0.169,10
14.0398,39.9114,10.0,4.4,22,159.0,3.797,0.49,us,12.25,1.94,0.162,11
-2.809,101.0948,75.477,5.3,116,57.0,2.413,0.76,us,8.77,5.059,0.045,163
39.5558,143.2703,10.189,4.4,41,143.0,2.091,0.75,us,6.54,4.426,0.106,26
51.8154,-167.2162,10.0,3.8,43,184.0,1.533,0.72,us,6.7,1.956,0.131,15
49.7666,157.604,10.0,4.5,41,134.0,3.326,0.42,us,11.75,1.895,0.093,34
51.6042,159.9212,10.0,4.0,15,127.0,1.622,0.72,us,8.57,1.89,0.164,10
52.2803,160.8851,10.0,4.4,27,188.0,1.552,0.89,us,11.85,1.977,0.13,17
52.6337,160.3406,47.972,4.2,19,164.0,1.098,0.67,us,11.44,9.916,0.159,12
-13.5312,166.8539,204.077,4.4,17,266.0,1.934,0.79,us,11.15,6.952,0.169,12
-22.7921,-65.999,264.991,4.4,63,41.0,2.017,0.77,us,8.46,7.366,0.081,44
9.9192,-70.6755,10.0,4.9,61,95.0,1.03,1.11,us,7.28,1.871,0.075,55
-7.3832,123.8029,559.942,4.1,34,64.0,2.401,0.83,us,11.38,7.259,0.15,13
52.9211,160.9548,10.0,4.2,28,188.0,1.398,0.65,us,11.32,1.979,0.106,25
43.4997,147.4291,35.0,4.4,38,184.0,3.478,0.92,us,14.28,1.99,0.09,35
-59.9755,-61.6371,10.0,5.0,23,124.0,4.945,1.11,us,10.09,1.904,0.129,19
54.5047,-159.8347,33.397,4.4,59,161.0,0.357,0.82,us,5.05,5.076,0.106,26
-57.2637,-66.5438,10.0,4.5,18,129.0,2.415,0.73,us,13.66,1.952,0.144,14
-13.5367,167.5465,10.0,4.5,26,134.0,1.928,1.17,us,9.79,1.898,0.118,21
51.6411,159.5849,38.818,4.6,83,127.0,1.499,1.19,us,9.41,7.234,0.051,116
-5.6401,152.468,10.0,4.3,22,167.0,1.471,0.73,us,6.54,1.952,0.133,16
-52.8105,21.813,10.0,4.4,19,113.0,20.431,0.37,us,12.75,1.903,0.126,18
-57.8606,-25.0114,31.894,4.4,28,80.0,7.353,0.89,us,13.98,5.581,0.117,21
23.403,94.2596,10.0,5.3,107,54.0,2.27,1.1,us,6.97,1.766,0.04,208
43.7031,147.7791,35.0,4.4,40,137.0,3.77,0.69,us,11.02,1.947,0.088,37
26.1022,128.4489,10.0,4.5,26,89.0,0.748,0.61,us,4.2,1.834,0.128,18
39.2114,28.1052,10.0,4.3,31,57.0,0.943,1.02,us,3.01,1.793,0.238,5
7.0621,126.8812,66.09,4.5,35,112.0,1.292,1.13,us,8.9,8.155,0.094,33
51.5513,-176.2425,33.859,3.5,23,222.0,0.327,1.14,us,4.72,8.111,0.202,6
-23.1647,-68.6869,101.551,4.1,16,107.0,0.514,0.68,us,5.51,5.52,0.197,7
54.6479,-160.2117,23.48,4.2,76,152.0,0.405,0.99,us,5.57,7.681,0.159,11
52.4486,160.7711,29.521,4.0,20,176.0,1.412,0.78,us,13.51,8.352,0.118,19
-7.1616,130.0467,68.662,4.3,37,40.0,4.751,0.72,us,8.31,6.907,0.113,22
-10.2699,161.4662,87.959,4.2,31,109.0,1.709,0.74,us,10.5,7.893,0.121,20
-2.0568,138.9706,35.0,4.2,26,78.0,0.965,0.67,us,5.49,1.918,0.121,19
-13.5898,-75.781,66.695,4.3,32,139.0,1.899,0.82,us,10.13,9.681,0.125,18
33.2997,13.8032,10.0,4.2,49,104.0,2.6,0.76,us,8.22,1.909,0.087,39
50.0183,157.3638,10.0,4.4,44,164.0,3.101,0.68,us,7.08,1.867,0.097,31
51.338,159.159,37.534,4.6,19,92.0,1.717,1.0,us,9.88,9.212,0.141,15
51.4078,159.3352,35.0,4.3,50,167.0,1.672,0.97,us,9.87,1.96,0.087,38
51.3138,159.6768,35.0,5.4,26,217.0,1.825,0.69,us,8.68,1.98,0.12,24
29.3916,104.0487,10.0,4.7,102,64.0,4.813,0.66,us,7.82,1.867,0.057,92
51.5046,160.7771,10.0,4.2,16,138.0,2.006,0.66,us,13.65,1.94,0.167,10
-3.4699,135.347,77.726,4.3,24,68.0,1.09,1.2,us,7.67,6.336,0.132,16
-18.9716,167.4547,10.0,4.7,28,80.0,3.226,0.94,us,8.48,1.901,0.117,22
28.8809,49.8132,10.0,4.1,24,212.0,6.921,0.75,us,12.33,2.003,0.157,11
52.8181,161.0695,10.0,4.6,39,119.0,1.479,1.18,us,10.39,1.898,0.085,41
51.8821,160.0998,35.0,4.4,23,137.0,1.447,0.81,us,11.12,1.951,0.127,18
2.0506,126.7202,53.748,4.7,86,80.0,1.425,0.78,us,5.89,7.232,0.052,113
-4.9578,145.1338,76.53,4.2,35,65.0,3.653,0.56,us,8.07,8.348,0.108,24
53.2628,159.8955,61.396,4.2,23,116.0,0.788,1.16,us,10.14,7.889,0.146,13
51.2461,159.2095,10.0,4.6,17,191.0,1.813,0.27,us,8.67,1.952,0.224,8
37.2817,-24.4706,10.0,4.6,71,56.0,0.966,0.83,us,7.78,1.857,0.051,117
-7.312,128.9147,113.359,4.0,23,106.0,5.198,0.49,us,8.11,7.468,0.122,18
49.0396,155.733,57.976,4.1,23,170.0,4.258,1.07,us,13.39,10.401,0.151,14
36.9448,71.253,194.25,4.2,52,97.0,1.68,0.76,us,7.46,6.771,0.082,41
0.7107,99.4771,131.094,4.3,53,107.0,1.991,0.7,us,5.85,7.13,0.092,37
34.2726,70.6976,10.0,4.4,34,225.0,1.315,0.68,us,8.54,1.966,0.117,21
41.7831,82.422,10.0,4.5,36,87.0,2.477,1.21,us,8.74,1.699,0.115,22
-24.2496,-68.0327,112.499,4.1,25,91.0,1.299,1.06,us,7.5,3.522,0.198,7
14.683,-94.2466,10.0,4.7,143,156.0,1.993,1.15,us,6.09,1.899,0.032,301
48.9582,156.4981,10.0,4.4,29,139.0,4.224,1.1,us,9.29,1.524,0.114,22
51.3084,159.5687,10.0,4.3,27,138.0,1.808,1.02,us,9.91,1.93,0.122,19
48.6113,157.4971,10.0,4.4,35,136.0,4.478,0.61,us,10.97,1.905,0.101,28
49.3239,82.3489,10.0,5.2,199,37.0,2.507,0.61,us,6.75,1.835,0.042,188
-3.1047,139.1156,63.391,4.1,26,103.0,0.998,0.96,us,5.29,5.733,0.131,16
51.7587,-166.8579,10.0,3.7,29,193.0,1.725,0.46,us,6.83,1.965,0.11,21
51.5301,160.3694,10.0,4.9,48,182.0,2.277,0.76,us,9.38,1.941,0.061,84
37.0238,72.7686,79.311,4.4,40,107.0,1.306,0.47,us,8.52,7.892,0.093,33
-6.3904,154.8914,87.791,5.1,150,57.0,3.486,0.63,us,8.31,6.756,0.038,219
-6.0597,148.6128,63.222,4.1,14,140.0,3.622,0.86,us,11.67,9.404,0.158,11
-13.2903,167.002,206.545,4.4,27,146.0,2.153,1.06,us,14.48,6.581,0.108,25
39.4129,68.9418,10.0,4.3,23,138.0,0.774,0.6,us,3.29,1.842,0.202,7
29.7467,142.159,10.0,4.4,45,129.0,2.641,0.74,us,6.54,1.72,0.096,31
3.9851,125.0875,8.304,4.5,20,116.0,0.839,0.51,us,6.59,3.78,0.163,11
-5.932,128.0331,387.735,4.3,53,33.0,2.331,1.03,us,8.16,2.773,0.104,26
-1.1938,99.9771,75.629,4.6,25,132.0,3.453,0.8,us,9.51,7.5,0.193,13
-19.6435,169.0822,127.736,5.0,47,123.0,3.326,0.61,us,10.62,7.49,0.042,179
14.6936,-94.5322,10.0,4.7,41,194.0,1.859,1.35,us,6.22,1.978,0.102,29
37.3275,142.1178,31.374,4.3,39,146.0,3.228,1.04,us,8.16,6.43,0.116,21
8.2613,127.4213,10.0,4.9,132,42.0,2.176,0.66,us,7.11,1.639,0.045,153
-9.4005,124.2246,42.886,4.2,16,77.0,0.355,1.13,us,9.16,2.507,0.152,12
49.9576,157.2624,10.0,4.3,48,166.0,3.167,0.6,us,12.09,1.95,0.078,47
33.0193,88.3561,10.0,5.0,81,84.0,4.068,0.84,us,4.94,1.786,0.053,112
-19.2339,-177.465,572.491,4.2,21,170.0,4.074,0.64,us,17.07,8.587,0.125,18
-47.2472,97.1715,10.0,4.4,13,108.0,18.027,0.28,us,14.74,1.955,0.17,10
26.6107,142.0317,42.683,4.1,23,161.0,0.502,0.54,us,11.46,9.338,0.139,14
-7.1603,129.3383,144.716,4.2,15,123.0,5.114,1.27,us,11.71,22.604,0.305,3
12.387,126.0699,10.0,4.4,31,119.0,22.07,0.83,us,14.01,1.912,0.103,27
16.4815,-59.454,10.0,4.6,31,188.0,1.547,0.77,us,8.01,1.949,0.146,14
-19.6284,-177.6558,420.039,4.0,25,98.0,4.222,0.81,us,17.83,16.226,0.122,18
-29.3889,-179.0368,341.612,4.9,187,41.0,0.978,0.73,us,9.13,3.772,0.032,301
51.2096,157.753,75.999,4.2,39,123.0,1.899,0.82,us,10.45,8.125,0.108,24
50.157,158.5795,10.0,4.6,40,136.0,2.871,0.61,us,10.39,1.903,0.095,33
43.1152,149.0145,10.0,4.2,16,156.0,4.464,0.54,us,13.4,1.878,0.167,10
-16.3231,-174.1109,119.116,4.7,56,54.0,3.289,0.77,us,10.32,7.059,0.071,61
51.3784,160.8103,10.0,4.2,36,128.0,2.117,0.57,us,8.17,1.801,0.118,20
-22.9061,-66.7678,213.249,4.2,20,113.0,1.302,1.06,us,10.3,8.258,0.159,11
13.162,126.5517,10.0,4.3,22,155.0,9.704,0.92,us,13.38,1.941,0.129,17
-34.2117,178.947,237.13,4.9,38,111.0,3.384,1.11,us,9.91,8.436,0.083,45
-27.416,-177.087,74.662,4.4,22,141.0,1.967,1.12,us,12.57,6.86,0.11,24
31.2753,131.465,52.787,4.3,19,233.0,0.897,0.72,us,9.07,11.117,0.142,14
30.0948,-135.9731,10.0,4.3,199,57.0,13.167,0.93,us,11.21,1.833,0.033,263
39.1954,28.2157,10.0,4.8,52,37.0,1.027,0.6,us,4.11,1.889,0.114,24
52.482,161.5163,10.0,4.4,55,163.0,1.825,0.74,us,11.18,1.952,0.081,44
14.6744,-93.3167,35.0,4.7,77,140.0,1.962,0.74,us,7.22,1.941,0.051,118
7.0145,126.7102,67.847,5.6,237,44.0,1.124,0.67,us,7.29,4.943,0.044,184
9.0158,126.4141,55.135,4.5,37,119.0,2.103,0.95,us,11.1,9.156,0.108,25
-21.4699,-176.2922,110.0,4.7,39,110.0,6.431,0.96,us,13.48,7.821,0.073,56
-9.4965,-74.8584,10.0,5.1,61,101.0,3.151,0.55,us,9.15,1.806,0.033,298
18.9243,145.5233,174.649,4.5,52,100.0,3.672,0.67,us,12.55,8.127,0.077,49
42.0569,142.3812,66.098,4.1,53,94.0,0.579,0.87,us,6.39,7.155,0.089,35
14.8034,108.2447,10.0,4.2,28,136.0,4.472,0.37,us,10.42,1.901,0.116,21
4.1814,62.7163,10.0,4.9,82,45.0,10.731,0.89,us,6.9,1.875,0.068,68
51.5214,160.248,10.0,4.4,18,220.0,1.796,0.53,us,10.07,1.966,0.169,10
-5.707,146.2903,42.073,4.2,12,143.0,3.773,0.52,us,9.53,7.212,0.16,11
-27.79,-177.6507,126.865,4.0,17,160.0,1.47,0.47,us,14.74,7.748,0.144,17
51.8525,160.3791,10.0,4.1,25,144.0,1.58,0.55,us,11.85,1.936,0.135,15
48.964,156.0534,43.397,5.0,82,129.0,4.278,0.65,us,9.76,7.052,0.063,80
-1.6795,120.842,13.442,4.5,25,64.0,0.913,1.12,us,3.8,5.008,0.163,13
-21.0992,-68.4202,118.003,4.2,13,83.0,0.998,0.72,us,6.88,9.569,0.176,9
51.0631,158.8749,35.0,5.2,192,90.0,1.968,0.72,us,8.53,1.83,0.041,192
-20.3768,-67.9493,156.159,4.1,21,76.0,1.154,0.91,us,7.17,9.154,0.214,6
-2.421,139.0541,41.582,4.4,28,75.0,1.023,1.17,us,6.26,5.012,0.109,24
54.5397,-159.8952,37.57,3.4,75,186.0,0.342,0.91,us,7.28,15.62,0.245,4
52.1821,160.8102,10.0,4.2,12,155.0,1.564,1.25,us,6.9,1.878,0.215,6
-17.7094,-178.6979,569.031,4.2,30,118.0,2.217,0.87,us,14.72,9.208,0.059,80
-20.7248,-68.9776,100.041,4.1,18,87.0,0.572,0.62,us,4.23,5.79,0.174,9
6.3868,126.5214,10.0,4.3,22,105.0,1.156,1.2,us,7.03,1.914,0.129,17
-59.0011,-25.6684,72.555,5.0,46,69.0,7.607,0.55,us,7.35,5.564,0.065,78
15.8388,-96.2319,33.717,4.7,57,149.0,2.818,0.9,us,9.06,5.658,0.028,373
-24.1555,-66.7645,192.182,4.2,19,92.0,2.759,0.9,us,11.33,11.981,0.152,12
52.5886,160.8802,10.0,4.1,25,150.0,1.422,0.84,us,9.46,1.938,0.146,13
50.2045,157.9498,40.542,4.3,30,132.0,2.856,0.63,us,5.71,7.357,0.111,23
13.7956,144.6687,156.309,4.2,17,99.0,0.282,0.73,us,14.81,6.201,0.16,11
1.7192,126.4493,48.937,4.8,55,90.0,3.146,0.62,us,7.78,7.773,0.054,108
52.1847,160.2739,33.969,4.9,121,123.0,1.299,0.59,us,8.59,5.411,0.052,117
-3.0622,146.7914,10.0,4.4,27,73.0,1.164,0.61,us,5.75,1.891,0.123,19
-22.7672,169.973,10.0,4.7,31,126.0,2.338,0.81,us,8.45,1.831,0.126,19
1.453,126.4287,52.071,4.3,27,98.0,3.393,0.74,us,9.35,8.298,0.138,17
51.8472,159.4575,59.483,5.0,84,133.0,1.278,0.52,us,10.03,7.087,0.053,115
6.7096,-72.9637,169.66,4.4,40,125.0,2.292,0.56,us,11.75,8.718,0.095,35
52.0184,158.7075,63.28,4.2,18,123.0,1.007,0.74,us,11.29,4.098,0.128,17
21.8819,142.9768,267.036,4.0,31,130.0,5.24,0.56,us,11.98,8.682,0.113,22
39.216,143.4481,10.0,5.0,64,135.0,2.413,0.98,us,6.93,1.849,0.081,49
51.8805,161.7876,10.0,4.2,48,135.0,2.235,0.41,us,5.39,1.919,0.089,35
51.8159,160.1211,29.241,4.9,48,119.0,1.508,1.11,us,10.31,6.107,0.051,123
27.9898,50.4539,10.0,4.1,13,195.0,5.979,1.1,us,9.75,2.004,0.262,4
40.8805,143.1576,42.571,4.4,35,142.0,1.133,0.49,us,6.96,7.792,0.11,24
-22.581,171.0902,62.341,4.6,25,118.0,3.367,1.2,us,12.49,9.128,0.114,23
52.2207,160.4644,10.0,4.8,93,118.0,1.367,0.96,us,8.89,1.725,0.049,131
-7.5435,128.2641,152.143,4.3,24,95.0,4.522,1.34,us,9.33,10.377,0.168,10
14.8255,54.9805,10.0,4.2,25,172.0,10.133,1.28,us,15.4,1.964,0.128,17
52.4339,160.2523,37.376,4.9,98,133.0,1.139,0.94,us,9.99,6.857,0.04,194
-24.1879,-66.7496,182.238,5.0,75,48.0,1.798,1.11,us,8.94,6.031,0.022,663
37.404,19.7513,10.0,4.3,29,143.0,1.748,1.1,us,6.18,1.942,0.188,8
22.2315,143.6738,131.816,4.5,65,74.0,5.028,0.62,us,11.16,7.35,0.072,57
-6.7507,130.0274,122.601,4.3,48,76.0,2.217,0.72,us,9.33,2.596,0.091,37
-4.6036,104.5146,170.303,4.6,115,33.0,0.554,1.05,us,7.35,4.422,0.057,91
18.2311,146.1409,171.084,4.1,18,122.0,2.993,1.18,us,15.23,7.901,0.165,10
50.9933,158.249,35.0,4.5,26,137.0,2.048,0.67,us,14.27,1.934,0.067,66
50.9031,157.4111,44.347,4.3,31,129.0,2.216,0.62,us,7.32,8.429,0.108,24
53.1945,160.9439,35.0,4.1,40,134.0,1.393,0.98,us,11.9,1.946,0.102,26
50.9849,158.6593,35.0,5.4,61,81.0,2.042,0.57,us,6.5,1.634,0.092,40
14.0159,145.3686,109.345,4.3,13,110.0,0.645,0.31,us,9.65,9.276,0.188,8
53.1518,160.3792,56.993,4.2,26,162.0,1.051,1.17,us,13.72,10.608,0.131,16
14.4811,144.1856,10.0,4.5,37,79.0,1.107,0.46,us,6.21,1.89,0.106,26
9.149,93.9022,10.0,4.3,25,120.0,4.929,0.81,us,10.31,1.913,0.168,10
2.1725,127.7313,186.847,4.2,36,100.0,3.394,0.83,us,9.61,8.636,0.115,22
36.6326,67.8986,10.0,4.3,81,96.0,2.254,0.84,us,4.6,1.888,0.062,79
43.4164,145.9902,110.62,4.7,110,134.0,2.514,0.63,us,9.19,7.404,0.057,94
50.067,156.1445,77.136,4.9,65,135.0,3.196,0.65,us,9.47,7.863,0.075,56
51.156,159.7907,10.0,4.4,35,129.0,1.998,0.54,us,9.82,1.912,0.108,25
51.1324,159.1921,29.392,4.4,64,125.0,1.923,0.64,us,9.12,5.696,0.081,44
36.3665,71.0806,115.516,4.1,38,166.0,2.242,1.1,us,8.39,11.704,0.145,13
-60.6025,-25.8034,10.0,4.3,17,111.0,8.554,1.18,us,15.66,1.97,0.138,15
-28.0423,-66.8839,172.204,4.2,22,159.0,3.152,0.6,us,8.67,10.772,0.2,7
9.4361,94.1008,10.0,4.3,22,177.0,5.497,0.63,us,12.43,1.814,0.138,15
-20.68,-178.7574,607.093,4.2,25,134.0,4.196,0.46,us,14.66,8.616,0.118,20
-20.5498,-177.7108,533.717,4.2,32,151.0,4.88,0.85,us,14.67,10.288,0.106,25
-33.5996,-178.5892,15.196,5.2,70,112.0,4.693,0.89,us,10.76,4.337,0.075,61
-0.3096,131.9054,10.0,4.6,33,90.0,0.848,0.61,us,5.39,0.62,0.114,23
49.7576,157.3809,17.955,4.4,66,134.0,3.361,0.55,us,9.69,4.782,0.077,49
7.3415,127.3826,10.0,4.5,20,135.0,1.81,0.91,us,9.35,1.878,0.128,18
19.71,145.0356,192.863,4.2,29,136.0,4.502,0.41,us,11.96,7.428,0.121,19
51.8209,161.125,10.0,4.4,29,136.0,1.936,0.74,us,10.66,1.922,0.134,16
-12.8599,167.3238,10.0,4.7,27,157.0,2.574,0.49,us,13.2,1.947,0.117,24
14.3331,145.6178,108.467,4.3,19,91.0,0.911,0.95,us,7.62,7.148,0.153,12
52.0431,160.2987,10.0,4.5,30,137.0,1.406,1.16,us,11.06,1.903,0.121,20
52.2192,159.9407,35.0,4.6,84,118.0,1.126,1.14,us,9.81,1.95,0.058,88
-14.6336,-176.063,314.955,4.2,31,128.0,4.767,0.53,us,14.66,6.845,0.1,28
51.8474,160.5503,10.0,4.5,13,218.0,1.655,0.56,us,7.78,1.982,0.313,4
49.0112,156.1091,25.765,4.9,108,135.0,4.223,0.68,us,11.17,5.665,0.059,89
40.8514,142.7404,44.206,4.9,68,127.0,1.204,1.11,us,6.74,7.483,0.062,82
52.8444,160.797,10.0,4.1,18,137.0,1.312,1.21,us,8.32,1.935,0.198,8
9.3263,93.9061,10.0,4.9,47,149.0,5.066,0.37,us,11.52,1.912,0.092,37
52.8834,160.4775,10.0,4.2,29,162.0,1.115,0.78,us,12.11,1.903,0.124,18
50.3595,159.4427,10.0,4.6,54,126.0,2.713,0.6,us,9.09,1.884,0.038,207
52.6491,161.1977,20.044,4.1,37,151.0,1.59,1.05,us,7.9,6.653,0.114,24
10.0457,125.8534,87.356,4.7,60,114.0,2.969,0.68,us,10.6,7.251,0.054,104
9.8027,-70.6325,13.602,4.4,12,140.0,0.913,0.6,us,6.72,4.948,0.269,4
73.3425,6.6241,10.0,4.3,31,65.0,5.413,1.02,us,8.6,1.93,0.138,16
50.9219,157.9667,40.798,4.3,91,98.0,2.147,0.61,us,8.41,4.416,0.061,76
54.7858,160.1692,10.0,4.2,33,109.0,1.982,0.41,us,12.18,1.936,0.075,50
-22.5584,-179.82,577.059,4.3,28,121.0,5.189,0.62,us,14.81,10.035,0.113,22
51.2401,-178.0482,30.987,3.8,42,202.0,0.524,0.81,us,4.03,7.668,0.098,27
51.6158,160.3107,10.0,4.5,31,160.0,1.74,0.96,us,10.13,1.96,0.119,21
6.9417,127.0141,33.488,4.3,23,74.0,1.43,0.78,us,7.84,5.518,0.143,14
51.4208,159.4621,34.596,4.5,26,180.0,1.681,0.78,us,12.43,6.786,0.127,19
36.3495,75.9757,10.0,4.3,24,210.0,3.403,1.26,us,11.58,1.98,0.129,17
-18.0233,-177.7486,626.135,4.3,41,117.0,3.153,0.82,us,15.92,9.681,0.097,30
51.6416,-176.4803,58.164,3.7,33,198.0,0.225,0.4,us,4.87,8.395,0.178,8
19.102,145.697,145.203,4.1,28,141.0,3.841,0.4,us,9.76,9.129,0.106,24
36.3735,69.8365,147.658,4.1,38,154.0,1.941,1.23,us,6.93,9.241,0.127,17
51.389,157.9912,68.062,4.2,38,131.0,1.686,0.73,us,10.54,8.544,0.102,27
45.3712,149.0886,116.134,4.2,40,133.0,4.674,0.48,us,10.9,8.288,0.103,26
-28.6186,-70.2984,102.684,4.3,25,78.0,0.527,0.54,us,4.55,6.304,0.161,11
67.6893,143.0535,10.0,4.4,41,113.0,6.324,0.47,us,11.2,1.924,0.098,30
9.4548,93.9818,10.0,4.5,59,70.0,5.126,0.83,us,9.0,1.884,0.079,47
39.1673,142.4458,42.848,4.5,38,135.0,1.937,0.81,us,8.44,7.304,0.121,20
53.8745,-163.1818,35.206,3.9,93,158.0,0.839,0.63,us,4.4,8.432,0.096,29
50.1735,88.1714,10.0,4.2,20,135.0,3.483,0.68,us,9.24,1.935,0.141,14
51.8234,160.0484,28.589,4.4,33,125.0,1.476,0.62,us,10.11,5.956,0.107,25
30.5605,141.6086,10.0,4.6,46,119.0,2.97,0.73,us,9.75,1.886,0.098,32
-28.8005,-71.5526,32.86,4.4,28,173.0,0.728,0.63,us,4.38,6.355,0.267,4
51.8908,160.0848,10.0,4.7,14,222.0,1.434,0.7,us,13.92,1.977,0.159,16
52.7348,-168.3029,35.0,4.4,30,198.0,0.411,0.69,us,4.26,1.93,0.269,4
39.3799,143.5504,10.0,4.5,34,143.0,2.37,0.77,us,8.0,1.905,0.115,22
52.9588,160.564,46.047,4.2,35,135.0,1.159,0.51,us,10.81,7.718,0.11,23
2.8493,-101.4716,10.0,4.4,46,207.0,10.998,0.56,us,12.52,1.957,0.085,40
-18.235,-178.0515,585.429,4.2,42,133.0,3.019,0.65,us,11.67,8.852,0.099,28
-7.1723,129.3087,151.324,4.3,29,72.0,2.698,0.53,us,9.78,8.576,0.122,19
39.6047,82.9153,10.0,4.5,32,65.0,3.243,0.89,us,10.89,1.895,0.125,19
50.6327,158.4899,10.0,4.3,29,127.0,2.396,0.87,us,8.56,1.876,0.133,16
51.4551,159.0953,35.865,4.7,34,124.0,1.594,1.04,us,10.08,7.847,0.102,29
52.4699,160.4484,10.0,4.4,29,162.0,1.226,0.91,us,9.61,1.97,0.12,20
52.299,160.5772,10.0,4.9,128,117.0,1.38,1.11,us,8.16,1.871,0.038,249
52.1048,159.692,35.0,6.2,113,36.0,1.119,0.97,us,6.67,0.871,0.023,749
51.4204,158.1481,58.493,4.4,22,119.0,1.635,0.62,us,12.44,4.738,0.155,12
-16.6568,175.7747,10.0,4.4,23,100.0,2.431,0.82,us,11.99,1.911,0.131,19
-32.6793,-178.4099,10.0,4.5,13,171.0,3.432,0.6,us,12.4,1.788,0.171,10
52.501,160.244,33.703,4.4,57,175.0,1.101,0.5,us,11.3,7.772,0.046,136
49.8427,158.0847,28.054,4.3,22,229.0,3.205,0.42,us,15.8,5.529,0.147,13
-20.2605,-178.0524,576.408,4.4,62,123.0,4.454,0.62,us,15.82,9.247,0.068,63
-21.0976,-179.1914,622.15,4.6,41,122.0,4.229,0.55,us,6.79,8.59,0.084,42
-8.9108,124.0705,106.559,4.4,19,134.0,0.861,0.71,us,7.32,7.173,0.134,16
-8.2789,107.265,35.0,4.5,33,91.0,0.896,0.96,us,3.84,1.881,0.118,21
-30.0437,-177.8004,35.812,4.4,16,187.0,0.786,0.45,us,8.29,16.977,0.149,15
-18.2836,-63.0463,10.0,4.0,12,128.0,1.018,0.55,us,5.66,1.976,0.259,4
50.4277,158.8244,10.0,5.1,99,125.0,2.602,0.74,us,8.09,1.873,0.028,413
7.6113,-73.956,102.374,4.3,37,88.0,2.772,0.64,us,8.13,10.137,0.104,26
58.9715,-31.6029,10.0,4.4,13,181.0,7.554,0.34,us,11.72,1.901,0.178,9
-16.3723,-71.208,134.686,4.8,93,134.0,2.049,0.65,us,9.27,7.388,0.03,339
36.9786,71.2215,126.644,4.3,22,200.0,1.667,0.63,us,8.14,11.206,0.216,6
54.6313,161.5996,55.4,4.2,31,105.0,2.377,0.74,us,10.84,8.062,0.091,33
52.7393,160.2365,35.0,4.0,19,174.0,1.003,0.67,us,5.44,1.98,0.15,12
-12.4359,167.0004,233.458,4.2,51,128.0,3.0,0.66,us,13.6,7.738,0.079,45
33.4962,71.9641,10.0,4.3,27,99.0,4.825,0.91,us,5.12,1.919,0.133,17
9.3312,94.0146,14.446,4.5,48,64.0,5.568,0.89,us,10.38,4.525,0.09,36
7.3684,126.6791,70.245,4.9,89,112.0,1.131,0.67,us,9.59,7.476,0.059,90
-57.5946,157.9058,38.39,4.5,25,100.0,3.158,0.85,us,11.18,8.813,0.128,18
52.0239,160.7574,10.0,4.0,14,170.0,1.631,0.87,us,8.64,1.967,0.156,12
8.0552,126.9205,49.894,4.5,34,152.0,1.651,0.7,us,10.73,7.142,0.1,29
-23.5484,179.9739,525.631,4.2,56,113.0,6.048,0.66,us,10.76,10.384,0.074,51
51.7989,158.6047,63.105,4.1,31,133.0,1.227,0.62,us,7.22,10.031,0.107,24
48.7197,156.0922,10.0,4.4,18,216.0,4.51,1.0,us,14.76,1.995,0.189,9
51.2831,159.1547,35.801,4.7,92,124.0,1.771,0.56,us,7.82,6.984,0.063,76
11.6461,-86.4167,87.746,4.5,68,136.0,1.199,0.81,us,8.14,8.288,0.071,57
49.8529,155.9457,80.41,4.1,28,138.0,3.439,0.54,us,12.59,8.736,0.123,18
-28.9215,-67.7263,134.202,4.1,23,94.0,2.317,0.65,us,7.16,5.389,0.234,5
14.7633,-92.4118,66.774,4.4,35,135.0,0.852,0.5,us,5.62,7.714,0.138,15
-18.7664,-177.679,620.02,4.3,17,236.0,3.619,0.33,us,27.25,26.394,0.148,13
14.4103,147.169,10.0,4.4,17,160.0,1.564,0.78,us,3.73,1.94,0.17,11
54.5532,-160.1187,35.0,4.0,58,162.0,0.415,0.8,us,2.56,1.93,0.108,25
23.7537,122.5237,10.0,4.8,85,74.0,0.838,0.74,us,1.94,1.842,0.05,123
3.1772,-31.4065,10.0,4.8,57,90.0,24.848,0.89,us,7.59,1.86,0.058,92
-22.9693,170.5406,10.0,4.3,21,112.0,2.877,0.82,us,8.99,1.942,0.154,15
-54.4615,-55.5637,10.0,4.3,14,136.0,7.011,0.99,us,13.34,1.958,0.154,12
53.3174,-160.1316,10.0,3.6,9,176.0,2.443,0.52,us,6.11,1.871,0.353,2
-5.3111,152.3367,43.703,4.5,54,93.0,1.045,0.92,us,7.17,7.5,0.084,45
-22.7353,-68.5873,123.317,4.4,20,70.0,0.434,0.62,us,5.17,4.211,0.143,14
52.1927,159.1702,47.059,4.3,19,159.0,0.89,0.43,us,12.14,9.009,0.133,16
17.7236,-61.5323,35.0,4.3,37,108.0,0.247,0.45,us,5.68,1.935,0.161,11
51.4984,159.2461,35.0,5.2,55,124.0,1.571,0.7,us,9.49,1.935,0.086,45
51.0253,159.5001,10.0,4.3,14,229.0,2.069,0.42,us,9.82,1.975,0.188,10
52.8545,161.1417,10.0,5.4,105,119.0,1.517,1.2,us,7.66,1.839,0.027,464
-7.2685,114.1349,10.0,4.4,32,45.0,1.194,0.82,us,4.35,1.882,0.131,19
-19.6551,-178.23,563.264,4.1,13,230.0,3.898,0.98,us,29.6,28.019,0.166,10
50.7446,157.1493,50.573,5.2,124,129.0,2.392,0.57,us,9.3,6.398,0.057,102
-19.6384,-177.7592,585.953,4.2,89,122.0,4.164,1.01,us,14.71,8.249,0.059,80
58.6208,-30.981,10.0,4.6,22,179.0,7.663,0.68,us,11.65,1.965,0.147,14
51.8763,152.8394,413.902,4.3,87,121.0,3.216,0.68,us,11.64,7.985,0.036,217
-15.4825,-174.7845,155.759,4.6,26,68.0,3.299,0.3,us,13.12,7.978,0.137,16
51.8128,159.6095,35.0,4.2,23,131.0,1.347,0.73,us,11.69,1.946,0.132,16
-5.6183,147.2206,146.48,4.4,24,106.0,3.762,0.69,us,9.87,7.569,0.135,16
34.0687,-5.5488,10.0,4.1,19,125.0,1.373,0.8,us,7.46,1.936,0.131,16
50.2564,157.1007,39.866,4.3,38,164.0,2.88,0.75,us,10.34,9.233,0.082,48
50.3065,156.5865,66.9,5.6,75,71.0,2.89,0.76,us,9.87,5.236,0.021,765
-46.031,-16.2286,10.0,5.0,65,70.0,15.345,0.55,us,11.22,1.837,0.076,56
-0.8623,134.0695,26.063,4.4,39,72.0,0.653,0.55,us,5.65,5.23,0.095,35
14.1216,147.171,10.0,4.4,30,96.0,1.733,1.08,us,7.86,1.921,0.126,21
-11.5794,116.6017,10.0,4.3,33,98.0,2.969,0.86,us,6.65,1.746,0.109,24
-38.5158,175.6405,204.275,4.0,30,60.0,0.527,1.21,us,6.11,5.176,0.149,12
61.0366,-60.3505,10.0,4.2,25,115.0,4.682,1.32,us,8.43,1.949,0.124,18
52.5766,160.7138,38.894,4.3,21,149.0,1.331,0.58,us,11.31,9.93,0.133,16
49.8591,159.5088,10.0,4.2,37,136.0,3.214,0.54,us,8.27,1.849,0.11,23
52.1576,160.2437,10.0,4.5,49,144.0,1.303,0.61,us,10.98,1.916,0.077,49
23.7674,120.9029,28.892,4.5,55,53.0,0.051,0.63,us,3.98,1.54,0.095,32
18.8324,39.0784,10.0,4.1,26,202.0,6.626,0.86,us,15.95,2.004,0.12,19
54.6143,-159.0877,27.123,4.1,60,154.0,0.363,0.69,us,5.3,6.426,0.165,11
3.0847,-31.4127,10.0,4.6,22,86.0,20.227,0.74,us,13.45,1.898,0.128,21
49.2268,156.1364,30.659,4.9,159,75.0,4.009,0.67,us,10.49,5.35,0.046,147
-0.4948,-20.0117,10.0,4.6,25,100.0,9.131,0.73,us,7.6,1.709,0.136,16
37.9653,144.0844,10.0,4.6,48,138.0,3.664,0.59,us,9.05,1.908,0.107,26
-60.0063,-62.7255,10.0,4.5,12,150.0,4.825,1.19,us,14.83,1.959,0.163,11
13.8035,120.8927,10.0,4.4,28,104.0,14.169,1.17,us,13.54,1.925,0.123,19
-6.3575,-11.5605,10.0,4.5,25,70.0,3.188,0.93,us,11.17,1.896,0.118,22
51.1875,159.7868,10.0,4.4,27,125.0,1.968,1.38,us,8.84,1.94,0.13,19
-17.8628,-175.8737,303.998,4.1,13,244.0,4.75,0.65,us,18.77,9.571,0.185,11
52.5815,160.8164,10.0,4.6,18,121.0,1.388,0.61,us,8.48,1.82,0.207,12
41.1488,142.516,60.68,4.6,47,141.0,0.99,0.8,us,7.15,7.157,0.092,35
2.7963,-31.1245,10.0,4.4,38,84.0,9.805,1.0,us,12.82,1.894,0.092,34
-56.579,146.3353,10.0,4.2,12,180.0,20.558,0.46,us,23.07,1.994,0.16,11
20.1284,122.17,153.872,4.9,156,99.0,2.862,0.81,us,8.48,5.18,0.048,139
-32.9948,-72.8305,10.0,4.4,24,146.0,0.994,0.95,us,5.52,1.903,0.268,4
-40.6224,173.7016,124.27,4.3,39,63.0,0.642,0.69,us,4.76,6.287,0.16,11
-37.7041,178.42,35.0,4.8,37,181.0,0.168,0.77,us,8.98,1.481,0.111,26
52.5279,158.9657,67.462,4.3,53,212.0,0.532,0.65,us,9.49,6.534,0.087,38
-0.8783,-78.1101,4.899,4.2,18,87.0,0.289,0.71,us,1.58,6.31,0.198,7
52.7787,160.924,10.0,4.6,74,119.0,1.399,0.95,us,6.06,1.744,0.063,75
-5.0175,151.6224,129.352,4.4,48,150.0,0.813,0.51,us,10.54,5.416,0.088,37
39.4911,143.3098,10.0,4.6,63,142.0,2.155,0.58,us,10.16,1.918,0.068,64
-2.9272,129.4293,10.0,4.2,18,73.0,2.747,0.49,us,7.11,1.916,0.141,14
29.2506,129.5135,10.0,4.3,26,112.0,2.393,0.72,us,8.7,1.9,0.122,19
40.161,142.5495,42.412,4.3,16,135.0,1.295,0.34,us,10.84,9.413,0.161,11
30.0981,70.1192,10.0,4.7,66,100.0,4.482,0.73,us,7.3,1.884,0.085,42
-22.8243,-175.3111,10.0,4.7,23,156.0,6.813,0.35,us,11.42,1.691,0.126,19
53.2957,159.8974,73.63,4.1,22,163.0,1.336,0.71,us,15.18,11.829,0.12,19
34.8374,32.4318,10.0,4.4,28,124.0,0.749,0.68,us,4.75,1.867,0.144,14
52.3281,160.2938,17.499,5.1,142,127.0,1.761,0.75,us,9.34,4.334,0.051,126
52.0605,161.1599,10.0,4.3,26,125.0,1.811,1.04,us,10.66,1.917,0.142,15
-21.6705,-174.3301,10.0,4.5,22,162.0,8.225,1.1,us,12.38,1.695,0.124,19
50.1114,179.9086,10.0,3.9,76,149.0,1.655,0.6,us,6.64,1.924,0.07,59
-18.9305,169.4597,260.054,4.4,48,111.0,4.08,0.67,us,9.02,8.048,0.087,38
6.7996,-46.4776,10.0,4.3,14,227.0,6.359,0.91,us,13.25,1.985,0.143,14
52.2758,161.193,10.0,4.2,16,123.0,1.721,0.85,us,6.3,1.911,0.158,11
52.1365,159.2386,48.513,4.1,29,138.0,0.958,0.67,us,9.52,8.461,0.127,17
39.4944,143.4536,30.402,4.1,24,151.0,2.242,0.66,us,8.97,6.864,0.165,10
-17.952,168.0955,35.0,4.4,17,165.0,4.383,0.36,us,9.53,1.894,0.162,12
29.2824,129.3047,10.0,4.6,31,108.0,2.431,1.08,us,7.61,1.918,0.113,24
5.096,125.2731,40.915,4.3,36,116.0,0.415,0.68,us,7.11,4.22,0.109,24
51.4032,159.5752,26.928,4.2,14,128.0,1.72,1.16,us,11.08,7.352,0.216,7
50.5109,157.7844,35.0,4.7,60,131.0,2.573,0.68,us,9.27,1.924,0.038,209
52.5539,160.6447,34.626,4.4,33,122.0,1.299,0.62,us,9.25,4.234,0.115,22
-47.9879,116.6016,10.0,4.6,16,96.0,15.051,0.95,us,10.84,1.955,0.146,14
12.5899,145.3153,10.0,4.6,51,146.0,1.085,0.58,us,8.64,1.909,0.082,44
-25.2243,179.8714,514.112,4.4,40,90.0,7.632,0.91,us,9.79,8.838,0.105,27
-8.2285,-75.0877,104.348,4.1,22,108.0,4.115,0.98,us,11.15,10.95,0.151,12
4.7975,94.7268,39.583,4.6,81,65.0,2.253,0.57,us,8.64,7.009,0.071,59
23.4513,121.4769,30.693,4.1,30,93.0,0.175,1.22,us,3.65,1.792,0.185,9
51.6428,159.3522,33.276,4.6,109,87.0,1.448,0.69,us,8.57,5.52,0.051,113
-36.529,-73.0687,35.0,4.1,22,188.0,1.539,0.41,us,6.73,1.984,0.234,5
-59.3722,-61.7089,10.0,4.4,14,120.0,5.532,0.3,us,8.25,1.907,0.169,10
7.4201,126.8239,83.054,4.1,12,135.0,1.283,1.02,us,8.49,9.471,0.198,7
0.2945,-60.5105,11.668,4.0,19,63.0,6.482,0.34,us,9.1,2.756,0.164,10
5.2202,125.7988,106.609,4.3,14,165.0,0.58,0.83,us,11.71,8.559,0.188,9
53.4806,-164.8047,35.0,3.4,39,165.0,1.075,0.6,us,7.68,2.002,0.147,11
51.9383,159.4489,35.0,4.2,29,124.0,1.192,0.55,us,9.81,1.951,0.11,23
55.2446,162.0878,43.148,4.4,60,101.0,3.007,0.69,us,7.86,7.412,0.064,71
-21.2858,-173.7157,10.0,4.6,28,162.0,7.565,0.71,us,14.19,1.915,0.114,23
6.4428,126.0354,135.093,4.5,53,112.0,0.77,0.65,us,9.27,6.883,0.078,48
6.2037,126.8425,80.527,4.5,50,66.0,1.522,0.86,us,8.16,6.013,0.079,47
49.913,156.0453,69.78,4.2,67,135.0,3.362,0.57,us,11.73,7.994,0.075,49
-22.7481,-66.3292,245.534,4.3,19,137.0,1.718,0.4,us,9.75,13.36,0.188,8
10.8074,-62.9704,122.966,4.0,23,193.0,1.716,0.62,us,11.52,11.617,0.182,8
52.5439,160.992,10.0,4.2,20,203.0,1.501,1.01,us,10.47,1.856,0.167,10
11.6459,144.2293,10.0,4.3,18,167.0,2.03,0.94,us,11.01,1.955,0.148,13
23.8325,121.8625,17.152,4.5,48,66.0,0.419,0.94,us,2.85,0.883,0.075,52
52.2235,160.4049,35.0,5.0,135,118.0,1.336,0.7,us,8.74,1.909,0.034,281
53.2526,161.0474,40.583,4.3,45,134.0,1.462,0.84,us,12.14,8.077,0.083,41
51.9723,160.5938,10.0,4.5,14,148.0,1.588,0.71,us,13.18,1.958,0.156,12
83.8577,113.1236,10.0,4.9,84,68.0,12.637,0.92,us,8.99,1.869,0.037,228
47.5684,154.3117,10.0,4.5,52,136.0,5.954,0.67,us,10.44,1.903,0.088,38
35.2157,-34.7911,10.0,4.6,27,67.0,7.884,0.88,us,12.46,1.901,0.128,19
-21.0565,-68.7168,128.037,4.3,40,58.0,0.72,0.97,us,6.03,6.222,0.103,27
-54.5739,157.0698,10.0,4.5,22,88.0,1.093,1.14,us,5.95,1.767,0.119,21
-5.7989,147.903,161.579,4.2,16,188.0,3.657,0.48,us,13.7,10.08,0.186,9
51.8121,158.8733,63.989,4.6,43,130.0,1.221,0.81,us,9.73,7.587,0.08,46
52.072,-175.091,74.568,4.1,70,170.0,0.522,0.69,us,8.21,6.565,0.076,48
51.6421,160.0768,10.0,4.7,118,73.0,1.637,0.7,us,7.67,1.866,0.053,106
53.2758,160.3532,45.017,4.1,66,130.0,1.057,0.58,us,10.35,6.636,0.075,51
49.0132,158.0894,10.0,4.5,46,138.0,4.031,0.39,us,10.0,1.9,0.092,35
-21.363,-67.6842,211.606,4.3,30,60.0,1.512,0.62,us,5.89,8.642,0.142,14
50.4554,159.2215,10.0,4.2,35,133.0,2.596,0.57,us,9.53,1.918,0.11,23
-11.7076,-90.5634,10.0,4.5,19,156.0,10.965,0.6,us,9.1,1.922,0.097,31
31.1827,49.7002,10.0,4.1,28,146.0,5.046,0.85,us,11.75,1.975,0.114,21
52.7572,160.8608,29.462,4.5,38,133.0,1.366,0.56,us,13.5,6.178,0.092,35
-17.667,-178.5919,546.446,4.4,43,79.0,2.28,0.79,us,9.84,6.331,0.093,33
51.5344,159.1375,35.0,4.2,34,143.0,1.521,0.4,us,9.81,1.958,0.121,19
51.5015,177.5613,51.715,3.9,23,205.0,0.775,0.82,us,7.32,9.466,0.148,12
51.9812,160.3504,28.392,4.5,32,137.0,1.473,1.22,us,12.51,6.108,0.118,21
39.5831,39.7579,10.0,4.4,45,60.0,0.716,0.49,us,2.91,1.909,0.17,11
51.4008,-174.942,35.0,3.7,41,215.0,0.848,1.02,us,5.34,2.012,0.115,19
5.3113,94.4019,42.621,4.9,62,97.0,2.536,0.8,us,8.84,7.467,0.071,62
-5.0038,144.2892,91.934,4.3,20,75.0,4.349,1.14,us,7.42,10.056,0.132,16
-20.1246,-177.6892,503.092,4.2,15,96.0,4.674,0.37,us,15.71,8.41,0.187,11
15.1935,120.0363,65.313,4.5,33,91.0,7.647,0.92,us,5.25,8.414,0.098,31
52.6417,160.7034,35.0,4.0,13,120.0,1.303,1.0,us,8.07,1.778,0.139,14
-26.5142,67.7492,10.0,4.5,18,56.0,7.84,0.5,us,13.17,1.897,0.145,14
51.8869,161.3549,10.0,4.3,57,126.0,2.009,0.65,us,10.1,1.907,0.058,85
85.0316,95.9336,10.0,4.4,41,70.0,14.53,0.83,us,11.98,1.929,0.082,43
12.0222,-69.6299,10.0,4.5,61,99.0,3.271,1.14,us,8.36,1.89,0.08,45
47.0041,153.0548,46.818,4.6,45,135.0,7.043,1.23,us,11.41,5.91,0.051,113
51.2698,159.6813,10.0,4.5,54,137.0,1.868,0.98,us,10.75,1.909,0.083,43
18.5209,-69.6478,101.815,3.9,35,76.0,0.262,1.16,us,6.53,8.678,0.154,11
51.6714,159.5939,10.0,4.3,29,120.0,1.473,0.79,us,7.25,1.696,0.109,24
-20.3133,-178.4532,609.395,4.4,30,97.0,4.177,0.86,us,13.91,10.231,0.112,23
46.7405,151.2916,121.835,4.1,41,135.0,6.658,0.69,us,14.26,8.584,0.084,39
5.7178,61.6827,10.0,4.6,50,76.0,12.427,0.55,us,11.75,1.909,0.086,41
-23.1952,-179.7067,582.437,4.0,17,129.0,5.815,0.74,us,18.23,14.213,0.164,10
56.1704,163.5397,10.0,4.4,64,127.0,4.574,0.86,us,10.83,1.887,0.068,63
36.5373,70.3385,195.636,4.0,30,147.0,2.244,0.59,us,7.86,10.096,0.122,19
52.0187,160.6424,21.572,4.5,25,176.0,1.579,0.93,us,13.75,6.995,0.107,26
1.0561,125.534,72.012,4.6,77,64.0,0.794,0.88,us,5.7,6.28,0.055,101
36.6074,139.3644,12.413,4.6,54,111.0,0.932,0.98,us,6.26,4.455,0.079,49
-47.8744,116.028,10.0,4.4,24,128.0,14.958,0.65,us,14.57,1.801,0.123,22
51.2863,159.087,35.0,4.3,22,226.0,1.76,0.92,us,13.02,1.986,0.137,15
52.1522,160.744,26.096,4.2,12,124.0,1.547,0.62,us,10.57,6.934,0.146,17
29.3983,129.3391,10.0,4.5,37,93.0,2.313,0.64,us,8.7,1.864,0.09,39
50.259,157.0046,35.0,4.5,60,109.0,2.886,0.69,us,11.11,1.91,0.07,59
2.8177,127.1504,45.667,4.4,33,47.0,2.044,0.9,us,6.37,5.459,0.123,19
-9.2516,112.6426,66.245,4.0,17,155.0,1.682,0.97,us,9.91,10.427,0.164,11
51.5809,160.1036,10.0,4.4,18,152.0,1.698,0.71,us,10.16,1.951,0.138,15
16.345,-93.0087,192.594,4.4,46,114.0,0.84,0.83,us,6.82,6.539,0.051,111
48.6044,157.4485,10.0,4.1,25,136.0,4.49,0.75,us,5.42,1.9,0.185,11
51.9156,158.0088,85.977,4.2,38,137.0,1.177,0.83,us,10.2,7.514,0.105,25
1.1316,98.9647,102.627,4.9,123,46.0,1.552,0.52,us,7.19,6.395,0.054,108
16.5297,-59.6704,10.0,4.2,21,178.0,1.347,0.58,us,5.22,1.893,0.264,4
-52.7147,18.8986,10.0,4.5,13,134.0,20.37,0.77,us,17.7,1.931,0.164,11
9.5346,-40.5662,10.0,4.4,24,76.0,12.758,0.48,us,10.71,1.569,0.124,19
55.4542,166.3641,10.0,4.7,98,91.0,5.138,0.67,us,8.6,1.874,0.034,266
36.5488,76.8831,10.0,4.3,27,157.0,3.918,1.21,us,10.0,1.976,0.16,11
52.6349,160.2711,41.188,4.0,12,137.0,1.058,0.74,us,10.85,9.091,0.211,6
-56.2489,-24.5863,10.0,4.2,13,130.0,7.08,0.87,us,13.51,1.965,0.147,13
-20.7394,-177.7569,477.638,4.4,48,124.0,4.954,0.87,us,14.41,8.027,0.09,36
53.1014,159.7165,74.396,4.7,72,122.0,1.216,0.63,us,11.42,7.167,0.047,136
9.2728,-84.1423,45.043,4.5,79,133.0,0.485,0.58,us,7.99,8.836,0.062,77
51.4447,160.8939,10.0,4.5,40,129.0,2.098,0.72,us,9.04,1.91,0.081,44
52.7641,160.7261,10.0,4.2,25,162.0,1.284,1.02,us,10.38,1.855,0.136,15
19.8204,121.3394,41.517,4.7,80,108.0,2.992,0.85,us,7.72,7.847,0.069,64
14.1924,-91.0356,97.322,4.3,99,129.0,0.621,0.76,us,6.63,5.166,0.037,209
2.59,-31.1585,10.0,4.5,50,60.0,9.609,0.73,us,11.4,1.874,0.082,43
51.1744,159.7163,20.71,4.3,17,125.0,1.965,0.93,us,9.73,5.765,0.201,7
51.9548,160.3943,33.606,4.4,25,217.0,2.011,0.96,us,14.12,10.227,0.112,23
23.0925,143.4046,35.0,4.4,20,121.0,4.136,0.79,us,15.21,1.941,0.144,14
49.9123,89.823,10.0,4.1,41,86.0,4.098,0.91,us,5.9,1.842,0.114,21
9.2761,126.7381,35.0,4.4,37,111.0,2.474,0.37,us,13.32,1.938,0.096,31
-5.8611,110.8421,516.001,4.1,25,55.0,1.246,0.66,us,8.87,8.488,0.14,14
49.1522,155.5654,64.685,4.8,66,134.0,4.183,0.95,us,9.65,6.88,0.03,345
-5.8244,152.4463,10.0,4.6,25,155.0,1.565,0.72,us,4.92,1.917,0.136,16
0.0096,123.5546,137.497,4.3,57,76.0,3.582,1.1,us,8.54,8.563,0.089,36
-3.1196,150.4813,10.0,4.6,28,97.0,1.988,0.58,us,8.38,1.884,0.125,19
-5.571,129.3156,287.436,4.1,20,100.0,1.195,0.35,us,13.08,8.952,0.13,16
-7.1735,-13.0571,10.0,5.0,60,59.0,1.496,0.83,us,5.21,1.809,0.07,66
-23.3228,-67.9044,156.468,4.3,40,88.0,0.447,0.67,us,5.82,4.997,0.097,30
43.4229,-126.7888,10.0,3.9,85,193.0,1.476,0.94,us,7.99,1.99,0.112,21
18.7102,146.2767,207.205,4.0,32,128.0,3.482,1.37,us,13.89,8.348,0.106,24
7.41,127.2551,10.0,4.3,18,148.0,1.697,1.18,us,8.61,1.932,0.188,9
-7.6609,129.0993,87.297,4.4,25,100.0,5.21,1.05,us,9.67,8.523,0.12,20
-14.896,66.8835,10.0,4.5,34,139.0,45.783,0.5,us,16.61,1.925,0.099,30
52.6351,160.8157,10.0,4.9,77,121.0,1.37,0.85,us,8.32,1.877,0.034,274
50.8744,158.6797,10.0,4.2,39,130.0,2.152,0.63,us,6.95,1.886,0.09,34
39.2466,28.1006,10.0,4.3,42,39.0,0.946,0.84,us,3.04,1.919,0.111,23
-16.5547,-69.9025,178.966,4.3,28,123.0,1.105,0.76,us,9.67,7.52,0.129,17
52.8738,160.414,10.0,4.2,56,146.0,1.078,1.08,us,10.13,1.924,0.081,42
-20.3797,-177.6424,513.179,4.5,50,98.0,4.806,0.89,us,14.75,9.452,0.084,42
-3.4001,128.7228,52.68,4.4,43,46.0,3.553,0.81,us,5.25,8.779,0.097,31
52.2848,152.8366,453.612,4.4,97,117.0,3.071,0.49,us,10.3,7.84,0.034,253
52.5602,159.2722,50.646,4.7,228,127.0,0.598,0.78,us,8.5,6.517,0.031,307
-6.2751,129.0844,234.262,4.5,67,53.0,4.589,0.55,us,8.57,7.539,0.084,41
52.5477,160.979,10.0,4.0,22,121.0,1.493,0.86,us,9.61,1.924,0.149,14
-58.9805,-28.4878,10.0,4.0,12,119.0,6.451,1.02,us,15.06,1.947,0.157,12
43.469,147.5281,41.217,5.1,168,100.0,3.632,0.55,us,9.48,5.582,0.044,168
22.283,101.1732,10.0,4.1,22,83.0,1.775,0.93,us,10.91,1.915,0.158,12
29.7497,141.2915,121.74,4.3,21,183.0,2.759,0.54,us,12.77,9.82,0.133,16
47.7371,152.4835,138.606,4.4,53,134.0,6.324,1.02,us,10.19,7.642,0.06,79
-30.3899,-72.1556,16.765,4.4,34,142.0,0.531,0.72,us,4.39,4.955,0.19,8
50.3549,159.111,10.0,4.9,68,129.0,2.688,0.95,us,7.17,1.861,0.076,55
52.3267,160.8481,32.872,4.1,22,88.0,1.509,0.78,us,10.97,6.422,0.131,16
53.276,-160.0052,10.0,3.8,78,171.0,1.577,1.14,us,6.53,1.978,0.253,4
52.6226,160.6475,24.27,4.6,33,123.0,1.277,0.53,us,9.07,5.87,0.111,24
-20.3238,-177.6855,492.617,4.4,49,48.0,4.738,0.93,us,12.19,6.674,0.037,221
-8.0643,-75.7757,19.437,4.9,100,124.0,3.06,0.65,us,7.4,4.318,0.051,121
50.737,157.9449,48.699,4.0,54,135.0,2.331,0.38,us,12.12,7.753,0.083,39
0.4719,-79.3622,57.913,4.4,32,116.0,0.954,0.38,us,3.75,9.028,0.134,16
49.8313,156.5677,40.609,4.2,20,180.0,3.357,0.71,us,15.66,11.824,0.159,11
-4.6986,155.1313,506.83,4.2,28,92.0,3.001,0.8,us,11.38,8.181,0.106,25
49.6385,158.3545,10.0,4.1,17,138.0,3.395,0.53,us,14.04,1.943,0.166,10
36.147,36.1147,39.618,3.6,22,120.0,0.911,1.15,us,5.55,8.919,0.224,5
5.747,125.9377,162.82,4.6,90,64.0,1.106,0.93,us,7.08,6.149,0.047,134
11.9582,142.1961,35.0,5.1,163,27.0,3.07,0.5,us,8.56,1.843,0.048,140
14.0118,39.7718,10.0,4.5,64,62.0,3.883,0.72,us,9.65,1.906,0.078,48
52.6444,-174.7575,209.096,3.9,53,130.0,0.561,0.88,us,15.52,10.032,0.09,33
38.7987,142.1097,52.533,4.5,60,133.0,2.145,0.46,us,9.23,6.565,0.064,71
52.2566,160.7098,10.0,4.0,15,155.0,1.472,0.65,us,11.43,1.956,0.183,8
-16.914,-174.5186,186.623,4.4,27,63.0,3.986,0.61,us,11.14,8.435,0.12,20
50.1315,157.763,26.355,4.6,41,132.0,2.948,0.76,us,7.77,4.722,0.141,24
54.5204,-159.8354,35.0,4.4,52,151.0,1.333,0.78,us,6.25,1.949,0.075,52
49.8424,155.9951,74.82,4.5,81,132.0,3.439,0.59,us,6.08,6.8,0.052,110
39.4343,143.4837,10.0,4.5,20,179.0,2.296,1.25,us,9.31,1.953,0.172,10
-59.1535,-26.1201,35.0,4.5,16,177.0,15.687,0.78,us,9.01,1.992,0.14,16
52.915,160.6201,35.0,4.3,15,170.0,1.196,0.81,us,9.34,1.987,0.201,7
52.4521,160.737,10.0,4.6,85,122.0,1.392,0.9,us,9.0,1.884,0.043,162
16.4171,41.5819,10.0,4.2,35,109.0,5.01,0.92,us,10.41,1.925,0.1,28
-17.4204,-173.687,38.466,4.4,19,142.0,19.39,0.33,us,15.05,8.305,0.149,15
34.4366,25.4787,10.0,4.4,24,214.0,1.771,0.58,us,7.09,1.937,0.144,14
28.1665,50.0367,10.0,4.4,73,93.0,6.386,0.54,us,10.5,1.903,0.07,60
-7.5002,127.8101,165.544,4.3,26,69.0,3.618,0.68,us,10.05,9.725,0.142,16
-59.1008,-25.6874,116.763,4.6,30,104.0,7.654,0.49,us,15.24,4.9,0.122,20
-6.6972,127.835,316.959,4.4,51,67.0,2.985,0.55,us,8.84,7.966,0.096,31
11.9549,143.5187,10.0,4.4,39,78.0,2.091,0.61,us,9.44,1.9,0.103,27
-10.466,161.2937,72.158,4.7,109,99.0,1.674,0.63,us,10.72,6.742,0.053,113
17.8208,-61.5209,26.46,4.3,38,129.0,0.294,0.79,us,5.67,5.534,0.133,16
29.3409,128.9619,10.0,4.3,37,107.0,2.516,0.47,us,7.94,1.904,0.101,28
51.3262,161.0457,10.0,3.9,17,130.0,2.251,0.43,us,8.15,1.95,0.121,18
-4.6443,139.2885,10.0,4.3,25,142.0,0.641,1.12,us,4.14,1.922,0.137,15
-20.2339,-68.6438,135.641,4.2,14,94.0,0.487,0.35,us,9.07,5.386,0.187,8
-38.3677,178.6045,10.0,4.9,24,196.0,0.838,0.74,us,6.57,1.943,0.169,13
30.3092,50.2483,10.0,4.0,30,103.0,5.998,0.76,us,7.8,1.844,0.164,13
52.5356,160.6832,26.601,4.2,22,121.0,1.328,1.17,us,10.11,3.469,0.132,16
-58.0537,-25.9073,10.0,4.3,9,181.0,16.624,0.96,us,18.57,1.983,0.178,9
-32.6288,-70.0705,115.751,4.5,33,87.0,0.427,0.6,us,5.51,4.767,0.164,11
-15.9688,-75.4697,10.0,4.5,22,143.0,4.176,0.58,us,7.65,1.912,0.145,14
15.0227,146.2038,89.041,4.1,16,172.0,0.45,0.58,us,11.3,7.037,0.158,11
13.2889,-90.9944,11.649,4.5,128,88.0,1.326,0.96,us,6.99,4.389,0.038,207
30.0004,138.8563,408.142,4.1,53,80.0,3.211,0.5,us,10.12,8.414,0.066,63
51.7128,159.9186,25.934,4.5,22,126.0,1.526,0.71,us,11.27,6.167,0.121,20
51.3574,158.7471,27.701,4.2,40,132.0,1.67,0.61,us,11.44,6.704,0.1,28
-60.3182,-61.6911,10.0,4.6,20,127.0,4.604,0.74,us,11.43,1.926,0.141,15
39.5772,143.2297,10.0,5.5,96,123.0,2.054,0.85,us,7.76,1.867,0.053,122
-7.2627,129.6257,117.014,4.1,16,98.0,5.044,0.63,us,6.01,12.69,0.165,12
-23.9748,179.9515,514.354,4.4,45,112.0,5.581,0.62,us,13.29,8.284,0.092,34
52.3592,160.4874,35.0,4.3,18,135.0,1.301,1.12,us,11.56,1.906,0.178,9
52.6215,160.791,10.0,4.7,69,120.0,1.36,1.11,us,9.43,1.887,0.066,69
52.0258,-171.3369,35.0,3.6,68,190.0,1.156,0.72,us,6.93,1.993,0.064,62
52.7837,161.2096,10.0,4.5,27,157.0,1.569,1.25,us,12.5,1.947,0.094,33
51.7951,160.6424,10.0,4.6,64,166.0,2.23,1.08,us,9.17,1.928,0.058,88
-34.2051,179.3238,220.519,4.5,30,93.0,3.45,1.01,us,11.33,8.571,0.102,28
-5.4566,153.7616,35.0,4.5,26,122.0,2.029,0.46,us,10.22,1.919,0.113,23
-16.8994,-172.5286,10.0,4.6,23,166.0,3.059,0.75,us,10.29,2.274,0.122,20
27.2767,128.3977,49.94,4.4,30,84.0,0.453,0.86,us,7.88,8.304,0.117,21
-6.1749,127.4623,411.927,4.5,45,83.0,2.934,0.59,us,11.97,9.109,0.089,37
-21.4887,-68.5894,148.938,4.0,21,106.0,0.68,0.49,us,7.37,6.264,0.184,8
-24.8401,69.8313,10.0,4.9,55,82.0,7.834,0.93,us,4.47,1.87,0.084,45
49.6716,157.6478,22.252,4.2,32,135.0,3.415,1.3,us,10.62,5.868,0.113,22
43.4104,147.8847,35.0,5.0,64,118.0,3.752,0.96,us,6.01,1.885,0.08,50
29.1776,129.4011,10.0,4.5,66,56.0,2.495,0.51,us,6.84,1.895,0.08,46
32.4181,140.0522,145.105,4.7,150,105.0,0.724,0.54,us,8.07,5.604,0.036,231
59.9692,-29.7573,10.0,4.4,22,168.0,6.191,0.62,us,13.11,1.957,0.144,14
51.6882,159.3657,51.442,4.4,26,135.0,1.407,0.83,us,11.7,7.545,0.109,24
51.4095,177.1479,35.0,3.7,26,215.0,1.006,0.73,us,7.24,2.012,0.126,16
52.8593,160.6252,10.0,4.2,43,147.0,1.207,0.94,us,9.19,1.923,0.107,25
-59.1111,-25.0092,24.481,4.5,16,131.0,15.464,0.75,us,12.5,6.892,0.135,16
18.6719,145.3867,208.086,3.9,20,125.0,3.434,0.45,us,9.97,10.21,0.149,12
40.2428,24.0215,10.0,4.3,27,92.0,1.182,0.7,us,5.74,1.915,0.142,14
53.3345,159.6504,67.676,4.0,20,163.0,0.678,0.79,us,12.51,9.463,0.15,12
52.0561,160.3545,22.19,4.2,29,188.0,1.422,0.83,us,12.37,7.27,0.124,18
29.1406,141.7524,10.0,4.3,29,118.0,2.073,0.56,us,8.33,1.888,0.133,16
-16.0342,-75.5304,10.0,4.6,24,193.0,4.219,0.91,us,12.11,1.974,0.125,19
-5.3549,128.4253,321.083,4.0,37,86.0,4.516,0.87,us,7.91,8.88,0.113,21
41.4754,83.8183,10.0,4.4,32,111.0,3.704,1.01,us,6.25,1.912,0.139,15
-13.423,167.4922,10.0,4.4,33,161.0,2.031,0.81,us,9.43,1.894,0.112,23
51.7195,159.3697,35.0,4.6,84,126.0,1.378,0.47,us,9.72,1.93,0.043,164
53.3517,-163.5343,18.904,3.4,32,209.0,1.301,0.87,us,5.65,10.453,0.219,5
-17.6558,-178.7958,540.547,4.1,26,139.0,14.691,0.71,us,14.25,8.975,0.109,23
60.4467,-139.5643,5.0,4.4,46,80.0,0.491,0.85,us,2.7,1.404,0.17,10
-0.337,99.2406,69.648,4.1,21,73.0,2.33,0.87,us,8.63,6.983,0.139,14
-58.0595,-24.6223,10.0,5.2,108,39.0,7.625,0.69,us,10.26,1.778,0.06,92
-47.8535,116.5788,10.0,4.3,13,146.0,27.479,0.34,us,15.95,1.887,0.154,12
52.4796,160.6182,10.0,4.4,15,137.0,1.314,1.11,us,8.82,1.908,0.219,6
10.8677,-62.8177,164.958,4.1,37,164.0,4.17,0.89,us,6.8,10.796,0.095,30
52.9011,161.111,10.0,4.8,58,119.0,1.494,0.65,us,9.84,1.88,0.034,273
39.8297,72.8797,16.723,4.4,62,68.0,1.545,0.51,us,5.41,2.077,0.076,50
9.357,93.9629,10.0,5.0,156,19.0,2.58,0.56,us,6.47,1.739,0.05,137
53.218,161.1654,10.0,4.6,54,113.0,1.528,0.62,us,10.15,1.89,0.068,65
52.2122,160.634,16.666,4.5,75,150.0,1.457,0.81,us,9.44,5.513,0.071,58
53.1689,-35.1398,10.0,4.5,79,114.0,18.623,0.62,us,13.11,1.919,0.048,124
52.766,161.2899,10.0,4.0,13,195.0,1.62,1.18,us,12.55,2.001,0.212,6
52.3185,160.5619,24.34,4.3,32,122.0,1.362,1.06,us,11.19,6.251,0.096,31
-10.3674,161.3064,70.252,4.3,50,112.0,1.626,0.72,us,8.28,5.208,0.094,37
16.4189,-62.0859,172.223,4.3,50,75.0,0.53,0.49,us,6.37,5.49,0.084,42
-3.97,126.3719,10.0,5.0,44,45.0,3.565,0.93,us,6.93,1.881,0.098,33
-56.2848,-27.6462,8.952,4.4,18,79.0,5.436,0.8,us,11.89,3.795,0.131,17
52.4405,160.6459,10.0,4.1,34,134.0,1.347,0.52,us,11.53,1.919,0.111,22
52.1932,160.7425,10.0,4.0,19,214.0,1.523,0.65,us,12.18,1.975,0.164,10
-6.7457,129.7117,145.274,4.1,13,81.0,4.565,1.22,us,11.76,9.514,0.233,5
19.2965,145.452,172.446,4.3,52,144.0,4.046,0.52,us,14.8,10.424,0.08,44
-22.8304,-177.7355,390.205,4.1,13,166.0,6.42,0.31,us,19.46,6.731,0.12,21
51.4214,159.5896,10.0,4.8,56,128.0,1.705,0.94,us,7.36,1.88,0.086,41
-55.692,-4.1508,10.0,4.2,11,88.0,16.052,0.45,us,15.12,1.956,0.159,11
-17.904,-177.4621,640.916,3.9,18,245.0,3.343,0.77,us,25.92,21.748,0.125,17
53.104,160.9783,40.665,4.6,138,106.0,1.407,0.82,us,9.23,7.241,0.047,134
-6.1823,130.3395,167.981,4.5,47,45.0,3.759,0.8,us,6.17,7.35,0.07,60
82.025,89.1723,10.0,4.5,46,66.0,12.189,1.09,us,9.74,1.901,0.089,37
35.9579,-10.1769,10.0,4.0,14,157.0,3.497,0.98,us,7.85,1.956,0.365,2
-31.086,-179.303,261.252,4.5,20,178.0,6.756,1.11,us,8.19,10.643,0.156,13
7.1976,127.2703,10.0,4.4,27,109.0,1.683,1.17,us,8.32,1.623,0.115,22
23.7585,90.4588,10.0,4.3,31,172.0,4.842,0.81,us,12.37,1.936,0.122,19
-32.9983,-178.7082,35.0,4.6,17,168.0,3.801,1.04,us,8.69,1.964,0.152,13
19.0599,121.301,10.0,4.2,33,123.0,3.744,0.83,us,12.76,1.926,0.11,23
-21.7679,-176.6199,199.014,4.2,19,167.0,6.417,0.81,us,14.62,7.568,0.136,15
51.9725,160.1045,48.566,4.8,75,163.0,1.378,0.81,us,11.29,7.752,0.071,62
-16.0027,-74.7107,39.903,4.3,24,143.0,4.495,0.87,us,10.54,7.664,0.111,23
52.8793,160.1896,35.0,4.2,26,103.0,0.943,0.69,us,10.1,1.93,0.115,21
65.9215,-37.4413,10.0,4.3,37,127.0,5.392,0.69,us,8.24,1.942,0.091,34
52.9322,158.8783,100.073,4.8,101,107.0,0.165,0.65,us,9.12,5.537,0.029,370
26.7568,129.6439,10.0,4.4,14,99.0,1.228,0.57,us,7.26,1.885,0.179,9
49.1548,156.4018,27.618,5.1,76,129.0,4.042,0.53,us,9.68,5.646,0.093,38
-4.8537,152.8551,59.019,4.2,21,121.0,0.953,0.52,us,10.21,9.684,0.136,15
16.7087,120.3902,71.961,4.6,49,107.0,6.112,1.05,us,10.38,4.287,0.075,53
50.0968,159.704,10.0,4.3,23,225.0,3.004,1.05,us,11.56,1.972,0.138,15
52.198,160.0414,33.306,4.1,27,134.0,1.185,0.46,us,12.18,6.347,0.117,24
39.6435,143.5176,10.0,4.6,63,127.0,2.2,0.62,us,7.91,1.893,0.089,37
10.4022,126.5293,10.0,4.5,20,118.0,3.442,0.94,us,10.7,1.902,0.131,17
35.6406,140.1532,69.473,4.3,36,130.0,1.813,0.54,us,7.6,8.495,0.122,19
-23.7029,-174.4809,10.0,4.4,10,162.0,6.26,1.1,us,14.83,1.971,0.203,8
52.4134,160.5197,10.0,4.6,49,176.0,1.291,0.81,us,5.56,1.819,0.069,64
51.8605,161.6829,10.0,4.1,22,167.0,2.191,0.45,us,6.91,1.976,0.157,11
-37.4248,51.5607,10.0,4.6,35,81.0,23.682,0.57,us,15.32,1.86,0.116,22
-3.623,68.4902,10.0,4.6,45,141.0,5.451,0.8,us,14.91,1.903,0.088,38
41.1545,71.5545,10.0,4.6,64,88.0,0.431,0.74,us,2.93,1.893,0.077,50
19.1428,99.1609,10.0,4.2,15,101.0,0.712,0.59,us,4.33,1.609,0.2,7
52.3085,159.9557,61.245,4.8,46,137.0,1.59,0.85,us,10.83,6.905,0.092,36
51.5536,159.7544,25.666,4.6,52,127.0,1.621,1.1,us,9.65,5.654,0.074,54
-5.1822,151.4686,133.166,4.0,21,162.0,1.032,0.39,us,11.18,4.437,0.133,16
2.6561,128.3261,196.285,4.1,30,114.0,3.511,1.25,us,11.58,8.601,0.117,20
-24.32,-67.3769,176.819,4.6,15,182.0,1.548,0.81,us,13.19,11.728,0.151,13
50.9977,157.1853,79.916,4.0,16,134.0,2.137,0.39,us,9.72,8.887,0.164,10
-8.5603,110.5044,85.376,4.3,17,110.0,1.503,0.65,us,8.13,7.705,0.187,8
52.4404,160.8249,10.0,4.3,32,122.0,2.013,0.48,us,10.54,1.906,0.109,24
11.972,143.8864,10.0,5.0,140,46.0,1.871,0.48,us,8.35,1.823,0.034,281
52.5494,160.9169,25.765,4.0,21,119.0,1.456,0.87,us,7.57,4.822,0.123,18
-23.666,-179.6844,508.528,4.3,34,106.0,5.774,0.93,us,13.59,6.141,0.098,29
8.8122,-71.2831,14.52,4.4,34,72.0,0.645,0.82,us,5.49,4.671,0.134,16
80.0538,-0.1335,10.0,4.2,44,125.0,2.489,0.95,us,5.77,1.931,0.089,35
49.5769,155.0091,103.902,4.7,38,96.0,3.917,0.81,us,5.84,7.583,0.108,28
52.224,158.1292,77.898,4.5,42,127.0,0.861,0.89,us,7.15,6.352,0.095,33
50.7772,158.3042,38.704,5.0,31,130.0,2.26,0.9,us,5.23,7.656,0.113,25
0.9916,120.5479,596.654,4.6,78,76.0,2.822,0.71,us,10.96,8.136,0.055,100
29.689,129.9032,78.512,4.7,62,119.0,1.875,0.85,us,7.87,7.325,0.046,140
-22.9075,-68.7146,98.798,4.2,20,65.0,0.496,0.78,us,4.69,6.047,0.176,9
30.2332,103.1203,10.0,4.3,35,92.0,5.515,0.69,us,9.03,1.908,0.109,24
-36.3787,-110.3703,10.0,4.5,39,131.0,32.825,0.77,us,15.57,1.908,0.089,37
-2.095,120.684,10.0,4.6,40,61.0,0.594,1.15,us,2.48,1.872,0.109,26
29.0344,138.6988,492.848,4.7,213,47.0,3.635,0.6,us,9.39,6.006,0.03,348
62.8631,178.671,10.0,4.4,126,146.0,4.436,0.66,us,8.89,1.904,0.046,136
51.3888,161.0745,10.0,4.5,62,135.0,2.215,0.66,us,11.21,1.903,0.076,51
52.7596,160.965,10.0,5.5,119,92.0,1.427,0.69,us,9.02,1.783,0.039,225
51.6343,160.144,10.0,4.3,31,154.0,1.666,0.81,us,9.17,1.93,0.104,26
1.6191,126.4763,44.813,4.7,82,72.0,3.249,0.93,us,7.36,5.781,0.073,56
36.9739,72.7259,10.0,4.2,19,153.0,1.35,0.79,us,11.18,1.975,0.128,17
37.8687,144.0451,10.0,4.6,72,126.0,3.721,0.68,us,8.56,1.896,0.081,45
52.1633,160.5071,34.831,4.4,70,162.0,1.423,0.62,us,10.9,6.603,0.052,108
52.4633,160.7965,10.0,4.2,43,166.0,1.42,0.75,us,12.56,1.969,0.086,38
50.284,158.3323,10.0,4.8,132,95.0,2.75,0.75,us,8.72,1.852,0.05,123
-15.5916,-7.1765,10.0,4.4,17,91.0,1.425,1.16,us,11.46,1.905,0.138,15
52.5855,160.6502,29.419,4.3,34,121.0,1.291,0.75,us,7.83,5.069,0.116,21
50.7225,157.9712,35.0,4.8,52,135.0,2.342,0.72,us,10.32,1.936,0.094,35
54.7442,160.2389,10.0,4.2,31,111.0,1.964,0.53,us,9.97,1.868,0.071,56
40.7299,13.6049,404.05,4.1,59,53.0,0.789,0.77,us,7.37,6.317,0.123,18
51.8969,178.568,98.161,3.7,36,150.0,0.059,0.57,us,9.7,9.228,0.119,20
34.8172,70.8104,8.988,5.3,87,47.0,1.414,0.64,us,8.52,3.76,0.036,264
19.9906,145.5086,10.0,4.1,32,148.0,4.731,0.52,us,15.69,1.866,0.114,21
51.7916,159.2703,66.976,4.6,18,125.0,1.291,0.67,us,10.56,8.163,0.146,14
-6.6166,129.9257,139.142,4.7,32,101.0,4.342,0.26,us,5.65,8.975,0.12,21
52.1808,160.4261,10.0,4.4,18,166.0,1.373,1.19,us,13.63,1.948,0.127,18
34.7164,70.7355,8.457,5.2,107,39.0,1.336,0.48,us,8.42,3.444,0.042,188
22.7745,142.4843,128.123,4.1,40,153.0,4.311,0.72,us,5.69,8.302,0.109,23
-52.778,21.8566,10.0,4.3,16,105.0,20.356,0.6,us,13.59,1.93,0.137,15
42.5536,146.7106,10.0,4.5,43,154.0,2.691,1.2,us,11.59,1.945,0.096,32
54.0915,-159.6859,35.0,3.9,12,210.0,0.743,0.63,us,7.35,2.02,0.256,4
-15.3698,167.4686,121.884,4.9,50,84.0,0.267,0.64,us,10.42,4.772,0.087,41
29.296,129.4353,10.0,4.6,61,57.0,2.374,1.0,us,6.83,1.85,0.091,36
7.2233,127.4282,10.0,4.5,27,126.0,1.841,0.96,us,6.09,1.907,0.121,20
-30.7593,-177.8487,49.896,4.5,20,114.0,1.494,0.95,us,11.64,9.38,0.135,16
-18.6977,-177.9528,627.115,4.4,42,136.0,3.375,0.39,us,11.84,9.888,0.086,39
-23.4533,-179.9944,536.206,4.5,38,122.0,5.966,0.84,us,13.89,8.151,0.098,31
51.1054,-176.0765,35.0,3.7,55,194.0,0.785,0.98,us,4.13,1.932,0.105,23
13.961,39.7515,10.0,4.8,136,46.0,3.867,0.63,us,7.96,1.851,0.05,124
3.3383,-82.799,10.0,4.4,19,166.0,4.441,1.15,us,9.89,1.96,0.162,11
1.4435,126.3517,47.856,4.4,38,94.0,1.214,1.11,us,5.26,8.02,0.1,29
-35.3807,-105.7786,10.0,5.0,64,143.0,8.772,1.0,us,12.2,1.893,0.073,60
39.1454,28.1083,17.179,4.0,28,57.0,0.939,0.99,us,4.23,2.814,0.26,4
-24.6283,-175.2678,10.0,4.1,10,134.0,7.423,0.65,us,8.83,1.887,0.234,5
2.1109,128.2193,157.77,4.4,35,100.0,1.58,0.87,us,6.04,7.507,0.112,23
18.6497,145.6157,10.0,4.2,23,135.0,3.394,0.63,us,12.21,1.912,0.131,16
54.5954,-159.628,35.0,3.6,20,202.0,0.237,0.62,us,5.05,2.012,0.354,2
-6.5101,128.422,304.486,4.4,17,93.0,5.222,0.75,us,11.94,12.883,0.239,5
-18.138,-178.3419,547.928,4.2,34,122.0,2.739,0.78,us,14.52,9.173,0.105,25
16.5418,-59.5537,10.0,4.2,29,189.0,1.46,0.55,us,4.49,1.968,0.237,5
53.5339,159.9458,72.524,4.0,48,134.0,0.931,0.46,us,12.21,7.763,0.077,46
51.3849,159.5603,10.0,4.4,30,158.0,1.734,1.2,us,8.55,1.932,0.126,18
34.9601,104.6772,10.0,4.6,54,92.0,1.277,0.52,us,9.78,1.894,0.083,43
-57.9159,-25.1758,29.662,5.1,75,69.0,16.582,0.56,us,12.08,4.986,0.071,65
53.1157,161.4427,18.97,4.7,52,117.0,1.688,1.06,us,8.98,2.897,0.062,78
-51.561,139.4622,10.0,4.5,33,68.0,17.623,0.7,us,13.68,1.733,0.121,20
50.9755,157.8615,35.0,5.0,95,110.0,2.108,1.23,us,5.88,1.717,0.034,275
49.771,158.8063,10.0,4.6,20,229.0,3.258,0.42,us,7.12,1.931,0.151,13
52.9982,159.8814,56.934,4.4,87,130.0,0.745,0.45,us,9.4,6.561,0.051,111
51.6515,160.1221,10.0,4.7,79,125.0,1.644,0.83,us,7.62,1.833,0.045,150
5.8593,126.4704,118.35,4.8,105,49.0,1.492,0.7,us,7.18,6.368,0.037,227
50.9878,159.374,10.0,4.7,105,125.0,2.087,1.01,us,8.21,1.884,0.054,104
50.3943,158.1563,10.0,4.8,67,127.0,2.651,0.74,us,6.79,1.874,0.053,110
-8.2579,118.0548,12.067,4.2,23,84.0,0.629,0.71,us,5.02,4.492,0.167,11
52.9092,159.3582,73.93,4.7,157,133.0,0.443,0.59,us,9.75,6.422,0.047,137
51.9896,-178.5877,168.359,3.8,63,103.0,0.209,0.59,us,6.41,4.634,0.074,48
3.0762,-31.3443,10.0,4.6,26,113.0,20.448,0.83,us,5.77,1.895,0.119,21
-57.5804,157.5833,10.0,4.2,18,137.0,3.182,0.75,us,9.53,1.925,0.152,12
36.5754,70.7776,126.714,4.1,46,91.0,2.203,0.93,us,6.83,8.654,0.135,16
51.1972,159.1672,35.0,4.2,20,138.0,1.857,0.49,us,12.63,1.958,0.159,13
52.371,160.8023,10.0,4.1,13,208.0,1.464,1.11,us,5.79,2.008,0.214,6
51.2485,159.5548,10.0,4.3,26,134.0,1.863,0.64,us,5.42,1.824,0.119,20
16.8635,120.0268,35.0,5.4,87,46.0,6.005,0.85,us,8.15,1.866,0.04,209
9.7865,-70.7547,10.0,4.1,21,93.0,0.905,0.97,us,8.36,1.926,0.166,10
-2.1151,139.1764,10.0,5.0,101,37.0,1.154,0.5,us,5.67,1.818,0.052,116
51.7974,160.0327,10.0,4.5,40,165.0,1.94,0.53,us,9.12,1.928,0.093,34
2.5521,67.763,10.0,4.3,14,235.0,5.615,1.23,us,10.5,2.008,0.154,14
39.2087,28.2723,10.0,4.5,35,64.0,1.072,0.41,us,5.01,1.884,0.124,19
52.3976,160.7673,10.0,5.0,93,119.0,1.433,1.06,us,8.28,1.872,0.028,413
51.0789,159.5782,10.0,4.3,15,163.0,2.03,0.84,us,10.81,1.958,0.189,10
52.3289,160.1775,38.776,4.3,20,151.0,1.161,0.59,us,9.19,6.467,0.177,9
-5.8083,154.75,171.592,4.1,21,204.0,3.036,0.77,us,17.32,16.754,0.135,15
-5.5707,131.691,35.0,4.9,57,74.0,2.692,0.94,us,8.12,1.905,0.084,51
2.3958,98.9189,156.671,4.9,49,131.0,0.296,0.86,us,9.67,4.803,0.082,47
51.4261,159.6962,10.0,5.0,66,121.0,1.724,0.88,us,8.22,1.869,0.049,135
-3.3888,143.6484,10.0,4.6,17,75.0,3.067,0.37,us,10.67,1.899,0.137,16
-20.806,-173.5816,10.0,4.5,17,116.0,3.844,0.77,us,12.82,1.891,0.15,13
51.1622,158.2612,35.0,5.0,104,128.0,1.879,0.84,us,5.99,1.795,0.029,390
54.4508,-159.7818,35.0,3.8,26,163.0,0.397,0.62,us,4.79,1.885,0.147,12
52.3793,160.8381,10.0,4.5,16,171.0,1.48,0.59,us,12.19,1.954,0.191,10
35.8128,71.1299,88.568,4.3,38,98.0,2.085,1.28,us,6.82,8.151,0.137,15
50.1493,156.6863,65.711,4.3,22,179.0,3.03,0.42,us,12.95,10.502,0.133,16
-23.0918,172.3639,10.0,4.4,17,133.0,4.561,1.14,us,12.29,1.898,0.139,15
-11.0621,-77.9333,48.19,4.6,37,141.0,1.41,0.67,us,5.14,7.733,0.084,44
51.2851,159.4375,20.422,4.5,42,138.0,1.807,1.03,us,11.04,4.364,0.097,31
52.6742,160.6953,10.0,4.7,59,120.0,1.289,1.12,us,9.74,1.907,0.075,54
-26.3068,71.787,10.0,4.5,33,64.0,41.153,0.49,us,14.13,1.883,0.113,23
4.148,126.5326,46.152,4.4,33,73.0,1.2,0.86,us,7.78,6.084,0.12,20
-29.7112,-177.0683,10.0,4.7,19,145.0,12.421,0.44,us,17.22,1.957,0.133,17
7.2306,-82.3157,10.0,4.3,44,144.0,3.003,0.87,us,8.68,1.935,0.093,33
-20.6499,178.5917,583.949,4.2,19,227.0,2.934,0.43,us,20.85,17.225,0.146,13
-23.7281,179.9978,548.993,4.1,18,270.0,11.6,0.3,us,25.05,27.563,0.145,13
13.5318,-61.2471,139.248,4.8,84,52.0,0.973,0.67,us,6.4,6.376,0.034,263
54.529,-159.884,35.0,3.6,39,196.0,0.348,0.66,us,4.88,1.976,0.223,5
51.4789,159.4455,10.0,4.7,41,122.0,1.622,0.59,us,9.01,1.899,0.096,39
10.5436,-84.9311,10.0,4.7,41,82.0,0.252,0.77,us,5.97,1.923,0.072,58
50.9313,158.6765,35.0,4.4,22,137.0,2.095,0.4,us,11.39,1.946,0.13,17
-5.6313,148.2276,167.91,4.4,26,69.0,3.666,0.97,us,11.15,7.817,0.126,18
-8.0859,119.191,9.922,4.1,17,59.0,1.582,1.05,us,4.44,5.196,0.184,8
-18.0293,-178.3832,606.532,4.3,57,81.0,2.644,0.72,us,12.54,8.65,0.056,89
42.8324,146.8576,10.0,4.2,13,192.0,2.859,1.17,us,8.77,1.985,0.216,6
-8.0385,107.9432,45.43,4.4,17,95.0,0.642,0.85,us,7.08,5.34,0.178,10
5.4538,126.0067,93.582,4.7,72,50.0,0.888,1.07,us,6.62,6.883,0.064,74
13.0523,50.1399,10.0,4.4,35,70.0,5.786,0.75,us,6.78,1.91,0.109,24
51.0181,158.8,35.0,5.0,129,106.0,2.01,0.56,us,9.85,1.856,0.031,333
-5.7581,146.3851,115.982,4.4,35,142.0,3.703,0.47,us,9.84,7.855,0.081,44
48.8898,156.9026,10.0,4.2,18,171.0,4.254,1.23,us,10.51,1.797,0.152,12
-17.8763,168.501,157.959,5.0,81,41.0,2.717,0.96,us,8.34,5.504,0.043,173
-15.1691,167.2741,115.887,4.2,21,145.0,0.285,0.66,us,14.5,5.268,0.136,15
29.1271,129.6342,10.0,4.2,29,113.0,2.477,0.39,us,7.86,1.913,0.136,15
51.5092,160.9855,10.0,4.4,94,113.0,2.088,0.7,us,9.03,1.869,0.061,77
33.418,81.685,10.0,4.5,64,112.0,6.398,1.0,us,8.64,1.894,0.075,52
50.2784,156.7675,35.0,4.6,84,130.0,2.893,1.08,us,9.86,1.928,0.034,255
2.0474,125.3293,135.403,4.0,27,97.0,0.774,0.89,us,6.52,7.035,0.144,14
-16.8883,-174.2038,84.077,4.9,29,129.0,6.172,1.15,us,15.99,6.616,0.08,50
44.4079,-129.4365,10.0,4.0,80,194.0,3.937,0.7,us,9.21,1.998,0.122,19
28.2788,104.9538,10.0,4.9,125,41.0,7.728,0.65,us,8.33,1.853,0.043,170
-13.7132,167.0066,58.966,4.7,35,118.0,1.734,0.33,us,13.85,7.014,0.095,34
-20.5989,-178.4263,591.229,4.2,42,121.0,4.374,0.72,us,13.84,6.01,0.084,40
-7.3356,127.6745,10.0,5.0,63,40.0,3.568,0.6,us,6.94,1.85,0.084,45
-6.9553,125.9265,476.112,4.5,62,41.0,3.23,0.7,us,11.42,6.644,0.087,39
51.0492,-178.8602,33.167,4.3,179,139.0,0.506,0.72,us,4.2,2.884,0.038,193
-5.7317,148.9108,152.01,4.4,32,80.0,3.411,0.52,us,8.38,8.094,0.112,23
-5.7642,68.3192,10.0,4.4,21,65.0,4.42,0.51,us,10.57,1.789,0.138,15
50.0155,157.339,35.027,4.8,64,133.0,3.105,0.76,us,10.18,7.149,0.046,150
50.278,159.5416,10.0,4.5,43,137.0,2.805,0.64,us,9.65,1.81,0.089,37
6.5928,127.2854,10.0,4.5,34,127.0,1.759,1.18,us,7.07,1.885,0.095,33
-2.862,101.1384,62.216,4.5,40,189.0,2.346,0.75,us,9.9,9.426,0.104,27
35.4034,31.1401,49.243,4.0,29,170.0,1.497,1.38,us,6.68,9.943,0.129,16
-54.0502,-58.1972,10.0,5.0,76,137.0,2.38,0.55,us,12.46,1.836,0.069,68
7.6469,127.1659,10.0,4.8,98,75.0,1.675,1.1,us,6.35,1.765,0.056,98
49.753,157.3946,10.0,4.6,40,138.0,3.365,0.58,us,11.71,1.902,0.106,27
-57.6512,157.7609,10.0,4.7,36,98.0,3.229,1.04,us,10.67,1.913,0.085,42
1.0681,100.1885,199.351,4.3,51,66.0,2.051,0.73,us,10.28,7.244,0.086,38
52.3484,158.578,51.087,4.3,25,173.0,0.677,0.78,us,10.42,9.54,0.129,17
-32.6819,-71.8419,27.573,4.1,27,181.0,0.972,1.0,us,3.68,7.513,0.262,4
50.9759,159.2047,35.0,4.6,65,125.0,2.079,1.18,us,9.04,1.928,0.073,56
38.1856,20.3753,54.417,4.2,38,116.0,1.588,1.2,us,5.37,11.06,0.176,9
39.7114,143.3391,28.699,4.3,35,157.0,2.047,0.49,us,8.53,5.289,0.122,19
52.6846,160.8776,17.341,4.3,29,120.0,1.393,1.15,us,8.91,3.593,0.116,21
51.4111,159.6447,10.0,4.9,34,116.0,1.727,0.96,us,8.92,1.879,0.086,45
-17.6827,168.3311,57.969,4.7,47,136.0,2.472,0.56,us,4.98,7.315,0.07,61
12.703,144.2187,26.757,4.4,13,119.0,1.085,0.42,us,8.22,7.392,0.219,6
-5.0736,153.4977,40.702,4.2,25,102.0,1.593,0.33,us,9.71,7.977,0.132,16
-7.5559,142.918,10.0,4.6,17,157.0,3.327,1.22,us,9.46,1.963,0.165,11
51.6749,-176.7088,54.591,4.5,132,126.0,0.266,1.07,us,5.11,4.981,0.033,275
52.1162,159.7255,65.246,4.3,46,138.0,1.121,0.89,us,11.44,7.875,0.089,36
73.5133,7.972,10.0,4.3,42,94.0,5.115,0.81,us,5.74,1.874,0.078,47
53.4351,161.5246,10.0,4.1,31,137.0,1.777,0.74,us,11.09,1.911,0.107,24
52.7532,160.5753,35.0,4.5,77,134.0,1.198,0.67,us,9.73,1.916,0.052,111
-7.008,130.6568,73.928,4.3,37,50.0,2.58,0.68,us,7.8,7.634,0.116,21
51.5138,159.7014,25.46,4.9,68,128.0,1.644,1.0,us,9.29,5.436,0.057,97
0.975,-26.2223,10.0,4.5,25,92.0,11.792,0.63,us,5.1,1.885,0.124,19
-1.2033,127.155,10.0,4.8,40,88.0,3.503,0.67,us,7.89,1.873,0.097,33
51.6219,159.9736,35.0,4.3,26,127.0,1.622,0.71,us,10.4,1.945,0.098,29
9.2583,94.0122,10.0,4.3,27,93.0,4.95,1.04,us,10.46,1.895,0.122,19
-18.8939,-177.6713,598.301,4.1,25,87.0,3.705,0.65,us,15.46,4.768,0.126,17
49.837,157.906,10.0,4.1,18,173.0,3.225,1.27,us,11.56,1.907,0.175,9
51.9832,160.3132,10.0,4.4,38,135.0,1.954,0.92,us,11.34,1.927,0.097,31
48.8886,154.8832,85.256,4.5,61,135.0,4.584,0.59,us,11.01,7.77,0.053,103
41.0802,142.8917,54.877,4.2,27,137.0,0.955,0.79,us,7.35,8.011,0.131,16
49.6782,157.4864,10.0,4.2,30,228.0,3.428,0.61,us,12.27,1.972,0.121,19
50.8157,160.0723,10.0,4.5,115,135.0,2.38,0.52,us,9.7,1.905,0.049,123
23.5263,94.2235,10.0,4.2,33,150.0,2.397,0.88,us,12.14,1.905,0.115,21
51.6403,159.2254,35.0,5.2,39,120.0,1.43,0.33,us,9.44,1.922,0.144,16
52.2664,160.2345,35.0,4.7,36,140.0,1.228,1.37,us,11.06,1.939,0.093,35
-18.1522,-178.3264,560.023,4.4,56,86.0,2.759,0.57,us,11.88,6.018,0.086,39
-7.8828,115.5396,215.017,4.4,28,88.0,1.492,0.99,us,9.69,8.164,0.118,21
36.1881,69.0821,10.0,4.7,97,56.0,1.67,0.97,us,6.63,1.859,0.061,82
-56.2066,-24.8489,10.0,4.5,16,122.0,6.928,0.74,us,9.73,1.824,0.139,15
51.6807,159.5082,30.315,4.8,75,134.0,1.444,0.97,us,9.26,5.724,0.051,118
52.9277,160.0982,35.0,4.4,48,146.0,0.881,0.82,us,8.94,1.945,0.063,72
11.1771,124.0974,10.0,4.9,101,51.0,6.547,0.42,us,10.42,1.856,0.061,93
-24.3335,69.3889,10.0,4.3,32,74.0,7.205,0.54,us,12.42,1.877,0.113,22
16.5002,-59.5129,10.0,4.6,35,83.0,1.502,0.64,us,6.87,1.766,0.125,19
51.6024,160.128,10.0,4.1,19,170.0,2.12,0.81,us,8.88,1.969,0.14,14
-17.6075,-69.533,155.178,4.2,25,140.0,0.054,1.02,us,9.67,5.77,0.187,8
-5.5347,152.4522,10.0,4.4,21,197.0,1.292,0.57,us,12.37,1.265,0.098,30
-47.8048,116.0397,10.0,4.4,15,128.0,14.888,0.75,us,13.84,1.926,0.155,12
39.5055,143.6563,10.0,4.4,32,140.0,2.364,0.68,us,6.97,1.934,0.118,21
52.4082,160.9779,10.0,4.7,16,138.0,1.544,0.75,us,13.12,1.936,0.159,12
13.3906,-90.9805,41.876,4.1,41,192.0,1.227,0.8,us,7.19,10.057,0.066,63
19.2441,-104.3128,10.0,4.3,100,109.0,0.454,0.53,us,4.81,1.849,0.052,105
49.1922,156.1935,91.356,4.4,22,158.0,4.034,1.09,us,9.37,9.778,0.131,19
-3.978,101.4954,34.424,4.3,27,138.0,1.505,0.83,us,4.6,6.587,0.129,17
49.9781,158.6493,10.0,4.1,22,135.0,3.05,0.56,us,10.36,1.924,0.145,13
39.2303,28.1113,10.0,4.2,29,57.0,0.951,1.24,us,3.14,1.911,0.263,6
-20.6707,-175.1802,97.824,4.6,17,146.0,5.192,0.39,us,11.85,16.167,0.128,18
14.481,146.9836,10.0,4.6,44,132.0,1.374,0.95,us,9.52,1.909,0.085,41
51.3869,-177.3979,40.118,3.7,78,150.0,0.389,0.67,us,4.21,3.417,0.073,47
-23.4418,170.7281,10.0,4.4,17,117.0,3.133,0.79,us,8.3,1.725,0.17,10
-47.4197,-13.2132,10.0,5.2,56,74.0,10.366,0.6,us,10.28,1.877,0.069,68
53.8472,160.0143,81.974,4.6,43,168.0,1.161,0.66,us,11.32,9.072,0.085,45
51.1022,160.8218,10.0,4.2,37,135.0,2.345,0.83,us,11.49,1.909,0.105,25
-4.3852,35.1531,10.0,4.6,18,132.0,3.518,0.66,us,7.14,1.954,0.165,11
51.0169,158.3088,35.0,5.6,158,76.0,2.021,0.78,us,8.94,1.885,0.029,420
52.9662,160.8942,17.693,4.8,86,119.0,1.358,1.1,us,7.93,4.717,0.05,121
28.2227,139.1995,520.38,3.6,28,79.0,2.876,0.62,us,15.18,10.673,0.118,18
-21.0683,-68.9398,114.043,4.7,98,46.0,0.512,0.83,us,5.16,5.146,0.034,278
51.4757,159.519,10.0,5.3,116,77.0,1.64,0.85,us,7.06,1.842,0.022,682
16.0222,-96.5721,42.291,4.4,71,148.0,0.512,1.33,us,6.02,9.47,0.038,196
-25.0711,-179.9577,499.8,4.2,28,222.0,4.551,0.8,us,18.1,14.283,0.107,24
51.7614,158.3786,65.518,4.7,112,108.0,1.275,0.49,us,8.11,6.573,0.028,384
-6.2966,131.3162,66.161,4.3,21,111.0,2.254,0.9,us,5.38,9.215,0.142,14
9.8304,122.169,10.0,4.3,28,102.0,4.348,0.49,us,5.65,1.876,0.125,18
50.2957,157.5735,30.211,4.5,59,187.0,2.813,0.67,us,12.22,7.226,0.07,59
51.3367,160.2931,10.0,4.3,34,136.0,1.969,0.67,us,11.72,1.926,0.111,23
41.0271,143.0895,44.935,4.8,72,134.0,0.988,0.89,us,6.45,7.13,0.059,89
38.7566,23.5556,10.0,4.4,40,41.0,1.578,0.85,us,5.46,1.89,0.095,32
-15.0592,168.0246,10.0,4.7,25,216.0,0.882,1.04,us,8.21,1.92,0.133,19
-6.5808,129.754,143.866,4.4,12,113.0,2.05,0.49,us,12.56,9.408,0.179,9
0.3533,122.348,129.767,4.1,26,72.0,3.182,0.69,us,7.87,8.451,0.127,17
9.6107,39.7979,10.0,4.9,58,71.0,1.313,0.95,us,8.8,1.867,0.07,63
52.4628,160.6428,10.0,4.3,29,159.0,1.335,1.15,us,9.98,1.966,0.11,23
12.214,125.5886,10.0,4.7,28,106.0,5.112,0.58,us,13.73,1.897,0.12,21
-17.6887,168.1436,42.788,4.4,18,188.0,2.404,0.76,us,10.74,7.922,0.155,12
52.3404,160.6815,10.0,4.3,30,149.0,1.413,0.71,us,9.39,1.949,0.122,19
53.5814,-164.1676,45.308,3.3,28,209.0,1.022,0.44,us,2.66,12.045,0.241,4
52.3174,160.1852,30.832,4.7,47,134.0,1.172,0.92,us,10.45,6.04,0.085,42
9.9307,-70.7656,20.305,4.5,95,79.0,1.047,0.69,us,5.73,4.981,0.048,130
51.6371,-172.6054,35.0,3.7,26,217.0,1.136,1.0,us,7.4,2.001,0.145,12
-3.514,152.1501,272.316,4.4,39,152.0,4.996,0.79,us,10.83,8.231,0.093,33
29.1109,87.0043,10.0,4.1,36,168.0,3.646,1.26,us,10.55,1.93,0.103,26
49.871,157.4706,43.871,5.5,147,58.0,3.242,0.93,us,8.28,6.198,0.021,818
-24.2292,-67.5509,190.456,4.2,13,96.0,1.396,0.38,us,9.33,7.326,0.214,6
-14.8362,-172.7856,10.0,4.9,36,100.0,1.34,0.6,us,7.61,1.803,0.12,22
49.0002,155.6825,54.831,4.2,31,75.0,4.305,0.53,us,11.47,6.084,0.098,29
48.6984,155.0267,51.713,4.1,33,137.0,4.728,0.48,us,11.36,8.954,0.101,27
52.9667,161.1939,10.0,4.7,55,118.0,1.539,1.07,us,10.33,1.888,0.042,172
-21.6274,-179.4628,606.97,4.4,29,169.0,4.516,0.3,us,12.74,10.182,0.114,22
-10.7583,161.8188,41.106,4.7,47,109.0,2.262,0.7,us,9.94,7.771,0.085,42
51.6184,159.9232,10.0,4.3,20,135.0,1.61,0.87,us,9.7,1.919,0.202,8
77.9919,13.7415,10.0,4.6,50,153.0,0.577,0.42,us,7.3,1.903,0.089,38
37.9542,20.9645,66.039,4.2,29,163.0,1.087,0.7,us,6.54,6.204,0.167,10
44.404,33.2724,9.359,4.1,43,45.0,2.501,0.7,us,6.11,3.74,0.106,25
54.4463,-159.9997,10.0,4.0,56,203.0,0.453,0.78,us,5.36,1.941,0.183,8
49.831,157.0212,35.0,4.3,32,135.0,3.309,0.87,us,12.4,1.937,0.109,24
52.6618,159.9063,39.226,4.3,32,120.0,0.844,0.76,us,10.89,8.515,0.099,29
-4.4522,138.4343,167.912,4.1,30,109.0,0.624,0.93,us,7.99,5.832,0.107,24
49.3741,155.5437,59.187,4.5,25,138.0,3.977,0.76,us,11.29,8.224,0.124,19
36.0353,138.9697,129.454,4.1,41,136.0,0.796,1.11,us,9.61,6.501,0.097,29
-6.241,151.6536,10.0,4.6,71,124.0,1.957,0.6,us,8.88,1.874,0.07,63
-1.353,-77.9383,171.311,4.3,54,54.0,0.164,0.88,us,7.99,4.781,0.058,83
51.2092,158.9113,10.0,4.0,41,128.0,1.824,0.96,us,9.56,1.904,0.1,27
44.4754,149.4194,47.853,5.0,121,105.0,4.913,0.77,us,10.63,5.684,0.044,161
52.71,160.0361,38.251,4.3,59,107.0,0.897,0.64,us,9.15,7.49,0.055,94
49.5336,155.2825,85.549,4.1,49,138.0,3.887,0.55,us,12.97,8.156,0.067,62
52.1538,160.0609,57.838,5.1,82,135.0,1.225,0.93,us,10.34,6.834,0.038,231
52.3091,160.0054,35.0,4.2,38,122.0,1.092,0.88,us,9.24,1.93,0.107,24
50.8617,158.6144,33.748,4.4,20,171.0,2.165,0.83,us,11.05,7.371,0.155,12
51.2477,159.3672,28.624,4.6,25,183.0,1.833,0.72,us,11.08,4.065,0.129,18
52.7616,160.911,10.0,4.3,22,196.0,1.395,0.59,us,6.79,1.994,0.116,21
53.3734,159.8422,64.818,4.3,27,137.0,0.798,0.92,us,11.43,7.052,0.1,28
18.3696,145.55,196.182,4.0,29,123.0,3.12,0.82,us,12.32,7.853,0.113,21
4.5276,-73.1571,10.0,4.3,36,77.0,1.202,0.61,us,7.65,1.911,0.111,23
2.6829,96.0411,35.0,4.4,13,209.0,2.879,0.52,us,15.94,1.989,0.19,8
45.3442,151.0134,64.766,4.5,107,134.0,5.957,0.54,us,10.84,6.796,0.057,92
-24.6314,-70.1341,56.42,4.1,17,131.0,0.723,0.62,us,3.77,7.795,0.198,7
39.6279,143.3411,20.53,5.3,74,98.0,2.094,0.8,us,7.45,3.723,0.074,62
34.1975,87.7608,10.0,4.2,27,140.0,5.316,0.87,us,12.01,1.931,0.128,17
8.8913,-84.0748,10.148,4.4,26,129.0,0.847,1.14,us,5.4,5.532,0.13,17
11.2399,140.0978,10.0,4.7,100,110.0,5.212,0.7,us,8.79,1.862,0.06,85
52.0603,160.0392,10.0,5.2,55,96.0,1.285,0.9,us,8.27,1.386,0.083,48
36.3656,77.0742,10.0,4.3,19,236.0,4.141,1.33,us,11.64,1.985,0.177,9
-18.7291,65.5576,10.0,4.6,25,86.0,2.305,0.72,us,12.06,1.882,0.119,21
51.7212,159.2214,57.292,4.6,124,124.0,1.351,0.72,us,9.46,6.72,0.049,128
-6.5211,154.6133,10.0,4.1,20,97.0,6.025,0.84,us,9.75,1.791,0.14,15
0.6186,120.5447,26.093,4.8,64,96.0,0.543,0.47,us,6.38,5.373,0.079,50
53.0455,160.5656,35.871,4.3,18,117.0,1.157,0.92,us,5.01,8.19,0.168,11
51.0353,158.6013,35.0,4.6,101,129.0,1.991,0.78,us,8.29,1.911,0.053,105
52.9258,160.7153,35.0,4.3,24,124.0,1.253,0.77,us,5.49,1.947,0.122,19
7.0726,126.8975,68.326,5.0,66,103.0,1.308,0.8,us,7.93,4.033,0.048,137
-59.7937,-26.2061,13.731,4.4,33,115.0,15.141,1.2,us,14.39,6.361,0.097,31
-19.0163,-174.7653,93.302,4.8,63,85.0,4.576,0.88,us,11.59,7.239,0.033,287
53.2398,-168.5916,93.807,3.8,25,130.0,0.312,0.59,us,9.73,5.738,0.096,28
51.1853,160.0947,10.0,4.2,15,236.0,2.045,0.99,us,11.56,1.993,0.159,11
17.8277,119.7271,10.0,4.6,56,128.0,5.124,0.67,us,10.65,1.918,0.085,41
52.1303,160.2121,35.0,5.7,38,118.0,1.818,0.81,us,6.78,1.927,0.105,32
31.4462,140.1365,10.0,4.6,72,132.0,1.686,0.36,us,9.02,1.904,0.071,59
1.3956,126.3696,61.264,4.1,19,130.0,1.174,1.3,us,6.56,9.124,0.185,9
-17.4834,-172.1175,10.0,4.6,27,97.0,2.615,1.12,us,4.66,1.905,0.125,19
-5.87,153.0253,10.0,4.4,24,122.0,6.792,0.81,us,9.22,1.901,0.13,17
52.7373,161.549,10.0,4.2,20,173.0,1.78,0.56,us,13.96,1.98,0.146,13
49.1596,156.5101,28.085,4.9,88,121.0,4.024,0.63,us,10.05,5.386,0.03,352
52.2203,160.4333,31.78,4.7,102,149.0,1.352,0.77,us,9.67,5.969,0.046,144
-7.4882,130.6,10.0,4.9,29,116.0,3.026,0.83,us,9.29,1.876,0.096,34
51.764,160.4337,10.0,4.4,28,192.0,2.148,1.0,us,11.25,1.954,0.117,21
50.2267,156.8917,53.233,4.4,55,135.0,2.929,0.69,us,11.52,7.617,0.085,40
-48.991,125.3587,10.0,4.1,11,135.0,17.161,0.5,us,14.86,1.942,0.175,9
52.3909,160.496,10.0,4.1,30,151.0,1.29,0.95,us,7.99,1.894,0.123,18
51.2615,157.1294,98.303,4.3,82,132.0,1.883,0.46,us,10.32,6.88,0.062,78
52.1916,160.8387,33.507,4.5,35,179.0,1.573,0.91,us,12.16,7.013,0.079,47
54.5417,114.3827,10.0,4.3,18,155.0,5.235,1.05,us,10.32,1.976,0.11,23
25.8169,-45.3491,10.0,4.4,53,141.0,18.373,0.41,us,15.54,1.93,0.08,45
19.9139,146.6582,10.0,4.3,15,159.0,23.928,0.59,us,15.72,1.773,0.178,9
-57.5932,157.6924,10.0,4.2,16,141.0,3.18,0.49,us,11.9,1.726,0.167,10
-24.8059,-13.5075,10.0,4.6,15,78.0,33.558,0.92,us,14.64,1.898,0.141,15
53.0514,161.5388,10.0,4.5,57,118.0,1.745,0.52,us,9.39,1.853,0.082,43
35.2301,22.4982,47.819,4.5,87,74.0,1.958,0.63,us,7.09,7.175,0.06,81
55.533,163.3714,10.0,4.0,22,120.0,3.739,0.82,us,10.9,1.873,0.111,25
-22.6022,-69.0076,110.11,4.3,41,49.0,0.531,1.01,us,5.55,6.253,0.126,18
56.1841,163.3254,10.0,4.4,41,100.0,4.173,0.7,us,9.01,1.796,0.074,53
34.5305,139.5716,10.0,4.2,24,140.0,1.426,0.55,us,5.7,1.907,0.175,9
-7.8084,106.5239,41.991,4.2,18,116.0,1.168,1.21,us,7.09,8.187,0.166,12
50.6975,158.3757,26.399,4.3,80,121.0,2.335,0.67,us,8.8,5.427,0.067,65
-4.7938,34.9508,10.0,4.2,14,148.0,3.921,0.79,us,10.81,1.968,0.199,7
37.6199,21.6277,10.0,4.3,40,88.0,0.5,0.8,us,5.43,1.908,0.129,17
52.8658,-168.371,52.18,3.3,21,171.0,0.312,0.68,us,5.04,7.864,0.125,15
37.6763,141.7939,61.973,4.3,15,161.0,3.081,0.36,us,8.64,10.481,0.237,5
12.1824,-86.8128,123.057,4.4,86,135.0,0.553,0.56,us,8.36,6.441,0.057,88
9.1369,-83.7868,50.232,4.3,36,128.0,0.638,0.62,us,7.57,8.797,0.111,23
44.7058,146.4943,156.664,4.2,116,132.0,2.856,0.55,us,10.56,8.238,0.053,101
-11.9721,165.4685,10.0,4.6,27,132.0,3.843,0.79,us,9.97,1.464,0.084,42
51.825,159.6059,40.446,4.4,29,125.0,1.335,0.94,us,8.84,7.758,0.084,41
-0.3643,-91.5245,10.0,4.7,55,178.0,0.562,0.61,us,7.49,1.9,0.052,113
-37.265,177.0706,161.899,4.4,20,123.0,1.028,1.0,us,8.79,7.97,0.178,9
42.8989,146.573,39.188,5.3,61,135.0,2.677,0.64,us,9.73,7.288,0.085,46
53.4072,159.1192,98.093,4.6,34,112.0,0.477,0.84,us,12.3,8.45,0.109,25
29.0245,85.3683,10.0,4.1,25,163.0,5.072,0.44,us,9.46,1.84,0.103,26
51.2113,159.4212,10.0,4.3,24,211.0,1.876,0.73,us,6.1,1.969,0.129,17
54.2648,-159.9258,30.528,3.8,69,157.0,0.6,0.61,us,6.06,6.912,0.14,14
7.1636,127.2666,10.0,4.3,28,83.0,1.677,1.17,us,8.56,1.903,0.119,20
-15.5223,-174.5898,176.346,4.6,58,76.0,3.155,0.71,us,11.3,7.262,0.075,53
-20.2638,-178.4018,594.8,4.3,55,97.0,4.187,0.88,us,14.62,7.648,0.066,67
-13.715,166.4729,10.0,5.0,56,51.0,1.861,0.75,us,9.02,1.87,0.057,97
50.2431,159.0915,10.0,4.4,36,134.0,2.798,0.45,us,10.11,1.898,0.108,25
39.414,143.4827,10.0,4.3,20,192.0,2.308,0.74,us,9.81,1.974,0.168,10
6.9235,-73.1814,151.558,4.1,54,156.0,2.356,0.6,us,12.72,15.614,0.077,46
33.2906,132.2414,50.631,4.5,62,81.0,1.435,0.65,us,5.48,7.525,0.067,67
-7.0179,129.8029,111.775,4.5,38,93.0,2.481,0.61,us,9.17,7.558,0.097,31
52.9192,159.8899,35.0,4.3,11,192.0,0.757,0.27,us,13.09,1.924,0.16,11
31.3103,103.9332,10.0,4.4,26,94.0,4.638,0.77,us,5.94,1.884,0.149,15
43.0876,130.9954,561.251,5.2,106,30.0,1.325,0.52,us,10.1,7.57,0.02,805
52.2876,160.4641,10.0,5.0,61,123.0,1.873,1.03,us,8.62,1.878,0.08,50
-17.8315,-177.9729,590.108,4.2,17,122.0,2.875,0.66,us,19.53,13.803,0.146,13
9.5367,94.1242,10.0,4.2,12,184.0,5.49,0.76,us,14.34,1.957,0.216,6
11.7781,125.9635,10.0,4.9,68,105.0,4.694,0.7,us,11.11,1.865,0.069,66
-7.3932,128.8747,168.354,4.1,17,65.0,5.125,1.25,us,7.34,10.71,0.303,3
52.7758,160.6391,29.606,4.8,43,192.0,1.23,1.07,us,13.64,9.386,0.088,40
6.9117,126.7893,72.923,4.9,54,109.0,1.211,0.96,us,3.77,7.524,0.066,72
12.9724,40.9803,10.0,4.3,34,123.0,2.32,0.64,us,5.38,1.916,0.116,21
51.1714,159.494,10.0,4.9,105,176.0,1.927,0.59,us,7.34,1.919,0.057,97
8.3133,127.463,10.0,4.7,51,108.0,2.239,0.74,us,9.22,1.877,0.077,51
12.3767,-87.8466,41.257,4.4,24,183.0,0.867,0.87,us,4.96,15.012,0.077,48
-4.3339,153.042,27.36,4.6,24,121.0,0.887,0.7,us,10.93,5.828,0.125,19
-21.1444,-68.6911,117.987,4.6,37,71.0,0.75,1.02,us,5.66,5.85,0.071,59
53.1752,171.4114,44.019,4.2,92,143.0,1.686,0.59,us,10.52,10.404,0.061,75
-22.9595,-68.1893,153.375,4.3,16,78.0,0.012,0.73,us,9.84,7.52,0.201,7
13.6224,123.4808,35.0,4.7,44,132.0,9.425,1.15,us,13.0,1.943,0.094,34
52.4647,160.4842,10.0,4.4,28,176.0,1.248,0.77,us,11.44,1.958,0.118,25
43.5148,148.0085,10.0,4.3,26,156.0,3.873,1.2,us,10.52,1.851,0.16,14
-8.1285,-73.5609,10.0,4.6,43,84.0,5.014,0.8,us,10.22,1.932,0.086,41
51.1059,159.6807,10.0,4.9,34,170.0,2.023,0.76,us,11.95,1.955,0.104,29
52.3235,160.747,10.0,5.0,145,108.0,1.457,0.64,us,7.35,1.85,0.034,278
-6.1815,152.1657,10.0,4.5,25,115.0,1.868,0.81,us,7.45,1.924,0.116,22
4.5776,125.015,10.0,4.5,20,86.0,0.487,0.65,us,6.3,1.916,0.163,13
5.3874,126.3197,56.09,4.2,30,173.0,1.06,0.47,us,7.2,8.619,0.104,26
23.5239,-45.1242,10.0,4.5,98,52.0,16.609,0.61,us,11.02,1.904,0.052,111
-3.0453,129.5909,10.0,4.4,24,63.0,2.657,1.11,us,7.53,1.896,0.143,14
-20.5788,-69.0762,86.177,4.2,18,90.0,0.442,0.72,us,4.74,5.24,0.215,6
18.3051,146.3914,83.562,4.2,19,148.0,3.101,0.49,us,10.85,9.575,0.146,13
52.2324,160.5178,28.062,4.2,18,124.0,1.387,0.59,us,5.57,6.387,0.146,14
4.9429,127.4143,134.928,4.4,41,75.0,1.94,0.6,us,9.23,6.177,0.098,30
29.3391,129.3935,10.0,4.7,62,108.0,2.348,0.41,us,6.97,1.878,0.057,93
-33.3548,-70.2052,8.845,4.2,32,53.0,0.078,0.76,us,1.82,3.17,0.187,8
16.9035,146.1767,126.288,4.1,20,169.0,1.695,0.37,us,16.37,10.709,0.13,16
39.4634,143.3549,10.0,4.5,56,135.0,2.199,0.61,us,3.31,1.895,0.09,36
4.7746,125.0585,10.0,4.6,33,98.0,0.421,1.39,us,5.92,1.876,0.111,24
-6.1749,142.5106,10.0,4.6,23,155.0,3.071,0.9,us,11.23,1.901,0.095,33
49.9205,158.6058,10.0,4.7,68,135.0,3.107,0.57,us,8.83,1.88,0.059,86
-2.9076,137.0852,42.607,4.3,22,67.0,1.124,0.97,us,7.1,10.167,0.188,8
-13.6113,170.6978,629.972,4.4,45,93.0,3.845,0.56,us,14.79,9.159,0.081,44
42.8343,144.5628,63.3,4.1,58,133.0,1.324,0.99,us,7.29,7.046,0.087,36
53.0919,160.5304,41.941,4.1,58,137.0,1.137,0.95,us,12.25,8.059,0.079,43
3.1767,65.3473,10.0,4.3,16,209.0,15.977,0.56,us,10.13,1.953,0.188,8
50.1074,158.717,10.0,4.8,43,110.0,2.92,0.85,us,9.44,1.482,0.088,40
-5.2545,152.2946,51.498,5.1,66,124.0,0.979,0.47,us,8.48,6.902,0.056,104
52.7385,159.7381,49.707,4.2,38,161.0,0.719,0.57,us,9.95,7.177,0.1,28
39.1701,28.1493,10.0,4.2,21,71.0,0.973,0.72,us,5.91,1.959,0.303,3
14.0437,-89.8349,6.145,4.2,16,128.0,0.151,1.08,us,2.31,7.138,0.263,4
52.6408,160.6954,10.0,4.7,23,129.0,1.299,0.79,us,11.34,1.916,0.118,22
-23.0889,-66.7635,197.346,4.5,55,52.0,1.311,1.33,us,8.31,6.764,0.079,47
27.2631,53.8535,10.0,4.4,59,71.0,3.129,0.61,us,9.84,1.912,0.074,52
-5.4216,34.9942,10.0,4.3,10,108.0,4.302,0.64,us,12.52,1.904,0.178,9
51.6223,160.0907,10.0,4.3,38,127.0,1.659,0.88,us,8.13,1.895,0.093,33
52.6641,160.7552,10.0,5.6,106,120.0,1.327,0.89,us,9.06,1.872,0.059,102
7.2614,126.6133,83.566,4.2,43,90.0,1.044,0.59,us,9.45,8.609,0.102,31
42.5041,18.3603,10.0,4.0,33,42.0,0.67,0.82,us,2.14,1.927,0.123,18
-0.4711,-80.281,38.23,4.4,38,111.0,0.453,0.88,us,6.2,8.186,0.114,22
53.0078,161.1149,10.0,4.3,49,146.0,1.489,0.58,us,10.32,1.945,0.076,49
49.3297,156.5319,35.0,5.6,168,74.0,3.854,0.9,us,8.11,1.832,0.019,977
17.4446,145.8761,219.036,4.2,13,151.0,2.193,0.9,us,15.4,10.801,0.186,8
-6.7394,150.8719,10.0,4.6,41,124.0,2.676,0.76,us,9.98,1.885,0.103,28
-32.2417,-71.0736,84.337,4.1,31,117.0,0.215,0.34,us,4.29,5.506,0.186,8
50.405,156.4777,65.379,4.8,126,131.0,2.812,0.46,us,10.52,7.189,0.031,321
9.6143,126.1051,94.532,4.3,16,135.0,2.581,1.2,us,13.99,7.17,0.161,11
52.3794,160.0307,51.821,4.7,47,134.0,1.059,0.69,us,8.51,6.842,0.085,42
-4.2743,152.6823,62.317,4.7,75,90.0,0.524,0.39,us,9.52,6.552,0.065,71
50.9339,156.2353,141.685,4.8,102,121.0,2.358,0.78,us,9.2,6.741,0.026,461
-48.8025,123.843,10.0,4.7,41,103.0,16.615,0.55,us,11.97,1.901,0.093,38
51.0453,157.0508,79.483,4.5,60,134.0,2.104,0.61,us,11.78,7.338,0.077,49
-24.0159,-67.3347,217.018,4.2,19,145.0,1.312,0.78,us,11.49,7.035,0.2,7
50.6942,157.0754,81.328,4.2,22,161.0,2.448,0.59,us,13.64,9.49,0.132,16
52.0881,161.0854,10.0,4.7,12,191.0,2.304,1.37,us,8.24,1.996,0.174,10
-15.3238,-173.135,10.0,4.5,18,143.0,1.922,0.77,us,9.11,1.961,0.191,9
16.0167,147.1132,35.0,4.4,41,96.0,1.491,0.93,us,9.42,1.919,0.094,33
29.2848,129.559,10.0,4.9,59,121.0,2.348,1.2,us,7.03,1.856,0.04,197
1.9862,126.7697,35.0,4.8,55,90.0,3.017,1.05,us,8.1,1.912,0.076,53
50.1406,155.9698,91.91,4.1,29,137.0,3.161,0.52,us,11.0,8.364,0.127,17
5.3311,124.7375,15.643,4.3,24,98.0,0.948,1.08,us,6.73,2.979,0.137,15
51.6292,158.6883,46.22,4.0,38,138.0,1.397,1.09,us,9.75,7.668,0.093,37
-2.1266,120.6903,10.0,4.2,15,139.0,0.574,1.08,us,5.72,1.934,0.215,6
51.3432,159.6046,10.0,4.4,20,221.0,1.782,0.49,us,7.87,1.926,0.162,11
-31.415,-67.7291,10.0,4.5,35,41.0,0.815,1.1,us,5.35,1.9,0.121,21
52.5224,-32.3083,10.0,4.2,40,97.0,11.223,0.69,us,11.01,1.924,0.099,28
-32.0933,-69.4191,119.797,4.4,36,43.0,0.839,0.88,us,4.97,6.084,0.148,13
29.1121,129.2889,10.0,4.5,16,129.0,2.439,0.74,us,7.85,1.919,0.205,7
-24.1923,-66.9878,176.971,4.8,99,46.0,1.649,0.73,us,8.19,6.646,0.025,481
51.0012,159.3973,10.0,4.7,43,130.0,2.077,0.84,us,10.11,1.918,0.093,35
51.4392,159.2978,10.0,4.1,35,167.0,1.636,0.51,us,11.98,1.956,0.102,26
-2.1435,139.3604,52.887,4.8,40,78.0,1.332,0.73,us,4.87,7.087,0.097,38
52.1052,160.3138,10.0,4.7,73,124.0,1.37,0.97,us,9.18,1.887,0.064,74
9.0119,127.5474,10.0,4.3,17,135.0,4.721,0.46,us,8.41,1.9,0.178,10
51.7771,158.3398,80.926,4.2,53,124.0,1.263,0.82,us,8.64,4.618,0.083,42
51.5793,161.3969,10.0,4.3,39,129.0,2.222,0.44,us,10.96,1.927,0.058,85
23.7187,90.427,10.0,4.1,29,147.0,4.847,0.39,us,9.98,1.763,0.117,20
-18.3995,-69.6535,137.579,4.4,32,78.0,0.654,1.17,us,6.15,6.001,0.117,21
22.8131,95.8413,10.0,4.4,26,99.0,1.815,0.72,us,9.32,1.919,0.134,16
51.6609,159.3338,37.457,4.4,21,137.0,1.428,0.75,us,12.44,8.145,0.154,12
-21.113,-68.9959,113.218,4.1,17,81.0,0.464,0.67,us,7.04,7.044,0.234,5
-23.3907,-175.4457,36.768,5.0,52,108.0,6.254,0.94,us,9.79,5.818,0.063,80
-0.2772,132.4382,10.336,4.5,15,125.0,1.315,0.58,us,8.25,4.061,0.163,12
51.8637,158.4105,67.372,4.3,34,135.0,1.171,0.64,us,9.49,7.452,0.108,24
-32.2113,-13.2885,10.0,5.0,46,68.0,4.911,0.88,us,11.05,1.878,0.08,50
50.5716,159.2754,10.0,4.6,63,132.0,2.486,0.76,us,8.86,1.891,0.069,62
51.1809,158.8957,43.213,4.4,33,122.0,1.852,0.94,us,5.58,7.769,0.11,24
34.6092,70.8142,10.0,4.1,13,213.0,1.389,0.67,us,7.08,1.982,0.145,13
-3.233,101.2736,35.0,5.1,91,50.0,2.018,0.67,us,9.46,1.828,0.054,116
-20.3151,-70.2925,42.628,4.4,19,174.0,1.045,0.59,us,4.81,10.901,0.309,3
51.2473,-174.7863,10.0,3.8,24,228.0,1.023,0.89,us,5.34,1.984,0.141,13
-6.3743,104.5726,61.31,4.5,48,51.0,1.602,0.63,us,8.21,7.172,0.099,33
52.0814,160.3966,10.0,4.9,92,114.0,1.424,0.7,us,8.28,1.814,0.04,200
-8.8381,118.7623,112.873,4.5,35,83.0,0.974,1.11,us,6.13,7.284,0.111,24
36.4287,70.5978,203.322,4.1,28,174.0,2.252,0.93,us,7.6,10.812,0.198,7
50.2263,158.6348,10.0,4.3,21,140.0,2.801,0.43,us,12.46,1.9,0.138,15
-20.1939,-67.2311,209.797,4.4,24,65.0,1.806,0.8,us,8.71,2.868,0.134,16
52.5353,160.9724,23.612,4.1,15,159.0,1.493,0.71,us,12.99,9.802,0.175,9
42.827,12.4921,10.0,4.2,48,72.0,0.436,1.16,us,5.42,1.919,0.199,7
18.8319,146.0976,116.375,4.2,28,99.0,3.583,0.46,us,12.25,7.263,0.11,23
12.9684,145.6685,10.0,4.9,49,55.0,0.994,0.8,us,6.89,1.843,0.052,117
51.0086,158.7706,37.597,5.0,35,122.0,2.019,0.7,us,9.13,7.855,0.105,29
52.1915,159.6795,35.0,4.7,58,123.0,1.043,1.07,us,7.64,1.915,0.059,88
7.3345,126.9573,80.329,4.5,61,54.0,1.392,0.68,us,8.63,7.062,0.076,51
35.5092,22.589,56.728,4.4,46,134.0,1.75,0.6,us,6.77,6.422,0.084,41
-21.4329,-66.814,212.454,4.5,91,55.0,1.971,0.67,us,6.67,7.025,0.049,123
51.415,159.5968,10.0,4.2,29,128.0,1.713,0.82,us,10.23,1.886,0.11,23
37.5165,71.8936,158.217,4.1,23,258.0,1.959,0.58,us,11.31,12.133,0.233,5
19.9514,121.3212,10.0,4.7,54,102.0,2.861,0.79,us,9.63,1.898,0.093,35
51.436,159.5406,35.0,4.7,47,138.0,1.682,1.11,us,6.93,1.796,0.081,46
50.6322,160.3551,10.0,4.1,23,134.0,2.618,0.92,us,11.15,1.927,0.158,11
51.353,161.004,10.0,4.2,43,122.0,2.213,0.64,us,9.68,1.911,0.097,29
51.6531,159.3432,35.0,5.1,57,126.0,1.437,0.91,us,8.87,1.91,0.081,50
-0.5822,128.0835,10.0,4.8,46,61.0,1.524,1.15,us,5.43,1.882,0.1,31
52.9701,159.9484,62.549,4.3,45,130.0,0.787,0.93,us,10.92,6.801,0.076,50
50.7515,156.9587,65.988,4.3,31,133.0,2.404,0.44,us,10.64,7.58,0.129,17
50.0822,157.2741,30.003,4.3,34,132.0,3.042,0.8,us,5.69,5.538,0.104,26
0.5931,98.5165,66.916,4.5,42,117.0,2.126,0.88,us,9.02,6.446,0.089,42
-20.889,-173.7415,10.0,4.5,26,83.0,4.015,1.01,us,14.42,1.894,0.127,19
52.0659,160.8269,10.0,4.2,19,257.0,1.639,0.91,us,9.45,1.916,0.167,11
39.8128,143.098,41.582,4.6,80,122.0,1.836,0.55,us,8.64,7.118,0.067,66
60.5674,-140.1995,5.0,4.2,45,90.0,0.472,0.91,us,4.18,1.91,0.236,5
52.334,160.3121,13.422,4.7,60,122.0,1.225,0.97,us,9.99,5.119,0.061,82
-20.4585,-177.8794,536.94,4.5,36,99.0,4.699,0.63,us,15.07,12.165,0.1,29
-3.4284,143.6869,10.0,4.1,21,92.0,3.115,0.51,us,11.71,1.92,0.145,14
52.4831,160.728,10.0,5.0,182,87.0,1.374,0.65,us,7.46,1.684,0.025,533
51.9391,160.3837,35.0,4.2,15,201.0,1.518,0.4,us,8.22,1.935,0.132,16
54.5521,160.3007,10.0,4.3,36,145.0,1.818,0.68,us,10.94,1.928,0.064,68
17.2366,19.5868,10.0,4.4,24,247.0,14.318,0.39,us,8.41,2.012,0.126,18
-23.7534,178.8641,550.94,4.5,55,68.0,6.026,0.58,us,13.3,6.923,0.047,136
17.3779,145.4727,323.484,4.1,25,121.0,2.147,0.65,us,8.31,10.703,0.12,19
-6.0612,129.794,211.964,4.4,20,61.0,1.533,0.48,us,5.06,9.616,0.154,12
-47.7996,115.9578,10.0,4.6,37,128.0,14.887,0.4,us,13.08,1.914,0.095,33
51.8962,158.5115,70.037,4.2,35,137.0,1.132,0.64,us,11.15,7.089,0.103,26
50.3319,159.625,10.0,4.4,44,134.0,2.763,0.58,us,9.8,1.913,0.073,54
51.7836,-170.3515,10.0,4.3,56,182.0,1.044,1.01,us,5.17,1.647,0.111,23
51.0705,159.9538,10.0,4.0,34,223.0,2.115,0.83,us,10.36,1.983,0.088,36
53.2472,159.8401,68.333,4.6,119,96.0,0.751,0.51,us,10.26,6.918,0.046,139
6.8682,140.4478,10.0,4.4,19,84.0,5.947,0.88,us,10.17,1.911,0.162,11
9.3411,93.8007,10.0,4.5,31,118.0,10.344,0.74,us,11.85,1.898,0.115,22
43.424,147.9825,38.731,4.3,31,137.0,3.824,0.59,us,10.45,6.394,0.119,20
-61.7352,161.6393,10.0,4.4,14,159.0,7.396,0.24,us,10.16,1.958,0.144,16
33.1373,138.154,306.228,4.2,104,85.0,1.393,0.61,us,9.43,6.904,0.057,85
52.8926,161.048,10.0,4.7,55,134.0,1.457,0.69,us,10.84,1.895,0.083,44
-21.7033,-68.5334,139.269,4.2,18,51.0,0.665,0.45,us,7.93,11.34,0.374,2
-24.2893,-67.1581,174.986,4.5,28,72.0,1.627,0.98,us,9.29,9.924,0.181,13
30.2671,69.8789,10.0,4.6,25,172.0,4.282,0.9,us,12.27,1.954,0.133,17
4.9341,126.4562,51.353,4.4,34,103.0,0.994,0.53,us,7.76,1.688,0.108,25
-3.1678,130.7028,22.49,4.8,72,61.0,1.564,0.59,us,5.72,4.73,0.069,68
51.359,159.4329,35.0,4.7,72,138.0,1.735,0.94,us,10.72,1.923,0.06,85
18.0289,120.8263,10.0,4.5,97,75.0,4.77,0.62,us,10.01,1.801,0.06,94
12.1239,-86.6872,121.963,4.8,139,147.0,0.43,0.82,us,6.03,5.266,0.043,165
-1.8439,139.1347,25.691,4.4,40,87.0,1.189,0.78,us,5.62,5.456,0.105,26
18.2891,120.7619,55.616,4.4,41,125.0,4.515,0.68,us,12.12,9.05,0.088,37
51.3378,159.3872,32.999,4.7,110,137.0,1.748,0.6,us,11.19,5.692,0.057,94
-4.7483,69.0774,10.0,4.5,25,61.0,4.274,1.03,us,10.01,1.512,0.121,20
37.837,69.8187,10.0,4.2,25,214.0,0.97,0.64,us,5.48,1.553,0.198,7
-6.7226,130.0323,157.367,4.5,29,44.0,2.189,0.96,us,5.13,8.581,0.102,28
12.7547,49.3782,10.0,4.2,31,78.0,5.173,0.53,us,9.73,1.908,0.112,22
18.3943,-102.3794,10.0,4.3,48,203.0,1.655,1.01,us,8.11,1.951,0.058,84
1.2119,128.7123,11.376,4.2,33,77.0,3.276,0.6,us,7.63,4.926,0.118,20
52.0883,160.6467,21.806,4.4,41,108.0,1.537,1.09,us,7.63,4.682,0.095,32
-0.319,125.3309,43.833,4.8,42,66.0,1.819,1.06,us,7.39,7.843,0.088,48
15.7827,-94.799,10.0,4.1,42,184.0,2.146,0.77,us,9.93,1.976,0.073,52
53.9478,108.6337,10.0,4.2,32,83.0,3.784,0.62,us,6.87,1.904,0.132,16
49.906,159.5267,10.0,4.3,93,117.0,3.17,0.59,us,9.25,1.9,0.062,75
51.3745,175.213,10.0,4.1,57,183.0,1.521,0.59,us,6.83,1.937,0.087,36
-55.7298,-27.1808,79.904,5.1,33,57.0,5.549,0.7,us,12.79,2.074,0.138,17
-21.7111,170.7311,113.377,4.1,15,120.0,3.174,0.86,us,11.36,9.817,0.185,8
-2.3844,-79.0147,94.391,4.8,61,71.0,0.256,1.21,us,9.51,6.583,0.06,86
51.4697,159.677,10.0,4.2,26,128.0,1.679,1.17,us,8.88,1.916,0.136,15
52.5123,160.629,10.0,4.2,29,163.0,1.307,0.94,us,12.31,1.955,0.128,17
15.2591,147.6616,10.0,4.5,19,100.0,1.805,0.92,us,11.63,1.916,0.15,13
13.9108,144.6955,197.907,4.0,15,113.0,0.361,0.36,us,9.99,5.823,0.195,7
48.5461,157.5499,10.0,4.6,46,136.0,4.537,0.7,us,6.11,1.908,0.089,38
-20.3805,-177.4393,501.504,4.4,35,131.0,4.923,0.78,us,15.15,10.717,0.101,28
-63.5582,-163.5379,10.0,5.1,41,121.0,17.006,0.72,us,13.95,1.853,0.094,37
2.9108,95.4296,22.095,4.3,26,135.0,2.673,0.54,us,7.3,6.227,0.117,21
37.7225,144.546,10.0,4.0,18,156.0,4.084,0.77,us,11.96,1.95,0.144,13
29.2911,129.2257,10.0,4.6,55,87.0,2.452,1.0,us,6.32,1.865,0.073,56
52.274,160.4942,10.0,4.2,25,123.0,1.351,0.91,us,7.17,1.804,0.128,17
-19.3783,-69.1574,10.0,4.7,58,111.0,0.759,0.51,us,4.67,1.887,0.079,48
51.4463,159.9316,10.0,4.3,23,128.0,1.765,0.87,us,9.11,1.94,0.134,16
52.6444,160.4965,35.0,4.3,27,147.0,1.183,0.82,us,9.55,1.956,0.133,16
-43.7903,-16.0949,10.0,4.6,26,144.0,7.306,0.71,us,10.57,1.855,0.111,25
39.4977,143.3376,10.0,4.5,31,97.0,2.168,0.86,us,7.7,1.894,0.131,17
52.877,160.2527,35.0,4.1,9,219.0,0.981,1.02,us,15.98,2.015,0.234,6
49.8825,155.9001,76.465,4.3,75,147.0,3.42,0.56,us,11.58,8.418,0.065,67
-23.1093,-177.0071,170.159,4.8,20,172.0,7.066,0.91,us,18.14,5.451,0.135,19
52.4626,160.6514,34.887,4.4,21,122.0,1.34,0.66,us,10.26,6.108,0.143,14
34.7355,140.7115,49.896,4.4,21,156.0,1.78,0.78,us,7.54,9.481,0.18,9
54.0444,-159.7746,10.0,3.8,49,175.0,0.796,0.79,us,4.39,1.941,0.179,8
-5.5096,152.1174,49.848,4.7,39,140.0,1.198,0.82,us,8.3,5.953,0.064,73
50.3809,158.3908,10.0,4.4,34,132.0,2.651,0.69,us,10.81,1.919,0.108,25
53.0146,160.918,10.0,4.2,39,137.0,1.37,0.51,us,11.9,1.925,0.108,24
52.7026,-169.7423,51.668,3.7,18,198.0,0.602,0.57,us,9.63,10.705,0.19,8
-5.8682,146.3753,115.4,4.6,115,29.0,3.598,0.49,us,7.46,7.323,0.049,134
51.9303,156.1036,207.607,4.1,52,146.0,1.53,0.41,us,11.24,7.889,0.088,35
-59.5973,-26.3589,109.83,5.2,168,26.0,7.679,0.56,us,10.88,4.464,0.05,132
37.692,144.136,10.0,4.7,139,125.0,3.905,0.7,us,8.65,1.871,0.051,118
6.9645,126.8824,65.492,4.7,77,107.0,1.297,0.86,us,7.96,7.155,0.051,117
-56.9272,-26.5621,96.912,4.4,27,127.0,6.217,0.38,us,9.47,8.263,0.127,18
50.3926,158.2487,33.987,4.8,95,132.0,2.646,0.58,us,8.45,5.268,0.045,155
14.3234,-92.6674,35.0,4.6,81,139.0,0.893,0.72,us,6.14,1.943,0.038,205
-61.1702,-36.4403,10.0,4.7,28,112.0,6.906,0.8,us,9.14,1.927,0.102,29
51.5494,159.4998,35.0,5.0,15,192.0,1.566,0.53,us,13.03,1.997,0.179,10
-17.5688,-174.21,137.839,4.4,27,76.0,4.325,1.28,us,8.98,9.589,0.115,26
-6.7723,121.8347,10.0,4.7,34,78.0,2.058,0.93,us,6.33,1.9,0.111,26
52.5603,161.0525,10.0,4.4,33,135.0,1.531,0.85,us,11.99,1.921,0.123,20
4.3802,-73.1981,10.0,4.7,65,63.0,1.211,1.15,us,8.19,0.579,0.072,59
-17.2837,-178.5077,550.557,4.3,31,130.0,14.227,0.55,us,15.73,9.888,0.101,28
15.1364,-91.9166,169.648,4.3,45,142.0,0.67,0.93,us,8.32,6.963,0.104,26
51.3999,159.6505,10.0,4.2,22,128.0,1.739,0.77,us,10.19,1.914,0.132,16
5.8722,127.1529,30.258,4.7,45,71.0,1.965,1.05,us,6.47,4.904,0.085,46
-22.8178,-68.4882,110.59,4.2,42,53.0,0.315,1.23,us,6.52,5.202,0.092,33
-3.4576,129.2547,53.948,4.3,26,65.0,1.24,0.69,us,9.53,7.641,0.119,20
-6.6687,155.1769,21.346,4.4,21,120.0,3.88,0.51,us,12.67,5.264,0.134,16
-6.5375,129.9481,130.852,4.2,20,127.0,2.002,0.6,us,10.05,8.549,0.175,9
52.7965,160.796,40.813,4.2,21,118.0,1.319,0.82,us,4.84,7.718,0.158,14
49.085,154.7268,87.088,4.3,47,133.0,4.442,0.74,us,11.02,8.279,0.092,33
49.4935,157.1299,10.0,4.2,16,138.0,3.637,0.41,us,12.99,1.938,0.159,11
29.0951,129.3672,11.431,4.4,48,108.0,2.45,0.99,us,6.97,4.721,0.097,31
51.9219,160.1888,25.716,4.0,31,125.0,1.45,0.82,us,8.63,6.667,0.102,27
52.2901,160.6074,10.0,4.3,27,123.0,1.4,1.35,us,8.08,1.8,0.101,28
-24.1632,-67.5235,204.399,4.1,19,91.0,1.347,0.95,us,7.22,10.203,0.261,4
-62.5639,-159.07,10.0,4.6,23,106.0,18.679,0.89,us,15.62,1.9,0.152,13
53.0021,161.2123,26.808,4.3,59,128.0,1.548,0.61,us,11.18,6.066,0.08,44
39.991,143.6448,10.0,4.5,25,143.0,2.055,0.51,us,7.25,1.914,0.157,12
51.7892,160.1862,39.581,4.3,62,162.0,1.554,0.88,us,10.68,7.456,0.076,48
-5.9578,150.0082,48.106,4.0,14,99.0,2.594,0.66,us,11.59,5.626,0.165,10
3.0679,-31.4528,10.0,4.9,174,53.0,9.89,0.55,us,10.64,1.822,0.042,177
16.5841,-59.6942,10.0,4.6,60,146.0,1.334,0.65,us,6.69,1.926,0.061,81
49.9338,157.562,10.0,4.8,76,116.0,3.168,1.17,us,8.21,1.861,0.026,469
-6.1958,131.2517,62.978,4.3,24,92.0,2.136,0.72,us,5.21,8.289,0.154,15
14.841,-94.4289,10.0,4.5,69,144.0,2.139,0.73,us,6.48,1.915,0.055,99
-20.4466,-177.8582,549.724,4.4,44,99.0,4.708,0.57,us,12.02,5.757,0.09,35
9.1134,93.8217,10.0,4.1,27,126.0,4.951,0.78,us,9.96,1.902,0.166,12
51.5017,159.5624,29.95,4.7,78,124.0,1.624,1.13,us,9.49,5.604,0.05,122
-3.9676,143.0805,86.307,4.0,19,122.0,2.778,0.82,us,10.65,6.979,0.144,16
-5.0131,123.0162,10.0,4.5,48,78.0,0.292,0.44,us,3.79,1.859,0.099,30
-60.9903,-38.9367,10.0,4.8,39,53.0,6.852,0.59,us,11.39,1.825,0.119,22
50.4915,159.7905,10.0,4.6,24,128.0,2.633,0.65,us,8.36,1.717,0.141,16
52.1429,179.7058,173.056,3.8,14,132.0,0.163,0.71,us,10.03,10.91,0.127,16
50.2714,156.439,56.548,4.3,33,136.0,2.947,1.22,us,14.84,8.742,0.111,23
28.2571,52.2639,10.0,3.9,7,101.0,4.829,0.73,us,9.89,1.979,0.296,4
18.2319,39.9666,10.0,4.1,20,284.0,7.381,0.62,us,17.78,2.008,0.139,14
-9.2729,158.7752,10.0,4.5,19,81.0,1.168,0.7,us,10.46,1.888,0.131,17
51.341,159.1032,10.0,5.0,123,107.0,1.708,0.52,us,8.89,1.844,0.029,373
-55.7918,-26.7357,10.0,4.3,14,119.0,5.808,0.4,us,11.99,1.914,0.154,13
52.2451,160.4508,27.795,4.5,102,123.0,1.885,1.04,us,9.05,5.462,0.056,97
-17.7248,167.3727,10.0,4.4,13,148.0,2.271,1.25,us,8.52,1.934,0.202,7
51.3472,157.5132,83.04,4.4,111,133.0,1.768,0.58,us,10.38,7.377,0.043,155
16.4525,-59.6036,10.0,4.7,53,151.0,1.401,0.75,us,6.48,1.917,0.056,95
53.3004,-164.3618,10.0,3.4,34,203.0,1.135,0.42,us,3.6,1.926,0.136,13
53.2136,161.3712,10.0,4.5,29,116.0,2.214,0.68,us,10.62,1.901,0.119,21
5.74,126.9419,103.651,4.7,60,63.0,1.767,0.55,us,6.05,5.935,0.071,61
-30.6357,-71.8316,26.997,4.2,18,191.0,0.174,0.93,us,5.38,4.23,0.216,6
52.5331,160.7241,20.89,5.2,94,129.0,1.352,1.02,us,9.57,5.468,0.034,286
-24.1092,-175.7845,35.0,4.2,15,131.0,7.4,0.61,us,12.33,1.95,0.147,13
53.2436,159.9863,57.704,4.7,102,116.0,0.835,0.8,us,9.54,7.032,0.032,301
50.4064,158.0205,10.0,4.1,26,132.0,2.65,0.7,us,11.38,1.924,0.131,16
53.0707,159.9801,51.152,4.6,49,117.0,0.804,0.94,us,10.08,7.676,0.066,68
29.472,80.4663,10.0,4.6,72,100.0,4.546,0.99,us,9.19,1.864,0.075,53
51.0673,158.6531,57.099,4.1,42,192.0,1.959,0.64,us,14.34,11.757,0.093,32
-31.0509,-72.6317,10.0,4.4,31,146.0,0.936,0.77,us,4.66,1.517,0.203,7
51.0846,158.9278,35.26,4.2,18,138.0,1.949,0.41,us,13.46,8.25,0.128,17
19.3828,39.3851,10.0,4.3,39,135.0,6.773,1.19,us,10.93,1.956,0.089,36
51.5168,160.2277,10.0,4.6,49,138.0,1.794,0.88,us,10.48,1.909,0.078,49
60.3945,-139.5724,10.0,4.1,41,84.0,0.453,0.9,us,4.46,1.319,0.261,4
53.5526,160.1191,61.365,4.4,56,114.0,1.029,0.57,us,10.05,7.669,0.072,55
39.2965,143.4035,17.733,4.8,91,97.0,2.334,0.44,us,7.14,4.804,0.06,86
32.9098,-39.8434,10.0,4.4,40,131.0,20.853,0.92,us,13.59,1.918,0.086,39
-33.1375,-73.3056,10.0,4.3,28,173.0,1.397,0.81,us,6.82,1.951,0.201,7
50.779,156.9873,81.555,4.5,76,137.0,2.374,0.44,us,11.75,7.451,0.062,75
49.3395,156.1103,59.872,4.5,38,190.0,3.904,0.48,us,12.15,8.112,0.084,42
53.112,161.0612,27.877,4.2,32,124.0,1.458,0.67,us,11.16,6.325,0.096,30
-13.661,122.3247,10.0,4.3,10,118.0,4.323,0.67,us,9.03,1.993,0.237,6
-10.457,-78.8393,28.861,4.3,26,157.0,2.48,0.58,us,6.09,6.421,0.142,14
18.8363,146.39,10.0,4.3,11,167.0,3.621,0.97,us,15.54,1.959,0.177,9
53.3261,160.5689,54.316,4.3,38,164.0,1.194,1.06,us,12.76,8.36,0.108,24
50.0803,156.8723,35.0,4.5,58,135.0,3.076,0.61,us,12.02,1.932,0.082,44
-5.5761,150.4587,99.49,4.1,22,96.0,2.007,0.38,us,9.33,7.381,0.131,16
52.159,160.2778,44.436,4.5,50,162.0,1.317,0.52,us,10.53,7.134,0.086,40
42.8074,-2.8772,10.0,4.0,25,155.0,3.052,0.43,us,8.32,1.97,0.231,5
54.1633,-166.1839,103.035,4.4,132,84.0,0.075,0.61,us,6.45,1.3,0.044,148
51.8281,159.8357,35.0,4.2,20,188.0,1.4,1.03,us,10.59,1.988,0.146,13
52.6348,159.1796,62.543,4.7,173,118.0,0.505,0.72,us,6.67,5.824,0.037,223
-22.5402,-67.6083,183.726,4.2,22,104.0,0.667,0.69,us,10.09,7.152,0.16,11
38.9256,142.0099,65.723,4.2,29,136.0,1.999,0.59,us,9.46,7.89,0.136,15
36.6356,140.3545,10.0,4.0,13,154.0,1.729,0.8,us,7.21,1.781,0.258,4
7.6879,127.2735,10.0,4.5,22,68.0,1.789,0.61,us,5.48,1.869,0.145,15
54.5304,-160.4077,35.0,4.3,72,157.0,0.563,0.99,us,3.01,1.943,0.133,16
50.3653,159.2181,10.0,4.9,160,133.0,2.685,0.55,us,8.81,1.867,0.042,176
-23.3999,-67.1219,213.09,4.1,21,90.0,1.07,1.22,us,10.1,5.405,0.145,13
26.4733,96.8381,10.0,4.2,27,121.0,5.531,0.85,us,13.62,1.945,0.124,18
50.1987,157.6286,35.0,4.2,20,230.0,2.899,1.27,us,14.32,1.96,0.152,12
51.6021,159.3397,35.0,4.5,72,109.0,1.485,1.0,us,8.69,1.906,0.062,76
11.8966,143.8323,10.0,4.3,28,111.0,1.963,1.09,us,10.33,1.909,0.119,20
18.2852,145.5755,208.946,4.6,85,95.0,3.034,0.69,us,10.73,7.698,0.063,75
52.761,160.6984,10.0,4.2,34,133.0,1.269,0.79,us,11.84,1.926,0.095,31
-7.8895,117.6906,12.248,4.2,19,80.0,0.936,0.77,us,6.87,4.891,0.167,10
-24.1993,179.8747,520.698,4.2,41,80.0,6.644,0.79,us,15.14,7.781,0.072,54
41.1977,142.6177,45.719,4.7,65,133.0,0.911,0.98,us,6.26,7.623,0.06,85
-23.9499,-66.9871,173.069,4.5,21,77.0,1.478,0.94,us,7.69,8.482,0.14,15
54.5816,160.4498,10.0,4.3,35,107.0,1.891,0.74,us,5.81,1.601,0.059,82
50.2483,159.6183,10.0,4.4,25,136.0,2.844,0.59,us,11.61,1.932,0.112,23
-38.691,177.2285,47.612,4.4,32,142.0,0.208,0.83,us,4.85,4.317,0.12,20
24.0592,125.9035,10.0,5.1,51,119.0,1.557,0.95,us,8.12,1.858,0.064,78
-48.6862,-10.1852,10.0,4.7,19,73.0,17.255,0.21,us,13.94,1.931,0.13,18
52.2472,160.2458,35.0,5.3,215,91.0,1.774,0.71,us,8.87,1.839,0.042,186
33.0968,-39.6624,10.0,4.4,19,98.0,40.949,1.36,us,14.55,1.903,0.162,12
-6.8749,125.3117,520.733,4.5,91,39.0,3.043,0.45,us,10.46,8.24,0.07,61
45.7601,153.9428,10.0,4.2,13,138.0,7.75,0.79,us,7.59,1.947,0.263,4
33.9463,87.78,10.0,4.2,46,142.0,5.099,0.61,us,11.62,1.907,0.1,28
-6.1493,124.299,619.672,4.3,71,29.0,1.979,0.93,us,9.44,6.272,0.079,46
-19.4046,169.6941,35.0,4.5,17,170.0,3.821,1.18,us,4.81,1.981,0.163,11
49.7861,155.8326,74.104,4.1,41,135.0,3.526,0.57,us,12.16,8.072,0.076,47
-52.8739,21.8555,10.0,4.4,16,96.0,20.367,0.28,us,14.44,1.911,0.143,14
-19.2563,-177.6303,570.339,4.2,22,208.0,3.974,0.55,us,21.55,13.505,0.132,16
14.5607,-94.163,10.0,4.2,28,202.0,1.946,0.86,us,7.48,1.978,0.115,21
-26.9686,26.8444,5.0,4.3,16,81.0,2.16,0.86,us,5.54,1.935,0.265,4
52.1484,160.2623,35.0,4.7,16,164.0,1.835,0.77,us,12.18,1.98,0.195,8
-27.495,-176.1569,10.0,5.3,58,74.0,11.076,0.66,us,12.11,1.857,0.034,291
-5.2626,145.874,117.586,4.4,28,106.0,3.527,0.64,us,7.32,8.761,0.105,26
52.0859,158.9701,51.775,4.4,28,151.0,1.284,0.75,us,12.47,9.643,0.114,22
29.2052,129.1951,10.0,4.2,29,94.0,2.497,1.05,us,7.6,1.9,0.141,16
51.9929,161.3522,10.0,4.6,121,119.0,1.947,0.54,us,9.63,1.886,0.052,113
42.882,144.9575,104.464,4.4,130,133.0,1.589,0.43,us,9.06,6.952,0.045,139
6.5568,126.4848,77.178,4.4,33,116.0,1.034,0.61,us,7.05,9.087,0.117,21
-6.1955,155.0083,158.207,4.9,79,69.0,3.463,0.63,us,9.87,7.24,0.067,69
-56.3694,-26.6554,71.022,4.3,18,132.0,18.327,0.57,us,13.76,10.396,0.126,18
50.0944,158.4424,19.206,4.5,59,134.0,2.936,0.59,us,9.74,4.805,0.081,45
42.0247,72.9254,10.0,4.6,62,46.0,0.698,0.53,us,3.68,1.898,0.087,39
52.6014,160.4716,44.27,4.1,22,137.0,1.184,1.09,us,10.84,7.579,0.165,11
34.0464,86.4707,10.0,4.6,42,141.0,10.276,0.88,us,10.78,1.918,0.069,62
54.4458,-160.1031,39.1,3.9,134,177.0,0.488,0.87,us,6.24,10.463,0.155,11
-8.0366,117.0017,10.0,4.2,19,82.0,1.098,1.05,us,6.51,1.913,0.176,10
41.1518,142.5761,42.478,4.4,30,142.0,0.966,0.58,us,4.22,8.328,0.127,18
-20.746,-178.7006,600.135,4.5,34,134.0,4.623,0.69,us,16.05,11.052,0.096,32
1.1328,123.344,10.0,4.5,57,83.0,4.163,0.72,us,6.16,1.885,0.082,44
-18.7756,-177.8364,611.056,4.3,33,122.0,3.51,0.64,us,15.09,10.067,0.102,27
-6.4762,106.6644,166.82,4.4,39,156.0,0.303,0.9,us,9.68,6.347,0.095,32
53.1488,159.8258,64.606,4.9,140,125.0,0.72,0.57,us,10.08,6.695,0.044,160
-57.5812,157.5031,30.874,4.3,14,141.0,3.194,0.79,us,10.76,7.86,0.161,11
-5.8036,146.2002,115.861,4.1,15,142.0,3.702,0.48,us,10.73,9.872,0.151,12
-9.8339,114.1307,36.132,4.2,19,110.0,1.355,1.07,us,4.36,8.398,0.16,11
-11.5771,166.6781,246.672,4.1,22,152.0,3.88,0.61,us,18.06,13.324,0.117,20
42.5355,-126.3243,10.0,3.3,25,188.0,1.48,0.67,us,6.52,1.993,0.243,6
-8.5317,120.5652,165.216,4.6,47,63.0,1.16,1.13,us,6.13,6.421,0.088,39
-52.3544,28.0513,10.0,4.5,13,105.0,20.645,0.85,us,12.72,1.666,0.163,12
29.0675,86.7312,10.0,4.2,32,97.0,3.889,0.78,us,5.18,1.9,0.088,36
36.5109,-2.8188,10.0,4.3,35,123.0,3.285,0.63,us,6.27,1.848,0.111,23
-30.1172,-177.6754,35.0,4.6,26,192.0,0.879,1.04,us,9.33,1.966,0.122,20
-28.0386,-66.7387,157.596,4.5,49,43.0,3.277,0.84,us,4.8,8.753,0.171,10
-9.6038,120.647,91.563,4.2,24,79.0,0.35,0.58,us,7.21,3.018,0.147,13
-20.4167,-177.6757,528.864,4.2,26,112.0,4.818,0.41,us,8.14,10.586,0.121,19
18.0282,119.8266,10.0,4.9,120,105.0,4.908,0.77,us,9.98,1.87,0.056,102
42.2593,144.5193,37.375,4.1,36,86.0,1.042,0.63,us,8.23,8.142,0.114,21
11.0009,124.0083,10.0,4.5,34,124.0,12.079,0.62,us,15.28,1.926,0.11,24
53.6022,160.1487,51.891,4.6,47,103.0,1.07,0.53,us,10.68,7.45,0.056,95
52.8786,161.0827,10.0,5.1,18,129.0,1.479,0.53,us,11.16,1.926,0.147,15
17.4694,-100.2786,35.0,4.4,98,83.0,0.294,1.22,us,5.02,1.837,0.041,169
52.568,160.714,10.0,4.5,38,121.0,1.334,0.74,us,10.12,1.909,0.091,35
49.2104,156.0509,24.768,4.6,50,138.0,4.038,0.71,us,8.14,6.484,0.069,63
-23.3474,170.7457,10.0,5.0,45,208.0,3.127,0.78,us,11.3,1.92,0.085,44
-52.7683,22.3101,10.0,4.4,14,76.0,20.081,0.74,us,11.83,1.929,0.155,12
41.2056,142.5948,62.522,4.3,25,154.0,0.912,0.61,us,5.14,8.348,0.142,14
52.4967,160.8433,10.0,4.4,18,132.0,1.433,1.17,us,11.94,1.928,0.149,13
2.0198,99.0703,145.075,4.4,44,106.0,0.685,0.73,us,6.64,4.725,0.086,39
36.1892,136.9978,260.284,4.3,116,72.0,0.652,0.76,us,7.69,5.221,0.055,96
16.4835,41.2462,10.0,4.4,33,165.0,3.58,0.62,us,6.77,1.919,0.109,24
51.4523,160.301,10.0,4.5,14,230.0,1.873,0.63,us,14.94,1.997,0.18,9
41.463,140.7428,155.513,4.2,31,87.0,0.715,0.31,us,9.62,8.483,0.12,19
50.3618,156.9324,78.939,4.4,61,135.0,2.791,0.41,us,11.22,7.064,0.08,46
50.1042,157.3901,35.0,4.2,69,132.0,3.014,0.62,us,9.4,1.918,0.071,55
-24.1457,-67.0807,222.72,4.4,24,83.0,1.558,0.64,us,10.57,9.613,0.269,4
49.722,156.7413,35.0,4.8,71,135.0,3.444,0.84,us,11.21,1.921,0.048,133
51.6577,159.4811,44.85,4.4,32,138.0,1.46,0.83,us,12.65,8.012,0.098,30
36.5389,140.4701,63.208,4.6,59,142.0,1.821,0.77,us,7.61,7.472,0.051,116
-28.3595,-177.6876,10.0,4.2,12,139.0,9.773,0.56,us,9.18,1.952,0.159,11
-29.4035,-176.5815,10.0,4.8,26,135.0,1.187,0.88,us,7.51,1.923,0.111,29
-32.8568,-69.3216,121.245,4.5,51,40.0,0.873,0.76,us,5.53,5.222,0.067,65
19.5517,-69.6462,10.0,4.4,50,46.0,0.505,1.25,us,3.05,1.292,0.084,41
3.0606,-31.3674,10.0,4.6,47,99.0,9.922,0.76,us,10.3,1.87,0.085,42
54.7831,160.2415,10.0,4.2,23,137.0,1.999,0.34,us,7.13,1.917,0.105,25
13.8612,144.8151,120.739,4.6,76,59.0,0.275,0.77,us,8.23,4.847,0.068,64
52.3708,160.5584,10.0,4.7,70,164.0,1.333,0.87,us,10.25,1.936,0.06,85
39.2718,143.6802,10.0,4.2,20,154.0,2.516,1.34,us,8.17,1.945,0.187,8
-5.9877,150.798,35.0,4.1,16,149.0,2.244,0.6,us,8.01,1.718,0.175,10
13.2717,123.9352,10.0,4.5,55,127.0,6.372,0.62,us,11.74,1.896,0.069,62
54.4357,-160.1583,20.875,5.2,182,57.0,0.516,0.63,us,6.23,4.556,0.034,286
17.5334,145.7199,519.858,3.8,22,125.0,2.281,0.57,us,14.33,10.009,0.132,15
-17.7322,-178.7735,551.011,4.4,80,76.0,2.17,0.79,us,11.52,6.709,0.032,276
29.3393,129.4194,10.0,4.8,39,109.0,2.34,0.85,us,7.37,1.888,0.105,30
52.8095,160.5549,35.0,5.2,112,42.0,1.173,0.78,us,9.14,1.831,0.023,599
-17.3385,-178.7291,560.43,4.2,33,75.0,2.011,0.88,us,15.81,11.855,0.104,26
-59.2708,-25.9853,35.0,4.3,18,177.0,15.551,0.71,us,12.0,1.957,0.133,16
-5.2595,152.1862,60.841,5.0,70,71.0,0.97,0.47,us,8.22,4.977,0.075,57
-23.5635,-66.7888,199.067,4.2,24,81.0,1.416,0.67,us,7.65,9.274,0.176,9
51.2698,159.8048,10.0,4.8,52,129.0,1.895,1.08,us,8.9,1.887,0.063,77
-18.2724,-178.1364,559.007,4.2,51,54.0,3.664,0.73,us,14.5,6.137,0.082,42
-23.0244,171.6051,10.0,4.4,16,130.0,3.858,0.88,us,8.09,1.891,0.189,10
50.0802,156.7628,41.912,4.1,25,131.0,3.088,0.67,us,9.86,5.733,0.15,12
52.81,161.0671,26.364,4.6,26,120.0,1.479,0.89,us,7.93,4.801,0.132,17
50.4351,156.4906,76.983,4.5,127,128.0,2.78,0.63,us,9.87,6.402,0.047,130
52.5887,160.8157,35.0,4.5,28,131.0,1.385,0.41,us,13.63,1.942,0.111,24
51.5665,160.271,10.0,4.5,29,167.0,1.766,0.64,us,8.73,1.938,0.107,26
51.3603,179.6205,72.561,3.8,81,197.0,0.201,0.46,us,6.79,9.742,0.074,47
-57.6193,157.9536,39.626,4.3,20,140.0,3.177,0.76,us,7.97,11.422,0.148,13
49.8252,159.7464,10.0,4.4,72,137.0,3.275,0.8,us,8.43,1.469,0.072,56
52.8497,159.8919,60.353,4.1,21,169.0,0.772,0.92,us,12.63,7.638,0.184,9
14.8497,145.62,137.181,4.4,33,88.0,0.416,0.63,us,13.11,6.131,0.114,22
-0.5341,-80.324,34.003,4.9,72,138.0,0.512,0.73,us,6.58,5.687,0.035,256
29.2949,129.4832,10.0,4.2,28,125.0,2.36,0.84,us,8.47,1.916,0.118,20
-20.0028,-175.9397,171.181,4.8,46,98.0,5.744,0.65,us,13.44,7.725,0.072,59
-17.6692,-69.6126,165.68,4.3,20,117.0,0.149,0.85,us,9.5,8.202,0.153,12
42.2532,144.5659,35.0,4.4,84,132.0,1.075,0.65,us,6.8,1.922,0.067,69
34.9271,26.6098,10.0,4.3,51,154.0,0.766,0.91,us,6.25,1.902,0.077,48
24.7784,127.8354,10.0,4.2,17,100.0,2.087,1.12,us,5.44,1.931,0.199,7
49.1003,155.3503,93.959,4.1,17,144.0,4.277,0.98,us,13.57,10.274,0.166,10
9.3115,94.1776,10.0,4.4,31,118.0,5.406,0.65,us,12.39,1.903,0.117,21
36.661,70.6139,109.922,4.2,25,238.0,2.221,1.05,us,9.59,11.274,0.199,8
52.2025,159.0263,61.666,4.9,186,125.0,0.854,0.53,us,8.5,6.307,0.044,165
51.4654,159.6286,28.466,5.1,158,116.0,1.672,0.65,us,7.59,4.79,0.037,240
-2.0432,139.0376,30.792,4.9,57,40.0,1.033,0.58,us,5.81,5.153,0.076,55
-56.2114,-143.8027,10.0,5.1,29,127.0,27.438,0.83,us,14.87,1.892,0.108,28
13.1958,49.8329,10.0,4.3,18,180.0,5.46,0.92,us,14.01,1.985,0.154,12
45.7316,153.756,10.0,4.1,33,138.0,7.708,0.77,us,10.64,1.882,0.12,21
6.8181,-73.0894,160.462,4.1,14,162.0,2.312,0.37,us,13.39,18.3,0.262,4
52.7913,160.6171,35.0,4.4,73,170.0,1.214,0.67,us,12.11,1.965,0.059,82
52.5839,160.5147,35.0,4.4,30,157.0,1.215,1.22,us,11.63,1.953,0.092,34
51.7131,160.0574,40.182,4.2,26,137.0,1.571,0.68,us,10.04,7.671,0.132,16
10.8836,-86.7301,10.0,4.4,39,191.0,1.343,0.54,us,7.37,1.913,0.075,52
-24.2137,179.9664,520.375,4.4,25,140.0,6.68,0.5,us,17.54,11.226,0.112,23
-24.733,-175.8026,35.0,4.7,26,214.0,4.878,0.53,us,10.49,1.979,0.126,21
50.5746,157.7638,10.0,4.9,118,113.0,2.513,0.94,us,8.28,1.873,0.054,107
4.9046,126.1883,89.617,4.4,55,109.0,0.727,0.75,us,7.6,6.736,0.086,39
-20.9109,-178.572,590.807,4.8,63,54.0,4.48,0.84,us,10.36,6.532,0.034,270
51.0925,159.2291,26.201,4.5,80,127.0,1.967,0.85,us,7.37,5.264,0.055,97
51.7553,178.5691,96.582,4.3,78,162.0,0.177,0.55,us,10.33,4.648,0.086,38
-58.9791,-149.8336,10.0,4.6,23,108.0,23.689,0.66,us,14.75,1.915,0.119,21
52.9781,160.5487,35.0,4.1,18,119.0,1.148,0.77,us,5.36,1.942,0.174,9
21.0837,121.9257,10.0,4.8,117,78.0,1.896,0.73,us,2.31,1.839,0.049,127
35.0114,141.3563,41.956,4.1,16,155.0,2.284,0.97,us,10.73,2.745,0.213,6
33.8177,141.5992,10.0,4.5,27,137.0,1.649,0.38,us,7.94,1.904,0.131,17
52.2349,160.75,23.482,4.1,20,149.0,1.504,1.13,us,9.1,8.325,0.135,15
14.841,-94.564,10.0,4.3,39,163.0,1.753,0.95,us,7.33,1.953,0.114,22
52.0447,160.1242,34.473,4.6,77,133.0,1.823,0.68,us,11.9,5.967,0.068,65
-34.539,-73.9152,19.85,4.1,29,192.0,2.102,0.71,us,8.01,6.711,0.233,5
-26.8882,-176.4787,56.245,4.4,22,123.0,9.839,0.64,us,14.6,9.962,0.12,20
1.6654,127.3281,139.451,4.6,67,79.0,0.888,0.64,us,7.19,6.272,0.065,71
52.9581,161.1012,10.0,4.4,22,212.0,1.483,1.12,us,9.68,2.0,0.115,22
51.5321,159.3331,37.596,4.3,21,137.0,1.551,0.8,us,13.49,8.099,0.154,12
-24.668,179.9121,513.356,4.3,92,47.0,4.949,0.77,us,11.2,7.232,0.058,92
39.4055,143.8234,10.0,4.3,30,154.0,2.527,0.53,us,8.63,1.94,0.125,18
52.7755,160.9359,10.0,4.4,32,156.0,1.407,0.63,us,8.06,1.77,0.105,26
5.1535,126.3407,87.097,4.1,20,141.0,0.955,1.04,us,10.54,8.711,0.145,13
-17.9457,-178.4226,564.849,4.6,45,95.0,2.565,0.89,us,9.43,9.444,0.092,35
5.5922,-32.9158,10.0,4.8,43,69.0,11.728,0.75,us,7.99,1.873,0.061,82
51.3058,158.4395,45.709,4.5,36,125.0,1.725,0.99,us,10.93,6.775,0.1,29
-20.2032,-178.1048,560.186,4.1,23,141.0,4.382,0.53,us,14.47,8.731,0.123,18
34.7678,24.068,47.995,4.3,33,111.0,2.651,1.03,us,9.82,9.469,0.109,24
51.5075,159.8766,11.96,4.3,27,127.0,1.695,1.4,us,10.02,5.6,0.116,21
-20.8173,-178.9283,482.157,3.9,18,133.0,4.18,0.7,us,18.53,11.96,0.132,15
11.2535,124.1286,10.0,4.6,60,82.0,4.397,0.69,us,11.79,1.882,0.066,69
46.219,136.3127,420.592,4.6,149,34.0,3.662,0.85,us,9.07,6.585,0.024,499
12.0869,-88.1032,42.077,4.4,30,198.0,1.219,0.77,us,6.38,10.62,0.088,39
52.0343,161.4248,10.0,4.0,18,138.0,1.963,0.84,us,7.32,1.91,0.183,8
-9.053,124.8217,35.0,4.3,16,113.0,0.887,0.59,us,8.9,1.882,0.143,14
-1.0093,99.6812,57.856,4.2,35,137.0,3.116,1.05,us,9.21,7.675,0.11,24
-54.5726,-118.9566,10.0,4.7,36,119.0,30.283,0.81,us,14.26,1.888,0.095,34
-3.3915,145.9476,10.0,4.6,22,71.0,1.95,0.58,us,8.09,1.775,0.141,15
10.6179,-62.4411,99.591,4.1,23,137.0,1.691,1.11,us,10.22,9.846,0.233,5
-24.0849,-67.0551,230.52,4.3,30,75.0,1.528,0.49,us,10.15,9.766,0.188,8
52.6084,160.6974,35.0,4.2,31,188.0,1.31,0.76,us,12.06,1.98,0.128,18
52.7715,161.0444,10.0,4.8,55,120.0,1.472,1.38,us,9.54,1.885,0.052,115
-8.568,112.9143,136.963,4.5,63,46.0,1.228,1.17,us,7.75,6.692,0.076,51
51.332,159.7044,24.879,4.2,26,128.0,1.814,1.23,us,9.95,6.105,0.124,18
-20.9605,169.0179,10.0,4.5,18,181.0,2.199,0.85,us,9.59,1.94,0.205,11
-19.9342,-177.8107,554.348,4.1,20,113.0,4.359,0.7,us,15.71,9.132,0.14,14
5.1217,125.5639,10.0,4.3,21,131.0,0.395,1.14,us,7.16,1.906,0.137,15
51.6948,160.2336,10.0,4.5,17,127.0,1.647,1.05,us,10.39,1.92,0.156,12
30.1914,51.8503,10.0,4.9,86,62.0,6.498,1.14,us,7.93,1.887,0.069,66
18.4923,94.6762,47.453,4.9,134,63.0,2.145,0.51,us,7.52,6.572,0.052,118
52.8288,160.6844,37.768,4.4,19,149.0,1.247,1.14,us,11.3,10.301,0.169,10
50.2502,-173.2148,10.0,3.8,83,201.0,2.049,1.21,us,9.23,1.984,0.085,36
-56.8866,-140.9671,10.0,4.2,10,93.0,33.269,1.04,us,16.58,1.547,0.198,7
27.982,139.8043,426.619,4.4,91,58.0,2.29,0.61,us,11.27,7.316,0.062,76
-18.5953,-179.2141,524.107,4.2,13,134.0,2.502,1.34,us,20.67,10.94,0.124,20
34.5635,136.8457,337.168,4.8,98,65.0,0.799,0.64,us,7.34,3.531,0.024,530
53.0302,160.9551,10.0,4.4,27,137.0,1.392,1.05,us,12.18,1.929,0.144,14
-60.2434,-62.6393,10.0,4.2,14,143.0,4.595,0.9,us,7.39,1.948,0.167,12
51.5661,159.8085,10.0,4.6,33,127.0,1.624,1.34,us,9.89,1.918,0.125,20
52.7224,161.0234,10.0,4.1,27,163.0,1.47,0.98,us,13.22,1.968,0.13,16
49.846,156.0705,64.658,4.5,65,132.0,3.422,0.7,us,7.7,7.244,0.052,110
51.6573,159.1871,35.776,4.6,65,134.0,1.407,0.74,us,10.68,7.214,0.067,67
3.3331,-31.2824,10.0,4.3,16,158.0,10.202,1.09,us,15.41,1.89,0.148,16
53.2008,159.8389,56.502,4.1,16,188.0,0.738,1.03,us,13.76,11.799,0.185,10
24.6834,122.4083,10.0,4.9,50,44.0,0.59,0.77,us,2.87,1.872,0.085,44
-7.3522,128.1259,162.077,4.6,34,93.0,4.501,0.83,us,10.2,1.428,0.099,30
-6.7017,129.8172,160.711,4.7,55,31.0,2.167,0.8,us,8.37,7.13,0.079,49
-16.0175,-177.2411,429.605,4.4,67,111.0,3.287,0.96,us,14.44,7.336,0.077,49
9.7939,-70.7598,10.0,4.4,39,92.0,0.913,0.68,us,7.53,1.91,0.117,21
49.6348,157.3719,35.0,4.4,24,137.0,3.484,0.77,us,13.16,1.951,0.112,23
-60.1188,-61.9218,10.0,4.6,15,146.0,8.389,0.37,us,7.59,1.915,0.146,14
52.9253,160.7012,36.108,4.4,41,161.0,1.244,1.03,us,11.77,9.505,0.098,30
-17.9403,-179.1514,595.793,4.2,27,86.0,2.67,0.55,us,15.7,10.072,0.107,24
31.352,50.2291,10.0,4.2,37,146.0,5.271,0.45,us,10.71,1.945,0.113,22
-5.8142,152.5266,10.0,4.7,74,110.0,1.578,0.64,us,4.29,1.888,0.068,65
51.858,160.4303,10.0,4.6,28,217.0,2.088,0.8,us,10.77,1.984,0.114,23
60.4092,-139.5694,5.0,4.9,42,84.0,0.463,1.13,us,4.38,1.907,0.187,9
-15.5218,-175.7339,10.0,4.9,29,112.0,4.146,0.75,us,11.54,1.887,0.11,26
11.137,123.9683,10.0,4.7,69,109.0,4.343,0.99,us,12.02,1.886,0.066,70
51.6346,159.4151,38.24,4.9,74,126.0,1.468,0.91,us,8.23,6.992,0.065,74
51.6595,159.753,10.0,4.7,39,135.0,1.524,1.05,us,10.91,1.912,0.078,49
50.1277,158.5947,10.0,4.4,57,134.0,2.9,0.58,us,10.66,1.905,0.076,49
-5.7806,130.9141,118.123,4.4,38,103.0,1.604,0.77,us,8.14,6.0,0.097,31
-6.2308,129.7866,200.848,4.4,17,89.0,4.104,0.42,us,10.13,12.346,0.155,12
47.2336,152.3526,120.88,4.0,47,136.0,6.555,0.6,us,12.72,8.36,0.088,34
-17.7836,168.0866,42.669,4.3,19,134.0,2.473,0.68,us,7.9,6.986,0.148,13
-15.5489,-70.5949,205.95,4.2,26,139.0,2.293,1.02,us,6.54,10.124,0.102,27
13.1257,-91.0028,10.0,4.4,48,194.0,1.418,1.08,us,8.91,1.95,0.038,205
-53.4264,24.8953,10.0,4.4,18,105.0,21.24,0.61,us,14.49,1.923,0.134,16
-30.2388,-177.4398,35.0,4.7,21,201.0,1.059,1.16,us,9.81,1.983,0.134,18
39.2068,28.171,10.0,4.0,18,56.0,1.024,0.68,us,4.86,1.953,0.298,3
9.9265,-70.8178,10.0,4.6,42,74.0,1.051,1.08,us,7.11,1.828,0.089,37
45.2558,149.7259,75.248,4.6,21,146.0,5.134,1.44,us,13.71,7.988,0.158,12
2.9103,-31.5242,10.0,4.5,30,82.0,9.718,1.01,us,12.02,1.89,0.099,30
-14.3189,167.4683,197.502,4.6,29,118.0,1.15,0.84,us,12.45,7.566,0.119,22
-6.3591,155.1338,160.898,4.7,48,95.0,3.659,0.51,us,6.62,7.188,0.078,49
35.2159,46.7802,10.0,4.0,32,63.0,0.874,0.54,us,6.1,1.922,0.163,13
51.1532,160.7605,10.0,4.3,20,138.0,2.281,0.64,us,13.03,1.921,0.142,14
-22.001,-175.6772,73.286,4.9,38,123.0,7.215,0.96,us,15.14,6.469,0.109,29
-17.778,167.9642,35.0,4.2,19,179.0,2.43,0.66,us,10.66,1.969,0.147,13
23.572,120.6996,19.064,4.2,34,99.0,0.278,0.44,us,2.48,3.248,0.146,13
34.7852,32.4193,10.0,4.3,17,158.0,0.77,0.7,us,5.71,1.943,0.217,6
49.6406,157.9655,10.0,4.4,20,138.0,3.415,0.43,us,13.58,1.922,0.143,14
50.1868,157.2929,35.0,5.5,113,77.0,2.935,0.78,us,8.49,1.888,0.025,535
-17.7597,-178.0375,476.548,4.4,31,121.0,2.787,0.37,us,17.8,15.879,0.112,23
16.6983,40.9583,10.0,4.3,39,98.0,3.927,1.14,us,8.19,1.905,0.091,34
6.2029,126.8673,81.185,4.3,31,130.0,1.542,0.78,us,9.96,6.562,0.113,25
-38.8867,175.1505,234.813,4.6,47,49.0,0.387,0.95,us,6.5,2.608,0.097,32
52.8163,160.4631,36.527,4.1,22,119.0,1.117,0.47,us,10.72,4.22,0.127,17
51.4128,159.5325,26.057,4.6,30,138.0,1.702,0.87,us,7.52,6.434,0.122,20
29.3596,129.0923,10.0,4.4,41,104.0,2.443,1.08,us,5.48,1.818,0.085,43
50.8374,-172.0569,10.0,3.6,28,201.0,1.912,0.66,us,7.2,1.987,0.166,9
50.0928,157.764,27.83,4.3,28,138.0,2.986,1.23,us,10.79,5.672,0.138,17
-21.2646,169.4783,10.0,4.3,23,112.0,2.315,1.04,us,9.32,1.598,0.129,17
52.1579,160.5211,10.0,4.2,24,162.0,1.433,1.15,us,10.48,1.964,0.113,22
28.8711,129.9377,10.0,4.5,35,179.0,2.507,0.79,us,7.02,1.917,0.09,36
17.5473,120.712,54.122,4.4,44,100.0,5.254,0.63,us,11.41,8.458,0.105,26
49.1306,155.2613,73.527,4.3,50,135.0,4.268,1.05,us,12.64,7.969,0.08,45
52.1725,160.7874,10.0,5.0,35,124.0,1.558,0.88,us,7.66,1.891,0.08,50
51.2399,159.3285,35.0,4.2,20,168.0,2.123,1.0,us,6.12,1.968,0.146,13
34.5804,70.7936,10.0,4.5,59,124.0,1.371,1.06,us,8.0,1.89,0.077,50
-13.0398,166.7778,125.525,4.3,26,93.0,2.428,0.89,us,8.34,7.153,0.13,17
-33.2603,77.945,10.0,4.4,12,111.0,47.188,0.37,us,11.17,1.842,0.17,10
52.8725,159.8745,44.167,4.1,28,118.0,0.756,1.27,us,10.42,8.389,0.105,25
49.8801,157.1114,44.827,4.1,30,193.0,3.253,0.57,us,14.53,9.021,0.126,17
32.9099,76.2043,35.0,4.1,26,269.0,5.611,1.33,us,14.03,2.006,0.174,9
50.0412,159.4925,10.0,4.4,38,129.0,3.032,0.92,us,10.38,1.897,0.095,32
-19.2739,-177.5505,559.03,4.3,72,49.0,4.041,1.01,us,13.24,6.758,0.085,39
60.5462,-139.9158,5.0,4.4,55,50.0,0.482,0.87,us,1.81,1.887,0.17,10
-33.461,78.0184,10.0,4.5,21,86.0,28.297,0.35,us,13.41,1.918,0.125,19
-7.1735,129.2667,135.17,4.1,15,114.0,5.165,0.56,us,8.45,8.822,0.213,8
52.6834,160.9778,10.0,4.7,51,125.0,1.452,0.77,us,11.13,1.852,0.048,130
52.9209,160.4597,35.0,4.4,27,158.0,1.099,1.23,us,9.61,1.915,0.112,24
-22.2884,-67.3096,170.316,4.2,18,73.0,1.04,1.12,us,8.76,7.309,0.159,11
6.9436,127.1134,10.0,4.2,24,128.0,1.528,0.97,us,10.61,1.915,0.128,17
21.2716,99.6496,12.1,4.4,49,87.0,0.057,0.46,us,6.86,3.725,0.093,37
54.4103,-163.2564,10.0,4.2,64,147.0,0.368,0.7,us,2.66,1.862,0.082,41
-35.9912,-179.9542,10.0,4.3,13,245.0,2.1,0.79,us,15.6,2.002,0.169,10
13.4673,-92.4823,10.0,4.2,39,189.0,1.409,0.6,us,8.66,1.971,0.11,23
-9.6123,119.5807,67.743,4.9,81,53.0,0.709,1.16,us,6.03,4.964,0.073,59
51.7491,159.0146,35.0,5.1,43,125.0,1.296,0.73,us,9.34,1.943,0.11,27
-3.7917,136.6549,122.169,4.1,19,79.0,2.021,0.77,us,8.35,11.928,0.198,8
-5.3847,151.6376,113.89,4.1,27,152.0,1.296,0.73,us,11.92,4.025,0.107,24
-60.3848,-62.2424,10.0,4.9,25,98.0,4.485,0.71,us,6.3,1.873,0.162,15
-14.4629,167.3649,103.223,4.3,17,162.0,0.991,0.32,us,12.95,7.254,0.177,9
50.4404,156.3974,79.264,5.6,184,43.0,2.791,0.64,us,8.6,6.891,0.029,417
51.2127,158.899,32.829,4.3,26,124.0,1.82,0.96,us,10.66,6.506,0.116,24
52.6177,161.5813,10.0,4.2,23,124.0,2.404,0.58,us,10.08,1.916,0.141,14
34.3478,23.8015,11.464,4.7,36,237.0,3.008,0.85,us,12.89,8.583,0.11,25
-17.9008,-69.3494,150.639,4.3,20,94.0,0.334,0.71,us,5.27,4.51,0.177,9
0.2243,122.0056,198.613,4.4,47,73.0,1.472,0.7,us,7.96,6.622,0.096,31
-6.5306,130.0234,165.128,4.5,31,75.0,1.999,0.46,us,9.16,4.297,0.118,21
28.2001,140.7287,161.957,4.6,82,43.0,1.696,0.93,us,10.09,6.356,0.038,207
-19.3442,169.6929,35.0,4.5,21,100.0,3.871,0.77,us,8.41,1.943,0.163,13
-60.2284,-61.8747,10.0,4.5,19,124.0,4.673,0.78,us,8.33,1.947,0.145,14
43.3761,-61.4153,10.0,3.8,10,247.0,2.014,0.82,us,4.04,2.017,0.294,3
-15.3445,167.4272,108.995,4.4,17,262.0,0.239,0.57,us,15.87,5.722,0.162,11
-29.2135,-13.6651,10.0,4.9,56,70.0,7.914,0.76,us,10.55,1.872,0.076,54
49.8259,158.4045,10.0,4.2,23,136.0,3.206,0.56,us,6.52,1.934,0.146,13
-56.5087,-25.5725,29.391,4.4,21,103.0,17.958,0.44,us,14.79,7.582,0.134,21
50.3256,159.0676,10.0,4.4,32,134.0,2.714,0.74,us,8.03,1.566,0.117,21
-12.1686,166.5046,93.295,4.6,29,226.0,3.329,0.93,us,15.44,12.597,0.107,26
51.4224,159.5498,35.0,4.4,13,212.0,1.696,0.67,us,11.39,2.0,0.162,11
51.9517,160.8726,10.0,4.1,14,217.0,1.732,0.93,us,7.21,1.992,0.213,7
51.9771,159.3433,64.69,4.7,150,131.0,1.13,0.59,us,9.09,6.638,0.038,212
49.902,156.1812,80.935,4.4,51,137.0,3.348,0.49,us,12.88,8.622,0.081,44
4.8929,123.0324,573.765,4.2,48,56.0,2.443,0.72,us,12.41,8.778,0.087,37
25.8739,128.9672,10.0,4.6,47,68.0,1.143,0.88,us,4.79,1.899,0.091,36
-3.5845,-79.8973,59.178,4.4,26,118.0,1.282,0.93,us,9.23,11.838,0.179,9
17.2807,146.0672,123.471,4.4,104,76.0,2.046,0.71,us,11.05,7.86,0.055,96
52.3884,160.6799,10.0,4.2,37,121.0,1.389,0.72,us,9.67,1.908,0.101,27
13.1322,50.1725,10.0,4.4,21,147.0,7.333,0.87,us,12.7,1.886,0.143,14
-25.9649,179.6835,508.72,4.9,65,85.0,8.319,0.68,us,12.66,7.55,0.075,56
51.4567,159.451,33.883,4.5,37,167.0,1.645,0.72,us,10.4,7.074,0.089,37
51.7321,159.309,35.0,5.5,146,111.0,1.355,0.75,us,7.24,1.887,0.021,770
-18.4104,167.9108,10.0,4.9,40,74.0,3.894,1.05,us,8.02,1.889,0.104,29
9.7295,126.1711,57.815,4.8,60,78.0,2.707,0.67,us,10.22,5.946,0.067,70
52.7107,159.5146,63.772,4.6,36,117.0,0.611,1.36,us,10.13,7.03,0.103,28
7.0882,127.5859,10.0,4.0,21,96.0,1.992,0.56,us,5.14,1.836,0.164,11
6.3683,126.3743,95.618,4.5,50,112.0,1.053,0.94,us,6.28,6.793,0.081,44
51.2637,-178.4046,47.643,4.4,68,189.0,0.387,0.88,us,5.53,7.138,0.044,154
41.0731,75.1541,10.0,4.5,52,86.0,0.107,1.03,us,4.25,1.894,0.097,31
51.8636,158.5225,72.11,4.1,44,118.0,1.164,0.8,us,9.52,7.547,0.082,43
29.4287,129.3406,10.0,4.4,31,110.0,2.285,0.58,us,6.22,1.874,0.114,26
54.5132,-160.2302,35.0,3.9,36,213.0,0.49,1.05,us,5.16,1.935,0.142,13
21.8376,143.4495,193.538,4.0,42,139.0,5.36,0.78,us,13.75,8.407,0.09,33
-6.6149,129.9367,145.501,4.5,59,59.0,2.079,0.63,us,8.69,7.264,0.073,55
-16.9042,-173.874,10.0,4.6,28,81.0,3.597,0.67,us,11.24,1.596,0.128,18
52.3467,160.6799,10.0,4.1,19,166.0,1.409,0.92,us,10.97,1.963,0.174,9
-10.4808,124.6142,10.0,4.4,12,136.0,0.798,1.24,us,8.72,1.774,0.204,7
-47.8478,115.9885,10.0,4.9,38,75.0,14.933,0.55,us,6.18,1.858,0.096,34
-2.5089,139.8282,35.0,4.6,33,62.0,0.874,1.0,us,7.63,1.886,0.088,38
27.1766,143.1584,10.0,4.1,14,215.0,0.872,0.46,us,8.96,1.953,0.166,10
16.2496,41.1584,10.0,4.3,29,101.0,3.537,0.64,us,10.33,1.932,0.111,23
-16.3174,-74.3872,39.37,4.4,20,150.0,4.37,0.66,us,10.04,9.968,0.19,8
54.6742,160.0174,10.0,4.3,24,133.0,1.842,0.95,us,13.69,1.909,0.088,37
-28.3037,62.7506,10.0,5.0,63,52.0,8.528,0.98,us,9.91,1.861,0.075,57
52.5896,159.243,59.739,4.8,87,111.0,0.564,0.81,us,7.58,5.651,0.028,384
52.2457,160.2142,35.0,4.5,42,123.0,1.231,0.81,us,9.71,1.927,0.096,32
-20.8705,-178.6275,600.489,4.1,23,203.0,4.415,0.51,us,21.78,19.505,0.131,19
13.9134,144.6483,148.056,3.8,10,102.0,0.387,1.14,us,13.98,9.878,0.227,6
52.3719,159.9605,67.484,4.7,138,134.0,1.03,0.62,us,9.65,6.53,0.05,119
51.5401,161.1661,10.0,4.3,31,129.0,2.144,0.55,us,10.39,1.926,0.107,25
51.7733,159.4237,10.0,5.2,84,56.0,1.339,1.14,us,7.88,1.802,0.023,629
51.9196,-169.8577,16.806,4.1,83,171.0,0.872,0.83,us,5.02,4.162,0.05,109
9.6436,126.3902,35.0,5.0,165,74.0,2.68,0.65,us,9.95,1.821,0.047,145
25.4001,141.1153,147.669,4.6,36,118.0,1.942,0.63,us,10.43,7.372,0.078,49
51.6425,159.658,10.0,4.4,50,133.0,1.515,0.92,us,8.9,1.876,0.065,68
-37.1842,52.411,10.0,4.8,62,51.0,13.025,0.63,us,8.39,1.785,0.074,57
12.8612,-90.9307,10.0,4.4,40,244.0,1.525,1.08,us,9.42,1.997,0.078,47
51.752,160.1481,10.0,4.2,24,156.0,1.57,0.94,us,10.18,1.971,0.128,17
51.2193,159.4062,40.937,4.6,28,144.0,1.866,0.94,us,11.65,7.057,0.111,24
23.4757,94.7072,102.184,4.4,60,67.0,2.267,0.62,us,10.08,7.216,0.077,49
52.9883,160.5348,10.0,4.8,59,118.0,1.14,0.67,us,9.47,1.87,0.08,48
52.2135,161.644,10.0,4.8,81,126.0,1.997,0.61,us,10.2,1.852,0.042,175
51.1916,159.5628,10.0,4.6,38,130.0,1.919,0.72,us,7.99,1.907,0.09,37
52.12,160.419,35.0,4.8,145,89.0,1.931,0.68,us,8.88,1.912,0.038,221
52.8466,161.1368,22.918,4.8,38,110.0,7.863,0.61,us,14.01,5.804,0.105,28
52.9096,160.3364,35.0,4.4,50,165.0,1.026,0.97,us,9.74,1.956,0.086,39
51.6744,159.7699,10.0,4.6,34,229.0,1.516,0.69,us,12.59,1.947,0.089,38
51.4367,159.4866,31.169,4.5,49,137.0,1.67,0.87,us,9.05,4.591,0.083,43
-23.3734,179.0041,546.395,4.6,57,58.0,5.67,0.84,us,12.26,8.892,0.031,311
17.8001,40.1464,10.0,4.6,89,53.0,5.193,0.37,us,7.74,1.804,0.063,75
-3.5765,135.5487,10.0,5.0,46,32.0,1.313,0.83,us,6.39,1.815,0.072,62
34.1815,137.2194,333.697,4.1,53,67.0,1.176,0.79,us,9.22,6.629,0.063,69
2.4909,128.4556,226.675,4.6,89,104.0,3.713,0.49,us,9.14,6.807,0.064,72
-5.0624,149.6006,393.853,4.4,41,55.0,2.697,0.6,us,9.36,7.521,0.071,58
38.4887,142.1333,35.0,4.4,58,134.0,2.441,0.58,us,8.54,1.928,0.084,41
-23.9974,-66.5944,194.469,4.5,45,69.0,1.789,1.23,us,9.64,7.639,0.046,141
-0.3619,124.5287,64.707,4.4,20,59.0,1.821,0.96,us,5.79,9.318,0.169,10
39.3415,143.3524,10.0,5.0,56,135.0,2.274,1.25,us,7.35,1.9,0.094,36
-17.7132,168.0571,37.638,4.6,32,181.0,2.397,0.43,us,8.3,4.952,0.105,27
23.9296,122.3211,22.534,4.3,29,84.0,0.707,0.62,us,3.18,5.819,0.154,12
52.1842,160.3934,10.0,4.5,47,121.0,1.355,1.33,us,8.48,1.902,0.094,35
-1.3104,133.9928,42.419,4.8,86,70.0,1.53,0.68,us,6.26,7.402,0.064,76
-4.4179,144.4685,174.214,4.7,62,54.0,3.733,0.79,us,8.28,6.395,0.051,116
53.1144,160.9254,34.176,4.1,28,195.0,1.376,0.64,us,15.58,5.869,0.107,24
22.7425,-45.1214,10.0,4.6,54,53.0,16.327,0.95,us,11.02,1.877,0.079,48
24.7847,121.6803,55.785,4.1,24,58.0,0.251,1.04,us,4.21,4.8,0.174,9
52.0143,160.4604,10.0,4.2,14,216.0,1.498,0.59,us,13.27,1.971,0.214,7
-57.6504,-8.7007,10.0,4.4,11,118.0,14.287,0.51,us,15.55,1.193,0.17,10
-7.378,128.8768,138.247,4.5,38,77.0,5.134,0.7,us,9.59,8.513,0.099,30
60.4446,-139.5603,5.0,4.1,73,50.0,0.491,0.63,us,1.91,1.906,0.198,7
50.4088,157.936,10.0,4.5,37,134.0,2.656,1.01,us,12.58,1.907,0.057,92
53.139,160.6926,31.171,4.2,16,172.0,1.238,1.3,us,14.05,9.317,0.166,10
40.957,143.0467,44.77,4.0,23,142.0,1.06,0.48,us,7.06,8.154,0.138,14
15.8203,-95.1353,49.469,4.1,50,133.0,1.766,0.87,us,3.84,12.88,0.078,45
73.2204,6.5925,10.0,4.5,68,64.0,5.867,0.67,us,4.08,1.856,0.082,43
34.7738,62.1033,10.0,4.6,81,93.0,5.801,0.82,us,7.03,1.853,0.051,116
-18.0983,-173.621,35.0,4.3,12,87.0,3.636,0.38,us,8.25,1.878,0.168,10
50.7947,158.8605,18.599,4.9,97,130.0,2.236,0.66,us,8.89,4.737,0.04,202
34.6027,70.7233,10.0,4.2,34,124.0,1.314,0.92,us,8.85,1.911,0.108,24
50.7542,158.8384,35.0,4.3,26,166.0,2.276,0.64,us,8.92,1.914,0.126,18
-5.5494,147.3749,197.913,5.0,111,30.0,3.483,0.94,us,6.42,4.518,0.039,220
15.6726,122.2526,21.521,4.6,38,158.0,7.193,0.64,us,12.34,5.681,0.111,24
-15.1264,172.3477,636.785,4.5,67,63.0,4.975,0.79,us,12.61,9.278,0.068,64
51.461,159.7026,10.0,4.5,46,163.0,1.693,0.8,us,7.14,1.913,0.087,39
-60.346,-31.3399,10.0,4.7,17,70.0,6.685,0.35,us,11.45,1.916,0.138,16
52.0852,160.5072,10.0,4.6,84,64.0,1.473,0.72,us,8.35,1.864,0.064,73
52.0083,159.9324,35.0,4.9,53,156.0,1.753,1.15,us,7.25,1.89,0.064,98
53.0294,160.8521,28.898,4.3,28,143.0,1.33,1.01,us,13.65,7.025,0.122,19
52.3254,160.39,10.0,4.4,26,119.0,1.269,1.19,us,7.64,1.856,0.117,21
-47.3633,165.4721,10.0,4.3,37,99.0,1.457,0.91,us,8.11,1.922,0.177,9
51.2261,160.9503,10.0,4.7,93,123.0,2.291,0.49,us,7.46,1.906,0.058,89
-5.465,150.9384,103.873,4.6,34,87.0,1.581,0.71,us,10.25,8.346,0.105,27
8.4317,126.0015,10.0,4.5,37,115.0,1.417,1.16,us,10.63,1.886,0.108,25
40.6629,72.0828,10.0,4.5,28,95.0,0.528,0.53,us,2.82,1.928,0.145,14
16.3329,-59.675,10.0,4.4,35,201.0,1.327,0.54,us,7.31,1.964,0.19,8
40.9483,142.877,35.0,4.6,50,128.0,1.086,0.69,us,7.13,1.927,0.098,31
51.9077,-177.3059,10.0,4.7,28,71.0,0.069,1.07,us,3.07,1.92,0.12,24
51.9186,159.2403,17.275,4.5,41,125.0,1.164,1.12,us,9.46,5.238,0.09,39
39.195,73.5311,10.0,4.1,24,106.0,1.026,1.22,us,4.34,1.922,0.26,4
2.9435,65.1877,10.0,4.2,16,73.0,12.584,0.59,us,12.9,1.919,0.167,10
47.3687,152.5664,117.466,4.2,34,132.0,6.62,0.92,us,14.19,10.356,0.108,24
51.4883,159.7399,25.11,4.9,79,120.0,2.05,1.15,us,8.66,5.216,0.061,115
51.6928,160.4683,10.0,4.7,21,205.0,2.211,0.69,us,10.24,1.95,0.129,18
6.09,94.9211,10.0,4.5,40,107.0,2.19,0.72,us,8.14,1.851,0.106,27
3.012,-31.3323,10.0,4.9,61,66.0,9.895,0.82,us,9.09,1.726,0.059,92
-9.2676,124.3365,32.198,4.4,18,85.0,0.489,1.01,us,5.24,6.72,0.161,11
64.5469,-39.8663,10.0,4.1,18,139.0,4.245,0.54,us,8.0,1.556,0.145,13
-52.808,19.8841,10.0,4.3,11,162.0,20.427,0.51,us,15.61,1.988,0.177,9
-3.0501,130.262,26.245,4.6,46,47.0,1.505,0.83,us,4.99,5.004,0.084,42
57.8398,155.8146,10.0,4.5,40,95.0,3.155,0.58,us,9.43,1.889,0.088,38
51.8507,160.4148,10.0,4.4,29,185.0,1.596,0.81,us,13.11,1.956,0.12,20
51.7562,158.1845,72.653,4.9,87,121.0,1.301,0.77,us,8.7,5.986,0.028,388
-3.4937,140.5688,35.0,4.4,23,145.0,0.982,0.96,us,6.46,1.842,0.138,15
-16.9023,-71.8889,133.309,4.0,20,283.0,2.076,0.65,us,14.07,12.223,0.232,5
1.6188,125.9846,73.706,4.4,21,92.0,1.157,0.68,us,5.81,8.571,0.17,10
-12.0871,166.2017,81.535,4.5,35,145.0,3.479,1.27,us,11.48,8.741,0.1,29
12.5946,144.281,35.0,4.5,21,165.0,1.142,0.84,us,11.87,1.983,0.15,13
-52.603,140.0909,10.0,4.4,14,142.0,15.499,0.61,us,13.55,1.95,0.148,13
12.6049,-89.8876,10.0,4.5,96,179.0,1.294,0.6,us,6.06,1.959,0.053,103
-6.2847,130.3955,142.364,4.4,51,45.0,3.82,0.75,us,8.24,7.812,0.089,37
-31.1823,-178.6234,10.0,4.4,14,251.0,6.851,0.35,us,12.68,1.995,0.149,13
51.2896,158.5078,40.968,4.2,57,132.0,1.739,0.48,us,12.04,7.949,0.077,47
29.2614,99.6697,25.117,4.9,70,66.0,7.459,0.57,us,8.12,5.022,0.065,74
54.4544,-159.771,10.0,3.6,75,197.0,0.392,1.19,us,5.4,1.976,0.289,3
51.8277,159.1275,48.446,4.4,63,125.0,1.233,1.08,us,8.75,6.98,0.059,82
-1.7675,-78.0415,155.618,4.5,73,62.0,0.273,0.84,us,7.48,4.152,0.045,144
-17.6307,-69.4268,151.89,4.2,25,79.0,0.065,0.91,us,8.41,4.416,0.132,16
51.6393,159.7321,10.0,4.2,16,163.0,1.537,0.91,us,9.53,1.977,0.175,9
36.241,142.206,10.0,4.7,36,97.0,3.239,0.98,us,5.48,1.875,0.097,32
52.1222,160.3216,27.84,4.3,24,124.0,1.362,0.65,us,10.7,6.161,0.119,22
19.6058,146.7683,10.0,4.5,68,134.0,4.44,0.4,us,5.24,1.895,0.076,51
-0.8989,120.3595,10.0,4.5,40,78.0,1.628,0.98,us,5.23,1.87,0.111,24
52.5195,159.7031,16.375,6.3,29,121.0,0.815,0.67,us,9.45,5.247,0.116,29
-20.1401,66.3055,10.0,4.8,61,59.0,2.788,0.46,us,6.85,1.862,0.079,51
-9.6292,151.2083,10.0,4.6,32,106.0,4.0,0.42,us,8.84,1.901,0.116,22
-22.7284,170.9369,10.0,4.4,29,132.0,3.226,0.73,us,10.02,1.878,0.138,15
-3.4221,140.2569,10.0,4.2,20,118.0,1.005,1.02,us,3.17,1.892,0.152,12
-11.312,165.8242,55.485,4.5,42,115.0,4.324,0.58,us,10.12,7.452,0.089,37
-17.6708,-178.9722,546.798,4.4,122,127.0,1.98,0.63,us,13.34,4.568,0.043,158
52.6651,160.8439,10.0,4.7,41,120.0,1.378,0.9,us,10.37,1.902,0.098,32
51.253,-174.8606,10.0,3.7,28,226.0,0.99,0.81,us,3.16,1.974,0.168,9
27.3577,127.3827,132.756,4.5,90,67.0,0.948,0.83,us,8.03,6.987,0.062,76
65.9909,-37.6514,10.0,4.1,52,136.0,5.289,0.89,us,9.72,1.974,0.079,44
-60.4748,-36.9911,10.0,4.5,13,109.0,6.214,0.76,us,11.27,1.931,0.156,13
-22.1152,-179.5665,611.176,4.3,54,121.0,4.89,0.63,us,15.21,7.672,0.094,37
81.2206,118.5921,10.0,4.9,97,77.0,9.907,0.57,us,10.5,1.889,0.03,345
-9.623,112.8724,49.654,5.0,60,60.0,1.706,0.6,us,6.53,7.491,0.087,42
-57.5726,157.7867,32.868,4.8,45,44.0,3.149,0.59,us,11.96,4.488,0.121,22
51.5465,16.2354,5.0,4.3,54,43.0,1.199,0.81,us,4.37,1.884,0.087,37
51.1557,159.7211,10.0,4.4,10,246.0,1.984,0.36,us,14.42,1.995,0.24,5
-6.0555,151.7754,10.0,4.7,60,52.0,1.892,1.03,us,7.16,1.872,0.076,53
51.434,159.3294,33.687,4.3,39,135.0,1.646,0.69,us,5.36,5.53,0.106,25
50.255,159.0845,10.0,4.3,25,134.0,2.786,1.21,us,10.66,1.908,0.148,14
50.4134,159.0824,10.0,4.8,57,133.0,2.628,1.33,us,8.78,1.888,0.087,41
-18.6281,-177.721,624.188,4.4,42,166.0,3.503,0.58,us,16.6,9.549,0.09,35
42.4627,72.3418,10.0,4.2,17,119.0,0.739,1.0,us,3.26,1.484,0.215,6
43.8486,-128.0755,10.0,4.4,32,210.0,2.032,1.41,us,10.77,2.0,0.064,71
-5.8135,152.0241,10.0,4.1,13,172.0,1.497,0.46,us,12.03,1.939,0.174,9
-17.4331,167.6873,10.0,4.9,34,152.0,4.469,0.58,us,11.9,1.92,0.104,29
52.4912,160.5727,10.0,4.5,58,120.0,1.284,0.89,us,9.42,1.882,0.072,56
53.0026,159.6915,39.905,4.4,25,141.0,1.207,0.65,us,11.48,8.332,0.115,22
-11.0965,113.3877,10.0,4.3,28,101.0,2.716,0.85,us,7.53,1.942,0.169,10
52.1154,160.5132,21.747,4.5,36,118.0,1.456,0.76,us,10.68,6.15,0.092,35
51.8966,152.8117,420.632,4.2,77,127.0,3.224,0.45,us,12.75,8.112,0.069,59
-2.2776,138.9354,37.56,4.3,29,77.0,0.898,0.91,us,8.79,1.786,0.109,24
-59.0596,-25.1373,35.0,4.9,51,67.0,15.54,0.57,us,7.56,1.758,0.083,46
52.2522,160.364,10.0,4.2,15,152.0,1.299,0.45,us,11.23,1.973,0.2,7
52.2503,160.4393,36.48,4.3,20,177.0,1.877,1.09,us,12.62,6.719,0.125,18
-55.1928,-129.4491,10.0,4.6,16,67.0,30.758,0.75,us,17.7,1.877,0.165,11
52.2723,160.2989,23.026,4.8,86,133.0,1.79,0.57,us,11.27,5.651,0.066,72
-30.342,-178.6068,168.546,4.2,15,259.0,7.644,1.23,us,21.8,15.221,0.146,13
54.7937,164.1397,10.0,4.5,81,102.0,4.163,0.77,us,6.23,1.791,0.057,91
39.2754,28.8874,10.0,4.1,31,44.0,1.426,0.77,us,4.13,1.937,0.185,8
-57.0537,-68.6834,10.0,4.4,14,154.0,2.207,0.58,us,10.49,1.873,0.19,8
51.1483,159.2805,35.0,4.2,12,231.0,1.918,0.63,us,13.96,1.993,0.2,7
52.4255,163.6086,10.0,4.5,67,135.0,3.074,0.53,us,11.43,1.917,0.057,89
-4.5264,102.5996,64.307,4.3,22,196.0,0.391,0.38,us,6.65,6.726,0.16,11
-22.1056,-68.9843,102.419,4.7,52,48.0,0.39,1.05,us,4.71,4.989,0.05,122
39.3807,143.4427,10.0,4.7,49,101.0,2.304,1.16,us,8.04,1.884,0.069,63
52.1584,160.4659,10.0,4.5,33,120.0,1.406,1.32,us,5.42,1.904,0.102,28
-19.313,-177.5673,574.565,4.3,38,125.0,4.056,0.63,us,15.46,10.474,0.1,29
36.603,54.8547,10.0,4.1,40,111.0,7.864,0.75,us,9.85,1.969,0.123,18
51.6779,160.0257,10.0,4.4,92,113.0,1.59,0.8,us,8.54,1.862,0.064,70
54.5127,-159.8963,37.645,3.6,22,204.0,0.365,0.46,us,6.95,11.996,0.224,5
53.037,-161.8862,10.0,4.2,41,173.0,1.951,0.64,us,6.41,1.951,0.1,28
9.6158,140.9692,35.368,4.4,20,80.0,5.494,0.8,us,9.64,8.502,0.17,10
12.2142,-64.7835,10.0,4.5,49,65.0,2.047,0.82,us,6.99,1.914,0.1,33
-55.3723,-28.0188,10.0,4.3,13,114.0,5.017,0.48,us,15.55,1.922,0.188,8
50.6499,156.9352,68.902,4.2,17,137.0,2.507,0.57,us,11.18,6.788,0.175,9
51.2006,159.1127,35.228,4.4,18,137.0,1.848,0.76,us,8.79,7.966,0.161,11
22.4404,94.5319,105.63,4.5,84,52.0,1.28,0.43,us,8.13,6.785,0.066,67
-60.1547,-61.7811,10.0,4.8,20,145.0,4.755,0.58,us,9.14,1.908,0.111,25
52.3318,160.5016,35.0,4.6,36,122.0,1.874,1.01,us,10.91,1.939,0.093,34
7.2969,127.3462,10.0,4.5,39,58.0,1.768,0.81,us,7.4,1.865,0.102,28
-11.9603,166.1371,70.99,5.0,83,115.0,3.617,0.99,us,10.43,7.066,0.067,71
13.8613,39.7802,10.0,4.5,28,175.0,3.784,0.75,us,14.91,1.97,0.096,32
12.6857,144.5652,26.72,4.4,37,214.0,0.945,0.5,us,12.65,9.034,0.101,28
40.8255,142.7591,47.786,5.6,108,67.0,1.225,0.47,us,6.44,4.675,0.031,355
-4.5323,153.1886,95.17,4.6,36,101.0,1.077,0.81,us,8.56,6.56,0.098,31
13.6724,92.7915,10.0,4.7,46,68.0,6.925,0.59,us,7.19,1.868,0.093,35
-9.5456,107.0754,10.0,4.4,46,67.0,1.635,0.8,us,5.87,1.865,0.092,34
16.1256,120.6539,10.0,4.7,66,107.0,6.669,0.81,us,11.17,1.918,0.077,51
1.7337,-102.3149,10.0,4.3,22,165.0,16.155,0.61,us,8.06,1.959,0.123,19
52.7808,159.2192,70.561,4.8,83,133.0,0.422,0.85,us,9.64,6.111,0.034,266
51.6249,159.8114,27.973,4.5,38,126.0,1.572,0.72,us,9.82,5.855,0.096,32
-23.2021,-175.2174,10.0,4.9,55,115.0,6.421,0.68,us,11.65,1.866,0.078,51
16.0999,96.4474,9.447,4.5,29,88.0,3.088,0.6,us,6.94,4.787,0.128,18
-21.6699,-179.4793,611.548,4.0,16,141.0,4.544,0.6,us,20.55,15.948,0.173,11
-16.0559,168.0852,262.614,4.1,21,148.0,1.043,0.72,us,14.32,11.443,0.135,15
52.2037,160.7029,10.0,4.4,32,190.0,2.042,0.82,us,12.81,1.959,0.103,27
52.5692,160.3292,10.0,4.2,72,121.0,1.117,0.75,us,9.42,1.889,0.066,65
-19.5346,168.3765,10.0,4.7,29,67.0,3.105,1.11,us,6.72,1.918,0.121,21
-20.2633,169.4674,123.44,4.3,17,163.0,3.001,0.47,us,8.76,8.185,0.16,11
45.178,150.1279,63.248,4.4,66,134.0,5.427,0.65,us,10.52,7.586,0.081,44
-7.3365,128.9356,151.05,4.5,39,70.0,5.205,0.9,us,9.07,5.271,0.104,27
4.2141,126.6853,50.309,4.5,28,113.0,1.309,0.56,us,7.11,8.872,0.121,20
-5.3127,34.9465,10.0,4.6,42,80.0,4.261,0.5,us,9.92,1.891,0.091,36
9.545,-40.4776,10.0,4.6,26,59.0,12.844,0.69,us,13.05,1.887,0.136,19
52.8618,160.2283,29.095,4.0,21,150.0,0.969,0.44,us,11.84,5.776,0.126,17
-49.0053,164.4197,35.0,4.4,27,116.0,3.226,0.79,us,9.4,1.973,0.179,9
51.4368,160.8984,10.0,4.4,26,138.0,2.106,0.72,us,6.51,1.907,0.149,13
-24.7514,-176.3688,35.0,4.7,22,131.0,4.687,0.7,us,8.01,1.931,0.108,26
54.4957,-160.1632,35.0,3.5,40,201.0,0.473,0.79,us,4.77,1.97,0.186,9
-22.988,172.8212,10.0,4.5,13,135.0,4.973,0.61,us,7.43,1.953,0.18,9
-24.2082,-66.9797,175.427,4.3,19,80.0,1.665,1.0,us,12.59,12.826,0.177,9
-58.3364,-23.3069,10.0,5.0,71,51.0,8.374,0.67,us,10.3,1.795,0.078,52
10.5647,-42.6107,10.0,4.9,90,34.0,11.318,0.92,us,10.32,1.859,0.053,114
49.0097,156.1011,30.299,4.5,44,136.0,4.329,0.93,us,9.88,5.332,0.098,41
-20.5072,169.7026,97.56,4.3,15,205.0,2.966,0.45,us,10.94,10.27,0.161,11
52.4359,159.9524,74.601,4.6,37,165.0,1.526,1.18,us,6.84,8.095,0.103,28
-17.5528,-174.3787,86.762,4.7,51,61.0,4.402,1.22,us,10.46,6.885,0.061,83
-17.3053,-174.4254,155.524,4.5,57,88.0,4.23,0.71,us,8.86,7.339,0.072,56
40.9934,78.2595,10.0,4.4,42,157.0,0.752,0.93,us,5.57,1.916,0.105,26
36.5032,70.7409,210.52,4.0,36,88.0,2.278,0.57,us,7.87,8.772,0.119,19
-22.2697,-66.1409,238.209,4.2,48,30.0,2.002,1.15,us,8.44,7.98,0.124,18
49.9825,156.8591,35.0,4.9,81,120.0,3.174,0.7,us,10.71,1.91,0.045,151
40.0327,113.4545,10.0,4.5,48,68.0,2.086,0.29,us,8.47,1.896,0.084,42
-16.4737,176.8404,10.0,4.7,20,105.0,1.715,0.87,us,8.49,1.886,0.137,16
-39.7921,-16.4739,10.0,4.5,23,104.0,35.741,1.14,us,15.56,1.882,0.171,10
-5.7179,152.5813,10.0,5.2,104,87.0,1.507,0.93,us,7.29,1.876,0.059,94
-6.0321,106.3069,169.249,4.2,17,159.0,1.949,0.86,us,9.02,8.86,0.176,10
39.4846,143.2361,40.066,4.9,61,126.0,2.114,0.91,us,8.71,7.045,0.047,141
51.7025,159.1251,60.521,5.1,58,127.0,1.355,0.65,us,10.95,7.016,0.071,64
52.8869,159.7404,76.92,4.0,22,137.0,1.254,0.66,us,13.65,9.043,0.138,14
-3.7105,101.6678,49.471,4.9,75,64.0,1.438,0.86,us,7.16,6.871,0.062,82
53.3407,-164.0401,35.0,4.7,80,163.0,1.179,0.81,us,3.78,1.911,0.069,64
50.8267,160.273,10.0,4.5,141,133.0,2.418,0.68,us,8.29,1.894,0.035,235
51.8297,-171.8469,49.484,3.7,47,196.0,1.499,1.0,us,11.52,10.916,0.089,32
31.5598,131.6068,53.962,4.3,20,137.0,0.987,0.78,us,7.4,9.872,0.142,14
51.5787,159.7664,10.0,4.8,91,120.0,1.601,0.7,us,8.06,1.884,0.06,84
22.58,95.7825,10.0,4.3,28,102.0,1.587,0.73,us,9.39,1.959,0.122,19
51.7976,160.2803,10.0,4.4,35,160.0,1.583,1.08,us,6.16,1.924,0.117,21
53.2233,159.5924,67.161,4.4,123,133.0,0.602,0.77,us,10.15,6.92,0.051,111
51.9318,160.3627,10.0,4.2,29,229.0,1.514,0.59,us,11.61,1.976,0.128,17
-23.5326,-179.6245,554.242,4.4,36,132.0,6.155,0.62,us,14.54,8.084,0.095,32
29.3512,129.6219,10.0,4.4,49,113.0,2.267,0.81,us,6.82,1.902,0.091,35
-13.1848,167.1172,239.261,4.4,38,157.0,7.809,0.5,us,11.17,6.171,0.087,38
-8.7137,123.8975,112.864,4.8,44,91.0,1.097,0.82,us,8.62,7.188,0.087,42
51.8309,159.1596,35.0,4.7,50,125.0,1.234,1.02,us,8.2,1.93,0.083,44
39.4388,143.2757,43.286,4.5,39,135.0,2.167,0.32,us,5.75,7.664,0.104,27
52.3016,-169.4338,35.0,3.8,52,175.0,0.517,0.9,us,4.68,1.884,0.075,46
5.9005,126.9658,105.097,4.2,11,128.0,1.802,0.4,us,7.24,9.119,0.2,7
12.0137,143.6238,10.0,4.4,26,161.0,3.836,0.62,us,6.48,1.851,0.12,20
-24.194,-67.5143,206.826,4.1,15,179.0,1.379,0.63,us,5.7,10.44,0.235,5
6.0139,127.5901,10.0,4.5,32,61.0,2.257,0.4,us,9.69,1.835,0.113,23
-23.8625,69.8892,10.0,4.4,19,98.0,13.348,1.0,us,12.28,1.759,0.155,12
49.9298,157.2372,34.618,4.7,70,135.0,3.196,0.54,us,11.76,5.72,0.041,177
29.3086,129.2135,10.0,5.0,50,87.0,2.441,1.07,us,6.84,1.895,0.096,35
44.1945,149.7805,10.0,4.0,16,213.0,5.172,0.82,us,16.19,2.002,0.172,10
39.7227,41.858,10.0,4.2,50,63.0,1.088,0.41,us,1.5,1.933,0.121,19
3.1981,127.0838,35.0,4.4,20,105.0,2.211,0.59,us,8.43,1.801,0.154,13
51.2337,-177.6055,43.339,3.8,34,224.0,0.66,0.82,us,9.41,19.73,0.088,33
-18.7191,-67.2855,237.965,4.3,29,87.0,2.036,1.22,us,7.95,9.088,0.143,14
36.8209,45.0167,10.0,4.0,23,72.0,0.224,0.68,us,7.19,1.966,0.13,16
-18.0579,-177.9631,628.268,4.0,38,74.0,2.993,0.41,us,18.44,7.194,0.123,18
50.2456,158.7095,10.0,4.5,73,106.0,18.258,0.62,us,12.54,1.878,0.072,57
4.9696,95.9887,10.0,4.6,20,131.0,0.989,0.88,us,7.46,1.899,0.182,9
-8.6951,110.3162,75.672,4.4,22,118.0,1.64,0.4,us,7.42,7.736,0.143,14
8.5987,126.4932,90.97,4.1,15,136.0,1.769,0.92,us,13.16,6.533,0.197,9
6.9321,127.2205,19.781,4.4,24,133.0,1.635,0.77,us,9.83,4.335,0.135,16
49.9757,155.9408,69.915,4.8,76,126.0,3.323,0.54,us,10.83,7.241,0.044,159
-6.6294,131.0539,35.0,5.2,58,75.0,2.385,1.0,us,8.13,1.861,0.072,68
-58.9539,-25.7335,96.92,4.9,84,67.0,7.552,0.59,us,10.77,5.595,0.064,79
53.4016,160.4736,55.504,4.4,53,112.0,1.16,0.5,us,11.92,6.95,0.083,42
53.0089,159.5631,65.965,4.2,50,117.0,0.552,1.09,us,10.52,7.756,0.068,60
18.9015,-106.5316,10.0,4.3,32,179.0,2.173,0.71,us,9.46,1.878,0.072,55
52.9794,161.2571,10.0,4.2,45,119.0,1.576,0.93,us,9.58,1.891,0.086,38
3.0935,-31.4434,10.0,4.5,24,75.0,20.396,0.79,us,12.63,1.896,0.124,19
-58.924,-26.18,104.768,4.2,17,110.0,15.906,0.35,us,13.65,7.927,0.128,17
15.9993,119.9288,55.586,4.5,43,113.0,6.869,1.01,us,11.38,7.169,0.089,37
-9.1045,125.715,10.0,4.4,21,105.0,1.568,1.12,us,7.57,1.912,0.143,15
-24.3118,-67.0526,170.546,4.3,81,43.0,1.703,0.74,us,6.68,6.491,0.073,53
-17.4643,167.9105,20.208,4.9,27,167.0,2.118,0.66,us,10.13,5.551,0.177,14
28.2717,-43.944,10.0,4.9,55,113.0,20.891,1.04,us,12.53,1.894,0.058,95
50.6854,156.7445,99.345,4.7,57,135.0,2.497,0.57,us,9.7,7.557,0.031,304
13.7793,120.866,10.0,4.4,29,124.0,20.121,0.57,us,15.53,1.946,0.12,20
1.5682,122.9767,10.0,4.6,43,55.0,1.867,1.18,us,5.27,1.864,0.092,35
19.6602,146.8132,10.0,4.5,47,125.0,4.502,0.7,us,13.78,1.893,0.073,55
39.4285,143.3346,10.0,4.2,43,133.0,2.209,0.78,us,8.67,1.877,0.101,27
52.9657,161.1399,26.48,4.9,83,134.0,1.506,0.61,us,9.55,3.485,0.032,309
-5.669,-11.5504,10.0,4.6,31,96.0,3.583,0.58,us,6.33,1.88,0.103,28
50.6407,157.067,69.815,4.4,66,136.0,2.502,0.54,us,11.58,8.292,0.073,54
49.8014,155.6968,70.762,4.5,78,135.0,3.54,0.5,us,9.33,6.44,0.056,95
45.7091,26.5334,127.609,4.2,29,70.0,0.467,0.74,us,8.12,6.673,0.152,12
39.5444,143.5849,31.799,4.7,92,134.0,2.297,0.54,us,7.84,5.577,0.068,66
-21.3015,-66.6905,227.673,4.7,34,55.0,2.145,0.86,us,8.76,8.289,0.104,28
1.9802,126.5247,54.48,4.3,40,64.0,2.927,0.96,us,3.26,7.55,0.108,24
52.3314,160.7951,10.0,4.2,38,152.0,1.479,0.98,us,7.51,1.84,0.103,26
34.3423,70.8571,10.0,4.7,61,132.0,1.434,1.18,us,7.96,1.886,0.075,53
54.6812,160.2454,10.0,4.3,38,131.0,1.911,0.59,us,11.7,1.902,0.078,46
2.9049,-31.3588,10.0,4.7,88,58.0,9.789,0.43,us,9.88,1.86,0.054,104
-5.5947,104.3749,10.0,4.6,45,113.0,0.811,1.17,us,5.73,1.863,0.092,35
52.6663,160.7467,30.467,4.7,58,119.0,1.321,0.63,us,10.52,5.787,0.041,183
48.246,154.4603,81.873,4.5,88,133.0,5.285,0.52,us,10.44,7.419,0.059,83
-29.6146,-176.6915,10.0,4.6,12,133.0,8.955,0.85,us,13.4,1.902,0.193,8
40.1689,-29.7206,10.0,4.3,42,154.0,4.058,0.74,us,13.01,1.924,0.093,33
28.1928,51.5983,10.0,4.1,30,163.0,5.241,0.69,us,12.3,1.971,0.112,22
-21.6058,-179.1001,575.623,4.1,26,104.0,4.685,0.47,us,15.25,11.615,0.116,20
52.2334,160.1285,38.225,4.3,25,123.0,1.199,0.68,us,9.79,7.469,0.125,19
26.0392,97.0716,10.0,4.2,28,117.0,5.201,0.98,us,6.96,1.92,0.147,13
52.4098,160.5068,29.032,4.3,51,151.0,1.844,1.06,us,10.77,7.087,0.083,43
51.5078,159.4426,35.0,4.9,109,121.0,1.594,0.7,us,7.47,1.864,0.042,175
53.0776,161.041,10.0,4.5,45,165.0,1.444,0.76,us,9.9,1.921,0.077,50
-5.1276,133.8264,10.0,4.6,32,102.0,2.452,0.78,us,8.88,1.933,0.109,25
6.76,-72.9658,165.882,4.1,13,167.0,2.332,1.09,us,13.58,17.407,0.233,5
51.7281,159.4201,58.703,4.4,32,126.0,1.381,0.87,us,9.95,8.064,0.11,24
51.6326,159.3946,10.0,4.6,28,127.0,1.466,0.53,us,8.86,1.887,0.141,22
29.0247,86.7789,10.0,4.3,18,163.0,3.855,0.75,us,10.65,1.932,0.153,12
20.0387,121.4161,45.644,4.4,79,85.0,2.783,0.69,us,8.83,7.022,0.068,62
51.7412,159.1298,50.729,4.3,88,138.0,1.317,0.6,us,8.25,7.007,0.061,76
51.5226,157.9347,64.581,4.3,25,125.0,1.566,0.52,us,9.23,8.021,0.125,18
50.065,157.7589,19.297,4.3,44,138.0,3.014,1.05,us,11.66,5.547,0.085,39
51.6047,159.3253,34.963,4.7,71,135.0,1.48,0.49,us,11.18,5.982,0.053,106
52.82,161.0889,37.253,4.5,45,156.0,1.491,1.17,us,12.71,9.593,0.082,44
50.0292,157.9027,10.0,4.2,41,133.0,3.034,0.49,us,10.02,1.907,0.095,31
49.9056,158.961,10.0,4.6,72,131.0,3.128,0.6,us,8.67,1.879,0.067,67
51.5486,159.3566,34.161,4.6,66,126.0,1.54,1.02,us,8.91,5.796,0.054,102
-8.8757,-75.7111,122.573,4.6,52,119.0,3.286,0.54,us,9.77,7.847,0.055,98
-22.907,172.9271,10.0,4.6,22,123.0,5.067,0.9,us,6.77,1.853,0.14,15
-7.2049,125.917,10.0,4.7,31,77.0,3.894,0.9,us,10.51,1.894,0.099,31
-28.328,-174.9091,10.0,4.7,42,121.0,2.804,0.53,us,12.39,1.842,0.089,38
12.7304,-88.1166,71.714,4.7,127,168.0,0.761,0.87,us,7.13,8.546,0.05,120
55.2584,110.3102,10.0,4.3,23,88.0,4.556,0.94,us,5.64,1.929,0.129,17
23.1183,120.6686,10.0,5.1,198,50.0,0.185,0.49,us,5.04,1.756,0.038,223
52.5892,160.78,10.0,4.6,84,174.0,1.364,0.85,us,9.21,1.94,0.064,73
34.37,75.2787,10.0,4.1,27,117.0,3.999,0.6,us,10.96,1.979,0.165,10
53.3263,159.4113,77.507,4.2,23,163.0,0.55,0.89,us,15.22,10.214,0.128,17
-16.1435,167.6355,91.846,4.4,22,147.0,5.415,0.6,us,14.95,3.892,0.155,14
51.5824,-173.8195,40.436,4.2,79,141.0,0.663,0.83,us,5.59,7.389,0.056,87
-57.8283,157.5009,10.0,4.5,22,139.0,3.434,0.56,us,15.2,1.96,0.14,15
-6.1146,149.0611,10.0,4.3,17,121.0,3.456,1.03,us,8.68,1.774,0.143,14
-9.2994,123.793,102.266,4.5,34,100.0,0.651,0.81,us,9.35,7.949,0.11,24
50.1569,157.6475,34.849,4.3,23,138.0,2.938,0.68,us,7.56,6.319,0.137,16
52.5879,160.8269,10.0,4.4,27,109.0,1.392,1.2,us,12.27,1.913,0.126,18
51.3367,-177.0144,35.397,4.0,142,185.0,0.447,0.76,us,4.12,7.538,0.043,149
52.4535,160.961,28.626,4.3,42,122.0,1.517,0.93,us,11.34,6.28,0.08,44
12.7641,145.5454,10.0,4.3,25,119.0,1.052,0.92,us,7.15,1.926,0.133,16
50.933,157.3036,101.641,4.3,55,134.0,2.192,0.87,us,10.28,6.753,0.076,49
49.5798,156.166,60.602,4.3,29,178.0,3.662,0.69,us,13.02,3.992,0.123,19
52.0507,160.4649,35.0,4.7,96,85.0,1.476,0.66,us,9.18,1.863,0.042,175
41.0269,14.8167,10.0,4.0,23,85.0,0.189,0.9,us,2.53,1.898,0.365,2
52.0941,160.4904,29.511,4.4,19,229.0,1.459,1.12,us,14.1,8.579,0.161,11
50.3063,159.2626,10.0,4.4,50,134.0,2.748,0.79,us,9.12,1.896,0.08,45
-49.547,125.2004,10.0,4.3,15,117.0,18.407,0.77,us,17.19,1.96,0.147,13
-15.7213,167.8704,197.755,4.7,40,122.0,0.698,0.73,us,10.52,2.281,0.102,29
51.4401,160.6108,10.0,4.1,28,128.0,1.992,0.69,us,10.53,1.92,0.117,23
23.7607,94.6583,109.653,4.6,22,135.0,2.554,0.56,us,11.58,10.742,0.157,13
5.0719,125.6202,43.832,4.4,39,60.0,0.365,0.71,us,7.08,5.891,0.102,28
41.0148,142.6678,51.628,4.5,64,134.0,1.065,0.67,us,6.32,7.375,0.071,58
1.9937,126.618,46.143,4.6,60,93.0,1.426,0.89,us,6.66,7.079,0.078,49
52.5026,160.1267,56.44,4.2,26,138.0,1.038,0.41,us,12.32,8.64,0.107,27
29.343,129.308,10.0,4.8,47,69.0,2.375,1.15,us,6.56,1.781,0.065,73
27.9134,51.8213,10.0,4.1,14,175.0,4.917,0.65,us,7.25,1.981,0.214,6
50.6857,157.0186,64.782,4.3,49,135.0,2.463,0.48,us,11.1,7.612,0.094,32
-3.2815,140.9983,10.0,4.1,14,200.0,0.817,0.71,us,6.32,1.859,0.151,12
-30.6584,-71.8081,25.517,4.2,28,189.0,0.15,0.71,us,4.62,6.274,0.186,8
-17.8989,-172.9236,10.0,4.5,49,59.0,3.075,1.01,us,9.03,1.861,0.081,51
53.4356,160.8607,35.0,4.3,50,161.0,1.392,0.85,us,5.07,1.949,0.089,39
49.6092,156.5584,35.0,4.7,61,133.0,3.576,0.64,us,9.98,1.932,0.078,50
-13.6971,122.3503,10.0,4.9,35,53.0,4.344,0.89,us,7.61,1.88,0.099,32
14.4556,-92.6827,58.503,4.1,79,169.0,1.095,0.94,us,2.55,10.721,0.062,70
-24.2488,-67.2783,179.176,4.4,31,70.0,1.533,1.17,us,8.94,9.026,0.144,14
52.8616,160.7938,10.0,5.2,115,119.0,1.307,0.85,us,8.38,1.877,0.046,155
5.7732,125.7873,106.324,4.4,25,115.0,1.078,0.65,us,5.91,6.102,0.126,18
-9.0454,123.9238,84.782,4.3,26,112.0,0.782,1.26,us,8.59,7.124,0.122,19
2.7019,127.1005,81.019,4.5,52,79.0,1.936,0.61,us,6.48,7.224,0.085,40
53.0958,161.2612,10.0,4.1,41,145.0,1.578,1.21,us,10.3,1.924,0.094,31
23.9881,122.4865,10.0,4.8,87,73.0,0.676,0.63,us,4.52,1.87,0.065,72
51.2727,158.5086,35.0,4.3,27,171.0,1.756,0.74,us,10.75,1.987,0.122,19
49.8602,159.4591,10.0,4.3,41,136.0,3.208,0.77,us,10.14,1.915,0.1,33
54.539,-160.0858,35.0,3.7,66,158.0,0.411,0.82,us,4.92,1.918,0.159,10
-6.9918,127.8055,294.111,4.3,19,68.0,4.449,0.67,us,9.31,11.471,0.237,5
52.1871,160.6277,10.0,4.5,42,123.0,1.468,1.12,us,9.22,1.898,0.096,32
52.5956,160.8653,13.146,5.1,74,121.0,1.411,1.27,us,9.15,4.869,0.046,155
-27.7912,-178.3832,10.0,4.5,21,222.0,1.503,0.81,us,10.04,1.984,0.132,17
17.0899,-85.274,10.0,4.7,59,52.0,4.649,1.02,us,8.29,1.929,0.031,311
7.2347,126.8781,75.993,4.4,26,113.0,1.299,0.62,us,8.69,4.502,0.112,23
52.7411,160.8139,35.0,4.1,31,151.0,1.341,0.59,us,10.43,1.701,0.097,29
41.2835,142.4972,48.346,4.3,24,207.0,0.882,0.96,us,8.06,10.636,0.133,16
17.7821,-94.1975,188.331,5.0,96,94.0,2.472,0.71,us,9.96,6.24,0.024,534
49.8904,158.7821,10.0,4.5,134,131.0,3.138,0.58,us,9.81,1.902,0.051,123
7.378,126.6698,66.115,4.6,63,106.0,1.125,0.79,us,9.0,4.46,0.065,76
52.2837,160.7069,35.0,4.4,36,123.0,2.008,0.7,us,9.99,1.93,0.094,33
-6.4851,153.2283,10.0,4.5,36,149.0,2.473,0.71,us,12.77,1.916,0.101,29
52.6319,160.3175,35.0,4.0,30,138.0,1.085,0.77,us,11.73,1.954,0.116,20
52.5398,160.7671,10.0,4.5,61,162.0,1.374,0.64,us,10.29,1.937,0.067,66
1.6163,126.5285,32.622,4.6,65,105.0,1.186,1.06,us,6.49,5.583,0.072,58
52.0887,160.897,10.0,4.2,26,144.0,1.661,0.38,us,11.36,1.938,0.128,17
28.2414,65.5886,10.0,4.2,34,177.0,9.017,0.64,us,7.54,1.955,0.105,25
51.138,159.7792,10.0,4.9,39,207.0,2.013,0.91,us,11.05,1.955,0.095,35
-17.9965,-178.482,587.926,4.3,56,82.0,2.548,0.48,us,12.59,8.297,0.048,124
-10.7082,113.9842,10.0,4.5,28,116.0,2.23,0.56,us,7.65,1.911,0.124,19
29.9971,131.046,36.263,4.4,24,135.0,1.591,0.53,us,8.23,8.378,0.155,12
-31.6796,-71.7415,33.286,4.3,34,141.0,0.746,0.63,us,4.3,5.315,0.168,10
-21.4726,-68.5154,144.143,4.2,20,52.0,1.002,1.14,us,6.68,8.469,0.2,7
36.8634,70.9321,163.091,4.2,26,253.0,1.901,0.92,us,4.82,8.698,0.166,10
41.0658,83.2521,10.0,4.5,40,107.0,3.051,0.61,us,9.13,1.905,0.127,18
10.3866,121.8794,10.0,4.7,70,98.0,4.923,0.73,us,8.96,1.889,0.059,88
-35.4444,-179.769,10.0,4.3,16,259.0,2.621,0.5,us,8.65,1.966,0.188,8
20.2491,145.2841,10.0,4.6,27,122.0,5.004,0.67,us,10.11,1.874,0.09,37
-5.1691,-80.8889,43.081,4.4,19,162.0,3.14,1.0,us,13.16,9.487,0.162,11
52.7099,160.8882,26.305,4.9,131,151.0,1.393,0.83,us,8.62,6.059,0.041,188
-56.2613,-27.1118,101.546,4.3,20,182.0,5.714,0.93,us,17.99,3.156,0.161,14
29.3466,129.611,10.0,4.5,53,120.0,2.275,0.77,us,8.09,1.86,0.084,41
-24.0127,-66.9395,180.802,4.4,36,69.0,1.552,0.69,us,10.03,8.637,0.107,25
-6.8441,129.37,174.154,4.6,24,67.0,4.84,0.5,us,13.01,9.668,0.119,21
43.0293,146.4534,35.0,4.6,119,134.0,2.639,0.45,us,8.98,1.914,0.054,103
-9.7217,152.6903,10.0,4.5,37,122.0,5.464,0.85,us,10.84,1.906,0.102,28
-9.8854,116.6311,54.034,4.1,17,104.0,1.544,0.45,us,8.08,5.198,0.174,9
51.7436,160.0437,24.864,4.5,82,125.0,1.54,0.82,us,9.1,5.684,0.06,82
2.3547,127.2403,104.912,4.3,31,144.0,1.577,0.81,us,6.96,7.92,0.094,32
51.7178,158.1362,75.248,4.2,24,124.0,1.345,0.87,us,10.77,7.862,0.117,20
-20.9122,-179.1043,655.017,4.1,39,136.0,4.139,0.63,us,9.12,8.286,0.082,41
-17.7769,-69.3728,147.365,4.2,25,87.0,0.212,0.89,us,6.6,4.523,0.127,17
8.0041,126.9915,35.0,4.4,26,99.0,1.68,0.79,us,8.11,1.934,0.123,19
51.9703,158.1461,83.176,4.5,73,133.0,1.099,0.5,us,14.64,7.143,0.062,75
-2.8451,129.5201,10.0,4.6,55,50.0,1.71,0.52,us,2.71,1.873,0.072,57
-22.2024,-179.5728,590.176,4.3,39,133.0,4.965,0.48,us,13.23,8.145,0.102,27
-17.6567,-71.6652,53.676,4.0,22,133.0,1.446,0.91,us,3.62,11.765,0.212,6
50.9678,157.1172,87.219,4.2,40,134.0,2.174,0.57,us,13.78,8.776,0.088,36
54.5463,-160.2427,35.0,3.4,52,184.0,0.475,1.15,us,4.87,1.717,0.219,5
-5.646,151.7832,35.0,4.5,23,118.0,1.352,0.41,us,4.66,1.924,0.144,14
-23.9969,-66.7009,196.538,4.4,33,63.0,1.71,0.84,us,8.66,8.223,0.107,25
14.0308,-91.8454,41.85,4.7,106,179.0,1.143,0.85,us,10.34,10.862,0.059,88
-22.3336,-179.5994,575.055,4.4,43,107.0,5.07,0.57,us,13.51,9.238,0.095,32
-17.4164,-173.1133,35.0,4.6,14,115.0,3.448,0.8,us,9.44,1.938,0.165,11
54.5118,-160.318,18.803,4.4,58,155.0,0.53,0.69,us,6.13,5.183,0.101,28
49.8334,155.8118,64.365,4.7,77,132.0,3.485,0.59,us,3.9,6.798,0.035,251
-15.7059,-177.5942,432.635,4.0,57,122.0,3.017,0.49,us,15.2,7.652,0.073,50
51.6828,160.6606,10.0,4.3,31,127.0,1.823,0.67,us,9.66,1.914,0.106,25
-23.0953,-67.9696,155.337,4.6,29,46.0,0.24,0.93,us,7.05,3.17,0.123,20
52.1117,160.3842,10.0,4.4,25,126.0,1.398,1.05,us,9.14,1.93,0.117,21
-11.8144,166.2909,82.143,4.2,13,147.0,3.718,0.18,us,8.01,8.967,0.215,6
52.6898,160.7912,10.0,4.3,36,157.0,1.341,0.62,us,10.74,1.943,0.09,35
-31.2417,-68.2875,109.632,4.5,36,74.0,0.446,1.12,us,2.87,5.422,0.172,10
29.2736,129.5654,10.0,4.8,56,113.0,2.356,0.63,us,7.41,1.833,0.058,91
9.2217,93.8561,10.0,4.6,85,58.0,5.014,0.69,us,9.36,1.854,0.067,67
-49.3328,124.9223,10.0,4.2,15,139.0,17.364,0.32,us,14.38,1.95,0.141,14
-56.4636,-27.1634,104.503,4.3,26,170.0,5.748,0.66,us,8.81,9.696,0.106,25
51.732,161.0974,10.0,4.1,18,128.0,1.981,0.92,us,10.2,1.936,0.166,10
53.5766,-163.4498,35.0,3.9,36,164.0,1.186,0.7,us,5.21,1.784,0.107,24
70.0319,-15.6885,10.0,4.3,25,80.0,2.175,0.84,us,9.72,1.938,0.137,15
-4.8916,152.2379,58.116,4.6,34,126.0,0.618,0.6,us,9.16,7.439,0.109,25
-33.8323,-72.2216,28.09,4.0,19,189.0,0.535,0.49,us,7.06,9.326,0.231,5
-55.2037,-27.9048,10.0,4.3,17,197.0,5.058,0.7,us,15.72,1.956,0.154,12
2.7733,128.3501,237.054,4.0,22,128.0,2.218,0.54,us,11.61,8.951,0.133,18
51.7149,159.7649,10.0,4.3,23,135.0,1.478,0.72,us,5.55,1.935,0.111,23
44.8326,100.3086,10.0,4.1,19,117.0,5.174,0.46,us,6.7,1.938,0.186,10
-24.0586,-111.5597,10.0,4.4,24,84.0,3.656,1.1,us,14.44,1.544,0.143,16
25.9216,126.977,55.306,4.2,26,120.0,1.476,1.11,us,9.51,9.86,0.159,11
30.629,140.1616,10.0,4.5,24,100.0,2.496,0.66,us,10.23,1.894,0.145,15
12.0587,125.4691,34.385,4.3,35,131.0,4.959,0.57,us,14.18,6.195,0.104,26
33.8145,25.72,35.0,4.0,42,179.0,2.097,0.94,us,7.82,1.976,0.125,17
49.0807,157.7736,10.0,4.9,89,124.0,3.986,0.54,us,10.89,1.879,0.047,140
-33.8345,-179.1911,49.256,4.3,15,254.0,4.24,0.73,us,11.5,12.707,0.177,9
31.528,66.9695,10.0,4.4,56,145.0,3.49,0.7,us,10.64,1.933,0.087,38
-16.6866,-172.1765,10.0,5.2,65,124.0,8.108,1.02,us,12.11,1.807,0.029,390
-24.3383,-67.144,153.228,4.0,23,112.0,1.675,0.62,us,10.68,11.578,0.212,6
52.382,160.4702,10.0,4.3,30,166.0,1.28,0.61,us,11.04,1.953,0.122,19
51.6152,159.8164,29.223,5.0,174,118.0,1.582,0.7,us,8.3,5.375,0.04,205
-55.8687,-27.8024,57.073,5.0,46,72.0,5.237,0.66,us,10.8,5.319,0.084,45
-14.3466,166.454,10.0,4.3,16,183.0,1.312,1.06,us,10.78,1.967,0.153,12
50.0087,158.1033,63.466,4.4,68,133.0,3.038,0.79,us,11.39,7.376,0.07,59
64.4923,-17.9921,10.0,4.2,36,136.0,1.46,0.85,us,7.88,1.921,0.113,22
52.1711,161.6764,10.0,4.1,17,138.0,2.034,0.71,us,10.16,1.85,0.213,6
12.6711,120.8885,10.0,4.3,29,124.0,15.703,0.56,us,14.67,1.939,0.119,20
52.3309,160.2762,35.0,4.5,30,122.0,1.209,1.1,us,9.78,1.901,0.106,26
51.7133,159.8842,10.0,4.6,105,127.0,1.515,0.8,us,7.92,1.892,0.051,115
53.2463,160.8246,35.0,4.2,21,193.0,1.329,0.89,us,8.86,1.99,0.141,14
-23.1745,-67.8161,142.253,4.3,32,46.0,0.401,1.06,us,6.47,3.752,0.109,24
-14.9705,-173.5407,10.0,4.3,23,60.0,2.004,1.15,us,10.4,1.879,0.143,14
13.4269,53.9278,10.0,4.3,17,192.0,10.984,0.48,us,15.97,1.99,0.16,12
51.4997,159.9862,10.0,4.2,27,128.0,1.733,0.96,us,6.17,1.912,0.132,21
-6.8229,129.7353,165.067,4.5,36,91.0,2.292,0.84,us,11.54,8.401,0.102,31
46.062,143.7424,342.028,4.4,63,129.0,1.124,0.64,us,6.56,5.887,0.027,385
-17.8872,167.1528,10.0,4.2,12,175.0,2.427,0.7,us,7.41,1.923,0.235,6
-43.0243,-76.2962,10.0,4.4,16,240.0,2.923,0.95,us,9.31,2.004,0.179,9
-7.5953,127.6016,163.157,4.3,40,55.0,3.816,0.94,us,8.29,8.045,0.09,35
42.6832,17.6545,10.0,4.4,84,33.0,1.213,0.98,us,4.27,1.884,0.076,50
-5.481,151.806,47.426,4.5,27,90.0,1.33,0.6,us,6.71,6.916,0.132,21
52.4437,160.8731,10.0,4.1,20,122.0,1.471,1.1,us,5.58,1.927,0.13,16
39.0297,70.638,10.0,4.5,80,79.0,1.007,1.08,us,4.09,1.856,0.07,60
7.1966,126.6411,96.18,4.4,26,127.0,1.061,0.96,us,10.27,7.864,0.12,20
49.1345,156.2091,21.4,4.9,252,42.0,4.088,0.61,us,8.17,4.19,0.032,310
-41.1294,-91.2628,10.0,4.8,59,142.0,13.568,0.66,us,13.2,1.898,0.077,52
-21.2008,-178.9084,645.536,4.2,35,107.0,4.476,0.65,us,15.96,9.923,0.113,23
41.0241,142.1743,66.79,4.6,41,133.0,0.873,0.68,us,6.68,7.218,0.107,26
-18.0088,-177.8749,612.944,4.3,45,124.0,3.041,0.95,us,9.93,6.443,0.063,74
-55.3555,-27.9244,10.0,4.4,19,98.0,5.067,0.62,us,13.34,1.937,0.127,18
-7.1081,129.8647,150.626,4.6,45,93.0,2.569,0.72,us,9.31,8.425,0.093,34
51.7947,158.3571,63.946,4.5,94,124.0,1.244,0.63,us,9.93,6.916,0.049,122
48.9497,155.8422,35.0,4.2,27,142.0,4.326,0.43,us,6.0,1.951,0.132,16
51.586,159.6857,10.0,4.3,29,127.0,1.574,1.17,us,8.88,1.905,0.134,20
31.9675,131.9413,31.361,4.4,44,98.0,1.348,0.81,us,5.9,6.555,0.107,25
51.7623,159.4274,35.0,4.0,18,130.0,1.35,0.42,us,9.42,1.843,0.15,12
28.2462,51.7119,10.0,4.2,31,137.0,5.194,0.66,us,5.07,1.941,0.101,27
-22.586,69.2985,10.0,5.0,134,52.0,6.207,0.61,us,10.12,1.776,0.054,108
49.7957,155.8892,88.043,4.4,82,97.0,3.505,0.5,us,10.42,7.231,0.066,69
49.0048,155.8154,35.0,4.4,40,135.0,4.277,1.23,us,11.24,1.937,0.112,23
-21.3026,-67.7526,171.479,4.2,23,108.0,1.471,1.02,us,7.02,8.458,0.152,12
41.9591,142.4791,61.265,4.2,28,95.0,0.508,0.5,us,6.83,8.272,0.128,17
52.2343,159.6189,35.374,4.9,25,135.0,0.987,1.08,us,12.6,8.244,0.132,18
41.0913,78.5546,10.0,4.2,24,101.0,0.512,1.04,us,5.24,1.948,0.199,7
-25.3145,179.5981,522.062,4.2,29,92.0,4.491,0.72,us,12.4,6.844,0.136,15
54.5199,-159.9284,40.907,4.2,83,156.0,0.369,0.95,us,6.72,9.531,0.158,11
-23.1525,-114.2437,10.0,4.5,27,154.0,43.799,0.51,us,19.82,1.92,0.106,27
40.8936,142.7446,46.719,4.1,38,153.0,1.162,0.7,us,6.49,8.998,0.12,19
34.705,70.7777,10.0,4.7,124,79.0,1.368,0.58,us,7.84,1.845,0.053,108
12.9162,143.2532,201.838,4.4,65,115.0,1.709,0.43,us,12.85,8.212,0.062,74
49.9809,157.2667,35.066,5.1,95,123.0,3.143,0.74,us,10.62,7.317,0.064,78
18.4277,120.7461,43.148,4.5,56,92.0,4.379,0.42,us,10.48,7.29,0.08,46
-58.7722,-25.3301,33.942,5.1,66,69.0,15.843,1.02,us,10.87,5.665,0.068,69
51.5601,160.2217,10.0,5.0,82,157.0,2.191,0.78,us,9.03,1.924,0.066,72
53.0726,160.707,30.099,4.3,47,144.0,1.243,1.15,us,12.25,7.574,0.086,38
6.7319,-72.9212,156.469,4.1,79,145.0,2.335,0.66,us,12.15,7.684,0.064,66
51.7431,160.2115,10.0,4.4,15,126.0,2.058,1.31,us,11.5,1.93,0.162,11
51.8876,161.0691,10.0,4.8,105,126.0,1.867,0.76,us,9.38,1.892,0.038,219
-7.1091,150.497,10.0,4.5,61,74.0,3.172,0.84,us,7.15,1.858,0.086,48
-16.0687,-173.7091,90.747,4.4,19,134.0,2.842,1.16,us,10.53,9.232,0.17,10
-36.939,-73.7837,20.99,4.4,59,105.0,2.242,0.53,us,6.87,5.61,0.084,47
51.669,159.8957,21.378,4.6,53,126.0,1.557,0.73,us,8.14,5.717,0.074,57
49.0208,155.2144,60.603,4.4,46,135.0,4.382,0.66,us,11.51,7.675,0.087,38
-31.5118,-179.0856,10.0,4.8,13,148.0,2.47,0.64,us,8.71,1.902,0.16,12
28.0007,139.6694,503.77,4.1,57,78.0,2.408,0.49,us,12.65,9.554,0.076,47
50.9353,158.3634,39.451,4.7,31,137.0,2.099,0.73,us,12.17,7.384,0.104,28
51.9912,161.2552,10.0,4.1,17,126.0,1.898,0.93,us,5.97,1.943,0.165,10
11.1252,141.6346,10.0,4.1,12,132.0,3.997,0.6,us,7.94,1.913,0.198,7
-21.702,-68.3037,117.885,4.5,73,75.0,0.877,0.94,us,7.02,7.011,0.069,62
-14.9357,66.691,10.0,4.9,38,84.0,37.14,0.99,us,9.28,1.819,0.093,36
51.5279,159.7667,10.0,4.7,76,127.0,1.648,1.0,us,8.37,1.888,0.062,79
5.6678,126.4752,99.491,4.5,86,45.0,1.359,0.82,us,5.04,6.114,0.066,74
7.0926,126.901,62.976,5.2,71,108.0,1.312,0.8,us,8.68,7.016,0.045,161
54.5195,-160.086,35.0,4.4,57,158.0,0.425,0.56,us,4.93,1.947,0.13,17
42.6079,147.1388,10.0,4.1,18,152.0,3.012,0.63,us,10.84,1.948,0.145,13
-55.935,-27.1803,35.0,4.3,10,198.0,5.593,0.75,us,12.22,1.997,0.177,9
48.8934,154.9143,77.835,4.2,27,135.0,4.571,0.68,us,12.44,8.72,0.131,16
51.2479,159.3673,32.603,4.7,40,131.0,1.832,0.8,us,11.88,3.761,0.068,66
-57.9029,157.8923,10.0,5.1,73,44.0,3.463,0.75,us,10.37,1.76,0.083,47
52.4997,160.6456,35.0,4.2,25,175.0,1.321,0.99,us,9.7,1.905,0.121,19
-4.688,-12.4335,10.0,5.1,76,48.0,3.749,0.77,us,10.59,1.864,0.06,89
30.2167,51.95,10.0,4.5,55,62.0,6.466,0.68,us,9.66,1.881,0.089,37
51.4151,158.9348,55.299,4.3,22,210.0,1.62,0.45,us,11.58,10.001,0.126,19
51.3084,159.7239,10.0,4.4,21,169.0,1.841,0.6,us,7.78,1.964,0.127,18
-24.308,-67.1961,187.741,4.2,29,60.0,1.623,0.91,us,9.52,10.516,0.167,10
51.6919,159.1226,57.526,4.3,19,196.0,1.365,0.58,us,14.12,9.74,0.137,15
52.0672,160.318,35.0,4.6,33,135.0,1.398,0.97,us,7.94,1.919,0.093,36
-15.2084,-178.4429,414.974,4.3,65,52.0,2.454,0.89,us,11.74,6.437,0.045,142
32.3307,140.8236,69.344,4.5,51,111.0,1.156,0.63,us,11.78,7.699,0.088,38
37.7542,144.2039,10.0,4.2,18,148.0,3.888,0.6,us,11.39,1.947,0.186,8
83.4353,115.4628,10.0,4.0,30,105.0,13.778,0.82,us,14.15,1.948,0.11,22
35.8102,32.1868,78.055,4.3,65,119.0,1.262,0.84,us,6.93,9.646,0.099,29
10.7865,-86.5548,10.0,4.3,23,169.0,1.21,0.69,us,6.26,1.961,0.111,23
51.137,159.8127,10.0,4.7,34,129.0,2.021,1.09,us,8.03,1.653,0.104,28
49.4797,155.9804,46.212,4.3,36,136.0,3.79,0.65,us,11.12,8.318,0.104,26
43.8555,147.7179,31.247,4.4,30,189.0,3.708,0.7,us,11.65,9.045,0.127,18
6.9709,126.7077,81.914,5.3,25,112.0,1.125,0.7,us,10.2,8.07,0.133,19
34.1626,73.6281,10.0,4.4,22,153.0,4.243,1.08,us,10.66,1.926,0.143,14
-57.39,-66.929,10.0,4.6,44,144.0,2.495,0.51,us,13.28,1.92,0.084,42
50.9944,160.5997,10.0,4.8,86,165.0,2.362,0.75,us,9.92,1.911,0.03,351
52.1495,160.2971,49.391,4.3,21,154.0,1.333,0.77,us,10.94,8.566,0.129,17
51.4574,160.5679,10.0,4.4,17,178.0,1.962,0.49,us,6.04,1.952,0.179,9
40.4899,143.6278,28.747,4.2,21,138.0,1.564,0.33,us,8.04,6.896,0.175,9
-2.346,-77.4063,6.582,4.2,38,86.0,1.049,1.04,us,3.98,4.103,0.118,23
38.8638,142.1082,59.11,4.3,27,139.0,2.084,0.73,us,8.38,8.358,0.161,12
-21.8724,179.7395,599.507,4.5,52,58.0,4.402,0.75,us,13.81,10.234,0.082,44
-4.4978,154.2852,10.0,4.7,47,94.0,2.137,0.81,us,9.51,1.876,0.09,37
-6.7891,145.1184,10.0,4.3,17,91.0,3.292,0.57,us,9.74,1.882,0.137,15
13.0227,144.6297,45.95,5.0,163,44.0,2.47,0.5,us,10.08,5.991,0.041,193
52.3284,160.0652,32.112,5.0,69,113.0,1.108,0.54,us,9.45,5.667,0.073,60
49.3891,155.4883,54.62,4.1,51,133.0,3.974,0.4,us,6.95,7.801,0.089,35
64.709,-49.3021,10.0,4.4,78,36.0,2.36,0.58,us,4.38,1.891,0.07,58
3.391,-31.5063,10.0,4.5,17,94.0,20.581,1.2,us,12.08,1.887,0.15,13
50.4997,159.977,10.0,4.1,47,133.0,2.658,0.49,us,10.27,1.917,0.087,36
26.1352,97.1858,10.0,4.6,81,91.0,5.306,0.52,us,9.87,1.878,0.068,64
20.291,146.1406,35.0,4.4,25,198.0,5.034,1.08,us,13.86,1.98,0.103,27
-18.7187,-174.7279,87.54,4.7,71,54.0,4.559,0.52,us,11.0,3.383,0.06,85
1.2098,126.1823,58.906,4.1,25,104.0,1.261,0.95,us,5.68,5.557,0.131,18
49.8062,155.7417,72.97,4.5,78,135.0,3.526,0.55,us,12.24,7.356,0.057,90
49.4633,155.2257,80.982,4.3,35,133.0,3.966,0.31,us,6.13,8.468,0.114,22
51.0769,178.8163,17.521,4.2,69,214.0,0.429,0.59,us,5.04,4.942,0.072,54
53.5914,160.2386,57.417,4.3,21,160.0,1.11,1.03,us,12.6,7.688,0.133,16
-15.0755,-173.558,10.0,5.1,37,101.0,2.074,0.82,us,12.0,1.488,0.041,188
4.8281,127.6918,86.71,4.3,27,68.0,2.207,0.62,us,5.83,6.184,0.137,15
10.5323,125.0956,209.062,4.5,69,92.0,3.473,0.71,us,10.72,7.584,0.05,117
51.4435,159.1498,25.927,4.6,47,137.0,1.612,1.04,us,12.8,6.595,0.068,67
-18.3541,-71.4343,56.74,4.3,23,157.0,1.038,0.69,us,8.6,8.931,0.132,16
2.9943,127.6714,97.541,4.5,49,67.0,2.229,0.95,us,7.95,6.871,0.09,36
52.2884,160.9574,10.0,4.8,37,192.0,1.587,0.89,us,12.65,1.96,0.06,85
51.588,159.788,44.421,4.6,53,127.0,1.598,0.56,us,8.75,7.026,0.062,77
-15.2895,-173.2588,10.0,4.6,35,120.0,1.982,0.76,us,12.3,1.87,0.08,46
51.8308,158.9979,56.964,4.9,92,119.0,1.213,0.54,us,10.6,7.202,0.06,88
40.7832,142.2579,54.203,4.2,56,135.0,0.906,0.71,us,7.13,7.576,0.088,36
29.4228,129.5721,10.0,4.2,25,117.0,2.214,1.23,us,7.82,1.917,0.118,20
34.6969,70.789,10.0,4.5,28,136.0,1.377,0.67,us,10.65,2.313,0.089,37
36.6031,68.0294,10.0,4.3,73,125.0,2.237,0.7,us,6.45,1.902,0.067,64
34.6195,24.1625,59.814,4.4,30,210.0,2.627,0.67,us,10.95,10.224,0.092,34
-57.1716,-67.3232,10.0,4.7,28,148.0,2.252,0.71,us,11.34,1.963,0.12,23
53.1002,159.8687,59.138,4.2,38,159.0,0.74,0.87,us,11.26,9.077,0.095,31
-3.0042,129.5823,10.0,4.0,25,71.0,2.664,0.88,us,7.81,1.899,0.144,14
68.935,-17.2625,10.0,4.3,97,47.0,2.257,0.61,us,5.64,1.806,0.06,78
-35.4508,53.763,10.0,4.5,12,127.0,11.97,0.68,us,16.14,1.74,0.242,7
50.2966,158.3914,10.0,4.1,29,132.0,2.735,0.9,us,6.18,1.905,0.109,23
-23.9944,-66.8068,220.986,4.3,21,135.0,1.632,0.33,us,5.88,16.324,0.168,10
-2.1214,101.9667,180.669,4.5,50,127.0,2.433,0.87,us,9.47,8.181,0.087,39
52.3084,160.3714,31.272,4.9,36,123.0,1.813,0.61,us,8.17,4.88,0.108,27
51.0869,159.0487,10.0,4.2,29,219.0,1.955,0.72,us,12.97,1.974,0.118,20
37.7578,144.0958,10.0,4.4,66,133.0,3.834,0.57,us,9.44,1.899,0.074,52
-47.8636,116.0066,10.0,4.5,23,93.0,14.948,0.67,us,14.62,1.904,0.135,16
53.156,161.1788,29.544,4.0,16,137.0,2.097,0.85,us,13.49,6.158,0.139,14
4.0799,97.4974,10.0,4.3,13,155.0,1.266,0.85,us,9.75,1.916,0.2,7
52.9044,160.8382,10.0,4.2,19,190.0,1.329,0.73,us,8.66,1.984,0.152,12
16.3136,40.8407,10.0,4.4,28,105.0,3.838,0.85,us,10.84,1.862,0.117,21
23.8707,122.6608,10.0,4.5,40,79.0,0.674,1.15,us,2.89,1.889,0.115,22
7.1034,126.8568,74.471,4.2,24,133.0,1.268,0.64,us,12.06,8.521,0.132,16
