latitude,longitude,depth,mag,nst,gap,dmin,rms,net,horizontalError,depthError,magError,magNst
51.2113,159.4212,10.0,4.3,24,211.0,1.876,0.73,us,6.1,1.969,0.129,17
-9.042,124.0259,100.185,4.4,24,97.0,0.748,0.87,us,6.68,2.754,0.126,18
-58.3778,-23.6582,10.0,4.8,37,70.0,15.826,0.69,us,6.18,1.858,0.09,38
-16.8082,-174.0809,120.117,4.3,62,111.0,4.239,0.68,us,10.23,5.195,0.074,51
52.7834,160.6207,21.723,4.1,34,119.0,1.218,1.1,us,9.77,6.502,0.111,23
53.665,160.4312,42.734,5.9,61,86.0,1.247,0.96,us,8.1,7.084,0.083,54
18.6615,120.6453,10.0,5.1,76,101.0,4.155,0.68,us,10.75,1.875,0.047,147
54.4797,-160.273,35.005,4.0,61,154.0,0.531,0.61,us,4.84,8.816,0.13,17
42.0242,137.5574,286.491,4.1,81,58.0,2.912,0.96,us,9.0,7.608,0.066,63
30.0261,69.8674,10.0,4.3,49,138.0,4.519,1.13,us,10.43,1.928,0.104,26
53.6341,159.6268,10.0,4.2,17,131.0,0.847,0.81,us,9.32,1.953,0.167,13
48.1893,153.2737,140.047,4.5,155,117.0,5.671,0.63,us,10.71,7.202,0.043,157
-29.6361,-71.5313,46.215,4.1,28,189.0,0.38,1.25,us,5.21,10.408,0.233,5
53.3411,160.8556,35.0,4.6,43,137.0,1.365,0.59,us,11.58,1.934,0.103,28
51.5876,160.0455,10.0,4.4,21,216.0,1.674,0.58,us,9.92,1.974,0.123,19
38.5812,24.1399,10.0,3.7,16,106.0,1.476,0.96,us,6.06,1.969,0.357,2
52.7943,-170.381,142.484,3.8,37,166.0,0.234,0.51,us,11.83,5.694,0.072,50
38.262,73.0607,104.769,4.3,33,183.0,0.456,0.61,us,3.67,6.16,0.142,14
-55.4729,-28.2657,51.736,4.8,67,72.0,4.895,0.44,us,10.17,3.875,0.073,57
52.0887,160.897,10.0,4.2,26,144.0,1.661,0.38,us,11.36,1.938,0.128,17
53.1006,161.067,35.963,4.4,21,171.0,1.461,0.94,us,12.93,10.232,0.155,12
-22.2024,-179.5728,590.176,4.3,39,133.0,4.965,0.48,us,13.23,8.145,0.102,27
-60.0779,-62.4141,10.0,4.5,34,127.0,4.775,0.76,us,9.11,1.885,0.103,31
51.7562,158.1845,72.653,4.9,87,121.0,1.301,0.77,us,8.7,5.986,0.028,388
51.3574,158.7471,27.701,4.2,40,132.0,1.67,0.61,us,11.44,6.704,0.1,28
9.5365,93.7405,10.0,4.6,57,94.0,5.331,0.63,us,9.25,1.892,0.083,43
-26.879,-176.0819,10.0,4.2,18,105.0,9.613,1.04,us,10.47,1.908,0.132,17
36.6327,70.4173,218.761,4.2,48,88.0,2.254,0.53,us,8.67,9.448,0.128,17
-10.3275,120.4323,54.204,4.6,27,58.0,0.668,0.83,us,6.4,6.378,0.114,23
52.3541,160.9316,10.0,5.0,164,87.0,1.542,0.86,us,8.97,1.875,0.036,252
51.5614,159.0909,35.0,4.1,45,127.0,1.489,0.9,us,10.33,1.936,0.086,39
50.1081,159.6599,10.0,4.3,26,228.0,2.987,0.66,us,9.79,1.955,0.133,16
52.9209,160.4597,35.0,4.4,27,158.0,1.099,1.23,us,9.61,1.915,0.112,24
27.2767,128.3977,49.94,4.4,30,84.0,0.453,0.86,us,7.88,8.304,0.117,21
50.6854,156.7445,99.345,4.7,57,135.0,2.497,0.57,us,9.7,7.557,0.031,304
52.3552,160.4302,10.0,5.2,88,78.0,1.274,0.69,us,8.43,1.848,0.066,76
24.6729,94.8973,10.0,4.4,31,124.0,3.451,0.6,us,10.25,1.914,0.12,20
50.7971,158.7351,28.445,4.4,35,131.0,2.23,0.7,us,10.21,6.011,0.103,27
-14.675,166.6608,10.0,5.2,110,39.0,0.929,1.11,us,5.29,2.584,0.036,249
52.9381,159.7145,58.265,4.3,29,118.0,0.649,0.43,us,6.89,6.912,0.126,18
29.917,99.7797,10.0,4.2,33,128.0,6.862,0.79,us,5.08,1.937,0.112,22
-55.527,-26.9868,10.0,4.6,48,102.0,5.622,0.54,us,11.53,1.869,0.09,37
7.0629,126.8262,68.937,4.6,57,125.0,1.238,1.19,us,8.56,7.364,0.076,51
51.1858,159.1465,35.761,4.3,16,128.0,1.866,0.51,us,9.74,7.618,0.202,7
52.1311,158.6807,87.443,4.8,87,143.0,0.894,0.77,us,9.28,6.552,0.064,76
42.5481,88.1162,10.0,4.5,57,105.0,5.427,0.78,us,10.16,1.908,0.081,44
52.6519,161.2474,10.0,4.2,26,180.0,1.619,1.01,us,11.39,1.964,0.115,21
-54.9669,-32.4934,10.0,4.9,65,72.0,2.421,0.39,us,11.36,1.881,0.075,58
51.3285,159.4095,10.0,4.5,33,230.0,1.761,0.81,us,10.03,1.962,0.097,31
23.8192,113.0399,10.0,4.0,28,73.0,4.927,0.57,us,9.95,1.935,0.164,10
5.5018,126.3808,94.639,4.9,95,106.0,1.179,0.63,us,6.96,6.739,0.062,81
-23.8696,170.2865,10.0,4.6,22,188.0,2.896,1.02,us,10.32,1.706,0.129,18
46.3138,152.7644,30.579,4.4,41,136.0,7.51,0.56,us,11.09,6.226,0.112,23
-38.7016,175.8897,109.434,4.3,17,77.0,0.322,0.35,us,4.39,4.729,0.237,5
-7.0084,155.5506,113.056,4.0,29,96.0,4.381,0.62,us,10.16,7.735,0.106,26
39.6252,143.3878,10.0,4.2,34,132.0,2.125,0.85,us,4.84,1.877,0.115,21
-24.2488,-67.2783,179.176,4.4,31,70.0,1.533,1.17,us,8.94,9.026,0.144,14
37.7406,144.1271,10.0,4.5,34,141.0,3.862,0.62,us,9.56,1.922,0.121,20
51.8141,-169.7752,10.0,4.7,98,173.0,0.975,0.72,us,4.5,1.868,0.039,198
-58.0146,-23.2715,10.0,4.4,11,103.0,16.075,0.67,us,9.84,1.901,0.161,11
7.4127,127.0704,35.0,4.6,74,96.0,1.518,1.19,us,7.63,1.922,0.068,65
50.238,157.55,35.0,4.6,80,135.0,2.872,0.91,us,9.83,1.883,0.063,75
50.2297,158.3352,29.28,4.1,14,232.0,2.805,0.61,us,10.21,8.114,0.213,6
49.9094,157.3663,26.722,4.6,110,91.0,3.21,0.74,us,8.89,5.33,0.052,110
-31.8714,-178.6489,39.236,4.6,25,240.0,6.205,0.7,us,14.6,7.685,0.11,25
51.0136,158.2839,35.0,4.5,27,167.0,2.026,1.29,us,6.07,1.953,0.124,19
19.1121,96.4997,10.0,4.4,38,113.0,1.398,0.8,us,7.2,1.905,0.11,24
-62.9467,-157.8567,10.0,4.6,13,162.0,18.535,0.81,us,11.85,1.923,0.152,13
49.8763,157.0729,35.0,4.3,22,231.0,3.26,0.98,us,13.04,1.97,0.168,11
-18.8773,-175.5661,197.862,4.6,48,87.0,5.339,0.64,us,13.84,7.527,0.085,41
-37.5884,51.6101,10.0,4.5,28,137.0,16.747,0.59,us,8.21,1.859,0.115,22
52.7737,161.1913,10.0,4.3,28,148.0,1.56,0.68,us,9.99,1.94,0.133,16
-23.4037,-179.9567,548.13,4.1,15,198.0,5.931,0.37,us,21.51,15.777,0.127,17
49.2559,155.9504,35.0,4.7,47,134.0,4.011,0.73,us,11.32,1.936,0.097,32
65.9425,-37.3012,10.0,4.4,114,91.0,5.44,0.64,us,13.73,1.957,0.051,108
35.6952,140.036,76.733,4.6,50,132.0,1.703,0.58,us,9.09,7.446,0.088,38
-17.5688,-174.21,137.839,4.4,27,76.0,4.325,1.28,us,8.98,9.589,0.115,26
-31.9385,-69.9338,108.723,4.2,40,63.0,0.891,0.69,us,5.44,6.489,0.128,18
51.1048,159.4435,10.0,4.6,52,174.0,1.983,1.07,us,10.43,1.945,0.085,41
52.7677,160.8657,36.205,4.2,46,134.0,1.367,0.94,us,12.14,7.923,0.093,32
49.2985,157.5274,10.0,4.3,37,137.0,3.796,1.05,us,9.27,1.901,0.102,27
22.8936,143.7755,40.888,4.6,33,99.0,4.426,0.6,us,11.55,7.39,0.111,24
51.5995,160.094,10.0,4.4,20,229.0,2.107,0.55,us,14.4,1.99,0.123,20
39.1541,33.1999,10.0,4.7,58,49.0,0.664,0.53,us,4.28,1.837,0.118,22
5.1687,126.6937,9.873,4.4,32,62.0,1.285,1.22,us,6.37,4.3,0.102,30
-59.7954,-61.7163,10.0,4.6,17,122.0,5.114,1.35,us,7.49,1.914,0.146,14
51.418,161.1206,10.0,4.3,73,89.0,2.212,1.03,us,5.43,1.724,0.068,62
52.3385,159.7178,35.0,4.3,42,134.0,0.945,0.98,us,11.3,1.945,0.098,29
-8.1338,119.7553,185.305,4.4,38,58.0,1.617,0.68,us,7.25,1.522,0.095,32
36.7393,30.4636,10.0,4.6,60,61.0,0.446,0.51,us,5.16,1.863,0.083,43
-49.154,127.3387,10.0,4.6,33,83.0,17.504,0.38,us,12.85,1.924,0.099,31
0.6359,120.6222,20.408,4.4,24,97.0,2.962,1.25,us,7.4,6.232,0.149,13
-17.4643,167.9105,20.208,4.9,27,167.0,2.118,0.66,us,10.13,5.551,0.177,14
52.3592,160.4874,35.0,4.3,18,135.0,1.301,1.12,us,11.56,1.906,0.178,9
7.3262,126.6329,136.737,4.1,34,56.0,1.076,0.47,us,8.74,4.869,0.104,26
48.2839,154.3139,53.519,4.7,87,133.0,5.287,0.64,us,9.33,7.152,0.063,76
32.3157,76.638,10.0,4.1,47,163.0,6.289,0.94,us,9.93,1.92,0.103,26
9.4941,-40.9517,10.0,4.4,27,148.0,12.386,0.6,us,14.24,1.943,0.112,23
-9.1136,125.8382,10.0,4.4,10,162.0,1.676,0.81,us,9.05,1.996,0.24,5
52.1608,174.354,35.0,4.2,51,167.0,0.59,0.75,us,7.03,1.724,0.06,78
55.4542,166.3641,10.0,4.7,98,91.0,5.138,0.67,us,8.6,1.874,0.034,266
51.7976,160.2803,10.0,4.4,35,160.0,1.583,1.08,us,6.16,1.924,0.117,21
44.4564,149.4049,35.0,4.7,116,137.0,4.902,0.58,us,9.97,1.91,0.057,95
52.4282,160.6807,10.0,4.6,63,120.0,1.371,0.94,us,9.26,1.893,0.069,63
42.3287,144.4751,35.019,4.1,33,175.0,1.029,1.07,us,7.64,8.98,0.111,22
10.6872,140.9811,10.0,4.3,17,132.0,4.771,0.65,us,8.57,1.917,0.169,12
51.1177,159.7668,10.0,4.4,19,167.0,2.029,0.49,us,13.11,1.962,0.155,12
40.674,145.1876,10.0,4.5,73,135.0,2.033,0.67,us,5.44,1.887,0.076,51
7.3364,127.0845,10.0,4.9,91,55.0,1.517,1.18,us,6.57,1.855,0.056,99
52.3536,159.8729,35.0,4.8,47,122.0,1.523,0.55,us,7.8,1.848,0.064,75
46.062,143.7424,342.028,4.4,63,129.0,1.124,0.64,us,6.56,5.887,0.027,385
27.4606,52.5881,10.0,4.4,62,80.0,4.102,0.59,us,9.18,1.896,0.082,43
51.4092,160.9922,10.0,4.0,18,129.0,2.166,0.6,us,6.84,1.796,0.232,5
-31.6731,76.4956,10.0,4.8,41,92.0,21.292,0.55,us,12.83,1.874,0.095,34
51.2138,159.782,10.0,4.1,16,306.0,1.942,0.83,us,15.63,2.005,0.166,10
-8.8943,159.8465,78.842,5.0,60,38.0,0.55,1.02,us,10.85,5.427,0.042,183
11.203,124.0679,10.0,4.7,46,88.0,4.37,0.81,us,10.83,1.904,0.093,35
39.5772,143.2297,10.0,5.5,96,123.0,2.054,0.85,us,7.76,1.867,0.053,122
52.4625,160.4409,43.863,4.2,23,160.0,1.225,1.07,us,13.64,9.174,0.131,16
50.3384,177.1824,10.0,3.7,37,254.0,1.699,0.49,us,4.37,2.016,0.19,7
9.0575,93.7358,10.0,4.3,23,179.0,5.815,1.09,us,9.03,1.868,0.154,13
52.9218,160.7749,10.0,4.5,30,127.0,1.289,0.91,us,7.65,1.893,0.103,28
-4.6533,125.4787,454.25,4.4,65,39.0,2.739,0.9,us,10.5,8.882,0.086,39
54.6579,-160.4966,10.081,4.0,40,188.0,0.554,0.75,us,3.51,6.079,0.231,5
42.8497,146.6636,19.538,4.9,153,103.0,2.726,0.69,us,9.14,4.609,0.032,301
34.0726,24.5371,20.968,4.3,23,206.0,2.612,0.72,us,10.1,8.908,0.168,10
50.1538,157.9433,10.0,5.2,122,125.0,2.907,0.72,us,8.3,1.878,0.055,111
13.09,-88.6169,78.191,4.6,70,142.0,0.473,0.7,us,7.59,6.649,0.05,122
29.922,129.9543,19.286,4.4,31,118.0,1.639,0.98,us,7.31,4.701,0.115,22
-7.2627,129.6257,117.014,4.1,16,98.0,5.044,0.63,us,6.01,12.69,0.165,12
-18.2947,-64.8709,10.0,4.2,14,84.0,0.805,1.01,us,6.12,1.912,0.132,16
-18.6617,65.2233,10.0,4.2,16,95.0,2.062,0.75,us,6.43,1.884,0.176,9
-9.6292,151.2083,10.0,4.6,32,106.0,4.0,0.42,us,8.84,1.901,0.116,22
50.7263,157.0367,72.868,4.2,62,170.0,2.42,0.75,us,13.03,8.877,0.072,54
-17.4164,-173.1133,35.0,4.6,14,115.0,3.448,0.8,us,9.44,1.938,0.165,11
49.0127,157.92,10.0,4.2,13,233.0,4.042,0.73,us,12.86,1.91,0.235,5
1.4969,127.0354,124.95,4.6,41,91.0,0.793,0.54,us,7.6,6.612,0.09,37
-26.5494,-176.1108,10.0,4.3,15,141.0,9.37,0.72,us,14.55,1.927,0.161,12
-41.7988,-83.9195,10.0,5.3,59,138.0,10.123,0.93,us,8.17,1.771,0.037,240
49.4716,155.5842,78.223,4.3,51,135.0,3.876,0.55,us,10.85,7.701,0.068,62
48.968,158.2315,10.0,4.3,24,145.0,4.069,0.79,us,13.21,1.939,0.133,16
-23.2924,179.9279,566.601,4.8,69,72.0,5.792,0.65,us,13.46,8.926,0.065,74
51.6758,159.1818,42.864,4.6,28,125.0,1.698,0.55,us,10.58,3.857,0.103,28
-18.39,-177.7431,591.078,4.1,30,127.0,7.256,0.74,us,15.65,6.358,0.109,25
5.9983,125.9874,152.424,4.2,23,183.0,1.139,0.53,us,9.87,7.5,0.147,13
-1.8823,140.7671,10.0,4.7,64,59.0,0.631,0.56,us,5.72,1.864,0.075,54
54.394,-158.7009,10.0,4.3,56,183.0,0.677,0.51,us,2.07,1.906,0.142,14
54.4746,-159.6765,24.868,4.1,55,159.0,0.361,0.82,us,5.42,6.146,0.117,21
-19.6435,169.0822,127.736,5.0,47,123.0,3.326,0.61,us,10.62,7.49,0.042,179
41.2822,142.7532,40.195,4.3,32,142.0,0.792,0.91,us,6.2,8.466,0.122,19
1.1208,97.0034,10.0,4.0,9,220.0,0.6,0.82,us,4.44,1.959,0.259,5
0.2625,122.0601,180.452,4.8,52,97.0,2.991,0.53,us,8.11,5.829,0.072,61
45.5092,150.7402,64.387,4.4,25,174.0,5.723,0.94,us,14.41,8.265,0.143,14
-14.8039,-173.109,10.0,4.4,15,63.0,1.564,0.57,us,7.3,1.807,0.179,9
16.4546,-59.8077,10.0,4.5,16,234.0,1.216,0.65,us,6.77,1.952,0.204,7
13.8349,-92.9186,10.0,4.1,62,162.0,1.505,0.85,us,6.54,1.958,0.08,43
53.2245,160.3688,45.096,5.2,154,108.0,1.055,0.68,us,9.38,6.757,0.029,396
51.4172,159.6107,28.721,4.2,17,244.0,1.714,0.59,us,14.61,10.261,0.146,14
83.4353,115.4628,10.0,4.0,30,105.0,13.778,0.82,us,14.15,1.948,0.11,22
51.4632,159.3405,35.0,4.2,27,193.0,1.619,0.78,us,11.93,1.989,0.128,17
37.5398,19.8784,35.0,4.0,24,139.0,1.67,1.15,us,7.06,1.968,0.232,5
73.2029,6.4369,10.0,4.1,14,88.0,5.893,0.35,us,5.5,1.935,0.198,7
52.9275,160.2956,43.666,4.1,21,166.0,1.0,0.67,us,14.01,11.329,0.131,17
-54.6475,158.6203,10.0,4.6,22,128.0,0.239,0.85,us,6.41,1.947,0.141,15
50.2966,158.3914,10.0,4.1,29,132.0,2.735,0.9,us,6.18,1.905,0.109,23
52.6499,-34.8396,10.0,4.9,65,40.0,12.504,0.73,us,10.63,1.858,0.062,83
51.7974,160.0327,10.0,4.5,40,165.0,1.94,0.53,us,9.12,1.928,0.093,34
59.9692,-29.7573,10.0,4.4,22,168.0,6.191,0.62,us,13.11,1.957,0.144,14
52.9382,160.4617,35.0,4.3,26,208.0,1.099,1.21,us,7.12,2.0,0.129,17
52.953,160.9277,10.0,5.3,38,118.0,1.379,0.63,us,9.37,1.889,0.118,24
31.8975,131.843,42.271,4.5,51,126.0,1.247,0.82,us,7.0,7.79,0.083,43
51.4017,159.6648,19.591,5.0,67,121.0,1.74,0.83,us,9.66,5.108,0.076,56
-12.7461,166.5623,130.729,4.6,76,63.0,7.276,0.66,us,8.97,5.716,0.069,67
-59.2708,-25.9853,35.0,4.3,18,177.0,15.551,0.71,us,12.0,1.957,0.133,16
52.8429,160.4905,35.025,4.4,81,135.0,1.129,0.54,us,12.23,7.109,0.059,84
-6.3392,152.0385,10.0,4.4,28,112.0,2.138,0.49,us,7.87,1.897,0.126,18
45.177,78.3673,10.0,4.3,60,75.0,2.016,0.57,us,5.9,1.893,0.093,34
52.4527,159.6584,71.679,4.3,15,153.0,0.838,1.17,us,12.22,8.498,0.138,15
-24.4318,-67.2982,200.54,4.2,25,75.0,1.68,0.89,us,7.06,11.735,0.147,13
52.6177,161.5813,10.0,4.2,23,124.0,2.404,0.58,us,10.08,1.916,0.141,14
-52.3658,14.5581,10.0,4.6,11,108.0,20.484,0.85,us,15.4,1.636,0.172,10
54.4878,-159.8641,35.0,3.2,25,159.0,0.379,0.84,us,2.73,1.993,0.215,5
9.9984,125.3254,10.0,4.3,29,84.0,2.921,0.46,us,10.47,1.89,0.113,22
-17.2837,-178.5077,550.557,4.3,31,130.0,14.227,0.55,us,15.73,9.888,0.101,28
51.8554,160.3445,10.0,5.2,92,88.0,1.563,0.77,us,8.42,1.876,0.035,265
52.9588,160.564,46.047,4.2,35,135.0,1.159,0.51,us,10.81,7.718,0.11,23
51.7184,160.9987,10.0,4.1,38,138.0,1.945,0.73,us,10.91,1.921,0.099,28
52.1092,160.4426,10.0,4.5,70,124.0,1.427,0.76,us,9.87,1.896,0.071,59
51.4159,159.3457,10.0,4.9,221,128.0,1.666,0.68,us,8.94,1.878,0.033,284
-6.1823,130.3395,167.981,4.5,47,45.0,3.759,0.8,us,6.17,7.35,0.07,60
-20.3516,-177.8071,524.156,4.4,35,124.0,4.693,0.59,us,14.0,8.009,0.103,28
-14.4218,167.1653,124.522,4.3,20,157.0,1.02,1.08,us,15.98,8.143,0.143,14
-24.7046,-175.8653,35.0,4.4,16,216.0,8.949,0.71,us,15.76,1.995,0.148,13
-57.2058,-68.3105,10.0,4.3,12,151.0,3.581,1.26,us,10.59,1.965,0.217,6
51.3745,175.213,10.0,4.1,57,183.0,1.521,0.59,us,6.83,1.937,0.087,36
41.0269,14.8167,10.0,4.0,23,85.0,0.189,0.9,us,2.53,1.898,0.365,2
-30.6357,-71.8316,26.997,4.2,18,191.0,0.174,0.93,us,5.38,4.23,0.216,6
-20.7091,168.9793,10.0,4.4,17,165.0,2.371,0.44,us,10.46,1.919,0.179,9
50.9647,160.1123,10.0,4.6,34,138.0,2.251,0.6,us,10.09,1.894,0.116,22
-3.9733,140.7437,63.278,4.1,11,132.0,1.45,0.75,us,4.69,15.771,0.174,9
12.9374,122.8587,10.0,4.7,53,103.0,6.416,0.62,us,10.79,1.879,0.086,42
7.0726,126.8975,68.326,5.0,66,103.0,1.308,0.8,us,7.93,4.033,0.048,137
51.3629,160.977,10.0,4.2,35,177.0,2.195,0.86,us,11.32,1.933,0.115,21
-21.2285,-68.7168,117.126,4.2,18,53.0,0.743,0.49,us,6.41,11.685,0.263,4
-9.4859,123.5792,83.116,4.2,12,133.0,0.729,1.26,us,8.12,8.723,0.199,7
51.6685,160.0534,10.0,4.5,18,161.0,1.607,0.78,us,10.1,1.96,0.144,14
-18.9533,-69.4163,112.094,4.6,55,102.0,0.621,1.13,us,4.89,2.783,0.078,50
39.218,28.2551,10.0,4.9,66,37.0,1.06,1.14,us,5.48,1.876,0.093,36
-25.0409,-176.5324,35.0,4.4,18,140.0,4.368,0.27,us,9.67,1.915,0.162,11
-11.9776,166.3038,58.458,4.3,20,145.0,3.558,0.52,us,11.87,9.12,0.142,15
34.3744,16.3847,10.0,4.5,39,113.0,3.5,0.8,us,8.7,1.909,0.11,24
7.159,126.739,79.427,4.3,33,131.0,1.154,1.16,us,11.18,7.694,0.105,26
-1.6795,120.842,13.442,4.5,25,64.0,0.913,1.12,us,3.8,5.008,0.163,13
13.6429,-91.3666,35.0,4.5,185,154.0,0.93,1.17,us,9.07,1.942,0.027,393
-7.6609,129.0993,87.297,4.4,25,100.0,5.21,1.05,us,9.67,8.523,0.12,20
1.6354,127.1993,128.767,4.7,81,97.0,0.874,0.51,us,6.93,6.348,0.069,64
-36.4735,177.2808,10.0,4.2,17,106.0,1.362,0.79,us,5.59,1.922,0.167,10
36.2224,-34.0872,10.0,4.8,67,87.0,7.023,0.76,us,9.6,1.824,0.075,55
51.3799,159.7982,10.0,4.3,23,129.0,1.791,0.61,us,8.5,1.787,0.148,13
51.4877,159.3543,35.0,4.3,22,155.0,1.598,0.64,us,9.39,1.883,0.142,15
53.4336,-165.8828,52.524,3.7,28,189.0,0.554,1.01,us,5.71,15.516,0.122,17
-2.1393,138.4607,10.0,4.7,40,71.0,0.454,0.75,us,4.51,1.832,0.102,29
51.5411,158.3911,35.352,4.4,96,126.0,1.493,0.6,us,5.05,7.504,0.057,87
52.0358,160.2686,27.232,4.6,57,111.0,1.399,0.58,us,9.48,5.641,0.08,47
7.3945,126.8399,56.684,4.9,160,66.0,1.292,0.8,us,7.45,5.44,0.051,121
-19.989,-177.8639,430.41,4.4,39,164.0,4.371,0.5,us,16.46,10.15,0.089,36
52.1872,159.2574,59.053,4.5,59,162.0,0.916,0.49,us,9.41,7.225,0.061,80
53.1393,-166.0308,35.0,3.7,29,199.0,0.762,0.27,us,2.94,1.958,0.135,14
25.4355,123.4903,182.82,4.1,37,61.0,1.058,0.64,us,6.06,7.12,0.12,19
-5.3512,153.1661,35.425,4.4,31,121.0,1.539,0.95,us,10.98,7.135,0.117,21
53.4673,-165.899,51.702,3.6,44,163.0,0.523,1.19,us,5.26,8.326,0.167,10
53.063,161.0883,10.0,4.2,24,182.0,1.473,0.65,us,11.12,1.849,0.11,23
24.2883,94.3996,35.0,4.2,25,149.0,3.105,0.68,us,14.81,1.975,0.121,20
52.8952,161.3822,10.0,4.8,86,119.0,1.658,0.64,us,8.65,1.87,0.045,150
-2.1741,138.8715,35.0,4.8,48,67.0,0.844,0.85,us,6.57,1.903,0.082,46
41.2186,71.9375,15.69,4.2,29,83.0,0.56,0.86,us,2.62,5.022,0.167,10
-18.0067,-178.3713,596.914,4.1,24,121.0,2.64,0.86,us,13.54,9.629,0.139,14
52.1633,160.5071,34.831,4.4,70,162.0,1.423,0.62,us,10.9,6.603,0.052,108
-10.9378,25.1617,10.0,4.3,23,114.0,5.225,0.84,us,11.46,1.894,0.129,17
2.7113,128.1721,73.75,4.3,35,104.0,3.355,1.18,us,9.42,2.478,0.113,22
-3.7962,144.6459,10.0,4.2,16,98.0,3.227,0.62,us,9.27,1.932,0.167,10
11.9242,143.6677,10.0,4.4,36,142.0,2.028,0.91,us,10.98,1.92,0.104,27
-63.458,173.854,10.0,4.3,11,217.0,14.624,1.04,us,11.72,2.011,0.189,8
18.8732,145.3521,372.736,3.9,28,146.0,17.61,0.58,us,14.7,8.4,0.115,20
39.4338,143.4883,10.0,4.4,38,139.0,2.299,0.81,us,5.47,1.899,0.115,22
4.8731,96.6217,10.0,4.5,32,135.0,3.156,0.97,us,9.38,1.909,0.108,25
52.6537,160.9446,10.0,4.5,51,120.0,1.44,1.35,us,9.88,1.899,0.074,53
-5.553,152.0161,35.0,4.5,28,152.0,1.361,1.25,us,9.51,1.916,0.108,25
-5.7989,147.903,161.579,4.2,16,188.0,3.657,0.48,us,13.7,10.08,0.186,9
49.8252,159.7464,10.0,4.4,72,137.0,3.275,0.8,us,8.43,1.469,0.072,56
49.9721,158.4205,10.0,4.2,29,138.0,3.059,0.64,us,12.62,1.92,0.115,21
53.0989,160.7333,29.64,4.7,71,58.0,1.26,0.97,us,8.4,5.103,0.049,128
52.3028,160.4482,45.228,4.7,42,132.0,1.312,0.92,us,10.51,7.328,0.096,33
-1.3452,-24.4427,10.0,4.4,17,104.0,11.988,0.51,us,12.8,1.93,0.149,13
-2.1308,138.9934,35.0,4.5,28,76.0,0.971,0.89,us,6.16,1.831,0.116,22
50.0822,157.2741,30.003,4.3,34,132.0,3.042,0.8,us,5.69,5.538,0.104,26
51.694,-170.6741,18.771,4.5,90,138.0,1.193,1.26,us,5.87,5.06,0.037,211
-49.0053,164.4197,35.0,4.4,27,116.0,3.226,0.79,us,9.4,1.973,0.179,9
-3.9693,-80.8004,40.959,4.7,64,108.0,2.145,1.1,us,7.06,7.081,0.045,147
-10.9536,165.5544,10.0,4.1,17,142.0,4.746,1.07,us,8.91,1.681,0.166,11
40.8514,142.7404,44.206,4.9,68,127.0,1.204,1.11,us,6.74,7.483,0.062,82
44.5841,149.4032,54.264,4.5,55,135.0,4.906,0.66,us,11.15,7.865,0.068,63
50.3618,156.9324,78.939,4.4,61,135.0,2.791,0.41,us,11.22,7.064,0.08,46
51.3084,159.5687,10.0,4.3,27,138.0,1.808,1.02,us,9.91,1.93,0.122,19
-21.8729,169.5863,10.0,4.2,11,140.0,2.115,0.8,us,8.88,1.957,0.199,8
-49.7175,163.7419,10.0,4.5,24,129.0,4.047,0.49,us,10.39,1.925,0.131,17
52.3363,159.7504,37.28,4.4,33,120.0,0.96,0.77,us,9.23,4.459,0.095,32
-3.5108,68.4291,10.0,4.6,23,168.0,5.573,0.7,us,12.64,1.935,0.157,12
-11.7641,165.1128,10.0,4.6,26,53.0,4.187,0.66,us,9.02,1.836,0.132,19
52.4792,160.7599,10.0,4.7,37,165.0,1.393,0.95,us,9.91,1.73,0.108,26
52.6587,160.8824,10.0,4.2,15,147.0,1.403,1.13,us,8.73,1.955,0.2,7
-9.2752,124.6063,35.0,4.6,27,49.0,0.583,1.42,us,6.16,1.946,0.129,18
-18.278,-173.8274,169.964,4.5,22,97.0,3.781,0.46,us,10.33,7.704,0.139,15
-6.4499,147.907,62.453,4.5,37,122.0,3.027,0.7,us,4.61,7.714,0.118,21
-20.3027,-177.7037,508.462,4.4,35,96.0,4.711,0.55,us,13.01,9.064,0.095,32
-6.3252,130.4119,112.551,4.4,21,83.0,3.847,0.39,us,13.33,10.442,0.139,15
29.3015,129.1007,10.0,4.6,38,104.0,2.491,1.12,us,6.2,1.437,0.098,31
52.8793,160.1896,35.0,4.2,26,103.0,0.943,0.69,us,10.1,1.93,0.115,21
-19.7558,-177.529,544.161,4.4,30,92.0,7.206,0.29,us,16.0,11.313,0.112,23
-17.518,-178.8212,551.788,4.1,24,168.0,2.016,0.39,us,18.39,11.174,0.117,20
-17.3112,66.2755,10.0,4.9,64,71.0,18.179,0.7,us,13.24,1.851,0.079,50
-15.0853,167.4736,144.812,4.6,39,126.0,6.225,0.7,us,12.32,7.431,0.081,46
50.7723,157.6973,47.321,4.2,37,135.0,2.33,0.62,us,12.81,8.406,0.101,27
50.1568,157.6586,26.396,4.5,51,144.0,2.936,0.67,us,13.13,6.343,0.083,43
43.9036,147.5989,59.817,4.1,21,190.0,3.618,0.78,us,6.47,10.772,0.145,13
5.8234,61.5165,10.0,4.7,54,67.0,23.397,1.07,us,9.92,1.817,0.074,55
52.1912,160.7387,10.0,4.3,13,124.0,1.522,0.65,us,8.03,1.941,0.168,10
10.9351,141.9682,10.0,4.1,20,147.0,3.872,0.57,us,7.15,1.902,0.151,14
-6.0679,150.9753,67.334,4.2,19,145.0,2.039,0.66,us,11.7,2.023,0.141,14
42.0602,139.5657,190.876,4.6,117,48.0,1.698,0.66,us,7.41,7.002,0.055,98
35.2159,46.7802,10.0,4.0,32,63.0,0.874,0.54,us,6.1,1.922,0.163,13
30.8997,136.0842,10.0,4.2,25,69.0,3.386,0.45,us,8.01,1.917,0.16,11
50.0735,156.3061,56.934,4.4,51,131.0,11.076,0.56,us,13.39,8.188,0.088,37
43.4984,-127.4214,10.0,3.5,78,212.0,1.772,0.78,us,10.01,2.002,0.201,6
36.6074,139.3644,12.413,4.6,54,111.0,0.932,0.98,us,6.26,4.455,0.079,49
49.1978,156.007,35.0,4.2,30,137.0,4.058,0.4,us,7.71,1.848,0.125,18
40.8255,142.7591,47.786,5.6,108,67.0,1.225,0.47,us,6.44,4.675,0.031,355
-5.5097,147.1309,207.269,4.3,20,153.0,3.451,0.73,us,14.03,8.068,0.16,13
49.5624,158.5308,10.0,4.6,51,136.0,3.467,0.68,us,6.79,1.852,0.082,44
-6.6323,129.939,125.45,4.8,68,25.0,4.348,0.6,us,8.18,6.792,0.059,90
52.3016,-169.4338,35.0,3.8,52,175.0,0.517,0.9,us,4.68,1.884,0.075,46
2.0495,126.6924,61.506,4.1,24,80.0,2.928,0.82,us,9.77,9.646,0.131,16
37.5599,72.4465,191.888,4.2,39,165.0,0.752,0.76,us,8.66,4.525,0.146,13
3.3383,-82.799,10.0,4.4,19,166.0,4.441,1.15,us,9.89,1.96,0.162,11
-4.7319,102.6005,62.855,4.7,46,160.0,0.511,0.96,us,7.65,5.6,0.096,33
52.9701,159.9484,62.549,4.3,45,130.0,0.787,0.93,us,10.92,6.801,0.076,50
-5.6734,68.47,10.0,4.6,78,73.0,4.317,0.47,us,9.14,1.857,0.069,67
7.2614,126.9935,77.33,4.9,51,115.0,1.416,0.78,us,9.66,7.455,0.08,49
39.6047,82.9153,10.0,4.5,32,65.0,3.243,0.89,us,10.89,1.895,0.125,19
26.8602,55.0341,10.0,4.2,28,156.0,2.179,0.62,us,14.15,1.949,0.121,19
53.4925,160.273,53.438,4.4,55,114.0,1.082,1.0,us,9.14,7.524,0.079,46
37.183,141.0446,60.182,4.4,31,144.0,2.362,0.52,us,8.9,7.237,0.12,20
29.3994,129.1855,10.0,4.4,23,140.0,2.37,1.21,us,9.93,1.92,0.127,18
-5.5149,152.9973,10.0,4.3,21,133.0,1.555,0.69,us,12.85,1.909,0.125,18
-20.68,-178.7574,607.093,4.2,25,134.0,4.196,0.46,us,14.66,8.616,0.118,20
-4.0009,143.1389,10.0,4.5,30,109.0,2.845,0.87,us,8.01,1.853,0.11,24
16.5297,-59.6704,10.0,4.2,21,178.0,1.347,0.58,us,5.22,1.893,0.264,4
9.3326,93.9986,10.0,4.5,28,178.0,5.584,0.67,us,12.24,1.936,0.118,21
51.4297,159.7233,20.16,4.4,23,138.0,1.727,1.22,us,11.97,6.97,0.144,14
-2.9284,136.3199,10.0,4.6,27,57.0,1.809,0.94,us,5.41,1.763,0.105,27
6.3659,123.9582,529.927,4.0,57,50.0,1.755,0.71,us,12.36,7.89,0.078,45
3.5477,126.7457,46.704,4.5,56,105.0,1.727,0.77,us,6.71,7.496,0.075,52
52.2784,159.7298,35.0,4.5,71,121.0,0.995,0.95,us,7.57,1.922,0.066,68
54.5301,-159.8566,35.116,4.2,72,153.0,0.339,0.93,us,5.94,8.155,0.086,37
8.7329,-82.0964,10.0,4.3,18,212.0,1.251,0.72,us,9.36,2.009,0.168,10
46.0482,151.6411,35.0,4.5,45,170.0,6.69,0.43,us,11.58,1.975,0.102,28
36.5373,70.3385,195.636,4.0,30,147.0,2.244,0.59,us,7.86,10.096,0.122,19
39.3807,143.4427,10.0,4.7,49,101.0,2.304,1.16,us,8.04,1.884,0.069,63
51.4339,158.7407,35.0,4.8,36,181.0,1.593,0.8,us,11.61,1.971,0.082,46
51.4214,159.5896,10.0,4.8,56,128.0,1.705,0.94,us,7.36,1.88,0.086,41
-1.923,128.9011,10.0,4.7,55,41.0,2.582,1.06,us,8.75,1.874,0.085,42
-27.6087,-177.8981,10.0,4.6,32,224.0,1.63,1.19,us,13.78,1.919,0.1,33
-37.4434,51.3136,10.0,4.8,44,43.0,18.702,0.37,us,10.47,1.478,0.088,40
-3.3941,149.0769,10.0,4.3,23,120.0,2.173,0.59,us,6.02,1.836,0.143,14
52.7629,160.91,32.003,4.0,26,143.0,1.394,0.44,us,9.09,4.261,0.129,16
8.4317,126.0015,10.0,4.5,37,115.0,1.417,1.16,us,10.63,1.886,0.108,25
-19.2459,-69.0341,115.609,4.2,26,91.0,0.447,0.65,us,5.76,3.608,0.141,14
39.4283,143.3003,43.866,4.5,56,134.0,2.188,0.6,us,9.14,7.483,0.075,52
52.2212,160.3199,41.363,4.1,20,137.0,1.827,1.03,us,10.62,6.347,0.127,17
-7.5435,128.2641,152.143,4.3,24,95.0,4.522,1.34,us,9.33,10.377,0.168,10
52.9643,160.9211,10.0,4.8,81,103.0,1.374,0.88,us,7.58,1.844,0.036,243
52.7177,-34.7979,10.0,4.3,37,119.0,12.548,1.06,us,8.74,1.902,0.103,29
50.1604,158.8486,10.0,4.3,31,127.0,2.87,1.04,us,9.65,1.899,0.113,22
16.8422,145.6771,187.601,4.2,29,113.0,1.596,0.81,us,14.87,9.021,0.115,21
-35.4292,-71.2382,99.625,4.2,45,126.0,0.363,0.7,us,4.69,4.757,0.108,24
36.7989,74.5496,10.0,4.7,77,84.0,2.231,0.73,us,9.58,1.841,0.062,79
10.6993,-85.2721,16.868,4.3,13,113.0,0.174,0.75,us,3.31,3.708,0.064,70
51.2479,159.3673,32.603,4.7,40,131.0,1.832,0.8,us,11.88,3.761,0.068,66
-28.2547,62.7289,10.0,4.6,34,68.0,9.489,0.78,us,5.95,1.818,0.114,23
51.3039,159.5142,10.0,4.2,19,189.0,1.803,0.56,us,11.08,1.98,0.159,11
-20.1095,-178.7629,618.958,4.1,18,122.0,3.823,0.49,us,18.61,9.315,0.158,11
6.9709,126.7077,81.914,5.3,25,112.0,1.125,0.7,us,10.2,8.07,0.133,19
34.9601,104.6772,10.0,4.6,54,92.0,1.277,0.52,us,9.78,1.894,0.083,43
9.5898,94.207,10.0,4.4,15,134.0,5.419,1.09,us,12.2,1.927,0.218,7
36.1892,136.9978,260.284,4.3,116,72.0,0.652,0.76,us,7.69,5.221,0.055,96
52.9609,160.7587,10.0,4.9,101,107.0,1.276,0.97,us,8.07,1.86,0.026,473
-7.5418,127.7279,155.496,4.4,56,52.0,3.699,0.84,us,7.95,7.846,0.082,43
-26.3577,-177.6499,10.0,4.4,22,125.0,2.887,0.61,us,12.03,1.891,0.13,17
50.3673,156.5662,81.153,4.1,27,135.0,2.834,0.62,us,13.15,8.484,0.117,20
-20.7057,-68.7581,128.91,4.5,25,61.0,0.673,0.88,us,6.5,6.241,0.115,22
10.7865,-86.5548,10.0,4.3,23,169.0,1.21,0.69,us,6.26,1.961,0.111,23
31.1827,49.7002,10.0,4.1,28,146.0,5.046,0.85,us,11.75,1.975,0.114,21
44.8164,150.2755,10.0,4.7,126,134.0,5.542,0.65,us,10.88,1.887,0.054,105
1.5466,99.3953,166.311,4.4,40,177.0,1.233,0.39,us,11.98,7.332,0.09,36
49.2905,157.7345,10.0,4.5,52,138.0,3.782,0.52,us,9.15,1.744,0.088,38
53.027,161.1634,25.995,4.7,57,86.0,1.518,0.66,us,8.46,5.457,0.042,173
-6.7891,145.1184,10.0,4.3,17,91.0,3.292,0.57,us,9.74,1.882,0.137,15
52.5646,160.8915,10.0,4.4,43,158.0,1.437,0.99,us,10.42,1.906,0.086,39
-28.2354,-178.6309,10.0,4.8,26,91.0,1.18,0.52,us,10.38,1.851,0.107,27
0.0672,97.2173,10.0,4.2,18,219.0,3.117,0.73,us,11.23,1.976,0.176,9
-17.7849,-178.7413,552.073,4.6,72,79.0,2.225,0.77,us,12.28,7.388,0.072,57
-2.3293,139.1544,40.0,4.4,27,71.0,1.117,1.12,us,6.6,7.298,0.13,17
14.8447,-94.114,10.0,4.7,91,124.0,1.837,0.75,us,6.01,1.888,0.042,177
50.9774,158.4049,35.0,4.8,194,107.0,2.055,0.6,us,6.15,1.884,0.041,179
43.7484,147.7571,87.924,4.4,65,137.0,3.748,0.58,us,10.54,7.811,0.067,66
-5.3549,128.4253,321.083,4.0,37,86.0,4.516,0.87,us,7.91,8.88,0.113,21
52.8728,161.1066,10.0,5.0,92,117.0,1.494,1.2,us,9.54,1.872,0.034,274
7.0145,126.7102,67.847,5.6,237,44.0,1.124,0.67,us,7.29,4.943,0.044,184
-3.2855,141.142,24.139,4.5,15,209.0,0.882,0.72,us,7.48,7.315,0.156,12
27.2631,53.8535,10.0,4.4,59,71.0,3.129,0.61,us,9.84,1.912,0.074,52
41.1559,142.7514,53.76,4.3,37,150.0,0.911,0.9,us,3.15,8.324,0.116,21
-21.635,-68.4076,121.731,4.5,33,90.0,0.792,0.83,us,5.41,6.238,0.113,23
52.2588,160.5209,24.102,4.1,17,137.0,1.917,1.08,us,11.37,6.73,0.145,13
51.4621,159.733,10.0,4.7,47,127.0,1.7,1.28,us,9.34,1.887,0.072,59
-19.7872,-175.8542,260.005,4.4,15,138.0,5.608,1.27,us,9.66,16.106,0.162,11
53.4033,160.4318,55.148,4.1,21,137.0,1.137,1.22,us,9.23,5.072,0.135,15
-22.5857,-179.736,567.806,4.2,15,108.0,5.244,0.66,us,19.56,12.129,0.166,10
52.217,160.1147,44.441,4.1,27,229.0,1.204,0.85,us,12.56,9.329,0.127,17
-7.6992,127.6248,129.042,4.3,19,75.0,3.897,0.51,us,11.14,9.353,0.125,18
50.1567,158.5962,10.0,4.5,53,126.0,2.871,0.87,us,9.63,1.895,0.068,64
51.4434,161.1637,10.0,4.3,20,138.0,2.212,0.38,us,10.12,1.871,0.137,15
59.8337,-30.0607,10.0,4.5,40,104.0,6.391,0.66,us,9.58,1.905,0.101,30
44.692,150.4283,10.0,4.3,21,183.0,5.643,1.26,us,15.16,1.976,0.168,10
52.3431,160.354,28.122,4.4,25,123.0,1.787,0.66,us,10.03,2.85,0.134,16
54.6408,165.7863,10.0,4.2,45,151.0,4.527,0.55,us,8.94,1.936,0.091,36
52.7224,161.0234,10.0,4.1,27,163.0,1.47,0.98,us,13.22,1.968,0.13,16
50.6741,157.6954,35.0,4.5,109,130.0,2.426,0.69,us,9.62,1.916,0.055,96
-2.1435,139.3604,52.887,4.8,40,78.0,1.332,0.73,us,4.87,7.087,0.097,38
15.8388,-96.2319,33.717,4.7,57,149.0,2.818,0.9,us,9.06,5.658,0.028,373
10.7351,-85.9493,46.643,4.2,43,186.0,0.626,0.94,us,8.37,13.026,0.098,29
-8.0859,119.191,9.922,4.1,17,59.0,1.582,1.05,us,4.44,5.196,0.184,8
18.4849,145.0895,478.314,4.7,122,60.0,3.295,0.82,us,10.82,6.927,0.036,232
40.902,143.2141,31.27,5.1,96,134.0,1.113,1.06,us,4.25,5.57,0.065,78
9.6107,39.7979,10.0,4.9,58,71.0,1.313,0.95,us,8.8,1.867,0.07,63
-6.9147,125.7048,509.074,4.6,86,28.0,3.16,0.61,us,9.95,6.776,0.078,49
-22.2542,-68.4574,112.746,4.4,32,94.0,0.741,0.95,us,5.93,6.441,0.13,17
53.0468,159.5216,73.927,4.7,163,125.0,0.527,0.71,us,9.3,6.013,0.033,272
50.4902,159.7887,10.0,4.2,16,136.0,2.634,0.47,us,10.23,1.923,0.186,8
-0.1578,122.8574,158.128,4.8,79,22.0,0.882,0.83,us,6.51,5.247,0.064,76
-47.7996,115.9578,10.0,4.6,37,128.0,14.887,0.4,us,13.08,1.914,0.095,33
30.6058,57.7005,10.0,4.1,26,90.0,5.792,0.64,us,15.13,1.917,0.097,29
50.0196,157.7816,35.0,4.1,24,186.0,3.057,1.22,us,13.45,1.983,0.139,14
-24.3058,-67.1976,166.252,4.5,26,72.0,1.62,1.36,us,9.27,9.105,0.121,20
49.3891,155.4883,54.62,4.1,51,133.0,3.974,0.4,us,6.95,7.801,0.089,35
50.5,157.633,47.958,4.5,57,131.0,2.605,0.89,us,11.47,7.387,0.044,152
-48.5895,124.7217,10.0,4.5,14,133.0,16.626,0.66,us,9.26,1.91,0.157,12
-10.331,161.5065,84.826,4.4,22,159.0,1.774,0.7,us,12.01,6.483,0.108,25
54.5397,-159.8952,37.57,3.4,75,186.0,0.342,0.91,us,7.28,15.62,0.245,4
50.933,157.3036,101.641,4.3,55,134.0,2.192,0.87,us,10.28,6.753,0.076,49
9.3115,94.1776,10.0,4.4,31,118.0,5.406,0.65,us,12.39,1.903,0.117,21
50.2982,158.1486,10.0,4.2,35,138.0,2.747,0.62,us,11.99,1.923,0.103,26
2.4909,128.4556,226.675,4.6,89,104.0,3.713,0.49,us,9.14,6.807,0.064,72
41.7453,141.3621,122.029,4.2,31,115.0,0.981,0.7,us,9.18,9.19,0.124,18
-31.2417,-68.2875,109.632,4.5,36,74.0,0.446,1.12,us,2.87,5.422,0.172,10
52.5473,160.8152,10.0,4.1,14,220.0,1.399,0.68,us,7.12,2.005,0.174,9
-33.0241,179.731,107.383,4.6,17,151.0,4.256,0.6,us,15.86,13.427,0.141,15
-19.4649,-66.7624,253.807,4.3,20,90.0,2.302,0.78,us,7.88,7.086,0.168,10
53.4876,160.2138,57.832,4.5,27,177.0,1.048,0.87,us,14.9,12.525,0.121,20
28.2788,104.9538,10.0,4.9,125,41.0,7.728,0.65,us,8.33,1.853,0.043,170
52.2912,159.9371,59.125,4.2,22,122.0,1.589,1.23,us,9.97,8.148,0.142,14
5.3113,94.4019,42.621,4.9,62,97.0,2.536,0.8,us,8.84,7.467,0.071,62
-31.2609,-71.4682,22.366,4.3,25,161.0,0.405,0.78,us,3.85,8.5,0.306,3
-0.1668,99.3304,65.856,5.2,167,87.0,4.917,0.8,us,8.28,6.671,0.037,240
51.9253,158.2265,78.742,4.4,35,162.0,1.228,0.62,us,11.27,8.726,0.117,21
51.5715,-168.3461,10.0,3.5,39,187.0,1.437,0.8,us,5.94,1.979,0.097,26
35.9579,-10.1769,10.0,4.0,14,157.0,3.497,0.98,us,7.85,1.956,0.365,2
-5.0217,149.9816,10.0,4.3,13,151.0,2.158,0.65,us,9.65,1.917,0.169,10
43.5908,147.6524,35.0,4.7,66,137.0,3.663,1.11,us,11.59,1.929,0.062,79
-17.7132,168.0571,37.638,4.6,32,181.0,2.397,0.43,us,8.3,4.952,0.105,27
34.088,141.1207,37.664,4.1,20,142.0,1.46,0.48,us,7.88,9.124,0.234,7
36.0355,31.122,65.244,4.1,55,139.0,1.21,1.03,us,6.01,9.382,0.095,31
36.7909,71.1696,214.024,4.0,27,160.0,1.844,0.75,us,8.62,9.913,0.231,5
12.0222,-69.6299,10.0,4.5,61,99.0,3.271,1.14,us,8.36,1.89,0.08,45
53.4066,-163.5687,25.866,3.6,61,166.0,1.245,0.5,us,5.94,7.359,0.158,11
49.5253,156.1488,84.873,4.1,29,124.0,3.717,0.57,us,10.67,6.092,0.12,19
50.6089,158.6547,10.0,4.4,32,138.0,2.418,0.75,us,11.81,1.918,0.109,24
-23.7405,-179.3795,395.029,4.1,28,172.0,5.652,0.49,us,15.96,10.586,0.107,24
49.0853,155.4038,79.228,4.7,125,134.0,4.28,0.73,us,10.0,6.926,0.033,286
49.664,155.3451,95.727,4.4,102,63.0,3.751,0.49,us,10.47,6.994,0.053,103
52.8863,159.8201,64.213,5.1,94,74.0,0.721,0.76,us,7.55,5.384,0.045,160
52.2582,159.7259,50.987,4.2,21,166.0,1.009,0.75,us,10.43,8.301,0.152,12
51.2808,158.8548,35.0,4.6,57,132.0,1.75,0.76,us,10.48,1.931,0.042,166
39.8676,143.2263,36.699,4.3,26,160.0,1.892,0.58,us,5.77,7.762,0.133,16
52.3722,160.6769,26.021,4.9,66,122.0,1.395,1.0,us,8.58,5.452,0.044,165
19.6195,-108.8654,10.0,4.1,98,202.0,3.856,0.53,us,11.33,1.971,0.052,101
51.36,159.716,10.0,4.9,103,111.0,2.146,0.81,us,8.43,1.848,0.058,94
51.3743,159.5821,10.0,4.2,22,222.0,1.748,0.53,us,8.91,1.973,0.136,15
34.7738,62.1033,10.0,4.6,81,93.0,5.801,0.82,us,7.03,1.853,0.051,116
-5.4704,145.8681,84.532,4.2,14,197.0,4.113,0.79,us,13.05,12.929,0.167,10
44.0626,147.506,35.0,4.5,43,148.0,3.54,0.55,us,10.96,1.954,0.101,29
52.4134,160.5197,10.0,4.6,49,176.0,1.291,0.81,us,5.56,1.819,0.069,64
53.6338,159.9378,56.364,4.2,41,159.0,0.985,1.05,us,11.66,8.279,0.091,33
-7.1004,129.3514,147.947,4.5,37,66.0,2.619,0.61,us,8.63,8.333,0.096,32
-24.2133,-177.1467,149.568,4.9,37,123.0,7.843,0.89,us,13.38,6.821,0.11,26
51.586,159.6857,10.0,4.3,29,127.0,1.574,1.17,us,8.88,1.905,0.134,20
-7.1031,101.9285,10.0,4.4,18,163.0,2.91,0.6,us,12.08,1.936,0.161,11
-22.7921,-65.999,264.991,4.4,63,41.0,2.017,0.77,us,8.46,7.366,0.081,44
54.6224,161.0326,52.833,4.3,34,123.0,2.136,0.73,us,11.42,8.124,0.104,26
52.5145,160.8117,8.71,4.6,120,116.0,1.409,0.61,us,5.67,4.678,0.043,164
-3.112,142.9974,10.0,4.5,19,70.0,2.367,0.66,us,8.24,1.907,0.14,15
52.0881,161.0854,10.0,4.7,12,191.0,2.304,1.37,us,8.24,1.996,0.174,10
-17.4593,-69.7316,174.678,4.2,23,173.0,0.273,0.68,us,6.3,5.078,0.141,14
51.3956,157.9937,60.809,4.9,201,123.0,1.68,0.57,us,9.74,6.511,0.042,179
71.5454,-64.4146,9.649,4.3,18,57.0,3.568,0.68,us,8.27,6.467,0.188,8
-5.0387,151.1614,183.341,4.4,24,98.0,1.306,0.55,us,10.57,9.551,0.117,21
-1.9974,-13.1468,10.0,4.2,21,103.0,6.018,0.71,us,11.8,1.916,0.136,15
29.241,105.395,10.0,4.3,35,147.0,3.711,0.78,us,11.3,1.929,0.111,23
2.1264,96.5556,23.377,4.3,26,151.0,2.432,0.88,us,9.47,4.783,0.117,21
42.9656,145.4249,65.812,4.3,50,134.0,1.928,0.61,us,10.1,7.798,0.094,32
51.0664,157.2636,80.229,4.6,130,135.0,2.063,0.65,us,5.05,6.551,0.05,118
-30.9638,59.2752,10.0,4.2,21,65.0,10.255,0.93,us,13.44,1.894,0.141,14
-23.0448,-114.7045,10.0,4.6,38,150.0,6.341,0.64,us,6.18,1.905,0.094,34
-21.0754,-68.3246,129.109,4.8,81,54.0,1.086,0.9,us,5.83,6.378,0.048,136
53.0676,160.2664,35.0,4.3,19,152.0,0.977,1.05,us,12.18,1.986,0.138,15
-24.8036,179.8157,506.506,4.6,61,132.0,7.213,0.75,us,13.43,7.67,0.072,58
13.1434,121.2556,10.0,4.1,24,121.0,7.385,0.83,us,14.51,1.923,0.135,17
51.2809,159.6382,24.868,4.7,27,206.0,1.848,0.77,us,11.97,8.132,0.12,21
-4.6924,152.0988,109.663,4.3,24,134.0,0.502,0.62,us,13.49,8.913,0.116,21
49.8776,155.9521,81.935,4.1,42,167.0,3.414,0.68,us,11.67,9.243,0.094,33
37.4632,56.4799,10.0,4.1,19,171.0,1.379,1.05,us,12.17,1.973,0.135,15
50.0506,159.5146,10.0,4.7,44,135.0,9.505,1.03,us,13.2,1.918,0.094,34
58.6208,-30.981,10.0,4.6,22,179.0,7.663,0.68,us,11.65,1.965,0.147,14
51.9748,161.0875,10.0,4.2,24,189.0,1.823,0.99,us,11.23,1.962,0.146,14
50.4276,159.3625,10.0,4.5,23,135.0,2.637,0.58,us,12.69,1.922,0.131,17
-36.0216,179.8197,17.631,4.6,33,158.0,1.96,0.92,us,12.1,5.121,0.116,22
-23.3907,-175.4457,36.768,5.0,52,108.0,6.254,0.94,us,9.79,5.818,0.063,80
-18.6406,65.2615,10.0,4.4,21,95.0,2.104,0.7,us,7.55,1.834,0.156,12
52.9843,161.1643,10.0,4.1,18,165.0,1.52,0.8,us,13.31,1.964,0.123,18
-7.2875,39.9414,10.0,4.3,12,106.0,5.248,1.34,us,6.85,1.952,0.266,4
11.6461,-86.4167,87.746,4.5,68,136.0,1.199,0.81,us,8.14,8.288,0.071,57
-7.5618,-79.9607,53.72,4.5,60,122.0,5.11,0.44,us,10.66,9.006,0.069,63
-24.1591,-67.1015,183.203,4.1,24,102.0,1.556,0.7,us,9.43,9.832,0.212,6
34.1975,87.7608,10.0,4.2,27,140.0,5.316,0.87,us,12.01,1.931,0.128,17
52.6468,160.5315,10.0,4.6,66,137.0,1.202,0.83,us,11.27,1.903,0.063,74
32.6188,47.9026,10.0,4.1,17,222.0,3.083,0.75,us,15.0,2.016,0.197,7
28.5267,87.3673,10.0,4.7,64,79.0,3.493,0.77,us,9.64,1.872,0.058,89
37.6452,72.2002,187.375,4.2,31,185.0,0.703,0.6,us,4.64,6.179,0.131,16
50.4486,157.5188,35.0,5.0,58,140.0,2.666,0.62,us,10.87,1.925,0.091,39
-58.1669,-25.5017,35.0,4.4,37,80.0,7.253,0.38,us,9.86,1.72,0.148,15
40.4573,52.8519,10.0,4.2,31,70.0,4.806,0.61,us,10.54,1.933,0.106,25
5.1535,126.3407,87.097,4.1,20,141.0,0.955,1.04,us,10.54,8.711,0.145,13
37.4414,72.2841,188.344,4.1,44,94.0,0.884,0.75,us,7.47,6.396,0.14,14
-47.873,116.225,10.0,4.1,14,145.0,14.948,0.68,us,17.37,1.961,0.145,13
-20.5024,-177.8381,532.426,4.7,81,69.0,7.582,0.58,us,12.6,7.902,0.061,86
-23.4655,-66.409,207.267,4.3,34,61.0,1.707,1.01,us,8.64,7.523,0.147,13
-18.0509,-178.4464,629.783,4.8,126,41.0,2.608,0.87,us,11.04,6.221,0.029,373
52.3106,160.543,10.0,4.3,18,147.0,1.906,1.15,us,11.83,1.942,0.137,15
31.2824,111.3398,10.0,4.5,29,146.0,7.896,0.53,us,11.41,1.829,0.088,38
6.626,127.0071,10.0,4.4,21,71.0,1.485,0.93,us,4.25,1.928,0.139,18
18.3705,-80.1087,10.0,4.2,43,50.0,2.45,0.97,us,6.83,1.855,0.115,22
51.8966,152.8117,420.632,4.2,77,127.0,3.224,0.45,us,12.75,8.112,0.069,59
29.2506,129.5135,10.0,4.3,26,112.0,2.393,0.72,us,8.7,1.9,0.122,19
52.5726,160.2884,34.87,4.5,91,121.0,1.092,1.26,us,9.17,5.813,0.054,103
51.537,161.154,10.0,4.4,46,128.0,2.141,0.89,us,9.37,1.912,0.089,36
51.6708,159.9679,10.0,4.3,19,218.0,1.578,0.87,us,7.28,1.97,0.168,10
43.4728,147.9039,44.501,4.4,41,134.0,3.787,0.54,us,12.98,8.205,0.088,37
5.0401,126.6349,9.254,4.4,37,72.0,1.192,0.77,us,6.37,4.161,0.098,35
52.6936,159.7926,72.232,4.4,32,168.0,0.767,0.72,us,11.81,6.969,0.1,29
9.3263,93.9061,10.0,4.9,47,149.0,5.066,0.37,us,11.52,1.912,0.092,37
53.5766,-163.4498,35.0,3.9,36,164.0,1.186,0.7,us,5.21,1.784,0.107,24
51.221,-174.898,10.0,4.8,136,149.0,0.999,0.76,us,5.15,1.889,0.042,180
49.8856,157.4616,36.287,4.5,19,153.0,3.231,0.56,us,11.67,9.699,0.163,11
52.2697,160.473,10.0,4.7,60,162.0,1.343,1.0,us,10.09,1.929,0.063,76
-44.136,-82.1174,10.0,4.6,11,199.0,8.461,0.43,us,17.29,1.99,0.182,9
10.9745,123.8122,10.0,4.6,42,126.0,4.254,0.97,us,6.0,1.901,0.09,37
2.8493,-101.4716,10.0,4.4,46,207.0,10.998,0.56,us,12.52,1.957,0.085,40
-25.0496,-68.7605,93.553,4.4,30,71.0,0.761,0.7,us,7.64,6.486,0.124,19
29.0245,85.3683,10.0,4.1,25,163.0,5.072,0.44,us,9.46,1.84,0.103,26
34.6057,70.763,10.0,5.2,168,39.0,1.347,0.88,us,7.59,1.763,0.032,315
29.3941,130.4834,35.308,4.4,28,123.0,2.108,0.77,us,8.65,6.781,0.134,16
52.0084,160.3053,35.0,4.6,59,170.0,1.434,0.65,us,9.31,1.947,0.073,56
52.8141,159.5711,57.941,4.2,18,132.0,0.596,0.73,us,11.37,7.948,0.159,11
-17.2873,-177.093,383.261,4.6,112,74.0,3.48,0.72,us,10.56,6.773,0.056,95
37.7225,144.546,10.0,4.0,18,156.0,4.084,0.77,us,11.96,1.95,0.144,13
-9.7217,152.6903,10.0,4.5,37,122.0,5.464,0.85,us,10.84,1.906,0.102,28
52.8386,160.7325,35.0,4.2,27,183.0,1.274,0.97,us,7.09,1.99,0.118,20
30.5618,130.9918,45.075,4.7,71,138.0,1.052,0.69,us,10.93,5.62,0.057,95
52.1377,159.7096,35.0,4.9,81,123.0,1.098,0.99,us,7.04,1.791,0.047,141
50.121,157.216,33.212,4.2,39,132.0,3.007,0.47,us,12.47,6.606,0.096,30
-7.4635,106.9863,54.542,4.5,44,50.0,0.658,1.02,us,5.47,6.557,0.088,38
-19.2739,-177.5505,559.03,4.3,72,49.0,4.041,1.01,us,13.24,6.758,0.085,39
-57.6772,157.9203,16.773,4.9,28,109.0,3.238,0.52,us,7.18,5.232,0.114,24
52.546,160.9573,10.0,4.4,37,134.0,1.481,0.97,us,8.61,1.814,0.108,25
52.482,161.5163,10.0,4.4,55,163.0,1.825,0.74,us,11.18,1.952,0.081,44
-5.0624,149.6006,393.853,4.4,41,55.0,2.697,0.6,us,9.36,7.521,0.071,58
3.3517,126.8606,35.0,4.1,15,131.0,1.945,0.41,us,11.81,1.932,0.165,10
-57.9072,157.6187,10.0,5.8,45,100.0,3.496,0.37,us,9.93,1.878,0.092,43
-18.0949,-178.4275,633.755,4.3,49,120.0,2.648,0.64,us,14.66,9.41,0.08,44
-60.6025,-25.8034,10.0,4.3,17,111.0,8.554,1.18,us,15.66,1.97,0.138,15
-23.6241,179.7862,531.391,4.3,31,98.0,6.07,0.62,us,10.41,11.244,0.111,23
-6.7302,116.1086,558.862,4.2,48,51.0,2.598,0.65,us,12.64,4.381,0.118,20
-24.3002,-67.2181,172.993,4.2,16,94.0,1.605,0.81,us,8.2,13.673,0.215,6
52.2502,160.619,35.0,4.3,18,199.0,1.428,0.61,us,11.3,1.996,0.148,13
-8.88,125.2544,10.0,4.3,12,106.0,1.306,0.96,us,5.04,1.956,0.307,3
53.1488,159.8258,64.606,4.9,140,125.0,0.72,0.57,us,10.08,6.695,0.044,160
49.3739,119.6641,10.0,4.3,37,78.0,0.116,0.35,us,6.87,1.872,0.113,22
7.1788,127.0606,28.985,4.6,49,92.0,1.474,0.89,us,6.39,5.37,0.081,49
-30.9679,-179.3514,199.19,4.6,24,139.0,6.857,1.12,us,11.89,8.801,0.109,25
-33.9048,-178.86,10.0,5.1,39,84.0,4.316,1.04,us,8.45,1.843,0.096,37
29.3117,129.4362,10.0,4.3,31,110.0,2.36,0.73,us,4.87,1.835,0.133,16
44.6606,150.2677,35.0,4.5,95,87.0,5.527,0.47,us,10.32,1.916,0.064,77
-15.4349,67.0469,10.0,4.4,30,60.0,5.545,0.78,us,12.34,1.866,0.115,22
52.5708,160.764,10.0,4.3,25,166.0,1.361,0.75,us,11.37,1.968,0.119,20
-24.3492,179.7803,526.061,4.4,35,121.0,6.766,0.78,us,15.18,10.172,0.092,34
27.5898,53.0266,10.0,4.3,38,91.0,3.882,0.78,us,7.91,1.91,0.079,45
51.7783,158.4428,59.378,4.3,71,123.0,1.253,0.61,us,9.22,7.562,0.056,90
38.9238,70.8581,10.776,4.5,131,60.0,0.917,0.82,us,3.33,3.845,0.052,112
-58.9791,-149.8336,10.0,4.6,23,108.0,23.689,0.66,us,14.75,1.915,0.119,21
50.7367,157.8674,35.0,4.5,27,138.0,2.341,0.63,us,10.62,1.723,0.113,23
-33.6586,-178.7207,10.0,4.4,29,231.0,4.586,0.67,us,13.44,1.864,0.117,21
51.321,161.0129,10.0,4.4,48,138.0,2.241,0.45,us,10.28,1.889,0.063,73
51.215,159.1854,35.933,4.4,21,128.0,1.841,0.71,us,9.69,8.045,0.162,11
52.6479,161.0718,10.0,4.3,18,166.0,1.517,1.01,us,11.34,1.939,0.154,12
1.6371,123.0396,10.0,4.6,22,70.0,2.317,0.96,us,8.53,1.907,0.152,13
51.7832,161.3132,10.0,4.3,39,124.0,2.05,0.85,us,11.37,1.928,0.079,45
-30.7555,-178.8389,101.387,4.5,16,74.0,1.7,0.67,us,14.43,8.915,0.144,14
44.4598,149.0076,58.296,4.4,32,143.0,4.618,0.44,us,10.66,8.684,0.118,21
53.0668,161.2952,10.0,4.2,22,116.0,1.598,0.99,us,11.23,1.916,0.121,19
51.4198,158.6045,35.0,4.3,64,127.0,1.606,0.67,us,9.4,1.933,0.074,52
13.5319,-91.8787,35.0,4.3,33,205.0,1.613,0.99,us,7.82,1.988,0.089,36
-17.8401,167.764,35.0,4.6,20,142.0,4.251,0.59,us,9.9,1.966,0.152,13
52.0766,160.0971,35.0,4.5,26,137.0,1.296,0.82,us,10.79,1.942,0.121,20
32.8569,76.0845,18.813,4.0,21,295.0,6.183,0.77,us,15.87,9.083,0.155,12
3.0099,-31.2949,10.0,4.6,62,53.0,9.91,0.57,us,11.1,1.864,0.075,54
-14.0908,167.1696,133.799,4.2,16,127.0,6.989,0.7,us,15.36,6.435,0.167,11
13.8516,56.5241,10.0,4.3,22,137.0,11.04,0.88,us,12.13,1.928,0.137,15
0.2069,123.3796,201.173,4.4,19,107.0,3.61,1.07,us,13.52,10.089,0.123,19
51.2679,179.5187,49.643,5.0,97,135.0,0.175,0.9,us,5.54,6.596,0.025,519
52.5319,161.1206,10.0,4.3,31,121.0,1.579,1.35,us,9.84,1.881,0.113,22
34.705,70.7777,10.0,4.7,124,79.0,1.368,0.58,us,7.84,1.845,0.053,108
51.0594,160.7981,10.0,4.3,45,135.0,2.372,0.53,us,6.72,1.913,0.092,33
43.3943,147.7436,45.258,4.2,27,192.0,3.65,0.7,us,11.88,10.461,0.121,19
36.0705,28.4808,44.648,4.2,40,61.0,0.324,0.79,us,5.11,6.057,0.096,30
50.4064,158.0205,10.0,4.1,26,132.0,2.65,0.7,us,11.38,1.924,0.131,16
-9.8142,118.9271,24.538,4.5,28,97.0,1.359,0.89,us,5.47,3.873,0.106,26
30.0712,69.8249,10.0,4.4,28,200.0,8.51,0.68,us,14.33,1.947,0.114,22
-32.2417,-71.0736,84.337,4.1,31,117.0,0.215,0.34,us,4.29,5.506,0.186,8
9.4768,-40.6669,10.0,4.4,13,101.0,12.646,0.91,us,10.8,1.946,0.169,10
14.1402,-89.8738,10.0,4.3,58,125.0,0.254,1.0,us,8.86,1.975,0.083,41
27.8552,-111.8102,10.0,4.4,35,117.0,0.656,0.67,us,4.97,1.927,0.076,50
-17.2597,-71.9561,104.812,4.1,17,182.0,1.894,0.94,us,10.51,12.518,0.185,8
7.1993,127.1256,17.436,4.4,30,131.0,1.54,0.72,us,10.54,4.894,0.112,23
52.4138,160.1102,51.517,4.2,25,166.0,1.623,0.63,us,13.34,9.04,0.132,17
61.1676,-28.0776,10.0,4.3,50,150.0,4.731,0.79,us,11.61,1.932,0.084,40
-19.4817,169.7526,34.312,5.1,56,89.0,3.787,0.94,us,7.82,4.413,0.054,111
52.0143,160.4604,10.0,4.2,14,216.0,1.498,0.59,us,13.27,1.971,0.214,7
14.8244,-94.1944,35.789,4.5,46,133.0,1.917,0.92,us,6.59,7.995,0.039,196
19.0612,121.2893,43.638,4.1,26,144.0,3.743,0.85,us,13.43,9.038,0.14,14
11.1529,124.24,10.0,4.9,108,32.0,4.267,0.66,us,9.25,1.87,0.051,125
42.7322,143.2454,10.0,4.1,54,127.0,0.72,0.54,us,5.9,1.902,0.089,36
49.846,156.0705,64.658,4.5,65,132.0,3.422,0.7,us,7.7,7.244,0.052,110
6.3466,127.3576,10.0,4.6,38,62.0,1.907,0.47,us,10.04,1.911,0.101,31
51.1378,159.3287,27.863,4.0,9,222.0,1.934,0.53,us,9.34,10.103,0.258,5
-20.3877,-177.9154,520.889,4.3,45,128.0,8.709,0.72,us,15.69,11.54,0.085,39
-17.5865,-174.5092,76.461,4.9,68,58.0,4.501,0.85,us,10.28,5.91,0.034,276
-5.5761,150.4587,99.49,4.1,22,96.0,2.007,0.38,us,9.33,7.381,0.131,16
51.6744,159.7699,10.0,4.6,34,229.0,1.516,0.69,us,12.59,1.947,0.089,38
24.0622,121.8513,13.298,4.6,50,51.0,0.259,0.4,us,2.88,3.477,0.096,32
51.7735,161.5279,10.0,4.2,31,135.0,2.162,0.74,us,10.49,1.875,0.118,20
51.7884,160.0855,10.0,5.3,116,126.0,1.518,1.12,us,8.62,1.869,0.033,305
27.4166,52.5515,10.0,4.4,62,82.0,4.102,0.38,us,4.92,1.895,0.071,57
31.0108,143.0862,10.0,4.5,40,129.0,3.481,0.91,us,9.45,1.883,0.096,32
51.5905,-80.3757,10.838,4.1,37,76.0,3.801,0.76,us,10.47,5.962,0.084,39
30.4571,50.029,10.0,4.1,52,88.0,5.761,0.63,us,6.11,1.907,0.088,37
52.5461,160.8637,10.0,4.5,40,174.0,2.001,0.85,us,11.33,1.954,0.087,38
51.3983,159.5843,21.636,4.7,62,128.0,1.726,1.2,us,8.84,5.503,0.077,51
50.196,158.6701,10.0,4.5,59,126.0,2.831,0.54,us,6.19,1.809,0.08,46
9.6602,122.2503,10.0,4.6,35,132.0,5.803,0.88,us,9.99,1.696,0.11,25
25.5376,95.3851,121.537,4.3,35,112.0,4.333,0.68,us,7.59,7.434,0.108,26
52.328,160.4462,10.0,4.5,36,139.0,1.297,0.73,us,11.72,1.926,0.096,32
52.7173,-173.0902,217.735,3.4,34,150.0,0.76,0.56,us,15.39,11.3,0.136,13
-21.1239,-68.6028,130.609,4.1,16,101.0,0.83,0.61,us,5.72,6.844,0.261,4
-5.8578,152.5154,10.0,4.1,18,194.0,1.692,0.44,us,7.97,1.743,0.145,13
-16.8883,-174.2038,84.077,4.9,29,129.0,6.172,1.15,us,15.99,6.616,0.08,50
39.1461,28.1491,10.0,4.5,35,57.0,0.97,0.61,us,4.11,1.915,0.192,8
3.1095,-31.3631,10.0,4.9,43,66.0,9.967,0.53,us,7.9,1.848,0.083,45
53.472,161.7921,28.181,4.3,60,152.0,1.941,0.9,us,8.65,4.646,0.071,56
51.4349,159.0966,48.261,4.4,28,137.0,1.883,1.17,us,11.34,7.809,0.095,32
-27.4168,-175.1232,10.0,5.0,41,121.0,3.071,0.82,us,10.76,1.863,0.059,94
-23.4268,170.8657,10.0,4.6,17,194.0,3.252,0.79,us,12.11,1.981,0.157,12
7.5619,127.1136,10.0,4.4,24,125.0,1.599,0.76,us,7.56,1.946,0.134,16
-8.08,108.943,89.236,4.2,22,98.0,1.42,0.57,us,7.42,6.752,0.136,16
60.3727,-139.3832,8.723,4.3,47,57.0,0.515,0.7,us,2.12,5.034,0.239,5
50.84,156.4149,123.572,4.1,18,137.0,2.406,0.58,us,12.4,6.058,0.144,13
60.5438,-140.1009,7.366,4.5,63,59.0,0.456,1.14,us,1.31,4.884,0.106,26
51.0631,158.8749,35.0,5.2,192,90.0,1.968,0.72,us,8.53,1.83,0.041,192
-21.6202,-68.7253,107.557,4.5,23,70.0,0.511,0.85,us,6.08,5.583,0.15,13
7.204,126.7151,73.404,4.5,52,115.0,1.135,0.69,us,8.41,7.236,0.087,41
39.4639,142.7562,35.0,4.8,65,128.0,1.853,0.85,us,7.39,1.909,0.051,121
52.2207,160.1556,39.277,4.2,31,123.0,1.22,0.69,us,10.63,7.738,0.103,26
50.2169,156.6535,56.351,4.0,22,137.0,2.968,1.05,us,4.6,8.589,0.139,14
39.7066,143.0284,31.236,4.1,27,132.0,1.852,0.73,us,6.86,6.305,0.123,18
51.5818,159.4382,35.0,4.7,31,127.0,1.523,0.56,us,8.91,1.94,0.117,23
50.0476,159.5665,10.0,4.3,42,138.0,3.034,0.66,us,10.91,1.909,0.099,29
-6.1582,147.7152,81.658,4.6,26,110.0,3.272,0.49,us,9.79,10.271,0.113,23
6.0139,127.5901,10.0,4.5,32,61.0,2.257,0.4,us,9.69,1.835,0.113,23
0.337,98.6405,49.768,5.1,158,41.0,2.358,0.6,us,7.34,5.066,0.049,133
50.3077,159.6189,10.0,4.3,36,126.0,2.786,0.82,us,9.66,1.912,0.116,21
51.5399,159.8402,10.0,5.1,97,112.0,2.04,0.95,us,8.33,1.853,0.048,140
-16.6205,-179.595,544.439,4.1,31,132.0,1.002,1.18,us,15.64,9.774,0.081,41
53.269,160.6326,35.0,4.4,54,187.0,1.219,0.8,us,13.64,1.972,0.086,39
-14.8362,-172.7856,10.0,4.9,36,100.0,1.34,0.6,us,7.61,1.803,0.12,22
8.482,126.3659,83.261,4.3,16,140.0,1.605,0.69,us,11.33,5.404,0.168,10
51.0072,159.2361,20.95,4.5,29,138.0,2.052,0.86,us,9.21,6.506,0.11,24
37.9341,20.6151,10.0,4.2,21,184.0,1.285,0.99,us,6.86,1.971,0.264,4
19.1365,145.5853,211.942,4.2,34,146.0,3.879,0.95,us,12.96,9.579,0.1,28
-6.8441,129.37,174.154,4.6,24,67.0,4.84,0.5,us,13.01,9.668,0.119,21
49.6782,157.4864,10.0,4.2,30,228.0,3.428,0.61,us,12.27,1.972,0.121,19
51.9558,159.3282,67.252,4.0,11,166.0,1.147,0.24,us,14.51,6.424,0.197,7
6.8181,-73.0894,160.462,4.1,14,162.0,2.312,0.37,us,13.39,18.3,0.262,4
18.6262,120.5265,33.849,4.2,37,121.0,4.202,0.72,us,12.7,6.662,0.121,19
51.1233,158.738,29.535,4.2,59,135.0,1.904,0.76,us,11.72,6.318,0.066,65
51.5279,159.7667,10.0,4.7,76,127.0,1.648,1.0,us,8.37,1.888,0.062,79
10.6257,-86.065,42.685,4.4,79,196.0,0.765,1.06,us,9.19,10.886,0.068,62
49.0208,155.2144,60.603,4.4,46,135.0,4.382,0.66,us,11.51,7.675,0.087,38
51.1511,159.1691,10.0,4.4,34,137.0,1.902,0.56,us,11.33,1.925,0.107,25
42.0602,142.5913,57.662,4.6,51,83.0,0.424,0.52,us,4.75,7.156,0.046,143
5.6799,125.8014,145.957,4.4,76,106.0,0.994,0.86,us,5.75,4.968,0.065,69
52.0304,159.1178,85.696,4.4,21,191.0,1.035,1.29,us,13.09,8.975,0.149,13
43.588,144.7033,123.585,4.3,67,136.0,1.616,0.74,us,8.69,7.465,0.059,80
12.0875,-88.4631,10.0,4.5,60,176.0,1.38,0.69,us,7.21,1.976,0.076,51
49.6348,157.3719,35.0,4.4,24,137.0,3.484,0.77,us,13.16,1.951,0.112,23
52.383,160.8139,10.0,4.4,49,151.0,1.465,1.03,us,9.98,1.936,0.088,37
51.9756,161.0779,10.0,4.5,59,173.0,1.818,0.96,us,11.03,1.939,0.057,91
37.7701,144.1904,10.0,4.6,52,134.0,3.869,0.68,us,9.91,1.905,0.09,37
50.4277,158.8244,10.0,5.1,99,125.0,2.602,0.74,us,8.09,1.873,0.028,413
52.8182,160.7089,35.0,4.2,31,119.0,1.263,0.87,us,6.24,1.924,0.101,27
52.6973,161.3613,10.0,4.1,15,197.0,1.676,1.02,us,12.04,1.998,0.262,5
16.2905,145.6009,535.74,4.8,142,39.0,1.059,0.69,us,8.2,5.636,0.026,463
-5.8244,152.4463,10.0,4.6,25,155.0,1.565,0.72,us,4.92,1.917,0.136,16
-6.44,147.9885,48.657,4.0,16,118.0,3.058,0.58,us,9.93,8.693,0.164,12
6.2537,126.4654,87.411,4.4,52,112.0,1.197,0.59,us,7.62,7.415,0.086,39
50.1216,158.8192,10.0,4.0,11,187.0,2.908,0.42,us,8.13,1.878,0.299,3
51.6515,160.1221,10.0,4.7,79,125.0,1.644,0.83,us,7.62,1.833,0.045,150
52.3417,161.3744,10.0,4.3,16,208.0,1.794,1.29,us,12.57,1.997,0.201,7
-5.669,-11.5504,10.0,4.6,31,96.0,3.583,0.58,us,6.33,1.88,0.103,28
4.9649,126.051,76.493,4.3,41,107.0,0.615,0.74,us,8.03,7.579,0.088,36
52.2305,160.6079,10.0,5.0,140,76.0,1.433,0.64,us,7.78,1.827,0.042,185
-14.6052,166.9762,41.888,4.6,21,143.0,0.865,0.91,us,10.32,6.933,0.116,22
-30.4077,-177.7535,35.0,4.2,19,222.0,7.849,0.8,us,13.65,1.99,0.132,18
-57.6915,157.3496,10.0,4.7,26,93.0,3.323,0.85,us,12.85,1.879,0.117,22
-7.3346,-111.1817,10.0,4.5,61,122.0,37.165,0.49,us,7.4,1.9,0.067,64
22.8131,95.8413,10.0,4.4,26,99.0,1.815,0.72,us,9.32,1.919,0.134,16
52.9529,161.2282,9.54,4.5,68,114.0,1.56,0.83,us,8.46,1.948,0.07,59
52.7734,160.9219,10.0,4.5,60,119.0,1.399,0.63,us,10.45,1.905,0.076,51
38.1456,74.9501,10.0,4.2,17,152.0,0.711,0.96,us,5.55,1.978,0.2,7
52.1422,160.324,35.0,4.6,63,120.0,1.87,0.74,us,9.51,1.927,0.076,51
11.6265,42.7636,10.0,4.5,24,96.0,0.125,0.41,us,6.76,1.941,0.144,14
27.2988,52.8065,10.0,4.0,34,115.0,3.85,0.58,us,6.9,1.88,0.113,21
14.4113,-92.8717,45.171,4.3,72,131.0,1.282,1.13,us,8.3,8.944,0.068,62
51.5235,160.6818,10.0,4.3,55,129.0,2.423,0.8,us,9.38,1.909,0.081,43
51.4375,159.3951,10.0,5.0,84,123.0,1.653,0.86,us,8.82,1.888,0.064,78
-17.7163,-178.6567,580.268,4.3,51,118.0,2.253,0.72,us,12.71,7.798,0.068,60
37.2288,71.7385,154.359,4.1,24,98.0,1.233,0.77,us,7.21,6.128,0.198,7
51.9548,160.3943,33.606,4.4,25,217.0,2.011,0.96,us,14.12,10.227,0.112,23
14.8139,54.8332,10.0,4.9,72,97.0,10.111,0.63,us,10.55,1.896,0.072,60
52.895,159.8513,65.03,5.0,188,77.0,0.738,0.69,us,8.97,5.078,0.024,539
52.9126,160.6553,35.0,4.1,25,146.0,1.218,0.65,us,9.96,1.983,0.124,18
49.4791,158.7243,10.0,4.2,15,138.0,3.549,0.68,us,13.71,1.937,0.215,6
-24.0131,179.93,536.48,4.4,23,140.0,6.479,0.76,us,18.58,13.491,0.12,21
24.6834,122.4083,10.0,4.9,50,44.0,0.59,0.77,us,2.87,1.872,0.085,44
-14.9667,-173.5872,31.452,4.3,21,114.0,2.04,0.71,us,11.13,6.163,0.148,14
11.5731,141.6391,10.0,5.1,43,71.0,3.735,1.05,us,11.23,1.888,0.052,120
4.5776,125.015,10.0,4.5,20,86.0,0.487,0.65,us,6.3,1.916,0.163,13
-13.9891,-74.3402,109.417,4.2,13,147.0,3.147,0.46,us,14.34,8.184,0.175,9
8.6096,126.9329,64.042,4.4,38,82.0,2.035,0.64,us,10.96,6.326,0.095,32
37.6191,72.4796,194.655,4.3,42,91.0,0.693,0.44,us,7.76,7.666,0.142,14
-9.5456,107.0754,10.0,4.4,46,67.0,1.635,0.8,us,5.87,1.865,0.092,34
14.0178,145.0371,171.817,4.0,25,88.0,0.456,0.83,us,13.24,6.076,0.122,18
52.404,160.49,10.0,5.2,82,141.0,1.28,0.92,us,10.6,1.869,0.027,453
42.9957,144.5661,121.102,4.1,44,134.0,1.43,0.54,us,9.96,8.186,0.104,27
14.0159,145.3686,109.345,4.3,13,110.0,0.645,0.31,us,9.65,9.276,0.188,8
-24.456,-112.0681,10.0,4.7,29,160.0,3.625,0.99,us,14.46,1.921,0.087,40
51.3186,157.5609,75.027,4.1,34,127.0,1.794,0.93,us,9.18,7.743,0.097,29
52.5188,160.9003,10.0,5.0,39,125.0,1.458,1.11,us,8.43,1.892,0.109,27
-57.6378,157.5389,10.0,4.6,25,106.0,3.244,0.4,us,11.1,1.904,0.128,18
16.5187,-59.7045,10.0,4.6,61,128.0,1.323,0.52,us,7.13,1.908,0.092,35
9.8774,-70.8406,10.0,4.3,17,108.0,1.007,0.86,us,7.43,1.94,0.148,13
51.8281,159.8357,35.0,4.2,20,188.0,1.4,1.03,us,10.59,1.988,0.146,13
3.1466,125.7941,138.464,4.3,21,111.0,1.607,0.48,us,8.4,8.689,0.147,15
35.5794,58.4298,10.0,4.2,39,174.0,8.613,0.57,us,8.34,1.935,0.085,39
52.5041,158.7499,92.733,4.4,71,130.0,0.879,0.62,us,9.24,6.677,0.066,70
42.2361,144.3767,45.594,4.2,75,134.0,0.934,0.53,us,8.48,7.749,0.069,58
14.3872,146.9368,10.0,4.5,25,95.0,2.159,0.41,us,10.49,1.925,0.14,15
37.8687,144.0451,10.0,4.6,72,126.0,3.721,0.68,us,8.56,1.896,0.081,45
-15.3877,67.0483,10.0,4.5,35,171.0,9.531,0.61,us,12.4,1.946,0.106,26
-6.4454,130.7902,89.641,4.9,78,49.0,3.793,0.74,us,7.66,7.31,0.062,82
-60.1622,-61.6308,10.0,4.5,22,124.0,4.763,0.94,us,8.12,1.902,0.145,14
64.709,-49.3021,10.0,4.4,78,36.0,2.36,0.58,us,4.38,1.891,0.07,58
52.2211,158.8922,72.65,4.2,20,165.0,0.817,0.81,us,9.16,7.97,0.176,9
1.4953,127.242,123.663,4.3,60,79.0,0.729,0.69,us,6.94,6.9,0.077,48
20.7067,95.9036,10.0,4.3,26,158.0,3.492,0.53,us,9.84,1.907,0.148,14
38.5547,141.4848,87.939,4.4,40,134.0,2.255,0.99,us,8.72,8.702,0.112,24
51.6512,159.7281,35.0,4.1,25,122.0,1.525,1.11,us,6.49,1.8,0.151,14
-6.2658,151.9704,10.0,4.5,41,149.0,1.947,0.53,us,11.72,1.905,0.093,34
2.9919,95.9195,35.0,4.7,57,132.0,2.356,0.75,us,6.03,1.921,0.088,39
-4.372,102.3469,56.753,4.8,56,95.0,0.607,0.91,us,5.97,6.594,0.083,45
-5.5707,131.691,35.0,4.9,57,74.0,2.692,0.94,us,8.12,1.905,0.084,51
53.4402,-166.8007,79.606,3.4,59,163.0,0.357,0.65,us,8.04,9.242,0.126,15
41.0658,83.2521,10.0,4.5,40,107.0,3.051,0.61,us,9.13,1.905,0.127,18
-4.7938,34.9508,10.0,4.2,14,148.0,3.921,0.79,us,10.81,1.968,0.199,7
52.7724,160.8405,10.0,4.6,59,172.0,1.351,0.82,us,9.29,1.772,0.077,51
50.7026,149.9577,520.027,4.1,60,89.0,5.363,0.42,us,9.76,6.841,0.056,88
-29.8408,-177.7271,81.137,4.4,18,257.0,9.675,0.63,us,20.62,14.532,0.13,18
-57.9144,-25.4478,68.264,5.0,64,55.0,7.165,0.65,us,9.09,5.222,0.081,49
-6.5081,143.433,10.0,4.2,38,99.0,3.878,0.79,us,9.16,1.885,0.102,27
49.8937,158.2996,10.0,5.0,154,52.0,3.241,0.5,us,9.28,1.817,0.048,139
52.9103,159.892,56.599,4.6,40,118.0,0.76,1.1,us,8.38,6.417,0.079,48
51.9947,160.701,10.0,4.0,14,137.0,1.623,0.75,us,11.38,1.931,0.231,7
49.8458,155.3023,100.54,4.5,34,135.0,3.594,0.58,us,11.58,7.938,0.075,52
43.4404,-126.8241,10.0,4.1,42,211.0,2.04,0.91,us,8.48,1.982,0.185,8
52.3073,160.3203,28.224,4.9,91,132.0,1.245,0.62,us,10.87,5.725,0.045,156
-14.5885,-76.5399,10.0,4.2,16,148.0,2.602,0.78,us,10.68,1.933,0.146,13
51.149,158.5587,35.0,5.2,142,60.0,1.878,0.74,us,7.36,1.832,0.023,602
-18.1056,-177.7876,586.04,4.3,42,116.0,3.161,0.68,us,13.8,8.867,0.097,30
50.1491,156.2297,78.017,4.3,51,135.0,3.101,0.41,us,12.38,8.273,0.076,49
-6.6097,154.7994,25.472,5.0,87,62.0,3.558,0.42,us,8.68,4.448,0.057,100
84.9707,96.1307,10.0,4.8,126,26.0,11.403,0.48,us,9.99,1.884,0.054,105
52.1276,160.2459,29.823,4.4,27,124.0,1.324,1.15,us,10.35,6.115,0.112,23
30.3115,140.8922,10.0,4.8,105,30.0,2.942,0.9,us,7.72,1.781,0.041,183
-30.1026,-177.1731,10.0,4.5,21,213.0,1.079,0.89,us,9.5,1.967,0.128,18
50.405,156.4777,65.379,4.8,126,131.0,2.812,0.46,us,10.52,7.189,0.031,321
13.2889,-90.9944,11.649,4.5,128,88.0,1.326,0.96,us,6.99,4.389,0.038,207
26.8506,58.6347,10.0,4.1,34,182.0,2.897,0.83,us,12.2,1.968,0.095,30
51.6721,160.7083,10.0,4.2,43,160.0,1.851,0.66,us,9.26,1.94,0.086,37
-28.0386,-66.7387,157.596,4.5,49,43.0,3.277,0.84,us,4.8,8.753,0.171,10
54.5247,-160.1524,38.47,4.1,83,159.0,0.448,0.55,us,5.99,8.781,0.111,26
6.6539,116.7771,634.664,4.3,64,72.0,5.341,0.76,us,12.31,6.341,0.072,55
16.476,40.9347,10.0,4.5,49,127.0,3.834,1.31,us,13.05,1.946,0.08,46
-31.262,-176.8567,10.0,4.6,26,133.0,8.908,0.8,us,14.76,1.941,0.111,24
14.4479,-90.4307,177.934,4.7,35,171.0,0.832,0.65,us,7.55,7.663,0.045,147
48.964,156.0534,43.397,5.0,82,129.0,4.278,0.65,us,9.76,7.052,0.063,80
79.4721,-17.4967,10.0,4.9,99,34.0,2.15,0.8,us,6.27,1.879,0.031,324
51.9521,159.1268,76.578,4.3,33,137.0,1.112,0.71,us,11.46,8.086,0.109,24
-21.1459,168.6612,10.0,4.3,14,164.0,1.845,0.92,us,7.75,1.738,0.168,10
39.3052,143.4619,10.0,5.2,68,98.0,2.363,1.08,us,7.36,1.835,0.049,139
29.283,129.3649,10.0,4.4,39,108.0,2.41,1.17,us,4.32,1.888,0.112,23
65.9215,-37.4413,10.0,4.3,37,127.0,5.392,0.69,us,8.24,1.942,0.091,34
37.4873,142.0501,45.246,4.4,34,149.0,3.216,1.1,us,4.76,9.275,0.117,21
50.1159,-129.7307,10.0,4.1,56,191.0,1.15,1.03,us,7.48,1.936,0.117,20
-9.9894,154.1088,10.0,4.2,11,173.0,10.677,0.34,us,13.72,1.96,0.216,8
34.6813,70.7808,10.0,4.3,30,148.0,1.368,1.03,us,7.08,1.737,0.116,21
53.0294,160.8521,28.898,4.3,28,143.0,1.33,1.01,us,13.65,7.025,0.122,19
52.1891,160.6032,21.473,4.2,30,148.0,1.455,1.09,us,11.4,6.788,0.107,24
43.3963,148.0922,10.0,4.6,46,135.0,3.89,0.87,us,11.29,1.831,0.096,32
10.082,126.2642,35.0,4.2,13,128.0,3.069,0.2,us,9.91,1.954,0.199,7
36.6426,115.6142,10.0,4.5,50,72.0,3.399,0.61,us,8.06,0.742,0.1,29
43.5849,-127.4161,10.0,3.9,70,188.0,2.449,1.03,us,8.68,1.992,0.297,3
18.3736,145.9056,185.544,4.3,17,147.0,3.117,0.83,us,15.69,9.563,0.148,13
-2.862,101.1384,62.216,4.5,40,189.0,2.346,0.75,us,9.9,9.426,0.104,27
5.936,125.905,120.417,4.6,81,51.0,1.172,0.99,us,6.01,6.229,0.076,52
52.4404,160.8249,10.0,4.3,32,122.0,2.013,0.48,us,10.54,1.906,0.109,24
7.1303,127.2153,10.0,4.4,43,60.0,1.625,0.96,us,8.14,1.892,0.094,33
0.7343,118.5703,13.398,4.5,49,69.0,1.033,0.5,us,4.91,4.689,0.092,35
-6.7457,129.7117,145.274,4.1,13,81.0,4.565,1.22,us,11.76,9.514,0.233,5
6.4483,94.1726,78.481,4.3,25,165.0,3.014,0.91,us,14.16,10.099,0.129,17
13.967,-92.5853,22.359,4.6,71,157.0,1.158,1.25,us,6.19,7.071,0.03,329
52.9139,159.0329,83.763,4.1,58,121.0,0.829,0.59,us,10.66,5.779,0.076,47
29.343,129.308,10.0,4.8,47,69.0,2.375,1.15,us,6.56,1.781,0.065,73
51.394,159.4668,35.0,4.5,27,157.0,1.708,0.65,us,8.69,1.969,0.242,5
9.1369,-83.7868,50.232,4.3,36,128.0,0.638,0.62,us,7.57,8.797,0.111,23
37.8111,72.1989,187.016,4.2,33,168.0,0.549,1.39,us,4.99,6.05,0.176,11
-57.1929,-67.9056,10.0,4.3,25,164.0,2.271,0.53,us,12.28,1.971,0.122,19
54.6117,160.4383,9.949,4.4,37,131.0,1.912,0.65,us,8.53,4.672,0.062,76
-4.9949,133.5001,10.0,4.3,15,80.0,2.41,0.49,us,7.15,1.919,0.2,7
-24.2019,-67.1947,199.752,4.3,28,74.0,1.537,1.32,us,11.15,8.032,0.122,19
19.8566,121.3308,39.251,4.5,34,116.0,2.956,0.69,us,12.27,8.335,0.111,24
85.0316,95.9336,10.0,4.4,41,70.0,14.53,0.83,us,11.98,1.929,0.082,43
41.3637,72.6422,10.0,5.1,237,25.0,0.251,0.71,us,3.4,1.706,0.034,284
1.1255,96.9883,10.0,4.4,41,180.0,2.483,0.47,us,10.18,1.946,0.098,30
50.6818,157.4806,79.903,4.4,19,135.0,2.434,0.49,us,10.02,7.854,0.19,8
40.0496,145.275,10.0,4.3,23,135.0,2.534,0.72,us,8.95,1.926,0.137,15
32.9472,88.6555,10.0,5.1,92,79.0,3.864,0.94,us,8.75,1.789,0.049,138
-24.2597,179.3171,532.852,4.6,26,151.0,6.589,0.78,us,14.27,9.932,0.103,28
49.97,157.0665,35.0,4.4,38,136.0,3.167,0.58,us,6.37,1.942,0.102,28
-13.7434,-76.9046,10.0,4.4,32,178.0,1.746,0.7,us,9.87,1.973,0.155,12
-21.7185,-179.4396,598.632,4.4,53,177.0,4.605,0.73,us,15.49,9.31,0.082,43
22.7731,143.4107,91.2,4.1,17,163.0,4.445,1.1,us,15.73,7.465,0.166,10
30.7816,103.4528,10.0,4.5,65,137.0,5.165,0.79,us,10.4,1.896,0.065,70
-59.3519,-24.8794,10.0,4.5,24,192.0,25.209,0.93,us,12.16,1.942,0.108,25
28.8711,129.9377,10.0,4.5,35,179.0,2.507,0.79,us,7.02,1.917,0.09,36
29.3165,129.3433,10.0,4.4,37,89.0,2.386,0.8,us,7.06,1.89,0.12,20
-4.2743,152.6823,62.317,4.7,75,90.0,0.524,0.39,us,9.52,6.552,0.065,71
-6.546,130.1043,157.368,4.2,20,82.0,4.189,0.74,us,10.44,4.778,0.136,15
51.4159,159.8462,10.0,4.3,27,124.0,1.77,0.98,us,8.91,1.896,0.122,19
-21.2729,-68.6471,115.328,4.1,25,62.0,0.76,0.49,us,5.62,4.527,0.157,12
38.7751,70.4663,10.0,4.2,45,72.0,1.03,0.76,us,3.63,1.729,0.102,29
-11.5254,166.2545,72.631,4.7,53,92.0,6.54,0.62,us,11.23,7.727,0.085,42
-49.1975,125.0948,10.0,4.4,14,138.0,16.629,0.49,us,15.74,1.986,0.149,13
52.3802,160.636,33.93,4.3,16,131.0,1.369,0.64,us,9.46,6.51,0.202,8
-12.4465,166.8701,204.123,4.9,89,48.0,3.0,0.75,us,9.98,6.269,0.04,197
-4.8068,134.1588,10.0,4.5,18,156.0,2.066,0.43,us,8.82,1.62,0.15,13
-33.8138,-178.3053,10.0,4.2,18,248.0,4.646,1.02,us,13.44,1.996,0.159,11
-49.5284,125.495,10.0,4.5,14,134.0,18.487,0.38,us,13.1,1.929,0.163,11
36.8387,71.069,213.324,4.0,33,156.0,1.852,0.57,us,5.37,8.411,0.172,9
1.1183,97.0085,10.0,4.2,23,182.0,2.472,0.85,us,11.99,1.946,0.152,13
39.2965,143.4035,17.733,4.8,91,97.0,2.334,0.44,us,7.14,4.804,0.06,86
-60.3491,-61.8384,10.0,4.5,32,125.0,4.558,0.65,us,11.1,1.891,0.111,24
50.4554,159.2215,10.0,4.2,35,133.0,2.596,0.57,us,9.53,1.918,0.11,23
39.5869,143.2433,37.562,4.4,35,155.0,2.056,0.41,us,9.07,8.406,0.121,20
53.2956,159.9478,60.943,4.3,20,142.0,0.828,0.7,us,12.36,11.465,0.168,10
11.9552,143.8021,10.0,4.4,34,112.0,1.929,0.51,us,10.34,1.929,0.109,24
7.6895,126.9736,35.0,4.9,56,46.0,1.514,1.02,us,7.27,1.874,0.071,62
51.7412,159.1298,50.729,4.3,88,138.0,1.317,0.6,us,8.25,7.007,0.061,76
19.3068,-109.146,10.0,4.0,39,193.0,1.763,1.34,us,10.86,1.98,0.101,26
49.7391,157.562,10.0,4.5,88,134.0,3.359,0.72,us,9.91,1.881,0.055,96
-23.4864,-179.9512,535.212,4.6,47,69.0,6.01,1.07,us,13.65,7.48,0.086,40
10.1544,126.4282,42.521,4.9,109,96.0,3.178,0.56,us,10.42,5.264,0.057,96
-20.1441,-177.7104,531.004,4.2,18,96.0,4.581,0.49,us,20.13,19.358,0.153,12
18.8501,145.7151,201.514,4.7,96,84.0,3.59,0.82,us,9.99,7.219,0.031,317
3.9206,126.0371,98.428,4.5,31,64.0,0.98,0.65,us,5.16,7.81,0.124,20
29.4797,51.3579,10.0,4.1,16,159.0,6.245,0.65,us,14.41,1.996,0.186,8
52.2389,160.3916,10.0,4.3,37,123.0,1.321,0.58,us,5.85,1.871,0.108,25
13.6724,92.7915,10.0,4.7,46,68.0,6.925,0.59,us,7.19,1.868,0.093,35
-6.0409,154.6935,156.736,4.2,22,126.0,3.119,0.54,us,7.52,7.912,0.128,17
51.8379,159.8056,35.0,4.5,30,135.0,1.382,0.73,us,11.18,1.939,0.127,18
-5.5736,152.7499,10.0,4.4,30,152.0,1.492,0.47,us,9.51,1.702,0.103,27
52.5385,-170.074,63.471,3.7,23,175.0,0.859,0.83,us,11.19,6.31,0.19,8
0.7377,96.8752,10.0,5.0,85,90.0,2.822,0.84,us,9.28,1.828,0.067,71
51.395,161.0675,10.0,4.1,32,130.0,2.207,0.63,us,10.33,1.934,0.103,26
37.512,72.1995,197.088,4.0,40,157.0,0.831,0.6,us,7.53,6.34,0.155,11
-29.6146,-176.6915,10.0,4.6,12,133.0,8.955,0.85,us,13.4,1.902,0.193,8
7.2614,126.6133,83.566,4.2,43,90.0,1.044,0.59,us,9.45,8.609,0.102,31
34.316,26.5407,65.095,4.0,36,191.0,2.293,1.02,us,9.54,11.751,0.093,31
-27.1652,-175.9607,10.0,4.6,30,164.0,10.884,0.82,us,14.85,1.91,0.11,25
-7.0774,155.8402,89.869,4.9,64,96.0,4.648,0.87,us,8.66,6.244,0.052,114
39.3974,143.4498,10.0,4.4,52,137.0,2.298,0.53,us,4.48,1.899,0.096,35
50.1777,157.445,27.139,4.7,13,132.0,2.939,1.04,us,13.43,6.102,0.13,18
-2.0333,138.9557,35.0,4.9,31,73.0,0.957,0.59,us,4.68,1.889,0.104,29
52.6482,159.2248,82.022,4.6,43,169.0,0.513,0.57,us,9.77,6.084,0.075,55
50.441,158.766,10.0,4.7,104,89.0,2.587,0.57,us,9.2,1.884,0.056,98
29.4748,141.4531,78.012,4.5,50,116.0,2.456,0.4,us,10.31,8.074,0.087,39
50.0856,158.6197,17.748,4.4,24,134.0,2.942,0.49,us,11.18,5.021,0.143,14
51.7436,160.0437,24.864,4.5,82,125.0,1.54,0.82,us,9.1,5.684,0.06,82
-0.1008,123.016,82.215,4.2,26,79.0,0.966,0.65,us,7.17,6.962,0.166,11
52.0431,160.2987,10.0,4.5,30,137.0,1.406,1.16,us,11.06,1.903,0.121,20
29.2307,129.268,10.0,5.2,80,64.0,2.491,1.1,us,6.4,1.84,0.043,181
18.6747,120.637,28.121,4.7,53,118.0,4.143,1.0,us,12.14,5.902,0.077,51
9.6436,126.3902,35.0,5.0,165,74.0,2.68,0.65,us,9.95,1.821,0.047,145
12.4243,123.6545,10.0,4.4,22,123.0,7.852,0.72,us,7.79,1.9,0.115,22
48.8812,155.9025,35.0,4.6,40,137.0,4.382,0.85,us,12.46,1.937,0.095,33
25.5434,56.1875,11.485,4.3,31,76.0,0.596,0.82,us,8.41,5.224,0.097,30
-5.7013,130.5273,84.888,4.2,15,96.0,3.253,0.43,us,11.2,8.726,0.186,8
16.0294,-96.5603,37.287,4.1,45,163.0,0.506,0.78,us,3.71,12.45,0.097,29
-3.4946,128.7097,33.74,4.1,30,36.0,3.58,0.61,us,7.34,6.823,0.145,14
52.6596,160.7951,28.257,4.3,53,155.0,1.351,0.66,us,10.41,6.569,0.083,41
50.4915,159.7905,10.0,4.6,24,128.0,2.633,0.65,us,8.36,1.717,0.141,16
52.0868,160.4013,10.0,4.3,19,229.0,1.422,0.36,us,14.75,1.992,0.154,12
49.3182,155.4996,73.373,4.6,93,169.0,4.039,0.61,us,12.56,8.852,0.051,112
22.9169,94.4797,100.305,4.6,79,58.0,4.839,0.82,us,9.23,6.922,0.071,59
53.2815,159.6736,63.922,4.0,34,137.0,0.669,0.48,us,8.67,7.706,0.113,21
51.9658,160.6815,10.0,4.1,17,164.0,1.632,0.46,us,5.48,1.974,0.139,15
-17.1129,-178.7501,561.183,4.0,25,75.0,1.908,0.91,us,14.68,9.697,0.122,18
52.8311,159.6597,68.279,4.7,131,130.0,0.641,0.64,us,9.91,6.611,0.051,115
7.7792,126.2481,10.0,4.3,14,197.0,0.968,0.94,us,8.42,1.931,0.188,8
5.4512,128.0449,10.0,4.5,52,54.0,2.654,0.95,us,7.27,1.886,0.085,40
22.58,95.7825,10.0,4.3,28,102.0,1.587,0.73,us,9.39,1.959,0.122,19
37.7023,144.0108,10.0,4.6,80,134.0,3.838,0.5,us,9.62,1.892,0.07,62
12.2494,143.6067,35.0,4.4,22,85.0,1.813,0.48,us,11.06,1.954,0.154,12
-20.4745,-175.3687,173.019,4.9,26,104.0,5.309,1.35,us,14.9,13.978,0.109,26
13.9163,144.6209,182.232,3.8,13,108.0,0.404,0.33,us,11.27,7.998,0.207,6
-3.8526,-102.6551,10.0,4.6,40,143.0,30.745,0.55,us,14.43,1.764,0.093,35
-16.6739,-172.9189,10.0,4.6,21,90.0,2.96,0.5,us,10.43,1.898,0.125,19
51.0967,159.745,10.0,4.3,20,192.0,2.045,1.01,us,9.96,1.954,0.16,12
51.3118,159.4683,28.881,4.3,22,121.0,2.103,0.72,us,10.81,5.881,0.126,18
52.683,160.5281,32.689,4.0,17,115.0,1.189,0.69,us,10.83,5.958,0.156,11
-15.7813,-75.2486,10.0,4.2,13,148.0,4.076,0.57,us,13.26,1.93,0.263,4
52.2893,160.5716,10.0,4.3,27,161.0,1.382,1.11,us,12.02,1.947,0.103,27
49.7425,158.6707,10.0,4.6,97,134.0,3.285,0.73,us,5.09,1.893,0.05,119
16.8976,-94.9574,100.912,4.3,35,136.0,0.882,0.9,us,5.98,7.441,0.09,35
51.4602,159.6865,10.0,4.8,154,121.0,1.69,0.98,us,8.43,1.869,0.042,178
31.0285,141.8237,10.0,4.4,25,140.0,2.691,0.27,us,7.58,1.912,0.148,13
13.4747,-89.9009,77.909,4.2,85,151.0,0.441,0.75,us,5.84,6.752,0.051,106
-15.1824,-177.3107,371.641,4.3,45,74.0,3.444,0.6,us,12.51,7.054,0.099,29
52.8287,159.8657,35.0,4.0,24,140.0,0.761,1.17,us,10.91,1.968,0.122,18
25.5525,126.5824,25.156,4.4,26,106.0,1.985,0.86,us,8.84,6.742,0.138,15
-24.4861,179.958,519.129,4.4,44,100.0,5.101,0.51,us,15.75,8.107,0.092,34
-34.8203,-179.7793,35.0,4.6,37,167.0,3.144,0.58,us,6.84,1.902,0.125,19
37.793,142.0056,58.649,4.3,23,133.0,3.08,0.5,us,8.08,7.705,0.2,8
52.6072,160.4617,35.0,4.6,55,150.0,1.176,1.06,us,9.64,1.936,0.074,54
-38.1869,176.1123,196.427,4.4,32,62.0,0.663,0.82,us,7.61,7.239,0.12,20
50.9242,159.1394,21.179,4.3,61,65.0,2.124,0.78,us,8.85,4.733,0.075,51
-23.9419,-66.6591,206.061,4.3,24,73.0,1.708,0.65,us,5.53,9.986,0.16,11
11.5238,144.0401,10.0,4.5,21,199.0,2.206,1.2,us,7.89,1.934,0.163,11
34.3547,104.6723,10.0,4.2,25,96.0,5.761,0.62,us,14.14,1.926,0.132,16
-23.5635,-66.7888,199.067,4.2,24,81.0,1.416,0.67,us,7.65,9.274,0.176,9
52.1464,161.3074,10.0,4.1,36,179.0,1.844,1.1,us,10.68,1.963,0.078,46
51.359,159.4329,35.0,4.7,72,138.0,1.735,0.94,us,10.72,1.923,0.06,85
49.717,158.4175,10.0,4.4,27,136.0,3.314,0.69,us,10.56,1.921,0.127,18
52.2923,160.6074,10.0,5.2,54,144.0,1.399,1.15,us,10.92,1.906,0.047,151
22.7049,95.8746,10.0,4.4,63,71.0,3.897,0.63,us,7.4,1.804,0.077,49
-6.1146,149.0611,10.0,4.3,17,121.0,3.456,1.03,us,8.68,1.774,0.143,14
53.8999,-166.6306,5.871,3.7,38,91.0,0.037,0.55,us,4.17,6.038,0.29,3
-8.0385,107.9432,45.43,4.4,17,95.0,0.642,0.85,us,7.08,5.34,0.178,10
51.5283,159.4974,35.0,4.2,20,127.0,1.585,0.76,us,10.68,1.945,0.141,14
50.0659,158.467,10.0,4.6,28,111.0,2.964,0.52,us,9.05,1.865,0.126,19
52.7151,160.8644,10.0,5.3,113,160.0,1.377,0.73,us,11.32,1.928,0.056,105
-54.0562,-133.4096,10.0,4.5,12,150.0,29.78,0.75,us,11.9,1.865,0.171,10
52.4658,161.0192,10.0,4.4,84,122.0,1.545,0.98,us,8.58,1.887,0.063,73
52.7451,160.8097,10.0,4.4,23,189.0,1.338,0.54,us,7.29,1.979,0.155,12
-21.363,-67.6842,211.606,4.3,30,60.0,1.512,0.62,us,5.89,8.642,0.142,14
49.3716,156.3627,34.158,4.5,73,134.0,3.835,0.94,us,10.4,5.639,0.048,127
41.3078,142.4867,47.618,4.2,20,182.0,0.867,0.79,us,7.36,9.715,0.16,11
51.9758,159.1471,53.766,4.7,64,124.0,1.092,0.92,us,8.42,6.483,0.039,198
39.7127,143.2251,29.58,4.7,95,92.0,1.972,0.53,us,6.29,5.308,0.064,81
51.572,157.9773,79.269,4.5,52,158.0,1.511,0.46,us,7.72,7.032,0.081,46
51.2691,159.4376,10.0,4.3,12,188.0,1.823,0.68,us,11.34,1.993,0.202,7
51.627,159.3085,54.695,4.2,33,121.0,1.456,0.73,us,9.96,7.695,0.132,18
34.8895,25.8818,10.0,3.9,35,113.0,0.905,0.65,us,6.42,1.908,0.121,18
-6.5625,143.6975,10.0,4.3,20,107.0,4.128,0.79,us,7.43,1.904,0.154,14
-19.9832,-177.9319,558.673,4.4,32,195.0,4.328,0.51,us,18.79,11.352,0.107,25
50.1825,158.911,10.0,4.9,70,126.0,2.85,1.0,us,8.0,1.873,0.048,138
-30.1108,-177.9014,32.307,4.7,16,252.0,8.072,1.21,us,15.65,6.962,0.133,18
42.6079,147.1388,10.0,4.1,18,152.0,3.012,0.63,us,10.84,1.948,0.145,13
52.006,160.318,10.0,4.1,31,125.0,1.441,0.95,us,9.96,1.911,0.1,30
53.5623,160.0211,70.255,4.1,56,163.0,0.984,0.64,us,10.02,7.189,0.072,53
-25.2959,179.7523,513.349,4.4,39,94.0,4.442,0.54,us,13.42,6.681,0.098,30
-29.7141,-13.6047,10.0,4.6,27,79.0,27.369,0.96,us,5.83,1.869,0.114,23
52.2019,-169.411,35.0,3.5,41,180.0,0.616,0.68,us,4.77,1.954,0.101,24
33.4025,142.3802,10.0,4.5,29,150.0,2.169,0.55,us,6.93,1.759,0.145,14
37.642,77.8563,10.0,4.4,46,96.0,3.706,0.77,us,8.03,1.9,0.112,23
36.6819,70.6415,270.252,4.2,40,91.0,2.191,0.73,us,8.87,8.001,0.132,16
29.236,129.314,10.0,4.4,43,113.0,2.47,1.01,us,6.92,1.79,0.097,31
65.8196,-37.5333,10.0,4.6,55,117.0,5.387,0.83,us,8.41,1.902,0.035,243
4.2511,128.4043,10.0,4.6,79,55.0,2.955,0.73,us,7.11,1.864,0.072,58
53.4127,159.9214,60.906,4.2,28,163.0,0.858,1.14,us,12.88,10.963,0.115,21
54.4182,-159.91,15.339,3.6,88,188.0,0.454,0.77,us,5.1,6.766,0.224,5
51.457,159.4595,35.0,4.8,95,135.0,1.646,0.81,us,9.71,1.91,0.064,75
51.5513,-176.2425,33.859,3.5,23,222.0,0.327,1.14,us,4.72,8.111,0.202,6
51.3979,159.6205,35.0,4.7,43,128.0,2.081,0.86,us,10.06,1.931,0.099,31
52.1576,160.2437,10.0,4.5,49,144.0,1.303,0.61,us,10.98,1.916,0.077,49
51.6326,159.3946,10.0,4.6,28,127.0,1.466,0.53,us,8.86,1.887,0.141,22
36.9448,71.253,194.25,4.2,52,97.0,1.68,0.76,us,7.46,6.771,0.082,41
52.431,160.8827,10.0,5.1,58,144.0,1.482,0.88,us,7.29,1.912,0.033,298
39.1454,28.1083,17.179,4.0,28,57.0,0.939,0.99,us,4.23,2.814,0.26,4
-22.0927,-68.5618,118.442,4.4,50,106.0,0.697,0.75,us,5.58,5.709,0.081,44
26.1892,127.0127,62.432,4.1,18,110.0,1.3,0.52,us,8.85,9.762,0.174,9
29.9855,131.0793,34.786,4.5,39,135.0,1.612,0.45,us,8.07,6.279,0.121,20
53.8028,158.2148,10.0,4.3,23,92.0,0.761,0.38,us,7.64,1.889,0.142,14
51.2704,159.3608,29.156,4.3,21,138.0,1.809,0.61,us,12.14,6.5,0.137,15
-3.4699,135.347,77.726,4.3,24,68.0,1.09,1.2,us,7.67,6.336,0.132,16
50.7377,157.8617,61.759,5.6,119,119.0,2.341,0.68,us,10.43,6.556,0.019,1004
52.7189,159.245,82.882,4.4,31,170.0,0.472,0.56,us,8.49,6.784,0.109,24
4.4747,-73.2145,10.0,4.2,15,68.0,1.163,0.96,us,7.29,1.471,0.264,6
-6.1946,130.5084,115.071,4.3,19,120.0,1.767,0.69,us,10.48,8.774,0.168,10
51.5043,159.8164,10.0,4.9,124,151.0,1.682,1.02,us,8.17,1.911,0.055,103
52.0277,160.2995,19.736,4.7,76,124.0,1.418,0.51,us,7.65,1.24,0.073,58
52.224,158.1292,77.898,4.5,42,127.0,0.861,0.89,us,7.15,6.352,0.095,33
-14.566,166.5986,10.0,4.5,13,255.0,6.347,0.44,us,13.82,2.027,0.171,11
55.5635,-161.7158,163.749,3.5,29,66.0,0.145,0.27,us,6.97,4.552,0.247,4
52.1916,160.8387,33.507,4.5,35,179.0,1.573,0.91,us,12.16,7.013,0.079,47
-4.7694,140.6062,10.0,4.4,21,86.0,1.782,0.82,us,5.31,1.897,0.123,19
-20.2152,-69.1538,96.072,4.1,20,80.0,0.074,0.78,us,4.87,3.376,0.175,9
52.2073,160.4286,44.12,4.0,22,123.0,1.358,0.6,us,7.07,7.932,0.125,17
52.6651,160.8439,10.0,4.7,41,120.0,1.378,0.9,us,10.37,1.902,0.098,32
51.4368,160.8984,10.0,4.4,26,138.0,2.106,0.72,us,6.51,1.907,0.149,13
-11.4449,166.0531,35.0,4.4,20,144.0,4.132,0.98,us,13.66,1.94,0.138,15
52.4642,160.713,10.0,4.1,20,207.0,1.374,0.86,us,12.51,2.009,0.127,17
-3.8624,141.1875,106.651,4.5,24,59.0,1.423,0.94,us,7.96,7.98,0.132,17
-10.1947,161.1338,51.588,4.4,26,170.0,1.39,1.09,us,5.12,6.995,0.13,17
39.2423,28.124,10.0,4.4,35,62.0,0.963,1.19,us,3.95,1.907,0.179,9
-15.5439,166.6985,10.0,4.7,29,95.0,0.496,0.33,us,6.62,1.874,0.133,17
36.1631,139.9632,77.977,4.1,27,142.0,1.466,0.79,us,9.06,8.1,0.123,18
50.3121,158.7994,10.0,4.5,64,134.0,2.717,0.78,us,9.42,1.9,0.074,54
-47.8453,115.8899,10.0,4.7,35,58.0,14.936,0.73,us,12.1,1.896,0.093,35
29.2462,130.5218,35.0,4.4,22,83.0,2.256,0.87,us,5.4,1.938,0.17,10
51.9732,161.5776,10.0,4.3,21,126.0,2.076,0.42,us,10.18,1.917,0.168,10
51.6145,159.7614,10.0,5.0,77,106.0,1.567,0.58,us,7.26,1.808,0.042,182
54.4454,-160.3182,19.807,4.5,114,157.0,0.573,0.52,us,5.33,5.46,0.094,33
52.0672,159.8494,35.0,4.2,33,113.0,1.206,0.84,us,6.17,1.915,0.105,25
52.7348,158.8849,80.957,5.3,142,108.0,0.322,0.71,us,9.49,5.414,0.041,202
28.0576,142.4236,22.272,4.3,33,137.0,0.981,0.72,us,8.65,5.973,0.116,21
52.578,160.2078,35.0,4.5,23,149.0,1.046,0.69,us,7.91,1.878,0.157,12
36.5653,70.7257,154.345,4.4,66,74.0,2.237,0.91,us,6.49,7.052,0.081,44
50.9121,-178.9089,10.0,3.9,46,210.0,0.645,1.11,us,4.85,1.456,0.069,55
7.1583,127.0591,57.386,4.7,53,77.0,1.471,0.97,us,9.16,7.388,0.084,43
72.414,142.0095,10.0,5.1,311,28.0,4.147,0.79,us,8.9,1.861,0.025,540
53.1209,160.1547,54.757,4.6,55,133.0,0.913,0.92,us,11.24,7.632,0.066,69
51.2532,159.238,28.854,4.5,34,124.0,1.81,0.97,us,9.25,6.153,0.113,23
49.9265,156.5318,69.127,4.9,144,96.0,3.269,0.79,us,10.1,6.215,0.044,165
-8.851,124.1198,97.437,4.7,59,57.0,0.91,0.87,us,7.6,7.017,0.078,51
51.1954,157.6095,78.998,4.3,35,138.0,1.917,0.6,us,12.31,8.61,0.086,38
-14.3933,167.1544,171.538,4.2,26,111.0,1.049,1.08,us,13.05,7.801,0.125,19
2.9189,125.8797,131.199,4.6,58,93.0,1.796,0.88,us,3.64,6.878,0.081,45
44.3631,149.0615,35.0,4.8,70,135.0,5.122,0.98,us,10.01,1.917,0.043,167
-31.0238,-71.9066,31.428,4.2,32,150.0,0.42,0.91,us,3.61,6.081,0.159,11
51.7948,159.5325,35.0,4.6,41,163.0,19.064,0.87,us,11.43,1.922,0.095,33
-21.4938,168.8872,10.0,4.3,14,260.0,1.74,0.61,us,11.61,2.004,0.201,9
-41.8819,84.961,10.0,4.6,33,66.0,37.441,0.5,us,10.35,1.875,0.103,28
-18.1522,-178.3264,560.023,4.4,56,86.0,2.759,0.57,us,11.88,6.018,0.086,39
32.151,132.099,35.0,4.4,25,140.0,1.54,0.53,us,4.07,1.917,0.123,19
7.1728,126.9407,58.939,4.8,38,96.0,1.355,0.81,us,10.06,6.776,0.116,23
-47.4548,97.5199,10.0,4.6,14,126.0,20.085,0.38,us,11.76,1.881,0.158,12
-15.8562,-70.2729,227.492,4.2,22,140.0,1.884,0.89,us,7.91,9.731,0.2,7
23.9447,121.5836,10.0,5.1,59,69.0,0.228,0.54,us,2.3,1.75,0.044,168
37.133,136.4925,10.0,4.4,28,62.0,1.493,0.91,us,7.33,1.865,0.092,35
11.6392,142.3449,10.0,4.9,61,76.0,3.134,0.62,us,9.31,1.883,0.048,135
-9.402,110.3623,35.0,4.1,12,76.0,2.339,1.02,us,8.48,1.956,0.198,7
49.7666,157.604,10.0,4.5,41,134.0,3.326,0.42,us,11.75,1.895,0.093,34
51.3069,157.63,64.123,4.7,129,114.0,1.805,0.76,us,8.97,6.859,0.027,417
29.472,80.4663,10.0,4.6,72,100.0,4.546,0.99,us,9.19,1.864,0.075,53
52.1002,-172.439,72.624,4.4,67,171.0,1.021,1.1,us,5.05,7.463,0.037,208
-21.3015,-66.6905,227.673,4.7,34,55.0,2.145,0.86,us,8.76,8.289,0.104,28
-4.6213,151.0574,274.943,4.1,25,83.0,1.015,0.52,us,9.67,7.213,0.12,19
-3.4937,140.5688,35.0,4.4,23,145.0,0.982,0.96,us,6.46,1.842,0.138,15
7.1713,126.8099,81.491,4.9,85,109.0,1.226,1.24,us,8.44,7.102,0.066,72
52.7396,160.9397,10.0,4.0,10,120.0,1.416,0.35,us,9.67,1.873,0.164,10
51.1059,159.6807,10.0,4.9,34,170.0,2.023,0.76,us,11.95,1.955,0.104,29
52.8515,160.8605,10.0,4.1,23,165.0,1.349,0.58,us,12.51,1.841,0.14,14
-38.4234,176.2689,128.473,4.4,14,72.0,0.59,0.31,us,3.98,5.74,0.24,5
38.2645,142.1075,70.56,4.2,25,121.0,2.647,0.72,us,9.02,5.258,0.146,13
-6.2975,130.4813,125.809,4.6,44,69.0,3.79,0.67,us,10.11,8.041,0.09,37
14.0005,120.6055,182.613,4.1,51,98.0,14.156,0.95,us,13.34,8.368,0.081,42
12.6049,-89.8876,10.0,4.5,96,179.0,1.294,0.6,us,6.06,1.959,0.053,103
52.7317,160.2068,36.513,4.2,36,150.0,0.988,0.81,us,11.91,10.061,0.11,23
14.481,146.9836,10.0,4.6,44,132.0,1.374,0.95,us,9.52,1.909,0.085,41
29.509,130.4384,35.0,4.2,28,131.0,1.994,0.6,us,8.96,1.946,0.124,18
-20.3133,-178.4532,609.395,4.4,30,97.0,4.177,0.86,us,13.91,10.231,0.112,23
51.253,159.3271,26.563,4.7,44,135.0,1.822,0.73,us,11.05,6.075,0.083,44
-47.8048,116.0397,10.0,4.4,15,128.0,14.888,0.75,us,13.84,1.926,0.155,12
40.9443,143.0631,39.127,5.0,94,96.0,1.072,0.64,us,7.61,5.996,0.055,106
-9.5367,159.2885,10.726,4.9,65,46.0,0.657,0.62,us,6.73,4.405,0.073,59
50.8117,159.9977,10.0,4.5,69,132.0,2.367,0.65,us,8.29,1.886,0.074,54
-20.5344,-178.9538,623.051,4.6,127,90.0,3.963,0.6,us,12.26,6.785,0.047,132
52.0628,160.4337,35.0,4.3,29,167.0,1.97,1.12,us,5.79,1.971,0.094,32
36.6215,71.1398,229.489,4.7,130,77.0,1.999,0.73,us,7.53,6.236,0.053,107
51.3069,160.6524,10.0,4.4,33,130.0,2.116,0.76,us,8.91,1.914,0.117,21
-21.7033,-68.5334,139.269,4.2,18,51.0,0.665,0.45,us,7.93,11.34,0.374,2
52.3212,160.5594,10.0,4.9,58,104.0,1.359,0.53,us,6.51,1.852,0.058,94
53.1542,159.433,70.641,4.2,111,157.0,0.49,0.72,us,11.88,7.423,0.054,99
-24.32,-67.3769,176.819,4.6,15,182.0,1.548,0.81,us,13.19,11.728,0.151,13
49.1306,157.8965,10.0,5.1,99,77.0,3.985,0.71,us,8.69,1.853,0.029,375
51.2863,159.087,35.0,4.3,22,226.0,1.76,0.92,us,13.02,1.986,0.137,15
53.0089,159.5631,65.965,4.2,50,117.0,0.552,1.09,us,10.52,7.756,0.068,60
52.9141,160.666,10.0,4.7,53,154.0,1.224,0.87,us,9.66,1.918,0.059,87
-19.2913,168.7825,14.851,4.5,26,143.0,3.533,0.69,us,11.4,5.399,0.121,20
-14.9242,-75.7626,35.0,5.1,100,131.0,3.102,0.69,us,8.75,1.909,0.038,221
52.9516,160.6343,35.0,4.2,35,137.0,1.202,0.7,us,10.87,1.948,0.092,33
21.5117,97.2973,10.0,4.4,37,109.0,2.24,0.71,us,8.56,1.691,0.107,25
-21.4276,-68.6174,126.387,4.2,22,73.0,0.687,0.81,us,5.27,6.198,0.14,14
52.0669,159.1758,55.85,4.1,49,134.0,1.01,0.64,us,10.48,7.647,0.075,49
23.1552,94.7931,114.219,4.3,46,123.0,1.944,0.49,us,12.37,8.878,0.09,35
4.4911,-73.2066,10.0,4.4,23,76.0,1.165,0.33,us,6.1,1.901,0.134,16
1.7437,126.5864,49.919,4.1,21,118.0,1.241,0.44,us,5.87,5.126,0.144,13
-46.9887,166.036,15.241,4.5,22,98.0,0.935,1.14,us,6.66,6.319,0.156,13
-59.2854,-24.9625,10.0,4.2,24,182.0,15.297,0.74,us,16.51,1.965,0.11,23
-7.6953,128.3631,85.361,4.3,19,75.0,4.537,0.88,us,6.23,10.422,0.154,12
-23.692,179.5203,596.912,4.4,45,76.0,5.984,0.77,us,15.15,9.322,0.088,37
6.0067,126.146,150.653,4.4,61,45.0,1.197,1.07,us,4.67,6.262,0.073,54
34.0687,-5.5488,10.0,4.1,19,125.0,1.373,0.8,us,7.46,1.936,0.131,16
1.5747,126.5589,35.0,4.1,14,142.0,1.135,1.02,us,4.22,1.958,0.175,9
0.0302,123.2062,159.926,4.9,120,45.0,2.154,0.72,us,6.73,6.704,0.05,125
52.5972,161.0003,35.0,4.1,16,137.0,1.489,0.66,us,10.86,1.956,0.151,12
43.0293,146.4534,35.0,4.6,119,134.0,2.639,0.45,us,8.98,1.914,0.054,103
51.4083,160.7803,10.0,4.1,39,120.0,2.082,0.88,us,9.63,1.895,0.103,26
51.1575,-177.6196,47.552,3.9,38,225.0,0.624,0.6,us,5.97,13.638,0.148,12
51.4034,158.6437,49.257,4.2,46,127.0,1.623,0.88,us,11.18,8.342,0.082,41
-39.7921,-16.4739,10.0,4.5,23,104.0,35.741,1.14,us,15.56,1.882,0.171,10
53.3625,161.0232,35.0,4.5,26,189.0,1.468,0.78,us,6.95,1.962,0.132,17
10.0457,125.8534,87.356,4.7,60,114.0,2.969,0.68,us,10.6,7.251,0.054,104
52.9863,160.7735,10.0,5.8,115,80.0,1.284,0.61,us,9.7,1.54,0.041,219
-21.1203,-69.2998,86.333,4.1,16,70.0,0.191,0.78,us,3.52,5.569,0.213,6
49.6853,158.6128,10.0,4.2,14,232.0,3.343,0.28,us,8.23,1.974,0.2,7
39.8236,143.2817,40.083,4.8,58,133.0,1.951,0.58,us,7.04,6.198,0.058,91
3.43,126.0536,69.487,4.4,26,127.0,1.415,0.61,us,6.81,9.027,0.126,18
32.4189,141.7133,10.0,4.5,45,121.0,1.745,0.79,us,7.98,1.879,0.089,41
39.5558,143.2703,10.189,4.4,41,143.0,2.091,0.75,us,6.54,4.426,0.106,26
52.3174,160.1852,30.832,4.7,47,134.0,1.172,0.92,us,10.45,6.04,0.085,42
5.9979,126.7703,95.212,4.4,36,108.0,1.592,0.88,us,3.97,6.398,0.098,30
39.3658,143.4878,39.126,4.3,23,134.0,2.34,0.85,us,4.24,7.647,0.153,13
50.2127,157.3502,45.368,4.6,22,132.0,2.908,1.11,us,11.53,7.894,0.129,25
29.1498,129.696,10.0,4.4,38,124.0,2.441,0.55,us,8.07,1.91,0.114,22
-17.8681,-178.0372,609.239,4.2,17,181.0,2.838,0.67,us,21.61,15.184,0.141,16
53.0907,161.4103,10.0,4.2,19,167.0,1.667,0.82,us,12.74,1.974,0.147,13
-8.2455,107.3798,35.0,4.6,42,97.0,0.823,0.83,us,5.43,1.905,0.1,31
36.4716,70.6872,196.009,4.0,17,95.0,2.327,0.58,us,6.95,7.082,0.173,9
52.2899,159.5543,35.0,4.8,82,120.0,0.918,0.88,us,4.09,1.936,0.053,110
-24.1993,179.8747,520.698,4.2,41,80.0,6.644,0.79,us,15.14,7.781,0.072,54
-5.8087,148.8839,123.391,5.0,41,64.0,3.641,0.69,us,6.42,6.92,0.101,31
-15.4175,67.3036,10.0,4.5,36,40.0,5.716,0.85,us,7.92,1.87,0.102,28
-14.5097,-73.6093,88.454,4.5,31,123.0,4.024,0.7,us,8.29,7.818,0.11,24
10.5057,-86.779,10.0,4.3,42,155.0,1.472,1.15,us,5.99,1.972,0.106,25
-57.5946,157.9058,38.39,4.5,25,100.0,3.158,0.85,us,11.18,8.813,0.128,18
-52.837,20.1006,10.0,5.1,32,77.0,20.451,0.64,us,13.93,1.827,0.134,19
52.1142,160.4031,39.866,4.3,36,167.0,1.926,0.77,us,5.62,8.82,0.096,31
-10.4067,124.4798,10.0,4.4,26,84.0,0.68,0.83,us,3.95,1.917,0.144,14
52.7286,160.5232,10.0,4.8,31,110.0,1.173,1.28,us,5.66,1.839,0.101,30
48.4259,84.2462,10.0,4.5,54,111.0,1.05,0.62,us,6.02,1.914,0.083,42
52.2027,160.2982,33.387,4.9,105,118.0,1.298,0.73,us,7.34,2.908,0.05,124
49.9825,156.8591,35.0,4.9,81,120.0,3.174,0.7,us,10.71,1.91,0.045,151
41.8352,140.6532,132.836,4.1,42,128.0,1.09,0.56,us,8.37,10.364,0.1,27
49.9908,157.3473,10.0,5.2,222,106.0,3.13,0.6,us,9.99,1.788,0.041,197
50.3229,157.3196,35.0,4.9,273,100.0,2.799,0.6,us,8.38,1.886,0.026,464
10.8708,123.8986,10.0,4.4,27,117.0,12.697,0.71,us,14.15,1.913,0.12,22
39.5126,143.5392,10.0,4.1,19,203.0,2.285,0.38,us,7.73,1.846,0.185,8
51.3626,160.3989,10.0,4.0,28,168.0,1.981,0.77,us,10.83,1.915,0.123,18
43.0295,88.2292,10.0,4.9,111,39.0,5.028,0.75,us,8.13,1.775,0.043,169
49.9576,157.2624,10.0,4.3,48,166.0,3.167,0.6,us,12.09,1.95,0.078,47
-6.2751,129.0844,234.262,4.5,67,53.0,4.589,0.55,us,8.57,7.539,0.084,41
35.4745,140.149,66.626,4.3,37,128.0,1.899,0.74,us,6.92,7.567,0.126,18
51.2193,159.4062,40.937,4.6,28,144.0,1.866,0.94,us,11.65,7.057,0.111,24
-57.39,-66.929,10.0,4.6,44,144.0,2.495,0.51,us,13.28,1.92,0.084,42
52.1154,160.5132,21.747,4.5,36,118.0,1.456,0.76,us,10.68,6.15,0.092,35
52.4822,160.2399,49.312,4.7,14,153.0,1.665,0.82,us,12.59,8.143,0.183,9
-15.3566,-72.037,118.506,4.3,18,125.0,3.309,1.38,us,8.75,9.624,0.101,28
-31.6796,-71.7415,33.286,4.3,34,141.0,0.746,0.63,us,4.3,5.315,0.168,10
-27.8687,-71.0579,55.218,4.4,22,138.0,0.335,0.7,us,5.37,6.023,0.219,6
39.6768,143.2987,27.307,4.0,12,158.0,2.04,0.44,us,9.04,7.785,0.231,5
51.3561,-176.6699,35.0,3.9,59,187.0,0.533,0.92,us,5.57,1.952,0.079,44
-18.1439,-179.3826,647.752,4.6,107,44.0,2.041,0.83,us,10.66,4.657,0.029,352
-61.2388,-36.4468,10.0,4.9,39,62.0,6.975,0.79,us,10.5,1.873,0.091,38
52.299,160.5772,10.0,4.9,128,117.0,1.38,1.11,us,8.16,1.871,0.038,249
-4.5264,102.5996,64.307,4.3,22,196.0,0.391,0.38,us,6.65,6.726,0.16,11
-17.7514,-175.2998,238.697,4.6,48,72.0,5.104,0.61,us,10.2,7.95,0.082,44
31.4462,140.1365,10.0,4.6,72,132.0,1.686,0.36,us,9.02,1.904,0.071,59
30.3457,138.3942,427.731,4.3,89,79.0,3.014,0.65,us,10.56,8.014,0.048,122
42.8127,146.4565,35.0,4.2,18,209.0,2.57,1.07,us,11.23,1.99,0.2,7
18.6893,145.5668,220.794,4.1,38,128.0,3.436,0.76,us,14.88,9.399,0.097,29
50.9968,159.2593,10.0,4.5,41,123.0,2.064,0.87,us,10.47,1.924,0.088,38
-57.7392,157.6493,10.0,5.1,30,94.0,3.328,0.92,us,5.73,1.833,0.122,22
50.5233,156.8009,69.014,4.4,60,135.0,2.649,0.74,us,12.01,8.133,0.075,51
7.1823,127.0935,59.256,4.4,21,140.0,1.507,1.16,us,9.51,7.385,0.155,12
52.1842,160.3934,10.0,4.5,47,121.0,1.355,1.33,us,8.48,1.902,0.094,35
3.9343,126.68,43.357,4.4,43,107.0,1.437,0.78,us,7.32,7.772,0.091,35
52.6102,160.8792,35.0,4.6,37,116.0,1.415,0.73,us,9.36,1.929,0.099,30
52.1655,160.4718,29.832,4.4,31,124.0,1.405,1.2,us,8.74,4.406,0.103,30
9.5367,94.1242,10.0,4.2,12,184.0,5.49,0.76,us,14.34,1.957,0.216,6
0.4033,123.5481,243.0,4.4,53,92.0,1.632,0.87,us,7.93,7.036,0.086,40
-17.7013,-178.4067,544.845,4.4,36,124.0,2.45,0.82,us,15.23,9.27,0.1,29
41.0148,142.6678,51.628,4.5,64,134.0,1.065,0.67,us,6.32,7.375,0.071,58
-20.5834,-177.8937,487.173,4.2,28,99.0,4.759,0.99,us,14.92,12.752,0.113,22
52.0771,160.3171,10.0,4.3,19,124.0,1.391,1.26,us,9.81,1.914,0.153,13
51.3274,160.9499,10.0,4.2,22,130.0,2.211,0.97,us,10.21,1.917,0.152,16
25.1114,126.1506,35.0,4.3,31,88.0,1.888,0.84,us,7.96,1.94,0.129,17
52.4339,160.2523,37.376,4.9,98,133.0,1.139,0.94,us,9.99,6.857,0.04,194
-24.5531,-70.5644,26.298,4.3,20,178.0,1.073,0.95,us,4.54,7.321,0.16,11
49.4452,157.2969,28.46,4.4,35,136.0,3.677,0.69,us,5.55,5.796,0.109,24
53.6168,162.1129,10.0,4.2,13,111.0,2.161,1.1,us,8.59,1.922,0.167,12
-18.6178,-177.9971,530.181,4.9,158,30.0,3.292,0.69,us,9.13,4.181,0.027,427
46.8042,152.25,86.344,4.4,24,134.0,6.507,0.33,us,13.36,9.261,0.117,21
6.7096,-72.9637,169.66,4.4,40,125.0,2.292,0.56,us,11.75,8.718,0.095,35
6.8592,-73.1237,147.138,4.0,55,117.0,0.961,0.58,us,8.42,5.662,0.08,42
16.4988,41.3271,10.0,4.2,29,124.0,3.523,0.74,us,11.73,1.948,0.115,21
41.8075,82.0929,10.0,4.7,61,98.0,2.453,0.66,us,8.18,1.891,0.086,41
54.0444,-159.7746,10.0,3.8,49,175.0,0.796,0.79,us,4.39,1.941,0.179,8
-5.8359,112.4206,10.0,4.2,13,91.0,2.307,0.38,us,7.71,1.798,0.264,4
-18.3895,-178.1832,623.109,4.4,49,121.0,3.011,0.75,us,14.57,9.299,0.086,39
36.3077,77.0619,10.0,4.4,37,115.0,3.084,0.89,us,9.14,1.916,0.112,23
52.8888,160.1938,35.0,4.4,33,137.0,0.944,0.38,us,11.5,1.952,0.123,19
-6.3743,104.5726,61.31,4.5,48,51.0,1.602,0.63,us,8.21,7.172,0.099,33
49.0766,157.7863,10.0,4.3,24,133.0,3.989,0.68,us,9.76,1.917,0.138,15
-18.1429,168.3484,56.676,4.4,18,150.0,2.896,1.08,us,8.34,9.098,0.169,13
0.3533,122.348,129.767,4.1,26,72.0,3.182,0.69,us,7.87,8.451,0.127,17
-24.1014,-67.1654,196.088,4.5,35,64.0,1.475,0.75,us,6.48,8.15,0.145,14
-19.47,-173.2372,10.0,4.8,38,145.0,5.703,0.96,us,13.37,1.89,0.093,36
-20.0735,-69.1103,108.936,4.8,64,60.0,0.078,0.89,us,4.81,2.907,0.032,302
1.9802,126.5247,54.48,4.3,40,64.0,2.927,0.96,us,3.26,7.55,0.108,24
50.5285,156.9016,57.476,4.2,20,135.0,2.631,0.71,us,12.39,8.437,0.147,13
51.8781,159.5286,63.249,4.5,72,130.0,1.267,0.93,us,9.64,7.029,0.069,64
12.9664,145.5158,10.0,4.5,39,149.0,0.884,0.84,us,8.18,1.906,0.104,27
-30.654,-71.2748,56.106,4.6,53,78.0,0.311,0.64,us,4.95,5.684,0.107,26
-6.2642,148.7998,53.627,4.2,20,118.0,3.518,0.63,us,11.08,7.438,0.132,16
51.9156,158.0088,85.977,4.2,38,137.0,1.177,0.83,us,10.2,7.514,0.105,25
52.1311,160.5927,17.191,5.1,98,112.0,1.485,0.7,us,8.93,4.604,0.031,345
51.7025,159.1251,60.521,5.1,58,127.0,1.355,0.65,us,10.95,7.016,0.071,64
-15.7324,-75.1923,19.376,5.1,49,143.0,4.053,0.77,us,9.94,4.923,0.047,148
37.7173,19.8743,10.0,4.1,54,140.0,1.718,1.06,us,5.91,1.496,0.102,27
-20.1311,168.4342,10.0,4.8,40,124.0,2.635,0.97,us,9.4,1.885,0.101,31
36.4762,26.6801,129.996,4.3,70,50.0,1.193,0.69,us,6.43,7.193,0.077,52
29.0719,129.0919,10.0,4.6,31,122.0,2.342,1.09,us,6.55,1.68,0.12,27
60.366,-58.5403,10.0,4.5,34,139.0,5.15,0.52,us,9.74,1.968,0.101,29
3.5889,128.4732,10.0,4.3,17,150.0,3.195,0.53,us,8.71,1.919,0.168,10
-16.4461,-175.3776,235.071,4.2,15,156.0,4.291,0.46,us,9.18,14.822,0.153,12
53.1752,171.4114,44.019,4.2,92,143.0,1.686,0.59,us,10.52,10.404,0.061,75
51.2241,159.1106,43.286,4.2,15,221.0,1.824,1.01,us,4.5,8.895,0.216,6
52.8721,160.8301,10.0,5.2,76,122.0,1.328,0.73,us,10.22,1.872,0.041,199
52.1232,160.5376,10.0,5.0,94,134.0,1.463,0.76,us,10.46,1.888,0.051,121
16.4618,-59.737,10.0,4.2,27,234.0,1.275,0.53,us,7.43,1.973,0.304,3
52.1314,-169.8992,26.216,4.2,75,141.0,0.663,0.98,us,5.57,5.365,0.07,58
50.8384,158.7659,10.0,4.5,63,127.0,2.367,0.82,us,8.79,1.902,0.068,68
52.761,160.6984,10.0,4.2,34,133.0,1.269,0.79,us,11.84,1.926,0.095,31
49.7286,158.5829,10.0,4.2,30,136.0,3.3,0.83,us,10.16,1.705,0.128,18
27.8589,56.9111,10.0,4.1,37,142.0,2.97,0.79,us,11.6,1.884,0.101,27
52.7896,-169.6989,45.95,3.8,34,170.0,0.543,0.83,us,9.74,7.099,0.104,24
-52.808,19.8841,10.0,4.3,11,162.0,20.427,0.51,us,15.61,1.988,0.177,9
50.1902,159.1222,10.0,4.3,22,134.0,2.852,0.8,us,11.14,1.926,0.133,16
13.6478,120.8577,208.633,4.3,74,74.0,8.018,0.79,us,10.19,8.568,0.07,58
-35.5189,-178.9917,10.0,4.2,10,260.0,2.982,0.41,us,14.88,2.002,0.216,6
52.8568,159.5039,61.315,4.1,27,134.0,0.543,0.97,us,10.57,6.339,0.145,13
52.7787,160.924,10.0,4.6,74,119.0,1.399,0.95,us,6.06,1.744,0.063,75
25.2496,-99.5543,13.532,4.2,66,65.0,0.359,0.74,us,4.11,5.243,0.078,46
-12.5365,167.0174,201.186,4.7,147,66.0,2.899,0.5,us,9.86,5.901,0.038,218
-32.4483,-68.071,144.202,4.6,57,72.0,1.034,0.59,us,6.39,6.884,0.098,31
-9.5,119.8345,80.79,4.7,95,87.0,0.487,0.89,us,5.83,5.243,0.059,94
49.5864,158.9363,10.0,4.4,94,135.0,3.446,0.6,us,9.66,1.884,0.059,84
-1.321,-77.8568,177.305,4.2,54,49.0,0.24,0.58,us,6.1,3.637,0.1,28
42.6832,17.6545,10.0,4.4,84,33.0,1.213,0.98,us,4.27,1.884,0.076,50
-23.1259,-68.5298,113.005,4.1,24,66.0,0.367,0.77,us,3.97,4.269,0.131,16
51.6609,159.3338,37.457,4.4,21,137.0,1.428,0.75,us,12.44,8.145,0.154,12
30.0753,69.7393,10.0,4.4,32,184.0,8.525,1.05,us,11.03,1.954,0.105,26
42.5413,142.8743,90.819,4.1,37,109.0,0.566,0.46,us,8.78,8.681,0.106,24
47.2336,152.3526,120.88,4.0,47,136.0,6.555,0.6,us,12.72,8.36,0.088,34
42.8989,146.573,39.188,5.3,61,135.0,2.677,0.64,us,9.73,7.288,0.085,46
-17.9008,-69.3494,150.639,4.3,20,94.0,0.334,0.71,us,5.27,4.51,0.177,9
23.0801,94.7964,140.77,4.6,51,128.0,4.771,0.71,us,10.95,2.993,0.088,38
4.8929,123.0324,573.765,4.2,48,56.0,2.443,0.72,us,12.41,8.778,0.087,37
53.0548,160.8673,35.0,4.2,23,135.0,1.339,1.11,us,10.98,1.942,0.16,13
28.2622,101.9056,10.0,4.4,46,110.0,7.82,0.9,us,7.77,1.594,0.092,35
52.0637,160.6763,10.0,4.3,16,137.0,1.567,1.3,us,10.34,1.927,0.178,9
6.2524,124.2698,500.392,4.3,41,112.0,1.931,0.85,us,15.2,9.973,0.088,37
52.1059,159.4838,35.0,4.3,29,123.0,1.05,0.74,us,8.19,1.927,0.122,19
9.3226,93.9973,10.0,4.6,28,89.0,5.584,1.06,us,11.36,1.909,0.12,21
52.7808,159.2192,70.561,4.8,83,133.0,0.422,0.85,us,9.64,6.111,0.034,266
13.009,145.6741,10.0,4.5,27,107.0,0.974,1.08,us,7.32,1.903,0.121,20
39.7192,142.2656,56.172,4.4,53,134.0,1.41,0.8,us,7.11,5.95,0.095,33
-5.4,152.2663,35.0,4.3,36,177.0,1.112,0.6,us,9.16,1.976,0.094,32
60.5366,-139.9898,5.0,4.2,39,54.0,0.461,1.11,us,1.96,1.874,0.265,7
-60.2489,-62.2307,10.0,5.0,40,100.0,4.62,0.44,us,10.61,1.87,0.092,38
-22.9046,-66.6358,217.95,4.5,51,70.0,1.423,0.89,us,8.36,7.162,0.066,69
51.4089,-177.2178,38.479,3.8,82,185.0,0.353,0.56,us,4.06,2.715,0.064,63
42.3146,144.4608,35.0,4.4,20,152.0,1.014,0.65,us,5.71,1.952,0.149,13
51.6201,160.8177,10.0,4.2,66,135.0,1.935,0.59,us,10.02,1.841,0.069,59
11.1155,124.2808,10.0,4.5,55,40.0,4.219,0.46,us,9.45,1.886,0.08,46
13.9576,-92.3821,39.858,4.1,32,184.0,0.999,0.96,us,2.29,11.396,0.117,20
17.4264,-94.2066,61.01,4.0,44,76.0,0.122,0.97,us,3.71,6.172,0.13,16
23.5263,94.2235,10.0,4.2,33,150.0,2.397,0.88,us,12.14,1.905,0.115,21
51.6891,-173.4391,35.0,3.9,29,177.0,0.695,0.55,us,4.94,1.888,0.091,32
-34.8714,-110.997,10.0,4.7,38,156.0,31.641,0.56,us,15.94,1.916,0.049,128
4.4147,126.7057,58.242,5.0,91,39.0,1.263,0.75,us,6.35,5.538,0.043,169
-14.7822,167.3962,132.752,4.5,31,253.0,0.687,0.46,us,13.07,6.182,0.108,25
-5.9761,130.804,122.091,5.0,80,19.0,3.361,0.63,us,7.34,6.805,0.053,115
9.3592,93.818,10.0,4.5,36,94.0,5.764,0.95,us,10.49,1.903,0.11,24
-18.1101,167.5363,10.0,4.2,12,258.0,3.913,0.46,us,8.07,1.993,0.2,7
52.6319,160.3175,35.0,4.0,30,138.0,1.085,0.77,us,11.73,1.954,0.116,20
-15.4104,168.0797,10.0,4.7,33,163.0,0.846,0.77,us,4.19,1.898,0.106,27
43.2082,148.2215,10.0,4.3,32,137.0,3.923,1.02,us,8.58,1.791,0.116,21
0.5079,123.6649,260.89,4.7,103,62.0,4.537,0.85,us,7.34,7.143,0.048,130
-24.2092,-67.2988,204.747,4.0,19,70.0,1.489,0.48,us,9.37,11.425,0.298,3
19.2575,145.4826,216.289,3.8,13,150.0,4.005,0.51,us,18.04,4.719,0.169,9
49.8646,156.0997,52.814,5.1,148,120.0,3.398,0.8,us,6.33,5.399,0.023,625
44.4079,-129.4365,10.0,4.0,80,194.0,3.937,0.7,us,9.21,1.998,0.122,19
26.7438,139.342,580.248,4.0,63,104.0,2.562,0.64,us,11.87,8.443,0.07,55
41.197,142.5052,49.256,4.0,17,159.0,0.952,0.76,us,7.23,11.783,0.231,5
-5.615,154.3311,181.195,4.0,23,92.0,2.581,0.57,us,14.43,9.25,0.122,18
-18.1477,-178.3075,536.568,4.5,57,86.0,2.771,0.54,us,12.73,7.83,0.078,48
51.6705,159.0636,35.0,4.3,14,147.0,1.379,0.65,us,12.29,1.962,0.16,11
-47.2853,97.2931,10.0,4.6,11,157.0,20.853,0.44,us,11.66,1.954,0.182,9
30.5385,142.5222,10.0,4.5,23,114.0,3.443,0.25,us,10.09,1.902,0.164,11
-18.5359,-177.3719,392.932,4.5,114,121.0,3.722,0.63,us,12.43,8.049,0.047,136
-5.5614,147.2535,182.408,4.5,48,57.0,3.496,0.59,us,8.0,5.573,0.061,80
-21.2202,168.6323,10.0,4.6,21,181.0,1.77,0.71,us,7.33,1.858,0.207,10
52.817,159.7294,62.698,4.0,38,161.0,0.685,0.71,us,9.71,6.814,0.096,29
-21.9346,-68.5946,122.66,4.2,17,106.0,0.617,0.84,us,6.95,6.206,0.263,4
-3.8546,128.4291,99.876,4.3,20,107.0,3.925,0.61,us,11.91,9.364,0.129,17
-20.5191,-178.3834,549.345,4.7,112,48.0,4.355,0.64,us,11.28,6.022,0.03,347
-21.101,-174.3386,10.0,5.0,73,108.0,4.609,0.72,us,12.43,1.857,0.066,73
64.6543,-40.2593,10.0,4.2,68,135.0,4.227,0.59,us,8.4,1.938,0.068,60
-55.2935,-27.9304,10.0,4.4,18,93.0,5.055,0.53,us,9.32,1.656,0.139,16
-56.579,146.3353,10.0,4.2,12,180.0,20.558,0.46,us,23.07,1.994,0.16,11
51.7308,160.6197,35.192,4.1,49,136.0,1.77,0.66,us,8.67,8.106,0.08,48
-33.7505,-179.3787,35.0,4.2,17,189.0,4.244,0.94,us,12.1,1.517,0.152,12
49.2125,157.8883,10.0,4.5,56,126.0,3.846,0.57,us,4.72,1.884,0.086,40
51.4088,158.3431,18.877,4.3,26,126.0,1.628,0.86,us,10.35,5.734,0.129,17
50.2411,158.8955,27.34,4.8,86,134.0,2.791,0.53,us,9.43,4.544,0.044,160
32.3871,105.1519,10.0,4.3,30,96.0,3.759,0.56,us,11.66,1.908,0.117,21
27.3882,129.3926,23.212,4.6,64,86.0,1.14,0.9,us,6.0,5.154,0.077,50
52.9581,161.1012,10.0,4.4,22,212.0,1.483,1.12,us,9.68,2.0,0.115,22
50.7851,157.6646,41.065,4.6,56,135.0,2.323,1.01,us,11.52,7.353,0.056,95
51.2776,160.4296,10.0,4.3,48,134.0,2.064,0.78,us,9.99,1.909,0.094,32
14.6384,145.9817,127.319,4.5,22,152.0,0.62,1.0,us,12.85,7.009,0.135,16
-20.1939,-67.2311,209.797,4.4,24,65.0,1.806,0.8,us,8.71,2.868,0.134,16
51.7431,160.2115,10.0,4.4,15,126.0,2.058,1.31,us,11.5,1.93,0.162,11
-6.1344,129.9037,155.384,4.6,75,28.0,3.958,0.88,us,8.17,7.083,0.056,95
-7.3404,154.754,10.0,4.8,19,93.0,5.545,0.66,us,11.35,1.783,0.105,28
-28.3435,-69.177,102.507,4.6,94,42.0,1.433,0.64,us,6.68,6.161,0.046,141
1.6191,126.4763,44.813,4.7,82,72.0,3.249,0.93,us,7.36,5.781,0.073,56
-60.2981,-62.0072,10.0,4.6,21,126.0,4.591,0.58,us,9.02,1.89,0.129,19
28.4389,53.1078,10.0,4.0,16,168.0,4.447,1.0,us,9.29,1.971,0.144,13
-7.024,150.1524,10.0,4.8,45,99.0,3.281,0.78,us,10.47,1.878,0.079,49
52.1538,160.7119,27.022,4.6,27,178.0,1.53,0.56,us,11.59,6.86,0.114,23
38.2689,134.2584,408.78,4.0,98,36.0,3.581,0.72,us,9.33,7.719,0.059,86
-18.6469,-175.7455,278.959,4.4,29,135.0,5.134,0.51,us,15.27,8.591,0.097,31
39.2365,28.1235,10.0,4.3,30,63.0,0.961,0.7,us,4.43,1.892,0.129,17
-28.386,-176.6661,10.0,4.3,15,268.0,1.4,0.68,us,8.49,1.947,0.147,13
-17.8989,-172.9236,10.0,4.5,49,59.0,3.075,1.01,us,9.03,1.861,0.081,51
3.507,122.9115,546.35,4.3,50,50.0,2.813,0.66,us,12.37,8.755,0.083,41
-2.186,139.7404,27.907,4.5,46,79.0,1.016,0.89,us,6.19,5.366,0.09,36
13.8667,39.798,10.0,4.3,27,110.0,3.773,0.71,us,9.91,1.927,0.133,16
52.1008,160.2641,10.0,4.9,61,111.0,1.351,1.14,us,8.52,1.869,0.065,74
-13.9153,34.6102,10.0,4.6,36,65.0,6.363,0.71,us,9.78,1.9,0.125,19
52.5047,160.5991,24.004,4.6,54,131.0,1.293,0.61,us,10.63,6.104,0.084,43
6.131,126.5569,87.865,4.3,25,115.0,1.347,0.95,us,6.49,7.75,0.147,15
-47.2472,97.1715,10.0,4.4,13,108.0,18.027,0.28,us,14.74,1.955,0.17,10
50.8184,-172.9466,10.0,3.8,28,221.0,1.59,0.55,us,3.43,2.01,0.136,14
-13.5367,167.5465,10.0,4.5,26,134.0,1.928,1.17,us,9.79,1.898,0.118,21
7.6899,127.7952,10.0,4.4,21,128.0,2.283,0.87,us,6.75,1.877,0.134,17
50.3753,159.2399,10.0,4.3,26,126.0,2.677,0.51,us,8.64,1.795,0.129,17
9.3312,94.0146,14.446,4.5,48,64.0,5.568,0.89,us,10.38,4.525,0.09,36
24.0592,125.9035,10.0,5.1,51,119.0,1.557,0.95,us,8.12,1.858,0.064,78
-4.5098,-12.5439,10.0,4.5,39,79.0,3.85,0.55,us,11.68,1.886,0.099,30
50.9945,159.2193,10.0,4.5,65,123.0,2.062,0.74,us,8.67,1.89,0.058,88
51.6238,159.3358,38.135,4.1,45,138.0,1.464,0.62,us,10.94,8.027,0.086,37
-55.1928,-129.4491,10.0,4.6,16,67.0,30.758,0.75,us,17.7,1.877,0.165,11
17.2831,-60.1479,21.47,4.1,40,141.0,1.297,0.73,us,6.39,6.668,0.151,12
50.1435,157.2331,35.0,4.3,39,132.0,2.983,0.92,us,4.53,1.928,0.101,31
-3.8899,128.6862,59.38,4.7,66,42.0,1.368,0.54,us,7.18,7.762,0.078,50
14.3331,145.6178,108.467,4.3,19,91.0,0.911,0.95,us,7.62,7.148,0.153,12
-20.0164,-177.8375,597.013,4.1,20,208.0,13.955,0.64,us,18.37,12.156,0.131,16
-27.0266,-176.063,10.0,5.3,70,69.0,9.72,0.82,us,10.45,1.785,0.052,122
43.4049,155.14,10.0,4.5,33,147.0,8.932,0.74,us,9.82,1.927,0.132,17
-5.9877,150.798,35.0,4.1,16,149.0,2.244,0.6,us,8.01,1.718,0.175,10
36.0379,70.5999,112.628,4.1,19,93.0,1.935,0.78,us,4.83,9.258,0.158,11
-58.2784,148.7591,10.0,4.6,24,111.0,6.802,0.66,us,11.91,1.946,0.12,24
51.5494,159.4998,35.0,5.0,15,192.0,1.566,0.53,us,13.03,1.997,0.179,10
52.2735,160.504,29.755,4.3,23,157.0,1.357,1.2,us,7.69,6.527,0.138,15
52.5754,160.3722,39.839,4.3,26,121.0,1.138,1.27,us,10.86,8.172,0.148,16
49.1483,156.5494,35.0,4.2,14,194.0,4.031,0.59,us,13.37,1.96,0.236,6
18.3838,145.83,188.605,4.3,21,152.0,3.126,0.85,us,13.94,8.65,0.129,17
52.0941,160.4904,29.511,4.4,19,229.0,1.459,1.12,us,14.1,8.579,0.161,11
9.9483,125.767,63.711,4.4,34,120.0,2.866,0.65,us,13.5,4.398,0.107,25
-22.8674,171.6726,10.0,4.4,13,129.0,3.909,0.93,us,6.98,1.919,0.239,5
2.0049,126.9327,29.138,4.6,50,89.0,1.299,0.85,us,3.13,5.421,0.084,42
52.4946,160.8156,10.0,4.2,28,206.0,1.419,0.63,us,10.8,1.992,0.115,21
-0.0886,100.1054,10.0,4.6,38,152.0,2.883,1.0,us,8.43,1.91,0.114,27
51.338,159.159,37.534,4.6,19,92.0,1.717,1.0,us,9.88,9.212,0.141,15
50.9532,159.1082,19.859,4.3,37,130.0,2.093,1.13,us,10.34,5.429,0.098,29
-31.8604,-72.2391,21.935,4.2,25,200.0,1.09,1.18,us,4.21,6.434,0.236,5
1.2098,126.1823,58.906,4.1,25,104.0,1.261,0.95,us,5.68,5.557,0.131,18
52.5195,159.7031,16.375,6.3,29,121.0,0.815,0.67,us,9.45,5.247,0.116,29
52.7643,160.2606,35.0,4.2,69,145.0,1.01,0.55,us,9.16,1.954,0.063,72
-17.0648,167.9348,23.559,4.4,22,159.0,1.755,0.58,us,10.27,6.584,0.134,16
52.4269,160.957,10.0,4.4,29,134.0,1.525,0.8,us,11.86,1.919,0.105,26
-9.4642,155.6151,10.0,4.3,14,127.0,6.259,0.59,us,12.27,1.761,0.168,10
52.3333,160.5665,31.584,4.8,106,143.0,1.909,0.82,us,10.1,5.79,0.048,133
51.4077,159.3025,35.0,4.7,43,124.0,1.968,0.44,us,9.24,1.944,0.117,22
54.7831,160.2415,10.0,4.2,23,137.0,1.999,0.34,us,7.13,1.917,0.105,25
51.853,159.0741,35.0,4.3,48,134.0,1.201,0.72,us,10.68,1.942,0.063,72
12.813,125.6655,10.0,4.2,18,133.0,11.861,0.52,us,9.44,1.952,0.146,13
29.8542,138.7888,420.468,4.1,50,81.0,3.367,0.54,us,9.48,8.079,0.056,87
2.624,127.2715,49.74,4.5,51,74.0,1.842,0.88,us,7.01,7.421,0.096,32
53.6214,160.1364,62.434,4.5,122,111.0,1.074,0.61,us,9.53,6.568,0.052,109
52.648,160.4299,35.0,4.3,26,205.0,1.143,0.64,us,11.12,1.984,0.129,17
-60.9261,-62.1434,10.0,4.2,9,147.0,3.96,0.42,us,12.8,1.962,0.187,8
53.1638,160.0687,43.696,4.2,26,137.0,0.867,0.68,us,11.96,5.222,0.128,17
-32.6051,-178.3589,10.0,4.6,17,212.0,5.65,0.55,us,14.56,1.97,0.164,11
51.4789,159.4455,10.0,4.7,41,122.0,1.622,0.59,us,9.01,1.899,0.096,39
52.8627,159.4762,58.953,4.0,24,119.0,0.525,0.63,us,11.04,7.12,0.129,16
51.804,158.9139,35.0,4.5,24,125.0,1.232,0.76,us,9.39,1.952,0.124,19
51.0138,157.2677,83.555,4.6,69,127.0,2.115,0.59,us,9.62,7.173,0.039,193
12.703,144.2187,26.757,4.4,13,119.0,1.085,0.42,us,8.22,7.392,0.219,6
52.2161,159.5367,53.611,5.0,149,123.0,0.973,0.67,us,8.65,6.316,0.05,129
51.6292,158.6883,46.22,4.0,38,138.0,1.397,1.09,us,9.75,7.668,0.093,37
-5.2022,151.6993,117.783,4.5,62,70.0,0.947,0.79,us,9.51,7.65,0.079,47
4.0355,95.8857,69.373,4.3,24,158.0,1.589,0.68,us,9.63,8.0,0.154,15
2.5068,125.8306,128.173,4.2,26,62.0,2.239,0.49,us,9.92,7.508,0.125,18
34.9571,97.3443,10.0,4.3,41,138.0,5.279,0.66,us,11.96,1.898,0.085,39
2.1406,-95.5696,10.0,4.1,13,207.0,5.272,1.12,us,13.43,1.991,0.198,7
12.8638,48.7384,10.0,4.4,10,181.0,4.553,0.31,us,16.49,1.979,0.202,7
49.2109,156.415,35.0,4.1,17,138.0,3.985,0.68,us,8.11,1.894,0.184,10
50.1721,158.6943,24.951,4.4,27,138.0,2.855,0.69,us,11.35,5.649,0.13,17
48.8612,156.301,10.0,5.6,114,54.0,4.343,0.94,us,8.11,1.755,0.021,769
37.4258,21.5552,38.404,4.1,14,136.0,0.385,0.74,us,8.49,12.19,0.151,12
50.0824,158.8327,10.0,4.3,51,135.0,2.947,0.93,us,9.97,1.904,0.09,35
42.3166,142.9403,59.96,4.5,136,66.0,0.342,0.62,us,6.87,5.196,0.046,136
37.3274,70.006,10.0,5.0,80,58.0,1.487,0.71,us,5.54,1.82,0.049,134
51.874,159.7088,35.0,4.4,26,177.0,1.321,1.07,us,12.41,1.974,0.126,18
2.6414,126.6645,35.0,4.4,45,75.0,1.985,0.91,us,4.42,1.91,0.102,28
51.8297,-171.8469,49.484,3.7,47,196.0,1.499,1.0,us,11.52,10.916,0.089,32
52.6896,159.0092,61.378,4.2,22,137.0,0.399,0.95,us,11.51,3.895,0.115,21
52.9588,161.2059,10.0,4.3,18,138.0,1.546,0.95,us,9.67,1.872,0.188,10
-28.925,-71.4305,37.147,4.3,28,159.0,0.645,0.93,us,4.0,9.454,0.201,7
11.2248,124.0851,10.0,4.7,62,55.0,4.384,1.25,us,9.86,1.899,0.071,60
-30.2772,-179.524,299.918,4.2,27,176.0,7.486,0.73,us,15.77,11.158,0.11,23
-8.3941,148.9013,66.558,4.9,44,61.0,1.992,0.96,us,10.0,6.829,0.096,35
14.0639,-89.9381,10.0,4.8,62,60.0,0.222,0.39,us,4.3,1.818,0.045,155
-47.8535,116.5788,10.0,4.3,13,146.0,27.479,0.34,us,15.95,1.887,0.154,12
52.3091,160.0054,35.0,4.2,38,122.0,1.092,0.88,us,9.24,1.93,0.107,24
51.5757,-177.3094,59.129,3.8,50,183.0,0.192,0.65,us,5.4,7.752,0.086,35
1.5145,124.9711,177.068,4.0,22,83.0,0.149,0.85,us,7.82,4.271,0.156,11
37.4578,21.7777,10.0,4.3,24,127.0,0.302,0.52,us,4.69,1.904,0.154,12
-34.9169,-110.9538,10.0,4.4,30,173.0,30.194,0.73,us,11.1,1.838,0.103,27
-23.3228,-67.9044,156.468,4.3,40,88.0,0.447,0.67,us,5.82,4.997,0.097,30
-15.2084,-178.4429,414.974,4.3,65,52.0,2.454,0.89,us,11.74,6.437,0.045,142
-20.9296,-173.148,10.0,5.0,69,63.0,3.546,0.77,us,11.37,1.829,0.06,88
9.4541,93.9272,10.0,4.6,47,110.0,5.67,0.69,us,10.86,1.9,0.081,45
-18.6471,65.3925,10.0,4.7,55,73.0,2.206,0.69,us,11.95,1.874,0.082,45
29.2121,129.4659,10.0,4.3,25,123.0,2.443,0.91,us,8.51,1.912,0.129,17
48.8687,155.8315,40.029,4.3,33,135.0,4.406,0.32,us,12.12,8.231,0.099,29
-55.7298,-27.1808,79.904,5.1,33,57.0,5.549,0.7,us,12.79,2.074,0.138,17
43.2393,-126.9507,10.0,3.9,22,262.0,1.692,0.36,us,8.07,2.012,0.17,9
-47.851,116.3228,10.0,4.4,18,142.0,14.923,0.51,us,9.1,1.865,0.139,15
52.9982,159.8814,56.934,4.4,87,130.0,0.745,0.45,us,9.4,6.561,0.051,111
52.3338,160.1487,35.0,5.4,37,123.0,1.144,0.9,us,8.56,1.928,0.086,46
44.5994,149.1718,80.443,5.2,111,120.0,4.742,0.78,us,8.94,6.612,0.019,879
52.9804,161.3015,10.0,4.9,116,105.0,1.603,0.46,us,8.82,1.867,0.057,98
-17.9614,-178.9021,544.976,4.5,35,131.0,2.214,0.69,us,15.46,7.447,0.124,20
23.3055,-44.9733,10.0,4.7,87,132.0,19.929,0.43,us,14.07,1.912,0.063,76
-55.82,-27.8286,72.921,4.7,19,195.0,5.211,1.02,us,8.52,10.056,0.123,20
-17.8056,167.9699,30.735,4.4,16,165.0,2.458,0.61,us,10.26,7.187,0.162,11
52.2135,161.644,10.0,4.8,81,126.0,1.997,0.61,us,10.2,1.852,0.042,175
37.3113,142.1027,31.662,4.6,92,132.0,3.213,0.92,us,6.84,5.488,0.063,76
52.8834,160.4775,10.0,4.2,29,162.0,1.115,0.78,us,12.11,1.903,0.124,18
53.2351,161.1971,29.913,4.6,85,161.0,1.549,0.61,us,11.23,6.396,0.065,69
-41.0183,-91.0404,10.0,4.6,30,181.0,14.482,1.23,us,11.18,1.94,0.11,25
16.0999,96.4474,9.447,4.5,29,88.0,3.088,0.6,us,6.94,4.787,0.128,18
7.7349,136.7563,10.0,4.6,51,61.0,2.199,0.8,us,9.13,1.887,0.083,44
-6.768,106.6358,7.376,4.1,19,84.0,0.592,0.73,us,4.93,5.067,0.186,10
50.5716,159.2754,10.0,4.6,63,132.0,2.486,0.76,us,8.86,1.891,0.069,62
49.562,92.4647,10.0,5.4,94,83.0,5.469,0.87,us,8.22,1.856,0.029,408
3.8376,-76.5812,136.419,4.3,20,95.0,2.466,0.74,us,8.46,3.87,0.202,7
-2.3844,-79.0147,94.391,4.8,61,71.0,0.256,1.21,us,9.51,6.583,0.06,86
-24.0778,179.7929,535.224,4.1,47,121.0,6.507,0.92,us,13.83,8.768,0.086,40
39.3832,143.588,10.0,4.5,41,131.0,2.392,0.61,us,5.77,1.904,0.097,31
-15.0592,168.0246,10.0,4.7,25,216.0,0.882,1.04,us,8.21,1.92,0.133,19
53.4249,-161.7561,21.608,4.4,66,153.0,1.585,0.76,us,5.05,4.985,0.072,56
39.2627,143.8722,35.0,4.9,26,185.0,2.64,1.08,us,5.85,1.958,0.112,25
-23.4418,170.7281,10.0,4.4,17,117.0,3.133,0.79,us,8.3,1.725,0.17,10
3.9851,125.0875,8.304,4.5,20,116.0,0.839,0.51,us,6.59,3.78,0.163,11
-24.4566,-179.4699,478.47,4.6,18,144.0,7.067,0.47,us,12.06,12.502,0.105,27
-45.3527,97.3138,10.0,4.4,11,157.0,22.154,0.24,us,9.58,1.933,0.189,8
13.2819,95.8494,20.36,4.3,18,103.0,3.365,0.3,us,10.01,5.877,0.169,11
16.9906,-94.3742,118.476,4.5,55,119.0,0.392,1.12,us,7.34,5.344,0.042,165
6.9246,-73.0749,152.487,4.0,37,160.0,2.409,0.71,us,9.66,7.378,0.1,27
58.9973,-30.7819,10.0,4.5,76,52.0,7.291,0.46,us,9.14,1.89,0.069,61
51.1538,159.6239,10.0,5.0,75,125.0,1.966,0.74,us,8.36,1.867,0.043,174
40.6716,47.9972,10.0,4.4,27,79.0,1.63,0.58,us,4.92,1.921,0.112,23
-12.0045,166.5348,143.24,4.9,58,63.0,6.957,0.64,us,10.14,4.116,0.072,61
24.6798,94.7389,93.408,4.9,80,49.0,5.602,0.94,us,8.61,5.744,0.054,110
8.9268,93.8553,10.0,4.7,47,77.0,4.786,0.62,us,10.05,1.876,0.085,42
7.4181,127.2014,12.696,4.2,27,132.0,1.646,0.69,us,11.3,4.935,0.11,23
51.4567,159.451,33.883,4.5,37,167.0,1.645,0.72,us,10.4,7.074,0.089,37
-18.8542,65.4124,10.0,4.6,72,63.0,2.127,0.39,us,11.13,1.852,0.071,63
10.9381,124.1069,10.0,4.3,29,117.0,14.503,0.67,us,13.35,1.904,0.116,21
-21.0683,-68.9398,114.043,4.7,98,46.0,0.512,0.83,us,5.16,5.146,0.034,278
-58.8943,-25.6228,35.0,4.5,27,78.0,20.258,0.85,us,14.82,1.952,0.102,28
-15.8408,178.5631,10.0,4.5,17,221.0,1.001,0.55,us,7.07,1.97,0.15,13
4.412,96.5767,10.0,4.6,37,65.0,0.891,1.16,us,5.53,1.706,0.103,29
29.2812,129.4483,10.0,4.3,30,110.0,2.384,0.62,us,7.82,1.917,0.125,18
7.6856,-82.2567,10.0,4.6,41,248.0,2.676,0.79,us,9.75,2.004,0.046,141
50.0851,158.3609,26.091,4.0,24,134.0,2.948,0.79,us,12.05,6.181,0.134,15
5.2524,126.2661,87.126,4.3,37,88.0,0.939,0.62,us,6.65,6.07,0.122,24
-4.8916,152.2379,58.116,4.6,34,126.0,0.618,0.6,us,9.16,7.439,0.109,25
-24.3338,-67.2404,157.946,4.1,28,91.0,1.623,0.96,us,9.78,8.792,0.123,18
48.6505,157.5813,10.0,4.6,89,134.0,4.43,0.82,us,9.06,1.854,0.054,102
49.0849,158.0317,10.0,4.5,43,138.0,3.963,1.12,us,11.81,1.883,0.089,37
51.9306,158.996,73.984,4.6,30,166.0,1.115,0.66,us,11.57,7.445,0.089,38
53.1257,160.914,45.809,4.1,27,147.0,1.37,1.22,us,10.62,7.332,0.139,16
51.9413,-173.6963,40.976,3.8,50,113.0,0.404,1.02,us,6.29,6.605,0.111,21
31.8067,48.4667,10.0,4.0,20,225.0,3.864,0.74,us,13.52,2.011,0.138,14
37.6763,141.7939,61.973,4.3,15,161.0,3.081,0.36,us,8.64,10.481,0.237,5
-57.7983,157.68,10.0,4.4,34,102.0,3.383,1.01,us,12.02,1.927,0.104,27
37.992,22.1357,10.0,4.3,16,99.0,0.829,0.91,us,4.05,1.956,0.217,6
-24.2265,179.8845,524.107,4.4,32,195.0,6.672,0.67,us,19.08,17.069,0.091,35
52.3745,160.2524,35.0,4.3,32,143.0,1.172,1.07,us,9.83,1.961,0.113,22
-20.2638,-178.4018,594.8,4.3,55,97.0,4.187,0.88,us,14.62,7.648,0.066,67
49.1029,156.2714,35.486,4.5,111,136.0,4.11,0.65,us,10.19,5.682,0.056,98
52.2902,160.5002,10.0,4.9,34,67.0,1.345,0.62,us,6.96,1.854,0.122,21
51.6024,160.128,10.0,4.1,19,170.0,2.12,0.81,us,8.88,1.969,0.14,14
-32.1903,-178.7721,27.978,4.9,30,130.0,5.872,0.45,us,15.31,6.456,0.106,28
19.9906,145.5086,10.0,4.1,32,148.0,4.731,0.52,us,15.69,1.866,0.114,21
29.1121,129.2889,10.0,4.5,16,129.0,2.439,0.74,us,7.85,1.919,0.205,7
-57.2637,-66.5438,10.0,4.5,18,129.0,2.415,0.73,us,13.66,1.952,0.144,14
-35.5235,-179.3541,10.0,4.8,29,202.0,2.773,0.47,us,8.89,1.833,0.118,22
-6.1833,142.3374,10.0,5.2,54,60.0,2.906,0.75,us,5.54,1.64,0.061,89
47.4456,151.085,197.946,4.2,103,122.0,5.694,0.4,us,11.17,7.61,0.052,107
51.6833,159.3075,35.0,5.3,143,114.0,1.402,0.79,us,7.75,1.894,0.03,375
29.3086,129.2135,10.0,5.0,50,87.0,2.441,1.07,us,6.84,1.895,0.096,35
39.5125,143.5374,10.0,4.3,23,174.0,2.284,0.52,us,8.87,1.968,0.178,9
36.5174,140.8431,64.774,4.2,16,167.0,2.122,0.64,us,6.19,13.895,0.235,5
39.5326,143.497,10.0,4.3,30,141.0,2.247,1.03,us,8.95,1.905,0.133,16
5.2649,126.0,92.709,4.2,31,110.0,0.741,0.51,us,5.57,6.851,0.11,23
9.2948,93.9639,10.0,4.6,84,49.0,5.007,0.53,us,9.67,1.856,0.067,66
52.611,160.5691,10.0,5.0,81,134.0,1.236,0.91,us,10.72,1.887,0.037,235
-16.1467,-72.0309,116.035,4.4,28,126.0,2.738,1.01,us,7.96,9.54,0.139,15
-16.1285,-172.9926,10.0,3.9,13,74.0,2.498,0.87,us,4.72,1.942,0.296,3
27.1384,-44.6813,10.0,4.4,18,153.0,18.136,0.94,us,12.35,1.916,0.179,11
49.6388,92.7261,10.0,4.3,25,111.0,5.655,0.79,us,8.38,1.885,0.133,16
-6.2166,146.6114,63.989,4.6,36,73.0,3.214,0.94,us,5.16,8.063,0.107,26
28.8809,49.8132,10.0,4.1,24,212.0,6.921,0.75,us,12.33,2.003,0.157,11
-6.261,155.0497,132.382,4.6,60,67.0,3.534,0.7,us,9.1,3.903,0.053,105
4.118,126.796,30.662,4.4,39,113.0,1.448,0.99,us,8.99,5.887,0.095,32
16.8875,-94.4426,112.745,4.1,57,112.0,0.514,0.84,us,4.92,7.248,0.059,78
52.8466,161.1368,22.918,4.8,38,110.0,7.863,0.61,us,14.01,5.804,0.105,28
64.5546,-39.8105,10.0,4.2,25,127.0,4.266,0.71,us,9.42,1.926,0.125,19
26.2258,142.9997,10.0,4.4,47,138.0,1.133,0.95,us,10.83,1.91,0.089,36
32.4076,141.7538,10.0,4.6,63,124.0,1.78,0.62,us,8.24,1.881,0.079,48
51.9173,90.6931,10.0,4.5,58,53.0,4.095,1.26,us,9.4,1.919,0.053,104
-61.2144,-36.2321,10.0,4.6,24,74.0,6.952,0.53,us,9.71,1.577,0.133,17
-17.9339,-178.1592,583.455,4.1,17,136.0,2.77,0.61,us,23.98,21.853,0.157,13
-55.3315,-27.9668,26.371,4.6,45,58.0,5.04,0.92,us,11.84,4.892,0.099,35
-57.6584,157.6936,10.0,4.3,19,142.0,3.244,0.81,us,13.45,1.941,0.168,10
50.2323,159.6843,10.0,4.3,40,135.0,2.868,0.68,us,7.86,1.715,0.098,29
-6.2054,151.528,10.0,5.0,66,59.0,2.099,0.9,us,8.78,1.856,0.048,138
14.0683,145.0286,125.511,4.6,86,123.0,1.374,0.48,us,11.54,6.508,0.063,76
-3.0414,135.9861,63.734,4.2,18,104.0,1.495,0.65,us,8.36,10.527,0.142,14
-58.6924,-22.8409,10.0,4.4,17,105.0,15.362,0.72,us,12.96,1.837,0.143,14
38.736,23.6024,10.0,4.3,26,45.0,1.615,0.89,us,4.6,1.881,0.129,17
51.3009,158.1844,57.224,4.0,14,231.0,1.749,0.83,us,13.81,10.051,0.164,10
7.0448,126.811,89.635,4.8,68,109.0,1.223,0.62,us,9.13,6.936,0.073,57
30.2332,103.1203,10.0,4.3,35,92.0,5.515,0.69,us,9.03,1.908,0.109,24
24.6278,94.8742,109.15,4.4,53,126.0,3.406,0.76,us,9.67,8.81,0.085,40
52.2423,160.7205,30.895,4.2,15,142.0,1.485,0.95,us,12.14,6.915,0.147,14
-17.8259,-178.7257,591.26,4.3,44,103.0,2.261,0.64,us,13.76,9.118,0.09,35
1.427,127.3958,82.03,4.3,30,131.0,3.801,0.72,us,14.91,6.423,0.102,27
-10.9261,160.9603,10.0,4.4,18,194.0,1.783,0.75,us,11.51,1.919,0.131,17
37.2817,-24.4706,10.0,4.6,71,56.0,0.966,0.83,us,7.78,1.857,0.051,117
52.3294,160.7829,10.0,4.5,65,123.0,1.473,0.65,us,10.52,1.924,0.064,73
52.6923,160.9851,10.0,4.2,24,198.0,1.454,0.82,us,10.88,1.994,0.117,20
-24.0538,-70.8704,24.27,4.2,17,188.0,0.611,0.92,us,3.27,6.542,0.216,6
-3.802,101.8076,58.101,4.8,90,89.0,1.272,0.56,us,7.31,7.344,0.064,75
50.7225,157.9712,35.0,4.8,52,135.0,2.342,0.72,us,10.32,1.936,0.094,35
4.9352,126.1089,97.282,4.3,23,115.0,0.659,0.81,us,8.85,7.784,0.148,15
-8.9108,124.0705,106.559,4.4,19,134.0,0.861,0.71,us,7.32,7.173,0.134,16
-5.7931,149.2529,125.323,4.8,55,63.0,3.132,0.52,us,9.55,6.798,0.055,104
52.9813,161.0013,10.0,4.9,59,145.0,1.422,1.08,us,9.87,1.913,0.084,45
44.0448,-28.3804,10.0,4.5,59,121.0,6.637,0.42,us,11.25,1.898,0.064,72
51.0066,158.1956,35.0,4.2,25,122.0,2.039,0.73,us,12.54,1.934,0.128,18
-3.0498,-80.2418,52.291,4.2,32,123.0,1.099,0.92,us,6.73,11.154,0.118,20
52.5732,160.7526,10.0,4.5,61,118.0,1.354,0.95,us,6.99,1.586,0.043,161
-33.6203,-71.1431,70.839,4.0,26,64.0,0.202,0.37,us,2.31,4.152,0.182,8
-8.3468,119.7327,174.306,4.8,31,60.0,1.427,0.61,us,6.11,7.53,0.116,23
52.3877,161.6361,10.0,4.5,93,120.0,1.925,0.5,us,6.83,1.87,0.057,91
-3.1328,130.8965,10.0,4.5,26,55.0,1.367,1.09,us,5.64,1.892,0.104,27
-24.2027,-179.7977,508.257,4.5,51,117.0,6.732,0.72,us,13.07,7.89,0.087,39
44.144,86.7402,10.0,4.2,25,217.0,3.568,1.23,us,4.83,1.985,0.186,8
49.1581,156.213,26.728,4.8,164,50.0,4.065,0.56,us,7.69,4.226,0.043,169
-19.1644,-177.4381,571.812,4.3,28,89.0,4.047,1.25,us,15.96,10.942,0.133,17
52.0518,159.8465,54.657,4.3,21,228.0,1.217,0.88,us,8.86,8.923,0.154,12
2.8162,-101.4942,10.0,4.4,37,154.0,11.01,0.7,us,11.29,1.923,0.096,31
1.0484,127.0165,42.602,4.9,109,59.0,0.445,0.62,us,5.71,5.626,0.06,88
52.2453,-168.4568,10.0,3.6,39,188.0,0.767,0.7,us,3.63,1.954,0.158,11
-36.8097,-74.0136,21.718,4.1,25,181.0,2.343,0.52,us,9.19,8.723,0.233,5
48.9497,155.8422,35.0,4.2,27,142.0,4.326,0.43,us,6.0,1.951,0.132,16
-23.0609,-68.8495,103.357,4.1,22,66.0,0.627,0.72,us,4.91,4.662,0.165,10
6.8252,127.2307,10.0,4.3,23,107.0,1.658,0.84,us,8.25,1.931,0.142,19
51.3075,159.2253,52.424,4.5,14,241.0,1.755,1.01,us,12.94,10.18,0.192,8
42.7471,146.4196,35.0,4.0,20,134.0,2.525,1.02,us,7.4,1.662,0.144,13
79.1448,3.5506,10.0,4.2,24,125.0,1.622,1.11,us,9.42,1.862,0.128,17
51.0628,159.7329,10.0,4.5,28,130.0,2.074,0.68,us,9.56,1.793,0.131,17
-5.7436,153.0613,10.0,4.7,32,139.0,1.783,0.61,us,9.25,1.914,0.11,25
52.6761,160.5156,10.0,4.3,35,174.0,1.184,1.07,us,11.01,1.959,0.104,26
49.2759,158.6892,10.0,4.4,44,130.0,3.753,0.66,us,10.1,1.915,0.095,32
-23.7781,179.867,539.321,4.4,21,133.0,6.238,0.72,us,15.68,11.43,0.138,20
31.6052,132.103,44.002,4.5,47,88.0,1.412,0.99,us,6.48,6.712,0.099,30
-26.9364,179.1625,540.765,4.3,33,129.0,10.619,0.37,us,15.96,11.09,0.102,27
51.3512,159.5502,10.0,4.4,28,128.0,1.764,1.16,us,9.86,1.914,0.107,25
-33.5996,-178.5892,15.196,5.2,70,112.0,4.693,0.89,us,10.76,4.337,0.075,61
52.3669,160.7748,10.0,5.1,151,123.0,1.451,0.73,us,8.2,1.864,0.028,410
46.8926,144.711,382.102,4.2,54,119.0,1.338,0.64,us,12.56,7.46,0.058,83
53.0707,159.9801,51.152,4.6,49,117.0,0.804,0.94,us,10.08,7.676,0.066,68
18.8687,145.8904,229.981,3.9,14,176.0,3.609,0.57,us,18.23,12.105,0.171,9
4.1839,96.1333,85.71,4.2,28,138.0,1.317,0.51,us,9.37,6.902,0.124,18
-3.2157,150.7963,10.0,4.9,87,71.0,1.637,0.83,us,7.6,1.862,0.064,76
9.5382,94.0096,10.0,4.5,27,135.0,5.602,0.78,us,11.06,1.94,0.128,18
50.4145,160.001,10.0,4.1,18,241.0,2.744,0.43,us,11.83,1.995,0.174,9
70.9686,-6.7652,10.0,4.2,83,47.0,0.571,0.61,us,6.14,1.9,0.07,57
53.2463,160.8246,35.0,4.2,21,193.0,1.329,0.89,us,8.86,1.99,0.141,14
53.42,161.6344,10.0,4.5,51,112.0,1.838,0.92,us,8.83,1.88,0.093,34
54.4357,-160.1583,20.875,5.2,182,57.0,0.516,0.63,us,6.23,4.556,0.034,286
52.2378,160.6673,10.0,4.8,46,123.0,1.46,1.19,us,9.77,1.893,0.075,55
29.296,129.2675,10.0,4.4,35,78.0,2.432,0.73,us,6.01,1.602,0.114,22
49.1823,157.8409,10.0,4.3,32,136.0,3.88,0.88,us,10.35,1.887,0.114,23
52.2113,160.5807,10.0,4.4,18,124.0,1.431,1.13,us,9.73,1.864,0.12,20
-49.3328,124.9223,10.0,4.2,15,139.0,17.364,0.32,us,14.38,1.95,0.141,14
52.3976,160.7673,10.0,5.0,93,119.0,1.433,1.06,us,8.28,1.872,0.028,413
34.1626,73.6281,10.0,4.4,22,153.0,4.243,1.08,us,10.66,1.926,0.143,14
3.0436,-31.2907,10.0,4.6,79,48.0,9.942,0.49,us,11.11,1.86,0.066,71
50.6857,157.0186,64.782,4.3,49,135.0,2.463,0.48,us,11.1,7.612,0.094,32
52.8444,160.797,10.0,4.1,18,137.0,1.312,1.21,us,8.32,1.935,0.198,8
-35.3807,-105.7786,10.0,5.0,64,143.0,8.772,1.0,us,12.2,1.893,0.073,60
52.0653,160.4067,10.0,4.8,75,150.0,1.439,1.06,us,5.83,1.912,0.047,143
-13.1696,167.1462,207.973,4.6,61,134.0,7.833,0.77,us,9.73,4.758,0.067,66
-43.7903,-16.0949,10.0,4.6,26,144.0,7.306,0.71,us,10.57,1.855,0.111,25
-49.5905,164.4033,18.022,4.3,25,133.0,3.656,0.99,us,9.47,4.775,0.188,8
40.8351,143.0935,35.339,4.1,20,153.0,1.18,0.99,us,5.5,6.447,0.214,7
44.6235,149.4554,35.0,4.2,43,144.0,4.946,0.8,us,11.62,1.947,0.093,32
29.3483,130.5906,42.233,4.5,43,108.0,2.157,0.64,us,6.79,8.102,0.097,31
-57.1832,-67.2854,10.0,4.8,36,133.0,2.265,0.58,us,12.78,1.937,0.093,36
51.1324,159.1921,29.392,4.4,64,125.0,1.923,0.64,us,9.12,5.696,0.081,44
21.0837,121.9257,10.0,4.8,117,78.0,1.896,0.73,us,2.31,1.839,0.049,127
-3.9403,99.2707,10.0,4.3,19,158.0,3.699,0.55,us,13.86,1.943,0.153,12
-6.8749,125.3117,520.733,4.5,91,39.0,3.043,0.45,us,10.46,8.24,0.07,61
36.2044,-33.775,10.0,4.5,23,128.0,6.785,1.35,us,13.35,1.935,0.121,20
23.7742,123.5196,38.659,4.1,23,129.0,0.832,0.93,us,5.06,8.964,0.197,9
52.8794,160.8061,10.0,4.5,39,173.0,1.312,1.33,us,6.3,1.946,0.099,30
39.2265,28.1034,10.0,4.2,34,69.0,0.944,0.47,us,3.91,1.932,0.159,11
-21.8007,179.5498,604.428,4.2,26,97.0,4.274,0.64,us,15.66,8.308,0.108,28
29.0741,129.6197,10.0,4.5,29,130.0,2.528,0.94,us,7.82,1.907,0.145,14
-30.6302,-178.047,47.093,4.9,30,128.0,1.368,0.86,us,12.94,9.031,0.104,29
-24.7768,-177.3032,152.542,4.4,16,175.0,4.501,0.79,us,12.88,9.646,0.204,10
34.8982,23.3599,46.752,4.4,84,95.0,2.555,0.85,us,9.14,7.678,0.064,73
17.2184,-101.3678,10.0,4.2,37,210.0,1.512,1.0,us,6.42,1.631,0.093,33
-2.0568,138.9706,35.0,4.2,26,78.0,0.965,0.67,us,5.49,1.918,0.121,19
-10.5971,120.1706,10.0,4.2,26,83.0,0.931,0.92,us,4.68,1.896,0.136,15
-10.457,-78.8393,28.861,4.3,26,157.0,2.48,0.58,us,6.09,6.421,0.142,14
19.8745,121.273,25.101,4.6,40,105.0,2.934,0.99,us,9.19,6.324,0.111,24
35.1996,139.0416,10.0,4.3,28,127.0,1.436,0.49,us,6.03,1.909,0.148,13
6.0455,127.1669,89.782,4.7,32,117.0,1.877,0.5,us,6.57,5.652,0.13,20
-14.9634,166.5495,10.0,4.5,30,60.0,0.793,1.08,us,7.49,1.905,0.115,22
51.2104,159.6003,10.0,4.6,32,155.0,1.908,0.99,us,7.65,1.938,0.114,26
-41.223,80.6611,10.0,4.5,22,115.0,25.978,0.76,us,13.48,1.911,0.132,19
9.2728,-84.1423,45.043,4.5,79,133.0,0.485,0.58,us,7.99,8.836,0.062,77
45.7091,26.5334,127.609,4.2,29,70.0,0.467,0.74,us,8.12,6.673,0.152,12
-28.9279,-176.8872,10.0,4.5,24,108.0,9.502,1.09,us,13.84,1.912,0.115,22
52.1503,161.3615,10.0,4.3,18,189.0,1.871,0.54,us,13.07,1.967,0.142,14
4.3115,127.6385,124.434,4.1,19,118.0,2.193,0.46,us,12.65,9.114,0.184,10
51.7686,159.5178,10.0,4.6,36,122.0,1.365,1.33,us,6.5,1.9,0.125,29
-24.5984,-175.9865,35.0,5.0,36,127.0,4.955,0.74,us,10.55,1.868,0.054,115
15.7411,-98.2903,10.0,4.2,92,225.0,0.667,1.4,us,2.89,1.977,0.055,93
50.5404,160.2637,10.0,4.3,34,127.0,2.681,0.94,us,9.95,1.909,0.108,24
52.4163,160.7465,10.0,4.3,14,166.0,1.413,0.86,us,14.09,1.911,0.201,7
-55.3038,-26.8856,10.0,5.0,40,106.0,5.649,0.51,us,12.93,1.867,0.1,32
-22.9083,179.1543,576.789,4.4,21,178.0,5.24,0.46,us,19.39,15.474,0.12,20
41.5672,142.1152,59.846,4.3,84,122.0,0.898,0.74,us,6.58,7.974,0.065,67
52.182,160.3766,10.0,4.2,43,146.0,1.349,0.83,us,9.51,1.914,0.093,32
-58.7722,-25.3301,33.942,5.1,66,69.0,15.843,1.02,us,10.87,5.665,0.068,69
-2.1326,139.0342,35.0,5.0,42,56.0,1.011,0.63,us,5.4,1.866,0.06,88
-23.8486,179.9188,533.147,4.2,36,121.0,6.319,0.59,us,13.57,9.668,0.098,29
24.8149,-107.3051,10.0,4.2,60,201.0,1.748,1.09,us,6.53,1.972,0.06,78
-29.8167,-71.7071,15.937,4.3,34,145.0,0.42,0.88,us,4.0,1.788,0.16,11
-23.8661,-67.9349,117.756,4.5,23,54.0,0.937,1.43,us,6.9,6.511,0.131,17
-30.9493,-69.4723,108.987,4.7,61,31.0,0.908,0.63,us,4.74,5.577,0.076,52
51.5321,159.5113,20.719,4.9,78,127.0,1.585,1.31,us,8.37,5.338,0.043,167
32.5133,137.4909,379.239,4.3,103,69.0,2.046,0.74,us,8.97,8.022,0.06,78
49.9338,157.562,10.0,4.8,76,116.0,3.168,1.17,us,8.21,1.861,0.026,469
12.9136,121.1533,122.525,4.4,55,108.0,7.26,0.69,us,9.23,7.42,0.084,40
-43.0243,-76.2962,10.0,4.4,16,240.0,2.923,0.95,us,9.31,2.004,0.179,9
51.8718,158.3396,43.391,4.4,38,124.0,1.169,0.76,us,10.16,7.663,0.088,37
-6.9438,127.6592,278.859,4.2,33,66.0,4.366,0.56,us,8.64,10.597,0.132,17
52.8658,160.7459,35.0,4.2,20,165.0,1.278,0.72,us,11.35,1.977,0.146,13
-8.0884,148.55,44.315,4.9,69,123.0,1.897,0.87,us,7.89,5.964,0.06,88
15.1323,-94.5367,33.637,4.0,35,172.0,1.642,0.95,us,7.09,10.808,0.134,15
6.3683,126.3743,95.618,4.5,50,112.0,1.053,0.94,us,6.28,6.793,0.081,44
9.2376,93.7811,10.0,4.4,18,200.0,5.786,1.07,us,13.87,1.96,0.17,11
-16.0175,-177.2411,429.605,4.4,67,111.0,3.287,0.96,us,14.44,7.336,0.077,49
50.4259,159.1208,10.0,4.3,43,133.0,2.618,0.8,us,8.19,1.703,0.097,30
-27.3008,-69.956,97.164,4.2,19,138.0,0.359,0.86,us,3.49,6.199,0.306,3
24.7847,121.6803,55.785,4.1,24,58.0,0.251,1.04,us,4.21,4.8,0.174,9
-15.0451,167.7254,121.813,4.1,18,219.0,0.643,0.81,us,12.94,6.988,0.158,11
51.6034,160.0568,35.0,4.6,17,226.0,1.664,0.58,us,14.11,1.989,0.193,8
-25.9286,-178.7886,351.602,4.4,44,126.0,8.655,1.02,us,13.29,7.664,0.095,34
18.1211,40.2081,10.0,4.4,36,125.0,5.349,0.7,us,8.15,1.947,0.112,23
8.9149,-82.9581,10.0,4.4,19,209.0,1.32,0.92,us,9.54,1.998,0.143,14
29.3167,129.4731,10.0,4.5,49,111.0,2.343,0.9,us,8.0,1.89,0.074,53
-11.4509,166.1904,79.012,4.2,19,146.0,4.092,0.48,us,12.23,8.462,0.153,12
-57.2189,-67.2903,10.0,5.1,67,124.0,2.3,1.2,us,8.51,1.882,0.065,76
4.3155,128.4471,10.0,4.4,26,107.0,2.988,0.46,us,8.68,1.904,0.144,15
-33.1994,-179.7336,116.454,4.1,18,248.0,4.638,1.03,us,15.6,11.997,0.139,14
6.7319,-72.9942,168.406,4.3,43,86.0,2.293,0.7,us,9.69,7.438,0.075,51
52.4647,160.4842,10.0,4.4,28,176.0,1.248,0.77,us,11.44,1.958,0.118,25
50.1171,158.5604,18.252,4.2,19,134.0,2.911,0.5,us,12.26,5.574,0.159,11
-0.677,123.2858,10.0,4.3,33,66.0,2.618,0.84,us,6.6,1.926,0.109,24
1.1085,125.58,79.47,4.3,32,83.0,0.811,0.9,us,5.62,7.97,0.129,17
7.1849,126.7605,82.936,4.3,30,131.0,1.178,0.58,us,11.01,3.278,0.119,20
51.2873,174.8322,10.0,4.5,62,207.0,1.514,0.92,us,8.35,1.953,0.044,151
9.1818,93.7574,10.0,4.6,72,94.0,5.043,0.66,us,8.53,1.88,0.076,52
-55.3509,-27.9525,10.0,4.8,44,70.0,5.051,0.73,us,10.81,1.803,0.094,35
52.2983,160.3072,38.378,4.8,73,117.0,1.243,0.77,us,8.83,6.907,0.038,217
40.7378,143.859,10.0,4.3,31,134.0,2.123,0.69,us,8.2,1.913,0.138,15
-25.7952,-176.9375,101.106,4.8,37,100.0,9.263,0.89,us,12.33,8.958,0.107,27
52.8886,160.7292,10.0,4.6,38,133.0,1.265,1.15,us,12.82,1.921,0.077,50
51.6371,159.4358,35.0,4.2,13,155.0,1.47,1.14,us,9.9,1.984,0.199,7
-6.1652,151.4946,10.0,4.6,36,86.0,5.367,0.74,us,13.16,1.93,0.094,45
52.3085,159.9557,61.245,4.8,46,137.0,1.59,0.85,us,10.83,6.905,0.092,36
49.8346,156.5585,35.0,4.5,53,133.0,3.355,0.74,us,7.86,1.663,0.064,72
53.0853,160.8313,33.238,4.2,33,162.0,1.318,0.7,us,5.54,7.832,0.11,23
51.5437,159.2549,35.0,4.7,86,134.0,1.528,0.83,us,8.58,1.899,0.047,138
2.6561,128.3261,196.285,4.1,30,114.0,3.511,1.25,us,11.58,8.601,0.117,20
-5.3713,131.2815,61.865,5.0,72,33.0,1.611,0.8,us,6.89,5.389,0.068,69
-30.7154,-71.436,45.905,4.6,36,99.0,0.176,0.79,us,4.57,3.986,0.151,13
-0.2339,125.8821,54.642,4.6,60,40.0,1.789,0.77,us,6.51,5.28,0.067,68
-22.9693,170.5406,10.0,4.3,21,112.0,2.877,0.82,us,8.99,1.942,0.154,15
44.1832,-129.2613,10.0,4.2,60,205.0,1.828,0.6,us,9.55,1.969,0.086,38
18.2699,145.4569,493.731,4.0,29,98.0,3.029,0.52,us,17.63,11.59,0.106,24
-22.7312,-174.6101,10.0,4.8,53,121.0,5.691,0.78,us,10.61,1.87,0.083,45
5.11,125.2351,10.0,5.1,55,48.0,0.446,1.06,us,5.14,1.878,0.089,41
52.4104,160.2854,35.0,4.4,43,122.0,1.169,1.17,us,8.89,1.938,0.09,35
17.5648,145.5746,176.024,4.3,16,103.0,2.32,0.67,us,10.44,9.292,0.153,13
17.2807,146.0672,123.471,4.4,104,76.0,2.046,0.71,us,11.05,7.86,0.055,96
51.5151,157.7795,90.253,4.5,58,131.0,1.596,0.64,us,6.67,7.822,0.057,91
-23.6315,-179.0609,393.102,4.1,29,116.0,6.45,0.81,us,9.17,7.784,0.117,20
53.1908,160.549,32.869,4.5,31,134.0,1.157,0.72,us,13.12,6.497,0.131,17
-59.7085,-22.5681,15.076,4.6,22,107.0,14.378,0.33,us,15.21,4.708,0.136,16
48.9808,156.1301,35.0,4.3,29,138.0,4.25,0.86,us,6.13,1.937,0.129,18
29.689,129.9032,78.512,4.7,62,119.0,1.875,0.85,us,7.87,7.325,0.046,140
49.8334,155.8118,64.365,4.7,77,132.0,3.485,0.59,us,3.9,6.798,0.035,251
52.3142,159.1879,82.068,4.1,23,137.0,0.782,0.97,us,10.47,7.116,0.131,18
52.2595,160.4218,34.082,4.9,117,130.0,1.323,0.7,us,8.79,4.307,0.042,179
52.441,160.4984,10.0,4.3,16,209.0,1.266,0.77,us,10.03,1.999,0.147,13
6.5236,-76.2637,10.0,4.9,64,86.0,2.553,1.1,us,7.21,1.883,0.031,319
-8.1252,123.9131,163.011,4.2,22,92.0,1.657,0.87,us,8.28,5.919,0.124,18
38.3527,74.3233,137.271,4.2,26,120.0,0.231,0.48,us,8.11,9.68,0.159,11
53.4484,160.0918,66.229,4.4,93,127.0,0.966,0.64,us,9.94,6.806,0.061,81
-39.0242,175.7827,125.573,4.9,36,63.0,0.041,1.15,us,4.66,6.023,0.129,21
-10.9716,165.9331,71.837,4.6,28,144.0,6.085,0.45,us,13.27,8.761,0.116,22
51.7563,160.359,10.0,4.4,16,218.0,1.645,1.13,us,6.02,1.982,0.22,7
44.1613,17.5248,10.0,3.7,22,78.0,0.636,0.53,us,4.62,1.942,0.356,2
-28.8158,-178.8556,309.828,4.4,20,130.0,9.04,1.02,us,13.85,9.008,0.134,17
51.381,159.7404,10.0,4.4,35,137.0,1.777,1.12,us,9.9,1.856,0.109,24
50.8267,160.273,10.0,4.5,141,133.0,2.418,0.68,us,8.29,1.894,0.035,235
52.1052,160.3138,10.0,4.7,73,124.0,1.37,0.97,us,9.18,1.887,0.064,74
-21.2858,-173.7157,10.0,4.6,28,162.0,7.565,0.71,us,14.19,1.915,0.114,23
49.4228,157.9117,10.0,4.4,83,122.0,3.635,0.8,us,8.9,1.885,0.064,71
50.8062,157.5224,58.241,4.1,28,126.0,2.308,0.78,us,9.89,6.657,0.14,15
-6.2751,151.9757,10.0,4.4,36,151.0,1.956,1.0,us,9.99,1.898,0.112,23
51.7947,158.3571,63.946,4.5,94,124.0,1.244,0.63,us,9.93,6.916,0.049,122
38.7303,141.8769,69.795,4.4,41,142.0,2.15,0.62,us,6.56,7.742,0.112,23
39.6231,143.2121,10.0,4.7,39,178.0,2.015,0.59,us,7.13,1.925,0.106,27
-57.7559,157.4226,10.0,4.2,16,141.0,3.374,0.7,us,8.47,1.957,0.136,15
52.2336,160.0326,52.276,4.3,29,138.0,1.669,0.94,us,11.18,7.893,0.108,24
11.0423,123.8836,10.0,4.5,53,73.0,4.288,0.53,us,8.89,1.839,0.088,38
21.9665,143.3306,246.715,4.0,20,143.0,5.212,0.34,us,15.89,10.158,0.13,16
0.7147,-26.0178,10.0,4.9,87,93.0,11.815,0.49,us,9.41,1.328,0.063,80
49.3278,155.3228,64.897,4.6,74,134.0,4.069,0.6,us,10.09,7.285,0.045,148
36.4699,70.9099,200.933,4.7,76,64.0,2.227,0.93,us,7.68,6.112,0.047,136
35.3936,22.9898,60.234,4.4,52,94.0,1.978,0.96,us,3.28,6.661,0.09,37
23.4679,125.3959,10.0,4.3,51,129.0,1.397,0.9,us,7.92,1.782,0.094,32
53.0558,161.1184,10.0,4.0,26,146.0,1.491,1.04,us,9.91,1.941,0.108,23
-50.0502,114.5821,10.0,4.2,13,147.0,16.408,0.18,us,12.63,1.861,0.167,10
-28.2451,-67.4359,111.607,4.4,97,37.0,2.732,0.49,us,7.74,7.306,0.06,86
52.9026,161.18,23.261,4.9,164,55.0,1.535,0.7,us,8.31,4.853,0.032,307
51.2454,-173.9464,13.369,4.7,122,182.0,0.97,0.59,us,5.57,4.739,0.052,113
15.0232,147.7715,10.0,4.5,34,101.0,1.923,0.99,us,8.51,1.916,0.113,23
51.3205,157.7731,74.263,4.6,90,126.0,1.789,1.03,us,9.94,6.972,0.061,80
5.1217,125.5639,10.0,4.3,21,131.0,0.395,1.14,us,7.16,1.906,0.137,15
51.24,157.3795,53.658,4.0,17,223.0,1.882,0.55,us,15.8,12.061,0.156,11
5.1276,126.8545,97.64,4.4,39,66.0,1.425,0.81,us,7.0,5.366,0.108,25
51.9771,159.3433,64.69,4.7,150,131.0,1.13,0.59,us,9.09,6.638,0.038,212
-0.0589,124.2246,99.049,4.3,20,65.0,1.615,1.01,us,4.91,12.576,0.161,11
51.2431,179.7669,54.379,3.7,45,221.0,0.322,0.48,us,5.85,9.369,0.103,24
-8.3816,111.8241,147.957,4.5,37,83.0,1.906,0.87,us,6.86,7.375,0.121,24
52.5331,160.7241,20.89,5.2,94,129.0,1.352,1.02,us,9.57,5.468,0.034,286
7.8436,94.6781,10.0,4.3,13,204.0,4.931,0.46,us,14.53,1.989,0.201,7
48.478,157.5844,10.0,4.6,72,136.0,4.601,1.12,us,10.32,1.897,0.072,58
-56.2066,-24.8489,10.0,4.5,16,122.0,6.928,0.74,us,9.73,1.824,0.139,15
51.0052,157.833,35.0,4.1,23,243.0,2.108,0.64,us,14.3,1.998,0.127,17
50.9447,158.2915,69.424,5.1,51,137.0,2.094,0.7,us,11.62,7.519,0.083,47
-6.3591,155.1338,160.898,4.7,48,95.0,3.659,0.51,us,6.62,7.188,0.078,49
-24.6314,-70.1341,56.42,4.1,17,131.0,0.723,0.62,us,3.77,7.795,0.198,7
-58.9814,-25.7406,87.293,4.4,14,234.0,7.565,1.11,us,26.59,19.21,0.143,14
52.1494,160.0293,35.0,4.4,23,124.0,1.214,0.51,us,8.31,1.961,0.107,25
42.0247,72.9254,10.0,4.6,62,46.0,0.698,0.53,us,3.68,1.898,0.087,39
29.3526,129.3488,10.0,4.5,37,89.0,2.351,0.9,us,7.28,1.907,0.089,37
42.2457,142.9953,61.849,4.6,21,115.0,0.26,0.81,us,9.11,9.043,0.182,9
36.7263,25.8016,10.0,4.1,26,133.0,1.611,0.75,us,5.93,1.936,0.175,9
40.7299,13.6049,404.05,4.1,59,53.0,0.789,0.77,us,7.37,6.317,0.123,18
-20.5563,-68.8995,94.341,4.4,29,58.0,0.477,0.88,us,5.4,5.379,0.123,19
51.2022,159.3423,10.0,4.3,25,187.0,1.873,1.03,us,10.46,1.964,0.138,17
-5.4881,152.1374,55.555,4.5,35,152.0,1.179,0.77,us,10.09,7.165,0.106,26
39.6749,143.5114,10.0,4.5,96,132.0,2.179,0.57,us,8.6,1.893,0.061,79
37.6443,20.8097,10.0,4.3,43,134.0,1.002,1.01,us,6.44,1.942,0.107,25
-24.0011,-66.9945,167.671,4.3,70,54.0,1.508,1.01,us,7.56,7.071,0.067,63
-36.2734,-101.3359,10.0,4.4,11,152.0,35.556,0.39,us,20.19,1.935,0.18,9
-6.0306,151.6185,10.0,4.9,65,112.0,1.76,0.88,us,8.39,1.891,0.071,63
-17.7009,-176.4748,593.912,4.1,21,171.0,4.155,0.79,us,14.28,15.616,0.135,16
-17.8384,-178.5596,571.749,4.1,32,104.0,2.397,0.97,us,15.23,10.37,0.102,26
-18.9916,-177.5644,505.168,4.1,29,88.0,3.845,0.8,us,15.92,9.935,0.107,24
49.2196,157.1683,10.0,5.2,115,136.0,3.908,0.68,us,8.93,1.875,0.053,117
51.3202,158.9,35.0,4.8,80,214.0,1.713,0.69,us,9.49,1.965,0.065,73
-54.4615,-55.5637,10.0,4.3,14,136.0,7.011,0.99,us,13.34,1.958,0.154,12
51.4133,159.6257,10.0,4.3,20,137.0,2.07,1.23,us,12.54,1.923,0.133,16
52.1365,159.2386,48.513,4.1,29,138.0,0.958,0.67,us,9.52,8.461,0.127,17
25.2719,123.9569,115.37,4.3,40,117.0,0.924,0.68,us,6.32,8.473,0.097,30
-7.1081,129.8647,150.626,4.6,45,93.0,2.569,0.72,us,9.31,8.425,0.093,34
52.7109,160.4741,10.0,4.2,40,199.0,1.149,0.44,us,8.8,1.884,0.078,46
-6.3677,147.846,64.856,4.7,57,47.0,3.093,0.82,us,7.76,6.126,0.077,51
56.1841,163.3254,10.0,4.4,41,100.0,4.173,0.7,us,9.01,1.796,0.074,53
51.2004,159.1994,35.0,4.8,39,227.0,1.857,0.52,us,12.82,1.974,0.094,35
-2.5868,139.5463,38.597,4.6,20,88.0,1.158,0.55,us,6.59,2.978,0.146,14
-57.1894,-67.574,10.0,4.1,17,150.0,2.263,0.6,us,10.58,1.899,0.145,13
