latitude,longitude,depth,mag,nst,gap,dmin,rms,net,horizontalError,depthError,magError,magNst
50.93,157.9778,42.627,4.2,28,129.0,2.137,0.59,us,8.28,7.508,0.121,19
-1.6753,123.8813,10.0,4.5,31,57.0,1.275,1.36,us,6.02,1.913,0.14,15
39.6231,143.2121,10.0,4.7,39,178.0,2.015,0.59,us,7.13,1.925,0.106,27
52.1648,160.5199,26.845,4.4,14,153.0,1.428,0.6,us,10.93,8.255,0.179,9
52.3294,160.7829,10.0,4.5,65,123.0,1.473,0.65,us,10.52,1.924,0.064,73
35.5524,140.0125,97.369,4.3,32,106.0,1.764,0.69,us,5.73,8.516,0.125,18
-22.4798,173.5484,10.0,4.3,14,136.0,5.642,0.69,us,11.49,1.896,0.168,10
51.2006,159.1127,35.228,4.4,18,137.0,1.848,0.76,us,8.79,7.966,0.161,11
-60.4185,-31.5333,10.0,5.4,93,55.0,6.708,0.38,us,10.79,1.826,0.065,80
-24.5984,-175.9865,35.0,5.0,36,127.0,4.955,0.74,us,10.55,1.868,0.054,115
5.7336,126.925,140.346,4.5,72,66.0,1.75,0.71,us,8.14,5.816,0.069,62
-7.5424,105.3797,20.53,4.5,36,164.0,1.854,0.6,us,6.24,6.58,0.1,32
16.3948,40.97,10.0,4.4,35,104.0,3.765,0.38,us,10.22,1.937,0.105,26
50.7772,158.3042,38.704,5.0,31,130.0,2.26,0.9,us,5.23,7.656,0.113,25
-7.0057,129.5203,159.477,5.4,102,20.0,4.885,0.71,us,4.24,6.665,0.043,188
-18.6545,169.1891,249.57,4.0,30,94.0,3.712,0.73,us,9.14,4.769,0.113,21
-20.4167,-177.6757,528.864,4.2,26,112.0,4.818,0.41,us,8.14,10.586,0.121,19
50.4351,156.4906,76.983,4.5,127,128.0,2.78,0.63,us,9.87,6.402,0.047,130
49.9506,159.0301,10.0,4.3,19,136.0,3.086,0.82,us,10.27,1.919,0.177,9
51.4068,160.6326,10.0,4.3,28,229.0,2.027,0.57,us,13.83,1.982,0.126,18
-59.5973,-26.3589,109.83,5.2,168,26.0,7.679,0.56,us,10.88,4.464,0.05,132
11.6148,-85.8245,195.012,4.5,40,134.0,0.674,0.56,us,7.13,6.521,0.087,38
19.5749,146.5963,35.0,4.3,25,159.0,4.379,0.76,us,11.66,1.949,0.125,18
10.9734,-62.3724,93.251,4.5,83,84.0,1.35,0.63,us,6.84,5.437,0.056,93
52.8438,159.6073,56.032,4.1,14,164.0,0.607,0.39,us,12.42,7.096,0.184,9
53.567,159.7568,69.142,4.2,28,159.0,0.859,0.92,us,13.52,9.645,0.124,18
52.2472,160.2458,35.0,5.3,215,91.0,1.774,0.71,us,8.87,1.839,0.042,186
52.7946,159.266,67.395,4.5,78,134.0,0.438,0.69,us,9.25,6.058,0.044,154
-21.55,-67.0122,229.476,4.3,23,47.0,1.765,0.81,us,8.37,7.179,0.116,21
-15.1851,-174.8226,274.419,4.2,17,84.0,3.206,0.74,us,12.58,7.938,0.167,10
-1.9845,139.1742,35.0,4.2,17,80.0,1.18,1.01,us,4.53,1.927,0.146,13
9.2662,93.8911,10.0,4.9,101,49.0,5.028,0.47,us,8.14,1.847,0.056,102
7.4498,126.5118,143.421,4.8,60,54.0,0.999,0.54,us,9.19,6.56,0.045,154
1.4001,126.7621,43.633,4.3,27,103.0,0.869,1.03,us,7.44,8.122,0.125,18
49.9712,159.7477,10.0,4.6,31,191.0,3.132,0.95,us,9.63,1.943,0.067,66
-17.9768,-69.8892,115.162,4.4,50,109.0,0.548,0.72,us,6.92,5.416,0.084,42
-0.8068,-91.5237,10.0,4.4,20,245.0,0.655,0.69,us,5.25,1.924,0.139,15
50.2314,88.1222,10.0,5.0,93,46.0,3.508,0.78,us,7.85,1.833,0.03,366
26.5336,96.7158,109.239,4.3,65,130.0,5.858,0.53,us,12.37,8.844,0.075,51
37.7542,144.2039,10.0,4.2,18,148.0,3.888,0.6,us,11.39,1.947,0.186,8
55.3497,165.3096,10.0,4.3,59,153.0,4.553,0.95,us,13.87,1.928,0.077,48
-7.5953,127.6016,163.157,4.3,40,55.0,3.816,0.94,us,8.29,8.045,0.09,35
-48.5895,124.7217,10.0,4.5,14,133.0,16.626,0.66,us,9.26,1.91,0.157,12
13.9316,145.5175,109.946,4.3,28,106.0,0.717,0.72,us,6.45,8.302,0.148,19
51.5777,159.6258,10.0,5.0,61,135.0,1.567,0.65,us,9.44,1.897,0.077,53
51.1622,158.2612,35.0,5.0,104,128.0,1.879,0.84,us,5.99,1.795,0.029,390
38.5812,24.1399,10.0,3.7,16,106.0,1.476,0.96,us,6.06,1.969,0.357,2
51.8593,159.121,35.0,5.9,87,66.0,1.201,0.57,us,9.04,1.848,0.075,65
53.2429,159.8177,51.794,4.6,39,116.0,0.737,0.97,us,7.53,6.104,0.096,32
50.8934,158.3331,10.0,4.4,34,165.0,2.142,0.5,us,12.3,1.963,0.112,23
43.9746,-128.2335,10.0,4.3,93,115.0,3.034,0.84,us,7.62,1.915,0.062,73
52.7943,-170.381,142.484,3.8,37,166.0,0.234,0.51,us,11.83,5.694,0.072,50
52.7985,160.6553,10.0,4.5,73,112.0,1.235,0.85,us,10.08,1.887,0.056,93
-18.2615,-177.3269,634.188,4.5,31,179.0,3.619,0.62,us,23.03,17.843,0.108,25
-17.9336,-178.4451,502.955,4.2,48,130.0,2.541,0.77,us,11.95,7.037,0.051,107
-9.0007,124.2525,96.211,4.4,37,85.0,0.75,0.94,us,7.51,6.295,0.105,26
52.4876,160.7322,27.944,4.4,19,121.0,1.375,1.11,us,11.14,6.377,0.161,11
6.3683,126.3743,95.618,4.5,50,112.0,1.053,0.94,us,6.28,6.793,0.081,44
-6.1043,127.7211,397.397,4.2,29,63.0,2.682,0.79,us,7.84,11.246,0.141,14
-9.6038,120.647,91.563,4.2,24,79.0,0.35,0.58,us,7.21,3.018,0.147,13
28.4689,53.207,10.0,4.3,36,65.0,4.416,0.6,us,7.74,1.901,0.122,19
52.2582,159.7259,50.987,4.2,21,166.0,1.009,0.75,us,10.43,8.301,0.152,12
49.5385,154.808,105.317,4.0,55,123.0,4.008,0.7,us,12.0,8.266,0.081,44
-0.3936,125.2219,40.671,4.6,39,48.0,1.865,0.8,us,6.96,8.342,0.107,26
52.2029,160.3558,10.0,5.0,82,122.0,1.326,0.92,us,8.22,1.87,0.041,197
51.7493,16.2011,5.0,3.8,28,87.0,2.046,0.64,us,6.32,1.966,0.254,4
41.3422,142.9552,49.785,4.4,50,142.0,0.689,0.7,us,6.57,6.005,0.092,34
-48.1337,117.5056,10.0,4.3,20,89.0,15.191,1.18,us,12.74,1.915,0.125,18
53.8437,160.997,37.762,4.7,157,100.0,1.627,0.71,us,8.74,6.559,0.045,150
38.3636,142.4686,28.542,4.1,18,180.0,2.654,0.54,us,9.06,8.002,0.198,7
51.3075,159.2253,52.424,4.5,14,241.0,1.755,1.01,us,12.94,10.18,0.192,8
8.4486,126.9203,35.0,4.4,15,233.0,1.909,0.4,us,10.99,2.013,0.148,13
39.5763,143.4719,10.0,4.5,36,135.0,2.207,0.81,us,4.73,1.902,0.113,23
38.2689,134.2584,408.78,4.0,98,36.0,3.581,0.72,us,9.33,7.719,0.059,86
3.391,-31.5063,10.0,4.5,17,94.0,20.581,1.2,us,12.08,1.887,0.15,13
-7.3233,129.2753,123.984,4.2,16,109.0,5.283,0.88,us,10.29,11.001,0.186,8
13.7989,144.8952,125.792,4.4,35,81.0,0.21,0.71,us,9.74,4.731,0.106,26
-14.7622,-72.3745,93.382,4.2,33,124.0,4.083,1.08,us,7.36,13.612,0.122,19
51.6393,159.7321,10.0,4.2,16,163.0,1.537,0.91,us,9.53,1.977,0.175,9
-29.4769,-176.6905,10.0,4.8,26,143.0,1.106,1.19,us,7.58,1.935,0.111,29
9.4556,-40.4801,10.0,4.4,16,111.0,12.813,1.04,us,14.22,1.931,0.162,11
-21.0771,168.6603,10.0,4.9,43,92.0,1.899,0.74,us,7.82,1.893,0.095,35
-24.2292,-67.5509,190.456,4.2,13,96.0,1.396,0.38,us,9.33,7.326,0.214,6
51.2873,157.5447,75.204,4.2,38,134.0,1.826,0.64,us,10.96,8.245,0.117,20
52.6896,159.0092,61.378,4.2,22,137.0,0.399,0.95,us,11.51,3.895,0.115,21
41.0731,75.1541,10.0,4.5,52,86.0,0.107,1.03,us,4.25,1.894,0.097,31
-8.6145,129.1101,10.0,4.6,25,90.0,4.141,0.65,us,7.01,1.889,0.128,18
51.414,161.1404,10.0,4.3,33,125.0,2.224,0.78,us,10.56,1.918,0.106,25
-10.6964,120.0078,18.58,4.2,18,114.0,1.06,0.97,us,5.33,4.948,0.199,8
47.7371,152.4835,138.606,4.4,53,134.0,6.324,1.02,us,10.19,7.642,0.06,79
-6.6687,155.1769,21.346,4.4,21,120.0,3.88,0.51,us,12.67,5.264,0.134,16
16.5982,41.1068,10.0,4.3,46,124.0,3.754,1.07,us,9.17,1.902,0.08,45
51.418,161.1206,10.0,4.3,73,89.0,2.212,1.03,us,5.43,1.724,0.068,62
13.3807,145.5516,74.932,4.4,57,170.0,0.696,0.54,us,8.56,7.22,0.081,47
51.8319,162.3975,10.0,4.2,19,159.0,2.586,0.47,us,11.3,1.958,0.141,14
15.6512,145.9249,112.693,4.5,28,108.0,0.429,0.5,us,12.33,4.683,0.118,21
52.0443,159.5168,70.899,4.2,13,244.0,1.114,0.4,us,11.99,9.324,0.235,7
-53.5331,24.905,10.0,4.5,18,105.0,21.346,0.45,us,12.07,1.915,0.132,17
-19.1644,-177.4381,571.812,4.3,28,89.0,4.047,1.25,us,15.96,10.942,0.133,17
7.6469,127.1659,10.0,4.8,98,75.0,1.675,1.1,us,6.35,1.765,0.056,98
28.1494,142.832,10.0,4.5,53,134.0,1.197,0.53,us,8.56,1.896,0.085,43
51.6421,160.0768,10.0,4.7,118,73.0,1.637,0.7,us,7.67,1.866,0.053,106
-17.7248,167.3727,10.0,4.4,13,148.0,2.271,1.25,us,8.52,1.934,0.202,7
43.601,147.8963,35.0,5.0,121,134.0,3.83,0.92,us,5.45,1.915,0.055,105
50.7794,156.963,87.079,4.3,36,138.0,2.376,0.58,us,12.81,7.806,0.107,25
73.2204,6.5925,10.0,4.5,68,64.0,5.867,0.67,us,4.08,1.856,0.082,43
64.5477,-17.5269,10.0,4.4,55,133.0,1.648,0.65,us,8.78,1.912,0.085,40
11.7781,125.9635,10.0,4.9,68,105.0,4.694,0.7,us,11.11,1.865,0.069,66
-20.7196,173.6803,493.66,4.2,27,117.0,5.081,0.69,us,17.67,14.412,0.118,23
52.3363,159.7504,37.28,4.4,33,120.0,0.96,0.77,us,9.23,4.459,0.095,32
36.1705,34.1984,10.0,4.2,26,107.0,1.399,0.94,us,5.29,1.654,0.2,7
13.6258,-88.4988,189.415,4.4,54,148.0,0.231,0.87,us,12.1,4.766,0.06,81
28.3833,97.3521,10.0,4.5,21,137.0,9.265,0.45,us,7.98,1.913,0.145,14
44.1832,-129.2613,10.0,4.2,60,205.0,1.828,0.6,us,9.55,1.969,0.086,38
53.0347,161.0127,35.0,4.4,35,199.0,1.427,0.89,us,14.01,1.986,0.112,23
13.9163,144.6209,182.232,3.8,13,108.0,0.404,0.33,us,11.27,7.998,0.207,6
52.3978,160.2656,33.181,4.1,25,122.0,1.715,0.57,us,11.0,6.572,0.12,19
50.369,158.6245,20.346,4.8,78,134.0,2.658,0.71,us,11.12,5.495,0.04,190
-35.0456,-178.4819,10.0,4.5,16,222.0,3.61,0.58,us,11.58,1.984,0.192,8
4.1014,126.4683,59.115,4.3,42,91.0,1.169,0.77,us,5.73,7.957,0.089,36
-6.5625,143.6975,10.0,4.3,20,107.0,4.128,0.79,us,7.43,1.904,0.154,14
-54.1547,-1.9643,9.972,4.6,9,109.0,17.587,0.43,us,16.23,4.146,0.183,9
52.3476,160.5712,27.555,4.8,82,134.0,1.351,1.02,us,10.37,5.7,0.038,214
21.5934,143.1209,304.108,4.5,171,124.0,5.544,0.58,us,11.4,7.826,0.043,158
-1.1916,147.5797,10.0,4.4,32,91.0,0.872,0.47,us,6.03,1.901,0.105,26
36.5653,70.7257,154.345,4.4,66,74.0,2.237,0.91,us,6.49,7.052,0.081,44
-19.1494,-175.715,269.444,4.2,19,134.0,5.383,1.1,us,16.35,11.348,0.141,14
50.6561,156.7776,69.15,4.0,22,129.0,2.521,0.63,us,13.76,8.801,0.143,13
52.8088,160.9096,10.0,4.2,14,148.0,1.385,0.96,us,11.05,1.946,0.215,7
51.9389,160.1249,35.0,4.2,16,197.0,1.412,0.62,us,10.4,2.002,0.159,11
-10.1094,116.1328,52.225,4.9,49,156.0,2.062,0.63,us,9.19,6.732,0.091,43
52.4437,160.8731,10.0,4.1,20,122.0,1.471,1.1,us,5.58,1.927,0.13,16
-7.0125,155.7932,111.864,4.6,111,91.0,4.766,0.57,us,5.51,6.808,0.05,118
15.1922,-94.5793,10.0,4.5,64,129.0,1.582,1.18,us,5.68,1.856,0.053,103
42.3031,144.5453,37.615,4.6,123,134.0,1.072,0.56,us,8.55,7.318,0.055,99
14.7856,-91.0593,169.27,4.3,28,161.0,1.52,0.75,us,10.97,13.509,0.126,18
52.8095,160.5549,35.0,5.2,112,42.0,1.173,0.78,us,9.14,1.831,0.023,599
37.8141,144.1232,10.0,4.5,44,136.0,3.802,0.86,us,9.7,1.898,0.102,29
52.7204,-161.3684,10.0,4.1,67,172.0,2.325,0.81,us,7.56,1.971,0.26,4
52.3212,160.5594,10.0,4.9,58,104.0,1.359,0.53,us,6.51,1.852,0.058,94
34.5635,136.8457,337.168,4.8,98,65.0,0.799,0.64,us,7.34,3.531,0.024,530
10.8114,123.6127,10.0,4.8,10,166.0,10.039,0.62,us,11.86,1.956,0.226,7
0.8435,126.7572,71.965,4.2,14,126.0,0.613,0.89,us,10.64,9.554,0.186,8
3.5889,128.4732,10.0,4.3,17,150.0,3.195,0.53,us,8.71,1.919,0.168,10
51.2414,-177.0545,35.0,3.6,44,213.0,0.533,0.5,us,4.46,2.009,0.189,7
37.855,144.1509,10.0,4.7,60,130.0,3.783,0.98,us,9.48,1.904,0.064,74
-1.8288,-81.0175,10.0,4.4,35,155.0,1.503,0.92,us,7.95,1.938,0.11,24
33.5257,81.8743,10.0,4.7,91,78.0,7.903,0.47,us,8.89,1.843,0.063,77
53.1566,160.7271,11.328,4.2,33,137.0,1.26,0.74,us,10.98,4.454,0.132,16
28.0083,139.3748,511.333,4.3,78,64.0,2.655,0.62,us,11.19,8.411,0.039,186
0.5086,121.2234,92.951,4.3,25,122.0,0.744,0.95,us,6.16,7.185,0.168,11
50.4117,156.5472,80.71,4.4,48,125.0,2.794,0.95,us,10.77,6.217,0.08,45
52.2235,160.4049,35.0,5.0,135,118.0,1.336,0.7,us,8.74,1.909,0.034,281
2.0449,126.6728,35.0,4.6,57,97.0,1.442,1.05,us,5.35,1.877,0.082,45
51.341,159.1032,10.0,5.0,123,107.0,1.708,0.52,us,8.89,1.844,0.029,373
30.4355,50.1961,10.0,4.3,94,46.0,5.875,0.83,us,8.35,1.86,0.068,62
49.3239,82.3489,10.0,5.2,199,37.0,2.507,0.61,us,6.75,1.835,0.042,188
-19.594,-175.5821,197.786,4.6,18,135.0,5.364,0.3,us,13.46,17.827,0.136,16
52.795,160.1798,35.0,5.0,130,100.0,0.954,0.63,us,7.95,1.858,0.023,606
43.5668,-28.4232,10.0,4.6,52,124.0,6.201,0.63,us,11.85,1.898,0.083,43
-16.8994,-172.5286,10.0,4.6,23,166.0,3.059,0.75,us,10.29,2.274,0.122,20
49.2208,157.8044,10.0,5.2,122,61.0,3.845,0.75,us,8.36,1.845,0.021,787
9.236,93.841,10.0,4.7,61,70.0,5.034,0.66,us,9.0,1.884,0.069,63
27.3659,52.528,10.0,4.2,40,115.0,4.089,0.59,us,9.47,1.949,0.106,25
2.1406,-95.5696,10.0,4.1,13,207.0,5.272,1.12,us,13.43,1.991,0.198,7
-9.4642,155.6151,10.0,4.3,14,127.0,6.259,0.59,us,12.27,1.761,0.168,10
5.9272,61.3713,10.0,4.3,16,194.0,23.225,0.57,us,11.07,1.94,0.177,9
13.9886,144.7792,194.208,3.9,21,94.0,0.406,0.4,us,11.61,5.518,0.148,12
-19.3442,169.6929,35.0,4.5,21,100.0,3.871,0.77,us,8.41,1.943,0.163,13
-14.9634,166.5495,10.0,4.5,30,60.0,0.793,1.08,us,7.49,1.905,0.115,22
35.7405,88.5284,10.0,4.3,25,121.0,6.406,0.77,us,12.04,1.934,0.133,16
50.8049,158.7836,10.0,5.7,45,131.0,2.223,0.7,us,7.17,1.638,0.113,28
-6.9438,127.6592,278.859,4.2,33,66.0,4.366,0.56,us,8.64,10.597,0.132,17
39.4386,143.6861,10.0,4.3,36,127.0,2.421,0.74,us,4.21,1.917,0.119,20
49.5402,-28.3373,10.0,4.5,24,119.0,15.098,0.41,us,9.76,1.767,0.124,19
-24.1417,179.857,533.267,4.4,51,69.0,6.584,1.05,us,11.13,8.282,0.066,67
41.0425,83.5209,10.0,4.4,30,110.0,3.255,0.64,us,9.36,1.954,0.149,14
51.3743,159.5821,10.0,4.2,22,222.0,1.748,0.53,us,8.91,1.973,0.136,15
39.1454,28.1083,17.179,4.0,28,57.0,0.939,0.99,us,4.23,2.814,0.26,4
37.0518,136.6567,7.591,4.9,74,57.0,1.341,0.75,us,5.15,4.075,0.035,256
2.0049,126.9327,29.138,4.6,50,89.0,1.299,0.85,us,3.13,5.421,0.084,42
54.6966,160.1413,10.0,4.1,38,131.0,1.895,0.73,us,10.4,1.908,0.086,38
-3.9693,-80.8004,40.959,4.7,64,108.0,2.145,1.1,us,7.06,7.081,0.045,147
17.916,147.4196,10.0,4.4,50,128.0,3.086,1.19,us,10.65,1.881,0.077,48
52.3745,160.2524,35.0,4.3,32,143.0,1.172,1.07,us,9.83,1.961,0.113,22
-29.4335,-179.1442,334.44,4.6,54,134.0,8.722,0.71,us,14.02,6.866,0.071,60
34.6827,70.6043,65.43,4.3,52,142.0,3.927,0.66,us,11.15,8.308,0.092,36
51.254,160.4877,10.0,4.2,22,150.0,2.103,0.75,us,11.02,1.957,0.146,13
15.5984,145.8343,216.491,4.3,14,160.0,0.358,0.77,us,14.32,6.186,0.238,5
5.3272,127.1472,129.531,4.8,70,66.0,1.764,0.56,us,8.41,7.353,0.067,69
10.6259,-86.0467,10.0,4.3,34,203.0,1.127,0.93,us,8.6,1.982,0.113,22
46.7048,20.0077,7.298,4.0,31,47.0,1.217,0.63,us,3.49,4.385,0.164,10
48.8248,155.9886,10.0,4.5,28,138.0,4.423,0.8,us,12.93,1.91,0.122,20
-7.4074,129.21,104.245,4.2,14,94.0,5.388,0.82,us,8.66,10.438,0.159,11
4.9352,126.1089,97.282,4.3,23,115.0,0.659,0.81,us,8.85,7.784,0.148,15
53.0157,161.082,35.0,4.6,70,164.0,1.469,0.73,us,10.08,1.949,0.055,101
12.9267,-87.415,170.165,4.4,39,127.0,1.036,1.06,us,7.31,7.404,0.065,69
-5.5698,152.3977,10.0,4.2,21,157.0,1.389,0.86,us,7.85,1.602,0.147,16
50.191,-179.3977,10.0,3.7,52,243.0,1.413,0.55,us,6.66,1.978,0.115,19
35.4394,6.4989,10.0,4.5,38,151.0,2.339,0.99,us,7.76,1.902,0.106,26
34.1585,80.2244,10.0,4.4,27,113.0,6.445,0.77,us,11.53,1.916,0.095,32
-6.0885,151.9158,10.0,4.6,44,152.0,1.773,0.94,us,10.91,1.911,0.082,44
51.1059,159.6807,10.0,4.9,34,170.0,2.023,0.76,us,11.95,1.955,0.104,29
56.8252,-33.9224,10.0,4.3,22,125.0,7.354,0.73,us,11.44,1.386,0.16,11
-3.7295,142.0765,26.072,4.6,28,144.0,1.827,0.98,us,7.99,5.621,0.119,21
-23.4655,-66.409,207.267,4.3,34,61.0,1.707,1.01,us,8.64,7.523,0.147,13
-16.4482,167.2572,10.0,4.2,14,258.0,4.959,0.93,us,15.79,2.008,0.186,8
-60.7301,-50.4998,10.0,4.4,30,62.0,7.418,1.16,us,6.37,1.854,0.11,24
25.0545,128.6587,10.0,4.1,20,101.0,1.808,1.21,us,6.17,1.912,0.158,13
51.9546,-175.4017,75.311,3.5,42,176.0,0.325,0.54,us,8.58,7.258,0.095,27
28.1067,52.3044,10.0,4.2,43,103.0,4.702,0.71,us,8.28,1.916,0.086,38
35.7227,140.5713,53.007,4.1,15,228.0,0.464,0.55,us,8.31,9.604,0.213,6
-7.6841,-74.7589,153.529,4.5,28,113.0,2.036,1.13,us,9.02,9.186,0.106,26
52.2865,160.7756,10.0,5.0,174,74.0,1.49,0.79,us,7.53,1.803,0.028,407
40.5065,144.9975,10.0,4.5,55,136.0,2.048,0.44,us,7.17,1.893,0.095,34
52.478,160.8769,10.0,4.2,24,122.0,1.46,1.03,us,8.17,1.932,0.136,15
-4.617,142.2445,114.529,4.1,14,210.0,2.594,1.23,us,9.72,14.9,0.198,7
-47.2853,97.2931,10.0,4.6,11,157.0,20.853,0.44,us,11.66,1.954,0.182,9
52.8163,160.4631,36.527,4.1,22,119.0,1.117,0.47,us,10.72,4.22,0.127,17
54.5416,-159.8941,35.0,3.6,27,161.0,0.34,0.75,us,7.89,1.941,0.144,15
19.8467,144.611,414.877,4.1,51,137.0,4.716,0.54,us,14.1,10.632,0.083,40
11.1771,124.0974,10.0,4.9,101,51.0,6.547,0.42,us,10.42,1.856,0.061,93
-13.1848,167.1172,239.261,4.4,38,157.0,7.809,0.5,us,11.17,6.171,0.087,38
-14.8992,167.4234,115.729,4.3,23,160.0,0.585,0.63,us,15.41,5.02,0.137,15
-33.5175,-178.8855,39.498,4.0,19,238.0,4.639,1.01,us,13.72,8.697,0.139,14
8.846,-39.9278,10.0,4.6,19,71.0,13.155,0.77,us,11.66,1.899,0.132,17
36.388,70.3088,209.879,4.1,46,118.0,2.1,1.13,us,7.38,9.358,0.117,20
9.2996,125.3861,10.0,4.5,48,112.0,2.224,0.64,us,11.96,1.875,0.087,45
7.6899,127.7952,10.0,4.4,21,128.0,2.283,0.87,us,6.75,1.877,0.134,17
52.4163,160.7465,10.0,4.3,14,166.0,1.413,0.86,us,14.09,1.911,0.201,7
-27.0006,-176.2579,35.0,4.4,14,202.0,10.606,0.26,us,6.51,1.999,0.169,10
46.6819,152.7237,55.83,4.1,25,136.0,6.843,0.66,us,4.61,8.77,0.12,19
-34.9999,179.4743,132.368,4.7,55,86.0,2.726,1.29,us,10.19,7.663,0.078,50
-55.2986,-27.0243,10.0,5.0,36,114.0,5.57,0.68,us,8.19,1.83,0.095,35
6.2037,126.8425,80.527,4.5,50,66.0,1.522,0.86,us,8.16,6.013,0.079,47
11.2197,124.411,10.0,4.3,26,134.0,4.282,1.17,us,13.76,1.921,0.133,17
50.5179,157.9788,29.165,4.3,34,131.0,2.544,0.95,us,10.15,6.188,0.099,29
35.3651,57.3311,10.0,4.5,60,165.0,7.579,0.76,us,9.54,1.937,0.078,49
-59.7372,-26.4457,98.872,5.2,65,68.0,18.006,0.5,us,12.01,7.988,0.071,66
36.6074,139.3644,12.413,4.6,54,111.0,0.932,0.98,us,6.26,4.455,0.079,49
-9.7209,124.4911,10.0,4.4,18,124.0,0.223,1.21,us,4.33,1.93,0.18,9
51.3786,159.4343,27.846,4.5,22,135.0,1.717,0.58,us,13.04,6.807,0.125,19
-31.7668,-69.7166,113.316,4.5,46,61.0,0.919,0.95,us,4.59,6.758,0.125,19
52.6705,160.6648,51.875,4.5,32,188.0,1.272,0.83,us,14.92,9.486,0.091,35
52.4248,160.4688,35.0,4.9,24,166.0,1.817,0.95,us,11.53,1.971,0.136,17
44.1537,146.5987,102.72,4.4,53,133.0,2.884,0.62,us,10.51,8.051,0.08,46
51.4476,-130.5975,10.0,4.1,71,170.0,0.925,0.61,us,9.39,1.952,0.049,115
-6.2374,151.739,10.0,4.6,28,83.0,5.521,0.59,us,6.77,1.732,0.119,21
-15.284,-179.1933,431.748,4.3,34,65.0,1.821,0.66,us,12.49,5.102,0.119,21
-55.4084,-123.4515,10.0,4.2,14,110.0,32.378,0.43,us,12.52,1.901,0.153,13
12.4389,-89.4065,10.0,4.4,53,152.0,1.346,0.7,us,5.42,1.916,0.072,56
15.0498,108.1553,10.0,4.5,37,63.0,3.994,0.73,us,8.42,1.916,0.111,24
-21.5935,170.3771,103.078,4.4,23,208.0,2.901,0.84,us,5.34,9.505,0.126,19
-14.6503,167.3741,94.492,4.2,21,154.0,0.809,0.55,us,8.21,6.144,0.128,19
16.5897,-93.93,132.014,4.6,70,118.0,0.753,0.74,us,5.92,5.95,0.039,198
-24.2812,179.795,527.083,4.2,32,114.0,6.704,0.6,us,14.96,7.833,0.095,31
-15.3877,67.0483,10.0,4.5,35,171.0,9.531,0.61,us,12.4,1.946,0.106,26
-57.39,-66.929,10.0,4.6,44,144.0,2.495,0.51,us,13.28,1.92,0.084,42
51.6612,159.6614,22.799,5.0,100,133.0,1.499,0.76,us,10.17,5.447,0.037,232
-16.8234,-173.6765,41.284,4.5,26,122.0,3.426,0.68,us,12.14,5.052,0.131,17
-18.0759,-178.2019,565.089,4.3,47,81.0,2.812,0.78,us,11.92,5.816,0.053,100
50.6793,159.1171,10.0,4.1,24,187.0,2.365,0.87,us,12.3,1.972,0.124,18
48.2049,157.1677,10.0,4.6,78,136.0,4.916,0.75,us,8.02,1.886,0.048,128
53.1488,159.8258,64.606,4.9,140,125.0,0.72,0.57,us,10.08,6.695,0.044,160
52.3111,159.6624,35.0,4.5,71,134.0,1.437,0.73,us,9.28,1.927,0.181,9
79.1448,3.5506,10.0,4.2,24,125.0,1.622,1.11,us,9.42,1.862,0.128,17
23.9664,94.4815,53.099,4.3,31,112.0,2.777,1.02,us,12.43,8.304,0.116,21
-19.7726,-177.4102,360.864,4.4,51,122.0,4.485,1.01,us,9.49,6.105,0.093,33
49.9822,155.9471,76.485,4.4,58,137.0,3.316,0.5,us,10.94,7.851,0.071,59
33.0369,131.581,83.433,4.4,45,101.0,1.798,0.77,us,6.35,8.009,0.107,25
29.6691,81.7981,10.0,4.2,33,114.0,3.579,1.0,us,7.27,1.924,0.125,18
48.8544,156.0836,10.0,4.9,69,134.0,4.38,0.87,us,11.62,1.893,0.046,150
39.1259,142.1222,69.898,4.5,59,125.0,1.85,0.79,us,8.61,7.896,0.073,55
23.7742,123.5196,38.659,4.1,23,129.0,0.832,0.93,us,5.06,8.964,0.197,9
52.1919,160.1743,34.0,4.8,60,137.0,1.248,1.17,us,5.64,5.681,0.08,51
51.5819,159.4999,35.0,4.5,28,126.0,1.535,0.91,us,9.64,1.936,0.104,27
-16.403,66.7785,10.0,4.4,12,92.0,11.752,0.7,us,15.07,1.874,0.203,7
-20.4455,-177.7273,466.653,4.2,38,97.0,7.47,0.56,us,7.01,9.797,0.096,30
5.4512,128.0449,10.0,4.5,52,54.0,2.654,0.95,us,7.27,1.886,0.085,40
-6.0988,130.9364,123.502,4.1,11,131.0,1.873,0.59,us,9.43,4.569,0.302,3
13.4046,95.7949,10.0,4.2,21,173.0,4.006,0.33,us,12.52,1.946,0.159,11
-24.2968,-179.9884,533.552,4.5,124,77.0,5.261,1.16,us,10.97,6.126,0.049,132
-4.7685,138.1814,10.0,4.3,20,100.0,1.017,1.04,us,4.02,1.915,0.142,14
40.8936,142.7446,46.719,4.1,38,153.0,1.162,0.7,us,6.49,8.998,0.12,19
53.8028,158.2148,10.0,4.3,23,92.0,0.761,0.38,us,7.64,1.889,0.142,14
1.1328,123.344,10.0,4.5,57,83.0,4.163,0.72,us,6.16,1.885,0.082,44
-31.6796,-71.7415,33.286,4.3,34,141.0,0.746,0.63,us,4.3,5.315,0.168,10
-19.5346,168.3765,10.0,4.7,29,67.0,3.105,1.11,us,6.72,1.918,0.121,21
-57.8606,-25.0114,31.894,4.4,28,80.0,7.353,0.89,us,13.98,5.581,0.117,21
51.4184,159.3579,34.903,4.3,24,126.0,1.665,0.55,us,12.08,6.561,0.126,18
-20.9615,-178.7236,583.264,4.5,67,123.0,4.416,0.7,us,12.66,6.538,0.045,148
-5.3754,151.6848,125.603,4.3,15,155.0,1.27,0.66,us,12.3,9.464,0.168,12
54.3946,-158.772,10.0,4.1,55,161.0,0.646,0.71,us,4.16,1.918,0.117,20
-23.7781,179.867,539.321,4.4,21,133.0,6.238,0.72,us,15.68,11.43,0.138,20
51.4243,-174.3873,15.999,4.5,35,208.0,0.787,0.77,us,5.63,13.33,0.052,109
-29.4061,-178.7471,210.988,4.8,76,51.0,0.732,0.67,us,13.06,6.152,0.067,69
9.2521,93.9445,10.0,4.0,15,118.0,5.627,0.53,us,10.59,1.93,0.233,7
52.6231,160.6758,10.0,4.3,37,120.0,1.293,1.03,us,9.2,1.904,0.103,27
-22.636,173.3987,10.0,4.5,23,125.0,5.499,1.47,us,9.56,1.922,0.145,14
50.6765,156.3032,103.4,4.8,63,127.0,2.584,0.81,us,8.52,4.218,0.044,159
4.6571,95.3103,63.633,4.5,56,162.0,1.727,0.72,us,8.35,8.127,0.083,42
-24.7352,179.6374,528.13,4.3,25,133.0,7.111,0.66,us,18.34,13.127,0.108,24
-7.5561,127.8939,149.769,4.5,38,53.0,4.199,1.08,us,8.52,6.663,0.094,33
51.6411,159.5849,38.818,4.6,83,127.0,1.499,1.19,us,9.41,7.234,0.051,116
52.5993,160.9951,21.159,4.4,18,147.0,1.485,1.09,us,13.32,7.155,0.162,11
50.3502,156.6494,76.896,4.3,39,130.0,2.838,0.83,us,11.7,8.082,0.08,44
50.4404,156.3974,79.264,5.6,184,43.0,2.791,0.64,us,8.6,6.891,0.029,417
56.0972,117.4659,10.0,4.2,30,86.0,6.697,1.23,us,9.68,1.922,0.107,24
7.4678,127.198,9.23,4.2,28,70.0,1.654,0.49,us,5.47,4.447,0.128,19
-7.2296,120.4179,580.056,4.2,66,67.0,2.298,0.84,us,10.4,6.984,0.087,37
-22.3355,171.5245,114.212,4.6,46,111.0,3.782,0.87,us,4.01,7.411,0.073,57
-18.39,-177.7431,591.078,4.1,30,127.0,7.256,0.74,us,15.65,6.358,0.109,25
-7.6002,127.5424,160.405,4.3,24,70.0,5.352,0.63,us,7.2,7.787,0.119,20
49.9782,158.4247,10.0,4.6,114,135.0,3.053,0.6,us,8.29,1.882,0.055,101
-5.0736,153.4977,40.702,4.2,25,102.0,1.593,0.33,us,9.71,7.977,0.132,16
-3.0414,135.9861,63.734,4.2,18,104.0,1.495,0.65,us,8.36,10.527,0.142,14
-24.7674,179.9098,525.928,4.3,45,108.0,4.877,0.9,us,14.29,9.54,0.086,39
48.6975,154.8069,71.578,4.2,64,132.0,4.78,0.71,us,11.29,7.888,0.074,51
29.2054,128.9807,10.0,4.9,44,84.0,2.442,0.95,us,7.35,1.864,0.059,89
52.5535,160.5109,31.366,4.5,66,149.0,1.224,0.97,us,10.89,6.661,0.074,54
50.0824,158.8327,10.0,4.3,51,135.0,2.947,0.93,us,9.97,1.904,0.09,35
30.5334,103.2064,10.0,4.9,64,39.0,5.423,0.78,us,4.93,1.886,0.071,62
-41.2745,-86.0338,10.0,4.4,22,110.0,9.927,0.95,us,10.12,1.691,0.12,20
32.8569,76.0845,18.813,4.0,21,295.0,6.183,0.77,us,15.87,9.083,0.155,12
14.1676,147.2017,10.0,4.2,16,97.0,1.728,0.66,us,7.09,1.931,0.199,7
13.9177,144.7678,186.101,4.3,26,118.0,0.341,0.49,us,11.71,4.611,0.116,21
5.3311,124.7375,15.643,4.3,24,98.0,0.948,1.08,us,6.73,2.979,0.137,15
-17.9963,-178.3069,529.956,4.5,133,41.0,2.685,0.68,us,11.67,6.197,0.047,133
51.1468,159.5447,22.326,4.5,30,122.0,1.959,0.99,us,9.78,5.956,0.113,23
1.6163,126.5285,32.622,4.6,65,105.0,1.186,1.06,us,6.49,5.583,0.072,58
48.9896,156.1798,10.0,5.2,152,118.0,4.234,0.98,us,10.1,1.867,0.029,391
52.9166,160.7435,19.179,5.0,154,106.0,1.271,0.72,us,8.21,4.534,0.025,523
41.7454,88.5827,10.0,4.9,105,81.0,6.3,0.58,us,8.19,1.779,0.07,64
44.1785,87.0464,10.0,4.4,21,109.0,3.62,0.59,us,6.5,1.881,0.189,8
-10.2401,161.3778,84.234,4.3,42,127.0,1.619,0.65,us,10.05,7.075,0.138,15
12.9684,145.6685,10.0,4.9,49,55.0,0.994,0.8,us,6.89,1.843,0.052,117
23.5239,-45.1242,10.0,4.5,98,52.0,16.609,0.61,us,11.02,1.904,0.052,111
12.2665,125.4801,43.118,4.4,42,107.0,5.165,0.78,us,10.56,6.751,0.098,30
9.5201,93.4167,10.0,4.5,31,118.0,6.177,0.53,us,7.82,1.772,0.121,20
-17.6656,168.2501,63.474,4.1,21,131.0,2.424,0.6,us,4.98,8.976,0.135,15
53.269,160.6326,35.0,4.4,54,187.0,1.219,0.8,us,13.64,1.972,0.086,39
-7.1735,-13.0571,10.0,5.0,60,59.0,1.496,0.83,us,5.21,1.809,0.07,66
-17.2873,-177.093,383.261,4.6,112,74.0,3.48,0.72,us,10.56,6.773,0.056,95
-56.8159,-68.4705,10.0,5.0,66,146.0,1.947,0.52,us,9.49,1.893,0.074,58
13.7233,40.5146,10.0,4.4,27,111.0,3.847,1.0,us,7.47,1.933,0.096,31
51.4024,159.5171,10.0,4.6,48,128.0,1.709,0.78,us,8.73,1.885,0.085,45
50.1769,155.9291,91.642,4.4,62,135.0,3.136,0.7,us,11.99,7.771,0.066,66
33.9463,87.78,10.0,4.2,46,142.0,5.099,0.61,us,11.62,1.907,0.1,28
52.761,160.6984,10.0,4.2,34,133.0,1.269,0.79,us,11.84,1.926,0.095,31
-14.3466,166.454,10.0,4.3,16,183.0,1.312,1.06,us,10.78,1.967,0.153,12
50.0553,158.5474,10.0,4.3,28,138.0,2.973,0.58,us,9.61,1.925,0.119,20
52.7127,160.8119,10.0,4.1,17,251.0,1.347,0.89,us,7.55,1.997,0.151,12
-52.9299,22.0895,10.0,4.6,25,89.0,20.559,0.61,us,10.71,1.839,0.114,23
53.5437,161.963,10.0,4.8,135,111.0,2.056,0.46,us,8.82,1.862,0.045,162
51.2127,158.899,32.829,4.3,26,124.0,1.82,0.96,us,10.66,6.506,0.116,24
50.5746,157.7638,10.0,4.9,118,113.0,2.513,0.94,us,8.28,1.873,0.054,107
49.8937,158.2996,10.0,5.0,154,52.0,3.241,0.5,us,9.28,1.817,0.048,139
42.5355,-126.3243,10.0,3.3,25,188.0,1.48,0.67,us,6.52,1.993,0.243,6
18.1793,121.4718,125.483,4.7,78,58.0,4.629,1.07,us,9.92,7.292,0.071,61
52.5692,160.3292,10.0,4.2,72,121.0,1.117,0.75,us,9.42,1.889,0.066,65
49.0944,154.7395,83.454,4.6,166,114.0,4.43,0.6,us,8.72,6.059,0.037,220
35.0114,141.3563,41.956,4.1,16,155.0,2.284,0.97,us,10.73,2.745,0.213,6
21.2891,101.6636,10.0,4.3,38,67.0,1.603,1.07,us,6.66,1.875,0.126,18
50.1129,158.7514,10.0,4.3,39,138.0,2.915,0.6,us,11.9,1.926,0.101,28
23.1552,94.7931,114.219,4.3,46,123.0,1.944,0.49,us,12.37,8.878,0.09,35
-14.7201,166.8297,10.0,4.4,24,79.0,0.808,0.6,us,8.3,1.868,0.148,13
51.331,160.1171,10.0,4.6,22,135.0,1.921,0.96,us,11.88,1.921,0.133,17
36.5109,-2.8188,10.0,4.3,35,123.0,3.285,0.63,us,6.27,1.848,0.111,23
44.6235,149.4554,35.0,4.2,43,144.0,4.946,0.8,us,11.62,1.947,0.093,32
-3.6257,151.5576,10.0,4.4,25,110.0,0.825,0.36,us,8.88,1.895,0.126,18
-19.6384,-177.7592,585.953,4.2,89,122.0,4.164,1.01,us,14.71,8.249,0.059,80
29.7497,141.2915,121.74,4.3,21,183.0,2.759,0.54,us,12.77,9.82,0.133,16
-10.1947,161.1338,51.588,4.4,26,170.0,1.39,1.09,us,5.12,6.995,0.13,17
-27.6633,-177.8685,192.961,4.5,20,154.0,10.563,0.81,us,10.25,11.697,0.136,16
49.831,157.0212,35.0,4.3,32,135.0,3.309,0.87,us,12.4,1.937,0.109,24
31.2633,130.3235,169.726,4.5,107,113.0,0.269,0.76,us,7.82,6.733,0.049,122
-34.803,-109.2545,10.0,4.7,42,113.0,7.62,0.68,us,12.33,1.886,0.086,41
14.6594,-94.3057,10.0,4.1,21,203.0,2.06,0.75,us,5.47,1.966,0.175,9
54.5807,-160.0813,35.0,4.0,36,163.0,0.38,0.96,us,4.88,1.889,0.195,8
52.5234,160.7272,10.0,4.7,31,121.0,1.358,0.91,us,6.22,1.919,0.101,30
-14.4123,65.9865,10.0,4.5,31,126.0,5.873,0.81,us,13.08,1.884,0.113,23
50.5441,157.3479,35.0,4.3,35,130.0,2.577,0.52,us,11.27,1.944,0.094,32
51.1902,159.4949,10.0,5.2,31,125.0,1.909,0.56,us,8.45,1.89,0.089,41
50.1825,158.911,10.0,4.9,70,126.0,2.85,1.0,us,8.0,1.873,0.048,138
-2.3449,138.9645,40.796,4.5,44,68.0,0.928,0.96,us,5.79,7.025,0.101,29
51.665,160.44,10.0,4.0,20,120.0,1.748,0.49,us,11.69,1.924,0.126,17
49.7936,155.8633,69.691,4.6,55,135.0,3.512,0.33,us,12.34,7.44,0.05,122
39.3494,71.7208,10.0,4.2,16,131.0,0.142,1.41,us,3.56,1.924,0.187,8
30.2993,67.8799,10.0,4.3,57,99.0,4.335,0.9,us,6.13,1.878,0.093,34
29.0675,86.7312,10.0,4.2,32,97.0,3.889,0.78,us,5.18,1.9,0.088,36
50.2982,158.1486,10.0,4.2,35,138.0,2.747,0.62,us,11.99,1.923,0.103,26
6.1102,127.2399,35.0,5.0,55,51.0,1.905,1.43,us,6.49,1.876,0.06,89
2.9108,95.4296,22.095,4.3,26,135.0,2.673,0.54,us,7.3,6.227,0.117,21
28.4953,87.3902,10.0,4.3,43,115.0,1.989,0.44,us,9.81,1.901,0.083,41
36.1168,139.8707,66.087,4.0,23,155.0,1.407,0.74,us,5.75,9.141,0.144,13
51.3638,159.2868,31.654,4.5,28,135.0,2.002,0.47,us,12.83,6.443,0.116,22
-21.1459,168.6612,10.0,4.3,14,164.0,1.845,0.92,us,7.75,1.738,0.168,10
52.9914,161.2738,12.541,4.7,50,118.0,1.586,1.22,us,9.24,5.052,0.09,38
41.0148,142.6678,51.628,4.5,64,134.0,1.065,0.67,us,6.32,7.375,0.071,58
-40.5083,175.7816,35.0,4.3,34,64.0,0.217,0.95,us,3.43,1.931,0.153,12
-6.241,151.6536,10.0,4.6,71,124.0,1.957,0.6,us,8.88,1.874,0.07,63
30.9563,67.3163,10.0,4.5,27,168.0,3.865,0.35,us,10.45,1.84,0.135,16
51.2543,-174.8171,10.0,4.0,65,190.0,1.007,0.68,us,5.42,1.804,0.076,46
53.6861,160.5009,50.581,4.8,183,115.0,1.293,0.62,us,3.55,6.623,0.043,164
52.0184,158.7075,63.28,4.2,18,123.0,1.007,0.74,us,11.29,4.098,0.128,17
-56.8866,-140.9671,10.0,4.2,10,93.0,33.269,1.04,us,16.58,1.547,0.198,7
18.1329,145.2906,450.422,4.0,51,117.0,2.915,0.61,us,13.53,9.959,0.081,41
27.9608,142.7311,10.0,4.4,31,156.0,0.989,0.61,us,7.2,1.52,0.131,17
10.3876,122.3063,10.0,4.5,27,107.0,4.619,0.54,us,13.92,1.912,0.118,21
6.8332,126.9556,73.342,5.1,65,121.0,1.387,0.87,us,8.9,8.092,0.064,79
23.9447,121.5836,10.0,5.1,59,69.0,0.228,0.54,us,2.3,1.75,0.044,168
52.8179,160.9769,10.0,4.6,74,133.0,1.424,0.82,us,9.72,1.872,0.058,90
52.333,160.2423,43.243,4.6,101,143.0,1.191,0.88,us,9.2,7.624,0.051,116
50.1049,156.8232,35.0,4.2,26,226.0,3.057,1.23,us,11.3,1.976,0.132,16
1.354,126.2001,59.119,4.9,106,79.0,1.302,0.53,us,5.43,6.773,0.049,135
52.3932,160.5513,28.933,4.4,39,122.0,1.318,0.77,us,9.49,5.88,0.109,24
41.0913,78.5546,10.0,4.2,24,101.0,0.512,1.04,us,5.24,1.948,0.199,7
50.4878,156.7733,86.299,4.3,52,101.0,2.686,0.68,us,11.46,7.134,0.081,43
13.7959,56.963,10.0,4.3,30,103.0,11.114,0.47,us,14.02,1.948,0.109,24
49.8442,157.0068,50.493,4.4,54,135.0,3.297,0.38,us,13.24,7.826,0.083,42
43.7287,89.0912,10.0,4.5,58,79.0,4.767,0.87,us,9.12,1.94,0.106,26
25.8671,106.6062,10.0,4.0,21,126.0,5.079,0.85,us,9.15,1.896,0.173,9
36.5599,71.2843,222.085,4.0,46,96.0,1.994,0.95,us,7.23,7.794,0.134,15
-8.1718,-75.8205,10.0,4.9,65,135.0,3.117,0.75,us,9.33,1.885,0.05,127
37.6699,144.22,10.0,4.8,52,123.0,3.963,0.73,us,8.68,1.882,0.048,136
4.937,127.879,10.0,4.3,23,166.0,2.4,0.5,us,10.37,1.952,0.148,13
-46.031,-16.2286,10.0,5.0,65,70.0,15.345,0.55,us,11.22,1.837,0.076,56
0.7147,-26.0178,10.0,4.9,87,93.0,11.815,0.49,us,9.41,1.328,0.063,80
39.3974,143.4498,10.0,4.4,52,137.0,2.298,0.53,us,4.48,1.899,0.096,35
-0.9033,100.8527,10.0,4.9,52,72.0,3.943,0.87,us,8.51,1.861,0.086,42
-30.2388,-177.4398,35.0,4.7,21,201.0,1.059,1.16,us,9.81,1.983,0.134,18
-3.9403,99.2707,10.0,4.3,19,158.0,3.699,0.55,us,13.86,1.943,0.153,12
51.4799,159.4029,45.69,4.3,40,135.0,1.938,0.71,us,7.79,7.144,0.099,29
-1.6795,120.842,13.442,4.5,25,64.0,0.913,1.12,us,3.8,5.008,0.163,13
-6.1749,127.4623,411.927,4.5,45,83.0,2.934,0.59,us,11.97,9.109,0.089,37
-59.7567,-26.8249,37.676,5.1,47,78.0,15.325,0.59,us,9.98,4.894,0.067,72
-31.9438,-71.342,49.072,4.5,80,128.0,0.327,0.65,us,4.35,6.369,0.072,57
39.4367,143.4847,10.0,4.3,15,135.0,2.295,0.78,us,9.77,1.937,0.239,5
37.7922,144.1409,10.0,4.4,32,136.0,3.828,0.83,us,9.62,1.911,0.149,15
52.5887,160.8157,35.0,4.5,28,131.0,1.385,0.41,us,13.63,1.942,0.111,24
-3.5108,101.305,43.266,4.3,43,146.0,1.85,0.85,us,9.87,8.262,0.106,29
29.7915,92.3503,10.0,4.5,29,84.0,1.067,0.95,us,8.34,1.877,0.08,46
52.0109,-171.3717,35.0,3.8,27,175.0,1.182,0.74,us,6.75,1.987,0.169,10
51.8133,161.2857,10.0,4.3,33,214.0,2.018,0.72,us,5.18,1.988,0.116,21
53.0302,160.9551,10.0,4.4,27,137.0,1.392,1.05,us,12.18,1.929,0.144,14
42.5413,142.8743,90.819,4.1,37,109.0,0.566,0.46,us,8.78,8.681,0.106,24
-7.6963,127.6784,148.708,4.3,45,71.0,3.852,0.89,us,6.7,8.176,0.094,33
31.5172,-115.6079,5.0,4.2,39,86.0,0.477,1.26,us,1.46,1.846,0.091,34
51.6356,160.2222,10.0,4.5,16,137.0,1.692,0.41,us,13.84,1.944,0.15,13
6.7096,-72.9637,169.66,4.4,40,125.0,2.292,0.56,us,11.75,8.718,0.095,35
42.9679,145.383,46.696,4.2,59,166.0,1.902,0.68,us,8.57,8.21,0.086,38
32.3352,141.8054,10.0,4.3,23,145.0,1.85,0.84,us,7.82,1.926,0.178,9
35.3936,22.9898,60.234,4.4,52,94.0,1.978,0.96,us,3.28,6.661,0.09,37
-35.4508,53.763,10.0,4.5,12,127.0,11.97,0.68,us,16.14,1.74,0.242,7
52.221,159.6112,52.772,4.6,99,119.0,0.995,0.61,us,9.42,6.823,0.059,84
-6.9829,129.5921,150.547,4.1,22,132.0,4.827,0.78,us,10.27,5.309,0.135,15
-17.904,-177.4621,640.916,3.9,18,245.0,3.343,0.77,us,25.92,21.748,0.125,17
-30.9679,-179.3514,199.19,4.6,24,139.0,6.857,1.12,us,11.89,8.801,0.109,25
58.9973,-30.7819,10.0,4.5,76,52.0,7.291,0.46,us,9.14,1.89,0.069,61
30.0948,-135.9731,10.0,4.3,199,57.0,13.167,0.93,us,11.21,1.833,0.033,263
51.7915,159.8475,22.905,5.1,69,125.0,1.435,0.97,us,9.48,5.594,0.059,92
7.3345,126.9573,80.329,4.5,61,54.0,1.392,0.68,us,8.63,7.062,0.076,51
-32.682,-179.6924,10.0,4.3,7,250.0,5.137,0.15,us,13.72,2.011,0.188,8
-6.1107,153.6281,10.0,4.6,19,150.0,2.401,0.38,us,8.32,1.914,0.132,17
-57.283,-68.045,10.0,4.5,24,139.0,3.706,0.5,us,15.11,1.942,0.124,19
55.5635,-161.7158,163.749,3.5,29,66.0,0.145,0.27,us,6.97,4.552,0.247,4
-7.8188,154.4747,10.0,4.0,17,174.0,4.274,0.83,us,13.7,1.961,0.144,13
35.2301,22.4982,47.819,4.5,87,74.0,1.958,0.63,us,7.09,7.175,0.06,81
31.0108,143.0862,10.0,4.5,40,129.0,3.481,0.91,us,9.45,1.883,0.096,32
52.9044,160.8382,10.0,4.2,19,190.0,1.329,0.73,us,8.66,1.984,0.152,12
22.2312,143.4406,151.178,4.3,61,118.0,4.976,0.57,us,11.6,7.32,0.074,51
-4.0111,142.9279,68.88,4.8,55,76.0,2.673,1.09,us,8.17,7.783,0.071,62
52.6415,160.5051,35.0,5.1,204,103.0,1.189,0.96,us,7.9,1.886,0.022,642
83.339,-32.3826,10.0,4.0,24,67.0,2.695,1.2,us,7.71,1.913,0.163,11
16.5841,-59.6942,10.0,4.6,60,146.0,1.334,0.65,us,6.69,1.926,0.061,81
-22.4091,-69.6874,70.56,4.0,19,161.0,0.364,0.49,us,7.13,4.491,0.231,5
54.6509,168.1775,10.0,4.2,40,141.0,4.012,0.93,us,13.23,1.948,0.081,42
-55.6902,-26.2571,10.0,4.5,22,116.0,6.056,0.62,us,11.21,1.815,0.14,17
79.2928,2.743,10.0,4.4,43,61.0,3.958,0.55,us,9.3,1.821,0.095,32
-31.1514,-178.6343,60.457,4.6,18,160.0,1.982,0.54,us,10.39,9.156,0.146,14
14.0807,-93.2214,10.0,4.3,59,196.0,1.499,0.95,us,6.28,1.961,0.059,81
48.9237,153.6849,161.796,4.4,47,133.0,4.896,0.43,us,12.24,7.739,0.081,43
42.6048,141.9887,123.578,4.5,142,69.0,1.048,0.49,us,6.38,5.656,0.051,111
54.4719,-159.8452,36.302,3.9,36,208.0,0.39,0.75,us,5.36,5.008,0.148,12
52.2453,-168.4568,10.0,3.6,39,188.0,0.767,0.7,us,3.63,1.954,0.158,11
52.1464,161.3074,10.0,4.1,36,179.0,1.844,1.1,us,10.68,1.963,0.078,46
36.0774,142.5814,10.0,4.6,65,127.0,1.999,0.69,us,6.98,1.83,0.061,81
13.0963,125.6848,10.0,4.2,16,143.0,16.43,0.37,us,9.41,1.926,0.159,11
-6.1302,151.4819,10.0,4.7,56,149.0,1.891,0.4,us,8.98,1.878,0.073,58
60.5458,-139.8306,5.0,4.3,68,46.0,0.498,1.08,us,3.3,1.888,0.111,23
2.0682,96.6309,26.827,4.5,43,181.0,1.211,0.54,us,7.44,6.437,0.09,36
-8.5261,118.3772,134.968,4.6,51,62.0,0.665,0.81,us,7.81,6.515,0.094,36
50.9212,158.8723,10.0,4.4,51,130.0,2.11,0.79,us,9.61,1.901,0.084,41
-37.1699,-16.9678,10.0,4.5,16,70.0,3.72,0.56,us,12.66,1.893,0.145,14
50.1868,157.2929,35.0,5.5,113,77.0,2.935,0.78,us,8.49,1.888,0.025,535
7.0621,126.8812,66.09,4.5,35,112.0,1.292,1.13,us,8.9,8.155,0.094,33
51.9756,161.0779,10.0,4.5,59,173.0,1.818,0.96,us,11.03,1.939,0.057,91
51.4212,161.2622,10.0,4.2,18,130.0,2.271,1.05,us,9.7,1.932,0.128,17
-38.3677,178.6045,10.0,4.9,24,196.0,0.838,0.74,us,6.57,1.943,0.169,13
28.2952,51.6921,10.0,4.1,40,172.0,5.238,0.97,us,10.41,1.97,0.097,29
50.3372,157.0102,42.62,4.7,48,134.0,2.808,0.47,us,11.97,7.557,0.087,40
50.4674,157.669,35.0,4.9,57,123.0,2.631,0.52,us,10.48,1.909,0.028,399
7.204,126.7151,73.404,4.5,52,115.0,1.135,0.69,us,8.41,7.236,0.087,41
-18.3895,-178.1832,623.109,4.4,49,121.0,3.011,0.75,us,14.57,9.299,0.086,39
13.8676,145.119,107.614,4.3,27,104.0,0.369,0.78,us,9.22,6.358,0.126,18
-9.8142,118.9271,24.538,4.5,28,97.0,1.359,0.89,us,5.47,3.873,0.106,26
52.7186,160.7976,10.0,4.2,25,120.0,1.337,0.69,us,6.52,1.81,0.121,19
-2.1741,138.8715,35.0,4.8,48,67.0,0.844,0.85,us,6.57,1.903,0.082,46
2.4911,-76.2254,35.053,4.4,51,72.0,2.355,0.68,us,7.8,6.209,0.089,37
51.7945,158.4856,55.333,4.6,18,138.0,1.235,0.87,us,11.68,7.851,0.128,18
51.4563,159.6767,35.0,4.0,18,137.0,1.692,0.75,us,13.36,1.949,0.144,13
-60.5345,-26.9609,10.0,4.6,36,84.0,14.683,0.77,us,11.49,1.898,0.091,36
-16.0544,-71.3476,157.298,4.2,12,264.0,2.351,0.62,us,10.89,12.465,0.159,11
-17.0648,167.9348,23.559,4.4,22,159.0,1.755,0.58,us,10.27,6.584,0.134,16
-4.8537,152.8551,59.019,4.2,21,121.0,0.953,0.52,us,10.21,9.684,0.136,15
-15.2168,-173.3241,10.0,4.5,24,104.0,1.98,0.67,us,11.15,1.88,0.163,13
29.3391,129.3935,10.0,4.7,62,108.0,2.348,0.41,us,6.97,1.878,0.057,93
48.6505,157.5813,10.0,4.6,89,134.0,4.43,0.82,us,9.06,1.854,0.054,102
-18.0416,-178.2107,599.181,4.2,47,79.0,2.786,0.74,us,14.2,9.276,0.086,37
48.9429,154.5563,84.354,4.1,19,137.0,4.618,0.71,us,13.16,8.918,0.139,14
43.5908,147.6524,35.0,4.7,66,137.0,3.663,1.11,us,11.59,1.929,0.062,79
50.9747,159.6394,10.0,4.5,24,223.0,2.141,0.78,us,7.72,1.937,0.14,15
23.7537,122.5237,10.0,4.8,85,74.0,0.838,0.74,us,1.94,1.842,0.05,123
29.3423,129.4711,10.0,4.6,27,129.0,2.32,0.75,us,9.41,1.906,0.132,17
7.1034,126.8568,74.471,4.2,24,133.0,1.268,0.64,us,12.06,8.521,0.132,16
13.7632,-92.0983,35.0,4.4,45,161.0,2.504,0.46,us,9.32,1.97,0.059,83
53.7879,-165.5072,63.549,3.6,34,170.0,0.342,0.32,us,5.81,11.269,0.125,16
-7.4704,128.2213,144.482,4.5,27,62.0,4.521,0.83,us,9.57,7.854,0.113,23
23.0944,94.8608,94.964,4.2,19,129.0,1.88,0.49,us,14.29,10.808,0.146,13
-22.2504,-68.6311,113.427,4.3,22,54.0,0.725,0.68,us,5.39,5.492,0.129,21
45.2233,-130.0989,10.0,3.6,30,218.0,0.722,0.88,us,8.85,2.0,0.125,16
27.2215,64.4073,28.538,4.3,36,156.0,7.715,0.73,us,14.96,8.159,0.096,31
43.2345,146.029,63.305,4.5,65,133.0,2.445,0.45,us,10.0,7.495,0.075,52
52.1808,160.4261,10.0,4.4,18,166.0,1.373,1.19,us,13.63,1.948,0.127,18
29.0247,86.7789,10.0,4.3,18,163.0,3.855,0.75,us,10.65,1.932,0.153,12
51.4757,159.519,10.0,5.3,116,77.0,1.64,0.85,us,7.06,1.842,0.022,682
-20.0941,-69.0459,110.96,4.2,22,64.0,0.111,0.55,us,5.66,4.453,0.167,10
71.1097,-7.8105,10.0,4.6,73,61.0,4.709,0.73,us,3.76,1.848,0.061,81
-6.4239,146.8437,47.489,4.6,71,42.0,2.978,0.52,us,7.43,7.24,0.077,50
-57.7727,158.171,36.909,4.8,15,142.0,3.311,0.35,us,15.86,14.026,0.197,8
36.3098,71.4477,117.474,4.4,52,75.0,2.164,0.57,us,7.3,7.613,0.082,43
49.3583,155.39,75.832,4.5,65,136.0,4.025,0.69,us,7.82,7.594,0.051,111
50.3392,158.5233,21.723,4.3,33,132.0,2.689,0.32,us,9.27,4.77,0.111,23
-5.8142,152.5266,10.0,4.7,74,110.0,1.578,0.64,us,4.29,1.888,0.068,65
34.9271,26.6098,10.0,4.3,51,154.0,0.766,0.91,us,6.25,1.902,0.077,48
-6.4242,128.1732,381.771,4.0,24,68.0,5.09,0.47,us,6.23,10.62,0.173,9
50.1885,156.7396,70.95,4.2,29,144.0,2.984,0.48,us,12.76,8.826,0.11,23
-10.7629,165.1071,61.329,5.1,138,33.0,5.084,0.64,us,8.06,4.158,0.035,265
12.2333,144.0086,51.16,4.3,38,155.0,1.587,0.89,us,11.68,9.152,0.1,28
52.9284,160.7605,35.714,5.5,123,76.0,1.28,0.68,us,8.97,6.466,0.029,426
16.4847,-59.6373,10.0,4.6,38,82.0,1.373,0.81,us,5.73,1.493,0.087,40
-7.3196,147.8867,58.863,5.1,105,29.0,2.193,0.58,us,8.9,5.169,0.058,96
49.7002,158.3167,19.776,4.2,45,138.0,3.334,0.65,us,12.63,5.287,0.095,31
51.3461,158.9338,42.251,4.2,20,138.0,1.689,1.36,us,13.86,8.481,0.146,13
52.2582,160.3396,10.0,5.0,170,117.0,1.283,0.69,us,8.74,1.868,0.043,170
-51.5125,138.4991,10.0,4.3,13,92.0,19.753,0.2,us,11.89,1.946,0.168,10
52.157,160.4571,10.0,4.6,42,123.0,1.403,0.96,us,9.12,1.87,0.082,44
50.2401,156.1622,84.877,4.4,42,192.0,3.027,0.56,us,13.51,9.418,0.09,35
-56.0013,-27.6013,105.358,4.5,29,100.0,5.38,0.36,us,13.21,9.396,0.102,28
52.5477,160.979,10.0,4.0,22,121.0,1.493,0.86,us,9.61,1.924,0.149,14
-6.9036,155.6917,35.0,4.6,49,93.0,4.426,1.01,us,9.57,1.918,0.084,46
-32.6051,-178.3589,10.0,4.6,17,212.0,5.65,0.55,us,14.56,1.97,0.164,11
37.5486,142.2691,35.0,4.4,50,127.0,3.4,1.24,us,9.28,1.911,0.091,35
-45.8845,95.7899,10.0,4.6,19,98.0,20.945,0.75,us,15.45,1.915,0.137,16
34.7289,68.712,10.0,4.2,41,169.0,0.409,0.64,us,6.17,1.959,0.113,22
53.5129,160.1176,66.432,4.8,105,126.0,1.009,0.55,us,10.23,6.956,0.056,100
37.183,141.0446,60.182,4.4,31,144.0,2.362,0.52,us,8.9,7.237,0.12,20
49.4127,156.648,10.0,4.4,25,138.0,3.759,1.24,us,10.69,1.912,0.12,20
44.4598,149.0076,58.296,4.4,32,143.0,4.618,0.44,us,10.66,8.684,0.118,21
-20.9163,-65.1486,314.573,4.1,32,84.0,3.832,0.56,us,11.06,13.118,0.151,12
1.2098,126.1823,58.906,4.1,25,104.0,1.261,0.95,us,5.68,5.557,0.131,18
49.1306,155.2613,73.527,4.3,50,135.0,4.268,1.05,us,12.64,7.969,0.08,45
-17.6692,-69.6126,165.68,4.3,20,117.0,0.149,0.85,us,9.5,8.202,0.153,12
-30.1026,-177.1731,10.0,4.5,21,213.0,1.079,0.89,us,9.5,1.967,0.128,18
50.3139,157.1431,35.0,4.1,20,193.0,2.82,0.74,us,13.48,1.978,0.145,13
17.4741,-94.6995,147.499,4.2,51,78.0,0.551,0.93,us,5.55,4.938,0.061,76
-33.7938,-179.6406,10.0,4.7,32,160.0,4.115,0.89,us,10.54,1.943,0.133,27
52.9949,160.5429,35.0,4.1,72,164.0,1.144,0.55,us,12.58,1.96,0.074,50
42.539,130.6594,575.724,4.4,191,83.0,1.922,0.62,us,10.26,7.249,0.036,226
-26.2598,-175.913,10.0,4.9,22,138.0,9.034,0.4,us,13.26,1.904,0.122,21
39.5608,143.2213,10.0,4.8,74,123.0,2.058,0.82,us,7.5,1.872,0.048,135
1.6354,127.1993,128.767,4.7,81,97.0,0.874,0.51,us,6.93,6.348,0.069,64
29.277,129.5242,10.0,4.3,18,111.0,2.365,0.32,us,5.97,1.916,0.177,10
16.4835,41.2462,10.0,4.4,33,165.0,3.58,0.62,us,6.77,1.919,0.109,24
-24.0159,-67.3347,217.018,4.2,19,145.0,1.312,0.78,us,11.49,7.035,0.2,7
-20.9301,-67.4047,187.696,4.6,45,51.0,1.817,1.13,us,7.1,7.433,0.093,35
-22.3676,-65.8268,270.762,4.8,95,59.0,2.249,0.97,us,9.02,6.93,0.03,347
42.9656,145.4249,65.812,4.3,50,134.0,1.928,0.61,us,10.1,7.798,0.094,32
50.5753,157.4751,35.0,4.7,36,130.0,2.54,0.92,us,9.57,1.927,0.095,34
6.9417,127.0141,33.488,4.3,23,74.0,1.43,0.78,us,7.84,5.518,0.143,14
52.895,160.2544,35.0,4.2,25,211.0,0.979,0.58,us,13.43,2.006,0.136,15
2.8603,-31.2444,10.0,4.9,51,46.0,14.194,0.44,us,6.17,1.84,0.061,84
2.1738,126.7535,59.612,4.1,15,131.0,1.522,1.2,us,7.72,7.14,0.175,9
9.357,93.9629,10.0,5.0,156,19.0,2.58,0.56,us,6.47,1.739,0.05,137
2.9528,-31.3475,10.0,4.9,46,66.0,19.996,1.02,us,12.86,1.882,0.07,73
-17.4834,-172.1175,10.0,4.6,27,97.0,2.615,1.12,us,4.66,1.905,0.125,19
49.908,156.3518,41.138,4.7,53,134.0,3.313,0.57,us,11.49,8.534,0.066,70
-6.8777,155.4381,35.0,4.3,42,96.0,4.212,0.46,us,9.77,1.921,0.097,31
-15.5489,-70.5949,205.95,4.2,26,139.0,2.293,1.02,us,6.54,10.124,0.102,27
-7.6961,127.6235,174.724,4.1,31,52.0,3.884,1.38,us,8.61,6.096,0.12,22
52.2378,160.0571,35.0,4.1,13,175.0,1.164,0.86,us,11.83,1.947,0.234,6
42.1183,81.305,10.0,4.6,87,98.0,1.805,0.6,us,6.47,1.89,0.064,72
-52.8105,21.813,10.0,4.4,19,113.0,20.431,0.37,us,12.75,1.903,0.126,18
19.6058,146.7683,10.0,4.5,68,134.0,4.44,0.4,us,5.24,1.895,0.076,51
52.6369,160.1565,35.0,4.4,28,121.0,0.993,0.91,us,10.71,1.948,0.138,15
39.3658,143.4878,39.126,4.3,23,134.0,2.34,0.85,us,4.24,7.647,0.153,13
49.871,157.4706,43.871,5.5,147,58.0,3.242,0.93,us,8.28,6.198,0.021,818
18.3466,145.5573,501.167,3.9,25,146.0,3.096,0.8,us,14.89,12.19,0.142,14
51.6371,159.4358,35.0,4.2,13,155.0,1.47,1.14,us,9.9,1.984,0.199,7
-8.5712,111.0566,117.464,4.1,20,91.0,1.631,0.48,us,5.87,8.559,0.175,10
-29.3547,-68.2498,24.5,4.3,27,148.0,1.721,0.63,us,5.75,6.438,0.267,4
-61.1332,-36.3328,10.0,5.0,60,62.0,13.067,0.52,us,11.86,1.838,0.076,56
51.5921,16.148,5.0,4.5,127,35.0,1.989,0.68,us,5.46,1.862,0.05,122
34.4855,139.4665,10.0,4.4,25,130.0,1.397,0.72,us,4.43,1.899,0.162,11
51.3099,159.8509,10.0,4.1,19,193.0,1.869,0.34,us,11.25,1.99,0.145,13
51.8281,159.8357,35.0,4.2,20,188.0,1.4,1.03,us,10.59,1.988,0.146,13
5.061,96.3786,184.473,4.0,31,107.0,0.59,0.71,us,12.28,6.318,0.104,25
52.4882,160.6529,26.59,4.1,36,145.0,1.33,0.88,us,10.37,6.932,0.112,22
42.8343,144.5628,63.3,4.1,58,133.0,1.324,0.99,us,7.29,7.046,0.087,36
52.1584,160.4659,10.0,4.5,33,120.0,1.406,1.32,us,5.42,1.904,0.102,28
49.9056,158.961,10.0,4.6,72,131.0,3.128,0.6,us,8.67,1.879,0.067,67
-61.2585,-35.6231,10.0,4.5,18,83.0,7.01,0.73,us,12.2,1.924,0.135,19
51.6342,159.609,30.238,4.7,114,126.0,1.511,0.74,us,8.55,3.654,0.05,123
52.0394,160.6021,10.0,4.2,30,67.0,1.547,0.67,us,10.19,1.909,0.118,20
51.2851,159.4375,20.422,4.5,42,138.0,1.807,1.03,us,11.04,4.364,0.097,31
-3.6014,151.3586,461.007,4.5,144,57.0,0.966,0.74,us,9.84,6.017,0.038,202
-17.2084,-174.6589,206.544,4.5,25,117.0,4.295,0.85,us,14.94,13.13,0.111,26
7.6113,-73.956,102.374,4.3,37,88.0,2.772,0.64,us,8.13,10.137,0.104,26
0.8463,126.0635,35.0,4.6,67,38.0,1.305,0.64,us,4.76,1.882,0.086,42
-20.6685,-178.089,522.112,4.2,59,100.0,4.663,0.8,us,13.89,8.436,0.076,48
-6.261,155.0497,132.382,4.6,60,67.0,3.534,0.7,us,9.1,3.903,0.053,105
54.5195,-160.086,35.0,4.4,57,158.0,0.425,0.56,us,4.93,1.947,0.13,17
51.8854,-173.9291,50.772,3.7,31,189.0,0.357,1.21,us,7.46,10.171,0.13,15
-23.9969,-66.7009,196.538,4.4,33,63.0,1.71,0.84,us,8.66,8.223,0.107,25
12.8559,145.4504,10.0,4.6,50,102.0,0.923,0.53,us,8.61,1.896,0.082,44
-27.7472,-177.7778,10.0,4.8,17,136.0,1.498,0.73,us,7.37,1.93,0.16,13
-36.5332,-110.6034,10.0,5.0,54,115.0,9.44,0.72,us,12.35,1.88,0.038,218
55.62,162.2358,55.334,4.2,43,131.0,3.343,0.55,us,5.57,8.212,0.093,32
9.2948,93.9639,10.0,4.6,84,49.0,5.007,0.53,us,9.67,1.856,0.067,66
-6.1334,154.5809,416.609,4.6,57,102.0,3.085,0.81,us,12.8,7.883,0.053,107
17.6585,146.1456,153.099,4.7,71,129.0,2.428,1.0,us,11.76,7.723,0.043,163
31.9766,141.0053,10.0,4.5,24,148.0,1.517,1.11,us,9.37,1.937,0.144,14
52.4435,160.7698,10.0,4.3,53,163.0,1.414,0.68,us,9.38,1.946,0.086,38
52.7995,160.6735,35.0,4.4,61,119.0,1.246,0.76,us,10.32,1.927,0.067,65
-33.9276,179.1735,248.268,4.2,22,171.0,3.695,0.99,us,7.43,9.384,0.128,17
51.5787,159.7664,10.0,4.8,91,120.0,1.601,0.7,us,8.06,1.884,0.06,84
52.1494,160.0293,35.0,4.4,23,124.0,1.214,0.51,us,8.31,1.961,0.107,25
9.8202,126.0977,32.396,4.5,13,139.0,2.781,1.27,us,15.3,5.594,0.192,8
50.0786,157.2271,35.0,4.5,23,138.0,3.048,0.54,us,13.75,1.948,0.15,14
-24.2019,-67.1947,199.752,4.3,28,74.0,1.537,1.32,us,11.15,8.032,0.122,19
-4.4077,153.5025,123.265,4.2,13,260.0,1.352,0.34,us,10.93,13.584,0.186,8
29.639,81.421,10.0,4.6,76,45.0,8.445,0.76,us,9.45,1.886,0.076,51
83.2412,-32.7761,10.0,4.3,37,83.0,2.684,1.09,us,8.69,1.902,0.089,39
13.4747,-89.9009,77.909,4.2,85,151.0,0.441,0.75,us,5.84,6.752,0.051,106
16.3711,-59.5654,10.0,4.3,43,165.0,1.433,1.05,us,8.93,1.942,0.122,19
39.4283,143.3003,43.866,4.5,56,134.0,2.188,0.6,us,9.14,7.483,0.075,52
-14.7719,167.6181,158.433,4.0,11,280.0,6.566,0.61,us,8.64,14.502,0.183,8
-37.99,78.3647,10.0,4.3,27,150.0,40.316,0.75,us,11.43,1.926,0.114,22
50.3592,158.7342,10.0,4.3,57,133.0,2.669,0.39,us,9.32,1.906,0.085,39
-4.6824,155.2729,518.468,5.0,162,20.0,3.258,0.68,us,8.63,4.342,0.03,363
41.2916,142.346,51.965,5.0,124,123.0,0.944,0.47,us,4.64,6.017,0.053,113
52.3016,-169.4338,35.0,3.8,52,175.0,0.517,0.9,us,4.68,1.884,0.075,46
41.04,142.8684,44.744,4.3,52,131.0,0.998,0.55,us,5.23,8.075,0.089,36
-19.4544,-70.2198,38.372,4.3,18,170.0,0.816,0.53,us,2.54,13.703,0.237,5
-8.5603,110.5044,85.376,4.3,17,110.0,1.503,0.65,us,8.13,7.705,0.187,8
63.6746,-23.2381,10.0,4.3,55,100.0,1.363,0.79,us,8.72,1.927,0.071,56
-57.9072,157.6187,10.0,5.8,45,100.0,3.496,0.37,us,9.93,1.878,0.092,43
-3.5765,135.5487,10.0,5.0,46,32.0,1.313,0.83,us,6.39,1.815,0.072,62
16.7087,120.3902,71.961,4.6,49,107.0,6.112,1.05,us,10.38,4.287,0.075,53
51.7276,159.6064,35.0,4.4,33,126.0,1.424,0.44,us,7.7,1.899,0.096,31
49.9298,157.2372,34.618,4.7,70,135.0,3.196,0.54,us,11.76,5.72,0.041,177
43.4409,131.3792,541.192,4.0,58,73.0,0.877,0.64,us,12.62,9.406,0.077,46
-2.8451,129.5201,10.0,4.6,55,50.0,1.71,0.52,us,2.71,1.873,0.072,57
49.449,160.1193,10.0,4.4,39,139.0,3.696,0.93,us,11.86,1.908,0.101,28
46.062,143.7424,342.028,4.4,63,129.0,1.124,0.64,us,6.56,5.887,0.027,385
-18.5726,-69.7518,126.799,4.3,35,100.0,0.331,0.82,us,4.29,3.783,0.129,17
35.1749,23.2911,44.106,4.3,64,76.0,2.284,0.61,us,7.82,7.556,0.077,48
3.3885,122.8022,536.715,4.3,22,94.0,2.985,0.66,us,15.0,11.866,0.16,13
51.5331,159.9652,10.0,4.5,27,127.0,1.697,0.91,us,10.25,1.925,0.109,25
5.1217,125.5639,10.0,4.3,21,131.0,0.395,1.14,us,7.16,1.906,0.137,15
13.9576,-92.3821,39.858,4.1,32,184.0,0.999,0.96,us,2.29,11.396,0.117,20
52.0434,161.0358,10.0,4.2,19,167.0,1.757,1.19,us,9.18,1.761,0.167,10
-5.3606,152.0168,40.862,4.7,49,154.0,6.272,0.76,us,14.49,7.708,0.065,72
51.253,159.3271,26.563,4.7,44,135.0,1.822,0.73,us,11.05,6.075,0.083,44
52.4134,160.5197,10.0,4.6,49,176.0,1.291,0.81,us,5.56,1.819,0.069,64
-19.8195,169.8249,10.0,4.6,21,127.0,3.556,0.47,us,6.94,1.802,0.157,12
52.1916,160.8387,33.507,4.5,35,179.0,1.573,0.91,us,12.16,7.013,0.079,47
51.5332,159.6339,31.098,4.4,36,136.0,1.61,0.93,us,10.1,6.129,0.096,34
51.3039,159.5142,10.0,4.2,19,189.0,1.803,0.56,us,11.08,1.98,0.159,11
-15.2895,-173.2588,10.0,4.6,35,120.0,1.982,0.76,us,12.3,1.87,0.08,46
52.5153,158.3911,10.0,4.1,12,134.0,0.533,0.78,us,7.54,1.849,0.198,7
36.7989,71.0557,223.427,4.0,20,178.0,1.89,0.69,us,8.67,9.084,0.164,11
19.2908,39.2095,10.0,4.5,32,74.0,6.831,0.91,us,11.04,1.916,0.082,43
22.9464,96.0654,10.0,4.0,25,110.0,3.662,0.85,us,11.75,1.9,0.144,13
11.1406,124.1708,10.0,4.2,19,137.0,4.277,1.39,us,17.06,1.917,0.166,13
50.9596,-179.1076,12.722,4.2,105,212.0,0.623,1.01,us,5.97,8.279,0.064,67
-10.8595,165.5733,35.0,4.7,40,113.0,5.716,0.54,us,14.03,1.929,0.087,45
52.8481,160.7097,10.0,4.2,17,117.0,1.259,0.64,us,11.34,1.945,0.152,12
7.3537,127.0636,48.251,4.8,81,104.0,1.5,0.9,us,9.78,5.613,0.061,83
2.3659,126.7741,65.091,4.4,39,107.0,2.139,1.1,us,9.67,7.007,0.095,32
49.8638,157.991,10.0,4.5,27,135.0,3.191,0.84,us,9.92,1.92,0.124,19
-14.6197,167.2913,182.26,4.3,26,71.0,0.827,0.82,us,10.83,5.358,0.122,19
-57.85,157.672,34.726,4.6,32,100.0,3.434,0.4,us,13.45,2.423,0.112,24
52.7629,160.91,32.003,4.0,26,143.0,1.394,0.44,us,9.09,4.261,0.129,16
-6.3016,128.0976,355.026,4.2,58,41.0,5.114,0.71,us,7.58,8.857,0.093,36
25.5434,56.1875,11.485,4.3,31,76.0,0.596,0.82,us,8.41,5.224,0.097,30
-19.6551,-178.23,563.264,4.1,13,230.0,3.898,0.98,us,29.6,28.019,0.166,10
-45.3527,97.3138,10.0,4.4,11,157.0,22.154,0.24,us,9.58,1.933,0.189,8
52.7805,160.2293,35.0,4.5,55,150.0,0.987,0.57,us,5.43,1.935,0.08,46
43.0292,145.6491,74.29,4.4,44,124.0,2.103,0.62,us,3.81,7.672,0.109,24
40.3302,142.4798,58.501,4.5,49,131.0,1.172,0.6,us,6.78,7.995,0.098,30
50.3131,158.2444,10.0,4.5,90,171.0,2.726,0.74,us,10.64,1.924,0.054,100
37.5165,71.8936,158.217,4.1,23,258.0,1.959,0.58,us,11.31,12.133,0.233,5
-8.8055,123.6584,106.656,4.3,18,154.0,1.119,1.08,us,8.3,8.066,0.132,16
11.7318,-87.459,39.674,4.9,71,141.0,1.05,0.83,us,6.61,8.372,0.031,325
-11.5634,166.2988,115.859,4.3,32,145.0,3.959,0.61,us,9.39,8.35,0.113,22
36.739,54.7048,10.0,4.6,58,104.0,2.968,1.2,us,6.77,1.876,0.058,88
44.2724,83.4036,10.0,4.7,61,80.0,2.64,0.7,us,3.48,1.843,0.053,110
-14.801,-174.5932,233.96,4.4,19,179.0,2.865,0.56,us,13.48,10.138,0.13,17
35.2159,46.7802,10.0,4.0,32,63.0,0.874,0.54,us,6.1,1.922,0.163,13
-8.8417,124.1877,98.987,4.4,30,78.0,0.911,1.15,us,9.15,7.637,0.109,24
-52.149,14.7784,10.0,4.3,13,119.0,20.24,0.85,us,15.08,1.957,0.168,12
18.3051,146.3914,83.562,4.2,19,148.0,3.101,0.49,us,10.85,9.575,0.146,13
52.2697,160.5661,10.0,4.6,71,131.0,1.39,0.93,us,10.78,1.908,0.072,58
52.2516,160.7421,10.0,5.1,97,107.0,1.491,0.67,us,7.86,1.858,0.022,650
53.4639,160.0373,70.746,4.2,28,163.0,0.943,0.7,us,13.62,10.476,0.112,22
-35.9912,-179.9542,10.0,4.3,13,245.0,2.1,0.79,us,15.6,2.002,0.169,10
30.2671,69.8789,10.0,4.6,25,172.0,4.282,0.9,us,12.27,1.954,0.133,17
39.4542,20.6484,22.053,4.1,80,66.0,1.38,1.08,us,5.96,5.361,0.088,35
53.049,159.9976,53.076,4.5,111,132.0,0.814,0.84,us,9.54,6.926,0.054,103
51.0869,159.0487,10.0,4.2,29,219.0,1.955,0.72,us,12.97,1.974,0.118,20
-21.9662,-179.5547,600.289,4.3,21,208.0,4.765,0.66,us,22.71,15.223,0.138,18
-6.4851,153.2283,10.0,4.5,36,149.0,2.473,0.71,us,12.77,1.916,0.101,29
6.9583,-73.1465,149.925,4.1,31,156.0,2.403,0.86,us,9.76,11.607,0.114,21
-18.6178,-177.9971,530.181,4.9,158,30.0,3.292,0.69,us,9.13,4.181,0.027,427
52.1059,159.4838,35.0,4.3,29,123.0,1.05,0.74,us,8.19,1.927,0.122,19
-18.1459,-178.145,571.372,4.0,25,86.0,2.896,0.82,us,9.71,10.414,0.119,19
10.9745,123.8122,10.0,4.6,42,126.0,4.254,0.97,us,6.0,1.901,0.09,37
52.8893,160.8106,10.0,5.2,136,73.0,1.314,1.26,us,8.08,1.786,0.027,464
-24.4969,-67.9147,130.0,4.2,27,85.0,1.557,0.64,us,2.8,2.0,0.199,7
48.6211,157.4251,10.0,5.0,66,136.0,4.476,0.62,us,8.85,1.876,0.028,416
52.5477,160.5014,40.23,4.3,53,134.0,1.221,0.57,us,11.24,7.723,0.081,43
54.5304,-160.4077,35.0,4.3,72,157.0,0.563,0.99,us,3.01,1.943,0.133,16
-33.3548,-70.2052,8.845,4.2,32,53.0,0.078,0.76,us,1.82,3.17,0.187,8
-18.957,-174.975,191.174,4.5,22,109.0,4.777,0.73,us,15.33,12.28,0.121,20
-1.8217,139.2059,17.683,4.8,36,98.0,1.263,0.56,us,4.86,4.666,0.111,25
14.3348,-91.8126,85.517,4.7,112,40.0,1.961,0.92,us,8.99,5.342,0.033,279
52.9671,160.3815,35.0,4.5,25,167.0,1.048,0.75,us,12.47,1.96,0.145,14
52.2116,160.7926,10.0,4.3,26,178.0,1.539,0.77,us,6.19,1.942,0.122,19
52.7787,160.924,10.0,4.6,74,119.0,1.399,0.95,us,6.06,1.744,0.063,75
14.4467,-91.1473,98.851,4.2,100,177.0,1.433,0.76,us,9.06,9.079,0.054,102
-6.8229,129.7353,165.067,4.5,36,91.0,2.292,0.84,us,11.54,8.401,0.102,31
-23.207,-67.8723,135.65,4.5,41,83.0,0.38,0.9,us,9.22,4.477,0.053,103
-13.3912,167.9925,622.667,4.2,101,45.0,2.182,0.69,us,10.74,7.166,0.053,99
-23.4303,179.0358,559.959,4.6,54,132.0,5.731,0.95,us,13.78,9.717,0.057,93
49.7972,156.1874,46.985,4.6,51,132.0,3.448,0.65,us,10.31,6.968,0.072,57
-6.6097,154.7994,25.472,5.0,87,62.0,3.558,0.42,us,8.68,4.448,0.057,100
54.4877,-160.3001,36.392,3.7,34,158.0,0.537,0.74,us,5.4,7.634,0.191,7
-30.5376,-179.1076,235.117,4.5,45,81.0,1.645,1.34,us,13.89,7.691,0.083,43
-23.1003,-114.9789,10.0,4.5,23,171.0,40.191,0.56,us,18.19,1.939,0.115,22
2.4029,128.4917,230.487,4.5,82,77.0,1.972,0.78,us,8.45,7.24,0.067,65
55.9698,163.9536,38.997,4.2,16,144.0,4.635,0.85,us,10.07,8.889,0.152,12
51.5991,159.0342,47.395,4.5,36,173.0,1.446,0.98,us,11.32,8.118,0.088,38
29.2677,129.4653,10.0,4.9,60,57.0,2.391,0.85,us,6.53,1.306,0.041,192
38.3902,119.3497,10.0,4.5,38,111.0,2.956,0.69,us,6.47,1.875,0.089,37
-18.0508,-178.2073,623.734,4.2,29,122.0,2.794,0.67,us,14.75,13.397,0.1,29
39.6279,143.3411,20.53,5.3,74,98.0,2.094,0.8,us,7.45,3.723,0.074,62
34.6792,70.6092,10.0,4.5,71,104.0,1.227,1.02,us,8.11,1.908,0.068,64
52.3084,160.3714,31.272,4.9,36,123.0,1.813,0.61,us,8.17,4.88,0.108,27
-55.9542,-27.8536,111.301,4.2,11,108.0,5.231,0.23,us,14.14,8.135,0.166,10
39.1655,28.2881,10.0,4.1,18,70.0,1.08,0.58,us,5.32,1.977,0.302,3
51.5092,159.126,35.0,6.0,83,53.0,1.545,0.83,us,7.47,1.863,0.078,62
50.0802,156.7628,41.912,4.1,25,131.0,3.088,0.67,us,9.86,5.733,0.15,12
-1.2033,127.155,10.0,4.8,40,88.0,3.503,0.67,us,7.89,1.873,0.097,33
50.2465,159.1692,10.0,4.3,19,231.0,2.8,0.62,us,7.69,1.965,0.218,7
50.2768,159.0998,10.0,4.9,71,125.0,2.765,1.03,us,8.39,1.87,0.029,363
27.6675,53.0396,10.0,4.0,23,85.0,3.926,0.71,us,8.24,1.94,0.122,18
-0.1151,122.9046,98.149,4.2,24,73.0,2.447,1.0,us,7.19,9.753,0.136,15
-22.8542,-112.5302,10.0,4.5,23,74.0,39.641,0.91,us,12.65,1.846,0.144,15
-1.0187,-13.4111,10.0,4.9,42,75.0,44.573,0.47,us,14.62,1.874,0.091,38
7.1636,127.2666,10.0,4.3,28,83.0,1.677,1.17,us,8.56,1.903,0.119,20
52.9643,160.9211,10.0,4.8,81,103.0,1.374,0.88,us,7.58,1.844,0.036,243
-16.0973,-173.7617,188.553,4.1,23,119.0,2.897,0.78,us,11.19,13.421,0.124,18
-7.8895,117.6906,12.248,4.2,19,80.0,0.936,0.77,us,6.87,4.891,0.167,10
-14.7622,166.8638,10.0,4.6,21,140.0,0.756,0.75,us,5.3,1.927,0.147,14
40.1,36.0262,10.0,4.4,47,35.0,0.412,0.61,us,2.75,1.868,0.117,21
51.7415,158.6828,63.654,4.1,26,102.0,1.284,0.74,us,5.2,7.893,0.127,17
27.4606,52.5881,10.0,4.4,62,80.0,4.102,0.59,us,9.18,1.896,0.082,43
29.3846,129.2979,10.0,4.8,29,108.0,2.341,0.69,us,6.2,1.658,0.101,31
50.4101,157.5478,69.115,4.7,28,173.0,2.704,1.15,us,12.76,9.329,0.12,21
-17.7943,-178.6656,565.087,4.3,82,111.0,2.289,0.71,us,13.08,8.307,0.062,72
-33.6161,-72.6841,10.0,4.3,26,197.0,0.893,0.93,us,4.57,1.772,0.217,6
49.9492,156.5751,70.919,4.8,135,132.0,3.24,0.76,us,9.41,6.881,0.05,121
60.6578,-139.9672,5.0,4.2,47,48.0,0.536,1.22,us,1.71,1.883,0.16,11
-21.5986,-68.3806,145.16,4.4,37,87.0,0.825,0.75,us,6.27,6.361,0.117,21
-2.3293,139.1544,40.0,4.4,27,71.0,1.117,1.12,us,6.6,7.298,0.13,17
33.1712,-39.6429,10.0,4.7,21,94.0,12.386,0.79,us,11.72,1.806,0.137,16
-4.9586,106.671,377.131,4.4,81,42.0,1.206,0.75,us,8.62,5.712,0.071,57
12.5563,-88.137,50.904,4.3,70,137.0,0.925,0.99,us,3.57,8.217,0.071,56
-5.7317,148.9108,152.01,4.4,32,80.0,3.411,0.52,us,8.38,8.094,0.112,23
52.8311,159.6597,68.279,4.7,131,130.0,0.641,0.64,us,9.91,6.611,0.051,115
54.6579,-160.4966,10.081,4.0,40,188.0,0.554,0.75,us,3.51,6.079,0.231,5
52.9373,160.7052,47.898,5.7,88,147.0,1.246,0.77,us,9.41,6.148,0.05,144
52.8886,160.7292,10.0,4.6,38,133.0,1.265,1.15,us,12.82,1.921,0.077,50
-31.6828,179.8822,409.734,4.2,36,180.0,6.007,1.11,us,15.55,13.757,0.125,20
45.6362,150.0882,103.994,4.3,99,135.0,5.248,0.54,us,10.45,7.643,0.061,81
53.2985,161.1212,10.0,4.3,20,116.0,1.513,0.88,us,9.01,1.902,0.129,17
-18.1107,-178.2408,575.904,5.1,89,31.0,2.801,0.64,us,11.51,6.395,0.025,534
9.4361,94.1008,10.0,4.3,22,177.0,5.497,0.63,us,12.43,1.814,0.138,15
52.1694,160.0339,35.0,4.4,25,134.0,1.202,0.91,us,8.71,1.826,0.13,17
51.8911,160.372,10.0,4.5,18,160.0,1.548,0.78,us,11.43,1.955,0.15,16
52.8728,161.1066,10.0,5.0,92,117.0,1.494,1.2,us,9.54,1.872,0.034,274
52.8408,160.0032,46.784,4.8,84,127.0,0.839,0.8,us,9.52,6.872,0.034,265
50.0285,157.6496,10.0,4.7,76,128.0,3.063,1.21,us,5.4,1.88,0.034,260
2.0809,97.0491,10.0,4.2,14,186.0,0.934,0.7,us,7.85,1.978,0.175,9
36.7754,72.9519,10.0,4.9,68,79.0,1.579,0.98,us,7.46,1.853,0.063,79
37.4074,66.2685,10.0,4.3,29,145.0,2.498,0.69,us,9.75,1.976,0.2,7
31.6492,138.1785,378.015,3.8,34,89.0,2.013,0.72,us,10.35,8.974,0.114,20
-30.3899,-72.1556,16.765,4.4,34,142.0,0.531,0.72,us,4.39,4.955,0.19,8
55.175,-163.2969,189.104,3.8,46,133.0,0.827,0.74,us,5.42,7.825,0.161,10
50.9796,158.9758,26.593,4.2,47,129.0,2.057,0.48,us,10.81,6.21,0.079,44
-22.3438,171.5008,126.548,4.6,27,114.0,3.759,0.68,us,10.1,8.509,0.125,20
-47.7996,115.9578,10.0,4.6,37,128.0,14.887,0.4,us,13.08,1.914,0.095,33
-52.9739,22.0891,10.0,4.6,15,114.0,20.603,0.75,us,13.45,1.522,0.151,14
7.1583,127.0591,57.386,4.7,53,77.0,1.471,0.97,us,9.16,7.388,0.084,43
-50.3426,112.7229,10.0,4.6,20,141.0,21.396,0.57,us,15.08,1.927,0.133,19
51.3626,160.3989,10.0,4.0,28,168.0,1.981,0.77,us,10.83,1.915,0.123,18
39.8024,141.7717,65.308,4.3,48,133.0,1.124,0.49,us,7.04,7.568,0.102,28
50.0007,159.5453,10.0,4.2,16,208.0,3.078,0.27,us,11.38,1.998,0.177,9
36.7152,27.0117,146.758,4.2,31,96.0,1.025,0.67,us,6.41,5.848,0.118,20
-7.3597,120.1887,435.121,4.0,14,128.0,2.37,0.72,us,14.22,11.315,0.211,6
-21.0419,175.4969,600.764,4.4,39,136.0,5.837,0.71,us,14.83,10.137,0.094,33
3.2111,-31.4124,10.0,4.5,43,95.0,13.989,0.82,us,5.73,1.9,0.092,36
50.3531,158.6429,21.896,4.3,22,133.0,2.674,0.83,us,9.09,4.44,0.161,11
52.3267,160.8481,32.872,4.1,22,88.0,1.509,0.78,us,10.97,6.422,0.131,16
38.262,73.0607,104.769,4.3,33,183.0,0.456,0.61,us,3.67,6.16,0.142,14
-22.8178,-68.4882,110.59,4.2,42,53.0,0.315,1.23,us,6.52,5.202,0.092,33
52.0965,160.9089,10.0,4.4,22,156.0,1.662,0.63,us,8.85,1.812,0.143,14
-5.8083,154.75,171.592,4.1,21,204.0,3.036,0.77,us,17.32,16.754,0.135,15
52.2964,160.5443,10.0,4.2,35,137.0,1.364,0.34,us,11.02,1.923,0.107,24
-9.5772,125.0843,10.0,4.4,15,71.0,0.825,1.33,us,5.79,1.154,0.19,8
14.0767,147.0095,10.0,4.4,26,155.0,1.647,0.59,us,8.22,1.932,0.134,16
-34.2051,179.3238,220.519,4.5,30,93.0,3.45,1.01,us,11.33,8.571,0.102,28
50.8744,158.6797,10.0,4.2,39,130.0,2.152,0.63,us,6.95,1.886,0.09,34
-30.342,-178.6068,168.546,4.2,15,259.0,7.644,1.23,us,21.8,15.221,0.146,13
52.957,160.5551,35.0,4.1,17,118.0,1.154,0.61,us,10.99,1.944,0.135,15
52.1725,160.7874,10.0,5.0,35,124.0,1.558,0.88,us,7.66,1.891,0.08,50
39.5714,143.2128,10.0,4.4,24,152.0,2.047,0.57,us,6.19,1.92,0.143,14
-57.2058,-68.3105,10.0,4.3,12,151.0,3.581,1.26,us,10.59,1.965,0.217,6
-10.7121,166.0714,167.65,4.4,33,139.0,4.834,0.77,us,13.47,8.461,0.105,26
51.8442,160.1578,10.0,4.6,54,125.0,1.499,1.08,us,8.29,1.887,0.064,74
50.4242,159.7308,10.0,4.4,40,136.0,2.688,0.63,us,10.98,1.918,0.065,69
41.2787,142.398,54.639,4.5,84,141.0,0.93,0.45,us,7.14,7.655,0.067,66
51.338,159.159,37.534,4.6,19,92.0,1.717,1.0,us,9.88,9.212,0.141,15
7.3264,127.3499,15.686,4.5,39,127.0,1.775,1.13,us,8.24,4.561,0.093,34
22.0738,96.1641,10.0,4.9,104,68.0,1.447,0.54,us,7.09,1.856,0.062,82
51.1307,157.653,66.948,4.3,56,134.0,1.981,0.62,us,8.9,6.151,0.071,56
38.3847,-30.232,10.0,4.6,34,157.0,3.766,0.59,us,10.86,1.904,0.104,28
48.8898,156.9026,10.0,4.2,18,171.0,4.254,1.23,us,10.51,1.797,0.152,12
9.0513,126.2212,10.0,4.3,19,133.0,2.069,0.61,us,10.54,1.916,0.147,13
32.1694,87.9985,10.0,4.4,63,92.0,3.643,0.42,us,11.82,1.877,0.071,57
-8.4232,119.5816,182.437,4.3,34,61.0,1.425,1.29,us,6.83,7.129,0.119,20
50.227,159.1358,10.0,4.7,66,135.0,2.817,1.02,us,10.09,1.894,0.036,239
39.5444,143.5849,31.799,4.7,92,134.0,2.297,0.54,us,7.84,5.577,0.068,66
51.7951,160.6424,10.0,4.6,64,166.0,2.23,1.08,us,9.17,1.928,0.058,88
55.5825,161.7852,97.631,4.2,71,134.0,3.154,0.66,us,13.06,10.346,0.068,60
51.0136,158.2839,35.0,4.5,27,167.0,2.026,1.29,us,6.07,1.953,0.124,19
42.971,18.711,10.0,4.1,36,72.0,0.676,0.3,us,5.46,1.971,0.368,2
51.8036,158.6287,60.376,4.7,73,124.0,1.222,0.89,us,8.58,6.804,0.036,238
52.3124,160.2713,10.0,4.4,72,113.0,1.217,0.8,us,9.09,1.874,0.052,106
-18.3323,168.4127,39.846,4.3,19,197.0,3.094,1.01,us,8.09,6.816,0.16,13
49.921,156.1567,70.475,4.3,27,126.0,3.334,0.5,us,11.47,7.19,0.119,23
15.4713,-93.09,106.866,4.2,20,163.0,0.898,0.68,us,6.2,6.754,0.374,2
51.2716,159.3835,10.0,4.4,25,221.0,1.812,0.94,us,9.59,1.963,0.144,14
-23.1555,170.2002,10.0,4.8,24,162.0,2.596,0.51,us,11.26,1.945,0.128,19
6.8018,127.1295,31.637,4.3,32,109.0,1.562,1.2,us,8.01,5.187,0.114,22
-17.6271,-65.8958,10.0,4.5,28,43.0,1.971,1.2,us,3.59,1.888,0.106,28
50.6833,158.1511,27.675,4.7,134,88.0,2.364,0.79,us,8.39,5.359,0.05,121
27.2348,127.639,94.251,4.1,41,72.0,0.691,0.66,us,8.29,5.871,0.109,23
7.2969,127.3462,10.0,4.5,39,58.0,1.768,0.81,us,7.4,1.865,0.102,28
-23.5749,178.8762,558.428,4.4,25,100.0,5.851,1.2,us,13.65,6.32,0.117,21
9.3808,93.9854,10.0,4.7,55,50.0,5.064,0.9,us,10.31,1.869,0.086,41
9.3075,93.7511,10.0,4.2,27,179.0,5.823,0.57,us,13.83,1.943,0.128,18
0.1473,126.7177,68.024,4.1,27,56.0,0.898,0.57,us,6.45,8.464,0.146,13
-59.4233,-25.5308,34.612,4.5,26,172.0,15.307,1.01,us,12.54,7.449,0.104,27
4.0528,127.934,69.783,4.6,18,114.0,2.539,0.52,us,13.25,9.109,0.136,16
5.6861,-77.8684,10.0,4.2,17,124.0,2.38,1.3,us,6.56,1.789,0.136,15
-23.8061,179.0328,544.666,4.4,45,142.0,6.1,0.64,us,14.88,9.05,0.086,39
18.8533,120.5426,10.0,4.7,108,73.0,3.976,0.48,us,10.1,1.882,0.058,90
4.0476,127.8816,122.899,5.1,101,92.0,2.49,0.63,us,9.53,6.742,0.059,93
83.4353,115.4628,10.0,4.0,30,105.0,13.778,0.82,us,14.15,1.948,0.11,22
-9.1425,125.9261,10.0,4.5,19,129.0,1.746,0.96,us,9.36,1.908,0.135,16
-21.8902,-176.2243,196.38,4.2,20,132.0,6.533,0.66,us,18.75,14.5,0.166,11
53.2217,161.2928,10.0,4.3,41,116.0,1.605,1.38,us,8.31,1.864,0.092,34
-23.4007,170.8321,10.0,4.3,19,246.0,3.216,0.59,us,11.22,1.949,0.16,11
52.8515,160.8605,10.0,4.1,23,165.0,1.349,0.58,us,12.51,1.841,0.14,14
-11.9603,166.1371,70.99,5.0,83,115.0,3.617,0.99,us,10.43,7.066,0.067,71
-6.1815,152.1657,10.0,4.5,25,115.0,1.868,0.81,us,7.45,1.924,0.116,22
13.8667,39.798,10.0,4.3,27,110.0,3.773,0.71,us,9.91,1.927,0.133,16
-41.246,-91.0587,10.0,4.4,27,143.0,14.345,0.64,us,9.74,1.922,0.115,22
52.1012,161.1627,10.0,4.4,26,134.0,1.79,0.39,us,13.08,1.923,0.117,21
-6.0762,127.7737,404.814,4.2,38,54.0,2.624,0.44,us,9.87,9.95,0.132,16
-9.7669,160.6953,116.724,4.5,35,178.0,0.806,1.04,us,11.75,5.685,0.085,41
51.8636,158.5225,72.11,4.1,44,118.0,1.164,0.8,us,9.52,7.547,0.082,43
-30.0468,-71.6739,33.23,4.2,31,192.0,0.399,1.3,us,6.65,6.465,0.263,4
50.3121,158.7994,10.0,4.5,64,134.0,2.717,0.78,us,9.42,1.9,0.074,54
-51.012,162.1062,10.0,4.7,38,93.0,3.986,0.67,us,9.22,1.892,0.123,22
-2.1393,138.4607,10.0,4.7,40,71.0,0.454,0.75,us,4.51,1.832,0.102,29
51.4551,159.0953,35.865,4.7,34,124.0,1.594,1.04,us,10.08,7.847,0.102,29
51.9769,161.8628,10.0,4.2,51,120.0,2.226,0.88,us,8.62,1.904,0.071,60
37.2716,20.272,36.354,4.1,27,149.0,1.323,1.37,us,6.15,10.799,0.166,10
55.0413,163.3843,26.848,4.1,46,159.0,3.447,0.91,us,13.55,6.66,0.086,37
-22.5933,-68.0144,153.524,4.4,29,89.0,0.388,0.87,us,7.46,5.557,0.138,15
39.1979,28.2599,10.0,4.4,56,37.0,1.061,0.71,us,4.16,1.904,0.127,18
9.3119,93.8715,10.0,4.5,33,131.0,5.706,0.92,us,9.31,1.922,0.11,24
-24.1457,-67.0807,222.72,4.4,24,83.0,1.558,0.64,us,10.57,9.613,0.269,4
30.4466,69.518,37.479,4.4,111,66.0,8.196,0.49,us,10.15,6.977,0.056,99
2.5581,95.8302,33.799,4.2,22,204.0,2.143,0.36,us,9.92,7.626,0.136,15
-11.5648,166.2719,86.02,4.5,31,145.0,3.964,0.63,us,11.01,5.981,0.118,21
-5.0229,151.5509,142.497,4.6,48,78.0,1.027,0.65,us,6.51,6.72,0.079,47
-41.7988,-83.9195,10.0,5.3,59,138.0,10.123,0.93,us,8.17,1.771,0.037,240
51.0686,91.4009,10.0,4.3,32,144.0,4.947,1.03,us,8.75,1.952,0.113,22
30.6058,57.7005,10.0,4.1,26,90.0,5.792,0.64,us,15.13,1.917,0.097,29
50.0292,155.6747,79.776,4.1,37,135.0,3.332,0.89,us,11.73,8.616,0.109,23
6.8181,-73.0894,160.462,4.1,14,162.0,2.312,0.37,us,13.39,18.3,0.262,4
16.6079,-59.4498,10.0,4.2,21,216.0,1.578,0.67,us,10.35,1.966,0.2,7
30.6605,142.7651,10.0,4.4,39,130.0,3.506,0.85,us,8.44,1.891,0.085,40
50.7377,157.8617,61.759,5.6,119,119.0,2.341,0.68,us,10.43,6.556,0.019,1004
-32.6284,-70.5432,20.296,3.7,21,81.0,0.135,1.13,us,2.82,5.911,0.356,2
-10.466,161.2937,72.158,4.7,109,99.0,1.674,0.63,us,10.72,6.742,0.053,113
49.1287,154.6678,93.079,4.3,33,125.0,4.418,0.42,us,7.93,8.578,0.116,21
13.5274,120.7937,196.71,4.4,47,113.0,13.894,0.67,us,11.59,5.297,0.092,41
-2.5975,35.988,10.0,4.4,24,117.0,1.931,1.04,us,7.17,1.925,0.149,13
13.9504,-91.2257,62.751,4.0,33,192.0,1.281,0.67,us,7.56,11.403,0.111,22
52.2259,160.1627,34.018,4.4,63,166.0,1.22,0.65,us,11.98,6.834,0.079,46
11.6392,142.3449,10.0,4.9,61,76.0,3.134,0.62,us,9.31,1.883,0.048,135
51.4883,159.7399,25.11,4.9,79,120.0,2.05,1.15,us,8.66,5.216,0.061,115
41.1481,141.7657,59.102,4.3,21,162.0,0.64,0.41,us,7.62,8.277,0.153,12
-6.4137,131.4916,23.241,4.8,20,96.0,3.552,0.95,us,8.49,6.433,0.144,15
53.2364,159.5708,88.527,4.1,30,163.0,1.134,0.48,us,13.24,9.456,0.117,20
15.2275,-104.0943,10.0,4.0,32,262.0,4.628,0.61,us,13.16,2.022,0.093,32
49.9828,158.2756,10.0,5.0,167,102.0,3.054,0.52,us,5.62,1.823,0.047,146
6.5568,126.4848,77.178,4.4,33,116.0,1.034,0.61,us,7.05,9.087,0.117,21
51.1383,159.5376,10.0,4.3,29,138.0,1.966,0.45,us,12.07,1.939,0.126,18
52.3209,160.1882,32.502,4.6,75,91.0,1.707,0.79,us,6.64,3.6,0.066,69
49.6954,156.2581,54.764,4.5,63,136.0,3.535,0.84,us,11.17,7.402,0.077,50
21.4488,96.0769,10.0,4.3,20,112.0,1.108,0.49,us,6.23,1.931,0.201,7
15.6541,-94.0004,70.035,4.3,56,133.0,1.66,0.68,us,6.8,11.851,0.056,90
52.0782,160.1514,10.0,4.2,20,124.0,1.817,0.97,us,11.26,1.934,0.141,15
51.6515,160.1221,10.0,4.7,79,125.0,1.644,0.83,us,7.62,1.833,0.045,150
51.9743,159.0236,64.883,4.4,12,213.0,1.075,0.62,us,11.7,7.515,0.179,9
-21.7213,-68.8386,122.143,4.5,27,38.0,0.382,0.63,us,6.03,4.825,0.118,21
51.1201,157.8945,68.211,4.9,200,115.0,1.962,0.6,us,5.72,6.27,0.032,301
9.1818,93.7574,10.0,4.6,72,94.0,5.043,0.66,us,8.53,1.88,0.076,52
32.4703,84.6414,10.0,4.2,37,156.0,6.209,1.23,us,10.3,1.924,0.11,23
-7.3522,128.1259,162.077,4.6,34,93.0,4.501,0.83,us,10.2,1.428,0.099,30
51.5283,159.4974,35.0,4.2,20,127.0,1.585,0.76,us,10.68,1.945,0.141,14
-23.2131,-175.4845,35.0,4.4,19,209.0,8.265,1.27,us,10.72,1.985,0.131,17
54.1633,-166.1839,103.035,4.4,132,84.0,0.075,0.61,us,6.45,1.3,0.044,148
39.3391,114.4477,10.0,4.6,49,96.0,1.494,0.57,us,9.1,1.89,0.073,56
52.349,159.785,67.488,4.2,21,119.0,0.966,0.6,us,11.34,7.626,0.146,17
-38.6054,175.7869,190.931,4.1,26,77.0,0.417,0.76,us,5.27,4.341,0.197,7
49.4264,156.1591,35.0,5.7,86,112.0,3.811,0.53,us,12.22,1.864,0.076,62
51.098,158.941,34.661,4.8,32,125.0,1.937,1.16,us,8.94,3.802,0.114,24
25.067,125.0297,35.624,4.3,44,105.0,0.996,1.07,us,6.09,8.616,0.111,25
50.6173,158.465,10.0,4.4,17,241.0,2.412,0.5,us,14.0,1.996,0.169,10
45.4527,153.3985,10.0,4.3,18,156.0,7.803,1.07,us,14.97,1.955,0.154,12
5.2524,126.2661,87.126,4.3,37,88.0,0.939,0.62,us,6.65,6.07,0.122,24
50.0903,157.3962,10.0,5.3,141,71.0,3.028,1.04,us,7.8,1.736,0.023,632
-3.112,142.9974,10.0,4.5,19,70.0,2.367,0.66,us,8.24,1.907,0.14,15
50.6596,160.0355,10.0,4.3,50,136.0,2.518,0.5,us,6.83,1.907,0.063,71
-20.9999,-174.4345,35.0,4.3,14,169.0,45.323,0.35,us,10.41,1.944,0.154,12
9.3633,93.9614,40.127,5.0,54,69.0,5.064,0.91,us,10.29,5.366,0.091,38
-6.9291,124.9926,546.063,4.4,36,55.0,2.898,0.94,us,12.17,8.429,0.13,18
0.8917,97.386,10.0,5.3,116,53.0,2.359,0.85,us,7.82,1.755,0.045,163
53.2921,159.9945,49.698,4.2,27,164.0,0.853,0.74,us,13.2,14.446,0.1,28
11.9988,-89.3955,10.0,4.2,20,209.0,1.761,0.88,us,6.94,1.991,0.146,13
29.3596,129.0923,10.0,4.4,41,104.0,2.443,1.08,us,5.48,1.818,0.085,43
-4.5374,153.2974,11.332,4.4,32,102.0,1.182,0.65,us,6.47,4.632,0.112,23
40.4899,143.6278,28.747,4.2,21,138.0,1.564,0.33,us,8.04,6.896,0.175,9
-32.941,179.1459,356.666,4.0,23,80.0,4.661,0.82,us,14.93,9.407,0.119,19
52.7411,160.8139,35.0,4.1,31,151.0,1.341,0.59,us,10.43,1.701,0.097,29
50.3256,159.0676,10.0,4.4,32,134.0,2.714,0.74,us,8.03,1.566,0.117,21
51.3058,158.4395,45.709,4.5,36,125.0,1.725,0.99,us,10.93,6.775,0.1,29
-27.6087,-177.8981,10.0,4.6,32,224.0,1.63,1.19,us,13.78,1.919,0.1,33
51.4621,159.733,10.0,4.7,47,127.0,1.7,1.28,us,9.34,1.887,0.072,59
16.2496,41.1584,10.0,4.3,29,101.0,3.537,0.64,us,10.33,1.932,0.111,23
39.9357,113.5049,10.0,4.3,47,71.0,2.051,0.55,us,8.3,1.851,0.087,37
-24.9219,179.7411,526.029,4.2,28,96.0,4.78,0.93,us,15.46,9.537,0.128,21
29.3526,129.3488,10.0,4.5,37,89.0,2.351,0.9,us,7.28,1.907,0.089,37
49.8564,159.3639,10.0,4.5,46,136.0,3.203,0.57,us,11.09,1.911,0.084,41
54.44,-160.098,49.646,3.3,66,196.0,0.491,0.9,us,5.9,11.664,0.218,5
50.6611,156.4043,79.088,4.2,57,129.0,2.579,0.49,us,10.71,6.409,0.077,47
52.371,160.8023,10.0,4.1,13,208.0,1.464,1.11,us,5.79,2.008,0.214,6
-22.5647,170.5517,10.0,4.9,45,108.0,2.87,0.56,us,9.99,1.9,0.092,37
-20.3133,-178.4532,609.395,4.4,30,97.0,4.177,0.86,us,13.91,10.231,0.112,23
27.0016,54.9871,10.0,4.3,40,103.0,2.322,0.74,us,9.99,1.922,0.101,28
-46.9887,166.036,15.241,4.5,22,98.0,0.935,1.14,us,6.66,6.319,0.156,13
9.0584,126.4287,46.855,4.5,36,73.0,2.148,0.81,us,8.31,7.67,0.101,29
-0.0886,100.1054,10.0,4.6,38,152.0,2.883,1.0,us,8.43,1.91,0.114,27
-16.7684,66.846,10.0,4.6,16,133.0,55.898,0.59,us,12.78,1.909,0.182,10
50.9991,159.3177,10.0,4.5,28,130.0,2.069,0.57,us,7.47,1.902,0.109,25
12.8458,144.1042,127.623,4.3,21,79.0,1.049,1.34,us,12.68,7.095,0.142,14
-21.0164,-176.9619,330.208,4.2,13,105.0,5.697,0.85,us,12.85,8.05,0.175,9
-57.3559,-67.9582,10.0,4.4,23,167.0,3.415,1.37,us,8.25,1.912,0.134,16
29.7003,138.4539,486.873,4.2,47,139.0,3.597,0.59,us,11.83,7.141,0.095,31
-15.5024,-177.3614,10.0,4.9,82,122.0,1.396,0.46,us,9.45,1.826,0.069,65
-5.8682,146.3753,115.4,4.6,115,29.0,3.598,0.49,us,7.46,7.323,0.049,134
-52.837,20.1006,10.0,5.1,32,77.0,20.451,0.64,us,13.93,1.827,0.134,19
41.7698,88.1512,10.0,4.7,69,105.0,6.155,0.52,us,9.9,1.886,0.063,78
34.8011,26.4845,54.9,4.2,28,165.0,0.928,0.68,us,7.03,9.399,0.199,7
-20.9406,-67.5152,188.964,4.2,26,61.0,1.729,0.9,us,6.1,10.798,0.235,5
0.2561,98.4728,41.103,4.4,29,165.0,1.374,1.08,us,8.58,9.25,0.155,16
49.2244,156.3117,41.381,4.5,112,131.0,3.986,0.54,us,9.1,7.054,0.055,98
-4.4037,101.527,36.269,4.4,42,144.0,1.425,0.5,us,9.15,7.493,0.092,34
51.2099,159.4249,10.0,4.5,18,138.0,1.878,0.71,us,12.22,1.934,0.144,14
49.8958,157.5715,10.0,5.6,196,79.0,3.204,0.71,us,5.14,1.838,0.019,975
52.6444,160.4965,35.0,4.3,27,147.0,1.183,0.82,us,9.55,1.956,0.133,16
47.3687,152.5664,117.466,4.2,34,132.0,6.62,0.92,us,14.19,10.356,0.108,24
37.2288,71.7385,154.359,4.1,24,98.0,1.233,0.77,us,7.21,6.128,0.198,7
52.2721,160.5301,10.0,4.4,25,214.0,1.371,0.53,us,10.69,1.98,0.127,18
39.2805,143.3255,10.0,4.2,29,148.0,2.299,0.7,us,7.93,1.934,0.136,15
53.1343,159.6823,65.679,4.4,48,164.0,0.633,0.84,us,8.92,7.664,0.076,50
-19.9677,-173.2301,10.0,4.6,30,105.0,3.239,0.6,us,9.2,1.902,0.114,29
51.4645,159.8388,10.0,4.3,30,124.0,1.724,1.23,us,9.09,1.912,0.132,19
-52.7853,19.7054,10.0,4.6,14,118.0,20.409,0.61,us,9.98,1.902,0.164,11
-55.3315,-27.9668,26.371,4.6,45,58.0,5.04,0.92,us,11.84,4.892,0.099,35
52.5653,160.8644,10.0,4.1,18,203.0,1.421,0.85,us,9.0,1.996,0.117,20
-23.3698,-179.9872,548.69,4.5,89,121.0,5.89,0.75,us,12.16,4.585,0.059,85
-25.2274,-175.3988,10.0,4.7,21,76.0,9.62,0.57,us,12.44,1.913,0.134,23
52.0447,160.1242,34.473,4.6,77,133.0,1.823,0.68,us,11.9,5.967,0.068,65
51.6919,159.1226,57.526,4.3,19,196.0,1.365,0.58,us,14.12,9.74,0.137,15
39.4926,143.3176,10.0,4.4,34,136.0,2.159,0.66,us,8.22,1.915,0.114,22
-19.4395,-69.5259,96.593,4.2,15,128.0,0.387,0.52,us,5.56,4.763,0.176,9
-21.4558,169.8375,35.0,4.7,32,119.0,2.499,0.92,us,6.17,1.857,0.106,27
6.0139,127.5901,10.0,4.5,32,61.0,2.257,0.4,us,9.69,1.835,0.113,23
51.3268,-173.9362,10.0,4.5,71,179.0,0.891,0.73,us,5.22,1.872,0.051,112
52.7146,160.6469,28.497,4.6,120,133.0,1.249,0.74,us,9.79,5.57,0.054,103
52.6118,161.0468,10.0,4.6,79,121.0,1.512,1.0,us,9.35,1.884,0.044,152
18.6262,120.5265,33.849,4.2,37,121.0,4.202,0.72,us,12.7,6.662,0.121,19
52.1385,159.527,52.868,4.4,44,132.0,1.035,0.75,us,10.49,7.51,0.092,34
29.2029,129.3592,10.0,4.5,37,108.0,2.485,0.47,us,7.24,1.89,0.108,25
51.2461,159.2095,10.0,4.6,17,191.0,1.813,0.27,us,8.67,1.952,0.224,8
50.4259,159.1208,10.0,4.3,43,133.0,2.618,0.8,us,8.19,1.703,0.097,30
-44.3418,-82.2968,10.0,4.7,47,137.0,6.309,0.63,us,11.71,1.903,0.078,49
-24.3097,-67.0909,168.776,4.5,30,66.0,1.68,0.82,us,6.03,9.629,0.144,14
52.48,160.2774,35.0,4.4,57,163.0,1.129,0.94,us,10.11,1.864,0.07,59
53.2758,160.3532,45.017,4.1,66,130.0,1.057,0.58,us,10.35,6.636,0.075,51
52.2875,158.0763,47.365,4.2,45,121.0,0.816,0.49,us,10.26,6.488,0.085,39
-27.0295,26.7303,5.0,4.8,27,132.0,2.049,0.86,us,6.7,1.881,0.161,12
7.3874,126.8234,75.105,4.2,16,158.0,1.274,0.65,us,10.24,8.909,0.159,11
51.3202,158.9,35.0,4.8,80,214.0,1.713,0.69,us,9.49,1.965,0.065,73
-27.5123,-178.2613,10.0,4.3,14,260.0,1.751,0.71,us,13.59,2.009,0.148,14
-60.2192,-61.5746,10.0,4.6,26,134.0,4.713,0.67,us,5.42,1.917,0.116,22
49.1377,156.1835,70.426,4.5,36,124.0,4.089,0.69,us,8.13,8.094,0.087,39
-1.7993,139.1109,22.998,4.9,91,82.0,1.185,0.83,us,6.05,5.271,0.067,71
50.5974,158.2288,29.411,4.4,27,124.0,2.444,0.93,us,9.05,4.751,0.112,23
-5.5149,152.9973,10.0,4.3,21,133.0,1.555,0.69,us,12.85,1.909,0.125,18
-25.7895,-69.2628,8.8,4.1,15,140.0,0.691,1.03,us,4.65,5.366,0.301,3
52.8141,159.5711,57.941,4.2,18,132.0,0.596,0.73,us,11.37,7.948,0.159,11
-5.7622,146.629,90.482,4.6,49,97.0,3.657,1.07,us,9.04,7.726,0.074,54
42.2717,144.5511,35.46,4.8,80,133.0,1.068,1.03,us,7.51,7.204,0.029,365
50.6519,157.2101,35.0,4.2,10,130.0,2.479,1.06,us,8.5,1.924,0.176,9
-45.1712,167.0898,40.454,4.3,34,101.0,0.297,0.94,us,3.65,8.661,0.201,7
-3.9323,-80.808,35.0,4.7,64,108.0,2.126,1.03,us,6.85,1.902,0.04,184
12.0158,143.2005,30.97,4.9,49,92.0,4.071,0.44,us,11.9,5.68,0.088,41
51.4587,161.2101,10.0,4.7,25,123.0,2.221,0.62,us,7.54,1.761,0.123,20
41.0949,43.8586,13.666,4.4,21,89.0,0.176,0.66,us,5.32,3.49,0.13,17
51.5761,-168.5438,10.0,3.8,55,185.0,1.411,0.42,us,6.51,1.929,0.089,33
-41.223,80.6611,10.0,4.5,22,115.0,25.978,0.76,us,13.48,1.911,0.132,19
-2.1151,139.1764,10.0,5.0,101,37.0,1.154,0.5,us,5.67,1.818,0.052,116
52.9721,160.6757,35.0,4.5,21,205.0,1.225,0.57,us,12.24,2.003,0.18,9
-0.9676,-21.9632,10.0,4.3,13,116.0,10.26,0.96,us,13.35,1.858,0.169,11
51.6356,159.071,35.0,4.3,26,137.0,1.414,0.63,us,11.74,1.946,0.116,21
34.4938,139.4817,10.0,4.4,51,108.0,1.402,0.36,us,5.16,1.531,0.091,35
22.8791,94.4717,99.301,4.8,94,64.0,4.817,0.71,us,9.03,6.922,0.056,100
-5.8617,-81.0816,32.602,4.2,27,175.0,2.511,0.6,us,12.06,9.088,0.124,18
52.217,160.1147,44.441,4.1,27,229.0,1.204,0.85,us,12.56,9.329,0.127,17
37.3898,141.8091,47.295,4.3,23,98.0,3.007,1.21,us,8.67,7.403,0.148,13
51.906,160.1529,32.298,4.6,64,135.0,1.448,0.84,us,11.82,5.984,0.07,61
52.244,160.8543,39.167,4.3,49,123.0,1.554,0.82,us,9.79,7.739,0.08,44
9.3132,93.8317,10.0,4.9,72,107.0,5.745,1.35,us,8.03,1.87,0.077,53
51.9802,160.2155,10.0,4.5,39,124.0,1.417,0.71,us,8.78,1.893,0.089,44
-24.1092,-175.7845,35.0,4.2,15,131.0,7.4,0.61,us,12.33,1.95,0.147,13
-5.4,152.2663,35.0,4.3,36,177.0,1.112,0.6,us,9.16,1.976,0.094,32
52.273,160.0847,35.0,4.2,22,162.0,1.153,0.74,us,9.18,1.956,0.159,11
52.762,160.1217,41.532,4.1,31,120.0,0.929,0.54,us,11.16,8.685,0.097,29
-19.4817,169.7526,34.312,5.1,56,89.0,3.787,0.94,us,7.82,4.413,0.054,111
-20.8541,-178.4008,565.849,4.2,46,124.0,4.559,0.82,us,15.09,8.945,0.051,105
9.4392,-40.5327,10.0,4.6,64,77.0,12.759,0.53,us,12.19,1.909,0.071,60
7.1631,127.1404,54.048,4.4,29,115.0,1.552,1.23,us,9.79,3.463,0.117,21
-6.4244,103.6124,35.0,4.7,45,159.0,1.607,0.82,us,7.87,1.946,0.098,32
-15.612,-74.1901,64.55,4.3,25,139.0,4.429,0.48,us,10.07,9.637,0.148,13
50.0643,155.9152,88.217,4.2,67,107.0,3.245,0.49,us,7.7,5.21,0.074,54
41.2822,142.7532,40.195,4.3,32,142.0,0.792,0.91,us,6.2,8.466,0.122,19
-21.0347,-11.6613,10.0,4.6,18,85.0,7.548,0.47,us,8.12,1.894,0.141,15
52.571,160.6326,35.0,4.0,14,121.0,1.286,0.8,us,11.61,1.957,0.163,10
0.4719,-79.3622,57.913,4.4,32,116.0,0.954,0.38,us,3.75,9.028,0.134,16
-11.0621,-77.9333,48.19,4.6,37,141.0,1.41,0.67,us,5.14,7.733,0.084,44
-23.4317,178.9877,575.858,4.5,27,171.0,5.725,0.72,us,7.15,8.81,0.132,18
52.9588,161.2059,10.0,4.3,18,138.0,1.546,0.95,us,9.67,1.872,0.188,10
52.0097,161.0573,10.0,4.7,65,125.0,1.787,0.59,us,10.45,1.914,0.044,154
51.2786,159.6037,10.0,4.3,13,183.0,1.844,0.8,us,9.75,1.994,0.188,8
52.7402,158.578,79.127,4.5,26,119.0,0.287,0.65,us,10.53,5.676,0.111,24
-7.5549,128.4844,144.105,4.2,17,114.0,4.708,0.56,us,6.65,8.71,0.159,11
42.0733,142.5545,58.43,4.3,72,91.0,0.453,0.51,us,7.11,7.526,0.072,54
34.6969,70.789,10.0,4.5,28,136.0,1.377,0.67,us,10.65,2.313,0.089,37
-24.2547,-175.9875,10.0,5.4,95,74.0,7.635,0.87,us,11.82,1.798,0.056,109
-24.5531,-70.5644,26.298,4.3,20,178.0,1.073,0.95,us,4.54,7.321,0.16,11
29.3501,129.3552,10.064,4.5,39,110.0,2.351,0.58,us,7.2,4.792,0.102,28
-57.6378,157.5389,10.0,4.6,25,106.0,3.244,0.4,us,11.1,1.904,0.128,18
52.7532,160.5753,35.0,4.5,77,134.0,1.198,0.67,us,9.73,1.916,0.052,111
34.7095,32.5226,10.0,4.6,75,122.0,0.711,1.08,us,5.42,1.889,0.069,63
52.9657,161.0597,10.0,5.9,108,107.0,1.458,0.71,us,8.89,1.857,0.059,105
52.2021,160.6757,23.574,4.2,22,167.0,1.484,1.16,us,9.35,8.203,0.152,12
38.2353,141.89,68.806,4.3,18,160.0,2.629,0.68,us,9.89,9.655,0.187,8
17.2831,-60.1479,21.47,4.1,40,141.0,1.297,0.73,us,6.39,6.668,0.151,12
-15.8655,-72.0021,10.0,4.2,17,155.0,2.954,0.76,us,11.43,1.939,0.236,5
-31.0643,-178.4757,95.468,5.0,51,44.0,1.874,0.56,us,12.79,4.687,0.08,52
52.8563,160.7139,10.0,4.6,35,114.0,1.26,0.5,us,10.15,1.915,0.095,33
-20.7394,-177.7569,477.638,4.4,48,124.0,4.954,0.87,us,14.41,8.027,0.09,36
53.4599,-163.7209,10.0,4.5,142,97.0,1.192,0.65,us,4.39,1.888,0.032,282
-1.0546,122.0296,22.132,4.3,41,52.0,0.742,1.16,us,3.63,5.462,0.103,28
-15.3445,167.4272,108.995,4.4,17,262.0,0.239,0.57,us,15.87,5.722,0.162,11
-2.9393,137.2052,60.199,4.1,28,70.0,1.043,0.53,us,5.78,7.974,0.13,16
9.2343,93.9758,10.0,4.3,17,187.0,5.595,0.23,us,12.44,1.949,0.168,10
16.5838,-100.7307,10.0,4.3,69,196.0,0.688,1.18,us,5.57,1.922,0.047,128
-4.6612,152.4077,105.784,4.8,60,95.0,0.527,0.75,us,9.4,5.769,0.048,135
42.7101,146.6667,10.0,4.2,37,150.0,2.692,1.14,us,10.2,1.936,0.105,25
-17.5198,167.8604,49.537,4.3,11,114.0,2.155,0.7,us,10.41,6.571,0.217,6
-17.9312,-178.5335,597.459,4.3,49,122.0,2.47,0.74,us,10.39,7.507,0.043,153
-15.2084,-178.4429,414.974,4.3,65,52.0,2.454,0.89,us,11.74,6.437,0.045,142
-20.2339,-68.6438,135.641,4.2,14,94.0,0.487,0.35,us,9.07,5.386,0.187,8
-9.7528,150.665,10.0,4.3,20,102.0,3.474,0.85,us,7.61,1.828,0.16,11
52.0699,160.165,27.4,4.4,36,134.0,1.33,0.57,us,11.02,5.624,0.094,33
-24.3842,-179.9,522.434,4.3,20,138.0,6.877,0.66,us,14.57,11.045,0.137,15
2.7019,127.1005,81.019,4.5,52,79.0,1.936,0.61,us,6.48,7.224,0.085,40
30.6025,141.6522,10.0,4.4,26,123.0,2.953,0.59,us,9.16,1.891,0.149,13
51.0628,159.7329,10.0,4.5,28,130.0,2.074,0.68,us,9.56,1.793,0.131,17
40.9028,142.9449,35.0,4.1,17,154.0,1.123,0.87,us,4.05,1.927,0.198,7
-29.9733,-179.395,298.88,4.7,95,100.0,1.466,0.52,us,12.27,7.116,0.058,90
52.0078,159.3186,35.0,4.2,20,222.0,1.096,0.8,us,5.7,1.991,0.147,13
52.144,160.281,35.0,4.4,21,208.0,1.329,0.55,us,15.28,9.841,0.161,11
53.0468,159.5216,73.927,4.7,163,125.0,0.527,0.71,us,9.3,6.013,0.033,272
-31.2347,-73.0604,10.0,4.3,23,146.0,1.765,0.37,us,6.58,1.463,0.237,5
52.1576,160.2437,10.0,4.5,49,144.0,1.303,0.61,us,10.98,1.916,0.077,49
-30.2358,-178.0292,90.423,4.8,29,135.0,7.916,0.76,us,8.14,8.477,0.109,26
52.6161,160.9052,10.0,4.3,14,121.0,1.428,0.83,us,9.08,1.784,0.177,9
52.6973,161.3613,10.0,4.1,15,197.0,1.676,1.02,us,12.04,1.998,0.262,5
-5.2164,152.724,35.0,4.5,29,196.0,1.14,0.8,us,12.23,1.97,0.093,34
52.5031,160.8273,10.0,5.1,117,84.0,1.422,1.31,us,8.16,1.823,0.028,416
51.3358,159.2549,35.0,4.3,16,230.0,1.731,0.68,us,12.29,1.987,0.188,8
27.8992,-111.8568,10.0,4.1,41,124.0,0.67,0.95,us,5.94,1.955,0.055,90
42.0569,142.3812,66.098,4.1,53,94.0,0.579,0.87,us,6.39,7.155,0.089,35
37.9653,144.0844,10.0,4.6,48,138.0,3.664,0.59,us,9.05,1.908,0.107,26
50.3301,159.134,10.0,4.4,21,133.0,2.714,0.71,us,11.28,1.924,0.155,12
52.2578,159.4085,55.346,4.5,52,150.0,0.895,0.88,us,7.68,7.384,0.093,34
34.3478,23.8015,11.464,4.7,36,237.0,3.008,0.85,us,12.89,8.583,0.11,25
23.4149,94.6684,105.73,4.5,57,64.0,2.211,0.47,us,8.11,6.964,0.088,40
13.0031,-89.7542,39.363,4.3,107,174.0,0.894,1.31,us,5.21,9.338,0.054,95
51.2523,159.2584,10.0,4.8,83,122.0,1.813,1.01,us,8.64,1.875,0.036,232
52.3289,160.1775,38.776,4.3,20,151.0,1.161,0.59,us,9.19,6.467,0.177,9
42.0202,-126.1152,10.0,3.7,63,234.0,1.345,0.71,us,8.09,2.011,0.29,3
-27.6839,-179.7928,475.598,4.3,29,215.0,12.609,0.86,us,15.42,10.261,0.099,29
7.0462,126.9375,62.913,5.2,75,104.0,1.348,0.84,us,8.9,7.046,0.068,71
21.9585,119.7862,10.0,4.9,65,93.0,1.471,0.73,us,6.93,1.881,0.046,149
39.6117,139.4794,11.854,4.6,83,122.0,1.69,0.58,us,7.55,4.202,0.07,61
49.6153,155.5725,80.832,4.2,36,133.0,3.743,0.55,us,13.92,9.977,0.085,39
52.7715,161.0444,10.0,4.8,55,120.0,1.472,1.38,us,9.54,1.885,0.052,115
37.992,22.1357,10.0,4.3,16,99.0,0.829,0.91,us,4.05,1.956,0.217,6
60.686,-58.6764,10.0,4.3,44,127.0,5.149,0.87,us,9.59,1.886,0.08,44
3.7501,126.8317,35.171,4.8,37,71.0,1.665,1.24,us,5.83,8.732,0.109,27
2.1725,127.7313,186.847,4.2,36,100.0,3.394,0.83,us,9.61,8.636,0.115,22
-18.7412,168.8691,167.308,4.5,30,116.0,3.643,0.61,us,9.31,8.551,0.109,25
-26.4374,-175.6566,10.0,4.5,23,115.0,3.445,0.56,us,11.1,1.553,0.127,20
52.072,-175.091,74.568,4.1,70,170.0,0.522,0.69,us,8.21,6.565,0.076,48
25.9012,128.4819,10.0,4.3,25,80.0,0.95,1.14,us,5.84,1.92,0.178,9
13.8426,144.8408,151.627,4.2,18,91.0,0.253,0.57,us,12.13,4.836,0.159,11
52.3106,160.543,10.0,4.3,18,147.0,1.906,1.15,us,11.83,1.942,0.137,15
51.5974,159.1555,35.0,5.2,49,123.0,1.462,0.57,us,5.38,1.926,0.105,30
-6.793,125.5299,460.078,4.1,19,132.0,7.721,0.97,us,15.87,11.46,0.145,13
51.3965,159.8057,10.0,4.7,75,128.0,1.778,0.66,us,8.52,1.874,0.081,55
11.9582,142.1961,35.0,5.1,163,27.0,3.07,0.5,us,8.56,1.843,0.048,140
8.7007,126.5777,44.182,4.2,37,125.0,1.899,0.49,us,11.25,6.608,0.108,25
52.5708,160.764,10.0,4.3,25,166.0,1.361,0.75,us,11.37,1.968,0.119,20
52.5984,160.7032,10.0,4.5,42,130.0,1.317,1.01,us,8.21,1.889,0.075,52
51.9812,160.3504,28.392,4.5,32,137.0,1.473,1.22,us,12.51,6.108,0.118,21
-7.2049,125.917,10.0,4.7,31,77.0,3.894,0.9,us,10.51,1.894,0.099,31
7.3945,126.8399,56.684,4.9,160,66.0,1.292,0.8,us,7.45,5.44,0.051,121
49.2559,155.9504,35.0,4.7,47,134.0,4.011,0.73,us,11.32,1.936,0.097,32
-18.3753,-69.6443,119.906,4.2,18,85.0,0.662,0.75,us,5.95,4.717,0.136,15
50.2468,158.3374,10.0,4.4,26,133.0,2.787,0.71,us,6.38,1.927,0.12,20
50.0851,158.3609,26.091,4.0,24,134.0,2.948,0.79,us,12.05,6.181,0.134,15
51.9608,158.3358,78.836,4.3,56,129.0,1.081,0.77,us,7.75,6.234,0.067,64
51.291,158.7914,35.987,5.3,109,73.0,1.737,0.76,us,7.23,5.474,0.022,659
51.8397,160.3231,36.34,4.7,39,154.0,1.567,1.02,us,9.61,7.834,0.065,71
51.7541,158.2503,35.0,6.0,79,84.0,1.295,0.75,us,8.28,1.824,0.078,62
29.3171,129.4347,10.0,4.4,38,86.0,2.355,0.78,us,6.93,1.884,0.11,24
50.0928,157.764,27.83,4.3,28,138.0,2.986,1.23,us,10.79,5.672,0.138,17
53.0811,161.6233,10.0,4.3,28,117.0,1.796,1.06,us,11.52,1.915,0.116,24
7.6895,126.9736,35.0,4.9,56,46.0,1.514,1.02,us,7.27,1.874,0.071,62
-24.668,179.9121,513.356,4.3,92,47.0,4.949,0.77,us,11.2,7.232,0.058,92
-15.9193,-70.5505,192.569,4.2,25,142.0,1.952,1.1,us,9.3,7.956,0.128,17
16.1249,96.5679,10.0,4.6,61,128.0,3.005,0.81,us,6.56,1.894,0.082,44
-8.2579,118.0548,12.067,4.2,23,84.0,0.629,0.71,us,5.02,4.492,0.167,11
29.3015,129.1007,10.0,4.6,38,104.0,2.491,1.12,us,6.2,1.437,0.098,31
18.427,145.8073,199.973,4.1,23,150.0,3.168,0.76,us,16.32,10.866,0.116,20
51.9748,161.0875,10.0,4.2,24,189.0,1.823,0.99,us,11.23,1.962,0.146,14
39.395,143.1701,10.0,4.6,99,134.0,2.133,0.82,us,7.14,1.886,0.062,79
52.2378,160.6673,10.0,4.8,46,123.0,1.46,1.19,us,9.77,1.893,0.075,55
44.3465,148.7041,61.848,4.4,82,110.0,4.398,0.59,us,10.55,2.995,0.061,77
17.4694,-100.2786,35.0,4.4,98,83.0,0.294,1.22,us,5.02,1.837,0.041,169
52.851,160.7257,31.325,4.4,55,135.0,1.268,0.8,us,11.66,6.094,0.076,50
0.6016,122.2017,116.082,4.1,27,74.0,1.729,1.08,us,6.9,7.682,0.127,17
-6.4839,147.3433,35.0,4.2,23,111.0,2.908,0.73,us,9.15,1.942,0.136,15
10.7865,-86.5548,10.0,4.3,23,169.0,1.21,0.69,us,6.26,1.961,0.111,23
53.42,161.6344,10.0,4.5,51,112.0,1.838,0.92,us,8.83,1.88,0.093,34
52.2528,179.0369,200.49,4.3,49,107.0,0.414,0.94,us,9.3,10.982,0.077,48
52.5009,160.346,35.0,5.2,84,96.0,1.156,1.25,us,8.68,1.86,0.033,294
-11.9882,167.8248,332.414,4.2,25,126.0,3.491,0.56,us,15.19,10.048,0.124,18
-16.0342,-75.5304,10.0,4.6,24,193.0,4.219,0.91,us,12.11,1.974,0.125,19
-26.3858,-177.7972,196.517,4.4,76,127.0,9.419,0.7,us,13.84,6.193,0.068,62
-21.2803,-68.7253,118.559,4.0,13,92.0,0.704,0.63,us,6.27,8.393,0.258,4
53.3263,159.4113,77.507,4.2,23,163.0,0.55,0.89,us,15.22,10.214,0.128,17
50.3851,158.1232,24.934,4.6,60,132.0,2.662,0.6,us,11.37,5.91,0.076,51
-23.4268,170.8657,10.0,4.6,17,194.0,3.252,0.79,us,12.11,1.981,0.157,12
-55.0686,-128.6729,10.0,4.8,23,77.0,32.354,0.48,us,15.21,1.854,0.127,19
52.9192,159.8899,35.0,4.3,11,192.0,0.757,0.27,us,13.09,1.924,0.16,11
51.403,160.751,10.0,4.4,49,154.0,2.075,0.59,us,10.52,1.923,0.079,46
-58.1218,-26.0536,89.699,4.4,19,142.0,19.086,0.45,us,12.62,7.842,0.131,17
-7.1085,129.2665,137.45,4.2,25,66.0,5.113,1.19,us,9.44,6.116,0.187,8
52.8741,160.8404,29.932,4.0,19,119.0,1.334,0.85,us,7.93,6.486,0.134,15
27.5112,52.4805,10.0,4.1,27,112.0,4.209,0.83,us,9.99,1.943,0.111,22
2.0781,127.0014,33.991,5.0,66,62.0,1.348,0.67,us,6.79,1.532,0.055,108
10.8431,123.8854,10.0,4.3,24,161.0,4.106,0.48,us,15.06,1.928,0.129,17
35.4745,140.149,66.626,4.3,37,128.0,1.899,0.74,us,6.92,7.567,0.126,18
56.4972,121.0314,10.0,4.0,32,141.0,5.549,0.64,us,10.36,1.936,0.116,20
-22.7597,-66.771,219.095,4.8,59,43.0,1.313,0.86,us,10.65,7.314,0.059,90
-6.9147,125.7048,509.074,4.6,86,28.0,3.16,0.61,us,9.95,6.776,0.078,49
24.998,122.8429,10.0,4.2,19,145.0,0.55,0.64,us,4.46,1.931,0.2,7
52.7885,160.5759,38.152,5.1,127,100.0,1.19,0.65,us,10.43,5.304,0.024,586
49.9205,158.6058,10.0,4.7,68,135.0,3.107,0.57,us,8.83,1.88,0.059,86
5.0401,126.6349,9.254,4.4,37,72.0,1.192,0.77,us,6.37,4.161,0.098,35
52.6224,159.6677,48.87,4.3,52,120.0,0.737,0.76,us,8.21,6.077,0.083,41
-23.692,179.5203,596.912,4.4,45,76.0,5.984,0.77,us,15.15,9.322,0.088,37
51.5628,158.7086,35.0,4.8,40,123.0,1.463,1.27,us,9.46,1.932,0.114,38
-8.9406,123.8287,89.48,4.4,35,73.0,0.918,0.81,us,6.53,7.248,0.098,30
51.8962,158.5115,70.037,4.2,35,137.0,1.132,0.64,us,11.15,7.089,0.103,26
21.5954,121.8629,10.0,4.4,60,91.0,1.416,0.57,us,7.2,1.904,0.08,53
-14.6963,167.3546,120.692,4.5,33,142.0,6.515,0.74,us,13.74,8.701,0.118,26
-23.2002,172.4082,10.0,4.6,14,260.0,4.612,0.36,us,15.16,2.014,0.164,11
41.1082,142.9076,57.545,4.1,73,130.0,0.925,0.56,us,7.6,7.195,0.071,54
15.3789,-94.5506,50.134,4.2,33,147.0,1.967,0.91,us,7.22,9.301,0.06,78
37.4794,72.3715,210.974,4.2,26,257.0,0.837,0.61,us,11.21,9.06,0.215,6
14.481,146.9836,10.0,4.6,44,132.0,1.374,0.95,us,9.52,1.909,0.085,41
-47.4197,-13.2132,10.0,5.2,56,74.0,10.366,0.6,us,10.28,1.877,0.069,68
-5.2022,151.6993,117.783,4.5,62,70.0,0.947,0.79,us,9.51,7.65,0.079,47
-18.3541,-71.4343,56.74,4.3,23,157.0,1.038,0.69,us,8.6,8.931,0.132,16
27.2748,140.3101,320.523,4.0,41,57.0,1.679,0.79,us,10.21,8.259,0.089,34
-24.4871,-176.8224,123.427,4.6,52,74.0,4.841,0.63,us,10.98,6.892,0.084,43
-25.2621,179.197,582.436,4.1,25,120.0,8.742,0.41,us,15.69,10.326,0.12,19
73.5133,7.972,10.0,4.3,42,94.0,5.115,0.81,us,5.74,1.874,0.078,47
51.5368,159.837,10.0,4.4,20,128.0,1.658,0.96,us,9.04,1.926,0.155,12
52.7644,160.489,35.0,4.1,25,119.0,1.144,0.34,us,8.14,1.862,0.114,21
-3.97,126.3719,10.0,5.0,44,45.0,3.565,0.93,us,6.93,1.881,0.098,33
52.0683,160.3595,10.0,4.0,12,153.0,1.416,0.68,us,9.26,1.977,0.26,4
47.9545,22.9676,10.0,4.3,19,121.0,1.537,1.18,us,4.89,1.975,0.217,6
29.9855,131.0793,34.786,4.5,39,135.0,1.612,0.45,us,8.07,6.279,0.121,20
6.9177,-73.1993,159.857,4.1,17,80.0,2.342,0.73,us,7.91,9.042,0.186,8
38.8638,142.1082,59.11,4.3,27,139.0,2.084,0.73,us,8.38,8.358,0.161,12
7.3731,127.2483,10.0,4.2,27,83.0,1.683,1.17,us,7.65,1.897,0.132,17
1.2912,126.412,41.015,4.4,82,68.0,1.085,0.54,us,5.04,6.961,0.067,72
-15.5439,166.6985,10.0,4.7,29,95.0,0.496,0.33,us,6.62,1.874,0.133,17
51.7635,158.88,35.0,4.2,29,179.0,1.27,1.03,us,10.02,1.966,0.115,21
1.7217,127.2828,113.135,4.4,54,67.0,2.457,0.65,us,7.93,7.477,0.088,44
51.8234,160.0484,28.589,4.4,33,125.0,1.476,0.62,us,10.11,5.956,0.107,25
-17.4158,-178.7573,552.972,4.5,31,163.0,2.02,1.05,us,13.92,9.532,0.104,27
50.6741,157.6954,35.0,4.5,109,130.0,2.426,0.69,us,9.62,1.916,0.055,96
49.6174,155.5281,50.359,4.6,95,170.0,3.751,1.21,us,10.88,8.32,0.051,117
0.2401,98.4269,35.0,4.2,19,172.0,1.357,1.36,us,7.68,1.957,0.2,7
8.9149,-82.9581,10.0,4.4,19,209.0,1.32,0.92,us,9.54,1.998,0.143,14
-8.113,115.3605,203.42,4.0,17,77.0,1.248,0.69,us,8.14,8.529,0.156,12
14.0398,39.9114,10.0,4.4,22,159.0,3.797,0.49,us,12.25,1.94,0.162,11
-55.1928,-129.4491,10.0,4.6,16,67.0,30.758,0.75,us,17.7,1.877,0.165,11
44.543,145.6776,189.34,4.1,19,142.0,2.254,0.35,us,10.26,4.316,0.165,10
5.5922,-32.9158,10.0,4.8,43,69.0,11.728,0.75,us,7.99,1.873,0.061,82
-0.2594,-16.1735,10.0,4.7,20,119.0,13.225,0.44,us,16.78,1.925,0.137,16
49.8927,158.5678,10.0,4.6,60,135.0,3.135,0.5,us,8.7,1.887,0.076,52
54.4647,-160.0576,23.852,4.3,83,161.0,0.457,0.87,us,4.85,5.897,0.142,14
-15.9896,-173.4176,10.0,4.8,39,55.0,3.255,0.71,us,8.93,1.872,0.05,123
5.2649,126.0,92.709,4.2,31,110.0,0.741,0.51,us,5.57,6.851,0.11,23
29.2751,129.3634,10.0,4.6,88,107.0,2.417,0.49,us,4.53,1.84,0.053,105
41.4963,143.0188,45.008,4.0,53,134.0,0.528,0.56,us,7.36,8.415,0.092,33
-10.7646,161.6979,35.0,4.5,24,159.0,2.17,0.53,us,9.33,1.91,0.124,19
43.754,147.8069,10.0,4.2,47,135.0,3.783,0.81,us,9.71,1.91,0.102,30
51.6828,160.6606,10.0,4.3,31,127.0,1.823,0.67,us,9.66,1.914,0.106,25
-33.4808,-70.0832,113.693,4.1,23,128.0,0.086,0.3,us,5.9,5.084,0.3,3
55.2446,162.0878,43.148,4.4,60,101.0,3.007,0.69,us,7.86,7.412,0.064,71
49.8758,155.9782,68.967,4.3,51,135.0,3.411,0.85,us,9.59,4.82,0.063,72
53.4249,-161.7561,21.608,4.4,66,153.0,1.585,0.76,us,5.05,4.985,0.072,56
7.5868,-36.6151,10.0,4.4,12,117.0,13.344,0.54,us,15.3,1.951,0.179,9
52.8343,160.6277,35.0,4.7,72,134.0,1.212,0.73,us,10.77,1.917,0.065,72
-41.1978,172.5809,6.692,4.3,38,62.0,0.374,0.59,us,4.98,5.568,0.217,6
42.2593,144.5193,37.375,4.1,36,86.0,1.042,0.63,us,8.23,8.142,0.114,21
-20.9423,-177.9097,425.086,4.0,27,108.0,4.964,0.87,us,11.24,14.534,0.106,24
54.5715,-160.1116,35.847,4.4,88,159.0,0.399,0.99,us,5.03,7.417,0.075,51
52.1061,160.6091,10.0,4.2,11,159.0,1.508,0.4,us,12.12,1.965,0.216,6
-6.1681,149.9136,54.478,4.7,119,32.0,2.98,0.65,us,6.33,3.418,0.057,97
36.9322,136.4174,10.0,4.5,48,57.0,1.486,1.06,us,5.84,1.853,0.083,44
51.0471,159.1274,27.747,4.8,63,123.0,2.001,0.94,us,9.19,5.573,0.073,59
-6.569,129.0086,263.635,4.1,15,98.0,4.855,0.55,us,10.05,13.088,0.214,6
-6.2403,151.3994,10.0,4.3,26,113.0,2.02,0.47,us,8.94,1.76,0.106,25
36.8634,70.9321,163.091,4.2,26,253.0,1.901,0.92,us,4.82,8.698,0.166,10
23.403,94.2596,10.0,5.3,107,54.0,2.27,1.1,us,6.97,1.766,0.04,208
51.3205,157.7731,74.263,4.6,90,126.0,1.789,1.03,us,9.94,6.972,0.061,80
53.0947,160.9131,28.999,4.2,40,134.0,1.368,0.61,us,13.34,6.624,0.099,28
51.4786,157.9915,60.004,4.2,26,126.0,1.599,0.73,us,10.77,8.705,0.127,17
51.0697,158.0192,35.0,4.4,88,134.0,1.995,0.58,us,11.04,1.931,0.053,103
14.0159,145.3686,109.345,4.3,13,110.0,0.645,0.31,us,9.65,9.276,0.188,8
-21.5136,-67.3356,202.909,4.3,37,72.0,1.631,0.81,us,7.25,10.475,0.178,9
-41.0706,81.0764,10.0,4.7,20,131.0,28.387,0.91,us,12.25,1.894,0.147,17
-4.6924,152.0988,109.663,4.3,24,134.0,0.502,0.62,us,13.49,8.913,0.116,21
-31.7387,-179.8403,217.425,4.0,16,89.0,2.973,0.83,us,13.29,5.391,0.138,14
-31.5296,-178.1655,35.0,4.3,12,174.0,2.27,1.12,us,11.94,1.982,0.177,9
41.4194,19.5601,10.0,4.2,51,56.0,0.239,0.9,us,2.47,1.888,0.094,32
39.8236,143.2817,40.083,4.8,58,133.0,1.951,0.58,us,7.04,6.198,0.058,91
51.487,159.3122,35.0,4.5,26,161.0,1.902,0.95,us,12.88,1.967,0.121,20
-47.851,116.3228,10.0,4.4,18,142.0,14.923,0.51,us,9.1,1.865,0.139,15
-7.3365,128.9356,151.05,4.5,39,70.0,5.205,0.9,us,9.07,5.271,0.104,27
52.3443,160.6409,35.0,4.3,26,134.0,1.39,0.51,us,12.33,1.945,0.147,15
-16.8789,-69.7573,183.72,4.2,25,125.0,0.755,1.07,us,9.61,8.563,0.187,8
-23.5733,-179.8765,515.761,4.3,49,69.0,5.912,1.01,us,11.97,7.182,0.091,34
7.125,126.912,65.025,4.6,29,64.0,1.324,0.77,us,7.88,9.173,0.151,15
51.4401,160.6108,10.0,4.1,28,128.0,1.992,0.69,us,10.53,1.92,0.117,23
12.3665,145.3511,10.0,4.4,31,97.0,1.303,0.53,us,9.3,1.918,0.115,22
-6.3252,130.4119,112.551,4.4,21,83.0,3.847,0.39,us,13.33,10.442,0.139,15
51.7298,158.2367,65.567,4.1,44,124.0,1.32,0.7,us,8.72,5.256,0.086,37
51.5708,159.0956,35.0,4.8,69,181.0,1.48,0.78,us,10.4,1.958,0.061,82
25.8597,59.9821,10.0,4.1,28,219.0,3.536,0.54,us,9.72,1.893,0.114,21
13.9342,92.3481,10.0,4.2,14,214.0,6.585,0.53,us,8.19,1.963,0.215,6
51.121,158.7069,35.0,4.7,81,104.0,1.906,0.65,us,8.89,1.91,0.049,125
52.9672,161.0749,32.558,4.0,21,186.0,1.467,0.67,us,15.4,4.508,0.15,12
49.902,156.1812,80.935,4.4,51,137.0,3.348,0.49,us,12.88,8.622,0.081,44
31.8067,48.4667,10.0,4.0,20,225.0,3.864,0.74,us,13.52,2.011,0.138,14
8.1119,126.2944,10.0,4.6,51,96.0,1.255,0.76,us,9.67,1.888,0.06,84
-6.7181,144.0785,10.0,4.7,39,103.0,4.053,0.68,us,4.05,1.878,0.099,32
36.4762,70.2681,200.224,4.0,21,162.0,2.164,0.48,us,10.68,10.671,0.138,14
1.857,127.3892,127.143,4.6,41,95.0,2.581,1.12,us,7.66,7.434,0.093,34
51.6595,159.753,10.0,4.7,39,135.0,1.524,1.05,us,10.91,1.912,0.078,49
-10.3764,161.3898,65.873,4.2,24,113.0,1.699,0.61,us,5.49,7.916,0.118,21
-17.2597,-71.9561,104.812,4.1,17,182.0,1.894,0.94,us,10.51,12.518,0.185,8
23.8707,122.6608,10.0,4.5,40,79.0,0.674,1.15,us,2.89,1.889,0.115,22
50.5238,156.6281,82.242,4.1,12,207.0,2.672,0.31,us,12.12,16.74,0.214,6
52.1637,160.6701,21.891,4.6,59,135.0,1.503,1.06,us,11.65,5.948,0.072,58
-1.8981,-77.8274,156.913,4.2,62,114.0,0.448,0.53,us,10.37,7.417,0.073,52
52.4254,160.6948,34.746,4.6,110,117.0,1.38,0.9,us,8.59,5.315,0.038,209
52.583,159.8435,35.0,4.6,33,119.0,0.848,1.14,us,8.55,1.738,0.103,28
-7.2119,129.152,120.049,4.1,14,107.0,5.263,0.73,us,11.18,8.549,0.233,5
23.8578,121.8828,15.621,4.5,40,72.0,0.41,1.16,us,2.71,3.859,0.1,29
52.8242,159.4674,60.524,4.1,45,59.0,0.534,0.91,us,9.19,6.128,0.087,36
7.0563,127.4777,10.0,4.2,30,58.0,1.884,0.46,us,5.66,1.882,0.108,24
59.8337,-30.0607,10.0,4.5,40,104.0,6.391,0.66,us,9.58,1.905,0.101,30
52.199,160.5367,10.0,4.4,23,143.0,1.416,1.15,us,10.02,1.928,0.123,19
50.4745,157.713,40.941,4.5,60,126.0,2.618,0.75,us,7.52,6.941,0.051,114
21.8376,143.4495,193.538,4.0,42,139.0,5.36,0.78,us,13.75,8.407,0.09,33
7.073,126.8243,72.22,5.5,114,101.0,1.236,0.98,us,4.18,6.465,0.045,171
6.4087,127.3969,10.0,4.1,20,125.0,1.921,0.83,us,5.38,1.915,0.158,12
-14.8039,-173.109,10.0,4.4,15,63.0,1.564,0.57,us,7.3,1.807,0.179,9
24.2501,125.2549,28.258,4.4,43,80.0,0.939,0.79,us,7.4,6.033,0.112,23
-2.1624,139.0509,19.002,4.7,37,66.0,1.023,0.69,us,7.07,4.861,0.095,34
-24.1014,-67.1654,196.088,4.5,35,64.0,1.475,0.75,us,6.48,8.15,0.145,14
-7.032,155.7382,83.873,4.7,66,80.0,4.541,0.94,us,8.72,7.242,0.051,118
52.1872,159.2574,59.053,4.5,59,162.0,0.916,0.49,us,9.41,7.225,0.061,80
16.476,40.9347,10.0,4.5,49,127.0,3.834,1.31,us,13.05,1.946,0.08,46
37.6266,144.1385,10.0,4.4,26,135.0,3.959,0.67,us,6.66,1.856,0.134,16
-16.1031,67.4002,10.0,4.5,17,93.0,5.283,1.09,us,13.81,1.9,0.181,9
-12.0045,166.5348,143.24,4.9,58,63.0,6.957,0.64,us,10.14,4.116,0.072,61
-36.8604,-74.4156,10.0,4.4,14,211.0,2.657,0.45,us,9.62,2.002,0.202,7
52.5607,158.8308,75.31,4.2,31,133.0,0.476,0.77,us,8.91,6.536,0.107,24
51.404,159.1931,10.0,4.3,37,132.0,1.656,0.36,us,9.33,1.888,0.105,26
1.2364,128.4832,10.0,4.0,23,145.0,1.208,0.75,us,7.3,1.61,0.157,13
-6.5132,132.4127,10.0,4.5,28,71.0,3.185,0.83,us,5.95,1.642,0.128,18
23.7593,122.4732,10.0,4.4,25,97.0,0.859,0.68,us,3.14,1.818,0.178,9
5.7863,126.1918,102.636,4.9,77,46.0,1.265,1.14,us,6.7,6.638,0.047,140
51.572,157.9773,79.269,4.5,52,158.0,1.511,0.46,us,7.72,7.032,0.081,46
52.5473,160.8152,10.0,4.1,14,220.0,1.399,0.68,us,7.12,2.005,0.174,9
-49.0079,124.7052,10.0,4.1,17,136.0,16.835,0.55,us,13.8,1.842,0.145,13
50.1038,155.7078,100.521,4.7,57,135.0,3.255,0.5,us,8.38,7.224,0.047,136
2.969,-31.1441,10.0,4.9,44,45.0,18.471,0.75,us,11.84,1.845,0.084,44
-23.9748,179.9515,514.354,4.4,45,112.0,5.581,0.62,us,13.29,8.284,0.092,34
50.5782,160.0052,10.0,4.3,55,125.0,2.589,0.72,us,8.43,1.901,0.081,43
39.4433,26.0125,10.0,4.4,23,69.0,0.786,0.67,us,5.71,1.933,0.178,9
51.4567,159.451,33.883,4.5,37,167.0,1.645,0.72,us,10.4,7.074,0.089,37
39.1711,28.2092,10.0,4.3,12,81.0,1.019,0.36,us,2.81,1.988,0.238,5
29.2949,129.4832,10.0,4.2,28,125.0,2.36,0.84,us,8.47,1.916,0.118,20
27.1149,52.9585,10.0,4.0,19,172.0,3.632,0.5,us,12.6,1.967,0.163,10
52.1648,160.6812,21.154,4.7,49,122.0,1.508,1.34,us,9.65,5.576,0.067,68
52.2525,160.6754,10.0,4.7,155,156.0,2.005,0.65,us,9.78,1.903,0.04,194
-5.7989,147.903,161.579,4.2,16,188.0,3.657,0.48,us,13.7,10.08,0.186,9
-17.5689,166.9762,10.0,4.1,15,169.0,2.121,0.79,us,6.23,1.936,0.174,10
52.6482,159.2248,82.022,4.6,43,169.0,0.513,0.57,us,9.77,6.084,0.075,55
37.8343,20.0575,38.519,4.3,46,134.0,1.623,1.24,us,6.27,10.016,0.103,27
51.2504,161.0323,10.0,4.1,31,130.0,2.304,0.73,us,4.4,1.91,0.12,19
13.3398,-44.6913,10.0,5.0,117,75.0,11.331,0.45,us,8.23,1.897,0.037,233
51.1378,159.3287,27.863,4.0,9,222.0,1.934,0.53,us,9.34,10.103,0.258,5
13.8229,-90.9285,69.462,4.5,90,107.0,0.819,0.64,us,7.9,6.789,0.047,134
52.5285,160.6027,10.0,4.5,34,175.0,1.286,1.22,us,10.93,1.952,0.102,28
50.9661,158.7269,38.109,4.5,51,129.0,2.061,0.94,us,9.45,7.362,0.054,101
-7.1183,104.881,37.684,4.2,20,148.0,1.99,1.06,us,8.65,6.95,0.137,16
51.2059,158.6169,41.411,4.2,37,128.0,1.82,0.87,us,11.1,8.594,0.096,30
-23.8589,-67.7832,152.805,4.5,24,73.0,0.973,1.07,us,7.71,7.8,0.135,16
-45.0047,-77.8715,10.0,4.1,14,171.0,3.092,0.58,us,10.99,1.957,0.184,8
51.4771,159.7448,26.02,4.5,40,128.0,1.689,1.11,us,9.39,5.782,0.093,34
34.8172,70.8104,8.988,5.3,87,47.0,1.414,0.64,us,8.52,3.76,0.036,264
43.0205,150.1351,10.0,4.4,21,136.0,5.254,0.67,us,11.28,1.583,0.155,12
52.4048,160.6361,11.326,4.5,44,117.0,1.358,0.86,us,9.76,5.048,0.053,103
49.2129,157.8451,10.0,4.3,22,137.0,3.849,0.48,us,12.31,1.919,0.153,12
45.9826,150.8201,129.505,4.3,45,125.0,5.653,0.95,us,10.47,8.194,0.087,37
51.1022,160.8218,10.0,4.2,37,135.0,2.345,0.83,us,11.49,1.909,0.105,25
9.2882,123.1783,10.0,4.2,15,105.0,3.241,0.72,us,8.85,1.919,0.216,6
-16.0687,-173.7091,90.747,4.4,19,134.0,2.842,1.16,us,10.53,9.232,0.17,10
-29.2831,-177.8099,10.0,4.7,30,129.0,8.87,0.77,us,13.84,1.922,0.11,25
37.3638,145.058,10.0,4.2,15,156.0,4.621,0.7,us,10.81,1.908,0.215,6
23.5455,142.5787,57.979,4.5,38,146.0,3.553,0.88,us,15.33,8.465,0.097,31
55.8412,162.4201,64.891,4.4,88,96.0,3.58,0.68,us,9.31,6.368,0.056,94
54.5063,-160.1562,36.195,3.6,71,164.0,0.463,0.97,us,5.41,10.56,0.188,7
52.9092,159.3582,73.93,4.7,157,133.0,0.443,0.59,us,9.75,6.422,0.047,137
50.3121,159.2264,10.0,4.8,72,121.0,2.739,0.71,us,8.01,1.846,0.036,234
51.5754,157.8617,87.774,4.5,32,125.0,1.529,0.97,us,11.3,7.793,0.1,29
-58.8909,-25.9676,97.36,4.5,32,84.0,7.416,0.5,us,12.98,8.026,0.104,29
3.292,64.986,10.0,4.2,15,146.0,8.473,0.77,us,15.75,1.958,0.167,10
49.8602,159.4591,10.0,4.3,41,136.0,3.208,0.77,us,10.14,1.915,0.1,33
51.9521,159.1268,76.578,4.3,33,137.0,1.112,0.71,us,11.46,8.086,0.109,24
16.4815,-59.454,10.0,4.6,31,188.0,1.547,0.77,us,8.01,1.949,0.146,14
39.6876,143.0464,10.0,4.4,24,190.0,1.874,1.1,us,5.48,1.964,0.143,14
-25.3585,179.5477,537.754,4.1,20,128.0,11.396,0.36,us,14.52,8.65,0.131,16
-28.2547,62.7289,10.0,4.6,34,68.0,9.489,0.78,us,5.95,1.818,0.114,23
-5.0493,131.0181,42.308,4.3,32,70.0,1.227,0.86,us,6.02,6.738,0.129,17
9.4274,126.5176,35.0,4.4,36,102.0,2.52,0.47,us,10.22,1.934,0.086,39
-12.7461,166.5623,130.729,4.6,76,63.0,7.276,0.66,us,8.97,5.716,0.069,67
1.5008,97.052,26.722,4.9,110,127.0,0.559,0.68,us,8.57,5.391,0.055,107
-24.5207,-67.5714,178.807,4.2,23,95.0,1.658,1.25,us,9.43,11.438,0.187,8
51.6208,160.7572,10.0,4.2,23,138.0,1.909,1.01,us,9.42,1.93,0.128,17
41.8011,82.01,10.0,4.4,15,222.0,2.409,1.19,us,9.04,1.959,0.17,10
9.4548,93.9818,10.0,4.5,59,70.0,5.126,0.83,us,9.0,1.884,0.079,47
32.0487,131.8488,51.411,4.8,73,119.0,1.305,1.19,us,6.83,7.434,0.076,54
51.9306,-167.2686,10.0,3.5,28,227.0,1.425,0.84,us,6.59,2.009,0.221,5
53.665,160.4312,42.734,5.9,61,86.0,1.247,0.96,us,8.1,7.084,0.083,54
-20.889,-173.7415,10.0,4.5,26,83.0,4.015,1.01,us,14.42,1.894,0.127,19
52.1579,160.5211,10.0,4.2,24,162.0,1.433,1.15,us,10.48,1.964,0.113,22
51.914,160.1233,35.0,4.7,42,187.0,1.431,1.0,us,9.38,1.964,0.07,63
23.7585,90.4588,10.0,4.3,31,172.0,4.842,0.81,us,12.37,1.936,0.122,19
52.1847,160.2739,33.969,4.9,121,123.0,1.299,0.59,us,8.59,5.411,0.052,117
50.6641,159.9504,10.0,4.4,61,125.0,2.497,0.64,us,6.78,1.802,0.073,54
51.457,159.4595,35.0,4.8,95,135.0,1.646,0.81,us,9.71,1.91,0.064,75
51.7836,-170.3515,10.0,4.3,56,182.0,1.044,1.01,us,5.17,1.647,0.111,23
-9.5367,159.2885,10.726,4.9,65,46.0,0.657,0.62,us,6.73,4.405,0.073,59
51.1834,159.3788,34.579,4.1,20,194.0,1.897,0.79,us,12.77,8.729,0.144,13
79.6091,4.0277,10.0,4.7,98,60.0,1.638,0.49,us,8.38,1.26,0.059,89
51.4041,159.4794,35.0,4.4,20,178.0,1.7,1.12,us,6.07,1.972,0.155,12
18.2307,-102.2938,56.13,4.2,64,203.0,1.733,1.23,us,8.25,9.022,0.039,184
52.8627,159.4762,58.953,4.0,24,119.0,0.525,0.63,us,11.04,7.12,0.129,16
52.7692,160.8821,10.0,4.9,120,119.0,1.376,1.01,us,8.72,1.879,0.035,252
-3.2534,142.6252,45.461,4.2,20,67.0,2.055,0.61,us,8.3,7.937,0.141,14
-21.5838,-68.242,131.104,4.2,21,69.0,0.954,0.42,us,6.96,8.051,0.141,14
-9.6707,152.7941,10.0,4.7,37,159.0,5.564,0.59,us,9.54,1.867,0.105,28
-32.2113,-13.2885,10.0,5.0,46,68.0,4.911,0.88,us,11.05,1.878,0.08,50
54.3524,58.9495,10.0,3.7,15,89.0,2.066,0.93,us,6.45,1.692,0.251,4
-29.9981,-178.5042,142.344,4.7,18,91.0,0.902,0.93,us,12.39,8.774,0.138,17
51.9986,160.378,10.0,4.5,65,124.0,1.473,1.37,us,9.5,1.888,0.069,62
7.0282,126.8129,86.178,4.5,34,108.0,1.225,0.83,us,10.93,8.246,0.104,27
-30.7111,-71.4192,45.361,4.0,24,183.0,0.609,0.96,us,4.2,10.422,0.259,4
51.6577,159.4811,44.85,4.4,32,138.0,1.46,0.83,us,12.65,8.012,0.098,30
17.5334,145.7199,519.858,3.8,22,125.0,2.281,0.57,us,14.33,10.009,0.132,15
52.7315,160.8354,10.0,4.2,23,182.0,1.356,0.96,us,13.78,1.977,0.153,12
53.5814,-164.1676,45.308,3.3,28,209.0,1.022,0.44,us,2.66,12.045,0.241,4
52.3314,160.7951,10.0,4.2,38,152.0,1.479,0.98,us,7.51,1.84,0.103,26
-19.1224,-177.7628,557.75,4.4,17,131.0,3.792,0.37,us,11.96,12.28,0.154,13
51.7832,161.3132,10.0,4.3,39,124.0,2.05,0.85,us,11.37,1.928,0.079,45
52.2594,158.0752,10.0,5.3,66,119.0,0.842,1.04,us,8.04,1.881,0.076,59
53.0907,161.4103,10.0,4.2,19,167.0,1.667,0.82,us,12.74,1.974,0.147,13
2.7963,-31.1245,10.0,4.4,38,84.0,9.805,1.0,us,12.82,1.894,0.092,34
40.5846,143.6757,31.769,4.5,58,132.0,1.481,0.79,us,6.86,5.514,0.082,46
49.3739,119.6641,10.0,4.3,37,78.0,0.116,0.35,us,6.87,1.872,0.113,22
49.8389,155.8718,74.632,4.4,94,127.0,3.467,0.52,us,9.68,7.625,0.055,95
6.0445,123.6804,556.761,4.3,71,54.0,2.144,0.82,us,11.09,8.542,0.073,54
-0.0117,123.4351,176.509,4.0,29,103.0,1.219,1.1,us,6.21,7.836,0.13,16
-16.0679,-171.4995,10.0,4.4,16,133.0,2.023,0.35,us,5.46,1.91,0.179,9
-29.6809,-177.2747,35.0,4.7,18,125.0,18.146,0.67,us,10.54,1.941,0.117,22
50.4151,157.2643,53.85,4.2,32,165.0,2.711,0.69,us,8.43,9.5,0.115,21
-29.7529,-71.8422,27.059,4.3,32,145.0,0.55,0.82,us,5.35,5.147,0.154,12
-2.2019,140.0112,10.0,4.0,13,122.0,0.758,0.94,us,6.52,1.852,0.163,10
9.3798,93.87,10.0,4.6,60,123.0,5.13,0.35,us,9.32,1.902,0.084,42
27.5427,139.8854,486.645,4.3,125,47.0,2.093,0.58,us,10.87,7.79,0.052,107
-36.529,-73.0687,35.0,4.1,22,188.0,1.539,0.41,us,6.73,1.984,0.234,5
52.3755,160.6875,10.0,4.8,12,174.0,1.399,0.67,us,11.25,1.967,0.175,10
52.9716,161.1278,10.0,4.3,19,187.0,1.498,1.32,us,7.9,1.988,0.154,12
-17.6163,-178.9715,545.413,4.4,48,79.0,1.949,0.68,us,13.85,9.139,0.084,41
-55.4726,-26.1917,10.0,4.2,14,120.0,6.062,0.63,us,14.6,1.946,0.146,13
51.9804,160.4872,35.0,4.7,44,178.0,2.043,0.55,us,9.87,1.956,0.078,50
13.9315,120.8166,93.766,4.7,115,99.0,8.842,0.85,us,8.41,7.29,0.043,161
58.8008,-31.4532,10.0,4.9,74,85.0,7.649,0.8,us,10.4,1.844,0.053,112
33.5787,141.861,10.0,4.3,23,160.0,1.775,0.94,us,8.88,1.946,0.142,14
54.4458,-160.1031,39.1,3.9,134,177.0,0.488,0.87,us,6.24,10.463,0.155,11
53.8472,160.0143,81.974,4.6,43,168.0,1.161,0.66,us,11.32,9.072,0.085,45
9.9404,-70.8134,10.0,4.6,85,52.0,1.064,0.67,us,6.6,1.889,0.07,61
56.3735,162.373,10.0,4.4,38,144.0,3.992,0.74,us,13.68,1.92,0.097,31
-8.9619,-108.8322,10.0,4.9,60,132.0,19.691,0.9,us,8.72,1.897,0.06,87
-23.9394,-179.8439,532.881,4.2,25,125.0,6.469,0.73,us,21.06,24.442,0.115,21
-31.9653,-66.9423,145.674,4.6,105,51.0,1.53,0.89,us,6.4,5.594,0.034,262
-13.7044,-72.7506,10.0,4.6,15,112.0,4.34,1.14,us,7.58,1.927,0.173,10
52.8952,160.5992,28.802,4.0,26,118.0,1.186,0.77,us,7.82,4.227,0.111,22
65.9215,-37.4413,10.0,4.3,37,127.0,5.392,0.69,us,8.24,1.942,0.091,34
50.3691,157.1711,49.468,4.5,51,134.0,2.763,0.65,us,11.05,7.209,0.087,39
13.527,120.3513,62.176,4.6,41,93.0,8.495,0.49,us,12.28,8.605,0.091,36
-6.7731,129.4486,165.352,4.6,67,46.0,2.281,0.8,us,9.44,6.158,0.075,53
52.0277,160.2995,19.736,4.7,76,124.0,1.418,0.51,us,7.65,1.24,0.073,58
51.874,159.7088,35.0,4.4,26,177.0,1.321,1.07,us,12.41,1.974,0.126,18
53.6341,159.6268,10.0,4.2,17,131.0,0.847,0.81,us,9.32,1.953,0.167,13
47.1469,152.3326,105.689,4.0,32,132.0,6.891,0.43,us,14.25,8.81,0.11,22
51.7826,-173.525,14.738,3.8,37,141.0,0.591,1.06,us,5.06,5.912,0.127,16
52.6875,160.6998,10.0,4.3,46,134.0,1.288,0.45,us,11.21,1.904,0.088,37
53.6022,160.1487,51.891,4.6,47,103.0,1.07,0.53,us,10.68,7.45,0.056,95
11.6461,-86.4167,87.746,4.5,68,136.0,1.199,0.81,us,8.14,8.288,0.071,57
-23.3574,171.4649,10.0,4.5,16,201.0,3.776,0.9,us,8.69,1.929,0.171,10
-31.3288,-70.8823,96.919,4.3,26,114.0,0.161,0.65,us,3.95,5.496,0.307,3
12.5899,145.3153,10.0,4.6,51,146.0,1.085,0.58,us,8.64,1.909,0.082,44
73.3425,6.6241,10.0,4.3,31,65.0,5.413,1.02,us,8.6,1.93,0.138,16
7.669,136.9808,10.0,4.6,41,100.0,2.506,0.68,us,9.85,1.879,0.082,44
54.781,162.2474,44.143,4.3,51,159.0,3.167,0.34,us,9.14,8.478,0.08,44
0.5213,-79.9972,12.915,4.3,20,151.0,0.886,1.0,us,5.2,5.134,0.217,6
52.5424,160.527,10.0,4.1,19,222.0,1.238,0.51,us,16.19,1.983,0.145,13
53.1578,159.7994,62.349,4.3,32,117.0,0.706,0.85,us,7.0,7.8,0.119,20
52.5134,160.7669,28.866,4.2,49,116.0,1.384,0.74,us,10.59,6.387,0.086,38
52.2835,160.6646,23.152,4.0,21,152.0,1.434,0.48,us,9.66,7.068,0.196,9
11.0423,123.8836,10.0,4.5,53,73.0,4.288,0.53,us,8.89,1.839,0.088,38
19.3729,-109.0451,10.0,4.3,20,123.0,1.873,0.81,us,9.31,1.94,0.096,31
-13.1696,167.1462,207.973,4.6,61,134.0,7.833,0.77,us,9.73,4.758,0.067,66
19.9758,-70.6098,10.0,4.3,82,58.0,0.547,0.64,us,4.28,1.867,0.053,100
44.7743,148.4408,78.22,4.2,69,135.0,4.238,0.55,us,9.16,6.66,0.071,58
-22.1385,-179.8,606.632,4.1,19,205.0,4.815,0.54,us,23.24,29.791,0.126,18
51.7025,159.1251,60.521,5.1,58,127.0,1.355,0.65,us,10.95,7.016,0.071,64
37.0613,71.863,164.169,4.4,27,166.0,1.343,0.81,us,6.12,8.02,0.19,8
28.2086,130.9833,10.0,4.6,50,130.0,2.389,0.45,us,4.8,1.871,0.093,35
34.5841,93.1476,10.0,4.1,27,127.0,5.159,0.57,us,12.17,1.953,0.131,17
6.9235,-73.1814,151.558,4.1,54,156.0,2.356,0.6,us,12.72,15.614,0.077,46
-4.7558,152.7685,50.626,4.4,28,154.0,0.824,0.84,us,10.4,7.903,0.118,21
50.284,158.3323,10.0,4.8,132,95.0,2.75,0.75,us,8.72,1.852,0.05,123
-29.7112,-177.0683,10.0,4.7,19,145.0,12.421,0.44,us,17.22,1.957,0.133,17
31.9149,104.5459,10.0,4.3,32,99.0,4.092,0.66,us,10.37,1.913,0.125,18
28.117,140.6942,184.387,4.3,35,138.0,1.668,0.62,us,12.38,9.856,0.111,23
69.0871,137.9228,10.0,4.2,58,64.0,3.984,0.43,us,9.57,1.915,0.08,44
29.3051,129.4331,10.0,4.9,70,33.0,2.367,1.05,us,5.14,1.866,0.045,158
1.9255,-30.7366,10.0,4.5,35,82.0,19.923,0.61,us,13.47,1.904,0.099,30
52.3541,160.9316,10.0,5.0,164,87.0,1.542,0.86,us,8.97,1.875,0.036,252
51.8969,178.568,98.161,3.7,36,150.0,0.059,0.57,us,9.7,9.228,0.119,20
13.6577,39.7972,10.0,4.4,21,140.0,3.651,0.67,us,11.83,1.871,0.149,13
-23.6383,179.9884,544.334,4.6,53,126.0,6.137,0.8,us,13.16,7.03,0.043,162
37.5492,72.2407,205.283,4.1,47,92.0,0.786,0.56,us,7.27,6.293,0.127,17
-5.5347,152.4522,10.0,4.4,21,197.0,1.292,0.57,us,12.37,1.265,0.098,30
29.4276,129.1139,10.0,4.5,25,109.0,2.375,0.71,us,5.61,1.852,0.144,14
11.4966,-87.1129,35.0,4.6,114,175.0,1.066,0.74,us,5.28,1.949,0.045,145
53.1494,160.6917,10.0,4.7,87,141.0,1.238,0.69,us,4.73,1.786,0.029,362
0.8821,92.7848,10.0,4.8,42,55.0,4.808,0.78,us,9.92,1.868,0.107,27
52.022,160.3219,10.0,4.1,14,124.0,1.432,0.93,us,11.01,1.942,0.234,8
37.7225,144.546,10.0,4.0,18,156.0,4.084,0.77,us,11.96,1.95,0.144,13
-0.1008,123.016,82.215,4.2,26,79.0,0.966,0.65,us,7.17,6.962,0.166,11
-4.2991,133.2509,10.0,4.3,19,102.0,1.697,0.65,us,4.57,1.878,0.123,19
43.0876,130.9954,561.251,5.2,106,30.0,1.325,0.52,us,10.1,7.57,0.02,805
34.1848,23.9131,35.0,4.2,39,116.0,2.996,0.6,us,8.57,1.948,0.121,19
6.2706,-82.7069,10.0,4.5,38,172.0,3.68,0.88,us,9.83,1.952,0.102,28
-18.6469,-175.7455,278.959,4.4,29,135.0,5.134,0.51,us,15.27,8.591,0.097,31
50.3058,159.6425,10.0,4.1,40,135.0,2.791,0.51,us,10.97,1.88,0.101,27
7.3896,127.0323,10.0,5.0,75,53.0,1.476,1.35,us,6.56,1.818,0.05,130
8.4837,125.9407,10.0,4.5,28,101.0,1.45,1.0,us,10.86,1.912,0.135,22
-5.0387,151.1614,183.341,4.4,24,98.0,1.306,0.55,us,10.57,9.551,0.117,21
9.7251,126.2551,43.253,4.6,44,124.0,2.722,1.23,us,11.07,6.067,0.103,30
36.2857,70.6103,104.431,4.1,35,96.0,2.139,1.08,us,7.33,9.951,0.114,21
49.8432,155.9557,68.479,4.2,45,132.0,3.446,1.14,us,10.52,6.508,0.1,32
41.1559,142.7514,53.76,4.3,37,150.0,0.911,0.9,us,3.15,8.324,0.116,21
-23.2201,-179.8897,570.435,4.6,32,121.0,5.778,0.66,us,15.43,9.966,0.084,45
7.2411,127.0451,16.617,4.3,21,178.0,1.465,0.6,us,8.72,5.662,0.137,15
-15.8876,166.5681,10.0,4.3,12,220.0,5.119,0.3,us,12.25,1.98,0.188,8
14.0612,-92.7258,10.0,4.4,32,244.0,1.152,0.93,us,12.78,2.0,0.072,56
12.0871,143.284,35.0,4.2,21,148.0,2.149,0.79,us,12.19,1.964,0.131,16
-3.6726,-104.6839,10.0,4.4,33,162.0,14.07,1.15,us,14.52,1.943,0.106,26
52.7151,160.8644,10.0,5.3,113,160.0,1.377,0.73,us,11.32,1.928,0.056,105
-1.609,-77.9864,171.439,4.1,22,96.0,0.121,1.0,us,8.83,4.561,0.146,13
36.0705,28.4808,44.648,4.2,40,61.0,0.324,0.79,us,5.11,6.057,0.096,30
52.4486,160.7711,29.521,4.0,20,176.0,1.412,0.78,us,13.51,8.352,0.118,19
-21.8724,179.7395,599.507,4.5,52,58.0,4.402,0.75,us,13.81,10.234,0.082,44
52.8568,159.5039,61.315,4.1,27,134.0,0.543,0.97,us,10.57,6.339,0.145,13
32.3157,76.638,10.0,4.1,47,163.0,6.289,0.94,us,9.93,1.92,0.103,26
51.4392,159.2978,10.0,4.1,35,167.0,1.636,0.51,us,11.98,1.956,0.102,26
-15.9102,167.3193,16.121,4.4,59,112.0,0.474,0.51,us,9.86,5.058,0.078,51
-51.3994,-75.3811,18.674,4.3,15,177.0,2.766,0.92,us,10.84,6.11,0.177,9
27.5551,128.5811,41.781,4.4,46,84.0,0.767,0.74,us,4.61,9.106,0.112,27
-9.6951,122.1727,66.901,4.2,22,74.0,1.055,0.76,us,6.15,8.55,0.146,13
49.8279,157.5025,25.716,4.3,27,134.0,3.279,1.06,us,10.5,5.81,0.126,18
-20.1095,-178.7629,618.958,4.1,18,122.0,3.823,0.49,us,18.61,9.315,0.158,11
20.4797,144.8663,186.772,3.9,20,125.0,5.284,0.62,us,11.75,10.721,0.133,15
49.3741,155.5437,59.187,4.5,25,138.0,3.977,0.76,us,11.29,8.224,0.124,19
3.3331,-31.2824,10.0,4.3,16,158.0,10.202,1.09,us,15.41,1.89,0.148,16
-2.1436,102.0337,182.45,4.2,26,154.0,2.343,0.74,us,8.7,9.291,0.14,14
9.2161,93.7176,10.0,4.6,63,137.0,5.847,1.04,us,11.56,1.908,0.078,49
2.6829,96.0411,35.0,4.4,13,209.0,2.879,0.52,us,15.94,1.989,0.19,8
-4.5323,153.1886,95.17,4.6,36,101.0,1.077,0.81,us,8.56,6.56,0.098,31
35.055,68.6825,10.0,4.1,16,206.0,0.655,0.75,us,6.78,2.011,0.198,7
52.2503,160.4393,36.48,4.3,20,177.0,1.877,1.09,us,12.62,6.719,0.125,18
-61.132,159.5878,10.0,5.1,43,103.0,6.662,0.82,us,10.86,1.886,0.089,41
50.6175,158.0024,33.576,4.5,70,130.0,2.443,0.7,us,10.96,6.088,0.06,82
-38.4234,176.2689,128.473,4.4,14,72.0,0.59,0.31,us,3.98,5.74,0.24,5
54.4964,-159.8493,36.422,3.9,31,184.0,0.368,0.81,us,6.8,10.066,0.209,6
43.8555,147.7179,31.247,4.4,30,189.0,3.708,0.7,us,11.65,9.045,0.127,18
52.8522,160.8574,10.0,4.7,25,143.0,1.347,1.14,us,8.78,1.86,0.159,12
52.7107,159.5146,63.772,4.6,36,117.0,0.611,1.36,us,10.13,7.03,0.103,28
38.8235,70.6829,10.0,4.1,38,146.0,1.086,0.96,us,4.65,1.918,0.107,24
39.3435,73.5168,10.0,4.1,20,112.0,1.167,0.68,us,3.13,1.864,0.261,4
51.8027,160.2414,10.0,4.5,45,155.0,1.564,0.95,us,9.96,1.94,0.071,59
36.3656,77.0742,10.0,4.3,19,236.0,4.141,1.33,us,11.64,1.985,0.177,9
52.2203,160.4333,31.78,4.7,102,149.0,1.352,0.77,us,9.67,5.969,0.046,144
38.1018,72.9591,10.0,4.6,22,162.0,0.429,0.72,us,7.59,1.968,0.122,20
2.7113,128.1721,73.75,4.3,35,104.0,3.355,1.18,us,9.42,2.478,0.113,22
49.1254,156.146,33.974,4.6,57,138.0,4.106,1.05,us,12.54,6.204,0.074,55
51.0212,-179.8061,35.0,4.5,59,176.0,0.665,0.65,us,4.7,1.928,0.041,177
32.6188,47.9026,10.0,4.1,17,222.0,3.083,0.75,us,15.0,2.016,0.197,7
-11.1036,165.5075,10.0,4.5,14,143.0,4.622,0.92,us,9.51,1.966,0.181,9
-18.0077,-177.975,625.129,4.4,46,123.0,2.958,0.65,us,14.42,10.109,0.078,48
52.7405,161.1469,10.0,4.1,18,196.0,1.539,0.74,us,7.65,1.994,0.144,14
-55.2945,-27.9457,20.422,4.5,18,123.0,5.046,0.48,us,13.23,3.886,0.131,17
-55.3861,-129.7475,10.0,4.5,25,54.0,30.722,0.75,us,14.22,1.845,0.127,18
29.6455,141.9378,30.674,4.0,22,198.0,2.55,0.42,us,13.92,8.552,0.15,13
-19.7558,-177.529,544.161,4.4,30,92.0,7.206,0.29,us,16.0,11.313,0.112,23
53.0676,159.674,59.216,4.3,64,163.0,0.62,0.75,us,13.22,8.958,0.075,50
-10.1177,123.3333,75.872,4.0,13,83.0,0.988,0.86,us,9.03,7.386,0.164,10
51.0239,158.8265,35.0,4.9,103,122.0,2.006,0.74,us,8.16,1.904,0.034,266
52.8863,159.8201,64.213,5.1,94,74.0,0.721,0.76,us,7.55,5.384,0.045,160
17.0924,-94.8289,130.741,4.8,52,113.0,0.69,1.05,us,5.17,6.777,0.044,159
60.5231,-140.0265,7.439,4.6,67,56.0,0.443,0.85,us,3.61,4.774,0.11,26
53.413,159.4168,77.024,4.2,10,137.0,1.076,0.44,us,13.82,8.163,0.199,7
52.3332,161.8944,10.0,4.5,53,133.0,2.093,0.68,us,12.1,1.915,0.086,40
51.6074,158.6189,35.0,4.6,25,208.0,1.418,0.82,us,11.29,1.976,0.107,26
14.9325,-61.4045,150.42,4.5,112,37.0,0.308,0.68,us,6.25,5.699,0.035,235
4.8375,126.4906,58.92,4.7,46,126.0,1.014,0.92,us,8.66,8.089,0.086,41
-5.6802,129.0318,10.0,4.4,23,68.0,4.22,1.0,us,8.96,1.909,0.13,17
-2.3416,100.7966,56.414,4.6,33,132.0,2.944,1.06,us,9.77,8.066,0.128,18
0.9867,125.647,78.407,4.0,19,105.0,3.725,0.85,us,7.4,9.608,0.183,11
20.1066,148.0444,10.0,4.5,30,109.0,5.295,0.93,us,6.94,1.886,0.113,23
-4.5409,102.379,47.958,4.6,31,70.0,0.602,0.77,us,8.64,7.584,0.114,23
-22.9236,170.9414,10.0,4.2,15,120.0,3.24,0.46,us,7.61,1.793,0.167,11
5.9275,61.4056,10.0,4.6,42,138.0,23.247,0.99,us,15.04,1.95,0.095,33
51.3387,159.8203,10.0,4.4,23,129.0,1.835,1.01,us,10.04,1.9,0.156,12
49.1823,157.8409,10.0,4.3,32,136.0,3.88,0.88,us,10.35,1.887,0.114,23
43.4229,-126.7888,10.0,3.9,85,193.0,1.476,0.94,us,7.99,1.99,0.112,21
52.4388,160.9549,10.0,4.5,45,120.0,2.088,0.57,us,9.15,1.893,0.091,35
52.9424,161.0077,10.0,4.1,18,170.0,1.428,0.67,us,11.62,1.962,0.165,10
-14.686,66.5037,10.0,4.7,33,100.0,5.863,0.38,us,13.7,1.895,0.104,28
52.0083,159.9324,35.0,4.9,53,156.0,1.753,1.15,us,7.25,1.89,0.064,98
52.6512,160.3204,10.0,5.0,88,120.0,1.08,1.29,us,7.28,1.862,0.039,211
52.2856,160.185,35.0,4.4,31,151.0,1.192,0.79,us,6.45,1.929,0.13,17
-24.1237,-67.0744,188.778,4.2,14,111.0,1.545,0.77,us,7.94,13.711,0.263,4
-3.8222,-76.2677,112.687,4.9,105,55.0,2.904,0.55,us,10.54,6.23,0.031,327
0.652,121.5651,80.966,4.5,54,113.0,0.906,0.77,us,8.79,7.143,0.079,47
-2.8693,147.2599,10.0,4.4,22,80.0,0.827,1.48,us,6.8,1.271,0.139,15
60.9532,-28.0169,10.0,4.7,91,94.0,4.886,1.0,us,8.74,1.889,0.039,193
52.546,160.9573,10.0,4.4,37,134.0,1.481,0.97,us,8.61,1.814,0.108,25
-21.6058,-179.1001,575.623,4.1,26,104.0,4.685,0.47,us,15.25,11.615,0.116,20
-26.5905,178.7837,550.873,4.0,19,76.0,3.948,0.83,us,15.62,11.917,0.139,14
-30.9493,-69.4723,108.987,4.7,61,31.0,0.908,0.63,us,4.74,5.577,0.076,52
52.1637,161.4144,10.0,4.0,41,180.0,1.893,0.46,us,9.91,1.804,0.093,31
-9.4965,-74.8584,10.0,5.1,61,101.0,3.151,0.55,us,9.15,1.806,0.033,298
16.1256,120.6539,10.0,4.7,66,107.0,6.669,0.81,us,11.17,1.918,0.077,51
52.7451,160.8097,10.0,4.4,23,189.0,1.338,0.54,us,7.29,1.979,0.155,12
49.955,158.7114,10.0,4.0,23,138.0,3.073,0.74,us,13.44,1.942,0.139,14
51.2532,159.238,28.854,4.5,34,124.0,1.81,0.97,us,9.25,6.153,0.113,23
36.8209,45.0167,10.0,4.0,23,72.0,0.224,0.68,us,7.19,1.966,0.13,16
49.897,157.3324,35.0,4.4,44,129.0,3.224,0.64,us,8.89,1.913,0.1,29
-5.7636,-80.7809,55.95,4.4,48,134.0,3.611,0.51,us,10.98,4.792,0.082,43
51.6635,160.0305,10.0,4.8,74,135.0,1.604,0.81,us,10.7,1.899,0.062,80
50.092,156.2119,66.34,4.5,52,135.0,3.16,0.47,us,10.81,7.612,0.057,90
-30.4607,-177.7927,35.0,5.0,61,127.0,7.787,0.88,us,11.78,1.874,0.051,124
-17.746,-178.6377,548.026,4.4,52,103.0,2.285,0.73,us,13.05,3.339,0.095,32
50.3453,158.7601,31.077,4.5,31,142.0,2.683,0.53,us,10.67,6.401,0.11,24
-18.1893,168.064,45.78,4.7,34,86.0,2.849,0.62,us,8.65,7.565,0.089,38
34.705,70.7777,10.0,4.7,124,79.0,1.368,0.58,us,7.84,1.845,0.053,108
1.6196,127.2088,142.172,4.1,24,122.0,0.857,1.12,us,7.07,5.794,0.157,13
17.162,59.7289,10.0,4.3,39,180.0,8.413,1.04,us,10.8,1.924,0.099,29
-52.8739,21.8555,10.0,4.4,16,96.0,20.367,0.28,us,14.44,1.911,0.143,14
6.3761,126.5946,10.0,4.1,13,178.0,1.221,0.87,us,8.43,1.959,0.184,9
52.0635,160.5052,10.0,4.4,39,178.0,2.007,1.15,us,10.02,1.955,0.087,38
44.692,150.4283,10.0,4.3,21,183.0,5.643,1.26,us,15.16,1.976,0.168,10
11.2399,140.0978,10.0,4.7,100,110.0,5.212,0.7,us,8.79,1.862,0.06,85
5.2907,94.8423,75.831,4.9,63,137.0,2.097,0.64,us,9.25,8.043,0.083,46
-28.4498,-68.9984,94.818,4.5,30,46.0,1.596,0.97,us,6.72,7.73,0.131,17
-23.0538,179.0167,613.245,4.3,23,108.0,5.359,0.96,us,19.41,21.332,0.132,16
-4.979,153.1751,59.418,4.4,19,152.0,1.276,0.5,us,10.36,8.067,0.149,13
49.6385,158.3545,10.0,4.1,17,138.0,3.395,0.53,us,14.04,1.943,0.166,10
58.6644,126.4766,10.0,4.4,28,120.0,3.734,0.77,us,9.76,1.894,0.13,17
40.7299,13.6049,404.05,4.1,59,53.0,0.789,0.77,us,7.37,6.317,0.123,18
-11.8328,166.6422,181.077,4.5,21,146.0,3.634,0.77,us,13.83,8.805,0.14,19
-37.6588,51.7353,10.0,4.4,21,91.0,8.765,0.83,us,10.27,1.65,0.139,15
50.6407,157.067,69.815,4.4,66,136.0,2.502,0.54,us,11.58,8.292,0.073,54
51.4687,159.8714,10.0,4.3,10,182.0,2.116,0.95,us,8.61,1.979,0.237,5
49.9891,157.6864,10.0,4.1,38,163.0,3.098,0.65,us,6.21,1.944,0.096,32
51.5329,160.8796,10.0,4.7,116,133.0,2.026,0.63,us,10.65,1.89,0.053,108
-34.9148,-111.5823,10.0,4.4,14,91.0,31.625,0.21,us,16.77,1.914,0.17,11
51.36,159.716,10.0,4.9,103,111.0,2.146,0.81,us,8.43,1.848,0.058,94
54.1583,-161.3362,35.0,3.3,18,205.0,1.222,0.78,us,5.36,1.982,0.183,7
23.3055,-44.9733,10.0,4.7,87,132.0,19.929,0.43,us,14.07,1.912,0.063,76
50.1175,157.3413,35.0,4.3,34,150.0,3.003,0.76,us,13.35,1.967,0.111,23
6.6892,126.6242,101.687,4.4,27,127.0,1.104,0.99,us,6.12,7.603,0.123,20
-7.0257,147.3571,49.747,4.2,17,120.0,2.372,1.14,us,11.33,8.872,0.124,18
52.9886,161.1133,10.0,4.3,49,120.0,1.489,0.68,us,9.86,1.899,0.079,45
-10.6787,110.1796,10.0,4.2,27,102.0,3.615,0.72,us,8.41,1.907,0.132,18
13.1322,50.1725,10.0,4.4,21,147.0,7.333,0.87,us,12.7,1.886,0.143,14
15.3857,120.1378,64.159,4.9,163,73.0,7.446,0.73,us,9.97,6.392,0.045,155
-20.8957,-68.9598,103.122,4.2,31,51.0,0.514,0.85,us,5.2,6.378,0.132,16
46.0522,150.9692,109.304,4.3,39,170.0,6.237,0.63,us,12.97,8.908,0.099,29
14.4113,-92.8717,45.171,4.3,72,131.0,1.282,1.13,us,8.3,8.944,0.068,62
50.1538,158.3695,15.284,4.9,16,134.0,2.879,0.44,us,12.38,5.678,0.229,6
55.1096,165.6247,10.0,4.2,33,173.0,5.076,0.5,us,17.88,1.958,0.104,26
52.4642,160.713,10.0,4.1,20,207.0,1.374,0.86,us,12.51,2.009,0.127,17
-59.6557,-26.3712,63.514,4.5,20,116.0,7.712,0.6,us,15.73,11.328,0.124,20
-1.6625,-81.0281,10.0,4.7,53,155.0,1.56,0.67,us,8.89,1.908,0.089,38
51.654,159.2124,35.504,4.6,74,137.0,1.414,0.94,us,11.22,7.507,0.068,64
16.3329,-59.675,10.0,4.4,35,201.0,1.327,0.54,us,7.31,1.964,0.19,8
53.1242,159.8913,59.651,4.6,76,133.0,0.756,0.85,us,10.22,6.865,0.071,59
9.6143,126.1051,94.532,4.3,16,135.0,2.581,1.2,us,13.99,7.17,0.161,11
52.7118,160.9134,10.0,4.4,33,152.0,1.407,0.49,us,9.49,1.94,0.114,22
30.9115,77.3908,15.386,4.4,39,119.0,7.829,0.82,us,14.28,4.824,0.108,25
8.6228,126.3529,74.651,4.8,110,41.0,1.723,0.83,us,8.54,4.684,0.047,139
9.0575,93.7358,10.0,4.3,23,179.0,5.815,1.09,us,9.03,1.868,0.154,13
48.7738,156.2107,10.0,4.7,165,119.0,4.441,0.5,us,4.63,1.867,0.034,260
51.4935,159.882,32.936,4.3,19,137.0,1.709,0.81,us,9.31,6.917,0.177,11
38.3638,-26.6536,11.492,4.5,27,102.0,1.074,1.14,us,9.93,4.686,0.131,17
-17.1006,168.4113,215.635,4.2,19,83.0,2.012,0.82,us,11.25,11.331,0.146,13
-41.8819,84.961,10.0,4.6,33,66.0,37.441,0.5,us,10.35,1.875,0.103,28
52.983,159.8563,59.222,4.3,28,167.0,0.73,0.7,us,12.13,8.503,0.101,28
-6.8749,125.3117,520.733,4.5,91,39.0,3.043,0.45,us,10.46,8.24,0.07,61
42.0247,72.9254,10.0,4.6,62,46.0,0.698,0.53,us,3.68,1.898,0.087,39
-19.313,-177.5673,574.565,4.3,38,125.0,4.056,0.63,us,15.46,10.474,0.1,29
23.6902,-44.9762,10.0,4.7,38,104.0,16.824,0.76,us,13.47,1.917,0.092,36
-25.9649,179.6835,508.72,4.9,65,85.0,8.319,0.68,us,12.66,7.55,0.075,56
-63.458,173.854,10.0,4.3,11,217.0,14.624,1.04,us,11.72,2.011,0.189,8
52.4126,160.4179,10.0,5.0,80,103.0,1.237,0.73,us,8.41,1.829,0.041,195
9.3705,127.1473,10.0,4.5,17,139.0,2.763,0.55,us,10.97,1.909,0.156,12
29.7534,129.6362,10.0,4.6,35,113.0,1.886,0.62,us,6.77,1.883,0.119,21
29.2727,129.4856,10.0,4.5,93,108.0,2.381,0.53,us,3.2,1.859,0.062,81
53.1318,159.683,51.463,4.4,43,124.0,0.633,0.83,us,10.74,7.354,0.096,31
50.3444,159.023,10.0,4.4,35,138.0,2.693,0.54,us,12.9,1.931,0.109,24
48.964,156.0534,43.397,5.0,82,129.0,4.278,0.65,us,9.76,7.052,0.063,80
51.149,158.5587,35.0,5.2,142,60.0,1.878,0.74,us,7.36,1.832,0.023,602
52.0022,177.5731,153.772,4.1,26,170.0,0.583,0.48,us,5.45,7.174,0.14,14
53.0425,161.1586,29.721,4.3,33,135.0,1.515,0.64,us,11.81,6.303,0.113,22
-55.6029,-27.7956,35.274,4.4,15,123.0,5.182,0.21,us,14.43,10.277,0.143,14
-22.836,171.1579,10.0,4.7,34,126.0,3.434,0.85,us,8.83,1.889,0.106,27
42.0242,137.5574,286.491,4.1,81,58.0,2.912,0.96,us,9.0,7.608,0.066,63
52.1778,160.2185,35.0,4.1,20,166.0,1.278,0.66,us,10.05,1.949,0.166,12
53.124,160.3421,56.152,4.4,26,117.0,1.026,0.93,us,5.79,7.582,0.126,18
52.3185,160.5619,24.34,4.3,32,122.0,1.362,1.06,us,11.19,6.251,0.096,31
-57.5127,157.3086,10.0,5.0,30,136.0,3.158,1.14,us,13.33,1.941,0.107,28
29.3982,129.4199,10.0,4.5,41,108.0,2.285,0.98,us,7.14,1.85,0.09,36
54.5463,-160.2427,35.0,3.4,52,184.0,0.475,1.15,us,4.87,1.717,0.219,5
-60.0063,-62.7255,10.0,4.5,12,150.0,4.825,1.19,us,14.83,1.959,0.163,11
-29.7113,-71.3402,41.074,4.5,33,150.0,0.225,0.53,us,4.58,7.569,0.205,7
49.6716,157.6478,22.252,4.2,32,135.0,3.415,1.3,us,10.62,5.868,0.113,22
36.7989,74.5496,10.0,4.7,77,84.0,2.231,0.73,us,9.58,1.841,0.062,79
-55.4729,-28.2657,51.736,4.8,67,72.0,4.895,0.44,us,10.17,3.875,0.073,57
49.2367,154.7314,84.212,4.1,28,137.0,4.302,0.51,us,12.02,4.06,0.123,18
-56.8826,-67.4457,10.0,4.3,13,135.0,1.958,1.19,us,10.96,1.941,0.154,12
50.1512,157.6116,35.0,4.3,29,132.0,2.948,0.53,us,10.04,1.934,0.119,20
-17.7869,-70.015,109.604,4.9,48,111.0,0.546,0.51,us,5.68,5.215,0.04,194
50.1135,159.7547,44.95,4.4,25,153.0,2.994,0.79,us,12.67,9.061,0.084,41
57.886,146.7923,10.0,4.1,24,159.0,2.678,1.17,us,9.08,1.962,0.127,17
51.3118,159.4683,28.881,4.3,22,121.0,2.103,0.72,us,10.81,5.881,0.126,18
52.3708,160.5584,10.0,4.7,70,164.0,1.333,0.87,us,10.25,1.936,0.06,85
49.0812,156.2578,10.0,4.7,91,131.0,4.133,0.97,us,9.58,1.88,0.06,98
-20.3625,-177.6239,469.676,4.7,51,53.0,7.362,0.83,us,13.12,7.53,0.08,48
-7.7947,108.7198,99.247,4.8,86,54.0,1.111,0.66,us,7.79,5.15,0.059,88
-4.8372,133.9605,10.0,4.4,30,43.0,2.138,1.01,us,5.58,1.916,0.139,15
52.0654,-169.3422,13.442,4.8,227,122.0,0.759,0.64,us,5.01,4.061,0.035,257
52.2023,160.2228,31.82,4.8,93,123.0,1.263,0.74,us,8.25,4.658,0.055,103
50.089,155.7823,93.707,4.4,74,135.0,3.251,0.64,us,11.23,7.249,0.069,61
50.3225,156.9122,54.628,4.4,27,190.0,2.832,0.71,us,13.73,9.676,0.126,18
54.529,-159.884,35.0,3.6,39,196.0,0.348,0.66,us,4.88,1.976,0.223,5
28.4214,104.816,35.0,4.4,41,89.0,4.483,0.45,us,10.78,1.943,0.096,31
-7.987,130.1395,10.0,4.6,36,96.0,3.45,0.83,us,8.8,0.625,0.1,30
17.4446,145.8761,219.036,4.2,13,151.0,2.193,0.9,us,15.4,10.801,0.186,8
28.7236,67.1787,10.0,4.3,34,137.0,10.043,0.83,us,7.41,1.914,0.106,25
49.4262,157.9132,10.0,4.6,73,136.0,3.632,0.72,us,9.8,1.897,0.048,131
54.5256,-160.1121,40.786,4.2,102,169.0,0.431,0.92,us,5.69,10.329,0.176,9
7.0448,126.811,89.635,4.8,68,109.0,1.223,0.62,us,9.13,6.936,0.073,57
4.6048,125.008,10.0,4.9,69,45.0,0.486,0.63,us,3.43,1.85,0.07,65
52.811,160.611,10.0,5.1,138,70.0,1.206,0.9,us,7.79,1.777,0.021,724
-20.8579,-178.7333,548.336,4.5,103,111.0,4.336,0.61,us,12.87,6.836,0.044,157
51.0978,157.1931,92.317,4.5,128,133.0,2.038,0.65,us,9.7,5.116,0.035,247
11.1466,124.1035,10.0,4.5,42,99.0,4.305,0.74,us,5.36,1.872,0.104,30
11.8324,-88.1576,10.0,4.3,60,206.0,1.404,0.62,us,6.29,1.957,0.078,48
51.3663,159.7691,35.0,4.2,17,138.0,1.797,0.37,us,13.38,1.955,0.146,14
52.7891,159.0738,104.367,5.1,41,150.0,0.891,0.91,us,11.44,6.374,0.101,32
37.0973,140.4289,98.472,4.8,154,123.0,1.866,0.59,us,7.74,6.691,0.049,130
-12.1686,166.5046,93.295,4.6,29,226.0,3.329,0.93,us,15.44,12.597,0.107,26
52.5294,160.7131,35.786,4.2,30,120.0,1.347,0.82,us,10.78,7.86,0.121,19
41.8774,87.9952,10.0,4.5,50,112.0,6.012,1.01,us,11.25,1.909,0.095,32
5.1276,126.8545,97.64,4.4,39,66.0,1.425,0.81,us,7.0,5.366,0.108,25
-6.4544,131.2977,35.0,4.5,31,93.0,3.637,0.48,us,12.22,1.931,0.11,24
51.5214,160.248,10.0,4.4,18,220.0,1.796,0.53,us,10.07,1.966,0.169,10
51.0515,159.4417,10.0,4.3,15,168.0,2.035,0.43,us,12.83,1.98,0.168,10
-23.4533,-179.9944,536.206,4.5,38,122.0,5.966,0.84,us,13.89,8.151,0.098,31
-28.147,63.0684,10.0,4.5,21,78.0,14.74,0.74,us,13.31,1.876,0.156,13
-17.4911,-178.649,576.188,4.3,19,242.0,2.147,0.53,us,27.05,15.967,0.142,15
-8.0884,148.55,44.315,4.9,69,123.0,1.897,0.87,us,7.89,5.964,0.06,88
52.5479,-169.6073,35.0,3.6,43,185.0,0.249,1.32,us,4.23,1.977,0.104,23
13.183,-91.0471,10.0,4.3,31,218.0,1.425,0.92,us,7.96,1.991,0.051,109
-48.9779,121.8177,10.0,4.1,15,110.0,22.659,0.54,us,12.54,1.928,0.139,14
-25.2243,179.8714,514.112,4.4,40,90.0,7.632,0.91,us,9.79,8.838,0.105,27
51.2196,159.7842,10.0,4.6,30,138.0,1.937,1.1,us,9.62,1.916,0.114,23
51.0453,157.0508,79.483,4.5,60,134.0,2.104,0.61,us,11.78,7.338,0.077,49
51.3019,159.2558,10.0,4.5,21,180.0,1.764,0.35,us,10.97,1.967,0.156,13
8.0913,58.7698,10.0,4.5,81,104.0,15.493,0.75,us,11.78,1.886,0.067,69
3.0511,-31.3163,10.0,4.9,36,83.0,9.937,0.69,us,11.48,1.891,0.096,34
53.3119,160.7704,35.0,5.1,72,95.0,1.309,0.79,us,8.56,1.87,0.039,214
-23.1093,-177.0071,170.159,4.8,20,172.0,7.066,0.91,us,18.14,5.451,0.135,19
52.4625,160.4409,43.863,4.2,23,160.0,1.225,1.07,us,13.64,9.174,0.131,16
52.1522,160.744,26.096,4.2,12,124.0,1.547,0.62,us,10.57,6.934,0.146,17
-5.2184,154.277,173.523,4.3,29,157.0,2.34,0.44,us,13.17,7.956,0.106,25
-35.0762,-107.1542,10.0,5.0,99,151.0,8.141,0.37,us,12.82,1.891,0.045,161
50.7266,158.0204,25.865,4.6,70,130.0,2.333,1.04,us,7.01,3.665,0.053,108
52.5883,160.7176,10.0,4.2,54,149.0,1.329,0.66,us,9.39,1.938,0.083,41
-18.6977,-177.9528,627.115,4.4,42,136.0,3.375,0.39,us,11.84,9.888,0.086,39
-57.6755,157.4881,10.0,4.3,13,145.0,3.287,0.88,us,10.55,1.948,0.2,7
2.7565,127.3287,53.159,5.3,82,75.0,1.972,0.78,us,6.74,7.304,0.038,236
53.0606,161.3161,10.0,4.3,38,165.0,1.61,0.87,us,11.1,1.959,0.102,29
27.9134,51.8213,10.0,4.1,14,175.0,4.917,0.65,us,7.25,1.981,0.214,6
42.5536,146.7106,10.0,4.5,43,154.0,2.691,1.2,us,11.59,1.945,0.096,32
43.9036,147.5989,59.817,4.1,21,190.0,3.618,0.78,us,6.47,10.772,0.145,13
51.4367,159.4866,31.169,4.5,49,137.0,1.67,0.87,us,9.05,4.591,0.083,43
-59.7085,-22.5681,15.076,4.6,22,107.0,14.378,0.33,us,15.21,4.708,0.136,16
-6.1955,155.0083,158.207,4.9,79,69.0,3.463,0.63,us,9.87,7.24,0.067,69
1.0751,125.0109,122.064,4.7,53,72.0,3.663,0.92,us,7.22,7.434,0.092,36
-49.016,126.6246,10.0,4.2,15,132.0,17.541,0.93,us,13.07,1.918,0.146,14
54.0915,-159.6859,35.0,3.9,12,210.0,0.743,0.63,us,7.35,2.02,0.256,4
10.8814,125.9051,35.0,4.4,31,121.0,9.161,0.54,us,13.62,1.93,0.114,22
-47.873,116.225,10.0,4.1,14,145.0,14.948,0.68,us,17.37,1.961,0.145,13
-10.7671,164.4381,10.0,4.4,27,128.0,4.614,0.62,us,10.09,1.92,0.123,19
-15.0451,167.7254,121.813,4.1,18,219.0,0.643,0.81,us,12.94,6.988,0.158,11
36.2217,69.2333,37.263,4.6,40,148.0,2.431,0.81,us,9.89,6.57,0.068,65
-29.7175,-71.2545,50.446,4.8,50,123.0,0.201,0.7,us,3.34,5.935,0.032,296
-43.0653,-82.4902,10.0,4.6,27,152.0,7.513,1.33,us,8.08,1.88,0.107,26
-4.39,153.0537,10.0,4.6,29,119.0,0.909,1.33,us,7.13,1.889,0.129,26
-28.328,-174.9091,10.0,4.7,42,121.0,2.804,0.53,us,12.39,1.842,0.089,38
-21.1421,-179.0095,638.859,4.7,103,115.0,4.371,0.6,us,12.45,6.658,0.028,373
2.5667,-31.1345,10.0,4.8,52,156.0,20.209,0.71,us,13.76,1.928,0.08,48
-60.3141,-61.7339,10.0,4.3,18,131.0,4.603,0.59,us,13.74,1.926,0.154,16
36.5615,71.0773,199.491,4.2,57,95.0,2.584,0.58,us,5.17,8.594,0.09,34
39.4639,142.7562,35.0,4.8,65,128.0,1.853,0.85,us,7.39,1.909,0.051,121
-2.1181,139.0391,35.0,4.8,59,56.0,1.018,0.79,us,5.81,1.848,0.097,41
-52.5538,28.2409,10.0,4.5,16,119.0,20.87,0.46,us,10.57,1.901,0.136,16
-21.0542,-178.8917,602.733,4.4,41,89.0,4.377,0.93,us,13.6,9.845,0.098,30
51.9767,160.7987,10.0,4.3,14,167.0,1.681,0.39,us,9.9,1.948,0.147,13
-6.5058,128.9902,214.82,4.4,33,103.0,4.821,0.71,us,10.21,8.365,0.11,24
52.6854,160.265,39.38,4.2,18,156.0,1.036,0.98,us,12.7,12.386,0.136,15
49.8346,156.5585,35.0,4.5,53,133.0,3.355,0.74,us,7.86,1.663,0.064,72
-4.1365,-80.3547,52.124,4.2,19,162.0,1.988,0.83,us,11.83,8.189,0.166,10
18.6925,144.8485,10.0,4.2,23,109.0,3.548,0.94,us,15.1,1.908,0.153,13
1.059,125.7479,72.046,4.4,32,56.0,0.985,0.57,us,6.59,7.679,0.124,19
55.4542,166.3641,10.0,4.7,98,91.0,5.138,0.67,us,8.6,1.874,0.034,266
52.338,160.0971,35.0,5.3,104,110.0,1.117,0.81,us,8.84,1.916,0.06,93
36.646,71.1433,88.954,4.0,21,96.0,1.977,0.55,us,7.47,10.213,0.138,15
50.8501,157.1112,79.757,5.0,112,84.0,2.29,0.86,us,8.51,5.038,0.022,641
-6.2424,131.0717,35.0,4.4,51,50.0,3.504,1.01,us,8.68,1.919,0.087,38
52.1417,160.5002,33.827,4.2,21,124.0,1.433,0.61,us,11.06,6.281,0.112,22
18.5245,93.682,10.0,4.8,77,63.0,2.876,0.84,us,6.84,1.85,0.064,76
43.0378,145.9031,39.606,4.0,21,135.0,2.273,0.53,us,12.15,8.466,0.138,14
-31.5118,-179.0856,10.0,4.8,13,148.0,2.47,0.64,us,8.71,1.902,0.16,12
-47.7615,116.0503,10.0,4.3,15,142.0,14.844,0.52,us,12.75,1.86,0.16,11
-62.0195,-158.5718,10.0,4.7,14,97.0,19.273,0.88,us,16.34,1.885,0.152,13
52.0935,160.3531,26.123,4.2,26,216.0,1.911,0.76,us,8.98,6.012,0.136,16
-56.5699,-25.8427,35.0,4.9,47,87.0,6.478,1.23,us,12.21,1.938,0.077,53
26.9287,58.6818,10.0,4.1,21,184.0,2.979,0.85,us,9.69,1.95,0.114,21
7.124,127.1868,13.591,4.5,25,64.0,1.596,1.25,us,6.42,4.603,0.118,21
10.5728,125.5362,10.0,4.6,41,109.0,5.802,0.57,us,6.54,1.873,0.088,38
50.6188,156.9493,74.025,4.2,65,135.0,2.536,0.54,us,4.48,8.024,0.073,52
-21.3336,170.8309,177.097,4.3,20,214.0,3.389,0.67,us,15.47,10.412,0.129,18
52.3669,160.7748,10.0,5.1,151,123.0,1.451,0.73,us,8.2,1.864,0.028,410
13.5109,120.8686,186.285,4.6,42,89.0,12.32,0.44,us,13.1,8.29,0.093,34
13.8516,56.5241,10.0,4.3,22,137.0,11.04,0.88,us,12.13,1.928,0.137,15
39.2223,28.048,10.0,4.2,28,57.0,0.95,0.84,us,4.9,1.872,0.215,6
51.3455,158.9037,42.018,4.0,27,127.0,1.688,0.6,us,11.31,8.195,0.106,24
49.7391,157.562,10.0,4.5,88,134.0,3.359,0.72,us,9.91,1.881,0.055,96
52.0828,161.7033,10.0,4.1,20,125.0,2.089,0.77,us,10.29,1.918,0.175,9
52.648,160.4299,35.0,4.3,26,205.0,1.143,0.64,us,11.12,1.984,0.129,17
50.7367,157.8674,35.0,4.5,27,138.0,2.341,0.63,us,10.62,1.723,0.113,23
13.2869,49.6727,10.0,4.4,22,145.0,5.286,0.88,us,15.54,1.973,0.123,19
-59.1111,-25.0092,24.481,4.5,16,131.0,15.464,0.75,us,12.5,6.892,0.135,16
51.4589,159.4537,35.0,4.3,20,135.0,1.643,1.11,us,11.38,1.952,0.143,14
-3.3915,145.9476,10.0,4.6,22,71.0,1.95,0.58,us,8.09,1.775,0.141,15
53.255,159.8222,66.188,4.4,94,121.0,0.743,0.64,us,9.48,6.328,0.055,95
38.736,23.6024,10.0,4.3,26,45.0,1.615,0.89,us,4.6,1.881,0.129,17
39.8072,143.6256,10.0,5.0,60,120.0,2.191,0.73,us,7.54,1.871,0.045,156
51.4111,159.6447,10.0,4.9,34,116.0,1.727,0.96,us,8.92,1.879,0.086,45
7.7293,-37.0934,10.0,4.8,59,109.0,13.519,0.67,us,8.92,1.88,0.061,83
29.3499,129.5296,10.0,4.7,128,82.0,2.295,0.56,us,5.77,1.816,0.04,190
53.2233,159.5924,67.161,4.4,123,133.0,0.602,0.77,us,10.15,6.92,0.051,111
51.4034,158.6437,49.257,4.2,46,127.0,1.623,0.88,us,11.18,8.342,0.082,41
-36.2016,-73.7556,18.668,4.2,33,199.0,1.946,0.58,us,8.73,6.156,0.186,8
49.338,158.004,10.0,4.5,37,165.0,3.713,0.89,us,10.67,1.922,0.106,27
22.7745,142.4843,128.123,4.1,40,153.0,4.311,0.72,us,5.69,8.302,0.109,23
-17.1129,-178.7501,561.183,4.0,25,75.0,1.908,0.91,us,14.68,9.697,0.122,18
52.7736,159.7536,62.569,4.3,62,60.0,0.714,0.7,us,6.11,7.171,0.073,53
-16.7618,-174.0509,130.154,5.1,126,32.0,3.583,0.69,us,8.93,5.302,0.024,588
-32.6819,-71.8419,27.573,4.1,27,181.0,0.972,1.0,us,3.68,7.513,0.262,4
-19.0745,-179.0467,669.556,4.8,54,87.0,2.991,0.95,us,12.85,8.903,0.083,45
15.6626,122.1174,39.471,4.9,72,105.0,7.184,0.63,us,10.3,7.648,0.072,61
6.9645,126.8824,65.492,4.7,77,107.0,1.297,0.86,us,7.96,7.155,0.051,117
-30.5669,-70.8145,81.833,4.1,27,71.0,0.292,0.76,us,7.97,6.406,0.369,2
-28.9215,-67.7263,134.202,4.1,23,94.0,2.317,0.65,us,7.16,5.389,0.234,5
-25.4394,-177.1288,137.709,4.6,65,75.0,8.871,1.09,us,12.9,6.873,0.063,75
-53.9769,-1.7298,10.0,4.5,13,91.0,17.768,1.0,us,10.92,1.852,0.163,11
82.025,89.1723,10.0,4.5,46,66.0,12.189,1.09,us,9.74,1.901,0.089,37
-27.9812,-177.8106,10.0,4.4,18,92.0,10.876,0.74,us,8.36,1.899,0.139,15
7.3364,127.0845,10.0,4.9,91,55.0,1.517,1.18,us,6.57,1.855,0.056,99
51.1476,178.1887,10.0,3.2,19,297.0,0.736,0.96,us,3.76,1.876,0.241,4
-20.1512,-174.1952,17.325,4.9,54,123.0,6.623,0.82,us,13.54,5.043,0.049,132
-6.3099,151.9589,10.0,4.4,21,130.0,1.991,0.75,us,10.25,1.813,0.138,15
50.3762,158.8164,10.0,5.3,98,93.0,2.653,1.1,us,7.99,1.801,0.066,82
41.3365,142.8344,52.931,4.6,98,134.0,0.72,0.68,us,8.1,5.06,0.054,101
-57.9449,-25.0351,42.871,4.5,17,119.0,7.377,1.37,us,11.45,8.639,0.139,16
-21.1033,-176.7044,253.53,4.8,37,215.0,5.915,0.59,us,12.11,10.826,0.075,55
19.2965,145.452,172.446,4.3,52,144.0,4.046,0.52,us,14.8,10.424,0.08,44
-4.5049,35.0267,10.0,4.3,24,104.0,3.689,0.74,us,6.18,1.948,0.129,17
52.5327,160.8379,10.0,4.2,25,150.0,1.417,0.4,us,7.31,1.931,0.141,14
51.959,160.8506,10.0,4.2,34,183.0,1.717,0.44,us,12.8,1.984,0.11,23
6.4695,93.6271,47.953,4.1,20,201.0,3.525,1.1,us,8.07,9.763,0.139,14
39.1701,28.1493,10.0,4.2,21,71.0,0.973,0.72,us,5.91,1.959,0.303,3
52.4419,161.2073,39.408,4.4,61,130.0,1.661,1.26,us,10.04,6.974,0.072,56
3.0098,-31.4978,10.0,5.0,58,154.0,20.298,1.02,us,13.69,1.925,0.056,102
51.0992,158.5497,35.0,4.2,24,128.0,1.928,1.16,us,9.53,1.95,0.146,14
19.0218,121.416,45.416,4.6,63,120.0,3.79,0.79,us,11.48,7.815,0.058,87
39.5558,143.2703,10.189,4.4,41,143.0,2.091,0.75,us,6.54,4.426,0.106,26
-19.2913,168.7825,14.851,4.5,26,143.0,3.533,0.69,us,11.4,5.399,0.121,20
-7.5438,130.7545,38.42,4.3,13,64.0,3.118,0.55,us,10.24,10.07,0.266,5
40.4693,141.9773,66.932,4.4,17,158.0,0.765,1.01,us,6.93,7.617,0.179,9
-1.7476,69.1427,10.0,4.5,15,80.0,4.448,1.2,us,7.57,1.889,0.204,7
34.316,26.5407,65.095,4.0,36,191.0,2.293,1.02,us,9.54,11.751,0.093,31
-5.6494,147.3876,185.979,4.6,27,146.0,3.582,1.1,us,11.12,9.744,0.129,18
53.652,160.237,39.607,4.4,25,113.0,1.141,1.13,us,8.63,4.714,0.13,17
-41.6242,-83.5423,10.0,4.6,29,139.0,9.837,0.97,us,6.97,1.923,0.105,27
25.2719,123.9569,115.37,4.3,40,117.0,0.924,0.68,us,6.32,8.473,0.097,30
23.9881,122.4865,10.0,4.8,87,73.0,0.676,0.63,us,4.52,1.87,0.065,72
-21.6473,-68.3281,148.798,4.2,28,51.0,0.862,0.92,us,4.63,7.932,0.199,7
53.104,160.9783,40.665,4.6,138,106.0,1.407,0.82,us,9.23,7.241,0.047,134
-7.2144,120.1632,561.41,4.4,30,61.0,2.224,0.82,us,14.17,10.52,0.135,16
27.4185,52.3957,10.0,4.1,59,83.0,4.216,0.64,us,7.83,1.843,0.078,45
51.5279,159.7667,10.0,4.7,76,127.0,1.648,1.0,us,8.37,1.888,0.062,79
-17.7163,-178.6567,580.268,4.3,51,118.0,2.253,0.72,us,12.71,7.798,0.068,60
-18.0998,-178.5097,593.531,4.1,67,115.0,2.589,0.88,us,14.76,7.389,0.076,51
50.2005,157.3356,43.805,4.6,55,120.0,2.921,0.91,us,10.13,6.943,0.045,150
39.5694,143.4222,10.0,4.2,19,200.0,2.179,0.53,us,9.43,1.98,0.159,11
29.3696,129.4658,10.0,4.8,39,109.0,2.296,0.72,us,7.62,1.889,0.049,126
-3.3034,130.3017,10.0,4.8,65,49.0,1.981,0.96,us,7.39,1.862,0.068,68
1.8281,125.0723,193.777,4.3,36,97.0,0.447,0.72,us,7.97,5.482,0.106,25
37.3275,142.1178,31.374,4.3,39,146.0,3.228,1.04,us,8.16,6.43,0.116,21
-9.8652,151.9153,10.0,4.7,39,83.0,4.711,0.62,us,9.07,1.926,0.102,29
49.0112,156.1091,25.765,4.9,108,135.0,4.223,0.68,us,11.17,5.665,0.059,89
-5.6574,-11.5415,10.0,4.7,33,71.0,3.597,0.6,us,11.02,1.878,0.114,23
-18.3413,167.5858,10.0,4.4,14,189.0,2.901,1.09,us,9.18,1.99,0.17,11
3.0679,-31.4528,10.0,4.9,174,53.0,9.89,0.55,us,10.64,1.822,0.042,177
21.6881,144.4612,83.446,4.4,36,124.0,5.769,0.62,us,11.67,6.155,0.111,23
51.9332,161.3322,10.0,5.1,49,127.0,2.503,0.84,us,9.1,1.896,0.109,28
54.3763,-161.5472,35.359,3.5,39,194.0,0.748,0.96,us,3.7,11.503,0.157,10
51.7074,160.1951,22.427,4.9,95,132.0,1.623,0.88,us,9.55,4.863,0.052,119
-52.8748,28.1561,10.0,4.3,17,95.0,21.161,0.52,us,15.09,1.915,0.138,15
35.8129,140.3771,50.614,4.3,24,148.0,1.899,0.73,us,8.66,9.664,0.161,11
-63.1395,167.8656,10.0,4.3,17,169.0,14.575,1.39,us,11.92,1.974,0.137,15
-7.1091,150.497,10.0,4.5,61,74.0,3.172,0.84,us,7.15,1.858,0.086,48
-55.4329,-27.5119,10.0,4.4,14,125.0,5.312,0.45,us,14.33,1.846,0.189,8
51.7136,160.1103,24.263,4.3,41,127.0,1.588,0.86,us,8.14,5.494,0.089,39
23.7187,90.427,10.0,4.1,29,147.0,4.847,0.39,us,9.98,1.763,0.117,20
29.5759,51.466,10.0,4.6,49,69.0,6.248,0.89,us,8.99,1.871,0.061,81
48.1893,153.2737,140.047,4.5,155,117.0,5.671,0.63,us,10.71,7.202,0.043,157
-5.8256,152.2571,10.0,4.6,38,153.0,1.526,0.61,us,10.68,1.927,0.094,34
14.1686,-93.0234,10.0,4.2,42,134.0,1.473,0.94,us,6.36,1.68,0.102,29
-59.9209,-151.1211,10.0,4.8,22,82.0,22.569,0.73,us,15.11,1.905,0.121,21
-0.5362,119.6582,10.0,4.2,17,135.0,1.985,1.0,us,9.04,1.942,0.147,13
11.2131,124.1111,10.0,5.2,81,47.0,4.365,0.58,us,10.02,1.863,0.068,71
23.5263,94.2235,10.0,4.2,33,150.0,2.397,0.88,us,12.14,1.905,0.115,21
43.2155,146.4408,61.011,4.5,55,185.0,2.704,0.64,us,10.32,6.583,0.081,44
-16.3051,-73.8752,24.142,4.5,48,105.0,3.95,0.63,us,8.74,5.554,0.088,41
52.4255,163.6086,10.0,4.5,67,135.0,3.074,0.53,us,11.43,1.917,0.057,89
-20.6644,-173.6545,10.0,4.3,21,113.0,3.847,0.73,us,12.84,1.919,0.133,18
49.7119,157.2208,35.0,4.1,37,134.0,3.414,0.68,us,10.39,1.944,0.103,26
48.1823,153.9256,85.834,4.2,37,135.0,5.484,0.81,us,12.36,8.306,0.096,31
30.7267,70.2794,10.0,4.1,20,244.0,3.899,0.7,us,9.43,1.965,0.144,13
39.9983,142.5154,39.281,4.4,20,144.0,1.361,0.51,us,5.21,10.631,0.203,7
7.484,-77.1241,45.11,4.4,49,95.0,1.556,0.69,us,6.88,8.21,0.103,27
6.2464,125.6335,156.375,4.2,20,147.0,0.82,0.97,us,9.18,7.896,0.146,13
48.8358,154.8213,63.197,4.1,20,137.0,4.648,0.64,us,11.78,6.832,0.14,14
-8.4001,112.9424,140.342,4.3,34,101.0,1.199,0.78,us,9.71,7.662,0.103,27
-5.3622,153.4537,35.0,4.4,24,94.0,1.767,0.42,us,5.68,1.918,0.12,20
