latitude,longitude,depth,mag,nst,gap,dmin,rms,net,horizontalError,depthError,magError,magNst
-19.1418,168.564,62.778,4.3,19,146.0,3.608,0.65,us,10.61,8.923,0.16,14
51.3206,159.6445,25.82,4.4,26,169.0,1.812,0.79,us,10.02,6.913,0.144,14
25.8597,59.9821,10.0,4.1,28,219.0,3.536,0.54,us,9.72,1.893,0.114,21
-14.5885,-76.5399,10.0,4.2,16,148.0,2.602,0.78,us,10.68,1.933,0.146,13
20.2491,145.2841,10.0,4.6,27,122.0,5.004,0.67,us,10.11,1.874,0.09,37
51.766,159.844,10.0,4.0,37,137.0,1.456,0.83,us,10.87,1.924,0.108,23
52.4946,160.8156,10.0,4.2,28,206.0,1.419,0.63,us,10.8,1.992,0.115,21
-7.3325,128.8388,135.148,4.3,11,114.0,5.122,0.57,us,11.34,13.874,0.265,4
8.8684,126.7666,46.24,4.5,44,73.0,2.139,0.67,us,8.47,6.267,0.078,49
50.7666,157.0087,66.596,5.0,106,122.0,2.384,0.71,us,9.0,5.992,0.023,612
63.8894,-22.9589,10.0,4.3,42,112.0,1.117,0.94,us,8.89,1.931,0.095,31
16.44,-59.6951,10.0,4.5,42,160.0,1.322,0.82,us,7.53,1.937,0.099,30
52.1154,160.5132,21.747,4.5,36,118.0,1.456,0.76,us,10.68,6.15,0.092,35
-17.585,-178.7705,562.712,4.6,47,74.0,2.092,0.64,us,13.98,7.453,0.098,31
13.8543,144.7191,155.49,4.5,39,98.0,1.72,0.52,us,9.23,6.852,0.101,29
52.1495,160.2971,49.391,4.3,21,154.0,1.333,0.77,us,10.94,8.566,0.129,17
-30.8453,-71.233,59.005,4.5,53,105.0,0.386,0.77,us,4.26,4.29,0.125,19
5.3272,127.1472,129.531,4.8,70,66.0,1.764,0.56,us,8.41,7.353,0.067,69
40.8561,143.057,42.754,4.5,21,142.0,1.16,0.35,us,6.83,8.873,0.17,10
43.7484,147.7571,87.924,4.4,65,137.0,3.748,0.58,us,10.54,7.811,0.067,66
51.5118,158.9868,63.432,4.1,17,168.0,1.528,0.59,us,12.62,6.295,0.185,10
-6.0988,130.9364,123.502,4.1,11,131.0,1.873,0.59,us,9.43,4.569,0.302,3
50.0183,157.3638,10.0,4.4,44,164.0,3.101,0.68,us,7.08,1.867,0.097,31
-52.7683,22.3101,10.0,4.4,14,76.0,20.081,0.74,us,11.83,1.929,0.155,12
52.8322,159.712,61.257,4.1,27,188.0,0.671,1.37,us,11.98,7.454,0.103,26
-2.2019,140.0112,10.0,4.0,13,122.0,0.758,0.94,us,6.52,1.852,0.163,10
52.2899,159.5543,35.0,4.8,82,120.0,0.918,0.88,us,4.09,1.936,0.053,110
51.7165,159.5101,10.0,4.4,53,126.0,1.411,0.76,us,8.8,1.896,0.087,41
41.5353,141.981,66.838,4.3,42,127.0,1.002,0.84,us,5.19,8.431,0.102,27
-35.5066,-105.6565,10.0,4.9,157,143.0,8.925,0.56,us,12.63,1.895,0.046,153
-8.0333,115.4914,224.615,4.4,34,73.0,1.395,0.67,us,8.8,6.856,0.105,26
7.4719,94.371,10.0,4.4,24,92.0,3.394,0.83,us,9.89,1.89,0.135,16
51.3493,159.4764,10.0,4.6,22,255.0,1.752,0.72,us,9.76,1.997,0.136,16
-6.2166,146.6114,63.989,4.6,36,73.0,3.214,0.94,us,5.16,8.063,0.107,26
39.6429,143.5386,10.0,4.3,17,150.0,2.214,0.59,us,8.72,1.948,0.188,8
51.149,158.5587,35.0,5.2,142,60.0,1.878,0.74,us,7.36,1.832,0.023,602
-17.5198,167.8604,49.537,4.3,11,114.0,2.155,0.7,us,10.41,6.571,0.217,6
42.3597,-126.5322,10.0,4.4,42,173.0,1.62,0.8,us,8.1,1.944,0.134,16
-33.5949,-71.6632,40.721,4.4,42,146.0,0.074,0.65,us,3.2,5.431,0.101,28
41.8776,142.4288,60.248,4.3,37,112.0,0.56,0.54,us,7.69,8.068,0.109,24
-5.1822,151.4686,133.166,4.0,21,162.0,1.032,0.39,us,11.18,4.437,0.133,16
52.4701,160.8263,35.0,4.8,29,139.0,1.434,1.11,us,11.99,1.957,0.1,31
-6.7507,131.2933,44.811,5.1,56,36.0,2.61,0.94,us,3.62,5.672,0.085,46
27.6084,128.7244,39.438,4.5,62,87.0,0.868,0.98,us,5.66,8.319,0.085,41
14.3213,-87.1552,10.0,4.3,28,120.0,0.286,0.98,us,4.14,1.742,0.153,12
50.0134,156.7199,35.0,4.7,88,125.0,3.159,0.95,us,8.75,1.907,0.042,170
13.2781,145.1362,59.489,4.1,15,118.0,2.045,0.65,us,9.45,9.258,0.184,8
13.0326,-89.0543,72.181,4.4,47,139.0,0.686,1.19,us,6.55,7.439,0.043,158
-23.6893,179.9095,514.058,4.5,55,103.0,5.862,0.74,us,15.1,9.726,0.037,216
-47.808,116.0727,10.0,4.4,22,141.0,14.89,0.63,us,9.06,1.89,0.12,20
40.657,73.3118,10.0,4.2,23,101.0,0.717,1.23,us,1.31,1.912,0.167,10
-23.9499,-66.9871,173.069,4.5,21,77.0,1.478,0.94,us,7.69,8.482,0.14,15
51.7131,160.0574,40.182,4.2,26,137.0,1.571,0.68,us,10.04,7.671,0.132,16
21.6642,99.7826,10.0,4.5,69,68.0,1.531,0.52,us,7.93,1.874,0.077,51
-11.8875,165.3115,10.0,4.6,32,110.0,3.987,0.82,us,8.94,1.862,0.078,49
-3.4576,129.2547,53.948,4.3,26,65.0,1.24,0.69,us,9.53,7.641,0.119,20
-27.3275,-176.8501,35.0,4.5,13,198.0,10.634,0.88,us,15.9,1.96,0.18,9
7.1131,126.906,22.612,4.3,17,123.0,1.318,1.04,us,8.16,5.746,0.16,11
-20.7641,-177.9521,498.515,4.5,51,136.0,4.823,0.77,us,12.51,6.29,0.087,40
35.0254,32.4592,10.0,4.6,22,97.0,0.719,0.63,us,6.24,1.92,0.158,12
18.3705,-80.1087,10.0,4.2,43,50.0,2.45,0.97,us,6.83,1.855,0.115,22
51.3186,157.5609,75.027,4.1,34,127.0,1.794,0.93,us,9.18,7.743,0.097,29
48.102,156.8116,10.0,4.5,17,149.0,5.044,0.7,us,8.93,1.892,0.144,16
51.9486,160.3827,10.0,4.2,18,228.0,2.009,0.58,us,14.92,2.004,0.146,13
-33.6161,-72.6841,10.0,4.3,26,197.0,0.893,0.93,us,4.57,1.772,0.217,6
-22.0099,-68.7948,108.243,4.2,23,66.0,0.466,0.55,us,5.29,5.739,0.167,10
26.3752,124.7013,10.0,4.3,20,86.0,2.032,1.05,us,7.67,1.935,0.238,5
5.9851,-77.569,10.0,4.3,21,126.0,3.426,1.3,us,8.78,1.939,0.126,18
2.9167,66.1387,10.0,4.4,33,201.0,7.263,0.98,us,12.74,1.968,0.12,20
52.2912,159.9371,59.125,4.2,22,122.0,1.589,1.23,us,9.97,8.148,0.142,14
42.7322,143.2454,10.0,4.1,54,127.0,0.72,0.54,us,5.9,1.902,0.089,36
-19.3975,-175.6266,249.435,4.4,36,92.0,5.394,0.92,us,11.52,8.16,0.092,34
44.4754,149.4194,47.853,5.0,121,105.0,4.913,0.77,us,10.63,5.684,0.044,161
51.6136,158.4984,73.349,4.6,97,108.0,1.415,0.7,us,8.91,6.64,0.058,90
54.0444,-159.7746,10.0,3.8,49,175.0,0.796,0.79,us,4.39,1.941,0.179,8
51.4375,159.3951,10.0,5.0,84,123.0,1.653,0.86,us,8.82,1.888,0.064,78
-29.4335,-179.1442,334.44,4.6,54,134.0,8.722,0.71,us,14.02,6.866,0.071,60
6.2029,126.8673,81.185,4.3,31,130.0,1.542,0.78,us,9.96,6.562,0.113,25
53.0063,159.6868,60.755,4.8,100,109.0,0.627,1.07,us,8.01,6.305,0.026,455
7.3002,127.1685,10.0,4.8,60,66.0,1.594,1.07,us,6.69,1.868,0.078,50
33.8262,79.4981,10.0,4.3,47,124.0,6.24,0.94,us,10.96,1.928,0.103,27
7.4663,127.078,10.0,4.2,19,135.0,1.538,0.94,us,6.12,1.927,0.153,12
15.0307,-94.0122,35.0,4.3,45,102.0,1.78,0.8,us,7.22,1.955,0.086,38
-25.7952,-176.9375,101.106,4.8,37,100.0,9.263,0.89,us,12.33,8.958,0.107,27
-0.2772,132.4382,10.336,4.5,15,125.0,1.315,0.58,us,8.25,4.061,0.163,12
17.8208,-61.5209,26.46,4.3,38,129.0,0.294,0.79,us,5.67,5.534,0.133,16
6.4087,127.3969,10.0,4.1,20,125.0,1.921,0.83,us,5.38,1.915,0.158,12
16.4789,-59.5812,10.0,5.2,108,58.0,1.425,0.52,us,6.68,1.876,0.044,174
-1.444,-77.8727,164.528,4.4,88,77.0,0.16,0.7,us,9.99,5.04,0.061,77
8.4837,125.9407,10.0,4.5,28,101.0,1.45,1.0,us,10.86,1.912,0.135,22
-18.0508,-178.2073,623.734,4.2,29,122.0,2.794,0.67,us,14.75,13.397,0.1,29
-12.5471,166.4468,67.116,4.7,87,68.0,2.975,0.46,us,8.89,5.484,0.054,106
52.0097,161.0573,10.0,4.7,65,125.0,1.787,0.59,us,10.45,1.914,0.044,154
52.2071,160.475,27.885,4.9,122,134.0,1.381,0.88,us,9.41,5.536,0.055,105
53.0726,160.707,30.099,4.3,47,144.0,1.243,1.15,us,12.25,7.574,0.086,38
51.135,159.0378,35.0,4.8,30,129.0,1.906,0.94,us,10.63,1.942,0.093,36
50.2314,88.1222,10.0,5.0,93,46.0,3.508,0.78,us,7.85,1.833,0.03,366
-62.9489,-162.833,10.0,5.0,28,104.0,17.691,1.02,us,13.23,1.877,0.117,23
-20.2047,-177.6115,509.712,4.4,27,97.0,4.686,0.64,us,19.23,16.418,0.12,20
-3.7521,146.4766,10.0,4.4,19,165.0,19.807,0.91,us,17.81,1.963,0.143,15
52.7211,160.2515,34.908,4.0,22,120.0,1.017,0.78,us,10.34,6.328,0.119,19
52.6756,160.7157,10.0,4.5,118,121.0,1.3,0.58,us,7.86,1.876,0.041,173
2.5581,95.8302,33.799,4.2,22,204.0,2.143,0.36,us,9.92,7.626,0.136,15
-20.3027,-177.7037,508.462,4.4,35,96.0,4.711,0.55,us,13.01,9.064,0.095,32
30.5385,142.5222,10.0,4.5,23,114.0,3.443,0.25,us,10.09,1.902,0.164,11
51.3345,159.5784,10.0,5.0,64,139.0,1.786,1.27,us,9.34,1.896,0.052,118
52.2406,162.221,10.0,4.3,24,124.0,2.313,0.74,us,10.03,1.782,0.137,15
50.9043,157.4601,69.365,4.1,41,134.0,2.212,0.76,us,10.45,7.236,0.101,27
-3.4221,140.2569,10.0,4.2,20,118.0,1.005,1.02,us,3.17,1.892,0.152,12
-6.0866,147.7569,59.022,4.4,36,72.0,3.349,0.41,us,6.97,5.924,0.098,30
51.4124,157.6145,84.758,4.1,35,126.0,1.699,0.58,us,11.7,7.868,0.104,25
-57.5918,157.0671,10.0,4.6,21,154.0,3.274,0.45,us,14.04,1.959,0.122,22
-6.9438,127.6592,278.859,4.2,33,66.0,4.366,0.56,us,8.64,10.597,0.132,17
12.8114,-89.2547,35.0,4.4,35,186.0,0.948,1.11,us,6.17,1.98,0.1,29
-20.1916,-177.6091,514.705,4.4,15,120.0,4.677,0.61,us,14.91,27.871,0.148,13
25.8671,106.6062,10.0,4.0,21,126.0,5.079,0.85,us,9.15,1.896,0.173,9
-13.5312,166.8539,204.077,4.4,17,266.0,1.934,0.79,us,11.15,6.952,0.169,12
39.2293,28.9698,10.0,4.1,27,58.0,1.318,0.75,us,3.54,1.954,0.165,10
50.6173,158.465,10.0,4.4,17,241.0,2.412,0.5,us,14.0,1.996,0.169,10
51.631,159.1432,35.0,5.0,76,100.0,1.427,1.31,us,8.95,1.754,0.024,539
51.7773,159.4346,35.0,4.2,36,137.0,1.337,1.23,us,8.46,1.909,0.106,26
51.7035,160.3373,10.0,4.9,42,126.0,1.679,0.61,us,9.87,1.909,0.086,42
9.7865,-70.7547,10.0,4.1,21,93.0,0.905,0.97,us,8.36,1.926,0.166,10
-10.2863,161.0221,70.115,4.3,20,133.0,1.353,0.5,us,10.45,4.188,0.137,15
53.4356,160.8607,35.0,4.3,50,161.0,1.392,0.85,us,5.07,1.949,0.089,39
53.0089,159.5631,65.965,4.2,50,117.0,0.552,1.09,us,10.52,7.756,0.068,60
52.8426,160.628,10.0,4.3,48,104.0,1.211,1.23,us,5.16,1.876,0.081,43
52.5726,160.2884,34.87,4.5,91,121.0,1.092,1.26,us,9.17,5.813,0.054,103
-17.829,-174.6388,10.0,4.7,44,73.0,4.641,0.53,us,12.33,1.847,0.088,39
-26.6561,-178.3552,287.32,4.4,43,111.0,10.347,0.62,us,13.41,7.295,0.089,36
49.4797,155.9804,46.212,4.3,36,136.0,3.79,0.65,us,11.12,8.318,0.104,26
51.4529,159.5911,35.0,4.7,100,81.0,1.676,0.51,us,8.69,1.903,0.055,100
27.1196,140.2645,440.762,4.3,52,97.0,1.711,0.78,us,12.24,7.105,0.051,108
51.0486,159.0881,35.0,4.1,14,138.0,2.234,0.57,us,11.42,1.964,0.185,8
11.1466,124.1035,10.0,4.5,42,99.0,4.305,0.74,us,5.36,1.872,0.104,30
52.298,160.5322,10.0,4.9,104,121.0,1.357,0.63,us,7.73,1.854,0.043,170
52.3284,160.6169,10.0,4.5,41,134.0,1.385,0.66,us,11.59,1.913,0.087,39
42.5603,141.8573,124.639,4.3,56,93.0,1.108,0.9,us,6.64,7.837,0.082,42
21.2512,94.8814,126.343,4.0,20,79.0,4.526,0.44,us,12.71,8.427,0.144,13
22.7425,-45.1214,10.0,4.6,54,53.0,16.327,0.95,us,11.02,1.877,0.079,48
-3.6845,68.1975,10.0,4.7,33,98.0,5.625,0.42,us,11.84,1.895,0.117,24
-21.2202,168.6323,10.0,4.6,21,181.0,1.77,0.71,us,7.33,1.858,0.207,10
50.3111,159.0682,10.0,5.2,97,45.0,2.729,0.81,us,9.15,1.772,0.022,692
51.9094,-169.2983,10.0,3.6,32,191.0,0.916,0.85,us,4.04,1.909,0.138,13
52.3165,161.5162,10.0,4.2,43,164.0,1.883,0.55,us,12.88,1.955,0.092,33
52.4346,161.8002,10.0,4.4,27,126.0,2.004,0.91,us,9.15,1.914,0.117,21
50.4992,156.6548,81.998,4.0,21,137.0,2.692,0.7,us,10.2,8.283,0.156,11
-57.3559,-67.9582,10.0,4.4,23,167.0,3.415,1.37,us,8.25,1.912,0.134,16
-58.8943,-25.6228,35.0,4.5,27,78.0,20.258,0.85,us,14.82,1.952,0.102,28
-12.5691,-71.1653,10.0,4.7,78,53.0,4.723,0.75,us,8.58,1.808,0.047,140
-2.842,139.3141,38.481,5.0,54,88.0,1.297,0.8,us,6.26,0.841,0.077,54
26.6088,141.9373,10.0,4.4,16,151.0,0.533,0.84,us,6.24,1.948,0.179,11
-14.7201,166.8297,10.0,4.4,24,79.0,0.808,0.6,us,8.3,1.868,0.148,13
51.2387,159.46,10.0,4.4,32,192.0,1.856,0.62,us,12.32,1.967,0.112,23
17.6794,122.9543,10.0,4.5,43,129.0,5.406,0.52,us,11.21,1.914,0.108,25
-13.0448,166.3041,14.444,4.5,21,156.0,7.191,0.97,us,12.68,5.232,0.15,13
-5.1691,-80.8889,43.081,4.4,19,162.0,3.14,1.0,us,13.16,9.487,0.162,11
14.5484,-90.6664,6.714,4.0,16,144.0,0.164,0.58,us,4.05,3.79,0.212,6
52.2964,160.5443,10.0,4.2,35,137.0,1.364,0.34,us,11.02,1.923,0.107,24
28.6714,51.0691,10.0,4.0,24,92.0,5.901,0.93,us,5.32,1.958,0.143,13
37.9341,20.6151,10.0,4.2,21,184.0,1.285,0.99,us,6.86,1.971,0.264,4
-3.2878,-77.9048,99.569,4.0,28,143.0,1.578,0.85,us,9.66,9.703,0.113,21
51.5401,161.1661,10.0,4.3,31,129.0,2.144,0.55,us,10.39,1.926,0.107,25
-19.3256,169.7102,35.0,4.5,18,112.0,3.895,0.63,us,8.74,1.628,0.171,11
50.8403,158.6814,10.0,4.3,33,149.0,2.186,0.97,us,12.72,1.962,0.095,31
50.2941,159.6438,10.0,4.3,42,173.0,2.802,0.47,us,10.03,1.947,0.096,32
52.1684,179.5168,171.368,4.3,68,58.0,0.171,0.67,us,8.07,5.104,0.056,89
51.3956,157.9937,60.809,4.9,201,123.0,1.68,0.57,us,9.74,6.511,0.042,179
19.0137,96.264,10.0,4.6,69,58.0,1.634,0.57,us,6.06,1.867,0.074,54
-10.7583,161.8188,41.106,4.7,47,109.0,2.262,0.7,us,9.94,7.771,0.085,42
-20.3768,-67.9493,156.159,4.1,21,76.0,1.154,0.91,us,7.17,9.154,0.214,6
-20.6284,-177.8146,486.497,4.2,30,132.0,4.845,0.35,us,14.51,9.055,0.099,28
51.1059,159.6807,10.0,4.9,34,170.0,2.023,0.76,us,11.95,1.955,0.104,29
53.3547,161.6702,25.139,4.5,31,116.0,1.847,0.82,us,10.16,5.684,0.122,20
-10.3901,114.1785,10.0,4.4,32,113.0,1.908,0.89,us,8.02,1.891,0.138,15
49.3538,98.1702,10.0,4.2,35,95.0,4.198,1.01,us,9.27,1.958,0.115,21
-60.1667,-62.2512,10.0,4.6,21,131.0,4.699,0.58,us,9.14,1.816,0.164,11
-57.9159,-25.1758,29.662,5.1,75,69.0,16.582,0.56,us,12.08,4.986,0.071,65
-18.0077,-177.975,625.129,4.4,46,123.0,2.958,0.65,us,14.42,10.109,0.078,48
53.0705,161.261,10.0,4.9,96,113.0,1.577,0.78,us,7.83,1.863,0.027,446
-13.3905,167.1888,186.092,4.7,50,68.0,2.044,1.1,us,6.95,5.876,0.053,110
50.7263,157.0367,72.868,4.2,62,170.0,2.42,0.75,us,13.03,8.877,0.072,54
50.4224,159.7368,10.0,5.7,244,44.0,2.691,0.89,us,7.12,1.818,0.019,1027
32.9767,139.6336,192.741,4.2,24,138.0,0.205,0.75,us,11.49,5.26,0.152,12
51.404,159.1931,10.0,4.3,37,132.0,1.656,0.36,us,9.33,1.888,0.105,26
44.0321,142.3158,211.856,4.1,31,96.0,0.218,0.58,us,7.71,5.602,0.117,20
-17.2848,-179.214,549.393,4.2,13,239.0,1.575,0.25,us,32.37,26.39,0.158,11
-17.6692,-69.6126,165.68,4.3,20,117.0,0.149,0.85,us,9.5,8.202,0.153,12
7.0563,127.4777,10.0,4.2,30,58.0,1.884,0.46,us,5.66,1.882,0.108,24
51.5614,159.0909,35.0,4.1,45,127.0,1.489,0.9,us,10.33,1.936,0.086,39
-55.935,-27.1803,35.0,4.3,10,198.0,5.593,0.75,us,12.22,1.997,0.177,9
-55.7026,-27.6201,88.876,4.7,19,124.0,5.3,0.68,us,12.83,7.29,0.12,21
52.1598,-177.5431,160.04,3.8,35,118.0,0.323,0.38,us,8.58,5.656,0.161,10
7.6197,127.1421,10.0,4.4,18,92.0,1.644,0.63,us,6.18,1.917,0.155,12
30.4969,140.2547,10.0,4.4,29,101.0,2.637,0.91,us,4.6,1.88,0.098,30
27.8552,-111.8102,10.0,4.4,35,117.0,0.656,0.67,us,4.97,1.927,0.076,50
52.911,161.0062,33.15,4.2,23,189.0,1.43,1.22,us,12.74,9.639,0.132,16
0.5855,121.6312,107.187,4.5,68,46.0,0.997,0.83,us,3.27,6.352,0.075,52
-6.0306,151.6185,10.0,4.9,65,112.0,1.76,0.88,us,8.39,1.891,0.071,63
-24.5497,-68.1048,135.332,4.2,23,78.0,1.481,0.46,us,6.73,7.725,0.153,12
51.2728,159.4839,23.645,4.3,48,109.0,1.827,1.04,us,10.36,5.75,0.091,34
52.9096,160.3364,35.0,4.4,50,165.0,1.026,0.97,us,9.74,1.956,0.086,39
-31.2815,118.021,10.0,4.1,7,119.0,1.77,1.15,us,12.67,1.969,0.213,6
3.3331,-31.2824,10.0,4.3,16,158.0,10.202,1.09,us,15.41,1.89,0.148,16
52.3686,160.7066,10.0,4.4,14,166.0,1.413,0.86,us,14.04,1.962,0.22,7
52.2037,160.7029,10.0,4.4,32,190.0,2.042,0.82,us,12.81,1.959,0.103,27
33.8177,141.5992,10.0,4.5,27,137.0,1.649,0.38,us,7.94,1.904,0.131,17
50.7248,158.2866,35.0,4.3,27,138.0,2.313,0.74,us,9.79,1.94,0.119,20
50.1135,159.7547,44.95,4.4,25,153.0,2.994,0.79,us,12.67,9.061,0.084,41
19.1898,121.2637,29.92,4.9,83,105.0,3.614,1.02,us,9.8,5.475,0.051,119
28.4953,87.3902,10.0,4.3,43,115.0,1.989,0.44,us,9.81,1.901,0.083,41
-4.6443,139.2885,10.0,4.3,25,142.0,0.641,1.12,us,4.14,1.922,0.137,15
15.7751,119.3171,10.0,4.6,35,110.0,7.804,1.12,us,13.11,1.905,0.088,38
54.571,-159.9778,32.484,3.9,85,160.0,0.345,0.94,us,5.13,5.324,0.17,9
-21.3156,-67.2314,177.186,4.4,102,45.0,1.85,1.13,us,6.67,6.661,0.059,90
-17.2084,-174.6589,206.544,4.5,25,117.0,4.295,0.85,us,14.94,13.13,0.111,26
-20.2132,-177.9171,514.504,4.0,31,122.0,4.521,0.52,us,16.39,9.993,0.103,25
51.7688,160.4012,10.0,4.6,53,122.0,1.652,0.64,us,7.31,1.57,0.084,42
-7.2875,39.9414,10.0,4.3,12,106.0,5.248,1.34,us,6.85,1.952,0.266,4
25.1234,124.4404,97.933,4.7,84,70.0,0.764,0.65,us,6.62,6.822,0.068,66
51.7308,160.6197,35.192,4.1,49,136.0,1.77,0.66,us,8.67,8.106,0.08,48
-29.6391,-177.4915,35.0,4.1,11,260.0,9.693,0.54,us,12.02,1.989,0.213,6
18.49,145.7644,212.268,4.1,12,156.0,3.231,0.89,us,17.41,12.205,0.213,6
52.1241,161.0182,10.0,4.3,35,167.0,1.703,1.11,us,8.7,1.832,0.111,23
1.0344,97.1099,10.0,4.7,69,139.0,2.45,0.44,us,7.04,1.888,0.072,59
53.665,160.4312,42.734,5.9,61,86.0,1.247,0.96,us,8.1,7.084,0.083,54
36.3656,77.0742,10.0,4.3,19,236.0,4.141,1.33,us,11.64,1.985,0.177,9
60.5446,-139.8936,5.0,4.4,68,49.0,0.484,1.15,us,1.96,1.884,0.109,24
39.1954,28.2157,10.0,4.8,52,37.0,1.027,0.6,us,4.11,1.889,0.114,24
72.4889,3.0994,10.0,4.4,91,62.0,3.95,0.76,us,4.82,1.879,0.061,83
53.027,161.1634,25.995,4.7,57,86.0,1.518,0.66,us,8.46,5.457,0.042,173
49.8958,157.5715,10.0,5.6,196,79.0,3.204,0.71,us,5.14,1.838,0.019,975
-54.6475,158.6203,10.0,4.6,22,128.0,0.239,0.85,us,6.41,1.947,0.141,15
-56.4211,-26.6734,89.205,4.4,24,105.0,5.994,0.59,us,15.74,7.412,0.18,9
51.3021,158.7695,50.95,4.2,18,167.0,1.726,0.39,us,12.56,9.128,0.146,14
-29.4061,-178.7471,210.988,4.8,76,51.0,0.732,0.67,us,13.06,6.152,0.067,69
-6.4244,103.6124,35.0,4.7,45,159.0,1.607,0.82,us,7.87,1.946,0.098,32
-30.6302,-178.047,47.093,4.9,30,128.0,1.368,0.86,us,12.94,9.031,0.104,29
-11.3047,165.0563,10.0,4.5,51,106.0,4.617,0.68,us,6.2,1.837,0.086,40
-32.6071,-177.5916,10.0,5.2,89,50.0,5.978,0.65,us,10.72,1.781,0.071,65
-23.3053,179.9,595.443,4.5,18,184.0,5.796,0.53,us,26.16,14.176,0.124,19
41.3365,142.8344,52.931,4.6,98,134.0,0.72,0.68,us,8.1,5.06,0.054,101
-57.7279,157.6139,10.0,4.9,31,106.0,3.322,0.83,us,10.21,1.832,0.108,27
52.5839,160.5147,35.0,4.4,30,157.0,1.215,1.22,us,11.63,1.953,0.092,34
-11.0787,111.1236,10.0,5.0,58,63.0,3.953,0.7,us,4.46,1.873,0.058,94
7.0654,126.8348,63.43,5.9,170,66.0,1.246,0.64,us,8.81,5.292,0.051,142
51.8158,178.4332,111.145,4.0,40,155.0,0.164,0.75,us,3.83,5.787,0.126,18
-47.4197,-13.2132,10.0,5.2,56,74.0,10.366,0.6,us,10.28,1.877,0.069,68
6.4428,126.0354,135.093,4.5,53,112.0,0.77,0.65,us,9.27,6.883,0.078,48
51.652,-173.4891,35.0,4.2,106,134.0,0.704,0.58,us,5.53,1.929,0.045,136
-23.1555,170.2002,10.0,4.8,24,162.0,2.596,0.51,us,11.26,1.945,0.128,19
-17.7836,168.0866,42.669,4.3,19,134.0,2.473,0.68,us,7.9,6.986,0.148,13
3.1981,127.0838,35.0,4.4,20,105.0,2.211,0.59,us,8.43,1.801,0.154,13
51.5321,159.5113,20.719,4.9,78,127.0,1.585,1.31,us,8.37,5.338,0.043,167
51.0453,157.0508,79.483,4.5,60,134.0,2.104,0.61,us,11.78,7.338,0.077,49
49.5402,-28.3373,10.0,4.5,24,119.0,15.098,0.41,us,9.76,1.767,0.124,19
-3.4207,148.8309,10.0,4.6,27,76.0,2.003,0.84,us,6.96,1.87,0.116,22
-32.3033,-71.1697,81.874,4.1,31,149.0,0.307,0.53,us,3.5,5.939,0.302,3
34.8895,25.8818,10.0,3.9,35,113.0,0.905,0.65,us,6.42,1.908,0.121,18
-21.2008,-178.9084,645.536,4.2,35,107.0,4.476,0.65,us,15.96,9.923,0.113,23
49.2099,156.3941,35.0,4.4,30,139.0,3.989,0.4,us,10.97,1.912,0.117,21
-7.5418,127.7279,155.496,4.4,56,52.0,3.699,0.84,us,7.95,7.846,0.082,43
-1.1916,147.5797,10.0,4.4,32,91.0,0.872,0.47,us,6.03,1.901,0.105,26
52.0239,160.7574,10.0,4.0,14,170.0,1.631,0.87,us,8.64,1.967,0.156,12
52.1821,160.8102,10.0,4.2,12,155.0,1.564,1.25,us,6.9,1.878,0.215,6
48.1271,154.4595,42.831,4.8,95,125.0,5.396,0.75,us,12.03,7.188,0.057,96
28.1928,51.5983,10.0,4.1,30,163.0,5.241,0.69,us,12.3,1.971,0.112,22
52.4486,160.7711,29.521,4.0,20,176.0,1.412,0.78,us,13.51,8.352,0.118,19
50.4731,158.818,10.0,4.6,82,132.0,2.556,0.75,us,5.69,1.687,0.041,179
2.1086,128.5542,41.783,4.7,62,74.0,1.781,0.66,us,6.52,6.48,0.064,74
-7.5026,128.2246,158.743,4.3,31,73.0,4.508,0.58,us,8.13,8.002,0.107,25
-24.044,178.7717,544.318,4.1,18,175.0,6.303,1.01,us,21.09,13.903,0.14,17
51.4602,159.6865,10.0,4.8,154,121.0,1.69,0.98,us,8.43,1.869,0.042,178
50.6322,160.3551,10.0,4.1,23,134.0,2.618,0.92,us,11.15,1.927,0.158,11
51.7739,160.9882,10.0,4.3,13,155.0,1.902,0.9,us,12.16,1.952,0.238,7
52.7497,160.9455,45.257,4.2,42,211.0,1.418,0.67,us,15.34,10.548,0.08,46
-60.2192,-61.5746,10.0,4.6,26,134.0,4.713,0.67,us,5.42,1.917,0.116,22
-16.914,-174.5186,186.623,4.4,27,63.0,3.986,0.61,us,11.14,8.435,0.12,20
-6.1107,153.6281,10.0,4.6,19,150.0,2.401,0.38,us,8.32,1.914,0.132,17
0.9867,125.647,78.407,4.0,19,105.0,3.725,0.85,us,7.4,9.608,0.183,11
51.5009,159.6624,32.366,4.2,39,151.0,1.647,1.0,us,10.36,5.906,0.1,29
-2.9308,129.5978,20.9,4.5,33,86.0,2.641,0.55,us,8.06,5.7,0.106,26
-13.423,167.4922,10.0,4.4,33,161.0,2.031,0.81,us,9.43,1.894,0.112,23
51.2679,179.5187,49.643,5.0,97,135.0,0.175,0.9,us,5.54,6.596,0.025,519
6.4896,126.7054,194.346,5.0,63,57.0,1.258,0.82,us,8.39,6.369,0.041,185
33.3622,139.1847,10.0,4.5,41,70.0,0.582,1.05,us,5.63,1.897,0.113,23
42.9627,146.0068,32.171,4.5,62,109.0,2.738,1.05,us,7.63,5.536,0.049,121
35.5524,140.0125,97.369,4.3,32,106.0,1.764,0.69,us,5.73,8.516,0.125,18
-45.2025,-81.6384,10.0,4.4,14,146.0,7.247,0.82,us,14.96,1.464,0.17,10
9.1229,126.9743,10.0,4.3,19,108.0,2.464,0.98,us,10.31,1.918,0.142,14
-20.4628,-178.2959,561.719,4.8,77,42.0,4.385,0.7,us,12.06,6.464,0.055,104
-11.9882,167.8248,332.414,4.2,25,126.0,3.491,0.56,us,15.19,10.048,0.124,18
-2.9076,137.0852,42.607,4.3,22,67.0,1.124,0.97,us,7.1,10.167,0.188,8
-20.1512,-174.1952,17.325,4.9,54,123.0,6.623,0.82,us,13.54,5.043,0.049,132
39.6033,143.1196,29.008,4.3,29,143.0,1.97,0.37,us,8.66,6.898,0.133,17
51.7563,160.359,10.0,4.4,16,218.0,1.645,1.13,us,6.02,1.982,0.22,7
52.3467,160.6799,10.0,4.1,19,166.0,1.409,0.92,us,10.97,1.963,0.174,9
50.5924,157.9873,35.0,4.2,46,135.0,2.469,0.58,us,11.29,1.941,0.072,54
-23.0448,-114.7045,10.0,4.6,38,150.0,6.341,0.64,us,6.18,1.905,0.094,34
-2.3449,138.9645,40.796,4.5,44,68.0,0.928,0.96,us,5.79,7.025,0.101,29
-23.2561,-179.7899,545.564,4.6,32,111.0,6.79,0.97,us,13.49,5.504,0.103,28
52.2865,160.7756,10.0,5.0,174,74.0,1.49,0.79,us,7.53,1.803,0.028,407
7.1416,127.2749,12.944,4.8,50,50.0,1.684,1.03,us,5.29,4.114,0.088,45
-18.0509,-178.4464,629.783,4.8,126,41.0,2.608,0.87,us,11.04,6.221,0.029,373
51.8763,152.8394,413.902,4.3,87,121.0,3.216,0.68,us,11.64,7.985,0.036,217
49.9298,157.2372,34.618,4.7,70,135.0,3.196,0.54,us,11.76,5.72,0.041,177
49.7629,159.5459,10.0,4.3,21,138.0,3.313,0.51,us,12.32,1.926,0.153,12
46.2204,153.1124,10.0,5.0,62,126.0,7.507,0.52,us,10.18,1.868,0.056,100
47.7371,152.4835,138.606,4.4,53,134.0,6.324,1.02,us,10.19,7.642,0.06,79
-23.6241,179.7862,531.391,4.3,31,98.0,6.07,0.62,us,10.41,11.244,0.111,23
20.1021,145.2197,35.0,4.5,31,121.0,4.865,0.46,us,9.7,1.902,0.106,26
52.0518,159.8465,54.657,4.3,21,228.0,1.217,0.88,us,8.86,8.923,0.154,12
-14.8999,66.9493,10.0,4.2,18,78.0,5.916,0.65,us,13.74,1.888,0.159,11
39.1994,28.2216,10.0,4.2,27,69.0,1.032,0.79,us,3.4,1.897,0.141,14
-8.8417,124.1877,98.987,4.4,30,78.0,0.911,1.15,us,9.15,7.637,0.109,24
3.0511,-31.3163,10.0,4.9,36,83.0,9.937,0.69,us,11.48,1.891,0.096,34
-5.2545,152.2946,51.498,5.1,66,124.0,0.979,0.47,us,8.48,6.902,0.056,104
49.8397,155.7456,80.711,4.5,63,134.0,3.493,0.42,us,10.79,7.544,0.05,120
50.8501,157.1112,79.757,5.0,112,84.0,2.29,0.86,us,8.51,5.038,0.022,641
-15.888,-75.4768,10.0,4.7,43,139.0,4.098,1.03,us,10.2,1.899,0.075,54
53.6214,160.1364,62.434,4.5,122,111.0,1.074,0.61,us,9.53,6.568,0.052,109
-27.1801,-177.7645,10.0,4.2,16,203.0,10.153,0.53,us,9.93,1.984,0.147,15
13.4568,-87.9805,230.595,4.2,31,126.0,0.334,0.62,us,14.23,11.766,0.11,23
51.5168,160.2277,10.0,4.6,49,138.0,1.794,0.88,us,10.48,1.909,0.078,49
50.3372,157.0102,42.62,4.7,48,134.0,2.808,0.47,us,11.97,7.557,0.087,40
49.957,154.5424,140.466,4.1,16,137.0,3.72,0.85,us,13.62,7.456,0.158,11
49.4867,159.036,10.0,5.0,99,122.0,3.55,0.45,us,7.72,1.476,0.027,431
53.3407,-164.0401,35.0,4.7,80,163.0,1.179,0.81,us,3.78,1.911,0.069,64
-19.9094,-69.1006,106.178,4.2,20,116.0,0.236,0.65,us,4.68,4.442,0.136,15
8.9743,93.9458,10.0,4.3,23,94.0,5.603,0.56,us,8.27,5.26,0.138,15
50.7714,157.0498,69.999,4.8,74,122.0,2.375,0.73,us,9.44,6.71,0.03,342
-34.2208,-178.7285,10.0,4.6,27,245.0,4.112,0.72,us,12.33,1.977,0.151,17
53.2008,159.8389,56.502,4.1,16,188.0,0.738,1.03,us,13.76,11.799,0.185,10
-48.1337,117.5056,10.0,4.3,20,89.0,15.191,1.18,us,12.74,1.915,0.125,18
-7.8586,114.0251,10.0,4.3,16,123.0,0.62,1.38,us,5.96,1.921,0.154,12
50.0196,157.7816,35.0,4.1,24,186.0,3.057,1.22,us,13.45,1.983,0.139,14
31.1114,140.9223,106.665,4.5,24,134.0,2.208,0.93,us,10.61,8.751,0.139,15
-23.9387,179.9727,510.307,4.3,35,100.0,10.571,0.93,us,13.7,10.047,0.097,30
-20.3652,-178.2412,497.672,4.1,13,251.0,23.923,1.23,us,22.8,20.003,0.146,14
-18.3391,167.6771,10.0,4.9,41,129.0,2.911,0.69,us,8.98,1.894,0.102,30
50.6188,156.9493,74.025,4.2,65,135.0,2.536,0.54,us,4.48,8.024,0.073,52
53.6353,160.3412,61.718,4.8,181,117.0,1.185,0.58,us,8.98,6.579,0.044,160
42.0247,72.9254,10.0,4.6,62,46.0,0.698,0.53,us,3.68,1.898,0.087,39
17.6488,145.3274,339.6,3.7,19,138.0,2.435,0.64,us,13.09,12.685,0.135,14
52.4437,159.2362,56.901,4.1,21,157.0,0.681,0.75,us,9.0,9.937,0.185,11
51.6804,159.8877,33.748,4.3,39,91.0,1.544,0.89,us,10.29,6.15,0.097,30
-27.0844,-70.0839,68.743,4.5,48,75.0,0.363,0.8,us,3.94,4.794,0.089,37
-4.7059,145.6568,10.405,4.5,31,52.0,3.147,1.08,us,6.89,4.28,0.106,26
29.3161,129.4202,10.0,4.6,34,121.0,2.361,0.72,us,9.33,1.89,0.105,28
-43.6591,-16.3214,10.0,5.1,112,76.0,16.914,0.68,us,10.39,1.809,0.059,96
51.4032,159.5752,26.928,4.2,14,128.0,1.72,1.16,us,11.08,7.352,0.216,7
51.4902,159.7095,25.654,4.5,40,118.0,1.668,1.24,us,10.27,6.935,0.1,29
50.8843,-172.3169,10.0,3.7,23,201.0,1.766,0.61,us,5.23,1.976,0.101,25
46.7048,20.0077,7.298,4.0,31,47.0,1.217,0.63,us,3.49,4.385,0.164,10
-7.5549,128.4844,144.105,4.2,17,114.0,4.708,0.56,us,6.65,8.71,0.159,11
51.7958,-169.8227,10.0,4.1,53,190.0,0.994,1.1,us,5.24,1.917,0.065,65
43.4104,147.8847,35.0,5.0,64,118.0,3.752,0.96,us,6.01,1.885,0.08,50
52.5492,160.6448,10.0,4.1,25,205.0,1.301,0.38,us,11.49,1.979,0.102,26
-57.2527,-67.3642,10.0,5.0,34,159.0,2.331,0.67,us,8.64,1.919,0.082,47
-24.2075,-67.2333,169.312,4.7,39,66.0,1.521,0.94,us,7.98,7.148,0.121,21
-57.8235,157.5935,10.0,4.2,16,109.0,3.417,0.38,us,15.27,1.929,0.16,11
49.5484,155.9545,48.829,4.2,33,135.0,3.729,0.74,us,11.82,8.511,0.11,23
16.5187,-59.7045,10.0,4.6,61,128.0,1.323,0.52,us,7.13,1.908,0.092,35
50.3119,158.4337,10.0,4.7,57,139.0,2.719,0.64,us,12.35,1.924,0.08,48
51.0821,158.8894,38.587,4.5,13,231.0,1.95,0.29,us,13.08,9.228,0.204,7
-10.7646,161.6979,35.0,4.5,24,159.0,2.17,0.53,us,9.33,1.91,0.124,19
-5.8209,150.7281,54.508,4.1,18,138.0,2.16,0.77,us,11.08,6.824,0.146,15
5.6799,125.8014,145.957,4.4,76,106.0,0.994,0.86,us,5.75,4.968,0.065,69
37.6266,144.1385,10.0,4.4,26,135.0,3.959,0.67,us,6.66,1.856,0.134,16
6.6699,-72.9808,173.442,4.3,59,65.0,2.251,0.69,us,9.2,8.324,0.08,44
-19.2459,-69.0341,115.609,4.2,26,91.0,0.447,0.65,us,5.76,3.608,0.141,14
-32.9642,-178.826,33.61,5.0,28,123.0,5.152,1.05,us,12.31,7.178,0.115,24
41.3728,144.3514,24.496,4.0,31,146.0,1.101,0.66,us,8.75,6.949,0.138,14
-26.9572,-176.4619,42.53,4.5,19,199.0,11.123,0.6,us,14.71,10.008,0.131,18
-2.7944,137.0708,47.324,4.6,18,63.0,1.081,0.41,us,7.18,9.332,0.141,15
-60.346,-31.3399,10.0,4.7,17,70.0,6.685,0.35,us,11.45,1.916,0.138,16
50.3531,158.6429,21.896,4.3,22,133.0,2.674,0.83,us,9.09,4.44,0.161,11
-28.0386,-66.7387,157.596,4.5,49,43.0,3.277,0.84,us,4.8,8.753,0.171,10
31.6267,141.7888,10.0,4.2,32,126.0,2.235,0.76,us,10.01,1.9,0.124,18
49.7621,157.3928,31.214,4.4,44,126.0,3.356,0.8,us,5.55,5.658,0.095,34
52.786,160.6767,19.526,4.3,61,119.0,1.25,0.93,us,10.13,5.283,0.064,68
53.9478,108.6337,10.0,4.2,32,83.0,3.784,0.62,us,6.87,1.904,0.132,16
-16.8883,-174.2038,84.077,4.9,29,129.0,6.172,1.15,us,15.99,6.616,0.08,50
39.4944,143.4536,30.402,4.1,24,151.0,2.242,0.66,us,8.97,6.864,0.165,10
-35.6554,-179.5727,10.0,4.6,26,146.0,2.556,1.05,us,10.64,1.952,0.125,19
29.3256,129.5979,10.0,4.5,50,112.0,2.298,0.37,us,5.49,1.886,0.089,37
-19.4993,-177.0775,338.454,4.3,31,136.0,4.523,0.73,us,15.59,9.475,0.101,33
52.7286,160.5232,10.0,4.8,31,110.0,1.173,1.28,us,5.66,1.839,0.101,30
17.5473,120.712,54.122,4.4,44,100.0,5.254,0.63,us,11.41,8.458,0.105,26
-4.4978,154.2852,10.0,4.7,47,94.0,2.137,0.81,us,9.51,1.876,0.09,37
29.922,129.9543,19.286,4.4,31,118.0,1.639,0.98,us,7.31,4.701,0.115,22
51.2388,157.6283,75.506,4.1,60,124.0,1.873,0.67,us,10.82,7.455,0.077,46
49.7286,158.5829,10.0,4.2,30,136.0,3.3,0.83,us,10.16,1.705,0.128,18
-16.9042,-173.874,10.0,4.6,28,81.0,3.597,0.67,us,11.24,1.596,0.128,18
51.8472,160.1105,30.704,4.5,26,167.0,1.479,1.28,us,13.06,7.869,0.124,20
-27.4168,-175.1232,10.0,5.0,41,121.0,3.071,0.82,us,10.76,1.863,0.059,94
46.9644,144.2167,384.31,4.1,23,137.0,0.997,0.59,us,9.29,8.029,0.174,9
52.6651,160.8439,10.0,4.7,41,120.0,1.378,0.9,us,10.37,1.902,0.098,32
27.2348,127.639,94.251,4.1,41,72.0,0.691,0.66,us,8.29,5.871,0.109,23
1.7437,126.5864,49.919,4.1,21,118.0,1.241,0.44,us,5.87,5.126,0.144,13
49.7696,156.6007,35.0,4.5,37,133.0,3.413,0.79,us,6.94,1.764,0.101,29
-17.6935,168.1372,28.476,4.4,14,188.0,2.407,0.78,us,9.67,6.77,0.179,9
7.1737,127.2136,10.0,4.7,64,55.0,1.625,0.99,us,6.53,1.858,0.069,65
51.8962,158.5115,70.037,4.2,35,137.0,1.132,0.64,us,11.15,7.089,0.103,26
42.7277,144.578,61.904,4.3,19,172.0,1.271,0.57,us,9.46,9.806,0.178,10
51.971,160.9009,10.0,4.2,13,244.0,2.263,0.77,us,7.97,2.009,0.152,12
-20.1587,-177.7123,520.994,4.3,27,165.0,4.591,0.41,us,18.36,11.499,0.109,24
52.2398,160.6702,10.0,4.1,17,215.0,1.46,1.09,us,12.21,1.951,0.165,11
-24.349,-175.5741,35.0,4.4,17,109.0,7.421,0.83,us,15.76,1.948,0.148,15
-9.0158,123.9117,97.897,4.7,45,91.0,0.814,0.83,us,7.58,7.154,0.085,42
16.0222,-96.5721,42.291,4.4,71,148.0,0.512,1.33,us,6.02,9.47,0.038,196
-31.52,-178.7869,101.526,5.1,36,93.0,6.486,0.87,us,12.51,7.728,0.104,30
5.257,125.8825,106.753,4.5,38,76.0,0.658,0.72,us,6.5,6.616,0.099,30
23.6208,100.6849,10.0,4.4,28,81.0,2.535,1.02,us,9.13,1.901,0.143,15
7.0967,126.9094,69.917,4.8,60,109.0,1.321,1.08,us,9.26,7.137,0.059,90
-55.5656,-28.7976,87.043,4.4,17,186.0,4.618,0.91,us,14.61,9.131,0.143,14
18.7706,145.3928,186.068,3.6,12,147.0,3.531,1.32,us,10.23,12.07,0.167,9
-4.2698,143.1689,85.864,4.3,32,113.0,3.016,0.49,us,8.92,7.715,0.106,25
21.6431,95.7576,10.0,4.4,38,89.0,3.587,1.1,us,10.07,1.921,0.11,24
10.6179,-62.4411,99.591,4.1,23,137.0,1.691,1.11,us,10.22,9.846,0.233,5
52.8952,160.5992,28.802,4.0,26,118.0,1.186,0.77,us,7.82,4.227,0.111,22
-6.3373,148.7999,53.067,4.1,25,119.0,3.454,0.46,us,7.26,5.517,0.14,18
-17.6075,-69.533,155.178,4.2,25,140.0,0.054,1.02,us,9.67,5.77,0.187,8
17.4304,-63.1106,126.347,4.4,61,66.0,0.138,0.55,us,7.0,4.094,0.099,29
51.0905,159.0182,32.499,4.5,69,132.0,1.949,0.57,us,10.5,5.928,0.073,55
53.567,159.7568,69.142,4.2,28,159.0,0.859,0.92,us,13.52,9.645,0.124,18
-29.9733,-179.395,298.88,4.7,95,100.0,1.466,0.52,us,12.27,7.116,0.058,90
16.5347,-59.5172,10.0,4.5,43,217.0,1.493,0.79,us,7.99,1.958,0.109,25
-18.2317,-177.9999,577.536,4.2,20,82.0,3.058,0.52,us,14.82,9.349,0.153,14
7.065,-34.181,10.0,4.7,70,62.0,12.921,0.61,us,11.29,1.875,0.051,118
53.0506,160.4387,45.605,4.2,21,118.0,1.081,0.57,us,10.16,8.434,0.132,16
50.2153,158.0272,10.0,5.1,77,125.0,2.839,0.92,us,9.43,1.877,0.033,288
12.8969,145.2843,10.0,5.0,110,98.0,0.799,0.58,us,6.84,1.827,0.06,90
49.5277,157.461,10.0,4.7,105,134.0,3.579,0.66,us,9.33,1.881,0.041,177
32.4703,84.6414,10.0,4.2,37,156.0,6.209,1.23,us,10.3,1.924,0.11,23
7.9787,126.6291,65.066,5.0,77,81.0,1.378,0.8,us,9.79,7.117,0.047,143
51.4892,159.7334,10.0,4.9,131,81.0,1.675,0.65,us,7.32,1.797,0.052,115
7.603,126.9087,35.051,4.1,40,68.0,1.421,0.97,us,3.31,6.694,0.097,29
52.3646,158.8843,64.315,4.6,41,121.0,0.675,0.82,us,8.55,7.413,0.09,37
-24.2743,-67.2303,168.914,4.2,23,65.0,1.578,0.99,us,11.71,10.609,0.167,10
-21.4276,-68.6174,126.387,4.2,22,73.0,0.687,0.81,us,5.27,6.198,0.14,14
-35.5931,-104.0645,10.0,4.9,51,96.0,9.564,0.78,us,8.92,1.812,0.058,93
50.1074,158.717,10.0,4.8,43,110.0,2.92,0.85,us,9.44,1.482,0.088,40
-55.2268,-27.8574,10.0,4.4,11,123.0,5.087,0.66,us,8.55,1.942,0.17,10
52.8289,160.7038,32.261,4.3,66,119.0,1.259,0.48,us,10.2,6.072,0.072,54
52.688,160.8695,24.19,5.2,24,136.0,1.387,0.92,us,12.3,4.919,0.139,17
-24.3121,-67.2017,172.373,4.2,19,115.0,1.624,0.83,us,9.75,8.81,0.159,11
-18.4639,-178.0883,459.62,4.3,67,33.0,7.563,0.68,us,12.07,6.874,0.041,171
54.1281,-159.7374,10.0,3.6,108,166.0,0.71,0.82,us,4.94,1.943,0.151,11
17.4741,-94.6995,147.499,4.2,51,78.0,0.551,0.93,us,5.55,4.938,0.061,76
52.1346,161.0574,13.172,4.4,25,119.0,1.718,0.64,us,11.27,5.719,0.135,16
-7.1704,129.5056,10.0,4.4,21,95.0,5.03,1.01,us,7.27,1.938,0.19,8
39.5683,143.4346,10.0,4.2,26,142.0,2.187,1.03,us,3.85,1.918,0.141,14
54.4994,-160.164,39.79,3.8,37,186.0,0.471,1.08,us,5.25,9.205,0.18,8
13.8938,39.803,10.0,4.3,28,97.0,3.786,0.79,us,6.44,1.945,0.125,18
-0.9822,134.2512,32.556,4.6,38,81.0,0.53,0.77,us,6.43,5.673,0.107,26
50.0412,159.4925,10.0,4.4,38,129.0,3.032,0.92,us,10.38,1.897,0.095,32
60.4474,-139.5567,5.0,4.4,100,53.0,0.495,0.84,us,1.32,1.901,0.143,14
52.7734,160.9219,10.0,4.5,60,119.0,1.399,0.63,us,10.45,1.905,0.076,51
51.5818,159.0347,58.331,4.6,43,137.0,1.463,0.96,us,11.3,7.699,0.093,34
-31.6817,-69.3335,121.016,4.7,52,41.0,0.582,0.81,us,5.1,5.376,0.047,137
50.9656,158.0824,32.08,4.1,32,128.0,2.091,0.44,us,10.3,6.019,0.123,18
50.6319,159.9877,10.0,4.7,75,124.0,2.535,0.61,us,8.33,1.884,0.043,161
51.253,-174.8606,10.0,3.7,28,226.0,0.99,0.81,us,3.16,1.974,0.168,9
39.1968,28.1279,10.0,4.4,34,44.0,0.959,0.75,us,4.1,1.93,0.189,8
-5.7723,101.6641,10.0,4.4,22,149.0,1.903,0.59,us,5.39,1.929,0.162,12
-9.8482,119.4386,43.699,4.2,24,79.0,0.865,1.08,us,6.79,12.57,0.176,9
52.3235,160.747,10.0,5.0,145,108.0,1.457,0.64,us,7.35,1.85,0.034,278
29.211,129.4627,10.0,4.5,19,135.0,2.445,1.07,us,6.44,1.92,0.157,12
37.0417,58.3061,10.0,4.5,52,106.0,0.899,0.95,us,5.87,1.896,0.082,44
-19.5346,168.3765,10.0,4.7,29,67.0,3.105,1.11,us,6.72,1.918,0.121,21
16.2029,107.3158,10.0,4.3,33,88.0,3.703,0.82,us,8.97,1.89,0.125,18
54.3704,-159.9762,33.456,3.8,64,192.0,0.514,0.62,us,6.64,10.75,0.18,8
51.3461,158.9338,42.251,4.2,20,138.0,1.689,1.36,us,13.86,8.481,0.146,13
12.4389,-89.4065,10.0,4.4,53,152.0,1.346,0.7,us,5.42,1.916,0.072,56
-6.3392,152.0385,10.0,4.4,28,112.0,2.138,0.49,us,7.87,1.897,0.126,18
50.255,158.4461,18.756,4.7,64,133.0,2.775,0.68,us,8.74,4.082,0.072,59
-4.8633,153.4113,60.303,5.2,80,59.0,1.412,1.21,us,7.63,4.811,0.053,116
-21.3487,-68.6539,128.742,4.3,24,50.0,0.706,0.68,us,7.2,6.27,0.143,14
-47.8478,115.9885,10.0,4.9,38,75.0,14.933,0.55,us,6.18,1.858,0.096,34
35.5223,139.9827,106.374,4.5,52,136.0,1.761,0.61,us,7.57,7.065,0.076,51
-58.8794,-25.1343,35.0,4.4,21,131.0,7.774,0.84,us,14.0,1.942,0.134,16
51.9828,159.7939,59.76,4.3,56,134.0,1.255,0.8,us,11.09,7.324,0.078,47
51.1714,159.494,10.0,4.9,105,176.0,1.927,0.59,us,7.34,1.919,0.057,97
-15.8876,166.5681,10.0,4.3,12,220.0,5.119,0.3,us,12.25,1.98,0.188,8
16.5883,41.0434,10.0,4.3,48,125.0,3.8,1.24,us,13.07,1.947,0.078,46
-56.7459,-26.9389,138.477,4.9,69,68.0,5.959,0.74,us,11.08,6.153,0.062,82
41.2822,142.7532,40.195,4.3,32,142.0,0.792,0.91,us,6.2,8.466,0.122,19
37.4578,21.7777,10.0,4.3,24,127.0,0.302,0.52,us,4.69,1.904,0.154,12
29.472,80.4663,10.0,4.6,72,100.0,4.546,0.99,us,9.19,1.864,0.075,53
-23.9944,-66.8068,220.986,4.3,21,135.0,1.632,0.33,us,5.88,16.324,0.168,10
16.8422,145.6771,187.601,4.2,29,113.0,1.596,0.81,us,14.87,9.021,0.115,21
51.4961,159.647,24.649,4.8,93,121.0,1.648,0.82,us,9.75,5.218,0.057,101
52.7901,160.9724,10.0,4.2,22,129.0,1.426,0.88,us,10.33,1.922,0.147,13
51.0843,158.2602,35.0,4.3,51,122.0,1.957,0.77,us,9.2,1.926,0.079,50
40.3439,24.0525,10.0,4.4,22,67.0,1.221,1.24,us,5.26,1.934,0.239,5
6.9817,-34.0141,10.0,5.0,51,63.0,12.862,0.89,us,11.07,1.849,0.059,92
14.2514,-92.9837,10.0,4.2,41,178.0,1.125,1.07,us,5.75,1.921,0.057,86
50.4325,157.9377,26.823,4.2,27,137.0,2.632,0.91,us,13.17,6.358,0.113,22
52.2228,160.6468,23.418,4.3,17,177.0,1.458,1.02,us,12.89,7.875,0.217,8
6.7376,-73.0446,166.852,4.3,37,93.0,2.269,0.64,us,7.97,10.378,0.051,108
9.605,126.1838,10.0,4.7,14,122.0,2.589,0.5,us,14.08,1.928,0.208,7
2.8767,-31.3804,10.0,4.7,30,46.0,9.754,0.77,us,7.86,1.853,0.117,27
-0.337,99.2406,69.648,4.1,21,73.0,2.33,0.87,us,8.63,6.983,0.139,14
-3.2534,142.6252,45.461,4.2,20,67.0,2.055,0.61,us,8.3,7.937,0.141,14
32.9882,102.963,10.0,4.5,115,66.0,3.022,0.62,us,6.45,1.64,0.055,100
52.6491,161.1977,20.044,4.1,37,151.0,1.59,1.05,us,7.9,6.653,0.114,24
30.9115,77.3908,15.386,4.4,39,119.0,7.829,0.82,us,14.28,4.824,0.108,25
-16.8789,-69.7573,183.72,4.2,25,125.0,0.755,1.07,us,9.61,8.563,0.187,8
49.2862,156.6862,19.898,4.6,78,128.0,3.88,0.7,us,11.54,4.788,0.071,58
36.958,21.8613,22.983,4.8,61,59.0,0.226,1.0,us,5.89,5.444,0.051,117
39.4839,143.3279,10.0,4.2,16,203.0,2.17,0.94,us,6.59,1.98,0.2,7
51.9585,160.4532,42.798,4.2,15,154.0,1.534,0.72,us,12.8,11.21,0.16,11
14.9056,-93.3302,75.536,4.5,33,182.0,1.151,0.84,us,7.81,11.99,0.05,118
-22.2697,-66.1409,238.209,4.2,48,30.0,2.002,1.15,us,8.44,7.98,0.124,18
52.9891,161.1981,10.0,4.1,24,185.0,1.54,0.89,us,12.52,1.968,0.117,20
-4.4179,144.4685,174.214,4.7,62,54.0,3.733,0.79,us,8.28,6.395,0.051,116
46.5109,155.5768,10.0,4.4,22,97.0,6.745,0.85,us,12.72,1.913,0.144,14
-45.3527,97.3138,10.0,4.4,11,157.0,22.154,0.24,us,9.58,1.933,0.189,8
26.1022,128.4489,10.0,4.5,26,89.0,0.748,0.61,us,4.2,1.834,0.128,18
51.6973,159.5179,35.0,4.9,117,123.0,1.431,0.99,us,8.77,1.908,0.054,107
43.0293,146.4534,35.0,4.6,119,134.0,2.639,0.45,us,8.98,1.914,0.054,103
-31.415,-67.7291,10.0,4.5,35,41.0,0.815,1.1,us,5.35,1.9,0.121,21
-15.3811,-73.6813,93.848,4.4,34,142.0,4.366,0.61,us,9.43,10.065,0.114,22
52.6455,160.7598,10.0,4.3,31,174.0,1.335,0.53,us,7.97,1.902,0.102,27
-15.0823,-178.6716,409.791,4.1,19,145.0,2.34,0.79,us,16.13,6.143,0.135,15
-20.1441,-177.7104,531.004,4.2,18,96.0,4.581,0.49,us,20.13,19.358,0.153,12
7.0462,126.9375,62.913,5.2,75,104.0,1.348,0.84,us,8.9,7.046,0.068,71
51.1834,159.3788,34.579,4.1,20,194.0,1.897,0.79,us,12.77,8.729,0.144,13
-17.4164,-173.1133,35.0,4.6,14,115.0,3.448,0.8,us,9.44,1.938,0.165,11
52.2324,160.5178,28.062,4.2,18,124.0,1.387,0.59,us,5.57,6.387,0.146,14
-7.7588,130.8287,10.0,4.2,17,81.0,5.011,0.89,us,8.41,1.944,0.305,3
-6.5797,104.4407,54.834,4.5,37,170.0,1.76,0.8,us,9.57,8.82,0.092,35
41.117,143.0169,49.582,5.0,67,101.0,0.903,0.72,us,6.73,5.863,0.055,107
-18.2506,168.7726,10.0,4.2,11,278.0,4.474,0.65,us,12.67,2.006,0.216,7
52.062,159.6171,35.0,5.0,15,194.0,1.13,1.24,us,9.82,1.988,0.137,17
-27.0295,26.7303,5.0,4.8,27,132.0,2.049,0.86,us,6.7,1.881,0.161,12
51.7415,158.6828,63.654,4.1,26,102.0,1.284,0.74,us,5.2,7.893,0.127,17
51.7412,159.1298,50.729,4.3,88,138.0,1.317,0.6,us,8.25,7.007,0.061,76
12.7869,-89.8868,10.0,4.3,40,224.0,1.113,1.22,us,7.11,1.926,0.087,38
-20.7635,-177.9014,497.256,4.3,59,101.0,4.86,0.6,us,13.15,6.939,0.07,61
-17.2873,-177.093,383.261,4.6,112,74.0,3.48,0.72,us,10.56,6.773,0.056,95
6.4695,93.6271,47.953,4.1,20,201.0,3.525,1.1,us,8.07,9.763,0.139,14
29.3696,129.4658,10.0,4.8,39,109.0,2.296,0.72,us,7.62,1.889,0.049,126
52.2207,160.1556,39.277,4.2,31,123.0,1.22,0.69,us,10.63,7.738,0.103,26
-2.809,101.0948,75.477,5.3,116,57.0,2.413,0.76,us,8.77,5.059,0.045,163
50.3823,159.0706,10.0,4.1,29,133.0,2.658,1.08,us,10.59,1.914,0.112,22
51.1575,-177.6196,47.552,3.9,38,225.0,0.624,0.6,us,5.97,13.638,0.148,12
30.8997,136.0842,10.0,4.2,25,69.0,3.386,0.45,us,8.01,1.917,0.16,11
51.9821,-171.1032,35.0,3.8,20,207.0,1.086,0.84,us,5.02,1.997,0.16,12
39.9357,113.5049,10.0,4.3,47,71.0,2.051,0.55,us,8.3,1.851,0.087,37
-28.4916,-177.4295,10.0,4.6,25,138.0,11.118,1.0,us,14.75,1.863,0.122,20
52.6886,160.3365,53.81,4.4,32,142.0,1.076,1.2,us,12.48,7.868,0.126,18
51.6259,160.4499,10.0,4.3,21,157.0,1.783,0.62,us,7.61,1.966,0.154,12
2.8757,128.5329,240.44,4.2,12,205.0,2.393,0.41,us,13.18,9.207,0.187,8
49.4264,156.1591,35.0,5.7,86,112.0,3.811,0.53,us,12.22,1.864,0.076,62
51.5504,159.5788,27.718,5.3,109,113.0,1.94,0.83,us,7.87,3.528,0.031,348
-0.5822,128.0835,10.0,4.8,46,61.0,1.524,1.15,us,5.43,1.882,0.1,31
51.0052,159.3263,35.0,4.4,28,130.0,2.064,0.51,us,10.27,1.937,0.117,21
-19.2739,-177.5505,559.03,4.3,72,49.0,4.041,1.01,us,13.24,6.758,0.085,39
36.5008,70.2911,211.153,4.1,31,147.0,2.195,0.97,us,9.29,10.75,0.165,10
-15.7357,167.1841,31.682,4.5,20,146.0,0.288,0.88,us,8.99,6.504,0.15,13
52.5886,160.8802,10.0,4.1,25,150.0,1.422,0.84,us,9.46,1.938,0.146,13
-6.1823,130.3395,167.981,4.5,47,45.0,3.759,0.8,us,6.17,7.35,0.07,60
52.3309,160.2762,35.0,4.5,30,122.0,1.209,1.1,us,9.78,1.901,0.106,26
51.6325,159.969,25.971,4.5,35,127.0,2.03,0.8,us,9.91,6.015,0.099,30
50.0802,156.7628,41.912,4.1,25,131.0,3.088,0.67,us,9.86,5.733,0.15,12
42.756,145.8837,48.86,4.2,45,135.0,2.151,0.6,us,8.64,7.488,0.095,31
51.1777,159.3074,35.0,4.5,15,189.0,1.893,0.77,us,12.52,1.999,0.156,12
52.1441,160.4948,10.0,4.9,60,124.0,1.429,0.83,us,9.38,1.887,0.053,112
50.3301,159.134,10.0,4.4,21,133.0,2.714,0.71,us,11.28,1.924,0.155,12
-16.6205,-179.595,544.439,4.1,31,132.0,1.002,1.18,us,15.64,9.774,0.081,41
-36.681,177.6464,170.892,4.2,26,148.0,1.026,1.01,us,8.84,7.631,0.159,11
-7.4895,130.0447,79.197,4.3,25,110.0,2.951,1.15,us,9.63,7.739,0.129,17
17.4446,145.8761,219.036,4.2,13,151.0,2.193,0.9,us,15.4,10.801,0.186,8
-7.5021,127.7856,165.364,4.6,67,33.0,3.633,0.45,us,7.1,7.133,0.067,66
-0.5362,119.6582,10.0,4.2,17,135.0,1.985,1.0,us,9.04,1.942,0.147,13
-5.2184,154.277,173.523,4.3,29,157.0,2.34,0.44,us,13.17,7.956,0.106,25
-18.8773,-175.5661,197.862,4.6,48,87.0,5.339,0.64,us,13.84,7.527,0.085,41
37.7305,141.67,84.827,4.3,27,161.0,3.009,0.74,us,8.81,10.154,0.177,9
49.7474,157.6091,10.0,4.5,60,136.0,3.345,0.58,us,11.55,1.897,0.077,49
-17.7849,-178.7413,552.073,4.6,72,79.0,2.225,0.77,us,12.28,7.388,0.072,57
52.1695,160.1852,35.0,4.4,49,186.0,1.268,1.1,us,11.9,1.962,0.082,43
3.012,-31.3323,10.0,4.9,61,66.0,9.895,0.82,us,9.09,1.726,0.059,92
52.9074,159.8884,56.008,4.6,81,118.0,0.758,1.1,us,9.15,6.988,0.044,151
49.811,155.8168,78.348,4.1,39,138.0,3.505,0.64,us,13.8,8.406,0.101,27
52.6444,-174.7575,209.096,3.9,53,130.0,0.561,0.88,us,15.52,10.032,0.09,33
-36.4262,-111.0316,10.0,4.6,12,177.0,33.015,0.5,us,18.85,1.853,0.181,9
35.0122,25.9864,10.0,4.4,61,181.0,1.099,0.71,us,3.76,1.875,0.096,31
-28.3595,-177.6876,10.0,4.2,12,139.0,9.773,0.56,us,9.18,1.952,0.159,11
52.3363,158.2404,10.636,4.7,45,161.0,0.84,0.87,us,13.36,6.191,0.159,12
18.762,145.3384,236.346,4.1,17,128.0,3.528,0.27,us,18.81,13.401,0.165,10
41.2599,142.4695,33.122,4.1,12,182.0,0.914,0.42,us,9.0,10.923,0.213,6
-20.8579,-178.7333,548.336,4.5,103,111.0,4.336,0.61,us,12.87,6.836,0.044,157
52.4796,160.6182,10.0,4.4,15,137.0,1.314,1.11,us,8.82,1.908,0.219,6
42.0602,142.5913,57.662,4.6,51,83.0,0.424,0.52,us,4.75,7.156,0.046,143
4.9341,126.4562,51.353,4.4,34,103.0,0.994,0.53,us,7.76,1.688,0.108,25
-7.3843,154.8795,88.502,4.9,41,60.0,4.167,0.7,us,9.51,7.478,0.057,97
-20.3002,-177.8617,523.293,4.2,35,97.0,4.622,0.63,us,13.8,8.704,0.107,24
-8.568,112.9143,136.963,4.5,63,46.0,1.228,1.17,us,7.75,6.692,0.076,51
-60.4174,-62.4535,10.0,4.9,29,128.0,4.435,0.94,us,7.95,1.765,0.116,23
50.3122,154.8971,152.68,4.3,28,174.0,3.298,0.77,us,13.31,11.079,0.122,19
-17.3112,66.2755,10.0,4.9,64,71.0,18.179,0.7,us,13.24,1.851,0.079,50
-10.385,160.8038,13.993,4.9,69,83.0,1.263,0.64,us,7.44,3.729,0.064,78
-26.3458,-178.7719,350.591,4.5,45,108.0,2.983,0.96,us,15.47,8.853,0.085,40
50.6793,159.1171,10.0,4.1,24,187.0,2.365,0.87,us,12.3,1.972,0.124,18
54.5047,-159.8347,33.397,4.4,59,161.0,0.357,0.82,us,5.05,5.076,0.106,26
6.9211,127.1224,35.0,4.9,51,58.0,1.539,1.16,us,7.07,1.92,0.086,43
1.0503,97.1318,10.0,4.8,68,176.0,2.423,0.48,us,6.66,1.877,0.073,58
-6.8151,155.553,126.41,4.2,15,95.0,4.263,0.36,us,10.21,7.105,0.159,11
52.7891,159.0738,104.367,5.1,41,150.0,0.891,0.91,us,11.44,6.374,0.101,32
38.4427,142.1787,28.908,4.7,145,112.0,2.497,0.64,us,7.94,4.458,0.051,118
52.0455,159.0606,52.131,4.5,46,226.0,1.011,0.7,us,10.0,8.07,0.089,37
52.1012,161.1627,10.0,4.4,26,134.0,1.79,0.39,us,13.08,1.923,0.117,21
50.6681,157.8147,35.0,4.7,60,130.0,2.415,0.87,us,9.13,1.922,0.039,201
52.5353,160.9724,23.612,4.1,15,159.0,1.493,0.71,us,12.99,9.802,0.175,9
-20.2508,-68.6433,115.696,4.1,31,59.0,0.491,1.12,us,6.9,7.449,0.175,11
52.086,-30.5858,10.0,4.3,26,162.0,14.719,1.11,us,14.8,1.966,0.125,18
14.6744,-93.3167,35.0,4.7,77,140.0,1.962,0.74,us,7.22,1.941,0.051,118
5.2339,126.8677,92.61,4.3,34,112.0,1.47,0.78,us,7.57,7.749,0.103,27
-19.0127,169.8267,250.631,4.1,23,161.0,4.217,0.75,us,12.09,10.216,0.12,19
52.8593,160.6252,10.0,4.2,43,147.0,1.207,0.94,us,9.19,1.923,0.107,25
-31.6489,-71.5992,38.569,4.1,22,176.0,0.661,0.56,us,3.56,10.251,0.214,6
-8.7137,123.8975,112.864,4.8,44,91.0,1.097,0.82,us,8.62,7.188,0.087,42
-56.0306,-26.7365,38.15,5.2,115,57.0,5.858,0.57,us,10.77,5.004,0.06,91
-4.5297,102.6053,59.001,4.8,64,94.0,0.388,0.9,us,7.56,4.619,0.075,55
41.7464,142.7489,57.814,4.2,17,140.0,0.406,0.88,us,8.34,8.822,0.159,11
53.5404,-163.4145,35.0,4.3,78,167.0,1.123,0.84,us,2.79,1.919,0.088,37
-49.0671,124.9643,10.0,4.4,25,86.0,17.129,0.53,us,14.65,1.867,0.127,18
52.4294,160.5283,35.0,4.1,12,225.0,1.288,0.63,us,12.81,1.959,0.197,7
51.5604,159.3414,35.0,4.3,24,127.0,1.526,0.62,us,9.47,1.945,0.143,17
51.6758,159.2119,61.022,4.4,26,153.0,1.393,0.71,us,11.26,8.668,0.107,26
38.7566,23.5556,10.0,4.4,40,41.0,1.578,0.85,us,5.46,1.89,0.095,32
-6.5211,154.6133,10.0,4.1,20,97.0,6.025,0.84,us,9.75,1.791,0.14,15
49.0173,157.824,10.0,4.6,125,138.0,4.045,0.9,us,9.42,1.881,0.051,115
22.7731,143.4107,91.2,4.1,17,163.0,4.445,1.1,us,15.73,7.465,0.166,10
12.5946,144.281,35.0,4.5,21,165.0,1.142,0.84,us,11.87,1.983,0.15,13
54.4527,-160.1923,38.355,3.7,119,164.0,0.516,1.09,us,5.59,9.153,0.168,9
-7.1826,128.1258,223.536,4.0,29,60.0,4.593,0.52,us,9.74,8.012,0.15,12
51.5937,-175.1974,45.284,4.0,57,212.0,0.599,0.92,us,5.67,10.469,0.102,26
16.3329,-59.675,10.0,4.4,35,201.0,1.327,0.54,us,7.31,1.964,0.19,8
13.5109,120.8686,186.285,4.6,42,89.0,12.32,0.44,us,13.1,8.29,0.093,34
51.312,159.5531,10.0,4.3,27,168.0,1.802,1.16,us,5.3,1.957,0.114,22
-3.4699,135.347,77.726,4.3,24,68.0,1.09,1.2,us,7.67,6.336,0.132,16
-18.6469,-175.7455,278.959,4.4,29,135.0,5.134,0.51,us,15.27,8.591,0.097,31
51.9306,-167.2686,10.0,3.5,28,227.0,1.425,0.84,us,6.59,2.009,0.221,5
52.0561,160.3545,22.19,4.2,29,188.0,1.422,0.83,us,12.37,7.27,0.124,18
51.3019,159.2558,10.0,4.5,21,180.0,1.764,0.35,us,10.97,1.967,0.156,13
52.2495,160.422,25.376,4.3,25,123.0,1.868,0.99,us,10.14,6.38,0.142,14
52.4984,160.5854,10.0,4.6,59,122.0,1.288,0.72,us,8.06,1.881,0.052,110
-15.2903,-177.1887,414.82,4.3,25,104.0,3.515,0.81,us,15.91,11.701,0.111,23
27.7431,51.6108,10.0,4.1,30,188.0,4.974,0.64,us,7.74,1.807,0.131,16
-57.1844,-67.8729,10.0,4.5,17,152.0,2.262,0.67,us,11.27,1.965,0.163,11
40.9821,78.1345,10.0,4.3,25,159.0,0.786,1.04,us,3.13,1.919,0.153,12
52.4339,160.2523,37.376,4.9,98,133.0,1.139,0.94,us,9.99,6.857,0.04,194
49.2195,155.9881,31.738,4.6,137,136.0,4.04,0.65,us,11.29,5.758,0.047,132
-24.7674,179.9098,525.928,4.3,45,108.0,4.877,0.9,us,14.29,9.54,0.086,39
18.1211,40.2081,10.0,4.4,36,125.0,5.349,0.7,us,8.15,1.947,0.112,23
-20.9109,-178.572,590.807,4.8,63,54.0,4.48,0.84,us,10.36,6.532,0.034,270
-6.7948,129.4781,162.132,4.5,42,112.0,4.737,0.58,us,8.32,5.02,0.085,40
52.0881,161.0854,10.0,4.7,12,191.0,2.304,1.37,us,8.24,1.996,0.174,10
-24.1555,-66.7645,192.182,4.2,19,92.0,2.759,0.9,us,11.33,11.981,0.152,12
-10.3275,120.4323,54.204,4.6,27,58.0,0.668,0.83,us,6.4,6.378,0.114,23
32.2551,142.023,10.0,4.4,39,130.0,2.051,0.52,us,8.97,1.895,0.117,21
52.2735,160.504,29.755,4.3,23,157.0,1.357,1.2,us,7.69,6.527,0.138,15
-3.841,126.8355,9.962,4.3,22,51.0,4.218,0.83,us,7.18,3.812,0.153,14
-18.0453,-177.8588,620.421,4.4,81,76.0,3.072,0.97,us,12.13,7.419,0.055,96
-0.8814,132.2985,39.418,4.0,23,57.0,1.039,1.0,us,6.01,7.93,0.13,18
50.3286,158.1706,10.0,4.3,16,135.0,2.715,0.56,us,12.71,1.909,0.138,15
-20.429,-178.6419,599.311,4.3,53,121.0,4.111,0.82,us,14.52,7.324,0.07,58
52.766,161.2899,10.0,4.0,13,195.0,1.62,1.18,us,12.55,2.001,0.212,6
4.032,122.8975,556.158,4.5,65,37.0,2.666,0.54,us,11.18,9.198,0.077,49
20.9127,121.0522,26.785,5.1,131,77.0,1.896,0.62,us,8.65,5.363,0.052,121
53.2233,159.5924,67.161,4.4,123,133.0,0.602,0.77,us,10.15,6.92,0.051,111
-15.0451,167.7254,121.813,4.1,18,219.0,0.643,0.81,us,12.94,6.988,0.158,11
52.566,160.2341,35.0,5.3,33,121.0,1.065,0.62,us,5.38,1.87,0.132,19
-6.5808,129.754,143.866,4.4,12,113.0,2.05,0.49,us,12.56,9.408,0.179,9
40.9078,35.1689,10.0,4.3,69,33.0,1.109,0.82,us,2.35,1.842,0.103,27
21.0542,121.9886,10.0,4.9,113,78.0,1.947,0.75,us,7.74,1.856,0.043,169
52.7107,159.5146,63.772,4.6,36,117.0,0.611,1.36,us,10.13,7.03,0.103,28
-21.702,-68.3037,117.885,4.5,73,75.0,0.877,0.94,us,7.02,7.011,0.069,62
10.082,126.2642,35.0,4.2,13,128.0,3.069,0.2,us,9.91,1.954,0.199,7
53.9219,-164.5049,18.727,3.4,32,154.0,0.586,0.39,us,3.96,6.888,0.201,6
-47.4548,97.5199,10.0,4.6,14,126.0,20.085,0.38,us,11.76,1.881,0.158,12
-6.1582,147.7152,81.658,4.6,26,110.0,3.272,0.49,us,9.79,10.271,0.113,23
50.121,157.216,33.212,4.2,39,132.0,3.007,0.47,us,12.47,6.606,0.096,30
51.7857,159.8227,25.681,5.8,44,60.0,1.433,0.63,us,5.47,4.543,0.131,28
7.3513,127.4086,10.0,4.9,38,60.0,1.837,0.76,us,7.13,1.88,0.098,33
-6.3978,151.8483,10.0,4.4,30,85.0,2.214,0.86,us,9.24,1.897,0.11,24
9.6107,39.7979,10.0,4.9,58,71.0,1.313,0.95,us,8.8,1.867,0.07,63
42.9684,18.6709,10.0,4.4,47,37.0,0.692,0.79,us,4.11,1.932,0.13,17
51.5092,159.126,35.0,6.0,83,53.0,1.545,0.83,us,7.47,1.863,0.078,62
-55.4726,-26.1917,10.0,4.2,14,120.0,6.062,0.63,us,14.6,1.946,0.146,13
29.6946,142.2399,10.0,4.4,40,146.0,2.59,0.86,us,10.53,1.91,0.097,31
-7.8025,118.8538,38.505,5.0,77,33.0,1.474,0.84,us,5.91,4.599,0.074,63
3.0935,-31.4434,10.0,4.5,24,75.0,20.396,0.79,us,12.63,1.896,0.124,19
-18.3904,-177.9348,542.938,4.2,70,77.0,3.199,0.67,us,9.63,7.597,0.072,53
52.7411,160.8139,35.0,4.1,31,151.0,1.341,0.59,us,10.43,1.701,0.097,29
52.1894,160.2939,30.891,4.5,46,123.0,1.829,1.25,us,9.28,5.796,0.09,48
54.7831,160.2415,10.0,4.2,23,137.0,1.999,0.34,us,7.13,1.917,0.105,25
-4.4037,101.527,36.269,4.4,42,144.0,1.425,0.5,us,9.15,7.493,0.092,34
52.0859,158.9701,51.775,4.4,28,151.0,1.284,0.75,us,12.47,9.643,0.114,22
-56.9882,147.4579,10.0,4.5,32,95.0,6.946,1.01,us,11.82,1.941,0.106,29
39.5206,143.2839,28.385,4.2,15,163.0,2.121,0.82,us,7.41,7.756,0.235,5
-2.2271,101.1577,95.015,4.2,18,156.0,2.777,0.93,us,5.81,9.178,0.176,9
28.4842,105.1015,10.0,4.5,55,68.0,7.544,1.22,us,9.41,1.884,0.07,60
-24.4861,179.958,519.129,4.4,44,100.0,5.101,0.51,us,15.75,8.107,0.092,34
27.3931,52.5727,10.0,4.2,47,83.0,4.073,0.78,us,8.93,1.894,0.089,35
-27.9812,-177.8106,10.0,4.4,18,92.0,10.876,0.74,us,8.36,1.899,0.139,15
52.1943,159.7124,38.581,4.9,83,131.0,1.053,0.75,us,9.05,7.057,0.065,73
51.6062,159.8053,35.0,5.0,79,123.0,1.587,1.19,us,9.1,1.91,0.042,178
35.3044,25.4609,53.856,4.2,25,224.0,1.409,0.69,us,7.15,7.845,0.128,17
51.1744,159.7163,20.71,4.3,17,125.0,1.965,0.93,us,9.73,5.765,0.201,7
39.7066,143.0284,31.236,4.1,27,132.0,1.852,0.73,us,6.86,6.305,0.123,18
51.0919,158.7089,35.0,4.3,21,185.0,1.935,0.8,us,12.92,2.002,0.143,14
52.4865,160.998,25.289,5.1,162,128.0,1.525,0.77,us,10.64,5.532,0.045,165
7.5369,126.8287,60.744,4.2,33,62.0,1.324,1.26,us,8.62,8.694,0.136,19
-63.6835,172.6283,10.0,4.5,22,86.0,14.307,0.55,us,10.72,1.899,0.124,19
52.501,160.244,33.703,4.4,57,175.0,1.101,0.5,us,11.3,7.772,0.046,136
7.4417,125.6982,66.405,4.9,82,77.0,0.388,0.61,us,9.48,4.277,0.066,72
24.309,124.949,35.0,4.2,21,232.0,0.655,0.91,us,12.98,1.999,0.159,11
-26.2598,-175.913,10.0,4.9,22,138.0,9.034,0.4,us,13.26,1.904,0.122,21
-21.363,-67.6842,211.606,4.3,30,60.0,1.512,0.62,us,5.89,8.642,0.142,14
55.5825,161.7852,97.631,4.2,71,134.0,3.154,0.66,us,13.06,10.346,0.068,60
52.2673,160.1483,35.0,4.4,43,109.0,1.712,0.78,us,12.12,1.908,0.087,38
42.6752,142.4844,127.539,4.3,37,100.0,0.827,0.59,us,7.38,8.157,0.107,25
52.762,160.1217,41.532,4.1,31,120.0,0.929,0.54,us,11.16,8.685,0.097,29
4.5776,125.015,10.0,4.5,20,86.0,0.487,0.65,us,6.3,1.916,0.163,13
13.0649,-59.509,47.429,4.4,39,149.0,0.092,0.83,us,9.73,6.248,0.112,23
51.1923,159.1619,6.043,5.0,149,134.0,1.861,0.55,us,10.64,4.932,0.048,139
43.3942,-126.9726,10.0,3.7,92,204.0,1.589,0.9,us,8.74,2.003,0.191,7
-14.6197,167.2913,182.26,4.3,26,71.0,0.827,0.82,us,10.83,5.358,0.122,19
51.4133,159.6257,10.0,4.3,20,137.0,2.07,1.23,us,12.54,1.923,0.133,16
40.6629,72.0828,10.0,4.5,28,95.0,0.528,0.53,us,2.82,1.928,0.145,14
23.9741,90.5388,10.0,4.1,19,188.0,4.894,0.87,us,8.64,1.956,0.173,9
13.7493,144.6709,162.675,4.1,15,131.0,0.249,0.41,us,14.67,5.728,0.174,10
3.0436,-31.2907,10.0,4.6,79,48.0,9.942,0.49,us,11.11,1.86,0.066,71
36.0353,138.9697,129.454,4.1,41,136.0,0.796,1.11,us,9.61,6.501,0.097,29
-58.7537,-25.1169,35.0,4.8,56,69.0,15.81,0.49,us,8.77,1.882,0.075,55
37.4794,72.3715,210.974,4.2,26,257.0,0.837,0.61,us,11.21,9.06,0.215,6
51.3099,159.8509,10.0,4.1,19,193.0,1.869,0.34,us,11.25,1.99,0.145,13
28.9134,51.4598,10.0,4.2,36,73.0,5.792,1.11,us,6.11,1.794,0.1,28
20.2107,104.4204,10.0,4.4,40,72.0,3.8,0.83,us,9.26,1.889,0.094,33
-14.7822,167.3962,132.752,4.5,31,253.0,0.687,0.46,us,13.07,6.182,0.108,25
52.3014,160.3121,10.0,4.7,67,134.0,1.244,0.74,us,10.63,1.9,0.06,85
43.0759,148.3479,10.0,4.4,41,200.0,3.979,1.23,us,11.87,1.97,0.095,32
-58.9567,-26.0934,102.946,4.5,14,96.0,15.856,0.25,us,14.74,6.209,0.156,12
53.1209,160.1547,54.757,4.6,55,133.0,0.913,0.92,us,11.24,7.632,0.066,69
27.1384,-44.6813,10.0,4.4,18,153.0,18.136,0.94,us,12.35,1.916,0.179,11
51.692,160.1257,10.0,4.1,15,192.0,1.612,1.02,us,13.53,1.979,0.302,3
51.6152,159.8164,29.223,5.0,174,118.0,1.582,0.7,us,8.3,5.375,0.04,205
-47.8744,116.028,10.0,4.4,24,128.0,14.958,0.65,us,14.57,1.801,0.123,22
50.0007,159.5453,10.0,4.2,16,208.0,3.078,0.27,us,11.38,1.998,0.177,9
-24.3154,-175.5641,30.322,4.6,25,98.0,8.845,0.5,us,10.75,5.594,0.157,17
51.9639,159.6365,35.0,4.1,22,124.0,1.221,0.59,us,9.99,1.945,0.127,17
29.8146,98.7907,10.0,4.1,30,138.0,6.663,1.28,us,10.46,1.971,0.117,21
49.7989,156.4616,36.975,5.4,80,101.0,3.403,0.86,us,7.18,5.039,0.023,641
1.2814,126.4633,49.04,4.7,33,90.0,1.035,0.7,us,5.37,7.636,0.117,22
37.4432,134.8531,365.359,4.0,60,54.0,2.725,0.55,us,9.46,4.586,0.082,40
-7.6953,128.3631,85.361,4.3,19,75.0,4.537,0.88,us,6.23,10.422,0.154,12
50.4151,157.2643,53.85,4.2,32,165.0,2.711,0.69,us,8.43,9.5,0.115,21
2.59,-31.1585,10.0,4.5,50,60.0,9.609,0.73,us,11.4,1.874,0.082,43
12.0222,-69.6299,10.0,4.5,61,99.0,3.271,1.14,us,8.36,1.89,0.08,45
51.487,159.3122,35.0,4.5,26,161.0,1.902,0.95,us,12.88,1.967,0.121,20
-19.6435,169.0822,127.736,5.0,47,123.0,3.326,0.61,us,10.62,7.49,0.042,179
9.236,93.841,10.0,4.7,61,70.0,5.034,0.66,us,9.0,1.884,0.069,63
52.3708,160.5584,10.0,4.7,70,164.0,1.333,0.87,us,10.25,1.936,0.06,85
-21.5882,-66.818,228.303,4.1,19,96.0,2.264,0.69,us,7.98,16.737,0.234,5
51.291,158.7914,35.987,5.3,109,73.0,1.737,0.76,us,7.23,5.474,0.022,659
12.8591,145.6419,10.0,4.5,21,124.0,1.046,0.6,us,8.17,1.932,0.145,14
-14.9077,-177.5607,377.943,4.6,118,59.0,3.342,0.86,us,10.47,6.273,0.034,259
51.7826,-173.525,14.738,3.8,37,141.0,0.591,1.06,us,5.06,5.912,0.127,16
51.2454,-173.9464,13.369,4.7,122,182.0,0.97,0.59,us,5.57,4.739,0.052,113
8.3867,127.5392,10.0,4.6,57,63.0,2.342,0.7,us,7.87,1.866,0.084,45
-33.1375,-73.3056,10.0,4.3,28,173.0,1.397,0.81,us,6.82,1.951,0.201,7
-22.9595,-68.1893,153.375,4.3,16,78.0,0.012,0.73,us,9.84,7.52,0.201,7
51.4793,160.908,10.0,4.2,26,129.0,2.078,0.38,us,6.26,1.883,0.112,22
50.6175,158.0024,33.576,4.5,70,130.0,2.443,0.7,us,10.96,6.088,0.06,82
51.4769,159.1385,45.09,4.3,31,127.0,1.578,0.63,us,9.59,6.819,0.129,17
36.0794,28.0912,10.0,4.1,25,150.0,0.136,0.61,us,4.27,1.86,0.114,21
52.8756,160.8815,24.949,5.5,61,107.0,8.015,0.79,us,10.25,5.103,0.066,80
49.8427,158.0847,28.054,4.3,22,229.0,3.205,0.42,us,15.8,5.529,0.147,13
-15.9149,-69.6124,222.783,4.7,67,104.0,1.472,0.87,us,9.5,5.559,0.029,361
7.1788,127.0606,28.985,4.6,49,92.0,1.474,0.89,us,6.39,5.37,0.081,49
52.2457,160.8341,10.0,4.3,22,135.0,1.542,1.23,us,12.01,1.928,0.169,11
-9.2752,124.6063,35.0,4.6,27,49.0,0.583,1.42,us,6.16,1.946,0.129,18
11.1406,124.1708,10.0,4.2,19,137.0,4.277,1.39,us,17.06,1.917,0.166,13
51.9854,160.4228,39.875,4.3,22,138.0,1.502,0.66,us,9.24,8.312,0.133,16
15.1922,-94.5793,10.0,4.5,64,129.0,1.582,1.18,us,5.68,1.856,0.053,103
12.2142,-64.7835,10.0,4.5,49,65.0,2.047,0.82,us,6.99,1.914,0.1,33
-24.8259,179.6191,511.254,4.5,39,125.0,7.195,0.75,us,14.83,9.573,0.097,31
28.605,84.1716,10.0,4.3,32,160.0,16.043,1.18,us,12.05,1.661,0.104,26
-7.2367,129.594,126.655,4.3,19,118.0,5.038,0.74,us,11.05,9.832,0.133,16
16.0999,96.4474,9.447,4.5,29,88.0,3.088,0.6,us,6.94,4.787,0.128,18
36.6359,30.7699,104.803,4.4,24,98.0,0.701,0.74,us,5.56,4.328,0.269,4
-28.0218,-177.4728,66.397,4.4,20,250.0,1.283,0.79,us,12.8,10.135,0.135,16
55.9698,163.9536,38.997,4.2,16,144.0,4.635,0.85,us,10.07,8.889,0.152,12
51.3367,-177.0144,35.397,4.0,142,185.0,0.447,0.76,us,4.12,7.538,0.043,149
-14.9667,-173.5872,31.452,4.3,21,114.0,2.04,0.71,us,11.13,6.163,0.148,14
-31.2502,-178.2403,35.0,4.6,16,180.0,6.912,0.74,us,13.57,1.875,0.137,16
52.761,160.6984,10.0,4.2,34,133.0,1.269,0.79,us,11.84,1.926,0.095,31
56.1746,117.3235,10.0,4.7,60,56.0,6.79,0.86,us,10.02,1.889,0.045,151
48.1893,153.2737,140.047,4.5,155,117.0,5.671,0.63,us,10.71,7.202,0.043,157
51.8244,159.2093,42.795,4.0,21,137.0,1.249,0.31,us,13.15,7.971,0.125,17
51.893,159.2298,68.808,4.4,33,138.0,1.186,0.93,us,11.03,7.676,0.107,25
-35.0762,-107.1542,10.0,5.0,99,151.0,8.141,0.37,us,12.82,1.891,0.045,161
50.092,156.2119,66.34,4.5,52,135.0,3.16,0.47,us,10.81,7.612,0.057,90
43.9745,83.5142,10.0,4.5,82,80.0,2.949,0.61,us,8.36,1.9,0.065,68
9.1991,126.085,102.632,4.4,38,131.0,2.174,0.88,us,11.08,8.655,0.105,26
51.6259,159.5998,10.0,4.9,91,98.0,1.516,0.59,us,7.63,1.837,0.047,141
40.2919,143.9546,10.0,4.4,17,147.0,1.824,0.63,us,7.34,1.95,0.169,12
49.8435,157.9922,10.0,4.8,29,128.0,3.211,1.15,us,10.4,1.906,0.122,21
-12.4565,125.7407,10.0,4.8,53,84.0,3.049,0.84,us,7.37,1.855,0.078,50
-58.767,-24.9017,10.0,4.5,41,83.0,7.82,0.48,us,11.33,1.873,0.091,35
-24.2938,-175.6366,37.867,5.0,50,121.0,5.34,1.02,us,10.53,6.824,0.084,46
51.2615,157.1294,98.303,4.3,82,132.0,1.883,0.46,us,10.32,6.88,0.062,78
-33.1025,-178.8044,35.0,5.0,53,82.0,5.037,0.67,us,11.44,1.873,0.086,46
-60.2981,-62.0072,10.0,4.6,21,126.0,4.591,0.58,us,9.02,1.89,0.129,19
51.8593,159.121,35.0,5.9,87,66.0,1.201,0.57,us,9.04,1.848,0.075,65
9.169,126.2239,67.09,4.8,67,92.0,2.181,0.84,us,10.95,6.746,0.049,127
-21.7679,-176.6199,199.014,4.2,19,167.0,6.417,0.81,us,14.62,7.568,0.136,15
52.8438,159.6073,56.032,4.1,14,164.0,0.607,0.39,us,12.42,7.096,0.184,9
53.2463,160.8246,35.0,4.2,21,193.0,1.329,0.89,us,8.86,1.99,0.141,14
43.3283,-128.1845,10.0,4.0,40,219.0,3.036,0.61,us,12.18,2.012,0.195,7
51.3318,158.3493,81.115,4.0,28,166.0,1.704,0.82,us,11.56,9.024,0.118,20
-23.4771,178.859,561.941,4.3,24,162.0,5.753,0.83,us,7.69,9.8,0.143,14
-25.5691,-179.1711,356.99,4.1,17,198.0,8.202,0.81,us,14.16,9.405,0.109,23
38.4887,142.1333,35.0,4.4,58,134.0,2.441,0.58,us,8.54,1.928,0.084,41
16.362,-95.1391,53.49,4.5,91,131.0,1.345,1.19,us,6.55,9.322,0.044,153
-1.7352,136.3565,17.655,4.6,71,71.0,1.772,0.68,us,5.85,4.618,0.067,68
-57.5726,157.7867,32.868,4.8,45,44.0,3.149,0.59,us,11.96,4.488,0.121,22
-17.6156,-178.7872,548.042,4.9,54,78.0,2.095,0.62,us,13.62,9.926,0.076,54
51.4224,159.5498,35.0,4.4,13,212.0,1.696,0.67,us,11.39,2.0,0.162,11
-23.9907,-71.108,10.0,4.4,15,148.0,0.695,0.87,us,3.7,1.681,0.143,14
19.102,145.697,145.203,4.1,28,141.0,3.841,0.4,us,9.76,9.129,0.106,24
44.0626,147.506,35.0,4.5,43,148.0,3.54,0.55,us,10.96,1.954,0.101,29
-20.4833,-178.0259,529.987,4.7,59,99.0,4.6,0.7,us,11.02,8.529,0.078,50
-20.0215,-178.245,595.681,4.4,30,93.0,4.173,0.59,us,17.36,16.484,0.109,24
-48.9486,123.5658,10.0,4.6,26,119.0,16.692,0.77,us,14.93,1.929,0.116,24
52.7232,-169.4299,51.683,4.1,84,135.0,0.311,0.71,us,7.07,4.902,0.057,83
27.1927,140.1665,457.226,4.5,95,53.0,1.801,0.68,us,10.72,6.82,0.03,327
-17.5047,-178.7743,544.388,4.5,50,55.0,2.048,0.8,us,13.31,5.185,0.091,39
52.7834,160.6207,21.723,4.1,34,119.0,1.218,1.1,us,9.77,6.502,0.111,23
51.3415,159.0757,10.0,4.3,28,219.0,1.705,0.55,us,5.75,1.97,0.122,19
22.7856,141.806,255.551,4.2,106,108.0,4.305,0.58,us,12.44,8.113,0.052,102
-0.2104,130.6163,10.0,4.9,48,47.0,0.913,0.95,us,6.35,1.887,0.074,57
37.1381,69.1917,10.0,4.5,26,108.0,1.516,1.13,us,5.06,1.933,0.135,16
-24.8468,-63.4487,574.308,4.3,106,31.0,4.722,0.78,us,10.81,7.067,0.059,81
29.2848,129.559,10.0,4.9,59,121.0,2.348,1.2,us,7.03,1.856,0.04,197
-14.4123,65.9865,10.0,4.5,31,126.0,5.873,0.81,us,13.08,1.884,0.113,23
51.35,159.6083,11.165,4.5,31,123.0,1.777,1.04,us,8.91,4.836,0.118,21
53.0392,159.4689,73.723,4.5,26,118.0,0.495,0.87,us,11.9,7.984,0.11,24
50.167,156.291,74.396,4.0,39,130.0,3.073,0.91,us,10.6,8.175,0.104,25
-15.3245,-173.1934,10.0,5.2,62,50.0,1.961,0.68,us,10.03,1.767,0.025,531
51.3829,158.8963,31.504,4.3,24,137.0,1.65,0.91,us,11.46,6.463,0.137,18
50.0555,155.9105,89.467,4.2,33,135.0,3.254,0.56,us,10.53,8.162,0.113,22
-43.0653,-82.4902,10.0,4.6,27,152.0,7.513,1.33,us,8.08,1.88,0.107,26
51.1493,159.2897,10.0,5.3,211,129.0,1.918,0.72,us,8.87,1.865,0.029,395
51.1304,159.147,31.471,5.1,184,59.0,1.921,0.61,us,7.75,4.867,0.029,395
-22.5857,-179.736,567.806,4.2,15,108.0,5.244,0.66,us,19.56,12.129,0.166,10
13.8852,145.2884,120.493,4.1,23,150.0,0.503,0.44,us,10.88,7.533,0.123,18
-47.8412,116.1315,10.0,5.2,59,39.0,14.92,0.75,us,11.3,1.794,0.083,49
-6.8496,125.2921,520.496,4.5,76,37.0,3.06,0.44,us,9.5,7.327,0.064,75
-6.2308,129.7866,200.848,4.4,17,89.0,4.104,0.42,us,10.13,12.346,0.155,12
-29.7529,-71.8422,27.059,4.3,32,145.0,0.55,0.82,us,5.35,5.147,0.154,12
-31.8604,-72.2391,21.935,4.2,25,200.0,1.09,1.18,us,4.21,6.434,0.236,5
51.6296,159.8964,35.211,4.2,20,152.0,1.592,0.73,us,10.52,8.099,0.166,13
73.2412,6.5707,10.0,4.4,38,104.0,7.085,0.58,us,12.57,1.916,0.11,24
42.971,18.711,10.0,4.1,36,72.0,0.676,0.3,us,5.46,1.971,0.368,2
4.8375,126.4906,58.92,4.7,46,126.0,1.014,0.92,us,8.66,8.089,0.086,41
51.2241,159.1106,43.286,4.2,15,221.0,1.824,1.01,us,4.5,8.895,0.216,6
-1.5529,-77.7537,181.434,4.1,40,63.0,0.277,0.65,us,8.87,4.766,0.105,25
31.767,50.9071,10.0,4.4,53,123.0,5.495,0.56,us,11.84,1.923,0.077,49
-27.5818,-179.8993,471.278,4.1,13,123.0,9.969,0.33,us,21.34,11.711,0.165,11
51.418,161.1206,10.0,4.3,73,89.0,2.212,1.03,us,5.43,1.724,0.068,62
-16.9336,-178.345,455.142,4.0,35,66.0,2.236,0.68,us,14.53,8.544,0.095,34
-1.1202,127.4825,10.0,4.3,11,89.0,1.883,0.74,us,8.37,1.967,0.237,5
50.4798,157.7594,45.219,4.5,40,131.0,2.607,0.49,us,4.17,8.206,0.094,33
51.2399,159.3285,35.0,4.2,20,168.0,2.123,1.0,us,6.12,1.968,0.146,13
-6.3677,147.846,64.856,4.7,57,47.0,3.093,0.82,us,7.76,6.126,0.077,51
56.5393,-4.3366,10.0,3.9,13,203.0,1.381,0.74,us,6.34,1.993,0.513,1
51.5588,160.0252,10.0,4.4,21,127.0,1.693,0.6,us,5.32,1.914,0.149,13
52.1648,160.5199,26.845,4.4,14,153.0,1.428,0.6,us,10.93,8.255,0.179,9
51.2199,158.4085,35.0,4.6,33,127.0,1.812,0.96,us,7.09,1.871,0.094,34
51.3075,159.2253,52.424,4.5,14,241.0,1.755,1.01,us,12.94,10.18,0.192,8
52.3516,160.0326,41.261,4.7,70,143.0,1.078,0.96,us,10.47,7.166,0.064,73
36.5903,70.9303,199.268,4.1,47,90.0,2.118,0.51,us,6.45,8.49,0.109,24
-18.0339,-179.2761,632.66,4.1,23,120.0,2.56,0.68,us,17.58,10.638,0.123,18
51.1599,159.4698,10.0,4.1,22,216.0,1.934,1.08,us,9.69,1.975,0.157,13
-56.1936,-28.0196,118.051,5.0,58,67.0,5.21,0.9,us,11.69,6.518,0.074,61
-28.9353,-70.2263,133.648,4.2,26,54.0,0.422,0.84,us,5.67,7.924,0.264,4
53.0506,159.4767,70.87,4.8,77,105.0,0.5,0.6,us,10.1,6.785,0.033,279
52.2714,158.6845,64.8,4.3,19,164.0,0.753,1.03,us,11.02,8.879,0.168,10
-20.2638,-178.4018,594.8,4.3,55,97.0,4.187,0.88,us,14.62,7.648,0.066,67
-7.6478,123.9499,336.237,4.1,42,59.0,1.959,0.94,us,6.35,6.407,0.131,16
-19.0745,-179.0467,669.556,4.8,54,87.0,2.991,0.95,us,12.85,8.903,0.083,45
39.1821,28.2514,10.0,4.2,34,41.0,1.053,0.72,us,3.9,1.916,0.125,18
50.39,156.228,74.459,4.1,38,138.0,2.872,0.51,us,6.36,7.974,0.099,28
13.7451,-90.3911,94.68,4.3,55,160.0,3.034,0.65,us,9.24,4.667,0.08,44
83.2412,-32.7761,10.0,4.3,37,83.0,2.684,1.09,us,8.69,1.902,0.089,39
-53.2194,140.1271,10.0,4.6,21,139.0,11.375,0.66,us,10.15,1.932,0.125,20
35.2719,23.275,44.596,4.3,77,139.0,2.193,0.76,us,9.02,8.85,0.064,69
39.9544,143.5608,10.0,4.9,165,119.0,2.081,0.56,us,7.99,1.868,0.04,195
72.414,142.0095,10.0,5.1,311,28.0,4.147,0.79,us,8.9,1.861,0.025,540
-22.4091,-69.6874,70.56,4.0,19,161.0,0.364,0.49,us,7.13,4.491,0.231,5
52.8219,160.0439,69.386,4.3,18,137.0,0.868,0.61,us,11.58,8.49,0.188,8
24.2501,125.2549,28.258,4.4,43,80.0,0.939,0.79,us,7.4,6.033,0.112,23
-22.001,-175.6772,73.286,4.9,38,123.0,7.215,0.96,us,15.14,6.469,0.109,29
-23.4783,179.7963,554.606,4.2,85,121.0,5.933,0.65,us,12.74,5.103,0.072,54
-3.4245,68.2539,10.0,4.5,34,100.0,5.758,0.5,us,8.04,1.821,0.121,20
-5.5698,152.3977,10.0,4.2,21,157.0,1.389,0.86,us,7.85,1.602,0.147,16
-60.0289,-62.6546,10.0,4.6,16,94.0,4.807,0.67,us,8.02,1.907,0.206,9
52.3057,160.4866,34.72,4.0,15,137.0,1.877,0.38,us,11.53,6.72,0.163,10
-18.2942,-178.3418,577.516,4.4,24,93.0,2.835,0.71,us,16.98,12.092,0.12,20
52.7103,160.8178,35.0,4.0,26,172.0,1.351,0.59,us,7.49,1.985,0.125,17
51.6418,159.8988,10.0,4.4,26,138.0,1.582,1.22,us,10.21,1.936,0.127,18
-10.3735,154.122,10.0,4.0,11,163.0,5.814,0.99,us,10.34,1.983,0.195,8
-15.0574,-178.5268,420.677,4.4,17,144.0,2.468,0.69,us,11.66,9.057,0.139,15
-60.2135,-61.8745,10.0,5.1,50,94.0,4.687,0.77,us,11.11,1.804,0.09,40
2.7831,95.8988,10.0,4.4,9,133.0,3.023,0.51,us,16.19,1.964,0.269,4
49.9488,155.7143,82.536,4.5,80,124.0,3.398,0.42,us,10.17,7.5,0.057,91
-5.5494,147.3749,197.913,5.0,111,30.0,3.483,0.94,us,6.42,4.518,0.039,220
2.9959,128.2359,62.029,4.2,21,86.0,2.374,0.71,us,3.8,8.706,0.159,12
-22.0936,-68.617,121.752,4.0,19,85.0,0.651,0.7,us,4.06,6.374,0.183,8
49.1761,157.5701,10.0,4.5,39,138.0,3.912,0.73,us,9.04,1.816,0.099,30
50.1972,156.8465,57.122,4.1,39,147.0,2.963,0.48,us,10.81,3.477,0.102,28
51.2325,158.4987,35.0,4.2,22,125.0,1.796,1.12,us,9.4,1.947,0.167,12
29.343,129.308,10.0,4.8,47,69.0,2.375,1.15,us,6.56,1.781,0.065,73
39.5935,143.3965,10.0,4.6,106,120.0,2.149,0.48,us,7.19,1.872,0.057,91
50.1114,179.9086,10.0,3.9,76,149.0,1.655,0.6,us,6.64,1.924,0.07,59
50.3809,158.3908,10.0,4.4,34,132.0,2.651,0.69,us,10.81,1.919,0.108,25
51.4172,161.0597,10.0,4.1,35,129.0,2.187,0.51,us,6.68,1.856,0.091,33
49.9744,157.327,35.0,4.3,27,133.0,3.147,0.98,us,11.4,1.921,0.143,14
51.8747,-174.2378,83.682,3.4,37,199.0,0.328,0.43,us,9.08,10.456,0.186,7
51.2005,157.2175,87.431,4.1,30,134.0,1.934,0.7,us,11.68,8.125,0.12,19
27.3577,127.3827,132.756,4.5,90,67.0,0.948,0.83,us,8.03,6.987,0.062,76
52.3277,161.5303,10.0,4.4,21,135.0,1.887,0.62,us,13.76,1.941,0.134,16
45.2558,149.7259,75.248,4.6,21,146.0,5.134,1.44,us,13.71,7.988,0.158,12
30.5618,130.9918,45.075,4.7,71,138.0,1.052,0.69,us,10.93,5.62,0.057,95
49.8591,159.5088,10.0,4.2,37,136.0,3.214,0.54,us,8.27,1.849,0.11,23
-4.7912,114.7513,10.0,4.2,25,75.0,3.703,1.17,us,7.67,1.949,0.166,10
-7.083,129.2458,143.431,4.3,12,109.0,5.104,1.24,us,11.79,9.613,0.188,8
16.7792,41.0783,10.0,4.1,25,138.0,3.875,0.47,us,8.39,1.951,0.145,13
8.4092,-103.1554,10.0,4.4,150,203.0,10.136,0.61,us,13.59,1.951,0.045,142
52.877,160.775,20.19,4.2,23,171.0,1.294,1.25,us,12.54,6.997,0.137,17
52.5319,161.1206,10.0,4.3,31,121.0,1.579,1.35,us,9.84,1.881,0.113,22
53.4639,160.0373,70.746,4.2,28,163.0,0.943,0.7,us,13.62,10.476,0.112,22
-49.6431,122.0555,10.0,4.4,18,137.0,17.081,0.55,us,15.53,1.94,0.134,16
28.4214,104.816,35.0,4.4,41,89.0,4.483,0.45,us,10.78,1.943,0.096,31
-5.669,-11.5504,10.0,4.6,31,96.0,3.583,0.58,us,6.33,1.88,0.103,28
41.6929,142.7123,58.888,4.3,38,143.0,0.463,1.31,us,6.32,7.659,0.111,23
-16.543,-174.0424,164.566,4.4,26,116.0,3.409,1.02,us,6.23,10.459,0.117,21
53.4925,160.273,53.438,4.4,55,114.0,1.082,1.0,us,9.14,7.524,0.079,46
-29.4035,-176.5815,10.0,4.8,26,135.0,1.187,0.88,us,7.51,1.923,0.111,29
51.9752,160.3161,10.0,4.4,37,125.0,1.463,0.96,us,9.46,1.904,0.105,26
9.4768,-40.6669,10.0,4.4,13,101.0,12.646,0.91,us,10.8,1.946,0.169,10
9.3928,93.9439,10.0,5.0,101,43.0,5.097,0.56,us,8.1,1.848,0.049,132
-1.0068,125.8137,54.918,4.0,8,118.0,2.352,0.07,us,13.47,11.947,0.26,4
52.9969,159.7477,78.138,4.4,58,141.0,1.242,0.72,us,12.37,8.616,0.067,63
51.3084,159.7239,10.0,4.4,21,169.0,1.841,0.6,us,7.78,1.964,0.127,18
52.3281,160.2938,17.499,5.1,142,127.0,1.761,0.75,us,9.34,4.334,0.051,126
51.5331,159.9652,10.0,4.5,27,127.0,1.697,0.91,us,10.25,1.925,0.109,25
50.3116,157.6571,30.803,4.4,45,134.0,2.785,0.64,us,12.0,6.583,0.068,62
54.4052,-159.8028,25.199,3.9,34,198.0,0.444,0.38,us,5.67,11.573,0.295,3
50.3704,158.5853,10.0,4.3,76,133.0,2.657,0.64,us,8.82,1.891,0.053,100
-23.0795,-174.9504,10.0,4.7,30,100.0,6.153,0.57,us,13.66,1.889,0.108,26
51.5505,160.3305,10.0,4.2,34,193.0,1.8,0.94,us,13.35,1.979,0.107,24
-16.4915,-173.5353,38.097,4.1,28,100.0,3.075,0.64,us,10.15,7.092,0.12,19
41.2787,142.398,54.639,4.5,84,141.0,0.93,0.45,us,7.14,7.655,0.067,66
9.7939,-70.7598,10.0,4.4,39,92.0,0.913,0.68,us,7.53,1.91,0.117,21
52.169,160.3911,10.0,4.3,23,123.0,1.364,1.06,us,6.71,1.912,0.114,22
-7.1183,104.881,37.684,4.2,20,148.0,1.99,1.06,us,8.65,6.95,0.137,16
-47.7615,116.0503,10.0,4.3,15,142.0,14.844,0.52,us,12.75,1.86,0.16,11
-60.075,-62.4621,10.0,4.8,22,133.0,4.774,0.85,us,9.47,1.862,0.131,19
51.3799,159.6621,10.0,4.4,33,123.0,1.76,0.58,us,7.59,1.864,0.127,18
52.2373,160.1504,35.0,4.8,52,134.0,1.207,1.04,us,10.84,1.924,0.069,65
-2.3586,139.0398,34.73,4.1,21,96.0,1.003,0.75,us,7.38,5.756,0.151,14
-7.7428,129.0868,82.62,4.3,24,37.0,5.166,0.91,us,8.96,7.702,0.126,18
51.4017,159.6648,19.591,5.0,67,121.0,1.74,0.83,us,9.66,5.108,0.076,56
54.4343,165.77,10.0,4.6,91,103.0,4.458,0.59,us,9.73,1.875,0.052,111
-5.9522,146.9104,102.019,4.2,18,126.0,3.439,0.75,us,10.07,9.437,0.158,12
53.1348,161.5712,10.0,4.4,31,153.0,1.766,0.63,us,10.35,1.922,0.115,22
52.4951,160.8899,10.0,5.4,99,109.0,1.46,1.35,us,7.04,1.728,0.029,390
13.7989,144.8952,125.792,4.4,35,81.0,0.21,0.71,us,9.74,4.731,0.106,26
49.0853,155.4038,79.228,4.7,125,134.0,4.28,0.73,us,10.0,6.926,0.033,286
49.7936,155.8633,69.691,4.6,55,135.0,3.512,0.33,us,12.34,7.44,0.05,122
-31.7004,-69.6064,123.228,4.2,32,73.0,0.813,1.07,us,4.65,3.664,0.264,4
4.9609,125.3608,25.018,4.8,73,95.0,0.255,0.55,us,4.3,4.81,0.072,60
13.8675,39.9046,10.0,4.3,40,96.0,3.693,0.81,us,9.57,1.921,0.1,28
-10.6787,110.1796,10.0,4.2,27,102.0,3.615,0.72,us,8.41,1.907,0.132,18
53.4759,160.134,59.949,4.3,46,114.0,1.0,0.49,us,11.84,8.662,0.08,45
-20.7833,-67.3413,204.816,4.1,23,88.0,1.815,0.52,us,9.34,17.911,0.368,2
-6.8978,129.9973,108.8,4.3,10,121.0,4.544,0.45,us,8.17,10.504,0.377,2
-59.079,-25.4283,35.0,4.9,48,79.0,7.753,0.47,us,6.44,1.903,0.084,45
5.6861,-77.8684,10.0,4.2,17,124.0,2.38,1.3,us,6.56,1.789,0.136,15
33.2906,132.2414,50.631,4.5,62,81.0,1.435,0.65,us,5.48,7.525,0.067,67
-35.5189,-178.9917,10.0,4.2,10,260.0,2.982,0.41,us,14.88,2.002,0.216,6
29.917,99.7797,10.0,4.2,33,128.0,6.862,0.79,us,5.08,1.937,0.112,22
53.2139,160.1316,58.5,4.8,78,134.0,0.913,0.6,us,9.07,6.748,0.054,107
-13.715,166.4729,10.0,5.0,56,51.0,1.861,0.75,us,9.02,1.87,0.057,97
53.7772,160.4941,58.333,4.3,17,168.0,1.338,0.59,us,15.39,12.626,0.177,9
50.6975,158.3757,26.399,4.3,80,121.0,2.335,0.67,us,8.8,5.427,0.067,65
-24.733,-175.8026,35.0,4.7,26,214.0,4.878,0.53,us,10.49,1.979,0.126,21
-22.9061,-66.7678,213.249,4.2,20,113.0,1.302,1.06,us,10.3,8.258,0.159,11
52.5616,160.7597,10.0,4.5,56,116.0,1.362,0.84,us,9.32,1.895,0.062,78
-18.8887,-69.122,127.099,4.2,28,79.0,0.661,0.85,us,4.87,4.205,0.128,17
24.0592,125.9035,10.0,5.1,51,119.0,1.557,0.95,us,8.12,1.858,0.064,78
42.295,144.5442,40.707,4.3,58,170.0,2.315,0.57,us,8.94,9.55,0.079,45
36.1881,69.0821,10.0,4.7,97,56.0,1.67,0.97,us,6.63,1.859,0.061,82
85.2524,96.4465,10.0,4.3,40,75.0,11.217,0.5,us,10.68,1.927,0.097,30
10.0457,125.8534,87.356,4.7,60,114.0,2.969,0.68,us,10.6,7.251,0.054,104
-17.5274,-16.221,10.0,5.0,57,51.0,9.707,0.72,us,9.41,0.926,0.065,76
-56.0013,-27.6013,105.358,4.5,29,100.0,5.38,0.36,us,13.21,9.396,0.102,28
51.2306,159.7408,10.0,4.4,20,253.0,1.917,1.15,us,14.8,1.999,0.134,16
23.0925,143.4046,35.0,4.4,20,121.0,4.136,0.79,us,15.21,1.941,0.144,14
-20.4344,-177.9988,496.313,4.5,57,117.0,4.593,0.61,us,14.47,6.241,0.076,51
53.1649,160.8182,35.0,4.2,18,194.0,1.315,0.82,us,12.17,1.99,0.175,9
36.5615,71.0773,199.491,4.2,57,95.0,2.584,0.58,us,5.17,8.594,0.09,34
16.5838,-100.7307,10.0,4.3,69,196.0,0.688,1.18,us,5.57,1.922,0.047,128
-5.3309,152.5022,35.0,4.3,31,154.0,1.123,1.06,us,11.1,1.937,0.102,28
-23.4049,178.8971,565.388,5.1,75,86.0,5.687,0.68,us,11.93,8.69,0.038,228
52.0656,161.6507,10.0,4.1,17,125.0,2.068,0.41,us,9.14,1.911,0.184,9
10.8677,-62.8177,164.958,4.1,37,164.0,4.17,0.89,us,6.8,10.796,0.095,30
52.5972,161.0003,35.0,4.1,16,137.0,1.489,0.66,us,10.86,1.956,0.151,12
51.1507,159.343,10.0,4.3,34,185.0,1.924,1.39,us,11.62,1.983,0.107,25
51.3285,159.4095,10.0,4.5,33,230.0,1.761,0.81,us,10.03,1.962,0.097,31
28.2414,65.5886,10.0,4.2,34,177.0,9.017,0.64,us,7.54,1.955,0.105,25
53.3141,153.4003,486.822,4.1,11,122.0,2.593,0.55,us,22.16,16.995,0.262,4
-17.778,168.2859,63.396,4.6,102,100.0,2.54,0.5,us,8.54,7.159,0.059,86
36.1945,140.8465,38.872,4.6,67,124.0,2.157,0.67,us,6.7,7.021,0.076,52
-58.1218,-26.0536,89.699,4.4,19,142.0,19.086,0.45,us,12.62,7.842,0.131,17
-6.652,131.1086,54.233,4.3,8,153.0,2.431,0.33,us,15.0,8.996,0.306,3
49.3182,155.4996,73.373,4.6,93,169.0,4.039,0.61,us,12.56,8.852,0.051,112
49.1729,157.7286,10.0,4.3,36,137.0,3.899,0.61,us,10.39,1.909,0.111,28
-8.0859,119.191,9.922,4.1,17,59.0,1.582,1.05,us,4.44,5.196,0.184,8
52.3921,160.8318,10.0,4.1,37,151.0,1.47,0.92,us,8.48,1.817,0.107,24
7.0726,126.8975,68.326,5.0,66,103.0,1.308,0.8,us,7.93,4.033,0.048,137
51.3567,160.5658,10.0,4.3,15,192.0,2.044,0.94,us,13.21,1.995,0.177,9
37.7812,72.0809,133.289,4.3,24,128.0,0.619,0.83,us,8.25,6.79,0.16,11
49.8458,155.3023,100.54,4.5,34,135.0,3.594,0.58,us,11.58,7.938,0.075,52
6.8587,127.0432,56.7,4.5,57,109.0,1.468,1.07,us,9.77,7.494,0.077,49
50.2826,159.0167,10.0,4.0,34,134.0,2.754,0.6,us,9.79,1.905,0.111,22
2.8455,-31.3401,10.0,4.3,30,79.0,9.745,0.85,us,10.9,1.8,0.109,24
49.9329,157.3474,27.075,4.6,54,136.0,3.187,0.47,us,10.99,5.716,0.05,122
37.7572,144.3239,10.0,4.3,17,159.0,3.945,0.39,us,5.16,1.952,0.169,10
52.0022,160.335,35.0,4.3,24,124.0,1.451,0.68,us,7.06,1.938,0.137,15
6.7319,-72.9942,168.406,4.3,43,86.0,2.293,0.7,us,9.69,7.438,0.075,51
52.3103,160.586,10.0,4.8,72,123.0,1.93,1.01,us,8.82,1.882,0.061,82
-27.416,-177.087,74.662,4.4,22,141.0,1.967,1.12,us,12.57,6.86,0.11,24
52.5692,160.3292,10.0,4.2,72,121.0,1.117,0.75,us,9.42,1.889,0.066,65
5.3311,124.7375,15.643,4.3,24,98.0,0.948,1.08,us,6.73,2.979,0.137,15
52.7189,159.245,82.882,4.4,31,170.0,0.472,0.56,us,8.49,6.784,0.109,24
26.1958,125.128,185.198,4.6,58,53.0,1.981,0.83,us,7.94,7.904,0.069,71
37.8343,20.0575,38.519,4.3,46,134.0,1.623,1.24,us,6.27,10.016,0.103,27
42.4932,-28.8979,10.0,4.5,18,81.0,5.385,0.9,us,5.41,1.924,0.145,14
51.8636,158.5225,72.11,4.1,44,118.0,1.164,0.8,us,9.52,7.547,0.082,43
32.3352,141.8054,10.0,4.3,23,145.0,1.85,0.84,us,7.82,1.926,0.178,9
36.4807,23.0629,51.123,4.1,49,108.0,1.148,0.81,us,6.77,8.899,0.101,27
-11.0719,163.5732,10.0,4.4,20,127.0,3.92,1.2,us,8.88,1.964,0.149,13
-45.038,166.1316,13.184,4.6,30,89.0,0.838,0.86,us,4.31,5.13,0.141,15
52.2858,160.5623,11.31,4.8,133,123.0,1.379,0.59,us,9.71,4.969,0.047,140
51.7662,160.4217,10.0,5.3,97,126.0,1.663,0.99,us,8.13,1.808,0.022,661
-47.7426,115.921,10.0,4.1,18,142.0,14.832,1.01,us,15.5,1.947,0.14,15
-51.466,-71.8477,10.0,4.1,20,147.0,1.404,0.69,us,9.8,1.937,0.131,16
-26.6535,-175.638,10.0,4.5,20,121.0,9.195,0.44,us,7.67,1.895,0.14,15
-58.9791,-149.8336,10.0,4.6,23,108.0,23.689,0.66,us,14.75,1.915,0.119,21
49.6716,157.6478,22.252,4.2,32,135.0,3.415,1.3,us,10.62,5.868,0.113,22
49.4872,156.3144,35.049,4.1,26,230.0,3.729,0.73,us,14.91,10.639,0.131,16
52.3144,159.5397,35.0,5.7,39,58.0,0.893,0.98,us,9.24,1.89,0.12,25
1.063,125.5336,78.756,4.5,48,65.0,0.79,0.86,us,5.83,6.586,0.09,36
29.3264,131.8035,10.0,4.6,91,67.0,2.469,0.45,us,5.14,1.862,0.067,73
50.3319,159.625,10.0,4.4,44,134.0,2.763,0.58,us,9.8,1.913,0.073,54
51.4533,-176.2775,35.0,3.7,49,201.0,0.417,0.61,us,3.97,1.997,0.19,7
49.876,155.7349,86.888,4.5,68,135.0,3.462,0.64,us,11.03,7.511,0.042,167
-55.6948,-28.0794,34.514,5.4,118,39.0,5.044,0.7,us,10.25,3.717,0.059,100
29.3294,129.3861,10.0,4.4,41,56.0,2.36,0.91,us,7.36,1.9,0.105,26
-22.3515,-179.5451,589.473,4.7,89,69.0,5.109,0.69,us,9.17,6.896,0.034,263
-16.1216,-73.2617,101.436,4.8,62,139.0,3.576,0.68,us,8.74,7.173,0.049,130
22.8791,94.4717,99.301,4.8,94,64.0,4.817,0.71,us,9.03,6.922,0.056,100
3.45,122.7234,540.502,4.2,74,39.0,2.905,0.64,us,9.88,8.092,0.069,60
54.6464,160.4206,10.0,4.1,27,142.0,1.935,0.51,us,13.37,1.932,0.087,36
50.2242,158.2649,10.0,4.2,17,161.0,2.813,0.68,us,9.75,1.949,0.175,9
-37.4434,51.3136,10.0,4.8,44,43.0,18.702,0.37,us,10.47,1.478,0.088,40
45.9826,150.8201,129.505,4.3,45,125.0,5.653,0.95,us,10.47,8.194,0.087,37
10.5728,125.5362,10.0,4.6,41,109.0,5.802,0.57,us,6.54,1.873,0.088,38
52.441,160.4984,10.0,4.3,16,209.0,1.266,0.77,us,10.03,1.999,0.147,13
36.7938,141.287,43.945,4.5,67,114.0,1.679,0.73,us,8.35,7.822,0.073,54
8.8122,-71.2831,14.52,4.4,34,72.0,0.645,0.82,us,5.49,4.671,0.134,16
-10.611,161.4664,34.026,4.2,29,111.0,1.896,0.74,us,9.78,6.141,0.115,21
47.4515,-128.8479,10.0,3.4,24,215.0,0.504,0.82,us,3.41,2.008,0.489,1
50.0553,158.5474,10.0,4.3,28,138.0,2.973,0.58,us,9.61,1.925,0.119,20
15.3857,120.1378,64.159,4.9,163,73.0,7.446,0.73,us,9.97,6.392,0.045,155
-14.9242,-75.7626,35.0,5.1,100,131.0,3.102,0.69,us,8.75,1.909,0.038,221
52.3385,159.7178,35.0,4.3,42,134.0,0.945,0.98,us,11.3,1.945,0.098,29
-5.0217,149.9816,10.0,4.3,13,151.0,2.158,0.65,us,9.65,1.917,0.169,10
-20.5498,-177.7108,533.717,4.2,32,151.0,4.88,0.85,us,14.67,10.288,0.106,25
-59.2708,-25.9853,35.0,4.3,18,177.0,15.551,0.71,us,12.0,1.957,0.133,16
36.6145,140.7705,78.872,4.3,56,132.0,2.063,0.54,us,9.65,6.652,0.081,44
52.273,160.0847,35.0,4.2,22,162.0,1.153,0.74,us,9.18,1.956,0.159,11
13.7314,-90.3793,78.589,4.6,67,122.0,0.607,0.96,us,8.63,7.475,0.072,58
9.1369,-83.7868,50.232,4.3,36,128.0,0.638,0.62,us,7.57,8.797,0.111,23
16.5525,-59.4467,10.0,4.2,18,270.0,1.572,0.47,us,10.26,2.006,0.264,4
53.0958,159.8413,60.141,4.9,102,132.0,0.723,0.8,us,9.92,6.752,0.06,87
36.739,54.7048,10.0,4.6,58,104.0,2.968,1.2,us,6.77,1.876,0.058,88
-22.5402,-67.6083,183.726,4.2,22,104.0,0.667,0.69,us,10.09,7.152,0.16,11
-18.6545,169.1891,249.57,4.0,30,94.0,3.712,0.73,us,9.14,4.769,0.113,21
50.9168,159.419,20.646,4.4,13,130.0,2.163,0.52,us,10.71,6.73,0.218,6
64.709,-49.3021,10.0,4.4,78,36.0,2.36,0.58,us,4.38,1.891,0.07,58
19.6703,122.4804,171.669,4.1,34,141.0,3.393,0.45,us,12.23,9.169,0.112,22
50.173,159.0513,10.0,5.2,122,129.0,2.865,0.97,us,6.54,1.796,0.049,141
-6.2751,129.0844,234.262,4.5,67,53.0,4.589,0.55,us,8.57,7.539,0.084,41
39.8143,140.3285,10.0,4.3,17,156.0,1.125,0.66,us,6.22,1.928,0.2,7
51.7025,159.1251,60.521,5.1,58,127.0,1.355,0.65,us,10.95,7.016,0.071,64
-3.7474,-80.9351,25.8,4.4,61,107.0,2.075,0.78,us,7.84,6.341,0.073,55
52.4685,160.8317,10.0,4.3,29,219.0,1.438,0.67,us,15.05,2.002,0.119,20
3.0448,128.8654,10.0,4.5,29,95.0,3.772,0.62,us,5.62,1.919,0.131,17
52.3144,160.15,31.091,4.5,46,134.0,1.157,0.63,us,11.51,6.198,0.098,31
40.9934,78.2595,10.0,4.4,42,157.0,0.752,0.93,us,5.57,1.916,0.105,26
52.9382,160.4617,35.0,4.3,26,208.0,1.099,1.21,us,7.12,2.0,0.129,17
7.1025,-82.283,10.0,4.8,83,86.0,3.127,0.73,us,6.65,1.885,0.044,160
5.3262,125.9846,100.462,4.3,15,151.0,0.775,0.7,us,9.15,6.49,0.177,9
-23.1093,-177.0071,170.159,4.8,20,172.0,7.066,0.91,us,18.14,5.451,0.135,19
-17.6985,-175.1059,226.129,4.2,20,88.0,4.943,0.4,us,10.29,13.794,0.128,17
-19.9065,-177.9182,550.22,4.4,46,122.0,4.275,0.57,us,14.72,9.368,0.084,46
-20.5834,-177.8937,487.173,4.2,28,99.0,4.759,0.99,us,14.92,12.752,0.113,22
9.3798,93.9613,10.0,4.6,21,81.0,5.626,0.74,us,12.16,1.9,0.151,13
-11.0965,113.3877,10.0,4.3,28,101.0,2.716,0.85,us,7.53,1.942,0.169,10
51.2863,159.087,35.0,4.3,22,226.0,1.76,0.92,us,13.02,1.986,0.137,15
-58.926,-26.2034,126.3,5.5,121,38.0,7.335,0.56,us,8.83,4.108,0.054,120
52.1808,160.4261,10.0,4.4,18,166.0,1.373,1.19,us,13.63,1.948,0.127,18
52.8077,160.0515,47.331,4.4,33,119.0,0.876,1.04,us,6.89,7.201,0.093,33
-20.7789,-178.4451,577.053,4.5,77,136.0,4.478,0.59,us,13.24,6.454,0.072,56
49.6153,155.5725,80.832,4.2,36,133.0,3.743,0.55,us,13.92,9.977,0.085,39
52.587,160.5846,32.647,4.3,52,137.0,1.826,0.83,us,12.43,6.265,0.083,41
24.0687,126.2927,10.0,4.8,47,136.0,1.904,0.81,us,8.44,1.91,0.071,63
12.9202,144.9144,46.114,4.2,18,102.0,2.452,0.4,us,12.74,9.707,0.166,10
-20.3151,-70.2925,42.628,4.4,19,174.0,1.045,0.59,us,4.81,10.901,0.309,3
52.2573,160.3981,10.0,4.4,44,152.0,1.313,0.78,us,9.33,1.897,0.095,32
16.3593,120.3454,89.939,4.2,20,191.0,6.462,0.45,us,23.3,13.033,0.176,9
50.9933,158.249,35.0,4.5,26,137.0,2.048,0.67,us,14.27,1.934,0.067,66
34.329,7.478,10.0,4.5,51,94.0,2.076,0.94,us,9.0,1.879,0.071,58
32.0486,56.3493,10.0,4.6,73,149.0,6.044,0.65,us,10.58,1.919,0.072,57
51.6531,159.3432,35.0,5.1,57,126.0,1.437,0.91,us,8.87,1.91,0.081,50
52.9094,160.5623,35.0,4.1,24,165.0,1.162,0.8,us,13.12,1.981,0.126,17
51.914,160.1233,35.0,4.7,42,187.0,1.431,1.0,us,9.38,1.964,0.07,63
16.9906,-94.3742,118.476,4.5,55,119.0,0.392,1.12,us,7.34,5.344,0.042,165
41.0497,49.066,65.45,4.0,24,73.0,1.716,0.74,us,8.27,10.063,0.102,26
-36.9648,179.0732,10.0,4.4,24,210.0,0.854,1.19,us,5.29,1.931,0.189,10
8.808,126.6066,55.608,4.5,58,47.0,2.005,0.52,us,9.65,5.488,0.082,44
21.2891,101.6636,10.0,4.3,38,67.0,1.603,1.07,us,6.66,1.875,0.126,18
3.43,126.0536,69.487,4.4,26,127.0,1.415,0.61,us,6.81,9.027,0.126,18
14.1402,-89.8738,10.0,4.3,58,125.0,0.254,1.0,us,8.86,1.975,0.083,41
52.274,160.4942,10.0,4.2,25,123.0,1.351,0.91,us,7.17,1.804,0.128,17
51.4645,157.5154,65.98,4.4,23,248.0,1.65,1.29,us,10.22,12.048,0.117,21
52.1655,160.3738,10.0,4.9,167,134.0,1.358,0.77,us,8.79,1.875,0.045,153
11.2535,124.1286,10.0,4.6,60,82.0,4.397,0.69,us,11.79,1.882,0.066,69
45.4527,153.3985,10.0,4.3,18,156.0,7.803,1.07,us,14.97,1.955,0.154,12
43.5116,147.8876,35.0,4.9,60,135.0,3.79,0.75,us,10.4,1.916,0.056,100
53.292,159.8184,68.213,4.4,75,116.0,0.753,0.58,us,9.59,6.918,0.06,80
3.5115,126.6778,43.232,4.5,29,93.0,1.704,0.69,us,6.41,8.025,0.095,32
52.3174,160.1852,30.832,4.7,47,134.0,1.172,0.92,us,10.45,6.04,0.085,42
3.0571,-31.3417,10.0,4.9,63,46.0,9.931,0.6,us,10.53,1.856,0.06,87
39.2316,144.806,10.0,4.6,50,135.0,3.05,0.7,us,8.26,1.89,0.073,68
-6.433,130.4255,114.31,4.1,8,125.0,3.935,0.46,us,14.4,12.734,0.301,3
-13.9153,34.6102,10.0,4.6,36,65.0,6.363,0.71,us,9.78,1.9,0.125,19
52.8545,161.1417,10.0,5.4,105,119.0,1.517,1.2,us,7.66,1.839,0.027,464
-10.2699,161.4662,87.959,4.2,31,109.0,1.709,0.74,us,10.5,7.893,0.121,20
-14.801,-174.5932,233.96,4.4,19,179.0,2.865,0.56,us,13.48,10.138,0.13,17
-17.6329,-178.9422,540.001,4.3,36,132.0,1.981,0.72,us,17.02,8.061,0.097,33
52.2203,160.4333,31.78,4.7,102,149.0,1.352,0.77,us,9.67,5.969,0.046,144
52.1655,160.4718,29.832,4.4,31,124.0,1.405,1.2,us,8.74,4.406,0.103,30
-33.5996,-178.5892,15.196,5.2,70,112.0,4.693,0.89,us,10.76,4.337,0.075,61
5.936,125.905,120.417,4.6,81,51.0,1.172,0.99,us,6.01,6.229,0.076,52
49.955,158.7114,10.0,4.0,23,138.0,3.073,0.74,us,13.44,1.942,0.139,14
40.2852,24.1773,14.279,4.1,38,68.0,1.306,0.93,us,5.67,5.716,0.233,5
12.9323,145.4073,10.0,4.4,43,117.0,0.838,0.42,us,4.7,1.919,0.093,33
-23.5503,-179.7992,549.106,4.4,39,117.0,5.932,0.8,us,13.18,8.384,0.089,36
54.9499,161.8599,55.204,4.3,27,133.0,2.705,0.64,us,12.86,7.952,0.116,21
22.9851,63.5117,10.0,4.1,21,146.0,6.962,0.51,us,14.55,1.955,0.135,15
-24.1014,-67.1654,196.088,4.5,35,64.0,1.475,0.75,us,6.48,8.15,0.145,14
54.5132,-160.2302,35.0,3.9,36,213.0,0.49,1.05,us,5.16,1.935,0.142,13
16.7051,59.7787,10.0,4.7,94,99.0,8.853,0.85,us,10.27,1.878,0.049,125
-6.0555,151.7754,10.0,4.7,60,52.0,1.892,1.03,us,7.16,1.872,0.076,53
9.1574,93.9195,10.0,4.6,82,49.0,4.925,0.3,us,8.67,1.842,0.062,79
9.0054,-83.9276,25.007,4.7,56,137.0,0.735,0.84,us,8.02,6.142,0.08,47
43.4728,147.9039,44.501,4.4,41,134.0,3.787,0.54,us,12.98,8.205,0.088,37
29.1776,129.4011,10.0,4.5,66,56.0,2.495,0.51,us,6.84,1.895,0.08,46
60.366,-58.5403,10.0,4.5,34,139.0,5.15,0.52,us,9.74,1.968,0.101,29
28.1957,57.4037,10.0,4.4,96,104.0,3.411,1.05,us,10.28,1.888,0.06,79
2.0449,126.6728,35.0,4.6,57,97.0,1.442,1.05,us,5.35,1.877,0.082,45
-20.8101,68.502,10.0,4.3,19,144.0,4.93,0.27,us,14.83,1.936,0.161,11
50.8083,159.4247,10.0,4.3,39,136.0,2.27,1.0,us,14.43,1.945,0.086,38
52.0987,161.5807,10.0,4.4,57,125.0,2.014,0.67,us,9.88,1.896,0.06,82
49.9239,159.3342,10.0,4.6,43,109.0,3.133,0.54,us,9.81,1.866,0.054,103
7.3667,126.8047,78.369,4.4,42,74.0,1.251,0.82,us,5.25,8.182,0.098,30
52.1093,160.947,10.0,4.6,50,124.0,1.674,1.16,us,8.06,1.693,0.05,144
52.4948,160.7915,38.703,4.9,108,117.0,1.405,0.66,us,9.2,6.844,0.04,198
-9.6707,152.7941,10.0,4.7,37,159.0,5.564,0.59,us,9.54,1.867,0.105,28
-5.0265,151.3343,144.05,4.5,42,61.0,1.171,0.88,us,8.96,7.422,0.093,34
-17.3978,-70.5794,10.0,4.5,29,135.0,0.994,0.87,us,5.25,1.875,0.121,20
52.3142,159.1879,82.068,4.1,23,137.0,0.782,0.97,us,10.47,7.116,0.131,18
50.7677,158.3223,29.636,4.2,47,130.0,2.268,0.56,us,7.91,6.422,0.09,34
40.674,145.1876,10.0,4.5,73,135.0,2.033,0.67,us,5.44,1.887,0.076,51
32.25,142.1296,10.0,4.6,53,138.0,2.135,0.82,us,6.83,1.842,0.093,34
51.9185,159.9547,47.801,4.4,26,167.0,1.364,1.05,us,10.03,4.272,0.135,16
-57.9221,-25.3104,46.851,5.0,74,45.0,7.234,0.47,us,9.67,2.599,0.074,58
5.3113,94.4019,42.621,4.9,62,97.0,2.536,0.8,us,8.84,7.467,0.071,62
-9.7217,152.6903,10.0,4.5,37,122.0,5.464,0.85,us,10.84,1.906,0.102,28
16.4971,-59.6557,10.0,4.4,36,126.0,1.366,0.5,us,9.13,1.926,0.138,15
-35.6119,-179.602,10.0,4.4,20,226.0,2.573,1.25,us,10.39,1.921,0.144,14
-20.9565,-70.5112,29.639,4.3,27,143.0,0.361,1.02,us,5.96,5.757,0.122,19
-5.439,153.1298,10.0,4.4,33,83.0,1.57,0.76,us,9.07,1.893,0.114,24
6.7524,-72.9558,162.717,4.3,36,121.0,2.331,0.84,us,9.04,7.851,0.089,36
51.7781,159.7399,35.0,4.7,36,125.0,1.415,0.64,us,7.1,1.804,0.111,25
-7.0885,155.8877,133.175,4.5,47,98.0,4.647,0.93,us,9.86,7.643,0.085,41
-18.3541,-71.4343,56.74,4.3,23,157.0,1.038,0.69,us,8.6,8.931,0.132,16
7.0351,127.1939,10.0,5.1,85,43.0,1.603,0.85,us,6.21,1.858,0.051,123
-7.1001,129.3331,171.476,4.3,23,72.0,2.623,0.82,us,9.63,9.758,0.129,17
-10.2765,161.1285,71.424,5.2,95,96.0,1.431,0.42,us,10.36,6.01,0.049,138
-17.7013,-178.4067,544.845,4.4,36,124.0,2.45,0.82,us,15.23,9.27,0.1,29
14.7315,-94.1948,10.0,4.5,148,155.0,2.115,0.64,us,7.88,1.91,0.047,132
52.1725,160.7874,10.0,5.0,35,124.0,1.558,0.88,us,7.66,1.891,0.08,50
1.0561,125.534,72.012,4.6,77,64.0,0.794,0.88,us,5.7,6.28,0.055,101
-30.2266,-177.7746,75.21,4.8,28,198.0,8.008,0.74,us,16.56,4.432,0.119,22
12.6049,-89.8876,10.0,4.5,96,179.0,1.294,0.6,us,6.06,1.959,0.053,103
-55.692,-4.1508,10.0,4.2,11,88.0,16.052,0.45,us,15.12,1.956,0.159,11
-10.6655,-74.9361,35.0,4.6,84,63.0,2.285,0.82,us,6.32,1.843,0.069,66
51.9886,-171.3769,41.754,3.5,40,192.0,1.22,0.91,us,8.22,12.619,0.117,18
-14.138,167.2447,196.569,4.4,31,161.0,1.302,0.92,us,14.67,7.759,0.106,27
50.5344,157.9461,35.0,4.2,17,164.0,2.531,0.99,us,9.98,1.972,0.186,8
60.5247,-139.836,4.192,4.3,59,46.0,0.478,0.64,us,2.43,5.733,0.377,3
22.9136,93.8678,76.811,4.3,12,149.0,1.958,0.18,us,11.22,9.031,0.238,6
30.6605,142.7651,10.0,4.4,39,130.0,3.506,0.85,us,8.44,1.891,0.085,40
-57.6755,157.4881,10.0,4.3,13,145.0,3.287,0.88,us,10.55,1.948,0.2,7
61.1631,-27.8186,10.0,4.3,29,162.0,4.659,0.78,us,11.63,1.95,0.113,22
-5.5857,150.1914,147.84,4.8,69,66.0,2.226,0.81,us,8.05,6.838,0.051,117
11.6266,-86.3268,76.518,4.3,28,132.0,0.525,0.67,us,4.94,6.894,0.091,34
-56.8159,-68.4705,10.0,5.0,66,146.0,1.947,0.52,us,9.49,1.893,0.074,58
51.6114,159.5838,25.735,4.5,64,115.0,1.526,1.16,us,8.6,5.421,0.067,64
52.0653,160.4067,10.0,4.8,75,150.0,1.439,1.06,us,5.83,1.912,0.047,143
-56.0172,-26.6096,10.0,5.3,74,68.0,5.924,0.94,us,10.73,1.09,0.062,90
-30.1108,-177.9014,32.307,4.7,16,252.0,8.072,1.21,us,15.65,6.962,0.133,18
54.5195,-160.086,35.0,4.4,57,158.0,0.425,0.56,us,4.93,1.947,0.13,17
52.0083,159.9324,35.0,4.9,53,156.0,1.753,1.15,us,7.25,1.89,0.064,98
50.6544,157.3392,60.903,4.3,30,222.0,2.468,0.6,us,12.72,9.138,0.096,31
11.0423,123.8836,10.0,4.5,53,73.0,4.288,0.53,us,8.89,1.839,0.088,38
-52.7147,18.8986,10.0,4.5,13,134.0,20.37,0.77,us,17.7,1.931,0.164,11
51.1298,159.5285,10.0,4.2,33,135.0,1.972,0.73,us,11.0,1.922,0.106,25
-24.4566,-179.4699,478.47,4.6,18,144.0,7.067,0.47,us,12.06,12.502,0.105,27
52.5327,160.8379,10.0,4.2,25,150.0,1.417,0.4,us,7.31,1.931,0.141,14
51.2261,160.9503,10.0,4.7,93,123.0,2.291,0.49,us,7.46,1.906,0.058,89
51.8242,159.6653,27.956,4.6,44,124.0,1.352,0.91,us,10.34,6.158,0.078,49
2.5521,67.763,10.0,4.3,14,235.0,5.615,1.23,us,10.5,2.008,0.154,14
53.049,159.9976,53.076,4.5,111,132.0,0.814,0.84,us,9.54,6.926,0.054,103
51.6421,160.0768,10.0,4.7,118,73.0,1.637,0.7,us,7.67,1.866,0.053,106
28.335,142.823,10.0,4.5,17,158.0,1.358,1.03,us,9.35,1.947,0.191,8
-23.4224,178.8889,545.272,5.0,121,45.0,5.703,0.77,us,10.29,5.663,0.042,180
-17.1353,-178.6975,532.874,4.2,38,174.0,1.963,1.29,us,16.68,9.994,0.1,28
36.5792,70.8055,217.6,4.4,64,78.0,2.187,0.77,us,7.69,7.1,0.054,101
53.4673,-165.899,51.702,3.6,44,163.0,0.523,1.19,us,5.26,8.326,0.167,10
6.5814,94.2449,87.227,4.3,33,111.0,3.005,1.0,us,13.49,4.944,0.114,22
11.6672,141.4627,10.0,4.4,18,132.0,3.834,1.33,us,14.64,1.942,0.178,9
34.705,70.7777,10.0,4.7,124,79.0,1.368,0.58,us,7.84,1.845,0.053,108
50.4496,159.0006,10.0,4.7,47,133.0,2.587,0.89,us,10.27,1.916,0.089,38
52.5234,160.7272,10.0,4.7,31,121.0,1.358,0.91,us,6.22,1.919,0.101,30
26.4927,140.471,385.072,4.7,111,21.0,1.645,0.79,us,8.63,6.186,0.025,478
51.3574,158.7471,27.701,4.2,40,132.0,1.67,0.61,us,11.44,6.704,0.1,28
51.8396,158.7165,60.623,4.2,49,134.0,1.186,0.72,us,9.17,7.477,0.061,76
34.8011,26.4845,54.9,4.2,28,165.0,0.928,0.68,us,7.03,9.399,0.199,7
31.4219,139.9912,124.394,4.3,54,116.0,1.695,0.95,us,9.68,8.761,0.084,40
-5.7213,111.3007,511.07,4.1,39,48.0,0.777,0.9,us,12.28,8.381,0.117,23
53.112,161.0612,27.877,4.2,32,124.0,1.458,0.67,us,11.16,6.325,0.096,30
50.1129,158.7514,10.0,4.3,39,138.0,2.915,0.6,us,11.9,1.926,0.101,28
53.4806,-164.8047,35.0,3.4,39,165.0,1.075,0.6,us,7.68,2.002,0.147,11
-6.4242,128.1732,381.771,4.0,24,68.0,5.09,0.47,us,6.23,10.62,0.173,9
51.5172,159.2225,55.549,4.2,28,139.0,1.549,0.6,us,11.97,7.872,0.121,19
9.6343,126.5531,12.436,4.5,13,89.0,2.724,0.29,us,10.62,4.259,0.18,11
42.3031,144.5453,37.615,4.6,123,134.0,1.072,0.56,us,8.55,7.318,0.055,99
43.2345,146.029,63.305,4.5,65,133.0,2.445,0.45,us,10.0,7.495,0.075,52
60.4388,-139.8522,10.0,4.2,32,136.0,0.398,0.76,us,2.51,1.56,0.2,7
50.2744,159.5324,10.0,4.2,21,139.0,2.807,0.55,us,13.69,1.926,0.124,18
-56.407,-27.6957,10.0,4.4,16,112.0,5.449,0.91,us,14.01,1.915,0.162,11
-5.3713,131.2815,61.865,5.0,72,33.0,1.611,0.8,us,6.89,5.389,0.068,69
51.2138,159.782,10.0,4.1,16,306.0,1.942,0.83,us,15.63,2.005,0.166,10
-3.6014,151.3586,461.007,4.5,144,57.0,0.966,0.74,us,9.84,6.017,0.038,202
12.0587,125.4691,34.385,4.3,35,131.0,4.959,0.57,us,14.18,6.195,0.104,26
-24.1137,-66.7998,198.342,4.3,40,62.0,1.714,0.76,us,8.23,6.922,0.148,13
53.6945,160.2765,65.528,4.4,89,156.0,1.184,0.42,us,9.02,7.61,0.038,194
51.537,161.154,10.0,4.4,46,128.0,2.141,0.89,us,9.37,1.912,0.089,36
49.2785,155.3187,67.254,4.5,41,137.0,4.116,0.46,us,4.23,7.897,0.081,44
19.2965,145.452,172.446,4.3,52,144.0,4.046,0.52,us,14.8,10.424,0.08,44
51.5138,159.7014,25.46,4.9,68,128.0,1.644,1.0,us,9.29,5.436,0.057,97
52.9381,159.7145,58.265,4.3,29,118.0,0.649,0.43,us,6.89,6.912,0.126,18
52.8141,159.5711,57.941,4.2,18,132.0,0.596,0.73,us,11.37,7.948,0.159,11
-31.6731,76.4956,10.0,4.8,41,92.0,21.292,0.55,us,12.83,1.874,0.095,34
52.9388,161.4143,10.0,5.0,121,114.0,1.674,0.54,us,10.23,1.888,0.051,121
51.5601,160.2217,10.0,5.0,82,157.0,2.191,0.78,us,9.03,1.924,0.066,72
-24.0849,-67.0551,230.52,4.3,30,75.0,1.528,0.49,us,10.15,9.766,0.188,8
48.8917,154.9013,60.257,5.5,299,48.0,4.767,0.76,us,9.67,4.7,0.035,278
7.0104,126.8277,71.86,4.4,37,86.0,1.241,0.98,us,7.82,7.212,0.11,24
45.801,151.8721,35.0,4.4,72,135.0,6.409,0.63,us,9.97,1.922,0.069,61
-7.09,131.3784,10.0,4.3,14,116.0,2.942,0.67,us,9.58,1.948,0.187,8
-4.9392,153.0422,44.851,4.1,20,185.0,1.149,1.14,us,7.51,8.779,0.14,14
51.7947,158.3571,63.946,4.5,94,124.0,1.244,0.63,us,9.93,6.916,0.049,122
-14.95,-173.3253,35.0,4.4,13,149.0,1.818,0.6,us,14.75,1.969,0.22,8
16.9035,146.1767,126.288,4.1,20,169.0,1.695,0.37,us,16.37,10.709,0.13,16
13.0447,145.6777,10.0,4.4,24,105.0,0.956,0.88,us,7.59,1.914,0.139,15
13.8229,-90.9285,69.462,4.5,90,107.0,0.819,0.64,us,7.9,6.789,0.047,134
-34.2117,178.947,237.13,4.9,38,111.0,3.384,1.11,us,9.91,8.436,0.083,45
-4.1821,34.7605,10.0,4.2,16,107.0,3.744,0.69,us,6.18,1.928,0.186,8
-6.44,147.9885,48.657,4.0,16,118.0,3.058,0.58,us,9.93,8.693,0.164,12
7.0145,126.7102,67.847,5.6,237,44.0,1.124,0.67,us,7.29,4.943,0.044,184
7.5157,126.9389,20.631,4.4,33,65.0,1.42,0.97,us,8.95,5.74,0.105,26
-5.7806,130.9141,118.123,4.4,38,103.0,1.604,0.77,us,8.14,6.0,0.097,31
44.9615,149.5849,35.0,4.2,12,195.0,5.069,1.21,us,14.04,2.007,0.186,8
37.6449,144.2525,10.0,4.5,50,136.0,3.998,0.52,us,11.35,1.922,0.092,35
-11.9776,166.3038,58.458,4.3,20,145.0,3.558,0.52,us,11.87,9.12,0.142,15
-63.6798,173.3616,10.0,4.6,23,117.0,11.786,0.41,us,13.07,1.91,0.129,18
9.0158,126.4141,55.135,4.5,37,119.0,2.103,0.95,us,11.1,9.156,0.108,25
-1.321,-77.8568,177.305,4.2,54,49.0,0.24,0.58,us,6.1,3.637,0.1,28
14.3484,-93.1752,35.0,4.6,22,197.0,1.28,1.22,us,7.11,1.983,0.092,35
-34.4679,-70.387,10.0,4.1,26,91.0,0.459,1.14,us,2.12,1.904,0.185,8
-8.1285,-73.5609,10.0,4.6,43,84.0,5.014,0.8,us,10.22,1.932,0.086,41
-1.923,128.9011,10.0,4.7,55,41.0,2.582,1.06,us,8.75,1.874,0.085,42
23.1373,120.5369,7.035,4.5,29,58.0,0.183,1.2,us,3.96,5.417,0.121,20
40.4899,143.6278,28.747,4.2,21,138.0,1.564,0.33,us,8.04,6.896,0.175,9
49.5558,156.7439,43.16,5.2,109,44.0,3.607,1.27,us,8.7,5.09,0.024,600
51.7045,178.15,113.077,4.5,92,82.0,0.331,0.51,us,7.9,3.881,0.053,105
-18.3872,-177.9354,566.911,4.0,37,122.0,3.197,0.67,us,15.74,10.016,0.096,29
-19.0163,-174.7653,93.302,4.8,63,85.0,4.576,0.88,us,11.59,7.239,0.033,287
6.3466,127.3576,10.0,4.6,38,62.0,1.907,0.47,us,10.04,1.911,0.101,31
17.9665,145.2986,311.505,3.9,24,135.0,2.751,0.66,us,16.14,11.579,0.128,16
50.8553,159.0797,35.0,5.0,47,130.0,2.188,0.69,us,10.18,1.928,0.085,44
-24.3338,-67.2404,157.946,4.1,28,91.0,1.623,0.96,us,9.78,8.792,0.123,18
52.3331,160.0237,37.905,4.7,27,68.0,1.613,0.63,us,10.17,8.038,0.112,24
49.519,158.4543,10.0,4.4,34,136.0,3.511,0.6,us,12.45,1.912,0.105,26
32.139,49.9742,10.0,4.2,19,156.0,4.627,0.84,us,10.34,1.942,0.112,22
54.8264,159.9452,10.0,4.3,19,169.0,1.962,0.7,us,14.56,1.934,0.133,16
26.8506,58.6347,10.0,4.1,34,182.0,2.897,0.83,us,12.2,1.968,0.095,30
52.0814,160.3966,10.0,4.9,92,114.0,1.424,0.7,us,8.28,1.814,0.04,200
27.037,111.492,10.0,4.6,24,192.0,3.674,0.65,us,7.83,1.964,0.158,13
49.1092,155.9927,46.79,4.4,22,129.0,4.146,0.69,us,11.63,8.854,0.149,13
51.5043,159.8164,10.0,4.9,124,151.0,1.682,1.02,us,8.17,1.911,0.055,103
-57.3909,-67.7026,10.0,4.5,28,148.0,2.465,0.62,us,12.68,1.923,0.124,19
5.8234,61.5165,10.0,4.7,54,67.0,23.397,1.07,us,9.92,1.817,0.074,55
39.7195,143.2649,36.166,4.7,79,130.0,1.994,0.66,us,7.29,7.009,0.062,80
10.5825,125.6466,10.0,4.4,21,108.0,5.814,0.38,us,8.59,1.906,0.143,14
51.585,159.8996,10.0,5.7,75,60.0,1.632,0.98,us,8.26,1.813,0.047,161
52.1463,160.24,31.385,4.1,22,204.0,1.309,0.86,us,13.31,9.987,0.124,18
-5.3724,68.6478,10.0,4.6,31,154.0,4.29,0.5,us,7.75,1.799,0.129,18
21.0837,121.9257,10.0,4.8,117,78.0,1.896,0.73,us,2.31,1.839,0.049,127
-22.2016,-68.8202,120.811,4.5,46,45.0,0.562,1.04,us,3.56,4.877,0.096,32
22.8473,121.4521,10.0,4.1,17,142.0,0.345,0.57,us,4.11,1.905,0.165,10
18.1329,145.2906,450.422,4.0,51,117.0,2.915,0.61,us,13.53,9.959,0.081,41
-7.0257,147.3571,49.747,4.2,17,120.0,2.372,1.14,us,11.33,8.872,0.124,18
-11.754,166.0637,35.0,4.1,12,204.0,6.438,0.72,us,12.6,1.957,0.174,9
-11.1036,165.5075,10.0,4.5,14,143.0,4.622,0.92,us,9.51,1.966,0.181,9
51.3069,160.6524,10.0,4.4,33,130.0,2.116,0.76,us,8.91,1.914,0.117,21
53.0129,161.0528,10.0,4.4,18,184.0,1.452,0.83,us,11.83,1.977,0.138,15
50.0588,158.374,17.105,4.3,17,138.0,2.974,0.36,us,14.5,5.531,0.154,12
49.9781,158.6493,10.0,4.1,22,135.0,3.05,0.56,us,10.36,1.924,0.145,13
6.2483,126.4764,83.347,4.6,70,105.0,1.208,0.73,us,7.84,5.844,0.056,96
49.1253,158.0587,10.0,4.1,20,139.0,3.995,0.34,us,12.22,1.94,0.151,12
49.1581,156.213,26.728,4.8,164,50.0,4.065,0.56,us,7.69,4.226,0.043,169
53.6338,159.9378,56.364,4.2,41,159.0,0.985,1.05,us,11.66,8.279,0.091,33
50.9219,157.9667,40.798,4.3,91,98.0,2.147,0.61,us,8.41,4.416,0.061,76
52.3106,160.543,10.0,4.3,18,147.0,1.906,1.15,us,11.83,1.942,0.137,15
52.474,160.6684,26.903,4.3,15,121.0,1.344,0.51,us,9.65,6.399,0.177,9
13.0065,123.8456,123.213,4.4,22,128.0,24.561,0.61,us,13.77,7.042,0.13,17
52.23,159.9968,55.281,4.6,64,135.0,1.653,0.83,us,8.83,5.193,0.075,54
51.3831,159.6595,10.0,4.9,60,128.0,1.756,0.8,us,7.84,1.818,0.057,98
51.6311,159.2009,35.0,4.3,34,167.0,1.435,0.97,us,11.75,1.97,0.106,25
-0.3619,124.5287,64.707,4.4,20,59.0,1.821,0.96,us,5.79,9.318,0.169,10
-24.1923,-66.9878,176.971,4.8,99,46.0,1.649,0.73,us,8.19,6.646,0.025,481
-15.2084,-178.4429,414.974,4.3,65,52.0,2.454,0.89,us,11.74,6.437,0.045,142
-15.8374,166.9705,10.0,4.1,8,146.0,0.448,0.17,us,6.38,1.892,0.369,2
52.7896,-169.6989,45.95,3.8,34,170.0,0.543,0.83,us,9.74,7.099,0.104,24
-23.1571,-177.567,220.922,4.3,76,122.0,6.771,0.51,us,12.41,7.759,0.058,93
-4.5409,102.379,47.958,4.6,31,70.0,0.602,0.77,us,8.64,7.584,0.114,23
-20.4818,134.3234,10.0,4.4,22,82.0,0.537,1.26,us,6.48,1.649,0.155,12
6.2701,127.3451,10.0,4.9,92,39.0,1.926,0.81,us,6.36,1.857,0.059,101
36.5122,70.5863,205.298,4.3,35,89.0,2.318,1.04,us,7.27,8.085,0.108,24
22.7101,95.897,10.0,4.6,92,78.0,3.891,0.72,us,9.52,1.895,0.063,79
-5.932,128.0331,387.735,4.3,53,33.0,2.331,1.03,us,8.16,2.773,0.104,26
45.7316,153.756,10.0,4.1,33,138.0,7.708,0.77,us,10.64,1.882,0.12,21
8.448,127.6638,10.0,4.6,47,127.0,2.478,0.73,us,8.31,1.893,0.093,34
-15.5957,-70.2005,239.927,4.3,17,141.0,2.099,0.7,us,12.81,9.385,0.137,15
-3.3443,129.2759,10.0,4.4,34,58.0,1.328,0.5,us,6.54,1.883,0.107,25
39.2423,28.124,10.0,4.4,35,62.0,0.963,1.19,us,3.95,1.907,0.179,9
50.1343,156.9345,51.578,5.0,93,102.0,3.016,0.54,us,10.22,6.168,0.023,587
52.9277,160.0982,35.0,4.4,48,146.0,0.881,0.82,us,8.94,1.945,0.063,72
53.1578,159.7994,62.349,4.3,32,117.0,0.706,0.85,us,7.0,7.8,0.119,20
53.2956,159.9478,60.943,4.3,20,142.0,0.828,0.7,us,12.36,11.465,0.168,10
40.5052,19.8876,10.0,4.3,29,66.0,0.841,0.86,us,5.03,1.905,0.105,26
-18.9684,167.5432,10.0,4.9,44,124.0,3.255,1.21,us,7.95,1.892,0.095,35
-7.2941,102.6093,10.0,4.8,48,71.0,2.796,0.77,us,6.41,1.862,0.088,40
-58.9539,-25.7335,96.92,4.9,84,67.0,7.552,0.59,us,10.77,5.595,0.064,79
-7.009,125.1068,549.11,4.1,34,52.0,2.852,0.66,us,13.37,9.598,0.135,15
32.1565,140.3549,96.348,4.5,77,114.0,4.221,0.78,us,8.23,5.742,0.066,67
12.9859,40.8964,10.0,4.5,30,110.0,2.393,0.4,us,7.74,1.912,0.118,21
43.3943,147.7436,45.258,4.2,27,192.0,3.65,0.7,us,11.88,10.461,0.121,19
52.847,160.457,10.0,4.5,23,168.0,1.108,0.71,us,7.58,1.956,0.116,22
-5.8142,152.5266,10.0,4.7,74,110.0,1.578,0.64,us,4.29,1.888,0.068,65
-30.7593,-177.8487,49.896,4.5,20,114.0,1.494,0.95,us,11.64,9.38,0.135,16
52.6663,160.7467,30.467,4.7,58,119.0,1.321,0.63,us,10.52,5.787,0.041,183
-5.8614,150.091,78.12,4.3,21,128.0,2.649,0.72,us,9.22,8.296,0.142,14
52.147,160.3335,29.386,4.5,37,123.0,1.351,0.88,us,11.03,6.362,0.098,31
-14.9848,167.6284,121.432,4.2,12,262.0,0.616,0.79,us,15.82,6.986,0.199,7
82.1015,-5.4329,10.0,4.5,21,81.0,1.675,1.13,us,7.14,1.882,0.192,8
36.5124,140.5796,64.073,4.2,28,153.0,1.91,0.67,us,8.17,8.847,0.137,15
52.2837,160.7069,35.0,4.4,36,123.0,2.008,0.7,us,9.99,1.93,0.094,33
34.0464,86.4707,10.0,4.6,42,141.0,10.276,0.88,us,10.78,1.918,0.069,62
16.4847,-59.6373,10.0,4.6,38,82.0,1.373,0.81,us,5.73,1.493,0.087,40
-32.0933,-69.4191,119.797,4.4,36,43.0,0.839,0.88,us,4.97,6.084,0.148,13
-22.8304,-177.7355,390.205,4.1,13,166.0,6.42,0.31,us,19.46,6.731,0.12,21
13.5675,-91.2791,35.0,4.3,36,130.0,1.023,1.12,us,4.49,1.916,0.061,76
51.0303,158.1624,52.976,4.9,91,104.0,2.019,0.65,us,9.98,6.136,0.023,582
14.0569,-89.8169,10.0,4.4,48,119.0,0.158,0.47,us,4.41,1.977,0.088,37
53.4599,-163.7209,10.0,4.5,142,97.0,1.192,0.65,us,4.39,1.888,0.032,282
30.0272,131.2318,35.0,4.5,27,141.0,1.622,0.51,us,4.87,1.938,0.124,19
49.8,158.9046,10.0,4.4,41,137.0,3.232,0.65,us,8.46,1.912,0.095,32
-18.6102,65.3227,10.0,4.5,19,81.0,2.169,0.51,us,13.63,1.886,0.144,14
53.0021,161.2123,26.808,4.3,59,128.0,1.548,0.61,us,11.18,6.066,0.08,44
-8.3905,-75.191,128.482,4.1,27,110.0,3.926,0.88,us,11.58,9.076,0.131,16
21.0319,-108.889,10.0,4.1,50,224.0,4.999,1.1,us,11.13,1.994,0.056,88
0.2821,130.1837,20.713,4.3,17,124.0,1.565,0.49,us,11.23,5.886,0.153,12
54.4182,-159.91,15.339,3.6,88,188.0,0.454,0.77,us,5.1,6.766,0.224,5
13.8612,144.8151,120.739,4.6,76,59.0,0.275,0.77,us,8.23,4.847,0.068,64
-3.3521,140.4121,35.0,4.5,24,77.0,0.881,1.34,us,6.86,1.914,0.095,32
52.5234,160.4481,35.0,4.0,38,207.0,1.202,0.72,us,11.16,2.004,0.089,34
49.5992,155.2978,86.286,4.1,15,170.0,3.822,0.48,us,14.54,8.892,0.197,7
13.5985,122.9669,10.0,4.4,49,94.0,6.978,0.74,us,10.56,1.879,0.088,38
44.1613,17.5248,10.0,3.7,22,78.0,0.636,0.53,us,4.62,1.942,0.356,2
52.3084,160.3714,31.272,4.9,36,123.0,1.813,0.61,us,8.17,4.88,0.108,27
-5.7849,154.2729,142.013,4.2,24,128.0,2.631,0.37,us,12.24,7.398,0.121,20
52.4,160.6678,10.0,4.0,16,185.0,1.377,0.83,us,9.48,1.841,0.172,12
-20.4455,-177.7273,466.653,4.2,38,97.0,7.47,0.56,us,7.01,9.797,0.096,30
36.8954,141.0697,54.582,4.4,37,144.0,2.325,0.82,us,7.93,7.951,0.11,24
51.9986,160.378,10.0,4.5,65,124.0,1.473,1.37,us,9.5,1.888,0.069,62
51.8385,159.5442,35.0,5.2,43,117.0,1.307,0.51,us,9.52,1.927,0.118,24
-41.223,80.6611,10.0,4.5,22,115.0,25.978,0.76,us,13.48,1.911,0.132,19
60.5462,-139.9158,5.0,4.4,55,50.0,0.482,0.87,us,1.81,1.887,0.17,10
41.1518,142.5761,42.478,4.4,30,142.0,0.966,0.58,us,4.22,8.328,0.127,18
51.3042,157.9211,68.817,4.8,70,114.0,1.779,0.81,us,8.65,6.967,0.037,229
53.2543,160.8739,31.802,4.2,27,136.0,1.36,1.19,us,12.3,6.292,0.107,24
-4.0746,126.6944,262.171,4.3,48,50.0,4.027,0.76,us,8.17,7.711,0.102,27
50.3244,159.005,10.0,4.1,17,231.0,2.712,0.55,us,14.56,1.978,0.165,11
-0.8783,-78.1101,4.899,4.2,18,87.0,0.289,0.71,us,1.58,6.31,0.198,7
3.8376,-76.5812,136.419,4.3,20,95.0,2.466,0.74,us,8.46,3.87,0.202,7
-5.1266,102.6714,38.826,4.1,14,180.0,1.37,0.74,us,10.06,9.509,0.197,7
50.1769,155.9291,91.642,4.4,62,135.0,3.136,0.7,us,11.99,7.771,0.066,66
-9.5022,112.7895,35.0,4.0,25,94.0,1.692,0.79,us,8.59,1.926,0.144,14
-22.5156,-175.1089,10.0,5.0,49,141.0,17.054,0.44,us,13.71,1.466,0.1,32
50.6536,156.7887,75.01,4.3,75,98.0,2.522,0.69,us,11.22,6.661,0.069,59
24.8414,95.4771,163.794,4.2,41,109.0,3.655,0.55,us,6.95,8.635,0.096,30
19.3828,39.3851,10.0,4.3,39,135.0,6.773,1.19,us,10.93,1.956,0.089,36
54.5463,-160.2427,35.0,3.4,52,184.0,0.475,1.15,us,4.87,1.717,0.219,5
49.3543,157.6676,10.0,4.4,28,136.0,3.726,0.47,us,11.81,1.922,0.13,17
51.6744,159.7699,10.0,4.6,34,229.0,1.516,0.69,us,12.59,1.947,0.089,38
51.0697,158.0192,35.0,4.4,88,134.0,1.995,0.58,us,11.04,1.931,0.053,103
-49.0079,124.7052,10.0,4.1,17,136.0,16.835,0.55,us,13.8,1.842,0.145,13
69.9642,-15.9072,10.0,4.5,28,73.0,2.121,0.91,us,8.17,1.922,0.128,19
37.2837,69.6738,10.0,5.1,119,66.0,1.43,0.59,us,7.64,1.807,0.046,156
49.837,157.906,10.0,4.1,18,173.0,3.225,1.27,us,11.56,1.907,0.175,9
52.5725,172.3886,35.549,3.9,28,206.0,1.054,0.81,us,13.5,10.179,0.11,22
52.0699,160.165,27.4,4.4,36,134.0,1.33,0.57,us,11.02,5.624,0.094,33
-21.2635,-179.2155,618.221,4.9,139,86.0,4.346,0.73,us,13.04,8.505,0.037,223
32.0291,131.9436,39.392,4.1,19,126.0,1.372,0.72,us,8.65,10.704,0.174,9
13.5916,124.9483,10.0,4.4,23,136.0,6.511,0.53,us,13.95,1.941,0.144,14
40.0496,145.275,10.0,4.3,23,135.0,2.534,0.72,us,8.95,1.926,0.137,15
51.2802,159.4809,10.0,4.4,28,221.0,1.819,1.02,us,8.16,1.965,0.12,20
52.1351,160.371,10.0,4.1,22,138.0,1.376,1.39,us,12.27,1.933,0.14,14
52.9932,160.8329,35.0,4.9,84,114.0,1.319,1.01,us,9.27,1.891,0.046,151
40.5065,144.9975,10.0,4.5,55,136.0,2.048,0.44,us,7.17,1.893,0.095,34
-3.3547,144.9897,10.0,5.3,56,86.0,2.708,0.48,us,5.64,1.85,0.081,52
-5.9877,150.798,35.0,4.1,16,149.0,2.244,0.6,us,8.01,1.718,0.175,10
51.6032,158.7707,35.0,4.1,35,227.0,1.424,1.12,us,9.05,1.948,0.089,34
52.6479,161.0718,10.0,4.3,18,166.0,1.517,1.01,us,11.34,1.939,0.154,12
20.291,146.1406,35.0,4.4,25,198.0,5.034,1.08,us,13.86,1.98,0.103,27
-18.5347,-177.8323,618.605,4.2,54,109.0,3.363,0.65,us,13.01,4.73,0.044,143
16.4546,-59.8077,10.0,4.5,16,234.0,1.216,0.65,us,6.77,1.952,0.204,7
52.4822,160.2399,49.312,4.7,14,153.0,1.665,0.82,us,12.59,8.143,0.183,9
2.0049,126.9327,29.138,4.6,50,89.0,1.299,0.85,us,3.13,5.421,0.084,42
20.1066,148.0444,10.0,4.5,30,109.0,5.295,0.93,us,6.94,1.886,0.113,23
51.6723,160.6441,10.0,4.4,25,128.0,1.824,0.92,us,9.7,1.93,0.134,16
29.6455,141.9378,30.674,4.0,22,198.0,2.55,0.42,us,13.92,8.552,0.15,13
48.6984,155.0267,51.713,4.1,33,137.0,4.728,0.48,us,11.36,8.954,0.101,27
41.008,142.7964,41.46,4.2,41,134.0,1.042,0.55,us,7.56,8.283,0.102,27
52.5539,160.6447,34.626,4.4,33,122.0,1.299,0.62,us,9.25,4.234,0.115,22
9.149,93.9022,10.0,4.3,25,120.0,4.929,0.81,us,10.31,1.913,0.168,10
27.6675,53.0396,10.0,4.0,23,85.0,3.926,0.71,us,8.24,1.94,0.122,18
-11.8144,166.2909,82.143,4.2,13,147.0,3.718,0.18,us,8.01,8.967,0.215,6
-17.9316,-178.5544,601.529,4.2,53,124.0,7.644,0.56,us,7.0,9.11,0.067,61
42.2532,144.5659,35.0,4.4,84,132.0,1.075,0.65,us,6.8,1.922,0.067,69
-7.4475,128.1956,168.092,4.4,28,61.0,4.511,1.18,us,8.86,3.21,0.123,19
-10.8013,161.8095,35.0,4.5,24,138.0,2.279,0.65,us,11.99,1.937,0.115,23
-23.9222,-176.2425,66.826,4.9,39,121.0,7.603,0.57,us,14.74,7.799,0.095,35
-9.9202,151.9658,10.0,4.4,20,92.0,4.766,0.9,us,8.96,1.894,0.143,14
-15.4175,67.3036,10.0,4.5,36,40.0,5.716,0.85,us,7.92,1.87,0.102,28
60.6578,-139.9672,5.0,4.2,47,48.0,0.536,1.22,us,1.71,1.883,0.16,11
51.2297,159.7776,10.0,4.1,17,168.0,1.926,0.72,us,12.63,1.978,0.175,9
26.7466,92.3604,41.698,4.5,41,148.0,3.14,0.66,us,10.6,8.117,0.091,35
8.2613,127.4213,10.0,4.9,132,42.0,2.176,0.66,us,7.11,1.639,0.045,153
-16.5539,-70.9301,116.429,4.9,154,128.0,1.728,0.72,us,9.49,7.171,0.039,208
-13.2903,167.002,206.545,4.4,27,146.0,2.153,1.06,us,14.48,6.581,0.108,25
19.8467,144.611,414.877,4.1,51,137.0,4.716,0.54,us,14.1,10.632,0.083,40
-47.6325,116.1184,10.0,4.6,14,176.0,14.712,0.45,us,10.45,1.96,0.193,8
51.5787,159.7664,10.0,4.8,91,120.0,1.601,0.7,us,8.06,1.884,0.06,84
-19.4061,-66.7365,248.695,4.3,33,54.0,2.332,0.6,us,3.42,9.435,0.116,21
5.8593,126.4704,118.35,4.8,105,49.0,1.492,0.7,us,7.18,6.368,0.037,227
-27.6871,-176.4475,37.168,4.5,13,125.0,2.027,0.52,us,9.49,10.145,0.172,10
52.915,160.6201,35.0,4.3,15,170.0,1.196,0.81,us,9.34,1.987,0.201,7
9.0513,126.2212,10.0,4.3,19,133.0,2.069,0.61,us,10.54,1.916,0.147,13
53.0303,-167.5445,81.712,3.7,16,209.0,0.44,1.17,us,8.04,14.265,0.134,14
-60.1812,-47.4192,10.0,4.6,23,81.0,8.365,0.76,us,9.64,1.907,0.133,21
-5.5697,147.1227,181.98,4.7,49,51.0,3.511,0.81,us,4.99,7.634,0.043,167
52.9815,161.2724,10.0,4.4,23,137.0,1.585,0.57,us,12.56,1.927,0.169,10
2.9943,127.6714,97.541,4.5,49,67.0,2.229,0.95,us,7.95,6.871,0.09,36
52.1106,160.5416,10.0,5.0,103,118.0,1.473,0.82,us,8.19,1.881,0.055,105
-6.6972,127.835,316.959,4.4,51,67.0,2.985,0.55,us,8.84,7.966,0.096,31
