latitude,longitude,depth,mag,nst,gap,dmin,rms,net,horizontalError,depthError,magError,magNst
-55.3994,-28.5302,32.45,5.1,80,73.0,4.734,0.95,us,11.29,4.293,0.069,69
51.0788,159.7821,10.0,4.1,16,253.0,2.069,0.42,us,13.45,1.998,0.165,10
-18.131,-69.5308,129.101,4.4,37,65.0,0.541,0.68,us,4.32,5.352,0.104,27
51.4861,160.287,10.0,4.1,25,197.0,1.839,0.97,us,12.37,1.991,0.135,15
2.2862,126.7398,51.257,4.4,42,123.0,1.63,0.62,us,5.63,7.284,0.095,32
39.2466,28.1006,10.0,4.3,42,39.0,0.946,0.84,us,3.04,1.919,0.111,23
13.6577,39.7972,10.0,4.4,21,140.0,3.651,0.67,us,11.83,1.871,0.149,13
21.6642,99.7826,10.0,4.5,69,68.0,1.531,0.52,us,7.93,1.874,0.077,51
4.2738,125.8902,92.607,4.5,53,45.0,0.613,0.96,us,7.34,6.521,0.078,48
-24.5474,179.7944,549.705,4.5,62,71.0,8.039,0.63,us,10.55,6.748,0.073,59
-0.5362,119.6582,10.0,4.2,17,135.0,1.985,1.0,us,9.04,1.942,0.147,13
-40.9829,-86.9533,10.0,4.6,45,121.0,9.769,1.28,us,11.83,1.928,0.096,32
36.603,54.8547,10.0,4.1,40,111.0,7.864,0.75,us,9.85,1.969,0.123,18
9.9182,-70.7624,10.0,4.5,89,149.0,1.036,0.53,us,5.68,1.888,0.061,78
-15.1824,-177.3107,371.641,4.3,45,74.0,3.444,0.6,us,12.51,7.054,0.099,29
1.0126,125.5724,83.335,4.3,33,75.0,0.848,0.59,us,5.72,7.243,0.133,16
-35.4292,-71.2382,99.625,4.2,45,126.0,0.363,0.7,us,4.69,4.757,0.108,24
6.4774,126.1084,84.568,4.5,39,112.0,0.789,0.58,us,9.73,6.592,0.09,36
-18.6469,-175.7455,278.959,4.4,29,135.0,5.134,0.51,us,15.27,8.591,0.097,31
54.2088,-159.9883,10.0,3.8,46,162.0,0.665,0.98,us,4.07,1.895,0.114,20
-9.402,110.3623,35.0,4.1,12,76.0,2.339,1.02,us,8.48,1.956,0.198,7
19.6058,146.7683,10.0,4.5,68,134.0,4.44,0.4,us,5.24,1.895,0.076,51
52.5061,160.862,10.0,4.2,38,145.0,1.441,1.23,us,10.94,1.96,0.112,25
-5.6843,128.8249,294.906,4.1,29,67.0,1.577,0.71,us,9.76,8.098,0.123,18
54.7442,160.2389,10.0,4.2,31,111.0,1.964,0.53,us,9.97,1.868,0.071,56
-14.0908,167.1696,133.799,4.2,16,127.0,6.989,0.7,us,15.36,6.435,0.167,11
51.3747,158.4227,53.255,4.7,213,57.0,1.657,0.67,us,9.1,6.678,0.031,308
-1.2716,-77.6039,186.918,4.5,75,62.0,0.475,0.74,us,8.05,2.115,0.054,103
-50.309,134.899,10.0,4.5,19,133.0,14.822,0.48,us,16.13,1.945,0.131,17
-17.7836,168.0866,42.669,4.3,19,134.0,2.473,0.68,us,7.9,6.986,0.148,13
-22.9075,-68.7146,98.798,4.2,20,65.0,0.496,0.78,us,4.69,6.047,0.176,9
52.4839,160.8309,10.0,4.2,34,145.0,1.431,0.73,us,10.85,1.941,0.115,21
50.4351,156.4906,76.983,4.5,127,128.0,2.78,0.63,us,9.87,6.402,0.047,130
52.5692,160.3292,10.0,4.2,72,121.0,1.117,0.75,us,9.42,1.889,0.066,65
6.1123,127.574,10.0,4.4,31,84.0,2.496,0.68,us,9.36,1.889,0.111,23
51.4368,160.8984,10.0,4.4,26,138.0,2.106,0.72,us,6.51,1.907,0.149,13
-41.1294,-91.2628,10.0,4.8,59,142.0,13.568,0.66,us,13.2,1.898,0.077,52
-4.6533,125.4787,454.25,4.4,65,39.0,2.739,0.9,us,10.5,8.882,0.086,39
39.1711,28.2092,10.0,4.3,12,81.0,1.019,0.36,us,2.81,1.988,0.238,5
32.3875,140.0058,104.545,4.5,35,147.0,0.743,0.94,us,11.14,6.94,0.106,26
-35.0456,-178.4819,10.0,4.5,16,222.0,3.61,0.58,us,11.58,1.984,0.192,8
19.3196,-109.041,10.0,4.0,112,123.0,1.895,0.74,us,8.06,1.927,0.054,92
8.8276,-83.937,10.0,4.4,26,145.0,0.91,0.8,us,8.17,1.907,0.131,17
-7.1735,-13.0571,10.0,5.0,60,59.0,1.496,0.83,us,5.21,1.809,0.07,66
50.9121,-178.9089,10.0,3.9,46,210.0,0.645,1.11,us,4.85,1.456,0.069,55
52.2343,159.6189,35.374,4.9,25,135.0,0.987,1.08,us,12.6,8.244,0.132,18
30.3092,50.2483,10.0,4.0,30,103.0,5.998,0.76,us,7.8,1.844,0.164,13
48.0162,148.2416,389.556,4.3,53,125.0,3.864,0.99,us,12.62,8.216,0.037,207
-17.7163,-178.6567,580.268,4.3,51,118.0,2.253,0.72,us,12.71,7.798,0.068,60
51.5235,160.6818,10.0,4.3,55,129.0,2.423,0.8,us,9.38,1.909,0.081,43
9.0584,126.4287,46.855,4.5,36,73.0,2.148,0.81,us,8.31,7.67,0.101,29
49.0132,158.0894,10.0,4.5,46,138.0,4.031,0.39,us,10.0,1.9,0.092,35
-23.2349,170.9097,10.0,5.0,55,85.0,3.252,0.84,us,8.62,1.806,0.102,31
37.183,141.0446,60.182,4.4,31,144.0,2.362,0.52,us,8.9,7.237,0.12,20
-16.3051,-73.8752,24.142,4.5,48,105.0,3.95,0.63,us,8.74,5.554,0.088,41
53.2136,161.3712,10.0,4.5,29,116.0,2.214,0.68,us,10.62,1.901,0.119,21
21.6431,95.7576,10.0,4.4,38,89.0,3.587,1.1,us,10.07,1.921,0.11,24
51.6609,159.3338,37.457,4.4,21,137.0,1.428,0.75,us,12.44,8.145,0.154,12
-6.1939,147.8366,49.905,4.3,25,118.0,3.26,0.62,us,9.15,8.591,0.119,20
36.9515,30.8279,105.95,4.1,34,112.0,0.765,0.74,us,5.92,5.32,0.135,16
26.6107,142.0317,42.683,4.1,23,161.0,0.502,0.54,us,11.46,9.338,0.139,14
52.2495,160.422,25.376,4.3,25,123.0,1.868,0.99,us,10.14,6.38,0.142,14
15.8388,-96.2319,33.717,4.7,57,149.0,2.818,0.9,us,9.06,5.658,0.028,373
8.9516,-83.1982,62.114,4.5,58,75.0,1.118,0.97,us,8.13,6.964,0.055,96
52.4419,161.2073,39.408,4.4,61,130.0,1.661,1.26,us,10.04,6.974,0.072,56
16.5002,-59.5129,10.0,4.6,35,83.0,1.502,0.64,us,6.87,1.766,0.125,19
36.4351,70.9622,121.312,4.3,26,88.0,2.233,1.32,us,7.55,8.818,0.161,11
-12.7434,169.7165,656.29,4.3,43,63.0,9.344,0.74,us,12.37,9.739,0.087,37
51.8908,160.0848,10.0,4.7,14,222.0,1.434,0.7,us,13.92,1.977,0.159,16
2.7886,95.5441,29.868,4.6,62,155.0,2.509,0.66,us,7.87,6.03,0.079,48
-34.1565,-178.9411,10.0,4.9,32,221.0,4.067,0.92,us,12.77,1.991,0.169,19
51.4913,160.044,10.0,4.0,30,137.0,1.757,0.65,us,7.4,1.872,0.119,19
39.0297,70.638,10.0,4.5,80,79.0,1.007,1.08,us,4.09,1.856,0.07,60
36.5526,70.919,191.664,4.3,41,77.0,2.154,0.67,us,7.98,7.825,0.116,21
-47.8412,116.1315,10.0,5.2,59,39.0,14.92,0.75,us,11.3,1.794,0.083,49
29.3916,104.0487,10.0,4.7,102,64.0,4.813,0.66,us,7.82,1.867,0.057,92
14.0678,145.6921,60.376,4.0,11,114.0,0.931,1.28,us,6.85,6.718,0.258,4
15.2808,119.1473,10.0,4.3,22,130.0,23.394,0.53,us,16.11,1.903,0.133,16
42.0242,137.5574,286.491,4.1,81,58.0,2.912,0.96,us,9.0,7.608,0.066,63
49.7629,159.5459,10.0,4.3,21,138.0,3.313,0.51,us,12.32,1.926,0.153,12
1.6163,126.5285,32.622,4.6,65,105.0,1.186,1.06,us,6.49,5.583,0.072,58
52.9949,160.5429,35.0,4.1,72,164.0,1.144,0.55,us,12.58,1.96,0.074,50
13.9163,144.6209,182.232,3.8,13,108.0,0.404,0.33,us,11.27,7.998,0.207,6
21.9665,143.3306,246.715,4.0,20,143.0,5.212,0.34,us,15.89,10.158,0.13,16
-19.5757,-68.9497,122.804,4.5,27,63.0,0.248,0.97,us,3.94,4.324,0.14,15
-0.5822,128.0835,10.0,4.8,46,61.0,1.524,1.15,us,5.43,1.882,0.1,31
-57.9221,-25.3104,46.851,5.0,74,45.0,7.234,0.47,us,9.67,2.599,0.074,58
49.9629,157.1438,40.505,5.1,82,121.0,3.169,0.62,us,11.26,6.148,0.024,582
7.0654,126.8348,63.43,5.9,170,66.0,1.246,0.64,us,8.81,5.292,0.051,142
53.6022,160.1487,51.891,4.6,47,103.0,1.07,0.53,us,10.68,7.45,0.056,95
-5.522,152.2612,58.532,4.5,51,161.0,5.983,0.8,us,12.26,7.295,0.065,70
13.9134,144.6483,148.056,3.8,10,102.0,0.387,1.14,us,13.98,9.878,0.227,6
53.5129,160.1176,66.432,4.8,105,126.0,1.009,0.55,us,10.23,6.956,0.056,100
51.1442,159.5663,10.0,4.6,76,123.0,1.965,0.96,us,8.74,1.897,0.068,65
52.8658,-168.371,52.18,3.3,21,171.0,0.312,0.68,us,5.04,7.864,0.125,15
41.8776,142.4288,60.248,4.3,37,112.0,0.56,0.54,us,7.69,8.068,0.109,24
36.5231,70.6484,197.741,4.0,27,173.0,2.308,0.71,us,7.95,6.028,0.144,13
40.8748,51.9477,10.0,4.2,29,139.0,4.948,1.02,us,11.28,6.519,0.088,36
52.6215,160.791,10.0,4.7,69,120.0,1.36,1.11,us,9.43,1.887,0.066,69
-31.7545,-178.5643,35.0,4.9,47,92.0,2.561,1.0,us,9.45,1.858,0.1,35
51.4068,160.6326,10.0,4.3,28,229.0,2.027,0.57,us,13.83,1.982,0.126,18
-6.1344,129.9037,155.384,4.6,75,28.0,3.958,0.88,us,8.17,7.083,0.056,95
-29.9747,-71.1453,86.389,4.2,21,93.0,0.098,0.45,us,2.45,7.163,0.216,6
51.6685,160.0534,10.0,4.5,18,161.0,1.607,0.78,us,10.1,1.96,0.144,14
-7.3597,120.1887,435.121,4.0,14,128.0,2.37,0.72,us,14.22,11.315,0.211,6
35.4073,20.488,38.482,4.0,16,235.0,2.115,0.95,us,10.0,11.945,0.183,8
-17.4834,-172.1175,10.0,4.6,27,97.0,2.615,1.12,us,4.66,1.905,0.125,19
-10.7121,166.0714,167.65,4.4,33,139.0,4.834,0.77,us,13.47,8.461,0.105,26
-34.1106,179.1058,153.43,4.2,15,105.0,3.505,0.93,us,8.77,8.222,0.175,9
54.5204,-159.8354,35.0,4.4,52,151.0,1.333,0.78,us,6.25,1.949,0.075,52
40.2852,24.1773,14.279,4.1,38,68.0,1.306,0.93,us,5.67,5.716,0.233,5
52.4513,160.8208,10.0,4.4,28,176.0,1.439,0.68,us,11.05,1.958,0.126,18
52.3278,161.2628,10.0,4.2,24,220.0,1.737,0.88,us,14.88,1.99,0.159,11
52.0917,161.0989,10.0,4.2,14,122.0,1.762,1.16,us,6.0,1.913,0.263,4
52.0868,160.4013,10.0,4.3,19,229.0,1.422,0.36,us,14.75,1.992,0.154,12
42.2959,144.652,35.0,4.5,90,132.0,1.146,0.89,us,7.47,1.485,0.063,74
-24.4969,-67.9147,130.0,4.2,27,85.0,1.557,0.64,us,2.8,2.0,0.199,7
39.1811,28.2136,10.0,4.4,24,56.0,1.023,0.48,us,4.04,1.902,0.19,8
51.5046,160.7771,10.0,4.2,16,138.0,2.006,0.66,us,13.65,1.94,0.167,10
48.9237,153.6849,161.796,4.4,47,133.0,4.896,0.43,us,12.24,7.739,0.081,43
23.6498,94.7137,121.439,4.4,29,73.0,2.44,0.34,us,8.35,8.427,0.12,20
-33.6586,-178.7207,10.0,4.4,29,231.0,4.586,0.67,us,13.44,1.864,0.117,21
-6.1493,124.299,619.672,4.3,71,29.0,1.979,0.93,us,9.44,6.272,0.079,46
51.914,160.6626,10.0,4.1,26,135.0,1.658,1.08,us,9.51,1.691,0.131,16
-2.3293,139.1544,40.0,4.4,27,71.0,1.117,1.12,us,6.6,7.298,0.13,17
-17.076,-174.1664,120.593,4.6,32,63.0,3.899,0.74,us,10.38,7.818,0.114,23
-20.1254,-172.8213,10.0,4.2,14,147.0,2.921,0.77,us,5.64,1.941,0.199,7
-13.6775,-76.4345,47.252,5.0,103,137.0,1.726,0.7,us,6.85,7.287,0.03,367
52.3294,160.7829,10.0,4.5,65,123.0,1.473,0.65,us,10.52,1.924,0.064,73
9.5382,94.0096,10.0,4.5,27,135.0,5.602,0.78,us,11.06,1.94,0.128,18
-20.0028,-175.9397,171.181,4.8,46,98.0,5.744,0.65,us,13.44,7.725,0.072,59
-49.154,127.3387,10.0,4.6,33,83.0,17.504,0.38,us,12.85,1.924,0.099,31
52.217,160.1147,44.441,4.1,27,229.0,1.204,0.85,us,12.56,9.329,0.127,17
29.1109,87.0043,10.0,4.1,36,168.0,3.646,1.26,us,10.55,1.93,0.103,26
40.8936,142.7446,46.719,4.1,38,153.0,1.162,0.7,us,6.49,8.998,0.12,19
14.3872,146.9368,10.0,4.5,25,95.0,2.159,0.41,us,10.49,1.925,0.14,15
-56.7459,-26.9389,138.477,4.9,69,68.0,5.959,0.74,us,11.08,6.153,0.062,82
-18.1893,168.064,45.78,4.7,34,86.0,2.849,0.62,us,8.65,7.565,0.089,38
53.7772,160.4941,58.333,4.3,17,168.0,1.338,0.59,us,15.39,12.626,0.177,9
-60.2135,-61.8745,10.0,5.1,50,94.0,4.687,0.77,us,11.11,1.804,0.09,40
39.5683,143.4346,10.0,4.2,26,142.0,2.187,1.03,us,3.85,1.918,0.141,14
50.2744,159.5324,10.0,4.2,21,139.0,2.807,0.55,us,13.69,1.926,0.124,18
24.309,124.949,35.0,4.2,21,232.0,0.655,0.91,us,12.98,1.999,0.159,11
51.9947,160.701,10.0,4.0,14,137.0,1.623,0.75,us,11.38,1.931,0.231,7
40.4567,77.3601,10.0,4.4,52,132.0,1.315,0.94,us,4.83,1.872,0.103,27
-17.5462,-178.9401,541.874,4.4,47,108.0,1.935,0.62,us,13.41,8.184,0.083,42
-33.1025,-178.8044,35.0,5.0,53,82.0,5.037,0.67,us,11.44,1.873,0.086,46
54.6579,-160.4966,10.081,4.0,40,188.0,0.554,0.75,us,3.51,6.079,0.231,5
-22.581,171.0902,62.341,4.6,25,118.0,3.367,1.2,us,12.49,9.128,0.114,23
-20.7091,168.9793,10.0,4.4,17,165.0,2.371,0.44,us,10.46,1.919,0.179,9
39.4008,143.2437,28.747,4.7,26,194.0,2.172,1.31,us,8.7,7.782,0.137,16
7.4907,127.1824,10.0,4.0,12,159.0,1.645,0.89,us,9.11,1.827,0.196,7
51.6538,160.1251,26.207,4.0,15,127.0,1.643,0.55,us,7.46,6.66,0.212,7
12.5899,145.3153,10.0,4.6,51,146.0,1.085,0.58,us,8.64,1.909,0.082,44
-24.1879,-66.7496,182.238,5.0,75,48.0,1.798,1.11,us,8.94,6.031,0.022,663
8.3505,-82.7848,13.425,4.5,39,134.0,1.834,0.59,us,9.97,5.728,0.095,32
-4.5266,152.6067,99.507,4.3,27,153.0,0.553,1.05,us,11.17,6.095,0.133,18
51.0136,158.2839,35.0,4.5,27,167.0,2.026,1.29,us,6.07,1.953,0.124,19
50.7248,158.2866,35.0,4.3,27,138.0,2.313,0.74,us,9.79,1.94,0.119,20
49.8847,159.2155,10.0,4.3,20,269.0,3.163,0.94,us,12.38,2.006,0.147,13
59.8337,-30.0607,10.0,4.5,40,104.0,6.391,0.66,us,9.58,1.905,0.101,30
-23.994,-69.4871,88.807,4.0,19,90.0,1.088,1.26,us,4.62,8.72,0.164,10
51.7781,159.7399,35.0,4.7,36,125.0,1.415,0.64,us,7.1,1.804,0.111,25
29.3421,129.4372,10.0,4.5,38,108.0,2.331,0.46,us,5.84,1.899,0.111,24
43.3761,-61.4153,10.0,3.8,10,247.0,2.014,0.82,us,4.04,2.017,0.294,3
-56.0161,-26.5191,34.327,4.6,27,123.0,5.974,0.8,us,14.06,7.883,0.107,26
13.2103,145.3437,74.39,4.2,18,159.0,0.597,0.6,us,8.81,7.284,0.153,12
43.9746,-128.2335,10.0,4.3,93,115.0,3.034,0.84,us,7.62,1.915,0.062,73
-21.3026,-67.7526,171.479,4.2,23,108.0,1.471,1.02,us,7.02,8.458,0.152,12
52.6348,159.1796,62.543,4.7,173,118.0,0.505,0.72,us,6.67,5.824,0.037,223
-63.0531,-63.8138,10.0,4.8,20,146.0,1.731,0.78,us,12.63,1.925,0.127,19
37.6443,20.8097,10.0,4.3,43,134.0,1.002,1.01,us,6.44,1.942,0.107,25
52.0455,159.0606,52.131,4.5,46,226.0,1.011,0.7,us,10.0,8.07,0.089,37
13.8938,39.803,10.0,4.3,28,97.0,3.786,0.79,us,6.44,1.945,0.125,18
-30.7154,-71.436,45.905,4.6,36,99.0,0.176,0.79,us,4.57,3.986,0.151,13
21.8677,93.6071,61.177,4.1,28,135.0,1.386,0.4,us,12.72,9.574,0.127,17
44.2437,148.7377,10.0,4.2,34,140.0,4.422,0.81,us,11.11,1.929,0.116,21
-20.6463,-69.019,101.767,4.4,22,79.0,0.518,0.56,us,4.18,5.317,0.139,15
29.6521,142.2359,10.0,4.1,27,150.0,2.547,0.67,us,10.38,1.449,0.131,16
-6.2398,151.8498,10.0,4.7,43,82.0,1.928,0.49,us,9.5,1.905,0.088,39
33.1712,-39.6429,10.0,4.7,21,94.0,12.386,0.79,us,11.72,1.806,0.137,16
50.4294,158.3403,10.0,4.6,90,132.0,2.605,0.6,us,9.85,1.893,0.059,85
34.6195,24.1625,59.814,4.4,30,210.0,2.627,0.67,us,10.95,10.224,0.092,34
14.7315,-94.1948,10.0,4.5,148,155.0,2.115,0.64,us,7.88,1.91,0.047,132
30.6523,107.094,13.2,4.5,23,117.0,6.005,0.23,us,12.9,3.996,0.145,14
-15.5218,-175.7339,10.0,4.9,29,112.0,4.146,0.75,us,11.54,1.887,0.11,26
50.4223,156.4143,80.433,4.0,34,137.0,2.806,0.73,us,10.78,7.586,0.086,36
-16.9047,-172.8988,10.0,4.7,30,124.0,40.225,1.11,us,14.62,1.85,0.115,25
52.0687,159.9883,10.0,4.9,13,121.0,1.258,0.82,us,11.15,1.924,0.096,38
52.6568,-174.3246,236.892,3.8,50,74.0,0.271,0.37,us,10.4,6.601,0.136,14
14.841,-94.4289,10.0,4.5,69,144.0,2.139,0.73,us,6.48,1.915,0.055,99
7.18,126.9502,66.934,4.9,51,72.0,1.365,0.83,us,8.18,7.643,0.087,41
1.6188,125.9846,73.706,4.4,21,92.0,1.157,0.68,us,5.81,8.571,0.17,10
41.3637,72.6422,10.0,5.1,237,25.0,0.251,0.71,us,3.4,1.706,0.034,284
-17.4239,-179.0828,562.052,4.2,45,122.0,1.754,0.59,us,12.99,8.811,0.087,37
13.6213,57.3897,10.0,4.4,25,88.0,11.32,0.72,us,12.82,1.918,0.13,17
-4.3094,136.2139,10.0,4.4,29,119.0,2.29,0.8,us,7.75,1.895,0.134,16
52.5766,160.7138,38.894,4.3,21,149.0,1.331,0.58,us,11.31,9.93,0.133,16
-8.392,119.4927,171.656,4.3,34,67.0,1.497,0.5,us,7.24,7.11,0.137,15
-52.2527,14.3795,10.0,5.4,206,23.0,20.405,0.44,us,7.91,1.701,0.052,130
-1.6625,-81.0281,10.0,4.7,53,155.0,1.56,0.67,us,8.89,1.908,0.089,38
-20.6341,-173.7564,10.0,4.4,12,112.0,3.923,0.54,us,9.93,1.926,0.24,6
3.7252,127.3883,47.66,4.2,26,107.0,2.151,0.62,us,7.35,8.612,0.124,18
51.1483,159.2805,35.0,4.2,12,231.0,1.918,0.63,us,13.96,1.993,0.2,7
33.5257,81.8743,10.0,4.7,91,78.0,7.903,0.47,us,8.89,1.843,0.063,77
39.1454,28.1083,17.179,4.0,28,57.0,0.939,0.99,us,4.23,2.814,0.26,4
52.5123,160.629,10.0,4.2,29,163.0,1.307,0.94,us,12.31,1.955,0.128,17
29.3391,129.3935,10.0,4.7,62,108.0,2.348,0.41,us,6.97,1.878,0.057,93
29.3512,129.6219,10.0,4.4,49,113.0,2.267,0.81,us,6.82,1.902,0.091,35
52.7353,160.6301,35.0,4.3,38,174.0,1.234,0.98,us,6.71,1.951,0.093,33
-19.3783,-69.1574,10.0,4.7,58,111.0,0.759,0.51,us,4.67,1.887,0.079,48
34.6969,70.789,10.0,4.5,28,136.0,1.377,0.67,us,10.65,2.313,0.089,37
-26.1076,-177.7458,207.762,4.3,36,135.0,9.189,0.94,us,16.19,8.298,0.094,32
-17.5274,-16.221,10.0,5.0,57,51.0,9.707,0.72,us,9.41,0.926,0.065,76
52.3877,161.6361,10.0,4.5,93,120.0,1.925,0.5,us,6.83,1.87,0.057,91
50.3789,157.4047,59.9,4.4,57,124.0,2.74,1.02,us,10.79,7.133,0.057,89
-23.2881,-179.5441,510.492,4.3,19,113.0,5.957,0.76,us,15.91,15.151,0.113,23
-18.7103,-69.2268,127.514,4.0,50,78.0,0.459,1.1,us,5.61,5.87,0.084,40
37.5417,144.0539,10.0,4.6,125,121.0,3.989,0.65,us,8.57,1.88,0.052,111
14.8887,54.9835,10.0,4.8,53,98.0,10.07,0.81,us,7.33,1.896,0.085,43
19.2965,145.452,172.446,4.3,52,144.0,4.046,0.52,us,14.8,10.424,0.08,44
-49.6431,122.0555,10.0,4.4,18,137.0,17.081,0.55,us,15.53,1.94,0.134,16
52.1059,159.4838,35.0,4.3,29,123.0,1.05,0.74,us,8.19,1.927,0.122,19
27.945,140.802,10.0,4.7,51,75.0,1.491,1.03,us,7.4,1.854,0.085,42
50.1143,157.001,37.985,4.6,85,127.0,3.03,0.69,us,10.69,6.683,0.064,74
-32.682,-179.6924,10.0,4.3,7,250.0,5.137,0.15,us,13.72,2.011,0.188,8
52.5367,161.0945,10.0,4.3,23,159.0,1.563,0.72,us,10.65,1.972,0.129,17
-6.5625,143.6975,10.0,4.3,20,107.0,4.128,0.79,us,7.43,1.904,0.154,14
-34.0135,-178.3875,10.0,4.2,22,253.0,4.445,0.98,us,11.82,1.975,0.132,16
51.8159,160.1211,29.241,4.9,48,119.0,1.508,1.11,us,10.31,6.107,0.051,123
51.2353,159.9008,10.0,4.5,35,138.0,1.95,0.98,us,10.49,1.909,0.108,25
-6.4066,146.528,104.314,4.2,32,77.0,3.044,0.71,us,10.1,8.342,0.136,22
-37.7097,176.1683,286.641,4.4,73,48.0,0.529,1.03,us,7.0,5.576,0.079,57
19.1365,145.5853,211.942,4.2,34,146.0,3.879,0.95,us,12.96,9.579,0.1,28
52.7211,160.2515,34.908,4.0,22,120.0,1.017,0.78,us,10.34,6.328,0.119,19
51.331,160.1171,10.0,4.6,22,135.0,1.921,0.96,us,11.88,1.921,0.133,17
-20.0652,-70.2102,58.421,4.1,26,140.0,0.996,0.88,us,5.17,9.736,0.14,14
-32.6436,-177.9727,10.0,4.4,15,251.0,5.777,0.73,us,9.67,1.99,0.179,9
48.7197,156.0922,10.0,4.4,18,216.0,4.51,1.0,us,14.76,1.995,0.189,9
29.3581,129.4375,10.0,4.5,47,112.0,2.316,0.58,us,7.96,1.891,0.076,54
49.8252,159.7464,10.0,4.4,72,137.0,3.275,0.8,us,8.43,1.469,0.072,56
-26.3577,-177.6499,10.0,4.4,22,125.0,2.887,0.61,us,12.03,1.891,0.13,17
52.48,160.2774,35.0,4.4,57,163.0,1.129,0.94,us,10.11,1.864,0.07,59
-4.39,153.0537,10.0,4.6,29,119.0,0.909,1.33,us,7.13,1.889,0.129,26
-23.4037,-179.9567,548.13,4.1,15,198.0,5.931,0.37,us,21.51,15.777,0.127,17
52.7901,160.9724,10.0,4.2,22,129.0,1.426,0.88,us,10.33,1.922,0.147,13
35.1996,139.0416,10.0,4.3,28,127.0,1.436,0.49,us,6.03,1.909,0.148,13
9.6436,126.3902,35.0,5.0,165,74.0,2.68,0.65,us,9.95,1.821,0.047,145
-43.54,-82.1448,10.0,4.4,14,152.0,8.255,0.52,us,11.08,1.908,0.203,7
-7.9926,126.6309,10.0,4.5,20,76.0,2.919,0.97,us,3.59,1.925,0.164,11
2.9712,-31.3943,10.0,4.8,157,123.0,9.831,0.64,us,10.65,1.875,0.047,147
-15.9789,-75.4902,10.0,4.6,29,139.0,4.179,0.62,us,11.47,1.906,0.129,18
7.378,126.6698,66.115,4.6,63,106.0,1.125,0.79,us,9.0,4.46,0.065,76
-30.0468,-71.6739,33.23,4.2,31,192.0,0.399,1.3,us,6.65,6.465,0.263,4
4.8731,96.6217,10.0,4.5,32,135.0,3.156,0.97,us,9.38,1.909,0.108,25
51.4361,159.5026,35.0,5.0,86,127.0,1.674,0.86,us,9.87,1.911,0.056,102
-6.1958,131.2517,62.978,4.3,24,92.0,2.136,0.72,us,5.21,8.289,0.154,15
-6.6339,147.6278,42.999,4.2,15,101.0,2.792,0.69,us,6.81,10.122,0.198,7
-56.9741,156.667,10.0,4.4,13,138.0,2.795,1.09,us,10.21,1.916,0.179,9
50.0025,155.9659,75.444,4.5,65,135.0,3.293,0.71,us,10.91,7.486,0.062,77
53.2679,159.797,58.308,4.6,107,104.0,0.733,0.73,us,8.53,6.989,0.046,139
5.7863,126.1918,102.636,4.9,77,46.0,1.265,1.14,us,6.7,6.638,0.047,140
45.8853,148.546,183.077,4.1,116,93.0,4.143,0.56,us,6.72,6.686,0.055,100
2.0474,125.3293,135.403,4.0,27,97.0,0.774,0.89,us,6.52,7.035,0.144,14
50.2794,156.7642,68.468,4.5,69,132.0,2.892,0.9,us,11.47,7.356,0.056,94
16.4988,41.3271,10.0,4.2,29,124.0,3.523,0.74,us,11.73,1.948,0.115,21
-6.8582,130.15,111.32,4.4,29,58.0,2.333,0.71,us,8.43,8.605,0.108,25
45.8993,148.1129,183.581,4.5,90,61.0,3.85,0.85,us,9.37,6.991,0.035,247
-21.7213,-68.8386,122.143,4.5,27,38.0,0.382,0.63,us,6.03,4.825,0.118,21
52.9581,161.1012,10.0,4.4,22,212.0,1.483,1.12,us,9.68,2.0,0.115,22
53.5821,-163.248,35.0,4.6,79,167.0,1.104,0.7,us,3.68,1.899,0.06,82
-9.8339,114.1307,36.132,4.2,19,110.0,1.355,1.07,us,4.36,8.398,0.16,11
-15.2084,-178.4429,414.974,4.3,65,52.0,2.454,0.89,us,11.74,6.437,0.045,142
12.4439,-88.7541,35.0,4.8,50,166.0,1.102,0.95,us,6.74,1.604,0.03,341
51.8869,161.3549,10.0,4.3,57,126.0,2.009,0.65,us,10.1,1.907,0.058,85
53.3547,161.6702,25.139,4.5,31,116.0,1.847,0.82,us,10.16,5.684,0.122,20
-54.1579,-136.4096,10.0,4.8,27,105.0,36.01,0.63,us,15.71,1.867,0.124,23
-7.9098,107.6951,67.784,4.6,41,114.0,0.447,0.82,us,9.38,5.871,0.078,49
43.7834,138.3116,253.814,4.0,37,93.0,3.11,0.67,us,8.33,7.335,0.111,22
28.2717,-43.944,10.0,4.9,55,113.0,20.891,1.04,us,12.53,1.894,0.058,95
33.8145,25.72,35.0,4.0,42,179.0,2.097,0.94,us,7.82,1.976,0.125,17
39.1743,142.0205,50.711,4.1,34,154.0,1.772,0.36,us,8.59,9.309,0.127,18
29.3616,129.3346,10.0,4.4,50,108.0,2.348,0.6,us,7.27,1.834,0.095,32
52.9813,161.0013,10.0,4.9,59,145.0,1.422,1.08,us,9.87,1.913,0.084,45
-22.8674,171.6726,10.0,4.4,13,129.0,3.909,0.93,us,6.98,1.919,0.239,5
14.8244,-94.1944,35.789,4.5,46,133.0,1.917,0.92,us,6.59,7.995,0.039,196
54.9538,-161.0595,80.002,3.4,34,152.0,0.503,0.45,us,4.85,6.296,0.245,4
32.0967,140.2388,95.775,4.7,75,111.0,1.077,0.71,us,8.24,6.701,0.066,69
50.3016,156.639,73.704,4.1,48,131.0,2.887,0.64,us,8.81,7.087,0.078,44
52.3338,160.1487,35.0,5.4,37,123.0,1.144,0.9,us,8.56,1.928,0.086,46
43.0876,130.9954,561.251,5.2,106,30.0,1.325,0.52,us,10.1,7.57,0.02,805
39.6435,143.5176,10.0,4.6,63,127.0,2.2,0.62,us,7.91,1.893,0.089,37
54.4454,-160.3182,19.807,4.5,114,157.0,0.573,0.52,us,5.33,5.46,0.094,33
13.162,126.5517,10.0,4.3,22,155.0,9.704,0.92,us,13.38,1.941,0.129,17
12.7999,123.5914,10.0,4.5,45,91.0,8.229,0.61,us,4.92,1.894,0.103,28
53.0361,160.8224,31.363,4.9,81,129.0,1.312,0.67,us,10.46,5.579,0.043,167
13.6125,124.8109,34.975,4.5,61,114.0,6.545,0.44,us,10.67,4.949,0.077,49
51.8133,161.2857,10.0,4.3,33,214.0,2.018,0.72,us,5.18,1.988,0.116,21
43.1049,144.8522,78.177,4.3,49,134.0,1.66,0.42,us,4.12,7.633,0.098,29
1.857,127.3892,127.143,4.6,41,95.0,2.581,1.12,us,7.66,7.434,0.093,34
51.3797,159.6732,10.0,4.6,44,128.0,1.763,1.23,us,9.64,1.897,0.079,48
52.0906,160.7429,35.0,5.1,57,123.0,2.118,1.09,us,12.27,1.932,0.076,55
49.2104,156.0509,24.768,4.6,50,138.0,4.038,0.71,us,8.14,6.484,0.069,63
29.3486,129.2917,10.0,4.2,26,107.0,2.375,0.88,us,8.07,1.902,0.137,16
-2.1326,139.0342,35.0,5.0,42,56.0,1.011,0.63,us,5.4,1.866,0.06,88
51.5138,159.7014,25.46,4.9,68,128.0,1.644,1.0,us,9.29,5.436,0.057,97
1.9913,126.4277,54.045,5.1,85,55.0,2.883,0.72,us,7.39,7.049,0.054,111
6.2483,126.4764,83.347,4.6,70,105.0,1.208,0.73,us,7.84,5.844,0.056,96
51.8363,160.0254,27.55,4.9,212,88.0,1.91,1.1,us,7.09,4.697,0.04,197
53.3625,161.0232,35.0,4.5,26,189.0,1.468,0.78,us,6.95,1.962,0.132,17
52.3337,160.2758,30.306,5.1,201,121.0,1.207,0.76,us,8.67,4.921,0.033,296
37.3914,141.0693,73.977,4.6,30,109.0,2.443,0.56,us,6.44,8.32,0.119,21
-9.1139,123.9199,94.87,4.2,24,103.0,0.723,0.64,us,7.71,8.286,0.128,19
52.1653,161.4418,10.0,5.0,128,87.0,1.907,0.72,us,7.05,1.351,0.027,419
51.4133,159.6257,10.0,4.3,20,137.0,2.07,1.23,us,12.54,1.923,0.133,16
51.4836,159.7335,25.182,4.6,56,157.0,1.68,0.92,us,8.55,5.381,0.077,51
52.031,160.4215,10.0,4.3,20,125.0,1.469,1.25,us,9.24,1.923,0.133,16
-58.8466,-25.3979,35.0,4.5,23,100.0,31.393,0.43,us,14.68,1.935,0.125,19
52.1854,160.6773,10.0,4.4,37,153.0,2.036,0.95,us,9.17,1.903,0.095,32
-19.1257,-174.6439,88.347,4.6,32,89.0,4.46,0.65,us,12.61,9.068,0.095,33
-23.4655,-66.409,207.267,4.3,34,61.0,1.707,1.01,us,8.64,7.523,0.147,13
42.5603,141.8573,124.639,4.3,56,93.0,1.108,0.9,us,6.64,7.837,0.082,42
17.6947,-94.2824,182.557,4.7,82,94.0,0.363,0.92,us,6.58,5.794,0.04,190
53.1434,160.2961,43.05,4.5,82,117.0,1.0,1.07,us,8.5,7.387,0.058,87
49.519,158.4543,10.0,4.4,34,136.0,3.511,0.6,us,12.45,1.912,0.105,26
7.4839,127.4446,10.0,4.3,20,134.0,1.896,0.67,us,10.01,1.805,0.137,15
4.937,127.879,10.0,4.3,23,166.0,2.4,0.5,us,10.37,1.952,0.148,13
15.52,120.0935,59.843,4.7,62,80.0,7.318,0.8,us,9.77,7.196,0.086,41
-23.8747,-179.8676,503.624,4.3,41,140.0,6.401,0.58,us,14.86,8.899,0.109,24
-7.2499,120.2784,577.946,4.6,52,47.0,2.282,1.07,us,11.14,8.933,0.104,28
-6.1582,147.7152,81.658,4.6,26,110.0,3.272,0.49,us,9.79,10.271,0.113,23
51.2104,159.6003,10.0,4.6,32,155.0,1.908,0.99,us,7.65,1.938,0.114,26
11.4966,-87.1129,35.0,4.6,114,175.0,1.066,0.74,us,5.28,1.949,0.045,145
50.2564,157.1007,39.866,4.3,38,164.0,2.88,0.75,us,10.34,9.233,0.082,48
52.3277,161.5303,10.0,4.4,21,135.0,1.887,0.62,us,13.76,1.941,0.134,16
51.7915,159.8475,22.905,5.1,69,125.0,1.435,0.97,us,9.48,5.594,0.059,92
41.4194,19.5601,10.0,4.2,51,56.0,0.239,0.9,us,2.47,1.888,0.094,32
35.3011,22.9066,63.309,4.1,20,205.0,2.035,0.65,us,10.5,13.321,0.185,8
-22.9236,170.9414,10.0,4.2,15,120.0,3.24,0.46,us,7.61,1.793,0.167,11
20.7669,95.9487,10.0,4.5,46,117.0,1.059,0.85,us,7.63,1.891,0.095,32
-14.9242,-75.7626,35.0,5.1,100,131.0,3.102,0.69,us,8.75,1.909,0.038,221
50.4325,157.9377,26.823,4.2,27,137.0,2.632,0.91,us,13.17,6.358,0.113,22
-33.9256,-178.3594,10.0,4.5,17,248.0,4.529,0.41,us,14.83,2.001,0.157,12
52.9244,161.1829,10.0,4.3,20,188.0,1.535,1.13,us,11.05,1.991,0.133,16
51.2481,159.4835,10.0,4.6,35,221.0,2.163,0.73,us,10.03,1.975,0.092,35
52.4136,160.5695,10.0,5.2,76,103.0,1.318,0.8,us,10.41,1.864,0.043,178
40.9578,14.7014,10.0,4.4,67,59.0,0.125,1.15,us,3.89,1.403,0.127,18
38.9238,70.8581,10.776,4.5,131,60.0,0.917,0.82,us,3.33,3.845,0.052,112
-23.7261,179.9473,522.823,4.6,58,65.0,5.816,1.09,us,12.31,6.544,0.038,218
51.1084,174.7868,10.0,3.7,69,222.0,1.678,0.6,us,8.54,1.982,0.072,49
-55.7026,-27.6201,88.876,4.7,19,124.0,5.3,0.68,us,12.83,7.29,0.12,21
52.3289,160.1775,38.776,4.3,20,151.0,1.161,0.59,us,9.19,6.467,0.177,9
52.8893,160.8106,10.0,5.2,136,73.0,1.314,1.26,us,8.08,1.786,0.027,464
52.2122,160.634,16.666,4.5,75,150.0,1.457,0.81,us,9.44,5.513,0.071,58
41.2096,142.1449,54.88,4.9,62,112.0,0.919,0.63,us,5.69,5.625,0.063,79
52.3102,160.6634,10.0,4.8,113,80.0,1.419,0.63,us,8.46,1.858,0.039,208
11.9549,143.5187,10.0,4.4,39,78.0,2.091,0.61,us,9.44,1.9,0.103,27
52.4048,160.6361,11.326,4.5,44,117.0,1.358,0.86,us,9.76,5.048,0.053,103
7.4316,127.1295,10.0,4.9,98,53.0,1.58,0.49,us,6.67,1.847,0.06,87
52.263,160.126,32.103,4.4,36,123.0,1.179,0.52,us,7.93,5.667,0.097,31
-20.5334,-178.3095,540.152,4.4,44,124.0,4.418,0.7,us,14.12,7.851,0.097,33
54.5235,-159.6828,30.579,3.9,76,187.0,0.313,0.72,us,6.72,7.492,0.23,5
40.2919,143.9546,10.0,4.4,17,147.0,1.824,0.63,us,7.34,1.95,0.169,12
52.5842,160.9213,10.0,4.4,43,115.0,1.447,0.52,us,8.94,1.903,0.09,36
6.3234,126.8352,114.979,4.4,47,55.0,1.451,0.54,us,6.76,6.092,0.087,38
-9.5515,112.6251,36.169,4.0,14,90.0,1.852,0.81,us,7.13,11.179,0.164,10
-32.6071,-177.5916,10.0,5.2,89,50.0,5.978,0.65,us,10.72,1.781,0.071,65
52.5479,-169.6073,35.0,3.6,43,185.0,0.249,1.32,us,4.23,1.977,0.104,23
-21.0829,174.3502,10.0,4.4,9,132.0,4.82,0.6,us,8.1,1.926,0.268,4
31.9675,131.9413,31.361,4.4,44,98.0,1.348,0.81,us,5.9,6.555,0.107,25
14.1402,-89.8738,10.0,4.3,58,125.0,0.254,1.0,us,8.86,1.975,0.083,41
15.0143,120.4564,10.0,4.4,40,104.0,14.896,0.89,us,9.46,1.893,0.097,31
-2.421,139.0541,41.582,4.4,28,75.0,1.023,1.17,us,6.26,5.012,0.109,24
49.811,155.8168,78.348,4.1,39,138.0,3.505,0.64,us,13.8,8.406,0.101,27
12.6711,120.8885,10.0,4.3,29,124.0,15.703,0.56,us,14.67,1.939,0.119,20
3.0125,-31.2702,10.0,4.7,54,153.0,9.924,0.52,us,14.35,1.922,0.078,50
30.1427,-43.2121,10.0,4.4,29,85.0,18.5,0.89,us,12.03,1.918,0.118,21
-24.2993,-175.7043,31.869,5.1,71,113.0,5.312,0.64,us,11.14,5.434,0.071,64
-9.2752,124.6063,35.0,4.6,27,49.0,0.583,1.42,us,6.16,1.946,0.129,18
27.8589,56.9111,10.0,4.1,37,142.0,2.97,0.79,us,11.6,1.884,0.101,27
51.6288,159.6054,10.0,5.4,40,127.0,1.515,0.46,us,5.08,1.88,0.12,24
52.0987,161.5807,10.0,4.4,57,125.0,2.014,0.67,us,9.88,1.896,0.06,82
-2.6383,138.8898,65.572,4.8,102,63.0,0.914,0.65,us,6.73,6.464,0.051,121
7.0621,126.8812,66.09,4.5,35,112.0,1.292,1.13,us,8.9,8.155,0.094,33
51.4337,159.5434,10.0,5.1,23,122.0,1.684,0.76,us,10.39,1.602,0.134,18
51.8378,159.4512,52.802,5.0,74,134.0,1.285,0.81,us,9.36,5.952,0.058,95
32.9882,102.963,10.0,4.5,115,66.0,3.022,0.62,us,6.45,1.64,0.055,100
-57.9144,-25.4478,68.264,5.0,64,55.0,7.165,0.65,us,9.09,5.222,0.081,49
-1.3104,133.9928,42.419,4.8,86,70.0,1.53,0.68,us,6.26,7.402,0.064,76
52.9094,160.5623,35.0,4.1,24,165.0,1.162,0.8,us,13.12,1.981,0.126,17
51.8637,158.4105,67.372,4.3,34,135.0,1.171,0.64,us,9.49,7.452,0.108,24
51.7785,158.683,61.473,4.2,46,124.0,1.247,0.66,us,8.78,7.63,0.095,31
48.3376,155.4721,10.0,5.1,61,95.0,4.981,1.01,us,10.49,1.824,0.065,76
-7.966,122.8202,233.285,4.0,22,51.0,0.88,0.53,us,7.8,6.738,0.184,10
50.9991,159.3177,10.0,4.5,28,130.0,2.069,0.57,us,7.47,1.902,0.109,25
0.2823,122.0762,188.972,4.1,21,69.0,1.488,0.54,us,6.59,6.338,0.151,12
50.701,160.097,10.0,4.2,35,135.0,2.493,0.81,us,11.03,1.884,0.105,25
50.0412,159.4925,10.0,4.4,38,129.0,3.032,0.92,us,10.38,1.897,0.095,32
-46.9887,166.036,15.241,4.5,22,98.0,0.935,1.14,us,6.66,6.319,0.156,13
-24.2567,-66.9839,161.926,4.8,63,38.0,2.536,1.0,us,7.19,7.007,0.032,294
29.0846,86.7036,10.0,4.5,26,164.0,3.909,0.71,us,9.68,1.889,0.124,19
51.9943,161.5636,10.0,4.0,22,126.0,2.057,0.6,us,6.24,1.919,0.164,10
52.7739,161.1396,10.0,4.5,19,212.0,1.529,1.35,us,14.27,1.996,0.18,9
6.3868,126.5214,10.0,4.3,22,105.0,1.156,1.2,us,7.03,1.914,0.129,17
-10.5996,161.9082,66.851,4.0,19,158.0,2.25,0.33,us,7.03,7.72,0.126,17
45.178,150.1279,63.248,4.4,66,134.0,5.427,0.65,us,10.52,7.586,0.081,44
8.9868,123.9738,545.444,4.1,66,72.0,4.482,0.56,us,11.67,8.984,0.071,54
52.2281,160.8165,34.499,4.2,27,214.0,1.542,1.24,us,14.4,9.644,0.115,21
52.8552,159.6834,58.048,4.3,22,207.0,0.648,1.09,us,13.03,6.106,0.142,14
52.5195,159.7031,16.375,6.3,29,121.0,0.815,0.67,us,9.45,5.247,0.116,29
7.6879,127.2735,10.0,4.5,22,68.0,1.789,0.61,us,5.48,1.869,0.145,15
-51.3994,-75.3811,18.674,4.3,15,177.0,2.766,0.92,us,10.84,6.11,0.177,9
-2.1428,120.7358,10.0,4.6,29,62.0,0.533,0.8,us,6.02,1.93,0.125,22
43.7625,-28.7597,10.0,4.8,132,54.0,4.748,0.62,us,9.32,1.876,0.05,123
54.4878,-159.8641,35.0,3.2,25,159.0,0.379,0.84,us,2.73,1.993,0.215,5
-20.7635,-177.9014,497.256,4.3,59,101.0,4.86,0.6,us,13.15,6.939,0.07,61
52.2593,159.0057,68.738,4.3,97,132.0,0.795,0.66,us,5.14,6.524,0.059,85
51.1533,159.2446,35.0,4.4,35,222.0,1.909,0.65,us,10.44,1.98,0.092,34
53.0089,159.5631,65.965,4.2,50,117.0,0.552,1.09,us,10.52,7.756,0.068,60
-11.9603,166.1371,70.99,5.0,83,115.0,3.617,0.99,us,10.43,7.066,0.067,71
51.542,159.5575,36.094,4.5,66,120.0,1.585,0.74,us,9.01,6.941,0.074,53
51.3493,159.4764,10.0,4.6,22,255.0,1.752,0.72,us,9.76,1.997,0.136,16
51.5465,16.2354,5.0,4.3,54,43.0,1.199,0.81,us,4.37,1.884,0.087,37
40.161,142.5495,42.412,4.3,16,135.0,1.295,0.34,us,10.84,9.413,0.161,11
-21.3156,-67.2314,177.186,4.4,102,45.0,1.85,1.13,us,6.67,6.661,0.059,90
50.6319,159.9877,10.0,4.7,75,124.0,2.535,0.61,us,8.33,1.884,0.043,161
-18.0293,-178.3832,606.532,4.3,57,81.0,2.644,0.72,us,12.54,8.65,0.056,89
51.3867,159.5006,10.0,4.5,40,128.0,1.721,0.61,us,5.37,1.882,0.094,33
-29.6809,-177.2747,35.0,4.7,18,125.0,18.146,0.67,us,10.54,1.941,0.117,22
51.3512,159.5502,10.0,4.4,28,128.0,1.764,1.16,us,9.86,1.914,0.107,25
13.7314,-90.3793,78.589,4.6,67,122.0,0.607,0.96,us,8.63,7.475,0.072,58
-23.4951,171.78,10.0,4.7,19,116.0,4.087,0.71,us,9.53,1.852,0.134,17
52.7932,160.9504,13.417,4.4,28,119.0,1.412,1.04,us,10.56,5.105,0.11,24
5.9272,61.3713,10.0,4.3,16,194.0,23.225,0.57,us,11.07,1.94,0.177,9
43.2761,-28.9956,10.0,4.7,62,123.0,6.108,0.94,us,10.34,1.893,0.043,164
-5.5903,147.5275,196.852,4.3,50,85.0,3.527,0.64,us,12.17,7.39,0.082,42
50.6043,158.6047,10.0,4.8,88,125.0,2.423,0.57,us,10.28,1.9,0.058,93
54.529,-159.884,35.0,3.6,39,196.0,0.348,0.66,us,4.88,1.976,0.223,5
64.4923,-17.9921,10.0,4.2,36,136.0,1.46,0.85,us,7.88,1.921,0.113,22
52.0518,159.8465,54.657,4.3,21,228.0,1.217,0.88,us,8.86,8.923,0.154,12
11.3625,139.4032,10.0,4.4,18,152.0,5.778,0.47,us,7.65,1.95,0.149,13
48.9102,155.8496,35.0,4.1,36,135.0,4.363,0.9,us,10.81,1.94,0.112,22
-17.9768,-69.8892,115.162,4.4,50,109.0,0.548,0.72,us,6.92,5.416,0.084,42
-31.6409,-69.4685,109.83,4.2,22,64.0,0.687,0.98,us,4.21,7.783,0.237,5
49.3741,155.5437,59.187,4.5,25,138.0,3.977,0.76,us,11.29,8.224,0.124,19
-20.3338,66.2018,10.0,4.7,35,82.0,2.724,0.57,us,13.06,1.891,0.108,26
18.3952,145.3673,483.652,4.2,56,123.0,3.163,0.49,us,12.5,9.5,0.075,50
-58.8007,-25.4875,29.994,5.5,63,33.0,7.576,0.86,us,9.88,5.042,0.052,126
9.7118,93.6542,10.0,4.4,46,121.0,5.522,0.42,us,8.8,1.911,0.102,28
-17.2084,-174.6589,206.544,4.5,25,117.0,4.295,0.85,us,14.94,13.13,0.111,26
-25.0496,-68.7605,93.553,4.4,30,71.0,0.761,0.7,us,7.64,6.486,0.124,19
-2.8693,147.2599,10.0,4.4,22,80.0,0.827,1.48,us,6.8,1.271,0.139,15
53.0947,160.9131,28.999,4.2,40,134.0,1.368,0.61,us,13.34,6.624,0.099,28
-7.1826,128.1258,223.536,4.0,29,60.0,4.593,0.52,us,9.74,8.012,0.15,12
-23.0244,171.6051,10.0,4.4,16,130.0,3.858,0.88,us,8.09,1.891,0.189,10
-35.3543,-179.7076,10.0,4.1,21,152.0,2.724,0.55,us,8.37,1.929,0.198,10
52.4876,160.7329,10.0,4.1,20,174.0,1.375,0.55,us,10.8,1.99,0.151,13
53.1798,161.3413,10.0,4.1,30,117.0,1.63,0.4,us,9.38,1.873,0.124,18
41.2822,142.7532,40.195,4.3,32,142.0,0.792,0.91,us,6.2,8.466,0.122,19
50.1159,155.2219,35.0,4.5,47,137.0,3.371,0.88,us,8.43,1.88,0.082,43
52.534,-172.5469,111.524,3.6,31,163.0,1.065,0.82,us,12.58,10.187,0.166,10
51.4931,158.2431,32.584,4.6,30,126.0,1.553,0.33,us,7.97,6.116,0.103,28
-35.6874,-18.7212,10.0,5.0,47,61.0,22.811,1.21,us,5.19,1.87,0.085,44
52.5439,160.992,10.0,4.2,20,203.0,1.501,1.01,us,10.47,1.856,0.167,10
-58.5996,-25.1282,35.0,4.6,45,84.0,15.952,0.65,us,12.61,1.873,0.093,34
0.8882,-29.6473,10.0,4.5,16,98.0,9.137,0.87,us,12.55,1.919,0.15,13
54.459,-159.6977,33.217,4.1,112,163.0,0.378,0.58,us,5.69,6.304,0.14,14
-3.978,101.4954,34.424,4.3,27,138.0,1.505,0.83,us,4.6,6.587,0.129,17
-26.9539,-71.4965,26.241,4.0,13,155.0,0.594,0.44,us,8.24,7.285,0.258,4
51.8666,160.1905,34.132,4.1,21,158.0,1.494,0.58,us,10.19,5.479,0.175,11
52.5213,160.7646,10.0,4.7,41,187.0,1.38,1.11,us,12.83,1.958,0.063,77
13.183,-91.0471,10.0,4.3,31,218.0,1.425,0.92,us,7.96,1.991,0.051,109
51.6219,159.8177,10.0,4.5,48,164.0,1.576,0.99,us,10.93,1.942,0.093,34
51.4024,159.5171,10.0,4.6,48,128.0,1.709,0.78,us,8.73,1.885,0.085,45
30.0057,142.5793,10.0,4.4,38,157.0,2.92,0.96,us,9.82,1.919,0.101,28
51.3784,160.8103,10.0,4.2,36,128.0,2.117,0.57,us,8.17,1.801,0.118,20
51.2851,159.4375,20.422,4.5,42,138.0,1.807,1.03,us,11.04,4.364,0.097,31
-1.8981,-77.8274,156.913,4.2,62,114.0,0.448,0.53,us,10.37,7.417,0.073,52
-31.2474,-178.8334,77.894,4.5,20,158.0,2.144,0.77,us,14.04,10.309,0.135,17
3.45,122.7234,540.502,4.2,74,39.0,2.905,0.64,us,9.88,8.092,0.069,60
-4.1792,128.6891,9.651,4.6,54,75.0,1.259,0.52,us,7.27,4.259,0.087,40
-22.119,-68.7234,117.133,4.3,30,48.0,0.578,0.59,us,4.89,4.122,0.125,18
52.5445,160.4283,35.0,4.5,30,118.0,1.182,0.8,us,9.49,1.93,0.118,21
2.9189,125.8797,131.199,4.6,58,93.0,1.796,0.88,us,3.64,6.878,0.081,45
0.2595,126.0832,44.422,4.5,62,34.0,1.38,0.71,us,5.07,6.004,0.078,53
37.4074,66.2685,10.0,4.3,29,145.0,2.498,0.69,us,9.75,1.976,0.2,7
53.2389,161.4336,25.407,4.2,34,116.0,1.691,0.76,us,10.14,5.871,0.104,29
38.6269,141.9194,68.104,4.2,30,160.0,2.258,0.66,us,6.8,8.814,0.153,12
8.1377,126.552,70.852,4.4,42,95.0,1.434,1.03,us,10.7,6.358,0.099,29
5.5943,126.3364,57.556,4.3,19,178.0,1.209,0.49,us,11.02,10.491,0.16,12
-55.6948,-28.0794,34.514,5.4,118,39.0,5.044,0.7,us,10.25,3.717,0.059,100
29.3266,129.2927,8.12,4.5,70,108.0,2.395,0.36,us,7.48,4.534,0.075,52
43.2155,146.4408,61.011,4.5,55,185.0,2.704,0.64,us,10.32,6.583,0.081,44
41.0241,142.1743,66.79,4.6,41,133.0,0.873,0.68,us,6.68,7.218,0.107,26
39.7114,143.3391,28.699,4.3,35,157.0,2.047,0.49,us,8.53,5.289,0.122,19
-11.7502,163.4071,10.0,4.5,22,113.0,4.104,0.58,us,9.56,1.9,0.132,18
6.2254,125.8788,125.466,4.4,44,55.0,0.89,0.44,us,7.7,6.669,0.098,30
6.1014,94.9925,10.0,4.6,63,65.0,2.13,0.6,us,5.69,1.712,0.077,50
50.5344,157.9461,35.0,4.2,17,164.0,2.531,0.99,us,9.98,1.972,0.186,8
-56.4211,-26.6734,89.205,4.4,24,105.0,5.994,0.59,us,15.74,7.412,0.18,9
-31.3288,-70.8823,96.919,4.3,26,114.0,0.161,0.65,us,3.95,5.496,0.307,3
52.339,160.7464,19.625,4.3,36,122.0,1.449,0.35,us,10.43,5.472,0.083,41
7.6856,-82.2567,10.0,4.6,41,248.0,2.676,0.79,us,9.75,2.004,0.046,141
25.2082,-109.508,10.0,4.1,23,179.0,0.576,1.15,us,6.74,1.938,0.12,19
-58.0537,-25.9073,10.0,4.3,9,181.0,16.624,0.96,us,18.57,1.983,0.178,9
13.7827,144.7929,159.547,4.3,21,97.0,0.206,0.7,us,7.89,2.767,0.142,14
51.7865,160.554,10.0,4.4,35,192.0,2.192,0.62,us,11.43,1.956,0.107,25
-0.1931,125.2772,49.367,4.7,49,68.0,4.678,0.79,us,6.98,8.427,0.095,34
49.1492,156.2055,35.0,4.4,41,107.0,4.074,0.48,us,12.41,1.936,0.103,27
52.1658,160.4818,10.0,5.0,62,118.0,1.409,1.38,us,9.05,1.88,0.052,119
49.1922,156.1935,91.356,4.4,22,158.0,4.034,1.09,us,9.37,9.778,0.131,19
-14.9266,166.7213,33.262,4.9,39,48.0,0.696,1.12,us,5.53,5.021,0.084,44
51.4799,159.4029,45.69,4.3,40,135.0,1.938,0.71,us,7.79,7.144,0.099,29
-55.9161,-26.0767,10.0,4.5,16,114.0,6.196,0.5,us,14.74,1.639,0.145,14
51.7128,159.9186,25.934,4.5,22,126.0,1.526,0.71,us,11.27,6.167,0.121,20
-3.2878,-77.9048,99.569,4.0,28,143.0,1.578,0.85,us,9.66,9.703,0.113,21
34.7289,68.712,10.0,4.2,41,169.0,0.409,0.64,us,6.17,1.959,0.113,22
50.6307,159.9132,10.0,4.0,17,138.0,2.521,0.23,us,8.7,1.845,0.184,8
-20.5523,-178.8698,622.042,4.1,30,115.0,4.032,0.72,us,15.97,8.268,0.095,31
54.4463,-159.9997,10.0,4.0,56,203.0,0.453,0.78,us,5.36,1.941,0.183,8
52.5602,159.2722,50.646,4.7,228,127.0,0.598,0.78,us,8.5,6.517,0.031,307
-18.7291,65.5576,10.0,4.6,25,86.0,2.305,0.72,us,12.06,1.882,0.119,21
52.9932,160.8329,35.0,4.9,84,114.0,1.319,1.01,us,9.27,1.891,0.046,151
52.9166,160.7435,19.179,5.0,154,106.0,1.271,0.72,us,8.21,4.534,0.025,523
-5.5494,147.3749,197.913,5.0,111,30.0,3.483,0.94,us,6.42,4.518,0.039,220
-27.7912,-178.3832,10.0,4.5,21,222.0,1.503,0.81,us,10.04,1.984,0.132,17
-9.6123,119.5807,67.743,4.9,81,53.0,0.709,1.16,us,6.03,4.964,0.073,59
43.7287,89.0912,10.0,4.5,58,79.0,4.767,0.87,us,9.12,1.94,0.106,26
52.1893,160.4547,10.0,4.5,38,161.0,1.382,0.94,us,9.56,1.949,0.099,30
50.1627,158.7531,10.0,4.4,40,134.0,2.865,1.03,us,6.82,1.898,0.103,27
13.4673,-92.4823,10.0,4.2,39,189.0,1.409,0.6,us,8.66,1.971,0.11,23
13.2889,-90.9944,11.649,4.5,128,88.0,1.326,0.96,us,6.99,4.389,0.038,207
52.2481,160.418,10.0,4.4,36,121.0,1.328,1.2,us,9.75,1.898,0.1,31
47.7371,152.4835,138.606,4.4,53,134.0,6.324,1.02,us,10.19,7.642,0.06,79
34.2735,45.488,10.0,4.6,61,105.0,4.482,0.96,us,10.49,1.901,0.061,80
39.5908,142.0396,49.54,4.4,26,147.0,1.411,0.81,us,8.4,8.133,0.143,14
51.2776,160.4296,10.0,4.3,48,134.0,2.064,0.78,us,9.99,1.909,0.094,32
51.8821,160.0998,35.0,4.4,23,137.0,1.447,0.81,us,11.12,1.951,0.127,18
53.2957,159.8974,73.63,4.1,22,163.0,1.336,0.71,us,15.18,11.829,0.12,19
-0.1008,123.016,82.215,4.2,26,79.0,0.966,0.65,us,7.17,6.962,0.166,11
52.3932,160.147,55.118,4.9,65,143.0,1.108,0.86,us,7.87,11.465,0.056,100
37.6612,144.2886,10.0,4.9,110,125.0,4.003,0.86,us,7.52,1.859,0.062,81
36.958,21.8613,22.983,4.8,61,59.0,0.226,1.0,us,5.89,5.444,0.051,117
-24.9691,-70.0925,74.889,4.3,16,155.0,0.494,0.54,us,5.25,5.022,0.188,8
52.5535,160.9023,10.0,4.5,46,143.0,1.447,0.86,us,12.12,1.919,0.055,97
33.6428,139.4938,10.0,4.7,63,102.0,0.59,0.66,us,5.4,1.888,0.089,38
-24.8036,179.8157,506.506,4.6,61,132.0,7.213,0.75,us,13.43,7.67,0.072,58
52.5234,160.4481,35.0,4.0,38,207.0,1.202,0.72,us,11.16,2.004,0.089,34
-6.8923,125.3166,539.225,4.4,27,104.0,3.028,0.78,us,14.16,11.178,0.12,20
52.2757,160.5521,10.0,4.3,38,155.0,1.38,1.11,us,9.63,1.939,0.099,29
-46.031,-16.2286,10.0,5.0,65,70.0,15.345,0.55,us,11.22,1.837,0.076,56
52.7451,160.8097,10.0,4.4,23,189.0,1.338,0.54,us,7.29,1.979,0.155,12
-57.96,157.536,10.0,4.2,17,109.0,3.558,0.71,us,8.07,1.914,0.167,11
-6.6663,126.6796,466.147,4.1,32,76.0,3.852,0.56,us,8.66,8.686,0.109,23
51.9517,160.8726,10.0,4.1,14,217.0,1.732,0.93,us,7.21,1.992,0.213,7
52.7834,160.6207,21.723,4.1,34,119.0,1.218,1.1,us,9.77,6.502,0.111,23
63.6746,-23.2381,10.0,4.3,55,100.0,1.363,0.79,us,8.72,1.927,0.071,56
52.4912,160.5727,10.0,4.5,58,120.0,1.284,0.89,us,9.42,1.882,0.072,56
39.7797,143.3081,37.034,4.2,26,155.0,1.991,0.73,us,7.5,8.767,0.175,11
2.5713,96.0048,10.0,4.9,57,104.0,2.802,0.87,us,8.6,1.769,0.069,65
-20.6707,-175.1802,97.824,4.6,17,146.0,5.192,0.39,us,11.85,16.167,0.128,18
52.119,160.5188,26.651,4.0,17,167.0,1.984,1.03,us,12.51,8.326,0.144,13
14.8483,119.8742,42.577,4.8,52,88.0,8.438,0.84,us,9.64,7.73,0.068,67
-59.6091,-26.2882,104.606,5.1,79,68.0,7.714,0.54,us,11.44,7.09,0.057,100
-60.1785,-26.8852,43.133,4.5,17,110.0,14.972,0.81,us,15.26,9.063,0.14,15
-7.2685,114.1349,10.0,4.4,32,45.0,1.194,0.82,us,4.35,1.882,0.131,19
-58.1669,-25.5017,35.0,4.4,37,80.0,7.253,0.38,us,9.86,1.72,0.148,15
8.2335,127.5108,10.0,4.7,71,66.0,2.237,0.63,us,9.17,1.868,0.074,55
23.6208,100.6849,10.0,4.4,28,81.0,2.535,1.02,us,9.13,1.901,0.143,15
48.8812,155.9025,35.0,4.6,40,137.0,4.382,0.85,us,12.46,1.937,0.095,33
-17.2313,-71.9149,72.708,4.2,24,132.0,1.879,0.76,us,8.95,9.815,0.186,8
51.7957,160.9284,10.0,4.2,35,218.0,1.86,1.2,us,10.06,1.975,0.105,25
52.2664,160.2345,35.0,4.7,36,140.0,1.228,1.37,us,11.06,1.939,0.093,35
51.9143,158.3912,77.264,4.5,55,138.0,1.122,0.65,us,8.26,7.038,0.064,73
51.2367,159.6402,10.0,4.6,25,124.0,1.891,0.45,us,9.11,1.925,0.192,13
-6.9672,129.6672,141.95,4.2,17,126.0,4.773,0.8,us,5.54,9.312,0.175,9
53.3517,-163.5343,18.904,3.4,32,209.0,1.301,0.87,us,5.65,10.453,0.219,5
52.7173,160.8827,39.617,4.2,47,163.0,1.388,0.59,us,13.14,8.857,0.081,43
46.219,136.3127,420.592,4.6,149,34.0,3.662,0.85,us,9.07,6.585,0.024,499
-14.2592,167.6566,10.029,4.2,23,153.0,1.26,1.35,us,13.28,6.157,0.146,14
49.8726,156.0011,83.27,4.4,35,138.0,9.276,0.38,us,13.51,7.866,0.102,28
50.1518,158.1682,20.654,4.2,13,176.0,2.891,0.99,us,10.03,7.899,0.186,8
-5.8145,151.2915,35.0,4.4,25,119.0,1.832,1.05,us,5.62,1.934,0.124,19
50.9121,160.1227,10.0,4.4,38,223.0,2.302,0.67,us,11.44,1.981,0.095,32
53.0959,161.4165,10.0,4.5,34,117.0,1.671,1.1,us,10.89,1.905,0.093,34
18.8286,145.2538,199.55,4.0,20,145.0,3.604,0.34,us,15.84,11.111,0.134,15
49.7634,155.8637,77.256,4.2,30,152.0,3.541,0.51,us,14.26,9.094,0.125,22
52.5356,160.6832,26.601,4.2,22,121.0,1.328,1.17,us,10.11,3.469,0.132,16
51.8281,159.8357,35.0,4.2,20,188.0,1.4,1.03,us,10.59,1.988,0.146,13
-6.9643,125.0035,562.786,4.4,57,55.0,2.867,0.5,us,10.03,8.109,0.08,45
26.8866,55.2525,10.0,4.1,20,136.0,2.115,1.0,us,11.68,1.913,0.174,9
-35.9912,-179.9542,10.0,4.3,13,245.0,2.1,0.79,us,15.6,2.002,0.169,10
52.6396,160.7409,10.0,4.4,25,120.0,1.326,1.1,us,10.45,1.919,0.123,19
53.6258,161.2762,36.294,4.7,68,134.0,1.687,0.61,us,11.37,7.317,0.062,79
-32.4483,-68.071,144.202,4.6,57,72.0,1.034,0.59,us,6.39,6.884,0.098,31
20.0387,121.4161,45.644,4.4,79,85.0,2.783,0.69,us,8.83,7.022,0.068,62
18.762,145.3384,236.346,4.1,17,128.0,3.528,0.27,us,18.81,13.401,0.165,10
49.4935,157.1299,10.0,4.2,16,138.0,3.637,0.41,us,12.99,1.938,0.159,11
-9.1674,-75.1848,109.6,4.2,17,115.0,3.242,0.48,us,8.72,8.942,0.175,9
-16.4461,-175.3776,235.071,4.2,15,156.0,4.291,0.46,us,9.18,14.822,0.153,12
50.8157,160.0723,10.0,4.5,115,135.0,2.38,0.52,us,9.7,1.905,0.049,123
54.8264,159.9452,10.0,4.3,19,169.0,1.962,0.7,us,14.56,1.934,0.133,16
53.0985,159.3084,88.054,4.5,68,117.0,0.404,0.74,us,9.69,6.73,0.051,111
8.744,126.0078,35.0,4.2,40,109.0,1.717,0.83,us,3.11,1.918,0.101,27
20.9359,121.0281,10.0,4.9,74,89.0,1.873,0.55,us,8.66,1.891,0.052,118
51.8397,160.3231,36.34,4.7,39,154.0,1.567,1.02,us,9.61,7.834,0.065,71
50.0206,159.3567,10.0,4.4,45,129.0,3.039,0.65,us,9.43,1.884,0.1,29
52.6281,160.6657,35.978,4.2,17,137.0,1.286,0.74,us,10.58,8.644,0.166,10
51.8807,160.314,10.0,4.4,21,217.0,1.532,0.94,us,11.18,1.985,0.134,16
21.2003,95.7149,141.521,4.1,30,138.0,2.824,1.21,us,12.66,10.766,0.12,19
52.8741,160.8404,29.932,4.0,19,119.0,1.334,0.85,us,7.93,6.486,0.134,15
52.0637,160.6763,10.0,4.3,16,137.0,1.567,1.3,us,10.34,1.927,0.178,9
43.8555,147.7179,31.247,4.4,30,189.0,3.708,0.7,us,11.65,9.045,0.127,18
50.6173,158.465,10.0,4.4,17,241.0,2.412,0.5,us,14.0,1.996,0.169,10
50.5767,158.9402,10.0,4.8,26,132.0,2.457,1.14,us,10.77,1.903,0.143,15
25.9678,96.9455,10.0,4.5,23,133.0,5.253,0.74,us,10.86,1.924,0.156,12
49.6295,156.7144,38.78,5.0,187,54.0,3.538,0.51,us,8.15,6.31,0.029,365
-20.8579,-178.7333,548.336,4.5,103,111.0,4.336,0.61,us,12.87,6.836,0.044,157
-18.0232,-178.3952,595.736,4.4,59,111.0,2.631,0.62,us,13.48,7.35,0.038,196
52.5477,160.979,10.0,4.0,22,121.0,1.493,0.86,us,9.61,1.924,0.149,14
-3.4265,129.2662,10.0,4.7,70,77.0,1.261,0.93,us,3.83,1.777,0.074,61
53.255,159.8222,66.188,4.4,94,121.0,0.743,0.64,us,9.48,6.328,0.055,95
36.5653,70.7257,154.345,4.4,66,74.0,2.237,0.91,us,6.49,7.052,0.081,44
-36.9648,179.0732,10.0,4.4,24,210.0,0.854,1.19,us,5.29,1.931,0.189,10
60.3945,-139.5724,10.0,4.1,41,84.0,0.453,0.9,us,4.46,1.319,0.261,4
56.6476,-33.8229,10.0,4.3,14,125.0,8.707,0.43,us,11.55,1.945,0.189,8
-21.4912,-179.2237,599.274,5.2,87,61.0,4.525,0.96,us,11.26,3.653,0.068,71
6.8895,126.5782,104.756,4.1,21,132.0,1.008,0.87,us,10.49,8.757,0.135,15
38.8235,70.6829,10.0,4.1,38,146.0,1.086,0.96,us,4.65,1.918,0.107,24
52.2503,160.4393,36.48,4.3,20,177.0,1.877,1.09,us,12.62,6.719,0.125,18
51.5808,160.6947,10.0,4.1,39,135.0,1.914,0.73,us,12.16,1.926,0.103,26
-23.5635,-66.7888,199.067,4.2,24,81.0,1.416,0.67,us,7.65,9.274,0.176,9
6.7319,-72.9212,156.469,4.1,79,145.0,2.335,0.66,us,12.15,7.684,0.064,66
-14.9667,-173.5872,31.452,4.3,21,114.0,2.04,0.71,us,11.13,6.163,0.148,14
52.1943,159.7124,38.581,4.9,83,131.0,1.053,0.75,us,9.05,7.057,0.065,73
-15.4259,-173.6035,43.332,4.1,20,103.0,2.32,0.37,us,10.78,5.639,0.14,14
52.8141,159.5711,57.941,4.2,18,132.0,0.596,0.73,us,11.37,7.948,0.159,11
-6.6149,129.9367,145.501,4.5,59,59.0,2.079,0.63,us,8.69,7.264,0.073,55
50.1888,157.7444,35.0,4.7,72,132.0,2.894,0.82,us,10.44,1.914,0.035,243
52.1648,160.6812,21.154,4.7,49,122.0,1.508,1.34,us,9.65,5.576,0.067,68
23.7674,120.9029,28.892,4.5,55,53.0,0.051,0.63,us,3.98,1.54,0.095,32
36.3735,69.8365,147.658,4.1,38,154.0,1.941,1.23,us,6.93,9.241,0.127,17
52.9588,161.2059,10.0,4.3,18,138.0,1.546,0.95,us,9.67,1.872,0.188,10
52.7639,160.8662,10.0,4.5,15,158.0,1.368,0.58,us,9.33,1.959,0.151,13
12.4389,-89.4065,10.0,4.4,53,152.0,1.346,0.7,us,5.42,1.916,0.072,56
53.0067,160.8847,35.0,5.5,111,105.0,1.35,0.86,us,7.5,1.861,0.02,843
-47.4548,97.5199,10.0,4.6,14,126.0,20.085,0.38,us,11.76,1.881,0.158,12
9.9192,-70.6755,10.0,4.9,61,95.0,1.03,1.11,us,7.28,1.871,0.075,55
51.133,160.2137,10.0,4.9,30,138.0,2.125,0.68,us,11.17,1.916,0.161,12
50.4654,159.93,10.0,4.4,41,134.0,2.682,0.6,us,5.65,1.865,0.086,39
-12.8907,143.2963,11.304,4.1,17,102.0,1.067,0.44,us,7.65,6.109,0.197,7
27.8464,128.013,10.0,4.6,46,123.0,1.033,0.51,us,7.71,1.912,0.095,33
-22.0257,-179.6045,606.847,4.4,27,200.0,4.795,0.65,us,12.91,15.674,0.107,25
53.139,160.6926,31.171,4.2,16,172.0,1.238,1.3,us,14.05,9.317,0.166,10
-58.9971,-23.5339,10.0,4.0,13,93.0,19.325,0.47,us,8.9,1.904,0.183,10
7.3874,126.8234,75.105,4.2,16,158.0,1.274,0.65,us,10.24,8.909,0.159,11
14.8497,145.62,137.181,4.4,33,88.0,0.416,0.63,us,13.11,6.131,0.114,22
-11.4195,164.603,10.0,5.0,37,66.0,4.735,0.86,us,10.0,1.87,0.061,86
27.5908,56.1931,10.0,4.1,16,135.0,2.635,0.82,us,14.37,1.951,0.158,11
3.1709,97.3212,59.324,5.0,82,59.0,1.872,1.09,us,9.75,5.826,0.053,114
-8.229,117.9632,10.0,4.4,19,74.0,0.623,0.85,us,5.29,1.921,0.143,14
51.2842,158.4725,35.0,4.5,24,127.0,1.745,0.8,us,11.04,1.92,0.156,12
16.3022,-59.6409,10.0,4.5,50,150.0,1.36,0.76,us,7.18,1.919,0.104,27
-38.5674,175.6741,151.908,4.1,24,58.0,0.471,0.37,us,4.89,3.03,0.166,10
-26.2091,178.7099,575.919,4.8,43,131.0,9.703,0.72,us,15.09,7.426,0.069,65
52.7596,160.965,10.0,5.5,119,92.0,1.427,0.69,us,9.02,1.783,0.039,225
16.5283,41.2595,10.0,4.7,66,64.0,3.593,0.83,us,9.17,1.902,0.069,63
40.8201,143.3748,35.0,4.3,26,135.0,1.205,0.44,us,6.17,1.937,0.133,16
35.5092,22.589,56.728,4.4,46,134.0,1.75,0.6,us,6.77,6.422,0.084,41
16.3742,-59.7104,10.0,4.9,51,129.0,1.303,0.66,us,7.28,1.934,0.04,199
6.2524,124.2698,500.392,4.3,41,112.0,1.931,0.85,us,15.2,9.973,0.088,37
37.7023,144.0108,10.0,4.6,80,134.0,3.838,0.5,us,9.62,1.892,0.07,62
52.0621,-171.3436,33.823,3.8,74,180.0,1.135,1.3,us,7.2,8.102,0.09,32
-24.2684,179.9153,506.222,4.4,54,101.0,5.318,1.0,us,13.84,2.485,0.075,54
9.7865,-70.7547,10.0,4.1,21,93.0,0.905,0.97,us,8.36,1.926,0.166,10
-22.8243,-175.3111,10.0,4.7,23,156.0,6.813,0.35,us,11.42,1.691,0.126,19
10.3608,-84.4112,117.228,4.8,128,84.0,0.463,1.02,us,4.9,3.699,0.03,342
-48.9031,-8.1979,10.0,4.4,21,101.0,22.976,0.79,us,11.22,1.893,0.12,20
51.7951,159.2957,35.0,4.6,60,137.0,1.292,0.88,us,10.81,1.919,0.071,59
53.0277,160.7846,35.0,4.7,63,134.0,1.289,0.68,us,8.78,1.922,0.075,54
-29.3547,-68.2498,24.5,4.3,27,148.0,1.721,0.63,us,5.75,6.438,0.267,4
-18.9716,167.4547,10.0,4.7,28,80.0,3.226,0.94,us,8.48,1.901,0.117,22
52.244,160.8543,39.167,4.3,49,123.0,1.554,0.82,us,9.79,7.739,0.08,44
9.3411,93.8007,10.0,4.5,31,118.0,10.344,0.74,us,11.85,1.898,0.115,22
50.0896,158.8437,10.0,4.1,29,138.0,2.94,0.82,us,9.6,1.694,0.117,20
51.9558,159.3282,67.252,4.0,11,166.0,1.147,0.24,us,14.51,6.424,0.197,7
6.3054,127.2913,10.0,4.3,13,90.0,1.862,0.95,us,8.08,1.947,0.238,6
29.3138,129.4862,10.0,4.2,22,116.0,2.342,0.83,us,7.54,1.909,0.152,12
-23.1525,-114.2437,10.0,4.5,27,154.0,43.799,0.51,us,19.82,1.92,0.106,27
13.6434,145.4782,38.77,4.9,45,88.0,0.595,0.57,us,5.52,7.634,0.086,42
-15.9833,-175.2045,271.983,4.4,40,57.0,3.898,0.7,us,11.82,7.767,0.085,40
7.9186,-78.8977,10.0,4.0,12,160.0,1.549,0.72,us,7.1,1.977,0.212,6
51.5493,177.8198,93.27,4.0,35,204.0,4.989,0.74,us,17.18,14.053,0.096,29
36.0379,70.5999,112.628,4.1,19,93.0,1.935,0.78,us,4.83,9.258,0.158,11
51.1378,159.3287,27.863,4.0,9,222.0,1.934,0.53,us,9.34,10.103,0.258,5
-1.7815,133.658,10.0,4.3,23,96.0,0.585,0.74,us,4.85,1.928,0.147,13
23.3055,-44.9733,10.0,4.7,87,132.0,19.929,0.43,us,14.07,1.912,0.063,76
40.902,143.2141,31.27,5.1,96,134.0,1.113,1.06,us,4.25,5.57,0.065,78
-19.8405,-175.8004,180.448,4.4,47,94.0,5.593,0.73,us,13.01,7.383,0.065,68
51.6277,159.1623,47.227,4.6,91,135.0,1.733,0.44,us,10.48,7.215,0.061,79
51.8474,160.5503,10.0,4.5,13,218.0,1.655,0.56,us,7.78,1.982,0.313,4
-5.7931,149.2529,125.323,4.8,55,63.0,3.132,0.52,us,9.55,6.798,0.055,104
35.9999,140.0476,82.345,4.2,27,148.0,1.581,0.94,us,7.88,8.8,0.137,15
-13.5455,-76.9197,10.0,4.5,30,137.0,1.55,0.79,us,8.88,1.724,0.07,61
4.982,94.6883,60.668,4.5,40,138.0,2.263,0.54,us,8.62,8.02,0.104,27
27.4525,53.4395,10.0,4.1,21,75.0,3.522,0.55,us,6.14,1.919,0.151,12
-59.8205,-62.1822,10.0,4.7,18,130.0,5.048,0.61,us,13.04,1.913,0.142,15
-5.1822,151.4686,133.166,4.0,21,162.0,1.032,0.39,us,11.18,4.437,0.133,16
49.8458,155.3023,100.54,4.5,34,135.0,3.594,0.58,us,11.58,7.938,0.075,52
51.0614,159.0547,10.0,5.8,66,68.0,1.981,0.83,us,8.01,1.817,0.101,36
51.253,-174.8606,10.0,3.7,28,226.0,0.99,0.81,us,3.16,1.974,0.168,9
52.0187,160.6424,21.572,4.5,25,176.0,1.579,0.93,us,13.75,6.995,0.107,26
52.7348,158.8849,80.957,5.3,142,108.0,0.322,0.71,us,9.49,5.414,0.041,202
53.1518,160.3792,56.993,4.2,26,162.0,1.051,1.17,us,13.72,10.608,0.131,16
3.8907,127.1954,42.911,4.5,43,106.0,1.905,0.35,us,4.37,7.538,0.099,30
16.7792,41.0783,10.0,4.1,25,138.0,3.875,0.47,us,8.39,1.951,0.145,13
-7.3356,127.6745,10.0,5.0,63,40.0,3.568,0.6,us,6.94,1.85,0.084,45
41.0006,141.958,67.663,4.2,50,141.0,0.709,0.39,us,6.38,5.448,0.097,30
-6.8229,129.7353,165.067,4.5,36,91.0,2.292,0.84,us,11.54,8.401,0.102,31
51.4645,157.5154,65.98,4.4,23,248.0,1.65,1.29,us,10.22,12.048,0.117,21
51.1335,159.4919,10.0,4.2,14,263.0,1.963,0.44,us,13.88,2.005,0.199,7
18.5271,145.5497,216.699,4.0,27,148.0,3.276,1.14,us,14.47,3.864,0.119,19
25.0849,141.6249,10.714,4.2,12,168.0,2.065,0.86,us,15.61,5.808,0.167,10
37.6199,21.6277,10.0,4.3,40,88.0,0.5,0.8,us,5.43,1.908,0.129,17
27.1252,140.1384,478.222,4.3,142,40.0,1.824,0.64,us,10.65,6.751,0.049,120
0.4719,-79.3622,57.913,4.4,32,116.0,0.954,0.38,us,3.75,9.028,0.134,16
51.3084,159.7239,10.0,4.4,21,169.0,1.841,0.6,us,7.78,1.964,0.127,18
18.6262,120.5265,33.849,4.2,37,121.0,4.202,0.72,us,12.7,6.662,0.121,19
1.7337,-102.3149,10.0,4.3,22,165.0,16.155,0.61,us,8.06,1.959,0.123,19
-57.2189,-67.2903,10.0,5.1,67,124.0,2.3,1.2,us,8.51,1.882,0.065,76
-31.7485,-66.5592,146.008,4.4,25,163.0,1.388,0.96,us,8.35,14.932,0.24,5
53.1244,160.5038,34.18,4.2,26,136.0,1.123,0.99,us,11.18,4.673,0.112,22
9.2702,94.3342,10.0,4.1,15,183.0,4.779,1.16,us,10.26,1.94,0.185,8
72.414,142.0095,10.0,5.1,311,28.0,4.147,0.79,us,8.9,1.861,0.025,540
39.4321,143.5073,10.0,4.3,32,135.0,2.312,1.11,us,6.62,1.666,0.129,17
41.5328,141.9543,67.208,4.3,39,126.0,1.001,0.5,us,5.88,3.148,0.113,22
52.8221,160.7552,10.0,4.6,100,119.0,1.29,0.68,us,8.59,1.883,0.057,91
49.9712,159.7477,10.0,4.6,31,191.0,3.132,0.95,us,9.63,1.943,0.067,66
45.8546,151.4427,35.0,4.6,26,154.0,6.511,1.07,us,11.97,1.968,0.107,26
51.8192,159.6849,43.904,4.6,93,126.0,1.363,0.58,us,9.05,7.004,0.058,90
51.4504,159.2023,49.264,4.2,19,138.0,1.612,0.55,us,11.4,5.592,0.152,12
-24.1555,-66.7645,192.182,4.2,19,92.0,2.759,0.9,us,11.33,11.981,0.152,12
50.9945,159.2193,10.0,4.5,65,123.0,2.062,0.74,us,8.67,1.89,0.058,88
-7.0498,150.2047,10.0,4.4,33,142.0,3.273,0.63,us,5.51,1.848,0.12,20
51.4135,161.2335,10.0,4.1,32,130.0,2.264,0.57,us,9.5,1.928,0.105,25
53.1566,160.7271,11.328,4.2,33,137.0,1.26,0.74,us,10.98,4.454,0.132,16
-25.5691,-179.1711,356.99,4.1,17,198.0,8.202,0.81,us,14.16,9.405,0.109,23
50.0721,158.9488,10.0,4.4,25,129.0,2.961,0.39,us,8.8,1.899,0.161,11
53.6168,162.1129,10.0,4.2,13,111.0,2.161,1.1,us,8.59,1.922,0.167,12
-6.0506,151.3744,10.0,4.5,19,152.0,1.85,0.86,us,12.52,1.902,0.15,13
-18.3391,167.6771,10.0,4.9,41,129.0,2.911,0.69,us,8.98,1.894,0.102,30
-1.2033,127.155,10.0,4.8,40,88.0,3.503,0.67,us,7.89,1.873,0.097,33
50.8257,159.0104,10.0,4.4,79,102.0,2.212,0.45,us,8.86,1.872,0.067,65
-26.2598,-175.913,10.0,4.9,22,138.0,9.034,0.4,us,13.26,1.904,0.122,21
65.8887,-37.49,10.0,4.3,51,97.0,5.383,0.7,us,5.08,1.908,0.078,47
50.3111,159.0682,10.0,5.2,97,45.0,2.729,0.81,us,9.15,1.772,0.022,692
7.4127,127.0704,35.0,4.6,74,96.0,1.518,1.19,us,7.63,1.922,0.068,65
-14.7201,166.8297,10.0,4.4,24,79.0,0.808,0.6,us,8.3,1.868,0.148,13
52.6365,160.7446,10.0,4.9,120,116.0,1.329,0.92,us,9.45,1.88,0.052,115
15.3857,120.1378,64.159,4.9,163,73.0,7.446,0.73,us,9.97,6.392,0.045,155
-19.9038,-175.434,125.493,4.3,24,95.0,5.259,0.78,us,14.43,8.699,0.125,18
5.0679,125.1958,10.0,4.8,59,70.0,0.436,0.6,us,4.41,1.86,0.083,45
-5.2545,152.2946,51.498,5.1,66,124.0,0.979,0.47,us,8.48,6.902,0.056,104
13.5341,-91.6326,32.216,4.1,30,240.0,1.022,0.78,us,9.5,9.299,0.107,24
51.4771,159.7448,26.02,4.5,40,128.0,1.689,1.11,us,9.39,5.782,0.093,34
25.8739,128.9672,10.0,4.6,47,68.0,1.143,0.88,us,4.79,1.899,0.091,36
-55.7008,-29.2896,76.67,4.5,20,117.0,4.382,0.7,us,12.32,10.024,0.121,20
-16.1467,-72.0309,116.035,4.4,28,126.0,2.738,1.01,us,7.96,9.54,0.139,15
-6.2166,146.6114,63.989,4.6,36,73.0,3.214,0.94,us,5.16,8.063,0.107,26
-22.7597,-66.771,219.095,4.8,59,43.0,1.313,0.86,us,10.65,7.314,0.059,90
-23.1238,-179.7017,532.639,4.9,112,74.0,6.3,0.55,us,12.14,6.348,0.045,156
43.2393,-126.9507,10.0,3.9,22,262.0,1.692,0.36,us,8.07,2.012,0.17,9
49.4872,156.3144,35.049,4.1,26,230.0,3.729,0.73,us,14.91,10.639,0.131,16
23.5455,142.5787,57.979,4.5,38,146.0,3.553,0.88,us,15.33,8.465,0.097,31
53.1403,161.3785,35.0,4.4,35,145.0,1.65,0.81,us,9.55,1.953,0.114,22
51.4925,160.144,10.0,4.3,24,120.0,1.787,0.49,us,10.37,1.922,0.129,17
29.5939,129.6537,10.0,4.6,45,84.0,2.03,0.47,us,7.48,1.904,0.098,31
-50.0502,114.5821,10.0,4.2,13,147.0,16.408,0.18,us,12.63,1.861,0.167,10
-9.3665,158.8815,9.522,4.4,35,86.0,1.054,0.4,us,5.48,4.633,0.107,30
-11.3764,113.0062,10.0,4.6,38,49.0,3.101,1.0,us,7.88,1.776,0.114,26
33.5309,81.8601,10.0,4.2,25,155.0,7.891,0.85,us,11.57,1.936,0.166,10
50.1171,158.5604,18.252,4.2,19,134.0,2.911,0.5,us,12.26,5.574,0.159,11
-50.2528,112.7707,10.0,4.4,19,144.0,16.114,0.88,us,7.31,1.93,0.139,17
27.7431,51.6108,10.0,4.1,30,188.0,4.974,0.64,us,7.74,1.807,0.131,16
-5.4,152.2663,35.0,4.3,36,177.0,1.112,0.6,us,9.16,1.976,0.094,32
13.6674,-92.347,10.0,4.6,41,181.0,1.173,0.97,us,8.81,1.955,0.04,188
26.5812,93.2884,10.0,4.2,40,94.0,3.649,1.2,us,10.89,1.926,0.1,28
9.2583,94.0122,10.0,4.3,27,93.0,4.95,1.04,us,10.46,1.895,0.122,19
34.1626,73.6281,10.0,4.4,22,153.0,4.243,1.08,us,10.66,1.926,0.143,14
-20.5344,-178.9538,623.051,4.6,127,90.0,3.963,0.6,us,12.26,6.785,0.047,132
52.8077,160.0515,47.331,4.4,33,119.0,0.876,1.04,us,6.89,7.201,0.093,33
50.3895,158.6931,10.0,4.5,47,132.0,2.638,0.66,us,9.75,1.905,0.083,42
50.6322,160.3551,10.0,4.1,23,134.0,2.618,0.92,us,11.15,1.927,0.158,11
52.2697,160.5661,10.0,4.6,71,131.0,1.39,0.93,us,10.78,1.908,0.072,58
52.2305,160.6079,10.0,5.0,140,76.0,1.433,0.64,us,7.78,1.827,0.042,185
52.8869,159.7404,76.92,4.0,22,137.0,1.254,0.66,us,13.65,9.043,0.138,14
19.1885,146.2372,91.59,4.5,36,152.0,3.949,0.74,us,15.67,9.777,0.101,29
51.7836,-170.3515,10.0,4.3,56,182.0,1.044,1.01,us,5.17,1.647,0.111,23
19.9906,145.5086,10.0,4.1,32,148.0,4.731,0.52,us,15.69,1.866,0.114,21
50.4624,-173.5231,10.0,3.9,45,199.0,1.792,0.86,us,7.18,1.958,0.066,61
69.9642,-15.9072,10.0,4.5,28,73.0,2.121,0.91,us,8.17,1.922,0.128,19
52.8085,160.9717,28.604,4.1,21,119.0,1.422,1.26,us,10.78,6.228,0.158,11
41.7453,141.3621,122.029,4.2,31,115.0,0.981,0.7,us,9.18,9.19,0.124,18
49.9265,156.5318,69.127,4.9,144,96.0,3.269,0.79,us,10.1,6.215,0.044,165
38.0671,142.0114,59.785,4.3,50,122.0,2.816,0.49,us,3.89,7.627,0.091,38
52.2893,160.5716,10.0,4.3,27,161.0,1.382,1.11,us,12.02,1.947,0.103,27
-3.6539,145.6604,10.0,4.1,19,127.0,2.337,0.75,us,13.6,1.824,0.145,13
52.5928,160.9969,24.31,5.0,116,125.0,1.488,0.89,us,8.5,5.263,0.035,266
30.3738,138.5037,433.883,4.8,84,47.0,2.952,0.64,us,8.62,5.588,0.026,441
41.8075,82.0929,10.0,4.7,61,98.0,2.453,0.66,us,8.18,1.891,0.086,41
51.3825,159.5233,10.0,5.2,100,121.0,1.729,1.3,us,8.86,1.852,0.041,199
52.9667,161.1939,10.0,4.7,55,118.0,1.539,1.07,us,10.33,1.888,0.042,172
7.0273,-46.2267,10.0,4.9,101,113.0,6.66,0.7,us,10.86,1.855,0.054,109
-12.8599,167.3238,10.0,4.7,27,157.0,2.574,0.49,us,13.2,1.947,0.117,24
-8.8197,124.2686,105.059,4.3,32,91.0,0.93,0.72,us,8.16,6.851,0.116,23
-23.9907,-71.108,10.0,4.4,15,148.0,0.695,0.87,us,3.7,1.681,0.143,14
-3.6493,142.2499,35.0,4.7,39,66.0,1.912,0.75,us,7.23,1.928,0.115,23
5.7178,61.6827,10.0,4.6,50,76.0,12.427,0.55,us,11.75,1.909,0.086,41
-51.5777,138.9079,10.0,4.4,12,97.0,19.785,0.67,us,18.51,1.955,0.161,11
50.5782,160.0052,10.0,4.3,55,125.0,2.589,0.72,us,8.43,1.901,0.081,43
43.6347,147.8298,10.0,4.8,80,135.0,3.799,0.7,us,8.77,1.895,0.069,65
82.025,89.1723,10.0,4.5,46,66.0,12.189,1.09,us,9.74,1.901,0.089,37
-10.3674,161.3064,70.252,4.3,50,112.0,1.626,0.72,us,8.28,5.208,0.094,37
13.7233,40.5146,10.0,4.4,27,111.0,3.847,1.0,us,7.47,1.933,0.096,31
35.7405,88.5284,10.0,4.3,25,121.0,6.406,0.77,us,12.04,1.934,0.133,16
49.9132,155.8791,83.59,4.4,35,138.0,3.395,0.58,us,12.3,8.402,0.099,29
-23.8661,-67.9349,117.756,4.5,23,54.0,0.937,1.43,us,6.9,6.511,0.131,17
-11.4449,166.0531,35.0,4.4,20,144.0,4.132,0.98,us,13.66,1.94,0.138,15
-6.2371,151.4888,10.0,4.7,20,154.0,2.141,0.52,us,13.4,1.909,0.091,40
52.8687,160.6724,37.555,4.1,38,119.0,1.234,0.54,us,10.32,7.544,0.091,33
51.4839,159.0275,66.762,4.5,46,137.0,1.559,0.83,us,11.81,7.664,0.087,39
-34.803,-109.2545,10.0,4.7,42,113.0,7.62,0.68,us,12.33,1.886,0.086,41
3.228,-31.277,10.0,4.5,21,112.0,10.111,1.03,us,9.61,1.908,0.131,17
51.6283,158.9044,35.0,4.2,32,123.0,1.406,0.77,us,8.68,1.947,0.118,20
15.0232,147.7715,10.0,4.5,34,101.0,1.923,0.99,us,8.51,1.916,0.113,23
29.8146,98.7907,10.0,4.1,30,138.0,6.663,1.28,us,10.46,1.971,0.117,21
51.9253,158.2265,78.742,4.4,35,162.0,1.228,0.62,us,11.27,8.726,0.117,21
51.3831,159.6595,10.0,4.9,60,128.0,1.756,0.8,us,7.84,1.818,0.057,98
51.4574,160.5679,10.0,4.4,17,178.0,1.962,0.49,us,6.04,1.952,0.179,9
39.6047,82.9153,10.0,4.5,32,65.0,3.243,0.89,us,10.89,1.895,0.125,19
3.364,117.7784,10.0,4.0,16,104.0,1.939,1.09,us,6.27,1.655,0.184,8
52.3704,160.4888,10.0,4.2,19,212.0,1.296,1.33,us,9.24,1.96,0.158,11
52.2239,160.8208,10.0,4.3,33,188.0,1.547,0.91,us,10.87,1.973,0.105,26
-18.5726,-69.7518,126.799,4.3,35,100.0,0.331,0.82,us,4.29,3.783,0.129,17
-59.1356,-25.8003,121.82,4.6,42,133.0,7.626,0.69,us,9.5,8.826,0.102,31
52.4983,160.6494,10.0,4.4,83,121.0,1.324,0.66,us,4.76,1.863,0.058,85
-17.9312,-178.5335,597.459,4.3,49,122.0,2.47,0.74,us,10.39,7.507,0.043,153
-57.2058,-68.3105,10.0,4.3,12,151.0,3.581,1.26,us,10.59,1.965,0.217,6
11.7644,143.2277,10.0,4.7,25,128.0,2.419,0.77,us,6.02,1.919,0.091,37
51.394,159.4668,35.0,4.5,27,157.0,1.708,0.65,us,8.69,1.969,0.242,5
53.8999,-166.6306,5.871,3.7,38,91.0,0.037,0.55,us,4.17,6.038,0.29,3
3.1767,65.3473,10.0,4.3,16,209.0,15.977,0.56,us,10.13,1.953,0.188,8
15.1922,-94.5793,10.0,4.5,64,129.0,1.582,1.18,us,5.68,1.856,0.053,103
-15.7345,-174.3801,187.627,4.3,30,125.0,6.052,0.79,us,13.16,7.664,0.106,25
-15.5576,-172.8108,10.0,4.7,49,72.0,1.918,0.78,us,10.1,1.87,0.08,47
-23.3961,171.1542,10.0,4.4,17,238.0,3.504,0.69,us,6.92,2.006,0.189,11
52.0143,160.4604,10.0,4.2,14,216.0,1.498,0.59,us,13.27,1.971,0.214,7
-2.5272,28.9942,10.0,4.4,30,88.0,8.37,0.65,us,9.58,1.825,0.112,23
51.7951,160.6424,10.0,4.6,64,166.0,2.23,1.08,us,9.17,1.928,0.058,88
53.2139,160.1316,58.5,4.8,78,134.0,0.913,0.6,us,9.07,6.748,0.054,107
51.5974,159.1555,35.0,5.2,49,123.0,1.462,0.57,us,5.38,1.926,0.105,30
28.1957,57.4037,10.0,4.4,96,104.0,3.411,1.05,us,10.28,1.888,0.06,79
7.3262,126.6329,136.737,4.1,34,56.0,1.076,0.47,us,8.74,4.869,0.104,26
45.4677,150.8793,35.0,4.3,31,201.0,6.049,0.54,us,14.1,1.996,0.113,22
51.929,160.4993,10.0,4.4,18,135.0,1.575,1.04,us,12.0,1.937,0.189,9
-45.2025,-81.6384,10.0,4.4,14,146.0,7.247,0.82,us,14.96,1.464,0.17,10
3.0244,-31.2871,10.0,4.8,40,52.0,20.447,0.81,us,12.59,1.875,0.094,35
1.7442,126.4587,57.575,4.8,50,51.0,3.126,0.87,us,7.73,7.94,0.098,32
35.6962,136.3314,10.0,4.1,27,61.0,0.666,0.76,us,4.1,1.912,0.152,12
52.795,160.1798,35.0,5.0,130,100.0,0.954,0.63,us,7.95,1.858,0.023,606
14.8447,-94.114,10.0,4.7,91,124.0,1.837,0.75,us,6.01,1.888,0.042,177
-7.0084,155.5506,113.056,4.0,29,96.0,4.381,0.62,us,10.16,7.735,0.106,26
-14.7822,167.3962,132.752,4.5,31,253.0,0.687,0.46,us,13.07,6.182,0.108,25
36.5124,140.5796,64.073,4.2,28,153.0,1.91,0.67,us,8.17,8.847,0.137,15
39.5461,143.3292,31.708,4.9,66,131.0,2.134,0.92,us,7.82,5.35,0.077,54
-59.9445,-62.0278,10.0,4.7,22,125.0,4.938,1.25,us,10.66,1.922,0.129,18
-1.9845,139.1742,35.0,4.2,17,80.0,1.18,1.01,us,4.53,1.927,0.146,13
52.8858,160.9343,35.0,4.2,19,155.0,1.389,0.81,us,7.96,1.99,0.136,15
-20.2339,-68.6438,135.641,4.2,14,94.0,0.487,0.35,us,9.07,5.386,0.187,8
52.7026,-169.7423,51.668,3.7,18,198.0,0.602,0.57,us,9.63,10.705,0.19,8
34.7363,70.7649,10.0,5.2,93,46.0,1.362,0.57,us,8.52,1.772,0.036,260
-48.751,124.5623,10.0,4.4,27,104.0,16.736,0.77,us,14.84,1.888,0.111,23
29.0247,86.7789,10.0,4.3,18,163.0,3.855,0.75,us,10.65,1.932,0.153,12
51.4766,159.5266,41.306,4.2,18,128.0,1.64,1.0,us,11.56,8.502,0.159,11
-32.1642,-70.1888,102.522,4.2,24,93.0,0.671,0.49,us,6.2,2.011,0.186,8
53.1752,171.4114,44.019,4.2,92,143.0,1.686,0.59,us,10.52,10.404,0.061,75
6.6539,116.7771,634.664,4.3,64,72.0,5.341,0.76,us,12.31,6.341,0.072,55
-58.7745,-25.6748,71.668,5.3,77,30.0,7.48,0.62,us,10.95,5.211,0.057,103
-59.1087,-25.5829,84.863,5.2,58,75.0,7.704,1.11,us,12.39,6.426,0.071,65
34.4206,21.9705,35.0,4.2,18,146.0,2.752,0.83,us,9.56,1.968,0.199,7
-20.2638,-178.4018,594.8,4.3,55,97.0,4.187,0.88,us,14.62,7.648,0.066,67
-29.6391,-177.4915,35.0,4.1,11,260.0,9.693,0.54,us,12.02,1.989,0.213,6
35.8757,135.555,352.502,4.1,130,29.0,1.311,0.77,us,7.35,6.281,0.044,142
-7.1723,129.3087,151.324,4.3,29,72.0,2.698,0.53,us,9.78,8.576,0.122,19
-12.2244,166.753,199.013,4.4,45,68.0,3.233,0.78,us,12.11,7.012,0.098,30
51.5711,159.8421,10.0,4.2,29,127.0,1.628,1.04,us,9.34,1.904,0.121,22
49.4867,159.036,10.0,5.0,99,122.0,3.55,0.45,us,7.72,1.476,0.027,431
51.5803,160.0888,10.0,4.4,50,127.0,1.694,0.93,us,8.9,1.903,0.081,51
-41.223,80.6611,10.0,4.5,22,115.0,25.978,0.76,us,13.48,1.911,0.132,19
51.2131,157.8222,62.262,4.2,55,137.0,1.884,0.71,us,11.6,7.705,0.065,67
52.5754,160.3722,39.839,4.3,26,121.0,1.138,1.27,us,10.86,8.172,0.148,16
35.6406,140.1532,69.473,4.3,36,130.0,1.813,0.54,us,7.6,8.495,0.122,19
-23.0918,172.3639,10.0,4.4,17,133.0,4.561,1.14,us,12.29,1.898,0.139,15
51.9886,-171.3769,41.754,3.5,40,192.0,1.22,0.91,us,8.22,12.619,0.117,18
-33.9276,179.1735,248.268,4.2,22,171.0,3.695,0.99,us,7.43,9.384,0.128,17
52.2444,160.6286,10.0,4.5,31,118.0,1.436,0.88,us,10.79,1.914,0.111,24
52.329,161.0584,10.0,4.3,17,164.0,1.623,0.47,us,11.5,1.956,0.202,7
-29.4368,60.7178,10.0,4.3,15,148.0,9.379,0.61,us,8.81,1.852,0.178,9
-7.2976,129.3387,149.435,4.3,18,68.0,2.814,1.19,us,9.34,10.326,0.178,9
44.1613,17.5248,10.0,3.7,22,78.0,0.636,0.53,us,4.62,1.942,0.356,2
51.2716,159.3835,10.0,4.4,25,221.0,1.812,0.94,us,9.59,1.963,0.144,14
-18.0759,-178.2019,565.089,4.3,47,81.0,2.812,0.78,us,11.92,5.816,0.053,100
11.937,140.5547,44.764,4.6,127,36.0,4.517,0.6,us,8.31,6.822,0.052,117
51.5538,159.2515,47.371,4.5,116,135.0,1.518,0.6,us,9.85,7.14,0.051,113
39.8072,143.6256,10.0,5.0,60,120.0,2.191,0.73,us,7.54,1.871,0.045,156
-5.5394,147.0482,187.328,4.2,32,71.0,3.487,0.46,us,9.21,8.524,0.112,24
8.3133,127.463,10.0,4.7,51,108.0,2.239,0.74,us,9.22,1.877,0.077,51
19.4393,-109.1231,10.0,4.2,83,129.0,1.826,0.8,us,8.65,1.944,0.048,123
-24.349,-175.5741,35.0,4.4,17,109.0,7.421,0.83,us,15.76,1.948,0.148,15
65.1483,-130.7498,9.787,4.2,21,86.0,3.186,0.84,us,9.16,5.571,0.199,7
1.5904,123.9628,298.53,4.2,26,77.0,2.873,0.42,us,10.32,9.442,0.132,16
53.0886,160.9767,35.0,4.4,56,117.0,1.406,0.61,us,9.31,1.895,0.073,55
25.2496,-99.5543,13.532,4.2,66,65.0,0.359,0.74,us,4.11,5.243,0.078,46
-6.4454,130.7902,89.641,4.9,78,49.0,3.793,0.74,us,7.66,7.31,0.062,82
0.7147,-26.0178,10.0,4.9,87,93.0,11.815,0.49,us,9.41,1.328,0.063,80
31.767,50.9071,10.0,4.4,53,123.0,5.495,0.56,us,11.84,1.923,0.077,49
51.4092,160.9922,10.0,4.0,18,129.0,2.166,0.6,us,6.84,1.796,0.232,5
52.3554,-171.4945,50.41,4.3,33,174.0,1.04,0.93,us,8.28,6.504,0.188,9
51.2337,-177.6055,43.339,3.8,34,224.0,0.66,0.82,us,9.41,19.73,0.088,33
51.1201,157.8945,68.211,4.9,200,115.0,1.962,0.6,us,5.72,6.27,0.032,301
52.4419,160.6186,26.448,4.5,97,132.0,1.331,0.65,us,9.16,5.702,0.054,102
-5.9341,147.6485,92.875,4.6,63,47.0,3.482,0.74,us,7.6,7.686,0.066,69
-1.8217,139.2059,17.683,4.8,36,98.0,1.263,0.56,us,4.86,4.666,0.111,25
44.1785,87.0464,10.0,4.4,21,109.0,3.62,0.59,us,6.5,1.881,0.189,8
37.7871,36.1678,12.785,4.3,39,38.0,0.25,0.77,us,2.88,1.348,0.133,16
-60.4748,-36.9911,10.0,4.5,13,109.0,6.214,0.76,us,11.27,1.931,0.156,13
18.3466,145.5573,501.167,3.9,25,146.0,3.096,0.8,us,14.89,12.19,0.142,14
5.0401,126.6349,9.254,4.4,37,72.0,1.192,0.77,us,6.37,4.161,0.098,35
37.6449,144.2525,10.0,4.5,50,136.0,3.998,0.52,us,11.35,1.922,0.092,35
-17.1914,-174.0296,126.222,4.0,16,129.0,3.917,1.0,us,9.27,12.502,0.173,9
37.1388,68.2923,10.0,4.6,34,148.0,1.619,0.57,us,8.29,1.926,0.085,42
5.1156,125.3731,181.628,4.3,41,85.0,0.395,0.49,us,8.41,5.33,0.097,30
-24.0167,-66.976,210.738,4.4,64,118.0,1.531,1.1,us,9.73,7.017,0.06,81
51.0313,159.0254,10.0,4.4,37,222.0,2.009,0.79,us,8.85,1.949,0.114,22
-9.623,112.8724,49.654,5.0,60,60.0,1.706,0.6,us,6.53,7.491,0.087,42
52.9462,161.0707,10.0,4.4,108,132.0,1.466,0.74,us,9.61,1.889,0.055,101
-27.79,-177.6507,126.865,4.0,17,160.0,1.47,0.47,us,14.74,7.748,0.144,17
53.1318,159.683,51.463,4.4,43,124.0,0.633,0.83,us,10.74,7.354,0.096,31
7.0726,126.8975,68.326,5.0,66,103.0,1.308,0.8,us,7.93,4.033,0.048,137
60.5366,-139.9898,5.0,4.2,39,54.0,0.461,1.11,us,1.96,1.874,0.265,7
52.611,160.5691,10.0,5.0,81,134.0,1.236,0.91,us,10.72,1.887,0.037,235
5.4211,126.0271,83.491,4.9,85,41.0,0.875,1.02,us,6.72,6.576,0.045,159
-60.227,-61.8465,10.0,4.7,24,136.0,4.677,0.46,us,10.88,1.933,0.118,22
51.4204,158.1481,58.493,4.4,22,119.0,1.635,0.62,us,12.44,4.738,0.155,12
9.8844,-77.8018,10.0,4.4,20,46.0,2.131,0.8,us,3.35,1.924,0.309,3
12.813,125.6655,10.0,4.2,18,133.0,11.861,0.52,us,9.44,1.952,0.146,13
52.701,161.0674,17.418,4.9,70,118.0,1.501,0.97,us,5.84,3.685,0.029,373
-13.8341,166.7523,110.598,4.2,15,151.0,1.662,0.98,us,10.18,6.632,0.167,10
-8.0664,117.9992,214.174,4.5,26,98.0,0.788,0.79,us,9.39,6.791,0.14,15
-31.8604,-72.2391,21.935,4.2,25,200.0,1.09,1.18,us,4.21,6.434,0.236,5
51.6882,159.3657,51.442,4.4,26,135.0,1.407,0.83,us,11.7,7.545,0.109,24
-60.2607,-62.2314,10.0,4.3,16,139.0,4.608,0.59,us,10.13,1.861,0.148,13
36.9108,141.6126,35.0,4.2,27,143.0,2.759,1.03,us,8.03,1.952,0.159,11
34.5525,70.6837,10.0,5.2,165,20.0,1.279,0.97,us,3.97,2.766,0.035,264
51.0765,160.8599,10.0,4.1,20,135.0,2.38,0.59,us,6.18,1.911,0.145,13
-34.4679,-70.387,10.0,4.1,26,91.0,0.459,1.14,us,2.12,1.904,0.185,8
49.9466,157.0641,10.0,4.2,61,134.0,3.191,0.68,us,11.65,1.906,0.078,46
52.9886,161.1133,10.0,4.3,49,120.0,1.489,0.68,us,9.86,1.899,0.079,45
53.5339,159.9458,72.524,4.0,48,134.0,0.931,0.46,us,12.21,7.763,0.077,46
51.9548,160.3943,33.606,4.4,25,217.0,2.011,0.96,us,14.12,10.227,0.112,23
-47.9879,116.6016,10.0,4.6,16,96.0,15.051,0.95,us,10.84,1.955,0.146,14
29.3405,129.3615,10.0,4.4,40,89.0,2.358,0.79,us,7.71,1.86,0.095,33
50.7904,156.4799,76.225,4.3,15,158.0,2.441,0.62,us,6.68,13.108,0.217,6
-48.6862,-10.1852,10.0,4.7,19,73.0,17.255,0.21,us,13.94,1.931,0.13,18
11.4894,-86.5096,69.57,4.5,155,84.0,0.704,0.64,us,2.36,7.467,0.037,217
50.284,158.3323,10.0,4.8,132,95.0,2.75,0.75,us,8.72,1.852,0.05,123
-56.9407,-67.1374,10.0,4.6,28,131.0,2.032,0.76,us,6.9,1.926,0.114,25
-29.1431,-68.8739,22.369,4.1,18,74.0,1.349,1.0,us,5.81,6.278,0.302,3
-11.9095,165.8452,10.0,4.5,22,140.0,3.756,1.01,us,10.83,1.912,0.14,15
-23.4317,178.9877,575.858,4.5,27,171.0,5.725,0.72,us,7.15,8.81,0.132,18
-7.371,129.596,62.959,4.3,10,138.0,5.151,0.33,us,14.02,9.078,0.177,9
60.5674,-140.1995,5.0,4.2,45,90.0,0.472,0.91,us,4.18,1.91,0.236,5
9.9384,-70.7343,10.0,4.2,8,202.0,1.053,0.51,us,12.44,1.979,0.236,5
50.84,156.4149,123.572,4.1,18,137.0,2.406,0.58,us,12.4,6.058,0.144,13
51.6639,159.0734,58.882,4.1,17,137.0,1.674,0.41,us,14.34,6.011,0.13,16
42.8283,83.3861,10.0,4.2,26,216.0,2.901,0.93,us,6.84,1.973,0.16,11
7.073,126.8243,72.22,5.5,114,101.0,1.236,0.98,us,4.18,6.465,0.045,171
-46.6351,102.4668,10.0,4.2,13,131.0,20.157,0.6,us,11.97,1.886,0.159,11
51.3528,157.5778,69.897,4.5,30,126.0,1.76,1.15,us,12.0,8.292,0.113,23
51.3993,158.7285,18.834,5.0,93,91.0,1.627,0.74,us,8.29,3.891,0.025,527
-24.2019,-67.1947,199.752,4.3,28,74.0,1.537,1.32,us,11.15,8.032,0.122,19
0.0347,98.1087,10.0,4.2,15,199.0,2.764,0.51,us,12.1,1.975,0.186,8
-18.3413,167.5858,10.0,4.4,14,189.0,2.901,1.09,us,9.18,1.99,0.17,11
8.655,58.5807,10.0,4.3,25,141.0,19.376,0.65,us,13.31,1.867,0.129,17
52.7692,160.8821,10.0,4.9,120,119.0,1.376,1.01,us,8.72,1.879,0.035,252
50.9532,159.1082,19.859,4.3,37,130.0,2.093,1.13,us,10.34,5.429,0.098,29
54.5199,-159.9284,40.907,4.2,83,156.0,0.369,0.95,us,6.72,9.531,0.158,11
-15.7861,-174.2249,135.094,4.7,146,50.0,3.01,0.68,us,7.97,5.981,0.043,165
-52.149,14.7784,10.0,4.3,13,119.0,20.24,0.85,us,15.08,1.957,0.168,12
-56.2066,-24.8489,10.0,4.5,16,122.0,6.928,0.74,us,9.73,1.824,0.139,15
-3.6014,151.3586,461.007,4.5,144,57.0,0.966,0.74,us,9.84,6.017,0.038,202
-21.8007,179.5498,604.428,4.2,26,97.0,4.274,0.64,us,15.66,8.308,0.108,28
38.2506,142.1285,47.522,4.4,24,144.0,2.666,1.01,us,8.8,9.316,0.219,8
-17.8584,-178.3006,617.737,4.3,37,155.0,2.616,0.55,us,15.97,7.869,0.103,27
-53.742,140.0773,10.0,4.5,15,132.0,19.042,0.45,us,15.35,1.96,0.145,14
-22.8304,-177.7355,390.205,4.1,13,166.0,6.42,0.31,us,19.46,6.731,0.12,21
-15.5806,-69.1962,260.68,4.5,161,127.0,1.243,0.77,us,9.91,6.451,0.029,351
-15.5223,-174.5898,176.346,4.6,58,76.0,3.155,0.71,us,11.3,7.262,0.075,53
51.4482,158.8543,59.136,4.0,24,167.0,1.583,0.5,us,11.97,9.001,0.13,17
6.2295,127.0704,35.0,4.6,56,93.0,1.7,0.86,us,8.24,1.925,0.079,48
53.0656,160.7984,35.0,4.2,18,173.0,1.298,0.89,us,11.83,1.982,0.199,8
-10.2276,-74.2575,10.0,4.3,19,89.0,2.917,1.09,us,7.55,1.641,0.142,14
42.6832,17.6545,10.0,4.4,84,33.0,1.213,0.98,us,4.27,1.884,0.076,50
-16.2132,-176.1639,382.118,4.3,21,117.0,4.295,0.41,us,15.53,11.304,0.128,17
-57.7727,158.171,36.909,4.8,15,142.0,3.311,0.35,us,15.86,14.026,0.197,8
-5.481,151.806,47.426,4.5,27,90.0,1.33,0.6,us,6.71,6.916,0.132,21
12.9214,145.6851,10.0,4.4,27,110.0,1.036,0.82,us,8.9,1.904,0.134,16
33.0193,88.3561,10.0,5.0,81,84.0,4.068,0.84,us,4.94,1.786,0.053,112
-57.3384,-67.3971,10.0,4.3,22,151.0,2.416,1.0,us,12.08,1.938,0.13,17
28.1067,52.3044,10.0,4.2,43,103.0,4.702,0.71,us,8.28,1.916,0.086,38
17.5423,-83.2493,10.0,4.2,50,41.0,5.229,1.29,us,8.06,1.923,0.088,38
52.8339,160.9304,10.0,4.8,88,128.0,1.393,0.94,us,7.89,1.78,0.04,188
52.8182,160.7089,35.0,4.2,31,119.0,1.263,0.87,us,6.24,1.924,0.101,27
52.274,160.4942,10.0,4.2,25,123.0,1.351,0.91,us,7.17,1.804,0.128,17
52.3232,158.5801,89.371,4.6,36,122.0,0.703,1.3,us,11.01,7.364,0.099,30
39.5326,143.497,10.0,4.3,30,141.0,2.247,1.03,us,8.95,1.905,0.133,16
29.3264,131.8035,10.0,4.6,91,67.0,2.469,0.45,us,5.14,1.862,0.067,73
2.7831,95.8988,10.0,4.4,9,133.0,3.023,0.51,us,16.19,1.964,0.269,4
-47.2934,-13.2903,10.0,4.9,28,85.0,24.943,0.66,us,13.82,1.846,0.122,21
51.1048,159.4435,10.0,4.6,52,174.0,1.983,1.07,us,10.43,1.945,0.085,41
42.9684,18.6709,10.0,4.4,47,37.0,0.692,0.79,us,4.11,1.932,0.13,17
14.5854,-91.5632,127.024,4.0,52,128.0,0.026,0.56,us,8.27,10.675,0.076,47
51.8198,161.2018,10.0,4.2,35,120.0,1.973,1.02,us,10.62,1.922,0.092,34
-1.444,-77.8727,164.528,4.4,88,77.0,0.16,0.7,us,9.99,5.04,0.061,77
52.786,160.6767,19.526,4.3,61,119.0,1.25,0.93,us,10.13,5.283,0.064,68
-18.9241,169.2973,237.812,4.6,39,96.0,4.058,0.8,us,8.17,7.604,0.059,84
50.3704,158.5853,10.0,4.3,76,133.0,2.657,0.64,us,8.82,1.891,0.053,100
-18.39,-177.7431,591.078,4.1,30,127.0,7.256,0.74,us,15.65,6.358,0.109,25
0.5194,125.3184,55.33,4.4,28,60.0,1.035,1.04,us,5.79,8.335,0.143,14
2.1264,96.5556,23.377,4.3,26,151.0,2.432,0.88,us,9.47,4.783,0.117,21
2.9959,128.2359,62.029,4.2,21,86.0,2.374,0.71,us,3.8,8.706,0.159,12
3.0436,-31.2907,10.0,4.6,79,48.0,9.942,0.49,us,11.11,1.86,0.066,71
37.7542,144.2039,10.0,4.2,18,148.0,3.888,0.6,us,11.39,1.947,0.186,8
-8.113,115.3605,203.42,4.0,17,77.0,1.248,0.69,us,8.14,8.529,0.156,12
53.0356,160.8122,35.0,4.3,14,171.0,1.306,0.76,us,14.05,1.986,0.238,5
30.7267,70.2794,10.0,4.1,20,244.0,3.899,0.7,us,9.43,1.965,0.144,13
1.5122,124.8959,10.0,3.8,16,132.0,3.252,0.46,us,8.26,1.627,0.162,10
-17.7979,-70.1269,112.26,4.6,61,120.0,0.605,0.71,us,8.48,5.484,0.067,68
11.1638,124.1068,10.0,4.6,52,73.0,4.32,0.58,us,10.47,1.891,0.088,39
-17.1129,-178.7501,561.183,4.0,25,75.0,1.908,0.91,us,14.68,9.697,0.122,18
-11.8328,166.6422,181.077,4.5,21,146.0,3.634,0.77,us,13.83,8.805,0.14,19
52.149,160.03,34.614,4.0,37,179.0,1.215,0.64,us,13.47,9.236,0.1,27
52.7411,160.8139,35.0,4.1,31,151.0,1.341,0.59,us,10.43,1.701,0.097,29
51.893,159.2298,68.808,4.4,33,138.0,1.186,0.93,us,11.03,7.676,0.107,25
50.2153,158.0272,10.0,5.1,77,125.0,2.839,0.92,us,9.43,1.877,0.033,288
-22.9566,-68.5438,115.506,4.4,27,66.0,0.336,0.73,us,6.14,5.432,0.123,19
36.7393,30.4636,10.0,4.6,60,61.0,0.446,0.51,us,5.16,1.863,0.083,43
-20.4784,-177.9309,496.735,4.0,19,171.0,4.732,0.43,us,15.65,11.935,0.138,15
53.3691,159.9343,60.515,4.1,20,157.0,0.847,0.87,us,11.86,14.199,0.151,12
-17.4164,-173.1133,35.0,4.6,14,115.0,3.448,0.8,us,9.44,1.938,0.165,11
14.4503,-90.7496,5.39,4.8,59,97.0,0.257,0.52,us,5.46,5.045,0.05,125
-11.754,166.0637,35.0,4.1,12,204.0,6.438,0.72,us,12.6,1.957,0.174,9
49.9744,157.327,35.0,4.3,27,133.0,3.147,0.98,us,11.4,1.921,0.143,14
-7.658,127.974,150.499,4.4,23,68.0,4.215,0.58,us,12.55,13.715,0.155,13
52.1276,160.2459,29.823,4.4,27,124.0,1.324,1.15,us,10.35,6.115,0.112,23
-5.5761,150.4587,99.49,4.1,22,96.0,2.007,0.38,us,9.33,7.381,0.131,16
-29.6146,-176.6915,10.0,4.6,12,133.0,8.955,0.85,us,13.4,1.902,0.193,8
51.0052,159.3263,35.0,4.4,28,130.0,2.064,0.51,us,10.27,1.937,0.117,21
5.6861,-77.8684,10.0,4.2,17,124.0,2.38,1.3,us,6.56,1.789,0.136,15
-7.1616,130.0467,68.662,4.3,37,40.0,4.751,0.72,us,8.31,6.907,0.113,22
52.9044,160.8382,10.0,4.2,19,190.0,1.329,0.73,us,8.66,1.984,0.152,12
-4.979,153.1751,59.418,4.4,19,152.0,1.276,0.5,us,10.36,8.067,0.149,13
51.4997,159.9862,10.0,4.2,27,128.0,1.733,0.96,us,6.17,1.912,0.132,21
-5.0493,131.0181,42.308,4.3,32,70.0,1.227,0.86,us,6.02,6.738,0.129,17
12.214,125.5886,10.0,4.7,28,106.0,5.112,0.58,us,13.73,1.897,0.12,21
-18.3122,-177.8989,582.713,4.2,19,144.0,3.182,0.47,us,15.78,10.306,0.14,14
48.8364,156.5514,10.0,4.1,22,137.0,4.338,0.6,us,12.27,1.926,0.15,12
-2.3416,100.7966,56.414,4.6,33,132.0,2.944,1.06,us,9.77,8.066,0.128,18
-2.472,139.582,46.472,4.1,19,73.0,1.121,0.88,us,6.9,8.584,0.166,10
53.0113,160.7563,38.57,5.0,89,120.0,1.273,0.81,us,10.89,6.5,0.027,438
49.96,155.9994,86.744,4.6,65,135.0,3.326,0.72,us,10.39,7.229,0.043,167
-8.8943,159.8465,78.842,5.0,60,38.0,0.55,1.02,us,10.85,5.427,0.042,183
51.4088,158.3431,18.877,4.3,26,126.0,1.628,0.86,us,10.35,5.734,0.129,17
53.4946,160.285,54.068,4.3,35,141.0,1.09,0.72,us,10.69,10.439,0.113,22
50.3116,157.6571,30.803,4.4,45,134.0,2.785,0.64,us,12.0,6.583,0.068,62
51.502,159.6566,10.0,5.2,89,93.0,1.645,1.23,us,5.45,1.856,0.04,205
27.585,56.1308,10.0,4.4,55,130.0,2.63,0.66,us,8.64,1.912,0.072,55
-20.875,-66.7739,217.89,4.5,44,66.0,2.347,1.02,us,7.89,8.724,0.048,125
-14.9639,-177.4117,361.049,4.5,85,84.0,5.553,0.42,us,15.03,9.084,0.061,79
53.1568,161.0584,10.0,4.2,20,117.0,1.459,1.16,us,8.92,1.746,0.118,20
-36.0772,-73.7967,23.172,4.3,40,140.0,1.956,0.65,us,7.6,7.065,0.161,11
52.2594,158.0752,10.0,5.3,66,119.0,0.842,1.04,us,8.04,1.881,0.076,59
-1.9432,139.1006,35.0,4.3,15,124.0,1.122,0.84,us,6.31,1.945,0.177,9
52.5732,160.7526,10.0,4.5,61,118.0,1.354,0.95,us,6.99,1.586,0.043,161
-6.2494,151.3713,10.0,4.5,19,196.0,2.192,1.1,us,12.86,1.972,0.163,11
-16.5547,-69.9025,178.966,4.3,28,123.0,1.105,0.76,us,9.67,7.52,0.129,17
-2.9272,129.4293,10.0,4.2,18,73.0,2.747,0.49,us,7.11,1.916,0.141,14
-7.2997,129.7215,127.354,4.3,16,110.0,5.027,1.33,us,10.9,5.505,0.178,9
36.8326,71.0773,220.962,4.0,35,186.0,1.853,0.61,us,11.17,9.463,0.138,15
49.3891,155.4883,54.62,4.1,51,133.0,3.974,0.4,us,6.95,7.801,0.089,35
-10.1817,160.9105,15.093,4.6,36,78.0,1.203,0.27,us,9.17,2.698,0.093,34
52.4948,160.7915,38.703,4.9,108,117.0,1.405,0.66,us,9.2,6.844,0.04,198
51.1575,-177.6196,47.552,3.9,38,225.0,0.624,0.6,us,5.97,13.638,0.148,12
-63.3613,-159.6281,10.0,4.4,10,145.0,17.842,0.68,us,15.5,1.934,0.179,9
44.144,86.7402,10.0,4.2,25,217.0,3.568,1.23,us,4.83,1.985,0.186,8
-17.4423,-71.2192,86.241,4.1,21,141.0,1.245,0.48,us,9.39,8.282,0.15,12
12.2738,144.4749,10.0,4.7,45,106.0,1.363,0.75,us,6.4,1.808,0.092,36
16.4546,-59.8077,10.0,4.5,16,234.0,1.216,0.65,us,6.77,1.952,0.204,7
-15.1314,-174.3373,133.876,4.4,45,100.0,2.757,0.52,us,13.01,7.812,0.087,38
48.4259,84.2462,10.0,4.5,54,111.0,1.05,0.62,us,6.02,1.914,0.083,42
50.3943,158.1563,10.0,4.8,67,127.0,2.651,0.74,us,6.79,1.874,0.053,110
-9.2487,119.8291,52.805,4.8,30,97.0,0.623,1.25,us,7.49,7.425,0.098,32
-18.6471,65.3925,10.0,4.7,55,73.0,2.206,0.69,us,11.95,1.874,0.082,45
52.3686,160.7066,10.0,4.4,14,166.0,1.413,0.86,us,14.04,1.962,0.22,7
51.4481,161.4189,10.0,4.1,39,122.0,2.321,0.74,us,10.11,1.929,0.101,27
34.5841,93.1476,10.0,4.1,27,127.0,5.159,0.57,us,12.17,1.953,0.131,17
49.4452,157.2969,28.46,4.4,35,136.0,3.677,0.69,us,5.55,5.796,0.109,24
9.7939,-70.7598,10.0,4.4,39,92.0,0.913,0.68,us,7.53,1.91,0.117,21
-6.1184,147.6197,68.815,4.2,15,130.0,3.297,0.62,us,5.99,12.188,0.175,9
34.7431,32.4664,10.0,4.2,32,147.0,0.744,0.75,us,4.65,1.941,0.136,15
38.2353,141.89,68.806,4.3,18,160.0,2.629,0.68,us,9.89,9.655,0.187,8
53.0892,160.3148,10.0,4.3,18,194.0,1.007,1.39,us,12.17,1.971,0.129,17
-21.5965,-68.5632,134.03,4.1,20,84.0,0.662,0.36,us,6.28,5.908,0.184,8
51.3518,159.7018,13.297,4.6,64,134.0,1.795,0.85,us,10.46,5.474,0.077,50
-9.6951,122.1727,66.901,4.2,22,74.0,1.055,0.76,us,6.15,8.55,0.146,13
10.1544,126.4282,42.521,4.9,109,96.0,3.178,0.56,us,10.42,5.264,0.057,96
-36.253,52.4992,10.0,4.5,20,88.0,12.2,0.76,us,13.87,1.906,0.135,16
-9.3174,124.0143,92.228,4.0,9,135.0,0.501,0.76,us,14.99,6.038,0.211,6
50.4151,157.2643,53.85,4.2,32,165.0,2.711,0.69,us,8.43,9.5,0.115,21
-20.3027,-177.7037,508.462,4.4,35,96.0,4.711,0.55,us,13.01,9.064,0.095,32
7.204,126.7151,73.404,4.5,52,115.0,1.135,0.69,us,8.41,7.236,0.087,41
1.5579,126.9336,105.685,4.5,55,90.0,0.893,0.75,us,7.03,7.67,0.087,39
54.5599,-159.8372,34.724,3.6,29,206.0,0.307,0.95,us,7.32,6.1,0.249,4
-17.1634,-174.6802,214.117,4.3,36,66.0,4.274,0.81,us,10.09,8.27,0.094,32
52.4238,-169.5357,39.206,3.7,27,176.0,0.688,0.98,us,6.94,8.836,0.126,16
36.2217,69.2333,37.263,4.6,40,148.0,2.431,0.81,us,9.89,6.57,0.068,65
51.545,159.557,35.0,5.1,177,124.0,1.582,0.53,us,9.25,1.903,0.028,405
51.9156,158.0088,85.977,4.2,38,137.0,1.177,0.83,us,10.2,7.514,0.105,25
11.5731,141.6391,10.0,5.1,43,71.0,3.735,1.05,us,11.23,1.888,0.052,120
9.3716,93.9749,10.0,5.1,93,28.0,5.612,0.99,us,8.72,1.81,0.064,79
9.0956,93.9539,10.0,4.5,51,120.0,4.855,0.81,us,10.79,1.885,0.089,37
6.3466,127.3576,10.0,4.6,38,62.0,1.907,0.47,us,10.04,1.911,0.101,31
73.2777,6.7656,10.0,4.3,37,94.0,5.458,0.71,us,7.73,1.906,0.126,20
4.4094,-73.2733,10.0,4.2,18,115.0,1.13,0.98,us,9.61,1.908,0.147,13
4.9341,126.4562,51.353,4.4,34,103.0,0.994,0.53,us,7.76,1.688,0.108,25
13.1322,50.1725,10.0,4.4,21,147.0,7.333,0.87,us,12.7,1.886,0.143,14
52.7606,160.7728,10.0,4.3,44,143.0,1.313,0.59,us,9.78,1.954,0.094,32
-19.9832,-177.9319,558.673,4.4,32,195.0,4.328,0.51,us,18.79,11.352,0.107,25
79.2928,2.743,10.0,4.4,43,61.0,3.958,0.55,us,9.3,1.821,0.095,32
51.8027,160.2414,10.0,4.5,45,155.0,1.564,0.95,us,9.96,1.94,0.071,59
52.4359,159.9524,74.601,4.6,37,165.0,1.526,1.18,us,6.84,8.095,0.103,28
41.2535,142.6957,42.963,4.4,48,172.0,0.836,0.86,us,9.23,8.886,0.086,39
12.2091,-87.6562,35.0,4.6,192,137.0,1.411,0.82,us,7.17,1.936,0.042,173
-61.1907,-28.1435,10.0,4.6,11,109.0,16.897,0.99,us,15.98,1.936,0.117,22
-21.5935,170.3771,103.078,4.4,23,208.0,2.901,0.84,us,5.34,9.505,0.126,19
40.7378,143.859,10.0,4.3,31,134.0,2.123,0.69,us,8.2,1.913,0.138,15
-6.1946,130.5084,115.071,4.3,19,120.0,1.767,0.69,us,10.48,8.774,0.168,10
-7.1735,129.2667,135.17,4.1,15,114.0,5.165,0.56,us,8.45,8.822,0.213,8
-17.4911,-178.649,576.188,4.3,19,242.0,2.147,0.53,us,27.05,15.967,0.142,15
1.6196,127.2088,142.172,4.1,24,122.0,0.857,1.12,us,7.07,5.794,0.157,13
0.8917,97.386,10.0,5.3,116,53.0,2.359,0.85,us,7.82,1.755,0.045,163
-18.4243,-173.7855,49.919,4.2,17,119.0,3.713,0.39,us,12.39,12.344,0.132,16
16.3711,-59.5654,10.0,4.3,43,165.0,1.433,1.05,us,8.93,1.942,0.122,19
50.1236,158.8934,10.0,4.6,69,110.0,2.908,1.06,us,8.91,1.855,0.076,52
53.2655,160.1198,59.522,4.4,127,120.0,1.465,0.48,us,8.98,6.127,0.05,117
51.2727,158.5086,35.0,4.3,27,171.0,1.756,0.74,us,10.75,1.987,0.122,19
52.1276,161.4042,10.0,4.3,29,124.0,1.905,1.16,us,9.87,1.908,0.126,19
49.7957,155.8892,88.043,4.4,82,97.0,3.505,0.5,us,10.42,7.231,0.066,69
2.5581,95.8302,33.799,4.2,22,204.0,2.143,0.36,us,9.92,7.626,0.136,15
52.1061,160.6091,10.0,4.2,11,159.0,1.508,0.4,us,12.12,1.965,0.216,6
50.7225,157.9712,35.0,4.8,52,135.0,2.342,0.72,us,10.32,1.936,0.094,35
52.0078,159.3186,35.0,4.2,20,222.0,1.096,0.8,us,5.7,1.991,0.147,13
50.5943,157.6929,35.122,4.3,35,126.0,2.504,1.07,us,10.14,7.962,0.099,29
49.3466,156.9729,10.0,4.4,34,104.0,3.794,0.58,us,8.94,1.846,0.108,25
12.7745,-88.2994,42.488,4.0,15,159.0,0.691,0.86,us,4.65,8.58,0.3,3
50.227,159.1358,10.0,4.7,66,135.0,2.817,1.02,us,10.09,1.894,0.036,239
-26.8882,-176.4787,56.245,4.4,22,123.0,9.839,0.64,us,14.6,9.962,0.12,20
51.3415,159.0757,10.0,4.3,28,219.0,1.705,0.55,us,5.75,1.97,0.122,19
-16.5178,-173.8145,53.864,4.4,11,144.0,3.252,0.53,us,12.6,8.869,0.179,22
2.9943,127.6714,97.541,4.5,49,67.0,2.229,0.95,us,7.95,6.871,0.09,36
-28.328,-174.9091,10.0,4.7,42,121.0,2.804,0.53,us,12.39,1.842,0.089,38
42.2766,144.6046,42.195,4.3,127,118.0,1.108,0.68,us,7.19,7.306,0.05,116
-24.1632,-67.5235,204.399,4.1,19,91.0,1.347,0.95,us,7.22,10.203,0.261,4
84.9908,97.9913,10.0,4.4,44,39.0,11.499,0.95,us,10.07,1.908,0.094,33
2.3985,128.2662,205.772,4.3,12,146.0,1.849,0.63,us,9.17,11.79,0.217,6
3.3383,-82.799,10.0,4.4,19,166.0,4.441,1.15,us,9.89,1.96,0.162,11
6.8257,127.1219,58.864,5.2,80,107.0,1.551,0.88,us,8.86,7.268,0.052,124
19.9514,121.3212,10.0,4.7,54,102.0,2.861,0.79,us,9.63,1.898,0.093,35
51.9756,161.0779,10.0,4.5,59,173.0,1.818,0.96,us,11.03,1.939,0.057,91
-23.0795,-174.9504,10.0,4.7,30,100.0,6.153,0.57,us,13.66,1.889,0.108,26
53.0029,161.1671,35.0,4.5,23,201.0,1.521,1.04,us,13.4,1.976,0.145,14
-3.802,101.8076,58.101,4.8,90,89.0,1.272,0.56,us,7.31,7.344,0.064,75
41.2125,142.9725,45.06,4.8,70,134.0,0.814,0.79,us,6.58,3.629,0.05,125
29.2959,129.4315,16.063,4.2,19,110.0,2.376,1.05,us,8.51,5.266,0.167,10
5.7732,125.7873,106.324,4.4,25,115.0,1.078,0.65,us,5.91,6.102,0.126,18
51.419,159.7448,10.0,4.9,120,132.0,1.742,0.89,us,9.49,1.879,0.052,116
38.3634,20.4351,10.0,4.3,26,125.0,1.626,0.98,us,5.6,1.272,0.153,12
13.8516,56.5241,10.0,4.3,22,137.0,11.04,0.88,us,12.13,1.928,0.137,15
-3.0498,-80.2418,52.291,4.2,32,123.0,1.099,0.92,us,6.73,11.154,0.118,20
40.9443,143.0631,39.127,5.0,94,96.0,1.072,0.64,us,7.61,5.996,0.055,106
-7.8125,128.7035,68.843,4.2,15,100.0,4.791,0.46,us,9.21,8.954,0.167,10
54.5416,-159.8941,35.0,3.6,27,161.0,0.34,0.75,us,7.89,1.941,0.144,15
51.8643,159.4794,58.392,4.4,48,137.0,1.267,0.58,us,7.07,6.722,0.082,48
-30.3899,-72.1556,16.765,4.4,34,142.0,0.531,0.72,us,4.39,4.955,0.19,8
-7.0057,129.5203,159.477,5.4,102,20.0,4.885,0.71,us,4.24,6.665,0.043,188
-16.8789,-69.7573,183.72,4.2,25,125.0,0.755,1.07,us,9.61,8.563,0.187,8
-24.8269,-175.6649,35.0,5.2,176,121.0,9.16,0.52,us,12.62,1.858,0.046,158
52.6811,160.9531,10.0,4.3,35,164.0,1.438,0.68,us,11.79,1.941,0.094,32
-47.865,116.1043,10.0,4.7,22,92.0,14.945,0.62,us,13.1,1.854,0.138,19
-6.8749,125.3117,520.733,4.5,91,39.0,3.043,0.45,us,10.46,8.24,0.07,61
-19.4012,-176.545,310.539,4.4,69,123.0,4.855,0.37,us,12.74,3.821,0.081,44
39.1155,28.199,10.0,4.0,22,57.0,1.008,0.71,us,4.02,1.974,0.231,5
-16.726,-173.5381,77.373,4.2,16,129.0,3.273,0.39,us,15.32,9.299,0.152,12
52.8002,160.6336,31.954,4.5,42,119.0,1.222,1.05,us,10.21,5.964,0.1,29
19.3828,39.3851,10.0,4.3,39,135.0,6.773,1.19,us,10.93,1.956,0.089,36
13.967,-92.5853,22.359,4.6,71,157.0,1.158,1.25,us,6.19,7.071,0.03,329
-55.3723,-28.0188,10.0,4.3,13,114.0,5.017,0.48,us,15.55,1.922,0.188,8
50.9242,159.1394,21.179,4.3,61,65.0,2.124,0.78,us,8.85,4.733,0.075,51
14.6936,-94.5322,10.0,4.7,41,194.0,1.859,1.35,us,6.22,1.978,0.102,29
-20.8705,-178.6275,600.489,4.1,23,203.0,4.415,0.51,us,21.78,19.505,0.131,19
51.9237,160.4546,10.0,4.2,24,167.0,1.559,0.45,us,12.7,1.972,0.136,15
-21.5471,-69.1139,95.992,4.3,28,58.0,0.275,1.24,us,4.46,3.805,0.16,11
49.3895,155.3101,78.282,4.4,37,133.0,4.014,0.7,us,11.13,8.156,0.088,37
-57.39,-66.929,10.0,4.6,44,144.0,2.495,0.51,us,13.28,1.92,0.084,42
-22.907,172.9271,10.0,4.6,22,123.0,5.067,0.9,us,6.77,1.853,0.14,15
29.0344,138.6988,492.848,4.7,213,47.0,3.635,0.6,us,9.39,6.006,0.03,348
-55.9869,-123.8004,10.0,4.5,19,88.0,32.823,1.13,us,17.84,1.869,0.145,14
-24.5576,-179.7019,479.142,4.5,27,167.0,7.095,1.08,us,15.06,13.417,0.095,33
50.3121,158.7994,10.0,4.5,64,134.0,2.717,0.78,us,9.42,1.9,0.074,54
-24.3135,-67.3394,177.294,4.2,31,60.0,1.559,1.03,us,4.46,7.968,0.121,20
-15.8655,-72.0021,10.0,4.2,17,155.0,2.954,0.76,us,11.43,1.939,0.236,5
29.1179,129.1083,10.0,4.2,25,128.0,2.39,0.67,us,6.87,1.62,0.159,11
-7.1704,129.5056,10.0,4.4,21,95.0,5.03,1.01,us,7.27,1.938,0.19,8
51.652,-173.4891,35.0,4.2,106,134.0,0.704,0.58,us,5.53,1.929,0.045,136
-62.5639,-159.07,10.0,4.6,23,106.0,18.679,0.89,us,15.62,1.9,0.152,13
-7.0955,111.1172,241.038,4.4,49,74.0,0.673,0.72,us,8.02,4.395,0.093,33
52.0519,160.2866,10.0,4.5,90,118.0,1.901,0.73,us,9.63,1.896,0.056,93
-31.2347,-73.0604,10.0,4.3,23,146.0,1.765,0.37,us,6.58,1.463,0.237,5
-5.6313,148.2276,167.91,4.4,26,69.0,3.666,0.97,us,11.15,7.817,0.126,18
-5.9843,146.2924,112.408,4.8,77,79.0,3.505,0.82,us,7.36,3.64,0.047,144
71.1097,-7.8105,10.0,4.6,73,61.0,4.709,0.73,us,3.76,1.848,0.061,81
52.5815,160.8164,10.0,4.6,18,121.0,1.388,0.61,us,8.48,1.82,0.207,12
32.9099,76.2043,35.0,4.1,26,269.0,5.611,1.33,us,14.03,2.006,0.174,9
60.4524,-139.5498,5.0,4.1,28,97.0,0.501,1.19,us,2.62,1.944,0.198,8
-21.0279,169.7037,116.658,4.5,35,111.0,2.624,0.49,us,10.08,6.978,0.096,32
51.291,-178.4942,35.0,3.7,37,206.0,0.33,0.79,us,3.74,1.864,0.152,11
-28.386,-176.6661,10.0,4.3,15,268.0,1.4,0.68,us,8.49,1.947,0.147,13
-23.558,179.9433,535.308,4.5,56,57.0,6.048,0.46,us,5.67,7.629,0.082,44
-10.2699,161.4662,87.959,4.2,31,109.0,1.709,0.74,us,10.5,7.893,0.121,20
53.7879,-165.5072,63.549,3.6,34,170.0,0.342,0.32,us,5.81,11.269,0.125,16
23.9796,121.671,19.975,4.6,47,80.0,0.205,0.6,us,3.81,3.572,0.089,38
29.283,129.3649,10.0,4.4,39,108.0,2.41,1.17,us,4.32,1.888,0.112,23
50.8553,159.0797,35.0,5.0,47,130.0,2.188,0.69,us,10.18,1.928,0.085,44
13.8543,144.7191,155.49,4.5,39,98.0,1.72,0.52,us,9.23,6.852,0.101,29
52.6315,160.625,10.0,5.0,94,116.0,1.261,0.93,us,8.54,1.873,0.03,347
52.8163,160.4631,36.527,4.1,22,119.0,1.117,0.47,us,10.72,4.22,0.127,17
-15.9574,-174.2593,82.25,4.9,20,112.0,3.143,0.73,us,13.45,3.567,0.177,10
39.6252,143.3878,10.0,4.2,34,132.0,2.125,0.85,us,4.84,1.877,0.115,21
-47.2566,165.9072,10.0,4.2,33,115.0,1.214,1.07,us,4.38,1.879,0.2,7
42.1866,91.4236,10.0,4.3,16,235.0,7.038,0.79,us,13.84,1.997,0.154,12
32.3382,56.224,10.0,4.1,15,127.0,7.366,1.13,us,14.5,1.979,0.114,23
-54.9048,-129.2594,10.0,5.1,31,111.0,32.639,0.88,us,13.79,1.88,0.106,29
-22.6682,171.0096,10.0,4.8,33,127.0,3.292,0.79,us,12.33,1.912,0.087,41
50.3522,159.1485,10.0,4.9,178,134.0,2.693,0.74,us,8.43,1.884,0.044,160
52.2912,159.9371,59.125,4.2,22,122.0,1.589,1.23,us,9.97,8.148,0.142,14
52.8466,161.1368,22.918,4.8,38,110.0,7.863,0.61,us,14.01,5.804,0.105,28
52.9103,159.892,56.599,4.6,40,118.0,0.76,1.1,us,8.38,6.417,0.079,48
37.5398,19.8784,35.0,4.0,24,139.0,1.67,1.15,us,7.06,1.968,0.232,5
54.4994,-160.164,39.79,3.8,37,186.0,0.471,1.08,us,5.25,9.205,0.18,8
16.3206,-59.6292,10.0,4.5,56,101.0,1.38,0.59,us,8.31,1.909,0.099,30
10.7865,-86.5548,10.0,4.3,23,169.0,1.21,0.69,us,6.26,1.961,0.111,23
-20.9432,-178.6525,554.416,4.3,49,126.0,4.449,0.63,us,14.25,10.046,0.082,44
29.2336,129.0476,10.0,4.4,25,127.0,2.485,0.82,us,9.25,1.908,0.162,13
-43.0243,-76.2962,10.0,4.4,16,240.0,2.923,0.95,us,9.31,2.004,0.179,9
50.5727,159.8847,10.0,4.4,30,128.0,2.571,0.34,us,9.72,1.907,0.117,21
-15.0801,167.6184,127.744,4.7,20,106.0,0.542,0.89,us,12.94,5.72,0.159,12
32.0697,131.9259,47.528,4.9,128,48.0,1.373,0.62,us,5.46,6.554,0.047,141
-57.783,157.9936,10.0,4.4,16,144.0,3.335,0.3,us,12.96,1.942,0.143,14
52.2207,160.1556,39.277,4.2,31,123.0,1.22,0.69,us,10.63,7.738,0.103,26
49.0998,156.215,44.781,4.5,57,136.0,4.121,0.66,us,12.07,7.55,0.083,42
50.6143,159.0116,10.0,4.1,35,167.0,2.423,0.86,us,9.0,1.932,0.109,23
61.1314,-28.1208,10.0,4.5,46,82.0,4.773,1.17,us,10.76,1.922,0.063,74
-28.7248,-178.3498,209.157,4.2,17,227.0,0.636,0.62,us,20.04,8.948,0.128,17
36.147,36.1147,39.618,3.6,22,120.0,0.911,1.15,us,5.55,8.919,0.224,5
50.5716,159.2754,10.0,4.6,63,132.0,2.486,0.76,us,8.86,1.891,0.069,62
52.8301,160.7388,34.384,4.6,66,160.0,1.279,0.72,us,12.02,7.138,0.077,50
23.4149,94.6684,105.73,4.5,57,64.0,2.211,0.47,us,8.11,6.964,0.088,40
0.1486,121.9721,199.306,4.7,50,60.0,2.855,0.62,us,9.3,7.86,0.075,54
51.4089,159.303,10.0,4.5,48,135.0,1.666,0.58,us,10.46,1.889,0.085,41
51.9658,160.6815,10.0,4.1,17,164.0,1.632,0.46,us,5.48,1.974,0.139,15
21.9235,95.9869,10.0,4.8,38,75.0,1.226,0.44,us,8.07,1.898,0.105,28
49.4802,157.8111,10.0,4.5,70,167.0,3.587,0.64,us,10.23,1.923,0.076,51
-18.135,-178.4305,594.036,4.4,81,82.0,2.67,0.68,us,10.84,3.662,0.034,256
52.5879,160.8269,10.0,4.4,27,109.0,1.392,1.2,us,12.27,1.913,0.126,18
-17.2848,-179.214,549.393,4.2,13,239.0,1.575,0.25,us,32.37,26.39,0.158,11
41.2718,142.6321,43.073,4.8,66,134.0,0.84,0.55,us,6.23,6.431,0.055,102
-4.7775,104.2855,175.47,4.4,42,55.0,0.276,0.98,us,8.18,3.178,0.107,25
27.4676,52.5955,10.0,4.9,67,80.0,4.101,0.62,us,7.36,1.852,0.046,145
52.9076,-170.6502,125.87,3.8,51,148.0,0.38,0.75,us,9.99,5.929,0.114,20
-22.636,173.3987,10.0,4.5,23,125.0,5.499,1.47,us,9.56,1.922,0.145,14
51.3088,157.5788,83.882,4.5,83,135.0,1.804,0.43,us,11.16,6.952,0.046,138
43.3942,-126.9726,10.0,3.7,92,204.0,1.589,0.9,us,8.74,2.003,0.191,7
52.8627,159.4762,58.953,4.0,24,119.0,0.525,0.63,us,11.04,7.12,0.129,16
50.4731,158.818,10.0,4.6,82,132.0,2.556,0.75,us,5.69,1.687,0.041,179
-58.0146,-23.2715,10.0,4.4,11,103.0,16.075,0.67,us,9.84,1.901,0.161,11
7.2465,-73.3228,127.636,4.1,19,84.0,2.584,0.86,us,6.31,12.337,0.184,8
51.6358,158.1961,59.345,4.1,29,88.0,1.417,1.31,us,10.0,7.763,0.123,18
52.5009,160.346,35.0,5.2,84,96.0,1.156,1.25,us,8.68,1.86,0.033,294
-0.2104,130.6163,10.0,4.9,48,47.0,0.913,0.95,us,6.35,1.887,0.074,57
-47.8636,116.0066,10.0,4.5,23,93.0,14.948,0.67,us,14.62,1.904,0.135,16
49.2422,157.7258,10.0,4.0,18,150.0,3.831,0.49,us,13.63,1.948,0.164,10
39.2087,28.2723,10.0,4.5,35,64.0,1.072,0.41,us,5.01,1.884,0.124,19
51.8234,160.0484,28.589,4.4,33,125.0,1.476,0.62,us,10.11,5.956,0.107,25
-17.8596,-178.6221,607.156,4.3,44,182.0,2.36,0.53,us,20.74,10.27,0.075,55
50.1717,159.6266,10.0,4.2,26,231.0,2.92,0.59,us,14.29,1.982,0.136,15
6.9177,-73.1993,159.857,4.1,17,80.0,2.342,0.73,us,7.91,9.042,0.186,8
-1.8439,139.1347,25.691,4.4,40,87.0,1.189,0.78,us,5.62,5.456,0.105,26
49.957,154.5424,140.466,4.1,16,137.0,3.72,0.85,us,13.62,7.456,0.158,11
-0.9822,134.2512,32.556,4.6,38,81.0,0.53,0.77,us,6.43,5.673,0.107,26
51.605,160.6406,10.0,4.2,30,165.0,1.874,0.49,us,7.9,1.9,0.115,21
-14.4218,167.1653,124.522,4.3,20,157.0,1.02,1.08,us,15.98,8.143,0.143,14
-2.842,139.3141,38.481,5.0,54,88.0,1.297,0.8,us,6.26,0.841,0.077,54
53.2364,159.5708,88.527,4.1,30,163.0,1.134,0.48,us,13.24,9.456,0.117,20
51.3451,158.9883,35.0,4.5,45,121.0,1.694,0.96,us,8.45,1.926,0.06,81
30.0282,131.1112,35.0,4.6,73,136.0,1.581,0.84,us,7.27,1.918,0.071,59
9.8304,122.169,10.0,4.3,28,102.0,4.348,0.49,us,5.65,1.876,0.125,18
52.0285,160.4338,11.523,4.8,60,88.0,1.989,0.71,us,9.26,4.902,0.073,57
53.5974,161.4502,35.0,4.2,20,184.0,1.776,0.76,us,8.7,1.983,0.159,12
52.583,159.8435,35.0,4.6,33,119.0,0.848,1.14,us,8.55,1.738,0.103,28
6.8808,126.9341,60.081,4.6,88,78.0,1.358,0.92,us,7.36,6.388,0.057,93
51.6042,159.9212,10.0,4.0,15,127.0,1.622,0.72,us,8.57,1.89,0.164,10
-5.9523,122.5618,10.0,4.4,22,113.0,1.05,0.49,us,3.69,1.918,0.127,18
-12.6601,166.4009,70.742,4.6,35,117.0,2.878,0.58,us,11.3,6.135,0.1,30
-17.7013,-178.4067,544.845,4.4,36,124.0,2.45,0.82,us,15.23,9.27,0.1,29
49.2985,157.5274,10.0,4.3,37,137.0,3.796,1.05,us,9.27,1.901,0.102,27
50.0259,156.9525,35.0,4.5,59,127.0,3.122,0.56,us,10.2,1.926,0.08,46
29.6473,142.1455,22.472,4.9,208,65.0,2.542,0.41,us,7.04,4.435,0.039,219
51.9585,160.4532,42.798,4.2,15,154.0,1.534,0.72,us,12.8,11.21,0.16,11
26.6443,54.1759,15.34,4.5,110,76.0,2.491,0.43,us,8.03,4.336,0.055,102
-50.3426,112.7229,10.0,4.6,20,141.0,21.396,0.57,us,15.08,1.927,0.133,19
-2.0984,139.2894,38.388,4.6,38,107.0,1.268,0.77,us,7.45,7.362,0.087,39
14.0683,145.0286,125.511,4.6,86,123.0,1.374,0.48,us,11.54,6.508,0.063,76
-45.9818,95.6026,10.0,4.4,21,110.0,33.553,0.61,us,8.09,1.909,0.124,19
53.4343,159.9781,75.887,4.5,161,122.0,1.407,0.65,us,9.72,6.64,0.046,147
10.2097,125.9317,10.0,4.5,48,130.0,3.139,0.72,us,8.11,1.901,0.086,40
2.9711,-31.3085,10.0,4.5,34,90.0,20.039,0.96,us,9.83,1.647,0.099,30
52.7306,160.5708,34.522,5.0,163,92.0,1.201,0.63,us,8.27,4.131,0.024,535
24.6834,122.4083,10.0,4.9,50,44.0,0.59,0.77,us,2.87,1.872,0.085,44
52.1467,160.2915,24.199,4.6,23,121.0,1.851,1.04,us,9.33,5.441,0.146,14
53.0811,159.5427,35.0,4.9,97,115.0,0.542,0.76,us,8.37,1.914,0.042,181
51.6311,159.2009,35.0,4.3,34,167.0,1.435,0.97,us,11.75,1.97,0.106,25
3.9968,125.8645,86.404,4.1,17,128.0,0.826,0.77,us,15.07,8.421,0.15,12
36.504,70.8658,187.072,4.0,47,82.0,2.219,1.17,us,8.24,8.334,0.144,13
9.3263,93.9061,10.0,4.9,47,149.0,5.066,0.37,us,11.52,1.912,0.092,37
51.1478,159.3769,10.0,4.7,18,138.0,1.931,1.35,us,10.87,1.934,0.159,12
-3.7295,142.0765,26.072,4.6,28,144.0,1.827,0.98,us,7.99,5.621,0.119,21
51.332,159.7044,24.879,4.2,26,128.0,1.814,1.23,us,9.95,6.105,0.124,18
51.6708,159.9679,10.0,4.3,19,218.0,1.578,0.87,us,7.28,1.97,0.168,10
51.6248,159.0013,10.0,4.2,28,166.0,1.417,0.58,us,11.25,1.965,0.128,17
39.34,143.6528,10.0,4.5,54,135.0,2.458,0.66,us,8.89,1.89,0.09,36
-23.8618,-179.9581,529.184,4.3,28,177.0,6.364,0.58,us,20.1,17.647,0.111,23
52.159,160.2778,44.436,4.5,50,162.0,1.317,0.52,us,10.53,7.134,0.086,40
51.1178,-175.9955,10.0,4.0,42,203.0,0.788,0.5,us,4.63,1.918,0.108,23
17.8382,-103.0383,19.667,4.3,49,116.0,1.729,1.06,us,9.62,5.771,0.063,71
2.8875,-31.3647,10.0,4.8,52,46.0,9.77,0.84,us,10.87,1.851,0.066,72
3.0952,-31.3618,10.0,4.5,20,112.0,20.069,0.43,us,8.15,1.913,0.135,16
52.0561,160.3545,22.19,4.2,29,188.0,1.422,0.83,us,12.37,7.27,0.124,18
-59.2708,-25.9853,35.0,4.3,18,177.0,15.551,0.71,us,12.0,1.957,0.133,16
53.0767,161.0744,30.492,4.6,37,181.0,1.465,1.04,us,14.2,8.512,0.098,31
51.7882,159.5901,33.285,4.1,22,218.0,1.365,0.58,us,13.46,9.094,0.14,14
-28.0423,-66.8839,172.204,4.2,22,159.0,3.152,0.6,us,8.67,10.772,0.2,7
10.575,92.8178,58.539,4.5,26,89.0,9.825,0.7,us,13.3,5.629,0.14,16
14.0767,147.0095,10.0,4.4,26,155.0,1.647,0.59,us,8.22,1.932,0.134,16
13.0953,144.6742,52.351,4.5,33,71.0,0.526,0.72,us,11.81,5.67,0.078,48
51.3569,159.515,35.0,4.7,42,128.0,1.752,1.08,us,7.39,1.774,0.085,42
64.5125,-40.0663,10.0,4.2,30,90.0,4.164,0.65,us,6.93,1.762,0.124,18
51.5995,160.094,10.0,4.4,20,229.0,2.107,0.55,us,14.4,1.99,0.123,20
27.2004,103.5081,10.0,4.9,125,51.0,2.054,0.62,us,7.16,1.87,0.051,120
-6.5736,146.8916,65.778,4.4,29,151.0,2.825,1.05,us,14.59,8.341,0.114,22
9.1369,-83.7868,50.232,4.3,36,128.0,0.638,0.62,us,7.57,8.797,0.111,23
-45.8845,95.7899,10.0,4.6,19,98.0,20.945,0.75,us,15.45,1.915,0.137,16
37.0416,28.4821,10.0,4.4,33,57.0,0.783,0.66,us,4.57,1.358,0.178,9
18.7597,145.6392,149.037,4.2,14,127.0,3.502,0.77,us,17.21,9.995,0.152,12
-23.1482,-179.9715,559.509,4.2,21,185.0,5.686,0.38,us,24.4,24.923,0.146,19
7.3364,127.0845,10.0,4.9,91,55.0,1.517,1.18,us,6.57,1.855,0.056,99
-0.1578,122.8574,158.128,4.8,79,22.0,0.882,0.83,us,6.51,5.247,0.064,76
-7.9744,130.3851,10.0,4.6,32,115.0,3.462,0.87,us,8.48,1.806,0.105,27
46.3138,152.7644,30.579,4.4,41,136.0,7.51,0.56,us,11.09,6.226,0.112,23
-1.7675,-78.0415,155.618,4.5,73,62.0,0.273,0.84,us,7.48,4.152,0.045,144
-6.5675,107.0797,126.439,4.3,22,137.0,0.583,1.06,us,11.46,6.505,0.137,16
52.1303,160.2121,35.0,5.7,38,118.0,1.818,0.81,us,6.78,1.927,0.105,32
6.626,127.0071,10.0,4.4,21,71.0,1.485,0.93,us,4.25,1.928,0.139,18
-19.1644,-177.4381,571.812,4.3,28,89.0,4.047,1.25,us,15.96,10.942,0.133,17
-58.0205,-25.2757,35.0,4.5,13,132.0,16.51,1.15,us,14.5,1.946,0.15,13
-20.4738,-178.2955,554.869,4.3,21,167.0,4.392,0.39,us,15.65,8.329,0.137,15
12.9962,145.7424,10.0,4.2,24,104.0,1.035,0.78,us,4.33,1.922,0.166,10
-6.3254,-79.9277,67.657,5.0,75,130.0,3.892,0.79,us,10.97,5.918,0.029,387
-3.9128,151.3523,10.0,5.1,63,54.0,0.855,0.76,us,4.55,1.787,0.064,81
-1.6753,123.8813,10.0,4.5,31,57.0,1.275,1.36,us,6.02,1.913,0.14,15
-57.1047,-66.6962,10.0,4.9,65,106.0,3.904,0.87,us,11.22,1.885,0.075,61
-18.3323,168.4127,39.846,4.3,19,197.0,3.094,1.01,us,8.09,6.816,0.16,13
23.7585,90.4588,10.0,4.3,31,172.0,4.842,0.81,us,12.37,1.936,0.122,19
-60.3942,-60.9559,10.0,4.9,23,120.0,4.623,0.88,us,10.04,1.892,0.119,22
-2.5868,139.5463,38.597,4.6,20,88.0,1.158,0.55,us,6.59,2.978,0.146,14
51.4159,159.8462,10.0,4.3,27,124.0,1.77,0.98,us,8.91,1.896,0.122,19
7.274,127.3608,10.0,4.3,23,116.0,1.779,0.49,us,8.41,1.914,0.119,20
-3.3861,143.6125,10.0,4.4,28,142.0,3.032,1.39,us,7.19,1.808,0.12,20
5.7336,126.925,140.346,4.5,72,66.0,1.75,0.71,us,8.14,5.816,0.069,62
7.5868,-36.6151,10.0,4.4,12,117.0,13.344,0.54,us,15.3,1.951,0.179,9
51.1468,159.5447,22.326,4.5,30,122.0,1.959,0.99,us,9.78,5.956,0.113,23
-0.1296,123.1429,125.43,5.0,99,30.0,0.979,0.92,us,6.29,5.244,0.039,209
51.4227,161.1201,10.0,4.3,33,122.0,2.209,0.48,us,8.79,1.918,0.116,21
34.7136,70.8489,10.0,4.3,19,238.0,1.428,0.6,us,14.86,2.009,0.119,20
-6.5375,129.9481,130.852,4.2,20,127.0,2.002,0.6,us,10.05,8.549,0.175,9
23.9869,121.7603,28.431,4.6,119,61.0,0.24,0.52,us,4.03,5.108,0.056,96
52.6846,160.8776,17.341,4.3,29,120.0,1.393,1.15,us,8.91,3.593,0.116,21
-3.4409,144.9966,10.0,4.3,13,120.0,2.744,0.49,us,13.1,1.728,0.201,7
27.4185,52.3957,10.0,4.1,59,83.0,4.216,0.64,us,7.83,1.843,0.078,45
-5.9694,149.5578,72.673,5.0,121,55.0,2.954,0.7,us,3.64,5.953,0.04,194
22.304,94.5958,108.963,4.7,90,51.0,4.332,0.72,us,10.34,7.648,0.06,84
53.4664,-166.8016,74.179,4.3,125,149.0,0.331,0.92,us,4.32,5.426,0.047,126
6.7096,-72.9637,169.66,4.4,40,125.0,2.292,0.56,us,11.75,8.718,0.095,35
-56.407,-27.6957,10.0,4.4,16,112.0,5.449,0.91,us,14.01,1.915,0.162,11
51.913,159.416,35.146,4.6,28,131.0,1.207,1.29,us,9.23,7.958,0.116,22
52.3906,160.7468,10.0,5.1,78,134.0,1.425,0.99,us,10.72,1.898,0.072,62
28.3641,141.9716,36.792,4.2,34,134.0,1.278,0.74,us,8.58,7.356,0.105,25
10.926,124.133,10.0,4.9,93,79.0,4.089,0.63,us,6.98,1.783,0.054,109
-3.2176,143.5499,10.0,4.4,21,101.0,2.928,0.73,us,6.17,1.823,0.134,16
36.5384,70.516,217.624,4.0,26,151.0,2.312,0.89,us,6.38,10.435,0.211,6
50.6548,87.3988,10.0,4.4,43,104.0,3.603,0.62,us,7.14,1.824,0.089,36
52.8571,160.5243,41.146,4.1,72,134.0,1.147,0.43,us,11.07,7.419,0.073,56
-17.98,-178.3576,605.504,4.5,70,49.0,2.636,0.83,us,13.37,6.838,0.061,89
-22.1775,-179.6341,596.772,4.0,20,199.0,4.917,0.6,us,20.1,8.377,0.119,19
51.4697,159.677,10.0,4.2,26,128.0,1.679,1.17,us,8.88,1.916,0.136,15
51.9758,159.1471,53.766,4.7,64,124.0,1.092,0.92,us,8.42,6.483,0.039,198
51.4551,159.0953,35.865,4.7,34,124.0,1.594,1.04,us,10.08,7.847,0.102,29
49.085,154.7268,87.088,4.3,47,133.0,4.442,0.74,us,11.02,8.279,0.092,33
52.2003,161.1264,55.145,4.1,19,124.0,1.72,0.95,us,11.26,9.023,0.165,10
27.8628,131.2057,10.0,4.7,30,125.0,2.035,0.85,us,7.24,1.887,0.13,18
52.6679,160.536,35.0,4.2,31,174.0,1.198,0.77,us,11.47,1.967,0.113,22
51.3709,159.5342,35.0,4.3,23,150.0,1.742,0.76,us,11.38,1.957,0.111,23
52.9154,160.7317,35.0,4.5,64,134.0,1.264,0.55,us,8.6,1.888,0.073,55
-5.339,133.9041,10.0,5.1,71,38.0,2.635,0.65,us,8.3,1.778,0.065,77
-20.9565,-70.5112,29.639,4.3,27,143.0,0.361,1.02,us,5.96,5.757,0.122,19
-31.0509,-72.6317,10.0,4.4,31,146.0,0.936,0.77,us,4.66,1.517,0.203,7
43.754,147.8069,10.0,4.2,47,135.0,3.783,0.81,us,9.71,1.91,0.102,30
-58.7317,-24.4711,10.0,4.5,23,184.0,7.999,0.56,us,15.21,1.984,0.115,22
16.1817,146.6665,43.46,4.3,16,171.0,1.261,0.57,us,12.26,11.051,0.189,8
52.7752,161.1082,10.0,4.5,52,120.0,1.51,0.93,us,7.52,1.882,0.071,60
50.9219,157.9667,40.798,4.3,91,98.0,2.147,0.61,us,8.41,4.416,0.061,76
34.624,70.7561,10.0,4.7,75,87.0,1.342,0.53,us,8.45,2.536,0.064,75
39.4081,143.4448,10.0,4.6,87,123.0,2.288,1.01,us,7.79,1.88,0.063,74
52.5385,-170.074,63.471,3.7,23,175.0,0.859,0.83,us,11.19,6.31,0.19,8
-7.5561,127.8939,149.769,4.5,38,53.0,4.199,1.08,us,8.52,6.663,0.094,33
51.291,158.7914,35.987,5.3,109,73.0,1.737,0.76,us,7.23,5.474,0.022,659
46.8926,144.711,382.102,4.2,54,119.0,1.338,0.64,us,12.56,7.46,0.058,83
-1.9946,138.9596,28.217,4.5,48,80.0,0.972,0.92,us,6.06,5.284,0.087,39
-58.8943,-25.6228,35.0,4.5,27,78.0,20.258,0.85,us,14.82,1.952,0.102,28
-33.9048,-178.86,10.0,5.1,39,84.0,4.316,1.04,us,8.45,1.843,0.096,37
1.4953,127.242,123.663,4.3,60,79.0,0.729,0.69,us,6.94,6.9,0.077,48
51.0012,159.3973,10.0,4.7,43,130.0,2.077,0.84,us,10.11,1.918,0.093,35
-24.456,-112.0681,10.0,4.7,29,160.0,3.625,0.99,us,14.46,1.921,0.087,40
60.3727,-139.3832,8.723,4.3,47,57.0,0.515,0.7,us,2.12,5.034,0.239,5
38.2645,142.1075,70.56,4.2,25,121.0,2.647,0.72,us,9.02,5.258,0.146,13
-24.4871,-176.8224,123.427,4.6,52,74.0,4.841,0.63,us,10.98,6.892,0.084,43
-44.3879,-81.819,10.0,4.7,33,142.0,7.007,0.98,us,12.77,1.916,0.095,34
52.5319,161.1206,10.0,4.3,31,121.0,1.579,1.35,us,9.84,1.881,0.113,22
36.5615,71.0773,199.491,4.2,57,95.0,2.584,0.58,us,5.17,8.594,0.09,34
-24.3335,69.3889,10.0,4.3,32,74.0,7.205,0.54,us,12.42,1.877,0.113,22
0.5855,121.6312,107.187,4.5,68,46.0,0.997,0.83,us,3.27,6.352,0.075,52
-10.331,161.5065,84.826,4.4,22,159.0,1.774,0.7,us,12.01,6.483,0.108,25
60.686,-58.6764,10.0,4.3,44,127.0,5.149,0.87,us,9.59,1.886,0.08,44
-5.8083,154.75,171.592,4.1,21,204.0,3.036,0.77,us,17.32,16.754,0.135,15
51.1787,157.9073,62.749,4.4,21,138.0,1.903,0.95,us,11.38,8.407,0.155,12
-5.702,-81.2004,10.0,5.1,142,62.0,3.753,0.52,us,11.13,4.23,0.048,140
52.7286,160.5232,10.0,4.8,31,110.0,1.173,1.28,us,5.66,1.839,0.101,30
54.4647,-160.0576,23.852,4.3,83,161.0,0.457,0.87,us,4.85,5.897,0.142,14
39.3041,143.5875,10.0,5.2,88,97.0,2.439,0.64,us,6.83,1.86,0.044,172
-25.9649,179.6835,508.72,4.9,65,85.0,8.319,0.68,us,12.66,7.55,0.075,56
50.6926,157.4307,52.793,4.9,172,117.0,2.423,0.53,us,8.56,3.79,0.044,164
-56.9882,147.4579,10.0,4.5,32,95.0,6.946,1.01,us,11.82,1.941,0.106,29
-17.518,-178.8212,551.788,4.1,24,168.0,2.016,0.39,us,18.39,11.174,0.117,20
-60.3121,-62.366,10.0,4.3,10,152.0,4.546,1.23,us,16.52,1.949,0.189,9
-1.3244,101.6844,223.538,4.2,41,145.0,3.272,0.62,us,8.28,8.532,0.089,35
-57.2637,-66.5438,10.0,4.5,18,129.0,2.415,0.73,us,13.66,1.952,0.144,14
-16.0973,-173.7617,188.553,4.1,23,119.0,2.897,0.78,us,11.19,13.421,0.124,18
9.2728,-84.1423,45.043,4.5,79,133.0,0.485,0.58,us,7.99,8.836,0.062,77
49.6174,155.5281,50.359,4.6,95,170.0,3.751,1.21,us,10.88,8.32,0.051,117
-16.3302,167.2356,19.584,4.9,36,143.0,0.879,0.62,us,9.87,5.202,0.096,34
52.4746,160.8807,19.214,4.1,24,122.0,1.463,1.38,us,9.17,3.812,0.109,23
-35.5682,-179.2947,10.0,4.3,24,228.0,2.773,0.96,us,11.95,1.994,0.147,13
5.9275,61.4056,10.0,4.6,42,138.0,23.247,0.99,us,15.04,1.95,0.095,33
29.9971,131.046,36.263,4.4,24,135.0,1.591,0.53,us,8.23,8.378,0.155,12
-24.6527,179.9802,532.511,4.5,18,210.0,7.104,0.55,us,19.76,24.815,0.14,15
9.3798,93.87,10.0,4.6,60,123.0,5.13,0.35,us,9.32,1.902,0.084,42
-29.4061,-178.7471,210.988,4.8,76,51.0,0.732,0.67,us,13.06,6.152,0.067,69
30.4466,69.518,37.479,4.4,111,66.0,8.196,0.49,us,10.15,6.977,0.056,99
-38.9603,175.1293,212.235,4.1,32,48.0,0.332,1.02,us,6.91,3.91,0.174,9
30.463,140.3523,22.997,4.5,31,122.0,2.684,0.79,us,8.16,5.501,0.156,12
-5.2321,102.4614,34.436,4.6,49,123.0,0.996,0.86,us,9.15,5.906,0.081,45
33.7802,-38.1895,10.0,4.6,25,120.0,37.712,0.68,us,15.83,1.927,0.125,19
-20.1375,67.2727,10.0,4.5,16,96.0,38.828,0.45,us,15.96,1.912,0.18,9
14.3101,120.5221,147.677,4.5,51,89.0,8.478,0.73,us,9.5,5.887,0.081,45
-12.9889,166.9255,10.0,4.6,29,118.0,2.458,0.63,us,8.92,1.868,0.114,24
-32.9493,-178.1687,10.0,4.6,26,175.0,3.698,0.86,us,11.22,1.948,0.125,23
13.8894,144.6662,10.0,4.1,9,118.0,0.357,0.3,us,3.3,1.958,0.262,4
-52.9739,22.0891,10.0,4.6,15,114.0,20.603,0.75,us,13.45,1.522,0.151,14
44.1466,86.8597,10.0,4.2,37,101.0,3.597,0.63,us,8.81,1.925,0.132,16
-20.2519,-178.5925,628.026,4.6,55,96.0,4.036,0.64,us,13.51,9.233,0.075,54
-7.5618,-79.9607,53.72,4.5,60,122.0,5.11,0.44,us,10.66,9.006,0.069,63
51.138,159.7792,10.0,4.9,39,207.0,2.013,0.91,us,11.05,1.955,0.095,35
1.9491,96.4445,10.0,4.1,27,200.0,2.585,0.45,us,10.2,1.946,0.126,17
-6.7017,129.8172,160.711,4.7,55,31.0,2.167,0.8,us,8.37,7.13,0.079,49
40.5063,143.5264,35.0,4.1,22,135.0,1.533,1.07,us,6.07,1.952,0.151,12
-22.001,-175.6772,73.286,4.9,38,123.0,7.215,0.96,us,15.14,6.469,0.109,29
-1.585,96.5286,10.0,4.7,67,67.0,3.054,0.82,us,9.11,1.872,0.076,56
-63.1395,167.8656,10.0,4.3,17,169.0,14.575,1.39,us,11.92,1.974,0.137,15
-17.4598,167.8046,35.0,4.8,30,158.0,2.083,0.46,us,4.93,1.93,0.107,27
-16.1216,-73.2617,101.436,4.8,62,139.0,3.576,0.68,us,8.74,7.173,0.049,130
3.0133,-31.3637,10.0,4.9,46,58.0,9.882,0.51,us,11.21,1.864,0.071,62
51.7184,160.9987,10.0,4.1,38,138.0,1.945,0.73,us,10.91,1.921,0.099,28
49.1377,156.1835,70.426,4.5,36,124.0,4.089,0.69,us,8.13,8.094,0.087,39
42.971,18.711,10.0,4.1,36,72.0,0.676,0.3,us,5.46,1.971,0.368,2
-33.0868,-178.4761,10.0,4.4,24,172.0,3.842,0.8,us,11.55,1.941,0.12,20
49.215,156.4101,36.884,4.0,34,136.0,3.982,0.64,us,13.21,7.941,0.096,29
49.6385,158.3545,10.0,4.1,17,138.0,3.395,0.53,us,14.04,1.943,0.166,10
29.0959,129.3667,10.0,4.2,37,108.0,2.45,0.98,us,3.9,1.913,0.11,25
38.0063,72.4454,111.81,4.2,41,140.0,0.308,0.62,us,5.38,4.382,0.122,19
-2.7764,28.6988,10.0,4.7,53,99.0,2.97,0.69,us,9.74,1.874,0.081,46
-27.6633,-177.8685,192.961,4.5,20,154.0,10.563,0.81,us,10.25,11.697,0.136,16
39.1358,41.0169,10.0,4.3,27,99.0,0.968,0.52,us,4.94,1.939,0.265,4
51.6948,160.2336,10.0,4.5,17,127.0,1.647,1.05,us,10.39,1.92,0.156,12
36.3665,71.0806,115.516,4.1,38,166.0,2.242,1.1,us,8.39,11.704,0.145,13
52.6886,160.3365,53.81,4.4,32,142.0,1.076,1.2,us,12.48,7.868,0.126,18
51.8831,159.094,66.013,4.7,44,119.0,1.174,0.68,us,9.99,7.488,0.092,36
34.8282,24.4278,49.811,4.4,38,167.0,2.351,0.35,us,8.6,7.277,0.134,16
52.8618,160.2283,29.095,4.0,21,150.0,0.969,0.44,us,11.84,5.776,0.126,17
-4.4676,153.5383,108.916,4.6,44,115.0,1.398,0.69,us,9.54,7.78,0.082,46
-33.038,179.8029,10.0,4.4,15,219.0,4.677,1.04,us,15.36,1.989,0.162,12
54.4854,-159.8134,35.544,3.8,42,170.0,0.37,0.5,us,3.12,15.771,0.208,6
53.5236,161.5871,30.678,4.4,14,114.0,1.834,1.02,us,8.48,6.661,0.161,11
-25.3145,179.5981,522.062,4.2,29,92.0,4.491,0.72,us,12.4,6.844,0.136,15
53.0676,160.2664,35.0,4.3,19,152.0,0.977,1.05,us,12.18,1.986,0.138,15
41.0731,75.1541,10.0,4.5,52,86.0,0.107,1.03,us,4.25,1.894,0.097,31
51.2004,159.1994,35.0,4.8,39,227.0,1.857,0.52,us,12.82,1.974,0.094,35
51.2524,159.0823,35.0,4.4,50,128.0,1.794,0.73,us,8.74,1.922,0.08,45
-16.675,-71.5137,99.305,4.2,27,140.0,2.023,0.69,us,9.88,9.205,0.128,17
-22.1756,-179.7187,610.483,4.1,19,204.0,4.881,0.57,us,20.29,23.898,0.14,14
49.9488,155.7143,82.536,4.5,80,124.0,3.398,0.42,us,10.17,7.5,0.057,91
51.9529,160.3445,36.582,4.5,79,159.0,1.491,0.74,us,9.9,8.076,0.05,116
51.0514,159.2082,10.0,4.6,41,129.0,2.005,1.28,us,9.82,1.906,0.07,61
51.1882,158.9964,45.774,4.5,37,117.0,1.85,1.07,us,8.64,7.335,0.089,37
52.3331,160.0237,37.905,4.7,27,68.0,1.613,0.63,us,10.17,8.038,0.112,24
-31.9438,-71.342,49.072,4.5,80,128.0,0.327,0.65,us,4.35,6.369,0.072,57
40.1,36.0262,10.0,4.4,47,35.0,0.412,0.61,us,2.75,1.868,0.117,21
51.665,160.44,10.0,4.0,20,120.0,1.748,0.49,us,11.69,1.924,0.126,17
-59.0038,149.5291,10.0,4.2,12,118.0,6.865,0.57,us,11.0,1.967,0.166,10
52.406,161.0786,18.497,4.2,14,172.0,1.602,0.41,us,15.24,7.619,0.2,7
-15.3566,-72.037,118.506,4.3,18,125.0,3.309,1.38,us,8.75,9.624,0.101,28
-2.3844,-79.0147,94.391,4.8,61,71.0,0.256,1.21,us,9.51,6.583,0.06,86
-23.6029,-68.0798,137.382,4.0,22,87.0,0.654,0.58,us,5.43,7.364,0.258,4
52.0422,160.4615,10.0,4.1,50,135.0,1.48,0.62,us,9.95,1.835,0.086,37
-21.2202,168.6323,10.0,4.6,21,181.0,1.77,0.71,us,7.33,1.858,0.207,10
36.7989,75.6136,10.0,4.4,36,151.0,2.909,1.29,us,9.68,1.915,0.139,18
7.9787,126.6291,65.066,5.0,77,81.0,1.378,0.8,us,9.79,7.117,0.047,143
-20.5367,-178.8275,624.994,4.7,87,69.0,4.051,0.61,us,10.0,6.323,0.028,380
48.246,154.4603,81.873,4.5,88,133.0,5.285,0.52,us,10.44,7.419,0.059,83
10.6993,-85.2721,16.868,4.3,13,113.0,0.174,0.75,us,3.31,3.708,0.064,70
-21.5136,-67.3356,202.909,4.3,37,72.0,1.631,0.81,us,7.25,10.475,0.178,9
50.3721,158.9448,10.0,4.6,54,128.0,2.661,0.62,us,9.58,1.89,0.077,50
-20.8634,-178.7406,598.757,4.3,36,100.0,4.335,0.44,us,15.59,9.411,0.094,32
49.9123,89.823,10.0,4.1,41,86.0,4.098,0.91,us,5.9,1.842,0.114,21
64.709,-49.3021,10.0,4.4,78,36.0,2.36,0.58,us,4.38,1.891,0.07,58
-16.7781,-173.4733,10.0,4.8,32,94.0,3.286,1.01,us,10.94,1.856,0.109,26
-45.609,-77.4545,10.0,4.5,29,192.0,2.816,0.65,us,10.06,1.969,0.163,11
16.4242,-59.6297,10.0,4.4,36,242.0,1.383,0.57,us,7.89,1.976,0.109,24
52.2023,160.2228,31.82,4.8,93,123.0,1.263,0.74,us,8.25,4.658,0.055,103
50.4798,157.7594,45.219,4.5,40,131.0,2.607,0.49,us,4.17,8.206,0.094,33
-17.5888,166.9272,10.0,4.5,33,142.0,2.146,0.52,us,8.7,1.838,0.115,23
-1.0546,122.0296,22.132,4.3,41,52.0,0.742,1.16,us,3.63,5.462,0.103,28
14.0639,-89.9381,10.0,4.8,62,60.0,0.222,0.39,us,4.3,1.818,0.045,155
-6.4137,131.4916,23.241,4.8,20,96.0,3.552,0.95,us,8.49,6.433,0.144,15
9.2996,125.3861,10.0,4.5,48,112.0,2.224,0.64,us,11.96,1.875,0.087,45
29.0719,129.0919,10.0,4.6,31,122.0,2.342,1.09,us,6.55,1.68,0.12,27
49.1124,156.1915,35.0,4.3,21,138.0,4.112,1.08,us,7.8,1.949,0.125,18
3.9343,126.68,43.357,4.4,43,107.0,1.437,0.78,us,7.32,7.772,0.091,35
51.3745,175.213,10.0,4.1,57,183.0,1.521,0.59,us,6.83,1.937,0.087,36
22.4946,144.2377,40.329,4.3,23,115.0,4.946,1.05,us,12.07,5.551,0.133,19
-2.0333,138.9557,35.0,4.9,31,73.0,0.957,0.59,us,4.68,1.889,0.104,29
34.3744,16.3847,10.0,4.5,39,113.0,3.5,0.8,us,8.7,1.909,0.11,24
51.7773,159.4346,35.0,4.2,36,137.0,1.337,1.23,us,8.46,1.909,0.106,26
-26.6063,-114.6182,10.0,4.6,20,176.0,38.883,0.52,us,12.3,1.88,0.132,17
25.9012,128.4819,10.0,4.3,25,80.0,0.95,1.14,us,5.84,1.92,0.178,9
30.0272,131.2318,35.0,4.5,27,141.0,1.622,0.51,us,4.87,1.938,0.124,19
52.8756,160.8815,24.949,5.5,61,107.0,8.015,0.79,us,10.25,5.103,0.066,80
50.2045,157.9498,40.542,4.3,30,132.0,2.856,0.63,us,5.71,7.357,0.111,23
-32.1158,-68.3992,126.63,4.9,201,42.0,0.614,0.6,us,7.1,5.814,0.038,214
7.147,126.8402,64.234,5.0,89,77.0,1.254,0.8,us,7.96,4.986,0.047,142
-19.6284,-177.6558,420.039,4.0,25,98.0,4.222,0.81,us,17.83,16.226,0.122,18
-20.3805,-177.4393,501.504,4.4,35,131.0,4.923,0.78,us,15.15,10.717,0.101,28
