latitude,longitude,depth,mag,nst,gap,dmin,rms,net,horizontalError,depthError,magError,magNst
-20.3652,-178.2412,497.672,4.1,13,251.0,23.923,1.23,us,22.8,20.003,0.146,14
45.2233,-130.0989,10.0,3.6,30,218.0,0.722,0.88,us,8.85,2.0,0.125,16
-7.3196,147.8867,58.863,5.1,105,29.0,2.193,0.58,us,8.9,5.169,0.058,96
-24.1092,-175.7845,35.0,4.2,15,131.0,7.4,0.61,us,12.33,1.95,0.147,13
52.8552,159.6834,58.048,4.3,22,207.0,0.648,1.09,us,13.03,6.106,0.142,14
-14.762,-75.4116,53.337,4.5,20,137.0,3.089,0.47,us,8.63,8.798,0.115,22
36.4749,70.3066,196.984,4.3,33,96.0,2.177,0.6,us,7.8,6.646,0.129,17
16.4755,-59.5154,10.0,4.2,49,148.0,1.488,0.65,us,6.37,1.916,0.108,24
-18.6886,-177.825,472.115,4.5,41,84.0,3.463,0.52,us,9.79,8.408,0.108,25
29.7915,92.3503,10.0,4.5,29,84.0,1.067,0.95,us,8.34,1.877,0.08,46
50.5088,157.8643,35.0,4.4,36,131.0,2.565,0.76,us,10.16,1.941,0.085,40
49.405,158.1951,10.0,4.3,16,137.0,3.721,0.47,us,9.1,1.815,0.168,10
-9.6313,125.0453,10.0,4.1,11,131.0,0.777,0.98,us,7.37,1.938,0.213,6
-1.6795,120.842,13.442,4.5,25,64.0,0.913,1.12,us,3.8,5.008,0.163,13
15.5435,145.8247,122.582,4.2,21,102.0,0.303,0.61,us,14.08,5.691,0.159,11
51.7897,175.7969,49.761,4.4,108,155.0,1.405,0.52,us,8.18,8.484,0.058,84
-57.7122,157.7679,10.0,5.0,53,51.0,3.288,0.68,us,12.21,1.802,0.085,44
-5.6574,-11.5415,10.0,4.7,33,71.0,3.597,0.6,us,11.02,1.878,0.114,23
29.3459,129.6897,10.0,4.1,22,114.0,2.255,0.78,us,7.07,1.853,0.14,14
57.0469,-33.8463,10.0,4.6,63,119.0,7.242,0.77,us,10.21,1.933,0.075,53
-15.7059,-177.5942,432.635,4.0,57,122.0,3.017,0.49,us,15.2,7.652,0.073,50
52.0965,160.9089,10.0,4.4,22,156.0,1.662,0.63,us,8.85,1.812,0.143,14
51.5428,159.6795,35.0,4.5,39,134.0,1.612,0.97,us,11.53,1.934,0.095,32
-5.0229,151.5509,142.497,4.6,48,78.0,1.027,0.65,us,6.51,6.72,0.079,47
-9.8482,119.4386,43.699,4.2,24,79.0,0.865,1.08,us,6.79,12.57,0.176,9
50.9353,158.3634,39.451,4.7,31,137.0,2.099,0.73,us,12.17,7.384,0.104,28
50.8759,158.5559,35.0,4.2,21,223.0,2.152,1.11,us,10.44,1.994,0.141,14
52.9636,161.0608,10.0,4.2,38,113.0,1.458,0.89,us,10.43,1.922,0.096,30
43.2345,146.029,63.305,4.5,65,133.0,2.445,0.45,us,10.0,7.495,0.075,52
33.0832,90.0677,10.0,4.5,45,131.0,3.489,1.14,us,10.37,1.89,0.065,70
-1.8288,-81.0175,10.0,4.4,35,155.0,1.503,0.92,us,7.95,1.938,0.11,24
23.9296,122.3211,22.534,4.3,29,84.0,0.707,0.62,us,3.18,5.819,0.154,12
-7.5009,127.584,158.81,4.3,17,73.0,3.971,0.72,us,10.15,8.277,0.168,12
5.2501,125.1041,10.0,4.9,63,60.0,0.635,0.98,us,5.33,1.846,0.048,137
-32.8357,-178.1414,10.0,4.4,13,176.0,3.567,1.11,us,14.67,1.951,0.161,11
49.902,156.1812,80.935,4.4,51,137.0,3.348,0.49,us,12.88,8.622,0.081,44
-30.4772,-178.3959,10.0,4.3,12,160.0,1.293,1.03,us,10.97,1.927,0.201,7
58.9706,-30.6676,10.0,4.5,69,81.0,7.28,0.49,us,9.39,1.882,0.073,55
-7.8188,154.4747,10.0,4.0,17,174.0,4.274,0.83,us,13.7,1.961,0.144,13
49.5798,156.166,60.602,4.3,29,178.0,3.662,0.69,us,13.02,3.992,0.123,19
-18.6178,-177.9971,530.181,4.9,158,30.0,3.292,0.69,us,9.13,4.181,0.027,427
50.9168,160.3804,10.0,4.1,22,132.0,2.366,0.38,us,9.4,1.835,0.175,9
-59.8786,-27.8994,182.868,4.3,29,86.0,7.3,0.69,us,13.62,9.251,0.097,30
-15.0574,-178.5268,420.677,4.4,17,144.0,2.468,0.69,us,11.66,9.057,0.139,15
-17.5528,-174.3787,86.762,4.7,51,61.0,4.402,1.22,us,10.46,6.885,0.061,83
-55.9734,-27.8435,105.039,4.6,86,67.0,5.241,0.57,us,10.33,5.851,0.068,71
-17.6692,-69.6126,165.68,4.3,20,117.0,0.149,0.85,us,9.5,8.202,0.153,12
-9.5362,113.7626,43.886,4.3,22,137.0,1.127,0.84,us,8.94,9.06,0.138,15
-4.5323,153.1886,95.17,4.6,36,101.0,1.077,0.81,us,8.56,6.56,0.098,31
7.1966,126.6411,96.18,4.4,26,127.0,1.061,0.96,us,10.27,7.864,0.12,20
36.5231,70.6484,197.741,4.0,27,173.0,2.308,0.71,us,7.95,6.028,0.144,13
-38.6054,175.7869,190.931,4.1,26,77.0,0.417,0.76,us,5.27,4.341,0.197,7
45.6032,26.3657,136.431,4.1,42,51.0,0.316,1.22,us,7.38,6.332,0.131,17
3.507,122.9115,546.35,4.3,50,50.0,2.813,0.66,us,12.37,8.755,0.083,41
-14.1033,-76.0927,10.0,4.4,16,147.0,2.226,0.94,us,13.26,1.905,0.179,9
23.7585,90.4588,10.0,4.3,31,172.0,4.842,0.81,us,12.37,1.936,0.122,19
51.1478,159.3769,10.0,4.7,18,138.0,1.931,1.35,us,10.87,1.934,0.159,12
29.4228,129.5721,10.0,4.2,25,117.0,2.214,1.23,us,7.82,1.917,0.118,20
18.6114,120.5524,14.144,4.9,49,119.0,4.214,0.86,us,11.46,5.144,0.074,57
35.055,68.6825,10.0,4.1,16,206.0,0.655,0.75,us,6.78,2.011,0.198,7
51.8057,158.3647,66.277,4.2,40,124.0,1.232,0.78,us,8.48,7.596,0.108,25
7.2614,126.9935,77.33,4.9,51,115.0,1.416,0.78,us,9.66,7.455,0.08,49
39.5772,143.2297,10.0,5.5,96,123.0,2.054,0.85,us,7.76,1.867,0.053,122
-29.2831,-177.8099,10.0,4.7,30,129.0,8.87,0.77,us,13.84,1.922,0.11,25
51.0673,158.6531,57.099,4.1,42,192.0,1.959,0.64,us,14.34,11.757,0.093,32
-19.3168,-69.1207,6.982,4.8,47,118.0,0.357,0.7,us,4.97,4.559,0.09,38
-25.6184,179.5508,523.711,4.2,28,120.0,7.958,1.09,us,14.84,10.838,0.087,37
52.8741,160.8404,29.932,4.0,19,119.0,1.334,0.85,us,7.93,6.486,0.134,15
49.5793,157.5322,16.76,4.5,24,136.0,3.519,0.78,us,9.24,4.765,0.145,14
50.4117,156.5472,80.71,4.4,48,125.0,2.794,0.95,us,10.77,6.217,0.08,45
14.0308,-91.8454,41.85,4.7,106,179.0,1.143,0.85,us,10.34,10.862,0.059,88
52.3536,159.8729,35.0,4.8,47,122.0,1.523,0.55,us,7.8,1.848,0.064,75
54.6742,160.0174,10.0,4.3,24,133.0,1.842,0.95,us,13.69,1.909,0.088,37
-5.615,154.3311,181.195,4.0,23,92.0,2.581,0.57,us,14.43,9.25,0.122,18
-6.2054,151.528,10.0,5.0,66,59.0,2.099,0.9,us,8.78,1.856,0.048,138
53.6022,160.1487,51.891,4.6,47,103.0,1.07,0.53,us,10.68,7.45,0.056,95
51.7899,159.3228,35.0,4.5,35,134.0,1.302,0.48,us,11.54,1.942,0.11,24
53.1098,161.4868,10.0,4.5,27,137.0,1.714,1.02,us,7.22,1.912,0.108,25
-23.4951,171.78,10.0,4.7,19,116.0,4.087,0.71,us,9.53,1.852,0.134,17
34.7678,24.068,47.995,4.3,33,111.0,2.651,1.03,us,9.82,9.469,0.109,24
7.274,127.3608,10.0,4.3,23,116.0,1.779,0.49,us,8.41,1.914,0.119,20
-52.3732,-71.8054,10.0,4.2,11,176.0,0.506,0.62,us,6.56,1.942,0.216,6
-11.3415,118.5182,10.0,4.4,17,123.0,2.413,1.1,us,7.0,1.91,0.154,13
10.6179,-62.4411,99.591,4.1,23,137.0,1.691,1.11,us,10.22,9.846,0.233,5
-8.4181,111.0823,108.805,4.3,40,63.0,1.501,0.65,us,11.25,1.755,0.116,24
-3.3521,140.4121,35.0,4.5,24,77.0,0.881,1.34,us,6.86,1.914,0.095,32
-13.6474,167.108,211.272,4.3,30,90.0,7.375,0.82,us,12.3,6.482,0.113,24
53.4274,160.8714,31.291,4.6,54,84.0,1.396,0.84,us,8.4,3.003,0.084,42
51.4766,159.5266,41.306,4.2,18,128.0,1.64,1.0,us,11.56,8.502,0.159,11
-21.0542,-178.8917,602.733,4.4,41,89.0,4.377,0.93,us,13.6,9.845,0.098,30
-58.6401,-24.8406,10.0,4.4,30,69.0,7.785,0.92,us,11.93,1.904,0.103,27
39.7996,23.4607,13.226,4.3,61,61.0,0.806,0.69,us,4.5,4.266,0.097,30
16.5297,-59.6704,10.0,4.2,21,178.0,1.347,0.58,us,5.22,1.893,0.264,4
20.0387,121.4161,45.644,4.4,79,85.0,2.783,0.69,us,8.83,7.022,0.068,62
-27.3275,-176.8501,35.0,4.5,13,198.0,10.634,0.88,us,15.9,1.96,0.18,9
22.7425,-45.1214,10.0,4.6,54,53.0,16.327,0.95,us,11.02,1.877,0.079,48
-21.1102,-68.5409,129.945,4.3,25,82.0,0.886,0.99,us,6.18,7.598,0.147,13
51.403,160.751,10.0,4.4,49,154.0,2.075,0.59,us,10.52,1.923,0.079,46
29.3037,129.4602,10.0,4.7,77,87.0,2.359,0.73,us,6.89,1.856,0.072,58
-6.6831,129.8243,158.697,4.5,54,46.0,4.452,0.76,us,6.14,7.956,0.078,48
50.0516,157.4532,35.0,5.1,82,102.0,3.065,1.01,us,8.77,1.579,0.023,633
-2.0229,139.1473,10.0,4.5,39,77.0,1.144,0.56,us,4.64,1.834,0.107,26
-22.6175,-174.8829,10.0,5.1,71,96.0,8.163,0.49,us,11.77,1.827,0.059,95
42.0733,142.5545,58.43,4.3,72,91.0,0.453,0.51,us,7.11,7.526,0.072,54
50.932,157.0759,73.182,4.9,125,125.0,2.213,0.72,us,9.98,6.62,0.03,345
37.6698,138.8388,185.842,4.3,58,146.0,1.231,0.86,us,10.19,7.695,0.08,45
52.0669,159.1758,55.85,4.1,49,134.0,1.01,0.64,us,10.48,7.647,0.075,49
2.6829,96.0411,35.0,4.4,13,209.0,2.879,0.52,us,15.94,1.989,0.19,8
-30.3971,-176.88,10.0,4.4,23,180.0,1.466,0.58,us,7.36,1.725,0.127,18
31.9231,131.9155,43.979,4.4,31,127.0,1.313,1.23,us,7.8,8.035,0.107,25
13.2889,-90.9944,11.649,4.5,128,88.0,1.326,0.96,us,6.99,4.389,0.038,207
14.3234,-92.6674,35.0,4.6,81,139.0,0.893,0.72,us,6.14,1.943,0.038,205
-9.686,159.5362,11.297,4.2,20,121.0,0.474,0.67,us,8.23,5.398,0.118,20
56.0972,117.4659,10.0,4.2,30,86.0,6.697,1.23,us,9.68,1.922,0.107,24
-15.5957,-70.2005,239.927,4.3,17,141.0,2.099,0.7,us,12.81,9.385,0.137,15
52.779,159.558,80.64,4.0,17,146.0,1.172,0.91,us,12.47,8.457,0.164,10
-15.8655,-72.0021,10.0,4.2,17,155.0,2.954,0.76,us,11.43,1.939,0.236,5
19.5249,-109.1083,10.0,4.2,108,109.0,1.87,0.55,us,8.13,1.922,0.043,154
-23.8661,-67.9349,117.756,4.5,23,54.0,0.937,1.43,us,6.9,6.511,0.131,17
18.6223,120.4538,23.166,4.4,41,105.0,4.215,0.46,us,10.21,5.762,0.098,32
52.5359,159.3513,41.561,4.3,18,175.0,0.648,1.05,us,7.76,8.605,0.154,12
-19.6551,-178.23,563.264,4.1,13,230.0,3.898,0.98,us,29.6,28.019,0.166,10
-4.3339,153.042,27.36,4.6,24,121.0,0.887,0.7,us,10.93,5.828,0.125,19
-56.3438,-26.7254,66.373,4.6,25,172.0,5.944,0.68,us,9.21,9.385,0.112,24
49.7696,156.6007,35.0,4.5,37,133.0,3.413,0.79,us,6.94,1.764,0.101,29
53.0744,160.8581,10.0,4.7,59,113.0,1.334,1.24,us,8.43,1.872,0.042,174
42.1257,144.7242,35.0,4.2,16,183.0,1.172,1.07,us,8.16,1.981,0.215,6
-19.7726,-177.4102,360.864,4.4,51,122.0,4.485,1.01,us,9.49,6.105,0.093,33
36.5447,70.3631,198.877,4.4,46,86.0,2.259,0.72,us,4.83,9.046,0.117,21
53.2897,159.6701,75.086,5.7,133,30.0,0.67,0.68,us,6.32,4.567,0.019,987
51.5933,159.6433,49.853,4.6,59,137.0,1.557,0.91,us,11.01,7.247,0.069,63
-60.1446,-62.0491,10.0,4.8,25,97.0,4.739,0.83,us,11.59,1.868,0.118,25
40.1467,142.8572,38.183,4.2,26,191.0,1.511,0.33,us,5.38,9.066,0.153,12
18.1828,-105.685,10.0,4.3,41,176.0,1.403,0.82,us,5.45,1.951,0.036,222
-56.2003,-26.3886,51.03,5.5,107,68.0,6.088,0.87,us,10.73,6.259,0.057,106
10.7584,123.7973,10.0,4.4,38,120.0,14.151,0.72,us,14.56,1.9,0.1,29
52.9381,159.7145,58.265,4.3,29,118.0,0.649,0.43,us,6.89,6.912,0.126,18
-5.0175,151.6224,129.352,4.4,48,150.0,0.813,0.51,us,10.54,5.416,0.088,37
47.9545,22.9676,10.0,4.3,19,121.0,1.537,1.18,us,4.89,1.975,0.217,6
-17.1052,-174.5981,124.338,4.3,55,119.0,4.813,0.61,us,15.44,7.685,0.078,46
-6.2207,154.8856,135.416,4.0,18,157.0,3.378,0.83,us,14.19,8.406,0.144,13
52.5319,161.1206,10.0,4.3,31,121.0,1.579,1.35,us,9.84,1.881,0.113,22
-18.2724,-178.1364,559.007,4.2,51,54.0,3.664,0.73,us,14.5,6.137,0.082,42
-56.3082,-25.5974,10.0,4.5,25,103.0,6.542,0.5,us,8.97,1.833,0.124,19
-23.988,-177.3339,212.569,4.8,29,181.0,7.561,0.71,us,18.04,11.636,0.102,30
-17.6386,-178.6599,561.135,4.4,29,164.0,2.21,0.42,us,16.53,9.568,0.105,26
52.8847,160.7586,10.0,5.3,89,106.0,1.283,0.65,us,8.32,1.859,0.04,209
52.6604,160.6055,48.152,5.6,38,65.0,1.241,0.8,us,10.56,6.868,0.103,33
50.3691,157.1711,49.468,4.5,51,134.0,2.763,0.65,us,11.05,7.209,0.087,39
54.4392,-160.3767,38.202,4.0,48,155.0,0.603,0.91,us,6.58,8.526,0.125,17
39.5055,143.6563,10.0,4.4,32,140.0,2.364,0.68,us,6.97,1.934,0.118,21
9.357,93.9629,10.0,5.0,156,19.0,2.58,0.56,us,6.47,1.739,0.05,137
41.2787,142.398,54.639,4.5,84,141.0,0.93,0.45,us,7.14,7.655,0.067,66
50.9878,159.374,10.0,4.7,105,125.0,2.087,1.01,us,8.21,1.884,0.054,104
-4.7491,122.6104,10.0,4.6,29,93.0,0.207,0.67,us,5.79,1.915,0.132,17
51.0642,159.5188,23.123,4.2,28,130.0,2.034,0.99,us,9.46,5.385,0.121,19
52.7127,160.8119,10.0,4.1,17,251.0,1.347,0.89,us,7.55,1.997,0.151,12
51.0181,158.8,35.0,5.0,129,106.0,2.01,0.56,us,9.85,1.856,0.031,333
53.4022,158.7845,123.012,4.9,227,63.0,0.388,0.53,us,9.41,4.882,0.023,595
19.3729,-109.0451,10.0,4.3,20,123.0,1.873,0.81,us,9.31,1.94,0.096,31
22.7856,141.806,255.551,4.2,106,108.0,4.305,0.58,us,12.44,8.113,0.052,102
53.0985,159.3084,88.054,4.5,68,117.0,0.404,0.74,us,9.69,6.73,0.051,111
51.2022,159.3423,10.0,4.3,25,187.0,1.873,1.03,us,10.46,1.964,0.138,17
44.8326,100.3086,10.0,4.1,19,117.0,5.174,0.46,us,6.7,1.938,0.186,10
27.1252,140.1384,478.222,4.3,142,40.0,1.824,0.64,us,10.65,6.751,0.049,120
60.5446,-139.8936,5.0,4.4,68,49.0,0.484,1.15,us,1.96,1.884,0.109,24
1.5904,123.9628,298.53,4.2,26,77.0,2.873,0.42,us,10.32,9.442,0.132,16
52.9,158.9675,99.322,4.2,18,141.0,0.795,0.74,us,12.45,7.608,0.167,10
53.3085,159.6693,71.816,4.5,177,128.0,0.677,0.72,us,9.69,6.384,0.043,163
52.5494,160.9169,25.765,4.0,21,119.0,1.456,0.87,us,7.57,4.822,0.123,18
22.6313,96.128,10.0,4.1,17,165.0,3.481,0.68,us,7.71,1.958,0.166,10
34.7018,70.6667,10.0,4.9,50,82.0,1.277,0.48,us,9.51,1.86,0.047,143
7.0369,-82.1321,10.0,4.5,60,148.0,2.47,0.76,us,12.43,1.928,0.076,51
6.2254,125.8788,125.466,4.4,44,55.0,0.89,0.44,us,7.7,6.669,0.098,30
-6.5736,146.8916,65.778,4.4,29,151.0,2.825,1.05,us,14.59,8.341,0.114,22
13.9315,120.8166,93.766,4.7,115,99.0,8.842,0.85,us,8.41,7.29,0.043,161
50.5209,158.2162,10.0,4.8,92,124.0,2.521,0.84,us,8.33,1.872,0.034,267
-15.3445,167.4272,108.995,4.4,17,262.0,0.239,0.57,us,15.87,5.722,0.162,11
49.9065,156.4773,41.836,4.3,36,135.0,3.296,0.93,us,9.83,7.562,0.113,22
56.983,-33.5585,10.0,4.6,53,108.0,7.404,0.82,us,9.92,1.914,0.087,39
50.6596,160.0355,10.0,4.3,50,136.0,2.518,0.5,us,6.83,1.907,0.063,71
-55.2945,-27.9457,20.422,4.5,18,123.0,5.046,0.48,us,13.23,3.886,0.131,17
13.4135,144.6427,84.047,4.4,39,118.0,0.28,0.5,us,12.63,6.167,0.102,28
-5.9835,151.5836,10.0,4.4,28,125.0,1.872,0.92,us,11.75,1.891,0.106,26
50.533,159.5682,10.0,4.4,24,138.0,2.558,0.54,us,8.17,1.875,0.155,12
42.8127,146.4565,35.0,4.2,18,209.0,2.57,1.07,us,11.23,1.99,0.2,7
1.4001,126.7621,43.633,4.3,27,103.0,0.869,1.03,us,7.44,8.122,0.125,18
4.5768,-73.2685,10.0,4.5,12,112.0,1.082,1.0,us,8.19,1.344,0.204,7
1.857,127.3892,127.143,4.6,41,95.0,2.581,1.12,us,7.66,7.434,0.093,34
17.5648,145.5746,176.024,4.3,16,103.0,2.32,0.67,us,10.44,9.292,0.153,13
51.8379,159.8056,35.0,4.5,30,135.0,1.382,0.73,us,11.18,1.939,0.127,18
50.4915,159.7905,10.0,4.6,24,128.0,2.633,0.65,us,8.36,1.717,0.141,16
51.0486,159.0881,35.0,4.1,14,138.0,2.234,0.57,us,11.42,1.964,0.185,8
50.6711,157.8204,35.0,4.9,58,93.0,2.411,0.85,us,4.38,1.891,0.055,104
60.366,-58.5403,10.0,4.5,34,139.0,5.15,0.52,us,9.74,1.968,0.101,29
53.1403,161.3785,35.0,4.4,35,145.0,1.65,0.81,us,9.55,1.953,0.114,22
-27.6839,-179.7928,475.598,4.3,29,215.0,12.609,0.86,us,15.42,10.261,0.099,29
21.0608,121.0254,12.698,4.4,35,120.0,1.749,1.23,us,9.27,6.001,0.12,20
-17.8596,-178.6221,607.156,4.3,44,182.0,2.36,0.53,us,20.74,10.27,0.075,55
52.1293,160.4161,10.0,4.5,41,124.0,1.401,0.63,us,6.21,1.73,0.115,22
54.4103,-163.2564,10.0,4.2,64,147.0,0.368,0.7,us,2.66,1.862,0.082,41
-22.8642,-66.5065,208.166,4.4,28,66.0,1.544,0.82,us,7.35,8.485,0.131,17
51.2307,159.2636,10.0,4.8,84,137.0,1.835,0.73,us,9.54,1.901,0.061,82
11.3798,-71.8215,96.556,4.7,57,104.0,2.742,0.49,us,11.01,8.154,0.037,217
51.627,159.3085,54.695,4.2,33,121.0,1.456,0.73,us,9.96,7.695,0.132,18
13.3825,-89.8144,47.769,4.4,21,232.0,0.518,0.94,us,7.74,11.14,0.139,15
51.9803,159.1864,59.406,4.0,31,137.0,1.095,0.58,us,9.8,7.566,0.119,19
29.296,129.4353,10.0,4.6,61,57.0,2.374,1.0,us,6.83,1.85,0.091,36
52.0518,159.8465,54.657,4.3,21,228.0,1.217,0.88,us,8.86,8.923,0.154,12
50.4145,160.001,10.0,4.1,18,241.0,2.744,0.43,us,11.83,1.995,0.174,9
37.0417,58.3061,10.0,4.5,52,106.0,0.899,0.95,us,5.87,1.896,0.082,44
52.1417,160.5002,33.827,4.2,21,124.0,1.433,0.61,us,11.06,6.281,0.112,22
52.6512,160.3204,10.0,5.0,88,120.0,1.08,1.29,us,7.28,1.862,0.039,211
1.3561,126.9119,62.513,4.2,22,120.0,0.737,0.42,us,5.57,10.781,0.16,11
-20.2047,-177.6115,509.712,4.4,27,97.0,4.686,0.64,us,19.23,16.418,0.12,20
51.8198,161.2018,10.0,4.2,35,120.0,1.973,1.02,us,10.62,1.922,0.092,34
50.9137,157.0616,65.35,4.3,86,127.0,2.233,0.61,us,10.84,7.329,0.061,76
2.0049,126.9327,29.138,4.6,50,89.0,1.299,0.85,us,3.13,5.421,0.084,42
9.2376,93.7811,10.0,4.4,18,200.0,5.786,1.07,us,13.87,1.96,0.17,11
41.008,142.7964,41.46,4.2,41,134.0,1.042,0.55,us,7.56,8.283,0.102,27
60.5,-139.898,5.0,4.2,57,49.0,0.442,0.76,us,2.97,0.937,0.199,8
-6.433,130.4255,114.31,4.1,8,125.0,3.935,0.46,us,14.4,12.734,0.301,3
-14.966,-75.9119,10.0,4.3,20,143.0,3.096,1.13,us,10.9,1.913,0.2,7
17.2366,19.5868,10.0,4.4,24,247.0,14.318,0.39,us,8.41,2.012,0.126,18
-24.96,179.8016,520.296,4.5,67,132.0,7.362,0.88,us,13.56,7.696,0.074,54
-48.5895,124.7217,10.0,4.5,14,133.0,16.626,0.66,us,9.26,1.91,0.157,12
-6.8296,131.5473,10.0,4.6,15,117.0,2.815,0.59,us,7.52,1.893,0.223,6
46.6326,153.0254,35.0,4.5,52,144.0,7.055,0.56,us,10.31,1.906,0.094,33
-4.0009,143.1389,10.0,4.5,30,109.0,2.845,0.87,us,8.01,1.853,0.11,24
41.0658,83.2521,10.0,4.5,40,107.0,3.051,0.61,us,9.13,1.905,0.127,18
-4.8537,152.8551,59.019,4.2,21,121.0,0.953,0.52,us,10.21,9.684,0.136,15
37.7868,19.8367,25.471,4.5,128,62.0,1.769,0.69,us,5.38,5.365,0.067,65
51.3318,158.3493,81.115,4.0,28,166.0,1.704,0.82,us,11.56,9.024,0.118,20
51.9003,160.574,33.637,4.3,45,128.0,1.628,1.27,us,10.65,6.52,0.083,41
52.3296,159.8039,56.52,4.6,31,122.0,0.988,0.75,us,7.94,7.911,0.107,26
-19.4993,-177.0775,338.454,4.3,31,136.0,4.523,0.73,us,15.59,9.475,0.101,33
12.6049,-89.8876,10.0,4.5,96,179.0,1.294,0.6,us,6.06,1.959,0.053,103
-17.4204,-173.687,38.466,4.4,19,142.0,19.39,0.33,us,15.05,8.305,0.149,15
49.1522,155.5654,64.685,4.8,66,134.0,4.183,0.95,us,9.65,6.88,0.03,345
-28.7248,-178.3498,209.157,4.2,17,227.0,0.636,0.62,us,20.04,8.948,0.128,17
13.8613,39.7802,10.0,4.5,28,175.0,3.784,0.75,us,14.91,1.97,0.096,32
51.8609,160.1081,10.0,5.3,180,90.0,1.467,0.88,us,7.95,1.848,0.025,537
51.7803,160.3074,10.0,4.5,91,129.0,1.607,0.61,us,9.97,1.906,0.057,90
1.7437,126.5864,49.919,4.1,21,118.0,1.241,0.44,us,5.87,5.126,0.144,13
49.1092,155.9927,46.79,4.4,22,129.0,4.146,0.69,us,11.63,8.854,0.149,13
53.1782,159.9229,50.727,4.2,31,164.0,0.783,1.26,us,11.82,9.096,0.11,23
50.2101,159.6414,10.0,4.5,62,127.0,2.884,0.58,us,10.1,1.902,0.057,91
36.6145,140.7705,78.872,4.3,56,132.0,2.063,0.54,us,9.65,6.652,0.081,44
-9.5772,125.0843,10.0,4.4,15,71.0,0.825,1.33,us,5.79,1.154,0.19,8
49.9298,157.2372,34.618,4.7,70,135.0,3.196,0.54,us,11.76,5.72,0.041,177
-6.4443,129.236,195.258,4.1,21,64.0,4.613,0.79,us,10.33,10.022,0.197,7
36.5174,140.8431,64.774,4.2,16,167.0,2.122,0.64,us,6.19,13.895,0.235,5
-6.026,151.0446,30.92,4.3,23,148.0,2.137,0.68,us,13.31,7.611,0.119,20
-4.9005,150.9605,251.285,4.7,89,53.0,1.391,0.7,us,8.29,6.478,0.034,257
-54.1579,-136.4096,10.0,4.8,27,105.0,36.01,0.63,us,15.71,1.867,0.124,23
20.1284,122.17,153.872,4.9,156,99.0,2.862,0.81,us,8.48,5.18,0.048,139
37.5486,142.2691,35.0,4.4,50,127.0,3.4,1.24,us,9.28,1.911,0.091,35
28.2788,104.9538,10.0,4.9,125,41.0,7.728,0.65,us,8.33,1.853,0.043,170
-8.073,128.7784,35.0,4.5,18,109.0,3.701,0.48,us,7.4,1.906,0.131,17
54.6343,160.2809,10.0,4.3,53,114.0,1.881,0.62,us,12.17,1.89,0.061,77
-58.9949,-25.6535,35.0,4.3,22,88.0,19.205,0.59,us,14.49,1.954,0.114,22
2.7147,-31.2289,10.0,4.5,27,80.0,9.683,0.85,us,11.08,1.86,0.118,21
-32.1158,-68.3992,126.63,4.9,201,42.0,0.614,0.6,us,7.1,5.814,0.038,214
-31.4862,179.8098,432.135,4.3,24,140.0,6.187,0.9,us,13.34,9.986,0.119,20
48.2809,154.4416,81.201,4.1,16,135.0,5.257,0.36,us,11.78,8.017,0.233,5
51.5279,159.7667,10.0,4.7,76,127.0,1.648,1.0,us,8.37,1.888,0.062,79
51.9941,161.2727,10.0,4.2,31,217.0,1.906,1.21,us,11.96,1.993,0.11,23
-6.2658,151.9704,10.0,4.5,41,149.0,1.947,0.53,us,11.72,1.905,0.093,34
52.2856,160.185,35.0,4.4,31,151.0,1.192,0.79,us,6.45,1.929,0.13,17
0.9825,126.6058,58.626,4.4,40,72.0,0.789,0.93,us,5.47,6.903,0.107,25
-5.4174,129.2534,258.344,4.0,26,59.0,1.101,0.62,us,10.16,8.331,0.165,10
-24.0271,179.8944,517.08,4.1,31,121.0,6.483,0.63,us,15.38,11.608,0.104,25
-24.1663,-115.4342,10.0,4.5,35,164.0,39.546,0.9,us,15.12,1.91,0.094,33
1.4483,127.1465,110.645,4.3,27,79.0,2.306,0.4,us,10.13,8.467,0.126,18
50.8594,157.1081,80.863,4.2,27,137.0,2.282,0.7,us,12.75,8.336,0.124,18
2.3697,126.6955,59.068,4.6,43,95.0,2.643,0.53,us,9.03,7.799,0.084,43
52.2794,160.2634,35.0,4.3,27,214.0,1.233,1.14,us,9.72,1.978,0.129,17
-19.2339,-177.465,572.491,4.2,21,170.0,4.074,0.64,us,17.07,8.587,0.125,18
4.3155,128.4471,10.0,4.4,26,107.0,2.988,0.46,us,8.68,1.904,0.144,15
51.3797,159.6732,10.0,4.6,44,128.0,1.763,1.23,us,9.64,1.897,0.079,48
48.6984,155.0267,51.713,4.1,33,137.0,4.728,0.48,us,11.36,8.954,0.101,27
-36.9195,-74.1943,10.0,4.0,26,212.0,2.521,0.37,us,5.16,1.988,0.366,2
49.8013,155.779,82.136,4.5,59,124.0,3.522,0.65,us,6.24,6.287,0.06,82
-34.2051,179.3238,220.519,4.5,30,93.0,3.45,1.01,us,11.33,8.571,0.102,28
3.35,-84.1606,10.0,4.6,70,99.0,5.673,0.83,us,9.07,1.948,0.075,52
36.5488,76.8831,10.0,4.3,27,157.0,3.918,1.21,us,10.0,1.976,0.16,11
-58.2784,148.7591,10.0,4.6,24,111.0,6.802,0.66,us,11.91,1.946,0.12,24
-22.1152,-179.5665,611.176,4.3,54,121.0,4.89,0.63,us,15.21,7.672,0.094,37
51.7826,-173.525,14.738,3.8,37,141.0,0.591,1.06,us,5.06,5.912,0.127,16
27.4185,52.3957,10.0,4.1,59,83.0,4.216,0.64,us,7.83,1.843,0.078,45
-6.1006,130.5131,142.824,4.5,22,94.0,3.603,0.79,us,8.21,9.375,0.14,15
52.2578,159.4085,55.346,4.5,52,150.0,0.895,0.88,us,7.68,7.384,0.093,34
51.0925,159.2291,26.201,4.5,80,127.0,1.967,0.85,us,7.37,5.264,0.055,97
52.478,160.8769,10.0,4.2,24,122.0,1.46,1.03,us,8.17,1.932,0.136,15
27.2215,64.4073,28.538,4.3,36,156.0,7.715,0.73,us,14.96,8.159,0.096,31
51.8921,161.1957,10.0,4.4,42,127.0,1.926,0.74,us,10.58,1.909,0.098,30
52.1319,160.7323,10.0,4.4,20,229.0,1.553,1.12,us,14.86,1.995,0.162,12
36.5615,71.0773,199.491,4.2,57,95.0,2.584,0.58,us,5.17,8.594,0.09,34
16.5418,-59.5537,10.0,4.2,29,189.0,1.46,0.55,us,4.49,1.968,0.237,5
-24.2133,-177.1467,149.568,4.9,37,123.0,7.843,0.89,us,13.38,6.821,0.11,26
50.767,158.5127,37.511,4.1,31,126.0,2.261,1.21,us,8.99,7.957,0.114,21
-9.6292,151.2083,10.0,4.6,32,106.0,4.0,0.42,us,8.84,1.901,0.116,22
-12.5107,166.5385,68.261,4.9,74,106.0,2.989,0.81,us,10.53,7.123,0.044,164
32.8569,76.0845,18.813,4.0,21,295.0,6.183,0.77,us,15.87,9.083,0.155,12
6.2575,127.4141,10.0,4.4,24,84.0,1.993,0.7,us,4.88,1.913,0.143,17
52.4388,160.9549,10.0,4.5,45,120.0,2.088,0.57,us,9.15,1.893,0.091,35
-21.7269,-68.4249,131.822,4.3,18,87.0,0.763,0.74,us,5.88,7.398,0.267,4
34.088,141.1207,37.664,4.1,20,142.0,1.46,0.48,us,7.88,9.124,0.234,7
-14.9069,167.3469,134.987,4.9,53,124.0,6.325,0.6,us,12.44,7.568,0.058,92
4.2738,125.8902,92.607,4.5,53,45.0,0.613,0.96,us,7.34,6.521,0.078,48
52.3504,160.366,35.0,5.1,112,152.0,1.243,1.0,us,9.15,1.933,0.042,182
54.8127,-160.6053,43.058,4.2,39,158.0,0.588,0.53,us,4.26,9.283,0.216,6
51.2698,159.8048,10.0,4.8,52,129.0,1.895,1.08,us,8.9,1.887,0.063,77
-1.0269,127.335,10.0,4.5,45,72.0,1.787,0.8,us,6.92,1.895,0.105,28
-23.3574,171.4649,10.0,4.5,16,201.0,3.776,0.9,us,8.69,1.929,0.171,10
39.2265,28.1034,10.0,4.2,34,69.0,0.944,0.47,us,3.91,1.932,0.159,11
49.1306,155.2613,73.527,4.3,50,135.0,4.268,1.05,us,12.64,7.969,0.08,45
63.8907,-23.086,10.0,4.4,79,104.0,1.152,0.67,us,7.02,1.825,0.065,68
-6.793,125.5299,460.078,4.1,19,132.0,7.721,0.97,us,15.87,11.46,0.145,13
52.7393,160.2365,35.0,4.0,19,174.0,1.003,0.67,us,5.44,1.98,0.15,12
52.5188,160.9003,10.0,5.0,39,125.0,1.458,1.11,us,8.43,1.892,0.109,27
13.3869,50.9032,10.0,4.3,29,163.0,6.432,1.33,us,13.91,1.981,0.116,21
50.6519,157.2101,35.0,4.2,10,130.0,2.479,1.06,us,8.5,1.924,0.176,9
7.2611,126.8583,85.434,4.3,27,113.0,1.283,1.08,us,11.57,8.216,0.114,22
11.0283,-87.0723,10.0,4.3,19,195.0,1.376,0.79,us,5.95,1.978,0.188,8
0.6016,122.2017,116.082,4.1,27,74.0,1.729,1.08,us,6.9,7.682,0.127,17
65.8441,-37.7453,10.0,4.7,59,47.0,5.297,0.57,us,7.6,1.869,0.042,177
6.7129,123.6853,605.561,4.1,42,102.0,2.656,0.65,us,12.37,9.388,0.1,28
50.4405,156.5578,55.409,4.2,33,138.0,2.764,0.98,us,14.22,9.217,0.106,25
61.9604,142.1841,10.0,4.2,26,69.0,4.841,0.87,us,9.98,1.946,0.132,16
52.2293,160.432,35.0,4.2,31,198.0,1.346,0.9,us,5.97,1.986,0.103,26
10.7143,-62.8249,109.287,4.7,60,84.0,1.818,0.97,us,9.83,7.775,0.035,246
52.8626,161.297,36.601,4.3,20,119.0,1.61,0.92,us,6.46,8.46,0.138,15
6.9034,126.9331,71.575,4.4,49,133.0,1.354,0.79,us,9.32,7.417,0.087,38
-1.4361,97.9096,10.0,4.3,20,91.0,2.742,0.73,us,10.16,1.904,0.168,10
49.9763,158.331,10.0,4.6,107,79.0,3.058,0.48,us,8.51,1.866,0.046,145
52.7834,160.6207,21.723,4.1,34,119.0,1.218,1.1,us,9.77,6.502,0.111,23
42.6832,17.6545,10.0,4.4,84,33.0,1.213,0.98,us,4.27,1.884,0.076,50
-39.1404,-91.5718,10.0,4.3,17,219.0,14.874,0.31,us,18.13,1.994,0.134,16
12.1522,-86.4944,162.058,4.3,22,145.0,0.241,0.42,us,9.5,7.237,0.153,12
16.4882,-59.5936,10.0,4.6,52,166.0,1.415,0.83,us,6.82,1.922,0.044,155
-8.5607,-79.5675,41.559,4.8,64,139.0,4.334,1.0,us,11.12,8.117,0.043,166
53.2219,160.4758,38.316,4.4,22,138.0,1.118,0.45,us,7.41,9.024,0.118,21
-59.5973,-26.3589,109.83,5.2,168,26.0,7.679,0.56,us,10.88,4.464,0.05,132
-6.4693,142.7868,10.0,4.6,39,98.0,3.256,1.14,us,4.97,1.885,0.107,26
32.3875,140.0058,104.545,4.5,35,147.0,0.743,0.94,us,11.14,6.94,0.106,26
-11.003,166.1782,129.535,4.4,30,117.0,4.529,0.45,us,8.76,7.623,0.112,23
-7.7519,128.312,89.733,4.5,29,83.0,3.578,1.0,us,6.48,7.903,0.128,18
-1.321,-77.8568,177.305,4.2,54,49.0,0.24,0.58,us,6.1,3.637,0.1,28
8.0041,126.9915,35.0,4.4,26,99.0,1.68,0.79,us,8.11,1.934,0.123,19
-5.0562,151.1592,141.886,4.2,34,93.0,1.14,0.72,us,11.26,3.116,0.1,28
42.5603,141.8573,124.639,4.3,56,93.0,1.108,0.9,us,6.64,7.837,0.082,42
-33.1049,-178.567,10.0,4.9,31,133.0,5.129,1.03,us,13.84,1.936,0.105,28
52.2514,157.9536,98.201,4.5,20,134.0,0.872,1.11,us,10.54,4.864,0.14,15
-44.2974,-82.1364,10.0,4.1,7,200.0,9.266,0.12,us,13.23,1.994,0.213,6
55.175,-163.2969,189.104,3.8,46,133.0,0.827,0.74,us,5.42,7.825,0.161,10
-25.3374,179.8969,499.395,4.2,37,121.0,7.747,0.84,us,14.64,9.764,0.104,26
-7.4635,106.9863,54.542,4.5,44,50.0,0.658,1.02,us,5.47,6.557,0.088,38
43.8486,-128.0755,10.0,4.4,32,210.0,2.032,1.41,us,10.77,2.0,0.064,71
29.2823,129.3891,10.0,4.5,74,108.0,2.402,0.49,us,6.98,1.866,0.074,54
-5.5707,131.691,35.0,4.9,57,74.0,2.692,0.94,us,8.12,1.905,0.084,51
5.1722,126.3259,26.556,4.0,14,152.0,0.95,0.65,us,6.17,5.611,0.183,8
-22.9083,179.1543,576.789,4.4,21,178.0,5.24,0.46,us,19.39,15.474,0.12,20
-49.2564,125.0308,10.0,4.4,16,89.0,17.32,0.6,us,11.88,1.939,0.149,13
37.0475,75.4095,10.0,4.7,144,45.0,2.642,0.63,us,7.18,1.808,0.049,129
-17.9161,-178.2736,609.741,4.3,63,100.0,2.668,0.93,us,15.2,10.902,0.072,55
51.7947,158.3571,63.946,4.5,94,124.0,1.244,0.63,us,9.93,6.916,0.049,122
37.2072,141.1066,51.068,4.4,29,134.0,2.416,0.62,us,4.33,8.448,0.13,17
52.2859,160.5821,35.0,4.1,16,214.0,1.39,0.96,us,11.0,1.991,0.185,8
-22.2024,-179.5728,590.176,4.3,39,133.0,4.965,0.48,us,13.23,8.145,0.102,27
52.5031,160.8273,10.0,5.1,117,84.0,1.422,1.31,us,8.16,1.823,0.028,416
-17.4164,-173.1133,35.0,4.6,14,115.0,3.448,0.8,us,9.44,1.938,0.165,11
15.2099,55.7074,10.0,4.4,26,100.0,12.686,0.87,us,10.78,1.875,0.099,29
53.3109,159.8017,32.94,4.1,26,115.0,0.751,0.68,us,10.29,5.989,0.117,20
10.2691,126.4581,34.022,4.9,66,111.0,3.296,0.83,us,10.98,5.635,0.067,70
51.3398,159.7075,10.0,4.2,22,128.0,1.807,1.31,us,10.33,1.912,0.141,14
-33.0241,179.731,107.383,4.6,17,151.0,4.256,0.6,us,15.86,13.427,0.141,15
51.2616,159.3019,10.0,4.3,40,134.0,1.81,0.63,us,11.05,1.922,0.104,26
53.4759,160.134,59.949,4.3,46,114.0,1.0,0.49,us,11.84,8.662,0.08,45
51.6758,159.2119,61.022,4.4,26,153.0,1.393,0.71,us,11.26,8.668,0.107,26
-36.5703,178.5565,110.659,4.8,36,214.0,1.01,1.42,us,13.2,9.33,0.109,26
-48.8913,-8.8268,10.0,4.6,21,101.0,23.021,0.84,us,14.31,1.939,0.117,22
16.8258,-93.795,165.948,4.5,117,100.0,0.593,0.8,us,6.83,6.118,0.053,109
8.5741,58.4158,10.0,4.4,33,174.0,19.337,0.88,us,15.58,1.978,0.105,26
-14.9984,-176.4803,10.0,4.5,20,93.0,4.257,1.23,us,12.89,1.924,0.171,10
-6.4631,107.2303,9.635,4.9,65,37.0,0.648,0.91,us,5.82,4.146,0.073,59
-3.2157,150.7963,10.0,4.9,87,71.0,1.637,0.83,us,7.6,1.862,0.064,76
49.9086,157.5936,24.879,4.2,17,134.0,3.188,0.38,us,9.92,6.729,0.176,9
51.5015,160.4463,10.0,4.1,16,189.0,1.882,1.01,us,12.79,1.989,0.166,11
28.9865,67.1943,10.0,4.4,43,115.0,5.754,0.85,us,5.85,1.857,0.087,38
-33.7938,-179.6406,10.0,4.7,32,160.0,4.115,0.89,us,10.54,1.943,0.133,27
-23.4771,178.859,561.941,4.3,24,162.0,5.753,0.83,us,7.69,9.8,0.143,14
-17.084,-174.0827,96.721,5.0,136,50.0,3.858,0.65,us,9.58,6.438,0.025,526
52.0184,158.7075,63.28,4.2,18,123.0,1.007,0.74,us,11.29,4.098,0.128,17
72.7597,4.1031,10.0,4.4,73,60.0,4.32,0.69,us,8.16,1.907,0.069,60
51.5715,-168.3461,10.0,3.5,39,187.0,1.437,0.8,us,5.94,1.979,0.097,26
50.3753,159.2399,10.0,4.3,26,126.0,2.677,0.51,us,8.64,1.795,0.129,17
2.9552,-31.3953,10.0,4.5,23,113.0,20.505,0.93,us,12.95,1.871,0.121,20
22.304,94.5958,108.963,4.7,90,51.0,4.332,0.72,us,10.34,7.648,0.06,84
14.4479,-90.4307,177.934,4.7,35,171.0,0.832,0.65,us,7.55,7.663,0.045,147
52.2977,160.7498,10.0,4.3,29,152.0,1.471,1.14,us,9.71,1.962,0.122,19
51.8128,159.6095,35.0,4.2,23,131.0,1.347,0.73,us,11.69,1.946,0.132,16
-28.2354,-178.6309,10.0,4.8,26,91.0,1.18,0.52,us,10.38,1.851,0.107,27
51.5233,159.93,10.0,4.3,23,167.0,1.696,0.84,us,7.72,1.957,0.129,17
-13.2216,167.0856,216.896,4.1,25,158.0,2.215,0.62,us,14.25,4.449,0.111,22
53.3023,160.5235,49.202,4.2,23,179.0,1.162,0.62,us,15.81,11.856,0.132,16
6.1123,127.574,10.0,4.4,31,84.0,2.496,0.68,us,9.36,1.889,0.111,23
-60.7301,-50.4998,10.0,4.4,30,62.0,7.418,1.16,us,6.37,1.854,0.11,24
54.6161,-159.8739,47.136,4.4,56,160.0,0.271,0.58,us,5.87,7.237,0.086,39
-23.2655,-179.9577,538.189,4.1,28,122.0,5.8,0.88,us,15.81,10.885,0.107,24
-57.0609,-67.3268,10.0,4.4,28,144.0,2.141,0.76,us,10.26,1.943,0.118,22
-23.9748,179.9515,514.354,4.4,45,112.0,5.581,0.62,us,13.29,8.284,0.092,34
51.0492,-178.8602,33.167,4.3,179,139.0,0.506,0.72,us,4.2,2.884,0.038,193
3.0699,-75.1055,10.0,4.4,43,73.0,1.929,0.7,us,8.56,1.931,0.101,28
-13.0353,-74.503,76.246,4.6,45,114.0,2.51,0.68,us,8.96,7.691,0.064,73
54.781,162.2474,44.143,4.3,51,159.0,3.167,0.34,us,9.14,8.478,0.08,44
51.8636,158.5225,72.11,4.1,44,118.0,1.164,0.8,us,9.52,7.547,0.082,43
52.9154,160.7317,35.0,4.5,64,134.0,1.264,0.55,us,8.6,1.888,0.073,55
39.2223,28.048,10.0,4.2,28,57.0,0.95,0.84,us,4.9,1.872,0.215,6
-6.6449,129.9538,138.814,4.0,12,85.0,4.351,0.7,us,11.03,11.644,0.231,5
-6.9553,125.9265,476.112,4.5,62,41.0,3.23,0.7,us,11.42,6.644,0.087,39
50.3444,159.023,10.0,4.4,35,138.0,2.693,0.54,us,12.9,1.931,0.109,24
34.4366,25.4787,10.0,4.4,24,214.0,1.771,0.58,us,7.09,1.937,0.144,14
37.3133,69.7399,17.654,4.5,42,75.0,1.418,0.66,us,5.15,3.526,0.113,23
54.5118,-160.318,18.803,4.4,58,155.0,0.53,0.69,us,6.13,5.183,0.101,28
-20.8579,-178.7333,548.336,4.5,103,111.0,4.336,0.61,us,12.87,6.836,0.044,157
-4.7319,102.6005,62.855,4.7,46,160.0,0.511,0.96,us,7.65,5.6,0.096,33
50.0007,159.5453,10.0,4.2,16,208.0,3.078,0.27,us,11.38,1.998,0.177,9
52.8869,159.7404,76.92,4.0,22,137.0,1.254,0.66,us,13.65,9.043,0.138,14
50.9968,159.2593,10.0,4.5,41,123.0,2.064,0.87,us,10.47,1.924,0.088,38
-58.0595,-24.6223,10.0,5.2,108,39.0,7.625,0.69,us,10.26,1.778,0.06,92
-37.1842,52.411,10.0,4.8,62,51.0,13.025,0.63,us,8.39,1.785,0.074,57
50.6536,156.7887,75.01,4.3,75,98.0,2.522,0.69,us,11.22,6.661,0.069,59
39.3391,114.4477,10.0,4.6,49,96.0,1.494,0.57,us,9.1,1.89,0.073,56
9.4392,-40.5327,10.0,4.6,64,77.0,12.759,0.53,us,12.19,1.909,0.071,60
33.1373,138.154,306.228,4.2,104,85.0,1.393,0.61,us,9.43,6.904,0.057,85
51.6967,-175.1082,35.0,3.9,31,219.0,0.584,0.99,us,2.91,2.011,0.143,13
-28.2016,-69.3968,89.792,4.2,25,54.0,1.195,1.39,us,4.47,10.19,0.235,5
51.8831,160.1375,10.0,5.0,95,122.0,1.461,0.97,us,8.48,1.872,0.043,173
54.2088,-159.9883,10.0,3.8,46,162.0,0.665,0.98,us,4.07,1.895,0.114,20
50.8157,160.0723,10.0,4.5,115,135.0,2.38,0.52,us,9.7,1.905,0.049,123
14.9218,-94.5355,10.0,4.4,38,158.0,2.678,0.71,us,9.25,1.928,0.098,30
52.761,160.6984,10.0,4.2,34,133.0,1.269,0.79,us,11.84,1.926,0.095,31
52.0733,-169.3973,10.0,4.4,62,141.0,0.742,0.84,us,3.99,1.863,0.08,45
19.0599,121.301,10.0,4.2,33,123.0,3.744,0.83,us,12.76,1.926,0.11,23
82.025,89.1723,10.0,4.5,46,66.0,12.189,1.09,us,9.74,1.901,0.089,37
29.211,129.4627,10.0,4.5,19,135.0,2.445,1.07,us,6.44,1.92,0.157,12
7.669,136.9808,10.0,4.6,41,100.0,2.506,0.68,us,9.85,1.879,0.082,44
-60.2307,-61.9289,10.0,4.9,45,70.0,4.665,0.67,us,9.89,1.843,0.088,44
-23.5215,-179.9453,537.775,4.6,59,77.0,6.045,0.65,us,12.37,8.645,0.05,122
5.9005,126.9658,105.097,4.2,11,128.0,1.802,0.4,us,7.24,9.119,0.2,7
0.2823,122.0762,188.972,4.1,21,69.0,1.488,0.54,us,6.59,6.338,0.151,12
-61.1332,-36.3328,10.0,5.0,60,62.0,13.067,0.52,us,11.86,1.838,0.076,56
-23.558,179.9433,535.308,4.5,56,57.0,6.048,0.46,us,5.67,7.629,0.082,44
-38.6796,-74.9114,10.0,4.5,29,148.0,1.663,0.73,us,9.64,1.921,0.139,15
6.9417,127.0141,33.488,4.3,23,74.0,1.43,0.78,us,7.84,5.518,0.143,14
52.701,161.0674,17.418,4.9,70,118.0,1.501,0.97,us,5.84,3.685,0.029,373
51.5411,158.3911,35.352,4.4,96,126.0,1.493,0.6,us,5.05,7.504,0.057,87
-32.338,-178.4849,35.0,4.4,18,170.0,3.104,0.57,us,15.66,1.984,0.126,19
52.1981,160.5016,25.366,5.1,162,127.0,1.399,0.61,us,10.53,5.375,0.047,150
49.4078,156.0024,35.787,4.3,26,182.0,10.606,0.56,us,14.78,10.777,0.129,18
-3.5108,68.4291,10.0,4.6,23,168.0,5.573,0.7,us,12.64,1.935,0.157,12
51.7735,161.5279,10.0,4.2,31,135.0,2.162,0.74,us,10.49,1.875,0.118,20
-16.726,-173.5381,77.373,4.2,16,129.0,3.273,0.39,us,15.32,9.299,0.152,12
-24.333,179.818,511.166,4.2,30,111.0,5.29,0.56,us,12.52,15.077,0.115,21
28.2001,140.7287,161.957,4.6,82,43.0,1.696,0.93,us,10.09,6.356,0.038,207
-5.8369,147.4191,102.347,4.9,50,59.0,3.554,0.62,us,8.52,6.622,0.083,47
-6.3252,130.4119,112.551,4.4,21,83.0,3.847,0.39,us,13.33,10.442,0.139,15
52.1584,160.4659,10.0,4.5,33,120.0,1.406,1.32,us,5.42,1.904,0.102,28
-22.7921,-65.999,264.991,4.4,63,41.0,2.017,0.77,us,8.46,7.366,0.081,44
11.1771,124.0974,10.0,4.9,101,51.0,6.547,0.42,us,10.42,1.856,0.061,93
13.4243,-92.402,10.0,4.6,44,233.0,1.396,0.98,us,10.16,1.985,0.036,227
52.7758,160.6391,29.606,4.8,43,192.0,1.23,1.07,us,13.64,9.386,0.088,40
51.1787,157.9073,62.749,4.4,21,138.0,1.903,0.95,us,11.38,8.407,0.155,12
29.3407,129.3771,10.0,4.5,40,109.0,2.352,0.66,us,7.79,1.901,0.11,24
-16.0602,-69.2375,245.242,4.0,20,135.0,1.087,1.1,us,12.48,8.863,0.144,13
-16.9023,-71.8889,133.309,4.0,20,283.0,2.076,0.65,us,14.07,12.223,0.232,5
12.3438,-88.0676,64.979,4.4,39,190.0,1.081,1.23,us,8.41,11.295,0.082,43
-47.8478,115.9885,10.0,4.9,38,75.0,14.933,0.55,us,6.18,1.858,0.096,34
51.5486,159.3566,34.161,4.6,66,126.0,1.54,1.02,us,8.91,5.796,0.054,102
38.6003,40.2583,10.0,4.2,29,126.0,0.78,0.7,us,5.0,1.953,0.186,8
57.886,146.7923,10.0,4.1,24,159.0,2.678,1.17,us,9.08,1.962,0.127,17
54.6935,160.2488,10.0,4.0,33,85.0,1.923,0.75,us,9.11,1.901,0.111,22
-2.3586,139.0398,34.73,4.1,21,96.0,1.003,0.75,us,7.38,5.756,0.151,14
-49.3989,30.5333,10.0,4.3,14,128.0,14.599,0.21,us,11.71,1.854,0.161,11
52.1008,160.2641,10.0,4.9,61,111.0,1.351,1.14,us,8.52,1.869,0.065,74
12.9214,145.6851,10.0,4.4,27,110.0,1.036,0.82,us,8.9,1.904,0.134,16
29.0247,86.7789,10.0,4.3,18,163.0,3.855,0.75,us,10.65,1.932,0.153,12
-6.2751,151.9757,10.0,4.4,36,151.0,1.956,1.0,us,9.99,1.898,0.112,23
51.3574,158.7471,27.701,4.2,40,132.0,1.67,0.61,us,11.44,6.704,0.1,28
-10.9261,160.9603,10.0,4.4,18,194.0,1.783,0.75,us,11.51,1.919,0.131,17
-19.2929,-174.5261,60.89,4.6,24,92.0,4.352,1.25,us,11.72,7.134,0.097,32
-6.1302,151.4819,10.0,4.7,56,149.0,1.891,0.4,us,8.98,1.878,0.073,58
4.9352,126.1089,97.282,4.3,23,115.0,0.659,0.81,us,8.85,7.784,0.148,15
9.5367,94.1242,10.0,4.2,12,184.0,5.49,0.76,us,14.34,1.957,0.216,6
2.2622,-84.5284,10.0,4.3,19,162.0,5.76,0.59,us,13.08,1.949,0.119,20
52.6834,160.9778,10.0,4.7,51,125.0,1.452,0.77,us,11.13,1.852,0.048,130
50.8477,158.6407,10.0,4.5,80,123.0,2.179,0.58,us,8.88,1.888,0.061,79
7.9787,126.6291,65.066,5.0,77,81.0,1.378,0.8,us,9.79,7.117,0.047,143
51.6804,159.8877,33.748,4.3,39,91.0,1.544,0.89,us,10.29,6.15,0.097,30
51.585,159.8996,10.0,5.7,75,60.0,1.632,0.98,us,8.26,1.813,0.047,161
51.133,160.2137,10.0,4.9,30,138.0,2.125,0.68,us,11.17,1.916,0.161,12
-30.5376,-179.1076,235.117,4.5,45,81.0,1.645,1.34,us,13.89,7.691,0.083,43
12.7999,123.5914,10.0,4.5,45,91.0,8.229,0.61,us,4.92,1.894,0.103,28
43.4404,-126.8241,10.0,4.1,42,211.0,2.04,0.91,us,8.48,1.982,0.185,8
-11.0787,111.1236,10.0,5.0,58,63.0,3.953,0.7,us,4.46,1.873,0.058,94
53.4214,170.5529,35.0,4.3,59,159.0,2.249,1.03,us,10.59,1.863,0.059,83
27.4525,53.4395,10.0,4.1,21,75.0,3.522,0.55,us,6.14,1.919,0.151,12
35.0122,25.9864,10.0,4.4,61,181.0,1.099,0.71,us,3.76,1.875,0.096,31
52.2336,160.0326,52.276,4.3,29,138.0,1.669,0.94,us,11.18,7.893,0.108,24
-9.042,124.0259,100.185,4.4,24,97.0,0.748,0.87,us,6.68,2.754,0.126,18
52.2582,160.3396,10.0,5.0,170,117.0,1.283,0.69,us,8.74,1.868,0.043,170
52.1241,161.0182,10.0,4.3,35,167.0,1.703,1.11,us,8.7,1.832,0.111,23
53.2956,159.9478,60.943,4.3,20,142.0,0.828,0.7,us,12.36,11.465,0.168,10
-24.1993,179.8747,520.698,4.2,41,80.0,6.644,0.79,us,15.14,7.781,0.072,54
33.8177,141.5992,10.0,4.5,27,137.0,1.649,0.38,us,7.94,1.904,0.131,17
-4.2459,123.2959,25.0,4.6,79,34.0,0.861,0.63,us,5.47,4.846,0.073,56
39.1936,28.0382,10.0,4.1,19,71.0,0.889,0.88,us,3.91,1.921,0.234,5
-28.6186,-70.2984,102.684,4.3,25,78.0,0.527,0.54,us,4.55,6.304,0.161,11
77.9919,13.7415,10.0,4.6,50,153.0,0.577,0.42,us,7.3,1.903,0.089,38
-1.7675,-78.0415,155.618,4.5,73,62.0,0.273,0.84,us,7.48,4.152,0.045,144
7.2661,126.9284,77.954,4.7,76,103.0,1.353,0.55,us,8.27,6.23,0.069,64
-10.6787,110.1796,10.0,4.2,27,102.0,3.615,0.72,us,8.41,1.907,0.132,18
43.5587,-28.8939,10.0,4.4,15,127.0,6.33,0.21,us,10.83,1.771,0.17,10
34.756,70.6969,10.0,4.5,39,144.0,1.31,0.78,us,7.94,1.914,0.102,28
52.9671,160.3815,35.0,4.5,25,167.0,1.048,0.75,us,12.47,1.96,0.145,14
51.5273,161.0624,10.0,4.7,41,191.0,2.108,0.64,us,9.05,1.95,0.036,229
-24.4396,179.2269,545.001,4.4,31,98.0,5.418,0.58,us,13.73,13.468,0.105,26
-17.829,-174.6388,10.0,4.7,44,73.0,4.641,0.53,us,12.33,1.847,0.088,39
16.0167,147.1132,35.0,4.4,41,96.0,1.491,0.93,us,9.42,1.919,0.094,33
51.7974,160.0327,10.0,4.5,40,165.0,1.94,0.53,us,9.12,1.928,0.093,34
-11.0904,165.9177,35.0,4.5,23,152.0,4.508,0.7,us,15.11,1.984,0.131,17
-6.5386,131.4808,10.0,4.9,52,62.0,2.544,0.72,us,8.45,1.901,0.086,42
41.7733,81.885,20.414,4.3,32,118.0,2.085,0.66,us,6.27,5.557,0.126,18
51.9108,160.235,35.0,4.3,20,151.0,1.477,0.97,us,10.41,1.95,0.129,17
42.8497,146.6636,19.538,4.9,153,103.0,2.726,0.69,us,9.14,4.609,0.032,301
48.5608,157.3583,10.0,4.5,44,136.0,4.543,0.63,us,12.44,1.913,0.074,53
34.7136,70.8489,10.0,4.3,19,238.0,1.428,0.6,us,14.86,2.009,0.119,20
52.4746,160.8807,19.214,4.1,24,122.0,1.463,1.38,us,9.17,3.812,0.109,23
42.3068,144.1851,49.069,4.2,45,130.0,0.818,0.78,us,8.21,8.446,0.087,37
50.0896,158.8437,10.0,4.1,29,138.0,2.94,0.82,us,9.6,1.694,0.117,20
-18.0416,-178.2107,599.181,4.2,47,79.0,2.786,0.74,us,14.2,9.276,0.086,37
-20.1781,67.8236,10.0,4.9,54,70.0,4.21,0.28,us,10.46,1.845,0.087,42
43.3761,-61.4153,10.0,3.8,10,247.0,2.014,0.82,us,4.04,2.017,0.294,3
36.4716,70.6872,196.009,4.0,17,95.0,2.327,0.58,us,6.95,7.082,0.173,9
50.9032,158.2388,35.0,5.1,140,114.0,2.139,1.17,us,8.84,1.886,0.025,520
51.5401,161.1661,10.0,4.3,31,129.0,2.144,0.55,us,10.39,1.926,0.107,25
-29.4061,-178.7471,210.988,4.8,76,51.0,0.732,0.67,us,13.06,6.152,0.067,69
-26.6561,-178.3552,287.32,4.4,43,111.0,10.347,0.62,us,13.41,7.295,0.089,36
49.1377,156.1835,70.426,4.5,36,124.0,4.089,0.69,us,8.13,8.094,0.087,39
52.9454,160.7222,38.568,4.6,34,117.0,1.255,1.29,us,10.99,7.638,0.116,22
-6.8976,127.3696,378.31,4.2,19,97.0,4.181,0.86,us,12.1,10.93,0.215,7
53.1638,160.0687,43.696,4.2,26,137.0,0.867,0.68,us,11.96,5.222,0.128,17
-63.3613,-159.6281,10.0,4.4,10,145.0,17.842,0.68,us,15.5,1.934,0.179,9
52.9016,160.8517,10.0,5.0,109,101.0,1.337,0.9,us,8.09,1.827,0.023,605
48.9933,154.8595,61.429,4.4,31,137.0,4.492,0.78,us,12.58,7.97,0.114,22
54.6146,-160.4023,35.0,3.8,64,192.0,0.519,1.13,us,6.44,1.977,0.179,8
35.7405,88.5284,10.0,4.3,25,121.0,6.406,0.77,us,12.04,1.934,0.133,16
54.5645,-159.8742,38.316,4.0,83,160.0,0.314,0.62,us,5.11,7.418,0.196,7
43.3095,146.1939,35.0,4.3,23,200.0,2.586,0.61,us,7.24,2.009,0.142,15
-54.5739,157.0698,10.0,4.5,22,88.0,1.093,1.14,us,5.95,1.767,0.119,21
52.2369,159.5656,35.0,4.2,14,169.0,0.965,0.48,us,8.34,1.975,0.152,12
51.5233,160.8274,10.0,4.7,89,128.0,2.012,0.75,us,9.2,1.909,0.057,94
9.6143,126.1051,94.532,4.3,16,135.0,2.581,1.2,us,13.99,7.17,0.161,11
51.2615,157.1294,98.303,4.3,82,132.0,1.883,0.46,us,10.32,6.88,0.062,78
4.412,96.5767,10.0,4.6,37,65.0,0.891,1.16,us,5.53,1.706,0.103,29
7.1153,126.9212,60.928,4.6,61,118.0,1.333,0.82,us,8.86,5.557,0.08,47
51.4835,-173.9696,35.0,4.0,34,188.0,0.733,0.93,us,4.85,1.927,0.106,24
36.8773,54.8561,10.0,4.6,59,104.0,2.801,0.92,us,6.48,1.858,0.059,85
-58.8943,-25.6228,35.0,4.5,27,78.0,20.258,0.85,us,14.82,1.952,0.102,28
42.539,130.6594,575.724,4.4,191,83.0,1.922,0.62,us,10.26,7.249,0.036,226
2.7886,95.5441,29.868,4.6,62,155.0,2.509,0.66,us,7.87,6.03,0.079,48
-0.3096,131.9054,10.0,4.6,33,90.0,0.848,0.61,us,5.39,0.62,0.114,23
-10.2779,161.2594,88.908,4.5,24,132.0,1.538,0.53,us,12.63,8.602,0.116,22
53.3328,160.5713,21.146,4.2,19,124.0,1.197,1.14,us,11.4,5.244,0.121,19
51.2824,159.4064,10.0,4.2,31,167.0,1.805,0.88,us,10.92,1.947,0.115,21
9.4941,-40.9517,10.0,4.4,27,148.0,12.386,0.6,us,14.24,1.943,0.112,23
18.8501,145.7151,201.514,4.7,96,84.0,3.59,0.82,us,9.99,7.219,0.031,317
49.4633,155.2257,80.982,4.3,35,133.0,3.966,0.31,us,6.13,8.468,0.114,22
65.8577,-37.4704,10.0,4.4,99,128.0,5.4,0.57,us,8.5,1.93,0.058,86
53.1083,159.4014,76.212,4.3,54,132.0,0.461,0.6,us,10.44,6.568,0.067,64
51.9758,159.1471,53.766,4.7,64,124.0,1.092,0.92,us,8.42,6.483,0.039,198
51.1723,159.6536,10.0,4.2,19,231.0,1.955,1.05,us,11.36,1.957,0.147,13
34.7738,62.1033,10.0,4.6,81,93.0,5.801,0.82,us,7.03,1.853,0.051,116
13.162,126.5517,10.0,4.3,22,155.0,9.704,0.92,us,13.38,1.941,0.129,17
52.3296,160.2624,35.0,4.4,42,122.0,1.743,0.69,us,8.93,1.914,0.101,28
53.4045,160.2181,50.097,4.1,17,181.0,1.017,0.6,us,14.54,14.826,0.174,10
-46.6351,102.4668,10.0,4.2,13,131.0,20.157,0.6,us,11.97,1.886,0.159,11
-16.1467,-72.0309,116.035,4.4,28,126.0,2.738,1.01,us,7.96,9.54,0.139,15
25.5376,95.3851,121.537,4.3,35,112.0,4.333,0.68,us,7.59,7.434,0.108,26
52.119,160.5188,26.651,4.0,17,167.0,1.984,1.03,us,12.51,8.326,0.144,13
52.201,160.6464,10.0,4.2,20,123.0,2.012,1.25,us,10.64,1.92,0.141,14
51.4089,159.303,10.0,4.5,48,135.0,1.666,0.58,us,10.46,1.889,0.085,41
-0.0117,123.4351,176.509,4.0,29,103.0,1.219,1.1,us,6.21,7.836,0.13,16
18.1012,145.8735,113.161,4.5,41,129.0,2.846,0.8,us,13.06,8.106,0.073,55
15.2808,119.1473,10.0,4.3,22,130.0,23.394,0.53,us,16.11,1.903,0.133,16
-15.4104,168.0797,10.0,4.7,33,163.0,0.846,0.77,us,4.19,1.898,0.106,27
36.8449,70.7042,189.553,4.1,35,148.0,2.037,0.41,us,7.9,9.586,0.135,15
-6.1833,142.3374,10.0,5.2,54,60.0,2.906,0.75,us,5.54,1.64,0.061,89
49.7307,155.9237,68.412,4.3,44,135.0,3.56,0.68,us,12.09,7.892,0.074,51
-35.0762,-107.1542,10.0,5.0,99,151.0,8.141,0.37,us,12.82,1.891,0.045,161
28.8164,128.5836,147.312,4.5,45,66.0,1.992,0.77,us,5.41,8.149,0.077,50
53.1383,161.0665,35.0,4.3,18,178.0,1.462,0.75,us,11.81,1.997,0.168,10
50.419,159.8194,10.0,4.5,52,170.0,2.708,0.63,us,9.7,1.93,0.054,103
41.7698,88.1512,10.0,4.7,69,105.0,6.155,0.52,us,9.9,1.886,0.063,78
49.8278,157.4403,10.0,5.3,49,126.0,3.288,1.11,us,9.51,1.864,0.09,41
44.0449,147.0617,128.652,4.4,64,177.0,3.221,0.65,us,11.78,9.994,0.073,54
-6.682,132.4613,10.0,4.5,16,127.0,3.328,1.02,us,9.55,1.335,0.145,14
-23.1259,-68.5298,113.005,4.1,24,66.0,0.367,0.77,us,3.97,4.269,0.131,16
26.7438,139.342,580.248,4.0,63,104.0,2.562,0.64,us,11.87,8.443,0.07,55
-16.3254,167.4168,27.168,4.9,29,170.0,0.897,0.58,us,9.93,6.68,0.116,23
-20.1401,66.3055,10.0,4.8,61,59.0,2.788,0.46,us,6.85,1.862,0.079,51
39.1738,28.2562,10.0,4.1,50,56.0,1.056,0.88,us,4.88,1.943,0.151,12
-22.5584,-179.82,577.059,4.3,28,121.0,5.189,0.62,us,14.81,10.035,0.113,22
50.1175,157.3413,35.0,4.3,34,150.0,3.003,0.76,us,13.35,1.967,0.111,23
44.7743,148.4408,78.22,4.2,69,135.0,4.238,0.55,us,9.16,6.66,0.071,58
7.1303,127.2153,10.0,4.4,43,60.0,1.625,0.96,us,8.14,1.892,0.094,33
9.3798,93.87,10.0,4.6,60,123.0,5.13,0.35,us,9.32,1.902,0.084,42
36.5334,70.122,219.942,4.2,65,84.0,2.169,0.79,us,7.71,8.63,0.092,33
10.5825,125.6466,10.0,4.4,21,108.0,5.814,0.38,us,8.59,1.906,0.143,14
-7.966,122.8202,233.285,4.0,22,51.0,0.88,0.53,us,7.8,6.738,0.184,10
-4.2717,102.1788,52.473,4.9,62,89.0,0.78,0.83,us,7.03,6.819,0.082,46
-30.7154,-71.436,45.905,4.6,36,99.0,0.176,0.79,us,4.57,3.986,0.151,13
49.9828,158.2756,10.0,5.0,167,102.0,3.054,0.52,us,5.62,1.823,0.047,146
-24.1575,-67.1577,176.206,4.3,30,69.0,1.522,0.93,us,8.25,8.517,0.153,13
50.3851,158.1232,24.934,4.6,60,132.0,2.662,0.6,us,11.37,5.91,0.076,51
34.6164,70.6351,10.0,4.4,36,144.0,1.242,0.77,us,7.39,1.943,0.118,21
51.5881,159.9865,10.0,4.2,17,138.0,1.655,1.32,us,11.75,1.948,0.16,11
18.4277,120.7461,43.148,4.5,56,92.0,4.379,0.42,us,10.48,7.29,0.08,46
52.4839,160.8309,10.0,4.2,34,145.0,1.431,0.73,us,10.85,1.941,0.115,21
40.1561,69.0474,10.0,4.3,31,90.0,0.839,0.91,us,4.2,1.887,0.122,19
50.2957,157.5735,30.211,4.5,59,187.0,2.813,0.67,us,12.22,7.226,0.07,59
4.4094,-73.2733,10.0,4.2,18,115.0,1.13,0.98,us,9.61,1.908,0.147,13
52.5518,160.4883,35.0,4.1,12,179.0,1.212,0.8,us,6.68,1.995,0.234,5
-5.2422,151.7219,78.563,5.0,56,86.0,1.133,0.56,us,8.81,5.591,0.07,64
51.0335,159.3382,10.0,4.0,21,185.0,2.038,0.44,us,11.56,1.956,0.184,8
52.031,160.4215,10.0,4.3,20,125.0,1.469,1.25,us,9.24,1.923,0.133,16
49.6921,159.6208,10.0,4.4,40,136.0,3.391,1.1,us,10.2,1.914,0.101,28
-2.8116,129.494,10.0,4.3,19,124.0,1.748,0.63,us,7.28,1.908,0.169,10
48.1271,154.4595,42.831,4.8,95,125.0,5.396,0.75,us,12.03,7.188,0.057,96
13.6213,57.3897,10.0,4.4,25,88.0,11.32,0.72,us,12.82,1.918,0.13,17
-10.2699,161.4662,87.959,4.2,31,109.0,1.709,0.74,us,10.5,7.893,0.121,20
49.7002,158.3167,19.776,4.2,45,138.0,3.334,0.65,us,12.63,5.287,0.095,31
3.9968,125.8645,86.404,4.1,17,128.0,0.826,0.77,us,15.07,8.421,0.15,12
18.8933,145.5241,245.626,4.2,56,93.0,3.641,0.66,us,11.36,7.996,0.078,46
-14.9705,-173.5407,10.0,4.3,23,60.0,2.004,1.15,us,10.4,1.879,0.143,14
51.5168,159.8108,35.0,4.3,28,161.0,1.669,1.35,us,10.11,1.91,0.142,16
27.4676,52.5955,10.0,4.9,67,80.0,4.101,0.62,us,7.36,1.852,0.046,145
53.6353,160.3412,61.718,4.8,181,117.0,1.185,0.58,us,8.98,6.579,0.044,160
-15.1264,172.3477,636.785,4.5,67,63.0,4.975,0.79,us,12.61,9.278,0.068,64
-21.3216,-179.1297,579.922,4.3,50,122.0,4.44,0.6,us,11.14,7.621,0.065,68
52.8687,160.6724,37.555,4.1,38,119.0,1.234,0.54,us,10.32,7.544,0.091,33
-22.8151,-66.4749,258.607,4.3,24,132.0,1.577,1.4,us,9.81,7.92,0.142,14
-50.7727,-27.8732,10.0,4.6,17,118.0,6.323,0.52,us,14.26,1.9,0.173,10
-17.7836,168.0866,42.669,4.3,19,134.0,2.473,0.68,us,7.9,6.986,0.148,13
42.2457,142.9953,61.849,4.6,21,115.0,0.26,0.81,us,9.11,9.043,0.182,9
51.7662,160.4217,10.0,5.3,97,126.0,1.663,0.99,us,8.13,1.808,0.022,661
27.3931,52.5727,10.0,4.2,47,83.0,4.073,0.78,us,8.93,1.894,0.089,35
-22.901,-68.5169,107.97,4.0,30,56.0,0.316,0.82,us,5.69,5.8,0.232,5
70.8709,-6.8151,10.0,4.2,37,74.0,0.568,0.86,us,4.02,1.826,0.096,30
33.3671,141.0696,35.0,4.5,25,125.0,1.082,0.75,us,6.68,1.943,0.156,12
51.0821,158.8894,38.587,4.5,13,231.0,1.95,0.29,us,13.08,9.228,0.204,7
52.5993,160.9951,21.159,4.4,18,147.0,1.485,1.09,us,13.32,7.155,0.162,11
-28.2547,62.7289,10.0,4.6,34,68.0,9.489,0.78,us,5.95,1.818,0.114,23
-28.3595,-177.6876,10.0,4.2,12,139.0,9.773,0.56,us,9.18,1.952,0.159,11
41.3365,142.8344,52.931,4.6,98,134.0,0.72,0.68,us,8.1,5.06,0.054,101
52.4946,160.8156,10.0,4.2,28,206.0,1.419,0.63,us,10.8,1.992,0.115,21
52.1494,160.0293,35.0,4.4,23,124.0,1.214,0.51,us,8.31,1.961,0.107,25
49.7545,158.7192,10.0,4.2,22,225.0,3.274,0.47,us,9.39,1.913,0.159,12
18.4879,-69.1184,101.967,4.4,82,77.0,0.7,0.72,us,5.18,6.556,0.048,128
51.3956,157.9937,60.809,4.9,201,123.0,1.68,0.57,us,9.74,6.511,0.042,179
4.4323,-73.328,10.0,4.9,102,69.0,1.071,0.71,us,8.59,1.868,0.025,485
51.0629,158.716,35.0,5.0,44,122.0,1.964,0.69,us,10.74,1.939,0.085,44
49.1581,156.213,26.728,4.8,164,50.0,4.065,0.56,us,7.69,4.226,0.043,169
29.3935,129.4081,10.0,5.0,56,90.0,2.738,1.13,us,7.36,1.841,0.044,166
51.1468,159.5447,22.326,4.5,30,122.0,1.959,0.99,us,9.78,5.956,0.113,23
-31.7665,-69.0077,106.276,4.5,70,49.0,0.362,0.59,us,5.03,4.958,0.072,57
-8.392,119.4927,171.656,4.3,34,67.0,1.497,0.5,us,7.24,7.11,0.137,15
-6.7394,150.8719,10.0,4.6,41,124.0,2.676,0.76,us,9.98,1.885,0.103,28
-7.6963,127.6784,148.708,4.3,45,71.0,3.852,0.89,us,6.7,8.176,0.094,33
11.0827,124.3483,10.0,4.6,49,83.0,4.169,0.55,us,5.57,1.904,0.092,37
37.642,77.8563,10.0,4.4,46,96.0,3.706,0.77,us,8.03,1.9,0.112,23
53.0514,161.5388,10.0,4.5,57,118.0,1.745,0.52,us,9.39,1.853,0.082,43
30.6025,141.6522,10.0,4.4,26,123.0,2.953,0.59,us,9.16,1.891,0.149,13
51.5041,159.3391,38.295,4.5,34,133.0,1.58,1.04,us,11.52,7.919,0.109,25
-30.2358,-178.0292,90.423,4.8,29,135.0,7.916,0.76,us,8.14,8.477,0.109,26
-6.2539,149.149,55.607,4.6,26,131.0,3.635,0.91,us,12.03,8.707,0.122,20
13.5318,-61.2471,139.248,4.8,84,52.0,0.973,0.67,us,6.4,6.376,0.034,263
41.2056,142.5948,62.522,4.3,25,154.0,0.912,0.61,us,5.14,8.348,0.142,14
51.4392,159.2978,10.0,4.1,35,167.0,1.636,0.51,us,11.98,1.956,0.102,26
-8.5317,120.5652,165.216,4.6,47,63.0,1.16,1.13,us,6.13,6.421,0.088,39
-7.0498,150.2047,10.0,4.4,33,142.0,3.273,0.63,us,5.51,1.848,0.12,20
50.2685,158.5438,10.0,4.7,39,133.0,2.76,0.81,us,6.78,1.708,0.072,67
5.0401,126.6349,9.254,4.4,37,72.0,1.192,0.77,us,6.37,4.161,0.098,35
-5.9483,147.8223,109.755,4.1,33,78.0,3.496,0.81,us,8.46,3.306,0.106,25
2.5723,95.9909,35.0,4.4,22,201.0,2.806,0.31,us,11.38,1.983,0.148,13
13.5341,-91.6326,32.216,4.1,30,240.0,1.022,0.78,us,9.5,9.299,0.107,24
52.8133,160.6528,35.0,4.2,44,81.0,1.231,0.63,us,10.64,1.866,0.078,46
38.9802,20.5865,48.657,4.2,33,146.0,1.364,0.66,us,3.43,8.246,0.263,5
9.2662,93.8911,10.0,4.9,101,49.0,5.028,0.47,us,8.14,1.847,0.056,102
35.4405,22.9721,59.444,4.0,35,184.0,1.93,1.17,us,4.4,8.752,0.102,26
52.8322,159.712,61.257,4.1,27,188.0,0.671,1.37,us,11.98,7.454,0.103,26
51.3461,158.9338,42.251,4.2,20,138.0,1.689,1.36,us,13.86,8.481,0.146,13
6.131,126.5569,87.865,4.3,25,115.0,1.347,0.95,us,6.49,7.75,0.147,15
50.1236,158.8934,10.0,4.6,69,110.0,2.908,1.06,us,8.91,1.855,0.076,52
51.1059,159.6807,10.0,4.9,34,170.0,2.023,0.76,us,11.95,1.955,0.104,29
52.1385,159.527,52.868,4.4,44,132.0,1.035,0.75,us,10.49,7.51,0.092,34
51.5942,159.7,35.0,4.8,34,127.0,1.57,0.95,us,7.03,1.82,0.102,30
-11.9776,166.3038,58.458,4.3,20,145.0,3.558,0.52,us,11.87,9.12,0.142,15
42.5123,-126.3787,10.0,3.5,48,269.0,1.517,0.85,us,9.49,2.018,0.247,4
51.5003,160.671,10.0,4.5,37,145.0,1.967,0.65,us,7.62,1.924,0.091,36
29.3051,129.4331,10.0,4.9,70,33.0,2.367,1.05,us,5.14,1.866,0.045,158
52.7896,-169.6989,45.95,3.8,34,170.0,0.543,0.83,us,9.74,7.099,0.104,24
-14.7719,167.6181,158.433,4.0,11,280.0,6.566,0.61,us,8.64,14.502,0.183,8
-21.7033,-68.5334,139.269,4.2,18,51.0,0.665,0.45,us,7.93,11.34,0.374,2
51.8231,160.2184,10.0,5.0,36,126.0,1.539,0.53,us,6.69,1.831,0.13,19
-10.4808,124.6142,10.0,4.4,12,136.0,0.798,1.24,us,8.72,1.774,0.204,7
51.6891,-173.4391,35.0,3.9,29,177.0,0.695,0.55,us,4.94,1.888,0.091,32
-25.7895,-69.2628,8.8,4.1,15,140.0,0.691,1.03,us,4.65,5.366,0.301,3
-9.5022,112.7895,35.0,4.0,25,94.0,1.692,0.79,us,8.59,1.926,0.144,14
-14.9848,167.6284,121.432,4.2,12,262.0,0.616,0.79,us,15.82,6.986,0.199,7
-8.1338,119.7553,185.305,4.4,38,58.0,1.617,0.68,us,7.25,1.522,0.095,32
-17.9591,-178.4971,567.58,4.4,61,80.0,2.515,0.75,us,12.21,6.424,0.067,64
53.1393,-166.0308,35.0,3.7,29,199.0,0.762,0.27,us,2.94,1.958,0.135,14
52.2804,160.8335,35.0,4.3,39,123.0,1.524,0.69,us,10.7,1.943,0.097,30
49.5992,155.2978,86.286,4.1,15,170.0,3.822,0.48,us,14.54,8.892,0.197,7
28.0704,139.5489,486.588,4.1,105,55.0,2.533,0.74,us,7.76,7.754,0.058,80
52.2259,160.1627,34.018,4.4,63,166.0,1.22,0.65,us,11.98,6.834,0.079,46
2.0449,126.6728,35.0,4.6,57,97.0,1.442,1.05,us,5.35,1.877,0.082,45
9.7295,126.1711,57.815,4.8,60,78.0,2.707,0.67,us,10.22,5.946,0.067,70
23.6498,94.7137,121.439,4.4,29,73.0,2.44,0.34,us,8.35,8.427,0.12,20
52.0109,-171.3717,35.0,3.8,27,175.0,1.182,0.74,us,6.75,1.987,0.169,10
17.7113,-83.6415,10.0,4.6,36,161.0,5.04,0.82,us,9.92,1.944,0.068,70
49.8602,159.4591,10.0,4.3,41,136.0,3.208,0.77,us,10.14,1.915,0.1,33
2.9528,-31.3475,10.0,4.9,46,66.0,19.996,1.02,us,12.86,1.882,0.07,73
41.0949,43.8586,13.666,4.4,21,89.0,0.176,0.66,us,5.32,3.49,0.13,17
-19.1369,-177.6793,599.809,4.3,56,133.0,3.859,0.59,us,13.32,7.337,0.072,54
14.3213,-87.1552,10.0,4.3,28,120.0,0.286,0.98,us,4.14,1.742,0.153,12
-6.1043,127.7211,397.397,4.2,29,63.0,2.682,0.79,us,7.84,11.246,0.141,14
-1.732,-81.1699,10.0,4.8,75,143.0,1.675,0.96,us,8.15,1.891,0.07,63
-6.4454,130.7902,89.641,4.9,78,49.0,3.793,0.74,us,7.66,7.31,0.062,82
-20.2508,-68.6433,115.696,4.1,31,59.0,0.491,1.12,us,6.9,7.449,0.175,11
42.295,144.5442,40.707,4.3,58,170.0,2.315,0.57,us,8.94,9.55,0.079,45
52.571,160.6326,35.0,4.0,14,121.0,1.286,0.8,us,11.61,1.957,0.163,10
-20.2787,-177.7342,503.708,4.4,42,97.0,4.674,0.74,us,13.75,8.301,0.048,131
13.5836,122.9062,10.0,4.5,53,117.0,22.084,0.78,us,13.78,1.902,0.083,43
52.2037,160.7029,10.0,4.4,32,190.0,2.042,0.82,us,12.81,1.959,0.103,27
-6.7507,131.2933,44.811,5.1,56,36.0,2.61,0.94,us,3.62,5.672,0.085,46
50.7638,158.0584,35.0,4.7,15,137.0,2.292,0.79,us,13.39,1.948,0.147,14
-21.4584,-66.6489,237.347,4.4,24,122.0,2.054,1.1,us,8.97,10.667,0.13,17
51.5051,161.1757,10.0,4.1,34,121.0,2.173,0.69,us,10.46,1.871,0.107,24
30.2332,103.1203,10.0,4.3,35,92.0,5.515,0.69,us,9.03,1.908,0.109,24
41.0664,75.2448,10.0,4.1,26,149.0,0.175,0.77,us,2.1,1.9,0.174,9
-7.0774,155.8402,89.869,4.9,64,96.0,4.648,0.87,us,8.66,6.244,0.052,114
51.8183,159.6808,54.618,4.3,26,167.0,1.362,0.51,us,10.27,7.235,0.125,19
36.5792,70.8055,217.6,4.4,64,78.0,2.187,0.77,us,7.69,7.1,0.054,101
-15.7345,-174.3801,187.627,4.3,30,125.0,6.052,0.79,us,13.16,7.664,0.106,25
50.3103,159.6639,10.0,4.3,67,136.0,2.789,0.58,us,10.54,1.92,0.07,58
52.6923,160.9851,10.0,4.2,24,198.0,1.454,0.82,us,10.88,1.994,0.117,20
9.3711,127.1373,10.0,4.2,17,105.0,2.758,0.57,us,10.42,1.913,0.152,12
-9.0007,124.2525,96.211,4.4,37,85.0,0.75,0.94,us,7.51,6.295,0.105,26
-52.1179,28.2693,10.0,4.2,12,117.0,20.461,0.73,us,16.43,1.94,0.158,11
51.8491,160.4163,19.954,4.5,43,124.0,1.598,0.9,us,9.05,4.965,0.086,40
-19.9677,-173.2301,10.0,4.6,30,105.0,3.239,0.6,us,9.2,1.902,0.114,29
51.0955,159.4438,10.0,4.2,22,173.0,1.992,0.64,us,7.13,1.966,0.146,15
17.5185,-94.9116,135.395,4.3,49,124.0,0.693,0.85,us,6.06,6.383,0.087,37
-8.4443,-75.2197,128.399,4.8,44,110.0,3.866,0.66,us,10.61,7.663,0.056,98
0.8093,-27.9489,10.0,4.7,143,90.0,16.093,0.63,us,11.14,1.901,0.047,145
-6.5132,132.4127,10.0,4.5,28,71.0,3.185,0.83,us,5.95,1.642,0.128,18
17.3336,-94.2491,170.032,4.7,47,69.0,0.1,1.31,us,6.39,5.965,0.049,124
51.6828,160.6606,10.0,4.3,31,127.0,1.823,0.67,us,9.66,1.914,0.106,25
-17.6888,167.7796,10.0,4.7,24,88.0,2.297,0.71,us,6.89,1.897,0.137,19
51.6595,159.753,10.0,4.7,39,135.0,1.524,1.05,us,10.91,1.912,0.078,49
53.1649,160.8182,35.0,4.2,18,194.0,1.315,0.82,us,12.17,1.99,0.175,9
-5.6494,147.3876,185.979,4.6,27,146.0,3.582,1.1,us,11.12,9.744,0.129,18
-5.7053,-109.173,10.0,4.3,69,143.0,27.384,0.76,us,9.8,1.925,0.053,99
-35.5189,-178.9917,10.0,4.2,10,260.0,2.982,0.41,us,14.88,2.002,0.216,6
39.1811,28.2136,10.0,4.4,24,56.0,1.023,0.48,us,4.04,1.902,0.19,8
49.1254,156.146,33.974,4.6,57,138.0,4.106,1.05,us,12.54,6.204,0.074,55
-8.5233,118.3239,133.058,5.0,64,69.0,0.62,0.57,us,7.58,4.725,0.077,54
52.9891,161.1981,10.0,4.1,24,185.0,1.54,0.89,us,12.52,1.968,0.117,20
49.7442,159.4915,10.0,4.4,24,136.0,3.326,0.36,us,5.26,1.914,0.138,17
-55.5579,-26.6984,10.0,5.2,57,67.0,5.788,0.84,us,5.36,1.865,0.074,60
11.7781,125.9635,10.0,4.9,68,105.0,4.694,0.7,us,11.11,1.865,0.069,66
27.6675,53.0396,10.0,4.0,23,85.0,3.926,0.71,us,8.24,1.94,0.122,18
13.3812,146.3363,10.0,4.5,21,111.0,1.443,0.54,us,9.28,1.914,0.15,13
-6.8582,130.15,111.32,4.4,29,58.0,2.333,0.71,us,8.43,8.605,0.108,25
52.4684,160.47,10.0,5.0,115,91.0,1.238,1.38,us,8.12,1.795,0.031,335
-25.4959,179.7323,496.474,4.2,24,161.0,7.869,0.6,us,15.11,10.789,0.118,20
51.3721,159.5822,10.0,4.5,14,193.0,1.751,0.92,us,9.23,1.957,0.191,8
51.5321,159.5113,20.719,4.9,78,127.0,1.585,1.31,us,8.37,5.338,0.043,167
-6.4762,106.6644,166.82,4.4,39,156.0,0.303,0.9,us,9.68,6.347,0.095,32
14.0005,120.6055,182.613,4.1,51,98.0,14.156,0.95,us,13.34,8.368,0.081,42
-25.0409,-176.5324,35.0,4.4,18,140.0,4.368,0.27,us,9.67,1.915,0.162,11
51.4128,159.5325,26.057,4.6,30,138.0,1.702,0.87,us,7.52,6.434,0.122,20
49.1839,157.9858,10.0,5.1,149,129.0,3.867,0.77,us,10.1,1.878,0.033,303
51.4867,159.6201,25.756,4.4,29,128.0,1.651,0.99,us,9.68,6.136,0.117,21
-47.8647,116.0413,10.0,4.4,21,141.0,14.948,0.74,us,15.26,1.92,0.13,17
-20.9109,-178.572,590.807,4.8,63,54.0,4.48,0.84,us,10.36,6.532,0.034,270
-3.1196,150.4813,10.0,4.6,28,97.0,1.988,0.58,us,8.38,1.884,0.125,19
49.2022,156.0021,55.741,4.3,24,183.0,4.054,0.78,us,12.6,9.715,0.153,13
-51.5125,138.4991,10.0,4.3,13,92.0,19.753,0.2,us,11.89,1.946,0.168,10
37.7624,144.1926,10.0,4.3,35,136.0,3.876,1.03,us,10.32,1.915,0.122,19
18.3736,145.9056,185.544,4.3,17,147.0,3.117,0.83,us,15.69,9.563,0.148,13
36.4893,53.2719,10.0,4.0,23,145.0,4.126,0.94,us,9.2,1.959,0.164,11
53.1494,160.6917,10.0,4.7,87,141.0,1.238,0.69,us,4.73,1.786,0.029,362
29.1549,129.0816,10.0,4.3,25,104.0,2.418,1.06,us,5.82,1.799,0.168,10
-8.7654,-80.3006,10.0,4.4,21,117.0,4.672,0.82,us,9.18,1.935,0.161,11
52.9133,160.8139,10.0,4.4,31,137.0,1.313,0.51,us,7.33,1.914,0.126,18
-5.707,146.2903,42.073,4.2,12,143.0,3.773,0.52,us,9.53,7.212,0.16,11
50.4624,-173.5231,10.0,3.9,45,199.0,1.792,0.86,us,7.18,1.958,0.066,61
7.2306,-82.3157,10.0,4.3,44,144.0,3.003,0.87,us,8.68,1.935,0.093,33
51.6955,160.6594,10.0,4.5,47,134.0,1.813,0.38,us,10.91,1.909,0.095,33
-28.5559,-176.8027,35.0,4.6,22,127.0,1.203,0.79,us,10.99,1.936,0.123,20
2.5161,126.9979,57.908,4.2,17,136.0,1.771,0.39,us,6.97,8.866,0.16,11
39.5267,143.2022,10.0,4.7,83,134.0,2.067,0.77,us,7.33,1.886,0.069,63
53.4962,160.2949,10.0,4.6,30,113.0,1.096,1.04,us,8.81,1.89,0.125,19
52.6226,160.6475,24.27,4.6,33,123.0,1.277,0.53,us,9.07,5.87,0.111,24
2.5521,67.763,10.0,4.3,14,235.0,5.615,1.23,us,10.5,2.008,0.154,14
-9.9202,151.9658,10.0,4.4,20,92.0,4.766,0.9,us,8.96,1.894,0.143,14
-3.9323,-80.808,35.0,4.7,64,108.0,2.126,1.03,us,6.85,1.902,0.04,184
16.4618,-59.737,10.0,4.2,27,234.0,1.275,0.53,us,7.43,1.973,0.304,3
51.2485,159.5548,10.0,4.3,26,134.0,1.863,0.64,us,5.42,1.824,0.119,20
-21.1203,-69.2998,86.333,4.1,16,70.0,0.191,0.78,us,3.52,5.569,0.213,6
-17.7144,-178.8302,526.44,4.1,59,68.0,2.115,0.75,us,14.38,8.032,0.084,43
1.9802,126.5247,54.48,4.3,40,64.0,2.927,0.96,us,3.26,7.55,0.108,24
19.2995,-109.1759,10.0,4.1,40,221.0,7.072,0.5,us,13.71,1.996,0.064,67
16.6079,-59.4498,10.0,4.2,21,216.0,1.578,0.67,us,10.35,1.966,0.2,7
51.8133,161.2857,10.0,4.3,33,214.0,2.018,0.72,us,5.18,1.988,0.116,21
51.3358,159.2549,35.0,4.3,16,230.0,1.731,0.68,us,12.29,1.987,0.188,8
9.5091,94.0036,10.0,4.6,68,88.0,5.603,0.67,us,6.83,1.759,0.072,58
12.3665,145.3511,10.0,4.4,31,97.0,1.303,0.53,us,9.3,1.918,0.115,22
54.5063,-160.1562,36.195,3.6,71,164.0,0.463,0.97,us,5.41,10.56,0.188,7
-23.2021,-175.2174,10.0,4.9,55,115.0,6.421,0.68,us,11.65,1.866,0.078,51
30.6526,141.6528,11.469,4.9,60,120.0,2.911,0.82,us,8.39,4.9,0.058,97
37.3316,56.3277,10.0,4.1,22,154.0,5.936,0.29,us,9.86,1.809,0.135,15
51.9177,158.8169,48.192,4.3,55,134.0,1.112,0.53,us,10.0,4.398,0.075,50
52.4856,160.6764,37.912,4.3,30,150.0,1.344,0.78,us,10.81,7.225,0.116,21
52.1633,160.5071,34.831,4.4,70,162.0,1.423,0.62,us,10.9,6.603,0.052,108
14.5484,-90.6664,6.714,4.0,16,144.0,0.164,0.58,us,4.05,3.79,0.212,6
49.811,155.8168,78.348,4.1,39,138.0,3.505,0.64,us,13.8,8.406,0.101,27
50.2941,159.6438,10.0,4.3,42,173.0,2.802,0.47,us,10.03,1.947,0.096,32
-1.6228,99.6909,37.364,4.6,13,194.0,3.595,0.66,us,8.92,9.92,0.207,7
7.1034,126.8568,74.471,4.2,24,133.0,1.268,0.64,us,12.06,8.521,0.132,16
51.4898,159.6164,28.205,4.9,89,134.0,1.647,0.8,us,11.15,5.865,0.05,127
52.9554,160.8155,36.066,4.4,56,146.0,1.311,0.95,us,8.93,8.239,0.081,46
27.9119,-111.9133,10.0,4.0,31,111.0,0.658,0.52,us,4.47,1.968,0.119,20
7.1737,127.2136,10.0,4.7,64,55.0,1.625,0.99,us,6.53,1.858,0.069,65
27.1297,140.146,501.928,4.1,68,87.0,1.817,0.98,us,12.32,9.288,0.059,79
51.5017,159.5624,29.95,4.7,78,124.0,1.624,1.13,us,9.49,5.604,0.05,122
-4.372,102.3469,56.753,4.8,56,95.0,0.607,0.91,us,5.97,6.594,0.083,45
51.2967,159.4748,40.389,5.0,76,117.0,1.802,0.79,us,9.83,6.819,0.049,134
51.4068,160.6326,10.0,4.3,28,229.0,2.027,0.57,us,13.83,1.982,0.126,18
37.5398,19.8784,35.0,4.0,24,139.0,1.67,1.15,us,7.06,1.968,0.232,5
16.4971,-59.6557,10.0,4.4,36,126.0,1.366,0.5,us,9.13,1.926,0.138,15
52.2855,160.4546,10.0,4.9,105,120.0,1.325,0.78,us,7.69,1.877,0.051,122
52.5217,160.6052,28.367,4.3,32,134.0,1.29,0.71,us,11.51,6.406,0.107,25
-29.8167,-71.7071,15.937,4.3,34,145.0,0.42,0.88,us,4.0,1.788,0.16,11
54.5516,-159.6211,31.747,4.0,47,158.0,0.281,1.0,us,4.6,6.071,0.126,17
52.1406,-168.5339,28.671,3.8,21,218.0,0.856,1.0,us,8.44,13.924,0.108,22
19.5291,144.8328,10.0,4.4,15,136.0,4.361,0.94,us,9.74,1.886,0.162,11
25.8739,128.9672,10.0,4.6,47,68.0,1.143,0.88,us,4.79,1.899,0.091,36
-4.3346,-12.1798,10.0,4.9,42,97.0,19.181,0.88,us,13.06,1.893,0.07,64
-31.8604,-72.2391,21.935,4.2,25,200.0,1.09,1.18,us,4.21,6.434,0.236,5
52.3932,160.5513,28.933,4.4,39,122.0,1.318,0.77,us,9.49,5.88,0.109,24
25.5434,56.1875,11.485,4.3,31,76.0,0.596,0.82,us,8.41,5.224,0.097,30
37.2868,72.0551,108.958,4.2,49,165.0,1.079,0.8,us,8.65,6.513,0.105,25
53.292,159.8184,68.213,4.4,75,116.0,0.753,0.58,us,9.59,6.918,0.06,80
24.828,97.8254,10.0,4.4,33,123.0,3.882,0.87,us,8.12,1.815,0.117,21
-8.3816,111.8241,147.957,4.5,37,83.0,1.906,0.87,us,6.86,7.375,0.121,24
9.2951,126.4547,39.783,4.6,47,131.0,2.375,0.75,us,12.31,7.458,0.076,51
7.073,126.8243,72.22,5.5,114,101.0,1.236,0.98,us,4.18,6.465,0.045,171
54.4532,161.4173,45.267,4.0,30,132.0,2.18,0.61,us,9.04,10.006,0.119,20
51.4736,158.4131,48.203,4.3,66,134.0,1.559,0.72,us,4.9,7.584,0.075,50
51.5235,160.6818,10.0,4.3,55,129.0,2.423,0.8,us,9.38,1.909,0.081,43
-5.2351,151.4657,142.336,4.2,28,146.0,1.249,0.94,us,11.52,7.917,0.11,23
7.4914,127.2912,10.0,4.9,65,56.0,1.749,0.69,us,4.86,1.866,0.078,52
31.4219,139.9912,124.394,4.3,54,116.0,1.695,0.95,us,9.68,8.761,0.084,40
50.8374,-172.0569,10.0,3.6,28,201.0,1.912,0.66,us,7.2,1.987,0.166,9
40.7378,143.859,10.0,4.3,31,134.0,2.123,0.69,us,8.2,1.913,0.138,15
10.2097,125.9317,10.0,4.5,48,130.0,3.139,0.72,us,8.11,1.901,0.086,40
39.3807,143.4427,10.0,4.7,49,101.0,2.304,1.16,us,8.04,1.884,0.069,63
-7.6953,128.3631,85.361,4.3,19,75.0,4.537,0.88,us,6.23,10.422,0.154,12
10.082,126.2642,35.0,4.2,13,128.0,3.069,0.2,us,9.91,1.954,0.199,7
29.3013,129.5496,10.0,4.6,39,92.0,2.335,0.99,us,5.33,1.91,0.151,22
41.7821,143.6015,37.308,4.7,68,76.0,0.405,0.62,us,5.97,5.997,0.044,157
-8.6693,127.3718,10.0,4.3,16,177.0,3.249,1.0,us,8.82,1.939,0.147,13
-15.6033,-179.7463,10.0,4.4,15,109.0,1.215,0.38,us,9.53,1.911,0.19,8
0.3272,122.3923,126.206,4.2,23,84.0,1.412,0.76,us,5.56,6.615,0.166,10
2.0052,127.1018,49.412,4.4,25,142.0,1.253,0.66,us,6.12,10.127,0.139,15
6.0971,126.1802,145.952,4.4,24,115.0,1.136,0.51,us,9.36,4.408,0.139,15
-20.68,-178.7574,607.093,4.2,25,134.0,4.196,0.46,us,14.66,8.616,0.118,20
51.4861,160.287,10.0,4.1,25,197.0,1.839,0.97,us,12.37,1.991,0.135,15
51.5168,160.2277,10.0,4.6,49,138.0,1.794,0.88,us,10.48,1.909,0.078,49
-23.4158,170.6464,10.0,4.4,20,245.0,3.054,0.73,us,12.06,1.998,0.156,13
-7.3438,155.7987,35.0,4.4,58,92.0,4.602,0.59,us,10.58,1.923,0.079,46
-57.9612,-24.9253,39.639,4.9,34,93.0,7.437,1.04,us,7.25,6.952,0.098,33
52.568,160.714,10.0,4.5,38,121.0,1.334,0.74,us,10.12,1.909,0.091,35
29.3466,129.611,10.0,4.5,53,120.0,2.275,0.77,us,8.09,1.86,0.084,41
9.149,93.9022,10.0,4.3,25,120.0,4.929,0.81,us,10.31,1.913,0.168,10
37.0238,72.7686,79.311,4.4,40,107.0,1.306,0.47,us,8.52,7.892,0.093,33
51.5604,159.3414,35.0,4.3,24,127.0,1.526,0.62,us,9.47,1.945,0.143,17
52.3921,160.8318,10.0,4.1,37,151.0,1.47,0.92,us,8.48,1.817,0.107,24
51.9493,159.4549,40.062,4.5,58,121.0,1.183,0.69,us,9.16,7.466,0.048,128
51.7974,160.3915,10.0,4.4,59,123.0,1.627,0.8,us,10.53,1.921,0.062,74
-22.636,173.3987,10.0,4.5,23,125.0,5.499,1.47,us,9.56,1.922,0.145,14
52.4254,160.6948,34.746,4.6,110,117.0,1.38,0.9,us,8.59,5.315,0.038,209
-4.1381,128.7192,10.0,4.5,44,54.0,1.242,0.4,us,7.3,1.116,0.093,34
39.2754,28.8874,10.0,4.1,31,44.0,1.426,0.77,us,4.13,1.937,0.185,8
29.7497,141.2915,121.74,4.3,21,183.0,2.759,0.54,us,12.77,9.82,0.133,16
50.4486,157.5188,35.0,5.0,58,140.0,2.666,0.62,us,10.87,1.925,0.091,39
-3.5108,101.305,43.266,4.3,43,146.0,1.85,0.85,us,9.87,8.262,0.106,29
19.9514,121.3212,10.0,4.7,54,102.0,2.861,0.79,us,9.63,1.898,0.093,35
51.6429,159.5666,35.0,4.4,18,156.0,1.493,1.01,us,4.18,1.953,0.17,10
54.4544,-159.771,10.0,3.6,75,197.0,0.392,1.19,us,5.4,1.976,0.289,3
-17.1914,-174.0296,126.222,4.0,16,129.0,3.917,1.0,us,9.27,12.502,0.173,9
52.2507,160.6214,10.0,5.1,106,132.0,1.976,0.69,us,8.61,1.877,0.037,239
23.0944,94.8608,94.964,4.2,19,129.0,1.88,0.49,us,14.29,10.808,0.146,13
49.5245,155.7098,87.713,4.8,79,124.0,3.8,0.47,us,9.29,7.221,0.031,320
43.7484,147.7571,87.924,4.4,65,137.0,3.748,0.58,us,10.54,7.811,0.067,66
-6.2884,130.3473,113.112,4.6,25,82.0,1.809,0.64,us,9.53,8.03,0.122,20
23.3943,82.5615,10.0,4.2,28,159.0,9.911,1.15,us,12.41,1.936,0.115,21
53.0294,160.8521,28.898,4.3,28,143.0,1.33,1.01,us,13.65,7.025,0.122,19
52.9609,160.7587,10.0,4.9,101,107.0,1.276,0.97,us,8.07,1.86,0.026,473
49.9891,157.6864,10.0,4.1,38,163.0,3.098,0.65,us,6.21,1.944,0.096,32
-21.6492,-68.5175,132.928,4.3,21,87.0,0.689,0.48,us,5.98,6.567,0.154,12
-21.1742,-175.5954,125.013,4.5,33,115.0,6.674,0.82,us,13.53,6.894,0.107,26
37.1381,69.1917,10.0,4.5,26,108.0,1.516,1.13,us,5.06,1.933,0.135,16
32.4076,141.7538,10.0,4.6,63,124.0,1.78,0.62,us,8.24,1.881,0.079,48
26.0146,126.0921,89.971,4.9,60,88.0,2.119,0.87,us,7.43,4.405,0.055,102
-7.4314,128.4287,158.044,4.1,18,107.0,4.718,0.52,us,8.82,7.172,0.158,11
50.9034,157.1358,82.018,4.5,64,134.0,2.236,0.68,us,5.17,6.923,0.06,82
28.1878,51.7175,10.0,4.4,41,84.0,5.154,0.69,us,8.94,1.91,0.127,18
52.0078,159.3186,35.0,4.2,20,222.0,1.096,0.8,us,5.7,1.991,0.147,13
-6.4544,131.2977,35.0,4.5,31,93.0,3.637,0.48,us,12.22,1.931,0.11,24
51.9748,161.0875,10.0,4.2,24,189.0,1.823,0.99,us,11.23,1.962,0.146,14
51.5665,160.271,10.0,4.5,29,167.0,1.766,0.64,us,8.73,1.938,0.107,26
5.2907,94.8423,75.831,4.9,63,137.0,2.097,0.64,us,9.25,8.043,0.083,46
52.4625,160.4409,43.863,4.2,23,160.0,1.225,1.07,us,13.64,9.174,0.131,16
52.5692,160.3292,10.0,4.2,72,121.0,1.117,0.75,us,9.42,1.889,0.066,65
51.6601,159.5591,49.554,4.3,40,132.0,1.475,0.75,us,7.79,7.937,0.104,26
36.9786,71.2215,126.644,4.3,22,200.0,1.667,0.63,us,8.14,11.206,0.216,6
-54.4615,-55.5637,10.0,4.3,14,136.0,7.011,0.99,us,13.34,1.958,0.154,12
51.553,159.4942,42.741,4.5,40,164.0,1.561,0.56,us,10.55,8.064,0.09,36
52.5879,160.8269,10.0,4.4,27,109.0,1.392,1.2,us,12.27,1.913,0.126,18
51.8194,159.5352,35.0,4.8,27,122.0,1.322,0.97,us,5.34,1.926,0.127,19
-2.9076,137.0852,42.607,4.3,22,67.0,1.124,0.97,us,7.1,10.167,0.188,8
34.6027,70.7233,10.0,4.2,34,124.0,1.314,0.92,us,8.85,1.911,0.108,24
-7.5026,128.2246,158.743,4.3,31,73.0,4.508,0.58,us,8.13,8.002,0.107,25
-18.138,-178.3419,547.928,4.2,34,122.0,2.739,0.78,us,14.52,9.173,0.105,25
-8.3553,116.017,10.0,4.5,48,50.0,1.802,0.72,us,6.58,1.806,0.108,25
-4.6963,153.0005,64.407,4.5,66,117.0,1.046,0.73,us,8.89,6.529,0.073,59
50.2323,159.6843,10.0,4.3,40,135.0,2.868,0.68,us,7.86,1.715,0.098,29
12.977,-88.8024,66.155,4.2,45,165.0,0.676,0.86,us,10.35,9.522,0.089,35
50.9678,157.1172,87.219,4.2,40,134.0,2.174,0.57,us,13.78,8.776,0.088,36
39.2627,143.8722,35.0,4.9,26,185.0,2.64,1.08,us,5.85,1.958,0.112,25
-6.2374,130.3775,121.844,4.5,47,54.0,3.787,0.67,us,7.73,8.461,0.093,34
13.5916,124.9483,10.0,4.4,23,136.0,6.511,0.53,us,13.95,1.941,0.144,14
52.0628,160.4337,35.0,4.3,29,167.0,1.97,1.12,us,5.79,1.971,0.094,32
39.6555,143.4472,10.0,4.5,64,130.0,2.147,1.14,us,7.14,1.901,0.079,47
-16.2776,-73.1591,56.23,4.3,23,145.0,3.402,1.13,us,12.42,9.796,0.106,25
9.0956,93.9539,10.0,4.5,51,120.0,4.855,0.81,us,10.79,1.885,0.089,37
22.7049,95.8746,10.0,4.4,63,71.0,3.897,0.63,us,7.4,1.804,0.077,49
50.9224,160.5181,10.0,4.5,35,167.0,2.4,1.11,us,7.64,1.952,0.099,30
2.0474,125.3293,135.403,4.0,27,97.0,0.774,0.89,us,6.52,7.035,0.144,14
-19.6884,-177.7917,407.626,4.4,52,81.0,4.181,0.62,us,9.77,6.17,0.081,44
-14.9077,-177.5607,377.943,4.6,118,59.0,3.342,0.86,us,10.47,6.273,0.034,259
51.0846,158.9278,35.26,4.2,18,138.0,1.949,0.41,us,13.46,8.25,0.128,17
4.0355,95.8857,69.373,4.3,24,158.0,1.589,0.68,us,9.63,8.0,0.154,15
39.5608,143.2213,10.0,4.8,74,123.0,2.058,0.82,us,7.5,1.872,0.048,135
28.0007,139.6694,503.77,4.1,57,78.0,2.408,0.49,us,12.65,9.554,0.076,47
52.0273,161.0265,24.522,4.8,62,121.0,1.762,0.46,us,9.25,5.583,0.054,107
-7.0937,155.6701,70.527,4.8,77,80.0,4.526,0.5,us,9.48,6.14,0.072,59
33.3622,139.1847,10.0,4.5,41,70.0,0.582,1.05,us,5.63,1.897,0.113,23
52.4984,160.5854,10.0,4.6,59,122.0,1.288,0.72,us,8.06,1.881,0.052,110
-15.3811,-73.6813,93.848,4.4,34,142.0,4.366,0.61,us,9.43,10.065,0.114,22
37.6699,144.22,10.0,4.8,52,123.0,3.963,0.73,us,8.68,1.882,0.048,136
51.6218,159.2507,35.0,4.2,37,126.0,1.451,1.01,us,10.15,1.93,0.094,32
51.253,159.3271,26.563,4.7,44,135.0,1.822,0.73,us,11.05,6.075,0.083,44
52.8858,160.9343,35.0,4.2,19,155.0,1.389,0.81,us,7.96,1.99,0.136,15
71.5454,-64.4146,9.649,4.3,18,57.0,3.568,0.68,us,8.27,6.467,0.188,8
51.2383,159.2114,41.447,4.2,24,167.0,1.821,0.88,us,12.24,8.254,0.146,15
-29.9583,-177.1874,10.0,4.5,15,138.0,8.459,0.74,us,15.25,1.968,0.156,13
-3.4001,128.7228,52.68,4.4,43,46.0,3.553,0.81,us,5.25,8.779,0.097,31
36.5109,-2.8188,10.0,4.3,35,123.0,3.285,0.63,us,6.27,1.848,0.111,23
23.4757,94.7072,102.184,4.4,60,67.0,2.267,0.62,us,10.08,7.216,0.077,49
52.7516,-167.7368,35.0,3.7,19,173.0,0.669,0.91,us,4.31,1.976,0.126,16
30.0948,-135.9731,10.0,4.3,199,57.0,13.167,0.93,us,11.21,1.833,0.033,263
-5.8617,-81.0816,32.602,4.2,27,175.0,2.511,0.6,us,12.06,9.088,0.124,18
52.9957,160.9178,31.774,4.5,25,137.0,1.371,0.76,us,9.13,5.242,0.156,12
51.3546,159.589,10.0,4.2,32,168.0,1.768,1.0,us,6.21,1.958,0.118,20
1.7192,126.4493,48.937,4.8,55,90.0,3.146,0.62,us,7.78,7.773,0.054,108
-1.1202,127.4825,10.0,4.3,11,89.0,1.883,0.74,us,8.37,1.967,0.237,5
54.6496,160.6447,89.559,4.7,117,79.0,2.013,0.77,us,6.72,5.256,0.034,260
22.8791,94.4717,99.301,4.8,94,64.0,4.817,0.71,us,9.03,6.922,0.056,100
29.2619,129.4963,10.0,5.0,91,65.0,2.387,0.85,us,5.53,1.821,0.031,329
52.6271,160.8772,10.0,4.1,26,137.0,1.409,0.75,us,11.35,1.919,0.14,15
-57.85,157.672,34.726,4.6,32,100.0,3.434,0.4,us,13.45,2.423,0.112,24
26.5855,129.5422,10.0,4.1,18,91.0,1.163,0.68,us,4.44,1.784,0.158,11
-16.3051,-73.8752,24.142,4.5,48,105.0,3.95,0.63,us,8.74,5.554,0.088,41
-2.7764,28.6988,10.0,4.7,53,99.0,2.97,0.69,us,9.74,1.874,0.081,46
15.8846,146.8056,48.577,4.4,59,131.0,1.17,0.74,us,11.83,6.835,0.077,49
49.1596,156.5101,28.085,4.9,88,121.0,4.024,0.63,us,10.05,5.386,0.03,352
51.1533,159.2446,35.0,4.4,35,222.0,1.909,0.65,us,10.44,1.98,0.092,34
-9.0215,117.0613,10.0,4.2,12,102.0,0.732,0.39,us,6.48,1.932,0.216,7
52.4948,160.7915,38.703,4.9,108,117.0,1.405,0.66,us,9.2,6.844,0.04,198
52.3954,160.1722,52.759,4.6,39,176.0,1.119,0.6,us,9.34,8.671,0.086,40
-26.3858,-177.7972,196.517,4.4,76,127.0,9.419,0.7,us,13.84,6.193,0.068,62
12.1239,-86.6872,121.963,4.8,139,147.0,0.43,0.82,us,6.03,5.266,0.043,165
38.4427,142.1787,28.908,4.7,145,112.0,2.497,0.64,us,7.94,4.458,0.051,118
-22.001,-175.6772,73.286,4.9,38,123.0,7.215,0.96,us,15.14,6.469,0.109,29
52.3982,160.1575,43.492,4.6,48,137.0,1.111,0.81,us,8.57,5.673,0.079,50
-33.1025,-178.8044,35.0,5.0,53,82.0,5.037,0.67,us,11.44,1.873,0.086,46
51.8763,152.8394,413.902,4.3,87,121.0,3.216,0.68,us,11.64,7.985,0.036,217
-14.906,167.2372,112.225,4.6,71,64.0,0.539,0.62,us,5.27,5.422,0.05,121
2.9164,127.1219,36.612,4.2,30,128.0,2.438,1.11,us,12.88,7.126,0.11,23
54.9804,164.8223,10.0,4.1,35,164.0,4.136,0.72,us,14.59,1.952,0.103,26
50.284,158.3323,10.0,4.8,132,95.0,2.75,0.75,us,8.72,1.852,0.05,123
-49.3328,124.9223,10.0,4.2,15,139.0,17.364,0.32,us,14.38,1.95,0.141,14
-2.0333,138.9557,35.0,4.9,31,73.0,0.957,0.59,us,4.68,1.889,0.104,29
-22.3438,171.5008,126.548,4.6,27,114.0,3.759,0.68,us,10.1,8.509,0.125,20
50.3652,159.5367,10.0,4.2,33,135.0,2.719,0.96,us,12.03,1.92,0.116,21
30.6058,57.7005,10.0,4.1,26,90.0,5.792,0.64,us,15.13,1.917,0.097,29
-37.7097,176.1683,286.641,4.4,73,48.0,0.529,1.03,us,7.0,5.576,0.079,57
50.0968,159.704,10.0,4.3,23,225.0,3.004,1.05,us,11.56,1.972,0.138,15
8.9418,-40.5029,10.0,4.6,23,71.0,12.636,0.78,us,6.88,1.883,0.126,19
-8.9372,124.2452,72.183,4.2,9,143.0,0.813,0.74,us,12.04,9.687,0.235,5
51.7423,160.6156,10.0,4.1,17,126.0,1.76,0.75,us,8.34,1.918,0.135,15
41.2916,142.346,51.965,5.0,124,123.0,0.944,0.47,us,4.64,6.017,0.053,113
27.8174,56.7028,10.0,4.4,55,76.0,2.895,0.62,us,9.3,1.89,0.079,46
23.9828,122.4187,39.0,4.3,35,87.0,0.725,1.07,us,4.45,8.847,0.133,16
-17.9457,-178.4226,564.849,4.6,45,95.0,2.565,0.89,us,9.43,9.444,0.092,35
59.8337,-30.0607,10.0,4.5,40,104.0,6.391,0.66,us,9.58,1.905,0.101,30
12.9724,40.9803,10.0,4.3,34,123.0,2.32,0.64,us,5.38,1.916,0.116,21
52.5349,160.6137,10.0,4.4,32,122.0,1.289,0.31,us,7.83,1.896,0.12,20
52.3759,-175.802,222.406,3.9,69,100.0,0.323,0.5,us,12.33,6.293,0.093,31
-7.5549,128.4844,144.105,4.2,17,114.0,4.708,0.56,us,6.65,8.71,0.159,11
-23.4451,179.9704,559.83,4.3,52,89.0,5.949,0.44,us,14.18,5.737,0.1,28
35.4105,141.059,34.941,4.5,47,137.0,2.511,0.82,us,7.55,6.425,0.109,25
51.8344,-175.1966,60.492,3.6,36,189.0,0.594,0.59,us,9.65,9.117,0.092,30
48.6128,157.2859,10.0,4.4,92,134.0,4.5,0.48,us,9.88,1.898,0.057,89
-56.0013,-27.6013,105.358,4.5,29,100.0,5.38,0.36,us,13.21,9.396,0.102,28
-12.0976,166.8112,341.269,4.2,24,159.0,8.747,0.39,us,18.28,8.54,0.118,20
49.7119,157.2208,35.0,4.1,37,134.0,3.414,0.68,us,10.39,1.944,0.103,26
-18.1334,-178.3603,519.086,4.4,46,131.0,2.722,0.83,us,14.93,7.648,0.066,67
-17.7009,-176.4748,593.912,4.1,21,171.0,4.155,0.79,us,14.28,15.616,0.135,16
-14.8999,66.9493,10.0,4.2,18,78.0,5.916,0.65,us,13.74,1.888,0.159,11
-21.9912,-68.7137,117.67,4.3,27,64.0,0.527,0.93,us,5.51,4.761,0.16,11
6.3252,125.8064,130.338,4.2,19,102.0,0.773,1.04,us,10.74,6.994,0.152,12
32.9882,102.963,10.0,4.5,115,66.0,3.022,0.62,us,6.45,1.64,0.055,100
29.3846,129.2979,10.0,4.8,29,108.0,2.341,0.69,us,6.2,1.658,0.101,31
2.7831,95.8988,10.0,4.4,9,133.0,3.023,0.51,us,16.19,1.964,0.269,4
42.3166,142.9403,59.96,4.5,136,66.0,0.342,0.62,us,6.87,5.196,0.046,136
52.583,159.8435,35.0,4.6,33,119.0,0.848,1.14,us,8.55,1.738,0.103,28
39.578,143.3881,10.0,4.3,32,137.0,2.152,0.57,us,7.52,1.916,0.126,18
52.8571,160.5243,41.146,4.1,72,134.0,1.147,0.43,us,11.07,7.419,0.073,56
-47.7754,116.1502,10.0,4.1,12,159.0,14.854,0.73,us,12.63,1.9,0.158,11
7.234,127.0011,64.971,5.1,55,115.0,1.42,0.83,us,9.54,7.71,0.079,52
38.0063,72.4454,111.81,4.2,41,140.0,0.308,0.62,us,5.38,4.382,0.122,19
-21.0279,169.7037,116.658,4.5,35,111.0,2.624,0.49,us,10.08,6.978,0.096,32
51.8592,158.1767,75.026,4.1,25,159.0,1.201,0.83,us,11.56,9.228,0.131,16
35.5092,22.589,56.728,4.4,46,134.0,1.75,0.6,us,6.77,6.422,0.084,41
-59.1008,-25.6874,116.763,4.6,30,104.0,7.654,0.49,us,15.24,4.9,0.122,20
52.3334,160.7508,10.0,4.2,15,164.0,1.454,1.31,us,10.83,1.928,0.187,8
40.847,141.0069,84.239,4.3,43,88.0,0.072,0.99,us,10.12,2.26,0.094,32
51.8525,160.4306,10.0,4.9,34,137.0,1.601,0.63,us,10.96,1.922,0.125,20
52.9664,159.7556,57.486,5.0,116,107.0,0.671,0.96,us,7.9,5.252,0.028,397
51.2802,159.4809,10.0,4.4,28,221.0,1.819,1.02,us,8.16,1.965,0.12,20
-24.2137,179.9664,520.375,4.4,25,140.0,6.68,0.5,us,17.54,11.226,0.112,23
9.4621,94.0031,10.0,4.3,28,181.0,5.12,0.33,us,7.78,1.925,0.119,20
14.7315,-94.1948,10.0,4.5,148,155.0,2.115,0.64,us,7.88,1.91,0.047,132
52.0455,159.0606,52.131,4.5,46,226.0,1.011,0.7,us,10.0,8.07,0.089,37
51.3015,161.2126,10.0,4.1,44,167.0,2.338,0.84,us,12.22,1.962,0.097,29
-58.767,-24.9017,10.0,4.5,41,83.0,7.82,0.48,us,11.33,1.873,0.091,35
6.1014,94.9925,10.0,4.6,63,65.0,2.13,0.6,us,5.69,1.712,0.077,50
52.0204,159.5786,71.934,4.4,25,138.0,1.154,0.88,us,10.1,7.042,0.12,20
-17.9522,-178.1792,557.575,4.1,22,83.0,2.763,0.37,us,15.44,10.668,0.127,17
60.5211,-140.059,5.0,3.6,42,57.0,0.437,1.2,us,3.15,1.232,0.287,3
51.8154,-167.2162,10.0,3.8,43,184.0,1.533,0.72,us,6.7,1.956,0.131,15
-10.7121,166.0714,167.65,4.4,33,139.0,4.834,0.77,us,13.47,8.461,0.105,26
-5.8843,131.3178,23.781,4.4,15,131.0,1.952,0.88,us,11.26,7.521,0.179,9
26.4733,96.8381,10.0,4.2,27,121.0,5.531,0.85,us,13.62,1.945,0.124,18
-18.235,-178.0515,585.429,4.2,42,133.0,3.019,0.65,us,11.67,8.852,0.099,28
-22.2016,-68.8202,120.811,4.5,46,45.0,0.562,1.04,us,3.56,4.877,0.096,32
29.3982,129.4199,10.0,4.5,41,108.0,2.285,0.98,us,7.14,1.85,0.09,36
-20.0198,66.1558,10.0,4.3,13,95.0,2.635,0.49,us,9.16,1.88,0.2,8
50.2431,159.0915,10.0,4.4,36,134.0,2.798,0.45,us,10.11,1.898,0.108,25
-31.6409,-69.4685,109.83,4.2,22,64.0,0.687,0.98,us,4.21,7.783,0.237,5
-34.803,-109.2545,10.0,4.7,42,113.0,7.62,0.68,us,12.33,1.886,0.086,41
34.1626,73.6281,10.0,4.4,22,153.0,4.243,1.08,us,10.66,1.926,0.143,14
52.4359,159.9524,74.601,4.6,37,165.0,1.526,1.18,us,6.84,8.095,0.103,28
28.2571,52.2639,10.0,3.9,7,101.0,4.829,0.73,us,9.89,1.979,0.296,4
50.0075,157.8292,10.0,4.4,36,133.0,3.063,0.7,us,10.17,1.902,0.066,66
29.3263,129.5778,10.0,4.7,45,110.0,2.303,0.6,us,6.85,1.879,0.061,88
41.0497,49.066,65.45,4.0,24,73.0,1.716,0.74,us,8.27,10.063,0.102,26
51.5426,160.0946,10.0,4.4,35,182.0,1.728,0.76,us,8.98,1.942,0.101,28
52.3646,158.8843,64.315,4.6,41,121.0,0.675,0.82,us,8.55,7.413,0.09,37
51.9517,160.8726,10.0,4.1,14,217.0,1.732,0.93,us,7.21,1.992,0.213,7
53.413,159.4168,77.024,4.2,10,137.0,1.076,0.44,us,13.82,8.163,0.199,7
21.8711,119.6383,10.0,4.6,42,99.0,1.633,0.65,us,6.75,1.89,0.092,35
29.1634,129.4221,10.0,4.3,24,109.0,2.502,0.45,us,7.73,1.906,0.178,9
51.5481,161.2063,10.0,4.2,22,129.0,2.156,0.6,us,9.17,1.883,0.166,10
53.6861,160.5009,50.581,4.8,183,115.0,1.293,0.62,us,3.55,6.623,0.043,164
49.7666,157.604,10.0,4.5,41,134.0,3.326,0.42,us,11.75,1.895,0.093,34
51.3626,160.3989,10.0,4.0,28,168.0,1.981,0.77,us,10.83,1.915,0.123,18
52.9033,160.477,43.072,4.3,23,165.0,1.112,0.94,us,13.0,9.866,0.147,13
29.1427,66.5577,10.0,4.5,98,87.0,5.787,0.55,us,9.62,1.836,0.066,68
-12.137,67.5774,10.0,4.2,18,230.0,6.717,0.28,us,11.0,1.875,0.152,13
52.2253,160.7007,10.0,4.5,46,152.0,1.484,0.87,us,9.24,1.929,0.096,32
42.0641,-126.2604,10.0,3.5,36,265.0,1.817,0.96,us,10.23,2.02,0.221,5
-19.4395,-69.5259,96.593,4.2,15,128.0,0.387,0.52,us,5.56,4.763,0.176,9
52.1162,159.7255,65.246,4.3,46,138.0,1.121,0.89,us,11.44,7.875,0.089,36
-57.1362,-67.2125,10.0,4.7,24,146.0,2.222,0.56,us,14.89,1.964,0.127,19
-3.7733,127.8626,10.0,4.9,40,46.0,4.458,0.87,us,7.36,1.891,0.11,26
52.4513,160.8208,10.0,4.4,28,176.0,1.439,0.68,us,11.05,1.958,0.126,18
-18.7742,-177.5931,622.495,4.7,91,86.0,3.688,0.69,us,12.41,6.67,0.07,63
52.7173,-173.0902,217.735,3.4,34,150.0,0.76,0.56,us,15.39,11.3,0.136,13
51.9156,158.0088,85.977,4.2,38,137.0,1.177,0.83,us,10.2,7.514,0.105,25
14.0767,147.0095,10.0,4.4,26,155.0,1.647,0.59,us,8.22,1.932,0.134,16
7.1728,126.9407,58.939,4.8,38,96.0,1.355,0.81,us,10.06,6.776,0.116,23
-32.5658,-66.8056,162.116,4.4,55,81.0,1.551,0.92,us,7.04,6.304,0.112,23
42.7471,146.4196,35.0,4.0,20,134.0,2.525,1.02,us,7.4,1.662,0.144,13
31.705,141.8724,10.0,4.9,105,121.0,2.238,0.66,us,8.93,1.866,0.05,126
52.1473,160.5472,10.0,4.3,26,191.0,1.453,0.99,us,10.34,1.962,0.126,19
49.9024,156.2146,55.955,4.2,27,138.0,3.342,0.71,us,12.84,8.429,0.128,17
3.7252,127.3883,47.66,4.2,26,107.0,2.151,0.62,us,7.35,8.612,0.124,18
29.3167,129.4731,10.0,4.5,49,111.0,2.343,0.9,us,8.0,1.89,0.074,53
-4.415,139.4276,9.028,3.9,18,124.0,0.572,0.46,us,4.25,5.083,0.155,13
52.2758,161.193,10.0,4.2,16,123.0,1.721,0.85,us,6.3,1.911,0.158,11
52.587,160.5846,32.647,4.3,52,137.0,1.826,0.83,us,12.43,6.265,0.083,41
29.2848,129.559,10.0,4.9,59,121.0,2.348,1.2,us,7.03,1.856,0.04,197
48.5102,155.027,57.12,4.1,19,137.0,4.905,0.45,us,13.07,7.226,0.145,13
4.7975,94.7268,39.583,4.6,81,65.0,2.253,0.57,us,8.64,7.009,0.071,59
-23.4864,-179.9512,535.212,4.6,47,69.0,6.01,1.07,us,13.65,7.48,0.086,40
52.7348,-168.3029,35.0,4.4,30,198.0,0.411,0.69,us,4.26,1.93,0.269,4
52.3084,160.3714,31.272,4.9,36,123.0,1.813,0.61,us,8.17,4.88,0.108,27
51.5493,160.6557,10.0,4.4,35,138.0,1.923,0.62,us,10.4,1.92,0.102,28
51.5242,159.3836,33.65,4.5,83,130.0,1.568,0.69,us,10.02,5.801,0.065,70
41.0788,142.8297,42.891,4.1,17,153.0,0.967,0.54,us,7.46,9.248,0.174,9
52.7606,160.7728,10.0,4.3,44,143.0,1.313,0.59,us,9.78,1.954,0.094,32
51.471,-179.5967,63.121,4.3,144,180.0,0.496,0.77,us,6.68,5.812,0.053,100
54.7858,160.1692,10.0,4.2,33,109.0,1.982,0.41,us,12.18,1.936,0.075,50
1.1208,97.0034,10.0,4.0,9,220.0,0.6,0.82,us,4.44,1.959,0.259,5
40.4573,52.8519,10.0,4.2,31,70.0,4.806,0.61,us,10.54,1.933,0.106,25
11.203,124.0679,10.0,4.7,46,88.0,4.37,0.81,us,10.83,1.904,0.093,35
52.6224,159.6677,48.87,4.3,52,120.0,0.737,0.76,us,8.21,6.077,0.083,41
52.3274,161.0499,10.0,4.5,14,232.0,1.619,0.87,us,9.79,1.971,0.163,11
2.9503,126.4907,72.855,4.2,23,122.0,2.038,0.76,us,8.11,9.909,0.131,16
12.9247,40.2398,10.0,4.2,33,154.0,2.9,0.72,us,9.69,1.943,0.11,23
-7.2885,129.1976,134.863,4.3,23,50.0,5.298,1.37,us,7.29,11.19,0.177,9
1.6654,127.3281,139.451,4.6,67,79.0,0.888,0.64,us,7.19,6.272,0.065,71
50.0735,156.3061,56.934,4.4,51,131.0,11.076,0.56,us,13.39,8.188,0.088,37
37.317,71.1647,95.663,4.3,45,144.0,1.443,0.69,us,6.9,5.53,0.103,27
-22.8719,-179.4342,535.764,4.4,41,93.0,9.65,0.82,us,15.78,10.13,0.086,39
16.3594,-97.9939,32.37,4.6,92,138.0,0.655,1.31,us,5.85,6.26,0.035,245
52.7913,160.6171,35.0,4.4,73,170.0,1.214,0.67,us,12.11,1.965,0.059,82
17.8827,120.8943,10.0,4.6,74,101.0,4.913,0.62,us,11.36,1.898,0.067,67
-1.2913,-80.8907,10.0,4.6,40,170.0,1.602,0.8,us,8.13,1.924,0.07,62
-8.9813,123.9429,89.944,4.6,44,77.0,0.833,1.18,us,8.96,7.257,0.087,39
50.9121,-178.9089,10.0,3.9,46,210.0,0.645,1.11,us,4.85,1.456,0.069,55
51.2483,159.3828,10.0,4.1,22,142.0,1.834,1.05,us,11.88,1.944,0.127,17
50.0903,157.3962,10.0,5.3,141,71.0,3.028,1.04,us,7.8,1.736,0.023,632
51.1875,159.7868,10.0,4.4,27,125.0,1.968,1.38,us,8.84,1.94,0.13,19
-26.1558,-179.9183,484.859,4.1,31,110.0,3.565,0.76,us,15.65,5.72,0.12,19
51.6635,160.0305,10.0,4.8,74,135.0,1.604,0.81,us,10.7,1.899,0.062,80
-5.4173,154.1918,130.321,4.6,63,100.0,2.36,1.02,us,9.0,7.362,0.063,75
48.9808,156.1301,35.0,4.3,29,138.0,4.25,0.86,us,6.13,1.937,0.129,18
-17.8095,168.1927,25.311,4.4,18,125.0,2.533,0.76,us,8.78,5.898,0.149,13
-27.5046,-179.5827,485.493,4.0,27,169.0,9.955,0.44,us,15.84,12.472,0.119,20
-17.7597,-178.0375,476.548,4.4,31,121.0,2.787,0.37,us,17.8,15.879,0.112,23
50.2468,158.3374,10.0,4.4,26,133.0,2.787,0.71,us,6.38,1.927,0.12,20
51.4918,159.5325,35.0,4.7,29,128.0,1.627,1.29,us,8.63,1.934,0.123,20
-18.1429,168.3484,56.676,4.4,18,150.0,2.896,1.08,us,8.34,9.098,0.169,13
54.6579,-160.4966,10.081,4.0,40,188.0,0.554,0.75,us,3.51,6.079,0.231,5
-21.3336,170.8309,177.097,4.3,20,214.0,3.389,0.67,us,15.47,10.412,0.129,18
-22.5694,173.1224,10.0,4.4,11,209.0,5.245,1.37,us,17.57,1.972,0.189,8
-11.5634,166.2988,115.859,4.3,32,145.0,3.959,0.61,us,9.39,8.35,0.113,22
53.0947,160.9131,28.999,4.2,40,134.0,1.368,0.61,us,13.34,6.624,0.099,28
-28.147,63.0684,10.0,4.5,21,78.0,14.74,0.74,us,13.31,1.876,0.156,13
-32.6436,-177.9727,10.0,4.4,15,251.0,5.777,0.73,us,9.67,1.99,0.179,9
51.9883,160.3935,10.0,4.3,39,123.0,1.487,0.93,us,9.38,1.914,0.113,24
12.2024,95.3077,10.0,4.8,46,69.0,4.391,0.84,us,7.47,1.624,0.1,31
34.5946,140.4511,96.05,4.1,23,137.0,1.568,0.73,us,9.87,8.161,0.139,14
27.4432,102.9337,10.0,4.2,41,94.0,6.408,0.36,us,10.6,1.91,0.096,32
49.0132,158.0894,10.0,4.5,46,138.0,4.031,0.39,us,10.0,1.9,0.092,35
41.0148,51.8809,53.722,4.2,41,134.0,2.641,0.88,us,10.16,10.756,0.084,39
19.1898,121.2637,29.92,4.9,83,105.0,3.614,1.02,us,9.8,5.475,0.051,119
60.39,-139.505,5.0,4.2,30,88.0,0.475,0.73,us,2.91,1.95,0.215,7
7.6856,-82.2567,10.0,4.6,41,248.0,2.676,0.79,us,9.75,2.004,0.046,141
40.9025,83.7133,10.0,4.2,19,118.0,3.413,1.12,us,8.1,1.976,0.2,7
-32.8172,-70.8678,78.377,4.1,37,77.0,0.272,0.65,us,5.21,6.214,0.213,6
50.0186,159.539,10.0,5.1,111,88.0,3.06,0.87,us,9.17,1.811,0.027,457
50.1614,158.9455,10.0,4.4,39,134.0,2.872,0.79,us,9.87,1.905,0.098,30
-20.7635,-177.9014,497.256,4.3,59,101.0,4.86,0.6,us,13.15,6.939,0.07,61
24.2501,125.2549,28.258,4.4,43,80.0,0.939,0.79,us,7.4,6.033,0.112,23
49.2429,156.3237,36.446,4.9,66,134.0,3.966,0.94,us,9.88,7.13,0.043,172
-57.6504,-8.7007,10.0,4.4,11,118.0,14.287,0.51,us,15.55,1.193,0.17,10
51.6222,158.2141,50.272,4.4,30,125.0,1.429,1.04,us,9.74,8.261,0.123,19
50.9849,158.6593,35.0,5.4,61,81.0,2.042,0.57,us,6.5,1.634,0.092,40
-20.8221,-178.7479,588.62,4.4,29,139.0,4.301,0.57,us,17.17,13.969,0.12,22
52.7083,161.1113,19.308,4.7,71,120.0,1.525,0.91,us,7.12,3.983,0.053,107
-6.4242,128.1732,381.771,4.0,24,68.0,5.09,0.47,us,6.23,10.62,0.173,9
43.4728,147.9039,44.501,4.4,41,134.0,3.787,0.54,us,12.98,8.205,0.088,37
52.182,160.3766,10.0,4.2,43,146.0,1.349,0.83,us,9.51,1.914,0.093,32
18.4417,145.5618,210.383,4.3,73,102.0,3.19,1.05,us,7.24,7.438,0.062,75
-57.7983,157.68,10.0,4.4,34,102.0,3.383,1.01,us,12.02,1.927,0.104,27
12.4391,-89.3216,10.0,4.3,56,192.0,1.32,0.62,us,5.7,1.967,0.081,44
43.0205,150.1351,10.0,4.4,21,136.0,5.254,0.67,us,11.28,1.583,0.155,12
20.7067,95.9036,10.0,4.3,26,158.0,3.492,0.53,us,9.84,1.907,0.148,14
53.3119,160.7704,35.0,5.1,72,95.0,1.309,0.79,us,8.56,1.87,0.039,214
-21.702,-68.3037,117.885,4.5,73,75.0,0.877,0.94,us,7.02,7.011,0.069,62
23.9572,122.5406,10.0,4.5,53,89.0,0.665,0.56,us,3.18,1.886,0.096,32
52.3877,161.6361,10.0,4.5,93,120.0,1.925,0.5,us,6.83,1.87,0.057,91
-14.8344,168.2071,10.0,4.5,14,223.0,1.145,0.95,us,11.46,1.98,0.204,8
7.4751,127.2201,10.0,4.3,29,68.0,1.677,1.02,us,8.35,1.902,0.119,20
-16.5308,-177.4235,422.761,4.0,20,114.0,3.076,0.98,us,16.36,9.633,0.129,16
-54.3952,5.4974,10.0,5.0,33,97.0,17.714,0.46,us,12.58,1.882,0.115,24
29.1796,87.0157,10.0,5.0,73,73.0,3.624,0.75,us,7.3,1.476,0.044,165
-16.8082,-174.0809,120.117,4.3,62,111.0,4.239,0.68,us,10.23,5.195,0.074,51
52.8032,160.7971,10.0,4.8,84,110.0,1.319,0.51,us,8.86,1.88,0.064,77
-20.0652,-70.2102,58.421,4.1,26,140.0,0.996,0.88,us,5.17,9.736,0.14,14
21.9585,119.7862,10.0,4.9,65,93.0,1.471,0.73,us,6.93,1.881,0.046,149
39.4839,143.3279,10.0,4.2,16,203.0,2.17,0.94,us,6.59,1.98,0.2,7
54.5304,-160.4077,35.0,4.3,72,157.0,0.563,0.99,us,3.01,1.943,0.133,16
-38.8867,175.1505,234.813,4.6,47,49.0,0.387,0.95,us,6.5,2.608,0.097,32
51.7149,159.7649,10.0,4.3,23,135.0,1.478,0.72,us,5.55,1.935,0.111,23
-20.7789,-178.4451,577.053,4.5,77,136.0,4.478,0.59,us,13.24,6.454,0.072,56
52.8339,160.9304,10.0,4.8,88,128.0,1.393,0.94,us,7.89,1.78,0.04,188
-16.2769,-177.683,10.0,4.3,16,273.0,2.835,0.72,us,8.31,1.998,0.148,13
48.5106,155.3889,10.0,4.9,79,106.0,4.83,0.85,us,10.45,1.836,0.051,124
-3.3547,144.9897,10.0,5.3,56,86.0,2.708,0.48,us,5.64,1.85,0.081,52
49.0048,155.8154,35.0,4.4,40,135.0,4.277,1.23,us,11.24,1.937,0.112,23
-60.0663,-62.3619,10.0,5.7,54,95.0,7.641,0.64,us,8.88,1.493,0.06,101
44.4951,150.1575,10.0,4.2,26,207.0,5.442,0.4,us,16.21,2.002,0.124,18
-10.7356,41.3686,10.0,4.4,36,52.0,4.308,0.47,us,8.93,1.878,0.108,25
52.5887,160.8157,35.0,4.5,28,131.0,1.385,0.41,us,13.63,1.942,0.111,24
50.227,-179.392,10.0,3.6,60,198.0,1.378,0.57,us,5.92,1.962,0.089,32
-21.5935,170.3771,103.078,4.4,23,208.0,2.901,0.84,us,5.34,9.505,0.126,19
-14.2239,-72.8924,84.332,4.2,34,119.0,4.444,0.73,us,8.74,7.929,0.097,30
-23.8942,179.6029,568.441,4.5,32,138.0,6.288,0.71,us,14.52,12.74,0.108,25
-6.3364,125.7979,514.693,4.3,22,69.0,3.355,0.87,us,13.06,9.805,0.16,11
51.9743,159.0236,64.883,4.4,12,213.0,1.075,0.62,us,11.7,7.515,0.179,9
52.5855,160.6502,29.419,4.3,34,121.0,1.291,0.75,us,7.83,5.069,0.116,21
54.4878,-159.8641,35.0,3.2,25,159.0,0.379,0.84,us,2.73,1.993,0.215,5
52.6281,160.6657,35.978,4.2,17,137.0,1.286,0.74,us,10.58,8.644,0.166,10
-34.4679,-70.387,10.0,4.1,26,91.0,0.459,1.14,us,2.12,1.904,0.185,8
28.9134,51.4598,10.0,4.2,36,73.0,5.792,1.11,us,6.11,1.794,0.1,28
52.0585,178.4925,157.232,3.7,36,131.0,0.114,0.82,us,14.96,10.175,0.097,27
49.8779,156.0447,80.031,4.9,225,102.0,3.396,0.56,us,9.68,6.308,0.039,205
-19.9832,-177.9319,558.673,4.4,32,195.0,4.328,0.51,us,18.79,11.352,0.107,25
-30.6608,-71.6774,21.946,4.2,31,148.0,0.039,1.19,us,4.28,3.237,0.187,8
-20.7057,-68.7581,128.91,4.5,25,61.0,0.673,0.88,us,6.5,6.241,0.115,22
-14.801,-174.5932,233.96,4.4,19,179.0,2.865,0.56,us,13.48,10.138,0.13,17
-13.7434,-76.9046,10.0,4.4,32,178.0,1.746,0.7,us,9.87,1.973,0.155,12
51.9947,160.701,10.0,4.0,14,137.0,1.623,0.75,us,11.38,1.931,0.231,7
-31.8934,-70.7405,93.273,4.1,32,96.0,0.249,0.43,us,4.74,4.604,0.157,11
51.9079,158.904,62.834,4.0,24,163.0,1.128,0.48,us,10.4,7.718,0.129,16
52.1919,160.1743,34.0,4.8,60,137.0,1.248,1.17,us,5.64,5.681,0.08,51
7.147,126.8402,64.234,5.0,89,77.0,1.254,0.8,us,7.96,4.986,0.047,142
-3.2878,-77.9048,99.569,4.0,28,143.0,1.578,0.85,us,9.66,9.703,0.113,21
-15.8374,166.9705,10.0,4.1,8,146.0,0.448,0.17,us,6.38,1.892,0.369,2
52.9883,160.5348,10.0,4.8,59,118.0,1.14,0.67,us,9.47,1.87,0.08,48
11.0423,123.8836,10.0,4.5,53,73.0,4.288,0.53,us,8.89,1.839,0.088,38
64.5469,-39.8663,10.0,4.1,18,139.0,4.245,0.54,us,8.0,1.556,0.145,13
49.7286,158.5829,10.0,4.2,30,136.0,3.3,0.83,us,10.16,1.705,0.128,18
50.9466,158.3248,42.979,4.4,38,129.0,2.09,1.02,us,11.02,8.132,0.107,25
6.3054,127.2913,10.0,4.3,13,90.0,1.862,0.95,us,8.08,1.947,0.238,6
4.573,-73.3233,10.0,4.2,8,114.0,1.03,1.16,us,8.52,1.983,0.215,6
52.0221,160.4813,35.0,4.2,24,135.0,1.503,0.6,us,11.62,1.943,0.141,14
13.1316,124.1919,85.683,4.9,93,55.0,6.176,0.8,us,8.92,6.554,0.045,152
-4.605,144.8992,205.996,4.2,26,105.0,4.674,0.42,us,8.49,7.49,0.12,19
31.3589,140.9594,53.822,4.6,69,113.0,2.002,0.53,us,10.47,7.822,0.074,55
52.8786,161.0827,10.0,5.1,18,129.0,1.479,0.53,us,11.16,1.926,0.147,15
51.138,159.7792,10.0,4.9,39,207.0,2.013,0.91,us,11.05,1.955,0.095,35
50.9774,158.4049,35.0,4.8,194,107.0,2.055,0.6,us,6.15,1.884,0.041,179
50.4064,158.0205,10.0,4.1,26,132.0,2.65,0.7,us,11.38,1.924,0.131,16
26.9904,-44.3588,10.0,4.5,36,131.0,21.984,0.49,us,13.18,1.914,0.102,28
-7.9184,123.5927,224.048,4.0,18,76.0,1.519,0.73,us,9.11,6.5,0.21,6
41.9114,144.5307,33.632,4.8,156,102.0,1.03,0.5,us,7.02,4.909,0.042,174
-23.4418,170.7281,10.0,4.4,17,117.0,3.133,0.79,us,8.3,1.725,0.17,10
27.6641,139.8924,484.318,4.3,81,82.0,2.115,0.64,us,8.42,8.653,0.038,204
-20.4745,-175.3687,173.019,4.9,26,104.0,5.309,1.35,us,14.9,13.978,0.109,26
40.6139,78.8172,10.0,4.9,92,50.0,1.351,0.79,us,6.5,1.128,0.051,122
18.1793,121.4718,125.483,4.7,78,58.0,4.629,1.07,us,9.92,7.292,0.071,61
-9.9894,154.1088,10.0,4.2,11,173.0,10.677,0.34,us,13.72,1.96,0.216,8
-38.5674,175.6741,151.908,4.1,24,58.0,0.471,0.37,us,4.89,3.03,0.166,10
6.5568,126.4848,77.178,4.4,33,116.0,1.034,0.61,us,7.05,9.087,0.117,21
50.2153,158.0272,10.0,5.1,77,125.0,2.839,0.92,us,9.43,1.877,0.033,288
32.3382,56.224,10.0,4.1,15,127.0,7.366,1.13,us,14.5,1.979,0.114,23
-2.842,139.3141,38.481,5.0,54,88.0,1.297,0.8,us,6.26,0.841,0.077,54
-58.926,-26.2034,126.3,5.5,121,38.0,7.335,0.56,us,8.83,4.108,0.054,120
-24.8265,179.8495,529.804,4.2,25,191.0,7.243,0.69,us,14.89,11.892,0.125,19
-26.2725,178.4833,606.122,4.4,35,123.0,8.496,0.69,us,12.93,5.194,0.096,54
-17.746,-178.6377,548.026,4.4,52,103.0,2.285,0.73,us,13.05,3.339,0.095,32
-21.9662,-179.5547,600.289,4.3,21,208.0,4.765,0.66,us,22.71,15.223,0.138,18
37.3638,145.058,10.0,4.2,15,156.0,4.621,0.7,us,10.81,1.908,0.215,6
14.6384,145.9817,127.319,4.5,22,152.0,0.62,1.0,us,12.85,7.009,0.135,16
-3.22,148.9694,10.0,5.1,26,82.0,1.983,1.03,us,8.05,1.891,0.125,21
56.1117,163.392,41.521,4.1,20,115.0,4.146,0.47,us,12.44,9.854,0.145,13
51.9253,158.2265,78.742,4.4,35,162.0,1.228,0.62,us,11.27,8.726,0.117,21
50.6793,159.1171,10.0,4.1,24,187.0,2.365,0.87,us,12.3,1.972,0.124,18
40.2919,143.9546,10.0,4.4,17,147.0,1.824,0.63,us,7.34,1.95,0.169,12
11.9988,-89.3955,10.0,4.2,20,209.0,1.761,0.88,us,6.94,1.991,0.146,13
-10.1947,161.1338,51.588,4.4,26,170.0,1.39,1.09,us,5.12,6.995,0.13,17
29.0675,86.7312,10.0,4.2,32,97.0,3.889,0.78,us,5.18,1.9,0.088,36
16.354,-92.8733,208.454,4.4,60,110.0,0.711,0.62,us,8.39,6.205,0.072,55
27.1196,140.2645,440.762,4.3,52,97.0,1.711,0.78,us,12.24,7.105,0.051,108
-29.6153,-72.058,21.928,4.3,28,145.0,0.774,0.87,us,3.72,6.169,0.307,3
50.6833,158.1511,27.675,4.7,134,88.0,2.364,0.79,us,8.39,5.359,0.05,121
21.2512,94.8814,126.343,4.0,20,79.0,4.526,0.44,us,12.71,8.427,0.144,13
50.9418,158.6839,35.0,4.5,28,227.0,2.085,0.44,us,12.92,1.981,0.145,15
15.4713,-93.09,106.866,4.2,20,163.0,0.898,0.68,us,6.2,6.754,0.374,2
52.0699,160.165,27.4,4.4,36,134.0,1.33,0.57,us,11.02,5.624,0.094,33
49.9351,156.0616,70.767,4.4,79,130.0,3.338,0.67,us,10.8,7.32,0.066,67
-22.3676,-65.8268,270.762,4.8,95,59.0,2.249,0.97,us,9.02,6.93,0.03,347
35.5223,139.9827,106.374,4.5,52,136.0,1.761,0.61,us,7.57,7.065,0.076,51
34.8172,70.8104,8.988,5.3,87,47.0,1.414,0.64,us,8.52,3.76,0.036,264
-21.7185,-179.4396,598.632,4.4,53,177.0,4.605,0.73,us,15.49,9.31,0.082,43
-8.135,-74.4482,156.869,4.4,60,107.0,1.773,0.82,us,8.04,7.37,0.07,62
3.3383,-82.799,10.0,4.4,19,166.0,4.441,1.15,us,9.89,1.96,0.162,11
51.9383,159.4489,35.0,4.2,29,124.0,1.192,0.55,us,9.81,1.951,0.11,23
-41.7988,-83.9195,10.0,5.3,59,138.0,10.123,0.93,us,8.17,1.771,0.037,240
-14.6367,-71.7839,124.435,4.3,13,147.0,3.677,0.32,us,12.23,12.734,0.177,9
-23.298,-177.1322,185.588,4.5,58,122.0,7.132,0.85,us,14.32,7.956,0.066,67
50.5041,157.9105,35.0,4.4,35,131.0,2.564,0.82,us,10.39,1.94,0.084,41
3.0404,-31.3941,10.0,4.9,58,62.0,9.892,0.47,us,4.63,1.85,0.081,47
13.4191,50.7436,10.0,4.4,43,142.0,6.274,0.79,us,11.89,1.92,0.095,32
-53.742,140.0773,10.0,4.5,15,132.0,19.042,0.45,us,15.35,1.96,0.145,14
-18.8013,-171.8211,10.0,4.6,18,155.0,1.813,0.76,us,11.55,1.937,0.141,15
-25.5645,179.6055,519.439,4.4,30,136.0,9.044,0.72,us,15.2,11.494,0.109,24
35.9579,-10.1769,10.0,4.0,14,157.0,3.497,0.98,us,7.85,1.956,0.365,2
52.4597,160.7178,10.0,4.3,126,121.0,1.378,0.64,us,7.48,1.865,0.051,115
-21.1239,-68.6028,130.609,4.1,16,101.0,0.83,0.61,us,5.72,6.844,0.261,4
-18.3904,-177.9348,542.938,4.2,70,77.0,3.199,0.67,us,9.63,7.597,0.072,53
-18.8558,169.376,257.339,4.2,84,85.0,4.151,0.7,us,10.45,7.75,0.064,68
-24.5207,-67.5714,178.807,4.2,23,95.0,1.658,1.25,us,9.43,11.438,0.187,8
5.7139,123.9966,520.692,4.4,78,35.0,1.769,0.65,us,10.94,7.338,0.072,56
-28.4498,-68.9984,94.818,4.5,30,46.0,1.596,0.97,us,6.72,7.73,0.131,17
51.24,157.3795,53.658,4.0,17,223.0,1.882,0.55,us,15.8,12.061,0.156,11
14.1676,147.2017,10.0,4.2,16,97.0,1.728,0.66,us,7.09,1.931,0.199,7
1.059,125.7479,72.046,4.4,32,56.0,0.985,0.57,us,6.59,7.679,0.124,19
18.4923,94.6762,47.453,4.9,134,63.0,2.145,0.51,us,7.52,6.572,0.052,118
-20.5024,-177.8381,532.426,4.7,81,69.0,7.582,0.58,us,12.6,7.902,0.061,86
45.5092,150.7402,64.387,4.4,25,174.0,5.723,0.94,us,14.41,8.265,0.143,14
51.291,158.7914,35.987,5.3,109,73.0,1.737,0.76,us,7.23,5.474,0.022,659
51.4763,159.8618,41.581,4.3,19,144.0,1.719,0.54,us,10.99,6.85,0.119,20
6.6378,125.059,14.506,4.2,11,135.0,0.671,0.71,us,5.81,5.884,0.2,7
-4.6005,153.9176,120.306,4.3,17,199.0,1.908,0.69,us,6.65,10.204,0.142,14
52.9218,160.7749,10.0,4.5,30,127.0,1.289,0.91,us,7.65,1.893,0.103,28
19.8745,121.273,25.101,4.6,40,105.0,2.934,0.99,us,9.19,6.324,0.111,24
50.763,158.9827,10.0,4.1,23,131.0,2.273,0.68,us,6.71,1.916,0.14,16
-60.1114,-18.6513,10.0,5.2,73,49.0,13.209,0.64,us,11.89,1.601,0.066,77
51.8385,159.5442,35.0,5.2,43,117.0,1.307,0.51,us,9.52,1.927,0.118,24
52.2582,159.7259,50.987,4.2,21,166.0,1.009,0.75,us,10.43,8.301,0.152,12
16.3022,-59.6409,10.0,4.5,50,150.0,1.36,0.76,us,7.18,1.919,0.104,27
10.0457,125.8534,87.356,4.7,60,114.0,2.969,0.68,us,10.6,7.251,0.054,104
51.9546,-175.4017,75.311,3.5,42,176.0,0.325,0.54,us,8.58,7.258,0.095,27
-4.4077,153.5025,123.265,4.2,13,260.0,1.352,0.34,us,10.93,13.584,0.186,8
24.6278,94.8742,109.15,4.4,53,126.0,3.406,0.76,us,9.67,8.81,0.085,40
-9.2994,123.793,102.266,4.5,34,100.0,0.651,0.81,us,9.35,7.949,0.11,24
51.3292,159.5839,10.0,4.9,79,205.0,1.792,0.58,us,10.43,1.953,0.062,82
-17.5274,-16.221,10.0,5.0,57,51.0,9.707,0.72,us,9.41,0.926,0.065,76
52.9044,160.8382,10.0,4.2,19,190.0,1.329,0.73,us,8.66,1.984,0.152,12
53.0776,161.041,10.0,4.5,45,165.0,1.444,0.76,us,9.9,1.921,0.077,50
1.0561,125.534,72.012,4.6,77,64.0,0.794,0.88,us,5.7,6.28,0.055,101
-4.7965,153.1888,66.556,4.0,28,122.0,6.423,0.81,us,11.03,7.098,0.108,23
51.1096,159.6483,10.0,4.3,21,164.0,2.013,0.81,us,10.55,1.962,0.153,12
39.3974,143.4498,10.0,4.4,52,137.0,2.298,0.53,us,4.48,1.899,0.096,35
53.4061,6.6807,5.0,3.8,25,83.0,2.979,1.11,us,6.8,1.985,0.295,3
51.2463,157.8629,58.287,6.0,121,72.0,1.845,0.96,us,11.18,6.932,0.023,692
29.689,129.9032,78.512,4.7,62,119.0,1.875,0.85,us,7.87,7.325,0.046,140
43.3943,147.7436,45.258,4.2,27,192.0,3.65,0.7,us,11.88,10.461,0.121,19
-7.3832,123.8029,559.942,4.1,34,64.0,2.401,0.83,us,11.38,7.259,0.15,13
9.126,126.8851,10.0,4.4,19,137.0,2.418,0.88,us,10.07,1.91,0.149,13
52.1376,161.1123,10.0,4.1,10,199.0,2.296,0.76,us,13.04,1.999,0.185,9
52.299,160.5772,10.0,4.9,128,117.0,1.38,1.11,us,8.16,1.871,0.038,249
51.8385,159.1797,35.0,5.5,123,94.0,1.23,0.87,us,7.56,1.833,0.021,774
7.2969,127.3462,10.0,4.5,39,58.0,1.768,0.81,us,7.4,1.865,0.102,28
36.8549,68.8945,10.0,4.4,54,111.0,1.811,1.04,us,6.42,1.912,0.092,36
11.7644,143.2277,10.0,4.7,25,128.0,2.419,0.77,us,6.02,1.919,0.091,37
52.3215,160.4911,10.0,4.7,40,153.0,1.323,0.75,us,9.17,1.9,0.067,68
-8.8999,-79.3322,56.381,4.4,34,138.0,3.925,1.16,us,10.16,7.665,0.127,18
0.8821,92.7848,10.0,4.8,42,55.0,4.808,0.78,us,9.92,1.868,0.107,27
51.4566,158.0741,79.5,4.4,52,126.0,1.609,0.86,us,10.04,7.092,0.064,69
51.5455,158.3152,62.264,4.7,14,137.0,1.494,0.88,us,12.02,6.486,0.147,14
27.5427,139.8854,486.645,4.3,125,47.0,2.093,0.58,us,10.87,7.79,0.052,107
1.7337,-102.3149,10.0,4.3,22,165.0,16.155,0.61,us,8.06,1.959,0.123,19
10.4238,121.8659,10.0,4.3,17,136.0,6.188,1.25,us,14.51,1.942,0.187,8
-10.1696,113.9017,10.0,4.7,34,117.0,1.707,1.06,us,8.11,1.916,0.088,39
-6.2371,151.4888,10.0,4.7,20,154.0,2.141,0.52,us,13.4,1.909,0.091,40
38.3902,119.3497,10.0,4.5,38,111.0,2.956,0.69,us,6.47,1.875,0.089,37
-21.6177,-68.623,135.912,4.2,16,88.0,0.602,0.7,us,6.78,5.852,0.236,5
52.6444,160.4965,35.0,4.3,27,147.0,1.183,0.82,us,9.55,1.956,0.133,16
-31.0509,-72.6317,10.0,4.4,31,146.0,0.936,0.77,us,4.66,1.517,0.203,7
30.1914,51.8503,10.0,4.9,86,62.0,6.498,1.14,us,7.93,1.887,0.069,66
-15.0065,-172.984,10.0,4.7,23,109.0,1.596,1.08,us,7.08,1.905,0.142,15
51.6708,159.9679,10.0,4.3,19,218.0,1.578,0.87,us,7.28,1.97,0.168,10
54.4719,-159.8452,36.302,3.9,36,208.0,0.39,0.75,us,5.36,5.008,0.148,12
49.4111,154.816,106.074,4.4,65,134.0,4.121,0.47,us,11.5,8.083,0.054,100
51.2113,159.4212,10.0,4.3,24,211.0,1.876,0.73,us,6.1,1.969,0.129,17
51.3628,156.931,10.0,4.5,27,125.0,1.811,1.35,us,8.87,1.865,0.124,19
1.6371,123.0396,10.0,4.6,22,70.0,2.317,0.96,us,8.53,1.907,0.152,13
-2.1266,120.6903,10.0,4.2,15,139.0,0.574,1.08,us,5.72,1.934,0.215,6
8.0677,58.8411,10.0,4.4,69,104.0,16.971,0.44,us,11.23,1.881,0.075,56
51.9229,161.136,10.0,4.6,10,126.0,1.878,1.14,us,8.8,1.938,0.222,6
51.436,159.9191,26.47,4.4,26,126.0,1.771,0.9,us,7.87,4.626,0.123,19
-22.8289,-112.3636,10.0,4.5,93,68.0,5.085,0.59,us,10.51,1.857,0.06,88
-41.3503,-75.3033,10.0,4.4,24,141.0,2.049,0.75,us,9.03,1.922,0.144,14
-11.1036,165.5075,10.0,4.5,14,143.0,4.622,0.92,us,9.51,1.966,0.181,9
83.2412,-32.7761,10.0,4.3,37,83.0,2.684,1.09,us,8.69,1.902,0.089,39
50.6741,157.6954,35.0,4.5,109,130.0,2.426,0.69,us,9.62,1.916,0.055,96
-34.887,78.6878,10.0,4.9,65,59.0,33.29,0.45,us,12.84,1.825,0.079,51
49.8726,156.0011,83.27,4.4,35,138.0,9.276,0.38,us,13.51,7.866,0.102,28
-15.7813,-75.2486,10.0,4.2,13,148.0,4.076,0.57,us,13.26,1.93,0.263,4
52.795,160.1798,35.0,5.0,130,100.0,0.954,0.63,us,7.95,1.858,0.023,606
11.9242,143.6677,10.0,4.4,36,142.0,2.028,0.91,us,10.98,1.92,0.104,27
28.0769,139.8114,424.572,4.0,103,57.0,2.322,0.75,us,10.82,7.366,0.058,88
-32.5071,-71.4842,70.373,4.3,34,135.0,0.532,0.34,us,3.49,4.918,0.154,12
13.8852,145.2884,120.493,4.1,23,150.0,0.503,0.44,us,10.88,7.533,0.123,18
-35.243,-105.9731,10.0,5.1,77,40.0,8.584,0.57,us,11.01,1.758,0.04,206
52.2495,160.422,25.376,4.3,25,123.0,1.868,0.99,us,10.14,6.38,0.142,14
51.9301,159.5625,35.0,5.1,47,125.0,1.229,0.87,us,9.19,1.931,0.119,23
45.8853,148.546,183.077,4.1,116,93.0,4.143,0.56,us,6.72,6.686,0.055,100
50.255,159.0845,10.0,4.3,25,134.0,2.786,1.21,us,10.66,1.908,0.148,14
13.21,50.9393,10.0,4.1,18,144.0,8.081,0.35,us,15.88,1.942,0.165,10
52.2902,160.5002,10.0,4.9,34,67.0,1.345,0.62,us,6.96,1.854,0.122,21
-24.2017,-67.3635,180.855,4.2,29,54.0,1.452,0.72,us,9.89,11.895,0.236,5
34.9173,104.5187,10.0,4.3,26,147.0,1.235,0.84,us,8.01,1.916,0.148,13
-2.421,139.0541,41.582,4.4,28,75.0,1.023,1.17,us,6.26,5.012,0.109,24
-14.3933,167.1544,171.538,4.2,26,111.0,1.049,1.08,us,13.05,7.801,0.125,19
39.3432,72.9033,10.0,4.1,33,130.0,0.866,1.15,us,3.0,1.937,0.14,14
51.22,159.3297,10.0,4.8,75,134.0,1.854,0.84,us,10.44,1.895,0.061,83
33.4025,142.3802,10.0,4.5,29,150.0,2.169,0.55,us,6.93,1.759,0.145,14
50.2005,157.3356,43.805,4.6,55,120.0,2.921,0.91,us,10.13,6.943,0.045,150
52.2749,159.5159,69.945,4.4,25,179.0,0.917,0.53,us,12.67,9.197,0.103,27
51.5593,178.4709,76.527,4.0,62,176.0,0.378,0.65,us,6.28,5.556,0.069,56
3.0244,-31.2871,10.0,4.8,40,52.0,20.447,0.81,us,12.59,1.875,0.094,35
51.6418,159.8988,10.0,4.4,26,138.0,1.582,1.22,us,10.21,1.936,0.127,18
-3.7996,118.683,10.0,4.2,25,95.0,1.336,1.01,us,6.89,1.901,0.141,14
52.1314,-169.8992,26.216,4.2,75,141.0,0.663,0.98,us,5.57,5.365,0.07,58
1.3857,125.7798,65.736,5.0,102,83.0,3.338,1.16,us,6.8,6.544,0.059,91
-21.085,-68.6888,129.227,4.2,29,61.0,0.747,0.82,us,5.63,4.331,0.14,14
52.1915,159.6795,35.0,4.7,58,123.0,1.043,1.07,us,7.64,1.915,0.059,88
-56.3242,-25.8462,10.0,4.4,23,180.0,6.412,0.87,us,14.86,1.972,0.131,23
3.7501,126.8317,35.171,4.8,37,71.0,1.665,1.24,us,5.83,8.732,0.109,27
37.8687,144.0451,10.0,4.6,72,126.0,3.721,0.68,us,8.56,1.896,0.081,45
51.8192,159.6849,43.904,4.6,93,126.0,1.363,0.58,us,9.05,7.004,0.058,90
39.7192,142.2656,56.172,4.4,53,134.0,1.41,0.8,us,7.11,5.95,0.095,33
51.4088,158.3431,18.877,4.3,26,126.0,1.628,0.86,us,10.35,5.734,0.129,17
51.6098,159.5587,23.56,5.0,39,122.0,1.522,0.66,us,10.06,6.075,0.077,54
-25.0496,-68.7605,93.553,4.4,30,71.0,0.761,0.7,us,7.64,6.486,0.124,19
-5.3708,133.6391,10.0,4.5,24,66.0,2.739,1.03,us,7.41,1.932,0.139,15
58.8008,-31.4532,10.0,4.9,74,85.0,7.649,0.8,us,10.4,1.844,0.053,112
46.3314,149.8499,10.0,4.4,41,130.0,4.922,0.65,us,12.74,1.908,0.099,29
7.3874,126.8234,75.105,4.2,16,158.0,1.274,0.65,us,10.24,8.909,0.159,11
14.497,146.9481,10.0,4.4,18,101.0,1.337,1.01,us,7.13,1.909,0.179,11
36.5754,70.7776,126.714,4.1,46,91.0,2.203,0.93,us,6.83,8.654,0.135,16
5.6485,61.4693,10.0,4.2,21,243.0,23.501,0.85,us,18.48,2.011,0.141,14
51.8831,159.094,66.013,4.7,44,119.0,1.174,0.68,us,9.99,7.488,0.092,36
10.5024,126.4064,10.0,4.4,18,145.0,5.805,0.85,us,10.05,1.836,0.17,10
50.3316,158.6584,10.0,4.7,87,138.0,2.696,0.74,us,10.14,1.898,0.069,65
-49.8823,110.742,10.0,4.4,14,145.0,17.613,1.07,us,14.39,1.9,0.179,11
53.179,160.2709,10.0,4.2,14,174.0,0.99,1.23,us,11.07,1.961,0.153,12
49.1003,155.3503,93.959,4.1,17,144.0,4.277,0.98,us,13.57,10.274,0.166,10
-2.3082,138.9779,45.4,4.4,46,76.0,0.94,0.66,us,6.15,7.01,0.092,34
52.6874,160.6056,23.958,4.3,45,118.0,1.233,1.11,us,10.35,6.149,0.084,40
-51.5341,138.8301,10.0,4.5,26,94.0,12.46,0.41,us,13.16,1.93,0.112,23
34.711,32.3738,10.0,4.2,22,161.0,0.826,0.98,us,6.03,1.949,0.141,14
18.5166,145.6365,192.659,4.3,24,142.0,3.261,0.88,us,13.08,9.496,0.122,19
-39.1601,179.8726,10.0,4.4,23,161.0,2.015,0.85,us,7.73,1.948,0.179,9
0.0347,98.1087,10.0,4.2,15,199.0,2.764,0.51,us,12.1,1.975,0.186,8
51.5178,160.2287,10.0,4.9,16,220.0,2.225,0.79,us,11.74,1.994,0.128,19
52.339,160.7464,19.625,4.3,36,122.0,1.449,0.35,us,10.43,5.472,0.083,41
52.8182,160.7089,35.0,4.2,31,119.0,1.263,0.87,us,6.24,1.924,0.101,27
-35.3807,-105.7786,10.0,5.0,64,143.0,8.772,1.0,us,12.2,1.893,0.073,60
-22.7353,-68.5873,123.317,4.4,20,70.0,0.434,0.62,us,5.17,4.211,0.143,14
25.4627,141.9557,64.321,4.3,13,148.0,1.639,1.31,us,15.02,10.217,0.201,8
53.2543,160.8739,31.802,4.2,27,136.0,1.36,1.19,us,12.3,6.292,0.107,24
-24.0011,-66.9945,167.671,4.3,70,54.0,1.508,1.01,us,7.56,7.071,0.067,63
7.3875,127.4028,10.0,4.1,12,99.0,1.837,0.81,us,8.25,1.931,0.214,8
49.897,157.3324,35.0,4.4,44,129.0,3.224,0.64,us,8.89,1.913,0.1,29
-7.914,108.1714,80.713,4.6,43,82.0,0.684,0.67,us,6.72,5.156,0.094,34
51.1853,160.0947,10.0,4.2,15,236.0,2.045,0.99,us,11.56,1.993,0.159,11
54.5204,-159.8354,35.0,4.4,52,151.0,1.333,0.78,us,6.25,1.949,0.075,52
50.3111,159.0682,10.0,5.2,97,45.0,2.729,0.81,us,9.15,1.772,0.022,692
24.6729,94.8973,10.0,4.4,31,124.0,3.451,0.6,us,10.25,1.914,0.12,20
52.8221,160.7552,10.0,4.6,100,119.0,1.29,0.68,us,8.59,1.883,0.057,91
14.6936,-94.5322,10.0,4.7,41,194.0,1.859,1.35,us,6.22,1.978,0.102,29
-4.2865,102.4076,69.631,4.4,33,168.0,0.551,0.53,us,10.25,6.158,0.117,24
43.1447,146.5868,36.519,4.8,71,132.0,2.773,0.59,us,8.15,7.233,0.051,118
-56.0995,-26.3115,72.491,4.7,45,124.0,6.106,0.68,us,11.95,5.941,0.123,22
-26.879,-176.0819,10.0,4.2,18,105.0,9.613,1.04,us,10.47,1.908,0.132,17
51.1233,158.738,29.535,4.2,59,135.0,1.904,0.76,us,11.72,6.318,0.066,65
52.6537,160.9446,10.0,4.5,51,120.0,1.44,1.35,us,9.88,1.899,0.074,53
52.2617,160.6691,19.962,4.2,27,124.0,1.448,1.37,us,10.15,2.802,0.108,24
39.7797,143.3081,37.034,4.2,26,155.0,1.991,0.73,us,7.5,8.767,0.175,11
51.0955,157.9959,55.324,5.1,208,99.0,1.973,0.56,us,8.89,5.084,0.043,173
-38.5158,175.6405,204.275,4.0,30,60.0,0.527,1.21,us,6.11,5.176,0.149,12
26.6088,141.9373,10.0,4.4,16,151.0,0.533,0.84,us,6.24,1.948,0.179,11
-14.4624,-76.4447,10.0,4.5,50,139.0,2.49,0.76,us,9.43,1.908,0.084,41
-20.4833,-178.0259,529.987,4.7,59,99.0,4.6,0.7,us,11.02,8.529,0.078,50
51.3064,159.3758,37.033,4.8,69,132.0,1.777,0.87,us,10.73,7.082,0.06,86
13.5274,120.7937,196.71,4.4,47,113.0,13.894,0.67,us,11.59,5.297,0.092,41
52.8311,159.6597,68.279,4.7,131,130.0,0.641,0.64,us,9.91,6.611,0.051,115
51.415,159.5968,10.0,4.2,29,128.0,1.713,0.82,us,10.23,1.886,0.11,23
52.4484,160.8817,10.0,4.4,21,207.0,1.474,0.51,us,7.91,2.002,0.139,15
53.101,160.7831,29.886,4.1,19,180.0,1.29,1.02,us,10.11,8.345,0.158,14
29.3161,129.4202,10.0,4.6,34,121.0,2.361,0.72,us,9.33,1.89,0.105,28
51.7865,160.554,10.0,4.4,35,192.0,2.192,0.62,us,11.43,1.956,0.107,25
38.45,73.6981,129.332,4.1,29,137.0,0.344,0.59,us,5.21,8.014,0.175,9
-52.7147,18.8986,10.0,4.5,13,134.0,20.37,0.77,us,17.7,1.931,0.164,11
1.3424,128.5157,10.0,4.6,36,84.0,3.51,0.83,us,7.46,1.846,0.107,26
52.0187,160.6424,21.572,4.5,25,176.0,1.579,0.93,us,13.75,6.995,0.107,26
14.1402,-89.8738,10.0,4.3,58,125.0,0.254,1.0,us,8.86,1.975,0.083,41
13.4046,51.2208,10.0,4.2,14,180.0,8.388,1.03,us,8.47,1.963,0.237,5
54.4732,-159.6897,18.124,3.5,64,157.0,0.363,0.71,us,4.45,3.138,0.188,7
49.9576,157.2624,10.0,4.3,48,166.0,3.167,0.6,us,12.09,1.95,0.078,47
-5.5987,150.9891,60.101,4.4,28,140.0,1.648,0.59,us,11.29,6.294,0.117,21
-60.2346,-62.0414,10.0,5.1,58,117.0,4.651,0.78,us,11.21,1.871,0.075,57
-58.0601,-25.9461,79.256,4.2,16,98.0,16.627,0.66,us,13.75,5.418,0.137,15
-3.0414,135.9861,63.734,4.2,18,104.0,1.495,0.65,us,8.36,10.527,0.142,14
30.9115,77.3908,15.386,4.4,39,119.0,7.829,0.82,us,14.28,4.824,0.108,25
31.6267,141.7888,10.0,4.2,32,126.0,2.235,0.76,us,10.01,1.9,0.124,18
51.6948,160.2336,10.0,4.5,17,127.0,1.647,1.05,us,10.39,1.92,0.156,12
-26.6899,-176.2602,35.0,4.6,17,176.0,33.693,0.49,us,15.65,1.97,0.129,18
-17.4718,-172.2452,10.0,5.0,34,75.0,2.72,1.23,us,10.05,1.868,0.056,104
2.8062,92.2105,10.0,4.4,55,70.0,5.302,0.62,us,7.29,1.709,0.079,46
-5.5624,150.9183,94.546,4.9,82,67.0,1.666,0.77,us,7.78,5.678,0.069,67
36.4089,142.5801,10.0,4.5,37,135.0,3.525,0.84,us,8.22,1.902,0.116,22
9.8723,-70.7667,10.0,4.4,24,105.0,0.991,0.87,us,6.14,1.817,0.219,6
-23.6315,-179.0609,393.102,4.1,29,116.0,6.45,0.81,us,9.17,7.784,0.117,20
18.3705,-80.1087,10.0,4.2,43,50.0,2.45,0.97,us,6.83,1.855,0.115,22
-56.4211,-26.6734,89.205,4.4,24,105.0,5.994,0.59,us,15.74,7.412,0.18,9
16.3136,40.8407,10.0,4.4,28,105.0,3.838,0.85,us,10.84,1.862,0.117,21
51.0898,159.345,10.0,4.9,40,201.0,1.984,1.33,us,10.68,1.95,0.091,38
-23.2561,-179.7899,545.564,4.6,32,111.0,6.79,0.97,us,13.49,5.504,0.103,28
-24.2496,-68.0327,112.499,4.1,25,91.0,1.299,1.06,us,7.5,3.522,0.198,7
50.9723,159.3056,10.0,4.4,15,251.0,2.358,0.29,us,14.38,1.991,0.17,10
36.6426,115.6142,10.0,4.5,50,72.0,3.399,0.61,us,8.06,0.742,0.1,29
7.7554,126.7636,64.549,4.9,56,57.0,1.358,0.93,us,6.08,6.091,0.052,115
-6.8041,125.2238,543.723,4.2,40,74.0,3.081,0.54,us,13.61,5.662,0.104,28
54.4797,-160.273,35.005,4.0,61,154.0,0.531,0.61,us,4.84,8.816,0.13,17
51.0066,158.1956,35.0,4.2,25,122.0,2.039,0.73,us,12.54,1.934,0.128,18
31.3221,138.4064,364.323,4.4,138,55.0,2.149,0.65,us,8.3,7.236,0.049,125
-15.4349,67.0469,10.0,4.4,30,60.0,5.545,0.78,us,12.34,1.866,0.115,22
12.8918,-89.2348,52.717,4.1,28,179.0,0.866,1.05,us,4.84,13.442,0.094,31
-17.0648,167.9348,23.559,4.4,22,159.0,1.755,0.58,us,10.27,6.584,0.134,16
37.7919,144.1058,11.08,4.9,97,88.0,3.811,0.69,us,8.37,4.429,0.046,146
51.2727,158.5086,35.0,4.3,27,171.0,1.756,0.74,us,10.75,1.987,0.122,19
53.6945,160.2765,65.528,4.4,89,156.0,1.184,0.42,us,9.02,7.61,0.038,194
-18.0949,-178.4275,633.755,4.3,49,120.0,2.648,0.64,us,14.66,9.41,0.08,44
53.2245,160.3688,45.096,5.2,154,108.0,1.055,0.68,us,9.38,6.757,0.029,396
42.9957,144.5661,121.102,4.1,44,134.0,1.43,0.54,us,9.96,8.186,0.104,27
-19.1418,168.564,62.778,4.3,19,146.0,3.608,0.65,us,10.61,8.923,0.16,14
52.7985,160.6553,10.0,4.5,73,112.0,1.235,0.85,us,10.08,1.887,0.056,93
30.3092,50.2483,10.0,4.0,30,103.0,5.998,0.76,us,7.8,1.844,0.164,13
41.8774,87.9952,10.0,4.5,50,112.0,6.012,1.01,us,11.25,1.909,0.095,32
-18.2148,168.1202,52.373,4.3,14,157.0,4.147,0.47,us,12.07,9.713,0.178,9
50.1406,155.9698,91.91,4.1,29,137.0,3.161,0.52,us,11.0,8.364,0.127,17
3.1981,127.0838,35.0,4.4,20,105.0,2.211,0.59,us,8.43,1.801,0.154,13
3.3758,-82.9263,10.0,4.8,71,146.0,4.571,0.67,us,8.19,1.834,0.074,56
-18.5347,-177.8323,618.605,4.2,54,109.0,3.363,0.65,us,13.01,4.73,0.044,143
23.8578,121.8828,15.621,4.5,40,72.0,0.41,1.16,us,2.71,3.859,0.1,29
51.707,160.2022,10.0,4.3,23,137.0,1.626,1.03,us,9.21,1.881,0.129,17
15.2311,146.0652,62.592,4.5,31,95.0,0.264,0.53,us,9.09,5.682,0.113,23
-57.8235,157.5935,10.0,4.2,16,109.0,3.417,0.38,us,15.27,1.929,0.16,11
-4.4676,153.5383,108.916,4.6,44,115.0,1.398,0.69,us,9.54,7.78,0.082,46
50.2465,159.1104,10.0,4.3,28,134.0,2.796,0.81,us,5.9,1.889,0.142,15
48.964,156.0534,43.397,5.0,82,129.0,4.278,0.65,us,9.76,7.052,0.063,80
52.501,160.244,33.703,4.4,57,175.0,1.101,0.5,us,11.3,7.772,0.046,136
38.9786,141.3484,66.321,4.1,22,149.0,1.822,0.88,us,9.08,9.548,0.214,8
-4.6311,104.7303,193.05,4.9,85,63.0,0.743,0.88,us,7.48,1.061,0.064,77
-22.8178,-68.4882,110.59,4.2,42,53.0,0.315,1.23,us,6.52,5.202,0.092,33
51.7412,159.1298,50.729,4.3,88,138.0,1.317,0.6,us,8.25,7.007,0.061,76
-14.0908,167.1696,133.799,4.2,16,127.0,6.989,0.7,us,15.36,6.435,0.167,11
37.2945,36.9665,10.0,4.1,31,69.0,0.229,0.78,us,2.85,1.906,0.174,9
19.3068,-109.146,10.0,4.0,39,193.0,1.763,1.34,us,10.86,1.98,0.101,26
52.2614,160.3235,10.0,4.8,78,123.0,1.274,0.86,us,9.17,1.892,0.05,125
55.4542,166.3641,10.0,4.7,98,91.0,5.138,0.67,us,8.6,1.874,0.034,266
9.4274,126.5176,35.0,4.4,36,102.0,2.52,0.47,us,10.22,1.934,0.086,39
-21.3015,-66.6905,227.673,4.7,34,55.0,2.145,0.86,us,8.76,8.289,0.104,28
31.5172,-115.6079,5.0,4.2,39,86.0,0.477,1.26,us,1.46,1.846,0.091,34
15.6626,122.1174,39.471,4.9,72,105.0,7.184,0.63,us,10.3,7.648,0.072,61
52.3209,160.1882,32.502,4.6,75,91.0,1.707,0.79,us,6.64,3.6,0.066,69
21.7329,95.7478,10.0,4.0,37,108.0,4.431,0.53,us,10.47,1.917,0.106,24
53.6202,160.0204,68.065,4.2,51,143.0,1.017,0.41,us,10.9,8.358,0.082,41
18.6747,120.637,28.121,4.7,53,118.0,4.143,1.0,us,12.14,5.902,0.077,51
51.7073,158.8994,35.0,4.6,49,154.0,1.327,0.41,us,8.36,1.942,0.099,30
52.2837,160.7069,35.0,4.4,36,123.0,2.008,0.7,us,9.99,1.93,0.094,33
-6.1184,147.6197,68.815,4.2,15,130.0,3.297,0.62,us,5.99,12.188,0.175,9
52.33,162.1056,10.0,4.0,35,135.0,2.216,0.68,us,12.15,1.912,0.113,21
6.7319,-72.9212,156.469,4.1,79,145.0,2.335,0.66,us,12.15,7.684,0.064,66
-6.4244,103.6124,35.0,4.7,45,159.0,1.607,0.82,us,7.87,1.946,0.098,32
-1.2122,98.5369,10.0,4.4,16,192.0,2.678,1.07,us,7.95,1.843,0.202,7
-18.3753,-69.6443,119.906,4.2,18,85.0,0.662,0.75,us,5.95,4.717,0.136,15
52.5984,160.7032,10.0,4.5,42,130.0,1.317,1.01,us,8.21,1.889,0.075,52
39.9544,143.5608,10.0,4.9,165,119.0,2.081,0.56,us,7.99,1.868,0.04,195
1.6029,127.2081,99.575,4.0,35,89.0,3.556,0.78,us,10.0,7.708,0.11,23
13.8675,39.9046,10.0,4.3,40,96.0,3.693,0.81,us,9.57,1.921,0.1,28
11.5957,-87.3782,44.982,4.4,79,150.0,2.078,0.63,us,9.19,8.755,0.066,69
