latitude,longitude,depth,mag,nst,gap,dmin,rms,net,horizontalError,depthError,magError,magNst
12.9664,145.5158,10.0,4.5,39,149.0,0.884,0.84,us,8.18,1.906,0.104,27
10.9734,-62.3724,93.251,4.5,83,84.0,1.35,0.63,us,6.84,5.437,0.056,93
-2.1741,138.8715,35.0,4.8,48,67.0,0.844,0.85,us,6.57,1.903,0.082,46
53.8999,-166.6306,5.871,3.7,38,91.0,0.037,0.55,us,4.17,6.038,0.29,3
53.413,159.4168,77.024,4.2,10,137.0,1.076,0.44,us,13.82,8.163,0.199,7
40.8139,143.0055,44.87,4.0,29,142.0,1.205,1.22,us,6.32,8.366,0.125,17
37.9653,144.0844,10.0,4.6,48,138.0,3.664,0.59,us,9.05,1.908,0.107,26
-34.9169,-110.9538,10.0,4.4,30,173.0,30.194,0.73,us,11.1,1.838,0.103,27
-6.3016,128.0976,355.026,4.2,58,41.0,5.114,0.71,us,7.58,8.857,0.093,36
50.0007,159.5453,10.0,4.2,16,208.0,3.078,0.27,us,11.38,1.998,0.177,9
53.255,159.8222,66.188,4.4,94,121.0,0.743,0.64,us,9.48,6.328,0.055,95
39.6117,139.4794,11.854,4.6,83,122.0,1.69,0.58,us,7.55,4.202,0.07,61
65.8887,-37.49,10.0,4.3,51,97.0,5.383,0.7,us,5.08,1.908,0.078,47
39.3391,114.4477,10.0,4.6,49,96.0,1.494,0.57,us,9.1,1.89,0.073,56
-4.9586,106.671,377.131,4.4,81,42.0,1.206,0.75,us,8.62,5.712,0.071,57
-21.4726,-68.5154,144.143,4.2,20,52.0,1.002,1.14,us,6.68,8.469,0.2,7
-6.1681,149.9136,54.478,4.7,119,32.0,2.98,0.65,us,6.33,3.418,0.057,97
51.7826,-173.525,14.738,3.8,37,141.0,0.591,1.06,us,5.06,5.912,0.127,16
49.5168,157.24,10.0,4.5,56,185.0,3.608,0.54,us,12.21,1.949,0.085,41
-13.9153,34.6102,10.0,4.6,36,65.0,6.363,0.71,us,9.78,1.9,0.125,19
8.6216,123.0774,10.0,4.8,40,96.0,2.919,0.82,us,9.58,1.85,0.109,27
52.2588,160.5209,24.102,4.1,17,137.0,1.917,1.08,us,11.37,6.73,0.145,13
50.5782,160.0052,10.0,4.3,55,125.0,2.589,0.72,us,8.43,1.901,0.081,43
5.747,125.9377,162.82,4.6,90,64.0,1.106,0.93,us,7.08,6.149,0.047,134
-57.8283,157.5009,10.0,4.5,22,139.0,3.434,0.56,us,15.2,1.96,0.14,15
-18.0235,-178.3686,597.909,4.0,35,73.0,2.652,0.42,us,15.34,8.415,0.129,16
51.0212,-179.8061,35.0,4.5,59,176.0,0.665,0.65,us,4.7,1.928,0.041,177
51.3993,158.7285,18.834,5.0,93,91.0,1.627,0.74,us,8.29,3.891,0.025,527
52.333,160.2423,43.243,4.6,101,143.0,1.191,0.88,us,9.2,7.624,0.051,116
36.5599,71.2843,222.085,4.0,46,96.0,1.994,0.95,us,7.23,7.794,0.134,15
-60.3141,-61.7339,10.0,4.3,18,131.0,4.603,0.59,us,13.74,1.926,0.154,16
73.2204,6.5925,10.0,4.5,68,64.0,5.867,0.67,us,4.08,1.856,0.082,43
52.8644,160.3704,35.0,4.3,15,138.0,1.053,0.78,us,8.09,1.894,0.153,12
-5.6313,148.2276,167.91,4.4,26,69.0,3.666,0.97,us,11.15,7.817,0.126,18
-7.5618,-79.9607,53.72,4.5,60,122.0,5.11,0.44,us,10.66,9.006,0.069,63
-5.7317,148.9108,152.01,4.4,32,80.0,3.411,0.52,us,8.38,8.094,0.112,23
16.354,-92.8733,208.454,4.4,60,110.0,0.711,0.62,us,8.39,6.205,0.072,55
51.874,159.7088,35.0,4.4,26,177.0,1.321,1.07,us,12.41,1.974,0.126,18
-6.4544,131.2977,35.0,4.5,31,93.0,3.637,0.48,us,12.22,1.931,0.11,24
-6.4242,128.1732,381.771,4.0,24,68.0,5.09,0.47,us,6.23,10.62,0.173,9
9.2948,93.9639,10.0,4.6,84,49.0,5.007,0.53,us,9.67,1.856,0.067,66
-6.543,129.9535,145.145,4.4,23,81.0,2.008,0.9,us,9.65,4.674,0.138,15
52.6654,159.2701,43.981,4.8,19,226.0,0.52,0.79,us,8.62,9.197,0.185,9
43.5603,147.7479,35.0,4.9,32,155.0,3.715,1.04,us,8.3,1.811,0.122,21
-24.2027,-179.7977,508.257,4.5,51,117.0,6.732,0.72,us,13.07,7.89,0.087,39
34.6248,70.6489,10.0,4.9,91,61.0,1.254,0.48,us,7.87,1.842,0.044,160
52.2835,160.6646,23.152,4.0,21,152.0,1.434,0.48,us,9.66,7.068,0.196,9
50.6833,158.1511,27.675,4.7,134,88.0,2.364,0.79,us,8.39,5.359,0.05,121
-56.9481,-140.8832,10.0,5.2,41,87.0,27.325,1.08,us,14.49,1.869,0.096,36
-21.5935,170.3771,103.078,4.4,23,208.0,2.901,0.84,us,5.34,9.505,0.126,19
-16.8789,-69.7573,183.72,4.2,25,125.0,0.755,1.07,us,9.61,8.563,0.187,8
0.8435,126.7572,71.965,4.2,14,126.0,0.613,0.89,us,10.64,9.554,0.186,8
51.7074,160.1951,22.427,4.9,95,132.0,1.623,0.88,us,9.55,4.863,0.052,119
29.639,81.421,10.0,4.6,76,45.0,8.445,0.76,us,9.45,1.886,0.076,51
-20.9432,-178.6525,554.416,4.3,49,126.0,4.449,0.63,us,14.25,10.046,0.082,44
-20.3002,-177.8617,523.293,4.2,35,97.0,4.622,0.63,us,13.8,8.704,0.107,24
-0.9033,100.8527,10.0,4.9,52,72.0,3.943,0.87,us,8.51,1.861,0.086,42
-12.7461,166.5623,130.729,4.6,76,63.0,7.276,0.66,us,8.97,5.716,0.069,67
-35.6119,-179.602,10.0,4.4,20,226.0,2.573,1.25,us,10.39,1.921,0.144,14
41.008,142.7964,41.46,4.2,41,134.0,1.042,0.55,us,7.56,8.283,0.102,27
41.0949,43.8586,13.666,4.4,21,89.0,0.176,0.66,us,5.32,3.49,0.13,17
52.7541,160.9642,10.0,4.1,22,117.0,1.428,0.44,us,10.73,1.928,0.114,21
27.1384,-44.6813,10.0,4.4,18,153.0,18.136,0.94,us,12.35,1.916,0.179,11
51.8525,160.4306,10.0,4.9,34,137.0,1.601,0.63,us,10.96,1.922,0.125,20
2.188,124.5973,238.48,4.5,32,86.0,2.677,0.69,us,8.72,7.485,0.124,24
-3.0414,135.9861,63.734,4.2,18,104.0,1.495,0.65,us,8.36,10.527,0.142,14
51.253,159.3271,26.563,4.7,44,135.0,1.822,0.73,us,11.05,6.075,0.083,44
51.4612,157.4403,90.499,4.2,74,171.0,1.657,0.48,us,11.53,7.854,0.066,64
-17.6692,-69.6126,165.68,4.3,20,117.0,0.149,0.85,us,9.5,8.202,0.153,12
43.5668,-28.4232,10.0,4.6,52,124.0,6.201,0.63,us,11.85,1.898,0.083,43
-16.5547,-69.9025,178.966,4.3,28,123.0,1.105,0.76,us,9.67,7.52,0.129,17
-9.6951,122.1727,66.901,4.2,22,74.0,1.055,0.76,us,6.15,8.55,0.146,13
50.1538,158.3695,15.284,4.9,16,134.0,2.879,0.44,us,12.38,5.678,0.229,6
-29.9981,-178.5042,142.344,4.7,18,91.0,0.902,0.93,us,12.39,8.774,0.138,17
36.9108,141.6126,35.0,4.2,27,143.0,2.759,1.03,us,8.03,1.952,0.159,11
50.7794,156.963,87.079,4.3,36,138.0,2.376,0.58,us,12.81,7.806,0.107,25
-1.7993,139.1109,22.998,4.9,91,82.0,1.185,0.83,us,6.05,5.271,0.067,71
49.897,157.3324,35.0,4.4,44,129.0,3.224,0.64,us,8.89,1.913,0.1,29
-20.0941,-69.0459,110.96,4.2,22,64.0,0.111,0.55,us,5.66,4.453,0.167,10
51.9805,160.2649,35.0,4.2,18,217.0,1.437,0.52,us,11.52,1.984,0.153,12
53.0347,161.0127,35.0,4.4,35,199.0,1.427,0.89,us,14.01,1.986,0.112,23
79.1448,3.5506,10.0,4.2,24,125.0,1.622,1.11,us,9.42,1.862,0.128,17
-6.801,129.6699,145.454,4.2,12,80.0,4.634,0.59,us,13.56,6.948,0.175,10
-17.9614,-178.9021,544.976,4.5,35,131.0,2.214,0.69,us,15.46,7.447,0.124,20
-20.1401,66.3055,10.0,4.8,61,59.0,2.788,0.46,us,6.85,1.862,0.079,51
43.4409,131.3792,541.192,4.0,58,73.0,0.877,0.64,us,12.62,9.406,0.077,46
7.3874,126.8234,75.105,4.2,16,158.0,1.274,0.65,us,10.24,8.909,0.159,11
-7.5549,128.4844,144.105,4.2,17,114.0,4.708,0.56,us,6.65,8.71,0.159,11
16.2529,-59.6978,20.822,4.1,29,237.0,1.307,1.0,us,5.9,6.751,0.214,6
0.6016,122.2017,116.082,4.1,27,74.0,1.729,1.08,us,6.9,7.682,0.127,17
48.3624,154.7331,50.021,4.3,31,162.0,5.111,0.66,us,12.47,8.833,0.116,21
50.3673,156.5662,81.153,4.1,27,135.0,2.834,0.62,us,13.15,8.484,0.117,20
0.2561,98.4728,41.103,4.4,29,165.0,1.374,1.08,us,8.58,9.25,0.155,16
-7.7947,108.7198,99.247,4.8,86,54.0,1.111,0.66,us,7.79,5.15,0.059,88
1.2119,128.7123,11.376,4.2,33,77.0,3.276,0.6,us,7.63,4.926,0.118,20
52.9103,159.892,56.599,4.6,40,118.0,0.76,1.1,us,8.38,6.417,0.079,48
49.3942,155.4985,66.436,4.2,30,151.0,3.967,0.69,us,13.27,8.436,0.115,21
-56.2953,-26.8369,76.161,5.2,32,68.0,5.871,0.65,us,11.57,6.885,0.086,44
54.5047,-159.8347,33.397,4.4,59,161.0,0.357,0.82,us,5.05,5.076,0.106,26
40.8936,142.7446,46.719,4.1,38,153.0,1.162,0.7,us,6.49,8.998,0.12,19
-6.6598,148.1933,43.817,4.2,16,134.0,2.913,0.25,us,10.21,14.659,0.176,9
-14.685,167.5855,10.0,4.9,35,54.0,0.843,0.5,us,7.02,1.865,0.098,35
-19.0745,-179.0467,669.556,4.8,54,87.0,2.991,0.95,us,12.85,8.903,0.083,45
51.605,160.6406,10.0,4.2,30,165.0,1.874,0.49,us,7.9,1.9,0.115,21
10.6872,140.9811,10.0,4.3,17,132.0,4.771,0.65,us,8.57,1.917,0.169,12
52.5653,160.8644,10.0,4.1,18,203.0,1.421,0.85,us,9.0,1.996,0.117,20
42.3031,144.5453,37.615,4.6,123,134.0,1.072,0.56,us,8.55,7.318,0.055,99
52.7211,160.2515,34.908,4.0,22,120.0,1.017,0.78,us,10.34,6.328,0.119,19
-34.803,-109.2545,10.0,4.7,42,113.0,7.62,0.68,us,12.33,1.886,0.086,41
21.9585,119.7862,10.0,4.9,65,93.0,1.471,0.73,us,6.93,1.881,0.046,149
0.2614,122.0062,164.366,4.6,78,41.0,1.487,0.64,us,5.17,6.087,0.073,57
51.4099,159.6206,31.562,4.5,40,88.0,1.723,0.7,us,10.16,5.986,0.093,34
-57.7392,157.6493,10.0,5.1,30,94.0,3.328,0.92,us,5.73,1.833,0.122,22
41.0731,75.1541,10.0,4.5,52,86.0,0.107,1.03,us,4.25,1.894,0.097,31
59.8012,-30.1139,10.0,4.3,11,155.0,6.433,0.84,us,10.99,1.991,0.218,6
52.4248,160.4688,35.0,4.9,24,166.0,1.817,0.95,us,11.53,1.971,0.136,17
33.5309,81.8601,10.0,4.2,25,155.0,7.891,0.85,us,11.57,1.936,0.166,10
-55.3529,-27.4001,15.923,4.8,32,67.0,5.363,0.71,us,8.3,5.154,0.1,31
52.5134,160.7669,28.866,4.2,49,116.0,1.384,0.74,us,10.59,6.387,0.086,38
52.4435,160.7698,10.0,4.3,53,163.0,1.414,0.68,us,9.38,1.946,0.086,38
37.0518,136.6567,7.591,4.9,74,57.0,1.341,0.75,us,5.15,4.075,0.035,256
35.5524,140.0125,97.369,4.3,32,106.0,1.764,0.69,us,5.73,8.516,0.125,18
36.8332,71.0559,205.599,4.2,30,185.0,1.863,0.44,us,9.35,9.21,0.146,13
44.5841,149.4032,54.264,4.5,55,135.0,4.906,0.66,us,11.15,7.865,0.068,63
-31.2384,-68.9387,116.914,4.7,40,46.0,0.383,1.19,us,4.46,3.412,0.108,26
53.049,159.9976,53.076,4.5,111,132.0,0.814,0.84,us,9.54,6.926,0.054,103
52.4822,160.2399,49.312,4.7,14,153.0,1.665,0.82,us,12.59,8.143,0.183,9
-17.9963,-178.3069,529.956,4.5,133,41.0,2.685,0.68,us,11.67,6.197,0.047,133
52.6811,160.9531,10.0,4.3,35,164.0,1.438,0.68,us,11.79,1.941,0.094,32
30.6634,51.3301,10.0,4.1,33,75.0,7.145,0.78,us,8.87,1.934,0.114,21
-14.675,166.6608,10.0,5.2,110,39.0,0.929,1.11,us,5.29,2.584,0.036,249
-24.9262,-176.1399,35.0,4.6,16,216.0,8.962,0.67,us,13.97,1.98,0.151,13
29.9125,80.9401,35.0,4.5,21,165.0,8.854,0.96,us,11.87,1.97,0.144,14
36.739,54.7048,10.0,4.6,58,104.0,2.968,1.2,us,6.77,1.876,0.058,88
83.2412,-32.7761,10.0,4.3,37,83.0,2.684,1.09,us,8.69,1.902,0.089,39
52.1436,160.4931,26.649,4.7,118,122.0,1.429,0.64,us,8.45,5.192,0.054,105
9.3312,94.0146,14.446,4.5,48,64.0,5.568,0.89,us,10.38,4.525,0.09,36
-6.0885,151.9158,10.0,4.6,44,152.0,1.773,0.94,us,10.91,1.911,0.082,44
52.4527,159.6584,71.679,4.3,15,153.0,0.838,1.17,us,12.22,8.498,0.138,15
-10.8595,165.5733,35.0,4.7,40,113.0,5.716,0.54,us,14.03,1.929,0.087,45
29.3982,129.4199,10.0,4.5,41,108.0,2.285,0.98,us,7.14,1.85,0.09,36
34.4206,21.9705,35.0,4.2,18,146.0,2.752,0.83,us,9.56,1.968,0.199,7
23.3928,94.3928,93.83,4.6,70,71.0,2.23,0.49,us,9.39,7.061,0.072,58
52.3338,160.1487,35.0,5.4,37,123.0,1.144,0.9,us,8.56,1.928,0.086,46
-47.4548,97.5199,10.0,4.6,14,126.0,20.085,0.38,us,11.76,1.881,0.158,12
49.7391,157.562,10.0,4.5,88,134.0,3.359,0.72,us,9.91,1.881,0.055,96
-5.4704,145.8681,84.532,4.2,14,197.0,4.113,0.79,us,13.05,12.929,0.167,10
52.7516,-167.7368,35.0,3.7,19,173.0,0.669,0.91,us,4.31,1.976,0.126,16
52.3518,160.2752,33.344,4.4,26,117.0,1.196,0.8,us,8.79,5.688,0.123,24
52.4419,161.2073,39.408,4.4,61,130.0,1.661,1.26,us,10.04,6.974,0.072,56
-3.1423,127.5118,35.484,4.7,36,54.0,2.753,1.08,us,8.22,8.615,0.108,26
-21.7213,-68.8386,122.143,4.5,27,38.0,0.382,0.63,us,6.03,4.825,0.118,21
52.4915,160.9813,10.0,4.3,17,205.0,1.514,1.01,us,11.44,2.004,0.168,11
56.2164,164.7038,10.0,4.5,18,89.0,4.754,0.61,us,9.26,1.925,0.116,22
51.4212,161.2622,10.0,4.2,18,130.0,2.271,1.05,us,9.7,1.932,0.128,17
14.0118,39.7718,10.0,4.5,64,62.0,3.883,0.72,us,9.65,1.906,0.078,48
2.0449,126.6728,35.0,4.6,57,97.0,1.442,1.05,us,5.35,1.877,0.082,45
53.1488,159.8258,64.606,4.9,140,125.0,0.72,0.57,us,10.08,6.695,0.044,160
-4.4333,104.0158,116.915,4.3,25,118.0,0.423,0.85,us,7.34,5.639,0.129,17
49.1481,157.5807,10.0,4.5,28,138.0,3.938,0.76,us,11.46,1.93,0.131,17
-41.223,80.6611,10.0,4.5,22,115.0,25.978,0.76,us,13.48,1.911,0.132,19
-14.8039,-173.109,10.0,4.4,15,63.0,1.564,0.57,us,7.3,1.807,0.179,9
52.0546,160.4213,10.0,4.7,38,122.0,1.453,1.2,us,9.66,1.894,0.07,67
44.7743,148.4408,78.22,4.2,69,135.0,4.238,0.55,us,9.16,6.66,0.071,58
8.8826,126.3296,85.642,4.3,25,120.0,1.949,0.57,us,15.72,6.969,0.129,17
53.269,160.6326,35.0,4.4,54,187.0,1.219,0.8,us,13.64,1.972,0.086,39
-55.5579,-26.6984,10.0,5.2,57,67.0,5.788,0.84,us,5.36,1.865,0.074,60
-26.4374,-175.6566,10.0,4.5,23,115.0,3.445,0.56,us,11.1,1.553,0.127,20
-0.0886,100.1054,10.0,4.6,38,152.0,2.883,1.0,us,8.43,1.91,0.114,27
-10.6787,110.1796,10.0,4.2,27,102.0,3.615,0.72,us,8.41,1.907,0.132,18
50.0134,156.7199,35.0,4.7,88,125.0,3.159,0.95,us,8.75,1.907,0.042,170
-20.6707,-175.1802,97.824,4.6,17,146.0,5.192,0.39,us,11.85,16.167,0.128,18
51.0239,158.8265,35.0,4.9,103,122.0,2.006,0.74,us,8.16,1.904,0.034,266
-20.9999,-174.4345,35.0,4.3,14,169.0,45.323,0.35,us,10.41,1.944,0.154,12
-7.8188,154.4747,10.0,4.0,17,174.0,4.274,0.83,us,13.7,1.961,0.144,13
52.144,160.281,35.0,4.4,21,208.0,1.329,0.55,us,15.28,9.841,0.161,11
52.5477,160.5014,40.23,4.3,53,134.0,1.221,0.57,us,11.24,7.723,0.081,43
-23.5635,-66.7888,199.067,4.2,24,81.0,1.416,0.67,us,7.65,9.274,0.176,9
-23.2131,-175.4845,35.0,4.4,19,209.0,8.265,1.27,us,10.72,1.985,0.131,17
50.2401,156.1622,84.877,4.4,42,192.0,3.027,0.56,us,13.51,9.418,0.09,35
54.4964,-159.8493,36.422,3.9,31,184.0,0.368,0.81,us,6.8,10.066,0.209,6
29.051,51.4812,10.0,4.2,81,74.0,5.871,0.49,us,9.01,1.851,0.069,63
29.2783,129.241,16.37,4.3,32,108.0,2.458,0.33,us,7.26,4.22,0.122,19
25.8597,59.9821,10.0,4.1,28,219.0,3.536,0.54,us,9.72,1.893,0.114,21
-6.2374,151.739,10.0,4.6,28,83.0,5.521,0.59,us,6.77,1.732,0.119,21
42.752,145.9512,35.0,5.2,79,122.0,2.197,0.66,us,8.33,1.866,0.026,486
50.191,-179.3977,10.0,3.7,52,243.0,1.413,0.55,us,6.66,1.978,0.115,19
-20.7394,-177.7569,477.638,4.4,48,124.0,4.954,0.87,us,14.41,8.027,0.09,36
51.6612,159.6614,22.799,5.0,100,133.0,1.499,0.76,us,10.17,5.447,0.037,232
16.2607,-98.1418,10.0,5.2,95,126.0,0.991,0.77,us,3.11,1.794,0.028,429
-0.5362,119.6582,10.0,4.2,17,135.0,1.985,1.0,us,9.04,1.942,0.147,13
-6.241,151.6536,10.0,4.6,71,124.0,1.957,0.6,us,8.88,1.874,0.07,63
52.566,160.2341,35.0,5.3,33,121.0,1.065,0.62,us,5.38,1.87,0.132,19
35.2301,22.4982,47.819,4.5,87,74.0,1.958,0.63,us,7.09,7.175,0.06,81
60.5438,-140.1009,7.366,4.5,63,59.0,0.456,1.14,us,1.31,4.884,0.106,26
70.0319,-15.6885,10.0,4.3,25,80.0,2.175,0.84,us,9.72,1.938,0.137,15
-17.6271,-65.8958,10.0,4.5,28,43.0,1.971,1.2,us,3.59,1.888,0.106,28
-17.746,-178.6377,548.026,4.4,52,103.0,2.285,0.73,us,13.05,3.339,0.095,32
30.463,140.3523,22.997,4.5,31,122.0,2.684,0.79,us,8.16,5.501,0.156,12
-13.0353,-74.503,76.246,4.6,45,114.0,2.51,0.68,us,8.96,7.691,0.064,73
-14.1033,-76.0927,10.0,4.4,16,147.0,2.226,0.94,us,13.26,1.905,0.179,9
51.9212,157.8016,85.262,4.4,37,123.0,1.191,0.5,us,10.16,7.47,0.098,30
52.5887,160.8157,35.0,4.5,28,131.0,1.385,0.41,us,13.63,1.942,0.111,24
13.1253,144.6479,64.001,4.8,43,123.0,0.509,0.3,us,11.25,6.153,0.054,105
-23.692,179.5203,596.912,4.4,45,76.0,5.984,0.77,us,15.15,9.322,0.088,37
54.4192,-160.3098,36.651,3.3,114,194.0,0.588,0.63,us,4.84,12.812,0.199,6
-15.3445,167.4272,108.995,4.4,17,262.0,0.239,0.57,us,15.87,5.722,0.162,11
51.6421,160.0768,10.0,4.7,118,73.0,1.637,0.7,us,7.67,1.866,0.053,106
51.6342,159.609,30.238,4.7,114,126.0,1.511,0.74,us,8.55,3.654,0.05,123
50.1538,157.9433,10.0,5.2,122,125.0,2.907,0.72,us,8.3,1.878,0.055,111
19.2908,39.2095,10.0,4.5,32,74.0,6.831,0.91,us,11.04,1.916,0.082,43
51.9682,161.5235,10.0,4.7,64,126.0,2.05,0.99,us,3.2,1.87,0.048,133
19.6058,146.7683,10.0,4.5,68,134.0,4.44,0.4,us,5.24,1.895,0.076,51
-0.337,99.2406,69.648,4.1,21,73.0,2.33,0.87,us,8.63,6.983,0.139,14
50.9747,159.6394,10.0,4.5,24,223.0,2.141,0.78,us,7.72,1.937,0.14,15
48.6113,157.4971,10.0,4.4,35,136.0,4.478,0.61,us,10.97,1.905,0.101,28
-30.3899,-72.1556,16.765,4.4,34,142.0,0.531,0.72,us,4.39,4.955,0.19,8
-33.461,78.0184,10.0,4.5,21,86.0,28.297,0.35,us,13.41,1.918,0.125,19
53.2985,161.1212,10.0,4.3,20,116.0,1.513,0.88,us,9.01,1.902,0.129,17
-20.9406,-67.5152,188.964,4.2,26,61.0,1.729,0.9,us,6.1,10.798,0.235,5
52.5294,160.7131,35.786,4.2,30,120.0,1.347,0.82,us,10.78,7.86,0.121,19
-32.682,-179.6924,10.0,4.3,7,250.0,5.137,0.15,us,13.72,2.011,0.188,8
43.4984,-127.4214,10.0,3.5,78,212.0,1.772,0.78,us,10.01,2.002,0.201,6
-15.7861,-174.2249,135.094,4.7,146,50.0,3.01,0.68,us,7.97,5.981,0.043,165
-29.6475,-177.3256,35.0,4.4,16,260.0,28.876,1.03,us,20.38,2.019,0.139,15
27.0016,54.9871,10.0,4.3,40,103.0,2.322,0.74,us,9.99,1.922,0.101,28
52.1464,161.3074,10.0,4.1,36,179.0,1.844,1.1,us,10.68,1.963,0.078,46
-33.632,-70.3934,106.948,4.4,39,87.0,0.143,0.43,us,5.96,4.722,0.127,19
40.8889,142.4766,35.0,5.5,113,67.0,1.076,0.68,us,7.01,1.822,0.046,165
14.1676,147.2017,10.0,4.2,16,97.0,1.728,0.66,us,7.09,1.931,0.199,7
50.0572,159.4598,10.0,4.6,42,136.0,3.013,0.88,us,10.6,1.9,0.086,40
-61.1533,-35.4998,10.0,4.7,23,111.0,6.909,0.83,us,12.48,1.924,0.127,22
17.7236,-61.5323,35.0,4.3,37,108.0,0.247,0.45,us,5.68,1.935,0.161,11
52.1093,160.947,10.0,4.6,50,124.0,1.674,1.16,us,8.06,1.693,0.05,144
51.5331,159.9652,10.0,4.5,27,127.0,1.697,0.91,us,10.25,1.925,0.109,25
51.9687,159.7249,35.0,4.2,49,234.0,1.244,0.51,us,5.58,2.014,0.075,50
50.6319,159.9877,10.0,4.7,75,124.0,2.535,0.61,us,8.33,1.884,0.043,161
-2.1393,138.4607,10.0,4.7,40,71.0,0.454,0.75,us,4.51,1.832,0.102,29
50.1512,157.6116,35.0,4.3,29,132.0,2.948,0.53,us,10.04,1.934,0.119,20
-16.403,66.7785,10.0,4.4,12,92.0,11.752,0.7,us,15.07,1.874,0.203,7
7.3345,126.9573,80.329,4.5,61,54.0,1.392,0.68,us,8.63,7.062,0.076,51
-32.9983,-178.7082,35.0,4.6,17,168.0,3.801,1.04,us,8.69,1.964,0.152,13
49.6131,158.6953,10.0,4.5,32,132.0,3.415,0.73,us,5.06,1.918,0.106,26
-24.2292,-67.5509,190.456,4.2,13,96.0,1.396,0.38,us,9.33,7.326,0.214,6
51.8133,161.2857,10.0,4.3,33,214.0,2.018,0.72,us,5.18,1.988,0.116,21
21.8677,93.6071,61.177,4.1,28,135.0,1.386,0.4,us,12.72,9.574,0.127,17
50.7485,158.7541,25.345,4.2,17,131.0,2.279,0.59,us,11.99,7.686,0.152,12
30.6523,107.094,13.2,4.5,23,117.0,6.005,0.23,us,12.9,3.996,0.145,14
2.3659,126.7741,65.091,4.4,39,107.0,2.139,1.1,us,9.67,7.007,0.095,32
49.9351,156.0616,70.767,4.4,79,130.0,3.338,0.67,us,10.8,7.32,0.066,67
-20.3877,-177.9154,520.889,4.3,45,128.0,8.709,0.72,us,15.69,11.54,0.085,39
5.1276,126.8545,97.64,4.4,39,66.0,1.425,0.81,us,7.0,5.366,0.108,25
5.2524,126.2661,87.126,4.3,37,88.0,0.939,0.62,us,6.65,6.07,0.122,24
-31.6796,-71.7415,33.286,4.3,34,141.0,0.746,0.63,us,4.3,5.315,0.168,10
-43.54,-82.1448,10.0,4.4,14,152.0,8.255,0.52,us,11.08,1.908,0.203,7
38.2689,134.2584,408.78,4.0,98,36.0,3.581,0.72,us,9.33,7.719,0.059,86
10.9745,123.8122,10.0,4.6,42,126.0,4.254,0.97,us,6.0,1.901,0.09,37
36.7212,25.7026,10.0,4.4,52,50.0,1.663,0.63,us,4.03,1.883,0.089,36
51.9521,159.1268,76.578,4.3,33,137.0,1.112,0.71,us,11.46,8.086,0.109,24
52.5234,160.7272,10.0,4.7,31,121.0,1.358,0.91,us,6.22,1.919,0.101,30
51.487,159.3122,35.0,4.5,26,161.0,1.902,0.95,us,12.88,1.967,0.121,20
-16.6866,-172.1765,10.0,5.2,65,124.0,8.108,1.02,us,12.11,1.807,0.029,390
51.3484,159.3689,10.0,4.3,19,226.0,1.735,0.24,us,12.23,1.989,0.153,12
49.8014,155.6968,70.762,4.5,78,135.0,3.54,0.5,us,9.33,6.44,0.056,95
52.9578,161.2303,10.0,4.4,71,117.0,1.561,0.8,us,6.25,1.861,0.073,59
13.0963,125.6848,10.0,4.2,16,143.0,16.43,0.37,us,9.41,1.926,0.159,11
0.8224,100.0189,195.677,4.3,61,114.0,1.324,0.9,us,8.02,6.074,0.083,41
-31.2347,-73.0604,10.0,4.3,23,146.0,1.765,0.37,us,6.58,1.463,0.237,5
7.2329,127.01,10.829,4.2,33,63.0,1.429,0.76,us,7.92,4.863,0.11,23
51.6425,159.658,10.0,4.4,50,133.0,1.515,0.92,us,8.9,1.876,0.065,68
-23.2201,-179.8897,570.435,4.6,32,121.0,5.778,0.66,us,15.43,9.966,0.084,45
8.4486,126.9203,35.0,4.4,15,233.0,1.909,0.4,us,10.99,2.013,0.148,13
51.9389,160.1249,35.0,4.2,16,197.0,1.412,0.62,us,10.4,2.002,0.159,11
-44.1935,38.2596,10.0,4.6,24,127.0,9.841,0.51,us,13.02,1.899,0.119,21
9.0513,126.2212,10.0,4.3,19,133.0,2.069,0.61,us,10.54,1.916,0.147,13
2.4029,128.4917,230.487,4.5,82,77.0,1.972,0.78,us,8.45,7.24,0.067,65
-6.261,155.0497,132.382,4.6,60,67.0,3.534,0.7,us,9.1,3.903,0.053,105
29.2029,129.3592,10.0,4.5,37,108.0,2.485,0.47,us,7.24,1.89,0.108,25
25.8671,106.6062,10.0,4.0,21,126.0,5.079,0.85,us,9.15,1.896,0.173,9
-6.5557,129.9346,130.532,4.3,25,60.0,4.286,0.86,us,9.39,9.423,0.148,13
-26.9686,26.8444,5.0,4.3,16,81.0,2.16,0.86,us,5.54,1.935,0.265,4
54.1583,-161.3362,35.0,3.3,18,205.0,1.222,0.78,us,5.36,1.982,0.183,7
39.4386,143.6861,10.0,4.3,36,127.0,2.421,0.74,us,4.21,1.917,0.119,20
-4.7685,138.1814,10.0,4.3,20,100.0,1.017,1.04,us,4.02,1.915,0.142,14
-8.1718,-75.8205,10.0,4.9,65,135.0,3.117,0.75,us,9.33,1.885,0.05,127
52.8725,159.8745,44.167,4.1,28,118.0,0.756,1.27,us,10.42,8.389,0.105,25
-27.8687,-71.0579,55.218,4.4,22,138.0,0.335,0.7,us,5.37,6.023,0.219,6
52.8322,159.712,61.257,4.1,27,188.0,0.671,1.37,us,11.98,7.454,0.103,26
-8.0859,119.191,9.922,4.1,17,59.0,1.582,1.05,us,4.44,5.196,0.184,8
52.201,160.6464,10.0,4.2,20,123.0,2.012,1.25,us,10.64,1.92,0.141,14
-6.1958,131.2517,62.978,4.3,24,92.0,2.136,0.72,us,5.21,8.289,0.154,15
-7.987,130.1395,10.0,4.6,36,96.0,3.45,0.83,us,8.8,0.625,0.1,30
-49.7175,163.7419,10.0,4.5,24,129.0,4.047,0.49,us,10.39,1.925,0.131,17
-37.7097,176.1683,286.641,4.4,73,48.0,0.529,1.03,us,7.0,5.576,0.079,57
-2.9284,136.3199,10.0,4.6,27,57.0,1.809,0.94,us,5.41,1.763,0.105,27
-5.8503,153.7487,10.0,4.9,32,128.0,2.282,0.71,us,6.74,1.818,0.112,25
-17.6656,168.2501,63.474,4.1,21,131.0,2.424,0.6,us,4.98,8.976,0.135,15
14.4467,-91.1473,98.851,4.2,100,177.0,1.433,0.76,us,9.06,9.079,0.054,102
-46.9887,166.036,15.241,4.5,22,98.0,0.935,1.14,us,6.66,6.319,0.156,13
4.1839,96.1333,85.71,4.2,28,138.0,1.317,0.51,us,9.37,6.902,0.124,18
16.5841,-59.6942,10.0,4.6,60,146.0,1.334,0.65,us,6.69,1.926,0.061,81
52.6585,160.7935,35.0,4.5,42,151.0,1.351,0.79,us,10.63,1.972,0.091,35
3.3885,122.8022,536.715,4.3,22,94.0,2.985,0.66,us,15.0,11.866,0.16,13
7.5868,-36.6151,10.0,4.4,12,117.0,13.344,0.54,us,15.3,1.951,0.179,9
17.0924,-94.8289,130.741,4.8,52,113.0,0.69,1.05,us,5.17,6.777,0.044,159
-15.732,-171.3705,10.0,4.6,21,67.0,1.669,0.93,us,6.74,1.889,0.137,16
49.753,157.3946,10.0,4.6,40,138.0,3.365,0.58,us,11.71,1.902,0.106,27
50.0553,158.5474,10.0,4.3,28,138.0,2.973,0.58,us,9.61,1.925,0.119,20
40.5846,143.6757,31.769,4.5,58,132.0,1.481,0.79,us,6.86,5.514,0.082,46
-9.7209,124.4911,10.0,4.4,18,124.0,0.223,1.21,us,4.33,1.93,0.18,9
50.4674,157.669,35.0,4.9,57,123.0,2.631,0.52,us,10.48,1.909,0.028,399
28.3293,64.1317,41.877,4.9,163,76.0,7.502,0.78,us,8.58,6.667,0.043,170
-24.7046,-175.8653,35.0,4.4,16,216.0,8.949,0.71,us,15.76,1.995,0.148,13
-24.2019,-67.1947,199.752,4.3,28,74.0,1.537,1.32,us,11.15,8.032,0.122,19
-1.444,-77.8727,164.528,4.4,88,77.0,0.16,0.7,us,9.99,5.04,0.061,77
52.5477,160.979,10.0,4.0,22,121.0,1.493,0.86,us,9.61,1.924,0.149,14
50.1947,159.0612,10.0,5.1,116,79.0,2.844,0.7,us,7.53,1.799,0.025,533
53.0514,161.5388,10.0,4.5,57,118.0,1.745,0.52,us,9.39,1.853,0.082,43
52.544,160.7502,10.0,4.5,25,152.0,1.363,0.84,us,10.26,1.952,0.127,18
39.3832,143.588,10.0,4.5,41,131.0,2.392,0.61,us,5.77,1.904,0.097,31
51.8507,160.4148,10.0,4.4,29,185.0,1.596,0.81,us,13.11,1.956,0.12,20
-3.9693,-80.8004,40.959,4.7,64,108.0,2.145,1.1,us,7.06,7.081,0.045,147
50.9796,158.2957,35.0,4.4,28,122.0,2.059,1.09,us,10.99,1.952,0.112,23
21.0608,121.0254,12.698,4.4,35,120.0,1.749,1.23,us,9.27,6.001,0.12,20
53.1542,159.433,70.641,4.2,111,157.0,0.49,0.72,us,11.88,7.423,0.054,99
5.7336,126.925,140.346,4.5,72,66.0,1.75,0.71,us,8.14,5.816,0.069,62
13.527,120.3513,62.176,4.6,41,93.0,8.495,0.49,us,12.28,8.605,0.091,36
52.9886,161.1133,10.0,4.3,49,120.0,1.489,0.68,us,9.86,1.899,0.079,45
-8.639,-76.1226,10.0,4.7,58,128.0,3.402,0.7,us,10.23,1.88,0.068,65
29.2994,129.3616,10.0,4.6,56,107.0,2.396,0.98,us,7.01,1.882,0.076,52
-21.9662,-179.5547,600.289,4.3,21,208.0,4.765,0.66,us,22.71,15.223,0.138,18
-19.3638,-69.1928,10.0,4.5,43,113.0,0.774,0.69,us,4.85,1.894,0.093,34
31.4698,69.1386,10.0,4.4,52,176.0,3.037,1.06,us,11.1,1.963,0.082,43
-60.346,-31.3399,10.0,4.7,17,70.0,6.685,0.35,us,11.45,1.916,0.138,16
-22.8542,-112.5302,10.0,4.5,23,74.0,39.641,0.91,us,12.65,1.846,0.144,15
-22.2016,-68.8202,120.811,4.5,46,45.0,0.562,1.04,us,3.56,4.877,0.096,32
52.7186,160.7976,10.0,4.2,25,120.0,1.337,0.69,us,6.52,1.81,0.121,19
50.9034,157.1358,82.018,4.5,64,134.0,2.236,0.68,us,5.17,6.923,0.06,82
-18.0759,-178.2019,565.089,4.3,47,81.0,2.812,0.78,us,11.92,5.816,0.053,100
44.692,150.4283,10.0,4.3,21,183.0,5.643,1.26,us,15.16,1.976,0.168,10
53.2783,160.9008,35.0,4.3,33,134.0,1.379,0.96,us,10.92,1.919,0.126,19
51.3163,159.8349,26.493,4.1,25,128.0,1.859,1.05,us,9.89,6.041,0.134,15
52.7497,160.9455,45.257,4.2,42,211.0,1.418,0.67,us,15.34,10.548,0.08,46
42.0569,142.3812,66.098,4.1,53,94.0,0.579,0.87,us,6.39,7.155,0.089,35
7.073,126.8243,72.22,5.5,114,101.0,1.236,0.98,us,4.18,6.465,0.045,171
-8.0664,117.9992,214.174,4.5,26,98.0,0.788,0.79,us,9.39,6.791,0.14,15
-4.5098,-12.5439,10.0,4.5,39,79.0,3.85,0.55,us,11.68,1.886,0.099,30
-15.2168,-173.3241,10.0,4.5,24,104.0,1.98,0.67,us,11.15,1.88,0.163,13
-60.4185,-31.5333,10.0,5.4,93,55.0,6.708,0.38,us,10.79,1.826,0.065,80
37.7624,144.1926,10.0,4.3,35,136.0,3.876,1.03,us,10.32,1.915,0.122,19
50.6793,159.1171,10.0,4.1,24,187.0,2.365,0.87,us,12.3,1.972,0.124,18
51.3891,159.0767,35.0,4.6,94,109.0,1.658,0.74,us,8.57,1.903,0.045,147
41.7698,88.1512,10.0,4.7,69,105.0,6.155,0.52,us,9.9,1.886,0.063,78
51.5411,158.814,55.478,4.1,20,126.0,1.488,0.72,us,11.47,8.363,0.145,13
51.0697,158.0192,35.0,4.4,88,134.0,1.995,0.58,us,11.04,1.931,0.053,103
29.2054,128.9807,10.0,4.9,44,84.0,2.442,0.95,us,7.35,1.864,0.059,89
51.845,159.707,24.111,4.4,62,125.0,1.346,0.48,us,7.89,5.702,0.081,44
-20.4286,-68.8136,105.865,4.0,15,92.0,0.428,0.39,us,6.92,7.222,0.196,7
-0.1362,123.7299,131.251,4.1,33,72.0,1.314,1.09,us,7.65,7.878,0.103,27
7.3775,-78.0484,10.0,4.5,38,104.0,2.509,1.04,us,6.72,1.87,0.104,27
-9.8142,118.9271,24.538,4.5,28,97.0,1.359,0.89,us,5.47,3.873,0.106,26
-47.5585,165.4913,10.0,4.4,26,107.0,1.614,1.0,us,10.05,1.932,0.149,13
52.6806,160.6612,10.0,4.4,44,118.0,1.267,0.93,us,9.03,1.903,0.081,45
-13.715,166.4729,10.0,5.0,56,51.0,1.861,0.75,us,9.02,1.87,0.057,97
7.204,126.7151,73.404,4.5,52,115.0,1.135,0.69,us,8.41,7.236,0.087,41
-8.7654,-80.3006,10.0,4.4,21,117.0,4.672,0.82,us,9.18,1.935,0.161,11
4.1014,126.4683,59.115,4.3,42,91.0,1.169,0.77,us,5.73,7.957,0.089,36
-15.9896,-173.4176,10.0,4.8,39,55.0,3.255,0.71,us,8.93,1.872,0.05,123
-37.5884,51.6101,10.0,4.5,28,137.0,16.747,0.59,us,8.21,1.859,0.115,22
-5.3713,131.2815,61.865,5.0,72,33.0,1.611,0.8,us,6.89,5.389,0.068,69
6.7096,-72.9637,169.66,4.4,40,125.0,2.292,0.56,us,11.75,8.718,0.095,35
54.0915,-159.6859,35.0,3.9,12,210.0,0.743,0.63,us,7.35,2.02,0.256,4
51.1565,178.5551,18.812,4.7,145,140.0,0.519,0.64,us,4.86,4.585,0.05,124
51.8397,160.3231,36.34,4.7,39,154.0,1.567,1.02,us,9.61,7.834,0.065,71
52.3792,160.4315,10.0,4.7,70,162.0,1.262,0.73,us,11.16,1.92,0.058,92
22.5952,96.0249,10.0,4.7,65,70.0,1.724,0.44,us,4.8,1.809,0.08,48
51.4476,-130.5975,10.0,4.1,71,170.0,0.925,0.61,us,9.39,1.952,0.049,115
-56.7749,-67.6093,10.0,4.6,27,184.0,1.847,0.37,us,13.67,1.95,0.122,20
-20.1773,-177.8674,561.946,4.2,29,136.0,4.519,0.57,us,15.82,12.09,0.106,27
-5.3754,151.6848,125.603,4.3,15,155.0,1.27,0.66,us,12.3,9.464,0.168,12
40.847,141.0069,84.239,4.3,43,88.0,0.072,0.99,us,10.12,2.26,0.094,32
-2.1214,101.9667,180.669,4.5,50,127.0,2.433,0.87,us,9.47,8.181,0.087,39
52.3212,160.5594,10.0,4.9,58,104.0,1.359,0.53,us,6.51,1.852,0.058,94
-16.0544,-71.3476,157.298,4.2,12,264.0,2.351,0.62,us,10.89,12.465,0.159,11
51.4563,159.6767,35.0,4.0,18,137.0,1.692,0.75,us,13.36,1.949,0.144,13
14.0683,145.0286,125.511,4.6,86,123.0,1.374,0.48,us,11.54,6.508,0.063,76
1.8281,125.0723,193.777,4.3,36,97.0,0.447,0.72,us,7.97,5.482,0.106,25
-31.6828,179.8822,409.734,4.2,36,180.0,6.007,1.11,us,15.55,13.757,0.125,20
60.5489,-139.9651,5.0,4.4,43,72.0,0.476,1.17,us,2.08,1.926,0.203,8
30.6605,142.7651,10.0,4.4,39,130.0,3.506,0.85,us,8.44,1.891,0.085,40
-3.112,142.9974,10.0,4.5,19,70.0,2.367,0.66,us,8.24,1.907,0.14,15
-7.3196,147.8867,58.863,5.1,105,29.0,2.193,0.58,us,8.9,5.169,0.058,96
48.964,156.0534,43.397,5.0,82,129.0,4.278,0.65,us,9.76,7.052,0.063,80
12.4243,123.6545,10.0,4.4,22,123.0,7.852,0.72,us,7.79,1.9,0.115,22
3.292,64.986,10.0,4.2,15,146.0,8.473,0.77,us,15.75,1.958,0.167,10
52.2495,160.1122,46.225,4.9,42,121.0,1.181,0.94,us,9.15,7.379,0.097,40
49.5793,157.5322,16.76,4.5,24,136.0,3.519,0.78,us,9.24,4.765,0.145,14
-29.3547,-68.2498,24.5,4.3,27,148.0,1.721,0.63,us,5.75,6.438,0.267,4
-29.7112,-177.0683,10.0,4.7,19,145.0,12.421,0.44,us,17.22,1.957,0.133,17
18.4417,145.5618,210.383,4.3,73,102.0,3.19,1.05,us,7.24,7.438,0.062,75
-47.4197,-13.2132,10.0,5.2,56,74.0,10.366,0.6,us,10.28,1.877,0.069,68
51.6136,158.4984,73.349,4.6,97,108.0,1.415,0.7,us,8.91,6.64,0.058,90
51.7773,159.4346,35.0,4.2,36,137.0,1.337,1.23,us,8.46,1.909,0.106,26
-21.0419,175.4969,600.764,4.4,39,136.0,5.837,0.71,us,14.83,10.137,0.094,33
7.3513,127.4086,10.0,4.9,38,60.0,1.837,0.76,us,7.13,1.88,0.098,33
15.0507,-94.2826,63.526,4.4,73,151.0,1.98,1.25,us,6.27,7.314,0.039,186
51.2783,159.6687,10.0,4.4,21,129.0,1.857,1.32,us,10.4,1.928,0.155,12
52.6369,160.1565,35.0,4.4,28,121.0,0.993,0.91,us,10.71,1.948,0.138,15
51.8593,159.121,35.0,5.9,87,66.0,1.201,0.57,us,9.04,1.848,0.075,65
-35.5931,-104.0645,10.0,4.9,51,96.0,9.564,0.78,us,8.92,1.812,0.058,93
29.4276,129.1139,10.0,4.5,25,109.0,2.375,0.71,us,5.61,1.852,0.144,14
37.6763,141.7939,61.973,4.3,15,161.0,3.081,0.36,us,8.64,10.481,0.237,5
27.9847,56.3651,10.0,4.3,29,130.0,3.03,1.09,us,10.44,1.894,0.109,24
29.2758,129.5665,10.0,4.3,39,112.0,2.354,0.64,us,5.37,1.916,0.104,26
-39.682,-16.4236,10.0,4.4,12,77.0,32.791,0.66,us,14.74,1.914,0.179,12
-52.837,20.1006,10.0,5.1,32,77.0,20.451,0.64,us,13.93,1.827,0.134,19
23.1552,94.7931,114.219,4.3,46,123.0,1.944,0.49,us,12.37,8.878,0.09,35
37.992,22.1357,10.0,4.3,16,99.0,0.829,0.91,us,4.05,1.956,0.217,6
41.2535,142.6957,42.963,4.4,48,172.0,0.836,0.86,us,9.23,8.886,0.086,39
39.8236,143.2817,40.083,4.8,58,133.0,1.951,0.58,us,7.04,6.198,0.058,91
26.4733,96.8381,10.0,4.2,27,121.0,5.531,0.85,us,13.62,1.945,0.124,18
36.241,142.206,10.0,4.7,36,97.0,3.239,0.98,us,5.48,1.875,0.097,32
49.0766,157.7863,10.0,4.3,24,133.0,3.989,0.68,us,9.76,1.917,0.138,15
51.6919,159.1226,57.526,4.3,19,196.0,1.365,0.58,us,14.12,9.74,0.137,15
-6.1107,153.6281,10.0,4.6,19,150.0,2.401,0.38,us,8.32,1.914,0.132,17
23.7607,94.6583,109.653,4.6,22,135.0,2.554,0.56,us,11.58,10.742,0.157,13
50.2445,155.5733,128.202,4.2,31,161.0,3.158,0.45,us,13.32,10.038,0.118,23
72.4889,3.0994,10.0,4.4,91,62.0,3.95,0.76,us,4.82,1.879,0.061,83
52.2871,160.1785,55.989,4.3,28,134.0,1.719,0.81,us,10.01,7.28,0.114,22
51.3196,98.354,10.0,4.3,47,56.0,3.325,0.77,us,8.3,1.908,0.081,43
-7.097,129.4564,121.292,4.3,16,94.0,4.996,0.89,us,9.93,7.643,0.201,7
-23.9394,-179.8439,532.881,4.2,25,125.0,6.469,0.73,us,21.06,24.442,0.115,21
5.1217,125.5639,10.0,4.3,21,131.0,0.395,1.14,us,7.16,1.906,0.137,15
49.9809,157.2667,35.066,5.1,95,123.0,3.143,0.74,us,10.62,7.317,0.064,78
48.8898,156.9026,10.0,4.2,18,171.0,4.254,1.23,us,10.51,1.797,0.152,12
51.3638,159.2868,31.654,4.5,28,135.0,2.002,0.47,us,12.83,6.443,0.116,22
49.9233,158.8981,10.0,4.4,39,136.0,3.108,0.86,us,8.53,1.857,0.107,25
8.9149,-82.9581,10.0,4.4,19,209.0,1.32,0.92,us,9.54,1.998,0.143,14
60.4262,-139.6028,8.44,4.2,44,52.0,0.463,1.05,us,2.02,5.012,0.147,13
-55.5656,-28.7976,87.043,4.4,17,186.0,4.618,0.91,us,14.61,9.131,0.143,14
52.846,160.9248,10.0,5.2,31,87.0,1.388,0.69,us,9.85,1.887,0.1,33
1.6354,127.1993,128.767,4.7,81,97.0,0.874,0.51,us,6.93,6.348,0.069,64
-17.8872,167.1528,10.0,4.2,12,175.0,2.427,0.7,us,7.41,1.923,0.235,6
51.1468,159.5447,22.326,4.5,30,122.0,1.959,0.99,us,9.78,5.956,0.113,23
-6.1749,127.4623,411.927,4.5,45,83.0,2.934,0.59,us,11.97,9.109,0.089,37
-7.6841,-74.7589,153.529,4.5,28,113.0,2.036,1.13,us,9.02,9.186,0.106,26
28.3833,97.3521,10.0,4.5,21,137.0,9.265,0.45,us,7.98,1.913,0.145,14
54.4392,-160.3767,38.202,4.0,48,155.0,0.603,0.91,us,6.58,8.526,0.125,17
37.642,77.8563,10.0,4.4,46,96.0,3.706,0.77,us,8.03,1.9,0.112,23
52.0731,160.433,10.0,4.5,23,192.0,1.964,1.15,us,12.97,1.97,0.113,23
51.9306,-167.2686,10.0,3.5,28,227.0,1.425,0.84,us,6.59,2.009,0.221,5
-23.4317,178.9877,575.858,4.5,27,171.0,5.725,0.72,us,7.15,8.81,0.132,18
1.7856,127.0794,74.992,4.6,62,82.0,2.264,0.49,us,7.84,7.45,0.078,49
-5.9578,150.0082,48.106,4.0,14,99.0,2.594,0.66,us,11.59,5.626,0.165,10
-17.8471,-178.1231,505.502,4.2,14,160.0,2.756,0.71,us,26.78,27.23,0.158,11
52.3296,159.8039,56.52,4.6,31,122.0,0.988,0.75,us,7.94,7.911,0.107,26
-15.0574,-178.5268,420.677,4.4,17,144.0,2.468,0.69,us,11.66,9.057,0.139,15
53.0676,159.674,59.216,4.3,64,163.0,0.62,0.75,us,13.22,8.958,0.075,50
34.0035,89.9339,10.0,4.4,11,158.0,4.406,0.56,us,11.64,1.941,0.169,11
-7.2296,120.4179,580.056,4.2,66,67.0,2.298,0.84,us,10.4,6.984,0.087,37
-20.6685,-178.089,522.112,4.2,59,100.0,4.663,0.8,us,13.89,8.436,0.076,48
-60.3049,-62.8163,10.0,4.7,29,130.0,4.522,0.88,us,10.51,1.91,0.102,29
-20.4455,-177.7273,466.653,4.2,38,97.0,7.47,0.56,us,7.01,9.797,0.096,30
-59.079,-25.4283,35.0,4.9,48,79.0,7.753,0.47,us,6.44,1.903,0.084,45
36.6031,68.0294,10.0,4.3,73,125.0,2.237,0.7,us,6.45,1.902,0.067,64
23.4149,94.6684,105.73,4.5,57,64.0,2.211,0.47,us,8.11,6.964,0.088,40
49.3739,119.6641,10.0,4.3,37,78.0,0.116,0.35,us,6.87,1.872,0.113,22
48.8248,155.9886,10.0,4.5,28,138.0,4.423,0.8,us,12.93,1.91,0.122,20
29.3391,129.3935,10.0,4.7,62,108.0,2.348,0.41,us,6.97,1.878,0.057,93
22.2312,143.4406,151.178,4.3,61,118.0,4.976,0.57,us,11.6,7.32,0.074,51
54.0444,-159.7746,10.0,3.8,49,175.0,0.796,0.79,us,4.39,1.941,0.179,8
-18.2615,-177.3269,634.188,4.5,31,179.0,3.619,0.62,us,23.03,17.843,0.108,25
52.5766,160.7138,38.894,4.3,21,149.0,1.331,0.58,us,11.31,9.93,0.133,16
40.1561,69.0474,10.0,4.3,31,90.0,0.839,0.91,us,4.2,1.887,0.122,19
11.1252,141.6346,10.0,4.1,12,132.0,3.997,0.6,us,7.94,1.913,0.198,7
36.6145,140.7705,78.872,4.3,56,132.0,2.063,0.54,us,9.65,6.652,0.081,44
-23.1003,-114.9789,10.0,4.5,23,171.0,40.191,0.56,us,18.19,1.939,0.115,22
-22.4878,-67.7596,160.357,4.3,48,49.0,0.603,0.75,us,7.35,6.112,0.094,32
6.7129,123.6853,605.561,4.1,42,102.0,2.656,0.65,us,12.37,9.388,0.1,28
52.3669,160.7748,10.0,5.1,151,123.0,1.451,0.73,us,8.2,1.864,0.028,410
-26.6899,-176.2602,35.0,4.6,17,176.0,33.693,0.49,us,15.65,1.97,0.129,18
51.3112,160.9169,10.0,4.2,32,130.0,2.211,0.94,us,8.21,1.83,0.11,23
3.0436,-31.2907,10.0,4.6,79,48.0,9.942,0.49,us,11.11,1.86,0.066,71
9.4361,94.1008,10.0,4.3,22,177.0,5.497,0.63,us,12.43,1.814,0.138,15
51.5092,159.126,35.0,6.0,83,53.0,1.545,0.83,us,7.47,1.863,0.078,62
49.5385,154.808,105.317,4.0,55,123.0,4.008,0.7,us,12.0,8.266,0.081,44
16.9241,-85.5567,10.0,4.6,93,152.0,3.296,0.75,us,8.72,1.947,0.033,271
12.9499,145.3657,10.0,4.5,13,170.0,0.799,0.82,us,4.32,1.951,0.191,8
56.8252,-33.9224,10.0,4.3,22,125.0,7.354,0.73,us,11.44,1.386,0.16,11
51.772,160.5723,10.0,4.4,17,224.0,1.72,0.71,us,8.25,1.987,0.163,11
-16.8066,-173.0344,36.396,4.4,21,74.0,3.124,0.92,us,9.09,7.606,0.144,15
29.6455,141.9378,30.674,4.0,22,198.0,2.55,0.42,us,13.92,8.552,0.15,13
-22.4798,173.5484,10.0,4.3,14,136.0,5.642,0.69,us,11.49,1.896,0.168,10
50.6611,156.4043,79.088,4.2,57,129.0,2.579,0.49,us,10.71,6.409,0.077,47
-21.0347,-11.6613,10.0,4.6,18,85.0,7.548,0.47,us,8.12,1.894,0.141,15
52.1506,160.1533,28.342,4.4,43,106.0,1.267,0.92,us,9.75,5.661,0.095,32
-23.1093,-177.0071,170.159,4.8,20,172.0,7.066,0.91,us,18.14,5.451,0.135,19
-11.9603,166.1371,70.99,5.0,83,115.0,3.617,0.99,us,10.43,7.066,0.067,71
36.4762,70.2681,200.224,4.0,21,162.0,2.164,0.48,us,10.68,10.671,0.138,14
39.9983,142.5154,39.281,4.4,20,144.0,1.361,0.51,us,5.21,10.631,0.203,7
0.9388,126.2358,35.0,4.6,49,66.0,1.143,0.52,us,3.55,1.653,0.099,30
52.1495,160.2971,49.391,4.3,21,154.0,1.333,0.77,us,10.94,8.566,0.129,17
52.0771,160.3171,10.0,4.3,19,124.0,1.391,1.26,us,9.81,1.914,0.153,13
52.587,160.5846,32.647,4.3,52,137.0,1.826,0.83,us,12.43,6.265,0.083,41
-5.4,152.2663,35.0,4.3,36,177.0,1.112,0.6,us,9.16,1.976,0.094,32
3.1772,-31.4065,10.0,4.8,57,90.0,24.848,0.89,us,7.59,1.86,0.058,92
57.5424,-33.1445,10.0,4.5,110,127.0,9.197,0.56,us,10.58,1.924,0.055,97
26.9287,58.6818,10.0,4.1,21,184.0,2.979,0.85,us,9.69,1.95,0.114,21
-55.3038,-26.8856,10.0,5.0,40,106.0,5.649,0.51,us,12.93,1.867,0.1,32
73.2412,6.5707,10.0,4.4,38,104.0,7.085,0.58,us,12.57,1.916,0.11,24
11.1509,124.2865,10.047,4.4,32,127.0,4.251,0.96,us,11.94,4.832,0.117,21
-7.3025,128.9231,150.747,4.1,21,65.0,5.21,0.46,us,8.73,10.997,0.175,9
50.8934,158.3331,10.0,4.4,34,165.0,2.142,0.5,us,12.3,1.963,0.112,23
41.8011,82.01,10.0,4.4,15,222.0,2.409,1.19,us,9.04,1.959,0.17,10
51.5075,159.7317,10.0,4.9,57,128.0,1.657,1.17,us,8.86,1.866,0.065,74
50.9796,158.9758,26.593,4.2,47,129.0,2.057,0.48,us,10.81,6.21,0.079,44
6.9417,127.0141,33.488,4.3,23,74.0,1.43,0.78,us,7.84,5.518,0.143,14
-25.4394,-177.1288,137.709,4.6,65,75.0,8.871,1.09,us,12.9,6.873,0.063,75
41.192,78.5358,10.0,4.8,69,94.0,1.311,0.81,us,6.08,1.864,0.054,104
-28.3435,-69.177,102.507,4.6,94,42.0,1.433,0.64,us,6.68,6.161,0.046,141
19.8745,121.273,25.101,4.6,40,105.0,2.934,0.99,us,9.19,6.324,0.111,24
60.5247,-139.836,4.192,4.3,59,46.0,0.478,0.64,us,2.43,5.733,0.377,3
51.6708,159.9679,10.0,4.3,19,218.0,1.578,0.87,us,7.28,1.97,0.168,10
33.7802,-38.1895,10.0,4.6,25,120.0,37.712,0.68,us,15.83,1.927,0.125,19
52.6444,160.4965,35.0,4.3,27,147.0,1.183,0.82,us,9.55,1.956,0.133,16
52.2021,160.6757,23.574,4.2,22,167.0,1.484,1.16,us,9.35,8.203,0.152,12
49.9828,158.2756,10.0,5.0,167,102.0,3.054,0.52,us,5.62,1.823,0.047,146
51.9886,-171.3769,41.754,3.5,40,192.0,1.22,0.91,us,8.22,12.619,0.117,18
15.1922,-94.5793,10.0,4.5,64,129.0,1.582,1.18,us,5.68,1.856,0.053,103
49.1254,156.146,33.974,4.6,57,138.0,4.106,1.05,us,12.54,6.204,0.074,55
15.7411,-98.2903,10.0,4.2,92,225.0,0.667,1.4,us,2.89,1.977,0.055,93
-15.8876,166.5681,10.0,4.3,12,220.0,5.119,0.3,us,12.25,1.98,0.188,8
48.5069,157.2886,10.0,4.2,20,196.0,4.604,0.68,us,7.94,1.926,0.167,10
23.9881,122.4865,10.0,4.8,87,73.0,0.676,0.63,us,4.52,1.87,0.065,72
-55.0686,-128.6729,10.0,4.8,23,77.0,32.354,0.48,us,15.21,1.854,0.127,19
-15.8374,166.9705,10.0,4.1,8,146.0,0.448,0.17,us,6.38,1.892,0.369,2
52.1887,160.7792,10.0,4.5,18,162.0,1.544,1.17,us,9.72,1.87,0.171,10
52.3111,159.6624,35.0,4.5,71,134.0,1.437,0.73,us,9.28,1.927,0.181,9
37.7542,144.2039,10.0,4.2,18,148.0,3.888,0.6,us,11.39,1.947,0.186,8
40.8748,51.9477,10.0,4.2,29,139.0,4.948,1.02,us,11.28,6.519,0.088,36
50.1049,156.8232,35.0,4.2,26,226.0,3.057,1.23,us,11.3,1.976,0.132,16
-7.0057,129.5203,159.477,5.4,102,20.0,4.885,0.71,us,4.24,6.665,0.043,188
13.1322,50.1725,10.0,4.4,21,147.0,7.333,0.87,us,12.7,1.886,0.143,14
13.4747,-89.9009,77.909,4.2,85,151.0,0.441,0.75,us,5.84,6.752,0.051,106
1.0751,125.0109,122.064,4.7,53,72.0,3.663,0.92,us,7.22,7.434,0.092,36
37.6452,72.2002,187.375,4.2,31,185.0,0.703,0.6,us,4.64,6.179,0.131,16
-17.2084,-174.6589,206.544,4.5,25,117.0,4.295,0.85,us,14.94,13.13,0.111,26
-6.7896,156.0666,130.714,4.1,20,94.0,4.657,0.71,us,10.42,8.042,0.145,14
48.8358,154.8213,63.197,4.1,20,137.0,4.648,0.64,us,11.78,6.832,0.14,14
-37.1842,52.411,10.0,4.8,62,51.0,13.025,0.63,us,8.39,1.785,0.074,57
12.4389,-89.4065,10.0,4.4,53,152.0,1.346,0.7,us,5.42,1.916,0.072,56
-57.2058,-68.3105,10.0,4.3,12,151.0,3.581,1.26,us,10.59,1.965,0.217,6
49.6174,155.5281,50.359,4.6,95,170.0,3.751,1.21,us,10.88,8.32,0.051,117
-14.4629,167.3649,103.223,4.3,17,162.0,0.991,0.32,us,12.95,7.254,0.177,9
-14.9242,-75.7626,35.0,5.1,100,131.0,3.102,0.69,us,8.75,1.909,0.038,221
-54.4615,-55.5637,10.0,4.3,14,136.0,7.011,0.99,us,13.34,1.958,0.154,12
-1.9492,139.624,35.0,4.5,31,111.0,1.216,0.95,us,5.72,1.927,0.106,28
51.2006,159.1127,35.228,4.4,18,137.0,1.848,0.76,us,8.79,7.966,0.161,11
51.0471,159.1274,27.747,4.8,63,123.0,2.001,0.94,us,9.19,5.573,0.073,59
-50.3426,112.7229,10.0,4.6,20,141.0,21.396,0.57,us,15.08,1.927,0.133,19
60.6578,-139.9672,5.0,4.2,47,48.0,0.536,1.22,us,1.71,1.883,0.16,11
53.3263,159.4113,77.507,4.2,23,163.0,0.55,0.89,us,15.22,10.214,0.128,17
25.067,125.0297,35.624,4.3,44,105.0,0.996,1.07,us,6.09,8.616,0.111,25
32.1694,87.9985,10.0,4.4,63,92.0,3.643,0.42,us,11.82,1.877,0.071,57
-24.1271,-179.9117,527.763,4.4,35,138.0,6.629,0.5,us,10.13,9.067,0.098,30
51.0515,159.4417,10.0,4.3,15,168.0,2.035,0.43,us,12.83,1.98,0.168,10
5.3735,125.2204,59.025,4.4,47,100.0,0.686,0.92,us,6.35,7.146,0.107,28
-31.6474,-177.8278,10.0,4.7,19,238.0,6.705,1.29,us,14.68,1.98,0.142,16
22.8791,94.4717,99.301,4.8,94,64.0,4.817,0.71,us,9.03,6.922,0.056,100
51.2982,158.7853,40.804,4.3,28,118.0,1.73,1.0,us,9.86,7.749,0.119,20
56.5393,-4.3366,10.0,3.9,13,203.0,1.381,0.74,us,6.34,1.993,0.513,1
52.7333,160.9824,10.0,5.7,101,100.0,1.443,0.76,us,8.81,1.858,0.038,250
31.2633,130.3235,169.726,4.5,107,113.0,0.269,0.76,us,7.82,6.733,0.049,122
-17.7144,-178.8302,526.44,4.1,59,68.0,2.115,0.75,us,14.38,8.032,0.084,43
1.5008,97.052,26.722,4.9,110,127.0,0.559,0.68,us,8.57,5.391,0.055,107
-9.4544,118.9671,89.97,4.3,23,82.0,1.329,0.98,us,3.14,9.898,0.218,6
-30.8379,-65.4287,189.332,4.8,42,53.0,1.415,0.9,us,8.79,7.168,0.084,44
52.7678,159.9575,51.899,4.1,59,119.0,0.832,0.7,us,10.74,8.347,0.074,50
9.3592,93.5887,10.0,4.4,32,162.0,5.285,0.67,us,11.88,1.936,0.117,21
-4.0329,142.9994,79.643,4.6,47,76.0,2.744,0.65,us,6.88,7.707,0.086,41
-0.8068,-91.5237,10.0,4.4,20,245.0,0.655,0.69,us,5.25,1.924,0.139,15
51.6371,159.4358,35.0,4.2,13,155.0,1.47,1.14,us,9.9,1.984,0.199,7
52.1012,161.1627,10.0,4.4,26,134.0,1.79,0.39,us,13.08,1.923,0.117,21
52.4851,-175.2459,219.077,4.1,33,117.0,0.634,0.67,us,11.91,7.136,0.094,31
-1.8556,139.2105,10.531,4.2,17,85.0,1.255,0.65,us,7.33,5.393,0.16,11
33.9261,87.7533,10.0,5.1,74,81.0,5.096,0.78,us,7.91,1.803,0.051,125
44.0317,146.4922,85.846,4.3,19,149.0,2.811,0.67,us,9.87,8.477,0.116,21
52.6482,159.2248,82.022,4.6,43,169.0,0.513,0.57,us,9.77,6.084,0.075,55
52.8095,160.5549,35.0,5.2,112,42.0,1.173,0.78,us,9.14,1.831,0.023,599
39.4388,143.2757,43.286,4.5,39,135.0,2.167,0.32,us,5.75,7.664,0.104,27
53.4599,-163.7209,10.0,4.5,142,97.0,1.192,0.65,us,4.39,1.888,0.032,282
5.4512,128.0449,10.0,4.5,52,54.0,2.654,0.95,us,7.27,1.886,0.085,40
-56.2848,-27.6462,8.952,4.4,18,79.0,5.436,0.8,us,11.89,3.795,0.131,17
3.391,-31.5063,10.0,4.5,17,94.0,20.581,1.2,us,12.08,1.887,0.15,13
42.2717,144.5511,35.46,4.8,80,133.0,1.068,1.03,us,7.51,7.204,0.029,365
15.4482,-94.7268,32.337,4.2,65,124.0,1.369,0.79,us,5.68,6.912,0.064,67
34.5689,70.7024,10.0,4.2,25,152.0,1.295,1.2,us,8.26,1.965,0.112,22
36.7989,71.0557,223.427,4.0,20,178.0,1.89,0.69,us,8.67,9.084,0.164,11
50.2005,157.3356,43.805,4.6,55,120.0,2.921,0.91,us,10.13,6.943,0.045,150
52.0277,160.2995,19.736,4.7,76,124.0,1.418,0.51,us,7.65,1.24,0.073,58
-36.9459,-73.8111,35.0,4.3,28,152.0,2.264,0.92,us,4.67,1.961,0.178,9
-22.7481,-66.3292,245.534,4.3,19,137.0,1.718,0.4,us,9.75,13.36,0.188,8
38.2331,103.8304,10.0,4.7,178,74.0,2.275,0.64,us,8.1,1.828,0.04,190
51.7541,158.2503,35.0,6.0,79,84.0,1.295,0.75,us,8.28,1.824,0.078,62
48.6505,157.5813,10.0,4.6,89,134.0,4.43,0.82,us,9.06,1.854,0.054,102
52.0443,159.5168,70.899,4.2,13,244.0,1.114,0.4,us,11.99,9.324,0.235,7
52.3501,160.4936,36.263,4.7,63,122.0,1.309,0.9,us,9.83,7.297,0.07,62
51.5708,159.0956,35.0,4.8,69,181.0,1.48,0.78,us,10.4,1.958,0.061,82
22.7856,141.806,255.551,4.2,106,108.0,4.305,0.58,us,12.44,8.113,0.052,102
39.1454,28.1083,17.179,4.0,28,57.0,0.939,0.99,us,4.23,2.814,0.26,4
-5.0493,131.0181,42.308,4.3,32,70.0,1.227,0.86,us,6.02,6.738,0.129,17
35.291,70.5468,106.502,4.1,38,204.0,3.393,0.98,us,11.46,10.345,0.117,21
54.4458,-160.1031,39.1,3.9,134,177.0,0.488,0.87,us,6.24,10.463,0.155,11
24.6798,94.7389,93.408,4.9,80,49.0,5.602,0.94,us,8.61,5.744,0.054,110
-18.7187,-174.7279,87.54,4.7,71,54.0,4.559,0.52,us,11.0,3.383,0.06,85
-15.9833,-175.2045,271.983,4.4,40,57.0,3.898,0.7,us,11.82,7.767,0.085,40
52.8438,159.6073,56.032,4.1,14,164.0,0.607,0.39,us,12.42,7.096,0.184,9
36.9748,71.381,115.271,4.2,20,159.0,1.598,0.87,us,7.81,10.411,0.166,10
42.8324,146.8576,10.0,4.2,13,192.0,2.859,1.17,us,8.77,1.985,0.216,6
29.283,129.3649,10.0,4.4,39,108.0,2.41,1.17,us,4.32,1.888,0.112,23
-17.4834,-172.1175,10.0,4.6,27,97.0,2.615,1.12,us,4.66,1.905,0.125,19
52.5706,160.5659,10.0,5.4,195,114.0,1.249,0.85,us,7.35,1.811,0.045,171
-19.1369,-177.6793,599.809,4.3,56,133.0,3.859,0.59,us,13.32,7.337,0.072,54
-46.031,-16.2286,10.0,5.0,65,70.0,15.345,0.55,us,11.22,1.837,0.076,56
-19.313,-177.5673,574.565,4.3,38,125.0,4.056,0.63,us,15.46,10.474,0.1,29
53.0506,159.4767,70.87,4.8,77,105.0,0.5,0.6,us,10.1,6.785,0.033,279
39.6876,143.0464,10.0,4.4,24,190.0,1.874,1.1,us,5.48,1.964,0.143,14
52.795,160.1798,35.0,5.0,130,100.0,0.954,0.63,us,7.95,1.858,0.023,606
-31.7668,-69.7166,113.316,4.5,46,61.0,0.919,0.95,us,4.59,6.758,0.125,19
51.8969,178.568,98.161,3.7,36,150.0,0.059,0.57,us,9.7,9.228,0.119,20
-53.5331,24.905,10.0,4.5,18,105.0,21.346,0.45,us,12.07,1.915,0.132,17
1.4567,128.2043,106.214,4.6,48,80.0,3.826,0.5,us,8.34,8.523,0.088,39
51.4068,160.6326,10.0,4.3,28,229.0,2.027,0.57,us,13.83,1.982,0.126,18
50.8443,157.1652,72.792,4.4,39,136.0,2.291,0.47,us,12.13,7.924,0.098,30
52.1494,160.0293,35.0,4.4,23,124.0,1.214,0.51,us,8.31,1.961,0.107,25
-16.5178,-173.8145,53.864,4.4,11,144.0,3.252,0.53,us,12.6,8.869,0.179,22
39.0297,70.638,10.0,4.5,80,79.0,1.007,1.08,us,4.09,1.856,0.07,60
64.5477,-17.5269,10.0,4.4,55,133.0,1.648,0.65,us,8.78,1.912,0.085,40
-19.1652,-177.1744,335.954,4.4,76,64.0,6.852,0.77,us,13.95,7.948,0.062,75
2.7019,127.1005,81.019,4.5,52,79.0,1.936,0.61,us,6.48,7.224,0.085,40
18.8183,-69.6585,104.119,4.4,83,52.0,0.43,1.09,us,6.04,6.941,0.038,199
39.3435,73.5168,10.0,4.1,20,112.0,1.167,0.68,us,3.13,1.864,0.261,4
4.2738,125.8902,92.607,4.5,53,45.0,0.613,0.96,us,7.34,6.521,0.078,48
55.5825,161.7852,97.631,4.2,71,134.0,3.154,0.66,us,13.06,10.346,0.068,60
33.1397,131.1214,9.817,4.9,114,69.0,1.721,0.57,us,6.45,4.225,0.059,90
-10.7629,165.1071,61.329,5.1,138,33.0,5.084,0.64,us,8.06,4.158,0.035,265
37.2716,20.272,36.354,4.1,27,149.0,1.323,1.37,us,6.15,10.799,0.166,10
4.5776,125.015,10.0,4.5,20,86.0,0.487,0.65,us,6.3,1.916,0.163,13
51.8319,162.3975,10.0,4.2,19,159.0,2.586,0.47,us,11.3,1.958,0.141,14
2.1265,126.699,50.669,4.7,149,42.0,1.502,0.64,us,3.69,6.55,0.046,143
-47.2566,165.9072,10.0,4.2,33,115.0,1.214,1.07,us,4.38,1.879,0.2,7
-15.5439,166.6985,10.0,4.7,29,95.0,0.496,0.33,us,6.62,1.874,0.133,17
33.0369,131.581,83.433,4.4,45,101.0,1.798,0.77,us,6.35,8.009,0.107,25
52.8886,160.7292,10.0,4.6,38,133.0,1.265,1.15,us,12.82,1.921,0.077,50
52.1473,160.5472,10.0,4.3,26,191.0,1.453,0.99,us,10.34,1.962,0.126,19
-20.5551,-178.0853,516.789,4.0,25,99.0,4.598,0.55,us,9.13,9.974,0.125,18
36.5653,70.7257,154.345,4.4,66,74.0,2.237,0.91,us,6.49,7.052,0.081,44
12.977,-88.8024,66.155,4.2,45,165.0,0.676,0.86,us,10.35,9.522,0.089,35
40.4447,63.1698,10.0,4.5,68,109.0,3.492,0.77,us,7.18,1.898,0.076,50
50.369,158.6245,20.346,4.8,78,134.0,2.658,0.71,us,11.12,5.495,0.04,190
-3.4009,146.2897,10.0,4.5,19,104.0,1.725,0.67,us,10.92,1.819,0.131,17
35.7227,140.5713,53.007,4.1,15,228.0,0.464,0.55,us,8.31,9.604,0.213,6
13.8938,39.803,10.0,4.3,28,97.0,3.786,0.79,us,6.44,1.945,0.125,18
-6.3591,155.1338,160.898,4.7,48,95.0,3.659,0.51,us,6.62,7.188,0.078,49
-50.0502,114.5821,10.0,4.2,13,147.0,16.408,0.18,us,12.63,1.861,0.167,10
-18.1334,-178.3603,519.086,4.4,46,131.0,2.722,0.83,us,14.93,7.648,0.066,67
52.4344,160.5642,10.0,4.8,56,148.0,1.305,0.46,us,7.66,1.915,0.059,89
12.0871,143.284,35.0,4.2,21,148.0,2.149,0.79,us,12.19,1.964,0.131,16
-6.6339,147.6278,42.999,4.2,15,101.0,2.792,0.69,us,6.81,10.122,0.198,7
49.7576,157.3809,17.955,4.4,66,134.0,3.361,0.55,us,9.69,4.782,0.077,49
39.2365,28.1235,10.0,4.3,30,63.0,0.961,0.7,us,4.43,1.892,0.129,17
-53.9769,-1.7298,10.0,4.5,13,91.0,17.768,1.0,us,10.92,1.852,0.163,11
3.4096,-31.4775,10.0,4.5,29,81.0,10.183,0.75,us,12.35,1.815,0.115,24
50.2744,159.5324,10.0,4.2,21,139.0,2.807,0.55,us,13.69,1.926,0.124,18
-15.1264,172.3477,636.785,4.5,67,63.0,4.975,0.79,us,12.61,9.278,0.068,64
-22.7543,-175.0961,10.0,4.6,28,133.0,6.96,0.78,us,14.06,1.893,0.081,45
52.7805,160.2293,35.0,4.5,55,150.0,0.987,0.57,us,5.43,1.935,0.08,46
-5.0765,102.1558,35.0,4.5,25,202.0,1.068,0.5,us,9.94,1.972,0.135,16
-5.2022,151.6993,117.783,4.5,62,70.0,0.947,0.79,us,9.51,7.65,0.079,47
52.022,160.3219,10.0,4.1,14,124.0,1.432,0.93,us,11.01,1.942,0.234,8
16.3711,-59.5654,10.0,4.3,43,165.0,1.433,1.05,us,8.93,1.942,0.122,19
53.3142,160.5301,35.0,4.4,29,169.0,1.715,0.93,us,7.96,1.952,0.115,22
52.9516,160.6343,35.0,4.2,35,137.0,1.202,0.7,us,10.87,1.948,0.092,33
51.4551,159.0953,35.865,4.7,34,124.0,1.594,1.04,us,10.08,7.847,0.102,29
12.4011,-55.7232,10.0,4.5,35,129.0,3.814,0.99,us,12.29,1.938,0.115,22
34.5564,70.7886,10.0,4.7,44,100.0,1.366,0.85,us,9.49,1.892,0.093,35
-19.4395,-69.5259,96.593,4.2,15,128.0,0.387,0.52,us,5.56,4.763,0.176,9
-19.594,-175.5821,197.786,4.6,18,135.0,5.364,0.3,us,13.46,17.827,0.136,16
37.7701,144.1904,10.0,4.6,52,134.0,3.869,0.68,us,9.91,1.905,0.09,37
52.4254,160.6948,34.746,4.6,110,117.0,1.38,0.9,us,8.59,5.315,0.038,209
-27.6087,-177.8981,10.0,4.6,32,224.0,1.63,1.19,us,13.78,1.919,0.1,33
-57.9396,-24.3082,10.0,4.4,20,100.0,16.368,0.71,us,14.28,1.938,0.123,20
-57.9072,157.6187,10.0,5.8,45,100.0,3.496,0.37,us,9.93,1.878,0.092,43
-57.1844,-67.8729,10.0,4.5,17,152.0,2.262,0.67,us,11.27,1.965,0.163,11
39.2824,71.8998,10.0,4.1,16,113.0,0.21,0.97,us,3.73,1.918,0.158,11
51.1354,159.4812,10.0,4.6,29,89.0,1.959,0.87,us,4.38,1.907,0.141,23
-17.7322,-178.7735,551.011,4.4,80,76.0,2.17,0.79,us,11.52,6.709,0.032,276
51.707,160.2022,10.0,4.3,23,137.0,1.626,1.03,us,9.21,1.881,0.129,17
-7.024,150.1524,10.0,4.8,45,99.0,3.281,0.78,us,10.47,1.878,0.079,49
51.7836,-170.3515,10.0,4.3,56,182.0,1.044,1.01,us,5.17,1.647,0.111,23
-28.3595,-177.6876,10.0,4.2,12,139.0,9.773,0.56,us,9.18,1.952,0.159,11
34.8716,23.3565,44.531,4.9,75,83.0,2.578,0.79,us,7.8,7.226,0.04,200
54.5807,-160.0813,35.0,4.0,36,163.0,0.38,0.96,us,4.88,1.889,0.195,8
-25.384,179.6597,520.876,4.2,17,160.0,7.747,0.67,us,24.14,22.745,0.132,16
19.8204,121.3394,41.517,4.7,80,108.0,2.992,0.85,us,7.72,7.847,0.069,64
-11.8328,166.6422,181.077,4.5,21,146.0,3.634,0.77,us,13.83,8.805,0.14,19
23.7187,90.427,10.0,4.1,29,147.0,4.847,0.39,us,9.98,1.763,0.117,20
29.3846,129.2979,10.0,4.8,29,108.0,2.341,0.69,us,6.2,1.658,0.101,31
-14.7719,167.6181,158.433,4.0,11,280.0,6.566,0.61,us,8.64,14.502,0.183,8
2.1109,128.2193,157.77,4.4,35,100.0,1.58,0.87,us,6.04,7.507,0.112,23
-1.0187,-13.4111,10.0,4.9,42,75.0,44.573,0.47,us,14.62,1.874,0.091,38
52.2393,160.8316,10.0,4.1,32,167.0,1.544,0.88,us,6.94,1.961,0.114,21
30.3969,138.2382,442.091,4.5,71,99.0,3.024,0.35,us,10.89,4.033,0.033,268
51.359,159.4329,35.0,4.7,72,138.0,1.735,0.94,us,10.72,1.923,0.06,85
-6.1184,147.6197,68.815,4.2,15,130.0,3.297,0.62,us,5.99,12.188,0.175,9
-25.4959,179.7323,496.474,4.2,24,161.0,7.869,0.6,us,15.11,10.789,0.118,20
-37.4248,51.5607,10.0,4.6,35,81.0,23.682,0.57,us,15.32,1.86,0.116,22
51.149,158.5587,35.0,5.2,142,60.0,1.878,0.74,us,7.36,1.832,0.023,602
55.9698,163.9536,38.997,4.2,16,144.0,4.635,0.85,us,10.07,8.889,0.152,12
37.6699,144.22,10.0,4.8,52,123.0,3.963,0.73,us,8.68,1.882,0.048,136
18.5802,145.6828,214.977,4.2,35,115.0,3.322,0.54,us,11.75,8.781,0.108,24
19.9514,121.3212,10.0,4.7,54,102.0,2.861,0.79,us,9.63,1.898,0.093,35
52.8728,161.1066,10.0,5.0,92,117.0,1.494,1.2,us,9.54,1.872,0.034,274
52.817,159.7294,62.698,4.0,38,161.0,0.685,0.71,us,9.71,6.814,0.096,29
7.3731,127.2483,10.0,4.2,27,83.0,1.683,1.17,us,7.65,1.897,0.132,17
34.7697,141.8354,10.0,5.1,66,123.0,2.355,0.71,us,7.92,1.865,0.037,234
-59.1835,-25.4503,35.0,4.5,31,129.0,15.502,0.68,us,17.92,1.939,0.104,27
-56.579,146.3353,10.0,4.2,12,180.0,20.558,0.46,us,23.07,1.994,0.16,11
52.0097,161.0573,10.0,4.7,65,125.0,1.787,0.59,us,10.45,1.914,0.044,154
42.6832,17.6545,10.0,4.4,84,33.0,1.213,0.98,us,4.27,1.884,0.076,50
6.1102,127.2399,35.0,5.0,55,51.0,1.905,1.43,us,6.49,1.876,0.06,89
-59.0011,-25.6684,72.555,5.0,46,69.0,7.607,0.55,us,7.35,5.564,0.065,78
49.4694,158.9068,10.0,4.4,39,133.0,3.562,0.91,us,6.76,1.881,0.103,27
29.4902,129.073,10.0,4.5,37,106.0,2.338,0.76,us,5.12,1.883,0.103,28
41.7225,143.4689,40.341,4.5,76,133.0,0.374,0.75,us,6.42,6.036,0.053,103
-10.6964,120.0078,18.58,4.2,18,114.0,1.06,0.97,us,5.33,4.948,0.199,8
16.4242,-59.6297,10.0,4.4,36,242.0,1.383,0.57,us,7.89,1.976,0.109,24
45.7316,153.756,10.0,4.1,33,138.0,7.708,0.77,us,10.64,1.882,0.12,21
11.0639,93.0478,92.727,4.5,40,69.0,0.659,0.94,us,5.94,6.84,0.106,26
39.3819,143.4882,10.0,5.1,80,95.0,2.331,0.58,us,7.52,1.852,0.037,236
39.6279,143.3411,20.53,5.3,74,98.0,2.094,0.8,us,7.45,3.723,0.074,62
-5.883,149.3334,99.962,4.8,65,86.0,3.106,0.49,us,7.67,7.212,0.078,54
49.3466,156.9729,10.0,4.4,34,104.0,3.794,0.58,us,8.94,1.846,0.108,25
36.9448,71.253,194.25,4.2,52,97.0,1.68,0.76,us,7.46,6.771,0.082,41
-37.1699,-16.9678,10.0,4.5,16,70.0,3.72,0.56,us,12.66,1.893,0.145,14
-20.1095,-178.7629,618.958,4.1,18,122.0,3.823,0.49,us,18.61,9.315,0.158,11
54.781,162.2474,44.143,4.3,51,159.0,3.167,0.34,us,9.14,8.478,0.08,44
51.4017,159.6648,19.591,5.0,67,121.0,1.74,0.83,us,9.66,5.108,0.076,56
13.9504,-91.2257,62.751,4.0,33,192.0,1.281,0.67,us,7.56,11.403,0.111,22
52.2453,-168.4568,10.0,3.6,39,188.0,0.767,0.7,us,3.63,1.954,0.158,11
50.4101,157.5478,69.115,4.7,28,173.0,2.704,1.15,us,12.76,9.329,0.12,21
42.539,130.6594,575.724,4.4,191,83.0,1.922,0.62,us,10.26,7.249,0.036,226
52.1694,160.0339,35.0,4.4,25,134.0,1.202,0.91,us,8.71,1.826,0.13,17
52.5535,160.5109,31.366,4.5,66,149.0,1.224,0.97,us,10.89,6.661,0.074,54
51.1201,157.8945,68.211,4.9,200,115.0,1.962,0.6,us,5.72,6.27,0.032,301
-33.7941,-71.5126,53.057,4.6,48,144.0,0.161,0.66,us,3.25,3.91,0.111,24
52.786,160.6767,19.526,4.3,61,119.0,1.25,0.93,us,10.13,5.283,0.064,68
-13.7828,-75.9595,53.102,4.3,20,142.0,1.981,0.82,us,7.96,9.173,0.148,13
13.8667,39.798,10.0,4.3,27,110.0,3.773,0.71,us,9.91,1.927,0.133,16
28.2952,51.6921,10.0,4.1,40,172.0,5.238,0.97,us,10.41,1.97,0.097,29
51.9546,-175.4017,75.311,3.5,42,176.0,0.325,0.54,us,8.58,7.258,0.095,27
27.4432,102.9337,10.0,4.2,41,94.0,6.408,0.36,us,10.6,1.91,0.096,32
7.1636,127.2666,10.0,4.3,28,83.0,1.677,1.17,us,8.56,1.903,0.119,20
6.3683,126.3743,95.618,4.5,50,112.0,1.053,0.94,us,6.28,6.793,0.081,44
-22.7312,-174.6101,10.0,4.8,53,121.0,5.691,0.78,us,10.61,1.87,0.083,45
52.371,160.8023,10.0,4.1,13,208.0,1.464,1.11,us,5.79,2.008,0.214,6
25.8739,128.9672,10.0,4.6,47,68.0,1.143,0.88,us,4.79,1.899,0.091,36
-9.8339,114.1307,36.132,4.2,19,110.0,1.355,1.07,us,4.36,8.398,0.16,11
-7.5438,130.7545,38.42,4.3,13,64.0,3.118,0.55,us,10.24,10.07,0.266,5
33.5257,81.8743,10.0,4.7,91,78.0,7.903,0.47,us,8.89,1.843,0.063,77
52.0621,-171.3436,33.823,3.8,74,180.0,1.135,1.3,us,7.2,8.102,0.09,32
-38.3677,178.6045,10.0,4.9,24,196.0,0.838,0.74,us,6.57,1.943,0.169,13
-7.5561,127.8939,149.769,4.5,38,53.0,4.199,1.08,us,8.52,6.663,0.094,33
36.3077,77.0619,10.0,4.4,37,115.0,3.084,0.89,us,9.14,1.916,0.112,23
49.2208,157.8044,10.0,5.2,122,61.0,3.845,0.75,us,8.36,1.845,0.021,787
-57.6584,157.6936,10.0,4.3,19,142.0,3.244,0.81,us,13.45,1.941,0.168,10
28.2086,130.9833,10.0,4.6,50,130.0,2.389,0.45,us,4.8,1.871,0.093,35
54.1252,-159.5944,10.0,3.3,88,195.0,0.707,0.56,us,5.69,1.968,0.217,5
-10.7646,161.6979,35.0,4.5,24,159.0,2.17,0.53,us,9.33,1.91,0.124,19
5.6861,-77.8684,10.0,4.2,17,124.0,2.38,1.3,us,6.56,1.789,0.136,15
43.2345,146.029,63.305,4.5,65,133.0,2.445,0.45,us,10.0,7.495,0.075,52
52.7629,160.91,32.003,4.0,26,143.0,1.394,0.44,us,9.09,4.261,0.129,16
-18.0067,-178.3713,596.914,4.1,24,121.0,2.64,0.86,us,13.54,9.629,0.139,14
51.4227,161.1201,10.0,4.3,33,122.0,2.209,0.48,us,8.79,1.918,0.116,21
52.9949,160.5429,35.0,4.1,72,164.0,1.144,0.55,us,12.58,1.96,0.074,50
39.7195,143.2649,36.166,4.7,79,130.0,1.994,0.66,us,7.29,7.009,0.062,80
-6.4693,142.7868,10.0,4.6,39,98.0,3.256,1.14,us,4.97,1.885,0.107,26
-6.9829,129.5921,150.547,4.1,22,132.0,4.827,0.78,us,10.27,5.309,0.135,15
51.3099,159.8509,10.0,4.1,19,193.0,1.869,0.34,us,11.25,1.99,0.145,13
52.9339,159.7283,66.86,4.0,45,167.0,0.658,0.42,us,11.82,6.004,0.09,36
-56.8159,-68.4705,10.0,5.0,66,146.0,1.947,0.52,us,9.49,1.893,0.074,58
-31.9438,-71.342,49.072,4.5,80,128.0,0.327,0.65,us,4.35,6.369,0.072,57
-35.4508,53.763,10.0,4.5,12,127.0,11.97,0.68,us,16.14,1.74,0.242,7
53.2655,160.1198,59.522,4.4,127,120.0,1.465,0.48,us,8.98,6.127,0.05,117
50.8759,158.5559,35.0,4.2,21,223.0,2.152,1.11,us,10.44,1.994,0.141,14
36.7754,72.9519,10.0,4.9,68,79.0,1.579,0.98,us,7.46,1.853,0.063,79
-6.8441,129.37,174.154,4.6,24,67.0,4.84,0.5,us,13.01,9.668,0.119,21
-48.1337,117.5056,10.0,4.3,20,89.0,15.191,1.18,us,12.74,1.915,0.125,18
51.3461,158.9338,42.251,4.2,20,138.0,1.689,1.36,us,13.86,8.481,0.146,13
29.3581,129.4491,10.0,4.6,53,122.0,2.313,0.62,us,7.49,1.89,0.084,46
13.7233,40.5146,10.0,4.4,27,111.0,3.847,1.0,us,7.47,1.933,0.096,31
-52.8105,21.813,10.0,4.4,19,113.0,20.431,0.37,us,12.75,1.903,0.126,18
52.6742,160.2915,15.627,4.2,61,120.0,1.055,0.66,us,9.15,5.245,0.071,56
49.1492,156.2055,35.0,4.4,41,107.0,4.074,0.48,us,12.41,1.936,0.103,27
52.3124,160.2713,10.0,4.4,72,113.0,1.217,0.8,us,9.09,1.874,0.052,106
21.6431,95.7576,10.0,4.4,38,89.0,3.587,1.1,us,10.07,1.921,0.11,24
50.4351,156.4906,76.983,4.5,127,128.0,2.78,0.63,us,9.87,6.402,0.047,130
51.4375,159.3951,10.0,5.0,84,123.0,1.653,0.86,us,8.82,1.888,0.064,78
-5.8682,146.3753,115.4,4.6,115,29.0,3.598,0.49,us,7.46,7.323,0.049,134
51.6292,158.6883,46.22,4.0,38,138.0,1.397,1.09,us,9.75,7.668,0.093,37
52.3476,160.5712,27.555,4.8,82,134.0,1.351,1.02,us,10.37,5.7,0.038,214
3.1466,125.7941,138.464,4.3,21,111.0,1.607,0.48,us,8.4,8.689,0.147,15
52.1919,160.1743,34.0,4.8,60,137.0,1.248,1.17,us,5.64,5.681,0.08,51
-49.5905,164.4033,18.022,4.3,25,133.0,3.656,0.99,us,9.47,4.775,0.188,8
2.0682,96.6309,26.827,4.5,43,181.0,1.211,0.54,us,7.44,6.437,0.09,36
15.2275,-104.0943,10.0,4.0,32,262.0,4.628,0.61,us,13.16,2.022,0.093,32
15.6541,-94.0004,70.035,4.3,56,133.0,1.66,0.68,us,6.8,11.851,0.056,90
42.882,144.9575,104.464,4.4,130,133.0,1.589,0.43,us,9.06,6.952,0.045,139
-13.5455,-76.9197,10.0,4.5,30,137.0,1.55,0.79,us,8.88,1.724,0.07,61
-6.1652,151.4946,10.0,4.6,36,86.0,5.367,0.74,us,13.16,1.93,0.094,45
-24.1417,179.857,533.267,4.4,51,69.0,6.584,1.05,us,11.13,8.282,0.066,67
-21.1742,-175.5954,125.013,4.5,33,115.0,6.674,0.82,us,13.53,6.894,0.107,26
13.8676,145.119,107.614,4.3,27,104.0,0.369,0.78,us,9.22,6.358,0.126,18
50.1627,158.7531,10.0,4.4,40,134.0,2.865,1.03,us,6.82,1.898,0.103,27
49.7634,155.8637,77.256,4.2,30,152.0,3.541,0.51,us,14.26,9.094,0.125,22
-22.7597,-66.771,219.095,4.8,59,43.0,1.313,0.86,us,10.65,7.314,0.059,90
51.7945,158.4856,55.333,4.6,18,138.0,1.235,0.87,us,11.68,7.851,0.128,18
49.2129,157.8451,10.0,4.3,22,137.0,3.849,0.48,us,12.31,1.919,0.153,12
50.9219,157.9667,40.798,4.3,91,98.0,2.147,0.61,us,8.41,4.416,0.061,76
-59.4211,-25.4353,10.0,4.3,22,120.0,7.945,1.36,us,13.06,1.942,0.129,21
48.4089,154.165,82.888,4.6,37,116.0,5.212,1.06,us,11.94,7.41,0.072,57
-56.0013,-27.6013,105.358,4.5,29,100.0,5.38,0.36,us,13.21,9.396,0.102,28
49.9506,159.0301,10.0,4.3,19,136.0,3.086,0.82,us,10.27,1.919,0.177,9
51.5708,159.3325,30.8,4.5,38,127.0,1.514,0.73,us,10.49,6.316,0.097,31
-23.4224,178.8889,545.272,5.0,121,45.0,5.703,0.77,us,10.29,5.663,0.042,180
50.5943,157.6929,35.122,4.3,35,126.0,2.504,1.07,us,10.14,7.962,0.099,29
54.61,-160.2111,35.0,3.8,26,197.0,0.423,1.0,us,6.01,2.009,0.208,8
-12.1176,166.2266,35.0,4.9,33,88.0,3.443,0.83,us,3.97,1.924,0.11,26
4.937,127.879,10.0,4.3,23,166.0,2.4,0.5,us,10.37,1.952,0.148,13
-17.7248,167.3727,10.0,4.4,13,148.0,2.271,1.25,us,8.52,1.934,0.202,7
52.1808,160.4261,10.0,4.4,18,166.0,1.373,1.19,us,13.63,1.948,0.127,18
51.6034,160.0568,35.0,4.6,17,226.0,1.664,0.58,us,14.11,1.989,0.193,8
9.1076,93.8628,10.0,4.3,26,199.0,5.694,0.65,us,13.63,1.962,0.133,16
17.6585,146.1456,153.099,4.7,71,129.0,2.428,1.0,us,11.76,7.723,0.043,163
49.3583,155.39,75.832,4.5,65,136.0,4.025,0.69,us,7.82,7.594,0.051,111
12.9684,145.6685,10.0,4.9,49,55.0,0.994,0.8,us,6.89,1.843,0.052,117
-9.1708,123.6698,35.0,4.1,15,118.0,0.827,0.7,us,5.23,1.962,0.233,5
-51.5125,138.4991,10.0,4.3,13,92.0,19.753,0.2,us,11.89,1.946,0.168,10
7.0462,126.9375,62.913,5.2,75,104.0,1.348,0.84,us,8.9,7.046,0.068,71
51.22,159.3297,10.0,4.8,75,134.0,1.854,0.84,us,10.44,1.895,0.061,83
7.4914,127.2912,10.0,4.9,65,56.0,1.749,0.69,us,4.86,1.866,0.078,52
52.2503,160.4393,36.48,4.3,20,177.0,1.877,1.09,us,12.62,6.719,0.125,18
51.3729,160.9167,10.0,4.2,43,129.0,2.163,0.63,us,8.73,1.906,0.089,35
-3.6539,145.6604,10.0,4.1,19,127.0,2.337,0.75,us,13.6,1.824,0.145,13
-4.4179,144.4685,174.214,4.7,62,54.0,3.733,0.79,us,8.28,6.395,0.051,116
52.5279,158.9657,67.462,4.3,53,212.0,0.532,0.65,us,9.49,6.534,0.087,38
50.6561,156.7776,69.15,4.0,22,129.0,2.521,0.63,us,13.76,8.801,0.143,13
49.1306,157.8965,10.0,5.1,99,77.0,3.985,0.71,us,8.69,1.853,0.029,375
51.4786,157.9915,60.004,4.2,26,126.0,1.599,0.73,us,10.77,8.705,0.127,17
52.9406,160.7209,10.0,4.9,78,125.0,1.255,0.78,us,10.43,1.878,0.026,459
39.395,143.1701,10.0,4.6,99,134.0,2.133,0.82,us,7.14,1.886,0.062,79
51.7136,160.1103,24.263,4.3,41,127.0,1.588,0.86,us,8.14,5.494,0.089,39
52.715,161.0274,10.0,4.3,44,134.0,1.474,0.8,us,11.85,1.909,0.099,29
39.5266,143.5987,10.0,4.5,35,135.0,2.316,0.91,us,8.92,1.907,0.108,25
37.7922,144.1409,10.0,4.4,32,136.0,3.828,0.83,us,9.62,1.911,0.149,15
52.0187,160.6424,21.572,4.5,25,176.0,1.579,0.93,us,13.75,6.995,0.107,26
29.1445,57.9672,10.0,4.4,74,62.0,4.468,0.48,us,9.43,1.862,0.065,67
-7.3874,154.4351,10.0,4.9,47,69.0,3.897,0.94,us,10.66,1.883,0.056,102
-23.4037,-179.9567,548.13,4.1,15,198.0,5.931,0.37,us,21.51,15.777,0.127,17
-57.1929,-67.9056,10.0,4.3,25,164.0,2.271,0.53,us,12.28,1.971,0.122,19
49.6153,155.5725,80.832,4.2,36,133.0,3.743,0.55,us,13.92,9.977,0.085,39
37.9542,20.9645,66.039,4.2,29,163.0,1.087,0.7,us,6.54,6.204,0.167,10
50.0326,158.8601,10.0,4.4,35,141.0,2.998,0.62,us,10.1,1.923,0.103,27
6.8332,126.9556,73.342,5.1,65,121.0,1.387,0.87,us,8.9,8.092,0.064,79
9.8057,126.1921,37.473,4.5,22,129.0,2.785,0.68,us,6.19,6.356,0.145,14
18.6893,145.5668,220.794,4.1,38,128.0,3.436,0.76,us,14.88,9.399,0.097,29
-9.7528,150.665,10.0,4.3,20,102.0,3.474,0.85,us,7.61,1.828,0.16,11
25.1114,126.1506,35.0,4.3,31,88.0,1.888,0.84,us,7.96,1.94,0.129,17
29.0846,86.7036,10.0,4.5,26,164.0,3.909,0.71,us,9.68,1.889,0.124,19
51.1383,159.5376,10.0,4.3,29,138.0,1.966,0.45,us,12.07,1.939,0.126,18
-24.4871,-176.8224,123.427,4.6,52,74.0,4.841,0.63,us,10.98,6.892,0.084,43
-19.4817,169.7526,34.312,5.1,56,89.0,3.787,0.94,us,7.82,4.413,0.054,111
30.9563,99.0742,10.0,4.4,57,81.0,6.981,0.36,us,5.85,1.871,0.084,41
50.0903,157.3962,10.0,5.3,141,71.0,3.028,1.04,us,7.8,1.736,0.023,632
52.6161,160.8295,10.0,4.4,54,175.0,1.384,0.61,us,10.0,1.952,0.076,50
-12.4679,167.1554,241.604,4.6,51,90.0,2.962,0.49,us,11.45,5.613,0.084,42
52.3932,160.5513,28.933,4.4,39,122.0,1.318,0.77,us,9.49,5.88,0.109,24
52.8658,-168.371,52.18,3.3,21,171.0,0.312,0.68,us,5.04,7.864,0.125,15
-4.4978,154.2852,10.0,4.7,47,94.0,2.137,0.81,us,9.51,1.876,0.09,37
50.0786,157.2271,35.0,4.5,23,138.0,3.048,0.54,us,13.75,1.948,0.15,14
52.1538,160.0609,57.838,5.1,82,135.0,1.225,0.93,us,10.34,6.834,0.038,231
52.9373,160.7052,47.898,5.7,88,147.0,1.246,0.77,us,9.41,6.148,0.05,144
-21.9615,-175.3969,10.0,4.9,70,90.0,5.875,0.82,us,11.64,1.871,0.071,62
51.6455,159.4825,10.0,4.2,23,138.0,1.472,0.59,us,10.8,1.932,0.141,14
-5.9341,147.6485,92.875,4.6,63,47.0,3.482,0.74,us,7.6,7.686,0.066,69
52.1871,160.6277,10.0,4.5,42,123.0,1.468,1.12,us,9.22,1.898,0.096,32
49.2244,156.3117,41.381,4.5,112,131.0,3.986,0.54,us,9.1,7.054,0.055,98
-21.0771,168.6603,10.0,4.9,43,92.0,1.899,0.74,us,7.82,1.893,0.095,35
53.2463,160.8246,35.0,4.2,21,193.0,1.329,0.89,us,8.86,1.99,0.141,14
48.6211,157.4251,10.0,5.0,66,136.0,4.476,0.62,us,8.85,1.876,0.028,416
-34.8108,-108.6124,10.0,4.9,82,155.0,7.685,0.43,us,13.8,1.908,0.055,105
11.2197,124.411,10.0,4.3,26,134.0,4.282,1.17,us,13.76,1.921,0.133,17
51.2127,158.899,32.829,4.3,26,124.0,1.82,0.96,us,10.66,6.506,0.116,24
52.3363,159.7504,37.28,4.4,33,120.0,0.96,0.77,us,9.23,4.459,0.095,32
8.655,58.5807,10.0,4.3,25,141.0,19.376,0.65,us,13.31,1.867,0.129,17
-10.3795,-78.7742,60.716,4.5,22,149.0,2.479,0.9,us,5.46,8.828,0.163,11
-24.2712,179.736,574.872,4.1,19,99.0,5.375,0.54,us,15.13,11.072,0.145,13
49.8602,159.4591,10.0,4.3,41,136.0,3.208,0.77,us,10.14,1.915,0.1,33
51.3465,159.4824,36.23,4.5,29,128.0,1.756,0.57,us,9.71,7.607,0.115,22
49.1377,156.1835,70.426,4.5,36,124.0,4.089,0.69,us,8.13,8.094,0.087,39
-19.0071,-69.9601,80.994,4.6,34,140.0,0.729,0.43,us,3.11,6.093,0.117,22
37.855,144.1509,10.0,4.7,60,130.0,3.783,0.98,us,9.48,1.904,0.064,74
51.414,161.1404,10.0,4.3,33,125.0,2.224,0.78,us,10.56,1.918,0.106,25
-24.2968,-179.9884,533.552,4.5,124,77.0,5.261,1.16,us,10.97,6.126,0.049,132
49.9298,157.2372,34.618,4.7,70,135.0,3.196,0.54,us,11.76,5.72,0.041,177
-22.2384,-68.568,142.402,4.3,24,74.0,0.764,0.78,us,6.8,7.482,0.217,6
34.9414,32.4528,10.0,4.3,21,136.0,0.722,1.09,us,5.65,1.809,0.217,6
0.7147,-26.0178,10.0,4.9,87,93.0,11.815,0.49,us,9.41,1.328,0.063,80
-24.4861,179.958,519.129,4.4,44,100.0,5.101,0.51,us,15.75,8.107,0.092,34
52.0221,160.4813,35.0,4.2,24,135.0,1.503,0.6,us,11.62,1.943,0.141,14
-29.4769,-176.6905,10.0,4.8,26,143.0,1.106,1.19,us,7.58,1.935,0.111,29
51.4481,161.4189,10.0,4.1,39,122.0,2.321,0.74,us,10.11,1.929,0.101,27
39.5125,143.5374,10.0,4.3,23,174.0,2.284,0.52,us,8.87,1.968,0.178,9
-16.415,178.3725,10.0,4.6,16,66.0,0.96,0.45,us,5.24,1.794,0.173,11
-60.7713,-51.9006,10.0,4.7,38,67.0,6.864,0.67,us,5.14,1.812,0.126,19
9.5201,93.4167,10.0,4.5,31,118.0,6.177,0.53,us,7.82,1.772,0.121,20
-10.8013,161.8095,35.0,4.5,24,138.0,2.279,0.65,us,11.99,1.937,0.115,23
-2.5272,28.9942,10.0,4.4,30,88.0,8.37,0.65,us,9.58,1.825,0.112,23
43.9036,147.5989,59.817,4.1,21,190.0,3.618,0.78,us,6.47,10.772,0.145,13
20.1066,148.0444,10.0,4.5,30,109.0,5.295,0.93,us,6.94,1.886,0.113,23
-30.1026,-177.1731,10.0,4.5,21,213.0,1.079,0.89,us,9.5,1.967,0.128,18
52.9643,160.9211,10.0,4.8,81,103.0,1.374,0.88,us,7.58,1.844,0.036,243
-17.0648,167.9348,23.559,4.4,22,159.0,1.755,0.58,us,10.27,6.584,0.134,16
51.7415,158.6828,63.654,4.1,26,102.0,1.284,0.74,us,5.2,7.893,0.127,17
11.1406,124.1708,10.0,4.2,19,137.0,4.277,1.39,us,17.06,1.917,0.166,13
-24.5919,179.8478,521.261,4.3,25,188.0,7.016,0.73,us,15.71,17.366,0.119,20
50.0851,158.3609,26.091,4.0,24,134.0,2.948,0.79,us,12.05,6.181,0.134,15
51.2414,-177.0545,35.0,3.6,44,213.0,0.533,0.5,us,4.46,2.009,0.189,7
13.9342,92.3481,10.0,4.2,14,214.0,6.585,0.53,us,8.19,1.963,0.215,6
-52.8962,22.0141,10.0,4.4,23,77.0,20.523,0.66,us,10.93,1.87,0.12,21
21.2891,101.6636,10.0,4.3,38,67.0,1.603,1.07,us,6.66,1.875,0.126,18
27.5427,139.8854,486.645,4.3,125,47.0,2.093,0.58,us,10.87,7.79,0.052,107
52.2378,160.6673,10.0,4.8,46,123.0,1.46,1.19,us,9.77,1.893,0.075,55
30.1914,51.8503,10.0,4.9,86,62.0,6.498,1.14,us,7.93,1.887,0.069,66
-21.6202,-68.7253,107.557,4.5,23,70.0,0.511,0.85,us,6.08,5.583,0.15,13
48.6975,154.8069,71.578,4.2,64,132.0,4.78,0.71,us,11.29,7.888,0.074,51
-6.4239,146.8437,47.489,4.6,71,42.0,2.978,0.52,us,7.43,7.24,0.077,50
39.4321,143.5073,10.0,4.3,32,135.0,2.312,1.11,us,6.62,1.666,0.129,17
51.7493,16.2011,5.0,3.8,28,87.0,2.046,0.64,us,6.32,1.966,0.254,4
-21.6473,-68.3281,148.798,4.2,28,51.0,0.862,0.92,us,4.63,7.932,0.199,7
23.151,121.6227,34.496,4.4,47,50.0,0.384,0.72,us,3.59,4.743,0.1,29
7.1025,-82.283,10.0,4.8,83,86.0,3.127,0.73,us,6.65,1.885,0.044,160
-22.5477,170.9152,35.0,4.7,30,107.0,3.206,0.61,us,7.44,1.945,0.115,23
53.0853,160.8313,33.238,4.2,33,162.0,1.318,0.7,us,5.54,7.832,0.11,23
-21.8902,-176.2243,196.38,4.2,20,132.0,6.533,0.66,us,18.75,14.5,0.166,11
50.3116,157.6571,30.803,4.4,45,134.0,2.785,0.64,us,12.0,6.583,0.068,62
4.6571,95.3103,63.633,4.5,56,162.0,1.727,0.72,us,8.35,8.127,0.083,42
-21.7679,-176.6199,199.014,4.2,19,167.0,6.417,0.81,us,14.62,7.568,0.136,15
52.3267,160.8481,32.872,4.1,22,88.0,1.509,0.78,us,10.97,6.422,0.131,16
51.1059,159.6807,10.0,4.9,34,170.0,2.023,0.76,us,11.95,1.955,0.104,29
-20.8557,170.1036,149.342,4.3,18,208.0,3.026,0.67,us,15.11,14.136,0.154,12
51.2969,159.6096,10.0,4.6,25,138.0,1.827,0.48,us,7.77,1.85,0.157,12
51.2104,159.6003,10.0,4.6,32,155.0,1.908,0.99,us,7.65,1.938,0.114,26
52.1052,160.3138,10.0,4.7,73,124.0,1.37,0.97,us,9.18,1.887,0.064,74
27.6675,53.0396,10.0,4.0,23,85.0,3.926,0.71,us,8.24,1.94,0.122,18
-19.5761,-69.4112,104.739,4.5,31,112.0,0.224,0.64,us,5.48,4.024,0.135,16
-6.6097,154.7994,25.472,5.0,87,62.0,3.558,0.42,us,8.68,4.448,0.057,100
30.8371,99.9943,10.0,4.5,46,109.0,5.97,0.64,us,8.93,1.902,0.098,31
-54.5726,-118.9566,10.0,4.7,36,119.0,30.283,0.81,us,14.26,1.888,0.095,34
52.2964,160.5443,10.0,4.2,35,137.0,1.364,0.34,us,11.02,1.923,0.107,24
-19.6884,-177.7917,407.626,4.4,52,81.0,4.181,0.62,us,9.77,6.17,0.081,44
49.3239,82.3489,10.0,5.2,199,37.0,2.507,0.61,us,6.75,1.835,0.042,188
-10.1094,116.1328,52.225,4.9,49,156.0,2.062,0.63,us,9.19,6.732,0.091,43
27.4113,52.5321,10.0,4.1,25,84.0,4.113,0.36,us,9.52,1.921,0.127,17
36.7398,71.1247,241.348,4.0,21,86.0,1.907,0.71,us,7.08,10.621,0.212,6
-22.0583,-68.6663,114.408,4.0,40,115.0,0.594,0.86,us,5.13,6.058,0.104,26
-4.5374,153.2974,11.332,4.4,32,102.0,1.182,0.65,us,6.47,4.632,0.112,23
-15.8409,168.1644,187.857,4.4,22,232.0,1.005,0.86,us,12.8,7.768,0.127,18
52.2702,160.4299,27.061,4.5,58,145.0,1.321,0.72,us,9.75,6.1,0.08,45
3.0098,-31.4978,10.0,5.0,58,154.0,20.298,1.02,us,13.69,1.925,0.056,102
52.7946,159.266,67.395,4.5,78,134.0,0.438,0.69,us,9.25,6.058,0.044,154
25.5239,141.4344,112.193,4.7,62,116.0,1.704,1.25,us,9.86,5.0,0.06,83
50.4576,157.2437,35.0,4.6,60,135.0,2.67,0.88,us,11.09,1.912,0.036,228
54.6966,160.1413,10.0,4.1,38,131.0,1.895,0.73,us,10.4,1.908,0.086,38
51.8347,159.175,56.386,4.3,25,166.0,1.233,0.89,us,9.54,9.193,0.119,20
-62.0195,-158.5718,10.0,4.7,14,97.0,19.273,0.88,us,16.34,1.885,0.152,13
5.0401,126.6349,9.254,4.4,37,72.0,1.192,0.77,us,6.37,4.161,0.098,35
-7.1085,129.2665,137.45,4.2,25,66.0,5.113,1.19,us,9.44,6.116,0.187,8
49.2161,156.0151,35.0,4.6,106,135.0,4.039,0.64,us,9.19,1.916,0.058,90
51.0453,157.0508,79.483,4.5,60,134.0,2.104,0.61,us,11.78,7.338,0.077,49
-30.154,-177.7973,10.0,5.0,82,69.0,8.067,0.93,us,12.33,1.806,0.059,93
50.6188,156.9493,74.025,4.2,65,135.0,2.536,0.54,us,4.48,8.024,0.073,52
-2.9393,137.2052,60.199,4.1,28,70.0,1.043,0.53,us,5.78,7.974,0.13,16
52.2394,160.4024,10.0,5.1,67,122.0,1.326,0.83,us,8.09,1.795,0.044,170
2.7565,127.3287,53.159,5.3,82,75.0,1.972,0.78,us,6.74,7.304,0.038,236
34.8011,26.4845,54.9,4.2,28,165.0,0.928,0.68,us,7.03,9.399,0.199,7
-20.2047,-177.6115,509.712,4.4,27,97.0,4.686,0.64,us,19.23,16.418,0.12,20
51.8911,160.372,10.0,4.5,18,160.0,1.548,0.78,us,11.43,1.955,0.15,16
51.436,159.5406,35.0,4.7,47,138.0,1.682,1.11,us,6.93,1.796,0.081,46
-48.8483,123.8442,10.0,4.9,19,79.0,16.658,0.73,us,13.16,1.871,0.144,15
1.2364,128.4832,10.0,4.0,23,145.0,1.208,0.75,us,7.3,1.61,0.157,13
52.2122,160.634,16.666,4.5,75,150.0,1.457,0.81,us,9.44,5.513,0.071,58
-31.5296,-178.1655,35.0,4.3,12,174.0,2.27,1.12,us,11.94,1.982,0.177,9
52.6312,160.6671,30.242,4.5,29,137.0,1.285,0.82,us,13.58,6.359,0.135,16
27.3659,52.528,10.0,4.2,40,115.0,4.089,0.59,us,9.47,1.949,0.106,25
22.7731,143.4107,91.2,4.1,17,163.0,4.445,1.1,us,15.73,7.465,0.166,10
50.4117,156.5472,80.71,4.4,48,125.0,2.794,0.95,us,10.77,6.217,0.08,45
-9.623,112.8724,49.654,5.0,60,60.0,1.706,0.6,us,6.53,7.491,0.087,42
52.4437,160.8731,10.0,4.1,20,122.0,1.471,1.1,us,5.58,1.927,0.13,16
51.3451,159.7239,33.793,4.2,20,152.0,1.806,0.69,us,9.57,8.124,0.167,10
50.0822,157.2741,30.003,4.3,34,132.0,3.042,0.8,us,5.69,5.538,0.104,26
-20.9163,-65.1486,314.573,4.1,32,84.0,3.832,0.56,us,11.06,13.118,0.151,12
50.4745,157.713,40.941,4.5,60,126.0,2.618,0.75,us,7.52,6.941,0.051,114
52.0022,177.5731,153.772,4.1,26,170.0,0.583,0.48,us,5.45,7.174,0.14,14
29.1179,129.1083,10.0,4.2,25,128.0,2.39,0.67,us,6.87,1.62,0.159,11
52.1579,160.5211,10.0,4.2,24,162.0,1.433,1.15,us,10.48,1.964,0.113,22
52.7737,161.1913,10.0,4.3,28,148.0,1.56,0.68,us,9.99,1.94,0.133,16
-0.3936,125.2219,40.671,4.6,39,48.0,1.865,0.8,us,6.96,8.342,0.107,26
1.6554,127.3893,133.097,4.3,51,106.0,0.878,0.77,us,6.72,7.238,0.086,38
-23.8661,-67.9349,117.756,4.5,23,54.0,0.937,1.43,us,6.9,6.511,0.131,17
-6.0762,127.7737,404.814,4.2,38,54.0,2.624,0.44,us,9.87,9.95,0.132,16
18.1329,145.2906,450.422,4.0,51,117.0,2.915,0.61,us,13.53,9.959,0.081,41
55.8412,162.4201,64.891,4.4,88,96.0,3.58,0.68,us,9.31,6.368,0.056,94
-15.2883,-172.8333,10.0,4.7,22,134.0,2.427,0.73,us,13.4,1.9,0.117,22
42.8343,144.5628,63.3,4.1,58,133.0,1.324,0.99,us,7.29,7.046,0.087,36
51.6428,159.3522,33.276,4.6,109,87.0,1.448,0.69,us,8.57,5.52,0.051,113
52.2472,160.2458,35.0,5.3,215,91.0,1.774,0.71,us,8.87,1.839,0.042,186
49.286,157.9737,10.0,4.3,31,164.0,3.767,0.85,us,10.63,1.938,0.119,20
44.6235,149.4554,35.0,4.2,43,144.0,4.946,0.8,us,11.62,1.947,0.093,32
-18.9716,167.4547,10.0,4.7,28,80.0,3.226,0.94,us,8.48,1.901,0.117,22
-1.9845,139.1742,35.0,4.2,17,80.0,1.18,1.01,us,4.53,1.927,0.146,13
-17.9318,-178.3497,561.357,4.6,109,29.0,2.615,0.87,us,11.05,5.698,0.029,358
52.0356,158.6557,67.853,4.3,38,138.0,0.989,0.64,us,11.02,8.187,0.086,38
44.543,145.6776,189.34,4.1,19,142.0,2.254,0.35,us,10.26,4.316,0.165,10
51.8442,160.1578,10.0,4.6,54,125.0,1.499,1.08,us,8.29,1.887,0.064,74
37.403,75.7878,10.0,4.5,38,160.0,2.767,0.77,us,9.4,1.912,0.115,22
-6.5286,147.631,31.25,4.3,20,113.0,2.895,1.01,us,7.32,6.25,0.154,12
54.4422,-159.7016,10.0,3.9,93,164.0,0.395,1.27,us,4.29,1.867,0.182,8
49.4716,155.5842,78.223,4.3,51,135.0,3.876,0.55,us,10.85,7.701,0.068,62
52.957,160.5551,35.0,4.1,17,118.0,1.154,0.61,us,10.99,1.944,0.135,15
-24.1591,-67.1015,183.203,4.1,24,102.0,1.556,0.7,us,9.43,9.832,0.212,6
-56.2114,-143.8027,10.0,5.1,29,127.0,27.438,0.83,us,14.87,1.892,0.108,28
-54.6925,-0.8853,10.0,4.5,10,146.0,17.065,0.62,us,17.0,1.937,0.18,10
52.3277,161.5303,10.0,4.4,21,135.0,1.887,0.62,us,13.76,1.941,0.134,16
52.8893,160.8106,10.0,5.2,136,73.0,1.314,1.26,us,8.08,1.786,0.027,464
38.3636,142.4686,28.542,4.1,18,180.0,2.654,0.54,us,9.06,8.002,0.198,7
51.4578,160.565,10.0,4.1,36,135.0,1.961,0.91,us,11.56,1.912,0.107,24
-15.7536,-70.8997,172.506,4.1,12,153.0,2.277,1.07,us,8.46,12.342,0.151,12
53.0958,161.2612,10.0,4.1,41,145.0,1.578,1.21,us,10.3,1.924,0.094,31
-33.4808,-70.0832,113.693,4.1,23,128.0,0.086,0.3,us,5.9,5.084,0.3,3
17.4741,-94.6995,147.499,4.2,51,78.0,0.551,0.93,us,5.55,4.938,0.061,76
-58.8909,-25.9676,97.36,4.5,32,84.0,7.416,0.5,us,12.98,8.026,0.104,29
51.7951,160.6424,10.0,4.6,64,166.0,2.23,1.08,us,9.17,1.928,0.058,88
51.6515,160.1221,10.0,4.7,79,125.0,1.644,0.83,us,7.62,1.833,0.045,150
7.0282,126.8129,86.178,4.5,34,108.0,1.225,0.83,us,10.93,8.246,0.104,27
-30.633,-178.8006,121.021,4.7,34,103.0,1.577,0.79,us,12.66,8.469,0.082,46
1.5122,124.8959,10.0,3.8,16,132.0,3.252,0.46,us,8.26,1.627,0.162,10
60.5383,-139.9131,5.867,4.3,48,50.0,0.475,0.93,us,1.82,1.254,0.169,10
51.254,160.4877,10.0,4.2,22,150.0,2.103,0.75,us,11.02,1.957,0.146,13
6.3533,94.2208,59.396,4.6,24,128.0,2.933,0.85,us,10.07,8.786,0.157,12
-52.3544,28.0513,10.0,4.5,13,105.0,20.645,0.85,us,12.72,1.666,0.163,12
35.9999,140.0476,82.345,4.2,27,148.0,1.581,0.94,us,7.88,8.8,0.137,15
51.8962,158.5115,70.037,4.2,35,137.0,1.132,0.64,us,11.15,7.089,0.103,26
44.8318,150.3277,10.0,4.5,39,184.0,5.581,0.5,us,14.7,1.968,0.103,28
39.1259,142.1222,69.898,4.5,59,125.0,1.85,0.79,us,8.61,7.896,0.073,55
52.877,160.2527,35.0,4.1,9,219.0,0.981,1.02,us,15.98,2.015,0.234,6
49.8591,159.5088,10.0,4.2,37,136.0,3.214,0.54,us,8.27,1.849,0.11,23
38.2452,75.6079,112.706,4.7,98,168.0,2.458,0.82,us,7.66,7.822,0.064,75
28.1494,142.832,10.0,4.5,53,134.0,1.197,0.53,us,8.56,1.896,0.085,43
13.1257,-91.0028,10.0,4.4,48,194.0,1.418,1.08,us,8.91,1.95,0.038,205
16.5187,-59.7045,10.0,4.6,61,128.0,1.323,0.52,us,7.13,1.908,0.092,35
3.0448,128.8654,10.0,4.5,29,95.0,3.772,0.62,us,5.62,1.919,0.131,17
12.703,144.2187,26.757,4.4,13,119.0,1.085,0.42,us,8.22,7.392,0.219,6
-27.7332,-177.856,10.0,4.4,22,136.0,1.508,0.63,us,10.28,1.948,0.134,17
-24.7352,179.6374,528.13,4.3,25,133.0,7.111,0.66,us,18.34,13.127,0.108,24
51.3075,159.2253,52.424,4.5,14,241.0,1.755,1.01,us,12.94,10.18,0.192,8
51.9548,160.3943,33.606,4.4,25,217.0,2.011,0.96,us,14.12,10.227,0.112,23
4.0528,127.934,69.783,4.6,18,114.0,2.539,0.52,us,13.25,9.109,0.136,16
52.7596,160.965,10.0,5.5,119,92.0,1.427,0.69,us,9.02,1.783,0.039,225
54.4877,-160.3001,36.392,3.7,34,158.0,0.537,0.74,us,5.4,7.634,0.191,7
-16.0559,168.0852,262.614,4.1,21,148.0,1.043,0.72,us,14.32,11.443,0.135,15
14.8447,-94.114,10.0,4.7,91,124.0,1.837,0.75,us,6.01,1.888,0.042,177
-6.4839,147.3433,35.0,4.2,23,111.0,2.908,0.73,us,9.15,1.942,0.136,15
-3.6257,151.5576,10.0,4.4,25,110.0,0.825,0.36,us,8.88,1.895,0.126,18
49.338,158.004,10.0,4.5,37,165.0,3.713,0.89,us,10.67,1.922,0.106,27
-3.2368,101.3683,58.687,5.2,84,125.0,1.938,0.77,us,6.98,7.137,0.069,70
-24.7674,179.9098,525.928,4.3,45,108.0,4.877,0.9,us,14.29,9.54,0.086,39
-3.7295,142.0765,26.072,4.6,28,144.0,1.827,0.98,us,7.99,5.621,0.119,21
45.6845,42.2956,10.0,4.3,41,55.0,2.675,0.78,us,7.57,1.914,0.085,39
50.1769,155.9291,91.642,4.4,62,135.0,3.136,0.7,us,11.99,7.771,0.066,66
7.6469,127.1659,10.0,4.8,98,75.0,1.675,1.1,us,6.35,1.765,0.056,98
16.3431,145.9123,556.218,3.7,21,156.0,1.102,0.31,us,40.82,29.242,0.11,21
50.6641,159.9504,10.0,4.4,61,125.0,2.497,0.64,us,6.78,1.802,0.073,54
50.4878,156.7733,86.299,4.3,52,101.0,2.686,0.68,us,11.46,7.134,0.081,43
-16.8565,-173.4989,39.87,4.3,43,56.0,3.838,0.57,us,5.1,7.514,0.094,32
-6.3099,151.9589,10.0,4.4,21,130.0,1.991,0.75,us,10.25,1.813,0.138,15
51.0138,157.2677,83.555,4.6,69,127.0,2.115,0.59,us,9.62,7.173,0.039,193
-27.1652,-175.9607,10.0,4.6,30,164.0,10.884,0.82,us,14.85,1.91,0.11,25
51.5468,159.9383,10.0,4.3,83,127.0,1.677,0.8,us,8.11,1.905,0.065,67
29.2121,129.4659,10.0,4.3,25,123.0,2.443,0.91,us,8.51,1.912,0.129,17
-20.7196,173.6803,493.66,4.2,27,117.0,5.081,0.69,us,17.67,14.412,0.118,23
3.0386,-31.3781,10.0,4.7,42,82.0,9.898,0.72,us,8.15,1.714,0.073,57
52.6231,160.6758,10.0,4.3,37,120.0,1.293,1.03,us,9.2,1.904,0.103,27
16.5982,41.1068,10.0,4.3,46,124.0,3.754,1.07,us,9.17,1.902,0.08,45
51.3345,159.5784,10.0,5.0,64,139.0,1.786,1.27,us,9.34,1.896,0.052,118
13.8547,145.2782,91.953,4.1,25,104.0,0.478,0.62,us,7.71,6.724,0.123,18
52.4163,160.7465,10.0,4.3,14,166.0,1.413,0.86,us,14.09,1.911,0.201,7
51.6021,159.3397,35.0,4.5,72,109.0,1.485,1.0,us,8.69,1.906,0.062,76
-52.8748,28.1561,10.0,4.3,17,95.0,21.161,0.52,us,15.09,1.915,0.138,15
-7.4895,130.0447,79.197,4.3,25,110.0,2.951,1.15,us,9.63,7.739,0.129,17
-9.2516,112.6426,66.245,4.0,17,155.0,1.682,0.97,us,9.91,10.427,0.164,11
52.1484,160.2623,35.0,4.7,16,164.0,1.835,0.77,us,12.18,1.98,0.195,8
50.3463,156.9091,54.086,4.2,23,131.0,2.809,0.67,us,7.89,8.465,0.167,10
53.6861,160.5009,50.581,4.8,183,115.0,1.293,0.62,us,3.55,6.623,0.043,164
52.6923,160.9851,10.0,4.2,24,198.0,1.454,0.82,us,10.88,1.994,0.117,20
0.8821,92.7848,10.0,4.8,42,55.0,4.808,0.78,us,9.92,1.868,0.107,27
52.7396,160.9397,10.0,4.0,10,120.0,1.416,0.35,us,9.67,1.873,0.164,10
-57.7441,158.499,10.0,4.2,14,124.0,3.263,0.79,us,13.53,1.931,0.141,14
-5.2321,102.4614,34.436,4.6,49,123.0,0.996,0.86,us,9.15,5.906,0.081,45
27.9898,50.4539,10.0,4.1,13,195.0,5.979,1.1,us,9.75,2.004,0.262,4
-29.4061,-178.7471,210.988,4.8,76,51.0,0.732,0.67,us,13.06,6.152,0.067,69
37.8141,144.1232,10.0,4.5,44,136.0,3.802,0.86,us,9.7,1.898,0.102,29
35.8935,140.1659,77.893,4.5,34,145.0,1.71,0.51,us,5.59,7.923,0.124,19
11.0423,123.8836,10.0,4.5,53,73.0,4.288,0.53,us,8.89,1.839,0.088,38
51.6828,160.6606,10.0,4.3,31,127.0,1.823,0.67,us,9.66,1.914,0.106,25
-22.1385,-179.8,606.632,4.1,19,205.0,4.815,0.54,us,23.24,29.791,0.126,18
16.6079,-59.4498,10.0,4.2,21,216.0,1.578,0.67,us,10.35,1.966,0.2,7
-7.3233,129.2753,123.984,4.2,16,109.0,5.283,0.88,us,10.29,11.001,0.186,8
85.0643,9.0273,10.0,4.6,46,62.0,4.516,0.89,us,9.66,1.905,0.082,45
30.0753,69.7393,10.0,4.4,32,184.0,8.525,1.05,us,11.03,1.954,0.105,26
-1.9974,-13.1468,10.0,4.2,21,103.0,6.018,0.71,us,11.8,1.916,0.136,15
-57.7559,157.4226,10.0,4.2,16,141.0,3.374,0.7,us,8.47,1.957,0.136,15
-30.5376,-179.1076,235.117,4.5,45,81.0,1.645,1.34,us,13.89,7.691,0.083,43
-23.3574,171.4649,10.0,4.5,16,201.0,3.776,0.9,us,8.69,1.929,0.171,10
51.4645,159.8388,10.0,4.3,30,124.0,1.724,1.23,us,9.09,1.912,0.132,19
-21.6349,-68.4385,120.808,4.3,96,60.0,0.764,0.74,us,5.92,5.977,0.057,86
51.331,160.1171,10.0,4.6,22,135.0,1.921,0.96,us,11.88,1.921,0.133,17
39.8024,141.7717,65.308,4.3,48,133.0,1.124,0.49,us,7.04,7.568,0.102,28
-61.0958,-36.1709,10.0,4.4,22,92.0,6.834,0.43,us,9.03,1.809,0.135,16
55.5635,-161.7158,163.749,3.5,29,66.0,0.145,0.27,us,6.97,4.552,0.247,4
50.5753,157.4751,35.0,4.7,36,130.0,2.54,0.92,us,9.57,1.927,0.095,34
83.339,-32.3826,10.0,4.0,24,67.0,2.695,1.2,us,7.71,1.913,0.163,11
51.0766,159.0676,40.463,4.2,44,163.0,1.967,0.72,us,13.35,9.079,0.096,30
-44.2974,-82.1364,10.0,4.1,7,200.0,9.266,0.12,us,13.23,1.994,0.213,6
-28.147,63.0684,10.0,4.5,21,78.0,14.74,0.74,us,13.31,1.876,0.156,13
9.2702,94.3342,10.0,4.1,15,183.0,4.779,1.16,us,10.26,1.94,0.185,8
-17.9249,-178.2088,539.334,4.4,40,181.0,2.725,0.79,us,18.65,9.332,0.095,32
49.8296,155.7817,87.635,4.4,120,133.0,3.495,0.44,us,9.99,7.112,0.051,110
10.1544,126.4282,42.521,4.9,109,96.0,3.178,0.56,us,10.42,5.264,0.057,96
52.851,160.7257,31.325,4.4,55,135.0,1.268,0.8,us,11.66,6.094,0.076,50
44.0361,-128.4571,10.0,3.9,41,219.0,2.187,0.75,us,9.66,1.99,0.229,5
52.157,160.4571,10.0,4.6,42,123.0,1.403,0.96,us,9.12,1.87,0.082,44
-10.2715,161.2607,108.087,5.0,82,33.0,1.536,0.72,us,9.51,4.987,0.046,233
-26.9572,-176.4619,42.53,4.5,19,199.0,11.123,0.6,us,14.71,10.008,0.131,18
-11.5634,166.2988,115.859,4.3,32,145.0,3.959,0.61,us,9.39,8.35,0.113,22
-47.2853,97.2931,10.0,4.6,11,157.0,20.853,0.44,us,11.66,1.954,0.182,9
-29.2831,-177.8099,10.0,4.7,30,129.0,8.87,0.77,us,13.84,1.922,0.11,25
13.8751,120.649,129.637,4.3,34,128.0,8.904,0.86,us,10.39,8.691,0.104,26
-49.2564,125.0308,10.0,4.4,16,89.0,17.32,0.6,us,11.88,1.939,0.149,13
50.2768,159.0998,10.0,4.9,71,125.0,2.765,1.03,us,8.39,1.87,0.029,363
51.959,160.8506,10.0,4.2,34,183.0,1.717,0.44,us,12.8,1.984,0.11,23
1.3077,98.8548,105.636,4.1,17,134.0,1.279,0.7,us,6.96,3.365,0.213,8
-9.8482,119.4386,43.699,4.2,24,79.0,0.865,1.08,us,6.79,12.57,0.176,9
-32.941,179.1459,356.666,4.0,23,80.0,4.661,0.82,us,14.93,9.407,0.119,19
-16.0342,-75.5304,10.0,4.6,24,193.0,4.219,0.91,us,12.11,1.974,0.125,19
51.5614,159.0909,35.0,4.1,45,127.0,1.489,0.9,us,10.33,1.936,0.086,39
-4.7775,104.2855,175.47,4.4,42,55.0,0.276,0.98,us,8.18,3.178,0.107,25
-22.8719,-179.4342,535.764,4.4,41,93.0,9.65,0.82,us,15.78,10.13,0.086,39
52.915,160.6201,35.0,4.3,15,170.0,1.196,0.81,us,9.34,1.987,0.201,7
2.7456,128.4849,221.602,4.4,33,86.0,3.591,0.78,us,7.06,8.444,0.112,23
37.3898,141.8091,47.295,4.3,23,98.0,3.007,1.21,us,8.67,7.403,0.148,13
22.4404,94.5319,105.63,4.5,84,52.0,1.28,0.43,us,8.13,6.785,0.066,67
9.3593,93.9247,10.0,4.9,105,45.0,2.56,0.68,us,7.38,1.853,0.056,99
7.6113,-73.956,102.374,4.3,37,88.0,2.772,0.64,us,8.13,10.137,0.104,26
-2.6593,28.6544,10.0,4.6,59,64.0,2.918,0.67,us,10.66,1.877,0.079,48
-55.3861,-129.7475,10.0,4.5,25,54.0,30.722,0.75,us,14.22,1.845,0.127,18
-52.5538,28.2409,10.0,4.5,16,119.0,20.87,0.46,us,10.57,1.901,0.136,16
12.2665,125.4801,43.118,4.4,42,107.0,5.165,0.78,us,10.56,6.751,0.098,30
50.9353,158.3634,39.451,4.7,31,137.0,2.099,0.73,us,12.17,7.384,0.104,28
52.5993,160.9951,21.159,4.4,18,147.0,1.485,1.09,us,13.32,7.155,0.162,11
6.626,127.0071,10.0,4.4,21,71.0,1.485,0.93,us,4.25,1.928,0.139,18
-15.8352,-74.7509,25.018,4.4,28,143.0,4.33,0.94,us,8.17,5.274,0.12,20
52.5479,-169.6073,35.0,3.6,43,185.0,0.249,1.32,us,4.23,1.977,0.104,23
9.0584,126.4287,46.855,4.5,36,73.0,2.148,0.81,us,8.31,7.67,0.101,29
-45.3527,97.3138,10.0,4.4,11,157.0,22.154,0.24,us,9.58,1.933,0.189,8
-59.8786,-27.8994,182.868,4.3,29,86.0,7.3,0.69,us,13.62,9.251,0.097,30
-17.5462,-178.9401,541.874,4.4,47,108.0,1.935,0.62,us,13.41,8.184,0.083,42
51.6411,159.5849,38.818,4.6,83,127.0,1.499,1.19,us,9.41,7.234,0.051,116
30.5334,103.2064,10.0,4.9,64,39.0,5.423,0.78,us,4.93,1.886,0.071,62
4.5925,125.929,87.44,4.3,23,106.0,0.47,1.11,us,12.8,8.333,0.129,17
9.1818,93.7574,10.0,4.6,72,94.0,5.043,0.66,us,8.53,1.88,0.076,52
50.9601,159.2523,10.0,4.4,45,130.0,2.1,0.99,us,9.71,1.909,0.068,62
7.147,126.8402,64.234,5.0,89,77.0,1.254,0.8,us,7.96,4.986,0.047,142
52.4948,160.7915,38.703,4.9,108,117.0,1.405,0.66,us,9.2,6.844,0.04,198
45.3442,151.0134,64.766,4.5,107,134.0,5.957,0.54,us,10.84,6.796,0.057,92
29.4228,129.5721,10.0,4.2,25,117.0,2.214,1.23,us,7.82,1.917,0.118,20
13.6258,-88.4988,189.415,4.4,54,148.0,0.231,0.87,us,12.1,4.766,0.06,81
39.4081,143.4448,10.0,4.6,87,123.0,2.288,1.01,us,7.79,1.88,0.063,74
-6.8749,125.3117,520.733,4.5,91,39.0,3.043,0.45,us,10.46,8.24,0.07,61
29.3517,129.4191,10.0,4.5,66,90.0,2.328,0.37,us,6.42,1.837,0.073,55
35.3936,22.9898,60.234,4.4,52,94.0,1.978,0.96,us,3.28,6.661,0.09,37
-6.9036,155.6917,35.0,4.6,49,93.0,4.426,1.01,us,9.57,1.918,0.084,46
50.7542,158.8384,35.0,4.3,26,166.0,2.276,0.64,us,8.92,1.914,0.126,18
53.7897,159.3919,106.921,4.7,98,118.0,1.215,0.78,us,10.48,6.404,0.037,218
-56.6444,-24.0158,10.0,4.8,30,104.0,7.474,0.81,us,10.8,1.902,0.103,29
16.4847,-59.6373,10.0,4.6,38,82.0,1.373,0.81,us,5.73,1.493,0.087,40
-16.2769,-177.683,10.0,4.3,16,273.0,2.835,0.72,us,8.31,1.998,0.148,13
52.0699,160.165,27.4,4.4,36,134.0,1.33,0.57,us,11.02,5.624,0.094,33
51.6269,159.5529,24.776,4.6,53,69.0,1.504,1.14,us,7.74,5.587,0.082,47
-6.6687,155.1769,21.346,4.4,21,120.0,3.88,0.51,us,12.67,5.264,0.134,16
10.8074,-62.9704,122.966,4.0,23,193.0,1.716,0.62,us,11.52,11.617,0.182,8
52.349,159.785,67.488,4.2,21,119.0,0.966,0.6,us,11.34,7.626,0.146,17
39.7192,142.2656,56.172,4.4,53,134.0,1.41,0.8,us,7.11,5.95,0.095,33
-15.3698,167.4686,121.884,4.9,50,84.0,0.267,0.64,us,10.42,4.772,0.087,41
51.0358,174.6866,10.0,3.9,27,206.0,1.735,0.91,us,7.74,1.794,0.148,12
32.4703,84.6414,10.0,4.2,37,156.0,6.209,1.23,us,10.3,1.924,0.11,23
-30.7154,-71.436,45.905,4.6,36,99.0,0.176,0.79,us,4.57,3.986,0.151,13
2.8875,-31.3647,10.0,4.8,52,46.0,9.77,0.84,us,10.87,1.851,0.066,72
-19.4447,168.5539,10.0,4.9,31,115.0,3.318,0.81,us,9.06,1.895,0.116,23
-53.002,21.956,10.0,4.4,16,96.0,20.627,0.5,us,14.17,1.904,0.144,14
52.534,-172.5469,111.524,3.6,31,163.0,1.065,0.82,us,12.58,10.187,0.166,10
21.8376,143.4495,193.538,4.0,42,139.0,5.36,0.78,us,13.75,8.407,0.09,33
50.4404,156.3974,79.264,5.6,184,43.0,2.791,0.64,us,8.6,6.891,0.029,417
6.76,-72.9658,165.882,4.1,13,167.0,2.332,1.09,us,13.58,17.407,0.233,5
-11.312,165.8242,55.485,4.5,42,115.0,4.324,0.58,us,10.12,7.452,0.089,37
52.2714,158.6845,64.8,4.3,19,164.0,0.753,1.03,us,11.02,8.879,0.168,10
29.7534,129.6362,10.0,4.6,35,113.0,1.886,0.62,us,6.77,1.883,0.119,21
-35.0456,-178.4819,10.0,4.5,16,222.0,3.61,0.58,us,11.58,1.984,0.192,8
51.3919,157.5509,61.529,4.6,34,120.0,1.721,0.67,us,10.26,8.292,0.105,27
13.4046,95.7949,10.0,4.2,21,173.0,4.006,0.33,us,12.52,1.946,0.159,11
51.3358,159.2549,35.0,4.3,16,230.0,1.731,0.68,us,12.29,1.987,0.188,8
52.6161,160.9052,10.0,4.3,14,121.0,1.428,0.83,us,9.08,1.784,0.177,9
52.1417,160.5002,33.827,4.2,21,124.0,1.433,0.61,us,11.06,6.281,0.112,22
2.0049,126.9327,29.138,4.6,50,89.0,1.299,0.85,us,3.13,5.421,0.084,42
50.6536,156.7887,75.01,4.3,75,98.0,2.522,0.69,us,11.22,6.661,0.069,59
-36.2734,-101.3359,10.0,4.4,11,152.0,35.556,0.39,us,20.19,1.935,0.18,9
51.098,158.941,34.661,4.8,32,125.0,1.937,1.16,us,8.94,3.802,0.114,24
-18.6281,-177.721,624.188,4.4,42,166.0,3.503,0.58,us,16.6,9.549,0.09,35
51.2873,157.5447,75.204,4.2,38,134.0,1.826,0.64,us,10.96,8.245,0.117,20
13.8424,39.8353,10.0,4.7,60,64.0,3.73,0.77,us,9.44,1.888,0.073,56
29.241,105.395,10.0,4.3,35,147.0,3.711,0.78,us,11.3,1.929,0.111,23
51.2104,159.0646,10.0,4.3,22,138.0,1.834,0.6,us,11.69,1.937,0.148,13
0.4719,-79.3622,57.913,4.4,32,116.0,0.954,0.38,us,3.75,9.028,0.134,16
52.5708,160.764,10.0,4.3,25,166.0,1.361,0.75,us,11.37,1.968,0.119,20
44.1537,146.5987,102.72,4.4,53,133.0,2.884,0.62,us,10.51,8.051,0.08,46
38.7751,70.4663,10.0,4.2,45,72.0,1.03,0.76,us,3.63,1.729,0.102,29
-55.2268,-27.8574,10.0,4.4,11,123.0,5.087,0.66,us,8.55,1.942,0.17,10
16.2496,41.1584,10.0,4.3,29,101.0,3.537,0.64,us,10.33,1.932,0.111,23
52.1648,160.5199,26.845,4.4,14,153.0,1.428,0.6,us,10.93,8.255,0.179,9
-30.342,-178.6068,168.546,4.2,15,259.0,7.644,1.23,us,21.8,15.221,0.146,13
-6.1815,152.1657,10.0,4.5,25,115.0,1.868,0.81,us,7.45,1.924,0.116,22
-58.5908,-8.1103,10.0,4.8,24,84.0,13.311,0.91,us,13.1,1.932,0.116,23
52.1385,159.527,52.868,4.4,44,132.0,1.035,0.75,us,10.49,7.51,0.092,34
39.536,143.4816,34.924,4.3,23,198.0,2.236,0.62,us,5.96,8.047,0.153,12
53.5129,160.1176,66.432,4.8,105,126.0,1.009,0.55,us,10.23,6.956,0.056,100
7.1303,127.2153,10.0,4.4,43,60.0,1.625,0.96,us,8.14,1.892,0.094,33
9.6143,126.1051,94.532,4.3,16,135.0,2.581,1.2,us,13.99,7.17,0.161,11
23.1183,120.6686,10.0,5.1,198,50.0,0.185,0.49,us,5.04,1.756,0.038,223
-17.98,-178.3576,605.504,4.5,70,49.0,2.636,0.83,us,13.37,6.838,0.061,89
51.6343,160.144,10.0,4.3,31,154.0,1.666,0.81,us,9.17,1.93,0.104,26
-23.6016,-179.4998,534.399,4.4,16,188.0,6.261,0.38,us,15.12,21.066,0.17,12
0.3533,122.348,129.767,4.1,26,72.0,3.182,0.69,us,7.87,8.451,0.127,17
37.8343,20.0575,38.519,4.3,46,134.0,1.623,1.24,us,6.27,10.016,0.103,27
7.4181,127.2014,12.696,4.2,27,132.0,1.646,0.69,us,11.3,4.935,0.11,23
52.6455,160.7598,10.0,4.3,31,174.0,1.335,0.53,us,7.97,1.902,0.102,27
6.9583,-73.1465,149.925,4.1,31,156.0,2.403,0.86,us,9.76,11.607,0.114,21
51.2543,-174.8171,10.0,4.0,65,190.0,1.007,0.68,us,5.42,1.804,0.076,46
-6.2398,151.8498,10.0,4.7,43,82.0,1.928,0.49,us,9.5,1.905,0.088,39
-17.9336,-178.4451,502.955,4.2,48,130.0,2.541,0.77,us,11.95,7.037,0.051,107
-20.9615,-178.7236,583.264,4.5,67,123.0,4.416,0.7,us,12.66,6.538,0.045,148
-15.9102,167.3193,16.121,4.4,59,112.0,0.474,0.51,us,9.86,5.058,0.078,51
39.9357,113.5049,10.0,4.3,47,71.0,2.051,0.55,us,8.3,1.851,0.087,37
15.179,-45.7693,10.0,4.8,123,47.0,12.075,0.45,us,8.28,1.849,0.042,174
-8.4181,111.0823,108.805,4.3,40,63.0,1.501,0.65,us,11.25,1.755,0.116,24
40.9078,35.1689,10.0,4.3,69,33.0,1.109,0.82,us,2.35,1.842,0.103,27
-20.1899,-177.6541,502.591,4.5,29,102.0,4.65,0.75,us,14.74,11.133,0.116,22
43.0205,150.1351,10.0,4.4,21,136.0,5.254,0.67,us,11.28,1.583,0.155,12
53.1272,161.2429,10.0,4.3,36,117.0,1.568,0.97,us,8.8,1.893,0.129,17
-10.2401,161.3778,84.234,4.3,42,127.0,1.619,0.65,us,10.05,7.075,0.138,15
53.139,160.6926,31.171,4.2,16,172.0,1.238,1.3,us,14.05,9.317,0.166,10
51.7974,160.3915,10.0,4.4,59,123.0,1.627,0.8,us,10.53,1.921,0.062,74
51.2851,159.4375,20.422,4.5,42,138.0,1.807,1.03,us,11.04,4.364,0.097,31
52.3235,160.747,10.0,5.0,145,108.0,1.457,0.64,us,7.35,1.85,0.034,278
33.4962,71.9641,10.0,4.3,27,99.0,4.825,0.91,us,5.12,1.919,0.133,17
50.6123,157.1581,51.563,4.4,91,98.0,2.522,0.74,us,9.79,6.88,0.06,81
34.1585,80.2244,10.0,4.4,27,113.0,6.445,0.77,us,11.53,1.916,0.095,32
51.2483,159.3828,10.0,4.1,22,142.0,1.834,1.05,us,11.88,1.944,0.127,17
-24.668,179.9121,513.356,4.3,92,47.0,4.949,0.77,us,11.2,7.232,0.058,92
51.5787,159.7664,10.0,4.8,91,120.0,1.601,0.7,us,8.06,1.884,0.06,84
52.3106,160.543,10.0,4.3,18,147.0,1.906,1.15,us,11.83,1.942,0.137,15
-62.2292,-154.8408,10.0,4.5,9,176.0,19.74,1.05,us,19.35,1.944,0.191,8
-17.0277,-174.6747,165.546,4.3,15,116.0,4.17,0.64,us,7.29,10.704,0.201,9
-8.5261,118.3772,134.968,4.6,51,62.0,0.665,0.81,us,7.81,6.515,0.094,36
-20.4518,-175.6997,238.9,4.4,53,124.0,5.606,0.71,us,13.65,8.363,0.089,36
51.8636,158.5225,72.11,4.1,44,118.0,1.164,0.8,us,9.52,7.547,0.082,43
-21.9912,-68.7137,117.67,4.3,27,64.0,0.527,0.93,us,5.51,4.761,0.16,11
49.7936,155.8633,69.691,4.6,55,135.0,3.512,0.33,us,12.34,7.44,0.05,122
53.2956,159.9478,60.943,4.3,20,142.0,0.828,0.7,us,12.36,11.465,0.168,10
-24.5531,-70.5644,26.298,4.3,20,178.0,1.073,0.95,us,4.54,7.321,0.16,11
52.3398,160.365,10.0,4.2,25,172.0,1.249,0.81,us,8.33,1.874,0.136,15
53.276,-160.0052,10.0,3.8,78,171.0,1.577,1.14,us,6.53,1.978,0.253,4
-6.9672,129.6672,141.95,4.2,17,126.0,4.773,0.8,us,5.54,9.312,0.175,9
52.7127,160.8119,10.0,4.1,17,251.0,1.347,0.89,us,7.55,1.997,0.151,12
51.2842,158.4725,35.0,4.5,24,127.0,1.745,0.8,us,11.04,1.92,0.156,12
-63.1395,167.8656,10.0,4.3,17,169.0,14.575,1.39,us,11.92,1.974,0.137,15
-23.4303,179.0358,559.959,4.6,54,132.0,5.731,0.95,us,13.78,9.717,0.057,93
30.3115,140.8922,10.0,4.8,105,30.0,2.942,0.9,us,7.72,1.781,0.041,183
51.4435,159.1498,25.927,4.6,47,137.0,1.612,1.04,us,12.8,6.595,0.068,67
-58.6924,-22.8409,10.0,4.4,17,105.0,15.362,0.72,us,12.96,1.837,0.143,14
-7.6961,127.6235,174.724,4.1,31,52.0,3.884,1.38,us,8.61,6.096,0.12,22
54.5301,-159.8566,35.116,4.2,72,153.0,0.339,0.93,us,5.94,8.155,0.086,37
40.7299,13.6049,404.05,4.1,59,53.0,0.789,0.77,us,7.37,6.317,0.123,18
51.5368,159.837,10.0,4.4,20,128.0,1.658,0.96,us,9.04,1.926,0.155,12
5.7465,61.397,10.0,4.4,34,139.0,23.38,0.95,us,13.81,1.936,0.108,25
-14.9266,166.7213,33.262,4.9,39,48.0,0.696,1.12,us,5.53,5.021,0.084,44
41.2916,142.346,51.965,5.0,124,123.0,0.944,0.47,us,4.64,6.017,0.053,113
5.9275,61.4056,10.0,4.6,42,138.0,23.247,0.99,us,15.04,1.95,0.095,33
60.9532,-28.0169,10.0,4.7,91,94.0,4.886,1.0,us,8.74,1.889,0.039,193
51.1389,159.7792,10.0,4.3,17,129.0,2.012,1.17,us,9.28,1.933,0.168,10
52.8408,160.0032,46.784,4.8,84,127.0,0.839,0.8,us,9.52,6.872,0.034,265
-19.1644,-177.4381,571.812,4.3,28,89.0,4.047,1.25,us,15.96,10.942,0.133,17
52.2113,160.5807,10.0,4.4,18,124.0,1.431,1.13,us,9.73,1.864,0.12,20
-6.3636,150.4086,10.0,4.3,17,118.0,2.602,0.41,us,9.12,1.632,0.154,12
35.1749,23.2911,44.106,4.3,64,76.0,2.284,0.61,us,7.82,7.556,0.077,48
50.7887,159.5658,10.0,4.2,18,132.0,2.309,0.68,us,8.15,1.948,0.146,14
-23.7405,-179.3795,395.029,4.1,28,172.0,5.652,0.49,us,15.96,10.586,0.107,24
-60.2192,-61.5746,10.0,4.6,26,134.0,4.713,0.67,us,5.42,1.917,0.116,22
52.6868,161.3702,10.0,4.1,26,134.0,1.684,0.94,us,13.48,1.937,0.127,17
39.3974,143.4498,10.0,4.4,52,137.0,2.298,0.53,us,4.48,1.899,0.096,35
2.4911,-76.2254,35.053,4.4,51,72.0,2.355,0.68,us,7.8,6.209,0.089,37
-16.1959,177.7655,10.0,4.6,101,111.0,1.565,0.44,us,13.29,1.881,0.056,99
-1.6753,123.8813,10.0,4.5,31,57.0,1.275,1.36,us,6.02,1.913,0.14,15
-2.3293,139.1544,40.0,4.4,27,71.0,1.117,1.12,us,6.6,7.298,0.13,17
-23.3961,171.1542,10.0,4.4,17,238.0,3.504,0.69,us,6.92,2.006,0.189,11
-17.6567,-71.6652,53.676,4.0,22,133.0,1.446,0.91,us,3.62,11.765,0.212,6
79.2928,2.743,10.0,4.4,43,61.0,3.958,0.55,us,9.3,1.821,0.095,32
-33.2074,-178.8684,35.0,4.2,19,166.0,4.031,1.2,us,11.18,1.976,0.147,13
72.0647,0.9333,10.0,4.3,53,97.0,7.278,0.49,us,9.26,1.922,0.084,40
65.8196,-37.5333,10.0,4.6,55,117.0,5.387,0.83,us,8.41,1.902,0.035,243
-55.2178,-29.0227,10.0,4.9,36,68.0,4.425,0.87,us,9.09,1.658,0.094,35
2.3958,98.9189,156.671,4.9,49,131.0,0.296,0.86,us,9.67,4.803,0.082,47
50.0292,155.6747,79.776,4.1,37,135.0,3.332,0.89,us,11.73,8.616,0.109,23
15.5563,-47.1137,10.0,4.5,29,149.0,11.717,0.5,us,14.71,1.943,0.128,18
-37.99,78.3647,10.0,4.3,27,150.0,40.316,0.75,us,11.43,1.926,0.114,22
-9.9186,121.7796,35.0,4.7,33,78.0,1.352,0.99,us,5.33,1.901,0.099,31
52.5145,160.8117,8.71,4.6,120,116.0,1.409,0.61,us,5.67,4.678,0.043,164
-5.4317,145.9904,64.308,4.6,53,84.0,3.635,0.54,us,8.05,7.585,0.081,46
-55.2986,-27.0243,10.0,5.0,36,114.0,5.57,0.68,us,8.19,1.83,0.095,35
46.062,143.7424,342.028,4.4,63,129.0,1.124,0.64,us,6.56,5.887,0.027,385
-17.6655,-69.7319,153.639,4.3,28,128.0,0.252,0.55,us,6.41,5.104,0.142,17
-5.3708,133.6391,10.0,4.5,24,66.0,2.739,1.03,us,7.41,1.932,0.139,15
51.2523,159.2584,10.0,4.8,83,122.0,1.813,1.01,us,8.64,1.875,0.036,232
26.3136,92.7974,35.0,4.3,43,146.0,3.685,0.64,us,9.54,1.94,0.103,27
-31.5118,-179.0856,10.0,4.8,13,148.0,2.47,0.64,us,8.71,1.902,0.16,12
51.2113,159.4212,10.0,4.3,24,211.0,1.876,0.73,us,6.1,1.969,0.129,17
53.0157,160.7567,35.0,4.0,14,133.0,1.273,0.9,us,12.08,1.946,0.196,7
52.3536,159.8729,35.0,4.8,47,122.0,1.523,0.55,us,7.8,1.848,0.064,75
-24.4969,-67.9147,130.0,4.2,27,85.0,1.557,0.64,us,2.8,2.0,0.199,7
52.3759,-175.802,222.406,3.9,69,100.0,0.323,0.5,us,12.33,6.293,0.093,31
48.9237,153.6849,161.796,4.4,47,133.0,4.896,0.43,us,12.24,7.739,0.081,43
34.8172,70.8104,8.988,5.3,87,47.0,1.414,0.64,us,8.52,3.76,0.036,264
51.2059,158.6169,41.411,4.2,37,128.0,1.82,0.87,us,11.1,8.594,0.096,30
39.1655,28.2881,10.0,4.1,18,70.0,1.08,0.58,us,5.32,1.977,0.302,3
-20.5334,-178.3095,540.152,4.4,44,124.0,4.418,0.7,us,14.12,7.851,0.097,33
42.9656,145.4249,65.812,4.3,50,134.0,1.928,0.61,us,10.1,7.798,0.094,32
-55.935,-27.1803,35.0,4.3,10,198.0,5.593,0.75,us,12.22,1.997,0.177,9
49.8927,158.5678,10.0,4.6,60,135.0,3.135,0.5,us,8.7,1.887,0.076,52
30.6025,141.6522,10.0,4.4,26,123.0,2.953,0.59,us,9.16,1.891,0.149,13
39.4542,20.6484,22.053,4.1,80,66.0,1.38,1.08,us,5.96,5.361,0.088,35
13.8426,144.8408,151.627,4.2,18,91.0,0.253,0.57,us,12.13,4.836,0.159,11
34.9884,104.7171,10.0,4.4,22,118.0,1.276,0.63,us,11.88,1.922,0.13,17
50.4088,157.936,10.0,4.5,37,134.0,2.656,1.01,us,12.58,1.907,0.057,92
19.5749,146.5963,35.0,4.3,25,159.0,4.379,0.76,us,11.66,1.949,0.125,18
50.4276,159.3625,10.0,4.5,23,135.0,2.637,0.58,us,12.69,1.922,0.131,17
18.8687,145.8904,229.981,3.9,14,176.0,3.609,0.57,us,18.23,12.105,0.171,9
52.2495,160.422,25.376,4.3,25,123.0,1.868,0.99,us,10.14,6.38,0.142,14
45.7258,26.7541,116.169,4.4,24,105.0,0.615,0.9,us,6.6,7.126,0.178,9
-31.0622,-178.6733,117.329,4.6,31,129.0,1.922,0.81,us,13.93,8.706,0.102,29
49.5558,156.7439,43.16,5.2,109,44.0,3.607,1.27,us,8.7,5.09,0.024,600
52.2614,160.3235,10.0,4.8,78,123.0,1.274,0.86,us,9.17,1.892,0.05,125
52.9914,161.2738,12.541,4.7,50,118.0,1.586,1.22,us,9.24,5.052,0.09,38
51.5628,158.7086,35.0,4.8,40,123.0,1.463,1.27,us,9.46,1.932,0.114,38
-59.7567,-26.8249,37.676,5.1,47,78.0,15.325,0.59,us,9.98,4.894,0.067,72
50.3444,159.023,10.0,4.4,35,138.0,2.693,0.54,us,12.9,1.931,0.109,24
48.8544,156.0836,10.0,4.9,69,134.0,4.38,0.87,us,11.62,1.893,0.046,150
50.9503,159.085,28.932,4.0,34,135.0,2.094,0.53,us,8.19,5.832,0.116,20
38.262,73.0607,104.769,4.3,33,183.0,0.456,0.61,us,3.67,6.16,0.142,14
52.761,160.6984,10.0,4.2,34,133.0,1.269,0.79,us,11.84,1.926,0.095,31
-20.4801,-178.1178,550.145,4.4,52,122.0,4.529,0.51,us,15.34,7.689,0.085,40
-29.3889,-179.0368,341.612,4.9,187,41.0,0.978,0.73,us,9.13,3.772,0.032,301
0.652,121.5651,80.966,4.5,54,113.0,0.906,0.77,us,8.79,7.143,0.079,47
51.5711,159.8421,10.0,4.2,29,127.0,1.628,1.04,us,9.34,1.904,0.121,22
32.7003,140.906,64.038,4.4,24,203.0,1.008,0.52,us,11.3,8.243,0.144,15
52.2116,160.7926,10.0,4.3,26,178.0,1.539,0.77,us,6.19,1.942,0.122,19
13.5675,-91.2791,35.0,4.3,36,130.0,1.023,1.12,us,4.49,1.916,0.061,76
51.436,159.9191,26.47,4.4,26,126.0,1.771,0.9,us,7.87,4.626,0.123,19
32.0486,56.3493,10.0,4.6,73,149.0,6.044,0.65,us,10.58,1.919,0.072,57
53.1578,159.7994,62.349,4.3,32,117.0,0.706,0.85,us,7.0,7.8,0.119,20
28.4953,87.3902,10.0,4.3,43,115.0,1.989,0.44,us,9.81,1.901,0.083,41
49.3466,157.3035,20.729,4.4,33,136.0,3.775,0.83,us,14.18,6.649,0.11,24
6.0067,126.146,150.653,4.4,61,45.0,1.197,1.07,us,4.67,6.262,0.073,54
25.2082,-109.508,10.0,4.1,23,179.0,0.576,1.15,us,6.74,1.938,0.12,19
44.0449,147.0617,128.652,4.4,64,177.0,3.221,0.65,us,11.78,9.994,0.073,54
-6.4244,103.6124,35.0,4.7,45,159.0,1.607,0.82,us,7.87,1.946,0.098,32
28.6735,76.6889,10.0,4.5,75,101.0,7.627,0.77,us,9.86,1.894,0.069,62
52.2,-170.4212,46.445,4.0,52,179.0,0.667,0.97,us,6.35,5.739,0.1,27
53.4249,-161.7561,21.608,4.4,66,153.0,1.585,0.76,us,5.05,4.985,0.072,56
13.6224,123.4808,35.0,4.7,44,132.0,9.425,1.15,us,13.0,1.943,0.094,34
39.4265,21.7743,10.0,4.5,85,46.0,0.595,0.69,us,3.87,1.881,0.068,64
51.9802,160.2155,10.0,4.5,39,124.0,1.417,0.71,us,8.78,1.893,0.089,44
-32.1158,-68.3992,126.63,4.9,201,42.0,0.614,0.6,us,7.1,5.814,0.038,214
54.44,-160.098,49.646,3.3,66,196.0,0.491,0.9,us,5.9,11.664,0.218,5
-7.6539,147.3831,105.648,4.1,40,125.0,1.754,0.7,us,7.06,7.978,0.103,27
52.7494,160.644,34.576,4.8,117,123.0,1.239,0.75,us,9.6,5.386,0.031,327
-1.923,128.9011,10.0,4.7,55,41.0,2.582,1.06,us,8.75,1.874,0.085,42
-23.9499,-66.9871,173.069,4.5,21,77.0,1.478,0.94,us,7.69,8.482,0.14,15
-43.7903,-16.0949,10.0,4.6,26,144.0,7.306,0.71,us,10.57,1.855,0.111,25
16.5897,-93.93,132.014,4.6,70,118.0,0.753,0.74,us,5.92,5.95,0.039,198
51.5017,159.5624,29.95,4.7,78,124.0,1.624,1.13,us,9.49,5.604,0.05,122
-32.6284,-70.5432,20.296,3.7,21,81.0,0.135,1.13,us,2.82,5.911,0.356,2
50.8843,-172.3169,10.0,3.7,23,201.0,1.766,0.61,us,5.23,1.976,0.101,25
51.4833,159.9705,10.0,5.3,141,98.0,1.743,1.06,us,4.55,1.805,0.028,440
39.1936,28.0382,10.0,4.1,19,71.0,0.889,0.88,us,3.91,1.921,0.234,5
-16.0679,-171.4995,10.0,4.4,16,133.0,2.023,0.35,us,5.46,1.91,0.179,9
-27.5818,-179.8993,471.278,4.1,13,123.0,9.969,0.33,us,21.34,11.711,0.165,11
-14.6503,167.3741,94.492,4.2,21,154.0,0.809,0.55,us,8.21,6.144,0.128,19
31.0108,143.0862,10.0,4.5,40,129.0,3.481,0.91,us,9.45,1.883,0.096,32
52.0184,158.7075,63.28,4.2,18,123.0,1.007,0.74,us,11.29,4.098,0.128,17
-14.3466,166.454,10.0,4.3,16,183.0,1.312,1.06,us,10.78,1.967,0.153,12
-36.0216,179.8197,17.631,4.6,33,158.0,1.96,0.92,us,12.1,5.121,0.116,22
43.9746,-128.2335,10.0,4.3,93,115.0,3.034,0.84,us,7.62,1.915,0.062,73
12.9202,144.9144,46.114,4.2,18,102.0,2.452,0.4,us,12.74,9.707,0.166,10
51.8234,160.0484,28.589,4.4,33,125.0,1.476,0.62,us,10.11,5.956,0.107,25
49.9712,159.7477,10.0,4.6,31,191.0,3.132,0.95,us,9.63,1.943,0.067,66
7.3264,127.3499,15.686,4.5,39,127.0,1.775,1.13,us,8.24,4.561,0.093,34
51.0686,91.4009,10.0,4.3,32,144.0,4.947,1.03,us,8.75,1.952,0.113,22
6.9645,126.8824,65.492,4.7,77,107.0,1.297,0.86,us,7.96,7.155,0.051,117
-16.1031,67.4002,10.0,4.5,17,93.0,5.283,1.09,us,13.81,1.9,0.181,9
29.2751,129.3634,10.0,4.6,88,107.0,2.417,0.49,us,4.53,1.84,0.053,105
-12.7434,169.7165,656.29,4.3,43,63.0,9.344,0.74,us,12.37,9.739,0.087,37
48.9312,155.8898,35.0,4.4,36,144.0,4.335,0.52,us,13.32,1.958,0.108,25
40.4899,143.6278,28.747,4.2,21,138.0,1.564,0.33,us,8.04,6.896,0.175,9
49.8389,155.8718,74.632,4.4,94,127.0,3.467,0.52,us,9.68,7.625,0.055,95
-63.458,173.854,10.0,4.3,11,217.0,14.624,1.04,us,11.72,2.011,0.189,8
6.9034,126.9331,71.575,4.4,49,133.0,1.354,0.79,us,9.32,7.417,0.087,38
52.4625,160.4409,43.863,4.2,23,160.0,1.225,1.07,us,13.64,9.174,0.131,16
28.9865,67.1943,10.0,4.4,43,115.0,5.754,0.85,us,5.85,1.857,0.087,38
16.5243,-59.6954,10.0,4.6,46,146.0,1.323,0.51,us,6.1,1.92,0.063,76
60.686,-58.6764,10.0,4.3,44,127.0,5.149,0.87,us,9.59,1.886,0.08,44
9.2662,93.8911,10.0,4.9,101,49.0,5.028,0.47,us,8.14,1.847,0.056,102
52.7118,160.9134,10.0,4.4,33,152.0,1.407,0.49,us,9.49,1.94,0.114,22
51.9769,161.8628,10.0,4.2,51,120.0,2.226,0.88,us,8.62,1.904,0.071,60
23.6902,-44.9762,10.0,4.7,38,104.0,16.824,0.76,us,13.47,1.917,0.092,36
51.9941,161.2727,10.0,4.2,31,217.0,1.906,1.21,us,11.96,1.993,0.11,23
-3.7733,127.8626,10.0,4.9,40,46.0,4.458,0.87,us,7.36,1.891,0.11,26
0.1473,126.7177,68.024,4.1,27,56.0,0.898,0.57,us,6.45,8.464,0.146,13
-10.1817,160.9105,15.093,4.6,36,78.0,1.203,0.27,us,9.17,2.698,0.093,34
-18.4639,-178.0883,459.62,4.3,67,33.0,7.563,0.68,us,12.07,6.874,0.041,171
-20.3338,66.2018,10.0,4.7,35,82.0,2.724,0.57,us,13.06,1.891,0.108,26
29.1776,129.4011,10.0,4.5,66,56.0,2.495,0.51,us,6.84,1.895,0.08,46
48.2049,157.1677,10.0,4.6,78,136.0,4.916,0.75,us,8.02,1.886,0.048,128
-30.0437,-177.8004,35.812,4.4,16,187.0,0.786,0.45,us,8.29,16.977,0.149,15
18.3051,146.3914,83.562,4.2,19,148.0,3.101,0.49,us,10.85,9.575,0.146,13
51.4892,159.7334,10.0,4.9,131,81.0,1.675,0.65,us,7.32,1.797,0.052,115
11.6392,142.3449,10.0,4.9,61,76.0,3.134,0.62,us,9.31,1.883,0.048,135
49.1092,155.9927,46.79,4.4,22,129.0,4.146,0.69,us,11.63,8.854,0.149,13
5.0021,125.1803,10.0,4.7,50,91.0,0.4,0.71,us,5.0,1.537,0.083,44
7.3896,127.0323,10.0,5.0,75,53.0,1.476,1.35,us,6.56,1.818,0.05,130
6.4695,93.6271,47.953,4.1,20,201.0,3.525,1.1,us,8.07,9.763,0.139,14
-27.7912,-178.3832,10.0,4.5,21,222.0,1.503,0.81,us,10.04,1.984,0.132,17
50.3301,159.134,10.0,4.4,21,133.0,2.714,0.71,us,11.28,1.924,0.155,12
29.0675,86.7312,10.0,4.2,32,97.0,3.889,0.78,us,5.18,1.9,0.088,36
6.9068,126.7658,71.956,4.2,31,121.0,1.189,1.06,us,8.83,7.71,0.117,21
9.9384,-70.7343,10.0,4.2,8,202.0,1.053,0.51,us,12.44,1.979,0.236,5
-24.4396,179.2269,545.001,4.4,31,98.0,5.418,0.58,us,13.73,13.468,0.105,26
52.6973,161.3613,10.0,4.1,15,197.0,1.676,1.02,us,12.04,1.998,0.262,5
52.0782,160.1514,10.0,4.2,20,124.0,1.817,0.97,us,11.26,1.934,0.141,15
51.9804,160.4872,35.0,4.7,44,178.0,2.043,0.55,us,9.87,1.956,0.078,50
-5.8369,147.4191,102.347,4.9,50,59.0,3.554,0.62,us,8.52,6.622,0.083,47
47.7371,152.4835,138.606,4.4,53,134.0,6.324,1.02,us,10.19,7.642,0.06,79
-6.1939,131.5375,27.083,4.6,32,94.0,2.324,0.65,us,7.47,6.41,0.129,21
-60.9717,154.1136,10.0,4.3,18,132.0,16.299,0.64,us,12.3,1.649,0.126,19
53.0811,161.6233,10.0,4.3,28,117.0,1.796,1.06,us,11.52,1.915,0.116,24
51.4757,159.519,10.0,5.3,116,77.0,1.64,0.85,us,7.06,1.842,0.022,682
52.5815,160.8164,10.0,4.6,18,121.0,1.388,0.61,us,8.48,1.82,0.207,12
9.7251,126.2551,43.253,4.6,44,124.0,2.722,1.23,us,11.07,6.067,0.103,30
2.1725,127.7313,186.847,4.2,36,100.0,3.394,0.83,us,9.61,8.636,0.115,22
42.2948,144.4065,35.0,4.1,23,144.0,0.97,0.83,us,8.84,1.95,0.174,9
26.0392,97.0716,10.0,4.2,28,117.0,5.201,0.98,us,6.96,1.92,0.147,13
-22.636,173.3987,10.0,4.5,23,125.0,5.499,1.47,us,9.56,1.922,0.145,14
29.2506,129.5135,10.0,4.3,26,112.0,2.393,0.72,us,8.7,1.9,0.122,19
-7.4074,129.21,104.245,4.2,14,94.0,5.388,0.82,us,8.66,10.438,0.159,11
18.6925,144.8485,10.0,4.2,23,109.0,3.548,0.94,us,15.1,1.908,0.153,13
51.2004,159.1994,35.0,4.8,39,227.0,1.857,0.52,us,12.82,1.974,0.094,35
2.7831,95.8988,10.0,4.4,9,133.0,3.023,0.51,us,16.19,1.964,0.269,4
-21.3336,170.8309,177.097,4.3,20,214.0,3.389,0.67,us,15.47,10.412,0.129,18
54.4746,-159.6765,24.868,4.1,55,159.0,0.361,0.82,us,5.42,6.146,0.117,21
-14.4123,65.9865,10.0,4.5,31,126.0,5.873,0.81,us,13.08,1.884,0.113,23
-8.229,117.9632,10.0,4.4,19,74.0,0.623,0.85,us,5.29,1.921,0.143,14
51.5513,-176.2425,33.859,3.5,23,222.0,0.327,1.14,us,4.72,8.111,0.202,6
43.406,147.8202,52.276,4.2,28,206.0,3.707,0.77,us,12.88,11.178,0.124,18
-2.2019,140.0112,10.0,4.0,13,122.0,0.758,0.94,us,6.52,1.852,0.163,10
50.4242,159.7308,10.0,4.4,40,136.0,2.688,0.63,us,10.98,1.918,0.065,69
-41.7988,-83.9195,10.0,5.3,59,138.0,10.123,0.93,us,8.17,1.771,0.037,240
-20.9423,-177.9097,425.086,4.0,27,108.0,4.964,0.87,us,11.24,14.534,0.106,24
50.3502,156.6494,76.896,4.3,39,130.0,2.838,0.83,us,11.7,8.082,0.08,44
-9.2994,123.793,102.266,4.5,34,100.0,0.651,0.81,us,9.35,7.949,0.11,24
-17.5688,-174.21,137.839,4.4,27,76.0,4.325,1.28,us,8.98,9.589,0.115,26
82.025,89.1723,10.0,4.5,46,66.0,12.189,1.09,us,9.74,1.901,0.089,37
59.8337,-30.0607,10.0,4.5,40,104.0,6.391,0.66,us,9.58,1.905,0.101,30
52.6784,160.8552,10.0,4.1,19,174.0,1.381,0.74,us,11.21,1.959,0.158,11
50.8282,160.0911,10.0,4.3,31,132.0,2.373,0.51,us,9.8,1.926,0.106,25
41.0913,78.5546,10.0,4.2,24,101.0,0.512,1.04,us,5.24,1.948,0.199,7
-5.5813,146.9977,206.732,4.3,22,69.0,3.534,0.77,us,9.22,7.669,0.142,14
50.2314,88.1222,10.0,5.0,93,46.0,3.508,0.78,us,7.85,1.833,0.03,366
50.8501,157.1112,79.757,5.0,112,84.0,2.29,0.86,us,8.51,5.038,0.022,641
-28.6039,-70.371,89.38,4.0,25,117.0,0.498,0.61,us,5.7,7.952,0.368,2
52.2528,179.0369,200.49,4.3,49,107.0,0.414,0.94,us,9.3,10.982,0.077,48
34.5873,70.7146,10.0,4.4,53,142.0,1.306,0.65,us,8.39,1.894,0.082,42
35.0114,141.3563,41.956,4.1,16,155.0,2.284,0.97,us,10.73,2.745,0.213,6
50.1261,156.8098,59.048,4.2,21,137.0,3.037,0.32,us,14.51,8.606,0.152,12
-0.8567,-78.1327,10.0,4.4,51,88.0,0.262,1.1,us,1.85,1.867,0.089,36
52.3708,160.5584,10.0,4.7,70,164.0,1.333,0.87,us,10.25,1.936,0.06,85
0.9916,120.5479,596.654,4.6,78,76.0,2.822,0.71,us,10.96,8.136,0.055,100
-31.0509,-72.6317,10.0,4.4,31,146.0,0.936,0.77,us,4.66,1.517,0.203,7
49.1306,155.2613,73.527,4.3,50,135.0,4.268,1.05,us,12.64,7.969,0.08,45
27.2348,127.639,94.251,4.1,41,72.0,0.691,0.66,us,8.29,5.871,0.109,23
9.4556,-40.4801,10.0,4.4,16,111.0,12.813,1.04,us,14.22,1.931,0.162,11
5.7139,123.9966,520.692,4.4,78,35.0,1.769,0.65,us,10.94,7.338,0.072,56
41.5522,74.9401,10.0,4.2,35,58.0,0.543,1.36,us,2.7,1.928,0.141,14
44.5994,149.1718,80.443,5.2,111,120.0,4.742,0.78,us,8.94,6.612,0.019,879
52.0776,172.5779,10.0,4.3,146,118.0,1.138,0.55,us,8.26,1.898,0.046,132
3.9968,125.8645,86.404,4.1,17,128.0,0.826,0.77,us,15.07,8.421,0.15,12
-56.9882,147.4579,10.0,4.5,32,95.0,6.946,1.01,us,11.82,1.941,0.106,29
52.5855,160.6502,29.419,4.3,34,121.0,1.291,0.75,us,7.83,5.069,0.116,21
30.9563,67.3163,10.0,4.5,27,168.0,3.865,0.35,us,10.45,1.84,0.135,16
3.9851,125.0875,8.304,4.5,20,116.0,0.839,0.51,us,6.59,3.78,0.163,11
-23.5733,-179.8765,515.761,4.3,49,69.0,5.912,1.01,us,11.97,7.182,0.091,34
49.1808,156.0573,35.0,4.8,125,135.0,4.066,0.54,us,9.23,1.914,0.052,114
50.3119,158.4337,10.0,4.7,57,139.0,2.719,0.64,us,12.35,1.924,0.08,48
21.5954,121.8629,10.0,4.4,60,91.0,1.416,0.57,us,7.2,1.904,0.08,53
16.5525,-59.4467,10.0,4.2,18,270.0,1.572,0.47,us,10.26,2.006,0.264,4
39.6231,143.2121,10.0,4.7,39,178.0,2.015,0.59,us,7.13,1.925,0.106,27
34.7289,68.712,10.0,4.2,41,169.0,0.409,0.64,us,6.17,1.959,0.113,22
50.0928,157.764,27.83,4.3,28,138.0,2.986,1.23,us,10.79,5.672,0.138,17
-24.2383,-67.376,178.794,4.2,23,92.0,1.477,0.65,us,9.19,8.317,0.187,8
0.3272,122.3923,126.206,4.2,23,84.0,1.412,0.76,us,5.56,6.615,0.166,10
52.2578,159.4085,55.346,4.5,52,150.0,0.895,0.88,us,7.68,7.384,0.093,34
6.9544,-73.1265,147.834,4.2,30,115.0,2.409,0.67,us,7.86,11.659,0.12,19
52.0116,161.6483,10.0,4.2,24,134.0,2.094,0.69,us,13.04,1.917,0.147,14
51.1307,157.653,66.948,4.3,56,134.0,1.981,0.62,us,8.9,6.151,0.071,56
51.5715,-168.3461,10.0,3.5,39,187.0,1.437,0.8,us,5.94,1.979,0.097,26
52.0654,-169.3422,13.442,4.8,227,122.0,0.759,0.64,us,5.01,4.061,0.035,257
-21.085,-68.6888,129.227,4.2,29,61.0,0.747,0.82,us,5.63,4.331,0.14,14
19.0029,39.1078,10.0,4.5,61,85.0,6.713,0.92,us,10.05,1.913,0.074,53
35.5058,-36.5504,10.0,4.6,50,118.0,21.338,0.74,us,13.58,1.921,0.049,126
-24.2547,-175.9875,10.0,5.4,95,74.0,7.635,0.87,us,11.82,1.798,0.056,109
51.1834,159.3788,34.579,4.1,20,194.0,1.897,0.79,us,12.77,8.729,0.144,13
52.6895,160.303,56.773,4.7,92,120.0,1.057,0.91,us,9.99,7.396,0.06,83
49.0189,154.9365,80.244,4.1,44,135.0,4.449,0.65,us,10.32,7.915,0.09,37
52.2235,160.4049,35.0,5.0,135,118.0,1.336,0.7,us,8.74,1.909,0.034,281
49.6954,156.2581,54.764,4.5,63,136.0,3.535,0.84,us,11.17,7.402,0.077,50
-47.7996,115.9578,10.0,4.6,37,128.0,14.887,0.4,us,13.08,1.914,0.095,33
-7.4197,128.1947,143.843,4.6,81,66.0,3.343,0.61,us,8.66,7.554,0.067,67
53.0036,160.4457,58.963,4.7,25,224.0,1.085,0.72,us,5.93,7.63,0.126,19
30.2993,67.8799,10.0,4.3,57,99.0,4.335,0.9,us,6.13,1.878,0.093,34
-21.6058,-179.1001,575.623,4.1,26,104.0,4.685,0.47,us,15.25,11.615,0.116,20
-58.1885,-15.9097,10.0,5.1,84,56.0,12.081,0.51,us,10.7,1.369,0.066,75
51.9332,161.3322,10.0,5.1,49,127.0,2.503,0.84,us,9.1,1.896,0.109,28
49.8564,159.3639,10.0,4.5,46,136.0,3.203,0.57,us,11.09,1.911,0.084,41
5.3272,127.1472,129.531,4.8,70,66.0,1.764,0.56,us,8.41,7.353,0.067,69
32.8985,141.7533,10.0,4.9,91,120.0,1.644,0.61,us,6.57,1.747,0.032,310
51.3039,159.5142,10.0,4.2,19,189.0,1.803,0.56,us,11.08,1.98,0.159,11
-34.9148,-111.5823,10.0,4.4,14,91.0,31.625,0.21,us,16.77,1.914,0.17,11
13.3807,145.5516,74.932,4.4,57,170.0,0.696,0.54,us,8.56,7.22,0.081,47
51.3202,158.9,35.0,4.8,80,214.0,1.713,0.69,us,9.49,1.965,0.065,73
51.5556,159.4736,35.0,4.6,35,127.0,1.555,0.73,us,8.36,1.89,0.101,29
36.4699,70.9099,200.933,4.7,76,64.0,2.227,0.93,us,7.68,6.112,0.047,136
-17.7132,168.0571,37.638,4.6,32,181.0,2.397,0.43,us,8.3,4.952,0.105,27
5.1687,126.6937,9.873,4.4,32,62.0,1.285,1.22,us,6.37,4.3,0.102,30
4.8375,126.4906,58.92,4.7,46,126.0,1.014,0.92,us,8.66,8.089,0.086,41
51.6393,159.7321,10.0,4.2,16,163.0,1.537,0.91,us,9.53,1.977,0.175,9
-5.7636,-80.7809,55.95,4.4,48,134.0,3.611,0.51,us,10.98,4.792,0.082,43
-33.9276,179.1735,248.268,4.2,22,171.0,3.695,0.99,us,7.43,9.384,0.128,17
40.4693,141.9773,66.932,4.4,17,158.0,0.765,1.01,us,6.93,7.617,0.179,9
41.1481,141.7657,59.102,4.3,21,162.0,0.64,0.41,us,7.62,8.277,0.153,12
42.6048,141.9887,123.578,4.5,142,69.0,1.048,0.49,us,6.38,5.656,0.051,111
-48.5895,124.7217,10.0,4.5,14,133.0,16.626,0.66,us,9.26,1.91,0.157,12
-58.69,-25.8509,61.44,4.4,17,180.0,16.038,0.71,us,12.6,11.411,0.162,11
52.1916,160.8387,33.507,4.5,35,179.0,1.573,0.91,us,12.16,7.013,0.079,47
-26.9364,179.1625,540.765,4.3,33,129.0,10.619,0.37,us,15.96,11.09,0.102,27
-5.646,151.7832,35.0,4.5,23,118.0,1.352,0.41,us,4.66,1.924,0.144,14
-24.1014,-67.1654,196.088,4.5,35,64.0,1.475,0.75,us,6.48,8.15,0.145,14
52.5582,160.0126,35.0,4.0,11,153.0,0.95,1.12,us,8.35,1.985,0.211,6
-54.1579,-136.4096,10.0,4.8,27,105.0,36.01,0.63,us,15.71,1.867,0.124,23
52.4404,160.8249,10.0,4.3,32,122.0,2.013,0.48,us,10.54,1.906,0.109,24
51.1916,159.5628,10.0,4.6,38,130.0,1.919,0.72,us,7.99,1.907,0.09,37
2.7963,-31.1245,10.0,4.4,38,84.0,9.805,1.0,us,12.82,1.894,0.092,34
27.8532,-111.8803,10.0,4.4,38,123.0,0.62,1.29,us,6.04,1.91,0.102,28
52.895,160.2544,35.0,4.2,25,211.0,0.979,0.58,us,13.43,2.006,0.136,15
-61.2144,-36.2321,10.0,4.6,24,74.0,6.952,0.53,us,9.71,1.577,0.133,17
15.2367,147.3542,10.0,4.5,25,151.0,1.508,0.68,us,8.9,1.932,0.128,18
-30.2358,-178.0292,90.423,4.8,29,135.0,7.916,0.76,us,8.14,8.477,0.109,26
40.9443,143.0631,39.127,5.0,94,96.0,1.072,0.64,us,7.61,5.996,0.055,106
-47.777,116.2615,10.0,4.5,14,142.0,19.235,0.53,us,14.57,1.924,0.156,12
52.2029,160.3558,10.0,5.0,82,122.0,1.326,0.92,us,8.22,1.87,0.041,197
-32.2441,-178.0514,10.0,4.7,18,176.0,2.991,0.47,us,12.14,1.958,0.147,14
52.3314,160.7951,10.0,4.2,38,152.0,1.479,0.98,us,7.51,1.84,0.103,26
5.9979,126.7703,95.212,4.4,36,108.0,1.592,0.88,us,3.97,6.398,0.098,30
50.5974,158.2288,29.411,4.4,27,124.0,2.444,0.93,us,9.05,4.751,0.112,23
-8.3468,119.7327,174.306,4.8,31,60.0,1.427,0.61,us,6.11,7.53,0.116,23
51.3626,160.3989,10.0,4.0,28,168.0,1.981,0.77,us,10.83,1.915,0.123,18
29.277,129.5242,10.0,4.3,18,111.0,2.365,0.32,us,5.97,1.916,0.177,10
-40.5083,175.7816,35.0,4.3,34,64.0,0.217,0.95,us,3.43,1.931,0.153,12
42.8127,146.4565,35.0,4.2,18,209.0,2.57,1.07,us,11.23,1.99,0.2,7
-6.3469,148.469,65.598,4.8,37,59.0,3.303,0.7,us,9.4,8.106,0.094,35
45.6362,150.0882,103.994,4.3,99,135.0,5.248,0.54,us,10.45,7.643,0.061,81
52.7204,-161.3684,10.0,4.1,67,172.0,2.325,0.81,us,7.56,1.971,0.26,4
51.9812,160.3504,28.392,4.5,32,137.0,1.473,1.22,us,12.51,6.108,0.118,21
11.8324,-88.1576,10.0,4.3,60,206.0,1.404,0.62,us,6.29,1.957,0.078,48
-19.8195,169.8249,10.0,4.6,21,127.0,3.556,0.47,us,6.94,1.802,0.157,12
10.9868,141.8298,10.0,4.5,24,93.0,3.938,0.99,us,11.07,1.893,0.156,18
-56.8866,-140.9671,10.0,4.2,10,93.0,33.269,1.04,us,16.58,1.547,0.198,7
54.6509,168.1775,10.0,4.2,40,141.0,4.012,0.93,us,13.23,1.948,0.081,42
-58.9805,-28.4878,10.0,4.0,12,119.0,6.451,1.02,us,15.06,1.947,0.157,12
-6.8229,129.7353,165.067,4.5,36,91.0,2.292,0.84,us,11.54,8.401,0.102,31
2.5667,-31.1345,10.0,4.8,52,156.0,20.209,0.71,us,13.76,1.928,0.08,48
58.9973,-30.7819,10.0,4.5,76,52.0,7.291,0.46,us,9.14,1.89,0.069,61
42.1183,81.305,10.0,4.6,87,98.0,1.805,0.6,us,6.47,1.89,0.064,72
8.9656,126.3025,56.431,4.5,44,131.0,2.015,0.7,us,12.55,6.327,0.093,34
-7.3522,128.1259,162.077,4.6,34,93.0,4.501,0.83,us,10.2,1.428,0.099,30
2.8603,-31.2444,10.0,4.9,51,46.0,14.194,0.44,us,6.17,1.84,0.061,84
53.3666,161.2353,10.0,4.3,27,103.0,1.593,0.95,us,6.54,1.907,0.117,21
-24.5207,-67.5714,178.807,4.2,23,95.0,1.658,1.25,us,9.43,11.438,0.187,8
10.5728,125.5362,10.0,4.6,41,109.0,5.802,0.57,us,6.54,1.873,0.088,38
-4.6612,152.4077,105.784,4.8,60,95.0,0.527,0.75,us,9.4,5.769,0.048,135
-19.5346,168.3765,10.0,4.7,29,67.0,3.105,1.11,us,6.72,1.918,0.121,21
-6.3941,130.8422,60.712,4.3,15,119.0,2.081,0.75,us,6.61,11.434,0.2,7
29.7467,142.159,10.0,4.4,45,129.0,2.641,0.74,us,6.54,1.72,0.096,31
-49.0079,124.7052,10.0,4.1,17,136.0,16.835,0.55,us,13.8,1.842,0.145,13
53.0425,161.1586,29.721,4.3,33,135.0,1.515,0.64,us,11.81,6.303,0.113,22
13.9886,144.7792,194.208,3.9,21,94.0,0.406,0.4,us,11.61,5.518,0.148,12
49.2104,156.0509,24.768,4.6,50,138.0,4.038,0.71,us,8.14,6.484,0.069,63
-9.0199,-79.0454,72.731,5.0,66,61.0,3.659,0.57,us,11.54,5.319,0.031,338
52.583,159.8435,35.0,4.6,33,119.0,0.848,1.14,us,8.55,1.738,0.103,28
43.6347,147.8298,10.0,4.8,80,135.0,3.799,0.7,us,8.77,1.895,0.069,65
50.6519,157.2101,35.0,4.2,10,130.0,2.479,1.06,us,8.5,1.924,0.176,9
-20.3247,-178.2265,550.634,4.4,64,97.0,4.356,0.76,us,13.83,7.85,0.069,65
27.1872,-44.4207,10.0,4.4,20,143.0,18.335,0.76,us,15.49,1.904,0.17,13
49.9629,157.1438,40.505,5.1,82,121.0,3.169,0.62,us,11.26,6.148,0.024,582
50.5209,158.2162,10.0,4.8,92,124.0,2.521,0.84,us,8.33,1.872,0.034,267
-4.8372,133.9605,10.0,4.4,30,43.0,2.138,1.01,us,5.58,1.916,0.139,15
51.6779,160.0257,10.0,4.4,92,113.0,1.59,0.8,us,8.54,1.862,0.064,70
23.5239,-45.1242,10.0,4.5,98,52.0,16.609,0.61,us,11.02,1.904,0.052,111
-1.9653,117.4942,10.0,4.6,63,87.0,1.036,0.9,us,5.24,1.86,0.077,51
36.6558,54.8533,10.0,4.5,56,102.0,2.896,0.71,us,6.41,1.75,0.076,51
53.1325,160.4716,35.0,4.0,14,144.0,1.104,0.46,us,10.71,1.986,0.182,8
19.2965,145.452,172.446,4.3,52,144.0,4.046,0.52,us,14.8,10.424,0.08,44
51.4199,159.6794,37.108,4.4,21,153.0,1.726,0.72,us,11.12,8.499,0.149,13
-3.7474,-80.9351,25.8,4.4,61,107.0,2.075,0.78,us,7.84,6.341,0.073,55
-2.3449,138.9645,40.796,4.5,44,68.0,0.928,0.96,us,5.79,7.025,0.101,29
51.3747,142.6435,10.0,4.9,63,104.0,4.421,0.67,us,9.46,1.856,0.06,87
2.5581,95.8302,33.799,4.2,22,204.0,2.143,0.36,us,9.92,7.626,0.136,15
-58.3778,-23.6582,10.0,4.8,37,70.0,15.826,0.69,us,6.18,1.858,0.09,38
51.3888,161.0745,10.0,4.5,62,135.0,2.215,0.66,us,11.21,1.903,0.076,51
38.6088,142.4483,46.216,4.7,74,131.0,2.425,0.49,us,6.48,5.178,0.074,55
52.5774,160.7184,29.329,4.4,30,66.0,1.333,0.61,us,9.04,5.805,0.123,19
58.8008,-31.4532,10.0,4.9,74,85.0,7.649,0.8,us,10.4,1.844,0.053,112
52.1643,-171.3565,53.824,4.7,85,143.0,1.086,1.03,us,7.37,6.837,0.041,182
2.2622,-84.5284,10.0,4.3,19,162.0,5.76,0.59,us,13.08,1.949,0.119,20
29.3918,129.2546,10.0,4.6,44,106.0,2.35,0.8,us,7.27,1.875,0.068,64
-17.9161,-178.2736,609.741,4.3,63,100.0,2.668,0.93,us,15.2,10.902,0.072,55
52.6224,159.6677,48.87,4.3,52,120.0,0.737,0.76,us,8.21,6.077,0.083,41
-15.5489,-70.5949,205.95,4.2,26,139.0,2.293,1.02,us,6.54,10.124,0.102,27
51.4243,-174.3873,15.999,4.5,35,208.0,0.787,0.77,us,5.63,13.33,0.052,109
-14.7622,166.8638,10.0,4.6,21,140.0,0.756,0.75,us,5.3,1.927,0.147,14
52.2373,160.1504,35.0,4.8,52,134.0,1.207,1.04,us,10.84,1.924,0.069,65
42.7784,146.1329,30.408,4.8,46,187.0,2.332,0.62,us,10.84,6.915,0.098,32
65.7888,-37.771,10.0,4.8,69,72.0,5.305,0.66,us,9.98,1.904,0.031,316
-0.2594,-16.1735,10.0,4.7,20,119.0,13.225,0.44,us,16.78,1.925,0.137,16
-15.5957,-70.2005,239.927,4.3,17,141.0,2.099,0.7,us,12.81,9.385,0.137,15
-4.617,142.2445,114.529,4.1,14,210.0,2.594,1.23,us,9.72,14.9,0.198,7
29.2292,129.1858,10.0,5.2,97,87.0,2.517,0.99,us,2.92,1.817,0.038,231
-15.6753,166.8908,10.0,4.2,13,101.0,0.377,0.59,us,4.44,1.924,0.216,7
-27.416,-177.087,74.662,4.4,22,141.0,1.967,1.12,us,12.57,6.86,0.11,24
50.9895,159.1153,10.0,4.6,32,135.0,2.295,0.64,us,10.55,1.919,0.113,23
-23.207,-67.8723,135.65,4.5,41,83.0,0.38,0.9,us,9.22,4.477,0.053,103
50.9212,158.8723,10.0,4.4,51,130.0,2.11,0.79,us,9.61,1.901,0.084,41
6.6699,-72.9808,173.442,4.3,59,65.0,2.251,0.69,us,9.2,8.324,0.08,44
49.6385,158.3545,10.0,4.1,17,138.0,3.395,0.53,us,14.04,1.943,0.166,10
28.9429,76.8282,10.0,4.1,28,279.0,9.568,0.57,us,11.04,1.998,0.139,14
-20.6644,-173.6545,10.0,4.3,21,113.0,3.847,0.73,us,12.84,1.919,0.133,18
14.6936,-94.5322,10.0,4.7,41,194.0,1.859,1.35,us,6.22,1.978,0.102,29
49.5402,-28.3373,10.0,4.5,24,119.0,15.098,0.41,us,9.76,1.767,0.124,19
-61.1332,-36.3328,10.0,5.0,60,62.0,13.067,0.52,us,11.86,1.838,0.076,56
52.2721,160.5301,10.0,4.4,25,214.0,1.371,0.53,us,10.69,1.98,0.127,18
29.7497,141.2915,121.74,4.3,21,183.0,2.759,0.54,us,12.77,9.82,0.133,16
52.8568,159.5039,61.315,4.1,27,134.0,0.543,0.97,us,10.57,6.339,0.145,13
-19.0185,-177.4555,627.268,4.3,33,142.0,3.941,0.74,us,18.48,12.142,0.091,38
50.3095,159.1415,10.0,4.2,32,133.0,2.735,0.85,us,9.66,1.906,0.121,19
8.0913,58.7698,10.0,4.5,81,104.0,15.493,0.75,us,11.78,1.886,0.067,69
6.9177,-73.1993,159.857,4.1,17,80.0,2.342,0.73,us,7.91,9.042,0.186,8
53.1566,160.7271,11.328,4.2,33,137.0,1.26,0.74,us,10.98,4.454,0.132,16
51.3451,158.9883,35.0,4.5,45,121.0,1.694,0.96,us,8.45,1.926,0.06,81
52.9756,159.4859,63.864,4.2,35,161.0,0.507,0.71,us,12.54,8.063,0.105,25
34.9173,104.5187,10.0,4.3,26,147.0,1.235,0.84,us,8.01,1.916,0.148,13
0.8463,126.0635,35.0,4.6,67,38.0,1.305,0.64,us,4.76,1.882,0.086,42
51.3042,157.9211,68.817,4.8,70,114.0,1.779,0.81,us,8.65,6.967,0.037,229
50.9275,160.2274,10.0,4.2,18,155.0,2.315,1.06,us,9.92,1.965,0.147,14
25.8294,66.5927,10.0,4.1,25,95.0,9.435,0.74,us,7.12,1.868,0.119,19
52.8179,160.9769,10.0,4.6,74,133.0,1.424,0.82,us,9.72,1.872,0.058,90
36.4351,70.9622,121.312,4.3,26,88.0,2.233,1.32,us,7.55,8.818,0.161,11
7.3,126.8057,61.538,4.8,64,56.0,1.238,0.99,us,7.35,3.981,0.077,52
51.8666,160.1905,34.132,4.1,21,158.0,1.494,0.58,us,10.19,5.479,0.175,11
50.8049,158.7836,10.0,5.7,45,131.0,2.223,0.7,us,7.17,1.638,0.113,28
54.6579,-160.4966,10.081,4.0,40,188.0,0.554,0.75,us,3.51,6.079,0.231,5
9.236,93.841,10.0,4.7,61,70.0,5.034,0.66,us,9.0,1.884,0.069,63
-23.4268,170.8657,10.0,4.6,17,194.0,3.252,0.79,us,12.11,1.981,0.157,12
51.9986,160.378,10.0,4.5,65,124.0,1.473,1.37,us,9.5,1.888,0.069,62
50.0285,157.6496,10.0,4.7,76,128.0,3.063,1.21,us,5.4,1.88,0.034,260
-7.1183,104.881,37.684,4.2,20,148.0,1.99,1.06,us,8.65,6.95,0.137,16
-6.6972,127.835,316.959,4.4,51,67.0,2.985,0.55,us,8.84,7.966,0.096,31
50.3851,158.1232,24.934,4.6,60,132.0,2.662,0.6,us,11.37,5.91,0.076,51
53.3109,159.8017,32.94,4.1,26,115.0,0.751,0.68,us,10.29,5.989,0.117,20
70.828,-6.5745,10.0,4.1,23,108.0,0.655,0.56,us,7.04,1.94,0.14,14
-9.0007,124.2525,96.211,4.4,37,85.0,0.75,0.94,us,7.51,6.295,0.105,26
51.1507,159.343,10.0,4.3,34,185.0,1.924,1.39,us,11.62,1.983,0.107,25
-19.9342,-177.8107,554.348,4.1,20,113.0,4.359,0.7,us,15.71,9.132,0.14,14
49.9205,158.6058,10.0,4.7,68,135.0,3.107,0.57,us,8.83,1.88,0.059,86
-41.246,-91.0587,10.0,4.4,27,143.0,14.345,0.64,us,9.74,1.922,0.115,22
-24.2567,-66.9839,161.926,4.8,63,38.0,2.536,1.0,us,7.19,7.007,0.032,294
17.0899,-85.274,10.0,4.7,59,52.0,4.649,1.02,us,8.29,1.929,0.031,311
51.2039,-173.9997,10.0,3.7,53,190.0,1.007,1.02,us,5.09,1.91,0.091,31
53.4351,161.5246,10.0,4.1,31,137.0,1.777,0.74,us,11.09,1.911,0.107,24
9.3705,127.1473,10.0,4.5,17,139.0,2.763,0.55,us,10.97,1.909,0.156,12
52.3077,159.3621,81.59,4.0,14,312.0,0.838,0.82,us,11.57,7.955,0.173,9
9.1229,126.9743,10.0,4.3,19,108.0,2.464,0.98,us,10.31,1.918,0.142,14
54.8127,-160.6053,43.058,4.2,39,158.0,0.588,0.53,us,4.26,9.283,0.216,6
-2.1151,139.1764,10.0,5.0,101,37.0,1.154,0.5,us,5.67,1.818,0.052,116
18.6262,120.5265,33.849,4.2,37,121.0,4.202,0.72,us,12.7,6.662,0.121,19
-6.793,125.5299,460.078,4.1,19,132.0,7.721,0.97,us,15.87,11.46,0.145,13
-3.97,126.3719,10.0,5.0,44,45.0,3.565,0.93,us,6.93,1.881,0.098,33
-30.9679,-179.3514,199.19,4.6,24,139.0,6.857,1.12,us,11.89,8.801,0.109,25
-6.3713,130.135,153.574,4.9,90,42.0,1.851,0.77,us,7.55,6.766,0.05,126
-24.733,-175.8026,35.0,4.7,26,214.0,4.878,0.53,us,10.49,1.979,0.126,21
21.658,143.1069,353.902,3.8,18,130.0,5.478,1.13,us,15.36,11.352,0.135,14
33.8262,79.4981,10.0,4.3,47,124.0,6.24,0.94,us,10.96,1.928,0.103,27
-17.904,-177.4621,640.916,3.9,18,245.0,3.343,0.77,us,25.92,21.748,0.125,17
-4.1381,128.7192,10.0,4.5,44,54.0,1.242,0.4,us,7.3,1.116,0.093,34
-57.6794,157.7824,35.942,4.4,17,140.0,3.254,0.6,us,12.97,6.918,0.239,5
-4.3236,136.1024,10.0,4.3,24,84.0,2.219,0.62,us,5.7,1.879,0.142,15
-36.2016,-73.7556,18.668,4.2,33,199.0,1.946,0.58,us,8.73,6.156,0.186,8
-48.9779,121.8177,10.0,4.1,15,110.0,22.659,0.54,us,12.54,1.928,0.139,14
-4.5323,153.1886,95.17,4.6,36,101.0,1.077,0.81,us,8.56,6.56,0.098,31
-6.4539,150.2984,10.0,4.2,12,137.0,2.916,1.02,us,9.98,1.883,0.153,12
51.8879,160.5654,10.0,4.0,24,155.0,1.633,0.84,us,10.73,1.974,0.133,15
38.3161,142.0482,57.554,4.4,38,148.0,2.584,0.43,us,9.05,8.524,0.12,20
52.1637,160.6701,21.891,4.6,59,135.0,1.503,1.06,us,11.65,5.948,0.072,58
11.2615,124.0555,10.0,4.5,55,111.0,6.638,0.51,us,13.36,1.911,0.078,48
-6.0988,130.9364,123.502,4.1,11,131.0,1.873,0.59,us,9.43,4.569,0.302,3
-6.4851,153.2283,10.0,4.5,36,149.0,2.473,0.71,us,12.77,1.916,0.101,29
49.8017,157.3539,22.714,5.3,59,134.0,3.318,0.81,us,9.82,5.392,0.056,109
52.0447,160.1242,34.473,4.6,77,133.0,1.823,0.68,us,11.9,5.967,0.068,65
-6.9954,125.564,497.769,4.2,19,88.0,3.027,0.73,us,15.69,12.101,0.167,10
-23.9974,-66.862,199.784,4.5,28,69.0,1.595,0.83,us,10.64,8.5,0.119,21
50.1062,159.6717,10.0,4.6,76,128.0,2.99,0.6,us,9.33,1.898,0.043,161
26.5336,96.7158,109.239,4.3,65,130.0,5.858,0.53,us,12.37,8.844,0.075,51
29.3423,129.4711,10.0,4.6,27,129.0,2.32,0.75,us,9.41,1.906,0.132,17
-3.7917,136.6549,122.169,4.1,19,79.0,2.021,0.77,us,8.35,11.928,0.198,8
52.9891,161.1981,10.0,4.1,24,185.0,1.54,0.89,us,12.52,1.968,0.117,20
52.7348,-168.3029,35.0,4.4,30,198.0,0.411,0.69,us,4.26,1.93,0.269,4
39.5444,143.5849,31.799,4.7,92,134.0,2.297,0.54,us,7.84,5.577,0.068,66
-18.1107,-178.2408,575.904,5.1,89,31.0,2.801,0.64,us,11.51,6.395,0.025,534
-5.3847,151.6376,113.89,4.1,27,152.0,1.296,0.73,us,11.92,4.025,0.107,24
-18.6977,-177.9528,627.115,4.4,42,136.0,3.375,0.39,us,11.84,9.888,0.086,39
52.5306,160.5399,42.644,4.1,16,121.0,1.25,0.4,us,9.6,7.565,0.185,8
7.1034,126.8568,74.471,4.2,24,133.0,1.268,0.64,us,12.06,8.521,0.132,16
56.0972,117.4659,10.0,4.2,30,86.0,6.697,1.23,us,9.68,1.922,0.107,24
11.2303,-85.6205,184.702,4.5,71,134.0,0.463,0.81,us,7.85,6.014,0.05,118
51.9486,160.3827,10.0,4.2,18,228.0,2.009,0.58,us,14.92,2.004,0.146,13
50.9168,159.419,20.646,4.4,13,130.0,2.163,0.52,us,10.71,6.73,0.218,6
-8.9565,124.1623,108.412,4.6,20,125.0,0.8,1.05,us,6.33,7.94,0.145,14
-16.1686,178.2546,10.0,4.2,12,124.0,1.114,0.46,us,7.27,1.454,0.2,9
2.3547,127.2403,104.912,4.3,31,144.0,1.577,0.81,us,6.96,7.92,0.094,32
-29.7175,-71.2545,50.446,4.8,50,123.0,0.201,0.7,us,3.34,5.935,0.032,296
-18.0232,-178.3952,595.736,4.4,59,111.0,2.631,0.62,us,13.48,7.35,0.038,196
2.5539,95.6971,10.0,4.5,38,178.0,2.251,0.94,us,9.44,1.926,0.108,27
50.4094,156.5118,77.711,4.5,48,130.0,2.802,0.68,us,11.0,5.422,0.061,80
52.4938,160.524,35.0,4.4,36,134.0,1.256,0.52,us,12.6,1.939,0.098,31
-14.7622,-72.3745,93.382,4.2,33,124.0,4.083,1.08,us,7.36,13.612,0.122,19
10.3125,-62.5177,69.497,4.1,22,100.0,2.045,0.75,us,8.23,12.505,0.214,6
39.3443,143.3951,10.0,4.4,34,138.0,2.298,0.86,us,6.75,1.571,0.115,22
23.8707,122.6608,10.0,4.5,40,79.0,0.674,1.15,us,2.89,1.889,0.115,22
27.4785,52.6021,10.0,4.5,68,80.0,4.103,0.37,us,8.67,1.86,0.065,69
34.7095,32.5226,10.0,4.6,75,122.0,0.711,1.08,us,5.42,1.889,0.069,63
-2.8693,147.2599,10.0,4.4,22,80.0,0.827,1.48,us,6.8,1.271,0.139,15
-6.8978,129.9973,108.8,4.3,10,121.0,4.544,0.45,us,8.17,10.504,0.377,2
51.665,160.44,10.0,4.0,20,120.0,1.748,0.49,us,11.69,1.924,0.126,17
34.6969,70.789,10.0,4.5,28,136.0,1.377,0.67,us,10.65,2.313,0.089,37
-2.1624,139.0509,19.002,4.7,37,66.0,1.023,0.69,us,7.07,4.861,0.095,34
52.7752,161.1082,10.0,4.5,52,120.0,1.51,0.93,us,7.52,1.882,0.071,60
-9.5862,124.0061,60.691,4.0,9,129.0,0.307,0.43,us,10.03,6.607,0.211,6
16.5883,41.0434,10.0,4.3,48,125.0,3.8,1.24,us,13.07,1.947,0.078,46
52.8386,160.7325,35.0,4.2,27,183.0,1.274,0.97,us,7.09,1.99,0.118,20
53.8028,158.2148,10.0,4.3,23,92.0,0.761,0.38,us,7.64,1.889,0.142,14
51.2456,160.0204,10.0,4.4,39,144.0,1.971,0.96,us,10.29,1.918,0.103,27
30.143,103.6923,10.0,4.2,23,146.0,5.797,0.66,us,13.67,1.943,0.131,16
13.8974,-92.0185,36.506,4.6,73,142.0,0.796,0.54,us,7.46,9.493,0.035,249
52.3802,160.636,33.93,4.3,16,131.0,1.369,0.64,us,9.46,6.51,0.202,8
-54.1547,-1.9643,9.972,4.6,9,109.0,17.587,0.43,us,16.23,4.146,0.183,9
51.5937,159.4887,37.66,4.3,64,137.0,1.522,0.88,us,10.07,7.5,0.072,60
-36.5332,-110.6034,10.0,5.0,54,115.0,9.44,0.72,us,12.35,1.88,0.038,218
51.0869,159.0487,10.0,4.2,29,219.0,1.955,0.72,us,12.97,1.974,0.118,20
35.3651,57.3311,10.0,4.5,60,165.0,7.579,0.76,us,9.54,1.937,0.078,49
23.0925,143.4046,35.0,4.4,20,121.0,4.136,0.79,us,15.21,1.941,0.144,14
50.065,157.7589,19.297,4.3,44,138.0,3.014,1.05,us,11.66,5.547,0.085,39
3.7501,126.8317,35.171,4.8,37,71.0,1.665,1.24,us,5.83,8.732,0.109,27
-32.6051,-178.3589,10.0,4.6,17,212.0,5.65,0.55,us,14.56,1.97,0.164,11
-27.0006,-176.2579,35.0,4.4,14,202.0,10.606,0.26,us,6.51,1.999,0.169,10
49.9891,157.6864,10.0,4.1,38,163.0,3.098,0.65,us,6.21,1.944,0.096,32
51.3292,159.5839,10.0,4.9,79,205.0,1.792,0.58,us,10.43,1.953,0.062,82
29.7915,92.3503,10.0,4.5,29,84.0,1.067,0.95,us,8.34,1.877,0.08,46
-4.9555,144.7364,92.655,4.5,24,103.0,3.906,0.95,us,6.96,9.485,0.118,21
36.0774,142.5814,10.0,4.6,65,127.0,1.999,0.69,us,6.98,1.83,0.061,81
-57.8059,157.7149,34.854,5.3,55,47.0,3.386,0.62,us,12.17,4.106,0.093,39
15.7251,147.3424,10.0,4.3,33,167.0,1.573,0.7,us,11.46,1.934,0.109,24
-33.5949,-71.6632,40.721,4.4,42,146.0,0.074,0.65,us,3.2,5.431,0.101,28
-37.6544,176.9334,154.406,4.1,13,81.0,0.96,0.74,us,9.05,8.541,0.213,7
-8.8055,123.6584,106.656,4.3,18,154.0,1.119,1.08,us,8.3,8.066,0.132,16
-45.1712,167.0898,40.454,4.3,34,101.0,0.297,0.94,us,3.65,8.661,0.201,7
48.7197,156.0922,10.0,4.4,18,216.0,4.51,1.0,us,14.76,1.995,0.189,9
-7.5424,105.3797,20.53,4.5,36,164.0,1.854,0.6,us,6.24,6.58,0.1,32
51.5905,-80.3757,10.838,4.1,37,76.0,3.801,0.76,us,10.47,5.962,0.084,39
51.1722,160.888,10.0,4.5,41,131.0,2.311,0.39,us,9.36,1.904,0.064,71
-23.7281,179.9978,548.993,4.1,18,270.0,11.6,0.3,us,25.05,27.563,0.145,13
16.5283,41.2595,10.0,4.7,66,64.0,3.593,0.83,us,9.17,1.902,0.069,63
16.3948,40.97,10.0,4.4,35,104.0,3.765,0.38,us,10.22,1.937,0.105,26
36.0353,138.9697,129.454,4.1,41,136.0,0.796,1.11,us,9.61,6.501,0.097,29
31.9766,141.0053,10.0,4.5,24,148.0,1.517,1.11,us,9.37,1.937,0.144,14
51.7149,159.7649,10.0,4.3,23,135.0,1.478,0.72,us,5.55,1.935,0.111,23
7.125,126.912,65.025,4.6,29,64.0,1.324,0.77,us,7.88,9.173,0.151,15
-18.7664,-177.679,620.02,4.3,17,236.0,3.619,0.33,us,27.25,26.394,0.148,13
55.0413,163.3843,26.848,4.1,46,159.0,3.447,0.91,us,13.55,6.66,0.086,37
53.6022,160.1487,51.891,4.6,47,103.0,1.07,0.53,us,10.68,7.45,0.056,95
52.1048,159.692,35.0,6.2,113,36.0,1.119,0.97,us,6.67,0.871,0.023,749
37.7305,141.67,84.827,4.3,27,161.0,3.009,0.74,us,8.81,10.154,0.177,9
50.779,156.9873,81.555,4.5,76,137.0,2.374,0.44,us,11.75,7.451,0.062,75
4.412,96.5767,10.0,4.6,37,65.0,0.891,1.16,us,5.53,1.706,0.103,29
52.9094,160.5623,35.0,4.1,24,165.0,1.162,0.8,us,13.12,1.981,0.126,17
-6.7891,145.1184,10.0,4.3,17,91.0,3.292,0.57,us,9.74,1.882,0.137,15
-7.8895,117.6906,12.248,4.2,19,80.0,0.936,0.77,us,6.87,4.891,0.167,10
51.2092,158.9113,10.0,4.0,41,128.0,1.824,0.96,us,9.56,1.904,0.1,27
51.6238,159.3358,38.135,4.1,45,138.0,1.464,0.62,us,10.94,8.027,0.086,37
29.8542,138.7888,420.468,4.1,50,81.0,3.367,0.54,us,9.48,8.079,0.056,87
18.1139,145.4741,297.607,4.0,38,117.0,2.873,0.56,us,14.65,9.972,0.093,31
50.9356,-177.1716,7.86,3.8,64,146.0,0.828,0.62,us,5.01,5.93,0.075,46
50.5179,157.9788,29.165,4.3,34,131.0,2.544,0.95,us,10.15,6.188,0.099,29
-1.8823,140.7671,10.0,4.7,64,59.0,0.631,0.56,us,5.72,1.864,0.075,54
40.0496,145.275,10.0,4.3,23,135.0,2.534,0.72,us,8.95,1.926,0.137,15
-39.6702,-75.1516,10.0,4.3,24,142.0,1.346,0.66,us,8.88,1.92,0.138,15
-19.7726,-177.4102,360.864,4.4,51,122.0,4.485,1.01,us,9.49,6.105,0.093,33
52.8522,160.8574,10.0,4.7,25,143.0,1.347,1.14,us,8.78,1.86,0.159,12
53.1242,159.8913,59.651,4.6,76,133.0,0.756,0.85,us,10.22,6.865,0.071,59
-57.283,-68.045,10.0,4.5,24,139.0,3.706,0.5,us,15.11,1.942,0.124,19
52.2025,159.0263,61.666,4.9,186,125.0,0.854,0.53,us,8.5,6.307,0.044,165
-47.3288,97.6416,10.0,4.4,12,157.0,20.688,0.62,us,11.14,1.946,0.17,10
71.1097,-7.8105,10.0,4.6,73,61.0,4.709,0.73,us,3.76,1.848,0.061,81
50.865,158.7768,34.156,4.6,29,130.0,2.163,0.8,us,11.49,6.228,0.114,23
-7.6002,127.5424,160.405,4.3,24,70.0,5.352,0.63,us,7.2,7.787,0.119,20
-29.9747,-71.1453,86.389,4.2,21,93.0,0.098,0.45,us,2.45,7.163,0.216,6
52.1613,160.6383,10.0,4.2,31,124.0,1.489,0.92,us,7.2,1.828,0.118,20
53.4979,160.0252,70.25,4.3,27,137.0,0.953,0.64,us,11.53,5.433,0.125,18
-4.7558,152.7685,50.626,4.4,28,154.0,0.824,0.84,us,10.4,7.903,0.118,21
-41.214,-91.1994,10.0,4.4,14,192.0,12.391,0.34,us,16.77,1.974,0.162,11
-18.0998,-178.5097,593.531,4.1,67,115.0,2.589,0.88,us,14.76,7.389,0.076,51
30.9115,77.3908,15.386,4.4,39,119.0,7.829,0.82,us,14.28,4.824,0.108,25
52.0961,159.2382,35.0,5.0,118,95.0,0.996,0.91,us,8.57,1.841,0.033,302
-59.1111,-25.0092,24.481,4.5,16,131.0,15.464,0.75,us,12.5,6.892,0.135,16
51.3607,159.5291,35.0,4.6,44,133.0,2.081,0.86,us,9.3,1.93,0.097,32
29.2949,129.4832,10.0,4.2,28,125.0,2.36,0.84,us,8.47,1.916,0.118,20
-20.7248,-68.9776,100.041,4.1,18,87.0,0.572,0.62,us,4.23,5.79,0.174,9
17.5359,-96.8204,56.197,4.1,110,154.0,1.666,0.78,us,9.85,13.138,0.051,104
51.7832,161.3132,10.0,4.3,39,124.0,2.05,0.85,us,11.37,1.928,0.079,45
51.1022,160.8218,10.0,4.2,37,135.0,2.345,0.83,us,11.49,1.909,0.105,25
52.1584,160.4659,10.0,4.5,33,120.0,1.406,1.32,us,5.42,1.904,0.102,28
52.3337,160.2758,30.306,5.1,201,121.0,1.207,0.76,us,8.67,4.921,0.033,296
51.4762,179.634,72.5,4.5,134,145.0,0.23,0.66,us,5.58,5.548,0.049,121
28.4002,139.5299,429.727,4.2,109,67.0,2.687,0.49,us,8.15,7.557,0.055,94
-19.4993,-177.0775,338.454,4.3,31,136.0,4.523,0.73,us,15.59,9.475,0.101,33
-37.6446,51.7724,10.0,4.6,35,66.0,16.772,0.92,us,12.78,1.854,0.103,28
52.5984,160.7032,10.0,4.5,42,130.0,1.317,1.01,us,8.21,1.889,0.075,52
13.2804,-90.9409,35.0,4.3,56,175.0,1.287,0.73,us,5.28,1.899,0.058,84
-30.5669,-70.8145,81.833,4.1,27,71.0,0.292,0.76,us,7.97,6.406,0.369,2
-5.7989,147.903,161.579,4.2,16,188.0,3.657,0.48,us,13.7,10.08,0.186,9
9.2882,123.1783,10.0,4.2,15,105.0,3.241,0.72,us,8.85,1.919,0.216,6
52.3745,160.2524,35.0,4.3,32,143.0,1.172,1.07,us,9.83,1.961,0.113,22
50.092,156.2119,66.34,4.5,52,135.0,3.16,0.47,us,10.81,7.612,0.057,90
51.9756,161.0779,10.0,4.5,59,173.0,1.818,0.96,us,11.03,1.939,0.057,91
52.811,160.611,10.0,5.1,138,70.0,1.206,0.9,us,7.79,1.777,0.021,724
10.1964,126.1748,10.0,4.5,36,108.0,3.162,0.69,us,11.45,1.898,0.106,26
-7.5997,133.4057,10.0,4.5,25,66.0,4.79,1.15,us,7.31,1.907,0.139,15
2.8493,-101.4716,10.0,4.4,46,207.0,10.998,0.56,us,12.52,1.957,0.085,40
55.4542,166.3641,10.0,4.7,98,91.0,5.138,0.67,us,8.6,1.874,0.034,266
-29.4335,-179.1442,334.44,4.6,54,134.0,8.722,0.71,us,14.02,6.866,0.071,60
15.2808,119.1473,10.0,4.3,22,130.0,23.394,0.53,us,16.11,1.903,0.133,16
36.441,140.47,68.482,4.2,29,153.0,1.825,0.38,us,10.08,8.922,0.136,16
52.5026,160.1267,56.44,4.2,26,138.0,1.038,0.41,us,12.32,8.64,0.107,27
1.9255,-30.7366,10.0,4.5,35,82.0,19.923,0.61,us,13.47,1.904,0.099,30
1.2098,126.1823,58.906,4.1,25,104.0,1.261,0.95,us,5.68,5.557,0.131,18
32.3352,141.8054,10.0,4.3,23,145.0,1.85,0.84,us,7.82,1.926,0.178,9
52.2355,160.5271,10.0,4.3,38,123.0,1.39,0.81,us,5.54,1.833,0.1,28
6.5568,126.4848,77.178,4.4,33,116.0,1.034,0.61,us,7.05,9.087,0.117,21
46.7048,20.0077,7.298,4.0,31,47.0,1.217,0.63,us,3.49,4.385,0.164,10
42.9627,146.0068,32.171,4.5,62,109.0,2.738,1.05,us,7.63,5.536,0.049,121
51.0978,157.1931,92.317,4.5,128,133.0,2.038,0.65,us,9.7,5.116,0.035,247
-11.3047,165.0563,10.0,4.5,51,106.0,4.617,0.68,us,6.2,1.837,0.086,40
-6.8976,127.3696,378.31,4.2,19,97.0,4.181,0.86,us,12.1,10.93,0.215,7
51.5283,159.4974,35.0,4.2,20,127.0,1.585,0.76,us,10.68,1.945,0.141,14
-23.9969,-66.7009,196.538,4.4,33,63.0,1.71,0.84,us,8.66,8.223,0.107,25
-60.0063,-62.7255,10.0,4.5,12,150.0,4.825,1.19,us,14.83,1.959,0.163,11
57.5867,119.7191,10.0,4.6,110,69.0,6.712,0.76,us,8.54,1.863,0.058,91
34.9162,32.494,10.0,4.0,27,108.0,0.689,1.0,us,6.06,1.959,0.119,19
49.1206,155.6578,35.0,4.7,93,137.0,4.195,0.52,us,11.34,1.92,0.061,82
4.6048,125.008,10.0,4.9,69,45.0,0.486,0.63,us,3.43,1.85,0.07,65
-7.1735,-13.0571,10.0,5.0,60,59.0,1.496,0.83,us,5.21,1.809,0.07,66
46.8926,144.711,382.102,4.2,54,119.0,1.338,0.64,us,12.56,7.46,0.058,83
-10.7121,166.0714,167.65,4.4,33,139.0,4.834,0.77,us,13.47,8.461,0.105,26
43.0292,145.6491,74.29,4.4,44,124.0,2.103,0.62,us,3.81,7.672,0.109,24
51.6408,159.672,42.718,4.7,45,137.0,1.52,0.51,us,12.0,7.306,0.085,42
51.6121,-175.5396,61.044,3.9,25,185.0,0.445,0.35,us,4.9,10.122,0.172,9
51.8036,158.6287,60.376,4.7,73,124.0,1.222,0.89,us,8.58,6.804,0.036,238
-59.7372,-26.4457,98.872,5.2,65,68.0,18.006,0.5,us,12.01,7.988,0.071,66
16.1249,96.5679,10.0,4.6,61,128.0,3.005,0.81,us,6.56,1.894,0.082,44
-16.5223,-177.2358,421.006,4.6,61,67.0,3.256,0.89,us,12.1,7.988,0.041,181
-5.0265,151.3343,144.05,4.5,42,61.0,1.171,0.88,us,8.96,7.422,0.093,34
34.5599,70.526,10.0,4.1,20,231.0,1.149,1.22,us,8.49,1.98,0.166,10
50.3319,159.625,10.0,4.4,44,134.0,2.763,0.58,us,9.8,1.913,0.073,54
53.7879,-165.5072,63.549,3.6,34,170.0,0.342,0.32,us,5.81,11.269,0.125,16
1.6188,125.9846,73.706,4.4,21,92.0,1.157,0.68,us,5.81,8.571,0.17,10
33.9463,87.78,10.0,4.2,46,142.0,5.099,0.61,us,11.62,1.907,0.1,28
-35.9912,-179.9542,10.0,4.3,13,245.0,2.1,0.79,us,15.6,2.002,0.169,10
28.1367,131.1038,10.0,4.4,31,138.0,2.31,0.93,us,7.13,1.89,0.138,15
41.0014,143.0109,47.677,4.3,27,189.0,1.019,0.55,us,8.58,10.04,0.125,18
3.3331,-31.2824,10.0,4.3,16,158.0,10.202,1.09,us,15.41,1.89,0.148,16
6.12,94.8961,10.0,4.6,47,72.0,2.225,0.86,us,9.55,1.878,0.095,33
51.4401,160.6108,10.0,4.1,28,128.0,1.992,0.69,us,10.53,1.92,0.117,23
51.7308,160.6197,35.192,4.1,49,136.0,1.77,0.66,us,8.67,8.106,0.08,48
50.6854,156.7445,99.345,4.7,57,135.0,2.497,0.57,us,9.7,7.557,0.031,304
30.8218,50.4361,10.0,5.1,94,46.0,5.752,0.79,us,7.11,1.791,0.038,230
52.7353,160.6301,35.0,4.3,38,174.0,1.234,0.98,us,6.71,1.951,0.093,33
13.5109,120.8686,186.285,4.6,42,89.0,12.32,0.44,us,13.1,8.29,0.093,34
36.1168,139.8707,66.087,4.0,23,155.0,1.407,0.74,us,5.75,9.141,0.144,13
-20.2519,-178.5925,628.026,4.6,55,96.0,4.036,0.64,us,13.51,9.233,0.075,54
52.7411,160.8139,35.0,4.1,31,151.0,1.341,0.59,us,10.43,1.701,0.097,29
52.0477,158.9287,10.0,4.7,10,192.0,0.992,0.56,us,10.65,1.952,0.183,12
12.5563,-88.137,50.904,4.3,70,137.0,0.925,0.99,us,3.57,8.217,0.071,56
4.6501,92.2411,10.0,4.5,34,154.0,4.724,0.96,us,10.76,1.922,0.11,24
-28.9279,-176.8872,10.0,4.5,24,108.0,9.502,1.09,us,13.84,1.912,0.115,22
52.7405,161.1469,10.0,4.1,18,196.0,1.539,0.74,us,7.65,1.994,0.144,14
52.0519,160.2866,10.0,4.5,90,118.0,1.901,0.73,us,9.63,1.896,0.056,93
49.0812,156.2578,10.0,4.7,91,131.0,4.133,0.97,us,9.58,1.88,0.06,98
52.2901,160.3219,35.0,4.4,36,122.0,1.256,1.09,us,9.63,1.918,0.087,38
-5.4173,154.1918,130.321,4.6,63,100.0,2.36,1.02,us,9.0,7.362,0.063,75
51.6416,-176.4803,58.164,3.7,33,198.0,0.225,0.4,us,4.87,8.395,0.178,8
27.2215,64.4073,28.538,4.3,36,156.0,7.715,0.73,us,14.96,8.159,0.096,31
50.9991,159.3177,10.0,4.5,28,130.0,2.069,0.57,us,7.47,1.902,0.109,25
46.1122,53.3512,10.0,4.2,37,168.0,2.643,0.47,us,5.16,1.838,0.089,35
13.9576,-92.3821,39.858,4.1,32,184.0,0.999,0.96,us,2.29,11.396,0.117,20
-17.7094,-178.6979,569.031,4.2,30,118.0,2.217,0.87,us,14.72,9.208,0.059,80
52.3294,160.7829,10.0,4.5,65,123.0,1.473,0.65,us,10.52,1.924,0.064,73
11.0827,124.3483,10.0,4.6,49,83.0,4.169,0.55,us,5.57,1.904,0.092,37
7.0685,127.232,10.0,4.0,13,199.0,1.64,0.82,us,9.65,1.978,0.212,6
41.0425,83.5209,10.0,4.4,30,110.0,3.255,0.64,us,9.36,1.954,0.149,14
-23.7781,179.867,539.321,4.4,21,133.0,6.238,0.72,us,15.68,11.43,0.138,20
-7.0091,150.2701,10.0,4.8,40,143.0,3.375,1.08,us,9.71,1.886,0.088,40
44.1832,-129.2613,10.0,4.2,60,205.0,1.828,0.6,us,9.55,1.969,0.086,38
13.7632,-92.0983,35.0,4.4,45,161.0,2.504,0.46,us,9.32,1.97,0.059,83
5.061,96.3786,184.473,4.0,31,107.0,0.59,0.71,us,12.28,6.318,0.104,25
52.4513,160.8208,10.0,4.4,28,176.0,1.439,0.68,us,11.05,1.958,0.126,18
50.5441,157.3479,35.0,4.3,35,130.0,2.577,0.52,us,11.27,1.944,0.094,32
-43.0653,-82.4902,10.0,4.6,27,152.0,7.513,1.33,us,8.08,1.88,0.107,26
-11.9882,167.8248,332.414,4.2,25,126.0,3.491,0.56,us,15.19,10.048,0.124,18
14.7856,-91.0593,169.27,4.3,28,161.0,1.52,0.75,us,10.97,13.509,0.126,18
-16.2717,-172.9556,10.0,4.5,20,75.0,3.062,0.68,us,8.47,1.86,0.163,11
13.7314,-90.3793,78.589,4.6,67,122.0,0.607,0.96,us,8.63,7.475,0.072,58
-16.814,-177.4186,414.293,4.5,78,122.0,3.096,0.72,us,10.51,6.556,0.05,116
51.6259,160.4499,10.0,4.3,21,157.0,1.783,0.62,us,7.61,1.966,0.154,12
-57.39,-66.929,10.0,4.6,44,144.0,2.495,0.51,us,13.28,1.92,0.084,42
53.8437,160.997,37.762,4.7,157,100.0,1.627,0.71,us,8.74,6.559,0.045,150
50.1135,159.7547,44.95,4.4,25,153.0,2.994,0.79,us,12.67,9.061,0.084,41
-41.0706,81.0764,10.0,4.7,20,131.0,28.387,0.91,us,12.25,1.894,0.147,17
51.3272,158.5545,40.888,4.6,57,118.0,1.7,0.86,us,9.62,7.098,0.057,94
52.7692,160.8821,10.0,4.9,120,119.0,1.376,1.01,us,8.72,1.879,0.035,252
-3.9403,99.2707,10.0,4.3,19,158.0,3.699,0.55,us,13.86,1.943,0.153,12
-3.8546,128.4291,99.876,4.3,20,107.0,3.925,0.61,us,11.91,9.364,0.129,17
50.3652,159.5367,10.0,4.2,33,135.0,2.719,0.96,us,12.03,1.92,0.116,21
-16.8234,-173.6765,41.284,4.5,26,122.0,3.426,0.68,us,12.14,5.052,0.131,17
-20.0054,-178.2834,622.929,4.6,76,120.0,4.134,0.63,us,12.74,5.763,0.066,68
52.6933,160.986,10.0,4.4,49,134.0,1.454,0.66,us,11.39,1.911,0.092,34
36.6074,139.3644,12.413,4.6,54,111.0,0.932,0.98,us,6.26,4.455,0.079,49
44.0395,147.4985,35.0,4.3,26,137.0,3.536,0.68,us,11.63,1.948,0.143,14
-18.138,-178.3419,547.928,4.2,34,122.0,2.739,0.78,us,14.52,9.173,0.105,25
28.7236,67.1787,10.0,4.3,34,137.0,10.043,0.83,us,7.41,1.914,0.106,25
-56.8826,-67.4457,10.0,4.3,13,135.0,1.958,1.19,us,10.96,1.941,0.154,12
51.7785,158.683,61.473,4.2,46,124.0,1.247,0.66,us,8.78,7.63,0.095,31
0.4907,67.2876,10.0,4.4,32,206.0,5.707,0.57,us,10.57,1.704,0.112,23
44.4598,149.0076,58.296,4.4,32,143.0,4.618,0.44,us,10.66,8.684,0.118,21
36.2217,69.2333,37.263,4.6,40,148.0,2.431,0.81,us,9.89,6.57,0.068,65
-22.4091,-69.6874,70.56,4.0,19,161.0,0.364,0.49,us,7.13,4.491,0.231,5
2.969,-31.1441,10.0,4.9,44,45.0,18.471,0.75,us,11.84,1.845,0.084,44
49.5798,156.166,60.602,4.3,29,178.0,3.662,0.69,us,13.02,3.992,0.123,19
38.0037,143.8548,10.0,4.5,39,161.0,3.523,0.6,us,9.5,1.934,0.104,27
51.4774,160.7726,10.0,4.3,66,128.0,2.025,0.7,us,8.85,1.884,0.08,45
9.357,93.9629,10.0,5.0,156,19.0,2.58,0.56,us,6.47,1.739,0.05,137
53.5708,160.0185,75.701,4.0,18,163.0,1.466,0.35,us,14.07,10.262,0.156,11
37.0962,71.932,227.633,4.1,52,96.0,1.291,0.75,us,8.01,7.171,0.111,24
18.7861,-46.1404,10.0,4.6,53,113.0,19.914,0.72,us,15.6,1.917,0.082,44
51.6152,159.8164,29.223,5.0,174,118.0,1.582,0.7,us,8.3,5.375,0.04,205
9.3132,93.8317,10.0,4.9,72,107.0,5.745,1.35,us,8.03,1.87,0.077,53
-22.2626,-179.5415,603.486,4.5,53,73.0,5.031,0.68,us,12.02,8.25,0.076,50
9.2521,93.9445,10.0,4.0,15,118.0,5.627,0.53,us,10.59,1.93,0.233,7
-10.2357,123.8332,10.0,4.1,15,86.0,0.641,0.76,us,5.54,1.949,0.151,12
36.1705,34.1984,10.0,4.2,26,107.0,1.399,0.94,us,5.29,1.654,0.2,7
29.6691,81.7981,10.0,4.2,33,114.0,3.579,1.0,us,7.27,1.924,0.125,18
-26.1076,-177.7458,207.762,4.3,36,135.0,9.189,0.94,us,16.19,8.298,0.094,32
10.9009,123.9271,10.0,5.0,62,51.0,4.142,0.82,us,10.52,1.874,0.072,62
-23.9298,-179.5432,420.002,4.4,38,107.0,5.487,0.52,us,14.9,5.832,0.087,38
1.5433,127.1003,117.586,4.5,80,72.0,0.811,0.66,us,6.35,6.185,0.071,59
27.8992,-111.8568,10.0,4.1,41,124.0,0.67,0.95,us,5.94,1.955,0.055,90
15.3789,-94.5506,50.134,4.2,33,147.0,1.967,0.91,us,7.22,9.301,0.06,78
55.175,-163.2969,189.104,3.8,46,133.0,0.827,0.74,us,5.42,7.825,0.161,10
41.9591,142.4791,61.265,4.2,28,95.0,0.508,0.5,us,6.83,8.272,0.128,17
-24.2435,-67.0961,206.6,4.1,18,137.0,1.625,0.37,us,11.09,13.019,0.262,4
51.5321,159.5113,20.719,4.9,78,127.0,1.585,1.31,us,8.37,5.338,0.043,167
51.5974,159.1555,35.0,5.2,49,123.0,1.462,0.57,us,5.38,1.926,0.105,30
51.0136,158.2839,35.0,4.5,27,167.0,2.026,1.29,us,6.07,1.953,0.124,19
-18.1459,-178.145,571.372,4.0,25,86.0,2.896,0.82,us,9.71,10.414,0.119,19
-23.9944,-66.8068,220.986,4.3,21,135.0,1.632,0.33,us,5.88,16.324,0.168,10
-49.3989,30.5333,10.0,4.3,14,128.0,14.599,0.21,us,11.71,1.854,0.161,11
27.2748,140.3101,320.523,4.0,41,57.0,1.679,0.79,us,10.21,8.259,0.089,34
-2.0333,138.9557,35.0,4.9,31,73.0,0.957,0.59,us,4.68,1.889,0.104,29
-13.7044,-72.7506,10.0,4.6,15,112.0,4.34,1.14,us,7.58,1.927,0.173,10
-24.8259,179.6191,511.254,4.5,39,125.0,7.195,0.75,us,14.83,9.573,0.097,31
23.1373,120.5369,7.035,4.5,29,58.0,0.183,1.2,us,3.96,5.417,0.121,20
-6.1043,127.7211,397.397,4.2,29,63.0,2.682,0.79,us,7.84,11.246,0.141,14
51.6573,159.1871,35.776,4.6,65,134.0,1.407,0.74,us,10.68,7.214,0.067,67
18.2307,-102.2938,56.13,4.2,64,203.0,1.733,1.23,us,8.25,9.022,0.039,184
53.2364,159.5708,88.527,4.1,30,163.0,1.134,0.48,us,13.24,9.456,0.117,20
-36.0772,-73.7967,23.172,4.3,40,140.0,1.956,0.65,us,7.6,7.065,0.161,11
52.0434,161.0358,10.0,4.2,19,167.0,1.757,1.19,us,9.18,1.761,0.167,10
52.8163,160.4631,36.527,4.1,22,119.0,1.117,0.47,us,10.72,4.22,0.127,17
38.1856,20.3753,54.417,4.2,38,116.0,1.588,1.2,us,5.37,11.06,0.176,9
15.6512,145.9249,112.693,4.5,28,108.0,0.429,0.5,us,12.33,4.683,0.118,21
-11.4339,166.3739,67.553,5.0,85,102.0,4.07,0.56,us,8.63,5.991,0.063,80
51.8854,-173.9291,50.772,3.7,31,189.0,0.357,1.21,us,7.46,10.171,0.13,15
-7.3399,156.1613,75.991,4.6,32,98.0,4.287,0.63,us,10.51,8.101,0.103,28
-6.9438,127.6592,278.859,4.2,33,66.0,4.366,0.56,us,8.64,10.597,0.132,17
-41.8819,84.961,10.0,4.6,33,66.0,37.441,0.5,us,10.35,1.875,0.103,28
17.5334,145.7199,519.858,3.8,22,125.0,2.281,0.57,us,14.33,10.009,0.132,15
-15.5024,-177.3614,10.0,4.9,82,122.0,1.396,0.46,us,9.45,1.826,0.069,65
29.3015,129.1007,10.0,4.6,38,104.0,2.491,1.12,us,6.2,1.437,0.098,31
-8.9406,123.8287,89.48,4.4,35,73.0,0.918,0.81,us,6.53,7.248,0.098,30
-21.3487,-68.6539,128.742,4.3,24,50.0,0.706,0.68,us,7.2,6.27,0.143,14
52.1862,160.3937,35.0,4.8,53,123.0,1.884,0.85,us,10.08,1.923,0.08,49
-9.5772,125.0843,10.0,4.4,15,71.0,0.825,1.33,us,5.79,1.154,0.19,8
2.6947,128.4941,220.634,4.4,49,89.0,2.218,0.85,us,6.92,8.271,0.095,32
-30.8782,-178.1211,35.0,4.7,21,239.0,7.293,0.54,us,11.72,1.985,0.11,27
29.1041,49.7402,10.0,4.1,27,176.0,6.896,0.89,us,12.67,1.962,0.135,16
12.9267,-87.415,170.165,4.4,39,127.0,1.036,1.06,us,7.31,7.404,0.065,69
-14.7869,167.1555,83.232,4.4,24,144.0,0.658,0.55,us,13.06,7.424,0.12,20
29.3499,129.5296,10.0,4.7,128,82.0,2.295,0.56,us,5.77,1.816,0.04,190
52.7151,160.8644,10.0,5.3,113,160.0,1.377,0.73,us,11.32,1.928,0.056,105
50.8594,157.1081,80.863,4.2,27,137.0,2.282,0.7,us,12.75,8.336,0.124,18
52.8426,160.628,10.0,4.3,48,104.0,1.211,1.23,us,5.16,1.876,0.081,43
52.2589,160.7648,10.0,5.0,114,147.0,1.499,0.91,us,8.54,1.891,0.047,142
4.0355,95.8857,69.373,4.3,24,158.0,1.589,0.68,us,9.63,8.0,0.154,15
-57.1716,-67.3232,10.0,4.7,28,148.0,2.252,0.71,us,11.34,1.963,0.12,23
52.3185,160.5619,24.34,4.3,32,122.0,1.362,1.06,us,11.19,6.251,0.096,31
50.933,157.8383,31.271,4.4,14,128.0,2.153,0.34,us,11.52,6.853,0.131,17
-55.4729,-28.2657,51.736,4.8,67,72.0,4.895,0.44,us,10.17,3.875,0.073,57
60.4092,-139.5694,5.0,4.9,42,84.0,0.463,1.13,us,4.38,1.907,0.187,9
37.0416,28.4821,10.0,4.4,33,57.0,0.783,0.66,us,4.57,1.358,0.178,9
13.7959,56.963,10.0,4.3,30,103.0,11.114,0.47,us,14.02,1.948,0.109,24
-32.3699,179.3824,399.005,4.1,22,100.0,5.255,0.73,us,15.46,8.941,0.175,9
52.2855,160.4546,10.0,4.9,105,120.0,1.325,0.78,us,7.69,1.877,0.051,122
52.6854,160.265,39.38,4.2,18,156.0,1.036,0.98,us,12.7,12.386,0.136,15
29.6596,129.7262,10.0,4.5,43,115.0,1.947,0.94,us,7.48,1.898,0.104,27
35.4465,27.8337,54.403,4.1,32,121.0,0.557,0.68,us,5.24,7.22,0.094,35
51.2677,158.9288,28.546,4.6,57,112.0,1.767,0.76,us,7.97,4.093,0.057,91
-8.2579,118.0548,12.067,4.2,23,84.0,0.629,0.71,us,5.02,4.492,0.167,11
48.8612,156.301,10.0,5.6,114,54.0,4.343,0.94,us,8.11,1.755,0.021,769
31.1703,71.0285,10.0,4.6,56,108.0,3.696,0.73,us,9.93,1.906,0.074,55
51.138,159.7792,10.0,4.9,39,207.0,2.013,0.91,us,11.05,1.955,0.095,35
54.3946,-158.772,10.0,4.1,55,161.0,0.646,0.71,us,4.16,1.918,0.117,20
57.886,146.7923,10.0,4.1,24,159.0,2.678,1.17,us,9.08,1.962,0.127,17
-38.6054,175.7869,190.931,4.1,26,77.0,0.417,0.76,us,5.27,4.341,0.197,7
42.279,144.4235,50.648,4.2,29,134.0,0.978,0.61,us,9.2,8.108,0.124,18
43.4049,155.14,10.0,4.5,33,147.0,8.932,0.74,us,9.82,1.927,0.132,17
-12.0045,166.5348,143.24,4.9,58,63.0,6.957,0.64,us,10.14,4.116,0.072,61
-5.1828,35.1436,10.0,4.4,10,154.0,4.03,0.59,us,9.44,1.936,0.22,6
52.6663,160.7467,30.467,4.7,58,119.0,1.321,0.63,us,10.52,5.787,0.041,183
-5.1276,133.8264,10.0,4.6,32,102.0,2.452,0.78,us,8.88,1.933,0.109,25
-4.2459,123.2959,25.0,4.6,79,34.0,0.861,0.63,us,5.47,4.846,0.073,56
50.3131,158.2444,10.0,4.5,90,171.0,2.726,0.74,us,10.64,1.924,0.054,100
49.8958,157.5715,10.0,5.6,196,79.0,3.204,0.71,us,5.14,1.838,0.019,975
39.5869,143.2433,37.562,4.4,35,155.0,2.056,0.41,us,9.07,8.406,0.121,20
52.3978,160.2656,33.181,4.1,25,122.0,1.715,0.57,us,11.0,6.572,0.12,19
30.3359,138.4046,437.673,4.2,56,67.0,3.02,0.73,us,12.01,7.645,0.046,132
53.1752,171.4114,44.019,4.2,92,143.0,1.686,0.59,us,10.52,10.404,0.061,75
52.7659,160.6458,29.518,4.4,28,119.0,1.236,0.68,us,10.26,5.932,0.134,16
50.5746,157.7638,10.0,4.9,118,113.0,2.513,0.94,us,8.28,1.873,0.054,107
-13.3912,167.9925,622.667,4.2,101,45.0,2.182,0.69,us,10.74,7.166,0.053,99
32.8999,88.3856,10.0,4.2,32,143.0,3.957,0.89,us,8.32,1.825,0.096,30
52.6896,159.0092,61.378,4.2,22,137.0,0.399,0.95,us,11.51,3.895,0.115,21
50.4253,158.9304,10.0,4.3,24,133.0,2.608,0.64,us,8.05,1.702,0.16,11
42.1361,80.6653,10.0,4.5,29,165.0,1.432,1.07,us,5.45,1.9,0.145,14
28.997,86.6568,10.0,4.3,26,163.0,3.966,0.85,us,12.53,1.939,0.119,21
-17.9667,-178.5633,611.607,4.0,27,122.0,2.468,0.56,us,15.24,8.692,0.116,20
42.0242,137.5574,286.491,4.1,81,58.0,2.912,0.96,us,9.0,7.608,0.066,63
19.5517,-69.6462,10.0,4.4,50,46.0,0.505,1.25,us,3.05,1.292,0.084,41
50.3225,156.9122,54.628,4.4,27,190.0,2.832,0.71,us,13.73,9.676,0.126,18
-9.8652,151.9153,10.0,4.7,39,83.0,4.711,0.62,us,9.07,1.926,0.102,29
51.0072,159.2361,20.95,4.5,29,138.0,2.052,0.86,us,9.21,6.506,0.11,24
9.4392,-40.5327,10.0,4.6,64,77.0,12.759,0.53,us,12.19,1.909,0.071,60
38.3833,72.3576,10.0,4.4,19,151.0,0.122,0.88,us,6.8,1.988,0.22,6
-9.4616,120.4303,88.092,4.1,15,75.0,0.244,0.85,us,6.4,4.948,0.197,7
49.9439,158.0148,20.971,4.8,81,111.0,3.109,0.96,us,10.37,4.912,0.051,118
-28.2547,62.7289,10.0,4.6,34,68.0,9.489,0.78,us,5.95,1.818,0.114,23
49.8279,157.5025,25.716,4.3,27,134.0,3.279,1.06,us,10.5,5.81,0.126,18
13.8516,56.5241,10.0,4.3,22,137.0,11.04,0.88,us,12.13,1.928,0.137,15
-5.0624,149.6006,393.853,4.4,41,55.0,2.697,0.6,us,9.36,7.521,0.071,58
-19.9329,-69.3401,103.094,4.3,18,133.0,0.271,0.64,us,6.33,3.687,0.238,5
31.5172,-115.6079,5.0,4.2,39,86.0,0.477,1.26,us,1.46,1.846,0.091,34
-5.6494,147.3876,185.979,4.6,27,146.0,3.582,1.1,us,11.12,9.744,0.129,18
53.42,161.6344,10.0,4.5,51,112.0,1.838,0.92,us,8.83,1.88,0.093,34
7.4678,127.198,9.23,4.2,28,70.0,1.654,0.49,us,5.47,4.447,0.128,19
-22.836,171.1579,10.0,4.7,34,126.0,3.434,0.85,us,8.83,1.889,0.106,27
-33.7938,-179.6406,10.0,4.7,32,160.0,4.115,0.89,us,10.54,1.943,0.133,27
-58.1218,-26.0536,89.699,4.4,19,142.0,19.086,0.45,us,12.62,7.842,0.131,17
30.4571,50.029,10.0,4.1,52,88.0,5.761,0.63,us,6.11,1.907,0.088,37
23.7593,122.4732,10.0,4.4,25,97.0,0.859,0.68,us,3.14,1.818,0.178,9
-20.347,-178.4716,600.131,4.8,84,38.0,4.184,0.7,us,11.48,5.876,0.03,349
36.7152,27.0117,146.758,4.2,31,96.0,1.025,0.67,us,6.41,5.848,0.118,20
7.6899,127.7952,10.0,4.4,21,128.0,2.283,0.87,us,6.75,1.877,0.134,17
50.9945,158.6141,48.463,4.3,50,138.0,2.032,0.68,us,8.77,7.594,0.093,33
-16.0057,-75.4745,10.0,4.4,35,137.0,4.209,0.74,us,9.99,1.896,0.121,20
-60.7301,-50.4998,10.0,4.4,30,62.0,7.418,1.16,us,6.37,1.854,0.11,24
-26.3784,-177.9211,215.374,4.7,48,121.0,33.437,0.8,us,13.46,7.253,0.041,180
14.3963,-94.0127,10.0,4.4,42,152.0,1.864,0.79,us,7.72,1.922,0.062,77
-15.284,-179.1933,431.748,4.3,34,65.0,1.821,0.66,us,12.49,5.102,0.119,21
10.8114,123.6127,10.0,4.8,10,166.0,10.039,0.62,us,11.86,1.956,0.226,7
17.2831,-60.1479,21.47,4.1,40,141.0,1.297,0.73,us,6.39,6.668,0.151,12
50.0802,156.7628,41.912,4.1,25,131.0,3.088,0.67,us,9.86,5.733,0.15,12
38.9238,70.8581,10.776,4.5,131,60.0,0.917,0.82,us,3.33,3.845,0.052,112
8.5741,58.4158,10.0,4.4,33,174.0,19.337,0.88,us,15.58,1.978,0.105,26
-4.0111,142.9279,68.88,4.8,55,76.0,2.673,1.09,us,8.17,7.783,0.071,62
36.2857,70.6103,104.431,4.1,35,96.0,2.139,1.08,us,7.33,9.951,0.114,21
7.7416,59.7774,10.0,4.5,53,171.0,17.445,0.74,us,8.81,1.894,0.079,47
43.5148,148.0085,10.0,4.3,26,156.0,3.873,1.2,us,10.52,1.851,0.16,14
83.4353,115.4628,10.0,4.0,30,105.0,13.778,0.82,us,14.15,1.948,0.11,22
1.4483,127.1465,110.645,4.3,27,79.0,2.306,0.4,us,10.13,8.467,0.126,18
-27.6633,-177.8685,192.961,4.5,20,154.0,10.563,0.81,us,10.25,11.697,0.136,16
51.4199,159.7142,35.0,4.3,32,137.0,1.734,1.23,us,10.36,1.946,0.116,21
-5.7642,68.3192,10.0,4.4,21,65.0,4.42,0.51,us,10.57,1.789,0.138,15
51.338,159.159,37.534,4.6,19,92.0,1.717,1.0,us,9.88,9.212,0.141,15
13.2869,49.6727,10.0,4.4,22,145.0,5.286,0.88,us,15.54,1.973,0.123,19
-17.9768,-69.8892,115.162,4.4,50,109.0,0.548,0.72,us,6.92,5.416,0.084,42
-23.1745,-67.8161,142.253,4.3,32,46.0,0.401,1.06,us,6.47,3.752,0.109,24
52.1314,-169.8992,26.216,4.2,75,141.0,0.663,0.98,us,5.57,5.365,0.07,58
51.7276,159.6064,35.0,4.4,33,126.0,1.424,0.44,us,7.7,1.899,0.096,31
9.3664,94.0616,10.0,4.9,144,38.0,5.009,0.74,us,6.97,1.54,0.046,151
29.3596,129.0923,10.0,4.4,41,104.0,2.443,1.08,us,5.48,1.818,0.085,43
51.7865,160.554,10.0,4.4,35,192.0,2.192,0.62,us,11.43,1.956,0.107,25
-8.8417,124.1877,98.987,4.4,30,78.0,0.911,1.15,us,9.15,7.637,0.109,24
-4.3339,153.042,27.36,4.6,24,121.0,0.887,0.7,us,10.93,5.828,0.125,19
52.4876,160.7322,27.944,4.4,19,121.0,1.375,1.11,us,11.14,6.377,0.161,11
52.1059,159.4838,35.0,4.3,29,123.0,1.05,0.74,us,8.19,1.927,0.122,19
43.146,-126.412,10.0,3.7,29,251.0,1.734,0.77,us,8.05,2.0,0.253,4
32.3157,76.638,10.0,4.1,47,163.0,6.289,0.94,us,9.93,1.92,0.103,26
51.2786,159.6037,10.0,4.3,13,183.0,1.844,0.8,us,9.75,1.994,0.188,8
46.2021,106.2514,8.8,4.5,79,69.0,1.604,0.5,us,8.05,4.857,0.067,65
52.9554,160.8155,36.066,4.4,56,146.0,1.311,0.95,us,8.93,8.239,0.081,46
-2.3586,139.0398,34.73,4.1,21,96.0,1.003,0.75,us,7.38,5.756,0.151,14
51.9608,158.3358,78.836,4.3,56,129.0,1.081,0.77,us,7.75,6.234,0.067,64
39.1811,28.2136,10.0,4.4,24,56.0,1.023,0.48,us,4.04,1.902,0.19,8
-23.4533,-179.9944,536.206,4.5,38,122.0,5.966,0.84,us,13.89,8.151,0.098,31
50.1885,156.7396,70.95,4.2,29,144.0,2.984,0.48,us,12.76,8.826,0.11,23
55.3497,165.3096,10.0,4.3,59,153.0,4.553,0.95,us,13.87,1.928,0.077,48
-27.913,-176.985,81.261,4.5,13,245.0,1.565,0.44,us,15.06,10.743,0.14,15
37.5599,72.4465,191.888,4.2,39,165.0,0.752,0.76,us,8.66,4.525,0.146,13
23.9447,121.5836,10.0,5.1,59,69.0,0.228,0.54,us,2.3,1.75,0.044,168
53.2233,159.5924,67.161,4.4,123,133.0,0.602,0.77,us,10.15,6.92,0.051,111
-2.8451,129.5201,10.0,4.6,55,50.0,1.71,0.52,us,2.71,1.873,0.072,57
-18.7756,-177.8364,611.056,4.3,33,122.0,3.51,0.64,us,15.09,10.067,0.102,27
-57.9449,-25.0351,42.871,4.5,17,119.0,7.377,1.37,us,11.45,8.639,0.139,16
31.8067,48.4667,10.0,4.0,20,225.0,3.864,0.74,us,13.52,2.011,0.138,14
49.7002,158.3167,19.776,4.2,45,138.0,3.334,0.65,us,12.63,5.287,0.095,31
50.3121,159.2264,10.0,4.8,72,121.0,2.739,0.71,us,8.01,1.846,0.036,234
-5.6802,129.0318,10.0,4.4,23,68.0,4.22,1.0,us,8.96,1.909,0.13,17
7.6895,126.9736,35.0,4.9,56,46.0,1.514,1.02,us,7.27,1.874,0.071,62
6.3868,126.5214,10.0,4.3,22,105.0,1.156,1.2,us,7.03,1.914,0.129,17
-4.2194,69.0708,10.0,4.3,19,217.0,4.623,0.47,us,13.64,1.986,0.177,9
16.3751,-59.6718,10.0,4.4,37,116.0,1.331,0.87,us,6.82,1.855,0.179,9
14.507,53.6755,10.0,4.4,37,124.0,21.736,0.59,us,14.08,1.907,0.099,29
-56.5699,-25.8427,35.0,4.9,47,87.0,6.478,1.23,us,12.21,1.938,0.077,53
34.3478,23.8015,11.464,4.7,36,237.0,3.008,0.85,us,12.89,8.583,0.11,25
50.2465,159.1692,10.0,4.3,19,231.0,2.8,0.62,us,7.69,1.965,0.218,7
-20.9612,-69.0134,108.208,4.6,47,48.0,0.45,0.79,us,5.07,4.448,0.055,99
-28.4498,-68.9984,94.818,4.5,30,46.0,1.596,0.97,us,6.72,7.73,0.131,17
-6.5625,143.6975,10.0,4.3,20,107.0,4.128,0.79,us,7.43,1.904,0.154,14
52.3084,160.3714,31.272,4.9,36,123.0,1.813,0.61,us,8.17,4.88,0.108,27
51.418,161.1206,10.0,4.3,73,89.0,2.212,1.03,us,5.43,1.724,0.068,62
-33.5175,-178.8855,39.498,4.0,19,238.0,4.639,1.01,us,13.72,8.697,0.139,14
52.7715,161.0444,10.0,4.8,55,120.0,1.472,1.38,us,9.54,1.885,0.052,115
-5.7781,153.7053,17.876,4.3,27,120.0,2.201,0.96,us,10.97,5.515,0.116,21
-21.7005,-179.0911,580.532,4.2,29,195.0,4.766,0.64,us,18.61,8.59,0.102,31
51.4041,159.4794,35.0,4.4,20,178.0,1.7,1.12,us,6.07,1.972,0.155,12
-40.3837,-91.5178,10.0,4.7,31,153.0,14.509,0.81,us,14.3,1.911,0.088,39
-21.3015,-66.6905,227.673,4.7,34,55.0,2.145,0.86,us,8.76,8.289,0.104,28
-41.2745,-86.0338,10.0,4.4,22,110.0,9.927,0.95,us,10.12,1.691,0.12,20
-6.5347,92.0678,10.0,4.5,19,82.0,17.795,0.61,us,14.79,1.898,0.156,12
52.0859,158.9701,51.775,4.4,28,151.0,1.284,0.75,us,12.47,9.643,0.114,22
50.0155,157.339,35.027,4.8,64,133.0,3.105,0.76,us,10.18,7.149,0.046,150
53.4274,160.8714,31.291,4.6,54,84.0,1.396,0.84,us,8.4,3.003,0.084,42
53.101,160.7831,29.886,4.1,19,180.0,1.29,1.02,us,10.11,8.345,0.158,14
51.4217,16.2483,5.0,4.5,67,47.0,1.074,0.93,us,4.12,1.88,0.091,38
-21.6274,-179.4628,606.97,4.4,29,169.0,4.516,0.3,us,12.74,10.182,0.114,22
49.8529,157.5905,32.543,4.2,29,134.0,3.243,0.71,us,8.98,5.823,0.108,24
-4.8633,153.4113,60.303,5.2,80,59.0,1.412,1.21,us,7.63,4.811,0.053,116
34.7678,24.068,47.995,4.3,33,111.0,2.651,1.03,us,9.82,9.469,0.109,24
51.7951,159.2957,35.0,4.6,60,137.0,1.292,0.88,us,10.81,1.919,0.071,59
-22.3438,171.5008,126.548,4.6,27,114.0,3.759,0.68,us,10.1,8.509,0.125,20
11.6512,125.5795,55.483,4.2,16,136.0,4.552,0.56,us,13.41,9.367,0.199,8
9.1991,126.085,102.632,4.4,38,131.0,2.174,0.88,us,11.08,8.655,0.105,26
23.3055,-44.9733,10.0,4.7,87,132.0,19.929,0.43,us,14.07,1.912,0.063,76
18.5245,93.682,10.0,4.8,77,63.0,2.876,0.84,us,6.84,1.85,0.064,76
12.8458,144.1042,127.623,4.3,21,79.0,1.049,1.34,us,12.68,7.095,0.142,14
50.0206,159.3567,10.0,4.4,45,129.0,3.039,0.65,us,9.43,1.884,0.1,29
-51.3994,-75.3811,18.674,4.3,15,177.0,2.766,0.92,us,10.84,6.11,0.177,9
-28.0386,-66.7387,157.596,4.5,49,43.0,3.277,0.84,us,4.8,8.753,0.171,10
24.8414,95.4771,163.794,4.2,41,109.0,3.655,0.55,us,6.95,8.635,0.096,30
49.0944,154.7395,83.454,4.6,166,114.0,4.43,0.6,us,8.72,6.059,0.037,220
-5.5698,152.3977,10.0,4.2,21,157.0,1.389,0.86,us,7.85,1.602,0.147,16
54.5416,-159.8941,35.0,3.6,27,161.0,0.34,0.75,us,7.89,1.941,0.144,15
51.6484,159.695,35.0,4.3,25,142.0,1.519,1.14,us,11.85,1.963,0.116,21
10.0457,125.8534,87.356,4.7,60,114.0,2.969,0.68,us,10.6,7.251,0.054,104
14.9325,-61.4045,150.42,4.5,112,37.0,0.308,0.68,us,6.25,5.699,0.035,235
7.3014,126.7542,95.82,4.3,30,148.0,1.188,0.67,us,11.64,7.92,0.109,24
-17.9457,-178.4226,564.849,4.6,45,95.0,2.565,0.89,us,9.43,9.444,0.092,35
53.0106,160.9939,28.799,4.4,41,172.0,1.416,0.65,us,12.25,7.423,0.086,41
36.388,70.3088,209.879,4.1,46,118.0,2.1,1.13,us,7.38,9.358,0.117,20
51.3019,159.2558,10.0,4.5,21,180.0,1.764,0.35,us,10.97,1.967,0.156,13
43.7287,89.0912,10.0,4.5,58,79.0,4.767,0.87,us,9.12,1.94,0.106,26
52.2516,160.7421,10.0,5.1,97,107.0,1.491,0.67,us,7.86,1.858,0.022,650
44.0626,147.506,35.0,4.5,43,148.0,3.54,0.55,us,10.96,1.954,0.101,29
33.3671,141.0696,35.0,4.5,25,125.0,1.082,0.75,us,6.68,1.943,0.156,12
2.9103,-31.5242,10.0,4.5,30,82.0,9.718,1.01,us,12.02,1.89,0.099,30
2.9528,-31.3475,10.0,4.9,46,66.0,19.996,1.02,us,12.86,1.882,0.07,73
53.2545,159.9288,55.409,4.4,33,143.0,0.804,0.99,us,12.23,5.87,0.098,30
23.0801,94.7964,140.77,4.6,51,128.0,4.771,0.71,us,10.95,2.993,0.088,38
40.1,36.0262,10.0,4.4,47,35.0,0.412,0.61,us,2.75,1.868,0.117,21
42.7638,146.4289,35.0,4.3,31,188.0,2.536,0.49,us,3.9,1.972,0.125,18
42.0202,-126.1152,10.0,3.7,63,234.0,1.345,0.71,us,8.09,2.011,0.29,3
53.0254,161.2413,35.0,4.4,23,118.0,1.565,0.51,us,7.7,1.876,0.114,22
-14.6197,167.2913,182.26,4.3,26,71.0,0.827,0.82,us,10.83,5.358,0.122,19
51.4124,157.6145,84.758,4.1,35,126.0,1.699,0.58,us,11.7,7.868,0.104,25
-15.8881,-72.0288,10.0,4.3,18,143.0,2.949,1.11,us,10.42,1.935,0.133,16
52.8586,160.3798,46.241,4.3,46,119.0,1.06,0.56,us,9.7,7.15,0.084,40
11.2757,124.1791,10.0,4.3,11,148.0,4.402,0.22,us,14.16,1.952,0.177,9
-3.0453,129.5909,10.0,4.4,24,63.0,2.657,1.11,us,7.53,1.896,0.143,14
-6.8777,155.4381,35.0,4.3,42,96.0,4.212,0.46,us,9.77,1.921,0.097,31
16.8422,145.6771,187.601,4.2,29,113.0,1.596,0.81,us,14.87,9.021,0.115,21
-18.0077,-177.975,625.129,4.4,46,123.0,2.958,0.65,us,14.42,10.109,0.078,48
51.5777,159.6258,10.0,5.0,61,135.0,1.567,0.65,us,9.44,1.897,0.077,53
53.665,160.4312,42.734,5.9,61,86.0,1.247,0.96,us,8.1,7.084,0.083,54
52.4269,160.957,10.0,4.4,29,134.0,1.525,0.8,us,11.86,1.919,0.105,26
-20.4167,-177.6757,528.864,4.2,26,112.0,4.818,0.41,us,8.14,10.586,0.121,19
-22.2504,-68.6311,113.427,4.3,22,54.0,0.725,0.68,us,5.39,5.492,0.129,21
34.6827,70.6043,65.43,4.3,52,142.0,3.927,0.66,us,11.15,8.308,0.092,36
42.5355,-126.3243,10.0,3.3,25,188.0,1.48,0.67,us,6.52,1.993,0.243,6
51.5819,159.4999,35.0,4.5,28,126.0,1.535,0.91,us,9.64,1.936,0.104,27
27.4606,52.5881,10.0,4.4,62,80.0,4.102,0.59,us,9.18,1.896,0.082,43
7.2316,127.2814,17.369,4.6,40,64.0,1.697,0.76,us,7.11,4.601,0.1,32
41.7454,88.5827,10.0,4.9,105,81.0,6.3,0.58,us,8.19,1.779,0.07,64
-60.1114,-18.6513,10.0,5.2,73,49.0,13.209,0.64,us,11.89,1.601,0.066,77
53.4482,161.5765,10.0,4.9,172,85.0,1.81,0.74,us,8.25,1.811,0.046,151
-16.4482,167.2572,10.0,4.2,14,258.0,4.959,0.93,us,15.79,2.008,0.186,8
-8.6145,129.1101,10.0,4.6,25,90.0,4.141,0.65,us,7.01,1.889,0.128,18
52.1061,160.6091,10.0,4.2,11,159.0,1.508,0.4,us,12.12,1.965,0.216,6
50.284,158.3323,10.0,4.8,132,95.0,2.75,0.75,us,8.72,1.852,0.05,123
39.8072,143.6256,10.0,5.0,60,120.0,2.191,0.73,us,7.54,1.871,0.045,156
-10.2276,-74.2575,10.0,4.3,19,89.0,2.917,1.09,us,7.55,1.641,0.142,14
14.0829,-89.8038,10.0,4.2,34,113.0,0.181,0.85,us,7.04,1.963,0.121,19
-20.4344,-177.9988,496.313,4.5,57,117.0,4.593,0.61,us,14.47,6.241,0.076,51
13.5274,120.7937,196.71,4.4,47,113.0,13.894,0.67,us,11.59,5.297,0.092,41
9.3075,93.7511,10.0,4.2,27,179.0,5.823,0.57,us,13.83,1.943,0.128,18
52.221,159.6112,52.772,4.6,99,119.0,0.995,0.61,us,9.42,6.823,0.059,84
13.1316,124.1919,85.683,4.9,93,55.0,6.176,0.8,us,8.92,6.554,0.045,152
51.156,159.7907,10.0,4.4,35,129.0,1.998,0.54,us,9.82,1.912,0.108,25
49.9744,157.327,35.0,4.3,27,133.0,3.147,0.98,us,11.4,1.921,0.143,14
52.2037,160.7029,10.0,4.4,32,190.0,2.042,0.82,us,12.81,1.959,0.103,27
-18.0416,-178.2107,599.181,4.2,47,79.0,2.786,0.74,us,14.2,9.276,0.086,37
51.5332,159.6339,31.098,4.4,36,136.0,1.61,0.93,us,10.1,6.129,0.096,34
-0.3643,-91.5245,10.0,4.7,55,178.0,0.562,0.61,us,7.49,1.9,0.052,113
14.8497,145.62,137.181,4.4,33,88.0,0.416,0.63,us,13.11,6.131,0.114,22
-9.8966,160.1145,10.0,4.6,61,76.0,0.484,0.87,us,6.91,1.879,0.069,63
-23.2002,172.4082,10.0,4.6,14,260.0,4.612,0.36,us,15.16,2.014,0.164,11
52.7107,159.5146,63.772,4.6,36,117.0,0.611,1.36,us,10.13,7.03,0.103,28
-10.5681,119.2705,16.04,5.1,124,74.0,1.35,0.69,us,4.24,3.132,0.055,112
51.7505,-177.8295,83.815,4.0,50,164.0,0.044,0.29,us,7.3,4.752,0.065,63
52.517,160.6831,10.0,4.4,67,121.0,1.335,0.97,us,4.62,1.89,0.075,52
-59.7085,-22.5681,15.076,4.6,22,107.0,14.378,0.33,us,15.21,4.708,0.136,16
52.9662,160.8942,17.693,4.8,86,119.0,1.358,1.1,us,7.93,4.717,0.05,121
49.8346,156.5585,35.0,4.5,53,133.0,3.355,0.74,us,7.86,1.663,0.064,72
9.2996,125.3861,10.0,4.5,48,112.0,2.224,0.64,us,11.96,1.875,0.087,45
53.1238,161.6525,10.0,4.5,70,133.0,1.814,0.69,us,9.57,1.887,0.068,64
51.2138,178.3018,42.317,4.5,66,137.0,0.649,0.69,us,6.38,7.416,0.05,118
43.5911,147.3447,55.299,4.3,16,204.0,3.46,1.01,us,15.23,13.204,0.16,11
13.6724,92.7915,10.0,4.7,46,68.0,6.925,0.59,us,7.19,1.868,0.093,35
54.5195,-160.086,35.0,4.4,57,158.0,0.425,0.56,us,4.93,1.947,0.13,17
9.3326,93.9986,10.0,4.5,28,178.0,5.584,0.67,us,12.24,1.936,0.118,21
23.403,94.2596,10.0,5.3,107,54.0,2.27,1.1,us,6.97,1.766,0.04,208
51.542,159.5575,36.094,4.5,66,120.0,1.585,0.74,us,9.01,6.941,0.074,53
-7.7094,130.0939,25.913,4.5,33,91.0,5.203,0.6,us,9.64,5.603,0.119,21
7.669,136.9808,10.0,4.6,41,100.0,2.506,0.68,us,9.85,1.879,0.082,44
-20.8957,-68.9598,103.122,4.2,31,51.0,0.514,0.85,us,5.2,6.378,0.132,16
-54.0562,-133.4096,10.0,4.5,12,150.0,29.78,0.75,us,11.9,1.865,0.171,10
18.9243,145.5233,174.649,4.5,52,100.0,3.672,0.67,us,12.55,8.127,0.077,49
53.5914,160.2386,57.417,4.3,21,160.0,1.11,1.03,us,12.6,7.688,0.133,16
0.5086,121.2234,92.951,4.3,25,122.0,0.744,0.95,us,6.16,7.185,0.168,11
-9.5,119.8345,80.79,4.7,95,87.0,0.487,0.89,us,5.83,5.243,0.059,94
-56.3082,-25.5974,10.0,4.5,25,103.0,6.542,0.5,us,8.97,1.833,0.124,19
54.3763,-161.5472,35.359,3.5,39,194.0,0.748,0.96,us,3.7,11.503,0.157,10
-5.7931,149.2529,125.323,4.8,55,63.0,3.132,0.52,us,9.55,6.798,0.055,104
49.8427,158.0847,28.054,4.3,22,229.0,3.205,0.42,us,15.8,5.529,0.147,13
-23.7252,-179.435,532.579,4.1,23,156.0,6.397,0.75,us,12.36,11.164,0.131,17
51.2337,-177.6055,43.339,3.8,34,224.0,0.66,0.82,us,9.41,19.73,0.088,33
20.4797,144.8663,186.772,3.9,20,125.0,5.284,0.62,us,11.75,10.721,0.133,15
47.3687,152.5664,117.466,4.2,34,132.0,6.62,0.92,us,14.19,10.356,0.108,24
-1.6795,120.842,13.442,4.5,25,64.0,0.913,1.12,us,3.8,5.008,0.163,13
-10.2863,161.0221,70.115,4.3,20,133.0,1.353,0.5,us,10.45,4.188,0.137,15
41.0148,142.6678,51.628,4.5,64,134.0,1.065,0.67,us,6.32,7.375,0.071,58
54.4719,-159.8452,36.302,3.9,36,208.0,0.39,0.75,us,5.36,5.008,0.148,12
51.4032,159.5752,26.928,4.2,14,128.0,1.72,1.16,us,11.08,7.352,0.216,7
50.1142,157.2083,35.0,4.6,80,115.0,3.014,0.61,us,9.03,1.88,0.056,94
8.6228,126.3529,74.651,4.8,110,41.0,1.723,0.83,us,8.54,4.684,0.047,139
-15.1851,-174.8226,274.419,4.2,17,84.0,3.206,0.74,us,12.58,7.938,0.167,10
52.5755,160.6702,35.613,4.4,16,134.0,1.306,0.67,us,12.19,7.781,0.162,11
52.4441,160.7128,10.0,4.0,21,150.0,1.382,0.98,us,11.31,1.982,0.195,10
-27.9812,-177.8106,10.0,4.4,18,92.0,10.876,0.74,us,8.36,1.899,0.139,15
33.1158,141.9006,10.0,4.3,31,141.0,1.751,0.66,us,7.34,1.908,0.123,19
29.3051,129.4331,10.0,4.9,70,33.0,2.367,1.05,us,5.14,1.866,0.045,158
52.9671,160.3815,35.0,4.5,25,167.0,1.048,0.75,us,12.47,1.96,0.145,14
49.9056,158.961,10.0,4.6,72,131.0,3.128,0.6,us,8.67,1.879,0.067,67
-22.0936,-68.617,121.752,4.0,19,85.0,0.651,0.7,us,4.06,6.374,0.183,8
13.8349,-92.9186,10.0,4.1,62,162.0,1.505,0.85,us,6.54,1.958,0.08,43
52.3755,160.6875,10.0,4.8,12,174.0,1.399,0.67,us,11.25,1.967,0.175,10
-19.9677,-173.2301,10.0,4.6,30,105.0,3.239,0.6,us,9.2,1.902,0.114,29
1.6522,127.2482,113.578,5.1,73,57.0,4.725,0.86,us,8.11,5.697,0.05,128
13.3577,92.5564,15.163,5.0,89,65.0,4.921,0.85,us,9.59,4.409,0.056,105
-19.1494,-175.715,269.444,4.2,19,134.0,5.383,1.1,us,16.35,11.348,0.141,14
30.0948,-135.9731,10.0,4.3,199,57.0,13.167,0.93,us,11.21,1.833,0.033,263
14.6594,-94.3057,10.0,4.1,21,203.0,2.06,0.75,us,5.47,1.966,0.175,9
27.1149,52.9585,10.0,4.0,19,172.0,3.632,0.5,us,12.6,1.967,0.163,10
-6.1334,154.5809,416.609,4.6,57,102.0,3.085,0.81,us,12.8,7.883,0.053,107
39.3193,143.2721,10.0,4.5,56,135.0,2.242,0.77,us,5.75,1.692,0.088,38
-17.4911,-178.649,576.188,4.3,19,242.0,2.147,0.53,us,27.05,15.967,0.142,15
-3.8624,141.1875,106.651,4.5,24,59.0,1.423,0.94,us,7.96,7.98,0.132,17
10.7262,125.3714,10.0,4.6,43,108.0,3.639,0.72,us,10.42,1.84,0.096,32
-9.4642,155.6151,10.0,4.3,14,127.0,6.259,0.59,us,12.27,1.761,0.168,10
18.3943,-102.3794,10.0,4.3,48,203.0,1.655,1.01,us,8.11,1.951,0.058,84
49.8313,156.5677,40.609,4.2,20,180.0,3.357,0.71,us,15.66,11.824,0.159,11
-23.8389,69.7545,10.0,4.0,12,123.0,7.189,0.71,us,11.16,1.909,0.211,7
27.5112,52.4805,10.0,4.1,27,112.0,4.209,0.83,us,9.99,1.943,0.111,22
-10.1177,123.3333,75.872,4.0,13,83.0,0.988,0.86,us,9.03,7.386,0.164,10
51.9702,160.5809,10.0,4.0,26,137.0,1.583,0.52,us,11.81,1.891,0.13,16
42.971,18.711,10.0,4.1,36,72.0,0.676,0.3,us,5.46,1.971,0.368,2
51.4567,159.451,33.883,4.5,37,167.0,1.645,0.72,us,10.4,7.074,0.089,37
-25.2243,179.8714,514.112,4.4,40,90.0,7.632,0.91,us,9.79,8.838,0.105,27
13.7956,144.6687,156.309,4.2,17,99.0,0.282,0.73,us,14.81,6.201,0.16,11
51.3084,159.5687,10.0,4.3,27,138.0,1.808,1.02,us,9.91,1.93,0.122,19
36.3656,77.0742,10.0,4.3,19,236.0,4.141,1.33,us,11.64,1.985,0.177,9
13.0049,124.316,94.735,4.3,23,142.0,10.721,0.55,us,15.62,5.634,0.129,17
51.3831,159.6595,10.0,4.9,60,128.0,1.756,0.8,us,7.84,1.818,0.057,98
50.9505,157.4312,72.557,4.3,36,128.0,2.167,0.77,us,9.87,6.784,0.099,29
-15.3877,67.0483,10.0,4.5,35,171.0,9.531,0.61,us,12.4,1.946,0.106,26
52.877,160.775,20.19,4.2,23,171.0,1.294,1.25,us,12.54,6.997,0.137,17
52.3467,160.6799,10.0,4.1,19,166.0,1.409,0.92,us,10.97,1.963,0.174,9
51.2485,159.5548,10.0,4.3,26,134.0,1.863,0.64,us,5.42,1.824,0.119,20
50.619,157.9071,35.0,4.4,36,163.0,2.452,0.53,us,10.73,1.97,0.102,28
50.3549,159.111,10.0,4.9,68,129.0,2.688,0.95,us,7.17,1.861,0.076,55
9.2728,-84.1423,45.043,4.5,79,133.0,0.485,0.58,us,7.99,8.836,0.062,77
-6.2424,131.0717,35.0,4.4,51,50.0,3.504,1.01,us,8.68,1.919,0.087,38
-5.9835,151.5836,10.0,4.4,28,125.0,1.872,0.92,us,11.75,1.891,0.106,26
-21.4699,-176.2922,110.0,4.7,39,110.0,6.431,0.96,us,13.48,7.821,0.073,56
27.9608,142.7311,10.0,4.4,31,156.0,0.989,0.61,us,7.2,1.52,0.131,17
52.4486,160.7711,29.521,4.0,20,176.0,1.412,0.78,us,13.51,8.352,0.118,19
51.3058,158.4395,45.709,4.5,36,125.0,1.725,0.99,us,10.93,6.775,0.1,29
51.4482,158.8543,59.136,4.0,24,167.0,1.583,0.5,us,11.97,9.001,0.13,17
39.1711,28.2092,10.0,4.3,12,81.0,1.019,0.36,us,2.81,1.988,0.238,5
-46.9301,-13.7452,10.0,4.8,21,64.0,9.912,1.23,us,11.19,1.713,0.124,20
9.6582,126.1559,17.182,4.5,18,111.0,2.634,0.62,us,12.76,4.874,0.163,11
52.2912,159.9371,59.125,4.2,22,122.0,1.589,1.23,us,9.97,8.148,0.142,14
-24.308,-67.1961,187.741,4.2,29,60.0,1.623,0.91,us,9.52,10.516,0.167,10
-16.8082,-174.0809,120.117,4.3,62,111.0,4.239,0.68,us,10.23,5.195,0.074,51
6.8018,127.1295,31.637,4.3,32,109.0,1.562,1.2,us,8.01,5.187,0.114,22
2.1406,-95.5696,10.0,4.1,13,207.0,5.272,1.12,us,13.43,1.991,0.198,7
22.7171,143.8805,35.0,4.4,36,111.0,4.623,0.7,us,8.68,1.927,0.105,28
52.8415,161.0175,10.0,5.6,57,148.0,1.445,0.96,us,9.89,1.915,0.079,56
51.1902,159.4949,10.0,5.2,31,125.0,1.909,0.56,us,8.45,1.89,0.089,41
38.1018,72.9591,10.0,4.6,22,162.0,0.429,0.72,us,7.59,1.968,0.122,20
-60.9605,-38.8132,10.0,4.9,32,70.0,6.81,0.96,us,10.43,1.909,0.102,30
49.831,157.0212,35.0,4.3,32,135.0,3.309,0.87,us,12.4,1.937,0.109,24
-9.2366,124.0695,76.421,4.2,17,119.0,0.551,0.7,us,6.98,4.79,0.147,13
37.8218,144.3154,10.0,4.5,24,158.0,3.891,0.41,us,10.49,1.935,0.157,12
-5.2184,129.7433,236.861,4.1,19,61.0,0.71,0.53,us,9.48,7.394,0.157,12
13.9108,144.6955,197.907,4.0,15,113.0,0.361,0.36,us,9.99,5.823,0.195,7
-60.2135,-61.8745,10.0,5.1,50,94.0,4.687,0.77,us,11.11,1.804,0.09,40
39.6749,143.5114,10.0,4.5,96,132.0,2.179,0.57,us,8.6,1.893,0.061,79
52.0603,160.0392,10.0,5.2,55,96.0,1.285,0.9,us,8.27,1.386,0.083,48
-21.5986,-68.3806,145.16,4.4,37,87.0,0.825,0.75,us,6.27,6.361,0.117,21
9.9979,126.0615,64.488,4.4,23,148.0,2.948,0.56,us,8.51,7.353,0.13,17
52.4002,160.8008,31.58,4.2,16,257.0,1.45,1.05,us,11.88,9.058,0.2,7
50.0383,157.0695,35.0,4.2,56,169.0,3.099,0.77,us,11.63,1.961,0.079,45
52.4238,-169.5357,39.206,3.7,27,176.0,0.688,0.98,us,6.94,8.836,0.126,16
-6.2536,131.5376,88.657,4.4,24,56.0,2.367,0.85,us,8.75,10.024,0.12,20
53.12,161.0523,37.891,4.2,49,138.0,1.453,0.85,us,6.14,7.57,0.092,35
-33.0054,-70.4629,104.373,4.2,29,77.0,0.225,0.4,us,4.21,4.871,0.236,5
-23.2881,-179.5441,510.492,4.3,19,113.0,5.957,0.76,us,15.91,15.151,0.113,23
14.0807,-93.2214,10.0,4.3,59,196.0,1.499,0.95,us,6.28,1.961,0.059,81
9.2343,93.9758,10.0,4.3,17,187.0,5.595,0.23,us,12.44,1.949,0.168,10
-21.2803,-68.7253,118.559,4.0,13,92.0,0.704,0.63,us,6.27,8.393,0.258,4
52.9672,161.0749,32.558,4.0,21,186.0,1.467,0.67,us,15.4,4.508,0.15,12
51.7281,159.4201,58.703,4.4,32,126.0,1.381,0.87,us,9.95,8.064,0.11,24
-57.1362,-67.2125,10.0,4.7,24,146.0,2.222,0.56,us,14.89,1.964,0.127,19
-36.8604,-74.4156,10.0,4.4,14,211.0,2.657,0.45,us,9.62,2.002,0.202,7
50.7367,157.8674,35.0,4.5,27,138.0,2.341,0.63,us,10.62,1.723,0.113,23
50.7377,157.8617,61.759,5.6,119,119.0,2.341,0.68,us,10.43,6.556,0.019,1004
-33.8803,-70.4707,107.73,4.5,48,68.0,0.206,0.49,us,4.33,4.703,0.08,46
51.4159,161.019,10.0,4.3,48,135.0,2.172,0.31,us,11.21,1.904,0.09,35
52.5424,160.527,10.0,4.1,19,222.0,1.238,0.51,us,16.19,1.983,0.145,13
-24.9219,179.7411,526.029,4.2,28,96.0,4.78,0.93,us,15.46,9.537,0.128,21
-24.5984,-175.9865,35.0,5.0,36,127.0,4.955,0.74,us,10.55,1.868,0.054,115
-19.6384,-177.7592,585.953,4.2,89,122.0,4.164,1.01,us,14.71,8.249,0.059,80
-1.6625,-81.0281,10.0,4.7,53,155.0,1.56,0.67,us,8.89,1.908,0.089,38
-16.7781,-173.4733,10.0,4.8,32,94.0,3.286,1.01,us,10.94,1.856,0.109,26
-31.1514,-178.6343,60.457,4.6,18,160.0,1.982,0.54,us,10.39,9.156,0.146,14
83.8577,113.1236,10.0,4.9,84,68.0,12.637,0.92,us,8.99,1.869,0.037,228
19.9758,-70.6098,10.0,4.3,82,58.0,0.547,0.64,us,4.28,1.867,0.053,100
-45.8845,95.7899,10.0,4.6,19,98.0,20.945,0.75,us,15.45,1.915,0.137,16
-15.8408,178.5631,10.0,4.5,17,221.0,1.001,0.55,us,7.07,1.97,0.15,13
-5.8617,-81.0816,32.602,4.2,27,175.0,2.511,0.6,us,12.06,9.088,0.124,18
-22.6022,-69.0076,110.11,4.3,41,49.0,0.531,1.01,us,5.55,6.253,0.126,18
36.5231,70.6484,197.741,4.0,27,173.0,2.308,0.71,us,7.95,6.028,0.144,13
15.5984,145.8343,216.491,4.3,14,160.0,0.358,0.77,us,14.32,6.186,0.238,5
9.6784,126.2416,32.153,4.5,57,102.0,2.673,0.47,us,11.95,4.812,0.078,48
-3.4946,128.7097,33.74,4.1,30,36.0,3.58,0.61,us,7.34,6.823,0.145,14
-38.9301,-75.175,10.0,4.5,13,154.0,1.654,0.42,us,6.19,1.918,0.27,4
27.096,-44.4686,10.0,4.5,45,145.0,21.401,0.53,us,14.89,1.941,0.064,72
52.1778,160.2185,35.0,4.1,20,166.0,1.278,0.66,us,10.05,1.949,0.166,12
-60.7117,-62.1998,10.0,4.4,15,145.0,4.166,1.22,us,14.65,1.941,0.154,12
1.0126,125.5724,83.335,4.3,33,75.0,0.848,0.59,us,5.72,7.243,0.133,16
39.4037,143.6854,10.0,4.0,23,134.0,2.44,0.66,us,7.08,1.902,0.173,9
23.2606,123.0482,10.0,4.6,45,95.0,1.201,1.19,us,5.24,1.9,0.114,24
49.6826,157.3207,10.0,5.4,128,79.0,3.439,0.89,us,8.03,1.832,0.022,705
37.3807,21.6236,51.012,4.2,16,127.0,0.314,0.72,us,9.0,12.382,0.215,6
51.4931,158.2431,32.584,4.6,30,126.0,1.553,0.33,us,7.97,6.116,0.103,28
-18.3323,168.4127,39.846,4.3,19,197.0,3.094,1.01,us,8.09,6.816,0.16,13
52.4997,160.6456,35.0,4.2,25,175.0,1.321,0.99,us,9.7,1.905,0.121,19
18.5166,145.6365,192.659,4.3,24,142.0,3.261,0.88,us,13.08,9.496,0.122,19
52.7901,160.9724,10.0,4.2,22,129.0,1.426,0.88,us,10.33,1.922,0.147,13
-17.7163,-178.6567,580.268,4.3,51,118.0,2.253,0.72,us,12.71,7.798,0.068,60
14.8139,54.8332,10.0,4.9,72,97.0,10.111,0.63,us,10.55,1.896,0.072,60
2.9712,-31.3943,10.0,4.8,157,123.0,9.831,0.64,us,10.65,1.875,0.047,147
-60.4748,-36.9911,10.0,4.5,13,109.0,6.214,0.76,us,11.27,1.931,0.156,13
11.9988,-89.3955,10.0,4.2,20,209.0,1.761,0.88,us,6.94,1.991,0.146,13
50.2022,158.6381,10.0,4.6,50,133.0,2.825,1.03,us,9.0,1.889,0.062,77
-3.6014,151.3586,461.007,4.5,144,57.0,0.966,0.74,us,9.84,6.017,0.038,202
6.2037,126.8425,80.527,4.5,50,66.0,1.522,0.86,us,8.16,6.013,0.079,47
52.0605,161.1599,10.0,4.3,26,125.0,1.811,1.04,us,10.66,1.917,0.142,15
34.059,23.3056,35.0,4.0,46,186.0,3.309,0.79,us,9.47,1.991,0.111,22
4.5081,125.5362,146.401,4.2,29,83.0,0.23,0.91,us,10.92,4.359,0.11,23
7.4907,127.1824,10.0,4.0,12,159.0,1.645,0.89,us,9.11,1.827,0.196,7
-19.1257,-174.6439,88.347,4.6,32,89.0,4.46,0.65,us,12.61,9.068,0.095,33
52.2582,159.7259,50.987,4.2,21,166.0,1.009,0.75,us,10.43,8.301,0.152,12
37.4258,21.5552,38.404,4.1,14,136.0,0.385,0.74,us,8.49,12.19,0.151,12
49.7972,156.1874,46.985,4.6,51,132.0,3.448,0.65,us,10.31,6.968,0.072,57
-44.3879,-81.819,10.0,4.7,33,142.0,7.007,0.98,us,12.77,1.916,0.095,34
17.916,147.4196,10.0,4.4,50,128.0,3.086,1.19,us,10.65,1.881,0.077,48
45.2233,-130.0989,10.0,3.6,30,218.0,0.722,0.88,us,8.85,2.0,0.125,16
52.7885,160.5759,38.152,5.1,127,100.0,1.19,0.65,us,10.43,5.304,0.024,586
-8.6742,112.0918,118.563,4.2,35,64.0,2.048,0.51,us,6.72,6.939,0.104,26
-36.4735,177.2808,10.0,4.2,17,106.0,1.362,0.79,us,5.59,1.922,0.167,10
54.5053,-159.8304,35.228,4.2,44,187.0,0.355,0.61,us,6.24,10.294,0.372,2
-1.7476,69.1427,10.0,4.5,15,80.0,4.448,1.2,us,7.57,1.889,0.204,7
-13.0928,168.5147,592.201,4.0,10,136.0,2.663,0.45,us,18.07,10.542,0.212,6
49.2125,157.8883,10.0,4.5,56,126.0,3.846,0.57,us,4.72,1.884,0.086,40
51.253,-174.8606,10.0,3.7,28,226.0,0.99,0.81,us,3.16,1.974,0.168,9
60.5231,-140.0265,7.439,4.6,67,56.0,0.443,0.85,us,3.61,4.774,0.11,26
-19.4544,-70.2198,38.372,4.3,18,170.0,0.816,0.53,us,2.54,13.703,0.237,5
49.9068,157.5077,10.0,4.3,15,172.0,3.202,0.47,us,8.71,1.957,0.201,7
51.8027,160.2414,10.0,4.5,45,155.0,1.564,0.95,us,9.96,1.94,0.071,59
43.0295,88.2292,10.0,4.9,111,39.0,5.028,0.75,us,8.13,1.775,0.043,169
-14.8571,66.7655,10.0,4.5,30,123.0,45.835,0.33,us,10.3,1.773,0.121,20
52.7985,160.6553,10.0,4.5,73,112.0,1.235,0.85,us,10.08,1.887,0.056,93
-58.6457,-24.6974,10.0,4.5,19,181.0,7.854,0.85,us,15.9,1.987,0.127,18
11.2131,124.1111,10.0,5.2,81,47.0,4.365,0.58,us,10.02,1.863,0.068,71
6.9045,-73.0855,155.58,4.1,94,90.0,2.387,0.78,us,7.14,7.969,0.06,81
40.3302,142.4798,58.501,4.5,49,131.0,1.172,0.6,us,6.78,7.995,0.098,30
-18.7412,168.8691,167.308,4.5,30,116.0,3.643,0.61,us,9.31,8.551,0.109,25
52.9192,159.8899,35.0,4.3,11,192.0,0.757,0.27,us,13.09,1.924,0.16,11
-20.2032,-178.1048,560.186,4.1,23,141.0,4.382,0.53,us,14.47,8.731,0.123,18
51.7298,158.2367,65.567,4.1,44,124.0,1.32,0.7,us,8.72,5.256,0.086,37
7.3945,126.8399,56.684,4.9,160,66.0,1.292,0.8,us,7.45,5.44,0.051,121
51.6012,159.6582,34.798,4.7,35,126.0,1.553,0.75,us,11.22,6.348,0.099,31
52.9284,160.7605,35.714,5.5,123,76.0,1.28,0.68,us,8.97,6.466,0.029,426
12.0158,143.2005,30.97,4.9,49,92.0,4.071,0.44,us,11.9,5.68,0.088,41
51.6656,160.2727,10.0,4.6,31,127.0,1.685,0.69,us,10.27,1.924,0.125,19
52.8481,160.7097,10.0,4.2,17,117.0,1.259,0.64,us,11.34,1.945,0.152,12
36.5109,-2.8188,10.0,4.3,35,123.0,3.285,0.63,us,6.27,1.848,0.111,23
52.568,160.714,10.0,4.5,38,121.0,1.334,0.74,us,10.12,1.909,0.091,35
-5.0131,123.0162,10.0,4.5,48,78.0,0.292,0.44,us,3.79,1.859,0.099,30
5.7732,125.7873,106.324,4.4,25,115.0,1.078,0.65,us,5.91,6.102,0.126,18
-55.4084,-123.4515,10.0,4.2,14,110.0,32.378,0.43,us,12.52,1.901,0.153,13
51.8159,160.1211,29.241,4.9,48,119.0,1.508,1.11,us,10.31,6.107,0.051,123
38.8235,70.6829,10.0,4.1,38,146.0,1.086,0.96,us,4.65,1.918,0.107,24
44.3631,149.0615,35.0,4.8,70,135.0,5.122,0.98,us,10.01,1.917,0.043,167
9.2161,93.7176,10.0,4.6,63,137.0,5.847,1.04,us,11.56,1.908,0.078,49
51.7146,158.6554,35.52,4.4,63,125.0,1.311,0.76,us,8.4,7.625,0.071,57
45.2191,147.2981,10.0,4.3,19,148.0,3.532,0.73,us,11.83,1.923,0.154,12
5.5018,126.3808,94.639,4.9,95,106.0,1.179,0.63,us,6.96,6.739,0.062,81
44.1785,87.0464,10.0,4.4,21,109.0,3.62,0.59,us,6.5,1.881,0.189,8
52.2582,160.3396,10.0,5.0,170,117.0,1.283,0.69,us,8.74,1.868,0.043,170
51.4918,159.5325,35.0,4.7,29,128.0,1.627,1.29,us,8.63,1.934,0.123,20
52.2378,160.0571,35.0,4.1,13,175.0,1.164,0.86,us,11.83,1.947,0.234,6
-27.0295,26.7303,5.0,4.8,27,132.0,2.049,0.86,us,6.7,1.881,0.161,12
-3.8899,128.6862,59.38,4.7,66,42.0,1.368,0.54,us,7.18,7.762,0.078,50
54.398,-159.9352,35.0,4.2,63,162.0,0.478,0.79,us,5.75,1.948,0.095,31
-5.3898,146.4069,148.03,4.1,29,106.0,4.058,0.98,us,13.51,7.598,0.105,26
-57.85,157.672,34.726,4.6,32,100.0,3.434,0.4,us,13.45,2.423,0.112,24
51.5991,159.0342,47.395,4.5,36,173.0,1.446,0.98,us,11.32,8.118,0.088,38
37.4794,72.3715,210.974,4.2,26,257.0,0.837,0.61,us,11.21,9.06,0.215,6
51.3743,159.5821,10.0,4.2,22,222.0,1.748,0.53,us,8.91,1.973,0.136,15
52.9166,160.7435,19.179,5.0,154,106.0,1.271,0.72,us,8.21,4.534,0.025,523
49.9425,157.5095,10.0,4.6,76,118.0,3.166,0.93,us,9.98,1.878,0.042,167
52.8619,161.9184,10.0,4.4,30,105.0,1.984,1.13,us,10.47,1.915,0.12,22
29.3526,129.3488,10.0,4.5,37,89.0,2.351,0.9,us,7.28,1.907,0.089,37
53.0989,160.7333,29.64,4.7,71,58.0,1.26,0.97,us,8.4,5.103,0.049,128
-55.9869,-123.8004,10.0,4.5,19,88.0,32.823,1.13,us,17.84,1.869,0.145,14
50.1825,158.911,10.0,4.9,70,126.0,2.85,1.0,us,8.0,1.873,0.048,138
11.2983,123.9672,10.0,4.9,62,102.0,4.493,0.6,us,9.06,1.896,0.084,44
28.1665,50.0367,10.0,4.4,73,93.0,6.386,0.54,us,10.5,1.903,0.07,60
49.6716,157.6478,22.252,4.2,32,135.0,3.415,1.3,us,10.62,5.868,0.113,22
-17.2597,-71.9561,104.812,4.1,17,182.0,1.894,0.94,us,10.51,12.518,0.185,8
11.6148,-85.8245,195.012,4.5,40,134.0,0.674,0.56,us,7.13,6.521,0.087,38
52.5359,159.3513,41.561,4.3,18,175.0,0.648,1.05,us,7.76,8.605,0.154,12
-17.5198,167.8604,49.537,4.3,11,114.0,2.155,0.7,us,10.41,6.571,0.217,6
16.7087,120.3902,71.961,4.6,49,107.0,6.112,1.05,us,10.38,4.287,0.075,53
52.5327,160.8379,10.0,4.2,25,150.0,1.417,0.4,us,7.31,1.931,0.141,14
-41.8024,85.1846,10.0,4.9,21,53.0,12.908,0.17,us,5.93,1.9,0.136,17
52.1256,160.2687,36.347,4.6,82,109.0,1.336,0.87,us,9.94,6.252,0.07,62
42.3653,144.4693,48.568,4.8,85,123.0,1.036,0.64,us,7.54,6.899,0.028,404
-17.9522,-178.1792,557.575,4.1,22,83.0,2.763,0.37,us,15.44,10.668,0.127,17
51.0445,157.1213,70.239,4.6,89,133.0,2.097,0.62,us,10.96,7.083,0.037,224
-6.44,147.9885,48.657,4.0,16,118.0,3.058,0.58,us,9.93,8.693,0.164,12
52.9092,160.8801,35.0,4.5,47,204.0,1.354,0.61,us,11.19,1.994,0.061,77
51.4024,159.5171,10.0,4.6,48,128.0,1.709,0.78,us,8.73,1.885,0.085,45
-56.2384,-27.361,105.506,4.4,26,74.0,5.574,0.91,us,12.48,7.726,0.112,23
52.7995,160.6735,35.0,4.4,61,119.0,1.246,0.76,us,10.32,1.927,0.067,65
-15.612,-74.1901,64.55,4.3,25,139.0,4.429,0.48,us,10.07,9.637,0.148,13
37.8687,144.0451,10.0,4.6,72,126.0,3.721,0.68,us,8.56,1.896,0.081,45
36.8549,68.8945,10.0,4.4,54,111.0,1.811,1.04,us,6.42,1.912,0.092,36
-3.5108,101.305,43.266,4.3,43,146.0,1.85,0.85,us,9.87,8.262,0.106,29
5.2649,126.0,92.709,4.2,31,110.0,0.741,0.51,us,5.57,6.851,0.11,23
53.4484,160.0918,66.229,4.4,93,127.0,0.966,0.64,us,9.94,6.806,0.061,81
-9.3275,159.6151,48.813,4.5,32,120.0,0.346,0.62,us,13.14,6.388,0.102,28
-22.2808,-176.4127,10.0,4.8,51,116.0,6.857,0.83,us,11.43,1.824,0.072,61
52.199,160.5367,10.0,4.4,23,143.0,1.416,1.15,us,10.02,1.928,0.123,19
27.5898,53.0266,10.0,4.3,38,91.0,3.882,0.78,us,7.91,1.91,0.079,45
28.4689,53.207,10.0,4.3,36,65.0,4.416,0.6,us,7.74,1.901,0.122,19
58.6644,126.4766,10.0,4.4,28,120.0,3.734,0.77,us,9.76,1.894,0.13,17
51.8202,158.4768,71.892,4.9,59,127.0,1.21,0.58,us,12.32,6.235,0.077,53
37.183,141.0446,60.182,4.4,31,144.0,2.362,0.52,us,8.9,7.237,0.12,20
6.3761,126.5946,10.0,4.1,13,178.0,1.221,0.87,us,8.43,1.959,0.184,9
51.9929,160.593,10.0,5.4,137,125.0,1.573,0.87,us,7.89,1.871,0.053,122
-19.9914,-177.7172,400.833,4.1,27,134.0,4.458,0.52,us,10.86,8.829,0.109,23
50.2982,158.1486,10.0,4.2,35,138.0,2.747,0.62,us,11.99,1.923,0.103,26
36.8387,71.069,213.324,4.0,33,156.0,1.852,0.57,us,5.37,8.411,0.172,9
42.6986,148.5185,10.0,4.0,41,212.0,4.031,0.9,us,12.39,1.988,0.087,36
-8.4001,112.9424,140.342,4.3,34,101.0,1.199,0.78,us,9.71,7.662,0.103,27
47.2336,152.3526,120.88,4.0,47,136.0,6.555,0.6,us,12.72,8.36,0.088,34
7.4498,126.5118,143.421,4.8,60,54.0,0.999,0.54,us,9.19,6.56,0.045,154
50.4902,159.7887,10.0,4.2,16,136.0,2.634,0.47,us,10.23,1.923,0.186,8
7.2306,-82.3157,10.0,4.3,44,144.0,3.003,0.87,us,8.68,1.935,0.093,33
51.4111,159.6447,10.0,4.9,34,116.0,1.727,0.96,us,8.92,1.879,0.086,45
43.7595,147.7755,55.342,4.1,19,183.0,3.76,0.57,us,15.65,7.606,0.139,14
5.5922,-32.9158,10.0,4.8,43,69.0,11.728,0.75,us,7.99,1.873,0.061,82
3.5889,128.4732,10.0,4.3,17,150.0,3.195,0.53,us,8.71,1.919,0.168,10
-36.529,-73.0687,35.0,4.1,22,188.0,1.539,0.41,us,6.73,1.984,0.234,5
50.3139,157.1431,35.0,4.1,20,193.0,2.82,0.74,us,13.48,1.978,0.145,13
52.319,160.5494,29.898,4.5,41,122.0,1.355,0.79,us,9.19,3.931,0.108,25
-16.0687,-173.7091,90.747,4.4,19,134.0,2.842,1.16,us,10.53,9.232,0.17,10
-33.6161,-72.6841,10.0,4.3,26,197.0,0.893,0.93,us,4.57,1.772,0.217,6
9.4548,93.9818,10.0,4.5,59,70.0,5.126,0.83,us,9.0,1.884,0.079,47
40.2852,24.1773,14.279,4.1,38,68.0,1.306,0.93,us,5.67,5.716,0.233,5
34.1848,23.9131,35.0,4.2,39,116.0,2.996,0.6,us,8.57,1.948,0.121,19
51.2338,159.7726,10.0,4.2,7,134.0,2.27,0.31,us,11.16,1.915,0.263,5
-60.5345,-26.9609,10.0,4.6,36,84.0,14.683,0.77,us,11.49,1.898,0.091,36
34.505,70.6411,10.0,4.4,43,141.0,1.244,1.32,us,8.01,1.917,0.1,29
13.207,-87.7745,196.976,4.6,71,135.0,2.069,0.82,us,10.35,10.218,0.064,74
49.2887,155.223,35.0,4.4,32,186.0,4.129,0.89,us,9.09,1.942,0.117,21
52.3105,160.8878,10.0,4.4,24,158.0,1.539,0.79,us,10.65,1.946,0.123,19
52.9044,160.8382,10.0,4.2,19,190.0,1.329,0.73,us,8.66,1.984,0.152,12
-60.1785,-26.8852,43.133,4.5,17,110.0,14.972,0.81,us,15.26,9.063,0.14,15
-20.3133,-178.4532,609.395,4.4,30,97.0,4.177,0.86,us,13.91,10.231,0.112,23
52.1002,160.4401,21.997,4.5,45,118.0,1.953,0.86,us,10.03,5.864,0.083,42
50.835,156.857,89.341,4.2,20,166.0,2.335,0.82,us,8.52,7.529,0.152,12
-11.0621,-77.9333,48.19,4.6,37,141.0,1.41,0.67,us,5.14,7.733,0.084,44
-57.7279,157.6139,10.0,4.9,31,106.0,3.322,0.83,us,10.21,1.832,0.108,27
27.8589,56.9111,10.0,4.1,37,142.0,2.97,0.79,us,11.6,1.884,0.101,27
54.5414,-159.9198,20.655,4.1,67,157.0,0.348,1.07,us,4.72,6.144,0.157,11
53.0125,160.7785,33.191,4.1,17,183.0,1.286,0.8,us,14.1,9.985,0.185,9
39.8414,141.656,69.618,4.1,18,134.0,1.049,0.31,us,6.86,4.432,0.174,10
50.1216,158.8192,10.0,4.0,11,187.0,2.908,0.42,us,8.13,1.878,0.299,3
36.3098,71.4477,117.474,4.4,52,75.0,2.164,0.57,us,7.3,7.613,0.082,43
24.5928,122.0668,62.593,4.3,61,51.0,0.599,0.57,us,3.59,4.669,0.091,38
43.4404,-126.8241,10.0,4.1,42,211.0,2.04,0.91,us,8.48,1.982,0.185,8
-29.7529,-71.8422,27.059,4.3,32,145.0,0.55,0.82,us,5.35,5.147,0.154,12
49.1287,154.6678,93.079,4.3,33,125.0,4.418,0.42,us,7.93,8.578,0.116,21
7.124,127.1868,13.591,4.5,25,64.0,1.596,1.25,us,6.42,4.603,0.118,21
50.0896,158.8437,10.0,4.1,29,138.0,2.94,0.82,us,9.6,1.694,0.117,20
52.983,159.8563,59.222,4.3,28,167.0,0.73,0.7,us,12.13,8.503,0.101,28
50.2784,156.7675,35.0,4.6,84,130.0,2.893,1.08,us,9.86,1.928,0.034,255
-59.4233,-25.5308,34.612,4.5,26,172.0,15.307,1.01,us,12.54,7.449,0.104,27
-9.362,-71.6273,319.416,4.1,22,79.0,1.94,0.79,us,12.4,8.631,0.124,19
-24.0159,-67.3347,217.018,4.2,19,145.0,1.312,0.78,us,11.49,7.035,0.2,7
-23.3698,-179.9872,548.69,4.5,89,121.0,5.89,0.75,us,12.16,4.585,0.059,85
28.0083,139.3748,511.333,4.3,78,64.0,2.655,0.62,us,11.19,8.411,0.039,186
51.5778,160.4079,10.0,4.2,32,135.0,1.806,0.51,us,10.08,1.92,0.118,20
-25.7895,-69.2628,8.8,4.1,15,140.0,0.691,1.03,us,4.65,5.366,0.301,3
41.5672,142.1152,59.846,4.3,84,122.0,0.898,0.74,us,6.58,7.974,0.065,67
-18.957,-174.975,191.174,4.5,22,109.0,4.777,0.73,us,15.33,12.28,0.121,20
53.5526,160.1191,61.365,4.4,56,114.0,1.029,0.57,us,10.05,7.669,0.072,55
51.5041,159.3391,38.295,4.5,34,133.0,1.58,1.04,us,11.52,7.919,0.109,25
-18.6545,169.1891,249.57,4.0,30,94.0,3.712,0.73,us,9.14,4.769,0.113,21
26.6107,142.0317,42.683,4.1,23,161.0,0.502,0.54,us,11.46,9.338,0.139,14
12.668,143.3583,8.717,4.2,15,124.0,1.733,0.56,us,11.4,1.024,0.216,8
52.1847,160.2739,33.969,4.9,121,123.0,1.299,0.59,us,8.59,5.411,0.052,117
52.3552,160.4302,10.0,5.2,88,78.0,1.274,0.69,us,8.43,1.848,0.066,76
52.7787,160.924,10.0,4.6,74,119.0,1.399,0.95,us,6.06,1.744,0.063,75
-6.3772,154.4982,60.089,4.8,46,63.0,3.181,0.54,us,4.48,7.592,0.082,46
26.8866,55.2525,10.0,4.1,20,136.0,2.115,1.0,us,11.68,1.913,0.174,9
51.1324,159.1921,29.392,4.4,64,125.0,1.923,0.64,us,9.12,5.696,0.081,44
-24.2137,179.9664,520.375,4.4,25,140.0,6.68,0.5,us,17.54,11.226,0.112,23
31.6492,138.1785,378.015,3.8,34,89.0,2.013,0.72,us,10.35,8.974,0.114,20
-17.9551,-177.8607,629.043,4.7,58,80.0,3.027,0.65,us,12.83,9.057,0.054,102
23.0944,94.8608,94.964,4.2,19,129.0,1.88,0.49,us,14.29,10.808,0.146,13
-6.1302,151.4819,10.0,4.7,56,149.0,1.891,0.4,us,8.98,1.878,0.073,58
-4.4077,153.5025,123.265,4.2,13,260.0,1.352,0.34,us,10.93,13.584,0.186,8
10.8431,123.8854,10.0,4.3,24,161.0,4.106,0.48,us,15.06,1.928,0.129,17
-31.4635,-178.2317,41.033,4.6,17,173.0,2.227,0.83,us,13.91,13.42,0.152,15
52.2884,160.9574,10.0,4.8,37,192.0,1.587,0.89,us,12.65,1.96,0.06,85
-6.3914,154.5076,10.0,4.4,23,118.0,3.198,0.75,us,12.18,1.903,0.124,19
49.0365,157.5405,10.0,4.1,17,168.0,4.053,0.42,us,12.04,1.943,0.145,14
42.7101,146.6667,10.0,4.2,37,150.0,2.692,1.14,us,10.2,1.936,0.105,25
-6.5306,130.0234,165.128,4.5,31,75.0,1.999,0.46,us,9.16,4.297,0.118,21
51.1622,158.2612,35.0,5.0,104,128.0,1.879,0.84,us,5.99,1.795,0.029,390
-15.7458,-174.5699,139.523,4.4,24,53.0,3.256,0.68,us,12.03,8.853,0.13,17
51.5983,178.3582,90.978,4.0,30,184.0,0.382,0.71,us,6.63,4.459,0.15,12
-4.6924,152.0988,109.663,4.3,24,134.0,0.502,0.62,us,13.49,8.913,0.116,21
52.6415,160.5051,35.0,5.1,204,103.0,1.189,0.96,us,7.9,1.886,0.022,642
-6.8296,131.5473,10.0,4.6,15,117.0,2.815,0.59,us,7.52,1.893,0.223,6
53.0776,161.041,10.0,4.5,45,165.0,1.444,0.76,us,9.9,1.921,0.077,50
30.6058,57.7005,10.0,4.1,26,90.0,5.792,0.64,us,15.13,1.917,0.097,29
52.5031,160.8273,10.0,5.1,117,84.0,1.422,1.31,us,8.16,1.823,0.028,416
54.5715,-160.1116,35.847,4.4,88,159.0,0.399,0.99,us,5.03,7.417,0.075,51
-55.9542,-27.8536,111.301,4.2,11,108.0,5.231,0.23,us,14.14,8.135,0.166,10
51.8762,160.9509,10.0,4.5,71,126.0,1.817,0.54,us,9.37,1.898,0.062,78
0.8917,97.386,10.0,5.3,116,53.0,2.359,0.85,us,7.82,1.755,0.045,163
60.659,-139.9129,5.0,4.2,61,53.0,0.561,0.62,us,2.92,1.912,0.108,24
-19.6551,-178.23,563.264,4.1,13,230.0,3.898,0.98,us,29.6,28.019,0.166,10
10.082,126.2642,35.0,4.2,13,128.0,3.069,0.2,us,9.91,1.954,0.199,7
36.8954,141.0697,54.582,4.4,37,144.0,2.325,0.82,us,7.93,7.951,0.11,24
-15.0982,-172.9789,10.0,4.9,94,104.0,1.656,0.51,us,11.02,1.886,0.061,83
50.3822,157.6686,35.163,4.4,47,136.0,2.715,0.72,us,11.49,7.796,0.062,75
37.0156,140.6629,63.551,4.3,19,156.0,2.026,1.06,us,9.0,9.196,0.201,8
-2.1181,139.0391,35.0,4.8,59,56.0,1.018,0.79,us,5.81,1.848,0.097,41
53.4639,160.0373,70.746,4.2,28,163.0,0.943,0.7,us,13.62,10.476,0.112,22
-31.7387,-179.8403,217.425,4.0,16,89.0,2.973,0.83,us,13.29,5.391,0.138,14
52.3332,161.8944,10.0,4.5,53,133.0,2.093,0.68,us,12.1,1.915,0.086,40
-17.2873,-177.093,383.261,4.6,112,74.0,3.48,0.72,us,10.56,6.773,0.056,95
2.5185,128.1702,197.71,4.8,110,86.0,1.912,0.85,us,6.67,6.012,0.058,92
52.8343,160.6277,35.0,4.7,72,134.0,1.212,0.73,us,10.77,1.917,0.065,72
39.1351,28.0362,14.969,4.2,39,74.0,0.882,0.72,us,2.72,5.398,0.176,9
-7.4704,128.2213,144.482,4.5,27,62.0,4.521,0.83,us,9.57,7.854,0.113,23
37.5486,142.2691,35.0,4.4,50,127.0,3.4,1.24,us,9.28,1.911,0.091,35
-16.8994,-172.5286,10.0,4.6,23,166.0,3.059,0.75,us,10.29,2.274,0.122,20
-27.8354,-66.9033,147.458,4.7,64,43.0,3.1,0.72,us,7.18,7.309,0.032,304
50.0412,159.4925,10.0,4.4,38,129.0,3.032,0.92,us,10.38,1.897,0.095,32
53.567,159.7568,69.142,4.2,28,159.0,0.859,0.92,us,13.52,9.645,0.124,18
-49.0645,108.8182,10.0,4.9,22,95.0,17.285,0.8,us,15.21,1.866,0.187,11
52.1576,160.2437,10.0,4.5,49,144.0,1.303,0.61,us,10.98,1.916,0.077,49
49.4127,156.648,10.0,4.4,25,138.0,3.759,1.24,us,10.69,1.912,0.12,20
52.1572,160.3757,27.57,4.3,26,178.0,1.364,1.22,us,12.05,7.742,0.111,13
-5.4566,153.7616,35.0,4.5,26,122.0,2.029,0.46,us,10.22,1.919,0.113,23
-6.7394,150.8719,10.0,4.6,41,124.0,2.676,0.76,us,9.98,1.885,0.103,28
50.2468,158.3374,10.0,4.4,26,133.0,2.787,0.71,us,6.38,1.927,0.12,20
41.2186,71.9375,15.69,4.2,29,83.0,0.56,0.86,us,2.62,5.022,0.167,10
52.1872,159.2574,59.053,4.5,59,162.0,0.916,0.49,us,9.41,7.225,0.061,80
52.1303,160.2121,35.0,5.7,38,118.0,1.818,0.81,us,6.78,1.927,0.105,32
-5.3512,153.1661,35.425,4.4,31,121.0,1.539,0.95,us,10.98,7.135,0.117,21
52.3016,-169.4338,35.0,3.8,52,175.0,0.517,0.9,us,4.68,1.884,0.075,46
52.4255,163.6086,10.0,4.5,67,135.0,3.074,0.53,us,11.43,1.917,0.057,89
51.5311,160.4117,10.0,4.4,23,137.0,1.845,0.96,us,13.1,1.933,0.134,17
49.6544,158.047,24.486,4.4,33,135.0,3.395,1.08,us,8.66,5.577,0.117,21
-26.5905,178.7837,550.873,4.0,19,76.0,3.948,0.83,us,15.62,11.917,0.139,14
-30.2388,-177.4398,35.0,4.7,21,201.0,1.059,1.16,us,9.81,1.983,0.134,18
51.8281,159.8357,35.0,4.2,20,188.0,1.4,1.03,us,10.59,1.988,0.146,13
-22.3676,-65.8268,270.762,4.8,95,59.0,2.249,0.97,us,9.02,6.93,0.03,347
52.7736,159.7536,62.569,4.3,62,60.0,0.714,0.7,us,6.11,7.171,0.073,53
-11.5648,166.2719,86.02,4.5,31,145.0,3.964,0.63,us,11.01,5.981,0.118,21
18.4277,120.7461,43.148,4.5,56,92.0,4.379,0.42,us,10.48,7.29,0.08,46
-59.3685,-25.501,35.0,5.2,108,69.0,18.611,0.42,us,9.33,1.798,0.056,105
46.8285,20.1452,13.94,4.1,30,126.0,1.104,0.74,us,6.63,3.136,0.157,11
51.6429,160.2175,10.0,4.2,17,149.0,1.684,0.78,us,10.82,1.975,0.167,13
15.0832,-96.6016,10.0,4.1,61,154.0,0.832,1.0,us,6.38,1.851,0.074,50
35.4394,6.4989,10.0,4.5,38,151.0,2.339,0.99,us,7.76,1.902,0.106,26
53.2758,160.3532,45.017,4.1,66,130.0,1.057,0.58,us,10.35,6.636,0.075,51
49.908,156.3518,41.138,4.7,53,134.0,3.313,0.57,us,11.49,8.534,0.066,70
52.5349,160.6137,10.0,4.4,32,122.0,1.289,0.31,us,7.83,1.896,0.12,20
29.7003,138.4539,486.873,4.2,47,139.0,3.597,0.59,us,11.83,7.141,0.095,31
50.2986,158.1252,17.472,4.6,67,132.0,2.748,1.37,us,9.52,4.746,0.044,154
52.5473,160.8152,10.0,4.1,14,220.0,1.399,0.68,us,7.12,2.005,0.174,9
50.0516,157.4532,35.0,5.1,82,102.0,3.065,1.01,us,8.77,1.579,0.023,633
22.1306,143.7965,107.584,4.4,47,114.0,5.156,0.6,us,13.3,8.331,0.088,43
-6.7723,129.6936,167.242,4.2,30,69.0,4.597,0.48,us,8.16,9.417,0.128,20
23.9796,121.671,19.975,4.6,47,80.0,0.205,0.6,us,3.81,3.572,0.089,38
-15.8655,-72.0021,10.0,4.2,17,155.0,2.954,0.76,us,11.43,1.939,0.236,5
-58.7317,-24.4711,10.0,4.5,23,184.0,7.999,0.56,us,15.21,1.984,0.115,22
43.4229,-126.7888,10.0,3.9,85,193.0,1.476,0.94,us,7.99,1.99,0.112,21
-27.6938,179.4477,514.853,4.7,56,102.0,9.621,0.6,us,12.53,8.127,0.071,64
9.3928,93.9439,10.0,5.0,101,43.0,5.097,0.56,us,8.1,1.848,0.049,132
-13.1848,167.1172,239.261,4.4,38,157.0,7.809,0.5,us,11.17,6.171,0.087,38
-27.5263,-176.2467,10.0,4.7,35,61.0,11.064,0.71,us,11.78,1.839,0.095,34
52.8088,160.9096,10.0,4.2,14,148.0,1.385,0.96,us,11.05,1.946,0.215,7
52.8242,159.4674,60.524,4.1,45,59.0,0.534,0.91,us,9.19,6.128,0.087,36
50.6596,160.0355,10.0,4.3,50,136.0,2.518,0.5,us,6.83,1.907,0.063,71
54.5304,-160.4077,35.0,4.3,72,157.0,0.563,0.99,us,3.01,1.943,0.133,16
48.9497,155.8422,35.0,4.2,27,142.0,4.326,0.43,us,6.0,1.951,0.132,16
52.1725,160.7874,10.0,5.0,35,124.0,1.558,0.88,us,7.66,1.891,0.08,50
14.0767,147.0095,10.0,4.4,26,155.0,1.647,0.59,us,8.22,1.932,0.134,16
-61.2585,-35.6231,10.0,4.5,18,83.0,7.01,0.73,us,12.2,1.924,0.135,19
51.5921,16.148,5.0,4.5,127,35.0,1.989,0.68,us,5.46,1.862,0.05,122
40.5562,143.4907,36.121,4.3,24,173.0,1.479,0.61,us,4.73,9.277,0.154,12
-14.6052,166.9762,41.888,4.6,21,143.0,0.865,0.91,us,10.32,6.933,0.116,22
50.6765,156.3032,103.4,4.8,63,127.0,2.584,0.81,us,8.52,4.218,0.044,159
60.186,-58.3006,10.0,4.8,153,65.0,5.081,0.52,us,7.93,1.868,0.044,157
15.2311,146.0652,62.592,4.5,31,95.0,0.264,0.53,us,9.09,5.682,0.113,23
52.8794,160.8061,10.0,4.5,39,173.0,1.312,1.33,us,6.3,1.946,0.099,30
35.2159,46.7802,10.0,4.0,32,63.0,0.874,0.54,us,6.1,1.922,0.163,13
51.3205,157.7731,74.263,4.6,90,126.0,1.789,1.03,us,9.94,6.972,0.061,80
-6.4137,131.4916,23.241,4.8,20,96.0,3.552,0.95,us,8.49,6.433,0.144,15
-57.8606,-25.0114,31.894,4.4,28,80.0,7.353,0.89,us,13.98,5.581,0.117,21
-17.6888,167.7796,10.0,4.7,24,88.0,2.297,0.71,us,6.89,1.897,0.137,19
-6.7731,129.4486,165.352,4.6,67,46.0,2.281,0.8,us,9.44,6.158,0.075,53
50.0824,158.8327,10.0,4.3,51,135.0,2.947,0.93,us,9.97,1.904,0.09,35
13.9177,144.7678,186.101,4.3,26,118.0,0.341,0.49,us,11.71,4.611,0.116,21
-21.0164,-176.9619,330.208,4.2,13,105.0,5.697,0.85,us,12.85,8.05,0.175,9
-15.1561,-173.9983,60.94,4.4,33,81.0,3.444,0.56,us,12.21,7.716,0.09,38
50.93,157.9778,42.627,4.2,28,129.0,2.137,0.59,us,8.28,7.508,0.121,19
41.3422,142.9552,49.785,4.4,50,142.0,0.689,0.7,us,6.57,6.005,0.092,34
51.914,160.1233,35.0,4.7,42,187.0,1.431,1.0,us,9.38,1.964,0.07,63
-56.1271,-26.9126,44.632,4.4,25,181.0,5.786,0.69,us,13.27,10.206,0.109,24
51.7751,160.3369,10.0,4.0,16,155.0,1.622,0.98,us,11.98,1.957,0.15,12
-8.5712,111.0566,117.464,4.1,20,91.0,1.631,0.48,us,5.87,8.559,0.175,10
9.5346,-40.5662,10.0,4.4,24,76.0,12.758,0.48,us,10.71,1.569,0.124,19
-15.2859,-174.9259,243.231,4.6,118,49.0,3.337,0.78,us,10.47,7.113,0.049,126
51.5881,159.9865,10.0,4.2,17,138.0,1.655,1.32,us,11.75,1.948,0.16,11
-14.145,166.8889,103.904,4.2,24,133.0,6.837,1.2,us,17.49,8.641,0.125,18
-5.8142,152.5266,10.0,4.7,74,110.0,1.578,0.64,us,4.29,1.888,0.068,65
51.4204,158.1481,58.493,4.4,22,119.0,1.635,0.62,us,12.44,4.738,0.155,12
-5.0387,151.1614,183.341,4.4,24,98.0,1.306,0.55,us,10.57,9.551,0.117,21
56.983,-33.5585,10.0,4.6,53,108.0,7.404,0.82,us,9.92,1.914,0.087,39
-18.0088,-177.8749,612.944,4.3,45,124.0,3.041,0.95,us,9.93,6.443,0.063,74
4.0476,127.8816,122.899,5.1,101,92.0,2.49,0.63,us,9.53,6.742,0.059,93
39.4657,143.38,10.0,4.9,57,126.0,2.213,0.83,us,7.4,1.882,0.05,128
2.1738,126.7535,59.612,4.1,15,131.0,1.522,1.2,us,7.72,7.14,0.175,9
51.1091,158.89,35.0,4.2,16,178.0,1.923,0.37,us,10.81,1.826,0.175,9
26.8602,55.0341,10.0,4.2,28,156.0,2.179,0.62,us,14.15,1.949,0.121,19
51.6012,159.7895,10.0,4.4,52,120.0,1.587,1.44,us,9.0,1.896,0.082,43
9.8202,126.0977,32.396,4.5,13,139.0,2.781,1.27,us,15.3,5.594,0.192,8
29.8146,98.7907,10.0,4.1,30,138.0,6.663,1.28,us,10.46,1.971,0.117,21
-32.2113,-13.2885,10.0,5.0,46,68.0,4.911,0.88,us,11.05,1.878,0.08,50
4.9874,124.3648,10.0,4.8,55,72.0,1.139,0.69,us,4.43,1.879,0.086,42
41.1082,142.9076,57.545,4.1,73,130.0,0.925,0.56,us,7.6,7.195,0.071,54
-7.9182,-76.2972,123.598,4.3,37,135.0,4.079,0.49,us,14.01,8.057,0.097,32
54.5599,-159.8372,34.724,3.6,29,206.0,0.307,0.95,us,7.32,6.1,0.249,4
1.6163,126.5285,32.622,4.6,65,105.0,1.186,1.06,us,6.49,5.583,0.072,58
-54.7445,-26.7115,10.0,4.6,22,67.0,5.714,0.32,us,9.42,1.898,0.119,21
49.1253,158.0587,10.0,4.1,20,139.0,3.995,0.34,us,12.22,1.94,0.151,12
50.3592,158.7342,10.0,4.3,57,133.0,2.669,0.39,us,9.32,1.906,0.085,39
31.3103,103.9332,10.0,4.4,26,94.0,4.638,0.77,us,5.94,1.884,0.149,15
41.04,142.8684,44.744,4.3,52,131.0,0.998,0.55,us,5.23,8.075,0.089,36
5.3311,124.7375,15.643,4.3,24,98.0,0.948,1.08,us,6.73,2.979,0.137,15
-8.5603,110.5044,85.376,4.3,17,110.0,1.503,0.65,us,8.13,7.705,0.187,8
51.8618,158.4508,56.723,4.3,45,124.0,1.17,0.48,us,10.76,7.499,0.078,46
-58.0595,-24.6223,10.0,5.2,108,39.0,7.625,0.69,us,10.26,1.778,0.06,92
-3.7105,101.6678,49.471,4.9,75,64.0,1.438,0.86,us,7.16,6.871,0.062,82
43.601,147.8963,35.0,5.0,121,134.0,3.83,0.92,us,5.45,1.915,0.055,105
51.3965,159.8057,10.0,4.7,75,128.0,1.778,0.66,us,8.52,1.874,0.081,55
51.5481,161.2063,10.0,4.2,22,129.0,2.156,0.6,us,9.17,1.883,0.166,10
49.846,156.0705,64.658,4.5,65,132.0,3.422,0.7,us,7.7,7.244,0.052,110
6.0139,127.5901,10.0,4.5,32,61.0,2.257,0.4,us,9.69,1.835,0.113,23
-7.5953,127.6016,163.157,4.3,40,55.0,3.816,0.94,us,8.29,8.045,0.09,35
39.218,28.2551,10.0,4.9,66,37.0,1.06,1.14,us,5.48,1.876,0.093,36
-18.5726,-69.7518,126.799,4.3,35,100.0,0.331,0.82,us,4.29,3.783,0.129,17
52.0683,160.3595,10.0,4.0,12,153.0,1.416,0.68,us,9.26,1.977,0.26,4
-23.0795,-174.9504,10.0,4.7,30,100.0,6.153,0.57,us,13.66,1.889,0.108,26
39.4343,143.4837,10.0,4.5,20,179.0,2.296,1.25,us,9.31,1.953,0.172,10
52.8692,160.7137,10.0,4.7,30,155.0,1.258,1.09,us,11.39,1.972,0.108,26
52.8071,160.4153,35.0,4.2,37,165.0,1.091,0.72,us,12.26,1.969,0.1,28
-2.472,139.582,46.472,4.1,19,73.0,1.121,0.88,us,6.9,8.584,0.166,10
51.1666,158.2123,64.156,4.3,52,134.0,1.879,0.97,us,9.87,6.911,0.092,37
50.6327,158.4899,10.0,4.3,29,127.0,2.396,0.87,us,8.56,1.876,0.133,16
13.8229,-90.9285,69.462,4.5,90,107.0,0.819,0.64,us,7.9,6.789,0.047,134
-6.0597,148.6128,63.222,4.1,14,140.0,3.622,0.86,us,11.67,9.404,0.158,11
-34.9999,179.4743,132.368,4.7,55,86.0,2.726,1.29,us,10.19,7.663,0.078,50
52.4134,160.5197,10.0,4.6,49,176.0,1.291,0.81,us,5.56,1.819,0.069,64
16.3329,-59.675,10.0,4.4,35,201.0,1.327,0.54,us,7.31,1.964,0.19,8
15.6978,-96.7119,10.0,4.3,35,168.0,0.514,0.99,us,6.91,1.92,0.073,53
-8.4232,119.5816,182.437,4.3,34,61.0,1.425,1.29,us,6.83,7.129,0.119,20
50.3256,159.0676,10.0,4.4,32,134.0,2.714,0.74,us,8.03,1.566,0.117,21
52.2023,160.2228,31.82,4.8,93,123.0,1.263,0.74,us,8.25,4.658,0.055,103
52.5233,160.802,10.0,4.5,51,134.0,1.4,0.83,us,11.13,1.912,0.07,59
-5.6574,-11.5415,10.0,4.7,33,71.0,3.597,0.6,us,11.02,1.878,0.114,23
-5.8256,152.2571,10.0,4.6,38,153.0,1.526,0.61,us,10.68,1.927,0.094,34
-24.0238,-175.2311,10.0,5.2,78,59.0,6.971,0.94,us,10.55,1.795,0.038,235
9.4274,126.5176,35.0,4.4,36,102.0,2.52,0.47,us,10.22,1.934,0.086,39
19.8467,144.611,414.877,4.1,51,137.0,4.716,0.54,us,14.1,10.632,0.083,40
50.6392,158.3678,35.0,4.4,50,131.0,2.394,0.92,us,10.62,1.921,0.065,69
22.9464,96.0654,10.0,4.0,25,110.0,3.662,0.85,us,11.75,1.9,0.144,13
50.9596,-179.1076,12.722,4.2,105,212.0,0.623,1.01,us,5.97,8.279,0.064,67
-25.7683,-176.8847,77.33,4.3,21,132.0,3.599,0.46,us,13.0,9.22,0.133,17
44.4282,149.1587,35.0,4.4,40,135.0,4.725,0.89,us,10.59,1.932,0.103,27
7.3537,127.0636,48.251,4.8,81,104.0,1.5,0.9,us,9.78,5.613,0.061,83
51.3064,159.3758,37.033,4.8,69,132.0,1.777,0.87,us,10.73,7.082,0.06,86
49.8638,157.991,10.0,4.5,27,135.0,3.191,0.84,us,9.92,1.92,0.124,19
-25.3585,179.5477,537.754,4.1,20,128.0,11.396,0.36,us,14.52,8.65,0.131,16
-4.2991,133.2509,10.0,4.3,19,102.0,1.697,0.65,us,4.57,1.878,0.123,19
32.9098,-39.8434,10.0,4.4,40,131.0,20.853,0.92,us,13.59,1.918,0.086,39
52.9424,161.0077,10.0,4.1,18,170.0,1.428,0.67,us,11.62,1.962,0.165,10
53.3261,160.5689,54.316,4.3,38,164.0,1.194,1.06,us,12.76,8.36,0.108,24
13.9316,145.5175,109.946,4.3,28,106.0,0.717,0.72,us,6.45,8.302,0.148,19
5.3262,125.9846,100.462,4.3,15,151.0,0.775,0.7,us,9.15,6.49,0.177,9
1.2189,126.3279,42.081,4.7,53,102.0,3.592,0.91,us,12.24,7.594,0.079,48
7.3879,126.8149,71.064,4.9,92,91.0,1.266,0.7,us,8.8,2.565,0.069,66
-16.7618,-174.0509,130.154,5.1,126,32.0,3.583,0.69,us,8.93,5.302,0.024,588
11.7318,-87.459,39.674,4.9,71,141.0,1.05,0.83,us,6.61,8.372,0.031,325
5.9272,61.3713,10.0,4.3,16,194.0,23.225,0.57,us,11.07,1.94,0.177,9
43.5908,147.6524,35.0,4.7,66,137.0,3.663,1.11,us,11.59,1.929,0.062,79
44.2724,83.4036,10.0,4.7,61,80.0,2.64,0.7,us,3.48,1.843,0.053,110
-33.9048,-178.86,10.0,5.1,39,84.0,4.316,1.04,us,8.45,1.843,0.096,37
-14.801,-174.5932,233.96,4.4,19,179.0,2.865,0.56,us,13.48,10.138,0.13,17
52.3281,160.2938,17.499,5.1,142,127.0,1.761,0.75,us,9.34,4.334,0.051,126
-20.3768,-67.9493,156.159,4.1,21,76.0,1.154,0.91,us,7.17,9.154,0.214,6
3.2111,-31.4124,10.0,4.5,43,95.0,13.989,0.82,us,5.73,1.9,0.092,36
39.8728,75.3488,10.0,4.2,31,147.0,1.197,0.81,us,2.3,1.91,0.141,14
9.3808,93.9854,10.0,4.7,55,50.0,5.064,0.9,us,10.31,1.869,0.086,41
51.3533,159.6584,10.0,4.9,130,86.0,1.784,0.9,us,8.14,1.866,0.048,133
-24.9691,-70.0925,74.889,4.3,16,155.0,0.494,0.54,us,5.25,5.022,0.188,8
27.3931,52.5727,10.0,4.2,47,83.0,4.073,0.78,us,8.93,1.894,0.089,35
-17.6386,-178.6599,561.135,4.4,29,164.0,2.21,0.42,us,16.53,9.568,0.105,26
52.267,-176.6324,222.591,3.7,32,60.0,0.288,0.61,us,12.28,6.481,0.167,9
11.0286,-85.1706,218.702,4.5,33,79.0,0.222,0.64,us,9.28,2.886,0.057,90
8.846,-39.9278,10.0,4.6,19,71.0,13.155,0.77,us,11.66,1.899,0.132,17
41.4963,143.0188,45.008,4.0,53,134.0,0.528,0.56,us,7.36,8.415,0.092,33
-31.8526,-68.261,107.368,4.4,35,66.0,0.464,0.72,us,7.25,6.407,0.162,11
9.7295,126.1711,57.815,4.8,60,78.0,2.707,0.67,us,10.22,5.946,0.067,70
-1.2033,127.155,10.0,4.8,40,88.0,3.503,0.67,us,7.89,1.873,0.097,33
43.424,147.9825,38.731,4.3,31,137.0,3.824,0.59,us,10.45,6.394,0.119,20
39.3494,71.7208,10.0,4.2,16,131.0,0.142,1.41,us,3.56,1.924,0.187,8
-47.8478,115.9885,10.0,4.9,38,75.0,14.933,0.55,us,6.18,1.858,0.096,34
44.3318,147.9332,94.8,4.4,21,122.0,3.844,0.88,us,10.29,6.939,0.149,15
50.3058,159.6425,10.0,4.1,40,135.0,2.791,0.51,us,10.97,1.88,0.101,27
39.4926,143.3176,10.0,4.4,34,136.0,2.159,0.66,us,8.22,1.915,0.114,22
-42.7116,172.0928,18.856,4.1,40,63.0,0.149,1.01,us,4.36,6.747,0.233,5
-33.3548,-70.2052,8.845,4.2,32,53.0,0.078,0.76,us,1.82,3.17,0.187,8
51.8525,160.3791,10.0,4.1,25,144.0,1.58,0.55,us,11.85,1.936,0.135,15
51.0594,160.7981,10.0,4.3,45,135.0,2.372,0.53,us,6.72,1.913,0.092,33
7.3364,127.0845,10.0,4.9,91,55.0,1.517,1.18,us,6.57,1.855,0.056,99
-1.8217,139.2059,17.683,4.8,36,98.0,1.263,0.56,us,4.86,4.666,0.111,25
13.8649,39.8597,10.0,4.5,37,97.0,3.725,0.62,us,10.55,1.934,0.102,28
14.3348,-91.8126,85.517,4.7,112,40.0,1.961,0.92,us,8.99,5.342,0.033,279
9.3798,93.87,10.0,4.6,60,123.0,5.13,0.35,us,9.32,1.902,0.084,42
-49.154,127.3387,10.0,4.6,33,83.0,17.504,0.38,us,12.85,1.924,0.099,31
50.1812,158.172,10.0,4.5,73,134.0,2.862,0.55,us,9.86,1.883,0.071,59
1.5145,124.9711,177.068,4.0,22,83.0,0.149,0.85,us,7.82,4.271,0.156,11
48.9896,156.1798,10.0,5.2,152,118.0,4.234,0.98,us,10.1,1.867,0.029,391
50.0025,155.9659,75.444,4.5,65,135.0,3.293,0.71,us,10.91,7.486,0.062,77
-21.0542,-178.8917,602.733,4.4,41,89.0,4.377,0.93,us,13.6,9.845,0.098,30
-60.2307,-61.9289,10.0,4.9,45,70.0,4.665,0.67,us,9.89,1.843,0.088,44
51.6356,160.2222,10.0,4.5,16,137.0,1.692,0.41,us,13.84,1.944,0.15,13
-4.9005,150.9605,251.285,4.7,89,53.0,1.391,0.7,us,8.29,6.478,0.034,257
-3.7735,139.3546,54.602,4.6,57,48.0,0.515,0.85,us,5.54,6.778,0.071,59
37.2288,71.7385,154.359,4.1,24,98.0,1.233,0.77,us,7.21,6.128,0.198,7
-5.5947,104.3749,10.0,4.6,45,113.0,0.811,1.17,us,5.73,1.863,0.092,35
50.3753,159.2399,10.0,4.3,26,126.0,2.677,0.51,us,8.64,1.795,0.129,17
7.8436,94.6781,10.0,4.3,13,204.0,4.931,0.46,us,14.53,1.989,0.201,7
-25.9649,179.6835,508.72,4.9,65,85.0,8.319,0.68,us,12.66,7.55,0.075,56
-24.2092,-67.2988,204.747,4.0,19,70.0,1.489,0.48,us,9.37,11.425,0.298,3
-33.0868,-178.4761,10.0,4.4,24,172.0,3.842,0.8,us,11.55,1.941,0.12,20
-15.1925,-176.8391,10.0,4.7,13,96.0,1.52,0.51,us,6.97,1.834,0.195,8
-17.758,-176.8844,385.124,4.1,32,91.0,3.801,0.94,us,8.66,7.059,0.114,21
-24.3842,-179.9,522.434,4.3,20,138.0,6.877,0.66,us,14.57,11.045,0.137,15
36.5754,70.7776,126.714,4.1,46,91.0,2.203,0.93,us,6.83,8.654,0.135,16
34.6792,70.6092,10.0,4.5,71,104.0,1.227,1.02,us,8.11,1.908,0.068,64
-22.7353,-68.5873,123.317,4.4,20,70.0,0.434,0.62,us,5.17,4.211,0.143,14
5.5716,61.3128,10.0,4.4,27,139.0,23.462,0.78,us,15.29,1.944,0.123,19
-49.0053,164.4197,35.0,4.4,27,116.0,3.226,0.79,us,9.4,1.973,0.179,9
50.8744,158.6797,10.0,4.2,39,130.0,2.152,0.63,us,6.95,1.886,0.09,34
-57.6504,-8.7007,10.0,4.4,11,118.0,14.287,0.51,us,15.55,1.193,0.17,10
11.2399,140.0978,10.0,4.7,100,110.0,5.212,0.7,us,8.79,1.862,0.06,85
52.2525,160.6754,10.0,4.7,155,156.0,2.005,0.65,us,9.78,1.903,0.04,194
-63.3613,-159.6281,10.0,4.4,10,145.0,17.842,0.68,us,15.5,1.934,0.179,9
-6.2671,130.8945,119.258,4.2,19,111.0,1.994,1.15,us,7.46,7.865,0.176,10
18.1793,121.4718,125.483,4.7,78,58.0,4.629,1.07,us,9.92,7.292,0.071,61
-43.5631,-16.1095,10.0,4.6,17,89.0,17.09,0.73,us,14.25,1.944,0.137,17
-57.7617,157.687,10.0,5.1,35,98.0,3.346,0.77,us,12.31,1.894,0.092,39
35.4105,141.059,34.941,4.5,47,137.0,2.511,0.82,us,7.55,6.425,0.109,25
-5.1822,151.4686,133.166,4.0,21,162.0,1.032,0.39,us,11.18,4.437,0.133,16
-22.3355,171.5245,114.212,4.6,46,111.0,3.782,0.87,us,4.01,7.411,0.073,57
-57.5127,157.3086,10.0,5.0,30,136.0,3.158,1.14,us,13.33,1.941,0.107,28
44.2437,148.7377,10.0,4.2,34,140.0,4.422,0.81,us,11.11,1.929,0.116,21
16.1817,146.6665,43.46,4.3,16,171.0,1.261,0.57,us,12.26,11.051,0.189,8
52.9883,160.5348,10.0,4.8,59,118.0,1.14,0.67,us,9.47,1.87,0.08,48
50.6175,158.0024,33.576,4.5,70,130.0,2.443,0.7,us,10.96,6.088,0.06,82
-18.3541,-71.4343,56.74,4.3,23,157.0,1.038,0.69,us,8.6,8.931,0.132,16
-17.7943,-178.6656,565.087,4.3,82,111.0,2.289,0.71,us,13.08,8.307,0.062,72
49.9492,156.5751,70.919,4.8,135,132.0,3.24,0.76,us,9.41,6.881,0.05,121
54.5078,-159.6655,33.73,3.6,29,206.0,0.327,0.4,us,7.04,10.345,0.352,2
22.0738,96.1641,10.0,4.9,104,68.0,1.447,0.54,us,7.09,1.856,0.062,82
33.1712,-39.6429,10.0,4.7,21,94.0,12.386,0.79,us,11.72,1.806,0.137,16
-7.3597,120.1887,435.121,4.0,14,128.0,2.37,0.72,us,14.22,11.315,0.211,6
-23.362,-66.787,209.557,4.3,25,68.0,1.344,0.85,us,9.74,8.194,0.16,11
49.9781,158.6493,10.0,4.1,22,135.0,3.05,0.56,us,10.36,1.924,0.145,13
51.956,178.3034,112.747,3.7,62,155.0,0.166,0.86,us,11.47,8.75,0.077,43
51.2231,158.3175,35.0,4.9,69,124.0,1.815,0.98,us,8.18,1.91,0.045,153
50.0872,159.5407,10.0,4.3,22,226.0,2.992,0.67,us,11.24,1.972,0.16,13
2.193,126.583,64.54,5.1,115,37.0,1.615,0.95,us,4.72,5.474,0.042,182
50.3789,157.4047,59.9,4.4,57,124.0,2.74,1.02,us,10.79,7.133,0.057,89
-58.9971,-23.5339,10.0,4.0,13,93.0,19.325,0.47,us,8.9,1.904,0.183,10
14.0178,145.0371,171.817,4.0,25,88.0,0.456,0.83,us,13.24,6.076,0.122,18
-24.2812,179.795,527.083,4.2,32,114.0,6.704,0.6,us,14.96,7.833,0.095,31
-6.2403,151.3994,10.0,4.3,26,113.0,2.02,0.47,us,8.94,1.76,0.106,25
49.921,156.1567,70.475,4.3,27,126.0,3.334,0.5,us,11.47,7.19,0.119,23
-26.1558,-179.9183,484.859,4.1,31,110.0,3.565,0.76,us,15.65,5.72,0.12,19
-23.9907,-71.108,10.0,4.4,15,148.0,0.695,0.87,us,3.7,1.681,0.143,14
-23.1525,-114.2437,10.0,4.5,27,154.0,43.799,0.51,us,19.82,1.92,0.106,27
-34.2051,179.3238,220.519,4.5,30,93.0,3.45,1.01,us,11.33,8.571,0.102,28
49.4117,157.8748,10.0,4.4,19,136.0,3.649,0.57,us,6.27,1.92,0.22,8
2.0809,97.0491,10.0,4.2,14,186.0,0.934,0.7,us,7.85,1.978,0.175,9
55.62,162.2358,55.334,4.2,43,131.0,3.343,0.55,us,5.57,8.212,0.093,32
52.1171,-169.4631,35.0,4.6,94,178.0,0.689,0.98,us,5.23,1.93,0.062,76
-57.6755,157.4881,10.0,4.3,13,145.0,3.287,0.88,us,10.55,1.948,0.2,7
-21.4617,-179.0454,588.803,4.4,86,69.0,4.599,0.78,us,12.9,6.275,0.036,225
-16.7684,66.846,10.0,4.6,16,133.0,55.898,0.59,us,12.78,1.909,0.182,10
37.3275,142.1178,31.374,4.3,39,146.0,3.228,1.04,us,8.16,6.43,0.116,21
55.1096,165.6247,10.0,4.2,33,173.0,5.076,0.5,us,17.88,1.958,0.104,26
-20.9232,-179.0811,637.794,4.4,43,98.0,4.162,0.66,us,14.55,7.475,0.099,29
51.1378,159.3287,27.863,4.0,9,222.0,1.934,0.53,us,9.34,10.103,0.258,5
52.478,160.8769,10.0,4.2,24,122.0,1.46,1.03,us,8.17,1.932,0.136,15
-52.9739,22.0891,10.0,4.6,15,114.0,20.603,0.75,us,13.45,1.522,0.151,14
7.1583,127.0591,57.386,4.7,53,77.0,1.471,0.97,us,9.16,7.388,0.084,43
-5.4174,129.2534,258.344,4.0,26,59.0,1.101,0.62,us,10.16,8.331,0.165,10
51.6771,161.082,10.0,4.8,34,123.0,2.011,1.26,us,10.42,1.915,0.103,29
-9.7669,160.6953,116.724,4.5,35,178.0,0.806,1.04,us,11.75,5.685,0.085,41
25.0545,128.6587,10.0,4.1,20,101.0,1.808,1.21,us,6.17,1.912,0.158,13
39.6007,143.2615,31.63,4.5,38,141.0,2.059,0.39,us,5.68,6.532,0.11,24
18.7352,145.287,212.661,3.9,19,141.0,3.508,0.36,us,15.19,9.664,0.143,13
-46.2484,-75.5636,10.0,4.5,29,141.0,1.809,0.89,us,6.87,1.913,0.118,21
41.2672,142.5146,53.512,4.3,21,175.0,0.889,0.58,us,6.55,8.85,0.147,13
27.5551,128.5811,41.781,4.4,46,84.0,0.767,0.74,us,4.61,9.106,0.112,27
-29.2958,-71.7148,32.778,4.2,23,150.0,0.747,0.65,us,4.37,8.025,0.373,2
-5.8083,154.75,171.592,4.1,21,204.0,3.036,0.77,us,17.32,16.754,0.135,15
-32.6436,-177.9727,10.0,4.4,15,251.0,5.777,0.73,us,9.67,1.99,0.179,9
6.4087,127.3969,10.0,4.1,20,125.0,1.921,0.83,us,5.38,1.915,0.158,12
39.2303,28.1113,10.0,4.2,29,57.0,0.951,1.24,us,3.14,1.911,0.263,6
49.8985,157.532,35.0,5.3,136,122.0,3.206,0.79,us,8.71,1.897,0.026,489
52.2259,160.1627,34.018,4.4,63,166.0,1.22,0.65,us,11.98,6.834,0.079,46
39.3658,143.4878,39.126,4.3,23,134.0,2.34,0.85,us,4.24,7.647,0.153,13
51.4645,157.5154,65.98,4.4,23,248.0,1.65,1.29,us,10.22,12.048,0.117,21
52.6226,160.6475,24.27,4.6,33,123.0,1.277,0.53,us,9.07,5.87,0.111,24
50.227,159.1358,10.0,4.7,66,135.0,2.817,1.02,us,10.09,1.894,0.036,239
51.3455,158.9037,42.018,4.0,27,127.0,1.688,0.6,us,11.31,8.195,0.106,24
-21.5838,-68.242,131.104,4.2,21,69.0,0.954,0.42,us,6.96,8.051,0.141,14
41.2787,142.398,54.639,4.5,84,141.0,0.93,0.45,us,7.14,7.655,0.067,66
53.1767,159.5028,73.319,4.6,101,107.0,0.537,0.58,us,10.14,6.443,0.047,137
40.5173,142.8907,27.327,4.4,19,151.0,1.416,0.62,us,8.35,7.472,0.178,10
51.4339,158.7407,35.0,4.8,36,181.0,1.593,0.8,us,11.61,1.971,0.082,46
56.3735,162.373,10.0,4.4,38,144.0,3.992,0.74,us,13.68,1.92,0.097,31
37.4074,66.2685,10.0,4.3,29,145.0,2.498,0.69,us,9.75,1.976,0.2,7
-27.7472,-177.7778,10.0,4.8,17,136.0,1.498,0.73,us,7.37,1.93,0.16,13
51.4523,160.301,10.0,4.5,14,230.0,1.873,0.63,us,14.94,1.997,0.18,9
-6.2118,151.8342,10.0,4.9,45,65.0,2.034,0.79,us,7.95,1.865,0.061,85
51.4799,159.4029,45.69,4.3,40,135.0,1.938,0.71,us,7.79,7.144,0.099,29
52.041,160.395,9.892,4.9,66,124.0,1.451,0.71,us,9.66,4.934,0.071,62
51.8821,160.0998,35.0,4.4,23,137.0,1.447,0.81,us,11.12,1.951,0.127,18
13.9163,144.6209,182.232,3.8,13,108.0,0.404,0.33,us,11.27,7.998,0.207,6
54.4343,165.77,10.0,4.6,91,103.0,4.458,0.59,us,9.73,1.875,0.052,111
12.6852,125.2951,35.0,4.6,56,122.0,10.846,0.55,us,10.98,1.93,0.08,47
-18.1331,-177.961,566.77,4.4,28,124.0,3.035,0.57,us,19.22,12.786,0.123,21
-6.1823,130.3395,167.981,4.5,47,45.0,3.759,0.8,us,6.17,7.35,0.07,60
-17.7869,-70.015,109.604,4.9,48,111.0,0.546,0.51,us,5.68,5.215,0.04,194
52.9092,159.3582,73.93,4.7,157,133.0,0.443,0.59,us,9.75,6.422,0.047,137
52.8869,159.7404,76.92,4.0,22,137.0,1.254,0.66,us,13.65,9.043,0.138,14
-6.8874,116.5213,524.608,4.3,27,59.0,2.294,0.54,us,13.85,12.038,0.161,11
51.5212,160.458,10.0,4.5,34,128.0,1.87,0.69,us,4.33,1.907,0.111,24
9.4795,-84.2616,10.0,4.0,17,193.0,0.363,0.72,us,3.42,1.972,0.183,8
52.1522,160.744,26.096,4.2,12,124.0,1.547,0.62,us,10.57,6.934,0.146,17
-59.3722,-61.7089,10.0,4.4,14,120.0,5.532,0.3,us,8.25,1.907,0.169,10
-22.8178,-68.4882,110.59,4.2,42,53.0,0.315,1.23,us,6.52,5.202,0.092,33
2.7226,-76.7369,10.0,4.4,47,155.0,2.253,0.55,us,8.29,1.956,0.093,33
-24.3383,-67.144,153.228,4.0,23,112.0,1.675,0.62,us,10.68,11.578,0.212,6
52.1854,160.6773,10.0,4.4,37,153.0,2.036,0.95,us,9.17,1.903,0.095,32
6.8682,140.4478,10.0,4.4,19,84.0,5.947,0.88,us,10.17,1.911,0.162,11
-14.6636,167.3723,239.041,4.8,103,60.0,6.552,0.46,us,6.67,7.384,0.055,101
36.1018,70.264,130.177,4.0,28,157.0,1.833,1.15,us,9.42,13.864,0.212,6
29.296,129.2675,10.0,4.4,35,78.0,2.432,0.73,us,6.01,1.602,0.114,22
53.2217,161.2928,10.0,4.3,41,116.0,1.605,1.38,us,8.31,1.864,0.092,34
50.9944,160.5997,10.0,4.8,86,165.0,2.362,0.75,us,9.92,1.911,0.03,351
52.8515,160.8605,10.0,4.1,23,165.0,1.349,0.58,us,12.51,1.841,0.14,14
49.1386,157.7232,10.0,4.1,19,139.0,3.934,0.55,us,8.89,1.938,0.158,12
15.6626,122.1174,39.471,4.9,72,105.0,7.184,0.63,us,10.3,7.648,0.072,61
6.4655,62.1701,10.0,4.4,26,112.0,35.679,0.79,us,14.15,1.918,0.12,22
28.4389,53.1078,10.0,4.0,16,168.0,4.447,1.0,us,9.29,1.971,0.144,13
-4.7353,122.6392,10.0,4.3,25,61.0,0.202,1.13,us,6.18,1.804,0.154,12
-4.6896,153.3977,106.6,4.0,19,160.0,1.326,1.12,us,11.26,7.003,0.144,14
39.1701,28.1493,10.0,4.2,21,71.0,0.973,0.72,us,5.91,1.959,0.303,3
13.0953,144.6742,52.351,4.5,33,71.0,0.526,0.72,us,11.81,5.67,0.078,48
47.1469,152.3326,105.689,4.0,32,132.0,6.891,0.43,us,14.25,8.81,0.11,22
12.7745,-88.2994,42.488,4.0,15,159.0,0.691,0.86,us,4.65,8.58,0.3,3
-7.083,129.2458,143.431,4.3,12,109.0,5.104,1.24,us,11.79,9.613,0.188,8
52.9581,161.1012,10.0,4.4,22,212.0,1.483,1.12,us,9.68,2.0,0.115,22
52.6557,160.9638,40.708,4.5,35,149.0,1.451,0.9,us,10.82,8.574,0.106,26
-6.5058,128.9902,214.82,4.4,33,103.0,4.821,0.71,us,10.21,8.365,0.11,24
-22.5933,-68.0144,153.524,4.4,29,89.0,0.388,0.87,us,7.46,5.557,0.138,15
-6.1344,129.9037,155.384,4.6,75,28.0,3.958,0.88,us,8.17,7.083,0.056,95
51.3466,159.5999,10.0,4.1,37,137.0,1.778,0.96,us,9.6,1.907,0.099,33
43.3059,145.2408,51.87,4.3,34,188.0,2.007,0.29,us,11.14,9.166,0.104,26
-24.1457,-67.0807,222.72,4.4,24,83.0,1.558,0.64,us,10.57,9.613,0.269,4
11.7781,125.9635,10.0,4.9,68,105.0,4.694,0.7,us,11.11,1.865,0.069,66
-7.032,155.7382,83.873,4.7,66,80.0,4.541,0.94,us,8.72,7.242,0.051,118
53.0947,160.9131,28.999,4.2,40,134.0,1.368,0.61,us,13.34,6.624,0.099,28
7.7288,127.1648,35.0,4.5,47,108.0,1.704,1.39,us,9.67,1.921,0.085,45
-5.0229,151.5509,142.497,4.6,48,78.0,1.027,0.65,us,6.51,6.72,0.079,47
37.5165,71.8936,158.217,4.1,23,258.0,1.959,0.58,us,11.31,12.133,0.233,5
51.341,159.1032,10.0,5.0,123,107.0,1.708,0.52,us,8.89,1.844,0.029,373
38.8916,70.5585,10.0,4.3,24,147.0,1.119,0.56,us,3.94,1.929,0.142,14
-59.4712,-61.572,10.0,4.6,31,120.0,5.448,0.92,us,9.81,1.92,0.107,26
6.8181,-73.0894,160.462,4.1,14,162.0,2.312,0.37,us,13.39,18.3,0.262,4
52.9507,160.6176,35.806,4.3,25,188.0,1.192,0.73,us,15.3,14.065,0.133,16
50.9678,157.1172,87.219,4.2,40,134.0,2.174,0.57,us,13.78,8.776,0.088,36
-23.8061,179.0328,544.666,4.4,45,142.0,6.1,0.64,us,14.88,9.05,0.086,39
-45.0047,-77.8715,10.0,4.1,14,171.0,3.092,0.58,us,10.99,1.957,0.184,8
-10.466,161.2937,72.158,4.7,109,99.0,1.674,0.63,us,10.72,6.742,0.053,113
-0.1151,122.9046,98.149,4.2,24,73.0,2.447,1.0,us,7.19,9.753,0.136,15
-7.4159,128.3368,171.764,4.3,25,68.0,3.27,0.56,us,9.36,7.592,0.122,19
-2.5975,35.988,10.0,4.4,24,117.0,1.931,1.04,us,7.17,1.925,0.149,13
15.8846,146.8056,48.577,4.4,59,131.0,1.17,0.74,us,11.83,6.835,0.077,49
52.1609,159.9379,41.142,4.1,13,161.0,1.168,1.04,us,11.67,11.067,0.166,10
39.5017,143.3113,10.0,5.0,49,147.0,2.149,0.97,us,5.01,1.909,0.058,96
34.9271,26.6098,10.0,4.3,51,154.0,0.766,0.91,us,6.25,1.902,0.077,48
51.3119,160.5287,10.0,4.2,25,138.0,2.068,1.03,us,6.66,1.796,0.118,20
-45.2025,-81.6384,10.0,4.4,14,146.0,7.247,0.82,us,14.96,1.464,0.17,10
-7.6963,127.6784,148.708,4.3,45,71.0,3.852,0.89,us,6.7,8.176,0.094,33
49.562,92.4647,10.0,5.4,94,83.0,5.469,0.87,us,8.22,1.856,0.029,408
-57.7727,158.171,36.909,4.8,15,142.0,3.311,0.35,us,15.86,14.026,0.197,8
34.5635,136.8457,337.168,4.8,98,65.0,0.799,0.64,us,7.34,3.531,0.024,530
52.3209,160.1882,32.502,4.6,75,91.0,1.707,0.79,us,6.64,3.6,0.066,69
52.4882,160.6529,26.59,4.1,36,145.0,1.33,0.88,us,10.37,6.932,0.112,22
-6.9291,124.9926,546.063,4.4,36,55.0,2.898,0.94,us,12.17,8.429,0.13,18
21.4488,96.0769,10.0,4.3,20,112.0,1.108,0.49,us,6.23,1.931,0.201,7
52.072,-175.091,74.568,4.1,70,170.0,0.522,0.69,us,8.21,6.565,0.076,48
-7.0125,155.7932,111.864,4.6,111,91.0,4.766,0.57,us,5.51,6.808,0.05,118
52.2517,160.6461,31.476,4.3,18,166.0,1.441,1.26,us,14.48,8.417,0.147,13
52.2801,160.3252,43.371,4.7,54,123.0,1.801,1.12,us,10.2,7.073,0.082,45
-3.8491,-12.0297,10.0,4.7,17,127.0,33.599,0.44,us,16.66,1.905,0.158,14
54.1633,-166.1839,103.035,4.4,132,84.0,0.075,0.61,us,6.45,1.3,0.044,148
52.1873,160.5086,35.0,4.1,18,179.0,1.945,1.28,us,12.0,1.997,0.139,14
39.4283,143.3003,43.866,4.5,56,134.0,2.188,0.6,us,9.14,7.483,0.075,52
52.4871,160.0617,57.62,4.3,21,165.0,1.012,0.45,us,11.07,8.914,0.147,13
20.7633,96.9288,10.0,4.2,29,122.0,1.931,0.67,us,8.04,1.899,0.124,20
53.2921,159.9945,49.698,4.2,27,164.0,0.853,0.74,us,13.2,14.446,0.1,28
-13.0398,166.7778,125.525,4.3,26,93.0,2.428,0.89,us,8.34,7.153,0.13,17
-5.439,153.1298,10.0,4.4,33,83.0,1.57,0.76,us,9.07,1.893,0.114,24
52.1431,160.1341,10.0,4.2,24,172.0,1.264,1.15,us,7.86,1.934,0.128,23
-10.6655,-74.9361,35.0,4.6,84,63.0,2.285,0.82,us,6.32,1.843,0.069,66
52.1651,160.6967,10.0,4.3,21,121.0,2.057,1.31,us,6.79,1.866,0.137,17
-24.7739,179.7681,513.574,4.1,18,147.0,11.115,0.6,us,19.55,18.352,0.135,15
-5.7622,146.629,90.482,4.6,49,97.0,3.657,1.07,us,9.04,7.726,0.074,54
2.1086,128.5542,41.783,4.7,62,74.0,1.781,0.66,us,6.52,6.48,0.064,74
52.8626,161.297,36.601,4.3,20,119.0,1.61,0.92,us,6.46,8.46,0.138,15
-28.3753,-178.8203,10.0,4.4,21,126.0,1.167,0.87,us,10.53,1.851,0.162,14
52.1598,-177.5431,160.04,3.8,35,118.0,0.323,0.38,us,8.58,5.656,0.161,10
14.0005,120.6055,182.613,4.1,51,98.0,14.156,0.95,us,13.34,8.368,0.081,42
-5.5624,150.9183,94.546,4.9,82,67.0,1.666,0.77,us,7.78,5.678,0.069,67
-34.0135,-178.3875,10.0,4.2,22,253.0,4.445,0.98,us,11.82,1.975,0.132,16
-18.3819,-177.7835,568.771,4.4,37,90.0,3.312,0.64,us,15.2,10.844,0.102,28
51.0052,159.3263,35.0,4.4,28,130.0,2.064,0.51,us,10.27,1.937,0.117,21
39.1979,28.2599,10.0,4.4,56,37.0,1.061,0.71,us,4.16,1.904,0.127,18
27.945,140.802,10.0,4.7,51,75.0,1.491,1.03,us,7.4,1.854,0.085,42
50.0643,155.9152,88.217,4.2,67,107.0,3.245,0.49,us,7.7,5.21,0.074,54
-6.3373,148.7999,53.067,4.1,25,119.0,3.454,0.46,us,7.26,5.517,0.14,18
29.1406,141.7524,10.0,4.3,29,118.0,2.073,0.56,us,8.33,1.888,0.133,16
-30.1172,-177.6754,35.0,4.6,26,192.0,0.879,1.04,us,9.33,1.966,0.122,20
51.4589,159.4537,35.0,4.3,20,135.0,1.643,1.11,us,11.38,1.952,0.143,14
52.0935,160.3531,26.123,4.2,26,216.0,1.911,0.76,us,8.98,6.012,0.136,16
6.2524,124.2698,500.392,4.3,41,112.0,1.931,0.85,us,15.2,9.973,0.088,37
-26.2598,-175.913,10.0,4.9,22,138.0,9.034,0.4,us,13.26,1.904,0.122,21
36.9786,71.2215,126.644,4.3,22,200.0,1.667,0.63,us,8.14,11.206,0.216,6
28.8164,128.5836,147.312,4.5,45,66.0,1.992,0.77,us,5.41,8.149,0.077,50
2.9108,95.4296,22.095,4.3,26,135.0,2.673,0.54,us,7.3,6.227,0.117,21
51.8356,159.3006,35.0,4.3,55,119.0,1.255,0.63,us,9.02,1.923,0.057,86
-3.4207,148.8309,10.0,4.6,27,76.0,2.003,0.84,us,6.96,1.87,0.116,22
39.5763,143.4719,10.0,4.5,36,135.0,2.207,0.81,us,4.73,1.902,0.113,23
51.4349,159.0966,48.261,4.4,28,137.0,1.883,1.17,us,11.34,7.809,0.095,32
49.2196,157.1683,10.0,5.2,115,136.0,3.908,0.68,us,8.93,1.875,0.053,117
50.3121,158.7994,10.0,4.5,64,134.0,2.717,0.78,us,9.42,1.9,0.074,54
-17.6075,-69.533,155.178,4.2,25,140.0,0.054,1.02,us,9.67,5.77,0.187,8
41.2718,142.6321,43.073,4.8,66,134.0,0.84,0.55,us,6.23,6.431,0.055,102
52.1002,-172.439,72.624,4.4,67,171.0,1.021,1.1,us,5.05,7.463,0.037,208
-4.8112,103.0418,65.038,5.0,93,50.0,0.456,0.99,us,8.37,4.568,0.055,106
9.3633,93.9614,40.127,5.0,54,69.0,5.064,0.91,us,10.29,5.366,0.091,38
52.3669,160.3972,28.123,4.6,55,122.0,1.25,1.22,us,8.34,5.632,0.076,53
-4.4037,101.527,36.269,4.4,42,144.0,1.425,0.5,us,9.15,7.493,0.092,34
51.2099,159.4249,10.0,4.5,18,138.0,1.878,0.71,us,12.22,1.934,0.144,14
-9.8236,109.6451,35.0,4.5,36,90.0,2.867,1.26,us,7.1,1.928,0.103,28
30.2671,69.8789,10.0,4.6,25,172.0,4.282,0.9,us,12.27,1.954,0.133,17
51.9767,160.7987,10.0,4.3,14,167.0,1.681,0.39,us,9.9,1.948,0.147,13
7.0621,126.8812,66.09,4.5,35,112.0,1.292,1.13,us,8.9,8.155,0.094,33
39.2805,143.3255,10.0,4.2,29,148.0,2.299,0.7,us,7.93,1.934,0.136,15
53.1343,159.6823,65.679,4.4,48,164.0,0.633,0.84,us,8.92,7.664,0.076,50
53.124,160.3421,56.152,4.4,26,117.0,1.026,0.93,us,5.79,7.582,0.126,18
49.7474,157.6091,10.0,4.5,60,136.0,3.345,0.58,us,11.55,1.897,0.077,49
16.476,40.9347,10.0,4.5,49,127.0,3.834,1.31,us,13.05,1.946,0.08,46
-4.8537,152.8551,59.019,4.2,21,121.0,0.953,0.52,us,10.21,9.684,0.136,15
-55.3315,-27.9668,26.371,4.6,45,58.0,5.04,0.92,us,11.84,4.892,0.099,35
50.1868,157.2929,35.0,5.5,113,77.0,2.935,0.78,us,8.49,1.888,0.025,535
-31.1823,-178.6234,10.0,4.4,14,251.0,6.851,0.35,us,12.68,1.995,0.149,13
5.7142,125.8067,95.208,4.4,33,113.0,1.028,0.87,us,10.07,6.304,0.098,30
-1.8288,-81.0175,10.0,4.4,35,155.0,1.503,0.92,us,7.95,1.938,0.11,24
-4.9949,133.5001,10.0,4.3,15,80.0,2.41,0.49,us,7.15,1.919,0.2,7
51.3884,160.0065,10.0,4.2,17,134.0,1.838,0.73,us,12.76,1.958,0.152,13
49.5484,155.9545,48.829,4.2,33,135.0,3.729,0.74,us,11.82,8.511,0.11,23
50.173,159.0513,10.0,5.2,122,129.0,2.865,0.97,us,6.54,1.796,0.049,141
-44.136,-82.1174,10.0,4.6,11,199.0,8.461,0.43,us,17.29,1.99,0.182,9
12.8318,143.1697,153.802,4.8,107,79.0,3.489,0.53,us,10.01,7.233,0.049,127
-18.0508,-178.2073,623.734,4.2,29,122.0,2.794,0.67,us,14.75,13.397,0.1,29
-18.6178,-177.9971,530.181,4.9,158,30.0,3.292,0.69,us,9.13,4.181,0.027,427
52.8311,159.6597,68.279,4.7,131,130.0,0.641,0.64,us,9.91,6.611,0.051,115
-4.6824,155.2729,518.468,5.0,162,20.0,3.258,0.68,us,8.63,4.342,0.03,363
-21.4558,169.8375,35.0,4.7,32,119.0,2.499,0.92,us,6.17,1.857,0.106,27
-9.4859,123.5792,83.116,4.2,12,133.0,0.729,1.26,us,8.12,8.723,0.199,7
13.8317,120.7292,200.512,4.4,40,85.0,8.944,0.69,us,12.52,10.672,0.105,26
-38.5674,175.6741,151.908,4.1,24,58.0,0.471,0.37,us,4.89,3.03,0.166,10
51.3268,-173.9362,10.0,4.5,71,179.0,0.891,0.73,us,5.22,1.872,0.051,112
52.7146,160.6469,28.497,4.6,120,133.0,1.249,0.74,us,9.79,5.57,0.054,103
52.6118,161.0468,10.0,4.6,79,121.0,1.512,1.0,us,9.35,1.884,0.044,152
52.217,160.1147,44.441,4.1,27,229.0,1.204,0.85,us,12.56,9.329,0.127,17
29.3883,129.4888,10.0,4.3,36,114.0,6.847,0.78,us,11.37,1.82,0.097,30
39.4639,142.7562,35.0,4.8,65,128.0,1.853,0.85,us,7.39,1.909,0.051,121
51.2461,159.2095,10.0,4.6,17,191.0,1.813,0.27,us,8.67,1.952,0.224,8
51.2849,160.1205,10.0,4.8,23,154.0,1.963,0.55,us,12.57,1.961,0.125,24
51.9743,159.0236,64.883,4.4,12,213.0,1.075,0.62,us,11.7,7.515,0.179,9
48.8934,154.9143,77.835,4.2,27,135.0,4.571,0.68,us,12.44,8.72,0.131,16
34.705,70.7777,10.0,4.7,124,79.0,1.368,0.58,us,7.84,1.845,0.053,108
-29.7113,-71.3402,41.074,4.5,33,150.0,0.225,0.53,us,4.58,7.569,0.205,7
18.3466,145.5573,501.167,3.9,25,146.0,3.096,0.8,us,14.89,12.19,0.142,14
-24.3097,-67.0909,168.776,4.5,30,66.0,1.68,0.82,us,6.03,9.629,0.144,14
-10.4808,124.6142,10.0,4.4,12,136.0,0.798,1.24,us,8.72,1.774,0.204,7
50.4259,159.1208,10.0,4.3,43,133.0,2.618,0.8,us,8.19,1.703,0.097,30
5.1744,123.7663,10.0,4.4,24,68.0,1.762,0.81,us,6.63,1.893,0.138,15
42.3604,81.1837,10.0,4.2,10,168.0,1.58,0.67,us,6.27,1.931,0.236,5
52.6874,160.6056,23.958,4.3,45,118.0,1.233,1.11,us,10.35,6.149,0.084,40
52.2875,158.0763,47.365,4.2,45,121.0,0.816,0.49,us,10.26,6.488,0.085,39
50.2456,158.7095,10.0,4.5,73,106.0,18.258,0.62,us,12.54,1.878,0.072,57
-25.2621,179.197,582.436,4.1,25,120.0,8.742,0.41,us,15.69,10.326,0.12,19
-5.5229,132.1019,10.0,4.3,25,104.0,2.591,0.51,us,8.65,1.886,0.138,18
52.0766,160.0971,35.0,4.5,26,137.0,1.296,0.82,us,10.79,1.942,0.121,20
-2.1982,-80.0324,61.56,4.7,54,142.0,0.477,1.11,us,5.7,6.304,0.038,204
52.3719,159.9605,67.484,4.7,138,134.0,1.03,0.62,us,9.65,6.53,0.05,119
72.414,142.0095,10.0,5.1,311,28.0,4.147,0.79,us,8.9,1.861,0.025,540
39.4433,26.0125,10.0,4.4,23,69.0,0.786,0.67,us,5.71,1.933,0.178,9
-17.076,-174.1664,120.593,4.6,32,63.0,3.899,0.74,us,10.38,7.818,0.114,23
-9.1074,111.8512,64.643,4.9,61,58.0,2.361,0.72,us,6.38,5.462,0.065,73
25.5434,56.1875,11.485,4.3,31,76.0,0.596,0.82,us,8.41,5.224,0.097,30
53.5766,-163.4498,35.0,3.9,36,164.0,1.186,0.7,us,5.21,1.784,0.107,24
50.2263,158.6348,10.0,4.3,21,140.0,2.801,0.43,us,12.46,1.9,0.138,15
46.6819,152.7237,55.83,4.1,25,136.0,6.843,0.66,us,4.61,8.77,0.12,19
50.6741,157.6954,35.0,4.5,109,130.0,2.426,0.69,us,9.62,1.916,0.055,96
-5.5149,152.9973,10.0,4.3,21,133.0,1.555,0.69,us,12.85,1.909,0.125,18
-29.2171,-179.1095,345.018,4.1,33,101.0,1.032,0.57,us,13.11,8.304,0.103,26
-39.7842,-75.1812,10.0,4.2,16,191.0,1.355,0.56,us,5.54,1.949,0.304,3
-24.1237,-67.0744,188.778,4.2,14,111.0,1.545,0.77,us,7.94,13.711,0.263,4
23.7742,123.5196,38.659,4.1,23,129.0,0.832,0.93,us,5.06,8.964,0.197,9
50.8184,-172.9466,10.0,3.8,28,221.0,1.59,0.55,us,3.43,2.01,0.136,14
-21.55,-67.0122,229.476,4.3,23,47.0,1.765,0.81,us,8.37,7.179,0.116,21
15.0498,108.1553,10.0,4.5,37,63.0,3.994,0.73,us,8.42,1.916,0.111,24
49.2559,155.9504,35.0,4.7,47,134.0,4.011,0.73,us,11.32,1.936,0.097,32
51.9854,160.4228,39.875,4.3,22,138.0,1.502,0.66,us,9.24,8.312,0.133,16
49.2268,156.1364,30.659,4.9,159,75.0,4.009,0.67,us,10.49,5.35,0.046,147
38.3847,-30.232,10.0,4.6,34,157.0,3.766,0.59,us,10.86,1.904,0.104,28
-30.7593,-177.8487,49.896,4.5,20,114.0,1.494,0.95,us,11.64,9.38,0.135,16
-7.5418,127.7279,155.496,4.4,56,52.0,3.699,0.84,us,7.95,7.846,0.082,43
52.8141,159.5711,57.941,4.2,18,132.0,0.596,0.73,us,11.37,7.948,0.159,11
49.1003,155.3503,93.959,4.1,17,144.0,4.277,0.98,us,13.57,10.274,0.166,10
51.4587,161.2101,10.0,4.7,25,123.0,2.221,0.62,us,7.54,1.761,0.123,20
7.2402,126.7416,77.805,4.2,28,111.0,1.166,0.83,us,10.82,8.107,0.124,18
51.5761,-168.5438,10.0,3.8,55,185.0,1.411,0.42,us,6.51,1.929,0.089,33
-9.0298,125.0407,33.611,4.4,25,72.0,1.05,0.88,us,6.92,7.545,0.179,9
-9.8761,151.6696,10.0,4.7,28,55.0,4.472,1.03,us,9.1,1.89,0.097,32
51.8057,158.3647,66.277,4.2,40,124.0,1.232,0.78,us,8.48,7.596,0.108,25
52.9721,160.6757,35.0,4.5,21,205.0,1.225,0.57,us,12.24,2.003,0.18,9
-0.9676,-21.9632,10.0,4.3,13,116.0,10.26,0.96,us,13.35,1.858,0.169,11
51.6356,159.071,35.0,4.3,26,137.0,1.414,0.63,us,11.74,1.946,0.116,21
-18.1153,169.1022,236.735,4.1,18,169.0,3.217,0.53,us,10.22,7.095,0.166,10
-21.1421,-179.0095,638.859,4.7,103,115.0,4.371,0.6,us,12.45,6.658,0.028,373
51.7306,159.9049,10.0,4.3,15,160.0,1.506,0.55,us,13.09,1.947,0.154,12
-1.0546,122.0296,22.132,4.3,41,52.0,0.742,1.16,us,3.63,5.462,0.103,28
11.3798,-71.8215,96.556,4.7,57,104.0,2.742,0.49,us,11.01,8.154,0.037,217
41.2822,142.7532,40.195,4.3,32,142.0,0.792,0.91,us,6.2,8.466,0.122,19
52.0109,-171.3717,35.0,3.8,27,175.0,1.182,0.74,us,6.75,1.987,0.169,10
52.2175,160.5871,10.0,4.3,33,123.0,1.43,1.01,us,9.35,1.914,0.098,30
-21.2202,168.6323,10.0,4.6,21,181.0,1.77,0.71,us,7.33,1.858,0.207,10
52.244,160.8543,39.167,4.3,49,123.0,1.554,0.82,us,9.79,7.739,0.08,44
52.404,160.49,10.0,5.2,82,141.0,1.28,0.92,us,10.6,1.869,0.027,453
50.419,159.8194,10.0,4.5,52,170.0,2.708,0.63,us,9.7,1.93,0.054,103
-24.1092,-175.7845,35.0,4.2,15,131.0,7.4,0.61,us,12.33,1.95,0.147,13
51.4367,159.4866,31.169,4.5,49,137.0,1.67,0.87,us,9.05,4.591,0.083,43
-4.39,153.0537,10.0,4.6,29,119.0,0.909,1.33,us,7.13,1.889,0.129,26
-25.2274,-175.3988,10.0,4.7,21,76.0,9.62,0.57,us,12.44,1.913,0.134,23
52.273,160.0847,35.0,4.2,22,162.0,1.153,0.74,us,9.18,1.956,0.159,11
52.762,160.1217,41.532,4.1,31,120.0,0.929,0.54,us,11.16,8.685,0.097,29
51.4961,159.647,24.649,4.8,93,121.0,1.648,0.82,us,9.75,5.218,0.057,101
-20.8541,-178.4008,565.849,4.2,46,124.0,4.559,0.82,us,15.09,8.945,0.051,105
58.9715,-31.6029,10.0,4.4,13,181.0,7.554,0.34,us,11.72,1.901,0.178,9
7.1631,127.1404,54.048,4.4,29,115.0,1.552,1.23,us,9.79,3.463,0.117,21
1.4001,126.7621,43.633,4.3,27,103.0,0.869,1.03,us,7.44,8.122,0.125,18
52.8687,160.6724,37.555,4.1,38,119.0,1.234,0.54,us,10.32,7.544,0.091,33
-2.7764,28.6988,10.0,4.7,53,99.0,2.97,0.69,us,9.74,1.874,0.081,46
52.1648,160.6812,21.154,4.7,49,122.0,1.508,1.34,us,9.65,5.576,0.067,68
18.6114,120.5524,14.144,4.9,49,119.0,4.214,0.86,us,11.46,5.144,0.074,57
51.4184,159.3579,34.903,4.3,24,126.0,1.665,0.55,us,12.08,6.561,0.126,18
-57.611,-10.5505,10.0,4.8,21,89.0,14.868,0.78,us,14.2,1.896,0.131,18
52.2784,159.7298,35.0,4.5,71,121.0,0.995,0.95,us,7.57,1.922,0.066,68
-30.654,-71.2748,56.106,4.6,53,78.0,0.311,0.64,us,4.95,5.684,0.107,26
-3.5765,135.5487,10.0,5.0,46,32.0,1.313,0.83,us,6.39,1.815,0.072,62
-17.382,-175.6512,381.564,4.2,22,144.0,4.849,0.84,us,15.81,9.264,0.121,19
52.571,160.6326,35.0,4.0,14,121.0,1.286,0.8,us,11.61,1.957,0.163,10
49.1823,157.8409,10.0,4.3,32,136.0,3.88,0.88,us,10.35,1.887,0.114,23
42.0247,72.9254,10.0,4.6,62,46.0,0.698,0.53,us,3.68,1.898,0.087,39
51.3184,159.7347,10.0,4.5,13,137.0,1.834,0.98,us,10.96,1.878,0.191,8
-22.9236,170.9414,10.0,4.2,15,120.0,3.24,0.46,us,7.61,1.793,0.167,11
52.9588,161.2059,10.0,4.3,18,138.0,1.546,0.95,us,9.67,1.872,0.188,10
49.2119,155.0136,70.014,4.4,29,127.0,4.251,0.52,us,10.86,8.537,0.143,14
50.7772,158.3042,38.704,5.0,31,130.0,2.26,0.9,us,5.23,7.656,0.113,25
-9.6038,120.647,91.563,4.2,24,79.0,0.35,0.58,us,7.21,3.018,0.147,13
-20.746,-178.7006,600.135,4.5,34,134.0,4.623,0.69,us,16.05,11.052,0.096,32
52.7402,158.578,79.127,4.5,26,119.0,0.287,0.65,us,10.53,5.676,0.111,24
8.2335,127.5108,10.0,4.7,71,66.0,2.237,0.63,us,9.17,1.868,0.074,55
0.6602,67.2383,10.0,4.6,45,83.0,5.758,0.82,us,8.0,1.87,0.087,40
-8.5317,120.5652,165.216,4.6,47,63.0,1.16,1.13,us,6.13,6.421,0.088,39
2.9503,126.4907,72.855,4.2,23,122.0,2.038,0.76,us,8.11,9.909,0.131,16
11.937,140.5547,44.764,4.6,127,36.0,4.517,0.6,us,8.31,6.822,0.052,117
51.9304,161.1485,10.0,4.3,32,134.0,1.88,0.78,us,12.83,1.928,0.107,25
35.8129,140.3771,50.614,4.3,24,148.0,1.899,0.73,us,8.66,9.664,0.161,11
29.3501,129.3552,10.064,4.5,39,110.0,2.351,0.58,us,7.2,4.792,0.102,28
51.135,159.0378,35.0,4.8,30,129.0,1.906,0.94,us,10.63,1.942,0.093,36
52.7532,160.5753,35.0,4.5,77,134.0,1.198,0.67,us,9.73,1.916,0.052,111
39.2158,28.1138,10.0,4.1,28,57.0,0.951,0.87,us,4.06,1.921,0.213,6
10.7351,-85.9493,46.643,4.2,43,186.0,0.626,0.94,us,8.37,13.026,0.098,29
-14.7201,166.8297,10.0,4.4,24,79.0,0.808,0.6,us,8.3,1.868,0.148,13
-13.5367,167.5465,10.0,4.5,26,134.0,1.928,1.17,us,9.79,1.898,0.118,21
52.5625,160.7212,10.0,4.3,17,134.0,1.34,0.76,us,8.21,1.91,0.169,10
-31.0643,-178.4757,95.468,5.0,51,44.0,1.874,0.56,us,12.79,4.687,0.08,52
-15.0042,-173.5269,10.0,4.1,10,178.0,2.965,0.45,us,13.94,1.896,0.185,8
51.2727,158.5086,35.0,4.3,27,171.0,1.756,0.74,us,10.75,1.987,0.122,19
50.3111,159.0682,10.0,5.2,97,45.0,2.729,0.81,us,9.15,1.772,0.022,692
-32.5071,-71.4842,70.373,4.3,34,135.0,0.532,0.34,us,3.49,4.918,0.154,12
51.457,159.4595,35.0,4.8,95,135.0,1.646,0.81,us,9.71,1.91,0.064,75
-7.2788,126.5952,330.724,4.1,21,68.0,3.37,0.95,us,12.06,12.294,0.165,10
52.8563,160.7139,10.0,4.6,35,114.0,1.26,0.5,us,10.15,1.915,0.095,33
-61.132,159.5878,10.0,5.1,43,103.0,6.662,0.82,us,10.86,1.886,0.089,41
13.9315,120.8166,93.766,4.7,115,99.0,8.842,0.85,us,8.41,7.29,0.043,161
48.7852,156.0314,25.059,4.1,21,135.0,4.455,1.13,us,11.92,6.087,0.151,12
18.9676,145.4429,248.09,4.5,130,96.0,3.721,0.76,us,10.35,7.424,0.046,140
48.9429,154.5563,84.354,4.1,19,137.0,4.618,0.71,us,13.16,8.918,0.139,14
-55.3495,-27.7061,10.0,4.5,19,102.0,5.19,0.87,us,13.65,1.889,0.15,13
-41.5763,84.8486,10.0,4.8,23,116.0,27.063,0.35,us,14.76,1.906,0.124,20
52.9275,160.2956,43.666,4.1,21,166.0,1.0,0.67,us,14.01,11.329,0.131,17
51.6288,159.6054,10.0,5.4,40,127.0,1.515,0.46,us,5.08,1.88,0.12,24
16.5838,-100.7307,10.0,4.3,69,196.0,0.688,1.18,us,5.57,1.922,0.047,128
10.8814,125.9051,35.0,4.4,31,121.0,9.161,0.54,us,13.62,1.93,0.114,22
-17.5689,166.9762,10.0,4.1,15,169.0,2.121,0.79,us,6.23,1.936,0.174,10
52.0285,160.4338,11.523,4.8,60,88.0,1.989,0.71,us,9.26,4.902,0.073,57
51.5003,160.671,10.0,4.5,37,145.0,1.967,0.65,us,7.62,1.924,0.091,36
-17.9312,-178.5335,597.459,4.3,49,122.0,2.47,0.74,us,10.39,7.507,0.043,153
-15.2084,-178.4429,414.974,4.3,65,52.0,2.454,0.89,us,11.74,6.437,0.045,142
-20.2339,-68.6438,135.641,4.2,14,94.0,0.487,0.35,us,9.07,5.386,0.187,8
53.0907,161.4103,10.0,4.2,19,167.0,1.667,0.82,us,12.74,1.974,0.147,13
51.3069,157.63,64.123,4.7,129,114.0,1.805,0.76,us,8.97,6.859,0.027,417
17.0079,96.1659,10.0,3.9,17,124.0,0.143,0.65,us,7.4,1.964,0.171,10
-15.9963,-175.9526,10.0,4.5,49,75.0,4.518,0.67,us,10.84,1.883,0.079,47
1.2912,126.412,41.015,4.4,82,68.0,1.085,0.54,us,5.04,6.961,0.067,72
-5.8145,151.2915,35.0,4.4,25,119.0,1.832,1.05,us,5.62,1.934,0.124,19
51.0628,159.7329,10.0,4.5,28,130.0,2.074,0.68,us,9.56,1.793,0.131,17
40.9028,142.9449,35.0,4.1,17,154.0,1.123,0.87,us,4.05,1.927,0.198,7
7.6879,127.2735,10.0,4.5,22,68.0,1.789,0.61,us,5.48,1.869,0.145,15
36.603,54.8547,10.0,4.1,40,111.0,7.864,0.75,us,9.85,1.969,0.123,18
-9.5367,159.2885,10.726,4.9,65,46.0,0.657,0.62,us,6.73,4.405,0.073,59
39.5791,143.5643,10.0,4.6,70,125.0,2.265,0.55,us,7.08,1.627,0.077,50
52.2389,160.3916,10.0,4.3,37,123.0,1.321,0.58,us,5.85,1.871,0.108,25
53.0468,159.5216,73.927,4.7,163,125.0,0.527,0.71,us,9.3,6.013,0.033,272
52.1095,161.5346,10.0,4.3,19,125.0,1.984,0.72,us,10.39,1.932,0.177,9
4.9352,126.1089,97.282,4.3,23,115.0,0.659,0.81,us,8.85,7.784,0.148,15
39.1271,142.8068,35.0,4.5,55,134.0,2.133,0.77,us,8.17,1.927,0.065,69
52.4878,160.8602,30.064,4.1,25,121.0,1.446,0.98,us,11.29,6.854,0.107,24
-20.889,-173.7415,10.0,4.5,26,83.0,4.015,1.01,us,14.42,1.894,0.127,19
30.4466,69.518,37.479,4.4,111,66.0,8.196,0.49,us,10.15,6.977,0.056,99
50.6173,158.465,10.0,4.4,17,241.0,2.412,0.5,us,14.0,1.996,0.169,10
-58.7581,-24.8316,10.0,4.8,54,69.0,7.848,0.44,us,10.83,1.895,0.076,53
37.4414,72.2841,188.344,4.1,44,94.0,0.884,0.75,us,7.47,6.396,0.14,14
-0.6616,123.2397,18.91,4.5,41,53.0,0.601,0.7,us,5.01,4.612,0.106,27
-5.3622,153.4537,35.0,4.4,24,94.0,1.767,0.42,us,5.68,1.918,0.12,20
23.7585,90.4588,10.0,4.3,31,172.0,4.842,0.81,us,12.37,1.936,0.122,19
13.7989,144.8952,125.792,4.4,35,81.0,0.21,0.71,us,9.74,4.731,0.106,26
49.8206,157.1933,33.543,4.7,123,135.0,3.307,0.51,us,10.1,5.353,0.038,212
-59.858,-150.4824,10.0,5.1,39,151.0,22.747,0.54,us,14.28,1.906,0.092,38
60.4356,-139.5505,2.821,3.7,48,51.0,0.488,1.11,us,1.66,5.341,0.226,5
-5.571,129.3156,287.436,4.1,20,100.0,1.195,0.35,us,13.08,8.952,0.13,16
39.6661,143.2604,10.0,4.9,62,129.0,2.021,0.83,us,6.09,1.877,0.054,109
52.4984,160.5854,10.0,4.6,59,122.0,1.288,0.72,us,8.06,1.881,0.052,110
52.1616,160.6216,21.093,4.6,48,75.0,1.48,0.74,us,6.98,4.185,0.091,36
51.2387,159.46,10.0,4.4,32,192.0,1.856,0.62,us,12.32,1.967,0.112,23
32.6188,47.9026,10.0,4.1,17,222.0,3.083,0.75,us,15.0,2.016,0.197,7
-32.7661,-178.1432,10.0,4.4,12,176.0,3.515,0.66,us,13.59,1.954,0.161,11
52.1369,-176.4124,126.265,4.0,136,55.0,0.151,0.65,us,8.45,4.118,0.044,136
52.3289,160.1775,38.776,4.3,20,151.0,1.161,0.59,us,9.19,6.467,0.177,9
-22.988,172.8212,10.0,4.5,13,135.0,4.973,0.61,us,7.43,1.953,0.18,9
51.7025,159.1251,60.521,5.1,58,127.0,1.355,0.65,us,10.95,7.016,0.071,64
-27.6839,-179.7928,475.598,4.3,29,215.0,12.609,0.86,us,15.42,10.261,0.099,29
0.1693,121.8634,213.526,4.2,38,99.0,1.43,0.81,us,4.85,7.292,0.095,31
53.1098,161.4868,10.0,4.5,27,137.0,1.714,1.02,us,7.22,1.912,0.108,25
-7.6953,128.3631,85.361,4.3,19,75.0,4.537,0.88,us,6.23,10.422,0.154,12
-23.5326,-179.6245,554.242,4.4,36,132.0,6.155,0.62,us,14.54,8.084,0.095,32
51.6429,159.3992,10.0,4.3,33,127.0,1.457,0.65,us,9.7,1.641,0.087,40
-18.6617,65.2233,10.0,4.2,16,95.0,2.062,0.75,us,6.43,1.884,0.176,9
10.4238,121.8659,10.0,4.3,17,136.0,6.188,1.25,us,14.51,1.942,0.187,8
43.4097,147.835,35.0,5.0,58,150.0,3.718,0.59,us,10.26,1.904,0.051,127
-47.873,116.225,10.0,4.1,14,145.0,14.948,0.68,us,17.37,1.961,0.145,13
51.269,159.6804,10.0,4.4,16,221.0,1.868,0.51,us,6.95,1.969,0.179,9
52.5009,160.346,35.0,5.2,84,96.0,1.156,1.25,us,8.68,1.86,0.033,294
29.3393,129.4194,10.0,4.8,39,109.0,2.34,0.85,us,7.37,1.888,0.105,30
52.6499,-34.8396,10.0,4.9,65,40.0,12.504,0.73,us,10.63,1.858,0.062,83
39.5714,143.2128,10.0,4.4,24,152.0,2.047,0.57,us,6.19,1.92,0.143,14
5.7863,126.1918,102.636,4.9,77,46.0,1.265,1.14,us,6.7,6.638,0.047,140
53.0726,160.707,30.099,4.3,47,144.0,1.243,1.15,us,12.25,7.574,0.086,38
43.0876,130.9954,561.251,5.2,106,30.0,1.325,0.52,us,10.1,7.57,0.02,805
25.9012,128.4819,10.0,4.3,25,80.0,0.95,1.14,us,5.84,1.92,0.178,9
52.2098,161.1151,10.0,4.5,28,162.0,1.71,0.89,us,10.96,1.954,0.104,29
21.9665,143.3306,246.715,4.0,20,143.0,5.212,0.34,us,15.89,10.158,0.13,16
-9.0215,117.0613,10.0,4.2,12,102.0,0.732,0.39,us,6.48,1.932,0.216,7
44.4951,150.1575,10.0,4.2,26,207.0,5.442,0.4,us,16.21,2.002,0.124,18
-23.4007,170.8321,10.0,4.3,19,246.0,3.216,0.59,us,11.22,1.949,0.16,11
52.6078,160.3815,38.482,4.8,99,127.0,1.13,0.75,us,10.83,6.964,0.053,111
4.9341,126.4562,51.353,4.4,34,103.0,0.994,0.53,us,7.76,1.688,0.108,25
42.0602,-29.2053,10.0,4.3,39,138.0,5.14,0.71,us,12.92,1.929,0.096,32
52.372,159.9301,37.852,4.2,37,122.0,1.016,1.14,us,9.57,8.159,0.087,37
51.3918,159.5156,26.526,4.4,34,137.0,1.719,0.62,us,9.58,4.913,0.11,24
11.9582,142.1961,35.0,5.1,163,27.0,3.07,0.5,us,8.56,1.843,0.048,140
8.7007,126.5777,44.182,4.2,37,125.0,1.899,0.49,us,11.25,6.608,0.108,25
-18.1013,-178.6083,598.491,4.4,30,165.0,2.517,0.47,us,14.83,10.559,0.103,27
-37.7369,-73.9014,19.885,4.1,23,152.0,2.172,1.0,us,8.24,6.222,0.198,7
51.2005,157.2175,87.431,4.1,30,134.0,1.934,0.7,us,11.68,8.125,0.12,19
49.2367,154.7314,84.212,4.1,28,137.0,4.302,0.51,us,12.02,4.06,0.123,18
53.0157,161.082,35.0,4.6,70,164.0,1.469,0.73,us,10.08,1.949,0.055,101
36.6819,70.6415,270.252,4.2,40,91.0,2.191,0.73,us,8.87,8.001,0.132,16
-4.7589,129.2347,205.022,4.1,25,55.0,3.519,0.68,us,8.38,10.151,0.185,8
52.406,161.0786,18.497,4.2,14,172.0,1.602,0.41,us,15.24,7.619,0.2,7
-22.0927,-68.5618,118.442,4.4,50,106.0,0.697,0.75,us,5.58,5.709,0.081,44
7.7691,122.019,10.0,4.6,47,73.0,3.598,0.57,us,7.34,1.362,0.092,35
23.2217,143.6223,42.436,4.8,59,84.0,4.071,0.7,us,10.11,7.112,0.06,87
50.4151,157.2643,53.85,4.2,32,165.0,2.711,0.69,us,8.43,9.5,0.115,21
-57.6772,157.9203,16.773,4.9,28,109.0,3.238,0.52,us,7.18,5.232,0.114,24
51.291,158.7914,35.987,5.3,109,73.0,1.737,0.76,us,7.23,5.474,0.022,659
49.7442,159.4915,10.0,4.4,24,136.0,3.326,0.36,us,5.26,1.914,0.138,17
52.4811,160.8098,10.0,4.3,27,206.0,1.421,1.28,us,12.14,1.998,0.122,19
51.8394,159.4133,35.0,4.5,51,119.0,1.275,0.84,us,9.23,1.934,0.065,75
46.3138,152.7644,30.579,4.4,41,136.0,7.51,0.56,us,11.09,6.226,0.112,23
29.3171,129.4347,10.0,4.4,38,86.0,2.355,0.78,us,6.93,1.884,0.11,24
-28.4916,-177.4295,10.0,4.6,25,138.0,11.118,1.0,us,14.75,1.863,0.122,20
-5.2164,152.724,35.0,4.5,29,196.0,1.14,0.8,us,12.23,1.97,0.093,34
-38.4234,176.2689,128.473,4.4,14,72.0,0.59,0.31,us,3.98,5.74,0.24,5
52.9382,159.0322,83.464,4.4,50,160.0,0.246,0.58,us,8.17,4.542,0.087,38
10.6395,-86.5681,10.0,4.6,138,171.0,1.241,1.07,us,7.13,1.936,0.041,172
-23.1555,170.2002,10.0,4.8,24,162.0,2.596,0.51,us,11.26,1.945,0.128,19
-20.1311,168.4342,10.0,4.8,40,124.0,2.635,0.97,us,9.4,1.885,0.101,31
-15.9193,-70.5505,192.569,4.2,25,142.0,1.952,1.1,us,9.3,7.956,0.128,17
-15.2696,-173.2225,10.0,4.3,15,66.0,1.943,1.0,us,8.04,1.868,0.217,7
-14.4674,65.7235,10.0,4.4,29,46.0,5.72,1.05,us,10.79,1.881,0.112,23
-52.9299,22.0895,10.0,4.6,25,89.0,20.559,0.61,us,10.71,1.839,0.114,23
4.3802,-73.1981,10.0,4.7,65,63.0,1.211,1.15,us,8.19,0.579,0.072,59
18.427,145.8073,199.973,4.1,23,150.0,3.168,0.76,us,16.32,10.866,0.116,20
51.2297,159.7776,10.0,4.1,17,168.0,1.926,0.72,us,12.63,1.978,0.175,9
-47.851,116.3228,10.0,4.4,18,142.0,14.923,0.51,us,9.1,1.865,0.139,15
52.2469,160.4026,33.178,4.1,24,152.0,1.321,0.81,us,6.97,6.658,0.139,14
54.529,-159.884,35.0,3.6,39,196.0,0.348,0.66,us,4.88,1.976,0.223,5
51.403,160.751,10.0,4.4,49,154.0,2.075,0.59,us,10.52,1.923,0.079,46
44.3465,148.7041,61.848,4.4,82,110.0,4.398,0.59,us,10.55,2.995,0.061,77
17.4694,-100.2786,35.0,4.4,98,83.0,0.294,1.22,us,5.02,1.837,0.041,169
-0.1668,99.3304,65.856,5.2,167,87.0,4.917,0.8,us,8.28,6.671,0.037,240
58.6208,-30.981,10.0,4.6,22,179.0,7.663,0.68,us,11.65,1.965,0.147,14
51.502,159.6566,10.0,5.2,89,93.0,1.645,1.23,us,5.45,1.856,0.04,205
36.5348,70.9788,172.077,4.2,34,83.0,2.142,0.98,us,8.62,8.412,0.152,12
52.5607,158.8308,75.31,4.2,31,133.0,0.476,0.77,us,8.91,6.536,0.107,24
-58.0191,-25.0111,35.0,4.6,28,55.0,7.42,0.67,us,8.2,1.881,0.128,18
13.3398,-44.6913,10.0,5.0,117,75.0,11.331,0.45,us,8.23,1.897,0.037,233
43.7031,147.7791,35.0,4.4,40,137.0,3.77,0.69,us,11.02,1.947,0.088,37
51.453,159.6794,10.0,4.4,25,127.0,1.695,0.91,us,9.04,1.908,0.139,15
54.5063,-160.1562,36.195,3.6,71,164.0,0.463,0.97,us,5.41,10.56,0.188,7
28.0704,139.5489,486.588,4.1,105,55.0,2.533,0.74,us,7.76,7.754,0.058,80
51.6647,159.923,10.0,4.4,36,218.0,1.569,0.77,us,10.43,1.961,0.1,29
29.3161,129.4202,10.0,4.6,34,121.0,2.361,0.72,us,9.33,1.89,0.105,28
39.2223,28.048,10.0,4.2,28,57.0,0.95,0.84,us,4.9,1.872,0.215,6
-27.5123,-178.2613,10.0,4.3,14,260.0,1.751,0.71,us,13.59,2.009,0.148,14
21.6881,144.4612,83.446,4.4,36,124.0,5.769,0.62,us,11.67,6.155,0.111,23
13.183,-91.0471,10.0,4.3,31,218.0,1.425,0.92,us,7.96,1.991,0.051,109
-61.8937,-64.6163,10.0,5.2,87,68.0,2.903,0.71,us,11.23,1.75,0.063,83
41.1224,143.0732,33.402,4.2,31,154.0,0.894,0.95,us,6.75,7.086,0.128,17
40.6139,78.8172,10.0,4.9,92,50.0,1.351,0.79,us,6.5,1.128,0.051,122
52.2369,160.7992,10.0,4.3,34,122.0,1.529,0.98,us,9.82,1.907,0.081,48
52.5439,160.992,10.0,4.2,20,203.0,1.501,1.01,us,10.47,1.856,0.167,10
52.6898,160.7912,10.0,4.3,36,157.0,1.341,0.62,us,10.74,1.943,0.09,35
-3.3915,145.9476,10.0,4.6,22,71.0,1.95,0.58,us,8.09,1.775,0.141,15
52.8741,160.8404,29.932,4.0,19,119.0,1.334,0.85,us,7.93,6.486,0.134,15
12.7869,-89.8868,10.0,4.3,40,224.0,1.113,1.22,us,7.11,1.926,0.087,38
38.3902,119.3497,10.0,4.5,38,111.0,2.956,0.69,us,6.47,1.875,0.089,37
37.6711,144.2268,10.0,4.3,24,144.0,3.965,0.93,us,12.26,1.94,0.142,14
28.1878,51.7175,10.0,4.4,41,84.0,5.154,0.69,us,8.94,1.91,0.127,18
34.4855,139.4665,10.0,4.4,25,130.0,1.397,0.72,us,4.43,1.899,0.162,11
-22.8304,-177.7355,390.205,4.1,13,166.0,6.42,0.31,us,19.46,6.731,0.12,21
1.5466,99.3953,166.311,4.4,40,177.0,1.233,0.39,us,11.98,7.332,0.09,36
51.3367,160.2931,10.0,4.3,34,136.0,1.969,0.67,us,11.72,1.926,0.111,23
23.9664,94.4815,53.099,4.3,31,112.0,2.777,1.02,us,12.43,8.304,0.116,21
56.4972,121.0314,10.0,4.0,32,141.0,5.549,0.64,us,10.36,1.936,0.116,20
51.5022,-168.5208,10.0,3.4,41,219.0,1.484,0.61,us,6.6,1.987,0.148,11
-6.9147,125.7048,509.074,4.6,86,28.0,3.16,0.61,us,9.95,6.776,0.078,49
52.0569,-172.2968,56.272,3.5,30,191.0,1.18,1.32,us,10.36,11.635,0.097,26
53.5623,160.0211,70.255,4.1,56,163.0,0.984,0.64,us,10.02,7.189,0.072,53
52.9096,160.3364,35.0,4.4,50,165.0,1.026,0.97,us,9.74,1.956,0.086,39
84.7431,5.4117,10.0,4.1,18,103.0,4.063,1.31,us,8.21,1.955,0.151,12
22.7745,142.4843,128.123,4.1,40,153.0,4.311,0.72,us,5.69,8.302,0.109,23
-15.0016,-173.3144,10.0,4.6,22,139.0,1.839,0.22,us,9.93,1.485,0.141,15
51.4621,159.733,10.0,4.7,47,127.0,1.7,1.28,us,9.34,1.887,0.072,59
4.8731,96.6217,10.0,4.5,32,135.0,3.156,0.97,us,9.38,1.909,0.108,25
2.6371,128.554,223.32,4.2,24,91.0,2.2,0.62,us,10.05,9.452,0.121,19
-0.4941,67.5628,10.0,4.3,16,238.0,5.52,0.39,us,7.42,1.994,0.178,9
-14.6963,167.3546,120.692,4.5,33,142.0,6.515,0.74,us,13.74,8.701,0.118,26
16.4835,41.2462,10.0,4.4,33,165.0,3.58,0.62,us,6.77,1.919,0.109,24
52.9657,161.0597,10.0,5.9,108,107.0,1.458,0.71,us,8.89,1.857,0.059,105
52.9529,161.2282,9.54,4.5,68,114.0,1.56,0.83,us,8.46,1.948,0.07,59
53.1419,160.5207,32.874,4.0,14,176.0,1.135,0.84,us,13.9,9.221,0.149,12
51.5937,-175.1974,45.284,4.0,57,212.0,0.599,0.92,us,5.67,10.469,0.102,26
40.8201,143.3748,35.0,4.3,26,135.0,1.205,0.44,us,6.17,1.937,0.133,16
51.8876,161.0691,10.0,4.8,105,126.0,1.867,0.76,us,9.38,1.892,0.038,219
47.5684,154.3117,10.0,4.5,52,136.0,5.954,0.67,us,10.44,1.903,0.088,38
14.481,146.9836,10.0,4.6,44,132.0,1.374,0.95,us,9.52,1.909,0.085,41
17.8277,119.7271,10.0,4.6,56,128.0,5.124,0.67,us,10.65,1.918,0.085,41
52.2697,160.5661,10.0,4.6,71,131.0,1.39,0.93,us,10.78,1.908,0.072,58
53.652,160.237,39.607,4.4,25,113.0,1.141,1.13,us,8.63,4.714,0.13,17
-47.1298,97.264,10.0,4.4,10,157.0,36.385,0.74,us,10.51,1.947,0.203,7
-18.3753,-69.6443,119.906,4.2,18,85.0,0.662,0.75,us,5.95,4.717,0.136,15
41.3365,142.8344,52.931,4.6,98,134.0,0.72,0.68,us,8.1,5.06,0.054,101
-22.9061,-66.7678,213.249,4.2,20,113.0,1.302,1.06,us,10.3,8.258,0.159,11
51.8554,160.3445,10.0,5.2,92,88.0,1.563,0.77,us,8.42,1.876,0.035,265
48.6205,157.4589,10.0,4.5,47,194.0,4.473,0.92,us,13.3,1.952,0.093,34
73.5133,7.972,10.0,4.3,42,94.0,5.115,0.81,us,5.74,1.874,0.078,47
53.2307,160.8716,35.0,4.7,76,116.0,1.355,0.63,us,9.73,1.907,0.06,83
4.5116,-73.0916,10.0,4.8,53,106.0,1.269,0.86,us,4.54,1.846,0.044,158
52.7644,160.489,35.0,4.1,25,119.0,1.144,0.34,us,8.14,1.862,0.114,21
37.7225,144.546,10.0,4.0,18,156.0,4.084,0.77,us,11.96,1.95,0.144,13
-7.6794,128.3229,163.55,4.2,20,96.0,4.509,1.22,us,8.28,2.697,0.199,7
13.0065,123.8456,123.213,4.4,22,128.0,24.561,0.61,us,13.77,7.042,0.13,17
9.7939,-70.7598,10.0,4.4,39,92.0,0.913,0.68,us,7.53,1.91,0.117,21
47.9545,22.9676,10.0,4.3,19,121.0,1.537,1.18,us,4.89,1.975,0.217,6
29.9855,131.0793,34.786,4.5,39,135.0,1.612,0.45,us,8.07,6.279,0.121,20
36.0682,76.9003,10.0,4.3,27,117.0,4.177,1.15,us,7.98,1.967,0.202,8
-29.9733,-179.395,298.88,4.7,95,100.0,1.466,0.52,us,12.27,7.116,0.058,90
52.688,160.8695,24.19,5.2,24,136.0,1.387,0.92,us,12.3,4.919,0.139,17
38.8638,142.1082,59.11,4.3,27,139.0,2.084,0.73,us,8.38,8.358,0.161,12
51.4402,159.5518,21.448,4.9,66,126.0,1.68,0.57,us,9.03,5.759,0.076,55
-32.1642,-70.1888,102.522,4.2,24,93.0,0.671,0.49,us,6.2,2.011,0.186,8
51.8774,160.1431,43.871,4.8,46,135.0,1.467,1.12,us,9.13,6.752,0.067,69
61.0366,-60.3505,10.0,4.2,25,115.0,4.682,1.32,us,8.43,1.949,0.124,18
51.7635,158.88,35.0,4.2,29,179.0,1.27,1.03,us,10.02,1.966,0.115,21
1.7217,127.2828,113.135,4.4,54,67.0,2.457,0.65,us,7.93,7.477,0.088,44
-19.3442,169.6929,35.0,4.5,21,100.0,3.871,0.77,us,8.41,1.943,0.163,13
52.8952,160.5992,28.802,4.0,26,118.0,1.186,0.77,us,7.82,4.227,0.111,22
-17.4158,-178.7573,552.972,4.5,31,163.0,2.02,1.05,us,13.92,9.532,0.104,27
53.0606,161.3161,10.0,4.3,38,165.0,1.61,0.87,us,11.1,1.959,0.102,29
52.745,160.9204,10.0,4.9,71,115.0,1.404,0.72,us,8.03,1.864,0.044,160
0.2401,98.4269,35.0,4.2,19,172.0,1.357,1.36,us,7.68,1.957,0.2,7
36.5122,70.5863,205.298,4.3,35,89.0,2.318,1.04,us,7.27,8.085,0.108,24
-8.113,115.3605,203.42,4.0,17,77.0,1.248,0.69,us,8.14,8.529,0.156,12
14.0398,39.9114,10.0,4.4,22,159.0,3.797,0.49,us,12.25,1.94,0.162,11
10.7865,-86.5548,10.0,4.3,23,169.0,1.21,0.69,us,6.26,1.961,0.111,23
-55.1928,-129.4491,10.0,4.6,16,67.0,30.758,0.75,us,17.7,1.877,0.165,11
-13.3905,167.1888,186.092,4.7,50,68.0,2.044,1.1,us,6.95,5.876,0.053,110
2.7733,128.3501,237.054,4.0,22,128.0,2.218,0.54,us,11.61,8.951,0.133,18
29.2265,129.1585,10.0,4.7,51,86.0,2.507,1.19,us,5.33,1.745,0.118,31
38.5812,24.1399,10.0,3.7,16,106.0,1.476,0.96,us,6.06,1.969,0.357,2
37.3133,69.7399,17.654,4.5,42,75.0,1.418,0.66,us,5.15,3.526,0.113,23
54.4647,-160.0576,23.852,4.3,83,161.0,0.457,0.87,us,4.85,5.897,0.142,14
-2.2387,139.5946,35.0,4.4,25,118.0,1.141,0.75,us,5.32,1.912,0.115,22
52.2457,160.8341,10.0,4.3,22,135.0,1.542,1.23,us,12.01,1.928,0.169,11
36.8634,70.9321,163.091,4.2,26,253.0,1.901,0.92,us,4.82,8.698,0.166,10
50.3809,158.3908,10.0,4.4,34,132.0,2.651,0.69,us,10.81,1.919,0.108,25
50.2957,157.5735,30.211,4.5,59,187.0,2.813,0.67,us,12.22,7.226,0.07,59
-21.1656,-70.7395,20.585,4.2,23,198.0,0.647,1.09,us,5.19,7.269,0.187,8
-19.4046,169.6941,35.0,4.5,17,170.0,3.821,1.18,us,4.81,1.981,0.163,11
-4.6963,153.0005,64.407,4.5,66,117.0,1.046,0.73,us,8.89,6.529,0.073,59
-25.4251,179.6797,504.783,4.6,64,93.0,4.359,0.77,us,13.46,8.277,0.037,219
-63.6798,173.3616,10.0,4.6,23,117.0,11.786,0.41,us,13.07,1.91,0.129,18
49.8758,155.9782,68.967,4.3,51,135.0,3.411,0.85,us,9.59,4.82,0.063,72
51.906,160.1529,32.298,4.6,64,135.0,1.448,0.84,us,11.82,5.984,0.07,61
-31.3288,-70.8823,96.919,4.3,26,114.0,0.161,0.65,us,3.95,5.496,0.307,3
49.5992,155.2978,86.286,4.1,15,170.0,3.822,0.48,us,14.54,8.892,0.197,7
-51.012,162.1062,10.0,4.7,38,93.0,3.986,0.67,us,9.22,1.892,0.123,22
35.055,68.6825,10.0,4.1,16,206.0,0.655,0.75,us,6.78,2.011,0.198,7
53.4919,-165.3258,23.065,4.2,49,158.0,0.658,0.81,us,3.8,6.971,0.077,47
-6.5132,132.4127,10.0,4.5,28,71.0,3.185,0.83,us,5.95,1.642,0.128,18
-41.1978,172.5809,6.692,4.3,38,62.0,0.374,0.59,us,4.98,5.568,0.217,6
1.6654,127.3281,139.451,4.6,67,79.0,0.888,0.64,us,7.19,6.272,0.065,71
52.182,160.3766,10.0,4.2,43,146.0,1.349,0.83,us,9.51,1.914,0.093,32
24.7784,127.8354,10.0,4.2,17,100.0,2.087,1.12,us,5.44,1.931,0.199,7
52.648,160.4299,35.0,4.3,26,205.0,1.143,0.64,us,11.12,1.984,0.129,17
29.2619,129.3421,10.0,4.6,62,55.0,2.437,0.81,us,6.59,1.89,0.074,55
50.0861,158.3665,18.535,4.9,50,134.0,2.947,0.87,us,9.77,4.526,0.089,40
52.8756,160.8815,24.949,5.5,61,107.0,8.015,0.79,us,10.25,5.103,0.066,80
51.5214,160.248,10.0,4.4,18,220.0,1.796,0.53,us,10.07,1.966,0.169,10
-7.1861,128.9031,152.02,4.3,14,77.0,5.248,1.0,us,8.27,9.954,0.153,12
23.8578,121.8828,15.621,4.5,40,72.0,0.41,1.16,us,2.71,3.859,0.1,29
40.5065,144.9975,10.0,4.5,55,136.0,2.048,0.44,us,7.17,1.893,0.095,34
3.0511,-31.3163,10.0,4.9,36,83.0,9.937,0.69,us,11.48,1.891,0.096,34
36.9322,136.4174,10.0,4.5,48,57.0,1.486,1.06,us,5.84,1.853,0.083,44
52.9716,161.1278,10.0,4.3,19,187.0,1.498,1.32,us,7.9,1.988,0.154,12
-6.569,129.0086,263.635,4.1,15,98.0,4.855,0.55,us,10.05,13.088,0.214,6
51.4803,161.0963,10.0,4.4,36,129.0,2.156,0.84,us,9.62,1.903,0.071,57
14.1216,147.171,10.0,4.4,30,96.0,1.733,1.08,us,7.86,1.921,0.126,21
21.5934,143.1209,304.108,4.5,171,124.0,5.544,0.58,us,11.4,7.826,0.043,158
-56.0757,-143.8795,10.0,5.0,36,88.0,24.175,0.71,us,15.15,1.876,0.095,35
-6.546,130.1043,157.368,4.2,20,82.0,4.189,0.74,us,10.44,4.778,0.136,15
13.0031,-89.7542,39.363,4.3,107,174.0,0.894,1.31,us,5.21,9.338,0.054,95
-56.7605,-25.6669,35.0,5.2,117,27.0,17.748,0.76,us,11.99,1.787,0.054,115
-20.1512,-174.1952,17.325,4.9,54,123.0,6.623,0.82,us,13.54,5.043,0.049,132
-11.0904,165.9177,35.0,4.5,23,152.0,4.508,0.7,us,15.11,1.984,0.131,17
14.0159,145.3686,109.345,4.3,13,110.0,0.645,0.31,us,9.65,9.276,0.188,8
-0.677,123.2858,10.0,4.3,33,66.0,2.618,0.84,us,6.6,1.926,0.109,24
38.9256,142.0099,65.723,4.2,29,136.0,1.999,0.59,us,9.46,7.89,0.136,15
-54.9048,-129.2594,10.0,5.1,31,111.0,32.639,0.88,us,13.79,1.88,0.106,29
20.2107,104.4204,10.0,4.4,40,72.0,3.8,0.83,us,9.26,1.889,0.094,33
49.449,160.1193,10.0,4.4,39,139.0,3.696,0.93,us,11.86,1.908,0.101,28
39.2627,143.8722,35.0,4.9,26,185.0,2.64,1.08,us,5.85,1.958,0.112,25
41.4194,19.5601,10.0,4.2,51,56.0,0.239,0.9,us,2.47,1.888,0.094,32
51.8867,160.0027,35.0,4.2,24,175.0,1.408,1.29,us,10.41,1.972,0.177,12
25.5525,126.5824,25.156,4.4,26,106.0,1.985,0.86,us,8.84,6.742,0.138,15
34.5525,70.6837,10.0,5.2,165,20.0,1.279,0.97,us,3.97,2.766,0.035,264
48.3865,153.5989,98.514,4.0,20,139.0,5.395,0.98,us,13.08,9.065,0.126,17
-7.3365,128.9356,151.05,4.5,39,70.0,5.205,0.9,us,9.07,5.271,0.104,27
9.452,-40.4419,10.0,4.3,19,77.0,12.847,1.1,us,11.42,1.876,0.148,13
52.3443,160.6409,35.0,4.3,26,134.0,1.39,0.51,us,12.33,1.945,0.147,15
52.1658,160.4818,10.0,5.0,62,118.0,1.409,1.38,us,9.05,1.88,0.052,119
-21.1459,168.6612,10.0,4.3,14,164.0,1.845,0.92,us,7.75,1.738,0.168,10
1.5747,126.5589,35.0,4.1,14,142.0,1.135,1.02,us,4.22,1.958,0.175,9
43.754,147.8069,10.0,4.2,47,135.0,3.783,0.81,us,9.71,1.91,0.102,30
51.8472,160.1105,30.704,4.5,26,167.0,1.479,1.28,us,13.06,7.869,0.124,20
12.3665,145.3511,10.0,4.4,31,97.0,1.303,0.53,us,9.3,1.918,0.115,22
-6.3252,130.4119,112.551,4.4,21,83.0,3.847,0.39,us,13.33,10.442,0.139,15
10.8677,-62.8177,164.958,4.1,37,164.0,4.17,0.89,us,6.8,10.796,0.095,30
9.0575,93.7358,10.0,4.3,23,179.0,5.815,1.09,us,9.03,1.868,0.154,13
49.4262,157.9132,10.0,4.6,73,136.0,3.632,0.72,us,9.8,1.897,0.048,131
29.1121,129.2889,10.0,4.5,16,129.0,2.439,0.74,us,7.85,1.919,0.205,7
39.8128,143.098,41.582,4.6,80,122.0,1.836,0.55,us,8.64,7.118,0.067,66
51.1858,159.1465,35.761,4.3,16,128.0,1.866,0.51,us,9.74,7.618,0.202,7
51.121,158.7069,35.0,4.7,81,104.0,1.906,0.65,us,8.89,1.91,0.049,125
-23.8735,-179.9338,530.336,4.2,30,69.0,6.382,1.04,us,9.73,10.37,0.115,21
-22.5647,170.5517,10.0,4.9,45,108.0,2.87,0.56,us,9.99,1.9,0.092,37
51.4883,159.7399,25.11,4.9,79,120.0,2.05,1.15,us,8.66,5.216,0.061,115
49.902,156.1812,80.935,4.4,51,137.0,3.348,0.49,us,12.88,8.622,0.081,44
52.9122,161.0131,10.0,4.8,43,119.0,1.434,0.95,us,9.85,1.885,0.089,39
8.1119,126.2944,10.0,4.6,51,96.0,1.255,0.76,us,9.67,1.888,0.06,84
-6.7181,144.0785,10.0,4.7,39,103.0,4.053,0.68,us,4.05,1.878,0.099,32
-49.016,126.6246,10.0,4.2,15,132.0,17.541,0.93,us,13.07,1.918,0.146,14
-21.4938,168.8872,10.0,4.3,14,260.0,1.74,0.61,us,11.61,2.004,0.201,9
1.857,127.3892,127.143,4.6,41,95.0,2.581,1.12,us,7.66,7.434,0.093,34
51.6595,159.753,10.0,4.7,39,135.0,1.524,1.05,us,10.91,1.912,0.078,49
-10.3764,161.3898,65.873,4.2,24,113.0,1.699,0.61,us,5.49,7.916,0.118,21
52.6761,160.5156,10.0,4.3,35,174.0,1.184,1.07,us,11.01,1.959,0.104,26
51.3983,159.6883,10.0,5.3,116,98.0,1.748,0.68,us,7.27,1.817,0.035,283
52.48,160.2774,35.0,4.4,57,163.0,1.129,0.94,us,10.11,1.864,0.07,59
36.5032,70.7409,210.52,4.0,36,88.0,2.278,0.57,us,7.87,8.772,0.119,19
-2.1436,102.0337,182.45,4.2,26,154.0,2.343,0.74,us,8.7,9.291,0.14,14
-1.8981,-77.8274,156.913,4.2,62,114.0,0.448,0.53,us,10.37,7.417,0.073,52
-10.7671,164.4381,10.0,4.4,27,128.0,4.614,0.62,us,10.09,1.92,0.123,19
52.3278,161.2628,10.0,4.2,24,220.0,1.737,0.88,us,14.88,1.99,0.159,11
-8.3553,116.017,10.0,4.5,48,50.0,1.802,0.72,us,6.58,1.806,0.108,25
50.8059,158.8419,19.732,4.3,39,130.0,2.224,1.1,us,10.12,5.294,0.095,31
52.5692,160.3292,10.0,4.2,72,121.0,1.117,0.75,us,9.42,1.889,0.066,65
51.9383,159.4489,35.0,4.2,29,124.0,1.192,0.55,us,9.81,1.951,0.11,23
-7.8828,115.5396,215.017,4.4,28,88.0,1.492,0.99,us,9.69,8.164,0.118,21
7.0563,127.4777,10.0,4.2,30,58.0,1.884,0.46,us,5.66,1.882,0.108,24
-55.6902,-26.2571,10.0,4.5,22,116.0,6.056,0.62,us,11.21,1.815,0.14,17
-19.7558,-177.529,544.161,4.4,30,92.0,7.206,0.29,us,16.0,11.313,0.112,23
22.8936,143.7755,40.888,4.6,33,99.0,4.426,0.6,us,11.55,7.39,0.111,24
52.3426,160.747,10.0,4.1,27,137.0,1.447,0.74,us,12.12,1.932,0.131,16
36.4648,141.2847,35.0,4.5,24,138.0,2.479,0.97,us,4.79,1.939,0.156,12
17.4446,145.8761,219.036,4.2,13,151.0,2.193,0.9,us,15.4,10.801,0.186,8
48.1893,153.2737,140.047,4.5,155,117.0,5.671,0.63,us,10.71,7.202,0.043,157
-8.9449,127.1168,10.0,4.6,31,94.0,4.832,0.82,us,8.13,1.898,0.114,25
24.2501,125.2549,28.258,4.4,43,80.0,0.939,0.79,us,7.4,6.033,0.112,23
12.8093,125.0971,23.287,4.5,42,111.0,5.723,0.5,us,12.68,6.182,0.096,32
52.9538,160.7893,10.0,4.5,58,117.0,1.295,0.74,us,9.4,1.88,0.068,63
10.6259,-86.0467,10.0,4.3,34,203.0,1.127,0.93,us,8.6,1.982,0.113,22
5.936,125.905,120.417,4.6,81,51.0,1.172,0.99,us,6.01,6.229,0.076,52
-9.5616,158.4298,10.0,4.7,34,75.0,1.502,0.62,us,9.31,1.875,0.097,32
-24.7514,-176.3688,35.0,4.7,22,131.0,4.687,0.7,us,8.01,1.931,0.108,26
37.6266,144.1385,10.0,4.4,26,135.0,3.959,0.67,us,6.66,1.856,0.134,16
13.5684,144.8388,111.825,4.8,49,94.0,0.035,0.64,us,6.03,4.25,0.084,44
49.9094,157.3663,26.722,4.6,110,91.0,3.21,0.74,us,8.89,5.33,0.052,110
38.6269,141.9194,68.104,4.2,30,160.0,2.258,0.66,us,6.8,8.814,0.153,12
-59.9209,-151.1211,10.0,4.8,22,82.0,22.569,0.73,us,15.11,1.905,0.121,21
50.9407,158.5441,35.0,4.2,15,137.0,2.087,1.15,us,10.3,1.93,0.175,10
51.404,159.1931,10.0,4.3,37,132.0,1.656,0.36,us,9.33,1.888,0.105,26
-21.0565,-68.7168,128.037,4.3,40,58.0,0.72,0.97,us,6.03,6.222,0.103,27
7.7349,136.7563,10.0,4.6,51,61.0,2.199,0.8,us,9.13,1.887,0.083,44
-23.6315,-179.0609,393.102,4.1,29,116.0,6.45,0.81,us,9.17,7.784,0.117,20
-27.6871,-176.4475,37.168,4.5,13,125.0,2.027,0.52,us,9.49,10.145,0.172,10
-43.0243,-76.2962,10.0,4.4,16,240.0,2.923,0.95,us,9.31,2.004,0.179,9
51.572,157.9773,79.269,4.5,52,158.0,1.511,0.46,us,7.72,7.032,0.081,46
-7.6609,129.0993,87.297,4.4,25,100.0,5.21,1.05,us,9.67,8.523,0.12,20
52.3165,161.5162,10.0,4.2,43,164.0,1.883,0.55,us,12.88,1.955,0.092,33
-21.5471,-69.1139,95.992,4.3,28,58.0,0.275,1.24,us,4.46,3.805,0.16,11
-30.0468,-71.6739,33.23,4.2,31,192.0,0.399,1.3,us,6.65,6.465,0.263,4
50.1038,155.7078,100.521,4.7,57,135.0,3.255,0.5,us,8.38,7.224,0.047,136
-52.7853,19.7054,10.0,4.6,14,118.0,20.409,0.61,us,9.98,1.902,0.164,11
-23.9748,179.9515,514.354,4.4,45,112.0,5.581,0.62,us,13.29,8.284,0.092,34
-9.6707,152.7941,10.0,4.7,37,159.0,5.564,0.59,us,9.54,1.867,0.105,28
36.5488,76.8831,10.0,4.3,27,157.0,3.918,1.21,us,10.0,1.976,0.16,11
50.4963,159.5782,10.0,4.2,30,136.0,2.596,0.6,us,11.61,1.93,0.118,20
52.7818,160.9545,10.0,4.6,39,119.0,1.417,0.62,us,10.4,1.902,0.048,131
29.5759,51.466,10.0,4.6,49,69.0,6.248,0.89,us,8.99,1.871,0.061,81
42.2593,144.5193,37.375,4.1,36,86.0,1.042,0.63,us,8.23,8.142,0.114,21
12.8559,145.4504,10.0,4.6,50,102.0,0.923,0.53,us,8.61,1.896,0.082,44
-3.2815,140.9983,10.0,4.1,14,200.0,0.817,0.71,us,6.32,1.859,0.151,12
51.5999,158.1903,38.568,4.9,65,120.0,1.453,0.59,us,9.27,6.03,0.031,325
30.2167,51.95,10.0,4.5,55,62.0,6.466,0.68,us,9.66,1.881,0.089,37
1.2814,126.4633,49.04,4.7,33,90.0,1.035,0.7,us,5.37,7.636,0.117,22
55.2446,162.0878,43.148,4.4,60,101.0,3.007,0.69,us,7.86,7.412,0.064,71
49.9822,155.9471,76.485,4.4,58,137.0,3.316,0.5,us,10.94,7.851,0.071,59
37.665,19.9335,25.569,4.1,22,142.0,1.658,0.93,us,6.89,5.208,0.158,11
14.6744,-93.3167,35.0,4.7,77,140.0,1.962,0.74,us,7.22,1.941,0.051,118
52.4339,160.2523,37.376,4.9,98,133.0,1.139,0.94,us,9.99,6.857,0.04,194
53.582,161.5442,35.0,4.4,31,137.0,1.825,0.66,us,12.22,1.945,0.123,21
-3.4075,143.5057,10.0,4.2,18,78.0,2.936,0.94,us,6.44,1.783,0.175,12
51.9131,159.255,35.0,5.7,68,92.0,1.172,0.68,us,7.25,1.843,0.045,177
51.2504,161.0323,10.0,4.1,31,130.0,2.304,0.73,us,4.4,1.91,0.12,19
42.5413,142.8743,90.819,4.1,37,109.0,0.566,0.46,us,8.78,8.681,0.106,24
-24.2743,-67.2303,168.914,4.2,23,65.0,1.578,0.99,us,11.71,10.609,0.167,10
12.9136,121.1533,122.525,4.4,55,108.0,7.26,0.69,us,9.23,7.42,0.084,40
52.031,160.4215,10.0,4.3,20,125.0,1.469,1.25,us,9.24,1.923,0.133,16
53.0089,159.5631,65.965,4.2,50,117.0,0.552,1.09,us,10.52,7.756,0.068,60
50.9661,158.7269,38.109,4.5,51,129.0,2.061,0.94,us,9.45,7.362,0.054,101
48.8521,-129.174,10.0,4.1,15,161.0,0.93,0.75,us,8.24,1.965,0.099,28
52.2962,160.7368,10.0,5.1,70,117.0,1.465,1.05,us,5.75,1.743,0.046,150
1.453,126.4287,52.071,4.3,27,98.0,3.393,0.74,us,9.35,8.298,0.138,17
-23.8589,-67.7832,152.805,4.5,24,73.0,0.973,1.07,us,7.71,7.8,0.135,16
-11.1395,165.0828,10.0,4.4,15,254.0,4.753,0.58,us,12.82,1.941,0.19,11
51.4771,159.7448,26.02,4.5,40,128.0,1.689,1.11,us,9.39,5.782,0.093,34
50.5109,157.7844,35.0,4.7,60,131.0,2.573,0.68,us,9.27,1.924,0.038,209
-4.3385,102.3186,58.597,4.9,47,142.0,0.636,0.75,us,8.05,6.481,0.077,56
-23.3228,-67.9044,156.468,4.3,40,88.0,0.447,0.67,us,5.82,4.997,0.097,30
52.4048,160.6361,11.326,4.5,44,117.0,1.358,0.86,us,9.76,5.048,0.053,103
-20.9301,-67.4047,187.696,4.6,45,51.0,1.817,1.13,us,7.1,7.433,0.093,35
26.1958,125.128,185.198,4.6,58,53.0,1.981,0.83,us,7.94,7.904,0.069,71
45.9826,150.8201,129.505,4.3,45,125.0,5.653,0.95,us,10.47,8.194,0.087,37
-33.8851,-179.2063,41.327,4.2,14,263.0,4.19,0.33,us,17.27,12.589,0.186,8
1.1183,97.0085,10.0,4.2,23,182.0,2.472,0.85,us,11.99,1.946,0.152,13
49.6322,155.4731,10.0,4.2,29,186.0,3.75,0.59,us,13.42,1.975,0.118,20
51.3387,159.8203,10.0,4.4,23,129.0,1.835,1.01,us,10.04,1.9,0.156,12
52.1837,160.4573,25.466,4.9,166,96.0,1.386,0.52,us,9.1,5.656,0.04,191
52.7014,158.8451,10.0,4.5,50,167.0,13.767,0.75,us,13.68,1.961,0.081,45
52.4388,160.9549,10.0,4.5,45,120.0,2.088,0.57,us,9.15,1.893,0.091,35
39.4367,143.4847,10.0,4.3,15,135.0,2.295,0.78,us,9.77,1.937,0.239,5
-37.6588,51.7353,10.0,4.4,21,91.0,8.765,0.83,us,10.27,1.65,0.139,15
5.74,126.9419,103.651,4.7,60,63.0,1.767,0.55,us,6.05,5.935,0.071,61
49.9265,156.5318,69.127,4.9,144,96.0,3.269,0.79,us,10.1,6.215,0.044,165
51.5754,157.8617,87.774,4.5,32,125.0,1.529,0.97,us,11.3,7.793,0.1,29
-16.6205,-179.595,544.439,4.1,31,132.0,1.002,1.18,us,15.64,9.774,0.081,41
-57.6622,157.525,10.0,4.6,52,50.0,3.269,0.72,us,10.88,1.748,0.114,23
43.3963,148.0922,10.0,4.6,46,135.0,3.89,0.87,us,11.29,1.831,0.096,32
49.5133,155.5075,83.016,4.3,88,135.0,3.853,0.59,us,10.9,7.35,0.058,83
49.9466,157.0641,10.0,4.2,61,134.0,3.191,0.68,us,11.65,1.906,0.078,46
16.4815,-59.454,10.0,4.6,31,188.0,1.547,0.77,us,8.01,1.949,0.146,14
49.0112,156.1091,25.765,4.9,108,135.0,4.223,0.68,us,11.17,5.665,0.059,89
2.6829,96.0411,35.0,4.4,13,209.0,2.879,0.52,us,15.94,1.989,0.19,8
-3.2157,150.7963,10.0,4.9,87,71.0,1.637,0.83,us,7.6,1.862,0.064,76
1.354,126.2001,59.119,4.9,106,79.0,1.302,0.53,us,5.43,6.773,0.049,135
-4.979,153.1751,59.418,4.4,19,152.0,1.276,0.5,us,10.36,8.067,0.149,13
9.6069,93.9175,10.0,4.4,21,166.0,5.703,1.1,us,12.67,1.923,0.138,15
13.7827,144.7929,159.547,4.3,21,97.0,0.206,0.7,us,7.89,2.767,0.142,14
29.1796,87.0157,10.0,5.0,73,73.0,3.624,0.75,us,7.3,1.476,0.044,165
49.6853,158.6128,10.0,4.2,14,232.0,3.343,0.28,us,8.23,1.974,0.2,7
41.8774,87.9952,10.0,4.5,50,112.0,6.012,1.01,us,11.25,1.909,0.095,32
49.1712,157.6072,10.0,4.4,42,90.0,3.913,0.69,us,11.46,1.905,0.089,36
51.6208,160.7572,10.0,4.2,23,138.0,1.909,1.01,us,9.42,1.93,0.128,17
-24.32,-67.1008,167.076,4.5,34,62.0,1.683,0.62,us,9.02,8.977,0.135,16
52.7834,160.6207,21.723,4.1,34,119.0,1.218,1.1,us,9.77,6.502,0.111,23
51.2292,158.1545,69.552,4.5,86,111.0,1.823,0.74,us,9.43,6.659,0.066,68
53.3934,160.7094,35.0,4.9,74,154.0,1.293,0.8,us,9.71,1.862,0.051,121
52.0507,160.4649,35.0,4.7,96,85.0,1.476,0.66,us,9.18,1.863,0.042,175
-57.3621,148.6989,10.0,4.7,21,113.0,19.915,0.61,us,16.26,1.925,0.133,17
13.21,50.9393,10.0,4.1,18,144.0,8.081,0.35,us,15.88,1.942,0.165,10
-9.042,124.0259,100.185,4.4,24,97.0,0.748,0.87,us,6.68,2.754,0.126,18
18.3696,145.55,196.182,4.0,29,123.0,3.12,0.82,us,12.32,7.853,0.113,21
51.2716,159.3835,10.0,4.4,25,221.0,1.812,0.94,us,9.59,1.963,0.144,14
42.9679,145.383,46.696,4.2,59,166.0,1.902,0.68,us,8.57,8.21,0.086,38
-31.415,-67.7291,10.0,4.5,35,41.0,0.815,1.1,us,5.35,1.9,0.121,21
51.0992,158.5497,35.0,4.2,24,128.0,1.928,1.16,us,9.53,1.95,0.146,14
-24.044,178.7717,544.318,4.1,18,175.0,6.303,1.01,us,21.09,13.903,0.14,17
51.7915,159.8475,22.905,5.1,69,125.0,1.435,0.97,us,9.48,5.594,0.059,92
-65.6088,-176.4487,10.0,4.6,17,158.0,13.276,0.84,us,14.87,1.963,0.146,14
51.3603,179.6205,72.561,3.8,81,197.0,0.201,0.46,us,6.79,9.742,0.074,47
51.1557,159.7211,10.0,4.4,10,246.0,1.984,0.36,us,14.42,1.995,0.24,5
-3.9323,-80.808,35.0,4.7,64,108.0,2.126,1.03,us,6.85,1.902,0.04,184
-57.3559,-67.9582,10.0,4.4,23,167.0,3.415,1.37,us,8.25,1.912,0.134,16
79.6091,4.0277,10.0,4.7,98,60.0,1.638,0.49,us,8.38,1.26,0.059,89
-13.661,122.3247,10.0,4.3,10,118.0,4.323,0.67,us,9.03,1.993,0.237,6
-7.0257,147.3571,49.747,4.2,17,120.0,2.372,1.14,us,11.33,8.872,0.124,18
29.2716,129.1199,10.0,4.9,44,127.0,2.51,1.08,us,9.35,1.85,0.041,187
18.8533,120.5426,10.0,4.7,108,73.0,3.976,0.48,us,10.1,1.882,0.058,90
52.8627,159.4762,58.953,4.0,24,119.0,0.525,0.63,us,11.04,7.12,0.129,16
25.0088,95.3102,117.957,4.6,94,52.0,3.803,0.52,us,8.09,7.087,0.065,70
-3.2534,142.6252,45.461,4.2,20,67.0,2.055,0.61,us,8.3,7.937,0.141,14
51.4756,158.0179,42.348,4.6,37,109.0,1.598,0.66,us,9.55,7.387,0.111,24
1.7437,126.5864,49.919,4.1,21,118.0,1.241,0.44,us,5.87,5.126,0.144,13
52.5224,-32.3083,10.0,4.2,40,97.0,11.223,0.69,us,11.01,1.924,0.099,28
54.3524,58.9495,10.0,3.7,15,89.0,2.066,0.93,us,6.45,1.692,0.251,4
51.4043,-174.1167,35.0,3.7,39,204.0,0.8,1.04,us,4.91,1.975,0.13,17
51.9732,161.5776,10.0,4.3,21,126.0,2.076,0.42,us,10.18,1.917,0.168,10
-23.5749,178.8762,558.428,4.4,25,100.0,5.851,1.2,us,13.65,6.32,0.117,21
