latitude,longitude,depth,mag,nst,gap,dmin,rms,net,horizontalError,depthError,magError,magNst
5.8287,61.4716,10.0,5.0,142,44.0,12.664,0.55,us,9.57,1.825,0.049,132
27.4383,126.6717,171.94,4.6,52,64.0,1.548,0.94,us,8.26,7.572,0.056,97
51.1136,159.1374,10.0,4.2,22,129.0,1.936,0.81,us,10.39,1.925,0.125,18
50.1144,155.7598,98.906,4.4,41,135.0,3.232,0.59,us,10.81,7.747,0.097,31
15.6519,-97.5171,10.0,4.3,52,222.0,0.495,0.95,us,5.38,1.941,0.078,47
2.6308,127.2557,84.922,4.3,40,97.0,1.85,0.74,us,9.96,8.768,0.094,32
51.3069,157.63,64.123,4.7,129,114.0,1.805,0.76,us,8.97,6.859,0.027,417
-7.619,128.3248,112.911,4.2,13,104.0,4.538,0.91,us,8.7,11.228,0.235,5
9.7081,126.6996,15.868,4.3,37,130.0,2.846,0.8,us,13.54,4.67,0.095,31
53.4061,6.6807,5.0,3.8,25,83.0,2.979,1.11,us,6.8,1.985,0.295,3
-36.3787,-110.3703,10.0,4.5,39,131.0,32.825,0.77,us,15.57,1.908,0.089,37
-7.2119,129.152,120.049,4.1,14,107.0,5.263,0.73,us,11.18,8.549,0.233,5
-15.5806,-69.1962,260.68,4.5,161,127.0,1.243,0.77,us,9.91,6.451,0.029,351
43.1088,146.4001,95.025,4.1,18,192.0,2.633,1.01,us,12.8,11.275,0.185,8
-19.0339,-177.5908,568.839,4.0,17,131.0,3.854,0.59,us,18.35,14.214,0.15,13
-14.7934,167.8871,10.0,4.8,85,130.0,0.927,0.99,us,7.16,1.835,0.065,74
50.3256,159.0676,10.0,4.4,32,134.0,2.714,0.74,us,8.03,1.566,0.117,21
51.2039,-173.9997,10.0,3.7,53,190.0,1.007,1.02,us,5.09,1.91,0.091,31
51.9896,-178.5877,168.359,3.8,63,103.0,0.209,0.59,us,6.41,4.634,0.074,48
-60.9682,-38.5297,10.0,5.1,57,56.0,6.792,0.6,us,7.13,1.831,0.082,48
51.9702,160.5809,10.0,4.0,26,137.0,1.583,0.52,us,11.81,1.891,0.13,16
54.539,-160.0858,35.0,3.7,66,158.0,0.411,0.82,us,4.92,1.918,0.159,10
-34.803,-109.2545,10.0,4.7,42,113.0,7.62,0.68,us,12.33,1.886,0.086,41
-21.0423,-69.6073,62.136,4.4,30,69.0,0.112,0.49,us,3.82,4.109,0.112,23
-22.4091,-69.6874,70.56,4.0,19,161.0,0.364,0.49,us,7.13,4.491,0.231,5
34.7431,32.4664,10.0,4.2,32,147.0,0.744,0.75,us,4.65,1.941,0.136,15
-23.3053,179.9,595.443,4.5,18,184.0,5.796,0.53,us,26.16,14.176,0.124,19
12.4605,125.7302,10.0,4.6,59,88.0,10.001,0.64,us,10.96,1.878,0.084,48
51.4159,159.8462,10.0,4.3,27,124.0,1.77,0.98,us,8.91,1.896,0.122,19
7.6113,-73.956,102.374,4.3,37,88.0,2.772,0.64,us,8.13,10.137,0.104,26
-22.5647,170.5517,10.0,4.9,45,108.0,2.87,0.56,us,9.99,1.9,0.092,37
-24.4969,-67.9147,130.0,4.2,27,85.0,1.557,0.64,us,2.8,2.0,0.199,7
52.6491,161.1977,20.044,4.1,37,151.0,1.59,1.05,us,7.9,6.653,0.114,24
-60.1804,-62.1222,10.0,4.4,18,138.0,4.697,0.71,us,10.73,1.942,0.139,15
-34.887,78.6878,10.0,4.9,65,59.0,33.29,0.45,us,12.84,1.825,0.079,51
-0.9676,-21.9632,10.0,4.3,13,116.0,10.26,0.96,us,13.35,1.858,0.169,11
39.6435,143.5176,10.0,4.6,63,127.0,2.2,0.62,us,7.91,1.893,0.089,37
-9.7217,152.6903,10.0,4.5,37,122.0,5.464,0.85,us,10.84,1.906,0.102,28
-24.1457,-67.0807,222.72,4.4,24,83.0,1.558,0.64,us,10.57,9.613,0.269,4
53.4664,-166.8016,74.179,4.3,125,149.0,0.331,0.92,us,4.32,5.426,0.047,126
52.0204,159.5786,71.934,4.4,25,138.0,1.154,0.88,us,10.1,7.042,0.12,20
52.3504,160.366,35.0,5.1,112,152.0,1.243,1.0,us,9.15,1.933,0.042,182
51.8344,-175.1966,60.492,3.6,36,189.0,0.594,0.59,us,9.65,9.117,0.092,30
-24.9219,179.7411,526.029,4.2,28,96.0,4.78,0.93,us,15.46,9.537,0.128,21
51.7765,160.3005,10.0,4.5,28,110.0,1.607,0.93,us,8.28,1.854,0.131,18
-22.8542,-112.5302,10.0,4.5,23,74.0,39.641,0.91,us,12.65,1.846,0.144,15
-15.0853,167.4736,144.812,4.6,39,126.0,6.225,0.7,us,12.32,7.431,0.081,46
-5.615,154.3311,181.195,4.0,23,92.0,2.581,0.57,us,14.43,9.25,0.122,18
-27.4168,-175.1232,10.0,5.0,41,121.0,3.071,0.82,us,10.76,1.863,0.059,94
-2.3276,134.1553,5.054,4.6,20,61.0,0.559,0.31,us,5.76,5.258,0.133,17
12.9374,122.8587,10.0,4.7,53,103.0,6.416,0.62,us,10.79,1.879,0.086,42
-60.9261,-62.1434,10.0,4.2,9,147.0,3.96,0.42,us,12.8,1.962,0.187,8
51.431,-178.7977,28.369,3.7,29,185.0,0.123,0.74,us,5.36,3.804,0.115,19
-6.3772,154.4982,60.089,4.8,46,63.0,3.181,0.54,us,4.48,7.592,0.082,46
39.578,143.3881,10.0,4.3,32,137.0,2.152,0.57,us,7.52,1.916,0.126,18
37.2288,71.7385,154.359,4.1,24,98.0,1.233,0.77,us,7.21,6.128,0.198,7
52.2021,160.6757,23.574,4.2,22,167.0,1.484,1.16,us,9.35,8.203,0.152,12
16.5002,-59.5129,10.0,4.6,35,83.0,1.502,0.64,us,6.87,1.766,0.125,19
51.4612,157.4403,90.499,4.2,74,171.0,1.657,0.48,us,11.53,7.854,0.066,64
50.9796,158.9758,26.593,4.2,47,129.0,2.057,0.48,us,10.81,6.21,0.079,44
52.0231,160.4865,10.0,4.4,21,179.0,1.504,1.02,us,11.51,1.957,0.162,11
-39.7842,-75.1812,10.0,4.2,16,191.0,1.355,0.56,us,5.54,1.949,0.304,3
-60.0526,-61.9887,10.0,5.0,44,125.0,4.835,0.71,us,6.45,1.727,0.091,38
34.3744,16.3847,10.0,4.5,39,113.0,3.5,0.8,us,8.7,1.909,0.11,24
13.6053,-89.9185,73.771,4.4,37,167.0,0.324,0.94,us,6.55,5.271,0.051,113
-38.8867,175.1505,234.813,4.6,47,49.0,0.387,0.95,us,6.5,2.608,0.097,32
36.9515,30.8279,105.95,4.1,34,112.0,0.765,0.74,us,5.92,5.32,0.135,16
-17.6692,-69.6126,165.68,4.3,20,117.0,0.149,0.85,us,9.5,8.202,0.153,12
51.0919,158.7089,35.0,4.3,21,185.0,1.935,0.8,us,12.92,2.002,0.143,14
-5.5097,147.1309,207.269,4.3,20,153.0,3.451,0.73,us,14.03,8.068,0.16,13
53.0125,160.7785,33.191,4.1,17,183.0,1.286,0.8,us,14.1,9.985,0.185,9
54.6146,-160.4023,35.0,3.8,64,192.0,0.519,1.13,us,6.44,1.977,0.179,8
-5.7849,154.2729,142.013,4.2,24,128.0,2.631,0.37,us,12.24,7.398,0.121,20
50.4259,159.1208,10.0,4.3,43,133.0,2.618,0.8,us,8.19,1.703,0.097,30
12.7375,-88.5933,53.012,4.1,18,190.0,0.773,1.06,us,8.33,10.46,0.214,6
-31.7194,-71.7969,32.539,4.4,39,146.0,0.77,0.64,us,5.31,5.877,0.154,12
27.6348,55.1537,10.0,4.1,20,144.0,2.84,0.81,us,12.44,1.914,0.158,11
51.8347,159.175,56.386,4.3,25,166.0,1.233,0.89,us,9.54,9.193,0.119,20
9.3119,93.8715,10.0,4.5,33,131.0,5.706,0.92,us,9.31,1.922,0.11,24
52.1117,160.3842,10.0,4.4,25,126.0,1.398,1.05,us,9.14,1.93,0.117,21
5.2363,125.3653,30.268,5.0,67,48.0,0.513,0.83,us,6.4,4.43,0.046,150
-18.3391,167.6771,10.0,4.9,41,129.0,2.911,0.69,us,8.98,1.894,0.102,30
52.3215,160.4911,10.0,4.7,40,153.0,1.323,0.75,us,9.17,1.9,0.067,68
-22.7464,-70.6559,52.352,4.1,13,193.0,1.086,0.68,us,5.67,10.63,0.26,4
29.2619,129.4963,10.0,5.0,91,65.0,2.387,0.85,us,5.53,1.821,0.031,329
-16.1686,178.2546,10.0,4.2,12,124.0,1.114,0.46,us,7.27,1.454,0.2,9
-19.47,-173.2372,10.0,4.8,38,145.0,5.703,0.96,us,13.37,1.89,0.093,36
51.4017,159.6648,19.591,5.0,67,121.0,1.74,0.83,us,9.66,5.108,0.076,56
25.5525,126.5824,25.156,4.4,26,106.0,1.985,0.86,us,8.84,6.742,0.138,15
48.5464,157.2603,10.0,4.8,93,122.0,4.568,0.71,us,11.67,1.864,0.046,144
53.7879,-165.5072,63.549,3.6,34,170.0,0.342,0.32,us,5.81,11.269,0.125,16
44.543,145.6776,189.34,4.1,19,142.0,2.254,0.35,us,10.26,4.316,0.165,10
-22.893,-66.3295,226.514,4.7,54,72.0,1.706,0.96,us,8.35,7.063,0.033,276
52.0733,-169.3973,10.0,4.4,62,141.0,0.742,0.84,us,3.99,1.863,0.08,45
47.4456,151.085,197.946,4.2,103,122.0,5.694,0.4,us,11.17,7.61,0.052,107
49.0746,156.2686,10.0,4.5,38,138.0,4.138,0.51,us,13.1,1.915,0.09,36
7.2233,127.4282,10.0,4.5,27,126.0,1.841,0.96,us,6.09,1.907,0.121,20
7.2744,126.6818,91.737,4.5,30,81.0,1.113,0.88,us,10.56,8.282,0.104,29
14.6053,145.7293,120.325,4.6,76,70.0,0.628,0.66,us,8.04,5.963,0.048,130
-9.4642,155.6151,10.0,4.3,14,127.0,6.259,0.59,us,12.27,1.761,0.168,10
29.7003,138.4539,486.873,4.2,47,139.0,3.597,0.59,us,11.83,7.141,0.095,31
51.2401,-178.0482,30.987,3.8,42,202.0,0.524,0.81,us,4.03,7.668,0.098,27
-56.2489,-24.5863,10.0,4.2,13,130.0,7.08,0.87,us,13.51,1.965,0.147,13
52.2152,161.0027,10.0,4.4,26,180.0,1.647,1.03,us,11.65,1.928,0.123,19
51.4068,160.6326,10.0,4.3,28,229.0,2.027,0.57,us,13.83,1.982,0.126,18
18.2509,146.4726,93.96,4.2,17,150.0,3.064,0.48,us,8.41,9.553,0.153,12
-2.6843,121.9242,10.0,4.4,23,92.0,0.876,0.58,us,4.65,1.91,0.169,11
-60.1622,-61.6308,10.0,4.5,22,124.0,4.763,0.94,us,8.12,1.902,0.145,14
-20.5563,-68.8995,94.341,4.4,29,58.0,0.477,0.88,us,5.4,5.379,0.123,19
4.7615,126.568,54.349,4.4,56,91.0,1.086,0.91,us,5.71,7.579,0.083,48
52.4865,160.998,25.289,5.1,162,128.0,1.525,0.77,us,10.64,5.532,0.045,165
34.7363,70.7649,10.0,5.2,93,46.0,1.362,0.57,us,8.52,1.772,0.036,260
37.0417,58.3061,10.0,4.5,52,106.0,0.899,0.95,us,5.87,1.896,0.082,44
-47.3288,97.6416,10.0,4.4,12,157.0,20.688,0.62,us,11.14,1.946,0.17,10
49.286,157.9737,10.0,4.3,31,164.0,3.767,0.85,us,10.63,1.938,0.119,20
51.9723,160.5938,10.0,4.5,14,148.0,1.588,0.71,us,13.18,1.958,0.156,12
-47.2853,97.2931,10.0,4.6,11,157.0,20.853,0.44,us,11.66,1.954,0.182,9
9.3263,93.9061,10.0,4.9,47,149.0,5.066,0.37,us,11.52,1.912,0.092,37
-19.9832,-177.9319,558.673,4.4,32,195.0,4.328,0.51,us,18.79,11.352,0.107,25
-2.1892,139.0948,10.0,4.4,28,75.0,1.063,1.18,us,5.82,1.873,0.11,24
49.8529,157.5905,32.543,4.2,29,134.0,3.243,0.71,us,8.98,5.823,0.108,24
51.8159,160.1211,29.241,4.9,48,119.0,1.508,1.11,us,10.31,6.107,0.051,123
-24.3512,179.9396,521.596,4.5,55,96.0,5.251,0.88,us,8.03,7.841,0.084,41
-55.935,-27.1803,35.0,4.3,10,198.0,5.593,0.75,us,12.22,1.997,0.177,9
-20.634,-176.4927,257.819,4.2,19,103.0,5.699,0.7,us,13.47,13.305,0.132,19
50.701,160.097,10.0,4.2,35,135.0,2.493,0.81,us,11.03,1.884,0.105,25
9.7939,-70.7598,10.0,4.4,39,92.0,0.913,0.68,us,7.53,1.91,0.117,21
-1.8981,-77.8274,156.913,4.2,62,114.0,0.448,0.53,us,10.37,7.417,0.073,52
39.2466,28.1006,10.0,4.3,42,39.0,0.946,0.84,us,3.04,1.919,0.111,23
-36.0772,-73.7967,23.172,4.3,40,140.0,1.956,0.65,us,7.6,7.065,0.161,11
-23.4484,-68.581,104.829,4.5,61,100.0,0.617,0.92,us,5.56,5.306,0.073,58
-14.9357,66.691,10.0,4.9,38,84.0,37.14,0.99,us,9.28,1.819,0.093,36
-56.3242,-25.8462,10.0,4.4,23,180.0,6.412,0.87,us,14.86,1.972,0.131,23
52.0519,160.2866,10.0,4.5,90,118.0,1.901,0.73,us,9.63,1.896,0.056,93
10.6259,-86.0467,10.0,4.3,34,203.0,1.127,0.93,us,8.6,1.982,0.113,22
8.3133,127.463,10.0,4.7,51,108.0,2.239,0.74,us,9.22,1.877,0.077,51
39.3435,73.5168,10.0,4.1,20,112.0,1.167,0.68,us,3.13,1.864,0.261,4
51.5481,161.2063,10.0,4.2,22,129.0,2.156,0.6,us,9.17,1.883,0.166,10
-58.0537,-25.9073,10.0,4.3,9,181.0,16.624,0.96,us,18.57,1.983,0.178,9
28.1665,50.0367,10.0,4.4,73,93.0,6.386,0.54,us,10.5,1.903,0.07,60
35.2159,46.7802,10.0,4.0,32,63.0,0.874,0.54,us,6.1,1.922,0.163,13
51.6683,-174.866,35.0,3.7,29,199.0,0.676,0.71,us,2.75,2.016,0.071,51
-20.5551,-178.0853,516.789,4.0,25,99.0,4.598,0.55,us,9.13,9.974,0.125,18
52.7006,159.9161,45.796,4.4,32,216.0,0.834,0.83,us,12.93,9.856,0.117,22
51.5314,159.6948,10.0,4.8,121,132.0,1.626,0.79,us,9.98,1.894,0.056,98
-47.873,116.225,10.0,4.1,14,145.0,14.948,0.68,us,17.37,1.961,0.145,13
-27.9657,-176.571,43.29,4.7,39,135.0,1.746,0.73,us,14.42,6.138,0.123,20
51.3867,159.5006,10.0,4.5,40,128.0,1.721,0.61,us,5.37,1.882,0.094,33
56.2164,164.7038,10.0,4.5,18,89.0,4.754,0.61,us,9.26,1.925,0.116,22
53.3407,-164.0401,35.0,4.7,80,163.0,1.179,0.81,us,3.78,1.911,0.069,64
52.0672,159.8494,35.0,4.2,33,113.0,1.206,0.84,us,6.17,1.915,0.105,25
-15.7813,-75.2486,10.0,4.2,13,148.0,4.076,0.57,us,13.26,1.93,0.263,4
50.8431,157.2385,88.96,4.2,34,122.0,2.286,0.97,us,4.91,8.02,0.112,23
11.9988,-89.3955,10.0,4.2,20,209.0,1.761,0.88,us,6.94,1.991,0.146,13
-57.7441,158.499,10.0,4.2,14,124.0,3.263,0.79,us,13.53,1.931,0.141,14
54.4231,-159.7891,24.221,4.2,93,168.0,0.425,0.73,us,3.85,5.893,0.152,12
9.0158,126.4141,55.135,4.5,37,119.0,2.103,0.95,us,11.1,9.156,0.108,25
12.3767,-87.8466,41.257,4.4,24,183.0,0.867,0.87,us,4.96,15.012,0.077,48
49.97,157.0665,35.0,4.4,38,136.0,3.167,0.58,us,6.37,1.942,0.102,28
23.0944,94.8608,94.964,4.2,19,129.0,1.88,0.49,us,14.29,10.808,0.146,13
-56.4038,-23.9267,10.0,4.3,25,73.0,7.471,0.7,us,13.73,1.86,0.169,13
-9.0839,-79.1531,59.583,4.6,52,155.0,3.672,0.93,us,10.24,8.648,0.046,143
50.0087,158.1033,63.466,4.4,68,133.0,3.038,0.79,us,11.39,7.376,0.07,59
26.2732,141.0657,117.054,4.5,35,122.0,1.294,0.65,us,9.64,7.295,0.089,37
14.3213,-87.1552,10.0,4.3,28,120.0,0.286,0.98,us,4.14,1.742,0.153,12
7.4417,125.6982,66.405,4.9,82,77.0,0.388,0.61,us,9.48,4.277,0.066,72
-34.8714,-110.997,10.0,4.7,38,156.0,31.641,0.56,us,15.94,1.916,0.049,128
9.452,-40.4419,10.0,4.3,19,77.0,12.847,1.1,us,11.42,1.876,0.148,13
49.6991,157.8171,10.0,4.7,36,136.0,3.37,0.54,us,12.38,1.921,0.081,47
52.3794,160.2225,35.0,4.8,69,117.0,1.154,0.93,us,8.18,1.914,0.067,69
28.2788,104.9538,10.0,4.9,125,41.0,7.728,0.65,us,8.33,1.853,0.043,170
31.7458,110.9449,10.389,4.5,45,84.0,1.923,0.64,us,9.44,5.101,0.092,35
-2.2776,138.9354,37.56,4.3,29,77.0,0.898,0.91,us,8.79,1.786,0.109,24
-15.3445,167.4272,108.995,4.4,17,262.0,0.239,0.57,us,15.87,5.722,0.162,11
5.0719,125.6202,43.832,4.4,39,60.0,0.365,0.71,us,7.08,5.891,0.102,28
39.2592,28.3214,10.0,4.9,77,37.0,1.072,0.94,us,4.51,1.807,0.053,113
-9.0199,-79.0454,72.731,5.0,66,61.0,3.659,0.57,us,11.54,5.319,0.031,338
-37.9216,51.7886,10.0,4.7,55,83.0,19.251,0.81,us,12.95,1.851,0.084,43
-9.6313,125.0453,10.0,4.1,11,131.0,0.777,0.98,us,7.37,1.938,0.213,6
50.9447,158.2915,69.424,5.1,51,137.0,2.094,0.7,us,11.62,7.519,0.083,47
53.4759,160.134,59.949,4.3,46,114.0,1.0,0.49,us,11.84,8.662,0.08,45
-32.1642,-70.1888,102.522,4.2,24,93.0,0.671,0.49,us,6.2,2.011,0.186,8
52.2664,160.2345,35.0,4.7,36,140.0,1.228,1.37,us,11.06,1.939,0.093,35
33.5787,141.861,10.0,4.3,23,160.0,1.775,0.94,us,8.88,1.946,0.142,14
-0.5648,134.7547,21.378,4.3,22,83.0,1.103,0.48,us,8.4,6.214,0.137,15
-14.896,66.8835,10.0,4.5,34,139.0,45.783,0.5,us,16.61,1.925,0.099,30
49.7494,157.5526,10.0,4.9,184,127.0,3.35,1.12,us,8.83,1.864,0.043,174
52.4983,160.6494,10.0,4.4,83,121.0,1.324,0.66,us,4.76,1.863,0.058,85
50.3103,159.6639,10.0,4.3,67,136.0,2.789,0.58,us,10.54,1.92,0.07,58
-32.8357,-178.1414,10.0,4.4,13,176.0,3.567,1.11,us,14.67,1.951,0.161,11
-56.579,146.3353,10.0,4.2,12,180.0,20.558,0.46,us,23.07,1.994,0.16,11
-3.0501,130.262,26.245,4.6,46,47.0,1.505,0.83,us,4.99,5.004,0.084,42
28.605,84.1716,10.0,4.3,32,160.0,16.043,1.18,us,12.05,1.661,0.104,26
-58.3225,-24.8998,24.446,4.5,20,92.0,16.151,0.66,us,11.64,5.559,0.124,19
52.299,160.5772,10.0,4.9,128,117.0,1.38,1.11,us,8.16,1.871,0.038,249
50.3016,159.2088,10.0,4.5,45,137.0,2.748,0.76,us,11.99,1.911,0.082,45
50.6319,159.9877,10.0,4.7,75,124.0,2.535,0.61,us,8.33,1.884,0.043,161
53.588,-156.2966,10.0,3.9,42,188.0,2.272,0.65,us,7.68,1.958,0.172,9
51.5214,160.248,10.0,4.4,18,220.0,1.796,0.53,us,10.07,1.966,0.169,10
-54.6925,-0.8853,10.0,4.5,10,146.0,17.065,0.62,us,17.0,1.937,0.18,10
30.8371,99.9943,10.0,4.5,46,109.0,5.97,0.64,us,8.93,1.902,0.098,31
45.6434,151.3687,44.634,4.5,54,139.0,6.108,0.61,us,11.37,8.138,0.078,48
52.3794,160.0307,51.821,4.7,47,134.0,1.059,0.69,us,8.51,6.842,0.085,42
17.916,147.4196,10.0,4.4,50,128.0,3.086,1.19,us,10.65,1.881,0.077,48
2.4082,127.1374,88.741,4.5,39,100.0,1.642,0.55,us,6.15,8.072,0.11,25
60.659,-139.9129,5.0,4.2,61,53.0,0.561,0.62,us,2.92,1.912,0.108,24
-4.7059,145.6568,10.405,4.5,31,52.0,3.147,1.08,us,6.89,4.28,0.106,26
10.5825,125.6466,10.0,4.4,21,108.0,5.814,0.38,us,8.59,1.906,0.143,14
-54.0502,-58.1972,10.0,5.0,76,137.0,2.38,0.55,us,12.46,1.836,0.069,68
-6.0832,102.9046,10.0,4.5,26,102.0,1.647,0.53,us,9.28,1.906,0.124,19
34.5564,70.7886,10.0,4.7,44,100.0,1.366,0.85,us,9.49,1.892,0.093,35
50.9796,158.2957,35.0,4.4,28,122.0,2.059,1.09,us,10.99,1.952,0.112,23
52.9004,160.8399,10.0,4.1,40,119.0,1.33,0.91,us,9.09,1.894,0.109,23
45.3712,149.0886,116.134,4.2,40,133.0,4.674,0.48,us,10.9,8.288,0.103,26
-1.9974,-13.1468,10.0,4.2,21,103.0,6.018,0.71,us,11.8,1.916,0.136,15
2.5504,128.1961,136.215,4.7,117,85.0,1.952,0.78,us,5.43,6.717,0.054,104
-1.046,-13.0171,10.0,4.9,28,96.0,11.184,1.21,us,12.25,1.877,0.091,38
32.0967,140.2388,95.775,4.7,75,111.0,1.077,0.71,us,8.24,6.701,0.066,69
-5.3754,151.6848,125.603,4.3,15,155.0,1.27,0.66,us,12.3,9.464,0.168,12
36.6356,140.3545,10.0,4.0,13,154.0,1.729,0.8,us,7.21,1.781,0.258,4
49.0766,157.7863,10.0,4.3,24,133.0,3.989,0.68,us,9.76,1.917,0.138,15
-21.1525,-68.5408,118.959,4.1,20,48.0,0.89,0.94,us,6.37,8.106,0.185,8
27.8464,128.013,10.0,4.6,46,123.0,1.033,0.51,us,7.71,1.912,0.095,33
-58.5908,-8.1103,10.0,4.8,24,84.0,13.311,0.91,us,13.1,1.932,0.116,23
-30.6114,-71.8627,24.114,4.4,22,157.0,0.206,0.63,us,5.83,2.873,0.178,9
49.8141,155.6833,88.394,4.2,45,116.0,3.531,0.71,us,8.9,8.222,0.094,31
43.7595,147.7755,55.342,4.1,19,183.0,3.76,0.57,us,15.65,7.606,0.139,14
52.5181,160.1833,35.0,4.0,16,178.0,1.06,1.07,us,11.49,1.991,0.144,13
5.5922,-32.9158,10.0,4.8,43,69.0,11.728,0.75,us,7.99,1.873,0.061,82
-3.3034,130.3017,10.0,4.8,65,49.0,1.981,0.96,us,7.39,1.862,0.068,68
50.8157,160.0723,10.0,4.5,115,135.0,2.38,0.52,us,9.7,1.905,0.049,123
51.5009,159.6624,32.366,4.2,39,151.0,1.647,1.0,us,10.36,5.906,0.1,29
39.6876,143.0464,10.0,4.4,24,190.0,1.874,1.1,us,5.48,1.964,0.143,14
-34.6337,179.9395,78.408,4.5,28,139.0,3.208,1.32,us,13.28,7.951,0.111,24
52.9581,161.1012,10.0,4.4,22,212.0,1.483,1.12,us,9.68,2.0,0.115,22
52.6641,160.7552,10.0,5.6,106,120.0,1.327,0.89,us,9.06,1.872,0.059,102
27.6084,128.7244,39.438,4.5,62,87.0,0.868,0.98,us,5.66,8.319,0.085,41
6.8332,126.9556,73.342,5.1,65,121.0,1.387,0.87,us,8.9,8.092,0.064,79
-21.926,-68.5995,113.773,4.2,24,116.0,0.61,0.61,us,4.35,5.87,0.132,16
51.2567,159.4751,10.0,4.3,36,137.0,1.841,0.43,us,11.11,1.926,0.111,23
50.1114,179.9086,10.0,3.9,76,149.0,1.655,0.6,us,6.64,1.924,0.07,59
-24.2435,-67.0961,206.6,4.1,18,137.0,1.625,0.37,us,11.09,13.019,0.262,4
52.2925,159.8143,35.0,4.2,11,221.0,1.019,1.28,us,7.5,2.009,0.167,10
-18.6787,65.6682,10.0,4.4,27,44.0,2.421,0.46,us,10.18,1.845,0.115,22
51.7974,160.3915,10.0,4.4,59,123.0,1.627,0.8,us,10.53,1.921,0.062,74
53.2871,161.6454,10.0,4.7,48,115.0,1.823,1.04,us,6.08,1.881,0.064,73
44.5139,149.9309,10.0,4.4,26,191.0,5.28,0.81,us,13.11,1.962,0.127,18
9.149,93.9022,10.0,4.3,25,120.0,4.929,0.81,us,10.31,1.913,0.168,10
51.4032,159.5752,26.928,4.2,14,128.0,1.72,1.16,us,11.08,7.352,0.216,7
4.9095,94.7943,59.204,4.4,35,96.0,2.168,0.55,us,7.93,8.226,0.114,22
52.3363,158.2404,10.636,4.7,45,161.0,0.84,0.87,us,13.36,6.191,0.159,12
50.2502,-173.2148,10.0,3.8,83,201.0,2.049,1.21,us,9.23,1.984,0.085,36
-20.1441,-177.7104,531.004,4.2,18,96.0,4.581,0.49,us,20.13,19.358,0.153,12
50.8089,-172.9607,10.0,3.7,33,202.0,1.594,0.62,us,6.34,1.647,0.134,14
38.5012,57.1779,10.0,4.6,114,37.0,8.321,0.82,us,8.01,1.844,0.055,97
-23.4771,178.859,561.941,4.3,24,162.0,5.753,0.83,us,7.69,9.8,0.143,14
-44.136,-82.1174,10.0,4.6,11,199.0,8.461,0.43,us,17.29,1.99,0.182,9
52.1314,-169.8992,26.216,4.2,75,141.0,0.663,0.98,us,5.57,5.365,0.07,58
8.9516,-83.1982,62.114,4.5,58,75.0,1.118,0.97,us,8.13,6.964,0.055,96
-15.8655,-72.0021,10.0,4.2,17,155.0,2.954,0.76,us,11.43,1.939,0.236,5
12.6319,92.7492,35.0,4.8,46,64.0,6.44,1.07,us,12.1,1.911,0.087,41
16.7051,59.7787,10.0,4.7,94,99.0,8.853,0.85,us,10.27,1.878,0.049,125
29.509,130.4384,35.0,4.2,28,131.0,1.994,0.6,us,8.96,1.946,0.124,18
52.6449,160.052,35.0,4.2,20,143.0,0.931,0.94,us,8.51,1.977,0.146,13
51.6909,159.2249,55.863,4.2,18,137.0,1.38,0.38,us,11.63,7.248,0.137,15
13.3807,145.5516,74.932,4.4,57,170.0,0.696,0.54,us,8.56,7.22,0.081,47
38.8638,142.1082,59.11,4.3,27,139.0,2.084,0.73,us,8.38,8.358,0.161,12
-1.6625,-81.0281,10.0,4.7,53,155.0,1.56,0.67,us,8.89,1.908,0.089,38
51.8244,159.2093,42.795,4.0,21,137.0,1.249,0.31,us,13.15,7.971,0.125,17
50.103,157.6078,35.115,4.4,40,125.0,2.996,0.93,us,12.13,6.231,0.095,32
6.4087,127.3969,10.0,4.1,20,125.0,1.921,0.83,us,5.38,1.915,0.158,12
52.3674,160.3134,35.0,4.1,22,122.0,1.207,0.91,us,10.82,1.947,0.109,23
27.9119,-111.9133,10.0,4.0,31,111.0,0.658,0.52,us,4.47,1.968,0.119,20
38.3636,142.4686,28.542,4.1,18,180.0,2.654,0.54,us,9.06,8.002,0.198,7
49.4078,156.0024,35.787,4.3,26,182.0,10.606,0.56,us,14.78,10.777,0.129,18
51.7136,160.1103,24.263,4.3,41,127.0,1.588,0.86,us,8.14,5.494,0.089,39
50.2202,157.2466,35.0,4.2,32,190.0,2.906,0.92,us,11.06,1.972,0.113,22
44.4593,149.4381,35.0,4.6,51,137.0,4.926,1.02,us,10.07,1.932,0.068,64
40.957,143.0467,44.77,4.0,23,142.0,1.06,0.48,us,7.06,8.154,0.138,14
51.3455,158.9037,42.018,4.0,27,127.0,1.688,0.6,us,11.31,8.195,0.106,24
-18.7742,-177.5931,622.495,4.7,91,86.0,3.688,0.69,us,12.41,6.67,0.07,63
-25.4959,179.7323,496.474,4.2,24,161.0,7.869,0.6,us,15.11,10.789,0.118,20
5.1276,126.8545,97.64,4.4,39,66.0,1.425,0.81,us,7.0,5.366,0.108,25
49.0132,158.0894,10.0,4.5,46,138.0,4.031,0.39,us,10.0,1.9,0.092,35
6.0139,127.5901,10.0,4.5,32,61.0,2.257,0.4,us,9.69,1.835,0.113,23
-13.3905,167.1888,186.092,4.7,50,68.0,2.044,1.1,us,6.95,5.876,0.053,110
-22.0257,-179.6045,606.847,4.4,27,200.0,4.795,0.65,us,12.91,15.674,0.107,25
51.7035,160.3373,10.0,4.9,42,126.0,1.679,0.61,us,9.87,1.909,0.086,42
9.1609,122.607,10.0,4.5,22,100.0,3.602,0.74,us,7.53,1.912,0.132,17
-9.2487,119.8291,52.805,4.8,30,97.0,0.623,1.25,us,7.49,7.425,0.098,32
52.9588,161.2059,10.0,4.3,18,138.0,1.546,0.95,us,9.67,1.872,0.188,10
41.5572,81.4829,10.0,4.5,78,67.0,1.742,0.62,us,6.56,1.893,0.07,63
37.3807,21.6236,51.012,4.2,16,127.0,0.314,0.72,us,9.0,12.382,0.215,6
-8.073,128.7784,35.0,4.5,18,109.0,3.701,0.48,us,7.4,1.906,0.131,17
51.2022,159.3423,10.0,4.3,25,187.0,1.873,1.03,us,10.46,1.964,0.138,17
-20.3027,-177.7037,508.462,4.4,35,96.0,4.711,0.55,us,13.01,9.064,0.095,32
51.3378,159.3872,32.999,4.7,110,137.0,1.748,0.6,us,11.19,5.692,0.057,94
-43.54,-82.1448,10.0,4.4,14,152.0,8.255,0.52,us,11.08,1.908,0.203,7
28.7551,130.0955,35.0,4.3,27,129.0,2.502,0.68,us,7.42,1.906,0.119,20
51.6277,159.1623,47.227,4.6,91,135.0,1.733,0.44,us,10.48,7.215,0.061,79
54.9209,-161.064,52.377,3.7,32,160.0,0.515,0.48,us,3.58,9.792,0.251,4
-31.4862,179.8098,432.135,4.3,24,140.0,6.187,0.9,us,13.34,9.986,0.119,20
-31.0238,-71.9066,31.428,4.2,32,150.0,0.42,0.91,us,3.61,6.081,0.159,11
-30.785,-178.5347,10.0,4.6,16,253.0,7.248,0.23,us,8.35,1.98,0.157,12
-6.768,106.6358,7.376,4.1,19,84.0,0.592,0.73,us,4.93,5.067,0.186,10
36.0705,28.4808,44.648,4.2,40,61.0,0.324,0.79,us,5.11,6.057,0.096,30
51.3285,159.4095,10.0,4.5,33,230.0,1.761,0.81,us,10.03,1.962,0.097,31
52.5616,160.7597,10.0,4.5,56,116.0,1.362,0.84,us,9.32,1.895,0.062,78
-10.3814,114.1182,10.0,4.8,48,43.0,1.899,1.28,us,7.21,1.867,0.084,44
50.5721,157.4975,35.0,4.7,37,130.0,2.543,0.76,us,9.98,1.93,0.106,27
-30.9638,59.2752,10.0,4.2,21,65.0,10.255,0.93,us,13.44,1.894,0.141,14
6.885,-73.1159,147.324,4.5,38,127.0,0.987,0.66,us,8.4,9.579,0.09,36
51.3629,160.977,10.0,4.2,35,177.0,2.195,0.86,us,11.32,1.933,0.115,21
50.9466,158.3248,42.979,4.4,38,129.0,2.09,1.02,us,11.02,8.132,0.107,25
-32.9948,-72.8305,10.0,4.4,24,146.0,0.994,0.95,us,5.52,1.903,0.268,4
7.5714,127.3594,10.0,4.6,32,73.0,1.835,1.22,us,7.86,1.892,0.114,26
-21.1459,168.6612,10.0,4.3,14,164.0,1.845,0.92,us,7.75,1.738,0.168,10
-40.6224,173.7016,124.27,4.3,39,63.0,0.642,0.69,us,4.76,6.287,0.16,11
53.1746,161.1326,36.105,4.3,13,177.0,1.505,1.06,us,15.62,12.769,0.178,9
49.0853,155.4038,79.228,4.7,125,134.0,4.28,0.73,us,10.0,6.926,0.033,286
4.2421,126.6452,46.838,4.2,22,76.0,1.261,0.72,us,6.63,9.993,0.132,17
52.8858,160.9343,35.0,4.2,19,155.0,1.389,0.81,us,7.96,1.99,0.136,15
-57.7704,157.628,10.0,4.6,17,106.0,3.361,0.87,us,13.18,1.914,0.141,15
-31.2609,-71.4682,22.366,4.3,25,161.0,0.405,0.78,us,3.85,8.5,0.306,3
33.9463,87.78,10.0,4.2,46,142.0,5.099,0.61,us,11.62,1.907,0.1,28
52.333,160.2423,43.243,4.6,101,143.0,1.191,0.88,us,9.2,7.624,0.051,116
14.1686,-93.0234,10.0,4.2,42,134.0,1.473,0.94,us,6.36,1.68,0.102,29
40.8514,142.7404,44.206,4.9,68,127.0,1.204,1.11,us,6.74,7.483,0.062,82
4.4747,-73.2145,10.0,4.2,15,68.0,1.163,0.96,us,7.29,1.471,0.264,6
51.2867,159.4698,10.0,4.3,20,162.0,1.811,1.13,us,8.21,1.952,0.154,12
-29.4035,-176.5815,10.0,4.8,26,135.0,1.187,0.88,us,7.51,1.923,0.111,29
-15.8171,-176.8504,414.209,4.3,51,102.0,3.691,0.45,us,8.19,7.521,0.089,36
-36.5407,-110.0689,10.0,4.5,59,156.0,29.797,0.48,us,15.16,1.898,0.071,58
3.0935,-31.4434,10.0,4.5,24,75.0,20.396,0.79,us,12.63,1.896,0.124,19
-42.7116,172.0928,18.856,4.1,40,63.0,0.149,1.01,us,4.36,6.747,0.233,5
54.5195,-160.086,35.0,4.4,57,158.0,0.425,0.56,us,4.93,1.947,0.13,17
-22.7481,-66.3292,245.534,4.3,19,137.0,1.718,0.4,us,9.75,13.36,0.188,8
51.2969,159.6096,10.0,4.6,25,138.0,1.827,0.48,us,7.77,1.85,0.157,12
34.3478,23.8015,11.464,4.7,36,237.0,3.008,0.85,us,12.89,8.583,0.11,25
29.2307,129.268,10.0,5.2,80,64.0,2.491,1.1,us,6.4,1.84,0.043,181
-31.7545,-178.5643,35.0,4.9,47,92.0,2.561,1.0,us,9.45,1.858,0.1,35
-20.7833,-67.3413,204.816,4.1,23,88.0,1.815,0.52,us,9.34,17.911,0.368,2
52.4048,160.6361,11.326,4.5,44,117.0,1.358,0.86,us,9.76,5.048,0.053,103
19.1898,121.2637,29.92,4.9,83,105.0,3.614,1.02,us,9.8,5.475,0.051,119
52.6012,160.941,10.0,4.3,43,121.0,1.453,0.97,us,3.92,1.895,0.085,39
8.3505,-82.7848,13.425,4.5,39,134.0,1.834,0.59,us,9.97,5.728,0.095,32
51.5004,159.6915,10.0,4.9,78,127.0,1.654,0.83,us,8.0,1.86,0.046,146
-16.1959,177.7655,10.0,4.6,101,111.0,1.565,0.44,us,13.29,1.881,0.056,99
52.1311,160.5927,17.191,5.1,98,112.0,1.485,0.7,us,8.93,4.604,0.031,345
52.4946,160.8156,10.0,4.2,28,206.0,1.419,0.63,us,10.8,1.992,0.115,21
0.9825,126.6058,58.626,4.4,40,72.0,0.789,0.93,us,5.47,6.903,0.107,25
3.35,-84.1606,10.0,4.6,70,99.0,5.673,0.83,us,9.07,1.948,0.075,52
-55.9542,-27.8536,111.301,4.2,11,108.0,5.231,0.23,us,14.14,8.135,0.166,10
16.476,40.9347,10.0,4.5,49,127.0,3.834,1.31,us,13.05,1.946,0.08,46
-63.3613,-159.6281,10.0,4.4,10,145.0,17.842,0.68,us,15.5,1.934,0.179,9
52.0431,160.2987,10.0,4.5,30,137.0,1.406,1.16,us,11.06,1.903,0.121,20
-20.7635,-177.935,466.672,4.4,58,132.0,4.835,0.68,us,14.82,8.26,0.071,57
52.6224,159.6677,48.87,4.3,52,120.0,0.737,0.76,us,8.21,6.077,0.083,41
-5.7213,111.3007,511.07,4.1,39,48.0,0.777,0.9,us,12.28,8.381,0.117,23
50.1719,158.2134,25.912,4.1,15,163.0,2.869,0.76,us,13.71,6.753,0.197,8
23.9881,122.4865,10.0,4.8,87,73.0,0.676,0.63,us,4.52,1.87,0.065,72
-15.9789,-75.4902,10.0,4.6,29,139.0,4.179,0.62,us,11.47,1.906,0.129,18
52.8429,160.4905,35.025,4.4,81,135.0,1.129,0.54,us,12.23,7.109,0.059,84
-7.561,119.4745,270.512,4.1,15,98.0,2.1,0.5,us,9.5,8.169,0.233,6
-18.7187,-174.7279,87.54,4.7,71,54.0,4.559,0.52,us,11.0,3.383,0.06,85
52.6084,160.6588,29.872,4.8,132,129.0,1.288,1.18,us,9.02,5.623,0.047,150
-18.1477,-178.3075,536.568,4.5,57,86.0,2.771,0.54,us,12.73,7.83,0.078,48
-6.1547,151.4009,10.0,4.5,20,162.0,2.093,0.78,us,10.63,1.949,0.1,33
43.4097,147.835,35.0,5.0,58,150.0,3.718,0.59,us,10.26,1.904,0.051,127
38.7987,142.1097,52.533,4.5,60,133.0,2.145,0.46,us,9.23,6.565,0.064,71
-57.9159,-25.1758,29.662,5.1,75,69.0,16.582,0.56,us,12.08,4.986,0.071,65
50.7772,158.3042,38.704,5.0,31,130.0,2.26,0.9,us,5.23,7.656,0.113,25
52.4822,160.2399,49.312,4.7,14,153.0,1.665,0.82,us,12.59,8.143,0.183,9
26.1352,97.1858,10.0,4.6,81,91.0,5.306,0.52,us,9.87,1.878,0.068,64
49.0849,158.0317,10.0,4.5,43,138.0,3.963,1.12,us,11.81,1.883,0.089,37
24.8414,95.4771,163.794,4.2,41,109.0,3.655,0.55,us,6.95,8.635,0.096,30
50.7426,160.2086,10.0,4.2,41,133.0,2.833,0.72,us,6.53,1.757,0.102,27
-47.851,116.3228,10.0,4.4,18,142.0,14.923,0.51,us,9.1,1.865,0.139,15
-18.9241,169.2973,237.812,4.6,39,96.0,4.058,0.8,us,8.17,7.604,0.059,84
30.5385,142.5222,10.0,4.5,23,114.0,3.443,0.25,us,10.09,1.902,0.164,11
49.449,160.1193,10.0,4.4,39,139.0,3.696,0.93,us,11.86,1.908,0.101,28
10.9734,-62.3724,93.251,4.5,83,84.0,1.35,0.63,us,6.84,5.437,0.056,93
-41.295,-91.3504,10.0,4.3,19,134.0,13.565,0.69,us,10.07,1.878,0.153,12
51.6343,160.144,10.0,4.3,31,154.0,1.666,0.81,us,9.17,1.93,0.104,26
-24.2743,-67.2303,168.914,4.2,23,65.0,1.578,0.99,us,11.71,10.609,0.167,10
7.4839,127.4446,10.0,4.3,20,134.0,1.896,0.67,us,10.01,1.805,0.137,15
51.7672,159.3162,69.789,4.3,26,138.0,1.669,0.96,us,12.4,7.842,0.129,17
55.1096,165.6247,10.0,4.2,33,173.0,5.076,0.5,us,17.88,1.958,0.104,26
51.8807,160.314,10.0,4.4,21,217.0,1.532,0.94,us,11.18,1.985,0.134,16
22.9169,94.4797,100.305,4.6,79,58.0,4.839,0.82,us,9.23,6.922,0.071,59
-7.1603,129.3383,144.716,4.2,15,123.0,5.114,1.27,us,11.71,22.604,0.305,3
3.0244,-31.2871,10.0,4.8,40,52.0,20.447,0.81,us,12.59,1.875,0.094,35
28.0769,139.8114,424.572,4.0,103,57.0,2.322,0.75,us,10.82,7.366,0.058,88
-28.2547,62.7289,10.0,4.6,34,68.0,9.489,0.78,us,5.95,1.818,0.114,23
37.0357,69.1355,10.0,4.3,19,255.0,1.618,0.52,us,7.91,1.992,0.188,8
-10.9261,160.9603,10.0,4.4,18,194.0,1.783,0.75,us,11.51,1.919,0.131,17
37.512,72.1995,197.088,4.0,40,157.0,0.831,0.6,us,7.53,6.34,0.155,11
51.7146,158.6554,35.52,4.4,63,125.0,1.311,0.76,us,8.4,7.625,0.071,57
13.3869,50.9032,10.0,4.3,29,163.0,6.432,1.33,us,13.91,1.981,0.116,21
5.7863,126.1918,102.636,4.9,77,46.0,1.265,1.14,us,6.7,6.638,0.047,140
15.0507,-94.2826,63.526,4.4,73,151.0,1.98,1.25,us,6.27,7.314,0.039,186
44.3465,148.7041,61.848,4.4,82,110.0,4.398,0.59,us,10.55,2.995,0.061,77
-38.3677,178.6045,10.0,4.9,24,196.0,0.838,0.74,us,6.57,1.943,0.169,13
49.8443,155.9729,68.381,4.6,86,127.0,3.442,0.52,us,10.13,6.961,0.051,115
51.4835,-173.9696,35.0,4.0,34,188.0,0.733,0.93,us,4.85,1.927,0.106,24
-17.6491,-178.6677,615.931,4.1,30,183.0,2.209,1.01,us,21.83,12.517,0.103,26
49.6716,157.6478,22.252,4.2,32,135.0,3.415,1.3,us,10.62,5.868,0.113,22
34.3502,23.2366,35.237,4.0,29,183.0,3.017,1.02,us,10.85,10.407,0.116,20
11.657,141.975,69.685,5.1,149,46.0,3.415,0.41,us,7.69,4.685,0.05,130
16.9,147.6306,10.0,4.2,22,106.0,2.42,0.46,us,8.69,1.92,0.153,12
51.5837,16.0414,5.0,4.1,36,69.0,1.248,0.68,us,4.84,1.887,0.131,18
8.4317,126.0015,10.0,4.5,37,115.0,1.417,1.16,us,10.63,1.886,0.108,25
52.9578,161.2303,10.0,4.4,71,117.0,1.561,0.8,us,6.25,1.861,0.073,59
3.5505,126.7713,49.644,4.5,42,104.0,1.744,1.02,us,5.32,7.138,0.093,34
18.2891,120.7619,55.616,4.4,41,125.0,4.515,0.68,us,12.12,9.05,0.088,37
51.6531,159.3432,35.0,5.1,57,126.0,1.437,0.91,us,8.87,1.91,0.081,50
-18.7664,-177.679,620.02,4.3,17,236.0,3.619,0.33,us,27.25,26.394,0.148,13
51.5332,159.6339,31.098,4.4,36,136.0,1.61,0.93,us,10.1,6.129,0.096,34
46.7905,151.6907,97.242,4.4,25,137.0,6.933,0.72,us,11.68,5.877,0.134,16
29.236,129.314,10.0,4.4,43,113.0,2.47,1.01,us,6.92,1.79,0.097,31
-15.9547,-73.6683,63.994,4.9,77,137.0,5.004,0.54,us,10.44,6.167,0.052,114
51.6204,158.5731,35.0,4.4,72,120.0,1.406,1.1,us,7.76,1.924,0.05,120
51.3015,161.2126,10.0,4.1,44,167.0,2.338,0.84,us,12.22,1.962,0.097,29
-0.3936,125.2219,40.671,4.6,39,48.0,1.865,0.8,us,6.96,8.342,0.107,26
14.0785,-91.3783,86.886,4.6,78,94.0,0.509,0.79,us,7.63,6.925,0.044,151
-52.8748,28.1561,10.0,4.3,17,95.0,21.161,0.52,us,15.09,1.915,0.138,15
22.2312,143.4406,151.178,4.3,61,118.0,4.976,0.57,us,11.6,7.32,0.074,51
51.2849,160.1205,10.0,4.8,23,154.0,1.963,0.55,us,12.57,1.961,0.125,24
73.2029,6.4369,10.0,4.1,14,88.0,5.893,0.35,us,5.5,1.935,0.198,7
50.3159,158.8756,10.0,4.9,195,117.0,2.715,0.61,us,8.62,1.866,0.034,278
12.8638,48.7384,10.0,4.4,10,181.0,4.553,0.31,us,16.49,1.979,0.202,7
36.4648,141.2847,35.0,4.5,24,138.0,2.479,0.97,us,4.79,1.939,0.156,12
-15.3238,-173.135,10.0,4.5,18,143.0,1.922,0.77,us,9.11,1.961,0.191,9
-3.4009,146.2897,10.0,4.5,19,104.0,1.725,0.67,us,10.92,1.819,0.131,17
51.1507,159.343,10.0,4.3,34,185.0,1.924,1.39,us,11.62,1.983,0.107,25
50.15,158.3772,10.0,4.2,15,165.0,2.883,0.71,us,10.73,1.962,0.199,9
-9.5862,124.0061,60.691,4.0,9,129.0,0.307,0.43,us,10.03,6.607,0.211,6
-14.3933,167.1544,171.538,4.2,26,111.0,1.049,1.08,us,13.05,7.801,0.125,19
2.1406,-95.5696,10.0,4.1,13,207.0,5.272,1.12,us,13.43,1.991,0.198,7
-24.2635,-67.0219,186.192,4.5,37,70.0,1.682,0.54,us,8.72,8.333,0.094,33
51.971,160.9009,10.0,4.2,13,244.0,2.263,0.77,us,7.97,2.009,0.152,12
-18.2317,-177.9999,577.536,4.2,20,82.0,3.058,0.52,us,14.82,9.349,0.153,14
39.4977,143.3376,10.0,4.5,31,97.0,2.168,0.86,us,7.7,1.894,0.131,17
-6.8749,125.3117,520.733,4.5,91,39.0,3.043,0.45,us,10.46,8.24,0.07,61
-32.2113,-13.2885,10.0,5.0,46,68.0,4.911,0.88,us,11.05,1.878,0.08,50
-32.1903,-178.7721,27.978,4.9,30,130.0,5.872,0.45,us,15.31,6.456,0.106,28
51.4181,159.6997,10.0,5.3,110,80.0,1.733,1.01,us,7.52,1.777,0.026,488
-25.3265,-175.7686,10.0,4.3,14,321.0,34.323,0.86,us,31.67,2.028,0.168,12
52.4526,160.726,10.0,4.2,17,122.0,1.386,0.99,us,11.03,1.936,0.175,10
52.2098,161.1151,10.0,4.5,28,162.0,1.71,0.89,us,10.96,1.954,0.104,29
35.4105,141.059,34.941,4.5,47,137.0,2.511,0.82,us,7.55,6.425,0.109,25
23.9928,49.1093,10.0,4.0,17,243.0,6.533,0.57,us,7.11,2.02,0.172,9
36.6327,70.4173,218.761,4.2,48,88.0,2.254,0.53,us,8.67,9.448,0.128,17
-4.9586,106.671,377.131,4.4,81,42.0,1.206,0.75,us,8.62,5.712,0.071,57
56.3735,162.373,10.0,4.4,38,144.0,3.992,0.74,us,13.68,1.92,0.097,31
52.913,160.9005,10.0,5.0,88,142.0,1.366,0.9,us,9.45,1.884,0.065,76
51.6259,159.5998,10.0,4.9,91,98.0,1.516,0.59,us,7.63,1.837,0.047,141
-14.9639,-177.4117,361.049,4.5,85,84.0,5.553,0.42,us,15.03,9.084,0.061,79
18.7959,145.561,227.288,4.3,57,97.0,3.542,1.04,us,9.47,8.604,0.077,48
30.5605,141.6086,10.0,4.6,46,119.0,2.97,0.73,us,9.75,1.886,0.098,32
15.2099,55.7074,10.0,4.4,26,100.0,12.686,0.87,us,10.78,1.875,0.099,29
-55.6902,-26.2571,10.0,4.5,22,116.0,6.056,0.62,us,11.21,1.815,0.14,17
-1.8217,139.2059,17.683,4.8,36,98.0,1.263,0.56,us,4.86,4.666,0.111,25
5.9556,94.9697,10.0,4.7,36,84.0,5.291,0.9,us,8.86,1.887,0.114,23
28.2001,140.7287,161.957,4.6,82,43.0,1.696,0.93,us,10.09,6.356,0.038,207
-2.2387,139.5946,35.0,4.4,25,118.0,1.141,0.75,us,5.32,1.912,0.115,22
52.7405,161.1469,10.0,4.1,18,196.0,1.539,0.74,us,7.65,1.994,0.144,14
-33.5949,-71.6632,40.721,4.4,42,146.0,0.074,0.65,us,3.2,5.431,0.101,28
36.9322,136.4174,10.0,4.5,48,57.0,1.486,1.06,us,5.84,1.853,0.083,44
5.7465,61.397,10.0,4.4,34,139.0,23.38,0.95,us,13.81,1.936,0.108,25
51.434,159.3294,33.687,4.3,39,135.0,1.646,0.69,us,5.36,5.53,0.106,25
-7.0179,129.8029,111.775,4.5,38,93.0,2.481,0.61,us,9.17,7.558,0.097,31
52.983,159.8563,59.222,4.3,28,167.0,0.73,0.7,us,12.13,8.503,0.101,28
34.8716,23.3565,44.531,4.9,75,83.0,2.578,0.79,us,7.8,7.226,0.04,200
7.8807,-38.6405,10.0,4.6,43,78.0,13.888,0.88,us,12.31,1.899,0.089,38
-31.0094,-69.7696,117.329,4.4,43,47.0,0.808,0.63,us,4.62,6.398,0.102,28
50.1874,87.5456,10.0,4.1,25,167.0,3.251,0.78,us,9.53,1.932,0.127,17
50.3229,157.3196,35.0,4.9,273,100.0,2.799,0.6,us,8.38,1.886,0.026,464
39.1673,142.4458,42.848,4.5,38,135.0,1.937,0.81,us,8.44,7.304,0.121,20
-7.8025,118.8538,38.505,5.0,77,33.0,1.474,0.84,us,5.91,4.599,0.074,63
23.2074,120.4011,10.0,4.4,48,49.0,0.23,0.8,us,2.14,1.836,0.094,33
19.5249,-109.1083,10.0,4.2,108,109.0,1.87,0.55,us,8.13,1.922,0.043,154
51.5403,159.858,20.855,4.3,33,127.0,1.661,1.22,us,8.09,5.879,0.107,25
50.227,-179.392,10.0,3.6,60,198.0,1.378,0.57,us,5.92,1.962,0.089,32
21.8711,119.6383,10.0,4.6,42,99.0,1.633,0.65,us,6.75,1.89,0.092,35
-33.5175,-178.8855,39.498,4.0,19,238.0,4.639,1.01,us,13.72,8.697,0.139,14
10.5421,40.4906,10.0,4.2,20,125.0,2.422,0.42,us,9.71,1.895,0.153,12
49.8985,157.532,35.0,5.3,136,122.0,3.206,0.79,us,8.71,1.897,0.026,489
-6.3575,-11.5605,10.0,4.5,25,70.0,3.188,0.93,us,11.17,1.896,0.118,22
-57.283,-68.045,10.0,4.5,24,139.0,3.706,0.5,us,15.11,1.942,0.124,19
-17.1052,-174.5981,124.338,4.3,55,119.0,4.813,0.61,us,15.44,7.685,0.078,46
51.3484,159.3689,10.0,4.3,19,226.0,1.735,0.24,us,12.23,1.989,0.153,12
44.0361,-128.4571,10.0,3.9,41,219.0,2.187,0.75,us,9.66,1.99,0.229,5
13.2104,-90.9184,35.0,4.6,35,156.0,1.303,1.27,us,6.83,1.957,0.038,204
48.3308,155.1186,35.0,4.1,15,170.0,5.056,0.86,us,12.66,1.975,0.197,7
35.4394,6.4989,10.0,4.5,38,151.0,2.339,0.99,us,7.76,1.902,0.106,26
13.082,145.7357,10.0,4.6,31,85.0,0.983,0.8,us,5.34,1.906,0.116,22
52.1436,160.4931,26.649,4.7,118,122.0,1.429,0.64,us,8.45,5.192,0.054,105
-7.7533,126.8827,125.745,4.4,26,73.0,6.562,0.66,us,11.57,8.799,0.134,16
43.0378,145.9031,39.606,4.0,21,135.0,2.273,0.53,us,12.15,8.466,0.138,14
14.9854,-60.2591,50.845,4.4,31,188.0,0.789,0.5,us,8.24,8.874,0.117,21
52.2692,160.7085,10.0,4.3,23,137.0,1.464,1.07,us,11.92,1.93,0.125,20
49.6921,159.6208,10.0,4.4,40,136.0,3.391,1.1,us,10.2,1.914,0.101,28
45.1009,149.5681,88.928,4.7,74,127.0,5.076,0.68,us,10.58,7.688,0.07,62
-24.0991,179.8054,517.381,4.2,24,100.0,6.531,0.43,us,15.19,15.596,0.128,23
18.6559,145.5107,227.258,4.5,46,111.0,3.406,0.55,us,12.09,8.537,0.087,39
51.2776,160.4296,10.0,4.3,48,134.0,2.064,0.78,us,9.99,1.909,0.094,32
17.0079,96.1659,10.0,3.9,17,124.0,0.143,0.65,us,7.4,1.964,0.171,10
41.0497,49.066,65.45,4.0,24,73.0,1.716,0.74,us,8.27,10.063,0.102,26
4.091,125.8929,155.742,4.1,22,184.0,0.76,0.79,us,10.56,7.871,0.145,15
52.8666,161.03,10.0,5.1,92,72.0,1.449,0.77,us,5.57,1.76,0.03,350
51.8474,160.5503,10.0,4.5,13,218.0,1.655,0.56,us,7.78,1.982,0.313,4
0.8882,-29.6473,10.0,4.5,16,98.0,9.137,0.87,us,12.55,1.919,0.15,13
29.6173,129.5385,10.0,4.4,32,112.0,2.044,0.53,us,6.41,1.916,0.12,20
52.3281,160.2938,17.499,5.1,142,127.0,1.761,0.75,us,9.34,4.334,0.051,126
39.9357,113.5049,10.0,4.3,47,71.0,2.051,0.55,us,8.3,1.851,0.087,37
-56.1601,-25.0535,10.0,4.9,46,69.0,6.807,0.9,us,11.1,1.901,0.083,45
7.1992,127.0043,37.992,4.4,31,127.0,1.42,0.85,us,5.73,6.259,0.123,23
-20.2132,-177.9171,514.504,4.0,31,122.0,4.521,0.52,us,16.39,9.993,0.103,25
39.3391,114.4477,10.0,4.6,49,96.0,1.494,0.57,us,9.1,1.89,0.073,56
-57.9612,-24.9253,39.639,4.9,34,93.0,7.437,1.04,us,7.25,6.952,0.098,33
23.2217,143.6223,42.436,4.8,59,84.0,4.071,0.7,us,10.11,7.112,0.06,87
79.9106,-0.4571,10.0,4.1,37,60.0,2.495,0.79,us,9.19,1.919,0.1,27
-19.0185,-177.4555,627.268,4.3,33,142.0,3.941,0.74,us,18.48,12.142,0.091,38
51.291,-178.4942,35.0,3.7,37,206.0,0.33,0.79,us,3.74,1.864,0.152,11
-18.7191,-67.2855,237.965,4.3,29,87.0,2.036,1.22,us,7.95,9.088,0.143,14
54.2648,-159.9258,30.528,3.8,69,157.0,0.6,0.61,us,6.06,6.912,0.14,14
49.986,156.6867,37.494,5.3,209,68.0,3.19,0.58,us,8.43,5.032,0.021,782
6.7319,-72.9942,168.406,4.3,43,86.0,2.293,0.7,us,9.69,7.438,0.075,51
50.5117,-173.3151,10.0,3.8,76,198.0,1.78,0.46,us,6.54,1.959,0.104,24
-10.4725,123.827,10.0,4.1,17,82.0,0.834,0.33,us,7.11,1.941,0.214,6
-1.0583,-13.7121,10.0,4.7,36,127.0,6.859,0.57,us,10.46,1.887,0.097,32
30.3457,138.3942,427.731,4.3,89,79.0,3.014,0.65,us,10.56,8.014,0.048,122
52.5892,160.78,10.0,4.6,84,174.0,1.364,0.85,us,9.21,1.94,0.064,73
51.3138,159.6768,35.0,5.4,26,217.0,1.825,0.69,us,8.68,1.98,0.12,24
44.461,148.0664,78.483,4.6,79,134.0,3.945,0.74,us,8.91,2.745,0.051,114
53.1908,160.549,32.869,4.5,31,134.0,1.157,0.72,us,13.12,6.497,0.131,17
51.6416,-176.4803,58.164,3.7,33,198.0,0.225,0.4,us,4.87,8.395,0.178,8
52.086,-30.5858,10.0,4.3,26,162.0,14.719,1.11,us,14.8,1.966,0.125,18
33.2906,132.2414,50.631,4.5,62,81.0,1.435,0.65,us,5.48,7.525,0.067,67
29.2758,129.5665,10.0,4.3,39,112.0,2.354,0.64,us,5.37,1.916,0.104,26
31.6052,132.103,44.002,4.5,47,88.0,1.412,0.99,us,6.48,6.712,0.099,30
41.2934,140.6781,138.052,4.1,34,81.0,0.582,0.63,us,8.92,6.202,0.114,21
-48.9779,121.8177,10.0,4.1,15,110.0,22.659,0.54,us,12.54,1.928,0.139,14
52.1842,160.3934,10.0,4.5,47,121.0,1.355,1.33,us,8.48,1.902,0.094,35
44.6235,149.4554,35.0,4.2,43,144.0,4.946,0.8,us,11.62,1.947,0.093,32
52.9863,160.7735,10.0,5.8,115,80.0,1.284,0.61,us,9.7,1.54,0.041,219
-4.6174,153.6788,99.665,4.4,41,119.0,1.569,0.57,us,9.87,7.088,0.095,32
49.4935,157.1299,10.0,4.2,16,138.0,3.637,0.41,us,12.99,1.938,0.159,11
-7.008,130.6568,73.928,4.3,37,50.0,2.58,0.68,us,7.8,7.634,0.116,21
52.3057,160.4866,34.72,4.0,15,137.0,1.877,0.38,us,11.53,6.72,0.163,10
5.7036,61.3767,10.0,4.5,47,54.0,23.4,0.93,us,13.3,1.913,0.089,37
52.2207,160.4644,10.0,4.8,93,118.0,1.367,0.96,us,8.89,1.725,0.049,131
-9.2192,124.0197,69.888,4.4,25,73.0,1.854,0.56,us,8.7,9.025,0.138,15
39.1389,28.171,10.0,4.1,27,57.0,0.987,1.01,us,3.91,1.937,0.165,10
-63.0531,-63.8138,10.0,4.8,20,146.0,1.731,0.78,us,12.63,1.925,0.127,19
51.5818,159.4382,35.0,4.7,31,127.0,1.523,0.56,us,8.91,1.94,0.117,23
34.6576,70.6806,10.0,4.1,14,227.0,1.283,1.16,us,13.72,2.199,0.184,8
14.4579,146.8575,10.0,4.9,43,123.0,1.287,0.82,us,8.18,1.918,0.086,42
-2.1181,139.0391,35.0,4.8,59,56.0,1.018,0.79,us,5.81,1.848,0.097,41
51.3871,160.6396,10.0,4.6,76,125.0,2.046,0.9,us,8.0,1.892,0.044,153
1.7856,127.0794,74.992,4.6,62,82.0,2.264,0.49,us,7.84,7.45,0.078,49
28.2717,-43.944,10.0,4.9,55,113.0,20.891,1.04,us,12.53,1.894,0.058,95
52.2175,160.5871,10.0,4.3,33,123.0,1.43,1.01,us,9.35,1.914,0.098,30
2.3547,127.2403,104.912,4.3,31,144.0,1.577,0.81,us,6.96,7.92,0.094,32
41.8774,87.9952,10.0,4.5,50,112.0,6.012,1.01,us,11.25,1.909,0.095,32
-19.3638,-69.1928,10.0,4.5,43,113.0,0.774,0.69,us,4.85,1.894,0.093,34
45.0276,149.2607,88.021,4.5,51,143.0,4.85,0.43,us,11.59,8.151,0.081,45
13.524,144.7135,156.061,3.9,19,99.0,0.164,0.72,us,11.94,4.049,0.154,11
13.0958,124.9327,35.0,4.4,18,135.0,10.806,0.86,us,10.62,1.966,0.139,15
43.0876,130.9954,561.251,5.2,106,30.0,1.325,0.52,us,10.1,7.57,0.02,805
9.1818,93.7574,10.0,4.6,72,94.0,5.043,0.66,us,8.53,1.88,0.076,52
-4.8537,152.8551,59.019,4.2,21,121.0,0.953,0.52,us,10.21,9.684,0.136,15
51.3512,159.5502,10.0,4.4,28,128.0,1.764,1.16,us,9.86,1.914,0.107,25
51.2059,157.562,74.273,4.2,53,120.0,1.907,0.75,us,8.94,7.064,0.079,50
53.4045,160.2181,50.097,4.1,17,181.0,1.017,0.6,us,14.54,14.826,0.174,10
3.9206,126.0371,98.428,4.5,31,64.0,0.98,0.65,us,5.16,7.81,0.124,20
52.8444,160.797,10.0,4.1,18,137.0,1.312,1.21,us,8.32,1.935,0.198,8
-19.4544,-70.2198,38.372,4.3,18,170.0,0.816,0.53,us,2.54,13.703,0.237,5
42.6079,147.1388,10.0,4.1,18,152.0,3.012,0.63,us,10.84,1.948,0.145,13
50.284,158.3323,10.0,4.8,132,95.0,2.75,0.75,us,8.72,1.852,0.05,123
52.7943,160.4277,10.0,4.2,40,155.0,1.101,0.65,us,6.08,1.971,0.093,32
-19.7872,-175.8542,260.005,4.4,15,138.0,5.608,1.27,us,9.66,16.106,0.162,11
-5.5624,150.9183,94.546,4.9,82,67.0,1.666,0.77,us,7.78,5.678,0.069,67
-21.9951,-177.9062,359.768,4.3,17,109.0,5.686,1.06,us,15.7,12.812,0.153,12
-21.085,-68.6888,129.227,4.2,29,61.0,0.747,0.82,us,5.63,4.331,0.14,14
4.9458,95.9794,10.0,5.1,67,40.0,1.004,0.52,us,4.94,1.482,0.065,76
-10.3735,154.122,10.0,4.0,11,163.0,5.814,0.99,us,10.34,1.983,0.195,8
52.7186,160.7976,10.0,4.2,25,120.0,1.337,0.69,us,6.52,1.81,0.121,19
-17.7769,-69.3728,147.365,4.2,25,87.0,0.212,0.89,us,6.6,4.523,0.127,17
51.9306,-167.2686,10.0,3.5,28,227.0,1.425,0.84,us,6.59,2.009,0.221,5
50.9371,157.3459,92.599,4.7,63,128.0,2.185,1.21,us,9.84,7.311,0.074,56
-3.4699,135.347,77.726,4.3,24,68.0,1.09,1.2,us,7.67,6.336,0.132,16
-6.5808,129.754,143.866,4.4,12,113.0,2.05,0.49,us,12.56,9.408,0.179,9
-52.5538,28.2409,10.0,4.5,16,119.0,20.87,0.46,us,10.57,1.901,0.136,16
-5.8843,131.3178,23.781,4.4,15,131.0,1.952,0.88,us,11.26,7.521,0.179,9
18.0289,120.8263,10.0,4.5,97,75.0,4.77,0.62,us,10.01,1.801,0.06,94
-24.2812,179.795,527.083,4.2,32,114.0,6.704,0.6,us,14.96,7.833,0.095,31
30.0555,84.3549,10.0,4.4,21,131.0,22.604,0.58,us,9.63,1.864,0.096,31
52.2071,160.475,27.885,4.9,122,134.0,1.381,0.88,us,9.41,5.536,0.055,105
-4.5323,153.1886,95.17,4.6,36,101.0,1.077,0.81,us,8.56,6.56,0.098,31
16.9035,146.1767,126.288,4.1,20,169.0,1.695,0.37,us,16.37,10.709,0.13,16
-24.1493,-179.7945,514.138,4.3,31,133.0,10.473,0.6,us,9.92,14.995,0.106,25
52.2171,-173.6219,10.0,3.6,65,171.0,0.293,0.67,us,5.11,1.397,0.167,9
48.102,156.8116,10.0,4.5,17,149.0,5.044,0.7,us,8.93,1.892,0.144,16
-28.0218,-177.4728,66.397,4.4,20,250.0,1.283,0.79,us,12.8,10.135,0.135,16
52.1142,160.4031,39.866,4.3,36,167.0,1.926,0.77,us,5.62,8.82,0.096,31
44.3837,149.5287,35.0,5.1,82,98.0,4.989,0.85,us,10.0,1.861,0.075,57
51.6023,159.5305,10.0,4.8,78,126.0,1.523,0.69,us,7.63,1.864,0.057,97
43.9036,147.5989,59.817,4.1,21,190.0,3.618,0.78,us,6.47,10.772,0.145,13
14.6384,145.9817,127.319,4.5,22,152.0,0.62,1.0,us,12.85,7.009,0.135,16
-18.3753,-69.6443,119.906,4.2,18,85.0,0.662,0.75,us,5.95,4.717,0.136,15
-7.8084,106.5239,41.991,4.2,18,116.0,1.168,1.21,us,7.09,8.187,0.166,12
-33.7505,-179.3787,35.0,4.2,17,189.0,4.244,0.94,us,12.1,1.517,0.152,12
51.1298,159.5285,10.0,4.2,33,135.0,1.972,0.73,us,11.0,1.922,0.106,25
-7.5561,127.8939,149.769,4.5,38,53.0,4.199,1.08,us,8.52,6.663,0.094,33
52.1812,160.5773,10.0,4.6,48,177.0,1.984,0.9,us,10.05,1.937,0.081,45
-33.9256,-178.3594,10.0,4.5,17,248.0,4.529,0.41,us,14.83,2.001,0.157,12
-31.0643,-178.4757,95.468,5.0,51,44.0,1.874,0.56,us,12.79,4.687,0.08,52
-29.1431,-68.8739,22.369,4.1,18,74.0,1.349,1.0,us,5.81,6.278,0.302,3
50.1152,157.1579,36.368,4.9,86,136.0,3.016,0.59,us,11.47,6.972,0.034,274
52.1694,160.0339,35.0,4.4,25,134.0,1.202,0.91,us,8.71,1.826,0.13,17
50.7515,156.9587,65.988,4.3,31,133.0,2.404,0.44,us,10.64,7.58,0.129,17
-25.4251,179.6797,504.783,4.6,64,93.0,4.359,0.77,us,13.46,8.277,0.037,219
51.5905,-80.3757,10.838,4.1,37,76.0,3.801,0.76,us,10.47,5.962,0.084,39
-3.3547,144.9897,10.0,5.3,56,86.0,2.708,0.48,us,5.64,1.85,0.081,52
-22.2178,-175.8971,78.794,5.2,56,132.0,6.404,0.77,us,12.32,9.038,0.061,89
22.283,101.1732,10.0,4.1,22,83.0,1.775,0.93,us,10.91,1.915,0.158,12
41.0802,142.8917,54.877,4.2,27,137.0,0.955,0.79,us,7.35,8.011,0.131,16
-23.0953,-67.9696,155.337,4.6,29,46.0,0.24,0.93,us,7.05,3.17,0.123,20
52.6618,159.9063,39.226,4.3,32,120.0,0.844,0.76,us,10.89,8.515,0.099,29
42.7277,144.578,61.904,4.3,19,172.0,1.271,0.57,us,9.46,9.806,0.178,10
54.3707,-159.8603,10.0,3.9,29,223.0,0.487,0.84,us,4.48,1.977,0.23,5
39.4388,143.2757,43.286,4.5,39,135.0,2.167,0.32,us,5.75,7.664,0.104,27
48.9678,156.1093,10.0,4.6,59,172.0,4.265,0.55,us,9.74,1.936,0.061,81
11.139,124.3068,10.0,4.4,17,152.0,4.234,0.49,us,13.66,1.954,0.17,10
49.9439,158.0148,20.971,4.8,81,111.0,3.109,0.96,us,10.37,4.912,0.051,118
49.7629,159.5459,10.0,4.3,21,138.0,3.313,0.51,us,12.32,1.926,0.153,12
54.4977,-159.8529,35.0,4.7,150,102.0,0.367,0.66,us,4.13,1.696,0.05,126
-60.3422,-61.6432,10.0,4.8,27,118.0,4.586,0.96,us,11.79,1.854,0.16,19
52.7643,160.2606,35.0,4.2,69,145.0,1.01,0.55,us,9.16,1.954,0.063,72
54.4008,-161.466,35.0,3.7,51,183.0,0.758,0.51,us,3.21,1.994,0.19,7
-22.7353,-66.6143,224.953,4.2,29,49.0,1.459,0.96,us,9.28,8.483,0.152,12
-38.1869,176.1123,196.427,4.4,32,62.0,0.663,0.82,us,7.61,7.239,0.12,20
-0.0886,100.1054,10.0,4.6,38,152.0,2.883,1.0,us,8.43,1.91,0.114,27
1.354,126.2001,59.119,4.9,106,79.0,1.302,0.53,us,5.43,6.773,0.049,135
30.0685,138.7379,415.354,4.3,67,79.0,3.173,0.91,us,10.75,8.029,0.041,173
36.9357,141.2761,53.661,4.3,26,148.0,2.495,1.12,us,8.56,9.437,0.148,13
-31.5078,-66.328,147.125,4.9,84,36.0,1.317,0.94,us,6.52,5.514,0.029,383
42.0602,139.5657,190.876,4.6,117,48.0,1.698,0.66,us,7.41,7.002,0.055,98
46.7405,151.2916,121.835,4.1,41,135.0,6.658,0.69,us,14.26,8.584,0.084,39
29.3407,129.3771,10.0,4.5,40,109.0,2.352,0.66,us,7.79,1.901,0.11,24
-24.6283,-175.2678,10.0,4.1,10,134.0,7.423,0.65,us,8.83,1.887,0.234,5
4.118,126.796,30.662,4.4,39,113.0,1.448,0.99,us,8.99,5.887,0.095,32
-5.9669,130.9334,121.359,4.5,62,104.0,1.763,0.5,us,8.24,7.603,0.075,52
54.4463,-159.9997,10.0,4.0,56,203.0,0.453,0.78,us,5.36,1.941,0.183,8
51.5628,158.7086,35.0,4.8,40,123.0,1.463,1.27,us,9.46,1.932,0.114,38
50.3131,158.2444,10.0,4.5,90,171.0,2.726,0.74,us,10.64,1.924,0.054,100
-20.2508,-68.6433,115.696,4.1,31,59.0,0.491,1.12,us,6.9,7.449,0.175,11
1.4483,127.1465,110.645,4.3,27,79.0,2.306,0.4,us,10.13,8.467,0.126,18
16.1256,120.6539,10.0,4.7,66,107.0,6.669,0.81,us,11.17,1.918,0.077,51
-6.6831,129.8243,158.697,4.5,54,46.0,4.452,0.76,us,6.14,7.956,0.078,48
-22.7414,-12.7919,10.0,4.7,27,68.0,14.801,0.41,us,13.2,1.892,0.113,24
52.031,160.4215,10.0,4.3,20,125.0,1.469,1.25,us,9.24,1.923,0.133,16
-14.0908,167.1696,133.799,4.2,16,127.0,6.989,0.7,us,15.36,6.435,0.167,11
31.2753,131.465,52.787,4.3,19,233.0,0.897,0.72,us,9.07,11.117,0.142,14
42.4544,144.2913,81.265,5.0,116,121.0,0.95,0.63,us,7.96,6.373,0.057,99
40.2428,24.0215,10.0,4.3,27,92.0,1.182,0.7,us,5.74,1.915,0.142,14
-15.1925,-176.8391,10.0,4.7,13,96.0,1.52,0.51,us,6.97,1.834,0.195,8
48.3624,154.7331,50.021,4.3,31,162.0,5.111,0.66,us,12.47,8.833,0.116,21
29.4338,129.3125,10.0,4.5,49,107.0,2.291,0.75,us,5.93,1.518,0.079,48
-11.5254,166.2545,72.631,4.7,53,92.0,6.54,0.62,us,11.23,7.727,0.085,42
-17.7869,-70.015,109.604,4.9,48,111.0,0.546,0.51,us,5.68,5.215,0.04,194
-7.1735,129.2667,135.17,4.1,15,114.0,5.165,0.56,us,8.45,8.822,0.213,8
28.117,140.6942,184.387,4.3,35,138.0,1.668,0.62,us,12.38,9.856,0.111,23
52.3103,160.586,10.0,4.8,72,123.0,1.93,1.01,us,8.82,1.882,0.061,82
53.0668,161.2952,10.0,4.2,22,116.0,1.598,0.99,us,11.23,1.916,0.121,19
54.7442,160.2389,10.0,4.2,31,111.0,1.964,0.53,us,9.97,1.868,0.071,56
-0.6074,67.3847,10.0,4.5,45,86.0,5.715,0.48,us,8.61,1.895,0.093,34
29.2292,129.1858,10.0,5.2,97,87.0,2.517,0.99,us,2.92,1.817,0.038,231
52.6613,161.6762,10.0,4.3,20,147.0,1.871,0.95,us,10.94,1.953,0.169,10
6.5928,127.2854,10.0,4.5,34,127.0,1.759,1.18,us,7.07,1.885,0.095,33
54.7858,160.1692,10.0,4.2,33,109.0,1.982,0.41,us,12.18,1.936,0.075,50
-23.8061,179.0328,544.666,4.4,45,142.0,6.1,0.64,us,14.88,9.05,0.086,39
34.9271,26.6098,10.0,4.3,51,154.0,0.766,0.91,us,6.25,1.902,0.077,48
51.2477,159.3672,28.624,4.6,25,183.0,1.833,0.72,us,11.08,4.065,0.129,18
52.2749,160.9115,10.0,4.2,32,164.0,1.569,0.8,us,11.84,1.954,0.112,22
52.2855,160.4546,10.0,4.9,105,120.0,1.325,0.78,us,7.69,1.877,0.051,122
52.8644,160.3704,35.0,4.3,15,138.0,1.053,0.78,us,8.09,1.894,0.153,12
51.7785,158.683,61.473,4.2,46,124.0,1.247,0.66,us,8.78,7.63,0.095,31
44.0547,83.4228,10.0,4.6,53,93.0,2.853,0.74,us,7.8,1.883,0.087,40
52.766,161.2899,10.0,4.0,13,195.0,1.62,1.18,us,12.55,2.001,0.212,6
8.0041,126.9915,35.0,4.4,26,99.0,1.68,0.79,us,8.11,1.934,0.123,19
-56.8159,-68.4705,10.0,5.0,66,146.0,1.947,0.52,us,9.49,1.893,0.074,58
51.8747,-174.2378,83.682,3.4,37,199.0,0.328,0.43,us,9.08,10.456,0.186,7
-20.9301,-67.4047,187.696,4.6,45,51.0,1.817,1.13,us,7.1,7.433,0.093,35
51.0453,157.0508,79.483,4.5,60,134.0,2.104,0.61,us,11.78,7.338,0.077,49
52.3042,160.6669,10.0,4.4,40,144.0,1.424,1.0,us,9.0,1.921,0.118,21
-6.3392,152.0385,10.0,4.4,28,112.0,2.138,0.49,us,7.87,1.897,0.126,18
51.2504,161.0323,10.0,4.1,31,130.0,2.304,0.73,us,4.4,1.91,0.12,19
-15.4012,-176.1986,330.0,4.2,32,113.0,4.524,0.68,us,14.64,1.973,0.081,42
-47.6325,116.1184,10.0,4.6,14,176.0,14.712,0.45,us,10.45,1.96,0.193,8
34.2042,26.18,49.351,4.0,38,162.0,1.564,1.35,us,9.05,9.978,0.138,15
53.191,159.9222,65.918,4.5,114,127.0,0.785,0.65,us,10.14,6.881,0.055,98
-17.4331,167.6873,10.0,4.9,34,152.0,4.469,0.58,us,11.9,1.92,0.104,29
41.0304,143.2638,33.371,4.3,37,136.0,0.987,0.77,us,5.0,3.741,0.1,28
5.8112,125.5447,67.379,4.6,78,86.0,1.073,0.69,us,8.45,5.791,0.067,67
-55.4726,-26.1917,10.0,4.2,14,120.0,6.062,0.63,us,14.6,1.946,0.146,13
52.3906,160.7468,10.0,5.1,78,134.0,1.425,0.99,us,10.72,1.898,0.072,62
45.8924,148.7003,149.425,4.2,33,143.0,4.68,0.79,us,10.16,9.45,0.121,19
51.4177,159.5689,39.035,5.2,184,110.0,1.705,0.55,us,7.22,5.598,0.027,441
19.1365,145.5853,211.942,4.2,34,146.0,3.879,0.95,us,12.96,9.579,0.1,28
12.9724,40.9803,10.0,4.3,34,123.0,2.32,0.64,us,5.38,1.916,0.116,21
53.015,161.1316,10.0,4.1,27,183.0,1.499,0.62,us,11.86,1.962,0.107,24
-10.9721,163.8334,10.0,4.1,11,212.0,4.117,0.98,us,12.51,2.024,0.197,7
-56.9407,-67.1374,10.0,4.6,28,131.0,2.032,0.76,us,6.9,1.926,0.114,25
49.9024,156.2146,55.955,4.2,27,138.0,3.342,0.71,us,12.84,8.429,0.128,17
49.9381,157.3568,10.0,4.2,35,138.0,3.182,0.66,us,10.88,1.447,0.104,26
51.0955,159.4438,10.0,4.2,22,173.0,1.992,0.64,us,7.13,1.966,0.146,15
52.5372,158.9161,72.361,5.2,105,109.0,0.513,0.81,us,8.37,5.849,0.02,811
2.3958,98.9189,156.671,4.9,49,131.0,0.296,0.86,us,9.67,4.803,0.082,47
41.5422,142.0961,67.15,4.4,67,116.0,0.923,0.54,us,2.79,7.356,0.071,58
51.8197,160.4602,35.0,4.2,23,164.0,1.638,0.79,us,10.8,1.993,0.136,15
50.5767,158.9402,10.0,4.8,26,132.0,2.457,1.14,us,10.77,1.903,0.143,15
52.7157,160.2948,35.0,5.1,17,133.0,1.044,0.93,us,13.42,1.95,0.164,12
51.3272,158.5545,40.888,4.6,57,118.0,1.7,0.86,us,9.62,7.098,0.057,94
51.1059,159.6807,10.0,4.9,34,170.0,2.023,0.76,us,11.95,1.955,0.104,29
54.4544,-159.771,10.0,3.6,75,197.0,0.392,1.19,us,5.4,1.976,0.289,3
52.2414,160.5389,10.0,4.4,34,137.0,1.392,0.86,us,8.18,1.658,0.1,29
51.3745,175.213,10.0,4.1,57,183.0,1.521,0.59,us,6.83,1.937,0.087,36
-19.2153,-69.0791,121.532,4.4,64,92.0,0.464,0.92,us,6.32,4.237,0.07,60
54.2018,-163.1092,28.982,3.5,62,194.0,0.578,0.86,us,2.75,10.185,0.222,5
52.315,160.3324,30.084,4.4,22,122.0,1.246,0.81,us,11.47,6.416,0.12,20
23.7187,121.5477,22.06,4.3,25,81.0,0.398,1.16,us,2.52,6.895,0.153,12
-58.8007,-25.4875,29.994,5.5,63,33.0,7.576,0.86,us,9.88,5.042,0.052,126
52.1891,160.6032,21.473,4.2,30,148.0,1.455,1.09,us,11.4,6.788,0.107,24
-21.5838,-68.242,131.104,4.2,21,69.0,0.954,0.42,us,6.96,8.051,0.141,14
52.2214,158.6541,73.695,4.8,61,115.0,0.803,0.78,us,8.09,6.434,0.039,207
-24.4318,-67.2982,200.54,4.2,25,75.0,1.68,0.89,us,7.06,11.735,0.147,13
14.6323,-93.4552,41.496,4.2,31,174.0,2.075,0.97,us,7.82,14.315,0.186,8
-6.4244,103.6124,35.0,4.7,45,159.0,1.607,0.82,us,7.87,1.946,0.098,32
42.5355,-126.3243,10.0,3.3,25,188.0,1.48,0.67,us,6.52,1.993,0.243,6
-7.312,128.9147,113.359,4.0,23,106.0,5.198,0.49,us,8.11,7.468,0.122,18
52.8586,160.3798,46.241,4.3,46,119.0,1.06,0.56,us,9.7,7.15,0.084,40
50.779,156.9873,81.555,4.5,76,137.0,2.374,0.44,us,11.75,7.451,0.062,75
12.9214,145.6851,10.0,4.4,27,110.0,1.036,0.82,us,8.9,1.904,0.134,16
52.6072,160.4617,35.0,4.6,55,150.0,1.176,1.06,us,9.64,1.936,0.074,54
40.161,142.5495,42.412,4.3,16,135.0,1.295,0.34,us,10.84,9.413,0.161,11
-36.4735,177.2808,10.0,4.2,17,106.0,1.362,0.79,us,5.59,1.922,0.167,10
52.1162,159.7255,65.246,4.3,46,138.0,1.121,0.89,us,11.44,7.875,0.089,36
-13.3198,-111.7371,10.0,5.1,94,158.0,13.919,0.58,us,13.96,1.917,0.057,100
27.3882,129.3926,23.212,4.6,64,86.0,1.14,0.9,us,6.0,5.154,0.077,50
47.3961,152.2406,130.244,4.2,72,134.0,6.478,0.82,us,12.39,8.277,0.07,57
49.3395,156.1103,59.872,4.5,38,190.0,3.904,0.48,us,12.15,8.112,0.084,42
-6.5058,128.9902,214.82,4.4,33,103.0,4.821,0.71,us,10.21,8.365,0.11,24
-17.9591,-178.4971,567.58,4.4,61,80.0,2.515,0.75,us,12.21,6.424,0.067,64
51.5784,178.4737,76.757,4.0,39,184.0,0.359,0.72,us,5.11,4.446,0.15,12
9.1369,-83.7868,50.232,4.3,36,128.0,0.638,0.62,us,7.57,8.797,0.111,23
-23.9369,-179.8111,529.302,4.1,24,244.0,14.516,0.59,us,13.69,14.241,0.127,20
-9.0626,124.0975,94.912,4.0,14,87.0,0.708,0.88,us,8.23,7.782,0.183,8
-31.6828,179.8822,409.734,4.2,36,180.0,6.007,1.11,us,15.55,13.757,0.125,20
52.7204,-161.3684,10.0,4.1,67,172.0,2.325,0.81,us,7.56,1.971,0.26,4
-12.5365,167.0174,201.186,4.7,147,66.0,2.899,0.5,us,9.86,5.901,0.038,218
-3.2992,129.0835,23.328,4.1,29,61.0,1.465,0.67,us,4.27,5.454,0.12,22
-31.4635,-178.2317,41.033,4.6,17,173.0,2.227,0.83,us,13.91,13.42,0.152,15
9.545,-40.4776,10.0,4.6,26,59.0,12.844,0.69,us,13.05,1.887,0.136,19
51.5168,159.8108,35.0,4.3,28,161.0,1.669,1.35,us,10.11,1.91,0.142,16
52.3274,161.0499,10.0,4.5,14,232.0,1.619,0.87,us,9.79,1.971,0.163,11
-6.9553,125.9265,476.112,4.5,62,41.0,3.23,0.7,us,11.42,6.644,0.087,39
7.5868,-36.6151,10.0,4.4,12,117.0,13.344,0.54,us,15.3,1.951,0.179,9
52.611,160.5691,10.0,5.0,81,134.0,1.236,0.91,us,10.72,1.887,0.037,235
51.5715,-168.3461,10.0,3.5,39,187.0,1.437,0.8,us,5.94,1.979,0.097,26
-8.2455,107.3798,35.0,4.6,42,97.0,0.823,0.83,us,5.43,1.905,0.1,31
-25.0496,-68.7605,93.553,4.4,30,71.0,0.761,0.7,us,7.64,6.486,0.124,19
-57.0537,-68.6834,10.0,4.4,14,154.0,2.207,0.58,us,10.49,1.873,0.19,8
51.332,159.7044,24.879,4.2,26,128.0,1.814,1.23,us,9.95,6.105,0.124,18
51.24,157.3795,53.658,4.0,17,223.0,1.882,0.55,us,15.8,12.061,0.156,11
-9.3275,159.6151,48.813,4.5,32,120.0,0.346,0.62,us,13.14,6.388,0.102,28
52.8196,161.163,10.0,4.4,56,148.0,1.535,0.68,us,10.18,1.942,0.066,65
51.0353,158.6013,35.0,4.6,101,129.0,1.991,0.78,us,8.29,1.911,0.053,105
0.652,121.5651,80.966,4.5,54,113.0,0.906,0.77,us,8.79,7.143,0.079,47
39.8604,-29.5871,10.0,4.5,24,153.0,3.802,0.84,us,13.91,1.911,0.136,16
6.9045,-73.0855,155.58,4.1,94,90.0,2.387,0.78,us,7.14,7.969,0.06,81
-13.423,167.4922,10.0,4.4,33,161.0,2.031,0.81,us,9.43,1.894,0.112,23
83.339,-32.3826,10.0,4.0,24,67.0,2.695,1.2,us,7.71,1.913,0.163,11
54.5783,-160.4067,13.855,3.8,31,162.0,0.538,1.16,us,4.85,6.11,0.208,6
-32.1158,-68.3992,126.63,4.9,201,42.0,0.614,0.6,us,7.1,5.814,0.038,214
-45.9818,95.6026,10.0,4.4,21,110.0,33.553,0.61,us,8.09,1.909,0.124,19
-19.6384,-177.7592,585.953,4.2,89,122.0,4.164,1.01,us,14.71,8.249,0.059,80
48.8248,155.9886,10.0,4.5,28,138.0,4.423,0.8,us,12.93,1.91,0.122,20
2.9684,-31.4072,10.0,5.0,33,69.0,9.822,0.78,us,12.41,1.874,0.069,66
30.9563,99.0742,10.0,4.4,57,81.0,6.981,0.36,us,5.85,1.871,0.084,41
50.191,-179.3977,10.0,3.7,52,243.0,1.413,0.55,us,6.66,1.978,0.115,19
-52.603,140.0909,10.0,4.4,14,142.0,15.499,0.61,us,13.55,1.95,0.148,13
-13.5346,176.3596,10.0,4.2,22,89.0,4.126,0.66,us,11.07,1.895,0.132,16
39.9137,143.4343,10.0,4.4,24,143.0,2.011,1.27,us,3.89,1.935,0.149,13
-6.8703,147.4801,64.363,4.7,54,61.0,2.538,0.96,us,8.55,7.31,0.073,58
51.7857,159.8227,25.681,5.8,44,60.0,1.433,0.63,us,5.47,4.543,0.131,28
47.9545,22.9676,10.0,4.3,19,121.0,1.537,1.18,us,4.89,1.975,0.217,6
-18.1101,167.5363,10.0,4.2,12,258.0,3.913,0.46,us,8.07,1.993,0.2,7
33.4962,71.9641,10.0,4.3,27,99.0,4.825,0.91,us,5.12,1.919,0.133,17
34.5682,32.4728,10.0,4.2,81,107.0,0.808,0.75,us,5.43,1.867,0.07,63
-21.3015,-66.6905,227.673,4.7,34,55.0,2.145,0.86,us,8.76,8.289,0.104,28
0.0672,97.2173,10.0,4.2,18,219.0,3.117,0.73,us,11.23,1.976,0.176,9
-28.925,-71.4305,37.147,4.3,28,159.0,0.645,0.93,us,4.0,9.454,0.201,7
-6.9786,127.3578,300.518,4.3,20,85.0,5.03,1.17,us,10.97,8.553,0.189,8
15.8846,146.8056,48.577,4.4,59,131.0,1.17,0.74,us,11.83,6.835,0.077,49
-23.0918,172.3639,10.0,4.4,17,133.0,4.561,1.14,us,12.29,1.898,0.139,15
-0.9822,134.2512,32.556,4.6,38,81.0,0.53,0.77,us,6.43,5.673,0.107,26
-18.7291,65.5576,10.0,4.6,25,86.0,2.305,0.72,us,12.06,1.882,0.119,21
42.6752,142.4844,127.539,4.3,37,100.0,0.827,0.59,us,7.38,8.157,0.107,25
-7.1001,129.3331,171.476,4.3,23,72.0,2.623,0.82,us,9.63,9.758,0.129,17
17.2831,-60.1479,21.47,4.1,40,141.0,1.297,0.73,us,6.39,6.668,0.151,12
25.5285,62.8305,20.059,4.5,35,121.0,6.028,1.16,us,13.87,6.636,0.061,79
-24.9262,-176.1399,35.0,4.6,16,216.0,8.962,0.67,us,13.97,1.98,0.151,13
-23.4303,179.0358,559.959,4.6,54,132.0,5.731,0.95,us,13.78,9.717,0.057,93
50.4323,160.0336,10.0,4.4,38,134.0,2.734,0.53,us,10.87,1.925,0.099,29
28.6714,51.0691,10.0,4.0,24,92.0,5.901,0.93,us,5.32,1.958,0.143,13
10.7143,-62.8249,109.287,4.7,60,84.0,1.818,0.97,us,9.83,7.775,0.035,246
52.5398,160.7671,10.0,4.5,61,162.0,1.374,0.64,us,10.29,1.937,0.067,66
7.0882,127.5859,10.0,4.0,21,96.0,1.992,0.56,us,5.14,1.836,0.164,11
41.2096,142.1449,54.88,4.9,62,112.0,0.919,0.63,us,5.69,5.625,0.063,79
0.0162,129.5122,19.574,4.2,19,97.0,1.953,0.48,us,8.63,4.962,0.153,12
0.2821,130.1837,20.713,4.3,17,124.0,1.565,0.49,us,11.23,5.886,0.153,12
52.9033,160.477,43.072,4.3,23,165.0,1.112,0.94,us,13.0,9.866,0.147,13
11.972,143.8864,10.0,5.0,140,46.0,1.871,0.48,us,8.35,1.823,0.034,281
34.316,26.5407,65.095,4.0,36,191.0,2.293,1.02,us,9.54,11.751,0.093,31
49.3942,155.4985,66.436,4.2,30,151.0,3.967,0.69,us,13.27,8.436,0.115,21
-6.3743,149.3391,32.99,5.0,108,29.0,3.366,0.7,us,6.85,5.124,0.049,133
34.9789,26.0836,10.0,4.1,42,167.0,1.048,1.0,us,7.33,1.941,0.124,18
-5.5697,147.1227,181.98,4.7,49,51.0,3.511,0.81,us,4.99,7.634,0.043,167
-5.8578,152.5154,10.0,4.1,18,194.0,1.692,0.44,us,7.97,1.743,0.145,13
52.298,160.5322,10.0,4.9,104,121.0,1.357,0.63,us,7.73,1.854,0.043,170
5.1156,125.3731,181.628,4.3,41,85.0,0.395,0.49,us,8.41,5.33,0.097,30
52.0262,160.4057,10.0,4.3,19,179.0,1.466,0.98,us,9.95,1.949,0.153,12
48.9896,156.1798,10.0,5.2,152,118.0,4.234,0.98,us,10.1,1.867,0.029,391
53.3261,160.5689,54.316,4.3,38,164.0,1.194,1.06,us,12.76,8.36,0.108,24
53.6152,-166.9268,98.508,3.8,70,159.0,0.181,0.55,us,7.98,3.928,0.192,7
6.4428,126.0354,135.093,4.5,53,112.0,0.77,0.65,us,9.27,6.883,0.078,48
-25.7683,-176.8847,77.33,4.3,21,132.0,3.599,0.46,us,13.0,9.22,0.133,17
50.6544,157.3392,60.903,4.3,30,222.0,2.468,0.6,us,12.72,9.138,0.096,31
50.8083,159.4247,10.0,4.3,39,136.0,2.27,1.0,us,14.43,1.945,0.086,38
14.3348,-91.8126,85.517,4.7,112,40.0,1.961,0.92,us,8.99,5.342,0.033,279
51.9416,161.6932,10.0,4.1,35,126.0,2.153,0.58,us,11.23,1.917,0.102,28
15.2367,147.3542,10.0,4.5,25,151.0,1.508,0.68,us,8.9,1.932,0.128,18
32.5027,142.4884,10.0,4.4,22,129.0,2.334,1.24,us,8.94,1.9,0.155,12
-4.9005,150.9605,251.285,4.7,89,53.0,1.391,0.7,us,8.29,6.478,0.034,257
-10.385,160.8038,13.993,4.9,69,83.0,1.263,0.64,us,7.44,3.729,0.064,78
43.3963,148.0922,10.0,4.6,46,135.0,3.89,0.87,us,11.29,1.831,0.096,32
43.3626,-126.1887,10.0,3.6,38,254.0,1.279,0.45,us,4.23,2.008,0.139,14
51.9156,158.0088,85.977,4.2,38,137.0,1.177,0.83,us,10.2,7.514,0.105,25
-22.1775,-179.6341,596.772,4.0,20,199.0,4.917,0.6,us,20.1,8.377,0.119,19
14.5065,-94.2808,10.0,4.0,25,131.0,2.07,0.82,us,7.39,1.994,0.164,10
53.0173,159.5249,73.11,4.3,24,173.0,0.529,0.63,us,10.78,8.829,0.129,17
-6.0885,151.9158,10.0,4.6,44,152.0,1.773,0.94,us,10.91,1.911,0.082,44
-30.0116,-177.4892,35.0,4.4,17,243.0,9.722,1.05,us,16.03,2.003,0.155,12
28.2336,-43.682,10.0,4.3,28,178.0,31.529,0.54,us,18.24,1.972,0.109,24
-49.1395,124.9343,10.0,4.5,20,67.0,16.718,0.8,us,13.54,1.899,0.131,19
64.5234,-39.9362,10.0,4.5,105,55.0,4.208,0.58,us,3.94,1.892,0.056,92
34.3203,45.5786,10.0,4.5,72,67.0,0.38,0.73,us,5.68,1.836,0.08,46
52.6169,-32.0699,10.0,4.5,71,84.0,11.228,1.13,us,9.72,1.907,0.072,56
6.2037,126.8425,80.527,4.5,50,66.0,1.522,0.86,us,8.16,6.013,0.079,47
-55.2935,-27.9304,10.0,4.4,18,93.0,5.055,0.53,us,9.32,1.656,0.139,16
-6.3364,125.7979,514.693,4.3,22,69.0,3.355,0.87,us,13.06,9.805,0.16,11
52.0659,160.8269,10.0,4.2,19,257.0,1.639,0.91,us,9.45,1.916,0.167,11
-53.1062,-47.1594,10.0,4.9,31,116.0,6.448,1.07,us,12.95,1.855,0.125,20
-13.0398,166.7778,125.525,4.3,26,93.0,2.428,0.89,us,8.34,7.153,0.13,17
-4.6583,125.1727,521.228,4.3,19,73.0,2.436,0.55,us,14.82,9.922,0.16,11
-21.0829,174.3502,10.0,4.4,9,132.0,4.82,0.6,us,8.1,1.926,0.268,4
-8.639,-76.1226,10.0,4.7,58,128.0,3.402,0.7,us,10.23,1.88,0.068,65
51.8275,160.1908,10.0,5.0,24,209.0,1.525,0.53,us,13.52,1.975,0.188,9
-31.1823,-178.6234,10.0,4.4,14,251.0,6.851,0.35,us,12.68,1.995,0.149,13
50.0968,159.704,10.0,4.3,23,225.0,3.004,1.05,us,11.56,1.972,0.138,15
52.0872,160.576,10.0,4.3,28,178.0,1.504,0.92,us,10.61,1.933,0.123,19
13.8751,120.649,129.637,4.3,34,128.0,8.904,0.86,us,10.39,8.691,0.104,26
17.5087,-95.2491,138.852,4.3,35,140.0,0.945,0.67,us,8.46,8.819,0.099,29
-8.1718,-75.8205,10.0,4.9,65,135.0,3.117,0.75,us,9.33,1.885,0.05,127
-55.82,-27.8286,72.921,4.7,19,195.0,5.211,1.02,us,8.52,10.056,0.123,20
52.12,160.419,35.0,4.8,145,89.0,1.931,0.68,us,8.88,1.912,0.038,221
-19.0942,169.6384,10.0,4.2,26,109.0,4.057,0.81,us,8.52,1.914,0.121,19
29.7467,142.159,10.0,4.4,45,129.0,2.641,0.74,us,6.54,1.72,0.096,31
51.502,159.6566,10.0,5.2,89,93.0,1.645,1.23,us,5.45,1.856,0.04,205
-58.2784,148.7591,10.0,4.6,24,111.0,6.802,0.66,us,11.91,1.946,0.12,24
51.548,159.5784,10.0,4.6,23,127.0,1.584,0.67,us,9.16,1.85,0.223,6
53.0062,161.3204,10.0,4.2,26,118.0,1.613,1.24,us,10.75,1.915,0.107,24
50.9895,159.1153,10.0,4.6,32,135.0,2.295,0.64,us,10.55,1.919,0.113,23
50.9922,157.1274,60.58,4.3,38,134.0,2.149,0.57,us,11.53,8.078,0.096,31
34.1848,23.9131,35.0,4.2,39,116.0,2.996,0.6,us,8.57,1.948,0.121,19
50.2957,157.5735,30.211,4.5,59,187.0,2.813,0.67,us,12.22,7.226,0.07,59
-21.6058,-179.1001,575.623,4.1,26,104.0,4.685,0.47,us,15.25,11.615,0.116,20
52.3084,160.3714,31.272,4.9,36,123.0,1.813,0.61,us,8.17,4.88,0.108,27
-59.9755,-61.6371,10.0,5.0,23,124.0,4.945,1.11,us,10.09,1.904,0.129,19
51.8762,160.9509,10.0,4.5,71,126.0,1.817,0.54,us,9.37,1.898,0.062,78
14.9447,147.0388,37.539,4.6,94,102.0,1.238,0.7,us,7.91,6.952,0.061,86
37.4873,142.0501,45.246,4.4,34,149.0,3.216,1.1,us,4.76,9.275,0.117,21
-22.8674,171.6726,10.0,4.4,13,129.0,3.909,0.93,us,6.98,1.919,0.239,5
50.0196,157.7816,35.0,4.1,24,186.0,3.057,1.22,us,13.45,1.983,0.139,14
17.2051,19.5011,10.0,4.4,55,79.0,14.257,0.85,us,10.96,1.931,0.076,50
44.4963,146.5691,147.488,4.5,98,132.0,2.879,0.6,us,10.48,7.762,0.059,83
-47.4548,97.5199,10.0,4.6,14,126.0,20.085,0.38,us,11.76,1.881,0.158,12
-61.7352,161.6393,10.0,4.4,14,159.0,7.396,0.24,us,10.16,1.958,0.144,16
-6.3373,148.7999,53.067,4.1,25,119.0,3.454,0.46,us,7.26,5.517,0.14,18
25.2719,123.9569,115.37,4.3,40,117.0,0.924,0.68,us,6.32,8.473,0.097,30
38.0069,20.1919,51.068,4.2,24,125.0,1.606,0.88,us,6.34,11.571,0.176,11
36.4716,70.6872,196.009,4.0,17,95.0,2.327,0.58,us,6.95,7.082,0.173,9
31.9766,141.0053,10.0,4.5,24,148.0,1.517,1.11,us,9.37,1.937,0.144,14
51.5344,159.1375,35.0,4.2,34,143.0,1.521,0.4,us,9.81,1.958,0.121,19
44.0317,146.4922,85.846,4.3,19,149.0,2.811,0.67,us,9.87,8.477,0.116,21
-9.686,159.5362,11.297,4.2,20,121.0,0.474,0.67,us,8.23,5.398,0.118,20
13.1958,49.8329,10.0,4.3,18,180.0,5.46,0.92,us,14.01,1.985,0.154,12
42.2766,144.6046,42.195,4.3,127,118.0,1.108,0.68,us,7.19,7.306,0.05,116
-47.3633,165.4721,10.0,4.3,37,99.0,1.457,0.91,us,8.11,1.922,0.177,9
50.9789,160.8626,10.0,4.4,24,132.0,2.462,0.74,us,7.09,1.898,0.123,19
51.6923,159.1684,10.0,4.7,70,135.0,1.371,0.68,us,10.14,1.908,0.074,55
51.6356,159.071,35.0,4.3,26,137.0,1.414,0.63,us,11.74,1.946,0.116,21
-10.1601,108.494,10.0,4.9,73,58.0,2.776,0.65,us,6.92,1.852,0.072,61
-23.6315,-179.0609,393.102,4.1,29,116.0,6.45,0.81,us,9.17,7.784,0.117,20
-56.9741,156.667,10.0,4.4,13,138.0,2.795,1.09,us,10.21,1.916,0.179,9
8.9324,-66.8932,8.446,4.3,38,68.0,2.58,0.59,us,7.72,4.189,0.129,17
2.3659,126.7741,65.091,4.4,39,107.0,2.139,1.1,us,9.67,7.007,0.095,32
-6.2539,149.149,55.607,4.6,26,131.0,3.635,0.91,us,12.03,8.707,0.122,20
54.61,-160.2111,35.0,3.8,26,197.0,0.423,1.0,us,6.01,2.009,0.208,8
52.2253,160.7007,10.0,4.5,46,152.0,1.484,0.87,us,9.24,1.929,0.096,32
-14.966,-75.9119,10.0,4.3,20,143.0,3.096,1.13,us,10.9,1.913,0.2,7
11.203,124.0679,10.0,4.7,46,88.0,4.37,0.81,us,10.83,1.904,0.093,35
-6.9573,73.2022,10.0,4.3,14,91.0,0.87,0.65,us,7.67,1.247,0.188,8
29.3359,129.3647,10.0,4.3,31,109.0,2.361,0.53,us,7.96,1.91,0.122,19
51.545,159.557,35.0,5.1,177,124.0,1.582,0.53,us,9.25,1.903,0.028,405
52.0084,160.3053,35.0,4.6,59,170.0,1.434,0.65,us,9.31,1.947,0.073,56
-3.3915,145.9476,10.0,4.6,22,71.0,1.95,0.58,us,8.09,1.775,0.141,15
7.3513,127.4086,10.0,4.9,38,60.0,1.837,0.76,us,7.13,1.88,0.098,33
31.5598,131.6068,53.962,4.3,20,137.0,0.987,0.78,us,7.4,9.872,0.142,14
49.8013,155.779,82.136,4.5,59,124.0,3.522,0.65,us,6.24,6.287,0.06,82
29.3581,129.4375,10.0,4.5,47,112.0,2.316,0.58,us,7.96,1.891,0.076,54
-30.7593,-177.8487,49.896,4.5,20,114.0,1.494,0.95,us,11.64,9.38,0.135,16
53.0676,160.2664,35.0,4.3,19,152.0,0.977,1.05,us,12.18,1.986,0.138,15
51.8183,159.6808,54.618,4.3,26,167.0,1.362,0.51,us,10.27,7.235,0.125,19
-7.5021,127.7856,165.364,4.6,67,33.0,3.633,0.45,us,7.1,7.133,0.067,66
-54.5264,-135.5028,10.0,4.9,37,63.0,28.586,1.09,us,12.89,1.894,0.096,38
39.2223,28.048,10.0,4.2,28,57.0,0.95,0.84,us,4.9,1.872,0.215,6
-23.7252,-179.435,532.579,4.1,23,156.0,6.397,0.75,us,12.36,11.164,0.131,17
28.2622,101.9056,10.0,4.4,46,110.0,7.82,0.9,us,7.77,1.594,0.092,35
51.3069,160.6524,10.0,4.4,33,130.0,2.116,0.76,us,8.91,1.914,0.117,21
-29.2831,-177.8099,10.0,4.7,30,129.0,8.87,0.77,us,13.84,1.922,0.11,25
49.8958,157.5715,10.0,5.6,196,79.0,3.204,0.71,us,5.14,1.838,0.019,975
52.062,159.6171,35.0,5.0,15,194.0,1.13,1.24,us,9.82,1.988,0.137,17
61.0366,-60.3505,10.0,4.2,25,115.0,4.682,1.32,us,8.43,1.949,0.124,18
7.5157,126.9389,20.631,4.4,33,65.0,1.42,0.97,us,8.95,5.74,0.105,26
-2.1393,138.4607,10.0,4.7,40,71.0,0.454,0.75,us,4.51,1.832,0.102,29
-15.3106,167.5238,144.522,4.8,45,117.0,6.054,0.92,us,11.86,3.508,0.091,37
49.4452,157.2969,28.46,4.4,35,136.0,3.677,0.69,us,5.55,5.796,0.109,24
-14.138,167.2447,196.569,4.4,31,161.0,1.302,0.92,us,14.67,7.759,0.106,27
51.1203,158.2101,46.91,4.9,40,122.0,1.925,0.89,us,9.98,7.196,0.055,104
52.4098,160.5068,29.032,4.3,51,151.0,1.844,1.06,us,10.77,7.087,0.083,43
51.2483,159.3828,10.0,4.1,22,142.0,1.834,1.05,us,11.88,1.944,0.127,17
11.4114,124.4013,10.005,4.4,29,83.0,4.468,0.64,us,10.82,4.911,0.123,19
14.1216,147.171,10.0,4.4,30,96.0,1.733,1.08,us,7.86,1.921,0.126,21
-32.682,-179.6924,10.0,4.3,7,250.0,5.137,0.15,us,13.72,2.011,0.188,8
28.7236,67.1787,10.0,4.3,34,137.0,10.043,0.83,us,7.41,1.914,0.106,25
12.9684,145.6685,10.0,4.9,49,55.0,0.994,0.8,us,6.89,1.843,0.052,117
9.6784,126.2416,32.153,4.5,57,102.0,2.673,0.47,us,11.95,4.812,0.078,48
13.2889,-90.9944,11.649,4.5,128,88.0,1.326,0.96,us,6.99,4.389,0.038,207
-52.8962,22.0141,10.0,4.4,23,77.0,20.523,0.66,us,10.93,1.87,0.12,21
7.3345,126.9573,80.329,4.5,61,54.0,1.392,0.68,us,8.63,7.062,0.076,51
-7.371,129.596,62.959,4.3,10,138.0,5.151,0.33,us,14.02,9.078,0.177,9
2.8303,125.3162,153.684,4.3,39,85.0,1.457,0.68,us,5.35,5.744,0.134,20
40.0496,145.275,10.0,4.3,23,135.0,2.534,0.72,us,8.95,1.926,0.137,15
-24.1137,-66.7998,198.342,4.3,40,62.0,1.714,0.76,us,8.23,6.922,0.148,13
7.3879,126.8149,71.064,4.9,92,91.0,1.266,0.7,us,8.8,2.565,0.069,66
51.3919,157.5509,61.529,4.6,34,120.0,1.721,0.67,us,10.26,8.292,0.105,27
52.1981,160.5016,25.366,5.1,162,127.0,1.399,0.61,us,10.53,5.375,0.047,150
-20.7248,-68.9776,100.041,4.1,18,87.0,0.572,0.62,us,4.23,5.79,0.174,9
52.48,160.2774,35.0,4.4,57,163.0,1.129,0.94,us,10.11,1.864,0.07,59
-23.4268,170.8657,10.0,4.6,17,194.0,3.252,0.79,us,12.11,1.981,0.157,12
-27.9645,-66.6791,153.343,4.3,38,41.0,3.316,0.46,us,8.55,7.592,0.101,28
18.6747,120.637,28.121,4.7,53,118.0,4.143,1.0,us,12.14,5.902,0.077,51
51.8242,159.6653,27.956,4.6,44,124.0,1.352,0.91,us,10.34,6.158,0.078,49
-7.3438,155.7987,35.0,4.4,58,92.0,4.602,0.59,us,10.58,1.923,0.079,46
-57.6193,157.9536,39.626,4.3,20,140.0,3.177,0.76,us,7.97,11.422,0.148,13
-29.8344,-178.0029,106.906,4.5,25,186.0,12.28,0.56,us,15.83,8.284,0.139,17
50.1717,159.6266,10.0,4.2,26,231.0,2.92,0.59,us,14.29,1.982,0.136,15
60.6064,-140.0927,5.0,4.2,23,86.0,0.499,0.95,us,2.1,1.472,0.177,9
50.5179,157.9788,29.165,4.3,34,131.0,2.544,0.95,us,10.15,6.188,0.099,29
-8.9813,123.9429,89.944,4.6,44,77.0,0.833,1.18,us,8.96,7.257,0.087,39
-61.0363,-38.7333,10.0,4.2,13,130.0,6.877,0.78,us,8.11,1.879,0.176,11
50.8403,158.6814,10.0,4.3,33,149.0,2.186,0.97,us,12.72,1.962,0.095,31
52.1637,159.0157,61.099,4.1,36,162.0,0.889,0.59,us,9.4,7.804,0.103,26
50.5109,157.7844,35.0,4.7,60,131.0,2.573,0.68,us,9.27,1.924,0.038,209
-9.6951,122.1727,66.901,4.2,22,74.0,1.055,0.76,us,6.15,8.55,0.146,13
50.2468,158.3374,10.0,4.4,26,133.0,2.787,0.71,us,6.38,1.927,0.12,20
49.871,157.4706,43.871,5.5,147,58.0,3.242,0.93,us,8.28,6.198,0.021,818
43.2082,148.2215,10.0,4.3,32,137.0,3.923,1.02,us,8.58,1.791,0.116,21
51.0719,158.3841,35.0,5.1,89,89.0,1.961,0.89,us,9.02,1.85,0.025,534
3.1092,-31.38,10.0,4.6,54,121.0,9.959,0.47,us,12.96,1.893,0.075,53
53.1798,161.3413,10.0,4.1,30,117.0,1.63,0.4,us,9.38,1.873,0.124,18
51.8928,160.4765,10.0,4.4,45,165.0,1.591,0.84,us,8.9,1.936,0.092,34
52.9721,160.6757,35.0,4.5,21,205.0,1.225,0.57,us,12.24,2.003,0.18,9
-15.284,-179.1933,431.748,4.3,34,65.0,1.821,0.66,us,12.49,5.102,0.119,21
-4.5374,153.2974,11.332,4.4,32,102.0,1.182,0.65,us,6.47,4.632,0.112,23
-24.0586,-111.5597,10.0,4.4,24,84.0,3.656,1.1,us,14.44,1.544,0.143,16
52.7251,161.0944,10.0,4.3,31,120.0,1.511,1.08,us,9.97,1.899,0.107,25
-6.8296,131.5473,10.0,4.6,15,117.0,2.815,0.59,us,7.52,1.893,0.223,6
52.3686,160.7066,10.0,4.4,14,166.0,1.413,0.86,us,14.04,1.962,0.22,7
33.707,139.4568,10.0,4.4,30,109.0,0.661,0.55,us,6.3,1.903,0.155,12
36.6789,71.3884,155.622,4.3,44,165.0,1.85,0.53,us,8.83,9.805,0.09,35
8.7018,126.9099,35.0,5.2,55,94.0,2.09,1.03,us,10.47,1.874,0.046,166
-15.7213,167.8704,197.755,4.7,40,122.0,0.698,0.73,us,10.52,2.281,0.102,29
17.4694,-100.2786,35.0,4.4,98,83.0,0.294,1.22,us,5.02,1.837,0.041,169
16.1907,121.985,73.046,4.4,37,113.0,7.187,0.83,us,14.25,8.579,0.112,23
-43.5631,-16.1095,10.0,4.6,17,89.0,17.09,0.73,us,14.25,1.944,0.137,17
-25.6481,-179.7473,476.026,4.1,23,185.0,8.126,0.67,us,12.28,14.581,0.126,18
-56.7236,-23.9957,10.0,5.1,28,189.0,7.503,0.91,us,15.03,1.965,0.112,26
26.1958,125.128,185.198,4.6,58,53.0,1.981,0.83,us,7.94,7.904,0.069,71
-58.7317,-24.4711,10.0,4.5,23,184.0,7.999,0.56,us,15.21,1.984,0.115,22
5.2339,126.8677,92.61,4.3,34,112.0,1.47,0.78,us,7.57,7.749,0.103,27
49.2125,157.8883,10.0,4.5,56,126.0,3.846,0.57,us,4.72,1.884,0.086,40
36.4991,70.7453,232.514,4.2,65,80.0,2.279,1.32,us,7.86,7.316,0.079,47
41.1545,71.5545,10.0,4.6,64,88.0,0.431,0.74,us,2.93,1.893,0.077,50
-5.646,151.7832,35.0,4.5,23,118.0,1.352,0.41,us,4.66,1.924,0.144,14
-15.9688,-75.4697,10.0,4.5,22,143.0,4.176,0.58,us,7.65,1.912,0.145,14
-20.3233,-178.0497,525.651,4.5,38,97.0,4.491,0.9,us,13.97,9.016,0.075,52
43.7287,89.0912,10.0,4.5,58,79.0,4.767,0.87,us,9.12,1.94,0.106,26
39.2087,28.2723,10.0,4.5,35,64.0,1.072,0.41,us,5.01,1.884,0.124,19
7.4423,126.5296,103.392,4.5,24,85.0,1.013,0.75,us,9.62,8.559,0.127,18
-6.1823,130.3395,167.981,4.5,47,45.0,3.759,0.8,us,6.17,7.35,0.07,60
-37.7369,-73.9014,19.885,4.1,23,152.0,2.172,1.0,us,8.24,6.222,0.198,7
-6.0306,151.6185,10.0,4.9,65,112.0,1.76,0.88,us,8.39,1.891,0.071,63
-31.2347,-73.0604,10.0,4.3,23,146.0,1.765,0.37,us,6.58,1.463,0.237,5
-17.8471,-178.1231,505.502,4.2,14,160.0,2.756,0.71,us,26.78,27.23,0.158,11
52.5074,160.7114,10.0,4.5,28,137.0,1.355,0.91,us,10.98,1.925,0.14,15
10.8263,124.139,10.0,4.4,20,132.0,3.994,1.19,us,13.74,1.908,0.155,12
9.3592,93.818,10.0,4.5,36,94.0,5.764,0.95,us,10.49,1.903,0.11,24
-52.9705,-45.2026,10.0,4.4,16,110.0,5.351,0.71,us,9.04,1.776,0.155,14
-0.1296,123.1429,125.43,5.0,99,30.0,0.979,0.92,us,6.29,5.244,0.039,209
48.8182,156.1932,10.0,4.4,21,136.0,4.4,0.67,us,10.98,1.834,0.162,11
52.2952,160.6851,24.74,4.4,19,166.0,1.438,0.9,us,13.77,7.561,0.162,11
-30.6302,-178.047,47.093,4.9,30,128.0,1.368,0.86,us,12.94,9.031,0.104,29
1.8573,122.4646,16.403,4.1,16,105.0,1.838,1.37,us,9.26,6.899,0.185,9
49.837,157.906,10.0,4.1,18,173.0,3.225,1.27,us,11.56,1.907,0.175,9
-7.1704,129.5056,10.0,4.4,21,95.0,5.03,1.01,us,7.27,1.938,0.19,8
51.8397,160.3231,36.34,4.7,39,154.0,1.567,1.02,us,9.61,7.834,0.065,71
51.5052,161.2368,10.0,4.2,31,91.0,2.2,0.78,us,9.58,1.907,0.136,15
8.448,127.6638,10.0,4.6,47,127.0,2.478,0.73,us,8.31,1.893,0.093,34
19.2995,-109.1759,10.0,4.1,40,221.0,7.072,0.5,us,13.71,1.996,0.064,67
52.9813,161.0013,10.0,4.9,59,145.0,1.422,1.08,us,9.87,1.913,0.084,45
60.3929,-139.4894,6.331,4.3,62,55.0,0.483,0.44,us,3.75,2.518,0.187,8
3.228,-31.277,10.0,4.5,21,112.0,10.111,1.03,us,9.61,1.908,0.131,17
-19.9329,-69.3401,103.094,4.3,18,133.0,0.271,0.64,us,6.33,3.687,0.238,5
51.0358,174.6866,10.0,3.9,27,206.0,1.735,0.91,us,7.74,1.794,0.148,12
53.1566,160.7271,11.328,4.2,33,137.0,1.26,0.74,us,10.98,4.454,0.132,16
-3.3888,143.6484,10.0,4.6,17,75.0,3.067,0.37,us,10.67,1.899,0.137,16
52.7891,159.0738,104.367,5.1,41,150.0,0.891,0.91,us,11.44,6.374,0.101,32
12.8458,144.1042,127.623,4.3,21,79.0,1.049,1.34,us,12.68,7.095,0.142,14
-7.1995,125.6981,504.307,4.6,36,49.0,2.907,0.68,us,12.46,8.676,0.107,26
11.2757,124.1791,10.0,4.3,11,148.0,4.402,0.22,us,14.16,1.952,0.177,9
20.291,146.1406,35.0,4.4,25,198.0,5.034,1.08,us,13.86,1.98,0.103,27
52.1576,160.2437,10.0,4.5,49,144.0,1.303,0.61,us,10.98,1.916,0.077,49
25.9012,128.4819,10.0,4.3,25,80.0,0.95,1.14,us,5.84,1.92,0.178,9
51.2454,-173.9464,13.369,4.7,122,182.0,0.97,0.59,us,5.57,4.739,0.052,113
13.8676,145.119,107.614,4.3,27,104.0,0.369,0.78,us,9.22,6.358,0.126,18
51.5046,160.7771,10.0,4.2,16,138.0,2.006,0.66,us,13.65,1.94,0.167,10
50.3851,158.1232,24.934,4.6,60,132.0,2.662,0.6,us,11.37,5.91,0.076,51
51.2058,159.5623,10.0,4.5,24,129.0,1.905,0.89,us,10.03,1.917,0.131,17
-15.8374,166.9705,10.0,4.1,8,146.0,0.448,0.17,us,6.38,1.892,0.369,2
52.4051,161.6881,10.0,4.1,35,119.0,1.949,0.88,us,11.04,1.924,0.096,30
36.7989,74.5496,10.0,4.7,77,84.0,2.231,0.73,us,9.58,1.841,0.062,79
3.0606,-31.3674,10.0,4.6,47,99.0,9.922,0.76,us,10.3,1.87,0.085,42
53.4022,158.7845,123.012,4.9,227,63.0,0.388,0.53,us,9.41,4.882,0.023,595
16.4988,41.3271,10.0,4.2,29,124.0,3.523,0.74,us,11.73,1.948,0.115,21
29.3459,129.6897,10.0,4.1,22,114.0,2.255,0.78,us,7.07,1.853,0.14,14
13.8938,39.803,10.0,4.3,28,97.0,3.786,0.79,us,6.44,1.945,0.125,18
2.969,-31.1441,10.0,4.9,44,45.0,18.471,0.75,us,11.84,1.845,0.084,44
-5.7179,152.5813,10.0,5.2,104,87.0,1.507,0.93,us,7.29,1.876,0.059,94
-16.6568,175.7747,10.0,4.4,23,100.0,2.431,0.82,us,11.99,1.911,0.131,19
-15.3698,167.4686,121.884,4.9,50,84.0,0.267,0.64,us,10.42,4.772,0.087,41
-34.9999,179.4743,132.368,4.7,55,86.0,2.726,1.29,us,10.19,7.663,0.078,50
52.4633,160.7493,10.0,4.4,91,163.0,1.394,0.58,us,11.17,1.912,0.061,78
27.2631,53.8535,10.0,4.4,59,71.0,3.129,0.61,us,9.84,1.912,0.074,52
49.0173,157.824,10.0,4.6,125,138.0,4.045,0.9,us,9.42,1.881,0.051,115
53.0146,160.918,10.0,4.2,39,137.0,1.37,0.51,us,11.9,1.925,0.108,24
51.6515,160.1221,10.0,4.7,79,125.0,1.644,0.83,us,7.62,1.833,0.045,150
-17.829,-174.6388,10.0,4.7,44,73.0,4.641,0.53,us,12.33,1.847,0.088,39
79.4721,-17.4967,10.0,4.9,99,34.0,2.15,0.8,us,6.27,1.879,0.031,324
-5.6183,147.2206,146.48,4.4,24,106.0,3.762,0.69,us,9.87,7.569,0.135,16
52.82,161.0889,37.253,4.5,45,156.0,1.491,1.17,us,12.71,9.593,0.082,44
43.146,-126.412,10.0,3.7,29,251.0,1.734,0.77,us,8.05,2.0,0.253,4
32.4181,140.0522,145.105,4.7,150,105.0,0.724,0.54,us,8.07,5.604,0.036,231
11.2131,124.1111,10.0,5.2,81,47.0,4.365,0.58,us,10.02,1.863,0.068,71
-6.2751,151.9757,10.0,4.4,36,151.0,1.956,1.0,us,9.99,1.898,0.112,23
52.4839,160.8309,10.0,4.2,34,145.0,1.431,0.73,us,10.85,1.941,0.115,21
37.7406,144.1271,10.0,4.5,34,141.0,3.862,0.62,us,9.56,1.922,0.121,20
36.3665,71.0806,115.516,4.1,38,166.0,2.242,1.1,us,8.39,11.704,0.145,13
-22.9046,-66.6358,217.95,4.5,51,70.0,1.423,0.89,us,8.36,7.162,0.066,69
50.1159,-129.7307,10.0,4.1,56,191.0,1.15,1.03,us,7.48,1.936,0.117,20
38.2689,134.2584,408.78,4.0,98,36.0,3.581,0.72,us,9.33,7.719,0.059,86
49.2244,156.3117,41.381,4.5,112,131.0,3.986,0.54,us,9.1,7.054,0.055,98
60.5,-139.898,5.0,4.2,57,49.0,0.442,0.76,us,2.97,0.937,0.199,8
12.8319,145.5557,10.0,4.5,32,117.0,1.007,0.69,us,6.59,1.893,0.116,22
51.1383,159.5376,10.0,4.3,29,138.0,1.966,0.45,us,12.07,1.939,0.126,18
54.4975,-159.6856,35.0,4.1,36,199.0,0.339,0.59,us,4.07,2.006,0.185,11
-43.7903,-16.0949,10.0,4.6,26,144.0,7.306,0.71,us,10.57,1.855,0.111,25
-4.2991,133.2509,10.0,4.3,19,102.0,1.697,0.65,us,4.57,1.878,0.123,19
-14.9984,-176.4803,10.0,4.5,20,93.0,4.257,1.23,us,12.89,1.924,0.171,10
13.2707,-91.2878,10.0,4.0,44,202.0,1.308,1.2,us,8.18,1.97,0.08,42
-23.0889,-66.7635,197.346,4.5,55,52.0,1.311,1.33,us,8.31,6.764,0.079,47
-57.1832,-67.2854,10.0,4.8,36,133.0,2.265,0.58,us,12.78,1.937,0.093,36
27.9568,104.8863,10.0,4.5,35,154.0,4.647,0.65,us,11.57,1.925,0.104,27
35.5092,22.589,56.728,4.4,46,134.0,1.75,0.6,us,6.77,6.422,0.084,41
39.395,143.1701,10.0,4.6,99,134.0,2.133,0.82,us,7.14,1.886,0.062,79
4.2141,126.6853,50.309,4.5,28,113.0,1.309,0.56,us,7.11,8.872,0.121,20
-1.1938,99.9771,75.629,4.6,25,132.0,3.453,0.8,us,9.51,7.5,0.193,13
-14.9266,166.7213,33.262,4.9,39,48.0,0.696,1.12,us,5.53,5.021,0.084,44
-21.1435,-11.4638,10.0,4.6,15,90.0,27.317,0.87,us,15.86,1.918,0.146,14
11.2615,124.0555,10.0,4.5,55,111.0,6.638,0.51,us,13.36,1.911,0.078,48
-57.39,-66.929,10.0,4.6,44,144.0,2.495,0.51,us,13.28,1.92,0.084,42
-33.0595,-13.3452,10.0,5.0,58,59.0,4.087,1.06,us,9.76,0.861,0.072,61
-57.9221,-25.3104,46.851,5.0,74,45.0,7.234,0.47,us,9.67,2.599,0.074,58
51.2528,159.9104,10.0,4.4,27,155.0,1.936,1.05,us,8.58,1.954,0.13,17
9.6158,140.9692,35.368,4.4,20,80.0,5.494,0.8,us,9.64,8.502,0.17,10
13.5691,-90.893,35.0,4.1,83,167.0,1.031,0.68,us,8.77,1.973,0.061,73
50.9168,159.419,20.646,4.4,13,130.0,2.163,0.52,us,10.71,6.73,0.218,6
50.5041,157.9105,35.0,4.4,35,131.0,2.564,0.82,us,10.39,1.94,0.084,41
-24.7768,-177.3032,152.542,4.4,16,175.0,4.501,0.79,us,12.88,9.646,0.204,10
82.1015,-5.4329,10.0,4.5,21,81.0,1.675,1.13,us,7.14,1.882,0.192,8
52.0687,159.9883,10.0,4.9,13,121.0,1.258,0.82,us,11.15,1.924,0.096,38
51.4589,159.4537,35.0,4.3,20,135.0,1.643,1.11,us,11.38,1.952,0.143,14
4.1814,62.7163,10.0,4.9,82,45.0,10.731,0.89,us,6.9,1.875,0.068,68
50.4654,159.93,10.0,4.4,41,134.0,2.682,0.6,us,5.65,1.865,0.086,39
52.0637,160.6763,10.0,4.3,16,137.0,1.567,1.3,us,10.34,1.927,0.178,9
54.5816,160.4498,10.0,4.3,35,107.0,1.891,0.74,us,5.81,1.601,0.059,82
-8.2613,107.1413,35.0,4.7,55,68.0,0.94,0.65,us,7.38,1.886,0.087,40
-20.7731,-174.2402,10.0,4.6,21,141.0,4.395,0.9,us,8.85,1.943,0.122,20
29.2614,99.6697,25.117,4.9,70,66.0,7.459,0.57,us,8.12,5.022,0.065,74
-7.2367,129.594,126.655,4.3,19,118.0,5.038,0.74,us,11.05,9.832,0.133,16
16.3807,-59.5794,10.0,4.9,139,47.0,1.42,0.7,us,6.25,1.866,0.03,342
-7.5418,127.7279,155.496,4.4,56,52.0,3.699,0.84,us,7.95,7.846,0.082,43
-25.4394,-177.1288,137.709,4.6,65,75.0,8.871,1.09,us,12.9,6.873,0.063,75
7.4907,127.1824,10.0,4.0,12,159.0,1.645,0.89,us,9.11,1.827,0.196,7
51.9771,159.3433,64.69,4.7,150,131.0,1.13,0.59,us,9.09,6.638,0.038,212
29.2721,129.5069,10.0,4.5,43,111.0,2.375,0.99,us,7.16,1.914,0.104,27
32.2389,142.5224,10.0,4.5,24,149.0,2.446,0.55,us,8.87,1.922,0.131,17
14.0569,-89.8169,10.0,4.4,48,119.0,0.158,0.47,us,4.41,1.977,0.088,37
-8.229,117.9632,10.0,4.4,19,74.0,0.623,0.85,us,5.29,1.921,0.143,14
-19.1035,169.3791,222.925,4.2,30,157.0,3.931,0.5,us,9.69,6.777,0.112,22
-33.7941,-71.5126,53.057,4.6,48,144.0,0.161,0.66,us,3.25,3.91,0.111,24
-19.9914,-177.7172,400.833,4.1,27,134.0,4.458,0.52,us,10.86,8.829,0.109,23
49.722,156.7413,35.0,4.8,71,135.0,3.444,0.84,us,11.21,1.921,0.048,133
38.8235,70.6829,10.0,4.1,38,146.0,1.086,0.96,us,4.65,1.918,0.107,24
53.1006,161.067,35.963,4.4,21,171.0,1.461,0.94,us,12.93,10.232,0.155,12
50.6519,157.2101,35.0,4.2,10,130.0,2.479,1.06,us,8.5,1.924,0.176,9
-7.2296,120.4179,580.056,4.2,66,67.0,2.298,0.84,us,10.4,6.984,0.087,37
42.7784,146.1329,30.408,4.8,46,187.0,2.332,0.62,us,10.84,6.915,0.098,32
-38.9228,-91.3771,10.0,4.5,44,80.0,11.411,0.54,us,13.11,1.889,0.084,42
51.6219,159.9736,35.0,4.3,26,127.0,1.622,0.71,us,10.4,1.945,0.098,29
40.9474,35.1315,10.0,4.5,70,34.0,1.076,0.83,us,4.9,1.867,0.088,38
53.2139,160.1316,58.5,4.8,78,134.0,0.913,0.6,us,9.07,6.748,0.054,107
-37.6588,51.7353,10.0,4.4,21,91.0,8.765,0.83,us,10.27,1.65,0.139,15
8.0913,58.7698,10.0,4.5,81,104.0,15.493,0.75,us,11.78,1.886,0.067,69
7.4127,127.0704,35.0,4.6,74,96.0,1.518,1.19,us,7.63,1.922,0.068,65
-24.0238,-175.2311,10.0,5.2,78,59.0,6.971,0.94,us,10.55,1.795,0.038,235
-21.1246,-68.5008,136.078,4.7,35,67.0,0.925,0.82,us,6.53,5.712,0.087,40
51.4757,159.519,10.0,5.3,116,77.0,1.64,0.85,us,7.06,1.842,0.022,682
53.7772,160.4941,58.333,4.3,17,168.0,1.338,0.59,us,15.39,12.626,0.177,9
44.4939,147.3328,78.971,4.4,24,154.0,3.423,1.13,us,14.32,10.146,0.13,17
51.8378,159.4512,52.802,5.0,74,134.0,1.285,0.81,us,9.36,5.952,0.058,95
49.2197,156.2966,44.356,4.2,28,183.0,3.992,0.95,us,10.56,9.824,0.136,15
53.2436,159.9863,57.704,4.7,102,116.0,0.835,0.8,us,9.54,7.032,0.032,301
6.8587,127.0432,56.7,4.5,57,109.0,1.468,1.07,us,9.77,7.494,0.077,49
-6.2658,151.9704,10.0,4.5,41,149.0,1.947,0.53,us,11.72,1.905,0.093,34
48.4313,155.512,10.0,4.3,40,135.0,4.884,0.62,us,5.44,1.89,0.089,36
50.173,159.0513,10.0,5.2,122,129.0,2.865,0.97,us,6.54,1.796,0.049,141
-20.9406,-67.5152,188.964,4.2,26,61.0,1.729,0.9,us,6.1,10.798,0.235,5
49.8161,156.0027,73.355,4.2,47,137.0,3.463,0.62,us,13.19,8.162,0.082,41
-8.9108,124.0705,106.559,4.4,19,134.0,0.861,0.71,us,7.32,7.173,0.134,16
-29.6809,-177.2747,35.0,4.7,18,125.0,18.146,0.67,us,10.54,1.941,0.117,22
51.4961,159.647,24.649,4.8,93,121.0,1.648,0.82,us,9.75,5.218,0.057,101
-25.0409,-176.5324,35.0,4.4,18,140.0,4.368,0.27,us,9.67,1.915,0.162,11
7.327,-73.7849,91.758,4.6,229,72.0,1.587,0.96,us,5.85,7.176,0.027,415
52.334,160.3121,13.422,4.7,60,122.0,1.225,0.97,us,9.99,5.119,0.061,82
51.1666,158.2123,64.156,4.3,52,134.0,1.879,0.97,us,9.87,6.911,0.092,37
-21.361,-179.4138,600.638,4.4,80,101.0,4.318,0.79,us,12.48,9.196,0.06,80
-47.8453,115.8899,10.0,4.7,35,58.0,14.936,0.73,us,12.1,1.896,0.093,35
16.4882,-59.5936,10.0,4.6,52,166.0,1.415,0.83,us,6.82,1.922,0.044,155
41.0664,75.2448,10.0,4.1,26,149.0,0.175,0.77,us,2.1,1.9,0.174,9
-32.1142,-70.0243,116.655,4.2,32,94.0,0.786,0.68,us,5.32,6.149,0.167,10
-9.0158,123.9117,97.897,4.7,45,91.0,0.814,0.83,us,7.58,7.154,0.085,42
-12.137,67.5774,10.0,4.2,18,230.0,6.717,0.28,us,11.0,1.875,0.152,13
32.0697,131.9259,47.528,4.9,128,48.0,1.373,0.62,us,5.46,6.554,0.047,141
52.779,159.558,80.64,4.0,17,146.0,1.172,0.91,us,12.47,8.457,0.164,10
11.6672,141.4627,10.0,4.4,18,132.0,3.834,1.33,us,14.64,1.942,0.178,9
-32.941,179.1459,356.666,4.0,23,80.0,4.661,0.82,us,14.93,9.407,0.119,19
2.3985,128.2662,205.772,4.3,12,146.0,1.849,0.63,us,9.17,11.79,0.217,6
41.2056,142.5948,62.522,4.3,25,154.0,0.912,0.61,us,5.14,8.348,0.142,14
13.8894,144.6662,10.0,4.1,9,118.0,0.357,0.3,us,3.3,1.958,0.262,4
-33.461,78.0184,10.0,4.5,21,86.0,28.297,0.35,us,13.41,1.918,0.125,19
52.7127,160.8119,10.0,4.1,17,251.0,1.347,0.89,us,7.55,1.997,0.151,12
-58.3364,-23.3069,10.0,5.0,71,51.0,8.374,0.67,us,10.3,1.795,0.078,52
46.5893,152.6585,51.935,4.2,31,144.0,7.292,0.63,us,12.52,9.212,0.118,20
-4.8112,103.0418,65.038,5.0,93,50.0,0.456,0.99,us,8.37,4.568,0.055,106
-22.2504,-68.6311,113.427,4.3,22,54.0,0.725,0.68,us,5.39,5.492,0.129,21
-9.183,-71.2911,481.669,5.0,142,37.0,2.01,0.96,us,10.5,6.15,0.019,896
18.8533,120.5426,10.0,4.7,108,73.0,3.976,0.48,us,10.1,1.882,0.058,90
-16.6692,-173.4988,35.0,4.2,24,133.0,3.206,0.8,us,10.51,1.934,0.146,13
51.6948,160.2336,10.0,4.5,17,127.0,1.647,1.05,us,10.39,1.92,0.156,12
18.6262,120.5265,33.849,4.2,37,121.0,4.202,0.72,us,12.7,6.662,0.121,19
39.4037,143.6854,10.0,4.0,23,134.0,2.44,0.66,us,7.08,1.902,0.173,9
6.4896,126.7054,194.346,5.0,63,57.0,1.258,0.82,us,8.39,6.369,0.041,185
52.2875,158.0763,47.365,4.2,45,121.0,0.816,0.49,us,10.26,6.488,0.085,39
53.2985,161.1212,10.0,4.3,20,116.0,1.513,0.88,us,9.01,1.902,0.129,17
52.3341,160.7572,10.0,5.2,61,78.0,1.457,0.73,us,10.46,1.882,0.068,72
-15.2883,-172.8333,10.0,4.7,22,134.0,2.427,0.73,us,13.4,1.9,0.117,22
-17.3053,-174.4254,155.524,4.5,57,88.0,4.23,0.71,us,8.86,7.339,0.072,56
51.0136,158.2839,35.0,4.5,27,167.0,2.026,1.29,us,6.07,1.953,0.124,19
15.1323,-94.5367,33.637,4.0,35,172.0,1.642,0.95,us,7.09,10.808,0.134,15
52.7985,160.6553,10.0,4.5,73,112.0,1.235,0.85,us,10.08,1.887,0.056,93
-24.6527,179.9802,532.511,4.5,18,210.0,7.104,0.55,us,19.76,24.815,0.14,15
-45.0047,-77.8715,10.0,4.1,14,171.0,3.092,0.58,us,10.99,1.957,0.184,8
-17.2597,-71.9561,104.812,4.1,17,182.0,1.894,0.94,us,10.51,12.518,0.185,8
51.7662,160.4217,10.0,5.3,97,126.0,1.663,0.99,us,8.13,1.808,0.022,661
51.2006,159.1127,35.228,4.4,18,137.0,1.848,0.76,us,8.79,7.966,0.161,11
51.2004,159.1994,35.0,4.8,39,227.0,1.857,0.52,us,12.82,1.974,0.094,35
-24.1923,-66.9878,176.971,4.8,99,46.0,1.649,0.73,us,8.19,6.646,0.025,481
51.5116,158.6402,35.0,4.1,15,126.0,1.514,0.66,us,7.22,1.889,0.145,13
-54.9669,-32.4934,10.0,4.9,65,72.0,2.421,0.39,us,11.36,1.881,0.075,58
7.159,126.739,79.427,4.3,33,131.0,1.154,1.16,us,11.18,7.694,0.105,26
13.2924,50.0635,10.0,4.2,13,142.0,7.264,0.66,us,9.72,1.945,0.199,7
13.1316,124.1919,85.683,4.9,93,55.0,6.176,0.8,us,8.92,6.554,0.045,152
30.4765,81.1429,19.232,4.2,26,132.0,8.685,0.62,us,12.04,6.089,0.121,19
-13.6034,-74.7837,83.771,4.1,26,123.0,2.571,0.95,us,10.81,9.088,0.145,13
51.9521,159.1268,76.578,4.3,33,137.0,1.112,0.71,us,11.46,8.086,0.109,24
-7.9542,118.9578,10.0,4.4,25,61.0,1.456,0.67,us,5.81,1.896,0.17,11
-47.7615,116.0503,10.0,4.3,15,142.0,14.844,0.52,us,12.75,1.86,0.16,11
39.6429,143.5386,10.0,4.3,17,150.0,2.214,0.59,us,8.72,1.948,0.188,8
29.6596,129.7262,10.0,4.5,43,115.0,1.947,0.94,us,7.48,1.898,0.104,27
52.3542,160.3992,35.0,4.0,12,137.0,1.258,0.91,us,9.66,1.966,0.26,4
-34.9169,-110.9538,10.0,4.4,30,173.0,30.194,0.73,us,11.1,1.838,0.103,27
14.649,-94.2682,10.0,4.6,65,156.0,2.021,0.82,us,7.09,1.923,0.041,177
-3.4207,148.8309,10.0,4.6,27,76.0,2.003,0.84,us,6.96,1.87,0.116,22
52.1467,160.2915,24.199,4.6,23,121.0,1.851,1.04,us,9.33,5.441,0.146,14
39.3432,72.9033,10.0,4.1,33,130.0,0.866,1.15,us,3.0,1.937,0.14,14
-36.8604,-74.4156,10.0,4.4,14,211.0,2.657,0.45,us,9.62,2.002,0.202,7
-24.31,-67.2445,187.979,4.5,23,67.0,1.601,0.73,us,10.94,10.213,0.128,18
16.9241,-85.5567,10.0,4.6,93,152.0,3.296,0.75,us,8.72,1.947,0.033,271
27.6842,-102.815,10.0,4.0,59,74.0,1.195,0.58,us,5.09,1.898,0.1,27
29.8986,139.0415,415.572,4.0,98,86.0,3.274,0.79,us,9.04,8.332,0.059,78
-25.5691,-179.1711,356.99,4.1,17,198.0,8.202,0.81,us,14.16,9.405,0.109,23
-3.4937,140.5688,35.0,4.4,23,145.0,0.982,0.96,us,6.46,1.842,0.138,15
-17.7013,-178.4067,544.845,4.4,36,124.0,2.45,0.82,us,15.23,9.27,0.1,29
5.1478,126.8482,80.331,4.4,32,70.0,1.425,0.63,us,6.73,8.564,0.109,24
15.0143,120.4564,10.0,4.4,40,104.0,14.896,0.89,us,9.46,1.893,0.097,31
-4.7685,138.1814,10.0,4.3,20,100.0,1.017,1.04,us,4.02,1.915,0.142,14
-10.5681,119.2705,16.04,5.1,124,74.0,1.35,0.69,us,4.24,3.132,0.055,112
51.7128,159.9186,25.934,4.5,22,126.0,1.526,0.71,us,11.27,6.167,0.121,20
-59.9445,-62.0278,10.0,4.7,22,125.0,4.938,1.25,us,10.66,1.922,0.129,18
10.9219,124.1097,10.0,4.3,25,85.0,16.611,0.88,us,15.03,1.948,0.129,17
-45.8845,95.7899,10.0,4.6,19,98.0,20.945,0.75,us,15.45,1.915,0.137,16
-4.5356,127.083,370.597,4.3,28,70.0,4.343,0.57,us,10.92,6.228,0.116,21
68.935,-17.2625,10.0,4.3,97,47.0,2.257,0.61,us,5.64,1.806,0.06,78
-17.2873,-177.093,383.261,4.6,112,74.0,3.48,0.72,us,10.56,6.773,0.056,95
-19.1494,-175.715,269.444,4.2,19,134.0,5.383,1.1,us,16.35,11.348,0.141,14
-6.0866,147.7569,59.022,4.4,36,72.0,3.349,0.41,us,6.97,5.924,0.098,30
51.3583,158.5449,35.0,4.4,20,144.0,1.669,0.93,us,5.87,1.958,0.149,13
50.9747,159.6394,10.0,4.5,24,223.0,2.141,0.78,us,7.72,1.937,0.14,15
-17.6656,168.2501,63.474,4.1,21,131.0,2.424,0.6,us,4.98,8.976,0.135,15
52.1986,159.5556,48.659,4.2,28,151.0,0.994,0.57,us,10.06,7.84,0.118,20
-6.7457,129.7117,145.274,4.1,13,81.0,4.565,1.22,us,11.76,9.514,0.233,5
42.8283,83.3861,10.0,4.2,26,216.0,2.901,0.93,us,6.84,1.973,0.16,11
51.3044,159.6645,10.0,4.6,46,86.0,1.832,0.96,us,8.23,1.873,0.084,43
39.3819,143.4882,10.0,5.1,80,95.0,2.331,0.58,us,7.52,1.852,0.037,236
-36.9459,-73.8111,35.0,4.3,28,152.0,2.264,0.92,us,4.67,1.961,0.178,9
40.3695,143.8063,10.0,4.1,12,149.0,1.715,0.63,us,4.45,1.96,0.262,4
39.672,141.4176,96.177,4.2,27,152.0,1.148,0.65,us,8.37,7.941,0.132,16
-37.4977,51.9596,10.0,4.6,22,82.0,16.597,0.98,us,14.43,1.896,0.137,18
15.9807,-55.7288,10.0,4.9,61,96.0,4.659,0.68,us,9.49,1.888,0.029,358
15.6512,145.9249,112.693,4.5,28,108.0,0.429,0.5,us,12.33,4.683,0.118,21
30.3408,69.9587,10.0,4.6,41,96.0,4.22,1.2,us,8.58,1.776,0.099,30
52.867,160.9443,10.0,4.4,21,147.0,1.977,0.89,us,9.75,1.948,0.162,11
11.6193,141.6188,10.0,4.8,76,62.0,3.728,0.61,us,7.99,1.888,0.069,64
22.6313,96.128,10.0,4.1,17,165.0,3.481,0.68,us,7.71,1.958,0.166,10
52.2661,159.0241,84.976,4.6,45,133.0,0.792,0.74,us,11.36,7.126,0.084,42
17.6794,122.9543,10.0,4.5,43,129.0,5.406,0.52,us,11.21,1.914,0.108,25
-7.3346,-111.1817,10.0,4.5,61,122.0,37.165,0.49,us,7.4,1.9,0.067,64
19.1121,96.4997,10.0,4.4,38,113.0,1.398,0.8,us,7.2,1.905,0.11,24
14.1221,145.3268,108.641,4.1,20,160.0,0.692,0.85,us,11.73,8.024,0.139,14
-21.4938,168.8872,10.0,4.3,14,260.0,1.74,0.61,us,11.61,2.004,0.201,9
-5.4173,154.1918,130.321,4.6,63,100.0,2.36,1.02,us,9.0,7.362,0.063,75
-7.0597,129.323,164.396,4.2,12,109.0,5.041,0.57,us,12.1,10.79,0.159,11
50.5404,160.2637,10.0,4.3,34,127.0,2.681,0.94,us,9.95,1.909,0.108,24
52.8221,161.1872,21.259,4.4,38,173.0,1.549,1.19,us,12.2,7.432,0.098,32
53.5914,160.2386,57.417,4.3,21,160.0,1.11,1.03,us,12.6,7.688,0.133,16
49.957,154.5424,140.466,4.1,16,137.0,3.72,0.85,us,13.62,7.456,0.158,11
34.6164,70.6351,10.0,4.4,36,144.0,1.242,0.77,us,7.39,1.943,0.118,21
48.964,156.0534,43.397,5.0,82,129.0,4.278,0.65,us,9.76,7.052,0.063,80
50.5238,156.6281,82.242,4.1,12,207.0,2.672,0.31,us,12.12,16.74,0.214,6
51.5329,160.8796,10.0,4.7,116,133.0,2.026,0.63,us,10.65,1.89,0.053,108
52.6958,160.4507,35.0,4.8,128,78.0,1.14,0.87,us,9.34,1.855,0.031,319
-17.5267,168.6638,210.852,5.2,219,69.0,2.498,0.59,us,8.71,6.806,0.04,206
51.3747,158.4227,53.255,4.7,213,57.0,1.657,0.67,us,9.1,6.678,0.031,308
2.5185,128.1702,197.71,4.8,110,86.0,1.912,0.85,us,6.67,6.012,0.058,92
-38.1828,176.317,176.613,4.4,25,64.0,0.63,0.45,us,4.32,6.191,0.169,10
36.4749,70.3066,196.984,4.3,33,96.0,2.177,0.6,us,7.8,6.646,0.129,17
27.2767,128.3977,49.94,4.4,30,84.0,0.453,0.86,us,7.88,8.304,0.117,21
48.3967,153.3603,143.577,4.0,52,142.0,5.461,0.48,us,13.11,9.236,0.083,39
-6.3028,146.7093,107.146,4.3,32,126.0,3.114,0.82,us,7.52,8.634,0.105,26
51.135,159.0378,35.0,4.8,30,129.0,1.906,0.94,us,10.63,1.942,0.093,36
-3.6845,68.1975,10.0,4.7,33,98.0,5.625,0.42,us,11.84,1.895,0.117,24
52.6161,160.8295,10.0,4.4,54,175.0,1.384,0.61,us,10.0,1.952,0.076,50
49.0866,157.9168,10.0,4.5,39,138.0,10.376,0.41,us,14.57,1.92,0.075,52
-21.7616,-68.6791,119.777,4.2,28,49.0,0.524,0.78,us,7.6,3.818,0.125,18
30.8218,50.4361,10.0,5.1,94,46.0,5.752,0.79,us,7.11,1.791,0.038,230
9.1991,126.085,102.632,4.4,38,131.0,2.174,0.88,us,11.08,8.655,0.105,26
52.8071,160.5994,38.482,4.2,22,155.0,1.2,0.85,us,12.56,7.228,0.118,20
2.624,127.2715,49.74,4.5,51,74.0,1.842,0.88,us,7.01,7.421,0.096,32
34.4938,139.4817,10.0,4.4,51,108.0,1.402,0.36,us,5.16,1.531,0.091,35
36.4192,141.5995,35.0,4.7,112,121.0,2.735,0.63,us,7.59,1.867,0.059,90
50.9075,159.5402,10.0,4.5,19,136.0,2.48,0.55,us,11.54,1.918,0.205,7
-9.4187,152.758,10.0,4.3,22,111.0,5.524,0.45,us,8.36,1.913,0.138,15
43.2155,146.4408,61.011,4.5,55,185.0,2.704,0.64,us,10.32,6.583,0.081,44
40.769,143.1019,39.877,4.1,29,142.0,1.245,1.0,us,6.48,6.801,0.134,15
42.2717,144.5511,35.46,4.8,80,133.0,1.068,1.03,us,7.51,7.204,0.029,365
-57.6584,157.6936,10.0,4.3,19,142.0,3.244,0.81,us,13.45,1.941,0.168,10
-20.2633,169.4674,123.44,4.3,17,163.0,3.001,0.47,us,8.76,8.185,0.16,11
53.0164,159.8063,67.103,4.2,35,134.0,0.699,0.55,us,11.33,7.299,0.113,26
6.8464,127.1456,28.659,4.6,39,109.0,1.571,1.14,us,7.93,4.958,0.092,35
-0.0936,123.2974,146.886,4.4,59,69.0,1.079,1.17,us,7.81,7.029,0.077,48
-15.6427,-173.8939,64.544,4.3,16,108.0,2.673,0.54,us,4.32,10.346,0.177,9
46.3138,152.7644,30.579,4.4,41,136.0,7.51,0.56,us,11.09,6.226,0.112,23
53.8472,160.0143,81.974,4.6,43,168.0,1.161,0.66,us,11.32,9.072,0.085,45
2.9919,95.9195,35.0,4.7,57,132.0,2.356,0.75,us,6.03,1.921,0.088,39
-18.0067,-178.3713,596.914,4.1,24,121.0,2.64,0.86,us,13.54,9.629,0.139,14
35.1068,25.3162,10.0,4.3,83,93.0,0.393,0.7,us,3.98,1.806,0.062,73
54.5199,-159.9284,40.907,4.2,83,156.0,0.369,0.95,us,6.72,9.531,0.158,11
5.7139,123.9966,520.692,4.4,78,35.0,1.769,0.65,us,10.94,7.338,0.072,56
-60.1912,-61.8861,10.0,4.6,15,126.0,4.708,0.89,us,12.49,1.941,0.173,10
-24.5799,-175.2369,10.0,4.5,17,210.0,9.241,0.84,us,12.62,1.948,0.144,14
-47.7893,116.1423,10.0,4.2,13,162.0,14.868,0.7,us,10.37,1.914,0.199,8
51.3386,160.6475,10.0,4.5,73,134.0,2.088,0.5,us,8.74,1.872,0.069,61
52.1594,160.5927,10.0,4.3,36,124.0,1.467,0.61,us,8.4,1.709,0.089,36
25.4627,141.9557,64.321,4.3,13,148.0,1.639,1.31,us,15.02,10.217,0.201,8
-18.0362,-177.9854,582.74,4.1,36,109.0,2.964,0.71,us,14.28,4.77,0.101,27
51.9318,160.3627,10.0,4.2,29,229.0,1.514,0.59,us,11.61,1.976,0.128,17
52.8182,160.7089,35.0,4.2,31,119.0,1.263,0.87,us,6.24,1.924,0.101,27
50.7887,159.5658,10.0,4.2,18,132.0,2.309,0.68,us,8.15,1.948,0.146,14
22.2315,143.6738,131.816,4.5,65,74.0,5.028,0.62,us,11.16,7.35,0.072,57
6.9072,92.3559,10.0,4.1,46,100.0,4.86,0.62,us,9.35,1.899,0.091,37
-0.8989,120.3595,10.0,4.5,40,78.0,1.628,0.98,us,5.23,1.87,0.111,24
-30.8379,-65.4287,189.332,4.8,42,53.0,1.415,0.9,us,8.79,7.168,0.084,44
-10.2779,161.2594,88.908,4.5,24,132.0,1.538,0.53,us,12.63,8.602,0.116,22
51.7781,159.7399,35.0,4.7,36,125.0,1.415,0.64,us,7.1,1.804,0.111,25
53.6168,162.1129,10.0,4.2,13,111.0,2.161,1.1,us,8.59,1.922,0.167,12
-14.9634,166.5495,10.0,4.5,30,60.0,0.793,1.08,us,7.49,1.905,0.115,22
52.2714,158.6845,64.8,4.3,19,164.0,0.753,1.03,us,11.02,8.879,0.168,10
52.5993,160.9951,21.159,4.4,18,147.0,1.485,1.09,us,13.32,7.155,0.162,11
43.1447,146.5868,36.519,4.8,71,132.0,2.773,0.59,us,8.15,7.233,0.051,118
53.3822,-165.0161,39.246,3.6,63,168.0,0.834,1.21,us,5.94,9.854,0.157,10
29.3499,129.5296,10.0,4.7,128,82.0,2.295,0.56,us,5.77,1.816,0.04,190
50.1721,158.6943,24.951,4.4,27,138.0,2.855,0.69,us,11.35,5.649,0.13,17
-57.6772,157.9203,16.773,4.9,28,109.0,3.238,0.52,us,7.18,5.232,0.114,24
52.3125,160.5144,11.481,4.6,77,121.0,1.34,0.77,us,9.85,5.116,0.064,72
64.5469,-39.8663,10.0,4.1,18,139.0,4.245,0.54,us,8.0,1.556,0.145,13
-59.6557,-26.3712,63.514,4.5,20,116.0,7.712,0.6,us,15.73,11.328,0.124,20
23.2627,142.3491,141.752,4.5,48,119.0,3.819,0.84,us,12.65,5.59,0.034,263
52.3476,160.5712,27.555,4.8,82,134.0,1.351,1.02,us,10.37,5.7,0.038,214
51.2234,159.5467,10.0,4.1,23,135.0,1.886,0.82,us,11.67,1.932,0.117,20
-35.0762,-107.1542,10.0,5.0,99,151.0,8.141,0.37,us,12.82,1.891,0.045,161
0.7895,123.8201,252.173,4.5,30,90.0,3.055,0.8,us,8.54,10.989,0.109,25
53.0811,159.5427,35.0,4.9,97,115.0,0.542,0.76,us,8.37,1.914,0.042,181
-5.883,149.3334,99.962,4.8,65,86.0,3.106,0.49,us,7.67,7.212,0.078,54
51.9566,160.2113,35.0,4.3,17,229.0,1.433,1.05,us,14.36,1.99,0.168,10
-5.669,-11.5504,10.0,4.6,31,96.0,3.583,0.58,us,6.33,1.88,0.103,28
52.1987,-169.4842,10.0,4.4,24,181.0,0.865,1.08,us,2.95,1.913,0.149,13
52.0699,160.165,27.4,4.4,36,134.0,1.33,0.57,us,11.02,5.624,0.094,33
51.373,159.4387,10.0,4.4,33,128.0,1.723,0.6,us,9.68,1.913,0.108,25
-6.5347,92.0678,10.0,4.5,19,82.0,17.795,0.61,us,14.79,1.898,0.156,12
65.1483,-130.7498,9.787,4.2,21,86.0,3.186,0.84,us,9.16,5.571,0.199,7
6.7329,-73.0275,175.46,4.1,31,165.0,2.275,0.82,us,12.11,5.452,0.117,20
44.5841,149.4032,54.264,4.5,55,135.0,4.906,0.66,us,11.15,7.865,0.068,63
49.8192,158.423,10.0,4.5,32,135.0,3.212,0.61,us,11.14,1.913,0.11,25
-30.633,-178.8006,121.021,4.7,34,103.0,1.577,0.79,us,12.66,8.469,0.082,46
16.3594,-97.9939,32.37,4.6,92,138.0,0.655,1.31,us,5.85,6.26,0.035,245
-5.3112,103.3402,42.754,4.4,15,150.0,0.813,0.93,us,4.96,9.486,0.203,8
4.5276,-73.1571,10.0,4.3,36,77.0,1.202,0.61,us,7.65,1.911,0.111,23
11.8935,-70.6363,76.14,4.4,26,69.0,0.869,1.04,us,8.75,7.17,0.139,15
-4.5297,102.6053,59.001,4.8,64,94.0,0.388,0.9,us,7.56,4.619,0.075,55
52.1927,159.1702,47.059,4.3,19,159.0,0.89,0.43,us,12.14,9.009,0.133,16
52.8343,160.6277,35.0,4.7,72,134.0,1.212,0.73,us,10.77,1.917,0.065,72
-8.0859,119.191,9.922,4.1,17,59.0,1.582,1.05,us,4.44,5.196,0.184,8
-5.7989,147.903,161.579,4.2,16,188.0,3.657,0.48,us,13.7,10.08,0.186,9
52.7818,160.9545,10.0,4.6,39,119.0,1.417,0.62,us,10.4,1.902,0.048,131
19.55,-70.7381,32.016,4.0,43,108.0,0.13,1.28,us,4.18,3.909,0.116,20
-55.3529,-27.4001,15.923,4.8,32,67.0,5.363,0.71,us,8.3,5.154,0.1,31
-2.0359,120.6836,10.0,4.2,16,104.0,0.639,0.59,us,3.81,1.928,0.216,6
52.3235,160.747,10.0,5.0,145,108.0,1.457,0.64,us,7.35,1.85,0.034,278
-9.6038,120.647,91.563,4.2,24,79.0,0.35,0.58,us,7.21,3.018,0.147,13
39.5714,143.2128,10.0,4.4,24,152.0,2.047,0.57,us,6.19,1.92,0.143,14
-8.2579,118.0548,12.067,4.2,23,84.0,0.629,0.71,us,5.02,4.492,0.167,11
-22.7943,68.3326,10.0,4.4,12,263.0,49.594,0.48,us,13.88,2.013,0.204,7
16.4789,-59.5812,10.0,5.2,108,58.0,1.425,0.52,us,6.68,1.876,0.044,174
52.1134,162.0791,10.0,5.7,107,106.0,2.283,0.55,us,7.94,1.758,0.021,835
-6.1815,152.1657,10.0,4.5,25,115.0,1.868,0.81,us,7.45,1.924,0.116,22
52.5582,160.0126,35.0,4.0,11,153.0,0.95,1.12,us,8.35,1.985,0.211,6
56.0972,117.4659,10.0,4.2,30,86.0,6.697,1.23,us,9.68,1.922,0.107,24
50.1601,157.2531,35.0,4.7,140,132.0,2.965,0.73,us,5.98,1.704,0.049,124
6.1548,95.0779,10.0,4.4,25,138.0,2.075,0.39,us,8.83,1.89,0.155,12
-20.7601,-71.9799,10.0,4.5,36,139.0,1.71,0.77,us,6.79,1.904,0.171,10
-17.3978,-70.5794,10.0,4.5,29,135.0,0.994,0.87,us,5.25,1.875,0.121,20
28.2537,-43.7754,10.0,5.1,100,55.0,17.98,0.74,us,10.5,1.861,0.03,355
50.4631,158.4999,50.724,4.5,61,135.0,2.566,0.73,us,6.19,6.818,0.073,56
51.7541,159.2102,35.0,4.2,25,120.0,1.317,0.49,us,10.18,1.915,0.124,18
50.1047,159.4145,10.0,4.6,106,116.0,2.961,0.54,us,9.59,1.876,0.049,121
13.774,39.9181,10.0,4.1,36,91.0,3.625,0.67,us,8.61,1.911,0.097,30
51.2479,159.3673,32.603,4.7,40,131.0,1.832,0.8,us,11.88,3.761,0.068,66
50.2263,158.6348,10.0,4.3,21,140.0,2.801,0.43,us,12.46,1.9,0.138,15
73.2412,6.5707,10.0,4.4,38,104.0,7.085,0.58,us,12.57,1.916,0.11,24
52.6529,159.7852,73.655,4.1,18,141.0,0.782,0.68,us,12.58,8.445,0.151,12
49.6153,155.5725,80.832,4.2,36,133.0,3.743,0.55,us,13.92,9.977,0.085,39
23.7187,90.427,10.0,4.1,29,147.0,4.847,0.39,us,9.98,1.763,0.117,20
-21.4912,-179.2237,599.274,5.2,87,61.0,4.525,0.96,us,11.26,3.653,0.068,71
-29.8408,-177.7271,81.137,4.4,18,257.0,9.675,0.63,us,20.62,14.532,0.13,18
52.4938,160.524,35.0,4.4,36,134.0,1.256,0.52,us,12.6,1.939,0.098,31
-20.8078,-178.6829,587.015,4.3,79,133.0,4.335,0.59,us,13.25,7.733,0.066,71
-22.9512,-66.7768,197.503,4.4,42,89.0,1.292,0.71,us,10.0,7.714,0.095,32
-14.8571,66.7655,10.0,4.5,30,123.0,45.835,0.33,us,10.3,1.773,0.121,20
-34.2208,-178.7285,10.0,4.6,27,245.0,4.112,0.72,us,12.33,1.977,0.151,17
50.9977,157.1853,79.916,4.0,16,134.0,2.137,0.39,us,9.72,8.887,0.164,10
-31.8526,-68.261,107.368,4.4,35,66.0,0.464,0.72,us,7.25,6.407,0.162,11
1.7337,-102.3149,10.0,4.3,22,165.0,16.155,0.61,us,8.06,1.959,0.123,19
12.8591,145.6419,10.0,4.5,21,124.0,1.046,0.6,us,8.17,1.932,0.145,14
39.4911,143.3098,10.0,4.6,63,142.0,2.155,0.58,us,10.16,1.918,0.068,64
25.545,122.1869,281.609,4.3,50,67.0,0.845,0.96,us,9.93,6.668,0.09,36
-15.5489,-70.5949,205.95,4.2,26,139.0,2.293,1.02,us,6.54,10.124,0.102,27
-33.6417,-179.3442,35.0,4.6,19,162.0,4.355,0.65,us,9.83,1.967,0.146,14
35.6682,140.1503,73.845,4.4,28,126.0,1.798,0.64,us,4.86,9.245,0.155,12
29.3982,129.4199,10.0,4.5,41,108.0,2.285,0.98,us,7.14,1.85,0.09,36
33.0968,-39.6624,10.0,4.4,19,98.0,40.949,1.36,us,14.55,1.903,0.162,12
52.6482,159.2248,82.022,4.6,43,169.0,0.513,0.57,us,9.77,6.084,0.075,55
-59.4211,-25.4353,10.0,4.3,22,120.0,7.945,1.36,us,13.06,1.942,0.129,21
-10.4808,124.6142,10.0,4.4,12,136.0,0.798,1.24,us,8.72,1.774,0.204,7
36.4762,26.6801,129.996,4.3,70,50.0,1.193,0.69,us,6.43,7.193,0.077,52
51.6062,159.8053,35.0,5.0,79,123.0,1.587,1.19,us,9.1,1.91,0.042,178
-13.2216,167.0856,216.896,4.1,25,158.0,2.215,0.62,us,14.25,4.449,0.111,22
52.6115,160.9347,10.0,4.2,35,149.0,1.447,0.98,us,10.34,1.956,0.106,25
-5.281,131.489,51.412,4.1,18,88.0,2.466,1.1,us,6.06,11.197,0.15,12
43.5116,147.8876,35.0,4.9,60,135.0,3.79,0.75,us,10.4,1.916,0.056,100
-16.9023,-71.8889,133.309,4.0,20,283.0,2.076,0.65,us,14.07,12.223,0.232,5
-10.3764,161.3898,65.873,4.2,24,113.0,1.699,0.61,us,5.49,7.916,0.118,21
32.3875,140.0058,104.545,4.5,35,147.0,0.743,0.94,us,11.14,6.94,0.106,26
-5.3724,68.6478,10.0,4.6,31,154.0,4.29,0.5,us,7.75,1.799,0.129,18
2.1086,128.5542,41.783,4.7,62,74.0,1.781,0.66,us,6.52,6.48,0.064,74
50.2101,159.6414,10.0,4.5,62,127.0,2.884,0.58,us,10.1,1.902,0.057,91
-17.585,-178.7705,562.712,4.6,47,74.0,2.092,0.64,us,13.98,7.453,0.098,31
-12.2556,167.1956,255.664,4.7,66,46.0,3.172,0.64,us,11.22,6.696,0.035,252
51.7733,159.4237,10.0,5.2,84,56.0,1.339,1.14,us,7.88,1.802,0.023,629
36.958,21.8613,22.983,4.8,61,59.0,0.226,1.0,us,5.89,5.444,0.051,117
-23.4007,170.8321,10.0,4.3,19,246.0,3.216,0.59,us,11.22,1.949,0.16,11
53.5339,159.9458,72.524,4.0,48,134.0,0.931,0.46,us,12.21,7.763,0.077,46
-7.4607,127.884,175.024,4.5,19,92.0,4.241,0.81,us,11.95,9.104,0.139,15
52.7946,159.266,67.395,4.5,78,134.0,0.438,0.69,us,9.25,6.058,0.044,154
-28.0386,-66.7387,157.596,4.5,49,43.0,3.277,0.84,us,4.8,8.753,0.171,10
52.1047,160.6536,10.0,4.5,33,121.0,1.53,1.06,us,10.15,1.912,0.118,24
51.4749,160.078,10.0,4.5,35,166.0,1.782,0.68,us,8.72,1.93,0.108,25
32.3871,105.1519,10.0,4.3,30,96.0,3.759,0.56,us,11.66,1.908,0.117,21
41.7464,142.7489,57.814,4.2,17,140.0,0.406,0.88,us,8.34,8.822,0.159,11
53.1752,171.4114,44.019,4.2,92,143.0,1.686,0.59,us,10.52,10.404,0.061,75
53.0078,161.1149,10.0,4.3,49,146.0,1.489,0.58,us,10.32,1.945,0.076,49
-53.742,140.0773,10.0,4.5,15,132.0,19.042,0.45,us,15.35,1.96,0.145,14
52.955,159.2868,65.128,4.2,65,118.0,0.391,0.73,us,10.76,6.875,0.067,62
14.7856,-91.0593,169.27,4.3,28,161.0,1.52,0.75,us,10.97,13.509,0.126,18
52.8886,160.7292,10.0,4.6,38,133.0,1.265,1.15,us,12.82,1.921,0.077,50
-5.3549,128.4253,321.083,4.0,37,86.0,4.516,0.87,us,7.91,8.88,0.113,21
51.4367,159.4866,31.169,4.5,49,137.0,1.67,0.87,us,9.05,4.591,0.083,43
3.1709,97.3212,59.324,5.0,82,59.0,1.872,1.09,us,9.75,5.826,0.053,114
-16.0057,-75.4745,10.0,4.4,35,137.0,4.209,0.74,us,9.99,1.896,0.121,20
-29.6084,137.5315,10.0,4.1,14,70.0,3.382,0.24,us,4.29,1.972,0.185,11
52.4948,160.7915,38.703,4.9,108,117.0,1.405,0.66,us,9.2,6.844,0.04,198
-20.5367,-178.8275,624.994,4.7,87,69.0,4.051,0.61,us,10.0,6.323,0.028,380
51.7178,158.1362,75.248,4.2,24,124.0,1.345,0.87,us,10.77,7.862,0.117,20
22.58,95.7825,10.0,4.3,28,102.0,1.587,0.73,us,9.39,1.959,0.122,19
-6.3941,130.8422,60.712,4.3,15,119.0,2.081,0.75,us,6.61,11.434,0.2,7
-46.6351,102.4668,10.0,4.2,13,131.0,20.157,0.6,us,11.97,1.886,0.159,11
54.5235,-159.6828,30.579,3.9,76,187.0,0.313,0.72,us,6.72,7.492,0.23,5
-60.3609,-19.386,10.0,4.4,20,86.0,13.12,0.79,us,8.91,1.911,0.126,18
51.929,160.4993,10.0,4.4,18,135.0,1.575,1.04,us,12.0,1.937,0.189,9
52.5349,160.6137,10.0,4.4,32,122.0,1.289,0.31,us,7.83,1.896,0.12,20
53.4084,160.671,38.728,4.3,30,145.0,1.275,1.22,us,11.22,9.269,0.111,23
52.8926,161.048,10.0,4.7,55,134.0,1.457,0.69,us,10.84,1.895,0.083,44
30.6279,140.2385,10.0,4.4,41,101.0,2.506,0.61,us,8.71,1.893,0.108,25
-21.9346,-68.5946,122.66,4.2,17,106.0,0.617,0.84,us,6.95,6.206,0.263,4
-23.9974,-66.5944,194.469,4.5,45,69.0,1.789,1.23,us,9.64,7.639,0.046,141
-31.2502,-178.2403,35.0,4.6,16,180.0,6.912,0.74,us,13.57,1.875,0.137,16
-24.1879,-66.7496,182.238,5.0,75,48.0,1.798,1.11,us,8.94,6.031,0.022,663
3.9343,126.68,43.357,4.4,43,107.0,1.437,0.78,us,7.32,7.772,0.091,35
52.8481,160.7097,10.0,4.2,17,117.0,1.259,0.64,us,11.34,1.945,0.152,12
-6.8874,116.5213,524.608,4.3,27,59.0,2.294,0.54,us,13.85,12.038,0.161,11
56.1704,163.5397,10.0,4.4,64,127.0,4.574,0.86,us,10.83,1.887,0.068,63
52.1854,160.6773,10.0,4.4,37,153.0,2.036,0.95,us,9.17,1.903,0.095,32
-23.2881,-179.5441,510.492,4.3,19,113.0,5.957,0.76,us,15.91,15.151,0.113,23
11.1509,124.2865,10.047,4.4,32,127.0,4.251,0.96,us,11.94,4.832,0.117,21
-6.3904,154.8914,87.791,5.1,150,57.0,3.486,0.63,us,8.31,6.756,0.038,219
51.4632,159.3405,35.0,4.2,27,193.0,1.619,0.78,us,11.93,1.989,0.128,17
51.6429,159.5666,35.0,4.4,18,156.0,1.493,1.01,us,4.18,1.953,0.17,10
39.7525,141.8182,67.302,4.4,53,142.0,1.185,0.75,us,6.67,6.465,0.091,35
70.0319,-15.6885,10.0,4.3,25,80.0,2.175,0.84,us,9.72,1.938,0.137,15
27.2093,126.5004,158.972,4.6,56,58.0,1.624,0.68,us,8.0,7.397,0.042,173
29.6691,81.7981,10.0,4.2,33,114.0,3.579,1.0,us,7.27,1.924,0.125,18
-60.2192,-61.5746,10.0,4.6,26,134.0,4.713,0.67,us,5.42,1.917,0.116,22
-17.4593,-69.7316,174.678,4.2,23,173.0,0.273,0.68,us,6.3,5.078,0.141,14
42.8074,-2.8772,10.0,4.0,25,155.0,3.052,0.43,us,8.32,1.97,0.231,5
-22.2384,-68.568,142.402,4.3,24,74.0,0.764,0.78,us,6.8,7.482,0.217,6
44.692,150.4283,10.0,4.3,21,183.0,5.643,1.26,us,15.16,1.976,0.168,10
-14.8344,168.2071,10.0,4.5,14,223.0,1.145,0.95,us,11.46,1.98,0.204,8
50.8059,158.8419,19.732,4.3,39,130.0,2.224,1.1,us,10.12,5.294,0.095,31
51.0514,159.2082,10.0,4.6,41,129.0,2.005,1.28,us,9.82,1.906,0.07,61
51.353,161.004,10.0,4.2,43,122.0,2.213,0.64,us,9.68,1.911,0.097,29
1.3424,128.5157,10.0,4.6,36,84.0,3.51,0.83,us,7.46,1.846,0.107,26
51.6119,160.1743,10.0,4.0,17,154.0,1.695,0.66,us,8.06,1.852,0.164,10
52.8525,159.1009,77.125,4.9,111,106.0,0.322,0.67,us,8.96,5.365,0.034,278
1.1555,124.2603,14.576,4.5,27,92.0,0.646,0.73,us,5.81,4.697,0.118,21
-6.9338,148.4706,27.434,4.9,65,123.0,2.777,0.62,us,7.98,5.251,0.071,62
-47.2934,-13.2903,10.0,4.9,28,85.0,24.943,0.66,us,13.82,1.846,0.122,21
51.4393,-176.7093,39.566,3.8,34,207.0,0.46,0.34,us,4.41,15.987,0.207,6
-13.6971,122.3503,10.0,4.9,35,53.0,4.344,0.89,us,7.61,1.88,0.099,32
54.5078,-159.6655,33.73,3.6,29,206.0,0.327,0.4,us,7.04,10.345,0.352,2
40.7407,142.9837,35.0,4.4,27,148.0,1.28,0.32,us,7.07,1.935,0.139,15
2.2866,96.2234,23.205,4.2,19,188.0,1.667,0.38,us,8.78,6.668,0.176,9
50.3595,159.4427,10.0,4.6,54,126.0,2.713,0.6,us,9.09,1.884,0.038,207
52.3128,175.8138,86.038,4.9,77,105.0,1.128,0.51,us,6.66,7.128,0.034,265
-5.9523,122.5618,10.0,4.4,22,113.0,1.05,0.49,us,3.69,1.918,0.127,18
12.0875,-88.4631,10.0,4.5,60,176.0,1.38,0.69,us,7.21,1.976,0.076,51
6.9709,126.7077,81.914,5.3,25,112.0,1.125,0.7,us,10.2,8.07,0.133,19
19.3828,39.3851,10.0,4.3,39,135.0,6.773,1.19,us,10.93,1.956,0.089,36
13.8349,-92.9186,10.0,4.1,62,162.0,1.505,0.85,us,6.54,1.958,0.08,43
51.5272,177.4469,50.409,4.1,44,125.0,0.82,0.8,us,6.6,8.041,0.097,29
52.4002,160.8008,31.58,4.2,16,257.0,1.45,1.05,us,11.88,9.058,0.2,7
14.3331,145.6178,108.467,4.3,19,91.0,0.911,0.95,us,7.62,7.148,0.153,12
51.3096,159.5462,35.0,4.2,21,158.0,1.803,0.75,us,8.72,1.977,0.152,12
-24.3154,-175.5641,30.322,4.6,25,98.0,8.845,0.5,us,10.75,5.594,0.157,17
52.3884,160.6799,10.0,4.2,37,121.0,1.389,0.72,us,9.67,1.908,0.101,27
51.6012,159.6582,34.798,4.7,35,126.0,1.553,0.75,us,11.22,6.348,0.099,31
52.6654,159.2701,43.981,4.8,19,226.0,0.52,0.79,us,8.62,9.197,0.185,9
51.8774,160.1431,43.871,4.8,46,135.0,1.467,1.12,us,9.13,6.752,0.067,69
-19.2936,-66.8751,245.363,4.5,59,57.0,2.219,0.81,us,8.04,7.016,0.039,190
52.3296,159.8039,56.52,4.6,31,122.0,0.988,0.75,us,7.94,7.911,0.107,26
17.6947,-94.2824,182.557,4.7,82,94.0,0.363,0.92,us,6.58,5.794,0.04,190
53.4484,160.0918,66.229,4.4,93,127.0,0.966,0.64,us,9.94,6.806,0.061,81
50.0803,156.8723,35.0,4.5,58,135.0,3.076,0.61,us,12.02,1.932,0.082,44
-8.0721,-74.4637,165.292,4.4,66,109.0,1.775,0.62,us,9.89,7.892,0.063,73
52.9373,160.7052,47.898,5.7,88,147.0,1.246,0.77,us,9.41,6.148,0.05,144
4.4147,126.7057,58.242,5.0,91,39.0,1.263,0.75,us,6.35,5.538,0.043,169
12.4243,123.6545,10.0,4.4,22,123.0,7.852,0.72,us,7.79,1.9,0.115,22
52.8301,160.7388,34.384,4.6,66,160.0,1.279,0.72,us,12.02,7.138,0.077,50
10.575,92.8178,58.539,4.5,26,89.0,9.825,0.7,us,13.3,5.629,0.14,16
14.8175,147.1967,10.0,4.3,24,151.0,1.419,0.51,us,11.83,1.932,0.126,18
52.1648,160.5199,26.845,4.4,14,153.0,1.428,0.6,us,10.93,8.255,0.179,9
51.3205,157.7731,74.263,4.6,90,126.0,1.789,1.03,us,9.94,6.972,0.061,80
51.6288,159.6054,10.0,5.4,40,127.0,1.515,0.46,us,5.08,1.88,0.12,24
52.3046,159.2205,56.95,4.0,13,253.0,0.799,0.36,us,9.47,9.189,0.196,9
10.9351,141.9682,10.0,4.1,20,147.0,3.872,0.57,us,7.15,1.902,0.151,14
-22.9566,-68.5438,115.506,4.4,27,66.0,0.336,0.73,us,6.14,5.432,0.123,19
-23.7029,-174.4809,10.0,4.4,10,162.0,6.26,1.1,us,14.83,1.971,0.203,8
7.3797,126.8108,67.176,4.6,45,122.0,1.26,1.07,us,9.02,7.637,0.091,36
-23.4796,-70.3068,40.94,3.9,21,174.0,1.025,1.04,us,5.07,10.767,0.23,5
52.8983,160.6814,10.0,4.3,65,172.0,1.235,0.57,us,11.54,1.945,0.068,61
-21.4352,-178.4982,474.219,4.4,36,170.0,4.904,0.32,us,16.06,11.385,0.092,34
-55.9421,-27.8538,106.301,5.1,57,69.0,5.227,1.16,us,10.7,5.996,0.071,64
39.4265,21.7743,10.0,4.5,85,46.0,0.595,0.69,us,3.87,1.881,0.068,64
52.2336,160.0326,52.276,4.3,29,138.0,1.669,0.94,us,11.18,7.893,0.108,24
52.1061,160.6091,10.0,4.2,11,159.0,1.508,0.4,us,12.12,1.965,0.216,6
-18.6617,65.2233,10.0,4.2,16,95.0,2.062,0.75,us,6.43,1.884,0.176,9
-6.5675,107.0797,126.439,4.3,22,137.0,0.583,1.06,us,11.46,6.505,0.137,16
48.2169,154.44,49.918,4.1,22,136.0,5.317,0.61,us,10.83,9.2,0.14,14
-9.9186,121.7796,35.0,4.7,33,78.0,1.352,0.99,us,5.33,1.901,0.099,31
6.1123,127.574,10.0,4.4,31,84.0,2.496,0.68,us,9.36,1.889,0.111,23
-34.0135,-178.3875,10.0,4.2,22,253.0,4.445,0.98,us,11.82,1.975,0.132,16
-1.7675,-78.0415,155.618,4.5,73,62.0,0.273,0.84,us,7.48,4.152,0.045,144
5.9272,61.3713,10.0,4.3,16,194.0,23.225,0.57,us,11.07,1.94,0.177,9
67.8907,130.122,10.0,4.2,34,57.0,3.787,0.68,us,9.25,1.944,0.104,27
52.1429,179.7058,173.056,3.8,14,132.0,0.163,0.71,us,10.03,10.91,0.127,16
0.5086,121.2234,92.951,4.3,25,122.0,0.744,0.95,us,6.16,7.185,0.168,11
19.8566,121.3308,39.251,4.5,34,116.0,2.956,0.69,us,12.27,8.335,0.111,24
50.5617,158.6172,10.0,4.5,53,131.0,2.465,0.67,us,9.17,1.874,0.09,55
51.3084,159.5687,10.0,4.3,27,138.0,1.808,1.02,us,9.91,1.93,0.122,19
-17.4145,167.7529,10.0,4.1,11,204.0,4.526,0.36,us,10.64,1.961,0.214,7
51.2307,159.2636,10.0,4.8,84,137.0,1.835,0.73,us,9.54,1.901,0.061,82
52.9133,160.8431,10.0,4.4,12,189.0,1.331,0.19,us,13.62,1.996,0.203,8
51.5493,160.6557,10.0,4.4,35,138.0,1.923,0.62,us,10.4,1.92,0.102,28
-25.2621,179.197,582.436,4.1,25,120.0,8.742,0.41,us,15.69,10.326,0.12,19
51.3603,179.6205,72.561,3.8,81,197.0,0.201,0.46,us,6.79,9.742,0.074,47
-23.9222,-176.2425,66.826,4.9,39,121.0,7.603,0.57,us,14.74,7.799,0.095,35
13.009,145.6741,10.0,4.5,27,107.0,0.974,1.08,us,7.32,1.903,0.121,20
49.405,158.1951,10.0,4.3,16,137.0,3.721,0.47,us,9.1,1.815,0.168,10
-3.6257,151.5576,10.0,4.4,25,110.0,0.825,0.36,us,8.88,1.895,0.126,18
50.0856,158.6197,17.748,4.4,24,134.0,2.942,0.49,us,11.18,5.021,0.143,14
13.5109,120.8686,186.285,4.6,42,89.0,12.32,0.44,us,13.1,8.29,0.093,34
50.172,158.1827,10.0,4.3,27,138.0,2.87,0.45,us,8.42,1.82,0.142,14
-28.4328,-176.7597,35.0,4.9,28,69.0,1.307,0.87,us,8.56,1.686,0.11,26
-4.5264,102.5996,64.307,4.3,22,196.0,0.391,0.38,us,6.65,6.726,0.16,11
-21.6104,168.9865,10.0,4.4,31,116.0,1.742,0.56,us,9.5,1.909,0.108,25
-19.4993,-177.0775,338.454,4.3,31,136.0,4.523,0.73,us,15.59,9.475,0.101,33
-23.4317,178.9877,575.858,4.5,27,171.0,5.725,0.72,us,7.15,8.81,0.132,18
52.1463,160.24,31.385,4.1,22,204.0,1.309,0.86,us,13.31,9.987,0.124,18
52.8774,160.8518,20.767,4.9,166,119.0,1.34,0.72,us,6.68,4.544,0.033,288
42.2593,144.5193,37.375,4.1,36,86.0,1.042,0.63,us,8.23,8.142,0.114,21
51.4867,16.0497,5.0,4.5,36,35.0,1.151,0.79,us,5.58,1.898,0.128,18
-37.265,177.0706,161.899,4.4,20,123.0,1.028,1.0,us,8.79,7.97,0.178,9
-5.6843,128.8249,294.906,4.1,29,67.0,1.577,0.71,us,9.76,8.098,0.123,18
51.4833,159.9705,10.0,5.3,141,98.0,1.743,1.06,us,4.55,1.805,0.028,440
51.6086,160.0359,10.0,4.3,16,137.0,1.653,1.06,us,9.25,1.706,0.148,13
7.0448,126.811,89.635,4.8,68,109.0,1.223,0.62,us,9.13,6.936,0.073,57
-8.9449,127.1168,10.0,4.6,31,94.0,4.832,0.82,us,8.13,1.898,0.114,25
16.3541,-98.8313,10.0,4.5,100,163.0,0.677,0.67,us,5.37,1.931,0.038,205
52.7834,160.6207,21.723,4.1,34,119.0,1.218,1.1,us,9.77,6.502,0.111,23
53.0958,159.8413,60.141,4.9,102,132.0,0.723,0.8,us,9.92,6.752,0.06,87
40.8201,143.3748,35.0,4.3,26,135.0,1.205,0.44,us,6.17,1.937,0.133,16
-16.1351,178.5482,10.0,4.6,45,104.0,0.86,0.51,us,8.87,1.91,0.082,44
-23.3228,-67.9044,156.468,4.3,40,88.0,0.447,0.67,us,5.82,4.997,0.097,30
52.5653,160.8644,10.0,4.1,18,203.0,1.421,0.85,us,9.0,1.996,0.117,20
51.4736,158.4131,48.203,4.3,66,134.0,1.559,0.72,us,4.9,7.584,0.075,50
42.5536,146.7106,10.0,4.5,43,154.0,2.691,1.2,us,11.59,1.945,0.096,32
51.5167,159.7543,39.234,4.2,18,137.0,1.655,0.57,us,12.33,8.171,0.152,12
28.2414,65.5886,10.0,4.2,34,177.0,9.017,0.64,us,7.54,1.955,0.105,25
28.4439,54.0647,10.0,4.3,29,84.0,3.975,0.49,us,9.24,1.896,0.129,17
9.2583,94.0122,10.0,4.3,27,93.0,4.95,1.04,us,10.46,1.895,0.122,19
-4.879,145.3954,156.556,4.6,35,129.0,4.825,0.5,us,10.88,8.312,0.063,75
-0.9033,100.8527,10.0,4.9,52,72.0,3.943,0.87,us,8.51,1.861,0.086,42
-7.6539,147.3831,105.648,4.1,40,125.0,1.754,0.7,us,7.06,7.978,0.103,27
-4.5677,102.7394,62.773,4.2,31,145.0,0.298,0.36,us,8.29,5.39,0.121,19
52.6078,160.3815,38.482,4.8,99,127.0,1.13,0.75,us,10.83,6.964,0.053,111
52.328,160.4462,10.0,4.5,36,139.0,1.297,0.73,us,11.72,1.926,0.096,32
36.6715,71.2243,119.632,4.4,41,167.0,1.921,0.75,us,7.14,9.879,0.102,28
53.5974,161.4502,35.0,4.2,20,184.0,1.776,0.76,us,8.7,1.983,0.159,12
0.2243,122.0056,198.613,4.4,47,73.0,1.472,0.7,us,7.96,6.622,0.096,31
60.4474,-139.5567,5.0,4.4,100,53.0,0.495,0.84,us,1.32,1.901,0.143,14
49.8591,159.5088,10.0,4.2,37,136.0,3.214,0.54,us,8.27,1.849,0.11,23
52.6756,160.7157,10.0,4.5,118,121.0,1.3,0.58,us,7.86,1.876,0.041,173
53.3141,153.4003,486.822,4.1,11,122.0,2.593,0.55,us,22.16,16.995,0.262,4
35.3745,68.8158,10.0,4.1,19,164.0,0.897,0.91,us,7.69,2.262,0.174,9
2.5713,96.0048,10.0,4.9,57,104.0,2.802,0.87,us,8.6,1.769,0.069,65
-17.6156,-178.7872,548.042,4.9,54,78.0,2.095,0.62,us,13.62,9.926,0.076,54
50.2744,159.5324,10.0,4.2,21,139.0,2.807,0.55,us,13.69,1.926,0.124,18
-47.8647,116.0413,10.0,4.4,21,141.0,14.948,0.74,us,15.26,1.92,0.13,17
33.6428,139.4938,10.0,4.7,63,102.0,0.59,0.66,us,5.4,1.888,0.089,38
-2.8451,129.5201,10.0,4.6,55,50.0,1.71,0.52,us,2.71,1.873,0.072,57
45.6032,26.3657,136.431,4.1,42,51.0,0.316,1.22,us,7.38,6.332,0.131,17
7.6879,127.2735,10.0,4.5,22,68.0,1.789,0.61,us,5.48,1.869,0.145,15
-3.7735,139.3546,54.602,4.6,57,48.0,0.515,0.85,us,5.54,6.778,0.071,59
42.9837,146.2363,35.0,4.0,18,156.0,2.474,0.73,us,14.32,1.966,0.157,13
32.0486,56.3493,10.0,4.6,73,149.0,6.044,0.65,us,10.58,1.919,0.072,57
-56.7605,-25.6669,35.0,5.2,117,27.0,17.748,0.76,us,11.99,1.787,0.054,115
50.442,158.1906,10.0,4.7,104,131.0,2.601,0.55,us,8.93,1.878,0.055,99
-6.8182,130.4593,122.132,4.4,23,59.0,2.347,1.06,us,8.63,4.73,0.178,10
51.418,161.1206,10.0,4.3,73,89.0,2.212,1.03,us,5.43,1.724,0.068,62
28.2462,51.7119,10.0,4.2,31,137.0,5.194,0.66,us,5.07,1.941,0.101,27
12.8114,-89.2547,35.0,4.4,35,186.0,0.948,1.11,us,6.17,1.98,0.1,29
52.9507,160.6176,35.806,4.3,25,188.0,1.192,0.73,us,15.3,14.065,0.133,16
52.8477,161.1145,10.0,4.9,84,133.0,1.502,1.02,us,10.63,1.79,0.034,263
-5.7636,-80.7809,55.95,4.4,48,134.0,3.611,0.51,us,10.98,4.792,0.082,43
37.4074,66.2685,10.0,4.3,29,145.0,2.498,0.69,us,9.75,1.976,0.2,7
51.3206,159.6445,25.82,4.4,26,169.0,1.812,0.79,us,10.02,6.913,0.144,14
52.7357,160.7206,35.0,4.3,20,148.0,1.288,0.8,us,5.54,1.952,0.178,9
52.3185,160.5619,24.34,4.3,32,122.0,1.362,1.06,us,11.19,6.251,0.096,31
20.4797,144.8663,186.772,3.9,20,125.0,5.284,0.62,us,11.75,10.721,0.133,15
-4.5049,35.0267,10.0,4.3,24,104.0,3.689,0.74,us,6.18,1.948,0.129,17
-4.2743,152.6823,62.317,4.7,75,90.0,0.524,0.39,us,9.52,6.552,0.065,71
39.4433,26.0125,10.0,4.4,23,69.0,0.786,0.67,us,5.71,1.933,0.178,9
52.4202,159.9964,35.0,4.4,63,131.0,1.018,0.88,us,10.9,1.934,0.065,69
-20.429,-178.6419,599.311,4.3,53,121.0,4.111,0.82,us,14.52,7.324,0.07,58
51.7897,175.7969,49.761,4.4,108,155.0,1.405,0.52,us,8.18,8.484,0.058,84
52.1637,161.4144,10.0,4.0,41,180.0,1.893,0.46,us,9.91,1.804,0.093,31
-6.2888,130.1974,132.01,4.3,12,114.0,3.922,0.31,us,8.15,11.319,0.237,6
2.0052,127.1018,49.412,4.4,25,142.0,1.253,0.66,us,6.12,10.127,0.139,15
50.3384,177.1824,10.0,3.7,37,254.0,1.699,0.49,us,4.37,2.016,0.19,7
3.0099,-31.2949,10.0,4.6,62,53.0,9.91,0.57,us,11.1,1.864,0.075,54
51.3461,158.9338,42.251,4.2,20,138.0,1.689,1.36,us,13.86,8.481,0.146,13
-19.6435,169.0822,127.736,5.0,47,123.0,3.326,0.61,us,10.62,7.49,0.042,179
52.6568,-174.3246,236.892,3.8,50,74.0,0.271,0.37,us,10.4,6.601,0.136,14
49.887,155.7814,78.872,4.2,67,137.0,3.441,0.43,us,11.78,7.172,0.073,52
-44.9441,167.4099,105.786,4.3,21,90.0,0.457,0.51,us,5.27,5.314,0.188,8
51.4902,159.7095,25.654,4.5,40,118.0,1.668,1.24,us,10.27,6.935,0.1,29
51.9752,160.3161,10.0,4.4,37,125.0,1.463,0.96,us,9.46,1.904,0.105,26
51.3848,159.8739,10.0,4.7,18,183.0,1.806,1.0,us,10.59,1.958,0.158,12
13.3398,-44.6913,10.0,5.0,117,75.0,11.331,0.45,us,8.23,1.897,0.037,233
50.3203,158.6166,10.0,4.2,35,135.0,2.707,0.65,us,12.44,1.929,0.11,23
69.0871,137.9228,10.0,4.2,58,64.0,3.984,0.43,us,9.57,1.915,0.08,44
2.7818,128.5872,222.675,4.3,28,131.0,3.657,0.43,us,14.9,9.552,0.119,20
31.352,50.2291,10.0,4.2,37,146.0,5.271,0.45,us,10.71,1.945,0.113,22
54.5204,-159.8354,35.0,4.4,52,151.0,1.333,0.78,us,6.25,1.949,0.075,52
14.9056,-93.3302,75.536,4.5,33,182.0,1.151,0.84,us,7.81,11.99,0.05,118
37.2837,69.6738,10.0,5.1,119,66.0,1.43,0.59,us,7.64,1.807,0.046,156
51.665,160.44,10.0,4.0,20,120.0,1.748,0.49,us,11.69,1.924,0.126,17
52.3165,161.5162,10.0,4.2,43,164.0,1.883,0.55,us,12.88,1.955,0.092,33
35.5794,58.4298,10.0,4.2,39,174.0,8.613,0.57,us,8.34,1.935,0.085,39
50.2685,158.5438,10.0,4.7,39,133.0,2.76,0.81,us,6.78,1.708,0.072,67
13.183,-91.0471,10.0,4.3,31,218.0,1.425,0.92,us,7.96,1.991,0.051,109
13.5341,-91.6326,32.216,4.1,30,240.0,1.022,0.78,us,9.5,9.299,0.107,24
17.941,-95.1842,128.51,4.3,62,99.0,1.168,0.96,us,6.89,8.326,0.054,98
51.3184,159.7347,10.0,4.5,13,137.0,1.834,0.98,us,10.96,1.878,0.191,8
-29.2135,-13.6651,10.0,4.9,56,70.0,7.914,0.76,us,10.55,1.872,0.076,54
-13.5367,167.5465,10.0,4.5,26,134.0,1.928,1.17,us,9.79,1.898,0.118,21
52.598,161.0609,10.0,4.7,18,181.0,1.524,0.98,us,14.21,2.0,0.174,11
7.1583,127.0591,57.386,4.7,53,77.0,1.471,0.97,us,9.16,7.388,0.084,43
-36.681,177.6464,170.892,4.2,26,148.0,1.026,1.01,us,8.84,7.631,0.159,11
12.1824,-86.8128,123.057,4.4,86,135.0,0.553,0.56,us,8.36,6.441,0.057,88
-1.7993,139.1109,22.998,4.9,91,82.0,1.185,0.83,us,6.05,5.271,0.067,71
16.5838,-100.7307,10.0,4.3,69,196.0,0.688,1.18,us,5.57,1.922,0.047,128
51.1013,158.6547,36.964,4.4,49,128.0,1.925,0.71,us,10.42,7.616,0.082,43
33.1397,131.1214,9.817,4.9,114,69.0,1.721,0.57,us,6.45,4.225,0.059,90
-8.4001,112.9424,140.342,4.3,34,101.0,1.199,0.78,us,9.71,7.662,0.103,27
53.0514,161.5388,10.0,4.5,57,118.0,1.745,0.52,us,9.39,1.853,0.082,43
52.6811,160.9531,10.0,4.3,35,164.0,1.438,0.68,us,11.79,1.941,0.094,32
36.504,70.8658,187.072,4.0,47,82.0,2.219,1.17,us,8.24,8.334,0.144,13
-10.375,161.5426,67.9,4.2,13,113.0,1.826,0.48,us,11.7,7.319,0.16,11
14.0308,-91.8454,41.85,4.7,106,179.0,1.143,0.85,us,10.34,10.862,0.059,88
50.3822,157.6686,35.163,4.4,47,136.0,2.715,0.72,us,11.49,7.796,0.062,75
49.3466,156.9729,10.0,4.4,34,104.0,3.794,0.58,us,8.94,1.846,0.108,25
50.4145,160.001,10.0,4.1,18,241.0,2.744,0.43,us,11.83,1.995,0.174,9
52.2858,160.5623,11.31,4.8,133,123.0,1.379,0.59,us,9.71,4.969,0.047,140
51.8592,158.1767,75.026,4.1,25,159.0,1.201,0.83,us,11.56,9.228,0.131,16
-18.1331,-177.961,566.77,4.4,28,124.0,3.035,0.57,us,19.22,12.786,0.123,21
-23.3474,170.7457,10.0,5.0,45,208.0,3.127,0.78,us,11.3,1.92,0.085,44
-14.6336,-176.063,314.955,4.2,31,128.0,4.767,0.53,us,14.66,6.845,0.1,28
52.583,159.8435,35.0,4.6,33,119.0,0.848,1.14,us,8.55,1.738,0.103,28
53.513,160.8756,35.0,4.1,16,141.0,1.424,0.84,us,8.21,1.982,0.165,10
-28.9279,-176.8872,10.0,4.5,24,108.0,9.502,1.09,us,13.84,1.912,0.115,22
2.59,-31.1585,10.0,4.5,50,60.0,9.609,0.73,us,11.4,1.874,0.082,43
40.5052,19.8876,10.0,4.3,29,66.0,0.841,0.86,us,5.03,1.905,0.105,26
36.7989,71.0557,223.427,4.0,20,178.0,1.89,0.69,us,8.67,9.084,0.164,11
26.5812,93.2884,10.0,4.2,40,94.0,3.649,1.2,us,10.89,1.926,0.1,28
23.7593,122.4732,10.0,4.4,25,97.0,0.859,0.68,us,3.14,1.818,0.178,9
37.0416,28.4821,10.0,4.4,33,57.0,0.783,0.66,us,4.57,1.358,0.178,9
-7.4337,106.715,74.788,4.3,32,100.0,0.928,0.94,us,5.35,6.745,0.09,35
-57.7983,157.68,10.0,4.4,34,102.0,3.383,1.01,us,12.02,1.927,0.104,27
51.6248,159.0013,10.0,4.2,28,166.0,1.417,0.58,us,11.25,1.965,0.128,17
-59.1111,-25.0092,24.481,4.5,16,131.0,15.464,0.75,us,12.5,6.892,0.135,16
-23.0756,-68.5025,107.649,4.1,19,79.0,0.323,0.54,us,5.84,8.19,0.234,5
2.0269,126.8751,88.157,4.8,65,58.0,1.34,0.75,us,5.84,6.739,0.068,68
-3.9693,-80.8004,40.959,4.7,64,108.0,2.145,1.1,us,7.06,7.081,0.045,147
42.399,-127.0574,10.0,3.5,23,203.0,2.009,0.47,us,8.56,2.014,0.284,3
52.8563,160.7139,10.0,4.6,35,114.0,1.26,0.5,us,10.15,1.915,0.095,33
1.5579,126.9336,105.685,4.5,55,90.0,0.893,0.75,us,7.03,7.67,0.087,39
55.175,-163.2969,189.104,3.8,46,133.0,0.827,0.74,us,5.42,7.825,0.161,10
38.3902,119.3497,10.0,4.5,38,111.0,2.956,0.69,us,6.47,1.875,0.089,37
13.527,120.3513,62.176,4.6,41,93.0,8.495,0.49,us,12.28,8.605,0.091,36
52.6444,160.4965,35.0,4.3,27,147.0,1.183,0.82,us,9.55,1.956,0.133,16
-21.1671,-173.342,10.0,4.6,28,122.0,3.824,0.88,us,9.95,1.89,0.119,21
-17.6329,-178.9422,540.001,4.3,36,132.0,1.981,0.72,us,17.02,8.061,0.097,33
-15.7357,167.1841,31.682,4.5,20,146.0,0.288,0.88,us,8.99,6.504,0.15,13
0.2614,122.0062,164.366,4.6,78,41.0,1.487,0.64,us,5.17,6.087,0.073,57
52.6874,160.6056,23.958,4.3,45,118.0,1.233,1.11,us,10.35,6.149,0.084,40
-6.3254,-79.9277,67.657,5.0,75,130.0,3.892,0.79,us,10.97,5.918,0.029,387
-9.4878,110.4116,10.0,4.0,18,93.0,2.423,0.96,us,4.84,1.946,0.197,7
39.5017,143.3113,10.0,5.0,49,147.0,2.149,0.97,us,5.01,1.909,0.058,96
37.3274,70.006,10.0,5.0,80,58.0,1.487,0.71,us,5.54,1.82,0.049,134
-23.8589,-67.7832,152.805,4.5,24,73.0,0.973,1.07,us,7.71,7.8,0.135,16
-29.2558,-112.2399,10.0,5.2,171,114.0,3.328,0.63,us,12.21,1.888,0.034,281
49.8313,156.5677,40.609,4.2,20,180.0,3.357,0.71,us,15.66,11.824,0.159,11
49.8397,155.7456,80.711,4.5,63,134.0,3.493,0.42,us,10.79,7.544,0.05,120
-12.0045,166.5348,143.24,4.9,58,63.0,6.957,0.64,us,10.14,4.116,0.072,61
53.0106,160.9939,28.799,4.4,41,172.0,1.416,0.65,us,12.25,7.423,0.086,41
13.3812,146.3363,10.0,4.5,21,111.0,1.443,0.54,us,9.28,1.914,0.15,13
52.4388,160.9549,10.0,4.5,45,120.0,2.088,0.57,us,9.15,1.893,0.091,35
8.744,126.0078,35.0,4.2,40,109.0,1.717,0.83,us,3.11,1.918,0.101,27
52.3254,160.39,10.0,4.4,26,119.0,1.269,1.19,us,7.64,1.856,0.117,21
-30.1172,-177.6754,35.0,4.6,26,192.0,0.879,1.04,us,9.33,1.966,0.122,20
53.0129,161.0528,10.0,4.4,18,184.0,1.452,0.83,us,11.83,1.977,0.138,15
52.4386,160.6506,10.0,4.4,33,151.0,1.35,0.62,us,7.06,1.933,0.126,20
7.2316,127.2814,17.369,4.6,40,64.0,1.697,0.76,us,7.11,4.601,0.1,32
79.1448,3.5506,10.0,4.2,24,125.0,1.622,1.11,us,9.42,1.862,0.128,17
-9.8854,116.6311,54.034,4.1,17,104.0,1.544,0.45,us,8.08,5.198,0.174,9
-56.7459,-26.9389,138.477,4.9,69,68.0,5.959,0.74,us,11.08,6.153,0.062,82
-21.5882,-66.818,228.303,4.1,19,96.0,2.264,0.69,us,7.98,16.737,0.234,5
32.5133,137.4909,379.239,4.3,103,69.0,2.046,0.74,us,8.97,8.022,0.06,78
-25.9649,179.6835,508.72,4.9,65,85.0,8.319,0.68,us,12.66,7.55,0.075,56
50.1614,158.9455,10.0,4.4,39,134.0,2.872,0.79,us,9.87,1.905,0.098,30
-16.5353,-173.8476,112.204,4.4,24,129.0,3.285,0.55,us,12.92,12.354,0.149,16
51.874,159.7088,35.0,4.4,26,177.0,1.321,1.07,us,12.41,1.974,0.126,18
53.0425,161.1586,29.721,4.3,33,135.0,1.515,0.64,us,11.81,6.303,0.113,22
-5.6947,146.1066,81.099,4.3,28,87.0,3.831,0.64,us,9.12,2.208,0.137,15
-45.1712,167.0898,40.454,4.3,34,101.0,0.297,0.94,us,3.65,8.661,0.201,7
-21.4699,-176.2922,110.0,4.7,39,110.0,6.431,0.96,us,13.48,7.821,0.073,56
51.7149,159.7649,10.0,4.3,23,135.0,1.478,0.72,us,5.55,1.935,0.111,23
50.2045,157.9498,40.542,4.3,30,132.0,2.856,0.63,us,5.71,7.357,0.111,23
-19.081,-177.6101,559.298,4.2,38,88.0,3.87,1.15,us,14.36,8.306,0.096,30
51.3743,159.5821,10.0,4.2,22,222.0,1.748,0.53,us,8.91,1.973,0.136,15
40.6716,47.9972,10.0,4.4,27,79.0,1.63,0.58,us,4.92,1.921,0.112,23
51.914,160.6626,10.0,4.1,26,135.0,1.658,1.08,us,9.51,1.691,0.131,16
43.424,147.9825,38.731,4.3,31,137.0,3.824,0.59,us,10.45,6.394,0.119,20
7.3003,123.4816,10.0,4.9,55,65.0,2.094,0.45,us,8.88,1.858,0.062,82
52.9469,160.7987,32.356,5.4,190,119.0,1.301,0.61,us,9.09,5.165,0.03,388
5.257,125.8825,106.753,4.5,38,76.0,0.658,0.72,us,6.5,6.616,0.099,30
-59.2055,-17.2326,10.0,4.7,27,188.0,11.645,0.73,us,15.36,1.986,0.113,24
61.1676,-28.0776,10.0,4.3,50,150.0,4.731,0.79,us,11.61,1.932,0.084,40
-21.3216,-179.1297,579.922,4.3,50,122.0,4.44,0.6,us,11.14,7.621,0.065,68
29.3037,129.4602,10.0,4.7,77,87.0,2.359,0.73,us,6.89,1.856,0.072,58
39.5869,143.2433,37.562,4.4,35,155.0,2.056,0.41,us,9.07,8.406,0.121,20
-19.0961,169.2714,248.046,4.2,31,110.0,3.893,0.48,us,12.37,9.976,0.105,25
-29.6361,-71.5313,46.215,4.1,28,189.0,0.38,1.25,us,5.21,10.408,0.233,5
-21.2803,-68.7253,118.559,4.0,13,92.0,0.704,0.63,us,6.27,8.393,0.258,4
51.1532,160.7605,10.0,4.3,20,138.0,2.281,0.64,us,13.03,1.921,0.142,14
-18.0077,-177.975,625.129,4.4,46,123.0,2.958,0.65,us,14.42,10.109,0.078,48
24.7847,121.6803,55.785,4.1,24,58.0,0.251,1.04,us,4.21,4.8,0.174,9
34.8742,26.5035,10.0,4.0,22,179.0,0.861,0.97,us,5.21,1.968,0.258,4
-20.9432,-178.6525,554.416,4.3,49,126.0,4.449,0.63,us,14.25,10.046,0.082,44
52.0807,160.3525,10.0,4.8,101,125.0,8.434,1.28,us,9.27,1.868,0.051,119
-3.6464,144.1254,10.0,4.4,22,116.0,3.597,0.81,us,5.74,1.913,0.127,18
52.0221,160.4813,35.0,4.2,24,135.0,1.503,0.6,us,11.62,1.943,0.141,14
36.7861,25.7763,10.0,4.0,30,97.0,1.669,0.64,us,5.05,1.91,0.13,16
42.0242,137.5574,286.491,4.1,81,58.0,2.912,0.96,us,9.0,7.608,0.066,63
51.403,160.751,10.0,4.4,49,154.0,2.075,0.59,us,10.52,1.923,0.079,46
34.6813,70.7808,10.0,4.3,30,148.0,1.368,1.03,us,7.08,1.737,0.116,21
6.2029,126.8673,81.185,4.3,31,130.0,1.542,0.78,us,9.96,6.562,0.113,25
15.8388,-96.2319,33.717,4.7,57,149.0,2.818,0.9,us,9.06,5.658,0.028,373
-15.2084,-178.4429,414.974,4.3,65,52.0,2.454,0.89,us,11.74,6.437,0.045,142
9.9192,-70.6755,10.0,4.9,61,95.0,1.03,1.11,us,7.28,1.871,0.075,55
15.4482,-94.7268,32.337,4.2,65,124.0,1.369,0.79,us,5.68,6.912,0.064,67
43.5908,147.6524,35.0,4.7,66,137.0,3.663,1.11,us,11.59,1.929,0.062,79
49.559,158.4613,10.0,4.6,64,136.0,3.471,0.81,us,9.37,1.889,0.056,95
52.0477,158.9287,10.0,4.7,10,192.0,0.992,0.56,us,10.65,1.952,0.183,12
53.5623,160.0211,70.255,4.1,56,163.0,0.984,0.64,us,10.02,7.189,0.072,53
-43.7809,-16.2259,10.0,5.0,76,67.0,7.338,0.42,us,10.77,1.851,0.07,69
3.9122,125.921,143.154,4.4,36,103.0,0.927,0.79,us,10.98,7.07,0.101,28
51.5379,159.6606,10.0,5.0,74,121.0,1.612,0.86,us,7.94,1.878,0.074,58
50.6926,157.4307,52.793,4.9,172,117.0,2.423,0.53,us,8.56,3.79,0.044,164
55.8412,162.4201,64.891,4.4,88,96.0,3.58,0.68,us,9.31,6.368,0.056,94
50.1343,156.9345,51.578,5.0,93,102.0,3.016,0.54,us,10.22,6.168,0.023,587
14.8447,-94.114,10.0,4.7,91,124.0,1.837,0.75,us,6.01,1.888,0.042,177
36.8328,54.9529,10.0,4.5,130,86.0,5.168,0.82,us,7.99,1.881,0.056,94
28.1367,131.1038,10.0,4.4,31,138.0,2.31,0.93,us,7.13,1.89,0.138,15
2.7115,-31.2577,10.0,4.3,24,84.0,9.667,0.87,us,4.51,1.892,0.119,20
4.1895,126.5775,35.0,4.5,43,108.0,1.221,1.17,us,6.54,1.917,0.101,29
-16.675,-71.5137,99.305,4.2,27,140.0,2.023,0.69,us,9.88,9.205,0.128,17
51.0073,159.7714,10.0,4.2,26,129.0,2.135,0.73,us,8.95,1.917,0.125,18
17.534,145.3159,351.737,4.1,29,133.0,2.325,0.47,us,22.41,18.355,0.116,20
52.5319,161.1206,10.0,4.3,31,121.0,1.579,1.35,us,9.84,1.881,0.113,22
43.5587,-28.8939,10.0,4.4,15,127.0,6.33,0.21,us,10.83,1.771,0.17,10
52.7224,161.0234,10.0,4.1,27,163.0,1.47,0.98,us,13.22,1.968,0.13,16
44.4564,149.4049,35.0,4.7,116,137.0,4.902,0.58,us,9.97,1.91,0.057,95
-8.9565,124.1623,108.412,4.6,20,125.0,0.8,1.05,us,6.33,7.94,0.145,14
52.7755,160.9359,10.0,4.4,32,156.0,1.407,0.63,us,8.06,1.77,0.105,26
-48.5895,124.7217,10.0,4.5,14,133.0,16.626,0.66,us,9.26,1.91,0.157,12
