latitude,longitude,depth,mag,nst,gap,dmin,rms,net,horizontalError,depthError,magError,magNst
-23.3574,171.4649,10.0,4.5,16,201.0,3.776,0.9,us,8.69,1.929,0.171,10
39.5659,143.0305,34.797,4.1,17,198.0,1.94,0.9,us,9.57,4.962,0.198,8
52.2305,160.6079,10.0,5.0,140,76.0,1.433,0.64,us,7.78,1.827,0.042,185
52.9804,161.3015,10.0,4.9,116,105.0,1.603,0.46,us,8.82,1.867,0.057,98
17.0924,-94.8289,130.741,4.8,52,113.0,0.69,1.05,us,5.17,6.777,0.044,159
51.7635,158.88,35.0,4.2,29,179.0,1.27,1.03,us,10.02,1.966,0.115,21
6.9709,126.7077,81.914,5.3,25,112.0,1.125,0.7,us,10.2,8.07,0.133,19
51.0671,160.6301,10.0,4.5,117,132.0,2.309,0.61,us,8.6,1.881,0.044,155
-22.5252,-68.5918,108.198,4.6,89,34.0,0.571,0.84,us,5.0,4.966,0.064,78
54.4964,-160.053,32.25,3.8,70,164.0,0.43,0.98,us,6.59,9.309,0.227,5
52.7211,160.2515,34.908,4.0,22,120.0,1.017,0.78,us,10.34,6.328,0.119,19
34.3423,70.8571,10.0,4.7,61,132.0,1.434,1.18,us,7.96,1.886,0.075,53
-23.8942,179.6029,568.441,4.5,32,138.0,6.288,0.71,us,14.52,12.74,0.108,25
49.4716,155.5842,78.223,4.3,51,135.0,3.876,0.55,us,10.85,7.701,0.068,62
52.7083,161.1113,19.308,4.7,71,120.0,1.525,0.91,us,7.12,3.983,0.053,107
-14.9357,66.691,10.0,4.9,38,84.0,37.14,0.99,us,9.28,1.819,0.093,36
53.2545,159.9288,55.409,4.4,33,143.0,0.804,0.99,us,12.23,5.87,0.098,30
-1.2033,127.155,10.0,4.8,40,88.0,3.503,0.67,us,7.89,1.873,0.097,33
-10.331,161.5065,84.826,4.4,22,159.0,1.774,0.7,us,12.01,6.483,0.108,25
-49.0079,124.7052,10.0,4.1,17,136.0,16.835,0.55,us,13.8,1.842,0.145,13
17.162,59.7289,10.0,4.3,39,180.0,8.413,1.04,us,10.8,1.924,0.099,29
4.4094,-73.2733,10.0,4.2,18,115.0,1.13,0.98,us,9.61,1.908,0.147,13
52.4882,160.6529,26.59,4.1,36,145.0,1.33,0.88,us,10.37,6.932,0.112,22
43.9746,-128.2335,10.0,4.3,93,115.0,3.034,0.84,us,7.62,1.915,0.062,73
-35.3543,-179.7076,10.0,4.1,21,152.0,2.724,0.55,us,8.37,1.929,0.198,10
-29.3489,-71.46,38.049,4.0,27,141.0,0.6,1.07,us,4.13,10.869,0.367,2
54.5541,-159.9971,35.16,3.9,45,158.0,0.365,0.73,us,4.6,7.232,0.133,15
50.9933,158.249,35.0,4.5,26,137.0,2.048,0.67,us,14.27,1.934,0.067,66
27.8532,-111.8803,10.0,4.4,38,123.0,0.62,1.29,us,6.04,1.91,0.102,28
51.6062,159.8053,35.0,5.0,79,123.0,1.587,1.19,us,9.1,1.91,0.042,178
-22.836,171.1579,10.0,4.7,34,126.0,3.434,0.85,us,8.83,1.889,0.106,27
18.4879,-69.1184,101.967,4.4,82,77.0,0.7,0.72,us,5.18,6.556,0.048,128
49.8602,159.4591,10.0,4.3,41,136.0,3.208,0.77,us,10.14,1.915,0.1,33
-6.7723,121.8347,10.0,4.7,34,78.0,2.058,0.93,us,6.33,1.9,0.111,26
52.3669,160.7748,10.0,5.1,151,123.0,1.451,0.73,us,8.2,1.864,0.028,410
-11.4195,164.603,10.0,5.0,37,66.0,4.735,0.86,us,10.0,1.87,0.061,86
-5.8244,152.4463,10.0,4.6,25,155.0,1.565,0.72,us,4.92,1.917,0.136,16
-30.8453,-71.233,59.005,4.5,53,105.0,0.386,0.77,us,4.26,4.29,0.125,19
51.6152,159.8164,29.223,5.0,174,118.0,1.582,0.7,us,8.3,5.375,0.04,205
14.6936,-94.5322,10.0,4.7,41,194.0,1.859,1.35,us,6.22,1.978,0.102,29
-38.8867,175.1505,234.813,4.6,47,49.0,0.387,0.95,us,6.5,2.608,0.097,32
40.9678,142.0518,54.603,4.3,28,149.0,0.769,0.77,us,6.25,8.291,0.125,18
51.4786,157.9915,60.004,4.2,26,126.0,1.599,0.73,us,10.77,8.705,0.127,17
52.2334,160.1285,38.225,4.3,25,123.0,1.199,0.68,us,9.79,7.469,0.125,19
51.0303,158.1624,52.976,4.9,91,104.0,2.019,0.65,us,9.98,6.136,0.023,582
52.3794,160.2225,35.0,4.8,69,117.0,1.154,0.93,us,8.18,1.914,0.067,69
52.6169,-32.0699,10.0,4.5,71,84.0,11.228,1.13,us,9.72,1.907,0.072,56
51.0253,159.5001,10.0,4.3,14,229.0,2.069,0.42,us,9.82,1.975,0.188,10
25.1234,124.4404,97.933,4.7,84,70.0,0.764,0.65,us,6.62,6.822,0.068,66
53.3023,160.5235,49.202,4.2,23,179.0,1.162,0.62,us,15.81,11.856,0.132,16
41.7821,143.6015,37.308,4.7,68,76.0,0.405,0.62,us,5.97,5.997,0.044,157
36.661,70.6139,109.922,4.2,25,238.0,2.221,1.05,us,9.59,11.274,0.199,8
-57.3384,-67.3971,10.0,4.3,22,151.0,2.416,1.0,us,12.08,1.938,0.13,17
51.0697,158.0192,35.0,4.4,88,134.0,1.995,0.58,us,11.04,1.931,0.053,103
43.9745,83.5142,10.0,4.5,82,80.0,2.949,0.61,us,8.36,1.9,0.065,68
-9.6707,152.7941,10.0,4.7,37,159.0,5.564,0.59,us,9.54,1.867,0.105,28
52.6618,159.9063,39.226,4.3,32,120.0,0.844,0.76,us,10.89,8.515,0.099,29
-17.7009,-176.4748,593.912,4.1,21,171.0,4.155,0.79,us,14.28,15.616,0.135,16
-5.7213,111.3007,511.07,4.1,39,48.0,0.777,0.9,us,12.28,8.381,0.117,23
30.0282,131.1112,35.0,4.6,73,136.0,1.581,0.84,us,7.27,1.918,0.071,59
18.2307,-102.2938,56.13,4.2,64,203.0,1.733,1.23,us,8.25,9.022,0.039,184
41.4194,19.5601,10.0,4.2,51,56.0,0.239,0.9,us,2.47,1.888,0.094,32
29.0959,129.3667,10.0,4.2,37,108.0,2.45,0.98,us,3.9,1.913,0.11,25
51.6656,160.2727,10.0,4.6,31,127.0,1.685,0.69,us,10.27,1.924,0.125,19
29.6473,142.1455,22.472,4.9,208,65.0,2.542,0.41,us,7.04,4.435,0.039,219
-20.68,-178.7574,607.093,4.2,25,134.0,4.196,0.46,us,14.66,8.616,0.118,20
-1.444,-77.8727,164.528,4.4,88,77.0,0.16,0.7,us,9.99,5.04,0.061,77
-25.0496,-68.7605,93.553,4.4,30,71.0,0.761,0.7,us,7.64,6.486,0.124,19
52.3058,159.9664,37.434,4.8,60,134.0,1.077,0.61,us,10.49,7.243,0.069,65
27.1252,140.1384,478.222,4.3,142,40.0,1.824,0.64,us,10.65,6.751,0.049,120
3.45,122.7234,540.502,4.2,74,39.0,2.905,0.64,us,9.88,8.092,0.069,60
50.5233,156.8009,69.014,4.4,60,135.0,2.649,0.74,us,12.01,8.133,0.075,51
-52.7572,27.0588,10.0,4.3,9,122.0,20.862,0.39,us,11.74,1.913,0.189,8
-28.6186,-70.2984,102.684,4.3,25,78.0,0.527,0.54,us,4.55,6.304,0.161,11
11.2248,124.0851,10.0,4.7,62,55.0,4.384,1.25,us,9.86,1.899,0.071,60
50.1042,157.3901,35.0,4.2,69,132.0,3.014,0.62,us,9.4,1.918,0.071,55
54.5926,-160.2022,40.705,4.4,69,160.0,0.428,0.85,us,5.4,7.367,0.085,40
6.3868,126.5214,10.0,4.3,22,105.0,1.156,1.2,us,7.03,1.914,0.129,17
-1.046,-13.0171,10.0,4.9,28,96.0,11.184,1.21,us,12.25,1.877,0.091,38
-17.1634,-174.6802,214.117,4.3,36,66.0,4.274,0.81,us,10.09,8.27,0.094,32
52.2355,160.5271,10.0,4.3,38,123.0,1.39,0.81,us,5.54,1.833,0.1,28
54.3763,-161.5472,35.359,3.5,39,194.0,0.748,0.96,us,3.7,11.503,0.157,10
53.1046,160.1326,58.789,4.6,44,178.0,0.898,0.56,us,13.15,9.187,0.09,37
51.0955,159.4438,10.0,4.2,22,173.0,1.992,0.64,us,7.13,1.966,0.146,15
53.6861,160.5009,50.581,4.8,183,115.0,1.293,0.62,us,3.55,6.623,0.043,164
51.4587,161.2101,10.0,4.7,25,123.0,2.221,0.62,us,7.54,1.761,0.123,20
-7.6963,127.6784,148.708,4.3,45,71.0,3.852,0.89,us,6.7,8.176,0.094,33
51.6269,159.5529,24.776,4.6,53,69.0,1.504,1.14,us,7.74,5.587,0.082,47
50.4992,156.6548,81.998,4.0,21,137.0,2.692,0.7,us,10.2,8.283,0.156,11
50.3549,159.111,10.0,4.9,68,129.0,2.688,0.95,us,7.17,1.861,0.076,55
51.5041,159.3391,38.295,4.5,34,133.0,1.58,1.04,us,11.52,7.919,0.109,25
31.9149,104.5459,10.0,4.3,32,99.0,4.092,0.66,us,10.37,1.913,0.125,18
39.8128,143.098,41.582,4.6,80,122.0,1.836,0.55,us,8.64,7.118,0.067,66
-20.0735,-69.1103,108.936,4.8,64,60.0,0.078,0.89,us,4.81,2.907,0.032,302
51.403,160.751,10.0,4.4,49,154.0,2.075,0.59,us,10.52,1.923,0.079,46
-15.0605,166.1438,10.0,4.6,53,60.0,1.092,0.89,us,8.34,1.871,0.082,44
50.766,159.0552,10.0,4.6,27,224.0,2.275,0.89,us,11.41,1.983,0.129,18
51.4509,159.4171,24.648,4.7,41,128.0,1.644,0.92,us,10.98,5.882,0.096,33
-36.878,51.8744,10.0,4.4,25,90.0,12.583,1.16,us,14.15,1.884,0.135,16
52.4294,160.5283,35.0,4.1,12,225.0,1.288,0.63,us,12.81,1.959,0.197,7
53.0959,161.4165,10.0,4.5,34,117.0,1.671,1.1,us,10.89,1.905,0.093,34
51.31,159.6357,10.0,4.2,25,154.0,1.82,1.34,us,9.3,1.811,0.118,20
52.6829,160.0952,43.301,4.3,27,203.0,0.94,0.65,us,8.79,9.345,0.133,16
52.9662,160.8942,17.693,4.8,86,119.0,1.358,1.1,us,7.93,4.717,0.05,121
-33.7505,-179.3787,35.0,4.2,17,189.0,4.244,0.94,us,12.1,1.517,0.152,12
50.8644,156.5251,138.441,4.0,20,165.0,2.361,1.08,us,8.45,9.919,0.156,11
-22.0283,-68.5443,117.636,4.0,22,84.0,0.688,0.77,us,4.84,7.517,0.149,12
-4.2865,102.4076,69.631,4.4,33,168.0,0.551,0.53,us,10.25,6.158,0.117,24
50.1512,157.6116,35.0,4.3,29,132.0,2.948,0.53,us,10.04,1.934,0.119,20
54.5516,-159.6211,31.747,4.0,47,158.0,0.281,1.0,us,4.6,6.071,0.126,17
51.9079,158.904,62.834,4.0,24,163.0,1.128,0.48,us,10.4,7.718,0.129,16
52.846,160.9248,10.0,5.2,31,87.0,1.388,0.69,us,9.85,1.887,0.1,33
52.599,160.8781,35.0,4.1,30,121.0,1.418,0.92,us,10.26,1.934,0.099,28
40.944,143.0009,38.881,4.7,43,134.0,1.076,0.91,us,4.67,7.592,0.106,27
51.5401,161.1661,10.0,4.3,31,129.0,2.144,0.55,us,10.39,1.926,0.107,25
50.7677,158.3223,29.636,4.2,47,130.0,2.268,0.56,us,7.91,6.422,0.09,34
-43.3222,-82.3094,10.0,4.3,18,138.0,8.297,0.62,us,13.9,1.895,0.177,9
9.6343,126.5531,12.436,4.5,13,89.0,2.724,0.29,us,10.62,4.259,0.18,11
-2.7944,137.0708,47.324,4.6,18,63.0,1.081,0.41,us,7.18,9.332,0.141,15
-20.1401,66.3055,10.0,4.8,61,59.0,2.788,0.46,us,6.85,1.862,0.079,51
48.741,155.0357,64.043,4.5,80,126.0,4.686,0.74,us,10.03,6.903,0.067,66
52.8924,161.2734,10.0,4.8,105,119.0,1.592,0.81,us,8.68,1.875,0.034,270
52.7643,160.2606,35.0,4.2,69,145.0,1.01,0.55,us,9.16,1.954,0.063,72
52.2369,159.5656,35.0,4.2,14,169.0,0.965,0.48,us,8.34,1.975,0.152,12
25.8597,59.9821,10.0,4.1,28,219.0,3.536,0.54,us,9.72,1.893,0.114,21
51.9003,160.574,33.637,4.3,45,128.0,1.628,1.27,us,10.65,6.52,0.083,41
-9.0454,123.9238,84.782,4.3,26,112.0,0.782,1.26,us,8.59,7.124,0.122,19
31.3221,138.4064,364.323,4.4,138,55.0,2.149,0.65,us,8.3,7.236,0.049,125
10.7493,123.9835,10.0,4.7,118,57.0,3.981,0.6,us,10.0,1.855,0.053,113
16.0294,-96.5603,37.287,4.1,45,163.0,0.506,0.78,us,3.71,12.45,0.097,29
-58.924,-26.18,104.768,4.2,17,110.0,15.906,0.35,us,13.65,7.927,0.128,17
51.7688,160.4012,10.0,4.6,53,122.0,1.652,0.64,us,7.31,1.57,0.084,42
-22.7284,170.9369,10.0,4.4,29,132.0,3.226,0.73,us,10.02,1.878,0.138,15
9.5367,94.1242,10.0,4.2,12,184.0,5.49,0.76,us,14.34,1.957,0.216,6
42.9684,18.6709,10.0,4.4,47,37.0,0.692,0.79,us,4.11,1.932,0.13,17
42.3031,144.5453,37.615,4.6,123,134.0,1.072,0.56,us,8.55,7.318,0.055,99
52.6868,161.3702,10.0,4.1,26,134.0,1.684,0.94,us,13.48,1.937,0.127,17
-5.8843,131.3178,23.781,4.4,15,131.0,1.952,0.88,us,11.26,7.521,0.179,9
33.4962,71.9641,10.0,4.3,27,99.0,4.825,0.91,us,5.12,1.919,0.133,17
-13.9845,-72.5574,101.337,4.3,23,104.0,4.624,0.77,us,9.66,5.67,0.133,16
-12.2556,167.1956,255.664,4.7,66,46.0,3.172,0.64,us,11.22,6.696,0.035,252
37.7701,144.1904,10.0,4.6,52,134.0,3.869,0.68,us,9.91,1.905,0.09,37
51.0905,159.0182,32.499,4.5,69,132.0,1.949,0.57,us,10.5,5.928,0.073,55
-55.2488,-27.4874,10.0,4.6,29,109.0,5.301,0.86,us,11.17,1.867,0.114,23
50.2267,156.8917,53.233,4.4,55,135.0,2.929,0.69,us,11.52,7.617,0.085,40
3.5889,128.4732,10.0,4.3,17,150.0,3.195,0.53,us,8.71,1.919,0.168,10
23.9524,122.6959,20.209,4.4,30,91.0,0.588,0.74,us,4.34,5.849,0.144,14
-2.9284,136.3199,10.0,4.6,27,57.0,1.809,0.94,us,5.41,1.763,0.105,27
13.2104,-90.9184,35.0,4.6,35,156.0,1.303,1.27,us,6.83,1.957,0.038,204
2.8303,125.3162,153.684,4.3,39,85.0,1.457,0.68,us,5.35,5.744,0.134,20
-16.4737,176.8404,10.0,4.7,20,105.0,1.715,0.87,us,8.49,1.886,0.137,16
40.9216,143.11,47.498,4.4,27,152.0,1.093,0.39,us,4.54,8.454,0.134,16
51.3157,160.1429,10.0,4.6,15,167.0,1.942,0.77,us,8.12,1.959,0.137,21
51.3134,159.5724,10.0,4.4,27,125.0,1.804,1.15,us,9.91,1.922,0.13,17
34.4206,21.9705,35.0,4.2,18,146.0,2.752,0.83,us,9.56,1.968,0.199,7
-2.186,139.7404,27.907,4.5,46,79.0,1.016,0.89,us,6.19,5.366,0.09,36
-6.0832,102.9046,10.0,4.5,26,102.0,1.647,0.53,us,9.28,1.906,0.124,19
52.4476,160.8111,10.0,4.4,26,117.0,1.435,1.2,us,4.95,1.902,0.143,19
-29.2135,-13.6651,10.0,4.9,56,70.0,7.914,0.76,us,10.55,1.872,0.076,54
-3.2992,129.0835,23.328,4.1,29,61.0,1.465,0.67,us,4.27,5.454,0.12,22
3.5477,126.7457,46.704,4.5,56,105.0,1.727,0.77,us,6.71,7.496,0.075,52
-8.4232,119.5816,182.437,4.3,34,61.0,1.425,1.29,us,6.83,7.129,0.119,20
49.2559,155.9504,35.0,4.7,47,134.0,4.011,0.73,us,11.32,1.936,0.097,32
51.7872,159.3719,35.0,4.2,34,125.0,1.315,0.54,us,8.89,1.944,0.108,24
49.9132,155.8791,83.59,4.4,35,138.0,3.395,0.58,us,12.3,8.402,0.099,29
51.1556,158.7331,58.64,4.3,16,192.0,1.871,0.55,us,12.95,9.067,0.188,8
52.1872,159.2574,59.053,4.5,59,162.0,0.916,0.49,us,9.41,7.225,0.061,80
51.6558,159.9843,10.0,4.9,73,109.0,1.596,0.87,us,8.05,1.862,0.027,472
1.1316,98.9647,102.627,4.9,123,46.0,1.552,0.52,us,7.19,6.395,0.054,108
52.0828,161.7033,10.0,4.1,20,125.0,2.089,0.77,us,10.29,1.918,0.175,9
50.9075,159.5402,10.0,4.5,19,136.0,2.48,0.55,us,11.54,1.918,0.205,7
77.9919,13.7415,10.0,4.6,50,153.0,0.577,0.42,us,7.3,1.903,0.089,38
39.6252,143.3878,10.0,4.2,34,132.0,2.125,0.85,us,4.84,1.877,0.115,21
-5.1828,35.1436,10.0,4.4,10,154.0,4.03,0.59,us,9.44,1.936,0.22,6
-10.8967,116.7495,10.0,4.2,13,159.0,2.291,0.87,us,8.14,1.942,0.264,4
-8.2761,107.0433,41.036,4.9,44,173.0,1.007,1.09,us,7.98,6.932,0.107,27
35.3261,133.2564,10.0,4.4,25,55.0,1.671,0.65,us,6.32,1.889,0.19,8
51.6419,159.7297,10.0,4.9,27,157.0,1.534,0.61,us,10.5,1.937,0.108,27
50.4878,156.7733,86.299,4.3,52,101.0,2.686,0.68,us,11.46,7.134,0.081,43
-22.5694,173.1224,10.0,4.4,11,209.0,5.245,1.37,us,17.57,1.972,0.189,8
54.7831,160.2415,10.0,4.2,23,137.0,1.999,0.34,us,7.13,1.917,0.105,25
-19.6384,-177.7592,585.953,4.2,89,122.0,4.164,1.01,us,14.71,8.249,0.059,80
-6.3914,154.5076,10.0,4.4,23,118.0,3.198,0.75,us,12.18,1.903,0.124,19
21.9867,93.6089,47.028,4.6,78,84.0,1.444,0.84,us,9.36,7.026,0.069,63
50.4405,156.5578,55.409,4.2,33,138.0,2.764,0.98,us,14.22,9.217,0.106,25
-17.6271,-65.8958,10.0,4.5,28,43.0,1.971,1.2,us,3.59,1.888,0.106,28
-19.1224,-177.7628,557.75,4.4,17,131.0,3.792,0.37,us,11.96,12.28,0.154,13
52.1616,160.6216,21.093,4.6,48,75.0,1.48,0.74,us,6.98,4.185,0.091,36
6.12,94.8961,10.0,4.6,47,72.0,2.225,0.86,us,9.55,1.878,0.095,33
-1.6625,-81.0281,10.0,4.7,53,155.0,1.56,0.67,us,8.89,1.908,0.089,38
60.9532,-28.0169,10.0,4.7,91,94.0,4.886,1.0,us,8.74,1.889,0.039,193
-13.3905,167.1888,186.092,4.7,50,68.0,2.044,1.1,us,6.95,5.876,0.053,110
52.1059,159.4838,35.0,4.3,29,123.0,1.05,0.74,us,8.19,1.927,0.122,19
-15.7324,-75.1923,19.376,5.1,49,143.0,4.053,0.77,us,9.94,4.923,0.047,148
7.8807,-38.6405,10.0,4.6,43,78.0,13.888,0.88,us,12.31,1.899,0.089,38
14.1216,147.171,10.0,4.4,30,96.0,1.733,1.08,us,7.86,1.921,0.126,21
-4.9586,106.671,377.131,4.4,81,42.0,1.206,0.75,us,8.62,5.712,0.071,57
-2.1892,139.0948,10.0,4.4,28,75.0,1.063,1.18,us,5.82,1.873,0.11,24
50.0651,158.4779,10.0,4.3,25,128.0,2.964,0.64,us,9.41,1.829,0.138,16
6.9145,127.3214,10.0,4.4,32,137.0,1.736,1.13,us,8.53,1.794,0.105,26
3.8907,127.1954,42.911,4.5,43,106.0,1.905,0.35,us,4.37,7.538,0.099,30
7.4288,127.2696,10.0,4.5,34,116.0,1.715,0.75,us,8.0,1.895,0.107,26
52.3332,161.8944,10.0,4.5,53,133.0,2.093,0.68,us,12.1,1.915,0.086,40
-19.0745,-179.0467,669.556,4.8,54,87.0,2.991,0.95,us,12.85,8.903,0.083,45
-21.0419,175.4969,600.764,4.4,39,136.0,5.837,0.71,us,14.83,10.137,0.094,33
-17.7849,-178.7413,552.073,4.6,72,79.0,2.225,0.77,us,12.28,7.388,0.072,57
39.2223,28.048,10.0,4.2,28,57.0,0.95,0.84,us,4.9,1.872,0.215,6
9.1689,126.7853,9.868,4.7,21,101.0,2.403,0.88,us,10.75,4.713,0.147,14
52.7396,160.9397,10.0,4.0,10,120.0,1.416,0.35,us,9.67,1.873,0.164,10
49.8661,156.912,35.572,4.0,26,133.0,3.284,1.04,us,11.31,6.652,0.119,19
-57.5812,157.5031,30.874,4.3,14,141.0,3.194,0.79,us,10.76,7.86,0.161,11
52.6455,160.7598,10.0,4.3,31,174.0,1.335,0.53,us,7.97,1.902,0.102,27
-32.1962,-178.7431,35.0,4.8,25,151.0,5.876,0.86,us,5.46,1.942,0.098,32
-31.8934,-70.7405,93.273,4.1,32,96.0,0.249,0.43,us,4.74,4.604,0.157,11
51.5593,178.4709,76.527,4.0,62,176.0,0.378,0.65,us,6.28,5.556,0.069,56
-17.275,-69.5359,166.067,4.3,42,109.0,0.317,1.02,us,7.94,2.718,0.084,40
1.453,126.4287,52.071,4.3,27,98.0,3.393,0.74,us,9.35,8.298,0.138,17
-12.1176,166.2266,35.0,4.9,33,88.0,3.443,0.83,us,3.97,1.924,0.11,26
1.2364,128.4832,10.0,4.0,23,145.0,1.208,0.75,us,7.3,1.61,0.157,13
51.0978,157.1931,92.317,4.5,128,133.0,2.038,0.65,us,9.7,5.116,0.035,247
47.3961,152.2406,130.244,4.2,72,134.0,6.478,0.82,us,12.39,8.277,0.07,57
47.7371,152.4835,138.606,4.4,53,134.0,6.324,1.02,us,10.19,7.642,0.06,79
29.2029,129.3592,10.0,4.5,37,108.0,2.485,0.47,us,7.24,1.89,0.108,25
-55.7247,-26.3445,10.0,5.0,41,91.0,6.013,0.56,us,11.65,1.79,0.089,41
-14.566,166.5986,10.0,4.5,13,255.0,6.347,0.44,us,13.82,2.027,0.171,11
51.5824,-173.8195,40.436,4.2,79,141.0,0.663,0.83,us,5.59,7.389,0.056,87
54.466,-159.8209,22.654,4.4,49,174.0,0.39,0.91,us,5.18,6.661,0.117,21
-23.1482,-179.9715,559.509,4.2,21,185.0,5.686,0.38,us,24.4,24.923,0.146,19
52.877,160.775,20.19,4.2,23,171.0,1.294,1.25,us,12.54,6.997,0.137,17
-6.9338,148.4706,27.434,4.9,65,123.0,2.777,0.62,us,7.98,5.251,0.071,62
51.5588,160.0252,10.0,4.4,21,127.0,1.693,0.6,us,5.32,1.914,0.149,13
0.8665,-79.7091,42.703,4.6,119,57.0,0.96,0.85,us,6.84,2.698,0.058,89
-13.5346,176.3596,10.0,4.2,22,89.0,4.126,0.66,us,11.07,1.895,0.132,16
-7.2976,129.3387,149.435,4.3,18,68.0,2.814,1.19,us,9.34,10.326,0.178,9
51.0766,159.0676,40.463,4.2,44,163.0,1.967,0.72,us,13.35,9.079,0.096,30
53.156,161.1788,29.544,4.0,16,137.0,2.097,0.85,us,13.49,6.158,0.139,14
11.8994,-61.2054,68.69,4.3,22,123.0,0.496,0.78,us,2.37,6.151,0.168,10
29.6691,81.7981,10.0,4.2,33,114.0,3.579,1.0,us,7.27,1.924,0.125,18
52.9969,159.7477,78.138,4.4,58,141.0,1.242,0.72,us,12.37,8.616,0.067,63
-33.8803,-70.4707,107.73,4.5,48,68.0,0.206,0.49,us,4.33,4.703,0.08,46
52.4906,160.6382,39.14,4.3,18,138.0,1.321,0.62,us,13.99,9.038,0.168,10
30.6634,51.3301,10.0,4.1,33,75.0,7.145,0.78,us,8.87,1.934,0.114,21
84.7431,5.4117,10.0,4.1,18,103.0,4.063,1.31,us,8.21,1.955,0.151,12
-3.2157,150.7963,10.0,4.9,87,71.0,1.637,0.83,us,7.6,1.862,0.064,76
51.6708,159.9679,10.0,4.3,19,218.0,1.578,0.87,us,7.28,1.97,0.168,10
-41.195,-89.1036,10.0,4.8,89,141.0,12.049,0.47,us,10.77,1.88,0.043,167
-23.7095,179.3357,532.483,4.7,84,67.0,6.033,0.85,us,12.9,7.787,0.058,93
51.8762,160.9509,10.0,4.5,71,126.0,1.817,0.54,us,9.37,1.898,0.062,78
0.6602,67.2383,10.0,4.6,45,83.0,5.758,0.82,us,8.0,1.87,0.087,40
42.5355,-126.3243,10.0,3.3,25,188.0,1.48,0.67,us,6.52,1.993,0.243,6
-52.7853,19.7054,10.0,4.6,14,118.0,20.409,0.61,us,9.98,1.902,0.164,11
-33.7203,-178.7744,10.0,4.7,28,87.0,4.51,1.04,us,7.73,1.897,0.11,25
36.1018,70.264,130.177,4.0,28,157.0,1.833,1.15,us,9.42,13.864,0.212,6
3.0606,-31.3674,10.0,4.6,47,99.0,9.922,0.76,us,10.3,1.87,0.085,42
23.4679,125.3959,10.0,4.3,51,129.0,1.397,0.9,us,7.92,1.782,0.094,32
52.0906,160.7429,35.0,5.1,57,123.0,2.118,1.09,us,12.27,1.932,0.076,55
3.3731,127.3749,35.616,4.7,57,88.0,2.324,0.77,us,6.44,7.242,0.088,39
-22.3771,-66.1533,262.276,4.3,31,71.0,1.956,0.84,us,9.29,8.66,0.116,21
13.8426,144.8408,151.627,4.2,18,91.0,0.253,0.57,us,12.13,4.836,0.159,11
-24.2762,179.9443,511.063,4.3,26,101.0,5.301,0.83,us,15.44,9.718,0.114,23
52.0221,160.4813,35.0,4.2,24,135.0,1.503,0.6,us,11.62,1.943,0.141,14
49.5599,156.6463,36.293,4.2,13,229.0,3.614,0.84,us,14.24,9.41,0.236,6
53.413,159.4168,77.024,4.2,10,137.0,1.076,0.44,us,13.82,8.163,0.199,7
-22.7312,-174.6101,10.0,4.8,53,121.0,5.691,0.78,us,10.61,1.87,0.083,45
50.2399,156.8558,57.734,4.5,36,138.0,2.92,0.56,us,10.06,8.25,0.106,26
17.7821,-94.1975,188.331,5.0,96,94.0,2.472,0.71,us,9.96,6.24,0.024,534
53.2543,160.8739,31.802,4.2,27,136.0,1.36,1.19,us,12.3,6.292,0.107,24
41.5353,141.981,66.838,4.3,42,127.0,1.002,0.84,us,5.19,8.431,0.102,27
52.5879,160.8269,10.0,4.4,27,109.0,1.392,1.2,us,12.27,1.913,0.126,18
8.482,126.3659,83.261,4.3,16,140.0,1.605,0.69,us,11.33,5.404,0.168,10
37.7578,144.0958,10.0,4.4,66,133.0,3.834,0.57,us,9.44,1.899,0.074,52
-0.4948,-20.0117,10.0,4.6,25,100.0,9.131,0.73,us,7.6,1.709,0.136,16
-17.2848,-179.214,549.393,4.2,13,239.0,1.575,0.25,us,32.37,26.39,0.158,11
53.033,160.7813,35.0,4.3,20,192.0,1.287,0.49,us,10.99,1.988,0.142,14
-8.2579,118.0548,12.067,4.2,23,84.0,0.629,0.71,us,5.02,4.492,0.167,11
-24.2017,179.9504,495.051,4.3,31,116.0,6.664,0.83,us,14.53,10.424,0.096,31
-22.9354,-174.8459,10.0,4.9,36,121.0,6.867,0.43,us,8.08,1.849,0.106,28
-14.9667,-173.5872,31.452,4.3,21,114.0,2.04,0.71,us,11.13,6.163,0.148,14
39.7127,143.2251,29.58,4.7,95,92.0,1.972,0.53,us,6.29,5.308,0.064,81
23.762,121.5524,10.0,4.8,41,72.0,0.412,1.04,us,1.22,1.883,0.095,35
52.3361,160.4705,42.506,4.1,29,119.0,1.305,0.71,us,6.28,8.941,0.127,17
-15.0065,-172.984,10.0,4.7,23,109.0,1.596,1.08,us,7.08,1.905,0.142,15
52.6834,160.9778,10.0,4.7,51,125.0,1.452,0.77,us,11.13,1.852,0.048,130
52.6444,-174.7575,209.096,3.9,53,130.0,0.561,0.88,us,15.52,10.032,0.09,33
-7.8125,128.7035,68.843,4.2,15,100.0,4.791,0.46,us,9.21,8.954,0.167,10
7.2611,126.8583,85.434,4.3,27,113.0,1.283,1.08,us,11.57,8.216,0.114,22
-34.9561,-179.5571,10.0,4.6,27,114.0,3.122,1.1,us,7.47,1.898,0.122,20
54.551,-160.1022,35.174,3.5,65,194.0,0.409,0.9,us,4.33,18.875,0.174,9
33.8145,25.72,35.0,4.0,42,179.0,2.097,0.94,us,7.82,1.976,0.125,17
-4.7319,102.6005,62.855,4.7,46,160.0,0.511,0.96,us,7.65,5.6,0.096,33
-7.5618,-79.9607,53.72,4.5,60,122.0,5.11,0.44,us,10.66,9.006,0.069,63
42.6986,148.5185,10.0,4.0,41,212.0,4.031,0.9,us,12.39,1.988,0.087,36
-31.6796,-71.7415,33.286,4.3,34,141.0,0.746,0.63,us,4.3,5.315,0.168,10
6.3683,126.3743,95.618,4.5,50,112.0,1.053,0.94,us,6.28,6.793,0.081,44
-8.135,-74.4482,156.869,4.4,60,107.0,1.773,0.82,us,8.04,7.37,0.07,62
13.8303,145.1054,129.93,3.8,7,172.0,0.332,0.74,us,13.72,6.44,0.255,4
37.317,71.1647,95.663,4.3,45,144.0,1.443,0.69,us,6.9,5.53,0.103,27
52.6923,160.9851,10.0,4.2,24,198.0,1.454,0.82,us,10.88,1.994,0.117,20
7.2969,127.3462,10.0,4.5,39,58.0,1.768,0.81,us,7.4,1.865,0.102,28
-24.1457,-67.0807,222.72,4.4,24,83.0,1.558,0.64,us,10.57,9.613,0.269,4
7.1303,127.2153,10.0,4.4,43,60.0,1.625,0.96,us,8.14,1.892,0.094,33
40.7155,51.8267,49.334,5.1,144,76.0,2.431,0.56,us,6.98,6.525,0.048,142
-20.932,-67.5033,177.033,4.1,26,59.0,1.735,1.24,us,7.4,8.811,0.151,12
46.8285,20.1452,13.94,4.1,30,126.0,1.104,0.74,us,6.63,3.136,0.157,11
52.3892,160.8127,10.0,4.2,21,160.0,1.461,0.8,us,11.14,1.97,0.153,12
-28.0386,-66.7387,157.596,4.5,49,43.0,3.277,0.84,us,4.8,8.753,0.171,10
21.8819,142.9768,267.036,4.0,31,130.0,5.24,0.56,us,11.98,8.682,0.113,22
0.8882,-29.6473,10.0,4.5,16,98.0,9.137,0.87,us,12.55,1.919,0.15,13
52.7516,-167.7368,35.0,3.7,19,173.0,0.669,0.91,us,4.31,1.976,0.126,16
51.1722,160.888,10.0,4.5,41,131.0,2.311,0.39,us,9.36,1.904,0.064,71
52.6444,160.7219,10.0,4.5,38,119.0,1.313,0.81,us,9.49,1.9,0.118,21
51.6136,158.4984,73.349,4.6,97,108.0,1.415,0.7,us,8.91,6.64,0.058,90
-19.3168,-69.1207,6.982,4.8,47,118.0,0.357,0.7,us,4.97,4.559,0.09,38
-3.6726,-104.6839,10.0,4.4,33,162.0,14.07,1.15,us,14.52,1.943,0.106,26
52.5972,161.0003,35.0,4.1,16,137.0,1.489,0.66,us,10.86,1.956,0.151,12
-15.5218,-175.7339,10.0,4.9,29,112.0,4.146,0.75,us,11.54,1.887,0.11,26
13.7793,120.866,10.0,4.4,29,124.0,20.121,0.57,us,15.53,1.946,0.12,20
59.8337,-30.0607,10.0,4.5,40,104.0,6.391,0.66,us,9.58,1.905,0.101,30
50.1937,157.2521,35.0,4.6,59,131.0,2.932,0.53,us,9.94,1.916,0.055,98
28.4389,53.1078,10.0,4.0,16,168.0,4.447,1.0,us,9.29,1.971,0.144,13
27.4432,102.9337,10.0,4.2,41,94.0,6.408,0.36,us,10.6,1.91,0.096,32
31.1703,71.0285,10.0,4.6,56,108.0,3.696,0.73,us,9.93,1.906,0.074,55
21.8926,121.3252,10.0,4.4,37,133.0,0.948,0.99,us,5.44,1.829,0.12,20
52.6811,160.9531,10.0,4.3,35,164.0,1.438,0.68,us,11.79,1.941,0.094,32
29.3327,129.291,10.0,4.5,42,66.0,2.39,0.72,us,7.23,1.893,0.106,30
-17.98,-178.3576,605.504,4.5,70,49.0,2.636,0.83,us,13.37,6.838,0.061,89
-22.1756,-179.7187,610.483,4.1,19,204.0,4.881,0.57,us,20.29,23.898,0.14,14
12.7869,-89.8868,10.0,4.3,40,224.0,1.113,1.22,us,7.11,1.926,0.087,38
53.0548,160.9982,35.0,4.6,27,186.0,1.418,0.88,us,11.47,1.962,0.125,19
52.8586,160.3798,46.241,4.3,46,119.0,1.06,0.56,us,9.7,7.15,0.084,40
52.2723,160.2989,23.026,4.8,86,133.0,1.79,0.57,us,11.27,5.651,0.066,72
-22.9083,179.1543,576.789,4.4,21,178.0,5.24,0.46,us,19.39,15.474,0.12,20
-32.8568,-69.3216,121.245,4.5,51,40.0,0.873,0.76,us,5.53,5.222,0.067,65
51.4177,159.5689,39.035,5.2,184,110.0,1.705,0.55,us,7.22,5.598,0.027,441
53.1416,160.1562,53.071,5.0,197,52.0,0.916,0.82,us,8.17,5.43,0.031,332
18.4277,120.7461,43.148,4.5,56,92.0,4.379,0.42,us,10.48,7.29,0.08,46
52.9218,160.7749,10.0,4.5,30,127.0,1.289,0.91,us,7.65,1.893,0.103,28
49.5805,155.2961,92.286,4.4,48,135.0,3.84,0.63,us,10.47,5.428,0.089,36
16.7087,120.3902,71.961,4.6,49,107.0,6.112,1.05,us,10.38,4.287,0.075,53
10.9381,124.1069,10.0,4.3,29,117.0,14.503,0.67,us,13.35,1.904,0.116,21
-19.8378,-172.7577,10.0,4.7,37,81.0,2.776,0.91,us,9.74,1.89,0.086,44
64.5125,-40.0663,10.0,4.2,30,90.0,4.164,0.65,us,6.93,1.762,0.124,18
52.2848,152.8366,453.612,4.4,97,117.0,3.071,0.49,us,10.3,7.84,0.034,253
51.3663,159.7691,35.0,4.2,17,138.0,1.797,0.37,us,13.38,1.955,0.146,14
-26.9364,179.1625,540.765,4.3,33,129.0,10.619,0.37,us,15.96,11.09,0.102,27
52.8095,160.5549,35.0,5.2,112,42.0,1.173,0.78,us,9.14,1.831,0.023,599
15.6626,122.1174,39.471,4.9,72,105.0,7.184,0.63,us,10.3,7.648,0.072,61
28.126,129.6949,35.0,4.4,31,114.0,1.802,0.7,us,6.37,1.927,0.12,20
50.0087,158.1033,63.466,4.4,68,133.0,3.038,0.79,us,11.39,7.376,0.07,59
10.3125,-62.5177,69.497,4.1,22,100.0,2.045,0.75,us,8.23,12.505,0.214,6
25.8671,106.6062,10.0,4.0,21,126.0,5.079,0.85,us,9.15,1.896,0.173,9
-20.7091,168.9793,10.0,4.4,17,165.0,2.371,0.44,us,10.46,1.919,0.179,9
56.1746,117.3235,10.0,4.7,60,56.0,6.79,0.86,us,10.02,1.889,0.045,151
48.8812,155.9025,35.0,4.6,40,137.0,4.382,0.85,us,12.46,1.937,0.095,33
-15.3245,-173.1934,10.0,5.2,62,50.0,1.961,0.68,us,10.03,1.767,0.025,531
39.4911,143.3098,10.0,4.6,63,142.0,2.155,0.58,us,10.16,1.918,0.068,64
-29.9583,-177.1874,10.0,4.5,15,138.0,8.459,0.74,us,15.25,1.968,0.156,13
6.4695,93.6271,47.953,4.1,20,201.0,3.525,1.1,us,8.07,9.763,0.139,14
19.3828,39.3851,10.0,4.3,39,135.0,6.773,1.19,us,10.93,1.956,0.089,36
54.7858,160.1692,10.0,4.2,33,109.0,1.982,0.41,us,12.18,1.936,0.075,50
42.9957,144.5661,121.102,4.1,44,134.0,1.43,0.54,us,9.96,8.186,0.104,27
51.5819,159.4999,35.0,4.5,28,126.0,1.535,0.91,us,9.64,1.936,0.104,27
18.4849,145.0895,478.314,4.7,122,60.0,3.295,0.82,us,10.82,6.927,0.036,232
29.283,129.3649,10.0,4.4,39,108.0,2.41,1.17,us,4.32,1.888,0.112,23
51.893,159.2298,68.808,4.4,33,138.0,1.186,0.93,us,11.03,7.676,0.107,25
52.022,160.3219,10.0,4.1,14,124.0,1.432,0.93,us,11.01,1.942,0.234,8
50.8173,157.7211,39.461,5.4,36,184.0,2.295,0.62,us,12.25,8.08,0.121,23
16.5283,41.2595,10.0,4.7,66,64.0,3.593,0.83,us,9.17,1.902,0.069,63
51.6683,-174.866,35.0,3.7,29,199.0,0.676,0.71,us,2.75,2.016,0.071,51
-16.2776,-73.1591,56.23,4.3,23,145.0,3.402,1.13,us,12.42,9.796,0.106,25
40.6716,47.9972,10.0,4.4,27,79.0,1.63,0.58,us,4.92,1.921,0.112,23
50.8089,-172.9607,10.0,3.7,33,202.0,1.594,0.62,us,6.34,1.647,0.134,14
-3.7962,144.6459,10.0,4.2,16,98.0,3.227,0.62,us,9.27,1.932,0.167,10
33.707,139.4568,10.0,4.4,30,109.0,0.661,0.55,us,6.3,1.903,0.155,12
6.4774,126.1084,84.568,4.5,39,112.0,0.789,0.58,us,9.73,6.592,0.09,36
-18.5347,-177.8323,618.605,4.2,54,109.0,3.363,0.65,us,13.01,4.73,0.044,143
1.5579,126.9336,105.685,4.5,55,90.0,0.893,0.75,us,7.03,7.67,0.087,39
50.1947,159.0612,10.0,5.1,116,79.0,2.844,0.7,us,7.53,1.799,0.025,533
53.3566,159.8265,58.721,4.3,96,131.0,0.783,0.54,us,9.33,5.707,0.057,86
-6.3392,152.0385,10.0,4.4,28,112.0,2.138,0.49,us,7.87,1.897,0.126,18
-4.7685,138.1814,10.0,4.3,20,100.0,1.017,1.04,us,4.02,1.915,0.142,14
50.6538,158.1272,28.102,4.6,61,126.0,2.395,1.15,us,7.36,5.526,0.036,237
-23.9369,-179.8111,529.302,4.1,24,244.0,14.516,0.59,us,13.69,14.241,0.127,20
39.1738,28.2562,10.0,4.1,50,56.0,1.056,0.88,us,4.88,1.943,0.151,12
13.9108,144.6955,197.907,4.0,15,113.0,0.361,0.36,us,9.99,5.823,0.195,7
52.8965,160.1036,50.853,4.3,49,134.0,0.888,0.76,us,11.51,3.472,0.082,42
-5.7931,149.2529,125.323,4.8,55,63.0,3.132,0.52,us,9.55,6.798,0.055,104
-7.3932,128.8747,168.354,4.1,17,65.0,5.125,1.25,us,7.34,10.71,0.303,3
-5.5857,150.1914,147.84,4.8,69,66.0,2.226,0.81,us,8.05,6.838,0.051,117
52.8429,160.4905,35.025,4.4,81,135.0,1.129,0.54,us,12.23,7.109,0.059,84
53.8723,159.3999,117.89,4.4,69,128.0,0.962,1.09,us,10.93,8.713,0.052,106
-5.8036,146.2002,115.861,4.1,15,142.0,3.702,0.48,us,10.73,9.872,0.151,12
50.2185,156.1358,64.462,4.0,41,154.0,3.053,0.63,us,10.0,8.666,0.104,25
51.6429,159.3992,10.0,4.3,33,127.0,1.457,0.65,us,9.7,1.641,0.087,40
-8.7344,147.8776,30.385,4.4,19,157.0,0.973,1.26,us,9.78,5.382,0.148,14
39.3432,72.9033,10.0,4.1,33,130.0,0.866,1.15,us,3.0,1.937,0.14,14
51.1257,158.7013,35.0,4.9,103,122.0,1.901,0.65,us,7.92,1.91,0.034,270
51.5999,158.1903,38.568,4.9,65,120.0,1.453,0.59,us,9.27,6.03,0.031,325
52.9813,161.0013,10.0,4.9,59,145.0,1.422,1.08,us,9.87,1.913,0.084,45
51.3709,159.5342,35.0,4.3,23,150.0,1.742,0.76,us,11.38,1.957,0.111,23
50.4277,158.8244,10.0,5.1,99,125.0,2.602,0.74,us,8.09,1.873,0.028,413
35.5645,24.8108,71.12,4.7,100,76.0,1.916,0.64,us,6.42,5.723,0.056,96
32.6923,-16.3337,10.0,4.0,12,206.0,7.518,0.43,us,14.05,1.995,0.299,4
50.9591,-176.9036,10.0,3.8,26,228.0,0.83,0.31,us,4.13,2.003,0.207,6
51.7686,159.5178,10.0,4.6,36,122.0,1.365,1.33,us,6.5,1.9,0.125,29
52.9381,159.7145,58.265,4.3,29,118.0,0.649,0.43,us,6.89,6.912,0.126,18
36.3735,69.8365,147.658,4.1,38,154.0,1.941,1.23,us,6.93,9.241,0.127,17
52.8426,160.628,10.0,4.3,48,104.0,1.211,1.23,us,5.16,1.876,0.081,43
-8.6693,127.3718,10.0,4.3,16,177.0,3.249,1.0,us,8.82,1.939,0.147,13
51.2383,159.2114,41.447,4.2,24,167.0,1.821,0.88,us,12.24,8.254,0.146,15
50.7997,158.8166,26.649,4.2,27,217.0,2.23,0.68,us,8.0,8.298,0.141,14
51.6633,160.7923,10.0,4.5,34,135.0,1.893,0.77,us,10.9,1.916,0.113,23
14.0569,-89.8169,10.0,4.4,48,119.0,0.158,0.47,us,4.41,1.977,0.088,37
50.0813,155.8287,75.895,4.8,84,135.0,3.248,0.51,us,9.68,6.932,0.031,316
53.0302,160.9551,10.0,4.4,27,137.0,1.392,1.05,us,12.18,1.929,0.144,14
39.5694,143.4222,10.0,4.2,19,200.0,2.179,0.53,us,9.43,1.98,0.159,11
39.1711,28.2092,10.0,4.3,12,81.0,1.019,0.36,us,2.81,1.988,0.238,5
52.686,159.214,62.336,4.5,51,119.0,0.481,1.27,us,8.85,5.812,0.048,128
52.2758,161.193,10.0,4.2,16,123.0,1.721,0.85,us,6.3,1.911,0.158,11
-21.7269,-68.4249,131.822,4.3,18,87.0,0.763,0.74,us,5.88,7.398,0.267,4
-24.8468,-63.4487,574.308,4.3,106,31.0,4.722,0.78,us,10.81,7.067,0.059,81
49.0097,156.1011,30.299,4.5,44,136.0,4.329,0.93,us,9.88,5.332,0.098,41
15.0307,-94.0122,35.0,4.3,45,102.0,1.78,0.8,us,7.22,1.955,0.086,38
51.6277,159.1623,47.227,4.6,91,135.0,1.733,0.44,us,10.48,7.215,0.061,79
51.9804,160.4872,35.0,4.7,44,178.0,2.043,0.55,us,9.87,1.956,0.078,50
51.4214,159.5896,10.0,4.8,56,128.0,1.705,0.94,us,7.36,1.88,0.086,41
1.7035,127.4272,136.91,4.2,23,128.0,0.928,0.48,us,9.6,7.566,0.146,13
50.701,160.097,10.0,4.2,35,135.0,2.493,0.81,us,11.03,1.884,0.105,25
51.6416,-176.4803,58.164,3.7,33,198.0,0.225,0.4,us,4.87,8.395,0.178,8
50.6741,157.6954,35.0,4.5,109,130.0,2.426,0.69,us,9.62,1.916,0.055,96
52.9588,160.564,46.047,4.2,35,135.0,1.159,0.51,us,10.81,7.718,0.11,23
53.2628,159.8955,61.396,4.2,23,116.0,0.788,1.16,us,10.14,7.889,0.146,13
13.4663,56.9581,10.0,4.6,27,160.0,11.44,0.83,us,13.48,1.943,0.129,18
52.9667,161.1939,10.0,4.7,55,118.0,1.539,1.07,us,10.33,1.888,0.042,172
-14.3466,166.454,10.0,4.3,16,183.0,1.312,1.06,us,10.78,1.967,0.153,12
-21.4617,-179.0454,588.803,4.4,86,69.0,4.599,0.78,us,12.9,6.275,0.036,225
-6.4762,106.6644,166.82,4.4,39,156.0,0.303,0.9,us,9.68,6.347,0.095,32
-7.3404,154.754,10.0,4.8,19,93.0,5.545,0.66,us,11.35,1.783,0.105,28
-33.1967,-70.1194,104.314,4.2,38,79.0,0.208,0.56,us,5.46,3.631,0.136,15
9.7118,93.6542,10.0,4.4,46,121.0,5.522,0.42,us,8.8,1.911,0.102,28
-28.1766,-70.8944,48.042,4.2,22,68.0,0.161,0.88,us,6.17,1.994,0.235,5
49.9757,159.476,10.0,4.3,27,137.0,3.095,0.63,us,6.87,1.838,0.119,20
52.8301,160.7388,34.384,4.6,66,160.0,1.279,0.72,us,12.02,7.138,0.077,50
43.4857,147.8117,35.0,4.0,20,187.0,3.73,0.56,us,13.95,1.966,0.156,11
12.1794,-88.1898,35.0,4.4,43,174.0,1.288,0.59,us,9.39,2.002,0.081,44
5.6861,-77.8684,10.0,4.2,17,124.0,2.38,1.3,us,6.56,1.789,0.136,15
6.9431,-73.1526,151.092,4.3,91,70.0,2.386,0.81,us,6.71,10.212,0.058,84
16.8635,120.0268,35.0,5.4,87,46.0,6.005,0.85,us,8.15,1.866,0.04,209
5.0719,125.6202,43.832,4.4,39,60.0,0.365,0.71,us,7.08,5.891,0.102,28
-20.2032,-178.1048,560.186,4.1,23,141.0,4.382,0.53,us,14.47,8.731,0.123,18
36.6327,70.4173,218.761,4.2,48,88.0,2.254,0.53,us,8.67,9.448,0.128,17
24.8581,123.1937,118.701,4.4,63,42.0,0.423,1.03,us,5.44,4.331,0.064,72
53.3261,160.5689,54.316,4.3,38,164.0,1.194,1.06,us,12.76,8.36,0.108,24
-8.4181,111.0823,108.805,4.3,40,63.0,1.501,0.65,us,11.25,1.755,0.116,24
-5.5138,152.4194,10.0,4.1,29,155.0,1.262,0.67,us,8.55,1.931,0.117,20
-23.2021,-175.2174,10.0,4.9,55,115.0,6.421,0.68,us,11.65,1.866,0.078,51
54.5414,-159.9198,20.655,4.1,67,157.0,0.348,1.07,us,4.72,6.144,0.157,11
57.0469,-33.8463,10.0,4.6,63,119.0,7.242,0.77,us,10.21,1.933,0.075,53
49.968,159.4667,10.0,4.4,24,136.0,3.333,0.8,us,9.89,1.904,0.138,15
49.9721,158.4205,10.0,4.2,29,138.0,3.059,0.64,us,12.62,1.92,0.115,21
-57.611,-10.5505,10.0,4.8,21,89.0,14.868,0.78,us,14.2,1.896,0.131,18
65.7749,-37.3545,10.0,4.4,57,78.0,5.472,0.65,us,8.0,1.911,0.075,51
13.7493,144.6709,162.675,4.1,15,131.0,0.249,0.41,us,14.67,5.728,0.174,10
-4.7965,153.1888,66.556,4.0,28,122.0,6.423,0.81,us,11.03,7.098,0.108,23
52.3046,159.2205,56.95,4.0,13,253.0,0.799,0.36,us,9.47,9.189,0.196,9
-16.3223,-173.9493,113.303,4.8,51,45.0,6.413,1.14,us,10.99,6.554,0.03,350
-6.2897,151.9767,10.0,4.7,67,68.0,1.971,0.72,us,8.11,1.874,0.074,55
51.9548,160.3943,33.606,4.4,25,217.0,2.011,0.96,us,14.12,10.227,0.112,23
52.8199,160.5122,11.1,4.3,35,147.0,1.146,0.73,us,9.91,5.807,0.116,21
-22.9993,-69.2189,108.282,4.3,28,78.0,0.96,0.93,us,6.09,5.891,0.143,14
-5.1276,133.8264,10.0,4.6,32,102.0,2.452,0.78,us,8.88,1.933,0.109,25
7.147,126.8402,64.234,5.0,89,77.0,1.254,0.8,us,7.96,4.986,0.047,142
11.8039,141.3984,35.0,4.5,29,109.0,3.823,0.48,us,10.23,1.938,0.125,20
-30.1108,-177.9014,32.307,4.7,16,252.0,8.072,1.21,us,15.65,6.962,0.133,18
53.05,161.502,10.0,4.6,56,104.0,1.722,0.92,us,9.34,1.864,0.042,172
51.5818,159.4382,35.0,4.7,31,127.0,1.523,0.56,us,8.91,1.94,0.117,23
-21.7679,-176.6199,199.014,4.2,19,167.0,6.417,0.81,us,14.62,7.568,0.136,15
19.9906,145.5086,10.0,4.1,32,148.0,4.731,0.52,us,15.69,1.866,0.114,21
39.5886,144.0274,10.0,4.4,28,149.0,2.512,0.4,us,8.59,1.937,0.134,16
-19.989,-177.8639,430.41,4.4,39,164.0,4.371,0.5,us,16.46,10.15,0.089,36
-8.4152,121.4124,185.872,4.4,13,85.0,1.662,0.81,us,7.63,7.816,0.19,8
3.4403,126.5724,52.284,4.1,34,125.0,1.685,0.73,us,7.76,8.198,0.099,28
-6.357,147.6044,66.178,4.7,49,39.0,3.06,0.68,us,7.92,7.136,0.092,36
4.148,126.5326,46.152,4.4,33,73.0,1.2,0.86,us,7.78,6.084,0.12,20
-56.2384,-27.361,105.506,4.4,26,74.0,5.574,0.91,us,12.48,7.726,0.112,23
39.2293,28.9698,10.0,4.1,27,58.0,1.318,0.75,us,3.54,1.954,0.165,10
-6.1006,130.5131,142.824,4.5,22,94.0,3.603,0.79,us,8.21,9.375,0.14,15
48.8898,156.9026,10.0,4.2,18,171.0,4.254,1.23,us,10.51,1.797,0.152,12
35.291,70.5468,106.502,4.1,38,204.0,3.393,0.98,us,11.46,10.345,0.117,21
-30.2266,-177.7746,75.21,4.8,28,198.0,8.008,0.74,us,16.56,4.432,0.119,22
52.267,-176.6324,222.591,3.7,32,60.0,0.288,0.61,us,12.28,6.481,0.167,9
-7.4231,128.1041,188.647,4.5,30,93.0,3.393,0.41,us,5.58,7.87,0.109,25
52.8417,160.7858,10.0,4.0,18,120.0,1.306,0.62,us,9.2,1.881,0.156,11
50.7426,160.2086,10.0,4.2,41,133.0,2.833,0.72,us,6.53,1.757,0.102,27
51.1493,159.2897,10.0,5.3,211,129.0,1.918,0.72,us,8.87,1.865,0.029,395
-52.3658,14.5581,10.0,4.6,11,108.0,20.484,0.85,us,15.4,1.636,0.172,10
34.1848,23.9131,35.0,4.2,39,116.0,2.996,0.6,us,8.57,1.948,0.121,19
52.9657,161.1399,26.48,4.9,83,134.0,1.506,0.61,us,9.55,3.485,0.032,309
-27.1652,-175.9607,10.0,4.6,30,164.0,10.884,0.82,us,14.85,1.91,0.11,25
-15.612,-74.1901,64.55,4.3,25,139.0,4.429,0.48,us,10.07,9.637,0.148,13
39.1979,28.2599,10.0,4.4,56,37.0,1.061,0.71,us,4.16,1.904,0.127,18
4.5081,125.5362,146.401,4.2,29,83.0,0.23,0.91,us,10.92,4.359,0.11,23
-61.2144,-36.2321,10.0,4.6,24,74.0,6.952,0.53,us,9.71,1.577,0.133,17
-20.3516,-177.8071,524.156,4.4,35,124.0,4.693,0.59,us,14.0,8.009,0.103,28
-11.3047,165.0563,10.0,4.5,51,106.0,4.617,0.68,us,6.2,1.837,0.086,40
51.2149,157.4583,18.481,4.5,23,121.0,1.902,0.84,us,8.17,6.283,0.125,26
6.1014,94.9925,10.0,4.6,63,65.0,2.13,0.6,us,5.69,1.712,0.077,50
52.3254,160.39,10.0,4.4,26,119.0,1.269,1.19,us,7.64,1.856,0.117,21
24.3662,122.205,55.14,4.2,18,124.0,0.589,0.9,us,3.34,8.173,0.216,6
-10.6594,162.4336,77.213,4.5,23,135.0,2.732,0.86,us,12.64,9.362,0.118,21
-54.1579,-136.4096,10.0,4.8,27,105.0,36.01,0.63,us,15.71,1.867,0.124,23
-39.0242,175.7827,125.573,4.9,36,63.0,0.041,1.15,us,4.66,6.023,0.129,21
1.6999,-84.6589,10.0,4.5,49,157.0,5.824,0.91,us,10.75,1.915,0.092,34
-16.0973,-173.7617,188.553,4.1,23,119.0,2.897,0.78,us,11.19,13.421,0.124,18
51.6208,160.7572,10.0,4.2,23,138.0,1.909,1.01,us,9.42,1.93,0.128,17
-59.7954,-61.7163,10.0,4.6,17,122.0,5.114,1.35,us,7.49,1.914,0.146,14
50.0155,157.339,35.027,4.8,64,133.0,3.105,0.76,us,10.18,7.149,0.046,150
18.6925,144.8485,10.0,4.2,23,109.0,3.548,0.94,us,15.1,1.908,0.153,13
4.5925,125.929,87.44,4.3,23,106.0,0.47,1.11,us,12.8,8.333,0.129,17
-6.1815,152.1657,10.0,4.5,25,115.0,1.868,0.81,us,7.45,1.924,0.116,22
50.7054,156.5478,12.234,4.7,102,128.0,2.51,0.58,us,10.39,4.71,0.055,102
60.4092,-139.5694,5.0,4.9,42,84.0,0.463,1.13,us,4.38,1.907,0.187,9
-50.2528,112.7707,10.0,4.4,19,144.0,16.114,0.88,us,7.31,1.93,0.139,17
9.4941,-40.9517,10.0,4.4,27,148.0,12.386,0.6,us,14.24,1.943,0.112,23
54.4454,-160.3182,19.807,4.5,114,157.0,0.573,0.52,us,5.33,5.46,0.094,33
53.1434,160.2961,43.05,4.5,82,117.0,1.0,1.07,us,8.5,7.387,0.058,87
39.1673,142.4458,42.848,4.5,38,135.0,1.937,0.81,us,8.44,7.304,0.121,20
50.1074,158.717,10.0,4.8,43,110.0,2.92,0.85,us,9.44,1.482,0.088,40
4.1563,126.7115,38.154,4.2,31,110.0,1.356,0.85,us,7.6,8.11,0.112,24
35.0114,141.3563,41.956,4.1,16,155.0,2.284,0.97,us,10.73,2.745,0.213,6
-17.9896,-179.863,573.704,4.1,22,150.0,2.0,0.5,us,19.69,14.253,0.123,18
51.8385,159.5442,35.0,5.2,43,117.0,1.307,0.51,us,9.52,1.927,0.118,24
39.2334,27.9322,10.0,4.1,28,58.0,0.815,0.65,us,3.65,1.957,0.165,10
-14.9639,-177.4117,361.049,4.5,85,84.0,5.553,0.42,us,15.03,9.084,0.061,79
9.169,126.2239,67.09,4.8,67,92.0,2.181,0.84,us,10.95,6.746,0.049,127
13.0447,145.6777,10.0,4.4,24,105.0,0.956,0.88,us,7.59,1.914,0.139,15
41.7225,143.4689,40.341,4.5,76,133.0,0.374,0.75,us,6.42,6.036,0.053,103
-10.2136,161.2542,112.951,4.7,64,79.0,1.501,0.62,us,9.56,6.463,0.048,133
52.4699,160.4484,10.0,4.4,29,162.0,1.226,0.91,us,9.61,1.97,0.12,20
54.1633,-166.1839,103.035,4.4,132,84.0,0.075,0.61,us,6.45,1.3,0.044,148
-8.8757,-75.7111,122.573,4.6,52,119.0,3.286,0.54,us,9.77,7.847,0.055,98
51.3111,-169.0059,10.0,4.2,55,185.0,1.543,0.55,us,6.68,1.937,0.085,39
51.485,159.7227,35.0,4.5,35,134.0,1.676,0.78,us,11.25,1.902,0.093,34
15.2395,147.0622,22.67,4.6,51,116.0,1.226,0.7,us,4.97,5.709,0.082,44
30.7816,103.4528,10.0,4.5,65,137.0,5.165,0.79,us,10.4,1.896,0.065,70
52.1594,160.5927,10.0,4.3,36,124.0,1.467,0.61,us,8.4,1.709,0.089,36
-6.1547,151.4009,10.0,4.5,20,162.0,2.093,0.78,us,10.63,1.949,0.1,33
-31.2347,-73.0604,10.0,4.3,23,146.0,1.765,0.37,us,6.58,1.463,0.237,5
13.4673,-92.4823,10.0,4.2,39,189.0,1.409,0.6,us,8.66,1.971,0.11,23
-12.7434,169.7165,656.29,4.3,43,63.0,9.344,0.74,us,12.37,9.739,0.087,37
11.1529,124.24,10.0,4.9,108,32.0,4.267,0.66,us,9.25,1.87,0.051,125
-56.0161,-26.5191,34.327,4.6,27,123.0,5.974,0.8,us,14.06,7.883,0.107,26
2.7456,128.4849,221.602,4.4,33,86.0,3.591,0.78,us,7.06,8.444,0.112,23
22.4404,94.5319,105.63,4.5,84,52.0,1.28,0.43,us,8.13,6.785,0.066,67
4.6571,95.3103,63.633,4.5,56,162.0,1.727,0.72,us,8.35,8.127,0.083,42
9.605,126.1838,10.0,4.7,14,122.0,2.589,0.5,us,14.08,1.928,0.208,7
-0.589,-78.3584,10.0,4.6,49,98.0,0.196,1.02,us,6.98,1.878,0.047,137
12.8319,145.5557,10.0,4.5,32,117.0,1.007,0.69,us,6.59,1.893,0.116,22
-15.2696,-173.2225,10.0,4.3,15,66.0,1.943,1.0,us,8.04,1.868,0.217,7
50.3016,159.2088,10.0,4.5,45,137.0,2.748,0.76,us,11.99,1.911,0.082,45
5.7018,61.5557,10.0,4.4,27,107.0,23.515,0.75,us,14.86,1.93,0.13,19
36.4991,70.7453,232.514,4.2,65,80.0,2.279,1.32,us,7.86,7.316,0.079,47
52.4339,160.2523,37.376,4.9,98,133.0,1.139,0.94,us,9.99,6.857,0.04,194
4.3699,-73.2403,10.0,4.5,59,62.0,1.176,0.7,us,7.65,1.898,0.087,39
10.8431,123.8854,10.0,4.3,24,161.0,4.106,0.48,us,15.06,1.928,0.129,17
50.3645,158.5326,10.0,4.4,15,138.0,2.664,0.91,us,11.16,1.729,0.203,7
51.6204,158.5731,35.0,4.4,72,120.0,1.406,1.1,us,7.76,1.924,0.05,120
0.0511,123.3452,140.121,4.5,57,73.0,1.228,0.75,us,10.85,6.284,0.079,47
-49.016,126.6246,10.0,4.2,15,132.0,17.541,0.93,us,13.07,1.918,0.146,14
49.3895,155.3101,78.282,4.4,37,133.0,4.014,0.7,us,11.13,8.156,0.088,37
-25.9624,-177.1884,113.105,4.6,30,133.0,9.293,0.84,us,14.64,7.302,0.098,31
-55.6902,-26.2571,10.0,4.5,22,116.0,6.056,0.62,us,11.21,1.815,0.14,17
33.7183,90.741,10.0,4.5,66,46.0,4.016,0.69,us,8.69,1.876,0.073,55
-7.6992,127.6248,129.042,4.3,19,75.0,3.897,0.51,us,11.14,9.353,0.125,18
49.1481,157.5807,10.0,4.5,28,138.0,3.938,0.76,us,11.46,1.93,0.131,17
-55.6029,-27.7956,35.274,4.4,15,123.0,5.182,0.21,us,14.43,10.277,0.143,14
-22.9512,-66.7768,197.503,4.4,42,89.0,1.292,0.71,us,10.0,7.714,0.095,32
12.9684,145.6685,10.0,4.9,49,55.0,0.994,0.8,us,6.89,1.843,0.052,117
51.5583,159.1846,38.813,5.1,33,135.0,1.504,0.9,us,9.4,6.064,0.124,21
-17.7248,167.3727,10.0,4.4,13,148.0,2.271,1.25,us,8.52,1.934,0.202,7
-8.2437,116.7258,10.0,4.5,30,68.0,1.19,1.04,us,3.82,1.776,0.128,18
-3.8526,-102.6551,10.0,4.6,40,143.0,30.745,0.55,us,14.43,1.764,0.093,35
39.4977,143.3376,10.0,4.5,31,97.0,2.168,0.86,us,7.7,1.894,0.131,17
51.0072,159.2361,20.95,4.5,29,138.0,2.052,0.86,us,9.21,6.506,0.11,24
-30.7555,-178.8389,101.387,4.5,16,74.0,1.7,0.67,us,14.43,8.915,0.144,14
23.5455,142.5787,57.979,4.5,38,146.0,3.553,0.88,us,15.33,8.465,0.097,31
14.649,-94.2682,10.0,4.6,65,156.0,2.021,0.82,us,7.09,1.923,0.041,177
-63.8354,173.0182,11.159,4.5,9,168.0,14.186,0.98,us,15.27,6.995,0.271,4
9.2948,93.9639,10.0,4.6,84,49.0,5.007,0.53,us,9.67,1.856,0.067,66
-17.6567,-71.6652,53.676,4.0,22,133.0,1.446,0.91,us,3.62,11.765,0.212,6
-15.7293,-177.4972,415.82,4.0,16,110.0,3.101,1.14,us,10.59,10.388,0.156,12
-3.7474,-80.9351,25.8,4.4,61,107.0,2.075,0.78,us,7.84,6.341,0.073,55
52.0653,160.4067,10.0,4.8,75,150.0,1.439,1.06,us,5.83,1.912,0.047,143
-4.605,144.8992,205.996,4.2,26,105.0,4.674,0.42,us,8.49,7.49,0.12,19
39.9357,113.5049,10.0,4.3,47,71.0,2.051,0.55,us,8.3,1.851,0.087,37
-19.2936,-66.8751,245.363,4.5,59,57.0,2.219,0.81,us,8.04,7.016,0.039,190
53.0129,161.0528,10.0,4.4,18,184.0,1.452,0.83,us,11.83,1.977,0.138,15
51.2241,159.1106,43.286,4.2,15,221.0,1.824,1.01,us,4.5,8.895,0.216,6
49.8985,157.532,35.0,5.3,136,122.0,3.206,0.79,us,8.71,1.897,0.026,489
-6.2751,151.9757,10.0,4.4,36,151.0,1.956,1.0,us,9.99,1.898,0.112,23
52.4626,160.6514,34.887,4.4,21,122.0,1.34,0.66,us,10.26,6.108,0.143,14
28.2195,103.9971,10.0,4.7,56,59.0,5.222,0.67,us,8.17,1.864,0.077,51
-57.2527,-67.3642,10.0,5.0,34,159.0,2.331,0.67,us,8.64,1.919,0.082,47
49.2785,155.3187,67.254,4.5,41,137.0,4.116,0.46,us,4.23,7.897,0.081,44
40.9719,142.9348,47.888,4.3,18,135.0,1.055,0.44,us,6.68,9.055,0.169,10
40.2191,142.6795,38.343,4.3,33,132.0,1.357,1.09,us,7.08,7.976,0.113,22
-11.8875,165.3115,10.0,4.6,32,110.0,3.987,0.82,us,8.94,1.862,0.078,49
-17.5898,-171.6865,10.0,4.1,11,99.0,2.231,0.92,us,10.43,1.945,0.261,4
39.4367,143.4847,10.0,4.3,15,135.0,2.295,0.78,us,9.77,1.937,0.239,5
-18.2942,-178.3418,577.516,4.4,24,93.0,2.835,0.71,us,16.98,12.092,0.12,20
-21.3156,-67.2314,177.186,4.4,102,45.0,1.85,1.13,us,6.67,6.661,0.059,90
-8.2789,107.265,35.0,4.5,33,91.0,0.896,0.96,us,3.84,1.881,0.118,21
52.6927,160.608,30.025,4.5,32,143.0,1.233,1.03,us,5.69,5.63,0.121,20
11.2535,124.1286,10.0,4.6,60,82.0,4.397,0.69,us,11.79,1.882,0.066,69
-24.4752,179.7507,541.888,4.1,22,121.0,6.881,0.86,us,10.96,9.79,0.15,15
-7.8895,117.6906,12.248,4.2,19,80.0,0.936,0.77,us,6.87,4.891,0.167,10
42.0202,-126.1152,10.0,3.7,63,234.0,1.345,0.71,us,8.09,2.011,0.29,3
53.1063,159.8667,60.628,4.9,66,104.0,0.739,0.73,us,8.69,4.985,0.05,124
41.6929,142.7123,58.888,4.3,38,143.0,0.463,1.31,us,6.32,7.659,0.111,23
17.1574,-95.3058,67.199,4.2,71,84.0,0.727,0.82,us,4.2,10.215,0.055,92
-24.1137,-66.7998,198.342,4.3,40,62.0,1.714,0.76,us,8.23,6.922,0.148,13
41.0006,141.958,67.663,4.2,50,141.0,0.709,0.39,us,6.38,5.448,0.097,30
-11.5634,166.2988,115.859,4.3,32,145.0,3.959,0.61,us,9.39,8.35,0.113,22
39.1655,28.2881,10.0,4.1,18,70.0,1.08,0.58,us,5.32,1.977,0.302,3
49.1839,157.9858,10.0,5.1,149,129.0,3.867,0.77,us,10.1,1.878,0.033,303
-0.3169,125.646,76.161,5.0,64,71.0,5.019,0.66,us,3.32,7.459,0.081,48
53.4066,-163.5687,25.866,3.6,61,166.0,1.245,0.5,us,5.94,7.359,0.158,11
-21.6274,-179.4628,606.97,4.4,29,169.0,4.516,0.3,us,12.74,10.182,0.114,22
52.6568,-174.3246,236.892,3.8,50,74.0,0.271,0.37,us,10.4,6.601,0.136,14
51.3246,157.0529,114.719,4.4,74,161.0,1.83,0.44,us,11.13,8.12,0.068,62
51.9752,160.3161,10.0,4.4,37,125.0,1.463,0.96,us,9.46,1.904,0.105,26
41.7642,142.9023,61.935,4.0,29,134.0,0.315,0.78,us,7.57,5.845,0.184,9
-24.2984,-67.1417,143.356,4.2,42,47.0,1.643,0.84,us,8.26,7.809,0.152,12
50.7671,157.9673,33.271,4.3,54,129.0,2.299,0.6,us,10.39,5.812,0.09,37
52.4535,160.961,28.626,4.3,42,122.0,1.517,0.93,us,11.34,6.28,0.08,44
7.2402,126.7416,77.805,4.2,28,111.0,1.166,0.83,us,10.82,8.107,0.124,18
50.737,157.9449,48.699,4.0,54,135.0,2.331,0.38,us,12.12,7.753,0.083,39
13.5675,-91.2791,35.0,4.3,36,130.0,1.023,1.12,us,4.49,1.916,0.061,76
11.6266,-86.3268,76.518,4.3,28,132.0,0.525,0.67,us,4.94,6.894,0.091,34
-7.4704,128.2213,144.482,4.5,27,62.0,4.521,0.83,us,9.57,7.854,0.113,23
25.9216,126.977,55.306,4.2,26,120.0,1.476,1.11,us,9.51,9.86,0.159,11
43.4229,-126.7888,10.0,3.9,85,193.0,1.476,0.94,us,7.99,1.99,0.112,21
52.6177,161.5813,10.0,4.2,23,124.0,2.404,0.58,us,10.08,1.916,0.141,14
11.5731,141.6391,10.0,5.1,43,71.0,3.735,1.05,us,11.23,1.888,0.052,120
-14.762,-75.4116,53.337,4.5,20,137.0,3.089,0.47,us,8.63,8.798,0.115,22
29.2812,129.4483,10.0,4.3,30,110.0,2.384,0.62,us,7.82,1.917,0.125,18
36.5599,71.2843,222.085,4.0,46,96.0,1.994,0.95,us,7.23,7.794,0.134,15
-3.4075,143.5057,10.0,4.2,18,78.0,2.936,0.94,us,6.44,1.783,0.175,12
27.8174,56.7028,10.0,4.4,55,76.0,2.895,0.62,us,9.3,1.89,0.079,46
52.8743,160.899,10.0,4.6,76,87.0,1.369,0.94,us,10.03,1.869,0.042,166
-43.7903,-16.0949,10.0,4.6,26,144.0,7.306,0.71,us,10.57,1.855,0.111,25
-18.0339,-179.2761,632.66,4.1,23,120.0,2.56,0.68,us,17.58,10.638,0.123,18
1.5784,66.8078,10.0,5.0,55,65.0,6.279,0.63,us,10.68,1.848,0.097,38
3.7264,128.5381,60.52,4.5,88,48.0,3.16,0.74,us,6.39,6.994,0.061,81
25.6156,127.9554,12.838,4.3,15,165.0,1.248,1.12,us,6.98,3.964,0.239,5
51.8258,160.8437,10.0,4.4,19,126.0,1.801,1.16,us,7.08,1.922,0.17,10
21.2891,101.6636,10.0,4.3,38,67.0,1.603,1.07,us,6.66,1.875,0.126,18
52.7989,161.1886,10.0,5.3,100,131.0,1.554,0.8,us,9.67,1.88,0.038,227
48.4313,155.512,10.0,4.3,40,135.0,4.884,0.62,us,5.44,1.89,0.089,36
-52.1179,28.2693,10.0,4.2,12,117.0,20.461,0.73,us,16.43,1.94,0.158,11
53.2526,161.0474,40.583,4.3,45,134.0,1.462,0.84,us,12.14,8.077,0.083,41
53.7879,-165.5072,63.549,3.6,34,170.0,0.342,0.32,us,5.81,11.269,0.125,16
52.006,160.318,10.0,4.1,31,125.0,1.441,0.95,us,9.96,1.911,0.1,30
51.4336,159.3761,51.113,4.4,19,137.0,1.969,0.71,us,11.22,7.637,0.144,14
51.4172,161.0597,10.0,4.1,35,129.0,2.187,0.51,us,6.68,1.856,0.091,33
52.2893,160.5716,10.0,4.3,27,161.0,1.382,1.11,us,12.02,1.947,0.103,27
32.3193,142.311,10.0,4.4,27,94.0,2.25,0.3,us,9.02,1.904,0.149,13
52.9074,159.8884,56.008,4.6,81,118.0,0.758,1.1,us,9.15,6.988,0.044,151
-30.6114,-71.8627,24.114,4.4,22,157.0,0.206,0.63,us,5.83,2.873,0.178,9
51.548,159.5784,10.0,4.6,23,127.0,1.584,0.67,us,9.16,1.85,0.223,6
52.5367,161.0945,10.0,4.3,23,159.0,1.563,0.72,us,10.65,1.972,0.129,17
-49.547,125.2004,10.0,4.3,15,117.0,18.407,0.77,us,17.19,1.96,0.147,13
52.5047,160.5991,24.004,4.6,54,131.0,1.293,0.61,us,10.63,6.104,0.084,43
-24.7674,179.9098,525.928,4.3,45,108.0,4.877,0.9,us,14.29,9.54,0.086,39
52.5732,160.7526,10.0,4.5,61,118.0,1.354,0.95,us,6.99,1.586,0.043,161
51.4337,159.5434,10.0,5.1,23,122.0,1.684,0.76,us,10.39,1.602,0.134,18
60.5674,-140.1995,5.0,4.2,45,90.0,0.472,0.91,us,4.18,1.91,0.236,5
49.5402,-28.3373,10.0,4.5,24,119.0,15.098,0.41,us,9.76,1.767,0.124,19
-29.3889,-179.0368,341.612,4.9,187,41.0,0.978,0.73,us,9.13,3.772,0.032,301
50.3121,159.2264,10.0,4.8,72,121.0,2.739,0.71,us,8.01,1.846,0.036,234
13.2889,-90.9944,11.649,4.5,128,88.0,1.326,0.96,us,6.99,4.389,0.038,207
-16.8565,-173.4989,39.87,4.3,43,56.0,3.838,0.57,us,5.1,7.514,0.094,32
52.6727,160.731,12.573,4.3,28,157.0,1.31,0.87,us,12.98,7.824,0.108,24
52.0872,160.576,10.0,4.3,28,178.0,1.504,0.92,us,10.61,1.933,0.123,19
51.0992,158.5497,35.0,4.2,24,128.0,1.928,1.16,us,9.53,1.95,0.146,14
51.1177,159.7668,10.0,4.4,19,167.0,2.029,0.49,us,13.11,1.962,0.155,12
-55.4084,-123.4515,10.0,4.2,14,110.0,32.378,0.43,us,12.52,1.901,0.153,13
34.8282,24.4278,49.811,4.4,38,167.0,2.351,0.35,us,8.6,7.277,0.134,16
60.3929,-139.4894,6.331,4.3,62,55.0,0.483,0.44,us,3.75,2.518,0.187,8
-3.1025,139.5036,39.466,4.0,14,63.0,1.131,0.93,us,3.4,11.126,0.183,9
-31.5795,-178.113,10.0,4.9,25,225.0,6.658,0.99,us,9.51,1.954,0.11,29
-22.6251,-66.3753,247.528,4.2,19,89.0,1.696,0.7,us,9.05,8.417,0.153,12
51.24,157.3795,53.658,4.0,17,223.0,1.882,0.55,us,15.8,12.061,0.156,11
-17.5462,-178.9401,541.874,4.4,47,108.0,1.935,0.62,us,13.41,8.184,0.083,42
4.2511,128.4043,10.0,4.6,79,55.0,2.955,0.73,us,7.11,1.864,0.072,58
51.4766,159.5266,41.306,4.2,18,128.0,1.64,1.0,us,11.56,8.502,0.159,11
51.7655,160.5687,10.0,4.9,20,120.0,1.723,0.7,us,10.92,1.917,0.117,29
-18.6281,-177.721,624.188,4.4,42,166.0,3.503,0.58,us,16.6,9.549,0.09,35
-7.3325,128.8388,135.148,4.3,11,114.0,5.122,0.57,us,11.34,13.874,0.265,4
-15.732,-171.3705,10.0,4.6,21,67.0,1.669,0.93,us,6.74,1.889,0.137,16
-38.6796,-74.9114,10.0,4.5,29,148.0,1.663,0.73,us,9.64,1.921,0.139,15
-57.283,-68.045,10.0,4.5,24,139.0,3.706,0.5,us,15.11,1.942,0.124,19
39.4839,143.3279,10.0,4.2,16,203.0,2.17,0.94,us,6.59,1.98,0.2,7
51.8385,159.1797,35.0,5.5,123,94.0,1.23,0.87,us,7.56,1.833,0.021,774
-56.8159,-68.4705,10.0,5.0,66,146.0,1.947,0.52,us,9.49,1.893,0.074,58
-18.0759,-178.2019,565.089,4.3,47,81.0,2.812,0.78,us,11.92,5.816,0.053,100
-6.1652,151.4946,10.0,4.6,36,86.0,5.367,0.74,us,13.16,1.93,0.094,45
52.0965,160.9089,10.0,4.4,22,156.0,1.662,0.63,us,8.85,1.812,0.143,14
-14.1033,-76.0927,10.0,4.4,16,147.0,2.226,0.94,us,13.26,1.905,0.179,9
13.6434,145.4782,38.77,4.9,45,88.0,0.595,0.57,us,5.52,7.634,0.086,42
-17.9963,-178.3069,529.956,4.5,133,41.0,2.685,0.68,us,11.67,6.197,0.047,133
46.4211,149.7086,188.916,4.1,31,104.0,5.524,0.96,us,9.68,7.08,0.135,16
1.3956,126.3696,61.264,4.1,19,130.0,1.174,1.3,us,6.56,9.124,0.185,9
-7.1616,130.0467,68.662,4.3,37,40.0,4.751,0.72,us,8.31,6.907,0.113,22
-11.4509,166.1904,79.012,4.2,19,146.0,4.092,0.48,us,12.23,8.462,0.153,12
-30.4772,-178.3959,10.0,4.3,12,160.0,1.293,1.03,us,10.97,1.927,0.201,7
51.1476,178.1887,10.0,3.2,19,297.0,0.736,0.96,us,3.76,1.876,0.241,4
51.211,158.8515,35.0,4.6,57,129.0,1.819,0.49,us,9.73,1.921,0.105,27
-57.7114,157.6615,10.0,4.7,28,103.0,3.3,0.62,us,12.16,1.893,0.113,24
41.2672,142.5146,53.512,4.3,21,175.0,0.889,0.58,us,6.55,8.85,0.147,13
52.1314,-169.8992,26.216,4.2,75,141.0,0.663,0.98,us,5.57,5.365,0.07,58
66.4805,-17.7544,10.0,4.6,74,58.0,2.286,0.79,us,6.56,1.88,0.049,124
-19.8195,169.8249,10.0,4.6,21,127.0,3.556,0.47,us,6.94,1.802,0.157,12
13.2924,50.0635,10.0,4.2,13,142.0,7.264,0.66,us,9.72,1.945,0.199,7
-54.9048,-129.2594,10.0,5.1,31,111.0,32.639,0.88,us,13.79,1.88,0.106,29
51.0212,-179.8061,35.0,4.5,59,176.0,0.665,0.65,us,4.7,1.928,0.041,177
52.7451,160.8097,10.0,4.4,23,189.0,1.338,0.54,us,7.29,1.979,0.155,12
-29.2033,-69.7012,133.436,4.1,34,67.0,0.844,0.88,us,7.01,7.344,0.213,6
39.4343,143.4837,10.0,4.5,20,179.0,2.296,1.25,us,9.31,1.953,0.172,10
12.8009,-89.2883,48.078,4.2,59,173.0,0.969,0.73,us,8.2,12.61,0.078,46
-9.0626,124.0975,94.912,4.0,14,87.0,0.708,0.88,us,8.23,7.782,0.183,8
49.6388,92.7261,10.0,4.3,25,111.0,5.655,0.79,us,8.38,1.885,0.133,16
-37.1842,52.411,10.0,4.8,62,51.0,13.025,0.63,us,8.39,1.785,0.074,57
50.8196,158.995,11.993,4.6,84,136.0,2.217,0.65,us,8.74,3.985,0.066,68
51.7505,-177.8295,83.815,4.0,50,164.0,0.044,0.29,us,7.3,4.752,0.065,63
49.1345,156.2091,21.4,4.9,252,42.0,4.088,0.61,us,8.17,4.19,0.032,310
52.5477,160.979,10.0,4.0,22,121.0,1.493,0.86,us,9.61,1.924,0.149,14
-48.9486,123.5658,10.0,4.6,26,119.0,16.692,0.77,us,14.93,1.929,0.116,24
-6.0866,147.7569,59.022,4.4,36,72.0,3.349,0.41,us,6.97,5.924,0.098,30
49.9298,157.2372,34.618,4.7,70,135.0,3.196,0.54,us,11.76,5.72,0.041,177
0.5213,-79.9972,12.915,4.3,20,151.0,0.886,1.0,us,5.2,5.134,0.217,6
-4.2698,143.1689,85.864,4.3,32,113.0,3.016,0.49,us,8.92,7.715,0.106,25
52.6468,160.5315,10.0,4.6,66,137.0,1.202,0.83,us,11.27,1.903,0.063,74
51.6854,160.0497,34.907,4.6,52,137.0,2.026,0.65,us,10.32,5.481,0.081,45
13.2804,-90.9409,35.0,4.3,56,175.0,1.287,0.73,us,5.28,1.899,0.058,84
50.619,157.9071,35.0,4.4,36,163.0,2.452,0.53,us,10.73,1.97,0.102,28
51.7958,-169.8227,10.0,4.1,53,190.0,0.994,1.1,us,5.24,1.917,0.065,65
13.6674,-92.347,10.0,4.6,41,181.0,1.173,0.97,us,8.81,1.955,0.04,188
43.3283,-128.1845,10.0,4.0,40,219.0,3.036,0.61,us,12.18,2.012,0.195,7
-18.0225,-178.2053,557.71,5.0,175,114.0,2.78,0.7,us,11.84,6.347,0.042,178
-63.4005,-167.8857,10.0,4.6,15,164.0,16.492,1.18,us,19.53,1.834,0.157,12
50.7772,158.3042,38.704,5.0,31,130.0,2.26,0.9,us,5.23,7.656,0.113,25
52.2037,160.7029,10.0,4.4,32,190.0,2.042,0.82,us,12.81,1.959,0.103,27
51.9493,159.4549,40.062,4.5,58,121.0,1.183,0.69,us,9.16,7.466,0.048,128
-19.1644,-177.4381,571.812,4.3,28,89.0,4.047,1.25,us,15.96,10.942,0.133,17
36.1631,139.9632,77.977,4.1,27,142.0,1.466,0.79,us,9.06,8.1,0.123,18
2.8177,127.1504,45.667,4.4,33,47.0,2.044,0.9,us,6.37,5.459,0.123,19
42.8047,146.6813,29.954,4.6,20,225.0,2.726,0.43,us,11.89,6.514,0.244,8
14.6744,-93.3167,35.0,4.7,77,140.0,1.962,0.74,us,7.22,1.941,0.051,118
52.0887,160.897,10.0,4.2,26,144.0,1.661,0.38,us,11.36,1.938,0.128,17
-21.9346,-68.5946,122.66,4.2,17,106.0,0.617,0.84,us,6.95,6.206,0.263,4
6.2029,126.8673,81.185,4.3,31,130.0,1.542,0.78,us,9.96,6.562,0.113,25
-1.8439,139.1347,25.691,4.4,40,87.0,1.189,0.78,us,5.62,5.456,0.105,26
5.7465,61.397,10.0,4.4,34,139.0,23.38,0.95,us,13.81,1.936,0.108,25
52.8077,160.0515,47.331,4.4,33,119.0,0.876,1.04,us,6.89,7.201,0.093,33
-1.7815,133.658,10.0,4.3,23,96.0,0.585,0.74,us,4.85,1.928,0.147,13
-12.8907,143.2963,11.304,4.1,17,102.0,1.067,0.44,us,7.65,6.109,0.197,7
52.425,160.8157,10.0,4.3,14,151.0,1.447,0.83,us,7.59,1.965,0.188,8
52.6959,161.0926,23.229,4.6,105,119.0,1.517,0.53,us,8.57,5.775,0.055,107
-17.9667,-178.5633,611.607,4.0,27,122.0,2.468,0.56,us,15.24,8.692,0.116,20
-20.5334,-178.3095,540.152,4.4,44,124.0,4.418,0.7,us,14.12,7.851,0.097,33
51.4902,159.7095,25.654,4.5,40,118.0,1.668,1.24,us,10.27,6.935,0.1,29
3.3885,122.8022,536.715,4.3,22,94.0,2.985,0.66,us,15.0,11.866,0.16,13
-22.7543,-175.0961,10.0,4.6,28,133.0,6.96,0.78,us,14.06,1.893,0.081,45
-11.0621,-77.9333,48.19,4.6,37,141.0,1.41,0.67,us,5.14,7.733,0.084,44
52.5535,160.9023,10.0,4.5,46,143.0,1.447,0.86,us,12.12,1.919,0.055,97
14.8298,55.8293,10.0,4.4,41,138.0,10.069,0.74,us,13.89,1.948,0.095,32
50.5,157.633,47.958,4.5,57,131.0,2.605,0.89,us,11.47,7.387,0.044,152
52.5349,160.6137,10.0,4.4,32,122.0,1.289,0.31,us,7.83,1.896,0.12,20
-44.2974,-82.1364,10.0,4.1,7,200.0,9.266,0.12,us,13.23,1.994,0.213,6
-24.2229,-67.0357,184.514,4.3,23,71.0,1.643,0.76,us,10.73,9.674,0.138,15
52.7752,161.1082,10.0,4.5,52,120.0,1.51,0.93,us,7.52,1.882,0.071,60
-20.0073,-177.8381,576.483,4.1,37,194.0,4.4,0.75,us,15.98,12.148,0.085,38
-3.0622,146.7914,10.0,4.4,27,73.0,1.164,0.61,us,5.75,1.891,0.123,19
52.0935,160.3531,26.123,4.2,26,216.0,1.911,0.76,us,8.98,6.012,0.136,16
3.5107,126.9742,42.802,4.3,18,130.0,1.923,1.14,us,13.85,8.098,0.133,16
25.8169,-45.3491,10.0,4.4,53,141.0,18.373,0.41,us,15.54,1.93,0.08,45
50.8559,158.9274,10.0,4.7,42,131.0,2.178,0.86,us,10.05,1.275,0.096,33
48.5218,153.455,121.27,4.6,86,128.0,5.321,0.91,us,9.77,7.035,0.031,319
51.4567,159.451,33.883,4.5,37,167.0,1.645,0.72,us,10.4,7.074,0.089,37
37.9542,20.9645,66.039,4.2,29,163.0,1.087,0.7,us,6.54,6.204,0.167,10
-15.9547,-73.6683,63.994,4.9,77,137.0,5.004,0.54,us,10.44,6.167,0.052,114
35.5794,58.4298,10.0,4.2,39,174.0,8.613,0.57,us,8.34,1.935,0.085,39
45.8924,148.7003,149.425,4.2,33,143.0,4.68,0.79,us,10.16,9.45,0.121,19
-7.0898,125.6438,517.463,4.8,31,59.0,2.978,0.73,us,14.08,10.018,0.109,26
-4.5409,102.379,47.958,4.6,31,70.0,0.602,0.77,us,8.64,7.584,0.114,23
7.1788,127.0606,28.985,4.6,49,92.0,1.474,0.89,us,6.39,5.37,0.081,49
21.9235,95.9869,10.0,4.8,38,75.0,1.226,0.44,us,8.07,1.898,0.105,28
-4.2743,152.6823,62.317,4.7,75,90.0,0.524,0.39,us,9.52,6.552,0.065,71
40.4567,77.3601,10.0,4.4,52,132.0,1.315,0.94,us,4.83,1.872,0.103,27
-12.2244,166.753,199.013,4.4,45,68.0,3.233,0.78,us,12.11,7.012,0.098,30
51.0169,158.3088,35.0,5.6,158,76.0,2.021,0.78,us,8.94,1.885,0.029,420
21.7768,144.1722,137.582,4.7,92,106.0,5.596,0.6,us,11.68,7.457,0.061,82
52.3085,159.9557,61.245,4.8,46,137.0,1.59,0.85,us,10.83,6.905,0.092,36
49.8435,157.9922,10.0,4.8,29,128.0,3.211,1.15,us,10.4,1.906,0.122,21
51.5504,159.5788,27.718,5.3,109,113.0,1.94,0.83,us,7.87,3.528,0.031,348
54.6425,-160.304,35.0,4.6,45,161.0,0.455,1.15,us,5.8,1.936,0.089,38
51.8831,159.094,66.013,4.7,44,119.0,1.174,0.68,us,9.99,7.488,0.092,36
49.5636,158.3593,10.0,4.3,13,232.0,3.469,0.81,us,15.0,1.988,0.217,6
-60.3491,-61.8384,10.0,4.5,32,125.0,4.558,0.65,us,11.1,1.891,0.111,24
29.6173,129.5385,10.0,4.4,32,112.0,2.044,0.53,us,6.41,1.916,0.12,20
51.6356,160.2222,10.0,4.5,16,137.0,1.692,0.41,us,13.84,1.944,0.15,13
52.099,-171.166,35.0,3.6,19,211.0,1.661,0.7,us,7.4,2.006,0.151,11
15.0832,-96.6016,10.0,4.1,61,154.0,0.832,1.0,us,6.38,1.851,0.074,50
52.0116,161.6483,10.0,4.2,24,134.0,2.094,0.69,us,13.04,1.917,0.147,14
-5.553,152.0161,35.0,4.5,28,152.0,1.361,1.25,us,9.51,1.916,0.108,25
50.8184,-172.9466,10.0,3.8,28,221.0,1.59,0.55,us,3.43,2.01,0.136,14
18.6747,120.637,28.121,4.7,53,118.0,4.143,1.0,us,12.14,5.902,0.077,51
-15.7059,-177.5942,432.635,4.0,57,122.0,3.017,0.49,us,15.2,7.652,0.073,50
49.2129,157.8451,10.0,4.3,22,137.0,3.849,0.48,us,12.31,1.919,0.153,12
28.2788,104.9538,10.0,4.9,125,41.0,7.728,0.65,us,8.33,1.853,0.043,170
49.9923,158.7005,10.0,4.5,25,119.0,3.036,0.41,us,10.47,1.898,0.15,15
51.5352,159.8356,10.0,4.6,20,121.0,1.659,0.61,us,6.42,1.932,0.158,12
51.5091,156.5736,10.0,4.1,45,238.0,1.744,0.33,us,11.11,1.977,0.087,36
51.3262,161.0457,10.0,3.9,17,130.0,2.251,0.43,us,8.15,1.95,0.121,18
50.1081,159.6599,10.0,4.3,26,228.0,2.987,0.66,us,9.79,1.955,0.133,16
52.1171,-169.4631,35.0,4.6,94,178.0,0.689,0.98,us,5.23,1.93,0.062,76
53.5974,161.4502,35.0,4.2,20,184.0,1.776,0.76,us,8.7,1.983,0.159,12
51.4,159.3712,35.0,4.5,28,240.0,1.685,0.83,us,10.85,1.975,0.124,21
-2.3276,134.1553,5.054,4.6,20,61.0,0.559,0.31,us,5.76,5.258,0.133,17
-30.342,-178.6068,168.546,4.2,15,259.0,7.644,1.23,us,21.8,15.221,0.146,13
52.1406,-168.5339,28.671,3.8,21,218.0,0.856,1.0,us,8.44,13.924,0.108,22
-22.7921,-65.999,264.991,4.4,63,41.0,2.017,0.77,us,8.46,7.366,0.081,44
52.3337,160.2758,30.306,5.1,201,121.0,1.207,0.76,us,8.67,4.921,0.033,296
-44.9441,167.4099,105.786,4.3,21,90.0,0.457,0.51,us,5.27,5.314,0.188,8
-20.5123,-178.6755,606.608,4.0,20,160.0,4.14,0.85,us,18.48,10.958,0.139,15
-7.7428,129.0868,82.62,4.3,24,37.0,5.166,0.91,us,8.96,7.702,0.126,18
-12.4679,167.1554,241.604,4.6,51,90.0,2.962,0.49,us,11.45,5.613,0.084,42
-57.6684,157.6305,10.0,4.4,24,137.0,3.262,0.73,us,13.26,1.923,0.134,17
39.5908,142.0396,49.54,4.4,26,147.0,1.411,0.81,us,8.4,8.133,0.143,14
51.6515,159.3701,10.0,4.9,119,115.0,1.443,0.8,us,6.21,1.847,0.039,206
-8.0721,-74.4637,165.292,4.4,66,109.0,1.775,0.62,us,9.89,7.892,0.063,73
51.7951,160.6424,10.0,4.6,64,166.0,2.23,1.08,us,9.17,1.928,0.058,88
-5.9522,146.9104,102.019,4.2,18,126.0,3.439,0.75,us,10.07,9.437,0.158,12
51.228,179.1883,41.151,4.0,54,193.0,0.166,0.96,us,6.67,9.62,0.081,43
36.27,77.8646,10.0,4.4,59,130.0,4.749,0.88,us,8.53,1.952,0.098,30
-2.1137,127.8567,29.507,4.2,16,108.0,2.908,0.8,us,8.48,3.395,0.186,8
10.8708,123.8986,10.0,4.4,27,117.0,12.697,0.71,us,14.15,1.913,0.12,22
54.8264,159.9452,10.0,4.3,19,169.0,1.962,0.7,us,14.56,1.934,0.133,16
52.8793,160.1896,35.0,4.2,26,103.0,0.943,0.69,us,10.1,1.93,0.115,21
-30.6075,-71.801,28.474,4.4,33,189.0,0.158,0.67,us,4.27,6.221,0.162,11
50.685,158.1874,54.949,4.2,21,136.0,2.446,0.74,us,11.52,4.56,0.153,12
16.476,40.9347,10.0,4.5,49,127.0,3.834,1.31,us,13.05,1.946,0.08,46
38.3179,20.4551,41.345,4.2,31,162.0,1.628,0.89,us,7.21,9.202,0.125,18
-55.7465,-26.7427,18.704,5.1,102,67.0,5.795,0.68,us,10.61,3.785,0.061,88
49.6341,160.0691,10.0,5.0,134,130.0,3.509,0.6,us,8.91,1.867,0.027,447
0.652,121.5651,80.966,4.5,54,113.0,0.906,0.77,us,8.79,7.143,0.079,47
14.1788,-91.6176,71.989,4.2,29,217.0,0.383,1.39,us,7.6,5.412,0.107,24
-24.2488,-67.0065,168.832,4.2,42,62.0,1.68,0.89,us,8.75,8.543,0.124,18
2.8455,-31.3401,10.0,4.3,30,79.0,9.745,0.85,us,10.9,1.8,0.109,24
-63.6835,172.6283,10.0,4.5,22,86.0,14.307,0.55,us,10.72,1.899,0.124,19
51.7371,159.3009,10.0,5.1,52,138.0,1.349,0.82,us,10.45,1.913,0.076,56
29.3696,129.4658,10.0,4.8,39,109.0,2.296,0.72,us,7.62,1.889,0.049,126
21.0567,121.7601,10.0,4.4,24,120.0,1.863,1.14,us,8.8,1.949,0.179,9
50.1135,159.7547,44.95,4.4,25,153.0,2.994,0.79,us,12.67,9.061,0.084,41
-58.9567,-26.0934,102.946,4.5,14,96.0,15.856,0.25,us,14.74,6.209,0.156,12
53.4429,160.7084,47.29,4.3,24,161.0,1.307,1.03,us,14.06,8.53,0.129,17
52.5754,160.3722,39.839,4.3,26,121.0,1.138,1.27,us,10.86,8.172,0.148,16
-44.4413,-80.2321,10.0,4.7,31,84.0,4.835,0.64,us,7.37,1.873,0.112,24
50.5441,157.3479,35.0,4.3,35,130.0,2.577,0.52,us,11.27,1.944,0.094,32
18.3705,-80.1087,10.0,4.2,43,50.0,2.45,0.97,us,6.83,1.855,0.115,22
-59.3645,-25.6066,35.0,4.7,22,174.0,7.841,0.93,us,14.73,1.981,0.126,20
-23.8733,-68.3455,122.55,4.4,32,57.0,0.93,0.63,us,6.78,8.066,0.127,18
50.1315,157.763,26.355,4.6,41,132.0,2.948,0.76,us,7.77,4.722,0.141,24
42.7322,143.2454,10.0,4.1,54,127.0,0.72,0.54,us,5.9,1.902,0.089,36
34.2042,26.18,49.351,4.0,38,162.0,1.564,1.35,us,9.05,9.978,0.138,15
6.8359,127.192,12.258,4.8,38,66.0,1.618,1.2,us,4.43,4.667,0.098,33
51.3528,157.5778,69.897,4.5,30,126.0,1.76,1.15,us,12.0,8.292,0.113,23
10.4238,121.8659,10.0,4.3,17,136.0,6.188,1.25,us,14.51,1.942,0.187,8
-20.9605,169.0179,10.0,4.5,18,181.0,2.199,0.85,us,9.59,1.94,0.205,11
53.0157,160.7567,35.0,4.0,14,133.0,1.273,0.9,us,12.08,1.946,0.196,7
51.1954,157.6095,78.998,4.3,35,138.0,1.917,0.6,us,12.31,8.61,0.086,38
-27.5263,-176.2467,10.0,4.7,35,61.0,11.064,0.71,us,11.78,1.839,0.095,34
-9.3174,124.0143,92.228,4.0,9,135.0,0.501,0.76,us,14.99,6.038,0.211,6
1.9862,126.7697,35.0,4.8,55,90.0,3.017,1.05,us,8.1,1.912,0.076,53
6.2037,126.8425,80.527,4.5,50,66.0,1.522,0.86,us,8.16,6.013,0.079,47
-52.3732,-71.8054,10.0,4.2,11,176.0,0.506,0.62,us,6.56,1.942,0.216,6
52.3542,160.3992,35.0,4.0,12,137.0,1.258,0.91,us,9.66,1.966,0.26,4
-6.0409,154.6935,156.736,4.2,22,126.0,3.119,0.54,us,7.52,7.912,0.128,17
51.4756,158.0179,42.348,4.6,37,109.0,1.598,0.66,us,9.55,7.387,0.111,24
40.9934,78.2595,10.0,4.4,42,157.0,0.752,0.93,us,5.57,1.916,0.105,26
28.5449,83.9408,10.0,4.3,23,197.0,6.392,0.45,us,8.26,1.956,0.125,19
17.7236,-61.5323,35.0,4.3,37,108.0,0.247,0.45,us,5.68,1.935,0.161,11
-24.3512,179.9396,521.596,4.5,55,96.0,5.251,0.88,us,8.03,7.841,0.084,41
52.9957,160.9178,31.774,4.5,25,137.0,1.371,0.76,us,9.13,5.242,0.156,12
50.4223,156.4143,80.433,4.0,34,137.0,2.806,0.73,us,10.78,7.586,0.086,36
28.2336,-43.682,10.0,4.3,28,178.0,31.529,0.54,us,18.24,1.972,0.109,24
-23.7261,179.9473,522.823,4.6,58,65.0,5.816,1.09,us,12.31,6.544,0.038,218
4.412,96.5767,10.0,4.6,37,65.0,0.891,1.16,us,5.53,1.706,0.103,29
51.6098,159.5587,23.56,5.0,39,122.0,1.522,0.66,us,10.06,6.075,0.077,54
29.3596,129.0923,10.0,4.4,41,104.0,2.443,1.08,us,5.48,1.818,0.085,43
52.4507,160.9395,10.0,5.1,61,136.0,1.506,0.87,us,4.61,1.887,0.027,428
52.501,160.244,33.703,4.4,57,175.0,1.101,0.5,us,11.3,7.772,0.046,136
9.9192,-70.6755,10.0,4.9,61,95.0,1.03,1.11,us,7.28,1.871,0.075,55
51.5556,159.4736,35.0,4.6,35,127.0,1.555,0.73,us,8.36,1.89,0.101,29
11.2212,124.4023,10.0,4.6,51,121.0,4.286,1.2,us,10.51,1.884,0.087,39
-2.3416,100.7966,56.414,4.6,33,132.0,2.944,1.06,us,9.77,8.066,0.128,18
-30.3899,-72.1556,16.765,4.4,34,142.0,0.531,0.72,us,4.39,4.955,0.19,8
28.2086,130.9833,10.0,4.6,50,130.0,2.389,0.45,us,4.8,1.871,0.093,35
-36.529,-73.0687,35.0,4.1,22,188.0,1.539,0.41,us,6.73,1.984,0.234,5
40.957,143.0467,44.77,4.0,23,142.0,1.06,0.48,us,7.06,8.154,0.138,14
52.4521,160.737,10.0,4.6,85,122.0,1.392,0.9,us,9.0,1.884,0.043,162
-18.301,-67.0377,266.728,4.1,27,112.0,2.258,0.54,us,8.93,8.991,0.12,19
53.1242,159.8913,59.651,4.6,76,133.0,0.756,0.85,us,10.22,6.865,0.071,59
51.2824,159.4064,10.0,4.2,31,167.0,1.805,0.88,us,10.92,1.947,0.115,21
11.9242,143.6677,10.0,4.4,36,142.0,2.028,0.91,us,10.98,1.92,0.104,27
-28.2016,-69.3968,89.792,4.2,25,54.0,1.195,1.39,us,4.47,10.19,0.235,5
27.1532,-175.1954,10.0,4.5,48,119.0,2.199,0.66,us,12.47,1.93,0.058,89
-20.673,-178.5956,603.163,4.9,129,38.0,4.303,0.66,us,11.4,6.559,0.044,159
-47.7893,116.1423,10.0,4.2,13,162.0,14.868,0.7,us,10.37,1.914,0.199,8
50.6833,158.1511,27.675,4.7,134,88.0,2.364,0.79,us,8.39,5.359,0.05,121
51.9585,160.4532,42.798,4.2,15,154.0,1.534,0.72,us,12.8,11.21,0.16,11
-11.0683,111.1614,10.0,4.3,21,117.0,3.918,0.74,us,10.76,1.905,0.133,16
52.1643,-171.3565,53.824,4.7,85,143.0,1.086,1.03,us,7.37,6.837,0.041,182
-23.9419,-66.6591,206.061,4.3,24,73.0,1.708,0.65,us,5.53,9.986,0.16,11
52.6611,160.7209,35.549,4.0,20,137.0,1.307,0.83,us,13.37,8.731,0.134,15
9.9182,-70.7624,10.0,4.5,89,149.0,1.036,0.53,us,5.68,1.888,0.061,78
-6.7181,144.0785,10.0,4.7,39,103.0,4.053,0.68,us,4.05,1.878,0.099,32
-20.8705,-178.6275,600.489,4.1,23,203.0,4.415,0.51,us,21.78,19.505,0.131,19
-24.349,-175.5741,35.0,4.4,17,109.0,7.421,0.83,us,15.76,1.948,0.148,15
-59.9755,-61.6371,10.0,5.0,23,124.0,4.945,1.11,us,10.09,1.904,0.129,19
51.7528,159.8686,10.0,4.1,24,167.0,1.476,0.6,us,10.18,1.968,0.131,16
60.186,-58.3006,10.0,4.8,153,65.0,5.081,0.52,us,7.93,1.868,0.044,157
9.2882,123.1783,10.0,4.2,15,105.0,3.241,0.72,us,8.85,1.919,0.216,6
37.4578,21.7777,10.0,4.3,24,127.0,0.302,0.52,us,4.69,1.904,0.154,12
5.11,125.2351,10.0,5.1,55,48.0,0.446,1.06,us,5.14,1.878,0.089,41
9.149,93.9022,10.0,4.3,25,120.0,4.929,0.81,us,10.31,1.913,0.168,10
61.1676,-28.0776,10.0,4.3,50,150.0,4.731,0.79,us,11.61,1.932,0.084,40
9.545,-40.4776,10.0,4.6,26,59.0,12.844,0.69,us,13.05,1.887,0.136,19
5.6678,126.4752,99.491,4.5,86,45.0,1.359,0.82,us,5.04,6.114,0.066,74
4.6501,92.2411,10.0,4.5,34,154.0,4.724,0.96,us,10.76,1.922,0.11,24
-20.0215,-178.245,595.681,4.4,30,93.0,4.173,0.59,us,17.36,16.484,0.109,24
-24.3102,-67.0928,172.477,5.0,89,41.0,1.679,1.35,us,8.61,6.523,0.025,509
54.6812,160.2454,10.0,4.3,38,131.0,1.911,0.59,us,11.7,1.902,0.078,46
52.7127,160.8514,10.0,4.3,24,148.0,1.37,0.68,us,9.72,1.932,0.161,11
36.1881,69.0821,10.0,4.7,97,56.0,1.67,0.97,us,6.63,1.859,0.061,82
-23.1259,-68.5298,113.005,4.1,24,66.0,0.367,0.77,us,3.97,4.269,0.131,16
42.3068,144.1851,49.069,4.2,45,130.0,0.818,0.78,us,8.21,8.446,0.087,37
32.0486,56.3493,10.0,4.6,73,149.0,6.044,0.65,us,10.58,1.919,0.072,57
29.3391,129.3935,10.0,4.7,62,108.0,2.348,0.41,us,6.97,1.878,0.057,93
-23.2881,-179.5441,510.492,4.3,19,113.0,5.957,0.76,us,15.91,15.151,0.113,23
-2.842,139.3141,38.481,5.0,54,88.0,1.297,0.8,us,6.26,0.841,0.077,54
15.3171,146.8515,35.0,4.8,106,134.0,1.026,0.79,us,8.22,1.932,0.049,137
52.7317,160.2068,36.513,4.2,36,150.0,0.988,0.81,us,11.91,10.061,0.11,23
2.1109,128.2193,157.77,4.4,35,100.0,1.58,0.87,us,6.04,7.507,0.112,23
14.9206,144.7328,17.607,4.1,12,120.0,1.069,0.95,us,11.35,5.422,0.197,7
51.1324,159.1921,29.392,4.4,64,125.0,1.923,0.64,us,9.12,5.696,0.081,44
52.5224,-32.3083,10.0,4.2,40,97.0,11.223,0.69,us,11.01,1.924,0.099,28
-2.1326,139.0342,35.0,5.0,42,56.0,1.011,0.63,us,5.4,1.866,0.06,88
51.4083,160.7803,10.0,4.1,39,120.0,2.082,0.88,us,9.63,1.895,0.103,26
-2.9393,137.2052,60.199,4.1,28,70.0,1.043,0.53,us,5.78,7.974,0.13,16
52.0434,161.0358,10.0,4.2,19,167.0,1.757,1.19,us,9.18,1.761,0.167,10
51.9986,160.378,10.0,4.5,65,124.0,1.473,1.37,us,9.5,1.888,0.069,62
21.0544,121.9087,10.0,4.7,83,68.0,1.916,0.57,us,7.83,1.871,0.067,68
2.624,127.2715,49.74,4.5,51,74.0,1.842,0.88,us,7.01,7.421,0.096,32
12.6159,40.3662,10.0,4.3,21,198.0,2.655,0.61,us,11.17,1.962,0.142,14
17.5648,145.5746,176.024,4.3,16,103.0,2.32,0.67,us,10.44,9.292,0.153,13
27.2748,140.3101,320.523,4.0,41,57.0,1.679,0.79,us,10.21,8.259,0.089,34
-35.5066,-105.6565,10.0,4.9,157,143.0,8.925,0.56,us,12.63,1.895,0.046,153
-20.8541,-178.4008,565.849,4.2,46,124.0,4.559,0.82,us,15.09,8.945,0.051,105
51.3999,159.6505,10.0,4.2,22,128.0,1.739,0.77,us,10.19,1.914,0.132,16
-22.9595,-68.1893,153.375,4.3,16,78.0,0.012,0.73,us,9.84,7.52,0.201,7
-9.5,119.8345,80.79,4.7,95,87.0,0.487,0.89,us,5.83,5.243,0.059,94
14.481,146.9836,10.0,4.6,44,132.0,1.374,0.95,us,9.52,1.909,0.085,41
-5.1691,-80.8889,43.081,4.4,19,162.0,3.14,1.0,us,13.16,9.487,0.162,11
7.073,126.8243,72.22,5.5,114,101.0,1.236,0.98,us,4.18,6.465,0.045,171
45.8993,148.1129,183.581,4.5,90,61.0,3.85,0.85,us,9.37,6.991,0.035,247
-17.758,-176.8844,385.124,4.1,32,91.0,3.801,0.94,us,8.66,7.059,0.114,21
-20.5191,-178.3834,549.345,4.7,112,48.0,4.355,0.64,us,11.28,6.022,0.03,347
-13.3912,167.9925,622.667,4.2,101,45.0,2.182,0.69,us,10.74,7.166,0.053,99
51.8851,161.2541,10.0,4.3,46,126.0,1.959,0.2,us,9.19,1.899,0.091,34
49.871,157.4706,43.871,5.5,147,58.0,3.242,0.93,us,8.28,6.198,0.021,818
-16.6739,-172.9189,10.0,4.6,21,90.0,2.96,0.5,us,10.43,1.898,0.125,19
37.9653,144.0844,10.0,4.6,48,138.0,3.664,0.59,us,9.05,1.908,0.107,26
-31.4822,-178.1921,35.0,4.5,13,166.0,2.241,0.32,us,14.46,1.934,0.181,10
-9.6313,125.0453,10.0,4.1,11,131.0,0.777,0.98,us,7.37,1.938,0.213,6
35.3651,57.3311,10.0,4.5,60,165.0,7.579,0.76,us,9.54,1.937,0.078,49
-15.5576,-172.8108,10.0,4.7,49,72.0,1.918,0.78,us,10.1,1.87,0.08,47
-22.0863,-68.9743,102.907,4.3,15,144.0,0.381,0.56,us,5.41,4.764,0.216,6
51.269,159.6804,10.0,4.4,16,221.0,1.868,0.51,us,6.95,1.969,0.179,9
29.3104,129.5515,10.0,4.6,182,103.0,2.326,0.41,us,6.53,1.849,0.043,167
28.4439,54.0647,10.0,4.3,29,84.0,3.975,0.49,us,9.24,1.896,0.129,17
42.2959,144.652,35.0,4.5,90,132.0,1.146,0.89,us,7.47,1.485,0.063,74
7.1583,127.0591,57.386,4.7,53,77.0,1.471,0.97,us,9.16,7.388,0.084,43
-16.0175,-177.2411,429.605,4.4,67,111.0,3.287,0.96,us,14.44,7.336,0.077,49
52.2589,160.7648,10.0,5.0,114,147.0,1.499,0.91,us,8.54,1.891,0.047,142
49.5798,156.166,60.602,4.3,29,178.0,3.662,0.69,us,13.02,3.992,0.123,19
13.5916,124.9483,10.0,4.4,23,136.0,6.511,0.53,us,13.95,1.941,0.144,14
29.296,129.4353,10.0,4.6,61,57.0,2.374,1.0,us,6.83,1.85,0.091,36
53.0811,161.6233,10.0,4.3,28,117.0,1.796,1.06,us,11.52,1.915,0.116,24
7.1849,126.7605,82.936,4.3,30,131.0,1.178,0.58,us,11.01,3.278,0.119,20
-45.2025,-81.6384,10.0,4.4,14,146.0,7.247,0.82,us,14.96,1.464,0.17,10
1.6522,127.2482,113.578,5.1,73,57.0,4.725,0.86,us,8.11,5.697,0.05,128
52.4839,160.8309,10.0,4.2,34,145.0,1.431,0.73,us,10.85,1.941,0.115,21
38.7987,142.1097,52.533,4.5,60,133.0,2.145,0.46,us,9.23,6.565,0.064,71
2.5723,95.9909,35.0,4.4,22,201.0,2.806,0.31,us,11.38,1.983,0.148,13
0.211,126.6873,111.21,4.5,40,72.0,4.651,0.68,us,8.62,8.323,0.095,32
52.7541,160.9642,10.0,4.1,22,117.0,1.428,0.44,us,10.73,1.928,0.114,21
34.4855,139.4665,10.0,4.4,25,130.0,1.397,0.72,us,4.43,1.899,0.162,11
7.4498,126.5118,143.421,4.8,60,54.0,0.999,0.54,us,9.19,6.56,0.045,154
7.0563,127.4777,10.0,4.2,30,58.0,1.884,0.46,us,5.66,1.882,0.108,24
52.177,160.5133,28.637,4.9,161,123.0,1.418,0.79,us,8.66,5.249,0.037,227
-5.0175,151.6224,129.352,4.4,48,150.0,0.813,0.51,us,10.54,5.416,0.088,37
52.9949,160.5429,35.0,4.1,72,164.0,1.144,0.55,us,12.58,1.96,0.074,50
-19.0127,169.8267,250.631,4.1,23,161.0,4.217,0.75,us,12.09,10.216,0.12,19
52.5181,160.1833,35.0,4.0,16,178.0,1.06,1.07,us,11.49,1.991,0.144,13
7.6197,127.1421,10.0,4.4,18,92.0,1.644,0.63,us,6.18,1.917,0.155,12
3.0935,-31.4434,10.0,4.5,24,75.0,20.396,0.79,us,12.63,1.896,0.124,19
53.1006,161.067,35.963,4.4,21,171.0,1.461,0.94,us,12.93,10.232,0.155,12
1.5998,127.3177,122.004,4.4,40,93.0,3.613,0.83,us,6.54,8.114,0.098,30
19.6195,-108.8654,10.0,4.1,98,202.0,3.856,0.53,us,11.33,1.971,0.052,101
-3.9676,143.0805,86.307,4.0,19,122.0,2.778,0.82,us,10.65,6.979,0.144,16
53.4484,160.0918,66.229,4.4,93,127.0,0.966,0.64,us,9.94,6.806,0.061,81
-21.1459,168.6612,10.0,4.3,14,164.0,1.845,0.92,us,7.75,1.738,0.168,10
52.4984,160.5854,10.0,4.6,59,122.0,1.288,0.72,us,8.06,1.881,0.052,110
51.9161,159.6644,35.0,4.1,17,154.0,1.271,1.02,us,8.06,1.984,0.151,12
-30.785,-178.5347,10.0,4.6,16,253.0,7.248,0.23,us,8.35,1.98,0.157,12
52.82,161.0889,37.253,4.5,45,156.0,1.491,1.17,us,12.71,9.593,0.082,44
52.1276,160.2459,29.823,4.4,27,124.0,1.324,1.15,us,10.35,6.115,0.112,23
-24.5207,-67.5714,178.807,4.2,23,95.0,1.658,1.25,us,9.43,11.438,0.187,8
-15.0945,-174.1901,87.858,4.8,38,79.0,2.613,0.51,us,14.4,7.941,0.099,31
6.7376,-73.0446,166.852,4.3,37,93.0,2.269,0.64,us,7.97,10.378,0.051,108
-17.9008,-69.3494,150.639,4.3,20,94.0,0.334,0.71,us,5.27,4.51,0.177,9
-26.8882,-176.4787,56.245,4.4,22,123.0,9.839,0.64,us,14.6,9.962,0.12,20
51.3574,160.716,10.0,4.2,14,167.0,2.098,0.85,us,8.03,1.816,0.175,9
-37.8822,178.718,23.183,4.3,15,207.0,0.457,1.07,us,6.77,7.125,0.142,14
-37.7257,176.3594,189.552,4.3,26,142.0,0.68,1.02,us,6.52,5.091,0.125,18
52.3181,160.0639,35.0,4.4,34,122.0,1.114,0.7,us,5.99,1.873,0.103,27
-14.896,66.8835,10.0,4.5,34,139.0,45.783,0.5,us,16.61,1.925,0.099,30
34.7018,70.6667,10.0,4.9,50,82.0,1.277,0.48,us,9.51,1.86,0.047,143
49.5864,158.9363,10.0,4.4,94,135.0,3.446,0.6,us,9.66,1.884,0.059,84
51.6343,160.144,10.0,4.3,31,154.0,1.666,0.81,us,9.17,1.93,0.104,26
52.0546,160.4213,10.0,4.7,38,122.0,1.453,1.2,us,9.66,1.894,0.07,67
52.7411,160.8139,35.0,4.1,31,151.0,1.341,0.59,us,10.43,1.701,0.097,29
-6.1202,146.4662,114.63,4.6,54,96.0,3.335,0.6,us,8.52,7.709,0.082,44
-10.3009,161.2431,53.02,4.1,26,112.0,1.538,0.49,us,8.56,6.023,0.127,17
52.5424,160.527,10.0,4.1,19,222.0,1.238,0.51,us,16.19,1.983,0.145,13
-57.534,157.4797,10.0,4.2,11,139.0,3.152,1.07,us,11.93,1.858,0.2,7
37.403,75.7878,10.0,4.5,38,160.0,2.767,0.77,us,9.4,1.912,0.115,22
28.0958,103.5573,10.0,4.3,24,162.0,7.838,0.59,us,12.88,1.942,0.137,15
-47.8744,116.028,10.0,4.4,24,128.0,14.958,0.65,us,14.57,1.801,0.123,22
51.215,159.1854,35.933,4.4,21,128.0,1.841,0.71,us,9.69,8.045,0.162,11
-24.2488,-67.2783,179.176,4.4,31,70.0,1.533,1.17,us,8.94,9.026,0.144,14
-0.5341,-80.324,34.003,4.9,72,138.0,0.512,0.73,us,6.58,5.687,0.035,256
52.1464,161.3074,10.0,4.1,36,179.0,1.844,1.1,us,10.68,1.963,0.078,46
-2.9844,130.4213,10.0,4.4,29,50.0,1.612,0.38,us,5.81,1.883,0.12,20
30.5605,141.6086,10.0,4.6,46,119.0,2.97,0.73,us,9.75,1.886,0.098,32
50.3121,158.7994,10.0,4.5,64,134.0,2.717,0.78,us,9.42,1.9,0.074,54
-10.1177,123.3333,75.872,4.0,13,83.0,0.988,0.86,us,9.03,7.386,0.164,10
-24.9262,-176.1399,35.0,4.6,16,216.0,8.962,0.67,us,13.97,1.98,0.151,13
56.1117,163.392,41.521,4.1,20,115.0,4.146,0.47,us,12.44,9.854,0.145,13
50.2005,157.3356,43.805,4.6,55,120.0,2.921,0.91,us,10.13,6.943,0.045,150
-61.0958,-36.1709,10.0,4.4,22,92.0,6.834,0.43,us,9.03,1.809,0.135,16
-8.229,117.9632,10.0,4.4,19,74.0,0.623,0.85,us,5.29,1.921,0.143,14
-5.9694,149.5578,72.673,5.0,121,55.0,2.954,0.7,us,3.64,5.953,0.04,194
52.2502,160.619,35.0,4.3,18,199.0,1.428,0.61,us,11.3,1.996,0.148,13
52.4958,158.946,86.428,4.3,36,149.0,0.558,0.52,us,10.89,6.937,0.099,29
52.7532,160.5753,35.0,4.5,77,134.0,1.198,0.67,us,9.73,1.916,0.052,111
11.2303,-85.6205,184.702,4.5,71,134.0,0.463,0.81,us,7.85,6.014,0.05,118
-57.8131,157.7777,10.0,4.2,19,145.0,3.386,0.59,us,10.01,1.874,0.141,14
44.1785,87.0464,10.0,4.4,21,109.0,3.62,0.59,us,6.5,1.881,0.189,8
50.5498,159.2551,10.0,4.4,43,132.0,2.506,0.56,us,6.12,1.891,0.085,40
-3.7996,118.683,10.0,4.2,25,95.0,1.336,1.01,us,6.89,1.901,0.141,14
-11.0904,165.9177,35.0,4.5,23,152.0,4.508,0.7,us,15.11,1.984,0.131,17
-23.3474,170.7457,10.0,5.0,45,208.0,3.127,0.78,us,11.3,1.92,0.085,44
52.2064,158.6973,10.0,4.4,124,113.0,0.819,0.7,us,4.09,1.84,0.05,116
-24.5576,-179.7019,479.142,4.5,27,167.0,7.095,1.08,us,15.06,13.417,0.095,33
35.7405,88.5284,10.0,4.3,25,121.0,6.406,0.77,us,12.04,1.934,0.133,16
-9.6347,113.7339,52.334,4.6,51,64.0,1.229,0.98,us,7.33,7.256,0.086,40
13.9164,40.0215,10.0,4.3,28,104.0,3.636,0.9,us,10.98,1.939,0.122,19
50.9796,158.9758,26.593,4.2,47,129.0,2.057,0.48,us,10.81,6.21,0.079,44
-30.8782,-178.1211,35.0,4.7,21,239.0,7.293,0.54,us,11.72,1.985,0.11,27
54.5463,-159.9467,28.692,3.8,62,166.0,0.353,0.76,us,5.59,3.722,0.179,8
51.694,-170.6741,18.771,4.5,90,138.0,1.193,1.26,us,5.87,5.06,0.037,211
16.5189,-59.498,10.0,4.6,41,102.0,2.468,0.67,us,7.32,1.902,0.075,53
21.5954,121.8629,10.0,4.4,60,91.0,1.416,0.57,us,7.2,1.904,0.08,53
54.4877,-160.3001,36.392,3.7,34,158.0,0.537,0.74,us,5.4,7.634,0.191,7
54.1281,-159.7374,10.0,3.6,108,166.0,0.71,0.82,us,4.94,1.943,0.151,11
-4.0329,142.9994,79.643,4.6,47,76.0,2.744,0.65,us,6.88,7.707,0.086,41
4.9046,126.1883,89.617,4.4,55,109.0,0.727,0.75,us,7.6,6.736,0.086,39
29.2054,128.9807,10.0,4.9,44,84.0,2.442,0.95,us,7.35,1.864,0.059,89
-57.7406,-25.4492,45.653,4.4,10,109.0,16.803,0.21,us,15.11,5.638,0.169,10
19.2995,-109.1759,10.0,4.1,40,221.0,7.072,0.5,us,13.71,1.996,0.064,67
23.7537,122.5237,10.0,4.8,85,74.0,0.838,0.74,us,1.94,1.842,0.05,123
-3.6493,142.2499,35.0,4.7,39,66.0,1.912,0.75,us,7.23,1.928,0.115,23
36.7989,71.0557,223.427,4.0,20,178.0,1.89,0.69,us,8.67,9.084,0.164,11
-24.8059,-13.5075,10.0,4.6,15,78.0,33.558,0.92,us,14.64,1.898,0.141,15
50.4377,157.4172,35.0,4.1,16,137.0,2.68,0.54,us,8.21,1.942,0.145,13
51.4172,159.6107,28.721,4.2,17,244.0,1.714,0.59,us,14.61,10.261,0.146,14
23.7096,70.4196,10.0,4.6,61,75.0,13.02,0.69,us,7.38,1.854,0.063,74
53.2783,160.9008,35.0,4.3,33,134.0,1.379,0.96,us,10.92,1.919,0.126,19
50.5179,157.9788,29.165,4.3,34,131.0,2.544,0.95,us,10.15,6.188,0.099,29
-23.8061,179.0328,544.666,4.4,45,142.0,6.1,0.64,us,14.88,9.05,0.086,39
8.6313,-103.4518,10.0,4.1,34,215.0,10.07,0.56,us,14.26,1.993,0.099,28
-19.7726,-177.4102,360.864,4.4,51,122.0,4.485,1.01,us,9.49,6.105,0.093,33
49.7442,159.4915,10.0,4.4,24,136.0,3.326,0.36,us,5.26,1.914,0.138,17
-19.4993,-177.0775,338.454,4.3,31,136.0,4.523,0.73,us,15.59,9.475,0.101,33
53.665,160.4312,42.734,5.9,61,86.0,1.247,0.96,us,8.1,7.084,0.083,54
-3.0478,128.2824,10.0,4.4,17,108.0,3.682,0.45,us,7.67,1.956,0.138,15
50.7263,157.0367,72.868,4.2,62,170.0,2.42,0.75,us,13.03,8.877,0.072,54
19.5749,146.5963,35.0,4.3,25,159.0,4.379,0.76,us,11.66,1.949,0.125,18
-60.5345,-26.9609,10.0,4.6,36,84.0,14.683,0.77,us,11.49,1.898,0.091,36
8.655,58.5807,10.0,4.3,25,141.0,19.376,0.65,us,13.31,1.867,0.129,17
7.1702,124.7791,10.0,4.1,9,142.0,0.8,0.82,us,9.78,1.953,0.213,6
-7.7519,128.312,89.733,4.5,29,83.0,3.578,1.0,us,6.48,7.903,0.128,18
12.3767,-87.8466,41.257,4.4,24,183.0,0.867,0.87,us,4.96,15.012,0.077,48
12.3665,145.3511,10.0,4.4,31,97.0,1.303,0.53,us,9.3,1.918,0.115,22
53.1484,161.3976,10.0,4.2,19,195.0,1.662,0.37,us,15.7,1.983,0.2,8
49.1386,157.7232,10.0,4.1,19,139.0,3.934,0.55,us,8.89,1.938,0.158,12
34.6164,70.6351,10.0,4.4,36,144.0,1.242,0.77,us,7.39,1.943,0.118,21
43.3942,-126.9726,10.0,3.7,92,204.0,1.589,0.9,us,8.74,2.003,0.191,7
39.2195,28.0363,10.0,4.7,44,129.0,4.365,0.7,us,10.27,1.925,0.099,31
5.7863,126.1918,102.636,4.9,77,46.0,1.265,1.14,us,6.7,6.638,0.047,140
53.1542,159.433,70.641,4.2,111,157.0,0.49,0.72,us,11.88,7.423,0.054,99
41.0949,43.8586,13.666,4.4,21,89.0,0.176,0.66,us,5.32,3.49,0.13,17
45.9826,150.8201,129.505,4.3,45,125.0,5.653,0.95,us,10.47,8.194,0.087,37
-5.7837,-50.5111,9.8,4.3,18,109.0,0.793,1.17,us,7.82,5.032,0.129,17
48.3865,153.5989,98.514,4.0,20,139.0,5.395,0.98,us,13.08,9.065,0.126,17
51.9131,159.255,35.0,5.7,68,92.0,1.172,0.68,us,7.25,1.843,0.045,177
14.3891,-90.7527,10.0,4.0,13,158.0,0.285,0.66,us,2.35,1.982,0.367,2
51.2541,159.0675,35.037,4.0,29,137.0,1.791,0.65,us,9.71,8.122,0.126,17
53.1002,159.8687,59.138,4.2,38,159.0,0.74,0.87,us,11.26,9.077,0.095,31
1.6188,125.9846,73.706,4.4,21,92.0,1.157,0.68,us,5.81,8.571,0.17,10
52.0231,160.4865,10.0,4.4,21,179.0,1.504,1.02,us,11.51,1.957,0.162,11
37.7868,19.8367,25.471,4.5,128,62.0,1.769,0.69,us,5.38,5.365,0.067,65
50.9242,159.1394,21.179,4.3,61,65.0,2.124,0.78,us,8.85,4.733,0.075,51
51.6576,160.11,35.0,4.3,34,127.0,1.635,0.77,us,5.7,1.887,0.105,26
52.7932,160.9504,13.417,4.4,28,119.0,1.412,1.04,us,10.56,5.105,0.11,24
-17.4809,-178.7358,544.84,4.2,29,78.0,2.069,0.57,us,17.07,11.143,0.121,23
-6.7174,102.0604,10.0,4.2,31,77.0,2.505,0.54,us,6.5,1.901,0.121,19
45.8546,151.4427,35.0,4.6,26,154.0,6.511,1.07,us,11.97,1.968,0.107,26
48.939,156.5067,10.0,4.3,28,136.0,4.242,0.4,us,8.39,1.605,0.123,19
-17.6985,-175.1059,226.129,4.2,20,88.0,4.943,0.4,us,10.29,13.794,0.128,17
51.5715,-168.3461,10.0,3.5,39,187.0,1.437,0.8,us,5.94,1.979,0.097,26
51.5331,159.9652,10.0,4.5,27,127.0,1.697,0.91,us,10.25,1.925,0.109,25
51.0073,159.7714,10.0,4.2,26,129.0,2.135,0.73,us,8.95,1.917,0.125,18
38.9256,142.0099,65.723,4.2,29,136.0,1.999,0.59,us,9.46,7.89,0.136,15
51.8995,178.0364,116.414,4.4,55,98.0,0.298,0.53,us,8.17,4.21,0.052,107
-5.2351,151.4657,142.336,4.2,28,146.0,1.249,0.94,us,11.52,7.917,0.11,23
-28.925,-71.4305,37.147,4.3,28,159.0,0.645,0.93,us,4.0,9.454,0.201,7
52.3619,159.9747,82.347,4.5,49,134.0,1.044,0.7,us,11.28,5.013,0.078,48
51.5983,178.3582,90.978,4.0,30,184.0,0.382,0.71,us,6.63,4.459,0.15,12
-29.6809,-177.2747,35.0,4.7,18,125.0,18.146,0.67,us,10.54,1.941,0.117,22
52.1847,160.2739,33.969,4.9,121,123.0,1.299,0.59,us,8.59,5.411,0.052,117
-60.3141,-61.7339,10.0,4.3,18,131.0,4.603,0.59,us,13.74,1.926,0.154,16
51.5046,160.7771,10.0,4.2,16,138.0,2.006,0.66,us,13.65,1.94,0.167,10
17.8382,-103.0383,19.667,4.3,49,116.0,1.729,1.06,us,9.62,5.771,0.063,71
18.7506,-107.6322,10.0,4.0,32,178.0,3.093,0.55,us,6.54,1.92,0.068,58
-18.2947,-64.8709,10.0,4.2,14,84.0,0.805,1.01,us,6.12,1.912,0.132,16
52.9026,161.18,23.261,4.9,164,55.0,1.535,0.7,us,8.31,4.853,0.032,307
-29.2558,-112.2399,10.0,5.2,171,114.0,3.328,0.63,us,12.21,1.888,0.034,281
-26.6063,-114.6182,10.0,4.6,20,176.0,38.883,0.52,us,12.3,1.88,0.132,17
51.3603,179.6205,72.561,3.8,81,197.0,0.201,0.46,us,6.79,9.742,0.074,47
39.5055,143.6563,10.0,4.4,32,140.0,2.364,0.68,us,6.97,1.934,0.118,21
49.6295,156.7144,38.78,5.0,187,54.0,3.538,0.51,us,8.15,6.31,0.029,365
51.276,159.0858,35.0,4.0,15,249.0,1.771,0.78,us,13.81,2.007,0.183,8
-22.8127,173.0743,10.0,4.4,13,137.0,5.2,1.12,us,7.51,1.907,0.162,11
13.8169,39.7946,10.0,4.3,27,72.0,3.746,0.57,us,9.34,1.907,0.125,18
-32.6071,-177.5916,10.0,5.2,89,50.0,5.978,0.65,us,10.72,1.781,0.071,65
41.8075,82.0929,10.0,4.7,61,98.0,2.453,0.66,us,8.18,1.891,0.086,41
52.1658,160.4818,10.0,5.0,62,118.0,1.409,1.38,us,9.05,1.88,0.052,119
50.4323,160.0336,10.0,4.4,38,134.0,2.734,0.53,us,10.87,1.925,0.099,29
0.383,125.4483,64.101,4.7,93,49.0,1.217,1.02,us,6.25,6.768,0.052,114
52.338,160.0971,35.0,5.3,104,110.0,1.117,0.81,us,8.84,1.916,0.06,93
50.0304,159.3884,10.0,4.5,91,135.0,3.032,0.48,us,9.97,1.906,0.06,83
50.8267,160.273,10.0,4.5,141,133.0,2.418,0.68,us,8.29,1.894,0.035,235
-36.5407,-110.0689,10.0,4.5,59,156.0,29.797,0.48,us,15.16,1.898,0.071,58
31.6052,132.103,44.002,4.5,47,88.0,1.412,0.99,us,6.48,6.712,0.099,30
-47.8478,115.9885,10.0,4.9,38,75.0,14.933,0.55,us,6.18,1.858,0.096,34
29.4287,129.3406,10.0,4.4,31,110.0,2.285,0.58,us,6.22,1.874,0.114,26
52.5234,160.7272,10.0,4.7,31,121.0,1.358,0.91,us,6.22,1.919,0.101,30
-11.8144,166.2909,82.143,4.2,13,147.0,3.718,0.18,us,8.01,8.967,0.215,6
30.1377,51.6974,10.0,4.2,25,155.0,6.538,0.71,us,10.3,1.967,0.147,13
53.4962,160.2949,10.0,4.6,30,113.0,1.096,1.04,us,8.81,1.89,0.125,19
30.4303,138.6854,421.474,4.5,97,123.0,2.844,0.74,us,11.43,8.1,0.033,265
49.746,155.8336,57.438,5.0,93,66.0,3.563,0.81,us,10.59,5.753,0.027,429
52.1633,160.5071,34.831,4.4,70,162.0,1.423,0.62,us,10.9,6.603,0.052,108
9.6436,126.3902,35.0,5.0,165,74.0,2.68,0.65,us,9.95,1.821,0.047,145
12.4011,-55.7232,10.0,4.5,35,129.0,3.814,0.99,us,12.29,1.938,0.115,22
-55.1456,-26.382,10.0,4.6,31,177.0,5.921,0.73,us,13.96,1.906,0.109,25
49.7936,155.8633,69.691,4.6,55,135.0,3.512,0.33,us,12.34,7.44,0.05,122
51.9306,-167.2686,10.0,3.5,28,227.0,1.425,0.84,us,6.59,2.009,0.221,5
-57.6969,157.4795,33.873,5.1,69,41.0,3.309,0.54,us,4.74,3.912,0.102,31
-8.0333,115.4914,224.615,4.4,34,73.0,1.395,0.67,us,8.8,6.856,0.105,26
1.5682,122.9767,10.0,4.6,43,55.0,1.867,1.18,us,5.27,1.864,0.092,35
37.8111,72.1989,187.016,4.2,33,168.0,0.549,1.39,us,4.99,6.05,0.176,11
51.7431,160.2115,10.0,4.4,15,126.0,2.058,1.31,us,11.5,1.93,0.162,11
-21.5965,-68.5632,134.03,4.1,20,84.0,0.662,0.36,us,6.28,5.908,0.184,8
-5.8149,112.2394,10.0,4.3,18,100.0,2.168,0.9,us,7.88,1.912,0.16,11
7.4181,127.2014,12.696,4.2,27,132.0,1.646,0.69,us,11.3,4.935,0.11,23
-0.8783,-78.1101,4.899,4.2,18,87.0,0.289,0.71,us,1.58,6.31,0.198,7
54.5256,-160.1121,40.786,4.2,102,169.0,0.431,0.92,us,5.69,10.329,0.176,9
-23.5326,-179.6245,554.242,4.4,36,132.0,6.155,0.62,us,14.54,8.084,0.095,32
51.3848,159.8739,10.0,4.7,18,183.0,1.806,1.0,us,10.59,1.958,0.158,12
-16.7684,66.846,10.0,4.6,16,133.0,55.898,0.59,us,12.78,1.909,0.182,10
-33.6622,-178.7327,10.0,4.7,31,76.0,4.457,0.55,us,10.93,1.868,0.106,27
-5.7642,68.3192,10.0,4.4,21,65.0,4.42,0.51,us,10.57,1.789,0.138,15
51.6723,160.6441,10.0,4.4,25,128.0,1.824,0.92,us,9.7,1.93,0.134,16
51.7957,160.9284,10.0,4.2,35,218.0,1.86,1.2,us,10.06,1.975,0.105,25
-32.7193,-178.7437,35.0,4.4,14,218.0,5.402,0.62,us,8.46,1.991,0.169,10
52.7596,160.6849,10.0,4.1,38,148.0,1.261,0.77,us,9.36,1.938,0.109,24
50.9895,159.1153,10.0,4.6,32,135.0,2.295,0.64,us,10.55,1.919,0.113,23
48.9582,156.4981,10.0,4.4,29,139.0,4.224,1.1,us,9.29,1.524,0.114,22
9.3113,93.9417,10.0,4.3,25,190.0,5.637,0.46,us,14.74,1.958,0.125,18
7.4914,127.2912,10.0,4.9,65,56.0,1.749,0.69,us,4.86,1.866,0.078,52
36.7861,25.7763,10.0,4.0,30,97.0,1.669,0.64,us,5.05,1.91,0.13,16
-10.5681,119.2705,16.04,5.1,124,74.0,1.35,0.69,us,4.24,3.132,0.055,112
-20.7635,-177.935,466.672,4.4,58,132.0,4.835,0.68,us,14.82,8.26,0.071,57
1.6383,99.5231,167.031,4.2,24,122.0,1.207,0.58,us,9.58,7.856,0.132,16
52.2012,160.3465,10.0,4.3,24,138.0,1.851,0.58,us,7.96,1.81,0.119,20
-16.3458,-74.3318,37.824,4.0,10,143.0,4.309,0.61,us,15.27,8.126,0.211,6
-38.9301,-75.175,10.0,4.5,13,154.0,1.654,0.42,us,6.19,1.918,0.27,4
18.3696,145.55,196.182,4.0,29,123.0,3.12,0.82,us,12.32,7.853,0.113,21
51.5289,159.7602,10.0,5.3,85,120.0,1.645,1.11,us,7.22,1.869,0.037,248
52.1684,179.5168,171.368,4.3,68,58.0,0.171,0.67,us,8.07,5.104,0.056,89
-27.3008,-69.956,97.164,4.2,19,138.0,0.359,0.86,us,3.49,6.199,0.306,3
2.951,-31.4191,10.0,4.6,29,116.0,9.801,0.39,us,8.65,1.756,0.111,24
-10.1947,161.1338,51.588,4.4,26,170.0,1.39,1.09,us,5.12,6.995,0.13,17
13.8938,39.803,10.0,4.3,28,97.0,3.786,0.79,us,6.44,1.945,0.125,18
-57.5946,157.9058,38.39,4.5,25,100.0,3.158,0.85,us,11.18,8.813,0.128,18
51.7281,159.4201,58.703,4.4,32,126.0,1.381,0.87,us,9.95,8.064,0.11,24
0.1486,121.9721,199.306,4.7,50,60.0,2.855,0.62,us,9.3,7.86,0.075,54
-6.2303,151.7778,10.0,4.9,37,154.0,1.927,0.68,us,8.74,1.897,0.101,31
-14.4657,-73.0216,99.819,4.1,16,128.0,4.462,1.24,us,8.34,17.507,0.157,11
25.124,91.7482,10.0,4.2,22,103.0,8.157,0.67,us,15.08,1.915,0.128,17
6.3533,94.2208,59.396,4.6,24,128.0,2.933,0.85,us,10.07,8.786,0.157,12
49.8427,158.0847,28.054,4.3,22,229.0,3.205,0.42,us,15.8,5.529,0.147,13
-7.619,128.3248,112.911,4.2,13,104.0,4.538,0.91,us,8.7,11.228,0.235,5
16.4189,-62.0859,172.223,4.3,50,75.0,0.53,0.49,us,6.37,5.49,0.084,42
52.7716,160.2672,35.0,4.7,63,132.0,1.012,0.84,us,9.46,1.92,0.04,193
39.4388,143.2757,43.286,4.5,39,135.0,2.167,0.32,us,5.75,7.664,0.104,27
50.9503,159.085,28.932,4.0,34,135.0,2.094,0.53,us,8.19,5.832,0.116,20
51.453,159.6794,10.0,4.4,25,127.0,1.695,0.91,us,9.04,1.908,0.139,15
-18.0373,-178.4419,584.462,4.3,46,130.0,2.603,0.43,us,16.21,9.42,0.081,43
-3.1423,127.5118,35.484,4.7,36,54.0,2.753,1.08,us,8.22,8.615,0.108,26
36.8209,45.0167,10.0,4.0,23,72.0,0.224,0.68,us,7.19,1.966,0.13,16
-24.2946,-67.2128,170.193,4.2,41,55.0,1.604,0.73,us,4.46,8.822,0.147,13
7.4751,127.2201,10.0,4.3,29,68.0,1.677,1.02,us,8.35,1.902,0.119,20
27.037,111.492,10.0,4.6,24,192.0,3.674,0.65,us,7.83,1.964,0.158,13
49.8424,155.9951,74.82,4.5,81,132.0,3.439,0.59,us,6.08,6.8,0.052,110
-44.3879,-81.819,10.0,4.7,33,142.0,7.007,0.98,us,12.77,1.916,0.095,34
52.308,160.8673,10.0,4.3,24,161.0,1.529,0.93,us,10.44,1.944,0.147,14
52.0628,160.4337,35.0,4.3,29,167.0,1.97,1.12,us,5.79,1.971,0.094,32
30.0057,142.5793,10.0,4.4,38,157.0,2.92,0.96,us,9.82,1.919,0.101,28
-17.3113,-179.4572,566.458,4.1,23,88.0,1.396,0.58,us,12.13,7.864,0.131,16
-0.2104,130.6163,10.0,4.9,48,47.0,0.913,0.95,us,6.35,1.887,0.074,57
-60.2607,-62.2314,10.0,4.3,16,139.0,4.608,0.59,us,10.13,1.861,0.148,13
13.8667,39.798,10.0,4.3,27,110.0,3.773,0.71,us,9.91,1.927,0.133,16
13.7233,40.5146,10.0,4.4,27,111.0,3.847,1.0,us,7.47,1.933,0.096,31
-4.4978,154.2852,10.0,4.7,47,94.0,2.137,0.81,us,9.51,1.876,0.09,37
14.9056,-93.3302,75.536,4.5,33,182.0,1.151,0.84,us,7.81,11.99,0.05,118
52.3909,160.496,10.0,4.1,30,151.0,1.29,0.95,us,7.99,1.894,0.123,18
-15.2859,-174.9259,243.231,4.6,118,49.0,3.337,0.78,us,10.47,7.113,0.049,126
51.2059,158.6169,41.411,4.2,37,128.0,1.82,0.87,us,11.1,8.594,0.096,30
51.6296,159.8964,35.211,4.2,20,152.0,1.592,0.73,us,10.52,8.099,0.166,13
51.3451,159.7239,33.793,4.2,20,152.0,1.806,0.69,us,9.57,8.124,0.167,10
19.7893,121.3766,40.045,4.7,94,104.0,3.026,0.86,us,8.62,5.538,0.064,74
51.4051,158.6277,35.0,4.4,31,134.0,1.621,0.46,us,10.36,1.878,0.112,23
57.3297,-32.9584,10.0,4.5,25,112.0,9.321,0.58,us,12.6,1.922,0.121,20
-7.1081,129.8647,150.626,4.6,45,93.0,2.569,0.72,us,9.31,8.425,0.093,34
-56.7908,-140.7658,10.0,4.2,13,180.0,27.496,1.06,us,17.33,1.831,0.152,12
73.2204,6.5925,10.0,4.5,68,64.0,5.867,0.67,us,4.08,1.856,0.082,43
51.5596,159.7074,29.499,4.6,68,165.0,1.604,0.86,us,10.5,6.616,0.078,49
50.3319,159.625,10.0,4.4,44,134.0,2.763,0.58,us,9.8,1.913,0.073,54
49.0208,155.2144,60.603,4.4,46,135.0,4.382,0.66,us,11.51,7.675,0.087,38
30.5618,130.9918,45.075,4.7,71,138.0,1.052,0.69,us,10.93,5.62,0.057,95
52.9011,161.111,10.0,4.8,58,119.0,1.494,0.65,us,9.84,1.88,0.034,273
52.1538,160.0609,57.838,5.1,82,135.0,1.225,0.93,us,10.34,6.834,0.038,231
50.384,159.2589,10.0,4.4,24,137.0,2.67,0.68,us,11.34,1.912,0.126,18
-45.9818,95.6026,10.0,4.4,21,110.0,33.553,0.61,us,8.09,1.909,0.124,19
30.0948,-135.9731,10.0,4.3,199,57.0,13.167,0.93,us,11.21,1.833,0.033,263
14.8483,119.8742,42.577,4.8,52,88.0,8.438,0.84,us,9.64,7.73,0.068,67
36.9062,72.866,10.0,4.3,31,251.0,1.436,0.55,us,8.74,1.98,0.111,23
53.472,161.7921,28.181,4.3,60,152.0,1.941,0.9,us,8.65,4.646,0.071,56
-18.0293,-178.3832,606.532,4.3,57,81.0,2.644,0.72,us,12.54,8.65,0.056,89
-29.1431,-68.8739,22.369,4.1,18,74.0,1.349,1.0,us,5.81,6.278,0.302,3
31.098,-64.7443,10.0,4.0,31,177.0,1.27,0.88,us,8.06,2.005,0.139,14
5.5716,61.3128,10.0,4.4,27,139.0,23.462,0.78,us,15.29,1.944,0.123,19
36.0774,142.5814,10.0,4.6,65,127.0,1.999,0.69,us,6.98,1.83,0.061,81
12.6319,92.7492,35.0,4.8,46,64.0,6.44,1.07,us,12.1,1.911,0.087,41
-31.5296,-178.1655,35.0,4.3,12,174.0,2.27,1.12,us,11.94,1.982,0.177,9
53.3407,-164.0401,35.0,4.7,80,163.0,1.179,0.81,us,3.78,1.911,0.069,64
13.8317,120.7292,200.512,4.4,40,85.0,8.944,0.69,us,12.52,10.672,0.105,26
-33.1025,-178.8044,35.0,5.0,53,82.0,5.037,0.67,us,11.44,1.873,0.086,46
-36.8923,177.6072,104.209,4.3,12,112.0,0.871,1.16,us,13.63,9.816,0.218,6
52.3341,160.7572,10.0,5.2,61,78.0,1.457,0.73,us,10.46,1.882,0.068,72
50.3502,156.6494,76.896,4.3,39,130.0,2.838,0.83,us,11.7,8.082,0.08,44
-9.8236,109.6451,35.0,4.5,36,90.0,2.867,1.26,us,7.1,1.928,0.103,28
5.1744,123.7663,10.0,4.4,24,68.0,1.762,0.81,us,6.63,1.893,0.138,15
6.9645,126.8824,65.492,4.7,77,107.0,1.297,0.86,us,7.96,7.155,0.051,117
23.4513,121.4769,30.693,4.1,30,93.0,0.175,1.22,us,3.65,1.792,0.185,9
-23.9343,-66.7161,195.058,4.5,31,58.0,1.662,0.92,us,4.69,8.338,0.121,20
6.9235,-73.1814,151.558,4.1,54,156.0,2.356,0.6,us,12.72,15.614,0.077,46
-1.3244,101.6844,223.538,4.2,41,145.0,3.272,0.62,us,8.28,8.532,0.089,35
-5.5947,104.3749,10.0,4.6,45,113.0,0.811,1.17,us,5.73,1.863,0.092,35
-5.0344,101.7423,10.0,4.4,26,83.0,1.382,0.65,us,4.54,1.909,0.138,15
53.1325,160.4716,35.0,4.0,14,144.0,1.104,0.46,us,10.71,1.986,0.182,8
-20.6634,-177.6645,548.856,4.2,22,164.0,4.98,0.48,us,21.52,16.966,0.131,16
52.0258,-171.3369,35.0,3.6,68,190.0,1.156,0.72,us,6.93,1.993,0.064,62
2.0049,126.9327,29.138,4.6,50,89.0,1.299,0.85,us,3.13,5.421,0.084,42
27.0552,86.7342,10.0,4.1,16,197.0,4.684,0.31,us,11.49,1.916,0.15,14
-7.9182,-76.2972,123.598,4.3,37,135.0,4.079,0.49,us,14.01,8.057,0.097,32
15.6726,122.2526,21.521,4.6,38,158.0,7.193,0.64,us,12.34,5.681,0.111,24
-19.6435,169.0822,127.736,5.0,47,123.0,3.326,0.61,us,10.62,7.49,0.042,179
-8.5317,120.5652,165.216,4.6,47,63.0,1.16,1.13,us,6.13,6.421,0.088,39
3.0125,-31.2702,10.0,4.7,54,153.0,9.924,0.52,us,14.35,1.922,0.078,50
5.74,126.9419,103.651,4.7,60,63.0,1.767,0.55,us,6.05,5.935,0.071,61
50.7604,159.9497,10.0,4.2,59,133.0,2.405,0.6,us,9.2,1.902,0.076,48
52.3675,161.2903,10.0,4.1,17,123.0,1.736,1.15,us,5.9,1.879,0.14,14
50.0007,159.4509,10.0,5.1,132,36.0,3.068,0.55,us,9.17,1.815,0.027,458
-4.9005,150.9605,251.285,4.7,89,53.0,1.391,0.7,us,8.29,6.478,0.034,257
38.262,73.0607,104.769,4.3,33,183.0,0.456,0.61,us,3.67,6.16,0.142,14
51.4931,158.2431,32.584,4.6,30,126.0,1.553,0.33,us,7.97,6.116,0.103,28
39.5831,39.7579,10.0,4.4,45,60.0,0.716,0.49,us,2.91,1.909,0.17,11
-55.3555,-27.9244,10.0,4.4,19,98.0,5.067,0.62,us,13.34,1.937,0.127,18
-15.3877,67.0483,10.0,4.5,35,171.0,9.531,0.61,us,12.4,1.946,0.106,26
12.8502,125.6189,10.0,4.4,38,94.0,5.744,0.62,us,10.57,1.894,0.1,29
53.015,161.1316,10.0,4.1,27,183.0,1.499,0.62,us,11.86,1.962,0.107,24
52.4915,160.9813,10.0,4.3,17,205.0,1.514,1.01,us,11.44,2.004,0.168,11
9.5346,-40.5662,10.0,4.4,24,76.0,12.758,0.48,us,10.71,1.569,0.124,19
48.1823,153.9256,85.834,4.2,37,135.0,5.484,0.81,us,12.36,8.306,0.096,31
51.3831,159.6595,10.0,4.9,60,128.0,1.756,0.8,us,7.84,1.818,0.057,98
52.0488,160.2824,35.0,5.2,113,117.0,1.395,0.97,us,8.51,1.902,0.037,239
11.1719,138.5544,10.0,5.0,48,49.0,5.539,0.72,us,4.27,1.868,0.062,84
-9.8761,151.6696,10.0,4.7,28,55.0,4.472,1.03,us,9.1,1.89,0.097,32
72.0647,0.9333,10.0,4.3,53,97.0,7.278,0.49,us,9.26,1.922,0.084,40
52.4983,160.6494,10.0,4.4,83,121.0,1.324,0.66,us,4.76,1.863,0.058,85
30.4571,50.029,10.0,4.1,52,88.0,5.761,0.63,us,6.11,1.907,0.088,37
37.2845,71.166,104.277,4.4,39,91.0,1.465,1.03,us,6.7,7.633,0.077,49
-17.2084,-174.6589,206.544,4.5,25,117.0,4.295,0.85,us,14.94,13.13,0.111,26
52.9041,-175.0997,227.621,4.0,37,67.0,0.743,0.63,us,11.5,7.533,0.077,45
37.0156,140.6629,63.551,4.3,19,156.0,2.026,1.06,us,9.0,9.196,0.201,8
-13.0928,168.5147,592.201,4.0,10,136.0,2.663,0.45,us,18.07,10.542,0.212,6
52.7357,160.7206,35.0,4.3,20,148.0,1.288,0.8,us,5.54,1.952,0.178,9
51.7476,160.2983,10.0,4.5,33,126.0,1.629,1.02,us,5.37,1.898,0.104,27
48.8544,156.0836,10.0,4.9,69,134.0,4.38,0.87,us,11.62,1.893,0.046,150
52.4811,160.8098,10.0,4.3,27,206.0,1.421,1.28,us,12.14,1.998,0.122,19
56.1704,163.5397,10.0,4.4,64,127.0,4.574,0.86,us,10.83,1.887,0.068,63
49.3543,157.6676,10.0,4.4,28,136.0,3.726,0.47,us,11.81,1.922,0.13,17
42.0569,142.3812,66.098,4.1,53,94.0,0.579,0.87,us,6.39,7.155,0.089,35
-11.4449,166.0531,35.0,4.4,20,144.0,4.132,0.98,us,13.66,1.94,0.138,15
9.3075,93.7511,10.0,4.2,27,179.0,5.823,0.57,us,13.83,1.943,0.128,18
37.2237,53.1893,10.0,4.1,23,177.0,3.977,0.86,us,5.73,1.985,0.197,7
50.0259,156.9525,35.0,4.5,59,127.0,3.122,0.56,us,10.2,1.926,0.08,46
29.8542,138.7888,420.468,4.1,50,81.0,3.367,0.54,us,9.48,8.079,0.056,87
36.7152,27.0117,146.758,4.2,31,96.0,1.025,0.67,us,6.41,5.848,0.118,20
-6.8923,125.3166,539.225,4.4,27,104.0,3.028,0.78,us,14.16,11.178,0.12,20
-15.8161,-72.4661,98.716,4.8,63,121.0,3.253,0.8,us,9.12,7.248,0.062,80
52.2507,160.6214,10.0,5.1,106,132.0,1.976,0.69,us,8.61,1.877,0.037,239
14.2977,-93.9318,10.0,4.1,32,156.0,2.315,0.78,us,3.85,1.946,0.135,16
50.6942,157.0754,81.328,4.2,22,161.0,2.448,0.59,us,13.64,9.49,0.132,16
2.0682,96.6309,26.827,4.5,43,181.0,1.211,0.54,us,7.44,6.437,0.09,36
49.7264,155.8592,65.055,4.6,51,132.0,3.577,0.71,us,11.78,8.734,0.089,38
51.912,159.6371,61.6,4.4,61,138.0,1.266,0.58,us,8.68,5.192,0.077,49
9.8894,-70.9702,10.0,4.5,29,171.0,1.053,0.87,us,10.89,1.935,0.118,21
52.199,160.5367,10.0,4.4,23,143.0,1.416,1.15,us,10.02,1.928,0.123,19
-17.1353,-178.6975,532.874,4.2,38,174.0,1.963,1.29,us,16.68,9.994,0.1,28
-26.2598,-175.913,10.0,4.9,22,138.0,9.034,0.4,us,13.26,1.904,0.122,21
51.4997,159.9862,10.0,4.2,27,128.0,1.733,0.96,us,6.17,1.912,0.132,21
13.8751,120.649,129.637,4.3,34,128.0,8.904,0.86,us,10.39,8.691,0.104,26
13.082,145.7357,10.0,4.6,31,85.0,0.983,0.8,us,5.34,1.906,0.116,22
-3.8624,141.1875,106.651,4.5,24,59.0,1.423,0.94,us,7.96,7.98,0.132,17
19.5291,144.8328,10.0,4.4,15,136.0,4.361,0.94,us,9.74,1.886,0.162,11
-6.5808,129.754,143.866,4.4,12,113.0,2.05,0.49,us,12.56,9.408,0.179,9
-8.0385,107.9432,45.43,4.4,17,95.0,0.642,0.85,us,7.08,5.34,0.178,10
-9.042,124.0259,100.185,4.4,24,97.0,0.748,0.87,us,6.68,2.754,0.126,18
-60.7301,-50.4998,10.0,4.4,30,62.0,7.418,1.16,us,6.37,1.854,0.11,24
5.9556,94.9697,10.0,4.7,36,84.0,5.291,0.9,us,8.86,1.887,0.114,23
-17.3978,-70.5794,10.0,4.5,29,135.0,0.994,0.87,us,5.25,1.875,0.121,20
-29.7175,-71.2545,50.446,4.8,50,123.0,0.201,0.7,us,3.34,5.935,0.032,296
1.0972,125.5495,73.06,4.9,104,23.0,0.789,1.22,us,6.08,3.746,0.048,186
-47.9602,116.4118,10.0,4.5,21,124.0,15.029,0.29,us,15.23,1.928,0.124,19
-48.9779,121.8177,10.0,4.1,15,110.0,22.659,0.54,us,12.54,1.928,0.139,14
-1.9946,138.9596,28.217,4.5,48,80.0,0.972,0.92,us,6.06,5.284,0.087,39
51.8691,161.475,10.0,4.1,31,225.0,2.08,0.49,us,10.08,1.83,0.12,19
52.4138,160.1102,51.517,4.2,25,166.0,1.623,0.63,us,13.34,9.04,0.132,17
51.1038,159.5442,10.0,4.2,19,175.0,2.0,0.58,us,8.18,1.969,0.159,11
50.6926,157.4307,52.793,4.9,172,117.0,2.423,0.53,us,8.56,3.79,0.044,164
7.3417,126.9152,40.139,4.5,52,71.0,1.353,0.77,us,7.88,6.37,0.084,41
50.93,157.9778,42.627,4.2,28,129.0,2.137,0.59,us,8.28,7.508,0.121,19
53.2613,-168.8849,106.171,4.0,48,103.0,0.29,0.43,us,7.98,6.187,0.092,32
52.1613,160.6383,10.0,4.2,31,124.0,1.489,0.92,us,7.2,1.828,0.118,20
-22.5647,170.5517,10.0,4.9,45,108.0,2.87,0.56,us,9.99,1.9,0.092,37
-11.4393,165.5204,10.0,5.0,31,137.0,4.307,0.79,us,10.23,1.909,0.107,28
43.6191,147.136,40.859,5.0,128,85.0,3.323,1.04,us,8.45,5.418,0.023,605
54.4392,-160.3767,38.202,4.0,48,155.0,0.603,0.91,us,6.58,8.526,0.125,17
-13.1848,167.1172,239.261,4.4,38,157.0,7.809,0.5,us,11.17,6.171,0.087,38
-4.7483,69.0774,10.0,4.5,25,61.0,4.274,1.03,us,10.01,1.512,0.121,20
-59.1535,-26.1201,35.0,4.5,16,177.0,15.687,0.78,us,9.01,1.992,0.14,16
51.4789,159.4455,10.0,4.7,41,122.0,1.622,0.59,us,9.01,1.899,0.096,39
52.3592,160.4874,35.0,4.3,18,135.0,1.301,1.12,us,11.56,1.906,0.178,9
3.9206,126.0371,98.428,4.5,31,64.0,0.98,0.65,us,5.16,7.81,0.124,20
41.2835,142.4972,48.346,4.3,24,207.0,0.882,0.96,us,8.06,10.636,0.133,16
-18.1153,169.1022,236.735,4.1,18,169.0,3.217,0.53,us,10.22,7.095,0.166,10
53.0705,161.261,10.0,4.9,96,113.0,1.577,0.78,us,7.83,1.863,0.027,446
12.9247,40.2398,10.0,4.2,33,154.0,2.9,0.72,us,9.69,1.943,0.11,23
12.8638,48.7384,10.0,4.4,10,181.0,4.553,0.31,us,16.49,1.979,0.202,7
-7.4607,127.884,175.024,4.5,19,92.0,4.241,0.81,us,11.95,9.104,0.139,15
5.7796,126.2159,151.062,4.4,36,113.0,1.273,0.78,us,10.03,7.49,0.091,35
38.7751,70.4663,10.0,4.2,45,72.0,1.03,0.76,us,3.63,1.729,0.102,29
40.8201,143.3748,35.0,4.3,26,135.0,1.205,0.44,us,6.17,1.937,0.133,16
19.3811,145.2434,185.986,4.1,17,150.0,4.15,0.65,us,15.32,10.758,0.139,14
37.6449,144.2525,10.0,4.5,50,136.0,3.998,0.52,us,11.35,1.922,0.092,35
-22.3336,-179.5994,575.055,4.4,43,107.0,5.07,0.57,us,13.51,9.238,0.095,32
-6.6449,129.9538,138.814,4.0,12,85.0,4.351,0.7,us,11.03,11.644,0.231,5
50.196,158.6701,10.0,4.5,59,126.0,2.831,0.54,us,6.19,1.809,0.08,46
42.8074,-2.8772,10.0,4.0,25,155.0,3.052,0.43,us,8.32,1.97,0.231,5
51.6418,159.8988,10.0,4.4,26,138.0,1.582,1.22,us,10.21,1.936,0.127,18
54.394,-158.7009,10.0,4.3,56,183.0,0.677,0.51,us,2.07,1.906,0.142,14
51.2104,159.6003,10.0,4.6,32,155.0,1.908,0.99,us,7.65,1.938,0.114,26
44.1832,-129.2613,10.0,4.2,60,205.0,1.828,0.6,us,9.55,1.969,0.086,38
7.1416,127.2749,12.944,4.8,50,50.0,1.684,1.03,us,5.29,4.114,0.088,45
49.6174,155.5281,50.359,4.6,95,170.0,3.751,1.21,us,10.88,8.32,0.051,117
50.8744,158.6797,10.0,4.2,39,130.0,2.152,0.63,us,6.95,1.886,0.09,34
51.4529,159.5911,35.0,4.7,100,81.0,1.676,0.51,us,8.69,1.903,0.055,100
53.42,161.6344,10.0,4.5,51,112.0,1.838,0.92,us,8.83,1.88,0.093,34
-7.6841,127.8293,116.185,4.6,41,83.0,3.758,0.65,us,6.99,7.674,0.086,41
-58.7537,-25.1169,35.0,4.8,56,69.0,15.81,0.49,us,8.77,1.882,0.075,55
12.3753,-87.9581,47.201,4.3,40,196.0,0.969,1.02,us,12.62,9.281,0.094,32
9.4361,94.1008,10.0,4.3,22,177.0,5.497,0.63,us,12.43,1.814,0.138,15
-14.3947,167.2219,185.544,4.7,48,98.0,1.046,0.77,us,10.68,7.668,0.087,40
51.6833,159.3075,35.0,5.3,143,114.0,1.402,0.79,us,7.75,1.894,0.03,375
40.5063,143.5264,35.0,4.1,22,135.0,1.533,1.07,us,6.07,1.952,0.151,12
35.7267,76.9374,10.0,4.5,64,96.0,4.399,0.49,us,9.04,1.905,0.078,49
49.7957,155.8892,88.043,4.4,82,97.0,3.505,0.5,us,10.42,7.231,0.066,69
27.1196,140.2645,440.762,4.3,52,97.0,1.711,0.78,us,12.24,7.105,0.051,108
-5.2813,68.5664,10.0,4.6,28,85.0,4.404,0.92,us,11.42,1.895,0.132,17
-20.5563,-68.8995,94.341,4.4,29,58.0,0.477,0.88,us,5.4,5.379,0.123,19
50.0134,156.7199,35.0,4.7,88,125.0,3.159,0.95,us,8.75,1.907,0.042,170
22.7856,141.806,255.551,4.2,106,108.0,4.305,0.58,us,12.44,8.113,0.052,102
52.0109,-171.3717,35.0,3.8,27,175.0,1.182,0.74,us,6.75,1.987,0.169,10
52.2331,160.285,35.0,4.4,38,134.0,1.273,0.94,us,8.05,1.948,0.103,27
50.2169,156.6535,56.351,4.0,22,137.0,2.968,1.05,us,4.6,8.589,0.139,14
35.2301,22.4982,47.819,4.5,87,74.0,1.958,0.63,us,7.09,7.175,0.06,81
-10.466,161.2937,72.158,4.7,109,99.0,1.674,0.63,us,10.72,6.742,0.053,113
-1.8556,139.2105,10.531,4.2,17,85.0,1.255,0.65,us,7.33,5.393,0.16,11
-55.6133,-26.8773,10.0,5.0,38,67.0,5.697,0.66,us,11.36,1.895,0.098,33
51.9929,160.593,10.0,5.4,137,125.0,1.573,0.87,us,7.89,1.871,0.053,122
-8.3468,119.7327,174.306,4.8,31,60.0,1.427,0.61,us,6.11,7.53,0.116,23
41.4754,83.8183,10.0,4.4,32,111.0,3.704,1.01,us,6.25,1.912,0.139,15
-21.8724,179.7395,599.507,4.5,52,58.0,4.402,0.75,us,13.81,10.234,0.082,44
39.6033,143.1196,29.008,4.3,29,143.0,1.97,0.37,us,8.66,6.898,0.133,17
38.8671,70.5452,10.0,4.2,27,150.0,1.104,1.02,us,4.62,1.925,0.159,11
54.5574,-160.0239,35.0,4.0,54,193.0,0.373,0.93,us,3.25,1.93,0.298,5
-2.9387,129.4774,19.328,5.1,64,38.0,2.724,0.71,us,7.67,4.528,0.059,95
52.8627,159.4762,58.953,4.0,24,119.0,0.525,0.63,us,11.04,7.12,0.129,16
52.4048,160.6361,11.326,4.5,44,117.0,1.358,0.86,us,9.76,5.048,0.053,103
-2.1435,139.3604,52.887,4.8,40,78.0,1.332,0.73,us,4.87,7.087,0.097,38
-54.5264,-135.5028,10.0,4.9,37,63.0,28.586,1.09,us,12.89,1.894,0.096,38
43.0759,148.3479,10.0,4.4,41,200.0,3.979,1.23,us,11.87,1.97,0.095,32
37.3898,141.8091,47.295,4.3,23,98.0,3.007,1.21,us,8.67,7.403,0.148,13
51.5003,160.671,10.0,4.5,37,145.0,1.967,0.65,us,7.62,1.924,0.091,36
53.1518,160.3792,56.993,4.2,26,162.0,1.051,1.17,us,13.72,10.608,0.131,16
20.1021,145.2197,35.0,4.5,31,121.0,4.865,0.46,us,9.7,1.902,0.106,26
37.7624,144.1926,10.0,4.3,35,136.0,3.876,1.03,us,10.32,1.915,0.122,19
29.5796,51.3509,10.0,4.6,78,71.0,6.321,0.57,us,8.36,1.847,0.058,89
41.2096,142.1449,54.88,4.9,62,112.0,0.919,0.63,us,5.69,5.625,0.063,79
32.1694,87.9985,10.0,4.4,63,92.0,3.643,0.42,us,11.82,1.877,0.071,57
51.4212,161.2622,10.0,4.2,18,130.0,2.271,1.05,us,9.7,1.932,0.128,17
52.3431,160.354,28.122,4.4,25,123.0,1.787,0.66,us,10.03,2.85,0.134,16
-18.39,-177.7431,591.078,4.1,30,127.0,7.256,0.74,us,15.65,6.358,0.109,25
-18.2455,-178.001,635.293,4.2,34,122.0,3.065,0.69,us,13.91,4.761,0.115,25
-17.4292,-70.3691,119.172,4.2,22,126.0,0.863,0.91,us,6.91,7.185,0.136,15
-22.1152,-179.5665,611.176,4.3,54,121.0,4.89,0.63,us,15.21,7.672,0.094,37
51.5015,160.4463,10.0,4.1,16,189.0,1.882,1.01,us,12.79,1.989,0.166,11
16.3206,-59.6292,10.0,4.5,56,101.0,1.38,0.59,us,8.31,1.909,0.099,30
50.3103,159.6639,10.0,4.3,67,136.0,2.789,0.58,us,10.54,1.92,0.07,58
52.5336,160.5765,29.249,4.6,90,134.0,1.269,0.68,us,11.68,5.935,0.062,77
60.4175,-139.6841,5.0,4.5,48,52.0,0.429,1.11,us,4.57,1.919,0.171,12
52.3042,160.6669,10.0,4.4,40,144.0,1.424,1.0,us,9.0,1.921,0.118,21
-30.1172,-177.6754,35.0,4.6,26,192.0,0.879,1.04,us,9.33,1.966,0.122,20
52.8071,160.4153,35.0,4.2,37,165.0,1.091,0.72,us,12.26,1.969,0.1,28
-4.6986,155.1313,506.83,4.2,28,92.0,3.001,0.8,us,11.38,8.181,0.106,25
-24.4318,-67.2982,200.54,4.2,25,75.0,1.68,0.89,us,7.06,11.735,0.147,13
52.4766,160.9448,10.0,4.3,21,206.0,1.498,0.96,us,11.27,1.982,0.161,12
-0.8068,-91.5237,10.0,4.4,20,245.0,0.655,0.69,us,5.25,1.924,0.139,15
4.2738,125.8902,92.607,4.5,53,45.0,0.613,0.96,us,7.34,6.521,0.078,48
52.7253,161.0937,35.0,4.5,33,132.0,1.511,0.63,us,12.31,1.934,0.093,34
53.6533,160.0321,65.865,4.3,41,159.0,1.042,0.62,us,11.46,7.472,0.096,31
53.1798,161.3413,10.0,4.1,30,117.0,1.63,0.4,us,9.38,1.873,0.124,18
52.1572,160.3489,25.964,4.5,52,134.0,1.352,0.89,us,11.46,6.1,0.088,38
31.9766,141.0053,10.0,4.5,24,148.0,1.517,1.11,us,9.37,1.937,0.144,14
-9.4965,-74.8584,10.0,5.1,61,101.0,3.151,0.55,us,9.15,1.806,0.033,298
-17.7163,-178.6567,580.268,4.3,51,118.0,2.253,0.72,us,12.71,7.798,0.068,60
19.8745,121.273,25.101,4.6,40,105.0,2.934,0.99,us,9.19,6.324,0.111,24
-7.0257,147.3571,49.747,4.2,17,120.0,2.372,1.14,us,11.33,8.872,0.124,18
48.6211,157.4251,10.0,5.0,66,136.0,4.476,0.62,us,8.85,1.876,0.028,416
-7.4475,128.1956,168.092,4.4,28,61.0,4.511,1.18,us,8.86,3.21,0.123,19
12.0272,-61.0459,77.162,4.3,18,189.0,0.604,1.01,us,7.7,9.01,0.237,5
-3.623,68.4902,10.0,4.6,45,141.0,5.451,0.8,us,14.91,1.903,0.088,38
8.8689,127.1454,10.0,4.7,43,115.0,2.367,0.67,us,11.57,1.889,0.089,38
52.2161,159.5367,53.611,5.0,149,123.0,0.973,0.67,us,8.65,6.316,0.05,129
-59.9445,-62.0278,10.0,4.7,22,125.0,4.938,1.25,us,10.66,1.922,0.129,18
51.4349,159.0966,48.261,4.4,28,137.0,1.883,1.17,us,11.34,7.809,0.095,32
-18.8887,-69.122,127.099,4.2,28,79.0,0.661,0.85,us,4.87,4.205,0.128,17
54.0971,-159.8393,10.0,4.4,57,166.0,0.75,0.75,us,4.69,1.908,0.144,14
-15.191,167.372,164.589,4.2,20,189.0,6.086,0.9,us,15.82,10.449,0.124,18
51.418,161.1206,10.0,4.3,73,89.0,2.212,1.03,us,5.43,1.724,0.068,62
60.4467,-139.5643,5.0,4.4,46,80.0,0.491,0.85,us,2.7,1.404,0.17,10
52.517,160.6831,10.0,4.4,67,121.0,1.335,0.97,us,4.62,1.89,0.075,52
-0.2339,125.8821,54.642,4.6,60,40.0,1.789,0.77,us,6.51,5.28,0.067,68
-37.7905,50.0346,10.0,4.4,24,72.0,8.739,0.54,us,10.94,1.872,0.12,20
9.0584,126.4287,46.855,4.5,36,73.0,2.148,0.81,us,8.31,7.67,0.101,29
-59.1111,-25.0092,24.481,4.5,16,131.0,15.464,0.75,us,12.5,6.892,0.135,16
-56.0224,-143.4819,10.0,5.1,30,111.0,28.557,0.52,us,11.92,1.595,0.105,29
-20.9432,-178.6525,554.416,4.3,49,126.0,4.449,0.63,us,14.25,10.046,0.082,44
-15.2084,-178.4429,414.974,4.3,65,52.0,2.454,0.89,us,11.74,6.437,0.045,142
29.0719,129.0919,10.0,4.6,31,122.0,2.342,1.09,us,6.55,1.68,0.12,27
-20.5024,-177.8381,532.426,4.7,81,69.0,7.582,0.58,us,12.6,7.902,0.061,86
14.7132,147.2185,10.0,4.8,55,141.0,1.473,0.65,us,6.61,1.72,0.087,41
-21.2635,-179.2155,618.221,4.9,139,86.0,4.346,0.73,us,13.04,8.505,0.037,223
51.2481,159.4835,10.0,4.6,35,221.0,2.163,0.73,us,10.03,1.975,0.092,35
49.0298,158.1144,10.0,4.3,31,124.0,4.013,0.64,us,11.19,1.91,0.119,20
9.0733,125.7413,10.0,4.4,26,101.0,1.997,0.5,us,6.23,1.886,0.135,17
51.4763,159.8618,41.581,4.3,19,144.0,1.719,0.54,us,10.99,6.85,0.119,20
48.964,156.0534,43.397,5.0,82,129.0,4.278,0.65,us,9.76,7.052,0.063,80
51.1568,157.7994,66.119,4.2,53,127.0,1.942,0.81,us,9.63,7.195,0.086,38
53.1908,160.549,32.869,4.5,31,134.0,1.157,0.72,us,13.12,6.497,0.131,17
-25.4959,179.7323,496.474,4.2,24,161.0,7.869,0.6,us,15.11,10.789,0.118,20
28.372,139.841,406.266,4.1,26,87.0,2.435,0.83,us,13.19,9.244,0.127,17
32.0073,48.9837,10.0,4.7,95,66.0,4.039,1.06,us,8.54,1.873,0.056,98
52.2135,161.644,10.0,4.8,81,126.0,1.997,0.61,us,10.2,1.852,0.042,175
7.065,-34.181,10.0,4.7,70,62.0,12.921,0.61,us,11.29,1.875,0.051,118
-55.6926,-26.2859,10.0,4.7,26,108.0,6.041,0.6,us,11.47,1.942,0.12,25
4.2421,126.6452,46.838,4.2,22,76.0,1.261,0.72,us,6.63,9.993,0.132,17
52.2899,159.5543,35.0,4.8,82,120.0,0.918,0.88,us,4.09,1.936,0.053,110
2.5504,128.1961,136.215,4.7,117,85.0,1.952,0.78,us,5.43,6.717,0.054,104
51.1809,159.7617,10.0,4.4,20,222.0,2.311,0.42,us,11.4,1.982,0.154,14
54.3946,-158.772,10.0,4.1,55,161.0,0.646,0.71,us,4.16,1.918,0.117,20
-0.5857,128.0874,10.0,4.7,35,74.0,1.529,0.92,us,6.81,1.899,0.126,19
46.8926,144.711,382.102,4.2,54,119.0,1.338,0.64,us,12.56,7.46,0.058,83
18.2252,145.7732,181.387,4.5,127,71.0,2.968,0.48,us,9.27,7.305,0.045,146
31.9675,131.9413,31.361,4.4,44,98.0,1.348,0.81,us,5.9,6.555,0.107,25
-60.6184,-19.8862,10.0,5.1,70,81.0,10.946,0.52,us,10.65,1.874,0.066,74
-3.0498,-80.2418,52.291,4.2,32,123.0,1.099,0.92,us,6.73,11.154,0.118,20
-24.4861,179.958,519.129,4.4,44,100.0,5.101,0.51,us,15.75,8.107,0.092,34
-7.658,127.974,150.499,4.4,23,68.0,4.215,0.58,us,12.55,13.715,0.155,13
53.6258,161.2762,36.294,4.7,68,134.0,1.687,0.61,us,11.37,7.317,0.062,79
9.3982,94.0014,10.0,4.5,69,36.0,5.069,0.65,us,9.39,1.859,0.075,52
1.0751,125.0109,122.064,4.7,53,72.0,3.663,0.92,us,7.22,7.434,0.092,36
52.0942,160.3142,28.984,4.6,60,124.0,1.378,0.67,us,10.19,6.19,0.073,56
13.0963,125.6848,10.0,4.2,16,143.0,16.43,0.37,us,9.41,1.926,0.159,11
52.198,160.0414,33.306,4.1,27,134.0,1.185,0.46,us,12.18,6.347,0.117,24
15.6541,-94.0004,70.035,4.3,56,133.0,1.66,0.68,us,6.8,11.851,0.056,90
-36.681,177.6464,170.892,4.2,26,148.0,1.026,1.01,us,8.84,7.631,0.159,11
50.1491,156.2297,78.017,4.3,51,135.0,3.101,0.41,us,12.38,8.273,0.076,49
-4.6443,139.2885,10.0,4.3,25,142.0,0.641,1.12,us,4.14,1.922,0.137,15
-7.1735,-13.0571,10.0,5.0,60,59.0,1.496,0.83,us,5.21,1.809,0.07,66
29.3051,129.4331,10.0,4.9,70,33.0,2.367,1.05,us,5.14,1.866,0.045,158
52.8858,160.9343,35.0,4.2,19,155.0,1.389,0.81,us,7.96,1.99,0.136,15
49.8334,155.8118,64.365,4.7,77,132.0,3.485,0.59,us,3.9,6.798,0.035,251
-14.7622,-72.3745,93.382,4.2,33,124.0,4.083,1.08,us,7.36,13.612,0.122,19
-3.1926,146.9392,10.0,4.1,23,77.0,1.219,0.79,us,6.98,1.899,0.14,14
42.5029,-126.4682,10.0,4.4,49,197.0,1.581,0.59,us,7.53,1.432,0.063,74
52.7736,159.7536,62.569,4.3,62,60.0,0.714,0.7,us,6.11,7.171,0.073,53
-43.7809,-16.2259,10.0,5.0,76,67.0,7.338,0.42,us,10.77,1.851,0.07,69
5.8593,126.4704,118.35,4.8,105,49.0,1.492,0.7,us,7.18,6.368,0.037,227
-18.9716,167.4547,10.0,4.7,28,80.0,3.226,0.94,us,8.48,1.901,0.117,22
51.4504,159.2023,49.264,4.2,19,138.0,1.612,0.55,us,11.4,5.592,0.152,12
52.7901,160.9724,10.0,4.2,22,129.0,1.426,0.88,us,10.33,1.922,0.147,13
18.5828,145.6426,209.662,4.2,33,134.0,3.326,1.06,us,12.68,8.98,0.1,28
49.986,156.6867,37.494,5.3,209,68.0,3.19,0.58,us,8.43,5.032,0.021,782
53.1083,159.4014,76.212,4.3,54,132.0,0.461,0.6,us,10.44,6.568,0.067,64
3.0511,-31.3163,10.0,4.9,36,83.0,9.937,0.69,us,11.48,1.891,0.096,34
49.5133,155.5075,83.016,4.3,88,135.0,3.853,0.59,us,10.9,7.35,0.058,83
5.764,123.9188,529.228,4.2,51,63.0,1.861,0.67,us,13.18,9.337,0.076,49
-17.3112,66.2755,10.0,4.9,64,71.0,18.179,0.7,us,13.24,1.851,0.079,50
-17.6156,-178.7872,548.042,4.9,54,78.0,2.095,0.62,us,13.62,9.926,0.076,54
12.5563,-88.137,50.904,4.3,70,137.0,0.925,0.99,us,3.57,8.217,0.071,56
40.8435,142.9824,35.0,4.6,43,134.0,1.178,1.15,us,7.49,1.932,0.091,36
35.5543,69.7007,29.449,4.2,17,166.0,1.136,1.11,us,7.19,7.425,0.216,6
49.8646,156.0997,52.814,5.1,148,120.0,3.398,0.8,us,6.33,5.399,0.023,625
52.7758,160.6391,29.606,4.8,43,192.0,1.23,1.07,us,13.64,9.386,0.088,40
50.8934,158.3331,10.0,4.4,34,165.0,2.142,0.5,us,12.3,1.963,0.112,23
52.4746,160.8807,19.214,4.1,24,122.0,1.463,1.38,us,9.17,3.812,0.109,23
14.0178,145.0371,171.817,4.0,25,88.0,0.456,0.83,us,13.24,6.076,0.122,18
51.1809,158.8957,43.213,4.4,33,122.0,1.852,0.94,us,5.58,7.769,0.11,24
52.4002,160.8008,31.58,4.2,16,257.0,1.45,1.05,us,11.88,9.058,0.2,7
34.461,62.0597,10.0,4.1,24,117.0,7.081,0.88,us,10.02,1.961,0.126,17
24.2883,94.3996,35.0,4.2,25,149.0,3.105,0.68,us,14.81,1.975,0.121,20
49.9506,159.0301,10.0,4.3,19,136.0,3.086,0.82,us,10.27,1.919,0.177,9
49.0112,156.1091,25.765,4.9,108,135.0,4.223,0.68,us,11.17,5.665,0.059,89
51.6021,159.3397,35.0,4.5,72,109.0,1.485,1.0,us,8.69,1.906,0.062,76
50.9356,-177.1716,7.86,3.8,64,146.0,0.828,0.62,us,5.01,5.93,0.075,46
53.2429,159.8177,51.794,4.6,39,116.0,0.737,0.97,us,7.53,6.104,0.096,32
-59.0038,149.5291,10.0,4.2,12,118.0,6.865,0.57,us,11.0,1.967,0.166,10
14.6789,121.4548,10.0,4.8,131,103.0,8.103,0.61,us,8.3,1.861,0.055,109
3.0244,-31.2871,10.0,4.8,40,52.0,20.447,0.81,us,12.59,1.875,0.094,35
41.5522,74.9401,10.0,4.2,35,58.0,0.543,1.36,us,2.7,1.928,0.141,14
-9.5616,158.4298,10.0,4.7,34,75.0,1.502,0.62,us,9.31,1.875,0.097,32
-60.9605,-38.8132,10.0,4.9,32,70.0,6.81,0.96,us,10.43,1.909,0.102,30
-3.3861,143.6125,10.0,4.4,28,142.0,3.032,1.39,us,7.19,1.808,0.12,20
-6.093,145.9206,139.411,4.2,29,133.0,3.512,1.12,us,12.29,7.156,0.128,17
-16.8789,-69.7573,183.72,4.2,25,125.0,0.755,1.07,us,9.61,8.563,0.187,8
-6.3252,130.4119,112.551,4.4,21,83.0,3.847,0.39,us,13.33,10.442,0.139,15
-17.9403,-179.1514,595.793,4.2,27,86.0,2.67,0.55,us,15.7,10.072,0.107,24
-10.5996,161.9082,66.851,4.0,19,158.0,2.25,0.33,us,7.03,7.72,0.126,17
-8.2791,158.4812,103.688,4.3,29,111.0,1.851,0.73,us,11.27,8.173,0.114,27
53.282,160.9343,35.0,4.1,14,171.0,1.4,1.26,us,12.63,1.999,0.174,9
-29.8408,-177.7271,81.137,4.4,18,257.0,9.675,0.63,us,20.62,14.532,0.13,18
51.6248,159.0013,10.0,4.2,28,166.0,1.417,0.58,us,11.25,1.965,0.128,17
52.2393,160.8316,10.0,4.1,32,167.0,1.544,0.88,us,6.94,1.961,0.114,21
50.3225,156.9122,54.628,4.4,27,190.0,2.832,0.71,us,13.73,9.676,0.126,18
51.4481,161.4189,10.0,4.1,39,122.0,2.321,0.74,us,10.11,1.929,0.101,27
-22.001,-175.6772,73.286,4.9,38,123.0,7.215,0.96,us,15.14,6.469,0.109,29
-25.1872,-179.0818,391.864,4.4,42,123.0,10.436,1.04,us,14.97,8.453,0.088,37
36.1945,140.8465,38.872,4.6,67,124.0,2.157,0.67,us,6.7,7.021,0.076,52
11.5238,144.0401,10.0,4.5,21,199.0,2.206,1.2,us,7.89,1.934,0.163,11
44.543,145.6776,189.34,4.1,19,142.0,2.254,0.35,us,10.26,4.316,0.165,10
9.8057,126.1921,37.473,4.5,22,129.0,2.785,0.68,us,6.19,6.356,0.145,14
18.4417,145.5618,210.383,4.3,73,102.0,3.19,1.05,us,7.24,7.438,0.062,75
44.0626,147.506,35.0,4.5,43,148.0,3.54,0.55,us,10.96,1.954,0.101,29
51.7832,161.3132,10.0,4.3,39,124.0,2.05,0.85,us,11.37,1.928,0.079,45
52.2263,160.477,30.846,4.8,74,123.0,1.37,0.88,us,9.22,5.587,0.059,89
51.5092,159.4718,10.0,4.4,29,123.0,1.598,1.01,us,9.4,1.908,0.115,22
53.4351,161.5246,10.0,4.1,31,137.0,1.777,0.74,us,11.09,1.911,0.107,24
51.5279,159.7667,10.0,4.7,76,127.0,1.648,1.0,us,8.37,1.888,0.062,79
56.8252,-33.9224,10.0,4.3,22,125.0,7.354,0.73,us,11.44,1.386,0.16,11
51.5671,160.3992,10.0,4.2,29,134.0,1.811,0.75,us,10.59,1.9,0.125,18
50.0412,159.4925,10.0,4.4,38,129.0,3.032,0.92,us,10.38,1.897,0.095,32
-15.2949,167.3503,118.416,4.2,15,218.0,0.207,0.69,us,17.22,8.373,0.186,8
60.5462,-139.9158,5.0,4.4,55,50.0,0.482,0.87,us,1.81,1.887,0.17,10
-7.0498,150.2047,10.0,4.4,33,142.0,3.273,0.63,us,5.51,1.848,0.12,20
18.2319,39.9666,10.0,4.1,20,284.0,7.381,0.62,us,17.78,2.008,0.139,14
-10.2623,161.4872,74.127,4.4,19,144.0,1.724,0.89,us,11.83,9.546,0.144,17
34.8172,70.8104,8.988,5.3,87,47.0,1.414,0.64,us,8.52,3.76,0.036,264
52.5202,162.3847,10.0,4.2,34,122.0,2.324,0.49,us,7.47,1.878,0.112,22
50.2986,158.1252,17.472,4.6,67,132.0,2.748,1.37,us,9.52,4.746,0.044,154
39.3807,143.4427,10.0,4.7,49,101.0,2.304,1.16,us,8.04,1.884,0.069,63
51.5273,161.0624,10.0,4.7,41,191.0,2.108,0.64,us,9.05,1.95,0.036,229
54.6464,160.4206,10.0,4.1,27,142.0,1.935,0.51,us,13.37,1.932,0.087,36
34.9428,104.6648,10.0,4.9,50,143.0,1.284,0.65,us,5.21,1.891,0.099,32
8.5741,58.4158,10.0,4.4,33,174.0,19.337,0.88,us,15.58,1.978,0.105,26
18.5802,145.6828,214.977,4.2,35,115.0,3.322,0.54,us,11.75,8.781,0.108,24
34.5893,70.7443,10.0,4.3,29,87.0,1.331,0.99,us,8.15,1.894,0.122,19
26.6088,141.9373,10.0,4.4,16,151.0,0.533,0.84,us,6.24,1.948,0.179,11
51.0313,159.0254,10.0,4.4,37,222.0,2.009,0.79,us,8.85,1.949,0.114,22
52.9721,160.6757,35.0,4.5,21,205.0,1.225,0.57,us,12.24,2.003,0.18,9
-14.4674,65.7235,10.0,4.4,29,46.0,5.72,1.05,us,10.79,1.881,0.112,23
52.8983,160.6814,10.0,4.3,65,172.0,1.235,0.57,us,11.54,1.945,0.068,61
43.9036,147.5989,59.817,4.1,21,190.0,3.618,0.78,us,6.47,10.772,0.145,13
-51.466,-71.8477,10.0,4.1,20,147.0,1.404,0.69,us,9.8,1.937,0.131,16
19.4279,38.9931,10.0,4.1,29,138.0,8.685,0.82,us,12.0,1.956,0.111,22
43.5116,147.8876,35.0,4.9,60,135.0,3.79,0.75,us,10.4,1.916,0.056,100
51.5668,159.5697,35.0,4.8,90,127.0,1.564,0.93,us,4.9,1.89,0.053,111
50.0666,156.7262,129.65,4.2,47,127.0,3.106,0.53,us,11.06,7.191,0.074,51
-22.4878,-67.7596,160.357,4.3,48,49.0,0.603,0.75,us,7.35,6.112,0.094,32
-20.3233,-178.0497,525.651,4.5,38,97.0,4.491,0.9,us,13.97,9.016,0.075,52
-17.9405,-178.3767,606.503,4.4,38,80.0,2.599,0.86,us,15.08,10.032,0.096,31
-5.5859,152.3863,10.0,4.3,25,114.0,1.32,0.9,us,6.99,1.617,0.119,20
-8.8044,123.7428,109.792,5.1,86,50.0,1.077,0.86,us,9.84,4.699,0.062,101
15.9807,-55.7288,10.0,4.9,61,96.0,4.659,0.68,us,9.49,1.888,0.029,358
52.7224,161.0234,10.0,4.1,27,163.0,1.47,0.98,us,13.22,1.968,0.13,16
51.2698,159.8048,10.0,4.8,52,129.0,1.895,1.08,us,8.9,1.887,0.063,77
51.2363,-179.7611,40.483,4.0,70,201.0,0.605,0.64,us,4.9,8.968,0.075,48
52.8616,160.7938,10.0,5.2,115,119.0,1.307,0.85,us,8.38,1.877,0.046,155
48.6505,157.5813,10.0,4.6,89,134.0,4.43,0.82,us,9.06,1.854,0.054,102
29.3013,129.5496,10.0,4.6,39,92.0,2.335,0.99,us,5.33,1.91,0.151,22
7.3014,126.7542,95.82,4.3,30,148.0,1.188,0.67,us,11.64,7.92,0.109,24
-6.8496,125.2921,520.496,4.5,76,37.0,3.06,0.44,us,9.5,7.327,0.064,75
-57.5932,157.6924,10.0,4.2,16,141.0,3.18,0.49,us,11.9,1.726,0.167,10
-24.044,178.7717,544.318,4.1,18,175.0,6.303,1.01,us,21.09,13.903,0.14,17
-16.3174,-74.3872,39.37,4.4,20,150.0,4.37,0.66,us,10.04,9.968,0.19,8
51.9391,160.3837,35.0,4.2,15,201.0,1.518,0.4,us,8.22,1.935,0.132,16
50.2941,159.6438,10.0,4.3,42,173.0,2.802,0.47,us,10.03,1.947,0.096,32
51.3867,159.5006,10.0,4.5,40,128.0,1.721,0.61,us,5.37,1.882,0.094,33
52.1429,179.7058,173.056,3.8,14,132.0,0.163,0.71,us,10.03,10.91,0.127,16
-18.159,168.024,35.0,4.7,28,99.0,2.809,0.95,us,5.87,1.766,0.126,19
36.5488,76.8831,10.0,4.3,27,157.0,3.918,1.21,us,10.0,1.976,0.16,11
3.0436,-31.2907,10.0,4.6,79,48.0,9.942,0.49,us,11.11,1.86,0.066,71
7.4211,126.6735,72.946,4.2,30,130.0,1.141,1.03,us,9.37,8.027,0.115,21
-20.0941,-69.0459,110.96,4.2,22,64.0,0.111,0.55,us,5.66,4.453,0.167,10
-6.1146,149.0611,10.0,4.3,17,121.0,3.456,1.03,us,8.68,1.774,0.143,14
50.4294,158.3403,10.0,4.6,90,132.0,2.605,0.6,us,9.85,1.893,0.059,85
52.4912,160.5727,10.0,4.5,58,120.0,1.284,0.89,us,9.42,1.882,0.072,56
26.5855,129.5422,10.0,4.1,18,91.0,1.163,0.68,us,4.44,1.784,0.158,11
13.0031,-89.7542,39.363,4.3,107,174.0,0.894,1.31,us,5.21,9.338,0.054,95
19.037,145.8981,149.951,4.0,21,109.0,3.777,1.15,us,15.36,8.749,0.143,13
51.6218,159.2507,35.0,4.2,37,126.0,1.451,1.01,us,10.15,1.93,0.094,32
-15.5327,-174.5654,174.63,4.0,29,104.0,3.14,0.55,us,11.53,6.047,0.108,23
52.244,160.8543,39.167,4.3,49,123.0,1.554,0.82,us,9.79,7.739,0.08,44
-18.7664,-177.679,620.02,4.3,17,236.0,3.619,0.33,us,27.25,26.394,0.148,13
54.5506,-160.1618,29.084,4.4,127,154.0,0.435,0.84,us,3.39,5.284,0.078,48
-21.4584,-66.6489,237.347,4.4,24,122.0,2.054,1.1,us,8.97,10.667,0.13,17
51.2982,158.7853,40.804,4.3,28,118.0,1.73,1.0,us,9.86,7.749,0.119,20
60.659,-139.9129,5.0,4.2,61,53.0,0.561,0.62,us,2.92,1.912,0.108,24
-57.9569,-10.5137,10.0,4.6,23,98.0,14.13,1.12,us,13.78,1.941,0.123,23
14.3593,-93.3468,10.0,4.3,67,138.0,1.403,0.63,us,6.88,1.915,0.064,69
12.6711,120.8885,10.0,4.3,29,124.0,15.703,0.56,us,14.67,1.939,0.119,20
-3.9745,137.4572,10.0,4.1,20,58.0,1.494,0.82,us,6.54,1.901,0.146,13
-21.1102,-68.5409,129.945,4.3,25,82.0,0.886,0.99,us,6.18,7.598,0.147,13
-56.4199,-26.4736,75.469,4.5,11,106.0,6.1,0.2,us,15.22,7.999,0.18,9
29.9855,131.0793,34.786,4.5,39,135.0,1.612,0.45,us,8.07,6.279,0.121,20
-14.6963,167.3546,120.692,4.5,33,142.0,6.515,0.74,us,13.74,8.701,0.118,26
-23.3892,-175.707,35.0,5.0,42,131.0,6.176,0.64,us,11.7,1.549,0.094,36
51.665,160.44,10.0,4.0,20,120.0,1.748,0.49,us,11.69,1.924,0.126,17
35.1427,23.3629,63.649,4.0,15,249.0,2.341,0.83,us,4.43,9.675,0.183,8
51.5411,158.814,55.478,4.1,20,126.0,1.488,0.72,us,11.47,8.363,0.145,13
28.9865,67.1943,10.0,4.4,43,115.0,5.754,0.85,us,5.85,1.857,0.087,38
7.088,126.5977,91.061,4.6,42,126.0,1.011,0.95,us,9.82,7.936,0.098,31
35.4465,27.8337,54.403,4.1,32,121.0,0.557,0.68,us,5.24,7.22,0.094,35
-2.0568,138.9706,35.0,4.2,26,78.0,0.965,0.67,us,5.49,1.918,0.121,19
-22.901,-68.5169,107.97,4.0,30,56.0,0.316,0.82,us,5.69,5.8,0.232,5
53.112,161.0612,27.877,4.2,32,124.0,1.458,0.67,us,11.16,6.325,0.096,30
10.8873,93.5681,124.708,4.8,96,64.0,1.112,0.88,us,7.95,6.125,0.046,144
50.1568,157.6586,26.396,4.5,51,144.0,2.936,0.67,us,13.13,6.343,0.083,43
-5.522,152.2612,58.532,4.5,51,161.0,5.983,0.8,us,12.26,7.295,0.065,70
51.9304,161.1485,10.0,4.3,32,134.0,1.88,0.78,us,12.83,1.928,0.107,25
53.0919,160.5304,41.941,4.1,58,137.0,1.137,0.95,us,12.25,8.059,0.079,43
-7.5026,128.2246,158.743,4.3,31,73.0,4.508,0.58,us,8.13,8.002,0.107,25
52.4254,160.6948,34.746,4.6,110,117.0,1.38,0.9,us,8.59,5.315,0.038,209
52.0917,161.0989,10.0,4.2,14,122.0,1.762,1.16,us,6.0,1.913,0.263,4
48.6205,157.4589,10.0,4.5,47,194.0,4.473,0.92,us,13.3,1.952,0.093,34
51.4325,159.4207,35.0,4.1,16,127.0,1.662,0.77,us,10.01,1.925,0.145,13
51.7836,-170.3515,10.0,4.3,56,182.0,1.044,1.01,us,5.17,1.647,0.111,23
51.0673,158.6531,57.099,4.1,42,192.0,1.959,0.64,us,14.34,11.757,0.093,32
19.102,145.697,145.203,4.1,28,141.0,3.841,0.4,us,9.76,9.129,0.106,24
50.1538,157.9433,10.0,5.2,122,125.0,2.907,0.72,us,8.3,1.878,0.055,111
-7.2808,129.039,148.234,4.5,31,39.0,5.321,0.51,us,8.04,9.396,0.124,19
52.1855,160.4443,23.316,4.4,32,123.0,1.911,1.13,us,11.08,6.16,0.112,27
51.9566,160.2113,35.0,4.3,17,229.0,1.433,1.05,us,14.36,1.99,0.168,10
-11.5871,166.1977,79.255,4.2,26,145.0,3.959,0.43,us,10.48,8.107,0.121,19
-6.5558,130.4839,89.393,4.4,24,75.0,2.101,0.9,us,8.16,9.247,0.13,17
9.1134,93.8217,10.0,4.1,27,126.0,4.951,0.78,us,9.96,1.902,0.166,12
52.0273,161.0265,24.522,4.8,62,121.0,1.762,0.46,us,9.25,5.583,0.054,107
38.8057,141.7486,94.269,4.5,51,123.0,2.05,0.98,us,8.08,7.43,0.094,33
42.7101,146.6667,10.0,4.2,37,150.0,2.692,1.14,us,10.2,1.936,0.105,25
-24.6283,-175.2678,10.0,4.1,10,134.0,7.423,0.65,us,8.83,1.887,0.234,5
29.6946,142.2399,10.0,4.4,40,146.0,2.59,0.86,us,10.53,1.91,0.097,31
51.7645,160.1686,10.0,4.1,11,230.0,1.567,0.79,us,12.69,1.977,0.234,5
39.4008,143.2437,28.747,4.7,26,194.0,2.172,1.31,us,8.7,7.782,0.137,16
-60.1288,-62.4106,10.0,4.9,35,83.0,4.724,0.51,us,9.28,1.855,0.101,32
17.941,-95.1842,128.51,4.3,62,99.0,1.168,0.96,us,6.89,8.326,0.054,98
10.7983,123.9947,10.0,4.4,27,132.0,4.022,0.43,us,9.18,1.921,0.123,19
18.3838,145.83,188.605,4.3,21,152.0,3.126,0.85,us,13.94,8.65,0.129,17
-34.803,-109.2545,10.0,4.7,42,113.0,7.62,0.68,us,12.33,1.886,0.086,41
52.7014,158.8451,10.0,4.5,50,167.0,13.767,0.75,us,13.68,1.961,0.081,45
-52.8748,28.1561,10.0,4.3,17,95.0,21.161,0.52,us,15.09,1.915,0.138,15
-18.1013,-178.6083,598.491,4.4,30,165.0,2.517,0.47,us,14.83,10.559,0.103,27
12.935,121.5079,10.0,4.8,33,125.0,10.403,1.08,us,8.58,1.899,0.109,26
50.0659,158.467,10.0,4.6,28,111.0,2.964,0.52,us,9.05,1.865,0.126,19
-23.9969,-66.7009,196.538,4.4,33,63.0,1.71,0.84,us,8.66,8.223,0.107,25
50.3077,159.6189,10.0,4.3,36,126.0,2.786,0.82,us,9.66,1.912,0.116,21
14.0829,-89.8038,10.0,4.2,34,113.0,0.181,0.85,us,7.04,1.963,0.121,19
12.0871,143.284,35.0,4.2,21,148.0,2.149,0.79,us,12.19,1.964,0.131,16
51.0052,159.3263,35.0,4.4,28,130.0,2.064,0.51,us,10.27,1.937,0.117,21
51.4771,159.7448,26.02,4.5,40,128.0,1.689,1.11,us,9.39,5.782,0.093,34
25.0849,141.6249,10.714,4.2,12,168.0,2.065,0.86,us,15.61,5.808,0.167,10
29.3916,104.0487,10.0,4.7,102,64.0,4.813,0.66,us,7.82,1.867,0.057,92
52.1441,160.4948,10.0,4.9,60,124.0,1.429,0.83,us,9.38,1.887,0.053,112
52.7127,160.8119,10.0,4.1,17,251.0,1.347,0.89,us,7.55,1.997,0.151,12
36.1892,136.9978,260.284,4.3,116,72.0,0.652,0.76,us,7.69,5.221,0.055,96
-8.88,125.2544,10.0,4.3,12,106.0,1.306,0.96,us,5.04,1.956,0.307,3
53.3773,161.6507,22.376,4.3,23,165.0,1.84,0.85,us,14.67,7.415,0.142,15
52.5353,160.9724,23.612,4.1,15,159.0,1.493,0.71,us,12.99,9.802,0.175,9
-18.5953,-179.2141,524.107,4.2,13,134.0,2.502,1.34,us,20.67,10.94,0.124,20
14.9915,108.0607,10.0,4.3,19,118.0,4.362,0.49,us,6.03,1.921,0.218,7
-56.7459,-26.9389,138.477,4.9,69,68.0,5.959,0.74,us,11.08,6.153,0.062,82
-4.4037,101.527,36.269,4.4,42,144.0,1.425,0.5,us,9.15,7.493,0.092,34
37.1785,72.0365,92.388,4.2,23,170.0,2.303,0.49,us,5.17,15.372,0.176,9
40.7299,13.6049,404.05,4.1,59,53.0,0.789,0.77,us,7.37,6.317,0.123,18
-20.9122,-179.1043,655.017,4.1,39,136.0,4.139,0.63,us,9.12,8.286,0.082,41
-23.9387,179.9727,510.307,4.3,35,100.0,10.571,0.93,us,13.7,10.047,0.097,30
49.0189,154.9365,80.244,4.1,44,135.0,4.449,0.65,us,10.32,7.915,0.09,37
52.3185,160.5619,24.34,4.3,32,122.0,1.362,1.06,us,11.19,6.251,0.096,31
12.668,143.3583,8.717,4.2,15,124.0,1.733,0.56,us,11.4,1.024,0.216,8
-5.8589,146.5567,103.86,4.9,69,101.0,3.573,0.77,us,9.71,7.172,0.072,60
49.9781,158.6493,10.0,4.1,22,135.0,3.05,0.56,us,10.36,1.924,0.145,13
51.7948,159.5325,35.0,4.6,41,163.0,19.064,0.87,us,11.43,1.922,0.095,33
51.4092,160.9922,10.0,4.0,18,129.0,2.166,0.6,us,6.84,1.796,0.232,5
25.4355,123.4903,182.82,4.1,37,61.0,1.058,0.64,us,6.06,7.12,0.12,19
30.2805,66.145,10.0,4.9,56,72.0,4.921,1.01,us,9.79,1.865,0.062,83
60.3673,-139.4012,5.0,5.2,24,157.0,0.505,0.75,us,2.06,1.978,0.182,10
13.9504,-91.2257,62.751,4.0,33,192.0,1.281,0.67,us,7.56,11.403,0.111,22
49.0866,157.9168,10.0,4.5,39,138.0,10.376,0.41,us,14.57,1.92,0.075,52
52.365,160.3621,10.0,5.0,136,131.0,1.782,0.73,us,9.09,1.881,0.031,340
29.922,129.9543,19.286,4.4,31,118.0,1.639,0.98,us,7.31,4.701,0.115,22
29.1406,141.7524,10.0,4.3,29,118.0,2.073,0.56,us,8.33,1.888,0.133,16
48.8521,-129.174,10.0,4.1,15,161.0,0.93,0.75,us,8.24,1.965,0.099,28
43.8486,-128.0755,10.0,4.4,32,210.0,2.032,1.41,us,10.77,2.0,0.064,71
13.3226,121.0611,10.0,4.6,53,118.0,20.677,0.52,us,14.44,1.908,0.081,45
47.2336,152.3526,120.88,4.0,47,136.0,6.555,0.6,us,12.72,8.36,0.088,34
-15.9102,-174.1967,131.151,4.7,42,85.0,3.067,0.7,us,11.14,8.355,0.079,52
52.9516,160.6343,35.0,4.2,35,137.0,1.202,0.7,us,10.87,1.948,0.092,33
50.9168,159.419,20.646,4.4,13,130.0,2.163,0.52,us,10.71,6.73,0.218,6
42.295,144.5442,40.707,4.3,58,170.0,2.315,0.57,us,8.94,9.55,0.079,45
-6.1184,147.6197,68.815,4.2,15,130.0,3.297,0.62,us,5.99,12.188,0.175,9
-24.2938,-175.6366,37.867,5.0,50,121.0,5.34,1.02,us,10.53,6.824,0.084,46
29.3459,129.6897,10.0,4.1,22,114.0,2.255,0.78,us,7.07,1.853,0.14,14
9.2684,93.9307,10.0,4.5,45,72.0,5.006,0.4,us,10.61,1.866,0.09,36
51.6259,160.4499,10.0,4.3,21,157.0,1.783,0.62,us,7.61,1.966,0.154,12
-55.9542,-27.8536,111.301,4.2,11,108.0,5.231,0.23,us,14.14,8.135,0.166,10
13.0289,145.1814,37.03,4.5,34,165.0,0.635,0.56,us,8.71,8.281,0.11,24
52.2925,160.7737,32.138,4.6,28,134.0,1.486,1.09,us,12.52,6.786,0.116,22
-5.3111,152.3367,43.703,4.5,54,93.0,1.045,0.92,us,7.17,7.5,0.084,45
50.3822,157.6686,35.163,4.4,47,136.0,2.715,0.72,us,11.49,7.796,0.062,75
49.1124,156.1915,35.0,4.3,21,138.0,4.112,1.08,us,7.8,1.949,0.125,18
-25.2274,-175.3988,10.0,4.7,21,76.0,9.62,0.57,us,12.44,1.913,0.134,23
-6.1946,130.5084,115.071,4.3,19,120.0,1.767,0.69,us,10.48,8.774,0.168,10
51.9177,158.8169,48.192,4.3,55,134.0,1.112,0.53,us,10.0,4.398,0.075,50
51.4892,159.7334,10.0,4.9,131,81.0,1.675,0.65,us,7.32,1.797,0.052,115
31.4219,139.9912,124.394,4.3,54,116.0,1.695,0.95,us,9.68,8.761,0.084,40
52.2212,160.3199,41.363,4.1,20,137.0,1.827,1.03,us,10.62,6.347,0.127,17
-56.9481,-140.8832,10.0,5.2,41,87.0,27.325,1.08,us,14.49,1.869,0.096,36
-18.6769,-178.0027,491.982,4.4,32,164.0,3.326,0.29,us,14.42,8.4,0.103,27
-33.632,-70.3934,106.948,4.4,39,87.0,0.143,0.43,us,5.96,4.722,0.127,19
35.4073,20.488,38.482,4.0,16,235.0,2.115,0.95,us,10.0,11.945,0.183,8
52.086,-30.5858,10.0,4.3,26,162.0,14.719,1.11,us,14.8,1.966,0.125,18
-17.084,-174.0827,96.721,5.0,136,50.0,3.858,0.65,us,9.58,6.438,0.025,526
52.6224,159.6677,48.87,4.3,52,120.0,0.737,0.76,us,8.21,6.077,0.083,41
-18.7187,-174.7279,87.54,4.7,71,54.0,4.559,0.52,us,11.0,3.383,0.06,85
-11.5254,166.2545,72.631,4.7,53,92.0,6.54,0.62,us,11.23,7.727,0.085,42
-20.9612,-69.0134,108.208,4.6,47,48.0,0.45,0.79,us,5.07,4.448,0.055,99
18.8533,120.5426,10.0,4.7,108,73.0,3.976,0.48,us,10.1,1.882,0.058,90
51.8962,158.5115,70.037,4.2,35,137.0,1.132,0.64,us,11.15,7.089,0.103,26
52.2457,160.2142,35.0,4.5,42,123.0,1.231,0.81,us,9.71,1.927,0.096,32
-21.6177,-68.623,135.912,4.2,16,88.0,0.602,0.7,us,6.78,5.852,0.236,5
51.2306,159.7408,10.0,4.4,20,253.0,1.917,1.15,us,14.8,1.999,0.134,16
-31.8714,-178.6489,39.236,4.6,25,240.0,6.205,0.7,us,14.6,7.685,0.11,25
-17.4618,-177.5031,394.174,4.6,104,76.0,3.148,0.87,us,10.83,7.746,0.042,175
-3.8546,128.4291,99.876,4.3,20,107.0,3.925,0.61,us,11.91,9.364,0.129,17
-8.9565,124.1623,108.412,4.6,20,125.0,0.8,1.05,us,6.33,7.94,0.145,14
27.6348,55.1537,10.0,4.1,20,144.0,2.84,0.81,us,12.44,1.914,0.158,11
16.4847,-59.6373,10.0,4.6,38,82.0,1.373,0.81,us,5.73,1.493,0.087,40
3.012,-31.3323,10.0,4.9,61,66.0,9.895,0.82,us,9.09,1.726,0.059,92
5.1687,126.6937,9.873,4.4,32,62.0,1.285,1.22,us,6.37,4.3,0.102,30
-55.4729,-28.2657,51.736,4.8,67,72.0,4.895,0.44,us,10.17,3.875,0.073,57
48.8917,154.9013,60.257,5.5,299,48.0,4.767,0.76,us,9.67,4.7,0.035,278
-20.875,-66.7739,217.89,4.5,44,66.0,2.347,1.02,us,7.89,8.724,0.048,125
52.2517,160.6461,31.476,4.3,18,166.0,1.441,1.26,us,14.48,8.417,0.147,13
51.3747,158.4227,53.255,4.7,213,57.0,1.657,0.67,us,9.1,6.678,0.031,308
12.9052,145.6098,10.0,4.5,32,114.0,0.992,0.59,us,7.57,1.91,0.116,23
43.5793,147.9402,35.0,4.3,22,137.0,3.851,0.53,us,12.26,1.945,0.129,17
37.2817,-24.4706,10.0,4.6,71,56.0,0.966,0.83,us,7.78,1.857,0.051,117
52.5274,157.9077,10.0,4.8,35,121.0,0.595,0.47,us,3.5,1.893,0.175,10
39.8297,72.8797,16.723,4.4,62,68.0,1.545,0.51,us,5.41,2.077,0.076,50
-0.7281,124.6327,58.426,4.5,39,51.0,1.887,1.06,us,5.96,9.749,0.113,23
53.0173,159.5249,73.11,4.3,24,173.0,0.529,0.63,us,10.78,8.829,0.129,17
32.3382,56.224,10.0,4.1,15,127.0,7.366,1.13,us,14.5,1.979,0.114,23
51.5808,160.6947,10.0,4.1,39,135.0,1.914,0.73,us,12.16,1.926,0.103,26
-32.1142,-70.0243,116.655,4.2,32,94.0,0.786,0.68,us,5.32,6.149,0.167,10
-21.9662,-179.5547,600.289,4.3,21,208.0,4.765,0.66,us,22.71,15.223,0.138,18
-12.4485,167.0104,230.059,4.3,49,90.0,2.986,0.82,us,11.87,8.616,0.083,41
-17.7943,-178.6656,565.087,4.3,82,111.0,2.289,0.71,us,13.08,8.307,0.062,72
-35.4508,53.763,10.0,4.5,12,127.0,11.97,0.68,us,16.14,1.74,0.242,7
52.5607,158.8308,75.31,4.2,31,133.0,0.476,0.77,us,8.91,6.536,0.107,24
19.0218,121.416,45.416,4.6,63,120.0,3.79,0.79,us,11.48,7.815,0.058,87
51.6609,159.3338,37.457,4.4,21,137.0,1.428,0.75,us,12.44,8.145,0.154,12
29.3423,129.4711,10.0,4.6,27,129.0,2.32,0.75,us,9.41,1.906,0.132,17
53.8028,158.2148,10.0,4.3,23,92.0,0.761,0.38,us,7.64,1.889,0.142,14
53.6168,162.1129,10.0,4.2,13,111.0,2.161,1.1,us,8.59,1.922,0.167,12
-6.3028,146.7093,107.146,4.3,32,126.0,3.114,0.82,us,7.52,8.634,0.105,26
-18.3122,-177.8989,582.713,4.2,19,144.0,3.182,0.47,us,15.78,10.306,0.14,14
50.0369,159.4184,10.0,4.8,62,135.0,3.029,0.58,us,9.4,1.891,0.034,269
43.3095,146.1939,35.0,4.3,23,200.0,2.586,0.61,us,7.24,2.009,0.142,15
-4.2459,123.2959,25.0,4.6,79,34.0,0.861,0.63,us,5.47,4.846,0.073,56
49.5558,156.7439,43.16,5.2,109,44.0,3.607,1.27,us,8.7,5.09,0.024,600
-24.0319,-66.6751,190.999,4.4,30,69.0,1.75,0.79,us,9.2,8.135,0.117,21
3.1767,65.3473,10.0,4.3,16,209.0,15.977,0.56,us,10.13,1.953,0.188,8
-5.0493,131.0181,42.308,4.3,32,70.0,1.227,0.86,us,6.02,6.738,0.129,17
5.6799,125.8014,145.957,4.4,76,106.0,0.994,0.86,us,5.75,4.968,0.065,69
39.4926,143.3176,10.0,4.4,34,136.0,2.159,0.66,us,8.22,1.915,0.114,22
9.2761,126.7381,35.0,4.4,37,111.0,2.474,0.37,us,13.32,1.938,0.096,31
15.9993,119.9288,55.586,4.5,43,113.0,6.869,1.01,us,11.38,7.169,0.089,37
51.6777,160.4766,35.0,4.4,12,138.0,1.753,0.53,us,11.71,1.95,0.189,8
-54.7666,-130.2807,10.0,4.9,23,182.0,32.545,0.73,us,13.06,1.955,0.123,21
-57.8235,157.5935,10.0,4.2,16,109.0,3.417,0.38,us,15.27,1.929,0.16,11
-29.8654,-71.6231,38.429,4.2,29,148.0,0.338,0.61,us,5.18,8.352,0.175,9
-4.4299,35.1133,10.0,4.6,14,145.0,3.576,1.43,us,10.97,1.952,0.206,7
35.5143,26.5019,10.0,4.0,22,128.0,0.539,1.01,us,4.3,1.888,0.143,13
18.2699,145.4569,493.731,4.0,29,98.0,3.029,0.52,us,17.63,11.59,0.106,24
51.2727,158.5086,35.0,4.3,27,171.0,1.756,0.74,us,10.75,1.987,0.122,19
53.0361,160.8224,31.363,4.9,81,129.0,1.312,0.67,us,10.46,5.579,0.043,167
-20.5498,-177.7108,533.717,4.2,32,151.0,4.88,0.85,us,14.67,10.288,0.106,25
4.9696,95.9887,10.0,4.6,20,131.0,0.989,0.88,us,7.46,1.899,0.182,9
12.6049,-89.8876,10.0,4.5,96,179.0,1.294,0.6,us,6.06,1.959,0.053,103
51.8867,160.0027,35.0,4.2,24,175.0,1.408,1.29,us,10.41,1.972,0.177,12
51.3956,157.9937,60.809,4.9,201,123.0,1.68,0.57,us,9.74,6.511,0.042,179
51.8474,160.5503,10.0,4.5,13,218.0,1.655,0.56,us,7.78,1.982,0.313,4
-7.561,119.4745,270.512,4.1,15,98.0,2.1,0.5,us,9.5,8.169,0.233,6
-4.39,153.0537,10.0,4.6,29,119.0,0.909,1.33,us,7.13,1.889,0.129,26
53.3968,-163.5758,11.462,3.6,68,189.0,1.254,0.51,us,4.15,6.481,0.157,10
-2.862,101.1384,62.216,4.5,40,189.0,2.346,0.75,us,9.9,9.426,0.104,27
37.7225,144.546,10.0,4.0,18,156.0,4.084,0.77,us,11.96,1.95,0.144,13
34.3744,16.3847,10.0,4.5,39,113.0,3.5,0.8,us,8.7,1.909,0.11,24
29.1445,57.9672,10.0,4.4,74,62.0,4.468,0.48,us,9.43,1.862,0.065,67
53.1209,160.1547,54.757,4.6,55,133.0,0.913,0.92,us,11.24,7.632,0.066,69
50.4486,157.5188,35.0,5.0,58,140.0,2.666,0.62,us,10.87,1.925,0.091,39
44.0547,83.4228,10.0,4.6,53,93.0,2.853,0.74,us,7.8,1.883,0.087,40
52.2812,159.8921,35.0,4.7,31,133.0,1.061,0.96,us,11.43,1.952,0.153,13
-8.5261,118.3772,134.968,4.6,51,62.0,0.665,0.81,us,7.81,6.515,0.094,36
-3.3941,149.0769,10.0,4.3,23,120.0,2.173,0.59,us,6.02,1.836,0.143,14
-0.8451,121.9119,10.0,4.5,38,57.0,0.881,0.98,us,5.56,1.889,0.112,23
52.119,160.5188,26.651,4.0,17,167.0,1.984,1.03,us,12.51,8.326,0.144,13
-17.4834,-172.1175,10.0,4.6,27,97.0,2.615,1.12,us,4.66,1.905,0.125,19
22.9169,94.4797,100.305,4.6,79,58.0,4.839,0.82,us,9.23,6.922,0.071,59
-8.0366,117.0017,10.0,4.2,19,82.0,1.098,1.05,us,6.51,1.913,0.176,10
12.0909,-88.2878,10.0,4.7,48,174.0,1.37,0.94,us,6.3,1.941,0.046,146
-3.514,152.1501,272.316,4.4,39,152.0,4.996,0.79,us,10.83,8.231,0.093,33
-5.9761,130.804,122.091,5.0,80,19.0,3.361,0.63,us,7.34,6.805,0.053,115
54.5417,114.3827,10.0,4.3,18,155.0,5.235,1.05,us,10.32,1.976,0.11,23
52.273,160.0847,35.0,4.2,22,162.0,1.153,0.74,us,9.18,1.956,0.159,11
52.5535,160.6703,10.0,4.8,88,116.0,1.314,0.96,us,8.4,1.876,0.034,269
-0.2594,-16.1735,10.0,4.7,20,119.0,13.225,0.44,us,16.78,1.925,0.137,16
52.6271,160.8772,10.0,4.1,26,137.0,1.409,0.75,us,11.35,1.919,0.14,15
50.7794,156.963,87.079,4.3,36,138.0,2.376,0.58,us,12.81,7.806,0.107,25
-5.4174,129.2534,258.344,4.0,26,59.0,1.101,0.62,us,10.16,8.331,0.165,10
-9.0215,117.0613,10.0,4.2,12,102.0,0.732,0.39,us,6.48,1.932,0.216,7
33.3671,141.0696,35.0,4.5,25,125.0,1.082,0.75,us,6.68,1.943,0.156,12
50.4134,159.0824,10.0,4.8,57,133.0,2.628,1.33,us,8.78,1.888,0.087,41
-16.2898,66.8529,10.0,4.7,42,57.0,4.781,0.48,us,11.34,1.854,0.093,35
25.5376,95.3851,121.537,4.3,35,112.0,4.333,0.68,us,7.59,7.434,0.108,26
42.971,18.711,10.0,4.1,36,72.0,0.676,0.3,us,5.46,1.971,0.368,2
51.253,-174.8606,10.0,3.7,28,226.0,0.99,0.81,us,3.16,1.974,0.168,9
21.285,144.4126,127.692,4.1,36,114.0,6.131,0.58,us,9.99,7.866,0.091,34
-57.6504,-8.7007,10.0,4.4,11,118.0,14.287,0.51,us,15.55,1.193,0.17,10
52.8438,159.6073,56.032,4.1,14,164.0,0.607,0.39,us,12.42,7.096,0.184,9
51.5226,157.9347,64.581,4.3,25,125.0,1.566,0.52,us,9.23,8.021,0.125,18
45.587,26.4287,130.66,4.2,48,51.0,0.353,0.87,us,7.41,5.219,0.104,26
51.991,160.5353,10.0,4.3,22,125.0,1.548,0.54,us,9.9,1.908,0.129,20
-17.2837,-178.5077,550.557,4.3,31,130.0,14.227,0.55,us,15.73,9.888,0.101,28
-20.2339,-68.6438,135.641,4.2,14,94.0,0.487,0.35,us,9.07,5.386,0.187,8
52.3144,159.5397,35.0,5.7,39,58.0,0.893,0.98,us,9.24,1.89,0.12,25
49.8014,155.6968,70.762,4.5,78,135.0,3.54,0.5,us,9.33,6.44,0.056,95
9.6159,138.2209,10.0,4.6,27,96.0,4.34,0.73,us,9.88,1.902,0.107,26
52.6365,160.7446,10.0,4.9,120,116.0,1.329,0.92,us,9.45,1.88,0.052,115
9.1609,122.607,10.0,4.5,22,100.0,3.602,0.74,us,7.53,1.912,0.132,17
53.2233,159.5924,67.161,4.4,123,133.0,0.602,0.77,us,10.15,6.92,0.051,111
-21.7185,-179.4396,598.632,4.4,53,177.0,4.605,0.73,us,15.49,9.31,0.082,43
49.4127,156.648,10.0,4.4,25,138.0,3.759,1.24,us,10.69,1.912,0.12,20
49.1447,156.1278,35.0,4.2,27,167.0,4.09,1.31,us,11.89,1.956,0.128,17
8.8276,-83.937,10.0,4.4,26,145.0,0.91,0.8,us,8.17,1.907,0.131,17
18.8319,146.0976,116.375,4.2,28,99.0,3.583,0.46,us,12.25,7.263,0.11,23
2.8767,-31.3804,10.0,4.7,30,46.0,9.754,0.77,us,7.86,1.853,0.117,27
-24.0946,178.8141,568.857,4.4,32,113.0,6.358,0.8,us,13.22,11.771,0.112,23
-6.9907,125.3891,503.495,4.4,17,88.0,2.962,0.71,us,12.73,11.552,0.155,12
51.9687,159.7249,35.0,4.2,49,234.0,1.244,0.51,us,5.58,2.014,0.075,50
50.6536,156.7887,75.01,4.3,75,98.0,2.522,0.69,us,11.22,6.661,0.069,59
51.1468,159.5447,22.326,4.5,30,122.0,1.959,0.99,us,9.78,5.956,0.113,23
51.8869,161.3549,10.0,4.3,57,126.0,2.009,0.65,us,10.1,1.907,0.058,85
52.8321,161.3073,32.337,4.5,64,119.0,1.62,0.82,us,10.19,6.056,0.041,176
-47.7615,116.0503,10.0,4.3,15,142.0,14.844,0.52,us,12.75,1.86,0.16,11
44.0395,147.4985,35.0,4.3,26,137.0,3.536,0.68,us,11.63,1.948,0.143,14
50.0476,159.5665,10.0,4.3,42,138.0,3.034,0.66,us,10.91,1.909,0.099,29
-15.8655,-72.0021,10.0,4.2,17,155.0,2.954,0.76,us,11.43,1.939,0.236,5
-12.5691,-71.1653,10.0,4.7,78,53.0,4.723,0.75,us,8.58,1.808,0.047,140
29.2721,129.5069,10.0,4.5,43,111.0,2.375,0.99,us,7.16,1.914,0.104,27
50.2685,158.5438,10.0,4.7,39,133.0,2.76,0.81,us,6.78,1.708,0.072,67
52.299,160.5772,10.0,4.9,128,117.0,1.38,1.11,us,8.16,1.871,0.038,249
26.1958,125.128,185.198,4.6,58,53.0,1.981,0.83,us,7.94,7.904,0.069,71
50.191,-179.3977,10.0,3.7,52,243.0,1.413,0.55,us,6.66,1.978,0.115,19
49.3741,155.5437,59.187,4.5,25,138.0,3.977,0.76,us,11.29,8.224,0.124,19
13.7848,120.7204,148.78,4.9,78,65.0,8.206,0.94,us,9.19,6.046,0.038,217
-37.6986,51.5081,10.0,4.4,25,82.0,18.984,1.17,us,14.03,1.895,0.117,21
50.9505,157.4312,72.557,4.3,36,128.0,2.167,0.77,us,9.87,6.784,0.099,29
33.4025,142.3802,10.0,4.5,29,150.0,2.169,0.55,us,6.93,1.759,0.145,14
52.5731,160.2333,10.0,4.6,48,162.0,1.062,0.77,us,12.43,1.962,0.094,34
-5.5494,147.3749,197.913,5.0,111,30.0,3.483,0.94,us,6.42,4.518,0.039,220
51.752,160.1481,10.0,4.2,24,156.0,1.57,0.94,us,10.18,1.971,0.128,17
-27.2389,-63.2084,552.378,5.0,123,45.0,5.201,0.75,us,11.82,8.309,0.042,178
-6.7226,130.0323,157.367,4.5,29,44.0,2.189,0.96,us,5.13,8.581,0.102,28
-9.1708,123.6698,35.0,4.1,15,118.0,0.827,0.7,us,5.23,1.962,0.233,5
52.1663,160.0372,10.0,5.1,42,123.0,1.205,0.84,us,6.25,1.727,0.087,43
0.0162,129.5122,19.574,4.2,19,97.0,1.953,0.48,us,8.63,4.962,0.153,12
-5.3606,152.0168,40.862,4.7,49,154.0,6.272,0.76,us,14.49,7.708,0.065,72
1.0561,125.534,72.012,4.6,77,64.0,0.794,0.88,us,5.7,6.28,0.055,101
52.7787,160.924,10.0,4.6,74,119.0,1.399,0.95,us,6.06,1.744,0.063,75
-7.6961,127.6235,174.724,4.1,31,52.0,3.884,1.38,us,8.61,6.096,0.12,22
4.6976,96.901,10.182,4.6,48,59.0,0.53,0.67,us,5.47,4.255,0.085,41
-17.9522,-178.1792,557.575,4.1,22,83.0,2.763,0.37,us,15.44,10.668,0.127,17
-1.1583,129.6805,10.0,4.6,30,55.0,1.605,0.86,us,6.88,1.894,0.117,22
13.1316,124.1919,85.683,4.9,93,55.0,6.176,0.8,us,8.92,6.554,0.045,152
51.3044,159.6645,10.0,4.6,46,86.0,1.832,0.96,us,8.23,1.873,0.084,43
-35.5189,-178.9917,10.0,4.2,10,260.0,2.982,0.41,us,14.88,2.002,0.216,6
52.7885,160.5759,38.152,5.1,127,100.0,1.19,0.65,us,10.43,5.304,0.024,586
50.0735,158.2095,10.0,4.4,29,134.0,2.967,0.67,us,11.06,1.926,0.114,22
36.0355,31.122,65.244,4.1,55,139.0,1.21,1.03,us,6.01,9.382,0.095,31
52.4255,163.6086,10.0,4.5,67,135.0,3.074,0.53,us,11.43,1.917,0.057,89
52.9672,161.0749,32.558,4.0,21,186.0,1.467,0.67,us,15.4,4.508,0.15,12
53.4925,160.273,53.438,4.4,55,114.0,1.082,1.0,us,9.14,7.524,0.079,46
52.3971,160.5343,35.0,4.2,26,121.0,1.307,0.62,us,9.9,1.946,0.095,31
60.6578,-139.9672,5.0,4.2,47,48.0,0.536,1.22,us,1.71,1.883,0.16,11
17.2447,147.2647,32.167,4.7,119,133.0,2.445,1.22,us,10.14,3.13,0.048,133
-30.7593,-177.8487,49.896,4.5,20,114.0,1.494,0.95,us,11.64,9.38,0.135,16
-6.1098,149.8655,35.0,4.3,19,129.0,2.978,0.36,us,10.48,1.956,0.142,14
51.3679,159.5568,10.0,4.4,32,137.0,1.749,1.16,us,12.33,1.925,0.101,28
27.9898,50.4539,10.0,4.1,13,195.0,5.979,1.1,us,9.75,2.004,0.262,4
16.4171,41.5819,10.0,4.2,35,109.0,5.01,0.92,us,10.41,1.925,0.1,28
-17.9312,-178.5335,597.459,4.3,49,122.0,2.47,0.74,us,10.39,7.507,0.043,153
54.2088,-159.9883,10.0,3.8,46,162.0,0.665,0.98,us,4.07,1.895,0.114,20
50.7266,158.0204,25.865,4.6,70,130.0,2.333,1.04,us,7.01,3.665,0.053,108
-8.4443,-75.2197,128.399,4.8,44,110.0,3.866,0.66,us,10.61,7.663,0.056,98
34.6027,70.7233,10.0,4.2,34,124.0,1.314,0.92,us,8.85,1.911,0.108,24
-31.7668,-69.7166,113.316,4.5,46,61.0,0.919,0.95,us,4.59,6.758,0.125,19
50.1621,158.8847,10.0,5.1,77,96.0,2.869,0.9,us,8.87,1.816,0.028,408
-13.7132,167.0066,58.966,4.7,35,118.0,1.734,0.33,us,13.85,7.014,0.095,34
51.652,-173.4891,35.0,4.2,106,134.0,0.704,0.58,us,5.53,1.929,0.045,136
17.916,147.4196,10.0,4.4,50,128.0,3.086,1.19,us,10.65,1.881,0.077,48
53.0356,160.8122,35.0,4.3,14,171.0,1.306,0.76,us,14.05,1.986,0.238,5
53.2956,159.9478,60.943,4.3,20,142.0,0.828,0.7,us,12.36,11.465,0.168,10
7.0629,126.8262,68.937,4.6,57,125.0,1.238,1.19,us,8.56,7.364,0.076,51
36.504,70.8658,187.072,4.0,47,82.0,2.219,1.17,us,8.24,8.334,0.144,13
37.6266,144.1385,10.0,4.4,26,135.0,3.959,0.67,us,6.66,1.856,0.134,16
51.3118,159.4683,28.881,4.3,22,121.0,2.103,0.72,us,10.81,5.881,0.126,18
-57.7279,157.6139,10.0,4.9,31,106.0,3.322,0.83,us,10.21,1.832,0.108,27
-23.7781,179.867,539.321,4.4,21,133.0,6.238,0.72,us,15.68,11.43,0.138,20
2.8616,95.4683,22.783,4.4,39,204.0,2.613,0.66,us,10.42,7.101,0.103,27
15.2275,-104.0943,10.0,4.0,32,262.0,4.628,0.61,us,13.16,2.022,0.093,32
36.7989,74.5496,10.0,4.7,77,84.0,2.231,0.73,us,9.58,1.841,0.062,79
9.3326,93.9986,10.0,4.5,28,178.0,5.584,0.67,us,12.24,1.936,0.118,21
51.3084,159.5687,10.0,4.3,27,138.0,1.808,1.02,us,9.91,1.93,0.122,19
51.4435,159.1498,25.927,4.6,47,137.0,1.612,1.04,us,12.8,6.595,0.068,67
-57.2423,-67.0049,10.0,4.7,39,144.0,2.342,0.57,us,15.61,1.94,0.096,33
14.5854,-91.5632,127.024,4.0,52,128.0,0.026,0.56,us,8.27,10.675,0.076,47
24.6798,94.7389,93.408,4.9,80,49.0,5.602,0.94,us,8.61,5.744,0.054,110
-44.1935,38.2596,10.0,4.6,24,127.0,9.841,0.51,us,13.02,1.899,0.119,21
40.9601,143.1043,35.0,4.0,16,175.0,1.055,0.74,us,6.25,1.974,0.196,7
13.0056,143.3197,212.328,4.3,26,101.0,1.615,0.66,us,14.13,9.603,0.125,18
5.5018,126.3808,94.639,4.9,95,106.0,1.179,0.63,us,6.96,6.739,0.062,81
45.7091,26.5334,127.609,4.2,29,70.0,0.467,0.74,us,8.12,6.673,0.152,12
1.8281,125.0723,193.777,4.3,36,97.0,0.447,0.72,us,7.97,5.482,0.106,25
51.1511,159.1691,10.0,4.4,34,137.0,1.902,0.56,us,11.33,1.925,0.107,25
2.5667,-31.1345,10.0,4.8,52,156.0,20.209,0.71,us,13.76,1.928,0.08,48
3.0762,-31.3443,10.0,4.6,26,113.0,20.448,0.83,us,5.77,1.895,0.119,21
51.0353,158.6013,35.0,4.6,101,129.0,1.991,0.78,us,8.29,1.911,0.053,105
54.4797,-160.273,35.005,4.0,61,154.0,0.531,0.61,us,4.84,8.816,0.13,17
-1.0546,122.0296,22.132,4.3,41,52.0,0.742,1.16,us,3.63,5.462,0.103,28
-3.9403,99.2707,10.0,4.3,19,158.0,3.699,0.55,us,13.86,1.943,0.153,12
49.9927,159.5848,10.0,4.3,31,133.0,3.091,0.55,us,11.74,1.916,0.111,23
-52.149,14.7784,10.0,4.3,13,119.0,20.24,0.85,us,15.08,1.957,0.168,12
50.0176,159.243,10.0,4.3,67,136.0,3.033,0.63,us,9.84,1.924,0.074,52
17.4304,-63.1106,126.347,4.4,61,66.0,0.138,0.55,us,7.0,4.094,0.099,29
50.0408,159.4326,10.0,4.2,34,229.0,3.027,0.81,us,11.78,1.98,0.108,24
18.7861,-46.1404,10.0,4.6,53,113.0,19.914,0.72,us,15.6,1.917,0.082,44
-21.1239,-68.6028,130.609,4.1,16,101.0,0.83,0.61,us,5.72,6.844,0.261,4
-21.635,-68.4076,121.731,4.5,33,90.0,0.792,0.83,us,5.41,6.238,0.113,23
51.6531,159.3432,35.0,5.1,57,126.0,1.437,0.91,us,8.87,1.91,0.081,50
55.8662,165.0013,10.0,4.3,36,133.0,4.674,0.68,us,12.41,1.909,0.111,23
-7.455,128.3425,134.732,4.3,14,107.0,5.952,0.71,us,13.07,4.298,0.187,8
49.1483,156.5494,35.0,4.2,14,194.0,4.031,0.59,us,13.37,1.96,0.236,6
-18.1853,167.9304,25.671,4.5,13,180.0,2.811,0.68,us,9.93,11.044,0.192,8
53.1014,159.7165,74.396,4.7,72,122.0,1.216,0.63,us,11.42,7.167,0.047,136
-17.4239,-179.0828,562.052,4.2,45,122.0,1.754,0.59,us,12.99,8.811,0.087,37
52.0083,159.9324,35.0,4.9,53,156.0,1.753,1.15,us,7.25,1.89,0.064,98
-19.75,169.6761,241.798,5.0,69,38.0,3.527,0.73,us,7.4,4.409,0.038,224
51.8718,158.3396,43.391,4.4,38,124.0,1.169,0.76,us,10.16,7.663,0.088,37
36.9108,141.6126,35.0,4.2,27,143.0,2.759,1.03,us,8.03,1.952,0.159,11
-9.8854,116.6311,54.034,4.1,17,104.0,1.544,0.45,us,8.08,5.198,0.174,9
24.6834,122.4083,10.0,4.9,50,44.0,0.59,0.77,us,2.87,1.872,0.085,44
10.6395,-86.5681,10.0,4.6,138,171.0,1.241,1.07,us,7.13,1.936,0.041,172
52.5238,161.8006,10.0,4.2,38,176.0,1.978,0.61,us,11.0,1.959,0.087,37
-35.5682,-179.2947,10.0,4.3,24,228.0,2.773,0.96,us,11.95,1.994,0.147,13
-9.8966,160.1145,10.0,4.6,61,76.0,0.484,0.87,us,6.91,1.879,0.069,63
51.727,159.6954,31.565,4.9,56,126.0,1.448,1.04,us,9.69,5.666,0.082,46
-29.6146,-176.6915,10.0,4.6,12,133.0,8.955,0.85,us,13.4,1.902,0.193,8
-52.8739,21.8555,10.0,4.4,16,96.0,20.367,0.28,us,14.44,1.911,0.143,14
11.6158,140.7343,47.872,4.7,44,61.0,4.487,0.63,us,8.33,5.485,0.067,68
37.8913,144.1022,10.0,4.3,29,156.0,3.731,0.48,us,10.23,1.935,0.142,14
52.9209,160.4597,35.0,4.4,27,158.0,1.099,1.23,us,9.61,1.915,0.112,24
37.5486,142.2691,35.0,4.4,50,127.0,3.4,1.24,us,9.28,1.911,0.091,35
-10.2715,161.2607,108.087,5.0,82,33.0,1.536,0.72,us,9.51,4.987,0.046,233
-32.3472,-71.9528,30.24,4.2,27,185.0,0.721,0.37,us,3.69,7.552,0.263,4
-7.3832,123.8029,559.942,4.1,34,64.0,2.401,0.83,us,11.38,7.259,0.15,13
54.04,-159.6814,10.0,4.2,27,209.0,0.794,0.46,us,5.76,1.963,0.237,5
49.0002,155.6825,54.831,4.2,31,75.0,4.305,0.53,us,11.47,6.084,0.098,29
-6.2398,151.8498,10.0,4.7,43,82.0,1.928,0.49,us,9.5,1.905,0.088,39
50.3429,159.5699,10.0,4.7,134,71.0,2.745,0.72,us,8.07,1.679,0.033,277
49.7634,155.8637,77.256,4.2,30,152.0,3.541,0.51,us,14.26,9.094,0.125,22
7.234,127.0011,64.971,5.1,55,115.0,1.42,0.83,us,9.54,7.71,0.079,52
-16.8066,-173.0344,36.396,4.4,21,74.0,3.124,0.92,us,9.09,7.606,0.144,15
54.4343,165.77,10.0,4.6,91,103.0,4.458,0.59,us,9.73,1.875,0.052,111
50.3522,159.1485,10.0,4.9,178,134.0,2.693,0.74,us,8.43,1.884,0.044,160
-21.363,-67.6842,211.606,4.3,30,60.0,1.512,0.62,us,5.89,8.642,0.142,14
51.2463,157.8629,58.287,6.0,121,72.0,1.845,0.96,us,11.18,6.932,0.023,692
-5.0229,151.5509,142.497,4.6,48,78.0,1.027,0.65,us,6.51,6.72,0.079,47
52.5004,159.003,45.918,4.9,26,181.0,0.566,0.58,us,10.32,8.379,0.323,3
51.0066,158.1956,35.0,4.2,25,122.0,2.039,0.73,us,12.54,1.934,0.128,18
52.6973,161.3613,10.0,4.1,15,197.0,1.676,1.02,us,12.04,1.998,0.262,5
-20.7601,-71.9799,10.0,4.5,36,139.0,1.71,0.77,us,6.79,1.904,0.171,10
-57.6915,157.3496,10.0,4.7,26,93.0,3.323,0.85,us,12.85,1.879,0.117,22
53.3263,159.4113,77.507,4.2,23,163.0,0.55,0.89,us,15.22,10.214,0.128,17
50.7234,158.5847,27.416,4.2,33,223.0,2.304,0.68,us,12.41,7.593,0.107,24
36.5447,70.3631,198.877,4.4,46,86.0,2.259,0.72,us,4.83,9.046,0.117,21
37.793,142.0056,58.649,4.3,23,133.0,3.08,0.5,us,8.08,7.705,0.2,8
-32.6819,-71.8419,27.573,4.1,27,181.0,0.972,1.0,us,3.68,7.513,0.262,4
-9.8339,114.1307,36.132,4.2,19,110.0,1.355,1.07,us,4.36,8.398,0.16,11
2.9189,125.8797,131.199,4.6,58,93.0,1.796,0.88,us,3.64,6.878,0.081,45
53.4045,160.2181,50.097,4.1,17,181.0,1.017,0.6,us,14.54,14.826,0.174,10
51.7045,178.15,113.077,4.5,92,82.0,0.331,0.51,us,7.9,3.881,0.053,105
-60.346,-31.3399,10.0,4.7,17,70.0,6.685,0.35,us,11.45,1.916,0.138,16
2.9103,-31.5242,10.0,4.5,30,82.0,9.718,1.01,us,12.02,1.89,0.099,30
50.6681,157.8147,35.0,4.7,60,130.0,2.415,0.87,us,9.13,1.922,0.039,201
51.3472,157.5132,83.04,4.4,111,133.0,1.768,0.58,us,10.38,7.377,0.043,155
9.2305,93.9309,10.0,4.5,44,101.0,5.638,0.57,us,12.54,1.892,0.091,35
42.2717,144.5511,35.46,4.8,80,133.0,1.068,1.03,us,7.51,7.204,0.029,365
44.4754,149.4194,47.853,5.0,121,105.0,4.913,0.77,us,10.63,5.684,0.044,161
29.3037,129.4602,10.0,4.7,77,87.0,2.359,0.73,us,6.89,1.856,0.072,58
52.2664,160.2345,35.0,4.7,36,140.0,1.228,1.37,us,11.06,1.939,0.093,35
53.3547,161.6702,25.139,4.5,31,116.0,1.847,0.82,us,10.16,5.684,0.122,20
26.3136,92.7974,35.0,4.3,43,146.0,3.685,0.64,us,9.54,1.94,0.103,27
42.9679,145.383,46.696,4.2,59,166.0,1.902,0.68,us,8.57,8.21,0.086,38
-56.0172,-26.6096,10.0,5.3,74,68.0,5.924,0.94,us,10.73,1.09,0.062,90
50.9121,160.1227,10.0,4.4,38,223.0,2.302,0.67,us,11.44,1.981,0.095,32
29.1179,129.1083,10.0,4.2,25,128.0,2.39,0.67,us,6.87,1.62,0.159,11
-17.9316,-178.5544,601.529,4.2,53,124.0,7.644,0.56,us,7.0,9.11,0.067,61
52.0519,160.2866,10.0,4.5,90,118.0,1.901,0.73,us,9.63,1.896,0.056,93
52.2071,160.475,27.885,4.9,122,134.0,1.381,0.88,us,9.41,5.536,0.055,105
0.2625,122.0601,180.452,4.8,52,97.0,2.991,0.53,us,8.11,5.829,0.072,61
53.0676,159.674,59.216,4.3,64,163.0,0.62,0.75,us,13.22,8.958,0.075,50
-17.8062,-178.7594,564.786,4.3,59,120.0,2.223,0.73,us,14.34,8.272,0.044,145
29.296,129.2675,10.0,4.4,35,78.0,2.432,0.73,us,6.01,1.602,0.114,22
-14.8362,-172.7856,10.0,4.9,36,100.0,1.34,0.6,us,7.61,1.803,0.12,22
-34.6811,-73.8003,10.0,4.4,30,139.0,2.08,0.82,us,7.46,1.9,0.139,15
52.2207,160.1556,39.277,4.2,31,123.0,1.22,0.69,us,10.63,7.738,0.103,26
-7.0521,155.195,10.0,5.1,78,49.0,4.145,0.52,us,8.56,1.793,0.063,82
50.9977,157.1853,79.916,4.0,16,134.0,2.137,0.39,us,9.72,8.887,0.164,10
52.9664,159.7556,57.486,5.0,116,107.0,0.671,0.96,us,7.9,5.252,0.028,397
-4.4208,35.1184,10.0,4.3,13,93.0,3.566,0.59,us,8.74,1.945,0.201,7
-8.1338,119.7553,185.305,4.4,38,58.0,1.617,0.68,us,7.25,1.522,0.095,32
51.3292,159.5839,10.0,4.9,79,205.0,1.792,0.58,us,10.43,1.953,0.062,82
-3.1047,139.1156,63.391,4.1,26,103.0,0.998,0.96,us,5.29,5.733,0.131,16
42.9627,146.0068,32.171,4.5,62,109.0,2.738,1.05,us,7.63,5.536,0.049,121
51.9812,159.8638,10.0,5.0,63,121.0,1.281,0.74,us,5.58,1.71,0.064,78
6.9072,92.3559,10.0,4.1,46,100.0,4.86,0.62,us,9.35,1.899,0.091,37
52.2697,160.473,10.0,4.7,60,162.0,1.343,1.0,us,10.09,1.929,0.063,76
-6.1051,147.7672,10.0,4.3,15,164.0,3.333,0.93,us,10.91,1.964,0.16,11
-22.8243,-175.3111,10.0,4.7,23,156.0,6.813,0.35,us,11.42,1.691,0.126,19
-55.2037,-27.9048,10.0,4.3,17,197.0,5.058,0.7,us,15.72,1.956,0.154,12
-20.9301,-67.4047,187.696,4.6,45,51.0,1.817,1.13,us,7.1,7.433,0.093,35
-20.6644,-173.6545,10.0,4.3,21,113.0,3.847,0.73,us,12.84,1.919,0.133,18
43.3963,148.0922,10.0,4.6,46,135.0,3.89,0.87,us,11.29,1.831,0.096,32
12.6134,-90.5534,10.0,4.3,48,207.0,1.486,0.92,us,9.06,1.992,0.087,37
9.126,126.8851,10.0,4.4,19,137.0,2.418,0.88,us,10.07,1.91,0.149,13
-55.3315,-27.9668,26.371,4.6,45,58.0,5.04,0.92,us,11.84,4.892,0.099,35
11.6512,125.5795,55.483,4.2,16,136.0,4.552,0.56,us,13.41,9.367,0.199,8
52.4967,160.8433,10.0,4.4,18,132.0,1.433,1.17,us,11.94,1.928,0.149,13
33.1712,-39.6429,10.0,4.7,21,94.0,12.386,0.79,us,11.72,1.806,0.137,16
52.8408,160.0032,46.784,4.8,84,127.0,0.839,0.8,us,9.52,6.872,0.034,265
48.8248,155.9886,10.0,4.5,28,138.0,4.423,0.8,us,12.93,1.91,0.122,20
53.3822,-165.0161,39.246,3.6,63,168.0,0.834,1.21,us,5.94,9.854,0.157,10
28.335,142.823,10.0,4.5,17,158.0,1.358,1.03,us,9.35,1.947,0.191,8
52.3554,-171.4945,50.41,4.3,33,174.0,1.04,0.93,us,8.28,6.504,0.188,9
53.3085,159.6693,71.816,4.5,177,128.0,0.677,0.72,us,9.69,6.384,0.043,163
13.4269,53.9278,10.0,4.3,17,192.0,10.984,0.48,us,15.97,1.99,0.16,12
51.4434,161.1637,10.0,4.3,20,138.0,2.212,0.38,us,10.12,1.871,0.137,15
-56.0306,-26.7365,38.15,5.2,115,57.0,5.858,0.57,us,10.77,5.004,0.06,91
-30.654,-71.2748,56.106,4.6,53,78.0,0.311,0.64,us,4.95,5.684,0.107,26
39.5461,143.3292,31.708,4.9,66,131.0,2.134,0.92,us,7.82,5.35,0.077,54
44.3837,149.5287,35.0,5.1,82,98.0,4.989,0.85,us,10.0,1.861,0.075,57
23.6208,100.6849,10.0,4.4,28,81.0,2.535,1.02,us,9.13,1.901,0.143,15
51.7781,159.7399,35.0,4.7,36,125.0,1.415,0.64,us,7.1,1.804,0.111,25
50.0861,158.3665,18.535,4.9,50,134.0,2.947,0.87,us,9.77,4.526,0.089,40
38.5812,24.1399,10.0,3.7,16,106.0,1.476,0.96,us,6.06,1.969,0.357,2
50.1142,157.2083,35.0,4.6,80,115.0,3.014,0.61,us,9.03,1.88,0.056,94
51.0335,159.3382,10.0,4.0,21,185.0,2.038,0.44,us,11.56,1.956,0.184,8
29.236,129.314,10.0,4.4,43,113.0,2.47,1.01,us,6.92,1.79,0.097,31
36.4762,70.2681,200.224,4.0,21,162.0,2.164,0.48,us,10.68,10.671,0.138,14
10.3866,121.8794,10.0,4.7,70,98.0,4.923,0.73,us,8.96,1.889,0.059,88
51.5022,-168.5208,10.0,3.4,41,219.0,1.484,0.61,us,6.6,1.987,0.148,11
39.4386,143.6861,10.0,4.3,36,127.0,2.421,0.74,us,4.21,1.917,0.119,20
-56.8896,-142.2559,10.0,4.5,12,154.0,28.009,0.37,us,13.91,1.932,0.163,14
-16.3254,167.4168,27.168,4.9,29,170.0,0.897,0.58,us,9.93,6.68,0.116,23
50.4326,159.5148,10.0,4.2,20,227.0,2.65,0.83,us,10.21,1.926,0.176,10
50.4387,158.3035,10.0,4.3,31,132.0,2.597,0.93,us,7.22,1.874,0.125,18
50.322,159.4558,10.0,4.0,18,229.0,2.751,0.62,us,13.06,1.964,0.164,10
51.9508,159.3584,47.65,4.4,24,124.0,1.158,0.32,us,8.15,7.995,0.123,19
3.2525,126.2225,50.714,4.5,30,58.0,1.647,0.57,us,7.18,8.49,0.125,19
51.4043,-174.1167,35.0,3.7,39,204.0,0.8,1.04,us,4.91,1.975,0.13,17
-7.966,122.8202,233.285,4.0,22,51.0,0.88,0.53,us,7.8,6.738,0.184,10
4.709,96.1449,10.0,4.5,26,133.0,0.951,0.67,us,7.1,1.876,0.136,18
50.0075,157.8292,10.0,4.4,36,133.0,3.063,0.7,us,10.17,1.902,0.066,66
13.5155,-92.4205,10.0,4.5,44,177.0,1.334,0.88,us,7.71,1.958,0.041,178
51.6123,160.2771,10.0,4.1,18,218.0,1.731,0.79,us,5.07,1.992,0.14,14
3.8376,-76.5812,136.419,4.3,20,95.0,2.466,0.74,us,8.46,3.87,0.202,7
51.7149,159.8915,10.0,4.3,18,137.0,1.516,0.89,us,6.41,1.82,0.16,13
19.2441,-104.3128,10.0,4.3,100,109.0,0.454,0.53,us,4.81,1.849,0.052,105
40.3877,142.1298,59.993,4.1,19,183.0,0.905,0.53,us,6.84,9.843,0.174,9
-52.778,21.8566,10.0,4.3,16,105.0,20.356,0.6,us,13.59,1.93,0.137,15
52.3077,159.3621,81.59,4.0,14,312.0,0.838,0.82,us,11.57,7.955,0.173,9
49.4802,157.8111,10.0,4.5,70,167.0,3.587,0.64,us,10.23,1.923,0.076,51
20.9127,121.0522,26.785,5.1,131,77.0,1.896,0.62,us,8.65,5.363,0.052,121
-22.893,-66.3295,226.514,4.7,54,72.0,1.706,0.96,us,8.35,7.063,0.033,276
54.6143,-159.0877,27.123,4.1,60,154.0,0.363,0.69,us,5.3,6.426,0.165,11
69.0871,137.9228,10.0,4.2,58,64.0,3.984,0.43,us,9.57,1.915,0.08,44
39.2754,28.8874,10.0,4.1,31,44.0,1.426,0.77,us,4.13,1.937,0.185,8
50.4253,158.9304,10.0,4.3,24,133.0,2.608,0.64,us,8.05,1.702,0.16,11
39.3443,143.3951,10.0,4.4,34,138.0,2.298,0.86,us,6.75,1.571,0.115,22
7.6037,126.9374,35.0,4.4,35,69.0,1.448,1.16,us,7.97,1.915,0.108,35
52.1648,160.6812,21.154,4.7,49,122.0,1.508,1.34,us,9.65,5.576,0.067,68
16.7792,41.0783,10.0,4.1,25,138.0,3.875,0.47,us,8.39,1.951,0.145,13
-23.4451,179.9704,559.83,4.3,52,89.0,5.949,0.44,us,14.18,5.737,0.1,28
2.3154,-101.5098,10.0,4.3,61,122.0,20.357,0.51,us,14.13,1.929,0.071,56
-8.7829,127.2727,10.0,4.6,24,104.0,4.98,0.62,us,10.12,1.894,0.137,18
38.6088,142.4483,46.216,4.7,74,131.0,2.425,0.49,us,6.48,5.178,0.074,55
52.4633,160.7493,10.0,4.4,91,163.0,1.394,0.58,us,11.17,1.912,0.061,78
54.6509,168.1775,10.0,4.2,40,141.0,4.012,0.93,us,13.23,1.948,0.081,42
53.218,161.1654,10.0,4.6,54,113.0,1.528,0.62,us,10.15,1.89,0.068,65
9.7939,-70.7598,10.0,4.4,39,92.0,0.913,0.68,us,7.53,1.91,0.117,21
-18.138,-178.3419,547.928,4.2,34,122.0,2.739,0.78,us,14.52,9.173,0.105,25
6.5236,-76.2637,10.0,4.9,64,86.0,2.553,1.1,us,7.21,1.883,0.031,319
50.0553,158.5474,10.0,4.3,28,138.0,2.973,0.58,us,9.61,1.925,0.119,20
16.3593,120.3454,89.939,4.2,20,191.0,6.462,0.45,us,23.3,13.033,0.176,9
52.5349,161.0073,10.0,4.4,25,150.0,2.088,0.7,us,9.84,1.928,0.143,14
51.6328,159.5252,10.0,4.5,33,126.0,1.493,0.45,us,6.26,1.902,0.089,40
39.5608,143.2213,10.0,4.8,74,123.0,2.058,0.82,us,7.5,1.872,0.048,135
50.7542,158.8384,35.0,4.3,26,166.0,2.276,0.64,us,8.92,1.914,0.126,18
20.0468,145.7856,89.676,4.5,68,81.0,4.78,0.68,us,3.86,8.032,0.071,59
-5.63,151.8978,53.45,4.9,33,155.0,1.454,0.79,us,9.7,7.433,0.067,69
35.5223,139.9827,106.374,4.5,52,136.0,1.761,0.61,us,7.57,7.065,0.076,51
50.6541,157.4441,37.52,5.9,148,74.0,2.461,0.81,us,9.39,6.464,0.021,861
-7.4124,130.6464,22.162,4.3,20,120.0,2.964,1.14,us,8.84,5.368,0.154,12
-59.7085,-22.5681,15.076,4.6,22,107.0,14.378,0.33,us,15.21,4.708,0.136,16
-18.1477,-178.3075,536.568,4.5,57,86.0,2.771,0.54,us,12.73,7.83,0.078,48
52.8863,159.8201,64.213,5.1,94,74.0,0.721,0.76,us,7.55,5.384,0.045,160
51.8807,160.314,10.0,4.4,21,217.0,1.532,0.94,us,11.18,1.985,0.134,16
52.2122,160.634,16.666,4.5,75,150.0,1.457,0.81,us,9.44,5.513,0.071,58
40.8514,142.7404,44.206,4.9,68,127.0,1.204,1.11,us,6.74,7.483,0.062,82
23.1552,94.7931,114.219,4.3,46,123.0,1.944,0.49,us,12.37,8.878,0.09,35
22.283,101.1732,10.0,4.1,22,83.0,1.775,0.93,us,10.91,1.915,0.158,12
51.7892,160.1862,39.581,4.3,62,162.0,1.554,0.88,us,10.68,7.456,0.076,48
-24.0131,179.93,536.48,4.4,23,140.0,6.479,0.76,us,18.58,13.491,0.12,21
-23.7033,-66.7788,195.353,4.5,57,60.0,1.488,0.81,us,8.48,6.028,0.108,25
7.41,127.2551,10.0,4.3,18,148.0,1.697,1.18,us,8.61,1.932,0.188,9
58.9973,-30.7819,10.0,4.5,76,52.0,7.291,0.46,us,9.14,1.89,0.069,61
30.2332,103.1203,10.0,4.3,35,92.0,5.515,0.69,us,9.03,1.908,0.109,24
-18.7412,168.8691,167.308,4.5,30,116.0,3.643,0.61,us,9.31,8.551,0.109,25
50.1684,158.5559,10.0,4.4,20,128.0,2.86,0.92,us,8.4,1.87,0.121,22
52.0771,160.3171,10.0,4.3,19,124.0,1.391,1.26,us,9.81,1.914,0.153,13
-20.1939,-67.2311,209.797,4.4,24,65.0,1.806,0.8,us,8.71,2.868,0.134,16
51.138,159.7792,10.0,4.9,39,207.0,2.013,0.91,us,11.05,1.955,0.095,35
37.2247,69.6706,10.0,4.5,30,126.0,1.486,0.64,us,3.49,1.888,0.128,18
52.1232,160.5376,10.0,5.0,94,134.0,1.463,0.76,us,10.46,1.888,0.051,121
51.5167,159.7543,39.234,4.2,18,137.0,1.655,0.57,us,12.33,8.171,0.152,12
51.6417,159.5294,35.0,4.8,36,123.0,1.485,1.23,us,8.35,1.915,0.092,36
-24.2718,-66.9523,181.723,4.5,34,76.0,1.73,1.02,us,8.73,8.363,0.064,71
37.1913,96.3388,10.0,4.6,51,68.0,6.047,1.02,us,6.72,1.89,0.073,57
-33.2074,-178.8684,35.0,4.2,19,166.0,4.031,1.2,us,11.18,1.976,0.147,13
19.0733,145.477,204.514,4.3,31,125.0,3.823,1.04,us,13.41,9.562,0.109,24
51.295,160.0075,10.0,4.3,24,176.0,2.306,0.5,us,9.84,1.958,0.119,20
-26.6917,-176.0101,10.0,4.9,52,131.0,9.426,0.53,us,12.75,1.872,0.083,46
-16.814,-177.4186,414.293,4.5,78,122.0,3.096,0.72,us,10.51,6.556,0.05,116
-32.4238,-71.4147,41.215,4.2,22,131.0,0.532,0.75,us,3.23,8.84,0.305,3
0.5079,123.6649,260.89,4.7,103,62.0,4.537,0.85,us,7.34,7.143,0.048,130
24.0687,126.2927,10.0,4.8,47,136.0,1.904,0.81,us,8.44,1.91,0.071,63
51.5974,159.499,35.0,4.8,32,137.0,1.52,0.76,us,11.09,1.908,0.103,29
43.2537,146.2984,75.477,4.7,71,125.0,2.628,0.94,us,8.13,6.64,0.046,145
-12.137,67.5774,10.0,4.2,18,230.0,6.717,0.28,us,11.0,1.875,0.152,13
52.0304,159.1178,85.696,4.4,21,191.0,1.035,1.29,us,13.09,8.975,0.149,13
51.4184,159.3579,34.903,4.3,24,126.0,1.665,0.55,us,12.08,6.561,0.126,18
51.6928,160.4683,10.0,4.7,21,205.0,2.211,0.69,us,10.24,1.95,0.129,18
37.3113,142.1027,31.662,4.6,92,132.0,3.213,0.92,us,6.84,5.488,0.063,76
-24.4339,179.8881,531.868,4.4,33,133.0,6.872,0.7,us,14.88,11.563,0.107,25
-34.2117,178.947,237.13,4.9,38,111.0,3.384,1.11,us,9.91,8.436,0.083,45
49.96,155.9994,86.744,4.6,65,135.0,3.326,0.72,us,10.39,7.229,0.043,167
-23.7252,-179.435,532.579,4.1,23,156.0,6.397,0.75,us,12.36,11.164,0.131,17
51.8442,160.1578,10.0,4.6,54,125.0,1.499,1.08,us,8.29,1.887,0.064,74
-27.861,-178.2142,10.0,4.6,16,145.0,1.402,0.89,us,6.1,1.916,0.158,13
35.3266,57.2005,10.0,4.3,34,165.0,7.512,0.92,us,7.59,1.928,0.116,21
52.0022,160.335,35.0,4.3,24,124.0,1.451,0.68,us,7.06,1.938,0.137,15
-6.9829,129.5921,150.547,4.1,22,132.0,4.827,0.78,us,10.27,5.309,0.135,15
-6.4539,150.2984,10.0,4.2,12,137.0,2.916,1.02,us,9.98,1.883,0.153,12
-3.5304,137.9967,92.368,3.9,16,91.0,1.105,0.75,us,4.93,7.882,0.182,8
52.1422,160.324,35.0,4.6,63,120.0,1.87,0.74,us,9.51,1.927,0.076,51
52.3674,160.3134,35.0,4.1,22,122.0,1.207,0.91,us,10.82,1.947,0.109,23
51.5004,159.6915,10.0,4.9,78,127.0,1.654,0.83,us,8.0,1.86,0.046,146
-15.5943,-173.85,102.244,4.5,18,216.0,2.609,0.46,us,10.99,11.204,0.15,14
50.7446,157.1493,50.573,5.2,124,129.0,2.392,0.57,us,9.3,6.398,0.057,102
-20.3247,-178.2265,550.634,4.4,64,97.0,4.356,0.76,us,13.83,7.85,0.069,65
-10.9536,165.5544,10.0,4.1,17,142.0,4.746,1.07,us,8.91,1.681,0.166,11
9.5091,94.0036,10.0,4.6,68,88.0,5.603,0.67,us,6.83,1.759,0.072,58
47.5684,154.3117,10.0,4.5,52,136.0,5.954,0.67,us,10.44,1.903,0.088,38
46.5109,155.5768,10.0,4.4,22,97.0,6.745,0.85,us,12.72,1.913,0.144,14
54.4964,-159.8493,36.422,3.9,31,184.0,0.368,0.81,us,6.8,10.066,0.209,6
-38.0854,-74.0264,10.0,4.3,31,188.0,1.852,0.36,us,8.17,1.953,0.218,6
50.172,158.1827,10.0,4.3,27,138.0,2.87,0.45,us,8.42,1.82,0.142,14
52.8339,160.9304,10.0,4.8,88,128.0,1.393,0.94,us,7.89,1.78,0.04,188
41.192,78.5358,10.0,4.8,69,94.0,1.311,0.81,us,6.08,1.864,0.054,104
51.36,159.716,10.0,4.9,103,111.0,2.146,0.81,us,8.43,1.848,0.058,94
54.5669,-159.7324,35.0,4.1,28,202.0,0.277,0.75,us,5.35,1.957,0.197,7
-1.732,-81.1699,10.0,4.8,75,143.0,1.675,0.96,us,8.15,1.891,0.07,63
-16.5437,-178.6879,501.047,4.0,15,282.0,1.864,0.57,us,28.03,15.966,0.172,10
37.5398,19.8784,35.0,4.0,24,139.0,1.67,1.15,us,7.06,1.968,0.232,5
-20.1311,168.4342,10.0,4.8,40,124.0,2.635,0.97,us,9.4,1.885,0.101,31
51.7473,159.3619,34.855,4.4,73,125.0,1.35,0.68,us,8.92,4.752,0.059,84
-51.5125,138.4991,10.0,4.3,13,92.0,19.753,0.2,us,11.89,1.946,0.168,10
7.128,126.8718,35.0,4.5,33,130.0,1.284,1.19,us,10.16,1.942,0.104,27
-22.586,69.2985,10.0,5.0,134,52.0,6.207,0.61,us,10.12,1.776,0.054,108
-36.5703,178.5565,110.659,4.8,36,214.0,1.01,1.42,us,13.2,9.33,0.109,26
50.3372,157.0102,42.62,4.7,48,134.0,2.808,0.47,us,11.97,7.557,0.087,40
50.5549,158.783,10.0,4.7,14,235.0,2.474,0.72,us,10.22,1.949,0.166,11
52.2588,160.5209,24.102,4.1,17,137.0,1.917,1.08,us,11.37,6.73,0.145,13
49.0998,156.215,44.781,4.5,57,136.0,4.121,0.66,us,12.07,7.55,0.083,42
28.0705,57.4736,10.0,4.4,30,147.0,3.314,0.83,us,10.76,1.909,0.103,27
-8.4001,112.9424,140.342,4.3,34,101.0,1.199,0.78,us,9.71,7.662,0.103,27
10.5825,125.6466,10.0,4.4,21,108.0,5.814,0.38,us,8.59,1.906,0.143,14
-14.6503,167.3741,94.492,4.2,21,154.0,0.809,0.55,us,8.21,6.144,0.128,19
-3.3365,68.3758,10.0,4.9,112,61.0,5.732,0.59,us,9.04,1.827,0.059,90
39.2627,143.8722,35.0,4.9,26,185.0,2.64,1.08,us,5.85,1.958,0.112,25
51.6594,159.5166,47.461,4.2,25,138.0,1.466,0.82,us,11.11,8.033,0.124,18
52.1637,161.4144,10.0,4.0,41,180.0,1.893,0.46,us,9.91,1.804,0.093,31
50.1257,159.4975,10.0,5.0,94,135.0,2.95,0.6,us,10.1,1.853,0.026,465
51.8966,152.8117,420.632,4.2,77,127.0,3.224,0.45,us,12.75,8.112,0.069,59
40.7378,143.859,10.0,4.3,31,134.0,2.123,0.69,us,8.2,1.913,0.138,15
-23.3053,179.9,595.443,4.5,18,184.0,5.796,0.53,us,26.16,14.176,0.124,19
50.1652,158.1262,10.0,4.7,35,133.0,2.881,0.54,us,11.01,1.902,0.108,26
44.1466,86.8597,10.0,4.2,37,101.0,3.597,0.63,us,8.81,1.925,0.132,16
-9.7982,150.5605,10.0,4.4,23,91.0,3.376,0.54,us,9.72,1.897,0.143,15
49.2099,156.3941,35.0,4.4,30,139.0,3.989,0.4,us,10.97,1.912,0.117,21
51.457,159.4917,28.205,4.7,42,127.0,1.652,0.82,us,8.9,6.023,0.091,37
50.1493,156.6863,65.711,4.3,22,179.0,3.03,0.42,us,12.95,10.502,0.133,16
19.0323,145.9364,145.324,4.3,22,114.0,3.773,1.02,us,15.52,1.401,0.126,18
-18.3872,-177.9354,566.911,4.0,37,122.0,3.197,0.67,us,15.74,10.016,0.096,29
7.7554,126.7636,64.549,4.9,56,57.0,1.358,0.93,us,6.08,6.091,0.052,115
-24.308,-67.1961,187.741,4.2,29,60.0,1.623,0.91,us,9.52,10.516,0.167,10
-23.4533,-179.9944,536.206,4.5,38,122.0,5.966,0.84,us,13.89,8.151,0.098,31
49.8,158.9046,10.0,4.4,41,137.0,3.232,0.65,us,8.46,1.912,0.095,32
52.4249,152.3759,540.388,4.1,27,119.0,3.305,0.7,us,13.36,9.578,0.114,21
-24.2265,179.8845,524.107,4.4,32,195.0,6.672,0.67,us,19.08,17.069,0.091,35
51.1136,159.1374,10.0,4.2,22,129.0,1.936,0.81,us,10.39,1.925,0.125,18
-17.518,-178.8212,551.788,4.1,24,168.0,2.016,0.39,us,18.39,11.174,0.117,20
52.1655,160.3738,10.0,4.9,167,134.0,1.358,0.77,us,8.79,1.875,0.045,153
-26.2725,178.4833,606.122,4.4,35,123.0,8.496,0.69,us,12.93,5.194,0.096,54
-56.86,-68.1108,10.0,4.1,12,136.0,1.951,0.73,us,14.63,1.628,0.213,7
2.952,-31.2752,10.0,4.5,46,64.0,9.869,0.64,us,10.62,1.872,0.088,38
-17.2873,-177.093,383.261,4.6,112,74.0,3.48,0.72,us,10.56,6.773,0.056,95
49.1775,156.4662,35.0,4.8,151,116.0,4.012,0.5,us,9.61,1.893,0.032,307
-18.1522,-178.3264,560.023,4.4,56,86.0,2.759,0.57,us,11.88,6.018,0.086,39
-23.3961,171.1542,10.0,4.4,17,238.0,3.504,0.69,us,6.92,2.006,0.189,11
14.3815,-90.5566,188.205,4.6,53,141.0,0.16,1.02,us,8.13,7.398,0.038,206
-2.7234,139.3183,44.942,5.0,58,31.0,1.346,1.11,us,3.37,5.889,0.073,60
9.3263,93.9061,10.0,4.9,47,149.0,5.066,0.37,us,11.52,1.912,0.092,37
29.3572,129.4546,9.968,4.7,93,112.0,2.312,0.48,us,7.04,4.066,0.062,78
-7.5009,127.584,158.81,4.3,17,73.0,3.971,0.72,us,10.15,8.277,0.168,12
21.6234,142.9621,306.734,4.0,59,113.0,5.494,0.87,us,10.97,4.102,0.071,53
-12.5795,167.6399,10.0,4.8,24,129.0,2.882,0.7,us,12.92,1.934,0.124,20
-16.2377,-174.0399,73.612,4.6,38,90.0,3.181,0.66,us,10.98,7.834,0.093,34
51.2005,157.2175,87.431,4.1,30,134.0,1.934,0.7,us,11.68,8.125,0.12,19
34.316,26.5407,65.095,4.0,36,191.0,2.293,1.02,us,9.54,11.751,0.093,31
52.0807,160.3525,10.0,4.8,101,125.0,8.434,1.28,us,9.27,1.868,0.051,119
-4.6924,152.0988,109.663,4.3,24,134.0,0.502,0.62,us,13.49,8.913,0.116,21
46.0482,151.6411,35.0,4.5,45,170.0,6.69,0.43,us,11.58,1.975,0.102,28
-27.5123,-178.2613,10.0,4.3,14,260.0,1.751,0.71,us,13.59,2.009,0.148,14
32.0487,131.8488,51.411,4.8,73,119.0,1.305,1.19,us,6.83,7.434,0.076,54
-15.0801,167.6184,127.744,4.7,20,106.0,0.542,0.89,us,12.94,5.72,0.159,12
-10.4725,123.827,10.0,4.1,17,82.0,0.834,0.33,us,7.11,1.941,0.214,6
50.625,158.9095,17.599,4.8,136,76.0,2.407,0.56,us,7.69,2.796,0.042,175
-15.9102,167.3193,16.121,4.4,59,112.0,0.474,0.51,us,9.86,5.058,0.078,51
50.4604,157.8554,30.288,4.8,38,131.0,2.614,1.04,us,11.44,6.421,0.097,33
-41.8024,85.1846,10.0,4.9,21,53.0,12.908,0.17,us,5.93,1.9,0.136,17
51.4089,159.303,10.0,4.5,48,135.0,1.666,0.58,us,10.46,1.889,0.085,41
53.0063,159.6868,60.755,4.8,100,109.0,0.627,1.07,us,8.01,6.305,0.026,455
-24.1237,-67.0744,188.778,4.2,14,111.0,1.545,0.77,us,7.94,13.711,0.263,4
24.4824,-46.3563,10.0,4.4,30,142.0,15.908,0.65,us,14.55,1.94,0.114,22
51.457,159.4595,35.0,4.8,95,135.0,1.646,0.81,us,9.71,1.91,0.064,75
-57.6755,157.4881,10.0,4.3,13,145.0,3.287,0.88,us,10.55,1.948,0.2,7
49.4111,154.816,106.074,4.4,65,134.0,4.121,0.47,us,11.5,8.083,0.054,100
36.4716,70.6872,196.009,4.0,17,95.0,2.327,0.58,us,6.95,7.082,0.173,9
-50.2489,130.0473,10.0,4.5,11,171.0,17.984,0.62,us,14.98,1.982,0.171,10
40.674,145.1876,10.0,4.5,73,135.0,2.033,0.67,us,5.44,1.887,0.076,51
52.7995,160.6735,35.0,4.4,61,119.0,1.246,0.76,us,10.32,1.927,0.067,65
52.7109,160.4741,10.0,4.2,40,199.0,1.149,0.44,us,8.8,1.884,0.078,46
53.0958,161.2612,10.0,4.1,41,145.0,1.578,1.21,us,10.3,1.924,0.094,31
42.756,145.8837,48.86,4.2,45,135.0,2.151,0.6,us,8.64,7.488,0.095,31
71.5454,-64.4146,9.649,4.3,18,57.0,3.568,0.68,us,8.27,6.467,0.188,8
53.3337,160.7986,35.0,4.1,22,195.0,1.33,0.5,us,9.24,1.962,0.12,19
-21.0683,-68.9398,114.043,4.7,98,46.0,0.512,0.83,us,5.16,5.146,0.034,278
36.45,71.1195,145.531,4.1,29,169.0,2.154,1.12,us,9.58,15.174,0.185,8
-4.6005,153.9176,120.306,4.3,17,199.0,1.908,0.69,us,6.65,10.204,0.142,14
-12.5365,167.0174,201.186,4.7,147,66.0,2.899,0.5,us,9.86,5.901,0.038,218
-19.3171,-177.6071,568.897,4.1,18,137.0,4.032,0.58,us,20.24,12.671,0.131,16
-57.1047,-66.6962,10.0,4.9,65,106.0,3.904,0.87,us,11.22,1.885,0.075,61
49.1729,157.7286,10.0,4.3,36,137.0,3.899,0.61,us,10.39,1.909,0.111,28
50.3256,159.0676,10.0,4.4,32,134.0,2.714,0.74,us,8.03,1.566,0.117,21
-2.095,120.684,10.0,4.6,40,61.0,0.594,1.15,us,2.48,1.872,0.109,26
46.3314,149.8499,10.0,4.4,41,130.0,4.922,0.65,us,12.74,1.908,0.099,29
-6.2403,151.3994,10.0,4.3,26,113.0,2.02,0.47,us,8.94,1.76,0.106,25
-31.0885,-178.2767,43.562,4.7,17,170.0,1.846,0.8,us,8.0,8.38,0.143,15
51.3058,158.4395,45.709,4.5,36,125.0,1.725,0.99,us,10.93,6.775,0.1,29
50.3065,156.5865,66.9,5.6,75,71.0,2.89,0.76,us,9.87,5.236,0.021,765
52.1376,161.1123,10.0,4.1,10,199.0,2.296,0.76,us,13.04,1.999,0.185,9
41.3365,142.8344,52.931,4.6,98,134.0,0.72,0.68,us,8.1,5.06,0.054,101
52.3854,160.7731,10.0,4.4,43,134.0,1.441,0.94,us,5.85,1.908,0.098,30
-3.5845,-79.8973,59.178,4.4,26,118.0,1.282,0.93,us,9.23,11.838,0.179,9
50.1902,159.1222,10.0,4.3,22,134.0,2.852,0.8,us,11.14,1.926,0.133,16
53.543,-163.5715,18.535,4.3,62,175.0,1.108,0.69,us,2.82,4.634,0.1,28
14.0159,145.3686,109.345,4.3,13,110.0,0.645,0.31,us,9.65,9.276,0.188,8
52.455,160.6895,37.497,4.2,27,150.0,1.364,0.76,us,10.24,9.505,0.136,15
-1.9492,139.624,35.0,4.5,31,111.0,1.216,0.95,us,5.72,1.927,0.106,28
42.8989,146.573,39.188,5.3,61,135.0,2.677,0.64,us,9.73,7.288,0.085,46
52.2686,160.1874,10.0,4.7,61,137.0,1.204,0.88,us,7.74,1.894,0.048,134
7.1636,127.2666,10.0,4.3,28,83.0,1.677,1.17,us,8.56,1.903,0.119,20
50.1062,159.6717,10.0,4.6,76,128.0,2.99,0.6,us,9.33,1.898,0.043,161
-17.7869,-70.015,109.604,4.9,48,111.0,0.546,0.51,us,5.68,5.215,0.04,194
51.845,159.707,24.111,4.4,62,125.0,1.346,0.48,us,7.89,5.702,0.081,44
-17.9407,-178.5117,538.054,4.3,27,123.0,2.493,0.83,us,15.28,12.377,0.119,23
-14.5885,-76.5399,10.0,4.2,16,148.0,2.602,0.78,us,10.68,1.933,0.146,13
0.3533,122.348,129.767,4.1,26,72.0,3.182,0.69,us,7.87,8.451,0.127,17
52.3289,160.1775,38.776,4.3,20,151.0,1.161,0.59,us,9.19,6.467,0.177,9
51.5665,160.271,10.0,4.5,29,167.0,1.766,0.64,us,8.73,1.938,0.107,26
24.5928,122.0668,62.593,4.3,61,51.0,0.599,0.57,us,3.59,4.669,0.091,38
53.1488,159.8258,64.606,4.9,140,125.0,0.72,0.57,us,10.08,6.695,0.044,160
51.0012,159.3973,10.0,4.7,43,130.0,2.077,0.84,us,10.11,1.918,0.093,35
51.431,-178.7977,28.369,3.7,29,185.0,0.123,0.74,us,5.36,3.804,0.115,19
34.505,70.6411,10.0,4.4,43,141.0,1.244,1.32,us,8.01,1.917,0.1,29
39.6231,143.2121,10.0,4.7,39,178.0,2.015,0.59,us,7.13,1.925,0.106,27
22.468,94.3264,88.314,4.2,28,113.0,1.371,0.86,us,9.87,4.638,0.132,17
52.3064,160.0833,10.0,4.2,27,122.0,1.13,0.5,us,9.46,1.911,0.118,22
40.8561,143.057,42.754,4.5,21,142.0,1.16,0.35,us,6.83,8.873,0.17,10
5.9272,61.3713,10.0,4.3,16,194.0,23.225,0.57,us,11.07,1.94,0.177,9
16.2607,-98.1418,10.0,5.2,95,126.0,0.991,0.77,us,3.11,1.794,0.028,429
49.8601,155.7493,73.855,4.5,67,135.0,3.473,0.45,us,12.21,7.576,0.055,99
9.0119,127.5474,10.0,4.3,17,135.0,4.721,0.46,us,8.41,1.9,0.178,10
1.4151,127.641,173.99,4.5,19,149.0,3.94,0.55,us,13.47,9.8,0.15,13
51.7258,159.9022,10.0,4.4,27,144.0,1.509,0.51,us,11.97,1.942,0.13,17
-53.1933,9.2838,10.0,4.2,15,99.0,19.296,0.57,us,14.8,1.933,0.14,14
-10.1696,113.9017,10.0,4.7,34,117.0,1.707,1.06,us,8.11,1.916,0.088,39
16.0222,-96.5721,42.291,4.4,71,148.0,0.512,1.33,us,6.02,9.47,0.038,196
52.1812,160.5773,10.0,4.6,48,177.0,1.984,0.9,us,10.05,1.937,0.081,45
51.6023,159.5305,10.0,4.8,78,126.0,1.523,0.69,us,7.63,1.864,0.057,97
51.7773,159.4346,35.0,4.2,36,137.0,1.337,1.23,us,8.46,1.909,0.106,26
-9.0199,-79.0454,72.731,5.0,66,61.0,3.659,0.57,us,11.54,5.319,0.031,338
18.6484,-103.4094,57.872,4.3,29,227.0,0.851,0.93,us,9.35,10.512,0.091,34
-18.3895,-178.1832,623.109,4.4,49,121.0,3.011,0.75,us,14.57,9.299,0.086,39
51.0955,157.9959,55.324,5.1,208,99.0,1.973,0.56,us,8.89,5.084,0.043,173
50.1719,158.2134,25.912,4.1,15,163.0,2.869,0.76,us,13.71,6.753,0.197,8
-17.6163,-178.9715,545.413,4.4,48,79.0,1.949,0.68,us,13.85,9.139,0.084,41
51.7295,159.3804,35.0,4.3,27,124.0,1.371,1.08,us,8.89,1.292,0.133,16
-25.0461,179.8571,510.671,4.6,30,135.0,7.457,0.8,us,13.98,10.904,0.082,44
-57.6714,157.9909,10.0,4.2,9,143.0,3.225,0.63,us,8.59,1.988,0.235,5
-17.9396,168.104,35.0,4.2,24,89.0,2.625,0.99,us,5.12,1.847,0.137,15
52.5235,159.2249,84.476,4.3,28,163.0,0.61,1.03,us,10.26,6.704,0.116,21
52.3516,160.0326,41.261,4.7,70,143.0,1.078,0.96,us,10.47,7.166,0.064,73
-16.9629,168.5344,10.0,4.6,13,147.0,1.977,0.55,us,9.32,1.958,0.173,10
38.3833,72.3576,10.0,4.4,19,151.0,0.122,0.88,us,6.8,1.988,0.22,6
-58.9949,-25.6535,35.0,4.3,22,88.0,19.205,0.59,us,14.49,1.954,0.114,22
39.7797,143.3081,37.034,4.2,26,155.0,1.991,0.73,us,7.5,8.767,0.175,11
53.292,159.8184,68.213,4.4,75,116.0,0.753,0.58,us,9.59,6.918,0.06,80
51.2867,159.4698,10.0,4.3,20,162.0,1.811,1.13,us,8.21,1.952,0.154,12
52.9166,160.7435,19.179,5.0,154,106.0,1.271,0.72,us,8.21,4.534,0.025,523
-58.8909,-25.9676,97.36,4.5,32,84.0,7.416,0.5,us,12.98,8.026,0.104,29
21.5879,95.5933,10.0,4.5,37,179.0,3.17,1.34,us,9.81,1.951,0.108,25
-5.3898,146.4069,148.03,4.1,29,106.0,4.058,0.98,us,13.51,7.598,0.105,26
39.4321,143.5073,10.0,4.3,32,135.0,2.312,1.11,us,6.62,1.666,0.129,17
8.8684,126.7666,46.24,4.5,44,73.0,2.139,0.67,us,8.47,6.267,0.078,49
-13.715,166.4729,10.0,5.0,56,51.0,1.861,0.75,us,9.02,1.87,0.057,97
51.8491,160.4163,19.954,4.5,43,124.0,1.598,0.9,us,9.05,4.965,0.086,40
25.2719,123.9569,115.37,4.3,40,117.0,0.924,0.68,us,6.32,8.473,0.097,30
-24.1591,-67.1015,183.203,4.1,24,102.0,1.556,0.7,us,9.43,9.832,0.212,6
52.8555,160.7567,10.0,4.5,40,119.0,1.286,0.72,us,10.27,1.905,0.091,35
44.4079,-129.4365,10.0,4.0,80,194.0,3.937,0.7,us,9.21,1.998,0.122,19
-6.1939,147.8366,49.905,4.3,25,118.0,3.26,0.62,us,9.15,8.591,0.119,20
-20.3652,-178.2412,497.672,4.1,13,251.0,23.923,1.23,us,22.8,20.003,0.146,14
-33.1375,-73.3056,10.0,4.3,28,173.0,1.397,0.81,us,6.82,1.951,0.201,7
42.7638,146.4289,35.0,4.3,31,188.0,2.536,0.49,us,3.9,1.972,0.125,18
51.8676,160.1839,30.71,4.3,19,125.0,1.49,0.42,us,10.86,6.286,0.119,20
-14.7869,167.1555,83.232,4.4,24,144.0,0.658,0.55,us,13.06,7.424,0.12,20
52.3073,160.3203,28.224,4.9,91,132.0,1.245,0.62,us,10.87,5.725,0.045,156
52.6014,160.4716,44.27,4.1,22,137.0,1.184,1.09,us,10.84,7.579,0.165,11
-1.353,-77.9383,171.311,4.3,54,54.0,0.164,0.88,us,7.99,4.781,0.058,83
52.4851,-175.2459,219.077,4.1,33,117.0,0.634,0.67,us,11.91,7.136,0.094,31
-60.3121,-62.366,10.0,4.3,10,152.0,4.546,1.23,us,16.52,1.949,0.189,9
53.7059,160.6066,43.516,4.2,13,176.0,1.357,0.41,us,12.42,14.876,0.215,6
49.2905,157.7345,10.0,4.5,52,138.0,3.782,0.52,us,9.15,1.744,0.088,38
-6.1134,151.271,10.0,4.5,28,170.0,2.106,0.69,us,7.72,1.929,0.113,23
-6.3495,151.7823,10.0,4.7,69,83.0,2.044,0.64,us,3.84,1.826,0.068,65
7.6715,127.1779,35.0,4.4,17,115.0,1.695,0.96,us,9.08,1.854,0.139,15
18.6893,145.5668,220.794,4.1,38,128.0,3.436,0.76,us,14.88,9.399,0.097,29
2.6371,128.554,223.32,4.2,24,91.0,2.2,0.62,us,10.05,9.452,0.121,19
50.1049,156.8232,35.0,4.2,26,226.0,3.057,1.23,us,11.3,1.976,0.132,16
-35.6554,-179.5727,10.0,4.6,26,146.0,2.556,1.05,us,10.64,1.952,0.125,19
-0.5822,128.0835,10.0,4.8,46,61.0,1.524,1.15,us,5.43,1.882,0.1,31
52.6479,161.0718,10.0,4.3,18,166.0,1.517,1.01,us,11.34,1.939,0.154,12
1.5433,127.1003,117.586,4.5,80,72.0,0.811,0.66,us,6.35,6.185,0.071,59
49.9739,159.5534,10.0,4.3,36,170.0,3.106,0.73,us,10.24,1.946,0.114,22
2.1406,-95.5696,10.0,4.1,13,207.0,5.272,1.12,us,13.43,1.991,0.198,7
51.6753,159.1235,35.0,4.2,57,132.0,1.381,0.72,us,10.16,1.943,0.08,43
52.7659,160.6458,29.518,4.4,28,119.0,1.236,0.68,us,10.26,5.932,0.134,16
-5.3512,153.1661,35.425,4.4,31,121.0,1.539,0.95,us,10.98,7.135,0.117,21
44.8164,150.2755,10.0,4.7,126,134.0,5.542,0.65,us,10.88,1.887,0.054,105
48.8934,154.9143,77.835,4.2,27,135.0,4.571,0.68,us,12.44,8.72,0.131,16
-19.0185,-177.4555,627.268,4.3,33,142.0,3.941,0.74,us,18.48,12.142,0.091,38
27.2767,128.3977,49.94,4.4,30,84.0,0.453,0.86,us,7.88,8.304,0.117,21
53.0303,-167.5445,81.712,3.7,16,209.0,0.44,1.17,us,8.04,14.265,0.134,14
14.2674,-93.5221,10.0,4.2,73,179.0,2.408,0.66,us,8.74,1.9,0.074,51
-18.7255,-71.3066,25.535,4.3,13,236.0,0.981,0.98,us,6.48,8.843,0.237,5
52.157,160.4571,10.0,4.6,42,123.0,1.403,0.96,us,9.12,1.87,0.082,44
21.6642,99.7826,10.0,4.5,69,68.0,1.531,0.52,us,7.93,1.874,0.077,51
-17.4593,-69.7316,174.678,4.2,23,173.0,0.273,0.68,us,6.3,5.078,0.141,14
-56.6935,-25.7262,35.0,4.3,15,103.0,6.575,0.84,us,7.63,1.933,0.168,10
25.4627,141.9557,64.321,4.3,13,148.0,1.639,1.31,us,15.02,10.217,0.201,8
1.063,125.5336,78.756,4.5,48,65.0,0.79,0.86,us,5.83,6.586,0.09,36
52.2029,160.3558,10.0,5.0,82,122.0,1.326,0.92,us,8.22,1.87,0.041,197
-13.6265,167.1364,224.993,4.5,116,107.0,7.405,0.89,us,11.88,5.972,0.05,119
-7.3356,127.6745,10.0,5.0,63,40.0,3.568,0.6,us,6.94,1.85,0.084,45
52.1915,160.2069,10.0,4.3,21,166.0,1.783,0.64,us,8.88,1.913,0.148,13
-7.0084,155.5506,113.056,4.0,29,96.0,4.381,0.62,us,10.16,7.735,0.106,26
50.2438,156.695,67.392,4.0,26,225.0,2.936,0.61,us,13.22,10.393,0.123,18
9.2376,93.7811,10.0,4.4,18,200.0,5.786,1.07,us,13.87,1.96,0.17,11
-5.7849,154.2729,142.013,4.2,24,128.0,2.631,0.37,us,12.24,7.398,0.121,20
-6.682,132.4613,10.0,4.5,16,127.0,3.328,1.02,us,9.55,1.335,0.145,14
-3.7733,127.8626,10.0,4.9,40,46.0,4.458,0.87,us,7.36,1.891,0.11,26
-23.9907,-71.108,10.0,4.4,15,148.0,0.695,0.87,us,3.7,1.681,0.143,14
18.7597,145.6392,149.037,4.2,14,127.0,3.502,0.77,us,17.21,9.995,0.152,12
-38.5674,175.6741,151.908,4.1,24,58.0,0.471,0.37,us,4.89,3.03,0.166,10
-7.2941,102.6093,10.0,4.8,48,71.0,2.796,0.77,us,6.41,1.862,0.088,40
-30.4077,-177.7535,35.0,4.2,19,222.0,7.849,0.8,us,13.65,1.99,0.132,18
52.1576,160.2437,10.0,4.5,49,144.0,1.303,0.61,us,10.98,1.916,0.077,49
50.3078,158.4395,25.262,5.0,124,92.0,2.723,0.76,us,7.9,4.176,0.029,381
-1.9974,-13.1468,10.0,4.2,21,103.0,6.018,0.71,us,11.8,1.916,0.136,15
-19.1494,-175.715,269.444,4.2,19,134.0,5.383,1.1,us,16.35,11.348,0.141,14
14.3234,-92.6674,35.0,4.6,81,139.0,0.893,0.72,us,6.14,1.943,0.038,205
41.0404,142.932,43.061,4.3,63,134.0,0.988,0.51,us,6.36,7.724,0.085,39
5.9979,126.7703,95.212,4.4,36,108.0,1.592,0.88,us,3.97,6.398,0.098,30
36.7938,141.287,43.945,4.5,67,114.0,1.679,0.73,us,8.35,7.822,0.073,54
52.9373,160.7052,47.898,5.7,88,147.0,1.246,0.77,us,9.41,6.148,0.05,144
51.5468,159.6746,44.532,4.3,29,127.0,1.607,0.77,us,4.19,7.609,0.114,24
52.0518,159.8465,54.657,4.3,21,228.0,1.217,0.88,us,8.86,8.923,0.154,12
50.8384,158.7659,10.0,4.5,63,127.0,2.367,0.82,us,8.79,1.902,0.068,68
16.0167,147.1132,35.0,4.4,41,96.0,1.491,0.93,us,9.42,1.919,0.094,33
16.4835,41.2462,10.0,4.4,33,165.0,3.58,0.62,us,6.77,1.919,0.109,24
51.602,159.7578,10.0,4.6,59,135.0,1.578,1.09,us,10.32,1.9,0.065,72
16.5187,-59.7045,10.0,4.6,61,128.0,1.323,0.52,us,7.13,1.908,0.092,35
49.4996,159.0815,10.0,4.3,29,132.0,3.539,0.38,us,3.63,1.9,0.148,16
0.2243,122.0056,198.613,4.4,47,73.0,1.472,0.7,us,7.96,6.622,0.096,31
-5.8713,152.4003,10.0,4.5,20,154.0,1.598,0.63,us,5.62,1.923,0.145,14
17.6585,146.1456,153.099,4.7,71,129.0,2.428,1.0,us,11.76,7.723,0.043,163
-59.0596,-25.1373,35.0,4.9,51,67.0,15.54,0.57,us,7.56,1.758,0.083,46
51.3192,159.3399,29.101,4.7,108,121.0,1.759,0.68,us,8.63,5.311,0.056,97
-60.161,-62.1152,10.0,4.7,72,100.0,4.717,0.54,us,9.0,1.86,0.069,68
-23.0872,-114.409,10.0,4.4,20,81.0,6.109,0.2,us,18.66,1.891,0.162,11
-14.1982,-14.3764,10.0,5.0,35,74.0,6.226,0.73,us,6.91,1.859,0.075,57
39.3799,143.5504,10.0,4.5,34,143.0,2.37,0.77,us,8.0,1.905,0.115,22
-30.7154,-71.436,45.905,4.6,36,99.0,0.176,0.79,us,4.57,3.986,0.151,13
51.8344,-175.1966,60.492,3.6,36,189.0,0.594,0.59,us,9.65,9.117,0.092,30
50.4654,159.93,10.0,4.4,41,134.0,2.682,0.6,us,5.65,1.865,0.086,39
-25.3374,179.8969,499.395,4.2,37,121.0,7.747,0.84,us,14.64,9.764,0.104,26
49.9629,157.1438,40.505,5.1,82,121.0,3.169,0.62,us,11.26,6.148,0.024,582
-16.4482,167.2572,10.0,4.2,14,258.0,4.959,0.93,us,15.79,2.008,0.186,8
50.39,156.228,74.459,4.1,38,138.0,2.872,0.51,us,6.36,7.974,0.099,28
-32.6793,-178.4099,10.0,4.5,13,171.0,3.432,0.6,us,12.4,1.788,0.171,10
42.4932,-28.8979,10.0,4.5,18,81.0,5.385,0.9,us,5.41,1.924,0.145,14
51.3629,159.5807,10.0,4.4,36,128.0,1.759,0.85,us,7.14,1.895,0.121,21
-18.6787,65.6682,10.0,4.4,27,44.0,2.421,0.46,us,10.18,1.845,0.115,22
51.5933,159.6433,49.853,4.6,59,137.0,1.557,0.91,us,11.01,7.247,0.069,63
52.2528,179.0369,200.49,4.3,49,107.0,0.414,0.94,us,9.3,10.982,0.077,48
-54.9088,-28.6839,10.0,4.3,8,120.0,4.582,0.44,us,14.54,1.903,0.218,6
-17.5267,168.6638,210.852,5.2,219,69.0,2.498,0.59,us,8.71,6.806,0.04,206
50.7714,157.0498,69.999,4.8,74,122.0,2.375,0.73,us,9.44,6.71,0.03,342
20.9359,121.0281,10.0,4.9,74,89.0,1.873,0.55,us,8.66,1.891,0.052,118
52.4633,160.7965,10.0,4.2,43,166.0,1.42,0.75,us,12.56,1.969,0.086,38
-57.7004,157.8334,10.0,4.3,15,142.0,3.269,0.81,us,14.07,1.954,0.147,13
-5.5761,150.4587,99.49,4.1,22,96.0,2.007,0.38,us,9.33,7.381,0.131,16
50.6561,156.7776,69.15,4.0,22,129.0,2.521,0.63,us,13.76,8.801,0.143,13
-17.6656,168.2501,63.474,4.1,21,131.0,2.424,0.6,us,4.98,8.976,0.135,15
11.2197,124.411,10.0,4.3,26,134.0,4.282,1.17,us,13.76,1.921,0.133,17
-29.7141,-13.6047,10.0,4.6,27,79.0,27.369,0.96,us,5.83,1.869,0.114,23
39.8024,141.7717,65.308,4.3,48,133.0,1.124,0.49,us,7.04,7.568,0.102,28
52.5592,160.812,10.0,5.3,92,118.0,1.393,1.27,us,9.32,1.877,0.062,87
6.7096,-72.9637,169.66,4.4,40,125.0,2.292,0.56,us,11.75,8.718,0.095,35
-23.7281,179.9978,548.993,4.1,18,270.0,11.6,0.3,us,25.05,27.563,0.145,13
52.4948,160.7915,38.703,4.9,108,117.0,1.405,0.66,us,9.2,6.844,0.04,198
52.0881,161.0854,10.0,4.7,12,191.0,2.304,1.37,us,8.24,1.996,0.174,10
51.9253,160.4656,31.152,4.3,26,135.0,1.563,0.63,us,10.26,7.128,0.137,15
37.7797,141.9747,58.699,4.3,24,150.0,3.087,0.46,us,10.49,9.08,0.154,12
-22.8929,-66.869,236.405,4.2,16,90.0,1.209,0.74,us,13.24,12.074,0.175,9
-19.8405,-175.8004,180.448,4.4,47,94.0,5.593,0.73,us,13.01,7.383,0.065,68
52.4685,160.8317,10.0,4.3,29,219.0,1.438,0.67,us,15.05,2.002,0.119,20
-18.0377,-178.5833,624.307,4.1,18,122.0,2.496,0.4,us,9.7,11.079,0.151,13
-38.6054,175.7869,190.931,4.1,26,77.0,0.417,0.76,us,5.27,4.341,0.197,7
39.262,27.9697,10.0,4.6,41,67.0,0.849,0.35,us,5.16,1.504,0.122,20
16.3948,40.97,10.0,4.4,35,104.0,3.765,0.38,us,10.22,1.937,0.105,26
53.6945,160.2765,65.528,4.4,89,156.0,1.184,0.42,us,9.02,7.61,0.038,194
49.8779,156.0447,80.031,4.9,225,102.0,3.396,0.56,us,9.68,6.308,0.039,205
1.5904,123.9628,298.53,4.2,26,77.0,2.873,0.42,us,10.32,9.442,0.132,16
-47.851,116.3228,10.0,4.4,18,142.0,14.923,0.51,us,9.1,1.865,0.139,15
36.958,21.8613,22.983,4.8,61,59.0,0.226,1.0,us,5.89,5.444,0.051,117
-2.8395,128.2946,10.0,4.3,17,65.0,2.318,0.68,us,8.72,1.915,0.137,15
52.1227,160.9727,10.0,4.4,40,167.0,1.68,0.91,us,11.85,1.947,0.102,28
7.3003,123.4816,10.0,4.9,55,65.0,2.094,0.45,us,8.88,1.858,0.062,82
39.5413,143.4151,44.709,4.1,15,179.0,2.19,0.95,us,6.38,9.524,0.213,6
-56.8826,-67.4457,10.0,4.3,13,135.0,1.958,1.19,us,10.96,1.941,0.154,12
51.2896,158.5078,40.968,4.2,57,132.0,1.739,0.48,us,12.04,7.949,0.077,47
53.5766,-163.4498,35.0,3.9,36,164.0,1.186,0.7,us,5.21,1.784,0.107,24
51.1998,157.4633,83.88,4.6,78,134.0,1.917,0.69,us,10.17,7.077,0.034,262
38.0017,38.4942,10.0,4.2,22,163.0,0.741,0.53,us,7.48,1.942,0.167,10
-17.5975,-69.6577,159.302,4.0,16,188.0,0.17,0.74,us,9.24,3.68,0.197,7
14.3872,146.9368,10.0,4.5,25,95.0,2.159,0.41,us,10.49,1.925,0.14,15
52.6806,160.6612,10.0,4.4,44,118.0,1.267,0.93,us,9.03,1.903,0.081,45
-15.7458,-174.5699,139.523,4.4,24,53.0,3.256,0.68,us,12.03,8.853,0.13,17
-33.6161,-72.6841,10.0,4.3,26,197.0,0.893,0.93,us,4.57,1.772,0.217,6
51.5272,177.4469,50.409,4.1,44,125.0,0.82,0.8,us,6.6,8.041,0.097,29
51.5649,159.3577,35.0,5.0,85,134.0,1.524,1.03,us,10.39,1.917,0.036,250
51.9821,-171.1032,35.0,3.8,20,207.0,1.086,0.84,us,5.02,1.997,0.16,12
23.5263,94.2235,10.0,4.2,33,150.0,2.397,0.88,us,12.14,1.905,0.115,21
-2.0432,139.0376,30.792,4.9,57,40.0,1.033,0.58,us,5.81,5.153,0.076,55
-38.5158,175.6405,204.275,4.0,30,60.0,0.527,1.21,us,6.11,5.176,0.149,12
36.0796,21.0918,50.162,4.4,39,114.0,1.285,0.7,us,5.12,7.578,0.131,17
-41.1081,-91.2308,10.0,4.9,35,143.0,15.638,0.69,us,14.64,1.876,0.098,33
23.1373,120.5369,7.035,4.5,29,58.0,0.183,1.2,us,3.96,5.417,0.121,20
-6.9438,127.6592,278.859,4.2,33,66.0,4.366,0.56,us,8.64,10.597,0.132,17
51.8183,159.6808,54.618,4.3,26,167.0,1.362,0.51,us,10.27,7.235,0.125,19
-20.3877,-177.9154,520.889,4.3,45,128.0,8.709,0.72,us,15.69,11.54,0.085,39
52.3884,160.6799,10.0,4.2,37,121.0,1.389,0.72,us,9.67,1.908,0.101,27
12.0854,143.2893,38.326,4.4,37,66.0,2.146,1.21,us,8.56,8.014,0.106,29
-23.6241,179.7862,531.391,4.3,31,98.0,6.07,0.62,us,10.41,11.244,0.111,23
51.5799,160.3171,10.0,4.4,11,187.0,2.219,1.08,us,10.85,1.962,0.179,9
-13.2903,167.002,206.545,4.4,27,146.0,2.153,1.06,us,14.48,6.581,0.108,25
-16.0765,-172.1508,10.0,4.7,27,125.0,2.185,0.6,us,10.32,1.899,0.106,27
52.3278,161.2628,10.0,4.2,24,220.0,1.737,0.88,us,14.88,1.99,0.159,11
-5.9613,154.6314,118.548,4.3,22,127.0,8.156,0.45,us,6.71,8.204,0.122,19
-24.0538,-70.8704,24.27,4.2,17,188.0,0.611,0.92,us,3.27,6.542,0.216,6
-17.9339,-178.1592,583.455,4.1,17,136.0,2.77,0.61,us,23.98,21.853,0.157,13
49.7788,157.0846,35.0,4.7,55,128.0,3.356,0.67,us,11.29,1.917,0.041,179
52.5026,160.1267,56.44,4.2,26,138.0,1.038,0.41,us,12.32,8.64,0.107,27
49.831,157.0212,35.0,4.3,32,135.0,3.309,0.87,us,12.4,1.937,0.109,24
6.76,-72.9658,165.882,4.1,13,167.0,2.332,1.09,us,13.58,17.407,0.233,5
14.0602,-89.8196,10.0,4.3,22,120.0,0.162,0.65,us,3.56,1.982,0.169,10
19.4393,-109.1231,10.0,4.2,83,129.0,1.826,0.8,us,8.65,1.944,0.048,123
11.7781,125.9635,10.0,4.9,68,105.0,4.694,0.7,us,11.11,1.865,0.069,66
51.5332,159.6339,31.098,4.4,36,136.0,1.61,0.93,us,10.1,6.129,0.096,34
-18.6406,65.2615,10.0,4.4,21,95.0,2.104,0.7,us,7.55,1.834,0.156,12
3.1264,-31.3815,10.0,4.7,46,122.0,9.974,0.38,us,12.37,1.809,0.09,37
51.3745,175.213,10.0,4.1,57,183.0,1.521,0.59,us,6.83,1.937,0.087,36
52.1916,160.8387,33.507,4.5,35,179.0,1.573,0.91,us,12.16,7.013,0.079,47
-18.8773,-175.5661,197.862,4.6,48,87.0,5.339,0.64,us,13.84,7.527,0.085,41
-28.3753,-178.8203,10.0,4.4,21,126.0,1.167,0.87,us,10.53,1.851,0.162,14
53.2472,160.6744,35.0,4.7,62,134.0,1.24,0.96,us,10.82,1.889,0.07,63
12.7375,-88.5933,53.012,4.1,18,190.0,0.773,1.06,us,8.33,10.46,0.214,6
53.4274,160.8714,31.291,4.6,54,84.0,1.396,0.84,us,8.4,3.003,0.084,42
20.9654,120.9326,10.0,4.2,32,99.0,1.848,0.79,us,6.46,1.922,0.153,14
30.6526,141.6528,11.469,4.9,60,120.0,2.911,0.82,us,8.39,4.9,0.058,97
-8.2613,107.1413,35.0,4.7,55,68.0,0.94,0.65,us,7.38,1.886,0.087,40
-14.685,167.5855,10.0,4.9,35,54.0,0.843,0.5,us,7.02,1.865,0.098,35
-54.4615,-55.5637,10.0,4.3,14,136.0,7.011,0.99,us,13.34,1.958,0.154,12
51.1622,158.2612,35.0,5.0,104,128.0,1.879,0.84,us,5.99,1.795,0.029,390
50.4798,157.7594,45.219,4.5,40,131.0,2.607,0.49,us,4.17,8.206,0.094,33
51.6796,160.5155,10.0,4.3,29,127.0,1.766,0.62,us,9.12,1.918,0.138,15
51.6024,160.128,10.0,4.1,19,170.0,2.12,0.81,us,8.88,1.969,0.14,14
51.9328,160.4582,10.0,4.4,20,217.0,1.554,0.78,us,7.01,1.976,0.149,13
53.6353,160.3412,61.718,4.8,181,117.0,1.185,0.58,us,8.98,6.579,0.044,160
52.3212,160.5594,10.0,4.9,58,104.0,1.359,0.53,us,6.51,1.852,0.058,94
-17.8315,-177.9729,590.108,4.2,17,122.0,2.875,0.66,us,19.53,13.803,0.146,13
52.2324,160.5178,28.062,4.2,18,124.0,1.387,0.59,us,5.57,6.387,0.146,14
-23.0953,-67.9696,155.337,4.6,29,46.0,0.24,0.93,us,7.05,3.17,0.123,20
1.4567,128.2043,106.214,4.6,48,80.0,3.826,0.5,us,8.34,8.523,0.088,39
-0.1668,99.3304,65.856,5.2,167,87.0,4.917,0.8,us,8.28,6.671,0.037,240
49.9828,158.2756,10.0,5.0,167,102.0,3.054,0.52,us,5.62,1.823,0.047,146
11.1466,124.1035,10.0,4.5,42,99.0,4.305,0.74,us,5.36,1.872,0.104,30
52.3091,160.0054,35.0,4.2,38,122.0,1.092,0.88,us,9.24,1.93,0.107,24
-23.0918,172.3639,10.0,4.4,17,133.0,4.561,1.14,us,12.29,1.898,0.139,15
-27.6076,-177.4072,84.728,4.7,31,121.0,1.695,0.61,us,13.22,6.256,0.115,23
52.8052,160.0663,35.0,4.2,27,119.0,0.885,1.39,us,6.68,1.908,0.11,23
52.1919,160.1743,34.0,4.8,60,137.0,1.248,1.17,us,5.64,5.681,0.08,51
12.7641,145.5454,10.0,4.3,25,119.0,1.052,0.92,us,7.15,1.926,0.133,16
51.8397,160.3231,36.34,4.7,39,154.0,1.567,1.02,us,9.61,7.834,0.065,71
13.8974,-92.0185,36.506,4.6,73,142.0,0.796,0.54,us,7.46,9.493,0.035,249
53.1528,161.03,27.56,4.6,105,145.0,1.441,0.56,us,8.91,4.488,0.059,87
-20.4455,-177.7273,466.653,4.2,38,97.0,7.47,0.56,us,7.01,9.797,0.096,30
-7.0885,155.8877,133.175,4.5,47,98.0,4.647,0.93,us,9.86,7.643,0.085,41
50.3954,159.7703,10.0,4.1,41,134.0,2.722,0.64,us,9.06,1.849,0.079,45
-41.0183,-91.0404,10.0,4.6,30,181.0,14.482,1.23,us,11.18,1.94,0.11,25
-10.9378,25.1617,10.0,4.3,23,114.0,5.225,0.84,us,11.46,1.894,0.129,17
17.5228,145.6669,223.677,4.2,38,145.0,2.272,0.68,us,8.12,10.733,0.103,27
52.159,160.2778,44.436,4.5,50,162.0,1.317,0.52,us,10.53,7.134,0.086,40
7.9787,126.6291,65.066,5.0,77,81.0,1.378,0.8,us,9.79,7.117,0.047,143
51.9587,161.1084,10.0,4.2,29,180.0,1.843,0.67,us,11.56,1.959,0.112,24
49.9207,157.3215,35.0,4.1,25,228.0,3.201,0.92,us,13.04,1.985,0.123,18
7.2614,126.9935,77.33,4.9,51,115.0,1.416,0.78,us,9.66,7.455,0.08,49
-26.4331,-177.421,111.385,4.0,14,205.0,2.852,0.71,us,11.29,10.884,0.143,13
1.2912,126.412,41.015,4.4,82,68.0,1.085,0.54,us,5.04,6.961,0.067,72
52.382,160.1014,10.0,4.7,32,175.0,1.092,0.68,us,8.47,1.955,0.113,24
39.5326,143.497,10.0,4.3,30,141.0,2.247,1.03,us,8.95,1.905,0.133,16
51.332,159.7044,24.879,4.2,26,128.0,1.814,1.23,us,9.95,6.105,0.124,18
-23.1571,-177.567,220.922,4.3,76,122.0,6.771,0.51,us,12.41,7.759,0.058,93
52.3686,160.7066,10.0,4.4,14,166.0,1.413,0.86,us,14.04,1.962,0.22,7
35.1749,23.2911,44.106,4.3,64,76.0,2.284,0.61,us,7.82,7.556,0.077,48
51.6919,159.1226,57.526,4.3,19,196.0,1.365,0.58,us,14.12,9.74,0.137,15
-30.9679,-179.3514,199.19,4.6,24,139.0,6.857,1.12,us,11.89,8.801,0.109,25
53.2618,160.9282,35.0,4.2,32,170.0,1.393,0.57,us,8.28,1.819,0.088,36
51.2831,159.1547,35.801,4.7,92,124.0,1.771,0.56,us,7.82,6.984,0.063,76
52.6084,160.6588,29.872,4.8,132,129.0,1.288,1.18,us,9.02,5.623,0.047,150
52.4527,159.6584,71.679,4.3,15,153.0,0.838,1.17,us,12.22,8.498,0.138,15
29.1776,129.4011,10.0,4.5,66,56.0,2.495,0.51,us,6.84,1.895,0.08,46
39.3435,73.5168,10.0,4.1,20,112.0,1.167,0.68,us,3.13,1.864,0.261,4
34.7355,140.7115,49.896,4.4,21,156.0,1.78,0.78,us,7.54,9.481,0.18,9
51.7785,158.683,61.473,4.2,46,124.0,1.247,0.66,us,8.78,7.63,0.095,31
-16.5352,-174.7375,292.287,4.1,16,130.0,3.867,0.57,us,10.91,7.351,0.151,14
50.8049,158.7836,10.0,5.7,45,131.0,2.223,0.7,us,7.17,1.638,0.113,28
-13.5455,-76.9197,10.0,4.5,30,137.0,1.55,0.79,us,8.88,1.724,0.07,61
-1.0583,-13.7121,10.0,4.7,36,127.0,6.859,0.57,us,10.46,1.887,0.097,32
-33.9276,179.1735,248.268,4.2,22,171.0,3.695,0.99,us,7.43,9.384,0.128,17
58.9715,-31.6029,10.0,4.4,13,181.0,7.554,0.34,us,11.72,1.901,0.178,9
-3.5292,135.4626,10.0,3.9,19,97.0,1.216,0.9,us,5.68,1.9,0.194,7
11.4114,124.4013,10.005,4.4,29,83.0,4.468,0.64,us,10.82,4.911,0.123,19
-6.1681,149.9136,54.478,4.7,119,32.0,2.98,0.65,us,6.33,3.418,0.057,97
39.4081,143.4448,10.0,4.6,87,123.0,2.288,1.01,us,7.79,1.88,0.063,74
15.7827,-94.799,10.0,4.1,42,184.0,2.146,0.77,us,9.93,1.976,0.073,52
51.1575,-177.6196,47.552,3.9,38,225.0,0.624,0.6,us,5.97,13.638,0.148,12
37.2812,20.2044,46.918,4.2,33,91.0,1.377,0.7,us,6.76,10.237,0.136,15
56.0972,117.4659,10.0,4.2,30,86.0,6.697,1.23,us,9.68,1.922,0.107,24
51.8646,155.998,200.867,4.1,34,137.0,1.623,0.29,us,15.32,8.454,0.107,24
8.9516,-83.1982,62.114,4.5,58,75.0,1.118,0.97,us,8.13,6.964,0.055,96
7.3667,126.8047,78.369,4.4,42,74.0,1.251,0.82,us,5.25,8.182,0.098,30
53.5914,160.2386,57.417,4.3,21,160.0,1.11,1.03,us,12.6,7.688,0.133,16
-15.3238,-173.135,10.0,4.5,18,143.0,1.922,0.77,us,9.11,1.961,0.191,9
-24.7514,-176.3688,35.0,4.7,22,131.0,4.687,0.7,us,8.01,1.931,0.108,26
-24.5474,179.7944,549.705,4.5,62,71.0,8.039,0.63,us,10.55,6.748,0.073,59
39.1705,145.3626,10.0,4.4,20,153.0,3.3,0.62,us,8.15,1.835,0.203,7
-22.3919,-68.788,122.433,4.1,20,60.0,0.727,0.61,us,4.39,5.23,0.158,11
-37.4434,51.3136,10.0,4.8,44,43.0,18.702,0.37,us,10.47,1.478,0.088,40
45.4527,153.3985,10.0,4.3,18,156.0,7.803,1.07,us,14.97,1.955,0.154,12
49.9065,156.4773,41.836,4.3,36,135.0,3.296,0.93,us,9.83,7.562,0.113,22
-17.7836,168.0866,42.669,4.3,19,134.0,2.473,0.68,us,7.9,6.986,0.148,13
-53.5242,24.796,10.0,4.7,27,116.0,21.327,0.93,us,15.51,1.883,0.133,17
7.0726,126.8975,68.326,5.0,66,103.0,1.308,0.8,us,7.93,4.033,0.048,137
50.5956,157.9756,35.0,4.8,76,130.0,2.467,0.55,us,9.98,1.919,0.07,62
27.9572,105.0687,10.0,4.4,36,154.0,8.06,0.57,us,6.88,1.919,0.098,30
51.588,159.788,44.421,4.6,53,127.0,1.598,0.56,us,8.75,7.026,0.062,77
2.8597,-31.2512,10.0,4.7,22,81.0,20.348,0.91,us,12.56,1.884,0.13,18
55.9698,163.9536,38.997,4.2,16,144.0,4.635,0.85,us,10.07,8.889,0.152,12
51.2807,158.7094,35.0,5.2,219,120.0,1.746,0.91,us,8.25,1.889,0.025,511
-60.1667,-62.2512,10.0,4.6,21,131.0,4.699,0.58,us,9.14,1.816,0.164,11
13.6224,123.4808,35.0,4.7,44,132.0,9.425,1.15,us,13.0,1.943,0.094,34
15.4713,-93.09,106.866,4.2,20,163.0,0.898,0.68,us,6.2,6.754,0.374,2
53.2139,160.1316,58.5,4.8,78,134.0,0.913,0.6,us,9.07,6.748,0.054,107
52.1319,160.7323,10.0,4.4,20,229.0,1.553,1.12,us,14.86,1.995,0.162,12
29.3994,129.1855,10.0,4.4,23,140.0,2.37,1.21,us,9.93,1.92,0.127,18
16.2029,107.3158,10.0,4.3,33,88.0,3.703,0.82,us,8.97,1.89,0.125,18
42.3739,-126.7325,10.0,4.3,107,159.0,1.768,0.8,us,7.41,1.932,0.07,58
52.7724,160.8405,10.0,4.6,59,172.0,1.351,0.82,us,9.29,1.772,0.077,51
-13.6775,-76.4345,47.252,5.0,103,137.0,1.726,0.7,us,6.85,7.287,0.03,367
-6.1749,142.5106,10.0,4.6,23,155.0,3.071,0.9,us,11.23,1.901,0.095,33
-50.3231,112.5822,10.0,4.5,20,144.0,16.037,0.45,us,11.06,1.891,0.14,17
51.436,159.5406,35.0,4.7,47,138.0,1.682,1.11,us,6.93,1.796,0.081,46
52.6898,160.7912,10.0,4.3,36,157.0,1.341,0.62,us,10.74,1.943,0.09,35
-5.9225,151.3917,35.0,4.2,18,165.0,1.725,0.76,us,12.15,1.922,0.128,17
52.3527,160.7563,10.0,5.2,110,105.0,1.447,1.06,us,7.41,1.82,0.029,384
52.3277,161.5303,10.0,4.4,21,135.0,1.887,0.62,us,13.76,1.941,0.134,16
-0.8249,150.5514,10.0,4.3,16,132.0,3.406,0.58,us,9.52,1.862,0.154,12
-15.9833,-175.2045,271.983,4.4,40,57.0,3.898,0.7,us,11.82,7.767,0.085,40
44.5259,149.1564,53.422,4.3,28,143.0,4.727,0.75,us,9.78,8.692,0.111,23
-5.155,151.3527,190.4,4.3,15,139.0,1.253,0.88,us,15.24,8.432,0.169,10
52.3745,160.2524,35.0,4.3,32,143.0,1.172,1.07,us,9.83,1.961,0.113,22
-60.2192,-61.5746,10.0,4.6,26,134.0,4.713,0.67,us,5.42,1.917,0.116,22
19.6058,146.7683,10.0,4.5,68,134.0,4.44,0.4,us,5.24,1.895,0.076,51
50.5088,157.8643,35.0,4.4,36,131.0,2.565,0.76,us,10.16,1.941,0.085,40
51.098,158.1973,45.839,4.4,36,125.0,1.948,0.58,us,8.74,8.031,0.11,24
-24.194,-67.5143,206.826,4.1,15,179.0,1.379,0.63,us,5.7,10.44,0.235,5
-3.824,99.7687,10.0,4.5,23,193.0,3.223,0.76,us,10.29,1.904,0.139,15
-22.0836,-179.6096,606.969,4.3,58,123.0,4.844,0.56,us,15.15,8.237,0.071,56
53.0506,160.4387,45.605,4.2,21,118.0,1.081,0.57,us,10.16,8.434,0.132,16
52.6033,160.3283,34.411,4.4,30,119.0,1.102,0.69,us,9.43,6.426,0.101,28
14.0785,-91.3783,86.886,4.6,78,94.0,0.509,0.79,us,7.63,6.925,0.044,151
27.585,56.1308,10.0,4.4,55,130.0,2.63,0.66,us,8.64,1.912,0.072,55
-55.3038,-26.8856,10.0,5.0,40,106.0,5.649,0.51,us,12.93,1.867,0.1,32
-57.1783,-26.6615,128.522,4.9,50,81.0,6.262,0.71,us,11.91,5.847,0.071,61
2.9712,-31.3943,10.0,4.8,157,123.0,9.831,0.64,us,10.65,1.875,0.047,147
52.4792,160.7599,10.0,4.7,37,165.0,1.393,0.95,us,9.91,1.73,0.108,26
52.2113,160.5807,10.0,4.4,18,124.0,1.431,1.13,us,9.73,1.864,0.12,20
45.4798,151.4646,38.589,5.1,98,91.0,6.94,0.71,us,9.34,5.039,0.035,265
49.7425,158.6707,10.0,4.6,97,134.0,3.285,0.73,us,5.09,1.893,0.05,119
45.3712,149.0886,116.134,4.2,40,133.0,4.674,0.48,us,10.9,8.288,0.103,26
51.5214,160.248,10.0,4.4,18,220.0,1.796,0.53,us,10.07,1.966,0.169,10
11.8966,143.8323,10.0,4.3,28,111.0,1.963,1.09,us,10.33,1.909,0.119,20
11.1406,124.1708,10.0,4.2,19,137.0,4.277,1.39,us,17.06,1.917,0.166,13
39.8728,75.3488,10.0,4.2,31,147.0,1.197,0.81,us,2.3,1.91,0.141,14
27.2004,103.5081,10.0,4.9,125,51.0,2.054,0.62,us,7.16,1.87,0.051,120
29.2751,129.3634,10.0,4.6,88,107.0,2.417,0.49,us,4.53,1.84,0.053,105
20.9575,93.7795,59.107,4.6,55,155.0,4.257,0.58,us,5.38,7.183,0.081,45
48.8612,156.301,10.0,5.6,114,54.0,4.343,0.94,us,8.11,1.755,0.021,769
19.6703,122.4804,171.669,4.1,34,141.0,3.393,0.45,us,12.23,9.169,0.112,22
51.7136,160.1103,24.263,4.3,41,127.0,1.588,0.86,us,8.14,5.494,0.089,39
-18.6469,-175.7455,278.959,4.4,29,135.0,5.134,0.51,us,15.27,8.591,0.097,31
2.0809,97.0491,10.0,4.2,14,186.0,0.934,0.7,us,7.85,1.978,0.175,9
-3.5108,101.305,43.266,4.3,43,146.0,1.85,0.85,us,9.87,8.262,0.106,29
29.7003,138.4539,486.873,4.2,47,139.0,3.597,0.59,us,11.83,7.141,0.095,31
51.3021,158.7695,50.95,4.2,18,167.0,1.726,0.39,us,12.56,9.128,0.146,14
1.7217,127.2828,113.135,4.4,54,67.0,2.457,0.65,us,7.93,7.477,0.088,44
-59.1835,-25.4503,35.0,4.5,31,129.0,15.502,0.68,us,17.92,1.939,0.104,27
-57.2058,-68.3105,10.0,4.3,12,151.0,3.581,1.26,us,10.59,1.965,0.217,6
31.5598,131.6068,53.962,4.3,20,137.0,0.987,0.78,us,7.4,9.872,0.142,14
-21.6699,-179.4793,611.548,4.0,16,141.0,4.544,0.6,us,20.55,15.948,0.173,11
52.1651,160.6967,10.0,4.3,21,121.0,2.057,1.31,us,6.79,1.866,0.137,17
44.3465,148.7041,61.848,4.4,82,110.0,4.398,0.59,us,10.55,2.995,0.061,77
-27.9645,-66.6791,153.343,4.3,38,41.0,3.316,0.46,us,8.55,7.592,0.101,28
-2.1059,139.3601,22.544,4.3,39,82.0,1.337,0.65,us,5.79,5.858,0.111,26
53.0656,160.7984,35.0,4.2,18,173.0,1.298,0.89,us,11.83,1.982,0.199,8
3.4593,125.6907,89.265,4.2,20,129.0,1.283,0.62,us,6.91,9.889,0.166,13
6.3466,127.3576,10.0,4.6,38,62.0,1.907,0.47,us,10.04,1.911,0.101,31
7.4423,126.5296,103.392,4.5,24,85.0,1.013,0.75,us,9.62,8.559,0.127,18
29.1271,129.6342,10.0,4.2,29,113.0,2.477,0.39,us,7.86,1.913,0.136,15
49.2125,157.8883,10.0,4.5,56,126.0,3.846,0.57,us,4.72,1.884,0.086,40
-15.0451,167.7254,121.813,4.1,18,219.0,0.643,0.81,us,12.94,6.988,0.158,11
29.3458,129.4924,12.131,4.6,55,112.0,2.31,0.44,us,8.0,4.459,0.085,41
52.0936,160.6397,10.0,4.3,22,163.0,1.531,1.25,us,10.5,1.918,0.147,13
51.1599,159.4698,10.0,4.1,22,216.0,1.934,1.08,us,9.69,1.975,0.157,13
-58.1669,-25.5017,35.0,4.4,37,80.0,7.253,0.38,us,9.86,1.72,0.148,15
32.9472,88.6555,10.0,5.1,92,79.0,3.864,0.94,us,8.75,1.789,0.049,138
10.8677,-62.8177,164.958,4.1,37,164.0,4.17,0.89,us,6.8,10.796,0.095,30
38.075,72.8846,139.763,4.2,50,109.0,0.394,0.58,us,5.79,5.216,0.088,36
80.0538,-0.1335,10.0,4.2,44,125.0,2.489,0.95,us,5.77,1.931,0.089,35
-15.9896,-173.4176,10.0,4.8,39,55.0,3.255,0.71,us,8.93,1.872,0.05,123
49.1206,155.6578,35.0,4.7,93,137.0,4.195,0.52,us,11.34,1.92,0.061,82
29.3883,129.4888,10.0,4.3,36,114.0,6.847,0.78,us,11.37,1.82,0.097,30
37.6612,144.2886,10.0,4.9,110,125.0,4.003,0.86,us,7.52,1.859,0.062,81
21.5117,97.2973,10.0,4.4,37,109.0,2.24,0.71,us,8.56,1.691,0.107,25
54.4463,-159.9997,10.0,4.0,56,203.0,0.453,0.78,us,5.36,1.941,0.183,8
18.6719,145.3867,208.086,3.9,20,125.0,3.434,0.45,us,9.97,10.21,0.149,12
7.6469,127.1659,10.0,4.8,98,75.0,1.675,1.1,us,6.35,1.765,0.056,98
-3.0453,129.5909,10.0,4.4,24,63.0,2.657,1.11,us,7.53,1.896,0.143,14
-5.7179,152.5813,10.0,5.2,104,87.0,1.507,0.93,us,7.29,1.876,0.059,94
-24.8232,179.6377,550.834,4.3,48,72.0,11.243,0.75,us,4.6,9.822,0.081,44
52.5706,160.5659,10.0,5.4,195,114.0,1.249,0.85,us,7.35,1.811,0.045,171
-7.5549,128.4844,144.105,4.2,17,114.0,4.708,0.56,us,6.65,8.71,0.159,11
46.219,136.3127,420.592,4.6,149,34.0,3.662,0.85,us,9.07,6.585,0.024,499
52.274,160.4942,10.0,4.2,25,123.0,1.351,0.91,us,7.17,1.804,0.128,17
-24.7421,-173.8807,10.0,4.4,15,138.0,6.727,0.54,us,9.18,1.921,0.154,13
49.9147,159.3534,10.0,4.7,50,136.0,3.144,0.69,us,9.8,1.884,0.042,173
51.6429,159.5666,35.0,4.4,18,156.0,1.493,1.01,us,4.18,1.953,0.17,10
-38.3677,178.6045,10.0,4.9,24,196.0,0.838,0.74,us,6.57,1.943,0.169,13
3.292,64.986,10.0,4.2,15,146.0,8.473,0.77,us,15.75,1.958,0.167,10
50.8403,158.6814,10.0,4.3,33,149.0,2.186,0.97,us,12.72,1.962,0.095,31
33.0832,90.0677,10.0,4.5,45,131.0,3.489,1.14,us,10.37,1.89,0.065,70
-10.3674,161.3064,70.252,4.3,50,112.0,1.626,0.72,us,8.28,5.208,0.094,37
50.6544,157.3392,60.903,4.3,30,222.0,2.468,0.6,us,12.72,9.138,0.096,31
35.6952,140.036,76.733,4.6,50,132.0,1.703,0.58,us,9.09,7.446,0.088,38
8.2613,127.4213,10.0,4.9,132,42.0,2.176,0.66,us,7.11,1.639,0.045,153
-6.5675,107.0797,126.439,4.3,22,137.0,0.583,1.06,us,11.46,6.505,0.137,16
27.6536,-102.7715,10.0,4.0,65,60.0,1.163,0.48,us,3.72,1.729,0.087,36
52.6886,160.3365,53.81,4.4,32,142.0,1.076,1.2,us,12.48,7.868,0.126,18
51.732,161.0974,10.0,4.1,18,128.0,1.981,0.92,us,10.2,1.936,0.166,10
18.0356,-102.8914,10.0,4.4,131,213.0,2.247,0.93,us,9.92,1.969,0.033,258
-15.3566,-72.037,118.506,4.3,18,125.0,3.309,1.38,us,8.75,9.624,0.101,28
-20.9163,-65.1486,314.573,4.1,32,84.0,3.832,0.56,us,11.06,13.118,0.151,12
42.1459,142.7626,69.713,4.1,18,99.0,0.321,0.55,us,9.1,11.802,0.166,10
-58.69,-25.8509,61.44,4.4,17,180.0,16.038,0.71,us,12.6,11.411,0.162,11
31.8975,131.843,42.271,4.5,51,126.0,1.247,0.82,us,7.0,7.79,0.083,43
52.1538,160.7119,27.022,4.6,27,178.0,1.53,0.56,us,11.59,6.86,0.114,23
51.8394,159.4133,35.0,4.5,51,119.0,1.275,0.84,us,9.23,1.934,0.065,75
53.4072,159.1192,98.093,4.6,34,112.0,0.477,0.84,us,12.3,8.45,0.109,25
-18.7291,65.5576,10.0,4.6,25,86.0,2.305,0.72,us,12.06,1.882,0.119,21
-16.4915,-173.5353,38.097,4.1,28,100.0,3.075,0.64,us,10.15,7.092,0.12,19
-21.4329,-66.814,212.454,4.5,91,55.0,1.971,0.67,us,6.67,7.025,0.049,123
54.5078,-159.6655,33.73,3.6,29,206.0,0.327,0.4,us,7.04,10.345,0.352,2
-6.6149,129.9367,145.501,4.5,59,59.0,2.079,0.63,us,8.69,7.264,0.073,55
38.3636,142.4686,28.542,4.1,18,180.0,2.654,0.54,us,9.06,8.002,0.198,7
-6.6598,148.1933,43.817,4.2,16,134.0,2.913,0.25,us,10.21,14.659,0.176,9
1.6371,123.0396,10.0,4.6,22,70.0,2.317,0.96,us,8.53,1.907,0.152,13
-4.7694,140.6062,10.0,4.4,21,86.0,1.782,0.82,us,5.31,1.897,0.123,19
52.8545,161.1417,10.0,5.4,105,119.0,1.517,1.2,us,7.66,1.839,0.027,464
40.3439,24.0525,10.0,4.4,22,67.0,1.221,1.24,us,5.26,1.934,0.239,5
43.2425,87.5389,10.0,4.4,34,102.0,4.621,0.76,us,4.02,1.945,0.112,23
53.4664,-166.8016,74.179,4.3,125,149.0,0.331,0.92,us,4.32,5.426,0.047,126
52.3294,160.7829,10.0,4.5,65,123.0,1.473,0.65,us,10.52,1.924,0.064,73
7.2233,127.4282,10.0,4.5,27,126.0,1.841,0.96,us,6.09,1.907,0.121,20
-22.9061,-66.7678,213.249,4.2,20,113.0,1.302,1.06,us,10.3,8.258,0.159,11
49.9425,157.5095,10.0,4.6,76,118.0,3.166,0.93,us,9.98,1.878,0.042,167
55.2758,109.8148,10.0,4.1,19,86.0,4.614,0.56,us,10.55,1.948,0.157,12
-15.9193,-70.5505,192.569,4.2,25,142.0,1.952,1.1,us,9.3,7.956,0.128,17
51.6779,160.0257,10.0,4.4,92,113.0,1.59,0.8,us,8.54,1.862,0.064,70
39.6,143.1874,36.537,4.5,111,103.0,2.014,0.57,us,6.9,5.973,0.054,100
52.2582,160.3396,10.0,5.0,170,117.0,1.283,0.69,us,8.74,1.868,0.043,170
51.3268,-173.9362,10.0,4.5,71,179.0,0.891,0.73,us,5.22,1.872,0.051,112
52.7629,160.91,32.003,4.0,26,143.0,1.394,0.44,us,9.09,4.261,0.129,16
8.1476,58.7081,10.0,4.5,63,68.0,16.874,0.83,us,11.3,1.898,0.074,54
-7.8025,118.8538,38.505,5.0,77,33.0,1.474,0.84,us,5.91,4.599,0.074,63
52.1503,161.3615,10.0,4.3,18,189.0,1.871,0.54,us,13.07,1.967,0.142,14
-16.8883,-174.2038,84.077,4.9,29,129.0,6.172,1.15,us,15.99,6.616,0.08,50
-20.0164,-177.8375,597.013,4.1,20,208.0,13.955,0.64,us,18.37,12.156,0.131,16
-59.7372,-26.4457,98.872,5.2,65,68.0,18.006,0.5,us,12.01,7.988,0.071,66
51.2537,157.5788,69.781,4.5,79,126.0,1.859,0.49,us,8.92,7.565,0.061,79
51.913,159.416,35.146,4.6,28,131.0,1.207,1.29,us,9.23,7.958,0.116,22
-4.5677,102.7394,62.773,4.2,31,145.0,0.298,0.36,us,8.29,5.39,0.121,19
-0.1615,-18.186,10.0,4.3,14,88.0,8.61,0.75,us,12.31,1.939,0.161,11
3.5505,126.7713,49.644,4.5,42,104.0,1.744,1.02,us,5.32,7.138,0.093,34
9.0575,93.7358,10.0,4.3,23,179.0,5.815,1.09,us,9.03,1.868,0.154,13
51.4261,159.6962,10.0,5.0,66,121.0,1.724,0.88,us,8.22,1.869,0.049,135
52.5494,160.9169,25.765,4.0,21,119.0,1.456,0.87,us,7.57,4.822,0.123,18
-2.0229,139.1473,10.0,4.5,39,77.0,1.144,0.56,us,4.64,1.834,0.107,26
7.1339,127.3887,10.0,4.2,22,137.0,1.797,0.46,us,11.0,1.914,0.136,15
12.9962,145.7424,10.0,4.2,24,104.0,1.035,0.78,us,4.33,1.922,0.166,10
0.6839,121.5206,100.351,4.4,59,38.0,0.852,0.77,us,5.97,5.583,0.084,41
-31.5118,-179.0856,10.0,4.8,13,148.0,2.47,0.64,us,8.71,1.902,0.16,12
51.4546,159.6703,21.068,4.3,19,137.0,1.692,0.92,us,12.57,6.549,0.119,22
52.5395,160.7864,10.0,5.3,207,88.0,1.385,0.61,us,7.35,1.799,0.036,258
49.215,156.4101,36.884,4.0,34,136.0,3.982,0.64,us,13.21,7.941,0.096,29
52.0204,159.5786,71.934,4.4,25,138.0,1.154,0.88,us,10.1,7.042,0.12,20
34.7136,70.8489,10.0,4.3,19,238.0,1.428,0.6,us,14.86,2.009,0.119,20
7.0271,127.4559,10.0,4.4,23,72.0,3.01,1.06,us,7.12,1.791,0.138,15
-61.2388,-36.4468,10.0,4.9,39,62.0,6.975,0.79,us,10.5,1.873,0.091,38
3.3383,-82.799,10.0,4.4,19,166.0,4.441,1.15,us,9.89,1.96,0.162,11
29.8986,139.0415,415.572,4.0,98,86.0,3.274,0.79,us,9.04,8.332,0.059,78
50.1735,88.1714,10.0,4.2,20,135.0,3.483,0.68,us,9.24,1.935,0.141,14
52.6742,160.2915,15.627,4.2,61,120.0,1.055,0.66,us,9.15,5.245,0.071,56
69.9642,-15.9072,10.0,4.5,28,73.0,2.121,0.91,us,8.17,1.922,0.128,19
-38.4234,176.2689,128.473,4.4,14,72.0,0.59,0.31,us,3.98,5.74,0.24,5
7.6856,-82.2567,10.0,4.6,41,248.0,2.676,0.79,us,9.75,2.004,0.046,141
-9.2676,124.3365,32.198,4.4,18,85.0,0.489,1.01,us,5.24,6.72,0.161,11
-21.9912,-68.7137,117.67,4.3,27,64.0,0.527,0.93,us,5.51,4.761,0.16,11
40.8805,143.1576,42.571,4.4,35,142.0,1.133,0.49,us,6.96,7.792,0.11,24
7.1713,126.8099,81.491,4.9,85,109.0,1.226,1.24,us,8.44,7.102,0.066,72
51.6222,158.2141,50.272,4.4,30,125.0,1.429,1.04,us,9.74,8.261,0.123,19
52.5714,160.6638,35.0,4.3,11,137.0,1.304,0.5,us,15.24,1.96,0.266,4
12.2142,-64.7835,10.0,4.5,49,65.0,2.047,0.82,us,6.99,1.914,0.1,33
17.2831,-60.1479,21.47,4.1,40,141.0,1.297,0.73,us,6.39,6.668,0.151,12
-50.7727,-27.8732,10.0,4.6,17,118.0,6.323,0.52,us,14.26,1.9,0.173,10
1.0344,97.1099,10.0,4.7,69,139.0,2.45,0.44,us,7.04,1.888,0.072,59
43.1447,146.5868,36.519,4.8,71,132.0,2.773,0.59,us,8.15,7.233,0.051,118
10.9916,138.592,10.0,4.5,17,146.0,5.446,0.46,us,6.79,1.923,0.15,13
53.276,-160.0052,10.0,3.8,78,171.0,1.577,1.14,us,6.53,1.978,0.253,4
51.6749,-176.7088,54.591,4.5,132,126.0,0.266,1.07,us,5.11,4.981,0.033,275
51.1902,159.4949,10.0,5.2,31,125.0,1.909,0.56,us,8.45,1.89,0.089,41
52.9584,161.0863,10.0,5.8,91,106.0,1.474,1.06,us,4.06,1.84,0.06,102
-43.6591,-16.3214,10.0,5.1,112,76.0,16.914,0.68,us,10.39,1.809,0.059,96
-5.439,153.1298,10.0,4.4,33,83.0,1.57,0.76,us,9.07,1.893,0.114,24
-60.227,-61.8465,10.0,4.7,24,136.0,4.677,0.46,us,10.88,1.933,0.118,22
52.3973,160.7279,10.0,4.2,28,122.0,1.411,0.87,us,6.86,1.909,0.115,21
0.2614,122.0062,164.366,4.6,78,41.0,1.487,0.64,us,5.17,6.087,0.073,57
50.2297,158.3352,29.28,4.1,14,232.0,2.805,0.61,us,10.21,8.114,0.213,6
51.9803,159.1864,59.406,4.0,31,137.0,1.095,0.58,us,9.8,7.566,0.119,19
52.1322,158.3349,84.63,5.0,75,163.0,0.913,0.82,us,9.44,7.209,0.024,533
60.5231,-140.0265,7.439,4.6,67,56.0,0.443,0.85,us,3.61,4.774,0.11,26
29.051,51.4812,10.0,4.2,81,74.0,5.871,0.49,us,9.01,1.851,0.069,63
28.3641,141.9716,36.792,4.2,34,134.0,1.278,0.74,us,8.58,7.356,0.105,25
50.1567,158.5962,10.0,4.5,53,126.0,2.871,0.87,us,9.63,1.895,0.068,64
-5.2595,152.1862,60.841,5.0,70,71.0,0.97,0.47,us,8.22,4.977,0.075,57
3.3331,-31.2824,10.0,4.3,16,158.0,10.202,1.09,us,15.41,1.89,0.148,16
36.8737,75.5702,10.0,4.4,26,122.0,2.84,1.28,us,6.95,1.75,0.143,14
-17.8471,-178.1231,505.502,4.2,14,160.0,2.756,0.71,us,26.78,27.23,0.158,11
52.1484,160.2623,35.0,4.7,16,164.0,1.835,0.77,us,12.18,1.98,0.195,8
40.4899,143.6278,28.747,4.2,21,138.0,1.564,0.33,us,8.04,6.896,0.175,9
-15.9789,-75.4902,10.0,4.6,29,139.0,4.179,0.62,us,11.47,1.906,0.129,18
2.7113,128.1721,73.75,4.3,35,104.0,3.355,1.18,us,9.42,2.478,0.113,22
4.4519,-73.1153,10.0,4.5,66,75.0,1.264,0.71,us,7.16,1.897,0.073,54
51.419,159.7448,10.0,4.9,120,132.0,1.742,0.89,us,9.49,1.879,0.052,116
9.0054,-83.9276,25.007,4.7,56,137.0,0.735,0.84,us,8.02,6.142,0.08,47
51.4204,158.1481,58.493,4.4,22,119.0,1.635,0.62,us,12.44,4.738,0.155,12
52.6641,160.7552,10.0,5.6,106,120.0,1.327,0.89,us,9.06,1.872,0.059,102
-16.5547,-69.9025,178.966,4.3,28,123.0,1.105,0.76,us,9.67,7.52,0.129,17
38.3161,142.0482,57.554,4.4,38,148.0,2.584,0.43,us,9.05,8.524,0.12,20
36.7398,71.1247,241.348,4.0,21,86.0,1.907,0.71,us,7.08,10.621,0.212,6
-15.9688,-75.4697,10.0,4.5,22,143.0,4.176,0.58,us,7.65,1.912,0.145,14
52.5577,160.9675,10.0,4.1,20,152.0,1.483,1.1,us,7.3,1.947,0.235,5
42.5481,88.1162,10.0,4.5,57,105.0,5.427,0.78,us,10.16,1.908,0.081,44
37.9075,144.0712,10.0,4.5,28,147.0,3.703,0.85,us,10.69,1.94,0.15,16
46.2204,153.1124,10.0,5.0,62,126.0,7.507,0.52,us,10.18,1.868,0.056,100
-58.7694,-24.8342,10.0,4.8,66,69.0,7.852,0.48,us,10.59,1.819,0.071,62
-10.7646,161.6979,35.0,4.5,24,159.0,2.17,0.53,us,9.33,1.91,0.124,19
51.7276,159.6064,35.0,4.4,33,126.0,1.424,0.44,us,7.7,1.899,0.096,31
51.9825,158.4774,56.879,4.4,28,123.0,1.048,1.05,us,8.83,7.487,0.114,22
-6.6097,154.7994,25.472,5.0,87,62.0,3.558,0.42,us,8.68,4.448,0.057,100
51.5253,160.2937,10.0,4.4,20,220.0,2.247,0.72,us,7.56,1.899,0.123,19
-20.634,-176.4927,257.819,4.2,19,103.0,5.699,0.7,us,13.47,13.305,0.132,19
16.345,-93.0087,192.594,4.4,46,114.0,0.84,0.83,us,6.82,6.539,0.051,111
51.137,157.3056,83.788,4.5,18,168.0,1.989,0.98,us,12.3,9.064,0.171,10
52.7896,-169.6989,45.95,3.8,34,170.0,0.543,0.83,us,9.74,7.099,0.104,24
-1.9247,139.1336,35.0,4.1,17,125.0,1.159,0.99,us,4.75,1.785,0.157,11
-45.5349,-76.795,10.0,4.4,24,149.0,2.347,0.71,us,10.85,1.924,0.115,22
2.9108,95.4296,22.095,4.3,26,135.0,2.673,0.54,us,7.3,6.227,0.117,21
-33.8345,-179.1911,49.256,4.3,15,254.0,4.24,0.73,us,11.5,12.707,0.177,9
51.3411,159.6707,10.0,4.2,32,129.0,1.798,0.73,us,9.18,1.813,0.115,21
-17.5198,167.8604,49.537,4.3,11,114.0,2.155,0.7,us,10.41,6.571,0.217,6
50.0506,159.5146,10.0,4.7,44,135.0,9.505,1.03,us,13.2,1.918,0.094,34
50.1721,158.6943,24.951,4.4,27,138.0,2.855,0.69,us,11.35,5.649,0.13,17
-20.6463,-69.019,101.767,4.4,22,79.0,0.518,0.56,us,4.18,5.317,0.139,15
50.6857,157.0186,64.782,4.3,49,135.0,2.463,0.48,us,11.1,7.612,0.094,32
-27.9812,-177.8106,10.0,4.4,18,92.0,10.876,0.74,us,8.36,1.899,0.139,15
43.3059,145.2408,51.87,4.3,34,188.0,2.007,0.29,us,11.14,9.166,0.104,26
-18.131,-69.5308,129.101,4.4,37,65.0,0.541,0.68,us,4.32,5.352,0.104,27
-28.4498,-68.9984,94.818,4.5,30,46.0,1.596,0.97,us,6.72,7.73,0.131,17
-10.4808,124.6142,10.0,4.4,12,136.0,0.798,1.24,us,8.72,1.774,0.204,7
30.1427,-43.2121,10.0,4.4,29,85.0,18.5,0.89,us,12.03,1.918,0.118,21
40.5065,144.9975,10.0,4.5,55,136.0,2.048,0.44,us,7.17,1.893,0.095,34
51.3888,161.0745,10.0,4.5,62,135.0,2.215,0.66,us,11.21,1.903,0.076,51
-24.0011,-66.9945,167.671,4.3,70,54.0,1.508,1.01,us,7.56,7.071,0.067,63
-2.1266,120.6903,10.0,4.2,15,139.0,0.574,1.08,us,5.72,1.934,0.215,6
-59.3012,-60.2417,10.0,4.8,30,113.0,5.776,0.63,us,10.53,1.915,0.095,38
-22.8036,-66.1865,250.22,4.5,105,32.0,1.843,0.77,us,7.76,6.202,0.051,113
1.8386,127.3351,110.16,4.3,31,97.0,1.06,0.66,us,6.83,8.847,0.122,19
52.2875,158.0763,47.365,4.2,45,121.0,0.816,0.49,us,10.26,6.488,0.085,39
-23.4158,170.6464,10.0,4.4,20,245.0,3.054,0.73,us,12.06,1.998,0.156,13
52.3606,160.4646,35.0,4.4,24,225.0,1.289,0.75,us,13.89,1.98,0.134,16
26.0392,97.0716,10.0,4.2,28,117.0,5.201,0.98,us,6.96,1.92,0.147,13
52.983,159.8563,59.222,4.3,28,167.0,0.73,0.7,us,12.13,8.503,0.101,28
-20.5344,-178.9538,623.051,4.6,127,90.0,3.963,0.6,us,12.26,6.785,0.047,132
42.882,144.9575,104.464,4.4,130,133.0,1.589,0.43,us,9.06,6.952,0.045,139
-11.9882,167.8248,332.414,4.2,25,126.0,3.491,0.56,us,15.19,10.048,0.124,18
5.0984,123.5765,569.866,4.3,60,39.0,1.93,0.65,us,11.76,8.87,0.083,41
-5.0131,123.0162,10.0,4.5,48,78.0,0.292,0.44,us,3.79,1.859,0.099,30
7.1153,126.9212,60.928,4.6,61,118.0,1.333,0.82,us,8.86,5.557,0.08,47
-59.5656,-26.0415,35.0,4.9,41,104.0,15.303,0.84,us,13.38,1.944,0.095,41
53.0062,161.3204,10.0,4.2,26,118.0,1.613,1.24,us,10.75,1.915,0.107,24
52.1609,159.9379,41.142,4.1,13,161.0,1.168,1.04,us,11.67,11.067,0.166,10
0.0096,123.5546,137.497,4.3,57,76.0,3.582,1.1,us,8.54,8.563,0.089,36
-2.0359,120.6836,10.0,4.2,16,104.0,0.639,0.59,us,3.81,1.928,0.216,6
55.4542,166.3641,10.0,4.7,98,91.0,5.138,0.67,us,8.6,1.874,0.034,266
-6.096,142.6566,10.0,4.4,21,77.0,3.234,0.73,us,7.91,1.937,0.155,12
39.2265,28.1034,10.0,4.2,34,69.0,0.944,0.47,us,3.91,1.932,0.159,11
-11.8328,166.6422,181.077,4.5,21,146.0,3.634,0.77,us,13.83,8.805,0.14,19
35.5092,22.589,56.728,4.4,46,134.0,1.75,0.6,us,6.77,6.422,0.084,41
52.1711,161.6764,10.0,4.1,17,138.0,2.034,0.71,us,10.16,1.85,0.213,6
-32.9948,-72.8305,10.0,4.4,24,146.0,0.994,0.95,us,5.52,1.903,0.268,4
81.2206,118.5921,10.0,4.9,97,77.0,9.907,0.57,us,10.5,1.889,0.03,345
52.5866,160.5637,31.742,4.5,93,133.0,1.241,0.72,us,11.34,6.065,0.06,81
52.2281,160.8165,34.499,4.2,27,214.0,1.542,1.24,us,14.4,9.644,0.115,21
1.1208,97.0034,10.0,4.0,9,220.0,0.6,0.82,us,4.44,1.959,0.259,5
53.8745,-163.1818,35.206,3.9,93,158.0,0.839,0.63,us,4.4,8.432,0.096,29
-6.3772,154.4982,60.089,4.8,46,63.0,3.181,0.54,us,4.48,7.592,0.082,46
51.9756,161.0779,10.0,4.5,59,173.0,1.818,0.96,us,11.03,1.939,0.057,91
-44.136,-82.1174,10.0,4.6,11,199.0,8.461,0.43,us,17.29,1.99,0.182,9
51.5411,158.3911,35.352,4.4,96,126.0,1.493,0.6,us,5.05,7.504,0.057,87
-6.6663,126.6796,466.147,4.1,32,76.0,3.852,0.56,us,8.66,8.686,0.109,23
7.1737,127.2136,10.0,4.7,64,55.0,1.625,0.99,us,6.53,1.858,0.069,65
51.9173,90.6931,10.0,4.5,58,53.0,4.095,1.26,us,9.4,1.919,0.053,104
12.0158,143.2005,30.97,4.9,49,92.0,4.071,0.44,us,11.9,5.68,0.088,41
51.0664,157.2636,80.229,4.6,130,135.0,2.063,0.65,us,5.05,6.551,0.05,118
-4.1821,34.7605,10.0,4.2,16,107.0,3.744,0.69,us,6.18,1.928,0.186,8
-57.1929,-67.9056,10.0,4.3,25,164.0,2.271,0.53,us,12.28,1.971,0.122,19
59.8012,-30.1139,10.0,4.3,11,155.0,6.433,0.84,us,10.99,1.991,0.218,6
9.236,93.841,10.0,4.7,61,70.0,5.034,0.66,us,9.0,1.884,0.069,63
-61.132,159.5878,10.0,5.1,43,103.0,6.662,0.82,us,10.86,1.886,0.089,41
-28.0218,-177.4728,66.397,4.4,20,250.0,1.283,0.79,us,12.8,10.135,0.135,16
27.6063,143.1595,10.0,4.8,56,121.0,1.005,0.82,us,7.46,1.865,0.057,96
50.1812,158.172,10.0,4.5,73,134.0,2.862,0.55,us,9.86,1.883,0.071,59
52.5319,161.1206,10.0,4.3,31,121.0,1.579,1.35,us,9.84,1.881,0.113,22
52.2797,160.7404,38.454,4.8,85,123.0,1.475,1.23,us,8.79,5.559,0.036,238
-30.0116,-177.4892,35.0,4.4,17,243.0,9.722,1.05,us,16.03,2.003,0.155,12
27.8589,56.9111,10.0,4.1,37,142.0,2.97,0.79,us,11.6,1.884,0.101,27
13.1747,144.567,75.892,4.5,32,128.0,2.366,0.62,us,14.15,8.79,0.078,49
22.7745,142.4843,128.123,4.1,40,153.0,4.311,0.72,us,5.69,8.302,0.109,23
-24.8036,179.8157,506.506,4.6,61,132.0,7.213,0.75,us,13.43,7.67,0.072,58
20.0407,121.4317,35.0,4.4,24,155.0,2.782,1.02,us,10.68,1.945,0.155,12
7.2614,126.6133,83.566,4.2,43,90.0,1.044,0.59,us,9.45,8.609,0.102,31
52.5176,160.7506,27.845,4.1,27,150.0,1.373,1.11,us,9.97,6.294,0.109,23
-22.4855,-175.0684,10.0,4.8,51,116.0,7.207,0.74,us,11.54,1.842,0.081,47
-14.9848,167.6284,121.432,4.2,12,262.0,0.616,0.79,us,15.82,6.986,0.199,7
26.1022,128.4489,10.0,4.5,26,89.0,0.748,0.61,us,4.2,1.834,0.128,18
-24.6527,179.9802,532.511,4.5,18,210.0,7.104,0.55,us,19.76,24.815,0.14,15
51.9416,161.6932,10.0,4.1,35,126.0,2.153,0.58,us,11.23,1.917,0.102,28
-6.4619,147.5559,35.0,4.5,22,119.0,2.95,1.04,us,7.83,1.945,0.124,19
11.0827,124.3483,10.0,4.6,49,83.0,4.169,0.55,us,5.57,1.904,0.092,37
8.5058,-102.8953,10.0,4.2,36,187.0,9.939,0.69,us,14.47,1.925,0.095,31
-18.5696,65.2,10.0,4.5,21,153.0,2.094,0.65,us,12.66,1.906,0.135,16
52.915,160.6201,35.0,4.3,15,170.0,1.196,0.81,us,9.34,1.987,0.201,7
53.4033,160.4318,55.148,4.1,21,137.0,1.137,1.22,us,9.23,5.072,0.135,15
-23.4783,179.7963,554.606,4.2,85,121.0,5.933,0.65,us,12.74,5.103,0.072,54
52.6102,160.8792,35.0,4.6,37,116.0,1.415,0.73,us,9.36,1.929,0.099,30
43.601,147.8963,35.0,5.0,121,134.0,3.83,0.92,us,5.45,1.915,0.055,105
13.8649,39.8597,10.0,4.5,37,97.0,3.725,0.62,us,10.55,1.934,0.102,28
-6.4693,142.7868,10.0,4.6,39,98.0,3.256,1.14,us,4.97,1.885,0.107,26
-19.0961,169.2714,248.046,4.2,31,110.0,3.893,0.48,us,12.37,9.976,0.105,25
-2.421,139.0541,41.582,4.4,28,75.0,1.023,1.17,us,6.26,5.012,0.109,24
51.7412,159.1298,50.729,4.3,88,138.0,1.317,0.6,us,8.25,7.007,0.061,76
-7.6194,148.3235,35.0,4.1,23,127.0,2.115,0.83,us,10.49,1.906,0.135,15
-36.9459,-73.8111,35.0,4.3,28,152.0,2.264,0.92,us,4.67,1.961,0.178,9
6.7494,-72.9982,166.636,4.5,56,80.0,2.305,0.7,us,8.82,8.457,0.048,128
19.5517,-69.6462,10.0,4.4,50,46.0,0.505,1.25,us,3.05,1.292,0.084,41
51.3088,157.5788,83.882,4.5,83,135.0,1.804,0.43,us,11.16,6.952,0.046,138
51.6346,159.4151,38.24,4.9,74,126.0,1.468,0.91,us,8.23,6.992,0.065,74
-6.1832,151.4614,10.0,4.6,34,149.0,2.099,0.72,us,11.08,1.916,0.068,66
51.0899,159.4185,10.0,4.5,15,138.0,1.994,0.74,us,9.19,1.825,0.18,9
-29.6475,-177.3256,35.0,4.4,16,260.0,28.876,1.03,us,20.38,2.019,0.139,15
-6.1582,147.7152,81.658,4.6,26,110.0,3.272,0.49,us,9.79,10.271,0.113,23
-10.1601,108.494,10.0,4.9,73,58.0,2.776,0.65,us,6.92,1.852,0.072,61
40.2919,143.9546,10.0,4.4,17,147.0,1.824,0.63,us,7.34,1.95,0.169,12
50.5132,157.9178,35.0,4.1,33,93.0,2.602,0.66,us,12.58,1.945,0.104,25
50.6173,158.4041,32.753,4.2,31,137.0,2.414,0.67,us,12.27,6.394,0.096,30
-29.9747,-71.1453,86.389,4.2,21,93.0,0.098,0.45,us,2.45,7.163,0.216,6
-6.8296,131.5473,10.0,4.6,15,117.0,2.815,0.59,us,7.52,1.893,0.223,6
-4.9578,145.1338,76.53,4.2,35,65.0,3.653,0.56,us,8.07,8.348,0.108,24
52.7913,160.6171,35.0,4.4,73,170.0,1.214,0.67,us,12.11,1.965,0.059,82
51.2543,-174.8171,10.0,4.0,65,190.0,1.007,0.68,us,5.42,1.804,0.076,46
52.762,160.1217,41.532,4.1,31,120.0,0.929,0.54,us,11.16,8.685,0.097,29
0.5194,125.3184,55.33,4.4,28,60.0,1.035,1.04,us,5.79,8.335,0.143,14
34.1815,137.2194,333.697,4.1,53,67.0,1.176,0.79,us,9.22,6.629,0.063,69
2.7226,-76.7369,10.0,4.4,47,155.0,2.253,0.55,us,8.29,1.956,0.093,33
44.3631,149.0615,35.0,4.8,70,135.0,5.122,0.98,us,10.01,1.917,0.043,167
27.3882,129.3926,23.212,4.6,64,86.0,1.14,0.9,us,6.0,5.154,0.077,50
49.6954,156.2581,54.764,4.5,63,136.0,3.535,0.84,us,11.17,7.402,0.077,50
38.3638,-26.6536,11.492,4.5,27,102.0,1.074,1.14,us,9.93,4.686,0.131,17
53.3666,161.2353,10.0,4.3,27,103.0,1.593,0.95,us,6.54,1.907,0.117,21
-36.3787,-110.3703,10.0,4.5,39,131.0,32.825,0.77,us,15.57,1.908,0.089,37
-41.8819,84.961,10.0,4.6,33,66.0,37.441,0.5,us,10.35,1.875,0.103,28
27.1297,140.146,501.928,4.1,68,87.0,1.817,0.98,us,12.32,9.288,0.059,79
18.5209,-69.6478,101.815,3.9,35,76.0,0.262,1.16,us,6.53,8.678,0.154,11
29.3171,129.4347,10.0,4.4,38,86.0,2.355,0.78,us,6.93,1.884,0.11,24
50.1601,157.2531,35.0,4.7,140,132.0,2.965,0.73,us,5.98,1.704,0.049,124
17.5087,-95.2491,138.852,4.3,35,140.0,0.945,0.67,us,8.46,8.819,0.099,29
32.3762,137.2337,421.052,4.0,50,110.0,2.295,0.6,us,6.07,8.433,0.049,110
7.4316,127.1295,10.0,4.9,98,53.0,1.58,0.49,us,6.67,1.847,0.06,87
50.1114,179.9086,10.0,3.9,76,149.0,1.655,0.6,us,6.64,1.924,0.07,59
-29.4769,-176.6905,10.0,4.8,26,143.0,1.106,1.19,us,7.58,1.935,0.111,29
21.6372,143.6131,169.918,4.0,27,158.0,5.588,0.85,us,13.82,10.03,0.125,18
51.4903,160.8763,10.0,4.3,50,128.0,2.057,0.75,us,7.83,1.794,0.086,38
30.48,141.2892,38.204,4.4,20,111.0,2.912,0.82,us,8.51,7.055,0.155,12
-6.2163,151.8029,10.0,5.3,80,55.0,2.044,0.55,us,10.28,1.854,0.044,170
-32.8357,-178.1414,10.0,4.4,13,176.0,3.567,1.11,us,14.67,1.951,0.161,11
53.5437,161.963,10.0,4.8,135,111.0,2.056,0.46,us,8.82,1.862,0.045,162
52.8619,161.9184,10.0,4.4,30,105.0,1.984,1.13,us,10.47,1.915,0.12,22
51.4573,159.5796,26.191,4.1,25,127.0,1.669,0.9,us,8.74,4.942,0.111,22
52.5294,160.7131,35.786,4.2,30,120.0,1.347,0.82,us,10.78,7.86,0.121,19
-20.2638,-178.4018,594.8,4.3,55,97.0,4.187,0.88,us,14.62,7.648,0.066,67
42.2196,144.5656,29.324,4.1,25,173.0,1.068,0.45,us,8.26,7.771,0.134,15
44.0197,-128.6624,10.0,4.3,52,185.0,3.346,0.99,us,9.33,1.966,0.082,42
-47.8647,116.0413,10.0,4.4,21,141.0,14.948,0.74,us,15.26,1.92,0.13,17
51.8643,159.4794,58.392,4.4,48,137.0,1.267,0.58,us,7.07,6.722,0.082,48
-38.1828,176.317,176.613,4.4,25,64.0,0.63,0.45,us,4.32,6.191,0.169,10
-22.0099,-68.7948,108.243,4.2,23,66.0,0.466,0.55,us,5.29,5.739,0.167,10
27.5908,56.1931,10.0,4.1,16,135.0,2.635,0.82,us,14.37,1.951,0.158,11
-22.2626,-179.5415,603.486,4.5,53,73.0,5.031,0.68,us,12.02,8.25,0.076,50
