latitude,longitude,depth,mag,nst,gap,dmin,rms,net,horizontalError,depthError,magError,magNst
51.0967,159.745,10.0,4.3,20,192.0,2.045,1.01,us,9.96,1.954,0.16,12
13.2103,145.3437,74.39,4.2,18,159.0,0.597,0.6,us,8.81,7.284,0.153,12
50.3762,158.8164,10.0,5.3,98,93.0,2.653,1.1,us,7.99,1.801,0.066,82
-1.2033,127.155,10.0,4.8,40,88.0,3.503,0.67,us,7.89,1.873,0.097,33
51.6779,160.0257,10.0,4.4,92,113.0,1.59,0.8,us,8.54,1.862,0.064,70
54.8415,160.1378,10.0,4.1,28,135.0,2.023,0.42,us,6.55,1.927,0.085,38
50.2101,159.6414,10.0,4.5,62,127.0,2.884,0.58,us,10.1,1.902,0.057,91
60.3929,-139.4894,6.331,4.3,62,55.0,0.483,0.44,us,3.75,2.518,0.187,8
26.3136,92.7974,35.0,4.3,43,146.0,3.685,0.64,us,9.54,1.94,0.103,27
36.2312,139.3515,116.03,4.4,60,127.0,0.973,0.84,us,6.53,4.906,0.072,55
29.7467,142.159,10.0,4.4,45,129.0,2.641,0.74,us,6.54,1.72,0.096,31
39.4366,73.9333,10.0,4.3,20,160.0,1.538,0.89,us,5.37,1.932,0.2,7
67.6893,143.0535,10.0,4.4,41,113.0,6.324,0.47,us,11.2,1.924,0.098,30
39.8128,143.098,41.582,4.6,80,122.0,1.836,0.55,us,8.64,7.118,0.067,66
52.2003,161.1264,55.145,4.1,19,124.0,1.72,0.95,us,11.26,9.023,0.165,10
52.6641,160.7552,10.0,5.6,106,120.0,1.327,0.89,us,9.06,1.872,0.059,102
51.2059,157.562,74.273,4.2,53,120.0,1.907,0.75,us,8.94,7.064,0.079,50
-13.6775,-76.4345,47.252,5.0,103,137.0,1.726,0.7,us,6.85,7.287,0.03,367
51.2456,160.0204,10.0,4.4,39,144.0,1.971,0.96,us,10.29,1.918,0.103,27
52.2481,160.418,10.0,4.4,36,121.0,1.328,1.2,us,9.75,1.898,0.1,31
52.0022,160.335,35.0,4.3,24,124.0,1.451,0.68,us,7.06,1.938,0.137,15
-47.8804,115.9452,10.0,4.6,28,127.0,14.968,0.62,us,14.19,1.921,0.111,24
52.688,160.8695,24.19,5.2,24,136.0,1.387,0.92,us,12.3,4.919,0.139,17
51.835,159.4281,35.0,4.2,37,138.0,1.282,0.87,us,9.04,1.933,0.107,24
51.692,160.1257,10.0,4.1,15,192.0,1.612,1.02,us,13.53,1.979,0.302,3
49.0807,157.7736,10.0,4.9,89,124.0,3.986,0.54,us,10.89,1.879,0.047,140
51.2541,159.0675,35.037,4.0,29,137.0,1.791,0.65,us,9.71,8.122,0.126,17
43.5668,-28.4232,10.0,4.6,52,124.0,6.201,0.63,us,11.85,1.898,0.083,43
-3.1678,130.7028,22.49,4.8,72,61.0,1.564,0.59,us,5.72,4.73,0.069,68
51.2677,158.9288,28.546,4.6,57,112.0,1.767,0.76,us,7.97,4.093,0.057,91
49.908,156.3518,41.138,4.7,53,134.0,3.313,0.57,us,11.49,8.534,0.066,70
-17.8628,-175.8737,303.998,4.1,13,244.0,4.75,0.65,us,18.77,9.571,0.185,11
-37.6129,78.51,10.0,4.3,11,116.0,42.874,1.04,us,16.9,1.943,0.168,10
49.921,156.1567,70.475,4.3,27,126.0,3.334,0.5,us,11.47,7.19,0.119,23
-30.7593,-177.8487,49.896,4.5,20,114.0,1.494,0.95,us,11.64,9.38,0.135,16
34.1585,80.2244,10.0,4.4,27,113.0,6.445,0.77,us,11.53,1.916,0.095,32
53.1528,161.03,27.56,4.6,105,145.0,1.441,0.56,us,8.91,4.488,0.059,87
34.6792,70.6092,10.0,4.5,71,104.0,1.227,1.02,us,8.11,1.908,0.068,64
-7.9098,107.6951,67.784,4.6,41,114.0,0.447,0.82,us,9.38,5.871,0.078,49
53.3174,-160.1316,10.0,3.6,9,176.0,2.443,0.52,us,6.11,1.871,0.353,2
-6.1749,142.5106,10.0,4.6,23,155.0,3.071,0.9,us,11.23,1.901,0.095,33
51.3663,159.7691,35.0,4.2,17,138.0,1.797,0.37,us,13.38,1.955,0.146,14
52.6927,160.608,30.025,4.5,32,143.0,1.233,1.03,us,5.69,5.63,0.121,20
-23.9974,-66.862,199.784,4.5,28,69.0,1.595,0.83,us,10.64,8.5,0.119,21
52.5706,160.5659,10.0,5.4,195,114.0,1.249,0.85,us,7.35,1.811,0.045,171
23.2074,120.4011,10.0,4.4,48,49.0,0.23,0.8,us,2.14,1.836,0.094,33
11.1563,123.9487,10.0,4.5,31,130.0,6.559,0.65,us,14.95,1.914,0.106,27
-23.4951,171.78,10.0,4.7,19,116.0,4.087,0.71,us,9.53,1.852,0.134,17
50.3016,159.2088,10.0,4.5,45,137.0,2.748,0.76,us,11.99,1.911,0.082,45
53.0413,161.201,10.0,4.1,20,183.0,1.541,1.08,us,9.89,1.844,0.114,21
-57.6772,157.9203,16.773,4.9,28,109.0,3.238,0.52,us,7.18,5.232,0.114,24
-17.732,-178.6941,573.74,4.3,97,106.0,2.232,0.67,us,11.47,8.199,0.057,86
-18.159,168.024,35.0,4.7,28,99.0,2.809,0.95,us,5.87,1.766,0.126,19
6.7494,-72.9982,166.636,4.5,56,80.0,2.305,0.7,us,8.82,8.457,0.048,128
-51.012,162.1062,10.0,4.7,38,93.0,3.986,0.67,us,9.22,1.892,0.123,22
18.7959,145.561,227.288,4.3,57,97.0,3.542,1.04,us,9.47,8.604,0.077,48
-22.2645,-68.5286,114.878,4.1,23,47.0,0.757,0.7,us,4.01,6.09,0.151,12
-2.0333,138.9557,35.0,4.9,31,73.0,0.957,0.59,us,4.68,1.889,0.104,29
1.354,126.2001,59.119,4.9,106,79.0,1.302,0.53,us,5.43,6.773,0.049,135
-18.3413,167.5858,10.0,4.4,14,189.0,2.901,1.09,us,9.18,1.99,0.17,11
52.9096,160.3364,35.0,4.4,50,165.0,1.026,0.97,us,9.74,1.956,0.086,39
-21.5935,170.3771,103.078,4.4,23,208.0,2.901,0.84,us,5.34,9.505,0.126,19
52.031,160.4215,10.0,4.3,20,125.0,1.469,1.25,us,9.24,1.923,0.133,16
53.033,160.7813,35.0,4.3,20,192.0,1.287,0.49,us,10.99,1.988,0.142,14
52.578,160.2078,35.0,4.5,23,149.0,1.046,0.69,us,7.91,1.878,0.157,12
44.3465,148.7041,61.848,4.4,82,110.0,4.398,0.59,us,10.55,2.995,0.061,77
3.3383,-82.799,10.0,4.4,19,166.0,4.441,1.15,us,9.89,1.96,0.162,11
51.3292,159.5839,10.0,4.9,79,205.0,1.792,0.58,us,10.43,1.953,0.062,82
-57.7114,157.6615,10.0,4.7,28,103.0,3.3,0.62,us,12.16,1.893,0.113,24
-29.7175,-71.2545,50.446,4.8,50,123.0,0.201,0.7,us,3.34,5.935,0.032,296
14.1676,147.2017,10.0,4.2,16,97.0,1.728,0.66,us,7.09,1.931,0.199,7
-4.8537,152.8551,59.019,4.2,21,121.0,0.953,0.52,us,10.21,9.684,0.136,15
51.9546,-175.4017,75.311,3.5,42,176.0,0.325,0.54,us,8.58,7.258,0.095,27
20.1066,148.0444,10.0,4.5,30,109.0,5.295,0.93,us,6.94,1.886,0.113,23
52.7885,160.5759,38.152,5.1,127,100.0,1.19,0.65,us,10.43,5.304,0.024,586
52.957,160.5551,35.0,4.1,17,118.0,1.154,0.61,us,10.99,1.944,0.135,15
-48.9779,121.8177,10.0,4.1,15,110.0,22.659,0.54,us,12.54,1.928,0.139,14
51.1329,159.0694,10.0,4.8,40,129.0,1.911,0.69,us,7.79,1.889,0.087,80
51.0471,159.1274,27.747,4.8,63,123.0,2.001,0.94,us,9.19,5.573,0.073,59
52.3431,160.354,28.122,4.4,25,123.0,1.787,0.66,us,10.03,2.85,0.134,16
-15.9574,-174.2593,82.25,4.9,20,112.0,3.143,0.73,us,13.45,3.567,0.177,10
-22.2384,-68.568,142.402,4.3,24,74.0,0.764,0.78,us,6.8,7.482,0.217,6
52.8552,159.6834,58.048,4.3,22,207.0,0.648,1.09,us,13.03,6.106,0.142,14
-7.0937,155.6701,70.527,4.8,77,80.0,4.526,0.5,us,9.48,6.14,0.072,59
51.0899,159.4185,10.0,4.5,15,138.0,1.994,0.74,us,9.19,1.825,0.18,9
-23.7029,-174.4809,10.0,4.4,10,162.0,6.26,1.1,us,14.83,1.971,0.203,8
52.6811,160.9531,10.0,4.3,35,164.0,1.438,0.68,us,11.79,1.941,0.094,32
51.5969,158.5236,35.0,4.1,47,125.0,1.431,0.9,us,5.34,1.932,0.079,44
-57.3384,-67.3971,10.0,4.3,22,151.0,2.416,1.0,us,12.08,1.938,0.13,17
50.8759,158.5559,35.0,4.2,21,223.0,2.152,1.11,us,10.44,1.994,0.141,14
13.5684,144.8388,111.825,4.8,49,94.0,0.035,0.64,us,6.03,4.25,0.084,44
19.6195,-108.8654,10.0,4.1,98,202.0,3.856,0.53,us,11.33,1.971,0.052,101
51.419,159.7448,10.0,4.9,120,132.0,1.742,0.89,us,9.49,1.879,0.052,116
52.7736,159.7536,62.569,4.3,62,60.0,0.714,0.7,us,6.11,7.171,0.073,53
1.9255,-30.7366,10.0,4.5,35,82.0,19.923,0.61,us,13.47,1.904,0.099,30
-31.4451,78.9003,10.0,5.0,49,76.0,18.187,0.82,us,11.51,1.794,0.072,62
52.201,160.6464,10.0,4.2,20,123.0,2.012,1.25,us,10.64,1.92,0.141,14
-5.0265,151.3343,144.05,4.5,42,61.0,1.171,0.88,us,8.96,7.422,0.093,34
52.8983,160.6814,10.0,4.3,65,172.0,1.235,0.57,us,11.54,1.945,0.068,61
-7.0505,124.9054,554.175,4.4,84,39.0,2.76,0.55,us,10.9,7.872,0.07,58
-57.6714,157.9909,10.0,4.2,9,143.0,3.225,0.63,us,8.59,1.988,0.235,5
64.4923,-17.9921,10.0,4.2,36,136.0,1.46,0.85,us,7.88,1.921,0.113,22
52.2138,160.3446,10.0,4.9,139,86.0,1.313,0.62,us,5.23,1.857,0.041,188
51.471,-179.5967,63.121,4.3,144,180.0,0.496,0.77,us,6.68,5.812,0.053,100
51.5003,160.671,10.0,4.5,37,145.0,1.967,0.65,us,7.62,1.924,0.091,36
27.2748,140.3101,320.523,4.0,41,57.0,1.679,0.79,us,10.21,8.259,0.089,34
-1.046,-13.0171,10.0,4.9,28,96.0,11.184,1.21,us,12.25,1.877,0.091,38
-3.841,126.8355,9.962,4.3,22,51.0,4.218,0.83,us,7.18,3.812,0.153,14
44.2437,148.7377,10.0,4.2,34,140.0,4.422,0.81,us,11.11,1.929,0.116,21
12.9374,122.8587,10.0,4.7,53,103.0,6.416,0.62,us,10.79,1.879,0.086,42
-12.8599,167.3238,10.0,4.7,27,157.0,2.574,0.49,us,13.2,1.947,0.117,24
-56.3694,-26.6554,71.022,4.3,18,132.0,18.327,0.57,us,13.76,10.396,0.126,18
-55.3555,-27.9244,10.0,4.4,19,98.0,5.067,0.62,us,13.34,1.937,0.127,18
17.916,147.4196,10.0,4.4,50,128.0,3.086,1.19,us,10.65,1.881,0.077,48
21.6431,95.7576,10.0,4.4,38,89.0,3.587,1.1,us,10.07,1.921,0.11,24
52.5755,160.6702,35.613,4.4,16,134.0,1.306,0.67,us,12.19,7.781,0.162,11
-39.1404,-91.5718,10.0,4.3,17,219.0,14.874,0.31,us,18.13,1.994,0.134,16
-22.4091,-69.6874,70.56,4.0,19,161.0,0.364,0.49,us,7.13,4.491,0.231,5
0.9508,126.1289,39.214,4.6,59,65.0,3.812,0.84,us,4.92,6.237,0.088,39
6.8592,-73.1237,147.138,4.0,55,117.0,0.961,0.58,us,8.42,5.662,0.08,42
9.2702,94.3342,10.0,4.1,15,183.0,4.779,1.16,us,10.26,1.94,0.185,8
52.9949,160.5429,35.0,4.1,72,164.0,1.144,0.55,us,12.58,1.96,0.074,50
39.9544,143.5608,10.0,4.9,165,119.0,2.081,0.56,us,7.99,1.868,0.04,195
-30.1119,-177.9446,29.892,4.6,19,176.0,0.864,0.5,us,10.12,5.183,0.14,16
49.8432,155.9557,68.479,4.2,45,132.0,3.446,1.14,us,10.52,6.508,0.1,32
-5.4317,145.9904,64.308,4.6,53,84.0,3.635,0.54,us,8.05,7.585,0.081,46
51.376,159.6812,10.0,5.4,90,87.0,1.768,1.16,us,7.27,1.832,0.037,249
50.4351,156.4906,76.983,4.5,127,128.0,2.78,0.63,us,9.87,6.402,0.047,130
12.8612,-90.9307,10.0,4.4,40,244.0,1.525,1.08,us,9.42,1.997,0.078,47
60.186,-58.3006,10.0,4.8,153,65.0,5.081,0.52,us,7.93,1.868,0.044,157
29.2751,129.3634,10.0,4.6,88,107.0,2.417,0.49,us,4.53,1.84,0.053,105
-16.1686,178.2546,10.0,4.2,12,124.0,1.114,0.46,us,7.27,1.454,0.2,9
51.7884,160.0855,10.0,5.3,116,126.0,1.518,1.12,us,8.62,1.869,0.033,305
-6.1833,142.3374,10.0,5.2,54,60.0,2.906,0.75,us,5.54,1.64,0.061,89
12.8114,-89.2547,35.0,4.4,35,186.0,0.948,1.11,us,6.17,1.98,0.1,29
50.3384,177.1824,10.0,3.7,37,254.0,1.699,0.49,us,4.37,2.016,0.19,7
41.8075,82.0929,10.0,4.7,61,98.0,2.453,0.66,us,8.18,1.891,0.086,41
23.8707,122.6608,10.0,4.5,40,79.0,0.674,1.15,us,2.89,1.889,0.115,22
-6.2751,151.9757,10.0,4.4,36,151.0,1.956,1.0,us,9.99,1.898,0.112,23
34.4206,21.9705,35.0,4.2,18,146.0,2.752,0.83,us,9.56,1.968,0.199,7
51.5091,156.5736,10.0,4.1,45,238.0,1.744,0.33,us,11.11,1.977,0.087,36
-20.4466,-177.8582,549.724,4.4,44,99.0,4.708,0.57,us,12.02,5.757,0.09,35
37.2323,20.4701,37.579,4.7,58,48.0,1.163,0.76,us,6.54,7.66,0.062,79
-41.8819,84.961,10.0,4.6,33,66.0,37.441,0.5,us,10.35,1.875,0.103,28
-55.9421,-27.8538,106.301,5.1,57,69.0,5.227,1.16,us,10.7,5.996,0.071,64
-6.252,151.6438,10.0,4.8,82,132.0,1.97,0.56,us,7.4,1.874,0.061,86
50.9601,159.2523,10.0,4.4,45,130.0,2.1,0.99,us,9.71,1.909,0.068,62
-3.3452,130.2644,10.0,4.9,65,23.0,2.026,0.88,us,6.34,1.824,0.056,100
-15.4349,67.0469,10.0,4.4,30,60.0,5.545,0.78,us,12.34,1.866,0.115,22
49.6388,92.7261,10.0,4.3,25,111.0,5.655,0.79,us,8.38,1.885,0.133,16
18.8732,145.3521,372.736,3.9,28,146.0,17.61,0.58,us,14.7,8.4,0.115,20
51.4509,159.4171,24.648,4.7,41,128.0,1.644,0.92,us,10.98,5.882,0.096,33
-29.2033,-69.7012,133.436,4.1,34,67.0,0.844,0.88,us,7.01,7.344,0.213,6
-38.5158,175.6405,204.275,4.0,30,60.0,0.527,1.21,us,6.11,5.176,0.149,12
41.0148,142.6678,51.628,4.5,64,134.0,1.065,0.67,us,6.32,7.375,0.071,58
53.2398,-168.5916,93.807,3.8,25,130.0,0.312,0.59,us,9.73,5.738,0.096,28
51.9883,160.3935,10.0,4.3,39,123.0,1.487,0.93,us,9.38,1.914,0.113,24
53.8999,-166.6306,5.871,3.7,38,91.0,0.037,0.55,us,4.17,6.038,0.29,3
32.1694,87.9985,10.0,4.4,63,92.0,3.643,0.42,us,11.82,1.877,0.071,57
51.0504,158.6292,35.0,4.1,21,137.0,1.976,1.11,us,8.93,1.654,0.157,11
-20.2519,-178.5925,628.026,4.6,55,96.0,4.036,0.64,us,13.51,9.233,0.075,54
13.6213,57.3897,10.0,4.4,25,88.0,11.32,0.72,us,12.82,1.918,0.13,17
51.1304,159.147,31.471,5.1,184,59.0,1.921,0.61,us,7.75,4.867,0.029,395
37.6452,72.2002,187.375,4.2,31,185.0,0.703,0.6,us,4.64,6.179,0.131,16
23.1609,123.4658,10.0,4.4,22,129.0,1.365,0.94,us,6.99,1.937,0.19,8
51.4124,157.6145,84.758,4.1,35,126.0,1.699,0.58,us,11.7,7.868,0.104,25
0.7377,96.8752,10.0,5.0,85,90.0,2.822,0.84,us,9.28,1.828,0.067,71
-56.0306,-26.7365,38.15,5.2,115,57.0,5.858,0.57,us,10.77,5.004,0.06,91
49.9279,157.1885,42.769,4.3,23,137.0,3.201,0.66,us,13.19,8.086,0.134,16
51.0788,159.7821,10.0,4.1,16,253.0,2.069,0.42,us,13.45,1.998,0.165,10
54.7937,164.1397,10.0,4.5,81,102.0,4.163,0.77,us,6.23,1.791,0.057,91
49.3716,156.3627,34.158,4.5,73,134.0,3.835,0.94,us,10.4,5.639,0.048,127
29.314,130.5112,38.92,4.3,32,128.0,2.189,0.99,us,8.3,3.609,0.119,20
50.1721,158.6943,24.951,4.4,27,138.0,2.855,0.69,us,11.35,5.649,0.13,17
19.0029,39.1078,10.0,4.5,61,85.0,6.713,0.92,us,10.05,1.913,0.074,53
-55.7249,-26.8235,35.0,4.5,18,193.0,5.746,0.65,us,11.74,1.996,0.135,17
6.9321,127.2205,19.781,4.4,24,133.0,1.635,0.77,us,9.83,4.335,0.135,16
-15.5327,-174.5654,174.63,4.0,29,104.0,3.14,0.55,us,11.53,6.047,0.108,23
52.8515,160.8605,10.0,4.1,23,165.0,1.349,0.58,us,12.51,1.841,0.14,14
49.2208,157.8044,10.0,5.2,122,61.0,3.845,0.75,us,8.36,1.845,0.021,787
52.8301,160.7388,34.384,4.6,66,160.0,1.279,0.72,us,12.02,7.138,0.077,50
-17.6656,168.2501,63.474,4.1,21,131.0,2.424,0.6,us,4.98,8.976,0.135,15
51.5432,159.5876,30.162,4.9,49,120.0,1.95,1.37,us,9.47,5.613,0.071,61
53.4928,160.6054,53.329,4.3,19,191.0,1.265,0.87,us,14.77,11.872,0.114,22
-11.3827,-74.1875,101.453,4.3,26,96.0,2.669,0.7,us,7.1,9.037,0.147,13
29.9125,80.9401,35.0,4.5,21,165.0,8.854,0.96,us,11.87,1.97,0.144,14
49.0944,154.7395,83.454,4.6,166,114.0,4.43,0.6,us,8.72,6.059,0.037,220
-6.8777,155.4381,35.0,4.3,42,96.0,4.212,0.46,us,9.77,1.921,0.097,31
52.2444,160.6286,10.0,4.5,31,118.0,1.436,0.88,us,10.79,1.914,0.111,24
53.0705,161.261,10.0,4.9,96,113.0,1.577,0.78,us,7.83,1.863,0.027,446
27.5281,52.8561,10.0,4.3,21,99.0,3.957,0.96,us,9.61,1.977,0.142,14
51.36,159.716,10.0,4.9,103,111.0,2.146,0.81,us,8.43,1.848,0.058,94
52.8052,160.0663,35.0,4.2,27,119.0,0.885,1.39,us,6.68,1.908,0.11,23
18.3952,145.3673,483.652,4.2,56,123.0,3.163,0.49,us,12.5,9.5,0.075,50
-7.6609,129.0993,87.297,4.4,25,100.0,5.21,1.05,us,9.67,8.523,0.12,20
27.1872,-44.4207,10.0,4.4,20,143.0,18.335,0.76,us,15.49,1.904,0.17,13
-18.0088,-177.8749,612.944,4.3,45,124.0,3.041,0.95,us,9.93,6.443,0.063,74
47.3961,152.2406,130.244,4.2,72,134.0,6.478,0.82,us,12.39,8.277,0.07,57
6.9334,126.7674,70.003,4.3,34,120.0,1.187,0.69,us,8.6,5.97,0.106,25
-2.9061,147.72,10.0,4.4,19,124.0,0.927,0.7,us,6.76,1.932,0.143,14
36.2997,69.5334,129.301,4.2,51,103.0,1.81,0.64,us,6.12,9.216,0.105,25
-24.7421,-173.8807,10.0,4.4,15,138.0,6.727,0.54,us,9.18,1.921,0.154,13
6.9235,-73.1814,151.558,4.1,54,156.0,2.356,0.6,us,12.72,15.614,0.077,46
16.1249,96.5679,10.0,4.6,61,128.0,3.005,0.81,us,6.56,1.894,0.082,44
54.2018,-163.1092,28.982,3.5,62,194.0,0.578,0.86,us,2.75,10.185,0.222,5
51.2507,158.9781,35.0,4.4,39,128.0,1.787,0.9,us,9.97,1.929,0.086,44
-18.5347,-177.8323,618.605,4.2,54,109.0,3.363,0.65,us,13.01,4.73,0.044,143
53.5129,160.1176,66.432,4.8,105,126.0,1.009,0.55,us,10.23,6.956,0.056,100
-14.6336,-176.063,314.955,4.2,31,128.0,4.767,0.53,us,14.66,6.845,0.1,28
51.8192,159.6849,43.904,4.6,93,126.0,1.363,0.58,us,9.05,7.004,0.058,90
49.0853,155.4038,79.228,4.7,125,134.0,4.28,0.73,us,10.0,6.926,0.033,286
-5.5707,131.691,35.0,4.9,57,74.0,2.692,0.94,us,8.12,1.905,0.084,51
17.6627,60.213,10.0,4.3,46,103.0,8.152,1.2,us,12.4,1.908,0.089,36
-14.145,166.8889,103.904,4.2,24,133.0,6.837,1.2,us,17.49,8.641,0.125,18
11.1252,141.6346,10.0,4.1,12,132.0,3.997,0.6,us,7.94,1.913,0.198,7
-21.9013,-68.5851,140.742,4.0,22,87.0,0.619,0.7,us,6.21,7.4,0.231,6
-60.4174,-62.4535,10.0,4.9,29,128.0,4.435,0.94,us,7.95,1.765,0.116,23
30.6058,57.7005,10.0,4.1,26,90.0,5.792,0.64,us,15.13,1.917,0.097,29
-58.3364,-23.3069,10.0,5.0,71,51.0,8.374,0.67,us,10.3,1.795,0.078,52
-23.0609,-68.8495,103.357,4.1,22,66.0,0.627,0.72,us,4.91,4.662,0.165,10
49.8415,157.7129,25.1,4.3,26,138.0,3.24,0.4,us,11.96,6.111,0.129,17
25.0088,95.3102,117.957,4.6,94,52.0,3.803,0.52,us,8.09,7.087,0.065,70
52.1385,159.527,52.868,4.4,44,132.0,1.035,0.75,us,10.49,7.51,0.092,34
27.338,52.482,10.0,4.2,41,115.0,4.107,0.84,us,8.62,1.928,0.098,29
-5.0328,151.767,82.848,4.7,89,97.0,0.925,0.88,us,10.21,6.282,0.058,93
-16.8883,-174.2038,84.077,4.9,29,129.0,6.172,1.15,us,15.99,6.616,0.08,50
35.4465,27.8337,54.403,4.1,32,121.0,0.557,0.68,us,5.24,7.22,0.094,35
44.0317,146.4922,85.846,4.3,19,149.0,2.811,0.67,us,9.87,8.477,0.116,21
8.9418,-40.5029,10.0,4.6,23,71.0,12.636,0.78,us,6.88,1.883,0.126,19
60.5674,-140.1995,5.0,4.2,45,90.0,0.472,0.91,us,4.18,1.91,0.236,5
23.8578,121.8828,15.621,4.5,40,72.0,0.41,1.16,us,2.71,3.859,0.1,29
51.228,179.1883,41.151,4.0,54,193.0,0.166,0.96,us,6.67,9.62,0.081,43
52.0258,-171.3369,35.0,3.6,68,190.0,1.156,0.72,us,6.93,1.993,0.064,62
-6.3941,130.8422,60.712,4.3,15,119.0,2.081,0.75,us,6.61,11.434,0.2,7
-48.5895,124.7217,10.0,4.5,14,133.0,16.626,0.66,us,9.26,1.91,0.157,12
-58.8466,-25.3979,35.0,4.5,23,100.0,31.393,0.43,us,14.68,1.935,0.125,19
52.4202,159.9964,35.0,4.4,63,131.0,1.018,0.88,us,10.9,1.934,0.065,69
50.0588,158.374,17.105,4.3,17,138.0,2.974,0.36,us,14.5,5.531,0.154,12
51.874,159.7088,35.0,4.4,26,177.0,1.321,1.07,us,12.41,1.974,0.126,18
-5.1266,102.6714,38.826,4.1,14,180.0,1.37,0.74,us,10.06,9.509,0.197,7
-6.9573,73.2022,10.0,4.3,14,91.0,0.87,0.65,us,7.67,1.247,0.188,8
49.0849,158.0317,10.0,4.5,43,138.0,3.963,1.12,us,11.81,1.883,0.089,37
51.6601,159.5591,49.554,4.3,40,132.0,1.475,0.75,us,7.79,7.937,0.104,26
7.3146,126.873,50.518,4.5,34,70.0,1.307,0.6,us,6.59,8.138,0.113,25
53.2429,159.8177,51.794,4.6,39,116.0,0.737,0.97,us,7.53,6.104,0.096,32
50.0735,156.3061,56.934,4.4,51,131.0,11.076,0.56,us,13.39,8.188,0.088,37
-56.4038,-23.9267,10.0,4.3,25,73.0,7.471,0.7,us,13.73,1.86,0.169,13
-45.3527,97.3138,10.0,4.4,11,157.0,22.154,0.24,us,9.58,1.933,0.189,8
6.3533,94.2208,59.396,4.6,24,128.0,2.933,0.85,us,10.07,8.786,0.157,12
52.3267,160.8481,32.872,4.1,22,88.0,1.509,0.78,us,10.97,6.422,0.131,16
40.8255,142.7591,47.786,5.6,108,67.0,1.225,0.47,us,6.44,4.675,0.031,355
39.7227,41.858,10.0,4.2,50,63.0,1.088,0.41,us,1.5,1.933,0.121,19
-60.075,-62.4621,10.0,4.8,22,133.0,4.774,0.85,us,9.47,1.862,0.131,19
-17.9312,-178.5335,597.459,4.3,49,122.0,2.47,0.74,us,10.39,7.507,0.043,153
3.5734,127.9185,143.192,4.7,100,53.0,2.692,0.67,us,7.74,7.213,0.051,116
60.5373,-140.0348,5.0,4.4,39,73.0,0.456,0.63,us,6.24,1.94,0.155,12
51.7131,160.0574,40.182,4.2,26,137.0,1.571,0.68,us,10.04,7.671,0.132,16
11.6392,142.3449,10.0,4.9,61,76.0,3.134,0.62,us,9.31,1.883,0.048,135
-24.2712,179.736,574.872,4.1,19,99.0,5.375,0.54,us,15.13,11.072,0.145,13
51.0231,158.389,35.0,4.7,78,69.0,2.01,0.95,us,8.13,1.852,0.032,345
-60.9021,-23.7013,10.0,4.7,64,96.0,9.533,0.63,us,10.85,1.78,0.08,48
52.6312,160.6671,30.242,4.5,29,137.0,1.285,0.82,us,13.58,6.359,0.135,16
-55.5579,-26.6984,10.0,5.2,57,67.0,5.788,0.84,us,5.36,1.865,0.074,60
50.6173,158.465,10.0,4.4,17,241.0,2.412,0.5,us,14.0,1.996,0.169,10
18.7706,145.3928,186.068,3.6,12,147.0,3.531,1.32,us,10.23,12.07,0.167,9
0.7895,123.8201,252.173,4.5,30,90.0,3.055,0.8,us,8.54,10.989,0.109,25
50.657,158.0758,35.0,4.9,133,95.0,2.396,0.64,us,9.37,1.902,0.025,509
-11.0719,163.5732,10.0,4.4,20,127.0,3.92,1.2,us,8.88,1.964,0.149,13
52.3423,160.4263,35.0,4.3,31,137.0,1.279,0.64,us,9.1,1.931,0.079,45
42.827,12.4921,10.0,4.2,48,72.0,0.436,1.16,us,5.42,1.919,0.199,7
36.5599,71.2843,222.085,4.0,46,96.0,1.994,0.95,us,7.23,7.794,0.134,15
34.7355,140.7115,49.896,4.4,21,156.0,1.78,0.78,us,7.54,9.481,0.18,9
51.457,159.4917,28.205,4.7,42,127.0,1.652,0.82,us,8.9,6.023,0.091,37
36.1931,140.8548,51.079,4.1,20,135.0,2.164,0.63,us,6.76,12.067,0.214,6
-18.8542,65.4124,10.0,4.6,72,63.0,2.127,0.39,us,11.13,1.852,0.071,63
-17.6156,-178.7872,548.042,4.9,54,78.0,2.095,0.62,us,13.62,9.926,0.076,54
6.2524,124.2698,500.392,4.3,41,112.0,1.931,0.85,us,15.2,9.973,0.088,37
38.8638,142.1082,59.11,4.3,27,139.0,2.084,0.73,us,8.38,8.358,0.161,12
14.2514,-92.9837,10.0,4.2,41,178.0,1.125,1.07,us,5.75,1.921,0.057,86
-57.7953,-25.8527,103.959,4.4,20,94.0,6.918,0.57,us,13.09,2.626,0.134,19
48.5218,153.455,121.27,4.6,86,128.0,5.321,0.91,us,9.77,7.035,0.031,319
33.4025,142.3802,10.0,4.5,29,150.0,2.169,0.55,us,6.93,1.759,0.145,14
14.7315,-94.1948,10.0,4.5,148,155.0,2.115,0.64,us,7.88,1.91,0.047,132
-23.1723,-66.464,226.98,4.0,24,142.0,1.594,1.19,us,10.66,10.192,0.211,6
-21.6705,-174.3301,10.0,4.5,22,162.0,8.225,1.1,us,12.38,1.695,0.124,19
-60.1407,-62.1748,10.0,4.5,17,130.0,4.731,0.68,us,10.12,1.921,0.139,15
-6.7226,130.0323,157.367,4.5,29,44.0,2.189,0.96,us,5.13,8.581,0.102,28
-17.1634,-174.6802,214.117,4.3,36,66.0,4.274,0.81,us,10.09,8.27,0.094,32
52.0022,159.2389,49.491,4.7,119,124.0,1.084,0.79,us,7.32,4.853,0.033,278
29.0719,129.0919,10.0,4.6,31,122.0,2.342,1.09,us,6.55,1.68,0.12,27
-3.623,68.4902,10.0,4.6,45,141.0,5.451,0.8,us,14.91,1.903,0.088,38
-59.0596,-25.1373,35.0,4.9,51,67.0,15.54,0.57,us,7.56,1.758,0.083,46
-20.9565,-70.5112,29.639,4.3,27,143.0,0.361,1.02,us,5.96,5.757,0.122,19
49.5402,-28.3373,10.0,4.5,24,119.0,15.098,0.41,us,9.76,1.767,0.124,19
52.2324,160.5178,28.062,4.2,18,124.0,1.387,0.59,us,5.57,6.387,0.146,14
7.2137,127.1816,10.0,4.2,20,125.0,1.597,1.15,us,8.03,1.908,0.159,11
4.9429,127.4143,134.928,4.4,41,75.0,1.94,0.6,us,9.23,6.177,0.098,30
-3.8625,68.2583,10.0,4.5,15,197.0,45.159,0.4,us,14.49,1.975,0.15,13
-16.2898,66.8529,10.0,4.7,42,57.0,4.781,0.48,us,11.34,1.854,0.093,35
50.9968,159.2593,10.0,4.5,41,123.0,2.064,0.87,us,10.47,1.924,0.088,38
63.8907,-23.086,10.0,4.4,79,104.0,1.152,0.67,us,7.02,1.825,0.065,68
-31.7004,-69.6064,123.228,4.2,32,73.0,0.813,1.07,us,4.65,3.664,0.264,4
-57.9086,-9.2322,10.0,4.9,44,81.0,14.07,0.63,us,9.74,1.622,0.091,40
-4.9105,151.8547,112.283,4.3,36,98.0,0.778,1.09,us,9.53,6.994,0.101,28
52.3665,160.578,35.0,4.3,15,136.0,1.902,0.54,us,9.92,1.933,0.187,8
51.5556,159.4736,35.0,4.6,35,127.0,1.555,0.73,us,8.36,1.89,0.101,29
11.0639,93.0478,92.727,4.5,40,69.0,0.659,0.94,us,5.94,6.84,0.106,26
52.0936,160.6397,10.0,4.3,22,163.0,1.531,1.25,us,10.5,1.918,0.147,13
52.8924,161.2734,10.0,4.8,105,119.0,1.592,0.81,us,8.68,1.875,0.034,270
51.6393,159.7321,10.0,4.2,16,163.0,1.537,0.91,us,9.53,1.977,0.175,9
52.7146,160.6469,28.497,4.6,120,133.0,1.249,0.74,us,9.79,5.57,0.054,103
-5.7636,-80.7809,55.95,4.4,48,134.0,3.611,0.51,us,10.98,4.792,0.082,43
49.8389,155.8718,74.632,4.4,94,127.0,3.467,0.52,us,9.68,7.625,0.055,95
21.9867,93.6089,47.028,4.6,78,84.0,1.444,0.84,us,9.36,7.026,0.069,63
-52.9739,22.0891,10.0,4.6,15,114.0,20.603,0.75,us,13.45,1.522,0.151,14
34.6248,70.6489,10.0,4.9,91,61.0,1.254,0.48,us,7.87,1.842,0.044,160
-54.0502,-58.1972,10.0,5.0,76,137.0,2.38,0.55,us,12.46,1.836,0.069,68
51.5819,159.4999,35.0,4.5,28,126.0,1.535,0.91,us,9.64,1.936,0.104,27
-24.7768,-177.3032,152.542,4.4,16,175.0,4.501,0.79,us,12.88,9.646,0.204,10
14.0005,120.6055,182.613,4.1,51,98.0,14.156,0.95,us,13.34,8.368,0.081,42
-26.1076,-177.7458,207.762,4.3,36,135.0,9.189,0.94,us,16.19,8.298,0.094,32
53.1063,159.8667,60.628,4.9,66,104.0,0.739,0.73,us,8.69,4.985,0.05,124
15.6978,-96.7119,10.0,4.3,35,168.0,0.514,0.99,us,6.91,1.92,0.073,53
51.906,160.1529,32.298,4.6,64,135.0,1.448,0.84,us,11.82,5.984,0.07,61
52.3541,160.9316,10.0,5.0,164,87.0,1.542,0.86,us,8.97,1.875,0.036,252
52.3042,160.6669,10.0,4.4,40,144.0,1.424,1.0,us,9.0,1.921,0.118,21
-57.3621,148.6989,10.0,4.7,21,113.0,19.915,0.61,us,16.26,1.925,0.133,17
-24.2292,-67.5509,190.456,4.2,13,96.0,1.396,0.38,us,9.33,7.326,0.214,6
50.3316,158.6584,10.0,4.7,87,138.0,2.696,0.74,us,10.14,1.898,0.069,65
-59.7034,-26.0818,35.0,4.6,24,121.0,15.191,0.81,us,15.79,1.954,0.122,20
-17.8384,-178.5596,571.749,4.1,32,104.0,2.397,0.97,us,15.23,10.37,0.102,26
48.8358,154.8213,63.197,4.1,20,137.0,4.648,0.64,us,11.78,6.832,0.14,14
30.9115,77.3908,15.386,4.4,39,119.0,7.829,0.82,us,14.28,4.824,0.108,25
23.4513,121.4769,30.693,4.1,30,93.0,0.175,1.22,us,3.65,1.792,0.185,9
-15.1561,-173.9983,60.94,4.4,33,81.0,3.444,0.56,us,12.21,7.716,0.09,38
52.4488,160.2141,35.0,4.4,44,137.0,1.112,1.01,us,9.25,1.939,0.077,49
6.9117,126.7893,72.923,4.9,54,109.0,1.211,0.96,us,3.77,7.524,0.066,72
22.4055,143.1202,174.318,4.7,129,113.0,4.746,0.59,us,10.25,7.26,0.051,115
-5.0924,102.4116,34.179,4.6,28,148.0,0.907,0.57,us,6.8,6.053,0.132,17
48.9933,154.8595,61.429,4.4,31,137.0,4.492,0.78,us,12.58,7.97,0.114,22
-6.4454,130.7902,89.641,4.9,78,49.0,3.793,0.74,us,7.66,7.31,0.062,82
50.0516,157.4532,35.0,5.1,82,102.0,3.065,1.01,us,8.77,1.579,0.023,633
9.236,93.841,10.0,4.7,61,70.0,5.034,0.66,us,9.0,1.884,0.069,63
-5.1822,151.4686,133.166,4.0,21,162.0,1.032,0.39,us,11.18,4.437,0.133,16
-18.6406,65.2615,10.0,4.4,21,95.0,2.104,0.7,us,7.55,1.834,0.156,12
-8.7137,123.8975,112.864,4.8,44,91.0,1.097,0.82,us,8.62,7.188,0.087,42
-37.265,177.0706,161.899,4.4,20,123.0,1.028,1.0,us,8.79,7.97,0.178,9
-10.375,161.5426,67.9,4.2,13,113.0,1.826,0.48,us,11.7,7.319,0.16,11
5.3311,124.7375,15.643,4.3,24,98.0,0.948,1.08,us,6.73,2.979,0.137,15
-14.8992,167.4234,115.729,4.3,23,160.0,0.585,0.63,us,15.41,5.02,0.137,15
52.8429,160.4905,35.025,4.4,81,135.0,1.129,0.54,us,12.23,7.109,0.059,84
50.0412,159.4925,10.0,4.4,38,129.0,3.032,0.92,us,10.38,1.897,0.095,32
2.4909,128.4556,226.675,4.6,89,104.0,3.713,0.49,us,9.14,6.807,0.064,72
52.1919,160.1743,34.0,4.8,60,137.0,1.248,1.17,us,5.64,5.681,0.08,51
-3.5292,135.4626,10.0,3.9,19,97.0,1.216,0.9,us,5.68,1.9,0.194,7
51.6723,160.6441,10.0,4.4,25,128.0,1.824,0.92,us,9.7,1.93,0.134,16
52.2394,160.4024,10.0,5.1,67,122.0,1.326,0.83,us,8.09,1.795,0.044,170
-12.8907,143.2963,11.304,4.1,17,102.0,1.067,0.44,us,7.65,6.109,0.197,7
51.772,160.5723,10.0,4.4,17,224.0,1.72,0.71,us,8.25,1.987,0.163,11
52.4792,160.7599,10.0,4.7,37,165.0,1.393,0.95,us,9.91,1.73,0.108,26
50.329,158.7091,10.0,4.1,17,218.0,2.699,0.68,us,13.48,1.998,0.158,11
50.398,158.0693,21.941,4.6,41,126.0,2.654,0.77,us,10.21,6.051,0.087,39
51.3683,159.3155,35.0,4.9,16,197.0,1.708,0.34,us,11.92,1.992,0.155,13
51.0085,158.5209,26.694,4.6,46,122.0,2.02,0.89,us,9.34,5.791,0.077,51
50.685,158.1874,54.949,4.2,21,136.0,2.446,0.74,us,11.52,4.56,0.153,12
36.603,54.8547,10.0,4.1,40,111.0,7.864,0.75,us,9.85,1.969,0.123,18
31.1114,140.9223,106.665,4.5,24,134.0,2.208,0.93,us,10.61,8.751,0.139,15
-27.6938,179.4477,514.853,4.7,56,102.0,9.621,0.6,us,12.53,8.127,0.071,64
39.2423,28.124,10.0,4.4,35,62.0,0.963,1.19,us,3.95,1.907,0.179,9
53.218,161.1654,10.0,4.6,54,113.0,1.528,0.62,us,10.15,1.89,0.068,65
-11.1395,165.0828,10.0,4.4,15,254.0,4.753,0.58,us,12.82,1.941,0.19,11
-8.4015,108.8627,89.559,4.6,49,62.0,1.521,0.68,us,9.77,7.058,0.078,49
52.4388,160.9549,10.0,4.5,45,120.0,2.088,0.57,us,9.15,1.893,0.091,35
24.2501,125.2549,28.258,4.4,43,80.0,0.939,0.79,us,7.4,6.033,0.112,23
-23.3734,179.0041,546.395,4.6,57,58.0,5.67,0.84,us,12.26,8.892,0.031,311
42.6079,147.1388,10.0,4.1,18,152.0,3.012,0.63,us,10.84,1.948,0.145,13
51.6285,159.9338,10.0,4.8,64,120.0,1.604,1.39,us,8.8,1.885,0.059,88
-57.5932,157.6924,10.0,4.2,16,141.0,3.18,0.49,us,11.9,1.726,0.167,10
-2.1436,102.0337,182.45,4.2,26,154.0,2.343,0.74,us,8.7,9.291,0.14,14
-22.988,172.8212,10.0,4.5,13,135.0,4.973,0.61,us,7.43,1.953,0.18,9
49.4373,158.4165,10.0,4.4,17,232.0,3.594,0.98,us,9.48,1.95,0.163,11
2.3968,-95.213,10.0,4.3,25,201.0,5.1,0.99,us,11.32,1.961,0.137,18
51.4877,159.3543,35.0,4.3,22,155.0,1.598,0.64,us,9.39,1.883,0.142,15
-4.6963,153.0005,64.407,4.5,66,117.0,1.046,0.73,us,8.89,6.529,0.073,59
49.3395,156.1103,59.872,4.5,38,190.0,3.904,0.48,us,12.15,8.112,0.084,42
-19.081,-177.6101,559.298,4.2,38,88.0,3.87,1.15,us,14.36,8.306,0.096,30
50.191,-179.3977,10.0,3.7,52,243.0,1.413,0.55,us,6.66,1.978,0.115,19
-2.5089,139.8282,35.0,4.6,33,62.0,0.874,1.0,us,7.63,1.886,0.088,38
53.5404,-163.4145,35.0,4.3,78,167.0,1.123,0.84,us,2.79,1.919,0.088,37
37.1388,68.2923,10.0,4.6,34,148.0,1.619,0.57,us,8.29,1.926,0.085,42
52.7109,160.4741,10.0,4.2,40,199.0,1.149,0.44,us,8.8,1.884,0.078,46
14.481,146.9836,10.0,4.6,44,132.0,1.374,0.95,us,9.52,1.909,0.085,41
-3.8892,131.487,10.0,4.7,52,57.0,1.228,0.69,us,2.79,1.86,0.089,38
12.8319,145.5557,10.0,4.5,32,117.0,1.007,0.69,us,6.59,1.893,0.116,22
-16.8994,-172.5286,10.0,4.6,23,166.0,3.059,0.75,us,10.29,2.274,0.122,20
-24.3467,-179.8166,509.324,4.2,31,114.0,6.863,1.04,us,15.95,11.829,0.098,31
-33.4808,-70.0832,113.693,4.1,23,128.0,0.086,0.3,us,5.9,5.084,0.3,3
52.4136,160.5695,10.0,5.2,76,103.0,1.318,0.8,us,10.41,1.864,0.043,178
-4.7558,152.7685,50.626,4.4,28,154.0,0.824,0.84,us,10.4,7.903,0.118,21
39.6876,143.0464,10.0,4.4,24,190.0,1.874,1.1,us,5.48,1.964,0.143,14
29.0959,129.3667,10.0,4.2,37,108.0,2.45,0.98,us,3.9,1.913,0.11,25
52.0654,-169.3422,13.442,4.8,227,122.0,0.759,0.64,us,5.01,4.061,0.035,257
-5.8149,112.2394,10.0,4.3,18,100.0,2.168,0.9,us,7.88,1.912,0.16,11
-15.2332,-174.4557,10.0,4.6,68,125.0,26.112,0.53,us,12.26,1.877,0.067,65
-52.3658,14.5581,10.0,4.6,11,108.0,20.484,0.85,us,15.4,1.636,0.172,10
41.6929,142.7123,58.888,4.3,38,143.0,0.463,1.31,us,6.32,7.659,0.111,23
52.274,160.4942,10.0,4.2,25,123.0,1.351,0.91,us,7.17,1.804,0.128,17
4.7746,125.0585,10.0,4.6,33,98.0,0.421,1.39,us,5.92,1.876,0.111,24
51.3869,-177.3979,40.118,3.7,78,150.0,0.389,0.67,us,4.21,3.417,0.073,47
52.2378,160.6673,10.0,4.8,46,123.0,1.46,1.19,us,9.77,1.893,0.075,55
52.2453,-168.4568,10.0,3.6,39,188.0,0.767,0.7,us,3.63,1.954,0.158,11
50.196,158.6701,10.0,4.5,59,126.0,2.831,0.54,us,6.19,1.809,0.08,46
6.3591,127.1905,10.0,4.0,17,130.0,1.749,0.73,us,10.63,1.934,0.143,13
30.48,141.2892,38.204,4.4,20,111.0,2.912,0.82,us,8.51,7.055,0.155,12
-23.3204,171.4504,10.0,4.5,31,114.0,4.787,1.28,us,9.54,1.87,0.136,16
2.9189,125.8797,131.199,4.6,58,93.0,1.796,0.88,us,3.64,6.878,0.081,45
-6.5286,147.631,31.25,4.3,20,113.0,2.895,1.01,us,7.32,6.25,0.154,12
13.7375,145.1242,130.189,4.2,21,97.0,1.622,0.61,us,13.52,8.304,0.136,15
9.3808,93.9854,10.0,4.7,55,50.0,5.064,0.9,us,10.31,1.869,0.086,41
51.415,159.5968,10.0,4.2,29,128.0,1.713,0.82,us,10.23,1.886,0.11,23
52.4002,160.8008,31.58,4.2,16,257.0,1.45,1.05,us,11.88,9.058,0.2,7
50.1406,155.9698,91.91,4.1,29,137.0,3.161,0.52,us,11.0,8.364,0.127,17
55.2584,110.3102,10.0,4.3,23,88.0,4.556,0.94,us,5.64,1.929,0.129,17
-12.4679,167.1554,241.604,4.6,51,90.0,2.962,0.49,us,11.45,5.613,0.084,42
52.1538,160.0609,57.838,5.1,82,135.0,1.225,0.93,us,10.34,6.834,0.038,231
-5.8087,148.8839,123.391,5.0,41,64.0,3.641,0.69,us,6.42,6.92,0.101,31
51.698,159.7912,33.141,4.7,66,126.0,1.501,0.86,us,9.48,5.71,0.074,55
-9.042,124.0259,100.185,4.4,24,97.0,0.748,0.87,us,6.68,2.754,0.126,18
-4.5746,-12.581,10.0,4.6,14,97.0,3.776,0.36,us,8.45,1.867,0.182,10
39.804,143.4948,32.815,4.3,29,142.0,2.103,0.9,us,9.68,6.293,0.137,15
-10.7356,41.3686,10.0,4.4,36,52.0,4.308,0.47,us,8.93,1.878,0.108,25
50.767,158.5127,37.511,4.1,31,126.0,2.261,1.21,us,8.99,7.957,0.114,21
8.0552,126.9205,49.894,4.5,34,152.0,1.651,0.7,us,10.73,7.142,0.1,29
52.1711,161.6764,10.0,4.1,17,138.0,2.034,0.71,us,10.16,1.85,0.213,6
51.4759,159.745,10.0,4.0,11,258.0,1.69,1.0,us,7.65,1.988,0.212,7
-15.732,-171.3705,10.0,4.6,21,67.0,1.669,0.93,us,6.74,1.889,0.137,16
7.2329,127.01,10.829,4.2,33,63.0,1.429,0.76,us,7.92,4.863,0.11,23
29.2462,130.5218,35.0,4.4,22,83.0,2.256,0.87,us,5.4,1.938,0.17,10
52.2835,160.6646,23.152,4.0,21,152.0,1.434,0.48,us,9.66,7.068,0.196,9
-9.4965,-74.8584,10.0,5.1,61,101.0,3.151,0.55,us,9.15,1.806,0.033,298
-6.3978,151.8483,10.0,4.4,30,85.0,2.214,0.86,us,9.24,1.897,0.11,24
53.2245,160.3688,45.096,5.2,154,108.0,1.055,0.68,us,9.38,6.757,0.029,396
-2.7983,147.9022,10.0,4.4,18,85.0,0.922,0.77,us,6.22,1.909,0.17,10
-17.4016,-171.9308,10.0,4.5,39,76.0,2.53,0.61,us,13.06,1.809,0.077,50
50.4145,160.001,10.0,4.1,18,241.0,2.744,0.43,us,11.83,1.995,0.174,9
1.0681,100.1885,199.351,4.3,51,66.0,2.051,0.73,us,10.28,7.244,0.086,38
-20.3238,-177.6855,492.617,4.4,49,48.0,4.738,0.93,us,12.19,6.674,0.037,221
-7.0057,129.5203,159.477,5.4,102,20.0,4.885,0.71,us,4.24,6.665,0.043,188
12.3753,-87.9581,47.201,4.3,40,196.0,0.969,1.02,us,12.62,9.281,0.094,32
13.2707,-91.2878,10.0,4.0,44,202.0,1.308,1.2,us,8.18,1.97,0.08,42
54.5954,-159.628,35.0,3.6,20,202.0,0.237,0.62,us,5.05,2.012,0.354,2
10.3876,122.3063,10.0,4.5,27,107.0,4.619,0.54,us,13.92,1.912,0.118,21
-17.6075,-69.533,155.178,4.2,25,140.0,0.054,1.02,us,9.67,5.77,0.187,8
-31.2417,-68.2875,109.632,4.5,36,74.0,0.446,1.12,us,2.87,5.422,0.172,10
-15.2696,-173.2225,10.0,4.3,15,66.0,1.943,1.0,us,8.04,1.868,0.217,7
15.9201,146.5834,48.275,4.1,15,186.0,1.021,0.86,us,15.25,11.634,0.198,7
51.3451,159.7239,33.793,4.2,20,152.0,1.806,0.69,us,9.57,8.124,0.167,10
7.0282,126.8129,86.178,4.5,34,108.0,1.225,0.83,us,10.93,8.246,0.104,27
29.2677,129.4653,10.0,4.9,60,57.0,2.391,0.85,us,6.53,1.306,0.041,192
52.3954,160.1722,52.759,4.6,39,176.0,1.119,0.6,us,9.34,8.671,0.086,40
-11.7572,116.8905,10.0,4.5,31,72.0,3.039,0.79,us,6.25,1.762,0.116,22
50.865,158.7768,34.156,4.6,29,130.0,2.163,0.8,us,11.49,6.228,0.114,23
-10.5681,119.2705,16.04,5.1,124,74.0,1.35,0.69,us,4.24,3.132,0.055,112
20.6086,121.1892,34.688,4.4,37,112.0,2.729,0.71,us,9.96,7.261,0.11,27
-14.906,167.2372,112.225,4.6,71,64.0,0.539,0.62,us,5.27,5.422,0.05,121
2.0449,126.6728,35.0,4.6,57,97.0,1.442,1.05,us,5.35,1.877,0.082,45
42.399,-127.0574,10.0,3.5,23,203.0,2.009,0.47,us,8.56,2.014,0.284,3
39.1701,28.1493,10.0,4.2,21,71.0,0.973,0.72,us,5.91,1.959,0.303,3
-23.3053,179.9,595.443,4.5,18,184.0,5.796,0.53,us,26.16,14.176,0.124,19
32.1707,140.243,10.0,4.4,20,139.0,1.009,0.46,us,6.19,1.905,0.149,13
45.6434,151.3687,44.634,4.5,54,139.0,6.108,0.61,us,11.37,8.138,0.078,48
46.7048,20.0077,7.298,4.0,31,47.0,1.217,0.63,us,3.49,4.385,0.164,10
30.4303,138.6854,421.474,4.5,97,123.0,2.844,0.74,us,11.43,8.1,0.033,265
-3.7996,118.683,10.0,4.2,25,95.0,1.336,1.01,us,6.89,1.901,0.141,14
49.8763,157.0729,35.0,4.3,22,231.0,3.26,0.98,us,13.04,1.97,0.168,11
52.1572,160.3489,25.964,4.5,52,134.0,1.352,0.89,us,11.46,6.1,0.088,38
-19.9329,-69.3401,103.094,4.3,18,133.0,0.271,0.64,us,6.33,3.687,0.238,5
29.3306,129.4734,10.0,4.4,29,110.0,2.33,1.05,us,7.51,1.936,0.162,11
-6.2956,145.7287,133.674,4.4,46,118.0,3.399,0.69,us,9.01,7.648,0.095,32
34.6813,70.7808,10.0,4.3,30,148.0,1.368,1.03,us,7.08,1.737,0.116,21
54.5397,-159.8952,37.57,3.4,75,186.0,0.342,0.91,us,7.28,15.62,0.245,4
-5.7053,-109.173,10.0,4.3,69,143.0,27.384,0.76,us,9.8,1.925,0.053,99
36.183,69.4733,140.188,4.0,28,106.0,1.687,1.05,us,8.13,11.665,0.15,12
-58.9949,-25.6535,35.0,4.3,22,88.0,19.205,0.59,us,14.49,1.954,0.114,22
7.0369,-82.1321,10.0,4.5,60,148.0,2.47,0.76,us,12.43,1.928,0.076,51
22.283,101.1732,10.0,4.1,22,83.0,1.775,0.93,us,10.91,1.915,0.158,12
-1.7476,69.1427,10.0,4.5,15,80.0,4.448,1.2,us,7.57,1.889,0.204,7
-9.3665,158.8815,9.522,4.4,35,86.0,1.054,0.4,us,5.48,4.633,0.107,30
34.8438,24.0579,45.21,4.6,125,64.0,2.636,0.73,us,7.05,6.872,0.042,167
41.1731,142.9607,43.493,4.5,96,125.0,0.854,0.59,us,6.57,7.276,0.06,82
52.3091,160.0054,35.0,4.2,38,122.0,1.092,0.88,us,9.24,1.93,0.107,24
52.3105,160.8878,10.0,4.4,24,158.0,1.539,0.79,us,10.65,1.946,0.123,19
-37.7041,178.42,35.0,4.8,37,181.0,0.168,0.77,us,8.98,1.481,0.111,26
-1.8147,137.3545,27.436,4.5,25,69.0,0.838,0.49,us,5.26,5.36,0.11,24
52.371,160.8023,10.0,4.1,13,208.0,1.464,1.11,us,5.79,2.008,0.214,6
-10.857,161.4929,10.0,4.6,26,110.0,2.074,0.48,us,8.47,1.91,0.129,18
-21.4699,-176.2922,110.0,4.7,39,110.0,6.431,0.96,us,13.48,7.821,0.073,56
-6.6323,129.939,125.45,4.8,68,25.0,4.348,0.6,us,8.18,6.792,0.059,90
51.537,161.154,10.0,4.4,46,128.0,2.141,0.89,us,9.37,1.912,0.089,36
52.683,160.5281,32.689,4.0,17,115.0,1.189,0.69,us,10.83,5.958,0.156,11
-15.2005,167.4934,156.967,5.0,74,56.0,6.134,0.79,us,10.57,5.532,0.06,89
53.0129,161.0528,10.0,4.4,18,184.0,1.452,0.83,us,11.83,1.977,0.138,15
27.6842,-102.815,10.0,4.0,59,74.0,1.195,0.58,us,5.09,1.898,0.1,27
-32.6793,-178.4099,10.0,4.5,13,171.0,3.432,0.6,us,12.4,1.788,0.171,10
49.9086,157.5936,24.879,4.2,17,134.0,3.188,0.38,us,9.92,6.729,0.176,9
50.9275,160.2274,10.0,4.2,18,155.0,2.315,1.06,us,9.92,1.965,0.147,14
40.9078,35.1689,10.0,4.3,69,33.0,1.109,0.82,us,2.35,1.842,0.103,27
51.4128,159.5325,26.057,4.6,30,138.0,1.702,0.87,us,7.52,6.434,0.122,20
-17.7869,-70.015,109.604,4.9,48,111.0,0.546,0.51,us,5.68,5.215,0.04,194
-5.0038,144.2892,91.934,4.3,20,75.0,4.349,1.14,us,7.42,10.056,0.132,16
-24.2019,-67.1947,199.752,4.3,28,74.0,1.537,1.32,us,11.15,8.032,0.122,19
30.6605,142.7651,10.0,4.4,39,130.0,3.506,0.85,us,8.44,1.891,0.085,40
-60.1785,-26.8852,43.133,4.5,17,110.0,14.972,0.81,us,15.26,9.063,0.14,15
52.7913,160.6171,35.0,4.4,73,170.0,1.214,0.67,us,12.11,1.965,0.059,82
-9.8854,116.6311,54.034,4.1,17,104.0,1.544,0.45,us,8.08,5.198,0.174,9
7.2611,126.8583,85.434,4.3,27,113.0,1.283,1.08,us,11.57,8.216,0.114,22
52.2019,-169.411,35.0,3.5,41,180.0,0.616,0.68,us,4.77,1.954,0.101,24
-32.6051,-178.3589,10.0,4.6,17,212.0,5.65,0.55,us,14.56,1.97,0.164,11
34.9884,104.7171,10.0,4.4,22,118.0,1.276,0.63,us,11.88,1.922,0.13,17
52.2239,160.8208,10.0,4.3,33,188.0,1.547,0.91,us,10.87,1.973,0.105,26
51.9486,160.3827,10.0,4.2,18,228.0,2.009,0.58,us,14.92,2.004,0.146,13
52.1002,160.4401,21.997,4.5,45,118.0,1.953,0.86,us,10.03,5.864,0.083,42
36.5109,-2.8188,10.0,4.3,35,123.0,3.285,0.63,us,6.27,1.848,0.111,23
7.3896,127.0323,10.0,5.0,75,53.0,1.476,1.35,us,6.56,1.818,0.05,130
5.6861,-77.8684,10.0,4.2,17,124.0,2.38,1.3,us,6.56,1.789,0.136,15
7.18,126.9502,66.934,4.9,51,72.0,1.365,0.83,us,8.18,7.643,0.087,41
-21.8,-68.6279,121.783,4.2,21,54.0,0.571,0.68,us,6.0,5.948,0.186,8
49.8856,157.4616,36.287,4.5,19,153.0,3.231,0.56,us,11.67,9.699,0.163,11
34.7095,32.5226,10.0,4.6,75,122.0,0.711,1.08,us,5.42,1.889,0.069,63
52.3337,160.2758,30.306,5.1,201,121.0,1.207,0.76,us,8.67,4.921,0.033,296
52.0906,160.7429,35.0,5.1,57,123.0,2.118,1.09,us,12.27,1.932,0.076,55
-14.7622,166.8638,10.0,4.6,21,140.0,0.756,0.75,us,5.3,1.927,0.147,14
-24.2229,-67.0357,184.514,4.3,23,71.0,1.643,0.76,us,10.73,9.674,0.138,15
42.6961,141.5657,138.104,4.4,12,99.0,1.362,0.65,us,5.63,9.404,0.218,6
1.801,127.6136,132.222,4.1,27,106.0,1.052,0.59,us,10.71,9.016,0.117,20
53.3773,161.6507,22.376,4.3,23,165.0,1.84,0.85,us,14.67,7.415,0.142,15
-1.0068,125.8137,54.918,4.0,8,118.0,2.352,0.07,us,13.47,11.947,0.26,4
3.7252,127.3883,47.66,4.2,26,107.0,2.151,0.62,us,7.35,8.612,0.124,18
9.9483,125.767,63.711,4.4,34,120.0,2.866,0.65,us,13.5,4.398,0.107,25
-28.2354,-178.6309,10.0,4.8,26,91.0,1.18,0.52,us,10.38,1.851,0.107,27
-41.1081,-91.2308,10.0,4.9,35,143.0,15.638,0.69,us,14.64,1.876,0.098,33
12.703,144.2187,26.757,4.4,13,119.0,1.085,0.42,us,8.22,7.392,0.219,6
-18.0747,-177.9499,583.928,4.2,38,122.0,3.013,0.83,us,15.25,9.431,0.1,28
23.7585,90.4588,10.0,4.3,31,172.0,4.842,0.81,us,12.37,1.936,0.122,19
-33.6417,-179.3442,35.0,4.6,19,162.0,4.355,0.65,us,9.83,1.967,0.146,14
-62.5919,-158.6841,10.0,4.8,19,151.0,18.72,0.61,us,15.63,1.92,0.134,19
14.5607,-94.163,10.0,4.2,28,202.0,1.946,0.86,us,7.48,1.978,0.115,21
6.8181,-73.0894,160.462,4.1,14,162.0,2.312,0.37,us,13.39,18.3,0.262,4
50.4151,157.2643,53.85,4.2,32,165.0,2.711,0.69,us,8.43,9.5,0.115,21
7.3945,126.8399,56.684,4.9,160,66.0,1.292,0.8,us,7.45,5.44,0.051,121
-30.1108,-177.9014,32.307,4.7,16,252.0,8.072,1.21,us,15.65,6.962,0.133,18
14.7587,119.7692,10.0,4.5,48,99.0,8.111,0.84,us,9.56,1.89,0.091,36
46.6819,152.7237,55.83,4.1,25,136.0,6.843,0.66,us,4.61,8.77,0.12,19
29.3499,129.5296,10.0,4.7,128,82.0,2.295,0.56,us,5.77,1.816,0.04,190
10.3866,121.8794,10.0,4.7,70,98.0,4.923,0.73,us,8.96,1.889,0.059,88
53.3119,160.7704,35.0,5.1,72,95.0,1.309,0.79,us,8.56,1.87,0.039,214
-28.0423,-66.8839,172.204,4.2,22,159.0,3.152,0.6,us,8.67,10.772,0.2,7
43.4997,147.4291,35.0,4.4,38,184.0,3.478,0.92,us,14.28,1.99,0.09,35
-55.527,-26.9868,10.0,4.6,48,102.0,5.622,0.54,us,11.53,1.869,0.09,37
-6.8296,131.5473,10.0,4.6,15,117.0,2.815,0.59,us,7.52,1.893,0.223,6
48.9808,156.1301,35.0,4.3,29,138.0,4.25,0.86,us,6.13,1.937,0.129,18
52.8417,160.7858,10.0,4.0,18,120.0,1.306,0.62,us,9.2,1.881,0.156,11
7.7288,127.1648,35.0,4.5,47,108.0,1.704,1.39,us,9.67,1.921,0.085,45
-8.5603,110.5044,85.376,4.3,17,110.0,1.503,0.65,us,8.13,7.705,0.187,8
38.2452,75.6079,112.706,4.7,98,168.0,2.458,0.82,us,7.66,7.822,0.064,75
39.4811,143.4805,10.0,4.9,35,133.0,2.267,0.82,us,10.21,1.907,0.106,28
53.0506,159.4767,70.87,4.8,77,105.0,0.5,0.6,us,10.1,6.785,0.033,279
51.3262,161.0457,10.0,3.9,17,130.0,2.251,0.43,us,8.15,1.95,0.121,18
51.4405,159.828,10.0,4.8,76,121.0,1.743,0.68,us,8.98,1.871,0.056,99
-13.1696,167.1462,207.973,4.6,61,134.0,7.833,0.77,us,9.73,4.758,0.067,66
49.7621,157.3928,31.214,4.4,44,126.0,3.356,0.8,us,5.55,5.658,0.095,34
-15.0234,166.8953,16.728,4.4,21,126.0,0.515,0.57,us,7.27,5.846,0.138,16
52.5726,160.2884,34.87,4.5,91,121.0,1.092,1.26,us,9.17,5.813,0.054,103
29.3517,129.4191,10.0,4.5,66,90.0,2.328,0.37,us,6.42,1.837,0.073,55
40.3877,142.1298,59.993,4.1,19,183.0,0.905,0.53,us,6.84,9.843,0.174,9
-8.3468,119.7327,174.306,4.8,31,60.0,1.427,0.61,us,6.11,7.53,0.116,23
-33.6161,-72.6841,10.0,4.3,26,197.0,0.893,0.93,us,4.57,1.772,0.217,6
-60.2485,-25.2422,10.0,4.1,12,205.0,14.509,1.05,us,20.58,2.167,0.175,9
-23.9499,-66.9871,173.069,4.5,21,77.0,1.478,0.94,us,7.69,8.482,0.14,15
-21.4489,-66.4781,225.189,4.0,50,67.0,2.173,0.99,us,8.4,8.046,0.126,17
59.8012,-30.1139,10.0,4.3,11,155.0,6.433,0.84,us,10.99,1.991,0.218,6
-6.2539,149.149,55.607,4.6,26,131.0,3.635,0.91,us,12.03,8.707,0.122,20
-32.1903,-178.7721,27.978,4.9,30,130.0,5.872,0.45,us,15.31,6.456,0.106,28
52.3429,160.6467,10.0,4.4,39,159.0,1.394,0.8,us,10.52,1.94,0.09,35
-17.6692,-69.6126,165.68,4.3,20,117.0,0.149,0.85,us,9.5,8.202,0.153,12
51.4935,159.882,32.936,4.3,19,137.0,1.709,0.81,us,9.31,6.917,0.177,11
17.0924,-94.8289,130.741,4.8,52,113.0,0.69,1.05,us,5.17,6.777,0.044,159
51.8308,161.5487,10.0,4.6,25,217.0,2.139,0.81,us,12.25,1.992,0.125,19
43.3761,-61.4153,10.0,3.8,10,247.0,2.014,0.82,us,4.04,2.017,0.294,3
52.6519,161.2474,10.0,4.2,26,180.0,1.619,1.01,us,11.39,1.964,0.115,21
-9.4859,123.5792,83.116,4.2,12,133.0,0.729,1.26,us,8.12,8.723,0.199,7
33.5787,141.861,10.0,4.3,23,160.0,1.775,0.94,us,8.88,1.946,0.142,14
7.484,-77.1241,45.11,4.4,49,95.0,1.556,0.69,us,6.88,8.21,0.103,27
-15.8876,166.5681,10.0,4.3,12,220.0,5.119,0.3,us,12.25,1.98,0.188,8
52.3674,160.3134,35.0,4.1,22,122.0,1.207,0.91,us,10.82,1.947,0.109,23
46.2204,153.1124,10.0,5.0,62,126.0,7.507,0.52,us,10.18,1.868,0.056,100
38.8235,70.6829,10.0,4.1,38,146.0,1.086,0.96,us,4.65,1.918,0.107,24
50.0196,157.7816,35.0,4.1,24,186.0,3.057,1.22,us,13.45,1.983,0.139,14
52.9139,159.0329,83.763,4.1,58,121.0,0.829,0.59,us,10.66,5.779,0.076,47
52.2526,160.4386,25.588,4.7,63,163.0,1.336,0.85,us,12.13,6.713,0.073,57
9.2566,93.9113,10.0,4.1,19,198.0,5.661,0.33,us,6.25,1.954,0.151,13
22.468,94.3264,88.314,4.2,28,113.0,1.371,0.86,us,9.87,4.638,0.132,17
49.3182,155.4996,73.373,4.6,93,169.0,4.039,0.61,us,12.56,8.852,0.051,112
18.9015,-106.5316,10.0,4.3,32,179.0,2.173,0.71,us,9.46,1.878,0.072,55
53.0302,160.9551,10.0,4.4,27,137.0,1.392,1.05,us,12.18,1.929,0.144,14
52.4294,160.5283,35.0,4.1,12,225.0,1.288,0.63,us,12.81,1.959,0.197,7
-41.2745,-86.0338,10.0,4.4,22,110.0,9.927,0.95,us,10.12,1.691,0.12,20
51.5942,159.3763,35.0,4.4,25,101.0,1.499,0.58,us,11.52,1.933,0.134,17
51.7857,159.8227,25.681,5.8,44,60.0,1.433,0.63,us,5.47,4.543,0.131,28
9.5367,94.1242,10.0,4.2,12,184.0,5.49,0.76,us,14.34,1.957,0.216,6
53.1959,160.5831,46.725,4.2,84,116.0,1.178,0.7,us,9.88,7.787,0.062,72
-15.9547,-73.6683,63.994,4.9,77,137.0,5.004,0.54,us,10.44,6.167,0.052,114
-57.6193,157.9536,39.626,4.3,20,140.0,3.177,0.76,us,7.97,11.422,0.148,13
49.9488,155.7143,82.536,4.5,80,124.0,3.398,0.42,us,10.17,7.5,0.057,91
-5.0131,123.0162,10.0,4.5,48,78.0,0.292,0.44,us,3.79,1.859,0.099,30
33.071,131.4406,102.665,4.5,76,76.0,1.768,0.94,us,6.36,7.63,0.064,72
-6.9954,125.564,497.769,4.2,19,88.0,3.027,0.73,us,15.69,12.101,0.167,10
-31.7665,-69.0077,106.276,4.5,70,49.0,0.362,0.59,us,5.03,4.958,0.072,57
-22.7672,169.973,10.0,4.7,31,126.0,2.338,0.81,us,8.45,1.831,0.126,19
-4.3236,136.1024,10.0,4.3,24,84.0,2.219,0.62,us,5.7,1.879,0.142,15
-15.3445,167.4272,108.995,4.4,17,262.0,0.239,0.57,us,15.87,5.722,0.162,11
3.0935,-31.4434,10.0,4.5,24,75.0,20.396,0.79,us,12.63,1.896,0.124,19
52.2449,-169.3578,35.0,3.5,25,206.0,0.79,0.74,us,9.06,2.016,0.148,11
29.7534,129.6362,10.0,4.6,35,113.0,1.886,0.62,us,6.77,1.883,0.119,21
41.197,142.5052,49.256,4.0,17,159.0,0.952,0.76,us,7.23,11.783,0.231,5
6.2254,125.8788,125.466,4.4,44,55.0,0.89,0.44,us,7.7,6.669,0.098,30
50.405,156.4777,65.379,4.8,126,131.0,2.812,0.46,us,10.52,7.189,0.031,321
6.883,127.2192,10.0,4.7,74,56.0,1.639,1.4,us,6.35,1.861,0.062,79
43.5148,148.0085,10.0,4.3,26,156.0,3.873,1.2,us,10.52,1.851,0.16,14
52.6161,160.9052,10.0,4.3,14,121.0,1.428,0.83,us,9.08,1.784,0.177,9
-37.6446,51.7724,10.0,4.6,35,66.0,16.772,0.92,us,12.78,1.854,0.103,28
-28.9215,-67.7263,134.202,4.1,23,94.0,2.317,0.65,us,7.16,5.389,0.234,5
-23.988,-177.3339,212.569,4.8,29,181.0,7.561,0.71,us,18.04,11.636,0.102,30
53.5468,161.4989,10.0,4.3,28,134.0,1.789,0.9,us,9.2,1.374,0.103,27
36.5447,70.3631,198.877,4.4,46,86.0,2.259,0.72,us,4.83,9.046,0.117,21
-59.8205,-62.1822,10.0,4.7,18,130.0,5.048,0.61,us,13.04,1.913,0.142,15
51.6484,159.695,35.0,4.3,25,142.0,1.519,1.14,us,11.85,1.963,0.116,21
25.9378,128.4631,10.0,4.5,21,87.0,0.911,0.61,us,6.55,1.915,0.204,7
51.0445,157.1213,70.239,4.6,89,133.0,2.097,0.62,us,10.96,7.083,0.037,224
7.7293,-37.0934,10.0,4.8,59,109.0,13.519,0.67,us,8.92,1.88,0.061,83
52.7758,160.6391,29.606,4.8,43,192.0,1.23,1.07,us,13.64,9.386,0.088,40
-19.4447,168.5539,10.0,4.9,31,115.0,3.318,0.81,us,9.06,1.895,0.116,23
-6.4443,129.236,195.258,4.1,21,64.0,4.613,0.79,us,10.33,10.022,0.197,7
51.1565,178.5551,18.812,4.7,145,140.0,0.519,0.64,us,4.86,4.585,0.05,124
51.9196,-169.8577,16.806,4.1,83,171.0,0.872,0.83,us,5.02,4.162,0.05,109
7.3797,126.8108,67.176,4.6,45,122.0,1.26,1.07,us,9.02,7.637,0.091,36
10.8873,93.5681,124.708,4.8,96,64.0,1.112,0.88,us,7.95,6.125,0.046,144
-15.9789,-75.4902,10.0,4.6,29,139.0,4.179,0.62,us,11.47,1.906,0.129,18
52.1303,160.2121,35.0,5.7,38,118.0,1.818,0.81,us,6.78,1.927,0.105,32
51.8442,160.1578,10.0,4.6,54,125.0,1.499,1.08,us,8.29,1.887,0.064,74
-57.223,-67.0247,10.0,4.6,33,127.0,2.321,0.54,us,7.43,1.92,0.109,25
50.8934,158.3331,10.0,4.4,34,165.0,2.142,0.5,us,12.3,1.963,0.112,23
-14.1343,167.3171,199.482,4.6,79,125.0,1.31,0.59,us,12.04,5.019,0.055,99
-51.466,-71.8477,10.0,4.1,20,147.0,1.404,0.69,us,9.8,1.937,0.131,16
51.0697,158.0192,35.0,4.4,88,134.0,1.995,0.58,us,11.04,1.931,0.053,103
-24.333,179.818,511.166,4.2,30,111.0,5.29,0.56,us,12.52,15.077,0.115,21
-1.3104,133.9928,42.419,4.8,86,70.0,1.53,0.68,us,6.26,7.402,0.064,76
-17.829,-174.6388,10.0,4.7,44,73.0,4.641,0.53,us,12.33,1.847,0.088,39
49.1548,156.4018,27.618,5.1,76,129.0,4.042,0.53,us,9.68,5.646,0.093,38
52.4625,160.4409,43.863,4.2,23,160.0,1.225,1.07,us,13.64,9.174,0.131,16
39.9983,142.5154,39.281,4.4,20,144.0,1.361,0.51,us,5.21,10.631,0.203,7
51.24,157.3795,53.658,4.0,17,223.0,1.882,0.55,us,15.8,12.061,0.156,11
52.6952,159.6643,82.85,4.4,17,193.0,0.697,0.64,us,14.85,9.774,0.155,12
53.0726,160.707,30.099,4.3,47,144.0,1.243,1.15,us,12.25,7.574,0.086,38
-15.2859,-174.9259,243.231,4.6,118,49.0,3.337,0.78,us,10.47,7.113,0.049,126
7.2347,126.8781,75.993,4.4,26,113.0,1.299,0.62,us,8.69,4.502,0.112,23
51.3629,160.977,10.0,4.2,35,177.0,2.195,0.86,us,11.32,1.933,0.115,21
21.76,103.0866,10.0,4.5,52,57.0,2.958,1.04,us,5.21,1.879,0.087,39
-20.3133,-178.4532,609.395,4.4,30,97.0,4.177,0.86,us,13.91,10.231,0.112,23
-19.2739,-177.5505,559.03,4.3,72,49.0,4.041,1.01,us,13.24,6.758,0.085,39
52.4563,159.1021,63.052,4.3,29,121.0,0.631,1.04,us,9.28,4.557,0.097,30
52.7641,160.7261,10.0,4.2,25,162.0,1.284,1.02,us,10.38,1.855,0.136,15
-5.2184,154.277,173.523,4.3,29,157.0,2.34,0.44,us,13.17,7.956,0.106,25
12.1739,-87.9686,38.535,4.4,26,190.0,1.062,0.92,us,4.57,10.363,0.074,52
6.2464,125.6335,156.375,4.2,20,147.0,0.82,0.97,us,9.18,7.896,0.146,13
-22.7284,170.9369,10.0,4.4,29,132.0,3.226,0.73,us,10.02,1.878,0.138,15
-4.0796,-76.5241,121.567,4.2,41,96.0,2.974,0.97,us,9.78,9.515,0.105,25
51.6647,159.923,10.0,4.4,36,218.0,1.569,0.77,us,10.43,1.961,0.1,29
-14.9667,-173.5872,31.452,4.3,21,114.0,2.04,0.71,us,11.13,6.163,0.148,14
-22.5402,-67.6083,183.726,4.2,22,104.0,0.667,0.69,us,10.09,7.152,0.16,11
-6.261,155.0497,132.382,4.6,60,67.0,3.534,0.7,us,9.1,3.903,0.053,105
53.0744,160.8581,10.0,4.7,59,113.0,1.334,1.24,us,8.43,1.872,0.042,174
37.1337,71.4437,113.609,4.7,151,76.0,1.438,0.62,us,5.76,4.595,0.043,170
49.7629,159.5459,10.0,4.3,21,138.0,3.313,0.51,us,12.32,1.926,0.153,12
-31.086,-179.303,261.252,4.5,20,178.0,6.756,1.11,us,8.19,10.643,0.156,13
52.9166,160.7435,19.179,5.0,154,106.0,1.271,0.72,us,8.21,4.534,0.025,523
51.4078,159.3352,35.0,4.3,50,167.0,1.672,0.97,us,9.87,1.96,0.087,38
52.2263,160.477,30.846,4.8,74,123.0,1.37,0.88,us,9.22,5.587,0.059,89
51.7897,175.7969,49.761,4.4,108,155.0,1.405,0.52,us,8.18,8.484,0.058,84
52.648,160.4299,35.0,4.3,26,205.0,1.143,0.64,us,11.12,1.984,0.129,17
3.9256,95.869,55.638,4.9,75,138.0,1.682,0.67,us,6.81,6.286,0.054,107
-55.3038,-26.8856,10.0,5.0,40,106.0,5.649,0.51,us,12.93,1.867,0.1,32
51.5504,159.5788,27.718,5.3,109,113.0,1.94,0.83,us,7.87,3.528,0.031,348
53.2783,160.9008,35.0,4.3,33,134.0,1.379,0.96,us,10.92,1.919,0.126,19
-26.7074,-175.8669,10.0,4.9,46,107.0,9.36,0.63,us,12.57,1.866,0.083,45
51.291,-178.4942,35.0,3.7,37,206.0,0.33,0.79,us,3.74,1.864,0.152,11
-23.4317,178.9877,575.858,4.5,27,171.0,5.725,0.72,us,7.15,8.81,0.132,18
-12.0871,166.2017,81.535,4.5,35,145.0,3.479,1.27,us,11.48,8.741,0.1,29
8.5987,126.4932,90.97,4.1,15,136.0,1.769,0.92,us,13.16,6.533,0.197,9
2.7565,127.3287,53.159,5.3,82,75.0,1.972,0.78,us,6.74,7.304,0.038,236
54.4643,-159.8395,36.259,4.2,128,193.0,0.395,0.64,us,5.97,10.062,0.166,10
51.5311,160.4117,10.0,4.4,23,137.0,1.845,0.96,us,13.1,1.933,0.134,17
14.7132,147.2185,10.0,4.8,55,141.0,1.473,0.65,us,6.61,1.72,0.087,41
36.5526,70.919,191.664,4.3,41,77.0,2.154,0.67,us,7.98,7.825,0.116,21
-55.349,-27.98,10.0,4.6,35,67.0,5.035,0.46,us,5.84,1.904,0.095,33
2.4651,126.7563,48.141,4.5,38,104.0,2.588,0.88,us,10.74,7.63,0.107,26
51.2104,159.0646,10.0,4.3,22,138.0,1.834,0.6,us,11.69,1.937,0.148,13
51.6417,159.5294,35.0,4.8,36,123.0,1.485,1.23,us,8.35,1.915,0.092,36
52.1651,160.6967,10.0,4.3,21,121.0,2.057,1.31,us,6.79,1.866,0.137,17
37.7225,144.546,10.0,4.0,18,156.0,4.084,0.77,us,11.96,1.95,0.144,13
7.3874,126.8234,75.105,4.2,16,158.0,1.274,0.65,us,10.24,8.909,0.159,11
1.2814,126.4633,49.04,4.7,33,90.0,1.035,0.7,us,5.37,7.636,0.117,22
-15.0924,167.2318,122.646,4.6,29,165.0,0.354,0.76,us,11.61,5.499,0.103,28
52.7734,160.9219,10.0,4.5,60,119.0,1.399,0.63,us,10.45,1.905,0.076,51
-29.9474,-177.8534,64.187,4.8,28,128.0,0.703,1.1,us,10.62,8.165,0.097,33
-31.415,-67.7291,10.0,4.5,35,41.0,0.815,1.1,us,5.35,1.9,0.121,21
52.7451,160.8097,10.0,4.4,23,189.0,1.338,0.54,us,7.29,1.979,0.155,12
7.3667,126.8047,78.369,4.4,42,74.0,1.251,0.82,us,5.25,8.182,0.098,30
-11.3415,118.5182,10.0,4.4,17,123.0,2.413,1.1,us,7.0,1.91,0.154,13
-23.8735,-179.9338,530.336,4.2,30,69.0,6.382,1.04,us,9.73,10.37,0.115,21
-31.0509,-72.6317,10.0,4.4,31,146.0,0.936,0.77,us,4.66,1.517,0.203,7
28.2717,-43.944,10.0,4.9,55,113.0,20.891,1.04,us,12.53,1.894,0.058,95
1.9491,96.4445,10.0,4.1,27,200.0,2.585,0.45,us,10.2,1.946,0.126,17
-7.5559,142.918,10.0,4.6,17,157.0,3.327,1.22,us,9.46,1.963,0.165,11
-58.0601,-25.9461,79.256,4.2,16,98.0,16.627,0.66,us,13.75,5.418,0.137,15
51.0766,159.0676,40.463,4.2,44,163.0,1.967,0.72,us,13.35,9.079,0.096,30
-0.0062,123.6712,139.433,4.5,53,39.0,1.855,0.49,us,7.47,2.8,0.088,38
-21.1877,-68.7845,114.015,4.4,25,74.0,0.672,0.84,us,5.25,4.974,0.134,16
-15.5957,-70.2005,239.927,4.3,17,141.0,2.099,0.7,us,12.81,9.385,0.137,15
32.139,49.9742,10.0,4.2,19,156.0,4.627,0.84,us,10.34,1.942,0.112,22
52.3484,158.578,51.087,4.3,25,173.0,0.677,0.78,us,10.42,9.54,0.129,17
-57.2322,-25.4016,35.0,4.3,17,194.0,17.256,0.54,us,8.33,1.956,0.168,10
-23.9748,179.9515,514.354,4.4,45,112.0,5.581,0.62,us,13.29,8.284,0.092,34
11.6461,-86.4167,87.746,4.5,68,136.0,1.199,0.81,us,8.14,8.288,0.071,57
52.5692,160.3292,10.0,4.2,72,121.0,1.117,0.75,us,9.42,1.889,0.066,65
43.583,148.0311,30.203,4.3,18,205.0,3.914,0.8,us,14.57,6.258,0.168,10
-14.9705,-173.5407,10.0,4.3,23,60.0,2.004,1.15,us,10.4,1.879,0.143,14
16.354,-92.8733,208.454,4.4,60,110.0,0.711,0.62,us,8.39,6.205,0.072,55
13.2924,50.0635,10.0,4.2,13,142.0,7.264,0.66,us,9.72,1.945,0.199,7
52.9209,160.4597,35.0,4.4,27,158.0,1.099,1.23,us,9.61,1.915,0.112,24
49.9809,157.2667,35.066,5.1,95,123.0,3.143,0.74,us,10.62,7.317,0.064,78
51.564,159.3669,10.0,4.6,66,132.0,1.527,0.74,us,10.36,1.898,0.066,69
29.4111,129.1909,10.0,4.5,35,95.0,2.358,1.04,us,7.64,1.893,0.104,27
-17.6655,-69.7319,153.639,4.3,28,128.0,0.252,0.55,us,6.41,5.104,0.142,17
-1.8556,139.2105,10.531,4.2,17,85.0,1.255,0.65,us,7.33,5.393,0.16,11
-21.4726,-68.5154,144.143,4.2,20,52.0,1.002,1.14,us,6.68,8.469,0.2,7
27.1252,140.1384,478.222,4.3,142,40.0,1.824,0.64,us,10.65,6.751,0.049,120
-60.1667,-62.2512,10.0,4.6,21,131.0,4.699,0.58,us,9.14,1.816,0.164,11
-18.3872,-177.9354,566.911,4.0,37,122.0,3.197,0.67,us,15.74,10.016,0.096,29
12.0587,125.4691,34.385,4.3,35,131.0,4.959,0.57,us,14.18,6.195,0.104,26
3.7923,126.6283,52.392,4.5,42,58.0,1.479,0.67,us,6.27,9.302,0.094,33
49.6153,155.5725,80.832,4.2,36,133.0,3.743,0.55,us,13.92,9.977,0.085,39
36.2597,69.7281,158.58,4.1,26,149.0,1.807,1.09,us,6.58,14.377,0.233,5
-23.028,-66.0735,241.227,4.6,52,49.0,1.941,0.9,us,6.49,5.964,0.114,23
46.4059,150.043,10.0,4.4,31,134.0,5.042,0.87,us,13.04,1.898,0.109,24
39.8297,72.8797,16.723,4.4,62,68.0,1.545,0.51,us,5.41,2.077,0.076,50
51.752,160.1481,10.0,4.2,24,156.0,1.57,0.94,us,10.18,1.971,0.128,17
50.3592,158.7342,10.0,4.3,57,133.0,2.669,0.39,us,9.32,1.906,0.085,39
52.9609,160.7587,10.0,4.9,101,107.0,1.276,0.97,us,8.07,1.86,0.026,473
6.9436,127.1134,10.0,4.2,24,128.0,1.528,0.97,us,10.61,1.915,0.128,17
37.9653,144.0844,10.0,4.6,48,138.0,3.664,0.59,us,9.05,1.908,0.107,26
-56.0224,-143.4819,10.0,5.1,30,111.0,28.557,0.52,us,11.92,1.595,0.105,29
51.1203,158.2101,46.91,4.9,40,122.0,1.925,0.89,us,9.98,7.196,0.055,104
-3.7735,139.3546,54.602,4.6,57,48.0,0.515,0.85,us,5.54,6.778,0.071,59
18.8183,-69.6585,104.119,4.4,83,52.0,0.43,1.09,us,6.04,6.941,0.038,199
52.1613,160.6383,10.0,4.2,31,124.0,1.489,0.92,us,7.2,1.828,0.118,20
14.1686,-93.0234,10.0,4.2,42,134.0,1.473,0.94,us,6.36,1.68,0.102,29
7.2367,-82.35,10.0,4.1,17,170.0,2.199,0.32,us,8.22,1.946,0.233,6
-17.9339,-178.1592,583.455,4.1,17,136.0,2.77,0.61,us,23.98,21.853,0.157,13
-9.5022,112.7895,35.0,4.0,25,94.0,1.692,0.79,us,8.59,1.926,0.144,14
-6.1522,131.283,64.093,4.8,61,74.0,2.123,0.76,us,7.77,3.906,0.077,52
29.1549,129.0816,10.0,4.3,25,104.0,2.418,1.06,us,5.82,1.799,0.168,10
-5.9877,150.798,35.0,4.1,16,149.0,2.244,0.6,us,8.01,1.718,0.175,10
60.9532,-28.0169,10.0,4.7,91,94.0,4.886,1.0,us,8.74,1.889,0.039,193
52.6651,160.8439,10.0,4.7,41,120.0,1.378,0.9,us,10.37,1.902,0.098,32
-20.8957,-68.9598,103.122,4.2,31,51.0,0.514,0.85,us,5.2,6.378,0.132,16
36.4807,23.0629,51.123,4.1,49,108.0,1.148,0.81,us,6.77,8.899,0.101,27
9.2761,126.7381,35.0,4.4,37,111.0,2.474,0.37,us,13.32,1.938,0.096,31
43.0876,130.9954,561.251,5.2,106,30.0,1.325,0.52,us,10.1,7.57,0.02,805
52.9507,160.6176,35.806,4.3,25,188.0,1.192,0.73,us,15.3,14.065,0.133,16
51.4587,161.2101,10.0,4.7,25,123.0,2.221,0.62,us,7.54,1.761,0.123,20
52.3165,161.5162,10.0,4.2,43,164.0,1.883,0.55,us,12.88,1.955,0.092,33
38.8671,70.5452,10.0,4.2,27,150.0,1.104,1.02,us,4.62,1.925,0.159,11
42.1998,80.6965,10.0,4.4,19,191.0,1.437,1.21,us,4.85,1.945,0.169,10
-30.654,-71.2748,56.106,4.6,53,78.0,0.311,0.64,us,4.95,5.684,0.107,26
50.9339,156.2353,141.685,4.8,102,121.0,2.358,0.78,us,9.2,6.741,0.026,461
12.8969,145.2843,10.0,5.0,110,98.0,0.799,0.58,us,6.84,1.827,0.06,90
52.2566,160.7098,10.0,4.0,15,155.0,1.472,0.65,us,11.43,1.956,0.183,8
39.1936,28.0382,10.0,4.1,19,71.0,0.889,0.88,us,3.91,1.921,0.234,5
-24.2488,-67.2783,179.176,4.4,31,70.0,1.533,1.17,us,8.94,9.026,0.144,14
52.8408,160.0032,46.784,4.8,84,127.0,0.839,0.8,us,9.52,6.872,0.034,265
-47.2472,97.1715,10.0,4.4,13,108.0,18.027,0.28,us,14.74,1.955,0.17,10
32.8999,88.3856,10.0,4.2,32,143.0,3.957,0.89,us,8.32,1.825,0.096,30
-61.1907,-28.1435,10.0,4.6,11,109.0,16.897,0.99,us,15.98,1.936,0.117,22
-7.3365,128.9356,151.05,4.5,39,70.0,5.205,0.9,us,9.07,5.271,0.104,27
34.5337,26.0526,45.634,4.8,76,115.0,1.36,0.8,us,7.2,7.181,0.057,96
26.4733,96.8381,10.0,4.2,27,121.0,5.531,0.85,us,13.62,1.945,0.124,18
51.814,159.5999,10.0,4.5,27,126.0,1.344,1.13,us,9.38,1.72,0.14,20
5.4538,126.0067,93.582,4.7,72,50.0,0.888,1.07,us,6.62,6.883,0.064,74
9.6159,138.2209,10.0,4.6,27,96.0,4.34,0.73,us,9.88,1.902,0.107,26
-34.0737,-178.5277,10.0,4.4,20,253.0,4.328,0.77,us,9.06,1.968,0.139,15
-33.0595,-13.3452,10.0,5.0,58,59.0,4.087,1.06,us,9.76,0.861,0.072,61
69.0871,137.9228,10.0,4.2,58,64.0,3.984,0.43,us,9.57,1.915,0.08,44
52.5234,160.7272,10.0,4.7,31,121.0,1.358,0.91,us,6.22,1.919,0.101,30
52.0343,161.4248,10.0,4.0,18,138.0,1.963,0.84,us,7.32,1.91,0.183,8
-9.0626,124.0975,94.912,4.0,14,87.0,0.708,0.88,us,8.23,7.782,0.183,8
52.474,160.6684,26.903,4.3,15,121.0,1.344,0.51,us,9.65,6.399,0.177,9
-5.4,152.2663,35.0,4.3,36,177.0,1.112,0.6,us,9.16,1.976,0.094,32
50.0312,156.4607,75.809,4.7,98,93.0,3.177,0.7,us,10.53,7.009,0.035,239
-24.3492,179.7803,526.061,4.4,35,121.0,6.766,0.78,us,15.18,10.172,0.092,34
-9.5456,107.0754,10.0,4.4,46,67.0,1.635,0.8,us,5.87,1.865,0.092,34
11.3798,-71.8215,96.556,4.7,57,104.0,2.742,0.49,us,11.01,8.154,0.037,217
-4.528,35.1204,10.0,5.0,95,42.0,3.627,0.58,us,7.83,1.8,0.064,77
46.7405,151.2916,121.835,4.1,41,135.0,6.658,0.69,us,14.26,8.584,0.084,39
52.2702,160.4299,27.061,4.5,58,145.0,1.321,0.72,us,9.75,6.1,0.08,45
-12.5471,166.4468,67.116,4.7,87,68.0,2.975,0.46,us,8.89,5.484,0.054,106
37.6698,138.8388,185.842,4.3,58,146.0,1.231,0.86,us,10.19,7.695,0.08,45
50.3895,158.6931,10.0,4.5,47,132.0,2.638,0.66,us,9.75,1.905,0.083,42
49.7002,158.3167,19.776,4.2,45,138.0,3.334,0.65,us,12.63,5.287,0.095,31
49.4078,156.0024,35.787,4.3,26,182.0,10.606,0.56,us,14.78,10.777,0.129,18
53.0959,161.4165,10.0,4.5,34,117.0,1.671,1.1,us,10.89,1.905,0.093,34
39.1705,145.3626,10.0,4.4,20,153.0,3.3,0.62,us,8.15,1.835,0.203,7
50.1621,158.8847,10.0,5.1,77,96.0,2.869,0.9,us,8.87,1.816,0.028,408
-60.2284,-61.8747,10.0,4.5,19,124.0,4.673,0.78,us,8.33,1.947,0.145,14
27.6641,139.8924,484.318,4.3,81,82.0,2.115,0.64,us,8.42,8.653,0.038,204
50.3306,156.7503,74.284,4.6,113,130.0,2.844,0.63,us,9.64,7.079,0.037,217
-57.1047,-66.6962,10.0,4.9,65,106.0,3.904,0.87,us,11.22,1.885,0.075,61
7.159,126.739,79.427,4.3,33,131.0,1.154,1.16,us,11.18,7.694,0.105,26
-23.8061,179.0328,544.666,4.4,45,142.0,6.1,0.64,us,14.88,9.05,0.086,39
52.6895,160.303,56.773,4.7,92,120.0,1.057,0.91,us,9.99,7.396,0.06,83
9.6158,140.9692,35.368,4.4,20,80.0,5.494,0.8,us,9.64,8.502,0.17,10
20.9654,120.9326,10.0,4.2,32,99.0,1.848,0.79,us,6.46,1.922,0.153,14
52.9716,161.1278,10.0,4.3,19,187.0,1.498,1.32,us,7.9,1.988,0.154,12
54.539,-160.0858,35.0,3.7,66,158.0,0.411,0.82,us,4.92,1.918,0.159,10
-20.7641,-177.9521,498.515,4.5,51,136.0,4.823,0.77,us,12.51,6.29,0.087,40
5.2202,125.7988,106.609,4.3,14,165.0,0.58,0.83,us,11.71,8.559,0.188,9
50.7248,158.2866,35.0,4.3,27,138.0,2.313,0.74,us,9.79,1.94,0.119,20
57.886,146.7923,10.0,4.1,24,159.0,2.678,1.17,us,9.08,1.962,0.127,17
48.1823,153.9256,85.834,4.2,37,135.0,5.484,0.81,us,12.36,8.306,0.096,31
-9.5362,113.7626,43.886,4.3,22,137.0,1.127,0.84,us,8.94,9.06,0.138,15
-26.1558,-179.9183,484.859,4.1,31,110.0,3.565,0.76,us,15.65,5.72,0.12,19
53.0958,159.8413,60.141,4.9,102,132.0,0.723,0.8,us,9.92,6.752,0.06,87
-24.96,179.8016,520.296,4.5,67,132.0,7.362,0.88,us,13.56,7.696,0.074,54
-8.2579,118.0548,12.067,4.2,23,84.0,0.629,0.71,us,5.02,4.492,0.167,11
-4.4037,101.527,36.269,4.4,42,144.0,1.425,0.5,us,9.15,7.493,0.092,34
51.2127,158.899,32.829,4.3,26,124.0,1.82,0.96,us,10.66,6.506,0.116,24
49.5765,157.7946,10.0,4.8,187,84.0,3.493,0.44,us,7.96,1.809,0.036,241
16.9035,146.1767,126.288,4.1,20,169.0,1.695,0.37,us,16.37,10.709,0.13,16
51.0869,159.0487,10.0,4.2,29,219.0,1.955,0.72,us,12.97,1.974,0.118,20
53.6015,-166.5782,75.847,3.7,33,148.0,0.231,0.51,us,9.42,10.892,0.168,9
43.5316,147.9119,10.0,4.9,102,135.0,3.814,0.82,us,9.86,1.873,0.059,90
-6.2424,131.0717,35.0,4.4,51,50.0,3.504,1.01,us,8.68,1.919,0.087,38
33.3622,139.1847,10.0,4.5,41,70.0,0.582,1.05,us,5.63,1.897,0.113,23
7.4663,127.078,10.0,4.2,19,135.0,1.538,0.94,us,6.12,1.927,0.153,12
-24.0011,-66.9945,167.671,4.3,70,54.0,1.508,1.01,us,7.56,7.071,0.067,63
52.5119,160.9786,10.0,4.6,53,173.0,1.505,0.96,us,10.02,1.95,0.043,158
29.3165,129.3433,10.0,4.4,37,89.0,2.386,0.8,us,7.06,1.89,0.12,20
51.9825,158.4774,56.879,4.4,28,123.0,1.048,1.05,us,8.83,7.487,0.114,22
4.091,125.8929,155.742,4.1,22,184.0,0.76,0.79,us,10.56,7.871,0.145,15
29.3086,129.2135,10.0,5.0,50,87.0,2.441,1.07,us,6.84,1.895,0.096,35
-19.306,-177.6744,420.052,4.3,26,88.0,7.325,0.86,us,13.35,11.427,0.116,21
18.6925,144.8485,10.0,4.2,23,109.0,3.548,0.94,us,15.1,1.908,0.153,13
-24.3512,179.9396,521.596,4.5,55,96.0,5.251,0.88,us,8.03,7.841,0.084,41
51.2431,179.7669,54.379,3.7,45,221.0,0.322,0.48,us,5.85,9.369,0.103,24
-2.6383,138.8898,65.572,4.8,102,63.0,0.914,0.65,us,6.73,6.464,0.051,121
-6.2658,151.9704,10.0,4.5,41,149.0,1.947,0.53,us,11.72,1.905,0.093,34
51.8637,158.4105,67.372,4.3,34,135.0,1.171,0.64,us,9.49,7.452,0.108,24
50.2045,157.9498,40.542,4.3,30,132.0,2.856,0.63,us,5.71,7.357,0.111,23
53.543,-163.5715,18.535,4.3,62,175.0,1.108,0.69,us,2.82,4.634,0.1,28
5.7796,126.2159,151.062,4.4,36,113.0,1.273,0.78,us,10.03,7.49,0.091,35
53.8437,160.997,37.762,4.7,157,100.0,1.627,0.71,us,8.74,6.559,0.045,150
52.9529,161.2282,9.54,4.5,68,114.0,1.56,0.83,us,8.46,1.948,0.07,59
-21.4558,169.8375,35.0,4.7,32,119.0,2.499,0.92,us,6.17,1.857,0.106,27
52.1871,160.6277,10.0,4.5,42,123.0,1.468,1.12,us,9.22,1.898,0.096,32
9.2217,93.8561,10.0,4.6,85,58.0,5.014,0.69,us,9.36,1.854,0.067,67
51.8121,158.8733,63.989,4.6,43,130.0,1.221,0.81,us,9.73,7.587,0.08,46
16.1907,121.985,73.046,4.4,37,113.0,7.187,0.83,us,14.25,8.579,0.112,23
1.5747,126.5589,35.0,4.1,14,142.0,1.135,1.02,us,4.22,1.958,0.175,9
50.278,159.5416,10.0,4.5,43,137.0,2.805,0.64,us,9.65,1.81,0.089,37
45.7091,26.5334,127.609,4.2,29,70.0,0.467,0.74,us,8.12,6.673,0.152,12
-57.7441,158.499,10.0,4.2,14,124.0,3.263,0.79,us,13.53,1.931,0.141,14
-2.472,139.582,46.472,4.1,19,73.0,1.121,0.88,us,6.9,8.584,0.166,10
-32.6819,-71.8419,27.573,4.1,27,181.0,0.972,1.0,us,3.68,7.513,0.262,4
51.7974,160.3915,10.0,4.4,59,123.0,1.627,0.8,us,10.53,1.921,0.062,74
-7.1004,129.3514,147.947,4.5,37,66.0,2.619,0.61,us,8.63,8.333,0.096,32
34.9173,104.5187,10.0,4.3,26,147.0,1.235,0.84,us,8.01,1.916,0.148,13
-26.9364,179.1625,540.765,4.3,33,129.0,10.619,0.37,us,15.96,11.09,0.102,27
-10.2863,161.0221,70.115,4.3,20,133.0,1.353,0.5,us,10.45,4.188,0.137,15
7.4678,127.198,9.23,4.2,28,70.0,1.654,0.49,us,5.47,4.447,0.128,19
21.6279,99.806,10.0,4.2,18,121.0,1.49,0.73,us,6.52,1.846,0.216,6
29.2506,129.5135,10.0,4.3,26,112.0,2.393,0.72,us,8.7,1.9,0.122,19
-24.4339,179.8881,531.868,4.4,33,133.0,6.872,0.7,us,14.88,11.563,0.107,25
-16.2776,-73.1591,56.23,4.3,23,145.0,3.402,1.13,us,12.42,9.796,0.106,25
-22.636,173.3987,10.0,4.5,23,125.0,5.499,1.47,us,9.56,1.922,0.145,14
55.3756,166.5158,10.0,4.7,67,119.0,5.184,0.56,us,11.28,1.911,0.039,200
51.9328,160.4582,10.0,4.4,20,217.0,1.554,0.78,us,7.01,1.976,0.149,13
-22.8929,-66.869,236.405,4.2,16,90.0,1.209,0.74,us,13.24,12.074,0.175,9
-56.1601,-25.0535,10.0,4.9,46,69.0,6.807,0.9,us,11.1,1.901,0.083,45
52.9406,160.7209,10.0,4.9,78,125.0,1.255,0.78,us,10.43,1.878,0.026,459
-59.4233,-25.5308,34.612,4.5,26,172.0,15.307,1.01,us,12.54,7.449,0.104,27
52.3284,160.6169,10.0,4.5,41,134.0,1.385,0.66,us,11.59,1.913,0.087,39
48.9197,156.3752,10.0,5.1,120,96.0,4.276,0.67,us,6.65,1.73,0.035,263
7.7416,59.7774,10.0,4.5,53,171.0,17.445,0.74,us,8.81,1.894,0.079,47
51.7945,158.4856,55.333,4.6,18,138.0,1.235,0.87,us,11.68,7.851,0.128,18
-5.465,150.9384,103.873,4.6,34,87.0,1.581,0.71,us,10.25,8.346,0.105,27
53.2217,161.2928,10.0,4.3,41,116.0,1.605,1.38,us,8.31,1.864,0.092,34
52.6351,160.8157,10.0,4.9,77,121.0,1.37,0.85,us,8.32,1.877,0.034,274
44.3318,147.9332,94.8,4.4,21,122.0,3.844,0.88,us,10.29,6.939,0.149,15
52.3073,-169.6386,35.0,4.4,33,177.0,1.523,1.14,us,8.44,1.942,0.108,25
-3.2157,150.7963,10.0,4.9,87,71.0,1.637,0.83,us,7.6,1.862,0.064,76
52.0358,160.2686,27.232,4.6,57,111.0,1.399,0.58,us,9.48,5.641,0.08,47
-5.7781,153.7053,17.876,4.3,27,120.0,2.201,0.96,us,10.97,5.515,0.116,21
14.2674,-93.5221,10.0,4.2,73,179.0,2.408,0.66,us,8.74,1.9,0.074,51
-8.2613,107.1413,35.0,4.7,55,68.0,0.94,0.65,us,7.38,1.886,0.087,40
-22.5416,-68.7556,111.176,4.3,18,68.0,0.671,0.78,us,4.86,6.456,0.238,5
26.1892,127.0127,62.432,4.1,18,110.0,1.3,0.52,us,8.85,9.762,0.174,9
-4.8633,153.4113,60.303,5.2,80,59.0,1.412,1.21,us,7.63,4.811,0.053,116
50.6392,158.3678,35.0,4.4,50,131.0,2.394,0.92,us,10.62,1.921,0.065,69
-58.9539,-25.7335,96.92,4.9,84,67.0,7.552,0.59,us,10.77,5.595,0.064,79
52.2902,160.5002,10.0,4.9,34,67.0,1.345,0.62,us,6.96,1.854,0.122,21
-13.7828,-75.9595,53.102,4.3,20,142.0,1.981,0.82,us,7.96,9.173,0.148,13
-20.5067,-177.5749,528.326,4.2,31,101.0,4.963,0.57,us,15.94,12.534,0.11,23
49.5336,155.2825,85.549,4.1,49,138.0,3.887,0.55,us,12.97,8.156,0.067,62
2.9103,-31.5242,10.0,4.5,30,82.0,9.718,1.01,us,12.02,1.89,0.099,30
54.4454,-160.3182,19.807,4.5,114,157.0,0.573,0.52,us,5.33,5.46,0.094,33
53.3337,160.7986,35.0,4.1,22,195.0,1.33,0.5,us,9.24,1.962,0.12,19
53.5526,160.1191,61.365,4.4,56,114.0,1.029,0.57,us,10.05,7.669,0.072,55
-59.7937,-26.2061,13.731,4.4,33,115.0,15.141,1.2,us,14.39,6.361,0.097,31
51.6429,159.3992,10.0,4.3,33,127.0,1.457,0.65,us,9.7,1.641,0.087,40
53.1058,160.1384,54.452,4.5,112,117.0,0.902,0.75,us,8.44,6.654,0.051,115
54.6509,168.1775,10.0,4.2,40,141.0,4.012,0.93,us,13.23,1.948,0.081,42
37.066,141.966,44.433,4.5,56,116.0,3.06,0.58,us,9.7,5.902,0.083,42
-3.0622,146.7914,10.0,4.4,27,73.0,1.164,0.61,us,5.75,1.891,0.123,19
-8.4152,121.4124,185.872,4.4,13,85.0,1.662,0.81,us,7.63,7.816,0.19,8
13.9342,92.3481,10.0,4.2,14,214.0,6.585,0.53,us,8.19,1.963,0.215,6
-17.5392,-69.3885,151.621,4.4,18,84.0,0.101,0.8,us,5.86,6.211,0.17,11
51.6425,159.658,10.0,4.4,50,133.0,1.515,0.92,us,8.9,1.876,0.065,68
52.3073,160.3203,28.224,4.9,91,132.0,1.245,0.62,us,10.87,5.725,0.045,156
-14.5097,-73.6093,88.454,4.5,31,123.0,4.024,0.7,us,8.29,7.818,0.11,24
-8.1252,123.9131,163.011,4.2,22,92.0,1.657,0.87,us,8.28,5.919,0.124,18
51.8908,160.0848,10.0,4.7,14,222.0,1.434,0.7,us,13.92,1.977,0.159,16
10.6485,-86.425,10.0,4.3,32,177.0,1.101,0.86,us,7.1,1.942,0.08,44
51.2104,159.6003,10.0,4.6,32,155.0,1.908,0.99,us,7.65,1.938,0.114,26
36.5792,70.8055,217.6,4.4,64,78.0,2.187,0.77,us,7.69,7.1,0.054,101
-4.6213,151.0574,274.943,4.1,25,83.0,1.015,0.52,us,9.67,7.213,0.12,19
51.7307,159.8305,35.0,5.2,80,80.0,1.483,1.05,us,9.86,1.872,0.034,286
58.3774,-32.1618,10.0,4.5,66,130.0,8.209,0.5,us,11.32,1.931,0.072,57
-8.6693,127.3718,10.0,4.3,16,177.0,3.249,1.0,us,8.82,1.939,0.147,13
51.4898,159.6164,28.205,4.9,89,134.0,1.647,0.8,us,11.15,5.865,0.05,127
41.0949,43.8586,13.666,4.4,21,89.0,0.176,0.66,us,5.32,3.49,0.13,17
8.7007,126.5777,44.182,4.2,37,125.0,1.899,0.49,us,11.25,6.608,0.108,25
-31.6489,-71.5992,38.569,4.1,22,176.0,0.661,0.56,us,3.56,10.251,0.214,6
52.8141,159.5711,57.941,4.2,18,132.0,0.596,0.73,us,11.37,7.948,0.159,11
53.0652,159.4891,91.441,4.5,74,152.0,0.508,0.93,us,11.96,7.378,0.067,66
1.6196,127.2088,142.172,4.1,24,122.0,0.857,1.12,us,7.07,5.794,0.157,13
51.7321,159.309,35.0,5.5,146,111.0,1.355,0.75,us,7.24,1.887,0.021,770
1.6029,127.2081,99.575,4.0,35,89.0,3.556,0.78,us,10.0,7.708,0.11,23
-6.2536,131.5376,88.657,4.4,24,56.0,2.367,0.85,us,8.75,10.024,0.12,20
15.2311,146.0652,62.592,4.5,31,95.0,0.264,0.53,us,9.09,5.682,0.113,23
37.8913,144.1022,10.0,4.3,29,156.0,3.731,0.48,us,10.23,1.935,0.142,14
41.7454,88.5827,10.0,4.9,105,81.0,6.3,0.58,us,8.19,1.779,0.07,64
50.8443,157.1652,72.792,4.4,39,136.0,2.291,0.47,us,12.13,7.924,0.098,30
36.6497,141.0197,91.72,4.6,80,121.0,2.264,0.94,us,7.55,7.18,0.065,70
36.2044,-33.775,10.0,4.5,23,128.0,6.785,1.35,us,13.35,1.935,0.121,20
51.0961,159.8226,10.0,4.2,23,133.0,2.061,0.93,us,8.35,1.85,0.152,15
5.1276,126.8545,97.64,4.4,39,66.0,1.425,0.81,us,7.0,5.366,0.108,25
39.2592,28.3214,10.0,4.9,77,37.0,1.072,0.94,us,4.51,1.807,0.053,113
59.9692,-29.7573,10.0,4.4,22,168.0,6.191,0.62,us,13.11,1.957,0.144,14
1.5008,97.052,26.722,4.9,110,127.0,0.559,0.68,us,8.57,5.391,0.055,107
44.605,149.1421,35.0,4.6,73,143.0,4.721,0.66,us,11.54,1.925,0.072,57
52.4839,160.8309,10.0,4.2,34,145.0,1.431,0.73,us,10.85,1.941,0.115,21
52.2749,159.5159,69.945,4.4,25,179.0,0.917,0.53,us,12.67,9.197,0.103,27
51.3928,159.4716,35.0,4.2,10,207.0,1.71,1.13,us,12.95,1.996,0.199,7
52.2721,160.5301,10.0,4.4,25,214.0,1.371,0.53,us,10.69,1.98,0.127,18
11.1466,124.1035,10.0,4.5,42,99.0,4.305,0.74,us,5.36,1.872,0.104,30
49.2119,155.0136,70.014,4.4,29,127.0,4.251,0.52,us,10.86,8.537,0.143,14
-31.3288,-70.8823,96.919,4.3,26,114.0,0.161,0.65,us,3.95,5.496,0.307,3
-14.7934,167.8871,10.0,4.8,85,130.0,0.927,0.99,us,7.16,1.835,0.065,74
-0.589,-78.3584,10.0,4.6,49,98.0,0.196,1.02,us,6.98,1.878,0.047,137
-36.8923,177.6072,104.209,4.3,12,112.0,0.871,1.16,us,13.63,9.816,0.218,6
38.262,73.0607,104.769,4.3,33,183.0,0.456,0.61,us,3.67,6.16,0.142,14
43.1088,146.4001,95.025,4.1,18,192.0,2.633,1.01,us,12.8,11.275,0.185,8
30.7244,140.0531,10.0,4.7,85,99.0,2.392,0.97,us,8.81,1.836,0.066,69
1.2119,128.7123,11.376,4.2,33,77.0,3.276,0.6,us,7.63,4.926,0.118,20
15.3857,120.1378,64.159,4.9,163,73.0,7.446,0.73,us,9.97,6.392,0.045,155
54.9365,142.3856,10.0,4.2,32,96.0,6.502,0.79,us,7.91,1.869,0.113,22
52.0285,160.4338,11.523,4.8,60,88.0,1.989,0.71,us,9.26,4.902,0.073,57
37.7812,72.0809,133.289,4.3,24,128.0,0.619,0.83,us,8.25,6.79,0.16,11
-2.1389,139.5936,40.498,4.7,29,79.0,1.17,1.28,us,6.51,7.438,0.112,24
51.1013,158.6547,36.964,4.4,49,128.0,1.925,0.71,us,10.42,7.616,0.082,43
49.8313,156.5677,40.609,4.2,20,180.0,3.357,0.71,us,15.66,11.824,0.159,11
-55.2945,-27.9457,20.422,4.5,18,123.0,5.046,0.48,us,13.23,3.886,0.131,17
-3.3915,145.9476,10.0,4.6,22,71.0,1.95,0.58,us,8.09,1.775,0.141,15
17.9665,145.2986,311.505,3.9,24,135.0,2.751,0.66,us,16.14,11.579,0.128,16
84.9707,96.1307,10.0,4.8,126,26.0,11.403,0.48,us,9.99,1.884,0.054,105
-7.4895,130.0447,79.197,4.3,25,110.0,2.951,1.15,us,9.63,7.739,0.129,17
50.9192,159.0129,10.0,4.2,24,181.0,2.119,0.82,us,11.79,1.985,0.14,14
-51.5777,138.9079,10.0,4.4,12,97.0,19.785,0.67,us,18.51,1.955,0.161,11
-5.8142,152.5266,10.0,4.7,74,110.0,1.578,0.64,us,4.29,1.888,0.068,65
-4.9685,102.9052,59.367,4.7,54,92.0,0.606,0.72,us,6.0,6.574,0.092,36
29.8146,98.7907,10.0,4.1,30,138.0,6.663,1.28,us,10.46,1.971,0.117,21
-14.3933,167.1544,171.538,4.2,26,111.0,1.049,1.08,us,13.05,7.801,0.125,19
-17.8681,-178.0372,609.239,4.2,17,181.0,2.838,0.67,us,21.61,15.184,0.141,16
-5.8713,152.4003,10.0,4.5,20,154.0,1.598,0.63,us,5.62,1.923,0.145,14
-18.39,-177.7431,591.078,4.1,30,127.0,7.256,0.74,us,15.65,6.358,0.109,25
49.771,158.8063,10.0,4.6,20,229.0,3.258,0.42,us,7.12,1.931,0.151,13
50.4242,159.7308,10.0,4.4,40,136.0,2.688,0.63,us,10.98,1.918,0.065,69
-54.9048,-129.2594,10.0,5.1,31,111.0,32.639,0.88,us,13.79,1.88,0.106,29
52.6455,160.7598,10.0,4.3,31,174.0,1.335,0.53,us,7.97,1.902,0.102,27
51.7128,159.9186,25.934,4.5,22,126.0,1.526,0.71,us,11.27,6.167,0.121,20
51.0898,159.345,10.0,4.9,40,201.0,1.984,1.33,us,10.68,1.95,0.091,38
29.2813,129.4995,10.0,4.5,47,110.0,2.368,0.98,us,7.21,1.879,0.09,39
16.4171,41.5819,10.0,4.2,35,109.0,5.01,0.92,us,10.41,1.925,0.1,28
-45.9818,95.6026,10.0,4.4,21,110.0,33.553,0.61,us,8.09,1.909,0.124,19
42.0247,72.9254,10.0,4.6,62,46.0,0.698,0.53,us,3.68,1.898,0.087,39
-13.7132,167.0066,58.966,4.7,35,118.0,1.734,0.33,us,13.85,7.014,0.095,34
52.3802,160.636,33.93,4.3,16,131.0,1.369,0.64,us,9.46,6.51,0.202,8
-7.3415,122.5971,554.54,4.5,33,57.0,1.334,0.8,us,14.04,4.214,0.15,13
10.6993,-85.2721,16.868,4.3,13,113.0,0.174,0.75,us,3.31,3.708,0.064,70
-47.8048,116.0397,10.0,4.4,15,128.0,14.888,0.75,us,13.84,1.926,0.155,12
12.6049,-89.8876,10.0,4.5,96,179.0,1.294,0.6,us,6.06,1.959,0.053,103
51.5078,159.4426,35.0,4.9,109,121.0,1.594,0.7,us,7.47,1.864,0.042,175
51.1084,174.7868,10.0,3.7,69,222.0,1.678,0.6,us,8.54,1.982,0.072,49
51.3192,159.3399,29.101,4.7,108,121.0,1.759,0.68,us,8.63,5.311,0.056,97
49.7976,159.004,10.0,4.3,26,136.0,3.238,0.39,us,10.27,1.921,0.142,14
32.4189,141.7133,10.0,4.5,45,121.0,1.745,0.79,us,7.98,1.879,0.089,41
17.8208,-61.5209,26.46,4.3,38,129.0,0.294,0.79,us,5.67,5.534,0.133,16
48.8917,154.9013,60.257,5.5,299,48.0,4.767,0.76,us,9.67,4.7,0.035,278
50.0968,159.704,10.0,4.3,23,225.0,3.004,1.05,us,11.56,1.972,0.138,15
53.4033,160.4318,55.148,4.1,21,137.0,1.137,1.22,us,9.23,5.072,0.135,15
52.5879,160.8269,10.0,4.4,27,109.0,1.392,1.2,us,12.27,1.913,0.126,18
35.0254,32.4592,10.0,4.6,22,97.0,0.719,0.63,us,6.24,1.92,0.158,12
-24.5531,-70.5644,26.298,4.3,20,178.0,1.073,0.95,us,4.54,7.321,0.16,11
52.911,161.0062,33.15,4.2,23,189.0,1.43,1.22,us,12.74,9.639,0.132,16
-24.668,179.9121,513.356,4.3,92,47.0,4.949,0.77,us,11.2,7.232,0.058,92
64.5477,-17.5269,10.0,4.4,55,133.0,1.648,0.65,us,8.78,1.912,0.085,40
52.9327,160.4591,63.578,4.3,57,109.0,1.677,0.67,us,12.66,6.504,0.072,54
53.0676,159.674,59.216,4.3,64,163.0,0.62,0.75,us,13.22,8.958,0.075,50
53.6152,-166.9268,98.508,3.8,70,159.0,0.181,0.55,us,7.98,3.928,0.192,7
-24.1838,179.8728,512.792,4.2,21,121.0,6.628,0.87,us,14.61,6.49,0.141,14
6.3252,125.8064,130.338,4.2,19,102.0,0.773,1.04,us,10.74,6.994,0.152,12
38.8378,70.6248,10.0,4.8,55,84.0,1.114,0.9,us,5.4,1.878,0.079,50
-18.7255,-71.3066,25.535,4.3,13,236.0,0.981,0.98,us,6.48,8.843,0.237,5
-9.8142,118.9271,24.538,4.5,28,97.0,1.359,0.89,us,5.47,3.873,0.106,26
52.7224,161.0234,10.0,4.1,27,163.0,1.47,0.98,us,13.22,1.968,0.13,16
52.5009,160.346,35.0,5.2,84,96.0,1.156,1.25,us,8.68,1.86,0.033,294
51.5061,159.5535,35.0,4.9,65,127.0,1.618,1.14,us,8.18,1.917,0.061,83
-8.3706,117.8192,21.11,4.5,35,72.0,0.456,0.79,us,4.97,5.267,0.118,24
-6.1958,131.2517,62.978,4.3,24,92.0,2.136,0.72,us,5.21,8.289,0.154,15
9.3312,94.0146,14.446,4.5,48,64.0,5.568,0.89,us,10.38,4.525,0.09,36
51.4199,159.6794,37.108,4.4,21,153.0,1.726,0.72,us,11.12,8.499,0.149,13
52.6878,160.7325,28.431,4.3,24,126.0,1.307,0.45,us,10.46,6.691,0.129,17
49.4633,155.2257,80.982,4.3,35,133.0,3.966,0.31,us,6.13,8.468,0.114,22
52.2912,159.9371,59.125,4.2,22,122.0,1.589,1.23,us,9.97,8.148,0.142,14
52.8095,160.5549,35.0,5.2,112,42.0,1.173,0.78,us,9.14,1.831,0.023,599
24.0687,126.2927,10.0,4.8,47,136.0,1.904,0.81,us,8.44,1.91,0.071,63
2.1987,127.078,57.06,4.8,55,104.0,1.447,0.79,us,7.26,7.101,0.071,62
-55.1456,-26.382,10.0,4.6,31,177.0,5.921,0.73,us,13.96,1.906,0.109,25
51.8821,160.0998,35.0,4.4,23,137.0,1.447,0.81,us,11.12,1.951,0.127,18
51.9703,158.1461,83.176,4.5,73,133.0,1.099,0.5,us,14.64,7.143,0.062,75
42.2959,144.652,35.0,4.5,90,132.0,1.146,0.89,us,7.47,1.485,0.063,74
-54.6475,158.6203,10.0,4.6,22,128.0,0.239,0.85,us,6.41,1.947,0.141,15
-6.1815,152.1657,10.0,4.5,25,115.0,1.868,0.81,us,7.45,1.924,0.116,22
-4.7694,140.6062,10.0,4.4,21,86.0,1.782,0.82,us,5.31,1.897,0.123,19
-5.439,153.1298,10.0,4.4,33,83.0,1.57,0.76,us,9.07,1.893,0.114,24
52.8158,159.8236,54.694,4.1,26,119.0,0.74,0.59,us,11.27,6.16,0.112,22
-9.1045,125.715,10.0,4.4,21,105.0,1.568,1.12,us,7.57,1.912,0.143,15
-17.9614,-178.9021,544.976,4.5,35,131.0,2.214,0.69,us,15.46,7.447,0.124,20
51.8921,161.1957,10.0,4.4,42,127.0,1.926,0.74,us,10.58,1.909,0.098,30
0.6016,122.2017,116.082,4.1,27,74.0,1.729,1.08,us,6.9,7.682,0.127,17
51.913,159.416,35.146,4.6,28,131.0,1.207,1.29,us,9.23,7.958,0.116,22
17.6947,-94.2824,182.557,4.7,82,94.0,0.363,0.92,us,6.58,5.794,0.04,190
39.672,141.4176,96.177,4.2,27,152.0,1.148,0.65,us,8.37,7.941,0.132,16
-23.8942,179.6029,568.441,4.5,32,138.0,6.288,0.71,us,14.52,12.74,0.108,25
-2.2171,100.373,60.533,4.5,35,176.0,3.344,0.67,us,15.13,9.651,0.096,32
-8.0721,-74.4637,165.292,4.4,66,109.0,1.775,0.62,us,9.89,7.892,0.063,73
27.3994,52.6368,10.0,4.5,40,131.0,15.942,0.7,us,13.51,1.92,0.097,31
-6.362,151.5403,10.0,4.3,20,157.0,2.098,0.76,us,6.74,1.937,0.138,16
-24.2496,-68.0327,112.499,4.1,25,91.0,1.299,1.06,us,7.5,3.522,0.198,7
51.7592,159.3382,35.0,4.9,124,120.0,1.335,1.16,us,8.64,1.923,0.042,181
53.1244,161.5648,24.129,4.6,92,104.0,1.761,0.84,us,8.71,5.149,0.063,75
-38.3677,178.6045,10.0,4.9,24,196.0,0.838,0.74,us,6.57,1.943,0.169,13
-24.4031,-175.0876,10.0,5.0,34,124.0,5.449,0.89,us,14.44,1.841,0.073,60
7.3775,-78.0484,10.0,4.5,38,104.0,2.509,1.04,us,6.72,1.87,0.104,27
51.5708,159.3325,30.8,4.5,38,127.0,1.514,0.73,us,10.49,6.316,0.097,31
-20.6824,-178.8023,613.108,4.2,33,168.0,4.167,0.67,us,14.61,8.149,0.105,25
52.953,160.9277,10.0,5.3,38,118.0,1.379,0.63,us,9.37,1.889,0.118,24
42.2717,144.5511,35.46,4.8,80,133.0,1.068,1.03,us,7.51,7.204,0.029,365
-16.2769,-177.683,10.0,4.3,16,273.0,2.835,0.72,us,8.31,1.998,0.148,13
51.4867,159.6201,25.756,4.4,29,128.0,1.651,0.99,us,9.68,6.136,0.117,21
-58.3225,-24.8998,24.446,4.5,20,92.0,16.151,0.66,us,11.64,5.559,0.124,19
7.3513,127.4086,10.0,4.9,38,60.0,1.837,0.76,us,7.13,1.88,0.098,33
-19.4649,-66.7624,253.807,4.3,20,90.0,2.302,0.78,us,7.88,7.086,0.168,10
-55.5579,-123.8334,10.0,4.3,9,180.0,34.622,0.65,us,10.49,1.93,0.188,8
49.7634,155.8637,77.256,4.2,30,152.0,3.541,0.51,us,14.26,9.094,0.125,22
43.4286,148.1529,10.0,4.6,51,135.0,3.942,0.7,us,9.52,1.896,0.09,37
51.9108,160.235,35.0,4.3,20,151.0,1.477,0.97,us,10.41,1.95,0.129,17
51.043,159.0621,18.614,5.1,116,110.0,2.0,0.64,us,8.37,4.432,0.033,294
-24.1993,179.8747,520.698,4.2,41,80.0,6.644,0.79,us,15.14,7.781,0.072,54
51.3528,157.5778,69.897,4.5,30,126.0,1.76,1.15,us,12.0,8.292,0.113,23
51.8643,159.4794,58.392,4.4,48,137.0,1.267,0.58,us,7.07,6.722,0.082,48
38.736,23.6024,10.0,4.3,26,45.0,1.615,0.89,us,4.6,1.881,0.129,17
58.6208,-30.981,10.0,4.6,22,179.0,7.663,0.68,us,11.65,1.965,0.147,14
13.7989,144.8952,125.792,4.4,35,81.0,0.21,0.71,us,9.74,4.731,0.106,26
51.3679,159.5568,10.0,4.4,32,137.0,1.749,1.16,us,12.33,1.925,0.101,28
20.0468,145.7856,89.676,4.5,68,81.0,4.78,0.68,us,3.86,8.032,0.071,59
7.5157,126.9389,20.631,4.4,33,65.0,1.42,0.97,us,8.95,5.74,0.105,26
-19.3171,-177.6071,568.897,4.1,18,137.0,4.032,0.58,us,20.24,12.671,0.131,16
10.5436,-84.9311,10.0,4.7,41,82.0,0.252,0.77,us,5.97,1.923,0.072,58
26.4927,140.471,385.072,4.7,111,21.0,1.645,0.79,us,8.63,6.186,0.025,478
-4.6583,125.1727,521.228,4.3,19,73.0,2.436,0.55,us,14.82,9.922,0.16,11
-57.7392,157.6493,10.0,5.1,30,94.0,3.328,0.92,us,5.73,1.833,0.122,22
51.9812,160.3504,28.392,4.5,32,137.0,1.473,1.22,us,12.51,6.108,0.118,21
45.2191,147.2981,10.0,4.3,19,148.0,3.532,0.73,us,11.83,1.923,0.154,12
-6.2374,130.3775,121.844,4.5,47,54.0,3.787,0.67,us,7.73,8.461,0.093,34
-52.7683,22.3101,10.0,4.4,14,76.0,20.081,0.74,us,11.83,1.929,0.155,12
53.42,161.6344,10.0,4.5,51,112.0,1.838,0.92,us,8.83,1.88,0.093,34
-6.8923,125.3166,539.225,4.4,27,104.0,3.028,0.78,us,14.16,11.178,0.12,20
50.7485,158.7541,25.345,4.2,17,131.0,2.279,0.59,us,11.99,7.686,0.152,12
-41.8024,85.1846,10.0,4.9,21,53.0,12.908,0.17,us,5.93,1.9,0.136,17
52.0184,158.7075,63.28,4.2,18,123.0,1.007,0.74,us,11.29,4.098,0.128,17
9.149,93.9022,10.0,4.3,25,120.0,4.929,0.81,us,10.31,1.913,0.168,10
52.2343,159.6189,35.374,4.9,25,135.0,0.987,1.08,us,12.6,8.244,0.132,18
46.062,143.7424,342.028,4.4,63,129.0,1.124,0.64,us,6.56,5.887,0.027,385
51.5937,-175.1974,45.284,4.0,57,212.0,0.599,0.92,us,5.67,10.469,0.102,26
51.7662,160.4217,10.0,5.3,97,126.0,1.663,0.99,us,8.13,1.808,0.022,661
51.6416,-176.4803,58.164,3.7,33,198.0,0.225,0.4,us,4.87,8.395,0.178,8
60.4092,-139.5694,5.0,4.9,42,84.0,0.463,1.13,us,4.38,1.907,0.187,9
13.0045,145.5948,10.0,4.7,66,98.0,0.915,0.64,us,6.03,1.807,0.076,53
50.533,159.5682,10.0,4.4,24,138.0,2.558,0.54,us,8.17,1.875,0.155,12
52.6104,160.9417,22.815,4.9,184,116.0,1.451,0.63,us,8.36,5.283,0.035,258
-17.6827,168.3311,57.969,4.7,47,136.0,2.472,0.56,us,4.98,7.315,0.07,61
1.2189,126.3279,42.081,4.7,53,102.0,3.592,0.91,us,12.24,7.594,0.079,48
24.7784,127.8354,10.0,4.2,17,100.0,2.087,1.12,us,5.44,1.931,0.199,7
49.2422,157.7258,10.0,4.0,18,150.0,3.831,0.49,us,13.63,1.948,0.164,10
-6.2552,147.2248,64.997,4.6,46,83.0,3.13,0.48,us,8.44,7.536,0.086,40
52.2723,160.2989,23.026,4.8,86,133.0,1.79,0.57,us,11.27,5.651,0.066,72
9.6602,122.2503,10.0,4.6,35,132.0,5.803,0.88,us,9.99,1.696,0.11,25
-1.9946,138.9596,28.217,4.5,48,80.0,0.972,0.92,us,6.06,5.284,0.087,39
43.2537,146.2984,75.477,4.7,71,125.0,2.628,0.94,us,8.13,6.64,0.046,145
36.5653,70.7257,154.345,4.4,66,74.0,2.237,0.91,us,6.49,7.052,0.081,44
-11.9776,166.3038,58.458,4.3,20,145.0,3.558,0.52,us,11.87,9.12,0.142,15
-21.1656,-70.7395,20.585,4.2,23,198.0,0.647,1.09,us,5.19,7.269,0.187,8
42.7638,146.4289,35.0,4.3,31,188.0,2.536,0.49,us,3.9,1.972,0.125,18
-23.558,179.9433,535.308,4.5,56,57.0,6.048,0.46,us,5.67,7.629,0.082,44
-2.9387,129.4774,19.328,5.1,64,38.0,2.724,0.71,us,7.67,4.528,0.059,95
37.2817,-24.4706,10.0,4.6,71,56.0,0.966,0.83,us,7.78,1.857,0.051,117
-37.4977,51.9596,10.0,4.6,22,82.0,16.597,0.98,us,14.43,1.896,0.137,18
54.0971,-159.8393,10.0,4.4,57,166.0,0.75,0.75,us,4.69,1.908,0.144,14
-8.6742,112.0918,118.563,4.2,35,64.0,2.048,0.51,us,6.72,6.939,0.104,26
51.5651,159.5352,10.0,5.1,113,133.0,1.558,0.82,us,9.72,1.88,0.035,264
0.9916,120.5479,596.654,4.6,78,76.0,2.822,0.71,us,10.96,8.136,0.055,100
49.0296,157.8122,10.0,4.4,22,138.0,4.034,0.66,us,12.87,1.928,0.148,13
52.8563,160.7139,10.0,4.6,35,114.0,1.26,0.5,us,10.15,1.915,0.095,33
-9.0215,117.0613,10.0,4.2,12,102.0,0.732,0.39,us,6.48,1.932,0.216,7
1.2364,128.4832,10.0,4.0,23,145.0,1.208,0.75,us,7.3,1.61,0.157,13
50.2853,159.5098,10.0,4.4,63,135.0,2.794,0.65,us,9.23,1.565,0.071,57
39.8728,75.3488,10.0,4.2,31,147.0,1.197,0.81,us,2.3,1.91,0.141,14
21.6282,142.9336,314.719,4.2,52,71.0,5.486,0.57,us,11.23,7.819,0.05,111
-0.9102,-13.7831,10.0,4.9,23,73.0,6.999,0.95,us,8.28,1.649,0.136,18
2.0052,127.1018,49.412,4.4,25,142.0,1.253,0.66,us,6.12,10.127,0.139,15
-21.6058,-179.1001,575.623,4.1,26,104.0,4.685,0.47,us,15.25,11.615,0.116,20
-5.646,151.7832,35.0,4.5,23,118.0,1.352,0.41,us,4.66,1.924,0.144,14
51.1568,157.7994,66.119,4.2,53,127.0,1.942,0.81,us,9.63,7.195,0.086,38
52.2122,160.634,16.666,4.5,75,150.0,1.457,0.81,us,9.44,5.513,0.071,58
43.1447,146.5868,36.519,4.8,71,132.0,2.773,0.59,us,8.15,7.233,0.051,118
29.6473,142.1455,22.472,4.9,208,65.0,2.542,0.41,us,7.04,4.435,0.039,219
52.0782,160.1514,10.0,4.2,20,124.0,1.817,0.97,us,11.26,1.934,0.141,15
42.8324,146.8576,10.0,4.2,13,192.0,2.859,1.17,us,8.77,1.985,0.216,6
-23.6315,-179.0609,393.102,4.1,29,116.0,6.45,0.81,us,9.17,7.784,0.117,20
-55.3861,-129.7475,10.0,4.5,25,54.0,30.722,0.75,us,14.22,1.845,0.127,18
7.128,126.8718,35.0,4.5,33,130.0,1.284,1.19,us,10.16,1.942,0.104,27
51.6429,160.2175,10.0,4.2,17,149.0,1.684,0.78,us,10.82,1.975,0.167,13
-35.5154,179.0807,10.0,4.1,13,245.0,2.136,0.61,us,12.65,2.004,0.214,6
51.1346,158.9957,35.0,4.3,19,129.0,1.904,1.1,us,9.11,1.954,0.153,12
43.9036,147.5989,59.817,4.1,21,190.0,3.618,0.78,us,6.47,10.772,0.145,13
2.3547,127.2403,104.912,4.3,31,144.0,1.577,0.81,us,6.96,7.92,0.094,32
-27.913,-176.985,81.261,4.5,13,245.0,1.565,0.44,us,15.06,10.743,0.14,15
-49.1395,124.9343,10.0,4.5,20,67.0,16.718,0.8,us,13.54,1.899,0.131,19
36.5615,71.0773,199.491,4.2,57,95.0,2.584,0.58,us,5.17,8.594,0.09,34
-47.8647,116.0413,10.0,4.4,21,141.0,14.948,0.74,us,15.26,1.92,0.13,17
51.683,159.9053,29.48,4.6,35,127.0,1.548,0.7,us,10.21,5.771,0.085,47
52.5607,158.8308,75.31,4.2,31,133.0,0.476,0.77,us,8.91,6.536,0.107,24
-29.4335,-179.1442,334.44,4.6,54,134.0,8.722,0.71,us,14.02,6.866,0.071,60
-48.8483,123.8442,10.0,4.9,19,79.0,16.658,0.73,us,13.16,1.871,0.144,15
52.159,160.2778,44.436,4.5,50,162.0,1.317,0.52,us,10.53,7.134,0.086,40
-37.7905,50.0346,10.0,4.4,24,72.0,8.739,0.54,us,10.94,1.872,0.12,20
-0.1008,123.016,82.215,4.2,26,79.0,0.966,0.65,us,7.17,6.962,0.166,11
50.6857,157.0186,64.782,4.3,49,135.0,2.463,0.48,us,11.1,7.612,0.094,32
6.0139,127.5901,10.0,4.5,32,61.0,2.257,0.4,us,9.69,1.835,0.113,23
29.2727,129.4856,10.0,4.5,93,108.0,2.381,0.53,us,3.2,1.859,0.062,81
36.7989,74.5496,10.0,4.7,77,84.0,2.231,0.73,us,9.58,1.841,0.062,79
52.7231,160.6649,10.0,4.7,112,118.0,1.258,0.89,us,8.22,1.874,0.051,115
50.6818,157.4806,79.903,4.4,19,135.0,2.434,0.49,us,10.02,7.854,0.19,8
-32.1463,-71.879,32.307,4.0,27,141.0,0.774,0.68,us,5.25,5.755,0.299,3
53.0926,159.7756,75.658,4.8,178,137.0,0.683,0.55,us,9.77,5.807,0.036,244
53.4351,161.5246,10.0,4.1,31,137.0,1.777,0.74,us,11.09,1.911,0.107,24
52.8666,161.03,10.0,5.1,92,72.0,1.449,0.77,us,5.57,1.76,0.03,350
51.9077,-177.3059,10.0,4.7,28,71.0,0.069,1.07,us,3.07,1.92,0.12,24
52.3124,160.2713,10.0,4.4,72,113.0,1.217,0.8,us,9.09,1.874,0.052,106
-17.5198,167.8604,49.537,4.3,11,114.0,2.155,0.7,us,10.41,6.571,0.217,6
7.0882,127.5859,10.0,4.0,21,96.0,1.992,0.56,us,5.14,1.836,0.164,11
52.1506,160.1533,28.342,4.4,43,106.0,1.267,0.92,us,9.75,5.661,0.095,32
9.452,-40.4419,10.0,4.3,19,77.0,12.847,1.1,us,11.42,1.876,0.148,13
51.6296,159.8964,35.211,4.2,20,152.0,1.592,0.73,us,10.52,8.099,0.166,13
50.7367,157.8674,35.0,4.5,27,138.0,2.341,0.63,us,10.62,1.723,0.113,23
28.4953,87.3902,10.0,4.3,43,115.0,1.989,0.44,us,9.81,1.901,0.083,41
-15.8374,166.9705,10.0,4.1,8,146.0,0.448,0.17,us,6.38,1.892,0.369,2
-8.9372,124.2452,72.183,4.2,9,143.0,0.813,0.74,us,12.04,9.687,0.235,5
-59.3645,-25.6066,35.0,4.7,22,174.0,7.841,0.93,us,14.73,1.981,0.126,20
51.9769,161.8628,10.0,4.2,51,120.0,2.226,0.88,us,8.62,1.904,0.071,60
-34.9999,179.4743,132.368,4.7,55,86.0,2.726,1.29,us,10.19,7.663,0.078,50
51.5233,159.93,10.0,4.3,23,167.0,1.696,0.84,us,7.72,1.957,0.129,17
30.0282,131.1112,35.0,4.6,73,136.0,1.581,0.84,us,7.27,1.918,0.071,59
52.3704,160.4888,10.0,4.2,19,212.0,1.296,1.33,us,9.24,1.96,0.158,11
50.9212,158.8723,10.0,4.4,51,130.0,2.11,0.79,us,9.61,1.901,0.084,41
52.2594,158.0752,10.0,5.3,66,119.0,0.842,1.04,us,8.04,1.881,0.076,59
39.0297,70.638,10.0,4.5,80,79.0,1.007,1.08,us,4.09,1.856,0.07,60
-57.1929,-67.9056,10.0,4.3,25,164.0,2.271,0.53,us,12.28,1.971,0.122,19
29.0846,86.7036,10.0,4.5,26,164.0,3.909,0.71,us,9.68,1.889,0.124,19
-23.0953,-67.9696,155.337,4.6,29,46.0,0.24,0.93,us,7.05,3.17,0.123,20
-19.989,-177.8639,430.41,4.4,39,164.0,4.371,0.5,us,16.46,10.15,0.089,36
-14.6748,166.828,10.0,4.4,23,139.0,0.849,0.76,us,9.23,1.926,0.126,18
-10.466,161.2937,72.158,4.7,109,99.0,1.674,0.63,us,10.72,6.742,0.053,113
-5.1529,147.9095,10.0,4.4,32,67.0,3.136,0.66,us,5.65,1.608,0.115,22
52.3265,160.298,20.77,5.0,83,110.0,1.222,1.07,us,8.67,5.352,0.033,295
13.774,39.9181,10.0,4.1,36,91.0,3.625,0.67,us,8.61,1.911,0.097,30
49.7864,156.7986,35.0,4.1,23,133.0,3.374,1.13,us,10.35,1.937,0.158,11
52.2171,-173.6219,10.0,3.6,65,171.0,0.293,0.67,us,5.11,1.397,0.167,9
14.2504,145.3742,107.108,4.4,44,72.0,1.058,0.64,us,10.64,7.304,0.095,32
51.5401,161.1661,10.0,4.3,31,129.0,2.144,0.55,us,10.39,1.926,0.107,25
-13.6113,170.6978,629.972,4.4,45,93.0,3.845,0.56,us,14.79,9.159,0.081,44
-24.1879,-66.7496,182.238,5.0,75,48.0,1.798,1.11,us,8.94,6.031,0.022,663
50.2297,158.3352,29.28,4.1,14,232.0,2.805,0.61,us,10.21,8.114,0.213,6
36.5754,70.7776,126.714,4.1,46,91.0,2.203,0.93,us,6.83,8.654,0.135,16
6.09,94.9211,10.0,4.5,40,107.0,2.19,0.72,us,8.14,1.851,0.106,27
29.3327,129.291,10.0,4.5,42,66.0,2.39,0.72,us,7.23,1.893,0.106,30
39.3432,72.9033,10.0,4.1,33,130.0,0.866,1.15,us,3.0,1.937,0.14,14
-23.9298,-179.5432,420.002,4.4,38,107.0,5.487,0.52,us,14.9,5.832,0.087,38
50.1491,156.2297,78.017,4.3,51,135.0,3.101,0.41,us,12.38,8.273,0.076,49
29.1427,66.5577,10.0,4.5,98,87.0,5.787,0.55,us,9.62,1.836,0.066,68
13.0289,145.1814,37.03,4.5,34,165.0,0.635,0.56,us,8.71,8.281,0.11,24
52.0653,160.4067,10.0,4.8,75,150.0,1.439,1.06,us,5.83,1.912,0.047,143
51.4297,159.7233,20.16,4.4,23,138.0,1.727,1.22,us,11.97,6.97,0.144,14
0.9867,125.647,78.407,4.0,19,105.0,3.725,0.85,us,7.4,9.608,0.183,11
49.746,155.8336,57.438,5.0,93,66.0,3.563,0.81,us,10.59,5.753,0.027,429
52.7151,160.8644,10.0,5.3,113,160.0,1.377,0.73,us,11.32,1.928,0.056,105
-24.2597,179.3171,532.852,4.6,26,151.0,6.589,0.78,us,14.27,9.932,0.103,28
50.1144,155.7598,98.906,4.4,41,135.0,3.232,0.59,us,10.81,7.747,0.097,31
-6.6097,154.7994,25.472,5.0,87,62.0,3.558,0.42,us,8.68,4.448,0.057,100
-8.2455,107.3798,35.0,4.6,42,97.0,0.823,0.83,us,5.43,1.905,0.1,31
52.5708,160.764,10.0,4.3,25,166.0,1.361,0.75,us,11.37,1.968,0.119,20
-17.0714,-174.113,132.07,4.4,34,99.0,3.865,1.13,us,9.66,6.558,0.105,26
7.8181,127.0853,25.599,4.4,23,115.0,1.669,0.46,us,10.18,4.973,0.13,17
52.4419,160.6186,26.448,4.5,97,132.0,1.331,0.65,us,9.16,5.702,0.054,102
1.4483,127.1465,110.645,4.3,27,79.0,2.306,0.4,us,10.13,8.467,0.126,18
50.1568,157.6586,26.396,4.5,51,144.0,2.936,0.67,us,13.13,6.343,0.083,43
52.0672,160.318,35.0,4.6,33,135.0,1.398,0.97,us,7.94,1.919,0.093,36
23.6208,100.6849,10.0,4.4,28,81.0,2.535,1.02,us,9.13,1.901,0.143,15
52.7127,160.8119,10.0,4.1,17,251.0,1.347,0.89,us,7.55,1.997,0.151,12
-17.5347,-178.4236,530.45,4.4,59,77.0,2.358,0.67,us,13.86,8.549,0.061,76
-60.5345,-26.9609,10.0,4.6,36,84.0,14.683,0.77,us,11.49,1.898,0.091,36
29.3393,129.4194,10.0,4.8,39,109.0,2.34,0.85,us,7.37,1.888,0.105,30
-54.5739,157.0698,10.0,4.5,22,88.0,1.093,1.14,us,5.95,1.767,0.119,21
50.0408,159.4326,10.0,4.2,34,229.0,3.027,0.81,us,11.78,1.98,0.108,24
-38.691,177.2285,47.612,4.4,32,142.0,0.208,0.83,us,4.85,4.317,0.12,20
-6.5081,143.433,10.0,4.2,38,99.0,3.878,0.79,us,9.16,1.885,0.102,27
-23.6271,-66.6297,214.992,4.5,81,46.0,1.575,0.99,us,9.86,7.277,0.062,76
28.2086,130.9833,10.0,4.6,50,130.0,2.389,0.45,us,4.8,1.871,0.093,35
49.8668,155.6986,76.128,4.4,53,137.0,3.478,0.44,us,12.19,7.553,0.067,68
51.4177,159.5689,39.035,5.2,184,110.0,1.705,0.55,us,7.22,5.598,0.027,441
51.2802,159.4809,10.0,4.4,28,221.0,1.819,1.02,us,8.16,1.965,0.12,20
49.1392,156.1917,74.573,4.5,22,183.0,4.086,0.59,us,13.27,9.616,0.15,13
39.3658,143.4878,39.126,4.3,23,134.0,2.34,0.85,us,4.24,7.647,0.153,13
52.3212,160.5594,10.0,4.9,58,104.0,1.359,0.53,us,6.51,1.852,0.058,94
29.3407,129.3771,10.0,4.5,40,109.0,2.352,0.66,us,7.79,1.901,0.11,24
-9.9186,121.7796,35.0,4.7,33,78.0,1.352,0.99,us,5.33,1.901,0.099,31
42.0733,142.5545,58.43,4.3,72,91.0,0.453,0.51,us,7.11,7.526,0.072,54
18.7106,145.5349,210.582,3.8,25,148.0,3.459,0.47,us,11.56,9.547,0.12,18
34.9162,32.494,10.0,4.0,27,108.0,0.689,1.0,us,6.06,1.959,0.119,19
50.238,157.55,35.0,4.6,80,135.0,2.872,0.91,us,9.83,1.883,0.063,75
6.6892,126.6242,101.687,4.4,27,127.0,1.104,0.99,us,6.12,7.603,0.123,20
14.8937,146.2361,82.858,4.5,103,102.0,0.547,0.87,us,8.44,6.076,0.057,90
79.448,4.4962,10.0,4.2,26,177.0,1.503,1.01,us,10.76,1.94,0.121,19
51.9912,161.2552,10.0,4.1,17,126.0,1.898,0.93,us,5.97,1.943,0.165,10
51.1723,159.6536,10.0,4.2,19,231.0,1.955,1.05,us,11.36,1.957,0.147,13
-32.1642,-70.1888,102.522,4.2,24,93.0,0.671,0.49,us,6.2,2.011,0.186,8
52.4082,160.9779,10.0,4.7,16,138.0,1.544,0.75,us,13.12,1.936,0.159,12
-23.9343,-66.7161,195.058,4.5,31,58.0,1.662,0.92,us,4.69,8.338,0.121,20
-41.1294,-91.2628,10.0,4.8,59,142.0,13.568,0.66,us,13.2,1.898,0.077,52
-17.9008,-69.3494,150.639,4.3,20,94.0,0.334,0.71,us,5.27,4.51,0.177,9
31.2753,131.465,52.787,4.3,19,233.0,0.897,0.72,us,9.07,11.117,0.142,14
52.1538,159.7305,38.226,5.0,238,35.0,1.092,0.59,us,7.07,5.009,0.032,313
28.8164,128.5836,147.312,4.5,45,66.0,1.992,0.77,us,5.41,8.149,0.077,50
51.7493,16.2011,5.0,3.8,28,87.0,2.046,0.64,us,6.32,1.966,0.254,4
51.6259,159.5998,10.0,4.9,91,98.0,1.516,0.59,us,7.63,1.837,0.047,141
52.8522,160.8574,10.0,4.7,25,143.0,1.347,1.14,us,8.78,1.86,0.159,12
52.6651,160.8154,47.196,4.1,51,134.0,1.362,1.07,us,11.82,7.493,0.084,39
7.0627,127.1014,10.0,5.1,63,51.0,1.511,1.22,us,6.53,1.792,0.046,153
52.48,160.2774,35.0,4.4,57,163.0,1.129,0.94,us,10.11,1.864,0.07,59
49.2429,156.3237,36.446,4.9,66,134.0,3.966,0.94,us,9.88,7.13,0.043,172
30.8218,50.4361,10.0,5.1,94,46.0,5.752,0.79,us,7.11,1.791,0.038,230
-22.5857,-179.736,567.806,4.2,15,108.0,5.244,0.66,us,19.56,12.129,0.166,10
-15.2575,-73.3321,87.16,4.9,48,133.0,4.217,0.86,us,9.19,7.141,0.039,201
50.0007,159.5453,10.0,4.2,16,208.0,3.078,0.27,us,11.38,1.998,0.177,9
51.4482,158.8543,59.136,4.0,24,167.0,1.583,0.5,us,11.97,9.001,0.13,17
-20.9109,-178.572,590.807,4.8,63,54.0,4.48,0.84,us,10.36,6.532,0.034,270
-24.1591,-67.1015,183.203,4.1,24,102.0,1.556,0.7,us,9.43,9.832,0.212,6
-19.4544,-70.2198,38.372,4.3,18,170.0,0.816,0.53,us,2.54,13.703,0.237,5
-3.2928,140.7137,48.87,4.0,12,168.0,0.773,0.53,us,9.26,19.11,0.173,9
22.9464,96.0654,10.0,4.0,25,110.0,3.662,0.85,us,11.75,1.9,0.144,13
-29.6146,-176.6915,10.0,4.6,12,133.0,8.955,0.85,us,13.4,1.902,0.193,8
29.6596,129.7262,10.0,4.5,43,115.0,1.947,0.94,us,7.48,1.898,0.104,27
32.4181,140.0522,145.105,4.7,150,105.0,0.724,0.54,us,8.07,5.604,0.036,231
53.2628,159.8955,61.396,4.2,23,116.0,0.788,1.16,us,10.14,7.889,0.146,13
16.476,40.9347,10.0,4.5,49,127.0,3.834,1.31,us,13.05,1.946,0.08,46
49.9782,158.4247,10.0,4.6,114,135.0,3.053,0.6,us,8.29,1.882,0.055,101
-22.7014,171.0287,10.0,4.0,8,262.0,3.31,0.57,us,13.06,2.017,0.3,3
49.9413,158.4115,10.0,4.3,18,151.0,3.09,0.67,us,12.57,1.956,0.147,13
2.7226,-76.7369,10.0,4.4,47,155.0,2.253,0.55,us,8.29,1.956,0.093,33
-22.2626,-179.5415,603.486,4.5,53,73.0,5.031,0.68,us,12.02,8.25,0.076,50
48.8544,156.0836,10.0,4.9,69,134.0,4.38,0.87,us,11.62,1.893,0.046,150
51.1772,159.7684,10.0,4.6,45,135.0,1.973,0.93,us,8.15,1.756,0.082,44
-4.39,153.0537,10.0,4.6,29,119.0,0.909,1.33,us,7.13,1.889,0.129,26
-59.2055,-17.2326,10.0,4.7,27,188.0,11.645,0.73,us,15.36,1.986,0.113,24
52.0828,161.7033,10.0,4.1,20,125.0,2.089,0.77,us,10.29,1.918,0.175,9
-20.0941,-69.0459,110.96,4.2,22,64.0,0.111,0.55,us,5.66,4.453,0.167,10
-21.1435,-11.4638,10.0,4.6,15,90.0,27.317,0.87,us,15.86,1.918,0.146,14
-6.7457,129.7117,145.274,4.1,13,81.0,4.565,1.22,us,11.76,9.514,0.233,5
16.0294,-96.5603,37.287,4.1,45,163.0,0.506,0.78,us,3.71,12.45,0.097,29
-21.2646,169.4783,10.0,4.3,23,112.0,2.315,1.04,us,9.32,1.598,0.129,17
52.1436,160.4931,26.649,4.7,118,122.0,1.429,0.64,us,8.45,5.192,0.054,105
-21.926,-68.5995,113.773,4.2,24,116.0,0.61,0.61,us,4.35,5.87,0.132,16
-21.6274,-179.4628,606.97,4.4,29,169.0,4.516,0.3,us,12.74,10.182,0.114,22
-2.1181,139.0391,35.0,4.8,59,56.0,1.018,0.79,us,5.81,1.848,0.097,41
-30.6608,-71.6774,21.946,4.2,31,148.0,0.039,1.19,us,4.28,3.237,0.187,8
12.7869,-89.8868,10.0,4.3,40,224.0,1.113,1.22,us,7.11,1.926,0.087,38
35.3651,57.3311,10.0,4.5,60,165.0,7.579,0.76,us,9.54,1.937,0.078,49
51.4441,159.7871,10.0,4.9,81,124.0,1.729,0.97,us,8.36,1.873,0.047,143
29.3983,129.3391,10.0,4.5,37,93.0,2.313,0.64,us,8.7,1.864,0.09,39
-19.2736,-69.0855,2.139,4.3,17,173.0,0.406,0.86,us,2.74,5.255,0.189,8
13.9328,144.7317,163.462,4.1,29,94.0,0.366,0.4,us,10.16,4.771,0.119,19
37.992,22.1357,10.0,4.3,16,99.0,0.829,0.91,us,4.05,1.956,0.217,6
-22.8719,-179.4342,535.764,4.4,41,93.0,9.65,0.82,us,15.78,10.13,0.086,39
19.3729,-109.0451,10.0,4.3,20,123.0,1.873,0.81,us,9.31,1.94,0.096,31
-32.9948,-72.8305,10.0,4.4,24,146.0,0.994,0.95,us,5.52,1.903,0.268,4
42.8127,146.4565,35.0,4.2,18,209.0,2.57,1.07,us,11.23,1.99,0.2,7
-24.3338,-67.2404,157.946,4.1,28,91.0,1.623,0.96,us,9.78,8.792,0.123,18
22.1306,143.7965,107.584,4.4,47,114.0,5.156,0.6,us,13.3,8.331,0.088,43
-6.3713,130.135,153.574,4.9,90,42.0,1.851,0.77,us,7.55,6.766,0.05,126
45.7316,153.756,10.0,4.1,33,138.0,7.708,0.77,us,10.64,1.882,0.12,21
52.583,159.8435,35.0,4.6,33,119.0,0.848,1.14,us,8.55,1.738,0.103,28
46.8285,20.1452,13.94,4.1,30,126.0,1.104,0.74,us,6.63,3.136,0.157,11
52.9244,161.1829,10.0,4.3,20,188.0,1.535,1.13,us,11.05,1.991,0.133,16
10.5024,126.4064,10.0,4.4,18,145.0,5.805,0.85,us,10.05,1.836,0.17,10
-57.8059,157.7149,34.854,5.3,55,47.0,3.386,0.62,us,12.17,4.106,0.093,39
50.1851,177.445,10.0,3.6,40,256.0,1.678,0.56,us,7.04,2.006,0.114,19
52.1095,161.5346,10.0,4.3,19,125.0,1.984,0.72,us,10.39,1.932,0.177,9
-6.5211,154.6133,10.0,4.1,20,97.0,6.025,0.84,us,9.75,1.791,0.14,15
63.6746,-23.2381,10.0,4.3,55,100.0,1.363,0.79,us,8.72,1.927,0.071,56
52.7385,159.7381,49.707,4.2,38,161.0,0.719,0.57,us,9.95,7.177,0.1,28
-10.2715,161.2607,108.087,5.0,82,33.0,1.536,0.72,us,9.51,4.987,0.046,233
52.7677,160.8657,36.205,4.2,46,134.0,1.367,0.94,us,12.14,7.923,0.093,32
49.722,156.7413,35.0,4.8,71,135.0,3.444,0.84,us,11.21,1.921,0.048,133
52.6449,160.052,35.0,4.2,20,143.0,0.931,0.94,us,8.51,1.977,0.146,13
13.7233,40.5146,10.0,4.4,27,111.0,3.847,1.0,us,7.47,1.933,0.096,31
-61.8937,-64.6163,10.0,5.2,87,68.0,2.903,0.71,us,11.23,1.75,0.063,83
31.6492,138.1785,378.015,3.8,34,89.0,2.013,0.72,us,10.35,8.974,0.114,20
-41.2658,-88.2075,10.0,4.6,35,149.0,13.352,0.34,us,14.84,1.688,0.097,32
-7.1001,129.3331,171.476,4.3,23,72.0,2.623,0.82,us,9.63,9.758,0.129,17
29.639,81.421,10.0,4.6,76,45.0,8.445,0.76,us,9.45,1.886,0.076,51
5.3113,94.4019,42.621,4.9,62,97.0,2.536,0.8,us,8.84,7.467,0.071,62
49.338,158.004,10.0,4.5,37,165.0,3.713,0.89,us,10.67,1.922,0.106,27
51.5793,161.3969,10.0,4.3,39,129.0,2.222,0.44,us,10.96,1.927,0.058,85
34.4204,140.2268,114.964,4.1,29,135.0,1.347,0.48,us,10.52,8.881,0.127,17
53.6341,159.6268,10.0,4.2,17,131.0,0.847,0.81,us,9.32,1.953,0.167,13
54.5199,-159.9284,40.907,4.2,83,156.0,0.369,0.95,us,6.72,9.531,0.158,11
-22.9061,-66.7678,213.249,4.2,20,113.0,1.302,1.06,us,10.3,8.258,0.159,11
52.1061,160.6091,10.0,4.2,11,159.0,1.508,0.4,us,12.12,1.965,0.216,6
-6.6663,126.6796,466.147,4.1,32,76.0,3.852,0.56,us,8.66,8.686,0.109,23
52.3318,160.5016,35.0,4.6,36,122.0,1.874,1.01,us,10.91,1.939,0.093,34
-5.7436,153.0613,10.0,4.7,32,139.0,1.783,0.61,us,9.25,1.914,0.11,25
52.177,160.5133,28.637,4.9,161,123.0,1.418,0.79,us,8.66,5.249,0.037,227
-7.09,131.3784,10.0,4.3,14,116.0,2.942,0.67,us,9.58,1.948,0.187,8
53.1411,160.224,62.626,4.6,83,117.0,1.522,0.61,us,10.07,7.441,0.06,84
36.5232,-4.5893,58.514,4.4,29,78.0,3.022,0.97,us,7.16,7.924,0.11,24
52.9382,160.4617,35.0,4.3,26,208.0,1.099,1.21,us,7.12,2.0,0.129,17
43.4728,147.9039,44.501,4.4,41,134.0,3.787,0.54,us,12.98,8.205,0.088,37
51.8928,160.4765,10.0,4.4,45,165.0,1.591,0.84,us,8.9,1.936,0.092,34
49.9298,157.2372,34.618,4.7,70,135.0,3.196,0.54,us,11.76,5.72,0.041,177
-12.2244,166.753,199.013,4.4,45,68.0,3.233,0.78,us,12.11,7.012,0.098,30
14.5403,-90.7044,7.442,4.2,28,128.0,0.2,0.47,us,5.31,6.004,0.128,17
52.4658,161.0192,10.0,4.4,84,122.0,1.545,0.98,us,8.58,1.887,0.063,73
4.8375,126.4906,58.92,4.7,46,126.0,1.014,0.92,us,8.66,8.089,0.086,41
-10.9716,165.9331,71.837,4.6,28,144.0,6.085,0.45,us,13.27,8.761,0.116,22
39.4297,143.4333,10.0,4.6,137,134.0,2.268,0.72,us,6.61,0.909,0.05,120
-3.2855,141.142,24.139,4.5,15,209.0,0.882,0.72,us,7.48,7.315,0.156,12
52.3404,160.6815,10.0,4.3,30,149.0,1.413,0.71,us,9.39,1.949,0.122,19
52.1778,160.2185,35.0,4.1,20,166.0,1.278,0.66,us,10.05,1.949,0.166,12
29.211,129.4627,10.0,4.5,19,135.0,2.445,1.07,us,6.44,1.92,0.157,12
24.7847,121.6803,55.785,4.1,24,58.0,0.251,1.04,us,4.21,4.8,0.174,9
52.6161,160.8295,10.0,4.4,54,175.0,1.384,0.61,us,10.0,1.952,0.076,50
51.4533,-176.2775,35.0,3.7,49,201.0,0.417,0.61,us,3.97,1.997,0.19,7
-30.2772,-179.524,299.918,4.2,27,176.0,7.486,0.73,us,15.77,11.158,0.11,23
30.0057,142.5793,10.0,4.4,38,157.0,2.92,0.96,us,9.82,1.919,0.101,28
51.6114,159.5838,25.735,4.5,64,115.0,1.526,1.16,us,8.6,5.421,0.067,64
54.1281,-159.7374,10.0,3.6,108,166.0,0.71,0.82,us,4.94,1.943,0.151,11
26.6404,126.1932,142.521,4.3,56,56.0,1.87,1.07,us,8.46,7.689,0.084,40
4.2511,128.4043,10.0,4.6,79,55.0,2.955,0.73,us,7.11,1.864,0.072,58
5.9851,-77.569,10.0,4.3,21,126.0,3.426,1.3,us,8.78,1.939,0.126,18
58.6644,126.4766,10.0,4.4,28,120.0,3.734,0.77,us,9.76,1.894,0.13,17
51.5883,-175.28,40.995,4.0,51,150.0,0.565,0.48,us,4.85,8.852,0.074,49
55.2758,109.8148,10.0,4.1,19,86.0,4.614,0.56,us,10.55,1.948,0.157,12
51.3143,159.0421,37.142,4.3,34,137.0,1.729,0.82,us,10.1,7.891,0.102,27
26.0221,128.3885,10.0,4.3,23,79.0,0.817,1.2,us,5.63,1.259,0.142,14
50.4731,158.818,10.0,4.6,82,132.0,2.556,0.75,us,5.69,1.687,0.041,179
49.1287,154.6678,93.079,4.3,33,125.0,4.418,0.42,us,7.93,8.578,0.116,21
41.0271,143.0895,44.935,4.8,72,134.0,0.988,0.89,us,6.45,7.13,0.059,89
37.2072,141.1066,51.068,4.4,29,134.0,2.416,0.62,us,4.33,8.448,0.13,17
14.9206,144.7328,17.607,4.1,12,120.0,1.069,0.95,us,11.35,5.422,0.197,7
51.8244,159.2093,42.795,4.0,21,137.0,1.249,0.31,us,13.15,7.971,0.125,17
36.7263,25.8016,10.0,4.1,26,133.0,1.611,0.75,us,5.93,1.936,0.175,9
51.0086,158.7706,37.597,5.0,35,122.0,2.019,0.7,us,9.13,7.855,0.105,29
34.9601,104.6772,10.0,4.6,54,92.0,1.277,0.52,us,9.78,1.894,0.083,43
53.5708,160.0185,75.701,4.0,18,163.0,1.466,0.35,us,14.07,10.262,0.156,11
18.49,145.7644,212.268,4.1,12,156.0,3.231,0.89,us,17.41,12.205,0.213,6
52.3892,160.8127,10.0,4.2,21,160.0,1.461,0.8,us,11.14,1.97,0.153,12
44.1613,17.5248,10.0,3.7,22,78.0,0.636,0.53,us,4.62,1.942,0.356,2
37.94,141.7557,69.722,4.4,26,151.0,2.895,0.52,us,7.18,8.607,0.162,11
52.5233,160.802,10.0,4.5,51,134.0,1.4,0.83,us,11.13,1.912,0.07,59
-17.6935,168.1372,28.476,4.4,14,188.0,2.407,0.78,us,9.67,6.77,0.179,9
-47.2927,-13.4534,10.0,4.5,20,86.0,10.252,1.38,us,12.69,1.622,0.145,18
-57.6622,157.525,10.0,4.6,52,50.0,3.269,0.72,us,10.88,1.748,0.114,23
-23.5503,-179.7992,549.106,4.4,39,117.0,5.932,0.8,us,13.18,8.384,0.089,36
-7.9744,130.3851,10.0,4.6,32,115.0,3.462,0.87,us,8.48,1.806,0.105,27
52.6102,160.8792,35.0,4.6,37,116.0,1.415,0.73,us,9.36,1.929,0.099,30
-18.3541,-71.4343,56.74,4.3,23,157.0,1.038,0.69,us,8.6,8.931,0.132,16
-15.0592,168.0246,10.0,4.7,25,216.0,0.882,1.04,us,8.21,1.92,0.133,19
39.3041,143.5875,10.0,5.2,88,97.0,2.439,0.64,us,6.83,1.86,0.044,172
51.331,160.1171,10.0,4.6,22,135.0,1.921,0.96,us,11.88,1.921,0.133,17
49.2367,154.7314,84.212,4.1,28,137.0,4.302,0.51,us,12.02,4.06,0.123,18
2.8177,127.1504,45.667,4.4,33,47.0,2.044,0.9,us,6.37,5.459,0.123,19
49.8707,157.7339,10.0,4.8,106,134.0,3.209,0.75,us,10.52,1.889,0.056,100
53.5339,159.9458,72.524,4.0,48,134.0,0.931,0.46,us,12.21,7.763,0.077,46
49.7666,157.604,10.0,4.5,41,134.0,3.326,0.42,us,11.75,1.895,0.093,34
-47.8636,116.0066,10.0,4.5,23,93.0,14.948,0.67,us,14.62,1.904,0.135,16
51.4017,159.6648,19.591,5.0,67,121.0,1.74,0.83,us,9.66,5.108,0.076,56
-6.7394,150.8719,10.0,4.6,41,124.0,2.676,0.76,us,9.98,1.885,0.103,28
50.4088,157.936,10.0,4.5,37,134.0,2.656,1.01,us,12.58,1.907,0.057,92
-16.0175,-177.2411,429.605,4.4,67,111.0,3.287,0.96,us,14.44,7.336,0.077,49
13.9164,144.6392,195.36,4.1,23,100.0,0.394,0.45,us,10.12,5.731,0.135,15
-35.0762,-107.1542,10.0,5.0,99,151.0,8.141,0.37,us,12.82,1.891,0.045,161
44.9615,149.5849,35.0,4.2,12,195.0,5.069,1.21,us,14.04,2.007,0.186,8
53.4486,161.446,26.986,4.8,106,115.0,1.734,0.81,us,8.46,5.303,0.035,252
51.4766,159.5266,41.306,4.2,18,128.0,1.64,1.0,us,11.56,8.502,0.159,11
50.1614,158.9455,10.0,4.4,39,134.0,2.872,0.79,us,9.87,1.905,0.098,30
-20.7731,-174.2402,10.0,4.6,21,141.0,4.395,0.9,us,8.85,1.943,0.122,20
-23.0872,-114.409,10.0,4.4,20,81.0,6.109,0.2,us,18.66,1.891,0.162,11
-4.6036,104.5146,170.303,4.6,115,33.0,0.554,1.05,us,7.35,4.422,0.057,91
50.6683,157.9862,29.132,5.0,218,98.0,2.394,0.51,us,9.67,4.539,0.041,193
50.3702,158.9085,10.0,4.5,124,71.0,2.662,0.47,us,9.53,1.884,0.053,104
53.0062,161.3204,10.0,4.2,26,118.0,1.613,1.24,us,10.75,1.915,0.107,24
51.1875,159.7868,10.0,4.4,27,125.0,1.968,1.38,us,8.84,1.94,0.13,19
51.8198,161.2018,10.0,4.2,35,120.0,1.973,1.02,us,10.62,1.922,0.092,34
52.9914,161.2738,12.541,4.7,50,118.0,1.586,1.22,us,9.24,5.052,0.09,38
-21.4938,168.8872,10.0,4.3,14,260.0,1.74,0.61,us,11.61,2.004,0.201,9
28.9429,76.8282,10.0,4.1,28,279.0,9.568,0.57,us,11.04,1.998,0.139,14
49.2029,155.5603,64.406,4.5,53,137.0,4.136,0.65,us,11.64,7.942,0.069,61
12.6711,120.8885,10.0,4.3,29,124.0,15.703,0.56,us,14.67,1.939,0.119,20
51.3443,159.8402,10.0,4.7,22,153.0,1.834,0.91,us,11.13,1.968,0.184,9
52.3669,160.3972,28.123,4.6,55,122.0,1.25,1.22,us,8.34,5.632,0.076,53
31.352,50.2291,10.0,4.2,37,146.0,5.271,0.45,us,10.71,1.945,0.113,22
-48.8913,-8.8268,10.0,4.6,21,101.0,23.021,0.84,us,14.31,1.939,0.117,22
49.6348,157.3719,35.0,4.4,24,137.0,3.484,0.77,us,13.16,1.951,0.112,23
50.9647,160.1123,10.0,4.6,34,138.0,2.251,0.6,us,10.09,1.894,0.116,22
51.4746,159.3602,35.0,4.2,35,135.0,1.611,0.7,us,10.96,1.937,0.106,25
50.2022,158.6381,10.0,4.6,50,133.0,2.825,1.03,us,9.0,1.889,0.062,77
-3.4207,148.8309,10.0,4.6,27,76.0,2.003,0.84,us,6.96,1.87,0.116,22
50.3547,156.5142,74.738,4.4,143,83.0,2.854,0.78,us,11.24,5.419,0.045,141
51.2092,158.9113,10.0,4.0,41,128.0,1.824,0.96,us,9.56,1.904,0.1,27
6.5559,125.4557,213.272,4.6,57,57.0,0.525,1.12,us,8.45,3.441,0.06,84
36.8827,71.2557,107.854,4.7,140,63.0,1.73,0.63,us,6.32,6.74,0.052,113
51.1575,-177.6196,47.552,3.9,38,225.0,0.624,0.6,us,5.97,13.638,0.148,12
52.1464,161.3074,10.0,4.1,36,179.0,1.844,1.1,us,10.68,1.963,0.078,46
51.5905,-80.3757,10.838,4.1,37,76.0,3.801,0.76,us,10.47,5.962,0.084,39
9.4795,-84.2616,10.0,4.0,17,193.0,0.363,0.72,us,3.42,1.972,0.183,8
33.4962,71.9641,10.0,4.3,27,99.0,4.825,0.91,us,5.12,1.919,0.133,17
52.7532,160.5753,35.0,4.5,77,134.0,1.198,0.67,us,9.73,1.916,0.052,111
43.8555,147.7179,31.247,4.4,30,189.0,3.708,0.7,us,11.65,9.045,0.127,18
41.4754,83.8183,10.0,4.4,32,111.0,3.704,1.01,us,6.25,1.912,0.139,15
-2.9646,127.3166,46.359,4.1,30,48.0,4.459,0.59,us,7.33,9.652,0.144,13
-55.6948,-28.0794,34.514,5.4,118,39.0,5.044,0.7,us,10.25,3.717,0.059,100
30.2332,103.1203,10.0,4.3,35,92.0,5.515,0.69,us,9.03,1.908,0.109,24
-23.0795,-174.9504,10.0,4.7,30,100.0,6.153,0.57,us,13.66,1.889,0.108,26
-16.2377,-174.0399,73.612,4.6,38,90.0,3.181,0.66,us,10.98,7.834,0.093,34
52.7995,160.6735,35.0,4.4,61,119.0,1.246,0.76,us,10.32,1.927,0.067,65
49.2129,157.8451,10.0,4.3,22,137.0,3.849,0.48,us,12.31,1.919,0.153,12
52.2334,160.1285,38.225,4.3,25,123.0,1.199,0.68,us,9.79,7.469,0.125,19
51.254,160.4877,10.0,4.2,22,150.0,2.103,0.75,us,11.02,1.957,0.146,13
52.6078,160.3815,38.482,4.8,99,127.0,1.13,0.75,us,10.83,6.964,0.053,111
52.5778,160.9712,10.0,4.4,20,150.0,1.478,1.19,us,10.32,1.885,0.149,13
15.6541,-94.0004,70.035,4.3,56,133.0,1.66,0.68,us,6.8,11.851,0.056,90
-22.9354,-174.8459,10.0,4.9,36,121.0,6.867,0.43,us,8.08,1.849,0.106,28
53.2112,159.6603,64.082,4.6,54,116.0,0.637,0.84,us,10.64,7.589,0.054,101
-59.2708,-25.9853,35.0,4.3,18,177.0,15.551,0.71,us,12.0,1.957,0.133,16
0.211,126.6873,111.21,4.5,40,72.0,4.651,0.68,us,8.62,8.323,0.095,32
-35.6554,-179.5727,10.0,4.6,26,146.0,2.556,1.05,us,10.64,1.952,0.125,19
-12.4359,167.0004,233.458,4.2,51,128.0,3.0,0.66,us,13.6,7.738,0.079,45
52.1695,160.1852,35.0,4.4,49,186.0,1.268,1.1,us,11.9,1.962,0.082,43
38.0063,72.4454,111.81,4.2,41,140.0,0.308,0.62,us,5.38,4.382,0.122,19
9.2305,93.9309,10.0,4.5,44,101.0,5.638,0.57,us,12.54,1.892,0.091,35
52.2116,160.7926,10.0,4.3,26,178.0,1.539,0.77,us,6.19,1.942,0.122,19
52.3284,160.0652,32.112,5.0,69,113.0,1.108,0.54,us,9.45,5.667,0.073,60
-49.249,125.2247,10.0,4.7,24,134.0,16.559,0.83,us,12.56,1.912,0.117,22
53.1638,160.0687,43.696,4.2,26,137.0,0.867,0.68,us,11.96,5.222,0.128,17
51.9108,159.2399,35.0,5.2,45,124.0,1.171,1.25,us,7.4,1.909,0.091,40
52.5183,159.2832,78.18,4.5,43,162.0,0.636,0.77,us,11.48,7.47,0.091,35
14.3234,-92.6674,35.0,4.6,81,139.0,0.893,0.72,us,6.14,1.943,0.038,205
50.0183,157.3638,10.0,4.4,44,164.0,3.101,0.68,us,7.08,1.867,0.097,31
29.3572,129.4546,9.968,4.7,93,112.0,2.312,0.48,us,7.04,4.066,0.062,78
52.9322,158.8783,100.073,4.8,101,107.0,0.165,0.65,us,9.12,5.537,0.029,370
30.2518,79.4611,25.331,4.3,22,177.0,9.893,0.78,us,12.89,6.51,0.138,15
28.4389,53.1078,10.0,4.0,16,168.0,4.447,1.0,us,9.29,1.971,0.144,13
7.3014,126.7542,95.82,4.3,30,148.0,1.188,0.67,us,11.64,7.92,0.109,24
51.7739,160.9882,10.0,4.3,13,155.0,1.902,0.9,us,12.16,1.952,0.238,7
53.3085,159.6693,71.816,4.5,177,128.0,0.677,0.72,us,9.69,6.384,0.043,163
43.4164,145.9902,110.62,4.7,110,134.0,2.514,0.63,us,9.19,7.404,0.057,94
49.6988,158.8076,10.0,5.1,86,88.0,3.331,1.25,us,8.62,1.81,0.049,138
52.6529,159.7852,73.655,4.1,18,141.0,0.782,0.68,us,12.58,8.445,0.151,12
53.4429,160.7084,47.29,4.3,24,161.0,1.307,1.03,us,14.06,8.53,0.129,17
-28.0218,-177.4728,66.397,4.4,20,250.0,1.283,0.79,us,12.8,10.135,0.135,16
-55.7247,-26.3445,10.0,5.0,41,91.0,6.013,0.56,us,11.65,1.79,0.089,41
51.5022,-168.5208,10.0,3.4,41,219.0,1.484,0.61,us,6.6,1.987,0.148,11
-12.1351,167.293,288.191,4.8,57,104.0,3.293,0.65,us,11.36,7.871,0.043,170
41.0658,83.2521,10.0,4.5,40,107.0,3.051,0.61,us,9.13,1.905,0.127,18
29.2265,129.1585,10.0,4.7,51,86.0,2.507,1.19,us,5.33,1.745,0.118,31
50.15,158.3772,10.0,4.2,15,165.0,2.883,0.71,us,10.73,1.962,0.199,9
-28.925,-71.4305,37.147,4.3,28,159.0,0.645,0.93,us,4.0,9.454,0.201,7
-17.8989,-172.9236,10.0,4.5,49,59.0,3.075,1.01,us,9.03,1.861,0.081,51
58.9706,-30.6676,10.0,4.5,69,81.0,7.28,0.49,us,9.39,1.882,0.073,55
52.6115,160.9347,10.0,4.2,35,149.0,1.447,0.98,us,10.34,1.956,0.106,25
27.2988,52.8065,10.0,4.0,34,115.0,3.85,0.58,us,6.9,1.88,0.113,21
51.3629,159.5807,10.0,4.4,36,128.0,1.759,0.85,us,7.14,1.895,0.121,21
-33.632,-70.3934,106.948,4.4,39,87.0,0.143,0.43,us,5.96,4.722,0.127,19
-19.6384,-177.7592,585.953,4.2,89,122.0,4.164,1.01,us,14.71,8.249,0.059,80
51.3111,-169.0059,10.0,4.2,55,185.0,1.543,0.55,us,6.68,1.937,0.085,39
52.0422,160.4615,10.0,4.1,50,135.0,1.48,0.62,us,9.95,1.835,0.086,37
18.6747,120.637,28.121,4.7,53,118.0,4.143,1.0,us,12.14,5.902,0.077,51
-21.2138,-178.8106,583.314,4.4,86,58.0,4.545,0.85,us,12.81,6.656,0.055,96
-23.3029,-176.97,151.949,4.5,26,165.0,7.233,0.7,us,13.86,8.08,0.124,20
51.1201,157.8945,68.211,4.9,200,115.0,1.962,0.6,us,5.72,6.27,0.032,301
25.8597,59.9821,10.0,4.1,28,219.0,3.536,0.54,us,9.72,1.893,0.114,21
61.1314,-28.1208,10.0,4.5,46,82.0,4.773,1.17,us,10.76,1.922,0.063,74
52.0317,161.5645,10.0,4.2,37,138.0,2.039,0.53,us,11.95,1.909,0.103,26
31.1981,49.525,10.0,4.0,21,239.0,5.045,0.59,us,11.43,2.01,0.149,12
50.1868,157.2929,35.0,5.5,113,77.0,2.935,0.78,us,8.49,1.888,0.025,535
52.895,159.8513,65.03,5.0,188,77.0,0.738,0.69,us,8.97,5.078,0.024,539
28.8711,129.9377,10.0,4.5,35,179.0,2.507,0.79,us,7.02,1.917,0.09,36
51.5882,160.6574,10.0,4.3,26,229.0,1.893,0.69,us,13.56,1.983,0.122,19
19.102,145.697,145.203,4.1,28,141.0,3.841,0.4,us,9.76,9.129,0.106,24
-30.154,-177.7973,10.0,5.0,82,69.0,8.067,0.93,us,12.33,1.806,0.059,93
-5.5859,152.3863,10.0,4.3,25,114.0,1.32,0.9,us,6.99,1.617,0.119,20
52.8863,159.8201,64.213,5.1,94,74.0,0.721,0.76,us,7.55,5.384,0.045,160
-21.7616,-68.6791,119.777,4.2,28,49.0,0.524,0.78,us,7.6,3.818,0.125,18
-36.2016,-73.7556,18.668,4.2,33,199.0,1.946,0.58,us,8.73,6.156,0.186,8
52.1842,160.3934,10.0,4.5,47,121.0,1.355,1.33,us,8.48,1.902,0.094,35
52.5395,160.7864,10.0,5.3,207,88.0,1.385,0.61,us,7.35,1.799,0.036,258
-7.3522,128.1259,162.077,4.6,34,93.0,4.501,0.83,us,10.2,1.428,0.099,30
43.5908,147.6524,35.0,4.7,66,137.0,3.663,1.11,us,11.59,1.929,0.062,79
3.35,-84.1606,10.0,4.6,70,99.0,5.673,0.83,us,9.07,1.948,0.075,52
-55.3723,-28.0188,10.0,4.3,13,114.0,5.017,0.48,us,15.55,1.922,0.188,8
36.0705,28.4808,44.648,4.2,40,61.0,0.324,0.79,us,5.11,6.057,0.096,30
52.7787,160.924,10.0,4.6,74,119.0,1.399,0.95,us,6.06,1.744,0.063,75
31.3221,138.4064,364.323,4.4,138,55.0,2.149,0.65,us,8.3,7.236,0.049,125
-23.5226,-179.7744,558.917,4.7,103,74.0,5.934,0.75,us,12.51,5.869,0.038,210
-8.0664,117.9992,214.174,4.5,26,98.0,0.788,0.79,us,9.39,6.791,0.14,15
52.7127,160.8514,10.0,4.3,24,148.0,1.37,0.68,us,9.72,1.932,0.161,11
52.2323,160.3528,41.044,4.4,22,166.0,1.839,0.69,us,14.39,9.801,0.12,20
7.2614,126.6133,83.566,4.2,43,90.0,1.044,0.59,us,9.45,8.609,0.102,31
36.8209,45.0167,10.0,4.0,23,72.0,0.224,0.68,us,7.19,1.966,0.13,16
50.3305,156.5299,76.383,4.3,57,137.0,2.875,0.58,us,11.84,7.935,0.078,47
-18.6178,-177.9971,530.181,4.9,158,30.0,3.292,0.69,us,9.13,4.181,0.027,427
6.5814,94.2449,87.227,4.3,33,111.0,3.005,1.0,us,13.49,4.944,0.114,22
-0.8623,134.0695,26.063,4.4,39,72.0,0.653,0.55,us,5.65,5.23,0.095,35
-17.1353,-178.6975,532.874,4.2,38,174.0,1.963,1.29,us,16.68,9.994,0.1,28
48.1893,153.2737,140.047,4.5,155,117.0,5.671,0.63,us,10.71,7.202,0.043,157
27.9119,-111.9133,10.0,4.0,31,111.0,0.658,0.52,us,4.47,1.968,0.119,20
39.3435,73.5168,10.0,4.1,20,112.0,1.167,0.68,us,3.13,1.864,0.261,4
52.429,160.7348,10.0,5.3,197,51.0,1.401,0.5,us,7.56,1.765,0.04,213
51.2851,159.4375,20.422,4.5,42,138.0,1.807,1.03,us,11.04,4.364,0.097,31
39.4639,142.7562,35.0,4.8,65,128.0,1.853,0.85,us,7.39,1.909,0.051,121
-15.1257,-173.7287,126.869,4.2,12,137.0,6.777,0.62,us,11.35,8.028,0.216,7
35.4105,141.059,34.941,4.5,47,137.0,2.511,0.82,us,7.55,6.425,0.109,25
34.5873,70.7146,10.0,4.4,53,142.0,1.306,0.65,us,8.39,1.894,0.082,42
33.2997,13.8032,10.0,4.2,49,104.0,2.6,0.76,us,8.22,1.909,0.087,39
51.7049,-173.5296,55.873,3.8,29,183.0,1.615,0.62,us,3.67,11.622,0.147,12
-22.8674,171.6726,10.0,4.4,13,129.0,3.909,0.93,us,6.98,1.919,0.239,5
51.9529,160.3445,36.582,4.5,79,159.0,1.491,0.74,us,9.9,8.076,0.05,116
7.4181,127.2014,12.696,4.2,27,132.0,1.646,0.69,us,11.3,4.935,0.11,23
49.1029,156.2714,35.486,4.5,111,136.0,4.11,0.65,us,10.19,5.682,0.056,98
84.7431,5.4117,10.0,4.1,18,103.0,4.063,1.31,us,8.21,1.955,0.151,12
53.304,161.252,10.0,4.9,98,188.0,1.592,0.53,us,10.11,1.891,0.055,104
40.7972,142.1268,58.921,4.3,30,148.0,0.806,0.56,us,5.3,8.019,0.129,17
-5.3622,153.4537,35.0,4.4,24,94.0,1.767,0.42,us,5.68,1.918,0.12,20
-36.0151,-73.8568,19.688,4.1,30,200.0,1.995,1.23,us,7.46,8.714,0.198,7
-0.5362,119.6582,10.0,4.2,17,135.0,1.985,1.0,us,9.04,1.942,0.147,13
50.5238,156.6281,82.242,4.1,12,207.0,2.672,0.31,us,12.12,16.74,0.214,6
39.3411,93.4557,10.0,4.5,64,107.0,8.795,0.74,us,10.28,1.886,0.069,61
5.6678,126.4752,99.491,4.5,86,45.0,1.359,0.82,us,5.04,6.114,0.066,74
52.6221,161.0414,10.0,4.8,34,121.0,1.506,0.83,us,10.25,1.913,0.103,29
-30.7111,-71.4192,45.361,4.0,24,183.0,0.609,0.96,us,4.2,10.422,0.259,4
2.9943,127.6714,97.541,4.5,49,67.0,2.229,0.95,us,7.95,6.871,0.09,36
43.3095,146.1939,35.0,4.3,23,200.0,2.586,0.61,us,7.24,2.009,0.142,15
50.2314,88.1222,10.0,5.0,93,46.0,3.508,0.78,us,7.85,1.833,0.03,366
29.1445,57.9672,10.0,4.4,74,62.0,4.468,0.48,us,9.43,1.862,0.065,67
10.0457,125.8534,87.356,4.7,60,114.0,2.969,0.68,us,10.6,7.251,0.054,104
51.3318,158.3493,81.115,4.0,28,166.0,1.704,0.82,us,11.56,9.024,0.118,20
28.1878,51.7175,10.0,4.4,41,84.0,5.154,0.69,us,8.94,1.91,0.127,18
-5.8278,-50.5412,10.0,4.6,29,70.0,0.799,1.03,us,4.13,1.902,0.078,49
52.1579,160.5211,10.0,4.2,24,162.0,1.433,1.15,us,10.48,1.964,0.113,22
5.7863,126.1918,102.636,4.9,77,46.0,1.265,1.14,us,6.7,6.638,0.047,140
-7.1081,129.8647,150.626,4.6,45,93.0,2.569,0.72,us,9.31,8.425,0.093,34
36.7754,72.9519,10.0,4.9,68,79.0,1.579,0.98,us,7.46,1.853,0.063,79
31.0285,141.8237,10.0,4.4,25,140.0,2.691,0.27,us,7.58,1.912,0.148,13
9.4441,93.9067,10.0,4.2,28,120.0,5.16,0.76,us,11.7,1.911,0.124,21
52.7306,160.6623,10.0,5.1,51,165.0,1.254,1.19,us,11.88,1.933,0.05,130
29.3256,129.5979,10.0,4.5,50,112.0,2.298,0.37,us,5.49,1.886,0.089,37
-23.9974,-66.5944,194.469,4.5,45,69.0,1.789,1.23,us,9.64,7.639,0.046,141
-55.7478,-27.1303,35.0,5.3,82,72.0,5.58,0.51,us,10.73,1.898,0.063,83
42.1257,144.7242,35.0,4.2,16,183.0,1.172,1.07,us,8.16,1.981,0.215,6
41.7821,143.6015,37.308,4.7,68,76.0,0.405,0.62,us,5.97,5.997,0.044,157
52.6014,160.4716,44.27,4.1,22,137.0,1.184,1.09,us,10.84,7.579,0.165,11
46.1122,53.3512,10.0,4.2,37,168.0,2.643,0.47,us,5.16,1.838,0.089,35
38.8057,141.7486,94.269,4.5,51,123.0,2.05,0.98,us,8.08,7.43,0.094,33
28.1367,131.1038,10.0,4.4,31,138.0,2.31,0.93,us,7.13,1.89,0.138,15
-59.5973,-26.3589,109.83,5.2,168,26.0,7.679,0.56,us,10.88,4.464,0.05,132
54.61,-160.2111,35.0,3.8,26,197.0,0.423,1.0,us,6.01,2.009,0.208,8
49.6283,158.5194,10.0,4.3,33,136.0,3.401,0.75,us,11.06,1.894,0.116,21
-16.6946,-173.5112,38.319,4.8,35,88.0,3.233,0.97,us,6.9,8.072,0.104,29
52.5153,158.3911,10.0,4.1,12,134.0,0.533,0.78,us,7.54,1.849,0.198,7
-2.3276,134.1553,5.054,4.6,20,61.0,0.559,0.31,us,5.76,5.258,0.133,17
-9.2397,124.1181,101.893,4.5,22,111.0,0.533,0.83,us,8.17,2.855,0.156,12
37.4873,142.0501,45.246,4.4,34,149.0,3.216,1.1,us,4.76,9.275,0.117,21
19.0323,145.9364,145.324,4.3,22,114.0,3.773,1.02,us,15.52,1.401,0.126,18
-8.7327,118.3244,142.165,3.9,25,86.0,0.55,0.88,us,6.58,5.235,0.195,7
41.7831,82.422,10.0,4.5,36,87.0,2.477,1.21,us,8.74,1.699,0.115,22
14.2339,-93.3683,30.717,4.1,27,196.0,1.497,1.31,us,7.64,9.909,0.12,19
-16.7089,-177.4388,10.0,5.1,33,127.0,3.068,1.21,us,13.2,1.874,0.092,43
52.1862,160.3937,35.0,4.8,53,123.0,1.884,0.85,us,10.08,1.923,0.08,49
-19.1418,168.564,62.778,4.3,19,146.0,3.608,0.65,us,10.61,8.923,0.16,14
19.2908,39.2095,10.0,4.5,32,74.0,6.831,0.91,us,11.04,1.916,0.082,43
41.2616,142.4348,56.471,4.6,39,133.0,1.139,0.75,us,9.3,7.925,0.091,36
33.6428,139.4938,10.0,4.7,63,102.0,0.59,0.66,us,5.4,1.888,0.089,38
16.5347,-59.5172,10.0,4.5,43,217.0,1.493,0.79,us,7.99,1.958,0.109,25
-5.5332,152.3009,10.0,4.5,29,150.0,1.34,1.01,us,10.3,1.918,0.135,23
52.1171,-169.4631,35.0,4.6,94,178.0,0.689,0.98,us,5.23,1.93,0.062,76
50.5782,160.0052,10.0,4.3,55,125.0,2.589,0.72,us,8.43,1.901,0.081,43
-16.6568,175.7747,10.0,4.4,23,100.0,2.431,0.82,us,11.99,1.911,0.131,19
45.6032,26.3657,136.431,4.1,42,51.0,0.316,1.22,us,7.38,6.332,0.131,17
7.1728,126.9407,58.939,4.8,38,96.0,1.355,0.81,us,10.06,6.776,0.116,23
51.2567,159.4751,10.0,4.3,36,137.0,1.841,0.43,us,11.11,1.926,0.111,23
50.7426,160.2086,10.0,4.2,41,133.0,2.833,0.72,us,6.53,1.757,0.102,27
54.5414,-159.9198,20.655,4.1,67,157.0,0.348,1.07,us,4.72,6.144,0.157,11
-11.071,163.6473,10.0,4.5,14,208.0,3.986,0.86,us,14.83,2.002,0.15,13
49.9381,157.3568,10.0,4.2,35,138.0,3.182,0.66,us,10.88,1.447,0.104,26
-26.5905,178.7837,550.873,4.0,19,76.0,3.948,0.83,us,15.62,11.917,0.139,14
52.2758,161.193,10.0,4.2,16,123.0,1.721,0.85,us,6.3,1.911,0.158,11
-15.173,-175.2777,17.564,4.7,62,52.0,3.61,0.86,us,6.9,11.512,0.063,76
34.6092,70.8142,10.0,4.1,13,213.0,1.389,0.67,us,7.08,1.982,0.145,13
51.5272,177.4469,50.409,4.1,44,125.0,0.82,0.8,us,6.6,8.041,0.097,29
3.8907,127.1954,42.911,4.5,43,106.0,1.905,0.35,us,4.37,7.538,0.099,30
-26.6063,-114.6182,10.0,4.6,20,176.0,38.883,0.52,us,12.3,1.88,0.132,17
51.5757,-177.3094,59.129,3.8,50,183.0,0.192,0.65,us,5.4,7.752,0.086,35
1.4953,127.242,123.663,4.3,60,79.0,0.729,0.69,us,6.94,6.9,0.077,48
-5.702,-81.2004,10.0,5.1,142,62.0,3.753,0.52,us,11.13,4.23,0.048,140
-23.1952,-179.7067,582.437,4.0,17,129.0,5.815,0.74,us,18.23,14.213,0.164,10
9.3798,93.9613,10.0,4.6,21,81.0,5.626,0.74,us,12.16,1.9,0.151,13
48.8687,155.8315,40.029,4.3,33,135.0,4.406,0.32,us,12.12,8.231,0.099,29
-12.5691,-71.1653,10.0,4.7,78,53.0,4.723,0.75,us,8.58,1.808,0.047,140
-18.0362,-177.9854,582.74,4.1,36,109.0,2.964,0.71,us,14.28,4.77,0.101,27
52.817,159.7294,62.698,4.0,38,161.0,0.685,0.71,us,9.71,6.814,0.096,29
-20.3797,-177.6424,513.179,4.5,50,98.0,4.806,0.89,us,14.75,9.452,0.084,42
0.2823,122.0762,188.972,4.1,21,69.0,1.488,0.54,us,6.59,6.338,0.151,12
52.622,160.711,39.84,4.1,25,120.0,1.314,0.72,us,11.35,8.053,0.114,21
-30.8453,-71.233,59.005,4.5,53,105.0,0.386,0.77,us,4.26,4.29,0.125,19
12.9724,40.9803,10.0,4.3,34,123.0,2.32,0.64,us,5.38,1.916,0.116,21
50.9849,158.6593,35.0,5.4,61,81.0,2.042,0.57,us,6.5,1.634,0.092,40
6.3683,126.3743,95.618,4.5,50,112.0,1.053,0.94,us,6.28,6.793,0.081,44
29.504,130.5768,35.0,4.8,119,106.0,2.002,0.67,us,7.13,1.887,0.058,92
52.299,160.5772,10.0,4.9,128,117.0,1.38,1.11,us,8.16,1.871,0.038,249
-57.5946,157.9058,38.39,4.5,25,100.0,3.158,0.85,us,11.18,8.813,0.128,18
41.4963,143.0188,45.008,4.0,53,134.0,0.528,0.56,us,7.36,8.415,0.092,33
2.9711,-31.3085,10.0,4.5,34,90.0,20.039,0.96,us,9.83,1.647,0.099,30
49.7363,155.8618,66.471,4.4,62,132.0,3.567,0.67,us,11.58,7.125,0.046,133
5.6485,61.4693,10.0,4.2,21,243.0,23.501,0.85,us,18.48,2.011,0.141,14
44.7743,148.4408,78.22,4.2,69,135.0,4.238,0.55,us,9.16,6.66,0.071,58
9.7865,-70.7547,10.0,4.1,21,93.0,0.905,0.97,us,8.36,1.926,0.166,10
-5.0562,151.1592,141.886,4.2,34,93.0,1.14,0.72,us,11.26,3.116,0.1,28
-6.1547,151.4009,10.0,4.5,20,162.0,2.093,0.78,us,10.63,1.949,0.1,33
-58.924,-26.18,104.768,4.2,17,110.0,15.906,0.35,us,13.65,7.927,0.128,17
51.5465,16.2354,5.0,4.3,54,43.0,1.199,0.81,us,4.37,1.884,0.087,37
-22.8648,-68.8907,102.385,4.5,48,68.0,0.662,0.88,us,4.86,6.228,0.063,75
-59.7567,-26.8249,37.676,5.1,47,78.0,15.325,0.59,us,9.98,4.894,0.067,72
-56.5041,-26.4071,57.704,4.4,27,93.0,6.16,0.64,us,13.23,9.39,0.108,25
-62.9489,-162.833,10.0,5.0,28,104.0,17.691,1.02,us,13.23,1.877,0.117,23
57.5424,-33.1445,10.0,4.5,110,127.0,9.197,0.56,us,10.58,1.924,0.055,97
54.1583,-161.3362,35.0,3.3,18,205.0,1.222,0.78,us,5.36,1.982,0.183,7
7.0351,127.1939,10.0,5.1,85,43.0,1.603,0.85,us,6.21,1.858,0.051,123
51.0072,159.2361,20.95,4.5,29,138.0,2.052,0.86,us,9.21,6.506,0.11,24
50.9821,159.8999,10.0,4.3,28,126.0,2.186,0.5,us,8.72,1.905,0.122,19
52.3277,161.5303,10.0,4.4,21,135.0,1.887,0.62,us,13.76,1.941,0.134,16
53.1767,159.5028,73.319,4.6,101,107.0,0.537,0.58,us,10.14,6.443,0.047,137
53.0026,159.6915,39.905,4.4,25,141.0,1.207,0.65,us,11.48,8.332,0.115,22
53.0173,159.5249,73.11,4.3,24,173.0,0.529,0.63,us,10.78,8.829,0.129,17
52.3776,160.505,10.0,4.4,23,134.0,1.301,0.85,us,12.65,1.918,0.124,19
-17.3134,-69.466,177.241,4.2,17,215.0,0.275,1.22,us,10.34,4.643,0.186,8
-7.8045,123.329,10.0,4.9,49,68.0,2.149,0.7,us,4.67,2.426,0.096,39
50.3691,157.1711,49.468,4.5,51,134.0,2.763,0.65,us,11.05,7.209,0.087,39
7.603,126.9087,35.051,4.1,40,68.0,1.421,0.97,us,3.31,6.694,0.097,29
-6.2975,130.4813,125.809,4.6,44,69.0,3.79,0.67,us,10.11,8.041,0.09,37
51.2698,159.6813,10.0,4.5,54,137.0,1.868,0.98,us,10.75,1.909,0.083,43
52.1142,160.4031,39.866,4.3,36,167.0,1.926,0.77,us,5.62,8.82,0.096,31
-57.6969,157.4795,33.873,5.1,69,41.0,3.309,0.54,us,4.74,3.912,0.102,31
39.4537,143.482,10.0,4.4,22,144.0,2.284,0.66,us,8.96,1.938,0.149,13
52.5473,160.8152,10.0,4.1,14,220.0,1.399,0.68,us,7.12,2.005,0.174,9
-31.6409,-69.4685,109.83,4.2,22,64.0,0.687,0.98,us,4.21,7.783,0.237,5
51.8356,159.3006,35.0,4.3,55,119.0,1.255,0.63,us,9.02,1.923,0.057,86
-55.3643,-28.0803,10.0,4.4,15,117.0,4.981,0.65,us,10.45,1.93,0.178,9
65.8944,-37.5295,10.0,4.5,47,131.0,5.365,0.88,us,9.09,1.931,0.052,107
-17.6558,-178.7958,540.547,4.1,26,139.0,14.691,0.71,us,14.25,8.975,0.109,23
51.7415,158.6828,63.654,4.1,26,102.0,1.284,0.74,us,5.2,7.893,0.127,17
14.0437,-89.8349,6.145,4.2,16,128.0,0.151,1.08,us,2.31,7.138,0.263,4
36.5032,70.7409,210.52,4.0,36,88.0,2.278,0.57,us,7.87,8.772,0.119,19
-17.6887,168.1436,42.788,4.4,18,188.0,2.404,0.76,us,10.74,7.922,0.155,12
14.3209,144.2649,10.0,4.1,15,121.0,0.934,0.32,us,6.43,1.862,0.174,9
38.9786,141.3484,66.321,4.1,22,149.0,1.822,0.88,us,9.08,9.548,0.214,8
52.3837,160.7363,10.0,4.3,32,151.0,1.422,1.16,us,6.12,1.924,0.113,22
13.2819,95.8494,20.36,4.3,18,103.0,3.365,0.3,us,10.01,5.877,0.169,11
50.6711,157.8204,35.0,4.9,58,93.0,2.411,0.85,us,4.38,1.891,0.055,104
51.8676,160.1839,30.71,4.3,19,125.0,1.49,0.42,us,10.86,6.286,0.119,20
29.2716,129.1199,10.0,4.9,44,127.0,2.51,1.08,us,9.35,1.85,0.041,187
51.381,159.7404,10.0,4.4,35,137.0,1.777,1.12,us,9.9,1.856,0.109,24
53.5814,-164.1676,45.308,3.3,28,209.0,1.022,0.44,us,2.66,12.045,0.241,4
37.7624,144.1926,10.0,4.3,35,136.0,3.876,1.03,us,10.32,1.915,0.122,19
-1.8823,140.7671,10.0,4.7,64,59.0,0.631,0.56,us,5.72,1.864,0.075,54
52.1915,160.2069,10.0,4.3,21,166.0,1.783,0.64,us,8.88,1.913,0.148,13
51.8277,159.1275,48.446,4.4,63,125.0,1.233,1.08,us,8.75,6.98,0.059,82
51.3919,157.5509,61.529,4.6,34,120.0,1.721,0.67,us,10.26,8.292,0.105,27
40.5052,19.8876,10.0,4.3,29,66.0,0.841,0.86,us,5.03,1.905,0.105,26
52.0605,161.1599,10.0,4.3,26,125.0,1.811,1.04,us,10.66,1.917,0.142,15
14.6594,-94.3057,10.0,4.1,21,203.0,2.06,0.75,us,5.47,1.966,0.175,9
-6.793,125.5299,460.078,4.1,19,132.0,7.721,0.97,us,15.87,11.46,0.145,13
-24.3335,69.3889,10.0,4.3,32,74.0,7.205,0.54,us,12.42,1.877,0.113,22
50.1081,159.6599,10.0,4.3,26,228.0,2.987,0.66,us,9.79,1.955,0.133,16
-0.5026,135.7253,10.0,4.6,32,80.0,1.843,0.43,us,4.36,1.875,0.105,27
52.157,160.4571,10.0,4.6,42,123.0,1.403,0.96,us,9.12,1.87,0.082,44
56.4972,121.0314,10.0,4.0,32,141.0,5.549,0.64,us,10.36,1.936,0.116,20
52.9538,160.7893,10.0,4.5,58,117.0,1.295,0.74,us,9.4,1.88,0.068,63
50.3673,156.5662,81.153,4.1,27,135.0,2.834,0.62,us,13.15,8.484,0.117,20
-18.3895,-178.1832,623.109,4.4,49,121.0,3.011,0.75,us,14.57,9.299,0.086,39
23.9741,90.5388,10.0,4.1,19,188.0,4.894,0.87,us,8.64,1.956,0.173,9
-17.758,-176.8844,385.124,4.1,32,91.0,3.801,0.94,us,8.66,7.059,0.114,21
24.5928,122.0668,62.593,4.3,61,51.0,0.599,0.57,us,3.59,4.669,0.091,38
7.2614,126.9935,77.33,4.9,51,115.0,1.416,0.78,us,9.66,7.455,0.08,49
50.2323,159.6843,10.0,4.3,40,135.0,2.868,0.68,us,7.86,1.715,0.098,29
52.2305,160.6079,10.0,5.0,140,76.0,1.433,0.64,us,7.78,1.827,0.042,185
1.0344,97.1099,10.0,4.7,69,139.0,2.45,0.44,us,7.04,1.888,0.072,59
-18.3819,-177.7835,568.771,4.4,37,90.0,3.312,0.64,us,15.2,10.844,0.102,28
52.8386,160.7325,35.0,4.2,27,183.0,1.274,0.97,us,7.09,1.99,0.118,20
50.1972,156.8465,57.122,4.1,39,147.0,2.963,0.48,us,10.81,3.477,0.102,28
44.0321,142.3158,211.856,4.1,31,96.0,0.218,0.58,us,7.71,5.602,0.117,20
-57.7704,157.628,10.0,4.6,17,106.0,3.361,0.87,us,13.18,1.914,0.141,15
-20.3002,-177.8617,523.293,4.2,35,97.0,4.622,0.63,us,13.8,8.704,0.107,24
51.7258,159.9022,10.0,4.4,27,144.0,1.509,0.51,us,11.97,1.942,0.13,17
-37.6986,51.5081,10.0,4.4,25,82.0,18.984,1.17,us,14.03,1.895,0.117,21
60.5489,-139.9651,5.0,4.4,43,72.0,0.476,1.17,us,2.08,1.926,0.203,8
51.5593,178.4709,76.527,4.0,62,176.0,0.378,0.65,us,6.28,5.556,0.069,56
27.4202,52.5046,10.0,4.2,64,81.0,4.138,0.63,us,8.56,1.897,0.076,48
-10.9721,163.8334,10.0,4.1,11,212.0,4.117,0.98,us,12.51,2.024,0.197,7
39.6555,143.4472,10.0,4.5,64,130.0,2.147,1.14,us,7.14,1.901,0.079,47
18.6893,145.5668,220.794,4.1,38,128.0,3.436,0.76,us,14.88,9.399,0.097,29
51.6119,159.8887,10.0,4.6,33,156.0,1.605,0.75,us,8.08,1.923,0.099,30
-21.0773,-69.0136,108.812,4.1,25,60.0,0.444,1.07,us,5.9,5.937,0.174,9
-10.3814,114.1182,10.0,4.8,48,43.0,1.899,1.28,us,7.21,1.867,0.084,44
51.3206,159.6445,25.82,4.4,26,169.0,1.812,0.79,us,10.02,6.913,0.144,14
-13.2216,167.0856,216.896,4.1,25,158.0,2.215,0.62,us,14.25,4.449,0.111,22
14.9325,-61.4045,150.42,4.5,112,37.0,0.308,0.68,us,6.25,5.699,0.035,235
52.9667,161.1939,10.0,4.7,55,118.0,1.539,1.07,us,10.33,1.888,0.042,172
-6.3495,151.7823,10.0,4.7,69,83.0,2.044,0.64,us,3.84,1.826,0.068,65
-9.3565,114.4401,50.95,4.0,13,149.0,0.926,1.03,us,8.19,10.778,0.212,7
52.4216,161.1532,10.0,4.2,40,134.0,1.637,0.88,us,7.82,1.902,0.104,26
52.1319,160.7323,10.0,4.4,20,229.0,1.553,1.12,us,14.86,1.995,0.162,12
5.0679,125.1958,10.0,4.8,59,70.0,0.436,0.6,us,4.41,1.86,0.083,45
17.2051,19.5011,10.0,4.4,55,79.0,14.257,0.85,us,10.96,1.931,0.076,50
50.9168,159.419,20.646,4.4,13,130.0,2.163,0.52,us,10.71,6.73,0.218,6
32.3352,141.8054,10.0,4.3,23,145.0,1.85,0.84,us,7.82,1.926,0.178,9
13.372,-90.3699,31.573,4.2,26,196.0,0.779,0.76,us,3.8,9.178,0.141,14
-54.7445,-26.7115,10.0,4.6,22,67.0,5.714,0.32,us,9.42,1.898,0.119,21
39.6,143.1874,36.537,4.5,111,103.0,2.014,0.57,us,6.9,5.973,0.054,100
-2.3082,138.9779,45.4,4.4,46,76.0,0.94,0.66,us,6.15,7.01,0.092,34
28.2001,140.7287,161.957,4.6,82,43.0,1.696,0.93,us,10.09,6.356,0.038,207
-2.9076,137.0852,42.607,4.3,22,67.0,1.124,0.97,us,7.1,10.167,0.188,8
-1.732,-81.1699,10.0,4.8,75,143.0,1.675,0.96,us,8.15,1.891,0.07,63
52.3554,-171.4945,50.41,4.3,33,174.0,1.04,0.93,us,8.28,6.504,0.188,9
9.8844,-77.8018,10.0,4.4,20,46.0,2.131,0.8,us,3.35,1.924,0.309,3
-18.8773,-175.5661,197.862,4.6,48,87.0,5.339,0.64,us,13.84,7.527,0.085,41
52.2964,160.5443,10.0,4.2,35,137.0,1.364,0.34,us,11.02,1.923,0.107,24
52.4513,160.8208,10.0,4.4,28,176.0,1.439,0.68,us,11.05,1.958,0.126,18
3.3885,122.8022,536.715,4.3,22,94.0,2.985,0.66,us,15.0,11.866,0.16,13
23.9664,94.4815,53.099,4.3,31,112.0,2.777,1.02,us,12.43,8.304,0.116,21
-5.4566,153.7616,35.0,4.5,26,122.0,2.029,0.46,us,10.22,1.919,0.113,23
60.5438,-140.1009,7.366,4.5,63,59.0,0.456,1.14,us,1.31,4.884,0.106,26
9.6069,93.9175,10.0,4.4,21,166.0,5.703,1.1,us,12.67,1.923,0.138,15
-32.0933,-69.4191,119.797,4.4,36,43.0,0.839,0.88,us,4.97,6.084,0.148,13
-5.5947,104.3749,10.0,4.6,45,113.0,0.811,1.17,us,5.73,1.863,0.092,35
0.1486,121.9721,199.306,4.7,50,60.0,2.855,0.62,us,9.3,7.86,0.075,54
19.8745,121.273,25.101,4.6,40,105.0,2.934,0.99,us,9.19,6.324,0.111,24
-4.6824,155.2729,518.468,5.0,162,20.0,3.258,0.68,us,8.63,4.342,0.03,363
14.6936,-94.5322,10.0,4.7,41,194.0,1.859,1.35,us,6.22,1.978,0.102,29
-4.4676,153.5383,108.916,4.6,44,115.0,1.398,0.69,us,9.54,7.78,0.082,46
-56.5087,-25.5725,29.391,4.4,21,103.0,17.958,0.44,us,14.79,7.582,0.134,21
50.1629,159.3224,10.0,4.4,110,136.0,2.895,0.5,us,9.86,1.89,0.054,97
-21.363,-67.6842,211.606,4.3,30,60.0,1.512,0.62,us,5.89,8.642,0.142,14
-2.3844,-79.0147,94.391,4.8,61,71.0,0.256,1.21,us,9.51,6.583,0.06,86
-6.1939,147.8366,49.905,4.3,25,118.0,3.26,0.62,us,9.15,8.591,0.119,20
-7.083,129.2458,143.431,4.3,12,109.0,5.104,1.24,us,11.79,9.613,0.188,8
35.3266,57.2005,10.0,4.3,34,165.0,7.512,0.92,us,7.59,1.928,0.116,21
-20.5563,-68.8995,94.341,4.4,29,58.0,0.477,0.88,us,5.4,5.379,0.123,19
51.6062,159.8053,35.0,5.0,79,123.0,1.587,1.19,us,9.1,1.91,0.042,178
-4.617,142.2445,114.529,4.1,14,210.0,2.594,1.23,us,9.72,14.9,0.198,7
-7.4231,128.1041,188.647,4.5,30,93.0,3.393,0.41,us,5.58,7.87,0.109,25
52.4521,160.737,10.0,4.6,85,122.0,1.392,0.9,us,9.0,1.884,0.043,162
-29.2558,-112.2399,10.0,5.2,171,114.0,3.328,0.63,us,12.21,1.888,0.034,281
52.6512,160.3204,10.0,5.0,88,120.0,1.08,1.29,us,7.28,1.862,0.039,211
1.5998,127.3177,122.004,4.4,40,93.0,3.613,0.83,us,6.54,8.114,0.098,30
22.9136,93.8678,76.811,4.3,12,149.0,1.958,0.18,us,11.22,9.031,0.238,6
-13.9153,34.6102,10.0,4.6,36,65.0,6.363,0.71,us,9.78,1.9,0.125,19
27.945,140.802,10.0,4.7,51,75.0,1.491,1.03,us,7.4,1.854,0.085,42
-8.4443,-75.2197,128.399,4.8,44,110.0,3.866,0.66,us,10.61,7.663,0.056,98
35.3936,22.9898,60.234,4.4,52,94.0,1.978,0.96,us,3.28,6.661,0.09,37
49.0097,156.1011,30.299,4.5,44,136.0,4.329,0.93,us,9.88,5.332,0.098,41
21.0608,121.0254,12.698,4.4,35,120.0,1.749,1.23,us,9.27,6.001,0.12,20
52.9672,161.0749,32.558,4.0,21,186.0,1.467,0.67,us,15.4,4.508,0.15,12
23.7593,122.4732,10.0,4.4,25,97.0,0.859,0.68,us,3.14,1.818,0.178,9
2.5723,95.9909,35.0,4.4,22,201.0,2.806,0.31,us,11.38,1.983,0.148,13
35.5092,22.589,56.728,4.4,46,134.0,1.75,0.6,us,6.77,6.422,0.084,41
51.8231,160.2184,10.0,5.0,36,126.0,1.539,0.53,us,6.69,1.831,0.13,19
36.5231,70.6484,197.741,4.0,27,173.0,2.308,0.71,us,7.95,6.028,0.144,13
-19.9635,-12.372,10.0,5.1,31,211.0,27.203,1.07,us,17.36,1.976,0.101,32
-6.9036,155.6917,35.0,4.6,49,93.0,4.426,1.01,us,9.57,1.918,0.084,46
49.3583,155.39,75.832,4.5,65,136.0,4.025,0.69,us,7.82,7.594,0.051,111
7.147,126.8402,64.234,5.0,89,77.0,1.254,0.8,us,7.96,4.986,0.047,142
50.2829,157.2626,59.736,5.0,194,121.0,2.842,0.62,us,9.74,6.248,0.024,560
41.4264,19.5807,10.0,4.4,49,56.0,0.227,1.24,us,4.51,1.896,0.101,28
40.6139,78.8172,10.0,4.9,92,50.0,1.351,0.79,us,6.5,1.128,0.051,122
-59.3012,-60.2417,10.0,4.8,30,113.0,5.776,0.63,us,10.53,1.915,0.095,38
52.5892,160.78,10.0,4.6,84,174.0,1.364,0.85,us,9.21,1.94,0.064,73
47.0627,152.8241,67.469,4.2,58,124.0,6.814,0.86,us,10.73,6.353,0.076,48
36.4089,142.5801,10.0,4.5,37,135.0,3.525,0.84,us,8.22,1.902,0.116,22
36.7989,71.0557,223.427,4.0,20,178.0,1.89,0.69,us,8.67,9.084,0.164,11
49.7957,155.8892,88.043,4.4,82,97.0,3.505,0.5,us,10.42,7.231,0.066,69
4.8731,124.1091,452.335,4.3,48,62.0,1.372,0.66,us,12.04,9.072,0.097,32
-31.7668,-69.7166,113.316,4.5,46,61.0,0.919,0.95,us,4.59,6.758,0.125,19
11.6265,42.7636,10.0,4.5,24,96.0,0.125,0.41,us,6.76,1.941,0.144,14
35.4394,6.4989,10.0,4.5,38,151.0,2.339,0.99,us,7.76,1.902,0.106,26
37.3898,141.8091,47.295,4.3,23,98.0,3.007,1.21,us,8.67,7.403,0.148,13
-6.445,147.3034,72.135,4.9,47,66.0,2.944,0.77,us,3.46,7.582,0.085,43
51.4203,159.505,24.468,4.5,27,127.0,1.69,1.1,us,9.82,5.626,0.115,22
14.0178,145.0371,171.817,4.0,25,88.0,0.456,0.83,us,13.24,6.076,0.122,18
-24.2547,-175.9875,10.0,5.4,95,74.0,7.635,0.87,us,11.82,1.798,0.056,109
51.316,159.9795,10.0,4.4,16,161.0,1.896,0.86,us,7.47,1.953,0.178,9
-21.6473,-68.3281,148.798,4.2,28,51.0,0.862,0.92,us,4.63,7.932,0.199,7
-21.7033,-68.5334,139.269,4.2,18,51.0,0.665,0.45,us,7.93,11.34,0.374,2
-63.8354,173.0182,11.159,4.5,9,168.0,14.186,0.98,us,15.27,6.995,0.271,4
53.4356,160.8607,35.0,4.3,50,161.0,1.392,0.85,us,5.07,1.949,0.089,39
-21.3336,170.8309,177.097,4.3,20,214.0,3.389,0.67,us,15.47,10.412,0.129,18
-23.692,179.5203,596.912,4.4,45,76.0,5.984,0.77,us,15.15,9.322,0.088,37
3.2111,-31.4124,10.0,4.5,43,95.0,13.989,0.82,us,5.73,1.9,0.092,36
-44.1935,38.2596,10.0,4.6,24,127.0,9.841,0.51,us,13.02,1.899,0.119,21
52.6596,160.7951,28.257,4.3,53,155.0,1.351,0.66,us,10.41,6.569,0.083,41
18.1793,121.4718,125.483,4.7,78,58.0,4.629,1.07,us,9.92,7.292,0.071,61
51.4361,159.5026,35.0,5.0,86,127.0,1.674,0.86,us,9.87,1.911,0.056,102
-15.5943,-173.85,102.244,4.5,18,216.0,2.609,0.46,us,10.99,11.204,0.15,14
-17.4164,-173.1133,35.0,4.6,14,115.0,3.448,0.8,us,9.44,1.938,0.165,11
-59.6091,-26.2882,104.606,5.1,79,68.0,7.714,0.54,us,11.44,7.09,0.057,100
-24.1077,-67.082,217.96,4.4,25,92.0,1.529,0.71,us,3.81,8.488,0.189,8
-23.6029,-68.0798,137.382,4.0,22,87.0,0.654,0.58,us,5.43,7.364,0.258,4
36.0353,138.9697,129.454,4.1,41,136.0,0.796,1.11,us,9.61,6.501,0.097,29
39.7352,143.4931,10.0,4.6,57,132.0,2.136,0.67,us,8.37,1.901,0.088,38
13.7314,-90.3793,78.589,4.6,67,122.0,0.607,0.96,us,8.63,7.475,0.072,58
51.2637,-178.4046,47.643,4.4,68,189.0,0.387,0.88,us,5.53,7.138,0.044,154
52.8133,160.6528,35.0,4.2,44,81.0,1.231,0.63,us,10.64,1.866,0.078,46
43.7834,138.3116,253.814,4.0,37,93.0,3.11,0.67,us,8.33,7.335,0.111,22
-20.1773,-177.8674,561.946,4.2,29,136.0,4.519,0.57,us,15.82,12.09,0.106,27
44.0449,147.0617,128.652,4.4,64,177.0,3.221,0.65,us,11.78,9.994,0.073,54
53.0707,159.9801,51.152,4.6,49,117.0,0.804,0.94,us,10.08,7.676,0.066,68
52.8085,160.9717,28.604,4.1,21,119.0,1.422,1.26,us,10.78,6.228,0.158,11
15.9807,-55.7288,10.0,4.9,61,96.0,4.659,0.68,us,9.49,1.888,0.029,358
-7.2144,120.1632,561.41,4.4,30,61.0,2.224,0.82,us,14.17,10.52,0.135,16
9.1134,93.8217,10.0,4.1,27,126.0,4.951,0.78,us,9.96,1.902,0.166,12
-18.0998,-178.5097,593.531,4.1,67,115.0,2.589,0.88,us,14.76,7.389,0.076,51
9.9192,-70.6755,10.0,4.9,61,95.0,1.03,1.11,us,7.28,1.871,0.075,55
-17.2848,-179.214,549.393,4.2,13,239.0,1.575,0.25,us,32.37,26.39,0.158,11
4.6048,125.008,10.0,4.9,69,45.0,0.486,0.63,us,3.43,1.85,0.07,65
12.8318,143.1697,153.802,4.8,107,79.0,3.489,0.53,us,10.01,7.233,0.049,127
51.669,159.8957,21.378,4.6,53,126.0,1.557,0.73,us,8.14,5.717,0.074,57
52.9382,159.0322,83.464,4.4,50,160.0,0.246,0.58,us,8.17,4.542,0.087,38
-55.3509,-27.9525,10.0,4.8,44,70.0,5.051,0.73,us,10.81,1.803,0.094,35
-19.8008,-177.8295,572.2,4.3,21,122.0,4.244,0.46,us,14.23,10.808,0.129,17
28.1494,142.832,10.0,4.5,53,134.0,1.197,0.53,us,8.56,1.896,0.085,43
51.9303,156.1036,207.607,4.1,52,146.0,1.53,0.41,us,11.24,7.889,0.088,35
12.5899,145.3153,10.0,4.6,51,146.0,1.085,0.58,us,8.64,1.909,0.082,44
-1.9653,117.4942,10.0,4.6,63,87.0,1.036,0.9,us,5.24,1.86,0.077,51
-16.2507,-172.8301,10.0,4.7,50,80.0,3.944,1.13,us,13.47,1.875,0.075,54
-51.3994,-75.3811,18.674,4.3,15,177.0,2.766,0.92,us,10.84,6.11,0.177,9
51.5321,159.5113,20.719,4.9,78,127.0,1.585,1.31,us,8.37,5.338,0.043,167
52.267,-176.6324,222.591,3.7,32,60.0,0.288,0.61,us,12.28,6.481,0.167,9
52.383,160.8139,10.0,4.4,49,151.0,1.465,1.03,us,9.98,1.936,0.088,37
51.5015,160.4463,10.0,4.1,16,189.0,1.882,1.01,us,12.79,1.989,0.166,11
53.7263,160.3567,17.066,4.3,25,187.0,1.242,0.5,us,14.12,9.006,0.125,18
42.8478,146.4327,44.061,4.2,42,155.0,2.564,0.54,us,10.67,7.203,0.1,30
54.6408,165.7863,10.0,4.2,45,151.0,4.527,0.55,us,8.94,1.936,0.091,36
37.7173,19.8743,10.0,4.1,54,140.0,1.718,1.06,us,5.91,1.496,0.102,27
49.1447,156.1278,35.0,4.2,27,167.0,4.09,1.31,us,11.89,1.956,0.128,17
-31.7545,-178.5643,35.0,4.9,47,92.0,2.561,1.0,us,9.45,1.858,0.1,35
20.9359,121.0281,10.0,4.9,74,89.0,1.873,0.55,us,8.66,1.891,0.052,118
50.369,158.6245,20.346,4.8,78,134.0,2.658,0.71,us,11.12,5.495,0.04,190
52.3606,160.4646,35.0,4.4,24,225.0,1.289,0.75,us,13.89,1.98,0.134,16
-21.3216,-179.1297,579.922,4.3,50,122.0,4.44,0.6,us,11.14,7.621,0.065,68
48.5106,155.3889,10.0,4.9,79,106.0,4.83,0.85,us,10.45,1.836,0.051,124
-19.8222,-177.3193,533.934,3.8,18,126.0,4.579,0.55,us,19.16,14.325,0.136,14
-60.7713,-51.9006,10.0,4.7,38,67.0,6.864,0.67,us,5.14,1.812,0.126,19
35.055,68.6825,10.0,4.1,16,206.0,0.655,0.75,us,6.78,2.011,0.198,7
7.1823,127.0935,59.256,4.4,21,140.0,1.507,1.16,us,9.51,7.385,0.155,12
-34.2319,-178.5567,10.0,4.5,17,161.0,4.186,0.63,us,8.18,1.982,0.163,13
-0.1931,125.2772,49.367,4.7,49,68.0,4.678,0.79,us,6.98,8.427,0.095,34
5.8722,127.1529,30.258,4.7,45,71.0,1.965,1.05,us,6.47,4.904,0.085,46
49.9371,159.3518,10.0,4.6,74,128.0,3.122,0.72,us,8.77,1.889,0.038,211
54.7858,160.1692,10.0,4.2,33,109.0,1.982,0.41,us,12.18,1.936,0.075,50
34.5689,70.7024,10.0,4.2,25,152.0,1.295,1.2,us,8.26,1.965,0.112,22
-24.2893,-67.1581,174.986,4.5,28,72.0,1.627,0.98,us,9.29,9.924,0.181,13
-24.044,178.7717,544.318,4.1,18,175.0,6.303,1.01,us,21.09,13.903,0.14,17
52.9721,160.6757,35.0,4.5,21,205.0,1.225,0.57,us,12.24,2.003,0.18,9
50.167,156.291,74.396,4.0,39,130.0,3.073,0.91,us,10.6,8.175,0.104,25
43.2345,146.029,63.305,4.5,65,133.0,2.445,0.45,us,10.0,7.495,0.075,52
56.1704,163.5397,10.0,4.4,64,127.0,4.574,0.86,us,10.83,1.887,0.068,63
51.2808,158.8548,35.0,4.6,57,132.0,1.75,0.76,us,10.48,1.931,0.042,166
-1.0187,-13.4111,10.0,4.9,42,75.0,44.573,0.47,us,14.62,1.874,0.091,38
-20.8705,-178.6275,600.489,4.1,23,203.0,4.415,0.51,us,21.78,19.505,0.131,19
51.6656,160.2727,10.0,4.6,31,127.0,1.685,0.69,us,10.27,1.924,0.125,19
18.9676,145.4429,248.09,4.5,130,96.0,3.721,0.76,us,10.35,7.424,0.046,140
52.059,179.6384,133.018,3.7,86,125.0,0.07,0.78,us,9.33,8.77,0.063,65
52.7402,158.578,79.127,4.5,26,119.0,0.287,0.65,us,10.53,5.676,0.111,24
7.7792,126.2481,10.0,4.3,14,197.0,0.968,0.94,us,8.42,1.931,0.188,8
50.1769,155.9291,91.642,4.4,62,135.0,3.136,0.7,us,11.99,7.771,0.066,66
19.1885,146.2372,91.59,4.5,36,152.0,3.949,0.74,us,15.67,9.777,0.101,29
-7.1165,114.0577,9.264,4.2,23,70.0,1.348,0.81,us,3.19,4.733,0.152,14
13.3226,121.0611,10.0,4.6,53,118.0,20.677,0.52,us,14.44,1.908,0.081,45
-21.8724,179.7395,599.507,4.5,52,58.0,4.402,0.75,us,13.81,10.234,0.082,44
53.179,160.2709,10.0,4.2,14,174.0,0.99,1.23,us,11.07,1.961,0.153,12
24.6729,94.8973,10.0,4.4,31,124.0,3.451,0.6,us,10.25,1.914,0.12,20
14.8244,-94.1944,35.789,4.5,46,133.0,1.917,0.92,us,6.59,7.995,0.039,196
-6.3099,151.9589,10.0,4.4,21,130.0,1.991,0.75,us,10.25,1.813,0.138,15
-1.0583,-13.7121,10.0,4.7,36,127.0,6.859,0.57,us,10.46,1.887,0.097,32
36.441,140.47,68.482,4.2,29,153.0,1.825,0.38,us,10.08,8.922,0.136,16
-6.0306,151.6185,10.0,4.9,65,112.0,1.76,0.88,us,8.39,1.891,0.071,63
52.5646,160.8915,10.0,4.4,43,158.0,1.437,0.99,us,10.42,1.906,0.086,39
51.0576,159.9783,10.0,5.0,54,126.0,2.133,1.15,us,9.81,1.912,0.063,96
43.424,147.9825,38.731,4.3,31,137.0,3.824,0.59,us,10.45,6.394,0.119,20
-56.4636,-27.1634,104.503,4.3,26,170.0,5.748,0.66,us,8.81,9.696,0.106,25
-44.136,-82.1174,10.0,4.6,11,199.0,8.461,0.43,us,17.29,1.99,0.182,9
-15.9833,-175.2045,271.983,4.4,40,57.0,3.898,0.7,us,11.82,7.767,0.085,40
51.9566,160.2113,35.0,4.3,17,229.0,1.433,1.05,us,14.36,1.99,0.168,10
12.8502,125.6189,10.0,4.4,38,94.0,5.744,0.62,us,10.57,1.894,0.1,29
50.0506,159.5146,10.0,4.7,44,135.0,9.505,1.03,us,13.2,1.918,0.094,34
53.1144,160.9254,34.176,4.1,28,195.0,1.376,0.64,us,15.58,5.869,0.107,24
52.5256,160.7834,10.0,4.3,20,121.0,1.389,0.99,us,8.92,1.918,0.168,10
-14.4123,65.9865,10.0,4.5,31,126.0,5.873,0.81,us,13.08,1.884,0.113,23
-19.2459,-69.0341,115.609,4.2,26,91.0,0.447,0.65,us,5.76,3.608,0.141,14
52.5047,160.5991,24.004,4.6,54,131.0,1.293,0.61,us,10.63,6.104,0.084,43
51.6408,159.672,42.718,4.7,45,137.0,1.52,0.51,us,12.0,7.306,0.085,42
22.7737,94.534,105.853,4.1,19,148.0,1.6,0.39,us,8.44,11.694,0.174,9
47.7371,152.4835,138.606,4.4,53,134.0,6.324,1.02,us,10.19,7.642,0.06,79
11.9552,143.8021,10.0,4.4,34,112.0,1.929,0.51,us,10.34,1.929,0.109,24
-19.1035,169.3791,222.925,4.2,30,157.0,3.931,0.5,us,9.69,6.777,0.112,22
31.6267,141.7888,10.0,4.2,32,126.0,2.235,0.76,us,10.01,1.9,0.124,18
55.1096,165.6247,10.0,4.2,33,173.0,5.076,0.5,us,17.88,1.958,0.104,26
50.9309,158.5442,10.0,4.4,47,129.0,2.097,0.5,us,10.53,1.919,0.084,41
51.4435,159.1498,25.927,4.6,47,137.0,1.612,1.04,us,12.8,6.595,0.068,67
22.7731,143.4107,91.2,4.1,17,163.0,4.445,1.1,us,15.73,7.465,0.166,10
-16.5352,-174.7375,292.287,4.1,16,130.0,3.867,0.57,us,10.91,7.351,0.151,14
-5.1711,152.7504,35.0,4.6,55,149.0,1.136,0.83,us,8.87,1.919,0.081,45
52.9454,160.7222,38.568,4.6,34,117.0,1.255,1.29,us,10.99,7.638,0.116,22
-11.5254,166.2545,72.631,4.7,53,92.0,6.54,0.62,us,11.23,7.727,0.085,42
4.2141,126.6853,50.309,4.5,28,113.0,1.309,0.56,us,7.11,8.872,0.121,20
-22.7353,-66.6143,224.953,4.2,29,49.0,1.459,0.96,us,9.28,8.483,0.152,12
42.0344,142.3408,70.553,4.5,43,96.0,0.608,0.6,us,5.96,3.376,0.078,48
-5.5494,147.3749,197.913,5.0,111,30.0,3.483,0.94,us,6.42,4.518,0.039,220
-16.3458,-74.3318,37.824,4.0,10,143.0,4.309,0.61,us,15.27,8.126,0.211,6
-31.8526,-68.261,107.368,4.4,35,66.0,0.464,0.72,us,7.25,6.407,0.162,11
-33.1994,-179.7336,116.454,4.1,18,248.0,4.638,1.03,us,15.6,11.997,0.139,14
-3.3365,68.3758,10.0,4.9,112,61.0,5.732,0.59,us,9.04,1.827,0.059,90
-6.1202,146.4662,114.63,4.6,54,96.0,3.335,0.6,us,8.52,7.709,0.082,44
18.3838,145.83,188.605,4.3,21,152.0,3.126,0.85,us,13.94,8.65,0.129,17
8.8684,126.7666,46.24,4.5,44,73.0,2.139,0.67,us,8.47,6.267,0.078,49
34.5804,70.7936,10.0,4.5,59,124.0,1.371,1.06,us,8.0,1.89,0.077,50
-6.3591,155.1338,160.898,4.7,48,95.0,3.659,0.51,us,6.62,7.188,0.078,49
50.092,156.2119,66.34,4.5,52,135.0,3.16,0.47,us,10.81,7.612,0.057,90
29.922,129.9543,19.286,4.4,31,118.0,1.639,0.98,us,7.31,4.701,0.115,22
53.7772,160.4941,58.333,4.3,17,168.0,1.338,0.59,us,15.39,12.626,0.177,9
51.4835,-173.9696,35.0,4.0,34,188.0,0.733,0.93,us,4.85,1.927,0.106,24
29.1796,87.0157,10.0,5.0,73,73.0,3.624,0.75,us,7.3,1.476,0.044,165
52.6231,160.6758,10.0,4.3,37,120.0,1.293,1.03,us,9.2,1.904,0.103,27
-7.4475,128.1956,168.092,4.4,28,61.0,4.511,1.18,us,8.86,3.21,0.123,19
-7.1091,150.497,10.0,4.5,61,74.0,3.172,0.84,us,7.15,1.858,0.086,48
12.1615,-88.2506,35.0,4.4,32,169.0,1.301,0.92,us,8.25,1.969,0.117,21
-14.0908,167.1696,133.799,4.2,16,127.0,6.989,0.7,us,15.36,6.435,0.167,11
52.8426,160.628,10.0,4.3,48,104.0,1.211,1.23,us,5.16,1.876,0.081,43
-37.8822,178.718,23.183,4.3,15,207.0,0.457,1.07,us,6.77,7.125,0.142,14
-6.7948,129.4781,162.132,4.5,42,112.0,4.737,0.58,us,8.32,5.02,0.085,40
49.5636,158.3593,10.0,4.3,13,232.0,3.469,0.81,us,15.0,1.988,0.217,6
33.8177,141.5992,10.0,4.5,27,137.0,1.649,0.38,us,7.94,1.904,0.131,17
51.6577,158.8083,35.0,5.7,92,109.0,1.371,1.04,us,8.22,1.9,0.028,465
-6.3364,125.7979,514.693,4.3,22,69.0,3.355,0.87,us,13.06,9.805,0.16,11
35.8128,71.1299,88.568,4.3,38,98.0,2.085,1.28,us,6.82,8.151,0.137,15
49.1808,156.0573,35.0,4.8,125,135.0,4.066,0.54,us,9.23,1.914,0.052,114
51.7553,178.5691,96.582,4.3,78,162.0,0.177,0.55,us,10.33,4.648,0.086,38
21.8819,142.9768,267.036,4.0,31,130.0,5.24,0.56,us,11.98,8.682,0.113,22
-19.7558,-177.529,544.161,4.4,30,92.0,7.206,0.29,us,16.0,11.313,0.112,23
-7.4197,128.1947,143.843,4.6,81,66.0,3.343,0.61,us,8.66,7.554,0.067,67
-21.1102,-68.5409,129.945,4.3,25,82.0,0.886,0.99,us,6.18,7.598,0.147,13
-9.0298,125.0407,33.611,4.4,25,72.0,1.05,0.88,us,6.92,7.545,0.179,9
-11.4393,165.5204,10.0,5.0,31,137.0,4.307,0.79,us,10.23,1.909,0.107,28
50.9356,-177.1716,7.86,3.8,64,146.0,0.828,0.62,us,5.01,5.93,0.075,46
2.9959,128.2359,62.029,4.2,21,86.0,2.374,0.71,us,3.8,8.706,0.159,12
-17.6163,-178.9715,545.413,4.4,48,79.0,1.949,0.68,us,13.85,9.139,0.084,41
52.5224,-32.3083,10.0,4.2,40,97.0,11.223,0.69,us,11.01,1.924,0.099,28
19.71,145.0356,192.863,4.2,29,136.0,4.502,0.41,us,11.96,7.428,0.121,19
18.3705,-80.1087,10.0,4.2,43,50.0,2.45,0.97,us,6.83,1.855,0.115,22
-37.7097,176.1683,286.641,4.4,73,48.0,0.529,1.03,us,7.0,5.576,0.079,57
52.4526,160.726,10.0,4.2,17,122.0,1.386,0.99,us,11.03,1.936,0.175,10
-34.539,-73.9152,19.85,4.1,29,192.0,2.102,0.71,us,8.01,6.711,0.233,5
13.183,-91.0471,10.0,4.3,31,218.0,1.425,0.92,us,7.96,1.991,0.051,109
14.649,-94.2682,10.0,4.6,65,156.0,2.021,0.82,us,7.09,1.923,0.041,177
51.4836,159.7335,25.182,4.6,56,157.0,1.68,0.92,us,8.55,5.381,0.077,51
-31.1774,-178.5947,64.353,4.6,22,116.0,2.01,0.67,us,9.77,7.448,0.132,17
-13.3905,167.1888,186.092,4.7,50,68.0,2.044,1.1,us,6.95,5.876,0.053,110
23.1183,120.6686,10.0,5.1,198,50.0,0.185,0.49,us,5.04,1.756,0.038,223
51.395,161.0675,10.0,4.1,32,130.0,2.207,0.63,us,10.33,1.934,0.103,26
-11.8144,166.2909,82.143,4.2,13,147.0,3.718,0.18,us,8.01,8.967,0.215,6
53.0063,159.6868,60.755,4.8,100,109.0,0.627,1.07,us,8.01,6.305,0.026,455
39.2805,143.3255,10.0,4.2,29,148.0,2.299,0.7,us,7.93,1.934,0.136,15
39.1271,142.8068,35.0,4.5,55,134.0,2.133,0.77,us,8.17,1.927,0.065,69
60.3727,-139.3832,8.723,4.3,47,57.0,0.515,0.7,us,2.12,5.034,0.239,5
5.0984,123.5765,569.866,4.3,60,39.0,1.93,0.65,us,11.76,8.87,0.083,41
51.3157,160.1429,10.0,4.6,15,167.0,1.942,0.77,us,8.12,1.959,0.137,21
-16.415,178.3725,10.0,4.6,16,66.0,0.96,0.45,us,5.24,1.794,0.173,11
-31.0885,-178.2767,43.562,4.7,17,170.0,1.846,0.8,us,8.0,8.38,0.143,15
-2.9393,137.2052,60.199,4.1,28,70.0,1.043,0.53,us,5.78,7.974,0.13,16
36.9316,72.806,10.0,4.5,41,106.0,1.402,0.68,us,8.35,1.904,0.07,60
50.6852,160.052,10.0,4.3,38,138.0,2.498,0.5,us,6.54,1.93,0.1,28
36.3495,75.9757,10.0,4.3,24,210.0,3.403,1.26,us,11.58,1.98,0.129,17
-17.7769,-69.3728,147.365,4.2,25,87.0,0.212,0.89,us,6.6,4.523,0.127,17
-29.1133,-178.5798,240.851,4.9,45,78.0,8.818,1.06,us,13.52,6.625,0.091,38
51.0842,158.8473,32.512,4.0,25,129.0,1.946,0.54,us,11.4,6.735,0.134,15
36.8449,70.7042,189.553,4.1,35,148.0,2.037,0.41,us,7.9,9.586,0.135,15
-6.6598,148.1933,43.817,4.2,16,134.0,2.913,0.25,us,10.21,14.659,0.176,9
-30.5376,-179.1076,235.117,4.5,45,81.0,1.645,1.34,us,13.89,7.691,0.083,43
51.0136,158.2839,35.0,4.5,27,167.0,2.026,1.29,us,6.07,1.953,0.124,19
33.2906,132.2414,50.631,4.5,62,81.0,1.435,0.65,us,5.48,7.525,0.067,67
51.4931,158.2431,32.584,4.6,30,126.0,1.553,0.33,us,7.97,6.116,0.103,28
-22.0099,-68.7948,108.243,4.2,23,66.0,0.466,0.55,us,5.29,5.739,0.167,10
-2.9844,130.4213,10.0,4.4,29,50.0,1.612,0.38,us,5.81,1.883,0.12,20
64.5125,-40.0663,10.0,4.2,30,90.0,4.164,0.65,us,6.93,1.762,0.124,18
-15.7357,167.1841,31.682,4.5,20,146.0,0.288,0.88,us,8.99,6.504,0.15,13
29.3526,129.3488,10.0,4.5,37,89.0,2.351,0.9,us,7.28,1.907,0.089,37
51.6222,158.2141,50.272,4.4,30,125.0,1.429,1.04,us,9.74,8.261,0.123,19
50.1143,157.001,37.985,4.6,85,127.0,3.03,0.69,us,10.69,6.683,0.064,74
-58.926,-26.2034,126.3,5.5,121,38.0,7.335,0.56,us,8.83,4.108,0.054,120
12.0137,143.6238,10.0,4.4,26,161.0,3.836,0.62,us,6.48,1.851,0.12,20
16.0222,-96.5721,42.291,4.4,71,148.0,0.512,1.33,us,6.02,9.47,0.038,196
52.1503,161.3615,10.0,4.3,18,189.0,1.871,0.54,us,13.07,1.967,0.142,14
-6.2398,151.8498,10.0,4.7,43,82.0,1.928,0.49,us,9.5,1.905,0.088,39
-5.5761,150.4587,99.49,4.1,22,96.0,2.007,0.38,us,9.33,7.381,0.131,16
3.5477,126.7457,46.704,4.5,56,105.0,1.727,0.77,us,6.71,7.496,0.075,52
51.2027,158.4178,35.0,4.3,15,135.0,1.829,0.69,us,10.77,1.949,0.202,7
-17.8095,168.1927,25.311,4.4,18,125.0,2.533,0.76,us,8.78,5.898,0.149,13
50.3502,156.6494,76.896,4.3,39,130.0,2.838,0.83,us,11.7,8.082,0.08,44
-47.2566,165.9072,10.0,4.2,33,115.0,1.214,1.07,us,4.38,1.879,0.2,7
-20.238,-177.7084,505.13,4.5,55,72.0,4.656,0.65,us,13.48,6.461,0.067,66
4.3473,128.528,10.0,4.3,27,89.0,3.064,0.6,us,8.55,1.89,0.133,16
0.2625,122.0601,180.452,4.8,52,97.0,2.991,0.53,us,8.11,5.829,0.072,61
37.5492,72.2407,205.283,4.1,47,92.0,0.786,0.56,us,7.27,6.293,0.127,17
-18.9533,-69.4163,112.094,4.6,55,102.0,0.621,1.13,us,4.89,2.783,0.078,50
-9.7982,150.5605,10.0,4.4,23,91.0,3.376,0.54,us,9.72,1.897,0.143,15
-3.233,101.2736,35.0,5.1,91,50.0,2.018,0.67,us,9.46,1.828,0.054,116
51.457,159.7619,10.0,4.6,82,127.0,1.711,0.92,us,4.59,1.881,0.065,71
1.5122,124.8959,10.0,3.8,16,132.0,3.252,0.46,us,8.26,1.627,0.162,10
44.4951,150.1575,10.0,4.2,26,207.0,5.442,0.4,us,16.21,2.002,0.124,18
-58.9813,-24.917,10.0,4.4,14,111.0,7.924,0.9,us,12.02,1.918,0.161,12
28.0083,139.3748,511.333,4.3,78,64.0,2.655,0.62,us,11.19,8.411,0.039,186
-59.5911,-26.2155,58.179,4.6,19,115.0,15.322,0.76,us,14.76,9.474,0.125,19
29.7003,138.4539,486.873,4.2,47,139.0,3.597,0.59,us,11.83,7.141,0.095,31
6.2369,94.9807,10.0,4.6,52,70.0,2.198,0.84,us,8.17,1.855,0.078,54
33.2677,73.2789,10.0,4.9,76,82.0,3.664,1.04,us,9.18,1.869,0.049,132
-28.4498,-68.9984,94.818,4.5,30,46.0,1.596,0.97,us,6.72,7.73,0.131,17
49.6295,156.7144,38.78,5.0,187,54.0,3.538,0.51,us,8.15,6.31,0.029,365
53.2758,160.3532,45.017,4.1,66,130.0,1.057,0.58,us,10.35,6.636,0.075,51
52.5041,158.7499,92.733,4.4,71,130.0,0.879,0.62,us,9.24,6.677,0.066,70
51.1478,159.3957,10.0,4.5,18,104.0,2.225,0.72,us,12.66,1.903,0.144,14
14.1197,-92.9129,10.0,4.5,67,206.0,1.189,0.81,us,8.57,1.987,0.054,99
5.8112,125.5447,67.379,4.6,78,86.0,1.073,0.69,us,8.45,5.791,0.067,67
51.6121,-175.5396,61.044,3.9,25,185.0,0.445,0.35,us,4.9,10.122,0.172,9
51.4214,159.5896,10.0,4.8,56,128.0,1.705,0.94,us,7.36,1.88,0.086,41
-17.5865,-174.5092,76.461,4.9,68,58.0,4.501,0.85,us,10.28,5.91,0.034,276
50.3463,156.9091,54.086,4.2,23,131.0,2.809,0.67,us,7.89,8.465,0.167,10
-59.6557,-26.3712,63.514,4.5,20,116.0,7.712,0.6,us,15.73,11.328,0.124,20
-17.4423,-71.2192,86.241,4.1,21,141.0,1.245,0.48,us,9.39,8.282,0.15,12
3.0404,-31.3941,10.0,4.9,58,62.0,9.892,0.47,us,4.63,1.85,0.081,47
-0.8068,-91.5237,10.0,4.4,20,245.0,0.655,0.69,us,5.25,1.924,0.139,15
-23.0494,-175.2251,10.0,4.3,17,159.0,6.63,0.51,us,14.27,1.958,0.142,14
-17.4204,-173.687,38.466,4.4,19,142.0,19.39,0.33,us,15.05,8.305,0.149,15
-23.3474,170.7457,10.0,5.0,45,208.0,3.127,0.78,us,11.3,1.92,0.085,44
-60.1907,-61.8641,10.0,5.1,46,98.0,4.711,0.67,us,10.42,1.861,0.07,66
0.1473,126.7177,68.024,4.1,27,56.0,0.898,0.57,us,6.45,8.464,0.146,13
54.781,162.2474,44.143,4.3,51,159.0,3.167,0.34,us,9.14,8.478,0.08,44
-23.9969,-66.7009,196.538,4.4,33,63.0,1.71,0.84,us,8.66,8.223,0.107,25
-7.7533,126.8827,125.745,4.4,26,73.0,6.562,0.66,us,11.57,8.799,0.134,16
-4.9586,106.671,377.131,4.4,81,42.0,1.206,0.75,us,8.62,5.712,0.071,57
53.3909,159.9742,61.343,4.5,24,133.0,1.396,0.62,us,12.61,6.546,0.151,13
25.124,91.7482,10.0,4.2,22,103.0,8.157,0.67,us,15.08,1.915,0.128,17
51.4589,159.4537,35.0,4.3,20,135.0,1.643,1.11,us,11.38,1.952,0.143,14
51.2059,158.6169,41.411,4.2,37,128.0,1.82,0.87,us,11.1,8.594,0.096,30
52.1932,160.7425,10.0,4.0,19,214.0,1.523,0.65,us,12.18,1.975,0.164,10
7.4751,127.2201,10.0,4.3,29,68.0,1.677,1.02,us,8.35,1.902,0.119,20
-2.3449,138.9645,40.796,4.5,44,68.0,0.928,0.96,us,5.79,7.025,0.101,29
-20.2787,-177.7342,503.708,4.4,42,97.0,4.674,0.74,us,13.75,8.301,0.048,131
-18.3721,-71.3946,34.616,4.6,32,137.0,1.0,1.24,us,6.81,5.57,0.119,23
-5.155,151.3527,190.4,4.3,15,139.0,1.253,0.88,us,15.24,8.432,0.169,10
52.1276,161.4042,10.0,4.3,29,124.0,1.905,1.16,us,9.87,1.908,0.126,19
17.2447,147.2647,32.167,4.7,119,133.0,2.445,1.22,us,10.14,3.13,0.048,133
-18.1056,-177.7876,586.04,4.3,42,116.0,3.161,0.68,us,13.8,8.867,0.097,30
-5.8576,128.3634,355.026,4.3,22,57.0,2.028,0.53,us,10.24,8.929,0.125,18
27.037,111.492,10.0,4.6,24,192.0,3.674,0.65,us,7.83,1.964,0.158,13
-27.9657,-176.571,43.29,4.7,39,135.0,1.746,0.73,us,14.42,6.138,0.123,20
16.3431,145.9123,556.218,3.7,21,156.0,1.102,0.31,us,40.82,29.242,0.11,21
-29.2135,-13.6651,10.0,4.9,56,70.0,7.914,0.76,us,10.55,1.872,0.076,54
-1.7416,139.1889,22.712,4.4,31,41.0,1.28,1.07,us,6.89,5.082,0.134,16
32.788,136.9309,408.66,4.2,131,101.0,2.445,0.73,us,8.77,7.757,0.046,133
52.217,160.1147,44.441,4.1,27,229.0,1.204,0.85,us,12.56,9.329,0.127,17
30.2671,69.8789,10.0,4.6,25,172.0,4.282,0.9,us,12.27,1.954,0.133,17
-3.0414,135.9861,63.734,4.2,18,104.0,1.495,0.65,us,8.36,10.527,0.142,14
-25.9286,-178.7886,351.602,4.4,44,126.0,8.655,1.02,us,13.29,7.664,0.095,34
-22.5769,-67.6422,176.17,4.2,36,65.0,0.62,0.9,us,6.71,10.492,0.175,9
15.4482,-94.7268,32.337,4.2,65,124.0,1.369,0.79,us,5.68,6.912,0.064,67
51.3747,142.6435,10.0,4.9,63,104.0,4.421,0.67,us,9.46,1.856,0.06,87
-3.8222,-76.2677,112.687,4.9,105,55.0,2.904,0.55,us,10.54,6.23,0.031,327
20.291,146.1406,35.0,4.4,25,198.0,5.034,1.08,us,13.86,1.98,0.103,27
51.6469,159.8703,10.0,4.4,73,126.0,1.569,0.7,us,7.83,1.884,0.071,63
-8.2437,116.7258,10.0,4.5,30,68.0,1.19,1.04,us,3.82,1.776,0.128,18
48.8248,155.9886,10.0,4.5,28,138.0,4.423,0.8,us,12.93,1.91,0.122,20
-24.0778,179.7929,535.224,4.1,47,121.0,6.507,0.92,us,13.83,8.768,0.086,40
52.9365,161.177,10.0,4.6,72,118.0,1.53,0.79,us,4.61,1.874,0.044,156
36.5008,70.2911,211.153,4.1,31,147.0,2.195,0.97,us,9.29,10.75,0.165,10
-7.1183,104.881,37.684,4.2,20,148.0,1.99,1.06,us,8.65,6.95,0.137,16
51.6184,159.9232,10.0,4.3,20,135.0,1.61,0.87,us,9.7,1.919,0.202,8
54.4746,-159.6765,24.868,4.1,55,159.0,0.361,0.82,us,5.42,6.146,0.117,21
52.7805,160.2293,35.0,4.5,55,150.0,0.987,0.57,us,5.43,1.935,0.08,46
-23.3961,171.1542,10.0,4.4,17,238.0,3.504,0.69,us,6.92,2.006,0.189,11
-19.6435,169.0822,127.736,5.0,47,123.0,3.326,0.61,us,10.62,7.49,0.042,179
-16.6692,-173.4988,35.0,4.2,24,133.0,3.206,0.8,us,10.51,1.934,0.146,13
46.0539,152.9109,10.0,4.2,16,234.0,7.714,0.46,us,9.2,1.994,0.166,10
-7.1995,125.6981,504.307,4.6,36,49.0,2.907,0.68,us,12.46,8.676,0.107,26
18.762,145.3384,236.346,4.1,17,128.0,3.528,0.27,us,18.81,13.401,0.165,10
5.3272,127.1472,129.531,4.8,70,66.0,1.764,0.56,us,8.41,7.353,0.067,69
52.1523,159.813,39.028,4.1,34,120.0,1.125,0.79,us,7.91,7.965,0.087,36
52.1296,160.2566,20.861,4.4,24,164.0,1.328,0.88,us,11.35,7.104,0.13,17
-0.3936,125.2219,40.671,4.6,39,48.0,1.865,0.8,us,6.96,8.342,0.107,26
9.1689,126.7853,9.868,4.7,21,101.0,2.403,0.88,us,10.75,4.713,0.147,14
5.061,96.3786,184.473,4.0,31,107.0,0.59,0.71,us,12.28,6.318,0.104,25
51.7771,158.3398,80.926,4.2,53,124.0,1.263,0.82,us,8.64,4.618,0.083,42
0.0511,123.3452,140.121,4.5,57,73.0,1.228,0.75,us,10.85,6.284,0.079,47
50.1129,158.7514,10.0,4.3,39,138.0,2.915,0.6,us,11.9,1.926,0.101,28
30.4765,81.1429,19.232,4.2,26,132.0,8.685,0.62,us,12.04,6.089,0.121,19
6.9583,-73.1465,149.925,4.1,31,156.0,2.403,0.86,us,9.76,11.607,0.114,21
-49.0671,124.9643,10.0,4.4,25,86.0,17.129,0.53,us,14.65,1.867,0.127,18
51.5708,159.0956,35.0,4.8,69,181.0,1.48,0.78,us,10.4,1.958,0.061,82
52.6959,161.0926,23.229,4.6,105,119.0,1.517,0.53,us,8.57,5.775,0.055,107
51.404,159.1931,10.0,4.3,37,132.0,1.656,0.36,us,9.33,1.888,0.105,26
53.2526,161.0474,40.583,4.3,45,134.0,1.462,0.84,us,12.14,8.077,0.083,41
-7.8125,128.7035,68.843,4.2,15,100.0,4.791,0.46,us,9.21,8.954,0.167,10
-20.8634,-178.7406,598.757,4.3,36,100.0,4.335,0.44,us,15.59,9.411,0.094,32
37.4074,66.2685,10.0,4.3,29,145.0,2.498,0.69,us,9.75,1.976,0.2,7
41.4541,142.1713,60.966,4.3,39,121.0,0.926,0.87,us,6.56,1.986,0.087,38
-20.932,-67.5033,177.033,4.1,26,59.0,1.735,1.24,us,7.4,8.811,0.151,12
52.2801,160.3252,43.371,4.7,54,123.0,1.801,1.12,us,10.2,7.073,0.082,45
-8.9619,-108.8322,10.0,4.9,60,132.0,19.691,0.9,us,8.72,1.897,0.06,87
-30.6114,-71.8627,24.114,4.4,22,157.0,0.206,0.63,us,5.83,2.873,0.178,9
-23.4796,-70.3068,40.94,3.9,21,174.0,1.025,1.04,us,5.07,10.767,0.23,5
71.2081,-7.832,10.0,4.8,129,58.0,4.705,0.73,us,8.39,1.879,0.037,226
-7.9926,126.6309,10.0,4.5,20,76.0,2.919,0.97,us,3.59,1.925,0.164,11
51.7298,158.2367,65.567,4.1,44,124.0,1.32,0.7,us,8.72,5.256,0.086,37
-7.2685,114.1349,10.0,4.4,32,45.0,1.194,0.82,us,4.35,1.882,0.131,19
77.9919,13.7415,10.0,4.6,50,153.0,0.577,0.42,us,7.3,1.903,0.089,38
29.4338,129.3125,10.0,4.5,49,107.0,2.291,0.75,us,5.93,1.518,0.079,48
54.3946,-158.772,10.0,4.1,55,161.0,0.646,0.71,us,4.16,1.918,0.117,20
-8.0385,107.9432,45.43,4.4,17,95.0,0.642,0.85,us,7.08,5.34,0.178,10
-3.4284,143.6869,10.0,4.1,21,92.0,3.115,0.51,us,11.71,1.92,0.145,14
52.5879,161.1466,26.043,4.3,14,148.0,1.577,1.25,us,11.9,3.386,0.265,5
51.156,159.7907,10.0,4.4,35,129.0,1.998,0.54,us,9.82,1.912,0.108,25
53.652,160.237,39.607,4.4,25,113.0,1.141,1.13,us,8.63,4.714,0.13,17
6.8587,127.0432,56.7,4.5,57,109.0,1.468,1.07,us,9.77,7.494,0.077,49
-60.3604,-61.9665,10.0,4.9,28,116.0,4.534,0.73,us,11.65,1.098,0.177,12
52.0356,158.6557,67.853,4.3,38,138.0,0.989,0.64,us,11.02,8.187,0.086,38
52.149,160.03,34.614,4.0,37,179.0,1.215,0.64,us,13.47,9.236,0.1,27
51.754,159.4027,35.0,4.7,130,95.0,1.352,0.74,us,6.96,1.826,0.047,134
50.5974,158.2288,29.411,4.4,27,124.0,2.444,0.93,us,9.05,4.751,0.112,23
52.9815,161.2724,10.0,4.4,23,137.0,1.585,0.57,us,12.56,1.927,0.169,10
51.0978,157.1931,92.317,4.5,128,133.0,2.038,0.65,us,9.7,5.116,0.035,247
13.3807,145.5516,74.932,4.4,57,170.0,0.696,0.54,us,8.56,7.22,0.081,47
29.4228,129.5721,10.0,4.2,25,117.0,2.214,1.23,us,7.82,1.917,0.118,20
-56.579,146.3353,10.0,4.2,12,180.0,20.558,0.46,us,23.07,1.994,0.16,11
50.619,157.9071,35.0,4.4,36,163.0,2.452,0.53,us,10.73,1.97,0.102,28
52.5592,160.812,10.0,5.3,92,118.0,1.393,1.27,us,9.32,1.877,0.062,87
13.6577,39.7972,10.0,4.4,21,140.0,3.651,0.67,us,11.83,1.871,0.149,13
42.6048,141.9887,123.578,4.5,142,69.0,1.048,0.49,us,6.38,5.656,0.051,111
-14.5868,166.8485,45.676,4.4,21,138.0,0.921,0.67,us,11.35,8.393,0.139,15
36.4991,70.7453,232.514,4.2,65,80.0,2.279,1.32,us,7.86,7.316,0.079,47
13.2717,123.9352,10.0,4.5,55,127.0,6.372,0.62,us,11.74,1.896,0.069,62
-10.2136,161.2542,112.951,4.7,64,79.0,1.501,0.62,us,9.56,6.463,0.048,133
-17.9896,-179.863,573.704,4.1,22,150.0,2.0,0.5,us,19.69,14.253,0.123,18
50.227,-179.392,10.0,3.6,60,198.0,1.378,0.57,us,5.92,1.962,0.089,32
36.5174,140.8431,64.774,4.2,16,167.0,2.122,0.64,us,6.19,13.895,0.235,5
27.3577,127.3827,132.756,4.5,90,67.0,0.948,0.83,us,8.03,6.987,0.062,76
-18.6787,65.6682,10.0,4.4,27,44.0,2.421,0.46,us,10.18,1.845,0.115,22
26.0392,97.0716,10.0,4.2,28,117.0,5.201,0.98,us,6.96,1.92,0.147,13
-22.1525,-67.3866,182.56,4.4,85,69.0,1.081,0.71,us,6.78,6.78,0.056,92
-18.1331,-177.961,566.77,4.4,28,124.0,3.035,0.57,us,19.22,12.786,0.123,21
38.2331,103.8304,10.0,4.7,178,74.0,2.275,0.64,us,8.1,1.828,0.04,190
25.4355,123.4903,182.82,4.1,37,61.0,1.058,0.64,us,6.06,7.12,0.12,19
