latitude,longitude,depth,mag,nst,gap,dmin,rms,net,horizontalError,depthError,magError,magNst
51.7298,158.2367,65.567,4.1,44,124.0,1.32,0.7,us,8.72,5.256,0.086,37
35.0254,32.4592,10.0,4.6,22,97.0,0.719,0.63,us,6.24,1.92,0.158,12
-33.3548,-70.2052,8.845,4.2,32,53.0,0.078,0.76,us,1.82,3.17,0.187,8
36.1482,22.7754,64.031,4.3,14,219.0,1.235,0.81,us,9.69,8.97,0.237,5
51.5983,178.3582,90.978,4.0,30,184.0,0.382,0.71,us,6.63,4.459,0.15,12
-5.8358,148.5634,175.098,4.3,48,102.0,3.769,0.75,us,10.7,7.276,0.084,40
-8.0721,-74.4637,165.292,4.4,66,109.0,1.775,0.62,us,9.89,7.892,0.063,73
-4.8633,153.4113,60.303,5.2,80,59.0,1.412,1.21,us,7.63,4.811,0.053,116
56.8252,-33.9224,10.0,4.3,22,125.0,7.354,0.73,us,11.44,1.386,0.16,11
53.3085,159.6693,71.816,4.5,177,128.0,0.677,0.72,us,9.69,6.384,0.043,163
55.4542,166.3641,10.0,4.7,98,91.0,5.138,0.67,us,8.6,1.874,0.034,266
51.7672,159.3162,69.789,4.3,26,138.0,1.669,0.96,us,12.4,7.842,0.129,17
51.0769,178.8163,17.521,4.2,69,214.0,0.429,0.59,us,5.04,4.942,0.072,54
39.8072,143.6256,10.0,5.0,60,120.0,2.191,0.73,us,7.54,1.871,0.045,156
50.9137,157.0616,65.35,4.3,86,127.0,2.233,0.61,us,10.84,7.329,0.061,76
-18.1334,-178.3603,519.086,4.4,46,131.0,2.722,0.83,us,14.93,7.648,0.066,67
-41.2041,81.0679,10.0,4.4,21,147.0,28.256,1.24,us,16.14,1.924,0.126,18
10.5057,-86.779,10.0,4.3,42,155.0,1.472,1.15,us,5.99,1.972,0.106,25
27.6641,139.8924,484.318,4.3,81,82.0,2.115,0.64,us,8.42,8.653,0.038,204
50.9212,158.8723,10.0,4.4,51,130.0,2.11,0.79,us,9.61,1.901,0.084,41
52.0519,160.2866,10.0,4.5,90,118.0,1.901,0.73,us,9.63,1.896,0.056,93
49.3182,155.4996,73.373,4.6,93,169.0,4.039,0.61,us,12.56,8.852,0.051,112
36.5109,-2.8188,10.0,4.3,35,123.0,3.285,0.63,us,6.27,1.848,0.111,23
50.1627,158.7531,10.0,4.4,40,134.0,2.865,1.03,us,6.82,1.898,0.103,27
36.4192,141.5995,35.0,4.7,112,121.0,2.735,0.63,us,7.59,1.867,0.059,90
43.588,144.7033,123.585,4.3,67,136.0,1.616,0.74,us,8.69,7.465,0.059,80
-29.7113,-71.3402,41.074,4.5,33,150.0,0.225,0.53,us,4.58,7.569,0.205,7
-5.7989,147.903,161.579,4.2,16,188.0,3.657,0.48,us,13.7,10.08,0.186,9
51.8197,160.4602,35.0,4.2,23,164.0,1.638,0.79,us,10.8,1.993,0.136,15
53.255,159.8222,66.188,4.4,94,121.0,0.743,0.64,us,9.48,6.328,0.055,95
11.657,141.975,69.685,5.1,149,46.0,3.415,0.41,us,7.69,4.685,0.05,130
-5.615,154.3311,181.195,4.0,23,92.0,2.581,0.57,us,14.43,9.25,0.122,18
-22.8279,-179.1866,523.472,4.5,57,110.0,5.682,0.91,us,13.68,8.086,0.081,45
52.0672,160.318,35.0,4.6,33,135.0,1.398,0.97,us,7.94,1.919,0.093,36
49.0766,157.7863,10.0,4.3,24,133.0,3.989,0.68,us,9.76,1.917,0.138,15
3.0945,-31.3985,10.0,4.7,33,66.0,20.426,0.84,us,11.98,1.867,0.096,33
-52.9705,-45.2026,10.0,4.4,16,110.0,5.351,0.71,us,9.04,1.776,0.155,14
-56.1601,-25.0535,10.0,4.9,46,69.0,6.807,0.9,us,11.1,1.901,0.083,45
21.285,144.4126,127.692,4.1,36,114.0,6.131,0.58,us,9.99,7.866,0.091,34
-9.9894,154.1088,10.0,4.2,11,173.0,10.677,0.34,us,13.72,1.96,0.216,8
52.6084,160.6588,29.872,4.8,132,129.0,1.288,1.18,us,9.02,5.623,0.047,150
50.3319,159.625,10.0,4.4,44,134.0,2.763,0.58,us,9.8,1.913,0.073,54
54.5926,-160.2022,40.705,4.4,69,160.0,0.428,0.85,us,5.4,7.367,0.085,40
0.597,119.0077,10.0,4.2,20,132.0,1.846,0.87,us,8.17,1.859,0.141,15
53.1972,-167.02,46.312,3.9,46,165.0,0.576,0.8,us,4.49,8.298,0.091,32
13.1878,-87.852,171.484,4.6,30,145.0,0.537,0.55,us,8.53,8.512,0.048,130
41.3728,144.3514,24.496,4.0,31,146.0,1.101,0.66,us,8.75,6.949,0.138,14
53.1484,161.3976,10.0,4.2,19,195.0,1.662,0.37,us,15.7,1.983,0.2,8
50.0506,159.5146,10.0,4.7,44,135.0,9.505,1.03,us,13.2,1.918,0.094,34
51.6119,160.1743,10.0,4.0,17,154.0,1.695,0.66,us,8.06,1.852,0.164,10
18.7959,145.561,227.288,4.3,57,97.0,3.542,1.04,us,9.47,8.604,0.077,48
57.8588,155.7394,10.0,4.9,98,87.0,3.111,0.56,us,8.52,1.854,0.034,270
50.1874,87.5456,10.0,4.1,25,167.0,3.251,0.78,us,9.53,1.932,0.127,17
-22.8178,-68.4882,110.59,4.2,42,53.0,0.315,1.23,us,6.52,5.202,0.092,33
9.3075,93.7511,10.0,4.2,27,179.0,5.823,0.57,us,13.83,1.943,0.128,18
37.6763,141.7939,61.973,4.3,15,161.0,3.081,0.36,us,8.64,10.481,0.237,5
51.8507,160.4148,10.0,4.4,29,185.0,1.596,0.81,us,13.11,1.956,0.12,20
-22.0836,-179.6096,606.969,4.3,58,123.0,4.844,0.56,us,15.15,8.237,0.071,56
51.3848,159.8739,10.0,4.7,18,183.0,1.806,1.0,us,10.59,1.958,0.158,12
33.5787,141.861,10.0,4.3,23,160.0,1.775,0.94,us,8.88,1.946,0.142,14
56.0972,117.4659,10.0,4.2,30,86.0,6.697,1.23,us,9.68,1.922,0.107,24
52.3226,160.3259,30.443,4.7,117,122.0,1.239,0.85,us,8.36,4.687,0.053,109
9.0054,-83.9276,25.007,4.7,56,137.0,0.735,0.84,us,8.02,6.142,0.08,47
-17.7322,-178.7735,551.011,4.4,80,76.0,2.17,0.79,us,11.52,6.709,0.032,276
51.2967,159.4748,40.389,5.0,76,117.0,1.802,0.79,us,9.83,6.819,0.049,134
51.0642,159.5188,23.123,4.2,28,130.0,2.034,0.99,us,9.46,5.385,0.121,19
51.6512,159.7281,35.0,4.1,25,122.0,1.525,1.11,us,6.49,1.8,0.151,14
8.1119,126.2944,10.0,4.6,51,96.0,1.255,0.76,us,9.67,1.888,0.06,84
-32.338,-178.4849,35.0,4.4,18,170.0,3.104,0.57,us,15.66,1.984,0.126,19
-7.0257,125.0168,549.578,4.3,20,95.0,2.811,1.2,us,12.09,9.606,0.188,10
-18.1013,-178.6083,598.491,4.4,30,165.0,2.517,0.47,us,14.83,10.559,0.103,27
-23.5484,179.9739,525.631,4.2,56,113.0,6.048,0.66,us,10.76,10.384,0.074,51
12.8969,145.2843,10.0,5.0,110,98.0,0.799,0.58,us,6.84,1.827,0.06,90
49.5133,155.5075,83.016,4.3,88,135.0,3.853,0.59,us,10.9,7.35,0.058,83
-62.0195,-158.5718,10.0,4.7,14,97.0,19.273,0.88,us,16.34,1.885,0.152,13
15.7827,-94.799,10.0,4.1,42,184.0,2.146,0.77,us,9.93,1.976,0.073,52
36.5712,16.9247,10.0,4.2,36,170.0,2.245,0.86,us,6.71,1.945,0.187,9
52.2171,-173.6219,10.0,3.6,65,171.0,0.293,0.67,us,5.11,1.397,0.167,9
29.3466,129.611,10.0,4.5,53,120.0,2.275,0.77,us,8.09,1.86,0.084,41
50.763,158.9827,10.0,4.1,23,131.0,2.273,0.68,us,6.71,1.916,0.14,16
51.7836,-170.3515,10.0,4.3,56,182.0,1.044,1.01,us,5.17,1.647,0.111,23
-6.3743,104.5726,61.31,4.5,48,51.0,1.602,0.63,us,8.21,7.172,0.099,33
51.7965,159.2496,35.0,4.4,70,120.0,1.283,0.69,us,9.14,6.589,0.05,118
-9.4005,124.2246,42.886,4.2,16,77.0,0.355,1.13,us,9.16,2.507,0.152,12
-4.5433,153.2228,84.163,5.2,65,119.0,1.113,0.84,us,9.72,5.688,0.052,121
18.1211,40.2081,10.0,4.4,36,125.0,5.349,0.7,us,8.15,1.947,0.112,23
6.6539,116.7771,634.664,4.3,64,72.0,5.341,0.76,us,12.31,6.341,0.072,55
-17.8736,-178.5413,589.992,4.2,61,80.0,2.432,0.82,us,13.14,8.618,0.049,117
51.5428,159.6795,35.0,4.5,39,134.0,1.612,0.97,us,11.53,1.934,0.095,32
-23.7033,-66.7788,195.353,4.5,57,60.0,1.488,0.81,us,8.48,6.028,0.108,25
52.1821,160.8102,10.0,4.2,12,155.0,1.564,1.25,us,6.9,1.878,0.215,6
3.5505,126.7713,49.644,4.5,42,104.0,1.744,1.02,us,5.32,7.138,0.093,34
1.5122,124.8959,10.0,3.8,16,132.0,3.252,0.46,us,8.26,1.627,0.162,10
51.5614,159.0909,35.0,4.1,45,127.0,1.489,0.9,us,10.33,1.936,0.086,39
12.2091,-87.6562,35.0,4.6,192,137.0,1.411,0.82,us,7.17,1.936,0.042,173
52.3854,160.7731,10.0,4.4,43,134.0,1.441,0.94,us,5.85,1.908,0.098,30
43.2393,-126.9507,10.0,3.9,22,262.0,1.692,0.36,us,8.07,2.012,0.17,9
-28.2238,-176.6696,35.0,4.6,30,187.0,1.503,0.62,us,12.36,1.923,0.125,20
50.1435,157.2331,35.0,4.3,39,132.0,2.983,0.92,us,4.53,1.928,0.101,31
9.9307,-70.7656,20.305,4.5,95,79.0,1.047,0.69,us,5.73,4.981,0.048,130
49.3297,156.5319,35.0,5.6,168,74.0,3.854,0.9,us,8.11,1.832,0.019,977
-21.1421,-179.0095,638.859,4.7,103,115.0,4.371,0.6,us,12.45,6.658,0.028,373
49.921,156.1567,70.475,4.3,27,126.0,3.334,0.5,us,11.47,7.19,0.119,23
51.0604,159.7403,10.0,4.3,36,156.0,2.078,0.78,us,9.32,1.937,0.107,25
9.236,93.841,10.0,4.7,61,70.0,5.034,0.66,us,9.0,1.884,0.069,63
37.6699,144.22,10.0,4.8,52,123.0,3.963,0.73,us,8.68,1.882,0.048,136
2.8455,-31.3401,10.0,4.3,30,79.0,9.745,0.85,us,10.9,1.8,0.109,24
-8.2437,116.7258,10.0,4.5,30,68.0,1.19,1.04,us,3.82,1.776,0.128,18
-1.444,-77.8727,164.528,4.4,88,77.0,0.16,0.7,us,9.99,5.04,0.061,77
-16.9023,-71.8889,133.309,4.0,20,283.0,2.076,0.65,us,14.07,12.223,0.232,5
51.2414,-177.0545,35.0,3.6,44,213.0,0.533,0.5,us,4.46,2.009,0.189,7
53.0958,159.8413,60.141,4.9,102,132.0,0.723,0.8,us,9.92,6.752,0.06,87
-6.6598,148.1933,43.817,4.2,16,134.0,2.913,0.25,us,10.21,14.659,0.176,9
18.0289,120.8263,10.0,4.5,97,75.0,4.77,0.62,us,10.01,1.801,0.06,94
19.9758,-70.6098,10.0,4.3,82,58.0,0.547,0.64,us,4.28,1.867,0.053,100
0.7895,123.8201,252.173,4.5,30,90.0,3.055,0.8,us,8.54,10.989,0.109,25
39.5461,143.3292,31.708,4.9,66,131.0,2.134,0.92,us,7.82,5.35,0.077,54
10.8677,-62.8177,164.958,4.1,37,164.0,4.17,0.89,us,6.8,10.796,0.095,30
52.2423,160.7205,30.895,4.2,15,142.0,1.485,0.95,us,12.14,6.915,0.147,14
-18.2317,-177.9999,577.536,4.2,20,82.0,3.058,0.52,us,14.82,9.349,0.153,14
39.4081,143.4448,10.0,4.6,87,123.0,2.288,1.01,us,7.79,1.88,0.063,74
52.6512,160.3204,10.0,5.0,88,120.0,1.08,1.29,us,7.28,1.862,0.039,211
-2.8116,129.494,10.0,4.3,19,124.0,1.748,0.63,us,7.28,1.908,0.169,10
50.196,158.6701,10.0,4.5,59,126.0,2.831,0.54,us,6.19,1.809,0.08,46
39.6107,143.4862,32.536,4.0,19,204.0,2.197,0.57,us,10.55,8.744,0.164,10
27.5908,56.1931,10.0,4.1,16,135.0,2.635,0.82,us,14.37,1.951,0.158,11
12.3193,142.4637,87.415,4.5,19,111.0,2.662,0.8,us,13.12,10.178,0.204,7
0.0096,123.5546,137.497,4.3,57,76.0,3.582,1.1,us,8.54,8.563,0.089,36
-7.7519,128.312,89.733,4.5,29,83.0,3.578,1.0,us,6.48,7.903,0.128,18
41.0014,143.0109,47.677,4.3,27,189.0,1.019,0.55,us,8.58,10.04,0.125,18
51.3138,159.6768,35.0,5.4,26,217.0,1.825,0.69,us,8.68,1.98,0.12,24
23.7607,94.6583,109.653,4.6,22,135.0,2.554,0.56,us,11.58,10.742,0.157,13
51.6425,159.658,10.0,4.4,50,133.0,1.515,0.92,us,8.9,1.876,0.065,68
52.9026,161.18,23.261,4.9,164,55.0,1.535,0.7,us,8.31,4.853,0.032,307
52.5607,158.8308,75.31,4.2,31,133.0,0.476,0.77,us,8.91,6.536,0.107,24
-57.2322,-25.4016,35.0,4.3,17,194.0,17.256,0.54,us,8.33,1.956,0.168,10
52.9813,161.0013,10.0,4.9,59,145.0,1.422,1.08,us,9.87,1.913,0.084,45
52.7736,159.7536,62.569,4.3,62,60.0,0.714,0.7,us,6.11,7.171,0.073,53
52.7173,-173.0902,217.735,3.4,34,150.0,0.76,0.56,us,15.39,11.3,0.136,13
-3.5108,101.305,43.266,4.3,43,146.0,1.85,0.85,us,9.87,8.262,0.106,29
-60.1785,-26.8852,43.133,4.5,17,110.0,14.972,0.81,us,15.26,9.063,0.14,15
-3.3009,149.0342,10.0,4.8,50,82.0,2.083,0.65,us,7.64,1.872,0.09,38
36.5334,70.122,219.942,4.2,65,84.0,2.169,0.79,us,7.71,8.63,0.092,33
-12.6917,167.4408,10.0,4.7,58,114.0,2.749,0.5,us,9.16,1.878,0.076,54
-16.914,-174.5186,186.623,4.4,27,63.0,3.986,0.61,us,11.14,8.435,0.12,20
52.6482,159.2248,82.022,4.6,43,169.0,0.513,0.57,us,9.77,6.084,0.075,55
43.146,-126.412,10.0,3.7,29,251.0,1.734,0.77,us,8.05,2.0,0.253,4
49.3583,155.39,75.832,4.5,65,136.0,4.025,0.69,us,7.82,7.594,0.051,111
-22.4855,-175.0684,10.0,4.8,51,116.0,7.207,0.74,us,11.54,1.842,0.081,47
12.3665,145.3511,10.0,4.4,31,97.0,1.303,0.53,us,9.3,1.918,0.115,22
5.1217,125.5639,10.0,4.3,21,131.0,0.395,1.14,us,7.16,1.906,0.137,15
-47.6325,116.1184,10.0,4.6,14,176.0,14.712,0.45,us,10.45,1.96,0.193,8
-30.3532,-69.1484,112.997,4.3,30,61.0,0.9,0.69,us,4.88,5.93,0.237,5
-39.0242,175.7827,125.573,4.9,36,63.0,0.041,1.15,us,4.66,6.023,0.129,21
-4.8916,152.2379,58.116,4.6,34,126.0,0.618,0.6,us,9.16,7.439,0.109,25
34.7431,32.4664,10.0,4.2,32,147.0,0.744,0.75,us,4.65,1.941,0.136,15
52.2876,160.2673,38.913,4.4,43,166.0,1.766,0.99,us,11.89,8.49,0.091,37
51.3983,159.6883,10.0,5.3,116,98.0,1.748,0.68,us,7.27,1.817,0.035,283
44.3837,149.5287,35.0,5.1,82,98.0,4.989,0.85,us,10.0,1.861,0.075,57
18.6747,120.637,28.121,4.7,53,118.0,4.143,1.0,us,12.14,5.902,0.077,51
27.9572,105.0687,10.0,4.4,36,154.0,8.06,0.57,us,6.88,1.919,0.098,30
25.5239,141.4344,112.193,4.7,62,116.0,1.704,1.25,us,9.86,5.0,0.06,83
-19.9677,-173.2301,10.0,4.6,30,105.0,3.239,0.6,us,9.2,1.902,0.114,29
-20.5026,-174.28,35.0,5.0,61,131.0,18.16,0.75,us,14.15,1.91,0.073,59
51.5583,159.1846,38.813,5.1,33,135.0,1.504,0.9,us,9.4,6.064,0.124,21
9.5365,93.7405,10.0,4.6,57,94.0,5.331,0.63,us,9.25,1.892,0.083,43
30.7824,96.6483,10.0,4.2,14,116.0,4.896,0.72,us,9.3,1.914,0.176,9
31.9999,97.2145,10.0,4.4,55,104.0,5.712,0.85,us,7.2,1.912,0.077,48
64.5234,-39.9362,10.0,4.5,105,55.0,4.208,0.58,us,3.94,1.892,0.056,92
-15.9547,-73.6683,63.994,4.9,77,137.0,5.004,0.54,us,10.44,6.167,0.052,114
28.4389,53.1078,10.0,4.0,16,168.0,4.447,1.0,us,9.29,1.971,0.144,13
-6.4048,128.4207,352.561,4.8,103,16.0,5.152,0.68,us,7.9,2.284,0.054,105
27.5551,128.5811,41.781,4.4,46,84.0,0.767,0.74,us,4.61,9.106,0.112,27
53.582,161.5442,35.0,4.4,31,137.0,1.825,0.66,us,12.22,1.945,0.123,21
53.5766,-163.4498,35.0,3.9,36,164.0,1.186,0.7,us,5.21,1.784,0.107,24
-28.3037,62.7506,10.0,5.0,63,52.0,8.528,0.98,us,9.91,1.861,0.075,57
-24.2524,-67.5035,179.903,4.3,19,113.0,1.435,0.67,us,7.34,7.429,0.177,9
14.649,-94.2682,10.0,4.6,65,156.0,2.021,0.82,us,7.09,1.923,0.041,177
-3.2992,129.0835,23.328,4.1,29,61.0,1.465,0.67,us,4.27,5.454,0.12,22
-15.2005,167.4934,156.967,5.0,74,56.0,6.134,0.79,us,10.57,5.532,0.06,89
37.7305,141.67,84.827,4.3,27,161.0,3.009,0.74,us,8.81,10.154,0.177,9
51.0594,160.7981,10.0,4.3,45,135.0,2.372,0.53,us,6.72,1.913,0.092,33
54.5304,-160.4077,35.0,4.3,72,157.0,0.563,0.99,us,3.01,1.943,0.133,16
49.9056,158.961,10.0,4.6,72,131.0,3.128,0.6,us,8.67,1.879,0.067,67
-9.6243,121.9113,74.7,4.1,24,73.0,1.034,0.61,us,6.18,7.549,0.12,24
51.3629,159.5807,10.0,4.4,36,128.0,1.759,0.85,us,7.14,1.895,0.121,21
-23.3474,170.7457,10.0,5.0,45,208.0,3.127,0.78,us,11.3,1.92,0.085,44
39.5126,143.5392,10.0,4.1,19,203.0,2.285,0.38,us,7.73,1.846,0.185,8
51.098,158.1973,45.839,4.4,36,125.0,1.948,0.58,us,8.74,8.031,0.11,24
13.7959,56.963,10.0,4.3,30,103.0,11.114,0.47,us,14.02,1.948,0.109,24
28.117,140.6942,184.387,4.3,35,138.0,1.668,0.62,us,12.38,9.856,0.111,23
36.5373,70.3385,195.636,4.0,30,147.0,2.244,0.59,us,7.86,10.096,0.122,19
-17.5888,166.9272,10.0,4.5,33,142.0,2.146,0.52,us,8.7,1.838,0.115,23
51.4227,161.1201,10.0,4.3,33,122.0,2.209,0.48,us,8.79,1.918,0.116,21
35.7046,140.3113,51.81,4.4,17,125.0,1.896,0.52,us,8.44,10.89,0.18,9
52.5327,160.8379,10.0,4.2,25,150.0,1.417,0.4,us,7.31,1.931,0.141,14
52.8182,160.7089,35.0,4.2,31,119.0,1.263,0.87,us,6.24,1.924,0.101,27
53.3099,159.2493,19.149,5.1,22,115.0,0.461,0.82,us,5.62,4.745,0.181,10
71.5454,-64.4146,9.649,4.3,18,57.0,3.568,0.68,us,8.27,6.467,0.188,8
1.2937,125.8387,64.581,4.7,64,89.0,1.01,0.9,us,6.67,7.118,0.07,62
-47.777,116.2615,10.0,4.5,14,142.0,19.235,0.53,us,14.57,1.924,0.156,12
-9.2516,112.6426,66.245,4.0,17,155.0,1.682,0.97,us,9.91,10.427,0.164,11
-10.2401,161.3778,84.234,4.3,42,127.0,1.619,0.65,us,10.05,7.075,0.138,15
19.8145,121.392,67.151,4.0,24,129.0,3.002,0.63,us,12.95,10.114,0.138,14
32.1694,87.9985,10.0,4.4,63,92.0,3.643,0.42,us,11.82,1.877,0.071,57
-60.7117,-62.1998,10.0,4.4,15,145.0,4.166,1.22,us,14.65,1.941,0.154,12
53.269,160.6326,35.0,4.4,54,187.0,1.219,0.8,us,13.64,1.972,0.086,39
49.8927,158.5678,10.0,4.6,60,135.0,3.135,0.5,us,8.7,1.887,0.076,52
4.8929,123.0324,573.765,4.2,48,56.0,2.443,0.72,us,12.41,8.778,0.087,37
-14.6748,166.828,10.0,4.4,23,139.0,0.849,0.76,us,9.23,1.926,0.126,18
53.4061,6.6807,5.0,3.8,25,83.0,2.979,1.11,us,6.8,1.985,0.295,3
50.1902,159.1222,10.0,4.3,22,134.0,2.852,0.8,us,11.14,1.926,0.133,16
-7.4234,127.7139,155.236,4.3,19,125.0,4.121,0.57,us,11.89,8.586,0.188,8
-25.2243,179.8714,514.112,4.4,40,90.0,7.632,0.91,us,9.79,8.838,0.105,27
-29.6153,-72.058,21.928,4.3,28,145.0,0.774,0.87,us,3.72,6.169,0.307,3
49.8776,155.9521,81.935,4.1,42,167.0,3.414,0.68,us,11.67,9.243,0.094,33
51.0432,159.6352,10.0,4.2,20,123.0,2.075,1.15,us,10.27,1.931,0.198,10
50.932,157.0759,73.182,4.9,125,125.0,2.213,0.72,us,9.98,6.62,0.03,345
9.357,93.9629,10.0,5.0,156,19.0,2.58,0.56,us,6.47,1.739,0.05,137
27.2004,103.5081,10.0,4.9,125,51.0,2.054,0.62,us,7.16,1.87,0.051,120
-7.0057,129.5203,159.477,5.4,102,20.0,4.885,0.71,us,4.24,6.665,0.043,188
-6.9918,127.8055,294.111,4.3,19,68.0,4.449,0.67,us,9.31,11.471,0.237,5
41.02,142.8972,41.31,4.4,59,134.0,1.013,0.68,us,7.17,7.342,0.08,49
52.8196,161.163,10.0,4.4,56,148.0,1.535,0.68,us,10.18,1.942,0.066,65
50.6611,156.4043,79.088,4.2,57,129.0,2.579,0.49,us,10.71,6.409,0.077,47
20.7067,95.9036,10.0,4.3,26,158.0,3.492,0.53,us,9.84,1.907,0.148,14
-20.9406,-67.5152,188.964,4.2,26,61.0,1.729,0.9,us,6.1,10.798,0.235,5
-11.7641,165.1128,10.0,4.6,26,53.0,4.187,0.66,us,9.02,1.836,0.132,19
-54.9048,-129.2594,10.0,5.1,31,111.0,32.639,0.88,us,13.79,1.88,0.106,29
6.0141,126.0262,150.76,4.2,24,112.0,1.139,1.16,us,9.06,6.266,0.132,16
-9.7209,124.4911,10.0,4.4,18,124.0,0.223,1.21,us,4.33,1.93,0.18,9
50.8062,157.5224,58.241,4.1,28,126.0,2.308,0.78,us,9.89,6.657,0.14,15
53.5281,153.7868,469.656,4.3,115,88.0,2.384,0.67,us,10.71,7.198,0.042,164
42.0602,142.5913,57.662,4.6,51,83.0,0.424,0.52,us,4.75,7.156,0.046,143
30.7267,70.2794,10.0,4.1,20,244.0,3.899,0.7,us,9.43,1.965,0.144,13
54.3946,-158.772,10.0,4.1,55,161.0,0.646,0.71,us,4.16,1.918,0.117,20
49.9822,155.9471,76.485,4.4,58,137.0,3.316,0.5,us,10.94,7.851,0.071,59
27.1297,140.146,501.928,4.1,68,87.0,1.817,0.98,us,12.32,9.288,0.059,79
52.2349,160.75,23.482,4.1,20,149.0,1.504,1.13,us,9.1,8.325,0.135,15
-23.8942,179.6029,568.441,4.5,32,138.0,6.288,0.71,us,14.52,12.74,0.108,25
-19.1644,-177.4381,571.812,4.3,28,89.0,4.047,1.25,us,15.96,10.942,0.133,17
53.0548,160.8673,35.0,4.2,23,135.0,1.339,1.11,us,10.98,1.942,0.16,13
-5.9341,147.6485,92.875,4.6,63,47.0,3.482,0.74,us,7.6,7.686,0.066,69
60.5674,-140.1995,5.0,4.2,45,90.0,0.472,0.91,us,4.18,1.91,0.236,5
2.7147,-31.2289,10.0,4.5,27,80.0,9.683,0.85,us,11.08,1.86,0.118,21
-30.9493,-69.4723,108.987,4.7,61,31.0,0.908,0.63,us,4.74,5.577,0.076,52
21.658,143.1069,353.902,3.8,18,130.0,5.478,1.13,us,15.36,11.352,0.135,14
-5.7837,-50.5111,9.8,4.3,18,109.0,0.793,1.17,us,7.82,5.032,0.129,17
-45.1712,167.0898,40.454,4.3,34,101.0,0.297,0.94,us,3.65,8.661,0.201,7
-20.634,-176.4927,257.819,4.2,19,103.0,5.699,0.7,us,13.47,13.305,0.132,19
-37.4434,51.3136,10.0,4.8,44,43.0,18.702,0.37,us,10.47,1.478,0.088,40
-23.9369,-179.8111,529.302,4.1,24,244.0,14.516,0.59,us,13.69,14.241,0.127,20
51.137,159.8127,10.0,4.7,34,129.0,2.021,1.09,us,8.03,1.653,0.104,28
50.625,158.9095,17.599,4.8,136,76.0,2.407,0.56,us,7.69,2.796,0.042,175
50.3159,158.8756,10.0,4.9,195,117.0,2.715,0.61,us,8.62,1.866,0.034,278
-59.6091,-26.2882,104.606,5.1,79,68.0,7.714,0.54,us,11.44,7.09,0.057,100
52.8158,159.8236,54.694,4.1,26,119.0,0.74,0.59,us,11.27,6.16,0.112,22
-4.5409,102.379,47.958,4.6,31,70.0,0.602,0.77,us,8.64,7.584,0.114,23
-8.4443,-75.2197,128.399,4.8,44,110.0,3.866,0.66,us,10.61,7.663,0.056,98
-14.3947,167.2219,185.544,4.7,48,98.0,1.046,0.77,us,10.68,7.668,0.087,40
51.8637,158.4105,67.372,4.3,34,135.0,1.171,0.64,us,9.49,7.452,0.108,24
39.6117,139.4794,11.854,4.6,83,122.0,1.69,0.58,us,7.55,4.202,0.07,61
-2.0568,138.9706,35.0,4.2,26,78.0,0.965,0.67,us,5.49,1.918,0.121,19
-55.3509,-27.9525,10.0,4.8,44,70.0,5.051,0.73,us,10.81,1.803,0.094,35
-21.0773,-69.0136,108.812,4.1,25,60.0,0.444,1.07,us,5.9,5.937,0.174,9
4.6976,96.901,10.182,4.6,48,59.0,0.53,0.67,us,5.47,4.255,0.085,41
51.8821,160.0998,35.0,4.4,23,137.0,1.447,0.81,us,11.12,1.951,0.127,18
50.9895,159.1153,10.0,4.6,32,135.0,2.295,0.64,us,10.55,1.919,0.113,23
-7.5021,127.7856,165.364,4.6,67,33.0,3.633,0.45,us,7.1,7.133,0.067,66
-58.0191,-25.0111,35.0,4.6,28,55.0,7.42,0.67,us,8.2,1.881,0.128,18
51.7149,159.8915,10.0,4.3,18,137.0,1.516,0.89,us,6.41,1.82,0.16,13
51.2431,179.7669,54.379,3.7,45,221.0,0.322,0.48,us,5.85,9.369,0.103,24
18.9279,145.5098,196.688,3.9,18,122.0,3.676,0.51,us,13.89,8.759,0.162,12
52.6896,159.0092,61.378,4.2,22,137.0,0.399,0.95,us,11.51,3.895,0.115,21
-2.6246,129.5177,10.0,4.4,22,50.0,1.924,1.04,us,6.26,1.882,0.127,18
51.4462,159.6896,10.0,4.8,67,74.0,1.704,0.75,us,6.42,1.833,0.066,71
48.2169,154.44,49.918,4.1,22,136.0,5.317,0.61,us,10.83,9.2,0.14,14
-4.3236,136.1024,10.0,4.3,24,84.0,2.219,0.62,us,5.7,1.879,0.142,15
53.4022,158.7845,123.012,4.9,227,63.0,0.388,0.53,us,9.41,4.882,0.023,595
10.8902,123.9522,10.0,4.6,45,122.0,6.302,0.62,us,12.59,1.9,0.093,34
49.2022,156.0021,55.741,4.3,24,183.0,4.054,0.78,us,12.6,9.715,0.153,13
-58.9971,-23.5339,10.0,4.0,13,93.0,19.325,0.47,us,8.9,1.904,0.183,10
25.8169,-45.3491,10.0,4.4,53,141.0,18.373,0.41,us,15.54,1.93,0.08,45
-41.1978,172.5809,6.692,4.3,38,62.0,0.374,0.59,us,4.98,5.568,0.217,6
-6.3772,154.4982,60.089,4.8,46,63.0,3.181,0.54,us,4.48,7.592,0.082,46
-2.0432,139.0376,30.792,4.9,57,40.0,1.033,0.58,us,5.81,5.153,0.076,55
-2.2304,139.1037,35.0,5.0,53,60.0,1.068,0.74,us,6.5,1.88,0.071,63
-24.2968,-179.9884,533.552,4.5,124,77.0,5.261,1.16,us,10.97,6.126,0.049,132
8.1476,58.7081,10.0,4.5,63,68.0,16.874,0.83,us,11.3,1.898,0.074,54
43.2761,-28.9956,10.0,4.7,62,123.0,6.108,0.94,us,10.34,1.893,0.043,164
39.1954,28.2157,10.0,4.8,52,37.0,1.027,0.6,us,4.11,1.889,0.114,24
3.7982,126.1129,72.496,4.2,17,146.0,1.123,1.18,us,10.21,15.584,0.176,11
52.2098,161.1151,10.0,4.5,28,162.0,1.71,0.89,us,10.96,1.954,0.104,29
-8.7327,118.3244,142.165,3.9,25,86.0,0.55,0.88,us,6.58,5.235,0.195,7
30.0272,131.2318,35.0,4.5,27,141.0,1.622,0.51,us,4.87,1.938,0.124,19
-7.2499,120.2784,577.946,4.6,52,47.0,2.282,1.07,us,11.14,8.933,0.104,28
51.1478,159.3769,10.0,4.7,18,138.0,1.931,1.35,us,10.87,1.934,0.159,12
-10.9721,163.8334,10.0,4.1,11,212.0,4.117,0.98,us,12.51,2.024,0.197,7
59.9692,-29.7573,10.0,4.4,22,168.0,6.191,0.62,us,13.11,1.957,0.144,14
52.5018,160.6432,10.0,4.2,49,119.0,1.319,0.71,us,9.12,1.899,0.084,40
-21.4489,-66.4781,225.189,4.0,50,67.0,2.173,0.99,us,8.4,8.046,0.126,17
-25.3374,179.8969,499.395,4.2,37,121.0,7.747,0.84,us,14.64,9.764,0.104,26
1.6371,123.0396,10.0,4.6,22,70.0,2.317,0.96,us,8.53,1.907,0.152,13
13.1253,144.6479,64.001,4.8,43,123.0,0.509,0.3,us,11.25,6.153,0.054,105
51.29,159.761,10.0,4.3,18,194.0,1.866,0.3,us,11.65,1.979,0.161,13
-26.3068,71.787,10.0,4.5,33,64.0,41.153,0.49,us,14.13,1.883,0.113,23
52.4459,160.6624,10.0,4.3,30,120.0,1.353,0.61,us,9.52,1.908,0.125,22
5.0719,125.6202,43.832,4.4,39,60.0,0.365,0.71,us,7.08,5.891,0.102,28
-63.6798,173.3616,10.0,4.6,23,117.0,11.786,0.41,us,13.07,1.91,0.129,18
13.5682,-92.4025,10.0,4.7,59,164.0,1.283,0.83,us,7.69,1.925,0.031,305
-8.3941,148.9013,66.558,4.9,44,61.0,1.992,0.96,us,10.0,6.829,0.096,35
53.3119,160.7704,35.0,5.1,72,95.0,1.309,0.79,us,8.56,1.87,0.039,214
2.9711,-31.3085,10.0,4.5,34,90.0,20.039,0.96,us,9.83,1.647,0.099,30
-6.4693,142.7868,10.0,4.6,39,98.0,3.256,1.14,us,4.97,1.885,0.107,26
-49.0079,124.7052,10.0,4.1,17,136.0,16.835,0.55,us,13.8,1.842,0.145,13
-20.0054,-178.2834,622.929,4.6,76,120.0,4.134,0.63,us,12.74,5.763,0.066,68
53.4214,170.5529,35.0,4.3,59,159.0,2.249,1.03,us,10.59,1.863,0.059,83
-5.5745,147.0821,216.117,4.4,25,145.0,3.519,1.24,us,11.98,10.68,0.126,18
-33.4808,-70.0832,113.693,4.1,23,128.0,0.086,0.3,us,5.9,5.084,0.3,3
52.0887,160.897,10.0,4.2,26,144.0,1.661,0.38,us,11.36,1.938,0.128,17
-26.9539,-71.4965,26.241,4.0,13,155.0,0.594,0.44,us,8.24,7.285,0.258,4
-36.939,-73.7837,20.99,4.4,59,105.0,2.242,0.53,us,6.87,5.61,0.084,47
50.4088,157.936,10.0,4.5,37,134.0,2.656,1.01,us,12.58,1.907,0.057,92
61.1676,-28.0776,10.0,4.3,50,150.0,4.731,0.79,us,11.61,1.932,0.084,40
52.9096,160.3364,35.0,4.4,50,165.0,1.026,0.97,us,9.74,1.956,0.086,39
51.6771,161.082,10.0,4.8,34,123.0,2.011,1.26,us,10.42,1.915,0.103,29
52.7896,-169.6989,45.95,3.8,34,170.0,0.543,0.83,us,9.74,7.099,0.104,24
-2.9038,136.2918,10.0,4.9,26,56.0,1.779,1.1,us,6.94,1.761,0.099,32
52.6478,160.2382,35.0,5.4,37,118.0,1.034,0.89,us,9.18,1.903,0.117,25
-9.6707,152.7941,10.0,4.7,37,159.0,5.564,0.59,us,9.54,1.867,0.105,28
52.8794,160.8061,10.0,4.5,39,173.0,1.312,1.33,us,6.3,1.946,0.099,30
51.8525,160.4306,10.0,4.9,34,137.0,1.601,0.63,us,10.96,1.922,0.125,20
-18.957,-174.975,191.174,4.5,22,109.0,4.777,0.73,us,15.33,12.28,0.121,20
-4.7558,152.7685,50.626,4.4,28,154.0,0.824,0.84,us,10.4,7.903,0.118,21
15.0734,-91.2919,192.348,4.5,64,83.0,0.571,1.08,us,5.85,5.225,0.044,152
43.4997,147.4291,35.0,4.4,38,184.0,3.478,0.92,us,14.28,1.99,0.09,35
1.1183,97.0085,10.0,4.2,23,182.0,2.472,0.85,us,11.99,1.946,0.152,13
50.7248,158.2866,35.0,4.3,27,138.0,2.313,0.74,us,9.79,1.94,0.119,20
41.219,142.4005,50.834,4.5,72,133.0,0.977,0.55,us,3.55,7.351,0.063,73
13.162,126.5517,10.0,4.3,22,155.0,9.704,0.92,us,13.38,1.941,0.129,17
-60.9261,-62.1434,10.0,4.2,9,147.0,3.96,0.42,us,12.8,1.962,0.187,8
50.6089,158.6547,10.0,4.4,32,138.0,2.418,0.75,us,11.81,1.918,0.109,24
45.8853,148.546,183.077,4.1,116,93.0,4.143,0.56,us,6.72,6.686,0.055,100
-22.2024,-179.5728,590.176,4.3,39,133.0,4.965,0.48,us,13.23,8.145,0.102,27
52.2453,-168.4568,10.0,3.6,39,188.0,0.767,0.7,us,3.63,1.954,0.158,11
53.5979,160.1821,56.565,4.3,67,133.0,1.085,0.55,us,8.83,7.307,0.072,55
52.6854,160.265,39.38,4.2,18,156.0,1.036,0.98,us,12.7,12.386,0.136,15
42.3005,144.6126,41.853,4.5,74,134.0,1.119,0.7,us,3.15,7.024,0.052,108
-33.9048,-178.86,10.0,5.1,39,84.0,4.316,1.04,us,8.45,1.843,0.096,37
-28.2016,-69.3968,89.792,4.2,25,54.0,1.195,1.39,us,4.47,10.19,0.235,5
52.8477,161.1145,10.0,4.9,84,133.0,1.502,1.02,us,10.63,1.79,0.034,263
56.5393,-4.3366,10.0,3.9,13,203.0,1.381,0.74,us,6.34,1.993,0.513,1
29.3015,129.1007,10.0,4.6,38,104.0,2.491,1.12,us,6.2,1.437,0.098,31
-6.9786,127.3578,300.518,4.3,20,85.0,5.03,1.17,us,10.97,8.553,0.189,8
52.5123,160.629,10.0,4.2,29,163.0,1.307,0.94,us,12.31,1.955,0.128,17
50.7794,156.963,87.079,4.3,36,138.0,2.376,0.58,us,12.81,7.806,0.107,25
-6.0279,150.2339,35.0,4.7,24,90.0,2.467,0.5,us,10.35,1.933,0.138,16
49.831,157.0212,35.0,4.3,32,135.0,3.309,0.87,us,12.4,1.937,0.109,24
53.0907,161.4103,10.0,4.2,19,167.0,1.667,0.82,us,12.74,1.974,0.147,13
-23.0953,-67.9696,155.337,4.6,29,46.0,0.24,0.93,us,7.05,3.17,0.123,20
51.4172,159.6107,28.721,4.2,17,244.0,1.714,0.59,us,14.61,10.261,0.146,14
38.8671,70.5452,10.0,4.2,27,150.0,1.104,1.02,us,4.62,1.925,0.159,11
-55.2936,-28.1682,29.119,4.0,13,198.0,4.92,0.24,us,19.14,8.307,0.197,7
35.9579,-10.1769,10.0,4.0,14,157.0,3.497,0.98,us,7.85,1.956,0.365,2
-37.6588,51.7353,10.0,4.4,21,91.0,8.765,0.83,us,10.27,1.65,0.139,15
9.1609,122.607,10.0,4.5,22,100.0,3.602,0.74,us,7.53,1.912,0.132,17
-28.5559,-176.8027,35.0,4.6,22,127.0,1.203,0.79,us,10.99,1.936,0.123,20
5.9851,-77.569,10.0,4.3,21,126.0,3.426,1.3,us,8.78,1.939,0.126,18
51.3378,159.3872,32.999,4.7,110,137.0,1.748,0.6,us,11.19,5.692,0.057,94
-16.726,-173.5381,77.373,4.2,16,129.0,3.273,0.39,us,15.32,9.299,0.152,12
1.453,126.4287,52.071,4.3,27,98.0,3.393,0.74,us,9.35,8.298,0.138,17
51.6683,-174.866,35.0,3.7,29,199.0,0.676,0.71,us,2.75,2.016,0.071,51
36.0353,138.9697,129.454,4.1,41,136.0,0.796,1.11,us,9.61,6.501,0.097,29
46.2204,153.1124,10.0,5.0,62,126.0,7.507,0.52,us,10.18,1.868,0.056,100
15.1935,120.0363,65.313,4.5,33,91.0,7.647,0.92,us,5.25,8.414,0.098,31
34.5711,34.1328,10.0,4.8,79,64.0,0.766,0.81,us,3.38,1.857,0.042,175
40.5173,142.8907,27.327,4.4,19,151.0,1.416,0.62,us,8.35,7.472,0.178,10
-14.3466,166.454,10.0,4.3,16,183.0,1.312,1.06,us,10.78,1.967,0.153,12
-5.8611,110.8421,516.001,4.1,25,55.0,1.246,0.66,us,8.87,8.488,0.14,14
3.7252,127.3883,47.66,4.2,26,107.0,2.151,0.62,us,7.35,8.612,0.124,18
-20.0073,-177.8381,576.483,4.1,37,194.0,4.4,0.75,us,15.98,12.148,0.085,38
-18.5151,-70.6429,41.784,4.1,21,149.0,0.32,1.2,us,7.69,8.384,0.198,8
-6.8229,129.7353,165.067,4.5,36,91.0,2.292,0.84,us,11.54,8.401,0.102,31
-20.7248,-68.9776,100.041,4.1,18,87.0,0.572,0.62,us,4.23,5.79,0.174,9
-60.4935,-26.2138,10.0,4.5,20,116.0,14.531,0.54,us,15.81,1.912,0.14,15
-5.2184,129.7433,236.861,4.1,19,61.0,0.71,0.53,us,9.48,7.394,0.157,12
-5.8589,146.5567,103.86,4.9,69,101.0,3.573,0.77,us,9.71,7.172,0.072,60
50.1277,158.5947,10.0,4.4,57,134.0,2.9,0.58,us,10.66,1.905,0.076,49
10.3125,-62.5177,69.497,4.1,22,100.0,2.045,0.75,us,8.23,12.505,0.214,6
53.0425,161.1586,29.721,4.3,33,135.0,1.515,0.64,us,11.81,6.303,0.113,22
13.9134,144.6483,148.056,3.8,10,102.0,0.387,1.14,us,13.98,9.878,0.227,6
52.429,160.7348,10.0,5.3,197,51.0,1.401,0.5,us,7.56,1.765,0.04,213
15.9531,-96.6817,35.0,4.4,101,167.0,0.45,0.91,us,5.64,1.936,0.047,130
53.4664,-166.8016,74.179,4.3,125,149.0,0.331,0.92,us,4.32,5.426,0.047,126
26.7568,129.6439,10.0,4.4,14,99.0,1.228,0.57,us,7.26,1.885,0.179,9
48.8934,154.9143,77.835,4.2,27,135.0,4.571,0.68,us,12.44,8.72,0.131,16
49.9782,158.4247,10.0,4.6,114,135.0,3.053,0.6,us,8.29,1.882,0.055,101
-9.6505,152.7467,10.0,4.9,61,108.0,5.357,0.76,us,8.77,1.882,0.078,52
-14.4629,167.3649,103.223,4.3,17,162.0,0.991,0.32,us,12.95,7.254,0.177,9
51.3367,160.2931,10.0,4.3,34,136.0,1.969,0.67,us,11.72,1.926,0.111,23
53.2871,161.6454,10.0,4.7,48,115.0,1.823,1.04,us,6.08,1.881,0.064,73
50.2685,158.5438,10.0,4.7,39,133.0,2.76,0.81,us,6.78,1.708,0.072,67
49.9338,157.562,10.0,4.8,76,116.0,3.168,1.17,us,8.21,1.861,0.026,469
-5.6947,146.1066,81.099,4.3,28,87.0,3.831,0.64,us,9.12,2.208,0.137,15
50.2399,156.8558,57.734,4.5,36,138.0,2.92,0.56,us,10.06,8.25,0.106,26
52.566,160.2341,35.0,5.3,33,121.0,1.065,0.62,us,5.38,1.87,0.132,19
52.1684,179.5168,171.368,4.3,68,58.0,0.171,0.67,us,8.07,5.104,0.056,89
-29.2558,-112.2399,10.0,5.2,171,114.0,3.328,0.63,us,12.21,1.888,0.034,281
-29.2033,-69.7012,133.436,4.1,34,67.0,0.844,0.88,us,7.01,7.344,0.213,6
-28.6565,-67.5824,122.516,4.1,17,176.0,2.558,0.92,us,5.32,11.846,0.303,3
8.8225,-84.0746,10.0,4.3,21,145.0,0.916,0.44,us,6.43,1.914,0.178,9
-19.8008,-177.8295,572.2,4.3,21,122.0,4.244,0.46,us,14.23,10.808,0.129,17
-22.1436,-179.7559,606.114,4.4,50,135.0,4.837,0.81,us,13.69,8.541,0.084,42
-22.7543,-175.0961,10.0,4.6,28,133.0,6.96,0.78,us,14.06,1.893,0.081,45
80.0538,-0.1335,10.0,4.2,44,125.0,2.489,0.95,us,5.77,1.931,0.089,35
35.4073,20.488,38.482,4.0,16,235.0,2.115,0.95,us,10.0,11.945,0.183,8
5.4211,126.0271,83.491,4.9,85,41.0,0.875,1.02,us,6.72,6.576,0.045,159
-1.0068,125.8137,54.918,4.0,8,118.0,2.352,0.07,us,13.47,11.947,0.26,4
-26.6233,-176.0182,10.0,4.3,10,139.0,9.376,0.54,us,15.57,1.918,0.143,15
11.0653,-69.1312,10.0,4.2,12,212.0,1.666,1.42,us,8.79,1.982,0.2,7
10.5421,40.4906,10.0,4.2,20,125.0,2.422,0.42,us,9.71,1.895,0.153,12
51.1875,159.7868,10.0,4.4,27,125.0,1.968,1.38,us,8.84,1.94,0.13,19
41.5353,141.981,66.838,4.3,42,127.0,1.002,0.84,us,5.19,8.431,0.102,27
45.9826,150.8201,129.505,4.3,45,125.0,5.653,0.95,us,10.47,8.194,0.087,37
50.2153,158.0272,10.0,5.1,77,125.0,2.839,0.92,us,9.43,1.877,0.033,288
50.6975,158.3757,26.399,4.3,80,121.0,2.335,0.67,us,8.8,5.427,0.067,65
-15.9149,-69.6124,222.783,4.7,67,104.0,1.472,0.87,us,9.5,5.559,0.029,361
16.4189,-62.0859,172.223,4.3,50,75.0,0.53,0.49,us,6.37,5.49,0.084,42
9.2566,93.9113,10.0,4.1,19,198.0,5.661,0.33,us,6.25,1.954,0.151,13
50.6561,156.7776,69.15,4.0,22,129.0,2.521,0.63,us,13.76,8.801,0.143,13
-4.6963,153.0005,64.407,4.5,66,117.0,1.046,0.73,us,8.89,6.529,0.073,59
-20.5191,-178.3834,549.345,4.7,112,48.0,4.355,0.64,us,11.28,6.022,0.03,347
-59.0596,-25.1373,35.0,4.9,51,67.0,15.54,0.57,us,7.56,1.758,0.083,46
-33.6417,-179.3442,35.0,4.6,19,162.0,4.355,0.65,us,9.83,1.967,0.146,14
-24.194,-67.5143,206.826,4.1,15,179.0,1.379,0.63,us,5.7,10.44,0.235,5
-3.233,101.2736,35.0,5.1,91,50.0,2.018,0.67,us,9.46,1.828,0.054,116
-18.1439,-179.3826,647.752,4.6,107,44.0,2.041,0.83,us,10.66,4.657,0.029,352
51.7178,158.1362,75.248,4.2,24,124.0,1.345,0.87,us,10.77,7.862,0.117,20
-23.8733,-68.3455,122.55,4.4,32,57.0,0.93,0.63,us,6.78,8.066,0.127,18
9.3592,93.818,10.0,4.5,36,94.0,5.764,0.95,us,10.49,1.903,0.11,24
-14.6197,167.2913,182.26,4.3,26,71.0,0.827,0.82,us,10.83,5.358,0.122,19
41.0425,83.5209,10.0,4.4,30,110.0,3.255,0.64,us,9.36,1.954,0.149,14
41.3365,142.8344,52.931,4.6,98,134.0,0.72,0.68,us,8.1,5.06,0.054,101
50.8384,158.7659,10.0,4.5,63,127.0,2.367,0.82,us,8.79,1.902,0.068,68
7.3415,127.3082,10.0,4.6,29,80.0,1.737,0.74,us,4.4,1.901,0.122,20
45.2191,147.2981,10.0,4.3,19,148.0,3.532,0.73,us,11.83,1.923,0.154,12
15.0057,-94.3952,10.0,4.1,34,151.0,1.818,1.02,us,6.27,1.712,0.091,33
49.1092,155.9927,46.79,4.4,22,129.0,4.146,0.69,us,11.63,8.854,0.149,13
52.867,160.9443,10.0,4.4,21,147.0,1.977,0.89,us,9.75,1.948,0.162,11
-6.6341,148.3083,61.786,5.2,64,75.0,2.978,0.54,us,7.71,7.393,0.078,54
50.7638,158.0584,35.0,4.7,15,137.0,2.292,0.79,us,13.39,1.948,0.147,14
52.0828,161.7033,10.0,4.1,20,125.0,2.089,0.77,us,10.29,1.918,0.175,9
41.1481,141.7657,59.102,4.3,21,162.0,0.64,0.41,us,7.62,8.277,0.153,12
-11.9603,166.1371,70.99,5.0,83,115.0,3.617,0.99,us,10.43,7.066,0.067,71
51.5092,159.126,35.0,6.0,83,53.0,1.545,0.83,us,7.47,1.863,0.078,62
52.6231,160.6758,10.0,4.3,37,120.0,1.293,1.03,us,9.2,1.904,0.103,27
-2.1019,138.9885,35.0,4.6,41,75.0,0.972,0.48,us,5.64,1.414,0.091,36
50.5716,159.2754,10.0,4.6,63,132.0,2.486,0.76,us,8.86,1.891,0.069,62
10.9002,123.9972,10.0,4.3,24,131.0,4.114,0.67,us,15.11,1.923,0.134,16
-16.0544,-71.3476,157.298,4.2,12,264.0,2.351,0.62,us,10.89,12.465,0.159,11
-16.0175,-177.2411,429.605,4.4,67,111.0,3.287,0.96,us,14.44,7.336,0.077,49
49.2985,157.5274,10.0,4.3,37,137.0,3.796,1.05,us,9.27,1.901,0.102,27
51.2958,159.4283,28.491,4.5,38,137.0,1.796,0.89,us,13.46,6.337,0.101,29
37.4578,21.7777,10.0,4.3,24,127.0,0.302,0.52,us,4.69,1.904,0.154,12
50.9034,157.1358,82.018,4.5,64,134.0,2.236,0.68,us,5.17,6.923,0.06,82
2.0052,127.1018,49.412,4.4,25,142.0,1.253,0.66,us,6.12,10.127,0.139,15
-26.3858,-177.7972,196.517,4.4,76,127.0,9.419,0.7,us,13.84,6.193,0.068,62
-22.1385,-179.8,606.632,4.1,19,205.0,4.815,0.54,us,23.24,29.791,0.126,18
-32.1158,-68.3992,126.63,4.9,201,42.0,0.614,0.6,us,7.1,5.814,0.038,214
50.0588,158.374,17.105,4.3,17,138.0,2.974,0.36,us,14.5,5.531,0.154,12
42.1183,81.305,10.0,4.6,87,98.0,1.805,0.6,us,6.47,1.89,0.064,72
38.9238,70.8581,10.776,4.5,131,60.0,0.917,0.82,us,3.33,3.845,0.052,112
33.1158,141.9006,10.0,4.3,31,141.0,1.751,0.66,us,7.34,1.908,0.123,19
49.9213,159.502,10.0,4.3,44,135.0,3.152,0.61,us,6.17,1.801,0.086,38
-26.9364,179.1625,540.765,4.3,33,129.0,10.619,0.37,us,15.96,11.09,0.102,27
-1.1583,129.6805,10.0,4.6,30,55.0,1.605,0.86,us,6.88,1.894,0.117,22
52.0204,159.5786,71.934,4.4,25,138.0,1.154,0.88,us,10.1,7.042,0.12,20
49.9492,156.5751,70.919,4.8,135,132.0,3.24,0.76,us,9.41,6.881,0.05,121
51.6973,159.5179,35.0,4.9,117,123.0,1.431,0.99,us,8.77,1.908,0.054,107
52.8847,160.7586,10.0,5.3,89,106.0,1.283,0.65,us,8.32,1.859,0.04,209
-5.4216,34.9942,10.0,4.3,10,108.0,4.302,0.64,us,12.52,1.904,0.178,9
-27.4856,-177.2562,404.6,4.5,39,142.0,10.616,0.9,us,14.71,10.724,0.097,31
9.169,126.2239,67.09,4.8,67,92.0,2.181,0.84,us,10.95,6.746,0.049,127
-19.6435,169.0822,127.736,5.0,47,123.0,3.326,0.61,us,10.62,7.49,0.042,179
-15.0574,-178.5268,420.677,4.4,17,144.0,2.468,0.69,us,11.66,9.057,0.139,15
-5.7849,154.2729,142.013,4.2,24,128.0,2.631,0.37,us,12.24,7.398,0.121,20
23.2606,123.0482,10.0,4.6,45,95.0,1.201,1.19,us,5.24,1.9,0.114,24
50.3139,157.1431,35.0,4.1,20,193.0,2.82,0.74,us,13.48,1.978,0.145,13
48.5464,157.2603,10.0,4.8,93,122.0,4.568,0.71,us,11.67,1.864,0.046,144
41.0006,141.958,67.663,4.2,50,141.0,0.709,0.39,us,6.38,5.448,0.097,30
58.9715,-31.6029,10.0,4.4,13,181.0,7.554,0.34,us,11.72,1.901,0.178,9
51.133,157.7814,71.682,4.0,34,127.0,1.968,0.68,us,12.16,8.13,0.092,32
49.7119,157.2208,35.0,4.1,37,134.0,3.414,0.68,us,10.39,1.944,0.103,26
51.6326,159.3946,10.0,4.6,28,127.0,1.466,0.53,us,8.86,1.887,0.141,22
-18.6769,-178.0027,491.982,4.4,32,164.0,3.326,0.29,us,14.42,8.4,0.103,27
52.6604,160.6055,48.152,5.6,38,65.0,1.241,0.8,us,10.56,6.868,0.103,33
13.967,-92.5853,22.359,4.6,71,157.0,1.158,1.25,us,6.19,7.071,0.03,329
-2.7821,102.3375,170.385,4.4,43,151.0,1.685,0.76,us,11.69,8.85,0.092,34
-37.9216,51.7886,10.0,4.7,55,83.0,19.251,0.81,us,12.95,1.851,0.084,43
45.0276,149.2607,88.021,4.5,51,143.0,4.85,0.43,us,11.59,8.151,0.081,45
51.2831,159.1547,35.801,4.7,92,124.0,1.771,0.56,us,7.82,6.984,0.063,76
52.474,160.6684,26.903,4.3,15,121.0,1.344,0.51,us,9.65,6.399,0.177,9
51.2896,158.5078,40.968,4.2,57,132.0,1.739,0.48,us,12.04,7.949,0.077,47
54.4799,-159.9228,35.0,3.4,20,203.0,0.402,0.69,us,6.29,2.007,0.283,3
-31.7194,-71.7969,32.539,4.4,39,146.0,0.77,0.64,us,5.31,5.877,0.154,12
-56.5699,-25.8427,35.0,4.9,47,87.0,6.478,1.23,us,12.21,1.938,0.077,53
-15.7324,-75.1923,19.376,5.1,49,143.0,4.053,0.77,us,9.94,4.923,0.047,148
50.1735,88.1714,10.0,4.2,20,135.0,3.483,0.68,us,9.24,1.935,0.141,14
53.3142,160.5301,35.0,4.4,29,169.0,1.715,0.93,us,7.96,1.952,0.115,22
51.5969,158.5236,35.0,4.1,47,125.0,1.431,0.9,us,5.34,1.932,0.079,44
53.6533,160.0321,65.865,4.3,41,159.0,1.042,0.62,us,11.46,7.472,0.096,31
4.1563,126.7115,38.154,4.2,31,110.0,1.356,0.85,us,7.6,8.11,0.112,24
-23.3029,-176.97,151.949,4.5,26,165.0,7.233,0.7,us,13.86,8.08,0.124,20
51.4892,159.7334,10.0,4.9,131,81.0,1.675,0.65,us,7.32,1.797,0.052,115
57.0401,-33.7465,10.0,4.5,31,142.0,7.288,0.6,us,13.06,1.948,0.118,21
48.8521,-129.174,10.0,4.1,15,161.0,0.93,0.75,us,8.24,1.965,0.099,28
39.4265,21.7743,10.0,4.5,85,46.0,0.595,0.69,us,3.87,1.881,0.068,64
5.257,125.8825,106.753,4.5,38,76.0,0.658,0.72,us,6.5,6.616,0.099,30
28.1456,129.1021,59.049,4.3,43,129.0,1.498,0.67,us,9.7,7.86,0.091,34
52.0569,-172.2968,56.272,3.5,30,191.0,1.18,1.32,us,10.36,11.635,0.097,26
-8.8521,-74.5921,144.588,4.6,136,104.0,2.175,0.74,us,8.83,7.394,0.049,125
50.8083,159.4247,10.0,4.3,39,136.0,2.27,1.0,us,14.43,1.945,0.086,38
-5.8713,152.4003,10.0,4.5,20,154.0,1.598,0.63,us,5.62,1.923,0.145,14
-16.9629,168.5344,10.0,4.6,13,147.0,1.977,0.55,us,9.32,1.958,0.173,10
36.8318,134.788,390.441,4.1,68,47.0,2.341,0.56,us,8.21,8.08,0.074,56
51.6355,-175.1977,35.0,3.5,45,199.0,0.572,0.77,us,4.5,1.991,0.106,22
52.3185,160.5619,24.34,4.3,32,122.0,1.362,1.06,us,11.19,6.251,0.096,31
-0.1295,99.9834,10.0,4.6,25,167.0,2.797,0.94,us,10.07,1.928,0.137,19
17.5648,145.5746,176.024,4.3,16,103.0,2.32,0.67,us,10.44,9.292,0.153,13
-57.1362,-67.2125,10.0,4.7,24,146.0,2.222,0.56,us,14.89,1.964,0.127,19
-17.9614,-178.9021,544.976,4.5,35,131.0,2.214,0.69,us,15.46,7.447,0.124,20
-2.9076,137.0852,42.607,4.3,22,67.0,1.124,0.97,us,7.1,10.167,0.188,8
7.2409,126.7015,74.077,4.6,35,115.0,1.127,0.95,us,6.32,8.562,0.103,28
-56.7236,-23.9957,10.0,5.1,28,189.0,7.503,0.91,us,15.03,1.965,0.112,26
10.8819,123.8845,10.0,4.6,42,127.0,6.31,0.9,us,13.74,1.892,0.092,35
-3.3888,143.6484,10.0,4.6,17,75.0,3.067,0.37,us,10.67,1.899,0.137,16
-23.0609,-68.8495,103.357,4.1,22,66.0,0.627,0.72,us,4.91,4.662,0.165,10
-10.9112,164.88,10.0,4.6,18,134.0,5.044,1.05,us,10.14,1.916,0.173,10
-13.7828,-75.9595,53.102,4.3,20,142.0,1.981,0.82,us,7.96,9.173,0.148,13
50.191,-179.3977,10.0,3.7,52,243.0,1.413,0.55,us,6.66,1.978,0.115,19
-58.9791,-149.8336,10.0,4.6,23,108.0,23.689,0.66,us,14.75,1.915,0.119,21
18.6007,147.7537,10.0,4.0,13,172.0,3.834,0.33,us,14.5,1.962,0.231,6
51.6558,159.9843,10.0,4.9,73,109.0,1.596,0.87,us,8.05,1.862,0.027,472
54.5574,-160.0239,35.0,4.0,54,193.0,0.373,0.93,us,3.25,1.93,0.298,5
6.7129,123.6853,605.561,4.1,42,102.0,2.656,0.65,us,12.37,9.388,0.1,28
29.7534,129.6362,10.0,4.6,35,113.0,1.886,0.62,us,6.77,1.883,0.119,21
49.0866,157.9168,10.0,4.5,39,138.0,10.376,0.41,us,14.57,1.92,0.075,52
30.3359,138.4046,437.673,4.2,56,67.0,3.02,0.73,us,12.01,7.645,0.046,132
51.2485,159.5548,10.0,4.3,26,134.0,1.863,0.64,us,5.42,1.824,0.119,20
-32.682,-179.6924,10.0,4.3,7,250.0,5.137,0.15,us,13.72,2.011,0.188,8
51.3042,157.9211,68.817,4.8,70,114.0,1.779,0.81,us,8.65,6.967,0.037,229
51.1377,159.145,35.0,4.4,20,224.0,1.913,0.9,us,12.69,1.988,0.155,13
39.1701,28.1493,10.0,4.2,21,71.0,0.973,0.72,us,5.91,1.959,0.303,3
-8.392,119.4927,171.656,4.3,34,67.0,1.497,0.5,us,7.24,7.11,0.137,15
20.0407,121.4317,35.0,4.4,24,155.0,2.782,1.02,us,10.68,1.945,0.155,12
49.9151,155.9576,64.163,4.3,29,135.0,3.378,0.73,us,10.94,8.37,0.113,22
12.0871,143.284,35.0,4.2,21,148.0,2.149,0.79,us,12.19,1.964,0.131,16
-57.5918,157.0671,10.0,4.6,21,154.0,3.274,0.45,us,14.04,1.959,0.122,22
54.6313,161.5996,55.4,4.2,31,105.0,2.377,0.74,us,10.84,8.062,0.091,33
-25.4227,-177.1364,122.376,4.9,118,74.0,3.872,0.71,us,10.15,6.362,0.034,270
39.4433,26.0125,10.0,4.4,23,69.0,0.786,0.67,us,5.71,1.933,0.178,9
-5.1266,102.6714,38.826,4.1,14,180.0,1.37,0.74,us,10.06,9.509,0.197,7
-6.1582,147.7152,81.658,4.6,26,110.0,3.272,0.49,us,9.79,10.271,0.113,23
9.1134,93.8217,10.0,4.1,27,126.0,4.951,0.78,us,9.96,1.902,0.166,12
51.3143,159.0421,37.142,4.3,34,137.0,1.729,0.82,us,10.1,7.891,0.102,27
-24.7777,179.6101,520.95,4.2,36,76.0,7.147,0.68,us,10.58,9.716,0.081,43
-6.8874,116.5213,524.608,4.3,27,59.0,2.294,0.54,us,13.85,12.038,0.161,11
52.5181,160.1833,35.0,4.0,16,178.0,1.06,1.07,us,11.49,1.991,0.144,13
51.1335,159.4919,10.0,4.2,14,263.0,1.963,0.44,us,13.88,2.005,0.199,7
51.5978,159.6614,35.0,4.3,19,154.0,1.557,0.62,us,8.84,1.918,0.133,16
-18.6617,65.2233,10.0,4.2,16,95.0,2.062,0.75,us,6.43,1.884,0.176,9
-24.1591,-67.1015,183.203,4.1,24,102.0,1.556,0.7,us,9.43,9.832,0.212,6
-11.9721,165.4685,10.0,4.6,27,132.0,3.843,0.79,us,9.97,1.464,0.084,42
-23.9298,-179.5432,420.002,4.4,38,107.0,5.487,0.52,us,14.9,5.832,0.087,38
52.7983,160.5959,10.0,4.7,56,119.0,1.2,0.69,us,5.98,1.763,0.06,83
61.0366,-60.3505,10.0,4.2,25,115.0,4.682,1.32,us,8.43,1.949,0.124,18
9.3263,93.9061,10.0,4.9,47,149.0,5.066,0.37,us,11.52,1.912,0.092,37
49.1775,156.4662,35.0,4.8,151,116.0,4.012,0.5,us,9.61,1.893,0.032,307
36.0796,21.0918,50.162,4.4,39,114.0,1.285,0.7,us,5.12,7.578,0.131,17
23.5455,142.5787,57.979,4.5,38,146.0,3.553,0.88,us,15.33,8.465,0.097,31
50.9789,160.8626,10.0,4.4,24,132.0,2.462,0.74,us,7.09,1.898,0.123,19
39.6033,143.1196,29.008,4.3,29,143.0,1.97,0.37,us,8.66,6.898,0.133,17
52.3338,160.1487,35.0,5.4,37,123.0,1.144,0.9,us,8.56,1.928,0.086,46
52.1648,160.5199,26.845,4.4,14,153.0,1.428,0.6,us,10.93,8.255,0.179,9
51.8605,161.6829,10.0,4.1,22,167.0,2.191,0.45,us,6.91,1.976,0.157,11
52.274,160.4942,10.0,4.2,25,123.0,1.351,0.91,us,7.17,1.804,0.128,17
27.3684,96.9813,10.0,4.1,12,164.0,5.65,0.26,us,14.85,1.955,0.198,7
-19.0942,169.6384,10.0,4.2,26,109.0,4.057,0.81,us,8.52,1.914,0.121,19
-65.6088,-176.4487,10.0,4.6,17,158.0,13.276,0.84,us,14.87,1.963,0.146,14
43.3095,146.1939,35.0,4.3,23,200.0,2.586,0.61,us,7.24,2.009,0.142,15
-7.0417,150.3444,10.0,4.3,22,147.0,3.361,0.4,us,12.91,1.922,0.137,15
12.9859,40.8964,10.0,4.5,30,110.0,2.393,0.4,us,7.74,1.912,0.118,21
-20.6634,-177.6645,548.856,4.2,22,164.0,4.98,0.48,us,21.52,16.966,0.131,16
53.1098,161.4868,10.0,4.5,27,137.0,1.714,1.02,us,7.22,1.912,0.108,25
-9.5135,120.05,84.061,4.1,24,76.0,2.346,1.17,us,7.63,12.425,0.198,10
4.8281,127.6918,86.71,4.3,27,68.0,2.207,0.62,us,5.83,6.184,0.137,15
49.6322,155.4731,10.0,4.2,29,186.0,3.75,0.59,us,13.42,1.975,0.118,20
51.0086,158.7706,37.597,5.0,35,122.0,2.019,0.7,us,9.13,7.855,0.105,29
7.6037,126.9374,35.0,4.4,35,69.0,1.448,1.16,us,7.97,1.915,0.108,35
51.5504,159.5788,27.718,5.3,109,113.0,1.94,0.83,us,7.87,3.528,0.031,348
24.7905,95.4782,191.422,4.8,77,53.0,3.605,0.57,us,8.16,6.283,0.069,65
-60.2981,-62.0072,10.0,4.6,21,126.0,4.591,0.58,us,9.02,1.89,0.129,19
41.2616,142.4348,56.471,4.6,39,133.0,1.139,0.75,us,9.3,7.925,0.091,36
2.9239,128.3278,61.183,4.6,32,72.0,3.363,0.85,us,8.28,9.543,0.107,26
-61.132,159.5878,10.0,5.1,43,103.0,6.662,0.82,us,10.86,1.886,0.089,41
-33.0054,-70.4629,104.373,4.2,29,77.0,0.225,0.4,us,4.21,4.871,0.236,5
38.3179,20.4551,41.345,4.2,31,162.0,1.628,0.89,us,7.21,9.202,0.125,18
-24.5531,-70.5644,26.298,4.3,20,178.0,1.073,0.95,us,4.54,7.321,0.16,11
51.7989,158.6047,63.105,4.1,31,133.0,1.227,0.62,us,7.22,10.031,0.107,24
39.4639,142.7562,35.0,4.8,65,128.0,1.853,0.85,us,7.39,1.909,0.051,121
49.8497,157.0971,24.164,4.3,21,133.0,3.285,0.58,us,8.46,5.086,0.188,8
49.6954,156.2581,54.764,4.5,63,136.0,3.535,0.84,us,11.17,7.402,0.077,50
52.1522,160.744,26.096,4.2,12,124.0,1.547,0.62,us,10.57,6.934,0.146,17
-35.243,-105.9731,10.0,5.1,77,40.0,8.584,0.57,us,11.01,1.758,0.04,206
1.427,127.3958,82.03,4.3,30,131.0,3.801,0.72,us,14.91,6.423,0.102,27
-6.3469,148.469,65.598,4.8,37,59.0,3.303,0.7,us,9.4,8.106,0.094,35
36.7419,73.0538,10.0,4.5,26,110.0,1.632,0.81,us,8.48,1.919,0.113,23
-56.1936,-28.0196,118.051,5.0,58,67.0,5.21,0.9,us,11.69,6.518,0.074,61
-31.4822,-178.1921,35.0,4.5,13,166.0,2.241,0.32,us,14.46,1.934,0.181,10
40.0203,143.5318,10.0,4.9,125,121.0,2.013,0.62,us,7.15,1.718,0.05,127
-55.3643,-28.0803,10.0,4.4,15,117.0,4.981,0.65,us,10.45,1.93,0.178,9
51.8472,159.4575,59.483,5.0,84,133.0,1.278,0.52,us,10.03,7.087,0.053,115
51.0136,158.2839,35.0,4.5,27,167.0,2.026,1.29,us,6.07,1.953,0.124,19
32.2389,142.5224,10.0,4.5,24,149.0,2.446,0.55,us,8.87,1.922,0.131,17
49.7621,157.3928,31.214,4.4,44,126.0,3.356,0.8,us,5.55,5.658,0.095,34
50.4276,159.3625,10.0,4.5,23,135.0,2.637,0.58,us,12.69,1.922,0.131,17
1.4567,128.2043,106.214,4.6,48,80.0,3.826,0.5,us,8.34,8.523,0.088,39
54.5053,-159.8304,35.228,4.2,44,187.0,0.355,0.61,us,6.24,10.294,0.372,2
20.0387,121.4161,45.644,4.4,79,85.0,2.783,0.69,us,8.83,7.022,0.068,62
-22.7414,-12.7919,10.0,4.7,27,68.0,14.801,0.41,us,13.2,1.892,0.113,24
51.4695,159.0983,35.0,4.2,21,138.0,1.581,0.72,us,7.77,1.949,0.153,13
51.0138,157.2677,83.555,4.6,69,127.0,2.115,0.59,us,9.62,7.173,0.039,193
-18.3122,-177.8989,582.713,4.2,19,144.0,3.182,0.47,us,15.78,10.306,0.14,14
-21.4368,-66.7089,226.33,4.7,114,55.0,2.032,1.13,us,7.55,6.974,0.041,178
-24.1632,-67.5235,204.399,4.1,19,91.0,1.347,0.95,us,7.22,10.203,0.261,4
42.7785,146.4886,23.236,4.4,43,136.0,3.137,0.56,us,5.49,5.715,0.101,28
37.3275,142.1178,31.374,4.3,39,146.0,3.228,1.04,us,8.16,6.43,0.116,21
-34.8108,-108.6124,10.0,4.9,82,155.0,7.685,0.43,us,13.8,1.908,0.055,105
-9.9202,151.9658,10.0,4.4,20,92.0,4.766,0.9,us,8.96,1.894,0.143,14
26.3752,124.7013,10.0,4.3,20,86.0,2.032,1.05,us,7.67,1.935,0.238,5
48.2049,157.1677,10.0,4.6,78,136.0,4.916,0.75,us,8.02,1.886,0.048,128
-25.9624,-177.1884,113.105,4.6,30,133.0,9.293,0.84,us,14.64,7.302,0.098,31
27.1927,140.1665,457.226,4.5,95,53.0,1.801,0.68,us,10.72,6.82,0.03,327
49.8443,155.9729,68.381,4.6,86,127.0,3.442,0.52,us,10.13,6.961,0.051,115
-0.2772,132.4382,10.336,4.5,15,125.0,1.315,0.58,us,8.25,4.061,0.163,12
36.7861,25.7763,10.0,4.0,30,97.0,1.669,0.64,us,5.05,1.91,0.13,16
-20.0717,-69.273,92.922,4.1,36,101.0,0.132,1.24,us,6.95,9.107,0.145,13
14.0118,39.7718,10.0,4.5,64,62.0,3.883,0.72,us,9.65,1.906,0.078,48
7.4211,126.6735,72.946,4.2,30,130.0,1.141,1.03,us,9.37,8.027,0.115,21
52.8408,160.0032,46.784,4.8,84,127.0,0.839,0.8,us,9.52,6.872,0.034,265
2.6947,128.4941,220.634,4.4,49,89.0,2.218,0.85,us,6.92,8.271,0.095,32
31.352,50.2291,10.0,4.2,37,146.0,5.271,0.45,us,10.71,1.945,0.113,22
50.8477,158.6407,10.0,4.5,80,123.0,2.179,0.58,us,8.88,1.888,0.061,79
4.4657,-82.747,10.0,4.2,33,159.0,5.01,0.7,us,6.32,1.838,0.115,21
-5.1822,151.4686,133.166,4.0,21,162.0,1.032,0.39,us,11.18,4.437,0.133,16
-18.3819,-177.7835,568.771,4.4,37,90.0,3.312,0.64,us,15.2,10.844,0.102,28
52.4136,160.5695,10.0,5.2,76,103.0,1.318,0.8,us,10.41,1.864,0.043,178
-32.3033,-71.1697,81.874,4.1,31,149.0,0.307,0.53,us,3.5,5.939,0.302,3
52.9721,160.6757,35.0,4.5,21,205.0,1.225,0.57,us,12.24,2.003,0.18,9
52.5842,160.9213,10.0,4.4,43,115.0,1.447,0.52,us,8.94,1.903,0.09,36
-55.3861,-129.7475,10.0,4.5,25,54.0,30.722,0.75,us,14.22,1.845,0.127,18
-58.6924,-22.8409,10.0,4.4,17,105.0,15.362,0.72,us,12.96,1.837,0.143,14
52.286,160.2326,35.0,4.4,66,122.0,1.214,0.79,us,8.67,1.915,0.057,89
-22.8107,-70.3668,35.0,4.4,20,153.0,0.741,0.36,us,4.52,1.954,0.19,8
9.4941,-40.9517,10.0,4.4,27,148.0,12.386,0.6,us,14.24,1.943,0.112,23
51.8879,160.5654,10.0,4.0,24,155.0,1.633,0.84,us,10.73,1.974,0.133,15
52.0394,160.6021,10.0,4.2,30,67.0,1.547,0.67,us,10.19,1.909,0.118,20
39.7797,143.3081,37.034,4.2,26,155.0,1.991,0.73,us,7.5,8.767,0.175,11
28.2086,130.9833,10.0,4.6,50,130.0,2.389,0.45,us,4.8,1.871,0.093,35
-18.6545,169.1891,249.57,4.0,30,94.0,3.712,0.73,us,9.14,4.769,0.113,21
53.0606,161.3161,10.0,4.3,38,165.0,1.61,0.87,us,11.1,1.959,0.102,29
-49.0053,164.4197,35.0,4.4,27,116.0,3.226,0.79,us,9.4,1.973,0.179,9
65.7888,-37.771,10.0,4.8,69,72.0,5.305,0.66,us,9.98,1.904,0.031,316
33.7183,90.741,10.0,4.5,66,46.0,4.016,0.69,us,8.69,1.876,0.073,55
39.775,143.3234,10.0,4.4,24,178.0,2.003,0.5,us,3.78,1.951,0.154,12
53.1348,161.5712,10.0,4.4,31,153.0,1.766,0.63,us,10.35,1.922,0.115,22
51.1809,159.7617,10.0,4.4,20,222.0,2.311,0.42,us,11.4,1.982,0.154,14
50.0666,156.7262,129.65,4.2,47,127.0,3.106,0.53,us,11.06,7.191,0.074,51
52.2464,160.6859,37.754,4.0,17,161.0,1.465,1.0,us,12.65,8.828,0.164,12
-5.6183,147.2206,146.48,4.4,24,106.0,3.762,0.69,us,9.87,7.569,0.135,16
-2.8451,129.5201,10.0,4.6,55,50.0,1.71,0.52,us,2.71,1.873,0.072,57
-9.5022,112.7895,35.0,4.0,25,94.0,1.692,0.79,us,8.59,1.926,0.144,14
37.692,144.1293,10.0,4.9,107,125.0,3.902,0.67,us,8.93,1.871,0.037,226
-5.5332,152.3009,10.0,4.5,29,150.0,1.34,1.01,us,10.3,1.918,0.135,23
52.0447,160.1242,34.473,4.6,77,133.0,1.823,0.68,us,11.9,5.967,0.068,65
35.5645,24.8108,71.12,4.7,100,76.0,1.916,0.64,us,6.42,5.723,0.056,96
50.8089,-172.9607,10.0,3.7,33,202.0,1.594,0.62,us,6.34,1.647,0.134,14
27.4185,52.3957,10.0,4.1,59,83.0,4.216,0.64,us,7.83,1.843,0.078,45
-15.9117,-75.5832,10.0,4.5,15,143.0,4.088,1.32,us,8.87,1.833,0.204,7
-60.7713,-51.9006,10.0,4.7,38,67.0,6.864,0.67,us,5.14,1.812,0.126,19
-11.0683,111.1614,10.0,4.3,21,117.0,3.918,0.74,us,10.76,1.905,0.133,16
28.0704,139.5489,486.588,4.1,105,55.0,2.533,0.74,us,7.76,7.754,0.058,80
51.874,159.7088,35.0,4.4,26,177.0,1.321,1.07,us,12.41,1.974,0.126,18
-18.1893,168.064,45.78,4.7,34,86.0,2.849,0.62,us,8.65,7.565,0.089,38
26.6088,141.9373,10.0,4.4,16,151.0,0.533,0.84,us,6.24,1.948,0.179,11
3.444,126.4908,75.033,4.4,23,109.0,1.63,0.72,us,8.09,4.402,0.143,14
-37.7257,176.3594,189.552,4.3,26,142.0,0.68,1.02,us,6.52,5.091,0.125,18
12.6595,143.1289,125.891,4.5,45,67.0,1.93,0.52,us,11.66,8.77,0.093,34
51.4805,159.9432,10.0,4.1,26,135.0,1.738,0.66,us,11.76,1.924,0.131,16
13.4135,144.6427,84.047,4.4,39,118.0,0.28,0.5,us,12.63,6.167,0.102,28
1.9255,-30.7366,10.0,4.5,35,82.0,19.923,0.61,us,13.47,1.904,0.099,30
36.2039,36.1124,10.0,4.1,26,127.0,0.857,1.19,us,4.97,1.848,0.303,3
4.9609,125.3608,25.018,4.8,73,95.0,0.255,0.55,us,4.3,4.81,0.072,60
52.9141,160.666,10.0,4.7,53,154.0,1.224,0.87,us,9.66,1.918,0.059,87
50.6852,160.052,10.0,4.3,38,138.0,2.498,0.5,us,6.54,1.93,0.1,28
2.9167,66.1387,10.0,4.4,33,201.0,7.263,0.98,us,12.74,1.968,0.12,20
-4.4522,138.4343,167.912,4.1,30,109.0,0.624,0.93,us,7.99,5.832,0.107,24
52.7891,159.0738,104.367,5.1,41,150.0,0.891,0.91,us,11.44,6.374,0.101,32
-5.2184,154.277,173.523,4.3,29,157.0,2.34,0.44,us,13.17,7.956,0.106,25
15.2367,147.3542,10.0,4.5,25,151.0,1.508,0.68,us,8.9,1.932,0.128,18
10.6257,-86.065,42.685,4.4,79,196.0,0.765,1.06,us,9.19,10.886,0.068,62
49.6137,155.2641,86.763,4.3,40,134.0,3.817,0.44,us,11.96,8.368,0.09,35
38.0671,142.0114,59.785,4.3,50,122.0,2.816,0.49,us,3.89,7.627,0.091,38
7.1993,127.1256,17.436,4.4,30,131.0,1.54,0.72,us,10.54,4.894,0.112,23
54.5463,-159.9467,28.692,3.8,62,166.0,0.353,0.76,us,5.59,3.722,0.179,8
52.3954,160.1722,52.759,4.6,39,176.0,1.119,0.6,us,9.34,8.671,0.086,40
-24.1014,-67.1654,196.088,4.5,35,64.0,1.475,0.75,us,6.48,8.15,0.145,14
5.9556,94.9697,10.0,4.7,36,84.0,5.291,0.9,us,8.86,1.887,0.114,23
-52.7572,27.0588,10.0,4.3,9,122.0,20.862,0.39,us,11.74,1.913,0.189,8
51.1723,159.6536,10.0,4.2,19,231.0,1.955,1.05,us,11.36,1.957,0.147,13
51.694,-170.6741,18.771,4.5,90,138.0,1.193,1.26,us,5.87,5.06,0.037,211
49.0208,155.2144,60.603,4.4,46,135.0,4.382,0.66,us,11.51,7.675,0.087,38
-7.024,150.1524,10.0,4.8,45,99.0,3.281,0.78,us,10.47,1.878,0.079,49
50.9596,-179.1076,12.722,4.2,105,212.0,0.623,1.01,us,5.97,8.279,0.064,67
50.1652,158.1262,10.0,4.7,35,133.0,2.881,0.54,us,11.01,1.902,0.108,26
9.8304,122.169,10.0,4.3,28,102.0,4.348,0.49,us,5.65,1.876,0.125,18
21.0542,121.9886,10.0,4.9,113,78.0,1.947,0.75,us,7.74,1.856,0.043,169
-19.6551,-178.23,563.264,4.1,13,230.0,3.898,0.98,us,29.6,28.019,0.166,10
51.2292,158.1545,69.552,4.5,86,111.0,1.823,0.74,us,9.43,6.659,0.066,68
52.8242,159.4674,60.524,4.1,45,59.0,0.534,0.91,us,9.19,6.128,0.087,36
-4.2865,102.4076,69.631,4.4,33,168.0,0.551,0.53,us,10.25,6.158,0.117,24
52.0883,160.6467,21.806,4.4,41,108.0,1.537,1.09,us,7.63,4.682,0.095,32
52.3431,160.354,28.122,4.4,25,123.0,1.787,0.66,us,10.03,2.85,0.134,16
19.0137,96.264,10.0,4.6,69,58.0,1.634,0.57,us,6.06,1.867,0.074,54
52.6084,160.6974,35.0,4.2,31,188.0,1.31,0.76,us,12.06,1.98,0.128,18
28.1665,50.0367,10.0,4.4,73,93.0,6.386,0.54,us,10.5,1.903,0.07,60
24.4824,-46.3563,10.0,4.4,30,142.0,15.908,0.65,us,14.55,1.94,0.114,22
34.9872,104.603,10.0,4.7,63,46.0,1.218,0.75,us,6.86,1.884,0.06,85
30.3408,69.9587,10.0,4.6,41,96.0,4.22,1.2,us,8.58,1.776,0.099,30
51.4243,-174.3873,15.999,4.5,35,208.0,0.787,0.77,us,5.63,13.33,0.052,109
50.3702,158.9085,10.0,4.5,124,71.0,2.662,0.47,us,9.53,1.884,0.053,104
14.4811,144.1856,10.0,4.5,37,79.0,1.107,0.46,us,6.21,1.89,0.106,26
-8.9619,-108.8322,10.0,4.9,60,132.0,19.691,0.9,us,8.72,1.897,0.06,87
30.561,70.2875,10.0,4.0,37,241.0,4.061,1.18,us,12.41,2.008,0.149,12
16.3807,-59.5794,10.0,4.9,139,47.0,1.42,0.7,us,6.25,1.866,0.03,342
8.9743,93.9458,10.0,4.3,23,94.0,5.603,0.56,us,8.27,5.26,0.138,15
51.7025,159.1251,60.521,5.1,58,127.0,1.355,0.65,us,10.95,7.016,0.071,64
35.1996,139.0416,10.0,4.3,28,127.0,1.436,0.49,us,6.03,1.909,0.148,13
54.8127,-160.6053,43.058,4.2,39,158.0,0.588,0.53,us,4.26,9.283,0.216,6
-16.5437,-178.6879,501.047,4.0,15,282.0,1.864,0.57,us,28.03,15.966,0.172,10
51.3044,159.6645,10.0,4.6,46,86.0,1.832,0.96,us,8.23,1.873,0.084,43
52.3142,159.1879,82.068,4.1,23,137.0,0.782,0.97,us,10.47,7.116,0.131,18
51.6346,159.4151,38.24,4.9,74,126.0,1.468,0.91,us,8.23,6.992,0.065,74
-6.0832,102.9046,10.0,4.5,26,102.0,1.647,0.53,us,9.28,1.906,0.124,19
-27.861,-178.2142,10.0,4.6,16,145.0,1.402,0.89,us,6.1,1.916,0.158,13
52.4405,160.6459,10.0,4.1,34,134.0,1.347,0.52,us,11.53,1.919,0.111,22
-16.675,-71.5137,99.305,4.2,27,140.0,2.023,0.69,us,9.88,9.205,0.128,17
-33.0241,179.731,107.383,4.6,17,151.0,4.256,0.6,us,15.86,13.427,0.141,15
-10.7671,164.4381,10.0,4.4,27,128.0,4.614,0.62,us,10.09,1.92,0.123,19
17.4741,-94.6995,147.499,4.2,51,78.0,0.551,0.93,us,5.55,4.938,0.061,76
37.6698,138.8388,185.842,4.3,58,146.0,1.231,0.86,us,10.19,7.695,0.08,45
52.4626,160.6514,34.887,4.4,21,122.0,1.34,0.66,us,10.26,6.108,0.143,14
-23.8061,179.0328,544.666,4.4,45,142.0,6.1,0.64,us,14.88,9.05,0.086,39
37.4074,66.2685,10.0,4.3,29,145.0,2.498,0.69,us,9.75,1.976,0.2,7
52.8287,159.8657,35.0,4.0,24,140.0,0.761,1.17,us,10.91,1.968,0.122,18
31.1981,49.525,10.0,4.0,21,239.0,5.045,0.59,us,11.43,2.01,0.149,12
2.5343,126.1039,63.607,4.4,36,115.0,1.664,0.69,us,7.7,7.602,0.095,32
11.4894,-86.5096,69.57,4.5,155,84.0,0.704,0.64,us,2.36,7.467,0.037,217
7.5157,126.9389,20.631,4.4,33,65.0,1.42,0.97,us,8.95,5.74,0.105,26
37.642,77.8563,10.0,4.4,46,96.0,3.706,0.77,us,8.03,1.9,0.112,23
50.1684,158.5559,10.0,4.4,20,128.0,2.86,0.92,us,8.4,1.87,0.121,22
-5.7636,-80.7809,55.95,4.4,48,134.0,3.611,0.51,us,10.98,4.792,0.082,43
54.4643,-159.8395,36.259,4.2,128,193.0,0.395,0.64,us,5.97,10.062,0.166,10
-30.7555,-178.8389,101.387,4.5,16,74.0,1.7,0.67,us,14.43,8.915,0.144,14
-22.3676,-65.8268,270.762,4.8,95,59.0,2.249,0.97,us,9.02,6.93,0.03,347
-6.0187,127.7589,394.419,4.4,49,23.0,5.074,0.67,us,8.9,10.0,0.115,23
52.2526,160.4386,25.588,4.7,63,163.0,1.336,0.85,us,12.13,6.713,0.073,57
9.9192,-70.6755,10.0,4.9,61,95.0,1.03,1.11,us,7.28,1.871,0.075,55
49.8259,155.8697,78.996,4.3,40,137.0,3.48,0.42,us,13.67,8.493,0.104,26
-6.3743,149.3391,32.99,5.0,108,29.0,3.366,0.7,us,6.85,5.124,0.049,133
20.4797,144.8663,186.772,3.9,20,125.0,5.284,0.62,us,11.75,10.721,0.133,15
-12.0976,166.8112,341.269,4.2,24,159.0,8.747,0.39,us,18.28,8.54,0.118,20
49.3395,156.1103,59.872,4.5,38,190.0,3.904,0.48,us,12.15,8.112,0.084,42
-60.1407,-62.1748,10.0,4.5,17,130.0,4.731,0.68,us,10.12,1.921,0.139,15
-18.7103,-69.2268,127.514,4.0,50,78.0,0.459,1.1,us,5.61,5.87,0.084,40
-6.0449,105.1451,110.403,4.0,24,127.0,1.499,0.86,us,5.59,8.279,0.173,12
51.316,159.9795,10.0,4.4,16,161.0,1.896,0.86,us,7.47,1.953,0.178,9
49.3239,82.3489,10.0,5.2,199,37.0,2.507,0.61,us,6.75,1.835,0.042,188
-5.5512,146.6973,142.13,4.3,29,96.0,3.856,0.69,us,10.32,8.361,0.116,21
51.4268,159.555,28.582,4.4,31,127.0,1.693,0.69,us,9.95,5.95,0.107,25
34.6969,70.789,10.0,4.5,28,136.0,1.377,0.67,us,10.65,2.313,0.089,37
-23.4771,178.859,561.941,4.3,24,162.0,5.753,0.83,us,7.69,9.8,0.143,14
-9.4878,110.4116,10.0,4.0,18,93.0,2.423,0.96,us,4.84,1.946,0.197,7
-3.5148,140.67,35.0,4.7,37,65.0,0.994,1.05,us,3.89,1.892,0.096,33
29.2844,129.4519,10.0,4.6,45,106.0,2.38,1.04,us,8.27,1.898,0.087,39
0.6186,120.5447,26.093,4.8,64,96.0,0.543,0.47,us,6.38,5.373,0.079,50
52.2582,159.7259,50.987,4.2,21,166.0,1.009,0.75,us,10.43,8.301,0.152,12
51.9682,161.5235,10.0,4.7,64,126.0,2.05,0.99,us,3.2,1.87,0.048,133
-6.1955,155.0083,158.207,4.9,79,69.0,3.463,0.63,us,9.87,7.24,0.067,69
42.2673,144.4403,46.002,4.3,39,165.0,0.987,0.58,us,6.6,7.142,0.113,22
33.418,81.685,10.0,4.5,64,112.0,6.398,1.0,us,8.64,1.894,0.075,52
51.8378,159.4512,52.802,5.0,74,134.0,1.285,0.81,us,9.36,5.952,0.058,95
39.7996,23.4607,13.226,4.3,61,61.0,0.806,0.69,us,4.5,4.266,0.097,30
49.9132,155.8791,83.59,4.4,35,138.0,3.395,0.58,us,12.3,8.402,0.099,29
-16.2898,66.8529,10.0,4.7,42,57.0,4.781,0.48,us,11.34,1.854,0.093,35
52.761,160.6984,10.0,4.2,34,133.0,1.269,0.79,us,11.84,1.926,0.095,31
52.241,160.4042,35.0,4.7,87,155.0,1.326,0.56,us,9.9,1.948,0.058,89
3.9946,124.0914,425.338,4.8,163,20.0,1.566,0.72,us,8.77,6.152,0.044,161
-17.4643,167.9105,20.208,4.9,27,167.0,2.118,0.66,us,10.13,5.551,0.177,14
52.3254,160.39,10.0,4.4,26,119.0,1.269,1.19,us,7.64,1.856,0.117,21
58.9706,-30.6676,10.0,4.5,69,81.0,7.28,0.49,us,9.39,1.882,0.073,55
51.5708,159.0956,35.0,4.8,69,181.0,1.48,0.78,us,10.4,1.958,0.061,82
37.793,142.0056,58.649,4.3,23,133.0,3.08,0.5,us,8.08,7.705,0.2,8
52.5233,160.802,10.0,4.5,51,134.0,1.4,0.83,us,11.13,1.912,0.07,59
49.1978,156.007,35.0,4.2,30,137.0,4.058,0.4,us,7.71,1.848,0.125,18
10.8074,-62.9704,122.966,4.0,23,193.0,1.716,0.62,us,11.52,11.617,0.182,8
13.0447,145.6777,10.0,4.4,24,105.0,0.956,0.88,us,7.59,1.914,0.139,15
-6.2371,151.4888,10.0,4.7,20,154.0,2.141,0.52,us,13.4,1.909,0.091,40
51.3099,159.8509,10.0,4.1,19,193.0,1.869,0.34,us,11.25,1.99,0.145,13
7.3513,127.4086,10.0,4.9,38,60.0,1.837,0.76,us,7.13,1.88,0.098,33
48.3376,155.4721,10.0,5.1,61,95.0,4.981,1.01,us,10.49,1.824,0.065,76
50.2297,158.3352,29.28,4.1,14,232.0,2.805,0.61,us,10.21,8.114,0.213,6
2.6414,126.6645,35.0,4.4,45,75.0,1.985,0.91,us,4.42,1.91,0.102,28
52.4948,160.7915,38.703,4.9,108,117.0,1.405,0.66,us,9.2,6.844,0.04,198
54.7442,160.2389,10.0,4.2,31,111.0,1.964,0.53,us,9.97,1.868,0.071,56
-6.1547,151.4009,10.0,4.5,20,162.0,2.093,0.78,us,10.63,1.949,0.1,33
-20.9296,-173.148,10.0,5.0,69,63.0,3.546,0.77,us,11.37,1.829,0.06,88
9.6158,140.9692,35.368,4.4,20,80.0,5.494,0.8,us,9.64,8.502,0.17,10
49.0849,158.0317,10.0,4.5,43,138.0,3.963,1.12,us,11.81,1.883,0.089,37
-15.3566,-72.037,118.506,4.3,18,125.0,3.309,1.38,us,8.75,9.624,0.101,28
51.5311,160.4117,10.0,4.4,23,137.0,1.845,0.96,us,13.1,1.933,0.134,17
51.5715,-168.3461,10.0,3.5,39,187.0,1.437,0.8,us,5.94,1.979,0.097,26
50.9356,-177.1716,7.86,3.8,64,146.0,0.828,0.62,us,5.01,5.93,0.075,46
-10.4067,124.4798,10.0,4.4,26,84.0,0.68,0.83,us,3.95,1.917,0.144,14
13.7827,144.7929,159.547,4.3,21,97.0,0.206,0.7,us,7.89,2.767,0.142,14
2.0682,96.6309,26.827,4.5,43,181.0,1.211,0.54,us,7.44,6.437,0.09,36
-22.5347,-174.6256,10.0,4.9,60,121.0,5.581,1.27,us,12.82,1.862,0.077,53
52.198,160.0414,33.306,4.1,27,134.0,1.185,0.46,us,12.18,6.347,0.117,24
50.1143,157.001,37.985,4.6,85,127.0,3.03,0.69,us,10.69,6.683,0.064,74
16.3541,-98.8313,10.0,4.5,100,163.0,0.677,0.67,us,5.37,1.931,0.038,205
-6.1098,149.8655,35.0,4.3,19,129.0,2.978,0.36,us,10.48,1.956,0.142,14
-41.8024,85.1846,10.0,4.9,21,53.0,12.908,0.17,us,5.93,1.9,0.136,17
-52.7147,18.8986,10.0,4.5,13,134.0,20.37,0.77,us,17.7,1.931,0.164,11
51.627,159.3085,54.695,4.2,33,121.0,1.456,0.73,us,9.96,7.695,0.132,18
28.2717,-43.944,10.0,4.9,55,113.0,20.891,1.04,us,12.53,1.894,0.058,95
36.8209,45.0167,10.0,4.0,23,72.0,0.224,0.68,us,7.19,1.966,0.13,16
52.5928,160.9969,24.31,5.0,116,125.0,1.488,0.89,us,8.5,5.263,0.035,266
-5.7642,68.3192,10.0,4.4,21,65.0,4.42,0.51,us,10.57,1.789,0.138,15
21.2716,99.6496,12.1,4.4,49,87.0,0.057,0.46,us,6.86,3.725,0.093,37
51.3451,159.7239,33.793,4.2,20,152.0,1.806,0.69,us,9.57,8.124,0.167,10
54.0444,-159.7746,10.0,3.8,49,175.0,0.796,0.79,us,4.39,1.941,0.179,8
4.9341,126.4562,51.353,4.4,34,103.0,0.994,0.53,us,7.76,1.688,0.108,25
-26.7074,-175.8669,10.0,4.9,46,107.0,9.36,0.63,us,12.57,1.866,0.083,45
-15.6427,-173.8939,64.544,4.3,16,108.0,2.673,0.54,us,4.32,10.346,0.177,9
-22.2884,-67.3096,170.316,4.2,18,73.0,1.04,1.12,us,8.76,7.309,0.159,11
13.8676,145.119,107.614,4.3,27,104.0,0.369,0.78,us,9.22,6.358,0.126,18
52.6613,161.6762,10.0,4.3,20,147.0,1.871,0.95,us,10.94,1.953,0.169,10
-23.1952,-179.7067,582.437,4.0,17,129.0,5.815,0.74,us,18.23,14.213,0.164,10
-9.6347,113.7339,52.334,4.6,51,64.0,1.229,0.98,us,7.33,7.256,0.086,40
12.6159,40.3662,10.0,4.3,21,198.0,2.655,0.61,us,11.17,1.962,0.142,14
49.7005,155.3961,65.747,5.3,71,127.0,3.704,0.55,us,9.71,5.802,0.077,56
1.9802,126.5247,54.48,4.3,40,64.0,2.927,0.96,us,3.26,7.55,0.108,24
13.1316,124.1919,85.683,4.9,93,55.0,6.176,0.8,us,8.92,6.554,0.045,152
-31.0622,-178.6733,117.329,4.6,31,129.0,1.922,0.81,us,13.93,8.706,0.102,29
30.2518,79.4611,25.331,4.3,22,177.0,9.893,0.78,us,12.89,6.51,0.138,15
42.752,145.9512,35.0,5.2,79,122.0,2.197,0.66,us,8.33,1.866,0.026,486
48.7866,154.5091,80.415,4.4,34,135.0,4.773,1.05,us,9.81,7.185,0.085,40
51.8344,-175.1966,60.492,3.6,36,189.0,0.594,0.59,us,9.65,9.117,0.092,30
-22.5694,173.1224,10.0,4.4,11,209.0,5.245,1.37,us,17.57,1.972,0.189,8
11.0538,124.0366,10.0,4.5,42,62.0,4.242,0.74,us,11.59,1.901,0.1,33
51.2306,159.7408,10.0,4.4,20,253.0,1.917,1.15,us,14.8,1.999,0.134,16
-8.1338,119.7553,185.305,4.4,38,58.0,1.617,0.68,us,7.25,1.522,0.095,32
13.0649,-59.509,47.429,4.4,39,149.0,0.092,0.83,us,9.73,6.248,0.112,23
-7.0179,129.8029,111.775,4.5,38,93.0,2.481,0.61,us,9.17,7.558,0.097,31
53.0295,159.9195,55.946,4.3,44,133.0,0.767,0.47,us,11.25,6.53,0.099,29
51.2241,159.1106,43.286,4.2,15,221.0,1.824,1.01,us,4.5,8.895,0.216,6
-2.3416,100.7966,56.414,4.6,33,132.0,2.944,1.06,us,9.77,8.066,0.128,18
-47.9051,116.1308,10.0,4.5,19,97.0,14.984,0.78,us,13.93,1.874,0.131,17
12.2665,125.4801,43.118,4.4,42,107.0,5.165,0.78,us,10.56,6.751,0.098,30
53.0468,159.5216,73.927,4.7,163,125.0,0.527,0.71,us,9.3,6.013,0.033,272
6.7376,-73.0446,166.852,4.3,37,93.0,2.269,0.64,us,7.97,10.378,0.051,108
41.0269,14.8167,10.0,4.0,23,85.0,0.189,0.9,us,2.53,1.898,0.365,2
-11.0904,165.9177,35.0,4.5,23,152.0,4.508,0.7,us,15.11,1.984,0.131,17
7.3,126.8057,61.538,4.8,64,56.0,1.238,0.99,us,7.35,3.981,0.077,52
19.0029,39.1078,10.0,4.5,61,85.0,6.713,0.92,us,10.05,1.913,0.074,53
-19.8405,-175.8004,180.448,4.4,47,94.0,5.593,0.73,us,13.01,7.383,0.065,68
32.3157,76.638,10.0,4.1,47,163.0,6.289,0.94,us,9.93,1.92,0.103,26
-8.8381,118.7623,112.873,4.5,35,83.0,0.974,1.11,us,6.13,7.284,0.111,24
-24.4078,-175.5172,10.0,4.7,20,237.0,5.277,0.59,us,14.89,1.991,0.115,23
38.2645,142.1075,70.56,4.2,25,121.0,2.647,0.72,us,9.02,5.258,0.146,13
51.2353,159.9008,10.0,4.5,35,138.0,1.95,0.98,us,10.49,1.909,0.108,25
-8.3553,116.017,10.0,4.5,48,50.0,1.802,0.72,us,6.58,1.806,0.108,25
0.4719,-79.3622,57.913,4.4,32,116.0,0.954,0.38,us,3.75,9.028,0.134,16
50.4134,159.0824,10.0,4.8,57,133.0,2.628,1.33,us,8.78,1.888,0.087,41
-60.3848,-62.2424,10.0,4.9,25,98.0,4.485,0.71,us,6.3,1.873,0.162,15
-18.3753,-69.6443,119.906,4.2,18,85.0,0.662,0.75,us,5.95,4.717,0.136,15
-6.2798,-107.0047,10.0,4.4,92,145.0,25.113,0.55,us,16.8,1.928,0.057,92
23.0944,94.8608,94.964,4.2,19,129.0,1.88,0.49,us,14.29,10.808,0.146,13
31.1827,49.7002,10.0,4.1,28,146.0,5.046,0.85,us,11.75,1.975,0.114,21
51.1307,157.653,66.948,4.3,56,134.0,1.981,0.62,us,8.9,6.151,0.071,56
48.478,157.5844,10.0,4.6,72,136.0,4.601,1.12,us,10.32,1.897,0.072,58
-35.3543,-179.7076,10.0,4.1,21,152.0,2.724,0.55,us,8.37,1.929,0.198,10
-5.3606,152.0168,40.862,4.7,49,154.0,6.272,0.76,us,14.49,7.708,0.065,72
51.5101,159.3461,31.838,4.7,79,133.0,1.575,0.7,us,11.09,5.737,0.052,114
-10.2136,161.2542,112.951,4.7,64,79.0,1.501,0.62,us,9.56,6.463,0.048,133
43.406,147.8202,52.276,4.2,28,206.0,3.707,0.77,us,12.88,11.178,0.124,18
6.4483,94.1726,78.481,4.3,25,165.0,3.014,0.91,us,14.16,10.099,0.129,17
50.2941,159.6438,10.0,4.3,42,173.0,2.802,0.47,us,10.03,1.947,0.096,32
39.4285,143.3346,10.0,4.2,43,133.0,2.209,0.78,us,8.67,1.877,0.101,27
51.4567,159.451,33.883,4.5,37,167.0,1.645,0.72,us,10.4,7.074,0.089,37
-4.528,35.1204,10.0,5.0,95,42.0,3.627,0.58,us,7.83,1.8,0.064,77
36.1931,140.8548,51.079,4.1,20,135.0,2.164,0.63,us,6.76,12.067,0.214,6
-11.3764,113.0062,10.0,4.6,38,49.0,3.101,1.0,us,7.88,1.776,0.114,26
-13.6018,173.373,10.0,4.5,30,120.0,6.25,0.63,us,14.06,1.899,0.108,25
39.2466,28.1006,10.0,4.3,42,39.0,0.946,0.84,us,3.04,1.919,0.111,23
-24.5207,-67.5714,178.807,4.2,23,95.0,1.658,1.25,us,9.43,11.438,0.187,8
50.2101,159.6414,10.0,4.5,62,127.0,2.884,0.58,us,10.1,1.902,0.057,91
-8.135,-74.4482,156.869,4.4,60,107.0,1.773,0.82,us,8.04,7.37,0.07,62
-59.3722,-61.7089,10.0,4.4,14,120.0,5.532,0.3,us,8.25,1.907,0.169,10
-38.5158,175.6405,204.275,4.0,30,60.0,0.527,1.21,us,6.11,5.176,0.149,12
50.1857,156.7908,53.295,4.3,39,135.0,2.981,0.51,us,13.46,8.463,0.104,26
-14.9848,167.6284,121.432,4.2,12,262.0,0.616,0.79,us,15.82,6.986,0.199,7
1.5904,123.9628,298.53,4.2,26,77.0,2.873,0.42,us,10.32,9.442,0.132,16
52.6102,160.8792,35.0,4.6,37,116.0,1.415,0.73,us,9.36,1.929,0.099,30
-17.6163,-178.9715,545.413,4.4,48,79.0,1.949,0.68,us,13.85,9.139,0.084,41
52.571,160.6326,35.0,4.0,14,121.0,1.286,0.8,us,11.61,1.957,0.163,10
52.3619,159.9747,82.347,4.5,49,134.0,1.044,0.7,us,11.28,5.013,0.078,48
60.5498,-139.6848,5.0,4.1,47,53.0,0.536,1.17,us,2.09,2.002,0.261,4
36.5653,70.7257,154.345,4.4,66,74.0,2.237,0.91,us,6.49,7.052,0.081,44
-14.6336,-176.063,314.955,4.2,31,128.0,4.767,0.53,us,14.66,6.845,0.1,28
52.6348,159.1796,62.543,4.7,173,118.0,0.505,0.72,us,6.67,5.824,0.037,223
35.3936,22.9898,60.234,4.4,52,94.0,1.978,0.96,us,3.28,6.661,0.09,37
51.5881,159.9865,10.0,4.2,17,138.0,1.655,1.32,us,11.75,1.948,0.16,11
37.992,22.1357,10.0,4.3,16,99.0,0.829,0.91,us,4.05,1.956,0.217,6
43.7595,147.7755,55.342,4.1,19,183.0,3.76,0.57,us,15.65,7.606,0.139,14
-34.2319,-178.5567,10.0,4.5,17,161.0,4.186,0.63,us,8.18,1.982,0.163,13
0.7377,96.8752,10.0,5.0,85,90.0,2.822,0.84,us,9.28,1.828,0.067,71
34.4524,62.1148,9.422,4.1,24,131.0,4.742,0.67,us,12.77,7.014,0.119,19
51.5661,159.8085,10.0,4.6,33,127.0,1.624,1.34,us,9.89,1.918,0.125,20
52.5616,160.7597,10.0,4.5,56,116.0,1.362,0.84,us,9.32,1.895,0.062,78
-8.639,-76.1226,10.0,4.7,58,128.0,3.402,0.7,us,10.23,1.88,0.068,65
51.1541,157.003,93.211,4.5,47,134.0,2.004,0.63,us,12.05,7.583,0.08,46
50.1604,158.8486,10.0,4.3,31,127.0,2.87,1.04,us,9.65,1.899,0.113,22
54.9365,142.3856,10.0,4.2,32,96.0,6.502,0.79,us,7.91,1.869,0.113,22
26.5812,93.2884,10.0,4.2,40,94.0,3.649,1.2,us,10.89,1.926,0.1,28
-56.0161,-26.5191,34.327,4.6,27,123.0,5.974,0.8,us,14.06,7.883,0.107,26
41.117,143.0169,49.582,5.0,67,101.0,0.903,0.72,us,6.73,5.863,0.055,107
51.692,160.1257,10.0,4.1,15,192.0,1.612,1.02,us,13.53,1.979,0.302,3
51.3518,159.7018,13.297,4.6,64,134.0,1.795,0.85,us,10.46,5.474,0.077,50
-22.0728,-179.3907,593.306,4.3,27,247.0,4.932,0.71,us,23.53,15.604,0.122,19
-60.2434,-61.0851,10.0,5.0,80,64.0,4.75,0.59,us,9.09,1.775,0.073,61
52.2197,160.2154,46.188,4.5,41,123.0,1.248,1.2,us,10.33,6.422,0.09,36
-6.8703,147.4801,64.363,4.7,54,61.0,2.538,0.96,us,8.55,7.31,0.073,58
-5.9843,146.2924,112.408,4.8,77,79.0,3.505,0.82,us,7.36,3.64,0.047,144
52.5356,160.6832,26.601,4.2,22,121.0,1.328,1.17,us,10.11,3.469,0.132,16
14.9206,144.7328,17.607,4.1,12,120.0,1.069,0.95,us,11.35,5.422,0.197,7
-18.4243,-173.7855,49.919,4.2,17,119.0,3.713,0.39,us,12.39,12.344,0.132,16
-16.3302,167.2356,19.584,4.9,36,143.0,0.879,0.62,us,9.87,5.202,0.096,34
52.0033,160.6563,10.0,4.1,23,125.0,1.596,1.16,us,5.49,1.88,0.119,19
-23.0872,-114.409,10.0,4.4,20,81.0,6.109,0.2,us,18.66,1.891,0.162,11
51.4177,159.5689,39.035,5.2,184,110.0,1.705,0.55,us,7.22,5.598,0.027,441
41.7642,142.9023,61.935,4.0,29,134.0,0.315,0.78,us,7.57,5.845,0.184,9
-24.4031,-175.0876,10.0,5.0,34,124.0,5.449,0.89,us,14.44,1.841,0.073,60
53.2463,160.8246,35.0,4.2,21,193.0,1.329,0.89,us,8.86,1.99,0.141,14
51.487,159.3122,35.0,4.5,26,161.0,1.902,0.95,us,12.88,1.967,0.121,20
-24.0946,178.8141,568.857,4.4,32,113.0,6.358,0.8,us,13.22,11.771,0.112,23
-59.0038,149.5291,10.0,4.2,12,118.0,6.865,0.57,us,11.0,1.967,0.166,10
37.7701,144.1904,10.0,4.6,52,134.0,3.869,0.68,us,9.91,1.905,0.09,37
-24.2488,-67.0065,168.832,4.2,42,62.0,1.68,0.89,us,8.75,8.543,0.124,18
7.2329,127.01,10.829,4.2,33,63.0,1.429,0.76,us,7.92,4.863,0.11,23
53.2956,159.9478,60.943,4.3,20,142.0,0.828,0.7,us,12.36,11.465,0.168,10
51.276,159.0858,35.0,4.0,15,249.0,1.771,0.78,us,13.81,2.007,0.183,8
52.7189,159.245,82.882,4.4,31,170.0,0.472,0.56,us,8.49,6.784,0.109,24
10.5647,-42.6107,10.0,4.9,90,34.0,11.318,0.92,us,10.32,1.859,0.053,114
-24.1575,-67.1577,176.206,4.3,30,69.0,1.522,0.93,us,8.25,8.517,0.153,13
50.2465,159.1692,10.0,4.3,19,231.0,2.8,0.62,us,7.69,1.965,0.218,7
-3.2176,143.5499,10.0,4.4,21,101.0,2.928,0.73,us,6.17,1.823,0.134,16
4.0695,-75.4801,10.0,4.3,35,100.0,1.389,1.24,us,8.34,1.883,0.098,29
49.1306,157.8965,10.0,5.1,99,77.0,3.985,0.71,us,8.69,1.853,0.029,375
7.3417,126.9152,40.139,4.5,52,71.0,1.353,0.77,us,7.88,6.37,0.084,41
52.6587,160.8824,10.0,4.2,15,147.0,1.403,1.13,us,8.73,1.955,0.2,7
-24.3135,-67.3394,177.294,4.2,31,60.0,1.559,1.03,us,4.46,7.968,0.121,20
52.022,160.3219,10.0,4.1,14,124.0,1.432,0.93,us,11.01,1.942,0.234,8
-60.161,-62.1152,10.0,4.7,72,100.0,4.717,0.54,us,9.0,1.86,0.069,68
-6.2207,154.8856,135.416,4.0,18,157.0,3.378,0.83,us,14.19,8.406,0.144,13
51.5168,159.8108,35.0,4.3,28,161.0,1.669,1.35,us,10.11,1.91,0.142,16
-13.5312,166.8539,204.077,4.4,17,266.0,1.934,0.79,us,11.15,6.952,0.169,12
-20.8871,68.3582,10.0,4.5,29,67.0,4.814,0.62,us,11.99,1.882,0.121,20
-8.073,128.7784,35.0,4.5,18,109.0,3.701,0.48,us,7.4,1.906,0.131,17
12.4605,125.7302,10.0,4.6,59,88.0,10.001,0.64,us,10.96,1.878,0.084,48
52.2549,160.8089,10.0,4.4,25,117.0,1.524,0.49,us,5.51,1.866,0.112,23
52.6898,160.7912,10.0,4.3,36,157.0,1.341,0.62,us,10.74,1.943,0.09,35
51.0822,159.6574,25.678,4.3,17,217.0,2.041,0.72,us,10.41,8.544,0.161,11
-18.0373,-178.4419,584.462,4.3,46,130.0,2.603,0.43,us,16.21,9.42,0.081,43
50.7904,156.4799,76.225,4.3,15,158.0,2.441,0.62,us,6.68,13.108,0.217,6
50.4145,160.001,10.0,4.1,18,241.0,2.744,0.43,us,11.83,1.995,0.174,9
48.7197,156.0922,10.0,4.4,18,216.0,4.51,1.0,us,14.76,1.995,0.189,9
51.1714,159.494,10.0,4.9,105,176.0,1.927,0.59,us,7.34,1.919,0.057,97
45.4527,153.3985,10.0,4.3,18,156.0,7.803,1.07,us,14.97,1.955,0.154,12
51.4181,159.6997,10.0,5.3,110,80.0,1.733,1.01,us,7.52,1.777,0.026,488
50.0856,158.6197,17.748,4.4,24,134.0,2.942,0.49,us,11.18,5.021,0.143,14
51.5556,159.4736,35.0,4.6,35,127.0,1.555,0.73,us,8.36,1.89,0.101,29
29.3423,129.4711,10.0,4.6,27,129.0,2.32,0.75,us,9.41,1.906,0.132,17
52.3482,-169.5832,43.123,3.9,25,187.0,0.766,0.77,us,5.46,10.128,0.105,24
52.2122,160.634,16.666,4.5,75,150.0,1.457,0.81,us,9.44,5.513,0.071,58
-59.7034,-26.0818,35.0,4.6,24,121.0,15.191,0.81,us,15.79,1.954,0.122,20
52.263,160.126,32.103,4.4,36,123.0,1.179,0.52,us,7.93,5.667,0.097,31
19.9514,121.3212,10.0,4.7,54,102.0,2.861,0.79,us,9.63,1.898,0.093,35
54.5416,-159.8941,35.0,3.6,27,161.0,0.34,0.75,us,7.89,1.941,0.144,15
51.4336,159.3761,51.113,4.4,19,137.0,1.969,0.71,us,11.22,7.637,0.144,14
9.2891,93.8494,10.0,4.4,36,118.0,5.725,0.68,us,12.65,1.9,0.103,28
50.4878,156.7733,86.299,4.3,52,101.0,2.686,0.68,us,11.46,7.134,0.081,43
52.3708,160.5584,10.0,4.7,70,164.0,1.333,0.87,us,10.25,1.936,0.06,85
-15.2287,-173.1909,10.0,4.3,17,144.0,1.893,0.83,us,11.35,1.935,0.142,14
-7.3404,154.754,10.0,4.8,19,93.0,5.545,0.66,us,11.35,1.783,0.105,28
52.9154,160.7317,35.0,4.5,64,134.0,1.264,0.55,us,8.6,1.888,0.073,55
51.5778,160.4079,10.0,4.2,32,135.0,1.806,0.51,us,10.08,1.92,0.118,20
8.9324,-66.8932,8.446,4.3,38,68.0,2.58,0.59,us,7.72,4.189,0.129,17
-18.6977,-177.9528,627.115,4.4,42,136.0,3.375,0.39,us,11.84,9.888,0.086,39
45.4798,151.4646,38.589,5.1,98,91.0,6.94,0.71,us,9.34,5.039,0.035,265
-7.8084,106.5239,41.991,4.2,18,116.0,1.168,1.21,us,7.09,8.187,0.166,12
29.8278,139.0592,425.906,4.6,177,58.0,3.34,0.65,us,8.7,5.772,0.034,257
-14.649,-173.2364,10.0,4.4,15,165.0,1.59,0.75,us,14.62,1.918,0.149,13
11.9552,143.8021,10.0,4.4,34,112.0,1.929,0.51,us,10.34,1.929,0.109,24
29.0344,138.6988,492.848,4.7,213,47.0,3.635,0.6,us,9.39,6.006,0.03,348
32.9099,76.2043,35.0,4.1,26,269.0,5.611,1.33,us,14.03,2.006,0.174,9
-58.6401,-24.8406,10.0,4.4,30,69.0,7.785,0.92,us,11.93,1.904,0.103,27
35.6682,140.1503,73.845,4.4,28,126.0,1.798,0.64,us,4.86,9.245,0.155,12
-23.5215,-179.9453,537.775,4.6,59,77.0,6.045,0.65,us,12.37,8.645,0.05,122
34.4362,16.5344,10.0,4.4,33,91.0,2.16,0.9,us,8.25,1.918,0.094,33
-1.2716,-77.6039,186.918,4.5,75,62.0,0.475,0.74,us,8.05,2.115,0.054,103
-16.3231,-174.1109,119.116,4.7,56,54.0,3.289,0.77,us,10.32,7.059,0.071,61
5.7863,126.1918,102.636,4.9,77,46.0,1.265,1.14,us,6.7,6.638,0.047,140
-15.9789,-75.4902,10.0,4.6,29,139.0,4.179,0.62,us,11.47,1.906,0.129,18
-60.2485,-25.2422,10.0,4.1,12,205.0,14.509,1.05,us,20.58,2.167,0.175,9
1.1208,97.0034,10.0,4.0,9,220.0,0.6,0.82,us,4.44,1.959,0.259,5
-40.9652,174.5345,55.434,4.4,41,55.0,0.366,0.79,us,3.45,8.298,0.241,5
-25.6184,179.5508,523.711,4.2,28,120.0,7.958,1.09,us,14.84,10.838,0.087,37
49.3538,98.1702,10.0,4.2,35,95.0,4.198,1.01,us,9.27,1.958,0.115,21
-22.7943,68.3326,10.0,4.4,12,263.0,49.594,0.48,us,13.88,2.013,0.204,7
-30.6072,-178.0686,41.31,5.2,68,69.0,1.363,0.83,us,10.02,5.916,0.071,65
-4.415,139.4276,9.028,3.9,18,124.0,0.572,0.46,us,4.25,5.083,0.155,13
-24.4969,-67.9147,130.0,4.2,27,85.0,1.557,0.64,us,2.8,2.0,0.199,7
-20.3027,-177.7037,508.462,4.4,35,96.0,4.711,0.55,us,13.01,9.064,0.095,32
51.0925,159.2291,26.201,4.5,80,127.0,1.967,0.85,us,7.37,5.264,0.055,97
36.7212,25.7026,10.0,4.4,52,50.0,1.663,0.63,us,4.03,1.883,0.089,36
49.2887,155.223,35.0,4.4,32,186.0,4.129,0.89,us,9.09,1.942,0.117,21
49.9193,158.0693,10.0,4.1,33,138.0,3.13,0.68,us,11.76,1.905,0.117,20
-6.1107,153.6281,10.0,4.6,19,150.0,2.401,0.38,us,8.32,1.914,0.132,17
45.801,151.8721,35.0,4.4,72,135.0,6.409,0.63,us,9.97,1.922,0.069,61
51.5995,160.094,10.0,4.4,20,229.0,2.107,0.55,us,14.4,1.99,0.123,20
51.295,160.0075,10.0,4.3,24,176.0,2.306,0.5,us,9.84,1.958,0.119,20
-60.3609,-19.386,10.0,4.4,20,86.0,13.12,0.79,us,8.91,1.911,0.126,18
51.291,158.7914,35.987,5.3,109,73.0,1.737,0.76,us,7.23,5.474,0.022,659
9.6143,126.1051,94.532,4.3,16,135.0,2.581,1.2,us,13.99,7.17,0.161,11
-25.2959,179.7523,513.349,4.4,39,94.0,4.442,0.54,us,13.42,6.681,0.098,30
51.8396,158.7165,60.623,4.2,49,134.0,1.186,0.72,us,9.17,7.477,0.061,76
27.3882,129.3926,23.212,4.6,64,86.0,1.14,0.9,us,6.0,5.154,0.077,50
54.4191,-160.1152,35.0,3.7,31,198.0,0.514,0.78,us,4.69,1.985,0.178,8
52.8085,160.8139,10.0,4.3,44,119.0,1.328,0.92,us,9.91,1.898,0.093,33
51.5052,161.2368,10.0,4.2,31,91.0,2.2,0.78,us,9.58,1.907,0.136,15
27.1872,-44.4207,10.0,4.4,20,143.0,18.335,0.76,us,15.49,1.904,0.17,13
-25.0711,-179.9577,499.8,4.2,28,222.0,4.551,0.8,us,18.1,14.283,0.107,24
-47.3633,165.4721,10.0,4.3,37,99.0,1.457,0.91,us,8.11,1.922,0.177,9
-3.9109,131.4925,34.826,4.6,78,40.0,1.241,0.75,us,4.96,3.266,0.066,74
60.5247,-139.836,4.192,4.3,59,46.0,0.478,0.64,us,2.43,5.733,0.377,3
51.4138,159.4919,35.0,4.8,134,127.0,1.693,0.89,us,8.28,1.912,0.049,131
49.8279,157.5025,25.716,4.3,27,134.0,3.279,1.06,us,10.5,5.81,0.126,18
13.5274,120.7937,196.71,4.4,47,113.0,13.894,0.67,us,11.59,5.297,0.092,41
-6.4066,146.528,104.314,4.2,32,77.0,3.044,0.71,us,10.1,8.342,0.136,22
52.1062,160.4997,10.0,4.9,63,121.0,1.456,0.82,us,9.21,1.89,0.052,115
52.2369,159.5656,35.0,4.2,14,169.0,0.965,0.48,us,8.34,1.975,0.152,12
51.8385,159.5442,35.0,5.2,43,117.0,1.307,0.51,us,9.52,1.927,0.118,24
52.0116,161.6483,10.0,4.2,24,134.0,2.094,0.69,us,13.04,1.917,0.147,14
52.2399,160.4176,10.0,4.8,97,117.0,1.333,1.18,us,7.73,1.832,0.046,148
-27.3,-175.678,10.0,4.4,10,190.0,11.132,0.98,us,18.67,1.991,0.178,9
51.5818,159.4382,35.0,4.7,31,127.0,1.523,0.56,us,8.91,1.94,0.117,23
51.9812,159.8638,10.0,5.0,63,121.0,1.281,0.74,us,5.58,1.71,0.064,78
-9.1482,123.9283,96.853,4.3,21,117.0,0.69,0.75,us,9.13,7.58,0.137,15
34.1815,137.2194,333.697,4.1,53,67.0,1.176,0.79,us,9.22,6.629,0.063,69
51.0576,159.9783,10.0,5.0,54,126.0,2.133,1.15,us,9.81,1.912,0.063,96
-5.8878,105.1606,112.62,4.2,25,129.0,1.527,0.68,us,11.37,5.901,0.118,21
-22.9566,-68.5438,115.506,4.4,27,66.0,0.336,0.73,us,6.14,5.432,0.123,19
50.2957,157.5735,30.211,4.5,59,187.0,2.813,0.67,us,12.22,7.226,0.07,59
6.7319,-72.9942,168.406,4.3,43,86.0,2.293,0.7,us,9.69,7.438,0.075,51
-24.3154,-175.5641,30.322,4.6,25,98.0,8.845,0.5,us,10.75,5.594,0.157,17
52.2804,160.8335,35.0,4.3,39,123.0,1.524,0.69,us,10.7,1.943,0.097,30
51.9532,159.9244,44.555,4.5,26,135.0,1.325,0.89,us,8.52,6.4,0.14,15
52.0143,160.4604,10.0,4.2,14,216.0,1.498,0.59,us,13.27,1.971,0.214,7
37.0652,72.3774,10.0,4.4,9,131.0,1.248,1.38,us,11.52,1.908,0.202,7
21.2891,101.6636,10.0,4.3,38,67.0,1.603,1.07,us,6.66,1.875,0.126,18
14.683,-94.2466,10.0,4.7,143,156.0,1.993,1.15,us,6.09,1.899,0.032,301
-14.9984,-176.4803,10.0,4.5,20,93.0,4.257,1.23,us,12.89,1.924,0.171,10
52.5234,160.4481,35.0,4.0,38,207.0,1.202,0.72,us,11.16,2.004,0.089,34
52.6742,160.6953,10.0,4.7,59,120.0,1.289,1.12,us,9.74,1.907,0.075,54
39.6876,143.0464,10.0,4.4,24,190.0,1.874,1.1,us,5.48,1.964,0.143,14
51.3411,159.6707,10.0,4.2,32,129.0,1.798,0.73,us,9.18,1.813,0.115,21
52.2451,160.4508,27.795,4.5,102,123.0,1.885,1.04,us,9.05,5.462,0.056,97
-7.0125,155.7932,111.864,4.6,111,91.0,4.766,0.57,us,5.51,6.808,0.05,118
42.8324,146.8576,10.0,4.2,13,192.0,2.859,1.17,us,8.77,1.985,0.216,6
50.4624,-173.5231,10.0,3.9,45,199.0,1.792,0.86,us,7.18,1.958,0.066,61
50.1851,177.445,10.0,3.6,40,256.0,1.678,0.56,us,7.04,2.006,0.114,19
-15.7861,-174.2249,135.094,4.7,146,50.0,3.01,0.68,us,7.97,5.981,0.043,165
5.1722,126.3259,26.556,4.0,14,152.0,0.95,0.65,us,6.17,5.611,0.183,8
52.8725,159.8745,44.167,4.1,28,118.0,0.756,1.27,us,10.42,8.389,0.105,25
53.0356,160.8122,35.0,4.3,14,171.0,1.306,0.76,us,14.05,1.986,0.238,5
54.2915,158.8893,170.685,4.2,52,91.0,1.279,0.67,us,12.71,9.599,0.079,45
52.9588,160.564,46.047,4.2,35,135.0,1.159,0.51,us,10.81,7.718,0.11,23
6.9709,126.7077,81.914,5.3,25,112.0,1.125,0.7,us,10.2,8.07,0.133,19
-19.9329,-69.3401,103.094,4.3,18,133.0,0.271,0.64,us,6.33,3.687,0.238,5
14.0678,145.6921,60.376,4.0,11,114.0,0.931,1.28,us,6.85,6.718,0.258,4
-30.342,-178.6068,168.546,4.2,15,259.0,7.644,1.23,us,21.8,15.221,0.146,13
8.3505,-82.7848,13.425,4.5,39,134.0,1.834,0.59,us,9.97,5.728,0.095,32
24.8882,141.467,506.127,4.3,50,134.0,2.291,0.57,us,13.33,9.416,0.048,123
50.8759,158.5559,35.0,4.2,21,223.0,2.152,1.11,us,10.44,1.994,0.141,14
-19.3975,-175.6266,249.435,4.4,36,92.0,5.394,0.92,us,11.52,8.16,0.092,34
50.5746,157.7638,10.0,4.9,118,113.0,2.513,0.94,us,8.28,1.873,0.054,107
-19.3256,169.7102,35.0,4.5,18,112.0,3.895,0.63,us,8.74,1.628,0.171,11
52.5692,160.3292,10.0,4.2,72,121.0,1.117,0.75,us,9.42,1.889,0.066,65
2.5521,67.763,10.0,4.3,14,235.0,5.615,1.23,us,10.5,2.008,0.154,14
-24.3102,-67.0928,172.477,5.0,89,41.0,1.679,1.35,us,8.61,6.523,0.025,509
-23.9222,-176.2425,66.826,4.9,39,121.0,7.603,0.57,us,14.74,7.799,0.095,35
49.4264,156.1591,35.0,5.7,86,112.0,3.811,0.53,us,12.22,1.864,0.076,62
53.101,160.7831,29.886,4.1,19,180.0,1.29,1.02,us,10.11,8.345,0.158,14
43.5148,148.0085,10.0,4.3,26,156.0,3.873,1.2,us,10.52,1.851,0.16,14
34.4855,139.4665,10.0,4.4,25,130.0,1.397,0.72,us,4.43,1.899,0.162,11
-57.9449,-25.0351,42.871,4.5,17,119.0,7.377,1.37,us,11.45,8.639,0.139,16
34.1184,137.7707,10.0,4.8,69,65.0,1.372,0.61,us,4.73,1.838,0.056,100
-37.4511,77.985,10.0,4.7,45,60.0,41.588,0.63,us,12.41,1.876,0.086,41
52.0683,160.3595,10.0,4.0,12,153.0,1.416,0.68,us,9.26,1.977,0.26,4
53.4673,-165.899,51.702,3.6,44,163.0,0.523,1.19,us,5.26,8.326,0.167,10
52.8481,160.7097,10.0,4.2,17,117.0,1.259,0.64,us,11.34,1.945,0.152,12
52.1947,160.4111,10.0,4.3,41,152.0,1.357,0.88,us,9.81,1.932,0.097,30
-15.0823,-178.6716,409.791,4.1,19,145.0,2.34,0.79,us,16.13,6.143,0.135,15
50.3063,159.2626,10.0,4.4,50,134.0,2.748,0.79,us,9.12,1.896,0.08,45
52.5026,160.1267,56.44,4.2,26,138.0,1.038,0.41,us,12.32,8.64,0.107,27
-37.1699,-16.9678,10.0,4.5,16,70.0,3.72,0.56,us,12.66,1.893,0.145,14
-23.2655,-179.9577,538.189,4.1,28,122.0,5.8,0.88,us,15.81,10.885,0.107,24
41.9591,142.4791,61.265,4.2,28,95.0,0.508,0.5,us,6.83,8.272,0.128,17
51.3999,159.6505,10.0,4.2,22,128.0,1.739,0.77,us,10.19,1.914,0.132,16
52.8545,161.1417,10.0,5.4,105,119.0,1.517,1.2,us,7.66,1.839,0.027,464
6.0455,127.1669,89.782,4.7,32,117.0,1.877,0.5,us,6.57,5.652,0.13,20
52.9388,161.4143,10.0,5.0,121,114.0,1.674,0.54,us,10.23,1.888,0.051,121
-36.9648,179.0732,10.0,4.4,24,210.0,0.854,1.19,us,5.29,1.931,0.189,10
51.9941,161.2727,10.0,4.2,31,217.0,1.906,1.21,us,11.96,1.993,0.11,23
29.3165,129.3433,10.0,4.4,37,89.0,2.386,0.8,us,7.06,1.89,0.12,20
54.4508,-159.7818,35.0,3.8,26,163.0,0.397,0.62,us,4.79,1.885,0.147,12
-60.2489,-62.2307,10.0,5.0,40,100.0,4.62,0.44,us,10.61,1.87,0.092,38
51.1378,159.3287,27.863,4.0,9,222.0,1.934,0.53,us,9.34,10.103,0.258,5
51.6218,159.2507,35.0,4.2,37,126.0,1.451,1.01,us,10.15,1.93,0.094,32
28.1067,52.3044,10.0,4.2,43,103.0,4.702,0.71,us,8.28,1.916,0.086,38
-8.9565,124.1623,108.412,4.6,20,125.0,0.8,1.05,us,6.33,7.94,0.145,14
52.2378,160.0571,35.0,4.1,13,175.0,1.164,0.86,us,11.83,1.947,0.234,6
-22.9354,-174.8459,10.0,4.9,36,121.0,6.867,0.43,us,8.08,1.849,0.106,28
53.0106,160.9939,28.799,4.4,41,172.0,1.416,0.65,us,12.25,7.423,0.086,41
8.0913,58.7698,10.0,4.5,81,104.0,15.493,0.75,us,11.78,1.886,0.067,69
-16.5352,-174.7375,292.287,4.1,16,130.0,3.867,0.57,us,10.91,7.351,0.151,14
-24.1838,179.8728,512.792,4.2,21,121.0,6.628,0.87,us,14.61,6.49,0.141,14
49.9576,157.2624,10.0,4.3,48,166.0,3.167,0.6,us,12.09,1.95,0.078,47
3.9851,125.0875,8.304,4.5,20,116.0,0.839,0.51,us,6.59,3.78,0.163,11
-15.8562,-70.2729,227.492,4.2,22,140.0,1.884,0.89,us,7.91,9.731,0.2,7
40.4899,143.6278,28.747,4.2,21,138.0,1.564,0.33,us,8.04,6.896,0.175,9
-23.4303,179.0358,559.959,4.6,54,132.0,5.731,0.95,us,13.78,9.717,0.057,93
49.2268,156.1364,30.659,4.9,159,75.0,4.009,0.67,us,10.49,5.35,0.046,147
-34.0135,-178.3875,10.0,4.2,22,253.0,4.445,0.98,us,11.82,1.975,0.132,16
52.0856,160.2343,35.0,5.2,112,91.0,1.348,1.07,us,8.01,1.839,0.024,575
55.2758,109.8148,10.0,4.1,19,86.0,4.614,0.56,us,10.55,1.948,0.157,12
43.5908,147.6524,35.0,4.7,66,137.0,3.663,1.11,us,11.59,1.929,0.062,79
49.0853,155.4038,79.228,4.7,125,134.0,4.28,0.73,us,10.0,6.926,0.033,286
-23.3204,171.4504,10.0,4.5,31,114.0,4.787,1.28,us,9.54,1.87,0.136,16
52.8786,161.0827,10.0,5.1,18,129.0,1.479,0.53,us,11.16,1.926,0.147,15
-17.275,-69.5359,166.067,4.3,42,109.0,0.317,1.02,us,7.94,2.718,0.084,40
52.517,160.6831,10.0,4.4,67,121.0,1.335,0.97,us,4.62,1.89,0.075,52
34.7289,68.712,10.0,4.2,41,169.0,0.409,0.64,us,6.17,1.959,0.113,22
27.1384,-44.6813,10.0,4.4,18,153.0,18.136,0.94,us,12.35,1.916,0.179,11
52.6033,160.3283,34.411,4.4,30,119.0,1.102,0.69,us,9.43,6.426,0.101,28
49.9239,159.3342,10.0,4.6,43,109.0,3.133,0.54,us,9.81,1.866,0.054,103
30.6025,141.6522,10.0,4.4,26,123.0,2.953,0.59,us,9.16,1.891,0.149,13
36.8602,72.8741,10.0,5.0,59,98.0,1.483,0.72,us,6.67,1.756,0.048,145
52.9667,161.1939,10.0,4.7,55,118.0,1.539,1.07,us,10.33,1.888,0.042,172
-31.086,-179.303,261.252,4.5,20,178.0,6.756,1.11,us,8.19,10.643,0.156,13
39.672,141.4176,96.177,4.2,27,152.0,1.148,0.65,us,8.37,7.941,0.132,16
51.0671,160.6301,10.0,4.5,117,132.0,2.309,0.61,us,8.6,1.881,0.044,155
-13.6265,167.1364,224.993,4.5,116,107.0,7.405,0.89,us,11.88,5.972,0.05,119
-55.2488,-27.4874,10.0,4.6,29,109.0,5.301,0.86,us,11.17,1.867,0.114,23
-13.9153,34.6102,10.0,4.6,36,65.0,6.363,0.71,us,9.78,1.9,0.125,19
11.2248,124.0851,10.0,4.7,62,55.0,4.384,1.25,us,9.86,1.899,0.071,60
2.7836,-31.3642,10.0,4.6,33,90.0,9.679,1.13,us,6.76,1.872,0.094,34
51.7133,159.8842,10.0,4.6,105,127.0,1.515,0.8,us,7.92,1.892,0.051,115
-58.6457,-24.6974,10.0,4.5,19,181.0,7.854,0.85,us,15.9,1.987,0.127,18
81.2206,118.5921,10.0,4.9,97,77.0,9.907,0.57,us,10.5,1.889,0.03,345
53.0989,160.7333,29.64,4.7,71,58.0,1.26,0.97,us,8.4,5.103,0.049,128
51.7916,159.2703,66.976,4.6,18,125.0,1.291,0.67,us,10.56,8.163,0.146,14
1.9897,-102.1989,10.0,4.8,35,135.0,20.658,0.62,us,8.93,1.932,0.063,77
-58.3778,-23.6582,10.0,4.8,37,70.0,15.826,0.69,us,6.18,1.858,0.09,38
28.0958,103.5573,10.0,4.3,24,162.0,7.838,0.59,us,12.88,1.942,0.137,15
1.0359,125.5375,81.362,4.4,40,63.0,0.807,0.75,us,5.52,5.873,0.104,28
52.0022,159.2389,49.491,4.7,119,124.0,1.084,0.79,us,7.32,4.853,0.033,278
50.0659,158.467,10.0,4.6,28,111.0,2.964,0.52,us,9.05,1.865,0.126,19
-21.8729,169.5863,10.0,4.2,11,140.0,2.115,0.8,us,8.88,1.957,0.199,8
51.8196,159.2957,46.132,4.3,37,137.0,1.269,0.77,us,9.35,7.58,0.106,25
23.1609,123.4658,10.0,4.4,22,129.0,1.365,0.94,us,6.99,1.937,0.19,8
-15.8171,-176.8504,414.209,4.3,51,102.0,3.691,0.45,us,8.19,7.521,0.089,36
52.3759,-175.802,222.406,3.9,69,100.0,0.323,0.5,us,12.33,6.293,0.093,31
-22.752,-179.3842,455.11,4.2,15,206.0,5.532,0.53,us,25.32,23.944,0.158,11
51.4877,159.3543,35.0,4.3,22,155.0,1.598,0.64,us,9.39,1.883,0.142,15
29.5796,51.3509,10.0,4.6,78,71.0,6.321,0.57,us,8.36,1.847,0.058,89
-14.906,167.2372,112.225,4.6,71,64.0,0.539,0.62,us,5.27,5.422,0.05,121
-19.0745,-179.0467,669.556,4.8,54,87.0,2.991,0.95,us,12.85,8.903,0.083,45
52.3215,160.4911,10.0,4.7,40,153.0,1.323,0.75,us,9.17,1.9,0.067,68
53.3411,160.8556,35.0,4.6,43,137.0,1.365,0.59,us,11.58,1.934,0.103,28
-6.9643,125.0035,562.786,4.4,57,55.0,2.867,0.5,us,10.03,8.109,0.08,45
2.59,-31.1585,10.0,4.5,50,60.0,9.609,0.73,us,11.4,1.874,0.082,43
43.2399,-126.8116,10.0,3.4,21,257.0,1.627,0.7,us,4.02,2.015,0.284,5
49.9381,157.3568,10.0,4.2,35,138.0,3.182,0.66,us,10.88,1.447,0.104,26
52.7644,160.489,35.0,4.1,25,119.0,1.144,0.34,us,8.14,1.862,0.114,21
54.5475,-160.2015,23.175,4.3,74,170.0,0.455,0.97,us,5.4,7.547,0.217,7
7.3532,127.2542,10.0,4.9,80,41.0,1.686,1.05,us,6.67,1.833,0.054,107
42.5231,143.8604,91.316,4.1,18,186.0,0.728,0.62,us,10.76,8.818,0.157,11
-7.9542,118.9578,10.0,4.4,25,61.0,1.456,0.67,us,5.81,1.896,0.17,11
6.9583,-73.1465,149.925,4.1,31,156.0,2.403,0.86,us,9.76,11.607,0.114,21
51.8036,158.6287,60.376,4.7,73,124.0,1.222,0.89,us,8.58,6.804,0.036,238
-10.375,161.5426,67.9,4.2,13,113.0,1.826,0.48,us,11.7,7.319,0.16,11
-35.5134,-179.4613,10.0,4.6,28,213.0,2.722,0.5,us,10.64,1.969,0.132,17
52.6679,160.536,35.0,4.2,31,174.0,1.198,0.77,us,11.47,1.967,0.113,22
-7.658,127.974,150.499,4.4,23,68.0,4.215,0.58,us,12.55,13.715,0.155,13
49.0746,156.2686,10.0,4.5,38,138.0,4.138,0.51,us,13.1,1.915,0.09,36
16.9,147.6306,10.0,4.2,22,106.0,2.42,0.46,us,8.69,1.92,0.153,12
-16.4482,167.2572,10.0,4.2,14,258.0,4.959,0.93,us,15.79,2.008,0.186,8
-10.6594,162.4336,77.213,4.5,23,135.0,2.732,0.86,us,12.64,9.362,0.118,21
51.6296,159.8964,35.211,4.2,20,152.0,1.592,0.73,us,10.52,8.099,0.166,13
19.5291,144.8328,10.0,4.4,15,136.0,4.361,0.94,us,9.74,1.886,0.162,11
50.1175,157.3413,35.0,4.3,34,150.0,3.003,0.76,us,13.35,1.967,0.111,23
-47.4197,-13.2132,10.0,5.2,56,74.0,10.366,0.6,us,10.28,1.877,0.069,68
51.6248,159.0013,10.0,4.2,28,166.0,1.417,0.58,us,11.25,1.965,0.128,17
-20.5563,-68.8995,94.341,4.4,29,58.0,0.477,0.88,us,5.4,5.379,0.123,19
50.7714,157.0498,69.999,4.8,74,122.0,2.375,0.73,us,9.44,6.71,0.03,342
-20.932,-67.5033,177.033,4.1,26,59.0,1.735,1.24,us,7.4,8.811,0.151,12
28.3293,64.1317,41.877,4.9,163,76.0,7.502,0.78,us,8.58,6.667,0.043,170
50.5088,157.8643,35.0,4.4,36,131.0,2.565,0.76,us,10.16,1.941,0.085,40
52.6829,160.0952,43.301,4.3,27,203.0,0.94,0.65,us,8.79,9.345,0.133,16
53.7263,160.3567,17.066,4.3,25,187.0,1.242,0.5,us,14.12,9.006,0.125,18
-10.5996,161.9082,66.851,4.0,19,158.0,2.25,0.33,us,7.03,7.72,0.126,17
-40.9829,-86.9533,10.0,4.6,45,121.0,9.769,1.28,us,11.83,1.928,0.096,32
-19.9342,-177.8107,554.348,4.1,20,113.0,4.359,0.7,us,15.71,9.132,0.14,14
-20.2132,-177.9171,514.504,4.0,31,122.0,4.521,0.52,us,16.39,9.993,0.103,25
45.5011,150.8203,58.787,4.5,50,135.0,5.779,0.59,us,7.57,7.45,0.083,43
51.5942,159.3763,35.0,4.4,25,101.0,1.499,0.58,us,11.52,1.933,0.134,17
-16.5308,-177.4235,422.761,4.0,20,114.0,3.076,0.98,us,16.36,9.633,0.129,16
-4.1792,128.6891,9.651,4.6,54,75.0,1.259,0.52,us,7.27,4.259,0.087,40
-15.5223,-174.5898,176.346,4.6,58,76.0,3.155,0.71,us,11.3,7.262,0.075,53
39.8604,-29.5871,10.0,4.5,24,153.0,3.802,0.84,us,13.91,1.911,0.136,16
53.3345,159.6504,67.676,4.0,20,163.0,0.678,0.79,us,12.51,9.463,0.15,12
-15.0065,-172.984,10.0,4.7,23,109.0,1.596,1.08,us,7.08,1.905,0.142,15
39.7066,143.0284,31.236,4.1,27,132.0,1.852,0.73,us,6.86,6.305,0.123,18
9.9984,125.3254,10.0,4.3,29,84.0,2.921,0.46,us,10.47,1.89,0.113,22
-6.3623,148.0242,68.85,4.5,26,78.0,3.142,0.84,us,5.81,9.26,0.131,17
52.9076,-170.6502,125.87,3.8,51,148.0,0.38,0.75,us,9.99,5.929,0.114,20
-2.9195,129.5592,10.0,4.7,91,43.0,2.657,0.57,us,3.59,1.836,0.066,69
52.1464,161.3074,10.0,4.1,36,179.0,1.844,1.1,us,10.68,1.963,0.078,46
34.8716,23.3565,44.531,4.9,75,83.0,2.578,0.79,us,7.8,7.226,0.04,200
-33.1967,-70.1194,104.314,4.2,38,79.0,0.208,0.56,us,5.46,3.631,0.136,15
-31.0094,-69.7696,117.329,4.4,43,47.0,0.808,0.63,us,4.62,6.398,0.102,28
-7.455,128.3425,134.732,4.3,14,107.0,5.952,0.71,us,13.07,4.298,0.187,8
52.911,161.0062,33.15,4.2,23,189.0,1.43,1.22,us,12.74,9.639,0.132,16
50.5617,158.6172,10.0,4.5,53,131.0,2.465,0.67,us,9.17,1.874,0.09,55
53.0152,161.7833,10.0,4.7,148,114.0,1.893,0.57,us,10.42,1.882,0.044,155
18.8183,-69.6585,104.119,4.4,83,52.0,0.43,1.09,us,6.04,6.941,0.038,199
-8.4015,108.8627,89.559,4.6,49,62.0,1.521,0.68,us,9.77,7.058,0.078,49
51.0212,-179.8061,35.0,4.5,59,176.0,0.665,0.65,us,4.7,1.928,0.041,177
30.8218,50.4361,10.0,5.1,94,46.0,5.752,0.79,us,7.11,1.791,0.038,230
51.4587,161.2101,10.0,4.7,25,123.0,2.221,0.62,us,7.54,1.761,0.123,20
52.2858,160.291,27.676,4.5,33,122.0,1.243,1.01,us,10.55,6.494,0.099,30
52.1932,160.7425,10.0,4.0,19,214.0,1.523,0.65,us,12.18,1.975,0.164,10
-7.0955,111.1172,241.038,4.4,49,74.0,0.673,0.72,us,8.02,4.395,0.093,33
51.3829,158.8963,31.504,4.3,24,137.0,1.65,0.91,us,11.46,6.463,0.137,18
50.9991,159.3177,10.0,4.5,28,130.0,2.069,0.57,us,7.47,1.902,0.109,25
-28.9215,-67.7263,134.202,4.1,23,94.0,2.317,0.65,us,7.16,5.389,0.234,5
52.2876,160.4641,10.0,5.0,61,123.0,1.873,1.03,us,8.62,1.878,0.08,50
-8.7137,123.8975,112.864,4.8,44,91.0,1.097,0.82,us,8.62,7.188,0.087,42
-18.1414,-175.1362,182.375,4.5,41,47.0,5.026,0.41,us,11.64,7.824,0.074,60
17.6794,122.9543,10.0,4.5,43,129.0,5.406,0.52,us,11.21,1.914,0.108,25
52.338,160.0971,35.0,5.3,104,110.0,1.117,0.81,us,8.84,1.916,0.06,93
50.6926,157.4307,52.793,4.9,172,117.0,2.423,0.53,us,8.56,3.79,0.044,164
-38.6054,175.7869,190.931,4.1,26,77.0,0.417,0.76,us,5.27,4.341,0.197,7
3.0935,-31.4434,10.0,4.5,24,75.0,20.396,0.79,us,12.63,1.896,0.124,19
-21.3096,-67.1753,192.127,4.6,51,62.0,1.881,0.68,us,7.4,6.957,0.052,109
15.4482,-94.7268,32.337,4.2,65,124.0,1.369,0.79,us,5.68,6.912,0.064,67
49.6092,156.5584,35.0,4.7,61,133.0,3.576,0.64,us,9.98,1.932,0.078,50
4.2042,122.7437,10.0,5.0,94,34.0,2.777,0.55,us,6.71,1.831,0.066,73
51.9546,-175.4017,75.311,3.5,42,176.0,0.325,0.54,us,8.58,7.258,0.095,27
39.2423,28.124,10.0,4.4,35,62.0,0.963,1.19,us,3.95,1.907,0.179,9
-23.4158,170.6464,10.0,4.4,20,245.0,3.054,0.73,us,12.06,1.998,0.156,13
53.1959,160.5831,46.725,4.2,84,116.0,1.178,0.7,us,9.88,7.787,0.062,72
51.3367,-177.0144,35.397,4.0,142,185.0,0.447,0.76,us,4.12,7.538,0.043,149
2.969,-31.1441,10.0,4.9,44,45.0,18.471,0.75,us,11.84,1.845,0.084,44
50.9339,156.2353,141.685,4.8,102,121.0,2.358,0.78,us,9.2,6.741,0.026,461
50.7266,158.0204,25.865,4.6,70,130.0,2.333,1.04,us,7.01,3.665,0.053,108
-15.4012,-176.1986,330.0,4.2,32,113.0,4.524,0.68,us,14.64,1.973,0.081,42
-6.4619,147.5559,35.0,4.5,22,119.0,2.95,1.04,us,7.83,1.945,0.124,19
52.328,160.4462,10.0,4.5,36,139.0,1.297,0.73,us,11.72,1.926,0.096,32
51.0899,159.4185,10.0,4.5,15,138.0,1.994,0.74,us,9.19,1.825,0.18,9
52.0782,160.1514,10.0,4.2,20,124.0,1.817,0.97,us,11.26,1.934,0.141,15
29.6455,141.9378,30.674,4.0,22,198.0,2.55,0.42,us,13.92,8.552,0.15,13
37.6449,144.2525,10.0,4.5,50,136.0,3.998,0.52,us,11.35,1.922,0.092,35
9.1574,93.9195,10.0,4.6,82,49.0,4.925,0.3,us,8.67,1.842,0.062,79
51.0186,158.6078,35.0,4.3,25,237.0,2.008,1.08,us,13.75,1.992,0.129,17
50.3316,158.6584,10.0,4.7,87,138.0,2.696,0.74,us,10.14,1.898,0.069,65
40.8936,142.7446,46.719,4.1,38,153.0,1.162,0.7,us,6.49,8.998,0.12,19
50.6681,157.8147,35.0,4.7,60,130.0,2.415,0.87,us,9.13,1.922,0.039,201
21.2512,94.8814,126.343,4.0,20,79.0,4.526,0.44,us,12.71,8.427,0.144,13
52.2502,160.619,35.0,4.3,18,199.0,1.428,0.61,us,11.3,1.996,0.148,13
51.4214,159.4785,35.0,4.2,20,137.0,2.013,0.96,us,12.7,1.92,0.124,18
36.6327,75.4388,10.0,4.5,29,158.0,1.956,0.93,us,5.77,1.932,0.089,37
39.4911,143.3098,10.0,4.6,63,142.0,2.155,0.58,us,10.16,1.918,0.068,64
14.0159,145.3686,109.345,4.3,13,110.0,0.645,0.31,us,9.65,9.276,0.188,8
51.2704,159.3608,29.156,4.3,21,138.0,1.809,0.61,us,12.14,6.5,0.137,15
11.2757,124.1791,10.0,4.3,11,148.0,4.402,0.22,us,14.16,1.952,0.177,9
52.2457,160.2142,35.0,4.5,42,123.0,1.231,0.81,us,9.71,1.927,0.096,32
-22.1525,-67.3866,182.56,4.4,85,69.0,1.081,0.71,us,6.78,6.78,0.056,92
52.3105,160.8878,10.0,4.4,24,158.0,1.539,0.79,us,10.65,1.946,0.123,19
-2.518,121.6537,10.0,4.3,30,52.0,1.371,1.04,us,4.55,1.898,0.148,13
34.705,70.7777,10.0,4.7,124,79.0,1.368,0.58,us,7.84,1.845,0.053,108
49.955,158.7114,10.0,4.0,23,138.0,3.073,0.74,us,13.44,1.942,0.139,14
-5.0131,123.0162,10.0,4.5,48,78.0,0.292,0.44,us,3.79,1.859,0.099,30
52.2507,160.6214,10.0,5.1,106,132.0,1.976,0.69,us,8.61,1.877,0.037,239
13.0953,144.6742,52.351,4.5,33,71.0,0.526,0.72,us,11.81,5.67,0.078,48
52.6046,161.1152,10.0,4.2,49,147.0,1.554,0.76,us,9.34,1.935,0.091,34
51.9094,-169.2983,10.0,3.6,32,191.0,0.916,0.85,us,4.04,1.909,0.138,13
51.4159,161.019,10.0,4.3,48,135.0,2.172,0.31,us,11.21,1.904,0.09,35
-10.1113,160.6988,35.0,4.7,63,103.0,0.998,0.72,us,8.38,1.905,0.078,50
51.098,158.941,34.661,4.8,32,125.0,1.937,1.16,us,8.94,3.802,0.114,24
-3.514,152.1501,272.316,4.4,39,152.0,4.996,0.79,us,10.83,8.231,0.093,33
39.578,143.3881,10.0,4.3,32,137.0,2.152,0.57,us,7.52,1.916,0.126,18
-17.3053,-174.4254,155.524,4.5,57,88.0,4.23,0.71,us,8.86,7.339,0.072,56
52.8738,160.414,10.0,4.2,56,146.0,1.078,1.08,us,10.13,1.924,0.081,42
50.6392,158.3678,35.0,4.4,50,131.0,2.394,0.92,us,10.62,1.921,0.065,69
39.5683,143.4346,10.0,4.2,26,142.0,2.187,1.03,us,3.85,1.918,0.141,14
2.5667,-31.1345,10.0,4.8,52,156.0,20.209,0.71,us,13.76,1.928,0.08,48
3.43,126.0536,69.487,4.4,26,127.0,1.415,0.61,us,6.81,9.027,0.126,18
-55.9421,-27.8538,106.301,5.1,57,69.0,5.227,1.16,us,10.7,5.996,0.071,64
-21.8039,-68.4989,124.019,4.6,102,61.0,0.69,1.18,us,5.99,5.794,0.055,98
42.7101,146.6667,10.0,4.2,37,150.0,2.692,1.14,us,10.2,1.936,0.105,25
51.665,160.44,10.0,4.0,20,120.0,1.748,0.49,us,11.69,1.924,0.126,17
1.9913,126.4277,54.045,5.1,85,55.0,2.883,0.72,us,7.39,7.049,0.054,111
51.9687,159.7249,35.0,4.2,49,234.0,1.244,0.51,us,5.58,2.014,0.075,50
52.1417,160.5002,33.827,4.2,21,124.0,1.433,0.61,us,11.06,6.281,0.112,22
49.2422,157.7258,10.0,4.0,18,150.0,3.831,0.49,us,13.63,1.948,0.164,10
53.0067,160.8847,35.0,5.5,111,105.0,1.35,0.86,us,7.5,1.861,0.02,843
53.413,159.4168,77.024,4.2,10,137.0,1.076,0.44,us,13.82,8.163,0.199,7
49.7474,157.6091,10.0,4.5,60,136.0,3.345,0.58,us,11.55,1.897,0.077,49
52.6161,160.9052,10.0,4.3,14,121.0,1.428,0.83,us,9.08,1.784,0.177,9
-7.3233,129.2753,123.984,4.2,16,109.0,5.283,0.88,us,10.29,11.001,0.186,8
16.3206,-59.6292,10.0,4.5,56,101.0,1.38,0.59,us,8.31,1.909,0.099,30
4.118,126.796,30.662,4.4,39,113.0,1.448,0.99,us,8.99,5.887,0.095,32
10.7983,123.9947,10.0,4.4,27,132.0,4.022,0.43,us,9.18,1.921,0.123,19
49.664,155.3451,95.727,4.4,102,63.0,3.751,0.49,us,10.47,6.994,0.053,103
13.0056,143.3197,212.328,4.3,26,101.0,1.615,0.66,us,14.13,9.603,0.125,18
14.0602,-89.8196,10.0,4.3,22,120.0,0.162,0.65,us,3.56,1.982,0.169,10
50.15,158.3772,10.0,4.2,15,165.0,2.883,0.71,us,10.73,1.962,0.199,9
-19.7558,-177.529,544.161,4.4,30,92.0,7.206,0.29,us,16.0,11.313,0.112,23
50.3851,158.1232,24.934,4.6,60,132.0,2.662,0.6,us,11.37,5.91,0.076,51
51.9896,-178.5877,168.359,3.8,63,103.0,0.209,0.59,us,6.41,4.634,0.074,48
51.7423,160.6156,10.0,4.1,17,126.0,1.76,0.75,us,8.34,1.918,0.135,15
51.4835,-173.9696,35.0,4.0,34,188.0,0.733,0.93,us,4.85,1.927,0.106,24
23.9447,121.5836,10.0,5.1,59,69.0,0.228,0.54,us,2.3,1.75,0.044,168
-1.9247,139.1336,35.0,4.1,17,125.0,1.159,0.99,us,4.75,1.785,0.157,11
-60.1288,-62.4106,10.0,4.9,35,83.0,4.724,0.51,us,9.28,1.855,0.101,32
51.5536,159.7544,25.666,4.6,52,127.0,1.621,1.1,us,9.65,5.654,0.074,54
-46.9301,-13.7452,10.0,4.8,21,64.0,9.912,1.23,us,11.19,1.713,0.124,20
-44.6833,-81.3578,10.0,4.3,11,184.0,8.88,0.62,us,10.0,1.98,0.178,9
-58.8007,-25.4875,29.994,5.5,63,33.0,7.576,0.86,us,9.88,5.042,0.052,126
84.9707,96.1307,10.0,4.8,126,26.0,11.403,0.48,us,9.99,1.884,0.054,105
-3.4937,140.5688,35.0,4.4,23,145.0,0.982,0.96,us,6.46,1.842,0.138,15
-10.2715,161.2607,108.087,5.0,82,33.0,1.536,0.72,us,9.51,4.987,0.046,233
54.3731,167.4906,10.0,4.3,43,130.0,4.271,0.81,us,10.62,1.886,0.07,58
6.3659,123.9582,529.927,4.0,57,50.0,1.755,0.71,us,12.36,7.89,0.078,45
-7.3281,126.7221,398.062,4.7,86,24.0,3.422,0.7,us,8.27,7.448,0.051,119
51.4697,159.677,10.0,4.2,26,128.0,1.679,1.17,us,8.88,1.916,0.136,15
-36.0216,179.8197,17.631,4.6,33,158.0,1.96,0.92,us,12.1,5.121,0.116,22
52.3501,160.4936,36.263,4.7,63,122.0,1.309,0.9,us,9.83,7.297,0.07,62
-56.579,146.3353,10.0,4.2,12,180.0,20.558,0.46,us,23.07,1.994,0.16,11
51.9924,159.7692,35.0,4.5,34,146.0,1.239,0.8,us,9.46,1.888,0.108,25
-20.3652,-178.2412,497.672,4.1,13,251.0,23.923,1.23,us,22.8,20.003,0.146,14
0.0302,123.2062,159.926,4.9,120,45.0,2.154,0.72,us,6.73,6.704,0.05,125
50.7517,-173.1818,10.0,3.8,16,233.0,1.585,0.47,us,6.35,1.967,0.228,5
-17.4911,-178.649,576.188,4.3,19,242.0,2.147,0.53,us,27.05,15.967,0.142,15
51.5837,16.0414,5.0,4.1,36,69.0,1.248,0.68,us,4.84,1.887,0.131,18
20.4905,92.3253,10.0,4.1,16,163.0,2.526,0.6,us,9.3,1.984,0.234,5
51.4638,176.9412,35.0,3.5,23,214.0,1.091,0.72,us,7.51,2.013,0.221,5
52.2616,160.5939,27.805,4.5,67,110.0,1.409,0.58,us,10.49,5.546,0.056,93
-21.3026,-67.7526,171.479,4.2,23,108.0,1.471,1.02,us,7.02,8.458,0.152,12
52.2472,160.2458,35.0,5.3,215,91.0,1.774,0.71,us,8.87,1.839,0.042,186
50.1512,157.6116,35.0,4.3,29,132.0,2.948,0.53,us,10.04,1.934,0.119,20
14.4113,-92.8717,45.171,4.3,72,131.0,1.282,1.13,us,8.3,8.944,0.068,62
52.8886,160.7292,10.0,4.6,38,133.0,1.265,1.15,us,12.82,1.921,0.077,50
49.9413,158.4115,10.0,4.3,18,151.0,3.09,0.67,us,12.57,1.956,0.147,13
12.7855,120.8882,10.0,4.4,29,102.0,15.601,0.8,us,11.38,1.444,0.11,24
6.8332,126.9556,73.342,5.1,65,121.0,1.387,0.87,us,8.9,8.092,0.064,79
-32.4483,-68.071,144.202,4.6,57,72.0,1.034,0.59,us,6.39,6.884,0.098,31
51.2401,-178.0482,30.987,3.8,42,202.0,0.524,0.81,us,4.03,7.668,0.098,27
27.3994,52.6368,10.0,4.5,40,131.0,15.942,0.7,us,13.51,1.92,0.097,31
51.4311,159.3289,35.0,4.4,22,128.0,1.649,0.58,us,10.39,1.944,0.134,16
51.9383,159.4489,35.0,4.2,29,124.0,1.192,0.55,us,9.81,1.951,0.11,23
-22.7353,-68.5873,123.317,4.4,20,70.0,0.434,0.62,us,5.17,4.211,0.143,14
-26.1558,-179.9183,484.859,4.1,31,110.0,3.565,0.76,us,15.65,5.72,0.12,19
29.3918,129.2546,10.0,4.6,44,106.0,2.35,0.8,us,7.27,1.875,0.068,64
9.0733,125.7413,10.0,4.4,26,101.0,1.997,0.5,us,6.23,1.886,0.135,17
-5.883,149.3334,99.962,4.8,65,86.0,3.106,0.49,us,7.67,7.212,0.078,54
49.8427,158.0847,28.054,4.3,22,229.0,3.205,0.42,us,15.8,5.529,0.147,13
-16.1959,177.7655,10.0,4.6,101,111.0,1.565,0.44,us,13.29,1.881,0.056,99
52.3824,160.1635,42.42,4.8,73,122.0,1.123,0.86,us,7.81,5.009,0.047,141
-18.0759,-178.2019,565.089,4.3,47,81.0,2.812,0.78,us,11.92,5.816,0.053,100
-8.6951,110.3162,75.672,4.4,22,118.0,1.64,0.4,us,7.42,7.736,0.143,14
54.5414,-159.9198,20.655,4.1,67,157.0,0.348,1.07,us,4.72,6.144,0.157,11
50.9043,157.4601,69.365,4.1,41,134.0,2.212,0.76,us,10.45,7.236,0.101,27
53.1649,160.8182,35.0,4.2,18,194.0,1.315,0.82,us,12.17,1.99,0.175,9
-37.7369,-73.9014,19.885,4.1,23,152.0,2.172,1.0,us,8.24,6.222,0.198,7
52.598,161.0609,10.0,4.7,18,181.0,1.524,0.98,us,14.21,2.0,0.174,11
1.7192,126.4493,48.937,4.8,55,90.0,3.146,0.62,us,7.78,7.773,0.054,108
41.4194,19.5601,10.0,4.2,51,56.0,0.239,0.9,us,2.47,1.888,0.094,32
-25.3265,-175.7686,10.0,4.3,14,321.0,34.323,0.86,us,31.67,2.028,0.168,12
52.3554,-171.4945,50.41,4.3,33,174.0,1.04,0.93,us,8.28,6.504,0.188,9
51.6577,159.4811,44.85,4.4,32,138.0,1.46,0.83,us,12.65,8.012,0.098,30
3.1772,-31.4065,10.0,4.8,57,90.0,24.848,0.89,us,7.59,1.86,0.058,92
34.5682,32.4728,10.0,4.2,81,107.0,0.808,0.75,us,5.43,1.867,0.07,63
36.6789,71.3884,155.622,4.3,44,165.0,1.85,0.53,us,8.83,9.805,0.09,35
34.9271,26.6098,10.0,4.3,51,154.0,0.766,0.91,us,6.25,1.902,0.077,48
-43.7809,-16.2259,10.0,5.0,76,67.0,7.338,0.42,us,10.77,1.851,0.07,69
53.1578,159.7994,62.349,4.3,32,117.0,0.706,0.85,us,7.0,7.8,0.119,20
52.9322,158.8783,100.073,4.8,101,107.0,0.165,0.65,us,9.12,5.537,0.029,370
-5.7213,111.3007,511.07,4.1,39,48.0,0.777,0.9,us,12.28,8.381,0.117,23
36.8954,141.0697,54.582,4.4,37,144.0,2.325,0.82,us,7.93,7.951,0.11,24
-31.0885,-178.2767,43.562,4.7,17,170.0,1.846,0.8,us,8.0,8.38,0.143,15
14.8175,147.1967,10.0,4.3,24,151.0,1.419,0.51,us,11.83,1.932,0.126,18
49.6174,155.5281,50.359,4.6,95,170.0,3.751,1.21,us,10.88,8.32,0.051,117
4.148,126.5326,46.152,4.4,33,73.0,1.2,0.86,us,7.78,6.084,0.12,20
51.4568,159.8744,10.0,4.3,20,198.0,1.74,0.58,us,11.13,1.984,0.147,13
29.1427,66.5577,10.0,4.5,98,87.0,5.787,0.55,us,9.62,1.836,0.066,68
-41.6242,-83.5423,10.0,4.6,29,139.0,9.837,0.97,us,6.97,1.923,0.105,27
36.4287,70.5978,203.322,4.1,28,174.0,2.252,0.93,us,7.6,10.812,0.198,7
-22.9693,170.5406,10.0,4.3,21,112.0,2.877,0.82,us,8.99,1.942,0.154,15
51.0766,159.0676,40.463,4.2,44,163.0,1.967,0.72,us,13.35,9.079,0.096,30
-31.6796,-71.7415,33.286,4.3,34,141.0,0.746,0.63,us,4.3,5.315,0.168,10
16.4171,41.5819,10.0,4.2,35,109.0,5.01,0.92,us,10.41,1.925,0.1,28
63.8907,-23.086,10.0,4.4,79,104.0,1.152,0.67,us,7.02,1.825,0.065,68
-22.5252,-68.5918,108.198,4.6,89,34.0,0.571,0.84,us,5.0,4.966,0.064,78
11.5731,141.6391,10.0,5.1,43,71.0,3.735,1.05,us,11.23,1.888,0.052,120
52.5535,160.5109,31.366,4.5,66,149.0,1.224,0.97,us,10.89,6.661,0.074,54
-22.6251,-66.3753,247.528,4.2,19,89.0,1.696,0.7,us,9.05,8.417,0.153,12
-55.1495,-126.6904,10.0,5.1,119,63.0,30.658,0.55,us,11.04,1.775,0.052,120
29.1796,87.0157,10.0,5.0,73,73.0,3.624,0.75,us,7.3,1.476,0.044,165
51.0719,158.3841,35.0,5.1,89,89.0,1.961,0.89,us,9.02,1.85,0.025,534
53.0361,160.8224,31.363,4.9,81,129.0,1.312,0.67,us,10.46,5.579,0.043,167
40.8581,78.066,10.0,4.2,27,102.0,0.935,0.53,us,5.95,1.941,0.127,20
50.1236,158.8934,10.0,4.6,69,110.0,2.908,1.06,us,8.91,1.855,0.076,52
41.2535,142.6957,42.963,4.4,48,172.0,0.836,0.86,us,9.23,8.886,0.086,39
51.3629,160.977,10.0,4.2,35,177.0,2.195,0.86,us,11.32,1.933,0.115,21
-5.465,150.9384,103.873,4.6,34,87.0,1.581,0.71,us,10.25,8.346,0.105,27
51.5279,159.7667,10.0,4.7,76,127.0,1.648,1.0,us,8.37,1.888,0.062,79
51.3451,158.9883,35.0,4.5,45,121.0,1.694,0.96,us,8.45,1.926,0.06,81
51.4476,-130.5975,10.0,4.1,71,170.0,0.925,0.61,us,9.39,1.952,0.049,115
-30.1715,-177.5487,35.0,4.3,14,243.0,8.136,0.96,us,9.42,2.008,0.169,10
46.3138,152.7644,30.579,4.4,41,136.0,7.51,0.56,us,11.09,6.226,0.112,23
-43.7903,-16.0949,10.0,4.6,26,144.0,7.306,0.71,us,10.57,1.855,0.111,25
-4.9949,133.5001,10.0,4.3,15,80.0,2.41,0.49,us,7.15,1.919,0.2,7
-3.6845,68.1975,10.0,4.7,33,98.0,5.625,0.42,us,11.84,1.895,0.117,24
-19.0961,169.2714,248.046,4.2,31,110.0,3.893,0.48,us,12.37,9.976,0.105,25
-0.0886,100.1054,10.0,4.6,38,152.0,2.883,1.0,us,8.43,1.91,0.114,27
52.1576,160.2437,10.0,4.5,49,144.0,1.303,0.61,us,10.98,1.916,0.077,49
28.2943,56.8932,10.0,4.3,25,83.0,3.392,0.85,us,11.77,1.867,0.125,18
14.8497,145.62,137.181,4.4,33,88.0,0.416,0.63,us,13.11,6.131,0.114,22
50.3429,159.5699,10.0,4.7,134,71.0,2.745,0.72,us,8.07,1.679,0.033,277
18.1329,145.2906,450.422,4.0,51,117.0,2.915,0.61,us,13.53,9.959,0.081,41
41.5328,141.9543,67.208,4.3,39,126.0,1.001,0.5,us,5.88,3.148,0.113,22
-11.9776,166.3038,58.458,4.3,20,145.0,3.558,0.52,us,11.87,9.12,0.142,15
-6.0885,151.9158,10.0,4.6,44,152.0,1.773,0.94,us,10.91,1.911,0.082,44
13.7793,120.866,10.0,4.4,29,124.0,20.121,0.57,us,15.53,1.946,0.12,20
38.3902,119.3497,10.0,4.5,38,111.0,2.956,0.69,us,6.47,1.875,0.089,37
50.9505,157.4312,72.557,4.3,36,128.0,2.167,0.77,us,9.87,6.784,0.099,29
-24.1417,179.857,533.267,4.4,51,69.0,6.584,1.05,us,11.13,8.282,0.066,67
-23.5326,-179.6245,554.242,4.4,36,132.0,6.155,0.62,us,14.54,8.084,0.095,32
39.5869,143.2433,37.562,4.4,35,155.0,2.056,0.41,us,9.07,8.406,0.121,20
-19.8854,-178.0543,477.91,4.2,129,72.0,4.181,0.58,us,12.11,6.113,0.048,121
6.8252,127.2307,10.0,4.3,23,107.0,1.658,0.84,us,8.25,1.931,0.142,19
52.5592,160.812,10.0,5.3,92,118.0,1.393,1.27,us,9.32,1.877,0.062,87
-7.6609,129.0993,87.297,4.4,25,100.0,5.21,1.05,us,9.67,8.523,0.12,20
-22.2178,-175.8971,78.794,5.2,56,132.0,6.404,0.77,us,12.32,9.038,0.061,89
33.2677,73.2789,10.0,4.9,76,82.0,3.664,1.04,us,9.18,1.869,0.049,132
50.9121,-178.9089,10.0,3.9,46,210.0,0.645,1.11,us,4.85,1.456,0.069,55
4.937,127.879,10.0,4.3,23,166.0,2.4,0.5,us,10.37,1.952,0.148,13
36.5526,70.919,191.664,4.3,41,77.0,2.154,0.67,us,7.98,7.825,0.116,21
-24.5474,179.7944,549.705,4.5,62,71.0,8.039,0.63,us,10.55,6.748,0.073,59
14.0249,-89.8234,10.0,4.2,20,126.0,0.129,0.75,us,3.67,1.967,0.176,9
-17.7332,-178.8178,544.347,4.1,41,93.0,2.136,0.76,us,15.11,9.732,0.1,27
-47.8636,116.0066,10.0,4.5,23,93.0,14.948,0.67,us,14.62,1.904,0.135,16
41.0658,83.2521,10.0,4.5,40,107.0,3.051,0.61,us,9.13,1.905,0.127,18
-21.8724,179.7395,599.507,4.5,52,58.0,4.402,0.75,us,13.81,10.234,0.082,44
-28.5401,-177.9259,180.46,4.0,21,138.0,9.535,1.11,us,13.66,10.427,0.139,14
52.7985,160.6553,10.0,4.5,73,112.0,1.235,0.85,us,10.08,1.887,0.056,93
51.5777,159.6258,10.0,5.0,61,135.0,1.567,0.65,us,9.44,1.897,0.077,53
-6.569,129.0086,263.635,4.1,15,98.0,4.855,0.55,us,10.05,13.088,0.214,6
-63.3613,-159.6281,10.0,4.4,10,145.0,17.842,0.68,us,15.5,1.934,0.179,9
30.4466,69.518,37.479,4.4,111,66.0,8.196,0.49,us,10.15,6.977,0.056,99
52.8321,161.3073,32.337,4.5,64,119.0,1.62,0.82,us,10.19,6.056,0.041,176
-21.1079,-174.2828,22.138,4.7,33,161.0,7.546,0.49,us,15.25,6.507,0.104,28
52.6936,159.7926,72.232,4.4,32,168.0,0.767,0.72,us,11.81,6.969,0.1,29
-16.9042,-173.874,10.0,4.6,28,81.0,3.597,0.67,us,11.24,1.596,0.128,18
51.5379,159.6606,10.0,5.0,74,121.0,1.612,0.86,us,7.94,1.878,0.074,58
-33.6622,-178.7327,10.0,4.7,31,76.0,4.457,0.55,us,10.93,1.868,0.106,27
-27.9812,-177.8106,10.0,4.4,18,92.0,10.876,0.74,us,8.36,1.899,0.139,15
-9.042,124.0259,100.185,4.4,24,97.0,0.748,0.87,us,6.68,2.754,0.126,18
41.4754,83.8183,10.0,4.4,32,111.0,3.704,1.01,us,6.25,1.912,0.139,15
40.7378,143.859,10.0,4.3,31,134.0,2.123,0.69,us,8.2,1.913,0.138,15
-27.6087,-177.8981,10.0,4.6,32,224.0,1.63,1.19,us,13.78,1.919,0.1,33
51.3919,157.5509,61.529,4.6,34,120.0,1.721,0.67,us,10.26,8.292,0.105,27
43.0205,150.1351,10.0,4.4,21,136.0,5.254,0.67,us,11.28,1.583,0.155,12
10.6259,-86.0467,10.0,4.3,34,203.0,1.127,0.93,us,8.6,1.982,0.113,22
-18.8939,-177.6713,598.301,4.1,25,87.0,3.705,0.65,us,15.46,4.768,0.126,17
53.7879,-165.5072,63.549,3.6,34,170.0,0.342,0.32,us,5.81,11.269,0.125,16
-55.9734,-27.8435,105.039,4.6,86,67.0,5.241,0.57,us,10.33,5.851,0.068,71
51.6455,159.4825,10.0,4.2,23,138.0,1.472,0.59,us,10.8,1.932,0.141,14
-7.1031,101.9285,10.0,4.4,18,163.0,2.91,0.6,us,12.08,1.936,0.161,11
39.6007,143.2615,31.63,4.5,38,141.0,2.059,0.39,us,5.68,6.532,0.11,24
12.8319,145.5557,10.0,4.5,32,117.0,1.007,0.69,us,6.59,1.893,0.116,22
9.7939,-70.7598,10.0,4.4,39,92.0,0.913,0.68,us,7.53,1.91,0.117,21
-29.7529,-71.8422,27.059,4.3,32,145.0,0.55,0.82,us,5.35,5.147,0.154,12
51.2443,157.5855,78.229,4.5,61,126.0,1.868,0.68,us,9.66,7.218,0.041,172
-7.0257,147.3571,49.747,4.2,17,120.0,2.372,1.14,us,11.33,8.872,0.124,18
42.7638,146.4289,35.0,4.3,31,188.0,2.536,0.49,us,3.9,1.972,0.125,18
49.887,155.7814,78.872,4.2,67,137.0,3.441,0.43,us,11.78,7.172,0.073,52
28.1992,51.7226,10.0,4.3,55,103.0,5.158,0.53,us,8.88,1.9,0.092,34
13.1257,-91.0028,10.0,4.4,48,194.0,1.418,1.08,us,8.91,1.95,0.038,205
48.7535,156.3324,10.504,4.5,53,137.0,4.445,0.81,us,9.18,5.169,0.074,54
53.0995,160.3259,32.405,5.0,63,126.0,1.014,0.63,us,11.65,6.036,0.083,46
79.9106,-0.4571,10.0,4.1,37,60.0,2.495,0.79,us,9.19,1.919,0.1,27
49.5765,157.7946,10.0,4.8,187,84.0,3.493,0.44,us,7.96,1.809,0.036,241
-55.7521,-26.1327,10.0,4.5,21,109.0,6.136,0.53,us,7.43,1.92,0.121,20
-4.0329,142.9994,79.643,4.6,47,76.0,2.744,0.65,us,6.88,7.707,0.086,41
-0.3619,124.5287,64.707,4.4,20,59.0,1.821,0.96,us,5.79,9.318,0.169,10
21.2003,95.7149,141.521,4.1,30,138.0,2.824,1.21,us,12.66,10.766,0.12,19
-24.0991,179.8054,517.381,4.2,24,100.0,6.531,0.43,us,15.19,15.596,0.128,23
-6.9954,125.564,497.769,4.2,19,88.0,3.027,0.73,us,15.69,12.101,0.167,10
-8.3468,119.7327,174.306,4.8,31,60.0,1.427,0.61,us,6.11,7.53,0.116,23
37.2072,141.1066,51.068,4.4,29,134.0,2.416,0.62,us,4.33,8.448,0.13,17
53.2389,161.4336,25.407,4.2,34,116.0,1.691,0.76,us,10.14,5.871,0.104,29
51.6639,159.0734,58.882,4.1,17,137.0,1.674,0.41,us,14.34,6.011,0.13,16
51.8676,160.1839,30.71,4.3,19,125.0,1.49,0.42,us,10.86,6.286,0.119,20
24.0592,125.9035,10.0,5.1,51,119.0,1.557,0.95,us,8.12,1.858,0.064,78
49.8161,156.0027,73.355,4.2,47,137.0,3.463,0.62,us,13.19,8.162,0.082,41
-15.0755,-173.558,10.0,5.1,37,101.0,2.074,0.82,us,12.0,1.488,0.041,188
28.3641,141.9716,36.792,4.2,34,134.0,1.278,0.74,us,8.58,7.356,0.105,25
18.8324,39.0784,10.0,4.1,26,202.0,6.626,0.86,us,15.95,2.004,0.12,19
-52.7683,22.3101,10.0,4.4,14,76.0,20.081,0.74,us,11.83,1.929,0.155,12
71.2081,-7.832,10.0,4.8,129,58.0,4.705,0.73,us,8.39,1.879,0.037,226
-26.0805,70.4461,10.0,4.4,13,75.0,40.04,1.18,us,15.24,1.898,0.19,8
52.2858,160.5623,11.31,4.8,133,123.0,1.379,0.59,us,9.71,4.969,0.047,140
3.012,-31.3323,10.0,4.9,61,66.0,9.895,0.82,us,9.09,1.726,0.059,92
-7.6961,127.6235,174.724,4.1,31,52.0,3.884,1.38,us,8.61,6.096,0.12,22
50.255,159.0845,10.0,4.3,25,134.0,2.786,1.21,us,10.66,1.908,0.148,14
39.218,28.2551,10.0,4.9,66,37.0,1.06,1.14,us,5.48,1.876,0.093,36
35.1068,25.3162,10.0,4.3,83,93.0,0.393,0.7,us,3.98,1.806,0.062,73
51.4757,159.519,10.0,5.3,116,77.0,1.64,0.85,us,7.06,1.842,0.022,682
-0.677,123.2858,10.0,4.3,33,66.0,2.618,0.84,us,6.6,1.926,0.109,24
-0.6074,67.3847,10.0,4.5,45,86.0,5.715,0.48,us,8.61,1.895,0.093,34
51.4203,159.505,24.468,4.5,27,127.0,1.69,1.1,us,9.82,5.626,0.115,22
-39.7842,-75.1812,10.0,4.2,16,191.0,1.355,0.56,us,5.54,1.949,0.304,3
-0.8068,-91.5237,10.0,4.4,20,245.0,0.655,0.69,us,5.25,1.924,0.139,15
34.4204,140.2268,114.964,4.1,29,135.0,1.347,0.48,us,10.52,8.881,0.127,17
52.0455,159.0606,52.131,4.5,46,226.0,1.011,0.7,us,10.0,8.07,0.089,37
52.2784,159.7298,35.0,4.5,71,121.0,0.995,0.95,us,7.57,1.922,0.066,68
17.4847,-61.2607,22.975,4.3,39,178.0,0.533,0.82,us,5.65,7.212,0.201,8
-56.2675,-26.4357,44.856,5.6,79,46.0,6.079,0.87,us,8.91,4.716,0.054,120
-55.7247,-26.3445,10.0,5.0,41,91.0,6.013,0.56,us,11.65,1.79,0.089,41
-3.4001,128.7228,52.68,4.4,43,46.0,3.553,0.81,us,5.25,8.779,0.097,31
7.3797,126.8108,67.176,4.6,45,122.0,1.26,1.07,us,9.02,7.637,0.091,36
15.0507,-94.2826,63.526,4.4,73,151.0,1.98,1.25,us,6.27,7.314,0.039,186
50.5721,157.4975,35.0,4.7,37,130.0,2.543,0.76,us,9.98,1.93,0.106,27
6.9544,-73.1265,147.834,4.2,30,115.0,2.409,0.67,us,7.86,11.659,0.12,19
52.7643,160.2606,35.0,4.2,69,145.0,1.01,0.55,us,9.16,1.954,0.063,72
7.8436,94.6781,10.0,4.3,13,204.0,4.931,0.46,us,14.53,1.989,0.201,7
1.0561,125.534,72.012,4.6,77,64.0,0.794,0.88,us,5.7,6.28,0.055,101
-0.2594,-16.1735,10.0,4.7,20,119.0,13.225,0.44,us,16.78,1.925,0.137,16
-22.3771,-66.1533,262.276,4.3,31,71.0,1.956,0.84,us,9.29,8.66,0.116,21
51.3432,159.6046,10.0,4.4,20,221.0,1.782,0.49,us,7.87,1.926,0.162,11
-1.5529,-77.7537,181.434,4.1,40,63.0,0.277,0.65,us,8.87,4.766,0.105,25
-8.3816,111.8241,147.957,4.5,37,83.0,1.906,0.87,us,6.86,7.375,0.121,24
-60.3049,-62.8163,10.0,4.7,29,130.0,4.522,0.88,us,10.51,1.91,0.102,29
-19.2563,-177.6303,570.339,4.2,22,208.0,3.974,0.55,us,21.55,13.505,0.132,16
4.1014,126.4683,59.115,4.3,42,91.0,1.169,0.77,us,5.73,7.957,0.089,36
53.037,-161.8862,10.0,4.2,41,173.0,1.951,0.64,us,6.41,1.951,0.1,28
37.7812,72.0809,133.289,4.3,24,128.0,0.619,0.83,us,8.25,6.79,0.16,11
-7.8895,117.6906,12.248,4.2,19,80.0,0.936,0.77,us,6.87,4.891,0.167,10
53.5339,159.9458,72.524,4.0,48,134.0,0.931,0.46,us,12.21,7.763,0.077,46
52.3016,-169.4338,35.0,3.8,52,175.0,0.517,0.9,us,4.68,1.884,0.075,46
16.6492,119.729,10.0,4.6,67,104.0,6.267,0.7,us,9.58,1.881,0.082,47
27.8174,56.7028,10.0,4.4,55,76.0,2.895,0.62,us,9.3,1.89,0.079,46
52.3426,160.747,10.0,4.1,27,137.0,1.447,0.74,us,12.12,1.932,0.131,16
-35.3807,-105.7786,10.0,5.0,64,143.0,8.772,1.0,us,12.2,1.893,0.073,60
-17.7485,-178.3923,558.289,4.7,171,72.0,2.485,0.79,us,12.04,6.167,0.035,252
54.3707,-159.8603,10.0,3.9,29,223.0,0.487,0.84,us,4.48,1.977,0.23,5
54.1633,-166.1839,103.035,4.4,132,84.0,0.075,0.61,us,6.45,1.3,0.044,148
21.6881,144.4612,83.446,4.4,36,124.0,5.769,0.62,us,11.67,6.155,0.111,23
52.6923,160.9851,10.0,4.2,24,198.0,1.454,0.82,us,10.88,1.994,0.117,20
18.1793,121.4718,125.483,4.7,78,58.0,4.629,1.07,us,9.92,7.292,0.071,61
50.0607,157.0884,36.54,4.1,24,134.0,3.076,0.79,us,8.68,5.116,0.139,14
-5.8087,148.8839,123.391,5.0,41,64.0,3.641,0.69,us,6.42,6.92,0.101,31
53.2783,160.9008,35.0,4.3,33,134.0,1.379,0.96,us,10.92,1.919,0.126,19
-5.522,152.2612,58.532,4.5,51,161.0,5.983,0.8,us,12.26,7.295,0.065,70
-4.605,144.8992,205.996,4.2,26,105.0,4.674,0.42,us,8.49,7.49,0.12,19
50.2323,159.6843,10.0,4.3,40,135.0,2.868,0.68,us,7.86,1.715,0.098,29
52.5004,159.003,45.918,4.9,26,181.0,0.566,0.58,us,10.32,8.379,0.323,3
14.6053,145.7293,120.325,4.6,76,70.0,0.628,0.66,us,8.04,5.963,0.048,130
-20.5334,-178.3095,540.152,4.4,44,124.0,4.418,0.7,us,14.12,7.851,0.097,33
49.6991,157.8171,10.0,4.7,36,136.0,3.37,0.54,us,12.38,1.921,0.081,47
-16.5223,-177.2358,421.006,4.6,61,67.0,3.256,0.89,us,12.1,7.988,0.041,181
42.9684,18.6709,10.0,4.4,47,37.0,0.692,0.79,us,4.11,1.932,0.13,17
-18.2633,-178.7306,544.99,4.1,8,239.0,2.538,1.09,us,23.46,18.787,0.197,8
50.103,157.6078,35.115,4.4,40,125.0,2.996,0.93,us,12.13,6.231,0.095,32
-49.8036,116.2712,10.0,4.3,18,141.0,16.785,0.73,us,13.69,1.93,0.138,15
52.8339,160.9304,10.0,4.8,88,128.0,1.393,0.94,us,7.89,1.78,0.04,188
-3.1926,146.9392,10.0,4.1,23,77.0,1.219,0.79,us,6.98,1.899,0.14,14
34.7697,141.8354,10.0,5.1,66,123.0,2.355,0.71,us,7.92,1.865,0.037,234
49.5277,157.461,10.0,4.7,105,134.0,3.579,0.66,us,9.33,1.881,0.041,177
34.6057,70.763,10.0,5.2,168,39.0,1.347,0.88,us,7.59,1.763,0.032,315
52.7231,160.6649,10.0,4.7,112,118.0,1.258,0.89,us,8.22,1.874,0.051,115
5.7139,123.9966,520.692,4.4,78,35.0,1.769,0.65,us,10.94,7.338,0.072,56
51.7473,159.3619,34.855,4.4,73,125.0,1.35,0.68,us,8.92,4.752,0.059,84
30.7816,103.4528,10.0,4.5,65,137.0,5.165,0.79,us,10.4,1.896,0.065,70
51.4092,160.9922,10.0,4.0,18,129.0,2.166,0.6,us,6.84,1.796,0.232,5
52.5732,160.7526,10.0,4.5,61,118.0,1.354,0.95,us,6.99,1.586,0.043,161
51.631,159.1432,35.0,5.0,76,100.0,1.427,1.31,us,8.95,1.754,0.024,539
52.9126,160.6553,35.0,4.1,25,146.0,1.218,0.65,us,9.96,1.983,0.124,18
0.5086,121.2234,92.951,4.3,25,122.0,0.744,0.95,us,6.16,7.185,0.168,11
29.2054,128.9807,10.0,4.9,44,84.0,2.442,0.95,us,7.35,1.864,0.059,89
-25.9286,-178.7886,351.602,4.4,44,126.0,8.655,1.02,us,13.29,7.664,0.095,34
36.5174,140.8431,64.774,4.2,16,167.0,2.122,0.64,us,6.19,13.895,0.235,5
43.8486,-128.0755,10.0,4.4,32,210.0,2.032,1.41,us,10.77,2.0,0.064,71
-22.3515,-179.5451,589.473,4.7,89,69.0,5.109,0.69,us,9.17,6.896,0.034,263
50.8403,158.6814,10.0,4.3,33,149.0,2.186,0.97,us,12.72,1.962,0.095,31
-18.1429,168.3484,56.676,4.4,18,150.0,2.896,1.08,us,8.34,9.098,0.169,13
5.4538,126.0067,93.582,4.7,72,50.0,0.888,1.07,us,6.62,6.883,0.064,74
51.8297,-171.8469,49.484,3.7,47,196.0,1.499,1.0,us,11.52,10.916,0.089,32
51.8474,160.5503,10.0,4.5,13,218.0,1.655,0.56,us,7.78,1.982,0.313,4
42.295,144.5442,40.707,4.3,58,170.0,2.315,0.57,us,8.94,9.55,0.079,45
39.2965,143.4035,17.733,4.8,91,97.0,2.334,0.44,us,7.14,4.804,0.06,86
52.2761,160.6707,22.286,4.4,92,130.0,1.441,0.69,us,9.81,5.785,0.059,83
12.7999,123.5914,10.0,4.5,45,91.0,8.229,0.61,us,4.92,1.894,0.103,28
39.7227,41.858,10.0,4.2,50,63.0,1.088,0.41,us,1.5,1.933,0.121,19
3.0386,-31.3781,10.0,4.7,42,82.0,9.898,0.72,us,8.15,1.714,0.073,57
50.9849,158.6593,35.0,5.4,61,81.0,2.042,0.57,us,6.5,1.634,0.092,40
29.3572,129.4546,9.968,4.7,93,112.0,2.312,0.48,us,7.04,4.066,0.062,78
-12.2556,167.1956,255.664,4.7,66,46.0,3.172,0.64,us,11.22,6.696,0.035,252
52.7173,160.8827,39.617,4.2,47,163.0,1.388,0.59,us,13.14,8.857,0.081,43
2.3968,-95.213,10.0,4.3,25,201.0,5.1,0.99,us,11.32,1.961,0.137,18
-55.6133,-26.8773,10.0,5.0,38,67.0,5.697,0.66,us,11.36,1.895,0.098,33
40.674,145.1876,10.0,4.5,73,135.0,2.033,0.67,us,5.44,1.887,0.076,51
52.1463,160.24,31.385,4.1,22,204.0,1.309,0.86,us,13.31,9.987,0.124,18
-7.1735,-13.0571,10.0,5.0,60,59.0,1.496,0.83,us,5.21,1.809,0.07,66
-32.6793,-178.4099,10.0,4.5,13,171.0,3.432,0.6,us,12.4,1.788,0.171,10
19.2908,39.2095,10.0,4.5,32,74.0,6.831,0.91,us,11.04,1.916,0.082,43
-6.4443,129.236,195.258,4.1,21,64.0,4.613,0.79,us,10.33,10.022,0.197,7
1.0126,125.5724,83.335,4.3,33,75.0,0.848,0.59,us,5.72,7.243,0.133,16
52.3542,160.3992,35.0,4.0,12,137.0,1.258,0.91,us,9.66,1.966,0.26,4
-8.0385,107.9432,45.43,4.4,17,95.0,0.642,0.85,us,7.08,5.34,0.178,10
52.7354,161.0394,10.0,4.2,42,148.0,1.477,0.88,us,10.39,1.931,0.102,27
51.6136,158.4984,73.349,4.6,97,108.0,1.415,0.7,us,8.91,6.64,0.058,90
-20.6853,-174.1519,10.0,4.6,22,135.0,7.109,0.47,us,13.65,1.659,0.141,15
-14.1343,167.3171,199.482,4.6,79,125.0,1.31,0.59,us,12.04,5.019,0.055,99
13.7233,40.5146,10.0,4.4,27,111.0,3.847,1.0,us,7.47,1.933,0.096,31
52.6444,160.4965,35.0,4.3,27,147.0,1.183,0.82,us,9.55,1.956,0.133,16
-3.0042,129.5823,10.0,4.0,25,71.0,2.664,0.88,us,7.81,1.899,0.144,14
40.9028,142.9449,35.0,4.1,17,154.0,1.123,0.87,us,4.05,1.927,0.198,7
-18.5953,-179.2141,524.107,4.2,13,134.0,2.502,1.34,us,20.67,10.94,0.124,20
52.2923,160.6074,10.0,5.2,54,144.0,1.399,1.15,us,10.92,1.906,0.047,151
-20.5072,169.7026,97.56,4.3,15,205.0,2.966,0.45,us,10.94,10.27,0.161,11
53.2545,159.9288,55.409,4.4,33,143.0,0.804,0.99,us,12.23,5.87,0.098,30
44.368,147.4856,108.046,4.2,34,147.0,3.525,0.75,us,10.43,8.864,0.108,24
-6.7394,150.8719,10.0,4.6,41,124.0,2.676,0.76,us,9.98,1.885,0.103,28
14.1924,-91.0356,97.322,4.3,99,129.0,0.621,0.76,us,6.63,5.166,0.037,209
52.9969,159.7477,78.138,4.4,58,141.0,1.242,0.72,us,12.37,8.616,0.067,63
36.7398,71.1247,241.348,4.0,21,86.0,1.907,0.71,us,7.08,10.621,0.212,6
54.5047,-159.8347,33.397,4.4,59,161.0,0.357,0.82,us,5.05,5.076,0.106,26
-25.7952,-176.9375,101.106,4.8,37,100.0,9.263,0.89,us,12.33,8.958,0.107,27
-6.4544,131.2977,35.0,4.5,31,93.0,3.637,0.48,us,12.22,1.931,0.11,24
50.9066,158.972,10.0,4.3,18,130.0,2.129,0.36,us,10.75,1.939,0.16,11
7.274,127.3608,10.0,4.3,23,116.0,1.779,0.49,us,8.41,1.914,0.119,20
52.4513,160.8208,10.0,4.4,28,176.0,1.439,0.68,us,11.05,1.958,0.126,18
36.9515,30.8279,105.95,4.1,34,112.0,0.765,0.74,us,5.92,5.32,0.135,16
-36.878,51.8744,10.0,4.4,25,90.0,12.583,1.16,us,14.15,1.884,0.135,16
53.2136,161.3712,10.0,4.5,29,116.0,2.214,0.68,us,10.62,1.901,0.119,21
51.2138,178.3018,42.317,4.5,66,137.0,0.649,0.69,us,6.38,7.416,0.05,118
17.8001,40.1464,10.0,4.6,89,53.0,5.193,0.37,us,7.74,1.804,0.063,75
-7.3025,128.9231,150.747,4.1,21,65.0,5.21,0.46,us,8.73,10.997,0.175,9
52.5646,160.8915,10.0,4.4,43,158.0,1.437,0.99,us,10.42,1.906,0.086,39
48.4112,157.2249,10.0,5.0,93,106.0,4.706,0.58,us,11.33,1.862,0.034,268
51.2677,158.9288,28.546,4.6,57,112.0,1.767,0.76,us,7.97,4.093,0.057,91
29.4338,129.3125,10.0,4.5,49,107.0,2.291,0.75,us,5.93,1.518,0.079,48
18.3705,-80.1087,10.0,4.2,43,50.0,2.45,0.97,us,6.83,1.855,0.115,22
52.2865,160.7756,10.0,5.0,174,74.0,1.49,0.79,us,7.53,1.803,0.028,407
-23.6029,-68.0798,137.382,4.0,22,87.0,0.654,0.58,us,5.43,7.364,0.258,4
-38.9228,-91.3771,10.0,4.5,44,80.0,11.411,0.54,us,13.11,1.889,0.084,42
42.4932,-28.8979,10.0,4.5,18,81.0,5.385,0.9,us,5.41,1.924,0.145,14
-19.4544,-70.2198,38.372,4.3,18,170.0,0.816,0.53,us,2.54,13.703,0.237,5
22.7691,143.5336,73.846,4.6,32,99.0,4.478,0.62,us,10.49,7.053,0.119,21
29.3994,129.1855,10.0,4.4,23,140.0,2.37,1.21,us,9.93,1.92,0.127,18
9.3808,93.9854,10.0,4.7,55,50.0,5.064,0.9,us,10.31,1.869,0.086,41
-6.3252,130.4119,112.551,4.4,21,83.0,3.847,0.39,us,13.33,10.442,0.139,15
-6.2417,130.006,159.763,4.3,24,117.0,1.711,0.6,us,10.6,8.204,0.129,17
27.242,140.1716,451.332,4.1,52,93.0,1.799,0.77,us,13.23,9.324,0.063,70
-23.988,-177.3339,212.569,4.8,29,181.0,7.561,0.71,us,18.04,11.636,0.102,30
24.998,122.8429,10.0,4.2,19,145.0,0.55,0.64,us,4.46,1.931,0.2,7
34.6356,70.6623,10.0,4.6,91,80.0,1.266,0.65,us,7.5,1.853,0.057,90
50.1769,155.9291,91.642,4.4,62,135.0,3.136,0.7,us,11.99,7.771,0.066,66
49.5793,157.5322,16.76,4.5,24,136.0,3.519,0.78,us,9.24,4.765,0.145,14
-57.7724,157.7288,10.0,4.2,8,145.0,3.351,0.52,us,12.29,1.964,0.187,8
-6.3495,151.7823,10.0,4.7,69,83.0,2.044,0.64,us,3.84,1.826,0.068,65
-32.7661,-178.1432,10.0,4.4,12,176.0,3.515,0.66,us,13.59,1.954,0.161,11
51.4961,159.647,24.649,4.8,93,121.0,1.648,0.82,us,9.75,5.218,0.057,101
41.2822,142.7532,40.195,4.3,32,142.0,0.792,0.91,us,6.2,8.466,0.122,19
10.9166,93.7806,167.634,4.2,21,80.0,9.006,0.57,us,15.46,9.262,0.137,15
39.8676,143.2263,36.699,4.3,26,160.0,1.892,0.58,us,5.77,7.762,0.133,16
20.2491,145.2841,10.0,4.6,27,122.0,5.004,0.67,us,10.11,1.874,0.09,37
50.419,159.8194,10.0,4.5,52,170.0,2.708,0.63,us,9.7,1.93,0.054,103
26.1958,125.128,185.198,4.6,58,53.0,1.981,0.83,us,7.94,7.904,0.069,71
-31.262,-176.8567,10.0,4.6,26,133.0,8.908,0.8,us,14.76,1.941,0.111,24
53.4928,160.6054,53.329,4.3,19,191.0,1.265,0.87,us,14.77,11.872,0.114,22
-20.1916,-177.6091,514.705,4.4,15,120.0,4.677,0.61,us,14.91,27.871,0.148,13
-7.4704,128.2213,144.482,4.5,27,62.0,4.521,0.83,us,9.57,7.854,0.113,23
37.0416,28.4821,10.0,4.4,33,57.0,0.783,0.66,us,4.57,1.358,0.178,9
50.1343,156.9345,51.578,5.0,93,102.0,3.016,0.54,us,10.22,6.168,0.023,587
-45.038,166.1316,13.184,4.6,30,89.0,0.838,0.86,us,4.31,5.13,0.141,15
-31.415,-67.7291,10.0,4.5,35,41.0,0.815,1.1,us,5.35,1.9,0.121,21
49.0189,154.9365,80.244,4.1,44,135.0,4.449,0.65,us,10.32,7.915,0.09,37
42.3653,144.4693,48.568,4.8,85,123.0,1.036,0.64,us,7.54,6.899,0.028,404
52.0184,158.7075,63.28,4.2,18,123.0,1.007,0.74,us,11.29,4.098,0.128,17
52.0814,160.3966,10.0,4.9,92,114.0,1.424,0.7,us,8.28,1.814,0.04,200
51.8202,158.4768,71.892,4.9,59,127.0,1.21,0.58,us,12.32,6.235,0.077,53
-18.9716,167.4547,10.0,4.7,28,80.0,3.226,0.94,us,8.48,1.901,0.117,22
-24.0011,-66.9945,167.671,4.3,70,54.0,1.508,1.01,us,7.56,7.071,0.067,63
49.0858,156.0926,30.416,4.6,56,167.0,4.153,0.61,us,11.93,7.022,0.07,63
14.9447,147.0388,37.539,4.6,94,102.0,1.238,0.7,us,7.91,6.952,0.061,86
8.5741,58.4158,10.0,4.4,33,174.0,19.337,0.88,us,15.58,1.978,0.105,26
50.1825,158.911,10.0,4.9,70,126.0,2.85,1.0,us,8.0,1.873,0.048,138
-16.6866,-172.1765,10.0,5.2,65,124.0,8.108,1.02,us,12.11,1.807,0.029,390
-57.9569,-10.5137,10.0,4.6,23,98.0,14.13,1.12,us,13.78,1.941,0.123,23
5.3031,127.0477,126.766,4.8,96,93.0,1.662,0.78,us,7.14,6.47,0.043,169
-24.4861,179.958,519.129,4.4,44,100.0,5.101,0.51,us,15.75,8.107,0.092,34
13.3906,-90.9805,41.876,4.1,41,192.0,1.227,0.8,us,7.19,10.057,0.066,63
39.1968,28.1279,10.0,4.4,34,44.0,0.959,0.75,us,4.1,1.93,0.189,8
-10.8967,116.7495,10.0,4.2,13,159.0,2.291,0.87,us,8.14,1.942,0.264,4
29.3138,129.4862,10.0,4.2,22,116.0,2.342,0.83,us,7.54,1.909,0.152,12
52.9253,160.7012,36.108,4.4,41,161.0,1.244,1.03,us,11.77,9.505,0.098,30
48.9896,156.1798,10.0,5.2,152,118.0,4.234,0.98,us,10.1,1.867,0.029,391
-10.2765,161.1285,71.424,5.2,95,96.0,1.431,0.42,us,10.36,6.01,0.049,138
-1.6311,-77.6831,172.909,4.2,39,66.0,0.368,0.6,us,7.11,4.974,0.097,32
-5.5707,131.691,35.0,4.9,57,74.0,2.692,0.94,us,8.12,1.905,0.084,51
4.9095,94.7943,59.204,4.4,35,96.0,2.168,0.55,us,7.93,8.226,0.114,22
51.8319,162.3975,10.0,4.2,19,159.0,2.586,0.47,us,11.3,1.958,0.141,14
52.4386,160.6506,10.0,4.4,33,151.0,1.35,0.62,us,7.06,1.933,0.126,20
-48.1337,117.5056,10.0,4.3,20,89.0,15.191,1.18,us,12.74,1.915,0.125,18
-23.0795,-174.9504,10.0,4.7,30,100.0,6.153,0.57,us,13.66,1.889,0.108,26
-32.941,179.1459,356.666,4.0,23,80.0,4.661,0.82,us,14.93,9.407,0.119,19
50.173,159.0513,10.0,5.2,122,129.0,2.865,0.97,us,6.54,1.796,0.049,141
-20.4745,-175.3687,173.019,4.9,26,104.0,5.309,1.35,us,14.9,13.978,0.109,26
50.2468,158.3374,10.0,4.4,26,133.0,2.787,0.71,us,6.38,1.927,0.12,20
-5.2813,68.5664,10.0,4.6,28,85.0,4.404,0.92,us,11.42,1.895,0.132,17
52.9886,161.1133,10.0,4.3,49,120.0,1.489,0.68,us,9.86,1.899,0.079,45
51.3017,159.834,10.0,4.5,61,128.0,1.872,0.72,us,9.02,1.889,0.075,53
-19.7029,-177.3837,375.794,4.0,44,93.0,7.065,1.11,us,7.54,8.915,0.086,36
-35.1947,-179.3481,10.0,4.2,22,235.0,3.027,1.01,us,12.29,1.992,0.147,13
51.8831,159.094,66.013,4.7,44,119.0,1.174,0.68,us,9.99,7.488,0.092,36
51.2616,159.3019,10.0,4.3,40,134.0,1.81,0.63,us,11.05,1.922,0.104,26
51.9101,159.9668,35.0,4.5,29,130.0,1.833,0.72,us,14.13,1.982,0.115,22
-55.4084,-123.4515,10.0,4.2,14,110.0,32.378,0.43,us,12.52,1.901,0.153,13
-23.9974,-66.862,199.784,4.5,28,69.0,1.595,0.83,us,10.64,8.5,0.119,21
-5.0038,144.2892,91.934,4.3,20,75.0,4.349,1.14,us,7.42,10.056,0.132,16
-7.5002,127.8101,165.544,4.3,26,69.0,3.618,0.68,us,10.05,9.725,0.142,16
-3.841,126.8355,9.962,4.3,22,51.0,4.218,0.83,us,7.18,3.812,0.153,14
-24.2567,-66.9839,161.926,4.8,63,38.0,2.536,1.0,us,7.19,7.007,0.032,294
52.3165,161.5162,10.0,4.2,43,164.0,1.883,0.55,us,12.88,1.955,0.092,33
34.5308,7.4845,10.0,4.3,19,195.0,1.94,0.5,us,9.42,1.964,0.2,7
49.2759,158.6892,10.0,4.4,44,130.0,3.753,0.66,us,10.1,1.915,0.095,32
12.5946,144.281,35.0,4.5,21,165.0,1.142,0.84,us,11.87,1.983,0.15,13
9.9404,-70.8134,10.0,4.6,85,52.0,1.064,0.67,us,6.6,1.889,0.07,61
51.2523,159.2584,10.0,4.8,83,122.0,1.813,1.01,us,8.64,1.875,0.036,232
-61.2585,-35.6231,10.0,4.5,18,83.0,7.01,0.73,us,12.2,1.924,0.135,19
40.5884,141.9801,56.25,4.1,20,155.0,0.724,1.17,us,5.87,8.462,0.158,11
39.6555,143.4472,10.0,4.5,64,130.0,2.147,1.14,us,7.14,1.901,0.079,47
52.4238,-169.5357,39.206,3.7,27,176.0,0.688,0.98,us,6.94,8.836,0.126,16
-3.2928,140.7137,48.87,4.0,12,168.0,0.773,0.53,us,9.26,19.11,0.173,9
52.2937,158.6507,10.0,4.5,87,133.0,0.731,0.62,us,7.09,1.867,0.058,87
-2.9308,129.5978,20.9,4.5,33,86.0,2.641,0.55,us,8.06,5.7,0.106,26
53.0767,161.0744,30.492,4.6,37,181.0,1.465,1.04,us,14.2,8.512,0.098,31
-16.544,-71.6485,91.267,4.3,30,137.0,2.204,1.05,us,10.47,8.236,0.102,27
41.4963,143.0188,45.008,4.0,53,134.0,0.528,0.56,us,7.36,8.415,0.092,33
-16.814,-177.4186,414.293,4.5,78,122.0,3.096,0.72,us,10.51,6.556,0.05,116
-19.9038,-175.434,125.493,4.3,24,95.0,5.259,0.78,us,14.43,8.699,0.125,18
36.532,70.3696,194.836,4.0,34,89.0,2.251,0.42,us,4.0,10.51,0.172,10
44.0449,147.0617,128.652,4.4,64,177.0,3.221,0.65,us,11.78,9.994,0.073,54
-7.371,129.596,62.959,4.3,10,138.0,5.151,0.33,us,14.02,9.078,0.177,9
30.9115,77.3908,15.386,4.4,39,119.0,7.829,0.82,us,14.28,4.824,0.108,25
52.3181,160.0639,35.0,4.4,34,122.0,1.114,0.7,us,5.99,1.873,0.103,27
17.1574,-95.3058,67.199,4.2,71,84.0,0.727,0.82,us,4.2,10.215,0.055,92
-22.8304,-177.7355,390.205,4.1,13,166.0,6.42,0.31,us,19.46,6.731,0.12,21
-17.2422,-172.731,10.0,4.5,21,130.0,3.438,0.94,us,13.14,1.907,0.136,16
49.8707,157.7339,10.0,4.8,106,134.0,3.209,0.75,us,10.52,1.889,0.056,100
-18.6471,65.3925,10.0,4.7,55,73.0,2.206,0.69,us,11.95,1.874,0.082,45
-20.6707,-175.1802,97.824,4.6,17,146.0,5.192,0.39,us,11.85,16.167,0.128,18
-4.6583,125.1727,521.228,4.3,19,73.0,2.436,0.55,us,14.82,9.922,0.16,11
51.3112,160.9169,10.0,4.2,32,130.0,2.211,0.94,us,8.21,1.83,0.11,23
51.1013,158.6547,36.964,4.4,49,128.0,1.925,0.71,us,10.42,7.616,0.082,43
51.727,159.6954,31.565,4.9,56,126.0,1.448,1.04,us,9.69,5.666,0.082,46
6.131,126.5569,87.865,4.3,25,115.0,1.347,0.95,us,6.49,7.75,0.147,15
17.5228,145.6669,223.677,4.2,38,145.0,2.272,0.68,us,8.12,10.733,0.103,27
6.2295,127.0704,35.0,4.6,56,93.0,1.7,0.86,us,8.24,1.925,0.079,48
52.5708,160.764,10.0,4.3,25,166.0,1.361,0.75,us,11.37,1.968,0.119,20
8.9149,-82.9581,10.0,4.4,19,209.0,1.32,0.92,us,9.54,1.998,0.143,14
52.7787,160.924,10.0,4.6,74,119.0,1.399,0.95,us,6.06,1.744,0.063,75
-22.9075,-68.7146,98.798,4.2,20,65.0,0.496,0.78,us,4.69,6.047,0.176,9
-0.1362,123.7299,131.251,4.1,33,72.0,1.314,1.09,us,7.65,7.878,0.103,27
39.4839,143.3279,10.0,4.2,16,203.0,2.17,0.94,us,6.59,1.98,0.2,7
31.5172,-115.6079,5.0,4.2,39,86.0,0.477,1.26,us,1.46,1.846,0.091,34
13.09,-88.6169,78.191,4.6,70,142.0,0.473,0.7,us,7.59,6.649,0.05,122
49.4127,156.648,10.0,4.4,25,138.0,3.759,1.24,us,10.69,1.912,0.12,20
53.0676,159.674,59.216,4.3,64,163.0,0.62,0.75,us,13.22,8.958,0.075,50
13.2924,50.0635,10.0,4.2,13,142.0,7.264,0.66,us,9.72,1.945,0.199,7
50.3541,157.2101,35.0,4.4,35,131.0,2.775,1.34,us,9.36,1.936,0.13,17
7.0369,-82.1321,10.0,4.5,60,148.0,2.47,0.76,us,12.43,1.928,0.076,51
51.7281,159.4201,58.703,4.4,32,126.0,1.381,0.87,us,9.95,8.064,0.11,24
22.9851,63.5117,10.0,4.1,21,146.0,6.962,0.51,us,14.55,1.955,0.135,15
34.8374,32.4318,10.0,4.4,28,124.0,0.749,0.68,us,4.75,1.867,0.144,14
53.1638,160.0687,43.696,4.2,26,137.0,0.867,0.68,us,11.96,5.222,0.128,17
14.2339,-93.3683,30.717,4.1,27,196.0,1.497,1.31,us,7.64,9.909,0.12,19
-29.7222,-176.6496,10.0,4.6,18,208.0,8.876,1.18,us,15.04,1.964,0.141,16
-2.2446,100.6998,69.668,4.3,19,196.0,3.08,0.52,us,5.04,10.741,0.154,12
54.551,-160.1022,35.174,3.5,65,194.0,0.409,0.9,us,4.33,18.875,0.174,9
18.1139,145.4741,297.607,4.0,38,117.0,2.873,0.56,us,14.65,9.972,0.093,31
49.8397,155.7456,80.711,4.5,63,134.0,3.493,0.42,us,10.79,7.544,0.05,120
55.175,-163.2969,189.104,3.8,46,133.0,0.827,0.74,us,5.42,7.825,0.161,10
35.5524,140.0125,97.369,4.3,32,106.0,1.764,0.69,us,5.73,8.516,0.125,18
-32.1142,-70.0243,116.655,4.2,32,94.0,0.786,0.68,us,5.32,6.149,0.167,10
51.211,158.8515,35.0,4.6,57,129.0,1.819,0.49,us,9.73,1.921,0.105,27
52.1396,160.3689,26.619,5.0,45,177.0,1.372,0.88,us,11.44,7.295,0.055,106
9.3633,93.9614,40.127,5.0,54,69.0,5.064,0.91,us,10.29,5.366,0.091,38
-17.9161,-178.2736,609.741,4.3,63,100.0,2.668,0.93,us,15.2,10.902,0.072,55
52.1755,-171.4797,52.053,3.9,71,171.0,1.133,0.86,us,7.28,9.203,0.063,67
53.1542,159.433,70.641,4.2,111,157.0,0.49,0.72,us,11.88,7.423,0.054,99
51.5273,161.0624,10.0,4.7,41,191.0,2.108,0.64,us,9.05,1.95,0.036,229
12.9202,144.9144,46.114,4.2,18,102.0,2.452,0.4,us,12.74,9.707,0.166,10
-5.7047,130.9092,81.802,4.2,16,120.0,3.073,0.54,us,10.62,7.329,0.216,6
51.1565,178.5551,18.812,4.7,145,140.0,0.519,0.64,us,4.86,4.585,0.05,124
13.8426,144.8408,151.627,4.2,18,91.0,0.253,0.57,us,12.13,4.836,0.159,11
-56.4038,-23.9267,10.0,4.3,25,73.0,7.471,0.7,us,13.73,1.86,0.169,13
52.0422,160.4615,10.0,4.1,50,135.0,1.48,0.62,us,9.95,1.835,0.086,37
73.2029,6.4369,10.0,4.1,14,88.0,5.893,0.35,us,5.5,1.935,0.198,7
18.3943,-102.3794,10.0,4.3,48,203.0,1.655,1.01,us,8.11,1.951,0.058,84
2.4651,126.7563,48.141,4.5,38,104.0,2.588,0.88,us,10.74,7.63,0.107,26
52.6444,160.7219,10.0,4.5,38,119.0,1.313,0.81,us,9.49,1.9,0.118,21
40.4693,141.9773,66.932,4.4,17,158.0,0.765,1.01,us,6.93,7.617,0.179,9
-30.8453,-71.233,59.005,4.5,53,105.0,0.386,0.77,us,4.26,4.29,0.125,19
-6.1493,124.299,619.672,4.3,71,29.0,1.979,0.93,us,9.44,6.272,0.079,46
43.4728,147.9039,44.501,4.4,41,134.0,3.787,0.54,us,12.98,8.205,0.088,37
5.7018,61.5557,10.0,4.4,27,107.0,23.515,0.75,us,14.86,1.93,0.13,19
-24.7514,-176.3688,35.0,4.7,22,131.0,4.687,0.7,us,8.01,1.931,0.108,26
-18.3571,-177.8011,636.988,4.4,38,94.0,3.284,0.68,us,11.28,10.139,0.088,37
51.2637,-178.4046,47.643,4.4,68,189.0,0.387,0.88,us,5.53,7.138,0.044,154
52.3443,160.6409,35.0,4.3,26,134.0,1.39,0.51,us,12.33,1.945,0.147,15
36.5231,70.6484,197.741,4.0,27,173.0,2.308,0.71,us,7.95,6.028,0.144,13
7.3945,126.8399,56.684,4.9,160,66.0,1.292,0.8,us,7.45,5.44,0.051,121
-56.3874,-27.8692,149.21,4.3,26,145.0,5.352,1.04,us,14.38,9.194,0.104,26
53.1752,171.4114,44.019,4.2,92,143.0,1.686,0.59,us,10.52,10.404,0.061,75
3.9256,95.869,55.638,4.9,75,138.0,1.682,0.67,us,6.81,6.286,0.054,107
19.8034,121.1294,31.607,4.4,56,112.0,3.0,0.58,us,9.65,6.221,0.091,35
4.6048,125.008,10.0,4.9,69,45.0,0.486,0.63,us,3.43,1.85,0.07,65
-7.4124,130.6464,22.162,4.3,20,120.0,2.964,1.14,us,8.84,5.368,0.154,12
51.6123,160.2771,10.0,4.1,18,218.0,1.731,0.79,us,5.07,1.992,0.14,14
-24.0586,-111.5597,10.0,4.4,24,84.0,3.656,1.1,us,14.44,1.544,0.143,16
39.3658,143.4878,39.126,4.3,23,134.0,2.34,0.85,us,4.24,7.647,0.153,13
-55.2178,-29.0227,10.0,4.9,36,68.0,4.425,0.87,us,9.09,1.658,0.094,35
-8.5712,111.0566,117.464,4.1,20,91.0,1.631,0.48,us,5.87,8.559,0.175,10
29.1121,129.2889,10.0,4.5,16,129.0,2.439,0.74,us,7.85,1.919,0.205,7
51.36,159.716,10.0,4.9,103,111.0,2.146,0.81,us,8.43,1.848,0.058,94
53.1151,160.9712,10.0,4.3,26,145.0,1.404,0.56,us,10.26,1.943,0.133,16
5.0984,123.5765,569.866,4.3,60,39.0,1.93,0.65,us,11.76,8.87,0.083,41
41.192,78.5358,10.0,4.8,69,94.0,1.311,0.81,us,6.08,1.864,0.054,104
51.133,160.2137,10.0,4.9,30,138.0,2.125,0.68,us,11.17,1.916,0.161,12
21.4488,96.0769,10.0,4.3,20,112.0,1.108,0.49,us,6.23,1.931,0.201,7
49.7989,156.4616,36.975,5.4,80,101.0,3.403,0.86,us,7.18,5.039,0.023,641
51.2337,-177.6055,43.339,3.8,34,224.0,0.66,0.82,us,9.41,19.73,0.088,33
16.3022,-59.6409,10.0,4.5,50,150.0,1.36,0.76,us,7.18,1.919,0.104,27
-57.0537,-68.6834,10.0,4.4,14,154.0,2.207,0.58,us,10.49,1.873,0.19,8
37.8913,144.1022,10.0,4.3,29,156.0,3.731,0.48,us,10.23,1.935,0.142,14
-58.8466,-25.3979,35.0,4.5,23,100.0,31.393,0.43,us,14.68,1.935,0.125,19
37.7919,144.1058,11.08,4.9,97,88.0,3.811,0.69,us,8.37,4.429,0.046,146
51.545,159.557,35.0,5.1,177,124.0,1.582,0.53,us,9.25,1.903,0.028,405
51.5818,159.0347,58.331,4.6,43,137.0,1.463,0.96,us,11.3,7.699,0.093,34
51.6328,159.5252,10.0,4.5,33,126.0,1.493,0.45,us,6.26,1.902,0.089,40
51.5711,159.8421,10.0,4.2,29,127.0,1.628,1.04,us,9.34,1.904,0.121,22
-14.1982,-14.3764,10.0,5.0,35,74.0,6.226,0.73,us,6.91,1.859,0.075,57
-59.7085,-22.5681,15.076,4.6,22,107.0,14.378,0.33,us,15.21,4.708,0.136,16
51.3729,160.9167,10.0,4.2,43,129.0,2.163,0.63,us,8.73,1.906,0.089,35
51.1442,159.5663,10.0,4.6,76,123.0,1.965,0.96,us,8.74,1.897,0.068,65
-8.4181,111.0823,108.805,4.3,40,63.0,1.501,0.65,us,11.25,1.755,0.116,24
1.5341,127.1321,132.062,5.1,70,86.0,3.581,0.75,us,6.36,6.255,0.073,61
-22.2016,-68.8202,120.811,4.5,46,45.0,0.562,1.04,us,3.56,4.877,0.096,32
-23.4037,-179.9567,548.13,4.1,15,198.0,5.931,0.37,us,21.51,15.777,0.127,17
52.1658,160.4818,10.0,5.0,62,118.0,1.409,1.38,us,9.05,1.88,0.052,119
51.6923,159.1684,10.0,4.7,70,135.0,1.371,0.68,us,10.14,1.908,0.074,55
12.9323,145.4073,10.0,4.4,43,117.0,0.838,0.42,us,4.7,1.919,0.093,33
53.4523,161.6778,26.164,4.5,81,78.0,1.87,0.77,us,8.3,5.157,0.059,84
-5.5903,148.9087,187.15,4.3,81,68.0,3.528,0.72,us,8.68,7.193,0.062,74
53.5974,161.4502,35.0,4.2,20,184.0,1.776,0.76,us,8.7,1.983,0.159,12
-5.9523,122.5618,10.0,4.4,22,113.0,1.05,0.49,us,3.69,1.918,0.127,18
52.2371,160.42,10.0,4.3,18,152.0,1.336,1.14,us,6.58,1.945,0.153,12
52.5869,160.6429,10.0,4.9,69,118.0,1.286,0.64,us,7.53,1.483,0.056,99
49.9265,156.5318,69.127,4.9,144,96.0,3.269,0.79,us,10.1,6.215,0.044,165
60.6116,-139.8259,5.0,3.7,44,65.0,0.559,1.26,us,2.44,1.33,0.225,5
51.5212,160.458,10.0,4.5,34,128.0,1.87,0.69,us,4.33,1.907,0.111,24
9.5346,-40.5662,10.0,4.4,24,76.0,12.758,0.48,us,10.71,1.569,0.124,19
-14.5332,167.1765,145.681,4.2,17,279.0,0.909,0.83,us,15.56,7.342,0.159,12
-29.7682,-71.3894,68.03,4.3,22,176.0,0.199,0.34,us,5.08,6.304,0.266,4
2.7818,128.5872,222.675,4.3,28,131.0,3.657,0.43,us,14.9,9.552,0.119,20
51.8363,160.0254,27.55,4.9,212,88.0,1.91,1.1,us,7.09,4.697,0.04,197
54.4343,165.77,10.0,4.6,91,103.0,4.458,0.59,us,9.73,1.875,0.052,111
-47.7996,115.9578,10.0,4.6,37,128.0,14.887,0.4,us,13.08,1.914,0.095,33
28.4689,53.207,10.0,4.3,36,65.0,4.416,0.6,us,7.74,1.901,0.122,19
39.6264,141.9049,65.91,4.2,46,135.0,1.328,0.72,us,6.33,8.008,0.098,29
-15.0042,-173.5269,10.0,4.1,10,178.0,2.965,0.45,us,13.94,1.896,0.185,8
-2.5868,139.5463,38.597,4.6,20,88.0,1.158,0.55,us,6.59,2.978,0.146,14
54.466,-159.8209,22.654,4.4,49,174.0,0.39,0.91,us,5.18,6.661,0.117,21
53.1244,161.5648,24.129,4.6,92,104.0,1.761,0.84,us,8.71,5.149,0.063,75
50.0516,157.4532,35.0,5.1,82,102.0,3.065,1.01,us,8.77,1.579,0.023,633
9.0645,-81.4596,10.0,4.5,48,113.0,1.605,0.85,us,5.88,1.91,0.11,24
52.0669,159.1758,55.85,4.1,49,134.0,1.01,0.64,us,10.48,7.647,0.075,49
41.0148,142.6678,51.628,4.5,64,134.0,1.065,0.67,us,6.32,7.375,0.071,58
11.9988,-89.3955,10.0,4.2,20,209.0,1.761,0.88,us,6.94,1.991,0.146,13
51.3484,159.7882,13.223,4.6,82,128.0,2.181,0.88,us,8.86,4.936,0.067,67
51.4546,159.6703,21.068,4.3,19,137.0,1.692,0.92,us,12.57,6.549,0.119,22
7.3002,127.1685,10.0,4.8,60,66.0,1.594,1.07,us,6.69,1.868,0.078,50
52.6349,160.2711,41.188,4.0,12,137.0,1.058,0.74,us,10.85,9.091,0.211,6
-15.7533,-72.6556,10.0,4.4,13,124.0,3.416,0.46,us,8.75,1.972,0.17,10
30.8997,136.0842,10.0,4.2,25,69.0,3.386,0.45,us,8.01,1.917,0.16,11
54.9209,-161.064,52.377,3.7,32,160.0,0.515,0.48,us,3.58,9.792,0.251,4
52.2757,160.5521,10.0,4.3,38,155.0,1.38,1.11,us,9.63,1.939,0.099,29
-24.5799,-175.2369,10.0,4.5,17,210.0,9.241,0.84,us,12.62,1.948,0.144,14
-20.7731,-174.2402,10.0,4.6,21,141.0,4.395,0.9,us,8.85,1.943,0.122,20
51.5824,-173.8195,40.436,4.2,79,141.0,0.663,0.83,us,5.59,7.389,0.056,87
51.1389,159.7792,10.0,4.3,17,129.0,2.012,1.17,us,9.28,1.933,0.168,10
50.3954,159.7703,10.0,4.1,41,134.0,2.722,0.64,us,9.06,1.849,0.079,45
-25.2274,-175.3988,10.0,4.7,21,76.0,9.62,0.57,us,12.44,1.913,0.134,23
-21.9912,-68.7137,117.67,4.3,27,64.0,0.527,0.93,us,5.51,4.761,0.16,11
51.3831,159.6595,10.0,4.9,60,128.0,1.756,0.8,us,7.84,1.818,0.057,98
31.4156,99.7785,10.0,4.3,18,228.0,5.582,0.71,us,8.44,2.008,0.161,11
2.7963,-31.1245,10.0,4.4,38,84.0,9.805,1.0,us,12.82,1.894,0.092,34
51.2096,157.753,75.999,4.2,39,123.0,1.899,0.82,us,10.45,8.125,0.108,24
51.6325,159.969,25.971,4.5,35,127.0,2.03,0.8,us,9.91,6.015,0.099,30
51.1507,159.343,10.0,4.3,34,185.0,1.924,1.39,us,11.62,1.983,0.107,25
-11.9882,167.8248,332.414,4.2,25,126.0,3.491,0.56,us,15.19,10.048,0.124,18
37.2862,141.1785,25.551,4.6,55,142.0,2.493,0.67,us,9.0,6.355,0.083,43
52.8888,160.1938,35.0,4.4,33,137.0,0.944,0.38,us,11.5,1.952,0.123,19
9.3115,94.1776,10.0,4.4,31,118.0,5.406,0.65,us,12.39,1.903,0.117,21
59.8337,-30.0607,10.0,4.5,40,104.0,6.391,0.66,us,9.58,1.905,0.101,30
-5.4704,145.8681,84.532,4.2,14,197.0,4.113,0.79,us,13.05,12.929,0.167,10
-20.3516,-177.8071,524.156,4.4,35,124.0,4.693,0.59,us,14.0,8.009,0.103,28
72.4889,3.0994,10.0,4.4,91,62.0,3.95,0.76,us,4.82,1.879,0.061,83
-10.7082,113.9842,10.0,4.5,28,116.0,2.23,0.56,us,7.65,1.911,0.124,19
39.2303,28.1113,10.0,4.2,29,57.0,0.951,1.24,us,3.14,1.911,0.263,6
-57.0609,-67.3268,10.0,4.4,28,144.0,2.141,0.76,us,10.26,1.943,0.118,22
30.6523,107.094,13.2,4.5,23,117.0,6.005,0.23,us,12.9,3.996,0.145,14
-6.1946,130.5084,115.071,4.3,19,120.0,1.767,0.69,us,10.48,8.774,0.168,10
-55.1456,-26.382,10.0,4.6,31,177.0,5.921,0.73,us,13.96,1.906,0.109,25
-21.361,-179.4138,600.638,4.4,80,101.0,4.318,0.79,us,12.48,9.196,0.06,80
13.4243,-92.402,10.0,4.6,44,233.0,1.396,0.98,us,10.16,1.985,0.036,227
53.8437,160.997,37.762,4.7,157,100.0,1.627,0.71,us,8.74,6.559,0.045,150
52.6369,160.1565,35.0,4.4,28,121.0,0.993,0.91,us,10.71,1.948,0.138,15
32.25,142.1296,10.0,4.6,53,138.0,2.135,0.82,us,6.83,1.842,0.093,34
51.2138,159.782,10.0,4.1,16,306.0,1.942,0.83,us,15.63,2.005,0.166,10
51.9413,-173.6963,40.976,3.8,50,113.0,0.404,1.02,us,6.29,6.605,0.111,21
-20.347,-178.4716,600.131,4.8,84,38.0,4.184,0.7,us,11.48,5.876,0.03,349
-18.1459,-178.145,571.372,4.0,25,86.0,2.896,0.82,us,9.71,10.414,0.119,19
13.8349,-92.9186,10.0,4.1,62,162.0,1.505,0.85,us,6.54,1.958,0.08,43
10.9351,141.9682,10.0,4.1,20,147.0,3.872,0.57,us,7.15,1.902,0.151,14
-5.6401,152.468,10.0,4.3,22,167.0,1.471,0.73,us,6.54,1.952,0.133,16
4.7394,97.0968,13.532,4.2,16,169.0,0.508,0.68,us,5.84,5.606,0.167,10
2.9435,65.1877,10.0,4.2,16,73.0,12.584,0.59,us,12.9,1.919,0.167,10
-59.8786,-27.8994,182.868,4.3,29,86.0,7.3,0.69,us,13.62,9.251,0.097,30
-5.8578,152.5154,10.0,4.1,18,194.0,1.692,0.44,us,7.97,1.743,0.145,13
-20.68,-178.7574,607.093,4.2,25,134.0,4.196,0.46,us,14.66,8.616,0.118,20
52.9133,160.8139,10.0,4.4,31,137.0,1.313,0.51,us,7.33,1.914,0.126,18
51.7587,-166.8579,10.0,3.7,29,193.0,1.725,0.46,us,6.83,1.965,0.11,21
50.883,157.5496,59.041,4.1,29,144.0,2.231,1.23,us,12.86,8.829,0.12,19
-5.9877,150.798,35.0,4.1,16,149.0,2.244,0.6,us,8.01,1.718,0.175,10
51.4984,159.2461,35.0,5.2,55,124.0,1.571,0.7,us,9.49,1.935,0.086,45
39.7352,143.4931,10.0,4.6,57,132.0,2.136,0.67,us,8.37,1.901,0.088,38
9.2684,93.9307,10.0,4.5,45,72.0,5.006,0.4,us,10.61,1.866,0.09,36
39.6231,143.2121,10.0,4.7,39,178.0,2.015,0.59,us,7.13,1.925,0.106,27
16.5347,-59.5172,10.0,4.5,43,217.0,1.493,0.79,us,7.99,1.958,0.109,25
39.7195,143.2649,36.166,4.7,79,130.0,1.994,0.66,us,7.29,7.009,0.062,80
36.4893,53.2719,10.0,4.0,23,145.0,4.126,0.94,us,9.2,1.959,0.164,11
-18.7187,-174.7279,87.54,4.7,71,54.0,4.559,0.52,us,11.0,3.383,0.06,85
1.1255,96.9883,10.0,4.4,41,180.0,2.483,0.47,us,10.18,1.946,0.098,30
-17.9796,-178.1142,625.955,4.3,39,122.0,2.83,0.74,us,15.82,9.578,0.093,33
-11.9507,166.1349,60.32,4.5,53,153.0,6.573,0.68,us,11.58,7.673,0.078,50
52.1637,160.6701,21.891,4.6,59,135.0,1.503,1.06,us,11.65,5.948,0.072,58
-21.1444,-68.6911,117.987,4.6,37,71.0,0.75,1.02,us,5.66,5.85,0.071,59
39.8236,143.2817,40.083,4.8,58,133.0,1.951,0.58,us,7.04,6.198,0.058,91
51.7945,158.4856,55.333,4.6,18,138.0,1.235,0.87,us,11.68,7.851,0.128,18
-8.9158,159.4658,126.627,4.0,15,120.0,0.704,0.54,us,14.18,5.639,0.149,12
12.1522,-86.4944,162.058,4.3,22,145.0,0.241,0.42,us,9.5,7.237,0.153,12
51.9723,160.5938,10.0,4.5,14,148.0,1.588,0.71,us,13.18,1.958,0.156,12
52.2614,160.3235,10.0,4.8,78,123.0,1.274,0.86,us,9.17,1.892,0.05,125
2.3547,127.2403,104.912,4.3,31,144.0,1.577,0.81,us,6.96,7.92,0.094,32
-44.3879,-81.819,10.0,4.7,33,142.0,7.007,0.98,us,12.77,1.916,0.095,34
51.2039,-173.9997,10.0,3.7,53,190.0,1.007,1.02,us,5.09,1.91,0.091,31
31.8711,142.0682,10.0,4.3,22,148.0,2.273,0.44,us,4.6,1.916,0.169,10
51.7367,160.0649,25.745,4.2,26,138.0,1.553,0.9,us,10.76,6.744,0.132,16
18.8501,145.7151,201.514,4.7,96,84.0,3.59,0.82,us,9.99,7.219,0.031,317
-59.3645,-25.6066,35.0,4.7,22,174.0,7.841,0.93,us,14.73,1.981,0.126,20
51.5494,159.4998,35.0,5.0,15,192.0,1.566,0.53,us,13.03,1.997,0.179,10
36.9448,71.253,194.25,4.2,52,97.0,1.68,0.76,us,7.46,6.771,0.082,41
52.5009,160.346,35.0,5.2,84,96.0,1.156,1.25,us,8.68,1.86,0.033,294
10.9009,123.9271,10.0,5.0,62,51.0,4.142,0.82,us,10.52,1.874,0.072,62
33.9261,87.7533,10.0,5.1,74,81.0,5.096,0.78,us,7.91,1.803,0.051,125
51.1257,158.7013,35.0,4.9,103,122.0,1.901,0.65,us,7.92,1.91,0.034,270
-6.5808,129.754,143.866,4.4,12,113.0,2.05,0.49,us,12.56,9.408,0.179,9
33.1397,131.1214,9.817,4.9,114,69.0,1.721,0.57,us,6.45,4.225,0.059,90
-9.0199,-79.0454,72.731,5.0,66,61.0,3.659,0.57,us,11.54,5.319,0.031,338
14.8139,54.8332,10.0,4.9,72,97.0,10.111,0.63,us,10.55,1.896,0.072,60
-7.6002,127.5424,160.405,4.3,24,70.0,5.352,0.63,us,7.2,7.787,0.119,20
51.2532,159.238,28.854,4.5,34,124.0,1.81,0.97,us,9.25,6.153,0.113,23
8.4092,-103.1554,10.0,4.4,150,203.0,10.136,0.61,us,13.59,1.951,0.045,142
51.3134,159.5724,10.0,4.4,27,125.0,1.804,1.15,us,9.91,1.922,0.13,17
52.6337,160.3406,47.972,4.2,19,164.0,1.098,0.67,us,11.44,9.916,0.159,12
-16.0973,-173.7617,188.553,4.1,23,119.0,2.897,0.78,us,11.19,13.421,0.124,18
-2.1181,139.0391,35.0,4.8,59,56.0,1.018,0.79,us,5.81,1.848,0.097,41
9.1991,126.085,102.632,4.4,38,131.0,2.174,0.88,us,11.08,8.655,0.105,26
29.314,130.5112,38.92,4.3,32,128.0,2.189,0.99,us,8.3,3.609,0.119,20
39.5125,143.5374,10.0,4.3,23,174.0,2.284,0.52,us,8.87,1.968,0.178,9
-10.4808,124.6142,10.0,4.4,12,136.0,0.798,1.24,us,8.72,1.774,0.204,7
73.5133,7.972,10.0,4.3,42,94.0,5.115,0.81,us,5.74,1.874,0.078,47
-16.403,66.7785,10.0,4.4,12,92.0,11.752,0.7,us,15.07,1.874,0.203,7
51.0445,157.1213,70.239,4.6,89,133.0,2.097,0.62,us,10.96,7.083,0.037,224
-3.7996,118.683,10.0,4.2,25,95.0,1.336,1.01,us,6.89,1.901,0.141,14
0.8,96.8472,10.0,4.1,16,193.0,0.884,0.54,us,7.5,1.114,0.197,7
52.2214,158.6541,73.695,4.8,61,115.0,0.803,0.78,us,8.09,6.434,0.039,207
52.3541,160.9316,10.0,5.0,164,87.0,1.542,0.86,us,8.97,1.875,0.036,252
16.7087,120.3902,71.961,4.6,49,107.0,6.112,1.05,us,10.38,4.287,0.075,53
-18.5747,-177.7867,607.527,4.3,28,120.0,3.422,0.74,us,14.65,9.821,0.116,21
51.7982,157.6924,10.0,4.5,18,200.0,1.312,0.53,us,9.07,1.959,0.14,15
-37.4133,178.6202,43.92,5.0,45,131.0,0.29,1.06,us,8.28,4.977,0.092,38
40.4567,77.3601,10.0,4.4,52,132.0,1.315,0.94,us,4.83,1.872,0.103,27
34.4561,25.0526,49.608,4.2,40,112.0,2.045,0.9,us,9.83,8.25,0.074,51
29.2136,129.5771,10.0,4.9,118,85.0,2.41,0.42,us,5.69,1.864,0.054,109
51.537,161.154,10.0,4.4,46,128.0,2.141,0.89,us,9.37,1.912,0.089,36
50.9418,158.6839,35.0,4.5,28,227.0,2.085,0.44,us,12.92,1.981,0.145,15
49.2429,156.3237,36.446,4.9,66,134.0,3.966,0.94,us,9.88,7.13,0.043,172
-35.0762,-107.1542,10.0,5.0,99,151.0,8.141,0.37,us,12.82,1.891,0.045,161
-15.0234,166.8953,16.728,4.4,21,126.0,0.515,0.57,us,7.27,5.846,0.138,16
50.0183,157.3638,10.0,4.4,44,164.0,3.101,0.68,us,7.08,1.867,0.097,31
51.6749,-176.7088,54.591,4.5,132,126.0,0.266,1.07,us,5.11,4.981,0.033,275
7.8181,127.0853,25.599,4.4,23,115.0,1.669,0.46,us,10.18,4.973,0.13,17
25.4001,141.1153,147.669,4.6,36,118.0,1.942,0.63,us,10.43,7.372,0.078,49
51.6023,159.5305,10.0,4.8,78,126.0,1.523,0.69,us,7.63,1.864,0.057,97
-10.5971,120.1706,10.0,4.2,26,83.0,0.931,0.92,us,4.68,1.896,0.136,15
55.3756,166.5158,10.0,4.7,67,119.0,5.184,0.56,us,11.28,1.911,0.039,200
-1.6753,123.8813,10.0,4.5,31,57.0,1.275,1.36,us,6.02,1.913,0.14,15
41.7454,88.5827,10.0,4.9,105,81.0,6.3,0.58,us,8.19,1.779,0.07,64
52.6078,160.3815,38.482,4.8,99,127.0,1.13,0.75,us,10.83,6.964,0.053,111
0.2625,122.0601,180.452,4.8,52,97.0,2.991,0.53,us,8.11,5.829,0.072,61
-29.7141,-13.6047,10.0,4.6,27,79.0,27.369,0.96,us,5.83,1.869,0.114,23
-25.0496,-68.7605,93.553,4.4,30,71.0,0.761,0.7,us,7.64,6.486,0.124,19
-54.0562,-133.4096,10.0,4.5,12,150.0,29.78,0.75,us,11.9,1.865,0.171,10
-47.7943,115.8814,10.0,4.5,17,128.0,14.885,0.67,us,9.59,1.921,0.144,14
49.5624,158.5308,10.0,4.6,51,136.0,3.467,0.68,us,6.79,1.852,0.082,44
52.9581,161.1012,10.0,4.4,22,212.0,1.483,1.12,us,9.68,2.0,0.115,22
-57.7122,157.7679,10.0,5.0,53,51.0,3.288,0.68,us,12.21,1.802,0.085,44
52.8965,160.1036,50.853,4.3,49,134.0,0.888,0.76,us,11.51,3.472,0.082,42
9.3711,127.1373,10.0,4.2,17,105.0,2.758,0.57,us,10.42,1.913,0.152,12
-3.7962,144.6459,10.0,4.2,16,98.0,3.227,0.62,us,9.27,1.932,0.167,10
